{
"type": "FeatureCollection",
"name": "chigasaki_bus_route",
"crs": { "type": "name", "properties": { "name": "urn:ogc:def:crs:EPSG::6668" } },
"features": [
{ "type": "Feature", "properties": { "N07_001": "神奈川中央交通（株）", "N07_002": null, "index_right": 880 }, "geometry": { "type": "LineString", "coordinates": [ [ 139.42389284571243, 35.347868032994839 ], [ 139.425098418116931, 35.347589545059833 ], [ 139.426154265015839, 35.347367427244912 ], [ 139.42642843512894, 35.347331340629353 ], [ 139.426507046674232, 35.347209693763737 ], [ 139.426598158529345, 35.347126654469321 ], [ 139.426620658767689, 35.347117768259679 ], [ 139.426937884609117, 35.347053076823244 ], [ 139.427290944253059, 35.347006719203748 ], [ 139.427553169444423, 35.346969798228564 ], [ 139.42779067359487, 35.347126742456545 ], [ 139.427870674834026, 35.347155078505523 ], [ 139.42794928687016, 35.347146196419374 ], [ 139.428359569080669, 35.347062624928107 ], [ 139.428665961514014, 35.347034317315313 ], [ 139.428776796113652, 35.347023493343514 ] ] } },
{ "type": "Feature", "properties": { "N07_001": "神奈川中央交通（株）", "N07_002": null, "index_right": 880 }, "geometry": { "type": "LineString", "coordinates": [ [ 139.420098385610544, 35.348987306317284 ], [ 139.420585602224037, 35.348839035898436 ], [ 139.421303094725005, 35.348608018187129 ], [ 139.421359483241105, 35.348552752322135 ], [ 139.421404483238746, 35.348451380042299 ], [ 139.421438094171464, 35.348413887683272 ], [ 139.421984483022214, 35.348219513264198 ], [ 139.422098096054953, 35.348182304198801 ], [ 139.422450600997365, 35.348265376285816 ], [ 139.422609492466307, 35.34822844837057 ], [ 139.423848400607199, 35.347886083057269 ], [ 139.42389284571243, 35.347868032994839 ] ] } },
{ "type": "Feature", "properties": { "N07_001": "神奈川中央交通（株）", "N07_002": null, "index_right": 880 }, "geometry": { "type": "LineString", "coordinates": [ [ 139.432017944658895, 35.346869025975451 ], [ 139.43283712153783, 35.346887139730491 ], [ 139.432926844843649, 35.34688714631325 ], [ 139.433507130210643, 35.346914686062291 ], [ 139.434051859655966, 35.346941945505073 ], [ 139.434779347013745, 35.346998370694628 ], [ 139.434859344154006, 35.346998374650155 ], [ 139.434938507786853, 35.346989212827097 ], [ 139.435029614400179, 35.346933111909514 ], [ 139.435085445128948, 35.346905339708762 ], [ 139.435165719649092, 35.346887289953457 ], [ 139.435382100830935, 35.346887300653833 ], [ 139.435723478147025, 35.346914814746491 ], [ 139.436018190247296, 35.346933160793782 ], [ 139.436178187623256, 35.347081486991897 ], [ 139.436574286985945, 35.347202049899657 ], [ 139.436688450110637, 35.347230108252234 ], [ 139.437734524943522, 35.347304041351748 ], [ 139.437995626798227, 35.347313219994049 ], [ 139.438370334303073, 35.347248245116653 ], [ 139.43925669220593, 35.347304116593001 ], [ 139.439404464804056, 35.347313289632744 ], [ 139.43977417397727, 35.347331639377671 ] ] } },
{ "type": "Feature", "properties": { "N07_001": "神奈川中央交通（株）", "N07_002": null, "index_right": 880 }, "geometry": { "type": "LineString", "coordinates": [ [ 139.428776796113652, 35.347023493343514 ], [ 139.429325968973387, 35.346969928549058 ], [ 139.429801807789602, 35.3469416332875 ], [ 139.429973476436231, 35.346932757977235 ], [ 139.431086822622092, 35.346887011315786 ], [ 139.432017944658895, 35.346869025975451 ] ] } },
{ "type": "Feature", "properties": { "N07_001": "神奈川中央交通（株）", "N07_002": null, "index_right": 880 }, "geometry": { "type": "LineString", "coordinates": [ [ 139.43977417397727, 35.347331639377671 ], [ 139.441303286480036, 35.347405874083961 ], [ 139.441654105233198, 35.347275626897108 ], [ 139.441734102089782, 35.347257577132595 ], [ 139.441859097709056, 35.347266471296102 ], [ 139.442109366730591, 35.347285926133601 ], [ 139.442415467166654, 35.347313438466223 ], [ 139.442710456760466, 35.347332340014049 ], [ 139.442836842999924, 35.347480108998361 ], [ 139.442870453127796, 35.347498442126785 ], [ 139.442915729493194, 35.347516498082186 ], [ 139.442961561288627, 35.347526499329319 ], [ 139.443154332280074, 35.347544284823975 ], [ 139.443812919975699, 35.34759070153536 ], [ 139.44475677517184, 35.347656297053732 ] ] } },
{ "type": "Feature", "properties": { "N07_001": "神奈川中央交通（株）", "N07_002": null, "index_right": 880 }, "geometry": { "type": "LineString", "coordinates": [ [ 139.434143751049902, 35.368717699250112 ], [ 139.43400764374303, 35.368643527845755 ], [ 139.433893480757234, 35.36855130652873 ], [ 139.433769040222018, 35.368449363282444 ], [ 139.433644044659729, 35.368310481515941 ], [ 139.433360166208189, 35.367930230348129 ], [ 139.432916290755657, 35.367375542907581 ] ] } },
{ "type": "Feature", "properties": { "N07_001": "神奈川中央交通（株）", "N07_002": null, "index_right": 880 }, "geometry": { "type": "LineString", "coordinates": [ [ 139.436497274261995, 35.364833184198659 ], [ 139.436507551649555, 35.364811243688706 ], [ 139.436598659939762, 35.364579617624372 ], [ 139.436699766405155, 35.364403538815225 ], [ 139.436836146717297, 35.364292451481568 ], [ 139.436951417031537, 35.364208858796736 ], [ 139.437098628946643, 35.364144708998424 ], [ 139.437382219142989, 35.364079454599121 ], [ 139.43804133487626, 35.364061154972049 ], [ 139.438326312571206, 35.364070889091586 ], [ 139.438678784631378, 35.364107289087769 ], [ 139.439813694637024, 35.364246211148902 ], [ 139.440376983469037, 35.364315672365279 ] ] } },
{ "type": "Feature", "properties": { "N07_001": "神奈川中央交通（株）", "N07_002": null, "index_right": 880 }, "geometry": { "type": "LineString", "coordinates": [ [ 139.434214900408818, 35.366824961547337 ], [ 139.434518775666447, 35.366691117595302 ], [ 139.434824867030841, 35.366551712657191 ], [ 139.434961247886406, 35.3664500698764 ], [ 139.436098682509396, 35.365430848145145 ], [ 139.436211176033794, 35.365320593469448 ], [ 139.436415888305874, 35.365014262953387 ], [ 139.436497274261995, 35.364833184198659 ] ] } },
{ "type": "Feature", "properties": { "N07_001": "神奈川中央交通（株）", "N07_002": null, "index_right": 880 }, "geometry": { "type": "LineString", "coordinates": [ [ 139.431756015939101, 35.368506326870488 ], [ 139.431791293596461, 35.368449118244776 ], [ 139.431985182213594, 35.36813447084571 ], [ 139.432063793164104, 35.368032552623362 ], [ 139.432132681842461, 35.367957851030361 ], [ 139.432212681621706, 35.367875652039707 ], [ 139.432382403326699, 35.367727086073877 ], [ 139.432746013481818, 35.367467728937882 ], [ 139.432916290755657, 35.367375542907581 ] ] } },
{ "type": "Feature", "properties": { "N07_001": "神奈川中央交通（株）", "N07_002": null, "index_right": 880 }, "geometry": { "type": "LineString", "coordinates": [ [ 139.428938572566693, 35.370179329521768 ], [ 139.429087735544442, 35.370152406863568 ], [ 139.430030212743617, 35.369938939682243 ], [ 139.43041631471317, 35.369837614389496 ], [ 139.430655198222581, 35.369735993344712 ], [ 139.430813805971155, 35.369642972202165 ], [ 139.430996302378475, 35.369513293243955 ], [ 139.431234909469566, 35.369282804113688 ], [ 139.431451017975007, 35.368986211829032 ], [ 139.43166657188624, 35.368652958823908 ], [ 139.431756015939101, 35.368506326870488 ] ] } },
{ "type": "Feature", "properties": { "N07_001": "神奈川中央交通（株）", "N07_002": null, "index_right": 880 }, "geometry": { "type": "LineString", "coordinates": [ [ 139.42854497364101, 35.370978620925008 ], [ 139.428438864745857, 35.370809463670788 ], [ 139.42817886954083, 35.370336993948456 ] ] } },
{ "type": "Feature", "properties": { "N07_001": "神奈川中央交通（株）", "N07_002": null, "index_right": 880 }, "geometry": { "type": "LineString", "coordinates": [ [ 139.413983178704257, 35.348672077015259 ], [ 139.414165683645479, 35.349162854515498 ], [ 139.414460688783663, 35.349820563051352 ], [ 139.414495411618503, 35.349903609714843 ], [ 139.414575967948224, 35.350051928953214 ], [ 139.41459819043763, 35.350097757695693 ], [ 139.41462041305661, 35.350153862725847 ], [ 139.414734581162236, 35.350403559430028 ], [ 139.414824304378953, 35.350597428733394 ], [ 139.414969305817039, 35.350912952548725 ] ] } },
{ "type": "Feature", "properties": { "N07_001": "神奈川中央交通（株）", "N07_002": null, "index_right": 880 }, "geometry": { "type": "LineString", "coordinates": [ [ 139.420154767137092, 35.357412472246715 ], [ 139.420188391848257, 35.35762438573466 ], [ 139.420210899602438, 35.357746035005178 ], [ 139.420290917399257, 35.358032663786801 ], [ 139.420337315987268, 35.358189310090502 ], [ 139.420462056596932, 35.358495385393546 ], [ 139.420859893936978, 35.359476660256313 ], [ 139.420916013551306, 35.359615533110968 ], [ 139.421118265502542, 35.360100478098808 ] ] } },
{ "type": "Feature", "properties": { "N07_001": "神奈川中央交通（株）", "N07_002": null, "index_right": 880 }, "geometry": { "type": "LineString", "coordinates": [ [ 139.420279562810947, 35.354412699546351 ], [ 139.420393258803301, 35.355709166351275 ], [ 139.420370774892888, 35.355940792694319 ], [ 139.420337171947239, 35.356051604227204 ], [ 139.420290791459195, 35.356162136611147 ], [ 139.42021080430689, 35.356328767199656 ], [ 139.42015470680056, 35.356514286164924 ], [ 139.420132218406451, 35.356680367556095 ], [ 139.420120570003576, 35.356948933327395 ], [ 139.420154767137092, 35.357412472246715 ] ] } },
{ "type": "Feature", "properties": { "N07_001": "神奈川中央交通（株）", "N07_002": null, "index_right": 880 }, "geometry": { "type": "LineString", "coordinates": [ [ 139.421621294209018, 35.36495783477887 ], [ 139.421574930394257, 35.365476359798421 ], [ 139.421598556438909, 35.365809367336894 ], [ 139.421610227542146, 35.365910742242299 ], [ 139.421677458094933, 35.366124329873195 ], [ 139.421712467099809, 35.3663370798958 ], [ 139.421735005458316, 35.367180009376035 ], [ 139.421746396169368, 35.367225837324959 ], [ 139.421804180116993, 35.367392209083754 ], [ 139.421882520283475, 35.367559415483456 ], [ 139.421916689916941, 35.367633019583323 ], [ 139.421929192280402, 35.367688290454943 ], [ 139.421929194836281, 35.367744670710444 ], [ 139.421894198617963, 35.36781854393206 ], [ 139.42183614716609, 35.367892414290893 ], [ 139.421700047825112, 35.36807736662594 ], [ 139.421655052915611, 35.368160680509504 ], [ 139.421643943371606, 35.368187896903109 ], [ 139.421643945983504, 35.368244277126379 ], [ 139.421655059345824, 35.368299548060989 ], [ 139.421655060631849, 35.368327321571286 ], [ 139.421700064536765, 35.368438977798526 ], [ 139.421769233930007, 35.368540361482381 ], [ 139.421826735109477, 35.36859563882588 ], [ 139.421916735725944, 35.368642031752501 ], [ 139.421985346510013, 35.368660370767657 ], [ 139.422439228132276, 35.368669869917184 ], [ 139.422576726987501, 35.368698215907798 ], [ 139.422666448422262, 35.368716279785581 ], [ 139.422780337219962, 35.368762120154436 ], [ 139.422860337705629, 35.36880878953118 ], [ 139.42293922854455, 35.368892675256724 ], [ 139.422996451927133, 35.368948229326016 ], [ 139.423041455096097, 35.369049885890284 ], [ 139.423041458363059, 35.369132928653315 ], [ 139.423007578179153, 35.369336504229693 ], [ 139.423007580023295, 35.369383163709898 ], [ 139.423018969749506, 35.369410383141982 ], [ 139.423064249128174, 35.369475378702909 ], [ 139.42313258461084, 35.369568150591874 ], [ 139.423382866299789, 35.36981786505703 ], [ 139.423587588765912, 35.369975644894083 ], [ 139.423643976887234, 35.370012036330181 ], [ 139.423951194263907, 35.370178720519185 ] ] } },
{ "type": "Feature", "properties": { "N07_001": "神奈川中央交通（株）", "N07_002": null, "index_right": 880 }, "geometry": { "type": "LineString", "coordinates": [ [ 139.421118265502542, 35.360100478098808 ], [ 139.421121043671576, 35.36010686627899 ], [ 139.421303570431917, 35.360540706473856 ], [ 139.4215183230923, 35.361032597018088 ], [ 139.421610003646123, 35.361254516657915 ], [ 139.421677235087714, 35.361402834173539 ], [ 139.421779750995654, 35.361679746978353 ], [ 139.421951440455558, 35.362124145386552 ], [ 139.421961165828378, 35.362189969894118 ], [ 139.421961169126973, 35.362263014262595 ], [ 139.42196117625096, 35.362420767879684 ], [ 139.421951457218881, 35.362494921936751 ], [ 139.421870922343885, 35.362976782239599 ], [ 139.421826494697598, 35.363356162914073 ], [ 139.421746246297147, 35.363976335369507 ], [ 139.421621294209018, 35.36495783477887 ] ] } },
{ "type": "Feature", "properties": { "N07_001": "神奈川中央交通（株）", "N07_002": null, "index_right": 880 }, "geometry": { "type": "LineString", "coordinates": [ [ 139.423951194263907, 35.370178720519185 ], [ 139.424371186356922, 35.370345695941886 ], [ 139.424677568615181, 35.370419613084067 ], [ 139.424768956065492, 35.370484893969667 ], [ 139.424894232204252, 35.370604616692518 ] ] } },
{ "type": "Feature", "properties": { "N07_001": "神奈川中央交通（株）", "N07_002": null, "index_right": 880 }, "geometry": { "type": "LineString", "coordinates": [ [ 139.412915917368736, 35.345764920426568 ], [ 139.412973141970411, 35.345912958255397 ], [ 139.413142871715394, 35.346394844003385 ], [ 139.413370380238547, 35.34698755187145 ] ] } },
{ "type": "Feature", "properties": { "N07_001": "神奈川中央交通（株）", "N07_002": null, "index_right": 880 }, "geometry": { "type": "LineString", "coordinates": [ [ 139.414969305817039, 35.350912952548725 ], [ 139.415109584753964, 35.351218199894312 ], [ 139.415200974011299, 35.35139429459862 ], [ 139.415324305968028, 35.351477628081412 ], [ 139.415438470971623, 35.351523743826611 ], [ 139.415734577552229, 35.351634868317397 ], [ 139.416984556136384, 35.352051600984588 ], [ 139.417428436801487, 35.3522082906875 ], [ 139.417779541134479, 35.352329976191641 ], [ 139.417882039073476, 35.352356649606214 ], [ 139.418313141505905, 35.352514172101259 ], [ 139.419609502119698, 35.352968689256613 ], [ 139.419790886771494, 35.353079526948882 ], [ 139.419893106539547, 35.353162860101726 ], [ 139.419984215403844, 35.353255357640208 ], [ 139.420085611215598, 35.353413120727815 ], [ 139.420154505902701, 35.353523665345875 ], [ 139.420188126192386, 35.353671977887394 ], [ 139.420222858830101, 35.353838898628318 ], [ 139.420279562810947, 35.354412699546351 ] ] } },
{ "type": "Feature", "properties": { "N07_001": "神奈川中央交通（株）", "N07_002": null, "index_right": 880 }, "geometry": { "type": "LineString", "coordinates": [ [ 139.410495658451538, 35.339292914877504 ], [ 139.410348158852457, 35.338839638682309 ], [ 139.410301770664177, 35.338562454449601 ], [ 139.410279549264715, 35.338321655359124 ], [ 139.410257049281455, 35.338247220463373 ], [ 139.410223160608638, 35.338090019329023 ], [ 139.410165660264369, 35.337970033346721 ], [ 139.410085659727798, 35.337803386178415 ], [ 139.409960380715432, 35.337609240184342 ], [ 139.409913157986836, 35.337538692049961 ] ] } },
{ "type": "Feature", "properties": { "N07_001": "神奈川中央交通（株）", "N07_002": null, "index_right": 880 }, "geometry": { "type": "LineString", "coordinates": [ [ 139.411279542099436, 35.34136766401901 ], [ 139.411188431939536, 35.341136302569197 ], [ 139.41098454504953, 35.340580536493469 ], [ 139.410926767735219, 35.340423333357329 ], [ 139.410745379884872, 35.339951445836384 ], [ 139.410665380289089, 35.339729250890471 ], [ 139.410495658451538, 35.339292914877504 ] ] } },
{ "type": "Feature", "properties": { "N07_001": "神奈川中央交通（株）", "N07_002": null, "index_right": 880 }, "geometry": { "type": "LineString", "coordinates": [ [ 139.407889918830335, 35.33466718279761 ], [ 139.407404774431143, 35.333988690719657 ], [ 139.407018766749871, 35.33347044851407 ] ] } },
{ "type": "Feature", "properties": { "N07_001": "神奈川中央交通（株）", "N07_002": null, "index_right": 880 }, "geometry": { "type": "LineString", "coordinates": [ [ 139.409913157986836, 35.337538692049961 ], [ 139.409723155777584, 35.337256777288673 ], [ 139.409517875241022, 35.336979027766951 ], [ 139.409256764402187, 35.336608512798314 ], [ 139.409199279065405, 35.336534358737502 ], [ 139.4090743090388, 35.336386605844446 ], [ 139.408928517917332, 35.336164144457143 ], [ 139.408710800806972, 35.335849198979631 ], [ 139.40858694600476, 35.335673396097185 ], [ 139.408223715910452, 35.335136823052281 ], [ 139.407927130702859, 35.334720229064182 ], [ 139.407889918830335, 35.33466718279761 ] ] } },
{ "type": "Feature", "properties": { "N07_001": "神奈川中央交通（株）", "N07_002": null, "index_right": 880 }, "geometry": { "type": "LineString", "coordinates": [ [ 139.412234534000675, 35.342941670837043 ], [ 139.411893421268672, 35.342997192916179 ], [ 139.411415651549703, 35.341719566685576 ], [ 139.411279542099436, 35.34136766401901 ] ] } },
{ "type": "Feature", "properties": { "N07_001": "神奈川中央交通（株）", "N07_002": null, "index_right": 880 }, "geometry": { "type": "LineString", "coordinates": [ [ 139.412915917368736, 35.345764920426568 ], [ 139.412438408273488, 35.344468964914768 ], [ 139.412313411646863, 35.344126782675716 ], [ 139.412199247644082, 35.343839037944122 ], [ 139.412176748214705, 35.343775434359934 ], [ 139.412154526401167, 35.343728495047927 ], [ 139.412120637718544, 35.343700996476336 ], [ 139.41206313789138, 35.343672662909583 ], [ 139.412007026855321, 35.343654605735985 ], [ 139.412029527727071, 35.343561843152258 ], [ 139.412063139828774, 35.343459638326728 ], [ 139.412097863048274, 35.343358822260178 ], [ 139.412143141885622, 35.343256062810944 ], [ 139.412234534000675, 35.342941670837043 ] ] } },
{ "type": "Feature", "properties": { "N07_001": "神奈川中央交通（株）", "N07_002": null, "index_right": 880 }, "geometry": { "type": "LineString", "coordinates": [ [ 139.415599406449246, 35.368502222474845 ], [ 139.415791624307275, 35.368520581278347 ], [ 139.415974119723671, 35.368530606802729 ], [ 139.416052729664784, 35.368548948649604 ], [ 139.416110230666305, 35.368594782479484 ], [ 139.416121623486617, 35.368668937730767 ], [ 139.416094405455908, 35.36872836756153 ] ] } },
{ "type": "Feature", "properties": { "N07_001": "神奈川中央交通（株）", "N07_002": null, "index_right": 880 }, "geometry": { "type": "LineString", "coordinates": [ [ 139.421019070169621, 35.371179338376727 ], [ 139.421314064049369, 35.371336308517613 ], [ 139.421598779855941, 35.371466057407915 ], [ 139.421757664226561, 35.37149413273373 ], [ 139.421905437694704, 35.37149415151935 ], [ 139.422166540806245, 35.371456686975186 ], [ 139.422325146803786, 35.371419488000882 ] ] } },
{ "type": "Feature", "properties": { "N07_001": "神奈川中央交通（株）", "N07_002": null, "index_right": 880 }, "geometry": { "type": "LineString", "coordinates": [ [ 139.416094405455908, 35.36872836756153 ], [ 139.416087739826196, 35.368743086173701 ], [ 139.415985522157115, 35.368771121362123 ], [ 139.415836637552843, 35.368771098932925 ], [ 139.415735528269238, 35.36875247591324 ], [ 139.415679136129938, 35.368668871261342 ], [ 139.415599406449246, 35.368502222474845 ] ] } },
{ "type": "Feature", "properties": { "N07_001": "神奈川中央交通（株）", "N07_002": null, "index_right": 880 }, "geometry": { "type": "LineString", "coordinates": [ [ 139.423236504819414, 35.371082970060769 ], [ 139.423518995367687, 35.370966073511909 ], [ 139.424041478384709, 35.370753106554218 ], [ 139.424189251527793, 35.370697297836209 ], [ 139.424268971435879, 35.370678976367138 ], [ 139.424451466370556, 35.370651779533688 ], [ 139.424894232204252, 35.370604616692518 ] ] } },
{ "type": "Feature", "properties": { "N07_001": "神奈川中央交通（株）", "N07_002": null, "index_right": 880 }, "geometry": { "type": "LineString", "coordinates": [ [ 139.410510985788278, 35.348228780849269 ], [ 139.410609311003896, 35.34793078112304 ], [ 139.410700969583928, 35.347625004087924 ] ] } },
{ "type": "Feature", "properties": { "N07_001": "神奈川中央交通（株）", "N07_002": null, "index_right": 880 }, "geometry": { "type": "LineString", "coordinates": [ [ 139.40735938240104, 35.34920813487259 ], [ 139.407632157599863, 35.349236478041796 ], [ 139.408178263239137, 35.349282888272469 ], [ 139.408462149375822, 35.349310676541677 ], [ 139.408767979416865, 35.349329023047815 ], [ 139.409507135731957, 35.349291853761081 ], [ 139.409951018086844, 35.349264954242614 ], [ 139.410177959788342, 35.349274140187752 ] ] } },
{ "type": "Feature", "properties": { "N07_001": "神奈川中央交通（株）", "N07_002": null, "index_right": 880 }, "geometry": { "type": "LineString", "coordinates": [ [ 139.404928292434562, 35.34890333302608 ], [ 139.406143558270514, 35.349005047732312 ], [ 139.406665775403638, 35.349051456792893 ], [ 139.406825773965068, 35.349070073370783 ], [ 139.40735938240104, 35.34920813487259 ] ] } },
{ "type": "Feature", "properties": { "N07_001": "神奈川中央交通（株）", "N07_002": null, "index_right": 880 }, "geometry": { "type": "LineString", "coordinates": [ [ 139.409680786734498, 35.350895222316787 ], [ 139.409813551341756, 35.35047696904374 ], [ 139.409824383065455, 35.350421701180949 ], [ 139.409904374387963, 35.350134532648056 ], [ 139.409916039441327, 35.350078709369647 ] ] } },
{ "type": "Feature", "properties": { "N07_001": "神奈川中央交通（株）", "N07_002": null, "index_right": 880 }, "geometry": { "type": "LineString", "coordinates": [ [ 139.409044461628071, 35.352856520860755 ], [ 139.409188614112281, 35.352412155910628 ], [ 139.409223333066819, 35.352310229793801 ], [ 139.409632180597384, 35.351051303552886 ], [ 139.409680786734498, 35.350895222316787 ] ] } },
{ "type": "Feature", "properties": { "N07_001": "神奈川中央交通（株）", "N07_002": null, "index_right": 880 }, "geometry": { "type": "LineString", "coordinates": [ [ 139.409044461628071, 35.352856520860755 ], [ 139.408973079834851, 35.3530784256616 ], [ 139.408893090942996, 35.353356430197749 ] ] } },
{ "type": "Feature", "properties": { "N07_001": "神奈川中央交通（株）", "N07_002": null, "index_right": 880 }, "geometry": { "type": "LineString", "coordinates": [ [ 139.405780118386076, 35.358843916929771 ], [ 139.405666520714504, 35.359040544892459 ], [ 139.40521129759324, 35.359836500678526 ], [ 139.405179078665526, 35.359882602654572 ], [ 139.40498493946248, 35.360290302939255 ], [ 139.404871350534194, 35.360632739736495 ], [ 139.404837470918125, 35.360780213050454 ], [ 139.404768879575784, 35.361095433991494 ], [ 139.404688923169203, 35.361771702835611 ], [ 139.404666440508748, 35.362002495003537 ], [ 139.404610371230234, 35.362558507173823 ] ] } },
{ "type": "Feature", "properties": { "N07_001": "神奈川中央交通（株）", "N07_002": null, "index_right": 880 }, "geometry": { "type": "LineString", "coordinates": [ [ 139.407123850722911, 35.356516050642213 ], [ 139.406871380018828, 35.356957627556582 ], [ 139.40642837589121, 35.357725805995166 ], [ 139.406313665220949, 35.357892438574723 ], [ 139.406143964576188, 35.358216263526998 ], [ 139.405780118386076, 35.358843916929771 ] ] } },
{ "type": "Feature", "properties": { "N07_001": "神奈川中央交通（株）", "N07_002": null, "index_right": 880 }, "geometry": { "type": "LineString", "coordinates": [ [ 139.404272737180492, 35.364422898961685 ], [ 139.404257743309444, 35.364502051773535 ], [ 139.404189441325826, 35.364909203039431 ] ] } },
{ "type": "Feature", "properties": { "N07_001": "神奈川中央交通（株）", "N07_002": null, "index_right": 880 }, "geometry": { "type": "LineString", "coordinates": [ [ 139.404610371230234, 35.362558507173823 ], [ 139.404554286330324, 35.362900668263599 ], [ 139.404461547759723, 35.363409466545207 ], [ 139.40437130789627, 35.363900768513304 ], [ 139.404272737180492, 35.364422898961685 ] ] } },
{ "type": "Feature", "properties": { "N07_001": "神奈川中央交通（株）", "N07_002": null, "index_right": 880 }, "geometry": { "type": "LineString", "coordinates": [ [ 139.400402980817518, 35.362847812367903 ], [ 139.40066626884331, 35.362317064036866 ], [ 139.400962886403477, 35.36174299168389 ], [ 139.401030095741362, 35.361585795476302 ], [ 139.401041756579048, 35.361494421890526 ], [ 139.40104174804884, 35.361355000277278 ] ] } },
{ "type": "Feature", "properties": { "N07_001": "神奈川中央交通（株）", "N07_002": null, "index_right": 880 }, "geometry": { "type": "LineString", "coordinates": [ [ 139.402110558244232, 35.364373161215788 ], [ 139.401939170927363, 35.364344274976979 ], [ 139.401780284141296, 35.364326220451701 ], [ 139.401735285117041, 35.364326219935862 ], [ 139.401393902967527, 35.364317328506097 ], [ 139.40121168401123, 35.36430816114467 ], [ 139.401144184747949, 35.364298439626225 ], [ 139.400758075784523, 35.364215392057268 ], [ 139.399871689988998, 35.364001801025395 ], [ 139.399735579067396, 35.363965415517946 ], [ 139.400325216249257, 35.363001954661165 ], [ 139.400402980817518, 35.362847812367903 ] ] } },
{ "type": "Feature", "properties": { "N07_001": "神奈川中央交通（株）", "N07_002": null, "index_right": 880 }, "geometry": { "type": "LineString", "coordinates": [ [ 139.403351475153443, 35.362104387543987 ], [ 139.403655092984735, 35.362281032195277 ], [ 139.403836211829827, 35.362437398938567 ], [ 139.403860382095843, 35.362493223331661 ], [ 139.404087880062576, 35.362530166736441 ], [ 139.40430398731479, 35.362539059077207 ], [ 139.404610371230234, 35.362558507173823 ] ] } },
{ "type": "Feature", "properties": { "N07_001": "神奈川中央交通（株）", "N07_002": null, "index_right": 880 }, "geometry": { "type": "LineString", "coordinates": [ [ 139.409916039441327, 35.350078709369647 ], [ 139.409745764262738, 35.350078693370911 ], [ 139.409620488397252, 35.350078681600223 ], [ 139.40900716293865, 35.350051418478039 ], [ 139.407848288550241, 35.350041359331279 ], [ 139.407290795940185, 35.350051328483787 ], [ 139.407132187119174, 35.350060763088457 ], [ 139.406166090161662, 35.350124313317352 ], [ 139.405779707048765, 35.350153177319442 ], [ 139.404951108439633, 35.350217845764192 ], [ 139.404951104900618, 35.350097031795016 ], [ 139.404951100857232, 35.349958998363576 ], [ 139.404951095699261, 35.349782915475174 ], [ 139.404951094072118, 35.349727368822684 ], [ 139.40493858717474, 35.349486573425324 ], [ 139.40493858282133, 35.349337986129015 ], [ 139.404928300296348, 35.349171623360562 ], [ 139.404928296772368, 35.349051364856599 ], [ 139.404928292434562, 35.34890333302608 ] ] } },
{ "type": "Feature", "properties": { "N07_001": "神奈川中央交通（株）", "N07_002": null, "index_right": 880 }, "geometry": { "type": "LineString", "coordinates": [ [ 139.388551157602734, 35.325932891632931 ], [ 139.388521234989696, 35.325444652051821 ], [ 139.388510134539274, 35.325379386549137 ], [ 139.388487690171189, 35.325028065039412 ], [ 139.388476345068142, 35.324749507566786 ], [ 139.388430053004328, 35.324138513244385 ], [ 139.388418991164457, 35.323823851618265 ], [ 139.388396530853129, 35.323573621480797 ], [ 139.388385468945842, 35.323258959819604 ], [ 139.388373815582099, 35.323175919893018 ], [ 139.388294202258749, 35.322490771601068 ] ] } },
{ "type": "Feature", "properties": { "N07_001": "神奈川中央交通（株）", "N07_002": null, "index_right": 880 }, "geometry": { "type": "LineString", "coordinates": [ [ 139.389622665710675, 35.33005432793761 ], [ 139.389565201924, 35.329850478925785 ], [ 139.389497746277641, 35.329599972462113 ], [ 139.389463045443534, 35.329479995901814 ], [ 139.389089542600743, 35.328942594456102 ], [ 139.388872937798197, 35.32863765021424 ], [ 139.388815456024815, 35.328545722804968 ], [ 139.388726048496494, 35.328350204445911 ], [ 139.388680809756295, 35.328119970788755 ], [ 139.388656959852426, 35.32787890583171 ], [ 139.388589600762515, 35.326998796990239 ] ] } },
{ "type": "Feature", "properties": { "N07_001": "神奈川中央交通（株）", "N07_002": null, "index_right": 880 }, "geometry": { "type": "LineString", "coordinates": [ [ 139.383249234552295, 35.321889026058031 ], [ 139.383227275651763, 35.322009003387713 ], [ 139.383214474934107, 35.322185637134886 ], [ 139.383169134445353, 35.322675545620456 ], [ 139.383169107938613, 35.322870509616976 ], [ 139.383214340215943, 35.323175732047034 ], [ 139.383248978790135, 35.323767567949524 ], [ 139.38328305653954, 35.324397730067787 ], [ 139.383339125902069, 35.324666292774246 ], [ 139.383407950324397, 35.325092048906107 ], [ 139.38338761355763, 35.325538077158939 ] ] } },
{ "type": "Feature", "properties": { "N07_001": "神奈川中央交通（株）", "N07_002": null, "index_right": 880 }, "geometry": { "type": "LineString", "coordinates": [ [ 139.388294202258749, 35.322490771601068 ], [ 139.387827834920643, 35.322454092605689 ], [ 139.387463965441327, 35.322407697460264 ], [ 139.38715814813483, 35.322369914138349 ], [ 139.386919549210717, 35.322342131678042 ], [ 139.38672678194942, 35.322314906562546 ], [ 139.386374021498085, 35.32227739887594 ], [ 139.385249352527126, 35.322166816760642 ], [ 139.385124080211909, 35.322157368789064 ], [ 139.383976929893436, 35.32203651566747 ], [ 139.38387416218356, 35.322027348317647 ], [ 139.38338588580487, 35.321916524153522 ], [ 139.383249234552295, 35.321889026058031 ] ] } },
{ "type": "Feature", "properties": { "N07_001": "神奈川中央交通（株）", "N07_002": null, "index_right": 880 }, "geometry": { "type": "LineString", "coordinates": [ [ 139.385977569902224, 35.326621006423807 ], [ 139.386566104916568, 35.326934021905288 ], [ 139.387339673052963, 35.326952376740294 ], [ 139.387463276217147, 35.326962378813626 ] ] } },
{ "type": "Feature", "properties": { "N07_001": "神奈川中央交通（株）", "N07_002": null, "index_right": 880 }, "geometry": { "type": "LineString", "coordinates": [ [ 139.396906473183094, 35.32973988215165 ], [ 139.396531512129286, 35.329637948837991 ], [ 139.395792695210901, 35.329442689386219 ], [ 139.395611325091039, 35.329387973045108 ], [ 139.394520047269168, 35.329073005447867 ] ] } },
{ "type": "Feature", "properties": { "N07_001": "神奈川中央交通（株）", "N07_002": null, "index_right": 880 }, "geometry": { "type": "LineString", "coordinates": [ [ 139.387463276217147, 35.326962378813626 ], [ 139.387543270702224, 35.326971268577395 ], [ 139.388181008126452, 35.327017391344498 ], [ 139.388452106478724, 35.327008235175263 ], [ 139.388589600762515, 35.326998796990239 ] ] } },
{ "type": "Feature", "properties": { "N07_001": "神奈川中央交通（株）", "N07_002": null, "index_right": 880 }, "geometry": { "type": "LineString", "coordinates": [ [ 139.394520047269168, 35.329073005447867 ], [ 139.393917610648799, 35.328887747839488 ], [ 139.393395444487879, 35.328721099868417 ], [ 139.393078256552798, 35.328618889189897 ], [ 139.392770507944419, 35.328545839486559 ], [ 139.39264524041397, 35.32852639531928 ], [ 139.39250913707761, 35.328526391303555 ], [ 139.392304147148963, 35.328536660933757 ], [ 139.392020267110922, 35.328582754252778 ], [ 139.391805826112375, 35.328637736697516 ], [ 139.391701660986428, 35.328665228011374 ], [ 139.391328326578844, 35.328804632987037 ], [ 139.390805266604815, 35.329017074221703 ], [ 139.390600817249378, 35.329119547295946 ], [ 139.390464143549963, 35.329211191245435 ], [ 139.390202732102324, 35.329442525262365 ], [ 139.390055492738611, 35.329599988823951 ], [ 139.389815745040721, 35.329840766025562 ], [ 139.389622665710675, 35.33005432793761 ] ] } },
{ "type": "Feature", "properties": { "N07_001": "神奈川中央交通（株）", "N07_002": null, "index_right": 880 }, "geometry": { "type": "LineString", "coordinates": [ [ 139.38338761355763, 35.325538077158939 ], [ 139.383385383016218, 35.325600565564386 ], [ 139.383362864904257, 35.325748871021034 ], [ 139.383338961838547, 35.325869403806713 ], [ 139.384168870363681, 35.325961348485428 ], [ 139.384487730896524, 35.326008293293214 ], [ 139.384691325635799, 35.326054958249777 ], [ 139.384873809079608, 35.326109676500728 ], [ 139.38529376748005, 35.326257996339947 ], [ 139.385521239047762, 35.326377981473328 ], [ 139.385977569902224, 35.326621006423807 ] ] } },
{ "type": "Feature", "properties": { "N07_001": "神奈川中央交通（株）", "N07_002": null, "index_right": 880 }, "geometry": { "type": "LineString", "coordinates": [ [ 139.400860948772333, 35.331202435146714 ], [ 139.400780960468637, 35.331164941136095 ], [ 139.400450730055127, 35.331016631307492 ], [ 139.400156051169915, 35.33087776480486 ], [ 139.399496978052753, 35.330591143736058 ], [ 139.399269788597906, 35.33048949347031 ], [ 139.398712089933014, 35.330249809753546 ], [ 139.398474900110017, 35.330156491146582 ], [ 139.398180213218097, 35.330072891831477 ], [ 139.397826089296984, 35.329970961941505 ], [ 139.397303650617545, 35.3298326477763 ], [ 139.396952579383367, 35.329748770010369 ], [ 139.396906473183094, 35.32973988215165 ] ] } },
{ "type": "Feature", "properties": { "N07_001": "神奈川中央交通（株）", "N07_002": null, "index_right": 880 }, "geometry": { "type": "LineString", "coordinates": [ [ 139.381838022073424, 35.333154903207628 ], [ 139.382826542972907, 35.332970229438786 ], [ 139.382951531046473, 35.332950790376735 ], [ 139.383748129160978, 35.332784444556737 ], [ 139.383930610302514, 35.332766394866681 ], [ 139.384236413207702, 35.332729461632013 ], [ 139.384486674596957, 35.33272030289384 ], [ 139.385077752673368, 35.33272948474724 ], [ 139.385633834141714, 35.33272950078571 ], [ 139.386088809888548, 35.332729513908092 ], [ 139.38647518271074, 35.332702030643766 ], [ 139.386611567526302, 35.332682594087821 ], [ 139.386815454716981, 35.332626777992807 ], [ 139.386997399984011, 35.332562629629855 ], [ 139.387156568762123, 35.332497925170316 ], [ 139.387338794938159, 35.332414336334729 ], [ 139.387565197433901, 35.332257152650683 ], [ 139.387769935864611, 35.332090803550066 ], [ 139.38808774639719, 35.331785319403032 ], [ 139.388440289123167, 35.331405962453999 ], [ 139.388850616870599, 35.330961065028546 ], [ 139.389395139362961, 35.330295105530027 ], [ 139.389622665710675, 35.33005432793761 ] ] } },
{ "type": "Feature", "properties": { "N07_001": "神奈川中央交通（株）", "N07_002": null, "index_right": 880 }, "geometry": { "type": "LineString", "coordinates": [ [ 139.376184852555355, 35.332898497891776 ], [ 139.376476205543241, 35.332905166765485 ], [ 139.377327219403838, 35.332868517279536 ] ] } },
{ "type": "Feature", "properties": { "N07_001": "神奈川中央交通（株）", "N07_002": null, "index_right": 880 }, "geometry": { "type": "LineString", "coordinates": [ [ 139.371726864523197, 35.332136915894651 ], [ 139.371807130007852, 35.332155248352898 ], [ 139.372158187266962, 35.332265788220589 ], [ 139.372419261128726, 35.332322170114438 ], [ 139.372748936934045, 35.332386606906113 ], [ 139.373010288399712, 35.332441877794089 ], [ 139.373931826738698, 35.332599360105391 ], [ 139.374556182956042, 35.332710735868901 ], [ 139.375226367676873, 35.332812391572602 ], [ 139.375407453505488, 35.332840166292769 ], [ 139.375612426541551, 35.332858498624525 ], [ 139.375793791160504, 35.332877663837223 ], [ 139.376054868504355, 35.332895996815111 ], [ 139.376184852555355, 35.332898497891776 ] ] } },
{ "type": "Feature", "properties": { "N07_001": "神奈川中央交通（株）", "N07_002": null, "index_right": 880 }, "geometry": { "type": "LineString", "coordinates": [ [ 139.437870618210127, 35.341442985236384 ], [ 139.438392815888363, 35.341832136691728 ], [ 139.438518087922034, 35.341924355405375 ], [ 139.438598084231955, 35.341989908033568 ], [ 139.439040564201548, 35.342359335648389 ], [ 139.439303330412599, 35.342581825390567 ], [ 139.439620539207766, 35.342813483549769 ], [ 139.439836641449432, 35.342951813131933 ], [ 139.440200238081047, 35.343147088513639 ], [ 139.440540780412363, 35.34331375465618 ], [ 139.440802714923166, 35.34341514592964 ], [ 139.441074093651764, 35.343516815435102 ], [ 139.441540465388982, 35.343665156403262 ], [ 139.441859064960994, 35.343766828281161 ], [ 139.442347936418201, 35.343915448192 ], [ 139.442484042715563, 35.343942952070833 ], [ 139.442585428041809, 35.343971287492785 ], [ 139.442824030775654, 35.344017127879802 ], [ 139.4431201315046, 35.344054360872803 ], [ 139.443335401738892, 35.344073258430761 ], [ 139.443586504022875, 35.344081881025161 ], [ 139.443859272263694, 35.344100503670056 ], [ 139.444313145367801, 35.34413774445688 ], [ 139.444631745508559, 35.344174423093165 ] ] } },
{ "type": "Feature", "properties": { "N07_001": "神奈川中央交通（株）", "N07_002": null, "index_right": 880 }, "geometry": { "type": "LineString", "coordinates": [ [ 139.433188322984222, 35.338109767334117 ], [ 139.434223310202924, 35.338785866182633 ], [ 139.434291087175097, 35.338831976389692 ], [ 139.435120484234858, 35.339424453493834 ], [ 139.435495741012431, 35.339693887492899 ], [ 139.435926828377148, 35.340016929725849 ], [ 139.436290419641381, 35.340313582706109 ], [ 139.43669928689522, 35.340638012813422 ], [ 139.43704038074452, 35.340878004127802 ], [ 139.437301756634099, 35.341063830646284 ], [ 139.437632018335449, 35.341294655834609 ], [ 139.437870618210127, 35.341442985236384 ] ] } },
{ "type": "Feature", "properties": { "N07_001": "神奈川中央交通（株）", "N07_002": null, "index_right": 880 }, "geometry": { "type": "LineString", "coordinates": [ [ 139.407018766749871, 35.33347044851407 ], [ 139.407404830881489, 35.333599876490439 ], [ 139.40800725218881, 35.333840399217912 ], [ 139.408178620482147, 35.333896781133433 ], [ 139.408371101298258, 35.333932889634653 ], [ 139.408678572227359, 35.333979831990433 ], [ 139.409041039397408, 35.334025386988202 ], [ 139.409246017768339, 35.334072604841452 ], [ 139.409451285224662, 35.33411899424474 ], [ 139.40962072252168, 35.334173715361977 ], [ 139.40996070184454, 35.334331482155136 ], [ 139.410188464170005, 35.334451472359433 ], [ 139.410313453437539, 35.334534797156792 ], [ 139.410359838730983, 35.334563127823728 ], [ 139.410484550431363, 35.334646174986034 ], [ 139.41065481435902, 35.334757275185808 ], [ 139.410973400643712, 35.334961700232689 ], [ 139.411326160882709, 35.335119191864237 ], [ 139.412053634087954, 35.335386963933395 ], [ 139.412654720196372, 35.335646398016266 ], [ 139.413201076408029, 35.335979705902417 ], [ 139.41331579416098, 35.336031926056307 ] ] } },
{ "type": "Feature", "properties": { "N07_001": "神奈川中央交通（株）", "N07_002": null, "index_right": 880 }, "geometry": { "type": "LineString", "coordinates": [ [ 139.418419425132896, 35.336938495370667 ], [ 139.419109710637457, 35.337118515736094 ], [ 139.420245832866755, 35.337424104496378 ], [ 139.42044944575855, 35.337479943763128 ], [ 139.420825561204566, 35.337544126581598 ], [ 139.421438347354893, 35.3375999927175 ], [ 139.422484461130807, 35.337665046517557 ] ] } },
{ "type": "Feature", "properties": { "N07_001": "神奈川中央交通（株）", "N07_002": null, "index_right": 880 }, "geometry": { "type": "LineString", "coordinates": [ [ 139.41331579416098, 35.336031926056307 ], [ 139.413426901082289, 35.336081924197003 ], [ 139.413723560655853, 35.336183036150487 ], [ 139.413995501072861, 35.336256929241962 ], [ 139.414279388357585, 35.336313326223923 ], [ 139.414404665260179, 35.336340273927355 ] ] } },
{ "type": "Feature", "properties": { "N07_001": "神奈川中央交通（株）", "N07_002": null, "index_right": 880 }, "geometry": { "type": "LineString", "coordinates": [ [ 139.424995566203336, 35.337721014185377 ], [ 139.425553625263376, 35.337563287079924 ], [ 139.425654736978146, 35.33753496286112 ], [ 139.426074460653751, 35.337452774078699 ], [ 139.426495573179238, 35.337368641032128 ] ] } },
{ "type": "Feature", "properties": { "N07_001": "神奈川中央交通（株）", "N07_002": null, "index_right": 880 }, "geometry": { "type": "LineString", "coordinates": [ [ 139.422484461130807, 35.337665046517557 ], [ 139.424211955328502, 35.337757354400658 ], [ 139.42467695456412, 35.337757380628751 ], [ 139.424995566203336, 35.337721014185377 ] ] } },
{ "type": "Feature", "properties": { "N07_001": "神奈川中央交通（株）", "N07_002": null, "index_right": 880 }, "geometry": { "type": "LineString", "coordinates": [ [ 139.430813345722839, 35.337181680135068 ], [ 139.431313065165057, 35.337258088186061 ], [ 139.43155195274511, 35.337295319541695 ], [ 139.431803339956218, 35.337350605193969 ], [ 139.432075559556182, 35.337453109108381 ], [ 139.432324445954976, 35.337554778578777 ], [ 139.432688051977266, 35.337785607257999 ] ] } },
{ "type": "Feature", "properties": { "N07_001": "神奈川中央交通（株）", "N07_002": null, "index_right": 880 }, "geometry": { "type": "LineString", "coordinates": [ [ 139.428006964611768, 35.337137918904062 ], [ 139.429040853167493, 35.337045764419379 ], [ 139.429234464024915, 35.33703549848267 ], [ 139.429428630405539, 35.3370263435528 ], [ 139.429620574354516, 35.337026354113711 ], [ 139.429824462275405, 35.337045807563001 ], [ 139.430018627834073, 35.337073037387 ], [ 139.430301959630242, 35.337110271020265 ], [ 139.430768345985371, 35.337174456232859 ], [ 139.430813345722839, 35.337181680135068 ] ] } },
{ "type": "Feature", "properties": { "N07_001": "神奈川中央交通（株）", "N07_002": null, "index_right": 880 }, "geometry": { "type": "LineString", "coordinates": [ [ 139.42112061188007, 35.345006785938367 ], [ 139.421303116262038, 35.344803215151998 ], [ 139.421517845119297, 35.344589648349945 ], [ 139.421563124665596, 35.344534103478317 ], [ 139.421699240819748, 35.34437774528417 ], [ 139.421803413296715, 35.344201109410641 ], [ 139.421859252496205, 35.344034190314531 ], [ 139.421870364866919, 35.34399808461589 ], [ 139.421881757501666, 35.343886433114598 ], [ 139.421893425464759, 35.343849216481082 ], [ 139.421904544550841, 35.343608692666066 ], [ 139.421915937448802, 35.343488708889055 ], [ 139.421928453336534, 35.343007105084261 ], [ 139.421915961194173, 35.34276602419601 ] ] } },
{ "type": "Feature", "properties": { "N07_001": "神奈川中央交通（株）", "N07_002": null, "index_right": 880 }, "geometry": { "type": "LineString", "coordinates": [ [ 139.417926780008514, 35.342738510913129 ], [ 139.418063441251689, 35.342988209474555 ], [ 139.418085384460568, 35.343042925930298 ], [ 139.418200935649452, 35.343238463693673 ], [ 139.418598140298002, 35.343978949484864 ] ] } },
{ "type": "Feature", "properties": { "N07_001": "神奈川中央交通（株）", "N07_002": null, "index_right": 880 }, "geometry": { "type": "LineString", "coordinates": [ [ 139.420595663248918, 35.34326780593824 ], [ 139.420120379485041, 35.34343330404014 ], [ 139.41971204090737, 35.343590196963149 ], [ 139.419359259257988, 35.343710709834923 ], [ 139.418984533130242, 35.343839553116737 ], [ 139.418756753193861, 35.343913970282514 ], [ 139.418598140298002, 35.343978949484864 ] ] } },
{ "type": "Feature", "properties": { "N07_001": "神奈川中央交通（株）", "N07_002": null, "index_right": 880 }, "geometry": { "type": "LineString", "coordinates": [ [ 139.421915961194173, 35.34276602419601 ], [ 139.421290951071143, 35.343007058597749 ], [ 139.420757054280415, 35.343210881038111 ], [ 139.420595663248918, 35.34326780593824 ] ] } },
{ "type": "Feature", "properties": { "N07_001": "神奈川中央交通（株）", "N07_002": null, "index_right": 880 }, "geometry": { "type": "LineString", "coordinates": [ [ 139.419120615774261, 35.344923029889038 ], [ 139.419484503715154, 35.345562419261725 ], [ 139.419676725214174, 35.345866839549892 ], [ 139.420313112249033, 35.345516380105877 ], [ 139.420438389814763, 35.345441955108029 ], [ 139.420631722909206, 35.345330317929069 ], [ 139.420835611646083, 35.345219792415435 ], [ 139.420995611637352, 35.345126205640433 ], [ 139.42112061188007, 35.345006785938367 ] ] } },
{ "type": "Feature", "properties": { "N07_001": "神奈川中央交通（株）", "N07_002": null, "index_right": 880 }, "geometry": { "type": "LineString", "coordinates": [ [ 139.413251797297988, 35.339804974114479 ], [ 139.413200961333501, 35.339979112280226 ], [ 139.413053454646899, 35.340423482612202 ] ] } },
{ "type": "Feature", "properties": { "N07_001": "神奈川中央交通（株）", "N07_002": null, "index_right": 880 }, "geometry": { "type": "LineString", "coordinates": [ [ 139.414404665260179, 35.336340273927355 ], [ 139.414325744857791, 35.336608834253241 ], [ 139.414268520209276, 35.336701595238488 ], [ 139.414051840825408, 35.337322326543841 ], [ 139.413723490294188, 35.338201068786844 ], [ 139.413700989104939, 35.33826605802146 ], [ 139.413598205035441, 35.338636831561793 ], [ 139.413507088803215, 35.338941781842344 ], [ 139.413251797297988, 35.339804974114479 ] ] } },
{ "type": "Feature", "properties": { "N07_001": "神奈川中央交通（株）", "N07_002": null, "index_right": 880 }, "geometry": { "type": "LineString", "coordinates": [ [ 139.415109550503189, 35.342525276556074 ], [ 139.416325672708098, 35.342229296016811 ], [ 139.416699287619338, 35.342136558358568 ], [ 139.417075402702665, 35.342044376245525 ], [ 139.417484296165753, 35.341941364543345 ], [ 139.417654568358188, 35.34222939331562 ], [ 139.417688177948406, 35.342303274622608 ], [ 139.417779563220108, 35.342479090786689 ], [ 139.417926780008514, 35.342738510913129 ] ] } },
{ "type": "Feature", "properties": { "N07_001": "神奈川中央交通（株）", "N07_002": null, "index_right": 880 }, "geometry": { "type": "LineString", "coordinates": [ [ 139.412234534000675, 35.342941670837043 ], [ 139.412598424977489, 35.342857821147199 ], [ 139.413392874637083, 35.342663741280901 ], [ 139.413563429579625, 35.342765406036705 ], [ 139.413643429398519, 35.34280262887625 ], [ 139.41374537385451, 35.342830132518721 ], [ 139.413825929574386, 35.342839581597708 ], [ 139.41390454109623, 35.342830144333448 ], [ 139.414540657030074, 35.342663826157846 ], [ 139.415109550503189, 35.342525276556074 ] ] } },
{ "type": "Feature", "properties": { "N07_001": "神奈川中央交通（株）", "N07_002": null, "index_right": 880 }, "geometry": { "type": "LineString", "coordinates": [ [ 139.413053454646899, 35.340423482612202 ], [ 139.414460687640172, 35.340598834378014 ] ] } },
{ "type": "Feature", "properties": { "N07_001": "神奈川中央交通（株）", "N07_002": null, "index_right": 880 }, "geometry": { "type": "LineString", "coordinates": [ [ 139.437870618210127, 35.341442985236384 ], [ 139.43809838841301, 35.341230518309672 ], [ 139.438631702706488, 35.340795589118464 ], [ 139.438700589188642, 35.340721433449822 ], [ 139.439176682628812, 35.340276780107786 ], [ 139.439268067948433, 35.340203180983693 ], [ 139.439665552322793, 35.339832960463355 ], [ 139.440426631539736, 35.33916584326311 ], [ 139.440642733143278, 35.338989760529046 ], [ 139.440972996097003, 35.338703416726645 ], [ 139.441381866044964, 35.338350694486245 ], [ 139.441574079140025, 35.338184609473906 ], [ 139.441711572509661, 35.338100735655829 ], [ 139.441960449263235, 35.337934097765697 ], [ 139.44248403424956, 35.337592212871215 ], [ 139.442790407510387, 35.337407246112981 ] ] } },
{ "type": "Feature", "properties": { "N07_001": "神奈川中央交通（株）", "N07_002": null, "index_right": 880 }, "geometry": { "type": "LineString", "coordinates": [ [ 139.429359367209258, 35.341174197249991 ], [ 139.429495478911292, 35.34116476244369 ], [ 139.430654650329018, 35.341091232451376 ], [ 139.431826040254805, 35.341192683644493 ], [ 139.431984651421232, 35.341211858185204 ], [ 139.432364651781739, 35.341247711529505 ] ] } },
{ "type": "Feature", "properties": { "N07_001": "神奈川中央交通（株）", "N07_002": null, "index_right": 880 }, "geometry": { "type": "LineString", "coordinates": [ [ 139.42634852136689, 35.341331211252431 ], [ 139.426951020452691, 35.341432903852457 ] ] } },
{ "type": "Feature", "properties": { "N07_001": "神奈川中央交通（株）", "N07_002": null, "index_right": 880 }, "geometry": { "type": "LineString", "coordinates": [ [ 139.423216012261037, 35.341327958211792 ], [ 139.423449349882418, 35.341211320969506 ], [ 139.423541019368429, 35.341128003881792 ], [ 139.423665743318992, 35.341082461872837 ], [ 139.424018247341706, 35.340979719023352 ], [ 139.425200467459661, 35.341155882439587 ], [ 139.42634852136689, 35.341331211252431 ] ] } },
{ "type": "Feature", "properties": { "N07_001": "神奈川中央交通（株）", "N07_002": null, "index_right": 880 }, "geometry": { "type": "LineString", "coordinates": [ [ 139.432364651781739, 35.341247711529505 ], [ 139.432961874634628, 35.341304409712563 ], [ 139.434120765142211, 35.341405861029159 ], [ 139.435268224385425, 35.341508130615523 ] ] } },
{ "type": "Feature", "properties": { "N07_001": "神奈川中央交通（株）", "N07_002": null, "index_right": 880 }, "geometry": { "type": "LineString", "coordinates": [ [ 139.43712035639868, 35.342841136535377 ], [ 139.437212025683579, 35.342257868491409 ], [ 139.437245636436302, 35.342165102017297 ], [ 139.437336745545309, 35.342007900599846 ], [ 139.437450909027319, 35.341869864957431 ], [ 139.437870618210127, 35.341442985236384 ] ] } },
{ "type": "Feature", "properties": { "N07_001": "神奈川中央交通（株）", "N07_002": null, "index_right": 880 }, "geometry": { "type": "LineString", "coordinates": [ [ 139.435268224385425, 35.341508130615523 ], [ 139.435926807611111, 35.341573155594901 ], [ 139.436518171550944, 35.341637621861075 ], [ 139.436711773266268, 35.341767895385424 ], [ 139.436813434663463, 35.341869834102532 ], [ 139.436848432742124, 35.341915386596185 ], [ 139.436654260841379, 35.34302692772566 ], [ 139.436643148958069, 35.343128305479404 ], [ 139.436654259325024, 35.343156358646993 ], [ 139.436654258895487, 35.343193021483081 ], [ 139.436699256467477, 35.343257739145088 ], [ 139.43705285365445, 35.343331915372801 ], [ 139.43712035639868, 35.342841136535377 ] ] } },
{ "type": "Feature", "properties": { "N07_001": "神奈川中央交通（株）", "N07_002": null, "index_right": 880 }, "geometry": { "type": "LineString", "coordinates": [ [ 139.442790407510387, 35.337407246112981 ], [ 139.443075392735665, 35.337231444045329 ], [ 139.443347600639385, 35.337064529327286 ], [ 139.443517869502188, 35.33699982163602 ], [ 139.44368813846333, 35.336971776869014 ], [ 139.443870073596401, 35.336971785341881 ], [ 139.444778916630497, 35.337073761771343 ], [ 139.445336666277342, 35.337111006221875 ], [ 139.446200233905302, 35.337157152942261 ], [ 139.446711319266058, 35.337175230516486 ], [ 139.447575143351912, 35.337211923476815 ], [ 139.448177596343186, 35.337231663760832 ] ] } },
{ "type": "Feature", "properties": { "N07_001": "神奈川中央交通（株）", "N07_002": null, "index_right": 880 }, "geometry": { "type": "LineString", "coordinates": [ [ 139.382950844862222, 35.337191878550563 ], [ 139.382950758473186, 35.337709826227837 ], [ 139.382939551613362, 35.338293315725977 ] ] } },
{ "type": "Feature", "properties": { "N07_001": "神奈川中央交通（株）", "N07_002": null, "index_right": 880 }, "geometry": { "type": "LineString", "coordinates": [ [ 139.382871863318485, 35.339481401012023 ], [ 139.382802920445386, 35.339866320196975 ], [ 139.382780649184895, 35.34018097663521 ], [ 139.382735592656644, 35.340561452455574 ], [ 139.382701946693828, 35.340801679822711 ], [ 139.382643852248123, 35.341088841586327 ], [ 139.382519342472591, 35.341597623055947 ] ] } },
{ "type": "Feature", "properties": { "N07_001": "神奈川中央交通（株）", "N07_002": null, "index_right": 880 }, "geometry": { "type": "LineString", "coordinates": [ [ 139.381838022073424, 35.333154903207628 ], [ 139.381930457159825, 35.33349761376784 ], [ 139.381986808666795, 35.333691742356642 ], [ 139.382167814114212, 35.334219972173344 ], [ 139.3822702515603, 35.334534077091639 ] ] } },
{ "type": "Feature", "properties": { "N07_001": "神奈川中央交通（株）", "N07_002": null, "index_right": 880 }, "geometry": { "type": "LineString", "coordinates": [ [ 139.38295099441018, 35.336284009689692 ], [ 139.382950942275698, 35.336607833528966 ], [ 139.382950929954262, 35.336681707031453 ], [ 139.382950844862222, 35.337191878550563 ] ] } },
{ "type": "Feature", "properties": { "N07_001": "神奈川中央交通（株）", "N07_002": null, "index_right": 880 }, "geometry": { "type": "LineString", "coordinates": [ [ 139.382268566987989, 35.344855828682377 ], [ 139.382598800076721, 35.34520828421455 ], [ 139.382848505199831, 35.345476589288076 ], [ 139.382893502896508, 35.345532972115564 ], [ 139.382984609103147, 35.345643515797711 ], [ 139.383404857986477, 35.346069581627177 ], [ 139.383507350982853, 35.346170959680464 ], [ 139.383598457875422, 35.346282058637492 ], [ 139.383678736601382, 35.346429819746874 ], [ 139.383803740155599, 35.346679791342112 ], [ 139.383870691505251, 35.346866158715073 ], [ 139.383915984701787, 35.347106963778721 ], [ 139.383930719929253, 35.347270833254662 ] ] } },
{ "type": "Feature", "properties": { "N07_001": "神奈川中央交通（株）", "N07_002": null, "index_right": 880 }, "geometry": { "type": "LineString", "coordinates": [ [ 139.382519342472591, 35.341597623055947 ], [ 139.382461526050207, 35.341885062453059 ], [ 139.382371756639941, 35.342254984244803 ], [ 139.382348948714679, 35.342459385752015 ], [ 139.382360035351098, 35.342597412611077 ], [ 139.382394173694479, 35.342736828338104 ], [ 139.382461328891907, 35.343078979921899 ], [ 139.382461312060741, 35.343180903092644 ], [ 139.382461299861603, 35.343254776562461 ], [ 139.3824290689451, 35.343338369836019 ], [ 139.382359879609282, 35.343542493042207 ], [ 139.382314029343036, 35.34368968395988 ], [ 139.38229124131135, 35.343774110486834 ], [ 139.382268734451969, 35.343837708031586 ], [ 139.382188692548198, 35.344170970719361 ], [ 139.382155067174438, 35.344290945212819 ], [ 139.382120864821587, 35.344542281121974 ], [ 139.382177217409321, 35.344707525110579 ], [ 139.382268566987989, 35.344855828682377 ] ] } },
{ "type": "Feature", "properties": { "N07_001": "神奈川中央交通（株）", "N07_002": null, "index_right": 880 }, "geometry": { "type": "LineString", "coordinates": [ [ 139.383930719929253, 35.347270833254662 ], [ 139.383951294129758, 35.347504416675939 ], [ 139.383961022602847, 35.347587184660192 ] ] } },
{ "type": "Feature", "properties": { "N07_001": "神奈川中央交通（株）", "N07_002": null, "index_right": 880 }, "geometry": { "type": "LineString", "coordinates": [ [ 139.40299237640707, 35.33544747075603 ], [ 139.403201517838994, 35.335516906558865 ], [ 139.404212235508226, 35.33581270642253 ] ] } },
{ "type": "Feature", "properties": { "N07_001": "神奈川中央交通（株）", "N07_002": null, "index_right": 880 }, "geometry": { "type": "LineString", "coordinates": [ [ 139.392155635095776, 35.336692490930893 ], [ 139.392825331946, 35.336627522774769 ], [ 139.393121429472416, 35.336617810840828 ] ] } },
{ "type": "Feature", "properties": { "N07_001": "神奈川中央交通（株）", "N07_002": null, "index_right": 880 }, "geometry": { "type": "LineString", "coordinates": [ [ 139.389336806484891, 35.337256186218816 ], [ 139.389508195188171, 35.337200924538628 ], [ 139.389735696154901, 35.337117336825976 ], [ 139.390383193023069, 35.336913785198462 ], [ 139.390894013850641, 35.336821596017849 ], [ 139.391621765707754, 35.336746909401199 ], [ 139.392155635095776, 35.336692490930893 ] ] } },
{ "type": "Feature", "properties": { "N07_001": "神奈川中央交通（株）", "N07_002": null, "index_right": 880 }, "geometry": { "type": "LineString", "coordinates": [ [ 139.398782896399752, 35.335819793703308 ], [ 139.399382808010301, 35.334303447872351 ] ] } },
{ "type": "Feature", "properties": { "N07_001": "神奈川中央交通（株）", "N07_002": null, "index_right": 880 }, "geometry": { "type": "LineString", "coordinates": [ [ 139.393632783641777, 35.336700864449895 ], [ 139.394257736951005, 35.33684863086927 ], [ 139.394643821611936, 35.336922793976299 ], [ 139.394939362068868, 35.336932245010033 ], [ 139.395325177946745, 35.336922813434121 ], [ 139.395519058460138, 35.336913931818351 ], [ 139.395688772564085, 35.336913936663393 ], [ 139.395950150730641, 35.336895614365019 ], [ 139.396304024363616, 35.336877572417471 ], [ 139.39684928353384, 35.336784550356043 ], [ 139.397541746349162, 35.336664036005608 ], [ 139.397678683635235, 35.336636267058473 ], [ 139.397962555048736, 35.336608224115373 ], [ 139.398507808873404, 35.33651575681899 ] ] } },
{ "type": "Feature", "properties": { "N07_001": "神奈川中央交通（株）", "N07_002": null, "index_right": 880 }, "geometry": { "type": "LineString", "coordinates": [ [ 139.384212167118022, 35.338189180207834 ], [ 139.384974637858136, 35.338126991525677 ], [ 139.385860735947745, 35.337987602136316 ], [ 139.386974607732299, 35.337802672962127 ], [ 139.387077106355719, 35.337783513228743 ] ] } },
{ "type": "Feature", "properties": { "N07_001": "神奈川中央交通（株）", "N07_002": null, "index_right": 880 }, "geometry": { "type": "LineString", "coordinates": [ [ 139.399382808010301, 35.334303447872351 ], [ 139.40089401773912, 35.334765889747267 ], [ 139.401121490199557, 35.334840046904674 ], [ 139.401552549378067, 35.334979473661846 ], [ 139.401860012032813, 35.335081405087024 ], [ 139.402429110287756, 35.335266381923489 ], [ 139.40253020998739, 35.335294434343133 ], [ 139.40299237640707, 35.33544747075603 ] ] } },
{ "type": "Feature", "properties": { "N07_001": "神奈川中央交通（株）", "N07_002": null, "index_right": 880 }, "geometry": { "type": "LineString", "coordinates": [ [ 139.404808422554822, 35.335012877208413 ], [ 139.405040951789545, 35.334701832214051 ], [ 139.405200978587544, 35.334441886547125 ], [ 139.405348797413552, 35.33409056938865 ], [ 139.40540493032222, 35.333914771504126 ], [ 139.405529979827577, 35.333516240617328 ], [ 139.405621131819032, 35.333192694324609 ] ] } },
{ "type": "Feature", "properties": { "N07_001": "神奈川中央交通（株）", "N07_002": null, "index_right": 880 }, "geometry": { "type": "LineString", "coordinates": [ [ 139.382939551613362, 35.338293315725977 ], [ 139.384212167118022, 35.338189180207834 ] ] } },
{ "type": "Feature", "properties": { "N07_001": "神奈川中央交通（株）", "N07_002": null, "index_right": 880 }, "geometry": { "type": "LineString", "coordinates": [ [ 139.379475283504632, 35.338526295949393 ], [ 139.379577760507033, 35.338580451963949 ], [ 139.379917418508654, 35.338681544386652 ], [ 139.380202091279557, 35.338737368196774 ], [ 139.380463439843851, 35.338755977462206 ], [ 139.380600088458635, 35.338746536090063 ], [ 139.380805059137828, 35.338746537716588 ], [ 139.380939765023271, 35.338728209303227 ], [ 139.381110857690885, 35.338690718529385 ], [ 139.381569422023233, 35.338575190796838 ] ] } },
{ "type": "Feature", "properties": { "N07_001": "神奈川中央交通（株）", "N07_002": null, "index_right": 880 }, "geometry": { "type": "LineString", "coordinates": [ [ 139.377407104119527, 35.333636426350367 ], [ 139.377543037215702, 35.334803147986563 ], [ 139.377578265786724, 35.335126141750216 ], [ 139.377634597221032, 35.335488017052413 ], [ 139.377645397024821, 35.335719639242136 ], [ 139.377747759981418, 35.336607802318369 ], [ 139.377884244537995, 35.337700903783201 ] ] } },
{ "type": "Feature", "properties": { "N07_001": "神奈川中央交通（株）", "N07_002": null, "index_right": 880 }, "geometry": { "type": "LineString", "coordinates": [ [ 139.381569422023233, 35.338575190796838 ], [ 139.382064371935314, 35.338450498497117 ], [ 139.382496827444271, 35.338348023199138 ], [ 139.382939551613362, 35.338293315725977 ] ] } },
{ "type": "Feature", "properties": { "N07_001": "神奈川中央交通（株）", "N07_002": null, "index_right": 880 }, "geometry": { "type": "LineString", "coordinates": [ [ 139.377327219403838, 35.332868517279536 ], [ 139.377407104119527, 35.333636426350367 ] ] } },
{ "type": "Feature", "properties": { "N07_001": "神奈川中央交通（株）", "N07_002": null, "index_right": 880 }, "geometry": { "type": "LineString", "coordinates": [ [ 139.379110722017259, 35.343236684560367 ], [ 139.379189218011646, 35.343903211075691 ], [ 139.379246631763294, 35.344402550567416 ], [ 139.379269108142438, 35.34453196791911 ], [ 139.379314329908027, 35.344846901884047 ], [ 139.379405456719297, 35.345578478871168 ], [ 139.379507998617186, 35.346402832419429 ] ] } },
{ "type": "Feature", "properties": { "N07_001": "神奈川中央交通（株）", "N07_002": null, "index_right": 880 }, "geometry": { "type": "LineString", "coordinates": [ [ 139.377884244537995, 35.337700903783201 ], [ 139.377940560406131, 35.338135811620745 ] ] } },
{ "type": "Feature", "properties": { "N07_001": "神奈川中央交通（株）", "N07_002": null, "index_right": 880 }, "geometry": { "type": "LineString", "coordinates": [ [ 139.379734209596847, 35.348282901756512 ], [ 139.379814520400771, 35.348902555000208 ], [ 139.379814522350301, 35.348929496418201 ], [ 139.379929576061812, 35.349892722134918 ], [ 139.379961818189543, 35.350226295854945 ], [ 139.379974368659475, 35.350939548927968 ], [ 139.380030807801518, 35.351726404878733 ] ] } },
{ "type": "Feature", "properties": { "N07_001": "神奈川中央交通（株）", "N07_002": null, "index_right": 880 }, "geometry": { "type": "LineString", "coordinates": [ [ 139.3784823849752, 35.340253976989885 ], [ 139.378610903541272, 35.340737208972243 ], [ 139.378758299451732, 35.341274596440911 ], [ 139.3787924441028, 35.341384851188927 ], [ 139.37884990143715, 35.341606749185921 ], [ 139.378871828340863, 35.341699507532283 ], [ 139.378952326115808, 35.341996112202651 ], [ 139.379008373316225, 35.342356314281744 ], [ 139.379041926459081, 35.342699853000958 ], [ 139.379075486821108, 35.342995901798979 ], [ 139.379110722017259, 35.343236684560367 ] ] } },
{ "type": "Feature", "properties": { "N07_001": "神奈川中央交通（株）", "N07_002": null, "index_right": 880 }, "geometry": { "type": "LineString", "coordinates": [ [ 139.379507998617186, 35.346402832419429 ], [ 139.379554412426728, 35.346855837800241 ] ] } },
{ "type": "Feature", "properties": { "N07_001": "神奈川中央交通（株）", "N07_002": null, "index_right": 880 }, "geometry": { "type": "LineString", "coordinates": [ [ 139.377360678904154, 35.348430644931547 ], [ 139.377360685002543, 35.348532300603978 ], [ 139.377325711689537, 35.348893094678601 ], [ 139.377314882655725, 35.348938922985376 ], [ 139.37726963290271, 35.349300272545179 ], [ 139.377269639516584, 35.349411371657979 ], [ 139.377269647271333, 35.349541635367729 ], [ 139.377292426745413, 35.34962384883783 ], [ 139.377292432295206, 35.349716894341185 ], [ 139.377292436751617, 35.349791608491643 ], [ 139.377213560500877, 35.349819105108658 ], [ 139.377144681772137, 35.349828548175203 ], [ 139.375950959268636, 35.349828541954345 ], [ 139.375814895643032, 35.350374872486888 ], [ 139.375725205755202, 35.350762886775733 ], [ 139.375758825303024, 35.351012582796344 ], [ 139.375876349573019, 35.351773336153038 ] ] } },
{ "type": "Feature", "properties": { "N07_001": "神奈川中央交通（株）", "N07_002": null, "index_right": 880 }, "geometry": { "type": "LineString", "coordinates": [ [ 139.379554412426728, 35.346855837800241 ], [ 139.378996466982528, 35.347207181975527 ], [ 139.378599322587377, 35.347467149466091 ], [ 139.378304100265751, 35.347633795114668 ], [ 139.378133020235452, 35.347717395542453 ], [ 139.377894448347291, 35.347772109695505 ], [ 139.377791964281755, 35.3477815522184 ], [ 139.377360641097596, 35.34780043531206 ], [ 139.377372050498138, 35.348170395391747 ], [ 139.377360678904154, 35.348430644931547 ] ] } },
{ "type": "Feature", "properties": { "N07_001": "神奈川中央交通（株）", "N07_002": null, "index_right": 880 }, "geometry": { "type": "LineString", "coordinates": [ [ 139.396529881871288, 35.351717180011669 ], [ 139.396495973208431, 35.35111477308434 ], [ 139.39655207614797, 35.35092091542802 ], [ 139.396598458760053, 35.350772328366126 ], [ 139.396620956309931, 35.350717059649348 ], [ 139.396654562193362, 35.350587358326599 ], [ 139.396677059779279, 35.350532089630953 ], [ 139.396734552494905, 35.350355729468937 ], [ 139.396813710998771, 35.350161595143909 ], [ 139.396882037047959, 35.349967184685276 ], [ 139.396938416985876, 35.349717226745085 ], [ 139.396984791575733, 35.349300627695662 ], [ 139.397029779467658, 35.348949573890749 ], [ 139.397154757540505, 35.348328566608572 ], [ 139.397188361274601, 35.34811610166004 ] ] } },
{ "type": "Feature", "properties": { "N07_001": "神奈川中央交通（株）", "N07_002": null, "index_right": 880 }, "geometry": { "type": "LineString", "coordinates": [ [ 139.398063601421626, 35.344023765095983 ], [ 139.398210883878363, 35.343255306901597 ], [ 139.398290912090886, 35.34288510293954 ] ] } },
{ "type": "Feature", "properties": { "N07_001": "神奈川中央交通（株）", "N07_002": null, "index_right": 880 }, "geometry": { "type": "LineString", "coordinates": [ [ 139.394848646078401, 35.353823501019747 ], [ 139.394824742189684, 35.353578259639498 ], [ 139.394813622491597, 35.353439391382523 ], [ 139.39481361344545, 35.353299967788296 ], [ 139.394824719567225, 35.353207759563887 ], [ 139.394871101562813, 35.353086945037639 ], [ 139.394904707492401, 35.352994181695358 ], [ 139.394951091940442, 35.35292919213142 ], [ 139.394984699543812, 35.352874756369388 ], [ 139.39500719753417, 35.352846149892429 ], [ 139.395040806291235, 35.352818654517591 ], [ 139.395109967437861, 35.352745055518326 ], [ 139.395404670345499, 35.352522593578712 ], [ 139.395576048277661, 35.352392615980541 ], [ 139.395745760573391, 35.35228235768561 ], [ 139.395949636809945, 35.352123774144154 ], [ 139.396326281170786, 35.35183715792045 ], [ 139.396529881871288, 35.351717180011669 ] ] } },
{ "type": "Feature", "properties": { "N07_001": "神奈川中央交通（株）", "N07_002": null, "index_right": 880 }, "geometry": { "type": "LineString", "coordinates": [ [ 139.397188361274601, 35.34811610166004 ], [ 139.397460812316638, 35.346718001923733 ], [ 139.397518025727891, 35.346468044186309 ], [ 139.397585793068316, 35.346171427682236 ], [ 139.397643007133155, 35.345940633637305 ], [ 139.397779654517024, 35.345394060128228 ] ] } },
{ "type": "Feature", "properties": { "N07_001": "神奈川中央交通（株）", "N07_002": null, "index_right": 880 }, "geometry": { "type": "LineString", "coordinates": [ [ 139.397394020103064, 35.339367679855869 ], [ 139.397439034058749, 35.339181606023338 ], [ 139.397791314102165, 35.338283733771426 ], [ 139.398029962017461, 35.337673023815832 ], [ 139.398280272249394, 35.337080643022823 ], [ 139.398473908140545, 35.336608237185693 ], [ 139.398507808873404, 35.33651575681899 ] ] } },
{ "type": "Feature", "properties": { "N07_001": "神奈川中央交通（株）", "N07_002": null, "index_right": 880 }, "geometry": { "type": "LineString", "coordinates": [ [ 139.413632726643073, 35.367400745964076 ], [ 139.414837711339317, 35.367668927214226 ], [ 139.415507706022055, 35.367882042343552 ], [ 139.415757982965999, 35.367984005360086 ] ] } },
{ "type": "Feature", "properties": { "N07_001": "神奈川中央交通（株）", "N07_002": null, "index_right": 880 }, "geometry": { "type": "LineString", "coordinates": [ [ 139.405485407916757, 35.367131588663959 ], [ 139.406179564665678, 35.367214624162052 ], [ 139.406916499496873, 35.36731626615186 ], [ 139.407554267907898, 35.367390413364006 ], [ 139.408030372708225, 35.367455674262814 ], [ 139.409974509223275, 35.367696822466165 ], [ 139.410701995460386, 35.367779134567883 ], [ 139.410860603000884, 35.367789155808545 ], [ 139.411030320672381, 35.367789180674691 ], [ 139.41133669944918, 35.36776089781474 ], [ 139.411519192124757, 35.367724265062805 ], [ 139.411644186301857, 35.36768679068458 ], [ 139.412030555840602, 35.36754854065385 ], [ 139.412258043231247, 35.367446926730175 ], [ 139.412405258600472, 35.367400568132389 ], [ 139.412599417205712, 35.367353938544383 ], [ 139.412701358399119, 35.36734451065599 ], [ 139.413054403673556, 35.367326787318156 ] ] } },
{ "type": "Feature", "properties": { "N07_001": "神奈川中央交通（株）", "N07_002": null, "index_right": 880 }, "geometry": { "type": "LineString", "coordinates": [ [ 139.398394333037203, 35.369122478622558 ], [ 139.398633214752607, 35.369103032148431 ], [ 139.398871818069892, 35.369075253557057 ], [ 139.399042089729647, 35.369048031836506 ], [ 139.399429851979505, 35.368964702893109 ], [ 139.399803168085896, 35.368853878591722 ], [ 139.400155926363482, 35.368705838405397 ], [ 139.40037202462463, 35.368602794425378 ], [ 139.400963376733301, 35.368297831062243 ], [ 139.401235583561458, 35.368177290113508 ], [ 139.401746949469725, 35.368029528594604 ], [ 139.402485527559151, 35.367816775921284 ], [ 139.403291879233223, 35.367566530872757 ], [ 139.403371598258644, 35.367548199845331 ], [ 139.404064341656749, 35.367298236251351 ], [ 139.404394048168371, 35.367187419616073 ], [ 139.404644313349621, 35.36709382315955 ], [ 139.404802918834008, 35.367066604715966 ], [ 139.404996526175609, 35.367075768535479 ], [ 139.405211800333149, 35.367093819489739 ], [ 139.405485407916757, 35.367131588663959 ] ] } },
{ "type": "Feature", "properties": { "N07_001": "神奈川中央交通（株）", "N07_002": null, "index_right": 880 }, "geometry": { "type": "LineString", "coordinates": [ [ 139.408190137958854, 35.320398981722612 ], [ 139.408190161033588, 35.320214292425639 ], [ 139.408167723474264, 35.319574951195563 ], [ 139.408167747540972, 35.319232224360377 ], [ 139.408156955804799, 35.31865842083203 ] ] } },
{ "type": "Feature", "properties": { "N07_001": "神奈川中央交通（株）", "N07_002": null, "index_right": 880 }, "geometry": { "type": "LineString", "coordinates": [ [ 139.408225384343837, 35.32284271272011 ], [ 139.408225488274553, 35.322009527835597 ], [ 139.408225524026705, 35.321722912235323 ], [ 139.408202812393426, 35.321214114117389 ], [ 139.408202822831811, 35.321130517906177 ], [ 139.408202881855487, 35.320657824379666 ], [ 139.408190137958854, 35.320398981722612 ] ] } },
{ "type": "Feature", "properties": { "N07_001": "神奈川中央交通（株）", "N07_002": null, "index_right": 880 }, "geometry": { "type": "LineString", "coordinates": [ [ 139.413984820324259, 35.318221658322194 ], [ 139.415281037273473, 35.318102187048282 ], [ 139.41530320596695, 35.31919537449479 ], [ 139.415303192284, 35.319491724036141 ], [ 139.415325663471037, 35.32004637210261 ] ] } },
{ "type": "Feature", "properties": { "N07_001": "神奈川中央交通（株）", "N07_002": null, "index_right": 880 }, "geometry": { "type": "LineString", "coordinates": [ [ 139.408156955804799, 35.31865842083203 ], [ 139.409418196643202, 35.318584809708284 ], [ 139.411100199953808, 35.318454775023369 ], [ 139.413463777951023, 35.31826916891707 ], [ 139.413984820324259, 35.318221658322194 ] ] } },
{ "type": "Feature", "properties": { "N07_001": "神奈川中央交通（株）", "N07_002": null, "index_right": 880 }, "geometry": { "type": "LineString", "coordinates": [ [ 139.414929615030303, 35.324990717700885 ], [ 139.414929607583588, 35.325129310168599 ], [ 139.414882924528314, 35.32549064988315 ], [ 139.414849304985665, 35.325684789913517 ], [ 139.41475817223855, 35.326175555389021 ], [ 139.414689255853432, 35.326731589563607 ], [ 139.414610613122676, 35.327351503091698 ], [ 139.41457309423231, 35.327706175735003 ] ] } },
{ "type": "Feature", "properties": { "N07_001": "神奈川中央交通（株）", "N07_002": null, "index_right": 880 }, "geometry": { "type": "LineString", "coordinates": [ [ 139.415325663471037, 35.32004637210261 ], [ 139.415338409655163, 35.320657680211745 ], [ 139.415360890664488, 35.320991524718799 ], [ 139.415360869040171, 35.321435077540464 ], [ 139.415360852737308, 35.321769478039698 ], [ 139.415349456509205, 35.32194473293881 ], [ 139.415303051500189, 35.322370233021147 ], [ 139.415291935523783, 35.322491050531987 ], [ 139.415202194593178, 35.323037367850496 ], [ 139.415144402299319, 35.323425649871403 ], [ 139.415030764724207, 35.32412083494836 ], [ 139.414939631195722, 35.324676037872109 ], [ 139.4149296239693, 35.324824351191538 ], [ 139.414929615030303, 35.324990717700885 ] ] } },
{ "type": "Feature", "properties": { "N07_001": "神奈川中央交通（株）", "N07_002": null, "index_right": 880 }, "geometry": { "type": "LineString", "coordinates": [ [ 139.414492862498719, 35.330086620537479 ], [ 139.414507829667997, 35.330379071413283 ], [ 139.414554166344033, 35.330841772487204 ], [ 139.414610202902793, 35.33150777300424 ], [ 139.414632673891361, 35.331768007671279 ], [ 139.414655142074224, 35.332054349070795 ] ] } },
{ "type": "Feature", "properties": { "N07_001": "神奈川中央交通（株）", "N07_002": null, "index_right": 880 }, "geometry": { "type": "LineString", "coordinates": [ [ 139.41457309423231, 35.327706175735003 ], [ 139.414564201057203, 35.327786164514684 ], [ 139.414530571192387, 35.328129727458865 ], [ 139.414519178424172, 35.32820277261775 ], [ 139.414496372310168, 35.328499390532507 ], [ 139.41448551458717, 35.328721574611158 ], [ 139.414474384167988, 35.328897933123777 ], [ 139.414461545999899, 35.329443117694474 ], [ 139.414492862498719, 35.330086620537479 ] ] } },
{ "type": "Feature", "properties": { "N07_001": "神奈川中央交通（株）", "N07_002": null, "index_right": 880 }, "geometry": { "type": "LineString", "coordinates": [ [ 139.413064114673091, 35.331480486833563 ], [ 139.412701080840833, 35.33134105094144 ], [ 139.412576367133511, 35.331285777497264 ], [ 139.41235999397162, 35.331183841770844 ], [ 139.412200006773503, 35.331100516412533 ], [ 139.411871147632752, 35.330906370571256 ], [ 139.411666719664709, 35.330804435927128 ], [ 139.411563949638605, 35.330758051144457 ], [ 139.411360348041427, 35.33071221767441 ] ] } },
{ "type": "Feature", "properties": { "N07_001": "神奈川中央交通（株）", "N07_002": null, "index_right": 880 }, "geometry": { "type": "LineString", "coordinates": [ [ 139.414655142074224, 35.332054349070795 ], [ 139.414291547905464, 35.331933797187254 ], [ 139.413769075623009, 35.331739639994275 ], [ 139.413382707516746, 35.331600480057652 ], [ 139.413064114673091, 35.331480486833563 ] ] } },
{ "type": "Feature", "properties": { "N07_001": "神奈川中央交通（株）", "N07_002": null, "index_right": 880 }, "geometry": { "type": "LineString", "coordinates": [ [ 139.407314506474791, 35.330142205493445 ], [ 139.407337889705246, 35.329786440914532 ] ] } },
{ "type": "Feature", "properties": { "N07_001": "神奈川中央交通（株）", "N07_002": null, "index_right": 880 }, "geometry": { "type": "LineString", "coordinates": [ [ 139.407337889705246, 35.329786440914532 ], [ 139.407166793145137, 35.329776439895106 ] ] } },
{ "type": "Feature", "properties": { "N07_001": "神奈川中央交通（株）", "N07_002": null, "index_right": 880 }, "geometry": { "type": "LineString", "coordinates": [ [ 139.408269583123911, 35.324777368251731 ], [ 139.408269593392504, 35.324694882937507 ], [ 139.408258822313371, 35.324203581482521 ], [ 139.408258826914022, 35.32416664361569 ], [ 139.408247216800902, 35.323722278276001 ], [ 139.40823644577344, 35.323231532340394 ], [ 139.408236481438507, 35.32294547218747 ], [ 139.408225384343837, 35.32284271272011 ] ] } },
{ "type": "Feature", "properties": { "N07_001": "神奈川中央交通（株）", "N07_002": null, "index_right": 880 }, "geometry": { "type": "LineString", "coordinates": [ [ 139.407508039321357, 35.328665547818787 ], [ 139.407610860059634, 35.328314227927798 ], [ 139.40774673887455, 35.327879308564306 ], [ 139.407905684103469, 35.327333297497653 ], [ 139.408224958262593, 35.326258493018337 ], [ 139.408281090729815, 35.326046586826507 ], [ 139.408269562379246, 35.32494400525016 ], [ 139.408269583123911, 35.324777368251731 ] ] } },
{ "type": "Feature", "properties": { "N07_001": "神奈川中央交通（株）", "N07_002": null, "index_right": 880 }, "geometry": { "type": "LineString", "coordinates": [ [ 139.388294202258749, 35.322490771601068 ], [ 139.388577799430806, 35.322518000329048 ], [ 139.388714181990707, 35.32252855949497 ], [ 139.38906666558924, 35.322555791032002 ], [ 139.389464144590789, 35.322601631853829 ], [ 139.390021337010467, 35.322666642075795 ], [ 139.391157664647636, 35.322796662966155 ], [ 139.391737634841178, 35.322851675670513 ], [ 139.391907903309317, 35.322870845434366 ], [ 139.392373991503717, 35.322907523702945 ] ] } },
{ "type": "Feature", "properties": { "N07_001": "神奈川中央交通（株）", "N07_002": null, "index_right": 880 }, "geometry": { "type": "LineString", "coordinates": [ [ 139.402543278750557, 35.32425882848468 ], [ 139.403167666011427, 35.32422244889996 ], [ 139.4034290314423, 35.324203564568904 ], [ 139.4035890166532, 35.324194677943517 ], [ 139.403645399855122, 35.324194678139513 ], [ 139.404122849072252, 35.324212454198033 ], [ 139.404406705218861, 35.324240783170978 ], [ 139.404577518746578, 35.324258835935353 ], [ 139.404678895960586, 35.324269112147618 ], [ 139.405212718248947, 35.324360763653331 ] ] } },
{ "type": "Feature", "properties": { "N07_001": "神奈川中央交通（株）", "N07_002": null, "index_right": 880 }, "geometry": { "type": "LineString", "coordinates": [ [ 139.404146045538113, 35.318732603278619 ], [ 139.406328559456512, 35.318741754029965 ], [ 139.407065693347306, 35.318732583769517 ], [ 139.408156955804799, 35.31865842083203 ] ] } },
{ "type": "Feature", "properties": { "N07_001": "神奈川中央交通（株）", "N07_002": null, "index_right": 880 }, "geometry": { "type": "LineString", "coordinates": [ [ 139.386836116605366, 35.318684718081855 ], [ 139.386817513108269, 35.318592786569042 ], [ 139.386807522631756, 35.318472804082184 ], [ 139.386807533306722, 35.318333935971907 ], [ 139.386817546522906, 35.318157851638297 ], [ 139.386955128215419, 35.317028303984863 ], [ 139.390465809744228, 35.317390061873716 ] ] } },
{ "type": "Feature", "properties": { "N07_001": "神奈川中央交通（株）", "N07_002": null, "index_right": 880 }, "geometry": { "type": "LineString", "coordinates": [ [ 139.388294202258749, 35.322490771601068 ], [ 139.388294247998857, 35.322194995548543 ], [ 139.388294266681442, 35.322074185611591 ], [ 139.388283170272473, 35.321981425324161 ], [ 139.388249021778108, 35.321870889707654 ], [ 139.388191542277667, 35.321749799555768 ], [ 139.38814711201411, 35.321666758139891 ], [ 139.387589477967992, 35.320833560789715 ], [ 139.38755726510206, 35.320777736730577 ], [ 139.387454513789208, 35.320621373209363 ], [ 139.387340668575234, 35.320351975222941 ], [ 139.387249600208634, 35.320083411343887 ], [ 139.387192125217439, 35.319908162874839 ], [ 139.387079931637913, 35.319565430925046 ], [ 139.387011060026509, 35.31936129154019 ], [ 139.386919974650425, 35.319056055203284 ], [ 139.386863327295629, 35.318824698355961 ], [ 139.386836116605366, 35.318684718081855 ] ] } },
{ "type": "Feature", "properties": { "N07_001": "神奈川中央交通（株）", "N07_002": null, "index_right": 880 }, "geometry": { "type": "LineString", "coordinates": [ [ 139.390465809744228, 35.317390061873716 ], [ 139.392669331127564, 35.317621510219439 ], [ 139.394260656434909, 35.317825438504258 ], [ 139.394703139316391, 35.317881005413959 ], [ 139.396124472846054, 35.3181118691545 ] ] } },
{ "type": "Feature", "properties": { "N07_001": "神奈川中央交通（株）", "N07_002": null, "index_right": 880 }, "geometry": { "type": "LineString", "coordinates": [ [ 139.401577469613329, 35.318667907064949 ], [ 139.403452240856069, 35.31872316479302 ], [ 139.404146045538113, 35.318732603278619 ] ] } },
{ "type": "Feature", "properties": { "N07_001": "神奈川中央交通（株）", "N07_002": null, "index_right": 880 }, "geometry": { "type": "LineString", "coordinates": [ [ 139.399351630295712, 35.318575433944979 ], [ 139.400760347464029, 35.318630972978916 ], [ 139.401577469613329, 35.318667907064949 ] ] } },
{ "type": "Feature", "properties": { "N07_001": "神奈川中央交通（株）", "N07_002": null, "index_right": 880 }, "geometry": { "type": "LineString", "coordinates": [ [ 139.396124472846054, 35.3181118691545 ], [ 139.396646952977989, 35.31820437970682 ], [ 139.396771948096131, 35.318232437058668 ], [ 139.397191898408721, 35.318316036709888 ], [ 139.397805432420398, 35.318426574276486 ], [ 139.398465628068294, 35.318510170387725 ], [ 139.398569226377361, 35.318520168425174 ] ] } },
{ "type": "Feature", "properties": { "N07_001": "神奈川中央交通（株）", "N07_002": null, "index_right": 880 }, "geometry": { "type": "LineString", "coordinates": [ [ 139.398569226377361, 35.318520168425174 ], [ 139.398863078939058, 35.318547940693136 ], [ 139.399351630295712, 35.318575433944979 ] ] } },
{ "type": "Feature", "properties": { "N07_001": "神奈川中央交通（株）", "N07_002": null, "index_right": 880 }, "geometry": { "type": "LineString", "coordinates": [ [ 139.43497361627584, 35.325601787237055 ], [ 139.435496079724146, 35.325611255921885 ], [ 139.43571106426009, 35.325592934960781 ] ] } },
{ "type": "Feature", "properties": { "N07_001": "神奈川中央交通（株）", "N07_002": null, "index_right": 880 }, "geometry": { "type": "LineString", "coordinates": [ [ 139.437257339672954, 35.325278321974615 ], [ 139.437393718676844, 35.325251664867515 ], [ 139.437824520373482, 35.325130032563571 ], [ 139.438928607872185, 35.324889835362498 ], [ 139.439438016191957, 35.32477820613412 ], [ 139.439960757036886, 35.324648801886596 ] ] } },
{ "type": "Feature", "properties": { "N07_001": "神奈川中央交通（株）", "N07_002": null, "index_right": 880 }, "geometry": { "type": "LineString", "coordinates": [ [ 139.408269583123911, 35.324777368251731 ], [ 139.408962291016195, 35.32479625739775 ], [ 139.410019979135171, 35.324833757931735 ], [ 139.410361064649408, 35.324842092401269 ], [ 139.411291827984968, 35.324869872678292 ] ] } },
{ "type": "Feature", "properties": { "N07_001": "神奈川中央交通（株）", "N07_002": null, "index_right": 880 }, "geometry": { "type": "LineString", "coordinates": [ [ 139.414929615030303, 35.324990717700885 ], [ 139.415644563686129, 35.325009332518043 ], [ 139.416496724941993, 35.325036281043381 ], [ 139.417235561266637, 35.325064617596325 ], [ 139.417711638761858, 35.325082953155203 ], [ 139.41859907681453, 35.325101570432459 ], [ 139.418996271392899, 35.325116017070378 ] ] } },
{ "type": "Feature", "properties": { "N07_001": "神奈川中央交通（株）", "N07_002": null, "index_right": 880 }, "geometry": { "type": "LineString", "coordinates": [ [ 139.411291827984968, 35.324869872678292 ], [ 139.412996978700392, 35.32492571082215 ], [ 139.413144189732861, 35.324934877327941 ], [ 139.413804696931237, 35.324954046643839 ], [ 139.413860804055673, 35.324954047108797 ], [ 139.414304660847677, 35.324963216179484 ], [ 139.414929615030303, 35.324990717700885 ] ] } },
{ "type": "Feature", "properties": { "N07_001": "神奈川中央交通（株）", "N07_002": null, "index_right": 880 }, "geometry": { "type": "LineString", "coordinates": [ [ 139.431654815598449, 35.325509163695287 ], [ 139.432507302146746, 35.325528638638666 ], [ 139.433382566054661, 35.325546447900194 ], [ 139.434438653496613, 35.325583707747043 ], [ 139.43497361627584, 35.325601787237055 ] ] } },
{ "type": "Feature", "properties": { "N07_001": "神奈川中央交通（株）", "N07_002": null, "index_right": 880 }, "geometry": { "type": "LineString", "coordinates": [ [ 139.418996271392899, 35.325116017070378 ], [ 139.419882599074015, 35.325148522236461 ] ] } },
{ "type": "Feature", "properties": { "N07_001": "神奈川中央交通（株）", "N07_002": null, "index_right": 880 }, "geometry": { "type": "LineString", "coordinates": [ [ 139.439960757036886, 35.324648801886596 ], [ 139.438848604792639, 35.324149080370731 ], [ 139.437973380468321, 35.323768800968459 ], [ 139.436938441359132, 35.323297411706811 ], [ 139.436677067772735, 35.323195187409027 ] ] } },
{ "type": "Feature", "properties": { "N07_001": "神奈川中央交通（株）", "N07_002": null, "index_right": 880 }, "geometry": { "type": "LineString", "coordinates": [ [ 139.436677067772735, 35.323195187409027 ], [ 139.436859563573876, 35.323667645086424 ], [ 139.436904840595986, 35.323806521084471 ], [ 139.436995678760695, 35.324491728532614 ], [ 139.437018178690636, 35.324583941787807 ], [ 139.437075677819138, 35.324778090059695 ], [ 139.437257339672954, 35.325278321974615 ] ] } },
{ "type": "Feature", "properties": { "N07_001": "神奈川中央交通（株）", "N07_002": null, "index_right": 880 }, "geometry": { "type": "LineString", "coordinates": [ [ 139.438551857296233, 35.332925871730666 ], [ 139.438598236655025, 35.333130017949401 ], [ 139.438620733180159, 35.333194178555523 ], [ 139.438700723759638, 35.333333055772364 ], [ 139.439415384445283, 35.333916357607109 ], [ 139.43951787581392, 35.334000241958485 ], [ 139.440098384060747, 35.334452996533365 ], [ 139.4402905907356, 35.334611043515999 ], [ 139.440438356707858, 35.33473159258962 ], [ 139.440654449282533, 35.334963243665612 ], [ 139.440892762426785, 35.335222114994224 ], [ 139.441178293460524, 35.335564868145767 ], [ 139.441427717482895, 35.335842349067789 ], [ 139.441642977924403, 35.336083443543934 ], [ 139.441722971505186, 35.336175381549886 ], [ 139.441779078762437, 35.336212880013889 ], [ 139.441881572068127, 35.336267600952162 ], [ 139.442370434457189, 35.336295398352483 ], [ 139.44292651541079, 35.336332642277526 ], [ 139.443381768623851, 35.336361271364069 ] ] } },
{ "type": "Feature", "properties": { "N07_001": "神奈川中央交通（株）", "N07_002": null, "index_right": 880 }, "geometry": { "type": "LineString", "coordinates": [ [ 139.414655142074224, 35.332054349070795 ], [ 139.415665941888051, 35.332286302137206 ], [ 139.416530082605902, 35.332480478251973 ], [ 139.417235064028432, 35.332627710908199 ], [ 139.417643387290468, 35.332711884152189 ], [ 139.417882551025428, 35.332730504059576 ], [ 139.418155048793892, 35.332739960403607 ], [ 139.418757267968317, 35.332739989982024 ] ] } },
{ "type": "Feature", "properties": { "N07_001": "神奈川中央交通（株）", "N07_002": null, "index_right": 880 }, "geometry": { "type": "LineString", "coordinates": [ [ 139.422007515659288, 35.332933732342255 ], [ 139.422540842853124, 35.332952087107905 ], [ 139.423076115676992, 35.332952111227677 ], [ 139.423790831284634, 35.332952143433275 ], [ 139.424166382778651, 35.332961603512182 ], [ 139.425359983895817, 35.332944437400201 ], [ 139.425813591938834, 35.332925293699631 ], [ 139.426484978911787, 35.332850889183909 ] ] } },
{ "type": "Feature", "properties": { "N07_001": "神奈川中央交通（株）", "N07_002": null, "index_right": 880 }, "geometry": { "type": "LineString", "coordinates": [ [ 139.418757267968317, 35.332739989982024 ], [ 139.419246153610231, 35.332749457002862 ], [ 139.41943837487085, 35.332749466450821 ], [ 139.419530040411757, 35.332757803031924 ], [ 139.42012086723301, 35.332804769554876 ], [ 139.420768360233268, 35.332859793472551 ], [ 139.421074746447147, 35.332878972545828 ], [ 139.421518353830976, 35.33290649062377 ] ] } },
{ "type": "Feature", "properties": { "N07_001": "神奈川中央交通（株）", "N07_002": null, "index_right": 880 }, "geometry": { "type": "LineString", "coordinates": [ [ 139.428882466326314, 35.332666019651938 ], [ 139.430053842377106, 35.332693568248963 ], [ 139.430826333931606, 35.332712489184523 ], [ 139.431677157194599, 35.332750022602703 ], [ 139.43218854077216, 35.332758377750707 ] ] } },
{ "type": "Feature", "properties": { "N07_001": "神奈川中央交通（株）", "N07_002": null, "index_right": 880 }, "geometry": { "type": "LineString", "coordinates": [ [ 139.426484978911787, 35.332850889183909 ], [ 139.427212478347514, 35.332740380459654 ], [ 139.427666088265681, 35.332684018965914 ], [ 139.427893587560504, 35.3326570880429 ], [ 139.428188584684136, 35.332657101117263 ], [ 139.428882466326314, 35.332666019651938 ] ] } },
{ "type": "Feature", "properties": { "N07_001": "神奈川中央交通（株）", "N07_002": null, "index_right": 880 }, "geometry": { "type": "LineString", "coordinates": [ [ 139.435109855213057, 35.332832667662181 ], [ 139.436120901448362, 35.332860489009406 ], [ 139.437290826389358, 35.332898038837754 ], [ 139.438551857296233, 35.332925871730666 ] ] } },
{ "type": "Feature", "properties": { "N07_001": "神奈川中央交通（株）", "N07_002": null, "index_right": 880 }, "geometry": { "type": "LineString", "coordinates": [ [ 139.43218854077216, 35.332758377750707 ], [ 139.433928799328498, 35.332814282405522 ], [ 139.434007409693805, 35.332814285920492 ], [ 139.434335738198769, 35.332814300646781 ], [ 139.434529892177181, 35.332824030747943 ], [ 139.435109855213057, 35.332832667662181 ] ] } },
{ "type": "Feature", "properties": { "N07_001": "神奈川中央交通（株）", "N07_002": null, "index_right": 880 }, "geometry": { "type": "LineString", "coordinates": [ [ 139.443381768623851, 35.336361271364069 ], [ 139.44406284307388, 35.33640740900632 ] ] } },
{ "type": "Feature", "properties": { "N07_001": "神奈川中央交通（株）", "N07_002": null, "index_right": 880 }, "geometry": { "type": "LineString", "coordinates": [ [ 139.43824560100748, 35.329536788241882 ], [ 139.438335834116401, 35.330684998644479 ], [ 139.438359713042928, 35.330935805319648 ], [ 139.438426906597527, 35.33166656087694 ], [ 139.438529365349297, 35.332722282109437 ], [ 139.438551857296233, 35.332925871730666 ] ] } },
{ "type": "Feature", "properties": { "N07_001": "神奈川中央交通（株）", "N07_002": null, "index_right": 880 }, "geometry": { "type": "LineString", "coordinates": [ [ 139.437962049909203, 35.328000000769428 ], [ 139.43812118813716, 35.328870745143611 ], [ 139.438188392284843, 35.329259038580567 ], [ 139.43824560100748, 35.329536788241882 ] ] } },
{ "type": "Feature", "properties": { "N07_001": "神奈川中央交通（株）", "N07_002": null, "index_right": 880 }, "geometry": { "type": "LineString", "coordinates": [ [ 139.437483452463539, 35.32646209195272 ], [ 139.437563450468843, 35.326722900445418 ], [ 139.437779832809241, 35.327380338337271 ] ] } },
{ "type": "Feature", "properties": { "N07_001": "神奈川中央交通（株）", "N07_002": null, "index_right": 880 }, "geometry": { "type": "LineString", "coordinates": [ [ 139.414723403800394, 35.335229926194664 ], [ 139.414576126727297, 35.335711502508673 ], [ 139.414495537197638, 35.336007280689067 ], [ 139.414404665260179, 35.336340273927355 ] ] } },
{ "type": "Feature", "properties": { "N07_001": "神奈川中央交通（株）", "N07_002": null, "index_right": 880 }, "geometry": { "type": "LineString", "coordinates": [ [ 139.414655142074224, 35.332054349070795 ], [ 139.414677344671077, 35.332230709129625 ], [ 139.41480225758815, 35.333017804340891 ], [ 139.414893586811729, 35.333563550293071 ], [ 139.414938798363607, 35.334174005447551 ], [ 139.414928773121687, 35.334406188028829 ], [ 139.414904593316407, 35.334525888744928 ], [ 139.414837059484881, 35.334832222173866 ], [ 139.414779536866519, 35.33503468468804 ], [ 139.414723403800394, 35.335229926194664 ] ] } },
{ "type": "Feature", "properties": { "N07_001": "神奈川中央交通（株）", "N07_002": null, "index_right": 880 }, "geometry": { "type": "LineString", "coordinates": [ [ 139.409200223240248, 35.329953107975669 ], [ 139.409360210106172, 35.329980606731425 ], [ 139.409564087907341, 35.330026994751705 ], [ 139.409882677965157, 35.330127821557866 ], [ 139.410485137404777, 35.330331974048704 ], [ 139.411155094686677, 35.330554460207964 ], [ 139.411223975028577, 35.330609730717306 ], [ 139.411360348041427, 35.33071221767441 ] ] } },
{ "type": "Feature", "properties": { "N07_001": "神奈川中央交通（株）", "N07_002": null, "index_right": 880 }, "geometry": { "type": "LineString", "coordinates": [ [ 139.407337889705246, 35.329786440914532 ], [ 139.407950338846007, 35.329813946185034 ], [ 139.408235589462322, 35.329850888489233 ], [ 139.408724432927016, 35.329906719638679 ], [ 139.409200223240248, 35.329953107975669 ] ] } },
{ "type": "Feature", "properties": { "N07_001": "神奈川中央交通（株）", "N07_002": null, "index_right": 880 }, "geometry": { "type": "LineString", "coordinates": [ [ 139.404803146737009, 35.329359813933245 ], [ 139.405769156197692, 35.329545905047574 ], [ 139.406257998127927, 35.329610345291243 ], [ 139.40632715688983, 35.329628120806859 ], [ 139.406474363682946, 35.329656451171203 ], [ 139.406621848240576, 35.329684781550519 ] ] } },
{ "type": "Feature", "properties": { "N07_001": "神奈川中央交通（株）", "N07_002": null, "index_right": 880 }, "geometry": { "type": "LineString", "coordinates": [ [ 139.395260202508467, 35.323315056411076 ], [ 139.395340170768179, 35.323472249075749 ], [ 139.395181547183682, 35.323573888329129 ], [ 139.395021536456539, 35.323666918271989 ], [ 139.394896253545795, 35.323722179684736 ], [ 139.394760141142342, 35.323758833447656 ], [ 139.394657643517036, 35.323767994226451 ], [ 139.394373486231075, 35.323777981102921 ] ] } },
{ "type": "Feature", "properties": { "N07_001": "神奈川中央交通（株）", "N07_002": null, "index_right": 880 }, "geometry": { "type": "LineString", "coordinates": [ [ 139.393044089275321, 35.323805701508583 ], [ 139.393032370129987, 35.324110638993105 ], [ 139.393032341056909, 35.324278104909723 ], [ 139.393043978401408, 35.32444418265775 ], [ 139.393078944834087, 35.324628868587304 ], [ 139.393112250948519, 35.324777172950398 ], [ 139.393123353412705, 35.324824108242709 ], [ 139.393191094511593, 35.325017682382487 ], [ 139.39327075337809, 35.325360393136471 ], [ 139.393293234597735, 35.325462039861712 ], [ 139.393338487565302, 35.325592014928858 ], [ 139.39348731582561, 35.325898068691878 ], [ 139.393543685772727, 35.325990551716188 ], [ 139.393668647214724, 35.326175240393319 ] ] } },
{ "type": "Feature", "properties": { "N07_001": "神奈川中央交通（株）", "N07_002": null, "index_right": 880 }, "geometry": { "type": "LineString", "coordinates": [ [ 139.399997583571775, 35.326573629124454 ], [ 139.400236707369714, 35.326703049989376 ], [ 139.400315306868407, 35.326731378470491 ], [ 139.400406403813179, 35.32676859420463 ], [ 139.400578051220378, 35.326794979687335 ], [ 139.400680261329001, 35.326814699091827 ], [ 139.401122711041211, 35.326888578201441 ], [ 139.401736256149974, 35.32697162433363 ], [ 139.401930403232797, 35.326990511754552 ], [ 139.402622272858792, 35.327092166684139 ], [ 139.402747259388775, 35.327110775671024 ] ] } },
{ "type": "Feature", "properties": { "N07_001": "神奈川中央交通（株）", "N07_002": null, "index_right": 880 }, "geometry": { "type": "LineString", "coordinates": [ [ 139.395145657334638, 35.326943186384845 ], [ 139.395634288873822, 35.326694087558749 ], [ 139.395805958683582, 35.326629662236293 ], [ 139.396259284598472, 35.326546083646114 ], [ 139.39636206082784, 35.326526646699385 ], [ 139.39647539870731, 35.326471939765042 ], [ 139.39655429578761, 35.326407233813768 ], [ 139.396736816410765, 35.326249495458519 ], [ 139.396895444036574, 35.326101196614879 ], [ 139.397009619473806, 35.325999552403339 ], [ 139.397168233456199, 35.325907073237978 ], [ 139.397270731027703, 35.325869859698393 ], [ 139.397747933286894, 35.325740723958411 ] ] } },
{ "type": "Feature", "properties": { "N07_001": "神奈川中央交通（株）", "N07_002": null, "index_right": 880 }, "geometry": { "type": "LineString", "coordinates": [ [ 139.393668647214724, 35.326175240393319 ], [ 139.393815808189146, 35.326481015989081 ], [ 139.393907161358499, 35.326656816264467 ], [ 139.393963253264729, 35.326749021389134 ], [ 139.394020460917318, 35.326814565342801 ], [ 139.394065726490794, 35.326870110949613 ], [ 139.394190976354736, 35.326990368030522 ], [ 139.394270962210811, 35.327046192436299 ], [ 139.394418437959501, 35.327138400361981 ], [ 139.39455535850513, 35.327231163337011 ], [ 139.394634526012396, 35.327203116094815 ], [ 139.395145657334638, 35.326943186384845 ] ] } },
{ "type": "Feature", "properties": { "N07_001": "神奈川中央交通（株）", "N07_002": null, "index_right": 880 }, "geometry": { "type": "LineString", "coordinates": [ [ 139.394373486231075, 35.323777981102921 ], [ 139.393963783528932, 35.323758802434128 ], [ 139.393669072880925, 35.323758790956852 ], [ 139.39346519199907, 35.323758783016864 ], [ 139.393044089275321, 35.323805701508583 ] ] } },
{ "type": "Feature", "properties": { "N07_001": "神奈川中央交通（株）", "N07_002": null, "index_right": 880 }, "geometry": { "type": "LineString", "coordinates": [ [ 139.397747933286894, 35.325740723958411 ], [ 139.397998438798254, 35.325888750735096 ], [ 139.398305328408668, 35.326037333666015 ], [ 139.398600554795195, 35.326175363374162 ], [ 139.398656657600924, 35.326193693449817 ], [ 139.398861900538321, 35.326286454081547 ], [ 139.399031873980931, 35.326351164669312 ], [ 139.399247956087976, 35.326407266426685 ], [ 139.399462933931289, 35.326425320436307 ], [ 139.39961180654177, 35.326443373806484 ], [ 139.39977039552889, 35.326490588044265 ], [ 139.399997583571775, 35.326573629124454 ] ] } },
{ "type": "Feature", "properties": { "N07_001": "神奈川中央交通（株）", "N07_002": null, "index_right": 880 }, "geometry": { "type": "LineString", "coordinates": [ [ 139.402747259388775, 35.327110775671024 ], [ 139.403202769393232, 35.327156883340436 ], [ 139.403588563225753, 35.327203268004382 ], [ 139.403770178671039, 35.327443502088343 ], [ 139.403883759610295, 35.327582921400627 ] ] } },
{ "type": "Feature", "properties": { "N07_001": "神奈川中央交通（株）", "N07_002": null, "index_right": 880 }, "geometry": { "type": "LineString", "coordinates": [ [ 139.403883759610295, 35.327582921400627 ], [ 139.4041111971909, 35.327879256978719 ], [ 139.40430475475938, 35.328138377271451 ], [ 139.404564682603507, 35.328490257732931 ], [ 139.404599392555781, 35.328554967848859 ], [ 139.40468962637641, 35.328804920436994 ], [ 139.404780692196567, 35.329063760247827 ], [ 139.404792349676597, 35.329119860597132 ], [ 139.404792341514081, 35.329175127585501 ], [ 139.404803153463433, 35.329314267268863 ], [ 139.404803146737009, 35.329359813933245 ] ] } },
{ "type": "Feature", "properties": { "N07_001": "神奈川中央交通（株）", "N07_002": null, "index_right": 880 }, "geometry": { "type": "LineString", "coordinates": [ [ 139.396191520318638, 35.323509219422938 ], [ 139.396237363857949, 35.323445068049594 ], [ 139.396351543675536, 35.323351481153622 ], [ 139.396498788107266, 35.323203462650511 ], [ 139.3965326860571, 35.323148475601442 ], [ 139.396543822921217, 35.323009060996966 ], [ 139.396532719038674, 35.322972679327528 ], [ 139.3965438402237, 35.322916858214043 ], [ 139.396885088520207, 35.322093153928407 ] ] } },
{ "type": "Feature", "properties": { "N07_001": "神奈川中央交通（株）", "N07_002": null, "index_right": 880 }, "geometry": { "type": "LineString", "coordinates": [ [ 139.396090215314445, 35.321584063920447 ], [ 139.395941608746313, 35.321584057460633 ], [ 139.395851613243394, 35.321574611081246 ], [ 139.395714120871503, 35.321555997881454 ], [ 139.39561273670526, 35.321547106435936 ], [ 139.395499134247814, 35.321518774066156 ], [ 139.395340536322408, 35.321472943363133 ], [ 139.394987784338497, 35.321389334189448 ], [ 139.394760578962348, 35.321333502449008 ], [ 139.394237836413424, 35.321222668949666 ] ] } },
{ "type": "Feature", "properties": { "N07_001": "神奈川中央交通（株）", "N07_002": null, "index_right": 880 }, "geometry": { "type": "LineString", "coordinates": [ [ 139.396885088520207, 35.322093153928407 ], [ 139.397078768019952, 35.321611310444339 ], [ 139.396806589273723, 35.321547158423513 ], [ 139.396373819521131, 35.3215746337914 ], [ 139.396090215314445, 35.321584063920447 ] ] } },
{ "type": "Feature", "properties": { "N07_001": "神奈川中央交通（株）", "N07_002": null, "index_right": 880 }, "geometry": { "type": "LineString", "coordinates": [ [ 139.394885510200055, 35.320158473835775 ], [ 139.394932189243576, 35.32008376928038 ], [ 139.395169439726004, 35.319723005074898 ], [ 139.395669176443732, 35.319001455752293 ], [ 139.395783345730138, 35.318843148157356 ], [ 139.395908350855279, 35.318602629425762 ], [ 139.395988354422144, 35.318436821133155 ], [ 139.396124472846054, 35.3181118691545 ] ] } },
{ "type": "Feature", "properties": { "N07_001": "神奈川中央交通（株）", "N07_002": null, "index_right": 880 }, "geometry": { "type": "LineString", "coordinates": [ [ 139.394237836413424, 35.321222668949666 ], [ 139.394613214944712, 35.320601980580896 ], [ 139.394885510200055, 35.320158473835775 ] ] } },
{ "type": "Feature", "properties": { "N07_001": "神奈川中央交通（株）", "N07_002": null, "index_right": 880 }, "geometry": { "type": "LineString", "coordinates": [ [ 139.399749027545397, 35.319880812862415 ], [ 139.399715427995005, 35.319705281001013 ], [ 139.399612952697993, 35.319417264652159 ], [ 139.399385231322583, 35.318723191899139 ], [ 139.399351630295712, 35.318575433944979 ] ] } },
{ "type": "Feature", "properties": { "N07_001": "神奈川中央交通（株）", "N07_002": null, "index_right": 880 }, "geometry": { "type": "LineString", "coordinates": [ [ 139.400850591545236, 35.323065171669136 ], [ 139.400815885372054, 35.322991019805322 ], [ 139.400532117082889, 35.322454460749185 ], [ 139.400429662796569, 35.322250335241911 ], [ 139.40029360762955, 35.322009550659999 ] ] } },
{ "type": "Feature", "properties": { "N07_001": "神奈川中央交通（株）", "N07_002": null, "index_right": 880 }, "geometry": { "type": "LineString", "coordinates": [ [ 139.401543090865005, 35.324324367425533 ], [ 139.401338175027973, 35.323934721640825 ], [ 139.401282084790722, 35.323842239833091 ], [ 139.400850591545236, 35.323065171669136 ] ] } },
{ "type": "Feature", "properties": { "N07_001": "神奈川中央交通（株）", "N07_002": null, "index_right": 880 }, "geometry": { "type": "LineString", "coordinates": [ [ 139.40029360762955, 35.322009550659999 ], [ 139.400145900009647, 35.321695170041281 ], [ 139.400088435137206, 35.321527704059811 ], [ 139.4000326398303, 35.321342741660644 ], [ 139.399998497650472, 35.321222766071891 ], [ 139.399987405310185, 35.321120564564957 ], [ 139.399873915510454, 35.320491525873749 ], [ 139.399851442129858, 35.320352387550123 ], [ 139.399794000031989, 35.320056614610181 ], [ 139.399749027545397, 35.319880812862415 ] ] } },
{ "type": "Feature", "properties": { "N07_001": "神奈川中央交通（株）", "N07_002": null, "index_right": 880 }, "geometry": { "type": "LineString", "coordinates": [ [ 139.404740565349556, 35.322281986560071 ], [ 139.404305637633144, 35.32212007371664 ], [ 139.404281741725725, 35.322186172353909 ], [ 139.404020616023729, 35.322481949988862 ], [ 139.403828383296343, 35.322694409707161 ] ] } },
{ "type": "Feature", "properties": { "N07_001": "神奈川中央交通（株）", "N07_002": null, "index_right": 880 }, "geometry": { "type": "LineString", "coordinates": [ [ 139.406621848240576, 35.329684781550519 ], [ 139.406599400067904, 35.329341514086188 ], [ 139.406588314095075, 35.32917515712267 ], [ 139.406575587373112, 35.328832167566496 ], [ 139.406485886907291, 35.328730796819002 ], [ 139.406383415153527, 35.328591933138533 ], [ 139.406337052811011, 35.328435018300482 ], [ 139.406269892780159, 35.328027593675763 ], [ 139.406211874697533, 35.327785970624646 ], [ 139.406133297636217, 35.327582951381693 ], [ 139.406064711220665, 35.327443531738972 ], [ 139.405939749475721, 35.327240512089162 ], [ 139.405792008444251, 35.327064431773515 ], [ 139.405667595174208, 35.32691612449598 ], [ 139.405610946210516, 35.326823918757569 ], [ 139.405577628655749, 35.326731435576583 ], [ 139.40552015057699, 35.326610346368383 ], [ 139.405440199033023, 35.326314845015418 ] ] } },
{ "type": "Feature", "properties": { "N07_001": "神奈川中央交通（株）", "N07_002": null, "index_right": 880 }, "geometry": { "type": "LineString", "coordinates": [ [ 139.405189839019016, 35.325092571161569 ], [ 139.405202423044813, 35.32449101703812 ], [ 139.405212718248947, 35.324360763653331 ] ] } },
{ "type": "Feature", "properties": { "N07_001": "神奈川中央交通（株）", "N07_002": null, "index_right": 880 }, "geometry": { "type": "LineString", "coordinates": [ [ 139.405440199033023, 35.326314845015418 ], [ 139.405361354932637, 35.326046560955945 ], [ 139.405292511600095, 35.325768001241038 ], [ 139.405281414533675, 35.325675796146882 ], [ 139.405212576660603, 35.325360576757213 ], [ 139.405202312915151, 35.32526837170316 ], [ 139.405189839019016, 35.325092571161569 ] ] } },
{ "type": "Feature", "properties": { "N07_001": "神奈川中央交通（株）", "N07_002": null, "index_right": 880 }, "geometry": { "type": "LineString", "coordinates": [ [ 139.403828383296343, 35.322694409707161 ], [ 139.40374782676372, 35.322759675078117 ], [ 139.403589199397061, 35.322982132553904 ], [ 139.403281944035172, 35.3234164933789 ], [ 139.403145818866477, 35.323601735250506 ], [ 139.403043309558285, 35.323731709954536 ], [ 139.40281551512561, 35.323991103616635 ] ] } },
{ "type": "Feature", "properties": { "N07_001": "神奈川中央交通（株）", "N07_002": null, "index_right": 880 }, "geometry": { "type": "LineString", "coordinates": [ [ 139.402543278750557, 35.32425882848468 ], [ 139.40281551512561, 35.323991103616635 ] ] } },
{ "type": "Feature", "properties": { "N07_001": "神奈川中央交通（株）", "N07_002": null, "index_right": 880 }, "geometry": { "type": "LineString", "coordinates": [ [ 139.410700969583928, 35.347625004087924 ], [ 139.411086797903749, 35.347551993252964 ], [ 139.411870398335083, 35.347356812990348 ] ] } },
{ "type": "Feature", "properties": { "N07_001": "神奈川中央交通（株）", "N07_002": null, "index_right": 880 }, "geometry": { "type": "LineString", "coordinates": [ [ 139.411870398335083, 35.347356812990348 ], [ 139.411960397243519, 35.347338490164681 ], [ 139.412710665682653, 35.347153859969325 ], [ 139.413370380238547, 35.34698755187145 ] ] } },
{ "type": "Feature", "properties": { "N07_001": "神奈川中央交通（株）", "N07_002": null, "index_right": 880 }, "geometry": { "type": "LineString", "coordinates": [ [ 139.40104174804884, 35.361355000277278 ], [ 139.400996437728907, 35.360808421704519 ] ] } },
{ "type": "Feature", "properties": { "N07_001": "神奈川中央交通（株）", "N07_002": null, "index_right": 880 }, "geometry": { "type": "LineString", "coordinates": [ [ 139.400217462267705, 35.359157275354541 ], [ 139.400179126385581, 35.35910450473839 ], [ 139.400086064565386, 35.35897535558157 ], [ 139.400053838914545, 35.358910364897078 ], [ 139.400019109848358, 35.358789549769845 ], [ 139.399996046696117, 35.358660125324938 ], [ 139.399961316499144, 35.358521257506418 ], [ 139.399871303826757, 35.358290735650009 ], [ 139.39966628038465, 35.35785468663417 ], [ 139.399598774710853, 35.357744423870344 ], [ 139.399541272831044, 35.357698040141337 ], [ 139.39948515981186, 35.35765165645315 ], [ 139.399507651368566, 35.357522511304161 ], [ 139.399620960757602, 35.357169516750375 ], [ 139.399666210719289, 35.356734865984571 ], [ 139.399666200369694, 35.356568503740256 ], [ 139.39965507790069, 35.356382977423507 ], [ 139.399746163907736, 35.356003319982214 ] ] } },
{ "type": "Feature", "properties": { "N07_001": "神奈川中央交通（株）", "N07_002": null, "index_right": 880 }, "geometry": { "type": "LineString", "coordinates": [ [ 139.400996437728907, 35.360808421704519 ], [ 139.401098915877299, 35.360484311357844 ], [ 139.401087519875148, 35.360364330655045 ], [ 139.400973891084504, 35.360039380135504 ], [ 139.400905273943295, 35.359919397463145 ], [ 139.400860272541877, 35.359882457542454 ], [ 139.400688604625458, 35.359808574915277 ], [ 139.400586378068482, 35.359706365853846 ], [ 139.400496371810078, 35.359576939353396 ], [ 139.40030246776621, 35.359271982032134 ], [ 139.400217462267705, 35.359157275354541 ] ] } },
{ "type": "Feature", "properties": { "N07_001": "神奈川中央交通（株）", "N07_002": null, "index_right": 880 }, "geometry": { "type": "LineString", "coordinates": [ [ 139.40158749245137, 35.355503205375662 ], [ 139.401699714070446, 35.355522651658646 ], [ 139.401826379766135, 35.355539876725651 ], [ 139.401882212210808, 35.3555398792356 ], [ 139.402348590917626, 35.355494074529396 ], [ 139.402871079330083, 35.355439107348886 ] ] } },
{ "type": "Feature", "properties": { "N07_001": "神奈川中央交通（株）", "N07_002": null, "index_right": 880 }, "geometry": { "type": "LineString", "coordinates": [ [ 139.399746163907736, 35.356003319982214 ], [ 139.399871164184475, 35.356040541691726 ], [ 139.399951162330211, 35.356031657724479 ], [ 139.399973939737066, 35.356031658719147 ], [ 139.400155043862469, 35.355966399386816 ], [ 139.400462253122356, 35.355836989408559 ], [ 139.400871127477473, 35.355707584164008 ], [ 139.401223889965934, 35.355549847998589 ], [ 139.401348885757869, 35.355513470712914 ], [ 139.401461105012771, 35.355494034526068 ], [ 139.40158749245137, 35.355503205375662 ] ] } },
{ "type": "Feature", "properties": { "N07_001": "神奈川中央交通（株）", "N07_002": null, "index_right": 880 }, "geometry": { "type": "LineString", "coordinates": [ [ 139.404109933285611, 35.355179208024481 ], [ 139.40458602995713, 35.355059806095952 ], [ 139.404961018703517, 35.354966784058675 ], [ 139.405154901894463, 35.354920412270673 ], [ 139.40531350894409, 35.354892646738435 ], [ 139.405438783164584, 35.354864601942801 ], [ 139.405553778213374, 35.354809616969639 ], [ 139.405745713301485, 35.354698534412613 ] ] } },
{ "type": "Feature", "properties": { "N07_001": "神奈川中央交通（株）", "N07_002": null, "index_right": 880 }, "geometry": { "type": "LineString", "coordinates": [ [ 139.402871079330083, 35.355439107348886 ], [ 139.403303847493078, 35.355392745898953 ], [ 139.403473565961008, 35.355374701109518 ], [ 139.403529675032644, 35.355355262521883 ], [ 139.403678834955059, 35.355281115287639 ], [ 139.403848828491647, 35.355216967355233 ], [ 139.4039288255656, 35.355188642538707 ], [ 139.404109933285611, 35.355179208024481 ] ] } },
{ "type": "Feature", "properties": { "N07_001": "神奈川中央交通（株）", "N07_002": null, "index_right": 880 }, "geometry": { "type": "LineString", "coordinates": [ [ 139.407348426901052, 35.353995958867309 ], [ 139.407460923627497, 35.353967358432485 ], [ 139.407540643657825, 35.353949310051675 ], [ 139.40777980209333, 35.353865448122207 ], [ 139.407904521428122, 35.353846568817886 ], [ 139.408132007262509, 35.353652726503235 ], [ 139.408210891890946, 35.353596907293756 ], [ 139.408462270469101, 35.35347694184788 ], [ 139.408688651975751, 35.353402522479115 ], [ 139.408893090942996, 35.353356430197749 ] ] } },
{ "type": "Feature", "properties": { "N07_001": "神奈川中央交通（株）", "N07_002": null, "index_right": 880 }, "geometry": { "type": "LineString", "coordinates": [ [ 139.405745713301485, 35.354698534412613 ], [ 139.406201248615105, 35.354466930283465 ], [ 139.406234580362508, 35.354448046335719 ], [ 139.406598454285529, 35.354281982232727 ], [ 139.407040935597223, 35.354069263978481 ], [ 139.40712065558435, 35.354050660100832 ], [ 139.407348426901052, 35.353995958867309 ] ] } },
{ "type": "Feature", "properties": { "N07_001": "神奈川中央交通（株）", "N07_002": null, "index_right": 880 }, "geometry": { "type": "LineString", "coordinates": [ [ 139.420382690276398, 35.364568563294355 ], [ 139.421416018575371, 35.364910869967737 ], [ 139.421621294209018, 35.36495783477887 ] ] } },
{ "type": "Feature", "properties": { "N07_001": "神奈川中央交通（株）", "N07_002": null, "index_right": 880 }, "geometry": { "type": "LineString", "coordinates": [ [ 139.405791349986572, 35.364900605816388 ], [ 139.405939124521609, 35.364900606960504 ], [ 139.406201897156762, 35.364909218508316 ], [ 139.406371339228741, 35.364927827448163 ], [ 139.406836334349236, 35.3650017058416 ], [ 139.406894387987222, 35.364992819053342 ], [ 139.407041603670848, 35.364946995525472 ] ] } },
{ "type": "Feature", "properties": { "N07_001": "神奈川中央交通（株）", "N07_002": null, "index_right": 880 }, "geometry": { "type": "LineString", "coordinates": [ [ 139.404189441325826, 35.364909203039431 ], [ 139.404291661996666, 35.364918646634059 ] ] } },
{ "type": "Feature", "properties": { "N07_001": "神奈川中央交通（株）", "N07_002": null, "index_right": 880 }, "geometry": { "type": "LineString", "coordinates": [ [ 139.417076040119497, 35.363651893274337 ], [ 139.417688815567203, 35.363818332919301 ], [ 139.418711032990728, 35.364095919511698 ], [ 139.419154918946248, 35.364206792777942 ], [ 139.419643804775603, 35.36433683595309 ], [ 139.420382690276398, 35.364568563294355 ] ] } },
{ "type": "Feature", "properties": { "N07_001": "神奈川中央交通（株）", "N07_002": null, "index_right": 880 }, "geometry": { "type": "LineString", "coordinates": [ [ 139.41150781116508, 35.363669226522767 ], [ 139.412507508887074, 35.36357742886613 ], [ 139.412813890348815, 35.363549418118744 ], [ 139.414007751079538, 35.36344764621402 ], [ 139.414291633128641, 35.363419909965792 ], [ 139.414688846484808, 35.363391910429442 ], [ 139.414929119935351, 35.363391941181739 ], [ 139.416201599704294, 35.363439040198713 ], [ 139.416326320649659, 35.363456275376016 ], [ 139.416541319906401, 35.363512126504489 ], [ 139.417076040119497, 35.363651893274337 ] ] } },
{ "type": "Feature", "properties": { "N07_001": "神奈川中央交通（株）", "N07_002": null, "index_right": 880 }, "geometry": { "type": "LineString", "coordinates": [ [ 139.404291661996666, 35.364918646634059 ], [ 139.404438880987129, 35.364918647756667 ], [ 139.404598877474882, 35.364918648976698 ], [ 139.405054145258561, 35.364918652448296 ], [ 139.405269139850986, 35.364909211338613 ], [ 139.405586632256671, 35.364900604231387 ], [ 139.405791349986572, 35.364900605816388 ] ] } },
{ "type": "Feature", "properties": { "N07_001": "神奈川中央交通（株）", "N07_002": null, "index_right": 880 }, "geometry": { "type": "LineString", "coordinates": [ [ 139.414246768304167, 35.370474499165937 ], [ 139.414155387012386, 35.370659196095794 ], [ 139.414110670233242, 35.37081667967702 ], [ 139.41407539643339, 35.370928334232538 ], [ 139.41404179136731, 35.371122484054403 ], [ 139.414019025937506, 35.371575508677083 ], [ 139.41399655423163, 35.372649606883414 ], [ 139.413974341306897, 35.372983194758568 ], [ 139.413985730782031, 35.373020694011885 ], [ 139.414030729734748, 35.373037921207278 ], [ 139.414166836596337, 35.373047938789313 ], [ 139.414326831433897, 35.373053237618784 ] ] } },
{ "type": "Feature", "properties": { "N07_001": "神奈川中央交通（株）", "N07_002": null, "index_right": 880 }, "geometry": { "type": "LineString", "coordinates": [ [ 139.415485236522841, 35.368391669707364 ], [ 139.415099438196222, 35.368798760618269 ], [ 139.414951674631652, 35.368965374695648 ], [ 139.414871684149887, 35.369085340714861 ], [ 139.414791694840545, 35.369224192094222 ], [ 139.414758089184716, 35.369298340084903 ], [ 139.414439250255441, 35.370002058542916 ], [ 139.414280375986493, 35.370381454547505 ], [ 139.414246768304167, 35.370474499165937 ] ] } },
{ "type": "Feature", "properties": { "N07_001": "神奈川中央交通（株）", "N07_002": null, "index_right": 880 }, "geometry": { "type": "LineString", "coordinates": [ [ 139.416360662919857, 35.373464866442006 ], [ 139.416496769047455, 35.373446552336858 ], [ 139.416655373542653, 35.373391299704046 ], [ 139.416882863295058, 35.37327939418762 ], [ 139.417235624335348, 35.373067236265619 ], [ 139.417461725333681, 35.37295533153906 ], [ 139.41778060132188, 35.372853716582703 ], [ 139.417916707300861, 35.372825959636245 ], [ 139.418054480338498, 35.372817367924114 ], [ 139.418211697379178, 35.372817389193052 ], [ 139.418427801780098, 35.372835472324503 ], [ 139.418599185876758, 35.372873269748126 ], [ 139.418836679695772, 35.372946628165771 ], [ 139.419008064799527, 35.373030254280131 ], [ 139.419212783136516, 35.37315971349998 ] ] } },
{ "type": "Feature", "properties": { "N07_001": "神奈川中央交通（株）", "N07_002": null, "index_right": 880 }, "geometry": { "type": "LineString", "coordinates": [ [ 139.414326831433897, 35.373053237618784 ], [ 139.41446182707702, 35.373057699816911 ], [ 139.414802927347637, 35.373075799740732 ], [ 139.414997088528366, 35.373113600871598 ], [ 139.415179583835197, 35.373168065864327 ], [ 139.415474299278713, 35.373289485261544 ], [ 139.415746515160521, 35.373400068663237 ], [ 139.41591678839643, 35.373446476444684 ], [ 139.416075394898968, 35.373474550640275 ], [ 139.416211779235397, 35.373474568459628 ], [ 139.416360662919857, 35.373464866442006 ] ] } },
{ "type": "Feature", "properties": { "N07_001": "神奈川中央交通（株）", "N07_002": null, "index_right": 880 }, "geometry": { "type": "LineString", "coordinates": [ [ 139.422337693430165, 35.373855038032595 ], [ 139.422724061430443, 35.373429298753486 ], [ 139.422780446937594, 35.373344870729021 ], [ 139.422825165879971, 35.373243776686287 ], [ 139.422882938806026, 35.373076858615924 ], [ 139.422894047584947, 35.372966039666032 ], [ 139.422894045592329, 35.372854386199272 ], [ 139.42284904468184, 35.372725229572218 ], [ 139.422768765510682, 35.372511634321448 ], [ 139.422644041439526, 35.372206377898642 ], [ 139.422507650328384, 35.371873900892538 ] ] } },
{ "type": "Feature", "properties": { "N07_001": "神奈川中央交通（株）", "N07_002": null, "index_right": 880 }, "geometry": { "type": "LineString", "coordinates": [ [ 139.419212783136516, 35.37315971349998 ], [ 139.419814438379859, 35.373548920542895 ], [ 139.420179431195635, 35.373780055060394 ], [ 139.420338038379754, 35.373844790845766 ], [ 139.42039414782036, 35.373854796973177 ], [ 139.420541920999398, 35.373872036268494 ], [ 139.420621362593408, 35.373863713987284 ], [ 139.420804411590893, 35.373844850566151 ], [ 139.420916629456883, 35.373817367945399 ], [ 139.421224394159566, 35.373687421923165 ], [ 139.42136049994096, 35.373650776963281 ], [ 139.421461607277109, 35.373632181045537 ], [ 139.421552715337953, 35.373632192848639 ], [ 139.421632990428122, 35.373632203248327 ], [ 139.421780208106355, 35.373650831281751 ], [ 139.421929370740088, 35.373697509920397 ], [ 139.422053811749237, 35.373734186503803 ], [ 139.422337693430165, 35.373855038032595 ] ] } },
{ "type": "Feature", "properties": { "N07_001": "神奈川中央交通（株）", "N07_002": null, "index_right": 880 }, "geometry": { "type": "LineString", "coordinates": [ [ 139.422507650328384, 35.371873900892538 ], [ 139.422325146803786, 35.371419488000882 ] ] } },
{ "type": "Feature", "properties": { "N07_001": "神奈川中央交通（株）", "N07_002": null, "index_right": 880 }, "geometry": { "type": "LineString", "coordinates": [ [ 139.409310188685623, 35.365281111104721 ], [ 139.409235189552987, 35.365270001115533 ], [ 139.408450203657054, 35.365224450477065 ], [ 139.408179097243362, 35.36520639697271 ], [ 139.407962711740055, 35.365186955111255 ], [ 139.407735491923262, 35.365150571998043 ], [ 139.407405217397212, 35.365094469713348 ], [ 139.407143831647232, 35.36505808610292 ], [ 139.407110498367643, 35.365048643242389 ], [ 139.407086608044011, 35.365021426065155 ], [ 139.407076884615122, 35.365001707546476 ], [ 139.407041603670848, 35.364946995525472 ] ] } },
{ "type": "Feature", "properties": { "N07_001": "神奈川中央交通（株）", "N07_002": null, "index_right": 880 }, "geometry": { "type": "LineString", "coordinates": [ [ 139.41116659121252, 35.36608509335413 ], [ 139.410939078376913, 35.365817059378962 ], [ 139.410836573189414, 35.365706233956757 ], [ 139.410804349769705, 35.365677901832825 ], [ 139.410679348212682, 35.365613730787857 ], [ 139.410564347617964, 35.365567335397444 ], [ 139.410450180946611, 35.365530104991926 ], [ 139.410030460312356, 35.365418403447372 ], [ 139.409951850316247, 35.365409505629799 ], [ 139.409882685174665, 35.365409496189407 ], [ 139.409429076202372, 35.365298345956951 ], [ 139.409310188685623, 35.365281111104721 ] ] } },
{ "type": "Feature", "properties": { "N07_001": "神奈川中央交通（株）", "N07_002": null, "index_right": 880 }, "geometry": { "type": "LineString", "coordinates": [ [ 139.413054403673556, 35.367326787318156 ], [ 139.41296273403654, 35.367242901136549 ], [ 139.412688844429027, 35.367122051432446 ], [ 139.412416899138407, 35.36700203545842 ], [ 139.412200230710994, 35.366891192540173 ], [ 139.412008006044118, 35.366780631025499 ], [ 139.411757724629069, 35.366631735611378 ], [ 139.411541607740361, 35.366465348762773 ], [ 139.41137132293025, 35.36629869092134 ], [ 139.411235205698517, 35.366159254931731 ], [ 139.41116659121252, 35.36608509335413 ] ] } },
{ "type": "Feature", "properties": { "N07_001": "神奈川中央交通（株）", "N07_002": null, "index_right": 880 }, "geometry": { "type": "LineString", "coordinates": [ [ 139.422337693430165, 35.373855038032595 ], [ 139.422189090800401, 35.374030000753407 ], [ 139.422064098810807, 35.374215798330994 ], [ 139.421929385412881, 35.374418815149383 ], [ 139.421849391295837, 35.374567400071953 ], [ 139.421791896195884, 35.374705988586967 ], [ 139.421746622265147, 35.374817081366565 ], [ 139.421700237855163, 35.374956504159684 ], [ 139.421655245362217, 35.375243688047405 ], [ 139.421621640404084, 35.37548393436596 ], [ 139.421595538222221, 35.375869720590977 ] ] } },
{ "type": "Feature", "properties": { "N07_001": "神奈川中央交通（株）", "N07_002": null, "index_right": 880 }, "geometry": { "type": "LineString", "coordinates": [ [ 139.420758120053677, 35.37842851749533 ], [ 139.420768954592234, 35.378612668432581 ], [ 139.420735624959065, 35.378900416843841 ], [ 139.420735626075356, 35.379029294008959 ], [ 139.420701740493115, 35.379270935527607 ], [ 139.420666465886285, 35.379492301036308 ], [ 139.420655635017653, 35.379733667031637 ], [ 139.42065563582122, 35.379826991901247 ], [ 139.420666469402363, 35.379900319572918 ], [ 139.420711747171651, 35.38008475138659 ], [ 139.420735636345853, 35.380215019478563 ], [ 139.420724528426433, 35.380538600164769 ] ] } },
{ "type": "Feature", "properties": { "N07_001": "神奈川中央交通（株）", "N07_002": null, "index_right": 880 }, "geometry": { "type": "LineString", "coordinates": [ [ 139.421595538222221, 35.375869720590977 ], [ 139.421575266996484, 35.376150519582872 ], [ 139.421530549041137, 35.376279944301956 ], [ 139.421508050985295, 35.376335213305126 ], [ 139.4212244593962, 35.376788464703729 ], [ 139.421144465967387, 35.376965380915173 ], [ 139.421075306465582, 35.377187848981109 ], [ 139.420860608657961, 35.377974685178692 ], [ 139.420804503718074, 35.378168825197307 ], [ 139.420768951944098, 35.378307696210726 ], [ 139.420758120053677, 35.37842851749533 ] ] } },
{ "type": "Feature", "properties": { "N07_001": "神奈川中央交通（株）", "N07_002": null, "index_right": 880 }, "geometry": { "type": "LineString", "coordinates": [ [ 139.422360319436194, 35.383195715580236 ], [ 139.422519478768891, 35.383325716890802 ], [ 139.422905292785373, 35.383474346980272 ], [ 139.422950290458999, 35.383483516639551 ], [ 139.422985288594901, 35.383483519667415 ], [ 139.423030286056871, 35.383464636534391 ], [ 139.423179166220109, 35.383354382575156 ], [ 139.423280549395542, 35.383307451611941 ], [ 139.423405542646719, 35.383289408743806 ], [ 139.423666639928115, 35.383289431496245 ], [ 139.424280217914713, 35.383177552012036 ], [ 139.424416321593554, 35.383131735313484 ], [ 139.424655475049008, 35.383011768739841 ], [ 139.424689084343129, 35.383001494989628 ], [ 139.424769080096638, 35.382992336323781 ], [ 139.425371548457662, 35.382992389401736 ], [ 139.425382935991593, 35.382798522110484 ], [ 139.425382935484123, 35.382668535918704 ], [ 139.425360435450244, 35.382362733042207 ], [ 139.425302659795705, 35.382150250350861 ], [ 139.425211552312504, 35.381900546241098 ], [ 139.425041836836556, 35.381474464371209 ] ] } },
{ "type": "Feature", "properties": { "N07_001": "神奈川中央交通（株）", "N07_002": null, "index_right": 880 }, "geometry": { "type": "LineString", "coordinates": [ [ 139.420724528426433, 35.380538600164769 ], [ 139.420724529469709, 35.3806591447592 ], [ 139.420711755898992, 35.381094104095347 ], [ 139.420689263873527, 35.381927637555421 ], [ 139.420643992017659, 35.382436476504836 ], [ 139.420599552011112, 35.382778941848656 ], [ 139.42056455595781, 35.38310307637763 ], [ 139.421336752008699, 35.383057309184956 ], [ 139.421552855568535, 35.383020663308201 ], [ 139.421804513560403, 35.382992075143036 ], [ 139.421882842780235, 35.382992082043906 ], [ 139.421996448008287, 35.383001257845812 ], [ 139.422121441772362, 35.383038487514526 ], [ 139.422177827861958, 35.383057379551687 ], [ 139.422235602916174, 35.383093770022917 ], [ 139.422360319436194, 35.383195715580236 ] ] } },
{ "type": "Feature", "properties": { "N07_001": "神奈川中央交通（株）", "N07_002": null, "index_right": 880 }, "geometry": { "type": "LineString", "coordinates": [ [ 139.423427716841957, 35.377521668275818 ], [ 139.423416602689883, 35.377308081506662 ], [ 139.423427710878173, 35.377159489319503 ], [ 139.42343909457216, 35.376872858107753 ], [ 139.423450202640339, 35.376715655857453 ], [ 139.423507971257692, 35.376299045216328 ], [ 139.423530190628441, 35.376178228742724 ], [ 139.42354185608383, 35.3761321244138 ], [ 139.423746287894744, 35.375844681107438 ], [ 139.424019049766684, 35.37549308665087 ], [ 139.424087934666773, 35.375400883147947 ], [ 139.424246536704601, 35.375187593147572 ], [ 139.424349308695128, 35.375049287988908 ], [ 139.424439025547343, 35.374901260407199 ], [ 139.424485411216068, 35.374790445740544 ], [ 139.424507909126561, 35.374697404039928 ], [ 139.424461519352917, 35.374511865915011 ], [ 139.424416240614505, 35.374326883363082 ], [ 139.424336518840676, 35.374160227987915 ], [ 139.424246520098563, 35.374030233604444 ], [ 139.424200132281328, 35.373994121621443 ], [ 139.424144022415334, 35.373947731995685 ], [ 139.423929305554054, 35.373817723333303 ], [ 139.423841807426669, 35.373747166327419 ] ] } },
{ "type": "Feature", "properties": { "N07_001": "神奈川中央交通（株）", "N07_002": null, "index_right": 880 }, "geometry": { "type": "LineString", "coordinates": [ [ 139.425041836836556, 35.381474464371209 ], [ 139.424735459573782, 35.380706182549737 ], [ 139.424632963057235, 35.380400371174701 ], [ 139.42453046654353, 35.380113446531865 ], [ 139.424485467731955, 35.37992790576557 ], [ 139.42446157930101, 35.379798750093734 ], [ 139.424429079310414, 35.379511276547987 ], [ 139.424349357608293, 35.378918829586276 ], [ 139.424326856864326, 35.378594693968807 ], [ 139.424280191252535, 35.378400542461407 ], [ 139.424257691910412, 35.378335269064571 ], [ 139.424224082069685, 35.378289992460516 ], [ 139.424189360916699, 35.378243327498076 ], [ 139.424121585248997, 35.378178050614345 ], [ 139.423996589773537, 35.378103879960626 ], [ 139.423826596699257, 35.378058034511469 ], [ 139.423655214594618, 35.378001912337105 ], [ 139.423462999588111, 35.377918568981187 ], [ 139.423427716841957, 35.377521668275818 ] ] } },
{ "type": "Feature", "properties": { "N07_001": "神奈川中央交通（株）", "N07_002": null, "index_right": 880 }, "geometry": { "type": "LineString", "coordinates": [ [ 139.423841807426669, 35.373747166327419 ], [ 139.42382652996551, 35.373734388348673 ], [ 139.423666533426342, 35.373613551298043 ], [ 139.423507924600727, 35.373429388560005 ], [ 139.423371259335823, 35.373243839486733 ], [ 139.423291537341328, 35.373104124741914 ], [ 139.423166259930781, 35.372891913293067 ], [ 139.423030148878496, 35.372650814996064 ], [ 139.422974038348912, 35.37258581616193 ], [ 139.422939316367746, 35.372539428715555 ], [ 139.422849040021987, 35.372465815769139 ], [ 139.42267931409279, 35.371984741466065 ], [ 139.422644036826995, 35.371956962795913 ], [ 139.422507650328384, 35.371873900892538 ] ] } },
{ "type": "Feature", "properties": { "N07_001": "神奈川中央交通（株）", "N07_002": null, "index_right": 880 }, "geometry": { "type": "LineString", "coordinates": [ [ 139.421224010425107, 35.331471683357357 ], [ 139.421109883676763, 35.330924813132846 ], [ 139.421087387310507, 35.330878430021507 ], [ 139.42099630987363, 35.330425436498068 ], [ 139.420871076428568, 35.329841627716391 ], [ 139.42078027660736, 35.329407243322287 ], [ 139.4206789281792, 35.328888426792716 ], [ 139.420553976869115, 35.328277123495269 ], [ 139.420485086658687, 35.327934375891438 ], [ 139.420439253187936, 35.327750780829149 ], [ 139.420405085990467, 35.32755552064679 ], [ 139.420382863739945, 35.327453863062232 ], [ 139.420280364108152, 35.326963074142661 ] ] } },
{ "type": "Feature", "properties": { "N07_001": "神奈川中央交通（株）", "N07_002": null, "index_right": 880 }, "geometry": { "type": "LineString", "coordinates": [ [ 139.421518353830976, 35.33290649062377 ], [ 139.421485033205983, 35.332721515518173 ] ] } },
{ "type": "Feature", "properties": { "N07_001": "神奈川中央交通（株）", "N07_002": null, "index_right": 880 }, "geometry": { "type": "LineString", "coordinates": [ [ 139.419689000086919, 35.324176117838022 ], [ 139.4195187365697, 35.323315093637483 ] ] } },
{ "type": "Feature", "properties": { "N07_001": "神奈川中央交通（株）", "N07_002": null, "index_right": 880 }, "geometry": { "type": "LineString", "coordinates": [ [ 139.420280364108152, 35.326963074142661 ], [ 139.4202236977506, 35.326638659680071 ], [ 139.42015536586095, 35.326323966551662 ], [ 139.420053980100306, 35.325870120124627 ], [ 139.420018703665193, 35.325713190513675 ], [ 139.419916486094138, 35.325268510733274 ], [ 139.419882599074015, 35.325148522236461 ] ] } },
{ "type": "Feature", "properties": { "N07_001": "神奈川中央交通（株）", "N07_002": null, "index_right": 880 }, "geometry": { "type": "LineString", "coordinates": [ [ 139.419377917471962, 35.322652662021028 ], [ 139.419291538368412, 35.322250204232546 ], [ 139.419189328617733, 35.321805807078384 ], [ 139.419064068172077, 35.321158098946178 ], [ 139.418951862749424, 35.320621491057281 ], [ 139.418939087009846, 35.320555387222427 ] ] } },
{ "type": "Feature", "properties": { "N07_001": "神奈川中央交通（株）", "N07_002": null, "index_right": 880 }, "geometry": { "type": "LineString", "coordinates": [ [ 139.4195187365697, 35.323315093637483 ], [ 139.419451798623982, 35.322999848234829 ], [ 139.419377917471962, 35.322652662021028 ] ] } },
{ "type": "Feature", "properties": { "N07_001": "神奈川中央交通（株）", "N07_002": null, "index_right": 880 }, "geometry": { "type": "LineString", "coordinates": [ [ 139.418587788025064, 35.318648676409303 ], [ 139.418587791151339, 35.318547577728822 ], [ 139.418644183230128, 35.318194563716396 ], [ 139.419304366192222, 35.318352022892284 ], [ 139.419541534485859, 35.31916719504347 ], [ 139.419677614624561, 35.319667408848524 ], [ 139.419746487933224, 35.319926264835011 ], [ 139.419735377852277, 35.319982092540407 ], [ 139.418826884336312, 35.319926290438694 ] ] } },
{ "type": "Feature", "properties": { "N07_001": "神奈川中央交通（株）", "N07_002": null, "index_right": 880 }, "geometry": { "type": "LineString", "coordinates": [ [ 139.418939087009846, 35.320555387222427 ], [ 139.41889409440239, 35.320315135956136 ], [ 139.418826884336312, 35.319926290438694 ] ] } },
{ "type": "Feature", "properties": { "N07_001": "神奈川中央交通（株）", "N07_002": null, "index_right": 880 }, "geometry": { "type": "LineString", "coordinates": [ [ 139.425905119544723, 35.330564498452837 ], [ 139.426451515751353, 35.330314274726533 ], [ 139.426768742170026, 35.330166250594559 ], [ 139.427086247268107, 35.329999617528628 ], [ 139.427314029185794, 35.329869642811154 ], [ 139.427563478918046, 35.329711894521317 ], [ 139.427824873777496, 35.329536370954479 ], [ 139.428245994901147, 35.329240590313312 ], [ 139.428462667348924, 35.329073952330099 ], [ 139.428564058662062, 35.329000354030008 ], [ 139.428803784609443, 35.328861490896074 ], [ 139.428916008040602, 35.328805668418688 ], [ 139.429553513908274, 35.328499894765024 ], [ 139.429712682320201, 35.328416299290161 ], [ 139.429929073361563, 35.328305486761501 ], [ 139.430166290848831, 35.328184951739772 ] ] } },
{ "type": "Feature", "properties": { "N07_001": "神奈川中央交通（株）", "N07_002": null, "index_right": 880 }, "geometry": { "type": "LineString", "coordinates": [ [ 139.422371167929896, 35.332249122963503 ], [ 139.422882569311383, 35.331971406109567 ], [ 139.423165908970731, 35.331823660929082 ], [ 139.42356397061252, 35.331656756317393 ], [ 139.423973423038404, 35.331453745675645 ], [ 139.424382320287293, 35.331240180472754 ], [ 139.424620934188482, 35.331147424971185 ], [ 139.424893994294706, 35.331017453533605 ], [ 139.425007329561879, 35.330962187735878 ], [ 139.42533761262294, 35.330804999730539 ], [ 139.425826507320437, 35.330600879458395 ], [ 139.425905119544723, 35.330564498452837 ] ] } },
{ "type": "Feature", "properties": { "N07_001": "神奈川中央交通（株）", "N07_002": null, "index_right": 880 }, "geometry": { "type": "LineString", "coordinates": [ [ 139.421485033205983, 35.332721515518173 ], [ 139.421712261000664, 35.332620152238263 ], [ 139.421791429685584, 35.332582661429363 ], [ 139.422155050571234, 35.332379095219316 ], [ 139.422371167929896, 35.332249122963503 ] ] } },
{ "type": "Feature", "properties": { "N07_001": "神奈川中央交通（株）", "N07_002": null, "index_right": 880 }, "geometry": { "type": "LineString", "coordinates": [ [ 139.430166290848831, 35.328184951739772 ], [ 139.430416284022243, 35.328074415607446 ], [ 139.43050739292579, 35.328046088179654 ], [ 139.430768775666536, 35.327972493288954 ], [ 139.431109879910395, 35.327926120643838 ], [ 139.431518760587238, 35.327870862376308 ], [ 139.431598758582851, 35.327842534656078 ] ] } },
{ "type": "Feature", "properties": { "N07_001": "神奈川中央交通（株）", "N07_002": null, "index_right": 880 }, "geometry": { "type": "LineString", "coordinates": [ [ 139.426495573179238, 35.337368641032128 ], [ 139.426495565174179, 35.337665272062381 ], [ 139.426507228823823, 35.337776370484981 ], [ 139.426529722284471, 35.338017731663079 ], [ 139.426563329145267, 35.338174103698528 ], [ 139.426609715492788, 35.338266873004741 ], [ 139.426643324829001, 35.338331867143154 ], [ 139.426790815339103, 35.338683500243107 ], [ 139.426812203014862, 35.33872877385302 ] ] } },
{ "type": "Feature", "properties": { "N07_001": "神奈川中央交通（株）", "N07_002": null, "index_right": 880 }, "geometry": { "type": "LineString", "coordinates": [ [ 139.426812203014862, 35.33872877385302 ], [ 139.426893587172316, 35.338906257405213 ], [ 139.427040799395854, 35.339285665285246 ], [ 139.427143292410449, 35.33955397279238 ], [ 139.427176901114024, 35.339647019299903 ], [ 139.427176900142172, 35.339684237098872 ], [ 139.4271768989382, 35.339730342730434 ], [ 139.427109669874625, 35.339989196779136 ], [ 139.427075499543804, 35.340127233831133 ], [ 139.427040772133125, 35.340322763983579 ], [ 139.42700715462621, 35.340563566561528 ], [ 139.427018257236455, 35.340887417550078 ], [ 139.42700714171113, 35.341054063665112 ], [ 139.426973525634679, 35.341239039504252 ], [ 139.426951020452691, 35.341432903852457 ] ] } },
{ "type": "Feature", "properties": { "N07_001": "神奈川中央交通（株）", "N07_002": null, "index_right": 880 }, "geometry": { "type": "LineString", "coordinates": [ [ 139.432688051977266, 35.337785607257999 ], [ 139.432926946025873, 35.337489819348022 ], [ 139.432973336036781, 35.337424828952344 ], [ 139.432995837031569, 35.337369002894086 ], [ 139.433018616648667, 35.337267626200955 ], [ 139.433041119355607, 35.337119310096988 ], [ 139.433053623783422, 35.336879336638383 ], [ 139.433053624655543, 35.336832397250525 ] ] } },
{ "type": "Feature", "properties": { "N07_001": "神奈川中央交通（株）", "N07_002": null, "index_right": 880 }, "geometry": { "type": "LineString", "coordinates": [ [ 139.432927017675894, 35.335444492164093 ], [ 139.432598729015666, 35.334546245518133 ], [ 139.432451251414136, 35.334101011987947 ], [ 139.432393482980359, 35.333916030634761 ], [ 139.432348494069743, 35.333693554281346 ], [ 139.432324614757334, 35.333499409005285 ], [ 139.432223531018792, 35.332952523416779 ], [ 139.43218854077216, 35.332758377750707 ] ] } },
{ "type": "Feature", "properties": { "N07_001": "神奈川中央交通（株）", "N07_002": null, "index_right": 880 }, "geometry": { "type": "LineString", "coordinates": [ [ 139.433053624655543, 35.336832397250525 ], [ 139.433053628789054, 35.336609921216969 ], [ 139.433041135347992, 35.336471602995324 ], [ 139.433018644569103, 35.33627773503575 ], [ 139.433006983241029, 35.336165525009385 ], [ 139.432995876959239, 35.336064147114506 ] ] } },
{ "type": "Feature", "properties": { "N07_001": "神奈川中央交通（株）", "N07_002": null, "index_right": 880 }, "geometry": { "type": "LineString", "coordinates": [ [ 139.432075788004539, 35.332267596603394 ], [ 139.432040797385355, 35.332082894412132 ], [ 139.431951101965751, 35.33155517447144 ], [ 139.431938329806115, 35.331443520328463 ], [ 139.431938347930156, 35.331073563584276 ], [ 139.43196114129185, 35.330749435715674 ] ] } },
{ "type": "Feature", "properties": { "N07_001": "神奈川中央交通（株）", "N07_002": null, "index_right": 880 }, "geometry": { "type": "LineString", "coordinates": [ [ 139.43218854077216, 35.332758377750707 ], [ 139.432075788004539, 35.332267596603394 ] ] } },
{ "type": "Feature", "properties": { "N07_001": "神奈川中央交通（株）", "N07_002": null, "index_right": 880 }, "geometry": { "type": "LineString", "coordinates": [ [ 139.431666533661115, 35.328509131973988 ], [ 139.431654876339536, 35.328324153337753 ], [ 139.431654877395147, 35.328222497774895 ], [ 139.431643762253969, 35.328037238537021 ], [ 139.431598758582851, 35.327842534656078 ] ] } },
{ "type": "Feature", "properties": { "N07_001": "神奈川中央交通（株）", "N07_002": null, "index_right": 880 }, "geometry": { "type": "LineString", "coordinates": [ [ 139.43196114129185, 35.330749435715674 ], [ 139.431995879794698, 35.330407254825246 ], [ 139.432007560760269, 35.330111456476999 ], [ 139.431995900164452, 35.329990636810003 ], [ 139.431951187636514, 35.329805656748981 ], [ 139.431791208219011, 35.329434860958806 ], [ 139.431746215776712, 35.329295431252952 ], [ 139.43173483066667, 35.3292223838667 ], [ 139.431712337871829, 35.329083510490349 ], [ 139.43168901862893, 35.328805764535637 ], [ 139.431666533661115, 35.328509131973988 ] ] } },
{ "type": "Feature", "properties": { "N07_001": "神奈川中央交通（株）", "N07_002": null, "index_right": 880 }, "geometry": { "type": "LineString", "coordinates": [ [ 139.435916082217318, 35.327361364566812 ], [ 139.436461041701904, 35.327361389993769 ], [ 139.436552146039816, 35.327361394244555 ], [ 139.437029888299492, 35.327361416535261 ], [ 139.43709849431005, 35.327361419736306 ], [ 139.437177099577184, 35.327361423403907 ], [ 139.437541239171651, 35.327361440394085 ], [ 139.437779832809241, 35.327380338337271 ] ] } },
{ "type": "Feature", "properties": { "N07_001": "神奈川中央交通（株）", "N07_002": null, "index_right": 880 }, "geometry": { "type": "LineString", "coordinates": [ [ 139.434063708977931, 35.327490989393738 ], [ 139.434461192179384, 35.327444343366139 ], [ 139.434723672030771, 35.32741658078902 ], [ 139.435382510595957, 35.327352173991954 ], [ 139.435586106749554, 35.327361349170673 ], [ 139.435916082217318, 35.327361364566812 ] ] } },
{ "type": "Feature", "properties": { "N07_001": "神奈川中央交通（株）", "N07_002": null, "index_right": 880 }, "geometry": { "type": "LineString", "coordinates": [ [ 139.434087495938513, 35.322889535006631 ], [ 139.434609975323042, 35.323000381313378 ], [ 139.435200772860384, 35.323111510511012 ], [ 139.435745739740497, 35.323222915010291 ], [ 139.435643262689467, 35.324084205707372 ] ] } },
{ "type": "Feature", "properties": { "N07_001": "神奈川中央交通（株）", "N07_002": null, "index_right": 880 }, "geometry": { "type": "LineString", "coordinates": [ [ 139.432213925838369, 35.323416622923588 ], [ 139.432268630477211, 35.322676423794313 ], [ 139.432257516211195, 35.322529216277516 ], [ 139.432473902576788, 35.322565333021942 ], [ 139.432984730514136, 35.322676454624208 ], [ 139.433211116943568, 35.322723126147181 ], [ 139.433427225531915, 35.322760075992889 ], [ 139.434087495938513, 35.322889535006631 ] ] } },
{ "type": "Feature", "properties": { "N07_001": "神奈川中央交通（株）", "N07_002": null, "index_right": 880 }, "geometry": { "type": "LineString", "coordinates": [ [ 139.435586065994499, 35.325222968845019 ], [ 139.43571106426009, 35.325592934960781 ] ] } },
{ "type": "Feature", "properties": { "N07_001": "神奈川中央交通（株）", "N07_002": null, "index_right": 880 }, "geometry": { "type": "LineString", "coordinates": [ [ 139.435643262689467, 35.324084205707372 ], [ 139.435598826489695, 35.324361395796906 ], [ 139.435563833977994, 35.324629698445506 ], [ 139.435541063253936, 35.324916888562548 ], [ 139.435586065994499, 35.325222968845019 ] ] } },
{ "type": "Feature", "properties": { "N07_001": "神奈川中央交通（株）", "N07_002": null, "index_right": 880 }, "geometry": { "type": "LineString", "coordinates": [ [ 139.431654815598449, 35.325509163695287 ], [ 139.431836191011456, 35.325046162476404 ], [ 139.431938403835943, 35.324704812588372 ], [ 139.43216615740036, 35.32379630404774 ], [ 139.43219976337636, 35.323592715297401 ], [ 139.432213925838369, 35.323416622923588 ] ] } },
{ "type": "Feature", "properties": { "N07_001": "神奈川中央交通（株）", "N07_002": null, "index_right": 880 }, "geometry": { "type": "LineString", "coordinates": [ [ 139.439380312662479, 35.336369418043788 ], [ 139.439393367513389, 35.336369974143878 ], [ 139.44025693185003, 35.336416120243399 ], [ 139.440949116728319, 35.336453925980145 ], [ 139.441870734006812, 35.336500074786244 ], [ 139.442370429519826, 35.336526761709941 ], [ 139.442926510845581, 35.336564283392271 ], [ 139.443256771226743, 35.336574019877119 ] ] } },
{ "type": "Feature", "properties": { "N07_001": "神奈川中央交通（株）", "N07_002": null, "index_right": 880 }, "geometry": { "type": "LineString", "coordinates": [ [ 139.436098269980477, 35.336203450748258 ], [ 139.436734345874697, 35.336240142869208 ], [ 139.437450973532748, 35.3362673953335 ], [ 139.437484305099673, 35.336267396880373 ], [ 139.438063440131373, 35.336295198460718 ], [ 139.4385070271355, 35.336314661341071 ], [ 139.439380312662479, 35.336369418043788 ] ] } },
{ "type": "Feature", "properties": { "N07_001": "神奈川中央交通（株）", "N07_002": null, "index_right": 880 }, "geometry": { "type": "LineString", "coordinates": [ [ 139.443256771226743, 35.336574019877119 ], [ 139.443381768623851, 35.336361271364069 ] ] } },
{ "type": "Feature", "properties": { "N07_001": "神奈川中央交通（株）", "N07_002": null, "index_right": 880 }, "geometry": { "type": "LineString", "coordinates": [ [ 139.434457249348554, 35.336131438137386 ], [ 139.435018607167933, 35.336157016904309 ], [ 139.435063049242785, 35.336157018966425 ], [ 139.43594938900938, 35.336203443839622 ], [ 139.436098269980477, 35.336203450748258 ] ] } },
{ "type": "Feature", "properties": { "N07_001": "神奈川中央交通（株）", "N07_002": null, "index_right": 880 }, "geometry": { "type": "LineString", "coordinates": [ [ 139.432995876959239, 35.336064147114506 ], [ 139.4339608709667, 35.336110304082119 ], [ 139.434457249348554, 35.336131438137386 ] ] } },
{ "type": "Feature", "properties": { "N07_001": "神奈川中央交通（株）", "N07_002": null, "index_right": 880 }, "geometry": { "type": "LineString", "coordinates": [ [ 139.410495658451538, 35.339292914877504 ], [ 139.41063177128251, 35.339284592069617 ], [ 139.410745383898501, 35.339266546934873 ], [ 139.411165667452337, 35.339182143572643 ], [ 139.411507061127082, 35.339118009541245 ], [ 139.411984567949219, 35.339034165322914 ], [ 139.412234571440564, 35.339006964011965 ], [ 139.412188179604016, 35.339256369100909 ], [ 139.412063172913236, 35.33982183391192 ], [ 139.412017892975854, 35.340006803871759 ], [ 139.41197344551432, 35.340293981207964 ], [ 139.413053454646899, 35.340423482612202 ] ] } },
{ "type": "Feature", "properties": { "N07_001": "神奈川中央交通（株）", "N07_002": null, "index_right": 880 }, "geometry": { "type": "LineString", "coordinates": [ [ 139.406371243310502, 35.33205404155327 ], [ 139.406632887802459, 35.332072654300468 ], [ 139.407007854504201, 35.332109876857622 ] ] } },
{ "type": "Feature", "properties": { "N07_001": "神奈川中央交通（株）", "N07_002": null, "index_right": 880 }, "geometry": { "type": "LineString", "coordinates": [ [ 139.405860449229095, 35.332045421907921 ], [ 139.406371243310502, 35.33205404155327 ] ] } },
{ "type": "Feature", "properties": { "N07_001": "神奈川中央交通（株）", "N07_002": null, "index_right": 880 }, "geometry": { "type": "LineString", "coordinates": [ [ 139.403802460253587, 35.336364532394249 ], [ 139.403621047817126, 35.336608368747925 ], [ 139.40331632792325, 35.337029400024107 ] ] } },
{ "type": "Feature", "properties": { "N07_001": "神奈川中央交通（株）", "N07_002": null, "index_right": 880 }, "geometry": { "type": "LineString", "coordinates": [ [ 139.404212235508226, 35.33581270642253 ], [ 139.403802460253587, 35.336364532394249 ] ] } },
{ "type": "Feature", "properties": { "N07_001": "神奈川中央交通（株）", "N07_002": null, "index_right": 880 }, "geometry": { "type": "LineString", "coordinates": [ [ 139.401245757613339, 35.339589720579973 ], [ 139.401029642201848, 35.339830780707857 ], [ 139.400848250271167, 35.340014907572431 ], [ 139.400609632732653, 35.340283461208621 ], [ 139.400302123897916, 35.340617555320911 ], [ 139.400223509816982, 35.340710035369725 ] ] } },
{ "type": "Feature", "properties": { "N07_001": "神奈川中央交通（株）", "N07_002": null, "index_right": 880 }, "geometry": { "type": "LineString", "coordinates": [ [ 139.40331632792325, 35.337029400024107 ], [ 139.402723549392675, 35.337848964263038 ], [ 139.40225743599288, 35.338433014860371 ], [ 139.402188546654344, 35.338515220485853 ], [ 139.401961044739096, 35.338784054746945 ], [ 139.401621041513437, 35.339163698443805 ], [ 139.401245757613339, 35.339589720579973 ] ] } },
{ "type": "Feature", "properties": { "N07_001": "神奈川中央交通（株）", "N07_002": null, "index_right": 880 }, "geometry": { "type": "LineString", "coordinates": [ [ 139.400223509816982, 35.340710035369725 ], [ 139.400166007195054, 35.340783353043662 ], [ 139.399473756948225, 35.341552072120592 ], [ 139.399382085319246, 35.341663158745234 ], [ 139.398803720665995, 35.34232078846572 ], [ 139.398768718883019, 35.342356891222288 ], [ 139.398290912090886, 35.34288510293954 ] ] } },
{ "type": "Feature", "properties": { "N07_001": "神奈川中央交通（株）", "N07_002": null, "index_right": 880 }, "geometry": { "type": "LineString", "coordinates": [ [ 139.392393299519455, 35.344495947642216 ], [ 139.392460802901695, 35.344467900115781 ], [ 139.392837206043282, 35.344347104426433 ], [ 139.393053325500858, 35.344274071169814 ], [ 139.393178331795099, 35.344218253404698 ], [ 139.393268060280064, 35.344162434351965 ], [ 139.393426959349853, 35.344070236079567 ], [ 139.393654476477423, 35.343912497617112 ], [ 139.394143401994569, 35.343560917665918 ] ] } },
{ "type": "Feature", "properties": { "N07_001": "神奈川中央交通（株）", "N07_002": null, "index_right": 880 }, "geometry": { "type": "LineString", "coordinates": [ [ 139.388490798862819, 35.345821987761198 ], [ 139.388643294417363, 35.345763667397939 ], [ 139.388915508460059, 35.345653135980726 ] ] } },
{ "type": "Feature", "properties": { "N07_001": "神奈川中央交通（株）", "N07_002": null, "index_right": 880 }, "geometry": { "type": "LineString", "coordinates": [ [ 139.384529835885445, 35.347355555635581 ], [ 139.385120644831517, 35.347143654768452 ], [ 139.385359790508062, 35.346930077231619 ], [ 139.385473396787887, 35.34688425308682 ], [ 139.385541170780897, 35.346846482094577 ] ] } },
{ "type": "Feature", "properties": { "N07_001": "神奈川中央交通（株）", "N07_002": null, "index_right": 880 }, "geometry": { "type": "LineString", "coordinates": [ [ 139.383961022602847, 35.347587184660192 ], [ 139.384529835885445, 35.347355555635581 ] ] } },
{ "type": "Feature", "properties": { "N07_001": "神奈川中央交通（株）", "N07_002": null, "index_right": 880 }, "geometry": { "type": "LineString", "coordinates": [ [ 139.390404362798193, 35.345124371775086 ], [ 139.390609360372252, 35.345078552234959 ], [ 139.390949354394508, 35.344967746748971 ], [ 139.391393258124253, 35.344820013158461 ], [ 139.391540764380863, 35.344773083502524 ], [ 139.392393299519455, 35.344495947642216 ] ] } },
{ "type": "Feature", "properties": { "N07_001": "神奈川中央交通（株）", "N07_002": null, "index_right": 880 }, "geometry": { "type": "LineString", "coordinates": [ [ 139.395563660064482, 35.343680944596038 ], [ 139.395688092975149, 35.343791760726681 ], [ 139.39597334803824, 35.344014227552528 ], [ 139.396120836081593, 35.344134764933791 ], [ 139.396268604744051, 35.344227807712656 ], [ 139.396551924752032, 35.344366957587425 ], [ 139.396779405188965, 35.344579146889636 ] ] } },
{ "type": "Feature", "properties": { "N07_001": "神奈川中央交通（株）", "N07_002": null, "index_right": 880 }, "geometry": { "type": "LineString", "coordinates": [ [ 139.394143401994569, 35.343560917665918 ], [ 139.394188683587998, 35.3435234266489 ], [ 139.394632325320288, 35.343209337357074 ], [ 139.394859563252766, 35.343041600443648 ], [ 139.395563660064482, 35.343680944596038 ] ] } },
{ "type": "Feature", "properties": { "N07_001": "神奈川中央交通（株）", "N07_002": null, "index_right": 880 }, "geometry": { "type": "LineString", "coordinates": [ [ 139.396779405188965, 35.344579146889636 ], [ 139.397109652461012, 35.344875773615932 ], [ 139.3972571488423, 35.345051585183434 ], [ 139.397393539929539, 35.345162408636732 ], [ 139.397585763446557, 35.345264069901084 ], [ 139.397779654517024, 35.345394060128228 ] ] } },
{ "type": "Feature", "properties": { "N07_001": "神奈川中央交通（株）", "N07_002": null, "index_right": 880 }, "geometry": { "type": "LineString", "coordinates": [ [ 139.385541170780897, 35.346846482094577 ], [ 139.386223645254205, 35.346596812621918 ], [ 139.386665854556981, 35.346467676523361 ], [ 139.386984734488266, 35.346374643205735 ], [ 139.387120563548478, 35.34632826470699 ], [ 139.387460554294734, 35.346226900084162 ], [ 139.387859709706788, 35.346097207999804 ], [ 139.388006925869576, 35.346022778224814 ], [ 139.38815469843351, 35.345958069479352 ], [ 139.388279694057331, 35.345902803214457 ], [ 139.388490798862819, 35.345821987761198 ] ] } },
{ "type": "Feature", "properties": { "N07_001": "神奈川中央交通（株）", "N07_002": null, "index_right": 880 }, "geometry": { "type": "LineString", "coordinates": [ [ 139.384087442918286, 35.348124621514614 ], [ 139.384291019501006, 35.348078239842252 ], [ 139.384643502175322, 35.34795743066163 ], [ 139.384813767723585, 35.347846615577069 ], [ 139.384699590307719, 35.347717461308932 ], [ 139.384677087904066, 35.347689130757281 ], [ 139.384529835885445, 35.347355555635581 ] ] } },
{ "type": "Feature", "properties": { "N07_001": "神奈川中央交通（株）", "N07_002": null, "index_right": 880 }, "geometry": { "type": "LineString", "coordinates": [ [ 139.388915508460059, 35.345653135980726 ], [ 139.388973019741087, 35.345810339206963 ], [ 139.389074432285298, 35.346143353666328 ], [ 139.389188617657339, 35.346411932546516 ], [ 139.389303358238863, 35.346679955785127 ], [ 139.389143363070616, 35.346736054281159 ], [ 139.388893053907253, 35.346282217980608 ], [ 139.388825832553948, 35.346291103468467 ], [ 139.387484485686969, 35.346764331416928 ], [ 139.387460600570762, 35.346810158075989 ], [ 139.388165698204176, 35.348152781845513 ], [ 139.388234864648751, 35.348161393730386 ], [ 139.388912339326453, 35.347929221128211 ] ] } },
{ "type": "Feature", "properties": { "N07_001": "神奈川中央交通（株）", "N07_002": null, "index_right": 880 }, "geometry": { "type": "LineString", "coordinates": [ [ 139.388912339326453, 35.347929221128211 ], [ 139.389745921433615, 35.347643727858561 ], [ 139.389837028455048, 35.347596792446694 ], [ 139.38997369004187, 35.347540970718718 ], [ 139.390109797441085, 35.347504590801961 ], [ 139.389960896322947, 35.347301003087431 ], [ 139.38992867002861, 35.347236288721767 ], [ 139.389745876064239, 35.346976596248801 ], [ 139.389609750595724, 35.34675412216211 ], [ 139.389518073580717, 35.34659691828913 ], [ 139.389381944385974, 35.346328339006838 ], [ 139.389291097110856, 35.346125307774308 ], [ 139.389223305113944, 35.345921443997781 ], [ 139.389109669788752, 35.34557870826945 ] ] } },
{ "type": "Feature", "properties": { "N07_001": "神奈川中央交通（株）", "N07_002": null, "index_right": 880 }, "geometry": { "type": "LineString", "coordinates": [ [ 139.376737578065587, 35.340702753650973 ], [ 139.376770096694685, 35.34054167730617 ], [ 139.376805396170084, 35.340356994915005 ], [ 139.37685044889821, 35.339950415600214 ], [ 139.376883804456725, 35.339764900004283 ], [ 139.376906596451676, 35.339644925851161 ], [ 139.376930217733474, 35.339551890387014 ], [ 139.376975499778098, 35.339477739958113 ], [ 139.377214138904407, 35.339051999562074 ], [ 139.377350265915823, 35.33881177415504 ], [ 139.377555276391064, 35.338543499648161 ], [ 139.377940560406131, 35.338135811620745 ] ] } },
{ "type": "Feature", "properties": { "N07_001": "神奈川中央交通（株）", "N07_002": null, "index_right": 880 }, "geometry": { "type": "LineString", "coordinates": [ [ 139.376599520642344, 35.345606496480933 ], [ 139.376724489505506, 35.345411796655597 ], [ 139.376826961813862, 35.345217652115139 ], [ 139.376951926491927, 35.344958792675754 ], [ 139.377008349727447, 35.344634416237227 ], [ 139.377054788220363, 35.34424505558367 ], [ 139.377110961053376, 35.343763492488947 ], [ 139.377122092152405, 35.343615468683943 ], [ 139.377099341109698, 35.343458279752937 ] ] } },
{ "type": "Feature", "properties": { "N07_001": "神奈川中央交通（株）", "N07_002": null, "index_right": 880 }, "geometry": { "type": "LineString", "coordinates": [ [ 139.373551509018711, 35.348297018475634 ], [ 139.373542889894992, 35.348069263780488 ], [ 139.373667853347939, 35.347633753611028 ], [ 139.373815024157466, 35.346938825886781 ], [ 139.374133863570819, 35.346929941142143 ], [ 139.376189929846021, 35.346819418193867 ], [ 139.37649682633193, 35.346809977930143 ], [ 139.37630462620146, 35.346670546323942 ], [ 139.37617991584213, 35.346531670853999 ], [ 139.376030758693787, 35.346273641004508 ], [ 139.376008536968698, 35.346217257833182 ], [ 139.375997145463231, 35.346134210936853 ], [ 139.375986028724071, 35.34599505886586 ], [ 139.376383458044131, 35.34585702267767 ], [ 139.376485937523626, 35.345781754156022 ], [ 139.376575637661034, 35.345643436683268 ], [ 139.376599520642344, 35.345606496480933 ] ] } },
{ "type": "Feature", "properties": { "N07_001": "神奈川中央交通（株）", "N07_002": null, "index_right": 880 }, "geometry": { "type": "LineString", "coordinates": [ [ 139.377099341109698, 35.343458279752937 ], [ 139.377019421661231, 35.342995877570061 ], [ 139.376962241036864, 35.342773424434917 ], [ 139.376929765033566, 35.342644284993263 ], [ 139.376895060504268, 35.34256041363502 ], [ 139.376827312237594, 35.342430718373087 ], [ 139.376667657889385, 35.342134946525917 ], [ 139.376462462782115, 35.341783075178185 ], [ 139.376486373559658, 35.341606724307582 ], [ 139.376520005068755, 35.341430651248437 ], [ 139.37655362710683, 35.34132011970334 ], [ 139.376656161363201, 35.340977694028602 ], [ 139.376736188413219, 35.340709418878397 ], [ 139.376737578065587, 35.340702753650973 ] ] } },
{ "type": "Feature", "properties": { "N07_001": "神奈川中央交通（株）", "N07_002": null, "index_right": 880 }, "geometry": { "type": "LineString", "coordinates": [ [ 139.385564900738757, 35.336375979906514 ], [ 139.385769350164708, 35.336284059927209 ], [ 139.386202411571759, 35.336117161670089 ], [ 139.386508426482266, 35.336607903855857 ], [ 139.386599227649924, 35.336784259215392 ], [ 139.386700578352901, 35.336997274077746 ], [ 139.386804730033958, 35.337061986052753 ], [ 139.386860549249519, 35.337136139165757 ], [ 139.386917197515857, 35.337238064414379 ], [ 139.386952174459822, 35.337376925945179 ], [ 139.387077106355719, 35.337783513228743 ] ] } },
{ "type": "Feature", "properties": { "N07_001": "神奈川中央交通（株）", "N07_002": null, "index_right": 880 }, "geometry": { "type": "LineString", "coordinates": [ [ 139.384233840488236, 35.334837367175787 ], [ 139.384452679930632, 35.335033721027401 ], [ 139.384644849008566, 35.335293951427339 ], [ 139.384747314548008, 35.335469751967963 ], [ 139.384792560796598, 35.335645550878922 ], [ 139.384780859210508, 35.33585911827867 ], [ 139.384747216033617, 35.33606213164591 ], [ 139.384736085527663, 35.336182106962482 ], [ 139.384814935001231, 35.336395399203063 ], [ 139.384917116815558, 35.336607858932922 ], [ 139.384929611497853, 35.336635909051758 ], [ 139.38498572288745, 35.336617581086223 ], [ 139.385008223390997, 35.336607861504874 ], [ 139.385564900738757, 35.336375979906514 ] ] } },
{ "type": "Feature", "properties": { "N07_001": "神奈川中央交通（株）", "N07_002": null, "index_right": 880 }, "geometry": { "type": "LineString", "coordinates": [ [ 139.398304024000367, 35.334128181174172 ], [ 139.398450402293918, 35.334128184470536 ], [ 139.398564280165772, 35.334146238928604 ], [ 139.398849530186425, 35.334192624855298 ], [ 139.399212828829207, 35.334247621954148 ], [ 139.399382808010301, 35.334303447872351 ] ] } },
{ "type": "Feature", "properties": { "N07_001": "神奈川中央交通（株）", "N07_002": null, "index_right": 880 }, "geometry": { "type": "LineString", "coordinates": [ [ 139.393486037905319, 35.333711193224872 ], [ 139.393553294765866, 35.333470133340541 ], [ 139.393599703189892, 35.333331274182861 ], [ 139.393645007844214, 35.333146313312852 ] ] } },
{ "type": "Feature", "properties": { "N07_001": "神奈川中央交通（株）", "N07_002": null, "index_right": 880 }, "geometry": { "type": "LineString", "coordinates": [ [ 139.39613092777563, 35.333528528766266 ], [ 139.396713098276393, 35.333664350977124 ], [ 139.396780515639847, 35.334173415215361 ], [ 139.39687161629621, 35.334201467225128 ], [ 139.396961883149714, 35.334229796797231 ], [ 139.397121576689045, 35.334340333350966 ], [ 139.397166852619506, 35.334331169590506 ], [ 139.397485452246485, 35.334256747597024 ], [ 139.397758221766679, 35.334182602231451 ], [ 139.397883216926004, 35.334155388376217 ], [ 139.398054597610184, 35.334128175557225 ], [ 139.398155702857764, 35.334118735309829 ], [ 139.398291802662726, 35.334128180898958 ], [ 139.398304024000367, 35.334128181174172 ] ] } },
{ "type": "Feature", "properties": { "N07_001": "神奈川中央交通（株）", "N07_002": null, "index_right": 880 }, "geometry": { "type": "LineString", "coordinates": [ [ 139.393645007844214, 35.333146313312852 ], [ 139.393667563858315, 35.332784721247833 ], [ 139.393690109446112, 35.332488949056767 ], [ 139.393781212738929, 35.332507558993051 ], [ 139.394633659828884, 35.332553963005509 ], [ 139.394542229268836, 35.332849733167315 ], [ 139.394496929062655, 35.333007477356816 ], [ 139.394486067180026, 35.333192439191855 ] ] } },
{ "type": "Feature", "properties": { "N07_001": "神奈川中央交通（株）", "N07_002": null, "index_right": 880 }, "geometry": { "type": "LineString", "coordinates": [ [ 139.393486037905319, 35.333711193224872 ], [ 139.393394606985026, 35.334006685735886 ], [ 139.393304842419809, 35.334303289187055 ], [ 139.393212022540553, 35.334599059396396 ], [ 139.393110591722007, 35.334896217973998 ], [ 139.393030548909991, 35.335191710843617 ], [ 139.392939673095498, 35.335488314297017 ], [ 139.393610459122328, 35.335571927367191 ] ] } },
{ "type": "Feature", "properties": { "N07_001": "神奈川中央交通（株）", "N07_002": null, "index_right": 880 }, "geometry": { "type": "LineString", "coordinates": [ [ 139.393610459122328, 35.335571927367191 ], [ 139.393702168053835, 35.335275323967679 ], [ 139.393792210266923, 35.334979275971214 ], [ 139.393883363441603, 35.334683505735818 ], [ 139.393929219419135, 35.334525206093019 ], [ 139.393974516698904, 35.334386902346033 ], [ 139.394213160781732, 35.334099467978547 ], [ 139.394304834408047, 35.334025041388017 ], [ 139.394405956217184, 35.333923676138539 ], [ 139.394462079005962, 35.333830918951442 ], [ 139.394486007445209, 35.333571805997884 ], [ 139.394486067180026, 35.333192439191855 ] ] } },
{ "type": "Feature", "properties": { "N07_001": "神奈川中央交通（株）", "N07_002": null, "index_right": 880 }, "geometry": { "type": "LineString", "coordinates": [ [ 139.382892460627971, 35.334124165193408 ], [ 139.383100515023472, 35.333970031600835 ], [ 139.383145491437773, 35.334081120821764 ], [ 139.383190191686793, 35.334182212036175 ], [ 139.383225455938401, 35.334238312201848 ], [ 139.383305433780862, 35.334312742435841 ], [ 139.38344012995654, 35.334368288092918 ], [ 139.38368036685128, 35.33443244409959 ], [ 139.383827837427305, 35.334497710073492 ], [ 139.384019733063894, 35.334645459718303 ], [ 139.384233840488236, 35.334837367175787 ] ] } },
{ "type": "Feature", "properties": { "N07_001": "神奈川中央交通（株）", "N07_002": null, "index_right": 880 }, "geometry": { "type": "LineString", "coordinates": [ [ 139.3822702515603, 35.334534077091639 ], [ 139.382406361510846, 35.334432432022936 ], [ 139.382611630934974, 35.334321900556837 ], [ 139.382815238771201, 35.334182208331761 ], [ 139.382892460627971, 35.334124165193408 ] ] } },
{ "type": "Feature", "properties": { "N07_001": "（株）江ノ電バス", "N07_002": null, "index_right": 880 }, "geometry": { "type": "LineString", "coordinates": [ [ 139.439960757036886, 35.324648801886596 ], [ 139.440222962255717, 35.324750747792649 ], [ 139.44106346246312, 35.325074919095165 ], [ 139.441563151103196, 35.325251867841047 ], [ 139.442098114564658, 35.325408264919652 ], [ 139.442926668240773, 35.325611615090239 ] ] } },
{ "type": "Feature", "properties": { "N07_001": "（株）江ノ電バス", "N07_002": null, "index_right": 880 }, "geometry": { "type": "LineString", "coordinates": [ [ 139.436677067772735, 35.323195187409027 ], [ 139.436859563573876, 35.323667645086424 ], [ 139.436904840595986, 35.323806521084471 ], [ 139.436995678760695, 35.324491728532614 ], [ 139.437018178690636, 35.324583941787807 ], [ 139.437075677819138, 35.324778090059695 ], [ 139.437257339672954, 35.325278321974615 ] ] } },
{ "type": "Feature", "properties": { "N07_001": "（株）江ノ電バス", "N07_002": null, "index_right": 880 }, "geometry": { "type": "LineString", "coordinates": [ [ 139.43497361627584, 35.325601787237055 ], [ 139.434438653496613, 35.325583707747043 ], [ 139.433382566054661, 35.325546447900194 ], [ 139.432507302146746, 35.325528638638666 ], [ 139.431654815598449, 35.325509163695287 ] ] } },
{ "type": "Feature", "properties": { "N07_001": "（株）江ノ電バス", "N07_002": null, "index_right": 880 }, "geometry": { "type": "LineString", "coordinates": [ [ 139.436677067772735, 35.323195187409027 ], [ 139.436938441359132, 35.323297411706811 ], [ 139.437973380468321, 35.323768800968459 ], [ 139.438848604792639, 35.324149080370731 ], [ 139.439960757036886, 35.324648801886596 ] ] } },
{ "type": "Feature", "properties": { "N07_001": "（株）江ノ電バス", "N07_002": null, "index_right": 880 }, "geometry": { "type": "LineString", "coordinates": [ [ 139.434188572646235, 35.321399420235885 ], [ 139.434598562297111, 35.32183411661056 ], [ 139.434973546927353, 35.322212984317687 ], [ 139.435200759012758, 35.322417140750126 ], [ 139.435449635450567, 35.322583802244807 ], [ 139.435813505050163, 35.322787409983277 ], [ 139.436677067772735, 35.323195187409027 ] ] } },
{ "type": "Feature", "properties": { "N07_001": "（株）江ノ電バス", "N07_002": null, "index_right": 880 }, "geometry": { "type": "LineString", "coordinates": [ [ 139.431654815598449, 35.325509163695287 ], [ 139.431836191011456, 35.325046162476404 ], [ 139.431938403835943, 35.324704812588372 ], [ 139.43216615740036, 35.32379630404774 ], [ 139.43219976337636, 35.323592715297401 ], [ 139.432268630477211, 35.322676423794313 ], [ 139.432257516211195, 35.322529216277516 ], [ 139.432268615007047, 35.321991772204171 ], [ 139.432268608310636, 35.321695413889081 ] ] } },
{ "type": "Feature", "properties": { "N07_001": "（株）江ノ電バス", "N07_002": null, "index_right": 880 }, "geometry": { "type": "LineString", "coordinates": [ [ 139.432268608310636, 35.321695413889081 ], [ 139.432279712344297, 35.321389612606936 ], [ 139.43229137025827, 35.321009930098029 ], [ 139.432313853193222, 35.32026917427676 ], [ 139.43232468260382, 35.320102525330334 ], [ 139.433076339255734, 35.320149222834331 ], [ 139.433427176695687, 35.320565862324699 ], [ 139.433666345961512, 35.32084306645033 ], [ 139.434188572646235, 35.321399420235885 ] ] } },
{ "type": "Feature", "properties": { "N07_001": "（株）江ノ電バス", "N07_002": null, "index_right": 880 }, "geometry": { "type": "LineString", "coordinates": [ [ 139.437257339672954, 35.325278321974615 ], [ 139.437279562456553, 35.325417196731131 ], [ 139.437359565609341, 35.326000470004395 ], [ 139.437370954522549, 35.326056297763209 ], [ 139.437438731306145, 35.326315716996163 ], [ 139.437483452463539, 35.32646209195272 ] ] } },
{ "type": "Feature", "properties": { "N07_001": "（株）江ノ電バス", "N07_002": null, "index_right": 880 }, "geometry": { "type": "LineString", "coordinates": [ [ 139.437962049909203, 35.328000000769428 ], [ 139.43812118813716, 35.328870745143611 ], [ 139.438188392284843, 35.329259038580567 ], [ 139.43824560100748, 35.329536788241882 ] ] } },
{ "type": "Feature", "properties": { "N07_001": "（株）江ノ電バス", "N07_002": null, "index_right": 880 }, "geometry": { "type": "LineString", "coordinates": [ [ 139.437483452463539, 35.32646209195272 ], [ 139.437563450468843, 35.326722900445418 ], [ 139.437779832809241, 35.327380338337271 ], [ 139.437837330450122, 35.327518381378354 ], [ 139.437893440183586, 35.327722805917553 ], [ 139.437962049909203, 35.328000000769428 ] ] } },
{ "type": "Feature", "properties": { "N07_001": "（株）江ノ電バス", "N07_002": null, "index_right": 880 }, "geometry": { "type": "LineString", "coordinates": [ [ 139.438551857296233, 35.332925871730666 ], [ 139.438598236655025, 35.333130017949401 ], [ 139.438620733180159, 35.333194178555523 ], [ 139.438700723759638, 35.333333055772364 ], [ 139.439415384445283, 35.333916357607109 ], [ 139.43951787581392, 35.334000241958485 ], [ 139.440098384060747, 35.334452996533365 ], [ 139.4402905907356, 35.334611043515999 ], [ 139.440438356707858, 35.33473159258962 ], [ 139.440654449282533, 35.334963243665612 ], [ 139.440892762426785, 35.335222114994224 ], [ 139.441178293460524, 35.335564868145767 ], [ 139.441427717482895, 35.335842349067789 ], [ 139.441642977924403, 35.336083443543934 ], [ 139.441722971505186, 35.336175381549886 ], [ 139.441779078762437, 35.336212880013889 ], [ 139.441881572068127, 35.336267600952162 ], [ 139.442370434457189, 35.336295398352483 ], [ 139.44292651541079, 35.336332642277526 ], [ 139.443381768623851, 35.336361271364069 ] ] } },
{ "type": "Feature", "properties": { "N07_001": "（株）江ノ電バス", "N07_002": null, "index_right": 880 }, "geometry": { "type": "LineString", "coordinates": [ [ 139.43824560100748, 35.329536788241882 ], [ 139.438335834116401, 35.330684998644479 ], [ 139.438359713042928, 35.330935805319648 ], [ 139.438426906597527, 35.33166656087694 ], [ 139.438529365349297, 35.332722282109437 ], [ 139.438551857296233, 35.332925871730666 ] ] } },
{ "type": "Feature", "properties": { "N07_001": "神奈川中央交通（株）", "N07_002": null, "index_right": 880 }, "geometry": { "type": "LineString", "coordinates": [ [ 139.423394164047295, 35.384687323783155 ], [ 139.423644150150864, 35.384668457450871 ], [ 139.423746366685918, 35.3846593001618 ], [ 139.423973853876873, 35.384612101558453 ], [ 139.424121623318484, 35.384575728632612 ], [ 139.424485491685033, 35.384473824918636 ], [ 139.424769087085167, 35.384436907954054 ], [ 139.424905190749655, 35.384436919310311 ], [ 139.425189064067354, 35.384427499549027 ], [ 139.426087625976436, 35.384409243206576 ], [ 139.426291225956618, 35.384409260212863 ], [ 139.426587876481108, 35.384445947620918 ], [ 139.427586155238686, 35.38454824152457 ], [ 139.428076683862315, 35.384604109195024 ], [ 139.428268617743271, 35.384631899674851 ], [ 139.428462773700744, 35.384668855905979 ], [ 139.428938580666085, 35.384780271030024 ], [ 139.429234953041032, 35.384853897807936 ], [ 139.429586322276037, 35.384936972260022 ], [ 139.429961023430337, 35.385029213984204 ], [ 139.430302392967775, 35.385131729300731 ], [ 139.430529879952871, 35.385215348613343 ], [ 139.430598766447361, 35.38485400976829 ], [ 139.430688485285714, 35.384474341746319 ], [ 139.43074598268953, 35.384344362595257 ], [ 139.43088264230866, 35.384252440992526 ], [ 139.43099624745355, 35.384205511931683 ], [ 139.431280121236057, 35.384141377200287 ] ] } },
{ "type": "Feature", "properties": { "N07_001": "神奈川中央交通（株）", "N07_002": null, "index_right": 880 }, "geometry": { "type": "LineString", "coordinates": [ [ 139.397683294135987, 35.323810015516479 ], [ 139.398168781974249, 35.323907774162386 ], [ 139.399850782591585, 35.324194664949061 ], [ 139.400429319773167, 35.324287148385991 ], [ 139.40061179676681, 35.324315199006207 ], [ 139.400725950468285, 35.324324364276926 ], [ 139.400895652703809, 35.324342416885273 ], [ 139.401111742198367, 35.324342417729248 ], [ 139.401328387192905, 35.324342418575398 ], [ 139.401543090865005, 35.324324367425533 ] ] } },
{ "type": "Feature", "properties": { "N07_001": "神奈川中央交通（株）", "N07_002": null, "index_right": 880 }, "geometry": { "type": "LineString", "coordinates": [ [ 139.392373991503717, 35.322907523702945 ], [ 139.392566203636136, 35.322926138871175 ], [ 139.392976461901441, 35.322953649966699 ], [ 139.393088956300915, 35.322962541615325 ], [ 139.393271168553952, 35.322981989491623 ], [ 139.393691699160371, 35.323037273002811 ], [ 139.393998624255005, 35.323083387052471 ], [ 139.394431652328194, 35.323148391109832 ], [ 139.394601363303934, 35.323176169969663 ], [ 139.394851345729791, 35.323222281562238 ], [ 139.395260202508467, 35.323315056411076 ] ] } },
{ "type": "Feature", "properties": { "N07_001": "（株）江ノ電バス", "N07_002": null, "index_right": 880 }, "geometry": { "type": "LineString", "coordinates": [ [ 139.443381768623851, 35.336361271364069 ], [ 139.44406284307388, 35.33640740900632 ], [ 139.444278942681592, 35.336416306947058 ], [ 139.445245002179519, 35.33648134463467 ], [ 139.445835248637906, 35.336518034668117 ], [ 139.446631595499952, 35.336564455427236 ], [ 139.446767699434815, 35.336574182899675 ], [ 139.446904078429469, 35.33658335358831 ] ] } },
{ "type": "Feature", "properties": { "N07_001": "神奈川中央交通（株）", "N07_002": null, "index_right": 880 }, "geometry": { "type": "LineString", "coordinates": [ [ 139.439960757036886, 35.324648801886596 ], [ 139.440222962255717, 35.324750747792649 ], [ 139.44106346246312, 35.325074919095165 ], [ 139.441563151103196, 35.325251867841047 ], [ 139.442098114564658, 35.325408264919652 ], [ 139.442926668240773, 35.325611615090239 ] ] } },
{ "type": "Feature", "properties": { "N07_001": "神奈川中央交通（株）", "N07_002": null, "index_right": 880 }, "geometry": { "type": "LineString", "coordinates": [ [ 139.425477411618374, 35.325320611972607 ], [ 139.425848794782638, 35.325333125107768 ], [ 139.42615490115233, 35.325342580445984 ], [ 139.427143774660124, 35.325370949108226 ] ] } },
{ "type": "Feature", "properties": { "N07_001": "神奈川中央交通（株）", "N07_002": null, "index_right": 880 }, "geometry": { "type": "LineString", "coordinates": [ [ 139.422541068148718, 35.325231617805692 ], [ 139.42351883075969, 35.325258875393708 ], [ 139.425007418886253, 35.325305873005185 ], [ 139.425477411618374, 35.325320611972607 ] ] } },
{ "type": "Feature", "properties": { "N07_001": "神奈川中央交通（株）", "N07_002": null, "index_right": 880 }, "geometry": { "type": "LineString", "coordinates": [ [ 139.430132617100497, 35.325462721365021 ], [ 139.430211227163824, 35.325472723373572 ], [ 139.430882605325479, 35.325481637014796 ], [ 139.431654815598449, 35.325509163695287 ] ] } },
{ "type": "Feature", "properties": { "N07_001": "神奈川中央交通（株）", "N07_002": null, "index_right": 880 }, "geometry": { "type": "LineString", "coordinates": [ [ 139.427143774660124, 35.325370949108226 ], [ 139.427530157702193, 35.325389017778342 ], [ 139.428360144650043, 35.325407658923204 ], [ 139.42914374365705, 35.325434908508143 ], [ 139.430132617100497, 35.325462721365021 ] ] } },
{ "type": "Feature", "properties": { "N07_001": "神奈川中央交通（株）", "N07_002": null, "index_right": 880 }, "geometry": { "type": "LineString", "coordinates": [ [ 139.400860948772333, 35.331202435146714 ], [ 139.401155624988064, 35.33136018700452 ], [ 139.40164442566973, 35.331702072736569 ], [ 139.40184966721165, 35.331840938027213 ], [ 139.402099347106343, 35.331998689411179 ], [ 139.402235714753374, 35.332072566361582 ], [ 139.402417077661056, 35.332155886814171 ], [ 139.402746478186629, 35.332285867735813 ], [ 139.40350805256233, 35.332526391390445 ], [ 139.40392938972218, 35.332664983961308 ], [ 139.404474324891169, 35.332831351603204 ], [ 139.404860112107031, 35.332951336265609 ], [ 139.405621131819032, 35.333192694324609 ] ] } },
{ "type": "Feature", "properties": { "N07_001": "神奈川中央交通（株）", "N07_002": null, "index_right": 880 }, "geometry": { "type": "LineString", "coordinates": [ [ 139.437257339672954, 35.325278321974615 ], [ 139.437279562456553, 35.325417196731131 ], [ 139.437359565609341, 35.326000470004395 ], [ 139.437370954522549, 35.326056297763209 ] ] } },
{ "type": "Feature", "properties": { "N07_001": "神奈川中央交通（株）", "N07_002": null, "index_right": 880 }, "geometry": { "type": "LineString", "coordinates": [ [ 139.437469563927635, 35.326417929472044 ], [ 139.437483452463539, 35.32646209195272 ] ] } },
{ "type": "Feature", "properties": { "N07_001": "神奈川中央交通（株）", "N07_002": null, "index_right": 880 }, "geometry": { "type": "LineString", "coordinates": [ [ 139.409119554197957, 35.354763681492329 ], [ 139.40879065853855, 35.354550371957281 ], [ 139.408723713046896, 35.354513153394336 ], [ 139.408666212885521, 35.354494542962115 ], [ 139.408541212755296, 35.354458154783607 ], [ 139.408335936004704, 35.35442092955671 ] ] } },
{ "type": "Feature", "properties": { "N07_001": "神奈川中央交通（株）", "N07_002": null, "index_right": 880 }, "geometry": { "type": "LineString", "coordinates": [ [ 139.421755421871012, 35.34225052421526 ], [ 139.421688203644834, 35.342118036409239 ], [ 139.421632095852488, 35.342006935565692 ], [ 139.421551820617452, 35.341914441689624 ], [ 139.421460712232545, 35.341813059315662 ], [ 139.422643223528326, 35.341618440569789 ], [ 139.422734613611595, 35.341590394406474 ], [ 139.422824337896458, 35.341534573879358 ], [ 139.4230407312468, 35.341414602830518 ], [ 139.423216012261037, 35.341327958211792 ] ] } },
{ "type": "Feature", "properties": { "N07_001": "神奈川中央交通（株）", "N07_002": null, "index_right": 880 }, "geometry": { "type": "LineString", "coordinates": [ [ 139.421915961194173, 35.34276602419601 ], [ 139.421915964534207, 35.342664370622735 ], [ 139.421768476678665, 35.342275244203208 ], [ 139.421755421871012, 35.34225052421526 ] ] } },
{ "type": "Feature", "properties": { "N07_001": "神奈川中央交通（株）", "N07_002": null, "index_right": 880 }, "geometry": { "type": "LineString", "coordinates": [ [ 139.432916290755657, 35.367375542907581 ], [ 139.433099068232849, 35.36727308235465 ], [ 139.433518789515148, 35.367097052303698 ], [ 139.433860177954898, 35.366968227097438 ], [ 139.434121289099551, 35.366866887423534 ], [ 139.434214900408818, 35.366824961547337 ] ] } },
{ "type": "Feature", "properties": { "N07_001": "神奈川中央交通（株）", "N07_002": null, "index_right": 880 }, "geometry": { "type": "LineString", "coordinates": [ [ 139.42817886954083, 35.370336993948456 ], [ 139.428938572566693, 35.370179329521768 ] ] } },
{ "type": "Feature", "properties": { "N07_001": "神奈川中央交通（株）", "N07_002": null, "index_right": 880 }, "geometry": { "type": "LineString", "coordinates": [ [ 139.424894232204252, 35.370604616692518 ], [ 139.425632546415812, 35.370577487286646 ], [ 139.426007814562723, 35.370568644989334 ], [ 139.42621114272967, 35.370568669633712 ], [ 139.426951679195327, 35.370531541918496 ], [ 139.42758610689242, 35.370411078876209 ], [ 139.427949986417758, 35.370355297034756 ], [ 139.42817886954083, 35.370336993948456 ] ] } },
{ "type": "Feature", "properties": { "N07_001": "神奈川中央交通（株）", "N07_002": null, "index_right": 880 }, "geometry": { "type": "LineString", "coordinates": [ [ 139.413370380238547, 35.34698755187145 ], [ 139.413609277546186, 35.347625254873535 ], [ 139.413779561539883, 35.348126028639086 ], [ 139.413983178704257, 35.348672077015259 ] ] } },
{ "type": "Feature", "properties": { "N07_001": "神奈川中央交通（株）", "N07_002": null, "index_right": 880 }, "geometry": { "type": "LineString", "coordinates": [ [ 139.407018766749871, 35.33347044851407 ], [ 139.407007854504201, 35.332109876857622 ] ] } },
{ "type": "Feature", "properties": { "N07_001": "神奈川中央交通（株）", "N07_002": null, "index_right": 880 }, "geometry": { "type": "LineString", "coordinates": [ [ 139.407007854504201, 35.332109876857622 ], [ 139.407007866713286, 35.332026004114738 ], [ 139.406996243932696, 35.331730505216036 ], [ 139.406996307408718, 35.331294478048989 ], [ 139.406996339712776, 35.331072576325134 ], [ 139.406939128554285, 35.331026195294442 ], [ 139.406371420557178, 35.330841498144004 ], [ 139.405916757110987, 35.330674855371534 ] ] } },
{ "type": "Feature", "properties": { "N07_001": "神奈川中央交通（株）", "N07_002": null, "index_right": 880 }, "geometry": { "type": "LineString", "coordinates": [ [ 139.415599406449246, 35.368502222474845 ], [ 139.415485236522841, 35.368391669707364 ] ] } },
{ "type": "Feature", "properties": { "N07_001": "神奈川中央交通（株）", "N07_002": null, "index_right": 880 }, "geometry": { "type": "LineString", "coordinates": [ [ 139.415485236522841, 35.368391669707364 ], [ 139.415757982965999, 35.367984005360086 ] ] } },
{ "type": "Feature", "properties": { "N07_001": "神奈川中央交通（株）", "N07_002": null, "index_right": 880 }, "geometry": { "type": "LineString", "coordinates": [ [ 139.415757982965999, 35.367984005360086 ], [ 139.416996309390612, 35.368465493290252 ], [ 139.417280196890232, 35.368585515044209 ], [ 139.41847407628228, 35.369049227637738 ], [ 139.41878046289267, 35.369178141679136 ], [ 139.419064072804815, 35.369317884121237 ], [ 139.419224072289097, 35.369401228270121 ], [ 139.419382683310914, 35.369493182023682 ], [ 139.419518795450159, 35.369594853074624 ], [ 139.419677687880778, 35.369761517234963 ], [ 139.41973546762793, 35.369836236318307 ], [ 139.419791859846129, 35.369937617582742 ], [ 139.419849083532881, 35.37008566695016 ], [ 139.420041308637252, 35.370493154568457 ], [ 139.420110475537882, 35.370603986890799 ], [ 139.420166308521686, 35.370668988544296 ], [ 139.420257974104061, 35.370752604680632 ], [ 139.420382972139464, 35.37084483588449 ], [ 139.420530191288918, 35.370919016597661 ], [ 139.421019070169621, 35.371179338376727 ] ] } },
{ "type": "Feature", "properties": { "N07_001": "神奈川中央交通（株）", "N07_002": null, "index_right": 880 }, "geometry": { "type": "LineString", "coordinates": [ [ 139.422325146803786, 35.371419488000882 ], [ 139.422564027897039, 35.371355357352193 ], [ 139.422757910094987, 35.371280111594778 ], [ 139.423236504819414, 35.371082970060769 ] ] } },
{ "type": "Feature", "properties": { "N07_001": "神奈川中央交通（株）", "N07_002": null, "index_right": 880 }, "geometry": { "type": "LineString", "coordinates": [ [ 139.410700969583928, 35.347625004087924 ], [ 139.410803462007834, 35.34733839144554 ], [ 139.410825959684672, 35.347246185673143 ], [ 139.410938173174486, 35.34690347132323 ], [ 139.410973170193671, 35.346783493112575 ], [ 139.411074273133011, 35.346450775955873 ], [ 139.411178432790621, 35.34616277406198 ], [ 139.411415653079246, 35.34612641020211 ], [ 139.412154535364607, 35.345968716850329 ], [ 139.412915917368736, 35.345764920426568 ] ] } },
{ "type": "Feature", "properties": { "N07_001": "神奈川中央交通（株）", "N07_002": null, "index_right": 880 }, "geometry": { "type": "LineString", "coordinates": [ [ 139.410177959788342, 35.349274140187752 ], [ 139.410495709247499, 35.34827349463238 ], [ 139.410510985788278, 35.348228780849269 ] ] } },
{ "type": "Feature", "properties": { "N07_001": "神奈川中央交通（株）", "N07_002": null, "index_right": 880 }, "geometry": { "type": "LineString", "coordinates": [ [ 139.409916039441327, 35.350078709369647 ], [ 139.409938537212383, 35.35000511217595 ], [ 139.40999547678129, 35.349847365006347 ], [ 139.410132131448535, 35.349449108043309 ], [ 139.410177959788342, 35.349274140187752 ] ] } },
{ "type": "Feature", "properties": { "N07_001": "神奈川中央交通（株）", "N07_002": null, "index_right": 880 }, "geometry": { "type": "LineString", "coordinates": [ [ 139.408893090942996, 35.353356430197749 ], [ 139.408790603175106, 35.35355083367336 ], [ 139.408587017137108, 35.35394936144408 ], [ 139.408484807711659, 35.354152374781364 ], [ 139.408335936004704, 35.35442092955671 ] ] } },
{ "type": "Feature", "properties": { "N07_001": "神奈川中央交通（株）", "N07_002": null, "index_right": 880 }, "geometry": { "type": "LineString", "coordinates": [ [ 139.408335936004704, 35.35442092955671 ], [ 139.407824602575431, 35.355271861736284 ], [ 139.407734891171401, 35.35543932728406 ], [ 139.407586019758355, 35.355707883087121 ], [ 139.407438813932572, 35.355956720509077 ], [ 139.407371044121561, 35.356078362268867 ], [ 139.407268556202752, 35.356262491320166 ], [ 139.407123850722911, 35.356516050642213 ] ] } },
{ "type": "Feature", "properties": { "N07_001": "神奈川中央交通（株）", "N07_002": null, "index_right": 880 }, "geometry": { "type": "LineString", "coordinates": [ [ 139.404189441325826, 35.364909203039431 ], [ 139.403860557634431, 35.364881705196964 ], [ 139.403179448468279, 35.364705617958421 ], [ 139.402496392053877, 35.364492590669997 ], [ 139.402110558244232, 35.364373161215788 ] ] } },
{ "type": "Feature", "properties": { "N07_001": "神奈川中央交通（株）", "N07_002": null, "index_right": 880 }, "geometry": { "type": "LineString", "coordinates": [ [ 139.40104174804884, 35.361355000277278 ], [ 139.401349244068967, 35.361391947790963 ], [ 139.401575076769916, 35.361456943754419 ], [ 139.401791742363059, 35.361511941029327 ], [ 139.401951740799063, 35.361539996618809 ], [ 139.402291461377246, 35.361623326107747 ], [ 139.402461183544489, 35.361669434697703 ], [ 139.40262118783636, 35.361771644911563 ], [ 139.402802577069735, 35.361826640998586 ], [ 139.403224250070139, 35.362029952187186 ], [ 139.403351475153443, 35.362104387543987 ] ] } },
{ "type": "Feature", "properties": { "N07_001": "神奈川中央交通（株）", "N07_002": null, "index_right": 880 }, "geometry": { "type": "LineString", "coordinates": [ [ 139.388589600762515, 35.326998796990239 ], [ 139.388589617986952, 35.326888262909129 ], [ 139.388577170594004, 35.326554716184994 ], [ 139.388577200792014, 35.326360864952285 ], [ 139.388551157602734, 35.325932891632931 ] ] } },
{ "type": "Feature", "properties": { "N07_001": "神奈川中央交通（株）", "N07_002": null, "index_right": 880 }, "geometry": { "type": "LineString", "coordinates": [ [ 139.377327219403838, 35.332868517279536 ], [ 139.377713564579693, 35.332849358930673 ], [ 139.377839939587403, 35.332840195548108 ], [ 139.378600960786514, 35.332830762087482 ], [ 139.378862316987181, 35.332840207844171 ], [ 139.3793061431887, 35.33290520050668 ], [ 139.380304332909731, 35.333062959166313 ], [ 139.380578181824433, 35.333108508941535 ], [ 139.380703441493779, 35.333127951003462 ], [ 139.380998123905442, 35.333154893529105 ], [ 139.381190875412784, 35.333173780898761 ], [ 139.381452788081219, 35.33317378390899 ], [ 139.381838022073424, 35.333154903207628 ] ] } },
{ "type": "Feature", "properties": { "N07_001": "神奈川中央交通（株）", "N07_002": null, "index_right": 880 }, "geometry": { "type": "LineString", "coordinates": [ [ 139.359204627337675, 35.3313397162499 ], [ 139.360045631994467, 35.331414180837669 ], [ 139.360342259213581, 35.331441407636802 ], [ 139.36056861883938, 35.331451968461032 ], [ 139.360659716994064, 35.331470023724172 ], [ 139.360750536543378, 35.331498077228716 ], [ 139.3608755145288, 35.331571957120623 ], [ 139.360967160939765, 35.331673608876017 ], [ 139.361056874259958, 35.331645838761489 ], [ 139.361114367840173, 35.331636397767461 ], [ 139.361364618166846, 35.331590024831669 ], [ 139.361534598378881, 35.331571977763218 ], [ 139.36169346730523, 35.331571982739021 ], [ 139.361943157341727, 35.331581155616057 ], [ 139.362364213917914, 35.331599221179474 ], [ 139.362625291377867, 35.331608394403176 ], [ 139.363808194686015, 35.33164592478122 ], [ 139.364158982146989, 35.331664265831606 ], [ 139.364489217452615, 35.331673718919575 ], [ 139.366432301474617, 35.331720160215376 ], [ 139.368135965942116, 35.331812974439288 ], [ 139.370453159121126, 35.331941634301479 ], [ 139.370749230583016, 35.331961084394052 ], [ 139.370919484779279, 35.331979141940188 ], [ 139.371033079381476, 35.331998030906455 ], [ 139.371441909131022, 35.332062753976196 ], [ 139.371726864523197, 35.332136915894651 ] ] } },
{ "type": "Feature", "properties": { "N07_001": "神奈川中央交通（株）", "N07_002": null, "index_right": 880 }, "geometry": { "type": "LineString", "coordinates": [ [ 139.414404665260179, 35.336340273927355 ], [ 139.414712168419129, 35.336359734378519 ], [ 139.414779390834155, 35.336368625989181 ], [ 139.415301895969719, 35.336405874841432 ], [ 139.415825512562748, 35.336442290715262 ], [ 139.416154402639933, 35.336488692775099 ], [ 139.416495791296768, 35.336553703832408 ], [ 139.416826069847673, 35.33660899369351 ], [ 139.41796191938451, 35.336831535985041 ], [ 139.418188311292141, 35.336878488609607 ], [ 139.418419425132896, 35.336938495370667 ] ] } },
{ "type": "Feature", "properties": { "N07_001": "神奈川中央交通（株）", "N07_002": null, "index_right": 880 }, "geometry": { "type": "LineString", "coordinates": [ [ 139.426495573179238, 35.337368641032128 ], [ 139.427212241438383, 35.337248695180037 ], [ 139.427723075723321, 35.337165122239767 ], [ 139.428006964611768, 35.337137918904062 ] ] } },
{ "type": "Feature", "properties": { "N07_001": "神奈川中央交通（株）", "N07_002": null, "index_right": 880 }, "geometry": { "type": "LineString", "coordinates": [ [ 139.432688051977266, 35.337785607257999 ], [ 139.432915826773552, 35.337925049505593 ], [ 139.433188322984222, 35.338109767334117 ] ] } },
{ "type": "Feature", "properties": { "N07_001": "神奈川中央交通（株）", "N07_002": null, "index_right": 880 }, "geometry": { "type": "LineString", "coordinates": [ [ 139.418598140298002, 35.343978949484864 ], [ 139.418688414386821, 35.344127269781922 ], [ 139.418768410865653, 35.344266423898738 ], [ 139.418813131210186, 35.344339750831054 ], [ 139.418870350080482, 35.34446946007219 ], [ 139.418950902245058, 35.344598615658448 ], [ 139.419017842985568, 35.34473832437039 ], [ 139.419120615774261, 35.344923029889038 ] ] } },
{ "type": "Feature", "properties": { "N07_001": "神奈川中央交通（株）", "N07_002": null, "index_right": 880 }, "geometry": { "type": "LineString", "coordinates": [ [ 139.413053454646899, 35.340423482612202 ], [ 139.413018453144531, 35.340525687681748 ], [ 139.412734552279716, 35.341395542215565 ], [ 139.412415928751358, 35.34241398296966 ], [ 139.412234534000675, 35.342941670837043 ] ] } },
{ "type": "Feature", "properties": { "N07_001": "神奈川中央交通（株）", "N07_002": null, "index_right": 880 }, "geometry": { "type": "LineString", "coordinates": [ [ 139.426951020452691, 35.341432903852457 ], [ 139.427348242678022, 35.341479867901356 ], [ 139.427438520738178, 35.341479873629325 ], [ 139.427529633096441, 35.341442383841404 ], [ 139.427654636541121, 35.341322405915115 ], [ 139.427745748863543, 35.341285193829776 ], [ 139.428178251025571, 35.341248280987628 ], [ 139.428245473438096, 35.341248285223301 ], [ 139.429359367209258, 35.341174197249991 ] ] } },
{ "type": "Feature", "properties": { "N07_001": "神奈川中央交通（株）", "N07_002": null, "index_right": 880 }, "geometry": { "type": "LineString", "coordinates": [ [ 139.382939551613362, 35.338293315725977 ], [ 139.382928107248006, 35.338635744312171 ], [ 139.38290553793874, 35.339070931255058 ], [ 139.382905524101346, 35.339153969511997 ], [ 139.382871863919689, 35.339477790653135 ], [ 139.382871863318485, 35.339481401012023 ] ] } },
{ "type": "Feature", "properties": { "N07_001": "神奈川中央交通（株）", "N07_002": null, "index_right": 880 }, "geometry": { "type": "LineString", "coordinates": [ [ 139.3822702515603, 35.334534077091639 ], [ 139.38231551035156, 35.334617671917172 ], [ 139.382395476719296, 35.33476542088129 ], [ 139.382587630047226, 35.335043144751431 ], [ 139.382667596013192, 35.33519144904097 ], [ 139.382758931576603, 35.335450286769614 ], [ 139.382814999655693, 35.335672742571759 ], [ 139.38289494892652, 35.335922692983857 ], [ 139.382917427888543, 35.336034892833091 ], [ 139.382951010819568, 35.336182085719699 ], [ 139.38295099441018, 35.336284009689692 ] ] } },
{ "type": "Feature", "properties": { "N07_001": "神奈川中央交通（株）", "N07_002": null, "index_right": 880 }, "geometry": { "type": "LineString", "coordinates": [ [ 139.383961022602847, 35.347587184660192 ], [ 139.384007423616566, 35.347791605099125 ], [ 139.384087442918286, 35.348124621514614 ] ] } },
{ "type": "Feature", "properties": { "N07_001": "神奈川中央交通（株）", "N07_002": null, "index_right": 880 }, "geometry": { "type": "LineString", "coordinates": [ [ 139.384087442918286, 35.348124621514614 ], [ 139.384212193975543, 35.348624840363122 ], [ 139.384291096862057, 35.348893142082638 ], [ 139.384405027799943, 35.349375031219779 ], [ 139.384610095786712, 35.350143276608222 ], [ 139.384688730959681, 35.350420744715514 ], [ 139.384746253636649, 35.350679881160438 ], [ 139.384791549972505, 35.350892634023339 ], [ 139.384814081922684, 35.351244536162447 ], [ 139.384802442102909, 35.351531167805035 ], [ 139.384802454129812, 35.351661152020164 ], [ 139.384768941059605, 35.352707968862077 ], [ 139.384768955631159, 35.35286517200943 ], [ 139.384735363783221, 35.353059592417047 ], [ 139.384705378298662, 35.353203741221392 ] ] } },
{ "type": "Feature", "properties": { "N07_001": "神奈川中央交通（株）", "N07_002": null, "index_right": 880 }, "geometry": { "type": "LineString", "coordinates": [ [ 139.404212235508226, 35.33581270642253 ], [ 139.404808422554822, 35.335012877208413 ] ] } },
{ "type": "Feature", "properties": { "N07_001": "神奈川中央交通（株）", "N07_002": null, "index_right": 880 }, "geometry": { "type": "LineString", "coordinates": [ [ 139.393121429472416, 35.336617810840828 ], [ 139.393155594440316, 35.336617811805652 ], [ 139.393632783641777, 35.336700864449895 ] ] } },
{ "type": "Feature", "properties": { "N07_001": "神奈川中央交通（株）", "N07_002": null, "index_right": 880 }, "geometry": { "type": "LineString", "coordinates": [ [ 139.398507808873404, 35.33651575681899 ], [ 139.398782896399752, 35.335819793703308 ] ] } },
{ "type": "Feature", "properties": { "N07_001": "神奈川中央交通（株）", "N07_002": null, "index_right": 880 }, "geometry": { "type": "LineString", "coordinates": [ [ 139.387077106355719, 35.337783513228743 ], [ 139.387711818320582, 35.337672721140038 ], [ 139.387758206583925, 35.337663557698932 ], [ 139.387939591779514, 35.337635790886019 ], [ 139.388314307238346, 35.337571092770709 ], [ 139.388485694113712, 35.337533327658882 ], [ 139.388689581902355, 35.337478622466982 ], [ 139.389336806484891, 35.337256186218816 ] ] } },
{ "type": "Feature", "properties": { "N07_001": "神奈川中央交通（株）", "N07_002": null, "index_right": 880 }, "geometry": { "type": "LineString", "coordinates": [ [ 139.405621131819032, 35.333192694324609 ], [ 139.40566671809168, 35.332960795877113 ], [ 139.405701739862138, 35.332794995465065 ], [ 139.405724259934914, 35.332646969108431 ], [ 139.405757891717485, 35.33248922263553 ], [ 139.405791248381519, 35.332313424090486 ], [ 139.405836547287777, 35.332146512936177 ], [ 139.405860449229095, 35.332045421907921 ] ] } },
{ "type": "Feature", "properties": { "N07_001": "神奈川中央交通（株）", "N07_002": null, "index_right": 880 }, "geometry": { "type": "LineString", "coordinates": [ [ 139.405860449229095, 35.332045421907921 ], [ 139.405973851590858, 35.331516915470722 ], [ 139.405996643860334, 35.331406381770719 ], [ 139.406008049596977, 35.331285572060608 ], [ 139.405939230980664, 35.330841490153055 ], [ 139.405916757110987, 35.330674855371534 ] ] } },
{ "type": "Feature", "properties": { "N07_001": "神奈川中央交通（株）", "N07_002": null, "index_right": 880 }, "geometry": { "type": "LineString", "coordinates": [ [ 139.377884244537995, 35.337700903783201 ], [ 139.378259164363385, 35.337885589374991 ], [ 139.379475283504632, 35.338526295949393 ] ] } },
{ "type": "Feature", "properties": { "N07_001": "神奈川中央交通（株）", "N07_002": null, "index_right": 880 }, "geometry": { "type": "LineString", "coordinates": [ [ 139.377940560406131, 35.338135811620745 ], [ 139.378100432166264, 35.338838718867557 ], [ 139.37826975859781, 35.339459699366508 ], [ 139.3784823849752, 35.340253976989885 ] ] } },
{ "type": "Feature", "properties": { "N07_001": "神奈川中央交通（株）", "N07_002": null, "index_right": 880 }, "geometry": { "type": "LineString", "coordinates": [ [ 139.379554412426728, 35.346855837800241 ], [ 139.379564141067277, 35.346967214325147 ], [ 139.379734209596847, 35.348282901756512 ] ] } },
{ "type": "Feature", "properties": { "N07_001": "神奈川中央交通（株）", "N07_002": null, "index_right": 880 }, "geometry": { "type": "LineString", "coordinates": [ [ 139.398290912090886, 35.34288510293954 ], [ 139.398143733864515, 35.342394355501476 ], [ 139.397837420875334, 35.341598104150314 ], [ 139.397791044509006, 35.341468960093835 ], [ 139.39764330685378, 35.341061531642879 ], [ 139.397530001917829, 35.34078324692404 ], [ 139.397484739534406, 35.340626886178562 ], [ 139.397382311149869, 35.339857307652842 ], [ 139.397359834932729, 35.339598189927436 ], [ 139.397394020103064, 35.339367679855869 ] ] } },
{ "type": "Feature", "properties": { "N07_001": "神奈川中央交通（株）", "N07_002": null, "index_right": 880 }, "geometry": { "type": "LineString", "coordinates": [ [ 139.397779654517024, 35.345394060128228 ], [ 139.397893251942804, 35.344912753869373 ], [ 139.3979618886423, 35.344597262007397 ], [ 139.398006905693705, 35.344385082475121 ], [ 139.398063601421626, 35.344023765095983 ] ] } },
{ "type": "Feature", "properties": { "N07_001": "神奈川中央交通（株）", "N07_002": null, "index_right": 880 }, "geometry": { "type": "LineString", "coordinates": [ [ 139.413054403673556, 35.367326787318156 ], [ 139.41337134218395, 35.367362937439815 ], [ 139.413632726643073, 35.367400745964076 ] ] } },
{ "type": "Feature", "properties": { "N07_001": "神奈川中央交通（株）", "N07_002": null, "index_right": 880 }, "geometry": { "type": "LineString", "coordinates": [ [ 139.411360348041427, 35.33071221767441 ], [ 139.411121463358796, 35.330712207775612 ], [ 139.410804249254284, 35.330693309217104 ], [ 139.410450093936504, 35.330656079242516 ], [ 139.410302599061339, 35.330638020962418 ], [ 139.409155143020485, 35.330536052062833 ], [ 139.408929330802039, 35.33050827547536 ], [ 139.408644078701599, 35.330480220105692 ], [ 139.40841659868704, 35.330461330714463 ], [ 139.408304387466956, 35.33044410975716 ], [ 139.408076633764153, 35.33039717018638 ], [ 139.407916929098832, 35.330359674496258 ], [ 139.407610578271004, 35.330257744114128 ], [ 139.407371719617998, 35.330174700261551 ], [ 139.407314505708229, 35.330147482257395 ], [ 139.407314506474791, 35.330142205493445 ] ] } },
{ "type": "Feature", "properties": { "N07_001": "神奈川中央交通（株）", "N07_002": null, "index_right": 880 }, "geometry": { "type": "LineString", "coordinates": [ [ 139.407166793145137, 35.329776439895106 ], [ 139.407302958354791, 35.329332360894952 ], [ 139.407416895003621, 35.32894299310626 ], [ 139.407429675743941, 35.328915776315903 ], [ 139.407508039321357, 35.328665547818787 ] ] } },
{ "type": "Feature", "properties": { "N07_001": "神奈川中央交通（株）", "N07_002": null, "index_right": 880 }, "geometry": { "type": "LineString", "coordinates": [ [ 139.405212718248947, 35.324360763653331 ], [ 139.405712656683363, 35.324444361238669 ], [ 139.406758636688096, 35.324647939606109 ], [ 139.407008884891184, 35.324685711720335 ], [ 139.407122204670117, 35.324704320012131 ], [ 139.407269966954289, 35.324712097115381 ], [ 139.407600208675746, 35.324740982450344 ], [ 139.408269583123911, 35.324777368251731 ] ] } },
{ "type": "Feature", "properties": { "N07_001": "神奈川中央交通（株）", "N07_002": null, "index_right": 880 }, "geometry": { "type": "LineString", "coordinates": [ [ 139.405212718248947, 35.324360763653331 ], [ 139.405281657676625, 35.323954173182358 ], [ 139.405315300606276, 35.323704219925226 ], [ 139.405326460291064, 35.323351507986516 ], [ 139.405326498074061, 35.32308350244098 ], [ 139.405315401196503, 35.322991019698584 ], [ 139.405326559349078, 35.322648861323088 ], [ 139.405326572426304, 35.322556100854484 ], [ 139.405281860459183, 35.322518330187265 ], [ 139.405122727009172, 35.322408073271433 ], [ 139.404781669753987, 35.32229670592659 ], [ 139.404740565349556, 35.322281986560071 ] ] } },
{ "type": "Feature", "properties": { "N07_001": "神奈川中央交通（株）", "N07_002": null, "index_right": 880 }, "geometry": { "type": "LineString", "coordinates": [ [ 139.43571106426009, 35.325592934960781 ], [ 139.436166308557461, 35.325509354931938 ], [ 139.436507394681854, 35.325445767261819 ], [ 139.437257339672954, 35.325278321974615 ] ] } },
{ "type": "Feature", "properties": { "N07_001": "神奈川中央交通（株）", "N07_002": null, "index_right": 880 }, "geometry": { "type": "LineString", "coordinates": [ [ 139.43571106426009, 35.325592934960781 ], [ 139.435848283661244, 35.325962623826733 ], [ 139.43599605715238, 35.326306204815189 ], [ 139.436803774427318, 35.326158203913842 ], [ 139.437370954522549, 35.326056297763209 ] ] } },
{ "type": "Feature", "properties": { "N07_001": "神奈川中央交通（株）", "N07_002": null, "index_right": 880 }, "geometry": { "type": "LineString", "coordinates": [ [ 139.419882599074015, 35.325148522236461 ], [ 139.420621159691649, 35.325175749067178 ], [ 139.42066615660957, 35.325175749511878 ], [ 139.420836422724932, 35.3251757511946 ], [ 139.421257505348535, 35.325194087058883 ], [ 139.421804134953106, 35.325204369437444 ], [ 139.422541068148718, 35.325231617805692 ] ] } },
{ "type": "Feature", "properties": { "N07_001": "神奈川中央交通（株）", "N07_002": null, "index_right": 880 }, "geometry": { "type": "LineString", "coordinates": [ [ 139.419882599074015, 35.325148522236461 ], [ 139.419825102328076, 35.32489799099244 ], [ 139.419757884193103, 35.324536637617655 ], [ 139.419689000086919, 35.324176117838022 ] ] } },
{ "type": "Feature", "properties": { "N07_001": "神奈川中央交通（株）", "N07_002": null, "index_right": 880 }, "geometry": { "type": "LineString", "coordinates": [ [ 139.421518353830976, 35.33290649062377 ], [ 139.422007515659288, 35.332933732342255 ] ] } },
{ "type": "Feature", "properties": { "N07_001": "神奈川中央交通（株）", "N07_002": null, "index_right": 880 }, "geometry": { "type": "LineString", "coordinates": [ [ 139.437779832809241, 35.327380338337271 ], [ 139.437837330450122, 35.327518381378354 ], [ 139.437893440183586, 35.327722805917553 ], [ 139.437962049909203, 35.328000000769428 ] ] } },
{ "type": "Feature", "properties": { "N07_001": "神奈川中央交通（株）", "N07_002": null, "index_right": 880 }, "geometry": { "type": "LineString", "coordinates": [ [ 139.431280121236057, 35.384141377200287 ], [ 139.431211243940453, 35.382557958270432 ], [ 139.43121124471898, 35.382401033448332 ], [ 139.431224022299261, 35.382308268424232 ], [ 139.431257354941152, 35.382104685810582 ], [ 139.431335963034655, 35.381909717420108 ], [ 139.431370961543422, 35.381854172044889 ], [ 139.431429014635967, 35.381762522231348 ], [ 139.431610117869667, 35.381530068273953 ], [ 139.432199814260514, 35.380938532206251 ], [ 139.432291477078621, 35.380835776320161 ], [ 139.432359807791158, 35.380724963750559 ], [ 139.432438971709701, 35.380558603877944 ], [ 139.432473970511666, 35.380484450144763 ], [ 139.432495914592351, 35.380382520979744 ], [ 139.432530081601328, 35.380095339188514 ], [ 139.432530082309569, 35.379993685665696 ], [ 139.432518416653977, 35.379928692925958 ], [ 139.432451477377555, 35.379641778946301 ], [ 139.432404814052887, 35.379475129143607 ], [ 139.432054003679411, 35.378447725513261 ], [ 139.431985119118337, 35.378253021259255 ], [ 139.431915957157685, 35.377966387327241 ], [ 139.431882348445725, 35.377799462600372 ], [ 139.431870960904092, 35.377642261047292 ], [ 139.431893461129391, 35.377419794350821 ], [ 139.431915960715656, 35.37731842193805 ], [ 139.431985125622077, 35.377105958838342 ], [ 139.432098455597071, 35.376864893393737 ], [ 139.432302337852718, 35.376577177647683 ], [ 139.432735101643431, 35.376086459960646 ], [ 139.433166477774989, 35.375586855480456 ], [ 139.433290918618439, 35.375456887616963 ] ] } },
{ "type": "Feature", "properties": { "N07_001": "神奈川中央交通（株）", "N07_002": null, "index_right": 880 }, "geometry": { "type": "LineString", "coordinates": [ [ 139.406621848240576, 35.329684781550519 ], [ 139.406826825810555, 35.329730887275744 ], [ 139.407166793145137, 35.329776439895106 ] ] } },
{ "type": "Feature", "properties": { "N07_001": "神奈川中央交通（株）", "N07_002": null, "index_right": 880 }, "geometry": { "type": "LineString", "coordinates": [ [ 139.395260202508467, 35.323315056411076 ], [ 139.395441575995449, 35.323361998299127 ], [ 139.396032364795389, 35.3234819966288 ], [ 139.396191520318638, 35.323509219422938 ] ] } },
{ "type": "Feature", "properties": { "N07_001": "神奈川中央交通（株）", "N07_002": null, "index_right": 880 }, "geometry": { "type": "LineString", "coordinates": [ [ 139.396191520318638, 35.323509219422938 ], [ 139.397100877515186, 35.323685040453064 ], [ 139.397384724909784, 35.323750027391711 ], [ 139.397683294135987, 35.323810015516479 ] ] } },
{ "type": "Feature", "properties": { "N07_001": "神奈川中央交通（株）", "N07_002": null, "index_right": 880 }, "geometry": { "type": "LineString", "coordinates": [ [ 139.401543090865005, 35.324324367425533 ], [ 139.402543278750557, 35.32425882848468 ] ] } },
{ "type": "Feature", "properties": { "N07_001": "神奈川中央交通（株）", "N07_002": null, "index_right": 880 }, "geometry": { "type": "LineString", "coordinates": [ [ 139.407041603670848, 35.364946995525472 ], [ 139.407314368085622, 35.364844517312683 ], [ 139.407563801059041, 35.36476092447495 ], [ 139.408575143421785, 35.364419057479985 ], [ 139.40955371080679, 35.364094720340532 ], [ 139.41021146108767, 35.36388207164201 ], [ 139.410337844396963, 35.363835986249974 ], [ 139.410724220302086, 35.363752719731487 ], [ 139.410871160730551, 35.363734131355358 ], [ 139.411143931575651, 35.363706949825939 ], [ 139.41150781116508, 35.363669226522767 ] ] } },
{ "type": "Feature", "properties": { "N07_001": "神奈川中央交通（株）", "N07_002": null, "index_right": 880 }, "geometry": { "type": "LineString", "coordinates": [ [ 139.421485033205983, 35.332721515518173 ], [ 139.421405059654774, 35.332341288512332 ], [ 139.421370904652832, 35.332175199688059 ], [ 139.421224010425107, 35.331471683357357 ] ] } },
{ "type": "Feature", "properties": { "N07_001": "神奈川中央交通（株）", "N07_002": null, "index_right": 880 }, "geometry": { "type": "LineString", "coordinates": [ [ 139.418826884336312, 35.319926290438694 ], [ 139.41867942622261, 35.319176664288342 ], [ 139.418587787166217, 35.318676450772074 ], [ 139.418587788025064, 35.318648676409303 ] ] } },
{ "type": "Feature", "properties": { "N07_001": "神奈川中央交通（株）", "N07_002": null, "index_right": 880 }, "geometry": { "type": "LineString", "coordinates": [ [ 139.431598758582851, 35.327842534656078 ], [ 139.431429032072856, 35.327528671903089 ], [ 139.431326529134338, 35.327324522413363 ], [ 139.431303750036818, 35.3272500847266 ], [ 139.431280136341343, 35.327119819334989 ], [ 139.431290962527584, 35.326815406161906 ], [ 139.431303737741217, 35.326712639272451 ], [ 139.43133595563512, 35.326546823938891 ], [ 139.43141622466942, 35.326222415399727 ], [ 139.431654815598449, 35.325509163695287 ] ] } },
{ "type": "Feature", "properties": { "N07_001": "神奈川中央交通（株）", "N07_002": null, "index_right": 880 }, "geometry": { "type": "LineString", "coordinates": [ [ 139.431598758582851, 35.327842534656078 ], [ 139.431712366930981, 35.327805875609435 ], [ 139.431995971763286, 35.327741169719509 ], [ 139.432188745438737, 35.327704235686745 ], [ 139.432348742089687, 35.327675910772946 ], [ 139.432780122448435, 35.32762120907514 ], [ 139.43293900821493, 35.327601772136717 ], [ 139.433393443956589, 35.327555959302849 ], [ 139.434063708977931, 35.327490989393738 ] ] } },
{ "type": "Feature", "properties": { "N07_001": "神奈川中央交通（株）", "N07_002": null, "index_right": 880 }, "geometry": { "type": "LineString", "coordinates": [ [ 139.432995876959239, 35.336064147114506 ], [ 139.432949507513428, 35.335656969014622 ], [ 139.432927017675894, 35.335444492164093 ] ] } },
{ "type": "Feature", "properties": { "N07_001": "神奈川中央交通（株）", "N07_002": null, "index_right": 880 }, "geometry": { "type": "LineString", "coordinates": [ [ 139.437370954522549, 35.326056297763209 ], [ 139.437438731306145, 35.326315716996163 ], [ 139.437469563927635, 35.326417929472044 ] ] } },
{ "type": "Feature", "properties": { "N07_001": "神奈川中央交通（株）", "N07_002": null, "index_right": 880 }, "geometry": { "type": "LineString", "coordinates": [ [ 139.443256771226743, 35.336574019877119 ], [ 139.443495369742635, 35.336583196611983 ], [ 139.443790076152482, 35.336610429517862 ], [ 139.443881738097161, 35.336620155007054 ], [ 139.443928124531112, 35.336610435928243 ], [ 139.443972566970075, 35.336592106679191 ], [ 139.444017842850002, 35.336564334065137 ], [ 139.444040343339225, 35.33646323514197 ], [ 139.44406284307388, 35.33640740900632 ] ] } },
{ "type": "Feature", "properties": { "N07_001": "神奈川中央交通（株）", "N07_002": null, "index_right": 880 }, "geometry": { "type": "LineString", "coordinates": [ [ 139.388915508460059, 35.345653135980726 ], [ 139.389109669788752, 35.34557870826945 ] ] } },
{ "type": "Feature", "properties": { "N07_001": "神奈川中央交通（株）", "N07_002": null, "index_right": 880 }, "geometry": { "type": "LineString", "coordinates": [ [ 139.389109669788752, 35.34557870826945 ], [ 139.390142978836394, 35.345208517410299 ], [ 139.390404362798193, 35.345124371775086 ] ] } },
{ "type": "Feature", "properties": { "N07_001": "神奈川中央交通（株）", "N07_002": null, "index_right": 880 }, "geometry": { "type": "LineString", "coordinates": [ [ 139.394486067180026, 35.333192439191855 ], [ 139.394587174386288, 35.333183277309644 ], [ 139.394678279236871, 35.333192444721597 ], [ 139.395417105824436, 35.333340768938498 ], [ 139.39564486007626, 35.333414371521791 ], [ 139.39613092777563, 35.333528528766266 ] ] } },
{ "type": "Feature", "properties": { "N07_001": "神奈川中央交通（株）", "N07_002": null, "index_right": 880 }, "geometry": { "type": "LineString", "coordinates": [ [ 139.394486067180026, 35.333192439191855 ], [ 139.394349958846817, 35.333220485091985 ], [ 139.393645007844214, 35.333146313312852 ] ] } },
{ "type": "Feature", "properties": { "N07_001": "神奈川中央交通（株）", "N07_002": null, "index_right": 880 }, "geometry": { "type": "LineString", "coordinates": [ [ 139.393610459122328, 35.335571927367191 ], [ 139.393735435258321, 35.335682741584961 ], [ 139.393711812208892, 35.335765779486628 ], [ 139.393644583102144, 35.335830764289021 ], [ 139.393530394366053, 35.336006558434669 ], [ 139.393371472455755, 35.336265389897271 ], [ 139.39332646145931, 35.336348982643209 ], [ 139.393166438530187, 35.336543938261528 ], [ 139.393132821822576, 35.336589761277502 ], [ 139.393121430591947, 35.336608090542057 ], [ 139.393121429472416, 35.336617810840828 ] ] } },
{ "type": "Feature", "properties": { "N07_001": "（株）江ノ電バス", "N07_002": null, "index_right": 880 }, "geometry": { "type": "LineString", "coordinates": [ [ 139.437257339672954, 35.325278321974615 ], [ 139.436507394681854, 35.325445767261819 ], [ 139.436166308557461, 35.325509354931938 ], [ 139.43571106426009, 35.325592934960781 ], [ 139.435496079724146, 35.325611255921885 ], [ 139.43497361627584, 35.325601787237055 ] ] } }
]
}
