{
"type": "FeatureCollection",
"name": "chigasaki_pop_mesh",
"crs": { "type": "name", "properties": { "name": "urn:ogc:def:crs:EPSG::6668" } },
"features": [
{ "type": "Feature", "properties": { "KEY_CODE": "523972992", "MESH1_ID": "5239", "MESH2_ID": "72", "MESH3_ID": "99", "MESH4_ID": "2", "OBJ_ID": 13598, "Unnamed: 1": 0, "Unnamed: 2": null, "Unnamed: 3": null, "人口（総数）": 97, "人口（総数）　男": 30, "人口（総数）　女": 67, "０〜１４歳人口　総数": "5", "０〜１４歳人口　男": "3", "０〜１４歳人口　女": "2", "１５歳以上人口　総数": "92", "１５歳以上人口　男": "27", "１５歳以上人口　女": "65", "１５〜６４歳人口　総数": "25", "１５〜６４歳人口　男": "13", "１５〜６４歳人口　女": "12", "１８歳以上人口　総数": "91", "１８歳以上人口　男": "27", "１８歳以上人口　女": "64", "２０歳以上人口　総数": "90", "２０歳以上人口　男": "27", "２０歳以上人口　女": "63", "６５歳以上人口　総数": "67", "６５歳以上人口　男": "14", "６５歳以上人口　女": "53", "７５歳以上人口　総数": "54", "７５歳以上人口　男": "10", "７５歳以上人口　女": "44", "８５歳以上人口　総数": "35", "８５歳以上人口　男": "6", "８５歳以上人口　女": "29", "９５歳以上人口　総数": "6", "９５歳以上人口　男": "1", "９５歳以上人口　女": "5", "外国人人口　総数": "0", "外国人人口　男": "0", "外国人人口　女": "0", "世帯総数": 18, "一般世帯数": 17, "１人世帯数　一般世帯数": "1", "２人世帯数　一般世帯数": "7", "３人世帯数　一般世帯数": "7", "４人世帯数　一般世帯数": "0", "５人世帯数　一般世帯数": "1", "６人世帯数　一般世帯数": "1", "７人以上世帯数　一般世帯数": "0", "親族のみの世帯数　一般世帯数": "16", "核家族世帯数　一般世帯数": "13", "核家族以外の世帯数　一般世帯数": "3", "６歳未満世帯員のいる世帯数　一般世帯数": "2", "６５歳以上世帯員のいる世帯数　一般世帯数": "12", "世帯主の年齢が２０〜２９歳の１人世帯数　一般世帯数": "0", "高齢単身世帯数　一般世帯数": "1", "高齢夫婦世帯数　一般世帯数": "4", "index_right": 880 }, "geometry": { "type": "Polygon", "coordinates": [ [ [ 139.375, 35.325 ], [ 139.36875, 35.325 ], [ 139.36875, 35.329166666666666 ], [ 139.375, 35.329166666666666 ], [ 139.375, 35.325 ] ] ] } },
{ "type": "Feature", "properties": { "KEY_CODE": "523972994", "MESH1_ID": "5239", "MESH2_ID": "72", "MESH3_ID": "99", "MESH4_ID": "4", "OBJ_ID": 13600, "Unnamed: 1": 0, "Unnamed: 2": null, "Unnamed: 3": null, "人口（総数）": 990, "人口（総数）　男": 504, "人口（総数）　女": 486, "０〜１４歳人口　総数": "129", "０〜１４歳人口　男": "70", "０〜１４歳人口　女": "59", "１５歳以上人口　総数": "858", "１５歳以上人口　男": "432", "１５歳以上人口　女": "426", "１５〜６４歳人口　総数": "659", "１５〜６４歳人口　男": "338", "１５〜６４歳人口　女": "321", "１８歳以上人口　総数": "824", "１８歳以上人口　男": "420", "１８歳以上人口　女": "404", "２０歳以上人口　総数": "796", "２０歳以上人口　男": "408", "２０歳以上人口　女": "388", "６５歳以上人口　総数": "199", "６５歳以上人口　男": "94", "６５歳以上人口　女": "105", "７５歳以上人口　総数": "92", "７５歳以上人口　男": "41", "７５歳以上人口　女": "51", "８５歳以上人口　総数": "30", "８５歳以上人口　男": "11", "８５歳以上人口　女": "19", "９５歳以上人口　総数": "0", "９５歳以上人口　男": "0", "９５歳以上人口　女": "0", "外国人人口　総数": "18", "外国人人口　男": "7", "外国人人口　女": "11", "世帯総数": 413, "一般世帯数": 413, "１人世帯数　一般世帯数": "130", "２人世帯数　一般世帯数": "111", "３人世帯数　一般世帯数": "77", "４人世帯数　一般世帯数": "74", "５人世帯数　一般世帯数": "15", "６人世帯数　一般世帯数": "6", "７人以上世帯数　一般世帯数": "0", "親族のみの世帯数　一般世帯数": "280", "核家族世帯数　一般世帯数": "257", "核家族以外の世帯数　一般世帯数": "23", "６歳未満世帯員のいる世帯数　一般世帯数": "39", "６５歳以上世帯員のいる世帯数　一般世帯数": "140", "世帯主の年齢が２０〜２９歳の１人世帯数　一般世帯数": "16", "高齢単身世帯数　一般世帯数": "38", "高齢夫婦世帯数　一般世帯数": "38", "index_right": 880 }, "geometry": { "type": "Polygon", "coordinates": [ [ [ 139.375, 35.329166666666666 ], [ 139.36875, 35.329166666666666 ], [ 139.36875, 35.333333333333329 ], [ 139.375, 35.333333333333329 ], [ 139.375, 35.329166666666666 ] ] ] } },
{ "type": "Feature", "properties": { "KEY_CODE": "523973801", "MESH1_ID": "5239", "MESH2_ID": "73", "MESH3_ID": "80", "MESH4_ID": "1", "OBJ_ID": 13921, "Unnamed: 1": 0, "Unnamed: 2": null, "Unnamed: 3": null, "人口（総数）": 175, "人口（総数）　男": 85, "人口（総数）　女": 90, "０〜１４歳人口　総数": "24", "０〜１４歳人口　男": "13", "０〜１４歳人口　女": "11", "１５歳以上人口　総数": "151", "１５歳以上人口　男": "72", "１５歳以上人口　女": "79", "１５〜６４歳人口　総数": "116", "１５〜６４歳人口　男": "55", "１５〜６４歳人口　女": "61", "１８歳以上人口　総数": "142", "１８歳以上人口　男": "67", "１８歳以上人口　女": "75", "２０歳以上人口　総数": "139", "２０歳以上人口　男": "66", "２０歳以上人口　女": "73", "６５歳以上人口　総数": "35", "６５歳以上人口　男": "17", "６５歳以上人口　女": "18", "７５歳以上人口　総数": "21", "７５歳以上人口　男": "9", "７５歳以上人口　女": "12", "８５歳以上人口　総数": "2", "８５歳以上人口　男": "0", "８５歳以上人口　女": "2", "９５歳以上人口　総数": "0", "９５歳以上人口　男": "0", "９５歳以上人口　女": "0", "外国人人口　総数": "0", "外国人人口　男": "0", "外国人人口　女": "0", "世帯総数": 71, "一般世帯数": 71, "１人世帯数　一般世帯数": "22", "２人世帯数　一般世帯数": "18", "３人世帯数　一般世帯数": "16", "４人世帯数　一般世帯数": "9", "５人世帯数　一般世帯数": "4", "６人世帯数　一般世帯数": "1", "７人以上世帯数　一般世帯数": "1", "親族のみの世帯数　一般世帯数": "46", "核家族世帯数　一般世帯数": "40", "核家族以外の世帯数　一般世帯数": "6", "６歳未満世帯員のいる世帯数　一般世帯数": "5", "６５歳以上世帯員のいる世帯数　一般世帯数": "26", "世帯主の年齢が２０〜２９歳の１人世帯数　一般世帯数": "2", "高齢単身世帯数　一般世帯数": "8", "高齢夫婦世帯数　一般世帯数": "4", "index_right": 880 }, "geometry": { "type": "Polygon", "coordinates": [ [ [ 139.38125, 35.316666666666663 ], [ 139.375, 35.316666666666663 ], [ 139.375, 35.320833333333333 ], [ 139.38125, 35.320833333333333 ], [ 139.38125, 35.316666666666663 ] ] ] } },
{ "type": "Feature", "properties": { "KEY_CODE": "523973802", "MESH1_ID": "5239", "MESH2_ID": "73", "MESH3_ID": "80", "MESH4_ID": "2", "OBJ_ID": 13922, "Unnamed: 1": 0, "Unnamed: 2": null, "Unnamed: 3": null, "人口（総数）": 2024, "人口（総数）　男": 976, "人口（総数）　女": 1048, "０〜１４歳人口　総数": "283", "０〜１４歳人口　男": "140", "０〜１４歳人口　女": "143", "１５歳以上人口　総数": "1715", "１５歳以上人口　男": "821", "１５歳以上人口　女": "894", "１５〜６４歳人口　総数": "1215", "１５〜６４歳人口　男": "592", "１５〜６４歳人口　女": "623", "１８歳以上人口　総数": "1650", "１８歳以上人口　男": "786", "１８歳以上人口　女": "864", "２０歳以上人口　総数": "1617", "２０歳以上人口　男": "769", "２０歳以上人口　女": "848", "６５歳以上人口　総数": "500", "６５歳以上人口　男": "229", "６５歳以上人口　女": "271", "７５歳以上人口　総数": "279", "７５歳以上人口　男": "112", "７５歳以上人口　女": "167", "８５歳以上人口　総数": "98", "８５歳以上人口　男": "31", "８５歳以上人口　女": "67", "９５歳以上人口　総数": "12", "９５歳以上人口　男": "2", "９５歳以上人口　女": "10", "外国人人口　総数": "22", "外国人人口　男": "10", "外国人人口　女": "12", "世帯総数": 810, "一般世帯数": 809, "１人世帯数　一般世帯数": "219", "２人世帯数　一般世帯数": "244", "３人世帯数　一般世帯数": "161", "４人世帯数　一般世帯数": "127", "５人世帯数　一般世帯数": "46", "６人世帯数　一般世帯数": "10", "７人以上世帯数　一般世帯数": "2", "親族のみの世帯数　一般世帯数": "577", "核家族世帯数　一般世帯数": "523", "核家族以外の世帯数　一般世帯数": "54", "６歳未満世帯員のいる世帯数　一般世帯数": "75", "６５歳以上世帯員のいる世帯数　一般世帯数": "325", "世帯主の年齢が２０〜２９歳の１人世帯数　一般世帯数": "8", "高齢単身世帯数　一般世帯数": "86", "高齢夫婦世帯数　一般世帯数": "90", "index_right": 880 }, "geometry": { "type": "Polygon", "coordinates": [ [ [ 139.3875, 35.316666666666663 ], [ 139.38125, 35.316666666666663 ], [ 139.38125, 35.320833333333333 ], [ 139.3875, 35.320833333333333 ], [ 139.3875, 35.316666666666663 ] ] ] } },
{ "type": "Feature", "properties": { "KEY_CODE": "523973803", "MESH1_ID": "5239", "MESH2_ID": "73", "MESH3_ID": "80", "MESH4_ID": "3", "OBJ_ID": 13923, "Unnamed: 1": 0, "Unnamed: 2": null, "Unnamed: 3": null, "人口（総数）": 576, "人口（総数）　男": 290, "人口（総数）　女": 286, "０〜１４歳人口　総数": "58", "０〜１４歳人口　男": "28", "０〜１４歳人口　女": "30", "１５歳以上人口　総数": "516", "１５歳以上人口　男": "260", "１５歳以上人口　女": "256", "１５〜６４歳人口　総数": "371", "１５〜６４歳人口　男": "197", "１５〜６４歳人口　女": "174", "１８歳以上人口　総数": "500", "１８歳以上人口　男": "249", "１８歳以上人口　女": "251", "２０歳以上人口　総数": "488", "２０歳以上人口　男": "242", "２０歳以上人口　女": "246", "６５歳以上人口　総数": "145", "６５歳以上人口　男": "63", "６５歳以上人口　女": "82", "７５歳以上人口　総数": "74", "７５歳以上人口　男": "30", "７５歳以上人口　女": "44", "８５歳以上人口　総数": "14", "８５歳以上人口　男": "5", "８５歳以上人口　女": "9", "９５歳以上人口　総数": "2", "９５歳以上人口　男": "1", "９５歳以上人口　女": "1", "外国人人口　総数": "3", "外国人人口　男": "3", "外国人人口　女": "0", "世帯総数": 252, "一般世帯数": 252, "１人世帯数　一般世帯数": "85", "２人世帯数　一般世帯数": "75", "３人世帯数　一般世帯数": "45", "４人世帯数　一般世帯数": "34", "５人世帯数　一般世帯数": "8", "６人世帯数　一般世帯数": "5", "７人以上世帯数　一般世帯数": "0", "親族のみの世帯数　一般世帯数": "164", "核家族世帯数　一般世帯数": "148", "核家族以外の世帯数　一般世帯数": "16", "６歳未満世帯員のいる世帯数　一般世帯数": "15", "６５歳以上世帯員のいる世帯数　一般世帯数": "105", "世帯主の年齢が２０〜２９歳の１人世帯数　一般世帯数": "8", "高齢単身世帯数　一般世帯数": "37", "高齢夫婦世帯数　一般世帯数": "22", "index_right": 880 }, "geometry": { "type": "Polygon", "coordinates": [ [ [ 139.38125, 35.320833333333333 ], [ 139.375, 35.320833333333333 ], [ 139.375, 35.325 ], [ 139.38125, 35.325 ], [ 139.38125, 35.320833333333333 ] ] ] } },
{ "type": "Feature", "properties": { "KEY_CODE": "523973804", "MESH1_ID": "5239", "MESH2_ID": "73", "MESH3_ID": "80", "MESH4_ID": "4", "OBJ_ID": 13924, "Unnamed: 1": 0, "Unnamed: 2": null, "Unnamed: 3": null, "人口（総数）": 2806, "人口（総数）　男": 1313, "人口（総数）　女": 1493, "０〜１４歳人口　総数": "241", "０〜１４歳人口　男": "116", "０〜１４歳人口　女": "125", "１５歳以上人口　総数": "2556", "１５歳以上人口　男": "1190", "１５歳以上人口　女": "1366", "１５〜６４歳人口　総数": "1426", "１５〜６４歳人口　男": "719", "１５〜６４歳人口　女": "707", "１８歳以上人口　総数": "2491", "１８歳以上人口　男": "1161", "１８歳以上人口　女": "1330", "２０歳以上人口　総数": "2443", "２０歳以上人口　男": "1137", "２０歳以上人口　女": "1306", "６５歳以上人口　総数": "1130", "６５歳以上人口　男": "471", "６５歳以上人口　女": "659", "７５歳以上人口　総数": "709", "７５歳以上人口　男": "289", "７５歳以上人口　女": "420", "８５歳以上人口　総数": "209", "８５歳以上人口　男": "83", "８５歳以上人口　女": "126", "９５歳以上人口　総数": "8", "９５歳以上人口　男": "2", "９５歳以上人口　女": "6", "外国人人口　総数": "18", "外国人人口　男": "5", "外国人人口　女": "13", "世帯総数": 1303, "一般世帯数": 1302, "１人世帯数　一般世帯数": "472", "２人世帯数　一般世帯数": "433", "３人世帯数　一般世帯数": "216", "４人世帯数　一般世帯数": "126", "５人世帯数　一般世帯数": "46", "６人世帯数　一般世帯数": "7", "７人以上世帯数　一般世帯数": "2", "親族のみの世帯数　一般世帯数": "820", "核家族世帯数　一般世帯数": "773", "核家族以外の世帯数　一般世帯数": "47", "６歳未満世帯員のいる世帯数　一般世帯数": "61", "６５歳以上世帯員のいる世帯数　一般世帯数": "767", "世帯主の年齢が２０〜２９歳の１人世帯数　一般世帯数": "8", "高齢単身世帯数　一般世帯数": "280", "高齢夫婦世帯数　一般世帯数": "227", "index_right": 880 }, "geometry": { "type": "Polygon", "coordinates": [ [ [ 139.3875, 35.320833333333333 ], [ 139.38125, 35.320833333333333 ], [ 139.38125, 35.325 ], [ 139.3875, 35.325 ], [ 139.3875, 35.320833333333333 ] ] ] } },
{ "type": "Feature", "properties": { "KEY_CODE": "523973811", "MESH1_ID": "5239", "MESH2_ID": "73", "MESH3_ID": "81", "MESH4_ID": "1", "OBJ_ID": 13925, "Unnamed: 1": 0, "Unnamed: 2": null, "Unnamed: 3": null, "人口（総数）": 1680, "人口（総数）　男": 819, "人口（総数）　女": 861, "０〜１４歳人口　総数": "301", "０〜１４歳人口　男": "168", "０〜１４歳人口　女": "133", "１５歳以上人口　総数": "1366", "１５歳以上人口　男": "642", "１５歳以上人口　女": "724", "１５〜６４歳人口　総数": "938", "１５〜６４歳人口　男": "470", "１５〜６４歳人口　女": "468", "１８歳以上人口　総数": "1312", "１８歳以上人口　男": "616", "１８歳以上人口　女": "696", "２０歳以上人口　総数": "1278", "２０歳以上人口　男": "600", "２０歳以上人口　女": "678", "６５歳以上人口　総数": "428", "６５歳以上人口　男": "172", "６５歳以上人口　女": "256", "７５歳以上人口　総数": "289", "７５歳以上人口　男": "108", "７５歳以上人口　女": "181", "８５歳以上人口　総数": "126", "８５歳以上人口　男": "50", "８５歳以上人口　女": "76", "９５歳以上人口　総数": "13", "９５歳以上人口　男": "3", "９５歳以上人口　女": "10", "外国人人口　総数": "13", "外国人人口　男": "7", "外国人人口　女": "6", "世帯総数": 591, "一般世帯数": 590, "１人世帯数　一般世帯数": "119", "２人世帯数　一般世帯数": "176", "３人世帯数　一般世帯数": "125", "４人世帯数　一般世帯数": "126", "５人世帯数　一般世帯数": "33", "６人世帯数　一般世帯数": "10", "７人以上世帯数　一般世帯数": "1", "親族のみの世帯数　一般世帯数": "467", "核家族世帯数　一般世帯数": "440", "核家族以外の世帯数　一般世帯数": "27", "６歳未満世帯員のいる世帯数　一般世帯数": "74", "６５歳以上世帯員のいる世帯数　一般世帯数": "212", "世帯主の年齢が２０〜２９歳の１人世帯数　一般世帯数": "5", "高齢単身世帯数　一般世帯数": "46", "高齢夫婦世帯数　一般世帯数": "82", "index_right": 880 }, "geometry": { "type": "Polygon", "coordinates": [ [ [ 139.39375, 35.316666666666663 ], [ 139.3875, 35.316666666666663 ], [ 139.3875, 35.320833333333333 ], [ 139.39375, 35.320833333333333 ], [ 139.39375, 35.316666666666663 ] ] ] } },
{ "type": "Feature", "properties": { "KEY_CODE": "523973812", "MESH1_ID": "5239", "MESH2_ID": "73", "MESH3_ID": "81", "MESH4_ID": "2", "OBJ_ID": 13926, "Unnamed: 1": 0, "Unnamed: 2": null, "Unnamed: 3": null, "人口（総数）": 1857, "人口（総数）　男": 928, "人口（総数）　女": 929, "０〜１４歳人口　総数": "233", "０〜１４歳人口　男": "126", "０〜１４歳人口　女": "107", "１５歳以上人口　総数": "1592", "１５歳以上人口　男": "783", "１５歳以上人口　女": "809", "１５〜６４歳人口　総数": "1201", "１５〜６４歳人口　男": "605", "１５〜６４歳人口　女": "596", "１８歳以上人口　総数": "1549", "１８歳以上人口　男": "761", "１８歳以上人口　女": "788", "２０歳以上人口　総数": "1519", "２０歳以上人口　男": "748", "２０歳以上人口　女": "771", "６５歳以上人口　総数": "391", "６５歳以上人口　男": "178", "６５歳以上人口　女": "213", "７５歳以上人口　総数": "202", "７５歳以上人口　男": "87", "７５歳以上人口　女": "115", "８５歳以上人口　総数": "70", "８５歳以上人口　男": "24", "８５歳以上人口　女": "46", "９５歳以上人口　総数": "6", "９５歳以上人口　男": "1", "９５歳以上人口　女": "5", "外国人人口　総数": "12", "外国人人口　男": "6", "外国人人口　女": "6", "世帯総数": 818, "一般世帯数": 818, "１人世帯数　一般世帯数": "254", "２人世帯数　一般世帯数": "256", "３人世帯数　一般世帯数": "172", "４人世帯数　一般世帯数": "110", "５人世帯数　一般世帯数": "21", "６人世帯数　一般世帯数": "5", "７人以上世帯数　一般世帯数": "0", "親族のみの世帯数　一般世帯数": "560", "核家族世帯数　一般世帯数": "527", "核家族以外の世帯数　一般世帯数": "33", "６歳未満世帯員のいる世帯数　一般世帯数": "77", "６５歳以上世帯員のいる世帯数　一般世帯数": "266", "世帯主の年齢が２０〜２９歳の１人世帯数　一般世帯数": "19", "高齢単身世帯数　一般世帯数": "77", "高齢夫婦世帯数　一般世帯数": "90", "index_right": 880 }, "geometry": { "type": "Polygon", "coordinates": [ [ [ 139.4, 35.316666666666663 ], [ 139.39375, 35.316666666666663 ], [ 139.39375, 35.320833333333333 ], [ 139.4, 35.320833333333333 ], [ 139.4, 35.316666666666663 ] ] ] } },
{ "type": "Feature", "properties": { "KEY_CODE": "523973813", "MESH1_ID": "5239", "MESH2_ID": "73", "MESH3_ID": "81", "MESH4_ID": "3", "OBJ_ID": 13927, "Unnamed: 1": 0, "Unnamed: 2": null, "Unnamed: 3": null, "人口（総数）": 3109, "人口（総数）　男": 1470, "人口（総数）　女": 1639, "０〜１４歳人口　総数": "297", "０〜１４歳人口　男": "147", "０〜１４歳人口　女": "150", "１５歳以上人口　総数": "2794", "１５歳以上人口　男": "1312", "１５歳以上人口　女": "1482", "１５〜６４歳人口　総数": "1540", "１５〜６４歳人口　男": "786", "１５〜６４歳人口　女": "754", "１８歳以上人口　総数": "2746", "１８歳以上人口　男": "1287", "１８歳以上人口　女": "1459", "２０歳以上人口　総数": "2705", "２０歳以上人口　男": "1264", "２０歳以上人口　女": "1441", "６５歳以上人口　総数": "1254", "６５歳以上人口　男": "526", "６５歳以上人口　女": "728", "７５歳以上人口　総数": "779", "７５歳以上人口　男": "299", "７５歳以上人口　女": "480", "８５歳以上人口　総数": "254", "８５歳以上人口　男": "98", "８５歳以上人口　女": "156", "９５歳以上人口　総数": "15", "９５歳以上人口　男": "4", "９５歳以上人口　女": "11", "外国人人口　総数": "16", "外国人人口　男": "9", "外国人人口　女": "7", "世帯総数": 1512, "一般世帯数": 1512, "１人世帯数　一般世帯数": "595", "２人世帯数　一般世帯数": "489", "３人世帯数　一般世帯数": "231", "４人世帯数　一般世帯数": "154", "５人世帯数　一般世帯数": "32", "６人世帯数　一般世帯数": "10", "７人以上世帯数　一般世帯数": "1", "親族のみの世帯数　一般世帯数": "905", "核家族世帯数　一般世帯数": "830", "核家族以外の世帯数　一般世帯数": "75", "６歳未満世帯員のいる世帯数　一般世帯数": "86", "６５歳以上世帯員のいる世帯数　一般世帯数": "904", "世帯主の年齢が２０〜２９歳の１人世帯数　一般世帯数": "18", "高齢単身世帯数　一般世帯数": "379", "高齢夫婦世帯数　一般世帯数": "243", "index_right": 880 }, "geometry": { "type": "Polygon", "coordinates": [ [ [ 139.39375, 35.320833333333333 ], [ 139.3875, 35.320833333333333 ], [ 139.3875, 35.325 ], [ 139.39375, 35.325 ], [ 139.39375, 35.320833333333333 ] ] ] } },
{ "type": "Feature", "properties": { "KEY_CODE": "523973814", "MESH1_ID": "5239", "MESH2_ID": "73", "MESH3_ID": "81", "MESH4_ID": "4", "OBJ_ID": 13928, "Unnamed: 1": 0, "Unnamed: 2": null, "Unnamed: 3": null, "人口（総数）": 3416, "人口（総数）　男": 1687, "人口（総数）　女": 1729, "０〜１４歳人口　総数": "456", "０〜１４歳人口　男": "233", "０〜１４歳人口　女": "223", "１５歳以上人口　総数": "2949", "１５歳以上人口　男": "1447", "１５歳以上人口　女": "1502", "１５〜６４歳人口　総数": "2090", "１５〜６４歳人口　男": "1072", "１５〜６４歳人口　女": "1018", "１８歳以上人口　総数": "2852", "１８歳以上人口　男": "1395", "１８歳以上人口　女": "1457", "２０歳以上人口　総数": "2779", "２０歳以上人口　男": "1359", "２０歳以上人口　女": "1420", "６５歳以上人口　総数": "859", "６５歳以上人口　男": "375", "６５歳以上人口　女": "484", "７５歳以上人口　総数": "445", "７５歳以上人口　男": "180", "７５歳以上人口　女": "265", "８５歳以上人口　総数": "138", "８５歳以上人口　男": "43", "８５歳以上人口　女": "95", "９５歳以上人口　総数": "18", "９５歳以上人口　男": "4", "９５歳以上人口　女": "14", "外国人人口　総数": "20", "外国人人口　男": "13", "外国人人口　女": "7", "世帯総数": 1485, "一般世帯数": 1482, "１人世帯数　一般世帯数": "492", "２人世帯数　一般世帯数": "456", "３人世帯数　一般世帯数": "260", "４人世帯数　一般世帯数": "207", "５人世帯数　一般世帯数": "60", "６人世帯数　一般世帯数": "4", "７人以上世帯数　一般世帯数": "3", "親族のみの世帯数　一般世帯数": "968", "核家族世帯数　一般世帯数": "915", "核家族以外の世帯数　一般世帯数": "53", "６歳未満世帯員のいる世帯数　一般世帯数": "123", "６５歳以上世帯員のいる世帯数　一般世帯数": "560", "世帯主の年齢が２０〜２９歳の１人世帯数　一般世帯数": "58", "高齢単身世帯数　一般世帯数": "186", "高齢夫婦世帯数　一般世帯数": "174", "index_right": 880 }, "geometry": { "type": "Polygon", "coordinates": [ [ [ 139.4, 35.320833333333333 ], [ 139.39375, 35.320833333333333 ], [ 139.39375, 35.325 ], [ 139.4, 35.325 ], [ 139.4, 35.320833333333333 ] ] ] } },
{ "type": "Feature", "properties": { "KEY_CODE": "523973821", "MESH1_ID": "5239", "MESH2_ID": "73", "MESH3_ID": "82", "MESH4_ID": "1", "OBJ_ID": 13929, "Unnamed: 1": 0, "Unnamed: 2": null, "Unnamed: 3": null, "人口（総数）": 793, "人口（総数）　男": 394, "人口（総数）　女": 399, "０〜１４歳人口　総数": "93", "０〜１４歳人口　男": "48", "０〜１４歳人口　女": "45", "１５歳以上人口　総数": "682", "１５歳以上人口　男": "336", "１５歳以上人口　女": "346", "１５〜６４歳人口　総数": "516", "１５〜６４歳人口　男": "261", "１５〜６４歳人口　女": "255", "１８歳以上人口　総数": "655", "１８歳以上人口　男": "321", "１８歳以上人口　女": "334", "２０歳以上人口　総数": "640", "２０歳以上人口　男": "309", "２０歳以上人口　女": "331", "６５歳以上人口　総数": "166", "６５歳以上人口　男": "75", "６５歳以上人口　女": "91", "７５歳以上人口　総数": "87", "７５歳以上人口　男": "39", "７５歳以上人口　女": "48", "８５歳以上人口　総数": "30", "８５歳以上人口　男": "15", "８５歳以上人口　女": "15", "９５歳以上人口　総数": "1", "９５歳以上人口　男": "1", "９５歳以上人口　女": "0", "外国人人口　総数": "6", "外国人人口　男": "4", "外国人人口　女": "2", "世帯総数": 374, "一般世帯数": 374, "１人世帯数　一般世帯数": "138", "２人世帯数　一般世帯数": "123", "３人世帯数　一般世帯数": "56", "４人世帯数　一般世帯数": "45", "５人世帯数　一般世帯数": "11", "６人世帯数　一般世帯数": "1", "７人以上世帯数　一般世帯数": "0", "親族のみの世帯数　一般世帯数": "233", "核家族世帯数　一般世帯数": "223", "核家族以外の世帯数　一般世帯数": "10", "６歳未満世帯員のいる世帯数　一般世帯数": "27", "６５歳以上世帯員のいる世帯数　一般世帯数": "118", "世帯主の年齢が２０〜２９歳の１人世帯数　一般世帯数": "13", "高齢単身世帯数　一般世帯数": "31", "高齢夫婦世帯数　一般世帯数": "42", "index_right": 880 }, "geometry": { "type": "Polygon", "coordinates": [ [ [ 139.40625, 35.316666666666663 ], [ 139.4, 35.316666666666663 ], [ 139.4, 35.320833333333333 ], [ 139.40625, 35.320833333333333 ], [ 139.40625, 35.316666666666663 ] ] ] } },
{ "type": "Feature", "properties": { "KEY_CODE": "523973822", "MESH1_ID": "5239", "MESH2_ID": "73", "MESH3_ID": "82", "MESH4_ID": "2", "OBJ_ID": 13930, "Unnamed: 1": 0, "Unnamed: 2": null, "Unnamed: 3": null, "人口（総数）": 1697, "人口（総数）　男": 792, "人口（総数）　女": 905, "０〜１４歳人口　総数": "228", "０〜１４歳人口　男": "105", "０〜１４歳人口　女": "123", "１５歳以上人口　総数": "1461", "１５歳以上人口　男": "682", "１５歳以上人口　女": "779", "１５〜６４歳人口　総数": "1081", "１５〜６４歳人口　男": "537", "１５〜６４歳人口　女": "544", "１８歳以上人口　総数": "1410", "１８歳以上人口　男": "651", "１８歳以上人口　女": "759", "２０歳以上人口　総数": "1367", "２０歳以上人口　男": "629", "２０歳以上人口　女": "738", "６５歳以上人口　総数": "380", "６５歳以上人口　男": "145", "６５歳以上人口　女": "235", "７５歳以上人口　総数": "220", "７５歳以上人口　男": "70", "７５歳以上人口　女": "150", "８５歳以上人口　総数": "103", "８５歳以上人口　男": "26", "８５歳以上人口　女": "77", "９５歳以上人口　総数": "14", "９５歳以上人口　男": "2", "９５歳以上人口　女": "12", "外国人人口　総数": "12", "外国人人口　男": "8", "外国人人口　女": "4", "世帯総数": 672, "一般世帯数": 671, "１人世帯数　一般世帯数": "178", "２人世帯数　一般世帯数": "215", "３人世帯数　一般世帯数": "138", "４人世帯数　一般世帯数": "119", "５人世帯数　一般世帯数": "19", "６人世帯数　一般世帯数": "1", "７人以上世帯数　一般世帯数": "1", "親族のみの世帯数　一般世帯数": "490", "核家族世帯数　一般世帯数": "473", "核家族以外の世帯数　一般世帯数": "17", "６歳未満世帯員のいる世帯数　一般世帯数": "73", "６５歳以上世帯員のいる世帯数　一般世帯数": "201", "世帯主の年齢が２０〜２９歳の１人世帯数　一般世帯数": "15", "高齢単身世帯数　一般世帯数": "62", "高齢夫婦世帯数　一般世帯数": "76", "index_right": 880 }, "geometry": { "type": "Polygon", "coordinates": [ [ [ 139.4125, 35.316666666666663 ], [ 139.40625, 35.316666666666663 ], [ 139.40625, 35.320833333333333 ], [ 139.4125, 35.320833333333333 ], [ 139.4125, 35.316666666666663 ] ] ] } },
{ "type": "Feature", "properties": { "KEY_CODE": "523973823", "MESH1_ID": "5239", "MESH2_ID": "73", "MESH3_ID": "82", "MESH4_ID": "3", "OBJ_ID": 13931, "Unnamed: 1": 0, "Unnamed: 2": null, "Unnamed: 3": null, "人口（総数）": 2867, "人口（総数）　男": 1401, "人口（総数）　女": 1466, "０〜１４歳人口　総数": "377", "０〜１４歳人口　男": "188", "０〜１４歳人口　女": "189", "１５歳以上人口　総数": "2476", "１５歳以上人口　男": "1204", "１５歳以上人口　女": "1272", "１５〜６４歳人口　総数": "1756", "１５〜６４歳人口　男": "902", "１５〜６４歳人口　女": "854", "１８歳以上人口　総数": "2390", "１８歳以上人口　男": "1164", "１８歳以上人口　女": "1226", "２０歳以上人口　総数": "2332", "２０歳以上人口　男": "1136", "２０歳以上人口　女": "1196", "６５歳以上人口　総数": "720", "６５歳以上人口　男": "302", "６５歳以上人口　女": "418", "７５歳以上人口　総数": "379", "７５歳以上人口　男": "156", "７５歳以上人口　女": "223", "８５歳以上人口　総数": "116", "８５歳以上人口　男": "41", "８５歳以上人口　女": "75", "９５歳以上人口　総数": "10", "９５歳以上人口　男": "4", "９５歳以上人口　女": "6", "外国人人口　総数": "26", "外国人人口　男": "14", "外国人人口　女": "12", "世帯総数": 1260, "一般世帯数": 1259, "１人世帯数　一般世帯数": "413", "２人世帯数　一般世帯数": "390", "３人世帯数　一般世帯数": "216", "４人世帯数　一般世帯数": "189", "５人世帯数　一般世帯数": "41", "６人世帯数　一般世帯数": "10", "７人以上世帯数　一般世帯数": "0", "親族のみの世帯数　一般世帯数": "837", "核家族世帯数　一般世帯数": "800", "核家族以外の世帯数　一般世帯数": "37", "６歳未満世帯員のいる世帯数　一般世帯数": "102", "６５歳以上世帯員のいる世帯数　一般世帯数": "496", "世帯主の年齢が２０〜２９歳の１人世帯数　一般世帯数": "59", "高齢単身世帯数　一般世帯数": "161", "高齢夫婦世帯数　一般世帯数": "161", "index_right": 880 }, "geometry": { "type": "Polygon", "coordinates": [ [ [ 139.40625, 35.320833333333333 ], [ 139.4, 35.320833333333333 ], [ 139.4, 35.325 ], [ 139.40625, 35.325 ], [ 139.40625, 35.320833333333333 ] ] ] } },
{ "type": "Feature", "properties": { "KEY_CODE": "523973824", "MESH1_ID": "5239", "MESH2_ID": "73", "MESH3_ID": "82", "MESH4_ID": "4", "OBJ_ID": 13932, "Unnamed: 1": 0, "Unnamed: 2": null, "Unnamed: 3": null, "人口（総数）": 2994, "人口（総数）　男": 1431, "人口（総数）　女": 1563, "０〜１４歳人口　総数": "408", "０〜１４歳人口　男": "200", "０〜１４歳人口　女": "208", "１５歳以上人口　総数": "2568", "１５歳以上人口　男": "1220", "１５歳以上人口　女": "1348", "１５〜６４歳人口　総数": "1850", "１５〜６４歳人口　男": "899", "１５〜６４歳人口　女": "951", "１８歳以上人口　総数": "2489", "１８歳以上人口　男": "1173", "１８歳以上人口　女": "1316", "２０歳以上人口　総数": "2439", "２０歳以上人口　男": "1152", "２０歳以上人口　女": "1287", "６５歳以上人口　総数": "718", "６５歳以上人口　男": "321", "６５歳以上人口　女": "397", "７５歳以上人口　総数": "366", "７５歳以上人口　男": "147", "７５歳以上人口　女": "219", "８５歳以上人口　総数": "120", "８５歳以上人口　男": "41", "８５歳以上人口　女": "79", "９５歳以上人口　総数": "8", "９５歳以上人口　男": "2", "９５歳以上人口　女": "6", "外国人人口　総数": "18", "外国人人口　男": "7", "外国人人口　女": "11", "世帯総数": 1308, "一般世帯数": 1308, "１人世帯数　一般世帯数": "405", "２人世帯数　一般世帯数": "411", "３人世帯数　一般世帯数": "262", "４人世帯数　一般世帯数": "178", "５人世帯数　一般世帯数": "44", "６人世帯数　一般世帯数": "7", "７人以上世帯数　一般世帯数": "1", "親族のみの世帯数　一般世帯数": "896", "核家族世帯数　一般世帯数": "837", "核家族以外の世帯数　一般世帯数": "59", "６歳未満世帯員のいる世帯数　一般世帯数": "111", "６５歳以上世帯員のいる世帯数　一般世帯数": "486", "世帯主の年齢が２０〜２９歳の１人世帯数　一般世帯数": "42", "高齢単身世帯数　一般世帯数": "142", "高齢夫婦世帯数　一般世帯数": "163", "index_right": 880 }, "geometry": { "type": "Polygon", "coordinates": [ [ [ 139.4125, 35.320833333333333 ], [ 139.40625, 35.320833333333333 ], [ 139.40625, 35.325 ], [ 139.4125, 35.325 ], [ 139.4125, 35.320833333333333 ] ] ] } },
{ "type": "Feature", "properties": { "KEY_CODE": "523973831", "MESH1_ID": "5239", "MESH2_ID": "73", "MESH3_ID": "83", "MESH4_ID": "1", "OBJ_ID": 13933, "Unnamed: 1": 0, "Unnamed: 2": null, "Unnamed: 3": null, "人口（総数）": 1404, "人口（総数）　男": 694, "人口（総数）　女": 710, "０〜１４歳人口　総数": "188", "０〜１４歳人口　男": "100", "０〜１４歳人口　女": "88", "１５歳以上人口　総数": "1200", "１５歳以上人口　男": "585", "１５歳以上人口　女": "615", "１５〜６４歳人口　総数": "906", "１５〜６４歳人口　男": "456", "１５〜６４歳人口　女": "450", "１８歳以上人口　総数": "1160", "１８歳以上人口　男": "565", "１８歳以上人口　女": "595", "２０歳以上人口　総数": "1132", "２０歳以上人口　男": "550", "２０歳以上人口　女": "582", "６５歳以上人口　総数": "294", "６５歳以上人口　男": "129", "６５歳以上人口　女": "165", "７５歳以上人口　総数": "148", "７５歳以上人口　男": "69", "７５歳以上人口　女": "79", "８５歳以上人口　総数": "45", "８５歳以上人口　男": "16", "８５歳以上人口　女": "29", "９５歳以上人口　総数": "3", "９５歳以上人口　男": "2", "９５歳以上人口　女": "1", "外国人人口　総数": "14", "外国人人口　男": "5", "外国人人口　女": "9", "世帯総数": 568, "一般世帯数": 568, "１人世帯数　一般世帯数": "132", "２人世帯数　一般世帯数": "197", "３人世帯数　一般世帯数": "113", "４人世帯数　一般世帯数": "101", "５人世帯数　一般世帯数": "19", "６人世帯数　一般世帯数": "3", "７人以上世帯数　一般世帯数": "3", "親族のみの世帯数　一般世帯数": "432", "核家族世帯数　一般世帯数": "418", "核家族以外の世帯数　一般世帯数": "14", "６歳未満世帯員のいる世帯数　一般世帯数": "40", "６５歳以上世帯員のいる世帯数　一般世帯数": "194", "世帯主の年齢が２０〜２９歳の１人世帯数　一般世帯数": "3", "高齢単身世帯数　一般世帯数": "54", "高齢夫婦世帯数　一般世帯数": "77", "index_right": 880 }, "geometry": { "type": "Polygon", "coordinates": [ [ [ 139.41875, 35.316666666666663 ], [ 139.4125, 35.316666666666663 ], [ 139.4125, 35.320833333333333 ], [ 139.41875, 35.320833333333333 ], [ 139.41875, 35.316666666666663 ] ] ] } },
{ "type": "Feature", "properties": { "KEY_CODE": "523973832", "MESH1_ID": "5239", "MESH2_ID": "73", "MESH3_ID": "83", "MESH4_ID": "2", "OBJ_ID": 13934, "Unnamed: 1": 0, "Unnamed: 2": null, "Unnamed: 3": null, "人口（総数）": 362, "人口（総数）　男": 171, "人口（総数）　女": 191, "０〜１４歳人口　総数": "48", "０〜１４歳人口　男": "24", "０〜１４歳人口　女": "24", "１５歳以上人口　総数": "314", "１５歳以上人口　男": "147", "１５歳以上人口　女": "167", "１５〜６４歳人口　総数": "227", "１５〜６４歳人口　男": "107", "１５〜６４歳人口　女": "120", "１８歳以上人口　総数": "301", "１８歳以上人口　男": "138", "１８歳以上人口　女": "163", "２０歳以上人口　総数": "293", "２０歳以上人口　男": "134", "２０歳以上人口　女": "159", "６５歳以上人口　総数": "87", "６５歳以上人口　男": "40", "６５歳以上人口　女": "47", "７５歳以上人口　総数": "39", "７５歳以上人口　男": "18", "７５歳以上人口　女": "21", "８５歳以上人口　総数": "10", "８５歳以上人口　男": "5", "８５歳以上人口　女": "5", "９５歳以上人口　総数": "0", "９５歳以上人口　男": "0", "９５歳以上人口　女": "0", "外国人人口　総数": "2", "外国人人口　男": "1", "外国人人口　女": "1", "世帯総数": 143, "一般世帯数": 143, "１人世帯数　一般世帯数": "25", "２人世帯数　一般世帯数": "56", "３人世帯数　一般世帯数": "32", "４人世帯数　一般世帯数": "23", "５人世帯数　一般世帯数": "5", "６人世帯数　一般世帯数": "2", "７人以上世帯数　一般世帯数": "0", "親族のみの世帯数　一般世帯数": "117", "核家族世帯数　一般世帯数": "113", "核家族以外の世帯数　一般世帯数": "4", "６歳未満世帯員のいる世帯数　一般世帯数": "9", "６５歳以上世帯員のいる世帯数　一般世帯数": "56", "世帯主の年齢が２０〜２９歳の１人世帯数　一般世帯数": "0", "高齢単身世帯数　一般世帯数": "14", "高齢夫婦世帯数　一般世帯数": "26", "index_right": 880 }, "geometry": { "type": "Polygon", "coordinates": [ [ [ 139.425, 35.316666666666663 ], [ 139.41875, 35.316666666666663 ], [ 139.41875, 35.320833333333333 ], [ 139.425, 35.320833333333333 ], [ 139.425, 35.316666666666663 ] ] ] } },
{ "type": "Feature", "properties": { "KEY_CODE": "523973833", "MESH1_ID": "5239", "MESH2_ID": "73", "MESH3_ID": "83", "MESH4_ID": "3", "OBJ_ID": 13935, "Unnamed: 1": 0, "Unnamed: 2": null, "Unnamed: 3": null, "人口（総数）": 3006, "人口（総数）　男": 1458, "人口（総数）　女": 1548, "０〜１４歳人口　総数": "480", "０〜１４歳人口　男": "242", "０〜１４歳人口　女": "238", "１５歳以上人口　総数": "2487", "１５歳以上人口　男": "1191", "１５歳以上人口　女": "1296", "１５〜６４歳人口　総数": "1727", "１５〜６４歳人口　男": "859", "１５〜６４歳人口　女": "868", "１８歳以上人口　総数": "2404", "１８歳以上人口　男": "1150", "１８歳以上人口　女": "1254", "２０歳以上人口　総数": "2352", "２０歳以上人口　男": "1120", "２０歳以上人口　女": "1232", "６５歳以上人口　総数": "760", "６５歳以上人口　男": "332", "６５歳以上人口　女": "428", "７５歳以上人口　総数": "393", "７５歳以上人口　男": "167", "７５歳以上人口　女": "226", "８５歳以上人口　総数": "115", "８５歳以上人口　男": "39", "８５歳以上人口　女": "76", "９５歳以上人口　総数": "8", "９５歳以上人口　男": "4", "９５歳以上人口　女": "4", "外国人人口　総数": "17", "外国人人口　男": "8", "外国人人口　女": "9", "世帯総数": 1257, "一般世帯数": 1257, "１人世帯数　一般世帯数": "337", "２人世帯数　一般世帯数": "427", "３人世帯数　一般世帯数": "230", "４人世帯数　一般世帯数": "200", "５人世帯数　一般世帯数": "56", "６人世帯数　一般世帯数": "5", "７人以上世帯数　一般世帯数": "2", "親族のみの世帯数　一般世帯数": "910", "核家族世帯数　一般世帯数": "855", "核家族以外の世帯数　一般世帯数": "55", "６歳未満世帯員のいる世帯数　一般世帯数": "133", "６５歳以上世帯員のいる世帯数　一般世帯数": "491", "世帯主の年齢が２０〜２９歳の１人世帯数　一般世帯数": "24", "高齢単身世帯数　一般世帯数": "126", "高齢夫婦世帯数　一般世帯数": "193", "index_right": 880 }, "geometry": { "type": "Polygon", "coordinates": [ [ [ 139.41875, 35.320833333333333 ], [ 139.4125, 35.320833333333333 ], [ 139.4125, 35.325 ], [ 139.41875, 35.325 ], [ 139.41875, 35.320833333333333 ] ] ] } },
{ "type": "Feature", "properties": { "KEY_CODE": "523973834", "MESH1_ID": "5239", "MESH2_ID": "73", "MESH3_ID": "83", "MESH4_ID": "4", "OBJ_ID": 13936, "Unnamed: 1": 0, "Unnamed: 2": null, "Unnamed: 3": null, "人口（総数）": 2656, "人口（総数）　男": 1281, "人口（総数）　女": 1375, "０〜１４歳人口　総数": "398", "０〜１４歳人口　男": "185", "０〜１４歳人口　女": "213", "１５歳以上人口　総数": "2242", "１５歳以上人口　男": "1084", "１５歳以上人口　女": "1158", "１５〜６４歳人口　総数": "1636", "１５〜６４歳人口　男": "811", "１５〜６４歳人口　女": "825", "１８歳以上人口　総数": "2166", "１８歳以上人口　男": "1049", "１８歳以上人口　女": "1117", "２０歳以上人口　総数": "2109", "２０歳以上人口　男": "1020", "２０歳以上人口　女": "1089", "６５歳以上人口　総数": "606", "６５歳以上人口　男": "273", "６５歳以上人口　女": "333", "７５歳以上人口　総数": "316", "７５歳以上人口　男": "131", "７５歳以上人口　女": "185", "８５歳以上人口　総数": "105", "８５歳以上人口　男": "36", "８５歳以上人口　女": "69", "９５歳以上人口　総数": "6", "９５歳以上人口　男": "0", "９５歳以上人口　女": "6", "外国人人口　総数": "13", "外国人人口　男": "5", "外国人人口　女": "8", "世帯総数": 1061, "一般世帯数": 1061, "１人世帯数　一般世帯数": "242", "２人世帯数　一般世帯数": "361", "３人世帯数　一般世帯数": "214", "４人世帯数　一般世帯数": "188", "５人世帯数　一般世帯数": "43", "６人世帯数　一般世帯数": "8", "７人以上世帯数　一般世帯数": "5", "親族のみの世帯数　一般世帯数": "808", "核家族世帯数　一般世帯数": "765", "核家族以外の世帯数　一般世帯数": "43", "６歳未満世帯員のいる世帯数　一般世帯数": "115", "６５歳以上世帯員のいる世帯数　一般世帯数": "398", "世帯主の年齢が２０〜２９歳の１人世帯数　一般世帯数": "14", "高齢単身世帯数　一般世帯数": "102", "高齢夫婦世帯数　一般世帯数": "153", "index_right": 880 }, "geometry": { "type": "Polygon", "coordinates": [ [ [ 139.425, 35.320833333333333 ], [ 139.41875, 35.320833333333333 ], [ 139.41875, 35.325 ], [ 139.425, 35.325 ], [ 139.425, 35.320833333333333 ] ] ] } },
{ "type": "Feature", "properties": { "KEY_CODE": "523973842", "MESH1_ID": "5239", "MESH2_ID": "73", "MESH3_ID": "84", "MESH4_ID": "2", "OBJ_ID": 13938, "Unnamed: 1": 0, "Unnamed: 2": null, "Unnamed: 3": null, "人口（総数）": 23, "人口（総数）　男": 14, "人口（総数）　女": 9, "０〜１４歳人口　総数": "1", "０〜１４歳人口　男": "1", "０〜１４歳人口　女": "0", "１５歳以上人口　総数": "22", "１５歳以上人口　男": "13", "１５歳以上人口　女": "9", "１５〜６４歳人口　総数": "16", "１５〜６４歳人口　男": "10", "１５〜６４歳人口　女": "6", "１８歳以上人口　総数": "22", "１８歳以上人口　男": "13", "１８歳以上人口　女": "9", "２０歳以上人口　総数": "22", "２０歳以上人口　男": "13", "２０歳以上人口　女": "9", "６５歳以上人口　総数": "6", "６５歳以上人口　男": "3", "６５歳以上人口　女": "3", "７５歳以上人口　総数": "4", "７５歳以上人口　男": "2", "７５歳以上人口　女": "2", "８５歳以上人口　総数": "1", "８５歳以上人口　男": "1", "８５歳以上人口　女": "0", "９５歳以上人口　総数": "0", "９５歳以上人口　男": "0", "９５歳以上人口　女": "0", "外国人人口　総数": "1", "外国人人口　男": "0", "外国人人口　女": "1", "世帯総数": 13, "一般世帯数": 13, "１人世帯数　一般世帯数": "4", "２人世帯数　一般世帯数": "8", "３人世帯数　一般世帯数": "1", "４人世帯数　一般世帯数": "0", "５人世帯数　一般世帯数": "0", "６人世帯数　一般世帯数": "0", "７人以上世帯数　一般世帯数": "0", "親族のみの世帯数　一般世帯数": "8", "核家族世帯数　一般世帯数": "8", "核家族以外の世帯数　一般世帯数": "0", "６歳未満世帯員のいる世帯数　一般世帯数": "1", "６５歳以上世帯員のいる世帯数　一般世帯数": "3", "世帯主の年齢が２０〜２９歳の１人世帯数　一般世帯数": "0", "高齢単身世帯数　一般世帯数": "0", "高齢夫婦世帯数　一般世帯数": "3", "index_right": 880 }, "geometry": { "type": "Polygon", "coordinates": [ [ [ 139.4375, 35.316666666666663 ], [ 139.43125, 35.316666666666663 ], [ 139.43125, 35.320833333333333 ], [ 139.4375, 35.320833333333333 ], [ 139.4375, 35.316666666666663 ] ] ] } },
{ "type": "Feature", "properties": { "KEY_CODE": "523973843", "MESH1_ID": "5239", "MESH2_ID": "73", "MESH3_ID": "84", "MESH4_ID": "3", "OBJ_ID": 13939, "Unnamed: 1": 0, "Unnamed: 2": null, "Unnamed: 3": null, "人口（総数）": 2521, "人口（総数）　男": 1244, "人口（総数）　女": 1277, "０〜１４歳人口　総数": "357", "０〜１４歳人口　男": "190", "０〜１４歳人口　女": "167", "１５歳以上人口　総数": "2122", "１５歳以上人口　男": "1028", "１５歳以上人口　女": "1094", "１５〜６４歳人口　総数": "1523", "１５〜６４歳人口　男": "761", "１５〜６４歳人口　女": "762", "１８歳以上人口　総数": "2038", "１８歳以上人口　男": "980", "１８歳以上人口　女": "1058", "２０歳以上人口　総数": "1967", "２０歳以上人口　男": "948", "２０歳以上人口　女": "1019", "６５歳以上人口　総数": "599", "６５歳以上人口　男": "267", "６５歳以上人口　女": "332", "７５歳以上人口　総数": "322", "７５歳以上人口　男": "134", "７５歳以上人口　女": "188", "８５歳以上人口　総数": "112", "８５歳以上人口　男": "41", "８５歳以上人口　女": "71", "９５歳以上人口　総数": "14", "９５歳以上人口　男": "3", "９５歳以上人口　女": "11", "外国人人口　総数": "9", "外国人人口　男": "5", "外国人人口　女": "4", "世帯総数": 999, "一般世帯数": 998, "１人世帯数　一般世帯数": "259", "２人世帯数　一般世帯数": "307", "３人世帯数　一般世帯数": "181", "４人世帯数　一般世帯数": "192", "５人世帯数　一般世帯数": "44", "６人世帯数　一般世帯数": "12", "７人以上世帯数　一般世帯数": "3", "親族のみの世帯数　一般世帯数": "735", "核家族世帯数　一般世帯数": "692", "核家族以外の世帯数　一般世帯数": "43", "６歳未満世帯員のいる世帯数　一般世帯数": "82", "６５歳以上世帯員のいる世帯数　一般世帯数": "378", "世帯主の年齢が２０〜２９歳の１人世帯数　一般世帯数": "18", "高齢単身世帯数　一般世帯数": "100", "高齢夫婦世帯数　一般世帯数": "144", "index_right": 880 }, "geometry": { "type": "Polygon", "coordinates": [ [ [ 139.43125, 35.320833333333333 ], [ 139.425, 35.320833333333333 ], [ 139.425, 35.325 ], [ 139.43125, 35.325 ], [ 139.43125, 35.320833333333333 ] ] ] } },
{ "type": "Feature", "properties": { "KEY_CODE": "523973844", "MESH1_ID": "5239", "MESH2_ID": "73", "MESH3_ID": "84", "MESH4_ID": "4", "OBJ_ID": 13940, "Unnamed: 1": 0, "Unnamed: 2": null, "Unnamed: 3": null, "人口（総数）": 3522, "人口（総数）　男": 1717, "人口（総数）　女": 1805, "０〜１４歳人口　総数": "497", "０〜１４歳人口　男": "253", "０〜１４歳人口　女": "244", "１５歳以上人口　総数": "3010", "１５歳以上人口　男": "1453", "１５歳以上人口　女": "1557", "１５〜６４歳人口　総数": "2295", "１５〜６４歳人口　男": "1138", "１５〜６４歳人口　女": "1157", "１８歳以上人口　総数": "2872", "１８歳以上人口　男": "1378", "１８歳以上人口　女": "1494", "２０歳以上人口　総数": "2784", "２０歳以上人口　男": "1333", "２０歳以上人口　女": "1451", "６５歳以上人口　総数": "715", "６５歳以上人口　男": "315", "６５歳以上人口　女": "400", "７５歳以上人口　総数": "379", "７５歳以上人口　男": "149", "７５歳以上人口　女": "230", "８５歳以上人口　総数": "140", "８５歳以上人口　男": "47", "８５歳以上人口　女": "93", "９５歳以上人口　総数": "20", "９５歳以上人口　男": "5", "９５歳以上人口　女": "15", "外国人人口　総数": "22", "外国人人口　男": "10", "外国人人口　女": "12", "世帯総数": 1423, "一般世帯数": 1421, "１人世帯数　一般世帯数": "374", "２人世帯数　一般世帯数": "460", "３人世帯数　一般世帯数": "307", "４人世帯数　一般世帯数": "220", "５人世帯数　一般世帯数": "54", "６人世帯数　一般世帯数": "6", "７人以上世帯数　一般世帯数": "0", "親族のみの世帯数　一般世帯数": "1037", "核家族世帯数　一般世帯数": "992", "核家族以外の世帯数　一般世帯数": "45", "６歳未満世帯員のいる世帯数　一般世帯数": "119", "６５歳以上世帯員のいる世帯数　一般世帯数": "457", "世帯主の年齢が２０〜２９歳の１人世帯数　一般世帯数": "24", "高齢単身世帯数　一般世帯数": "143", "高齢夫婦世帯数　一般世帯数": "161", "index_right": 880 }, "geometry": { "type": "Polygon", "coordinates": [ [ [ 139.4375, 35.320833333333333 ], [ 139.43125, 35.320833333333333 ], [ 139.43125, 35.325 ], [ 139.4375, 35.325 ], [ 139.4375, 35.320833333333333 ] ] ] } },
{ "type": "Feature", "properties": { "KEY_CODE": "523973853", "MESH1_ID": "5239", "MESH2_ID": "73", "MESH3_ID": "85", "MESH4_ID": "3", "OBJ_ID": 13943, "Unnamed: 1": 0, "Unnamed: 2": null, "Unnamed: 3": null, "人口（総数）": 2048, "人口（総数）　男": 967, "人口（総数）　女": 1081, "０〜１４歳人口　総数": "321", "０〜１４歳人口　男": "155", "０〜１４歳人口　女": "166", "１５歳以上人口　総数": "1701", "１５歳以上人口　男": "796", "１５歳以上人口　女": "905", "１５〜６４歳人口　総数": "1059", "１５〜６４歳人口　男": "546", "１５〜６４歳人口　女": "513", "１８歳以上人口　総数": "1673", "１８歳以上人口　男": "789", "１８歳以上人口　女": "884", "２０歳以上人口　総数": "1653", "２０歳以上人口　男": "779", "２０歳以上人口　女": "874", "６５歳以上人口　総数": "642", "６５歳以上人口　男": "250", "６５歳以上人口　女": "392", "７５歳以上人口　総数": "446", "７５歳以上人口　男": "145", "７５歳以上人口　女": "301", "８５歳以上人口　総数": "214", "８５歳以上人口　男": "72", "８５歳以上人口　女": "142", "９５歳以上人口　総数": "17", "９５歳以上人口　男": "3", "９５歳以上人口　女": "14", "外国人人口　総数": "4", "外国人人口　男": "2", "外国人人口　女": "2", "世帯総数": 1026, "一般世帯数": 1025, "１人世帯数　一般世帯数": "501", "２人世帯数　一般世帯数": "255", "３人世帯数　一般世帯数": "128", "４人世帯数　一般世帯数": "113", "５人世帯数　一般世帯数": "26", "６人世帯数　一般世帯数": "2", "７人以上世帯数　一般世帯数": "0", "親族のみの世帯数　一般世帯数": "515", "核家族世帯数　一般世帯数": "499", "核家族以外の世帯数　一般世帯数": "16", "６歳未満世帯員のいる世帯数　一般世帯数": "146", "６５歳以上世帯員のいる世帯数　一般世帯数": "462", "世帯主の年齢が２０〜２９歳の１人世帯数　一般世帯数": "8", "高齢単身世帯数　一般世帯数": "286", "高齢夫婦世帯数　一般世帯数": "105", "index_right": 880 }, "geometry": { "type": "Polygon", "coordinates": [ [ [ 139.44375, 35.320833333333333 ], [ 139.4375, 35.320833333333333 ], [ 139.4375, 35.325 ], [ 139.44375, 35.325 ], [ 139.44375, 35.320833333333333 ] ] ] } },
{ "type": "Feature", "properties": { "KEY_CODE": "523973901", "MESH1_ID": "5239", "MESH2_ID": "73", "MESH3_ID": "90", "MESH4_ID": "1", "OBJ_ID": 13961, "Unnamed: 1": 0, "Unnamed: 2": null, "Unnamed: 3": null, "人口（総数）": 758, "人口（総数）　男": 339, "人口（総数）　女": 419, "０〜１４歳人口　総数": "60", "０〜１４歳人口　男": "37", "０〜１４歳人口　女": "23", "１５歳以上人口　総数": "698", "１５歳以上人口　男": "302", "１５歳以上人口　女": "396", "１５〜６４歳人口　総数": "393", "１５〜６４歳人口　男": "192", "１５〜６４歳人口　女": "201", "１８歳以上人口　総数": "665", "１８歳以上人口　男": "284", "１８歳以上人口　女": "381", "２０歳以上人口　総数": "649", "２０歳以上人口　男": "277", "２０歳以上人口　女": "372", "６５歳以上人口　総数": "305", "６５歳以上人口　男": "110", "６５歳以上人口　女": "195", "７５歳以上人口　総数": "201", "７５歳以上人口　男": "58", "７５歳以上人口　女": "143", "８５歳以上人口　総数": "97", "８５歳以上人口　男": "20", "８５歳以上人口　女": "77", "９５歳以上人口　総数": "9", "９５歳以上人口　男": "0", "９５歳以上人口　女": "9", "外国人人口　総数": "3", "外国人人口　男": "0", "外国人人口　女": "3", "世帯総数": 248, "一般世帯数": 247, "１人世帯数　一般世帯数": "46", "２人世帯数　一般世帯数": "85", "３人世帯数　一般世帯数": "62", "４人世帯数　一般世帯数": "40", "５人世帯数　一般世帯数": "12", "６人世帯数　一般世帯数": "2", "７人以上世帯数　一般世帯数": "0", "親族のみの世帯数　一般世帯数": "200", "核家族世帯数　一般世帯数": "180", "核家族以外の世帯数　一般世帯数": "20", "６歳未満世帯員のいる世帯数　一般世帯数": "13", "６５歳以上世帯員のいる世帯数　一般世帯数": "120", "世帯主の年齢が２０〜２９歳の１人世帯数　一般世帯数": "1", "高齢単身世帯数　一般世帯数": "20", "高齢夫婦世帯数　一般世帯数": "47", "index_right": 880 }, "geometry": { "type": "Polygon", "coordinates": [ [ [ 139.38125, 35.325 ], [ 139.375, 35.325 ], [ 139.375, 35.329166666666666 ], [ 139.38125, 35.329166666666666 ], [ 139.38125, 35.325 ] ] ] } },
{ "type": "Feature", "properties": { "KEY_CODE": "523973902", "MESH1_ID": "5239", "MESH2_ID": "73", "MESH3_ID": "90", "MESH4_ID": "2", "OBJ_ID": 13962, "Unnamed: 1": 0, "Unnamed: 2": null, "Unnamed: 3": null, "人口（総数）": 2641, "人口（総数）　男": 1301, "人口（総数）　女": 1340, "０〜１４歳人口　総数": "319", "０〜１４歳人口　男": "171", "０〜１４歳人口　女": "148", "１５歳以上人口　総数": "2267", "１５歳以上人口　男": "1100", "１５歳以上人口　女": "1167", "１５〜６４歳人口　総数": "1646", "１５〜６４歳人口　男": "825", "１５〜６４歳人口　女": "821", "１８歳以上人口　総数": "2180", "１８歳以上人口　男": "1060", "１８歳以上人口　女": "1120", "２０歳以上人口　総数": "2106", "２０歳以上人口　男": "1026", "２０歳以上人口　女": "1080", "６５歳以上人口　総数": "621", "６５歳以上人口　男": "275", "６５歳以上人口　女": "346", "７５歳以上人口　総数": "309", "７５歳以上人口　男": "125", "７５歳以上人口　女": "184", "８５歳以上人口　総数": "96", "８５歳以上人口　男": "33", "８５歳以上人口　女": "63", "９５歳以上人口　総数": "11", "９５歳以上人口　男": "1", "９５歳以上人口　女": "10", "外国人人口　総数": "22", "外国人人口　男": "6", "外国人人口　女": "16", "世帯総数": 1084, "一般世帯数": 1081, "１人世帯数　一般世帯数": "323", "２人世帯数　一般世帯数": "316", "３人世帯数　一般世帯数": "221", "４人世帯数　一般世帯数": "164", "５人世帯数　一般世帯数": "40", "６人世帯数　一般世帯数": "13", "７人以上世帯数　一般世帯数": "4", "親族のみの世帯数　一般世帯数": "745", "核家族世帯数　一般世帯数": "692", "核家族以外の世帯数　一般世帯数": "53", "６歳未満世帯員のいる世帯数　一般世帯数": "92", "６５歳以上世帯員のいる世帯数　一般世帯数": "382", "世帯主の年齢が２０〜２９歳の１人世帯数　一般世帯数": "31", "高齢単身世帯数　一般世帯数": "92", "高齢夫婦世帯数　一般世帯数": "125", "index_right": 880 }, "geometry": { "type": "Polygon", "coordinates": [ [ [ 139.3875, 35.325 ], [ 139.38125, 35.325 ], [ 139.38125, 35.329166666666666 ], [ 139.3875, 35.329166666666666 ], [ 139.3875, 35.325 ] ] ] } },
{ "type": "Feature", "properties": { "KEY_CODE": "523973903", "MESH1_ID": "5239", "MESH2_ID": "73", "MESH3_ID": "90", "MESH4_ID": "3", "OBJ_ID": 13963, "Unnamed: 1": 0, "Unnamed: 2": null, "Unnamed: 3": null, "人口（総数）": 1952, "人口（総数）　男": 960, "人口（総数）　女": 992, "０〜１４歳人口　総数": "200", "０〜１４歳人口　男": "95", "０〜１４歳人口　女": "105", "１５歳以上人口　総数": "1751", "１５歳以上人口　男": "864", "１５歳以上人口　女": "887", "１５〜６４歳人口　総数": "1231", "１５〜６４歳人口　男": "653", "１５〜６４歳人口　女": "578", "１８歳以上人口　総数": "1682", "１８歳以上人口　男": "834", "１８歳以上人口　女": "848", "２０歳以上人口　総数": "1633", "２０歳以上人口　男": "817", "２０歳以上人口　女": "816", "６５歳以上人口　総数": "520", "６５歳以上人口　男": "211", "６５歳以上人口　女": "309", "７５歳以上人口　総数": "305", "７５歳以上人口　男": "108", "７５歳以上人口　女": "197", "８５歳以上人口　総数": "120", "８５歳以上人口　男": "25", "８５歳以上人口　女": "95", "９５歳以上人口　総数": "24", "９５歳以上人口　男": "2", "９５歳以上人口　女": "22", "外国人人口　総数": "13", "外国人人口　男": "7", "外国人人口　女": "6", "世帯総数": 821, "一般世帯数": 820, "１人世帯数　一般世帯数": "312", "２人世帯数　一般世帯数": "205", "３人世帯数　一般世帯数": "145", "４人世帯数　一般世帯数": "110", "５人世帯数　一般世帯数": "32", "６人世帯数　一般世帯数": "8", "７人以上世帯数　一般世帯数": "8", "親族のみの世帯数　一般世帯数": "505", "核家族世帯数　一般世帯数": "452", "核家族以外の世帯数　一般世帯数": "53", "６歳未満世帯員のいる世帯数　一般世帯数": "51", "６５歳以上世帯員のいる世帯数　一般世帯数": "291", "世帯主の年齢が２０〜２９歳の１人世帯数　一般世帯数": "50", "高齢単身世帯数　一般世帯数": "64", "高齢夫婦世帯数　一般世帯数": "87", "index_right": 880 }, "geometry": { "type": "Polygon", "coordinates": [ [ [ 139.38125, 35.329166666666666 ], [ 139.375, 35.329166666666666 ], [ 139.375, 35.333333333333329 ], [ 139.38125, 35.333333333333329 ], [ 139.38125, 35.329166666666666 ] ] ] } },
{ "type": "Feature", "properties": { "KEY_CODE": "523973904", "MESH1_ID": "5239", "MESH2_ID": "73", "MESH3_ID": "90", "MESH4_ID": "4", "OBJ_ID": 13964, "Unnamed: 1": 0, "Unnamed: 2": null, "Unnamed: 3": null, "人口（総数）": 1400, "人口（総数）　男": 678, "人口（総数）　女": 722, "０〜１４歳人口　総数": "73", "０〜１４歳人口　男": "39", "０〜１４歳人口　女": "34", "１５歳以上人口　総数": "1325", "１５歳以上人口　男": "637", "１５歳以上人口　女": "688", "１５〜６４歳人口　総数": "1072", "１５〜６４歳人口　男": "519", "１５〜６４歳人口　女": "553", "１８歳以上人口　総数": "1297", "１８歳以上人口　男": "620", "１８歳以上人口　女": "677", "２０歳以上人口　総数": "1268", "２０歳以上人口　男": "606", "２０歳以上人口　女": "662", "６５歳以上人口　総数": "253", "６５歳以上人口　男": "118", "６５歳以上人口　女": "135", "７５歳以上人口　総数": "116", "７５歳以上人口　男": "45", "７５歳以上人口　女": "71", "８５歳以上人口　総数": "33", "８５歳以上人口　男": "13", "８５歳以上人口　女": "20", "９５歳以上人口　総数": "1", "９５歳以上人口　男": "1", "９５歳以上人口　女": "0", "外国人人口　総数": "6", "外国人人口　男": "2", "外国人人口　女": "4", "世帯総数": 594, "一般世帯数": 593, "１人世帯数　一般世帯数": "144", "２人世帯数　一般世帯数": "205", "３人世帯数　一般世帯数": "152", "４人世帯数　一般世帯数": "76", "５人世帯数　一般世帯数": "12", "６人世帯数　一般世帯数": "4", "７人以上世帯数　一般世帯数": "0", "親族のみの世帯数　一般世帯数": "445", "核家族世帯数　一般世帯数": "425", "核家族以外の世帯数　一般世帯数": "20", "６歳未満世帯員のいる世帯数　一般世帯数": "21", "６５歳以上世帯員のいる世帯数　一般世帯数": "180", "世帯主の年齢が２０〜２９歳の１人世帯数　一般世帯数": "9", "高齢単身世帯数　一般世帯数": "43", "高齢夫婦世帯数　一般世帯数": "56", "index_right": 880 }, "geometry": { "type": "Polygon", "coordinates": [ [ [ 139.3875, 35.329166666666666 ], [ 139.38125, 35.329166666666666 ], [ 139.38125, 35.333333333333329 ], [ 139.3875, 35.333333333333329 ], [ 139.3875, 35.329166666666666 ] ] ] } },
{ "type": "Feature", "properties": { "KEY_CODE": "523973911", "MESH1_ID": "5239", "MESH2_ID": "73", "MESH3_ID": "91", "MESH4_ID": "1", "OBJ_ID": 13965, "Unnamed: 1": 0, "Unnamed: 2": null, "Unnamed: 3": null, "人口（総数）": 2985, "人口（総数）　男": 1413, "人口（総数）　女": 1572, "０〜１４歳人口　総数": "414", "０〜１４歳人口　男": "213", "０〜１４歳人口　女": "201", "１５歳以上人口　総数": "2552", "１５歳以上人口　男": "1185", "１５歳以上人口　女": "1367", "１５〜６４歳人口　総数": "1560", "１５〜６４歳人口　男": "786", "１５〜６４歳人口　女": "774", "１８歳以上人口　総数": "2477", "１８歳以上人口　男": "1143", "１８歳以上人口　女": "1334", "２０歳以上人口　総数": "2432", "２０歳以上人口　男": "1119", "２０歳以上人口　女": "1313", "６５歳以上人口　総数": "992", "６５歳以上人口　男": "399", "６５歳以上人口　女": "593", "７５歳以上人口　総数": "565", "７５歳以上人口　男": "203", "７５歳以上人口　女": "362", "８５歳以上人口　総数": "203", "８５歳以上人口　男": "53", "８５歳以上人口　女": "150", "９５歳以上人口　総数": "18", "９５歳以上人口　男": "3", "９５歳以上人口　女": "15", "外国人人口　総数": "34", "外国人人口　男": "16", "外国人人口　女": "18", "世帯総数": 1264, "一般世帯数": 1262, "１人世帯数　一般世帯数": "426", "２人世帯数　一般世帯数": "392", "３人世帯数　一般世帯数": "243", "４人世帯数　一般世帯数": "151", "５人世帯数　一般世帯数": "43", "６人世帯数　一般世帯数": "7", "７人以上世帯数　一般世帯数": "0", "親族のみの世帯数　一般世帯数": "828", "核家族世帯数　一般世帯数": "775", "核家族以外の世帯数　一般世帯数": "53", "６歳未満世帯員のいる世帯数　一般世帯数": "137", "６５歳以上世帯員のいる世帯数　一般世帯数": "565", "世帯主の年齢が２０〜２９歳の１人世帯数　一般世帯数": "31", "高齢単身世帯数　一般世帯数": "211", "高齢夫婦世帯数　一般世帯数": "185", "index_right": 880 }, "geometry": { "type": "Polygon", "coordinates": [ [ [ 139.39375, 35.325 ], [ 139.3875, 35.325 ], [ 139.3875, 35.329166666666666 ], [ 139.39375, 35.329166666666666 ], [ 139.39375, 35.325 ] ] ] } },
{ "type": "Feature", "properties": { "KEY_CODE": "523973912", "MESH1_ID": "5239", "MESH2_ID": "73", "MESH3_ID": "91", "MESH4_ID": "2", "OBJ_ID": 13966, "Unnamed: 1": 0, "Unnamed: 2": null, "Unnamed: 3": null, "人口（総数）": 3090, "人口（総数）　男": 1543, "人口（総数）　女": 1547, "０〜１４歳人口　総数": "342", "０〜１４歳人口　男": "175", "０〜１４歳人口　女": "167", "１５歳以上人口　総数": "2722", "１５歳以上人口　男": "1351", "１５歳以上人口　女": "1371", "１５〜６４歳人口　総数": "1910", "１５〜６４歳人口　男": "982", "１５〜６４歳人口　女": "928", "１８歳以上人口　総数": "2626", "１８歳以上人口　男": "1300", "１８歳以上人口　女": "1326", "２０歳以上人口　総数": "2576", "２０歳以上人口　男": "1273", "２０歳以上人口　女": "1303", "６５歳以上人口　総数": "812", "６５歳以上人口　男": "369", "６５歳以上人口　女": "443", "７５歳以上人口　総数": "392", "７５歳以上人口　男": "170", "７５歳以上人口　女": "222", "８５歳以上人口　総数": "119", "８５歳以上人口　男": "41", "８５歳以上人口　女": "78", "９５歳以上人口　総数": "9", "９５歳以上人口　男": "2", "９５歳以上人口　女": "7", "外国人人口　総数": "9", "外国人人口　男": "7", "外国人人口　女": "2", "世帯総数": 1385, "一般世帯数": 1385, "１人世帯数　一般世帯数": "494", "２人世帯数　一般世帯数": "382", "３人世帯数　一般世帯数": "275", "４人世帯数　一般世帯数": "177", "５人世帯数　一般世帯数": "47", "６人世帯数　一般世帯数": "7", "７人以上世帯数　一般世帯数": "3", "親族のみの世帯数　一般世帯数": "873", "核家族世帯数　一般世帯数": "793", "核家族以外の世帯数　一般世帯数": "80", "６歳未満世帯員のいる世帯数　一般世帯数": "113", "６５歳以上世帯員のいる世帯数　一般世帯数": "562", "世帯主の年齢が２０〜２９歳の１人世帯数　一般世帯数": "87", "高齢単身世帯数　一般世帯数": "173", "高齢夫婦世帯数　一般世帯数": "146", "index_right": 880 }, "geometry": { "type": "Polygon", "coordinates": [ [ [ 139.4, 35.325 ], [ 139.39375, 35.325 ], [ 139.39375, 35.329166666666666 ], [ 139.4, 35.329166666666666 ], [ 139.4, 35.325 ] ] ] } },
{ "type": "Feature", "properties": { "KEY_CODE": "523973913", "MESH1_ID": "5239", "MESH2_ID": "73", "MESH3_ID": "91", "MESH4_ID": "3", "OBJ_ID": 13967, "Unnamed: 1": 0, "Unnamed: 2": null, "Unnamed: 3": null, "人口（総数）": 2657, "人口（総数）　男": 1326, "人口（総数）　女": 1331, "０〜１４歳人口　総数": "387", "０〜１４歳人口　男": "202", "０〜１４歳人口　女": "185", "１５歳以上人口　総数": "2253", "１５歳以上人口　男": "1114", "１５歳以上人口　女": "1139", "１５〜６４歳人口　総数": "1566", "１５〜６４歳人口　男": "806", "１５〜６４歳人口　女": "760", "１８歳以上人口　総数": "2182", "１８歳以上人口　男": "1074", "１８歳以上人口　女": "1108", "２０歳以上人口　総数": "2137", "２０歳以上人口　男": "1044", "２０歳以上人口　女": "1093", "６５歳以上人口　総数": "687", "６５歳以上人口　男": "308", "６５歳以上人口　女": "379", "７５歳以上人口　総数": "345", "７５歳以上人口　男": "137", "７５歳以上人口　女": "208", "８５歳以上人口　総数": "97", "８５歳以上人口　男": "34", "８５歳以上人口　女": "63", "９５歳以上人口　総数": "7", "９５歳以上人口　男": "0", "９５歳以上人口　女": "7", "外国人人口　総数": "15", "外国人人口　男": "9", "外国人人口　女": "6", "世帯総数": 1104, "一般世帯数": 1103, "１人世帯数　一般世帯数": "316", "２人世帯数　一般世帯数": "342", "３人世帯数　一般世帯数": "233", "４人世帯数　一般世帯数": "159", "５人世帯数　一般世帯数": "44", "６人世帯数　一般世帯数": "8", "７人以上世帯数　一般世帯数": "1", "親族のみの世帯数　一般世帯数": "771", "核家族世帯数　一般世帯数": "734", "核家族以外の世帯数　一般世帯数": "37", "６歳未満世帯員のいる世帯数　一般世帯数": "132", "６５歳以上世帯員のいる世帯数　一般世帯数": "433", "世帯主の年齢が２０〜２９歳の１人世帯数　一般世帯数": "37", "高齢単身世帯数　一般世帯数": "115", "高齢夫婦世帯数　一般世帯数": "144", "index_right": 880 }, "geometry": { "type": "Polygon", "coordinates": [ [ [ 139.39375, 35.329166666666666 ], [ 139.3875, 35.329166666666666 ], [ 139.3875, 35.333333333333329 ], [ 139.39375, 35.333333333333329 ], [ 139.39375, 35.329166666666666 ] ] ] } },
{ "type": "Feature", "properties": { "KEY_CODE": "523973914", "MESH1_ID": "5239", "MESH2_ID": "73", "MESH3_ID": "91", "MESH4_ID": "4", "OBJ_ID": 13968, "Unnamed: 1": 0, "Unnamed: 2": null, "Unnamed: 3": null, "人口（総数）": 2868, "人口（総数）　男": 1375, "人口（総数）　女": 1493, "０〜１４歳人口　総数": "335", "０〜１４歳人口　男": "163", "０〜１４歳人口　女": "172", "１５歳以上人口　総数": "2499", "１５歳以上人口　男": "1193", "１５歳以上人口　女": "1306", "１５〜６４歳人口　総数": "1696", "１５〜６４歳人口　男": "836", "１５〜６４歳人口　女": "860", "１８歳以上人口　総数": "2418", "１８歳以上人口　男": "1153", "１８歳以上人口　女": "1265", "２０歳以上人口　総数": "2370", "２０歳以上人口　男": "1134", "２０歳以上人口　女": "1236", "６５歳以上人口　総数": "803", "６５歳以上人口　男": "357", "６５歳以上人口　女": "446", "７５歳以上人口　総数": "442", "７５歳以上人口　男": "186", "７５歳以上人口　女": "256", "８５歳以上人口　総数": "102", "８５歳以上人口　男": "40", "８５歳以上人口　女": "62", "９５歳以上人口　総数": "4", "９５歳以上人口　男": "1", "９５歳以上人口　女": "3", "外国人人口　総数": "37", "外国人人口　男": "18", "外国人人口　女": "19", "世帯総数": 1336, "一般世帯数": 1336, "１人世帯数　一般世帯数": "485", "２人世帯数　一般世帯数": "428", "３人世帯数　一般世帯数": "220", "４人世帯数　一般世帯数": "154", "５人世帯数　一般世帯数": "44", "６人世帯数　一般世帯数": "4", "７人以上世帯数　一般世帯数": "1", "親族のみの世帯数　一般世帯数": "839", "核家族世帯数　一般世帯数": "798", "核家族以外の世帯数　一般世帯数": "41", "６歳未満世帯員のいる世帯数　一般世帯数": "97", "６５歳以上世帯員のいる世帯数　一般世帯数": "542", "世帯主の年齢が２０〜２９歳の１人世帯数　一般世帯数": "83", "高齢単身世帯数　一般世帯数": "152", "高齢夫婦世帯数　一般世帯数": "195", "index_right": 880 }, "geometry": { "type": "Polygon", "coordinates": [ [ [ 139.4, 35.329166666666666 ], [ 139.39375, 35.329166666666666 ], [ 139.39375, 35.333333333333329 ], [ 139.4, 35.333333333333329 ], [ 139.4, 35.329166666666666 ] ] ] } },
{ "type": "Feature", "properties": { "KEY_CODE": "523973921", "MESH1_ID": "5239", "MESH2_ID": "73", "MESH3_ID": "92", "MESH4_ID": "1", "OBJ_ID": 13969, "Unnamed: 1": 0, "Unnamed: 2": null, "Unnamed: 3": null, "人口（総数）": 3284, "人口（総数）　男": 1560, "人口（総数）　女": 1724, "０〜１４歳人口　総数": "342", "０〜１４歳人口　男": "165", "０〜１４歳人口　女": "177", "１５歳以上人口　総数": "2915", "１５歳以上人口　男": "1377", "１５歳以上人口　女": "1538", "１５〜６４歳人口　総数": "2087", "１５〜６４歳人口　男": "1008", "１５〜６４歳人口　女": "1079", "１８歳以上人口　総数": "2852", "１８歳以上人口　男": "1350", "１８歳以上人口　女": "1502", "２０歳以上人口　総数": "2790", "２０歳以上人口　男": "1315", "２０歳以上人口　女": "1475", "６５歳以上人口　総数": "828", "６５歳以上人口　男": "369", "６５歳以上人口　女": "459", "７５歳以上人口　総数": "423", "７５歳以上人口　男": "172", "７５歳以上人口　女": "251", "８５歳以上人口　総数": "121", "８５歳以上人口　男": "35", "８５歳以上人口　女": "86", "９５歳以上人口　総数": "16", "９５歳以上人口　男": "2", "９５歳以上人口　女": "14", "外国人人口　総数": "33", "外国人人口　男": "18", "外国人人口　女": "15", "世帯総数": 1643, "一般世帯数": 1643, "１人世帯数　一般世帯数": "703", "２人世帯数　一般世帯数": "483", "３人世帯数　一般世帯数": "261", "４人世帯数　一般世帯数": "158", "５人世帯数　一般世帯数": "30", "６人世帯数　一般世帯数": "6", "７人以上世帯数　一般世帯数": "2", "親族のみの世帯数　一般世帯数": "927", "核家族世帯数　一般世帯数": "874", "核家族以外の世帯数　一般世帯数": "53", "６歳未満世帯員のいる世帯数　一般世帯数": "118", "６５歳以上世帯員のいる世帯数　一般世帯数": "579", "世帯主の年齢が２０〜２９歳の１人世帯数　一般世帯数": "98", "高齢単身世帯数　一般世帯数": "205", "高齢夫婦世帯数　一般世帯数": "168", "index_right": 880 }, "geometry": { "type": "Polygon", "coordinates": [ [ [ 139.40625, 35.325 ], [ 139.4, 35.325 ], [ 139.4, 35.329166666666666 ], [ 139.40625, 35.329166666666666 ], [ 139.40625, 35.325 ] ] ] } },
{ "type": "Feature", "properties": { "KEY_CODE": "523973922", "MESH1_ID": "5239", "MESH2_ID": "73", "MESH3_ID": "92", "MESH4_ID": "2", "OBJ_ID": 13970, "Unnamed: 1": 0, "Unnamed: 2": null, "Unnamed: 3": null, "人口（総数）": 3342, "人口（総数）　男": 1556, "人口（総数）　女": 1786, "０〜１４歳人口　総数": "365", "０〜１４歳人口　男": "184", "０〜１４歳人口　女": "181", "１５歳以上人口　総数": "2947", "１５歳以上人口　男": "1354", "１５歳以上人口　女": "1593", "１５〜６４歳人口　総数": "2124", "１５〜６４歳人口　男": "1010", "１５〜６４歳人口　女": "1114", "１８歳以上人口　総数": "2875", "１８歳以上人口　男": "1324", "１８歳以上人口　女": "1551", "２０歳以上人口　総数": "2806", "２０歳以上人口　男": "1298", "２０歳以上人口　女": "1508", "６５歳以上人口　総数": "823", "６５歳以上人口　男": "344", "６５歳以上人口　女": "479", "７５歳以上人口　総数": "422", "７５歳以上人口　男": "150", "７５歳以上人口　女": "272", "８５歳以上人口　総数": "153", "８５歳以上人口　男": "45", "８５歳以上人口　女": "108", "９５歳以上人口　総数": "11", "９５歳以上人口　男": "2", "９５歳以上人口　女": "9", "外国人人口　総数": "16", "外国人人口　男": "8", "外国人人口　女": "8", "世帯総数": 1627, "一般世帯数": 1627, "１人世帯数　一般世帯数": "656", "２人世帯数　一般世帯数": "485", "３人世帯数　一般世帯数": "280", "４人世帯数　一般世帯数": "161", "５人世帯数　一般世帯数": "40", "６人世帯数　一般世帯数": "4", "７人以上世帯数　一般世帯数": "1", "親族のみの世帯数　一般世帯数": "955", "核家族世帯数　一般世帯数": "909", "核家族以外の世帯数　一般世帯数": "46", "６歳未満世帯員のいる世帯数　一般世帯数": "111", "６５歳以上世帯員のいる世帯数　一般世帯数": "579", "世帯主の年齢が２０〜２９歳の１人世帯数　一般世帯数": "94", "高齢単身世帯数　一般世帯数": "214", "高齢夫婦世帯数　一般世帯数": "174", "index_right": 880 }, "geometry": { "type": "Polygon", "coordinates": [ [ [ 139.4125, 35.325 ], [ 139.40625, 35.325 ], [ 139.40625, 35.329166666666666 ], [ 139.4125, 35.329166666666666 ], [ 139.4125, 35.325 ] ] ] } },
{ "type": "Feature", "properties": { "KEY_CODE": "523973923", "MESH1_ID": "5239", "MESH2_ID": "73", "MESH3_ID": "92", "MESH4_ID": "3", "OBJ_ID": 13971, "Unnamed: 1": 0, "Unnamed: 2": null, "Unnamed: 3": null, "人口（総数）": 2848, "人口（総数）　男": 1353, "人口（総数）　女": 1495, "０〜１４歳人口　総数": "334", "０〜１４歳人口　男": "166", "０〜１４歳人口　女": "168", "１５歳以上人口　総数": "2476", "１５歳以上人口　男": "1167", "１５歳以上人口　女": "1309", "１５〜６４歳人口　総数": "1840", "１５〜６４歳人口　男": "897", "１５〜６４歳人口　女": "943", "１８歳以上人口　総数": "2424", "１８歳以上人口　男": "1138", "１８歳以上人口　女": "1286", "２０歳以上人口　総数": "2371", "２０歳以上人口　男": "1109", "２０歳以上人口　女": "1262", "６５歳以上人口　総数": "636", "６５歳以上人口　男": "270", "６５歳以上人口　女": "366", "７５歳以上人口　総数": "326", "７５歳以上人口　男": "128", "７５歳以上人口　女": "198", "８５歳以上人口　総数": "96", "８５歳以上人口　男": "32", "８５歳以上人口　女": "64", "９５歳以上人口　総数": "9", "９５歳以上人口　男": "1", "９５歳以上人口　女": "8", "外国人人口　総数": "30", "外国人人口　男": "12", "外国人人口　女": "18", "世帯総数": 1428, "一般世帯数": 1428, "１人世帯数　一般世帯数": "636", "２人世帯数　一般世帯数": "396", "３人世帯数　一般世帯数": "212", "４人世帯数　一般世帯数": "146", "５人世帯数　一般世帯数": "33", "６人世帯数　一般世帯数": "2", "７人以上世帯数　一般世帯数": "3", "親族のみの世帯数　一般世帯数": "780", "核家族世帯数　一般世帯数": "737", "核家族以外の世帯数　一般世帯数": "43", "６歳未満世帯員のいる世帯数　一般世帯数": "119", "６５歳以上世帯員のいる世帯数　一般世帯数": "458", "世帯主の年齢が２０〜２９歳の１人世帯数　一般世帯数": "105", "高齢単身世帯数　一般世帯数": "175", "高齢夫婦世帯数　一般世帯数": "116", "index_right": 880 }, "geometry": { "type": "Polygon", "coordinates": [ [ [ 139.40625, 35.329166666666666 ], [ 139.4, 35.329166666666666 ], [ 139.4, 35.333333333333329 ], [ 139.40625, 35.333333333333329 ], [ 139.40625, 35.329166666666666 ] ] ] } },
{ "type": "Feature", "properties": { "KEY_CODE": "523973924", "MESH1_ID": "5239", "MESH2_ID": "73", "MESH3_ID": "92", "MESH4_ID": "4", "OBJ_ID": 13972, "Unnamed: 1": 0, "Unnamed: 2": null, "Unnamed: 3": null, "人口（総数）": 3258, "人口（総数）　男": 1463, "人口（総数）　女": 1795, "０〜１４歳人口　総数": "292", "０〜１４歳人口　男": "140", "０〜１４歳人口　女": "152", "１５歳以上人口　総数": "2879", "１５歳以上人口　男": "1275", "１５歳以上人口　女": "1604", "１５〜６４歳人口　総数": "2121", "１５〜６４歳人口　男": "970", "１５〜６４歳人口　女": "1151", "１８歳以上人口　総数": "2828", "１８歳以上人口　男": "1256", "１８歳以上人口　女": "1572", "２０歳以上人口　総数": "2782", "２０歳以上人口　男": "1243", "２０歳以上人口　女": "1539", "６５歳以上人口　総数": "758", "６５歳以上人口　男": "305", "６５歳以上人口　女": "453", "７５歳以上人口　総数": "415", "７５歳以上人口　男": "143", "７５歳以上人口　女": "272", "８５歳以上人口　総数": "144", "８５歳以上人口　男": "36", "８５歳以上人口　女": "108", "９５歳以上人口　総数": "13", "９５歳以上人口　男": "3", "９５歳以上人口　女": "10", "外国人人口　総数": "24", "外国人人口　男": "12", "外国人人口　女": "12", "世帯総数": 1743, "一般世帯数": 1741, "１人世帯数　一般世帯数": "833", "２人世帯数　一般世帯数": "515", "３人世帯数　一般世帯数": "244", "４人世帯数　一般世帯数": "131", "５人世帯数　一般世帯数": "13", "６人世帯数　一般世帯数": "4", "７人以上世帯数　一般世帯数": "1", "親族のみの世帯数　一般世帯数": "887", "核家族世帯数　一般世帯数": "844", "核家族以外の世帯数　一般世帯数": "43", "６歳未満世帯員のいる世帯数　一般世帯数": "126", "６５歳以上世帯員のいる世帯数　一般世帯数": "504", "世帯主の年齢が２０〜２９歳の１人世帯数　一般世帯数": "162", "高齢単身世帯数　一般世帯数": "161", "高齢夫婦世帯数　一般世帯数": "165", "index_right": 880 }, "geometry": { "type": "Polygon", "coordinates": [ [ [ 139.4125, 35.329166666666666 ], [ 139.40625, 35.329166666666666 ], [ 139.40625, 35.333333333333329 ], [ 139.4125, 35.333333333333329 ], [ 139.4125, 35.329166666666666 ] ] ] } },
{ "type": "Feature", "properties": { "KEY_CODE": "523973931", "MESH1_ID": "5239", "MESH2_ID": "73", "MESH3_ID": "93", "MESH4_ID": "1", "OBJ_ID": 13973, "Unnamed: 1": 0, "Unnamed: 2": null, "Unnamed: 3": null, "人口（総数）": 3356, "人口（総数）　男": 1643, "人口（総数）　女": 1713, "０〜１４歳人口　総数": "413", "０〜１４歳人口　男": "222", "０〜１４歳人口　女": "191", "１５歳以上人口　総数": "2919", "１５歳以上人口　男": "1404", "１５歳以上人口　女": "1515", "１５〜６４歳人口　総数": "2023", "１５〜６４歳人口　男": "1008", "１５〜６４歳人口　女": "1015", "１８歳以上人口　総数": "2826", "１８歳以上人口　男": "1357", "１８歳以上人口　女": "1469", "２０歳以上人口　総数": "2766", "２０歳以上人口　男": "1326", "２０歳以上人口　女": "1440", "６５歳以上人口　総数": "896", "６５歳以上人口　男": "396", "６５歳以上人口　女": "500", "７５歳以上人口　総数": "495", "７５歳以上人口　男": "214", "７５歳以上人口　女": "281", "８５歳以上人口　総数": "178", "８５歳以上人口　男": "69", "８５歳以上人口　女": "109", "９５歳以上人口　総数": "6", "９５歳以上人口　男": "1", "９５歳以上人口　女": "5", "外国人人口　総数": "18", "外国人人口　男": "10", "外国人人口　女": "8", "世帯総数": 1489, "一般世帯数": 1489, "１人世帯数　一般世帯数": "488", "２人世帯数　一般世帯数": "454", "３人世帯数　一般世帯数": "288", "４人世帯数　一般世帯数": "209", "５人世帯数　一般世帯数": "40", "６人世帯数　一般世帯数": "10", "７人以上世帯数　一般世帯数": "0", "親族のみの世帯数　一般世帯数": "991", "核家族世帯数　一般世帯数": "941", "核家族以外の世帯数　一般世帯数": "50", "６歳未満世帯員のいる世帯数　一般世帯数": "114", "６５歳以上世帯員のいる世帯数　一般世帯数": "624", "世帯主の年齢が２０〜２９歳の１人世帯数　一般世帯数": "52", "高齢単身世帯数　一般世帯数": "206", "高齢夫婦世帯数　一般世帯数": "195", "index_right": 880 }, "geometry": { "type": "Polygon", "coordinates": [ [ [ 139.41875, 35.325 ], [ 139.4125, 35.325 ], [ 139.4125, 35.329166666666666 ], [ 139.41875, 35.329166666666666 ], [ 139.41875, 35.325 ] ] ] } },
{ "type": "Feature", "properties": { "KEY_CODE": "523973932", "MESH1_ID": "5239", "MESH2_ID": "73", "MESH3_ID": "93", "MESH4_ID": "2", "OBJ_ID": 13974, "Unnamed: 1": 0, "Unnamed: 2": null, "Unnamed: 3": null, "人口（総数）": 3044, "人口（総数）　男": 1451, "人口（総数）　女": 1593, "０〜１４歳人口　総数": "346", "０〜１４歳人口　男": "186", "０〜１４歳人口　女": "160", "１５歳以上人口　総数": "2685", "１５歳以上人口　男": "1256", "１５歳以上人口　女": "1429", "１５〜６４歳人口　総数": "1787", "１５〜６４歳人口　男": "864", "１５〜６４歳人口　女": "923", "１８歳以上人口　総数": "2576", "１８歳以上人口　男": "1196", "１８歳以上人口　女": "1380", "２０歳以上人口　総数": "2508", "２０歳以上人口　男": "1155", "２０歳以上人口　女": "1353", "６５歳以上人口　総数": "898", "６５歳以上人口　男": "392", "６５歳以上人口　女": "506", "７５歳以上人口　総数": "518", "７５歳以上人口　男": "220", "７５歳以上人口　女": "298", "８５歳以上人口　総数": "162", "８５歳以上人口　男": "61", "８５歳以上人口　女": "101", "９５歳以上人口　総数": "12", "９５歳以上人口　男": "3", "９５歳以上人口　女": "9", "外国人人口　総数": "21", "外国人人口　男": "13", "外国人人口　女": "8", "世帯総数": 1301, "一般世帯数": 1301, "１人世帯数　一般世帯数": "374", "２人世帯数　一般世帯数": "435", "３人世帯数　一般世帯数": "230", "４人世帯数　一般世帯数": "213", "５人世帯数　一般世帯数": "38", "６人世帯数　一般世帯数": "9", "７人以上世帯数　一般世帯数": "2", "親族のみの世帯数　一般世帯数": "922", "核家族世帯数　一般世帯数": "874", "核家族以外の世帯数　一般世帯数": "48", "６歳未満世帯員のいる世帯数　一般世帯数": "99", "６５歳以上世帯員のいる世帯数　一般世帯数": "592", "世帯主の年齢が２０〜２９歳の１人世帯数　一般世帯数": "30", "高齢単身世帯数　一般世帯数": "178", "高齢夫婦世帯数　一般世帯数": "208", "index_right": 880 }, "geometry": { "type": "Polygon", "coordinates": [ [ [ 139.425, 35.325 ], [ 139.41875, 35.325 ], [ 139.41875, 35.329166666666666 ], [ 139.425, 35.329166666666666 ], [ 139.425, 35.325 ] ] ] } },
{ "type": "Feature", "properties": { "KEY_CODE": "523973933", "MESH1_ID": "5239", "MESH2_ID": "73", "MESH3_ID": "93", "MESH4_ID": "3", "OBJ_ID": 13975, "Unnamed: 1": 0, "Unnamed: 2": null, "Unnamed: 3": null, "人口（総数）": 3408, "人口（総数）　男": 1622, "人口（総数）　女": 1786, "０〜１４歳人口　総数": "488", "０〜１４歳人口　男": "249", "０〜１４歳人口　女": "239", "１５歳以上人口　総数": "2886", "１５歳以上人口　男": "1353", "１５歳以上人口　女": "1533", "１５〜６４歳人口　総数": "2104", "１５〜６４歳人口　男": "1011", "１５〜６４歳人口　女": "1093", "１８歳以上人口　総数": "2818", "１８歳以上人口　男": "1320", "１８歳以上人口　女": "1498", "２０歳以上人口　総数": "2769", "２０歳以上人口　男": "1299", "２０歳以上人口　女": "1470", "６５歳以上人口　総数": "782", "６５歳以上人口　男": "342", "６５歳以上人口　女": "440", "７５歳以上人口　総数": "435", "７５歳以上人口　男": "162", "７５歳以上人口　女": "273", "８５歳以上人口　総数": "189", "８５歳以上人口　男": "60", "８５歳以上人口　女": "129", "９５歳以上人口　総数": "19", "９５歳以上人口　男": "4", "９５歳以上人口　女": "15", "外国人人口　総数": "18", "外国人人口　男": "8", "外国人人口　女": "10", "世帯総数": 1461, "一般世帯数": 1458, "１人世帯数　一般世帯数": "432", "２人世帯数　一般世帯数": "484", "３人世帯数　一般世帯数": "280", "４人世帯数　一般世帯数": "203", "５人世帯数　一般世帯数": "48", "６人世帯数　一般世帯数": "11", "７人以上世帯数　一般世帯数": "0", "親族のみの世帯数　一般世帯数": "1010", "核家族世帯数　一般世帯数": "959", "核家族以外の世帯数　一般世帯数": "51", "６歳未満世帯員のいる世帯数　一般世帯数": "147", "６５歳以上世帯員のいる世帯数　一般世帯数": "508", "世帯主の年齢が２０〜２９歳の１人世帯数　一般世帯数": "51", "高齢単身世帯数　一般世帯数": "150", "高齢夫婦世帯数　一般世帯数": "170", "index_right": 880 }, "geometry": { "type": "Polygon", "coordinates": [ [ [ 139.41875, 35.329166666666666 ], [ 139.4125, 35.329166666666666 ], [ 139.4125, 35.333333333333329 ], [ 139.41875, 35.333333333333329 ], [ 139.41875, 35.329166666666666 ] ] ] } },
{ "type": "Feature", "properties": { "KEY_CODE": "523973934", "MESH1_ID": "5239", "MESH2_ID": "73", "MESH3_ID": "93", "MESH4_ID": "4", "OBJ_ID": 13976, "Unnamed: 1": 0, "Unnamed: 2": null, "Unnamed: 3": null, "人口（総数）": 3664, "人口（総数）　男": 1787, "人口（総数）　女": 1877, "０〜１４歳人口　総数": "501", "０〜１４歳人口　男": "254", "０〜１４歳人口　女": "247", "１５歳以上人口　総数": "3122", "１５歳以上人口　男": "1508", "１５歳以上人口　女": "1614", "１５〜６４歳人口　総数": "2170", "１５〜６４歳人口　男": "1070", "１５〜６４歳人口　女": "1100", "１８歳以上人口　総数": "3032", "１８歳以上人口　男": "1463", "１８歳以上人口　女": "1569", "２０歳以上人口　総数": "2972", "２０歳以上人口　男": "1427", "２０歳以上人口　女": "1545", "６５歳以上人口　総数": "952", "６５歳以上人口　男": "438", "６５歳以上人口　女": "514", "７５歳以上人口　総数": "500", "７５歳以上人口　男": "214", "７５歳以上人口　女": "286", "８５歳以上人口　総数": "171", "８５歳以上人口　男": "58", "８５歳以上人口　女": "113", "９５歳以上人口　総数": "14", "９５歳以上人口　男": "2", "９５歳以上人口　女": "12", "外国人人口　総数": "16", "外国人人口　男": "8", "外国人人口　女": "8", "世帯総数": 1604, "一般世帯数": 1575, "１人世帯数　一般世帯数": "502", "２人世帯数　一般世帯数": "482", "３人世帯数　一般世帯数": "280", "４人世帯数　一般世帯数": "240", "５人世帯数　一般世帯数": "57", "６人世帯数　一般世帯数": "14", "７人以上世帯数　一般世帯数": "0", "親族のみの世帯数　一般世帯数": "1064", "核家族世帯数　一般世帯数": "983", "核家族以外の世帯数　一般世帯数": "81", "６歳未満世帯員のいる世帯数　一般世帯数": "144", "６５歳以上世帯員のいる世帯数　一般世帯数": "636", "世帯主の年齢が２０〜２９歳の１人世帯数　一般世帯数": "43", "高齢単身世帯数　一般世帯数": "191", "高齢夫婦世帯数　一般世帯数": "213", "index_right": 880 }, "geometry": { "type": "Polygon", "coordinates": [ [ [ 139.425, 35.329166666666666 ], [ 139.41875, 35.329166666666666 ], [ 139.41875, 35.333333333333329 ], [ 139.425, 35.333333333333329 ], [ 139.425, 35.329166666666666 ] ] ] } },
{ "type": "Feature", "properties": { "KEY_CODE": "523973941", "MESH1_ID": "5239", "MESH2_ID": "73", "MESH3_ID": "94", "MESH4_ID": "1", "OBJ_ID": 13977, "Unnamed: 1": 0, "Unnamed: 2": null, "Unnamed: 3": null, "人口（総数）": 3243, "人口（総数）　男": 1522, "人口（総数）　女": 1721, "０〜１４歳人口　総数": "421", "０〜１４歳人口　男": "219", "０〜１４歳人口　女": "202", "１５歳以上人口　総数": "2784", "１５歳以上人口　男": "1284", "１５歳以上人口　女": "1500", "１５〜６４歳人口　総数": "1932", "１５〜６４歳人口　男": "927", "１５〜６４歳人口　女": "1005", "１８歳以上人口　総数": "2685", "１８歳以上人口　男": "1243", "１８歳以上人口　女": "1442", "２０歳以上人口　総数": "2610", "２０歳以上人口　男": "1212", "２０歳以上人口　女": "1398", "６５歳以上人口　総数": "852", "６５歳以上人口　男": "357", "６５歳以上人口　女": "495", "７５歳以上人口　総数": "484", "７５歳以上人口　男": "200", "７５歳以上人口　女": "284", "８５歳以上人口　総数": "151", "８５歳以上人口　男": "59", "８５歳以上人口　女": "92", "９５歳以上人口　総数": "5", "９５歳以上人口　男": "1", "９５歳以上人口　女": "4", "外国人人口　総数": "22", "外国人人口　男": "12", "外国人人口　女": "10", "世帯総数": 1326, "一般世帯数": 1323, "１人世帯数　一般世帯数": "324", "２人世帯数　一般世帯数": "432", "３人世帯数　一般世帯数": "296", "４人世帯数　一般世帯数": "220", "５人世帯数　一般世帯数": "44", "６人世帯数　一般世帯数": "5", "７人以上世帯数　一般世帯数": "2", "親族のみの世帯数　一般世帯数": "991", "核家族世帯数　一般世帯数": "942", "核家族以外の世帯数　一般世帯数": "49", "６歳未満世帯員のいる世帯数　一般世帯数": "110", "６５歳以上世帯員のいる世帯数　一般世帯数": "576", "世帯主の年齢が２０〜２９歳の１人世帯数　一般世帯数": "12", "高齢単身世帯数　一般世帯数": "170", "高齢夫婦世帯数　一般世帯数": "185", "index_right": 880 }, "geometry": { "type": "Polygon", "coordinates": [ [ [ 139.43125, 35.325 ], [ 139.425, 35.325 ], [ 139.425, 35.329166666666666 ], [ 139.43125, 35.329166666666666 ], [ 139.43125, 35.325 ] ] ] } },
{ "type": "Feature", "properties": { "KEY_CODE": "523973942", "MESH1_ID": "5239", "MESH2_ID": "73", "MESH3_ID": "94", "MESH4_ID": "2", "OBJ_ID": 13978, "Unnamed: 1": 0, "Unnamed: 2": null, "Unnamed: 3": null, "人口（総数）": 3008, "人口（総数）　男": 1416, "人口（総数）　女": 1592, "０〜１４歳人口　総数": "388", "０〜１４歳人口　男": "205", "０〜１４歳人口　女": "183", "１５歳以上人口　総数": "2593", "１５歳以上人口　男": "1194", "１５歳以上人口　女": "1399", "１５〜６４歳人口　総数": "1883", "１５〜６４歳人口　男": "892", "１５〜６４歳人口　女": "991", "１８歳以上人口　総数": "2460", "１８歳以上人口　男": "1129", "１８歳以上人口　女": "1331", "２０歳以上人口　総数": "2386", "２０歳以上人口　男": "1088", "２０歳以上人口　女": "1298", "６５歳以上人口　総数": "710", "６５歳以上人口　男": "302", "６５歳以上人口　女": "408", "７５歳以上人口　総数": "389", "７５歳以上人口　男": "155", "７５歳以上人口　女": "234", "８５歳以上人口　総数": "130", "８５歳以上人口　男": "45", "８５歳以上人口　女": "85", "９５歳以上人口　総数": "7", "９５歳以上人口　男": "1", "９５歳以上人口　女": "6", "外国人人口　総数": "10", "外国人人口　男": "6", "外国人人口　女": "4", "世帯総数": 1227, "一般世帯数": 1224, "１人世帯数　一般世帯数": "330", "２人世帯数　一般世帯数": "380", "３人世帯数　一般世帯数": "262", "４人世帯数　一般世帯数": "188", "５人世帯数　一般世帯数": "55", "６人世帯数　一般世帯数": "9", "７人以上世帯数　一般世帯数": "0", "親族のみの世帯数　一般世帯数": "885", "核家族世帯数　一般世帯数": "831", "核家族以外の世帯数　一般世帯数": "54", "６歳未満世帯員のいる世帯数　一般世帯数": "86", "６５歳以上世帯員のいる世帯数　一般世帯数": "482", "世帯主の年齢が２０〜２９歳の１人世帯数　一般世帯数": "19", "高齢単身世帯数　一般世帯数": "141", "高齢夫婦世帯数　一般世帯数": "156", "index_right": 880 }, "geometry": { "type": "Polygon", "coordinates": [ [ [ 139.4375, 35.325 ], [ 139.43125, 35.325 ], [ 139.43125, 35.329166666666666 ], [ 139.4375, 35.329166666666666 ], [ 139.4375, 35.325 ] ] ] } },
{ "type": "Feature", "properties": { "KEY_CODE": "523973943", "MESH1_ID": "5239", "MESH2_ID": "73", "MESH3_ID": "94", "MESH4_ID": "3", "OBJ_ID": 13979, "Unnamed: 1": 0, "Unnamed: 2": null, "Unnamed: 3": null, "人口（総数）": 3498, "人口（総数）　男": 1667, "人口（総数）　女": 1831, "０〜１４歳人口　総数": "552", "０〜１４歳人口　男": "287", "０〜１４歳人口　女": "265", "１５歳以上人口　総数": "2909", "１５歳以上人口　男": "1357", "１５歳以上人口　女": "1552", "１５〜６４歳人口　総数": "2066", "１５〜６４歳人口　男": "1000", "１５〜６４歳人口　女": "1066", "１８歳以上人口　総数": "2812", "１８歳以上人口　男": "1317", "１８歳以上人口　女": "1495", "２０歳以上人口　総数": "2740", "２０歳以上人口　男": "1285", "２０歳以上人口　女": "1455", "６５歳以上人口　総数": "843", "６５歳以上人口　男": "357", "６５歳以上人口　女": "486", "７５歳以上人口　総数": "433", "７５歳以上人口　男": "165", "７５歳以上人口　女": "268", "８５歳以上人口　総数": "133", "８５歳以上人口　男": "51", "８５歳以上人口　女": "82", "９５歳以上人口　総数": "9", "９５歳以上人口　男": "5", "９５歳以上人口　女": "4", "外国人人口　総数": "21", "外国人人口　男": "11", "外国人人口　女": "10", "世帯総数": 1414, "一般世帯数": 1413, "１人世帯数　一般世帯数": "376", "２人世帯数　一般世帯数": "410", "３人世帯数　一般世帯数": "296", "４人世帯数　一般世帯数": "255", "５人世帯数　一般世帯数": "68", "６人世帯数　一般世帯数": "6", "７人以上世帯数　一般世帯数": "2", "親族のみの世帯数　一般世帯数": "1029", "核家族世帯数　一般世帯数": "965", "核家族以外の世帯数　一般世帯数": "64", "６歳未満世帯員のいる世帯数　一般世帯数": "140", "６５歳以上世帯員のいる世帯数　一般世帯数": "569", "世帯主の年齢が２０〜２９歳の１人世帯数　一般世帯数": "47", "高齢単身世帯数　一般世帯数": "161", "高齢夫婦世帯数　一般世帯数": "186", "index_right": 880 }, "geometry": { "type": "Polygon", "coordinates": [ [ [ 139.43125, 35.329166666666666 ], [ 139.425, 35.329166666666666 ], [ 139.425, 35.333333333333329 ], [ 139.43125, 35.333333333333329 ], [ 139.43125, 35.329166666666666 ] ] ] } },
{ "type": "Feature", "properties": { "KEY_CODE": "523973944", "MESH1_ID": "5239", "MESH2_ID": "73", "MESH3_ID": "94", "MESH4_ID": "4", "OBJ_ID": 13980, "Unnamed: 1": 0, "Unnamed: 2": null, "Unnamed: 3": null, "人口（総数）": 2942, "人口（総数）　男": 1422, "人口（総数）　女": 1520, "０〜１４歳人口　総数": "396", "０〜１４歳人口　男": "200", "０〜１４歳人口　女": "196", "１５歳以上人口　総数": "2521", "１５歳以上人口　男": "1205", "１５歳以上人口　女": "1316", "１５〜６４歳人口　総数": "1808", "１５〜６４歳人口　男": "903", "１５〜６４歳人口　女": "905", "１８歳以上人口　総数": "2435", "１８歳以上人口　男": "1158", "１８歳以上人口　女": "1277", "２０歳以上人口　総数": "2372", "２０歳以上人口　男": "1126", "２０歳以上人口　女": "1246", "６５歳以上人口　総数": "713", "６５歳以上人口　男": "302", "６５歳以上人口　女": "411", "７５歳以上人口　総数": "409", "７５歳以上人口　男": "163", "７５歳以上人口　女": "246", "８５歳以上人口　総数": "137", "８５歳以上人口　男": "48", "８５歳以上人口　女": "89", "９５歳以上人口　総数": "10", "９５歳以上人口　男": "6", "９５歳以上人口　女": "4", "外国人人口　総数": "12", "外国人人口　男": "7", "外国人人口　女": "5", "世帯総数": 1216, "一般世帯数": 1216, "１人世帯数　一般世帯数": "322", "２人世帯数　一般世帯数": "385", "３人世帯数　一般世帯数": "259", "４人世帯数　一般世帯数": "194", "５人世帯数　一般世帯数": "42", "６人世帯数　一般世帯数": "11", "７人以上世帯数　一般世帯数": "3", "親族のみの世帯数　一般世帯数": "887", "核家族世帯数　一般世帯数": "832", "核家族以外の世帯数　一般世帯数": "55", "６歳未満世帯員のいる世帯数　一般世帯数": "104", "６５歳以上世帯員のいる世帯数　一般世帯数": "480", "世帯主の年齢が２０〜２９歳の１人世帯数　一般世帯数": "26", "高齢単身世帯数　一般世帯数": "130", "高齢夫婦世帯数　一般世帯数": "160", "index_right": 880 }, "geometry": { "type": "Polygon", "coordinates": [ [ [ 139.4375, 35.329166666666666 ], [ 139.43125, 35.329166666666666 ], [ 139.43125, 35.333333333333329 ], [ 139.4375, 35.333333333333329 ], [ 139.4375, 35.329166666666666 ] ] ] } },
{ "type": "Feature", "properties": { "KEY_CODE": "523973951", "MESH1_ID": "5239", "MESH2_ID": "73", "MESH3_ID": "95", "MESH4_ID": "1", "OBJ_ID": 13981, "Unnamed: 1": 0, "Unnamed: 2": null, "Unnamed: 3": null, "人口（総数）": 3121, "人口（総数）　男": 1498, "人口（総数）　女": 1623, "０〜１４歳人口　総数": "534", "０〜１４歳人口　男": "274", "０〜１４歳人口　女": "260", "１５歳以上人口　総数": "2565", "１５歳以上人口　男": "1206", "１５歳以上人口　女": "1359", "１５〜６４歳人口　総数": "1879", "１５〜６４歳人口　男": "908", "１５〜６４歳人口　女": "971", "１８歳以上人口　総数": "2472", "１８歳以上人口　男": "1158", "１８歳以上人口　女": "1314", "２０歳以上人口　総数": "2402", "２０歳以上人口　男": "1126", "２０歳以上人口　女": "1276", "６５歳以上人口　総数": "686", "６５歳以上人口　男": "298", "６５歳以上人口　女": "388", "７５歳以上人口　総数": "336", "７５歳以上人口　男": "134", "７５歳以上人口　女": "202", "８５歳以上人口　総数": "109", "８５歳以上人口　男": "34", "８５歳以上人口　女": "75", "９５歳以上人口　総数": "9", "９５歳以上人口　男": "2", "９５歳以上人口　女": "7", "外国人人口　総数": "13", "外国人人口　男": "10", "外国人人口　女": "3", "世帯総数": 1199, "一般世帯数": 1199, "１人世帯数　一般世帯数": "262", "２人世帯数　一般世帯数": "368", "３人世帯数　一般世帯数": "250", "４人世帯数　一般世帯数": "239", "５人世帯数　一般世帯数": "67", "６人世帯数　一般世帯数": "11", "７人以上世帯数　一般世帯数": "2", "親族のみの世帯数　一般世帯数": "926", "核家族世帯数　一般世帯数": "864", "核家族以外の世帯数　一般世帯数": "62", "６歳未満世帯員のいる世帯数　一般世帯数": "151", "６５歳以上世帯員のいる世帯数　一般世帯数": "450", "世帯主の年齢が２０〜２９歳の１人世帯数　一般世帯数": "21", "高齢単身世帯数　一般世帯数": "111", "高齢夫婦世帯数　一般世帯数": "170", "index_right": 880 }, "geometry": { "type": "Polygon", "coordinates": [ [ [ 139.44375, 35.325 ], [ 139.4375, 35.325 ], [ 139.4375, 35.329166666666666 ], [ 139.44375, 35.329166666666666 ], [ 139.44375, 35.325 ] ] ] } },
{ "type": "Feature", "properties": { "KEY_CODE": "523973953", "MESH1_ID": "5239", "MESH2_ID": "73", "MESH3_ID": "95", "MESH4_ID": "3", "OBJ_ID": 13983, "Unnamed: 1": 0, "Unnamed: 2": null, "Unnamed: 3": null, "人口（総数）": 3531, "人口（総数）　男": 1691, "人口（総数）　女": 1840, "０〜１４歳人口　総数": "489", "０〜１４歳人口　男": "261", "０〜１４歳人口　女": "228", "１５歳以上人口　総数": "3002", "１５歳以上人口　男": "1407", "１５歳以上人口　女": "1595", "１５〜６４歳人口　総数": "2241", "１５〜６４歳人口　男": "1097", "１５〜６４歳人口　女": "1144", "１８歳以上人口　総数": "2890", "１８歳以上人口　男": "1346", "１８歳以上人口　女": "1544", "２０歳以上人口　総数": "2807", "２０歳以上人口　男": "1312", "２０歳以上人口　女": "1495", "６５歳以上人口　総数": "761", "６５歳以上人口　男": "310", "６５歳以上人口　女": "451", "７５歳以上人口　総数": "409", "７５歳以上人口　男": "153", "７５歳以上人口　女": "256", "８５歳以上人口　総数": "135", "８５歳以上人口　男": "47", "８５歳以上人口　女": "88", "９５歳以上人口　総数": "8", "９５歳以上人口　男": "2", "９５歳以上人口　女": "6", "外国人人口　総数": "21", "外国人人口　男": "9", "外国人人口　女": "12", "世帯総数": 1493, "一般世帯数": 1493, "１人世帯数　一般世帯数": "450", "２人世帯数　一般世帯数": "432", "３人世帯数　一般世帯数": "307", "４人世帯数　一般世帯数": "237", "５人世帯数　一般世帯数": "56", "６人世帯数　一般世帯数": "9", "７人以上世帯数　一般世帯数": "2", "親族のみの世帯数　一般世帯数": "1033", "核家族世帯数　一般世帯数": "976", "核家族以外の世帯数　一般世帯数": "57", "６歳未満世帯員のいる世帯数　一般世帯数": "150", "６５歳以上世帯員のいる世帯数　一般世帯数": "522", "世帯主の年齢が２０〜２９歳の１人世帯数　一般世帯数": "44", "高齢単身世帯数　一般世帯数": "166", "高齢夫婦世帯数　一般世帯数": "167", "index_right": 880 }, "geometry": { "type": "Polygon", "coordinates": [ [ [ 139.44375, 35.329166666666666 ], [ 139.4375, 35.329166666666666 ], [ 139.4375, 35.333333333333329 ], [ 139.44375, 35.333333333333329 ], [ 139.44375, 35.329166666666666 ] ] ] } },
{ "type": "Feature", "properties": { "KEY_CODE": "533902092", "MESH1_ID": "5339", "MESH2_ID": "02", "MESH3_ID": "09", "MESH4_ID": "2", "OBJ_ID": 838, "Unnamed: 1": 0, "Unnamed: 2": null, "Unnamed: 3": null, "人口（総数）": 140, "人口（総数）　男": 75, "人口（総数）　女": 65, "０〜１４歳人口　総数": "19", "０〜１４歳人口　男": "10", "０〜１４歳人口　女": "9", "１５歳以上人口　総数": "120", "１５歳以上人口　男": "64", "１５歳以上人口　女": "56", "１５〜６４歳人口　総数": "85", "１５〜６４歳人口　男": "50", "１５〜６４歳人口　女": "35", "１８歳以上人口　総数": "116", "１８歳以上人口　男": "60", "１８歳以上人口　女": "56", "２０歳以上人口　総数": "111", "２０歳以上人口　男": "56", "２０歳以上人口　女": "55", "６５歳以上人口　総数": "35", "６５歳以上人口　男": "14", "６５歳以上人口　女": "21", "７５歳以上人口　総数": "13", "７５歳以上人口　男": "4", "７５歳以上人口　女": "9", "８５歳以上人口　総数": "5", "８５歳以上人口　男": "1", "８５歳以上人口　女": "4", "９５歳以上人口　総数": "1", "９５歳以上人口　男": "0", "９５歳以上人口　女": "1", "外国人人口　総数": "1", "外国人人口　男": "1", "外国人人口　女": "0", "世帯総数": 60, "一般世帯数": 60, "１人世帯数　一般世帯数": "22", "２人世帯数　一般世帯数": "12", "３人世帯数　一般世帯数": "12", "４人世帯数　一般世帯数": "12", "５人世帯数　一般世帯数": "2", "６人世帯数　一般世帯数": "0", "７人以上世帯数　一般世帯数": "0", "親族のみの世帯数　一般世帯数": "37", "核家族世帯数　一般世帯数": "33", "核家族以外の世帯数　一般世帯数": "4", "６歳未満世帯員のいる世帯数　一般世帯数": "5", "６５歳以上世帯員のいる世帯数　一般世帯数": "25", "世帯主の年齢が２０〜２９歳の１人世帯数　一般世帯数": "2", "高齢単身世帯数　一般世帯数": "8", "高齢夫婦世帯数　一般世帯数": "5", "index_right": 880 }, "geometry": { "type": "Polygon", "coordinates": [ [ [ 139.375, 35.333333333333329 ], [ 139.36875, 35.333333333333329 ], [ 139.36875, 35.3375 ], [ 139.375, 35.3375 ], [ 139.375, 35.333333333333329 ] ] ] } },
{ "type": "Feature", "properties": { "KEY_CODE": "533902094", "MESH1_ID": "5339", "MESH2_ID": "02", "MESH3_ID": "09", "MESH4_ID": "4", "OBJ_ID": 840, "Unnamed: 1": 0, "Unnamed: 2": null, "Unnamed: 3": null, "人口（総数）": 944, "人口（総数）　男": 498, "人口（総数）　女": 446, "０〜１４歳人口　総数": "130", "０〜１４歳人口　男": "71", "０〜１４歳人口　女": "59", "１５歳以上人口　総数": "803", "１５歳以上人口　男": "420", "１５歳以上人口　女": "383", "１５〜６４歳人口　総数": "576", "１５〜６４歳人口　男": "316", "１５〜６４歳人口　女": "260", "１８歳以上人口　総数": "785", "１８歳以上人口　男": "410", "１８歳以上人口　女": "375", "２０歳以上人口　総数": "772", "２０歳以上人口　男": "403", "２０歳以上人口　女": "369", "６５歳以上人口　総数": "227", "６５歳以上人口　男": "104", "６５歳以上人口　女": "123", "７５歳以上人口　総数": "86", "７５歳以上人口　男": "37", "７５歳以上人口　女": "49", "８５歳以上人口　総数": "21", "８５歳以上人口　男": "6", "８５歳以上人口　女": "15", "９５歳以上人口　総数": "3", "９５歳以上人口　男": "1", "９５歳以上人口　女": "2", "外国人人口　総数": "7", "外国人人口　男": "2", "外国人人口　女": "5", "世帯総数": 408, "一般世帯数": 407, "１人世帯数　一般世帯数": "136", "２人世帯数　一般世帯数": "113", "３人世帯数　一般世帯数": "87", "４人世帯数　一般世帯数": "45", "５人世帯数　一般世帯数": "20", "６人世帯数　一般世帯数": "4", "７人以上世帯数　一般世帯数": "2", "親族のみの世帯数　一般世帯数": "268", "核家族世帯数　一般世帯数": "245", "核家族以外の世帯数　一般世帯数": "23", "６歳未満世帯員のいる世帯数　一般世帯数": "42", "６５歳以上世帯員のいる世帯数　一般世帯数": "147", "世帯主の年齢が２０〜２９歳の１人世帯数　一般世帯数": "36", "高齢単身世帯数　一般世帯数": "24", "高齢夫婦世帯数　一般世帯数": "46", "index_right": 880 }, "geometry": { "type": "Polygon", "coordinates": [ [ [ 139.375, 35.3375 ], [ 139.36875, 35.3375 ], [ 139.36875, 35.341666666666661 ], [ 139.375, 35.341666666666661 ], [ 139.375, 35.3375 ] ] ] } },
{ "type": "Feature", "properties": { "KEY_CODE": "533902192", "MESH1_ID": "5339", "MESH2_ID": "02", "MESH3_ID": "19", "MESH4_ID": "2", "OBJ_ID": 878, "Unnamed: 1": 0, "Unnamed: 2": null, "Unnamed: 3": null, "人口（総数）": 1239, "人口（総数）　男": 632, "人口（総数）　女": 607, "０〜１４歳人口　総数": "167", "０〜１４歳人口　男": "82", "０〜１４歳人口　女": "85", "１５歳以上人口　総数": "1066", "１５歳以上人口　男": "546", "１５歳以上人口　女": "520", "１５〜６４歳人口　総数": "803", "１５〜６４歳人口　男": "419", "１５〜６４歳人口　女": "384", "１８歳以上人口　総数": "1001", "１８歳以上人口　男": "515", "１８歳以上人口　女": "486", "２０歳以上人口　総数": "972", "２０歳以上人口　男": "502", "２０歳以上人口　女": "470", "６５歳以上人口　総数": "263", "６５歳以上人口　男": "127", "６５歳以上人口　女": "136", "７５歳以上人口　総数": "86", "７５歳以上人口　男": "39", "７５歳以上人口　女": "47", "８５歳以上人口　総数": "14", "８５歳以上人口　男": "5", "８５歳以上人口　女": "9", "９５歳以上人口　総数": "1", "９５歳以上人口　男": "0", "９５歳以上人口　女": "1", "外国人人口　総数": "19", "外国人人口　男": "8", "外国人人口　女": "11", "世帯総数": 490, "一般世帯数": 490, "１人世帯数　一般世帯数": "125", "２人世帯数　一般世帯数": "144", "３人世帯数　一般世帯数": "100", "４人世帯数　一般世帯数": "87", "５人世帯数　一般世帯数": "26", "６人世帯数　一般世帯数": "8", "７人以上世帯数　一般世帯数": "0", "親族のみの世帯数　一般世帯数": "357", "核家族世帯数　一般世帯数": "330", "核家族以外の世帯数　一般世帯数": "27", "６歳未満世帯員のいる世帯数　一般世帯数": "29", "６５歳以上世帯員のいる世帯数　一般世帯数": "171", "世帯主の年齢が２０〜２９歳の１人世帯数　一般世帯数": "14", "高齢単身世帯数　一般世帯数": "31", "高齢夫婦世帯数　一般世帯数": "59", "index_right": 880 }, "geometry": { "type": "Polygon", "coordinates": [ [ [ 139.375, 35.341666666666661 ], [ 139.36875, 35.341666666666661 ], [ 139.36875, 35.345833333333331 ], [ 139.375, 35.345833333333331 ], [ 139.375, 35.341666666666661 ] ] ] } },
{ "type": "Feature", "properties": { "KEY_CODE": "533903001", "MESH1_ID": "5339", "MESH2_ID": "03", "MESH3_ID": "00", "MESH4_ID": "1", "OBJ_ID": 1201, "Unnamed: 1": 0, "Unnamed: 2": null, "Unnamed: 3": null, "人口（総数）": 2149, "人口（総数）　男": 1102, "人口（総数）　女": 1047, "０〜１４歳人口　総数": "247", "０〜１４歳人口　男": "131", "０〜１４歳人口　女": "116", "１５歳以上人口　総数": "1900", "１５歳以上人口　男": "969", "１５歳以上人口　女": "931", "１５〜６４歳人口　総数": "1378", "１５〜６４歳人口　男": "727", "１５〜６４歳人口　女": "651", "１８歳以上人口　総数": "1828", "１８歳以上人口　男": "929", "１８歳以上人口　女": "899", "２０歳以上人口　総数": "1782", "２０歳以上人口　男": "897", "２０歳以上人口　女": "885", "６５歳以上人口　総数": "522", "６５歳以上人口　男": "242", "６５歳以上人口　女": "280", "７５歳以上人口　総数": "235", "７５歳以上人口　男": "99", "７５歳以上人口　女": "136", "８５歳以上人口　総数": "74", "８５歳以上人口　男": "24", "８５歳以上人口　女": "50", "９５歳以上人口　総数": "10", "９５歳以上人口　男": "2", "９５歳以上人口　女": "8", "外国人人口　総数": "20", "外国人人口　男": "5", "外国人人口　女": "15", "世帯総数": 906, "一般世帯数": 905, "１人世帯数　一般世帯数": "268", "２人世帯数　一般世帯数": "295", "３人世帯数　一般世帯数": "173", "４人世帯数　一般世帯数": "130", "５人世帯数　一般世帯数": "33", "６人世帯数　一般世帯数": "4", "７人以上世帯数　一般世帯数": "2", "親族のみの世帯数　一般世帯数": "626", "核家族世帯数　一般世帯数": "593", "核家族以外の世帯数　一般世帯数": "33", "６歳未満世帯員のいる世帯数　一般世帯数": "68", "６５歳以上世帯員のいる世帯数　一般世帯数": "322", "世帯主の年齢が２０〜２９歳の１人世帯数　一般世帯数": "30", "高齢単身世帯数　一般世帯数": "73", "高齢夫婦世帯数　一般世帯数": "109", "index_right": 880 }, "geometry": { "type": "Polygon", "coordinates": [ [ [ 139.38125, 35.333333333333329 ], [ 139.375, 35.333333333333329 ], [ 139.375, 35.3375 ], [ 139.38125, 35.3375 ], [ 139.38125, 35.333333333333329 ] ] ] } },
{ "type": "Feature", "properties": { "KEY_CODE": "533903002", "MESH1_ID": "5339", "MESH2_ID": "03", "MESH3_ID": "00", "MESH4_ID": "2", "OBJ_ID": 1202, "Unnamed: 1": 0, "Unnamed: 2": null, "Unnamed: 3": null, "人口（総数）": 2690, "人口（総数）　男": 1313, "人口（総数）　女": 1377, "０〜１４歳人口　総数": "271", "０〜１４歳人口　男": "138", "０〜１４歳人口　女": "133", "１５歳以上人口　総数": "2417", "１５歳以上人口　男": "1173", "１５歳以上人口　女": "1244", "１５〜６４歳人口　総数": "1586", "１５〜６４歳人口　男": "792", "１５〜６４歳人口　女": "794", "１８歳以上人口　総数": "2338", "１８歳以上人口　男": "1129", "１８歳以上人口　女": "1209", "２０歳以上人口　総数": "2283", "２０歳以上人口　男": "1101", "２０歳以上人口　女": "1182", "６５歳以上人口　総数": "831", "６５歳以上人口　男": "381", "６５歳以上人口　女": "450", "７５歳以上人口　総数": "386", "７５歳以上人口　男": "177", "７５歳以上人口　女": "209", "８５歳以上人口　総数": "87", "８５歳以上人口　男": "39", "８５歳以上人口　女": "48", "９５歳以上人口　総数": "3", "９５歳以上人口　男": "1", "９５歳以上人口　女": "2", "外国人人口　総数": "23", "外国人人口　男": "9", "外国人人口　女": "14", "世帯総数": 1181, "一般世帯数": 1181, "１人世帯数　一般世帯数": "332", "２人世帯数　一般世帯数": "441", "３人世帯数　一般世帯数": "220", "４人世帯数　一般世帯数": "134", "５人世帯数　一般世帯数": "47", "６人世帯数　一般世帯数": "4", "７人以上世帯数　一般世帯数": "3", "親族のみの世帯数　一般世帯数": "841", "核家族世帯数　一般世帯数": "797", "核家族以外の世帯数　一般世帯数": "44", "６歳未満世帯員のいる世帯数　一般世帯数": "65", "６５歳以上世帯員のいる世帯数　一般世帯数": "556", "世帯主の年齢が２０〜２９歳の１人世帯数　一般世帯数": "37", "高齢単身世帯数　一般世帯数": "142", "高齢夫婦世帯数　一般世帯数": "214", "index_right": 880 }, "geometry": { "type": "Polygon", "coordinates": [ [ [ 139.3875, 35.333333333333329 ], [ 139.38125, 35.333333333333329 ], [ 139.38125, 35.3375 ], [ 139.3875, 35.3375 ], [ 139.3875, 35.333333333333329 ] ] ] } },
{ "type": "Feature", "properties": { "KEY_CODE": "533903003", "MESH1_ID": "5339", "MESH2_ID": "03", "MESH3_ID": "00", "MESH4_ID": "3", "OBJ_ID": 1203, "Unnamed: 1": 0, "Unnamed: 2": null, "Unnamed: 3": null, "人口（総数）": 1143, "人口（総数）　男": 568, "人口（総数）　女": 575, "０〜１４歳人口　総数": "131", "０〜１４歳人口　男": "73", "０〜１４歳人口　女": "58", "１５歳以上人口　総数": "996", "１５歳以上人口　男": "486", "１５歳以上人口　女": "510", "１５〜６４歳人口　総数": "640", "１５〜６４歳人口　男": "320", "１５〜６４歳人口　女": "320", "１８歳以上人口　総数": "965", "１８歳以上人口　男": "471", "１８歳以上人口　女": "494", "２０歳以上人口　総数": "954", "２０歳以上人口　男": "466", "２０歳以上人口　女": "488", "６５歳以上人口　総数": "356", "６５歳以上人口　男": "166", "６５歳以上人口　女": "190", "７５歳以上人口　総数": "154", "７５歳以上人口　男": "71", "７５歳以上人口　女": "83", "８５歳以上人口　総数": "33", "８５歳以上人口　男": "15", "８５歳以上人口　女": "18", "９５歳以上人口　総数": "1", "９５歳以上人口　男": "0", "９５歳以上人口　女": "1", "外国人人口　総数": "8", "外国人人口　男": "3", "外国人人口　女": "5", "世帯総数": 500, "一般世帯数": 500, "１人世帯数　一般世帯数": "152", "２人世帯数　一般世帯数": "170", "３人世帯数　一般世帯数": "92", "４人世帯数　一般世帯数": "65", "５人世帯数　一般世帯数": "15", "６人世帯数　一般世帯数": "4", "７人以上世帯数　一般世帯数": "2", "親族のみの世帯数　一般世帯数": "341", "核家族世帯数　一般世帯数": "318", "核家族以外の世帯数　一般世帯数": "23", "６歳未満世帯員のいる世帯数　一般世帯数": "36", "６５歳以上世帯員のいる世帯数　一般世帯数": "230", "世帯主の年齢が２０〜２９歳の１人世帯数　一般世帯数": "20", "高齢単身世帯数　一般世帯数": "56", "高齢夫婦世帯数　一般世帯数": "79", "index_right": 880 }, "geometry": { "type": "Polygon", "coordinates": [ [ [ 139.38125, 35.3375 ], [ 139.375, 35.3375 ], [ 139.375, 35.341666666666661 ], [ 139.38125, 35.341666666666661 ], [ 139.38125, 35.3375 ] ] ] } },
{ "type": "Feature", "properties": { "KEY_CODE": "533903004", "MESH1_ID": "5339", "MESH2_ID": "03", "MESH3_ID": "00", "MESH4_ID": "4", "OBJ_ID": 1204, "Unnamed: 1": 0, "Unnamed: 2": null, "Unnamed: 3": null, "人口（総数）": 2736, "人口（総数）　男": 1368, "人口（総数）　女": 1368, "０〜１４歳人口　総数": "401", "０〜１４歳人口　男": "218", "０〜１４歳人口　女": "183", "１５歳以上人口　総数": "2305", "１５歳以上人口　男": "1133", "１５歳以上人口　女": "1172", "１５〜６４歳人口　総数": "1544", "１５〜６４歳人口　男": "786", "１５〜６４歳人口　女": "758", "１８歳以上人口　総数": "2228", "１８歳以上人口　男": "1097", "１８歳以上人口　女": "1131", "２０歳以上人口　総数": "2186", "２０歳以上人口　男": "1075", "２０歳以上人口　女": "1111", "６５歳以上人口　総数": "761", "６５歳以上人口　男": "347", "６５歳以上人口　女": "414", "７５歳以上人口　総数": "350", "７５歳以上人口　男": "158", "７５歳以上人口　女": "192", "８５歳以上人口　総数": "76", "８５歳以上人口　男": "28", "８５歳以上人口　女": "48", "９５歳以上人口　総数": "4", "９５歳以上人口　男": "2", "９５歳以上人口　女": "2", "外国人人口　総数": "21", "外国人人口　男": "8", "外国人人口　女": "13", "世帯総数": 1098, "一般世帯数": 1098, "１人世帯数　一般世帯数": "287", "２人世帯数　一般世帯数": "334", "３人世帯数　一般世帯数": "213", "４人世帯数　一般世帯数": "196", "５人世帯数　一般世帯数": "52", "６人世帯数　一般世帯数": "14", "７人以上世帯数　一般世帯数": "2", "親族のみの世帯数　一般世帯数": "805", "核家族世帯数　一般世帯数": "742", "核家族以外の世帯数　一般世帯数": "63", "６歳未満世帯員のいる世帯数　一般世帯数": "112", "６５歳以上世帯員のいる世帯数　一般世帯数": "496", "世帯主の年齢が２０〜２９歳の１人世帯数　一般世帯数": "27", "高齢単身世帯数　一般世帯数": "111", "高齢夫婦世帯数　一般世帯数": "176", "index_right": 880 }, "geometry": { "type": "Polygon", "coordinates": [ [ [ 139.3875, 35.3375 ], [ 139.38125, 35.3375 ], [ 139.38125, 35.341666666666661 ], [ 139.3875, 35.341666666666661 ], [ 139.3875, 35.3375 ] ] ] } },
{ "type": "Feature", "properties": { "KEY_CODE": "533903011", "MESH1_ID": "5339", "MESH2_ID": "03", "MESH3_ID": "01", "MESH4_ID": "1", "OBJ_ID": 1205, "Unnamed: 1": 0, "Unnamed: 2": null, "Unnamed: 3": null, "人口（総数）": 3371, "人口（総数）　男": 1663, "人口（総数）　女": 1708, "０〜１４歳人口　総数": "433", "０〜１４歳人口　男": "207", "０〜１４歳人口　女": "226", "１５歳以上人口　総数": "2930", "１５歳以上人口　男": "1449", "１５歳以上人口　女": "1481", "１５〜６４歳人口　総数": "1916", "１５〜６４歳人口　男": "993", "１５〜６４歳人口　女": "923", "１８歳以上人口　総数": "2812", "１８歳以上人口　男": "1381", "１８歳以上人口　女": "1431", "２０歳以上人口　総数": "2740", "２０歳以上人口　男": "1345", "２０歳以上人口　女": "1395", "６５歳以上人口　総数": "1014", "６５歳以上人口　男": "456", "６５歳以上人口　女": "558", "７５歳以上人口　総数": "583", "７５歳以上人口　男": "273", "７５歳以上人口　女": "310", "８５歳以上人口　総数": "121", "８５歳以上人口　男": "49", "８５歳以上人口　女": "72", "９５歳以上人口　総数": "9", "９５歳以上人口　男": "4", "９５歳以上人口　女": "5", "外国人人口　総数": "16", "外国人人口　男": "6", "外国人人口　女": "10", "世帯総数": 1357, "一般世帯数": 1356, "１人世帯数　一般世帯数": "306", "２人世帯数　一般世帯数": "495", "３人世帯数　一般世帯数": "277", "４人世帯数　一般世帯数": "206", "５人世帯数　一般世帯数": "55", "６人世帯数　一般世帯数": "14", "７人以上世帯数　一般世帯数": "3", "親族のみの世帯数　一般世帯数": "1038", "核家族世帯数　一般世帯数": "990", "核家族以外の世帯数　一般世帯数": "48", "６歳未満世帯員のいる世帯数　一般世帯数": "107", "６５歳以上世帯員のいる世帯数　一般世帯数": "620", "世帯主の年齢が２０〜２９歳の１人世帯数　一般世帯数": "32", "高齢単身世帯数　一般世帯数": "139", "高齢夫婦世帯数　一般世帯数": "262", "index_right": 880 }, "geometry": { "type": "Polygon", "coordinates": [ [ [ 139.39375, 35.333333333333329 ], [ 139.3875, 35.333333333333329 ], [ 139.3875, 35.3375 ], [ 139.39375, 35.3375 ], [ 139.39375, 35.333333333333329 ] ] ] } },
{ "type": "Feature", "properties": { "KEY_CODE": "533903012", "MESH1_ID": "5339", "MESH2_ID": "03", "MESH3_ID": "01", "MESH4_ID": "2", "OBJ_ID": 1206, "Unnamed: 1": 0, "Unnamed: 2": null, "Unnamed: 3": null, "人口（総数）": 5311, "人口（総数）　男": 2560, "人口（総数）　女": 2751, "０〜１４歳人口　総数": "965", "０〜１４歳人口　男": "498", "０〜１４歳人口　女": "467", "１５歳以上人口　総数": "4324", "１５歳以上人口　男": "2049", "１５歳以上人口　女": "2275", "１５〜６４歳人口　総数": "3298", "１５〜６４歳人口　男": "1577", "１５〜６４歳人口　女": "1721", "１８歳以上人口　総数": "4188", "１８歳以上人口　男": "1983", "１８歳以上人口　女": "2205", "２０歳以上人口　総数": "4092", "２０歳以上人口　男": "1939", "２０歳以上人口　女": "2153", "６５歳以上人口　総数": "1026", "６５歳以上人口　男": "472", "６５歳以上人口　女": "554", "７５歳以上人口　総数": "446", "７５歳以上人口　男": "202", "７５歳以上人口　女": "244", "８５歳以上人口　総数": "119", "８５歳以上人口　男": "45", "８５歳以上人口　女": "74", "９５歳以上人口　総数": "9", "９５歳以上人口　男": "1", "９５歳以上人口　女": "8", "外国人人口　総数": "43", "外国人人口　男": "16", "外国人人口　女": "27", "世帯総数": 2073, "一般世帯数": 2073, "１人世帯数　一般世帯数": "430", "２人世帯数　一般世帯数": "673", "３人世帯数　一般世帯数": "460", "４人世帯数　一般世帯数": "406", "５人世帯数　一般世帯数": "93", "６人世帯数　一般世帯数": "11", "７人以上世帯数　一般世帯数": "0", "親族のみの世帯数　一般世帯数": "1627", "核家族世帯数　一般世帯数": "1559", "核家族以外の世帯数　一般世帯数": "68", "６歳未満世帯員のいる世帯数　一般世帯数": "244", "６５歳以上世帯員のいる世帯数　一般世帯数": "680", "世帯主の年齢が２０〜２９歳の１人世帯数　一般世帯数": "38", "高齢単身世帯数　一般世帯数": "155", "高齢夫婦世帯数　一般世帯数": "261", "index_right": 880 }, "geometry": { "type": "Polygon", "coordinates": [ [ [ 139.4, 35.333333333333329 ], [ 139.39375, 35.333333333333329 ], [ 139.39375, 35.3375 ], [ 139.4, 35.3375 ], [ 139.4, 35.333333333333329 ] ] ] } },
{ "type": "Feature", "properties": { "KEY_CODE": "533903013", "MESH1_ID": "5339", "MESH2_ID": "03", "MESH3_ID": "01", "MESH4_ID": "3", "OBJ_ID": 1207, "Unnamed: 1": 0, "Unnamed: 2": null, "Unnamed: 3": null, "人口（総数）": 2123, "人口（総数）　男": 1046, "人口（総数）　女": 1077, "０〜１４歳人口　総数": "375", "０〜１４歳人口　男": "188", "０〜１４歳人口　女": "187", "１５歳以上人口　総数": "1738", "１５歳以上人口　男": "852", "１５歳以上人口　女": "886", "１５〜６４歳人口　総数": "1265", "１５〜６４歳人口　男": "635", "１５〜６４歳人口　女": "630", "１８歳以上人口　総数": "1658", "１８歳以上人口　男": "799", "１８歳以上人口　女": "859", "２０歳以上人口　総数": "1616", "２０歳以上人口　男": "783", "２０歳以上人口　女": "833", "６５歳以上人口　総数": "473", "６５歳以上人口　男": "217", "６５歳以上人口　女": "256", "７５歳以上人口　総数": "214", "７５歳以上人口　男": "106", "７５歳以上人口　女": "108", "８５歳以上人口　総数": "43", "８５歳以上人口　男": "10", "８５歳以上人口　女": "33", "９５歳以上人口　総数": "3", "９５歳以上人口　男": "0", "９５歳以上人口　女": "3", "外国人人口　総数": "16", "外国人人口　男": "8", "外国人人口　女": "8", "世帯総数": 831, "一般世帯数": 831, "１人世帯数　一般世帯数": "203", "２人世帯数　一般世帯数": "261", "３人世帯数　一般世帯数": "145", "４人世帯数　一般世帯数": "162", "５人世帯数　一般世帯数": "48", "６人世帯数　一般世帯数": "9", "７人以上世帯数　一般世帯数": "3", "親族のみの世帯数　一般世帯数": "622", "核家族世帯数　一般世帯数": "574", "核家族以外の世帯数　一般世帯数": "48", "６歳未満世帯員のいる世帯数　一般世帯数": "83", "６５歳以上世帯員のいる世帯数　一般世帯数": "309", "世帯主の年齢が２０〜２９歳の１人世帯数　一般世帯数": "22", "高齢単身世帯数　一般世帯数": "68", "高齢夫婦世帯数　一般世帯数": "120", "index_right": 880 }, "geometry": { "type": "Polygon", "coordinates": [ [ [ 139.39375, 35.3375 ], [ 139.3875, 35.3375 ], [ 139.3875, 35.341666666666661 ], [ 139.39375, 35.341666666666661 ], [ 139.39375, 35.3375 ] ] ] } },
{ "type": "Feature", "properties": { "KEY_CODE": "533903014", "MESH1_ID": "5339", "MESH2_ID": "03", "MESH3_ID": "01", "MESH4_ID": "4", "OBJ_ID": 1208, "Unnamed: 1": 0, "Unnamed: 2": null, "Unnamed: 3": null, "人口（総数）": 2893, "人口（総数）　男": 1424, "人口（総数）　女": 1469, "０〜１４歳人口　総数": "350", "０〜１４歳人口　男": "171", "０〜１４歳人口　女": "179", "１５歳以上人口　総数": "2513", "１５歳以上人口　男": "1236", "１５歳以上人口　女": "1277", "１５〜６４歳人口　総数": "1901", "１５〜６４歳人口　男": "977", "１５〜６４歳人口　女": "924", "１８歳以上人口　総数": "2424", "１８歳以上人口　男": "1190", "１８歳以上人口　女": "1234", "２０歳以上人口　総数": "2364", "２０歳以上人口　男": "1155", "２０歳以上人口　女": "1209", "６５歳以上人口　総数": "612", "６５歳以上人口　男": "259", "６５歳以上人口　女": "353", "７５歳以上人口　総数": "323", "７５歳以上人口　男": "126", "７５歳以上人口　女": "197", "８５歳以上人口　総数": "93", "８５歳以上人口　男": "27", "８５歳以上人口　女": "66", "９５歳以上人口　総数": "4", "９５歳以上人口　男": "1", "９５歳以上人口　女": "3", "外国人人口　総数": "28", "外国人人口　男": "12", "外国人人口　女": "16", "世帯総数": 1277, "一般世帯数": 1276, "１人世帯数　一般世帯数": "445", "２人世帯数　一般世帯数": "357", "３人世帯数　一般世帯数": "242", "４人世帯数　一般世帯数": "178", "５人世帯数　一般世帯数": "46", "６人世帯数　一般世帯数": "7", "７人以上世帯数　一般世帯数": "1", "親族のみの世帯数　一般世帯数": "818", "核家族世帯数　一般世帯数": "766", "核家族以外の世帯数　一般世帯数": "52", "６歳未満世帯員のいる世帯数　一般世帯数": "116", "６５歳以上世帯員のいる世帯数　一般世帯数": "403", "世帯主の年齢が２０〜２９歳の１人世帯数　一般世帯数": "60", "高齢単身世帯数　一般世帯数": "114", "高齢夫婦世帯数　一般世帯数": "113", "index_right": 880 }, "geometry": { "type": "Polygon", "coordinates": [ [ [ 139.4, 35.3375 ], [ 139.39375, 35.3375 ], [ 139.39375, 35.341666666666661 ], [ 139.4, 35.341666666666661 ], [ 139.4, 35.3375 ] ] ] } },
{ "type": "Feature", "properties": { "KEY_CODE": "533903021", "MESH1_ID": "5339", "MESH2_ID": "03", "MESH3_ID": "02", "MESH4_ID": "1", "OBJ_ID": 1209, "Unnamed: 1": 0, "Unnamed: 2": null, "Unnamed: 3": null, "人口（総数）": 1319, "人口（総数）　男": 633, "人口（総数）　女": 686, "０〜１４歳人口　総数": "336", "０〜１４歳人口　男": "172", "０〜１４歳人口　女": "164", "１５歳以上人口　総数": "973", "１５歳以上人口　男": "454", "１５歳以上人口　女": "519", "１５〜６４歳人口　総数": "786", "１５〜６４歳人口　男": "375", "１５〜６４歳人口　女": "411", "１８歳以上人口　総数": "960", "１８歳以上人口　男": "449", "１８歳以上人口　女": "511", "２０歳以上人口　総数": "953", "２０歳以上人口　男": "447", "２０歳以上人口　女": "506", "６５歳以上人口　総数": "187", "６５歳以上人口　男": "79", "６５歳以上人口　女": "108", "７５歳以上人口　総数": "102", "７５歳以上人口　男": "36", "７５歳以上人口　女": "66", "８５歳以上人口　総数": "48", "８５歳以上人口　男": "13", "８５歳以上人口　女": "35", "９５歳以上人口　総数": "7", "９５歳以上人口　男": "2", "９５歳以上人口　女": "5", "外国人人口　総数": "16", "外国人人口　男": "6", "外国人人口　女": "10", "世帯総数": 488, "一般世帯数": 485, "１人世帯数　一般世帯数": "108", "２人世帯数　一般世帯数": "132", "３人世帯数　一般世帯数": "112", "４人世帯数　一般世帯数": "117", "５人世帯数　一般世帯数": "15", "６人世帯数　一般世帯数": "0", "７人以上世帯数　一般世帯数": "1", "親族のみの世帯数　一般世帯数": "373", "核家族世帯数　一般世帯数": "365", "核家族以外の世帯数　一般世帯数": "8", "６歳未満世帯員のいる世帯数　一般世帯数": "103", "６５歳以上世帯員のいる世帯数　一般世帯数": "89", "世帯主の年齢が２０〜２９歳の１人世帯数　一般世帯数": "5", "高齢単身世帯数　一般世帯数": "24", "高齢夫婦世帯数　一般世帯数": "37", "index_right": 880 }, "geometry": { "type": "Polygon", "coordinates": [ [ [ 139.40625, 35.333333333333329 ], [ 139.4, 35.333333333333329 ], [ 139.4, 35.3375 ], [ 139.40625, 35.3375 ], [ 139.40625, 35.333333333333329 ] ] ] } },
{ "type": "Feature", "properties": { "KEY_CODE": "533903022", "MESH1_ID": "5339", "MESH2_ID": "03", "MESH3_ID": "02", "MESH4_ID": "2", "OBJ_ID": 1210, "Unnamed: 1": 0, "Unnamed: 2": null, "Unnamed: 3": null, "人口（総数）": 2612, "人口（総数）　男": 1230, "人口（総数）　女": 1382, "０〜１４歳人口　総数": "312", "０〜１４歳人口　男": "155", "０〜１４歳人口　女": "157", "１５歳以上人口　総数": "2265", "１５歳以上人口　男": "1054", "１５歳以上人口　女": "1211", "１５〜６４歳人口　総数": "1503", "１５〜６４歳人口　男": "718", "１５〜６４歳人口　女": "785", "１８歳以上人口　総数": "2215", "１８歳以上人口　男": "1032", "１８歳以上人口　女": "1183", "２０歳以上人口　総数": "2179", "２０歳以上人口　男": "1014", "２０歳以上人口　女": "1165", "６５歳以上人口　総数": "762", "６５歳以上人口　男": "336", "６５歳以上人口　女": "426", "７５歳以上人口　総数": "407", "７５歳以上人口　男": "177", "７５歳以上人口　女": "230", "８５歳以上人口　総数": "115", "８５歳以上人口　男": "34", "８５歳以上人口　女": "81", "９５歳以上人口　総数": "9", "９５歳以上人口　男": "3", "９５歳以上人口　女": "6", "外国人人口　総数": "34", "外国人人口　男": "17", "外国人人口　女": "17", "世帯総数": 1220, "一般世帯数": 1218, "１人世帯数　一般世帯数": "462", "２人世帯数　一般世帯数": "363", "３人世帯数　一般世帯数": "221", "４人世帯数　一般世帯数": "144", "５人世帯数　一般世帯数": "21", "６人世帯数　一般世帯数": "4", "７人以上世帯数　一般世帯数": "3", "親族のみの世帯数　一般世帯数": "749", "核家族世帯数　一般世帯数": "704", "核家族以外の世帯数　一般世帯数": "45", "６歳未満世帯員のいる世帯数　一般世帯数": "113", "６５歳以上世帯員のいる世帯数　一般世帯数": "486", "世帯主の年齢が２０〜２９歳の１人世帯数　一般世帯数": "74", "高齢単身世帯数　一般世帯数": "146", "高齢夫婦世帯数　一般世帯数": "174", "index_right": 880 }, "geometry": { "type": "Polygon", "coordinates": [ [ [ 139.4125, 35.333333333333329 ], [ 139.40625, 35.333333333333329 ], [ 139.40625, 35.3375 ], [ 139.4125, 35.3375 ], [ 139.4125, 35.333333333333329 ] ] ] } },
{ "type": "Feature", "properties": { "KEY_CODE": "533903023", "MESH1_ID": "5339", "MESH2_ID": "03", "MESH3_ID": "02", "MESH4_ID": "3", "OBJ_ID": 1211, "Unnamed: 1": 0, "Unnamed: 2": null, "Unnamed: 3": null, "人口（総数）": 471, "人口（総数）　男": 235, "人口（総数）　女": 236, "０〜１４歳人口　総数": "79", "０〜１４歳人口　男": "40", "０〜１４歳人口　女": "39", "１５歳以上人口　総数": "389", "１５歳以上人口　男": "193", "１５歳以上人口　女": "196", "１５〜６４歳人口　総数": "306", "１５〜６４歳人口　男": "155", "１５〜６４歳人口　女": "151", "１８歳以上人口　総数": "380", "１８歳以上人口　男": "190", "１８歳以上人口　女": "190", "２０歳以上人口　総数": "370", "２０歳以上人口　男": "185", "２０歳以上人口　女": "185", "６５歳以上人口　総数": "83", "６５歳以上人口　男": "38", "６５歳以上人口　女": "45", "７５歳以上人口　総数": "45", "７５歳以上人口　男": "21", "７５歳以上人口　女": "24", "８５歳以上人口　総数": "10", "８５歳以上人口　男": "7", "８５歳以上人口　女": "3", "９５歳以上人口　総数": "0", "９５歳以上人口　男": "0", "９５歳以上人口　女": "0", "外国人人口　総数": "2", "外国人人口　男": "0", "外国人人口　女": "2", "世帯総数": 182, "一般世帯数": 177, "１人世帯数　一般世帯数": "39", "２人世帯数　一般世帯数": "52", "３人世帯数　一般世帯数": "43", "４人世帯数　一般世帯数": "32", "５人世帯数　一般世帯数": "9", "６人世帯数　一般世帯数": "2", "７人以上世帯数　一般世帯数": "0", "親族のみの世帯数　一般世帯数": "137", "核家族世帯数　一般世帯数": "126", "核家族以外の世帯数　一般世帯数": "11", "６歳未満世帯員のいる世帯数　一般世帯数": "30", "６５歳以上世帯員のいる世帯数　一般世帯数": "53", "世帯主の年齢が２０〜２９歳の１人世帯数　一般世帯数": "5", "高齢単身世帯数　一般世帯数": "11", "高齢夫婦世帯数　一般世帯数": "16", "index_right": 880 }, "geometry": { "type": "Polygon", "coordinates": [ [ [ 139.40625, 35.3375 ], [ 139.4, 35.3375 ], [ 139.4, 35.341666666666661 ], [ 139.40625, 35.341666666666661 ], [ 139.40625, 35.3375 ] ] ] } },
{ "type": "Feature", "properties": { "KEY_CODE": "533903024", "MESH1_ID": "5339", "MESH2_ID": "03", "MESH3_ID": "02", "MESH4_ID": "4", "OBJ_ID": 1212, "Unnamed: 1": 0, "Unnamed: 2": null, "Unnamed: 3": null, "人口（総数）": 2433, "人口（総数）　男": 1162, "人口（総数）　女": 1271, "０〜１４歳人口　総数": "218", "０〜１４歳人口　男": "110", "０〜１４歳人口　女": "108", "１５歳以上人口　総数": "2204", "１５歳以上人口　男": "1045", "１５歳以上人口　女": "1159", "１５〜６４歳人口　総数": "1492", "１５〜６４歳人口　男": "713", "１５〜６４歳人口　女": "779", "１８歳以上人口　総数": "2126", "１８歳以上人口　男": "1003", "１８歳以上人口　女": "1123", "２０歳以上人口　総数": "2089", "２０歳以上人口　男": "987", "２０歳以上人口　女": "1102", "６５歳以上人口　総数": "712", "６５歳以上人口　男": "332", "６５歳以上人口　女": "380", "７５歳以上人口　総数": "306", "７５歳以上人口　男": "136", "７５歳以上人口　女": "170", "８５歳以上人口　総数": "66", "８５歳以上人口　男": "28", "８５歳以上人口　女": "38", "９５歳以上人口　総数": "3", "９５歳以上人口　男": "1", "９５歳以上人口　女": "2", "外国人人口　総数": "27", "外国人人口　男": "8", "外国人人口　女": "19", "世帯総数": 1089, "一般世帯数": 1089, "１人世帯数　一般世帯数": "317", "２人世帯数　一般世帯数": "400", "３人世帯数　一般世帯数": "212", "４人世帯数　一般世帯数": "127", "５人世帯数　一般世帯数": "27", "６人世帯数　一般世帯数": "5", "７人以上世帯数　一般世帯数": "1", "親族のみの世帯数　一般世帯数": "759", "核家族世帯数　一般世帯数": "722", "核家族以外の世帯数　一般世帯数": "37", "６歳未満世帯員のいる世帯数　一般世帯数": "64", "６５歳以上世帯員のいる世帯数　一般世帯数": "484", "世帯主の年齢が２０〜２９歳の１人世帯数　一般世帯数": "50", "高齢単身世帯数　一般世帯数": "118", "高齢夫婦世帯数　一般世帯数": "184", "index_right": 880 }, "geometry": { "type": "Polygon", "coordinates": [ [ [ 139.4125, 35.3375 ], [ 139.40625, 35.3375 ], [ 139.40625, 35.341666666666661 ], [ 139.4125, 35.341666666666661 ], [ 139.4125, 35.3375 ] ] ] } },
{ "type": "Feature", "properties": { "KEY_CODE": "533903031", "MESH1_ID": "5339", "MESH2_ID": "03", "MESH3_ID": "03", "MESH4_ID": "1", "OBJ_ID": 1213, "Unnamed: 1": 0, "Unnamed: 2": null, "Unnamed: 3": null, "人口（総数）": 2502, "人口（総数）　男": 1195, "人口（総数）　女": 1307, "０〜１４歳人口　総数": "283", "０〜１４歳人口　男": "149", "０〜１４歳人口　女": "134", "１５歳以上人口　総数": "2201", "１５歳以上人口　男": "1035", "１５歳以上人口　女": "1166", "１５〜６４歳人口　総数": "1602", "１５〜６４歳人口　男": "765", "１５〜６４歳人口　女": "837", "１８歳以上人口　総数": "2121", "１８歳以上人口　男": "996", "１８歳以上人口　女": "1125", "２０歳以上人口　総数": "2070", "２０歳以上人口　男": "969", "２０歳以上人口　女": "1101", "６５歳以上人口　総数": "599", "６５歳以上人口　男": "270", "６５歳以上人口　女": "329", "７５歳以上人口　総数": "280", "７５歳以上人口　男": "112", "７５歳以上人口　女": "168", "８５歳以上人口　総数": "89", "８５歳以上人口　男": "34", "８５歳以上人口　女": "55", "９５歳以上人口　総数": "7", "９５歳以上人口　男": "1", "９５歳以上人口　女": "6", "外国人人口　総数": "21", "外国人人口　男": "11", "外国人人口　女": "10", "世帯総数": 1075, "一般世帯数": 1074, "１人世帯数　一般世帯数": "333", "２人世帯数　一般世帯数": "328", "３人世帯数　一般世帯数": "200", "４人世帯数　一般世帯数": "161", "５人世帯数　一般世帯数": "48", "６人世帯数　一般世帯数": "4", "７人以上世帯数　一般世帯数": "0", "親族のみの世帯数　一般世帯数": "731", "核家族世帯数　一般世帯数": "686", "核家族以外の世帯数　一般世帯数": "45", "６歳未満世帯員のいる世帯数　一般世帯数": "86", "６５歳以上世帯員のいる世帯数　一般世帯数": "410", "世帯主の年齢が２０〜２９歳の１人世帯数　一般世帯数": "31", "高齢単身世帯数　一般世帯数": "128", "高齢夫婦世帯数　一般世帯数": "118", "index_right": 880 }, "geometry": { "type": "Polygon", "coordinates": [ [ [ 139.41875, 35.333333333333329 ], [ 139.4125, 35.333333333333329 ], [ 139.4125, 35.3375 ], [ 139.41875, 35.3375 ], [ 139.41875, 35.333333333333329 ] ] ] } },
{ "type": "Feature", "properties": { "KEY_CODE": "533903032", "MESH1_ID": "5339", "MESH2_ID": "03", "MESH3_ID": "03", "MESH4_ID": "2", "OBJ_ID": 1214, "Unnamed: 1": 0, "Unnamed: 2": null, "Unnamed: 3": null, "人口（総数）": 1844, "人口（総数）　男": 897, "人口（総数）　女": 947, "０〜１４歳人口　総数": "217", "０〜１４歳人口　男": "116", "０〜１４歳人口　女": "101", "１５歳以上人口　総数": "1619", "１５歳以上人口　男": "775", "１５歳以上人口　女": "844", "１５〜６４歳人口　総数": "1126", "１５〜６４歳人口　男": "558", "１５〜６４歳人口　女": "568", "１８歳以上人口　総数": "1561", "１８歳以上人口　男": "743", "１８歳以上人口　女": "818", "２０歳以上人口　総数": "1526", "２０歳以上人口　男": "729", "２０歳以上人口　女": "797", "６５歳以上人口　総数": "493", "６５歳以上人口　男": "217", "６５歳以上人口　女": "276", "７５歳以上人口　総数": "248", "７５歳以上人口　男": "105", "７５歳以上人口　女": "143", "８５歳以上人口　総数": "88", "８５歳以上人口　男": "31", "８５歳以上人口　女": "57", "９５歳以上人口　総数": "6", "９５歳以上人口　男": "1", "９５歳以上人口　女": "5", "外国人人口　総数": "21", "外国人人口　男": "11", "外国人人口　女": "10", "世帯総数": 753, "一般世帯数": 753, "１人世帯数　一般世帯数": "182", "２人世帯数　一般世帯数": "254", "３人世帯数　一般世帯数": "157", "４人世帯数　一般世帯数": "124", "５人世帯数　一般世帯数": "29", "６人世帯数　一般世帯数": "7", "７人以上世帯数　一般世帯数": "0", "親族のみの世帯数　一般世帯数": "567", "核家族世帯数　一般世帯数": "521", "核家族以外の世帯数　一般世帯数": "46", "６歳未満世帯員のいる世帯数　一般世帯数": "63", "６５歳以上世帯員のいる世帯数　一般世帯数": "334", "世帯主の年齢が２０〜２９歳の１人世帯数　一般世帯数": "9", "高齢単身世帯数　一般世帯数": "86", "高齢夫婦世帯数　一般世帯数": "98", "index_right": 880 }, "geometry": { "type": "Polygon", "coordinates": [ [ [ 139.425, 35.333333333333329 ], [ 139.41875, 35.333333333333329 ], [ 139.41875, 35.3375 ], [ 139.425, 35.3375 ], [ 139.425, 35.333333333333329 ] ] ] } },
{ "type": "Feature", "properties": { "KEY_CODE": "533903033", "MESH1_ID": "5339", "MESH2_ID": "03", "MESH3_ID": "03", "MESH4_ID": "3", "OBJ_ID": 1215, "Unnamed: 1": 0, "Unnamed: 2": null, "Unnamed: 3": null, "人口（総数）": 2614, "人口（総数）　男": 1225, "人口（総数）　女": 1389, "０〜１４歳人口　総数": "300", "０〜１４歳人口　男": "140", "０〜１４歳人口　女": "160", "１５歳以上人口　総数": "2303", "１５歳以上人口　男": "1076", "１５歳以上人口　女": "1227", "１５〜６４歳人口　総数": "1492", "１５〜６４歳人口　男": "711", "１５〜６４歳人口　女": "781", "１８歳以上人口　総数": "2243", "１８歳以上人口　男": "1048", "１８歳以上人口　女": "1195", "２０歳以上人口　総数": "2211", "２０歳以上人口　男": "1030", "２０歳以上人口　女": "1181", "６５歳以上人口　総数": "811", "６５歳以上人口　男": "365", "６５歳以上人口　女": "446", "７５歳以上人口　総数": "414", "７５歳以上人口　男": "170", "７５歳以上人口　女": "244", "８５歳以上人口　総数": "141", "８５歳以上人口　男": "43", "８５歳以上人口　女": "98", "９５歳以上人口　総数": "15", "９５歳以上人口　男": "1", "９５歳以上人口　女": "14", "外国人人口　総数": "23", "外国人人口　男": "9", "外国人人口　女": "14", "世帯総数": 1193, "一般世帯数": 1192, "１人世帯数　一般世帯数": "402", "２人世帯数　一般世帯数": "391", "３人世帯数　一般世帯数": "219", "４人世帯数　一般世帯数": "141", "５人世帯数　一般世帯数": "30", "６人世帯数　一般世帯数": "8", "７人以上世帯数　一般世帯数": "1", "親族のみの世帯数　一般世帯数": "784", "核家族世帯数　一般世帯数": "743", "核家族以外の世帯数　一般世帯数": "41", "６歳未満世帯員のいる世帯数　一般世帯数": "79", "６５歳以上世帯員のいる世帯数　一般世帯数": "554", "世帯主の年齢が２０〜２９歳の１人世帯数　一般世帯数": "44", "高齢単身世帯数　一般世帯数": "195", "高齢夫婦世帯数　一般世帯数": "181", "index_right": 880 }, "geometry": { "type": "Polygon", "coordinates": [ [ [ 139.41875, 35.3375 ], [ 139.4125, 35.3375 ], [ 139.4125, 35.341666666666661 ], [ 139.41875, 35.341666666666661 ], [ 139.41875, 35.3375 ] ] ] } },
{ "type": "Feature", "properties": { "KEY_CODE": "533903034", "MESH1_ID": "5339", "MESH2_ID": "03", "MESH3_ID": "03", "MESH4_ID": "4", "OBJ_ID": 1216, "Unnamed: 1": 0, "Unnamed: 2": null, "Unnamed: 3": null, "人口（総数）": 2831, "人口（総数）　男": 1400, "人口（総数）　女": 1431, "０〜１４歳人口　総数": "420", "０〜１４歳人口　男": "211", "０〜１４歳人口　女": "209", "１５歳以上人口　総数": "2404", "１５歳以上人口　男": "1183", "１５歳以上人口　女": "1221", "１５〜６４歳人口　総数": "1703", "１５〜６４歳人口　男": "864", "１５〜６４歳人口　女": "839", "１８歳以上人口　総数": "2302", "１８歳以上人口　男": "1138", "１８歳以上人口　女": "1164", "２０歳以上人口　総数": "2244", "２０歳以上人口　男": "1106", "２０歳以上人口　女": "1138", "６５歳以上人口　総数": "701", "６５歳以上人口　男": "319", "６５歳以上人口　女": "382", "７５歳以上人口　総数": "321", "７５歳以上人口　男": "140", "７５歳以上人口　女": "181", "８５歳以上人口　総数": "85", "８５歳以上人口　男": "32", "８５歳以上人口　女": "53", "９５歳以上人口　総数": "10", "９５歳以上人口　男": "6", "９５歳以上人口　女": "4", "外国人人口　総数": "15", "外国人人口　男": "5", "外国人人口　女": "10", "世帯総数": 1129, "一般世帯数": 1128, "１人世帯数　一般世帯数": "290", "２人世帯数　一般世帯数": "327", "３人世帯数　一般世帯数": "255", "４人世帯数　一般世帯数": "179", "５人世帯数　一般世帯数": "65", "６人世帯数　一般世帯数": "9", "７人以上世帯数　一般世帯数": "3", "親族のみの世帯数　一般世帯数": "828", "核家族世帯数　一般世帯数": "774", "核家族以外の世帯数　一般世帯数": "54", "６歳未満世帯員のいる世帯数　一般世帯数": "115", "６５歳以上世帯員のいる世帯数　一般世帯数": "476", "世帯主の年齢が２０〜２９歳の１人世帯数　一般世帯数": "26", "高齢単身世帯数　一般世帯数": "127", "高齢夫婦世帯数　一般世帯数": "148", "index_right": 880 }, "geometry": { "type": "Polygon", "coordinates": [ [ [ 139.425, 35.3375 ], [ 139.41875, 35.3375 ], [ 139.41875, 35.341666666666661 ], [ 139.425, 35.341666666666661 ], [ 139.425, 35.3375 ] ] ] } },
{ "type": "Feature", "properties": { "KEY_CODE": "533903041", "MESH1_ID": "5339", "MESH2_ID": "03", "MESH3_ID": "04", "MESH4_ID": "1", "OBJ_ID": 1217, "Unnamed: 1": 0, "Unnamed: 2": null, "Unnamed: 3": null, "人口（総数）": 2723, "人口（総数）　男": 1313, "人口（総数）　女": 1410, "０〜１４歳人口　総数": "428", "０〜１４歳人口　男": "231", "０〜１４歳人口　女": "197", "１５歳以上人口　総数": "2268", "１５歳以上人口　男": "1064", "１５歳以上人口　女": "1204", "１５〜６４歳人口　総数": "1585", "１５〜６４歳人口　男": "765", "１５〜６４歳人口　女": "820", "１８歳以上人口　総数": "2200", "１８歳以上人口　男": "1028", "１８歳以上人口　女": "1172", "２０歳以上人口　総数": "2143", "２０歳以上人口　男": "1000", "２０歳以上人口　女": "1143", "６５歳以上人口　総数": "683", "６５歳以上人口　男": "299", "６５歳以上人口　女": "384", "７５歳以上人口　総数": "360", "７５歳以上人口　男": "157", "７５歳以上人口　女": "203", "８５歳以上人口　総数": "91", "８５歳以上人口　男": "34", "８５歳以上人口　女": "57", "９５歳以上人口　総数": "0", "９５歳以上人口　男": "0", "９５歳以上人口　女": "0", "外国人人口　総数": "17", "外国人人口　男": "10", "外国人人口　女": "7", "世帯総数": 1123, "一般世帯数": 1123, "１人世帯数　一般世帯数": "311", "２人世帯数　一般世帯数": "341", "３人世帯数　一般世帯数": "216", "４人世帯数　一般世帯数": "203", "５人世帯数　一般世帯数": "45", "６人世帯数　一般世帯数": "5", "７人以上世帯数　一般世帯数": "2", "親族のみの世帯数　一般世帯数": "799", "核家族世帯数　一般世帯数": "757", "核家族以外の世帯数　一般世帯数": "42", "６歳未満世帯員のいる世帯数　一般世帯数": "128", "６５歳以上世帯員のいる世帯数　一般世帯数": "455", "世帯主の年齢が２０〜２９歳の１人世帯数　一般世帯数": "30", "高齢単身世帯数　一般世帯数": "118", "高齢夫婦世帯数　一般世帯数": "158", "index_right": 880 }, "geometry": { "type": "Polygon", "coordinates": [ [ [ 139.43125, 35.333333333333329 ], [ 139.425, 35.333333333333329 ], [ 139.425, 35.3375 ], [ 139.43125, 35.3375 ], [ 139.43125, 35.333333333333329 ] ] ] } },
{ "type": "Feature", "properties": { "KEY_CODE": "533903042", "MESH1_ID": "5339", "MESH2_ID": "03", "MESH3_ID": "04", "MESH4_ID": "2", "OBJ_ID": 1218, "Unnamed: 1": 0, "Unnamed: 2": null, "Unnamed: 3": null, "人口（総数）": 3143, "人口（総数）　男": 1540, "人口（総数）　女": 1603, "０〜１４歳人口　総数": "371", "０〜１４歳人口　男": "173", "０〜１４歳人口　女": "198", "１５歳以上人口　総数": "2726", "１５歳以上人口　男": "1339", "１５歳以上人口　女": "1387", "１５〜６４歳人口　総数": "1973", "１５〜６４歳人口　男": "1013", "１５〜６４歳人口　女": "960", "１８歳以上人口　総数": "2643", "１８歳以上人口　男": "1299", "１８歳以上人口　女": "1344", "２０歳以上人口　総数": "2587", "２０歳以上人口　男": "1267", "２０歳以上人口　女": "1320", "６５歳以上人口　総数": "753", "６５歳以上人口　男": "326", "６５歳以上人口　女": "427", "７５歳以上人口　総数": "418", "７５歳以上人口　男": "166", "７５歳以上人口　女": "252", "８５歳以上人口　総数": "147", "８５歳以上人口　男": "39", "８５歳以上人口　女": "108", "９５歳以上人口　総数": "22", "９５歳以上人口　男": "3", "９５歳以上人口　女": "19", "外国人人口　総数": "41", "外国人人口　男": "26", "外国人人口　女": "15", "世帯総数": 1414, "一般世帯数": 1412, "１人世帯数　一般世帯数": "539", "２人世帯数　一般世帯数": "377", "３人世帯数　一般世帯数": "258", "４人世帯数　一般世帯数": "192", "５人世帯数　一般世帯数": "36", "６人世帯数　一般世帯数": "6", "７人以上世帯数　一般世帯数": "4", "親族のみの世帯数　一般世帯数": "856", "核家族世帯数　一般世帯数": "801", "核家族以外の世帯数　一般世帯数": "55", "６歳未満世帯員のいる世帯数　一般世帯数": "131", "６５歳以上世帯員のいる世帯数　一般世帯数": "470", "世帯主の年齢が２０〜２９歳の１人世帯数　一般世帯数": "100", "高齢単身世帯数　一般世帯数": "137", "高齢夫婦世帯数　一般世帯数": "136", "index_right": 880 }, "geometry": { "type": "Polygon", "coordinates": [ [ [ 139.4375, 35.333333333333329 ], [ 139.43125, 35.333333333333329 ], [ 139.43125, 35.3375 ], [ 139.4375, 35.3375 ], [ 139.4375, 35.333333333333329 ] ] ] } },
{ "type": "Feature", "properties": { "KEY_CODE": "533903043", "MESH1_ID": "5339", "MESH2_ID": "03", "MESH3_ID": "04", "MESH4_ID": "3", "OBJ_ID": 1219, "Unnamed: 1": 0, "Unnamed: 2": null, "Unnamed: 3": null, "人口（総数）": 3407, "人口（総数）　男": 1667, "人口（総数）　女": 1740, "０〜１４歳人口　総数": "497", "０〜１４歳人口　男": "252", "０〜１４歳人口　女": "245", "１５歳以上人口　総数": "2881", "１５歳以上人口　男": "1397", "１５歳以上人口　女": "1484", "１５〜６４歳人口　総数": "2115", "１５〜６４歳人口　男": "1041", "１５〜６４歳人口　女": "1074", "１８歳以上人口　総数": "2774", "１８歳以上人口　男": "1346", "１８歳以上人口　女": "1428", "２０歳以上人口　総数": "2705", "２０歳以上人口　男": "1308", "２０歳以上人口　女": "1397", "６５歳以上人口　総数": "766", "６５歳以上人口　男": "356", "６５歳以上人口　女": "410", "７５歳以上人口　総数": "390", "７５歳以上人口　男": "178", "７５歳以上人口　女": "212", "８５歳以上人口　総数": "94", "８５歳以上人口　男": "34", "８５歳以上人口　女": "60", "９５歳以上人口　総数": "3", "９５歳以上人口　男": "1", "９５歳以上人口　女": "2", "外国人人口　総数": "22", "外国人人口　男": "13", "外国人人口　女": "9", "世帯総数": 1391, "一般世帯数": 1389, "１人世帯数　一般世帯数": "380", "２人世帯数　一般世帯数": "422", "３人世帯数　一般世帯数": "288", "４人世帯数　一般世帯数": "213", "５人世帯数　一般世帯数": "66", "６人世帯数　一般世帯数": "19", "７人以上世帯数　一般世帯数": "1", "親族のみの世帯数　一般世帯数": "999", "核家族世帯数　一般世帯数": "931", "核家族以外の世帯数　一般世帯数": "68", "６歳未満世帯員のいる世帯数　一般世帯数": "154", "６５歳以上世帯員のいる世帯数　一般世帯数": "516", "世帯主の年齢が２０〜２９歳の１人世帯数　一般世帯数": "49", "高齢単身世帯数　一般世帯数": "128", "高齢夫婦世帯数　一般世帯数": "168", "index_right": 880 }, "geometry": { "type": "Polygon", "coordinates": [ [ [ 139.43125, 35.3375 ], [ 139.425, 35.3375 ], [ 139.425, 35.341666666666661 ], [ 139.43125, 35.341666666666661 ], [ 139.43125, 35.3375 ] ] ] } },
{ "type": "Feature", "properties": { "KEY_CODE": "533903044", "MESH1_ID": "5339", "MESH2_ID": "03", "MESH3_ID": "04", "MESH4_ID": "4", "OBJ_ID": 1220, "Unnamed: 1": 0, "Unnamed: 2": null, "Unnamed: 3": null, "人口（総数）": 2946, "人口（総数）　男": 1456, "人口（総数）　女": 1490, "０〜１４歳人口　総数": "406", "０〜１４歳人口　男": "196", "０〜１４歳人口　女": "210", "１５歳以上人口　総数": "2506", "１５歳以上人口　男": "1240", "１５歳以上人口　女": "1266", "１５〜６４歳人口　総数": "1855", "１５〜６４歳人口　男": "940", "１５〜６４歳人口　女": "915", "１８歳以上人口　総数": "2442", "１８歳以上人口　男": "1204", "１８歳以上人口　女": "1238", "２０歳以上人口　総数": "2386", "２０歳以上人口　男": "1176", "２０歳以上人口　女": "1210", "６５歳以上人口　総数": "651", "６５歳以上人口　男": "300", "６５歳以上人口　女": "351", "７５歳以上人口　総数": "322", "７５歳以上人口　男": "143", "７５歳以上人口　女": "179", "８５歳以上人口　総数": "73", "８５歳以上人口　男": "27", "８５歳以上人口　女": "46", "９５歳以上人口　総数": "1", "９５歳以上人口　男": "0", "９５歳以上人口　女": "1", "外国人人口　総数": "17", "外国人人口　男": "10", "外国人人口　女": "7", "世帯総数": 1288, "一般世帯数": 1288, "１人世帯数　一般世帯数": "448", "２人世帯数　一般世帯数": "349", "３人世帯数　一般世帯数": "230", "４人世帯数　一般世帯数": "211", "５人世帯数　一般世帯数": "38", "６人世帯数　一般世帯数": "8", "７人以上世帯数　一般世帯数": "4", "親族のみの世帯数　一般世帯数": "832", "核家族世帯数　一般世帯数": "779", "核家族以外の世帯数　一般世帯数": "53", "６歳未満世帯員のいる世帯数　一般世帯数": "129", "６５歳以上世帯員のいる世帯数　一般世帯数": "428", "世帯主の年齢が２０〜２９歳の１人世帯数　一般世帯数": "93", "高齢単身世帯数　一般世帯数": "105", "高齢夫婦世帯数　一般世帯数": "159", "index_right": 880 }, "geometry": { "type": "Polygon", "coordinates": [ [ [ 139.4375, 35.3375 ], [ 139.43125, 35.3375 ], [ 139.43125, 35.341666666666661 ], [ 139.4375, 35.341666666666661 ], [ 139.4375, 35.3375 ] ] ] } },
{ "type": "Feature", "properties": { "KEY_CODE": "533903051", "MESH1_ID": "5339", "MESH2_ID": "03", "MESH3_ID": "05", "MESH4_ID": "1", "OBJ_ID": 1221, "Unnamed: 1": 0, "Unnamed: 2": null, "Unnamed: 3": null, "人口（総数）": 2713, "人口（総数）　男": 1320, "人口（総数）　女": 1393, "０〜１４歳人口　総数": "328", "０〜１４歳人口　男": "184", "０〜１４歳人口　女": "144", "１５歳以上人口　総数": "2335", "１５歳以上人口　男": "1106", "１５歳以上人口　女": "1229", "１５〜６４歳人口　総数": "1698", "１５〜６４歳人口　男": "835", "１５〜６４歳人口　女": "863", "１８歳以上人口　総数": "2283", "１８歳以上人口　男": "1078", "１８歳以上人口　女": "1205", "２０歳以上人口　総数": "2240", "２０歳以上人口　男": "1057", "２０歳以上人口　女": "1183", "６５歳以上人口　総数": "637", "６５歳以上人口　男": "271", "６５歳以上人口　女": "366", "７５歳以上人口　総数": "352", "７５歳以上人口　男": "133", "７５歳以上人口　女": "219", "８５歳以上人口　総数": "140", "８５歳以上人口　男": "50", "８５歳以上人口　女": "90", "９５歳以上人口　総数": "17", "９５歳以上人口　男": "6", "９５歳以上人口　女": "11", "外国人人口　総数": "21", "外国人人口　男": "10", "外国人人口　女": "11", "世帯総数": 1300, "一般世帯数": 1299, "１人世帯数　一般世帯数": "539", "２人世帯数　一般世帯数": "369", "３人世帯数　一般世帯数": "204", "４人世帯数　一般世帯数": "143", "５人世帯数　一般世帯数": "33", "６人世帯数　一般世帯数": "9", "７人以上世帯数　一般世帯数": "2", "親族のみの世帯数　一般世帯数": "745", "核家族世帯数　一般世帯数": "694", "核家族以外の世帯数　一般世帯数": "51", "６歳未満世帯員のいる世帯数　一般世帯数": "113", "６５歳以上世帯員のいる世帯数　一般世帯数": "433", "世帯主の年齢が２０〜２９歳の１人世帯数　一般世帯数": "87", "高齢単身世帯数　一般世帯数": "142", "高齢夫婦世帯数　一般世帯数": "118", "index_right": 880 }, "geometry": { "type": "Polygon", "coordinates": [ [ [ 139.44375, 35.333333333333329 ], [ 139.4375, 35.333333333333329 ], [ 139.4375, 35.3375 ], [ 139.44375, 35.3375 ], [ 139.44375, 35.333333333333329 ] ] ] } },
{ "type": "Feature", "properties": { "KEY_CODE": "533903052", "MESH1_ID": "5339", "MESH2_ID": "03", "MESH3_ID": "05", "MESH4_ID": "2", "OBJ_ID": 1222, "Unnamed: 1": 0, "Unnamed: 2": null, "Unnamed: 3": null, "人口（総数）": 2883, "人口（総数）　男": 1418, "人口（総数）　女": 1465, "０〜１４歳人口　総数": "324", "０〜１４歳人口　男": "183", "０〜１４歳人口　女": "141", "１５歳以上人口　総数": "2490", "１５歳以上人口　男": "1196", "１５歳以上人口　女": "1294", "１５〜６４歳人口　総数": "1868", "１５〜６４歳人口　男": "913", "１５〜６４歳人口　女": "955", "１８歳以上人口　総数": "2439", "１８歳以上人口　男": "1167", "１８歳以上人口　女": "1272", "２０歳以上人口　総数": "2387", "２０歳以上人口　男": "1144", "２０歳以上人口　女": "1243", "６５歳以上人口　総数": "622", "６５歳以上人口　男": "283", "６５歳以上人口　女": "339", "７５歳以上人口　総数": "312", "７５歳以上人口　男": "128", "７５歳以上人口　女": "184", "８５歳以上人口　総数": "84", "８５歳以上人口　男": "31", "８５歳以上人口　女": "53", "９５歳以上人口　総数": "7", "９５歳以上人口　男": "0", "９５歳以上人口　女": "7", "外国人人口　総数": "25", "外国人人口　男": "13", "外国人人口　女": "12", "世帯総数": 1577, "一般世帯数": 1577, "１人世帯数　一般世帯数": "869", "２人世帯数　一般世帯数": "326", "３人世帯数　一般世帯数": "210", "４人世帯数　一般世帯数": "134", "５人世帯数　一般世帯数": "32", "６人世帯数　一般世帯数": "6", "７人以上世帯数　一般世帯数": "0", "親族のみの世帯数　一般世帯数": "701", "核家族世帯数　一般世帯数": "662", "核家族以外の世帯数　一般世帯数": "39", "６歳未満世帯員のいる世帯数　一般世帯数": "114", "６５歳以上世帯員のいる世帯数　一般世帯数": "437", "世帯主の年齢が２０〜２９歳の１人世帯数　一般世帯数": "207", "高齢単身世帯数　一般世帯数": "160", "高齢夫婦世帯数　一般世帯数": "132", "index_right": 880 }, "geometry": { "type": "Polygon", "coordinates": [ [ [ 139.45, 35.333333333333329 ], [ 139.44375, 35.333333333333329 ], [ 139.44375, 35.3375 ], [ 139.45, 35.3375 ], [ 139.45, 35.333333333333329 ] ] ] } },
{ "type": "Feature", "properties": { "KEY_CODE": "533903053", "MESH1_ID": "5339", "MESH2_ID": "03", "MESH3_ID": "05", "MESH4_ID": "3", "OBJ_ID": 1223, "Unnamed: 1": 0, "Unnamed: 2": null, "Unnamed: 3": null, "人口（総数）": 3871, "人口（総数）　男": 1843, "人口（総数）　女": 2028, "０〜１４歳人口　総数": "581", "０〜１４歳人口　男": "286", "０〜１４歳人口　女": "295", "１５歳以上人口　総数": "3217", "１５歳以上人口　男": "1512", "１５歳以上人口　女": "1705", "１５〜６４歳人口　総数": "2409", "１５〜６４歳人口　男": "1167", "１５〜６４歳人口　女": "1242", "１８歳以上人口　総数": "3129", "１８歳以上人口　男": "1474", "１８歳以上人口　女": "1655", "２０歳以上人口　総数": "3066", "２０歳以上人口　男": "1441", "２０歳以上人口　女": "1625", "６５歳以上人口　総数": "808", "６５歳以上人口　男": "345", "６５歳以上人口　女": "463", "７５歳以上人口　総数": "424", "７５歳以上人口　男": "168", "７５歳以上人口　女": "256", "８５歳以上人口　総数": "159", "８５歳以上人口　男": "47", "８５歳以上人口　女": "112", "９５歳以上人口　総数": "21", "９５歳以上人口　男": "5", "９５歳以上人口　女": "16", "外国人人口　総数": "22", "外国人人口　男": "11", "外国人人口　女": "11", "世帯総数": 1693, "一般世帯数": 1681, "１人世帯数　一般世帯数": "578", "２人世帯数　一般世帯数": "452", "３人世帯数　一般世帯数": "341", "４人世帯数　一般世帯数": "263", "５人世帯数　一般世帯数": "38", "６人世帯数　一般世帯数": "7", "７人以上世帯数　一般世帯数": "2", "親族のみの世帯数　一般世帯数": "1091", "核家族世帯数　一般世帯数": "1049", "核家族以外の世帯数　一般世帯数": "42", "６歳未満世帯員のいる世帯数　一般世帯数": "227", "６５歳以上世帯員のいる世帯数　一般世帯数": "532", "世帯主の年齢が２０〜２９歳の１人世帯数　一般世帯数": "81", "高齢単身世帯数　一般世帯数": "195", "高齢夫婦世帯数　一般世帯数": "153", "index_right": 880 }, "geometry": { "type": "Polygon", "coordinates": [ [ [ 139.44375, 35.3375 ], [ 139.4375, 35.3375 ], [ 139.4375, 35.341666666666661 ], [ 139.44375, 35.341666666666661 ], [ 139.44375, 35.3375 ] ] ] } },
{ "type": "Feature", "properties": { "KEY_CODE": "533903054", "MESH1_ID": "5339", "MESH2_ID": "03", "MESH3_ID": "05", "MESH4_ID": "4", "OBJ_ID": 1224, "Unnamed: 1": 0, "Unnamed: 2": null, "Unnamed: 3": null, "人口（総数）": 2083, "人口（総数）　男": 981, "人口（総数）　女": 1102, "０〜１４歳人口　総数": "329", "０〜１４歳人口　男": "176", "０〜１４歳人口　女": "153", "１５歳以上人口　総数": "1734", "１５歳以上人口　男": "792", "１５歳以上人口　女": "942", "１５〜６４歳人口　総数": "1169", "１５〜６４歳人口　男": "536", "１５〜６４歳人口　女": "633", "１８歳以上人口　総数": "1693", "１８歳以上人口　男": "780", "１８歳以上人口　女": "913", "２０歳以上人口　総数": "1673", "２０歳以上人口　男": "772", "２０歳以上人口　女": "901", "６５歳以上人口　総数": "565", "６５歳以上人口　男": "256", "６５歳以上人口　女": "309", "７５歳以上人口　総数": "256", "７５歳以上人口　男": "112", "７５歳以上人口　女": "144", "８５歳以上人口　総数": "72", "８５歳以上人口　男": "28", "８５歳以上人口　女": "44", "９５歳以上人口　総数": "2", "９５歳以上人口　男": "0", "９５歳以上人口　女": "2", "外国人人口　総数": "19", "外国人人口　男": "8", "外国人人口　女": "11", "世帯総数": 929, "一般世帯数": 928, "１人世帯数　一般世帯数": "266", "２人世帯数　一般世帯数": "345", "３人世帯数　一般世帯数": "164", "４人世帯数　一般世帯数": "136", "５人世帯数　一般世帯数": "17", "６人世帯数　一般世帯数": "0", "７人以上世帯数　一般世帯数": "0", "親族のみの世帯数　一般世帯数": "660", "核家族世帯数　一般世帯数": "641", "核家族以外の世帯数　一般世帯数": "19", "６歳未満世帯員のいる世帯数　一般世帯数": "94", "６５歳以上世帯員のいる世帯数　一般世帯数": "376", "世帯主の年齢が２０〜２９歳の１人世帯数　一般世帯数": "20", "高齢単身世帯数　一般世帯数": "113", "高齢夫婦世帯数　一般世帯数": "152", "index_right": 880 }, "geometry": { "type": "Polygon", "coordinates": [ [ [ 139.45, 35.3375 ], [ 139.44375, 35.3375 ], [ 139.44375, 35.341666666666661 ], [ 139.45, 35.341666666666661 ], [ 139.45, 35.3375 ] ] ] } },
{ "type": "Feature", "properties": { "KEY_CODE": "533903101", "MESH1_ID": "5339", "MESH2_ID": "03", "MESH3_ID": "10", "MESH4_ID": "1", "OBJ_ID": 1241, "Unnamed: 1": 0, "Unnamed: 2": null, "Unnamed: 3": null, "人口（総数）": 2360, "人口（総数）　男": 1122, "人口（総数）　女": 1238, "０〜１４歳人口　総数": "222", "０〜１４歳人口　男": "112", "０〜１４歳人口　女": "110", "１５歳以上人口　総数": "2119", "１５歳以上人口　男": "997", "１５歳以上人口　女": "1122", "１５〜６４歳人口　総数": "1359", "１５〜６４歳人口　男": "667", "１５〜６４歳人口　女": "692", "１８歳以上人口　総数": "2043", "１８歳以上人口　男": "959", "１８歳以上人口　女": "1084", "２０歳以上人口　総数": "1989", "２０歳以上人口　男": "936", "２０歳以上人口　女": "1053", "６５歳以上人口　総数": "760", "６５歳以上人口　男": "330", "６５歳以上人口　女": "430", "７５歳以上人口　総数": "360", "７５歳以上人口　男": "153", "７５歳以上人口　女": "207", "８５歳以上人口　総数": "99", "８５歳以上人口　男": "25", "８５歳以上人口　女": "74", "９５歳以上人口　総数": "10", "９５歳以上人口　男": "0", "９５歳以上人口　女": "10", "外国人人口　総数": "57", "外国人人口　男": "25", "外国人人口　女": "32", "世帯総数": 1003, "一般世帯数": 1002, "１人世帯数　一般世帯数": "309", "２人世帯数　一般世帯数": "326", "３人世帯数　一般世帯数": "194", "４人世帯数　一般世帯数": "126", "５人世帯数　一般世帯数": "31", "６人世帯数　一般世帯数": "13", "７人以上世帯数　一般世帯数": "3", "親族のみの世帯数　一般世帯数": "680", "核家族世帯数　一般世帯数": "621", "核家族以外の世帯数　一般世帯数": "59", "６歳未満世帯員のいる世帯数　一般世帯数": "57", "６５歳以上世帯員のいる世帯数　一般世帯数": "484", "世帯主の年齢が２０〜２９歳の１人世帯数　一般世帯数": "23", "高齢単身世帯数　一般世帯数": "137", "高齢夫婦世帯数　一般世帯数": "139", "index_right": 880 }, "geometry": { "type": "Polygon", "coordinates": [ [ [ 139.38125, 35.341666666666661 ], [ 139.375, 35.341666666666661 ], [ 139.375, 35.345833333333331 ], [ 139.38125, 35.345833333333331 ], [ 139.38125, 35.341666666666661 ] ] ] } },
{ "type": "Feature", "properties": { "KEY_CODE": "533903102", "MESH1_ID": "5339", "MESH2_ID": "03", "MESH3_ID": "10", "MESH4_ID": "2", "OBJ_ID": 1242, "Unnamed: 1": 0, "Unnamed: 2": null, "Unnamed: 3": null, "人口（総数）": 1445, "人口（総数）　男": 714, "人口（総数）　女": 731, "０〜１４歳人口　総数": "180", "０〜１４歳人口　男": "88", "０〜１４歳人口　女": "92", "１５歳以上人口　総数": "1259", "１５歳以上人口　男": "621", "１５歳以上人口　女": "638", "１５〜６４歳人口　総数": "883", "１５〜６４歳人口　男": "450", "１５〜６４歳人口　女": "433", "１８歳以上人口　総数": "1219", "１８歳以上人口　男": "601", "１８歳以上人口　女": "618", "２０歳以上人口　総数": "1189", "２０歳以上人口　男": "588", "２０歳以上人口　女": "601", "６５歳以上人口　総数": "376", "６５歳以上人口　男": "171", "６５歳以上人口　女": "205", "７５歳以上人口　総数": "167", "７５歳以上人口　男": "75", "７５歳以上人口　女": "92", "８５歳以上人口　総数": "32", "８５歳以上人口　男": "9", "８５歳以上人口　女": "23", "９５歳以上人口　総数": "2", "９５歳以上人口　男": "0", "９５歳以上人口　女": "2", "外国人人口　総数": "6", "外国人人口　男": "3", "外国人人口　女": "3", "世帯総数": 544, "一般世帯数": 544, "１人世帯数　一般世帯数": "116", "２人世帯数　一般世帯数": "169", "３人世帯数　一般世帯数": "109", "４人世帯数　一般世帯数": "104", "５人世帯数　一般世帯数": "35", "６人世帯数　一般世帯数": "5", "７人以上世帯数　一般世帯数": "6", "親族のみの世帯数　一般世帯数": "426", "核家族世帯数　一般世帯数": "383", "核家族以外の世帯数　一般世帯数": "43", "６歳未満世帯員のいる世帯数　一般世帯数": "45", "６５歳以上世帯員のいる世帯数　一般世帯数": "248", "世帯主の年齢が２０〜２９歳の１人世帯数　一般世帯数": "8", "高齢単身世帯数　一般世帯数": "58", "高齢夫婦世帯数　一般世帯数": "74", "index_right": 880 }, "geometry": { "type": "Polygon", "coordinates": [ [ [ 139.3875, 35.341666666666661 ], [ 139.38125, 35.341666666666661 ], [ 139.38125, 35.345833333333331 ], [ 139.3875, 35.345833333333331 ], [ 139.3875, 35.341666666666661 ] ] ] } },
{ "type": "Feature", "properties": { "KEY_CODE": "533903103", "MESH1_ID": "5339", "MESH2_ID": "03", "MESH3_ID": "10", "MESH4_ID": "3", "OBJ_ID": 1243, "Unnamed: 1": 0, "Unnamed: 2": null, "Unnamed: 3": null, "人口（総数）": 727, "人口（総数）　男": 369, "人口（総数）　女": 358, "０〜１４歳人口　総数": "93", "０〜１４歳人口　男": "47", "０〜１４歳人口　女": "46", "１５歳以上人口　総数": "634", "１５歳以上人口　男": "322", "１５歳以上人口　女": "312", "１５〜６４歳人口　総数": "388", "１５〜６４歳人口　男": "213", "１５〜６４歳人口　女": "175", "１８歳以上人口　総数": "612", "１８歳以上人口　男": "313", "１８歳以上人口　女": "299", "２０歳以上人口　総数": "600", "２０歳以上人口　男": "307", "２０歳以上人口　女": "293", "６５歳以上人口　総数": "246", "６５歳以上人口　男": "109", "６５歳以上人口　女": "137", "７５歳以上人口　総数": "123", "７５歳以上人口　男": "51", "７５歳以上人口　女": "72", "８５歳以上人口　総数": "26", "８５歳以上人口　男": "8", "８５歳以上人口　女": "18", "９５歳以上人口　総数": "0", "９５歳以上人口　男": "0", "９５歳以上人口　女": "0", "外国人人口　総数": "2", "外国人人口　男": "0", "外国人人口　女": "2", "世帯総数": 281, "一般世帯数": 280, "１人世帯数　一般世帯数": "78", "２人世帯数　一般世帯数": "77", "３人世帯数　一般世帯数": "57", "４人世帯数　一般世帯数": "44", "５人世帯数　一般世帯数": "14", "６人世帯数　一般世帯数": "9", "７人以上世帯数　一般世帯数": "1", "親族のみの世帯数　一般世帯数": "196", "核家族世帯数　一般世帯数": "170", "核家族以外の世帯数　一般世帯数": "26", "６歳未満世帯員のいる世帯数　一般世帯数": "23", "６５歳以上世帯員のいる世帯数　一般世帯数": "148", "世帯主の年齢が２０〜２９歳の１人世帯数　一般世帯数": "6", "高齢単身世帯数　一般世帯数": "36", "高齢夫婦世帯数　一般世帯数": "42", "index_right": 880 }, "geometry": { "type": "Polygon", "coordinates": [ [ [ 139.38125, 35.345833333333331 ], [ 139.375, 35.345833333333331 ], [ 139.375, 35.35 ], [ 139.38125, 35.35 ], [ 139.38125, 35.345833333333331 ] ] ] } },
{ "type": "Feature", "properties": { "KEY_CODE": "533903104", "MESH1_ID": "5339", "MESH2_ID": "03", "MESH3_ID": "10", "MESH4_ID": "4", "OBJ_ID": 1244, "Unnamed: 1": 0, "Unnamed: 2": null, "Unnamed: 3": null, "人口（総数）": 873, "人口（総数）　男": 430, "人口（総数）　女": 443, "０〜１４歳人口　総数": "92", "０〜１４歳人口　男": "48", "０〜１４歳人口　女": "44", "１５歳以上人口　総数": "774", "１５歳以上人口　男": "377", "１５歳以上人口　女": "397", "１５〜６４歳人口　総数": "486", "１５〜６４歳人口　男": "240", "１５〜６４歳人口　女": "246", "１８歳以上人口　総数": "746", "１８歳以上人口　男": "369", "１８歳以上人口　女": "377", "２０歳以上人口　総数": "729", "２０歳以上人口　男": "363", "２０歳以上人口　女": "366", "６５歳以上人口　総数": "288", "６５歳以上人口　男": "137", "６５歳以上人口　女": "151", "７５歳以上人口　総数": "122", "７５歳以上人口　男": "57", "７５歳以上人口　女": "65", "８５歳以上人口　総数": "25", "８５歳以上人口　男": "10", "８５歳以上人口　女": "15", "９５歳以上人口　総数": "1", "９５歳以上人口　男": "0", "９５歳以上人口　女": "1", "外国人人口　総数": "4", "外国人人口　男": "1", "外国人人口　女": "3", "世帯総数": 363, "一般世帯数": 359, "１人世帯数　一般世帯数": "104", "２人世帯数　一般世帯数": "110", "３人世帯数　一般世帯数": "77", "４人世帯数　一般世帯数": "48", "５人世帯数　一般世帯数": "14", "６人世帯数　一般世帯数": "4", "７人以上世帯数　一般世帯数": "2", "親族のみの世帯数　一般世帯数": "252", "核家族世帯数　一般世帯数": "232", "核家族以外の世帯数　一般世帯数": "20", "６歳未満世帯員のいる世帯数　一般世帯数": "25", "６５歳以上世帯員のいる世帯数　一般世帯数": "184", "世帯主の年齢が２０〜２９歳の１人世帯数　一般世帯数": "18", "高齢単身世帯数　一般世帯数": "42", "高齢夫婦世帯数　一般世帯数": "58", "index_right": 880 }, "geometry": { "type": "Polygon", "coordinates": [ [ [ 139.3875, 35.345833333333331 ], [ 139.38125, 35.345833333333331 ], [ 139.38125, 35.35 ], [ 139.3875, 35.35 ], [ 139.3875, 35.345833333333331 ] ] ] } },
{ "type": "Feature", "properties": { "KEY_CODE": "533903111", "MESH1_ID": "5339", "MESH2_ID": "03", "MESH3_ID": "11", "MESH4_ID": "1", "OBJ_ID": 1245, "Unnamed: 1": 0, "Unnamed: 2": null, "Unnamed: 3": null, "人口（総数）": 1452, "人口（総数）　男": 693, "人口（総数）　女": 759, "０〜１４歳人口　総数": "170", "０〜１４歳人口　男": "82", "０〜１４歳人口　女": "88", "１５歳以上人口　総数": "1276", "１５歳以上人口　男": "607", "１５歳以上人口　女": "669", "１５〜６４歳人口　総数": "791", "１５〜６４歳人口　男": "420", "１５〜６４歳人口　女": "371", "１８歳以上人口　総数": "1247", "１８歳以上人口　男": "594", "１８歳以上人口　女": "653", "２０歳以上人口　総数": "1223", "２０歳以上人口　男": "581", "２０歳以上人口　女": "642", "６５歳以上人口　総数": "485", "６５歳以上人口　男": "187", "６５歳以上人口　女": "298", "７５歳以上人口　総数": "301", "７５歳以上人口　男": "100", "７５歳以上人口　女": "201", "８５歳以上人口　総数": "139", "８５歳以上人口　男": "31", "８５歳以上人口　女": "108", "９５歳以上人口　総数": "29", "９５歳以上人口　男": "4", "９５歳以上人口　女": "25", "外国人人口　総数": "2", "外国人人口　男": "2", "外国人人口　女": "0", "世帯総数": 529, "一般世帯数": 524, "１人世帯数　一般世帯数": "143", "２人世帯数　一般世帯数": "153", "３人世帯数　一般世帯数": "109", "４人世帯数　一般世帯数": "92", "５人世帯数　一般世帯数": "24", "６人世帯数　一般世帯数": "3", "７人以上世帯数　一般世帯数": "0", "親族のみの世帯数　一般世帯数": "376", "核家族世帯数　一般世帯数": "346", "核家族以外の世帯数　一般世帯数": "30", "６歳未満世帯員のいる世帯数　一般世帯数": "38", "６５歳以上世帯員のいる世帯数　一般世帯数": "221", "世帯主の年齢が２０〜２９歳の１人世帯数　一般世帯数": "15", "高齢単身世帯数　一般世帯数": "49", "高齢夫婦世帯数　一般世帯数": "72", "index_right": 880 }, "geometry": { "type": "Polygon", "coordinates": [ [ [ 139.39375, 35.341666666666661 ], [ 139.3875, 35.341666666666661 ], [ 139.3875, 35.345833333333331 ], [ 139.39375, 35.345833333333331 ], [ 139.39375, 35.341666666666661 ] ] ] } },
{ "type": "Feature", "properties": { "KEY_CODE": "533903112", "MESH1_ID": "5339", "MESH2_ID": "03", "MESH3_ID": "11", "MESH4_ID": "2", "OBJ_ID": 1246, "Unnamed: 1": 0, "Unnamed: 2": null, "Unnamed: 3": null, "人口（総数）": 2813, "人口（総数）　男": 1381, "人口（総数）　女": 1432, "０〜１４歳人口　総数": "332", "０〜１４歳人口　男": "171", "０〜１４歳人口　女": "161", "１５歳以上人口　総数": "2447", "１５歳以上人口　男": "1190", "１５歳以上人口　女": "1257", "１５〜６４歳人口　総数": "1709", "１５〜６４歳人口　男": "867", "１５〜６４歳人口　女": "842", "１８歳以上人口　総数": "2351", "１８歳以上人口　男": "1142", "１８歳以上人口　女": "1209", "２０歳以上人口　総数": "2290", "２０歳以上人口　男": "1113", "２０歳以上人口　女": "1177", "６５歳以上人口　総数": "738", "６５歳以上人口　男": "323", "６５歳以上人口　女": "415", "７５歳以上人口　総数": "380", "７５歳以上人口　男": "168", "７５歳以上人口　女": "212", "８５歳以上人口　総数": "88", "８５歳以上人口　男": "33", "８５歳以上人口　女": "55", "９５歳以上人口　総数": "4", "９５歳以上人口　男": "0", "９５歳以上人口　女": "4", "外国人人口　総数": "15", "外国人人口　男": "3", "外国人人口　女": "12", "世帯総数": 1141, "一般世帯数": 1141, "１人世帯数　一般世帯数": "287", "２人世帯数　一般世帯数": "363", "３人世帯数　一般世帯数": "251", "４人世帯数　一般世帯数": "173", "５人世帯数　一般世帯数": "51", "６人世帯数　一般世帯数": "12", "７人以上世帯数　一般世帯数": "4", "親族のみの世帯数　一般世帯数": "847", "核家族世帯数　一般世帯数": "774", "核家族以外の世帯数　一般世帯数": "73", "６歳未満世帯員のいる世帯数　一般世帯数": "79", "６５歳以上世帯員のいる世帯数　一般世帯数": "486", "世帯主の年齢が２０〜２９歳の１人世帯数　一般世帯数": "29", "高齢単身世帯数　一般世帯数": "98", "高齢夫婦世帯数　一般世帯数": "160", "index_right": 880 }, "geometry": { "type": "Polygon", "coordinates": [ [ [ 139.4, 35.341666666666661 ], [ 139.39375, 35.341666666666661 ], [ 139.39375, 35.345833333333331 ], [ 139.4, 35.345833333333331 ], [ 139.4, 35.341666666666661 ] ] ] } },
{ "type": "Feature", "properties": { "KEY_CODE": "533903113", "MESH1_ID": "5339", "MESH2_ID": "03", "MESH3_ID": "11", "MESH4_ID": "3", "OBJ_ID": 1247, "Unnamed: 1": 0, "Unnamed: 2": null, "Unnamed: 3": null, "人口（総数）": 199, "人口（総数）　男": 109, "人口（総数）　女": 90, "０〜１４歳人口　総数": "23", "０〜１４歳人口　男": "16", "０〜１４歳人口　女": "7", "１５歳以上人口　総数": "142", "１５歳以上人口　男": "72", "１５歳以上人口　女": "70", "１５〜６４歳人口　総数": "98", "１５〜６４歳人口　男": "53", "１５〜６４歳人口　女": "45", "１８歳以上人口　総数": "139", "１８歳以上人口　男": "70", "１８歳以上人口　女": "69", "２０歳以上人口　総数": "138", "２０歳以上人口　男": "69", "２０歳以上人口　女": "69", "６５歳以上人口　総数": "44", "６５歳以上人口　男": "19", "６５歳以上人口　女": "25", "７５歳以上人口　総数": "32", "７５歳以上人口　男": "13", "７５歳以上人口　女": "19", "８５歳以上人口　総数": "9", "８５歳以上人口　男": "4", "８５歳以上人口　女": "5", "９５歳以上人口　総数": "0", "９５歳以上人口　男": "0", "９５歳以上人口　女": "0", "外国人人口　総数": "2", "外国人人口　男": "0", "外国人人口　女": "2", "世帯総数": 69, "一般世帯数": 68, "１人世帯数　一般世帯数": "22", "２人世帯数　一般世帯数": "19", "３人世帯数　一般世帯数": "13", "４人世帯数　一般世帯数": "6", "５人世帯数　一般世帯数": "7", "６人世帯数　一般世帯数": "0", "７人以上世帯数　一般世帯数": "1", "親族のみの世帯数　一般世帯数": "46", "核家族世帯数　一般世帯数": "41", "核家族以外の世帯数　一般世帯数": "5", "６歳未満世帯員のいる世帯数　一般世帯数": "7", "６５歳以上世帯員のいる世帯数　一般世帯数": "30", "世帯主の年齢が２０〜２９歳の１人世帯数　一般世帯数": "7", "高齢単身世帯数　一般世帯数": "8", "高齢夫婦世帯数　一般世帯数": "8", "index_right": 880 }, "geometry": { "type": "Polygon", "coordinates": [ [ [ 139.39375, 35.345833333333331 ], [ 139.3875, 35.345833333333331 ], [ 139.3875, 35.35 ], [ 139.39375, 35.35 ], [ 139.39375, 35.345833333333331 ] ] ] } },
{ "type": "Feature", "properties": { "KEY_CODE": "533903114", "MESH1_ID": "5339", "MESH2_ID": "03", "MESH3_ID": "11", "MESH4_ID": "4", "OBJ_ID": 1248, "Unnamed: 1": 0, "Unnamed: 2": null, "Unnamed: 3": null, "人口（総数）": 2538, "人口（総数）　男": 1247, "人口（総数）　女": 1291, "０〜１４歳人口　総数": "400", "０〜１４歳人口　男": "193", "０〜１４歳人口　女": "207", "１５歳以上人口　総数": "2111", "１５歳以上人口　男": "1039", "１５歳以上人口　女": "1072", "１５〜６４歳人口　総数": "1523", "１５〜６４歳人口　男": "771", "１５〜６４歳人口　女": "752", "１８歳以上人口　総数": "2045", "１８歳以上人口　男": "1002", "１８歳以上人口　女": "1043", "２０歳以上人口　総数": "2010", "２０歳以上人口　男": "984", "２０歳以上人口　女": "1026", "６５歳以上人口　総数": "588", "６５歳以上人口　男": "268", "６５歳以上人口　女": "320", "７５歳以上人口　総数": "304", "７５歳以上人口　男": "128", "７５歳以上人口　女": "176", "８５歳以上人口　総数": "118", "８５歳以上人口　男": "42", "８５歳以上人口　女": "76", "９５歳以上人口　総数": "11", "９５歳以上人口　男": "1", "９５歳以上人口　女": "10", "外国人人口　総数": "14", "外国人人口　男": "1", "外国人人口　女": "13", "世帯総数": 1039, "一般世帯数": 1038, "１人世帯数　一般世帯数": "329", "２人世帯数　一般世帯数": "270", "３人世帯数　一般世帯数": "213", "４人世帯数　一般世帯数": "169", "５人世帯数　一般世帯数": "47", "６人世帯数　一般世帯数": "7", "７人以上世帯数　一般世帯数": "3", "親族のみの世帯数　一般世帯数": "702", "核家族世帯数　一般世帯数": "658", "核家族以外の世帯数　一般世帯数": "44", "６歳未満世帯員のいる世帯数　一般世帯数": "139", "６５歳以上世帯員のいる世帯数　一般世帯数": "359", "世帯主の年齢が２０〜２９歳の１人世帯数　一般世帯数": "56", "高齢単身世帯数　一般世帯数": "105", "高齢夫婦世帯数　一般世帯数": "99", "index_right": 880 }, "geometry": { "type": "Polygon", "coordinates": [ [ [ 139.4, 35.345833333333331 ], [ 139.39375, 35.345833333333331 ], [ 139.39375, 35.35 ], [ 139.4, 35.35 ], [ 139.4, 35.345833333333331 ] ] ] } },
{ "type": "Feature", "properties": { "KEY_CODE": "533903121", "MESH1_ID": "5339", "MESH2_ID": "03", "MESH3_ID": "12", "MESH4_ID": "1", "OBJ_ID": 1249, "Unnamed: 1": 0, "Unnamed: 2": null, "Unnamed: 3": null, "人口（総数）": 1431, "人口（総数）　男": 687, "人口（総数）　女": 744, "０〜１４歳人口　総数": "185", "０〜１４歳人口　男": "106", "０〜１４歳人口　女": "79", "１５歳以上人口　総数": "1236", "１５歳以上人口　男": "575", "１５歳以上人口　女": "661", "１５〜６４歳人口　総数": "847", "１５〜６４歳人口　男": "423", "１５〜６４歳人口　女": "424", "１８歳以上人口　総数": "1184", "１８歳以上人口　男": "556", "１８歳以上人口　女": "628", "２０歳以上人口　総数": "1152", "２０歳以上人口　男": "545", "２０歳以上人口　女": "607", "６５歳以上人口　総数": "389", "６５歳以上人口　男": "152", "６５歳以上人口　女": "237", "７５歳以上人口　総数": "197", "７５歳以上人口　男": "70", "７５歳以上人口　女": "127", "８５歳以上人口　総数": "88", "８５歳以上人口　男": "21", "８５歳以上人口　女": "67", "９５歳以上人口　総数": "16", "９５歳以上人口　男": "2", "９５歳以上人口　女": "14", "外国人人口　総数": "11", "外国人人口　男": "6", "外国人人口　女": "5", "世帯総数": 559, "一般世帯数": 557, "１人世帯数　一般世帯数": "149", "２人世帯数　一般世帯数": "165", "３人世帯数　一般世帯数": "114", "４人世帯数　一般世帯数": "91", "５人世帯数　一般世帯数": "30", "６人世帯数　一般世帯数": "6", "７人以上世帯数　一般世帯数": "2", "親族のみの世帯数　一般世帯数": "403", "核家族世帯数　一般世帯数": "370", "核家族以外の世帯数　一般世帯数": "33", "６歳未満世帯員のいる世帯数　一般世帯数": "49", "６５歳以上世帯員のいる世帯数　一般世帯数": "229", "世帯主の年齢が２０〜２９歳の１人世帯数　一般世帯数": "17", "高齢単身世帯数　一般世帯数": "57", "高齢夫婦世帯数　一般世帯数": "70", "index_right": 880 }, "geometry": { "type": "Polygon", "coordinates": [ [ [ 139.40625, 35.341666666666661 ], [ 139.4, 35.341666666666661 ], [ 139.4, 35.345833333333331 ], [ 139.40625, 35.345833333333331 ], [ 139.40625, 35.341666666666661 ] ] ] } },
{ "type": "Feature", "properties": { "KEY_CODE": "533903122", "MESH1_ID": "5339", "MESH2_ID": "03", "MESH3_ID": "12", "MESH4_ID": "2", "OBJ_ID": 1250, "Unnamed: 1": 0, "Unnamed: 2": null, "Unnamed: 3": null, "人口（総数）": 2072, "人口（総数）　男": 982, "人口（総数）　女": 1090, "０〜１４歳人口　総数": "291", "０〜１４歳人口　男": "140", "０〜１４歳人口　女": "151", "１５歳以上人口　総数": "1771", "１５歳以上人口　男": "836", "１５歳以上人口　女": "935", "１５〜６４歳人口　総数": "1297", "１５〜６４歳人口　男": "623", "１５〜６４歳人口　女": "674", "１８歳以上人口　総数": "1719", "１８歳以上人口　男": "817", "１８歳以上人口　女": "902", "２０歳以上人口　総数": "1674", "２０歳以上人口　男": "797", "２０歳以上人口　女": "877", "６５歳以上人口　総数": "474", "６５歳以上人口　男": "213", "６５歳以上人口　女": "261", "７５歳以上人口　総数": "229", "７５歳以上人口　男": "97", "７５歳以上人口　女": "132", "８５歳以上人口　総数": "73", "８５歳以上人口　男": "21", "８５歳以上人口　女": "52", "９５歳以上人口　総数": "7", "９５歳以上人口　男": "2", "９５歳以上人口　女": "5", "外国人人口　総数": "33", "外国人人口　男": "20", "外国人人口　女": "13", "世帯総数": 857, "一般世帯数": 854, "１人世帯数　一般世帯数": "256", "２人世帯数　一般世帯数": "242", "３人世帯数　一般世帯数": "186", "４人世帯数　一般世帯数": "129", "５人世帯数　一般世帯数": "38", "６人世帯数　一般世帯数": "3", "７人以上世帯数　一般世帯数": "0", "親族のみの世帯数　一般世帯数": "597", "核家族世帯数　一般世帯数": "556", "核家族以外の世帯数　一般世帯数": "41", "６歳未満世帯員のいる世帯数　一般世帯数": "93", "６５歳以上世帯員のいる世帯数　一般世帯数": "299", "世帯主の年齢が２０〜２９歳の１人世帯数　一般世帯数": "53", "高齢単身世帯数　一般世帯数": "72", "高齢夫婦世帯数　一般世帯数": "105", "index_right": 880 }, "geometry": { "type": "Polygon", "coordinates": [ [ [ 139.4125, 35.341666666666661 ], [ 139.40625, 35.341666666666661 ], [ 139.40625, 35.345833333333331 ], [ 139.4125, 35.345833333333331 ], [ 139.4125, 35.341666666666661 ] ] ] } },
{ "type": "Feature", "properties": { "KEY_CODE": "533903123", "MESH1_ID": "5339", "MESH2_ID": "03", "MESH3_ID": "12", "MESH4_ID": "3", "OBJ_ID": 1251, "Unnamed: 1": 0, "Unnamed: 2": null, "Unnamed: 3": null, "人口（総数）": 3361, "人口（総数）　男": 1607, "人口（総数）　女": 1754, "０〜１４歳人口　総数": "284", "０〜１４歳人口　男": "142", "０〜１４歳人口　女": "142", "１５歳以上人口　総数": "3053", "１５歳以上人口　男": "1451", "１５歳以上人口　女": "1602", "１５〜６４歳人口　総数": "1794", "１５〜６４歳人口　男": "922", "１５〜６４歳人口　女": "872", "１８歳以上人口　総数": "2985", "１８歳以上人口　男": "1418", "１８歳以上人口　女": "1567", "２０歳以上人口　総数": "2923", "２０歳以上人口　男": "1380", "２０歳以上人口　女": "1543", "６５歳以上人口　総数": "1259", "６５歳以上人口　男": "529", "６５歳以上人口　女": "730", "７５歳以上人口　総数": "717", "７５歳以上人口　男": "285", "７５歳以上人口　女": "432", "８５歳以上人口　総数": "159", "８５歳以上人口　男": "65", "８５歳以上人口　女": "94", "９５歳以上人口　総数": "9", "９５歳以上人口　男": "0", "９５歳以上人口　女": "9", "外国人人口　総数": "15", "外国人人口　男": "7", "外国人人口　女": "8", "世帯総数": 1645, "一般世帯数": 1645, "１人世帯数　一般世帯数": "656", "２人世帯数　一般世帯数": "541", "３人世帯数　一般世帯数": "241", "４人世帯数　一般世帯数": "152", "５人世帯数　一般世帯数": "43", "６人世帯数　一般世帯数": "7", "７人以上世帯数　一般世帯数": "5", "親族のみの世帯数　一般世帯数": "971", "核家族世帯数　一般世帯数": "913", "核家族以外の世帯数　一般世帯数": "58", "６歳未満世帯員のいる世帯数　一般世帯数": "73", "６５歳以上世帯員のいる世帯数　一般世帯数": "901", "世帯主の年齢が２０〜２９歳の１人世帯数　一般世帯数": "37", "高齢単身世帯数　一般世帯数": "359", "高齢夫婦世帯数　一般世帯数": "254", "index_right": 880 }, "geometry": { "type": "Polygon", "coordinates": [ [ [ 139.40625, 35.345833333333331 ], [ 139.4, 35.345833333333331 ], [ 139.4, 35.35 ], [ 139.40625, 35.35 ], [ 139.40625, 35.345833333333331 ] ] ] } },
{ "type": "Feature", "properties": { "KEY_CODE": "533903124", "MESH1_ID": "5339", "MESH2_ID": "03", "MESH3_ID": "12", "MESH4_ID": "4", "OBJ_ID": 1252, "Unnamed: 1": 0, "Unnamed: 2": null, "Unnamed: 3": null, "人口（総数）": 3610, "人口（総数）　男": 1683, "人口（総数）　女": 1927, "０〜１４歳人口　総数": "280", "０〜１４歳人口　男": "143", "０〜１４歳人口　女": "137", "１５歳以上人口　総数": "3317", "１５歳以上人口　男": "1531", "１５歳以上人口　女": "1786", "１５〜６４歳人口　総数": "1844", "１５〜６４歳人口　男": "931", "１５〜６４歳人口　女": "913", "１８歳以上人口　総数": "3243", "１８歳以上人口　男": "1495", "１８歳以上人口　女": "1748", "２０歳以上人口　総数": "3186", "２０歳以上人口　男": "1462", "２０歳以上人口　女": "1724", "６５歳以上人口　総数": "1473", "６５歳以上人口　男": "600", "６５歳以上人口　女": "873", "７５歳以上人口　総数": "908", "７５歳以上人口　男": "339", "７５歳以上人口　女": "569", "８５歳以上人口　総数": "210", "８５歳以上人口　男": "85", "８５歳以上人口　女": "125", "９５歳以上人口　総数": "10", "９５歳以上人口　男": "0", "９５歳以上人口　女": "10", "外国人人口　総数": "21", "外国人人口　男": "8", "外国人人口　女": "13", "世帯総数": 1852, "一般世帯数": 1851, "１人世帯数　一般世帯数": "774", "２人世帯数　一般世帯数": "655", "３人世帯数　一般世帯数": "236", "４人世帯数　一般世帯数": "140", "５人世帯数　一般世帯数": "39", "６人世帯数　一般世帯数": "5", "７人以上世帯数　一般世帯数": "2", "親族のみの世帯数　一般世帯数": "1060", "核家族世帯数　一般世帯数": "1014", "核家族以外の世帯数　一般世帯数": "46", "６歳未満世帯員のいる世帯数　一般世帯数": "73", "６５歳以上世帯員のいる世帯数　一般世帯数": "1079", "世帯主の年齢が２０〜２９歳の１人世帯数　一般世帯数": "26", "高齢単身世帯数　一般世帯数": "451", "高齢夫婦世帯数　一般世帯数": "305", "index_right": 880 }, "geometry": { "type": "Polygon", "coordinates": [ [ [ 139.4125, 35.345833333333331 ], [ 139.40625, 35.345833333333331 ], [ 139.40625, 35.35 ], [ 139.4125, 35.35 ], [ 139.4125, 35.345833333333331 ] ] ] } },
{ "type": "Feature", "properties": { "KEY_CODE": "533903131", "MESH1_ID": "5339", "MESH2_ID": "03", "MESH3_ID": "13", "MESH4_ID": "1", "OBJ_ID": 1253, "Unnamed: 1": 0, "Unnamed: 2": null, "Unnamed: 3": null, "人口（総数）": 3046, "人口（総数）　男": 1475, "人口（総数）　女": 1571, "０〜１４歳人口　総数": "390", "０〜１４歳人口　男": "214", "０〜１４歳人口　女": "176", "１５歳以上人口　総数": "2654", "１５歳以上人口　男": "1259", "１５歳以上人口　女": "1395", "１５〜６４歳人口　総数": "1589", "１５〜６４歳人口　男": "786", "１５〜６４歳人口　女": "803", "１８歳以上人口　総数": "2572", "１８歳以上人口　男": "1218", "１８歳以上人口　女": "1354", "２０歳以上人口　総数": "2529", "２０歳以上人口　男": "1195", "２０歳以上人口　女": "1334", "６５歳以上人口　総数": "1065", "６５歳以上人口　男": "473", "６５歳以上人口　女": "592", "７５歳以上人口　総数": "636", "７５歳以上人口　男": "270", "７５歳以上人口　女": "366", "８５歳以上人口　総数": "151", "８５歳以上人口　男": "62", "８５歳以上人口　女": "89", "９５歳以上人口　総数": "8", "９５歳以上人口　男": "3", "９５歳以上人口　女": "5", "外国人人口　総数": "35", "外国人人口　男": "15", "外国人人口　女": "20", "世帯総数": 1312, "一般世帯数": 1311, "１人世帯数　一般世帯数": "388", "２人世帯数　一般世帯数": "449", "３人世帯数　一般世帯数": "228", "４人世帯数　一般世帯数": "185", "５人世帯数　一般世帯数": "49", "６人世帯数　一般世帯数": "10", "７人以上世帯数　一般世帯数": "2", "親族のみの世帯数　一般世帯数": "917", "核家族世帯数　一般世帯数": "861", "核家族以外の世帯数　一般世帯数": "56", "６歳未満世帯員のいる世帯数　一般世帯数": "104", "６５歳以上世帯員のいる世帯数　一般世帯数": "697", "世帯主の年齢が２０〜２９歳の１人世帯数　一般世帯数": "56", "高齢単身世帯数　一般世帯数": "211", "高齢夫婦世帯数　一般世帯数": "263", "index_right": 880 }, "geometry": { "type": "Polygon", "coordinates": [ [ [ 139.41875, 35.341666666666661 ], [ 139.4125, 35.341666666666661 ], [ 139.4125, 35.345833333333331 ], [ 139.41875, 35.345833333333331 ], [ 139.41875, 35.341666666666661 ] ] ] } },
{ "type": "Feature", "properties": { "KEY_CODE": "533903132", "MESH1_ID": "5339", "MESH2_ID": "03", "MESH3_ID": "13", "MESH4_ID": "2", "OBJ_ID": 1254, "Unnamed: 1": 0, "Unnamed: 2": null, "Unnamed: 3": null, "人口（総数）": 2987, "人口（総数）　男": 1463, "人口（総数）　女": 1524, "０〜１４歳人口　総数": "479", "０〜１４歳人口　男": "242", "０〜１４歳人口　女": "237", "１５歳以上人口　総数": "2471", "１５歳以上人口　男": "1200", "１５歳以上人口　女": "1271", "１５〜６４歳人口　総数": "1749", "１５〜６４歳人口　男": "875", "１５〜６４歳人口　女": "874", "１８歳以上人口　総数": "2393", "１８歳以上人口　男": "1156", "１８歳以上人口　女": "1237", "２０歳以上人口　総数": "2342", "２０歳以上人口　男": "1128", "２０歳以上人口　女": "1214", "６５歳以上人口　総数": "722", "６５歳以上人口　男": "325", "６５歳以上人口　女": "397", "７５歳以上人口　総数": "350", "７５歳以上人口　男": "153", "７５歳以上人口　女": "197", "８５歳以上人口　総数": "118", "８５歳以上人口　男": "31", "８５歳以上人口　女": "87", "９５歳以上人口　総数": "16", "９５歳以上人口　男": "0", "９５歳以上人口　女": "16", "外国人人口　総数": "11", "外国人人口　男": "3", "外国人人口　女": "8", "世帯総数": 1199, "一般世帯数": 1195, "１人世帯数　一般世帯数": "323", "２人世帯数　一般世帯数": "364", "３人世帯数　一般世帯数": "255", "４人世帯数　一般世帯数": "188", "５人世帯数　一般世帯数": "56", "６人世帯数　一般世帯数": "8", "７人以上世帯数　一般世帯数": "1", "親族のみの世帯数　一般世帯数": "863", "核家族世帯数　一般世帯数": "834", "核家族以外の世帯数　一般世帯数": "29", "６歳未満世帯員のいる世帯数　一般世帯数": "130", "６５歳以上世帯員のいる世帯数　一般世帯数": "424", "世帯主の年齢が２０〜２９歳の１人世帯数　一般世帯数": "58", "高齢単身世帯数　一般世帯数": "91", "高齢夫婦世帯数　一般世帯数": "177", "index_right": 880 }, "geometry": { "type": "Polygon", "coordinates": [ [ [ 139.425, 35.341666666666661 ], [ 139.41875, 35.341666666666661 ], [ 139.41875, 35.345833333333331 ], [ 139.425, 35.345833333333331 ], [ 139.425, 35.341666666666661 ] ] ] } },
{ "type": "Feature", "properties": { "KEY_CODE": "533903133", "MESH1_ID": "5339", "MESH2_ID": "03", "MESH3_ID": "13", "MESH4_ID": "3", "OBJ_ID": 1255, "Unnamed: 1": 0, "Unnamed: 2": null, "Unnamed: 3": null, "人口（総数）": 2393, "人口（総数）　男": 1193, "人口（総数）　女": 1200, "０〜１４歳人口　総数": "270", "０〜１４歳人口　男": "135", "０〜１４歳人口　女": "135", "１５歳以上人口　総数": "2111", "１５歳以上人口　男": "1051", "１５歳以上人口　女": "1060", "１５〜６４歳人口　総数": "1462", "１５〜６４歳人口　男": "760", "１５〜６４歳人口　女": "702", "１８歳以上人口　総数": "2048", "１８歳以上人口　男": "1019", "１８歳以上人口　女": "1029", "２０歳以上人口　総数": "1987", "２０歳以上人口　男": "989", "２０歳以上人口　女": "998", "６５歳以上人口　総数": "649", "６５歳以上人口　男": "291", "６５歳以上人口　女": "358", "７５歳以上人口　総数": "321", "７５歳以上人口　男": "137", "７５歳以上人口　女": "184", "８５歳以上人口　総数": "68", "８５歳以上人口　男": "20", "８５歳以上人口　女": "48", "９５歳以上人口　総数": "2", "９５歳以上人口　男": "0", "９５歳以上人口　女": "2", "外国人人口　総数": "10", "外国人人口　男": "4", "外国人人口　女": "6", "世帯総数": 1002, "一般世帯数": 1002, "１人世帯数　一般世帯数": "304", "２人世帯数　一般世帯数": "278", "３人世帯数　一般世帯数": "208", "４人世帯数　一般世帯数": "167", "５人世帯数　一般世帯数": "32", "６人世帯数　一般世帯数": "10", "７人以上世帯数　一般世帯数": "3", "親族のみの世帯数　一般世帯数": "694", "核家族世帯数　一般世帯数": "643", "核家族以外の世帯数　一般世帯数": "51", "６歳未満世帯員のいる世帯数　一般世帯数": "72", "６５歳以上世帯員のいる世帯数　一般世帯数": "431", "世帯主の年齢が２０〜２９歳の１人世帯数　一般世帯数": "51", "高齢単身世帯数　一般世帯数": "100", "高齢夫婦世帯数　一般世帯数": "132", "index_right": 880 }, "geometry": { "type": "Polygon", "coordinates": [ [ [ 139.41875, 35.345833333333331 ], [ 139.4125, 35.345833333333331 ], [ 139.4125, 35.35 ], [ 139.41875, 35.35 ], [ 139.41875, 35.345833333333331 ] ] ] } },
{ "type": "Feature", "properties": { "KEY_CODE": "533903134", "MESH1_ID": "5339", "MESH2_ID": "03", "MESH3_ID": "13", "MESH4_ID": "4", "OBJ_ID": 1256, "Unnamed: 1": 0, "Unnamed: 2": null, "Unnamed: 3": null, "人口（総数）": 1821, "人口（総数）　男": 920, "人口（総数）　女": 901, "０〜１４歳人口　総数": "191", "０〜１４歳人口　男": "95", "０〜１４歳人口　女": "96", "１５歳以上人口　総数": "1609", "１５歳以上人口　男": "811", "１５歳以上人口　女": "798", "１５〜６４歳人口　総数": "1074", "１５〜６４歳人口　男": "566", "１５〜６４歳人口　女": "508", "１８歳以上人口　総数": "1551", "１８歳以上人口　男": "783", "１８歳以上人口　女": "768", "２０歳以上人口　総数": "1511", "２０歳以上人口　男": "763", "２０歳以上人口　女": "748", "６５歳以上人口　総数": "535", "６５歳以上人口　男": "245", "６５歳以上人口　女": "290", "７５歳以上人口　総数": "262", "７５歳以上人口　男": "121", "７５歳以上人口　女": "141", "８５歳以上人口　総数": "68", "８５歳以上人口　男": "20", "８５歳以上人口　女": "48", "９５歳以上人口　総数": "12", "９５歳以上人口　男": "2", "９５歳以上人口　女": "10", "外国人人口　総数": "5", "外国人人口　男": "3", "外国人人口　女": "2", "世帯総数": 760, "一般世帯数": 759, "１人世帯数　一般世帯数": "214", "２人世帯数　一般世帯数": "243", "３人世帯数　一般世帯数": "149", "４人世帯数　一般世帯数": "121", "５人世帯数　一般世帯数": "28", "６人世帯数　一般世帯数": "3", "７人以上世帯数　一般世帯数": "1", "親族のみの世帯数　一般世帯数": "533", "核家族世帯数　一般世帯数": "495", "核家族以外の世帯数　一般世帯数": "38", "６歳未満世帯員のいる世帯数　一般世帯数": "40", "６５歳以上世帯員のいる世帯数　一般世帯数": "328", "世帯主の年齢が２０〜２９歳の１人世帯数　一般世帯数": "35", "高齢単身世帯数　一般世帯数": "62", "高齢夫婦世帯数　一般世帯数": "115", "index_right": 880 }, "geometry": { "type": "Polygon", "coordinates": [ [ [ 139.425, 35.345833333333331 ], [ 139.41875, 35.345833333333331 ], [ 139.41875, 35.35 ], [ 139.425, 35.35 ], [ 139.425, 35.345833333333331 ] ] ] } },
{ "type": "Feature", "properties": { "KEY_CODE": "533903141", "MESH1_ID": "5339", "MESH2_ID": "03", "MESH3_ID": "14", "MESH4_ID": "1", "OBJ_ID": 1257, "Unnamed: 1": 0, "Unnamed: 2": null, "Unnamed: 3": null, "人口（総数）": 2541, "人口（総数）　男": 1252, "人口（総数）　女": 1289, "０〜１４歳人口　総数": "409", "０〜１４歳人口　男": "211", "０〜１４歳人口　女": "198", "１５歳以上人口　総数": "2121", "１５歳以上人口　男": "1035", "１５歳以上人口　女": "1086", "１５〜６４歳人口　総数": "1518", "１５〜６４歳人口　男": "766", "１５〜６４歳人口　女": "752", "１８歳以上人口　総数": "2047", "１８歳以上人口　男": "1002", "１８歳以上人口　女": "1045", "２０歳以上人口　総数": "1991", "２０歳以上人口　男": "972", "２０歳以上人口　女": "1019", "６５歳以上人口　総数": "603", "６５歳以上人口　男": "269", "６５歳以上人口　女": "334", "７５歳以上人口　総数": "267", "７５歳以上人口　男": "113", "７５歳以上人口　女": "154", "８５歳以上人口　総数": "87", "８５歳以上人口　男": "27", "８５歳以上人口　女": "60", "９５歳以上人口　総数": "7", "９５歳以上人口　男": "4", "９５歳以上人口　女": "3", "外国人人口　総数": "14", "外国人人口　男": "6", "外国人人口　女": "8", "世帯総数": 960, "一般世帯数": 958, "１人世帯数　一般世帯数": "202", "２人世帯数　一般世帯数": "304", "３人世帯数　一般世帯数": "203", "４人世帯数　一般世帯数": "190", "５人世帯数　一般世帯数": "50", "６人世帯数　一般世帯数": "8", "７人以上世帯数　一般世帯数": "1", "親族のみの世帯数　一般世帯数": "750", "核家族世帯数　一般世帯数": "696", "核家族以外の世帯数　一般世帯数": "54", "６歳未満世帯員のいる世帯数　一般世帯数": "116", "６５歳以上世帯員のいる世帯数　一般世帯数": "355", "世帯主の年齢が２０〜２９歳の１人世帯数　一般世帯数": "29", "高齢単身世帯数　一般世帯数": "60", "高齢夫婦世帯数　一般世帯数": "132", "index_right": 880 }, "geometry": { "type": "Polygon", "coordinates": [ [ [ 139.43125, 35.341666666666661 ], [ 139.425, 35.341666666666661 ], [ 139.425, 35.345833333333331 ], [ 139.43125, 35.345833333333331 ], [ 139.43125, 35.341666666666661 ] ] ] } },
{ "type": "Feature", "properties": { "KEY_CODE": "533903142", "MESH1_ID": "5339", "MESH2_ID": "03", "MESH3_ID": "14", "MESH4_ID": "2", "OBJ_ID": 1258, "Unnamed: 1": 0, "Unnamed: 2": null, "Unnamed: 3": null, "人口（総数）": 3819, "人口（総数）　男": 1896, "人口（総数）　女": 1923, "０〜１４歳人口　総数": "594", "０〜１４歳人口　男": "321", "０〜１４歳人口　女": "273", "１５歳以上人口　総数": "3205", "１５歳以上人口　男": "1562", "１５歳以上人口　女": "1643", "１５〜６４歳人口　総数": "2314", "１５〜６４歳人口　男": "1166", "１５〜６４歳人口　女": "1148", "１８歳以上人口　総数": "3119", "１８歳以上人口　男": "1522", "１８歳以上人口　女": "1597", "２０歳以上人口　総数": "3061", "２０歳以上人口　男": "1494", "２０歳以上人口　女": "1567", "６５歳以上人口　総数": "891", "６５歳以上人口　男": "396", "６５歳以上人口　女": "495", "７５歳以上人口　総数": "491", "７５歳以上人口　男": "204", "７５歳以上人口　女": "287", "８５歳以上人口　総数": "126", "８５歳以上人口　男": "45", "８５歳以上人口　女": "81", "９５歳以上人口　総数": "8", "９５歳以上人口　男": "1", "９５歳以上人口　女": "7", "外国人人口　総数": "29", "外国人人口　男": "18", "外国人人口　女": "11", "世帯総数": 1586, "一般世帯数": 1585, "１人世帯数　一般世帯数": "427", "２人世帯数　一般世帯数": "512", "３人世帯数　一般世帯数": "333", "４人世帯数　一般世帯数": "240", "５人世帯数　一般世帯数": "61", "６人世帯数　一般世帯数": "8", "７人以上世帯数　一般世帯数": "4", "親族のみの世帯数　一般世帯数": "1151", "核家族世帯数　一般世帯数": "1094", "核家族以外の世帯数　一般世帯数": "57", "６歳未満世帯員のいる世帯数　一般世帯数": "202", "６５歳以上世帯員のいる世帯数　一般世帯数": "585", "世帯主の年齢が２０〜２９歳の１人世帯数　一般世帯数": "53", "高齢単身世帯数　一般世帯数": "172", "高齢夫婦世帯数　一般世帯数": "194", "index_right": 880 }, "geometry": { "type": "Polygon", "coordinates": [ [ [ 139.4375, 35.341666666666661 ], [ 139.43125, 35.341666666666661 ], [ 139.43125, 35.345833333333331 ], [ 139.4375, 35.345833333333331 ], [ 139.4375, 35.341666666666661 ] ] ] } },
{ "type": "Feature", "properties": { "KEY_CODE": "533903143", "MESH1_ID": "5339", "MESH2_ID": "03", "MESH3_ID": "14", "MESH4_ID": "3", "OBJ_ID": 1259, "Unnamed: 1": 0, "Unnamed: 2": null, "Unnamed: 3": null, "人口（総数）": 1417, "人口（総数）　男": 728, "人口（総数）　女": 689, "０〜１４歳人口　総数": "225", "０〜１４歳人口　男": "135", "０〜１４歳人口　女": "90", "１５歳以上人口　総数": "1179", "１５歳以上人口　男": "582", "１５歳以上人口　女": "597", "１５〜６４歳人口　総数": "824", "１５〜６４歳人口　男": "418", "１５〜６４歳人口　女": "406", "１８歳以上人口　総数": "1125", "１８歳以上人口　男": "558", "１８歳以上人口　女": "567", "２０歳以上人口　総数": "1093", "２０歳以上人口　男": "544", "２０歳以上人口　女": "549", "６５歳以上人口　総数": "355", "６５歳以上人口　男": "164", "６５歳以上人口　女": "191", "７５歳以上人口　総数": "141", "７５歳以上人口　男": "65", "７５歳以上人口　女": "76", "８５歳以上人口　総数": "35", "８５歳以上人口　男": "13", "８５歳以上人口　女": "22", "９５歳以上人口　総数": "0", "９５歳以上人口　男": "0", "９５歳以上人口　女": "0", "外国人人口　総数": "11", "外国人人口　男": "8", "外国人人口　女": "3", "世帯総数": 546, "一般世帯数": 546, "１人世帯数　一般世帯数": "140", "２人世帯数　一般世帯数": "151", "３人世帯数　一般世帯数": "109", "４人世帯数　一般世帯数": "97", "５人世帯数　一般世帯数": "38", "６人世帯数　一般世帯数": "7", "７人以上世帯数　一般世帯数": "4", "親族のみの世帯数　一般世帯数": "402", "核家族世帯数　一般世帯数": "371", "核家族以外の世帯数　一般世帯数": "31", "６歳未満世帯員のいる世帯数　一般世帯数": "60", "６５歳以上世帯員のいる世帯数　一般世帯数": "231", "世帯主の年齢が２０〜２９歳の１人世帯数　一般世帯数": "15", "高齢単身世帯数　一般世帯数": "58", "高齢夫婦世帯数　一般世帯数": "84", "index_right": 880 }, "geometry": { "type": "Polygon", "coordinates": [ [ [ 139.43125, 35.345833333333331 ], [ 139.425, 35.345833333333331 ], [ 139.425, 35.35 ], [ 139.43125, 35.35 ], [ 139.43125, 35.345833333333331 ] ] ] } },
{ "type": "Feature", "properties": { "KEY_CODE": "533903144", "MESH1_ID": "5339", "MESH2_ID": "03", "MESH3_ID": "14", "MESH4_ID": "4", "OBJ_ID": 1260, "Unnamed: 1": 0, "Unnamed: 2": null, "Unnamed: 3": null, "人口（総数）": 1231, "人口（総数）　男": 664, "人口（総数）　女": 567, "０〜１４歳人口　総数": "206", "０〜１４歳人口　男": "109", "０〜１４歳人口　女": "97", "１５歳以上人口　総数": "1015", "１５歳以上人口　男": "549", "１５歳以上人口　女": "466", "１５〜６４歳人口　総数": "725", "１５〜６４歳人口　男": "392", "１５〜６４歳人口　女": "333", "１８歳以上人口　総数": "987", "１８歳以上人口　男": "538", "１８歳以上人口　女": "449", "２０歳以上人口　総数": "968", "２０歳以上人口　男": "527", "２０歳以上人口　女": "441", "６５歳以上人口　総数": "290", "６５歳以上人口　男": "157", "６５歳以上人口　女": "133", "７５歳以上人口　総数": "115", "７５歳以上人口　男": "54", "７５歳以上人口　女": "61", "８５歳以上人口　総数": "18", "８５歳以上人口　男": "9", "８５歳以上人口　女": "9", "９５歳以上人口　総数": "0", "９５歳以上人口　男": "0", "９５歳以上人口　女": "0", "外国人人口　総数": "12", "外国人人口　男": "5", "外国人人口　女": "7", "世帯総数": 529, "一般世帯数": 529, "１人世帯数　一般世帯数": "186", "２人世帯数　一般世帯数": "138", "３人世帯数　一般世帯数": "93", "４人世帯数　一般世帯数": "78", "５人世帯数　一般世帯数": "27", "６人世帯数　一般世帯数": "6", "７人以上世帯数　一般世帯数": "1", "親族のみの世帯数　一般世帯数": "339", "核家族世帯数　一般世帯数": "318", "核家族以外の世帯数　一般世帯数": "21", "６歳未満世帯員のいる世帯数　一般世帯数": "53", "６５歳以上世帯員のいる世帯数　一般世帯数": "192", "世帯主の年齢が２０〜２９歳の１人世帯数　一般世帯数": "16", "高齢単身世帯数　一般世帯数": "50", "高齢夫婦世帯数　一般世帯数": "72", "index_right": 880 }, "geometry": { "type": "Polygon", "coordinates": [ [ [ 139.4375, 35.345833333333331 ], [ 139.43125, 35.345833333333331 ], [ 139.43125, 35.35 ], [ 139.4375, 35.35 ], [ 139.4375, 35.345833333333331 ] ] ] } },
{ "type": "Feature", "properties": { "KEY_CODE": "533903151", "MESH1_ID": "5339", "MESH2_ID": "03", "MESH3_ID": "15", "MESH4_ID": "1", "OBJ_ID": 1261, "Unnamed: 1": 0, "Unnamed: 2": null, "Unnamed: 3": null, "人口（総数）": 3795, "人口（総数）　男": 1846, "人口（総数）　女": 1949, "０〜１４歳人口　総数": "434", "０〜１４歳人口　男": "224", "０〜１４歳人口　女": "210", "１５歳以上人口　総数": "3348", "１５歳以上人口　男": "1615", "１５歳以上人口　女": "1733", "１５〜６４歳人口　総数": "2559", "１５〜６４歳人口　男": "1254", "１５〜６４歳人口　女": "1305", "１８歳以上人口　総数": "3225", "１８歳以上人口　男": "1550", "１８歳以上人口　女": "1675", "２０歳以上人口　総数": "3144", "２０歳以上人口　男": "1514", "２０歳以上人口　女": "1630", "６５歳以上人口　総数": "789", "６５歳以上人口　男": "361", "６５歳以上人口　女": "428", "７５歳以上人口　総数": "382", "７５歳以上人口　男": "163", "７５歳以上人口　女": "219", "８５歳以上人口　総数": "114", "８５歳以上人口　男": "40", "８５歳以上人口　女": "74", "９５歳以上人口　総数": "4", "９５歳以上人口　男": "0", "９５歳以上人口　女": "4", "外国人人口　総数": "38", "外国人人口　男": "19", "外国人人口　女": "19", "世帯総数": 1703, "一般世帯数": 1698, "１人世帯数　一般世帯数": "597", "２人世帯数　一般世帯数": "490", "３人世帯数　一般世帯数": "310", "４人世帯数　一般世帯数": "248", "５人世帯数　一般世帯数": "42", "６人世帯数　一般世帯数": "11", "７人以上世帯数　一般世帯数": "0", "親族のみの世帯数　一般世帯数": "1093", "核家族世帯数　一般世帯数": "1025", "核家族以外の世帯数　一般世帯数": "68", "６歳未満世帯員のいる世帯数　一般世帯数": "128", "６５歳以上世帯員のいる世帯数　一般世帯数": "518", "世帯主の年齢が２０〜２９歳の１人世帯数　一般世帯数": "208", "高齢単身世帯数　一般世帯数": "123", "高齢夫婦世帯数　一般世帯数": "172", "index_right": 880 }, "geometry": { "type": "Polygon", "coordinates": [ [ [ 139.44375, 35.341666666666661 ], [ 139.4375, 35.341666666666661 ], [ 139.4375, 35.345833333333331 ], [ 139.44375, 35.345833333333331 ], [ 139.44375, 35.341666666666661 ] ] ] } },
{ "type": "Feature", "properties": { "KEY_CODE": "533903152", "MESH1_ID": "5339", "MESH2_ID": "03", "MESH3_ID": "15", "MESH4_ID": "2", "OBJ_ID": 1262, "Unnamed: 1": 0, "Unnamed: 2": null, "Unnamed: 3": null, "人口（総数）": 2787, "人口（総数）　男": 1324, "人口（総数）　女": 1463, "０〜１４歳人口　総数": "346", "０〜１４歳人口　男": "166", "０〜１４歳人口　女": "180", "１５歳以上人口　総数": "2387", "１５歳以上人口　男": "1127", "１５歳以上人口　女": "1260", "１５〜６４歳人口　総数": "1799", "１５〜６４歳人口　男": "870", "１５〜６４歳人口　女": "929", "１８歳以上人口　総数": "2320", "１８歳以上人口　男": "1086", "１８歳以上人口　女": "1234", "２０歳以上人口　総数": "2282", "２０歳以上人口　男": "1065", "２０歳以上人口　女": "1217", "６５歳以上人口　総数": "588", "６５歳以上人口　男": "257", "６５歳以上人口　女": "331", "７５歳以上人口　総数": "293", "７５歳以上人口　男": "112", "７５歳以上人口　女": "181", "８５歳以上人口　総数": "83", "８５歳以上人口　男": "31", "８５歳以上人口　女": "52", "９５歳以上人口　総数": "7", "９５歳以上人口　男": "2", "９５歳以上人口　女": "5", "外国人人口　総数": "15", "外国人人口　男": "6", "外国人人口　女": "9", "世帯総数": 1293, "一般世帯数": 1292, "１人世帯数　一般世帯数": "537", "２人世帯数　一般世帯数": "326", "３人世帯数　一般世帯数": "221", "４人世帯数　一般世帯数": "165", "５人世帯数　一般世帯数": "35", "６人世帯数　一般世帯数": "6", "７人以上世帯数　一般世帯数": "2", "親族のみの世帯数　一般世帯数": "739", "核家族世帯数　一般世帯数": "692", "核家族以外の世帯数　一般世帯数": "47", "６歳未満世帯員のいる世帯数　一般世帯数": "125", "６５歳以上世帯員のいる世帯数　一般世帯数": "375", "世帯主の年齢が２０〜２９歳の１人世帯数　一般世帯数": "107", "高齢単身世帯数　一般世帯数": "107", "高齢夫婦世帯数　一般世帯数": "118", "index_right": 880 }, "geometry": { "type": "Polygon", "coordinates": [ [ [ 139.45, 35.341666666666661 ], [ 139.44375, 35.341666666666661 ], [ 139.44375, 35.345833333333331 ], [ 139.45, 35.345833333333331 ], [ 139.45, 35.341666666666661 ] ] ] } },
{ "type": "Feature", "properties": { "KEY_CODE": "533903153", "MESH1_ID": "5339", "MESH2_ID": "03", "MESH3_ID": "15", "MESH4_ID": "3", "OBJ_ID": 1263, "Unnamed: 1": 0, "Unnamed: 2": null, "Unnamed: 3": null, "人口（総数）": 1195, "人口（総数）　男": 547, "人口（総数）　女": 648, "０〜１４歳人口　総数": "184", "０〜１４歳人口　男": "85", "０〜１４歳人口　女": "99", "１５歳以上人口　総数": "1007", "１５歳以上人口　男": "460", "１５歳以上人口　女": "547", "１５〜６４歳人口　総数": "672", "１５〜６４歳人口　男": "321", "１５〜６４歳人口　女": "351", "１８歳以上人口　総数": "975", "１８歳以上人口　男": "445", "１８歳以上人口　女": "530", "２０歳以上人口　総数": "955", "２０歳以上人口　男": "438", "２０歳以上人口　女": "517", "６５歳以上人口　総数": "335", "６５歳以上人口　男": "139", "６５歳以上人口　女": "196", "７５歳以上人口　総数": "213", "７５歳以上人口　男": "80", "７５歳以上人口　女": "133", "８５歳以上人口　総数": "98", "８５歳以上人口　男": "30", "８５歳以上人口　女": "68", "９５歳以上人口　総数": "20", "９５歳以上人口　男": "2", "９５歳以上人口　女": "18", "外国人人口　総数": "15", "外国人人口　男": "4", "外国人人口　女": "11", "世帯総数": 431, "一般世帯数": 429, "１人世帯数　一般世帯数": "123", "２人世帯数　一般世帯数": "107", "３人世帯数　一般世帯数": "88", "４人世帯数　一般世帯数": "74", "５人世帯数　一般世帯数": "29", "６人世帯数　一般世帯数": "6", "７人以上世帯数　一般世帯数": "2", "親族のみの世帯数　一般世帯数": "303", "核家族世帯数　一般世帯数": "269", "核家族以外の世帯数　一般世帯数": "34", "６歳未満世帯員のいる世帯数　一般世帯数": "50", "６５歳以上世帯員のいる世帯数　一般世帯数": "162", "世帯主の年齢が２０〜２９歳の１人世帯数　一般世帯数": "24", "高齢単身世帯数　一般世帯数": "47", "高齢夫婦世帯数　一般世帯数": "41", "index_right": 880 }, "geometry": { "type": "Polygon", "coordinates": [ [ [ 139.44375, 35.345833333333331 ], [ 139.4375, 35.345833333333331 ], [ 139.4375, 35.35 ], [ 139.44375, 35.35 ], [ 139.44375, 35.345833333333331 ] ] ] } },
{ "type": "Feature", "properties": { "KEY_CODE": "533903201", "MESH1_ID": "5339", "MESH2_ID": "03", "MESH3_ID": "20", "MESH4_ID": "1", "OBJ_ID": 1281, "Unnamed: 1": 0, "Unnamed: 2": null, "Unnamed: 3": null, "人口（総数）": 192, "人口（総数）　男": 94, "人口（総数）　女": 98, "０〜１４歳人口　総数": "31", "０〜１４歳人口　男": "16", "０〜１４歳人口　女": "15", "１５歳以上人口　総数": "161", "１５歳以上人口　男": "78", "１５歳以上人口　女": "83", "１５〜６４歳人口　総数": "109", "１５〜６４歳人口　男": "57", "１５〜６４歳人口　女": "52", "１８歳以上人口　総数": "161", "１８歳以上人口　男": "78", "１８歳以上人口　女": "83", "２０歳以上人口　総数": "160", "２０歳以上人口　男": "78", "２０歳以上人口　女": "82", "６５歳以上人口　総数": "52", "６５歳以上人口　男": "21", "６５歳以上人口　女": "31", "７５歳以上人口　総数": "31", "７５歳以上人口　男": "13", "７５歳以上人口　女": "18", "８５歳以上人口　総数": "10", "８５歳以上人口　男": "2", "８５歳以上人口　女": "8", "９５歳以上人口　総数": "0", "９５歳以上人口　男": "0", "９５歳以上人口　女": "0", "外国人人口　総数": "1", "外国人人口　男": "0", "外国人人口　女": "1", "世帯総数": 65, "一般世帯数": 65, "１人世帯数　一般世帯数": "9", "２人世帯数　一般世帯数": "22", "３人世帯数　一般世帯数": "14", "４人世帯数　一般世帯数": "8", "５人世帯数　一般世帯数": "8", "６人世帯数　一般世帯数": "3", "７人以上世帯数　一般世帯数": "1", "親族のみの世帯数　一般世帯数": "52", "核家族世帯数　一般世帯数": "38", "核家族以外の世帯数　一般世帯数": "14", "６歳未満世帯員のいる世帯数　一般世帯数": "7", "６５歳以上世帯員のいる世帯数　一般世帯数": "33", "世帯主の年齢が２０〜２９歳の１人世帯数　一般世帯数": "0", "高齢単身世帯数　一般世帯数": "5", "高齢夫婦世帯数　一般世帯数": "5", "index_right": 880 }, "geometry": { "type": "Polygon", "coordinates": [ [ [ 139.38125, 35.35 ], [ 139.375, 35.35 ], [ 139.375, 35.354166666666664 ], [ 139.38125, 35.354166666666664 ], [ 139.38125, 35.35 ] ] ] } },
{ "type": "Feature", "properties": { "KEY_CODE": "533903202", "MESH1_ID": "5339", "MESH2_ID": "03", "MESH3_ID": "20", "MESH4_ID": "2", "OBJ_ID": 1282, "Unnamed: 1": 0, "Unnamed: 2": null, "Unnamed: 3": null, "人口（総数）": 266, "人口（総数）　男": 140, "人口（総数）　女": 126, "０〜１４歳人口　総数": "31", "０〜１４歳人口　男": "18", "０〜１４歳人口　女": "13", "１５歳以上人口　総数": "235", "１５歳以上人口　男": "122", "１５歳以上人口　女": "113", "１５〜６４歳人口　総数": "147", "１５〜６４歳人口　男": "79", "１５〜６４歳人口　女": "68", "１８歳以上人口　総数": "232", "１８歳以上人口　男": "120", "１８歳以上人口　女": "112", "２０歳以上人口　総数": "227", "２０歳以上人口　男": "116", "２０歳以上人口　女": "111", "６５歳以上人口　総数": "88", "６５歳以上人口　男": "43", "６５歳以上人口　女": "45", "７５歳以上人口　総数": "49", "７５歳以上人口　男": "23", "７５歳以上人口　女": "26", "８５歳以上人口　総数": "12", "８５歳以上人口　男": "5", "８５歳以上人口　女": "7", "９５歳以上人口　総数": "0", "９５歳以上人口　男": "0", "９５歳以上人口　女": "0", "外国人人口　総数": "3", "外国人人口　男": "1", "外国人人口　女": "2", "世帯総数": 110, "一般世帯数": 110, "１人世帯数　一般世帯数": "27", "２人世帯数　一般世帯数": "35", "３人世帯数　一般世帯数": "29", "４人世帯数　一般世帯数": "14", "５人世帯数　一般世帯数": "4", "６人世帯数　一般世帯数": "1", "７人以上世帯数　一般世帯数": "0", "親族のみの世帯数　一般世帯数": "83", "核家族世帯数　一般世帯数": "71", "核家族以外の世帯数　一般世帯数": "12", "６歳未満世帯員のいる世帯数　一般世帯数": "7", "６５歳以上世帯員のいる世帯数　一般世帯数": "58", "世帯主の年齢が２０〜２９歳の１人世帯数　一般世帯数": "4", "高齢単身世帯数　一般世帯数": "11", "高齢夫婦世帯数　一般世帯数": "17", "index_right": 880 }, "geometry": { "type": "Polygon", "coordinates": [ [ [ 139.3875, 35.35 ], [ 139.38125, 35.35 ], [ 139.38125, 35.354166666666664 ], [ 139.3875, 35.354166666666664 ], [ 139.3875, 35.35 ] ] ] } },
{ "type": "Feature", "properties": { "KEY_CODE": "533903211", "MESH1_ID": "5339", "MESH2_ID": "03", "MESH3_ID": "21", "MESH4_ID": "1", "OBJ_ID": 1285, "Unnamed: 1": 0, "Unnamed: 2": null, "Unnamed: 3": null, "人口（総数）": 184, "人口（総数）　男": 92, "人口（総数）　女": 92, "０〜１４歳人口　総数": "30", "０〜１４歳人口　男": "14", "０〜１４歳人口　女": "16", "１５歳以上人口　総数": "153", "１５歳以上人口　男": "77", "１５歳以上人口　女": "76", "１５〜６４歳人口　総数": "112", "１５〜６４歳人口　男": "60", "１５〜６４歳人口　女": "52", "１８歳以上人口　総数": "147", "１８歳以上人口　男": "74", "１８歳以上人口　女": "73", "２０歳以上人口　総数": "146", "２０歳以上人口　男": "74", "２０歳以上人口　女": "72", "６５歳以上人口　総数": "41", "６５歳以上人口　男": "17", "６５歳以上人口　女": "24", "７５歳以上人口　総数": "22", "７５歳以上人口　男": "9", "７５歳以上人口　女": "13", "８５歳以上人口　総数": "2", "８５歳以上人口　男": "1", "８５歳以上人口　女": "1", "９５歳以上人口　総数": "0", "９５歳以上人口　男": "0", "９５歳以上人口　女": "0", "外国人人口　総数": "1", "外国人人口　男": "1", "外国人人口　女": "0", "世帯総数": 73, "一般世帯数": 73, "１人世帯数　一般世帯数": "18", "２人世帯数　一般世帯数": "22", "３人世帯数　一般世帯数": "17", "４人世帯数　一般世帯数": "9", "５人世帯数　一般世帯数": "7", "６人世帯数　一般世帯数": "0", "７人以上世帯数　一般世帯数": "0", "親族のみの世帯数　一般世帯数": "54", "核家族世帯数　一般世帯数": "47", "核家族以外の世帯数　一般世帯数": "7", "６歳未満世帯員のいる世帯数　一般世帯数": "11", "６５歳以上世帯員のいる世帯数　一般世帯数": "29", "世帯主の年齢が２０〜２９歳の１人世帯数　一般世帯数": "1", "高齢単身世帯数　一般世帯数": "6", "高齢夫婦世帯数　一般世帯数": "8", "index_right": 880 }, "geometry": { "type": "Polygon", "coordinates": [ [ [ 139.39375, 35.35 ], [ 139.3875, 35.35 ], [ 139.3875, 35.354166666666664 ], [ 139.39375, 35.354166666666664 ], [ 139.39375, 35.35 ] ] ] } },
{ "type": "Feature", "properties": { "KEY_CODE": "533903212", "MESH1_ID": "5339", "MESH2_ID": "03", "MESH3_ID": "21", "MESH4_ID": "2", "OBJ_ID": 1286, "Unnamed: 1": 0, "Unnamed: 2": null, "Unnamed: 3": null, "人口（総数）": 2161, "人口（総数）　男": 1087, "人口（総数）　女": 1074, "０〜１４歳人口　総数": "256", "０〜１４歳人口　男": "136", "０〜１４歳人口　女": "120", "１５歳以上人口　総数": "1892", "１５歳以上人口　男": "943", "１５歳以上人口　女": "949", "１５〜６４歳人口　総数": "1279", "１５〜６４歳人口　男": "659", "１５〜６４歳人口　女": "620", "１８歳以上人口　総数": "1843", "１８歳以上人口　男": "917", "１８歳以上人口　女": "926", "２０歳以上人口　総数": "1808", "２０歳以上人口　男": "901", "２０歳以上人口　女": "907", "６５歳以上人口　総数": "613", "６５歳以上人口　男": "284", "６５歳以上人口　女": "329", "７５歳以上人口　総数": "305", "７５歳以上人口　男": "122", "７５歳以上人口　女": "183", "８５歳以上人口　総数": "77", "８５歳以上人口　男": "30", "８５歳以上人口　女": "47", "９５歳以上人口　総数": "6", "９５歳以上人口　男": "1", "９５歳以上人口　女": "5", "外国人人口　総数": "25", "外国人人口　男": "9", "外国人人口　女": "16", "世帯総数": 894, "一般世帯数": 893, "１人世帯数　一般世帯数": "237", "２人世帯数　一般世帯数": "284", "３人世帯数　一般世帯数": "201", "４人世帯数　一般世帯数": "120", "５人世帯数　一般世帯数": "42", "６人世帯数　一般世帯数": "6", "７人以上世帯数　一般世帯数": "3", "親族のみの世帯数　一般世帯数": "651", "核家族世帯数　一般世帯数": "597", "核家族以外の世帯数　一般世帯数": "54", "６歳未満世帯員のいる世帯数　一般世帯数": "64", "６５歳以上世帯員のいる世帯数　一般世帯数": "413", "世帯主の年齢が２０〜２９歳の１人世帯数　一般世帯数": "24", "高齢単身世帯数　一般世帯数": "104", "高齢夫婦世帯数　一般世帯数": "123", "index_right": 880 }, "geometry": { "type": "Polygon", "coordinates": [ [ [ 139.4, 35.35 ], [ 139.39375, 35.35 ], [ 139.39375, 35.354166666666664 ], [ 139.4, 35.354166666666664 ], [ 139.4, 35.35 ] ] ] } },
{ "type": "Feature", "properties": { "KEY_CODE": "533903214", "MESH1_ID": "5339", "MESH2_ID": "03", "MESH3_ID": "21", "MESH4_ID": "4", "OBJ_ID": 1288, "Unnamed: 1": 0, "Unnamed: 2": null, "Unnamed: 3": null, "人口（総数）": 1656, "人口（総数）　男": 823, "人口（総数）　女": 833, "０〜１４歳人口　総数": "243", "０〜１４歳人口　男": "131", "０〜１４歳人口　女": "112", "１５歳以上人口　総数": "1399", "１５歳以上人口　男": "682", "１５歳以上人口　女": "717", "１５〜６４歳人口　総数": "986", "１５〜６４歳人口　男": "496", "１５〜６４歳人口　女": "490", "１８歳以上人口　総数": "1362", "１８歳以上人口　男": "661", "１８歳以上人口　女": "701", "２０歳以上人口　総数": "1342", "２０歳以上人口　男": "651", "２０歳以上人口　女": "691", "６５歳以上人口　総数": "413", "６５歳以上人口　男": "186", "６５歳以上人口　女": "227", "７５歳以上人口　総数": "223", "７５歳以上人口　男": "97", "７５歳以上人口　女": "126", "８５歳以上人口　総数": "48", "８５歳以上人口　男": "20", "８５歳以上人口　女": "28", "９５歳以上人口　総数": "2", "９５歳以上人口　男": "1", "９５歳以上人口　女": "1", "外国人人口　総数": "10", "外国人人口　男": "8", "外国人人口　女": "2", "世帯総数": 653, "一般世帯数": 652, "１人世帯数　一般世帯数": "142", "２人世帯数　一般世帯数": "223", "３人世帯数　一般世帯数": "145", "４人世帯数　一般世帯数": "103", "５人世帯数　一般世帯数": "31", "６人世帯数　一般世帯数": "7", "７人以上世帯数　一般世帯数": "1", "親族のみの世帯数　一般世帯数": "504", "核家族世帯数　一般世帯数": "458", "核家族以外の世帯数　一般世帯数": "46", "６歳未満世帯員のいる世帯数　一般世帯数": "72", "６５歳以上世帯員のいる世帯数　一般世帯数": "272", "世帯主の年齢が２０〜２９歳の１人世帯数　一般世帯数": "18", "高齢単身世帯数　一般世帯数": "56", "高齢夫婦世帯数　一般世帯数": "92", "index_right": 880 }, "geometry": { "type": "Polygon", "coordinates": [ [ [ 139.4, 35.354166666666664 ], [ 139.39375, 35.354166666666664 ], [ 139.39375, 35.358333333333334 ], [ 139.4, 35.358333333333334 ], [ 139.4, 35.354166666666664 ] ] ] } },
{ "type": "Feature", "properties": { "KEY_CODE": "533903221", "MESH1_ID": "5339", "MESH2_ID": "03", "MESH3_ID": "22", "MESH4_ID": "1", "OBJ_ID": 1289, "Unnamed: 1": 0, "Unnamed: 2": null, "Unnamed: 3": null, "人口（総数）": 2759, "人口（総数）　男": 1322, "人口（総数）　女": 1437, "０〜１４歳人口　総数": "349", "０〜１４歳人口　男": "166", "０〜１４歳人口　女": "183", "１５歳以上人口　総数": "2392", "１５歳以上人口　男": "1143", "１５歳以上人口　女": "1249", "１５〜６４歳人口　総数": "1551", "１５〜６４歳人口　男": "763", "１５〜６４歳人口　女": "788", "１８歳以上人口　総数": "2310", "１８歳以上人口　男": "1099", "１８歳以上人口　女": "1211", "２０歳以上人口　総数": "2259", "２０歳以上人口　男": "1075", "２０歳以上人口　女": "1184", "６５歳以上人口　総数": "841", "６５歳以上人口　男": "380", "６５歳以上人口　女": "461", "７５歳以上人口　総数": "446", "７５歳以上人口　男": "198", "７５歳以上人口　女": "248", "８５歳以上人口　総数": "104", "８５歳以上人口　男": "44", "８５歳以上人口　女": "60", "９５歳以上人口　総数": "6", "９５歳以上人口　男": "0", "９５歳以上人口　女": "6", "外国人人口　総数": "9", "外国人人口　男": "3", "外国人人口　女": "6", "世帯総数": 1131, "一般世帯数": 1130, "１人世帯数　一般世帯数": "271", "２人世帯数　一般世帯数": "398", "３人世帯数　一般世帯数": "227", "４人世帯数　一般世帯数": "178", "５人世帯数　一般世帯数": "40", "６人世帯数　一般世帯数": "15", "７人以上世帯数　一般世帯数": "1", "親族のみの世帯数　一般世帯数": "855", "核家族世帯数　一般世帯数": "797", "核家族以外の世帯数　一般世帯数": "58", "６歳未満世帯員のいる世帯数　一般世帯数": "95", "６５歳以上世帯員のいる世帯数　一般世帯数": "554", "世帯主の年齢が２０〜２９歳の１人世帯数　一般世帯数": "18", "高齢単身世帯数　一般世帯数": "149", "高齢夫婦世帯数　一般世帯数": "194", "index_right": 880 }, "geometry": { "type": "Polygon", "coordinates": [ [ [ 139.40625, 35.35 ], [ 139.4, 35.35 ], [ 139.4, 35.354166666666664 ], [ 139.40625, 35.354166666666664 ], [ 139.40625, 35.35 ] ] ] } },
{ "type": "Feature", "properties": { "KEY_CODE": "533903222", "MESH1_ID": "5339", "MESH2_ID": "03", "MESH3_ID": "22", "MESH4_ID": "2", "OBJ_ID": 1290, "Unnamed: 1": 0, "Unnamed: 2": null, "Unnamed: 3": null, "人口（総数）": 3328, "人口（総数）　男": 1615, "人口（総数）　女": 1713, "０〜１４歳人口　総数": "360", "０〜１４歳人口　男": "168", "０〜１４歳人口　女": "192", "１５歳以上人口　総数": "2932", "１５歳以上人口　男": "1426", "１５歳以上人口　女": "1506", "１５〜６４歳人口　総数": "1860", "１５〜６４歳人口　男": "958", "１５〜６４歳人口　女": "902", "１８歳以上人口　総数": "2839", "１８歳以上人口　男": "1379", "１８歳以上人口　女": "1460", "２０歳以上人口　総数": "2774", "２０歳以上人口　男": "1344", "２０歳以上人口　女": "1430", "６５歳以上人口　総数": "1072", "６５歳以上人口　男": "468", "６５歳以上人口　女": "604", "７５歳以上人口　総数": "588", "７５歳以上人口　男": "241", "７５歳以上人口　女": "347", "８５歳以上人口　総数": "172", "８５歳以上人口　男": "50", "８５歳以上人口　女": "122", "９５歳以上人口　総数": "21", "９５歳以上人口　男": "2", "９５歳以上人口　女": "19", "外国人人口　総数": "27", "外国人人口　男": "14", "外国人人口　女": "13", "世帯総数": 1330, "一般世帯数": 1326, "１人世帯数　一般世帯数": "342", "２人世帯数　一般世帯数": "443", "３人世帯数　一般世帯数": "266", "４人世帯数　一般世帯数": "200", "５人世帯数　一般世帯数": "58", "６人世帯数　一般世帯数": "15", "７人以上世帯数　一般世帯数": "2", "親族のみの世帯数　一般世帯数": "975", "核家族世帯数　一般世帯数": "901", "核家族以外の世帯数　一般世帯数": "74", "６歳未満世帯員のいる世帯数　一般世帯数": "87", "６５歳以上世帯員のいる世帯数　一般世帯数": "655", "世帯主の年齢が２０〜２９歳の１人世帯数　一般世帯数": "30", "高齢単身世帯数　一般世帯数": "155", "高齢夫婦世帯数　一般世帯数": "213", "index_right": 880 }, "geometry": { "type": "Polygon", "coordinates": [ [ [ 139.4125, 35.35 ], [ 139.40625, 35.35 ], [ 139.40625, 35.354166666666664 ], [ 139.4125, 35.354166666666664 ], [ 139.4125, 35.35 ] ] ] } },
{ "type": "Feature", "properties": { "KEY_CODE": "533903223", "MESH1_ID": "5339", "MESH2_ID": "03", "MESH3_ID": "22", "MESH4_ID": "3", "OBJ_ID": 1291, "Unnamed: 1": 0, "Unnamed: 2": null, "Unnamed: 3": null, "人口（総数）": 2795, "人口（総数）　男": 1363, "人口（総数）　女": 1432, "０〜１４歳人口　総数": "334", "０〜１４歳人口　男": "156", "０〜１４歳人口　女": "178", "１５歳以上人口　総数": "2433", "１５歳以上人口　男": "1188", "１５歳以上人口　女": "1245", "１５〜６４歳人口　総数": "1726", "１５〜６４歳人口　男": "880", "１５〜６４歳人口　女": "846", "１８歳以上人口　総数": "2354", "１８歳以上人口　男": "1147", "１８歳以上人口　女": "1207", "２０歳以上人口　総数": "2291", "２０歳以上人口　男": "1111", "２０歳以上人口　女": "1180", "６５歳以上人口　総数": "707", "６５歳以上人口　男": "308", "６５歳以上人口　女": "399", "７５歳以上人口　総数": "376", "７５歳以上人口　男": "144", "７５歳以上人口　女": "232", "８５歳以上人口　総数": "113", "８５歳以上人口　男": "44", "８５歳以上人口　女": "69", "９５歳以上人口　総数": "8", "９５歳以上人口　男": "2", "９５歳以上人口　女": "6", "外国人人口　総数": "18", "外国人人口　男": "12", "外国人人口　女": "6", "世帯総数": 1183, "一般世帯数": 1180, "１人世帯数　一般世帯数": "385", "２人世帯数　一般世帯数": "318", "３人世帯数　一般世帯数": "229", "４人世帯数　一般世帯数": "191", "５人世帯数　一般世帯数": "44", "６人世帯数　一般世帯数": "8", "７人以上世帯数　一般世帯数": "5", "親族のみの世帯数　一般世帯数": "788", "核家族世帯数　一般世帯数": "729", "核家族以外の世帯数　一般世帯数": "59", "６歳未満世帯員のいる世帯数　一般世帯数": "102", "６５歳以上世帯員のいる世帯数　一般世帯数": "489", "世帯主の年齢が２０〜２９歳の１人世帯数　一般世帯数": "34", "高齢単身世帯数　一般世帯数": "165", "高齢夫婦世帯数　一般世帯数": "130", "index_right": 880 }, "geometry": { "type": "Polygon", "coordinates": [ [ [ 139.40625, 35.354166666666664 ], [ 139.4, 35.354166666666664 ], [ 139.4, 35.358333333333334 ], [ 139.40625, 35.358333333333334 ], [ 139.40625, 35.354166666666664 ] ] ] } },
{ "type": "Feature", "properties": { "KEY_CODE": "533903224", "MESH1_ID": "5339", "MESH2_ID": "03", "MESH3_ID": "22", "MESH4_ID": "4", "OBJ_ID": 1292, "Unnamed: 1": 0, "Unnamed: 2": null, "Unnamed: 3": null, "人口（総数）": 2304, "人口（総数）　男": 1113, "人口（総数）　女": 1191, "０〜１４歳人口　総数": "274", "０〜１４歳人口　男": "140", "０〜１４歳人口　女": "134", "１５歳以上人口　総数": "2027", "１５歳以上人口　男": "971", "１５歳以上人口　女": "1056", "１５〜６４歳人口　総数": "1140", "１５〜６４歳人口　男": "572", "１５〜６４歳人口　女": "568", "１８歳以上人口　総数": "1973", "１８歳以上人口　男": "944", "１８歳以上人口　女": "1029", "２０歳以上人口　総数": "1939", "２０歳以上人口　男": "925", "２０歳以上人口　女": "1014", "６５歳以上人口　総数": "887", "６５歳以上人口　男": "399", "６５歳以上人口　女": "488", "７５歳以上人口　総数": "567", "７５歳以上人口　男": "258", "７５歳以上人口　女": "309", "８５歳以上人口　総数": "106", "８５歳以上人口　男": "51", "８５歳以上人口　女": "55", "９５歳以上人口　総数": "5", "９５歳以上人口　男": "0", "９５歳以上人口　女": "5", "外国人人口　総数": "5", "外国人人口　男": "1", "外国人人口　女": "4", "世帯総数": 892, "一般世帯数": 892, "１人世帯数　一般世帯数": "162", "２人世帯数　一般世帯数": "315", "３人世帯数　一般世帯数": "214", "４人世帯数　一般世帯数": "150", "５人世帯数　一般世帯数": "38", "６人世帯数　一般世帯数": "12", "７人以上世帯数　一般世帯数": "1", "親族のみの世帯数　一般世帯数": "725", "核家族世帯数　一般世帯数": "658", "核家族以外の世帯数　一般世帯数": "67", "６歳未満世帯員のいる世帯数　一般世帯数": "62", "６５歳以上世帯員のいる世帯数　一般世帯数": "550", "世帯主の年齢が２０〜２９歳の１人世帯数　一般世帯数": "4", "高齢単身世帯数　一般世帯数": "111", "高齢夫婦世帯数　一般世帯数": "207", "index_right": 880 }, "geometry": { "type": "Polygon", "coordinates": [ [ [ 139.4125, 35.354166666666664 ], [ 139.40625, 35.354166666666664 ], [ 139.40625, 35.358333333333334 ], [ 139.4125, 35.358333333333334 ], [ 139.4125, 35.354166666666664 ] ] ] } },
{ "type": "Feature", "properties": { "KEY_CODE": "533903231", "MESH1_ID": "5339", "MESH2_ID": "03", "MESH3_ID": "23", "MESH4_ID": "1", "OBJ_ID": 1293, "Unnamed: 1": 0, "Unnamed: 2": null, "Unnamed: 3": null, "人口（総数）": 1913, "人口（総数）　男": 966, "人口（総数）　女": 947, "０〜１４歳人口　総数": "199", "０〜１４歳人口　男": "95", "０〜１４歳人口　女": "104", "１５歳以上人口　総数": "1685", "１５歳以上人口　男": "855", "１５歳以上人口　女": "830", "１５〜６４歳人口　総数": "1196", "１５〜６４歳人口　男": "627", "１５〜６４歳人口　女": "569", "１８歳以上人口　総数": "1647", "１８歳以上人口　男": "835", "１８歳以上人口　女": "812", "２０歳以上人口　総数": "1598", "２０歳以上人口　男": "808", "２０歳以上人口　女": "790", "６５歳以上人口　総数": "489", "６５歳以上人口　男": "228", "６５歳以上人口　女": "261", "７５歳以上人口　総数": "232", "７５歳以上人口　男": "104", "７５歳以上人口　女": "128", "８５歳以上人口　総数": "55", "８５歳以上人口　男": "18", "８５歳以上人口　女": "37", "９５歳以上人口　総数": "4", "９５歳以上人口　男": "1", "９５歳以上人口　女": "3", "外国人人口　総数": "30", "外国人人口　男": "13", "外国人人口　女": "17", "世帯総数": 841, "一般世帯数": 841, "１人世帯数　一般世帯数": "275", "２人世帯数　一般世帯数": "255", "３人世帯数　一般世帯数": "163", "４人世帯数　一般世帯数": "110", "５人世帯数　一般世帯数": "30", "６人世帯数　一般世帯数": "7", "７人以上世帯数　一般世帯数": "1", "親族のみの世帯数　一般世帯数": "557", "核家族世帯数　一般世帯数": "513", "核家族以外の世帯数　一般世帯数": "44", "６歳未満世帯員のいる世帯数　一般世帯数": "63", "６５歳以上世帯員のいる世帯数　一般世帯数": "331", "世帯主の年齢が２０〜２９歳の１人世帯数　一般世帯数": "56", "高齢単身世帯数　一般世帯数": "70", "高齢夫婦世帯数　一般世帯数": "99", "index_right": 880 }, "geometry": { "type": "Polygon", "coordinates": [ [ [ 139.41875, 35.35 ], [ 139.4125, 35.35 ], [ 139.4125, 35.354166666666664 ], [ 139.41875, 35.354166666666664 ], [ 139.41875, 35.35 ] ] ] } },
{ "type": "Feature", "properties": { "KEY_CODE": "533903232", "MESH1_ID": "5339", "MESH2_ID": "03", "MESH3_ID": "23", "MESH4_ID": "2", "OBJ_ID": 1294, "Unnamed: 1": 0, "Unnamed: 2": null, "Unnamed: 3": null, "人口（総数）": 2089, "人口（総数）　男": 1002, "人口（総数）　女": 1087, "０〜１４歳人口　総数": "189", "０〜１４歳人口　男": "88", "０〜１４歳人口　女": "101", "１５歳以上人口　総数": "1883", "１５歳以上人口　男": "900", "１５歳以上人口　女": "983", "１５〜６４歳人口　総数": "1259", "１５〜６４歳人口　男": "622", "１５〜６４歳人口　女": "637", "１８歳以上人口　総数": "1816", "１８歳以上人口　男": "873", "１８歳以上人口　女": "943", "２０歳以上人口　総数": "1766", "２０歳以上人口　男": "849", "２０歳以上人口　女": "917", "６５歳以上人口　総数": "624", "６５歳以上人口　男": "278", "６５歳以上人口　女": "346", "７５歳以上人口　総数": "333", "７５歳以上人口　男": "146", "７５歳以上人口　女": "187", "８５歳以上人口　総数": "69", "８５歳以上人口　男": "23", "８５歳以上人口　女": "46", "９５歳以上人口　総数": "7", "９５歳以上人口　男": "2", "９５歳以上人口　女": "5", "外国人人口　総数": "13", "外国人人口　男": "6", "外国人人口　女": "7", "世帯総数": 884, "一般世帯数": 883, "１人世帯数　一般世帯数": "234", "２人世帯数　一般世帯数": "302", "３人世帯数　一般世帯数": "193", "４人世帯数　一般世帯数": "120", "５人世帯数　一般世帯数": "28", "６人世帯数　一般世帯数": "4", "７人以上世帯数　一般世帯数": "2", "親族のみの世帯数　一般世帯数": "646", "核家族世帯数　一般世帯数": "600", "核家族以外の世帯数　一般世帯数": "46", "６歳未満世帯員のいる世帯数　一般世帯数": "51", "６５歳以上世帯員のいる世帯数　一般世帯数": "408", "世帯主の年齢が２０〜２９歳の１人世帯数　一般世帯数": "15", "高齢単身世帯数　一般世帯数": "115", "高齢夫婦世帯数　一般世帯数": "139", "index_right": 880 }, "geometry": { "type": "Polygon", "coordinates": [ [ [ 139.425, 35.35 ], [ 139.41875, 35.35 ], [ 139.41875, 35.354166666666664 ], [ 139.425, 35.354166666666664 ], [ 139.425, 35.35 ] ] ] } },
{ "type": "Feature", "properties": { "KEY_CODE": "533903233", "MESH1_ID": "5339", "MESH2_ID": "03", "MESH3_ID": "23", "MESH4_ID": "3", "OBJ_ID": 1295, "Unnamed: 1": 0, "Unnamed: 2": null, "Unnamed: 3": null, "人口（総数）": 61, "人口（総数）　男": 32, "人口（総数）　女": 29, "０〜１４歳人口　総数": "10", "０〜１４歳人口　男": "6", "０〜１４歳人口　女": "4", "１５歳以上人口　総数": "50", "１５歳以上人口　男": "26", "１５歳以上人口　女": "24", "１５〜６４歳人口　総数": "36", "１５〜６４歳人口　男": "20", "１５〜６４歳人口　女": "16", "１８歳以上人口　総数": "46", "１８歳以上人口　男": "23", "１８歳以上人口　女": "23", "２０歳以上人口　総数": "45", "２０歳以上人口　男": "23", "２０歳以上人口　女": "22", "６５歳以上人口　総数": "14", "６５歳以上人口　男": "6", "６５歳以上人口　女": "8", "７５歳以上人口　総数": "6", "７５歳以上人口　男": "1", "７５歳以上人口　女": "5", "８５歳以上人口　総数": "2", "８５歳以上人口　男": "0", "８５歳以上人口　女": "2", "９５歳以上人口　総数": "0", "９５歳以上人口　男": "0", "９５歳以上人口　女": "0", "外国人人口　総数": "0", "外国人人口　男": "0", "外国人人口　女": "0", "世帯総数": 25, "一般世帯数": 25, "１人世帯数　一般世帯数": "8", "２人世帯数　一般世帯数": "7", "３人世帯数　一般世帯数": "2", "４人世帯数　一般世帯数": "7", "５人世帯数　一般世帯数": "1", "６人世帯数　一般世帯数": "0", "７人以上世帯数　一般世帯数": "0", "親族のみの世帯数　一般世帯数": "17", "核家族世帯数　一般世帯数": "16", "核家族以外の世帯数　一般世帯数": "1", "６歳未満世帯員のいる世帯数　一般世帯数": "0", "６５歳以上世帯員のいる世帯数　一般世帯数": "11", "世帯主の年齢が２０〜２９歳の１人世帯数　一般世帯数": "2", "高齢単身世帯数　一般世帯数": "4", "高齢夫婦世帯数　一般世帯数": "2", "index_right": 880 }, "geometry": { "type": "Polygon", "coordinates": [ [ [ 139.41875, 35.354166666666664 ], [ 139.4125, 35.354166666666664 ], [ 139.4125, 35.358333333333334 ], [ 139.41875, 35.358333333333334 ], [ 139.41875, 35.354166666666664 ] ] ] } },
{ "type": "Feature", "properties": { "KEY_CODE": "533903234", "MESH1_ID": "5339", "MESH2_ID": "03", "MESH3_ID": "23", "MESH4_ID": "4", "OBJ_ID": 1296, "Unnamed: 1": 0, "Unnamed: 2": null, "Unnamed: 3": null, "人口（総数）": 266, "人口（総数）　男": 107, "人口（総数）　女": 159, "０〜１４歳人口　総数": "22", "０〜１４歳人口　男": "13", "０〜１４歳人口　女": "9", "１５歳以上人口　総数": "243", "１５歳以上人口　男": "94", "１５歳以上人口　女": "149", "１５〜６４歳人口　総数": "103", "１５〜６４歳人口　男": "46", "１５〜６４歳人口　女": "57", "１８歳以上人口　総数": "241", "１８歳以上人口　男": "93", "１８歳以上人口　女": "148", "２０歳以上人口　総数": "236", "２０歳以上人口　男": "92", "２０歳以上人口　女": "144", "６５歳以上人口　総数": "140", "６５歳以上人口　男": "48", "６５歳以上人口　女": "92", "７５歳以上人口　総数": "103", "７５歳以上人口　男": "30", "７５歳以上人口　女": "73", "８５歳以上人口　総数": "51", "８５歳以上人口　男": "11", "８５歳以上人口　女": "40", "９５歳以上人口　総数": "11", "９５歳以上人口　男": "1", "９５歳以上人口　女": "10", "外国人人口　総数": "0", "外国人人口　男": "0", "外国人人口　女": "0", "世帯総数": 76, "一般世帯数": 73, "１人世帯数　一般世帯数": "25", "２人世帯数　一般世帯数": "18", "３人世帯数　一般世帯数": "17", "４人世帯数　一般世帯数": "10", "５人世帯数　一般世帯数": "1", "６人世帯数　一般世帯数": "2", "７人以上世帯数　一般世帯数": "0", "親族のみの世帯数　一般世帯数": "48", "核家族世帯数　一般世帯数": "42", "核家族以外の世帯数　一般世帯数": "6", "６歳未満世帯員のいる世帯数　一般世帯数": "5", "６５歳以上世帯員のいる世帯数　一般世帯数": "34", "世帯主の年齢が２０〜２９歳の１人世帯数　一般世帯数": "12", "高齢単身世帯数　一般世帯数": "8", "高齢夫婦世帯数　一般世帯数": "9", "index_right": 880 }, "geometry": { "type": "Polygon", "coordinates": [ [ [ 139.425, 35.354166666666664 ], [ 139.41875, 35.354166666666664 ], [ 139.41875, 35.358333333333334 ], [ 139.425, 35.358333333333334 ], [ 139.425, 35.354166666666664 ] ] ] } },
{ "type": "Feature", "properties": { "KEY_CODE": "533903241", "MESH1_ID": "5339", "MESH2_ID": "03", "MESH3_ID": "24", "MESH4_ID": "1", "OBJ_ID": 1297, "Unnamed: 1": 0, "Unnamed: 2": null, "Unnamed: 3": null, "人口（総数）": 144, "人口（総数）　男": 68, "人口（総数）　女": 76, "０〜１４歳人口　総数": "24", "０〜１４歳人口　男": "12", "０〜１４歳人口　女": "12", "１５歳以上人口　総数": "119", "１５歳以上人口　男": "55", "１５歳以上人口　女": "64", "１５〜６４歳人口　総数": "73", "１５〜６４歳人口　男": "31", "１５〜６４歳人口　女": "42", "１８歳以上人口　総数": "115", "１８歳以上人口　男": "55", "１８歳以上人口　女": "60", "２０歳以上人口　総数": "110", "２０歳以上人口　男": "54", "２０歳以上人口　女": "56", "６５歳以上人口　総数": "46", "６５歳以上人口　男": "24", "６５歳以上人口　女": "22", "７５歳以上人口　総数": "25", "７５歳以上人口　男": "15", "７５歳以上人口　女": "10", "８５歳以上人口　総数": "6", "８５歳以上人口　男": "3", "８５歳以上人口　女": "3", "９５歳以上人口　総数": "1", "９５歳以上人口　男": "0", "９５歳以上人口　女": "1", "外国人人口　総数": "1", "外国人人口　男": "0", "外国人人口　女": "1", "世帯総数": 52, "一般世帯数": 52, "１人世帯数　一般世帯数": "8", "２人世帯数　一般世帯数": "16", "３人世帯数　一般世帯数": "12", "４人世帯数　一般世帯数": "13", "５人世帯数　一般世帯数": "2", "６人世帯数　一般世帯数": "1", "７人以上世帯数　一般世帯数": "0", "親族のみの世帯数　一般世帯数": "44", "核家族世帯数　一般世帯数": "40", "核家族以外の世帯数　一般世帯数": "4", "６歳未満世帯員のいる世帯数　一般世帯数": "5", "６５歳以上世帯員のいる世帯数　一般世帯数": "28", "世帯主の年齢が２０〜２９歳の１人世帯数　一般世帯数": "0", "高齢単身世帯数　一般世帯数": "6", "高齢夫婦世帯数　一般世帯数": "11", "index_right": 880 }, "geometry": { "type": "Polygon", "coordinates": [ [ [ 139.43125, 35.35 ], [ 139.425, 35.35 ], [ 139.425, 35.354166666666664 ], [ 139.43125, 35.354166666666664 ], [ 139.43125, 35.35 ] ] ] } },
{ "type": "Feature", "properties": { "KEY_CODE": "533903242", "MESH1_ID": "5339", "MESH2_ID": "03", "MESH3_ID": "24", "MESH4_ID": "2", "OBJ_ID": 1298, "Unnamed: 1": 0, "Unnamed: 2": null, "Unnamed: 3": null, "人口（総数）": 451, "人口（総数）　男": 197, "人口（総数）　女": 254, "０〜１４歳人口　総数": "49", "０〜１４歳人口　男": "20", "０〜１４歳人口　女": "29", "１５歳以上人口　総数": "401", "１５歳以上人口　男": "176", "１５歳以上人口　女": "225", "１５〜６４歳人口　総数": "215", "１５〜６４歳人口　男": "110", "１５〜６４歳人口　女": "105", "１８歳以上人口　総数": "387", "１８歳以上人口　男": "167", "１８歳以上人口　女": "220", "２０歳以上人口　総数": "376", "２０歳以上人口　男": "164", "２０歳以上人口　女": "212", "６５歳以上人口　総数": "186", "６５歳以上人口　男": "66", "６５歳以上人口　女": "120", "７５歳以上人口　総数": "136", "７５歳以上人口　男": "43", "７５歳以上人口　女": "93", "８５歳以上人口　総数": "70", "８５歳以上人口　男": "14", "８５歳以上人口　女": "56", "９５歳以上人口　総数": "15", "９５歳以上人口　男": "0", "９５歳以上人口　女": "15", "外国人人口　総数": "1", "外国人人口　男": "0", "外国人人口　女": "1", "世帯総数": 132, "一般世帯数": 131, "１人世帯数　一般世帯数": "20", "２人世帯数　一般世帯数": "44", "３人世帯数　一般世帯数": "29", "４人世帯数　一般世帯数": "24", "５人世帯数　一般世帯数": "10", "６人世帯数　一般世帯数": "0", "７人以上世帯数　一般世帯数": "4", "親族のみの世帯数　一般世帯数": "111", "核家族世帯数　一般世帯数": "100", "核家族以外の世帯数　一般世帯数": "11", "６歳未満世帯員のいる世帯数　一般世帯数": "13", "６５歳以上世帯員のいる世帯数　一般世帯数": "66", "世帯主の年齢が２０〜２９歳の１人世帯数　一般世帯数": "1", "高齢単身世帯数　一般世帯数": "13", "高齢夫婦世帯数　一般世帯数": "22", "index_right": 880 }, "geometry": { "type": "Polygon", "coordinates": [ [ [ 139.4375, 35.35 ], [ 139.43125, 35.35 ], [ 139.43125, 35.354166666666664 ], [ 139.4375, 35.354166666666664 ], [ 139.4375, 35.35 ] ] ] } },
{ "type": "Feature", "properties": { "KEY_CODE": "533903244", "MESH1_ID": "5339", "MESH2_ID": "03", "MESH3_ID": "24", "MESH4_ID": "4", "OBJ_ID": 1300, "Unnamed: 1": 0, "Unnamed: 2": null, "Unnamed: 3": null, "人口（総数）": 11, "人口（総数）　男": 7, "人口（総数）　女": 4, "０〜１４歳人口　総数": "0", "０〜１４歳人口　男": "0", "０〜１４歳人口　女": "0", "１５歳以上人口　総数": "11", "１５歳以上人口　男": "7", "１５歳以上人口　女": "4", "１５〜６４歳人口　総数": "9", "１５〜６４歳人口　男": "6", "１５〜６４歳人口　女": "3", "１８歳以上人口　総数": "11", "１８歳以上人口　男": "7", "１８歳以上人口　女": "4", "２０歳以上人口　総数": "11", "２０歳以上人口　男": "7", "２０歳以上人口　女": "4", "６５歳以上人口　総数": "2", "６５歳以上人口　男": "1", "６５歳以上人口　女": "1", "７５歳以上人口　総数": "0", "７５歳以上人口　男": "0", "７５歳以上人口　女": "0", "８５歳以上人口　総数": "0", "８５歳以上人口　男": "0", "８５歳以上人口　女": "0", "９５歳以上人口　総数": "0", "９５歳以上人口　男": "0", "９５歳以上人口　女": "0", "外国人人口　総数": "0", "外国人人口　男": "0", "外国人人口　女": "0", "世帯総数": 5, "一般世帯数": 5, "１人世帯数　一般世帯数": "2", "２人世帯数　一般世帯数": "1", "３人世帯数　一般世帯数": "1", "４人世帯数　一般世帯数": "1", "５人世帯数　一般世帯数": "0", "６人世帯数　一般世帯数": "0", "７人以上世帯数　一般世帯数": "0", "親族のみの世帯数　一般世帯数": "3", "核家族世帯数　一般世帯数": "3", "核家族以外の世帯数　一般世帯数": "0", "６歳未満世帯員のいる世帯数　一般世帯数": "0", "６５歳以上世帯員のいる世帯数　一般世帯数": "2", "世帯主の年齢が２０〜２９歳の１人世帯数　一般世帯数": "0", "高齢単身世帯数　一般世帯数": "1", "高齢夫婦世帯数　一般世帯数": "0", "index_right": 880 }, "geometry": { "type": "Polygon", "coordinates": [ [ [ 139.4375, 35.354166666666664 ], [ 139.43125, 35.354166666666664 ], [ 139.43125, 35.358333333333334 ], [ 139.4375, 35.358333333333334 ], [ 139.4375, 35.354166666666664 ] ] ] } },
{ "type": "Feature", "properties": { "KEY_CODE": "533903251", "MESH1_ID": "5339", "MESH2_ID": "03", "MESH3_ID": "25", "MESH4_ID": "1", "OBJ_ID": 1301, "Unnamed: 1": 0, "Unnamed: 2": null, "Unnamed: 3": null, "人口（総数）": 327, "人口（総数）　男": 156, "人口（総数）　女": 171, "０〜１４歳人口　総数": "21", "０〜１４歳人口　男": "8", "０〜１４歳人口　女": "13", "１５歳以上人口　総数": "306", "１５歳以上人口　男": "148", "１５歳以上人口　女": "158", "１５〜６４歳人口　総数": "214", "１５〜６４歳人口　男": "107", "１５〜６４歳人口　女": "107", "１８歳以上人口　総数": "299", "１８歳以上人口　男": "145", "１８歳以上人口　女": "154", "２０歳以上人口　総数": "295", "２０歳以上人口　男": "143", "２０歳以上人口　女": "152", "６５歳以上人口　総数": "92", "６５歳以上人口　男": "41", "６５歳以上人口　女": "51", "７５歳以上人口　総数": "40", "７５歳以上人口　男": "15", "７５歳以上人口　女": "25", "８５歳以上人口　総数": "7", "８５歳以上人口　男": "1", "８５歳以上人口　女": "6", "９５歳以上人口　総数": "1", "９５歳以上人口　男": "0", "９５歳以上人口　女": "1", "外国人人口　総数": "1", "外国人人口　男": "0", "外国人人口　女": "1", "世帯総数": 137, "一般世帯数": 137, "１人世帯数　一般世帯数": "22", "２人世帯数　一般世帯数": "67", "３人世帯数　一般世帯数": "25", "４人世帯数　一般世帯数": "20", "５人世帯数　一般世帯数": "2", "６人世帯数　一般世帯数": "1", "７人以上世帯数　一般世帯数": "0", "親族のみの世帯数　一般世帯数": "115", "核家族世帯数　一般世帯数": "109", "核家族以外の世帯数　一般世帯数": "6", "６歳未満世帯員のいる世帯数　一般世帯数": "7", "６５歳以上世帯員のいる世帯数　一般世帯数": "57", "世帯主の年齢が２０〜２９歳の１人世帯数　一般世帯数": "0", "高齢単身世帯数　一般世帯数": "10", "高齢夫婦世帯数　一般世帯数": "28", "index_right": 880 }, "geometry": { "type": "Polygon", "coordinates": [ [ [ 139.44375, 35.35 ], [ 139.4375, 35.35 ], [ 139.4375, 35.354166666666664 ], [ 139.44375, 35.354166666666664 ], [ 139.44375, 35.35 ] ] ] } },
{ "type": "Feature", "properties": { "KEY_CODE": "533903312", "MESH1_ID": "5339", "MESH2_ID": "03", "MESH3_ID": "31", "MESH4_ID": "2", "OBJ_ID": 1326, "Unnamed: 1": 0, "Unnamed: 2": null, "Unnamed: 3": null, "人口（総数）": 1958, "人口（総数）　男": 971, "人口（総数）　女": 987, "０〜１４歳人口　総数": "256", "０〜１４歳人口　男": "124", "０〜１４歳人口　女": "132", "１５歳以上人口　総数": "1687", "１５歳以上人口　男": "840", "１５歳以上人口　女": "847", "１５〜６４歳人口　総数": "1227", "１５〜６４歳人口　男": "637", "１５〜６４歳人口　女": "590", "１８歳以上人口　総数": "1624", "１８歳以上人口　男": "810", "１８歳以上人口　女": "814", "２０歳以上人口　総数": "1594", "２０歳以上人口　男": "795", "２０歳以上人口　女": "799", "６５歳以上人口　総数": "460", "６５歳以上人口　男": "203", "６５歳以上人口　女": "257", "７５歳以上人口　総数": "249", "７５歳以上人口　男": "102", "７５歳以上人口　女": "147", "８５歳以上人口　総数": "85", "８５歳以上人口　男": "32", "８５歳以上人口　女": "53", "９５歳以上人口　総数": "11", "９５歳以上人口　男": "2", "９５歳以上人口　女": "9", "外国人人口　総数": "18", "外国人人口　男": "7", "外国人人口　女": "11", "世帯総数": 767, "一般世帯数": 763, "１人世帯数　一般世帯数": "191", "２人世帯数　一般世帯数": "222", "３人世帯数　一般世帯数": "175", "４人世帯数　一般世帯数": "139", "５人世帯数　一般世帯数": "24", "６人世帯数　一般世帯数": "11", "７人以上世帯数　一般世帯数": "1", "親族のみの世帯数　一般世帯数": "560", "核家族世帯数　一般世帯数": "521", "核家族以外の世帯数　一般世帯数": "39", "６歳未満世帯員のいる世帯数　一般世帯数": "78", "６５歳以上世帯員のいる世帯数　一般世帯数": "280", "世帯主の年齢が２０〜２９歳の１人世帯数　一般世帯数": "21", "高齢単身世帯数　一般世帯数": "58", "高齢夫婦世帯数　一般世帯数": "90", "index_right": 880 }, "geometry": { "type": "Polygon", "coordinates": [ [ [ 139.4, 35.358333333333334 ], [ 139.39375, 35.358333333333334 ], [ 139.39375, 35.3625 ], [ 139.4, 35.3625 ], [ 139.4, 35.358333333333334 ] ] ] } },
{ "type": "Feature", "properties": { "KEY_CODE": "533903314", "MESH1_ID": "5339", "MESH2_ID": "03", "MESH3_ID": "31", "MESH4_ID": "4", "OBJ_ID": 1328, "Unnamed: 1": 0, "Unnamed: 2": null, "Unnamed: 3": null, "人口（総数）": 192, "人口（総数）　男": 102, "人口（総数）　女": 90, "０〜１４歳人口　総数": "18", "０〜１４歳人口　男": "9", "０〜１４歳人口　女": "9", "１５歳以上人口　総数": "173", "１５歳以上人口　男": "92", "１５歳以上人口　女": "81", "１５〜６４歳人口　総数": "107", "１５〜６４歳人口　男": "60", "１５〜６４歳人口　女": "47", "１８歳以上人口　総数": "166", "１８歳以上人口　男": "88", "１８歳以上人口　女": "78", "２０歳以上人口　総数": "160", "２０歳以上人口　男": "84", "２０歳以上人口　女": "76", "６５歳以上人口　総数": "66", "６５歳以上人口　男": "32", "６５歳以上人口　女": "34", "７５歳以上人口　総数": "33", "７５歳以上人口　男": "16", "７５歳以上人口　女": "17", "８５歳以上人口　総数": "8", "８５歳以上人口　男": "3", "８５歳以上人口　女": "5", "９５歳以上人口　総数": "0", "９５歳以上人口　男": "0", "９５歳以上人口　女": "0", "外国人人口　総数": "4", "外国人人口　男": "2", "外国人人口　女": "2", "世帯総数": 81, "一般世帯数": 81, "１人世帯数　一般世帯数": "20", "２人世帯数　一般世帯数": "33", "３人世帯数　一般世帯数": "15", "４人世帯数　一般世帯数": "7", "５人世帯数　一般世帯数": "4", "６人世帯数　一般世帯数": "1", "７人以上世帯数　一般世帯数": "1", "親族のみの世帯数　一般世帯数": "58", "核家族世帯数　一般世帯数": "51", "核家族以外の世帯数　一般世帯数": "7", "６歳未満世帯員のいる世帯数　一般世帯数": "4", "６５歳以上世帯員のいる世帯数　一般世帯数": "44", "世帯主の年齢が２０〜２９歳の１人世帯数　一般世帯数": "3", "高齢単身世帯数　一般世帯数": "8", "高齢夫婦世帯数　一般世帯数": "14", "index_right": 880 }, "geometry": { "type": "Polygon", "coordinates": [ [ [ 139.4, 35.3625 ], [ 139.39375, 35.3625 ], [ 139.39375, 35.366666666666667 ], [ 139.4, 35.366666666666667 ], [ 139.4, 35.3625 ] ] ] } },
{ "type": "Feature", "properties": { "KEY_CODE": "533903321", "MESH1_ID": "5339", "MESH2_ID": "03", "MESH3_ID": "32", "MESH4_ID": "1", "OBJ_ID": 1329, "Unnamed: 1": 0, "Unnamed: 2": null, "Unnamed: 3": null, "人口（総数）": 2184, "人口（総数）　男": 1097, "人口（総数）　女": 1087, "０〜１４歳人口　総数": "385", "０〜１４歳人口　男": "199", "０〜１４歳人口　女": "186", "１５歳以上人口　総数": "1788", "１５歳以上人口　男": "893", "１５歳以上人口　女": "895", "１５〜６４歳人口　総数": "1402", "１５〜６４歳人口　男": "717", "１５〜６４歳人口　女": "685", "１８歳以上人口　総数": "1718", "１８歳以上人口　男": "857", "１８歳以上人口　女": "861", "２０歳以上人口　総数": "1680", "２０歳以上人口　男": "840", "２０歳以上人口　女": "840", "６５歳以上人口　総数": "386", "６５歳以上人口　男": "176", "６５歳以上人口　女": "210", "７５歳以上人口　総数": "178", "７５歳以上人口　男": "74", "７５歳以上人口　女": "104", "８５歳以上人口　総数": "55", "８５歳以上人口　男": "21", "８５歳以上人口　女": "34", "９５歳以上人口　総数": "2", "９５歳以上人口　男": "0", "９５歳以上人口　女": "2", "外国人人口　総数": "11", "外国人人口　男": "4", "外国人人口　女": "7", "世帯総数": 860, "一般世帯数": 860, "１人世帯数　一般世帯数": "216", "２人世帯数　一般世帯数": "244", "３人世帯数　一般世帯数": "192", "４人世帯数　一般世帯数": "152", "５人世帯数　一般世帯数": "46", "６人世帯数　一般世帯数": "6", "７人以上世帯数　一般世帯数": "4", "親族のみの世帯数　一般世帯数": "629", "核家族世帯数　一般世帯数": "589", "核家族以外の世帯数　一般世帯数": "40", "６歳未満世帯員のいる世帯数　一般世帯数": "103", "６５歳以上世帯員のいる世帯数　一般世帯数": "261", "世帯主の年齢が２０〜２９歳の１人世帯数　一般世帯数": "22", "高齢単身世帯数　一般世帯数": "47", "高齢夫婦世帯数　一般世帯数": "84", "index_right": 880 }, "geometry": { "type": "Polygon", "coordinates": [ [ [ 139.40625, 35.358333333333334 ], [ 139.4, 35.358333333333334 ], [ 139.4, 35.3625 ], [ 139.40625, 35.3625 ], [ 139.40625, 35.358333333333334 ] ] ] } },
{ "type": "Feature", "properties": { "KEY_CODE": "533903322", "MESH1_ID": "5339", "MESH2_ID": "03", "MESH3_ID": "32", "MESH4_ID": "2", "OBJ_ID": 1330, "Unnamed: 1": 0, "Unnamed: 2": null, "Unnamed: 3": null, "人口（総数）": 509, "人口（総数）　男": 268, "人口（総数）　女": 241, "０〜１４歳人口　総数": "65", "０〜１４歳人口　男": "40", "０〜１４歳人口　女": "25", "１５歳以上人口　総数": "442", "１５歳以上人口　男": "227", "１５歳以上人口　女": "215", "１５〜６４歳人口　総数": "287", "１５〜６４歳人口　男": "153", "１５〜６４歳人口　女": "134", "１８歳以上人口　総数": "413", "１８歳以上人口　男": "213", "１８歳以上人口　女": "200", "２０歳以上人口　総数": "407", "２０歳以上人口　男": "208", "２０歳以上人口　女": "199", "６５歳以上人口　総数": "155", "６５歳以上人口　男": "74", "６５歳以上人口　女": "81", "７５歳以上人口　総数": "90", "７５歳以上人口　男": "42", "７５歳以上人口　女": "48", "８５歳以上人口　総数": "17", "８５歳以上人口　男": "8", "８５歳以上人口　女": "9", "９５歳以上人口　総数": "0", "９５歳以上人口　男": "0", "９５歳以上人口　女": "0", "外国人人口　総数": "2", "外国人人口　男": "1", "外国人人口　女": "1", "世帯総数": 182, "一般世帯数": 182, "１人世帯数　一般世帯数": "31", "２人世帯数　一般世帯数": "58", "３人世帯数　一般世帯数": "33", "４人世帯数　一般世帯数": "45", "５人世帯数　一般世帯数": "9", "６人世帯数　一般世帯数": "5", "７人以上世帯数　一般世帯数": "1", "親族のみの世帯数　一般世帯数": "151", "核家族世帯数　一般世帯数": "133", "核家族以外の世帯数　一般世帯数": "18", "６歳未満世帯員のいる世帯数　一般世帯数": "15", "６５歳以上世帯員のいる世帯数　一般世帯数": "93", "世帯主の年齢が２０〜２９歳の１人世帯数　一般世帯数": "2", "高齢単身世帯数　一般世帯数": "16", "高齢夫婦世帯数　一般世帯数": "39", "index_right": 880 }, "geometry": { "type": "Polygon", "coordinates": [ [ [ 139.4125, 35.358333333333334 ], [ 139.40625, 35.358333333333334 ], [ 139.40625, 35.3625 ], [ 139.4125, 35.3625 ], [ 139.4125, 35.358333333333334 ] ] ] } },
{ "type": "Feature", "properties": { "KEY_CODE": "533903323", "MESH1_ID": "5339", "MESH2_ID": "03", "MESH3_ID": "32", "MESH4_ID": "3", "OBJ_ID": 1331, "Unnamed: 1": 0, "Unnamed: 2": null, "Unnamed: 3": null, "人口（総数）": 1673, "人口（総数）　男": 833, "人口（総数）　女": 840, "０〜１４歳人口　総数": "339", "０〜１４歳人口　男": "180", "０〜１４歳人口　女": "159", "１５歳以上人口　総数": "1328", "１５歳以上人口　男": "648", "１５歳以上人口　女": "680", "１５〜６４歳人口　総数": "1077", "１５〜６４歳人口　男": "531", "１５〜６４歳人口　女": "546", "１８歳以上人口　総数": "1205", "１８歳以上人口　男": "592", "１８歳以上人口　女": "613", "２０歳以上人口　総数": "1157", "２０歳以上人口　男": "569", "２０歳以上人口　女": "588", "６５歳以上人口　総数": "251", "６５歳以上人口　男": "117", "６５歳以上人口　女": "134", "７５歳以上人口　総数": "117", "７５歳以上人口　男": "51", "７５歳以上人口　女": "66", "８５歳以上人口　総数": "26", "８５歳以上人口　男": "8", "８５歳以上人口　女": "18", "９５歳以上人口　総数": "0", "９５歳以上人口　男": "0", "９５歳以上人口　女": "0", "外国人人口　総数": "0", "外国人人口　男": "0", "外国人人口　女": "0", "世帯総数": 565, "一般世帯数": 565, "１人世帯数　一般世帯数": "96", "２人世帯数　一般世帯数": "152", "３人世帯数　一般世帯数": "95", "４人世帯数　一般世帯数": "149", "５人世帯数　一般世帯数": "56", "６人世帯数　一般世帯数": "11", "７人以上世帯数　一般世帯数": "6", "親族のみの世帯数　一般世帯数": "465", "核家族世帯数　一般世帯数": "433", "核家族以外の世帯数　一般世帯数": "32", "６歳未満世帯員のいる世帯数　一般世帯数": "54", "６５歳以上世帯員のいる世帯数　一般世帯数": "168", "世帯主の年齢が２０〜２９歳の１人世帯数　一般世帯数": "4", "高齢単身世帯数　一般世帯数": "36", "高齢夫婦世帯数　一般世帯数": "62", "index_right": 880 }, "geometry": { "type": "Polygon", "coordinates": [ [ [ 139.40625, 35.3625 ], [ 139.4, 35.3625 ], [ 139.4, 35.366666666666667 ], [ 139.40625, 35.366666666666667 ], [ 139.40625, 35.3625 ] ] ] } },
{ "type": "Feature", "properties": { "KEY_CODE": "533903324", "MESH1_ID": "5339", "MESH2_ID": "03", "MESH3_ID": "32", "MESH4_ID": "4", "OBJ_ID": 1332, "Unnamed: 1": 0, "Unnamed: 2": null, "Unnamed: 3": null, "人口（総数）": 614, "人口（総数）　男": 254, "人口（総数）　女": 360, "０〜１４歳人口　総数": "53", "０〜１４歳人口　男": "30", "０〜１４歳人口　女": "23", "１５歳以上人口　総数": "560", "１５歳以上人口　男": "223", "１５歳以上人口　女": "337", "１５〜６４歳人口　総数": "222", "１５〜６４歳人口　男": "108", "１５〜６４歳人口　女": "114", "１８歳以上人口　総数": "544", "１８歳以上人口　男": "216", "１８歳以上人口　女": "328", "２０歳以上人口　総数": "538", "２０歳以上人口　男": "213", "２０歳以上人口　女": "325", "６５歳以上人口　総数": "338", "６５歳以上人口　男": "115", "６５歳以上人口　女": "223", "７５歳以上人口　総数": "246", "７５歳以上人口　男": "71", "７５歳以上人口　女": "175", "８５歳以上人口　総数": "130", "８５歳以上人口　男": "23", "８５歳以上人口　女": "107", "９５歳以上人口　総数": "11", "９５歳以上人口　男": "0", "９５歳以上人口　女": "11", "外国人人口　総数": "5", "外国人人口　男": "2", "外国人人口　女": "3", "世帯総数": 140, "一般世帯数": 137, "１人世帯数　一般世帯数": "19", "２人世帯数　一般世帯数": "52", "３人世帯数　一般世帯数": "30", "４人世帯数　一般世帯数": "22", "５人世帯数　一般世帯数": "10", "６人世帯数　一般世帯数": "3", "７人以上世帯数　一般世帯数": "1", "親族のみの世帯数　一般世帯数": "118", "核家族世帯数　一般世帯数": "109", "核家族以外の世帯数　一般世帯数": "9", "６歳未満世帯員のいる世帯数　一般世帯数": "12", "６５歳以上世帯員のいる世帯数　一般世帯数": "66", "世帯主の年齢が２０〜２９歳の１人世帯数　一般世帯数": "1", "高齢単身世帯数　一般世帯数": "11", "高齢夫婦世帯数　一般世帯数": "33", "index_right": 880 }, "geometry": { "type": "Polygon", "coordinates": [ [ [ 139.4125, 35.3625 ], [ 139.40625, 35.3625 ], [ 139.40625, 35.366666666666667 ], [ 139.4125, 35.366666666666667 ], [ 139.4125, 35.3625 ] ] ] } },
{ "type": "Feature", "properties": { "KEY_CODE": "533903331", "MESH1_ID": "5339", "MESH2_ID": "03", "MESH3_ID": "33", "MESH4_ID": "1", "OBJ_ID": 1333, "Unnamed: 1": 0, "Unnamed: 2": null, "Unnamed: 3": null, "人口（総数）": 200, "人口（総数）　男": 98, "人口（総数）　女": 102, "０〜１４歳人口　総数": "23", "０〜１４歳人口　男": "10", "０〜１４歳人口　女": "13", "１５歳以上人口　総数": "177", "１５歳以上人口　男": "88", "１５歳以上人口　女": "89", "１５〜６４歳人口　総数": "127", "１５〜６４歳人口　男": "66", "１５〜６４歳人口　女": "61", "１８歳以上人口　総数": "165", "１８歳以上人口　男": "79", "１８歳以上人口　女": "86", "２０歳以上人口　総数": "159", "２０歳以上人口　男": "75", "２０歳以上人口　女": "84", "６５歳以上人口　総数": "50", "６５歳以上人口　男": "22", "６５歳以上人口　女": "28", "７５歳以上人口　総数": "23", "７５歳以上人口　男": "9", "７５歳以上人口　女": "14", "８５歳以上人口　総数": "2", "８５歳以上人口　男": "0", "８５歳以上人口　女": "2", "９５歳以上人口　総数": "0", "９５歳以上人口　男": "0", "９５歳以上人口　女": "0", "外国人人口　総数": "0", "外国人人口　男": "0", "外国人人口　女": "0", "世帯総数": 71, "一般世帯数": 71, "１人世帯数　一般世帯数": "9", "２人世帯数　一般世帯数": "25", "３人世帯数　一般世帯数": "15", "４人世帯数　一般世帯数": "15", "５人世帯数　一般世帯数": "6", "６人世帯数　一般世帯数": "1", "７人以上世帯数　一般世帯数": "0", "親族のみの世帯数　一般世帯数": "61", "核家族世帯数　一般世帯数": "59", "核家族以外の世帯数　一般世帯数": "2", "６歳未満世帯員のいる世帯数　一般世帯数": "5", "６５歳以上世帯員のいる世帯数　一般世帯数": "32", "世帯主の年齢が２０〜２９歳の１人世帯数　一般世帯数": "0", "高齢単身世帯数　一般世帯数": "5", "高齢夫婦世帯数　一般世帯数": "8", "index_right": 880 }, "geometry": { "type": "Polygon", "coordinates": [ [ [ 139.41875, 35.358333333333334 ], [ 139.4125, 35.358333333333334 ], [ 139.4125, 35.3625 ], [ 139.41875, 35.3625 ], [ 139.41875, 35.358333333333334 ] ] ] } },
{ "type": "Feature", "properties": { "KEY_CODE": "533903332", "MESH1_ID": "5339", "MESH2_ID": "03", "MESH3_ID": "33", "MESH4_ID": "2", "OBJ_ID": 1334, "Unnamed: 1": 0, "Unnamed: 2": null, "Unnamed: 3": null, "人口（総数）": 445, "人口（総数）　男": 215, "人口（総数）　女": 230, "０〜１４歳人口　総数": "58", "０〜１４歳人口　男": "29", "０〜１４歳人口　女": "29", "１５歳以上人口　総数": "387", "１５歳以上人口　男": "186", "１５歳以上人口　女": "201", "１５〜６４歳人口　総数": "215", "１５〜６４歳人口　男": "101", "１５〜６４歳人口　女": "114", "１８歳以上人口　総数": "367", "１８歳以上人口　男": "178", "１８歳以上人口　女": "189", "２０歳以上人口　総数": "361", "２０歳以上人口　男": "175", "２０歳以上人口　女": "186", "６５歳以上人口　総数": "172", "６５歳以上人口　男": "85", "６５歳以上人口　女": "87", "７５歳以上人口　総数": "79", "７５歳以上人口　男": "39", "７５歳以上人口　女": "40", "８５歳以上人口　総数": "19", "８５歳以上人口　男": "9", "８５歳以上人口　女": "10", "９５歳以上人口　総数": "2", "９５歳以上人口　男": "1", "９５歳以上人口　女": "1", "外国人人口　総数": "1", "外国人人口　男": "0", "外国人人口　女": "1", "世帯総数": 171, "一般世帯数": 166, "１人世帯数　一般世帯数": "38", "２人世帯数　一般世帯数": "56", "３人世帯数　一般世帯数": "37", "４人世帯数　一般世帯数": "25", "５人世帯数　一般世帯数": "7", "６人世帯数　一般世帯数": "2", "７人以上世帯数　一般世帯数": "1", "親族のみの世帯数　一般世帯数": "126", "核家族世帯数　一般世帯数": "110", "核家族以外の世帯数　一般世帯数": "16", "６歳未満世帯員のいる世帯数　一般世帯数": "12", "６５歳以上世帯員のいる世帯数　一般世帯数": "106", "世帯主の年齢が２０〜２９歳の１人世帯数　一般世帯数": "8", "高齢単身世帯数　一般世帯数": "17", "高齢夫婦世帯数　一般世帯数": "38", "index_right": 880 }, "geometry": { "type": "Polygon", "coordinates": [ [ [ 139.425, 35.358333333333334 ], [ 139.41875, 35.358333333333334 ], [ 139.41875, 35.3625 ], [ 139.425, 35.3625 ], [ 139.425, 35.358333333333334 ] ] ] } },
{ "type": "Feature", "properties": { "KEY_CODE": "533903333", "MESH1_ID": "5339", "MESH2_ID": "03", "MESH3_ID": "33", "MESH4_ID": "3", "OBJ_ID": 1335, "Unnamed: 1": 0, "Unnamed: 2": null, "Unnamed: 3": null, "人口（総数）": 215, "人口（総数）　男": 108, "人口（総数）　女": 107, "０〜１４歳人口　総数": "31", "０〜１４歳人口　男": "19", "０〜１４歳人口　女": "12", "１５歳以上人口　総数": "179", "１５歳以上人口　男": "84", "１５歳以上人口　女": "95", "１５〜６４歳人口　総数": "115", "１５〜６４歳人口　男": "58", "１５〜６４歳人口　女": "57", "１８歳以上人口　総数": "175", "１８歳以上人口　男": "81", "１８歳以上人口　女": "94", "２０歳以上人口　総数": "173", "２０歳以上人口　男": "80", "２０歳以上人口　女": "93", "６５歳以上人口　総数": "64", "６５歳以上人口　男": "26", "６５歳以上人口　女": "38", "７５歳以上人口　総数": "28", "７５歳以上人口　男": "11", "７５歳以上人口　女": "17", "８５歳以上人口　総数": "4", "８５歳以上人口　男": "2", "８５歳以上人口　女": "2", "９５歳以上人口　総数": "1", "９５歳以上人口　男": "0", "９５歳以上人口　女": "1", "外国人人口　総数": "6", "外国人人口　男": "5", "外国人人口　女": "1", "世帯総数": 86, "一般世帯数": 85, "１人世帯数　一般世帯数": "22", "２人世帯数　一般世帯数": "30", "３人世帯数　一般世帯数": "15", "４人世帯数　一般世帯数": "12", "５人世帯数　一般世帯数": "4", "６人世帯数　一般世帯数": "1", "７人以上世帯数　一般世帯数": "1", "親族のみの世帯数　一般世帯数": "62", "核家族世帯数　一般世帯数": "56", "核家族以外の世帯数　一般世帯数": "6", "６歳未満世帯員のいる世帯数　一般世帯数": "7", "６５歳以上世帯員のいる世帯数　一般世帯数": "40", "世帯主の年齢が２０〜２９歳の１人世帯数　一般世帯数": "1", "高齢単身世帯数　一般世帯数": "9", "高齢夫婦世帯数　一般世帯数": "14", "index_right": 880 }, "geometry": { "type": "Polygon", "coordinates": [ [ [ 139.41875, 35.3625 ], [ 139.4125, 35.3625 ], [ 139.4125, 35.366666666666667 ], [ 139.41875, 35.366666666666667 ], [ 139.41875, 35.3625 ] ] ] } },
{ "type": "Feature", "properties": { "KEY_CODE": "533903334", "MESH1_ID": "5339", "MESH2_ID": "03", "MESH3_ID": "33", "MESH4_ID": "4", "OBJ_ID": 1336, "Unnamed: 1": 0, "Unnamed: 2": null, "Unnamed: 3": null, "人口（総数）": 350, "人口（総数）　男": 185, "人口（総数）　女": 165, "０〜１４歳人口　総数": "21", "０〜１４歳人口　男": "14", "０〜１４歳人口　女": "7", "１５歳以上人口　総数": "329", "１５歳以上人口　男": "171", "１５歳以上人口　女": "158", "１５〜６４歳人口　総数": "182", "１５〜６４歳人口　男": "95", "１５〜６４歳人口　女": "87", "１８歳以上人口　総数": "321", "１８歳以上人口　男": "169", "１８歳以上人口　女": "152", "２０歳以上人口　総数": "317", "２０歳以上人口　男": "167", "２０歳以上人口　女": "150", "６５歳以上人口　総数": "147", "６５歳以上人口　男": "76", "６５歳以上人口　女": "71", "７５歳以上人口　総数": "74", "７５歳以上人口　男": "39", "７５歳以上人口　女": "35", "８５歳以上人口　総数": "16", "８５歳以上人口　男": "8", "８５歳以上人口　女": "8", "９５歳以上人口　総数": "3", "９５歳以上人口　男": "1", "９５歳以上人口　女": "2", "外国人人口　総数": "6", "外国人人口　男": "2", "外国人人口　女": "4", "世帯総数": 139, "一般世帯数": 139, "１人世帯数　一般世帯数": "33", "２人世帯数　一般世帯数": "40", "３人世帯数　一般世帯数": "35", "４人世帯数　一般世帯数": "25", "５人世帯数　一般世帯数": "4", "６人世帯数　一般世帯数": "2", "７人以上世帯数　一般世帯数": "0", "親族のみの世帯数　一般世帯数": "105", "核家族世帯数　一般世帯数": "92", "核家族以外の世帯数　一般世帯数": "13", "６歳未満世帯員のいる世帯数　一般世帯数": "5", "６５歳以上世帯員のいる世帯数　一般世帯数": "92", "世帯主の年齢が２０〜２９歳の１人世帯数　一般世帯数": "0", "高齢単身世帯数　一般世帯数": "22", "高齢夫婦世帯数　一般世帯数": "21", "index_right": 880 }, "geometry": { "type": "Polygon", "coordinates": [ [ [ 139.425, 35.3625 ], [ 139.41875, 35.3625 ], [ 139.41875, 35.366666666666667 ], [ 139.425, 35.366666666666667 ], [ 139.425, 35.3625 ] ] ] } },
{ "type": "Feature", "properties": { "KEY_CODE": "533903341", "MESH1_ID": "5339", "MESH2_ID": "03", "MESH3_ID": "34", "MESH4_ID": "1", "OBJ_ID": 1337, "Unnamed: 1": 0, "Unnamed: 2": null, "Unnamed: 3": null, "人口（総数）": 49, "人口（総数）　男": 24, "人口（総数）　女": 25, "０〜１４歳人口　総数": "3", "０〜１４歳人口　男": "0", "０〜１４歳人口　女": "3", "１５歳以上人口　総数": "46", "１５歳以上人口　男": "24", "１５歳以上人口　女": "22", "１５〜６４歳人口　総数": "33", "１５〜６４歳人口　男": "17", "１５〜６４歳人口　女": "16", "１８歳以上人口　総数": "45", "１８歳以上人口　男": "23", "１８歳以上人口　女": "22", "２０歳以上人口　総数": "44", "２０歳以上人口　男": "23", "２０歳以上人口　女": "21", "６５歳以上人口　総数": "13", "６５歳以上人口　男": "7", "６５歳以上人口　女": "6", "７５歳以上人口　総数": "6", "７５歳以上人口　男": "3", "７５歳以上人口　女": "3", "８５歳以上人口　総数": "2", "８５歳以上人口　男": "1", "８５歳以上人口　女": "1", "９５歳以上人口　総数": "0", "９５歳以上人口　男": "0", "９５歳以上人口　女": "0", "外国人人口　総数": "0", "外国人人口　男": "0", "外国人人口　女": "0", "世帯総数": 22, "一般世帯数": 22, "１人世帯数　一般世帯数": "6", "２人世帯数　一般世帯数": "8", "３人世帯数　一般世帯数": "6", "４人世帯数　一般世帯数": "1", "５人世帯数　一般世帯数": "1", "６人世帯数　一般世帯数": "0", "７人以上世帯数　一般世帯数": "0", "親族のみの世帯数　一般世帯数": "16", "核家族世帯数　一般世帯数": "13", "核家族以外の世帯数　一般世帯数": "3", "６歳未満世帯員のいる世帯数　一般世帯数": "1", "６５歳以上世帯員のいる世帯数　一般世帯数": "9", "世帯主の年齢が２０〜２９歳の１人世帯数　一般世帯数": "0", "高齢単身世帯数　一般世帯数": "2", "高齢夫婦世帯数　一般世帯数": "2", "index_right": 880 }, "geometry": { "type": "Polygon", "coordinates": [ [ [ 139.43125, 35.358333333333334 ], [ 139.425, 35.358333333333334 ], [ 139.425, 35.3625 ], [ 139.43125, 35.3625 ], [ 139.43125, 35.358333333333334 ] ] ] } },
{ "type": "Feature", "properties": { "KEY_CODE": "533903342", "MESH1_ID": "5339", "MESH2_ID": "03", "MESH3_ID": "34", "MESH4_ID": "2", "OBJ_ID": 1338, "Unnamed: 1": 0, "Unnamed: 2": null, "Unnamed: 3": null, "人口（総数）": 254, "人口（総数）　男": 126, "人口（総数）　女": 128, "０〜１４歳人口　総数": "64", "０〜１４歳人口　男": "34", "０〜１４歳人口　女": "30", "１５歳以上人口　総数": "190", "１５歳以上人口　男": "92", "１５歳以上人口　女": "98", "１５〜６４歳人口　総数": "149", "１５〜６４歳人口　男": "71", "１５〜６４歳人口　女": "78", "１８歳以上人口　総数": "181", "１８歳以上人口　男": "86", "１８歳以上人口　女": "95", "２０歳以上人口　総数": "178", "２０歳以上人口　男": "84", "２０歳以上人口　女": "94", "６５歳以上人口　総数": "41", "６５歳以上人口　男": "21", "６５歳以上人口　女": "20", "７５歳以上人口　総数": "21", "７５歳以上人口　男": "9", "７５歳以上人口　女": "12", "８５歳以上人口　総数": "5", "８５歳以上人口　男": "2", "８５歳以上人口　女": "3", "９５歳以上人口　総数": "0", "９５歳以上人口　男": "0", "９５歳以上人口　女": "0", "外国人人口　総数": "0", "外国人人口　男": "0", "外国人人口　女": "0", "世帯総数": 91, "一般世帯数": 91, "１人世帯数　一般世帯数": "25", "２人世帯数　一般世帯数": "18", "３人世帯数　一般世帯数": "18", "４人世帯数　一般世帯数": "18", "５人世帯数　一般世帯数": "5", "６人世帯数　一般世帯数": "7", "７人以上世帯数　一般世帯数": "0", "親族のみの世帯数　一般世帯数": "65", "核家族世帯数　一般世帯数": "56", "核家族以外の世帯数　一般世帯数": "9", "６歳未満世帯員のいる世帯数　一般世帯数": "25", "６５歳以上世帯員のいる世帯数　一般世帯数": "30", "世帯主の年齢が２０〜２９歳の１人世帯数　一般世帯数": "1", "高齢単身世帯数　一般世帯数": "11", "高齢夫婦世帯数　一般世帯数": "6", "index_right": 880 }, "geometry": { "type": "Polygon", "coordinates": [ [ [ 139.4375, 35.358333333333334 ], [ 139.43125, 35.358333333333334 ], [ 139.43125, 35.3625 ], [ 139.4375, 35.3625 ], [ 139.4375, 35.358333333333334 ] ] ] } },
{ "type": "Feature", "properties": { "KEY_CODE": "533903343", "MESH1_ID": "5339", "MESH2_ID": "03", "MESH3_ID": "34", "MESH4_ID": "3", "OBJ_ID": 1339, "Unnamed: 1": 0, "Unnamed: 2": null, "Unnamed: 3": null, "人口（総数）": 313, "人口（総数）　男": 146, "人口（総数）　女": 167, "０〜１４歳人口　総数": "29", "０〜１４歳人口　男": "21", "０〜１４歳人口　女": "8", "１５歳以上人口　総数": "284", "１５歳以上人口　男": "125", "１５歳以上人口　女": "159", "１５〜６４歳人口　総数": "118", "１５〜６４歳人口　男": "58", "１５〜６４歳人口　女": "60", "１８歳以上人口　総数": "277", "１８歳以上人口　男": "121", "１８歳以上人口　女": "156", "２０歳以上人口　総数": "273", "２０歳以上人口　男": "120", "２０歳以上人口　女": "153", "６５歳以上人口　総数": "166", "６５歳以上人口　男": "67", "６５歳以上人口　女": "99", "７５歳以上人口　総数": "120", "７５歳以上人口　男": "43", "７５歳以上人口　女": "77", "８５歳以上人口　総数": "53", "８５歳以上人口　男": "11", "８５歳以上人口　女": "42", "９５歳以上人口　総数": "10", "９５歳以上人口　男": "2", "９５歳以上人口　女": "8", "外国人人口　総数": "0", "外国人人口　男": "0", "外国人人口　女": "0", "世帯総数": 87, "一般世帯数": 86, "１人世帯数　一般世帯数": "13", "２人世帯数　一般世帯数": "34", "３人世帯数　一般世帯数": "20", "４人世帯数　一般世帯数": "11", "５人世帯数　一般世帯数": "4", "６人世帯数　一般世帯数": "1", "７人以上世帯数　一般世帯数": "3", "親族のみの世帯数　一般世帯数": "72", "核家族世帯数　一般世帯数": "62", "核家族以外の世帯数　一般世帯数": "10", "６歳未満世帯員のいる世帯数　一般世帯数": "9", "６５歳以上世帯員のいる世帯数　一般世帯数": "54", "世帯主の年齢が２０〜２９歳の１人世帯数　一般世帯数": "0", "高齢単身世帯数　一般世帯数": "11", "高齢夫婦世帯数　一般世帯数": "18", "index_right": 880 }, "geometry": { "type": "Polygon", "coordinates": [ [ [ 139.43125, 35.3625 ], [ 139.425, 35.3625 ], [ 139.425, 35.366666666666667 ], [ 139.43125, 35.366666666666667 ], [ 139.43125, 35.3625 ] ] ] } },
{ "type": "Feature", "properties": { "KEY_CODE": "533903344", "MESH1_ID": "5339", "MESH2_ID": "03", "MESH3_ID": "34", "MESH4_ID": "4", "OBJ_ID": 1340, "Unnamed: 1": 0, "Unnamed: 2": null, "Unnamed: 3": null, "人口（総数）": 628, "人口（総数）　男": 321, "人口（総数）　女": 307, "０〜１４歳人口　総数": "75", "０〜１４歳人口　男": "40", "０〜１４歳人口　女": "35", "１５歳以上人口　総数": "553", "１５歳以上人口　男": "281", "１５歳以上人口　女": "272", "１５〜６４歳人口　総数": "391", "１５〜６４歳人口　男": "208", "１５〜６４歳人口　女": "183", "１８歳以上人口　総数": "528", "１８歳以上人口　男": "268", "１８歳以上人口　女": "260", "２０歳以上人口　総数": "516", "２０歳以上人口　男": "263", "２０歳以上人口　女": "253", "６５歳以上人口　総数": "162", "６５歳以上人口　男": "73", "６５歳以上人口　女": "89", "７５歳以上人口　総数": "91", "７５歳以上人口　男": "41", "７５歳以上人口　女": "50", "８５歳以上人口　総数": "16", "８５歳以上人口　男": "4", "８５歳以上人口　女": "12", "９５歳以上人口　総数": "1", "９５歳以上人口　男": "0", "９５歳以上人口　女": "1", "外国人人口　総数": "4", "外国人人口　男": "4", "外国人人口　女": "0", "世帯総数": 272, "一般世帯数": 272, "１人世帯数　一般世帯数": "82", "２人世帯数　一般世帯数": "91", "３人世帯数　一般世帯数": "54", "４人世帯数　一般世帯数": "28", "５人世帯数　一般世帯数": "13", "６人世帯数　一般世帯数": "3", "７人以上世帯数　一般世帯数": "1", "親族のみの世帯数　一般世帯数": "183", "核家族世帯数　一般世帯数": "170", "核家族以外の世帯数　一般世帯数": "13", "６歳未満世帯員のいる世帯数　一般世帯数": "17", "６５歳以上世帯員のいる世帯数　一般世帯数": "107", "世帯主の年齢が２０〜２９歳の１人世帯数　一般世帯数": "9", "高齢単身世帯数　一般世帯数": "24", "高齢夫婦世帯数　一般世帯数": "35", "index_right": 880 }, "geometry": { "type": "Polygon", "coordinates": [ [ [ 139.4375, 35.3625 ], [ 139.43125, 35.3625 ], [ 139.43125, 35.366666666666667 ], [ 139.4375, 35.366666666666667 ], [ 139.4375, 35.3625 ] ] ] } },
{ "type": "Feature", "properties": { "KEY_CODE": "533903353", "MESH1_ID": "5339", "MESH2_ID": "03", "MESH3_ID": "35", "MESH4_ID": "3", "OBJ_ID": 1343, "Unnamed: 1": 0, "Unnamed: 2": null, "Unnamed: 3": null, "人口（総数）": 2093, "人口（総数）　男": 1047, "人口（総数）　女": 1046, "０〜１４歳人口　総数": "369", "０〜１４歳人口　男": "185", "０〜１４歳人口　女": "184", "１５歳以上人口　総数": "1708", "１５歳以上人口　男": "851", "１５歳以上人口　女": "857", "１５〜６４歳人口　総数": "1172", "１５〜６４歳人口　男": "595", "１５〜６４歳人口　女": "577", "１８歳以上人口　総数": "1638", "１８歳以上人口　男": "817", "１８歳以上人口　女": "821", "２０歳以上人口　総数": "1599", "２０歳以上人口　男": "794", "２０歳以上人口　女": "805", "６５歳以上人口　総数": "536", "６５歳以上人口　男": "256", "６５歳以上人口　女": "280", "７５歳以上人口　総数": "260", "７５歳以上人口　男": "133", "７５歳以上人口　女": "127", "８５歳以上人口　総数": "56", "８５歳以上人口　男": "30", "８５歳以上人口　女": "26", "９５歳以上人口　総数": "4", "９５歳以上人口　男": "1", "９５歳以上人口　女": "3", "外国人人口　総数": "26", "外国人人口　男": "16", "外国人人口　女": "10", "世帯総数": 832, "一般世帯数": 832, "１人世帯数　一般世帯数": "207", "２人世帯数　一般世帯数": "261", "３人世帯数　一般世帯数": "172", "４人世帯数　一般世帯数": "136", "５人世帯数　一般世帯数": "37", "６人世帯数　一般世帯数": "15", "７人以上世帯数　一般世帯数": "4", "親族のみの世帯数　一般世帯数": "618", "核家族世帯数　一般世帯数": "583", "核家族以外の世帯数　一般世帯数": "35", "６歳未満世帯員のいる世帯数　一般世帯数": "86", "６５歳以上世帯員のいる世帯数　一般世帯数": "336", "世帯主の年齢が２０〜２９歳の１人世帯数　一般世帯数": "26", "高齢単身世帯数　一般世帯数": "69", "高齢夫婦世帯数　一般世帯数": "142", "index_right": 880 }, "geometry": { "type": "Polygon", "coordinates": [ [ [ 139.44375, 35.3625 ], [ 139.4375, 35.3625 ], [ 139.4375, 35.366666666666667 ], [ 139.44375, 35.366666666666667 ], [ 139.44375, 35.3625 ] ] ] } },
{ "type": "Feature", "properties": { "KEY_CODE": "533903412", "MESH1_ID": "5339", "MESH2_ID": "03", "MESH3_ID": "41", "MESH4_ID": "2", "OBJ_ID": 1366, "Unnamed: 1": 0, "Unnamed: 2": null, "Unnamed: 3": null, "人口（総数）": 1065, "人口（総数）　男": 526, "人口（総数）　女": 539, "０〜１４歳人口　総数": "124", "０〜１４歳人口　男": "59", "０〜１４歳人口　女": "65", "１５歳以上人口　総数": "935", "１５歳以上人口　男": "462", "１５歳以上人口　女": "473", "１５〜６４歳人口　総数": "642", "１５〜６４歳人口　男": "327", "１５〜６４歳人口　女": "315", "１８歳以上人口　総数": "901", "１８歳以上人口　男": "447", "１８歳以上人口　女": "454", "２０歳以上人口　総数": "873", "２０歳以上人口　男": "429", "２０歳以上人口　女": "444", "６５歳以上人口　総数": "293", "６５歳以上人口　男": "135", "６５歳以上人口　女": "158", "７５歳以上人口　総数": "148", "７５歳以上人口　男": "64", "７５歳以上人口　女": "84", "８５歳以上人口　総数": "13", "８５歳以上人口　男": "5", "８５歳以上人口　女": "8", "９５歳以上人口　総数": "0", "９５歳以上人口　男": "0", "９５歳以上人口　女": "0", "外国人人口　総数": "9", "外国人人口　男": "3", "外国人人口　女": "6", "世帯総数": 434, "一般世帯数": 434, "１人世帯数　一般世帯数": "118", "２人世帯数　一般世帯数": "127", "３人世帯数　一般世帯数": "99", "４人世帯数　一般世帯数": "62", "５人世帯数　一般世帯数": "22", "６人世帯数　一般世帯数": "4", "７人以上世帯数　一般世帯数": "2", "親族のみの世帯数　一般世帯数": "311", "核家族世帯数　一般世帯数": "288", "核家族以外の世帯数　一般世帯数": "23", "６歳未満世帯員のいる世帯数　一般世帯数": "36", "６５歳以上世帯員のいる世帯数　一般世帯数": "194", "世帯主の年齢が２０〜２９歳の１人世帯数　一般世帯数": "12", "高齢単身世帯数　一般世帯数": "56", "高齢夫婦世帯数　一般世帯数": "64", "index_right": 880 }, "geometry": { "type": "Polygon", "coordinates": [ [ [ 139.4, 35.366666666666667 ], [ 139.39375, 35.366666666666667 ], [ 139.39375, 35.37083333333333 ], [ 139.4, 35.37083333333333 ], [ 139.4, 35.366666666666667 ] ] ] } },
{ "type": "Feature", "properties": { "KEY_CODE": "533903421", "MESH1_ID": "5339", "MESH2_ID": "03", "MESH3_ID": "42", "MESH4_ID": "1", "OBJ_ID": 1369, "Unnamed: 1": 0, "Unnamed: 2": null, "Unnamed: 3": null, "人口（総数）": 478, "人口（総数）　男": 240, "人口（総数）　女": 238, "０〜１４歳人口　総数": "67", "０〜１４歳人口　男": "36", "０〜１４歳人口　女": "31", "１５歳以上人口　総数": "407", "１５歳以上人口　男": "201", "１５歳以上人口　女": "206", "１５〜６４歳人口　総数": "268", "１５〜６４歳人口　男": "142", "１５〜６４歳人口　女": "126", "１８歳以上人口　総数": "387", "１８歳以上人口　男": "190", "１８歳以上人口　女": "197", "２０歳以上人口　総数": "370", "２０歳以上人口　男": "184", "２０歳以上人口　女": "186", "６５歳以上人口　総数": "139", "６５歳以上人口　男": "59", "６５歳以上人口　女": "80", "７５歳以上人口　総数": "68", "７５歳以上人口　男": "26", "７５歳以上人口　女": "42", "８５歳以上人口　総数": "16", "８５歳以上人口　男": "4", "８５歳以上人口　女": "12", "９５歳以上人口　総数": "4", "９５歳以上人口　男": "1", "９５歳以上人口　女": "3", "外国人人口　総数": "1", "外国人人口　男": "0", "外国人人口　女": "1", "世帯総数": 181, "一般世帯数": 181, "１人世帯数　一般世帯数": "48", "２人世帯数　一般世帯数": "48", "３人世帯数　一般世帯数": "32", "４人世帯数　一般世帯数": "34", "５人世帯数　一般世帯数": "14", "６人世帯数　一般世帯数": "3", "７人以上世帯数　一般世帯数": "2", "親族のみの世帯数　一般世帯数": "130", "核家族世帯数　一般世帯数": "114", "核家族以外の世帯数　一般世帯数": "16", "６歳未満世帯員のいる世帯数　一般世帯数": "18", "６５歳以上世帯員のいる世帯数　一般世帯数": "93", "世帯主の年齢が２０〜２９歳の１人世帯数　一般世帯数": "1", "高齢単身世帯数　一般世帯数": "27", "高齢夫婦世帯数　一般世帯数": "23", "index_right": 880 }, "geometry": { "type": "Polygon", "coordinates": [ [ [ 139.40625, 35.366666666666667 ], [ 139.4, 35.366666666666667 ], [ 139.4, 35.37083333333333 ], [ 139.40625, 35.37083333333333 ], [ 139.40625, 35.366666666666667 ] ] ] } },
{ "type": "Feature", "properties": { "KEY_CODE": "533903422", "MESH1_ID": "5339", "MESH2_ID": "03", "MESH3_ID": "42", "MESH4_ID": "2", "OBJ_ID": 1370, "Unnamed: 1": 0, "Unnamed: 2": null, "Unnamed: 3": null, "人口（総数）": 76, "人口（総数）　男": 40, "人口（総数）　女": 36, "０〜１４歳人口　総数": "12", "０〜１４歳人口　男": "5", "０〜１４歳人口　女": "7", "１５歳以上人口　総数": "64", "１５歳以上人口　男": "35", "１５歳以上人口　女": "29", "１５〜６４歳人口　総数": "40", "１５〜６４歳人口　男": "22", "１５〜６４歳人口　女": "18", "１８歳以上人口　総数": "62", "１８歳以上人口　男": "33", "１８歳以上人口　女": "29", "２０歳以上人口　総数": "61", "２０歳以上人口　男": "32", "２０歳以上人口　女": "29", "６５歳以上人口　総数": "24", "６５歳以上人口　男": "13", "６５歳以上人口　女": "11", "７５歳以上人口　総数": "11", "７５歳以上人口　男": "6", "７５歳以上人口　女": "5", "８５歳以上人口　総数": "1", "８５歳以上人口　男": "0", "８５歳以上人口　女": "1", "９５歳以上人口　総数": "0", "９５歳以上人口　男": "0", "９５歳以上人口　女": "0", "外国人人口　総数": "1", "外国人人口　男": "1", "外国人人口　女": "0", "世帯総数": 27, "一般世帯数": 27, "１人世帯数　一般世帯数": "4", "２人世帯数　一般世帯数": "9", "３人世帯数　一般世帯数": "6", "４人世帯数　一般世帯数": "5", "５人世帯数　一般世帯数": "2", "６人世帯数　一般世帯数": "1", "７人以上世帯数　一般世帯数": "0", "親族のみの世帯数　一般世帯数": "23", "核家族世帯数　一般世帯数": "18", "核家族以外の世帯数　一般世帯数": "5", "６歳未満世帯員のいる世帯数　一般世帯数": "5", "６５歳以上世帯員のいる世帯数　一般世帯数": "15", "世帯主の年齢が２０〜２９歳の１人世帯数　一般世帯数": "0", "高齢単身世帯数　一般世帯数": "1", "高齢夫婦世帯数　一般世帯数": "5", "index_right": 880 }, "geometry": { "type": "Polygon", "coordinates": [ [ [ 139.4125, 35.366666666666667 ], [ 139.40625, 35.366666666666667 ], [ 139.40625, 35.37083333333333 ], [ 139.4125, 35.37083333333333 ], [ 139.4125, 35.366666666666667 ] ] ] } },
{ "type": "Feature", "properties": { "KEY_CODE": "533903423", "MESH1_ID": "5339", "MESH2_ID": "03", "MESH3_ID": "42", "MESH4_ID": "3", "OBJ_ID": 1371, "Unnamed: 1": 0, "Unnamed: 2": null, "Unnamed: 3": null, "人口（総数）": 669, "人口（総数）　男": 335, "人口（総数）　女": 334, "０〜１４歳人口　総数": "95", "０〜１４歳人口　男": "57", "０〜１４歳人口　女": "38", "１５歳以上人口　総数": "574", "１５歳以上人口　男": "278", "１５歳以上人口　女": "296", "１５〜６４歳人口　総数": "359", "１５〜６４歳人口　男": "179", "１５〜６４歳人口　女": "180", "１８歳以上人口　総数": "551", "１８歳以上人口　男": "269", "１８歳以上人口　女": "282", "２０歳以上人口　総数": "542", "２０歳以上人口　男": "266", "２０歳以上人口　女": "276", "６５歳以上人口　総数": "215", "６５歳以上人口　男": "99", "６５歳以上人口　女": "116", "７５歳以上人口　総数": "98", "７５歳以上人口　男": "51", "７５歳以上人口　女": "47", "８５歳以上人口　総数": "22", "８５歳以上人口　男": "8", "８５歳以上人口　女": "14", "９５歳以上人口　総数": "0", "９５歳以上人口　男": "0", "９５歳以上人口　女": "0", "外国人人口　総数": "3", "外国人人口　男": "2", "外国人人口　女": "1", "世帯総数": 255, "一般世帯数": 255, "１人世帯数　一般世帯数": "49", "２人世帯数　一般世帯数": "99", "３人世帯数　一般世帯数": "34", "４人世帯数　一般世帯数": "49", "５人世帯数　一般世帯数": "21", "６人世帯数　一般世帯数": "2", "７人以上世帯数　一般世帯数": "1", "親族のみの世帯数　一般世帯数": "204", "核家族世帯数　一般世帯数": "183", "核家族以外の世帯数　一般世帯数": "21", "６歳未満世帯員のいる世帯数　一般世帯数": "22", "６５歳以上世帯員のいる世帯数　一般世帯数": "131", "世帯主の年齢が２０〜２９歳の１人世帯数　一般世帯数": "4", "高齢単身世帯数　一般世帯数": "19", "高齢夫婦世帯数　一般世帯数": "65", "index_right": 880 }, "geometry": { "type": "Polygon", "coordinates": [ [ [ 139.40625, 35.37083333333333 ], [ 139.4, 35.37083333333333 ], [ 139.4, 35.375 ], [ 139.40625, 35.375 ], [ 139.40625, 35.37083333333333 ] ] ] } },
{ "type": "Feature", "properties": { "KEY_CODE": "533903424", "MESH1_ID": "5339", "MESH2_ID": "03", "MESH3_ID": "42", "MESH4_ID": "4", "OBJ_ID": 1372, "Unnamed: 1": 0, "Unnamed: 2": null, "Unnamed: 3": null, "人口（総数）": 156, "人口（総数）　男": 82, "人口（総数）　女": 74, "０〜１４歳人口　総数": "26", "０〜１４歳人口　男": "17", "０〜１４歳人口　女": "9", "１５歳以上人口　総数": "130", "１５歳以上人口　男": "65", "１５歳以上人口　女": "65", "１５〜６４歳人口　総数": "75", "１５〜６４歳人口　男": "40", "１５〜６４歳人口　女": "35", "１８歳以上人口　総数": "126", "１８歳以上人口　男": "64", "１８歳以上人口　女": "62", "２０歳以上人口　総数": "124", "２０歳以上人口　男": "62", "２０歳以上人口　女": "62", "６５歳以上人口　総数": "55", "６５歳以上人口　男": "25", "６５歳以上人口　女": "30", "７５歳以上人口　総数": "33", "７５歳以上人口　男": "14", "７５歳以上人口　女": "19", "８５歳以上人口　総数": "14", "８５歳以上人口　男": "3", "８５歳以上人口　女": "11", "９５歳以上人口　総数": "3", "９５歳以上人口　男": "0", "９５歳以上人口　女": "3", "外国人人口　総数": "2", "外国人人口　男": "0", "外国人人口　女": "2", "世帯総数": 48, "一般世帯数": 47, "１人世帯数　一般世帯数": "7", "２人世帯数　一般世帯数": "17", "３人世帯数　一般世帯数": "6", "４人世帯数　一般世帯数": "9", "５人世帯数　一般世帯数": "4", "６人世帯数　一般世帯数": "1", "７人以上世帯数　一般世帯数": "3", "親族のみの世帯数　一般世帯数": "39", "核家族世帯数　一般世帯数": "31", "核家族以外の世帯数　一般世帯数": "8", "６歳未満世帯員のいる世帯数　一般世帯数": "6", "６５歳以上世帯員のいる世帯数　一般世帯数": "26", "世帯主の年齢が２０〜２９歳の１人世帯数　一般世帯数": "0", "高齢単身世帯数　一般世帯数": "3", "高齢夫婦世帯数　一般世帯数": "8", "index_right": 880 }, "geometry": { "type": "Polygon", "coordinates": [ [ [ 139.4125, 35.37083333333333 ], [ 139.40625, 35.37083333333333 ], [ 139.40625, 35.375 ], [ 139.4125, 35.375 ], [ 139.4125, 35.37083333333333 ] ] ] } },
{ "type": "Feature", "properties": { "KEY_CODE": "533903431", "MESH1_ID": "5339", "MESH2_ID": "03", "MESH3_ID": "43", "MESH4_ID": "1", "OBJ_ID": 1373, "Unnamed: 1": 0, "Unnamed: 2": null, "Unnamed: 3": null, "人口（総数）": 453, "人口（総数）　男": 191, "人口（総数）　女": 262, "０〜１４歳人口　総数": "23", "０〜１４歳人口　男": "11", "０〜１４歳人口　女": "12", "１５歳以上人口　総数": "430", "１５歳以上人口　男": "180", "１５歳以上人口　女": "250", "１５〜６４歳人口　総数": "122", "１５〜６４歳人口　男": "68", "１５〜６４歳人口　女": "54", "１８歳以上人口　総数": "424", "１８歳以上人口　男": "176", "１８歳以上人口　女": "248", "２０歳以上人口　総数": "418", "２０歳以上人口　男": "174", "２０歳以上人口　女": "244", "６５歳以上人口　総数": "308", "６５歳以上人口　男": "112", "６５歳以上人口　女": "196", "７５歳以上人口　総数": "247", "７５歳以上人口　男": "81", "７５歳以上人口　女": "166", "８５歳以上人口　総数": "125", "８５歳以上人口　男": "34", "８５歳以上人口　女": "91", "９５歳以上人口　総数": "25", "９５歳以上人口　男": "3", "９５歳以上人口　女": "22", "外国人人口　総数": "2", "外国人人口　男": "1", "外国人人口　女": "1", "世帯総数": 62, "一般世帯数": 55, "１人世帯数　一般世帯数": "8", "２人世帯数　一般世帯数": "20", "３人世帯数　一般世帯数": "10", "４人世帯数　一般世帯数": "10", "５人世帯数　一般世帯数": "3", "６人世帯数　一般世帯数": "4", "７人以上世帯数　一般世帯数": "0", "親族のみの世帯数　一般世帯数": "47", "核家族世帯数　一般世帯数": "43", "核家族以外の世帯数　一般世帯数": "4", "６歳未満世帯員のいる世帯数　一般世帯数": "6", "６５歳以上世帯員のいる世帯数　一般世帯数": "28", "世帯主の年齢が２０〜２９歳の１人世帯数　一般世帯数": "0", "高齢単身世帯数　一般世帯数": "7", "高齢夫婦世帯数　一般世帯数": "13", "index_right": 880 }, "geometry": { "type": "Polygon", "coordinates": [ [ [ 139.41875, 35.366666666666667 ], [ 139.4125, 35.366666666666667 ], [ 139.4125, 35.37083333333333 ], [ 139.41875, 35.37083333333333 ], [ 139.41875, 35.366666666666667 ] ] ] } },
{ "type": "Feature", "properties": { "KEY_CODE": "533903432", "MESH1_ID": "5339", "MESH2_ID": "03", "MESH3_ID": "43", "MESH4_ID": "2", "OBJ_ID": 1374, "Unnamed: 1": 0, "Unnamed: 2": null, "Unnamed: 3": null, "人口（総数）": 436, "人口（総数）　男": 210, "人口（総数）　女": 226, "０〜１４歳人口　総数": "44", "０〜１４歳人口　男": "25", "０〜１４歳人口　女": "19", "１５歳以上人口　総数": "392", "１５歳以上人口　男": "185", "１５歳以上人口　女": "207", "１５〜６４歳人口　総数": "219", "１５〜６４歳人口　男": "108", "１５〜６４歳人口　女": "111", "１８歳以上人口　総数": "379", "１８歳以上人口　男": "179", "１８歳以上人口　女": "200", "２０歳以上人口　総数": "375", "２０歳以上人口　男": "176", "２０歳以上人口　女": "199", "６５歳以上人口　総数": "173", "６５歳以上人口　男": "77", "６５歳以上人口　女": "96", "７５歳以上人口　総数": "97", "７５歳以上人口　男": "44", "７５歳以上人口　女": "53", "８５歳以上人口　総数": "24", "８５歳以上人口　男": "9", "８５歳以上人口　女": "15", "９５歳以上人口　総数": "3", "９５歳以上人口　男": "0", "９５歳以上人口　女": "3", "外国人人口　総数": "1", "外国人人口　男": "1", "外国人人口　女": "0", "世帯総数": 173, "一般世帯数": 173, "１人世帯数　一般世帯数": "35", "２人世帯数　一般世帯数": "66", "３人世帯数　一般世帯数": "38", "４人世帯数　一般世帯数": "19", "５人世帯数　一般世帯数": "11", "６人世帯数　一般世帯数": "4", "７人以上世帯数　一般世帯数": "0", "親族のみの世帯数　一般世帯数": "134", "核家族世帯数　一般世帯数": "110", "核家族以外の世帯数　一般世帯数": "24", "６歳未満世帯員のいる世帯数　一般世帯数": "12", "６５歳以上世帯員のいる世帯数　一般世帯数": "114", "世帯主の年齢が２０〜２９歳の１人世帯数　一般世帯数": "1", "高齢単身世帯数　一般世帯数": "26", "高齢夫婦世帯数　一般世帯数": "36", "index_right": 880 }, "geometry": { "type": "Polygon", "coordinates": [ [ [ 139.425, 35.366666666666667 ], [ 139.41875, 35.366666666666667 ], [ 139.41875, 35.37083333333333 ], [ 139.425, 35.37083333333333 ], [ 139.425, 35.366666666666667 ] ] ] } },
{ "type": "Feature", "properties": { "KEY_CODE": "533903433", "MESH1_ID": "5339", "MESH2_ID": "03", "MESH3_ID": "43", "MESH4_ID": "3", "OBJ_ID": 1375, "Unnamed: 1": 0, "Unnamed: 2": null, "Unnamed: 3": null, "人口（総数）": 100, "人口（総数）　男": 48, "人口（総数）　女": 52, "０〜１４歳人口　総数": "16", "０〜１４歳人口　男": "10", "０〜１４歳人口　女": "6", "１５歳以上人口　総数": "84", "１５歳以上人口　男": "38", "１５歳以上人口　女": "46", "１５〜６４歳人口　総数": "46", "１５〜６４歳人口　男": "22", "１５〜６４歳人口　女": "24", "１８歳以上人口　総数": "84", "１８歳以上人口　男": "38", "１８歳以上人口　女": "46", "２０歳以上人口　総数": "81", "２０歳以上人口　男": "37", "２０歳以上人口　女": "44", "６５歳以上人口　総数": "38", "６５歳以上人口　男": "16", "６５歳以上人口　女": "22", "７５歳以上人口　総数": "14", "７５歳以上人口　男": "8", "７５歳以上人口　女": "6", "８５歳以上人口　総数": "3", "８５歳以上人口　男": "2", "８５歳以上人口　女": "1", "９５歳以上人口　総数": "0", "９５歳以上人口　男": "0", "９５歳以上人口　女": "0", "外国人人口　総数": "0", "外国人人口　男": "0", "外国人人口　女": "0", "世帯総数": 39, "一般世帯数": 39, "１人世帯数　一般世帯数": "10", "２人世帯数　一般世帯数": "11", "３人世帯数　一般世帯数": "9", "４人世帯数　一般世帯数": "5", "５人世帯数　一般世帯数": "3", "６人世帯数　一般世帯数": "1", "７人以上世帯数　一般世帯数": "0", "親族のみの世帯数　一般世帯数": "29", "核家族世帯数　一般世帯数": "27", "核家族以外の世帯数　一般世帯数": "2", "６歳未満世帯員のいる世帯数　一般世帯数": "4", "６５歳以上世帯員のいる世帯数　一般世帯数": "26", "世帯主の年齢が２０〜２９歳の１人世帯数　一般世帯数": "0", "高齢単身世帯数　一般世帯数": "7", "高齢夫婦世帯数　一般世帯数": "10", "index_right": 880 }, "geometry": { "type": "Polygon", "coordinates": [ [ [ 139.41875, 35.37083333333333 ], [ 139.4125, 35.37083333333333 ], [ 139.4125, 35.375 ], [ 139.41875, 35.375 ], [ 139.41875, 35.37083333333333 ] ] ] } },
{ "type": "Feature", "properties": { "KEY_CODE": "533903434", "MESH1_ID": "5339", "MESH2_ID": "03", "MESH3_ID": "43", "MESH4_ID": "4", "OBJ_ID": 1376, "Unnamed: 1": 0, "Unnamed: 2": null, "Unnamed: 3": null, "人口（総数）": 535, "人口（総数）　男": 252, "人口（総数）　女": 283, "０〜１４歳人口　総数": "57", "０〜１４歳人口　男": "32", "０〜１４歳人口　女": "25", "１５歳以上人口　総数": "477", "１５歳以上人口　男": "219", "１５歳以上人口　女": "258", "１５〜６４歳人口　総数": "276", "１５〜６４歳人口　男": "138", "１５〜６４歳人口　女": "138", "１８歳以上人口　総数": "452", "１８歳以上人口　男": "210", "１８歳以上人口　女": "242", "２０歳以上人口　総数": "437", "２０歳以上人口　男": "204", "２０歳以上人口　女": "233", "６５歳以上人口　総数": "201", "６５歳以上人口　男": "81", "６５歳以上人口　女": "120", "７５歳以上人口　総数": "126", "７５歳以上人口　男": "45", "７５歳以上人口　女": "81", "８５歳以上人口　総数": "39", "８５歳以上人口　男": "9", "８５歳以上人口　女": "30", "９５歳以上人口　総数": "7", "９５歳以上人口　男": "0", "９５歳以上人口　女": "7", "外国人人口　総数": "3", "外国人人口　男": "1", "外国人人口　女": "2", "世帯総数": 187, "一般世帯数": 186, "１人世帯数　一般世帯数": "46", "２人世帯数　一般世帯数": "63", "３人世帯数　一般世帯数": "27", "４人世帯数　一般世帯数": "25", "５人世帯数　一般世帯数": "17", "６人世帯数　一般世帯数": "7", "７人以上世帯数　一般世帯数": "1", "親族のみの世帯数　一般世帯数": "139", "核家族世帯数　一般世帯数": "121", "核家族以外の世帯数　一般世帯数": "18", "６歳未満世帯員のいる世帯数　一般世帯数": "11", "６５歳以上世帯員のいる世帯数　一般世帯数": "107", "世帯主の年齢が２０〜２９歳の１人世帯数　一般世帯数": "1", "高齢単身世帯数　一般世帯数": "33", "高齢夫婦世帯数　一般世帯数": "34", "index_right": 880 }, "geometry": { "type": "Polygon", "coordinates": [ [ [ 139.425, 35.37083333333333 ], [ 139.41875, 35.37083333333333 ], [ 139.41875, 35.375 ], [ 139.425, 35.375 ], [ 139.425, 35.37083333333333 ] ] ] } },
{ "type": "Feature", "properties": { "KEY_CODE": "533903441", "MESH1_ID": "5339", "MESH2_ID": "03", "MESH3_ID": "44", "MESH4_ID": "1", "OBJ_ID": 1377, "Unnamed: 1": 0, "Unnamed: 2": null, "Unnamed: 3": null, "人口（総数）": 525, "人口（総数）　男": 269, "人口（総数）　女": 256, "０〜１４歳人口　総数": "69", "０〜１４歳人口　男": "29", "０〜１４歳人口　女": "40", "１５歳以上人口　総数": "449", "１５歳以上人口　男": "236", "１５歳以上人口　女": "213", "１５〜６４歳人口　総数": "310", "１５〜６４歳人口　男": "172", "１５〜６４歳人口　女": "138", "１８歳以上人口　総数": "431", "１８歳以上人口　男": "227", "１８歳以上人口　女": "204", "２０歳以上人口　総数": "424", "２０歳以上人口　男": "224", "２０歳以上人口　女": "200", "６５歳以上人口　総数": "139", "６５歳以上人口　男": "64", "６５歳以上人口　女": "75", "７５歳以上人口　総数": "83", "７５歳以上人口　男": "40", "７５歳以上人口　女": "43", "８５歳以上人口　総数": "17", "８５歳以上人口　男": "9", "８５歳以上人口　女": "8", "９５歳以上人口　総数": "0", "９５歳以上人口　男": "0", "９５歳以上人口　女": "0", "外国人人口　総数": "9", "外国人人口　男": "6", "外国人人口　女": "3", "世帯総数": 236, "一般世帯数": 236, "１人世帯数　一般世帯数": "89", "２人世帯数　一般世帯数": "60", "３人世帯数　一般世帯数": "47", "４人世帯数　一般世帯数": "29", "５人世帯数　一般世帯数": "8", "６人世帯数　一般世帯数": "2", "７人以上世帯数　一般世帯数": "1", "親族のみの世帯数　一般世帯数": "144", "核家族世帯数　一般世帯数": "134", "核家族以外の世帯数　一般世帯数": "10", "６歳未満世帯員のいる世帯数　一般世帯数": "18", "６５歳以上世帯員のいる世帯数　一般世帯数": "94", "世帯主の年齢が２０〜２９歳の１人世帯数　一般世帯数": "11", "高齢単身世帯数　一般世帯数": "31", "高齢夫婦世帯数　一般世帯数": "29", "index_right": 880 }, "geometry": { "type": "Polygon", "coordinates": [ [ [ 139.43125, 35.366666666666667 ], [ 139.425, 35.366666666666667 ], [ 139.425, 35.37083333333333 ], [ 139.43125, 35.37083333333333 ], [ 139.43125, 35.366666666666667 ] ] ] } },
{ "type": "Feature", "properties": { "KEY_CODE": "533903442", "MESH1_ID": "5339", "MESH2_ID": "03", "MESH3_ID": "44", "MESH4_ID": "2", "OBJ_ID": 1378, "Unnamed: 1": 0, "Unnamed: 2": null, "Unnamed: 3": null, "人口（総数）": 1924, "人口（総数）　男": 956, "人口（総数）　女": 968, "０〜１４歳人口　総数": "163", "０〜１４歳人口　男": "74", "０〜１４歳人口　女": "89", "１５歳以上人口　総数": "1707", "１５歳以上人口　男": "853", "１５歳以上人口　女": "854", "１５〜６４歳人口　総数": "936", "１５〜６４歳人口　男": "498", "１５〜６４歳人口　女": "438", "１８歳以上人口　総数": "1661", "１８歳以上人口　男": "828", "１８歳以上人口　女": "833", "２０歳以上人口　総数": "1619", "２０歳以上人口　男": "807", "２０歳以上人口　女": "812", "６５歳以上人口　総数": "771", "６５歳以上人口　男": "355", "６５歳以上人口　女": "416", "７５歳以上人口　総数": "431", "７５歳以上人口　男": "227", "７５歳以上人口　女": "204", "８５歳以上人口　総数": "65", "８５歳以上人口　男": "28", "８５歳以上人口　女": "37", "９５歳以上人口　総数": "4", "９５歳以上人口　男": "1", "９５歳以上人口　女": "3", "外国人人口　総数": "24", "外国人人口　男": "14", "外国人人口　女": "10", "世帯総数": 873, "一般世帯数": 873, "１人世帯数　一般世帯数": "280", "２人世帯数　一般世帯数": "309", "３人世帯数　一般世帯数": "148", "４人世帯数　一般世帯数": "105", "５人世帯数　一般世帯数": "25", "６人世帯数　一般世帯数": "5", "７人以上世帯数　一般世帯数": "1", "親族のみの世帯数　一般世帯数": "588", "核家族世帯数　一般世帯数": "552", "核家族以外の世帯数　一般世帯数": "36", "６歳未満世帯員のいる世帯数　一般世帯数": "39", "６５歳以上世帯員のいる世帯数　一般世帯数": "479", "世帯主の年齢が２０〜２９歳の１人世帯数　一般世帯数": "36", "高齢単身世帯数　一般世帯数": "103", "高齢夫婦世帯数　一般世帯数": "208", "index_right": 880 }, "geometry": { "type": "Polygon", "coordinates": [ [ [ 139.4375, 35.366666666666667 ], [ 139.43125, 35.366666666666667 ], [ 139.43125, 35.37083333333333 ], [ 139.4375, 35.37083333333333 ], [ 139.4375, 35.366666666666667 ] ] ] } },
{ "type": "Feature", "properties": { "KEY_CODE": "533903443", "MESH1_ID": "5339", "MESH2_ID": "03", "MESH3_ID": "44", "MESH4_ID": "3", "OBJ_ID": 1379, "Unnamed: 1": 0, "Unnamed: 2": null, "Unnamed: 3": null, "人口（総数）": 1220, "人口（総数）　男": 621, "人口（総数）　女": 599, "０〜１４歳人口　総数": "104", "０〜１４歳人口　男": "57", "０〜１４歳人口　女": "47", "１５歳以上人口　総数": "1114", "１５歳以上人口　男": "563", "１５歳以上人口　女": "551", "１５〜６４歳人口　総数": "650", "１５〜６４歳人口　男": "352", "１５〜６４歳人口　女": "298", "１８歳以上人口　総数": "1093", "１８歳以上人口　男": "552", "１８歳以上人口　女": "541", "２０歳以上人口　総数": "1068", "２０歳以上人口　男": "537", "２０歳以上人口　女": "531", "６５歳以上人口　総数": "464", "６５歳以上人口　男": "211", "６５歳以上人口　女": "253", "７５歳以上人口　総数": "276", "７５歳以上人口　男": "113", "７５歳以上人口　女": "163", "８５歳以上人口　総数": "89", "８５歳以上人口　男": "29", "８５歳以上人口　女": "60", "９５歳以上人口　総数": "4", "９５歳以上人口　男": "0", "９５歳以上人口　女": "4", "外国人人口　総数": "11", "外国人人口　男": "4", "外国人人口　女": "7", "世帯総数": 421, "一般世帯数": 419, "１人世帯数　一般世帯数": "93", "２人世帯数　一般世帯数": "156", "３人世帯数　一般世帯数": "86", "４人世帯数　一般世帯数": "63", "５人世帯数　一般世帯数": "13", "６人世帯数　一般世帯数": "8", "７人以上世帯数　一般世帯数": "0", "親族のみの世帯数　一般世帯数": "325", "核家族世帯数　一般世帯数": "297", "核家族以外の世帯数　一般世帯数": "28", "６歳未満世帯員のいる世帯数　一般世帯数": "25", "６５歳以上世帯員のいる世帯数　一般世帯数": "229", "世帯主の年齢が２０〜２９歳の１人世帯数　一般世帯数": "7", "高齢単身世帯数　一般世帯数": "57", "高齢夫婦世帯数　一般世帯数": "89", "index_right": 880 }, "geometry": { "type": "Polygon", "coordinates": [ [ [ 139.43125, 35.37083333333333 ], [ 139.425, 35.37083333333333 ], [ 139.425, 35.375 ], [ 139.43125, 35.375 ], [ 139.43125, 35.37083333333333 ] ] ] } },
{ "type": "Feature", "properties": { "KEY_CODE": "533903444", "MESH1_ID": "5339", "MESH2_ID": "03", "MESH3_ID": "44", "MESH4_ID": "4", "OBJ_ID": 1380, "Unnamed: 1": 0, "Unnamed: 2": null, "Unnamed: 3": null, "人口（総数）": 2260, "人口（総数）　男": 1047, "人口（総数）　女": 1213, "０〜１４歳人口　総数": "232", "０〜１４歳人口　男": "103", "０〜１４歳人口　女": "129", "１５歳以上人口　総数": "2018", "１５歳以上人口　男": "938", "１５歳以上人口　女": "1080", "１５〜６４歳人口　総数": "1004", "１５〜６４歳人口　男": "478", "１５〜６４歳人口　女": "526", "１８歳以上人口　総数": "1967", "１８歳以上人口　男": "917", "１８歳以上人口　女": "1050", "２０歳以上人口　総数": "1924", "２０歳以上人口　男": "892", "２０歳以上人口　女": "1032", "６５歳以上人口　総数": "1014", "６５歳以上人口　男": "460", "６５歳以上人口　女": "554", "７５歳以上人口　総数": "557", "７５歳以上人口　男": "276", "７５歳以上人口　女": "281", "８５歳以上人口　総数": "107", "８５歳以上人口　男": "48", "８５歳以上人口　女": "59", "９５歳以上人口　総数": "6", "９５歳以上人口　男": "0", "９５歳以上人口　女": "6", "外国人人口　総数": "11", "外国人人口　男": "7", "外国人人口　女": "4", "世帯総数": 960, "一般世帯数": 959, "１人世帯数　一般世帯数": "233", "２人世帯数　一般世帯数": "390", "３人世帯数　一般世帯数": "176", "４人世帯数　一般世帯数": "119", "５人世帯数　一般世帯数": "30", "６人世帯数　一般世帯数": "10", "７人以上世帯数　一般世帯数": "1", "親族のみの世帯数　一般世帯数": "723", "核家族世帯数　一般世帯数": "673", "核家族以外の世帯数　一般世帯数": "50", "６歳未満世帯員のいる世帯数　一般世帯数": "51", "６５歳以上世帯員のいる世帯数　一般世帯数": "615", "世帯主の年齢が２０〜２９歳の１人世帯数　一般世帯数": "16", "高齢単身世帯数　一般世帯数": "142", "高齢夫婦世帯数　一般世帯数": "258", "index_right": 880 }, "geometry": { "type": "Polygon", "coordinates": [ [ [ 139.4375, 35.37083333333333 ], [ 139.43125, 35.37083333333333 ], [ 139.43125, 35.375 ], [ 139.4375, 35.375 ], [ 139.4375, 35.37083333333333 ] ] ] } },
{ "type": "Feature", "properties": { "KEY_CODE": "533903451", "MESH1_ID": "5339", "MESH2_ID": "03", "MESH3_ID": "45", "MESH4_ID": "1", "OBJ_ID": 1381, "Unnamed: 1": 0, "Unnamed: 2": null, "Unnamed: 3": null, "人口（総数）": 3102, "人口（総数）　男": 1503, "人口（総数）　女": 1599, "０〜１４歳人口　総数": "355", "０〜１４歳人口　男": "170", "０〜１４歳人口　女": "185", "１５歳以上人口　総数": "2738", "１５歳以上人口　男": "1328", "１５歳以上人口　女": "1410", "１５〜６４歳人口　総数": "1643", "１５〜６４歳人口　男": "800", "１５〜６４歳人口　女": "843", "１８歳以上人口　総数": "2642", "１８歳以上人口　男": "1283", "１８歳以上人口　女": "1359", "２０歳以上人口　総数": "2586", "２０歳以上人口　男": "1258", "２０歳以上人口　女": "1328", "６５歳以上人口　総数": "1095", "６５歳以上人口　男": "528", "６５歳以上人口　女": "567", "７５歳以上人口　総数": "441", "７５歳以上人口　男": "237", "７５歳以上人口　女": "204", "８５歳以上人口　総数": "60", "８５歳以上人口　男": "35", "８５歳以上人口　女": "25", "９５歳以上人口　総数": "2", "９５歳以上人口　男": "1", "９５歳以上人口　女": "1", "外国人人口　総数": "14", "外国人人口　男": "11", "外国人人口　女": "3", "世帯総数": 1234, "一般世帯数": 1234, "１人世帯数　一般世帯数": "229", "２人世帯数　一般世帯数": "479", "３人世帯数　一般世帯数": "271", "４人世帯数　一般世帯数": "188", "５人世帯数　一般世帯数": "54", "６人世帯数　一般世帯数": "11", "７人以上世帯数　一般世帯数": "2", "親族のみの世帯数　一般世帯数": "996", "核家族世帯数　一般世帯数": "957", "核家族以外の世帯数　一般世帯数": "39", "６歳未満世帯員のいる世帯数　一般世帯数": "89", "６５歳以上世帯員のいる世帯数　一般世帯数": "675", "世帯主の年齢が２０〜２９歳の１人世帯数　一般世帯数": "12", "高齢単身世帯数　一般世帯数": "129", "高齢夫婦世帯数　一般世帯数": "306", "index_right": 880 }, "geometry": { "type": "Polygon", "coordinates": [ [ [ 139.44375, 35.366666666666667 ], [ 139.4375, 35.366666666666667 ], [ 139.4375, 35.37083333333333 ], [ 139.44375, 35.37083333333333 ], [ 139.44375, 35.366666666666667 ] ] ] } },
{ "type": "Feature", "properties": { "KEY_CODE": "533903521", "MESH1_ID": "5339", "MESH2_ID": "03", "MESH3_ID": "52", "MESH4_ID": "1", "OBJ_ID": 1409, "Unnamed: 1": 0, "Unnamed: 2": null, "Unnamed: 3": null, "人口（総数）": 427, "人口（総数）　男": 212, "人口（総数）　女": 215, "０〜１４歳人口　総数": "52", "０〜１４歳人口　男": "29", "０〜１４歳人口　女": "23", "１５歳以上人口　総数": "375", "１５歳以上人口　男": "183", "１５歳以上人口　女": "192", "１５〜６４歳人口　総数": "197", "１５〜６４歳人口　男": "101", "１５〜６４歳人口　女": "96", "１８歳以上人口　総数": "362", "１８歳以上人口　男": "174", "１８歳以上人口　女": "188", "２０歳以上人口　総数": "353", "２０歳以上人口　男": "171", "２０歳以上人口　女": "182", "６５歳以上人口　総数": "178", "６５歳以上人口　男": "82", "６５歳以上人口　女": "96", "７５歳以上人口　総数": "110", "７５歳以上人口　男": "47", "７５歳以上人口　女": "63", "８５歳以上人口　総数": "50", "８５歳以上人口　男": "15", "８５歳以上人口　女": "35", "９５歳以上人口　総数": "7", "９５歳以上人口　男": "0", "９５歳以上人口　女": "7", "外国人人口　総数": "0", "外国人人口　男": "0", "外国人人口　女": "0", "世帯総数": 125, "一般世帯数": 119, "１人世帯数　一般世帯数": "15", "２人世帯数　一般世帯数": "34", "３人世帯数　一般世帯数": "36", "４人世帯数　一般世帯数": "26", "５人世帯数　一般世帯数": "7", "６人世帯数　一般世帯数": "1", "７人以上世帯数　一般世帯数": "0", "親族のみの世帯数　一般世帯数": "103", "核家族世帯数　一般世帯数": "95", "核家族以外の世帯数　一般世帯数": "8", "６歳未満世帯員のいる世帯数　一般世帯数": "10", "６５歳以上世帯員のいる世帯数　一般世帯数": "52", "世帯主の年齢が２０〜２９歳の１人世帯数　一般世帯数": "0", "高齢単身世帯数　一般世帯数": "8", "高齢夫婦世帯数　一般世帯数": "21", "index_right": 880 }, "geometry": { "type": "Polygon", "coordinates": [ [ [ 139.40625, 35.375 ], [ 139.4, 35.375 ], [ 139.4, 35.379166666666663 ], [ 139.40625, 35.379166666666663 ], [ 139.40625, 35.375 ] ] ] } },
{ "type": "Feature", "properties": { "KEY_CODE": "533903522", "MESH1_ID": "5339", "MESH2_ID": "03", "MESH3_ID": "52", "MESH4_ID": "2", "OBJ_ID": 1410, "Unnamed: 1": 0, "Unnamed: 2": null, "Unnamed: 3": null, "人口（総数）": 122, "人口（総数）　男": 57, "人口（総数）　女": 65, "０〜１４歳人口　総数": "14", "０〜１４歳人口　男": "5", "０〜１４歳人口　女": "9", "１５歳以上人口　総数": "108", "１５歳以上人口　男": "52", "１５歳以上人口　女": "56", "１５〜６４歳人口　総数": "57", "１５〜６４歳人口　男": "24", "１５〜６４歳人口　女": "33", "１８歳以上人口　総数": "105", "１８歳以上人口　男": "52", "１８歳以上人口　女": "53", "２０歳以上人口　総数": "105", "２０歳以上人口　男": "52", "２０歳以上人口　女": "53", "６５歳以上人口　総数": "51", "６５歳以上人口　男": "28", "６５歳以上人口　女": "23", "７５歳以上人口　総数": "17", "７５歳以上人口　男": "9", "７５歳以上人口　女": "8", "８５歳以上人口　総数": "2", "８５歳以上人口　男": "1", "８５歳以上人口　女": "1", "９５歳以上人口　総数": "0", "９５歳以上人口　男": "0", "９５歳以上人口　女": "0", "外国人人口　総数": "0", "外国人人口　男": "0", "外国人人口　女": "0", "世帯総数": 47, "一般世帯数": 47, "１人世帯数　一般世帯数": "5", "２人世帯数　一般世帯数": "21", "３人世帯数　一般世帯数": "12", "４人世帯数　一般世帯数": "6", "５人世帯数　一般世帯数": "3", "６人世帯数　一般世帯数": "0", "７人以上世帯数　一般世帯数": "0", "親族のみの世帯数　一般世帯数": "42", "核家族世帯数　一般世帯数": "37", "核家族以外の世帯数　一般世帯数": "5", "６歳未満世帯員のいる世帯数　一般世帯数": "4", "６５歳以上世帯員のいる世帯数　一般世帯数": "30", "世帯主の年齢が２０〜２９歳の１人世帯数　一般世帯数": "1", "高齢単身世帯数　一般世帯数": "2", "高齢夫婦世帯数　一般世帯数": "13", "index_right": 880 }, "geometry": { "type": "Polygon", "coordinates": [ [ [ 139.4125, 35.375 ], [ 139.40625, 35.375 ], [ 139.40625, 35.379166666666663 ], [ 139.4125, 35.379166666666663 ], [ 139.4125, 35.375 ] ] ] } },
{ "type": "Feature", "properties": { "KEY_CODE": "533903523", "MESH1_ID": "5339", "MESH2_ID": "03", "MESH3_ID": "52", "MESH4_ID": "3", "OBJ_ID": 1411, "Unnamed: 1": 0, "Unnamed: 2": null, "Unnamed: 3": null, "人口（総数）": 365, "人口（総数）　男": 179, "人口（総数）　女": 186, "０〜１４歳人口　総数": "56", "０〜１４歳人口　男": "29", "０〜１４歳人口　女": "27", "１５歳以上人口　総数": "305", "１５歳以上人口　男": "148", "１５歳以上人口　女": "157", "１５〜６４歳人口　総数": "190", "１５〜６４歳人口　男": "102", "１５〜６４歳人口　女": "88", "１８歳以上人口　総数": "295", "１８歳以上人口　男": "142", "１８歳以上人口　女": "153", "２０歳以上人口　総数": "293", "２０歳以上人口　男": "142", "２０歳以上人口　女": "151", "６５歳以上人口　総数": "115", "６５歳以上人口　男": "46", "６５歳以上人口　女": "69", "７５歳以上人口　総数": "61", "７５歳以上人口　男": "23", "７５歳以上人口　女": "38", "８５歳以上人口　総数": "16", "８５歳以上人口　男": "2", "８５歳以上人口　女": "14", "９５歳以上人口　総数": "1", "９５歳以上人口　男": "0", "９５歳以上人口　女": "1", "外国人人口　総数": "3", "外国人人口　男": "1", "外国人人口　女": "2", "世帯総数": 136, "一般世帯数": 136, "１人世帯数　一般世帯数": "22", "２人世帯数　一般世帯数": "48", "３人世帯数　一般世帯数": "30", "４人世帯数　一般世帯数": "25", "５人世帯数　一般世帯数": "9", "６人世帯数　一般世帯数": "2", "７人以上世帯数　一般世帯数": "0", "親族のみの世帯数　一般世帯数": "112", "核家族世帯数　一般世帯数": "95", "核家族以外の世帯数　一般世帯数": "17", "６歳未満世帯員のいる世帯数　一般世帯数": "16", "６５歳以上世帯員のいる世帯数　一般世帯数": "77", "世帯主の年齢が２０〜２９歳の１人世帯数　一般世帯数": "2", "高齢単身世帯数　一般世帯数": "16", "高齢夫婦世帯数　一般世帯数": "27", "index_right": 880 }, "geometry": { "type": "Polygon", "coordinates": [ [ [ 139.40625, 35.379166666666663 ], [ 139.4, 35.379166666666663 ], [ 139.4, 35.383333333333333 ], [ 139.40625, 35.383333333333333 ], [ 139.40625, 35.379166666666663 ] ] ] } },
{ "type": "Feature", "properties": { "KEY_CODE": "533903524", "MESH1_ID": "5339", "MESH2_ID": "03", "MESH3_ID": "52", "MESH4_ID": "4", "OBJ_ID": 1412, "Unnamed: 1": 0, "Unnamed: 2": null, "Unnamed: 3": null, "人口（総数）": 48, "人口（総数）　男": 23, "人口（総数）　女": 25, "０〜１４歳人口　総数": "4", "０〜１４歳人口　男": "2", "０〜１４歳人口　女": "2", "１５歳以上人口　総数": "42", "１５歳以上人口　男": "19", "１５歳以上人口　女": "23", "１５〜６４歳人口　総数": "34", "１５〜６４歳人口　男": "17", "１５〜６４歳人口　女": "17", "１８歳以上人口　総数": "40", "１８歳以上人口　男": "18", "１８歳以上人口　女": "22", "２０歳以上人口　総数": "40", "２０歳以上人口　男": "18", "２０歳以上人口　女": "22", "６５歳以上人口　総数": "8", "６５歳以上人口　男": "2", "６５歳以上人口　女": "6", "７５歳以上人口　総数": "6", "７５歳以上人口　男": "1", "７５歳以上人口　女": "5", "８５歳以上人口　総数": "2", "８５歳以上人口　男": "0", "８５歳以上人口　女": "2", "９５歳以上人口　総数": "0", "９５歳以上人口　男": "0", "９５歳以上人口　女": "0", "外国人人口　総数": "0", "外国人人口　男": "0", "外国人人口　女": "0", "世帯総数": 22, "一般世帯数": 22, "１人世帯数　一般世帯数": "8", "２人世帯数　一般世帯数": "5", "３人世帯数　一般世帯数": "6", "４人世帯数　一般世帯数": "3", "５人世帯数　一般世帯数": "0", "６人世帯数　一般世帯数": "0", "７人以上世帯数　一般世帯数": "0", "親族のみの世帯数　一般世帯数": "14", "核家族世帯数　一般世帯数": "11", "核家族以外の世帯数　一般世帯数": "3", "６歳未満世帯員のいる世帯数　一般世帯数": "2", "６５歳以上世帯員のいる世帯数　一般世帯数": "6", "世帯主の年齢が２０〜２９歳の１人世帯数　一般世帯数": "0", "高齢単身世帯数　一般世帯数": "2", "高齢夫婦世帯数　一般世帯数": "0", "index_right": 880 }, "geometry": { "type": "Polygon", "coordinates": [ [ [ 139.4125, 35.379166666666663 ], [ 139.40625, 35.379166666666663 ], [ 139.40625, 35.383333333333333 ], [ 139.4125, 35.383333333333333 ], [ 139.4125, 35.379166666666663 ] ] ] } },
{ "type": "Feature", "properties": { "KEY_CODE": "533903531", "MESH1_ID": "5339", "MESH2_ID": "03", "MESH3_ID": "53", "MESH4_ID": "1", "OBJ_ID": 1413, "Unnamed: 1": 0, "Unnamed: 2": null, "Unnamed: 3": null, "人口（総数）": 90, "人口（総数）　男": 45, "人口（総数）　女": 45, "０〜１４歳人口　総数": "10", "０〜１４歳人口　男": "4", "０〜１４歳人口　女": "6", "１５歳以上人口　総数": "80", "１５歳以上人口　男": "41", "１５歳以上人口　女": "39", "１５〜６４歳人口　総数": "52", "１５〜６４歳人口　男": "27", "１５〜６４歳人口　女": "25", "１８歳以上人口　総数": "76", "１８歳以上人口　男": "39", "１８歳以上人口　女": "37", "２０歳以上人口　総数": "72", "２０歳以上人口　男": "38", "２０歳以上人口　女": "34", "６５歳以上人口　総数": "28", "６５歳以上人口　男": "14", "６５歳以上人口　女": "14", "７５歳以上人口　総数": "15", "７５歳以上人口　男": "8", "７５歳以上人口　女": "7", "８５歳以上人口　総数": "3", "８５歳以上人口　男": "1", "８５歳以上人口　女": "2", "９５歳以上人口　総数": "0", "９５歳以上人口　男": "0", "９５歳以上人口　女": "0", "外国人人口　総数": "2", "外国人人口　男": "1", "外国人人口　女": "1", "世帯総数": 34, "一般世帯数": 34, "１人世帯数　一般世帯数": "7", "２人世帯数　一般世帯数": "11", "３人世帯数　一般世帯数": "7", "４人世帯数　一般世帯数": "5", "５人世帯数　一般世帯数": "4", "６人世帯数　一般世帯数": "0", "７人以上世帯数　一般世帯数": "0", "親族のみの世帯数　一般世帯数": "27", "核家族世帯数　一般世帯数": "26", "核家族以外の世帯数　一般世帯数": "1", "６歳未満世帯員のいる世帯数　一般世帯数": "2", "６５歳以上世帯員のいる世帯数　一般世帯数": "19", "世帯主の年齢が２０〜２９歳の１人世帯数　一般世帯数": "0", "高齢単身世帯数　一般世帯数": "5", "高齢夫婦世帯数　一般世帯数": "4", "index_right": 880 }, "geometry": { "type": "Polygon", "coordinates": [ [ [ 139.41875, 35.375 ], [ 139.4125, 35.375 ], [ 139.4125, 35.379166666666663 ], [ 139.41875, 35.379166666666663 ], [ 139.41875, 35.375 ] ] ] } },
{ "type": "Feature", "properties": { "KEY_CODE": "533903532", "MESH1_ID": "5339", "MESH2_ID": "03", "MESH3_ID": "53", "MESH4_ID": "2", "OBJ_ID": 1414, "Unnamed: 1": 0, "Unnamed: 2": null, "Unnamed: 3": null, "人口（総数）": 265, "人口（総数）　男": 137, "人口（総数）　女": 128, "０〜１４歳人口　総数": "28", "０〜１４歳人口　男": "18", "０〜１４歳人口　女": "10", "１５歳以上人口　総数": "236", "１５歳以上人口　男": "118", "１５歳以上人口　女": "118", "１５〜６４歳人口　総数": "147", "１５〜６４歳人口　男": "78", "１５〜６４歳人口　女": "69", "１８歳以上人口　総数": "231", "１８歳以上人口　男": "115", "１８歳以上人口　女": "116", "２０歳以上人口　総数": "219", "２０歳以上人口　男": "109", "２０歳以上人口　女": "110", "６５歳以上人口　総数": "89", "６５歳以上人口　男": "40", "６５歳以上人口　女": "49", "７５歳以上人口　総数": "44", "７５歳以上人口　男": "19", "７５歳以上人口　女": "25", "８５歳以上人口　総数": "12", "８５歳以上人口　男": "3", "８５歳以上人口　女": "9", "９５歳以上人口　総数": "0", "９５歳以上人口　男": "0", "９５歳以上人口　女": "0", "外国人人口　総数": "2", "外国人人口　男": "1", "外国人人口　女": "1", "世帯総数": 104, "一般世帯数": 104, "１人世帯数　一般世帯数": "22", "２人世帯数　一般世帯数": "37", "３人世帯数　一般世帯数": "21", "４人世帯数　一般世帯数": "16", "５人世帯数　一般世帯数": "6", "６人世帯数　一般世帯数": "2", "７人以上世帯数　一般世帯数": "0", "親族のみの世帯数　一般世帯数": "80", "核家族世帯数　一般世帯数": "67", "核家族以外の世帯数　一般世帯数": "13", "６歳未満世帯員のいる世帯数　一般世帯数": "10", "６５歳以上世帯員のいる世帯数　一般世帯数": "59", "世帯主の年齢が２０〜２９歳の１人世帯数　一般世帯数": "1", "高齢単身世帯数　一般世帯数": "10", "高齢夫婦世帯数　一般世帯数": "21", "index_right": 880 }, "geometry": { "type": "Polygon", "coordinates": [ [ [ 139.425, 35.375 ], [ 139.41875, 35.375 ], [ 139.41875, 35.379166666666663 ], [ 139.425, 35.379166666666663 ], [ 139.425, 35.375 ] ] ] } },
{ "type": "Feature", "properties": { "KEY_CODE": "533903533", "MESH1_ID": "5339", "MESH2_ID": "03", "MESH3_ID": "53", "MESH4_ID": "3", "OBJ_ID": 1415, "Unnamed: 1": 0, "Unnamed: 2": null, "Unnamed: 3": null, "人口（総数）": 70, "人口（総数）　男": 32, "人口（総数）　女": 38, "０〜１４歳人口　総数": "8", "０〜１４歳人口　男": "1", "０〜１４歳人口　女": "7", "１５歳以上人口　総数": "62", "１５歳以上人口　男": "31", "１５歳以上人口　女": "31", "１５〜６４歳人口　総数": "34", "１５〜６４歳人口　男": "18", "１５〜６４歳人口　女": "16", "１８歳以上人口　総数": "60", "１８歳以上人口　男": "31", "１８歳以上人口　女": "29", "２０歳以上人口　総数": "60", "２０歳以上人口　男": "31", "２０歳以上人口　女": "29", "６５歳以上人口　総数": "28", "６５歳以上人口　男": "13", "６５歳以上人口　女": "15", "７５歳以上人口　総数": "17", "７５歳以上人口　男": "8", "７５歳以上人口　女": "9", "８５歳以上人口　総数": "7", "８５歳以上人口　男": "4", "８５歳以上人口　女": "3", "９５歳以上人口　総数": "0", "９５歳以上人口　男": "0", "９５歳以上人口　女": "0", "外国人人口　総数": "1", "外国人人口　男": "0", "外国人人口　女": "1", "世帯総数": 24, "一般世帯数": 24, "１人世帯数　一般世帯数": "4", "２人世帯数　一般世帯数": "8", "３人世帯数　一般世帯数": "4", "４人世帯数　一般世帯数": "5", "５人世帯数　一般世帯数": "1", "６人世帯数　一般世帯数": "1", "７人以上世帯数　一般世帯数": "1", "親族のみの世帯数　一般世帯数": "20", "核家族世帯数　一般世帯数": "16", "核家族以外の世帯数　一般世帯数": "4", "６歳未満世帯員のいる世帯数　一般世帯数": "3", "６５歳以上世帯員のいる世帯数　一般世帯数": "16", "世帯主の年齢が２０〜２９歳の１人世帯数　一般世帯数": "0", "高齢単身世帯数　一般世帯数": "3", "高齢夫婦世帯数　一般世帯数": "6", "index_right": 880 }, "geometry": { "type": "Polygon", "coordinates": [ [ [ 139.41875, 35.379166666666663 ], [ 139.4125, 35.379166666666663 ], [ 139.4125, 35.383333333333333 ], [ 139.41875, 35.383333333333333 ], [ 139.41875, 35.379166666666663 ] ] ] } },
{ "type": "Feature", "properties": { "KEY_CODE": "533903534", "MESH1_ID": "5339", "MESH2_ID": "03", "MESH3_ID": "53", "MESH4_ID": "4", "OBJ_ID": 1416, "Unnamed: 1": 0, "Unnamed: 2": null, "Unnamed: 3": null, "人口（総数）": 132, "人口（総数）　男": 63, "人口（総数）　女": 69, "０〜１４歳人口　総数": "17", "０〜１４歳人口　男": "7", "０〜１４歳人口　女": "10", "１５歳以上人口　総数": "113", "１５歳以上人口　男": "55", "１５歳以上人口　女": "58", "１５〜６４歳人口　総数": "68", "１５〜６４歳人口　男": "34", "１５〜６４歳人口　女": "34", "１８歳以上人口　総数": "107", "１８歳以上人口　男": "52", "１８歳以上人口　女": "55", "２０歳以上人口　総数": "105", "２０歳以上人口　男": "52", "２０歳以上人口　女": "53", "６５歳以上人口　総数": "45", "６５歳以上人口　男": "21", "６５歳以上人口　女": "24", "７５歳以上人口　総数": "28", "７５歳以上人口　男": "10", "７５歳以上人口　女": "18", "８５歳以上人口　総数": "9", "８５歳以上人口　男": "7", "８５歳以上人口　女": "2", "９５歳以上人口　総数": "1", "９５歳以上人口　男": "1", "９５歳以上人口　女": "0", "外国人人口　総数": "1", "外国人人口　男": "0", "外国人人口　女": "1", "世帯総数": 48, "一般世帯数": 48, "１人世帯数　一般世帯数": "10", "２人世帯数　一般世帯数": "14", "３人世帯数　一般世帯数": "10", "４人世帯数　一般世帯数": "10", "５人世帯数　一般世帯数": "1", "６人世帯数　一般世帯数": "2", "７人以上世帯数　一般世帯数": "1", "親族のみの世帯数　一般世帯数": "38", "核家族世帯数　一般世帯数": "32", "核家族以外の世帯数　一般世帯数": "6", "６歳未満世帯員のいる世帯数　一般世帯数": "5", "６５歳以上世帯員のいる世帯数　一般世帯数": "29", "世帯主の年齢が２０〜２９歳の１人世帯数　一般世帯数": "0", "高齢単身世帯数　一般世帯数": "3", "高齢夫婦世帯数　一般世帯数": "12", "index_right": 880 }, "geometry": { "type": "Polygon", "coordinates": [ [ [ 139.425, 35.379166666666663 ], [ 139.41875, 35.379166666666663 ], [ 139.41875, 35.383333333333333 ], [ 139.425, 35.383333333333333 ], [ 139.425, 35.379166666666663 ] ] ] } },
{ "type": "Feature", "properties": { "KEY_CODE": "533903541", "MESH1_ID": "5339", "MESH2_ID": "03", "MESH3_ID": "54", "MESH4_ID": "1", "OBJ_ID": 1417, "Unnamed: 1": 0, "Unnamed: 2": null, "Unnamed: 3": null, "人口（総数）": 459, "人口（総数）　男": 195, "人口（総数）　女": 264, "０〜１４歳人口　総数": "39", "０〜１４歳人口　男": "23", "０〜１４歳人口　女": "16", "１５歳以上人口　総数": "409", "１５歳以上人口　男": "167", "１５歳以上人口　女": "242", "１５〜６４歳人口　総数": "174", "１５〜６４歳人口　男": "89", "１５〜６４歳人口　女": "85", "１８歳以上人口　総数": "400", "１８歳以上人口　男": "160", "１８歳以上人口　女": "240", "２０歳以上人口　総数": "397", "２０歳以上人口　男": "159", "２０歳以上人口　女": "238", "６５歳以上人口　総数": "235", "６５歳以上人口　男": "78", "６５歳以上人口　女": "157", "７５歳以上人口　総数": "181", "７５歳以上人口　男": "56", "７５歳以上人口　女": "125", "８５歳以上人口　総数": "81", "８５歳以上人口　男": "15", "８５歳以上人口　女": "66", "９５歳以上人口　総数": "18", "９５歳以上人口　男": "0", "９５歳以上人口　女": "18", "外国人人口　総数": "3", "外国人人口　男": "2", "外国人人口　女": "1", "世帯総数": 118, "一般世帯数": 117, "１人世帯数　一般世帯数": "17", "２人世帯数　一般世帯数": "45", "３人世帯数　一般世帯数": "20", "４人世帯数　一般世帯数": "19", "５人世帯数　一般世帯数": "10", "６人世帯数　一般世帯数": "6", "７人以上世帯数　一般世帯数": "0", "親族のみの世帯数　一般世帯数": "97", "核家族世帯数　一般世帯数": "85", "核家族以外の世帯数　一般世帯数": "12", "６歳未満世帯員のいる世帯数　一般世帯数": "9", "６５歳以上世帯員のいる世帯数　一般世帯数": "72", "世帯主の年齢が２０〜２９歳の１人世帯数　一般世帯数": "0", "高齢単身世帯数　一般世帯数": "12", "高齢夫婦世帯数　一般世帯数": "20", "index_right": 880 }, "geometry": { "type": "Polygon", "coordinates": [ [ [ 139.43125, 35.375 ], [ 139.425, 35.375 ], [ 139.425, 35.379166666666663 ], [ 139.43125, 35.379166666666663 ], [ 139.43125, 35.375 ] ] ] } },
{ "type": "Feature", "properties": { "KEY_CODE": "533903542", "MESH1_ID": "5339", "MESH2_ID": "03", "MESH3_ID": "54", "MESH4_ID": "2", "OBJ_ID": 1418, "Unnamed: 1": 0, "Unnamed: 2": null, "Unnamed: 3": null, "人口（総数）": 840, "人口（総数）　男": 401, "人口（総数）　女": 439, "０〜１４歳人口　総数": "99", "０〜１４歳人口　男": "58", "０〜１４歳人口　女": "41", "１５歳以上人口　総数": "741", "１５歳以上人口　男": "343", "１５歳以上人口　女": "398", "１５〜６４歳人口　総数": "496", "１５〜６４歳人口　男": "240", "１５〜６４歳人口　女": "256", "１８歳以上人口　総数": "706", "１８歳以上人口　男": "326", "１８歳以上人口　女": "380", "２０歳以上人口　総数": "689", "２０歳以上人口　男": "319", "２０歳以上人口　女": "370", "６５歳以上人口　総数": "245", "６５歳以上人口　男": "103", "６５歳以上人口　女": "142", "７５歳以上人口　総数": "108", "７５歳以上人口　男": "45", "７５歳以上人口　女": "63", "８５歳以上人口　総数": "21", "８５歳以上人口　男": "7", "８５歳以上人口　女": "14", "９５歳以上人口　総数": "1", "９５歳以上人口　男": "0", "９５歳以上人口　女": "1", "外国人人口　総数": "3", "外国人人口　男": "1", "外国人人口　女": "2", "世帯総数": 351, "一般世帯数": 351, "１人世帯数　一般世帯数": "91", "２人世帯数　一般世帯数": "117", "３人世帯数　一般世帯数": "76", "４人世帯数　一般世帯数": "53", "５人世帯数　一般世帯数": "10", "６人世帯数　一般世帯数": "3", "７人以上世帯数　一般世帯数": "1", "親族のみの世帯数　一般世帯数": "258", "核家族世帯数　一般世帯数": "239", "核家族以外の世帯数　一般世帯数": "19", "６歳未満世帯員のいる世帯数　一般世帯数": "21", "６５歳以上世帯員のいる世帯数　一般世帯数": "160", "世帯主の年齢が２０〜２９歳の１人世帯数　一般世帯数": "5", "高齢単身世帯数　一般世帯数": "41", "高齢夫婦世帯数　一般世帯数": "50", "index_right": 880 }, "geometry": { "type": "Polygon", "coordinates": [ [ [ 139.4375, 35.375 ], [ 139.43125, 35.375 ], [ 139.43125, 35.379166666666663 ], [ 139.4375, 35.379166666666663 ], [ 139.4375, 35.375 ] ] ] } },
{ "type": "Feature", "properties": { "KEY_CODE": "533903543", "MESH1_ID": "5339", "MESH2_ID": "03", "MESH3_ID": "54", "MESH4_ID": "3", "OBJ_ID": 1419, "Unnamed: 1": 0, "Unnamed: 2": null, "Unnamed: 3": null, "人口（総数）": 93, "人口（総数）　男": 45, "人口（総数）　女": 48, "０〜１４歳人口　総数": "4", "０〜１４歳人口　男": "1", "０〜１４歳人口　女": "3", "１５歳以上人口　総数": "82", "１５歳以上人口　男": "41", "１５歳以上人口　女": "41", "１５〜６４歳人口　総数": "54", "１５〜６４歳人口　男": "27", "１５〜６４歳人口　女": "27", "１８歳以上人口　総数": "80", "１８歳以上人口　男": "39", "１８歳以上人口　女": "41", "２０歳以上人口　総数": "76", "２０歳以上人口　男": "37", "２０歳以上人口　女": "39", "６５歳以上人口　総数": "28", "６５歳以上人口　男": "14", "６５歳以上人口　女": "14", "７５歳以上人口　総数": "14", "７５歳以上人口　男": "8", "７５歳以上人口　女": "6", "８５歳以上人口　総数": "1", "８５歳以上人口　男": "0", "８５歳以上人口　女": "1", "９５歳以上人口　総数": "0", "９５歳以上人口　男": "0", "９５歳以上人口　女": "0", "外国人人口　総数": "0", "外国人人口　男": "0", "外国人人口　女": "0", "世帯総数": 38, "一般世帯数": 38, "１人世帯数　一般世帯数": "9", "２人世帯数　一般世帯数": "12", "３人世帯数　一般世帯数": "9", "４人世帯数　一般世帯数": "7", "５人世帯数　一般世帯数": "1", "６人世帯数　一般世帯数": "0", "７人以上世帯数　一般世帯数": "0", "親族のみの世帯数　一般世帯数": "28", "核家族世帯数　一般世帯数": "25", "核家族以外の世帯数　一般世帯数": "3", "６歳未満世帯員のいる世帯数　一般世帯数": "1", "６５歳以上世帯員のいる世帯数　一般世帯数": "21", "世帯主の年齢が２０〜２９歳の１人世帯数　一般世帯数": "0", "高齢単身世帯数　一般世帯数": "4", "高齢夫婦世帯数　一般世帯数": "6", "index_right": 880 }, "geometry": { "type": "Polygon", "coordinates": [ [ [ 139.43125, 35.379166666666663 ], [ 139.425, 35.379166666666663 ], [ 139.425, 35.383333333333333 ], [ 139.43125, 35.383333333333333 ], [ 139.43125, 35.379166666666663 ] ] ] } },
{ "type": "Feature", "properties": { "KEY_CODE": "533903544", "MESH1_ID": "5339", "MESH2_ID": "03", "MESH3_ID": "54", "MESH4_ID": "4", "OBJ_ID": 1420, "Unnamed: 1": 0, "Unnamed: 2": null, "Unnamed: 3": null, "人口（総数）": 405, "人口（総数）　男": 176, "人口（総数）　女": 229, "０〜１４歳人口　総数": "42", "０〜１４歳人口　男": "19", "０〜１４歳人口　女": "23", "１５歳以上人口　総数": "358", "１５歳以上人口　男": "152", "１５歳以上人口　女": "206", "１５〜６４歳人口　総数": "189", "１５〜６４歳人口　男": "97", "１５〜６４歳人口　女": "92", "１８歳以上人口　総数": "350", "１８歳以上人口　男": "149", "１８歳以上人口　女": "201", "２０歳以上人口　総数": "342", "２０歳以上人口　男": "146", "２０歳以上人口　女": "196", "６５歳以上人口　総数": "169", "６５歳以上人口　男": "55", "６５歳以上人口　女": "114", "７５歳以上人口　総数": "111", "７５歳以上人口　男": "31", "７５歳以上人口　女": "80", "８５歳以上人口　総数": "48", "８５歳以上人口　男": "8", "８５歳以上人口　女": "40", "９５歳以上人口　総数": "7", "９５歳以上人口　男": "1", "９５歳以上人口　女": "6", "外国人人口　総数": "6", "外国人人口　男": "3", "外国人人口　女": "3", "世帯総数": 130, "一般世帯数": 129, "１人世帯数　一般世帯数": "25", "２人世帯数　一般世帯数": "36", "３人世帯数　一般世帯数": "33", "４人世帯数　一般世帯数": "21", "５人世帯数　一般世帯数": "10", "６人世帯数　一般世帯数": "2", "７人以上世帯数　一般世帯数": "2", "親族のみの世帯数　一般世帯数": "103", "核家族世帯数　一般世帯数": "88", "核家族以外の世帯数　一般世帯数": "15", "６歳未満世帯員のいる世帯数　一般世帯数": "11", "６５歳以上世帯員のいる世帯数　一般世帯数": "75", "世帯主の年齢が２０〜２９歳の１人世帯数　一般世帯数": "0", "高齢単身世帯数　一般世帯数": "15", "高齢夫婦世帯数　一般世帯数": "20", "index_right": 880 }, "geometry": { "type": "Polygon", "coordinates": [ [ [ 139.4375, 35.379166666666663 ], [ 139.43125, 35.379166666666663 ], [ 139.43125, 35.383333333333333 ], [ 139.4375, 35.383333333333333 ], [ 139.4375, 35.379166666666663 ] ] ] } },
{ "type": "Feature", "properties": { "KEY_CODE": "533903631", "MESH1_ID": "5339", "MESH2_ID": "03", "MESH3_ID": "63", "MESH4_ID": "1", "OBJ_ID": 1453, "Unnamed: 1": 0, "Unnamed: 2": null, "Unnamed: 3": null, "人口（総数）": 118, "人口（総数）　男": 59, "人口（総数）　女": 59, "０〜１４歳人口　総数": "14", "０〜１４歳人口　男": "8", "０〜１４歳人口　女": "6", "１５歳以上人口　総数": "104", "１５歳以上人口　男": "51", "１５歳以上人口　女": "53", "１５〜６４歳人口　総数": "69", "１５〜６４歳人口　男": "35", "１５〜６４歳人口　女": "34", "１８歳以上人口　総数": "100", "１８歳以上人口　男": "48", "１８歳以上人口　女": "52", "２０歳以上人口　総数": "100", "２０歳以上人口　男": "48", "２０歳以上人口　女": "52", "６５歳以上人口　総数": "35", "６５歳以上人口　男": "16", "６５歳以上人口　女": "19", "７５歳以上人口　総数": "15", "７５歳以上人口　男": "5", "７５歳以上人口　女": "10", "８５歳以上人口　総数": "5", "８５歳以上人口　男": "1", "８５歳以上人口　女": "4", "９５歳以上人口　総数": "1", "９５歳以上人口　男": "0", "９５歳以上人口　女": "1", "外国人人口　総数": "4", "外国人人口　男": "2", "外国人人口　女": "2", "世帯総数": 41, "一般世帯数": 41, "１人世帯数　一般世帯数": "9", "２人世帯数　一般世帯数": "10", "３人世帯数　一般世帯数": "8", "４人世帯数　一般世帯数": "8", "５人世帯数　一般世帯数": "4", "６人世帯数　一般世帯数": "1", "７人以上世帯数　一般世帯数": "1", "親族のみの世帯数　一般世帯数": "31", "核家族世帯数　一般世帯数": "25", "核家族以外の世帯数　一般世帯数": "6", "６歳未満世帯員のいる世帯数　一般世帯数": "2", "６５歳以上世帯員のいる世帯数　一般世帯数": "20", "世帯主の年齢が２０〜２９歳の１人世帯数　一般世帯数": "0", "高齢単身世帯数　一般世帯数": "5", "高齢夫婦世帯数　一般世帯数": "4", "index_right": 880 }, "geometry": { "type": "Polygon", "coordinates": [ [ [ 139.41875, 35.383333333333333 ], [ 139.4125, 35.383333333333333 ], [ 139.4125, 35.3875 ], [ 139.41875, 35.3875 ], [ 139.41875, 35.383333333333333 ] ] ] } },
{ "type": "Feature", "properties": { "KEY_CODE": "533903632", "MESH1_ID": "5339", "MESH2_ID": "03", "MESH3_ID": "63", "MESH4_ID": "2", "OBJ_ID": 1454, "Unnamed: 1": 0, "Unnamed: 2": null, "Unnamed: 3": null, "人口（総数）": 39, "人口（総数）　男": 22, "人口（総数）　女": 17, "０〜１４歳人口　総数": "6", "０〜１４歳人口　男": "4", "０〜１４歳人口　女": "2", "１５歳以上人口　総数": "33", "１５歳以上人口　男": "18", "１５歳以上人口　女": "15", "１５〜６４歳人口　総数": "20", "１５〜６４歳人口　男": "11", "１５〜６４歳人口　女": "9", "１８歳以上人口　総数": "32", "１８歳以上人口　男": "17", "１８歳以上人口　女": "15", "２０歳以上人口　総数": "32", "２０歳以上人口　男": "17", "２０歳以上人口　女": "15", "６５歳以上人口　総数": "13", "６５歳以上人口　男": "7", "６５歳以上人口　女": "6", "７５歳以上人口　総数": "4", "７５歳以上人口　男": "1", "７５歳以上人口　女": "3", "８５歳以上人口　総数": "1", "８５歳以上人口　男": "0", "８５歳以上人口　女": "1", "９５歳以上人口　総数": "0", "９５歳以上人口　男": "0", "９５歳以上人口　女": "0", "外国人人口　総数": "1", "外国人人口　男": "0", "外国人人口　女": "1", "世帯総数": 14, "一般世帯数": 14, "１人世帯数　一般世帯数": "3", "２人世帯数　一般世帯数": "5", "３人世帯数　一般世帯数": "1", "４人世帯数　一般世帯数": "3", "５人世帯数　一般世帯数": "1", "６人世帯数　一般世帯数": "1", "７人以上世帯数　一般世帯数": "0", "親族のみの世帯数　一般世帯数": "11", "核家族世帯数　一般世帯数": "9", "核家族以外の世帯数　一般世帯数": "2", "６歳未満世帯員のいる世帯数　一般世帯数": "2", "６５歳以上世帯員のいる世帯数　一般世帯数": "11", "世帯主の年齢が２０〜２９歳の１人世帯数　一般世帯数": "0", "高齢単身世帯数　一般世帯数": "2", "高齢夫婦世帯数　一般世帯数": "3", "index_right": 880 }, "geometry": { "type": "Polygon", "coordinates": [ [ [ 139.425, 35.383333333333333 ], [ 139.41875, 35.383333333333333 ], [ 139.41875, 35.3875 ], [ 139.425, 35.3875 ], [ 139.425, 35.383333333333333 ] ] ] } },
{ "type": "Feature", "properties": { "KEY_CODE": "533903641", "MESH1_ID": "5339", "MESH2_ID": "03", "MESH3_ID": "64", "MESH4_ID": "1", "OBJ_ID": 1457, "Unnamed: 1": 0, "Unnamed: 2": null, "Unnamed: 3": null, "人口（総数）": 73, "人口（総数）　男": 32, "人口（総数）　女": 41, "０〜１４歳人口　総数": "14", "０〜１４歳人口　男": "6", "０〜１４歳人口　女": "8", "１５歳以上人口　総数": "59", "１５歳以上人口　男": "26", "１５歳以上人口　女": "33", "１５〜６４歳人口　総数": "39", "１５〜６４歳人口　男": "17", "１５〜６４歳人口　女": "22", "１８歳以上人口　総数": "55", "１８歳以上人口　男": "25", "１８歳以上人口　女": "30", "２０歳以上人口　総数": "54", "２０歳以上人口　男": "25", "２０歳以上人口　女": "29", "６５歳以上人口　総数": "20", "６５歳以上人口　男": "9", "６５歳以上人口　女": "11", "７５歳以上人口　総数": "10", "７５歳以上人口　男": "3", "７５歳以上人口　女": "7", "８５歳以上人口　総数": "6", "８５歳以上人口　男": "2", "８５歳以上人口　女": "4", "９５歳以上人口　総数": "0", "９５歳以上人口　男": "0", "９５歳以上人口　女": "0", "外国人人口　総数": "0", "外国人人口　男": "0", "外国人人口　女": "0", "世帯総数": 21, "一般世帯数": 21, "１人世帯数　一般世帯数": "3", "２人世帯数　一般世帯数": "5", "３人世帯数　一般世帯数": "3", "４人世帯数　一般世帯数": "4", "５人世帯数　一般世帯数": "2", "６人世帯数　一般世帯数": "3", "７人以上世帯数　一般世帯数": "1", "親族のみの世帯数　一般世帯数": "18", "核家族世帯数　一般世帯数": "11", "核家族以外の世帯数　一般世帯数": "7", "６歳未満世帯員のいる世帯数　一般世帯数": "4", "６５歳以上世帯員のいる世帯数　一般世帯数": "13", "世帯主の年齢が２０〜２９歳の１人世帯数　一般世帯数": "0", "高齢単身世帯数　一般世帯数": "2", "高齢夫婦世帯数　一般世帯数": "2", "index_right": 880 }, "geometry": { "type": "Polygon", "coordinates": [ [ [ 139.43125, 35.383333333333333 ], [ 139.425, 35.383333333333333 ], [ 139.425, 35.3875 ], [ 139.43125, 35.3875 ], [ 139.43125, 35.383333333333333 ] ] ] } }
]
}
