{
"type": "FeatureCollection",
"name": "chigasaki_bus_stop",
"crs": { "type": "name", "properties": { "name": "urn:ogc:def:crs:EPSG::6668" } },
"features": [
{ "type": "Feature", "properties": { "P11_001": "芹沢台田（斎場入口）", "P11_002": "神奈川中央交通（株）", "P11_003_01": "北部循環市立病院線", "P11_003_02": null, "P11_003_03": null, "P11_003_04": null, "P11_003_05": null, "P11_003_06": null, "P11_003_07": null, "P11_003_08": null, "P11_003_09": null, "P11_003_10": null, "P11_003_11": null, "P11_003_12": null, "P11_003_13": null, "P11_003_14": null, "P11_003_15": null, "P11_003_16": null, "P11_003_17": null, "P11_003_18": null, "P11_003_19": null, "P11_003_20": null, "P11_003_21": null, "P11_003_22": null, "P11_003_23": null, "P11_003_24": null, "P11_003_25": null, "P11_003_26": null, "P11_003_27": null, "P11_003_28": null, "P11_003_29": null, "P11_003_30": null, "P11_003_31": null, "P11_003_32": null, "P11_003_33": null, "P11_003_34": null, "P11_003_35": null, "P11_004_01": "1", "P11_004_02": null, "P11_004_03": null, "P11_004_04": null, "P11_004_05": null, "P11_004_06": null, "P11_004_07": null, "P11_004_08": null, "P11_004_09": null, "P11_004_10": null, "P11_004_11": null, "P11_004_12": null, "P11_004_13": null, "P11_004_14": null, "P11_004_15": null, "P11_004_16": null, "P11_004_17": null, "P11_004_18": null, "P11_004_19": null, "P11_004_20": null, "P11_004_21": null, "P11_004_22": null, "P11_004_23": null, "P11_004_24": null, "P11_004_25": null, "P11_004_26": null, "P11_004_27": null, "P11_004_28": null, "P11_004_29": null, "P11_004_30": null, "P11_004_31": null, "P11_004_32": null, "P11_004_33": null, "P11_004_34": null, "P11_004_35": null, "P11_005": null, "index_right": 880 }, "geometry": { "type": "Point", "coordinates": [ 139.422360319436194, 35.383195715580236 ] } },
{ "type": "Feature", "properties": { "P11_001": "芹沢細谷入口", "P11_002": "神奈川中央交通（株）", "P11_003_01": "北部循環市立病院線", "P11_003_02": null, "P11_003_03": null, "P11_003_04": null, "P11_003_05": null, "P11_003_06": null, "P11_003_07": null, "P11_003_08": null, "P11_003_09": null, "P11_003_10": null, "P11_003_11": null, "P11_003_12": null, "P11_003_13": null, "P11_003_14": null, "P11_003_15": null, "P11_003_16": null, "P11_003_17": null, "P11_003_18": null, "P11_003_19": null, "P11_003_20": null, "P11_003_21": null, "P11_003_22": null, "P11_003_23": null, "P11_003_24": null, "P11_003_25": null, "P11_003_26": null, "P11_003_27": null, "P11_003_28": null, "P11_003_29": null, "P11_003_30": null, "P11_003_31": null, "P11_003_32": null, "P11_003_33": null, "P11_003_34": null, "P11_003_35": null, "P11_004_01": "1", "P11_004_02": null, "P11_004_03": null, "P11_004_04": null, "P11_004_05": null, "P11_004_06": null, "P11_004_07": null, "P11_004_08": null, "P11_004_09": null, "P11_004_10": null, "P11_004_11": null, "P11_004_12": null, "P11_004_13": null, "P11_004_14": null, "P11_004_15": null, "P11_004_16": null, "P11_004_17": null, "P11_004_18": null, "P11_004_19": null, "P11_004_20": null, "P11_004_21": null, "P11_004_22": null, "P11_004_23": null, "P11_004_24": null, "P11_004_25": null, "P11_004_26": null, "P11_004_27": null, "P11_004_28": null, "P11_004_29": null, "P11_004_30": null, "P11_004_31": null, "P11_004_32": null, "P11_004_33": null, "P11_004_34": null, "P11_004_35": null, "P11_005": null, "index_right": 880 }, "geometry": { "type": "Point", "coordinates": [ 139.425041836836556, 35.381474464371209 ] } },
{ "type": "Feature", "properties": { "P11_001": "芹沢細紺", "P11_002": "神奈川中央交通（株）", "P11_003_01": "北部循環市立病院線", "P11_003_02": null, "P11_003_03": null, "P11_003_04": null, "P11_003_05": null, "P11_003_06": null, "P11_003_07": null, "P11_003_08": null, "P11_003_09": null, "P11_003_10": null, "P11_003_11": null, "P11_003_12": null, "P11_003_13": null, "P11_003_14": null, "P11_003_15": null, "P11_003_16": null, "P11_003_17": null, "P11_003_18": null, "P11_003_19": null, "P11_003_20": null, "P11_003_21": null, "P11_003_22": null, "P11_003_23": null, "P11_003_24": null, "P11_003_25": null, "P11_003_26": null, "P11_003_27": null, "P11_003_28": null, "P11_003_29": null, "P11_003_30": null, "P11_003_31": null, "P11_003_32": null, "P11_003_33": null, "P11_003_34": null, "P11_003_35": null, "P11_004_01": "1", "P11_004_02": null, "P11_004_03": null, "P11_004_04": null, "P11_004_05": null, "P11_004_06": null, "P11_004_07": null, "P11_004_08": null, "P11_004_09": null, "P11_004_10": null, "P11_004_11": null, "P11_004_12": null, "P11_004_13": null, "P11_004_14": null, "P11_004_15": null, "P11_004_16": null, "P11_004_17": null, "P11_004_18": null, "P11_004_19": null, "P11_004_20": null, "P11_004_21": null, "P11_004_22": null, "P11_004_23": null, "P11_004_24": null, "P11_004_25": null, "P11_004_26": null, "P11_004_27": null, "P11_004_28": null, "P11_004_29": null, "P11_004_30": null, "P11_004_31": null, "P11_004_32": null, "P11_004_33": null, "P11_004_34": null, "P11_004_35": null, "P11_005": null, "index_right": 880 }, "geometry": { "type": "Point", "coordinates": [ 139.420724528426433, 35.380538600164769 ] } },
{ "type": "Feature", "properties": { "P11_001": "芹沢中部下", "P11_002": "神奈川中央交通（株）", "P11_003_01": "北部循環市立病院線", "P11_003_02": null, "P11_003_03": null, "P11_003_04": null, "P11_003_05": null, "P11_003_06": null, "P11_003_07": null, "P11_003_08": null, "P11_003_09": null, "P11_003_10": null, "P11_003_11": null, "P11_003_12": null, "P11_003_13": null, "P11_003_14": null, "P11_003_15": null, "P11_003_16": null, "P11_003_17": null, "P11_003_18": null, "P11_003_19": null, "P11_003_20": null, "P11_003_21": null, "P11_003_22": null, "P11_003_23": null, "P11_003_24": null, "P11_003_25": null, "P11_003_26": null, "P11_003_27": null, "P11_003_28": null, "P11_003_29": null, "P11_003_30": null, "P11_003_31": null, "P11_003_32": null, "P11_003_33": null, "P11_003_34": null, "P11_003_35": null, "P11_004_01": "1", "P11_004_02": null, "P11_004_03": null, "P11_004_04": null, "P11_004_05": null, "P11_004_06": null, "P11_004_07": null, "P11_004_08": null, "P11_004_09": null, "P11_004_10": null, "P11_004_11": null, "P11_004_12": null, "P11_004_13": null, "P11_004_14": null, "P11_004_15": null, "P11_004_16": null, "P11_004_17": null, "P11_004_18": null, "P11_004_19": null, "P11_004_20": null, "P11_004_21": null, "P11_004_22": null, "P11_004_23": null, "P11_004_24": null, "P11_004_25": null, "P11_004_26": null, "P11_004_27": null, "P11_004_28": null, "P11_004_29": null, "P11_004_30": null, "P11_004_31": null, "P11_004_32": null, "P11_004_33": null, "P11_004_34": null, "P11_004_35": null, "P11_005": null, "index_right": 880 }, "geometry": { "type": "Point", "coordinates": [ 139.420758120053677, 35.37842851749533 ] } },
{ "type": "Feature", "properties": { "P11_001": "芹沢スポーツ広場", "P11_002": "神奈川中央交通（株）", "P11_003_01": "北部循環市立病院線", "P11_003_02": null, "P11_003_03": null, "P11_003_04": null, "P11_003_05": null, "P11_003_06": null, "P11_003_07": null, "P11_003_08": null, "P11_003_09": null, "P11_003_10": null, "P11_003_11": null, "P11_003_12": null, "P11_003_13": null, "P11_003_14": null, "P11_003_15": null, "P11_003_16": null, "P11_003_17": null, "P11_003_18": null, "P11_003_19": null, "P11_003_20": null, "P11_003_21": null, "P11_003_22": null, "P11_003_23": null, "P11_003_24": null, "P11_003_25": null, "P11_003_26": null, "P11_003_27": null, "P11_003_28": null, "P11_003_29": null, "P11_003_30": null, "P11_003_31": null, "P11_003_32": null, "P11_003_33": null, "P11_003_34": null, "P11_003_35": null, "P11_004_01": "1", "P11_004_02": null, "P11_004_03": null, "P11_004_04": null, "P11_004_05": null, "P11_004_06": null, "P11_004_07": null, "P11_004_08": null, "P11_004_09": null, "P11_004_10": null, "P11_004_11": null, "P11_004_12": null, "P11_004_13": null, "P11_004_14": null, "P11_004_15": null, "P11_004_16": null, "P11_004_17": null, "P11_004_18": null, "P11_004_19": null, "P11_004_20": null, "P11_004_21": null, "P11_004_22": null, "P11_004_23": null, "P11_004_24": null, "P11_004_25": null, "P11_004_26": null, "P11_004_27": null, "P11_004_28": null, "P11_004_29": null, "P11_004_30": null, "P11_004_31": null, "P11_004_32": null, "P11_004_33": null, "P11_004_34": null, "P11_004_35": null, "P11_005": null, "index_right": 880 }, "geometry": { "type": "Point", "coordinates": [ 139.423427716841957, 35.377521668275818 ] } },
{ "type": "Feature", "properties": { "P11_001": "芹沢中部（善谷寺前）", "P11_002": "神奈川中央交通（株）", "P11_003_01": "北部循環市立病院線", "P11_003_02": null, "P11_003_03": null, "P11_003_04": null, "P11_003_05": null, "P11_003_06": null, "P11_003_07": null, "P11_003_08": null, "P11_003_09": null, "P11_003_10": null, "P11_003_11": null, "P11_003_12": null, "P11_003_13": null, "P11_003_14": null, "P11_003_15": null, "P11_003_16": null, "P11_003_17": null, "P11_003_18": null, "P11_003_19": null, "P11_003_20": null, "P11_003_21": null, "P11_003_22": null, "P11_003_23": null, "P11_003_24": null, "P11_003_25": null, "P11_003_26": null, "P11_003_27": null, "P11_003_28": null, "P11_003_29": null, "P11_003_30": null, "P11_003_31": null, "P11_003_32": null, "P11_003_33": null, "P11_003_34": null, "P11_003_35": null, "P11_004_01": "1", "P11_004_02": null, "P11_004_03": null, "P11_004_04": null, "P11_004_05": null, "P11_004_06": null, "P11_004_07": null, "P11_004_08": null, "P11_004_09": null, "P11_004_10": null, "P11_004_11": null, "P11_004_12": null, "P11_004_13": null, "P11_004_14": null, "P11_004_15": null, "P11_004_16": null, "P11_004_17": null, "P11_004_18": null, "P11_004_19": null, "P11_004_20": null, "P11_004_21": null, "P11_004_22": null, "P11_004_23": null, "P11_004_24": null, "P11_004_25": null, "P11_004_26": null, "P11_004_27": null, "P11_004_28": null, "P11_004_29": null, "P11_004_30": null, "P11_004_31": null, "P11_004_32": null, "P11_004_33": null, "P11_004_34": null, "P11_004_35": null, "P11_005": null, "index_right": 880 }, "geometry": { "type": "Point", "coordinates": [ 139.421595538222221, 35.375869720590977 ] } },
{ "type": "Feature", "properties": { "P11_001": "芹沢中部上", "P11_002": "神奈川中央交通（株）", "P11_003_01": "北部循環市立病院線", "P11_003_02": null, "P11_003_03": null, "P11_003_04": null, "P11_003_05": null, "P11_003_06": null, "P11_003_07": null, "P11_003_08": null, "P11_003_09": null, "P11_003_10": null, "P11_003_11": null, "P11_003_12": null, "P11_003_13": null, "P11_003_14": null, "P11_003_15": null, "P11_003_16": null, "P11_003_17": null, "P11_003_18": null, "P11_003_19": null, "P11_003_20": null, "P11_003_21": null, "P11_003_22": null, "P11_003_23": null, "P11_003_24": null, "P11_003_25": null, "P11_003_26": null, "P11_003_27": null, "P11_003_28": null, "P11_003_29": null, "P11_003_30": null, "P11_003_31": null, "P11_003_32": null, "P11_003_33": null, "P11_003_34": null, "P11_003_35": null, "P11_004_01": "1", "P11_004_02": null, "P11_004_03": null, "P11_004_04": null, "P11_004_05": null, "P11_004_06": null, "P11_004_07": null, "P11_004_08": null, "P11_004_09": null, "P11_004_10": null, "P11_004_11": null, "P11_004_12": null, "P11_004_13": null, "P11_004_14": null, "P11_004_15": null, "P11_004_16": null, "P11_004_17": null, "P11_004_18": null, "P11_004_19": null, "P11_004_20": null, "P11_004_21": null, "P11_004_22": null, "P11_004_23": null, "P11_004_24": null, "P11_004_25": null, "P11_004_26": null, "P11_004_27": null, "P11_004_28": null, "P11_004_29": null, "P11_004_30": null, "P11_004_31": null, "P11_004_32": null, "P11_004_33": null, "P11_004_34": null, "P11_004_35": null, "P11_005": null, "index_right": 880 }, "geometry": { "type": "Point", "coordinates": [ 139.422337693430165, 35.373855038032595 ] } },
{ "type": "Feature", "properties": { "P11_001": "芹沢清水台上", "P11_002": "神奈川中央交通（株）", "P11_003_01": "北部循環市立病院線", "P11_003_02": null, "P11_003_03": null, "P11_003_04": null, "P11_003_05": null, "P11_003_06": null, "P11_003_07": null, "P11_003_08": null, "P11_003_09": null, "P11_003_10": null, "P11_003_11": null, "P11_003_12": null, "P11_003_13": null, "P11_003_14": null, "P11_003_15": null, "P11_003_16": null, "P11_003_17": null, "P11_003_18": null, "P11_003_19": null, "P11_003_20": null, "P11_003_21": null, "P11_003_22": null, "P11_003_23": null, "P11_003_24": null, "P11_003_25": null, "P11_003_26": null, "P11_003_27": null, "P11_003_28": null, "P11_003_29": null, "P11_003_30": null, "P11_003_31": null, "P11_003_32": null, "P11_003_33": null, "P11_003_34": null, "P11_003_35": null, "P11_004_01": "1", "P11_004_02": null, "P11_004_03": null, "P11_004_04": null, "P11_004_05": null, "P11_004_06": null, "P11_004_07": null, "P11_004_08": null, "P11_004_09": null, "P11_004_10": null, "P11_004_11": null, "P11_004_12": null, "P11_004_13": null, "P11_004_14": null, "P11_004_15": null, "P11_004_16": null, "P11_004_17": null, "P11_004_18": null, "P11_004_19": null, "P11_004_20": null, "P11_004_21": null, "P11_004_22": null, "P11_004_23": null, "P11_004_24": null, "P11_004_25": null, "P11_004_26": null, "P11_004_27": null, "P11_004_28": null, "P11_004_29": null, "P11_004_30": null, "P11_004_31": null, "P11_004_32": null, "P11_004_33": null, "P11_004_34": null, "P11_004_35": null, "P11_005": null, "index_right": 880 }, "geometry": { "type": "Point", "coordinates": [ 139.423841807426669, 35.373747166327419 ] } },
{ "type": "Feature", "properties": { "P11_001": "里山公園平成の森前", "P11_002": "神奈川中央交通（株）", "P11_003_01": "北部循環市立病院線", "P11_003_02": null, "P11_003_03": null, "P11_003_04": null, "P11_003_05": null, "P11_003_06": null, "P11_003_07": null, "P11_003_08": null, "P11_003_09": null, "P11_003_10": null, "P11_003_11": null, "P11_003_12": null, "P11_003_13": null, "P11_003_14": null, "P11_003_15": null, "P11_003_16": null, "P11_003_17": null, "P11_003_18": null, "P11_003_19": null, "P11_003_20": null, "P11_003_21": null, "P11_003_22": null, "P11_003_23": null, "P11_003_24": null, "P11_003_25": null, "P11_003_26": null, "P11_003_27": null, "P11_003_28": null, "P11_003_29": null, "P11_003_30": null, "P11_003_31": null, "P11_003_32": null, "P11_003_33": null, "P11_003_34": null, "P11_003_35": null, "P11_004_01": "1", "P11_004_02": null, "P11_004_03": null, "P11_004_04": null, "P11_004_05": null, "P11_004_06": null, "P11_004_07": null, "P11_004_08": null, "P11_004_09": null, "P11_004_10": null, "P11_004_11": null, "P11_004_12": null, "P11_004_13": null, "P11_004_14": null, "P11_004_15": null, "P11_004_16": null, "P11_004_17": null, "P11_004_18": null, "P11_004_19": null, "P11_004_20": null, "P11_004_21": null, "P11_004_22": null, "P11_004_23": null, "P11_004_24": null, "P11_004_25": null, "P11_004_26": null, "P11_004_27": null, "P11_004_28": null, "P11_004_29": null, "P11_004_30": null, "P11_004_31": null, "P11_004_32": null, "P11_004_33": null, "P11_004_34": null, "P11_004_35": null, "P11_005": null, "index_right": 880 }, "geometry": { "type": "Point", "coordinates": [ 139.416360662919857, 35.373464866442006 ] } },
{ "type": "Feature", "properties": { "P11_001": "里山公園", "P11_002": "神奈川中央交通（株）", "P11_003_01": "北部循環市立病院線", "P11_003_02": null, "P11_003_03": null, "P11_003_04": null, "P11_003_05": null, "P11_003_06": null, "P11_003_07": null, "P11_003_08": null, "P11_003_09": null, "P11_003_10": null, "P11_003_11": null, "P11_003_12": null, "P11_003_13": null, "P11_003_14": null, "P11_003_15": null, "P11_003_16": null, "P11_003_17": null, "P11_003_18": null, "P11_003_19": null, "P11_003_20": null, "P11_003_21": null, "P11_003_22": null, "P11_003_23": null, "P11_003_24": null, "P11_003_25": null, "P11_003_26": null, "P11_003_27": null, "P11_003_28": null, "P11_003_29": null, "P11_003_30": null, "P11_003_31": null, "P11_003_32": null, "P11_003_33": null, "P11_003_34": null, "P11_003_35": null, "P11_004_01": "1", "P11_004_02": null, "P11_004_03": null, "P11_004_04": null, "P11_004_05": null, "P11_004_06": null, "P11_004_07": null, "P11_004_08": null, "P11_004_09": null, "P11_004_10": null, "P11_004_11": null, "P11_004_12": null, "P11_004_13": null, "P11_004_14": null, "P11_004_15": null, "P11_004_16": null, "P11_004_17": null, "P11_004_18": null, "P11_004_19": null, "P11_004_20": null, "P11_004_21": null, "P11_004_22": null, "P11_004_23": null, "P11_004_24": null, "P11_004_25": null, "P11_004_26": null, "P11_004_27": null, "P11_004_28": null, "P11_004_29": null, "P11_004_30": null, "P11_004_31": null, "P11_004_32": null, "P11_004_33": null, "P11_004_34": null, "P11_004_35": null, "P11_005": null, "index_right": 880 }, "geometry": { "type": "Point", "coordinates": [ 139.419212783136516, 35.37315971349998 ] } },
{ "type": "Feature", "properties": { "P11_001": "里山公園西駐車場前", "P11_002": "神奈川中央交通（株）", "P11_003_01": "北部循環市立病院線", "P11_003_02": null, "P11_003_03": null, "P11_003_04": null, "P11_003_05": null, "P11_003_06": null, "P11_003_07": null, "P11_003_08": null, "P11_003_09": null, "P11_003_10": null, "P11_003_11": null, "P11_003_12": null, "P11_003_13": null, "P11_003_14": null, "P11_003_15": null, "P11_003_16": null, "P11_003_17": null, "P11_003_18": null, "P11_003_19": null, "P11_003_20": null, "P11_003_21": null, "P11_003_22": null, "P11_003_23": null, "P11_003_24": null, "P11_003_25": null, "P11_003_26": null, "P11_003_27": null, "P11_003_28": null, "P11_003_29": null, "P11_003_30": null, "P11_003_31": null, "P11_003_32": null, "P11_003_33": null, "P11_003_34": null, "P11_003_35": null, "P11_004_01": "1", "P11_004_02": null, "P11_004_03": null, "P11_004_04": null, "P11_004_05": null, "P11_004_06": null, "P11_004_07": null, "P11_004_08": null, "P11_004_09": null, "P11_004_10": null, "P11_004_11": null, "P11_004_12": null, "P11_004_13": null, "P11_004_14": null, "P11_004_15": null, "P11_004_16": null, "P11_004_17": null, "P11_004_18": null, "P11_004_19": null, "P11_004_20": null, "P11_004_21": null, "P11_004_22": null, "P11_004_23": null, "P11_004_24": null, "P11_004_25": null, "P11_004_26": null, "P11_004_27": null, "P11_004_28": null, "P11_004_29": null, "P11_004_30": null, "P11_004_31": null, "P11_004_32": null, "P11_004_33": null, "P11_004_34": null, "P11_004_35": null, "P11_005": null, "index_right": 880 }, "geometry": { "type": "Point", "coordinates": [ 139.414326831433897, 35.373053237618784 ] } },
{ "type": "Feature", "properties": { "P11_001": "小出小学校西", "P11_002": "神奈川中央交通（株）", "P11_003_01": "北部循環市立病院線", "P11_003_02": null, "P11_003_03": null, "P11_003_04": null, "P11_003_05": null, "P11_003_06": null, "P11_003_07": null, "P11_003_08": null, "P11_003_09": null, "P11_003_10": null, "P11_003_11": null, "P11_003_12": null, "P11_003_13": null, "P11_003_14": null, "P11_003_15": null, "P11_003_16": null, "P11_003_17": null, "P11_003_18": null, "P11_003_19": null, "P11_003_20": null, "P11_003_21": null, "P11_003_22": null, "P11_003_23": null, "P11_003_24": null, "P11_003_25": null, "P11_003_26": null, "P11_003_27": null, "P11_003_28": null, "P11_003_29": null, "P11_003_30": null, "P11_003_31": null, "P11_003_32": null, "P11_003_33": null, "P11_003_34": null, "P11_003_35": null, "P11_004_01": "1", "P11_004_02": null, "P11_004_03": null, "P11_004_04": null, "P11_004_05": null, "P11_004_06": null, "P11_004_07": null, "P11_004_08": null, "P11_004_09": null, "P11_004_10": null, "P11_004_11": null, "P11_004_12": null, "P11_004_13": null, "P11_004_14": null, "P11_004_15": null, "P11_004_16": null, "P11_004_17": null, "P11_004_18": null, "P11_004_19": null, "P11_004_20": null, "P11_004_21": null, "P11_004_22": null, "P11_004_23": null, "P11_004_24": null, "P11_004_25": null, "P11_004_26": null, "P11_004_27": null, "P11_004_28": null, "P11_004_29": null, "P11_004_30": null, "P11_004_31": null, "P11_004_32": null, "P11_004_33": null, "P11_004_34": null, "P11_004_35": null, "P11_005": null, "index_right": 880 }, "geometry": { "type": "Point", "coordinates": [ 139.422507650328384, 35.371873900892538 ] } },
{ "type": "Feature", "properties": { "P11_001": "芹沢入口", "P11_002": "神奈川中央交通（株）", "P11_003_01": "茅50,湘17", "P11_003_02": null, "P11_003_03": null, "P11_003_04": null, "P11_003_05": null, "P11_003_06": null, "P11_003_07": null, "P11_003_08": null, "P11_003_09": null, "P11_003_10": null, "P11_003_11": null, "P11_003_12": null, "P11_003_13": null, "P11_003_14": null, "P11_003_15": null, "P11_003_16": null, "P11_003_17": null, "P11_003_18": null, "P11_003_19": null, "P11_003_20": null, "P11_003_21": null, "P11_003_22": null, "P11_003_23": null, "P11_003_24": null, "P11_003_25": null, "P11_003_26": null, "P11_003_27": null, "P11_003_28": null, "P11_003_29": null, "P11_003_30": null, "P11_003_31": null, "P11_003_32": null, "P11_003_33": null, "P11_003_34": null, "P11_003_35": null, "P11_004_01": "1,1", "P11_004_02": null, "P11_004_03": null, "P11_004_04": null, "P11_004_05": null, "P11_004_06": null, "P11_004_07": null, "P11_004_08": null, "P11_004_09": null, "P11_004_10": null, "P11_004_11": null, "P11_004_12": null, "P11_004_13": null, "P11_004_14": null, "P11_004_15": null, "P11_004_16": null, "P11_004_17": null, "P11_004_18": null, "P11_004_19": null, "P11_004_20": null, "P11_004_21": null, "P11_004_22": null, "P11_004_23": null, "P11_004_24": null, "P11_004_25": null, "P11_004_26": null, "P11_004_27": null, "P11_004_28": null, "P11_004_29": null, "P11_004_30": null, "P11_004_31": null, "P11_004_32": null, "P11_004_33": null, "P11_004_34": null, "P11_004_35": null, "P11_005": null, "index_right": 880 }, "geometry": { "type": "Point", "coordinates": [ 139.421019070169621, 35.371179338376727 ] } },
{ "type": "Feature", "properties": { "P11_001": "小出小学校前", "P11_002": "神奈川中央交通（株）", "P11_003_01": "茅50,湘17,北部循環市立病院線", "P11_003_02": null, "P11_003_03": null, "P11_003_04": null, "P11_003_05": null, "P11_003_06": null, "P11_003_07": null, "P11_003_08": null, "P11_003_09": null, "P11_003_10": null, "P11_003_11": null, "P11_003_12": null, "P11_003_13": null, "P11_003_14": null, "P11_003_15": null, "P11_003_16": null, "P11_003_17": null, "P11_003_18": null, "P11_003_19": null, "P11_003_20": null, "P11_003_21": null, "P11_003_22": null, "P11_003_23": null, "P11_003_24": null, "P11_003_25": null, "P11_003_26": null, "P11_003_27": null, "P11_003_28": null, "P11_003_29": null, "P11_003_30": null, "P11_003_31": null, "P11_003_32": null, "P11_003_33": null, "P11_003_34": null, "P11_003_35": null, "P11_004_01": "1,1,1", "P11_004_02": null, "P11_004_03": null, "P11_004_04": null, "P11_004_05": null, "P11_004_06": null, "P11_004_07": null, "P11_004_08": null, "P11_004_09": null, "P11_004_10": null, "P11_004_11": null, "P11_004_12": null, "P11_004_13": null, "P11_004_14": null, "P11_004_15": null, "P11_004_16": null, "P11_004_17": null, "P11_004_18": null, "P11_004_19": null, "P11_004_20": null, "P11_004_21": null, "P11_004_22": null, "P11_004_23": null, "P11_004_24": null, "P11_004_25": null, "P11_004_26": null, "P11_004_27": null, "P11_004_28": null, "P11_004_29": null, "P11_004_30": null, "P11_004_31": null, "P11_004_32": null, "P11_004_33": null, "P11_004_34": null, "P11_004_35": null, "P11_005": null, "index_right": 880 }, "geometry": { "type": "Point", "coordinates": [ 139.423236504819414, 35.371082970060769 ] } },
{ "type": "Feature", "properties": { "P11_001": "行谷", "P11_002": "神奈川中央交通（株）", "P11_003_01": "北部循環市立病院線", "P11_003_02": null, "P11_003_03": null, "P11_003_04": null, "P11_003_05": null, "P11_003_06": null, "P11_003_07": null, "P11_003_08": null, "P11_003_09": null, "P11_003_10": null, "P11_003_11": null, "P11_003_12": null, "P11_003_13": null, "P11_003_14": null, "P11_003_15": null, "P11_003_16": null, "P11_003_17": null, "P11_003_18": null, "P11_003_19": null, "P11_003_20": null, "P11_003_21": null, "P11_003_22": null, "P11_003_23": null, "P11_003_24": null, "P11_003_25": null, "P11_003_26": null, "P11_003_27": null, "P11_003_28": null, "P11_003_29": null, "P11_003_30": null, "P11_003_31": null, "P11_003_32": null, "P11_003_33": null, "P11_003_34": null, "P11_003_35": null, "P11_004_01": "1", "P11_004_02": null, "P11_004_03": null, "P11_004_04": null, "P11_004_05": null, "P11_004_06": null, "P11_004_07": null, "P11_004_08": null, "P11_004_09": null, "P11_004_10": null, "P11_004_11": null, "P11_004_12": null, "P11_004_13": null, "P11_004_14": null, "P11_004_15": null, "P11_004_16": null, "P11_004_17": null, "P11_004_18": null, "P11_004_19": null, "P11_004_20": null, "P11_004_21": null, "P11_004_22": null, "P11_004_23": null, "P11_004_24": null, "P11_004_25": null, "P11_004_26": null, "P11_004_27": null, "P11_004_28": null, "P11_004_29": null, "P11_004_30": null, "P11_004_31": null, "P11_004_32": null, "P11_004_33": null, "P11_004_34": null, "P11_004_35": null, "P11_005": null, "index_right": 880 }, "geometry": { "type": "Point", "coordinates": [ 139.414246768304167, 35.370474499165937 ] } },
{ "type": "Feature", "properties": { "P11_001": "小出二本松", "P11_002": "神奈川中央交通（株）", "P11_003_01": "湘11,茅03,茅50,北部循環市立病院線", "P11_003_02": null, "P11_003_03": null, "P11_003_04": null, "P11_003_05": null, "P11_003_06": null, "P11_003_07": null, "P11_003_08": null, "P11_003_09": null, "P11_003_10": null, "P11_003_11": null, "P11_003_12": null, "P11_003_13": null, "P11_003_14": null, "P11_003_15": null, "P11_003_16": null, "P11_003_17": null, "P11_003_18": null, "P11_003_19": null, "P11_003_20": null, "P11_003_21": null, "P11_003_22": null, "P11_003_23": null, "P11_003_24": null, "P11_003_25": null, "P11_003_26": null, "P11_003_27": null, "P11_003_28": null, "P11_003_29": null, "P11_003_30": null, "P11_003_31": null, "P11_003_32": null, "P11_003_33": null, "P11_003_34": null, "P11_003_35": null, "P11_004_01": "1,1,1,1", "P11_004_02": null, "P11_004_03": null, "P11_004_04": null, "P11_004_05": null, "P11_004_06": null, "P11_004_07": null, "P11_004_08": null, "P11_004_09": null, "P11_004_10": null, "P11_004_11": null, "P11_004_12": null, "P11_004_13": null, "P11_004_14": null, "P11_004_15": null, "P11_004_16": null, "P11_004_17": null, "P11_004_18": null, "P11_004_19": null, "P11_004_20": null, "P11_004_21": null, "P11_004_22": null, "P11_004_23": null, "P11_004_24": null, "P11_004_25": null, "P11_004_26": null, "P11_004_27": null, "P11_004_28": null, "P11_004_29": null, "P11_004_30": null, "P11_004_31": null, "P11_004_32": null, "P11_004_33": null, "P11_004_34": null, "P11_004_35": null, "P11_005": null, "index_right": 880 }, "geometry": { "type": "Point", "coordinates": [ 139.423951194263907, 35.370178720519185 ] } },
{ "type": "Feature", "properties": { "P11_001": "丸山大辻", "P11_002": "神奈川中央交通（株）", "P11_003_01": "藤39,茅03", "P11_003_02": null, "P11_003_03": null, "P11_003_04": null, "P11_003_05": null, "P11_003_06": null, "P11_003_07": null, "P11_003_08": null, "P11_003_09": null, "P11_003_10": null, "P11_003_11": null, "P11_003_12": null, "P11_003_13": null, "P11_003_14": null, "P11_003_15": null, "P11_003_16": null, "P11_003_17": null, "P11_003_18": null, "P11_003_19": null, "P11_003_20": null, "P11_003_21": null, "P11_003_22": null, "P11_003_23": null, "P11_003_24": null, "P11_003_25": null, "P11_003_26": null, "P11_003_27": null, "P11_003_28": null, "P11_003_29": null, "P11_003_30": null, "P11_003_31": null, "P11_003_32": null, "P11_003_33": null, "P11_003_34": null, "P11_003_35": null, "P11_004_01": "1,1", "P11_004_02": null, "P11_004_03": null, "P11_004_04": null, "P11_004_05": null, "P11_004_06": null, "P11_004_07": null, "P11_004_08": null, "P11_004_09": null, "P11_004_10": null, "P11_004_11": null, "P11_004_12": null, "P11_004_13": null, "P11_004_14": null, "P11_004_15": null, "P11_004_16": null, "P11_004_17": null, "P11_004_18": null, "P11_004_19": null, "P11_004_20": null, "P11_004_21": null, "P11_004_22": null, "P11_004_23": null, "P11_004_24": null, "P11_004_25": null, "P11_004_26": null, "P11_004_27": null, "P11_004_28": null, "P11_004_29": null, "P11_004_30": null, "P11_004_31": null, "P11_004_32": null, "P11_004_33": null, "P11_004_34": null, "P11_004_35": null, "P11_005": null, "index_right": 880 }, "geometry": { "type": "Point", "coordinates": [ 139.428938572566693, 35.370179329521768 ] } },
{ "type": "Feature", "properties": { "P11_001": "文教大学", "P11_002": "神奈川中央交通（株）", "P11_003_01": "茅50,湘17,湘18,茅26,北部循環市立病院線", "P11_003_02": null, "P11_003_03": null, "P11_003_04": null, "P11_003_05": null, "P11_003_06": null, "P11_003_07": null, "P11_003_08": null, "P11_003_09": null, "P11_003_10": null, "P11_003_11": null, "P11_003_12": null, "P11_003_13": null, "P11_003_14": null, "P11_003_15": null, "P11_003_16": null, "P11_003_17": null, "P11_003_18": null, "P11_003_19": null, "P11_003_20": null, "P11_003_21": null, "P11_003_22": null, "P11_003_23": null, "P11_003_24": null, "P11_003_25": null, "P11_003_26": null, "P11_003_27": null, "P11_003_28": null, "P11_003_29": null, "P11_003_30": null, "P11_003_31": null, "P11_003_32": null, "P11_003_33": null, "P11_003_34": null, "P11_003_35": null, "P11_004_01": "1,1,1,1,1", "P11_004_02": null, "P11_004_03": null, "P11_004_04": null, "P11_004_05": null, "P11_004_06": null, "P11_004_07": null, "P11_004_08": null, "P11_004_09": null, "P11_004_10": null, "P11_004_11": null, "P11_004_12": null, "P11_004_13": null, "P11_004_14": null, "P11_004_15": null, "P11_004_16": null, "P11_004_17": null, "P11_004_18": null, "P11_004_19": null, "P11_004_20": null, "P11_004_21": null, "P11_004_22": null, "P11_004_23": null, "P11_004_24": null, "P11_004_25": null, "P11_004_26": null, "P11_004_27": null, "P11_004_28": null, "P11_004_29": null, "P11_004_30": null, "P11_004_31": null, "P11_004_32": null, "P11_004_33": null, "P11_004_34": null, "P11_004_35": null, "P11_005": null, "index_right": 880 }, "geometry": { "type": "Point", "coordinates": [ 139.416094405455908, 35.36872836756153 ] } },
{ "type": "Feature", "properties": { "P11_001": "ライフタウン入口", "P11_002": "神奈川中央交通（株）", "P11_003_01": "藤39,茅03", "P11_003_02": null, "P11_003_03": null, "P11_003_04": null, "P11_003_05": null, "P11_003_06": null, "P11_003_07": null, "P11_003_08": null, "P11_003_09": null, "P11_003_10": null, "P11_003_11": null, "P11_003_12": null, "P11_003_13": null, "P11_003_14": null, "P11_003_15": null, "P11_003_16": null, "P11_003_17": null, "P11_003_18": null, "P11_003_19": null, "P11_003_20": null, "P11_003_21": null, "P11_003_22": null, "P11_003_23": null, "P11_003_24": null, "P11_003_25": null, "P11_003_26": null, "P11_003_27": null, "P11_003_28": null, "P11_003_29": null, "P11_003_30": null, "P11_003_31": null, "P11_003_32": null, "P11_003_33": null, "P11_003_34": null, "P11_003_35": null, "P11_004_01": "1,1", "P11_004_02": null, "P11_004_03": null, "P11_004_04": null, "P11_004_05": null, "P11_004_06": null, "P11_004_07": null, "P11_004_08": null, "P11_004_09": null, "P11_004_10": null, "P11_004_11": null, "P11_004_12": null, "P11_004_13": null, "P11_004_14": null, "P11_004_15": null, "P11_004_16": null, "P11_004_17": null, "P11_004_18": null, "P11_004_19": null, "P11_004_20": null, "P11_004_21": null, "P11_004_22": null, "P11_004_23": null, "P11_004_24": null, "P11_004_25": null, "P11_004_26": null, "P11_004_27": null, "P11_004_28": null, "P11_004_29": null, "P11_004_30": null, "P11_004_31": null, "P11_004_32": null, "P11_004_33": null, "P11_004_34": null, "P11_004_35": null, "P11_005": null, "index_right": 880 }, "geometry": { "type": "Point", "coordinates": [ 139.431756015939101, 35.368506326870488 ] } },
{ "type": "Feature", "properties": { "P11_001": "茅ヶ崎新北陵病院", "P11_002": "神奈川中央交通（株）", "P11_003_01": "茅26,北部循環市立病院線", "P11_003_02": null, "P11_003_03": null, "P11_003_04": null, "P11_003_05": null, "P11_003_06": null, "P11_003_07": null, "P11_003_08": null, "P11_003_09": null, "P11_003_10": null, "P11_003_11": null, "P11_003_12": null, "P11_003_13": null, "P11_003_14": null, "P11_003_15": null, "P11_003_16": null, "P11_003_17": null, "P11_003_18": null, "P11_003_19": null, "P11_003_20": null, "P11_003_21": null, "P11_003_22": null, "P11_003_23": null, "P11_003_24": null, "P11_003_25": null, "P11_003_26": null, "P11_003_27": null, "P11_003_28": null, "P11_003_29": null, "P11_003_30": null, "P11_003_31": null, "P11_003_32": null, "P11_003_33": null, "P11_003_34": null, "P11_003_35": null, "P11_004_01": "1,1", "P11_004_02": null, "P11_004_03": null, "P11_004_04": null, "P11_004_05": null, "P11_004_06": null, "P11_004_07": null, "P11_004_08": null, "P11_004_09": null, "P11_004_10": null, "P11_004_11": null, "P11_004_12": null, "P11_004_13": null, "P11_004_14": null, "P11_004_15": null, "P11_004_16": null, "P11_004_17": null, "P11_004_18": null, "P11_004_19": null, "P11_004_20": null, "P11_004_21": null, "P11_004_22": null, "P11_004_23": null, "P11_004_24": null, "P11_004_25": null, "P11_004_26": null, "P11_004_27": null, "P11_004_28": null, "P11_004_29": null, "P11_004_30": null, "P11_004_31": null, "P11_004_32": null, "P11_004_33": null, "P11_004_34": null, "P11_004_35": null, "P11_005": null, "index_right": 880 }, "geometry": { "type": "Point", "coordinates": [ 139.413632726643073, 35.367400745964076 ] } },
{ "type": "Feature", "properties": { "P11_001": "北方", "P11_002": "神奈川中央交通（株）", "P11_003_01": "茅26", "P11_003_02": null, "P11_003_03": null, "P11_003_04": null, "P11_003_05": null, "P11_003_06": null, "P11_003_07": null, "P11_003_08": null, "P11_003_09": null, "P11_003_10": null, "P11_003_11": null, "P11_003_12": null, "P11_003_13": null, "P11_003_14": null, "P11_003_15": null, "P11_003_16": null, "P11_003_17": null, "P11_003_18": null, "P11_003_19": null, "P11_003_20": null, "P11_003_21": null, "P11_003_22": null, "P11_003_23": null, "P11_003_24": null, "P11_003_25": null, "P11_003_26": null, "P11_003_27": null, "P11_003_28": null, "P11_003_29": null, "P11_003_30": null, "P11_003_31": null, "P11_003_32": null, "P11_003_33": null, "P11_003_34": null, "P11_003_35": null, "P11_004_01": "1", "P11_004_02": null, "P11_004_03": null, "P11_004_04": null, "P11_004_05": null, "P11_004_06": null, "P11_004_07": null, "P11_004_08": null, "P11_004_09": null, "P11_004_10": null, "P11_004_11": null, "P11_004_12": null, "P11_004_13": null, "P11_004_14": null, "P11_004_15": null, "P11_004_16": null, "P11_004_17": null, "P11_004_18": null, "P11_004_19": null, "P11_004_20": null, "P11_004_21": null, "P11_004_22": null, "P11_004_23": null, "P11_004_24": null, "P11_004_25": null, "P11_004_26": null, "P11_004_27": null, "P11_004_28": null, "P11_004_29": null, "P11_004_30": null, "P11_004_31": null, "P11_004_32": null, "P11_004_33": null, "P11_004_34": null, "P11_004_35": null, "P11_005": null, "index_right": 880 }, "geometry": { "type": "Point", "coordinates": [ 139.405485407916757, 35.367131588663959 ] } },
{ "type": "Feature", "properties": { "P11_001": "堤羽根沢", "P11_002": "神奈川中央交通（株）", "P11_003_01": "藤15,藤39,辻28,辻29", "P11_003_02": null, "P11_003_03": null, "P11_003_04": null, "P11_003_05": null, "P11_003_06": null, "P11_003_07": null, "P11_003_08": null, "P11_003_09": null, "P11_003_10": null, "P11_003_11": null, "P11_003_12": null, "P11_003_13": null, "P11_003_14": null, "P11_003_15": null, "P11_003_16": null, "P11_003_17": null, "P11_003_18": null, "P11_003_19": null, "P11_003_20": null, "P11_003_21": null, "P11_003_22": null, "P11_003_23": null, "P11_003_24": null, "P11_003_25": null, "P11_003_26": null, "P11_003_27": null, "P11_003_28": null, "P11_003_29": null, "P11_003_30": null, "P11_003_31": null, "P11_003_32": null, "P11_003_33": null, "P11_003_34": null, "P11_003_35": null, "P11_004_01": "1,1,1,1", "P11_004_02": null, "P11_004_03": null, "P11_004_04": null, "P11_004_05": null, "P11_004_06": null, "P11_004_07": null, "P11_004_08": null, "P11_004_09": null, "P11_004_10": null, "P11_004_11": null, "P11_004_12": null, "P11_004_13": null, "P11_004_14": null, "P11_004_15": null, "P11_004_16": null, "P11_004_17": null, "P11_004_18": null, "P11_004_19": null, "P11_004_20": null, "P11_004_21": null, "P11_004_22": null, "P11_004_23": null, "P11_004_24": null, "P11_004_25": null, "P11_004_26": null, "P11_004_27": null, "P11_004_28": null, "P11_004_29": null, "P11_004_30": null, "P11_004_31": null, "P11_004_32": null, "P11_004_33": null, "P11_004_34": null, "P11_004_35": null, "P11_005": null, "index_right": 880 }, "geometry": { "type": "Point", "coordinates": [ 139.434214900408818, 35.366824961547337 ] } },
{ "type": "Feature", "properties": { "P11_001": "カトレアホーム・湘南さくら病院前", "P11_002": "神奈川中央交通（株）", "P11_003_01": "北部循環市立病院線", "P11_003_02": null, "P11_003_03": null, "P11_003_04": null, "P11_003_05": null, "P11_003_06": null, "P11_003_07": null, "P11_003_08": null, "P11_003_09": null, "P11_003_10": null, "P11_003_11": null, "P11_003_12": null, "P11_003_13": null, "P11_003_14": null, "P11_003_15": null, "P11_003_16": null, "P11_003_17": null, "P11_003_18": null, "P11_003_19": null, "P11_003_20": null, "P11_003_21": null, "P11_003_22": null, "P11_003_23": null, "P11_003_24": null, "P11_003_25": null, "P11_003_26": null, "P11_003_27": null, "P11_003_28": null, "P11_003_29": null, "P11_003_30": null, "P11_003_31": null, "P11_003_32": null, "P11_003_33": null, "P11_003_34": null, "P11_003_35": null, "P11_004_01": "1", "P11_004_02": null, "P11_004_03": null, "P11_004_04": null, "P11_004_05": null, "P11_004_06": null, "P11_004_07": null, "P11_004_08": null, "P11_004_09": null, "P11_004_10": null, "P11_004_11": null, "P11_004_12": null, "P11_004_13": null, "P11_004_14": null, "P11_004_15": null, "P11_004_16": null, "P11_004_17": null, "P11_004_18": null, "P11_004_19": null, "P11_004_20": null, "P11_004_21": null, "P11_004_22": null, "P11_004_23": null, "P11_004_24": null, "P11_004_25": null, "P11_004_26": null, "P11_004_27": null, "P11_004_28": null, "P11_004_29": null, "P11_004_30": null, "P11_004_31": null, "P11_004_32": null, "P11_004_33": null, "P11_004_34": null, "P11_004_35": null, "P11_005": null, "index_right": 880 }, "geometry": { "type": "Point", "coordinates": [ 139.41116659121252, 35.36608509335413 ] } },
{ "type": "Feature", "properties": { "P11_001": "北陽中学校入口", "P11_002": "神奈川中央交通（株）", "P11_003_01": "北部循環市立病院線", "P11_003_02": null, "P11_003_03": null, "P11_003_04": null, "P11_003_05": null, "P11_003_06": null, "P11_003_07": null, "P11_003_08": null, "P11_003_09": null, "P11_003_10": null, "P11_003_11": null, "P11_003_12": null, "P11_003_13": null, "P11_003_14": null, "P11_003_15": null, "P11_003_16": null, "P11_003_17": null, "P11_003_18": null, "P11_003_19": null, "P11_003_20": null, "P11_003_21": null, "P11_003_22": null, "P11_003_23": null, "P11_003_24": null, "P11_003_25": null, "P11_003_26": null, "P11_003_27": null, "P11_003_28": null, "P11_003_29": null, "P11_003_30": null, "P11_003_31": null, "P11_003_32": null, "P11_003_33": null, "P11_003_34": null, "P11_003_35": null, "P11_004_01": "1", "P11_004_02": null, "P11_004_03": null, "P11_004_04": null, "P11_004_05": null, "P11_004_06": null, "P11_004_07": null, "P11_004_08": null, "P11_004_09": null, "P11_004_10": null, "P11_004_11": null, "P11_004_12": null, "P11_004_13": null, "P11_004_14": null, "P11_004_15": null, "P11_004_16": null, "P11_004_17": null, "P11_004_18": null, "P11_004_19": null, "P11_004_20": null, "P11_004_21": null, "P11_004_22": null, "P11_004_23": null, "P11_004_24": null, "P11_004_25": null, "P11_004_26": null, "P11_004_27": null, "P11_004_28": null, "P11_004_29": null, "P11_004_30": null, "P11_004_31": null, "P11_004_32": null, "P11_004_33": null, "P11_004_34": null, "P11_004_35": null, "P11_005": null, "index_right": 880 }, "geometry": { "type": "Point", "coordinates": [ 139.409310188685623, 35.365281111104721 ] } },
{ "type": "Feature", "properties": { "P11_001": "堤坂下", "P11_002": "神奈川中央交通（株）", "P11_003_01": "湘11,茅03,茅50,北部循環市立病院線", "P11_003_02": null, "P11_003_03": null, "P11_003_04": null, "P11_003_05": null, "P11_003_06": null, "P11_003_07": null, "P11_003_08": null, "P11_003_09": null, "P11_003_10": null, "P11_003_11": null, "P11_003_12": null, "P11_003_13": null, "P11_003_14": null, "P11_003_15": null, "P11_003_16": null, "P11_003_17": null, "P11_003_18": null, "P11_003_19": null, "P11_003_20": null, "P11_003_21": null, "P11_003_22": null, "P11_003_23": null, "P11_003_24": null, "P11_003_25": null, "P11_003_26": null, "P11_003_27": null, "P11_003_28": null, "P11_003_29": null, "P11_003_30": null, "P11_003_31": null, "P11_003_32": null, "P11_003_33": null, "P11_003_34": null, "P11_003_35": null, "P11_004_01": "1,1,1,1", "P11_004_02": null, "P11_004_03": null, "P11_004_04": null, "P11_004_05": null, "P11_004_06": null, "P11_004_07": null, "P11_004_08": null, "P11_004_09": null, "P11_004_10": null, "P11_004_11": null, "P11_004_12": null, "P11_004_13": null, "P11_004_14": null, "P11_004_15": null, "P11_004_16": null, "P11_004_17": null, "P11_004_18": null, "P11_004_19": null, "P11_004_20": null, "P11_004_21": null, "P11_004_22": null, "P11_004_23": null, "P11_004_24": null, "P11_004_25": null, "P11_004_26": null, "P11_004_27": null, "P11_004_28": null, "P11_004_29": null, "P11_004_30": null, "P11_004_31": null, "P11_004_32": null, "P11_004_33": null, "P11_004_34": null, "P11_004_35": null, "P11_005": null, "index_right": 880 }, "geometry": { "type": "Point", "coordinates": [ 139.421621294209018, 35.36495783477887 ] } },
{ "type": "Feature", "properties": { "P11_001": "下寺尾", "P11_002": "神奈川中央交通（株）", "P11_003_01": "北部循環市立病院線", "P11_003_02": null, "P11_003_03": null, "P11_003_04": null, "P11_003_05": null, "P11_003_06": null, "P11_003_07": null, "P11_003_08": null, "P11_003_09": null, "P11_003_10": null, "P11_003_11": null, "P11_003_12": null, "P11_003_13": null, "P11_003_14": null, "P11_003_15": null, "P11_003_16": null, "P11_003_17": null, "P11_003_18": null, "P11_003_19": null, "P11_003_20": null, "P11_003_21": null, "P11_003_22": null, "P11_003_23": null, "P11_003_24": null, "P11_003_25": null, "P11_003_26": null, "P11_003_27": null, "P11_003_28": null, "P11_003_29": null, "P11_003_30": null, "P11_003_31": null, "P11_003_32": null, "P11_003_33": null, "P11_003_34": null, "P11_003_35": null, "P11_004_01": "1", "P11_004_02": null, "P11_004_03": null, "P11_004_04": null, "P11_004_05": null, "P11_004_06": null, "P11_004_07": null, "P11_004_08": null, "P11_004_09": null, "P11_004_10": null, "P11_004_11": null, "P11_004_12": null, "P11_004_13": null, "P11_004_14": null, "P11_004_15": null, "P11_004_16": null, "P11_004_17": null, "P11_004_18": null, "P11_004_19": null, "P11_004_20": null, "P11_004_21": null, "P11_004_22": null, "P11_004_23": null, "P11_004_24": null, "P11_004_25": null, "P11_004_26": null, "P11_004_27": null, "P11_004_28": null, "P11_004_29": null, "P11_004_30": null, "P11_004_31": null, "P11_004_32": null, "P11_004_33": null, "P11_004_34": null, "P11_004_35": null, "P11_005": null, "index_right": 880 }, "geometry": { "type": "Point", "coordinates": [ 139.404291661996666, 35.364918646634059 ] } },
{ "type": "Feature", "properties": { "P11_001": "みずき北", "P11_002": "神奈川中央交通（株）", "P11_003_01": "北部循環市立病院線", "P11_003_02": null, "P11_003_03": null, "P11_003_04": null, "P11_003_05": null, "P11_003_06": null, "P11_003_07": null, "P11_003_08": null, "P11_003_09": null, "P11_003_10": null, "P11_003_11": null, "P11_003_12": null, "P11_003_13": null, "P11_003_14": null, "P11_003_15": null, "P11_003_16": null, "P11_003_17": null, "P11_003_18": null, "P11_003_19": null, "P11_003_20": null, "P11_003_21": null, "P11_003_22": null, "P11_003_23": null, "P11_003_24": null, "P11_003_25": null, "P11_003_26": null, "P11_003_27": null, "P11_003_28": null, "P11_003_29": null, "P11_003_30": null, "P11_003_31": null, "P11_003_32": null, "P11_003_33": null, "P11_003_34": null, "P11_003_35": null, "P11_004_01": "1", "P11_004_02": null, "P11_004_03": null, "P11_004_04": null, "P11_004_05": null, "P11_004_06": null, "P11_004_07": null, "P11_004_08": null, "P11_004_09": null, "P11_004_10": null, "P11_004_11": null, "P11_004_12": null, "P11_004_13": null, "P11_004_14": null, "P11_004_15": null, "P11_004_16": null, "P11_004_17": null, "P11_004_18": null, "P11_004_19": null, "P11_004_20": null, "P11_004_21": null, "P11_004_22": null, "P11_004_23": null, "P11_004_24": null, "P11_004_25": null, "P11_004_26": null, "P11_004_27": null, "P11_004_28": null, "P11_004_29": null, "P11_004_30": null, "P11_004_31": null, "P11_004_32": null, "P11_004_33": null, "P11_004_34": null, "P11_004_35": null, "P11_005": null, "index_right": 880 }, "geometry": { "type": "Point", "coordinates": [ 139.405791349986572, 35.364900605816388 ] } },
{ "type": "Feature", "properties": { "P11_001": "湘南カントリークラブ前", "P11_002": "神奈川中央交通（株）", "P11_003_01": "藤15,藤39,辻28,辻29", "P11_003_02": null, "P11_003_03": null, "P11_003_04": null, "P11_003_05": null, "P11_003_06": null, "P11_003_07": null, "P11_003_08": null, "P11_003_09": null, "P11_003_10": null, "P11_003_11": null, "P11_003_12": null, "P11_003_13": null, "P11_003_14": null, "P11_003_15": null, "P11_003_16": null, "P11_003_17": null, "P11_003_18": null, "P11_003_19": null, "P11_003_20": null, "P11_003_21": null, "P11_003_22": null, "P11_003_23": null, "P11_003_24": null, "P11_003_25": null, "P11_003_26": null, "P11_003_27": null, "P11_003_28": null, "P11_003_29": null, "P11_003_30": null, "P11_003_31": null, "P11_003_32": null, "P11_003_33": null, "P11_003_34": null, "P11_003_35": null, "P11_004_01": "1,1,1,1", "P11_004_02": null, "P11_004_03": null, "P11_004_04": null, "P11_004_05": null, "P11_004_06": null, "P11_004_07": null, "P11_004_08": null, "P11_004_09": null, "P11_004_10": null, "P11_004_11": null, "P11_004_12": null, "P11_004_13": null, "P11_004_14": null, "P11_004_15": null, "P11_004_16": null, "P11_004_17": null, "P11_004_18": null, "P11_004_19": null, "P11_004_20": null, "P11_004_21": null, "P11_004_22": null, "P11_004_23": null, "P11_004_24": null, "P11_004_25": null, "P11_004_26": null, "P11_004_27": null, "P11_004_28": null, "P11_004_29": null, "P11_004_30": null, "P11_004_31": null, "P11_004_32": null, "P11_004_33": null, "P11_004_34": null, "P11_004_35": null, "P11_005": null, "index_right": 880 }, "geometry": { "type": "Point", "coordinates": [ 139.436497274261995, 35.364833184198659 ] } },
{ "type": "Feature", "properties": { "P11_001": "堤自治会館前", "P11_002": "神奈川中央交通（株）", "P11_003_01": "北部循環市立病院線", "P11_003_02": null, "P11_003_03": null, "P11_003_04": null, "P11_003_05": null, "P11_003_06": null, "P11_003_07": null, "P11_003_08": null, "P11_003_09": null, "P11_003_10": null, "P11_003_11": null, "P11_003_12": null, "P11_003_13": null, "P11_003_14": null, "P11_003_15": null, "P11_003_16": null, "P11_003_17": null, "P11_003_18": null, "P11_003_19": null, "P11_003_20": null, "P11_003_21": null, "P11_003_22": null, "P11_003_23": null, "P11_003_24": null, "P11_003_25": null, "P11_003_26": null, "P11_003_27": null, "P11_003_28": null, "P11_003_29": null, "P11_003_30": null, "P11_003_31": null, "P11_003_32": null, "P11_003_33": null, "P11_003_34": null, "P11_003_35": null, "P11_004_01": "1", "P11_004_02": null, "P11_004_03": null, "P11_004_04": null, "P11_004_05": null, "P11_004_06": null, "P11_004_07": null, "P11_004_08": null, "P11_004_09": null, "P11_004_10": null, "P11_004_11": null, "P11_004_12": null, "P11_004_13": null, "P11_004_14": null, "P11_004_15": null, "P11_004_16": null, "P11_004_17": null, "P11_004_18": null, "P11_004_19": null, "P11_004_20": null, "P11_004_21": null, "P11_004_22": null, "P11_004_23": null, "P11_004_24": null, "P11_004_25": null, "P11_004_26": null, "P11_004_27": null, "P11_004_28": null, "P11_004_29": null, "P11_004_30": null, "P11_004_31": null, "P11_004_32": null, "P11_004_33": null, "P11_004_34": null, "P11_004_35": null, "P11_005": null, "index_right": 880 }, "geometry": { "type": "Point", "coordinates": [ 139.420382690276398, 35.364568563294355 ] } },
{ "type": "Feature", "properties": { "P11_001": "みずき二丁目", "P11_002": "神奈川中央交通（株）", "P11_003_01": "茅19,茅82", "P11_003_02": null, "P11_003_03": null, "P11_003_04": null, "P11_003_05": null, "P11_003_06": null, "P11_003_07": null, "P11_003_08": null, "P11_003_09": null, "P11_003_10": null, "P11_003_11": null, "P11_003_12": null, "P11_003_13": null, "P11_003_14": null, "P11_003_15": null, "P11_003_16": null, "P11_003_17": null, "P11_003_18": null, "P11_003_19": null, "P11_003_20": null, "P11_003_21": null, "P11_003_22": null, "P11_003_23": null, "P11_003_24": null, "P11_003_25": null, "P11_003_26": null, "P11_003_27": null, "P11_003_28": null, "P11_003_29": null, "P11_003_30": null, "P11_003_31": null, "P11_003_32": null, "P11_003_33": null, "P11_003_34": null, "P11_003_35": null, "P11_004_01": "1,1", "P11_004_02": null, "P11_004_03": null, "P11_004_04": null, "P11_004_05": null, "P11_004_06": null, "P11_004_07": null, "P11_004_08": null, "P11_004_09": null, "P11_004_10": null, "P11_004_11": null, "P11_004_12": null, "P11_004_13": null, "P11_004_14": null, "P11_004_15": null, "P11_004_16": null, "P11_004_17": null, "P11_004_18": null, "P11_004_19": null, "P11_004_20": null, "P11_004_21": null, "P11_004_22": null, "P11_004_23": null, "P11_004_24": null, "P11_004_25": null, "P11_004_26": null, "P11_004_27": null, "P11_004_28": null, "P11_004_29": null, "P11_004_30": null, "P11_004_31": null, "P11_004_32": null, "P11_004_33": null, "P11_004_34": null, "P11_004_35": null, "P11_005": null, "index_right": 880 }, "geometry": { "type": "Point", "coordinates": [ 139.404272737180492, 35.364422898961685 ] } },
{ "type": "Feature", "properties": { "P11_001": "西方", "P11_002": "神奈川中央交通（株）", "P11_003_01": "茅19,茅82,北部循環市立病院線", "P11_003_02": null, "P11_003_03": null, "P11_003_04": null, "P11_003_05": null, "P11_003_06": null, "P11_003_07": null, "P11_003_08": null, "P11_003_09": null, "P11_003_10": null, "P11_003_11": null, "P11_003_12": null, "P11_003_13": null, "P11_003_14": null, "P11_003_15": null, "P11_003_16": null, "P11_003_17": null, "P11_003_18": null, "P11_003_19": null, "P11_003_20": null, "P11_003_21": null, "P11_003_22": null, "P11_003_23": null, "P11_003_24": null, "P11_003_25": null, "P11_003_26": null, "P11_003_27": null, "P11_003_28": null, "P11_003_29": null, "P11_003_30": null, "P11_003_31": null, "P11_003_32": null, "P11_003_33": null, "P11_003_34": null, "P11_003_35": null, "P11_004_01": "1,1,1", "P11_004_02": null, "P11_004_03": null, "P11_004_04": null, "P11_004_05": null, "P11_004_06": null, "P11_004_07": null, "P11_004_08": null, "P11_004_09": null, "P11_004_10": null, "P11_004_11": null, "P11_004_12": null, "P11_004_13": null, "P11_004_14": null, "P11_004_15": null, "P11_004_16": null, "P11_004_17": null, "P11_004_18": null, "P11_004_19": null, "P11_004_20": null, "P11_004_21": null, "P11_004_22": null, "P11_004_23": null, "P11_004_24": null, "P11_004_25": null, "P11_004_26": null, "P11_004_27": null, "P11_004_28": null, "P11_004_29": null, "P11_004_30": null, "P11_004_31": null, "P11_004_32": null, "P11_004_33": null, "P11_004_34": null, "P11_004_35": null, "P11_005": null, "index_right": 880 }, "geometry": { "type": "Point", "coordinates": [ 139.402110558244232, 35.364373161215788 ] } },
{ "type": "Feature", "properties": { "P11_001": "浄見寺入口", "P11_002": "神奈川中央交通（株）", "P11_003_01": "北部循環市立病院線", "P11_003_02": null, "P11_003_03": null, "P11_003_04": null, "P11_003_05": null, "P11_003_06": null, "P11_003_07": null, "P11_003_08": null, "P11_003_09": null, "P11_003_10": null, "P11_003_11": null, "P11_003_12": null, "P11_003_13": null, "P11_003_14": null, "P11_003_15": null, "P11_003_16": null, "P11_003_17": null, "P11_003_18": null, "P11_003_19": null, "P11_003_20": null, "P11_003_21": null, "P11_003_22": null, "P11_003_23": null, "P11_003_24": null, "P11_003_25": null, "P11_003_26": null, "P11_003_27": null, "P11_003_28": null, "P11_003_29": null, "P11_003_30": null, "P11_003_31": null, "P11_003_32": null, "P11_003_33": null, "P11_003_34": null, "P11_003_35": null, "P11_004_01": "1", "P11_004_02": null, "P11_004_03": null, "P11_004_04": null, "P11_004_05": null, "P11_004_06": null, "P11_004_07": null, "P11_004_08": null, "P11_004_09": null, "P11_004_10": null, "P11_004_11": null, "P11_004_12": null, "P11_004_13": null, "P11_004_14": null, "P11_004_15": null, "P11_004_16": null, "P11_004_17": null, "P11_004_18": null, "P11_004_19": null, "P11_004_20": null, "P11_004_21": null, "P11_004_22": null, "P11_004_23": null, "P11_004_24": null, "P11_004_25": null, "P11_004_26": null, "P11_004_27": null, "P11_004_28": null, "P11_004_29": null, "P11_004_30": null, "P11_004_31": null, "P11_004_32": null, "P11_004_33": null, "P11_004_34": null, "P11_004_35": null, "P11_005": null, "index_right": 880 }, "geometry": { "type": "Point", "coordinates": [ 139.41150781116508, 35.363669226522767 ] } },
{ "type": "Feature", "properties": { "P11_001": "堤仲谷", "P11_002": "神奈川中央交通（株）", "P11_003_01": "北部循環市立病院線", "P11_003_02": null, "P11_003_03": null, "P11_003_04": null, "P11_003_05": null, "P11_003_06": null, "P11_003_07": null, "P11_003_08": null, "P11_003_09": null, "P11_003_10": null, "P11_003_11": null, "P11_003_12": null, "P11_003_13": null, "P11_003_14": null, "P11_003_15": null, "P11_003_16": null, "P11_003_17": null, "P11_003_18": null, "P11_003_19": null, "P11_003_20": null, "P11_003_21": null, "P11_003_22": null, "P11_003_23": null, "P11_003_24": null, "P11_003_25": null, "P11_003_26": null, "P11_003_27": null, "P11_003_28": null, "P11_003_29": null, "P11_003_30": null, "P11_003_31": null, "P11_003_32": null, "P11_003_33": null, "P11_003_34": null, "P11_003_35": null, "P11_004_01": "1", "P11_004_02": null, "P11_004_03": null, "P11_004_04": null, "P11_004_05": null, "P11_004_06": null, "P11_004_07": null, "P11_004_08": null, "P11_004_09": null, "P11_004_10": null, "P11_004_11": null, "P11_004_12": null, "P11_004_13": null, "P11_004_14": null, "P11_004_15": null, "P11_004_16": null, "P11_004_17": null, "P11_004_18": null, "P11_004_19": null, "P11_004_20": null, "P11_004_21": null, "P11_004_22": null, "P11_004_23": null, "P11_004_24": null, "P11_004_25": null, "P11_004_26": null, "P11_004_27": null, "P11_004_28": null, "P11_004_29": null, "P11_004_30": null, "P11_004_31": null, "P11_004_32": null, "P11_004_33": null, "P11_004_34": null, "P11_004_35": null, "P11_005": null, "index_right": 880 }, "geometry": { "type": "Point", "coordinates": [ 139.417076040119497, 35.363651893274337 ] } },
{ "type": "Feature", "properties": { "P11_001": "北陵高校入口", "P11_002": "神奈川中央交通（株）", "P11_003_01": "茅19,茅82,北部循環市立病院線", "P11_003_02": null, "P11_003_03": null, "P11_003_04": null, "P11_003_05": null, "P11_003_06": null, "P11_003_07": null, "P11_003_08": null, "P11_003_09": null, "P11_003_10": null, "P11_003_11": null, "P11_003_12": null, "P11_003_13": null, "P11_003_14": null, "P11_003_15": null, "P11_003_16": null, "P11_003_17": null, "P11_003_18": null, "P11_003_19": null, "P11_003_20": null, "P11_003_21": null, "P11_003_22": null, "P11_003_23": null, "P11_003_24": null, "P11_003_25": null, "P11_003_26": null, "P11_003_27": null, "P11_003_28": null, "P11_003_29": null, "P11_003_30": null, "P11_003_31": null, "P11_003_32": null, "P11_003_33": null, "P11_003_34": null, "P11_003_35": null, "P11_004_01": "1,1,1", "P11_004_02": null, "P11_004_03": null, "P11_004_04": null, "P11_004_05": null, "P11_004_06": null, "P11_004_07": null, "P11_004_08": null, "P11_004_09": null, "P11_004_10": null, "P11_004_11": null, "P11_004_12": null, "P11_004_13": null, "P11_004_14": null, "P11_004_15": null, "P11_004_16": null, "P11_004_17": null, "P11_004_18": null, "P11_004_19": null, "P11_004_20": null, "P11_004_21": null, "P11_004_22": null, "P11_004_23": null, "P11_004_24": null, "P11_004_25": null, "P11_004_26": null, "P11_004_27": null, "P11_004_28": null, "P11_004_29": null, "P11_004_30": null, "P11_004_31": null, "P11_004_32": null, "P11_004_33": null, "P11_004_34": null, "P11_004_35": null, "P11_005": null, "index_right": 880 }, "geometry": { "type": "Point", "coordinates": [ 139.400402980817518, 35.362847812367903 ] } },
{ "type": "Feature", "properties": { "P11_001": "湘南みずき", "P11_002": "神奈川中央交通（株）", "P11_003_01": "茅19,茅82", "P11_003_02": null, "P11_003_03": null, "P11_003_04": null, "P11_003_05": null, "P11_003_06": null, "P11_003_07": null, "P11_003_08": null, "P11_003_09": null, "P11_003_10": null, "P11_003_11": null, "P11_003_12": null, "P11_003_13": null, "P11_003_14": null, "P11_003_15": null, "P11_003_16": null, "P11_003_17": null, "P11_003_18": null, "P11_003_19": null, "P11_003_20": null, "P11_003_21": null, "P11_003_22": null, "P11_003_23": null, "P11_003_24": null, "P11_003_25": null, "P11_003_26": null, "P11_003_27": null, "P11_003_28": null, "P11_003_29": null, "P11_003_30": null, "P11_003_31": null, "P11_003_32": null, "P11_003_33": null, "P11_003_34": null, "P11_003_35": null, "P11_004_01": "1,1", "P11_004_02": null, "P11_004_03": null, "P11_004_04": null, "P11_004_05": null, "P11_004_06": null, "P11_004_07": null, "P11_004_08": null, "P11_004_09": null, "P11_004_10": null, "P11_004_11": null, "P11_004_12": null, "P11_004_13": null, "P11_004_14": null, "P11_004_15": null, "P11_004_16": null, "P11_004_17": null, "P11_004_18": null, "P11_004_19": null, "P11_004_20": null, "P11_004_21": null, "P11_004_22": null, "P11_004_23": null, "P11_004_24": null, "P11_004_25": null, "P11_004_26": null, "P11_004_27": null, "P11_004_28": null, "P11_004_29": null, "P11_004_30": null, "P11_004_31": null, "P11_004_32": null, "P11_004_33": null, "P11_004_34": null, "P11_004_35": null, "P11_005": null, "index_right": 880 }, "geometry": { "type": "Point", "coordinates": [ 139.404610371230234, 35.362558507173823 ] } },
{ "type": "Feature", "properties": { "P11_001": "せせらぎ公園入口", "P11_002": "神奈川中央交通（株）", "P11_003_01": "茅19,茅82", "P11_003_02": null, "P11_003_03": null, "P11_003_04": null, "P11_003_05": null, "P11_003_06": null, "P11_003_07": null, "P11_003_08": null, "P11_003_09": null, "P11_003_10": null, "P11_003_11": null, "P11_003_12": null, "P11_003_13": null, "P11_003_14": null, "P11_003_15": null, "P11_003_16": null, "P11_003_17": null, "P11_003_18": null, "P11_003_19": null, "P11_003_20": null, "P11_003_21": null, "P11_003_22": null, "P11_003_23": null, "P11_003_24": null, "P11_003_25": null, "P11_003_26": null, "P11_003_27": null, "P11_003_28": null, "P11_003_29": null, "P11_003_30": null, "P11_003_31": null, "P11_003_32": null, "P11_003_33": null, "P11_003_34": null, "P11_003_35": null, "P11_004_01": "1,1", "P11_004_02": null, "P11_004_03": null, "P11_004_04": null, "P11_004_05": null, "P11_004_06": null, "P11_004_07": null, "P11_004_08": null, "P11_004_09": null, "P11_004_10": null, "P11_004_11": null, "P11_004_12": null, "P11_004_13": null, "P11_004_14": null, "P11_004_15": null, "P11_004_16": null, "P11_004_17": null, "P11_004_18": null, "P11_004_19": null, "P11_004_20": null, "P11_004_21": null, "P11_004_22": null, "P11_004_23": null, "P11_004_24": null, "P11_004_25": null, "P11_004_26": null, "P11_004_27": null, "P11_004_28": null, "P11_004_29": null, "P11_004_30": null, "P11_004_31": null, "P11_004_32": null, "P11_004_33": null, "P11_004_34": null, "P11_004_35": null, "P11_005": null, "index_right": 880 }, "geometry": { "type": "Point", "coordinates": [ 139.403351475153443, 35.362104387543987 ] } },
{ "type": "Feature", "properties": { "P11_001": "香川北", "P11_002": "神奈川中央交通（株）", "P11_003_01": "北部循環市立病院線", "P11_003_02": null, "P11_003_03": null, "P11_003_04": null, "P11_003_05": null, "P11_003_06": null, "P11_003_07": null, "P11_003_08": null, "P11_003_09": null, "P11_003_10": null, "P11_003_11": null, "P11_003_12": null, "P11_003_13": null, "P11_003_14": null, "P11_003_15": null, "P11_003_16": null, "P11_003_17": null, "P11_003_18": null, "P11_003_19": null, "P11_003_20": null, "P11_003_21": null, "P11_003_22": null, "P11_003_23": null, "P11_003_24": null, "P11_003_25": null, "P11_003_26": null, "P11_003_27": null, "P11_003_28": null, "P11_003_29": null, "P11_003_30": null, "P11_003_31": null, "P11_003_32": null, "P11_003_33": null, "P11_003_34": null, "P11_003_35": null, "P11_004_01": "1", "P11_004_02": null, "P11_004_03": null, "P11_004_04": null, "P11_004_05": null, "P11_004_06": null, "P11_004_07": null, "P11_004_08": null, "P11_004_09": null, "P11_004_10": null, "P11_004_11": null, "P11_004_12": null, "P11_004_13": null, "P11_004_14": null, "P11_004_15": null, "P11_004_16": null, "P11_004_17": null, "P11_004_18": null, "P11_004_19": null, "P11_004_20": null, "P11_004_21": null, "P11_004_22": null, "P11_004_23": null, "P11_004_24": null, "P11_004_25": null, "P11_004_26": null, "P11_004_27": null, "P11_004_28": null, "P11_004_29": null, "P11_004_30": null, "P11_004_31": null, "P11_004_32": null, "P11_004_33": null, "P11_004_34": null, "P11_004_35": null, "P11_005": null, "index_right": 880 }, "geometry": { "type": "Point", "coordinates": [ 139.400996437728907, 35.360808421704519 ] } },
{ "type": "Feature", "properties": { "P11_001": "長谷戸", "P11_002": "神奈川中央交通（株）", "P11_003_01": "湘11,茅03,茅50", "P11_003_02": null, "P11_003_03": null, "P11_003_04": null, "P11_003_05": null, "P11_003_06": null, "P11_003_07": null, "P11_003_08": null, "P11_003_09": null, "P11_003_10": null, "P11_003_11": null, "P11_003_12": null, "P11_003_13": null, "P11_003_14": null, "P11_003_15": null, "P11_003_16": null, "P11_003_17": null, "P11_003_18": null, "P11_003_19": null, "P11_003_20": null, "P11_003_21": null, "P11_003_22": null, "P11_003_23": null, "P11_003_24": null, "P11_003_25": null, "P11_003_26": null, "P11_003_27": null, "P11_003_28": null, "P11_003_29": null, "P11_003_30": null, "P11_003_31": null, "P11_003_32": null, "P11_003_33": null, "P11_003_34": null, "P11_003_35": null, "P11_004_01": "1,1,1", "P11_004_02": null, "P11_004_03": null, "P11_004_04": null, "P11_004_05": null, "P11_004_06": null, "P11_004_07": null, "P11_004_08": null, "P11_004_09": null, "P11_004_10": null, "P11_004_11": null, "P11_004_12": null, "P11_004_13": null, "P11_004_14": null, "P11_004_15": null, "P11_004_16": null, "P11_004_17": null, "P11_004_18": null, "P11_004_19": null, "P11_004_20": null, "P11_004_21": null, "P11_004_22": null, "P11_004_23": null, "P11_004_24": null, "P11_004_25": null, "P11_004_26": null, "P11_004_27": null, "P11_004_28": null, "P11_004_29": null, "P11_004_30": null, "P11_004_31": null, "P11_004_32": null, "P11_004_33": null, "P11_004_34": null, "P11_004_35": null, "P11_005": null, "index_right": 880 }, "geometry": { "type": "Point", "coordinates": [ 139.421118265502542, 35.360100478098808 ] } },
{ "type": "Feature", "properties": { "P11_001": "香川南", "P11_002": "神奈川中央交通（株）", "P11_003_01": "北部循環市立病院線", "P11_003_02": null, "P11_003_03": null, "P11_003_04": null, "P11_003_05": null, "P11_003_06": null, "P11_003_07": null, "P11_003_08": null, "P11_003_09": null, "P11_003_10": null, "P11_003_11": null, "P11_003_12": null, "P11_003_13": null, "P11_003_14": null, "P11_003_15": null, "P11_003_16": null, "P11_003_17": null, "P11_003_18": null, "P11_003_19": null, "P11_003_20": null, "P11_003_21": null, "P11_003_22": null, "P11_003_23": null, "P11_003_24": null, "P11_003_25": null, "P11_003_26": null, "P11_003_27": null, "P11_003_28": null, "P11_003_29": null, "P11_003_30": null, "P11_003_31": null, "P11_003_32": null, "P11_003_33": null, "P11_003_34": null, "P11_003_35": null, "P11_004_01": "1", "P11_004_02": null, "P11_004_03": null, "P11_004_04": null, "P11_004_05": null, "P11_004_06": null, "P11_004_07": null, "P11_004_08": null, "P11_004_09": null, "P11_004_10": null, "P11_004_11": null, "P11_004_12": null, "P11_004_13": null, "P11_004_14": null, "P11_004_15": null, "P11_004_16": null, "P11_004_17": null, "P11_004_18": null, "P11_004_19": null, "P11_004_20": null, "P11_004_21": null, "P11_004_22": null, "P11_004_23": null, "P11_004_24": null, "P11_004_25": null, "P11_004_26": null, "P11_004_27": null, "P11_004_28": null, "P11_004_29": null, "P11_004_30": null, "P11_004_31": null, "P11_004_32": null, "P11_004_33": null, "P11_004_34": null, "P11_004_35": null, "P11_005": null, "index_right": 880 }, "geometry": { "type": "Point", "coordinates": [ 139.400217462267705, 35.359157275354541 ] } },
{ "type": "Feature", "properties": { "P11_001": "みずき四丁目", "P11_002": "神奈川中央交通（株）", "P11_003_01": "茅19,茅82", "P11_003_02": null, "P11_003_03": null, "P11_003_04": null, "P11_003_05": null, "P11_003_06": null, "P11_003_07": null, "P11_003_08": null, "P11_003_09": null, "P11_003_10": null, "P11_003_11": null, "P11_003_12": null, "P11_003_13": null, "P11_003_14": null, "P11_003_15": null, "P11_003_16": null, "P11_003_17": null, "P11_003_18": null, "P11_003_19": null, "P11_003_20": null, "P11_003_21": null, "P11_003_22": null, "P11_003_23": null, "P11_003_24": null, "P11_003_25": null, "P11_003_26": null, "P11_003_27": null, "P11_003_28": null, "P11_003_29": null, "P11_003_30": null, "P11_003_31": null, "P11_003_32": null, "P11_003_33": null, "P11_003_34": null, "P11_003_35": null, "P11_004_01": "1,1", "P11_004_02": null, "P11_004_03": null, "P11_004_04": null, "P11_004_05": null, "P11_004_06": null, "P11_004_07": null, "P11_004_08": null, "P11_004_09": null, "P11_004_10": null, "P11_004_11": null, "P11_004_12": null, "P11_004_13": null, "P11_004_14": null, "P11_004_15": null, "P11_004_16": null, "P11_004_17": null, "P11_004_18": null, "P11_004_19": null, "P11_004_20": null, "P11_004_21": null, "P11_004_22": null, "P11_004_23": null, "P11_004_24": null, "P11_004_25": null, "P11_004_26": null, "P11_004_27": null, "P11_004_28": null, "P11_004_29": null, "P11_004_30": null, "P11_004_31": null, "P11_004_32": null, "P11_004_33": null, "P11_004_34": null, "P11_004_35": null, "P11_005": null, "index_right": 880 }, "geometry": { "type": "Point", "coordinates": [ 139.405780118386076, 35.358843916929771 ] } },
{ "type": "Feature", "properties": { "P11_001": "南長谷戸", "P11_002": "神奈川中央交通（株）", "P11_003_01": "湘11,茅03,茅50", "P11_003_02": null, "P11_003_03": null, "P11_003_04": null, "P11_003_05": null, "P11_003_06": null, "P11_003_07": null, "P11_003_08": null, "P11_003_09": null, "P11_003_10": null, "P11_003_11": null, "P11_003_12": null, "P11_003_13": null, "P11_003_14": null, "P11_003_15": null, "P11_003_16": null, "P11_003_17": null, "P11_003_18": null, "P11_003_19": null, "P11_003_20": null, "P11_003_21": null, "P11_003_22": null, "P11_003_23": null, "P11_003_24": null, "P11_003_25": null, "P11_003_26": null, "P11_003_27": null, "P11_003_28": null, "P11_003_29": null, "P11_003_30": null, "P11_003_31": null, "P11_003_32": null, "P11_003_33": null, "P11_003_34": null, "P11_003_35": null, "P11_004_01": "1,1,1", "P11_004_02": null, "P11_004_03": null, "P11_004_04": null, "P11_004_05": null, "P11_004_06": null, "P11_004_07": null, "P11_004_08": null, "P11_004_09": null, "P11_004_10": null, "P11_004_11": null, "P11_004_12": null, "P11_004_13": null, "P11_004_14": null, "P11_004_15": null, "P11_004_16": null, "P11_004_17": null, "P11_004_18": null, "P11_004_19": null, "P11_004_20": null, "P11_004_21": null, "P11_004_22": null, "P11_004_23": null, "P11_004_24": null, "P11_004_25": null, "P11_004_26": null, "P11_004_27": null, "P11_004_28": null, "P11_004_29": null, "P11_004_30": null, "P11_004_31": null, "P11_004_32": null, "P11_004_33": null, "P11_004_34": null, "P11_004_35": null, "P11_005": null, "index_right": 880 }, "geometry": { "type": "Point", "coordinates": [ 139.420154767137092, 35.357412472246715 ] } },
{ "type": "Feature", "properties": { "P11_001": "香川二丁目", "P11_002": "神奈川中央交通（株）", "P11_003_01": "茅19,茅82", "P11_003_02": null, "P11_003_03": null, "P11_003_04": null, "P11_003_05": null, "P11_003_06": null, "P11_003_07": null, "P11_003_08": null, "P11_003_09": null, "P11_003_10": null, "P11_003_11": null, "P11_003_12": null, "P11_003_13": null, "P11_003_14": null, "P11_003_15": null, "P11_003_16": null, "P11_003_17": null, "P11_003_18": null, "P11_003_19": null, "P11_003_20": null, "P11_003_21": null, "P11_003_22": null, "P11_003_23": null, "P11_003_24": null, "P11_003_25": null, "P11_003_26": null, "P11_003_27": null, "P11_003_28": null, "P11_003_29": null, "P11_003_30": null, "P11_003_31": null, "P11_003_32": null, "P11_003_33": null, "P11_003_34": null, "P11_003_35": null, "P11_004_01": "1,1", "P11_004_02": null, "P11_004_03": null, "P11_004_04": null, "P11_004_05": null, "P11_004_06": null, "P11_004_07": null, "P11_004_08": null, "P11_004_09": null, "P11_004_10": null, "P11_004_11": null, "P11_004_12": null, "P11_004_13": null, "P11_004_14": null, "P11_004_15": null, "P11_004_16": null, "P11_004_17": null, "P11_004_18": null, "P11_004_19": null, "P11_004_20": null, "P11_004_21": null, "P11_004_22": null, "P11_004_23": null, "P11_004_24": null, "P11_004_25": null, "P11_004_26": null, "P11_004_27": null, "P11_004_28": null, "P11_004_29": null, "P11_004_30": null, "P11_004_31": null, "P11_004_32": null, "P11_004_33": null, "P11_004_34": null, "P11_004_35": null, "P11_005": null, "index_right": 880 }, "geometry": { "type": "Point", "coordinates": [ 139.407123850722911, 35.356516050642213 ] } },
{ "type": "Feature", "properties": { "P11_001": "香川駅", "P11_002": "神奈川中央交通（株）", "P11_003_01": "北部循環市立病院線", "P11_003_02": null, "P11_003_03": null, "P11_003_04": null, "P11_003_05": null, "P11_003_06": null, "P11_003_07": null, "P11_003_08": null, "P11_003_09": null, "P11_003_10": null, "P11_003_11": null, "P11_003_12": null, "P11_003_13": null, "P11_003_14": null, "P11_003_15": null, "P11_003_16": null, "P11_003_17": null, "P11_003_18": null, "P11_003_19": null, "P11_003_20": null, "P11_003_21": null, "P11_003_22": null, "P11_003_23": null, "P11_003_24": null, "P11_003_25": null, "P11_003_26": null, "P11_003_27": null, "P11_003_28": null, "P11_003_29": null, "P11_003_30": null, "P11_003_31": null, "P11_003_32": null, "P11_003_33": null, "P11_003_34": null, "P11_003_35": null, "P11_004_01": "1", "P11_004_02": null, "P11_004_03": null, "P11_004_04": null, "P11_004_05": null, "P11_004_06": null, "P11_004_07": null, "P11_004_08": null, "P11_004_09": null, "P11_004_10": null, "P11_004_11": null, "P11_004_12": null, "P11_004_13": null, "P11_004_14": null, "P11_004_15": null, "P11_004_16": null, "P11_004_17": null, "P11_004_18": null, "P11_004_19": null, "P11_004_20": null, "P11_004_21": null, "P11_004_22": null, "P11_004_23": null, "P11_004_24": null, "P11_004_25": null, "P11_004_26": null, "P11_004_27": null, "P11_004_28": null, "P11_004_29": null, "P11_004_30": null, "P11_004_31": null, "P11_004_32": null, "P11_004_33": null, "P11_004_34": null, "P11_004_35": null, "P11_005": null, "index_right": 880 }, "geometry": { "type": "Point", "coordinates": [ 139.399746163907736, 35.356003319982214 ] } },
{ "type": "Feature", "properties": { "P11_001": "閑居山入口", "P11_002": "神奈川中央交通（株）", "P11_003_01": "北部循環市立病院線", "P11_003_02": null, "P11_003_03": null, "P11_003_04": null, "P11_003_05": null, "P11_003_06": null, "P11_003_07": null, "P11_003_08": null, "P11_003_09": null, "P11_003_10": null, "P11_003_11": null, "P11_003_12": null, "P11_003_13": null, "P11_003_14": null, "P11_003_15": null, "P11_003_16": null, "P11_003_17": null, "P11_003_18": null, "P11_003_19": null, "P11_003_20": null, "P11_003_21": null, "P11_003_22": null, "P11_003_23": null, "P11_003_24": null, "P11_003_25": null, "P11_003_26": null, "P11_003_27": null, "P11_003_28": null, "P11_003_29": null, "P11_003_30": null, "P11_003_31": null, "P11_003_32": null, "P11_003_33": null, "P11_003_34": null, "P11_003_35": null, "P11_004_01": "1", "P11_004_02": null, "P11_004_03": null, "P11_004_04": null, "P11_004_05": null, "P11_004_06": null, "P11_004_07": null, "P11_004_08": null, "P11_004_09": null, "P11_004_10": null, "P11_004_11": null, "P11_004_12": null, "P11_004_13": null, "P11_004_14": null, "P11_004_15": null, "P11_004_16": null, "P11_004_17": null, "P11_004_18": null, "P11_004_19": null, "P11_004_20": null, "P11_004_21": null, "P11_004_22": null, "P11_004_23": null, "P11_004_24": null, "P11_004_25": null, "P11_004_26": null, "P11_004_27": null, "P11_004_28": null, "P11_004_29": null, "P11_004_30": null, "P11_004_31": null, "P11_004_32": null, "P11_004_33": null, "P11_004_34": null, "P11_004_35": null, "P11_005": null, "index_right": 880 }, "geometry": { "type": "Point", "coordinates": [ 139.40158749245137, 35.355503205375662 ] } },
{ "type": "Feature", "properties": { "P11_001": "香川自治会館前", "P11_002": "神奈川中央交通（株）", "P11_003_01": "北部循環市立病院線", "P11_003_02": null, "P11_003_03": null, "P11_003_04": null, "P11_003_05": null, "P11_003_06": null, "P11_003_07": null, "P11_003_08": null, "P11_003_09": null, "P11_003_10": null, "P11_003_11": null, "P11_003_12": null, "P11_003_13": null, "P11_003_14": null, "P11_003_15": null, "P11_003_16": null, "P11_003_17": null, "P11_003_18": null, "P11_003_19": null, "P11_003_20": null, "P11_003_21": null, "P11_003_22": null, "P11_003_23": null, "P11_003_24": null, "P11_003_25": null, "P11_003_26": null, "P11_003_27": null, "P11_003_28": null, "P11_003_29": null, "P11_003_30": null, "P11_003_31": null, "P11_003_32": null, "P11_003_33": null, "P11_003_34": null, "P11_003_35": null, "P11_004_01": "1", "P11_004_02": null, "P11_004_03": null, "P11_004_04": null, "P11_004_05": null, "P11_004_06": null, "P11_004_07": null, "P11_004_08": null, "P11_004_09": null, "P11_004_10": null, "P11_004_11": null, "P11_004_12": null, "P11_004_13": null, "P11_004_14": null, "P11_004_15": null, "P11_004_16": null, "P11_004_17": null, "P11_004_18": null, "P11_004_19": null, "P11_004_20": null, "P11_004_21": null, "P11_004_22": null, "P11_004_23": null, "P11_004_24": null, "P11_004_25": null, "P11_004_26": null, "P11_004_27": null, "P11_004_28": null, "P11_004_29": null, "P11_004_30": null, "P11_004_31": null, "P11_004_32": null, "P11_004_33": null, "P11_004_34": null, "P11_004_35": null, "P11_005": null, "index_right": 880 }, "geometry": { "type": "Point", "coordinates": [ 139.402871079330083, 35.355439107348886 ] } },
{ "type": "Feature", "properties": { "P11_001": "分教場跡", "P11_002": "神奈川中央交通（株）", "P11_003_01": "北部循環市立病院線", "P11_003_02": null, "P11_003_03": null, "P11_003_04": null, "P11_003_05": null, "P11_003_06": null, "P11_003_07": null, "P11_003_08": null, "P11_003_09": null, "P11_003_10": null, "P11_003_11": null, "P11_003_12": null, "P11_003_13": null, "P11_003_14": null, "P11_003_15": null, "P11_003_16": null, "P11_003_17": null, "P11_003_18": null, "P11_003_19": null, "P11_003_20": null, "P11_003_21": null, "P11_003_22": null, "P11_003_23": null, "P11_003_24": null, "P11_003_25": null, "P11_003_26": null, "P11_003_27": null, "P11_003_28": null, "P11_003_29": null, "P11_003_30": null, "P11_003_31": null, "P11_003_32": null, "P11_003_33": null, "P11_003_34": null, "P11_003_35": null, "P11_004_01": "1", "P11_004_02": null, "P11_004_03": null, "P11_004_04": null, "P11_004_05": null, "P11_004_06": null, "P11_004_07": null, "P11_004_08": null, "P11_004_09": null, "P11_004_10": null, "P11_004_11": null, "P11_004_12": null, "P11_004_13": null, "P11_004_14": null, "P11_004_15": null, "P11_004_16": null, "P11_004_17": null, "P11_004_18": null, "P11_004_19": null, "P11_004_20": null, "P11_004_21": null, "P11_004_22": null, "P11_004_23": null, "P11_004_24": null, "P11_004_25": null, "P11_004_26": null, "P11_004_27": null, "P11_004_28": null, "P11_004_29": null, "P11_004_30": null, "P11_004_31": null, "P11_004_32": null, "P11_004_33": null, "P11_004_34": null, "P11_004_35": null, "P11_005": null, "index_right": 880 }, "geometry": { "type": "Point", "coordinates": [ 139.404109933285611, 35.355179208024481 ] } },
{ "type": "Feature", "properties": { "P11_001": "松風台", "P11_002": "神奈川中央交通（株）", "P11_003_01": "茅17,茅19,茅81", "P11_003_02": null, "P11_003_03": null, "P11_003_04": null, "P11_003_05": null, "P11_003_06": null, "P11_003_07": null, "P11_003_08": null, "P11_003_09": null, "P11_003_10": null, "P11_003_11": null, "P11_003_12": null, "P11_003_13": null, "P11_003_14": null, "P11_003_15": null, "P11_003_16": null, "P11_003_17": null, "P11_003_18": null, "P11_003_19": null, "P11_003_20": null, "P11_003_21": null, "P11_003_22": null, "P11_003_23": null, "P11_003_24": null, "P11_003_25": null, "P11_003_26": null, "P11_003_27": null, "P11_003_28": null, "P11_003_29": null, "P11_003_30": null, "P11_003_31": null, "P11_003_32": null, "P11_003_33": null, "P11_003_34": null, "P11_003_35": null, "P11_004_01": "1,1,1", "P11_004_02": null, "P11_004_03": null, "P11_004_04": null, "P11_004_05": null, "P11_004_06": null, "P11_004_07": null, "P11_004_08": null, "P11_004_09": null, "P11_004_10": null, "P11_004_11": null, "P11_004_12": null, "P11_004_13": null, "P11_004_14": null, "P11_004_15": null, "P11_004_16": null, "P11_004_17": null, "P11_004_18": null, "P11_004_19": null, "P11_004_20": null, "P11_004_21": null, "P11_004_22": null, "P11_004_23": null, "P11_004_24": null, "P11_004_25": null, "P11_004_26": null, "P11_004_27": null, "P11_004_28": null, "P11_004_29": null, "P11_004_30": null, "P11_004_31": null, "P11_004_32": null, "P11_004_33": null, "P11_004_34": null, "P11_004_35": null, "P11_005": null, "index_right": 880 }, "geometry": { "type": "Point", "coordinates": [ 139.409119554197957, 35.354763681492329 ] } },
{ "type": "Feature", "properties": { "P11_001": "香川小学校プール前", "P11_002": "神奈川中央交通（株）", "P11_003_01": "北部循環市立病院線", "P11_003_02": null, "P11_003_03": null, "P11_003_04": null, "P11_003_05": null, "P11_003_06": null, "P11_003_07": null, "P11_003_08": null, "P11_003_09": null, "P11_003_10": null, "P11_003_11": null, "P11_003_12": null, "P11_003_13": null, "P11_003_14": null, "P11_003_15": null, "P11_003_16": null, "P11_003_17": null, "P11_003_18": null, "P11_003_19": null, "P11_003_20": null, "P11_003_21": null, "P11_003_22": null, "P11_003_23": null, "P11_003_24": null, "P11_003_25": null, "P11_003_26": null, "P11_003_27": null, "P11_003_28": null, "P11_003_29": null, "P11_003_30": null, "P11_003_31": null, "P11_003_32": null, "P11_003_33": null, "P11_003_34": null, "P11_003_35": null, "P11_004_01": "1", "P11_004_02": null, "P11_004_03": null, "P11_004_04": null, "P11_004_05": null, "P11_004_06": null, "P11_004_07": null, "P11_004_08": null, "P11_004_09": null, "P11_004_10": null, "P11_004_11": null, "P11_004_12": null, "P11_004_13": null, "P11_004_14": null, "P11_004_15": null, "P11_004_16": null, "P11_004_17": null, "P11_004_18": null, "P11_004_19": null, "P11_004_20": null, "P11_004_21": null, "P11_004_22": null, "P11_004_23": null, "P11_004_24": null, "P11_004_25": null, "P11_004_26": null, "P11_004_27": null, "P11_004_28": null, "P11_004_29": null, "P11_004_30": null, "P11_004_31": null, "P11_004_32": null, "P11_004_33": null, "P11_004_34": null, "P11_004_35": null, "P11_005": null, "index_right": 880 }, "geometry": { "type": "Point", "coordinates": [ 139.405745713301485, 35.354698534412613 ] } },
{ "type": "Feature", "properties": { "P11_001": "殿山公園前", "P11_002": "神奈川中央交通（株）", "P11_003_01": "湘11,茅03,茅50", "P11_003_02": null, "P11_003_03": null, "P11_003_04": null, "P11_003_05": null, "P11_003_06": null, "P11_003_07": null, "P11_003_08": null, "P11_003_09": null, "P11_003_10": null, "P11_003_11": null, "P11_003_12": null, "P11_003_13": null, "P11_003_14": null, "P11_003_15": null, "P11_003_16": null, "P11_003_17": null, "P11_003_18": null, "P11_003_19": null, "P11_003_20": null, "P11_003_21": null, "P11_003_22": null, "P11_003_23": null, "P11_003_24": null, "P11_003_25": null, "P11_003_26": null, "P11_003_27": null, "P11_003_28": null, "P11_003_29": null, "P11_003_30": null, "P11_003_31": null, "P11_003_32": null, "P11_003_33": null, "P11_003_34": null, "P11_003_35": null, "P11_004_01": "1,1,1", "P11_004_02": null, "P11_004_03": null, "P11_004_04": null, "P11_004_05": null, "P11_004_06": null, "P11_004_07": null, "P11_004_08": null, "P11_004_09": null, "P11_004_10": null, "P11_004_11": null, "P11_004_12": null, "P11_004_13": null, "P11_004_14": null, "P11_004_15": null, "P11_004_16": null, "P11_004_17": null, "P11_004_18": null, "P11_004_19": null, "P11_004_20": null, "P11_004_21": null, "P11_004_22": null, "P11_004_23": null, "P11_004_24": null, "P11_004_25": null, "P11_004_26": null, "P11_004_27": null, "P11_004_28": null, "P11_004_29": null, "P11_004_30": null, "P11_004_31": null, "P11_004_32": null, "P11_004_33": null, "P11_004_34": null, "P11_004_35": null, "P11_005": null, "index_right": 880 }, "geometry": { "type": "Point", "coordinates": [ 139.420279562810947, 35.354412699546351 ] } },
{ "type": "Feature", "properties": { "P11_001": "教会前", "P11_002": "神奈川中央交通（株）", "P11_003_01": "北部循環市立病院線", "P11_003_02": null, "P11_003_03": null, "P11_003_04": null, "P11_003_05": null, "P11_003_06": null, "P11_003_07": null, "P11_003_08": null, "P11_003_09": null, "P11_003_10": null, "P11_003_11": null, "P11_003_12": null, "P11_003_13": null, "P11_003_14": null, "P11_003_15": null, "P11_003_16": null, "P11_003_17": null, "P11_003_18": null, "P11_003_19": null, "P11_003_20": null, "P11_003_21": null, "P11_003_22": null, "P11_003_23": null, "P11_003_24": null, "P11_003_25": null, "P11_003_26": null, "P11_003_27": null, "P11_003_28": null, "P11_003_29": null, "P11_003_30": null, "P11_003_31": null, "P11_003_32": null, "P11_003_33": null, "P11_003_34": null, "P11_003_35": null, "P11_004_01": "1", "P11_004_02": null, "P11_004_03": null, "P11_004_04": null, "P11_004_05": null, "P11_004_06": null, "P11_004_07": null, "P11_004_08": null, "P11_004_09": null, "P11_004_10": null, "P11_004_11": null, "P11_004_12": null, "P11_004_13": null, "P11_004_14": null, "P11_004_15": null, "P11_004_16": null, "P11_004_17": null, "P11_004_18": null, "P11_004_19": null, "P11_004_20": null, "P11_004_21": null, "P11_004_22": null, "P11_004_23": null, "P11_004_24": null, "P11_004_25": null, "P11_004_26": null, "P11_004_27": null, "P11_004_28": null, "P11_004_29": null, "P11_004_30": null, "P11_004_31": null, "P11_004_32": null, "P11_004_33": null, "P11_004_34": null, "P11_004_35": null, "P11_005": null, "index_right": 880 }, "geometry": { "type": "Point", "coordinates": [ 139.407348426901052, 35.353995958867309 ] } },
{ "type": "Feature", "properties": { "P11_001": "香川小学校入口", "P11_002": "神奈川中央交通（株）", "P11_003_01": "茅17,茅19,茅81,茅82,北部循環市立病院線", "P11_003_02": null, "P11_003_03": null, "P11_003_04": null, "P11_003_05": null, "P11_003_06": null, "P11_003_07": null, "P11_003_08": null, "P11_003_09": null, "P11_003_10": null, "P11_003_11": null, "P11_003_12": null, "P11_003_13": null, "P11_003_14": null, "P11_003_15": null, "P11_003_16": null, "P11_003_17": null, "P11_003_18": null, "P11_003_19": null, "P11_003_20": null, "P11_003_21": null, "P11_003_22": null, "P11_003_23": null, "P11_003_24": null, "P11_003_25": null, "P11_003_26": null, "P11_003_27": null, "P11_003_28": null, "P11_003_29": null, "P11_003_30": null, "P11_003_31": null, "P11_003_32": null, "P11_003_33": null, "P11_003_34": null, "P11_003_35": null, "P11_004_01": "1,1,1,1,1", "P11_004_02": null, "P11_004_03": null, "P11_004_04": null, "P11_004_05": null, "P11_004_06": null, "P11_004_07": null, "P11_004_08": null, "P11_004_09": null, "P11_004_10": null, "P11_004_11": null, "P11_004_12": null, "P11_004_13": null, "P11_004_14": null, "P11_004_15": null, "P11_004_16": null, "P11_004_17": null, "P11_004_18": null, "P11_004_19": null, "P11_004_20": null, "P11_004_21": null, "P11_004_22": null, "P11_004_23": null, "P11_004_24": null, "P11_004_25": null, "P11_004_26": null, "P11_004_27": null, "P11_004_28": null, "P11_004_29": null, "P11_004_30": null, "P11_004_31": null, "P11_004_32": null, "P11_004_33": null, "P11_004_34": null, "P11_004_35": null, "P11_005": null, "index_right": 880 }, "geometry": { "type": "Point", "coordinates": [ 139.409044461628071, 35.352856520860755 ] } },
{ "type": "Feature", "properties": { "P11_001": "八幡神社前", "P11_002": "神奈川中央交通（株）", "P11_003_01": "湘11,茅03,茅50", "P11_003_02": null, "P11_003_03": null, "P11_003_04": null, "P11_003_05": null, "P11_003_06": null, "P11_003_07": null, "P11_003_08": null, "P11_003_09": null, "P11_003_10": null, "P11_003_11": null, "P11_003_12": null, "P11_003_13": null, "P11_003_14": null, "P11_003_15": null, "P11_003_16": null, "P11_003_17": null, "P11_003_18": null, "P11_003_19": null, "P11_003_20": null, "P11_003_21": null, "P11_003_22": null, "P11_003_23": null, "P11_003_24": null, "P11_003_25": null, "P11_003_26": null, "P11_003_27": null, "P11_003_28": null, "P11_003_29": null, "P11_003_30": null, "P11_003_31": null, "P11_003_32": null, "P11_003_33": null, "P11_003_34": null, "P11_003_35": null, "P11_004_01": "1,1,1", "P11_004_02": null, "P11_004_03": null, "P11_004_04": null, "P11_004_05": null, "P11_004_06": null, "P11_004_07": null, "P11_004_08": null, "P11_004_09": null, "P11_004_10": null, "P11_004_11": null, "P11_004_12": null, "P11_004_13": null, "P11_004_14": null, "P11_004_15": null, "P11_004_16": null, "P11_004_17": null, "P11_004_18": null, "P11_004_19": null, "P11_004_20": null, "P11_004_21": null, "P11_004_22": null, "P11_004_23": null, "P11_004_24": null, "P11_004_25": null, "P11_004_26": null, "P11_004_27": null, "P11_004_28": null, "P11_004_29": null, "P11_004_30": null, "P11_004_31": null, "P11_004_32": null, "P11_004_33": null, "P11_004_34": null, "P11_004_35": null, "P11_005": null, "index_right": 880 }, "geometry": { "type": "Point", "coordinates": [ 139.417428436801487, 35.3522082906875 ] } },
{ "type": "Feature", "properties": { "P11_001": "変電所前", "P11_002": "神奈川中央交通（株）", "P11_003_01": "茅25,茅26", "P11_003_02": null, "P11_003_03": null, "P11_003_04": null, "P11_003_05": null, "P11_003_06": null, "P11_003_07": null, "P11_003_08": null, "P11_003_09": null, "P11_003_10": null, "P11_003_11": null, "P11_003_12": null, "P11_003_13": null, "P11_003_14": null, "P11_003_15": null, "P11_003_16": null, "P11_003_17": null, "P11_003_18": null, "P11_003_19": null, "P11_003_20": null, "P11_003_21": null, "P11_003_22": null, "P11_003_23": null, "P11_003_24": null, "P11_003_25": null, "P11_003_26": null, "P11_003_27": null, "P11_003_28": null, "P11_003_29": null, "P11_003_30": null, "P11_003_31": null, "P11_003_32": null, "P11_003_33": null, "P11_003_34": null, "P11_003_35": null, "P11_004_01": "1,1", "P11_004_02": null, "P11_004_03": null, "P11_004_04": null, "P11_004_05": null, "P11_004_06": null, "P11_004_07": null, "P11_004_08": null, "P11_004_09": null, "P11_004_10": null, "P11_004_11": null, "P11_004_12": null, "P11_004_13": null, "P11_004_14": null, "P11_004_15": null, "P11_004_16": null, "P11_004_17": null, "P11_004_18": null, "P11_004_19": null, "P11_004_20": null, "P11_004_21": null, "P11_004_22": null, "P11_004_23": null, "P11_004_24": null, "P11_004_25": null, "P11_004_26": null, "P11_004_27": null, "P11_004_28": null, "P11_004_29": null, "P11_004_30": null, "P11_004_31": null, "P11_004_32": null, "P11_004_33": null, "P11_004_34": null, "P11_004_35": null, "P11_005": null, "index_right": 880 }, "geometry": { "type": "Point", "coordinates": [ 139.396529881871288, 35.351717180011669 ] } },
{ "type": "Feature", "properties": { "P11_001": "甘沼", "P11_002": "神奈川中央交通（株）", "P11_003_01": "湘11,茅03,茅50", "P11_003_02": null, "P11_003_03": null, "P11_003_04": null, "P11_003_05": null, "P11_003_06": null, "P11_003_07": null, "P11_003_08": null, "P11_003_09": null, "P11_003_10": null, "P11_003_11": null, "P11_003_12": null, "P11_003_13": null, "P11_003_14": null, "P11_003_15": null, "P11_003_16": null, "P11_003_17": null, "P11_003_18": null, "P11_003_19": null, "P11_003_20": null, "P11_003_21": null, "P11_003_22": null, "P11_003_23": null, "P11_003_24": null, "P11_003_25": null, "P11_003_26": null, "P11_003_27": null, "P11_003_28": null, "P11_003_29": null, "P11_003_30": null, "P11_003_31": null, "P11_003_32": null, "P11_003_33": null, "P11_003_34": null, "P11_003_35": null, "P11_004_01": "1,1,1", "P11_004_02": null, "P11_004_03": null, "P11_004_04": null, "P11_004_05": null, "P11_004_06": null, "P11_004_07": null, "P11_004_08": null, "P11_004_09": null, "P11_004_10": null, "P11_004_11": null, "P11_004_12": null, "P11_004_13": null, "P11_004_14": null, "P11_004_15": null, "P11_004_16": null, "P11_004_17": null, "P11_004_18": null, "P11_004_19": null, "P11_004_20": null, "P11_004_21": null, "P11_004_22": null, "P11_004_23": null, "P11_004_24": null, "P11_004_25": null, "P11_004_26": null, "P11_004_27": null, "P11_004_28": null, "P11_004_29": null, "P11_004_30": null, "P11_004_31": null, "P11_004_32": null, "P11_004_33": null, "P11_004_34": null, "P11_004_35": null, "P11_005": null, "index_right": 880 }, "geometry": { "type": "Point", "coordinates": [ 139.414969305817039, 35.350912952548725 ] } },
{ "type": "Feature", "properties": { "P11_001": "甘沼向原", "P11_002": "神奈川中央交通（株）", "P11_003_01": "北部循環市立病院線", "P11_003_02": null, "P11_003_03": null, "P11_003_04": null, "P11_003_05": null, "P11_003_06": null, "P11_003_07": null, "P11_003_08": null, "P11_003_09": null, "P11_003_10": null, "P11_003_11": null, "P11_003_12": null, "P11_003_13": null, "P11_003_14": null, "P11_003_15": null, "P11_003_16": null, "P11_003_17": null, "P11_003_18": null, "P11_003_19": null, "P11_003_20": null, "P11_003_21": null, "P11_003_22": null, "P11_003_23": null, "P11_003_24": null, "P11_003_25": null, "P11_003_26": null, "P11_003_27": null, "P11_003_28": null, "P11_003_29": null, "P11_003_30": null, "P11_003_31": null, "P11_003_32": null, "P11_003_33": null, "P11_003_34": null, "P11_003_35": null, "P11_004_01": "1", "P11_004_02": null, "P11_004_03": null, "P11_004_04": null, "P11_004_05": null, "P11_004_06": null, "P11_004_07": null, "P11_004_08": null, "P11_004_09": null, "P11_004_10": null, "P11_004_11": null, "P11_004_12": null, "P11_004_13": null, "P11_004_14": null, "P11_004_15": null, "P11_004_16": null, "P11_004_17": null, "P11_004_18": null, "P11_004_19": null, "P11_004_20": null, "P11_004_21": null, "P11_004_22": null, "P11_004_23": null, "P11_004_24": null, "P11_004_25": null, "P11_004_26": null, "P11_004_27": null, "P11_004_28": null, "P11_004_29": null, "P11_004_30": null, "P11_004_31": null, "P11_004_32": null, "P11_004_33": null, "P11_004_34": null, "P11_004_35": null, "P11_005": null, "index_right": 880 }, "geometry": { "type": "Point", "coordinates": [ 139.409680786734498, 35.350895222316787 ] } },
{ "type": "Feature", "properties": { "P11_001": "鶴が台名店街入口", "P11_002": "神奈川中央交通（株）", "P11_003_01": "茅15,茅81,茅82", "P11_003_02": null, "P11_003_03": null, "P11_003_04": null, "P11_003_05": null, "P11_003_06": null, "P11_003_07": null, "P11_003_08": null, "P11_003_09": null, "P11_003_10": null, "P11_003_11": null, "P11_003_12": null, "P11_003_13": null, "P11_003_14": null, "P11_003_15": null, "P11_003_16": null, "P11_003_17": null, "P11_003_18": null, "P11_003_19": null, "P11_003_20": null, "P11_003_21": null, "P11_003_22": null, "P11_003_23": null, "P11_003_24": null, "P11_003_25": null, "P11_003_26": null, "P11_003_27": null, "P11_003_28": null, "P11_003_29": null, "P11_003_30": null, "P11_003_31": null, "P11_003_32": null, "P11_003_33": null, "P11_003_34": null, "P11_003_35": null, "P11_004_01": "1,1,1", "P11_004_02": null, "P11_004_03": null, "P11_004_04": null, "P11_004_05": null, "P11_004_06": null, "P11_004_07": null, "P11_004_08": null, "P11_004_09": null, "P11_004_10": null, "P11_004_11": null, "P11_004_12": null, "P11_004_13": null, "P11_004_14": null, "P11_004_15": null, "P11_004_16": null, "P11_004_17": null, "P11_004_18": null, "P11_004_19": null, "P11_004_20": null, "P11_004_21": null, "P11_004_22": null, "P11_004_23": null, "P11_004_24": null, "P11_004_25": null, "P11_004_26": null, "P11_004_27": null, "P11_004_28": null, "P11_004_29": null, "P11_004_30": null, "P11_004_31": null, "P11_004_32": null, "P11_004_33": null, "P11_004_34": null, "P11_004_35": null, "P11_005": null, "index_right": 880 }, "geometry": { "type": "Point", "coordinates": [ 139.40735938240104, 35.34920813487259 ] } },
{ "type": "Feature", "properties": { "P11_001": "赤羽根", "P11_002": "神奈川中央交通（株）", "P11_003_01": "辻07", "P11_003_02": null, "P11_003_03": null, "P11_003_04": null, "P11_003_05": null, "P11_003_06": null, "P11_003_07": null, "P11_003_08": null, "P11_003_09": null, "P11_003_10": null, "P11_003_11": null, "P11_003_12": null, "P11_003_13": null, "P11_003_14": null, "P11_003_15": null, "P11_003_16": null, "P11_003_17": null, "P11_003_18": null, "P11_003_19": null, "P11_003_20": null, "P11_003_21": null, "P11_003_22": null, "P11_003_23": null, "P11_003_24": null, "P11_003_25": null, "P11_003_26": null, "P11_003_27": null, "P11_003_28": null, "P11_003_29": null, "P11_003_30": null, "P11_003_31": null, "P11_003_32": null, "P11_003_33": null, "P11_003_34": null, "P11_003_35": null, "P11_004_01": "1", "P11_004_02": null, "P11_004_03": null, "P11_004_04": null, "P11_004_05": null, "P11_004_06": null, "P11_004_07": null, "P11_004_08": null, "P11_004_09": null, "P11_004_10": null, "P11_004_11": null, "P11_004_12": null, "P11_004_13": null, "P11_004_14": null, "P11_004_15": null, "P11_004_16": null, "P11_004_17": null, "P11_004_18": null, "P11_004_19": null, "P11_004_20": null, "P11_004_21": null, "P11_004_22": null, "P11_004_23": null, "P11_004_24": null, "P11_004_25": null, "P11_004_26": null, "P11_004_27": null, "P11_004_28": null, "P11_004_29": null, "P11_004_30": null, "P11_004_31": null, "P11_004_32": null, "P11_004_33": null, "P11_004_34": null, "P11_004_35": null, "P11_005": null, "index_right": 880 }, "geometry": { "type": "Point", "coordinates": [ 139.420098385610544, 35.348987306317284 ] } },
{ "type": "Feature", "properties": { "P11_001": "鶴が台団地", "P11_002": "神奈川中央交通（株）", "P11_003_01": "茅15,茅81,茅82", "P11_003_02": null, "P11_003_03": null, "P11_003_04": null, "P11_003_05": null, "P11_003_06": null, "P11_003_07": null, "P11_003_08": null, "P11_003_09": null, "P11_003_10": null, "P11_003_11": null, "P11_003_12": null, "P11_003_13": null, "P11_003_14": null, "P11_003_15": null, "P11_003_16": null, "P11_003_17": null, "P11_003_18": null, "P11_003_19": null, "P11_003_20": null, "P11_003_21": null, "P11_003_22": null, "P11_003_23": null, "P11_003_24": null, "P11_003_25": null, "P11_003_26": null, "P11_003_27": null, "P11_003_28": null, "P11_003_29": null, "P11_003_30": null, "P11_003_31": null, "P11_003_32": null, "P11_003_33": null, "P11_003_34": null, "P11_003_35": null, "P11_004_01": "1,1,1", "P11_004_02": null, "P11_004_03": null, "P11_004_04": null, "P11_004_05": null, "P11_004_06": null, "P11_004_07": null, "P11_004_08": null, "P11_004_09": null, "P11_004_10": null, "P11_004_11": null, "P11_004_12": null, "P11_004_13": null, "P11_004_14": null, "P11_004_15": null, "P11_004_16": null, "P11_004_17": null, "P11_004_18": null, "P11_004_19": null, "P11_004_20": null, "P11_004_21": null, "P11_004_22": null, "P11_004_23": null, "P11_004_24": null, "P11_004_25": null, "P11_004_26": null, "P11_004_27": null, "P11_004_28": null, "P11_004_29": null, "P11_004_30": null, "P11_004_31": null, "P11_004_32": null, "P11_004_33": null, "P11_004_34": null, "P11_004_35": null, "P11_005": null, "index_right": 880 }, "geometry": { "type": "Point", "coordinates": [ 139.404928292434562, 35.34890333302608 ] } },
{ "type": "Feature", "properties": { "P11_001": "高田", "P11_002": "神奈川中央交通（株）", "P11_003_01": "湘11,茅03,茅50", "P11_003_02": null, "P11_003_03": null, "P11_003_04": null, "P11_003_05": null, "P11_003_06": null, "P11_003_07": null, "P11_003_08": null, "P11_003_09": null, "P11_003_10": null, "P11_003_11": null, "P11_003_12": null, "P11_003_13": null, "P11_003_14": null, "P11_003_15": null, "P11_003_16": null, "P11_003_17": null, "P11_003_18": null, "P11_003_19": null, "P11_003_20": null, "P11_003_21": null, "P11_003_22": null, "P11_003_23": null, "P11_003_24": null, "P11_003_25": null, "P11_003_26": null, "P11_003_27": null, "P11_003_28": null, "P11_003_29": null, "P11_003_30": null, "P11_003_31": null, "P11_003_32": null, "P11_003_33": null, "P11_003_34": null, "P11_003_35": null, "P11_004_01": "1,1,1", "P11_004_02": null, "P11_004_03": null, "P11_004_04": null, "P11_004_05": null, "P11_004_06": null, "P11_004_07": null, "P11_004_08": null, "P11_004_09": null, "P11_004_10": null, "P11_004_11": null, "P11_004_12": null, "P11_004_13": null, "P11_004_14": null, "P11_004_15": null, "P11_004_16": null, "P11_004_17": null, "P11_004_18": null, "P11_004_19": null, "P11_004_20": null, "P11_004_21": null, "P11_004_22": null, "P11_004_23": null, "P11_004_24": null, "P11_004_25": null, "P11_004_26": null, "P11_004_27": null, "P11_004_28": null, "P11_004_29": null, "P11_004_30": null, "P11_004_31": null, "P11_004_32": null, "P11_004_33": null, "P11_004_34": null, "P11_004_35": null, "P11_005": null, "index_right": 880 }, "geometry": { "type": "Point", "coordinates": [ 139.413983178704257, 35.348672077015259 ] } },
{ "type": "Feature", "properties": { "P11_001": "萩園第一公園前", "P11_002": "神奈川中央交通（株）", "P11_003_01": "茅53", "P11_003_02": null, "P11_003_03": null, "P11_003_04": null, "P11_003_05": null, "P11_003_06": null, "P11_003_07": null, "P11_003_08": null, "P11_003_09": null, "P11_003_10": null, "P11_003_11": null, "P11_003_12": null, "P11_003_13": null, "P11_003_14": null, "P11_003_15": null, "P11_003_16": null, "P11_003_17": null, "P11_003_18": null, "P11_003_19": null, "P11_003_20": null, "P11_003_21": null, "P11_003_22": null, "P11_003_23": null, "P11_003_24": null, "P11_003_25": null, "P11_003_26": null, "P11_003_27": null, "P11_003_28": null, "P11_003_29": null, "P11_003_30": null, "P11_003_31": null, "P11_003_32": null, "P11_003_33": null, "P11_003_34": null, "P11_003_35": null, "P11_004_01": "1", "P11_004_02": null, "P11_004_03": null, "P11_004_04": null, "P11_004_05": null, "P11_004_06": null, "P11_004_07": null, "P11_004_08": null, "P11_004_09": null, "P11_004_10": null, "P11_004_11": null, "P11_004_12": null, "P11_004_13": null, "P11_004_14": null, "P11_004_15": null, "P11_004_16": null, "P11_004_17": null, "P11_004_18": null, "P11_004_19": null, "P11_004_20": null, "P11_004_21": null, "P11_004_22": null, "P11_004_23": null, "P11_004_24": null, "P11_004_25": null, "P11_004_26": null, "P11_004_27": null, "P11_004_28": null, "P11_004_29": null, "P11_004_30": null, "P11_004_31": null, "P11_004_32": null, "P11_004_33": null, "P11_004_34": null, "P11_004_35": null, "P11_005": null, "index_right": 880 }, "geometry": { "type": "Point", "coordinates": [ 139.377360678904154, 35.348430644931547 ] } },
{ "type": "Feature", "properties": { "P11_001": "温水プール", "P11_002": "神奈川中央交通（株）", "P11_003_01": "鶴嶺循環市立病院線【鶴嶺南コース】", "P11_003_02": null, "P11_003_03": null, "P11_003_04": null, "P11_003_05": null, "P11_003_06": null, "P11_003_07": null, "P11_003_08": null, "P11_003_09": null, "P11_003_10": null, "P11_003_11": null, "P11_003_12": null, "P11_003_13": null, "P11_003_14": null, "P11_003_15": null, "P11_003_16": null, "P11_003_17": null, "P11_003_18": null, "P11_003_19": null, "P11_003_20": null, "P11_003_21": null, "P11_003_22": null, "P11_003_23": null, "P11_003_24": null, "P11_003_25": null, "P11_003_26": null, "P11_003_27": null, "P11_003_28": null, "P11_003_29": null, "P11_003_30": null, "P11_003_31": null, "P11_003_32": null, "P11_003_33": null, "P11_003_34": null, "P11_003_35": null, "P11_004_01": "1", "P11_004_02": null, "P11_004_03": null, "P11_004_04": null, "P11_004_05": null, "P11_004_06": null, "P11_004_07": null, "P11_004_08": null, "P11_004_09": null, "P11_004_10": null, "P11_004_11": null, "P11_004_12": null, "P11_004_13": null, "P11_004_14": null, "P11_004_15": null, "P11_004_16": null, "P11_004_17": null, "P11_004_18": null, "P11_004_19": null, "P11_004_20": null, "P11_004_21": null, "P11_004_22": null, "P11_004_23": null, "P11_004_24": null, "P11_004_25": null, "P11_004_26": null, "P11_004_27": null, "P11_004_28": null, "P11_004_29": null, "P11_004_30": null, "P11_004_31": null, "P11_004_32": null, "P11_004_33": null, "P11_004_34": null, "P11_004_35": null, "P11_005": null, "index_right": 880 }, "geometry": { "type": "Point", "coordinates": [ 139.373551509018711, 35.348297018475634 ] } },
{ "type": "Feature", "properties": { "P11_001": "上の前", "P11_002": "神奈川中央交通（株）", "P11_003_01": "茅52,茅54", "P11_003_02": null, "P11_003_03": null, "P11_003_04": null, "P11_003_05": null, "P11_003_06": null, "P11_003_07": null, "P11_003_08": null, "P11_003_09": null, "P11_003_10": null, "P11_003_11": null, "P11_003_12": null, "P11_003_13": null, "P11_003_14": null, "P11_003_15": null, "P11_003_16": null, "P11_003_17": null, "P11_003_18": null, "P11_003_19": null, "P11_003_20": null, "P11_003_21": null, "P11_003_22": null, "P11_003_23": null, "P11_003_24": null, "P11_003_25": null, "P11_003_26": null, "P11_003_27": null, "P11_003_28": null, "P11_003_29": null, "P11_003_30": null, "P11_003_31": null, "P11_003_32": null, "P11_003_33": null, "P11_003_34": null, "P11_003_35": null, "P11_004_01": "1,1", "P11_004_02": null, "P11_004_03": null, "P11_004_04": null, "P11_004_05": null, "P11_004_06": null, "P11_004_07": null, "P11_004_08": null, "P11_004_09": null, "P11_004_10": null, "P11_004_11": null, "P11_004_12": null, "P11_004_13": null, "P11_004_14": null, "P11_004_15": null, "P11_004_16": null, "P11_004_17": null, "P11_004_18": null, "P11_004_19": null, "P11_004_20": null, "P11_004_21": null, "P11_004_22": null, "P11_004_23": null, "P11_004_24": null, "P11_004_25": null, "P11_004_26": null, "P11_004_27": null, "P11_004_28": null, "P11_004_29": null, "P11_004_30": null, "P11_004_31": null, "P11_004_32": null, "P11_004_33": null, "P11_004_34": null, "P11_004_35": null, "P11_005": null, "index_right": 880 }, "geometry": { "type": "Point", "coordinates": [ 139.379734209596847, 35.348282901756512 ] } },
{ "type": "Feature", "properties": { "P11_001": "鶴が台中学校前", "P11_002": "神奈川中央交通（株）", "P11_003_01": "茅15,茅17,茅19,茅81,茅82,北部循環市立病院線", "P11_003_02": null, "P11_003_03": null, "P11_003_04": null, "P11_003_05": null, "P11_003_06": null, "P11_003_07": null, "P11_003_08": null, "P11_003_09": null, "P11_003_10": null, "P11_003_11": null, "P11_003_12": null, "P11_003_13": null, "P11_003_14": null, "P11_003_15": null, "P11_003_16": null, "P11_003_17": null, "P11_003_18": null, "P11_003_19": null, "P11_003_20": null, "P11_003_21": null, "P11_003_22": null, "P11_003_23": null, "P11_003_24": null, "P11_003_25": null, "P11_003_26": null, "P11_003_27": null, "P11_003_28": null, "P11_003_29": null, "P11_003_30": null, "P11_003_31": null, "P11_003_32": null, "P11_003_33": null, "P11_003_34": null, "P11_003_35": null, "P11_004_01": "1,1,1,1,1,1", "P11_004_02": null, "P11_004_03": null, "P11_004_04": null, "P11_004_05": null, "P11_004_06": null, "P11_004_07": null, "P11_004_08": null, "P11_004_09": null, "P11_004_10": null, "P11_004_11": null, "P11_004_12": null, "P11_004_13": null, "P11_004_14": null, "P11_004_15": null, "P11_004_16": null, "P11_004_17": null, "P11_004_18": null, "P11_004_19": null, "P11_004_20": null, "P11_004_21": null, "P11_004_22": null, "P11_004_23": null, "P11_004_24": null, "P11_004_25": null, "P11_004_26": null, "P11_004_27": null, "P11_004_28": null, "P11_004_29": null, "P11_004_30": null, "P11_004_31": null, "P11_004_32": null, "P11_004_33": null, "P11_004_34": null, "P11_004_35": null, "P11_005": null, "index_right": 880 }, "geometry": { "type": "Point", "coordinates": [ 139.410510985788278, 35.348228780849269 ] } },
{ "type": "Feature", "properties": { "P11_001": "西久保", "P11_002": "神奈川中央交通（株）", "P11_003_01": "茅25,茅26", "P11_003_02": null, "P11_003_03": null, "P11_003_04": null, "P11_003_05": null, "P11_003_06": null, "P11_003_07": null, "P11_003_08": null, "P11_003_09": null, "P11_003_10": null, "P11_003_11": null, "P11_003_12": null, "P11_003_13": null, "P11_003_14": null, "P11_003_15": null, "P11_003_16": null, "P11_003_17": null, "P11_003_18": null, "P11_003_19": null, "P11_003_20": null, "P11_003_21": null, "P11_003_22": null, "P11_003_23": null, "P11_003_24": null, "P11_003_25": null, "P11_003_26": null, "P11_003_27": null, "P11_003_28": null, "P11_003_29": null, "P11_003_30": null, "P11_003_31": null, "P11_003_32": null, "P11_003_33": null, "P11_003_34": null, "P11_003_35": null, "P11_004_01": "1,1", "P11_004_02": null, "P11_004_03": null, "P11_004_04": null, "P11_004_05": null, "P11_004_06": null, "P11_004_07": null, "P11_004_08": null, "P11_004_09": null, "P11_004_10": null, "P11_004_11": null, "P11_004_12": null, "P11_004_13": null, "P11_004_14": null, "P11_004_15": null, "P11_004_16": null, "P11_004_17": null, "P11_004_18": null, "P11_004_19": null, "P11_004_20": null, "P11_004_21": null, "P11_004_22": null, "P11_004_23": null, "P11_004_24": null, "P11_004_25": null, "P11_004_26": null, "P11_004_27": null, "P11_004_28": null, "P11_004_29": null, "P11_004_30": null, "P11_004_31": null, "P11_004_32": null, "P11_004_33": null, "P11_004_34": null, "P11_004_35": null, "P11_005": null, "index_right": 880 }, "geometry": { "type": "Point", "coordinates": [ 139.397188361274601, 35.34811610166004 ] } },
{ "type": "Feature", "properties": { "P11_001": "県立茅ヶ崎養護学校", "P11_002": "神奈川中央交通（株）", "P11_003_01": "鶴嶺循環市立病院線【鶴嶺北コース】", "P11_003_02": null, "P11_003_03": null, "P11_003_04": null, "P11_003_05": null, "P11_003_06": null, "P11_003_07": null, "P11_003_08": null, "P11_003_09": null, "P11_003_10": null, "P11_003_11": null, "P11_003_12": null, "P11_003_13": null, "P11_003_14": null, "P11_003_15": null, "P11_003_16": null, "P11_003_17": null, "P11_003_18": null, "P11_003_19": null, "P11_003_20": null, "P11_003_21": null, "P11_003_22": null, "P11_003_23": null, "P11_003_24": null, "P11_003_25": null, "P11_003_26": null, "P11_003_27": null, "P11_003_28": null, "P11_003_29": null, "P11_003_30": null, "P11_003_31": null, "P11_003_32": null, "P11_003_33": null, "P11_003_34": null, "P11_003_35": null, "P11_004_01": "1", "P11_004_02": null, "P11_004_03": null, "P11_004_04": null, "P11_004_05": null, "P11_004_06": null, "P11_004_07": null, "P11_004_08": null, "P11_004_09": null, "P11_004_10": null, "P11_004_11": null, "P11_004_12": null, "P11_004_13": null, "P11_004_14": null, "P11_004_15": null, "P11_004_16": null, "P11_004_17": null, "P11_004_18": null, "P11_004_19": null, "P11_004_20": null, "P11_004_21": null, "P11_004_22": null, "P11_004_23": null, "P11_004_24": null, "P11_004_25": null, "P11_004_26": null, "P11_004_27": null, "P11_004_28": null, "P11_004_29": null, "P11_004_30": null, "P11_004_31": null, "P11_004_32": null, "P11_004_33": null, "P11_004_34": null, "P11_004_35": null, "P11_005": null, "index_right": 880 }, "geometry": { "type": "Point", "coordinates": [ 139.388912339326453, 35.347929221128211 ] } },
{ "type": "Feature", "properties": { "P11_001": "中赤羽根", "P11_002": "神奈川中央交通（株）", "P11_003_01": "辻07", "P11_003_02": null, "P11_003_03": null, "P11_003_04": null, "P11_003_05": null, "P11_003_06": null, "P11_003_07": null, "P11_003_08": null, "P11_003_09": null, "P11_003_10": null, "P11_003_11": null, "P11_003_12": null, "P11_003_13": null, "P11_003_14": null, "P11_003_15": null, "P11_003_16": null, "P11_003_17": null, "P11_003_18": null, "P11_003_19": null, "P11_003_20": null, "P11_003_21": null, "P11_003_22": null, "P11_003_23": null, "P11_003_24": null, "P11_003_25": null, "P11_003_26": null, "P11_003_27": null, "P11_003_28": null, "P11_003_29": null, "P11_003_30": null, "P11_003_31": null, "P11_003_32": null, "P11_003_33": null, "P11_003_34": null, "P11_003_35": null, "P11_004_01": "1", "P11_004_02": null, "P11_004_03": null, "P11_004_04": null, "P11_004_05": null, "P11_004_06": null, "P11_004_07": null, "P11_004_08": null, "P11_004_09": null, "P11_004_10": null, "P11_004_11": null, "P11_004_12": null, "P11_004_13": null, "P11_004_14": null, "P11_004_15": null, "P11_004_16": null, "P11_004_17": null, "P11_004_18": null, "P11_004_19": null, "P11_004_20": null, "P11_004_21": null, "P11_004_22": null, "P11_004_23": null, "P11_004_24": null, "P11_004_25": null, "P11_004_26": null, "P11_004_27": null, "P11_004_28": null, "P11_004_29": null, "P11_004_30": null, "P11_004_31": null, "P11_004_32": null, "P11_004_33": null, "P11_004_34": null, "P11_004_35": null, "P11_005": null, "index_right": 880 }, "geometry": { "type": "Point", "coordinates": [ 139.42389284571243, 35.347868032994839 ] } },
{ "type": "Feature", "properties": { "P11_001": "十二天神社入口", "P11_002": "神奈川中央交通（株）", "P11_003_01": "鶴嶺循環市立病院線【鶴嶺北コース】", "P11_003_02": null, "P11_003_03": null, "P11_003_04": null, "P11_003_05": null, "P11_003_06": null, "P11_003_07": null, "P11_003_08": null, "P11_003_09": null, "P11_003_10": null, "P11_003_11": null, "P11_003_12": null, "P11_003_13": null, "P11_003_14": null, "P11_003_15": null, "P11_003_16": null, "P11_003_17": null, "P11_003_18": null, "P11_003_19": null, "P11_003_20": null, "P11_003_21": null, "P11_003_22": null, "P11_003_23": null, "P11_003_24": null, "P11_003_25": null, "P11_003_26": null, "P11_003_27": null, "P11_003_28": null, "P11_003_29": null, "P11_003_30": null, "P11_003_31": null, "P11_003_32": null, "P11_003_33": null, "P11_003_34": null, "P11_003_35": null, "P11_004_01": "1", "P11_004_02": null, "P11_004_03": null, "P11_004_04": null, "P11_004_05": null, "P11_004_06": null, "P11_004_07": null, "P11_004_08": null, "P11_004_09": null, "P11_004_10": null, "P11_004_11": null, "P11_004_12": null, "P11_004_13": null, "P11_004_14": null, "P11_004_15": null, "P11_004_16": null, "P11_004_17": null, "P11_004_18": null, "P11_004_19": null, "P11_004_20": null, "P11_004_21": null, "P11_004_22": null, "P11_004_23": null, "P11_004_24": null, "P11_004_25": null, "P11_004_26": null, "P11_004_27": null, "P11_004_28": null, "P11_004_29": null, "P11_004_30": null, "P11_004_31": null, "P11_004_32": null, "P11_004_33": null, "P11_004_34": null, "P11_004_35": null, "P11_005": null, "index_right": 880 }, "geometry": { "type": "Point", "coordinates": [ 139.384529835885445, 35.347355555635581 ] } },
{ "type": "Feature", "properties": { "P11_001": "鶴が台中学校南", "P11_002": "神奈川中央交通（株）", "P11_003_01": "北部循環市立病院線", "P11_003_02": null, "P11_003_03": null, "P11_003_04": null, "P11_003_05": null, "P11_003_06": null, "P11_003_07": null, "P11_003_08": null, "P11_003_09": null, "P11_003_10": null, "P11_003_11": null, "P11_003_12": null, "P11_003_13": null, "P11_003_14": null, "P11_003_15": null, "P11_003_16": null, "P11_003_17": null, "P11_003_18": null, "P11_003_19": null, "P11_003_20": null, "P11_003_21": null, "P11_003_22": null, "P11_003_23": null, "P11_003_24": null, "P11_003_25": null, "P11_003_26": null, "P11_003_27": null, "P11_003_28": null, "P11_003_29": null, "P11_003_30": null, "P11_003_31": null, "P11_003_32": null, "P11_003_33": null, "P11_003_34": null, "P11_003_35": null, "P11_004_01": "1", "P11_004_02": null, "P11_004_03": null, "P11_004_04": null, "P11_004_05": null, "P11_004_06": null, "P11_004_07": null, "P11_004_08": null, "P11_004_09": null, "P11_004_10": null, "P11_004_11": null, "P11_004_12": null, "P11_004_13": null, "P11_004_14": null, "P11_004_15": null, "P11_004_16": null, "P11_004_17": null, "P11_004_18": null, "P11_004_19": null, "P11_004_20": null, "P11_004_21": null, "P11_004_22": null, "P11_004_23": null, "P11_004_24": null, "P11_004_25": null, "P11_004_26": null, "P11_004_27": null, "P11_004_28": null, "P11_004_29": null, "P11_004_30": null, "P11_004_31": null, "P11_004_32": null, "P11_004_33": null, "P11_004_34": null, "P11_004_35": null, "P11_005": null, "index_right": 880 }, "geometry": { "type": "Point", "coordinates": [ 139.411870398335083, 35.347356812990348 ] } },
{ "type": "Feature", "properties": { "P11_001": "六図", "P11_002": "神奈川中央交通（株）", "P11_003_01": "辻07", "P11_003_02": null, "P11_003_03": null, "P11_003_04": null, "P11_003_05": null, "P11_003_06": null, "P11_003_07": null, "P11_003_08": null, "P11_003_09": null, "P11_003_10": null, "P11_003_11": null, "P11_003_12": null, "P11_003_13": null, "P11_003_14": null, "P11_003_15": null, "P11_003_16": null, "P11_003_17": null, "P11_003_18": null, "P11_003_19": null, "P11_003_20": null, "P11_003_21": null, "P11_003_22": null, "P11_003_23": null, "P11_003_24": null, "P11_003_25": null, "P11_003_26": null, "P11_003_27": null, "P11_003_28": null, "P11_003_29": null, "P11_003_30": null, "P11_003_31": null, "P11_003_32": null, "P11_003_33": null, "P11_003_34": null, "P11_003_35": null, "P11_004_01": "1", "P11_004_02": null, "P11_004_03": null, "P11_004_04": null, "P11_004_05": null, "P11_004_06": null, "P11_004_07": null, "P11_004_08": null, "P11_004_09": null, "P11_004_10": null, "P11_004_11": null, "P11_004_12": null, "P11_004_13": null, "P11_004_14": null, "P11_004_15": null, "P11_004_16": null, "P11_004_17": null, "P11_004_18": null, "P11_004_19": null, "P11_004_20": null, "P11_004_21": null, "P11_004_22": null, "P11_004_23": null, "P11_004_24": null, "P11_004_25": null, "P11_004_26": null, "P11_004_27": null, "P11_004_28": null, "P11_004_29": null, "P11_004_30": null, "P11_004_31": null, "P11_004_32": null, "P11_004_33": null, "P11_004_34": null, "P11_004_35": null, "P11_005": null, "index_right": 880 }, "geometry": { "type": "Point", "coordinates": [ 139.43977417397727, 35.347331639377671 ] } },
{ "type": "Feature", "properties": { "P11_001": "番場", "P11_002": "神奈川中央交通（株）", "P11_003_01": "茅41,茅45", "P11_003_02": null, "P11_003_03": null, "P11_003_04": null, "P11_003_05": null, "P11_003_06": null, "P11_003_07": null, "P11_003_08": null, "P11_003_09": null, "P11_003_10": null, "P11_003_11": null, "P11_003_12": null, "P11_003_13": null, "P11_003_14": null, "P11_003_15": null, "P11_003_16": null, "P11_003_17": null, "P11_003_18": null, "P11_003_19": null, "P11_003_20": null, "P11_003_21": null, "P11_003_22": null, "P11_003_23": null, "P11_003_24": null, "P11_003_25": null, "P11_003_26": null, "P11_003_27": null, "P11_003_28": null, "P11_003_29": null, "P11_003_30": null, "P11_003_31": null, "P11_003_32": null, "P11_003_33": null, "P11_003_34": null, "P11_003_35": null, "P11_004_01": "1,1", "P11_004_02": null, "P11_004_03": null, "P11_004_04": null, "P11_004_05": null, "P11_004_06": null, "P11_004_07": null, "P11_004_08": null, "P11_004_09": null, "P11_004_10": null, "P11_004_11": null, "P11_004_12": null, "P11_004_13": null, "P11_004_14": null, "P11_004_15": null, "P11_004_16": null, "P11_004_17": null, "P11_004_18": null, "P11_004_19": null, "P11_004_20": null, "P11_004_21": null, "P11_004_22": null, "P11_004_23": null, "P11_004_24": null, "P11_004_25": null, "P11_004_26": null, "P11_004_27": null, "P11_004_28": null, "P11_004_29": null, "P11_004_30": null, "P11_004_31": null, "P11_004_32": null, "P11_004_33": null, "P11_004_34": null, "P11_004_35": null, "P11_005": null, "index_right": 880 }, "geometry": { "type": "Point", "coordinates": [ 139.383930719929253, 35.347270833254662 ] } },
{ "type": "Feature", "properties": { "P11_001": "松林ケアセンター前", "P11_002": "神奈川中央交通（株）", "P11_003_01": "辻07", "P11_003_02": null, "P11_003_03": null, "P11_003_04": null, "P11_003_05": null, "P11_003_06": null, "P11_003_07": null, "P11_003_08": null, "P11_003_09": null, "P11_003_10": null, "P11_003_11": null, "P11_003_12": null, "P11_003_13": null, "P11_003_14": null, "P11_003_15": null, "P11_003_16": null, "P11_003_17": null, "P11_003_18": null, "P11_003_19": null, "P11_003_20": null, "P11_003_21": null, "P11_003_22": null, "P11_003_23": null, "P11_003_24": null, "P11_003_25": null, "P11_003_26": null, "P11_003_27": null, "P11_003_28": null, "P11_003_29": null, "P11_003_30": null, "P11_003_31": null, "P11_003_32": null, "P11_003_33": null, "P11_003_34": null, "P11_003_35": null, "P11_004_01": "1", "P11_004_02": null, "P11_004_03": null, "P11_004_04": null, "P11_004_05": null, "P11_004_06": null, "P11_004_07": null, "P11_004_08": null, "P11_004_09": null, "P11_004_10": null, "P11_004_11": null, "P11_004_12": null, "P11_004_13": null, "P11_004_14": null, "P11_004_15": null, "P11_004_16": null, "P11_004_17": null, "P11_004_18": null, "P11_004_19": null, "P11_004_20": null, "P11_004_21": null, "P11_004_22": null, "P11_004_23": null, "P11_004_24": null, "P11_004_25": null, "P11_004_26": null, "P11_004_27": null, "P11_004_28": null, "P11_004_29": null, "P11_004_30": null, "P11_004_31": null, "P11_004_32": null, "P11_004_33": null, "P11_004_34": null, "P11_004_35": null, "P11_005": null, "index_right": 880 }, "geometry": { "type": "Point", "coordinates": [ 139.428776796113652, 35.347023493343514 ] } },
{ "type": "Feature", "properties": { "P11_001": "菱沼一丁目", "P11_002": "神奈川中央交通（株）", "P11_003_01": "辻07", "P11_003_02": null, "P11_003_03": null, "P11_003_04": null, "P11_003_05": null, "P11_003_06": null, "P11_003_07": null, "P11_003_08": null, "P11_003_09": null, "P11_003_10": null, "P11_003_11": null, "P11_003_12": null, "P11_003_13": null, "P11_003_14": null, "P11_003_15": null, "P11_003_16": null, "P11_003_17": null, "P11_003_18": null, "P11_003_19": null, "P11_003_20": null, "P11_003_21": null, "P11_003_22": null, "P11_003_23": null, "P11_003_24": null, "P11_003_25": null, "P11_003_26": null, "P11_003_27": null, "P11_003_28": null, "P11_003_29": null, "P11_003_30": null, "P11_003_31": null, "P11_003_32": null, "P11_003_33": null, "P11_003_34": null, "P11_003_35": null, "P11_004_01": "1", "P11_004_02": null, "P11_004_03": null, "P11_004_04": null, "P11_004_05": null, "P11_004_06": null, "P11_004_07": null, "P11_004_08": null, "P11_004_09": null, "P11_004_10": null, "P11_004_11": null, "P11_004_12": null, "P11_004_13": null, "P11_004_14": null, "P11_004_15": null, "P11_004_16": null, "P11_004_17": null, "P11_004_18": null, "P11_004_19": null, "P11_004_20": null, "P11_004_21": null, "P11_004_22": null, "P11_004_23": null, "P11_004_24": null, "P11_004_25": null, "P11_004_26": null, "P11_004_27": null, "P11_004_28": null, "P11_004_29": null, "P11_004_30": null, "P11_004_31": null, "P11_004_32": null, "P11_004_33": null, "P11_004_34": null, "P11_004_35": null, "P11_005": null, "index_right": 880 }, "geometry": { "type": "Point", "coordinates": [ 139.432017944658895, 35.346869025975451 ] } },
{ "type": "Feature", "properties": { "P11_001": "萩園橋", "P11_002": "神奈川中央交通（株）", "P11_003_01": "鶴嶺循環市立病院線【鶴嶺北コース】", "P11_003_02": null, "P11_003_03": null, "P11_003_04": null, "P11_003_05": null, "P11_003_06": null, "P11_003_07": null, "P11_003_08": null, "P11_003_09": null, "P11_003_10": null, "P11_003_11": null, "P11_003_12": null, "P11_003_13": null, "P11_003_14": null, "P11_003_15": null, "P11_003_16": null, "P11_003_17": null, "P11_003_18": null, "P11_003_19": null, "P11_003_20": null, "P11_003_21": null, "P11_003_22": null, "P11_003_23": null, "P11_003_24": null, "P11_003_25": null, "P11_003_26": null, "P11_003_27": null, "P11_003_28": null, "P11_003_29": null, "P11_003_30": null, "P11_003_31": null, "P11_003_32": null, "P11_003_33": null, "P11_003_34": null, "P11_003_35": null, "P11_004_01": "1", "P11_004_02": null, "P11_004_03": null, "P11_004_04": null, "P11_004_05": null, "P11_004_06": null, "P11_004_07": null, "P11_004_08": null, "P11_004_09": null, "P11_004_10": null, "P11_004_11": null, "P11_004_12": null, "P11_004_13": null, "P11_004_14": null, "P11_004_15": null, "P11_004_16": null, "P11_004_17": null, "P11_004_18": null, "P11_004_19": null, "P11_004_20": null, "P11_004_21": null, "P11_004_22": null, "P11_004_23": null, "P11_004_24": null, "P11_004_25": null, "P11_004_26": null, "P11_004_27": null, "P11_004_28": null, "P11_004_29": null, "P11_004_30": null, "P11_004_31": null, "P11_004_32": null, "P11_004_33": null, "P11_004_34": null, "P11_004_35": null, "P11_005": null, "index_right": 880 }, "geometry": { "type": "Point", "coordinates": [ 139.385541170780897, 35.346846482094577 ] } },
{ "type": "Feature", "properties": { "P11_001": "西の谷", "P11_002": "神奈川中央交通（株）", "P11_003_01": "茅52,茅53,茅54", "P11_003_02": null, "P11_003_03": null, "P11_003_04": null, "P11_003_05": null, "P11_003_06": null, "P11_003_07": null, "P11_003_08": null, "P11_003_09": null, "P11_003_10": null, "P11_003_11": null, "P11_003_12": null, "P11_003_13": null, "P11_003_14": null, "P11_003_15": null, "P11_003_16": null, "P11_003_17": null, "P11_003_18": null, "P11_003_19": null, "P11_003_20": null, "P11_003_21": null, "P11_003_22": null, "P11_003_23": null, "P11_003_24": null, "P11_003_25": null, "P11_003_26": null, "P11_003_27": null, "P11_003_28": null, "P11_003_29": null, "P11_003_30": null, "P11_003_31": null, "P11_003_32": null, "P11_003_33": null, "P11_003_34": null, "P11_003_35": null, "P11_004_01": "1,1,1", "P11_004_02": null, "P11_004_03": null, "P11_004_04": null, "P11_004_05": null, "P11_004_06": null, "P11_004_07": null, "P11_004_08": null, "P11_004_09": null, "P11_004_10": null, "P11_004_11": null, "P11_004_12": null, "P11_004_13": null, "P11_004_14": null, "P11_004_15": null, "P11_004_16": null, "P11_004_17": null, "P11_004_18": null, "P11_004_19": null, "P11_004_20": null, "P11_004_21": null, "P11_004_22": null, "P11_004_23": null, "P11_004_24": null, "P11_004_25": null, "P11_004_26": null, "P11_004_27": null, "P11_004_28": null, "P11_004_29": null, "P11_004_30": null, "P11_004_31": null, "P11_004_32": null, "P11_004_33": null, "P11_004_34": null, "P11_004_35": null, "P11_005": null, "index_right": 880 }, "geometry": { "type": "Point", "coordinates": [ 139.379507998617186, 35.346402832419429 ] } },
{ "type": "Feature", "properties": { "P11_001": "徳洲会老人保健施設浜之郷前", "P11_002": "神奈川中央交通（株）", "P11_003_01": "鶴嶺循環市立病院線【鶴嶺北コース】", "P11_003_02": null, "P11_003_03": null, "P11_003_04": null, "P11_003_05": null, "P11_003_06": null, "P11_003_07": null, "P11_003_08": null, "P11_003_09": null, "P11_003_10": null, "P11_003_11": null, "P11_003_12": null, "P11_003_13": null, "P11_003_14": null, "P11_003_15": null, "P11_003_16": null, "P11_003_17": null, "P11_003_18": null, "P11_003_19": null, "P11_003_20": null, "P11_003_21": null, "P11_003_22": null, "P11_003_23": null, "P11_003_24": null, "P11_003_25": null, "P11_003_26": null, "P11_003_27": null, "P11_003_28": null, "P11_003_29": null, "P11_003_30": null, "P11_003_31": null, "P11_003_32": null, "P11_003_33": null, "P11_003_34": null, "P11_003_35": null, "P11_004_01": "1", "P11_004_02": null, "P11_004_03": null, "P11_004_04": null, "P11_004_05": null, "P11_004_06": null, "P11_004_07": null, "P11_004_08": null, "P11_004_09": null, "P11_004_10": null, "P11_004_11": null, "P11_004_12": null, "P11_004_13": null, "P11_004_14": null, "P11_004_15": null, "P11_004_16": null, "P11_004_17": null, "P11_004_18": null, "P11_004_19": null, "P11_004_20": null, "P11_004_21": null, "P11_004_22": null, "P11_004_23": null, "P11_004_24": null, "P11_004_25": null, "P11_004_26": null, "P11_004_27": null, "P11_004_28": null, "P11_004_29": null, "P11_004_30": null, "P11_004_31": null, "P11_004_32": null, "P11_004_33": null, "P11_004_34": null, "P11_004_35": null, "P11_005": null, "index_right": 880 }, "geometry": { "type": "Point", "coordinates": [ 139.388490798862819, 35.345821987761198 ] } },
{ "type": "Feature", "properties": { "P11_001": "鶴が台入口", "P11_002": "神奈川中央交通（株）", "P11_003_01": "湘11,茅03,茅50,茅15,茅17,茅19,茅81,茅82,北部循環市立病院線", "P11_003_02": null, "P11_003_03": null, "P11_003_04": null, "P11_003_05": null, "P11_003_06": null, "P11_003_07": null, "P11_003_08": null, "P11_003_09": null, "P11_003_10": null, "P11_003_11": null, "P11_003_12": null, "P11_003_13": null, "P11_003_14": null, "P11_003_15": null, "P11_003_16": null, "P11_003_17": null, "P11_003_18": null, "P11_003_19": null, "P11_003_20": null, "P11_003_21": null, "P11_003_22": null, "P11_003_23": null, "P11_003_24": null, "P11_003_25": null, "P11_003_26": null, "P11_003_27": null, "P11_003_28": null, "P11_003_29": null, "P11_003_30": null, "P11_003_31": null, "P11_003_32": null, "P11_003_33": null, "P11_003_34": null, "P11_003_35": null, "P11_004_01": "1,1,1,1,1,1,1,1,1", "P11_004_02": null, "P11_004_03": null, "P11_004_04": null, "P11_004_05": null, "P11_004_06": null, "P11_004_07": null, "P11_004_08": null, "P11_004_09": null, "P11_004_10": null, "P11_004_11": null, "P11_004_12": null, "P11_004_13": null, "P11_004_14": null, "P11_004_15": null, "P11_004_16": null, "P11_004_17": null, "P11_004_18": null, "P11_004_19": null, "P11_004_20": null, "P11_004_21": null, "P11_004_22": null, "P11_004_23": null, "P11_004_24": null, "P11_004_25": null, "P11_004_26": null, "P11_004_27": null, "P11_004_28": null, "P11_004_29": null, "P11_004_30": null, "P11_004_31": null, "P11_004_32": null, "P11_004_33": null, "P11_004_34": null, "P11_004_35": null, "P11_005": null, "index_right": 880 }, "geometry": { "type": "Point", "coordinates": [ 139.412915917368736, 35.345764920426568 ] } },
{ "type": "Feature", "properties": { "P11_001": "環境事業センター", "P11_002": "神奈川中央交通（株）", "P11_003_01": "鶴嶺循環市立病院線【鶴嶺南コース】", "P11_003_02": null, "P11_003_03": null, "P11_003_04": null, "P11_003_05": null, "P11_003_06": null, "P11_003_07": null, "P11_003_08": null, "P11_003_09": null, "P11_003_10": null, "P11_003_11": null, "P11_003_12": null, "P11_003_13": null, "P11_003_14": null, "P11_003_15": null, "P11_003_16": null, "P11_003_17": null, "P11_003_18": null, "P11_003_19": null, "P11_003_20": null, "P11_003_21": null, "P11_003_22": null, "P11_003_23": null, "P11_003_24": null, "P11_003_25": null, "P11_003_26": null, "P11_003_27": null, "P11_003_28": null, "P11_003_29": null, "P11_003_30": null, "P11_003_31": null, "P11_003_32": null, "P11_003_33": null, "P11_003_34": null, "P11_003_35": null, "P11_004_01": "1", "P11_004_02": null, "P11_004_03": null, "P11_004_04": null, "P11_004_05": null, "P11_004_06": null, "P11_004_07": null, "P11_004_08": null, "P11_004_09": null, "P11_004_10": null, "P11_004_11": null, "P11_004_12": null, "P11_004_13": null, "P11_004_14": null, "P11_004_15": null, "P11_004_16": null, "P11_004_17": null, "P11_004_18": null, "P11_004_19": null, "P11_004_20": null, "P11_004_21": null, "P11_004_22": null, "P11_004_23": null, "P11_004_24": null, "P11_004_25": null, "P11_004_26": null, "P11_004_27": null, "P11_004_28": null, "P11_004_29": null, "P11_004_30": null, "P11_004_31": null, "P11_004_32": null, "P11_004_33": null, "P11_004_34": null, "P11_004_35": null, "P11_005": null, "index_right": 880 }, "geometry": { "type": "Point", "coordinates": [ 139.376599520642344, 35.345606496480933 ] } },
{ "type": "Feature", "properties": { "P11_001": "浜之郷小学校・コミュニティセンター前", "P11_002": "神奈川中央交通（株）", "P11_003_01": "鶴嶺循環市立病院線【鶴嶺北コース】", "P11_003_02": null, "P11_003_03": null, "P11_003_04": null, "P11_003_05": null, "P11_003_06": null, "P11_003_07": null, "P11_003_08": null, "P11_003_09": null, "P11_003_10": null, "P11_003_11": null, "P11_003_12": null, "P11_003_13": null, "P11_003_14": null, "P11_003_15": null, "P11_003_16": null, "P11_003_17": null, "P11_003_18": null, "P11_003_19": null, "P11_003_20": null, "P11_003_21": null, "P11_003_22": null, "P11_003_23": null, "P11_003_24": null, "P11_003_25": null, "P11_003_26": null, "P11_003_27": null, "P11_003_28": null, "P11_003_29": null, "P11_003_30": null, "P11_003_31": null, "P11_003_32": null, "P11_003_33": null, "P11_003_34": null, "P11_003_35": null, "P11_004_01": "1", "P11_004_02": null, "P11_004_03": null, "P11_004_04": null, "P11_004_05": null, "P11_004_06": null, "P11_004_07": null, "P11_004_08": null, "P11_004_09": null, "P11_004_10": null, "P11_004_11": null, "P11_004_12": null, "P11_004_13": null, "P11_004_14": null, "P11_004_15": null, "P11_004_16": null, "P11_004_17": null, "P11_004_18": null, "P11_004_19": null, "P11_004_20": null, "P11_004_21": null, "P11_004_22": null, "P11_004_23": null, "P11_004_24": null, "P11_004_25": null, "P11_004_26": null, "P11_004_27": null, "P11_004_28": null, "P11_004_29": null, "P11_004_30": null, "P11_004_31": null, "P11_004_32": null, "P11_004_33": null, "P11_004_34": null, "P11_004_35": null, "P11_005": null, "index_right": 880 }, "geometry": { "type": "Point", "coordinates": [ 139.390404362798193, 35.345124371775086 ] } },
{ "type": "Feature", "properties": { "P11_001": "室田小学校入口", "P11_002": "神奈川中央交通（株）", "P11_003_01": "茅14,茅16,辻09,藤21", "P11_003_02": null, "P11_003_03": null, "P11_003_04": null, "P11_003_05": null, "P11_003_06": null, "P11_003_07": null, "P11_003_08": null, "P11_003_09": null, "P11_003_10": null, "P11_003_11": null, "P11_003_12": null, "P11_003_13": null, "P11_003_14": null, "P11_003_15": null, "P11_003_16": null, "P11_003_17": null, "P11_003_18": null, "P11_003_19": null, "P11_003_20": null, "P11_003_21": null, "P11_003_22": null, "P11_003_23": null, "P11_003_24": null, "P11_003_25": null, "P11_003_26": null, "P11_003_27": null, "P11_003_28": null, "P11_003_29": null, "P11_003_30": null, "P11_003_31": null, "P11_003_32": null, "P11_003_33": null, "P11_003_34": null, "P11_003_35": null, "P11_004_01": "1,1,1,1", "P11_004_02": null, "P11_004_03": null, "P11_004_04": null, "P11_004_05": null, "P11_004_06": null, "P11_004_07": null, "P11_004_08": null, "P11_004_09": null, "P11_004_10": null, "P11_004_11": null, "P11_004_12": null, "P11_004_13": null, "P11_004_14": null, "P11_004_15": null, "P11_004_16": null, "P11_004_17": null, "P11_004_18": null, "P11_004_19": null, "P11_004_20": null, "P11_004_21": null, "P11_004_22": null, "P11_004_23": null, "P11_004_24": null, "P11_004_25": null, "P11_004_26": null, "P11_004_27": null, "P11_004_28": null, "P11_004_29": null, "P11_004_30": null, "P11_004_31": null, "P11_004_32": null, "P11_004_33": null, "P11_004_34": null, "P11_004_35": null, "P11_005": null, "index_right": 880 }, "geometry": { "type": "Point", "coordinates": [ 139.42112061188007, 35.345006785938367 ] } },
{ "type": "Feature", "properties": { "P11_001": "室田", "P11_002": "神奈川中央交通（株）", "P11_003_01": "茅14,茅16,辻09,藤21", "P11_003_02": null, "P11_003_03": null, "P11_003_04": null, "P11_003_05": null, "P11_003_06": null, "P11_003_07": null, "P11_003_08": null, "P11_003_09": null, "P11_003_10": null, "P11_003_11": null, "P11_003_12": null, "P11_003_13": null, "P11_003_14": null, "P11_003_15": null, "P11_003_16": null, "P11_003_17": null, "P11_003_18": null, "P11_003_19": null, "P11_003_20": null, "P11_003_21": null, "P11_003_22": null, "P11_003_23": null, "P11_003_24": null, "P11_003_25": null, "P11_003_26": null, "P11_003_27": null, "P11_003_28": null, "P11_003_29": null, "P11_003_30": null, "P11_003_31": null, "P11_003_32": null, "P11_003_33": null, "P11_003_34": null, "P11_003_35": null, "P11_004_01": "1,1,1,1", "P11_004_02": null, "P11_004_03": null, "P11_004_04": null, "P11_004_05": null, "P11_004_06": null, "P11_004_07": null, "P11_004_08": null, "P11_004_09": null, "P11_004_10": null, "P11_004_11": null, "P11_004_12": null, "P11_004_13": null, "P11_004_14": null, "P11_004_15": null, "P11_004_16": null, "P11_004_17": null, "P11_004_18": null, "P11_004_19": null, "P11_004_20": null, "P11_004_21": null, "P11_004_22": null, "P11_004_23": null, "P11_004_24": null, "P11_004_25": null, "P11_004_26": null, "P11_004_27": null, "P11_004_28": null, "P11_004_29": null, "P11_004_30": null, "P11_004_31": null, "P11_004_32": null, "P11_004_33": null, "P11_004_34": null, "P11_004_35": null, "P11_005": null, "index_right": 880 }, "geometry": { "type": "Point", "coordinates": [ 139.419120615774261, 35.344923029889038 ] } },
{ "type": "Feature", "properties": { "P11_001": "萩園", "P11_002": "神奈川中央交通（株）", "P11_003_01": "茅41,茅45", "P11_003_02": null, "P11_003_03": null, "P11_003_04": null, "P11_003_05": null, "P11_003_06": null, "P11_003_07": null, "P11_003_08": null, "P11_003_09": null, "P11_003_10": null, "P11_003_11": null, "P11_003_12": null, "P11_003_13": null, "P11_003_14": null, "P11_003_15": null, "P11_003_16": null, "P11_003_17": null, "P11_003_18": null, "P11_003_19": null, "P11_003_20": null, "P11_003_21": null, "P11_003_22": null, "P11_003_23": null, "P11_003_24": null, "P11_003_25": null, "P11_003_26": null, "P11_003_27": null, "P11_003_28": null, "P11_003_29": null, "P11_003_30": null, "P11_003_31": null, "P11_003_32": null, "P11_003_33": null, "P11_003_34": null, "P11_003_35": null, "P11_004_01": "1,1", "P11_004_02": null, "P11_004_03": null, "P11_004_04": null, "P11_004_05": null, "P11_004_06": null, "P11_004_07": null, "P11_004_08": null, "P11_004_09": null, "P11_004_10": null, "P11_004_11": null, "P11_004_12": null, "P11_004_13": null, "P11_004_14": null, "P11_004_15": null, "P11_004_16": null, "P11_004_17": null, "P11_004_18": null, "P11_004_19": null, "P11_004_20": null, "P11_004_21": null, "P11_004_22": null, "P11_004_23": null, "P11_004_24": null, "P11_004_25": null, "P11_004_26": null, "P11_004_27": null, "P11_004_28": null, "P11_004_29": null, "P11_004_30": null, "P11_004_31": null, "P11_004_32": null, "P11_004_33": null, "P11_004_34": null, "P11_004_35": null, "P11_005": null, "index_right": 880 }, "geometry": { "type": "Point", "coordinates": [ 139.382268566987989, 35.344855828682377 ] } },
{ "type": "Feature", "properties": { "P11_001": "円蔵下町", "P11_002": "神奈川中央交通（株）", "P11_003_01": "鶴嶺循環市立病院線【鶴嶺北コース】", "P11_003_02": null, "P11_003_03": null, "P11_003_04": null, "P11_003_05": null, "P11_003_06": null, "P11_003_07": null, "P11_003_08": null, "P11_003_09": null, "P11_003_10": null, "P11_003_11": null, "P11_003_12": null, "P11_003_13": null, "P11_003_14": null, "P11_003_15": null, "P11_003_16": null, "P11_003_17": null, "P11_003_18": null, "P11_003_19": null, "P11_003_20": null, "P11_003_21": null, "P11_003_22": null, "P11_003_23": null, "P11_003_24": null, "P11_003_25": null, "P11_003_26": null, "P11_003_27": null, "P11_003_28": null, "P11_003_29": null, "P11_003_30": null, "P11_003_31": null, "P11_003_32": null, "P11_003_33": null, "P11_003_34": null, "P11_003_35": null, "P11_004_01": "1", "P11_004_02": null, "P11_004_03": null, "P11_004_04": null, "P11_004_05": null, "P11_004_06": null, "P11_004_07": null, "P11_004_08": null, "P11_004_09": null, "P11_004_10": null, "P11_004_11": null, "P11_004_12": null, "P11_004_13": null, "P11_004_14": null, "P11_004_15": null, "P11_004_16": null, "P11_004_17": null, "P11_004_18": null, "P11_004_19": null, "P11_004_20": null, "P11_004_21": null, "P11_004_22": null, "P11_004_23": null, "P11_004_24": null, "P11_004_25": null, "P11_004_26": null, "P11_004_27": null, "P11_004_28": null, "P11_004_29": null, "P11_004_30": null, "P11_004_31": null, "P11_004_32": null, "P11_004_33": null, "P11_004_34": null, "P11_004_35": null, "P11_005": null, "index_right": 880 }, "geometry": { "type": "Point", "coordinates": [ 139.396779405188965, 35.344579146889636 ] } },
{ "type": "Feature", "properties": { "P11_001": "西久保保育園・つるみね老人ホーム前", "P11_002": "神奈川中央交通（株）", "P11_003_01": "鶴嶺循環市立病院線【鶴嶺北コース】", "P11_003_02": null, "P11_003_03": null, "P11_003_04": null, "P11_003_05": null, "P11_003_06": null, "P11_003_07": null, "P11_003_08": null, "P11_003_09": null, "P11_003_10": null, "P11_003_11": null, "P11_003_12": null, "P11_003_13": null, "P11_003_14": null, "P11_003_15": null, "P11_003_16": null, "P11_003_17": null, "P11_003_18": null, "P11_003_19": null, "P11_003_20": null, "P11_003_21": null, "P11_003_22": null, "P11_003_23": null, "P11_003_24": null, "P11_003_25": null, "P11_003_26": null, "P11_003_27": null, "P11_003_28": null, "P11_003_29": null, "P11_003_30": null, "P11_003_31": null, "P11_003_32": null, "P11_003_33": null, "P11_003_34": null, "P11_003_35": null, "P11_004_01": "1", "P11_004_02": null, "P11_004_03": null, "P11_004_04": null, "P11_004_05": null, "P11_004_06": null, "P11_004_07": null, "P11_004_08": null, "P11_004_09": null, "P11_004_10": null, "P11_004_11": null, "P11_004_12": null, "P11_004_13": null, "P11_004_14": null, "P11_004_15": null, "P11_004_16": null, "P11_004_17": null, "P11_004_18": null, "P11_004_19": null, "P11_004_20": null, "P11_004_21": null, "P11_004_22": null, "P11_004_23": null, "P11_004_24": null, "P11_004_25": null, "P11_004_26": null, "P11_004_27": null, "P11_004_28": null, "P11_004_29": null, "P11_004_30": null, "P11_004_31": null, "P11_004_32": null, "P11_004_33": null, "P11_004_34": null, "P11_004_35": null, "P11_005": null, "index_right": 880 }, "geometry": { "type": "Point", "coordinates": [ 139.392393299519455, 35.344495947642216 ] } },
{ "type": "Feature", "properties": { "P11_001": "円蔵", "P11_002": "神奈川中央交通（株）", "P11_003_01": "茅25,茅26,鶴嶺循環市立病院線【鶴嶺北コース】", "P11_003_02": null, "P11_003_03": null, "P11_003_04": null, "P11_003_05": null, "P11_003_06": null, "P11_003_07": null, "P11_003_08": null, "P11_003_09": null, "P11_003_10": null, "P11_003_11": null, "P11_003_12": null, "P11_003_13": null, "P11_003_14": null, "P11_003_15": null, "P11_003_16": null, "P11_003_17": null, "P11_003_18": null, "P11_003_19": null, "P11_003_20": null, "P11_003_21": null, "P11_003_22": null, "P11_003_23": null, "P11_003_24": null, "P11_003_25": null, "P11_003_26": null, "P11_003_27": null, "P11_003_28": null, "P11_003_29": null, "P11_003_30": null, "P11_003_31": null, "P11_003_32": null, "P11_003_33": null, "P11_003_34": null, "P11_003_35": null, "P11_004_01": "1,1,1", "P11_004_02": null, "P11_004_03": null, "P11_004_04": null, "P11_004_05": null, "P11_004_06": null, "P11_004_07": null, "P11_004_08": null, "P11_004_09": null, "P11_004_10": null, "P11_004_11": null, "P11_004_12": null, "P11_004_13": null, "P11_004_14": null, "P11_004_15": null, "P11_004_16": null, "P11_004_17": null, "P11_004_18": null, "P11_004_19": null, "P11_004_20": null, "P11_004_21": null, "P11_004_22": null, "P11_004_23": null, "P11_004_24": null, "P11_004_25": null, "P11_004_26": null, "P11_004_27": null, "P11_004_28": null, "P11_004_29": null, "P11_004_30": null, "P11_004_31": null, "P11_004_32": null, "P11_004_33": null, "P11_004_34": null, "P11_004_35": null, "P11_005": null, "index_right": 880 }, "geometry": { "type": "Point", "coordinates": [ 139.398063601421626, 35.344023765095983 ] } },
{ "type": "Feature", "properties": { "P11_001": "陽ざし野", "P11_002": "神奈川中央交通（株）", "P11_003_01": "鶴嶺循環市立病院線【鶴嶺北コース】", "P11_003_02": null, "P11_003_03": null, "P11_003_04": null, "P11_003_05": null, "P11_003_06": null, "P11_003_07": null, "P11_003_08": null, "P11_003_09": null, "P11_003_10": null, "P11_003_11": null, "P11_003_12": null, "P11_003_13": null, "P11_003_14": null, "P11_003_15": null, "P11_003_16": null, "P11_003_17": null, "P11_003_18": null, "P11_003_19": null, "P11_003_20": null, "P11_003_21": null, "P11_003_22": null, "P11_003_23": null, "P11_003_24": null, "P11_003_25": null, "P11_003_26": null, "P11_003_27": null, "P11_003_28": null, "P11_003_29": null, "P11_003_30": null, "P11_003_31": null, "P11_003_32": null, "P11_003_33": null, "P11_003_34": null, "P11_003_35": null, "P11_004_01": "1", "P11_004_02": null, "P11_004_03": null, "P11_004_04": null, "P11_004_05": null, "P11_004_06": null, "P11_004_07": null, "P11_004_08": null, "P11_004_09": null, "P11_004_10": null, "P11_004_11": null, "P11_004_12": null, "P11_004_13": null, "P11_004_14": null, "P11_004_15": null, "P11_004_16": null, "P11_004_17": null, "P11_004_18": null, "P11_004_19": null, "P11_004_20": null, "P11_004_21": null, "P11_004_22": null, "P11_004_23": null, "P11_004_24": null, "P11_004_25": null, "P11_004_26": null, "P11_004_27": null, "P11_004_28": null, "P11_004_29": null, "P11_004_30": null, "P11_004_31": null, "P11_004_32": null, "P11_004_33": null, "P11_004_34": null, "P11_004_35": null, "P11_005": null, "index_right": 880 }, "geometry": { "type": "Point", "coordinates": [ 139.395563660064482, 35.343680944596038 ] } },
{ "type": "Feature", "properties": { "P11_001": "西久保南", "P11_002": "神奈川中央交通（株）", "P11_003_01": "鶴嶺循環市立病院線【鶴嶺北コース】", "P11_003_02": null, "P11_003_03": null, "P11_003_04": null, "P11_003_05": null, "P11_003_06": null, "P11_003_07": null, "P11_003_08": null, "P11_003_09": null, "P11_003_10": null, "P11_003_11": null, "P11_003_12": null, "P11_003_13": null, "P11_003_14": null, "P11_003_15": null, "P11_003_16": null, "P11_003_17": null, "P11_003_18": null, "P11_003_19": null, "P11_003_20": null, "P11_003_21": null, "P11_003_22": null, "P11_003_23": null, "P11_003_24": null, "P11_003_25": null, "P11_003_26": null, "P11_003_27": null, "P11_003_28": null, "P11_003_29": null, "P11_003_30": null, "P11_003_31": null, "P11_003_32": null, "P11_003_33": null, "P11_003_34": null, "P11_003_35": null, "P11_004_01": "1", "P11_004_02": null, "P11_004_03": null, "P11_004_04": null, "P11_004_05": null, "P11_004_06": null, "P11_004_07": null, "P11_004_08": null, "P11_004_09": null, "P11_004_10": null, "P11_004_11": null, "P11_004_12": null, "P11_004_13": null, "P11_004_14": null, "P11_004_15": null, "P11_004_16": null, "P11_004_17": null, "P11_004_18": null, "P11_004_19": null, "P11_004_20": null, "P11_004_21": null, "P11_004_22": null, "P11_004_23": null, "P11_004_24": null, "P11_004_25": null, "P11_004_26": null, "P11_004_27": null, "P11_004_28": null, "P11_004_29": null, "P11_004_30": null, "P11_004_31": null, "P11_004_32": null, "P11_004_33": null, "P11_004_34": null, "P11_004_35": null, "P11_005": null, "index_right": 880 }, "geometry": { "type": "Point", "coordinates": [ 139.394143401994569, 35.343560917665918 ] } },
{ "type": "Feature", "properties": { "P11_001": "萩園西", "P11_002": "神奈川中央交通（株）", "P11_003_01": "鶴嶺循環市立病院線【鶴嶺南コース】", "P11_003_02": null, "P11_003_03": null, "P11_003_04": null, "P11_003_05": null, "P11_003_06": null, "P11_003_07": null, "P11_003_08": null, "P11_003_09": null, "P11_003_10": null, "P11_003_11": null, "P11_003_12": null, "P11_003_13": null, "P11_003_14": null, "P11_003_15": null, "P11_003_16": null, "P11_003_17": null, "P11_003_18": null, "P11_003_19": null, "P11_003_20": null, "P11_003_21": null, "P11_003_22": null, "P11_003_23": null, "P11_003_24": null, "P11_003_25": null, "P11_003_26": null, "P11_003_27": null, "P11_003_28": null, "P11_003_29": null, "P11_003_30": null, "P11_003_31": null, "P11_003_32": null, "P11_003_33": null, "P11_003_34": null, "P11_003_35": null, "P11_004_01": "1", "P11_004_02": null, "P11_004_03": null, "P11_004_04": null, "P11_004_05": null, "P11_004_06": null, "P11_004_07": null, "P11_004_08": null, "P11_004_09": null, "P11_004_10": null, "P11_004_11": null, "P11_004_12": null, "P11_004_13": null, "P11_004_14": null, "P11_004_15": null, "P11_004_16": null, "P11_004_17": null, "P11_004_18": null, "P11_004_19": null, "P11_004_20": null, "P11_004_21": null, "P11_004_22": null, "P11_004_23": null, "P11_004_24": null, "P11_004_25": null, "P11_004_26": null, "P11_004_27": null, "P11_004_28": null, "P11_004_29": null, "P11_004_30": null, "P11_004_31": null, "P11_004_32": null, "P11_004_33": null, "P11_004_34": null, "P11_004_35": null, "P11_005": null, "index_right": 880 }, "geometry": { "type": "Point", "coordinates": [ 139.377099341109698, 35.343458279752937 ] } },
{ "type": "Feature", "properties": { "P11_001": "室田二丁目", "P11_002": "神奈川中央交通（株）", "P11_003_01": "茅14,茅16,東部循環市立病院線【小和田・松浪コース】", "P11_003_02": null, "P11_003_03": null, "P11_003_04": null, "P11_003_05": null, "P11_003_06": null, "P11_003_07": null, "P11_003_08": null, "P11_003_09": null, "P11_003_10": null, "P11_003_11": null, "P11_003_12": null, "P11_003_13": null, "P11_003_14": null, "P11_003_15": null, "P11_003_16": null, "P11_003_17": null, "P11_003_18": null, "P11_003_19": null, "P11_003_20": null, "P11_003_21": null, "P11_003_22": null, "P11_003_23": null, "P11_003_24": null, "P11_003_25": null, "P11_003_26": null, "P11_003_27": null, "P11_003_28": null, "P11_003_29": null, "P11_003_30": null, "P11_003_31": null, "P11_003_32": null, "P11_003_33": null, "P11_003_34": null, "P11_003_35": null, "P11_004_01": "1,1,1", "P11_004_02": null, "P11_004_03": null, "P11_004_04": null, "P11_004_05": null, "P11_004_06": null, "P11_004_07": null, "P11_004_08": null, "P11_004_09": null, "P11_004_10": null, "P11_004_11": null, "P11_004_12": null, "P11_004_13": null, "P11_004_14": null, "P11_004_15": null, "P11_004_16": null, "P11_004_17": null, "P11_004_18": null, "P11_004_19": null, "P11_004_20": null, "P11_004_21": null, "P11_004_22": null, "P11_004_23": null, "P11_004_24": null, "P11_004_25": null, "P11_004_26": null, "P11_004_27": null, "P11_004_28": null, "P11_004_29": null, "P11_004_30": null, "P11_004_31": null, "P11_004_32": null, "P11_004_33": null, "P11_004_34": null, "P11_004_35": null, "P11_005": null, "index_right": 880 }, "geometry": { "type": "Point", "coordinates": [ 139.420595663248918, 35.34326780593824 ] } },
{ "type": "Feature", "properties": { "P11_001": "走内", "P11_002": "神奈川中央交通（株）", "P11_003_01": "茅52,茅53,茅54", "P11_003_02": null, "P11_003_03": null, "P11_003_04": null, "P11_003_05": null, "P11_003_06": null, "P11_003_07": null, "P11_003_08": null, "P11_003_09": null, "P11_003_10": null, "P11_003_11": null, "P11_003_12": null, "P11_003_13": null, "P11_003_14": null, "P11_003_15": null, "P11_003_16": null, "P11_003_17": null, "P11_003_18": null, "P11_003_19": null, "P11_003_20": null, "P11_003_21": null, "P11_003_22": null, "P11_003_23": null, "P11_003_24": null, "P11_003_25": null, "P11_003_26": null, "P11_003_27": null, "P11_003_28": null, "P11_003_29": null, "P11_003_30": null, "P11_003_31": null, "P11_003_32": null, "P11_003_33": null, "P11_003_34": null, "P11_003_35": null, "P11_004_01": "1,1,1", "P11_004_02": null, "P11_004_03": null, "P11_004_04": null, "P11_004_05": null, "P11_004_06": null, "P11_004_07": null, "P11_004_08": null, "P11_004_09": null, "P11_004_10": null, "P11_004_11": null, "P11_004_12": null, "P11_004_13": null, "P11_004_14": null, "P11_004_15": null, "P11_004_16": null, "P11_004_17": null, "P11_004_18": null, "P11_004_19": null, "P11_004_20": null, "P11_004_21": null, "P11_004_22": null, "P11_004_23": null, "P11_004_24": null, "P11_004_25": null, "P11_004_26": null, "P11_004_27": null, "P11_004_28": null, "P11_004_29": null, "P11_004_30": null, "P11_004_31": null, "P11_004_32": null, "P11_004_33": null, "P11_004_34": null, "P11_004_35": null, "P11_005": null, "index_right": 880 }, "geometry": { "type": "Point", "coordinates": [ 139.379110722017259, 35.343236684560367 ] } },
{ "type": "Feature", "properties": { "P11_001": "ニュータウン入口", "P11_002": "神奈川中央交通（株）", "P11_003_01": "湘11,茅03,茅50,茅15,茅17,茅19,茅81,茅82,茅14,茅16,辻09,藤21,北部循環市立病院線", "P11_003_02": null, "P11_003_03": null, "P11_003_04": null, "P11_003_05": null, "P11_003_06": null, "P11_003_07": null, "P11_003_08": null, "P11_003_09": null, "P11_003_10": null, "P11_003_11": null, "P11_003_12": null, "P11_003_13": null, "P11_003_14": null, "P11_003_15": null, "P11_003_16": null, "P11_003_17": null, "P11_003_18": null, "P11_003_19": null, "P11_003_20": null, "P11_003_21": null, "P11_003_22": null, "P11_003_23": null, "P11_003_24": null, "P11_003_25": null, "P11_003_26": null, "P11_003_27": null, "P11_003_28": null, "P11_003_29": null, "P11_003_30": null, "P11_003_31": null, "P11_003_32": null, "P11_003_33": null, "P11_003_34": null, "P11_003_35": null, "P11_004_01": "1,1,1,1,1,1,1,1,1,1,1,1,1", "P11_004_02": null, "P11_004_03": null, "P11_004_04": null, "P11_004_05": null, "P11_004_06": null, "P11_004_07": null, "P11_004_08": null, "P11_004_09": null, "P11_004_10": null, "P11_004_11": null, "P11_004_12": null, "P11_004_13": null, "P11_004_14": null, "P11_004_15": null, "P11_004_16": null, "P11_004_17": null, "P11_004_18": null, "P11_004_19": null, "P11_004_20": null, "P11_004_21": null, "P11_004_22": null, "P11_004_23": null, "P11_004_24": null, "P11_004_25": null, "P11_004_26": null, "P11_004_27": null, "P11_004_28": null, "P11_004_29": null, "P11_004_30": null, "P11_004_31": null, "P11_004_32": null, "P11_004_33": null, "P11_004_34": null, "P11_004_35": null, "P11_005": null, "index_right": 880 }, "geometry": { "type": "Point", "coordinates": [ 139.412234534000675, 35.342941670837043 ] } },
{ "type": "Feature", "properties": { "P11_001": "小和田小学校", "P11_002": "神奈川中央交通（株）", "P11_003_01": "辻09,藤21", "P11_003_02": null, "P11_003_03": null, "P11_003_04": null, "P11_003_05": null, "P11_003_06": null, "P11_003_07": null, "P11_003_08": null, "P11_003_09": null, "P11_003_10": null, "P11_003_11": null, "P11_003_12": null, "P11_003_13": null, "P11_003_14": null, "P11_003_15": null, "P11_003_16": null, "P11_003_17": null, "P11_003_18": null, "P11_003_19": null, "P11_003_20": null, "P11_003_21": null, "P11_003_22": null, "P11_003_23": null, "P11_003_24": null, "P11_003_25": null, "P11_003_26": null, "P11_003_27": null, "P11_003_28": null, "P11_003_29": null, "P11_003_30": null, "P11_003_31": null, "P11_003_32": null, "P11_003_33": null, "P11_003_34": null, "P11_003_35": null, "P11_004_01": "1,1", "P11_004_02": null, "P11_004_03": null, "P11_004_04": null, "P11_004_05": null, "P11_004_06": null, "P11_004_07": null, "P11_004_08": null, "P11_004_09": null, "P11_004_10": null, "P11_004_11": null, "P11_004_12": null, "P11_004_13": null, "P11_004_14": null, "P11_004_15": null, "P11_004_16": null, "P11_004_17": null, "P11_004_18": null, "P11_004_19": null, "P11_004_20": null, "P11_004_21": null, "P11_004_22": null, "P11_004_23": null, "P11_004_24": null, "P11_004_25": null, "P11_004_26": null, "P11_004_27": null, "P11_004_28": null, "P11_004_29": null, "P11_004_30": null, "P11_004_31": null, "P11_004_32": null, "P11_004_33": null, "P11_004_34": null, "P11_004_35": null, "P11_005": null, "index_right": 880 }, "geometry": { "type": "Point", "coordinates": [ 139.43712035639868, 35.342841136535377 ] } },
{ "type": "Feature", "properties": { "P11_001": "室田一丁目", "P11_002": "神奈川中央交通（株）", "P11_003_01": "茅14,茅16,辻09,藤21", "P11_003_02": null, "P11_003_03": null, "P11_003_04": null, "P11_003_05": null, "P11_003_06": null, "P11_003_07": null, "P11_003_08": null, "P11_003_09": null, "P11_003_10": null, "P11_003_11": null, "P11_003_12": null, "P11_003_13": null, "P11_003_14": null, "P11_003_15": null, "P11_003_16": null, "P11_003_17": null, "P11_003_18": null, "P11_003_19": null, "P11_003_20": null, "P11_003_21": null, "P11_003_22": null, "P11_003_23": null, "P11_003_24": null, "P11_003_25": null, "P11_003_26": null, "P11_003_27": null, "P11_003_28": null, "P11_003_29": null, "P11_003_30": null, "P11_003_31": null, "P11_003_32": null, "P11_003_33": null, "P11_003_34": null, "P11_003_35": null, "P11_004_01": "1,1,1,1", "P11_004_02": null, "P11_004_03": null, "P11_004_04": null, "P11_004_05": null, "P11_004_06": null, "P11_004_07": null, "P11_004_08": null, "P11_004_09": null, "P11_004_10": null, "P11_004_11": null, "P11_004_12": null, "P11_004_13": null, "P11_004_14": null, "P11_004_15": null, "P11_004_16": null, "P11_004_17": null, "P11_004_18": null, "P11_004_19": null, "P11_004_20": null, "P11_004_21": null, "P11_004_22": null, "P11_004_23": null, "P11_004_24": null, "P11_004_25": null, "P11_004_26": null, "P11_004_27": null, "P11_004_28": null, "P11_004_29": null, "P11_004_30": null, "P11_004_31": null, "P11_004_32": null, "P11_004_33": null, "P11_004_34": null, "P11_004_35": null, "P11_005": null, "index_right": 880 }, "geometry": { "type": "Point", "coordinates": [ 139.421915961194173, 35.34276602419601 ] } },
{ "type": "Feature", "properties": { "P11_001": "高田三丁目", "P11_002": "神奈川中央交通（株）", "P11_003_01": "茅14,茅16,辻09,藤21,東部循環市立病院線【小和田・松浪コース】", "P11_003_02": null, "P11_003_03": null, "P11_003_04": null, "P11_003_05": null, "P11_003_06": null, "P11_003_07": null, "P11_003_08": null, "P11_003_09": null, "P11_003_10": null, "P11_003_11": null, "P11_003_12": null, "P11_003_13": null, "P11_003_14": null, "P11_003_15": null, "P11_003_16": null, "P11_003_17": null, "P11_003_18": null, "P11_003_19": null, "P11_003_20": null, "P11_003_21": null, "P11_003_22": null, "P11_003_23": null, "P11_003_24": null, "P11_003_25": null, "P11_003_26": null, "P11_003_27": null, "P11_003_28": null, "P11_003_29": null, "P11_003_30": null, "P11_003_31": null, "P11_003_32": null, "P11_003_33": null, "P11_003_34": null, "P11_003_35": null, "P11_004_01": "1,1,1,1,1", "P11_004_02": null, "P11_004_03": null, "P11_004_04": null, "P11_004_05": null, "P11_004_06": null, "P11_004_07": null, "P11_004_08": null, "P11_004_09": null, "P11_004_10": null, "P11_004_11": null, "P11_004_12": null, "P11_004_13": null, "P11_004_14": null, "P11_004_15": null, "P11_004_16": null, "P11_004_17": null, "P11_004_18": null, "P11_004_19": null, "P11_004_20": null, "P11_004_21": null, "P11_004_22": null, "P11_004_23": null, "P11_004_24": null, "P11_004_25": null, "P11_004_26": null, "P11_004_27": null, "P11_004_28": null, "P11_004_29": null, "P11_004_30": null, "P11_004_31": null, "P11_004_32": null, "P11_004_33": null, "P11_004_34": null, "P11_004_35": null, "P11_005": null, "index_right": 880 }, "geometry": { "type": "Point", "coordinates": [ 139.417926780008514, 35.342738510913129 ] } },
{ "type": "Feature", "properties": { "P11_001": "ニュータウン中央", "P11_002": "神奈川中央交通（株）", "P11_003_01": "茅14,茅16,辻09,藤21", "P11_003_02": null, "P11_003_03": null, "P11_003_04": null, "P11_003_05": null, "P11_003_06": null, "P11_003_07": null, "P11_003_08": null, "P11_003_09": null, "P11_003_10": null, "P11_003_11": null, "P11_003_12": null, "P11_003_13": null, "P11_003_14": null, "P11_003_15": null, "P11_003_16": null, "P11_003_17": null, "P11_003_18": null, "P11_003_19": null, "P11_003_20": null, "P11_003_21": null, "P11_003_22": null, "P11_003_23": null, "P11_003_24": null, "P11_003_25": null, "P11_003_26": null, "P11_003_27": null, "P11_003_28": null, "P11_003_29": null, "P11_003_30": null, "P11_003_31": null, "P11_003_32": null, "P11_003_33": null, "P11_003_34": null, "P11_003_35": null, "P11_004_01": "1,1,1,1", "P11_004_02": null, "P11_004_03": null, "P11_004_04": null, "P11_004_05": null, "P11_004_06": null, "P11_004_07": null, "P11_004_08": null, "P11_004_09": null, "P11_004_10": null, "P11_004_11": null, "P11_004_12": null, "P11_004_13": null, "P11_004_14": null, "P11_004_15": null, "P11_004_16": null, "P11_004_17": null, "P11_004_18": null, "P11_004_19": null, "P11_004_20": null, "P11_004_21": null, "P11_004_22": null, "P11_004_23": null, "P11_004_24": null, "P11_004_25": null, "P11_004_26": null, "P11_004_27": null, "P11_004_28": null, "P11_004_29": null, "P11_004_30": null, "P11_004_31": null, "P11_004_32": null, "P11_004_33": null, "P11_004_34": null, "P11_004_35": null, "P11_005": null, "index_right": 880 }, "geometry": { "type": "Point", "coordinates": [ 139.415109550503189, 35.342525276556074 ] } },
{ "type": "Feature", "properties": { "P11_001": "松林三丁目", "P11_002": "神奈川中央交通（株）", "P11_003_01": "東部循環市立病院線【小和田・松浪コース】", "P11_003_02": null, "P11_003_03": null, "P11_003_04": null, "P11_003_05": null, "P11_003_06": null, "P11_003_07": null, "P11_003_08": null, "P11_003_09": null, "P11_003_10": null, "P11_003_11": null, "P11_003_12": null, "P11_003_13": null, "P11_003_14": null, "P11_003_15": null, "P11_003_16": null, "P11_003_17": null, "P11_003_18": null, "P11_003_19": null, "P11_003_20": null, "P11_003_21": null, "P11_003_22": null, "P11_003_23": null, "P11_003_24": null, "P11_003_25": null, "P11_003_26": null, "P11_003_27": null, "P11_003_28": null, "P11_003_29": null, "P11_003_30": null, "P11_003_31": null, "P11_003_32": null, "P11_003_33": null, "P11_003_34": null, "P11_003_35": null, "P11_004_01": "1", "P11_004_02": null, "P11_004_03": null, "P11_004_04": null, "P11_004_05": null, "P11_004_06": null, "P11_004_07": null, "P11_004_08": null, "P11_004_09": null, "P11_004_10": null, "P11_004_11": null, "P11_004_12": null, "P11_004_13": null, "P11_004_14": null, "P11_004_15": null, "P11_004_16": null, "P11_004_17": null, "P11_004_18": null, "P11_004_19": null, "P11_004_20": null, "P11_004_21": null, "P11_004_22": null, "P11_004_23": null, "P11_004_24": null, "P11_004_25": null, "P11_004_26": null, "P11_004_27": null, "P11_004_28": null, "P11_004_29": null, "P11_004_30": null, "P11_004_31": null, "P11_004_32": null, "P11_004_33": null, "P11_004_34": null, "P11_004_35": null, "P11_005": null, "index_right": 880 }, "geometry": { "type": "Point", "coordinates": [ 139.421755421871012, 35.34225052421526 ] } },
{ "type": "Feature", "properties": { "P11_001": "辻西", "P11_002": "神奈川中央交通（株）", "P11_003_01": "茅41,茅45", "P11_003_02": null, "P11_003_03": null, "P11_003_04": null, "P11_003_05": null, "P11_003_06": null, "P11_003_07": null, "P11_003_08": null, "P11_003_09": null, "P11_003_10": null, "P11_003_11": null, "P11_003_12": null, "P11_003_13": null, "P11_003_14": null, "P11_003_15": null, "P11_003_16": null, "P11_003_17": null, "P11_003_18": null, "P11_003_19": null, "P11_003_20": null, "P11_003_21": null, "P11_003_22": null, "P11_003_23": null, "P11_003_24": null, "P11_003_25": null, "P11_003_26": null, "P11_003_27": null, "P11_003_28": null, "P11_003_29": null, "P11_003_30": null, "P11_003_31": null, "P11_003_32": null, "P11_003_33": null, "P11_003_34": null, "P11_003_35": null, "P11_004_01": "1,1", "P11_004_02": null, "P11_004_03": null, "P11_004_04": null, "P11_004_05": null, "P11_004_06": null, "P11_004_07": null, "P11_004_08": null, "P11_004_09": null, "P11_004_10": null, "P11_004_11": null, "P11_004_12": null, "P11_004_13": null, "P11_004_14": null, "P11_004_15": null, "P11_004_16": null, "P11_004_17": null, "P11_004_18": null, "P11_004_19": null, "P11_004_20": null, "P11_004_21": null, "P11_004_22": null, "P11_004_23": null, "P11_004_24": null, "P11_004_25": null, "P11_004_26": null, "P11_004_27": null, "P11_004_28": null, "P11_004_29": null, "P11_004_30": null, "P11_004_31": null, "P11_004_32": null, "P11_004_33": null, "P11_004_34": null, "P11_004_35": null, "P11_005": null, "index_right": 880 }, "geometry": { "type": "Point", "coordinates": [ 139.382519342472591, 35.341597623055947 ] } },
{ "type": "Feature", "properties": { "P11_001": "幼稚園前", "P11_002": "神奈川中央交通（株）", "P11_003_01": "辻09,藤21", "P11_003_02": null, "P11_003_03": null, "P11_003_04": null, "P11_003_05": null, "P11_003_06": null, "P11_003_07": null, "P11_003_08": null, "P11_003_09": null, "P11_003_10": null, "P11_003_11": null, "P11_003_12": null, "P11_003_13": null, "P11_003_14": null, "P11_003_15": null, "P11_003_16": null, "P11_003_17": null, "P11_003_18": null, "P11_003_19": null, "P11_003_20": null, "P11_003_21": null, "P11_003_22": null, "P11_003_23": null, "P11_003_24": null, "P11_003_25": null, "P11_003_26": null, "P11_003_27": null, "P11_003_28": null, "P11_003_29": null, "P11_003_30": null, "P11_003_31": null, "P11_003_32": null, "P11_003_33": null, "P11_003_34": null, "P11_003_35": null, "P11_004_01": "1,1", "P11_004_02": null, "P11_004_03": null, "P11_004_04": null, "P11_004_05": null, "P11_004_06": null, "P11_004_07": null, "P11_004_08": null, "P11_004_09": null, "P11_004_10": null, "P11_004_11": null, "P11_004_12": null, "P11_004_13": null, "P11_004_14": null, "P11_004_15": null, "P11_004_16": null, "P11_004_17": null, "P11_004_18": null, "P11_004_19": null, "P11_004_20": null, "P11_004_21": null, "P11_004_22": null, "P11_004_23": null, "P11_004_24": null, "P11_004_25": null, "P11_004_26": null, "P11_004_27": null, "P11_004_28": null, "P11_004_29": null, "P11_004_30": null, "P11_004_31": null, "P11_004_32": null, "P11_004_33": null, "P11_004_34": null, "P11_004_35": null, "P11_005": null, "index_right": 880 }, "geometry": { "type": "Point", "coordinates": [ 139.435268224385425, 35.341508130615523 ] } },
{ "type": "Feature", "properties": { "P11_001": "東小和田", "P11_002": "神奈川中央交通（株）", "P11_003_01": "藤07,藤08,辻01,辻09,藤21", "P11_003_02": null, "P11_003_03": null, "P11_003_04": null, "P11_003_05": null, "P11_003_06": null, "P11_003_07": null, "P11_003_08": null, "P11_003_09": null, "P11_003_10": null, "P11_003_11": null, "P11_003_12": null, "P11_003_13": null, "P11_003_14": null, "P11_003_15": null, "P11_003_16": null, "P11_003_17": null, "P11_003_18": null, "P11_003_19": null, "P11_003_20": null, "P11_003_21": null, "P11_003_22": null, "P11_003_23": null, "P11_003_24": null, "P11_003_25": null, "P11_003_26": null, "P11_003_27": null, "P11_003_28": null, "P11_003_29": null, "P11_003_30": null, "P11_003_31": null, "P11_003_32": null, "P11_003_33": null, "P11_003_34": null, "P11_003_35": null, "P11_004_01": "1,1,1,1,1", "P11_004_02": null, "P11_004_03": null, "P11_004_04": null, "P11_004_05": null, "P11_004_06": null, "P11_004_07": null, "P11_004_08": null, "P11_004_09": null, "P11_004_10": null, "P11_004_11": null, "P11_004_12": null, "P11_004_13": null, "P11_004_14": null, "P11_004_15": null, "P11_004_16": null, "P11_004_17": null, "P11_004_18": null, "P11_004_19": null, "P11_004_20": null, "P11_004_21": null, "P11_004_22": null, "P11_004_23": null, "P11_004_24": null, "P11_004_25": null, "P11_004_26": null, "P11_004_27": null, "P11_004_28": null, "P11_004_29": null, "P11_004_30": null, "P11_004_31": null, "P11_004_32": null, "P11_004_33": null, "P11_004_34": null, "P11_004_35": null, "P11_005": null, "index_right": 880 }, "geometry": { "type": "Point", "coordinates": [ 139.437870618210127, 35.341442985236384 ] } },
{ "type": "Feature", "properties": { "P11_001": "神奈中営業所前", "P11_002": "神奈川中央交通（株）", "P11_003_01": "湘11,茅03,茅50,茅15,茅17,茅19,茅81,茅82", "P11_003_02": null, "P11_003_03": null, "P11_003_04": null, "P11_003_05": null, "P11_003_06": null, "P11_003_07": null, "P11_003_08": null, "P11_003_09": null, "P11_003_10": null, "P11_003_11": null, "P11_003_12": null, "P11_003_13": null, "P11_003_14": null, "P11_003_15": null, "P11_003_16": null, "P11_003_17": null, "P11_003_18": null, "P11_003_19": null, "P11_003_20": null, "P11_003_21": null, "P11_003_22": null, "P11_003_23": null, "P11_003_24": null, "P11_003_25": null, "P11_003_26": null, "P11_003_27": null, "P11_003_28": null, "P11_003_29": null, "P11_003_30": null, "P11_003_31": null, "P11_003_32": null, "P11_003_33": null, "P11_003_34": null, "P11_003_35": null, "P11_004_01": "1,1,1,1,1,1,1,1", "P11_004_02": null, "P11_004_03": null, "P11_004_04": null, "P11_004_05": null, "P11_004_06": null, "P11_004_07": null, "P11_004_08": null, "P11_004_09": null, "P11_004_10": null, "P11_004_11": null, "P11_004_12": null, "P11_004_13": null, "P11_004_14": null, "P11_004_15": null, "P11_004_16": null, "P11_004_17": null, "P11_004_18": null, "P11_004_19": null, "P11_004_20": null, "P11_004_21": null, "P11_004_22": null, "P11_004_23": null, "P11_004_24": null, "P11_004_25": null, "P11_004_26": null, "P11_004_27": null, "P11_004_28": null, "P11_004_29": null, "P11_004_30": null, "P11_004_31": null, "P11_004_32": null, "P11_004_33": null, "P11_004_34": null, "P11_004_35": null, "P11_005": null, "index_right": 880 }, "geometry": { "type": "Point", "coordinates": [ 139.411279542099436, 35.34136766401901 ] } },
{ "type": "Feature", "properties": { "P11_001": "松林", "P11_002": "神奈川中央交通（株）", "P11_003_01": "辻09,藤21,東部循環市立病院線【小和田・松浪コース】", "P11_003_02": null, "P11_003_03": null, "P11_003_04": null, "P11_003_05": null, "P11_003_06": null, "P11_003_07": null, "P11_003_08": null, "P11_003_09": null, "P11_003_10": null, "P11_003_11": null, "P11_003_12": null, "P11_003_13": null, "P11_003_14": null, "P11_003_15": null, "P11_003_16": null, "P11_003_17": null, "P11_003_18": null, "P11_003_19": null, "P11_003_20": null, "P11_003_21": null, "P11_003_22": null, "P11_003_23": null, "P11_003_24": null, "P11_003_25": null, "P11_003_26": null, "P11_003_27": null, "P11_003_28": null, "P11_003_29": null, "P11_003_30": null, "P11_003_31": null, "P11_003_32": null, "P11_003_33": null, "P11_003_34": null, "P11_003_35": null, "P11_004_01": "1,1,1", "P11_004_02": null, "P11_004_03": null, "P11_004_04": null, "P11_004_05": null, "P11_004_06": null, "P11_004_07": null, "P11_004_08": null, "P11_004_09": null, "P11_004_10": null, "P11_004_11": null, "P11_004_12": null, "P11_004_13": null, "P11_004_14": null, "P11_004_15": null, "P11_004_16": null, "P11_004_17": null, "P11_004_18": null, "P11_004_19": null, "P11_004_20": null, "P11_004_21": null, "P11_004_22": null, "P11_004_23": null, "P11_004_24": null, "P11_004_25": null, "P11_004_26": null, "P11_004_27": null, "P11_004_28": null, "P11_004_29": null, "P11_004_30": null, "P11_004_31": null, "P11_004_32": null, "P11_004_33": null, "P11_004_34": null, "P11_004_35": null, "P11_005": null, "index_right": 880 }, "geometry": { "type": "Point", "coordinates": [ 139.42634852136689, 35.341331211252431 ] } },
{ "type": "Feature", "properties": { "P11_001": "松林二丁目", "P11_002": "神奈川中央交通（株）", "P11_003_01": "辻09,藤21,東部循環市立病院線【小和田・松浪コース】", "P11_003_02": null, "P11_003_03": null, "P11_003_04": null, "P11_003_05": null, "P11_003_06": null, "P11_003_07": null, "P11_003_08": null, "P11_003_09": null, "P11_003_10": null, "P11_003_11": null, "P11_003_12": null, "P11_003_13": null, "P11_003_14": null, "P11_003_15": null, "P11_003_16": null, "P11_003_17": null, "P11_003_18": null, "P11_003_19": null, "P11_003_20": null, "P11_003_21": null, "P11_003_22": null, "P11_003_23": null, "P11_003_24": null, "P11_003_25": null, "P11_003_26": null, "P11_003_27": null, "P11_003_28": null, "P11_003_29": null, "P11_003_30": null, "P11_003_31": null, "P11_003_32": null, "P11_003_33": null, "P11_003_34": null, "P11_003_35": null, "P11_004_01": "1,1,1", "P11_004_02": null, "P11_004_03": null, "P11_004_04": null, "P11_004_05": null, "P11_004_06": null, "P11_004_07": null, "P11_004_08": null, "P11_004_09": null, "P11_004_10": null, "P11_004_11": null, "P11_004_12": null, "P11_004_13": null, "P11_004_14": null, "P11_004_15": null, "P11_004_16": null, "P11_004_17": null, "P11_004_18": null, "P11_004_19": null, "P11_004_20": null, "P11_004_21": null, "P11_004_22": null, "P11_004_23": null, "P11_004_24": null, "P11_004_25": null, "P11_004_26": null, "P11_004_27": null, "P11_004_28": null, "P11_004_29": null, "P11_004_30": null, "P11_004_31": null, "P11_004_32": null, "P11_004_33": null, "P11_004_34": null, "P11_004_35": null, "P11_005": null, "index_right": 880 }, "geometry": { "type": "Point", "coordinates": [ 139.423216012261037, 35.341327958211792 ] } },
{ "type": "Feature", "properties": { "P11_001": "菱沼団地入口", "P11_002": "神奈川中央交通（株）", "P11_003_01": "辻09,藤21", "P11_003_02": null, "P11_003_03": null, "P11_003_04": null, "P11_003_05": null, "P11_003_06": null, "P11_003_07": null, "P11_003_08": null, "P11_003_09": null, "P11_003_10": null, "P11_003_11": null, "P11_003_12": null, "P11_003_13": null, "P11_003_14": null, "P11_003_15": null, "P11_003_16": null, "P11_003_17": null, "P11_003_18": null, "P11_003_19": null, "P11_003_20": null, "P11_003_21": null, "P11_003_22": null, "P11_003_23": null, "P11_003_24": null, "P11_003_25": null, "P11_003_26": null, "P11_003_27": null, "P11_003_28": null, "P11_003_29": null, "P11_003_30": null, "P11_003_31": null, "P11_003_32": null, "P11_003_33": null, "P11_003_34": null, "P11_003_35": null, "P11_004_01": "1,1", "P11_004_02": null, "P11_004_03": null, "P11_004_04": null, "P11_004_05": null, "P11_004_06": null, "P11_004_07": null, "P11_004_08": null, "P11_004_09": null, "P11_004_10": null, "P11_004_11": null, "P11_004_12": null, "P11_004_13": null, "P11_004_14": null, "P11_004_15": null, "P11_004_16": null, "P11_004_17": null, "P11_004_18": null, "P11_004_19": null, "P11_004_20": null, "P11_004_21": null, "P11_004_22": null, "P11_004_23": null, "P11_004_24": null, "P11_004_25": null, "P11_004_26": null, "P11_004_27": null, "P11_004_28": null, "P11_004_29": null, "P11_004_30": null, "P11_004_31": null, "P11_004_32": null, "P11_004_33": null, "P11_004_34": null, "P11_004_35": null, "P11_005": null, "index_right": 880 }, "geometry": { "type": "Point", "coordinates": [ 139.432364651781739, 35.341247711529505 ] } },
{ "type": "Feature", "properties": { "P11_001": "菱沼二丁目", "P11_002": "神奈川中央交通（株）", "P11_003_01": "辻09,藤21", "P11_003_02": null, "P11_003_03": null, "P11_003_04": null, "P11_003_05": null, "P11_003_06": null, "P11_003_07": null, "P11_003_08": null, "P11_003_09": null, "P11_003_10": null, "P11_003_11": null, "P11_003_12": null, "P11_003_13": null, "P11_003_14": null, "P11_003_15": null, "P11_003_16": null, "P11_003_17": null, "P11_003_18": null, "P11_003_19": null, "P11_003_20": null, "P11_003_21": null, "P11_003_22": null, "P11_003_23": null, "P11_003_24": null, "P11_003_25": null, "P11_003_26": null, "P11_003_27": null, "P11_003_28": null, "P11_003_29": null, "P11_003_30": null, "P11_003_31": null, "P11_003_32": null, "P11_003_33": null, "P11_003_34": null, "P11_003_35": null, "P11_004_01": "1,1", "P11_004_02": null, "P11_004_03": null, "P11_004_04": null, "P11_004_05": null, "P11_004_06": null, "P11_004_07": null, "P11_004_08": null, "P11_004_09": null, "P11_004_10": null, "P11_004_11": null, "P11_004_12": null, "P11_004_13": null, "P11_004_14": null, "P11_004_15": null, "P11_004_16": null, "P11_004_17": null, "P11_004_18": null, "P11_004_19": null, "P11_004_20": null, "P11_004_21": null, "P11_004_22": null, "P11_004_23": null, "P11_004_24": null, "P11_004_25": null, "P11_004_26": null, "P11_004_27": null, "P11_004_28": null, "P11_004_29": null, "P11_004_30": null, "P11_004_31": null, "P11_004_32": null, "P11_004_33": null, "P11_004_34": null, "P11_004_35": null, "P11_005": null, "index_right": 880 }, "geometry": { "type": "Point", "coordinates": [ 139.429359367209258, 35.341174197249991 ] } },
{ "type": "Feature", "properties": { "P11_001": "矢畑北", "P11_002": "神奈川中央交通（株）", "P11_003_01": "鶴嶺循環市立病院線【鶴嶺北コース】", "P11_003_02": null, "P11_003_03": null, "P11_003_04": null, "P11_003_05": null, "P11_003_06": null, "P11_003_07": null, "P11_003_08": null, "P11_003_09": null, "P11_003_10": null, "P11_003_11": null, "P11_003_12": null, "P11_003_13": null, "P11_003_14": null, "P11_003_15": null, "P11_003_16": null, "P11_003_17": null, "P11_003_18": null, "P11_003_19": null, "P11_003_20": null, "P11_003_21": null, "P11_003_22": null, "P11_003_23": null, "P11_003_24": null, "P11_003_25": null, "P11_003_26": null, "P11_003_27": null, "P11_003_28": null, "P11_003_29": null, "P11_003_30": null, "P11_003_31": null, "P11_003_32": null, "P11_003_33": null, "P11_003_34": null, "P11_003_35": null, "P11_004_01": "1", "P11_004_02": null, "P11_004_03": null, "P11_004_04": null, "P11_004_05": null, "P11_004_06": null, "P11_004_07": null, "P11_004_08": null, "P11_004_09": null, "P11_004_10": null, "P11_004_11": null, "P11_004_12": null, "P11_004_13": null, "P11_004_14": null, "P11_004_15": null, "P11_004_16": null, "P11_004_17": null, "P11_004_18": null, "P11_004_19": null, "P11_004_20": null, "P11_004_21": null, "P11_004_22": null, "P11_004_23": null, "P11_004_24": null, "P11_004_25": null, "P11_004_26": null, "P11_004_27": null, "P11_004_28": null, "P11_004_29": null, "P11_004_30": null, "P11_004_31": null, "P11_004_32": null, "P11_004_33": null, "P11_004_34": null, "P11_004_35": null, "P11_005": null, "index_right": 880 }, "geometry": { "type": "Point", "coordinates": [ 139.400223509816982, 35.340710035369725 ] } },
{ "type": "Feature", "properties": { "P11_001": "萩園台河原", "P11_002": "神奈川中央交通（株）", "P11_003_01": "鶴嶺循環市立病院線【鶴嶺南コース】", "P11_003_02": null, "P11_003_03": null, "P11_003_04": null, "P11_003_05": null, "P11_003_06": null, "P11_003_07": null, "P11_003_08": null, "P11_003_09": null, "P11_003_10": null, "P11_003_11": null, "P11_003_12": null, "P11_003_13": null, "P11_003_14": null, "P11_003_15": null, "P11_003_16": null, "P11_003_17": null, "P11_003_18": null, "P11_003_19": null, "P11_003_20": null, "P11_003_21": null, "P11_003_22": null, "P11_003_23": null, "P11_003_24": null, "P11_003_25": null, "P11_003_26": null, "P11_003_27": null, "P11_003_28": null, "P11_003_29": null, "P11_003_30": null, "P11_003_31": null, "P11_003_32": null, "P11_003_33": null, "P11_003_34": null, "P11_003_35": null, "P11_004_01": "1", "P11_004_02": null, "P11_004_03": null, "P11_004_04": null, "P11_004_05": null, "P11_004_06": null, "P11_004_07": null, "P11_004_08": null, "P11_004_09": null, "P11_004_10": null, "P11_004_11": null, "P11_004_12": null, "P11_004_13": null, "P11_004_14": null, "P11_004_15": null, "P11_004_16": null, "P11_004_17": null, "P11_004_18": null, "P11_004_19": null, "P11_004_20": null, "P11_004_21": null, "P11_004_22": null, "P11_004_23": null, "P11_004_24": null, "P11_004_25": null, "P11_004_26": null, "P11_004_27": null, "P11_004_28": null, "P11_004_29": null, "P11_004_30": null, "P11_004_31": null, "P11_004_32": null, "P11_004_33": null, "P11_004_34": null, "P11_004_35": null, "P11_005": null, "index_right": 880 }, "geometry": { "type": "Point", "coordinates": [ 139.376737578065587, 35.340702753650973 ] } },
{ "type": "Feature", "properties": { "P11_001": "市立病院", "P11_002": "神奈川中央交通（株）", "P11_003_01": "茅14,茅16,辻09,藤21,中海岸南湖循環私立病院線,北部循環市立病院線,東部循環市立病院線【松が丘コース】,東部循環市立病院線【小和田・松浪コース】,鶴嶺循環市立病院線【鶴嶺北コース】,鶴嶺循環市立病院線【鶴嶺南コース】", "P11_003_02": null, "P11_003_03": null, "P11_003_04": null, "P11_003_05": null, "P11_003_06": null, "P11_003_07": null, "P11_003_08": null, "P11_003_09": null, "P11_003_10": null, "P11_003_11": null, "P11_003_12": null, "P11_003_13": null, "P11_003_14": null, "P11_003_15": null, "P11_003_16": null, "P11_003_17": null, "P11_003_18": null, "P11_003_19": null, "P11_003_20": null, "P11_003_21": null, "P11_003_22": null, "P11_003_23": null, "P11_003_24": null, "P11_003_25": null, "P11_003_26": null, "P11_003_27": null, "P11_003_28": null, "P11_003_29": null, "P11_003_30": null, "P11_003_31": null, "P11_003_32": null, "P11_003_33": null, "P11_003_34": null, "P11_003_35": null, "P11_004_01": "1,1,1,1,1,1,1,1,1,1", "P11_004_02": null, "P11_004_03": null, "P11_004_04": null, "P11_004_05": null, "P11_004_06": null, "P11_004_07": null, "P11_004_08": null, "P11_004_09": null, "P11_004_10": null, "P11_004_11": null, "P11_004_12": null, "P11_004_13": null, "P11_004_14": null, "P11_004_15": null, "P11_004_16": null, "P11_004_17": null, "P11_004_18": null, "P11_004_19": null, "P11_004_20": null, "P11_004_21": null, "P11_004_22": null, "P11_004_23": null, "P11_004_24": null, "P11_004_25": null, "P11_004_26": null, "P11_004_27": null, "P11_004_28": null, "P11_004_29": null, "P11_004_30": null, "P11_004_31": null, "P11_004_32": null, "P11_004_33": null, "P11_004_34": null, "P11_004_35": null, "P11_005": null, "index_right": 880 }, "geometry": { "type": "Point", "coordinates": [ 139.414460687640172, 35.340598834378014 ] } },
{ "type": "Feature", "properties": { "P11_001": "アルバック前", "P11_002": "神奈川中央交通（株）", "P11_003_01": "茅52,茅53,茅54", "P11_003_02": null, "P11_003_03": null, "P11_003_04": null, "P11_003_05": null, "P11_003_06": null, "P11_003_07": null, "P11_003_08": null, "P11_003_09": null, "P11_003_10": null, "P11_003_11": null, "P11_003_12": null, "P11_003_13": null, "P11_003_14": null, "P11_003_15": null, "P11_003_16": null, "P11_003_17": null, "P11_003_18": null, "P11_003_19": null, "P11_003_20": null, "P11_003_21": null, "P11_003_22": null, "P11_003_23": null, "P11_003_24": null, "P11_003_25": null, "P11_003_26": null, "P11_003_27": null, "P11_003_28": null, "P11_003_29": null, "P11_003_30": null, "P11_003_31": null, "P11_003_32": null, "P11_003_33": null, "P11_003_34": null, "P11_003_35": null, "P11_004_01": "1,1,1", "P11_004_02": null, "P11_004_03": null, "P11_004_04": null, "P11_004_05": null, "P11_004_06": null, "P11_004_07": null, "P11_004_08": null, "P11_004_09": null, "P11_004_10": null, "P11_004_11": null, "P11_004_12": null, "P11_004_13": null, "P11_004_14": null, "P11_004_15": null, "P11_004_16": null, "P11_004_17": null, "P11_004_18": null, "P11_004_19": null, "P11_004_20": null, "P11_004_21": null, "P11_004_22": null, "P11_004_23": null, "P11_004_24": null, "P11_004_25": null, "P11_004_26": null, "P11_004_27": null, "P11_004_28": null, "P11_004_29": null, "P11_004_30": null, "P11_004_31": null, "P11_004_32": null, "P11_004_33": null, "P11_004_34": null, "P11_004_35": null, "P11_005": null, "index_right": 880 }, "geometry": { "type": "Point", "coordinates": [ 139.3784823849752, 35.340253976989885 ] } },
{ "type": "Feature", "properties": { "P11_001": "本村五丁目", "P11_002": "神奈川中央交通（株）", "P11_003_01": "茅14,茅16,辻09,藤21,中海岸南湖循環私立病院線,東部循環市立病院線【松が丘コース】", "P11_003_02": null, "P11_003_03": null, "P11_003_04": null, "P11_003_05": null, "P11_003_06": null, "P11_003_07": null, "P11_003_08": null, "P11_003_09": null, "P11_003_10": null, "P11_003_11": null, "P11_003_12": null, "P11_003_13": null, "P11_003_14": null, "P11_003_15": null, "P11_003_16": null, "P11_003_17": null, "P11_003_18": null, "P11_003_19": null, "P11_003_20": null, "P11_003_21": null, "P11_003_22": null, "P11_003_23": null, "P11_003_24": null, "P11_003_25": null, "P11_003_26": null, "P11_003_27": null, "P11_003_28": null, "P11_003_29": null, "P11_003_30": null, "P11_003_31": null, "P11_003_32": null, "P11_003_33": null, "P11_003_34": null, "P11_003_35": null, "P11_004_01": "1,1,1,1,1,1", "P11_004_02": null, "P11_004_03": null, "P11_004_04": null, "P11_004_05": null, "P11_004_06": null, "P11_004_07": null, "P11_004_08": null, "P11_004_09": null, "P11_004_10": null, "P11_004_11": null, "P11_004_12": null, "P11_004_13": null, "P11_004_14": null, "P11_004_15": null, "P11_004_16": null, "P11_004_17": null, "P11_004_18": null, "P11_004_19": null, "P11_004_20": null, "P11_004_21": null, "P11_004_22": null, "P11_004_23": null, "P11_004_24": null, "P11_004_25": null, "P11_004_26": null, "P11_004_27": null, "P11_004_28": null, "P11_004_29": null, "P11_004_30": null, "P11_004_31": null, "P11_004_32": null, "P11_004_33": null, "P11_004_34": null, "P11_004_35": null, "P11_005": null, "index_right": 880 }, "geometry": { "type": "Point", "coordinates": [ 139.413251797297988, 35.339804974114479 ] } },
{ "type": "Feature", "properties": { "P11_001": "消防本部前", "P11_002": "神奈川中央交通（株）", "P11_003_01": "鶴嶺循環市立病院線【鶴嶺北コース】", "P11_003_02": null, "P11_003_03": null, "P11_003_04": null, "P11_003_05": null, "P11_003_06": null, "P11_003_07": null, "P11_003_08": null, "P11_003_09": null, "P11_003_10": null, "P11_003_11": null, "P11_003_12": null, "P11_003_13": null, "P11_003_14": null, "P11_003_15": null, "P11_003_16": null, "P11_003_17": null, "P11_003_18": null, "P11_003_19": null, "P11_003_20": null, "P11_003_21": null, "P11_003_22": null, "P11_003_23": null, "P11_003_24": null, "P11_003_25": null, "P11_003_26": null, "P11_003_27": null, "P11_003_28": null, "P11_003_29": null, "P11_003_30": null, "P11_003_31": null, "P11_003_32": null, "P11_003_33": null, "P11_003_34": null, "P11_003_35": null, "P11_004_01": "1", "P11_004_02": null, "P11_004_03": null, "P11_004_04": null, "P11_004_05": null, "P11_004_06": null, "P11_004_07": null, "P11_004_08": null, "P11_004_09": null, "P11_004_10": null, "P11_004_11": null, "P11_004_12": null, "P11_004_13": null, "P11_004_14": null, "P11_004_15": null, "P11_004_16": null, "P11_004_17": null, "P11_004_18": null, "P11_004_19": null, "P11_004_20": null, "P11_004_21": null, "P11_004_22": null, "P11_004_23": null, "P11_004_24": null, "P11_004_25": null, "P11_004_26": null, "P11_004_27": null, "P11_004_28": null, "P11_004_29": null, "P11_004_30": null, "P11_004_31": null, "P11_004_32": null, "P11_004_33": null, "P11_004_34": null, "P11_004_35": null, "P11_005": null, "index_right": 880 }, "geometry": { "type": "Point", "coordinates": [ 139.401245757613339, 35.339589720579973 ] } },
{ "type": "Feature", "properties": { "P11_001": "萩園辻", "P11_002": "神奈川中央交通（株）", "P11_003_01": "茅41,茅45", "P11_003_02": null, "P11_003_03": null, "P11_003_04": null, "P11_003_05": null, "P11_003_06": null, "P11_003_07": null, "P11_003_08": null, "P11_003_09": null, "P11_003_10": null, "P11_003_11": null, "P11_003_12": null, "P11_003_13": null, "P11_003_14": null, "P11_003_15": null, "P11_003_16": null, "P11_003_17": null, "P11_003_18": null, "P11_003_19": null, "P11_003_20": null, "P11_003_21": null, "P11_003_22": null, "P11_003_23": null, "P11_003_24": null, "P11_003_25": null, "P11_003_26": null, "P11_003_27": null, "P11_003_28": null, "P11_003_29": null, "P11_003_30": null, "P11_003_31": null, "P11_003_32": null, "P11_003_33": null, "P11_003_34": null, "P11_003_35": null, "P11_004_01": "1,1", "P11_004_02": null, "P11_004_03": null, "P11_004_04": null, "P11_004_05": null, "P11_004_06": null, "P11_004_07": null, "P11_004_08": null, "P11_004_09": null, "P11_004_10": null, "P11_004_11": null, "P11_004_12": null, "P11_004_13": null, "P11_004_14": null, "P11_004_15": null, "P11_004_16": null, "P11_004_17": null, "P11_004_18": null, "P11_004_19": null, "P11_004_20": null, "P11_004_21": null, "P11_004_22": null, "P11_004_23": null, "P11_004_24": null, "P11_004_25": null, "P11_004_26": null, "P11_004_27": null, "P11_004_28": null, "P11_004_29": null, "P11_004_30": null, "P11_004_31": null, "P11_004_32": null, "P11_004_33": null, "P11_004_34": null, "P11_004_35": null, "P11_005": null, "index_right": 880 }, "geometry": { "type": "Point", "coordinates": [ 139.382871863318485, 35.339481401012023 ] } },
{ "type": "Feature", "properties": { "P11_001": "矢畑", "P11_002": "神奈川中央交通（株）", "P11_003_01": "茅25,茅26", "P11_003_02": null, "P11_003_03": null, "P11_003_04": null, "P11_003_05": null, "P11_003_06": null, "P11_003_07": null, "P11_003_08": null, "P11_003_09": null, "P11_003_10": null, "P11_003_11": null, "P11_003_12": null, "P11_003_13": null, "P11_003_14": null, "P11_003_15": null, "P11_003_16": null, "P11_003_17": null, "P11_003_18": null, "P11_003_19": null, "P11_003_20": null, "P11_003_21": null, "P11_003_22": null, "P11_003_23": null, "P11_003_24": null, "P11_003_25": null, "P11_003_26": null, "P11_003_27": null, "P11_003_28": null, "P11_003_29": null, "P11_003_30": null, "P11_003_31": null, "P11_003_32": null, "P11_003_33": null, "P11_003_34": null, "P11_003_35": null, "P11_004_01": "1,1", "P11_004_02": null, "P11_004_03": null, "P11_004_04": null, "P11_004_05": null, "P11_004_06": null, "P11_004_07": null, "P11_004_08": null, "P11_004_09": null, "P11_004_10": null, "P11_004_11": null, "P11_004_12": null, "P11_004_13": null, "P11_004_14": null, "P11_004_15": null, "P11_004_16": null, "P11_004_17": null, "P11_004_18": null, "P11_004_19": null, "P11_004_20": null, "P11_004_21": null, "P11_004_22": null, "P11_004_23": null, "P11_004_24": null, "P11_004_25": null, "P11_004_26": null, "P11_004_27": null, "P11_004_28": null, "P11_004_29": null, "P11_004_30": null, "P11_004_31": null, "P11_004_32": null, "P11_004_33": null, "P11_004_34": null, "P11_004_35": null, "P11_005": null, "index_right": 880 }, "geometry": { "type": "Point", "coordinates": [ 139.397394020103064, 35.339367679855869 ] } },
{ "type": "Feature", "properties": { "P11_001": "北茅ヶ崎駅入口", "P11_002": "神奈川中央交通（株）", "P11_003_01": "鶴嶺循環市立病院線【鶴嶺北コース】,鶴嶺循環市立病院線【鶴嶺南コース】", "P11_003_02": null, "P11_003_03": null, "P11_003_04": null, "P11_003_05": null, "P11_003_06": null, "P11_003_07": null, "P11_003_08": null, "P11_003_09": null, "P11_003_10": null, "P11_003_11": null, "P11_003_12": null, "P11_003_13": null, "P11_003_14": null, "P11_003_15": null, "P11_003_16": null, "P11_003_17": null, "P11_003_18": null, "P11_003_19": null, "P11_003_20": null, "P11_003_21": null, "P11_003_22": null, "P11_003_23": null, "P11_003_24": null, "P11_003_25": null, "P11_003_26": null, "P11_003_27": null, "P11_003_28": null, "P11_003_29": null, "P11_003_30": null, "P11_003_31": null, "P11_003_32": null, "P11_003_33": null, "P11_003_34": null, "P11_003_35": null, "P11_004_01": "1,1", "P11_004_02": null, "P11_004_03": null, "P11_004_04": null, "P11_004_05": null, "P11_004_06": null, "P11_004_07": null, "P11_004_08": null, "P11_004_09": null, "P11_004_10": null, "P11_004_11": null, "P11_004_12": null, "P11_004_13": null, "P11_004_14": null, "P11_004_15": null, "P11_004_16": null, "P11_004_17": null, "P11_004_18": null, "P11_004_19": null, "P11_004_20": null, "P11_004_21": null, "P11_004_22": null, "P11_004_23": null, "P11_004_24": null, "P11_004_25": null, "P11_004_26": null, "P11_004_27": null, "P11_004_28": null, "P11_004_29": null, "P11_004_30": null, "P11_004_31": null, "P11_004_32": null, "P11_004_33": null, "P11_004_34": null, "P11_004_35": null, "P11_005": null, "index_right": 880 }, "geometry": { "type": "Point", "coordinates": [ 139.411165667452337, 35.339182143572643 ] } },
{ "type": "Feature", "properties": { "P11_001": "松林一丁目", "P11_002": "神奈川中央交通（株）", "P11_003_01": "東部循環市立病院線【小和田・松浪コース】", "P11_003_02": null, "P11_003_03": null, "P11_003_04": null, "P11_003_05": null, "P11_003_06": null, "P11_003_07": null, "P11_003_08": null, "P11_003_09": null, "P11_003_10": null, "P11_003_11": null, "P11_003_12": null, "P11_003_13": null, "P11_003_14": null, "P11_003_15": null, "P11_003_16": null, "P11_003_17": null, "P11_003_18": null, "P11_003_19": null, "P11_003_20": null, "P11_003_21": null, "P11_003_22": null, "P11_003_23": null, "P11_003_24": null, "P11_003_25": null, "P11_003_26": null, "P11_003_27": null, "P11_003_28": null, "P11_003_29": null, "P11_003_30": null, "P11_003_31": null, "P11_003_32": null, "P11_003_33": null, "P11_003_34": null, "P11_003_35": null, "P11_004_01": "1", "P11_004_02": null, "P11_004_03": null, "P11_004_04": null, "P11_004_05": null, "P11_004_06": null, "P11_004_07": null, "P11_004_08": null, "P11_004_09": null, "P11_004_10": null, "P11_004_11": null, "P11_004_12": null, "P11_004_13": null, "P11_004_14": null, "P11_004_15": null, "P11_004_16": null, "P11_004_17": null, "P11_004_18": null, "P11_004_19": null, "P11_004_20": null, "P11_004_21": null, "P11_004_22": null, "P11_004_23": null, "P11_004_24": null, "P11_004_25": null, "P11_004_26": null, "P11_004_27": null, "P11_004_28": null, "P11_004_29": null, "P11_004_30": null, "P11_004_31": null, "P11_004_32": null, "P11_004_33": null, "P11_004_34": null, "P11_004_35": null, "P11_005": null, "index_right": 880 }, "geometry": { "type": "Point", "coordinates": [ 139.426812203014862, 35.33872877385302 ] } },
{ "type": "Feature", "properties": { "P11_001": "日枝神社入口", "P11_002": "神奈川中央交通（株）", "P11_003_01": "鶴嶺循環市立病院線【鶴嶺南コース】", "P11_003_02": null, "P11_003_03": null, "P11_003_04": null, "P11_003_05": null, "P11_003_06": null, "P11_003_07": null, "P11_003_08": null, "P11_003_09": null, "P11_003_10": null, "P11_003_11": null, "P11_003_12": null, "P11_003_13": null, "P11_003_14": null, "P11_003_15": null, "P11_003_16": null, "P11_003_17": null, "P11_003_18": null, "P11_003_19": null, "P11_003_20": null, "P11_003_21": null, "P11_003_22": null, "P11_003_23": null, "P11_003_24": null, "P11_003_25": null, "P11_003_26": null, "P11_003_27": null, "P11_003_28": null, "P11_003_29": null, "P11_003_30": null, "P11_003_31": null, "P11_003_32": null, "P11_003_33": null, "P11_003_34": null, "P11_003_35": null, "P11_004_01": "1", "P11_004_02": null, "P11_004_03": null, "P11_004_04": null, "P11_004_05": null, "P11_004_06": null, "P11_004_07": null, "P11_004_08": null, "P11_004_09": null, "P11_004_10": null, "P11_004_11": null, "P11_004_12": null, "P11_004_13": null, "P11_004_14": null, "P11_004_15": null, "P11_004_16": null, "P11_004_17": null, "P11_004_18": null, "P11_004_19": null, "P11_004_20": null, "P11_004_21": null, "P11_004_22": null, "P11_004_23": null, "P11_004_24": null, "P11_004_25": null, "P11_004_26": null, "P11_004_27": null, "P11_004_28": null, "P11_004_29": null, "P11_004_30": null, "P11_004_31": null, "P11_004_32": null, "P11_004_33": null, "P11_004_34": null, "P11_004_35": null, "P11_005": null, "index_right": 880 }, "geometry": { "type": "Point", "coordinates": [ 139.381569422023233, 35.338575190796838 ] } },
{ "type": "Feature", "properties": { "P11_001": "古川", "P11_002": "神奈川中央交通（株）", "P11_003_01": "茅48,茅52,茅53,茅54,鶴嶺循環市立病院線【鶴嶺南コース】", "P11_003_02": null, "P11_003_03": null, "P11_003_04": null, "P11_003_05": null, "P11_003_06": null, "P11_003_07": null, "P11_003_08": null, "P11_003_09": null, "P11_003_10": null, "P11_003_11": null, "P11_003_12": null, "P11_003_13": null, "P11_003_14": null, "P11_003_15": null, "P11_003_16": null, "P11_003_17": null, "P11_003_18": null, "P11_003_19": null, "P11_003_20": null, "P11_003_21": null, "P11_003_22": null, "P11_003_23": null, "P11_003_24": null, "P11_003_25": null, "P11_003_26": null, "P11_003_27": null, "P11_003_28": null, "P11_003_29": null, "P11_003_30": null, "P11_003_31": null, "P11_003_32": null, "P11_003_33": null, "P11_003_34": null, "P11_003_35": null, "P11_004_01": "1,1,1,1,1", "P11_004_02": null, "P11_004_03": null, "P11_004_04": null, "P11_004_05": null, "P11_004_06": null, "P11_004_07": null, "P11_004_08": null, "P11_004_09": null, "P11_004_10": null, "P11_004_11": null, "P11_004_12": null, "P11_004_13": null, "P11_004_14": null, "P11_004_15": null, "P11_004_16": null, "P11_004_17": null, "P11_004_18": null, "P11_004_19": null, "P11_004_20": null, "P11_004_21": null, "P11_004_22": null, "P11_004_23": null, "P11_004_24": null, "P11_004_25": null, "P11_004_26": null, "P11_004_27": null, "P11_004_28": null, "P11_004_29": null, "P11_004_30": null, "P11_004_31": null, "P11_004_32": null, "P11_004_33": null, "P11_004_34": null, "P11_004_35": null, "P11_005": null, "index_right": 880 }, "geometry": { "type": "Point", "coordinates": [ 139.379475283504632, 35.338526295949393 ] } },
{ "type": "Feature", "properties": { "P11_001": "辻東", "P11_002": "神奈川中央交通（株）", "P11_003_01": "茅45,茅48,茅52,茅53,茅54", "P11_003_02": null, "P11_003_03": null, "P11_003_04": null, "P11_003_05": null, "P11_003_06": null, "P11_003_07": null, "P11_003_08": null, "P11_003_09": null, "P11_003_10": null, "P11_003_11": null, "P11_003_12": null, "P11_003_13": null, "P11_003_14": null, "P11_003_15": null, "P11_003_16": null, "P11_003_17": null, "P11_003_18": null, "P11_003_19": null, "P11_003_20": null, "P11_003_21": null, "P11_003_22": null, "P11_003_23": null, "P11_003_24": null, "P11_003_25": null, "P11_003_26": null, "P11_003_27": null, "P11_003_28": null, "P11_003_29": null, "P11_003_30": null, "P11_003_31": null, "P11_003_32": null, "P11_003_33": null, "P11_003_34": null, "P11_003_35": null, "P11_004_01": "1,1,1,1,1", "P11_004_02": null, "P11_004_03": null, "P11_004_04": null, "P11_004_05": null, "P11_004_06": null, "P11_004_07": null, "P11_004_08": null, "P11_004_09": null, "P11_004_10": null, "P11_004_11": null, "P11_004_12": null, "P11_004_13": null, "P11_004_14": null, "P11_004_15": null, "P11_004_16": null, "P11_004_17": null, "P11_004_18": null, "P11_004_19": null, "P11_004_20": null, "P11_004_21": null, "P11_004_22": null, "P11_004_23": null, "P11_004_24": null, "P11_004_25": null, "P11_004_26": null, "P11_004_27": null, "P11_004_28": null, "P11_004_29": null, "P11_004_30": null, "P11_004_31": null, "P11_004_32": null, "P11_004_33": null, "P11_004_34": null, "P11_004_35": null, "P11_005": null, "index_right": 880 }, "geometry": { "type": "Point", "coordinates": [ 139.384212167118022, 35.338189180207834 ] } },
{ "type": "Feature", "properties": { "P11_001": "小和田", "P11_002": "神奈川中央交通（株）", "P11_003_01": "藤07,藤08,辻01", "P11_003_02": null, "P11_003_03": null, "P11_003_04": null, "P11_003_05": null, "P11_003_06": null, "P11_003_07": null, "P11_003_08": null, "P11_003_09": null, "P11_003_10": null, "P11_003_11": null, "P11_003_12": null, "P11_003_13": null, "P11_003_14": null, "P11_003_15": null, "P11_003_16": null, "P11_003_17": null, "P11_003_18": null, "P11_003_19": null, "P11_003_20": null, "P11_003_21": null, "P11_003_22": null, "P11_003_23": null, "P11_003_24": null, "P11_003_25": null, "P11_003_26": null, "P11_003_27": null, "P11_003_28": null, "P11_003_29": null, "P11_003_30": null, "P11_003_31": null, "P11_003_32": null, "P11_003_33": null, "P11_003_34": null, "P11_003_35": null, "P11_004_01": "1,1,1", "P11_004_02": null, "P11_004_03": null, "P11_004_04": null, "P11_004_05": null, "P11_004_06": null, "P11_004_07": null, "P11_004_08": null, "P11_004_09": null, "P11_004_10": null, "P11_004_11": null, "P11_004_12": null, "P11_004_13": null, "P11_004_14": null, "P11_004_15": null, "P11_004_16": null, "P11_004_17": null, "P11_004_18": null, "P11_004_19": null, "P11_004_20": null, "P11_004_21": null, "P11_004_22": null, "P11_004_23": null, "P11_004_24": null, "P11_004_25": null, "P11_004_26": null, "P11_004_27": null, "P11_004_28": null, "P11_004_29": null, "P11_004_30": null, "P11_004_31": null, "P11_004_32": null, "P11_004_33": null, "P11_004_34": null, "P11_004_35": null, "P11_005": null, "index_right": 880 }, "geometry": { "type": "Point", "coordinates": [ 139.433188322984222, 35.338109767334117 ] } },
{ "type": "Feature", "properties": { "P11_001": "菱沼", "P11_002": "神奈川中央交通（株）", "P11_003_01": "藤07,藤08,辻01", "P11_003_02": null, "P11_003_03": null, "P11_003_04": null, "P11_003_05": null, "P11_003_06": null, "P11_003_07": null, "P11_003_08": null, "P11_003_09": null, "P11_003_10": null, "P11_003_11": null, "P11_003_12": null, "P11_003_13": null, "P11_003_14": null, "P11_003_15": null, "P11_003_16": null, "P11_003_17": null, "P11_003_18": null, "P11_003_19": null, "P11_003_20": null, "P11_003_21": null, "P11_003_22": null, "P11_003_23": null, "P11_003_24": null, "P11_003_25": null, "P11_003_26": null, "P11_003_27": null, "P11_003_28": null, "P11_003_29": null, "P11_003_30": null, "P11_003_31": null, "P11_003_32": null, "P11_003_33": null, "P11_003_34": null, "P11_003_35": null, "P11_004_01": "1,1,1", "P11_004_02": null, "P11_004_03": null, "P11_004_04": null, "P11_004_05": null, "P11_004_06": null, "P11_004_07": null, "P11_004_08": null, "P11_004_09": null, "P11_004_10": null, "P11_004_11": null, "P11_004_12": null, "P11_004_13": null, "P11_004_14": null, "P11_004_15": null, "P11_004_16": null, "P11_004_17": null, "P11_004_18": null, "P11_004_19": null, "P11_004_20": null, "P11_004_21": null, "P11_004_22": null, "P11_004_23": null, "P11_004_24": null, "P11_004_25": null, "P11_004_26": null, "P11_004_27": null, "P11_004_28": null, "P11_004_29": null, "P11_004_30": null, "P11_004_31": null, "P11_004_32": null, "P11_004_33": null, "P11_004_34": null, "P11_004_35": null, "P11_005": null, "index_right": 880 }, "geometry": { "type": "Point", "coordinates": [ 139.424995566203336, 35.337721014185377 ] } },
{ "type": "Feature", "properties": { "P11_001": "松林中学校前", "P11_002": "神奈川中央交通（株）", "P11_003_01": "藤07,藤08,辻01", "P11_003_02": null, "P11_003_03": null, "P11_003_04": null, "P11_003_05": null, "P11_003_06": null, "P11_003_07": null, "P11_003_08": null, "P11_003_09": null, "P11_003_10": null, "P11_003_11": null, "P11_003_12": null, "P11_003_13": null, "P11_003_14": null, "P11_003_15": null, "P11_003_16": null, "P11_003_17": null, "P11_003_18": null, "P11_003_19": null, "P11_003_20": null, "P11_003_21": null, "P11_003_22": null, "P11_003_23": null, "P11_003_24": null, "P11_003_25": null, "P11_003_26": null, "P11_003_27": null, "P11_003_28": null, "P11_003_29": null, "P11_003_30": null, "P11_003_31": null, "P11_003_32": null, "P11_003_33": null, "P11_003_34": null, "P11_003_35": null, "P11_004_01": "1,1,1", "P11_004_02": null, "P11_004_03": null, "P11_004_04": null, "P11_004_05": null, "P11_004_06": null, "P11_004_07": null, "P11_004_08": null, "P11_004_09": null, "P11_004_10": null, "P11_004_11": null, "P11_004_12": null, "P11_004_13": null, "P11_004_14": null, "P11_004_15": null, "P11_004_16": null, "P11_004_17": null, "P11_004_18": null, "P11_004_19": null, "P11_004_20": null, "P11_004_21": null, "P11_004_22": null, "P11_004_23": null, "P11_004_24": null, "P11_004_25": null, "P11_004_26": null, "P11_004_27": null, "P11_004_28": null, "P11_004_29": null, "P11_004_30": null, "P11_004_31": null, "P11_004_32": null, "P11_004_33": null, "P11_004_34": null, "P11_004_35": null, "P11_005": null, "index_right": 880 }, "geometry": { "type": "Point", "coordinates": [ 139.422484461130807, 35.337665046517557 ] } },
{ "type": "Feature", "properties": { "P11_001": "前の田", "P11_002": "神奈川中央交通（株）", "P11_003_01": "湘11,茅03,茅50,茅15,茅17,茅19,茅81,茅82,鶴嶺循環市立病院線【鶴嶺北コース】,鶴嶺循環市立病院線【鶴嶺南コース】", "P11_003_02": null, "P11_003_03": null, "P11_003_04": null, "P11_003_05": null, "P11_003_06": null, "P11_003_07": null, "P11_003_08": null, "P11_003_09": null, "P11_003_10": null, "P11_003_11": null, "P11_003_12": null, "P11_003_13": null, "P11_003_14": null, "P11_003_15": null, "P11_003_16": null, "P11_003_17": null, "P11_003_18": null, "P11_003_19": null, "P11_003_20": null, "P11_003_21": null, "P11_003_22": null, "P11_003_23": null, "P11_003_24": null, "P11_003_25": null, "P11_003_26": null, "P11_003_27": null, "P11_003_28": null, "P11_003_29": null, "P11_003_30": null, "P11_003_31": null, "P11_003_32": null, "P11_003_33": null, "P11_003_34": null, "P11_003_35": null, "P11_004_01": "1,1,1,1,1,1,1,1,1,1", "P11_004_02": null, "P11_004_03": null, "P11_004_04": null, "P11_004_05": null, "P11_004_06": null, "P11_004_07": null, "P11_004_08": null, "P11_004_09": null, "P11_004_10": null, "P11_004_11": null, "P11_004_12": null, "P11_004_13": null, "P11_004_14": null, "P11_004_15": null, "P11_004_16": null, "P11_004_17": null, "P11_004_18": null, "P11_004_19": null, "P11_004_20": null, "P11_004_21": null, "P11_004_22": null, "P11_004_23": null, "P11_004_24": null, "P11_004_25": null, "P11_004_26": null, "P11_004_27": null, "P11_004_28": null, "P11_004_29": null, "P11_004_30": null, "P11_004_31": null, "P11_004_32": null, "P11_004_33": null, "P11_004_34": null, "P11_004_35": null, "P11_005": null, "index_right": 880 }, "geometry": { "type": "Point", "coordinates": [ 139.409913157986836, 35.337538692049961 ] } },
{ "type": "Feature", "properties": { "P11_001": "辻堂駅西口", "P11_002": "神奈川中央交通（株）", "P11_003_01": "辻09,藤21,辻13", "P11_003_02": null, "P11_003_03": null, "P11_003_04": null, "P11_003_05": null, "P11_003_06": null, "P11_003_07": null, "P11_003_08": null, "P11_003_09": null, "P11_003_10": null, "P11_003_11": null, "P11_003_12": null, "P11_003_13": null, "P11_003_14": null, "P11_003_15": null, "P11_003_16": null, "P11_003_17": null, "P11_003_18": null, "P11_003_19": null, "P11_003_20": null, "P11_003_21": null, "P11_003_22": null, "P11_003_23": null, "P11_003_24": null, "P11_003_25": null, "P11_003_26": null, "P11_003_27": null, "P11_003_28": null, "P11_003_29": null, "P11_003_30": null, "P11_003_31": null, "P11_003_32": null, "P11_003_33": null, "P11_003_34": null, "P11_003_35": null, "P11_004_01": "1,1,1", "P11_004_02": null, "P11_004_03": null, "P11_004_04": null, "P11_004_05": null, "P11_004_06": null, "P11_004_07": null, "P11_004_08": null, "P11_004_09": null, "P11_004_10": null, "P11_004_11": null, "P11_004_12": null, "P11_004_13": null, "P11_004_14": null, "P11_004_15": null, "P11_004_16": null, "P11_004_17": null, "P11_004_18": null, "P11_004_19": null, "P11_004_20": null, "P11_004_21": null, "P11_004_22": null, "P11_004_23": null, "P11_004_24": null, "P11_004_25": null, "P11_004_26": null, "P11_004_27": null, "P11_004_28": null, "P11_004_29": null, "P11_004_30": null, "P11_004_31": null, "P11_004_32": null, "P11_004_33": null, "P11_004_34": null, "P11_004_35": null, "P11_005": null, "index_right": 880 }, "geometry": { "type": "Point", "coordinates": [ 139.442790407510387, 35.337407246112981 ] } },
{ "type": "Feature", "properties": { "P11_001": "鶴嶺小学校前", "P11_002": "神奈川中央交通（株）", "P11_003_01": "茅45,茅48,茅52,茅53,茅54,鶴嶺循環市立病院線【鶴嶺南コース】", "P11_003_02": null, "P11_003_03": null, "P11_003_04": null, "P11_003_05": null, "P11_003_06": null, "P11_003_07": null, "P11_003_08": null, "P11_003_09": null, "P11_003_10": null, "P11_003_11": null, "P11_003_12": null, "P11_003_13": null, "P11_003_14": null, "P11_003_15": null, "P11_003_16": null, "P11_003_17": null, "P11_003_18": null, "P11_003_19": null, "P11_003_20": null, "P11_003_21": null, "P11_003_22": null, "P11_003_23": null, "P11_003_24": null, "P11_003_25": null, "P11_003_26": null, "P11_003_27": null, "P11_003_28": null, "P11_003_29": null, "P11_003_30": null, "P11_003_31": null, "P11_003_32": null, "P11_003_33": null, "P11_003_34": null, "P11_003_35": null, "P11_004_01": "1,1,1,1,1,1", "P11_004_02": null, "P11_004_03": null, "P11_004_04": null, "P11_004_05": null, "P11_004_06": null, "P11_004_07": null, "P11_004_08": null, "P11_004_09": null, "P11_004_10": null, "P11_004_11": null, "P11_004_12": null, "P11_004_13": null, "P11_004_14": null, "P11_004_15": null, "P11_004_16": null, "P11_004_17": null, "P11_004_18": null, "P11_004_19": null, "P11_004_20": null, "P11_004_21": null, "P11_004_22": null, "P11_004_23": null, "P11_004_24": null, "P11_004_25": null, "P11_004_26": null, "P11_004_27": null, "P11_004_28": null, "P11_004_29": null, "P11_004_30": null, "P11_004_31": null, "P11_004_32": null, "P11_004_33": null, "P11_004_34": null, "P11_004_35": null, "P11_005": null, "index_right": 880 }, "geometry": { "type": "Point", "coordinates": [ 139.389336806484891, 35.337256186218816 ] } },
{ "type": "Feature", "properties": { "P11_001": "今宿北", "P11_002": "神奈川中央交通（株）", "P11_003_01": "鶴嶺循環市立病院線【鶴嶺南コース】", "P11_003_02": null, "P11_003_03": null, "P11_003_04": null, "P11_003_05": null, "P11_003_06": null, "P11_003_07": null, "P11_003_08": null, "P11_003_09": null, "P11_003_10": null, "P11_003_11": null, "P11_003_12": null, "P11_003_13": null, "P11_003_14": null, "P11_003_15": null, "P11_003_16": null, "P11_003_17": null, "P11_003_18": null, "P11_003_19": null, "P11_003_20": null, "P11_003_21": null, "P11_003_22": null, "P11_003_23": null, "P11_003_24": null, "P11_003_25": null, "P11_003_26": null, "P11_003_27": null, "P11_003_28": null, "P11_003_29": null, "P11_003_30": null, "P11_003_31": null, "P11_003_32": null, "P11_003_33": null, "P11_003_34": null, "P11_003_35": null, "P11_004_01": "1", "P11_004_02": null, "P11_004_03": null, "P11_004_04": null, "P11_004_05": null, "P11_004_06": null, "P11_004_07": null, "P11_004_08": null, "P11_004_09": null, "P11_004_10": null, "P11_004_11": null, "P11_004_12": null, "P11_004_13": null, "P11_004_14": null, "P11_004_15": null, "P11_004_16": null, "P11_004_17": null, "P11_004_18": null, "P11_004_19": null, "P11_004_20": null, "P11_004_21": null, "P11_004_22": null, "P11_004_23": null, "P11_004_24": null, "P11_004_25": null, "P11_004_26": null, "P11_004_27": null, "P11_004_28": null, "P11_004_29": null, "P11_004_30": null, "P11_004_31": null, "P11_004_32": null, "P11_004_33": null, "P11_004_34": null, "P11_004_35": null, "P11_005": null, "index_right": 880 }, "geometry": { "type": "Point", "coordinates": [ 139.382950844862222, 35.337191878550563 ] } },
{ "type": "Feature", "properties": { "P11_001": "西小和田", "P11_002": "神奈川中央交通（株）", "P11_003_01": "藤07,藤08,辻01,東部循環市立病院線【小和田・松浪コース】", "P11_003_02": null, "P11_003_03": null, "P11_003_04": null, "P11_003_05": null, "P11_003_06": null, "P11_003_07": null, "P11_003_08": null, "P11_003_09": null, "P11_003_10": null, "P11_003_11": null, "P11_003_12": null, "P11_003_13": null, "P11_003_14": null, "P11_003_15": null, "P11_003_16": null, "P11_003_17": null, "P11_003_18": null, "P11_003_19": null, "P11_003_20": null, "P11_003_21": null, "P11_003_22": null, "P11_003_23": null, "P11_003_24": null, "P11_003_25": null, "P11_003_26": null, "P11_003_27": null, "P11_003_28": null, "P11_003_29": null, "P11_003_30": null, "P11_003_31": null, "P11_003_32": null, "P11_003_33": null, "P11_003_34": null, "P11_003_35": null, "P11_004_01": "1,1,1,1", "P11_004_02": null, "P11_004_03": null, "P11_004_04": null, "P11_004_05": null, "P11_004_06": null, "P11_004_07": null, "P11_004_08": null, "P11_004_09": null, "P11_004_10": null, "P11_004_11": null, "P11_004_12": null, "P11_004_13": null, "P11_004_14": null, "P11_004_15": null, "P11_004_16": null, "P11_004_17": null, "P11_004_18": null, "P11_004_19": null, "P11_004_20": null, "P11_004_21": null, "P11_004_22": null, "P11_004_23": null, "P11_004_24": null, "P11_004_25": null, "P11_004_26": null, "P11_004_27": null, "P11_004_28": null, "P11_004_29": null, "P11_004_30": null, "P11_004_31": null, "P11_004_32": null, "P11_004_33": null, "P11_004_34": null, "P11_004_35": null, "P11_005": null, "index_right": 880 }, "geometry": { "type": "Point", "coordinates": [ 139.430813345722839, 35.337181680135068 ] } },
{ "type": "Feature", "properties": { "P11_001": "小和田交番前", "P11_002": "神奈川中央交通（株）", "P11_003_01": "東部循環市立病院線【小和田・松浪コース】", "P11_003_02": null, "P11_003_03": null, "P11_003_04": null, "P11_003_05": null, "P11_003_06": null, "P11_003_07": null, "P11_003_08": null, "P11_003_09": null, "P11_003_10": null, "P11_003_11": null, "P11_003_12": null, "P11_003_13": null, "P11_003_14": null, "P11_003_15": null, "P11_003_16": null, "P11_003_17": null, "P11_003_18": null, "P11_003_19": null, "P11_003_20": null, "P11_003_21": null, "P11_003_22": null, "P11_003_23": null, "P11_003_24": null, "P11_003_25": null, "P11_003_26": null, "P11_003_27": null, "P11_003_28": null, "P11_003_29": null, "P11_003_30": null, "P11_003_31": null, "P11_003_32": null, "P11_003_33": null, "P11_003_34": null, "P11_003_35": null, "P11_004_01": "1", "P11_004_02": null, "P11_004_03": null, "P11_004_04": null, "P11_004_05": null, "P11_004_06": null, "P11_004_07": null, "P11_004_08": null, "P11_004_09": null, "P11_004_10": null, "P11_004_11": null, "P11_004_12": null, "P11_004_13": null, "P11_004_14": null, "P11_004_15": null, "P11_004_16": null, "P11_004_17": null, "P11_004_18": null, "P11_004_19": null, "P11_004_20": null, "P11_004_21": null, "P11_004_22": null, "P11_004_23": null, "P11_004_24": null, "P11_004_25": null, "P11_004_26": null, "P11_004_27": null, "P11_004_28": null, "P11_004_29": null, "P11_004_30": null, "P11_004_31": null, "P11_004_32": null, "P11_004_33": null, "P11_004_34": null, "P11_004_35": null, "P11_005": null, "index_right": 880 }, "geometry": { "type": "Point", "coordinates": [ 139.428006964611768, 35.337137918904062 ] } },
{ "type": "Feature", "properties": { "P11_001": "市民活動サポートセンター前", "P11_002": "神奈川中央交通（株）", "P11_003_01": "鶴嶺循環市立病院線【鶴嶺北コース】", "P11_003_02": null, "P11_003_03": null, "P11_003_04": null, "P11_003_05": null, "P11_003_06": null, "P11_003_07": null, "P11_003_08": null, "P11_003_09": null, "P11_003_10": null, "P11_003_11": null, "P11_003_12": null, "P11_003_13": null, "P11_003_14": null, "P11_003_15": null, "P11_003_16": null, "P11_003_17": null, "P11_003_18": null, "P11_003_19": null, "P11_003_20": null, "P11_003_21": null, "P11_003_22": null, "P11_003_23": null, "P11_003_24": null, "P11_003_25": null, "P11_003_26": null, "P11_003_27": null, "P11_003_28": null, "P11_003_29": null, "P11_003_30": null, "P11_003_31": null, "P11_003_32": null, "P11_003_33": null, "P11_003_34": null, "P11_003_35": null, "P11_004_01": "1", "P11_004_02": null, "P11_004_03": null, "P11_004_04": null, "P11_004_05": null, "P11_004_06": null, "P11_004_07": null, "P11_004_08": null, "P11_004_09": null, "P11_004_10": null, "P11_004_11": null, "P11_004_12": null, "P11_004_13": null, "P11_004_14": null, "P11_004_15": null, "P11_004_16": null, "P11_004_17": null, "P11_004_18": null, "P11_004_19": null, "P11_004_20": null, "P11_004_21": null, "P11_004_22": null, "P11_004_23": null, "P11_004_24": null, "P11_004_25": null, "P11_004_26": null, "P11_004_27": null, "P11_004_28": null, "P11_004_29": null, "P11_004_30": null, "P11_004_31": null, "P11_004_32": null, "P11_004_33": null, "P11_004_34": null, "P11_004_35": null, "P11_005": null, "index_right": 880 }, "geometry": { "type": "Point", "coordinates": [ 139.40331632792325, 35.337029400024107 ] } },
{ "type": "Feature", "properties": { "P11_001": "茅ヶ崎高校前", "P11_002": "神奈川中央交通（株）", "P11_003_01": "藤07,藤08,辻01", "P11_003_02": null, "P11_003_03": null, "P11_003_04": null, "P11_003_05": null, "P11_003_06": null, "P11_003_07": null, "P11_003_08": null, "P11_003_09": null, "P11_003_10": null, "P11_003_11": null, "P11_003_12": null, "P11_003_13": null, "P11_003_14": null, "P11_003_15": null, "P11_003_16": null, "P11_003_17": null, "P11_003_18": null, "P11_003_19": null, "P11_003_20": null, "P11_003_21": null, "P11_003_22": null, "P11_003_23": null, "P11_003_24": null, "P11_003_25": null, "P11_003_26": null, "P11_003_27": null, "P11_003_28": null, "P11_003_29": null, "P11_003_30": null, "P11_003_31": null, "P11_003_32": null, "P11_003_33": null, "P11_003_34": null, "P11_003_35": null, "P11_004_01": "1,1,1", "P11_004_02": null, "P11_004_03": null, "P11_004_04": null, "P11_004_05": null, "P11_004_06": null, "P11_004_07": null, "P11_004_08": null, "P11_004_09": null, "P11_004_10": null, "P11_004_11": null, "P11_004_12": null, "P11_004_13": null, "P11_004_14": null, "P11_004_15": null, "P11_004_16": null, "P11_004_17": null, "P11_004_18": null, "P11_004_19": null, "P11_004_20": null, "P11_004_21": null, "P11_004_22": null, "P11_004_23": null, "P11_004_24": null, "P11_004_25": null, "P11_004_26": null, "P11_004_27": null, "P11_004_28": null, "P11_004_29": null, "P11_004_30": null, "P11_004_31": null, "P11_004_32": null, "P11_004_33": null, "P11_004_34": null, "P11_004_35": null, "P11_005": null, "index_right": 880 }, "geometry": { "type": "Point", "coordinates": [ 139.418419425132896, 35.336938495370667 ] } },
{ "type": "Feature", "properties": { "P11_001": "伍仁原", "P11_002": "神奈川中央交通（株）", "P11_003_01": "東部循環市立病院線【小和田・松浪コース】", "P11_003_02": null, "P11_003_03": null, "P11_003_04": null, "P11_003_05": null, "P11_003_06": null, "P11_003_07": null, "P11_003_08": null, "P11_003_09": null, "P11_003_10": null, "P11_003_11": null, "P11_003_12": null, "P11_003_13": null, "P11_003_14": null, "P11_003_15": null, "P11_003_16": null, "P11_003_17": null, "P11_003_18": null, "P11_003_19": null, "P11_003_20": null, "P11_003_21": null, "P11_003_22": null, "P11_003_23": null, "P11_003_24": null, "P11_003_25": null, "P11_003_26": null, "P11_003_27": null, "P11_003_28": null, "P11_003_29": null, "P11_003_30": null, "P11_003_31": null, "P11_003_32": null, "P11_003_33": null, "P11_003_34": null, "P11_003_35": null, "P11_004_01": "1", "P11_004_02": null, "P11_004_03": null, "P11_004_04": null, "P11_004_05": null, "P11_004_06": null, "P11_004_07": null, "P11_004_08": null, "P11_004_09": null, "P11_004_10": null, "P11_004_11": null, "P11_004_12": null, "P11_004_13": null, "P11_004_14": null, "P11_004_15": null, "P11_004_16": null, "P11_004_17": null, "P11_004_18": null, "P11_004_19": null, "P11_004_20": null, "P11_004_21": null, "P11_004_22": null, "P11_004_23": null, "P11_004_24": null, "P11_004_25": null, "P11_004_26": null, "P11_004_27": null, "P11_004_28": null, "P11_004_29": null, "P11_004_30": null, "P11_004_31": null, "P11_004_32": null, "P11_004_33": null, "P11_004_34": null, "P11_004_35": null, "P11_005": null, "index_right": 880 }, "geometry": { "type": "Point", "coordinates": [ 139.433053624655543, 35.336832397250525 ] } },
{ "type": "Feature", "properties": { "P11_001": "登象", "P11_002": "神奈川中央交通（株）", "P11_003_01": "茅45,茅48,茅52,茅53,茅54", "P11_003_02": null, "P11_003_03": null, "P11_003_04": null, "P11_003_05": null, "P11_003_06": null, "P11_003_07": null, "P11_003_08": null, "P11_003_09": null, "P11_003_10": null, "P11_003_11": null, "P11_003_12": null, "P11_003_13": null, "P11_003_14": null, "P11_003_15": null, "P11_003_16": null, "P11_003_17": null, "P11_003_18": null, "P11_003_19": null, "P11_003_20": null, "P11_003_21": null, "P11_003_22": null, "P11_003_23": null, "P11_003_24": null, "P11_003_25": null, "P11_003_26": null, "P11_003_27": null, "P11_003_28": null, "P11_003_29": null, "P11_003_30": null, "P11_003_31": null, "P11_003_32": null, "P11_003_33": null, "P11_003_34": null, "P11_003_35": null, "P11_004_01": "1,1,1,1,1", "P11_004_02": null, "P11_004_03": null, "P11_004_04": null, "P11_004_05": null, "P11_004_06": null, "P11_004_07": null, "P11_004_08": null, "P11_004_09": null, "P11_004_10": null, "P11_004_11": null, "P11_004_12": null, "P11_004_13": null, "P11_004_14": null, "P11_004_15": null, "P11_004_16": null, "P11_004_17": null, "P11_004_18": null, "P11_004_19": null, "P11_004_20": null, "P11_004_21": null, "P11_004_22": null, "P11_004_23": null, "P11_004_24": null, "P11_004_25": null, "P11_004_26": null, "P11_004_27": null, "P11_004_28": null, "P11_004_29": null, "P11_004_30": null, "P11_004_31": null, "P11_004_32": null, "P11_004_33": null, "P11_004_34": null, "P11_004_35": null, "P11_005": null, "index_right": 880 }, "geometry": { "type": "Point", "coordinates": [ 139.393632783641777, 35.336700864449895 ] } },
{ "type": "Feature", "properties": { "P11_001": "鶴嶺八幡宮", "P11_002": "神奈川中央交通（株）", "P11_003_01": "鶴嶺循環市立病院線【鶴嶺南コース】", "P11_003_02": null, "P11_003_03": null, "P11_003_04": null, "P11_003_05": null, "P11_003_06": null, "P11_003_07": null, "P11_003_08": null, "P11_003_09": null, "P11_003_10": null, "P11_003_11": null, "P11_003_12": null, "P11_003_13": null, "P11_003_14": null, "P11_003_15": null, "P11_003_16": null, "P11_003_17": null, "P11_003_18": null, "P11_003_19": null, "P11_003_20": null, "P11_003_21": null, "P11_003_22": null, "P11_003_23": null, "P11_003_24": null, "P11_003_25": null, "P11_003_26": null, "P11_003_27": null, "P11_003_28": null, "P11_003_29": null, "P11_003_30": null, "P11_003_31": null, "P11_003_32": null, "P11_003_33": null, "P11_003_34": null, "P11_003_35": null, "P11_004_01": "1", "P11_004_02": null, "P11_004_03": null, "P11_004_04": null, "P11_004_05": null, "P11_004_06": null, "P11_004_07": null, "P11_004_08": null, "P11_004_09": null, "P11_004_10": null, "P11_004_11": null, "P11_004_12": null, "P11_004_13": null, "P11_004_14": null, "P11_004_15": null, "P11_004_16": null, "P11_004_17": null, "P11_004_18": null, "P11_004_19": null, "P11_004_20": null, "P11_004_21": null, "P11_004_22": null, "P11_004_23": null, "P11_004_24": null, "P11_004_25": null, "P11_004_26": null, "P11_004_27": null, "P11_004_28": null, "P11_004_29": null, "P11_004_30": null, "P11_004_31": null, "P11_004_32": null, "P11_004_33": null, "P11_004_34": null, "P11_004_35": null, "P11_005": null, "index_right": 880 }, "geometry": { "type": "Point", "coordinates": [ 139.392155635095776, 35.336692490930893 ] } },
{ "type": "Feature", "properties": { "P11_001": "今宿市営住宅前", "P11_002": "神奈川中央交通（株）", "P11_003_01": "鶴嶺循環市立病院線【鶴嶺南コース】", "P11_003_02": null, "P11_003_03": null, "P11_003_04": null, "P11_003_05": null, "P11_003_06": null, "P11_003_07": null, "P11_003_08": null, "P11_003_09": null, "P11_003_10": null, "P11_003_11": null, "P11_003_12": null, "P11_003_13": null, "P11_003_14": null, "P11_003_15": null, "P11_003_16": null, "P11_003_17": null, "P11_003_18": null, "P11_003_19": null, "P11_003_20": null, "P11_003_21": null, "P11_003_22": null, "P11_003_23": null, "P11_003_24": null, "P11_003_25": null, "P11_003_26": null, "P11_003_27": null, "P11_003_28": null, "P11_003_29": null, "P11_003_30": null, "P11_003_31": null, "P11_003_32": null, "P11_003_33": null, "P11_003_34": null, "P11_003_35": null, "P11_004_01": "1", "P11_004_02": null, "P11_004_03": null, "P11_004_04": null, "P11_004_05": null, "P11_004_06": null, "P11_004_07": null, "P11_004_08": null, "P11_004_09": null, "P11_004_10": null, "P11_004_11": null, "P11_004_12": null, "P11_004_13": null, "P11_004_14": null, "P11_004_15": null, "P11_004_16": null, "P11_004_17": null, "P11_004_18": null, "P11_004_19": null, "P11_004_20": null, "P11_004_21": null, "P11_004_22": null, "P11_004_23": null, "P11_004_24": null, "P11_004_25": null, "P11_004_26": null, "P11_004_27": null, "P11_004_28": null, "P11_004_29": null, "P11_004_30": null, "P11_004_31": null, "P11_004_32": null, "P11_004_33": null, "P11_004_34": null, "P11_004_35": null, "P11_005": null, "index_right": 880 }, "geometry": { "type": "Point", "coordinates": [ 139.385564900738757, 35.336375979906514 ] } },
{ "type": "Feature", "properties": { "P11_001": "浜竹二丁目", "P11_002": "神奈川中央交通（株）", "P11_003_01": "東部循環市立病院線【小和田・松浪コース】", "P11_003_02": null, "P11_003_03": null, "P11_003_04": null, "P11_003_05": null, "P11_003_06": null, "P11_003_07": null, "P11_003_08": null, "P11_003_09": null, "P11_003_10": null, "P11_003_11": null, "P11_003_12": null, "P11_003_13": null, "P11_003_14": null, "P11_003_15": null, "P11_003_16": null, "P11_003_17": null, "P11_003_18": null, "P11_003_19": null, "P11_003_20": null, "P11_003_21": null, "P11_003_22": null, "P11_003_23": null, "P11_003_24": null, "P11_003_25": null, "P11_003_26": null, "P11_003_27": null, "P11_003_28": null, "P11_003_29": null, "P11_003_30": null, "P11_003_31": null, "P11_003_32": null, "P11_003_33": null, "P11_003_34": null, "P11_003_35": null, "P11_004_01": "1", "P11_004_02": null, "P11_004_03": null, "P11_004_04": null, "P11_004_05": null, "P11_004_06": null, "P11_004_07": null, "P11_004_08": null, "P11_004_09": null, "P11_004_10": null, "P11_004_11": null, "P11_004_12": null, "P11_004_13": null, "P11_004_14": null, "P11_004_15": null, "P11_004_16": null, "P11_004_17": null, "P11_004_18": null, "P11_004_19": null, "P11_004_20": null, "P11_004_21": null, "P11_004_22": null, "P11_004_23": null, "P11_004_24": null, "P11_004_25": null, "P11_004_26": null, "P11_004_27": null, "P11_004_28": null, "P11_004_29": null, "P11_004_30": null, "P11_004_31": null, "P11_004_32": null, "P11_004_33": null, "P11_004_34": null, "P11_004_35": null, "P11_005": null, "index_right": 880 }, "geometry": { "type": "Point", "coordinates": [ 139.439380312662479, 35.336369418043788 ] } },
{ "type": "Feature", "properties": { "P11_001": "ジャスコ東", "P11_002": "神奈川中央交通（株）", "P11_003_01": "鶴嶺循環市立病院線【鶴嶺北コース】", "P11_003_02": null, "P11_003_03": null, "P11_003_04": null, "P11_003_05": null, "P11_003_06": null, "P11_003_07": null, "P11_003_08": null, "P11_003_09": null, "P11_003_10": null, "P11_003_11": null, "P11_003_12": null, "P11_003_13": null, "P11_003_14": null, "P11_003_15": null, "P11_003_16": null, "P11_003_17": null, "P11_003_18": null, "P11_003_19": null, "P11_003_20": null, "P11_003_21": null, "P11_003_22": null, "P11_003_23": null, "P11_003_24": null, "P11_003_25": null, "P11_003_26": null, "P11_003_27": null, "P11_003_28": null, "P11_003_29": null, "P11_003_30": null, "P11_003_31": null, "P11_003_32": null, "P11_003_33": null, "P11_003_34": null, "P11_003_35": null, "P11_004_01": "1", "P11_004_02": null, "P11_004_03": null, "P11_004_04": null, "P11_004_05": null, "P11_004_06": null, "P11_004_07": null, "P11_004_08": null, "P11_004_09": null, "P11_004_10": null, "P11_004_11": null, "P11_004_12": null, "P11_004_13": null, "P11_004_14": null, "P11_004_15": null, "P11_004_16": null, "P11_004_17": null, "P11_004_18": null, "P11_004_19": null, "P11_004_20": null, "P11_004_21": null, "P11_004_22": null, "P11_004_23": null, "P11_004_24": null, "P11_004_25": null, "P11_004_26": null, "P11_004_27": null, "P11_004_28": null, "P11_004_29": null, "P11_004_30": null, "P11_004_31": null, "P11_004_32": null, "P11_004_33": null, "P11_004_34": null, "P11_004_35": null, "P11_005": null, "index_right": 880 }, "geometry": { "type": "Point", "coordinates": [ 139.403802460253587, 35.336364532394249 ] } },
{ "type": "Feature", "properties": { "P11_001": "辻堂駅西口", "P11_002": "（株）江ノ電バス", "P11_003_01": "J2", "P11_003_02": null, "P11_003_03": null, "P11_003_04": null, "P11_003_05": null, "P11_003_06": null, "P11_003_07": null, "P11_003_08": null, "P11_003_09": null, "P11_003_10": null, "P11_003_11": null, "P11_003_12": null, "P11_003_13": null, "P11_003_14": null, "P11_003_15": null, "P11_003_16": null, "P11_003_17": null, "P11_003_18": null, "P11_003_19": null, "P11_003_20": null, "P11_003_21": null, "P11_003_22": null, "P11_003_23": null, "P11_003_24": null, "P11_003_25": null, "P11_003_26": null, "P11_003_27": null, "P11_003_28": null, "P11_003_29": null, "P11_003_30": null, "P11_003_31": null, "P11_003_32": null, "P11_003_33": null, "P11_003_34": null, "P11_003_35": null, "P11_004_01": "1", "P11_004_02": null, "P11_004_03": null, "P11_004_04": null, "P11_004_05": null, "P11_004_06": null, "P11_004_07": null, "P11_004_08": null, "P11_004_09": null, "P11_004_10": null, "P11_004_11": null, "P11_004_12": null, "P11_004_13": null, "P11_004_14": null, "P11_004_15": null, "P11_004_16": null, "P11_004_17": null, "P11_004_18": null, "P11_004_19": null, "P11_004_20": null, "P11_004_21": null, "P11_004_22": null, "P11_004_23": null, "P11_004_24": null, "P11_004_25": null, "P11_004_26": null, "P11_004_27": null, "P11_004_28": null, "P11_004_29": null, "P11_004_30": null, "P11_004_31": null, "P11_004_32": null, "P11_004_33": null, "P11_004_34": null, "P11_004_35": null, "P11_005": null, "index_right": 880 }, "geometry": { "type": "Point", "coordinates": [ 139.443381768623851, 35.336361271364069 ] } },
{ "type": "Feature", "properties": { "P11_001": "辻堂駅西口", "P11_002": "神奈川中央交通（株）", "P11_003_01": "辻12,東部循環市立病院線【小和田・松浪コース】", "P11_003_02": null, "P11_003_03": null, "P11_003_04": null, "P11_003_05": null, "P11_003_06": null, "P11_003_07": null, "P11_003_08": null, "P11_003_09": null, "P11_003_10": null, "P11_003_11": null, "P11_003_12": null, "P11_003_13": null, "P11_003_14": null, "P11_003_15": null, "P11_003_16": null, "P11_003_17": null, "P11_003_18": null, "P11_003_19": null, "P11_003_20": null, "P11_003_21": null, "P11_003_22": null, "P11_003_23": null, "P11_003_24": null, "P11_003_25": null, "P11_003_26": null, "P11_003_27": null, "P11_003_28": null, "P11_003_29": null, "P11_003_30": null, "P11_003_31": null, "P11_003_32": null, "P11_003_33": null, "P11_003_34": null, "P11_003_35": null, "P11_004_01": "1,1", "P11_004_02": null, "P11_004_03": null, "P11_004_04": null, "P11_004_05": null, "P11_004_06": null, "P11_004_07": null, "P11_004_08": null, "P11_004_09": null, "P11_004_10": null, "P11_004_11": null, "P11_004_12": null, "P11_004_13": null, "P11_004_14": null, "P11_004_15": null, "P11_004_16": null, "P11_004_17": null, "P11_004_18": null, "P11_004_19": null, "P11_004_20": null, "P11_004_21": null, "P11_004_22": null, "P11_004_23": null, "P11_004_24": null, "P11_004_25": null, "P11_004_26": null, "P11_004_27": null, "P11_004_28": null, "P11_004_29": null, "P11_004_30": null, "P11_004_31": null, "P11_004_32": null, "P11_004_33": null, "P11_004_34": null, "P11_004_35": null, "P11_005": null, "index_right": 880 }, "geometry": { "type": "Point", "coordinates": [ 139.443381768623851, 35.336361271364069 ] } },
{ "type": "Feature", "properties": { "P11_001": "県住入口", "P11_002": "神奈川中央交通（株）", "P11_003_01": "茅41,鶴嶺循環市立病院線【鶴嶺南コース】", "P11_003_02": null, "P11_003_03": null, "P11_003_04": null, "P11_003_05": null, "P11_003_06": null, "P11_003_07": null, "P11_003_08": null, "P11_003_09": null, "P11_003_10": null, "P11_003_11": null, "P11_003_12": null, "P11_003_13": null, "P11_003_14": null, "P11_003_15": null, "P11_003_16": null, "P11_003_17": null, "P11_003_18": null, "P11_003_19": null, "P11_003_20": null, "P11_003_21": null, "P11_003_22": null, "P11_003_23": null, "P11_003_24": null, "P11_003_25": null, "P11_003_26": null, "P11_003_27": null, "P11_003_28": null, "P11_003_29": null, "P11_003_30": null, "P11_003_31": null, "P11_003_32": null, "P11_003_33": null, "P11_003_34": null, "P11_003_35": null, "P11_004_01": "1,1", "P11_004_02": null, "P11_004_03": null, "P11_004_04": null, "P11_004_05": null, "P11_004_06": null, "P11_004_07": null, "P11_004_08": null, "P11_004_09": null, "P11_004_10": null, "P11_004_11": null, "P11_004_12": null, "P11_004_13": null, "P11_004_14": null, "P11_004_15": null, "P11_004_16": null, "P11_004_17": null, "P11_004_18": null, "P11_004_19": null, "P11_004_20": null, "P11_004_21": null, "P11_004_22": null, "P11_004_23": null, "P11_004_24": null, "P11_004_25": null, "P11_004_26": null, "P11_004_27": null, "P11_004_28": null, "P11_004_29": null, "P11_004_30": null, "P11_004_31": null, "P11_004_32": null, "P11_004_33": null, "P11_004_34": null, "P11_004_35": null, "P11_005": null, "index_right": 880 }, "geometry": { "type": "Point", "coordinates": [ 139.38295099441018, 35.336284009689692 ] } },
{ "type": "Feature", "properties": { "P11_001": "浜竹一丁目", "P11_002": "神奈川中央交通（株）", "P11_003_01": "東部循環市立病院線【小和田・松浪コース】", "P11_003_02": null, "P11_003_03": null, "P11_003_04": null, "P11_003_05": null, "P11_003_06": null, "P11_003_07": null, "P11_003_08": null, "P11_003_09": null, "P11_003_10": null, "P11_003_11": null, "P11_003_12": null, "P11_003_13": null, "P11_003_14": null, "P11_003_15": null, "P11_003_16": null, "P11_003_17": null, "P11_003_18": null, "P11_003_19": null, "P11_003_20": null, "P11_003_21": null, "P11_003_22": null, "P11_003_23": null, "P11_003_24": null, "P11_003_25": null, "P11_003_26": null, "P11_003_27": null, "P11_003_28": null, "P11_003_29": null, "P11_003_30": null, "P11_003_31": null, "P11_003_32": null, "P11_003_33": null, "P11_003_34": null, "P11_003_35": null, "P11_004_01": "1", "P11_004_02": null, "P11_004_03": null, "P11_004_04": null, "P11_004_05": null, "P11_004_06": null, "P11_004_07": null, "P11_004_08": null, "P11_004_09": null, "P11_004_10": null, "P11_004_11": null, "P11_004_12": null, "P11_004_13": null, "P11_004_14": null, "P11_004_15": null, "P11_004_16": null, "P11_004_17": null, "P11_004_18": null, "P11_004_19": null, "P11_004_20": null, "P11_004_21": null, "P11_004_22": null, "P11_004_23": null, "P11_004_24": null, "P11_004_25": null, "P11_004_26": null, "P11_004_27": null, "P11_004_28": null, "P11_004_29": null, "P11_004_30": null, "P11_004_31": null, "P11_004_32": null, "P11_004_33": null, "P11_004_34": null, "P11_004_35": null, "P11_005": null, "index_right": 880 }, "geometry": { "type": "Point", "coordinates": [ 139.436098269980477, 35.336203450748258 ] } },
{ "type": "Feature", "properties": { "P11_001": "伍仁原踏切", "P11_002": "神奈川中央交通（株）", "P11_003_01": "東部循環市立病院線【小和田・松浪コース】", "P11_003_02": null, "P11_003_03": null, "P11_003_04": null, "P11_003_05": null, "P11_003_06": null, "P11_003_07": null, "P11_003_08": null, "P11_003_09": null, "P11_003_10": null, "P11_003_11": null, "P11_003_12": null, "P11_003_13": null, "P11_003_14": null, "P11_003_15": null, "P11_003_16": null, "P11_003_17": null, "P11_003_18": null, "P11_003_19": null, "P11_003_20": null, "P11_003_21": null, "P11_003_22": null, "P11_003_23": null, "P11_003_24": null, "P11_003_25": null, "P11_003_26": null, "P11_003_27": null, "P11_003_28": null, "P11_003_29": null, "P11_003_30": null, "P11_003_31": null, "P11_003_32": null, "P11_003_33": null, "P11_003_34": null, "P11_003_35": null, "P11_004_01": "1", "P11_004_02": null, "P11_004_03": null, "P11_004_04": null, "P11_004_05": null, "P11_004_06": null, "P11_004_07": null, "P11_004_08": null, "P11_004_09": null, "P11_004_10": null, "P11_004_11": null, "P11_004_12": null, "P11_004_13": null, "P11_004_14": null, "P11_004_15": null, "P11_004_16": null, "P11_004_17": null, "P11_004_18": null, "P11_004_19": null, "P11_004_20": null, "P11_004_21": null, "P11_004_22": null, "P11_004_23": null, "P11_004_24": null, "P11_004_25": null, "P11_004_26": null, "P11_004_27": null, "P11_004_28": null, "P11_004_29": null, "P11_004_30": null, "P11_004_31": null, "P11_004_32": null, "P11_004_33": null, "P11_004_34": null, "P11_004_35": null, "P11_005": null, "index_right": 880 }, "geometry": { "type": "Point", "coordinates": [ 139.434457249348554, 35.336131438137386 ] } },
{ "type": "Feature", "properties": { "P11_001": "本村", "P11_002": "神奈川中央交通（株）", "P11_003_01": "藤07,藤08,辻01,茅14,茅16,辻09,藤21", "P11_003_02": null, "P11_003_03": null, "P11_003_04": null, "P11_003_05": null, "P11_003_06": null, "P11_003_07": null, "P11_003_08": null, "P11_003_09": null, "P11_003_10": null, "P11_003_11": null, "P11_003_12": null, "P11_003_13": null, "P11_003_14": null, "P11_003_15": null, "P11_003_16": null, "P11_003_17": null, "P11_003_18": null, "P11_003_19": null, "P11_003_20": null, "P11_003_21": null, "P11_003_22": null, "P11_003_23": null, "P11_003_24": null, "P11_003_25": null, "P11_003_26": null, "P11_003_27": null, "P11_003_28": null, "P11_003_29": null, "P11_003_30": null, "P11_003_31": null, "P11_003_32": null, "P11_003_33": null, "P11_003_34": null, "P11_003_35": null, "P11_004_01": "1,1,1,1,1,1,1", "P11_004_02": null, "P11_004_03": null, "P11_004_04": null, "P11_004_05": null, "P11_004_06": null, "P11_004_07": null, "P11_004_08": null, "P11_004_09": null, "P11_004_10": null, "P11_004_11": null, "P11_004_12": null, "P11_004_13": null, "P11_004_14": null, "P11_004_15": null, "P11_004_16": null, "P11_004_17": null, "P11_004_18": null, "P11_004_19": null, "P11_004_20": null, "P11_004_21": null, "P11_004_22": null, "P11_004_23": null, "P11_004_24": null, "P11_004_25": null, "P11_004_26": null, "P11_004_27": null, "P11_004_28": null, "P11_004_29": null, "P11_004_30": null, "P11_004_31": null, "P11_004_32": null, "P11_004_33": null, "P11_004_34": null, "P11_004_35": null, "P11_005": null, "index_right": 880 }, "geometry": { "type": "Point", "coordinates": [ 139.41331579416098, 35.336031926056307 ] } },
{ "type": "Feature", "properties": { "P11_001": "肥地力", "P11_002": "神奈川中央交通（株）", "P11_003_01": "茅45,茅48,茅52,茅53,茅54,茅25,茅26", "P11_003_02": null, "P11_003_03": null, "P11_003_04": null, "P11_003_05": null, "P11_003_06": null, "P11_003_07": null, "P11_003_08": null, "P11_003_09": null, "P11_003_10": null, "P11_003_11": null, "P11_003_12": null, "P11_003_13": null, "P11_003_14": null, "P11_003_15": null, "P11_003_16": null, "P11_003_17": null, "P11_003_18": null, "P11_003_19": null, "P11_003_20": null, "P11_003_21": null, "P11_003_22": null, "P11_003_23": null, "P11_003_24": null, "P11_003_25": null, "P11_003_26": null, "P11_003_27": null, "P11_003_28": null, "P11_003_29": null, "P11_003_30": null, "P11_003_31": null, "P11_003_32": null, "P11_003_33": null, "P11_003_34": null, "P11_003_35": null, "P11_004_01": "1,1,1,1,1,1,1", "P11_004_02": null, "P11_004_03": null, "P11_004_04": null, "P11_004_05": null, "P11_004_06": null, "P11_004_07": null, "P11_004_08": null, "P11_004_09": null, "P11_004_10": null, "P11_004_11": null, "P11_004_12": null, "P11_004_13": null, "P11_004_14": null, "P11_004_15": null, "P11_004_16": null, "P11_004_17": null, "P11_004_18": null, "P11_004_19": null, "P11_004_20": null, "P11_004_21": null, "P11_004_22": null, "P11_004_23": null, "P11_004_24": null, "P11_004_25": null, "P11_004_26": null, "P11_004_27": null, "P11_004_28": null, "P11_004_29": null, "P11_004_30": null, "P11_004_31": null, "P11_004_32": null, "P11_004_33": null, "P11_004_34": null, "P11_004_35": null, "P11_005": null, "index_right": 880 }, "geometry": { "type": "Point", "coordinates": [ 139.398782896399752, 35.335819793703308 ] } },
{ "type": "Feature", "properties": { "P11_001": "ジャスコ前", "P11_002": "神奈川中央交通（株）", "P11_003_01": "茅45,茅48,茅52,茅53,茅54,茅25,茅26,鶴嶺循環市立病院線【鶴嶺南コース】", "P11_003_02": null, "P11_003_03": null, "P11_003_04": null, "P11_003_05": null, "P11_003_06": null, "P11_003_07": null, "P11_003_08": null, "P11_003_09": null, "P11_003_10": null, "P11_003_11": null, "P11_003_12": null, "P11_003_13": null, "P11_003_14": null, "P11_003_15": null, "P11_003_16": null, "P11_003_17": null, "P11_003_18": null, "P11_003_19": null, "P11_003_20": null, "P11_003_21": null, "P11_003_22": null, "P11_003_23": null, "P11_003_24": null, "P11_003_25": null, "P11_003_26": null, "P11_003_27": null, "P11_003_28": null, "P11_003_29": null, "P11_003_30": null, "P11_003_31": null, "P11_003_32": null, "P11_003_33": null, "P11_003_34": null, "P11_003_35": null, "P11_004_01": "1,1,1,1,1,1,1,1", "P11_004_02": null, "P11_004_03": null, "P11_004_04": null, "P11_004_05": null, "P11_004_06": null, "P11_004_07": null, "P11_004_08": null, "P11_004_09": null, "P11_004_10": null, "P11_004_11": null, "P11_004_12": null, "P11_004_13": null, "P11_004_14": null, "P11_004_15": null, "P11_004_16": null, "P11_004_17": null, "P11_004_18": null, "P11_004_19": null, "P11_004_20": null, "P11_004_21": null, "P11_004_22": null, "P11_004_23": null, "P11_004_24": null, "P11_004_25": null, "P11_004_26": null, "P11_004_27": null, "P11_004_28": null, "P11_004_29": null, "P11_004_30": null, "P11_004_31": null, "P11_004_32": null, "P11_004_33": null, "P11_004_34": null, "P11_004_35": null, "P11_005": null, "index_right": 880 }, "geometry": { "type": "Point", "coordinates": [ 139.40299237640707, 35.33544747075603 ] } },
{ "type": "Feature", "properties": { "P11_001": "松浪自治会館前", "P11_002": "神奈川中央交通（株）", "P11_003_01": "東部循環市立病院線【小和田・松浪コース】", "P11_003_02": null, "P11_003_03": null, "P11_003_04": null, "P11_003_05": null, "P11_003_06": null, "P11_003_07": null, "P11_003_08": null, "P11_003_09": null, "P11_003_10": null, "P11_003_11": null, "P11_003_12": null, "P11_003_13": null, "P11_003_14": null, "P11_003_15": null, "P11_003_16": null, "P11_003_17": null, "P11_003_18": null, "P11_003_19": null, "P11_003_20": null, "P11_003_21": null, "P11_003_22": null, "P11_003_23": null, "P11_003_24": null, "P11_003_25": null, "P11_003_26": null, "P11_003_27": null, "P11_003_28": null, "P11_003_29": null, "P11_003_30": null, "P11_003_31": null, "P11_003_32": null, "P11_003_33": null, "P11_003_34": null, "P11_003_35": null, "P11_004_01": "1", "P11_004_02": null, "P11_004_03": null, "P11_004_04": null, "P11_004_05": null, "P11_004_06": null, "P11_004_07": null, "P11_004_08": null, "P11_004_09": null, "P11_004_10": null, "P11_004_11": null, "P11_004_12": null, "P11_004_13": null, "P11_004_14": null, "P11_004_15": null, "P11_004_16": null, "P11_004_17": null, "P11_004_18": null, "P11_004_19": null, "P11_004_20": null, "P11_004_21": null, "P11_004_22": null, "P11_004_23": null, "P11_004_24": null, "P11_004_25": null, "P11_004_26": null, "P11_004_27": null, "P11_004_28": null, "P11_004_29": null, "P11_004_30": null, "P11_004_31": null, "P11_004_32": null, "P11_004_33": null, "P11_004_34": null, "P11_004_35": null, "P11_005": null, "index_right": 880 }, "geometry": { "type": "Point", "coordinates": [ 139.432927017675894, 35.335444492164093 ] } },
{ "type": "Feature", "properties": { "P11_001": "本村二丁目", "P11_002": "神奈川中央交通（株）", "P11_003_01": "中海岸南湖循環私立病院線,東部循環市立病院線【松が丘コース】", "P11_003_02": null, "P11_003_03": null, "P11_003_04": null, "P11_003_05": null, "P11_003_06": null, "P11_003_07": null, "P11_003_08": null, "P11_003_09": null, "P11_003_10": null, "P11_003_11": null, "P11_003_12": null, "P11_003_13": null, "P11_003_14": null, "P11_003_15": null, "P11_003_16": null, "P11_003_17": null, "P11_003_18": null, "P11_003_19": null, "P11_003_20": null, "P11_003_21": null, "P11_003_22": null, "P11_003_23": null, "P11_003_24": null, "P11_003_25": null, "P11_003_26": null, "P11_003_27": null, "P11_003_28": null, "P11_003_29": null, "P11_003_30": null, "P11_003_31": null, "P11_003_32": null, "P11_003_33": null, "P11_003_34": null, "P11_003_35": null, "P11_004_01": "1,1", "P11_004_02": null, "P11_004_03": null, "P11_004_04": null, "P11_004_05": null, "P11_004_06": null, "P11_004_07": null, "P11_004_08": null, "P11_004_09": null, "P11_004_10": null, "P11_004_11": null, "P11_004_12": null, "P11_004_13": null, "P11_004_14": null, "P11_004_15": null, "P11_004_16": null, "P11_004_17": null, "P11_004_18": null, "P11_004_19": null, "P11_004_20": null, "P11_004_21": null, "P11_004_22": null, "P11_004_23": null, "P11_004_24": null, "P11_004_25": null, "P11_004_26": null, "P11_004_27": null, "P11_004_28": null, "P11_004_29": null, "P11_004_30": null, "P11_004_31": null, "P11_004_32": null, "P11_004_33": null, "P11_004_34": null, "P11_004_35": null, "P11_005": null, "index_right": 880 }, "geometry": { "type": "Point", "coordinates": [ 139.414723403800394, 35.335229926194664 ] } },
{ "type": "Feature", "properties": { "P11_001": "市民文化会館前", "P11_002": "神奈川中央交通（株）", "P11_003_01": "茅45,茅48,茅52,茅53,茅54,茅25,茅26,鶴嶺循環市立病院線【鶴嶺北コース】,鶴嶺循環市立病院線【鶴嶺南コース】", "P11_003_02": null, "P11_003_03": null, "P11_003_04": null, "P11_003_05": null, "P11_003_06": null, "P11_003_07": null, "P11_003_08": null, "P11_003_09": null, "P11_003_10": null, "P11_003_11": null, "P11_003_12": null, "P11_003_13": null, "P11_003_14": null, "P11_003_15": null, "P11_003_16": null, "P11_003_17": null, "P11_003_18": null, "P11_003_19": null, "P11_003_20": null, "P11_003_21": null, "P11_003_22": null, "P11_003_23": null, "P11_003_24": null, "P11_003_25": null, "P11_003_26": null, "P11_003_27": null, "P11_003_28": null, "P11_003_29": null, "P11_003_30": null, "P11_003_31": null, "P11_003_32": null, "P11_003_33": null, "P11_003_34": null, "P11_003_35": null, "P11_004_01": "1,1,1,1,1,1,1,1,1", "P11_004_02": null, "P11_004_03": null, "P11_004_04": null, "P11_004_05": null, "P11_004_06": null, "P11_004_07": null, "P11_004_08": null, "P11_004_09": null, "P11_004_10": null, "P11_004_11": null, "P11_004_12": null, "P11_004_13": null, "P11_004_14": null, "P11_004_15": null, "P11_004_16": null, "P11_004_17": null, "P11_004_18": null, "P11_004_19": null, "P11_004_20": null, "P11_004_21": null, "P11_004_22": null, "P11_004_23": null, "P11_004_24": null, "P11_004_25": null, "P11_004_26": null, "P11_004_27": null, "P11_004_28": null, "P11_004_29": null, "P11_004_30": null, "P11_004_31": null, "P11_004_32": null, "P11_004_33": null, "P11_004_34": null, "P11_004_35": null, "P11_005": null, "index_right": 880 }, "geometry": { "type": "Point", "coordinates": [ 139.404808422554822, 35.335012877208413 ] } },
{ "type": "Feature", "properties": { "P11_001": "入ノ田", "P11_002": "神奈川中央交通（株）", "P11_003_01": "鶴嶺循環市立病院線【鶴嶺南コース】", "P11_003_02": null, "P11_003_03": null, "P11_003_04": null, "P11_003_05": null, "P11_003_06": null, "P11_003_07": null, "P11_003_08": null, "P11_003_09": null, "P11_003_10": null, "P11_003_11": null, "P11_003_12": null, "P11_003_13": null, "P11_003_14": null, "P11_003_15": null, "P11_003_16": null, "P11_003_17": null, "P11_003_18": null, "P11_003_19": null, "P11_003_20": null, "P11_003_21": null, "P11_003_22": null, "P11_003_23": null, "P11_003_24": null, "P11_003_25": null, "P11_003_26": null, "P11_003_27": null, "P11_003_28": null, "P11_003_29": null, "P11_003_30": null, "P11_003_31": null, "P11_003_32": null, "P11_003_33": null, "P11_003_34": null, "P11_003_35": null, "P11_004_01": "1", "P11_004_02": null, "P11_004_03": null, "P11_004_04": null, "P11_004_05": null, "P11_004_06": null, "P11_004_07": null, "P11_004_08": null, "P11_004_09": null, "P11_004_10": null, "P11_004_11": null, "P11_004_12": null, "P11_004_13": null, "P11_004_14": null, "P11_004_15": null, "P11_004_16": null, "P11_004_17": null, "P11_004_18": null, "P11_004_19": null, "P11_004_20": null, "P11_004_21": null, "P11_004_22": null, "P11_004_23": null, "P11_004_24": null, "P11_004_25": null, "P11_004_26": null, "P11_004_27": null, "P11_004_28": null, "P11_004_29": null, "P11_004_30": null, "P11_004_31": null, "P11_004_32": null, "P11_004_33": null, "P11_004_34": null, "P11_004_35": null, "P11_005": null, "index_right": 880 }, "geometry": { "type": "Point", "coordinates": [ 139.384233840488236, 35.334837367175787 ] } },
{ "type": "Feature", "properties": { "P11_001": "中央公園前", "P11_002": "神奈川中央交通（株）", "P11_003_01": "湘11,茅03,茅50,茅15,茅17,茅19,茅81,茅82,鶴嶺循環市立病院線【鶴嶺北コース】,鶴嶺循環市立病院線【鶴嶺南コース】", "P11_003_02": null, "P11_003_03": null, "P11_003_04": null, "P11_003_05": null, "P11_003_06": null, "P11_003_07": null, "P11_003_08": null, "P11_003_09": null, "P11_003_10": null, "P11_003_11": null, "P11_003_12": null, "P11_003_13": null, "P11_003_14": null, "P11_003_15": null, "P11_003_16": null, "P11_003_17": null, "P11_003_18": null, "P11_003_19": null, "P11_003_20": null, "P11_003_21": null, "P11_003_22": null, "P11_003_23": null, "P11_003_24": null, "P11_003_25": null, "P11_003_26": null, "P11_003_27": null, "P11_003_28": null, "P11_003_29": null, "P11_003_30": null, "P11_003_31": null, "P11_003_32": null, "P11_003_33": null, "P11_003_34": null, "P11_003_35": null, "P11_004_01": "1,1,1,1,1,1,1,1,1,1", "P11_004_02": null, "P11_004_03": null, "P11_004_04": null, "P11_004_05": null, "P11_004_06": null, "P11_004_07": null, "P11_004_08": null, "P11_004_09": null, "P11_004_10": null, "P11_004_11": null, "P11_004_12": null, "P11_004_13": null, "P11_004_14": null, "P11_004_15": null, "P11_004_16": null, "P11_004_17": null, "P11_004_18": null, "P11_004_19": null, "P11_004_20": null, "P11_004_21": null, "P11_004_22": null, "P11_004_23": null, "P11_004_24": null, "P11_004_25": null, "P11_004_26": null, "P11_004_27": null, "P11_004_28": null, "P11_004_29": null, "P11_004_30": null, "P11_004_31": null, "P11_004_32": null, "P11_004_33": null, "P11_004_34": null, "P11_004_35": null, "P11_005": null, "index_right": 880 }, "geometry": { "type": "Point", "coordinates": [ 139.407889918830335, 35.33466718279761 ] } },
{ "type": "Feature", "properties": { "P11_001": "保健所前", "P11_002": "神奈川中央交通（株）", "P11_003_01": "茅45,茅48,茅52,茅53,茅54,茅25,茅26,鶴嶺循環市立病院線【鶴嶺南コース】", "P11_003_02": null, "P11_003_03": null, "P11_003_04": null, "P11_003_05": null, "P11_003_06": null, "P11_003_07": null, "P11_003_08": null, "P11_003_09": null, "P11_003_10": null, "P11_003_11": null, "P11_003_12": null, "P11_003_13": null, "P11_003_14": null, "P11_003_15": null, "P11_003_16": null, "P11_003_17": null, "P11_003_18": null, "P11_003_19": null, "P11_003_20": null, "P11_003_21": null, "P11_003_22": null, "P11_003_23": null, "P11_003_24": null, "P11_003_25": null, "P11_003_26": null, "P11_003_27": null, "P11_003_28": null, "P11_003_29": null, "P11_003_30": null, "P11_003_31": null, "P11_003_32": null, "P11_003_33": null, "P11_003_34": null, "P11_003_35": null, "P11_004_01": "1,1,1,1,1,1,1,1", "P11_004_02": null, "P11_004_03": null, "P11_004_04": null, "P11_004_05": null, "P11_004_06": null, "P11_004_07": null, "P11_004_08": null, "P11_004_09": null, "P11_004_10": null, "P11_004_11": null, "P11_004_12": null, "P11_004_13": null, "P11_004_14": null, "P11_004_15": null, "P11_004_16": null, "P11_004_17": null, "P11_004_18": null, "P11_004_19": null, "P11_004_20": null, "P11_004_21": null, "P11_004_22": null, "P11_004_23": null, "P11_004_24": null, "P11_004_25": null, "P11_004_26": null, "P11_004_27": null, "P11_004_28": null, "P11_004_29": null, "P11_004_30": null, "P11_004_31": null, "P11_004_32": null, "P11_004_33": null, "P11_004_34": null, "P11_004_35": null, "P11_005": null, "index_right": 880 }, "geometry": { "type": "Point", "coordinates": [ 139.399382808010301, 35.334303447872351 ] } },
{ "type": "Feature", "properties": { "P11_001": "浜之郷入口", "P11_002": "神奈川中央交通（株）", "P11_003_01": "鶴嶺循環市立病院線【鶴嶺南コース】", "P11_003_02": null, "P11_003_03": null, "P11_003_04": null, "P11_003_05": null, "P11_003_06": null, "P11_003_07": null, "P11_003_08": null, "P11_003_09": null, "P11_003_10": null, "P11_003_11": null, "P11_003_12": null, "P11_003_13": null, "P11_003_14": null, "P11_003_15": null, "P11_003_16": null, "P11_003_17": null, "P11_003_18": null, "P11_003_19": null, "P11_003_20": null, "P11_003_21": null, "P11_003_22": null, "P11_003_23": null, "P11_003_24": null, "P11_003_25": null, "P11_003_26": null, "P11_003_27": null, "P11_003_28": null, "P11_003_29": null, "P11_003_30": null, "P11_003_31": null, "P11_003_32": null, "P11_003_33": null, "P11_003_34": null, "P11_003_35": null, "P11_004_01": "1", "P11_004_02": null, "P11_004_03": null, "P11_004_04": null, "P11_004_05": null, "P11_004_06": null, "P11_004_07": null, "P11_004_08": null, "P11_004_09": null, "P11_004_10": null, "P11_004_11": null, "P11_004_12": null, "P11_004_13": null, "P11_004_14": null, "P11_004_15": null, "P11_004_16": null, "P11_004_17": null, "P11_004_18": null, "P11_004_19": null, "P11_004_20": null, "P11_004_21": null, "P11_004_22": null, "P11_004_23": null, "P11_004_24": null, "P11_004_25": null, "P11_004_26": null, "P11_004_27": null, "P11_004_28": null, "P11_004_29": null, "P11_004_30": null, "P11_004_31": null, "P11_004_32": null, "P11_004_33": null, "P11_004_34": null, "P11_004_35": null, "P11_005": null, "index_right": 880 }, "geometry": { "type": "Point", "coordinates": [ 139.398304024000367, 35.334128181174172 ] } },
{ "type": "Feature", "properties": { "P11_001": "宮ノ前", "P11_002": "神奈川中央交通（株）", "P11_003_01": "鶴嶺循環市立病院線【鶴嶺南コース】", "P11_003_02": null, "P11_003_03": null, "P11_003_04": null, "P11_003_05": null, "P11_003_06": null, "P11_003_07": null, "P11_003_08": null, "P11_003_09": null, "P11_003_10": null, "P11_003_11": null, "P11_003_12": null, "P11_003_13": null, "P11_003_14": null, "P11_003_15": null, "P11_003_16": null, "P11_003_17": null, "P11_003_18": null, "P11_003_19": null, "P11_003_20": null, "P11_003_21": null, "P11_003_22": null, "P11_003_23": null, "P11_003_24": null, "P11_003_25": null, "P11_003_26": null, "P11_003_27": null, "P11_003_28": null, "P11_003_29": null, "P11_003_30": null, "P11_003_31": null, "P11_003_32": null, "P11_003_33": null, "P11_003_34": null, "P11_003_35": null, "P11_004_01": "1", "P11_004_02": null, "P11_004_03": null, "P11_004_04": null, "P11_004_05": null, "P11_004_06": null, "P11_004_07": null, "P11_004_08": null, "P11_004_09": null, "P11_004_10": null, "P11_004_11": null, "P11_004_12": null, "P11_004_13": null, "P11_004_14": null, "P11_004_15": null, "P11_004_16": null, "P11_004_17": null, "P11_004_18": null, "P11_004_19": null, "P11_004_20": null, "P11_004_21": null, "P11_004_22": null, "P11_004_23": null, "P11_004_24": null, "P11_004_25": null, "P11_004_26": null, "P11_004_27": null, "P11_004_28": null, "P11_004_29": null, "P11_004_30": null, "P11_004_31": null, "P11_004_32": null, "P11_004_33": null, "P11_004_34": null, "P11_004_35": null, "P11_005": null, "index_right": 880 }, "geometry": { "type": "Point", "coordinates": [ 139.382892460627971, 35.334124165193408 ] } },
{ "type": "Feature", "properties": { "P11_001": "浜之郷西", "P11_002": "神奈川中央交通（株）", "P11_003_01": "鶴嶺循環市立病院線【鶴嶺南コース】", "P11_003_02": null, "P11_003_03": null, "P11_003_04": null, "P11_003_05": null, "P11_003_06": null, "P11_003_07": null, "P11_003_08": null, "P11_003_09": null, "P11_003_10": null, "P11_003_11": null, "P11_003_12": null, "P11_003_13": null, "P11_003_14": null, "P11_003_15": null, "P11_003_16": null, "P11_003_17": null, "P11_003_18": null, "P11_003_19": null, "P11_003_20": null, "P11_003_21": null, "P11_003_22": null, "P11_003_23": null, "P11_003_24": null, "P11_003_25": null, "P11_003_26": null, "P11_003_27": null, "P11_003_28": null, "P11_003_29": null, "P11_003_30": null, "P11_003_31": null, "P11_003_32": null, "P11_003_33": null, "P11_003_34": null, "P11_003_35": null, "P11_004_01": "1", "P11_004_02": null, "P11_004_03": null, "P11_004_04": null, "P11_004_05": null, "P11_004_06": null, "P11_004_07": null, "P11_004_08": null, "P11_004_09": null, "P11_004_10": null, "P11_004_11": null, "P11_004_12": null, "P11_004_13": null, "P11_004_14": null, "P11_004_15": null, "P11_004_16": null, "P11_004_17": null, "P11_004_18": null, "P11_004_19": null, "P11_004_20": null, "P11_004_21": null, "P11_004_22": null, "P11_004_23": null, "P11_004_24": null, "P11_004_25": null, "P11_004_26": null, "P11_004_27": null, "P11_004_28": null, "P11_004_29": null, "P11_004_30": null, "P11_004_31": null, "P11_004_32": null, "P11_004_33": null, "P11_004_34": null, "P11_004_35": null, "P11_005": null, "index_right": 880 }, "geometry": { "type": "Point", "coordinates": [ 139.393486037905319, 35.333711193224872 ] } },
{ "type": "Feature", "properties": { "P11_001": "小中島", "P11_002": "神奈川中央交通（株）", "P11_003_01": "茅48", "P11_003_02": null, "P11_003_03": null, "P11_003_04": null, "P11_003_05": null, "P11_003_06": null, "P11_003_07": null, "P11_003_08": null, "P11_003_09": null, "P11_003_10": null, "P11_003_11": null, "P11_003_12": null, "P11_003_13": null, "P11_003_14": null, "P11_003_15": null, "P11_003_16": null, "P11_003_17": null, "P11_003_18": null, "P11_003_19": null, "P11_003_20": null, "P11_003_21": null, "P11_003_22": null, "P11_003_23": null, "P11_003_24": null, "P11_003_25": null, "P11_003_26": null, "P11_003_27": null, "P11_003_28": null, "P11_003_29": null, "P11_003_30": null, "P11_003_31": null, "P11_003_32": null, "P11_003_33": null, "P11_003_34": null, "P11_003_35": null, "P11_004_01": "1", "P11_004_02": null, "P11_004_03": null, "P11_004_04": null, "P11_004_05": null, "P11_004_06": null, "P11_004_07": null, "P11_004_08": null, "P11_004_09": null, "P11_004_10": null, "P11_004_11": null, "P11_004_12": null, "P11_004_13": null, "P11_004_14": null, "P11_004_15": null, "P11_004_16": null, "P11_004_17": null, "P11_004_18": null, "P11_004_19": null, "P11_004_20": null, "P11_004_21": null, "P11_004_22": null, "P11_004_23": null, "P11_004_24": null, "P11_004_25": null, "P11_004_26": null, "P11_004_27": null, "P11_004_28": null, "P11_004_29": null, "P11_004_30": null, "P11_004_31": null, "P11_004_32": null, "P11_004_33": null, "P11_004_34": null, "P11_004_35": null, "P11_005": null, "index_right": 880 }, "geometry": { "type": "Point", "coordinates": [ 139.377407104119527, 35.333636426350367 ] } },
{ "type": "Feature", "properties": { "P11_001": "浜之郷", "P11_002": "神奈川中央交通（株）", "P11_003_01": "鶴嶺循環市立病院線【鶴嶺南コース】", "P11_003_02": null, "P11_003_03": null, "P11_003_04": null, "P11_003_05": null, "P11_003_06": null, "P11_003_07": null, "P11_003_08": null, "P11_003_09": null, "P11_003_10": null, "P11_003_11": null, "P11_003_12": null, "P11_003_13": null, "P11_003_14": null, "P11_003_15": null, "P11_003_16": null, "P11_003_17": null, "P11_003_18": null, "P11_003_19": null, "P11_003_20": null, "P11_003_21": null, "P11_003_22": null, "P11_003_23": null, "P11_003_24": null, "P11_003_25": null, "P11_003_26": null, "P11_003_27": null, "P11_003_28": null, "P11_003_29": null, "P11_003_30": null, "P11_003_31": null, "P11_003_32": null, "P11_003_33": null, "P11_003_34": null, "P11_003_35": null, "P11_004_01": "1", "P11_004_02": null, "P11_004_03": null, "P11_004_04": null, "P11_004_05": null, "P11_004_06": null, "P11_004_07": null, "P11_004_08": null, "P11_004_09": null, "P11_004_10": null, "P11_004_11": null, "P11_004_12": null, "P11_004_13": null, "P11_004_14": null, "P11_004_15": null, "P11_004_16": null, "P11_004_17": null, "P11_004_18": null, "P11_004_19": null, "P11_004_20": null, "P11_004_21": null, "P11_004_22": null, "P11_004_23": null, "P11_004_24": null, "P11_004_25": null, "P11_004_26": null, "P11_004_27": null, "P11_004_28": null, "P11_004_29": null, "P11_004_30": null, "P11_004_31": null, "P11_004_32": null, "P11_004_33": null, "P11_004_34": null, "P11_004_35": null, "P11_005": null, "index_right": 880 }, "geometry": { "type": "Point", "coordinates": [ 139.39613092777563, 35.333528528766266 ] } },
{ "type": "Feature", "properties": { "P11_001": "今宿", "P11_002": "神奈川中央交通（株）", "P11_003_01": "茅41,茅48,茅06", "P11_003_02": null, "P11_003_03": null, "P11_003_04": null, "P11_003_05": null, "P11_003_06": null, "P11_003_07": null, "P11_003_08": null, "P11_003_09": null, "P11_003_10": null, "P11_003_11": null, "P11_003_12": null, "P11_003_13": null, "P11_003_14": null, "P11_003_15": null, "P11_003_16": null, "P11_003_17": null, "P11_003_18": null, "P11_003_19": null, "P11_003_20": null, "P11_003_21": null, "P11_003_22": null, "P11_003_23": null, "P11_003_24": null, "P11_003_25": null, "P11_003_26": null, "P11_003_27": null, "P11_003_28": null, "P11_003_29": null, "P11_003_30": null, "P11_003_31": null, "P11_003_32": null, "P11_003_33": null, "P11_003_34": null, "P11_003_35": null, "P11_004_01": "1,1,1", "P11_004_02": null, "P11_004_03": null, "P11_004_04": null, "P11_004_05": null, "P11_004_06": null, "P11_004_07": null, "P11_004_08": null, "P11_004_09": null, "P11_004_10": null, "P11_004_11": null, "P11_004_12": null, "P11_004_13": null, "P11_004_14": null, "P11_004_15": null, "P11_004_16": null, "P11_004_17": null, "P11_004_18": null, "P11_004_19": null, "P11_004_20": null, "P11_004_21": null, "P11_004_22": null, "P11_004_23": null, "P11_004_24": null, "P11_004_25": null, "P11_004_26": null, "P11_004_27": null, "P11_004_28": null, "P11_004_29": null, "P11_004_30": null, "P11_004_31": null, "P11_004_32": null, "P11_004_33": null, "P11_004_34": null, "P11_004_35": null, "P11_005": null, "index_right": 880 }, "geometry": { "type": "Point", "coordinates": [ 139.381838022073424, 35.333154903207628 ] } },
{ "type": "Feature", "properties": { "P11_001": "TBS", "P11_002": "神奈川中央交通（株）", "P11_003_01": "鶴嶺循環市立病院線【鶴嶺南コース】", "P11_003_02": null, "P11_003_03": null, "P11_003_04": null, "P11_003_05": null, "P11_003_06": null, "P11_003_07": null, "P11_003_08": null, "P11_003_09": null, "P11_003_10": null, "P11_003_11": null, "P11_003_12": null, "P11_003_13": null, "P11_003_14": null, "P11_003_15": null, "P11_003_16": null, "P11_003_17": null, "P11_003_18": null, "P11_003_19": null, "P11_003_20": null, "P11_003_21": null, "P11_003_22": null, "P11_003_23": null, "P11_003_24": null, "P11_003_25": null, "P11_003_26": null, "P11_003_27": null, "P11_003_28": null, "P11_003_29": null, "P11_003_30": null, "P11_003_31": null, "P11_003_32": null, "P11_003_33": null, "P11_003_34": null, "P11_003_35": null, "P11_004_01": "1", "P11_004_02": null, "P11_004_03": null, "P11_004_04": null, "P11_004_05": null, "P11_004_06": null, "P11_004_07": null, "P11_004_08": null, "P11_004_09": null, "P11_004_10": null, "P11_004_11": null, "P11_004_12": null, "P11_004_13": null, "P11_004_14": null, "P11_004_15": null, "P11_004_16": null, "P11_004_17": null, "P11_004_18": null, "P11_004_19": null, "P11_004_20": null, "P11_004_21": null, "P11_004_22": null, "P11_004_23": null, "P11_004_24": null, "P11_004_25": null, "P11_004_26": null, "P11_004_27": null, "P11_004_28": null, "P11_004_29": null, "P11_004_30": null, "P11_004_31": null, "P11_004_32": null, "P11_004_33": null, "P11_004_34": null, "P11_004_35": null, "P11_005": null, "index_right": 880 }, "geometry": { "type": "Point", "coordinates": [ 139.393645007844214, 35.333146313312852 ] } },
{ "type": "Feature", "properties": { "P11_001": "桜道", "P11_002": "神奈川中央交通（株）", "P11_003_01": "辻12", "P11_003_02": null, "P11_003_03": null, "P11_003_04": null, "P11_003_05": null, "P11_003_06": null, "P11_003_07": null, "P11_003_08": null, "P11_003_09": null, "P11_003_10": null, "P11_003_11": null, "P11_003_12": null, "P11_003_13": null, "P11_003_14": null, "P11_003_15": null, "P11_003_16": null, "P11_003_17": null, "P11_003_18": null, "P11_003_19": null, "P11_003_20": null, "P11_003_21": null, "P11_003_22": null, "P11_003_23": null, "P11_003_24": null, "P11_003_25": null, "P11_003_26": null, "P11_003_27": null, "P11_003_28": null, "P11_003_29": null, "P11_003_30": null, "P11_003_31": null, "P11_003_32": null, "P11_003_33": null, "P11_003_34": null, "P11_003_35": null, "P11_004_01": "1", "P11_004_02": null, "P11_004_03": null, "P11_004_04": null, "P11_004_05": null, "P11_004_06": null, "P11_004_07": null, "P11_004_08": null, "P11_004_09": null, "P11_004_10": null, "P11_004_11": null, "P11_004_12": null, "P11_004_13": null, "P11_004_14": null, "P11_004_15": null, "P11_004_16": null, "P11_004_17": null, "P11_004_18": null, "P11_004_19": null, "P11_004_20": null, "P11_004_21": null, "P11_004_22": null, "P11_004_23": null, "P11_004_24": null, "P11_004_25": null, "P11_004_26": null, "P11_004_27": null, "P11_004_28": null, "P11_004_29": null, "P11_004_30": null, "P11_004_31": null, "P11_004_32": null, "P11_004_33": null, "P11_004_34": null, "P11_004_35": null, "P11_005": null, "index_right": 880 }, "geometry": { "type": "Point", "coordinates": [ 139.422007515659288, 35.332933732342255 ] } },
{ "type": "Feature", "properties": { "P11_001": "浜竹", "P11_002": "神奈川中央交通（株）", "P11_003_01": "辻12,辻13", "P11_003_02": null, "P11_003_03": null, "P11_003_04": null, "P11_003_05": null, "P11_003_06": null, "P11_003_07": null, "P11_003_08": null, "P11_003_09": null, "P11_003_10": null, "P11_003_11": null, "P11_003_12": null, "P11_003_13": null, "P11_003_14": null, "P11_003_15": null, "P11_003_16": null, "P11_003_17": null, "P11_003_18": null, "P11_003_19": null, "P11_003_20": null, "P11_003_21": null, "P11_003_22": null, "P11_003_23": null, "P11_003_24": null, "P11_003_25": null, "P11_003_26": null, "P11_003_27": null, "P11_003_28": null, "P11_003_29": null, "P11_003_30": null, "P11_003_31": null, "P11_003_32": null, "P11_003_33": null, "P11_003_34": null, "P11_003_35": null, "P11_004_01": "1,1", "P11_004_02": null, "P11_004_03": null, "P11_004_04": null, "P11_004_05": null, "P11_004_06": null, "P11_004_07": null, "P11_004_08": null, "P11_004_09": null, "P11_004_10": null, "P11_004_11": null, "P11_004_12": null, "P11_004_13": null, "P11_004_14": null, "P11_004_15": null, "P11_004_16": null, "P11_004_17": null, "P11_004_18": null, "P11_004_19": null, "P11_004_20": null, "P11_004_21": null, "P11_004_22": null, "P11_004_23": null, "P11_004_24": null, "P11_004_25": null, "P11_004_26": null, "P11_004_27": null, "P11_004_28": null, "P11_004_29": null, "P11_004_30": null, "P11_004_31": null, "P11_004_32": null, "P11_004_33": null, "P11_004_34": null, "P11_004_35": null, "P11_005": null, "index_right": 880 }, "geometry": { "type": "Point", "coordinates": [ 139.438551857296233, 35.332925871730666 ] } },
{ "type": "Feature", "properties": { "P11_001": "浜竹", "P11_002": "（株）江ノ電バス", "P11_003_01": "J2", "P11_003_02": null, "P11_003_03": null, "P11_003_04": null, "P11_003_05": null, "P11_003_06": null, "P11_003_07": null, "P11_003_08": null, "P11_003_09": null, "P11_003_10": null, "P11_003_11": null, "P11_003_12": null, "P11_003_13": null, "P11_003_14": null, "P11_003_15": null, "P11_003_16": null, "P11_003_17": null, "P11_003_18": null, "P11_003_19": null, "P11_003_20": null, "P11_003_21": null, "P11_003_22": null, "P11_003_23": null, "P11_003_24": null, "P11_003_25": null, "P11_003_26": null, "P11_003_27": null, "P11_003_28": null, "P11_003_29": null, "P11_003_30": null, "P11_003_31": null, "P11_003_32": null, "P11_003_33": null, "P11_003_34": null, "P11_003_35": null, "P11_004_01": "1", "P11_004_02": null, "P11_004_03": null, "P11_004_04": null, "P11_004_05": null, "P11_004_06": null, "P11_004_07": null, "P11_004_08": null, "P11_004_09": null, "P11_004_10": null, "P11_004_11": null, "P11_004_12": null, "P11_004_13": null, "P11_004_14": null, "P11_004_15": null, "P11_004_16": null, "P11_004_17": null, "P11_004_18": null, "P11_004_19": null, "P11_004_20": null, "P11_004_21": null, "P11_004_22": null, "P11_004_23": null, "P11_004_24": null, "P11_004_25": null, "P11_004_26": null, "P11_004_27": null, "P11_004_28": null, "P11_004_29": null, "P11_004_30": null, "P11_004_31": null, "P11_004_32": null, "P11_004_33": null, "P11_004_34": null, "P11_004_35": null, "P11_005": null, "index_right": 880 }, "geometry": { "type": "Point", "coordinates": [ 139.438551857296233, 35.332925871730666 ] } },
{ "type": "Feature", "properties": { "P11_001": "中島", "P11_002": "神奈川中央交通（株）", "P11_003_01": "茅06", "P11_003_02": null, "P11_003_03": null, "P11_003_04": null, "P11_003_05": null, "P11_003_06": null, "P11_003_07": null, "P11_003_08": null, "P11_003_09": null, "P11_003_10": null, "P11_003_11": null, "P11_003_12": null, "P11_003_13": null, "P11_003_14": null, "P11_003_15": null, "P11_003_16": null, "P11_003_17": null, "P11_003_18": null, "P11_003_19": null, "P11_003_20": null, "P11_003_21": null, "P11_003_22": null, "P11_003_23": null, "P11_003_24": null, "P11_003_25": null, "P11_003_26": null, "P11_003_27": null, "P11_003_28": null, "P11_003_29": null, "P11_003_30": null, "P11_003_31": null, "P11_003_32": null, "P11_003_33": null, "P11_003_34": null, "P11_003_35": null, "P11_004_01": "1", "P11_004_02": null, "P11_004_03": null, "P11_004_04": null, "P11_004_05": null, "P11_004_06": null, "P11_004_07": null, "P11_004_08": null, "P11_004_09": null, "P11_004_10": null, "P11_004_11": null, "P11_004_12": null, "P11_004_13": null, "P11_004_14": null, "P11_004_15": null, "P11_004_16": null, "P11_004_17": null, "P11_004_18": null, "P11_004_19": null, "P11_004_20": null, "P11_004_21": null, "P11_004_22": null, "P11_004_23": null, "P11_004_24": null, "P11_004_25": null, "P11_004_26": null, "P11_004_27": null, "P11_004_28": null, "P11_004_29": null, "P11_004_30": null, "P11_004_31": null, "P11_004_32": null, "P11_004_33": null, "P11_004_34": null, "P11_004_35": null, "P11_005": null, "index_right": 880 }, "geometry": { "type": "Point", "coordinates": [ 139.376184852555355, 35.332898497891776 ] } },
{ "type": "Feature", "properties": { "P11_001": "ひばりが丘", "P11_002": "神奈川中央交通（株）", "P11_003_01": "辻12", "P11_003_02": null, "P11_003_03": null, "P11_003_04": null, "P11_003_05": null, "P11_003_06": null, "P11_003_07": null, "P11_003_08": null, "P11_003_09": null, "P11_003_10": null, "P11_003_11": null, "P11_003_12": null, "P11_003_13": null, "P11_003_14": null, "P11_003_15": null, "P11_003_16": null, "P11_003_17": null, "P11_003_18": null, "P11_003_19": null, "P11_003_20": null, "P11_003_21": null, "P11_003_22": null, "P11_003_23": null, "P11_003_24": null, "P11_003_25": null, "P11_003_26": null, "P11_003_27": null, "P11_003_28": null, "P11_003_29": null, "P11_003_30": null, "P11_003_31": null, "P11_003_32": null, "P11_003_33": null, "P11_003_34": null, "P11_003_35": null, "P11_004_01": "1", "P11_004_02": null, "P11_004_03": null, "P11_004_04": null, "P11_004_05": null, "P11_004_06": null, "P11_004_07": null, "P11_004_08": null, "P11_004_09": null, "P11_004_10": null, "P11_004_11": null, "P11_004_12": null, "P11_004_13": null, "P11_004_14": null, "P11_004_15": null, "P11_004_16": null, "P11_004_17": null, "P11_004_18": null, "P11_004_19": null, "P11_004_20": null, "P11_004_21": null, "P11_004_22": null, "P11_004_23": null, "P11_004_24": null, "P11_004_25": null, "P11_004_26": null, "P11_004_27": null, "P11_004_28": null, "P11_004_29": null, "P11_004_30": null, "P11_004_31": null, "P11_004_32": null, "P11_004_33": null, "P11_004_34": null, "P11_004_35": null, "P11_005": null, "index_right": 880 }, "geometry": { "type": "Point", "coordinates": [ 139.426484978911787, 35.332850889183909 ] } },
{ "type": "Feature", "properties": { "P11_001": "保育園前", "P11_002": "神奈川中央交通（株）", "P11_003_01": "辻12", "P11_003_02": null, "P11_003_03": null, "P11_003_04": null, "P11_003_05": null, "P11_003_06": null, "P11_003_07": null, "P11_003_08": null, "P11_003_09": null, "P11_003_10": null, "P11_003_11": null, "P11_003_12": null, "P11_003_13": null, "P11_003_14": null, "P11_003_15": null, "P11_003_16": null, "P11_003_17": null, "P11_003_18": null, "P11_003_19": null, "P11_003_20": null, "P11_003_21": null, "P11_003_22": null, "P11_003_23": null, "P11_003_24": null, "P11_003_25": null, "P11_003_26": null, "P11_003_27": null, "P11_003_28": null, "P11_003_29": null, "P11_003_30": null, "P11_003_31": null, "P11_003_32": null, "P11_003_33": null, "P11_003_34": null, "P11_003_35": null, "P11_004_01": "1", "P11_004_02": null, "P11_004_03": null, "P11_004_04": null, "P11_004_05": null, "P11_004_06": null, "P11_004_07": null, "P11_004_08": null, "P11_004_09": null, "P11_004_10": null, "P11_004_11": null, "P11_004_12": null, "P11_004_13": null, "P11_004_14": null, "P11_004_15": null, "P11_004_16": null, "P11_004_17": null, "P11_004_18": null, "P11_004_19": null, "P11_004_20": null, "P11_004_21": null, "P11_004_22": null, "P11_004_23": null, "P11_004_24": null, "P11_004_25": null, "P11_004_26": null, "P11_004_27": null, "P11_004_28": null, "P11_004_29": null, "P11_004_30": null, "P11_004_31": null, "P11_004_32": null, "P11_004_33": null, "P11_004_34": null, "P11_004_35": null, "P11_005": null, "index_right": 880 }, "geometry": { "type": "Point", "coordinates": [ 139.435109855213057, 35.332832667662181 ] } },
{ "type": "Feature", "properties": { "P11_001": "松浪小学校前", "P11_002": "神奈川中央交通（株）", "P11_003_01": "辻12", "P11_003_02": null, "P11_003_03": null, "P11_003_04": null, "P11_003_05": null, "P11_003_06": null, "P11_003_07": null, "P11_003_08": null, "P11_003_09": null, "P11_003_10": null, "P11_003_11": null, "P11_003_12": null, "P11_003_13": null, "P11_003_14": null, "P11_003_15": null, "P11_003_16": null, "P11_003_17": null, "P11_003_18": null, "P11_003_19": null, "P11_003_20": null, "P11_003_21": null, "P11_003_22": null, "P11_003_23": null, "P11_003_24": null, "P11_003_25": null, "P11_003_26": null, "P11_003_27": null, "P11_003_28": null, "P11_003_29": null, "P11_003_30": null, "P11_003_31": null, "P11_003_32": null, "P11_003_33": null, "P11_003_34": null, "P11_003_35": null, "P11_004_01": "1", "P11_004_02": null, "P11_004_03": null, "P11_004_04": null, "P11_004_05": null, "P11_004_06": null, "P11_004_07": null, "P11_004_08": null, "P11_004_09": null, "P11_004_10": null, "P11_004_11": null, "P11_004_12": null, "P11_004_13": null, "P11_004_14": null, "P11_004_15": null, "P11_004_16": null, "P11_004_17": null, "P11_004_18": null, "P11_004_19": null, "P11_004_20": null, "P11_004_21": null, "P11_004_22": null, "P11_004_23": null, "P11_004_24": null, "P11_004_25": null, "P11_004_26": null, "P11_004_27": null, "P11_004_28": null, "P11_004_29": null, "P11_004_30": null, "P11_004_31": null, "P11_004_32": null, "P11_004_33": null, "P11_004_34": null, "P11_004_35": null, "P11_005": null, "index_right": 880 }, "geometry": { "type": "Point", "coordinates": [ 139.43218854077216, 35.332758377750707 ] } },
{ "type": "Feature", "properties": { "P11_001": "若松町", "P11_002": "神奈川中央交通（株）", "P11_003_01": "辻12,東部循環市立病院線【松が丘コース】", "P11_003_02": null, "P11_003_03": null, "P11_003_04": null, "P11_003_05": null, "P11_003_06": null, "P11_003_07": null, "P11_003_08": null, "P11_003_09": null, "P11_003_10": null, "P11_003_11": null, "P11_003_12": null, "P11_003_13": null, "P11_003_14": null, "P11_003_15": null, "P11_003_16": null, "P11_003_17": null, "P11_003_18": null, "P11_003_19": null, "P11_003_20": null, "P11_003_21": null, "P11_003_22": null, "P11_003_23": null, "P11_003_24": null, "P11_003_25": null, "P11_003_26": null, "P11_003_27": null, "P11_003_28": null, "P11_003_29": null, "P11_003_30": null, "P11_003_31": null, "P11_003_32": null, "P11_003_33": null, "P11_003_34": null, "P11_003_35": null, "P11_004_01": "1,1", "P11_004_02": null, "P11_004_03": null, "P11_004_04": null, "P11_004_05": null, "P11_004_06": null, "P11_004_07": null, "P11_004_08": null, "P11_004_09": null, "P11_004_10": null, "P11_004_11": null, "P11_004_12": null, "P11_004_13": null, "P11_004_14": null, "P11_004_15": null, "P11_004_16": null, "P11_004_17": null, "P11_004_18": null, "P11_004_19": null, "P11_004_20": null, "P11_004_21": null, "P11_004_22": null, "P11_004_23": null, "P11_004_24": null, "P11_004_25": null, "P11_004_26": null, "P11_004_27": null, "P11_004_28": null, "P11_004_29": null, "P11_004_30": null, "P11_004_31": null, "P11_004_32": null, "P11_004_33": null, "P11_004_34": null, "P11_004_35": null, "P11_005": null, "index_right": 880 }, "geometry": { "type": "Point", "coordinates": [ 139.418757267968317, 35.332739989982024 ] } },
{ "type": "Feature", "properties": { "P11_001": "美住町", "P11_002": "神奈川中央交通（株）", "P11_003_01": "辻12", "P11_003_02": null, "P11_003_03": null, "P11_003_04": null, "P11_003_05": null, "P11_003_06": null, "P11_003_07": null, "P11_003_08": null, "P11_003_09": null, "P11_003_10": null, "P11_003_11": null, "P11_003_12": null, "P11_003_13": null, "P11_003_14": null, "P11_003_15": null, "P11_003_16": null, "P11_003_17": null, "P11_003_18": null, "P11_003_19": null, "P11_003_20": null, "P11_003_21": null, "P11_003_22": null, "P11_003_23": null, "P11_003_24": null, "P11_003_25": null, "P11_003_26": null, "P11_003_27": null, "P11_003_28": null, "P11_003_29": null, "P11_003_30": null, "P11_003_31": null, "P11_003_32": null, "P11_003_33": null, "P11_003_34": null, "P11_003_35": null, "P11_004_01": "1", "P11_004_02": null, "P11_004_03": null, "P11_004_04": null, "P11_004_05": null, "P11_004_06": null, "P11_004_07": null, "P11_004_08": null, "P11_004_09": null, "P11_004_10": null, "P11_004_11": null, "P11_004_12": null, "P11_004_13": null, "P11_004_14": null, "P11_004_15": null, "P11_004_16": null, "P11_004_17": null, "P11_004_18": null, "P11_004_19": null, "P11_004_20": null, "P11_004_21": null, "P11_004_22": null, "P11_004_23": null, "P11_004_24": null, "P11_004_25": null, "P11_004_26": null, "P11_004_27": null, "P11_004_28": null, "P11_004_29": null, "P11_004_30": null, "P11_004_31": null, "P11_004_32": null, "P11_004_33": null, "P11_004_34": null, "P11_004_35": null, "P11_005": null, "index_right": 880 }, "geometry": { "type": "Point", "coordinates": [ 139.428882466326314, 35.332666019651938 ] } },
{ "type": "Feature", "properties": { "P11_001": "小和田公民館入口", "P11_002": "神奈川中央交通（株）", "P11_003_01": "東部循環市立病院線【小和田・松浪コース】", "P11_003_02": null, "P11_003_03": null, "P11_003_04": null, "P11_003_05": null, "P11_003_06": null, "P11_003_07": null, "P11_003_08": null, "P11_003_09": null, "P11_003_10": null, "P11_003_11": null, "P11_003_12": null, "P11_003_13": null, "P11_003_14": null, "P11_003_15": null, "P11_003_16": null, "P11_003_17": null, "P11_003_18": null, "P11_003_19": null, "P11_003_20": null, "P11_003_21": null, "P11_003_22": null, "P11_003_23": null, "P11_003_24": null, "P11_003_25": null, "P11_003_26": null, "P11_003_27": null, "P11_003_28": null, "P11_003_29": null, "P11_003_30": null, "P11_003_31": null, "P11_003_32": null, "P11_003_33": null, "P11_003_34": null, "P11_003_35": null, "P11_004_01": "1", "P11_004_02": null, "P11_004_03": null, "P11_004_04": null, "P11_004_05": null, "P11_004_06": null, "P11_004_07": null, "P11_004_08": null, "P11_004_09": null, "P11_004_10": null, "P11_004_11": null, "P11_004_12": null, "P11_004_13": null, "P11_004_14": null, "P11_004_15": null, "P11_004_16": null, "P11_004_17": null, "P11_004_18": null, "P11_004_19": null, "P11_004_20": null, "P11_004_21": null, "P11_004_22": null, "P11_004_23": null, "P11_004_24": null, "P11_004_25": null, "P11_004_26": null, "P11_004_27": null, "P11_004_28": null, "P11_004_29": null, "P11_004_30": null, "P11_004_31": null, "P11_004_32": null, "P11_004_33": null, "P11_004_34": null, "P11_004_35": null, "P11_005": null, "index_right": 880 }, "geometry": { "type": "Point", "coordinates": [ 139.432075788004539, 35.332267596603394 ] } },
{ "type": "Feature", "properties": { "P11_001": "旭が丘", "P11_002": "神奈川中央交通（株）", "P11_003_01": "東部循環市立病院線【松が丘コース】", "P11_003_02": null, "P11_003_03": null, "P11_003_04": null, "P11_003_05": null, "P11_003_06": null, "P11_003_07": null, "P11_003_08": null, "P11_003_09": null, "P11_003_10": null, "P11_003_11": null, "P11_003_12": null, "P11_003_13": null, "P11_003_14": null, "P11_003_15": null, "P11_003_16": null, "P11_003_17": null, "P11_003_18": null, "P11_003_19": null, "P11_003_20": null, "P11_003_21": null, "P11_003_22": null, "P11_003_23": null, "P11_003_24": null, "P11_003_25": null, "P11_003_26": null, "P11_003_27": null, "P11_003_28": null, "P11_003_29": null, "P11_003_30": null, "P11_003_31": null, "P11_003_32": null, "P11_003_33": null, "P11_003_34": null, "P11_003_35": null, "P11_004_01": "1", "P11_004_02": null, "P11_004_03": null, "P11_004_04": null, "P11_004_05": null, "P11_004_06": null, "P11_004_07": null, "P11_004_08": null, "P11_004_09": null, "P11_004_10": null, "P11_004_11": null, "P11_004_12": null, "P11_004_13": null, "P11_004_14": null, "P11_004_15": null, "P11_004_16": null, "P11_004_17": null, "P11_004_18": null, "P11_004_19": null, "P11_004_20": null, "P11_004_21": null, "P11_004_22": null, "P11_004_23": null, "P11_004_24": null, "P11_004_25": null, "P11_004_26": null, "P11_004_27": null, "P11_004_28": null, "P11_004_29": null, "P11_004_30": null, "P11_004_31": null, "P11_004_32": null, "P11_004_33": null, "P11_004_34": null, "P11_004_35": null, "P11_005": null, "index_right": 880 }, "geometry": { "type": "Point", "coordinates": [ 139.422371167929896, 35.332249122963503 ] } },
{ "type": "Feature", "properties": { "P11_001": "新田入口", "P11_002": "神奈川中央交通（株）", "P11_003_01": "茅06", "P11_003_02": null, "P11_003_03": null, "P11_003_04": null, "P11_003_05": null, "P11_003_06": null, "P11_003_07": null, "P11_003_08": null, "P11_003_09": null, "P11_003_10": null, "P11_003_11": null, "P11_003_12": null, "P11_003_13": null, "P11_003_14": null, "P11_003_15": null, "P11_003_16": null, "P11_003_17": null, "P11_003_18": null, "P11_003_19": null, "P11_003_20": null, "P11_003_21": null, "P11_003_22": null, "P11_003_23": null, "P11_003_24": null, "P11_003_25": null, "P11_003_26": null, "P11_003_27": null, "P11_003_28": null, "P11_003_29": null, "P11_003_30": null, "P11_003_31": null, "P11_003_32": null, "P11_003_33": null, "P11_003_34": null, "P11_003_35": null, "P11_004_01": "1", "P11_004_02": null, "P11_004_03": null, "P11_004_04": null, "P11_004_05": null, "P11_004_06": null, "P11_004_07": null, "P11_004_08": null, "P11_004_09": null, "P11_004_10": null, "P11_004_11": null, "P11_004_12": null, "P11_004_13": null, "P11_004_14": null, "P11_004_15": null, "P11_004_16": null, "P11_004_17": null, "P11_004_18": null, "P11_004_19": null, "P11_004_20": null, "P11_004_21": null, "P11_004_22": null, "P11_004_23": null, "P11_004_24": null, "P11_004_25": null, "P11_004_26": null, "P11_004_27": null, "P11_004_28": null, "P11_004_29": null, "P11_004_30": null, "P11_004_31": null, "P11_004_32": null, "P11_004_33": null, "P11_004_34": null, "P11_004_35": null, "P11_005": null, "index_right": 880 }, "geometry": { "type": "Point", "coordinates": [ 139.371726864523197, 35.332136915894651 ] } },
{ "type": "Feature", "properties": { "P11_001": "茅ヶ崎駅北", "P11_002": "神奈川中央交通（株）", "P11_003_01": "鶴嶺循環市立病院線【鶴嶺北コース】,鶴嶺循環市立病院線【鶴嶺南コース】", "P11_003_02": null, "P11_003_03": null, "P11_003_04": null, "P11_003_05": null, "P11_003_06": null, "P11_003_07": null, "P11_003_08": null, "P11_003_09": null, "P11_003_10": null, "P11_003_11": null, "P11_003_12": null, "P11_003_13": null, "P11_003_14": null, "P11_003_15": null, "P11_003_16": null, "P11_003_17": null, "P11_003_18": null, "P11_003_19": null, "P11_003_20": null, "P11_003_21": null, "P11_003_22": null, "P11_003_23": null, "P11_003_24": null, "P11_003_25": null, "P11_003_26": null, "P11_003_27": null, "P11_003_28": null, "P11_003_29": null, "P11_003_30": null, "P11_003_31": null, "P11_003_32": null, "P11_003_33": null, "P11_003_34": null, "P11_003_35": null, "P11_004_01": "1,1", "P11_004_02": null, "P11_004_03": null, "P11_004_04": null, "P11_004_05": null, "P11_004_06": null, "P11_004_07": null, "P11_004_08": null, "P11_004_09": null, "P11_004_10": null, "P11_004_11": null, "P11_004_12": null, "P11_004_13": null, "P11_004_14": null, "P11_004_15": null, "P11_004_16": null, "P11_004_17": null, "P11_004_18": null, "P11_004_19": null, "P11_004_20": null, "P11_004_21": null, "P11_004_22": null, "P11_004_23": null, "P11_004_24": null, "P11_004_25": null, "P11_004_26": null, "P11_004_27": null, "P11_004_28": null, "P11_004_29": null, "P11_004_30": null, "P11_004_31": null, "P11_004_32": null, "P11_004_33": null, "P11_004_34": null, "P11_004_35": null, "P11_005": null, "index_right": 880 }, "geometry": { "type": "Point", "coordinates": [ 139.406371243310502, 35.33205404155327 ] } },
{ "type": "Feature", "properties": { "P11_001": "東原", "P11_002": "神奈川中央交通（株）", "P11_003_01": "茅09,辻12,東部循環市立病院線【松が丘コース】", "P11_003_02": null, "P11_003_03": null, "P11_003_04": null, "P11_003_05": null, "P11_003_06": null, "P11_003_07": null, "P11_003_08": null, "P11_003_09": null, "P11_003_10": null, "P11_003_11": null, "P11_003_12": null, "P11_003_13": null, "P11_003_14": null, "P11_003_15": null, "P11_003_16": null, "P11_003_17": null, "P11_003_18": null, "P11_003_19": null, "P11_003_20": null, "P11_003_21": null, "P11_003_22": null, "P11_003_23": null, "P11_003_24": null, "P11_003_25": null, "P11_003_26": null, "P11_003_27": null, "P11_003_28": null, "P11_003_29": null, "P11_003_30": null, "P11_003_31": null, "P11_003_32": null, "P11_003_33": null, "P11_003_34": null, "P11_003_35": null, "P11_004_01": "1,1,1", "P11_004_02": null, "P11_004_03": null, "P11_004_04": null, "P11_004_05": null, "P11_004_06": null, "P11_004_07": null, "P11_004_08": null, "P11_004_09": null, "P11_004_10": null, "P11_004_11": null, "P11_004_12": null, "P11_004_13": null, "P11_004_14": null, "P11_004_15": null, "P11_004_16": null, "P11_004_17": null, "P11_004_18": null, "P11_004_19": null, "P11_004_20": null, "P11_004_21": null, "P11_004_22": null, "P11_004_23": null, "P11_004_24": null, "P11_004_25": null, "P11_004_26": null, "P11_004_27": null, "P11_004_28": null, "P11_004_29": null, "P11_004_30": null, "P11_004_31": null, "P11_004_32": null, "P11_004_33": null, "P11_004_34": null, "P11_004_35": null, "P11_005": null, "index_right": 880 }, "geometry": { "type": "Point", "coordinates": [ 139.414655142074224, 35.332054349070795 ] } },
{ "type": "Feature", "properties": { "P11_001": "徳洲会病院前", "P11_002": "神奈川中央交通（株）", "P11_003_01": "茅09,辻12,中海岸南湖循環私立病院線,東部循環市立病院線【松が丘コース】", "P11_003_02": null, "P11_003_03": null, "P11_003_04": null, "P11_003_05": null, "P11_003_06": null, "P11_003_07": null, "P11_003_08": null, "P11_003_09": null, "P11_003_10": null, "P11_003_11": null, "P11_003_12": null, "P11_003_13": null, "P11_003_14": null, "P11_003_15": null, "P11_003_16": null, "P11_003_17": null, "P11_003_18": null, "P11_003_19": null, "P11_003_20": null, "P11_003_21": null, "P11_003_22": null, "P11_003_23": null, "P11_003_24": null, "P11_003_25": null, "P11_003_26": null, "P11_003_27": null, "P11_003_28": null, "P11_003_29": null, "P11_003_30": null, "P11_003_31": null, "P11_003_32": null, "P11_003_33": null, "P11_003_34": null, "P11_003_35": null, "P11_004_01": "1,1,1,1", "P11_004_02": null, "P11_004_03": null, "P11_004_04": null, "P11_004_05": null, "P11_004_06": null, "P11_004_07": null, "P11_004_08": null, "P11_004_09": null, "P11_004_10": null, "P11_004_11": null, "P11_004_12": null, "P11_004_13": null, "P11_004_14": null, "P11_004_15": null, "P11_004_16": null, "P11_004_17": null, "P11_004_18": null, "P11_004_19": null, "P11_004_20": null, "P11_004_21": null, "P11_004_22": null, "P11_004_23": null, "P11_004_24": null, "P11_004_25": null, "P11_004_26": null, "P11_004_27": null, "P11_004_28": null, "P11_004_29": null, "P11_004_30": null, "P11_004_31": null, "P11_004_32": null, "P11_004_33": null, "P11_004_34": null, "P11_004_35": null, "P11_005": null, "index_right": 880 }, "geometry": { "type": "Point", "coordinates": [ 139.413064114673091, 35.331480486833563 ] } },
{ "type": "Feature", "properties": { "P11_001": "ラチエン通り旭が丘", "P11_002": "神奈川中央交通（株）", "P11_003_01": "東部循環市立病院線【松が丘コース】", "P11_003_02": null, "P11_003_03": null, "P11_003_04": null, "P11_003_05": null, "P11_003_06": null, "P11_003_07": null, "P11_003_08": null, "P11_003_09": null, "P11_003_10": null, "P11_003_11": null, "P11_003_12": null, "P11_003_13": null, "P11_003_14": null, "P11_003_15": null, "P11_003_16": null, "P11_003_17": null, "P11_003_18": null, "P11_003_19": null, "P11_003_20": null, "P11_003_21": null, "P11_003_22": null, "P11_003_23": null, "P11_003_24": null, "P11_003_25": null, "P11_003_26": null, "P11_003_27": null, "P11_003_28": null, "P11_003_29": null, "P11_003_30": null, "P11_003_31": null, "P11_003_32": null, "P11_003_33": null, "P11_003_34": null, "P11_003_35": null, "P11_004_01": "1", "P11_004_02": null, "P11_004_03": null, "P11_004_04": null, "P11_004_05": null, "P11_004_06": null, "P11_004_07": null, "P11_004_08": null, "P11_004_09": null, "P11_004_10": null, "P11_004_11": null, "P11_004_12": null, "P11_004_13": null, "P11_004_14": null, "P11_004_15": null, "P11_004_16": null, "P11_004_17": null, "P11_004_18": null, "P11_004_19": null, "P11_004_20": null, "P11_004_21": null, "P11_004_22": null, "P11_004_23": null, "P11_004_24": null, "P11_004_25": null, "P11_004_26": null, "P11_004_27": null, "P11_004_28": null, "P11_004_29": null, "P11_004_30": null, "P11_004_31": null, "P11_004_32": null, "P11_004_33": null, "P11_004_34": null, "P11_004_35": null, "P11_005": null, "index_right": 880 }, "geometry": { "type": "Point", "coordinates": [ 139.421224010425107, 35.331471683357357 ] } },
{ "type": "Feature", "properties": { "P11_001": "茅ヶ崎四ツ角", "P11_002": "神奈川中央交通（株）", "P11_003_01": "茅31,茅35,茅41,茅48,茅06", "P11_003_02": null, "P11_003_03": null, "P11_003_04": null, "P11_003_05": null, "P11_003_06": null, "P11_003_07": null, "P11_003_08": null, "P11_003_09": null, "P11_003_10": null, "P11_003_11": null, "P11_003_12": null, "P11_003_13": null, "P11_003_14": null, "P11_003_15": null, "P11_003_16": null, "P11_003_17": null, "P11_003_18": null, "P11_003_19": null, "P11_003_20": null, "P11_003_21": null, "P11_003_22": null, "P11_003_23": null, "P11_003_24": null, "P11_003_25": null, "P11_003_26": null, "P11_003_27": null, "P11_003_28": null, "P11_003_29": null, "P11_003_30": null, "P11_003_31": null, "P11_003_32": null, "P11_003_33": null, "P11_003_34": null, "P11_003_35": null, "P11_004_01": "1,1,1,1,1", "P11_004_02": null, "P11_004_03": null, "P11_004_04": null, "P11_004_05": null, "P11_004_06": null, "P11_004_07": null, "P11_004_08": null, "P11_004_09": null, "P11_004_10": null, "P11_004_11": null, "P11_004_12": null, "P11_004_13": null, "P11_004_14": null, "P11_004_15": null, "P11_004_16": null, "P11_004_17": null, "P11_004_18": null, "P11_004_19": null, "P11_004_20": null, "P11_004_21": null, "P11_004_22": null, "P11_004_23": null, "P11_004_24": null, "P11_004_25": null, "P11_004_26": null, "P11_004_27": null, "P11_004_28": null, "P11_004_29": null, "P11_004_30": null, "P11_004_31": null, "P11_004_32": null, "P11_004_33": null, "P11_004_34": null, "P11_004_35": null, "P11_005": null, "index_right": 880 }, "geometry": { "type": "Point", "coordinates": [ 139.400860948772333, 35.331202435146714 ] } },
{ "type": "Feature", "properties": { "P11_001": "松浪小学校", "P11_002": "神奈川中央交通（株）", "P11_003_01": "東部循環市立病院線【小和田・松浪コース】", "P11_003_02": null, "P11_003_03": null, "P11_003_04": null, "P11_003_05": null, "P11_003_06": null, "P11_003_07": null, "P11_003_08": null, "P11_003_09": null, "P11_003_10": null, "P11_003_11": null, "P11_003_12": null, "P11_003_13": null, "P11_003_14": null, "P11_003_15": null, "P11_003_16": null, "P11_003_17": null, "P11_003_18": null, "P11_003_19": null, "P11_003_20": null, "P11_003_21": null, "P11_003_22": null, "P11_003_23": null, "P11_003_24": null, "P11_003_25": null, "P11_003_26": null, "P11_003_27": null, "P11_003_28": null, "P11_003_29": null, "P11_003_30": null, "P11_003_31": null, "P11_003_32": null, "P11_003_33": null, "P11_003_34": null, "P11_003_35": null, "P11_004_01": "1", "P11_004_02": null, "P11_004_03": null, "P11_004_04": null, "P11_004_05": null, "P11_004_06": null, "P11_004_07": null, "P11_004_08": null, "P11_004_09": null, "P11_004_10": null, "P11_004_11": null, "P11_004_12": null, "P11_004_13": null, "P11_004_14": null, "P11_004_15": null, "P11_004_16": null, "P11_004_17": null, "P11_004_18": null, "P11_004_19": null, "P11_004_20": null, "P11_004_21": null, "P11_004_22": null, "P11_004_23": null, "P11_004_24": null, "P11_004_25": null, "P11_004_26": null, "P11_004_27": null, "P11_004_28": null, "P11_004_29": null, "P11_004_30": null, "P11_004_31": null, "P11_004_32": null, "P11_004_33": null, "P11_004_34": null, "P11_004_35": null, "P11_005": null, "index_right": 880 }, "geometry": { "type": "Point", "coordinates": [ 139.43196114129185, 35.330749435715674 ] } },
{ "type": "Feature", "properties": { "P11_001": "茅ヶ崎駅", "P11_002": "神奈川中央交通（株）", "P11_003_01": "湘11,茅03,茅50,茅15,茅17,茅19,茅81,茅82,茅31,茅35,藤07,藤08,辻01,茅14,茅16,辻09,藤21,茅41,茅45,茅48,茅52,茅53,茅54,茅06,茅25,茅26", "P11_003_02": null, "P11_003_03": null, "P11_003_04": null, "P11_003_05": null, "P11_003_06": null, "P11_003_07": null, "P11_003_08": null, "P11_003_09": null, "P11_003_10": null, "P11_003_11": null, "P11_003_12": null, "P11_003_13": null, "P11_003_14": null, "P11_003_15": null, "P11_003_16": null, "P11_003_17": null, "P11_003_18": null, "P11_003_19": null, "P11_003_20": null, "P11_003_21": null, "P11_003_22": null, "P11_003_23": null, "P11_003_24": null, "P11_003_25": null, "P11_003_26": null, "P11_003_27": null, "P11_003_28": null, "P11_003_29": null, "P11_003_30": null, "P11_003_31": null, "P11_003_32": null, "P11_003_33": null, "P11_003_34": null, "P11_003_35": null, "P11_004_01": "1,1,1,1,1,1,1,1,1,1,1,1,1,1,1,1,1,1,1,1,1,1,1,1,1,1", "P11_004_02": null, "P11_004_03": null, "P11_004_04": null, "P11_004_05": null, "P11_004_06": null, "P11_004_07": null, "P11_004_08": null, "P11_004_09": null, "P11_004_10": null, "P11_004_11": null, "P11_004_12": null, "P11_004_13": null, "P11_004_14": null, "P11_004_15": null, "P11_004_16": null, "P11_004_17": null, "P11_004_18": null, "P11_004_19": null, "P11_004_20": null, "P11_004_21": null, "P11_004_22": null, "P11_004_23": null, "P11_004_24": null, "P11_004_25": null, "P11_004_26": null, "P11_004_27": null, "P11_004_28": null, "P11_004_29": null, "P11_004_30": null, "P11_004_31": null, "P11_004_32": null, "P11_004_33": null, "P11_004_34": null, "P11_004_35": null, "P11_005": null, "index_right": 880 }, "geometry": { "type": "Point", "coordinates": [ 139.405916757110987, 35.330674855371534 ] } },
{ "type": "Feature", "properties": { "P11_001": "松が丘二丁目北", "P11_002": "神奈川中央交通（株）", "P11_003_01": "東部循環市立病院線【松が丘コース】", "P11_003_02": null, "P11_003_03": null, "P11_003_04": null, "P11_003_05": null, "P11_003_06": null, "P11_003_07": null, "P11_003_08": null, "P11_003_09": null, "P11_003_10": null, "P11_003_11": null, "P11_003_12": null, "P11_003_13": null, "P11_003_14": null, "P11_003_15": null, "P11_003_16": null, "P11_003_17": null, "P11_003_18": null, "P11_003_19": null, "P11_003_20": null, "P11_003_21": null, "P11_003_22": null, "P11_003_23": null, "P11_003_24": null, "P11_003_25": null, "P11_003_26": null, "P11_003_27": null, "P11_003_28": null, "P11_003_29": null, "P11_003_30": null, "P11_003_31": null, "P11_003_32": null, "P11_003_33": null, "P11_003_34": null, "P11_003_35": null, "P11_004_01": "1", "P11_004_02": null, "P11_004_03": null, "P11_004_04": null, "P11_004_05": null, "P11_004_06": null, "P11_004_07": null, "P11_004_08": null, "P11_004_09": null, "P11_004_10": null, "P11_004_11": null, "P11_004_12": null, "P11_004_13": null, "P11_004_14": null, "P11_004_15": null, "P11_004_16": null, "P11_004_17": null, "P11_004_18": null, "P11_004_19": null, "P11_004_20": null, "P11_004_21": null, "P11_004_22": null, "P11_004_23": null, "P11_004_24": null, "P11_004_25": null, "P11_004_26": null, "P11_004_27": null, "P11_004_28": null, "P11_004_29": null, "P11_004_30": null, "P11_004_31": null, "P11_004_32": null, "P11_004_33": null, "P11_004_34": null, "P11_004_35": null, "P11_005": null, "index_right": 880 }, "geometry": { "type": "Point", "coordinates": [ 139.425905119544723, 35.330564498452837 ] } },
{ "type": "Feature", "properties": { "P11_001": "茅ヶ崎駅南口", "P11_002": "神奈川中央交通（株）", "P11_003_01": "茅09,茅33,茅37,辻02,辻10,辻12,辻13,中海岸南湖循環私立病院線,東部循環市立病院線【松が丘コース】", "P11_003_02": null, "P11_003_03": null, "P11_003_04": null, "P11_003_05": null, "P11_003_06": null, "P11_003_07": null, "P11_003_08": null, "P11_003_09": null, "P11_003_10": null, "P11_003_11": null, "P11_003_12": null, "P11_003_13": null, "P11_003_14": null, "P11_003_15": null, "P11_003_16": null, "P11_003_17": null, "P11_003_18": null, "P11_003_19": null, "P11_003_20": null, "P11_003_21": null, "P11_003_22": null, "P11_003_23": null, "P11_003_24": null, "P11_003_25": null, "P11_003_26": null, "P11_003_27": null, "P11_003_28": null, "P11_003_29": null, "P11_003_30": null, "P11_003_31": null, "P11_003_32": null, "P11_003_33": null, "P11_003_34": null, "P11_003_35": null, "P11_004_01": "1,1,1,1,1,1,1,1,1", "P11_004_02": null, "P11_004_03": null, "P11_004_04": null, "P11_004_05": null, "P11_004_06": null, "P11_004_07": null, "P11_004_08": null, "P11_004_09": null, "P11_004_10": null, "P11_004_11": null, "P11_004_12": null, "P11_004_13": null, "P11_004_14": null, "P11_004_15": null, "P11_004_16": null, "P11_004_17": null, "P11_004_18": null, "P11_004_19": null, "P11_004_20": null, "P11_004_21": null, "P11_004_22": null, "P11_004_23": null, "P11_004_24": null, "P11_004_25": null, "P11_004_26": null, "P11_004_27": null, "P11_004_28": null, "P11_004_29": null, "P11_004_30": null, "P11_004_31": null, "P11_004_32": null, "P11_004_33": null, "P11_004_34": null, "P11_004_35": null, "P11_005": null, "index_right": 880 }, "geometry": { "type": "Point", "coordinates": [ 139.407314506474791, 35.330142205493445 ] } },
{ "type": "Feature", "properties": { "P11_001": "東海岸北三丁目", "P11_002": "神奈川中央交通（株）", "P11_003_01": "茅09,辻12", "P11_003_02": null, "P11_003_03": null, "P11_003_04": null, "P11_003_05": null, "P11_003_06": null, "P11_003_07": null, "P11_003_08": null, "P11_003_09": null, "P11_003_10": null, "P11_003_11": null, "P11_003_12": null, "P11_003_13": null, "P11_003_14": null, "P11_003_15": null, "P11_003_16": null, "P11_003_17": null, "P11_003_18": null, "P11_003_19": null, "P11_003_20": null, "P11_003_21": null, "P11_003_22": null, "P11_003_23": null, "P11_003_24": null, "P11_003_25": null, "P11_003_26": null, "P11_003_27": null, "P11_003_28": null, "P11_003_29": null, "P11_003_30": null, "P11_003_31": null, "P11_003_32": null, "P11_003_33": null, "P11_003_34": null, "P11_003_35": null, "P11_004_01": "1,1", "P11_004_02": null, "P11_004_03": null, "P11_004_04": null, "P11_004_05": null, "P11_004_06": null, "P11_004_07": null, "P11_004_08": null, "P11_004_09": null, "P11_004_10": null, "P11_004_11": null, "P11_004_12": null, "P11_004_13": null, "P11_004_14": null, "P11_004_15": null, "P11_004_16": null, "P11_004_17": null, "P11_004_18": null, "P11_004_19": null, "P11_004_20": null, "P11_004_21": null, "P11_004_22": null, "P11_004_23": null, "P11_004_24": null, "P11_004_25": null, "P11_004_26": null, "P11_004_27": null, "P11_004_28": null, "P11_004_29": null, "P11_004_30": null, "P11_004_31": null, "P11_004_32": null, "P11_004_33": null, "P11_004_34": null, "P11_004_35": null, "P11_005": null, "index_right": 880 }, "geometry": { "type": "Point", "coordinates": [ 139.414492862498719, 35.330086620537479 ] } },
{ "type": "Feature", "properties": { "P11_001": "町屋", "P11_002": "神奈川中央交通（株）", "P11_003_01": "茅31,茅35,茅41,茅48,茅06", "P11_003_02": null, "P11_003_03": null, "P11_003_04": null, "P11_003_05": null, "P11_003_06": null, "P11_003_07": null, "P11_003_08": null, "P11_003_09": null, "P11_003_10": null, "P11_003_11": null, "P11_003_12": null, "P11_003_13": null, "P11_003_14": null, "P11_003_15": null, "P11_003_16": null, "P11_003_17": null, "P11_003_18": null, "P11_003_19": null, "P11_003_20": null, "P11_003_21": null, "P11_003_22": null, "P11_003_23": null, "P11_003_24": null, "P11_003_25": null, "P11_003_26": null, "P11_003_27": null, "P11_003_28": null, "P11_003_29": null, "P11_003_30": null, "P11_003_31": null, "P11_003_32": null, "P11_003_33": null, "P11_003_34": null, "P11_003_35": null, "P11_004_01": "1,1,1,1,1", "P11_004_02": null, "P11_004_03": null, "P11_004_04": null, "P11_004_05": null, "P11_004_06": null, "P11_004_07": null, "P11_004_08": null, "P11_004_09": null, "P11_004_10": null, "P11_004_11": null, "P11_004_12": null, "P11_004_13": null, "P11_004_14": null, "P11_004_15": null, "P11_004_16": null, "P11_004_17": null, "P11_004_18": null, "P11_004_19": null, "P11_004_20": null, "P11_004_21": null, "P11_004_22": null, "P11_004_23": null, "P11_004_24": null, "P11_004_25": null, "P11_004_26": null, "P11_004_27": null, "P11_004_28": null, "P11_004_29": null, "P11_004_30": null, "P11_004_31": null, "P11_004_32": null, "P11_004_33": null, "P11_004_34": null, "P11_004_35": null, "P11_005": null, "index_right": 880 }, "geometry": { "type": "Point", "coordinates": [ 139.389622665710675, 35.33005432793761 ] } },
{ "type": "Feature", "properties": { "P11_001": "幸町", "P11_002": "神奈川中央交通（株）", "P11_003_01": "中海岸南湖循環私立病院線,東部循環市立病院線【松が丘コース】", "P11_003_02": null, "P11_003_03": null, "P11_003_04": null, "P11_003_05": null, "P11_003_06": null, "P11_003_07": null, "P11_003_08": null, "P11_003_09": null, "P11_003_10": null, "P11_003_11": null, "P11_003_12": null, "P11_003_13": null, "P11_003_14": null, "P11_003_15": null, "P11_003_16": null, "P11_003_17": null, "P11_003_18": null, "P11_003_19": null, "P11_003_20": null, "P11_003_21": null, "P11_003_22": null, "P11_003_23": null, "P11_003_24": null, "P11_003_25": null, "P11_003_26": null, "P11_003_27": null, "P11_003_28": null, "P11_003_29": null, "P11_003_30": null, "P11_003_31": null, "P11_003_32": null, "P11_003_33": null, "P11_003_34": null, "P11_003_35": null, "P11_004_01": "1,1", "P11_004_02": null, "P11_004_03": null, "P11_004_04": null, "P11_004_05": null, "P11_004_06": null, "P11_004_07": null, "P11_004_08": null, "P11_004_09": null, "P11_004_10": null, "P11_004_11": null, "P11_004_12": null, "P11_004_13": null, "P11_004_14": null, "P11_004_15": null, "P11_004_16": null, "P11_004_17": null, "P11_004_18": null, "P11_004_19": null, "P11_004_20": null, "P11_004_21": null, "P11_004_22": null, "P11_004_23": null, "P11_004_24": null, "P11_004_25": null, "P11_004_26": null, "P11_004_27": null, "P11_004_28": null, "P11_004_29": null, "P11_004_30": null, "P11_004_31": null, "P11_004_32": null, "P11_004_33": null, "P11_004_34": null, "P11_004_35": null, "P11_005": null, "index_right": 880 }, "geometry": { "type": "Point", "coordinates": [ 139.409200223240248, 35.329953107975669 ] } },
{ "type": "Feature", "properties": { "P11_001": "十間坂", "P11_002": "神奈川中央交通（株）", "P11_003_01": "茅31,茅35,茅41,茅48,茅06", "P11_003_02": null, "P11_003_03": null, "P11_003_04": null, "P11_003_05": null, "P11_003_06": null, "P11_003_07": null, "P11_003_08": null, "P11_003_09": null, "P11_003_10": null, "P11_003_11": null, "P11_003_12": null, "P11_003_13": null, "P11_003_14": null, "P11_003_15": null, "P11_003_16": null, "P11_003_17": null, "P11_003_18": null, "P11_003_19": null, "P11_003_20": null, "P11_003_21": null, "P11_003_22": null, "P11_003_23": null, "P11_003_24": null, "P11_003_25": null, "P11_003_26": null, "P11_003_27": null, "P11_003_28": null, "P11_003_29": null, "P11_003_30": null, "P11_003_31": null, "P11_003_32": null, "P11_003_33": null, "P11_003_34": null, "P11_003_35": null, "P11_004_01": "1,1,1,1,1", "P11_004_02": null, "P11_004_03": null, "P11_004_04": null, "P11_004_05": null, "P11_004_06": null, "P11_004_07": null, "P11_004_08": null, "P11_004_09": null, "P11_004_10": null, "P11_004_11": null, "P11_004_12": null, "P11_004_13": null, "P11_004_14": null, "P11_004_15": null, "P11_004_16": null, "P11_004_17": null, "P11_004_18": null, "P11_004_19": null, "P11_004_20": null, "P11_004_21": null, "P11_004_22": null, "P11_004_23": null, "P11_004_24": null, "P11_004_25": null, "P11_004_26": null, "P11_004_27": null, "P11_004_28": null, "P11_004_29": null, "P11_004_30": null, "P11_004_31": null, "P11_004_32": null, "P11_004_33": null, "P11_004_34": null, "P11_004_35": null, "P11_005": null, "index_right": 880 }, "geometry": { "type": "Point", "coordinates": [ 139.396906473183094, 35.32973988215165 ] } },
{ "type": "Feature", "properties": { "P11_001": "兵金山", "P11_002": "神奈川中央交通（株）", "P11_003_01": "辻13", "P11_003_02": null, "P11_003_03": null, "P11_003_04": null, "P11_003_05": null, "P11_003_06": null, "P11_003_07": null, "P11_003_08": null, "P11_003_09": null, "P11_003_10": null, "P11_003_11": null, "P11_003_12": null, "P11_003_13": null, "P11_003_14": null, "P11_003_15": null, "P11_003_16": null, "P11_003_17": null, "P11_003_18": null, "P11_003_19": null, "P11_003_20": null, "P11_003_21": null, "P11_003_22": null, "P11_003_23": null, "P11_003_24": null, "P11_003_25": null, "P11_003_26": null, "P11_003_27": null, "P11_003_28": null, "P11_003_29": null, "P11_003_30": null, "P11_003_31": null, "P11_003_32": null, "P11_003_33": null, "P11_003_34": null, "P11_003_35": null, "P11_004_01": "1", "P11_004_02": null, "P11_004_03": null, "P11_004_04": null, "P11_004_05": null, "P11_004_06": null, "P11_004_07": null, "P11_004_08": null, "P11_004_09": null, "P11_004_10": null, "P11_004_11": null, "P11_004_12": null, "P11_004_13": null, "P11_004_14": null, "P11_004_15": null, "P11_004_16": null, "P11_004_17": null, "P11_004_18": null, "P11_004_19": null, "P11_004_20": null, "P11_004_21": null, "P11_004_22": null, "P11_004_23": null, "P11_004_24": null, "P11_004_25": null, "P11_004_26": null, "P11_004_27": null, "P11_004_28": null, "P11_004_29": null, "P11_004_30": null, "P11_004_31": null, "P11_004_32": null, "P11_004_33": null, "P11_004_34": null, "P11_004_35": null, "P11_005": null, "index_right": 880 }, "geometry": { "type": "Point", "coordinates": [ 139.43824560100748, 35.329536788241882 ] } },
{ "type": "Feature", "properties": { "P11_001": "兵金山", "P11_002": "（株）江ノ電バス", "P11_003_01": "J2", "P11_003_02": null, "P11_003_03": null, "P11_003_04": null, "P11_003_05": null, "P11_003_06": null, "P11_003_07": null, "P11_003_08": null, "P11_003_09": null, "P11_003_10": null, "P11_003_11": null, "P11_003_12": null, "P11_003_13": null, "P11_003_14": null, "P11_003_15": null, "P11_003_16": null, "P11_003_17": null, "P11_003_18": null, "P11_003_19": null, "P11_003_20": null, "P11_003_21": null, "P11_003_22": null, "P11_003_23": null, "P11_003_24": null, "P11_003_25": null, "P11_003_26": null, "P11_003_27": null, "P11_003_28": null, "P11_003_29": null, "P11_003_30": null, "P11_003_31": null, "P11_003_32": null, "P11_003_33": null, "P11_003_34": null, "P11_003_35": null, "P11_004_01": "1", "P11_004_02": null, "P11_004_03": null, "P11_004_04": null, "P11_004_05": null, "P11_004_06": null, "P11_004_07": null, "P11_004_08": null, "P11_004_09": null, "P11_004_10": null, "P11_004_11": null, "P11_004_12": null, "P11_004_13": null, "P11_004_14": null, "P11_004_15": null, "P11_004_16": null, "P11_004_17": null, "P11_004_18": null, "P11_004_19": null, "P11_004_20": null, "P11_004_21": null, "P11_004_22": null, "P11_004_23": null, "P11_004_24": null, "P11_004_25": null, "P11_004_26": null, "P11_004_27": null, "P11_004_28": null, "P11_004_29": null, "P11_004_30": null, "P11_004_31": null, "P11_004_32": null, "P11_004_33": null, "P11_004_34": null, "P11_004_35": null, "P11_005": null, "index_right": 880 }, "geometry": { "type": "Point", "coordinates": [ 139.43824560100748, 35.329536788241882 ] } },
{ "type": "Feature", "properties": { "P11_001": "ツインウェイヴ", "P11_002": "神奈川中央交通（株）", "P11_003_01": "中海岸南湖循環私立病院線", "P11_003_02": null, "P11_003_03": null, "P11_003_04": null, "P11_003_05": null, "P11_003_06": null, "P11_003_07": null, "P11_003_08": null, "P11_003_09": null, "P11_003_10": null, "P11_003_11": null, "P11_003_12": null, "P11_003_13": null, "P11_003_14": null, "P11_003_15": null, "P11_003_16": null, "P11_003_17": null, "P11_003_18": null, "P11_003_19": null, "P11_003_20": null, "P11_003_21": null, "P11_003_22": null, "P11_003_23": null, "P11_003_24": null, "P11_003_25": null, "P11_003_26": null, "P11_003_27": null, "P11_003_28": null, "P11_003_29": null, "P11_003_30": null, "P11_003_31": null, "P11_003_32": null, "P11_003_33": null, "P11_003_34": null, "P11_003_35": null, "P11_004_01": "1", "P11_004_02": null, "P11_004_03": null, "P11_004_04": null, "P11_004_05": null, "P11_004_06": null, "P11_004_07": null, "P11_004_08": null, "P11_004_09": null, "P11_004_10": null, "P11_004_11": null, "P11_004_12": null, "P11_004_13": null, "P11_004_14": null, "P11_004_15": null, "P11_004_16": null, "P11_004_17": null, "P11_004_18": null, "P11_004_19": null, "P11_004_20": null, "P11_004_21": null, "P11_004_22": null, "P11_004_23": null, "P11_004_24": null, "P11_004_25": null, "P11_004_26": null, "P11_004_27": null, "P11_004_28": null, "P11_004_29": null, "P11_004_30": null, "P11_004_31": null, "P11_004_32": null, "P11_004_33": null, "P11_004_34": null, "P11_004_35": null, "P11_005": null, "index_right": 880 }, "geometry": { "type": "Point", "coordinates": [ 139.404803146737009, 35.329359813933245 ] } },
{ "type": "Feature", "properties": { "P11_001": "茶屋町", "P11_002": "神奈川中央交通（株）", "P11_003_01": "茅31,茅35,茅41,茅48,茅06", "P11_003_02": null, "P11_003_03": null, "P11_003_04": null, "P11_003_05": null, "P11_003_06": null, "P11_003_07": null, "P11_003_08": null, "P11_003_09": null, "P11_003_10": null, "P11_003_11": null, "P11_003_12": null, "P11_003_13": null, "P11_003_14": null, "P11_003_15": null, "P11_003_16": null, "P11_003_17": null, "P11_003_18": null, "P11_003_19": null, "P11_003_20": null, "P11_003_21": null, "P11_003_22": null, "P11_003_23": null, "P11_003_24": null, "P11_003_25": null, "P11_003_26": null, "P11_003_27": null, "P11_003_28": null, "P11_003_29": null, "P11_003_30": null, "P11_003_31": null, "P11_003_32": null, "P11_003_33": null, "P11_003_34": null, "P11_003_35": null, "P11_004_01": "1,1,1,1,1", "P11_004_02": null, "P11_004_03": null, "P11_004_04": null, "P11_004_05": null, "P11_004_06": null, "P11_004_07": null, "P11_004_08": null, "P11_004_09": null, "P11_004_10": null, "P11_004_11": null, "P11_004_12": null, "P11_004_13": null, "P11_004_14": null, "P11_004_15": null, "P11_004_16": null, "P11_004_17": null, "P11_004_18": null, "P11_004_19": null, "P11_004_20": null, "P11_004_21": null, "P11_004_22": null, "P11_004_23": null, "P11_004_24": null, "P11_004_25": null, "P11_004_26": null, "P11_004_27": null, "P11_004_28": null, "P11_004_29": null, "P11_004_30": null, "P11_004_31": null, "P11_004_32": null, "P11_004_33": null, "P11_004_34": null, "P11_004_35": null, "P11_005": null, "index_right": 880 }, "geometry": { "type": "Point", "coordinates": [ 139.394520047269168, 35.329073005447867 ] } },
{ "type": "Feature", "properties": { "P11_001": "教会前", "P11_002": "神奈川中央交通（株）", "P11_003_01": "東部循環市立病院線【松が丘コース】", "P11_003_02": null, "P11_003_03": null, "P11_003_04": null, "P11_003_05": null, "P11_003_06": null, "P11_003_07": null, "P11_003_08": null, "P11_003_09": null, "P11_003_10": null, "P11_003_11": null, "P11_003_12": null, "P11_003_13": null, "P11_003_14": null, "P11_003_15": null, "P11_003_16": null, "P11_003_17": null, "P11_003_18": null, "P11_003_19": null, "P11_003_20": null, "P11_003_21": null, "P11_003_22": null, "P11_003_23": null, "P11_003_24": null, "P11_003_25": null, "P11_003_26": null, "P11_003_27": null, "P11_003_28": null, "P11_003_29": null, "P11_003_30": null, "P11_003_31": null, "P11_003_32": null, "P11_003_33": null, "P11_003_34": null, "P11_003_35": null, "P11_004_01": "1", "P11_004_02": null, "P11_004_03": null, "P11_004_04": null, "P11_004_05": null, "P11_004_06": null, "P11_004_07": null, "P11_004_08": null, "P11_004_09": null, "P11_004_10": null, "P11_004_11": null, "P11_004_12": null, "P11_004_13": null, "P11_004_14": null, "P11_004_15": null, "P11_004_16": null, "P11_004_17": null, "P11_004_18": null, "P11_004_19": null, "P11_004_20": null, "P11_004_21": null, "P11_004_22": null, "P11_004_23": null, "P11_004_24": null, "P11_004_25": null, "P11_004_26": null, "P11_004_27": null, "P11_004_28": null, "P11_004_29": null, "P11_004_30": null, "P11_004_31": null, "P11_004_32": null, "P11_004_33": null, "P11_004_34": null, "P11_004_35": null, "P11_005": null, "index_right": 880 }, "geometry": { "type": "Point", "coordinates": [ 139.428564058662062, 35.329000354030008 ] } },
{ "type": "Feature", "properties": { "P11_001": "幸町", "P11_002": "神奈川中央交通（株）", "P11_003_01": "茅09,茅33,茅37,辻02,辻10,辻12,辻13", "P11_003_02": null, "P11_003_03": null, "P11_003_04": null, "P11_003_05": null, "P11_003_06": null, "P11_003_07": null, "P11_003_08": null, "P11_003_09": null, "P11_003_10": null, "P11_003_11": null, "P11_003_12": null, "P11_003_13": null, "P11_003_14": null, "P11_003_15": null, "P11_003_16": null, "P11_003_17": null, "P11_003_18": null, "P11_003_19": null, "P11_003_20": null, "P11_003_21": null, "P11_003_22": null, "P11_003_23": null, "P11_003_24": null, "P11_003_25": null, "P11_003_26": null, "P11_003_27": null, "P11_003_28": null, "P11_003_29": null, "P11_003_30": null, "P11_003_31": null, "P11_003_32": null, "P11_003_33": null, "P11_003_34": null, "P11_003_35": null, "P11_004_01": "1,1,1,1,1,1,1", "P11_004_02": null, "P11_004_03": null, "P11_004_04": null, "P11_004_05": null, "P11_004_06": null, "P11_004_07": null, "P11_004_08": null, "P11_004_09": null, "P11_004_10": null, "P11_004_11": null, "P11_004_12": null, "P11_004_13": null, "P11_004_14": null, "P11_004_15": null, "P11_004_16": null, "P11_004_17": null, "P11_004_18": null, "P11_004_19": null, "P11_004_20": null, "P11_004_21": null, "P11_004_22": null, "P11_004_23": null, "P11_004_24": null, "P11_004_25": null, "P11_004_26": null, "P11_004_27": null, "P11_004_28": null, "P11_004_29": null, "P11_004_30": null, "P11_004_31": null, "P11_004_32": null, "P11_004_33": null, "P11_004_34": null, "P11_004_35": null, "P11_005": null, "index_right": 880 }, "geometry": { "type": "Point", "coordinates": [ 139.407508039321357, 35.328665547818787 ] } },
{ "type": "Feature", "properties": { "P11_001": "美住町交差点北", "P11_002": "神奈川中央交通（株）", "P11_003_01": "東部循環市立病院線【小和田・松浪コース】", "P11_003_02": null, "P11_003_03": null, "P11_003_04": null, "P11_003_05": null, "P11_003_06": null, "P11_003_07": null, "P11_003_08": null, "P11_003_09": null, "P11_003_10": null, "P11_003_11": null, "P11_003_12": null, "P11_003_13": null, "P11_003_14": null, "P11_003_15": null, "P11_003_16": null, "P11_003_17": null, "P11_003_18": null, "P11_003_19": null, "P11_003_20": null, "P11_003_21": null, "P11_003_22": null, "P11_003_23": null, "P11_003_24": null, "P11_003_25": null, "P11_003_26": null, "P11_003_27": null, "P11_003_28": null, "P11_003_29": null, "P11_003_30": null, "P11_003_31": null, "P11_003_32": null, "P11_003_33": null, "P11_003_34": null, "P11_003_35": null, "P11_004_01": "1", "P11_004_02": null, "P11_004_03": null, "P11_004_04": null, "P11_004_05": null, "P11_004_06": null, "P11_004_07": null, "P11_004_08": null, "P11_004_09": null, "P11_004_10": null, "P11_004_11": null, "P11_004_12": null, "P11_004_13": null, "P11_004_14": null, "P11_004_15": null, "P11_004_16": null, "P11_004_17": null, "P11_004_18": null, "P11_004_19": null, "P11_004_20": null, "P11_004_21": null, "P11_004_22": null, "P11_004_23": null, "P11_004_24": null, "P11_004_25": null, "P11_004_26": null, "P11_004_27": null, "P11_004_28": null, "P11_004_29": null, "P11_004_30": null, "P11_004_31": null, "P11_004_32": null, "P11_004_33": null, "P11_004_34": null, "P11_004_35": null, "P11_005": null, "index_right": 880 }, "geometry": { "type": "Point", "coordinates": [ 139.431666533661115, 35.328509131973988 ] } },
{ "type": "Feature", "properties": { "P11_001": "平和町北", "P11_002": "神奈川中央交通（株）", "P11_003_01": "東部循環市立病院線【松が丘コース】", "P11_003_02": null, "P11_003_03": null, "P11_003_04": null, "P11_003_05": null, "P11_003_06": null, "P11_003_07": null, "P11_003_08": null, "P11_003_09": null, "P11_003_10": null, "P11_003_11": null, "P11_003_12": null, "P11_003_13": null, "P11_003_14": null, "P11_003_15": null, "P11_003_16": null, "P11_003_17": null, "P11_003_18": null, "P11_003_19": null, "P11_003_20": null, "P11_003_21": null, "P11_003_22": null, "P11_003_23": null, "P11_003_24": null, "P11_003_25": null, "P11_003_26": null, "P11_003_27": null, "P11_003_28": null, "P11_003_29": null, "P11_003_30": null, "P11_003_31": null, "P11_003_32": null, "P11_003_33": null, "P11_003_34": null, "P11_003_35": null, "P11_004_01": "1", "P11_004_02": null, "P11_004_03": null, "P11_004_04": null, "P11_004_05": null, "P11_004_06": null, "P11_004_07": null, "P11_004_08": null, "P11_004_09": null, "P11_004_10": null, "P11_004_11": null, "P11_004_12": null, "P11_004_13": null, "P11_004_14": null, "P11_004_15": null, "P11_004_16": null, "P11_004_17": null, "P11_004_18": null, "P11_004_19": null, "P11_004_20": null, "P11_004_21": null, "P11_004_22": null, "P11_004_23": null, "P11_004_24": null, "P11_004_25": null, "P11_004_26": null, "P11_004_27": null, "P11_004_28": null, "P11_004_29": null, "P11_004_30": null, "P11_004_31": null, "P11_004_32": null, "P11_004_33": null, "P11_004_34": null, "P11_004_35": null, "P11_005": null, "index_right": 880 }, "geometry": { "type": "Point", "coordinates": [ 139.430166290848831, 35.328184951739772 ] } },
{ "type": "Feature", "properties": { "P11_001": "茅ヶ崎テラス", "P11_002": "（株）江ノ電バス", "P11_003_01": "J2", "P11_003_02": null, "P11_003_03": null, "P11_003_04": null, "P11_003_05": null, "P11_003_06": null, "P11_003_07": null, "P11_003_08": null, "P11_003_09": null, "P11_003_10": null, "P11_003_11": null, "P11_003_12": null, "P11_003_13": null, "P11_003_14": null, "P11_003_15": null, "P11_003_16": null, "P11_003_17": null, "P11_003_18": null, "P11_003_19": null, "P11_003_20": null, "P11_003_21": null, "P11_003_22": null, "P11_003_23": null, "P11_003_24": null, "P11_003_25": null, "P11_003_26": null, "P11_003_27": null, "P11_003_28": null, "P11_003_29": null, "P11_003_30": null, "P11_003_31": null, "P11_003_32": null, "P11_003_33": null, "P11_003_34": null, "P11_003_35": null, "P11_004_01": "1", "P11_004_02": null, "P11_004_03": null, "P11_004_04": null, "P11_004_05": null, "P11_004_06": null, "P11_004_07": null, "P11_004_08": null, "P11_004_09": null, "P11_004_10": null, "P11_004_11": null, "P11_004_12": null, "P11_004_13": null, "P11_004_14": null, "P11_004_15": null, "P11_004_16": null, "P11_004_17": null, "P11_004_18": null, "P11_004_19": null, "P11_004_20": null, "P11_004_21": null, "P11_004_22": null, "P11_004_23": null, "P11_004_24": null, "P11_004_25": null, "P11_004_26": null, "P11_004_27": null, "P11_004_28": null, "P11_004_29": null, "P11_004_30": null, "P11_004_31": null, "P11_004_32": null, "P11_004_33": null, "P11_004_34": null, "P11_004_35": null, "P11_005": null, "index_right": 880 }, "geometry": { "type": "Point", "coordinates": [ 139.437962049909203, 35.328000000769428 ] } },
{ "type": "Feature", "properties": { "P11_001": "テラス", "P11_002": "神奈川中央交通（株）", "P11_003_01": "辻13", "P11_003_02": null, "P11_003_03": null, "P11_003_04": null, "P11_003_05": null, "P11_003_06": null, "P11_003_07": null, "P11_003_08": null, "P11_003_09": null, "P11_003_10": null, "P11_003_11": null, "P11_003_12": null, "P11_003_13": null, "P11_003_14": null, "P11_003_15": null, "P11_003_16": null, "P11_003_17": null, "P11_003_18": null, "P11_003_19": null, "P11_003_20": null, "P11_003_21": null, "P11_003_22": null, "P11_003_23": null, "P11_003_24": null, "P11_003_25": null, "P11_003_26": null, "P11_003_27": null, "P11_003_28": null, "P11_003_29": null, "P11_003_30": null, "P11_003_31": null, "P11_003_32": null, "P11_003_33": null, "P11_003_34": null, "P11_003_35": null, "P11_004_01": "1", "P11_004_02": null, "P11_004_03": null, "P11_004_04": null, "P11_004_05": null, "P11_004_06": null, "P11_004_07": null, "P11_004_08": null, "P11_004_09": null, "P11_004_10": null, "P11_004_11": null, "P11_004_12": null, "P11_004_13": null, "P11_004_14": null, "P11_004_15": null, "P11_004_16": null, "P11_004_17": null, "P11_004_18": null, "P11_004_19": null, "P11_004_20": null, "P11_004_21": null, "P11_004_22": null, "P11_004_23": null, "P11_004_24": null, "P11_004_25": null, "P11_004_26": null, "P11_004_27": null, "P11_004_28": null, "P11_004_29": null, "P11_004_30": null, "P11_004_31": null, "P11_004_32": null, "P11_004_33": null, "P11_004_34": null, "P11_004_35": null, "P11_005": null, "index_right": 880 }, "geometry": { "type": "Point", "coordinates": [ 139.437962049909203, 35.328000000769428 ] } },
{ "type": "Feature", "properties": { "P11_001": "石神下", "P11_002": "神奈川中央交通（株）", "P11_003_01": "茅09,辻12", "P11_003_02": null, "P11_003_03": null, "P11_003_04": null, "P11_003_05": null, "P11_003_06": null, "P11_003_07": null, "P11_003_08": null, "P11_003_09": null, "P11_003_10": null, "P11_003_11": null, "P11_003_12": null, "P11_003_13": null, "P11_003_14": null, "P11_003_15": null, "P11_003_16": null, "P11_003_17": null, "P11_003_18": null, "P11_003_19": null, "P11_003_20": null, "P11_003_21": null, "P11_003_22": null, "P11_003_23": null, "P11_003_24": null, "P11_003_25": null, "P11_003_26": null, "P11_003_27": null, "P11_003_28": null, "P11_003_29": null, "P11_003_30": null, "P11_003_31": null, "P11_003_32": null, "P11_003_33": null, "P11_003_34": null, "P11_003_35": null, "P11_004_01": "1,1", "P11_004_02": null, "P11_004_03": null, "P11_004_04": null, "P11_004_05": null, "P11_004_06": null, "P11_004_07": null, "P11_004_08": null, "P11_004_09": null, "P11_004_10": null, "P11_004_11": null, "P11_004_12": null, "P11_004_13": null, "P11_004_14": null, "P11_004_15": null, "P11_004_16": null, "P11_004_17": null, "P11_004_18": null, "P11_004_19": null, "P11_004_20": null, "P11_004_21": null, "P11_004_22": null, "P11_004_23": null, "P11_004_24": null, "P11_004_25": null, "P11_004_26": null, "P11_004_27": null, "P11_004_28": null, "P11_004_29": null, "P11_004_30": null, "P11_004_31": null, "P11_004_32": null, "P11_004_33": null, "P11_004_34": null, "P11_004_35": null, "P11_005": null, "index_right": 880 }, "geometry": { "type": "Point", "coordinates": [ 139.41457309423231, 35.327706175735003 ] } },
{ "type": "Feature", "properties": { "P11_001": "茅ヶ崎小学校前", "P11_002": "神奈川中央交通（株）", "P11_003_01": "中海岸南湖循環私立病院線", "P11_003_02": null, "P11_003_03": null, "P11_003_04": null, "P11_003_05": null, "P11_003_06": null, "P11_003_07": null, "P11_003_08": null, "P11_003_09": null, "P11_003_10": null, "P11_003_11": null, "P11_003_12": null, "P11_003_13": null, "P11_003_14": null, "P11_003_15": null, "P11_003_16": null, "P11_003_17": null, "P11_003_18": null, "P11_003_19": null, "P11_003_20": null, "P11_003_21": null, "P11_003_22": null, "P11_003_23": null, "P11_003_24": null, "P11_003_25": null, "P11_003_26": null, "P11_003_27": null, "P11_003_28": null, "P11_003_29": null, "P11_003_30": null, "P11_003_31": null, "P11_003_32": null, "P11_003_33": null, "P11_003_34": null, "P11_003_35": null, "P11_004_01": "1", "P11_004_02": null, "P11_004_03": null, "P11_004_04": null, "P11_004_05": null, "P11_004_06": null, "P11_004_07": null, "P11_004_08": null, "P11_004_09": null, "P11_004_10": null, "P11_004_11": null, "P11_004_12": null, "P11_004_13": null, "P11_004_14": null, "P11_004_15": null, "P11_004_16": null, "P11_004_17": null, "P11_004_18": null, "P11_004_19": null, "P11_004_20": null, "P11_004_21": null, "P11_004_22": null, "P11_004_23": null, "P11_004_24": null, "P11_004_25": null, "P11_004_26": null, "P11_004_27": null, "P11_004_28": null, "P11_004_29": null, "P11_004_30": null, "P11_004_31": null, "P11_004_32": null, "P11_004_33": null, "P11_004_34": null, "P11_004_35": null, "P11_005": null, "index_right": 880 }, "geometry": { "type": "Point", "coordinates": [ 139.403883759610295, 35.327582921400627 ] } },
{ "type": "Feature", "properties": { "P11_001": "富士見町北", "P11_002": "神奈川中央交通（株）", "P11_003_01": "東部循環市立病院線【小和田・松浪コース】", "P11_003_02": null, "P11_003_03": null, "P11_003_04": null, "P11_003_05": null, "P11_003_06": null, "P11_003_07": null, "P11_003_08": null, "P11_003_09": null, "P11_003_10": null, "P11_003_11": null, "P11_003_12": null, "P11_003_13": null, "P11_003_14": null, "P11_003_15": null, "P11_003_16": null, "P11_003_17": null, "P11_003_18": null, "P11_003_19": null, "P11_003_20": null, "P11_003_21": null, "P11_003_22": null, "P11_003_23": null, "P11_003_24": null, "P11_003_25": null, "P11_003_26": null, "P11_003_27": null, "P11_003_28": null, "P11_003_29": null, "P11_003_30": null, "P11_003_31": null, "P11_003_32": null, "P11_003_33": null, "P11_003_34": null, "P11_003_35": null, "P11_004_01": "1", "P11_004_02": null, "P11_004_03": null, "P11_004_04": null, "P11_004_05": null, "P11_004_06": null, "P11_004_07": null, "P11_004_08": null, "P11_004_09": null, "P11_004_10": null, "P11_004_11": null, "P11_004_12": null, "P11_004_13": null, "P11_004_14": null, "P11_004_15": null, "P11_004_16": null, "P11_004_17": null, "P11_004_18": null, "P11_004_19": null, "P11_004_20": null, "P11_004_21": null, "P11_004_22": null, "P11_004_23": null, "P11_004_24": null, "P11_004_25": null, "P11_004_26": null, "P11_004_27": null, "P11_004_28": null, "P11_004_29": null, "P11_004_30": null, "P11_004_31": null, "P11_004_32": null, "P11_004_33": null, "P11_004_34": null, "P11_004_35": null, "P11_005": null, "index_right": 880 }, "geometry": { "type": "Point", "coordinates": [ 139.434063708977931, 35.327490989393738 ] } },
{ "type": "Feature", "properties": { "P11_001": "松浪中学校入口", "P11_002": "神奈川中央交通（株）", "P11_003_01": "東部循環市立病院線【小和田・松浪コース】", "P11_003_02": null, "P11_003_03": null, "P11_003_04": null, "P11_003_05": null, "P11_003_06": null, "P11_003_07": null, "P11_003_08": null, "P11_003_09": null, "P11_003_10": null, "P11_003_11": null, "P11_003_12": null, "P11_003_13": null, "P11_003_14": null, "P11_003_15": null, "P11_003_16": null, "P11_003_17": null, "P11_003_18": null, "P11_003_19": null, "P11_003_20": null, "P11_003_21": null, "P11_003_22": null, "P11_003_23": null, "P11_003_24": null, "P11_003_25": null, "P11_003_26": null, "P11_003_27": null, "P11_003_28": null, "P11_003_29": null, "P11_003_30": null, "P11_003_31": null, "P11_003_32": null, "P11_003_33": null, "P11_003_34": null, "P11_003_35": null, "P11_004_01": "1", "P11_004_02": null, "P11_004_03": null, "P11_004_04": null, "P11_004_05": null, "P11_004_06": null, "P11_004_07": null, "P11_004_08": null, "P11_004_09": null, "P11_004_10": null, "P11_004_11": null, "P11_004_12": null, "P11_004_13": null, "P11_004_14": null, "P11_004_15": null, "P11_004_16": null, "P11_004_17": null, "P11_004_18": null, "P11_004_19": null, "P11_004_20": null, "P11_004_21": null, "P11_004_22": null, "P11_004_23": null, "P11_004_24": null, "P11_004_25": null, "P11_004_26": null, "P11_004_27": null, "P11_004_28": null, "P11_004_29": null, "P11_004_30": null, "P11_004_31": null, "P11_004_32": null, "P11_004_33": null, "P11_004_34": null, "P11_004_35": null, "P11_005": null, "index_right": 880 }, "geometry": { "type": "Point", "coordinates": [ 139.435916082217318, 35.327361364566812 ] } },
{ "type": "Feature", "properties": { "P11_001": "共恵", "P11_002": "神奈川中央交通（株）", "P11_003_01": "中海岸南湖循環私立病院線", "P11_003_02": null, "P11_003_03": null, "P11_003_04": null, "P11_003_05": null, "P11_003_06": null, "P11_003_07": null, "P11_003_08": null, "P11_003_09": null, "P11_003_10": null, "P11_003_11": null, "P11_003_12": null, "P11_003_13": null, "P11_003_14": null, "P11_003_15": null, "P11_003_16": null, "P11_003_17": null, "P11_003_18": null, "P11_003_19": null, "P11_003_20": null, "P11_003_21": null, "P11_003_22": null, "P11_003_23": null, "P11_003_24": null, "P11_003_25": null, "P11_003_26": null, "P11_003_27": null, "P11_003_28": null, "P11_003_29": null, "P11_003_30": null, "P11_003_31": null, "P11_003_32": null, "P11_003_33": null, "P11_003_34": null, "P11_003_35": null, "P11_004_01": "1", "P11_004_02": null, "P11_004_03": null, "P11_004_04": null, "P11_004_05": null, "P11_004_06": null, "P11_004_07": null, "P11_004_08": null, "P11_004_09": null, "P11_004_10": null, "P11_004_11": null, "P11_004_12": null, "P11_004_13": null, "P11_004_14": null, "P11_004_15": null, "P11_004_16": null, "P11_004_17": null, "P11_004_18": null, "P11_004_19": null, "P11_004_20": null, "P11_004_21": null, "P11_004_22": null, "P11_004_23": null, "P11_004_24": null, "P11_004_25": null, "P11_004_26": null, "P11_004_27": null, "P11_004_28": null, "P11_004_29": null, "P11_004_30": null, "P11_004_31": null, "P11_004_32": null, "P11_004_33": null, "P11_004_34": null, "P11_004_35": null, "P11_005": null, "index_right": 880 }, "geometry": { "type": "Point", "coordinates": [ 139.402747259388775, 35.327110775671024 ] } },
{ "type": "Feature", "properties": { "P11_001": "松尾入口", "P11_002": "神奈川中央交通（株）", "P11_003_01": "茅31,茅33", "P11_003_02": null, "P11_003_03": null, "P11_003_04": null, "P11_003_05": null, "P11_003_06": null, "P11_003_07": null, "P11_003_08": null, "P11_003_09": null, "P11_003_10": null, "P11_003_11": null, "P11_003_12": null, "P11_003_13": null, "P11_003_14": null, "P11_003_15": null, "P11_003_16": null, "P11_003_17": null, "P11_003_18": null, "P11_003_19": null, "P11_003_20": null, "P11_003_21": null, "P11_003_22": null, "P11_003_23": null, "P11_003_24": null, "P11_003_25": null, "P11_003_26": null, "P11_003_27": null, "P11_003_28": null, "P11_003_29": null, "P11_003_30": null, "P11_003_31": null, "P11_003_32": null, "P11_003_33": null, "P11_003_34": null, "P11_003_35": null, "P11_004_01": "1,1", "P11_004_02": null, "P11_004_03": null, "P11_004_04": null, "P11_004_05": null, "P11_004_06": null, "P11_004_07": null, "P11_004_08": null, "P11_004_09": null, "P11_004_10": null, "P11_004_11": null, "P11_004_12": null, "P11_004_13": null, "P11_004_14": null, "P11_004_15": null, "P11_004_16": null, "P11_004_17": null, "P11_004_18": null, "P11_004_19": null, "P11_004_20": null, "P11_004_21": null, "P11_004_22": null, "P11_004_23": null, "P11_004_24": null, "P11_004_25": null, "P11_004_26": null, "P11_004_27": null, "P11_004_28": null, "P11_004_29": null, "P11_004_30": null, "P11_004_31": null, "P11_004_32": null, "P11_004_33": null, "P11_004_34": null, "P11_004_35": null, "P11_005": null, "index_right": 880 }, "geometry": { "type": "Point", "coordinates": [ 139.387463276217147, 35.326962378813626 ] } },
{ "type": "Feature", "properties": { "P11_001": "松が丘一丁目", "P11_002": "神奈川中央交通（株）", "P11_003_01": "東部循環市立病院線【松が丘コース】", "P11_003_02": null, "P11_003_03": null, "P11_003_04": null, "P11_003_05": null, "P11_003_06": null, "P11_003_07": null, "P11_003_08": null, "P11_003_09": null, "P11_003_10": null, "P11_003_11": null, "P11_003_12": null, "P11_003_13": null, "P11_003_14": null, "P11_003_15": null, "P11_003_16": null, "P11_003_17": null, "P11_003_18": null, "P11_003_19": null, "P11_003_20": null, "P11_003_21": null, "P11_003_22": null, "P11_003_23": null, "P11_003_24": null, "P11_003_25": null, "P11_003_26": null, "P11_003_27": null, "P11_003_28": null, "P11_003_29": null, "P11_003_30": null, "P11_003_31": null, "P11_003_32": null, "P11_003_33": null, "P11_003_34": null, "P11_003_35": null, "P11_004_01": "1", "P11_004_02": null, "P11_004_03": null, "P11_004_04": null, "P11_004_05": null, "P11_004_06": null, "P11_004_07": null, "P11_004_08": null, "P11_004_09": null, "P11_004_10": null, "P11_004_11": null, "P11_004_12": null, "P11_004_13": null, "P11_004_14": null, "P11_004_15": null, "P11_004_16": null, "P11_004_17": null, "P11_004_18": null, "P11_004_19": null, "P11_004_20": null, "P11_004_21": null, "P11_004_22": null, "P11_004_23": null, "P11_004_24": null, "P11_004_25": null, "P11_004_26": null, "P11_004_27": null, "P11_004_28": null, "P11_004_29": null, "P11_004_30": null, "P11_004_31": null, "P11_004_32": null, "P11_004_33": null, "P11_004_34": null, "P11_004_35": null, "P11_005": null, "index_right": 880 }, "geometry": { "type": "Point", "coordinates": [ 139.420280364108152, 35.326963074142661 ] } },
{ "type": "Feature", "properties": { "P11_001": "南湖3丁目", "P11_002": "神奈川中央交通（株）", "P11_003_01": "中海岸南湖循環私立病院線", "P11_003_02": null, "P11_003_03": null, "P11_003_04": null, "P11_003_05": null, "P11_003_06": null, "P11_003_07": null, "P11_003_08": null, "P11_003_09": null, "P11_003_10": null, "P11_003_11": null, "P11_003_12": null, "P11_003_13": null, "P11_003_14": null, "P11_003_15": null, "P11_003_16": null, "P11_003_17": null, "P11_003_18": null, "P11_003_19": null, "P11_003_20": null, "P11_003_21": null, "P11_003_22": null, "P11_003_23": null, "P11_003_24": null, "P11_003_25": null, "P11_003_26": null, "P11_003_27": null, "P11_003_28": null, "P11_003_29": null, "P11_003_30": null, "P11_003_31": null, "P11_003_32": null, "P11_003_33": null, "P11_003_34": null, "P11_003_35": null, "P11_004_01": "1", "P11_004_02": null, "P11_004_03": null, "P11_004_04": null, "P11_004_05": null, "P11_004_06": null, "P11_004_07": null, "P11_004_08": null, "P11_004_09": null, "P11_004_10": null, "P11_004_11": null, "P11_004_12": null, "P11_004_13": null, "P11_004_14": null, "P11_004_15": null, "P11_004_16": null, "P11_004_17": null, "P11_004_18": null, "P11_004_19": null, "P11_004_20": null, "P11_004_21": null, "P11_004_22": null, "P11_004_23": null, "P11_004_24": null, "P11_004_25": null, "P11_004_26": null, "P11_004_27": null, "P11_004_28": null, "P11_004_29": null, "P11_004_30": null, "P11_004_31": null, "P11_004_32": null, "P11_004_33": null, "P11_004_34": null, "P11_004_35": null, "P11_005": null, "index_right": 880 }, "geometry": { "type": "Point", "coordinates": [ 139.395145657334638, 35.326943186384845 ] } },
{ "type": "Feature", "properties": { "P11_001": "松尾", "P11_002": "神奈川中央交通（株）", "P11_003_01": "茅31,茅33", "P11_003_02": null, "P11_003_03": null, "P11_003_04": null, "P11_003_05": null, "P11_003_06": null, "P11_003_07": null, "P11_003_08": null, "P11_003_09": null, "P11_003_10": null, "P11_003_11": null, "P11_003_12": null, "P11_003_13": null, "P11_003_14": null, "P11_003_15": null, "P11_003_16": null, "P11_003_17": null, "P11_003_18": null, "P11_003_19": null, "P11_003_20": null, "P11_003_21": null, "P11_003_22": null, "P11_003_23": null, "P11_003_24": null, "P11_003_25": null, "P11_003_26": null, "P11_003_27": null, "P11_003_28": null, "P11_003_29": null, "P11_003_30": null, "P11_003_31": null, "P11_003_32": null, "P11_003_33": null, "P11_003_34": null, "P11_003_35": null, "P11_004_01": "1,1", "P11_004_02": null, "P11_004_03": null, "P11_004_04": null, "P11_004_05": null, "P11_004_06": null, "P11_004_07": null, "P11_004_08": null, "P11_004_09": null, "P11_004_10": null, "P11_004_11": null, "P11_004_12": null, "P11_004_13": null, "P11_004_14": null, "P11_004_15": null, "P11_004_16": null, "P11_004_17": null, "P11_004_18": null, "P11_004_19": null, "P11_004_20": null, "P11_004_21": null, "P11_004_22": null, "P11_004_23": null, "P11_004_24": null, "P11_004_25": null, "P11_004_26": null, "P11_004_27": null, "P11_004_28": null, "P11_004_29": null, "P11_004_30": null, "P11_004_31": null, "P11_004_32": null, "P11_004_33": null, "P11_004_34": null, "P11_004_35": null, "P11_005": null, "index_right": 880 }, "geometry": { "type": "Point", "coordinates": [ 139.385977569902224, 35.326621006423807 ] } },
{ "type": "Feature", "properties": { "P11_001": "海岸通り", "P11_002": "神奈川中央交通（株）", "P11_003_01": "中海岸南湖循環私立病院線", "P11_003_02": null, "P11_003_03": null, "P11_003_04": null, "P11_003_05": null, "P11_003_06": null, "P11_003_07": null, "P11_003_08": null, "P11_003_09": null, "P11_003_10": null, "P11_003_11": null, "P11_003_12": null, "P11_003_13": null, "P11_003_14": null, "P11_003_15": null, "P11_003_16": null, "P11_003_17": null, "P11_003_18": null, "P11_003_19": null, "P11_003_20": null, "P11_003_21": null, "P11_003_22": null, "P11_003_23": null, "P11_003_24": null, "P11_003_25": null, "P11_003_26": null, "P11_003_27": null, "P11_003_28": null, "P11_003_29": null, "P11_003_30": null, "P11_003_31": null, "P11_003_32": null, "P11_003_33": null, "P11_003_34": null, "P11_003_35": null, "P11_004_01": "1", "P11_004_02": null, "P11_004_03": null, "P11_004_04": null, "P11_004_05": null, "P11_004_06": null, "P11_004_07": null, "P11_004_08": null, "P11_004_09": null, "P11_004_10": null, "P11_004_11": null, "P11_004_12": null, "P11_004_13": null, "P11_004_14": null, "P11_004_15": null, "P11_004_16": null, "P11_004_17": null, "P11_004_18": null, "P11_004_19": null, "P11_004_20": null, "P11_004_21": null, "P11_004_22": null, "P11_004_23": null, "P11_004_24": null, "P11_004_25": null, "P11_004_26": null, "P11_004_27": null, "P11_004_28": null, "P11_004_29": null, "P11_004_30": null, "P11_004_31": null, "P11_004_32": null, "P11_004_33": null, "P11_004_34": null, "P11_004_35": null, "P11_005": null, "index_right": 880 }, "geometry": { "type": "Point", "coordinates": [ 139.399997583571775, 35.326573629124454 ] } },
{ "type": "Feature", "properties": { "P11_001": "常盤町", "P11_002": "（株）江ノ電バス", "P11_003_01": "J2", "P11_003_02": null, "P11_003_03": null, "P11_003_04": null, "P11_003_05": null, "P11_003_06": null, "P11_003_07": null, "P11_003_08": null, "P11_003_09": null, "P11_003_10": null, "P11_003_11": null, "P11_003_12": null, "P11_003_13": null, "P11_003_14": null, "P11_003_15": null, "P11_003_16": null, "P11_003_17": null, "P11_003_18": null, "P11_003_19": null, "P11_003_20": null, "P11_003_21": null, "P11_003_22": null, "P11_003_23": null, "P11_003_24": null, "P11_003_25": null, "P11_003_26": null, "P11_003_27": null, "P11_003_28": null, "P11_003_29": null, "P11_003_30": null, "P11_003_31": null, "P11_003_32": null, "P11_003_33": null, "P11_003_34": null, "P11_003_35": null, "P11_004_01": "1", "P11_004_02": null, "P11_004_03": null, "P11_004_04": null, "P11_004_05": null, "P11_004_06": null, "P11_004_07": null, "P11_004_08": null, "P11_004_09": null, "P11_004_10": null, "P11_004_11": null, "P11_004_12": null, "P11_004_13": null, "P11_004_14": null, "P11_004_15": null, "P11_004_16": null, "P11_004_17": null, "P11_004_18": null, "P11_004_19": null, "P11_004_20": null, "P11_004_21": null, "P11_004_22": null, "P11_004_23": null, "P11_004_24": null, "P11_004_25": null, "P11_004_26": null, "P11_004_27": null, "P11_004_28": null, "P11_004_29": null, "P11_004_30": null, "P11_004_31": null, "P11_004_32": null, "P11_004_33": null, "P11_004_34": null, "P11_004_35": null, "P11_005": null, "index_right": 880 }, "geometry": { "type": "Point", "coordinates": [ 139.437483452463539, 35.32646209195272 ] } },
{ "type": "Feature", "properties": { "P11_001": "常盤町", "P11_002": "神奈川中央交通（株）", "P11_003_01": "辻13", "P11_003_02": null, "P11_003_03": null, "P11_003_04": null, "P11_003_05": null, "P11_003_06": null, "P11_003_07": null, "P11_003_08": null, "P11_003_09": null, "P11_003_10": null, "P11_003_11": null, "P11_003_12": null, "P11_003_13": null, "P11_003_14": null, "P11_003_15": null, "P11_003_16": null, "P11_003_17": null, "P11_003_18": null, "P11_003_19": null, "P11_003_20": null, "P11_003_21": null, "P11_003_22": null, "P11_003_23": null, "P11_003_24": null, "P11_003_25": null, "P11_003_26": null, "P11_003_27": null, "P11_003_28": null, "P11_003_29": null, "P11_003_30": null, "P11_003_31": null, "P11_003_32": null, "P11_003_33": null, "P11_003_34": null, "P11_003_35": null, "P11_004_01": "1", "P11_004_02": null, "P11_004_03": null, "P11_004_04": null, "P11_004_05": null, "P11_004_06": null, "P11_004_07": null, "P11_004_08": null, "P11_004_09": null, "P11_004_10": null, "P11_004_11": null, "P11_004_12": null, "P11_004_13": null, "P11_004_14": null, "P11_004_15": null, "P11_004_16": null, "P11_004_17": null, "P11_004_18": null, "P11_004_19": null, "P11_004_20": null, "P11_004_21": null, "P11_004_22": null, "P11_004_23": null, "P11_004_24": null, "P11_004_25": null, "P11_004_26": null, "P11_004_27": null, "P11_004_28": null, "P11_004_29": null, "P11_004_30": null, "P11_004_31": null, "P11_004_32": null, "P11_004_33": null, "P11_004_34": null, "P11_004_35": null, "P11_005": null, "index_right": 880 }, "geometry": { "type": "Point", "coordinates": [ 139.437483452463539, 35.32646209195272 ] } },
{ "type": "Feature", "properties": { "P11_001": "松浪コミュニティセンター入口", "P11_002": "神奈川中央交通（株）", "P11_003_01": "東部循環市立病院線【小和田・松浪コース】", "P11_003_02": null, "P11_003_03": null, "P11_003_04": null, "P11_003_05": null, "P11_003_06": null, "P11_003_07": null, "P11_003_08": null, "P11_003_09": null, "P11_003_10": null, "P11_003_11": null, "P11_003_12": null, "P11_003_13": null, "P11_003_14": null, "P11_003_15": null, "P11_003_16": null, "P11_003_17": null, "P11_003_18": null, "P11_003_19": null, "P11_003_20": null, "P11_003_21": null, "P11_003_22": null, "P11_003_23": null, "P11_003_24": null, "P11_003_25": null, "P11_003_26": null, "P11_003_27": null, "P11_003_28": null, "P11_003_29": null, "P11_003_30": null, "P11_003_31": null, "P11_003_32": null, "P11_003_33": null, "P11_003_34": null, "P11_003_35": null, "P11_004_01": "1", "P11_004_02": null, "P11_004_03": null, "P11_004_04": null, "P11_004_05": null, "P11_004_06": null, "P11_004_07": null, "P11_004_08": null, "P11_004_09": null, "P11_004_10": null, "P11_004_11": null, "P11_004_12": null, "P11_004_13": null, "P11_004_14": null, "P11_004_15": null, "P11_004_16": null, "P11_004_17": null, "P11_004_18": null, "P11_004_19": null, "P11_004_20": null, "P11_004_21": null, "P11_004_22": null, "P11_004_23": null, "P11_004_24": null, "P11_004_25": null, "P11_004_26": null, "P11_004_27": null, "P11_004_28": null, "P11_004_29": null, "P11_004_30": null, "P11_004_31": null, "P11_004_32": null, "P11_004_33": null, "P11_004_34": null, "P11_004_35": null, "P11_005": null, "index_right": 880 }, "geometry": { "type": "Point", "coordinates": [ 139.437469563927635, 35.326417929472044 ] } },
{ "type": "Feature", "properties": { "P11_001": "図書館前", "P11_002": "神奈川中央交通（株）", "P11_003_01": "中海岸南湖循環私立病院線", "P11_003_02": null, "P11_003_03": null, "P11_003_04": null, "P11_003_05": null, "P11_003_06": null, "P11_003_07": null, "P11_003_08": null, "P11_003_09": null, "P11_003_10": null, "P11_003_11": null, "P11_003_12": null, "P11_003_13": null, "P11_003_14": null, "P11_003_15": null, "P11_003_16": null, "P11_003_17": null, "P11_003_18": null, "P11_003_19": null, "P11_003_20": null, "P11_003_21": null, "P11_003_22": null, "P11_003_23": null, "P11_003_24": null, "P11_003_25": null, "P11_003_26": null, "P11_003_27": null, "P11_003_28": null, "P11_003_29": null, "P11_003_30": null, "P11_003_31": null, "P11_003_32": null, "P11_003_33": null, "P11_003_34": null, "P11_003_35": null, "P11_004_01": "1", "P11_004_02": null, "P11_004_03": null, "P11_004_04": null, "P11_004_05": null, "P11_004_06": null, "P11_004_07": null, "P11_004_08": null, "P11_004_09": null, "P11_004_10": null, "P11_004_11": null, "P11_004_12": null, "P11_004_13": null, "P11_004_14": null, "P11_004_15": null, "P11_004_16": null, "P11_004_17": null, "P11_004_18": null, "P11_004_19": null, "P11_004_20": null, "P11_004_21": null, "P11_004_22": null, "P11_004_23": null, "P11_004_24": null, "P11_004_25": null, "P11_004_26": null, "P11_004_27": null, "P11_004_28": null, "P11_004_29": null, "P11_004_30": null, "P11_004_31": null, "P11_004_32": null, "P11_004_33": null, "P11_004_34": null, "P11_004_35": null, "P11_005": null, "index_right": 880 }, "geometry": { "type": "Point", "coordinates": [ 139.405440199033023, 35.326314845015418 ] } },
{ "type": "Feature", "properties": { "P11_001": "金刀比羅神社前", "P11_002": "神奈川中央交通（株）", "P11_003_01": "中海岸南湖循環私立病院線", "P11_003_02": null, "P11_003_03": null, "P11_003_04": null, "P11_003_05": null, "P11_003_06": null, "P11_003_07": null, "P11_003_08": null, "P11_003_09": null, "P11_003_10": null, "P11_003_11": null, "P11_003_12": null, "P11_003_13": null, "P11_003_14": null, "P11_003_15": null, "P11_003_16": null, "P11_003_17": null, "P11_003_18": null, "P11_003_19": null, "P11_003_20": null, "P11_003_21": null, "P11_003_22": null, "P11_003_23": null, "P11_003_24": null, "P11_003_25": null, "P11_003_26": null, "P11_003_27": null, "P11_003_28": null, "P11_003_29": null, "P11_003_30": null, "P11_003_31": null, "P11_003_32": null, "P11_003_33": null, "P11_003_34": null, "P11_003_35": null, "P11_004_01": "1", "P11_004_02": null, "P11_004_03": null, "P11_004_04": null, "P11_004_05": null, "P11_004_06": null, "P11_004_07": null, "P11_004_08": null, "P11_004_09": null, "P11_004_10": null, "P11_004_11": null, "P11_004_12": null, "P11_004_13": null, "P11_004_14": null, "P11_004_15": null, "P11_004_16": null, "P11_004_17": null, "P11_004_18": null, "P11_004_19": null, "P11_004_20": null, "P11_004_21": null, "P11_004_22": null, "P11_004_23": null, "P11_004_24": null, "P11_004_25": null, "P11_004_26": null, "P11_004_27": null, "P11_004_28": null, "P11_004_29": null, "P11_004_30": null, "P11_004_31": null, "P11_004_32": null, "P11_004_33": null, "P11_004_34": null, "P11_004_35": null, "P11_005": null, "index_right": 880 }, "geometry": { "type": "Point", "coordinates": [ 139.393668647214724, 35.326175240393319 ] } },
{ "type": "Feature", "properties": { "P11_001": "団地北口", "P11_002": "神奈川中央交通（株）", "P11_003_01": "茅31,茅35,茅33", "P11_003_02": null, "P11_003_03": null, "P11_003_04": null, "P11_003_05": null, "P11_003_06": null, "P11_003_07": null, "P11_003_08": null, "P11_003_09": null, "P11_003_10": null, "P11_003_11": null, "P11_003_12": null, "P11_003_13": null, "P11_003_14": null, "P11_003_15": null, "P11_003_16": null, "P11_003_17": null, "P11_003_18": null, "P11_003_19": null, "P11_003_20": null, "P11_003_21": null, "P11_003_22": null, "P11_003_23": null, "P11_003_24": null, "P11_003_25": null, "P11_003_26": null, "P11_003_27": null, "P11_003_28": null, "P11_003_29": null, "P11_003_30": null, "P11_003_31": null, "P11_003_32": null, "P11_003_33": null, "P11_003_34": null, "P11_003_35": null, "P11_004_01": "1,1,1", "P11_004_02": null, "P11_004_03": null, "P11_004_04": null, "P11_004_05": null, "P11_004_06": null, "P11_004_07": null, "P11_004_08": null, "P11_004_09": null, "P11_004_10": null, "P11_004_11": null, "P11_004_12": null, "P11_004_13": null, "P11_004_14": null, "P11_004_15": null, "P11_004_16": null, "P11_004_17": null, "P11_004_18": null, "P11_004_19": null, "P11_004_20": null, "P11_004_21": null, "P11_004_22": null, "P11_004_23": null, "P11_004_24": null, "P11_004_25": null, "P11_004_26": null, "P11_004_27": null, "P11_004_28": null, "P11_004_29": null, "P11_004_30": null, "P11_004_31": null, "P11_004_32": null, "P11_004_33": null, "P11_004_34": null, "P11_004_35": null, "P11_005": null, "index_right": 880 }, "geometry": { "type": "Point", "coordinates": [ 139.388551157602734, 35.325932891632931 ] } },
{ "type": "Feature", "properties": { "P11_001": "上町入口", "P11_002": "神奈川中央交通（株）", "P11_003_01": "中海岸南湖循環私立病院線", "P11_003_02": null, "P11_003_03": null, "P11_003_04": null, "P11_003_05": null, "P11_003_06": null, "P11_003_07": null, "P11_003_08": null, "P11_003_09": null, "P11_003_10": null, "P11_003_11": null, "P11_003_12": null, "P11_003_13": null, "P11_003_14": null, "P11_003_15": null, "P11_003_16": null, "P11_003_17": null, "P11_003_18": null, "P11_003_19": null, "P11_003_20": null, "P11_003_21": null, "P11_003_22": null, "P11_003_23": null, "P11_003_24": null, "P11_003_25": null, "P11_003_26": null, "P11_003_27": null, "P11_003_28": null, "P11_003_29": null, "P11_003_30": null, "P11_003_31": null, "P11_003_32": null, "P11_003_33": null, "P11_003_34": null, "P11_003_35": null, "P11_004_01": "1", "P11_004_02": null, "P11_004_03": null, "P11_004_04": null, "P11_004_05": null, "P11_004_06": null, "P11_004_07": null, "P11_004_08": null, "P11_004_09": null, "P11_004_10": null, "P11_004_11": null, "P11_004_12": null, "P11_004_13": null, "P11_004_14": null, "P11_004_15": null, "P11_004_16": null, "P11_004_17": null, "P11_004_18": null, "P11_004_19": null, "P11_004_20": null, "P11_004_21": null, "P11_004_22": null, "P11_004_23": null, "P11_004_24": null, "P11_004_25": null, "P11_004_26": null, "P11_004_27": null, "P11_004_28": null, "P11_004_29": null, "P11_004_30": null, "P11_004_31": null, "P11_004_32": null, "P11_004_33": null, "P11_004_34": null, "P11_004_35": null, "P11_005": null, "index_right": 880 }, "geometry": { "type": "Point", "coordinates": [ 139.397747933286894, 35.325740723958411 ] } },
{ "type": "Feature", "properties": { "P11_001": "富士見町", "P11_002": "（株）江ノ電バス", "P11_003_01": "J1,J2", "P11_003_02": null, "P11_003_03": null, "P11_003_04": null, "P11_003_05": null, "P11_003_06": null, "P11_003_07": null, "P11_003_08": null, "P11_003_09": null, "P11_003_10": null, "P11_003_11": null, "P11_003_12": null, "P11_003_13": null, "P11_003_14": null, "P11_003_15": null, "P11_003_16": null, "P11_003_17": null, "P11_003_18": null, "P11_003_19": null, "P11_003_20": null, "P11_003_21": null, "P11_003_22": null, "P11_003_23": null, "P11_003_24": null, "P11_003_25": null, "P11_003_26": null, "P11_003_27": null, "P11_003_28": null, "P11_003_29": null, "P11_003_30": null, "P11_003_31": null, "P11_003_32": null, "P11_003_33": null, "P11_003_34": null, "P11_003_35": null, "P11_004_01": "1,1", "P11_004_02": null, "P11_004_03": null, "P11_004_04": null, "P11_004_05": null, "P11_004_06": null, "P11_004_07": null, "P11_004_08": null, "P11_004_09": null, "P11_004_10": null, "P11_004_11": null, "P11_004_12": null, "P11_004_13": null, "P11_004_14": null, "P11_004_15": null, "P11_004_16": null, "P11_004_17": null, "P11_004_18": null, "P11_004_19": null, "P11_004_20": null, "P11_004_21": null, "P11_004_22": null, "P11_004_23": null, "P11_004_24": null, "P11_004_25": null, "P11_004_26": null, "P11_004_27": null, "P11_004_28": null, "P11_004_29": null, "P11_004_30": null, "P11_004_31": null, "P11_004_32": null, "P11_004_33": null, "P11_004_34": null, "P11_004_35": null, "P11_005": null, "index_right": 880 }, "geometry": { "type": "Point", "coordinates": [ 139.43497361627584, 35.325601787237055 ] } },
{ "type": "Feature", "properties": { "P11_001": "富士見町", "P11_002": "神奈川中央交通（株）", "P11_003_01": "辻02,辻10,辻13,辻11", "P11_003_02": null, "P11_003_03": null, "P11_003_04": null, "P11_003_05": null, "P11_003_06": null, "P11_003_07": null, "P11_003_08": null, "P11_003_09": null, "P11_003_10": null, "P11_003_11": null, "P11_003_12": null, "P11_003_13": null, "P11_003_14": null, "P11_003_15": null, "P11_003_16": null, "P11_003_17": null, "P11_003_18": null, "P11_003_19": null, "P11_003_20": null, "P11_003_21": null, "P11_003_22": null, "P11_003_23": null, "P11_003_24": null, "P11_003_25": null, "P11_003_26": null, "P11_003_27": null, "P11_003_28": null, "P11_003_29": null, "P11_003_30": null, "P11_003_31": null, "P11_003_32": null, "P11_003_33": null, "P11_003_34": null, "P11_003_35": null, "P11_004_01": "1,1,1,1", "P11_004_02": null, "P11_004_03": null, "P11_004_04": null, "P11_004_05": null, "P11_004_06": null, "P11_004_07": null, "P11_004_08": null, "P11_004_09": null, "P11_004_10": null, "P11_004_11": null, "P11_004_12": null, "P11_004_13": null, "P11_004_14": null, "P11_004_15": null, "P11_004_16": null, "P11_004_17": null, "P11_004_18": null, "P11_004_19": null, "P11_004_20": null, "P11_004_21": null, "P11_004_22": null, "P11_004_23": null, "P11_004_24": null, "P11_004_25": null, "P11_004_26": null, "P11_004_27": null, "P11_004_28": null, "P11_004_29": null, "P11_004_30": null, "P11_004_31": null, "P11_004_32": null, "P11_004_33": null, "P11_004_34": null, "P11_004_35": null, "P11_005": null, "index_right": 880 }, "geometry": { "type": "Point", "coordinates": [ 139.43497361627584, 35.325601787237055 ] } },
{ "type": "Feature", "properties": { "P11_001": "柳島", "P11_002": "神奈川中央交通（株）", "P11_003_01": "茅31,茅33", "P11_003_02": null, "P11_003_03": null, "P11_003_04": null, "P11_003_05": null, "P11_003_06": null, "P11_003_07": null, "P11_003_08": null, "P11_003_09": null, "P11_003_10": null, "P11_003_11": null, "P11_003_12": null, "P11_003_13": null, "P11_003_14": null, "P11_003_15": null, "P11_003_16": null, "P11_003_17": null, "P11_003_18": null, "P11_003_19": null, "P11_003_20": null, "P11_003_21": null, "P11_003_22": null, "P11_003_23": null, "P11_003_24": null, "P11_003_25": null, "P11_003_26": null, "P11_003_27": null, "P11_003_28": null, "P11_003_29": null, "P11_003_30": null, "P11_003_31": null, "P11_003_32": null, "P11_003_33": null, "P11_003_34": null, "P11_003_35": null, "P11_004_01": "1,1", "P11_004_02": null, "P11_004_03": null, "P11_004_04": null, "P11_004_05": null, "P11_004_06": null, "P11_004_07": null, "P11_004_08": null, "P11_004_09": null, "P11_004_10": null, "P11_004_11": null, "P11_004_12": null, "P11_004_13": null, "P11_004_14": null, "P11_004_15": null, "P11_004_16": null, "P11_004_17": null, "P11_004_18": null, "P11_004_19": null, "P11_004_20": null, "P11_004_21": null, "P11_004_22": null, "P11_004_23": null, "P11_004_24": null, "P11_004_25": null, "P11_004_26": null, "P11_004_27": null, "P11_004_28": null, "P11_004_29": null, "P11_004_30": null, "P11_004_31": null, "P11_004_32": null, "P11_004_33": null, "P11_004_34": null, "P11_004_35": null, "P11_005": null, "index_right": 880 }, "geometry": { "type": "Point", "coordinates": [ 139.38338761355763, 35.325538077158939 ] } },
{ "type": "Feature", "properties": { "P11_001": "平和学園前", "P11_002": "神奈川中央交通（株）", "P11_003_01": "辻02,辻10,辻13,東部循環市立病院線【松が丘コース】,東部循環市立病院線【小和田・松浪コース】,辻11", "P11_003_02": null, "P11_003_03": null, "P11_003_04": null, "P11_003_05": null, "P11_003_06": null, "P11_003_07": null, "P11_003_08": null, "P11_003_09": null, "P11_003_10": null, "P11_003_11": null, "P11_003_12": null, "P11_003_13": null, "P11_003_14": null, "P11_003_15": null, "P11_003_16": null, "P11_003_17": null, "P11_003_18": null, "P11_003_19": null, "P11_003_20": null, "P11_003_21": null, "P11_003_22": null, "P11_003_23": null, "P11_003_24": null, "P11_003_25": null, "P11_003_26": null, "P11_003_27": null, "P11_003_28": null, "P11_003_29": null, "P11_003_30": null, "P11_003_31": null, "P11_003_32": null, "P11_003_33": null, "P11_003_34": null, "P11_003_35": null, "P11_004_01": "1,1,1,1,1,1", "P11_004_02": null, "P11_004_03": null, "P11_004_04": null, "P11_004_05": null, "P11_004_06": null, "P11_004_07": null, "P11_004_08": null, "P11_004_09": null, "P11_004_10": null, "P11_004_11": null, "P11_004_12": null, "P11_004_13": null, "P11_004_14": null, "P11_004_15": null, "P11_004_16": null, "P11_004_17": null, "P11_004_18": null, "P11_004_19": null, "P11_004_20": null, "P11_004_21": null, "P11_004_22": null, "P11_004_23": null, "P11_004_24": null, "P11_004_25": null, "P11_004_26": null, "P11_004_27": null, "P11_004_28": null, "P11_004_29": null, "P11_004_30": null, "P11_004_31": null, "P11_004_32": null, "P11_004_33": null, "P11_004_34": null, "P11_004_35": null, "P11_005": null, "index_right": 880 }, "geometry": { "type": "Point", "coordinates": [ 139.431654815598449, 35.325509163695287 ] } },
{ "type": "Feature", "properties": { "P11_001": "平和学園前", "P11_002": "（株）江ノ電バス", "P11_003_01": "J1,J2", "P11_003_02": null, "P11_003_03": null, "P11_003_04": null, "P11_003_05": null, "P11_003_06": null, "P11_003_07": null, "P11_003_08": null, "P11_003_09": null, "P11_003_10": null, "P11_003_11": null, "P11_003_12": null, "P11_003_13": null, "P11_003_14": null, "P11_003_15": null, "P11_003_16": null, "P11_003_17": null, "P11_003_18": null, "P11_003_19": null, "P11_003_20": null, "P11_003_21": null, "P11_003_22": null, "P11_003_23": null, "P11_003_24": null, "P11_003_25": null, "P11_003_26": null, "P11_003_27": null, "P11_003_28": null, "P11_003_29": null, "P11_003_30": null, "P11_003_31": null, "P11_003_32": null, "P11_003_33": null, "P11_003_34": null, "P11_003_35": null, "P11_004_01": "1,1", "P11_004_02": null, "P11_004_03": null, "P11_004_04": null, "P11_004_05": null, "P11_004_06": null, "P11_004_07": null, "P11_004_08": null, "P11_004_09": null, "P11_004_10": null, "P11_004_11": null, "P11_004_12": null, "P11_004_13": null, "P11_004_14": null, "P11_004_15": null, "P11_004_16": null, "P11_004_17": null, "P11_004_18": null, "P11_004_19": null, "P11_004_20": null, "P11_004_21": null, "P11_004_22": null, "P11_004_23": null, "P11_004_24": null, "P11_004_25": null, "P11_004_26": null, "P11_004_27": null, "P11_004_28": null, "P11_004_29": null, "P11_004_30": null, "P11_004_31": null, "P11_004_32": null, "P11_004_33": null, "P11_004_34": null, "P11_004_35": null, "P11_005": null, "index_right": 880 }, "geometry": { "type": "Point", "coordinates": [ 139.431654815598449, 35.325509163695287 ] } },
{ "type": "Feature", "properties": { "P11_001": "浜須賀入口", "P11_002": "神奈川中央交通（株）", "P11_003_01": "辻02,辻10,辻13,東部循環市立病院線【松が丘コース】,辻11", "P11_003_02": null, "P11_003_03": null, "P11_003_04": null, "P11_003_05": null, "P11_003_06": null, "P11_003_07": null, "P11_003_08": null, "P11_003_09": null, "P11_003_10": null, "P11_003_11": null, "P11_003_12": null, "P11_003_13": null, "P11_003_14": null, "P11_003_15": null, "P11_003_16": null, "P11_003_17": null, "P11_003_18": null, "P11_003_19": null, "P11_003_20": null, "P11_003_21": null, "P11_003_22": null, "P11_003_23": null, "P11_003_24": null, "P11_003_25": null, "P11_003_26": null, "P11_003_27": null, "P11_003_28": null, "P11_003_29": null, "P11_003_30": null, "P11_003_31": null, "P11_003_32": null, "P11_003_33": null, "P11_003_34": null, "P11_003_35": null, "P11_004_01": "1,1,1,1,1", "P11_004_02": null, "P11_004_03": null, "P11_004_04": null, "P11_004_05": null, "P11_004_06": null, "P11_004_07": null, "P11_004_08": null, "P11_004_09": null, "P11_004_10": null, "P11_004_11": null, "P11_004_12": null, "P11_004_13": null, "P11_004_14": null, "P11_004_15": null, "P11_004_16": null, "P11_004_17": null, "P11_004_18": null, "P11_004_19": null, "P11_004_20": null, "P11_004_21": null, "P11_004_22": null, "P11_004_23": null, "P11_004_24": null, "P11_004_25": null, "P11_004_26": null, "P11_004_27": null, "P11_004_28": null, "P11_004_29": null, "P11_004_30": null, "P11_004_31": null, "P11_004_32": null, "P11_004_33": null, "P11_004_34": null, "P11_004_35": null, "P11_005": null, "index_right": 880 }, "geometry": { "type": "Point", "coordinates": [ 139.430132617100497, 35.325462721365021 ] } },
{ "type": "Feature", "properties": { "P11_001": "平和町", "P11_002": "神奈川中央交通（株）", "P11_003_01": "辻02,辻10,辻13,東部循環市立病院線【松が丘コース】,辻11", "P11_003_02": null, "P11_003_03": null, "P11_003_04": null, "P11_003_05": null, "P11_003_06": null, "P11_003_07": null, "P11_003_08": null, "P11_003_09": null, "P11_003_10": null, "P11_003_11": null, "P11_003_12": null, "P11_003_13": null, "P11_003_14": null, "P11_003_15": null, "P11_003_16": null, "P11_003_17": null, "P11_003_18": null, "P11_003_19": null, "P11_003_20": null, "P11_003_21": null, "P11_003_22": null, "P11_003_23": null, "P11_003_24": null, "P11_003_25": null, "P11_003_26": null, "P11_003_27": null, "P11_003_28": null, "P11_003_29": null, "P11_003_30": null, "P11_003_31": null, "P11_003_32": null, "P11_003_33": null, "P11_003_34": null, "P11_003_35": null, "P11_004_01": "1,1,1,1,1", "P11_004_02": null, "P11_004_03": null, "P11_004_04": null, "P11_004_05": null, "P11_004_06": null, "P11_004_07": null, "P11_004_08": null, "P11_004_09": null, "P11_004_10": null, "P11_004_11": null, "P11_004_12": null, "P11_004_13": null, "P11_004_14": null, "P11_004_15": null, "P11_004_16": null, "P11_004_17": null, "P11_004_18": null, "P11_004_19": null, "P11_004_20": null, "P11_004_21": null, "P11_004_22": null, "P11_004_23": null, "P11_004_24": null, "P11_004_25": null, "P11_004_26": null, "P11_004_27": null, "P11_004_28": null, "P11_004_29": null, "P11_004_30": null, "P11_004_31": null, "P11_004_32": null, "P11_004_33": null, "P11_004_34": null, "P11_004_35": null, "P11_005": null, "index_right": 880 }, "geometry": { "type": "Point", "coordinates": [ 139.427143774660124, 35.325370949108226 ] } },
{ "type": "Feature", "properties": { "P11_001": "浜須賀小学校入口", "P11_002": "神奈川中央交通（株）", "P11_003_01": "東部循環市立病院線【松が丘コース】", "P11_003_02": null, "P11_003_03": null, "P11_003_04": null, "P11_003_05": null, "P11_003_06": null, "P11_003_07": null, "P11_003_08": null, "P11_003_09": null, "P11_003_10": null, "P11_003_11": null, "P11_003_12": null, "P11_003_13": null, "P11_003_14": null, "P11_003_15": null, "P11_003_16": null, "P11_003_17": null, "P11_003_18": null, "P11_003_19": null, "P11_003_20": null, "P11_003_21": null, "P11_003_22": null, "P11_003_23": null, "P11_003_24": null, "P11_003_25": null, "P11_003_26": null, "P11_003_27": null, "P11_003_28": null, "P11_003_29": null, "P11_003_30": null, "P11_003_31": null, "P11_003_32": null, "P11_003_33": null, "P11_003_34": null, "P11_003_35": null, "P11_004_01": "1", "P11_004_02": null, "P11_004_03": null, "P11_004_04": null, "P11_004_05": null, "P11_004_06": null, "P11_004_07": null, "P11_004_08": null, "P11_004_09": null, "P11_004_10": null, "P11_004_11": null, "P11_004_12": null, "P11_004_13": null, "P11_004_14": null, "P11_004_15": null, "P11_004_16": null, "P11_004_17": null, "P11_004_18": null, "P11_004_19": null, "P11_004_20": null, "P11_004_21": null, "P11_004_22": null, "P11_004_23": null, "P11_004_24": null, "P11_004_25": null, "P11_004_26": null, "P11_004_27": null, "P11_004_28": null, "P11_004_29": null, "P11_004_30": null, "P11_004_31": null, "P11_004_32": null, "P11_004_33": null, "P11_004_34": null, "P11_004_35": null, "P11_005": null, "index_right": 880 }, "geometry": { "type": "Point", "coordinates": [ 139.425477411618374, 35.325320611972607 ] } },
{ "type": "Feature", "properties": { "P11_001": "東浜須賀", "P11_002": "神奈川中央交通（株）", "P11_003_01": "辻02,辻10,辻11", "P11_003_02": null, "P11_003_03": null, "P11_003_04": null, "P11_003_05": null, "P11_003_06": null, "P11_003_07": null, "P11_003_08": null, "P11_003_09": null, "P11_003_10": null, "P11_003_11": null, "P11_003_12": null, "P11_003_13": null, "P11_003_14": null, "P11_003_15": null, "P11_003_16": null, "P11_003_17": null, "P11_003_18": null, "P11_003_19": null, "P11_003_20": null, "P11_003_21": null, "P11_003_22": null, "P11_003_23": null, "P11_003_24": null, "P11_003_25": null, "P11_003_26": null, "P11_003_27": null, "P11_003_28": null, "P11_003_29": null, "P11_003_30": null, "P11_003_31": null, "P11_003_32": null, "P11_003_33": null, "P11_003_34": null, "P11_003_35": null, "P11_004_01": "1,1,1", "P11_004_02": null, "P11_004_03": null, "P11_004_04": null, "P11_004_05": null, "P11_004_06": null, "P11_004_07": null, "P11_004_08": null, "P11_004_09": null, "P11_004_10": null, "P11_004_11": null, "P11_004_12": null, "P11_004_13": null, "P11_004_14": null, "P11_004_15": null, "P11_004_16": null, "P11_004_17": null, "P11_004_18": null, "P11_004_19": null, "P11_004_20": null, "P11_004_21": null, "P11_004_22": null, "P11_004_23": null, "P11_004_24": null, "P11_004_25": null, "P11_004_26": null, "P11_004_27": null, "P11_004_28": null, "P11_004_29": null, "P11_004_30": null, "P11_004_31": null, "P11_004_32": null, "P11_004_33": null, "P11_004_34": null, "P11_004_35": null, "P11_005": null, "index_right": 880 }, "geometry": { "type": "Point", "coordinates": [ 139.437257339672954, 35.325278321974615 ] } },
{ "type": "Feature", "properties": { "P11_001": "松が丘二丁目", "P11_002": "神奈川中央交通（株）", "P11_003_01": "辻02,辻10,辻13,東部循環市立病院線【松が丘コース】,辻11", "P11_003_02": null, "P11_003_03": null, "P11_003_04": null, "P11_003_05": null, "P11_003_06": null, "P11_003_07": null, "P11_003_08": null, "P11_003_09": null, "P11_003_10": null, "P11_003_11": null, "P11_003_12": null, "P11_003_13": null, "P11_003_14": null, "P11_003_15": null, "P11_003_16": null, "P11_003_17": null, "P11_003_18": null, "P11_003_19": null, "P11_003_20": null, "P11_003_21": null, "P11_003_22": null, "P11_003_23": null, "P11_003_24": null, "P11_003_25": null, "P11_003_26": null, "P11_003_27": null, "P11_003_28": null, "P11_003_29": null, "P11_003_30": null, "P11_003_31": null, "P11_003_32": null, "P11_003_33": null, "P11_003_34": null, "P11_003_35": null, "P11_004_01": "1,1,1,1,1", "P11_004_02": null, "P11_004_03": null, "P11_004_04": null, "P11_004_05": null, "P11_004_06": null, "P11_004_07": null, "P11_004_08": null, "P11_004_09": null, "P11_004_10": null, "P11_004_11": null, "P11_004_12": null, "P11_004_13": null, "P11_004_14": null, "P11_004_15": null, "P11_004_16": null, "P11_004_17": null, "P11_004_18": null, "P11_004_19": null, "P11_004_20": null, "P11_004_21": null, "P11_004_22": null, "P11_004_23": null, "P11_004_24": null, "P11_004_25": null, "P11_004_26": null, "P11_004_27": null, "P11_004_28": null, "P11_004_29": null, "P11_004_30": null, "P11_004_31": null, "P11_004_32": null, "P11_004_33": null, "P11_004_34": null, "P11_004_35": null, "P11_005": null, "index_right": 880 }, "geometry": { "type": "Point", "coordinates": [ 139.422541068148718, 35.325231617805692 ] } },
{ "type": "Feature", "properties": { "P11_001": "富士見町南", "P11_002": "神奈川中央交通（株）", "P11_003_01": "東部循環市立病院線【小和田・松浪コース】", "P11_003_02": null, "P11_003_03": null, "P11_003_04": null, "P11_003_05": null, "P11_003_06": null, "P11_003_07": null, "P11_003_08": null, "P11_003_09": null, "P11_003_10": null, "P11_003_11": null, "P11_003_12": null, "P11_003_13": null, "P11_003_14": null, "P11_003_15": null, "P11_003_16": null, "P11_003_17": null, "P11_003_18": null, "P11_003_19": null, "P11_003_20": null, "P11_003_21": null, "P11_003_22": null, "P11_003_23": null, "P11_003_24": null, "P11_003_25": null, "P11_003_26": null, "P11_003_27": null, "P11_003_28": null, "P11_003_29": null, "P11_003_30": null, "P11_003_31": null, "P11_003_32": null, "P11_003_33": null, "P11_003_34": null, "P11_003_35": null, "P11_004_01": "1", "P11_004_02": null, "P11_004_03": null, "P11_004_04": null, "P11_004_05": null, "P11_004_06": null, "P11_004_07": null, "P11_004_08": null, "P11_004_09": null, "P11_004_10": null, "P11_004_11": null, "P11_004_12": null, "P11_004_13": null, "P11_004_14": null, "P11_004_15": null, "P11_004_16": null, "P11_004_17": null, "P11_004_18": null, "P11_004_19": null, "P11_004_20": null, "P11_004_21": null, "P11_004_22": null, "P11_004_23": null, "P11_004_24": null, "P11_004_25": null, "P11_004_26": null, "P11_004_27": null, "P11_004_28": null, "P11_004_29": null, "P11_004_30": null, "P11_004_31": null, "P11_004_32": null, "P11_004_33": null, "P11_004_34": null, "P11_004_35": null, "P11_005": null, "index_right": 880 }, "geometry": { "type": "Point", "coordinates": [ 139.435586065994499, 35.325222968845019 ] } },
{ "type": "Feature", "properties": { "P11_001": "東海岸北五丁目", "P11_002": "神奈川中央交通（株）", "P11_003_01": "辻02,辻10,辻13,辻11", "P11_003_02": null, "P11_003_03": null, "P11_003_04": null, "P11_003_05": null, "P11_003_06": null, "P11_003_07": null, "P11_003_08": null, "P11_003_09": null, "P11_003_10": null, "P11_003_11": null, "P11_003_12": null, "P11_003_13": null, "P11_003_14": null, "P11_003_15": null, "P11_003_16": null, "P11_003_17": null, "P11_003_18": null, "P11_003_19": null, "P11_003_20": null, "P11_003_21": null, "P11_003_22": null, "P11_003_23": null, "P11_003_24": null, "P11_003_25": null, "P11_003_26": null, "P11_003_27": null, "P11_003_28": null, "P11_003_29": null, "P11_003_30": null, "P11_003_31": null, "P11_003_32": null, "P11_003_33": null, "P11_003_34": null, "P11_003_35": null, "P11_004_01": "1,1,1,1", "P11_004_02": null, "P11_004_03": null, "P11_004_04": null, "P11_004_05": null, "P11_004_06": null, "P11_004_07": null, "P11_004_08": null, "P11_004_09": null, "P11_004_10": null, "P11_004_11": null, "P11_004_12": null, "P11_004_13": null, "P11_004_14": null, "P11_004_15": null, "P11_004_16": null, "P11_004_17": null, "P11_004_18": null, "P11_004_19": null, "P11_004_20": null, "P11_004_21": null, "P11_004_22": null, "P11_004_23": null, "P11_004_24": null, "P11_004_25": null, "P11_004_26": null, "P11_004_27": null, "P11_004_28": null, "P11_004_29": null, "P11_004_30": null, "P11_004_31": null, "P11_004_32": null, "P11_004_33": null, "P11_004_34": null, "P11_004_35": null, "P11_005": null, "index_right": 880 }, "geometry": { "type": "Point", "coordinates": [ 139.418996271392899, 35.325116017070378 ] } },
{ "type": "Feature", "properties": { "P11_001": "高砂通り中央", "P11_002": "神奈川中央交通（株）", "P11_003_01": "中海岸南湖循環私立病院線", "P11_003_02": null, "P11_003_03": null, "P11_003_04": null, "P11_003_05": null, "P11_003_06": null, "P11_003_07": null, "P11_003_08": null, "P11_003_09": null, "P11_003_10": null, "P11_003_11": null, "P11_003_12": null, "P11_003_13": null, "P11_003_14": null, "P11_003_15": null, "P11_003_16": null, "P11_003_17": null, "P11_003_18": null, "P11_003_19": null, "P11_003_20": null, "P11_003_21": null, "P11_003_22": null, "P11_003_23": null, "P11_003_24": null, "P11_003_25": null, "P11_003_26": null, "P11_003_27": null, "P11_003_28": null, "P11_003_29": null, "P11_003_30": null, "P11_003_31": null, "P11_003_32": null, "P11_003_33": null, "P11_003_34": null, "P11_003_35": null, "P11_004_01": "1", "P11_004_02": null, "P11_004_03": null, "P11_004_04": null, "P11_004_05": null, "P11_004_06": null, "P11_004_07": null, "P11_004_08": null, "P11_004_09": null, "P11_004_10": null, "P11_004_11": null, "P11_004_12": null, "P11_004_13": null, "P11_004_14": null, "P11_004_15": null, "P11_004_16": null, "P11_004_17": null, "P11_004_18": null, "P11_004_19": null, "P11_004_20": null, "P11_004_21": null, "P11_004_22": null, "P11_004_23": null, "P11_004_24": null, "P11_004_25": null, "P11_004_26": null, "P11_004_27": null, "P11_004_28": null, "P11_004_29": null, "P11_004_30": null, "P11_004_31": null, "P11_004_32": null, "P11_004_33": null, "P11_004_34": null, "P11_004_35": null, "P11_005": null, "index_right": 880 }, "geometry": { "type": "Point", "coordinates": [ 139.405189839019016, 35.325092571161569 ] } },
{ "type": "Feature", "properties": { "P11_001": "駐在所前", "P11_002": "神奈川中央交通（株）", "P11_003_01": "茅09,辻02,辻10,辻12,辻13", "P11_003_02": null, "P11_003_03": null, "P11_003_04": null, "P11_003_05": null, "P11_003_06": null, "P11_003_07": null, "P11_003_08": null, "P11_003_09": null, "P11_003_10": null, "P11_003_11": null, "P11_003_12": null, "P11_003_13": null, "P11_003_14": null, "P11_003_15": null, "P11_003_16": null, "P11_003_17": null, "P11_003_18": null, "P11_003_19": null, "P11_003_20": null, "P11_003_21": null, "P11_003_22": null, "P11_003_23": null, "P11_003_24": null, "P11_003_25": null, "P11_003_26": null, "P11_003_27": null, "P11_003_28": null, "P11_003_29": null, "P11_003_30": null, "P11_003_31": null, "P11_003_32": null, "P11_003_33": null, "P11_003_34": null, "P11_003_35": null, "P11_004_01": "1,1,1,1,1", "P11_004_02": null, "P11_004_03": null, "P11_004_04": null, "P11_004_05": null, "P11_004_06": null, "P11_004_07": null, "P11_004_08": null, "P11_004_09": null, "P11_004_10": null, "P11_004_11": null, "P11_004_12": null, "P11_004_13": null, "P11_004_14": null, "P11_004_15": null, "P11_004_16": null, "P11_004_17": null, "P11_004_18": null, "P11_004_19": null, "P11_004_20": null, "P11_004_21": null, "P11_004_22": null, "P11_004_23": null, "P11_004_24": null, "P11_004_25": null, "P11_004_26": null, "P11_004_27": null, "P11_004_28": null, "P11_004_29": null, "P11_004_30": null, "P11_004_31": null, "P11_004_32": null, "P11_004_33": null, "P11_004_34": null, "P11_004_35": null, "P11_005": null, "index_right": 880 }, "geometry": { "type": "Point", "coordinates": [ 139.414929615030303, 35.324990717700885 ] } },
{ "type": "Feature", "properties": { "P11_001": "東海岸二丁目", "P11_002": "神奈川中央交通（株）", "P11_003_01": "辻02,辻10,辻12,辻13", "P11_003_02": null, "P11_003_03": null, "P11_003_04": null, "P11_003_05": null, "P11_003_06": null, "P11_003_07": null, "P11_003_08": null, "P11_003_09": null, "P11_003_10": null, "P11_003_11": null, "P11_003_12": null, "P11_003_13": null, "P11_003_14": null, "P11_003_15": null, "P11_003_16": null, "P11_003_17": null, "P11_003_18": null, "P11_003_19": null, "P11_003_20": null, "P11_003_21": null, "P11_003_22": null, "P11_003_23": null, "P11_003_24": null, "P11_003_25": null, "P11_003_26": null, "P11_003_27": null, "P11_003_28": null, "P11_003_29": null, "P11_003_30": null, "P11_003_31": null, "P11_003_32": null, "P11_003_33": null, "P11_003_34": null, "P11_003_35": null, "P11_004_01": "1,1,1,1", "P11_004_02": null, "P11_004_03": null, "P11_004_04": null, "P11_004_05": null, "P11_004_06": null, "P11_004_07": null, "P11_004_08": null, "P11_004_09": null, "P11_004_10": null, "P11_004_11": null, "P11_004_12": null, "P11_004_13": null, "P11_004_14": null, "P11_004_15": null, "P11_004_16": null, "P11_004_17": null, "P11_004_18": null, "P11_004_19": null, "P11_004_20": null, "P11_004_21": null, "P11_004_22": null, "P11_004_23": null, "P11_004_24": null, "P11_004_25": null, "P11_004_26": null, "P11_004_27": null, "P11_004_28": null, "P11_004_29": null, "P11_004_30": null, "P11_004_31": null, "P11_004_32": null, "P11_004_33": null, "P11_004_34": null, "P11_004_35": null, "P11_005": null, "index_right": 880 }, "geometry": { "type": "Point", "coordinates": [ 139.411291827984968, 35.324869872678292 ] } },
{ "type": "Feature", "properties": { "P11_001": "会館前", "P11_002": "神奈川中央交通（株）", "P11_003_01": "茅09,茅33,茅37,辻02,辻10,辻12,辻13", "P11_003_02": null, "P11_003_03": null, "P11_003_04": null, "P11_003_05": null, "P11_003_06": null, "P11_003_07": null, "P11_003_08": null, "P11_003_09": null, "P11_003_10": null, "P11_003_11": null, "P11_003_12": null, "P11_003_13": null, "P11_003_14": null, "P11_003_15": null, "P11_003_16": null, "P11_003_17": null, "P11_003_18": null, "P11_003_19": null, "P11_003_20": null, "P11_003_21": null, "P11_003_22": null, "P11_003_23": null, "P11_003_24": null, "P11_003_25": null, "P11_003_26": null, "P11_003_27": null, "P11_003_28": null, "P11_003_29": null, "P11_003_30": null, "P11_003_31": null, "P11_003_32": null, "P11_003_33": null, "P11_003_34": null, "P11_003_35": null, "P11_004_01": "1,1,1,1,1,1,1", "P11_004_02": null, "P11_004_03": null, "P11_004_04": null, "P11_004_05": null, "P11_004_06": null, "P11_004_07": null, "P11_004_08": null, "P11_004_09": null, "P11_004_10": null, "P11_004_11": null, "P11_004_12": null, "P11_004_13": null, "P11_004_14": null, "P11_004_15": null, "P11_004_16": null, "P11_004_17": null, "P11_004_18": null, "P11_004_19": null, "P11_004_20": null, "P11_004_21": null, "P11_004_22": null, "P11_004_23": null, "P11_004_24": null, "P11_004_25": null, "P11_004_26": null, "P11_004_27": null, "P11_004_28": null, "P11_004_29": null, "P11_004_30": null, "P11_004_31": null, "P11_004_32": null, "P11_004_33": null, "P11_004_34": null, "P11_004_35": null, "P11_005": null, "index_right": 880 }, "geometry": { "type": "Point", "coordinates": [ 139.408269583123911, 35.324777368251731 ] } },
{ "type": "Feature", "properties": { "P11_001": "のぞみ学園前", "P11_002": "（株）江ノ電バス", "P11_003_01": "J1", "P11_003_02": null, "P11_003_03": null, "P11_003_04": null, "P11_003_05": null, "P11_003_06": null, "P11_003_07": null, "P11_003_08": null, "P11_003_09": null, "P11_003_10": null, "P11_003_11": null, "P11_003_12": null, "P11_003_13": null, "P11_003_14": null, "P11_003_15": null, "P11_003_16": null, "P11_003_17": null, "P11_003_18": null, "P11_003_19": null, "P11_003_20": null, "P11_003_21": null, "P11_003_22": null, "P11_003_23": null, "P11_003_24": null, "P11_003_25": null, "P11_003_26": null, "P11_003_27": null, "P11_003_28": null, "P11_003_29": null, "P11_003_30": null, "P11_003_31": null, "P11_003_32": null, "P11_003_33": null, "P11_003_34": null, "P11_003_35": null, "P11_004_01": "1", "P11_004_02": null, "P11_004_03": null, "P11_004_04": null, "P11_004_05": null, "P11_004_06": null, "P11_004_07": null, "P11_004_08": null, "P11_004_09": null, "P11_004_10": null, "P11_004_11": null, "P11_004_12": null, "P11_004_13": null, "P11_004_14": null, "P11_004_15": null, "P11_004_16": null, "P11_004_17": null, "P11_004_18": null, "P11_004_19": null, "P11_004_20": null, "P11_004_21": null, "P11_004_22": null, "P11_004_23": null, "P11_004_24": null, "P11_004_25": null, "P11_004_26": null, "P11_004_27": null, "P11_004_28": null, "P11_004_29": null, "P11_004_30": null, "P11_004_31": null, "P11_004_32": null, "P11_004_33": null, "P11_004_34": null, "P11_004_35": null, "P11_005": null, "index_right": 880 }, "geometry": { "type": "Point", "coordinates": [ 139.439960757036886, 35.324648801886596 ] } },
{ "type": "Feature", "properties": { "P11_001": "のぞみ学園前", "P11_002": "神奈川中央交通（株）", "P11_003_01": "辻02,辻10,辻11", "P11_003_02": null, "P11_003_03": null, "P11_003_04": null, "P11_003_05": null, "P11_003_06": null, "P11_003_07": null, "P11_003_08": null, "P11_003_09": null, "P11_003_10": null, "P11_003_11": null, "P11_003_12": null, "P11_003_13": null, "P11_003_14": null, "P11_003_15": null, "P11_003_16": null, "P11_003_17": null, "P11_003_18": null, "P11_003_19": null, "P11_003_20": null, "P11_003_21": null, "P11_003_22": null, "P11_003_23": null, "P11_003_24": null, "P11_003_25": null, "P11_003_26": null, "P11_003_27": null, "P11_003_28": null, "P11_003_29": null, "P11_003_30": null, "P11_003_31": null, "P11_003_32": null, "P11_003_33": null, "P11_003_34": null, "P11_003_35": null, "P11_004_01": "1,1,1", "P11_004_02": null, "P11_004_03": null, "P11_004_04": null, "P11_004_05": null, "P11_004_06": null, "P11_004_07": null, "P11_004_08": null, "P11_004_09": null, "P11_004_10": null, "P11_004_11": null, "P11_004_12": null, "P11_004_13": null, "P11_004_14": null, "P11_004_15": null, "P11_004_16": null, "P11_004_17": null, "P11_004_18": null, "P11_004_19": null, "P11_004_20": null, "P11_004_21": null, "P11_004_22": null, "P11_004_23": null, "P11_004_24": null, "P11_004_25": null, "P11_004_26": null, "P11_004_27": null, "P11_004_28": null, "P11_004_29": null, "P11_004_30": null, "P11_004_31": null, "P11_004_32": null, "P11_004_33": null, "P11_004_34": null, "P11_004_35": null, "P11_005": null, "index_right": 880 }, "geometry": { "type": "Point", "coordinates": [ 139.439960757036886, 35.324648801886596 ] } },
{ "type": "Feature", "properties": { "P11_001": "中海岸", "P11_002": "神奈川中央交通（株）", "P11_003_01": "茅33", "P11_003_02": null, "P11_003_03": null, "P11_003_04": null, "P11_003_05": null, "P11_003_06": null, "P11_003_07": null, "P11_003_08": null, "P11_003_09": null, "P11_003_10": null, "P11_003_11": null, "P11_003_12": null, "P11_003_13": null, "P11_003_14": null, "P11_003_15": null, "P11_003_16": null, "P11_003_17": null, "P11_003_18": null, "P11_003_19": null, "P11_003_20": null, "P11_003_21": null, "P11_003_22": null, "P11_003_23": null, "P11_003_24": null, "P11_003_25": null, "P11_003_26": null, "P11_003_27": null, "P11_003_28": null, "P11_003_29": null, "P11_003_30": null, "P11_003_31": null, "P11_003_32": null, "P11_003_33": null, "P11_003_34": null, "P11_003_35": null, "P11_004_01": "1", "P11_004_02": null, "P11_004_03": null, "P11_004_04": null, "P11_004_05": null, "P11_004_06": null, "P11_004_07": null, "P11_004_08": null, "P11_004_09": null, "P11_004_10": null, "P11_004_11": null, "P11_004_12": null, "P11_004_13": null, "P11_004_14": null, "P11_004_15": null, "P11_004_16": null, "P11_004_17": null, "P11_004_18": null, "P11_004_19": null, "P11_004_20": null, "P11_004_21": null, "P11_004_22": null, "P11_004_23": null, "P11_004_24": null, "P11_004_25": null, "P11_004_26": null, "P11_004_27": null, "P11_004_28": null, "P11_004_29": null, "P11_004_30": null, "P11_004_31": null, "P11_004_32": null, "P11_004_33": null, "P11_004_34": null, "P11_004_35": null, "P11_005": null, "index_right": 880 }, "geometry": { "type": "Point", "coordinates": [ 139.402543278750557, 35.32425882848468 ] } },
{ "type": "Feature", "properties": { "P11_001": "松が丘緑地", "P11_002": "神奈川中央交通（株）", "P11_003_01": "東部循環市立病院線【松が丘コース】", "P11_003_02": null, "P11_003_03": null, "P11_003_04": null, "P11_003_05": null, "P11_003_06": null, "P11_003_07": null, "P11_003_08": null, "P11_003_09": null, "P11_003_10": null, "P11_003_11": null, "P11_003_12": null, "P11_003_13": null, "P11_003_14": null, "P11_003_15": null, "P11_003_16": null, "P11_003_17": null, "P11_003_18": null, "P11_003_19": null, "P11_003_20": null, "P11_003_21": null, "P11_003_22": null, "P11_003_23": null, "P11_003_24": null, "P11_003_25": null, "P11_003_26": null, "P11_003_27": null, "P11_003_28": null, "P11_003_29": null, "P11_003_30": null, "P11_003_31": null, "P11_003_32": null, "P11_003_33": null, "P11_003_34": null, "P11_003_35": null, "P11_004_01": "1", "P11_004_02": null, "P11_004_03": null, "P11_004_04": null, "P11_004_05": null, "P11_004_06": null, "P11_004_07": null, "P11_004_08": null, "P11_004_09": null, "P11_004_10": null, "P11_004_11": null, "P11_004_12": null, "P11_004_13": null, "P11_004_14": null, "P11_004_15": null, "P11_004_16": null, "P11_004_17": null, "P11_004_18": null, "P11_004_19": null, "P11_004_20": null, "P11_004_21": null, "P11_004_22": null, "P11_004_23": null, "P11_004_24": null, "P11_004_25": null, "P11_004_26": null, "P11_004_27": null, "P11_004_28": null, "P11_004_29": null, "P11_004_30": null, "P11_004_31": null, "P11_004_32": null, "P11_004_33": null, "P11_004_34": null, "P11_004_35": null, "P11_005": null, "index_right": 880 }, "geometry": { "type": "Point", "coordinates": [ 139.419689000086919, 35.324176117838022 ] } },
{ "type": "Feature", "properties": { "P11_001": "茅ヶ崎学園前", "P11_002": "神奈川中央交通（株）", "P11_003_01": "東部循環市立病院線【小和田・松浪コース】", "P11_003_02": null, "P11_003_03": null, "P11_003_04": null, "P11_003_05": null, "P11_003_06": null, "P11_003_07": null, "P11_003_08": null, "P11_003_09": null, "P11_003_10": null, "P11_003_11": null, "P11_003_12": null, "P11_003_13": null, "P11_003_14": null, "P11_003_15": null, "P11_003_16": null, "P11_003_17": null, "P11_003_18": null, "P11_003_19": null, "P11_003_20": null, "P11_003_21": null, "P11_003_22": null, "P11_003_23": null, "P11_003_24": null, "P11_003_25": null, "P11_003_26": null, "P11_003_27": null, "P11_003_28": null, "P11_003_29": null, "P11_003_30": null, "P11_003_31": null, "P11_003_32": null, "P11_003_33": null, "P11_003_34": null, "P11_003_35": null, "P11_004_01": "1", "P11_004_02": null, "P11_004_03": null, "P11_004_04": null, "P11_004_05": null, "P11_004_06": null, "P11_004_07": null, "P11_004_08": null, "P11_004_09": null, "P11_004_10": null, "P11_004_11": null, "P11_004_12": null, "P11_004_13": null, "P11_004_14": null, "P11_004_15": null, "P11_004_16": null, "P11_004_17": null, "P11_004_18": null, "P11_004_19": null, "P11_004_20": null, "P11_004_21": null, "P11_004_22": null, "P11_004_23": null, "P11_004_24": null, "P11_004_25": null, "P11_004_26": null, "P11_004_27": null, "P11_004_28": null, "P11_004_29": null, "P11_004_30": null, "P11_004_31": null, "P11_004_32": null, "P11_004_33": null, "P11_004_34": null, "P11_004_35": null, "P11_005": null, "index_right": 880 }, "geometry": { "type": "Point", "coordinates": [ 139.435643262689467, 35.324084205707372 ] } },
{ "type": "Feature", "properties": { "P11_001": "中海岸2丁目", "P11_002": "神奈川中央交通（株）", "P11_003_01": "中海岸南湖循環私立病院線", "P11_003_02": null, "P11_003_03": null, "P11_003_04": null, "P11_003_05": null, "P11_003_06": null, "P11_003_07": null, "P11_003_08": null, "P11_003_09": null, "P11_003_10": null, "P11_003_11": null, "P11_003_12": null, "P11_003_13": null, "P11_003_14": null, "P11_003_15": null, "P11_003_16": null, "P11_003_17": null, "P11_003_18": null, "P11_003_19": null, "P11_003_20": null, "P11_003_21": null, "P11_003_22": null, "P11_003_23": null, "P11_003_24": null, "P11_003_25": null, "P11_003_26": null, "P11_003_27": null, "P11_003_28": null, "P11_003_29": null, "P11_003_30": null, "P11_003_31": null, "P11_003_32": null, "P11_003_33": null, "P11_003_34": null, "P11_003_35": null, "P11_004_01": "1", "P11_004_02": null, "P11_004_03": null, "P11_004_04": null, "P11_004_05": null, "P11_004_06": null, "P11_004_07": null, "P11_004_08": null, "P11_004_09": null, "P11_004_10": null, "P11_004_11": null, "P11_004_12": null, "P11_004_13": null, "P11_004_14": null, "P11_004_15": null, "P11_004_16": null, "P11_004_17": null, "P11_004_18": null, "P11_004_19": null, "P11_004_20": null, "P11_004_21": null, "P11_004_22": null, "P11_004_23": null, "P11_004_24": null, "P11_004_25": null, "P11_004_26": null, "P11_004_27": null, "P11_004_28": null, "P11_004_29": null, "P11_004_30": null, "P11_004_31": null, "P11_004_32": null, "P11_004_33": null, "P11_004_34": null, "P11_004_35": null, "P11_005": null, "index_right": 880 }, "geometry": { "type": "Point", "coordinates": [ 139.40281551512561, 35.323991103616635 ] } },
{ "type": "Feature", "properties": { "P11_001": "中海岸四丁目", "P11_002": "神奈川中央交通（株）", "P11_003_01": "茅33", "P11_003_02": null, "P11_003_03": null, "P11_003_04": null, "P11_003_05": null, "P11_003_06": null, "P11_003_07": null, "P11_003_08": null, "P11_003_09": null, "P11_003_10": null, "P11_003_11": null, "P11_003_12": null, "P11_003_13": null, "P11_003_14": null, "P11_003_15": null, "P11_003_16": null, "P11_003_17": null, "P11_003_18": null, "P11_003_19": null, "P11_003_20": null, "P11_003_21": null, "P11_003_22": null, "P11_003_23": null, "P11_003_24": null, "P11_003_25": null, "P11_003_26": null, "P11_003_27": null, "P11_003_28": null, "P11_003_29": null, "P11_003_30": null, "P11_003_31": null, "P11_003_32": null, "P11_003_33": null, "P11_003_34": null, "P11_003_35": null, "P11_004_01": "1", "P11_004_02": null, "P11_004_03": null, "P11_004_04": null, "P11_004_05": null, "P11_004_06": null, "P11_004_07": null, "P11_004_08": null, "P11_004_09": null, "P11_004_10": null, "P11_004_11": null, "P11_004_12": null, "P11_004_13": null, "P11_004_14": null, "P11_004_15": null, "P11_004_16": null, "P11_004_17": null, "P11_004_18": null, "P11_004_19": null, "P11_004_20": null, "P11_004_21": null, "P11_004_22": null, "P11_004_23": null, "P11_004_24": null, "P11_004_25": null, "P11_004_26": null, "P11_004_27": null, "P11_004_28": null, "P11_004_29": null, "P11_004_30": null, "P11_004_31": null, "P11_004_32": null, "P11_004_33": null, "P11_004_34": null, "P11_004_35": null, "P11_005": null, "index_right": 880 }, "geometry": { "type": "Point", "coordinates": [ 139.397683294135987, 35.323810015516479 ] } },
{ "type": "Feature", "properties": { "P11_001": "南湖会館", "P11_002": "神奈川中央交通（株）", "P11_003_01": "中海岸南湖循環私立病院線", "P11_003_02": null, "P11_003_03": null, "P11_003_04": null, "P11_003_05": null, "P11_003_06": null, "P11_003_07": null, "P11_003_08": null, "P11_003_09": null, "P11_003_10": null, "P11_003_11": null, "P11_003_12": null, "P11_003_13": null, "P11_003_14": null, "P11_003_15": null, "P11_003_16": null, "P11_003_17": null, "P11_003_18": null, "P11_003_19": null, "P11_003_20": null, "P11_003_21": null, "P11_003_22": null, "P11_003_23": null, "P11_003_24": null, "P11_003_25": null, "P11_003_26": null, "P11_003_27": null, "P11_003_28": null, "P11_003_29": null, "P11_003_30": null, "P11_003_31": null, "P11_003_32": null, "P11_003_33": null, "P11_003_34": null, "P11_003_35": null, "P11_004_01": "1", "P11_004_02": null, "P11_004_03": null, "P11_004_04": null, "P11_004_05": null, "P11_004_06": null, "P11_004_07": null, "P11_004_08": null, "P11_004_09": null, "P11_004_10": null, "P11_004_11": null, "P11_004_12": null, "P11_004_13": null, "P11_004_14": null, "P11_004_15": null, "P11_004_16": null, "P11_004_17": null, "P11_004_18": null, "P11_004_19": null, "P11_004_20": null, "P11_004_21": null, "P11_004_22": null, "P11_004_23": null, "P11_004_24": null, "P11_004_25": null, "P11_004_26": null, "P11_004_27": null, "P11_004_28": null, "P11_004_29": null, "P11_004_30": null, "P11_004_31": null, "P11_004_32": null, "P11_004_33": null, "P11_004_34": null, "P11_004_35": null, "P11_005": null, "index_right": 880 }, "geometry": { "type": "Point", "coordinates": [ 139.393044089275321, 35.323805701508583 ] } },
{ "type": "Feature", "properties": { "P11_001": "魚市場", "P11_002": "神奈川中央交通（株）", "P11_003_01": "中海岸南湖循環私立病院線", "P11_003_02": null, "P11_003_03": null, "P11_003_04": null, "P11_003_05": null, "P11_003_06": null, "P11_003_07": null, "P11_003_08": null, "P11_003_09": null, "P11_003_10": null, "P11_003_11": null, "P11_003_12": null, "P11_003_13": null, "P11_003_14": null, "P11_003_15": null, "P11_003_16": null, "P11_003_17": null, "P11_003_18": null, "P11_003_19": null, "P11_003_20": null, "P11_003_21": null, "P11_003_22": null, "P11_003_23": null, "P11_003_24": null, "P11_003_25": null, "P11_003_26": null, "P11_003_27": null, "P11_003_28": null, "P11_003_29": null, "P11_003_30": null, "P11_003_31": null, "P11_003_32": null, "P11_003_33": null, "P11_003_34": null, "P11_003_35": null, "P11_004_01": "1", "P11_004_02": null, "P11_004_03": null, "P11_004_04": null, "P11_004_05": null, "P11_004_06": null, "P11_004_07": null, "P11_004_08": null, "P11_004_09": null, "P11_004_10": null, "P11_004_11": null, "P11_004_12": null, "P11_004_13": null, "P11_004_14": null, "P11_004_15": null, "P11_004_16": null, "P11_004_17": null, "P11_004_18": null, "P11_004_19": null, "P11_004_20": null, "P11_004_21": null, "P11_004_22": null, "P11_004_23": null, "P11_004_24": null, "P11_004_25": null, "P11_004_26": null, "P11_004_27": null, "P11_004_28": null, "P11_004_29": null, "P11_004_30": null, "P11_004_31": null, "P11_004_32": null, "P11_004_33": null, "P11_004_34": null, "P11_004_35": null, "P11_005": null, "index_right": 880 }, "geometry": { "type": "Point", "coordinates": [ 139.394373486231075, 35.323777981102921 ] } },
{ "type": "Feature", "properties": { "P11_001": "緑が浜小学校前", "P11_002": "神奈川中央交通（株）", "P11_003_01": "東部循環市立病院線【小和田・松浪コース】", "P11_003_02": null, "P11_003_03": null, "P11_003_04": null, "P11_003_05": null, "P11_003_06": null, "P11_003_07": null, "P11_003_08": null, "P11_003_09": null, "P11_003_10": null, "P11_003_11": null, "P11_003_12": null, "P11_003_13": null, "P11_003_14": null, "P11_003_15": null, "P11_003_16": null, "P11_003_17": null, "P11_003_18": null, "P11_003_19": null, "P11_003_20": null, "P11_003_21": null, "P11_003_22": null, "P11_003_23": null, "P11_003_24": null, "P11_003_25": null, "P11_003_26": null, "P11_003_27": null, "P11_003_28": null, "P11_003_29": null, "P11_003_30": null, "P11_003_31": null, "P11_003_32": null, "P11_003_33": null, "P11_003_34": null, "P11_003_35": null, "P11_004_01": "1", "P11_004_02": null, "P11_004_03": null, "P11_004_04": null, "P11_004_05": null, "P11_004_06": null, "P11_004_07": null, "P11_004_08": null, "P11_004_09": null, "P11_004_10": null, "P11_004_11": null, "P11_004_12": null, "P11_004_13": null, "P11_004_14": null, "P11_004_15": null, "P11_004_16": null, "P11_004_17": null, "P11_004_18": null, "P11_004_19": null, "P11_004_20": null, "P11_004_21": null, "P11_004_22": null, "P11_004_23": null, "P11_004_24": null, "P11_004_25": null, "P11_004_26": null, "P11_004_27": null, "P11_004_28": null, "P11_004_29": null, "P11_004_30": null, "P11_004_31": null, "P11_004_32": null, "P11_004_33": null, "P11_004_34": null, "P11_004_35": null, "P11_005": null, "index_right": 880 }, "geometry": { "type": "Point", "coordinates": [ 139.432213925838369, 35.323416622923588 ] } },
{ "type": "Feature", "properties": { "P11_001": "東海岸南五丁目", "P11_002": "神奈川中央交通（株）", "P11_003_01": "東部循環市立病院線【松が丘コース】", "P11_003_02": null, "P11_003_03": null, "P11_003_04": null, "P11_003_05": null, "P11_003_06": null, "P11_003_07": null, "P11_003_08": null, "P11_003_09": null, "P11_003_10": null, "P11_003_11": null, "P11_003_12": null, "P11_003_13": null, "P11_003_14": null, "P11_003_15": null, "P11_003_16": null, "P11_003_17": null, "P11_003_18": null, "P11_003_19": null, "P11_003_20": null, "P11_003_21": null, "P11_003_22": null, "P11_003_23": null, "P11_003_24": null, "P11_003_25": null, "P11_003_26": null, "P11_003_27": null, "P11_003_28": null, "P11_003_29": null, "P11_003_30": null, "P11_003_31": null, "P11_003_32": null, "P11_003_33": null, "P11_003_34": null, "P11_003_35": null, "P11_004_01": "1", "P11_004_02": null, "P11_004_03": null, "P11_004_04": null, "P11_004_05": null, "P11_004_06": null, "P11_004_07": null, "P11_004_08": null, "P11_004_09": null, "P11_004_10": null, "P11_004_11": null, "P11_004_12": null, "P11_004_13": null, "P11_004_14": null, "P11_004_15": null, "P11_004_16": null, "P11_004_17": null, "P11_004_18": null, "P11_004_19": null, "P11_004_20": null, "P11_004_21": null, "P11_004_22": null, "P11_004_23": null, "P11_004_24": null, "P11_004_25": null, "P11_004_26": null, "P11_004_27": null, "P11_004_28": null, "P11_004_29": null, "P11_004_30": null, "P11_004_31": null, "P11_004_32": null, "P11_004_33": null, "P11_004_34": null, "P11_004_35": null, "P11_005": null, "index_right": 880 }, "geometry": { "type": "Point", "coordinates": [ 139.4195187365697, 35.323315093637483 ] } },
{ "type": "Feature", "properties": { "P11_001": "茅ヶ崎学園入口", "P11_002": "神奈川中央交通（株）", "P11_003_01": "辻02,辻10,辻11", "P11_003_02": null, "P11_003_03": null, "P11_003_04": null, "P11_003_05": null, "P11_003_06": null, "P11_003_07": null, "P11_003_08": null, "P11_003_09": null, "P11_003_10": null, "P11_003_11": null, "P11_003_12": null, "P11_003_13": null, "P11_003_14": null, "P11_003_15": null, "P11_003_16": null, "P11_003_17": null, "P11_003_18": null, "P11_003_19": null, "P11_003_20": null, "P11_003_21": null, "P11_003_22": null, "P11_003_23": null, "P11_003_24": null, "P11_003_25": null, "P11_003_26": null, "P11_003_27": null, "P11_003_28": null, "P11_003_29": null, "P11_003_30": null, "P11_003_31": null, "P11_003_32": null, "P11_003_33": null, "P11_003_34": null, "P11_003_35": null, "P11_004_01": "1,1,1", "P11_004_02": null, "P11_004_03": null, "P11_004_04": null, "P11_004_05": null, "P11_004_06": null, "P11_004_07": null, "P11_004_08": null, "P11_004_09": null, "P11_004_10": null, "P11_004_11": null, "P11_004_12": null, "P11_004_13": null, "P11_004_14": null, "P11_004_15": null, "P11_004_16": null, "P11_004_17": null, "P11_004_18": null, "P11_004_19": null, "P11_004_20": null, "P11_004_21": null, "P11_004_22": null, "P11_004_23": null, "P11_004_24": null, "P11_004_25": null, "P11_004_26": null, "P11_004_27": null, "P11_004_28": null, "P11_004_29": null, "P11_004_30": null, "P11_004_31": null, "P11_004_32": null, "P11_004_33": null, "P11_004_34": null, "P11_004_35": null, "P11_005": null, "index_right": 880 }, "geometry": { "type": "Point", "coordinates": [ 139.436677067772735, 35.323195187409027 ] } },
{ "type": "Feature", "properties": { "P11_001": "茅ヶ崎学園入口", "P11_002": "（株）江ノ電バス", "P11_003_01": "J1,J2", "P11_003_02": null, "P11_003_03": null, "P11_003_04": null, "P11_003_05": null, "P11_003_06": null, "P11_003_07": null, "P11_003_08": null, "P11_003_09": null, "P11_003_10": null, "P11_003_11": null, "P11_003_12": null, "P11_003_13": null, "P11_003_14": null, "P11_003_15": null, "P11_003_16": null, "P11_003_17": null, "P11_003_18": null, "P11_003_19": null, "P11_003_20": null, "P11_003_21": null, "P11_003_22": null, "P11_003_23": null, "P11_003_24": null, "P11_003_25": null, "P11_003_26": null, "P11_003_27": null, "P11_003_28": null, "P11_003_29": null, "P11_003_30": null, "P11_003_31": null, "P11_003_32": null, "P11_003_33": null, "P11_003_34": null, "P11_003_35": null, "P11_004_01": "1,1", "P11_004_02": null, "P11_004_03": null, "P11_004_04": null, "P11_004_05": null, "P11_004_06": null, "P11_004_07": null, "P11_004_08": null, "P11_004_09": null, "P11_004_10": null, "P11_004_11": null, "P11_004_12": null, "P11_004_13": null, "P11_004_14": null, "P11_004_15": null, "P11_004_16": null, "P11_004_17": null, "P11_004_18": null, "P11_004_19": null, "P11_004_20": null, "P11_004_21": null, "P11_004_22": null, "P11_004_23": null, "P11_004_24": null, "P11_004_25": null, "P11_004_26": null, "P11_004_27": null, "P11_004_28": null, "P11_004_29": null, "P11_004_30": null, "P11_004_31": null, "P11_004_32": null, "P11_004_33": null, "P11_004_34": null, "P11_004_35": null, "P11_005": null, "index_right": 880 }, "geometry": { "type": "Point", "coordinates": [ 139.436677067772735, 35.323195187409027 ] } },
{ "type": "Feature", "properties": { "P11_001": "サザン通り北", "P11_002": "神奈川中央交通（株）", "P11_003_01": "中海岸南湖循環私立病院線", "P11_003_02": null, "P11_003_03": null, "P11_003_04": null, "P11_003_05": null, "P11_003_06": null, "P11_003_07": null, "P11_003_08": null, "P11_003_09": null, "P11_003_10": null, "P11_003_11": null, "P11_003_12": null, "P11_003_13": null, "P11_003_14": null, "P11_003_15": null, "P11_003_16": null, "P11_003_17": null, "P11_003_18": null, "P11_003_19": null, "P11_003_20": null, "P11_003_21": null, "P11_003_22": null, "P11_003_23": null, "P11_003_24": null, "P11_003_25": null, "P11_003_26": null, "P11_003_27": null, "P11_003_28": null, "P11_003_29": null, "P11_003_30": null, "P11_003_31": null, "P11_003_32": null, "P11_003_33": null, "P11_003_34": null, "P11_003_35": null, "P11_004_01": "1", "P11_004_02": null, "P11_004_03": null, "P11_004_04": null, "P11_004_05": null, "P11_004_06": null, "P11_004_07": null, "P11_004_08": null, "P11_004_09": null, "P11_004_10": null, "P11_004_11": null, "P11_004_12": null, "P11_004_13": null, "P11_004_14": null, "P11_004_15": null, "P11_004_16": null, "P11_004_17": null, "P11_004_18": null, "P11_004_19": null, "P11_004_20": null, "P11_004_21": null, "P11_004_22": null, "P11_004_23": null, "P11_004_24": null, "P11_004_25": null, "P11_004_26": null, "P11_004_27": null, "P11_004_28": null, "P11_004_29": null, "P11_004_30": null, "P11_004_31": null, "P11_004_32": null, "P11_004_33": null, "P11_004_34": null, "P11_004_35": null, "P11_005": null, "index_right": 880 }, "geometry": { "type": "Point", "coordinates": [ 139.400850591545236, 35.323065171669136 ] } },
{ "type": "Feature", "properties": { "P11_001": "仲町", "P11_002": "神奈川中央交通（株）", "P11_003_01": "茅33", "P11_003_02": null, "P11_003_03": null, "P11_003_04": null, "P11_003_05": null, "P11_003_06": null, "P11_003_07": null, "P11_003_08": null, "P11_003_09": null, "P11_003_10": null, "P11_003_11": null, "P11_003_12": null, "P11_003_13": null, "P11_003_14": null, "P11_003_15": null, "P11_003_16": null, "P11_003_17": null, "P11_003_18": null, "P11_003_19": null, "P11_003_20": null, "P11_003_21": null, "P11_003_22": null, "P11_003_23": null, "P11_003_24": null, "P11_003_25": null, "P11_003_26": null, "P11_003_27": null, "P11_003_28": null, "P11_003_29": null, "P11_003_30": null, "P11_003_31": null, "P11_003_32": null, "P11_003_33": null, "P11_003_34": null, "P11_003_35": null, "P11_004_01": "1", "P11_004_02": null, "P11_004_03": null, "P11_004_04": null, "P11_004_05": null, "P11_004_06": null, "P11_004_07": null, "P11_004_08": null, "P11_004_09": null, "P11_004_10": null, "P11_004_11": null, "P11_004_12": null, "P11_004_13": null, "P11_004_14": null, "P11_004_15": null, "P11_004_16": null, "P11_004_17": null, "P11_004_18": null, "P11_004_19": null, "P11_004_20": null, "P11_004_21": null, "P11_004_22": null, "P11_004_23": null, "P11_004_24": null, "P11_004_25": null, "P11_004_26": null, "P11_004_27": null, "P11_004_28": null, "P11_004_29": null, "P11_004_30": null, "P11_004_31": null, "P11_004_32": null, "P11_004_33": null, "P11_004_34": null, "P11_004_35": null, "P11_005": null, "index_right": 880 }, "geometry": { "type": "Point", "coordinates": [ 139.392373991503717, 35.322907523702945 ] } },
{ "type": "Feature", "properties": { "P11_001": "緑が浜", "P11_002": "神奈川中央交通（株）", "P11_003_01": "東部循環市立病院線【小和田・松浪コース】", "P11_003_02": null, "P11_003_03": null, "P11_003_04": null, "P11_003_05": null, "P11_003_06": null, "P11_003_07": null, "P11_003_08": null, "P11_003_09": null, "P11_003_10": null, "P11_003_11": null, "P11_003_12": null, "P11_003_13": null, "P11_003_14": null, "P11_003_15": null, "P11_003_16": null, "P11_003_17": null, "P11_003_18": null, "P11_003_19": null, "P11_003_20": null, "P11_003_21": null, "P11_003_22": null, "P11_003_23": null, "P11_003_24": null, "P11_003_25": null, "P11_003_26": null, "P11_003_27": null, "P11_003_28": null, "P11_003_29": null, "P11_003_30": null, "P11_003_31": null, "P11_003_32": null, "P11_003_33": null, "P11_003_34": null, "P11_003_35": null, "P11_004_01": "1", "P11_004_02": null, "P11_004_03": null, "P11_004_04": null, "P11_004_05": null, "P11_004_06": null, "P11_004_07": null, "P11_004_08": null, "P11_004_09": null, "P11_004_10": null, "P11_004_11": null, "P11_004_12": null, "P11_004_13": null, "P11_004_14": null, "P11_004_15": null, "P11_004_16": null, "P11_004_17": null, "P11_004_18": null, "P11_004_19": null, "P11_004_20": null, "P11_004_21": null, "P11_004_22": null, "P11_004_23": null, "P11_004_24": null, "P11_004_25": null, "P11_004_26": null, "P11_004_27": null, "P11_004_28": null, "P11_004_29": null, "P11_004_30": null, "P11_004_31": null, "P11_004_32": null, "P11_004_33": null, "P11_004_34": null, "P11_004_35": null, "P11_005": null, "index_right": 880 }, "geometry": { "type": "Point", "coordinates": [ 139.434087495938513, 35.322889535006631 ] } },
{ "type": "Feature", "properties": { "P11_001": "東海岸", "P11_002": "神奈川中央交通（株）", "P11_003_01": "茅09,茅37", "P11_003_02": null, "P11_003_03": null, "P11_003_04": null, "P11_003_05": null, "P11_003_06": null, "P11_003_07": null, "P11_003_08": null, "P11_003_09": null, "P11_003_10": null, "P11_003_11": null, "P11_003_12": null, "P11_003_13": null, "P11_003_14": null, "P11_003_15": null, "P11_003_16": null, "P11_003_17": null, "P11_003_18": null, "P11_003_19": null, "P11_003_20": null, "P11_003_21": null, "P11_003_22": null, "P11_003_23": null, "P11_003_24": null, "P11_003_25": null, "P11_003_26": null, "P11_003_27": null, "P11_003_28": null, "P11_003_29": null, "P11_003_30": null, "P11_003_31": null, "P11_003_32": null, "P11_003_33": null, "P11_003_34": null, "P11_003_35": null, "P11_004_01": "1,1", "P11_004_02": null, "P11_004_03": null, "P11_004_04": null, "P11_004_05": null, "P11_004_06": null, "P11_004_07": null, "P11_004_08": null, "P11_004_09": null, "P11_004_10": null, "P11_004_11": null, "P11_004_12": null, "P11_004_13": null, "P11_004_14": null, "P11_004_15": null, "P11_004_16": null, "P11_004_17": null, "P11_004_18": null, "P11_004_19": null, "P11_004_20": null, "P11_004_21": null, "P11_004_22": null, "P11_004_23": null, "P11_004_24": null, "P11_004_25": null, "P11_004_26": null, "P11_004_27": null, "P11_004_28": null, "P11_004_29": null, "P11_004_30": null, "P11_004_31": null, "P11_004_32": null, "P11_004_33": null, "P11_004_34": null, "P11_004_35": null, "P11_005": null, "index_right": 880 }, "geometry": { "type": "Point", "coordinates": [ 139.408225384343837, 35.32284271272011 ] } },
{ "type": "Feature", "properties": { "P11_001": "福祉会館", "P11_002": "神奈川中央交通（株）", "P11_003_01": "中海岸南湖循環私立病院線", "P11_003_02": null, "P11_003_03": null, "P11_003_04": null, "P11_003_05": null, "P11_003_06": null, "P11_003_07": null, "P11_003_08": null, "P11_003_09": null, "P11_003_10": null, "P11_003_11": null, "P11_003_12": null, "P11_003_13": null, "P11_003_14": null, "P11_003_15": null, "P11_003_16": null, "P11_003_17": null, "P11_003_18": null, "P11_003_19": null, "P11_003_20": null, "P11_003_21": null, "P11_003_22": null, "P11_003_23": null, "P11_003_24": null, "P11_003_25": null, "P11_003_26": null, "P11_003_27": null, "P11_003_28": null, "P11_003_29": null, "P11_003_30": null, "P11_003_31": null, "P11_003_32": null, "P11_003_33": null, "P11_003_34": null, "P11_003_35": null, "P11_004_01": "1", "P11_004_02": null, "P11_004_03": null, "P11_004_04": null, "P11_004_05": null, "P11_004_06": null, "P11_004_07": null, "P11_004_08": null, "P11_004_09": null, "P11_004_10": null, "P11_004_11": null, "P11_004_12": null, "P11_004_13": null, "P11_004_14": null, "P11_004_15": null, "P11_004_16": null, "P11_004_17": null, "P11_004_18": null, "P11_004_19": null, "P11_004_20": null, "P11_004_21": null, "P11_004_22": null, "P11_004_23": null, "P11_004_24": null, "P11_004_25": null, "P11_004_26": null, "P11_004_27": null, "P11_004_28": null, "P11_004_29": null, "P11_004_30": null, "P11_004_31": null, "P11_004_32": null, "P11_004_33": null, "P11_004_34": null, "P11_004_35": null, "P11_005": null, "index_right": 880 }, "geometry": { "type": "Point", "coordinates": [ 139.403828383296343, 35.322694409707161 ] } },
{ "type": "Feature", "properties": { "P11_001": "菱沼海岸", "P11_002": "神奈川中央交通（株）", "P11_003_01": "東部循環市立病院線【松が丘コース】", "P11_003_02": null, "P11_003_03": null, "P11_003_04": null, "P11_003_05": null, "P11_003_06": null, "P11_003_07": null, "P11_003_08": null, "P11_003_09": null, "P11_003_10": null, "P11_003_11": null, "P11_003_12": null, "P11_003_13": null, "P11_003_14": null, "P11_003_15": null, "P11_003_16": null, "P11_003_17": null, "P11_003_18": null, "P11_003_19": null, "P11_003_20": null, "P11_003_21": null, "P11_003_22": null, "P11_003_23": null, "P11_003_24": null, "P11_003_25": null, "P11_003_26": null, "P11_003_27": null, "P11_003_28": null, "P11_003_29": null, "P11_003_30": null, "P11_003_31": null, "P11_003_32": null, "P11_003_33": null, "P11_003_34": null, "P11_003_35": null, "P11_004_01": "1", "P11_004_02": null, "P11_004_03": null, "P11_004_04": null, "P11_004_05": null, "P11_004_06": null, "P11_004_07": null, "P11_004_08": null, "P11_004_09": null, "P11_004_10": null, "P11_004_11": null, "P11_004_12": null, "P11_004_13": null, "P11_004_14": null, "P11_004_15": null, "P11_004_16": null, "P11_004_17": null, "P11_004_18": null, "P11_004_19": null, "P11_004_20": null, "P11_004_21": null, "P11_004_22": null, "P11_004_23": null, "P11_004_24": null, "P11_004_25": null, "P11_004_26": null, "P11_004_27": null, "P11_004_28": null, "P11_004_29": null, "P11_004_30": null, "P11_004_31": null, "P11_004_32": null, "P11_004_33": null, "P11_004_34": null, "P11_004_35": null, "P11_005": null, "index_right": 880 }, "geometry": { "type": "Point", "coordinates": [ 139.419377917471962, 35.322652662021028 ] } },
{ "type": "Feature", "properties": { "P11_001": "団地中央", "P11_002": "神奈川中央交通（株）", "P11_003_01": "茅31,茅35,茅33,茅37", "P11_003_02": null, "P11_003_03": null, "P11_003_04": null, "P11_003_05": null, "P11_003_06": null, "P11_003_07": null, "P11_003_08": null, "P11_003_09": null, "P11_003_10": null, "P11_003_11": null, "P11_003_12": null, "P11_003_13": null, "P11_003_14": null, "P11_003_15": null, "P11_003_16": null, "P11_003_17": null, "P11_003_18": null, "P11_003_19": null, "P11_003_20": null, "P11_003_21": null, "P11_003_22": null, "P11_003_23": null, "P11_003_24": null, "P11_003_25": null, "P11_003_26": null, "P11_003_27": null, "P11_003_28": null, "P11_003_29": null, "P11_003_30": null, "P11_003_31": null, "P11_003_32": null, "P11_003_33": null, "P11_003_34": null, "P11_003_35": null, "P11_004_01": "1,1,1,1", "P11_004_02": null, "P11_004_03": null, "P11_004_04": null, "P11_004_05": null, "P11_004_06": null, "P11_004_07": null, "P11_004_08": null, "P11_004_09": null, "P11_004_10": null, "P11_004_11": null, "P11_004_12": null, "P11_004_13": null, "P11_004_14": null, "P11_004_15": null, "P11_004_16": null, "P11_004_17": null, "P11_004_18": null, "P11_004_19": null, "P11_004_20": null, "P11_004_21": null, "P11_004_22": null, "P11_004_23": null, "P11_004_24": null, "P11_004_25": null, "P11_004_26": null, "P11_004_27": null, "P11_004_28": null, "P11_004_29": null, "P11_004_30": null, "P11_004_31": null, "P11_004_32": null, "P11_004_33": null, "P11_004_34": null, "P11_004_35": null, "P11_005": null, "index_right": 880 }, "geometry": { "type": "Point", "coordinates": [ 139.388294202258749, 35.322490771601068 ] } },
{ "type": "Feature", "properties": { "P11_001": "恵泉幼稚園前", "P11_002": "神奈川中央交通（株）", "P11_003_01": "中海岸南湖循環私立病院線", "P11_003_02": null, "P11_003_03": null, "P11_003_04": null, "P11_003_05": null, "P11_003_06": null, "P11_003_07": null, "P11_003_08": null, "P11_003_09": null, "P11_003_10": null, "P11_003_11": null, "P11_003_12": null, "P11_003_13": null, "P11_003_14": null, "P11_003_15": null, "P11_003_16": null, "P11_003_17": null, "P11_003_18": null, "P11_003_19": null, "P11_003_20": null, "P11_003_21": null, "P11_003_22": null, "P11_003_23": null, "P11_003_24": null, "P11_003_25": null, "P11_003_26": null, "P11_003_27": null, "P11_003_28": null, "P11_003_29": null, "P11_003_30": null, "P11_003_31": null, "P11_003_32": null, "P11_003_33": null, "P11_003_34": null, "P11_003_35": null, "P11_004_01": "1", "P11_004_02": null, "P11_004_03": null, "P11_004_04": null, "P11_004_05": null, "P11_004_06": null, "P11_004_07": null, "P11_004_08": null, "P11_004_09": null, "P11_004_10": null, "P11_004_11": null, "P11_004_12": null, "P11_004_13": null, "P11_004_14": null, "P11_004_15": null, "P11_004_16": null, "P11_004_17": null, "P11_004_18": null, "P11_004_19": null, "P11_004_20": null, "P11_004_21": null, "P11_004_22": null, "P11_004_23": null, "P11_004_24": null, "P11_004_25": null, "P11_004_26": null, "P11_004_27": null, "P11_004_28": null, "P11_004_29": null, "P11_004_30": null, "P11_004_31": null, "P11_004_32": null, "P11_004_33": null, "P11_004_34": null, "P11_004_35": null, "P11_005": null, "index_right": 880 }, "geometry": { "type": "Point", "coordinates": [ 139.404740565349556, 35.322281986560071 ] } },
{ "type": "Feature", "properties": { "P11_001": "南湖東", "P11_002": "神奈川中央交通（株）", "P11_003_01": "中海岸南湖循環私立病院線", "P11_003_02": null, "P11_003_03": null, "P11_003_04": null, "P11_003_05": null, "P11_003_06": null, "P11_003_07": null, "P11_003_08": null, "P11_003_09": null, "P11_003_10": null, "P11_003_11": null, "P11_003_12": null, "P11_003_13": null, "P11_003_14": null, "P11_003_15": null, "P11_003_16": null, "P11_003_17": null, "P11_003_18": null, "P11_003_19": null, "P11_003_20": null, "P11_003_21": null, "P11_003_22": null, "P11_003_23": null, "P11_003_24": null, "P11_003_25": null, "P11_003_26": null, "P11_003_27": null, "P11_003_28": null, "P11_003_29": null, "P11_003_30": null, "P11_003_31": null, "P11_003_32": null, "P11_003_33": null, "P11_003_34": null, "P11_003_35": null, "P11_004_01": "1", "P11_004_02": null, "P11_004_03": null, "P11_004_04": null, "P11_004_05": null, "P11_004_06": null, "P11_004_07": null, "P11_004_08": null, "P11_004_09": null, "P11_004_10": null, "P11_004_11": null, "P11_004_12": null, "P11_004_13": null, "P11_004_14": null, "P11_004_15": null, "P11_004_16": null, "P11_004_17": null, "P11_004_18": null, "P11_004_19": null, "P11_004_20": null, "P11_004_21": null, "P11_004_22": null, "P11_004_23": null, "P11_004_24": null, "P11_004_25": null, "P11_004_26": null, "P11_004_27": null, "P11_004_28": null, "P11_004_29": null, "P11_004_30": null, "P11_004_31": null, "P11_004_32": null, "P11_004_33": null, "P11_004_34": null, "P11_004_35": null, "P11_005": null, "index_right": 880 }, "geometry": { "type": "Point", "coordinates": [ 139.396885088520207, 35.322093153928407 ] } },
{ "type": "Feature", "properties": { "P11_001": "サザン通り北通り中央", "P11_002": "神奈川中央交通（株）", "P11_003_01": "中海岸南湖循環私立病院線", "P11_003_02": null, "P11_003_03": null, "P11_003_04": null, "P11_003_05": null, "P11_003_06": null, "P11_003_07": null, "P11_003_08": null, "P11_003_09": null, "P11_003_10": null, "P11_003_11": null, "P11_003_12": null, "P11_003_13": null, "P11_003_14": null, "P11_003_15": null, "P11_003_16": null, "P11_003_17": null, "P11_003_18": null, "P11_003_19": null, "P11_003_20": null, "P11_003_21": null, "P11_003_22": null, "P11_003_23": null, "P11_003_24": null, "P11_003_25": null, "P11_003_26": null, "P11_003_27": null, "P11_003_28": null, "P11_003_29": null, "P11_003_30": null, "P11_003_31": null, "P11_003_32": null, "P11_003_33": null, "P11_003_34": null, "P11_003_35": null, "P11_004_01": "1", "P11_004_02": null, "P11_004_03": null, "P11_004_04": null, "P11_004_05": null, "P11_004_06": null, "P11_004_07": null, "P11_004_08": null, "P11_004_09": null, "P11_004_10": null, "P11_004_11": null, "P11_004_12": null, "P11_004_13": null, "P11_004_14": null, "P11_004_15": null, "P11_004_16": null, "P11_004_17": null, "P11_004_18": null, "P11_004_19": null, "P11_004_20": null, "P11_004_21": null, "P11_004_22": null, "P11_004_23": null, "P11_004_24": null, "P11_004_25": null, "P11_004_26": null, "P11_004_27": null, "P11_004_28": null, "P11_004_29": null, "P11_004_30": null, "P11_004_31": null, "P11_004_32": null, "P11_004_33": null, "P11_004_34": null, "P11_004_35": null, "P11_005": null, "index_right": 880 }, "geometry": { "type": "Point", "coordinates": [ 139.40029360762955, 35.322009550659999 ] } },
{ "type": "Feature", "properties": { "P11_001": "浜見平団地", "P11_002": "神奈川中央交通（株）", "P11_003_01": "茅31,茅35,茅33,茅37", "P11_003_02": null, "P11_003_03": null, "P11_003_04": null, "P11_003_05": null, "P11_003_06": null, "P11_003_07": null, "P11_003_08": null, "P11_003_09": null, "P11_003_10": null, "P11_003_11": null, "P11_003_12": null, "P11_003_13": null, "P11_003_14": null, "P11_003_15": null, "P11_003_16": null, "P11_003_17": null, "P11_003_18": null, "P11_003_19": null, "P11_003_20": null, "P11_003_21": null, "P11_003_22": null, "P11_003_23": null, "P11_003_24": null, "P11_003_25": null, "P11_003_26": null, "P11_003_27": null, "P11_003_28": null, "P11_003_29": null, "P11_003_30": null, "P11_003_31": null, "P11_003_32": null, "P11_003_33": null, "P11_003_34": null, "P11_003_35": null, "P11_004_01": "1,1,1,1", "P11_004_02": null, "P11_004_03": null, "P11_004_04": null, "P11_004_05": null, "P11_004_06": null, "P11_004_07": null, "P11_004_08": null, "P11_004_09": null, "P11_004_10": null, "P11_004_11": null, "P11_004_12": null, "P11_004_13": null, "P11_004_14": null, "P11_004_15": null, "P11_004_16": null, "P11_004_17": null, "P11_004_18": null, "P11_004_19": null, "P11_004_20": null, "P11_004_21": null, "P11_004_22": null, "P11_004_23": null, "P11_004_24": null, "P11_004_25": null, "P11_004_26": null, "P11_004_27": null, "P11_004_28": null, "P11_004_29": null, "P11_004_30": null, "P11_004_31": null, "P11_004_32": null, "P11_004_33": null, "P11_004_34": null, "P11_004_35": null, "P11_005": null, "index_right": 880 }, "geometry": { "type": "Point", "coordinates": [ 139.383249234552295, 35.321889026058031 ] } },
{ "type": "Feature", "properties": { "P11_001": "浜須賀", "P11_002": "（株）江ノ電バス", "P11_003_01": "J1,J2", "P11_003_02": null, "P11_003_03": null, "P11_003_04": null, "P11_003_05": null, "P11_003_06": null, "P11_003_07": null, "P11_003_08": null, "P11_003_09": null, "P11_003_10": null, "P11_003_11": null, "P11_003_12": null, "P11_003_13": null, "P11_003_14": null, "P11_003_15": null, "P11_003_16": null, "P11_003_17": null, "P11_003_18": null, "P11_003_19": null, "P11_003_20": null, "P11_003_21": null, "P11_003_22": null, "P11_003_23": null, "P11_003_24": null, "P11_003_25": null, "P11_003_26": null, "P11_003_27": null, "P11_003_28": null, "P11_003_29": null, "P11_003_30": null, "P11_003_31": null, "P11_003_32": null, "P11_003_33": null, "P11_003_34": null, "P11_003_35": null, "P11_004_01": "1,1", "P11_004_02": null, "P11_004_03": null, "P11_004_04": null, "P11_004_05": null, "P11_004_06": null, "P11_004_07": null, "P11_004_08": null, "P11_004_09": null, "P11_004_10": null, "P11_004_11": null, "P11_004_12": null, "P11_004_13": null, "P11_004_14": null, "P11_004_15": null, "P11_004_16": null, "P11_004_17": null, "P11_004_18": null, "P11_004_19": null, "P11_004_20": null, "P11_004_21": null, "P11_004_22": null, "P11_004_23": null, "P11_004_24": null, "P11_004_25": null, "P11_004_26": null, "P11_004_27": null, "P11_004_28": null, "P11_004_29": null, "P11_004_30": null, "P11_004_31": null, "P11_004_32": null, "P11_004_33": null, "P11_004_34": null, "P11_004_35": null, "P11_005": null, "index_right": 880 }, "geometry": { "type": "Point", "coordinates": [ 139.432268608310636, 35.321695413889081 ] } },
{ "type": "Feature", "properties": { "P11_001": "ヨーロッパ村", "P11_002": "神奈川中央交通（株）", "P11_003_01": "中海岸南湖循環私立病院線", "P11_003_02": null, "P11_003_03": null, "P11_003_04": null, "P11_003_05": null, "P11_003_06": null, "P11_003_07": null, "P11_003_08": null, "P11_003_09": null, "P11_003_10": null, "P11_003_11": null, "P11_003_12": null, "P11_003_13": null, "P11_003_14": null, "P11_003_15": null, "P11_003_16": null, "P11_003_17": null, "P11_003_18": null, "P11_003_19": null, "P11_003_20": null, "P11_003_21": null, "P11_003_22": null, "P11_003_23": null, "P11_003_24": null, "P11_003_25": null, "P11_003_26": null, "P11_003_27": null, "P11_003_28": null, "P11_003_29": null, "P11_003_30": null, "P11_003_31": null, "P11_003_32": null, "P11_003_33": null, "P11_003_34": null, "P11_003_35": null, "P11_004_01": "1", "P11_004_02": null, "P11_004_03": null, "P11_004_04": null, "P11_004_05": null, "P11_004_06": null, "P11_004_07": null, "P11_004_08": null, "P11_004_09": null, "P11_004_10": null, "P11_004_11": null, "P11_004_12": null, "P11_004_13": null, "P11_004_14": null, "P11_004_15": null, "P11_004_16": null, "P11_004_17": null, "P11_004_18": null, "P11_004_19": null, "P11_004_20": null, "P11_004_21": null, "P11_004_22": null, "P11_004_23": null, "P11_004_24": null, "P11_004_25": null, "P11_004_26": null, "P11_004_27": null, "P11_004_28": null, "P11_004_29": null, "P11_004_30": null, "P11_004_31": null, "P11_004_32": null, "P11_004_33": null, "P11_004_34": null, "P11_004_35": null, "P11_005": null, "index_right": 880 }, "geometry": { "type": "Point", "coordinates": [ 139.396090215314445, 35.321584063920447 ] } },
{ "type": "Feature", "properties": { "P11_001": "汐見台", "P11_002": "（株）江ノ電バス", "P11_003_01": "J1,J2", "P11_003_02": null, "P11_003_03": null, "P11_003_04": null, "P11_003_05": null, "P11_003_06": null, "P11_003_07": null, "P11_003_08": null, "P11_003_09": null, "P11_003_10": null, "P11_003_11": null, "P11_003_12": null, "P11_003_13": null, "P11_003_14": null, "P11_003_15": null, "P11_003_16": null, "P11_003_17": null, "P11_003_18": null, "P11_003_19": null, "P11_003_20": null, "P11_003_21": null, "P11_003_22": null, "P11_003_23": null, "P11_003_24": null, "P11_003_25": null, "P11_003_26": null, "P11_003_27": null, "P11_003_28": null, "P11_003_29": null, "P11_003_30": null, "P11_003_31": null, "P11_003_32": null, "P11_003_33": null, "P11_003_34": null, "P11_003_35": null, "P11_004_01": "1,1", "P11_004_02": null, "P11_004_03": null, "P11_004_04": null, "P11_004_05": null, "P11_004_06": null, "P11_004_07": null, "P11_004_08": null, "P11_004_09": null, "P11_004_10": null, "P11_004_11": null, "P11_004_12": null, "P11_004_13": null, "P11_004_14": null, "P11_004_15": null, "P11_004_16": null, "P11_004_17": null, "P11_004_18": null, "P11_004_19": null, "P11_004_20": null, "P11_004_21": null, "P11_004_22": null, "P11_004_23": null, "P11_004_24": null, "P11_004_25": null, "P11_004_26": null, "P11_004_27": null, "P11_004_28": null, "P11_004_29": null, "P11_004_30": null, "P11_004_31": null, "P11_004_32": null, "P11_004_33": null, "P11_004_34": null, "P11_004_35": null, "P11_005": null, "index_right": 880 }, "geometry": { "type": "Point", "coordinates": [ 139.434188572646235, 35.321399420235885 ] } },
{ "type": "Feature", "properties": { "P11_001": "南湖6丁目", "P11_002": "神奈川中央交通（株）", "P11_003_01": "中海岸南湖循環私立病院線", "P11_003_02": null, "P11_003_03": null, "P11_003_04": null, "P11_003_05": null, "P11_003_06": null, "P11_003_07": null, "P11_003_08": null, "P11_003_09": null, "P11_003_10": null, "P11_003_11": null, "P11_003_12": null, "P11_003_13": null, "P11_003_14": null, "P11_003_15": null, "P11_003_16": null, "P11_003_17": null, "P11_003_18": null, "P11_003_19": null, "P11_003_20": null, "P11_003_21": null, "P11_003_22": null, "P11_003_23": null, "P11_003_24": null, "P11_003_25": null, "P11_003_26": null, "P11_003_27": null, "P11_003_28": null, "P11_003_29": null, "P11_003_30": null, "P11_003_31": null, "P11_003_32": null, "P11_003_33": null, "P11_003_34": null, "P11_003_35": null, "P11_004_01": "1", "P11_004_02": null, "P11_004_03": null, "P11_004_04": null, "P11_004_05": null, "P11_004_06": null, "P11_004_07": null, "P11_004_08": null, "P11_004_09": null, "P11_004_10": null, "P11_004_11": null, "P11_004_12": null, "P11_004_13": null, "P11_004_14": null, "P11_004_15": null, "P11_004_16": null, "P11_004_17": null, "P11_004_18": null, "P11_004_19": null, "P11_004_20": null, "P11_004_21": null, "P11_004_22": null, "P11_004_23": null, "P11_004_24": null, "P11_004_25": null, "P11_004_26": null, "P11_004_27": null, "P11_004_28": null, "P11_004_29": null, "P11_004_30": null, "P11_004_31": null, "P11_004_32": null, "P11_004_33": null, "P11_004_34": null, "P11_004_35": null, "P11_005": null, "index_right": 880 }, "geometry": { "type": "Point", "coordinates": [ 139.394237836413424, 35.321222668949666 ] } },
{ "type": "Feature", "properties": { "P11_001": "開高健記念館", "P11_002": "神奈川中央交通（株）", "P11_003_01": "東部循環市立病院線【松が丘コース】", "P11_003_02": null, "P11_003_03": null, "P11_003_04": null, "P11_003_05": null, "P11_003_06": null, "P11_003_07": null, "P11_003_08": null, "P11_003_09": null, "P11_003_10": null, "P11_003_11": null, "P11_003_12": null, "P11_003_13": null, "P11_003_14": null, "P11_003_15": null, "P11_003_16": null, "P11_003_17": null, "P11_003_18": null, "P11_003_19": null, "P11_003_20": null, "P11_003_21": null, "P11_003_22": null, "P11_003_23": null, "P11_003_24": null, "P11_003_25": null, "P11_003_26": null, "P11_003_27": null, "P11_003_28": null, "P11_003_29": null, "P11_003_30": null, "P11_003_31": null, "P11_003_32": null, "P11_003_33": null, "P11_003_34": null, "P11_003_35": null, "P11_004_01": "1", "P11_004_02": null, "P11_004_03": null, "P11_004_04": null, "P11_004_05": null, "P11_004_06": null, "P11_004_07": null, "P11_004_08": null, "P11_004_09": null, "P11_004_10": null, "P11_004_11": null, "P11_004_12": null, "P11_004_13": null, "P11_004_14": null, "P11_004_15": null, "P11_004_16": null, "P11_004_17": null, "P11_004_18": null, "P11_004_19": null, "P11_004_20": null, "P11_004_21": null, "P11_004_22": null, "P11_004_23": null, "P11_004_24": null, "P11_004_25": null, "P11_004_26": null, "P11_004_27": null, "P11_004_28": null, "P11_004_29": null, "P11_004_30": null, "P11_004_31": null, "P11_004_32": null, "P11_004_33": null, "P11_004_34": null, "P11_004_35": null, "P11_005": null, "index_right": 880 }, "geometry": { "type": "Point", "coordinates": [ 139.418939087009846, 35.320555387222427 ] } },
{ "type": "Feature", "properties": { "P11_001": "東海岸南三丁目", "P11_002": "神奈川中央交通（株）", "P11_003_01": "茅09,茅37", "P11_003_02": null, "P11_003_03": null, "P11_003_04": null, "P11_003_05": null, "P11_003_06": null, "P11_003_07": null, "P11_003_08": null, "P11_003_09": null, "P11_003_10": null, "P11_003_11": null, "P11_003_12": null, "P11_003_13": null, "P11_003_14": null, "P11_003_15": null, "P11_003_16": null, "P11_003_17": null, "P11_003_18": null, "P11_003_19": null, "P11_003_20": null, "P11_003_21": null, "P11_003_22": null, "P11_003_23": null, "P11_003_24": null, "P11_003_25": null, "P11_003_26": null, "P11_003_27": null, "P11_003_28": null, "P11_003_29": null, "P11_003_30": null, "P11_003_31": null, "P11_003_32": null, "P11_003_33": null, "P11_003_34": null, "P11_003_35": null, "P11_004_01": "1,1", "P11_004_02": null, "P11_004_03": null, "P11_004_04": null, "P11_004_05": null, "P11_004_06": null, "P11_004_07": null, "P11_004_08": null, "P11_004_09": null, "P11_004_10": null, "P11_004_11": null, "P11_004_12": null, "P11_004_13": null, "P11_004_14": null, "P11_004_15": null, "P11_004_16": null, "P11_004_17": null, "P11_004_18": null, "P11_004_19": null, "P11_004_20": null, "P11_004_21": null, "P11_004_22": null, "P11_004_23": null, "P11_004_24": null, "P11_004_25": null, "P11_004_26": null, "P11_004_27": null, "P11_004_28": null, "P11_004_29": null, "P11_004_30": null, "P11_004_31": null, "P11_004_32": null, "P11_004_33": null, "P11_004_34": null, "P11_004_35": null, "P11_005": null, "index_right": 880 }, "geometry": { "type": "Point", "coordinates": [ 139.408190137958854, 35.320398981722612 ] } },
{ "type": "Feature", "properties": { "P11_001": "西浜小学校前", "P11_002": "神奈川中央交通（株）", "P11_003_01": "中海岸南湖循環私立病院線", "P11_003_02": null, "P11_003_03": null, "P11_003_04": null, "P11_003_05": null, "P11_003_06": null, "P11_003_07": null, "P11_003_08": null, "P11_003_09": null, "P11_003_10": null, "P11_003_11": null, "P11_003_12": null, "P11_003_13": null, "P11_003_14": null, "P11_003_15": null, "P11_003_16": null, "P11_003_17": null, "P11_003_18": null, "P11_003_19": null, "P11_003_20": null, "P11_003_21": null, "P11_003_22": null, "P11_003_23": null, "P11_003_24": null, "P11_003_25": null, "P11_003_26": null, "P11_003_27": null, "P11_003_28": null, "P11_003_29": null, "P11_003_30": null, "P11_003_31": null, "P11_003_32": null, "P11_003_33": null, "P11_003_34": null, "P11_003_35": null, "P11_004_01": "1", "P11_004_02": null, "P11_004_03": null, "P11_004_04": null, "P11_004_05": null, "P11_004_06": null, "P11_004_07": null, "P11_004_08": null, "P11_004_09": null, "P11_004_10": null, "P11_004_11": null, "P11_004_12": null, "P11_004_13": null, "P11_004_14": null, "P11_004_15": null, "P11_004_16": null, "P11_004_17": null, "P11_004_18": null, "P11_004_19": null, "P11_004_20": null, "P11_004_21": null, "P11_004_22": null, "P11_004_23": null, "P11_004_24": null, "P11_004_25": null, "P11_004_26": null, "P11_004_27": null, "P11_004_28": null, "P11_004_29": null, "P11_004_30": null, "P11_004_31": null, "P11_004_32": null, "P11_004_33": null, "P11_004_34": null, "P11_004_35": null, "P11_005": null, "index_right": 880 }, "geometry": { "type": "Point", "coordinates": [ 139.394885510200055, 35.320158473835775 ] } },
{ "type": "Feature", "properties": { "P11_001": "第一中学校前", "P11_002": "神奈川中央交通（株）", "P11_003_01": "茅09", "P11_003_02": null, "P11_003_03": null, "P11_003_04": null, "P11_003_05": null, "P11_003_06": null, "P11_003_07": null, "P11_003_08": null, "P11_003_09": null, "P11_003_10": null, "P11_003_11": null, "P11_003_12": null, "P11_003_13": null, "P11_003_14": null, "P11_003_15": null, "P11_003_16": null, "P11_003_17": null, "P11_003_18": null, "P11_003_19": null, "P11_003_20": null, "P11_003_21": null, "P11_003_22": null, "P11_003_23": null, "P11_003_24": null, "P11_003_25": null, "P11_003_26": null, "P11_003_27": null, "P11_003_28": null, "P11_003_29": null, "P11_003_30": null, "P11_003_31": null, "P11_003_32": null, "P11_003_33": null, "P11_003_34": null, "P11_003_35": null, "P11_004_01": "1", "P11_004_02": null, "P11_004_03": null, "P11_004_04": null, "P11_004_05": null, "P11_004_06": null, "P11_004_07": null, "P11_004_08": null, "P11_004_09": null, "P11_004_10": null, "P11_004_11": null, "P11_004_12": null, "P11_004_13": null, "P11_004_14": null, "P11_004_15": null, "P11_004_16": null, "P11_004_17": null, "P11_004_18": null, "P11_004_19": null, "P11_004_20": null, "P11_004_21": null, "P11_004_22": null, "P11_004_23": null, "P11_004_24": null, "P11_004_25": null, "P11_004_26": null, "P11_004_27": null, "P11_004_28": null, "P11_004_29": null, "P11_004_30": null, "P11_004_31": null, "P11_004_32": null, "P11_004_33": null, "P11_004_34": null, "P11_004_35": null, "P11_005": null, "index_right": 880 }, "geometry": { "type": "Point", "coordinates": [ 139.415325663471037, 35.32004637210261 ] } },
{ "type": "Feature", "properties": { "P11_001": "茅ヶ崎ゴルフ倶楽部前", "P11_002": "神奈川中央交通（株）", "P11_003_01": "東部循環市立病院線【松が丘コース】", "P11_003_02": null, "P11_003_03": null, "P11_003_04": null, "P11_003_05": null, "P11_003_06": null, "P11_003_07": null, "P11_003_08": null, "P11_003_09": null, "P11_003_10": null, "P11_003_11": null, "P11_003_12": null, "P11_003_13": null, "P11_003_14": null, "P11_003_15": null, "P11_003_16": null, "P11_003_17": null, "P11_003_18": null, "P11_003_19": null, "P11_003_20": null, "P11_003_21": null, "P11_003_22": null, "P11_003_23": null, "P11_003_24": null, "P11_003_25": null, "P11_003_26": null, "P11_003_27": null, "P11_003_28": null, "P11_003_29": null, "P11_003_30": null, "P11_003_31": null, "P11_003_32": null, "P11_003_33": null, "P11_003_34": null, "P11_003_35": null, "P11_004_01": "1", "P11_004_02": null, "P11_004_03": null, "P11_004_04": null, "P11_004_05": null, "P11_004_06": null, "P11_004_07": null, "P11_004_08": null, "P11_004_09": null, "P11_004_10": null, "P11_004_11": null, "P11_004_12": null, "P11_004_13": null, "P11_004_14": null, "P11_004_15": null, "P11_004_16": null, "P11_004_17": null, "P11_004_18": null, "P11_004_19": null, "P11_004_20": null, "P11_004_21": null, "P11_004_22": null, "P11_004_23": null, "P11_004_24": null, "P11_004_25": null, "P11_004_26": null, "P11_004_27": null, "P11_004_28": null, "P11_004_29": null, "P11_004_30": null, "P11_004_31": null, "P11_004_32": null, "P11_004_33": null, "P11_004_34": null, "P11_004_35": null, "P11_005": null, "index_right": 880 }, "geometry": { "type": "Point", "coordinates": [ 139.419746487933224, 35.319926264835011 ] } },
{ "type": "Feature", "properties": { "P11_001": "サザン通り南", "P11_002": "神奈川中央交通（株）", "P11_003_01": "中海岸南湖循環私立病院線", "P11_003_02": null, "P11_003_03": null, "P11_003_04": null, "P11_003_05": null, "P11_003_06": null, "P11_003_07": null, "P11_003_08": null, "P11_003_09": null, "P11_003_10": null, "P11_003_11": null, "P11_003_12": null, "P11_003_13": null, "P11_003_14": null, "P11_003_15": null, "P11_003_16": null, "P11_003_17": null, "P11_003_18": null, "P11_003_19": null, "P11_003_20": null, "P11_003_21": null, "P11_003_22": null, "P11_003_23": null, "P11_003_24": null, "P11_003_25": null, "P11_003_26": null, "P11_003_27": null, "P11_003_28": null, "P11_003_29": null, "P11_003_30": null, "P11_003_31": null, "P11_003_32": null, "P11_003_33": null, "P11_003_34": null, "P11_003_35": null, "P11_004_01": "1", "P11_004_02": null, "P11_004_03": null, "P11_004_04": null, "P11_004_05": null, "P11_004_06": null, "P11_004_07": null, "P11_004_08": null, "P11_004_09": null, "P11_004_10": null, "P11_004_11": null, "P11_004_12": null, "P11_004_13": null, "P11_004_14": null, "P11_004_15": null, "P11_004_16": null, "P11_004_17": null, "P11_004_18": null, "P11_004_19": null, "P11_004_20": null, "P11_004_21": null, "P11_004_22": null, "P11_004_23": null, "P11_004_24": null, "P11_004_25": null, "P11_004_26": null, "P11_004_27": null, "P11_004_28": null, "P11_004_29": null, "P11_004_30": null, "P11_004_31": null, "P11_004_32": null, "P11_004_33": null, "P11_004_34": null, "P11_004_35": null, "P11_005": null, "index_right": 880 }, "geometry": { "type": "Point", "coordinates": [ 139.399749027545397, 35.319880812862415 ] } },
{ "type": "Feature", "properties": { "P11_001": "茅ヶ崎公園野球場", "P11_002": "神奈川中央交通（株）", "P11_003_01": "茅37", "P11_003_02": null, "P11_003_03": null, "P11_003_04": null, "P11_003_05": null, "P11_003_06": null, "P11_003_07": null, "P11_003_08": null, "P11_003_09": null, "P11_003_10": null, "P11_003_11": null, "P11_003_12": null, "P11_003_13": null, "P11_003_14": null, "P11_003_15": null, "P11_003_16": null, "P11_003_17": null, "P11_003_18": null, "P11_003_19": null, "P11_003_20": null, "P11_003_21": null, "P11_003_22": null, "P11_003_23": null, "P11_003_24": null, "P11_003_25": null, "P11_003_26": null, "P11_003_27": null, "P11_003_28": null, "P11_003_29": null, "P11_003_30": null, "P11_003_31": null, "P11_003_32": null, "P11_003_33": null, "P11_003_34": null, "P11_003_35": null, "P11_004_01": "1", "P11_004_02": null, "P11_004_03": null, "P11_004_04": null, "P11_004_05": null, "P11_004_06": null, "P11_004_07": null, "P11_004_08": null, "P11_004_09": null, "P11_004_10": null, "P11_004_11": null, "P11_004_12": null, "P11_004_13": null, "P11_004_14": null, "P11_004_15": null, "P11_004_16": null, "P11_004_17": null, "P11_004_18": null, "P11_004_19": null, "P11_004_20": null, "P11_004_21": null, "P11_004_22": null, "P11_004_23": null, "P11_004_24": null, "P11_004_25": null, "P11_004_26": null, "P11_004_27": null, "P11_004_28": null, "P11_004_29": null, "P11_004_30": null, "P11_004_31": null, "P11_004_32": null, "P11_004_33": null, "P11_004_34": null, "P11_004_35": null, "P11_005": null, "index_right": 880 }, "geometry": { "type": "Point", "coordinates": [ 139.404146045538113, 35.318732603278619 ] } },
{ "type": "Feature", "properties": { "P11_001": "西浜高校前", "P11_002": "神奈川中央交通（株）", "P11_003_01": "茅37", "P11_003_02": null, "P11_003_03": null, "P11_003_04": null, "P11_003_05": null, "P11_003_06": null, "P11_003_07": null, "P11_003_08": null, "P11_003_09": null, "P11_003_10": null, "P11_003_11": null, "P11_003_12": null, "P11_003_13": null, "P11_003_14": null, "P11_003_15": null, "P11_003_16": null, "P11_003_17": null, "P11_003_18": null, "P11_003_19": null, "P11_003_20": null, "P11_003_21": null, "P11_003_22": null, "P11_003_23": null, "P11_003_24": null, "P11_003_25": null, "P11_003_26": null, "P11_003_27": null, "P11_003_28": null, "P11_003_29": null, "P11_003_30": null, "P11_003_31": null, "P11_003_32": null, "P11_003_33": null, "P11_003_34": null, "P11_003_35": null, "P11_004_01": "1", "P11_004_02": null, "P11_004_03": null, "P11_004_04": null, "P11_004_05": null, "P11_004_06": null, "P11_004_07": null, "P11_004_08": null, "P11_004_09": null, "P11_004_10": null, "P11_004_11": null, "P11_004_12": null, "P11_004_13": null, "P11_004_14": null, "P11_004_15": null, "P11_004_16": null, "P11_004_17": null, "P11_004_18": null, "P11_004_19": null, "P11_004_20": null, "P11_004_21": null, "P11_004_22": null, "P11_004_23": null, "P11_004_24": null, "P11_004_25": null, "P11_004_26": null, "P11_004_27": null, "P11_004_28": null, "P11_004_29": null, "P11_004_30": null, "P11_004_31": null, "P11_004_32": null, "P11_004_33": null, "P11_004_34": null, "P11_004_35": null, "P11_005": null, "index_right": 880 }, "geometry": { "type": "Point", "coordinates": [ 139.386836116605366, 35.318684718081855 ] } },
{ "type": "Feature", "properties": { "P11_001": "市営プール前", "P11_002": "神奈川中央交通（株）", "P11_003_01": "茅37", "P11_003_02": null, "P11_003_03": null, "P11_003_04": null, "P11_003_05": null, "P11_003_06": null, "P11_003_07": null, "P11_003_08": null, "P11_003_09": null, "P11_003_10": null, "P11_003_11": null, "P11_003_12": null, "P11_003_13": null, "P11_003_14": null, "P11_003_15": null, "P11_003_16": null, "P11_003_17": null, "P11_003_18": null, "P11_003_19": null, "P11_003_20": null, "P11_003_21": null, "P11_003_22": null, "P11_003_23": null, "P11_003_24": null, "P11_003_25": null, "P11_003_26": null, "P11_003_27": null, "P11_003_28": null, "P11_003_29": null, "P11_003_30": null, "P11_003_31": null, "P11_003_32": null, "P11_003_33": null, "P11_003_34": null, "P11_003_35": null, "P11_004_01": "1", "P11_004_02": null, "P11_004_03": null, "P11_004_04": null, "P11_004_05": null, "P11_004_06": null, "P11_004_07": null, "P11_004_08": null, "P11_004_09": null, "P11_004_10": null, "P11_004_11": null, "P11_004_12": null, "P11_004_13": null, "P11_004_14": null, "P11_004_15": null, "P11_004_16": null, "P11_004_17": null, "P11_004_18": null, "P11_004_19": null, "P11_004_20": null, "P11_004_21": null, "P11_004_22": null, "P11_004_23": null, "P11_004_24": null, "P11_004_25": null, "P11_004_26": null, "P11_004_27": null, "P11_004_28": null, "P11_004_29": null, "P11_004_30": null, "P11_004_31": null, "P11_004_32": null, "P11_004_33": null, "P11_004_34": null, "P11_004_35": null, "P11_005": null, "index_right": 880 }, "geometry": { "type": "Point", "coordinates": [ 139.401577469613329, 35.318667907064949 ] } },
{ "type": "Feature", "properties": { "P11_001": "茅ヶ崎駅入口", "P11_002": "神奈川中央交通（株）", "P11_003_01": "茅09,茅37", "P11_003_02": null, "P11_003_03": null, "P11_003_04": null, "P11_003_05": null, "P11_003_06": null, "P11_003_07": null, "P11_003_08": null, "P11_003_09": null, "P11_003_10": null, "P11_003_11": null, "P11_003_12": null, "P11_003_13": null, "P11_003_14": null, "P11_003_15": null, "P11_003_16": null, "P11_003_17": null, "P11_003_18": null, "P11_003_19": null, "P11_003_20": null, "P11_003_21": null, "P11_003_22": null, "P11_003_23": null, "P11_003_24": null, "P11_003_25": null, "P11_003_26": null, "P11_003_27": null, "P11_003_28": null, "P11_003_29": null, "P11_003_30": null, "P11_003_31": null, "P11_003_32": null, "P11_003_33": null, "P11_003_34": null, "P11_003_35": null, "P11_004_01": "1,1", "P11_004_02": null, "P11_004_03": null, "P11_004_04": null, "P11_004_05": null, "P11_004_06": null, "P11_004_07": null, "P11_004_08": null, "P11_004_09": null, "P11_004_10": null, "P11_004_11": null, "P11_004_12": null, "P11_004_13": null, "P11_004_14": null, "P11_004_15": null, "P11_004_16": null, "P11_004_17": null, "P11_004_18": null, "P11_004_19": null, "P11_004_20": null, "P11_004_21": null, "P11_004_22": null, "P11_004_23": null, "P11_004_24": null, "P11_004_25": null, "P11_004_26": null, "P11_004_27": null, "P11_004_28": null, "P11_004_29": null, "P11_004_30": null, "P11_004_31": null, "P11_004_32": null, "P11_004_33": null, "P11_004_34": null, "P11_004_35": null, "P11_005": null, "index_right": 880 }, "geometry": { "type": "Point", "coordinates": [ 139.408156955804799, 35.31865842083203 ] } },
{ "type": "Feature", "properties": { "P11_001": "菱沼海岸南", "P11_002": "神奈川中央交通（株）", "P11_003_01": "東部循環市立病院線【松が丘コース】", "P11_003_02": null, "P11_003_03": null, "P11_003_04": null, "P11_003_05": null, "P11_003_06": null, "P11_003_07": null, "P11_003_08": null, "P11_003_09": null, "P11_003_10": null, "P11_003_11": null, "P11_003_12": null, "P11_003_13": null, "P11_003_14": null, "P11_003_15": null, "P11_003_16": null, "P11_003_17": null, "P11_003_18": null, "P11_003_19": null, "P11_003_20": null, "P11_003_21": null, "P11_003_22": null, "P11_003_23": null, "P11_003_24": null, "P11_003_25": null, "P11_003_26": null, "P11_003_27": null, "P11_003_28": null, "P11_003_29": null, "P11_003_30": null, "P11_003_31": null, "P11_003_32": null, "P11_003_33": null, "P11_003_34": null, "P11_003_35": null, "P11_004_01": "1", "P11_004_02": null, "P11_004_03": null, "P11_004_04": null, "P11_004_05": null, "P11_004_06": null, "P11_004_07": null, "P11_004_08": null, "P11_004_09": null, "P11_004_10": null, "P11_004_11": null, "P11_004_12": null, "P11_004_13": null, "P11_004_14": null, "P11_004_15": null, "P11_004_16": null, "P11_004_17": null, "P11_004_18": null, "P11_004_19": null, "P11_004_20": null, "P11_004_21": null, "P11_004_22": null, "P11_004_23": null, "P11_004_24": null, "P11_004_25": null, "P11_004_26": null, "P11_004_27": null, "P11_004_28": null, "P11_004_29": null, "P11_004_30": null, "P11_004_31": null, "P11_004_32": null, "P11_004_33": null, "P11_004_34": null, "P11_004_35": null, "P11_005": null, "index_right": 880 }, "geometry": { "type": "Point", "coordinates": [ 139.418587788025064, 35.318648676409303 ] } },
{ "type": "Feature", "properties": { "P11_001": "サザンビーチ入口", "P11_002": "神奈川中央交通（株）", "P11_003_01": "中海岸南湖循環私立病院線", "P11_003_02": null, "P11_003_03": null, "P11_003_04": null, "P11_003_05": null, "P11_003_06": null, "P11_003_07": null, "P11_003_08": null, "P11_003_09": null, "P11_003_10": null, "P11_003_11": null, "P11_003_12": null, "P11_003_13": null, "P11_003_14": null, "P11_003_15": null, "P11_003_16": null, "P11_003_17": null, "P11_003_18": null, "P11_003_19": null, "P11_003_20": null, "P11_003_21": null, "P11_003_22": null, "P11_003_23": null, "P11_003_24": null, "P11_003_25": null, "P11_003_26": null, "P11_003_27": null, "P11_003_28": null, "P11_003_29": null, "P11_003_30": null, "P11_003_31": null, "P11_003_32": null, "P11_003_33": null, "P11_003_34": null, "P11_003_35": null, "P11_004_01": "1", "P11_004_02": null, "P11_004_03": null, "P11_004_04": null, "P11_004_05": null, "P11_004_06": null, "P11_004_07": null, "P11_004_08": null, "P11_004_09": null, "P11_004_10": null, "P11_004_11": null, "P11_004_12": null, "P11_004_13": null, "P11_004_14": null, "P11_004_15": null, "P11_004_16": null, "P11_004_17": null, "P11_004_18": null, "P11_004_19": null, "P11_004_20": null, "P11_004_21": null, "P11_004_22": null, "P11_004_23": null, "P11_004_24": null, "P11_004_25": null, "P11_004_26": null, "P11_004_27": null, "P11_004_28": null, "P11_004_29": null, "P11_004_30": null, "P11_004_31": null, "P11_004_32": null, "P11_004_33": null, "P11_004_34": null, "P11_004_35": null, "P11_005": null, "index_right": 880 }, "geometry": { "type": "Point", "coordinates": [ 139.399351630295712, 35.318575433944979 ] } },
{ "type": "Feature", "properties": { "P11_001": "海水浴場前", "P11_002": "神奈川中央交通（株）", "P11_003_01": "茅37", "P11_003_02": null, "P11_003_03": null, "P11_003_04": null, "P11_003_05": null, "P11_003_06": null, "P11_003_07": null, "P11_003_08": null, "P11_003_09": null, "P11_003_10": null, "P11_003_11": null, "P11_003_12": null, "P11_003_13": null, "P11_003_14": null, "P11_003_15": null, "P11_003_16": null, "P11_003_17": null, "P11_003_18": null, "P11_003_19": null, "P11_003_20": null, "P11_003_21": null, "P11_003_22": null, "P11_003_23": null, "P11_003_24": null, "P11_003_25": null, "P11_003_26": null, "P11_003_27": null, "P11_003_28": null, "P11_003_29": null, "P11_003_30": null, "P11_003_31": null, "P11_003_32": null, "P11_003_33": null, "P11_003_34": null, "P11_003_35": null, "P11_004_01": "1", "P11_004_02": null, "P11_004_03": null, "P11_004_04": null, "P11_004_05": null, "P11_004_06": null, "P11_004_07": null, "P11_004_08": null, "P11_004_09": null, "P11_004_10": null, "P11_004_11": null, "P11_004_12": null, "P11_004_13": null, "P11_004_14": null, "P11_004_15": null, "P11_004_16": null, "P11_004_17": null, "P11_004_18": null, "P11_004_19": null, "P11_004_20": null, "P11_004_21": null, "P11_004_22": null, "P11_004_23": null, "P11_004_24": null, "P11_004_25": null, "P11_004_26": null, "P11_004_27": null, "P11_004_28": null, "P11_004_29": null, "P11_004_30": null, "P11_004_31": null, "P11_004_32": null, "P11_004_33": null, "P11_004_34": null, "P11_004_35": null, "P11_005": null, "index_right": 880 }, "geometry": { "type": "Point", "coordinates": [ 139.398569226377361, 35.318520168425174 ] } },
{ "type": "Feature", "properties": { "P11_001": "ヘッドランド入口", "P11_002": "神奈川中央交通（株）", "P11_003_01": "茅09", "P11_003_02": null, "P11_003_03": null, "P11_003_04": null, "P11_003_05": null, "P11_003_06": null, "P11_003_07": null, "P11_003_08": null, "P11_003_09": null, "P11_003_10": null, "P11_003_11": null, "P11_003_12": null, "P11_003_13": null, "P11_003_14": null, "P11_003_15": null, "P11_003_16": null, "P11_003_17": null, "P11_003_18": null, "P11_003_19": null, "P11_003_20": null, "P11_003_21": null, "P11_003_22": null, "P11_003_23": null, "P11_003_24": null, "P11_003_25": null, "P11_003_26": null, "P11_003_27": null, "P11_003_28": null, "P11_003_29": null, "P11_003_30": null, "P11_003_31": null, "P11_003_32": null, "P11_003_33": null, "P11_003_34": null, "P11_003_35": null, "P11_004_01": "1", "P11_004_02": null, "P11_004_03": null, "P11_004_04": null, "P11_004_05": null, "P11_004_06": null, "P11_004_07": null, "P11_004_08": null, "P11_004_09": null, "P11_004_10": null, "P11_004_11": null, "P11_004_12": null, "P11_004_13": null, "P11_004_14": null, "P11_004_15": null, "P11_004_16": null, "P11_004_17": null, "P11_004_18": null, "P11_004_19": null, "P11_004_20": null, "P11_004_21": null, "P11_004_22": null, "P11_004_23": null, "P11_004_24": null, "P11_004_25": null, "P11_004_26": null, "P11_004_27": null, "P11_004_28": null, "P11_004_29": null, "P11_004_30": null, "P11_004_31": null, "P11_004_32": null, "P11_004_33": null, "P11_004_34": null, "P11_004_35": null, "P11_005": null, "index_right": 880 }, "geometry": { "type": "Point", "coordinates": [ 139.413984820324259, 35.318221658322194 ] } },
{ "type": "Feature", "properties": { "P11_001": "西浜", "P11_002": "神奈川中央交通（株）", "P11_003_01": "茅37,中海岸南湖循環私立病院線", "P11_003_02": null, "P11_003_03": null, "P11_003_04": null, "P11_003_05": null, "P11_003_06": null, "P11_003_07": null, "P11_003_08": null, "P11_003_09": null, "P11_003_10": null, "P11_003_11": null, "P11_003_12": null, "P11_003_13": null, "P11_003_14": null, "P11_003_15": null, "P11_003_16": null, "P11_003_17": null, "P11_003_18": null, "P11_003_19": null, "P11_003_20": null, "P11_003_21": null, "P11_003_22": null, "P11_003_23": null, "P11_003_24": null, "P11_003_25": null, "P11_003_26": null, "P11_003_27": null, "P11_003_28": null, "P11_003_29": null, "P11_003_30": null, "P11_003_31": null, "P11_003_32": null, "P11_003_33": null, "P11_003_34": null, "P11_003_35": null, "P11_004_01": "1,1", "P11_004_02": null, "P11_004_03": null, "P11_004_04": null, "P11_004_05": null, "P11_004_06": null, "P11_004_07": null, "P11_004_08": null, "P11_004_09": null, "P11_004_10": null, "P11_004_11": null, "P11_004_12": null, "P11_004_13": null, "P11_004_14": null, "P11_004_15": null, "P11_004_16": null, "P11_004_17": null, "P11_004_18": null, "P11_004_19": null, "P11_004_20": null, "P11_004_21": null, "P11_004_22": null, "P11_004_23": null, "P11_004_24": null, "P11_004_25": null, "P11_004_26": null, "P11_004_27": null, "P11_004_28": null, "P11_004_29": null, "P11_004_30": null, "P11_004_31": null, "P11_004_32": null, "P11_004_33": null, "P11_004_34": null, "P11_004_35": null, "P11_005": null, "index_right": 880 }, "geometry": { "type": "Point", "coordinates": [ 139.396124472846054, 35.3181118691545 ] } },
{ "type": "Feature", "properties": { "P11_001": "南湖入口", "P11_002": "神奈川中央交通（株）", "P11_003_01": "茅37", "P11_003_02": null, "P11_003_03": null, "P11_003_04": null, "P11_003_05": null, "P11_003_06": null, "P11_003_07": null, "P11_003_08": null, "P11_003_09": null, "P11_003_10": null, "P11_003_11": null, "P11_003_12": null, "P11_003_13": null, "P11_003_14": null, "P11_003_15": null, "P11_003_16": null, "P11_003_17": null, "P11_003_18": null, "P11_003_19": null, "P11_003_20": null, "P11_003_21": null, "P11_003_22": null, "P11_003_23": null, "P11_003_24": null, "P11_003_25": null, "P11_003_26": null, "P11_003_27": null, "P11_003_28": null, "P11_003_29": null, "P11_003_30": null, "P11_003_31": null, "P11_003_32": null, "P11_003_33": null, "P11_003_34": null, "P11_003_35": null, "P11_004_01": "1", "P11_004_02": null, "P11_004_03": null, "P11_004_04": null, "P11_004_05": null, "P11_004_06": null, "P11_004_07": null, "P11_004_08": null, "P11_004_09": null, "P11_004_10": null, "P11_004_11": null, "P11_004_12": null, "P11_004_13": null, "P11_004_14": null, "P11_004_15": null, "P11_004_16": null, "P11_004_17": null, "P11_004_18": null, "P11_004_19": null, "P11_004_20": null, "P11_004_21": null, "P11_004_22": null, "P11_004_23": null, "P11_004_24": null, "P11_004_25": null, "P11_004_26": null, "P11_004_27": null, "P11_004_28": null, "P11_004_29": null, "P11_004_30": null, "P11_004_31": null, "P11_004_32": null, "P11_004_33": null, "P11_004_34": null, "P11_004_35": null, "P11_005": null, "index_right": 880 }, "geometry": { "type": "Point", "coordinates": [ 139.390465809744228, 35.317390061873716 ] } }
]
}
