{
"type": "FeatureCollection",
"name": "chigasaki_bus_stop_with_network",
"crs": { "type": "name", "properties": { "name": "urn:ogc:def:crs:EPSG::6668" } },
"features": [
{ "type": "Feature", "properties": { "P11_001": "芹沢台田（斎場入口）", "P11_002": "神奈川中央交通（株）", "P11_003_01": "北部循環市立病院線", "P11_003_02": null, "P11_003_03": null, "P11_003_04": null, "P11_003_05": null, "P11_003_06": null, "P11_003_07": null, "P11_003_08": null, "P11_003_09": null, "P11_003_10": null, "P11_003_11": null, "P11_003_12": null, "P11_003_13": null, "P11_003_14": null, "P11_003_15": null, "P11_003_16": null, "P11_003_17": null, "P11_003_18": null, "P11_003_19": null, "P11_003_20": null, "P11_003_21": null, "P11_003_22": null, "P11_003_23": null, "P11_003_24": null, "P11_003_25": null, "P11_003_26": null, "P11_003_27": null, "P11_003_28": null, "P11_003_29": null, "P11_003_30": null, "P11_003_31": null, "P11_003_32": null, "P11_003_33": null, "P11_003_34": null, "P11_003_35": null, "P11_004_01": "1", "P11_004_02": null, "P11_004_03": null, "P11_004_04": null, "P11_004_05": null, "P11_004_06": null, "P11_004_07": null, "P11_004_08": null, "P11_004_09": null, "P11_004_10": null, "P11_004_11": null, "P11_004_12": null, "P11_004_13": null, "P11_004_14": null, "P11_004_15": null, "P11_004_16": null, "P11_004_17": null, "P11_004_18": null, "P11_004_19": null, "P11_004_20": null, "P11_004_21": null, "P11_004_22": null, "P11_004_23": null, "P11_004_24": null, "P11_004_25": null, "P11_004_26": null, "P11_004_27": null, "P11_004_28": null, "P11_004_29": null, "P11_004_30": null, "P11_004_31": null, "P11_004_32": null, "P11_004_33": null, "P11_004_34": null, "P11_004_35": null, "P11_005": null, "nearest_node": "(139.4223603194362, 35.383195715580236)", "centrality": 0.00010724819018679059, "community": 5, "size": 10.025327181850729 }, "geometry": { "type": "Point", "coordinates": [ 139.422360319436194, 35.383195715580236 ] } },
{ "type": "Feature", "properties": { "P11_001": "芹沢細谷入口", "P11_002": "神奈川中央交通（株）", "P11_003_01": "北部循環市立病院線", "P11_003_02": null, "P11_003_03": null, "P11_003_04": null, "P11_003_05": null, "P11_003_06": null, "P11_003_07": null, "P11_003_08": null, "P11_003_09": null, "P11_003_10": null, "P11_003_11": null, "P11_003_12": null, "P11_003_13": null, "P11_003_14": null, "P11_003_15": null, "P11_003_16": null, "P11_003_17": null, "P11_003_18": null, "P11_003_19": null, "P11_003_20": null, "P11_003_21": null, "P11_003_22": null, "P11_003_23": null, "P11_003_24": null, "P11_003_25": null, "P11_003_26": null, "P11_003_27": null, "P11_003_28": null, "P11_003_29": null, "P11_003_30": null, "P11_003_31": null, "P11_003_32": null, "P11_003_33": null, "P11_003_34": null, "P11_003_35": null, "P11_004_01": "1", "P11_004_02": null, "P11_004_03": null, "P11_004_04": null, "P11_004_05": null, "P11_004_06": null, "P11_004_07": null, "P11_004_08": null, "P11_004_09": null, "P11_004_10": null, "P11_004_11": null, "P11_004_12": null, "P11_004_13": null, "P11_004_14": null, "P11_004_15": null, "P11_004_16": null, "P11_004_17": null, "P11_004_18": null, "P11_004_19": null, "P11_004_20": null, "P11_004_21": null, "P11_004_22": null, "P11_004_23": null, "P11_004_24": null, "P11_004_25": null, "P11_004_26": null, "P11_004_27": null, "P11_004_28": null, "P11_004_29": null, "P11_004_30": null, "P11_004_31": null, "P11_004_32": null, "P11_004_33": null, "P11_004_34": null, "P11_004_35": null, "P11_005": null, "nearest_node": "(139.42504183683656, 35.38147446437121)", "centrality": 0.005719903476628832, "community": 5, "size": 11.350783032038885 }, "geometry": { "type": "Point", "coordinates": [ 139.425041836836556, 35.381474464371209 ] } },
{ "type": "Feature", "properties": { "P11_001": "芹沢細紺", "P11_002": "神奈川中央交通（株）", "P11_003_01": "北部循環市立病院線", "P11_003_02": null, "P11_003_03": null, "P11_003_04": null, "P11_003_05": null, "P11_003_06": null, "P11_003_07": null, "P11_003_08": null, "P11_003_09": null, "P11_003_10": null, "P11_003_11": null, "P11_003_12": null, "P11_003_13": null, "P11_003_14": null, "P11_003_15": null, "P11_003_16": null, "P11_003_17": null, "P11_003_18": null, "P11_003_19": null, "P11_003_20": null, "P11_003_21": null, "P11_003_22": null, "P11_003_23": null, "P11_003_24": null, "P11_003_25": null, "P11_003_26": null, "P11_003_27": null, "P11_003_28": null, "P11_003_29": null, "P11_003_30": null, "P11_003_31": null, "P11_003_32": null, "P11_003_33": null, "P11_003_34": null, "P11_003_35": null, "P11_004_01": "1", "P11_004_02": null, "P11_004_03": null, "P11_004_04": null, "P11_004_05": null, "P11_004_06": null, "P11_004_07": null, "P11_004_08": null, "P11_004_09": null, "P11_004_10": null, "P11_004_11": null, "P11_004_12": null, "P11_004_13": null, "P11_004_14": null, "P11_004_15": null, "P11_004_16": null, "P11_004_17": null, "P11_004_18": null, "P11_004_19": null, "P11_004_20": null, "P11_004_21": null, "P11_004_22": null, "P11_004_23": null, "P11_004_24": null, "P11_004_25": null, "P11_004_26": null, "P11_004_27": null, "P11_004_28": null, "P11_004_29": null, "P11_004_30": null, "P11_004_31": null, "P11_004_32": null, "P11_004_33": null, "P11_004_34": null, "P11_004_35": null, "P11_005": null, "nearest_node": "(139.42072452842643, 35.38053860016477)", "centrality": 0.000178746983644651, "community": 5, "size": 10.042211969751214 }, "geometry": { "type": "Point", "coordinates": [ 139.420724528426433, 35.380538600164769 ] } },
{ "type": "Feature", "properties": { "P11_001": "芹沢中部下", "P11_002": "神奈川中央交通（株）", "P11_003_01": "北部循環市立病院線", "P11_003_02": null, "P11_003_03": null, "P11_003_04": null, "P11_003_05": null, "P11_003_06": null, "P11_003_07": null, "P11_003_08": null, "P11_003_09": null, "P11_003_10": null, "P11_003_11": null, "P11_003_12": null, "P11_003_13": null, "P11_003_14": null, "P11_003_15": null, "P11_003_16": null, "P11_003_17": null, "P11_003_18": null, "P11_003_19": null, "P11_003_20": null, "P11_003_21": null, "P11_003_22": null, "P11_003_23": null, "P11_003_24": null, "P11_003_25": null, "P11_003_26": null, "P11_003_27": null, "P11_003_28": null, "P11_003_29": null, "P11_003_30": null, "P11_003_31": null, "P11_003_32": null, "P11_003_33": null, "P11_003_34": null, "P11_003_35": null, "P11_004_01": "1", "P11_004_02": null, "P11_004_03": null, "P11_004_04": null, "P11_004_05": null, "P11_004_06": null, "P11_004_07": null, "P11_004_08": null, "P11_004_09": null, "P11_004_10": null, "P11_004_11": null, "P11_004_12": null, "P11_004_13": null, "P11_004_14": null, "P11_004_15": null, "P11_004_16": null, "P11_004_17": null, "P11_004_18": null, "P11_004_19": null, "P11_004_20": null, "P11_004_21": null, "P11_004_22": null, "P11_004_23": null, "P11_004_24": null, "P11_004_25": null, "P11_004_26": null, "P11_004_27": null, "P11_004_28": null, "P11_004_29": null, "P11_004_30": null, "P11_004_31": null, "P11_004_32": null, "P11_004_33": null, "P11_004_34": null, "P11_004_35": null, "P11_005": null, "nearest_node": "(139.42075812005368, 35.37842851749533)", "centrality": 0.0058629010635445527, "community": 5, "size": 11.384552607839858 }, "geometry": { "type": "Point", "coordinates": [ 139.420758120053677, 35.37842851749533 ] } },
{ "type": "Feature", "properties": { "P11_001": "芹沢スポーツ広場", "P11_002": "神奈川中央交通（株）", "P11_003_01": "北部循環市立病院線", "P11_003_02": null, "P11_003_03": null, "P11_003_04": null, "P11_003_05": null, "P11_003_06": null, "P11_003_07": null, "P11_003_08": null, "P11_003_09": null, "P11_003_10": null, "P11_003_11": null, "P11_003_12": null, "P11_003_13": null, "P11_003_14": null, "P11_003_15": null, "P11_003_16": null, "P11_003_17": null, "P11_003_18": null, "P11_003_19": null, "P11_003_20": null, "P11_003_21": null, "P11_003_22": null, "P11_003_23": null, "P11_003_24": null, "P11_003_25": null, "P11_003_26": null, "P11_003_27": null, "P11_003_28": null, "P11_003_29": null, "P11_003_30": null, "P11_003_31": null, "P11_003_32": null, "P11_003_33": null, "P11_003_34": null, "P11_003_35": null, "P11_004_01": "1", "P11_004_02": null, "P11_004_03": null, "P11_004_04": null, "P11_004_05": null, "P11_004_06": null, "P11_004_07": null, "P11_004_08": null, "P11_004_09": null, "P11_004_10": null, "P11_004_11": null, "P11_004_12": null, "P11_004_13": null, "P11_004_14": null, "P11_004_15": null, "P11_004_16": null, "P11_004_17": null, "P11_004_18": null, "P11_004_19": null, "P11_004_20": null, "P11_004_21": null, "P11_004_22": null, "P11_004_23": null, "P11_004_24": null, "P11_004_25": null, "P11_004_26": null, "P11_004_27": null, "P11_004_28": null, "P11_004_29": null, "P11_004_30": null, "P11_004_31": null, "P11_004_32": null, "P11_004_33": null, "P11_004_34": null, "P11_004_35": null, "P11_005": null, "nearest_node": "(139.42342771684196, 35.37752166827582)", "centrality": 0.011404057556528733, "community": 5, "size": 12.693123670127527 }, "geometry": { "type": "Point", "coordinates": [ 139.423427716841957, 35.377521668275818 ] } },
{ "type": "Feature", "properties": { "P11_001": "芹沢中部（善谷寺前）", "P11_002": "神奈川中央交通（株）", "P11_003_01": "北部循環市立病院線", "P11_003_02": null, "P11_003_03": null, "P11_003_04": null, "P11_003_05": null, "P11_003_06": null, "P11_003_07": null, "P11_003_08": null, "P11_003_09": null, "P11_003_10": null, "P11_003_11": null, "P11_003_12": null, "P11_003_13": null, "P11_003_14": null, "P11_003_15": null, "P11_003_16": null, "P11_003_17": null, "P11_003_18": null, "P11_003_19": null, "P11_003_20": null, "P11_003_21": null, "P11_003_22": null, "P11_003_23": null, "P11_003_24": null, "P11_003_25": null, "P11_003_26": null, "P11_003_27": null, "P11_003_28": null, "P11_003_29": null, "P11_003_30": null, "P11_003_31": null, "P11_003_32": null, "P11_003_33": null, "P11_003_34": null, "P11_003_35": null, "P11_004_01": "1", "P11_004_02": null, "P11_004_03": null, "P11_004_04": null, "P11_004_05": null, "P11_004_06": null, "P11_004_07": null, "P11_004_08": null, "P11_004_09": null, "P11_004_10": null, "P11_004_11": null, "P11_004_12": null, "P11_004_13": null, "P11_004_14": null, "P11_004_15": null, "P11_004_16": null, "P11_004_17": null, "P11_004_18": null, "P11_004_19": null, "P11_004_20": null, "P11_004_21": null, "P11_004_22": null, "P11_004_23": null, "P11_004_24": null, "P11_004_25": null, "P11_004_26": null, "P11_004_27": null, "P11_004_28": null, "P11_004_29": null, "P11_004_30": null, "P11_004_31": null, "P11_004_32": null, "P11_004_33": null, "P11_004_34": null, "P11_004_35": null, "P11_005": null, "nearest_node": "(139.42159553822222, 35.37586972059098)", "centrality": 0.011547055143444453, "community": 5, "size": 12.726893245928498 }, "geometry": { "type": "Point", "coordinates": [ 139.421595538222221, 35.375869720590977 ] } },
{ "type": "Feature", "properties": { "P11_001": "芹沢中部上", "P11_002": "神奈川中央交通（株）", "P11_003_01": "北部循環市立病院線", "P11_003_02": null, "P11_003_03": null, "P11_003_04": null, "P11_003_05": null, "P11_003_06": null, "P11_003_07": null, "P11_003_08": null, "P11_003_09": null, "P11_003_10": null, "P11_003_11": null, "P11_003_12": null, "P11_003_13": null, "P11_003_14": null, "P11_003_15": null, "P11_003_16": null, "P11_003_17": null, "P11_003_18": null, "P11_003_19": null, "P11_003_20": null, "P11_003_21": null, "P11_003_22": null, "P11_003_23": null, "P11_003_24": null, "P11_003_25": null, "P11_003_26": null, "P11_003_27": null, "P11_003_28": null, "P11_003_29": null, "P11_003_30": null, "P11_003_31": null, "P11_003_32": null, "P11_003_33": null, "P11_003_34": null, "P11_003_35": null, "P11_004_01": "1", "P11_004_02": null, "P11_004_03": null, "P11_004_04": null, "P11_004_05": null, "P11_004_06": null, "P11_004_07": null, "P11_004_08": null, "P11_004_09": null, "P11_004_10": null, "P11_004_11": null, "P11_004_12": null, "P11_004_13": null, "P11_004_14": null, "P11_004_15": null, "P11_004_16": null, "P11_004_17": null, "P11_004_18": null, "P11_004_19": null, "P11_004_20": null, "P11_004_21": null, "P11_004_22": null, "P11_004_23": null, "P11_004_24": null, "P11_004_25": null, "P11_004_26": null, "P11_004_27": null, "P11_004_28": null, "P11_004_29": null, "P11_004_30": null, "P11_004_31": null, "P11_004_32": null, "P11_004_33": null, "P11_004_34": null, "P11_004_35": null, "P11_005": null, "nearest_node": "(139.42233769343017, 35.373855038032595)", "centrality": 0.030203970169114507, "community": 5, "size": 17.132814490900191 }, "geometry": { "type": "Point", "coordinates": [ 139.422337693430165, 35.373855038032595 ] } },
{ "type": "Feature", "properties": { "P11_001": "芹沢清水台上", "P11_002": "神奈川中央交通（株）", "P11_003_01": "北部循環市立病院線", "P11_003_02": null, "P11_003_03": null, "P11_003_04": null, "P11_003_05": null, "P11_003_06": null, "P11_003_07": null, "P11_003_08": null, "P11_003_09": null, "P11_003_10": null, "P11_003_11": null, "P11_003_12": null, "P11_003_13": null, "P11_003_14": null, "P11_003_15": null, "P11_003_16": null, "P11_003_17": null, "P11_003_18": null, "P11_003_19": null, "P11_003_20": null, "P11_003_21": null, "P11_003_22": null, "P11_003_23": null, "P11_003_24": null, "P11_003_25": null, "P11_003_26": null, "P11_003_27": null, "P11_003_28": null, "P11_003_29": null, "P11_003_30": null, "P11_003_31": null, "P11_003_32": null, "P11_003_33": null, "P11_003_34": null, "P11_003_35": null, "P11_004_01": "1", "P11_004_02": null, "P11_004_03": null, "P11_004_04": null, "P11_004_05": null, "P11_004_06": null, "P11_004_07": null, "P11_004_08": null, "P11_004_09": null, "P11_004_10": null, "P11_004_11": null, "P11_004_12": null, "P11_004_13": null, "P11_004_14": null, "P11_004_15": null, "P11_004_16": null, "P11_004_17": null, "P11_004_18": null, "P11_004_19": null, "P11_004_20": null, "P11_004_21": null, "P11_004_22": null, "P11_004_23": null, "P11_004_24": null, "P11_004_25": null, "P11_004_26": null, "P11_004_27": null, "P11_004_28": null, "P11_004_29": null, "P11_004_30": null, "P11_004_31": null, "P11_004_32": null, "P11_004_33": null, "P11_004_34": null, "P11_004_35": null, "P11_005": null, "nearest_node": "(139.42384180742667, 35.37374716632742)", "centrality": 0.017088211636428634, "community": 5, "size": 14.035464308216168 }, "geometry": { "type": "Point", "coordinates": [ 139.423841807426669, 35.373747166327419 ] } },
{ "type": "Feature", "properties": { "P11_001": "里山公園平成の森前", "P11_002": "神奈川中央交通（株）", "P11_003_01": "北部循環市立病院線", "P11_003_02": null, "P11_003_03": null, "P11_003_04": null, "P11_003_05": null, "P11_003_06": null, "P11_003_07": null, "P11_003_08": null, "P11_003_09": null, "P11_003_10": null, "P11_003_11": null, "P11_003_12": null, "P11_003_13": null, "P11_003_14": null, "P11_003_15": null, "P11_003_16": null, "P11_003_17": null, "P11_003_18": null, "P11_003_19": null, "P11_003_20": null, "P11_003_21": null, "P11_003_22": null, "P11_003_23": null, "P11_003_24": null, "P11_003_25": null, "P11_003_26": null, "P11_003_27": null, "P11_003_28": null, "P11_003_29": null, "P11_003_30": null, "P11_003_31": null, "P11_003_32": null, "P11_003_33": null, "P11_003_34": null, "P11_003_35": null, "P11_004_01": "1", "P11_004_02": null, "P11_004_03": null, "P11_004_04": null, "P11_004_05": null, "P11_004_06": null, "P11_004_07": null, "P11_004_08": null, "P11_004_09": null, "P11_004_10": null, "P11_004_11": null, "P11_004_12": null, "P11_004_13": null, "P11_004_14": null, "P11_004_15": null, "P11_004_16": null, "P11_004_17": null, "P11_004_18": null, "P11_004_19": null, "P11_004_20": null, "P11_004_21": null, "P11_004_22": null, "P11_004_23": null, "P11_004_24": null, "P11_004_25": null, "P11_004_26": null, "P11_004_27": null, "P11_004_28": null, "P11_004_29": null, "P11_004_30": null, "P11_004_31": null, "P11_004_32": null, "P11_004_33": null, "P11_004_34": null, "P11_004_35": null, "P11_005": null, "nearest_node": "(139.41636066291986, 35.373464866442006)", "centrality": 0.0032191338715603615, "community": 5, "size": 10.760214124125078 }, "geometry": { "type": "Point", "coordinates": [ 139.416360662919857, 35.373464866442006 ] } },
{ "type": "Feature", "properties": { "P11_001": "里山公園", "P11_002": "神奈川中央交通（株）", "P11_003_01": "北部循環市立病院線", "P11_003_02": null, "P11_003_03": null, "P11_003_04": null, "P11_003_05": null, "P11_003_06": null, "P11_003_07": null, "P11_003_08": null, "P11_003_09": null, "P11_003_10": null, "P11_003_11": null, "P11_003_12": null, "P11_003_13": null, "P11_003_14": null, "P11_003_15": null, "P11_003_16": null, "P11_003_17": null, "P11_003_18": null, "P11_003_19": null, "P11_003_20": null, "P11_003_21": null, "P11_003_22": null, "P11_003_23": null, "P11_003_24": null, "P11_003_25": null, "P11_003_26": null, "P11_003_27": null, "P11_003_28": null, "P11_003_29": null, "P11_003_30": null, "P11_003_31": null, "P11_003_32": null, "P11_003_33": null, "P11_003_34": null, "P11_003_35": null, "P11_004_01": "1", "P11_004_02": null, "P11_004_03": null, "P11_004_04": null, "P11_004_05": null, "P11_004_06": null, "P11_004_07": null, "P11_004_08": null, "P11_004_09": null, "P11_004_10": null, "P11_004_11": null, "P11_004_12": null, "P11_004_13": null, "P11_004_14": null, "P11_004_15": null, "P11_004_16": null, "P11_004_17": null, "P11_004_18": null, "P11_004_19": null, "P11_004_20": null, "P11_004_21": null, "P11_004_22": null, "P11_004_23": null, "P11_004_24": null, "P11_004_25": null, "P11_004_26": null, "P11_004_27": null, "P11_004_28": null, "P11_004_29": null, "P11_004_30": null, "P11_004_31": null, "P11_004_32": null, "P11_004_33": null, "P11_004_34": null, "P11_004_35": null, "P11_005": null, "nearest_node": "(139.41921278313652, 35.37315971349998)", "centrality": 0.0079901887766755039, "community": 5, "size": 11.886921950067929 }, "geometry": { "type": "Point", "coordinates": [ 139.419212783136516, 35.37315971349998 ] } },
{ "type": "Feature", "properties": { "P11_001": "里山公園西駐車場前", "P11_002": "神奈川中央交通（株）", "P11_003_01": "北部循環市立病院線", "P11_003_02": null, "P11_003_03": null, "P11_003_04": null, "P11_003_05": null, "P11_003_06": null, "P11_003_07": null, "P11_003_08": null, "P11_003_09": null, "P11_003_10": null, "P11_003_11": null, "P11_003_12": null, "P11_003_13": null, "P11_003_14": null, "P11_003_15": null, "P11_003_16": null, "P11_003_17": null, "P11_003_18": null, "P11_003_19": null, "P11_003_20": null, "P11_003_21": null, "P11_003_22": null, "P11_003_23": null, "P11_003_24": null, "P11_003_25": null, "P11_003_26": null, "P11_003_27": null, "P11_003_28": null, "P11_003_29": null, "P11_003_30": null, "P11_003_31": null, "P11_003_32": null, "P11_003_33": null, "P11_003_34": null, "P11_003_35": null, "P11_004_01": "1", "P11_004_02": null, "P11_004_03": null, "P11_004_04": null, "P11_004_05": null, "P11_004_06": null, "P11_004_07": null, "P11_004_08": null, "P11_004_09": null, "P11_004_10": null, "P11_004_11": null, "P11_004_12": null, "P11_004_13": null, "P11_004_14": null, "P11_004_15": null, "P11_004_16": null, "P11_004_17": null, "P11_004_18": null, "P11_004_19": null, "P11_004_20": null, "P11_004_21": null, "P11_004_22": null, "P11_004_23": null, "P11_004_24": null, "P11_004_25": null, "P11_004_26": null, "P11_004_27": null, "P11_004_28": null, "P11_004_29": null, "P11_004_30": null, "P11_004_31": null, "P11_004_32": null, "P11_004_33": null, "P11_004_34": null, "P11_004_35": null, "P11_005": null, "nearest_node": "(139.4143268314339, 35.373053237618784)", "centrality": 0.0012348437453451305, "community": 5, "size": 10.291614357697977 }, "geometry": { "type": "Point", "coordinates": [ 139.414326831433897, 35.373053237618784 ] } },
{ "type": "Feature", "properties": { "P11_001": "小出小学校西", "P11_002": "神奈川中央交通（株）", "P11_003_01": "北部循環市立病院線", "P11_003_02": null, "P11_003_03": null, "P11_003_04": null, "P11_003_05": null, "P11_003_06": null, "P11_003_07": null, "P11_003_08": null, "P11_003_09": null, "P11_003_10": null, "P11_003_11": null, "P11_003_12": null, "P11_003_13": null, "P11_003_14": null, "P11_003_15": null, "P11_003_16": null, "P11_003_17": null, "P11_003_18": null, "P11_003_19": null, "P11_003_20": null, "P11_003_21": null, "P11_003_22": null, "P11_003_23": null, "P11_003_24": null, "P11_003_25": null, "P11_003_26": null, "P11_003_27": null, "P11_003_28": null, "P11_003_29": null, "P11_003_30": null, "P11_003_31": null, "P11_003_32": null, "P11_003_33": null, "P11_003_34": null, "P11_003_35": null, "P11_004_01": "1", "P11_004_02": null, "P11_004_03": null, "P11_004_04": null, "P11_004_05": null, "P11_004_06": null, "P11_004_07": null, "P11_004_08": null, "P11_004_09": null, "P11_004_10": null, "P11_004_11": null, "P11_004_12": null, "P11_004_13": null, "P11_004_14": null, "P11_004_15": null, "P11_004_16": null, "P11_004_17": null, "P11_004_18": null, "P11_004_19": null, "P11_004_20": null, "P11_004_21": null, "P11_004_22": null, "P11_004_23": null, "P11_004_24": null, "P11_004_25": null, "P11_004_26": null, "P11_004_27": null, "P11_004_28": null, "P11_004_29": null, "P11_004_30": null, "P11_004_31": null, "P11_004_32": null, "P11_004_33": null, "P11_004_34": null, "P11_004_35": null, "P11_005": null, "nearest_node": "(139.42250765032838, 35.37187390089254)", "centrality": 0.057838253840577544, "community": 5, "size": 23.658785014438052 }, "geometry": { "type": "Point", "coordinates": [ 139.422507650328384, 35.371873900892538 ] } },
{ "type": "Feature", "properties": { "P11_001": "芹沢入口", "P11_002": "神奈川中央交通（株）", "P11_003_01": "茅50,湘17", "P11_003_02": null, "P11_003_03": null, "P11_003_04": null, "P11_003_05": null, "P11_003_06": null, "P11_003_07": null, "P11_003_08": null, "P11_003_09": null, "P11_003_10": null, "P11_003_11": null, "P11_003_12": null, "P11_003_13": null, "P11_003_14": null, "P11_003_15": null, "P11_003_16": null, "P11_003_17": null, "P11_003_18": null, "P11_003_19": null, "P11_003_20": null, "P11_003_21": null, "P11_003_22": null, "P11_003_23": null, "P11_003_24": null, "P11_003_25": null, "P11_003_26": null, "P11_003_27": null, "P11_003_28": null, "P11_003_29": null, "P11_003_30": null, "P11_003_31": null, "P11_003_32": null, "P11_003_33": null, "P11_003_34": null, "P11_003_35": null, "P11_004_01": "1,1", "P11_004_02": null, "P11_004_03": null, "P11_004_04": null, "P11_004_05": null, "P11_004_06": null, "P11_004_07": null, "P11_004_08": null, "P11_004_09": null, "P11_004_10": null, "P11_004_11": null, "P11_004_12": null, "P11_004_13": null, "P11_004_14": null, "P11_004_15": null, "P11_004_16": null, "P11_004_17": null, "P11_004_18": null, "P11_004_19": null, "P11_004_20": null, "P11_004_21": null, "P11_004_22": null, "P11_004_23": null, "P11_004_24": null, "P11_004_25": null, "P11_004_26": null, "P11_004_27": null, "P11_004_28": null, "P11_004_29": null, "P11_004_30": null, "P11_004_31": null, "P11_004_32": null, "P11_004_33": null, "P11_004_34": null, "P11_004_35": null, "P11_005": null, "nearest_node": "(139.42101907016962, 35.37117933837673)", "centrality": 0.038876177992274163, "community": 5, "size": 19.180798556663316 }, "geometry": { "type": "Point", "coordinates": [ 139.421019070169621, 35.371179338376727 ] } },
{ "type": "Feature", "properties": { "P11_001": "小出小学校前", "P11_002": "神奈川中央交通（株）", "P11_003_01": "茅50,湘17,北部循環市立病院線", "P11_003_02": null, "P11_003_03": null, "P11_003_04": null, "P11_003_05": null, "P11_003_06": null, "P11_003_07": null, "P11_003_08": null, "P11_003_09": null, "P11_003_10": null, "P11_003_11": null, "P11_003_12": null, "P11_003_13": null, "P11_003_14": null, "P11_003_15": null, "P11_003_16": null, "P11_003_17": null, "P11_003_18": null, "P11_003_19": null, "P11_003_20": null, "P11_003_21": null, "P11_003_22": null, "P11_003_23": null, "P11_003_24": null, "P11_003_25": null, "P11_003_26": null, "P11_003_27": null, "P11_003_28": null, "P11_003_29": null, "P11_003_30": null, "P11_003_31": null, "P11_003_32": null, "P11_003_33": null, "P11_003_34": null, "P11_003_35": null, "P11_004_01": "1,1,1", "P11_004_02": null, "P11_004_03": null, "P11_004_04": null, "P11_004_05": null, "P11_004_06": null, "P11_004_07": null, "P11_004_08": null, "P11_004_09": null, "P11_004_10": null, "P11_004_11": null, "P11_004_12": null, "P11_004_13": null, "P11_004_14": null, "P11_004_15": null, "P11_004_16": null, "P11_004_17": null, "P11_004_18": null, "P11_004_19": null, "P11_004_20": null, "P11_004_21": null, "P11_004_22": null, "P11_004_23": null, "P11_004_24": null, "P11_004_25": null, "P11_004_26": null, "P11_004_27": null, "P11_004_28": null, "P11_004_29": null, "P11_004_30": null, "P11_004_31": null, "P11_004_32": null, "P11_004_33": null, "P11_004_34": null, "P11_004_35": null, "P11_005": null, "nearest_node": "(139.4232365048194, 35.37108297006077)", "centrality": 0.099377761889156993, "community": 5, "size": 33.468541920394472 }, "geometry": { "type": "Point", "coordinates": [ 139.423236504819414, 35.371082970060769 ] } },
{ "type": "Feature", "properties": { "P11_001": "行谷", "P11_002": "神奈川中央交通（株）", "P11_003_01": "北部循環市立病院線", "P11_003_02": null, "P11_003_03": null, "P11_003_04": null, "P11_003_05": null, "P11_003_06": null, "P11_003_07": null, "P11_003_08": null, "P11_003_09": null, "P11_003_10": null, "P11_003_11": null, "P11_003_12": null, "P11_003_13": null, "P11_003_14": null, "P11_003_15": null, "P11_003_16": null, "P11_003_17": null, "P11_003_18": null, "P11_003_19": null, "P11_003_20": null, "P11_003_21": null, "P11_003_22": null, "P11_003_23": null, "P11_003_24": null, "P11_003_25": null, "P11_003_26": null, "P11_003_27": null, "P11_003_28": null, "P11_003_29": null, "P11_003_30": null, "P11_003_31": null, "P11_003_32": null, "P11_003_33": null, "P11_003_34": null, "P11_003_35": null, "P11_004_01": "1", "P11_004_02": null, "P11_004_03": null, "P11_004_04": null, "P11_004_05": null, "P11_004_06": null, "P11_004_07": null, "P11_004_08": null, "P11_004_09": null, "P11_004_10": null, "P11_004_11": null, "P11_004_12": null, "P11_004_13": null, "P11_004_14": null, "P11_004_15": null, "P11_004_16": null, "P11_004_17": null, "P11_004_18": null, "P11_004_19": null, "P11_004_20": null, "P11_004_21": null, "P11_004_22": null, "P11_004_23": null, "P11_004_24": null, "P11_004_25": null, "P11_004_26": null, "P11_004_27": null, "P11_004_28": null, "P11_004_29": null, "P11_004_30": null, "P11_004_31": null, "P11_004_32": null, "P11_004_33": null, "P11_004_34": null, "P11_004_35": null, "P11_005": null, "nearest_node": "(139.41424676830417, 35.37047449916594)", "centrality": 0.0042226988808452739, "community": 5, "size": 10.997210883183845 }, "geometry": { "type": "Point", "coordinates": [ 139.414246768304167, 35.370474499165937 ] } },
{ "type": "Feature", "properties": { "P11_001": "小出二本松", "P11_002": "神奈川中央交通（株）", "P11_003_01": "湘11,茅03,茅50,北部循環市立病院線", "P11_003_02": null, "P11_003_03": null, "P11_003_04": null, "P11_003_05": null, "P11_003_06": null, "P11_003_07": null, "P11_003_08": null, "P11_003_09": null, "P11_003_10": null, "P11_003_11": null, "P11_003_12": null, "P11_003_13": null, "P11_003_14": null, "P11_003_15": null, "P11_003_16": null, "P11_003_17": null, "P11_003_18": null, "P11_003_19": null, "P11_003_20": null, "P11_003_21": null, "P11_003_22": null, "P11_003_23": null, "P11_003_24": null, "P11_003_25": null, "P11_003_26": null, "P11_003_27": null, "P11_003_28": null, "P11_003_29": null, "P11_003_30": null, "P11_003_31": null, "P11_003_32": null, "P11_003_33": null, "P11_003_34": null, "P11_003_35": null, "P11_004_01": "1,1,1,1", "P11_004_02": null, "P11_004_03": null, "P11_004_04": null, "P11_004_05": null, "P11_004_06": null, "P11_004_07": null, "P11_004_08": null, "P11_004_09": null, "P11_004_10": null, "P11_004_11": null, "P11_004_12": null, "P11_004_13": null, "P11_004_14": null, "P11_004_15": null, "P11_004_16": null, "P11_004_17": null, "P11_004_18": null, "P11_004_19": null, "P11_004_20": null, "P11_004_21": null, "P11_004_22": null, "P11_004_23": null, "P11_004_24": null, "P11_004_25": null, "P11_004_26": null, "P11_004_27": null, "P11_004_28": null, "P11_004_29": null, "P11_004_30": null, "P11_004_31": null, "P11_004_32": null, "P11_004_33": null, "P11_004_34": null, "P11_004_35": null, "P11_005": null, "nearest_node": "(139.4239511942639, 35.370178720519185)", "centrality": 0.15187575098559095, "community": 3, "size": 45.866197436326352 }, "geometry": { "type": "Point", "coordinates": [ 139.423951194263907, 35.370178720519185 ] } },
{ "type": "Feature", "properties": { "P11_001": "丸山大辻", "P11_002": "神奈川中央交通（株）", "P11_003_01": "藤39,茅03", "P11_003_02": null, "P11_003_03": null, "P11_003_04": null, "P11_003_05": null, "P11_003_06": null, "P11_003_07": null, "P11_003_08": null, "P11_003_09": null, "P11_003_10": null, "P11_003_11": null, "P11_003_12": null, "P11_003_13": null, "P11_003_14": null, "P11_003_15": null, "P11_003_16": null, "P11_003_17": null, "P11_003_18": null, "P11_003_19": null, "P11_003_20": null, "P11_003_21": null, "P11_003_22": null, "P11_003_23": null, "P11_003_24": null, "P11_003_25": null, "P11_003_26": null, "P11_003_27": null, "P11_003_28": null, "P11_003_29": null, "P11_003_30": null, "P11_003_31": null, "P11_003_32": null, "P11_003_33": null, "P11_003_34": null, "P11_003_35": null, "P11_004_01": "1,1", "P11_004_02": null, "P11_004_03": null, "P11_004_04": null, "P11_004_05": null, "P11_004_06": null, "P11_004_07": null, "P11_004_08": null, "P11_004_09": null, "P11_004_10": null, "P11_004_11": null, "P11_004_12": null, "P11_004_13": null, "P11_004_14": null, "P11_004_15": null, "P11_004_16": null, "P11_004_17": null, "P11_004_18": null, "P11_004_19": null, "P11_004_20": null, "P11_004_21": null, "P11_004_22": null, "P11_004_23": null, "P11_004_24": null, "P11_004_25": null, "P11_004_26": null, "P11_004_27": null, "P11_004_28": null, "P11_004_29": null, "P11_004_30": null, "P11_004_31": null, "P11_004_32": null, "P11_004_33": null, "P11_004_34": null, "P11_004_35": null, "P11_005": null, "nearest_node": "(139.4289385725667, 35.37017932952177)", "centrality": 0.034319420859772992, "community": 1, "size": 18.104698192233307 }, "geometry": { "type": "Point", "coordinates": [ 139.428938572566693, 35.370179329521768 ] } },
{ "type": "Feature", "properties": { "P11_001": "文教大学", "P11_002": "神奈川中央交通（株）", "P11_003_01": "茅50,湘17,湘18,茅26,北部循環市立病院線", "P11_003_02": null, "P11_003_03": null, "P11_003_04": null, "P11_003_05": null, "P11_003_06": null, "P11_003_07": null, "P11_003_08": null, "P11_003_09": null, "P11_003_10": null, "P11_003_11": null, "P11_003_12": null, "P11_003_13": null, "P11_003_14": null, "P11_003_15": null, "P11_003_16": null, "P11_003_17": null, "P11_003_18": null, "P11_003_19": null, "P11_003_20": null, "P11_003_21": null, "P11_003_22": null, "P11_003_23": null, "P11_003_24": null, "P11_003_25": null, "P11_003_26": null, "P11_003_27": null, "P11_003_28": null, "P11_003_29": null, "P11_003_30": null, "P11_003_31": null, "P11_003_32": null, "P11_003_33": null, "P11_003_34": null, "P11_003_35": null, "P11_004_01": "1,1,1,1,1", "P11_004_02": null, "P11_004_03": null, "P11_004_04": null, "P11_004_05": null, "P11_004_06": null, "P11_004_07": null, "P11_004_08": null, "P11_004_09": null, "P11_004_10": null, "P11_004_11": null, "P11_004_12": null, "P11_004_13": null, "P11_004_14": null, "P11_004_15": null, "P11_004_16": null, "P11_004_17": null, "P11_004_18": null, "P11_004_19": null, "P11_004_20": null, "P11_004_21": null, "P11_004_22": null, "P11_004_23": null, "P11_004_24": null, "P11_004_25": null, "P11_004_26": null, "P11_004_27": null, "P11_004_28": null, "P11_004_29": null, "P11_004_30": null, "P11_004_31": null, "P11_004_32": null, "P11_004_33": null, "P11_004_34": null, "P11_004_35": null, "P11_005": null, "nearest_node": "(139.4160944054559, 35.36872836756153)", "centrality": 0.0, "community": 5, "size": 10.0 }, "geometry": { "type": "Point", "coordinates": [ 139.416094405455908, 35.36872836756153 ] } },
{ "type": "Feature", "properties": { "P11_001": "ライフタウン入口", "P11_002": "神奈川中央交通（株）", "P11_003_01": "藤39,茅03", "P11_003_02": null, "P11_003_03": null, "P11_003_04": null, "P11_003_05": null, "P11_003_06": null, "P11_003_07": null, "P11_003_08": null, "P11_003_09": null, "P11_003_10": null, "P11_003_11": null, "P11_003_12": null, "P11_003_13": null, "P11_003_14": null, "P11_003_15": null, "P11_003_16": null, "P11_003_17": null, "P11_003_18": null, "P11_003_19": null, "P11_003_20": null, "P11_003_21": null, "P11_003_22": null, "P11_003_23": null, "P11_003_24": null, "P11_003_25": null, "P11_003_26": null, "P11_003_27": null, "P11_003_28": null, "P11_003_29": null, "P11_003_30": null, "P11_003_31": null, "P11_003_32": null, "P11_003_33": null, "P11_003_34": null, "P11_003_35": null, "P11_004_01": "1,1", "P11_004_02": null, "P11_004_03": null, "P11_004_04": null, "P11_004_05": null, "P11_004_06": null, "P11_004_07": null, "P11_004_08": null, "P11_004_09": null, "P11_004_10": null, "P11_004_11": null, "P11_004_12": null, "P11_004_13": null, "P11_004_14": null, "P11_004_15": null, "P11_004_16": null, "P11_004_17": null, "P11_004_18": null, "P11_004_19": null, "P11_004_20": null, "P11_004_21": null, "P11_004_22": null, "P11_004_23": null, "P11_004_24": null, "P11_004_25": null, "P11_004_26": null, "P11_004_27": null, "P11_004_28": null, "P11_004_29": null, "P11_004_30": null, "P11_004_31": null, "P11_004_32": null, "P11_004_33": null, "P11_004_34": null, "P11_004_35": null, "P11_005": null, "nearest_node": "(139.4317560159391, 35.36850632687049)", "centrality": 0.028688890874966483, "community": 1, "size": 16.775021145070031 }, "geometry": { "type": "Point", "coordinates": [ 139.431756015939101, 35.368506326870488 ] } },
{ "type": "Feature", "properties": { "P11_001": "茅ヶ崎新北陵病院", "P11_002": "神奈川中央交通（株）", "P11_003_01": "茅26,北部循環市立病院線", "P11_003_02": null, "P11_003_03": null, "P11_003_04": null, "P11_003_05": null, "P11_003_06": null, "P11_003_07": null, "P11_003_08": null, "P11_003_09": null, "P11_003_10": null, "P11_003_11": null, "P11_003_12": null, "P11_003_13": null, "P11_003_14": null, "P11_003_15": null, "P11_003_16": null, "P11_003_17": null, "P11_003_18": null, "P11_003_19": null, "P11_003_20": null, "P11_003_21": null, "P11_003_22": null, "P11_003_23": null, "P11_003_24": null, "P11_003_25": null, "P11_003_26": null, "P11_003_27": null, "P11_003_28": null, "P11_003_29": null, "P11_003_30": null, "P11_003_31": null, "P11_003_32": null, "P11_003_33": null, "P11_003_34": null, "P11_003_35": null, "P11_004_01": "1,1", "P11_004_02": null, "P11_004_03": null, "P11_004_04": null, "P11_004_05": null, "P11_004_06": null, "P11_004_07": null, "P11_004_08": null, "P11_004_09": null, "P11_004_10": null, "P11_004_11": null, "P11_004_12": null, "P11_004_13": null, "P11_004_14": null, "P11_004_15": null, "P11_004_16": null, "P11_004_17": null, "P11_004_18": null, "P11_004_19": null, "P11_004_20": null, "P11_004_21": null, "P11_004_22": null, "P11_004_23": null, "P11_004_24": null, "P11_004_25": null, "P11_004_26": null, "P11_004_27": null, "P11_004_28": null, "P11_004_29": null, "P11_004_30": null, "P11_004_31": null, "P11_004_32": null, "P11_004_33": null, "P11_004_34": null, "P11_004_35": null, "P11_005": null, "nearest_node": "(139.41363272664307, 35.367400745964076)", "centrality": 0.011001479627809056, "community": 3, "size": 12.598052933810067 }, "geometry": { "type": "Point", "coordinates": [ 139.413632726643073, 35.367400745964076 ] } },
{ "type": "Feature", "properties": { "P11_001": "北方", "P11_002": "神奈川中央交通（株）", "P11_003_01": "茅26", "P11_003_02": null, "P11_003_03": null, "P11_003_04": null, "P11_003_05": null, "P11_003_06": null, "P11_003_07": null, "P11_003_08": null, "P11_003_09": null, "P11_003_10": null, "P11_003_11": null, "P11_003_12": null, "P11_003_13": null, "P11_003_14": null, "P11_003_15": null, "P11_003_16": null, "P11_003_17": null, "P11_003_18": null, "P11_003_19": null, "P11_003_20": null, "P11_003_21": null, "P11_003_22": null, "P11_003_23": null, "P11_003_24": null, "P11_003_25": null, "P11_003_26": null, "P11_003_27": null, "P11_003_28": null, "P11_003_29": null, "P11_003_30": null, "P11_003_31": null, "P11_003_32": null, "P11_003_33": null, "P11_003_34": null, "P11_003_35": null, "P11_004_01": "1", "P11_004_02": null, "P11_004_03": null, "P11_004_04": null, "P11_004_05": null, "P11_004_06": null, "P11_004_07": null, "P11_004_08": null, "P11_004_09": null, "P11_004_10": null, "P11_004_11": null, "P11_004_12": null, "P11_004_13": null, "P11_004_14": null, "P11_004_15": null, "P11_004_16": null, "P11_004_17": null, "P11_004_18": null, "P11_004_19": null, "P11_004_20": null, "P11_004_21": null, "P11_004_22": null, "P11_004_23": null, "P11_004_24": null, "P11_004_25": null, "P11_004_26": null, "P11_004_27": null, "P11_004_28": null, "P11_004_29": null, "P11_004_30": null, "P11_004_31": null, "P11_004_32": null, "P11_004_33": null, "P11_004_34": null, "P11_004_35": null, "P11_005": null, "nearest_node": "(139.40548540791676, 35.36713158866396)", "centrality": 0.0058092769684511573, "community": 3, "size": 11.371889016914492 }, "geometry": { "type": "Point", "coordinates": [ 139.405485407916757, 35.367131588663959 ] } },
{ "type": "Feature", "properties": { "P11_001": "堤羽根沢", "P11_002": "神奈川中央交通（株）", "P11_003_01": "藤15,藤39,辻28,辻29", "P11_003_02": null, "P11_003_03": null, "P11_003_04": null, "P11_003_05": null, "P11_003_06": null, "P11_003_07": null, "P11_003_08": null, "P11_003_09": null, "P11_003_10": null, "P11_003_11": null, "P11_003_12": null, "P11_003_13": null, "P11_003_14": null, "P11_003_15": null, "P11_003_16": null, "P11_003_17": null, "P11_003_18": null, "P11_003_19": null, "P11_003_20": null, "P11_003_21": null, "P11_003_22": null, "P11_003_23": null, "P11_003_24": null, "P11_003_25": null, "P11_003_26": null, "P11_003_27": null, "P11_003_28": null, "P11_003_29": null, "P11_003_30": null, "P11_003_31": null, "P11_003_32": null, "P11_003_33": null, "P11_003_34": null, "P11_003_35": null, "P11_004_01": "1,1,1,1", "P11_004_02": null, "P11_004_03": null, "P11_004_04": null, "P11_004_05": null, "P11_004_06": null, "P11_004_07": null, "P11_004_08": null, "P11_004_09": null, "P11_004_10": null, "P11_004_11": null, "P11_004_12": null, "P11_004_13": null, "P11_004_14": null, "P11_004_15": null, "P11_004_16": null, "P11_004_17": null, "P11_004_18": null, "P11_004_19": null, "P11_004_20": null, "P11_004_21": null, "P11_004_22": null, "P11_004_23": null, "P11_004_24": null, "P11_004_25": null, "P11_004_26": null, "P11_004_27": null, "P11_004_28": null, "P11_004_29": null, "P11_004_30": null, "P11_004_31": null, "P11_004_32": null, "P11_004_33": null, "P11_004_34": null, "P11_004_35": null, "P11_005": null, "nearest_node": "(139.43421490040882, 35.36682496154734)", "centrality": 0.011582804540173384, "community": 1, "size": 12.735335639878741 }, "geometry": { "type": "Point", "coordinates": [ 139.434214900408818, 35.366824961547337 ] } },
{ "type": "Feature", "properties": { "P11_001": "カトレアホーム・湘南さくら病院前", "P11_002": "神奈川中央交通（株）", "P11_003_01": "北部循環市立病院線", "P11_003_02": null, "P11_003_03": null, "P11_003_04": null, "P11_003_05": null, "P11_003_06": null, "P11_003_07": null, "P11_003_08": null, "P11_003_09": null, "P11_003_10": null, "P11_003_11": null, "P11_003_12": null, "P11_003_13": null, "P11_003_14": null, "P11_003_15": null, "P11_003_16": null, "P11_003_17": null, "P11_003_18": null, "P11_003_19": null, "P11_003_20": null, "P11_003_21": null, "P11_003_22": null, "P11_003_23": null, "P11_003_24": null, "P11_003_25": null, "P11_003_26": null, "P11_003_27": null, "P11_003_28": null, "P11_003_29": null, "P11_003_30": null, "P11_003_31": null, "P11_003_32": null, "P11_003_33": null, "P11_003_34": null, "P11_003_35": null, "P11_004_01": "1", "P11_004_02": null, "P11_004_03": null, "P11_004_04": null, "P11_004_05": null, "P11_004_06": null, "P11_004_07": null, "P11_004_08": null, "P11_004_09": null, "P11_004_10": null, "P11_004_11": null, "P11_004_12": null, "P11_004_13": null, "P11_004_14": null, "P11_004_15": null, "P11_004_16": null, "P11_004_17": null, "P11_004_18": null, "P11_004_19": null, "P11_004_20": null, "P11_004_21": null, "P11_004_22": null, "P11_004_23": null, "P11_004_24": null, "P11_004_25": null, "P11_004_26": null, "P11_004_27": null, "P11_004_28": null, "P11_004_29": null, "P11_004_30": null, "P11_004_31": null, "P11_004_32": null, "P11_004_33": null, "P11_004_34": null, "P11_004_35": null, "P11_005": null, "nearest_node": "(139.41116659121252, 35.36608509335413)", "centrality": 0.0249765146324267, "community": 3, "size": 15.898325435525908 }, "geometry": { "type": "Point", "coordinates": [ 139.41116659121252, 35.36608509335413 ] } },
{ "type": "Feature", "properties": { "P11_001": "北陽中学校入口", "P11_002": "神奈川中央交通（株）", "P11_003_01": "北部循環市立病院線", "P11_003_02": null, "P11_003_03": null, "P11_003_04": null, "P11_003_05": null, "P11_003_06": null, "P11_003_07": null, "P11_003_08": null, "P11_003_09": null, "P11_003_10": null, "P11_003_11": null, "P11_003_12": null, "P11_003_13": null, "P11_003_14": null, "P11_003_15": null, "P11_003_16": null, "P11_003_17": null, "P11_003_18": null, "P11_003_19": null, "P11_003_20": null, "P11_003_21": null, "P11_003_22": null, "P11_003_23": null, "P11_003_24": null, "P11_003_25": null, "P11_003_26": null, "P11_003_27": null, "P11_003_28": null, "P11_003_29": null, "P11_003_30": null, "P11_003_31": null, "P11_003_32": null, "P11_003_33": null, "P11_003_34": null, "P11_003_35": null, "P11_004_01": "1", "P11_004_02": null, "P11_004_03": null, "P11_004_04": null, "P11_004_05": null, "P11_004_06": null, "P11_004_07": null, "P11_004_08": null, "P11_004_09": null, "P11_004_10": null, "P11_004_11": null, "P11_004_12": null, "P11_004_13": null, "P11_004_14": null, "P11_004_15": null, "P11_004_16": null, "P11_004_17": null, "P11_004_18": null, "P11_004_19": null, "P11_004_20": null, "P11_004_21": null, "P11_004_22": null, "P11_004_23": null, "P11_004_24": null, "P11_004_25": null, "P11_004_26": null, "P11_004_27": null, "P11_004_28": null, "P11_004_29": null, "P11_004_30": null, "P11_004_31": null, "P11_004_32": null, "P11_004_33": null, "P11_004_34": null, "P11_004_35": null, "P11_005": null, "nearest_node": "(139.40931018868562, 35.36528111110472)", "centrality": 0.02974905909573888, "community": 3, "size": 17.025385027883353 }, "geometry": { "type": "Point", "coordinates": [ 139.409310188685623, 35.365281111104721 ] } },
{ "type": "Feature", "properties": { "P11_001": "堤坂下", "P11_002": "神奈川中央交通（株）", "P11_003_01": "湘11,茅03,茅50,北部循環市立病院線", "P11_003_02": null, "P11_003_03": null, "P11_003_04": null, "P11_003_05": null, "P11_003_06": null, "P11_003_07": null, "P11_003_08": null, "P11_003_09": null, "P11_003_10": null, "P11_003_11": null, "P11_003_12": null, "P11_003_13": null, "P11_003_14": null, "P11_003_15": null, "P11_003_16": null, "P11_003_17": null, "P11_003_18": null, "P11_003_19": null, "P11_003_20": null, "P11_003_21": null, "P11_003_22": null, "P11_003_23": null, "P11_003_24": null, "P11_003_25": null, "P11_003_26": null, "P11_003_27": null, "P11_003_28": null, "P11_003_29": null, "P11_003_30": null, "P11_003_31": null, "P11_003_32": null, "P11_003_33": null, "P11_003_34": null, "P11_003_35": null, "P11_004_01": "1,1,1,1", "P11_004_02": null, "P11_004_03": null, "P11_004_04": null, "P11_004_05": null, "P11_004_06": null, "P11_004_07": null, "P11_004_08": null, "P11_004_09": null, "P11_004_10": null, "P11_004_11": null, "P11_004_12": null, "P11_004_13": null, "P11_004_14": null, "P11_004_15": null, "P11_004_16": null, "P11_004_17": null, "P11_004_18": null, "P11_004_19": null, "P11_004_20": null, "P11_004_21": null, "P11_004_22": null, "P11_004_23": null, "P11_004_24": null, "P11_004_25": null, "P11_004_26": null, "P11_004_27": null, "P11_004_28": null, "P11_004_29": null, "P11_004_30": null, "P11_004_31": null, "P11_004_32": null, "P11_004_33": null, "P11_004_34": null, "P11_004_35": null, "P11_005": null, "nearest_node": "(139.42162129420902, 35.36495783477887)", "centrality": 0.20819892553202063, "community": 3, "size": 59.16718910493428 }, "geometry": { "type": "Point", "coordinates": [ 139.421621294209018, 35.36495783477887 ] } },
{ "type": "Feature", "properties": { "P11_001": "下寺尾", "P11_002": "神奈川中央交通（株）", "P11_003_01": "北部循環市立病院線", "P11_003_02": null, "P11_003_03": null, "P11_003_04": null, "P11_003_05": null, "P11_003_06": null, "P11_003_07": null, "P11_003_08": null, "P11_003_09": null, "P11_003_10": null, "P11_003_11": null, "P11_003_12": null, "P11_003_13": null, "P11_003_14": null, "P11_003_15": null, "P11_003_16": null, "P11_003_17": null, "P11_003_18": null, "P11_003_19": null, "P11_003_20": null, "P11_003_21": null, "P11_003_22": null, "P11_003_23": null, "P11_003_24": null, "P11_003_25": null, "P11_003_26": null, "P11_003_27": null, "P11_003_28": null, "P11_003_29": null, "P11_003_30": null, "P11_003_31": null, "P11_003_32": null, "P11_003_33": null, "P11_003_34": null, "P11_003_35": null, "P11_004_01": "1", "P11_004_02": null, "P11_004_03": null, "P11_004_04": null, "P11_004_05": null, "P11_004_06": null, "P11_004_07": null, "P11_004_08": null, "P11_004_09": null, "P11_004_10": null, "P11_004_11": null, "P11_004_12": null, "P11_004_13": null, "P11_004_14": null, "P11_004_15": null, "P11_004_16": null, "P11_004_17": null, "P11_004_18": null, "P11_004_19": null, "P11_004_20": null, "P11_004_21": null, "P11_004_22": null, "P11_004_23": null, "P11_004_24": null, "P11_004_25": null, "P11_004_26": null, "P11_004_27": null, "P11_004_28": null, "P11_004_29": null, "P11_004_30": null, "P11_004_31": null, "P11_004_32": null, "P11_004_33": null, "P11_004_34": null, "P11_004_35": null, "P11_005": null, "nearest_node": "(139.40429166199667, 35.36491864663406)", "centrality": 0.017737261794818313, "community": 6, "size": 14.188740660601688 }, "geometry": { "type": "Point", "coordinates": [ 139.404291661996666, 35.364918646634059 ] } },
{ "type": "Feature", "properties": { "P11_001": "みずき北", "P11_002": "神奈川中央交通（株）", "P11_003_01": "北部循環市立病院線", "P11_003_02": null, "P11_003_03": null, "P11_003_04": null, "P11_003_05": null, "P11_003_06": null, "P11_003_07": null, "P11_003_08": null, "P11_003_09": null, "P11_003_10": null, "P11_003_11": null, "P11_003_12": null, "P11_003_13": null, "P11_003_14": null, "P11_003_15": null, "P11_003_16": null, "P11_003_17": null, "P11_003_18": null, "P11_003_19": null, "P11_003_20": null, "P11_003_21": null, "P11_003_22": null, "P11_003_23": null, "P11_003_24": null, "P11_003_25": null, "P11_003_26": null, "P11_003_27": null, "P11_003_28": null, "P11_003_29": null, "P11_003_30": null, "P11_003_31": null, "P11_003_32": null, "P11_003_33": null, "P11_003_34": null, "P11_003_35": null, "P11_004_01": "1", "P11_004_02": null, "P11_004_03": null, "P11_004_04": null, "P11_004_05": null, "P11_004_06": null, "P11_004_07": null, "P11_004_08": null, "P11_004_09": null, "P11_004_10": null, "P11_004_11": null, "P11_004_12": null, "P11_004_13": null, "P11_004_14": null, "P11_004_15": null, "P11_004_16": null, "P11_004_17": null, "P11_004_18": null, "P11_004_19": null, "P11_004_20": null, "P11_004_21": null, "P11_004_22": null, "P11_004_23": null, "P11_004_24": null, "P11_004_25": null, "P11_004_26": null, "P11_004_27": null, "P11_004_28": null, "P11_004_29": null, "P11_004_30": null, "P11_004_31": null, "P11_004_32": null, "P11_004_33": null, "P11_004_34": null, "P11_004_35": null, "P11_005": null, "nearest_node": "(139.40579134998657, 35.36490060581639)", "centrality": 0.022563430353223907, "community": 6, "size": 15.328463843884503 }, "geometry": { "type": "Point", "coordinates": [ 139.405791349986572, 35.364900605816388 ] } },
{ "type": "Feature", "properties": { "P11_001": "湘南カントリークラブ前", "P11_002": "神奈川中央交通（株）", "P11_003_01": "藤15,藤39,辻28,辻29", "P11_003_02": null, "P11_003_03": null, "P11_003_04": null, "P11_003_05": null, "P11_003_06": null, "P11_003_07": null, "P11_003_08": null, "P11_003_09": null, "P11_003_10": null, "P11_003_11": null, "P11_003_12": null, "P11_003_13": null, "P11_003_14": null, "P11_003_15": null, "P11_003_16": null, "P11_003_17": null, "P11_003_18": null, "P11_003_19": null, "P11_003_20": null, "P11_003_21": null, "P11_003_22": null, "P11_003_23": null, "P11_003_24": null, "P11_003_25": null, "P11_003_26": null, "P11_003_27": null, "P11_003_28": null, "P11_003_29": null, "P11_003_30": null, "P11_003_31": null, "P11_003_32": null, "P11_003_33": null, "P11_003_34": null, "P11_003_35": null, "P11_004_01": "1,1,1,1", "P11_004_02": null, "P11_004_03": null, "P11_004_04": null, "P11_004_05": null, "P11_004_06": null, "P11_004_07": null, "P11_004_08": null, "P11_004_09": null, "P11_004_10": null, "P11_004_11": null, "P11_004_12": null, "P11_004_13": null, "P11_004_14": null, "P11_004_15": null, "P11_004_16": null, "P11_004_17": null, "P11_004_18": null, "P11_004_19": null, "P11_004_20": null, "P11_004_21": null, "P11_004_22": null, "P11_004_23": null, "P11_004_24": null, "P11_004_25": null, "P11_004_26": null, "P11_004_27": null, "P11_004_28": null, "P11_004_29": null, "P11_004_30": null, "P11_004_31": null, "P11_004_32": null, "P11_004_33": null, "P11_004_34": null, "P11_004_35": null, "P11_005": null, "nearest_node": "(139.436497274262, 35.36483318419866)", "centrality": 0.0058092769684511573, "community": 1, "size": 11.371889016914492 }, "geometry": { "type": "Point", "coordinates": [ 139.436497274261995, 35.364833184198659 ] } },
{ "type": "Feature", "properties": { "P11_001": "堤自治会館前", "P11_002": "神奈川中央交通（株）", "P11_003_01": "北部循環市立病院線", "P11_003_02": null, "P11_003_03": null, "P11_003_04": null, "P11_003_05": null, "P11_003_06": null, "P11_003_07": null, "P11_003_08": null, "P11_003_09": null, "P11_003_10": null, "P11_003_11": null, "P11_003_12": null, "P11_003_13": null, "P11_003_14": null, "P11_003_15": null, "P11_003_16": null, "P11_003_17": null, "P11_003_18": null, "P11_003_19": null, "P11_003_20": null, "P11_003_21": null, "P11_003_22": null, "P11_003_23": null, "P11_003_24": null, "P11_003_25": null, "P11_003_26": null, "P11_003_27": null, "P11_003_28": null, "P11_003_29": null, "P11_003_30": null, "P11_003_31": null, "P11_003_32": null, "P11_003_33": null, "P11_003_34": null, "P11_003_35": null, "P11_004_01": "1", "P11_004_02": null, "P11_004_03": null, "P11_004_04": null, "P11_004_05": null, "P11_004_06": null, "P11_004_07": null, "P11_004_08": null, "P11_004_09": null, "P11_004_10": null, "P11_004_11": null, "P11_004_12": null, "P11_004_13": null, "P11_004_14": null, "P11_004_15": null, "P11_004_16": null, "P11_004_17": null, "P11_004_18": null, "P11_004_19": null, "P11_004_20": null, "P11_004_21": null, "P11_004_22": null, "P11_004_23": null, "P11_004_24": null, "P11_004_25": null, "P11_004_26": null, "P11_004_27": null, "P11_004_28": null, "P11_004_29": null, "P11_004_30": null, "P11_004_31": null, "P11_004_32": null, "P11_004_33": null, "P11_004_34": null, "P11_004_35": null, "P11_005": null, "nearest_node": "(139.4203826902764, 35.364568563294355)", "centrality": 0.053534721601572972, "community": 3, "size": 22.642484940488938 }, "geometry": { "type": "Point", "coordinates": [ 139.420382690276398, 35.364568563294355 ] } },
{ "type": "Feature", "properties": { "P11_001": "みずき二丁目", "P11_002": "神奈川中央交通（株）", "P11_003_01": "茅19,茅82", "P11_003_02": null, "P11_003_03": null, "P11_003_04": null, "P11_003_05": null, "P11_003_06": null, "P11_003_07": null, "P11_003_08": null, "P11_003_09": null, "P11_003_10": null, "P11_003_11": null, "P11_003_12": null, "P11_003_13": null, "P11_003_14": null, "P11_003_15": null, "P11_003_16": null, "P11_003_17": null, "P11_003_18": null, "P11_003_19": null, "P11_003_20": null, "P11_003_21": null, "P11_003_22": null, "P11_003_23": null, "P11_003_24": null, "P11_003_25": null, "P11_003_26": null, "P11_003_27": null, "P11_003_28": null, "P11_003_29": null, "P11_003_30": null, "P11_003_31": null, "P11_003_32": null, "P11_003_33": null, "P11_003_34": null, "P11_003_35": null, "P11_004_01": "1,1", "P11_004_02": null, "P11_004_03": null, "P11_004_04": null, "P11_004_05": null, "P11_004_06": null, "P11_004_07": null, "P11_004_08": null, "P11_004_09": null, "P11_004_10": null, "P11_004_11": null, "P11_004_12": null, "P11_004_13": null, "P11_004_14": null, "P11_004_15": null, "P11_004_16": null, "P11_004_17": null, "P11_004_18": null, "P11_004_19": null, "P11_004_20": null, "P11_004_21": null, "P11_004_22": null, "P11_004_23": null, "P11_004_24": null, "P11_004_25": null, "P11_004_26": null, "P11_004_27": null, "P11_004_28": null, "P11_004_29": null, "P11_004_30": null, "P11_004_31": null, "P11_004_32": null, "P11_004_33": null, "P11_004_34": null, "P11_004_35": null, "P11_005": null, "nearest_node": "(139.4042727371805, 35.364422898961685)", "centrality": 0.018738244903228361, "community": 6, "size": 14.425127691208495 }, "geometry": { "type": "Point", "coordinates": [ 139.404272737180492, 35.364422898961685 ] } },
{ "type": "Feature", "properties": { "P11_001": "西方", "P11_002": "神奈川中央交通（株）", "P11_003_01": "茅19,茅82,北部循環市立病院線", "P11_003_02": null, "P11_003_03": null, "P11_003_04": null, "P11_003_05": null, "P11_003_06": null, "P11_003_07": null, "P11_003_08": null, "P11_003_09": null, "P11_003_10": null, "P11_003_11": null, "P11_003_12": null, "P11_003_13": null, "P11_003_14": null, "P11_003_15": null, "P11_003_16": null, "P11_003_17": null, "P11_003_18": null, "P11_003_19": null, "P11_003_20": null, "P11_003_21": null, "P11_003_22": null, "P11_003_23": null, "P11_003_24": null, "P11_003_25": null, "P11_003_26": null, "P11_003_27": null, "P11_003_28": null, "P11_003_29": null, "P11_003_30": null, "P11_003_31": null, "P11_003_32": null, "P11_003_33": null, "P11_003_34": null, "P11_003_35": null, "P11_004_01": "1,1,1", "P11_004_02": null, "P11_004_03": null, "P11_004_04": null, "P11_004_05": null, "P11_004_06": null, "P11_004_07": null, "P11_004_08": null, "P11_004_09": null, "P11_004_10": null, "P11_004_11": null, "P11_004_12": null, "P11_004_13": null, "P11_004_14": null, "P11_004_15": null, "P11_004_16": null, "P11_004_17": null, "P11_004_18": null, "P11_004_19": null, "P11_004_20": null, "P11_004_21": null, "P11_004_22": null, "P11_004_23": null, "P11_004_24": null, "P11_004_25": null, "P11_004_26": null, "P11_004_27": null, "P11_004_28": null, "P11_004_29": null, "P11_004_30": null, "P11_004_31": null, "P11_004_32": null, "P11_004_33": null, "P11_004_34": null, "P11_004_35": null, "P11_005": null, "nearest_node": "(139.40211055824423, 35.36437316121579)", "centrality": 0.0064795781571185982, "community": 6, "size": 11.53018390348155 }, "geometry": { "type": "Point", "coordinates": [ 139.402110558244232, 35.364373161215788 ] } },
{ "type": "Feature", "properties": { "P11_001": "浄見寺入口", "P11_002": "神奈川中央交通（株）", "P11_003_01": "北部循環市立病院線", "P11_003_02": null, "P11_003_03": null, "P11_003_04": null, "P11_003_05": null, "P11_003_06": null, "P11_003_07": null, "P11_003_08": null, "P11_003_09": null, "P11_003_10": null, "P11_003_11": null, "P11_003_12": null, "P11_003_13": null, "P11_003_14": null, "P11_003_15": null, "P11_003_16": null, "P11_003_17": null, "P11_003_18": null, "P11_003_19": null, "P11_003_20": null, "P11_003_21": null, "P11_003_22": null, "P11_003_23": null, "P11_003_24": null, "P11_003_25": null, "P11_003_26": null, "P11_003_27": null, "P11_003_28": null, "P11_003_29": null, "P11_003_30": null, "P11_003_31": null, "P11_003_32": null, "P11_003_33": null, "P11_003_34": null, "P11_003_35": null, "P11_004_01": "1", "P11_004_02": null, "P11_004_03": null, "P11_004_04": null, "P11_004_05": null, "P11_004_06": null, "P11_004_07": null, "P11_004_08": null, "P11_004_09": null, "P11_004_10": null, "P11_004_11": null, "P11_004_12": null, "P11_004_13": null, "P11_004_14": null, "P11_004_15": null, "P11_004_16": null, "P11_004_17": null, "P11_004_18": null, "P11_004_19": null, "P11_004_20": null, "P11_004_21": null, "P11_004_22": null, "P11_004_23": null, "P11_004_24": null, "P11_004_25": null, "P11_004_26": null, "P11_004_27": null, "P11_004_28": null, "P11_004_29": null, "P11_004_30": null, "P11_004_31": null, "P11_004_32": null, "P11_004_33": null, "P11_004_34": null, "P11_004_35": null, "P11_005": null, "nearest_node": "(139.41150781116508, 35.36366922652277)", "centrality": 0.044543748324247026, "community": 3, "size": 20.519222862002813 }, "geometry": { "type": "Point", "coordinates": [ 139.41150781116508, 35.363669226522767 ] } },
{ "type": "Feature", "properties": { "P11_001": "堤仲谷", "P11_002": "神奈川中央交通（株）", "P11_003_01": "北部循環市立病院線", "P11_003_02": null, "P11_003_03": null, "P11_003_04": null, "P11_003_05": null, "P11_003_06": null, "P11_003_07": null, "P11_003_08": null, "P11_003_09": null, "P11_003_10": null, "P11_003_11": null, "P11_003_12": null, "P11_003_13": null, "P11_003_14": null, "P11_003_15": null, "P11_003_16": null, "P11_003_17": null, "P11_003_18": null, "P11_003_19": null, "P11_003_20": null, "P11_003_21": null, "P11_003_22": null, "P11_003_23": null, "P11_003_24": null, "P11_003_25": null, "P11_003_26": null, "P11_003_27": null, "P11_003_28": null, "P11_003_29": null, "P11_003_30": null, "P11_003_31": null, "P11_003_32": null, "P11_003_33": null, "P11_003_34": null, "P11_003_35": null, "P11_004_01": "1", "P11_004_02": null, "P11_004_03": null, "P11_004_04": null, "P11_004_05": null, "P11_004_06": null, "P11_004_07": null, "P11_004_08": null, "P11_004_09": null, "P11_004_10": null, "P11_004_11": null, "P11_004_12": null, "P11_004_13": null, "P11_004_14": null, "P11_004_15": null, "P11_004_16": null, "P11_004_17": null, "P11_004_18": null, "P11_004_19": null, "P11_004_20": null, "P11_004_21": null, "P11_004_22": null, "P11_004_23": null, "P11_004_24": null, "P11_004_25": null, "P11_004_26": null, "P11_004_27": null, "P11_004_28": null, "P11_004_29": null, "P11_004_30": null, "P11_004_31": null, "P11_004_32": null, "P11_004_33": null, "P11_004_34": null, "P11_004_35": null, "P11_005": null, "nearest_node": "(139.4170760401195, 35.36365189327434)", "centrality": 0.048958798820269905, "community": 3, "size": 21.561858514857828 }, "geometry": { "type": "Point", "coordinates": [ 139.417076040119497, 35.363651893274337 ] } },
{ "type": "Feature", "properties": { "P11_001": "北陵高校入口", "P11_002": "神奈川中央交通（株）", "P11_003_01": "茅19,茅82,北部循環市立病院線", "P11_003_02": null, "P11_003_03": null, "P11_003_04": null, "P11_003_05": null, "P11_003_06": null, "P11_003_07": null, "P11_003_08": null, "P11_003_09": null, "P11_003_10": null, "P11_003_11": null, "P11_003_12": null, "P11_003_13": null, "P11_003_14": null, "P11_003_15": null, "P11_003_16": null, "P11_003_17": null, "P11_003_18": null, "P11_003_19": null, "P11_003_20": null, "P11_003_21": null, "P11_003_22": null, "P11_003_23": null, "P11_003_24": null, "P11_003_25": null, "P11_003_26": null, "P11_003_27": null, "P11_003_28": null, "P11_003_29": null, "P11_003_30": null, "P11_003_31": null, "P11_003_32": null, "P11_003_33": null, "P11_003_34": null, "P11_003_35": null, "P11_004_01": "1,1,1", "P11_004_02": null, "P11_004_03": null, "P11_004_04": null, "P11_004_05": null, "P11_004_06": null, "P11_004_07": null, "P11_004_08": null, "P11_004_09": null, "P11_004_10": null, "P11_004_11": null, "P11_004_12": null, "P11_004_13": null, "P11_004_14": null, "P11_004_15": null, "P11_004_16": null, "P11_004_17": null, "P11_004_18": null, "P11_004_19": null, "P11_004_20": null, "P11_004_21": null, "P11_004_22": null, "P11_004_23": null, "P11_004_24": null, "P11_004_25": null, "P11_004_26": null, "P11_004_27": null, "P11_004_28": null, "P11_004_29": null, "P11_004_30": null, "P11_004_31": null, "P11_004_32": null, "P11_004_33": null, "P11_004_34": null, "P11_004_35": null, "P11_005": null, "nearest_node": "(139.40040298081752, 35.3628478123679)", "centrality": 0.0057139452438406757, "community": 6, "size": 11.34937596638051 }, "geometry": { "type": "Point", "coordinates": [ 139.400402980817518, 35.362847812367903 ] } },
{ "type": "Feature", "properties": { "P11_001": "湘南みずき", "P11_002": "神奈川中央交通（株）", "P11_003_01": "茅19,茅82", "P11_003_02": null, "P11_003_03": null, "P11_003_04": null, "P11_003_05": null, "P11_003_06": null, "P11_003_07": null, "P11_003_08": null, "P11_003_09": null, "P11_003_10": null, "P11_003_11": null, "P11_003_12": null, "P11_003_13": null, "P11_003_14": null, "P11_003_15": null, "P11_003_16": null, "P11_003_17": null, "P11_003_18": null, "P11_003_19": null, "P11_003_20": null, "P11_003_21": null, "P11_003_22": null, "P11_003_23": null, "P11_003_24": null, "P11_003_25": null, "P11_003_26": null, "P11_003_27": null, "P11_003_28": null, "P11_003_29": null, "P11_003_30": null, "P11_003_31": null, "P11_003_32": null, "P11_003_33": null, "P11_003_34": null, "P11_003_35": null, "P11_004_01": "1,1", "P11_004_02": null, "P11_004_03": null, "P11_004_04": null, "P11_004_05": null, "P11_004_06": null, "P11_004_07": null, "P11_004_08": null, "P11_004_09": null, "P11_004_10": null, "P11_004_11": null, "P11_004_12": null, "P11_004_13": null, "P11_004_14": null, "P11_004_15": null, "P11_004_16": null, "P11_004_17": null, "P11_004_18": null, "P11_004_19": null, "P11_004_20": null, "P11_004_21": null, "P11_004_22": null, "P11_004_23": null, "P11_004_24": null, "P11_004_25": null, "P11_004_26": null, "P11_004_27": null, "P11_004_28": null, "P11_004_29": null, "P11_004_30": null, "P11_004_31": null, "P11_004_32": null, "P11_004_33": null, "P11_004_34": null, "P11_004_35": null, "P11_005": null, "nearest_node": "(139.40461037123023, 35.36255850717382)", "centrality": 0.041760856396659433, "community": 6, "size": 19.86202939516501 }, "geometry": { "type": "Point", "coordinates": [ 139.404610371230234, 35.362558507173823 ] } },
{ "type": "Feature", "properties": { "P11_001": "せせらぎ公園入口", "P11_002": "神奈川中央交通（株）", "P11_003_01": "茅19,茅82", "P11_003_02": null, "P11_003_03": null, "P11_003_04": null, "P11_003_05": null, "P11_003_06": null, "P11_003_07": null, "P11_003_08": null, "P11_003_09": null, "P11_003_10": null, "P11_003_11": null, "P11_003_12": null, "P11_003_13": null, "P11_003_14": null, "P11_003_15": null, "P11_003_16": null, "P11_003_17": null, "P11_003_18": null, "P11_003_19": null, "P11_003_20": null, "P11_003_21": null, "P11_003_22": null, "P11_003_23": null, "P11_003_24": null, "P11_003_25": null, "P11_003_26": null, "P11_003_27": null, "P11_003_28": null, "P11_003_29": null, "P11_003_30": null, "P11_003_31": null, "P11_003_32": null, "P11_003_33": null, "P11_003_34": null, "P11_003_35": null, "P11_004_01": "1,1", "P11_004_02": null, "P11_004_03": null, "P11_004_04": null, "P11_004_05": null, "P11_004_06": null, "P11_004_07": null, "P11_004_08": null, "P11_004_09": null, "P11_004_10": null, "P11_004_11": null, "P11_004_12": null, "P11_004_13": null, "P11_004_14": null, "P11_004_15": null, "P11_004_16": null, "P11_004_17": null, "P11_004_18": null, "P11_004_19": null, "P11_004_20": null, "P11_004_21": null, "P11_004_22": null, "P11_004_23": null, "P11_004_24": null, "P11_004_25": null, "P11_004_26": null, "P11_004_27": null, "P11_004_28": null, "P11_004_29": null, "P11_004_30": null, "P11_004_31": null, "P11_004_32": null, "P11_004_33": null, "P11_004_34": null, "P11_004_35": null, "P11_005": null, "nearest_node": "(139.40335147515344, 35.36210438754399)", "centrality": 0.014514255071945661, "community": 6, "size": 13.42761194379867 }, "geometry": { "type": "Point", "coordinates": [ 139.403351475153443, 35.362104387543987 ] } },
{ "type": "Feature", "properties": { "P11_001": "香川北", "P11_002": "神奈川中央交通（株）", "P11_003_01": "北部循環市立病院線", "P11_003_02": null, "P11_003_03": null, "P11_003_04": null, "P11_003_05": null, "P11_003_06": null, "P11_003_07": null, "P11_003_08": null, "P11_003_09": null, "P11_003_10": null, "P11_003_11": null, "P11_003_12": null, "P11_003_13": null, "P11_003_14": null, "P11_003_15": null, "P11_003_16": null, "P11_003_17": null, "P11_003_18": null, "P11_003_19": null, "P11_003_20": null, "P11_003_21": null, "P11_003_22": null, "P11_003_23": null, "P11_003_24": null, "P11_003_25": null, "P11_003_26": null, "P11_003_27": null, "P11_003_28": null, "P11_003_29": null, "P11_003_30": null, "P11_003_31": null, "P11_003_32": null, "P11_003_33": null, "P11_003_34": null, "P11_003_35": null, "P11_004_01": "1", "P11_004_02": null, "P11_004_03": null, "P11_004_04": null, "P11_004_05": null, "P11_004_06": null, "P11_004_07": null, "P11_004_08": null, "P11_004_09": null, "P11_004_10": null, "P11_004_11": null, "P11_004_12": null, "P11_004_13": null, "P11_004_14": null, "P11_004_15": null, "P11_004_16": null, "P11_004_17": null, "P11_004_18": null, "P11_004_19": null, "P11_004_20": null, "P11_004_21": null, "P11_004_22": null, "P11_004_23": null, "P11_004_24": null, "P11_004_25": null, "P11_004_26": null, "P11_004_27": null, "P11_004_28": null, "P11_004_29": null, "P11_004_30": null, "P11_004_31": null, "P11_004_32": null, "P11_004_33": null, "P11_004_34": null, "P11_004_35": null, "P11_005": null, "nearest_node": "(139.4009964377289, 35.36080842170452)", "centrality": 0.0044686745911162746, "community": 6, "size": 11.055299243780379 }, "geometry": { "type": "Point", "coordinates": [ 139.400996437728907, 35.360808421704519 ] } },
{ "type": "Feature", "properties": { "P11_001": "長谷戸", "P11_002": "神奈川中央交通（株）", "P11_003_01": "湘11,茅03,茅50", "P11_003_02": null, "P11_003_03": null, "P11_003_04": null, "P11_003_05": null, "P11_003_06": null, "P11_003_07": null, "P11_003_08": null, "P11_003_09": null, "P11_003_10": null, "P11_003_11": null, "P11_003_12": null, "P11_003_13": null, "P11_003_14": null, "P11_003_15": null, "P11_003_16": null, "P11_003_17": null, "P11_003_18": null, "P11_003_19": null, "P11_003_20": null, "P11_003_21": null, "P11_003_22": null, "P11_003_23": null, "P11_003_24": null, "P11_003_25": null, "P11_003_26": null, "P11_003_27": null, "P11_003_28": null, "P11_003_29": null, "P11_003_30": null, "P11_003_31": null, "P11_003_32": null, "P11_003_33": null, "P11_003_34": null, "P11_003_35": null, "P11_004_01": "1,1,1", "P11_004_02": null, "P11_004_03": null, "P11_004_04": null, "P11_004_05": null, "P11_004_06": null, "P11_004_07": null, "P11_004_08": null, "P11_004_09": null, "P11_004_10": null, "P11_004_11": null, "P11_004_12": null, "P11_004_13": null, "P11_004_14": null, "P11_004_15": null, "P11_004_16": null, "P11_004_17": null, "P11_004_18": null, "P11_004_19": null, "P11_004_20": null, "P11_004_21": null, "P11_004_22": null, "P11_004_23": null, "P11_004_24": null, "P11_004_25": null, "P11_004_26": null, "P11_004_27": null, "P11_004_28": null, "P11_004_29": null, "P11_004_30": null, "P11_004_31": null, "P11_004_32": null, "P11_004_33": null, "P11_004_34": null, "P11_004_35": null, "P11_005": null, "nearest_node": "(139.42111826550254, 35.36010047809881)", "centrality": 0.20526747500024836, "community": 2, "size": 58.474912801014355 }, "geometry": { "type": "Point", "coordinates": [ 139.421118265502542, 35.360100478098808 ] } },
{ "type": "Feature", "properties": { "P11_001": "香川南", "P11_002": "神奈川中央交通（株）", "P11_003_01": "北部循環市立病院線", "P11_003_02": null, "P11_003_03": null, "P11_003_04": null, "P11_003_05": null, "P11_003_06": null, "P11_003_07": null, "P11_003_08": null, "P11_003_09": null, "P11_003_10": null, "P11_003_11": null, "P11_003_12": null, "P11_003_13": null, "P11_003_14": null, "P11_003_15": null, "P11_003_16": null, "P11_003_17": null, "P11_003_18": null, "P11_003_19": null, "P11_003_20": null, "P11_003_21": null, "P11_003_22": null, "P11_003_23": null, "P11_003_24": null, "P11_003_25": null, "P11_003_26": null, "P11_003_27": null, "P11_003_28": null, "P11_003_29": null, "P11_003_30": null, "P11_003_31": null, "P11_003_32": null, "P11_003_33": null, "P11_003_34": null, "P11_003_35": null, "P11_004_01": "1", "P11_004_02": null, "P11_004_03": null, "P11_004_04": null, "P11_004_05": null, "P11_004_06": null, "P11_004_07": null, "P11_004_08": null, "P11_004_09": null, "P11_004_10": null, "P11_004_11": null, "P11_004_12": null, "P11_004_13": null, "P11_004_14": null, "P11_004_15": null, "P11_004_16": null, "P11_004_17": null, "P11_004_18": null, "P11_004_19": null, "P11_004_20": null, "P11_004_21": null, "P11_004_22": null, "P11_004_23": null, "P11_004_24": null, "P11_004_25": null, "P11_004_26": null, "P11_004_27": null, "P11_004_28": null, "P11_004_29": null, "P11_004_30": null, "P11_004_31": null, "P11_004_32": null, "P11_004_33": null, "P11_004_34": null, "P11_004_35": null, "P11_005": null, "nearest_node": "(139.4002174622677, 35.35915727535454)", "centrality": 0.0035213155777996242, "community": 6, "size": 10.831575804098938 }, "geometry": { "type": "Point", "coordinates": [ 139.400217462267705, 35.359157275354541 ] } },
{ "type": "Feature", "properties": { "P11_001": "みずき四丁目", "P11_002": "神奈川中央交通（株）", "P11_003_01": "茅19,茅82", "P11_003_02": null, "P11_003_03": null, "P11_003_04": null, "P11_003_05": null, "P11_003_06": null, "P11_003_07": null, "P11_003_08": null, "P11_003_09": null, "P11_003_10": null, "P11_003_11": null, "P11_003_12": null, "P11_003_13": null, "P11_003_14": null, "P11_003_15": null, "P11_003_16": null, "P11_003_17": null, "P11_003_18": null, "P11_003_19": null, "P11_003_20": null, "P11_003_21": null, "P11_003_22": null, "P11_003_23": null, "P11_003_24": null, "P11_003_25": null, "P11_003_26": null, "P11_003_27": null, "P11_003_28": null, "P11_003_29": null, "P11_003_30": null, "P11_003_31": null, "P11_003_32": null, "P11_003_33": null, "P11_003_34": null, "P11_003_35": null, "P11_004_01": "1,1", "P11_004_02": null, "P11_004_03": null, "P11_004_04": null, "P11_004_05": null, "P11_004_06": null, "P11_004_07": null, "P11_004_08": null, "P11_004_09": null, "P11_004_10": null, "P11_004_11": null, "P11_004_12": null, "P11_004_13": null, "P11_004_14": null, "P11_004_15": null, "P11_004_16": null, "P11_004_17": null, "P11_004_18": null, "P11_004_19": null, "P11_004_20": null, "P11_004_21": null, "P11_004_22": null, "P11_004_23": null, "P11_004_24": null, "P11_004_25": null, "P11_004_26": null, "P11_004_27": null, "P11_004_28": null, "P11_004_29": null, "P11_004_30": null, "P11_004_31": null, "P11_004_32": null, "P11_004_33": null, "P11_004_34": null, "P11_004_35": null, "P11_005": null, "nearest_node": "(139.40578011838608, 35.35884391692977)", "centrality": 0.044495685246422549, "community": 6, "size": 20.507872532358594 }, "geometry": { "type": "Point", "coordinates": [ 139.405780118386076, 35.358843916929771 ] } },
{ "type": "Feature", "properties": { "P11_001": "南長谷戸", "P11_002": "神奈川中央交通（株）", "P11_003_01": "湘11,茅03,茅50", "P11_003_02": null, "P11_003_03": null, "P11_003_04": null, "P11_003_05": null, "P11_003_06": null, "P11_003_07": null, "P11_003_08": null, "P11_003_09": null, "P11_003_10": null, "P11_003_11": null, "P11_003_12": null, "P11_003_13": null, "P11_003_14": null, "P11_003_15": null, "P11_003_16": null, "P11_003_17": null, "P11_003_18": null, "P11_003_19": null, "P11_003_20": null, "P11_003_21": null, "P11_003_22": null, "P11_003_23": null, "P11_003_24": null, "P11_003_25": null, "P11_003_26": null, "P11_003_27": null, "P11_003_28": null, "P11_003_29": null, "P11_003_30": null, "P11_003_31": null, "P11_003_32": null, "P11_003_33": null, "P11_003_34": null, "P11_003_35": null, "P11_004_01": "1,1,1", "P11_004_02": null, "P11_004_03": null, "P11_004_04": null, "P11_004_05": null, "P11_004_06": null, "P11_004_07": null, "P11_004_08": null, "P11_004_09": null, "P11_004_10": null, "P11_004_11": null, "P11_004_12": null, "P11_004_13": null, "P11_004_14": null, "P11_004_15": null, "P11_004_16": null, "P11_004_17": null, "P11_004_18": null, "P11_004_19": null, "P11_004_20": null, "P11_004_21": null, "P11_004_22": null, "P11_004_23": null, "P11_004_24": null, "P11_004_25": null, "P11_004_26": null, "P11_004_27": null, "P11_004_28": null, "P11_004_29": null, "P11_004_30": null, "P11_004_31": null, "P11_004_32": null, "P11_004_33": null, "P11_004_34": null, "P11_004_35": null, "P11_005": null, "nearest_node": "(139.4201547671371, 35.357412472246715)", "centrality": 0.2089854122600571, "community": 2, "size": 59.352921771839625 }, "geometry": { "type": "Point", "coordinates": [ 139.420154767137092, 35.357412472246715 ] } },
{ "type": "Feature", "properties": { "P11_001": "香川二丁目", "P11_002": "神奈川中央交通（株）", "P11_003_01": "茅19,茅82", "P11_003_02": null, "P11_003_03": null, "P11_003_04": null, "P11_003_05": null, "P11_003_06": null, "P11_003_07": null, "P11_003_08": null, "P11_003_09": null, "P11_003_10": null, "P11_003_11": null, "P11_003_12": null, "P11_003_13": null, "P11_003_14": null, "P11_003_15": null, "P11_003_16": null, "P11_003_17": null, "P11_003_18": null, "P11_003_19": null, "P11_003_20": null, "P11_003_21": null, "P11_003_22": null, "P11_003_23": null, "P11_003_24": null, "P11_003_25": null, "P11_003_26": null, "P11_003_27": null, "P11_003_28": null, "P11_003_29": null, "P11_003_30": null, "P11_003_31": null, "P11_003_32": null, "P11_003_33": null, "P11_003_34": null, "P11_003_35": null, "P11_004_01": "1,1", "P11_004_02": null, "P11_004_03": null, "P11_004_04": null, "P11_004_05": null, "P11_004_06": null, "P11_004_07": null, "P11_004_08": null, "P11_004_09": null, "P11_004_10": null, "P11_004_11": null, "P11_004_12": null, "P11_004_13": null, "P11_004_14": null, "P11_004_15": null, "P11_004_16": null, "P11_004_17": null, "P11_004_18": null, "P11_004_19": null, "P11_004_20": null, "P11_004_21": null, "P11_004_22": null, "P11_004_23": null, "P11_004_24": null, "P11_004_25": null, "P11_004_26": null, "P11_004_27": null, "P11_004_28": null, "P11_004_29": null, "P11_004_30": null, "P11_004_31": null, "P11_004_32": null, "P11_004_33": null, "P11_004_34": null, "P11_004_35": null, "P11_005": null, "nearest_node": "(139.4071238507229, 35.35651605064221)", "centrality": 0.048267246601324698, "community": 6, "size": 21.398545094109238 }, "geometry": { "type": "Point", "coordinates": [ 139.407123850722911, 35.356516050642213 ] } },
{ "type": "Feature", "properties": { "P11_001": "香川駅", "P11_002": "神奈川中央交通（株）", "P11_003_01": "北部循環市立病院線", "P11_003_02": null, "P11_003_03": null, "P11_003_04": null, "P11_003_05": null, "P11_003_06": null, "P11_003_07": null, "P11_003_08": null, "P11_003_09": null, "P11_003_10": null, "P11_003_11": null, "P11_003_12": null, "P11_003_13": null, "P11_003_14": null, "P11_003_15": null, "P11_003_16": null, "P11_003_17": null, "P11_003_18": null, "P11_003_19": null, "P11_003_20": null, "P11_003_21": null, "P11_003_22": null, "P11_003_23": null, "P11_003_24": null, "P11_003_25": null, "P11_003_26": null, "P11_003_27": null, "P11_003_28": null, "P11_003_29": null, "P11_003_30": null, "P11_003_31": null, "P11_003_32": null, "P11_003_33": null, "P11_003_34": null, "P11_003_35": null, "P11_004_01": "1", "P11_004_02": null, "P11_004_03": null, "P11_004_04": null, "P11_004_05": null, "P11_004_06": null, "P11_004_07": null, "P11_004_08": null, "P11_004_09": null, "P11_004_10": null, "P11_004_11": null, "P11_004_12": null, "P11_004_13": null, "P11_004_14": null, "P11_004_15": null, "P11_004_16": null, "P11_004_17": null, "P11_004_18": null, "P11_004_19": null, "P11_004_20": null, "P11_004_21": null, "P11_004_22": null, "P11_004_23": null, "P11_004_24": null, "P11_004_25": null, "P11_004_26": null, "P11_004_27": null, "P11_004_28": null, "P11_004_29": null, "P11_004_30": null, "P11_004_31": null, "P11_004_32": null, "P11_004_33": null, "P11_004_34": null, "P11_004_35": null, "P11_005": null, "nearest_node": "(139.39974616390774, 35.356003319982214)", "centrality": 0.0072392528376083653, "community": 6, "size": 11.709584774924213 }, "geometry": { "type": "Point", "coordinates": [ 139.399746163907736, 35.356003319982214 ] } },
{ "type": "Feature", "properties": { "P11_001": "閑居山入口", "P11_002": "神奈川中央交通（株）", "P11_003_01": "北部循環市立病院線", "P11_003_02": null, "P11_003_03": null, "P11_003_04": null, "P11_003_05": null, "P11_003_06": null, "P11_003_07": null, "P11_003_08": null, "P11_003_09": null, "P11_003_10": null, "P11_003_11": null, "P11_003_12": null, "P11_003_13": null, "P11_003_14": null, "P11_003_15": null, "P11_003_16": null, "P11_003_17": null, "P11_003_18": null, "P11_003_19": null, "P11_003_20": null, "P11_003_21": null, "P11_003_22": null, "P11_003_23": null, "P11_003_24": null, "P11_003_25": null, "P11_003_26": null, "P11_003_27": null, "P11_003_28": null, "P11_003_29": null, "P11_003_30": null, "P11_003_31": null, "P11_003_32": null, "P11_003_33": null, "P11_003_34": null, "P11_003_35": null, "P11_004_01": "1", "P11_004_02": null, "P11_004_03": null, "P11_004_04": null, "P11_004_05": null, "P11_004_06": null, "P11_004_07": null, "P11_004_08": null, "P11_004_09": null, "P11_004_10": null, "P11_004_11": null, "P11_004_12": null, "P11_004_13": null, "P11_004_14": null, "P11_004_15": null, "P11_004_16": null, "P11_004_17": null, "P11_004_18": null, "P11_004_19": null, "P11_004_20": null, "P11_004_21": null, "P11_004_22": null, "P11_004_23": null, "P11_004_24": null, "P11_004_25": null, "P11_004_26": null, "P11_004_27": null, "P11_004_28": null, "P11_004_29": null, "P11_004_30": null, "P11_004_31": null, "P11_004_32": null, "P11_004_33": null, "P11_004_34": null, "P11_004_35": null, "P11_005": null, "nearest_node": "(139.40158749245137, 35.35550320537566)", "centrality": 0.011010814192510501, "community": 6, "size": 12.600257336674854 }, "geometry": { "type": "Point", "coordinates": [ 139.40158749245137, 35.355503205375662 ] } },
{ "type": "Feature", "properties": { "P11_001": "香川自治会館前", "P11_002": "神奈川中央交通（株）", "P11_003_01": "北部循環市立病院線", "P11_003_02": null, "P11_003_03": null, "P11_003_04": null, "P11_003_05": null, "P11_003_06": null, "P11_003_07": null, "P11_003_08": null, "P11_003_09": null, "P11_003_10": null, "P11_003_11": null, "P11_003_12": null, "P11_003_13": null, "P11_003_14": null, "P11_003_15": null, "P11_003_16": null, "P11_003_17": null, "P11_003_18": null, "P11_003_19": null, "P11_003_20": null, "P11_003_21": null, "P11_003_22": null, "P11_003_23": null, "P11_003_24": null, "P11_003_25": null, "P11_003_26": null, "P11_003_27": null, "P11_003_28": null, "P11_003_29": null, "P11_003_30": null, "P11_003_31": null, "P11_003_32": null, "P11_003_33": null, "P11_003_34": null, "P11_003_35": null, "P11_004_01": "1", "P11_004_02": null, "P11_004_03": null, "P11_004_04": null, "P11_004_05": null, "P11_004_06": null, "P11_004_07": null, "P11_004_08": null, "P11_004_09": null, "P11_004_10": null, "P11_004_11": null, "P11_004_12": null, "P11_004_13": null, "P11_004_14": null, "P11_004_15": null, "P11_004_16": null, "P11_004_17": null, "P11_004_18": null, "P11_004_19": null, "P11_004_20": null, "P11_004_21": null, "P11_004_22": null, "P11_004_23": null, "P11_004_24": null, "P11_004_25": null, "P11_004_26": null, "P11_004_27": null, "P11_004_28": null, "P11_004_29": null, "P11_004_30": null, "P11_004_31": null, "P11_004_32": null, "P11_004_33": null, "P11_004_34": null, "P11_004_35": null, "P11_005": null, "nearest_node": "(139.40287107933008, 35.355439107348886)", "centrality": 0.014818124944141567, "community": 6, "size": 13.499372292375735 }, "geometry": { "type": "Point", "coordinates": [ 139.402871079330083, 35.355439107348886 ] } },
{ "type": "Feature", "properties": { "P11_001": "分教場跡", "P11_002": "神奈川中央交通（株）", "P11_003_01": "北部循環市立病院線", "P11_003_02": null, "P11_003_03": null, "P11_003_04": null, "P11_003_05": null, "P11_003_06": null, "P11_003_07": null, "P11_003_08": null, "P11_003_09": null, "P11_003_10": null, "P11_003_11": null, "P11_003_12": null, "P11_003_13": null, "P11_003_14": null, "P11_003_15": null, "P11_003_16": null, "P11_003_17": null, "P11_003_18": null, "P11_003_19": null, "P11_003_20": null, "P11_003_21": null, "P11_003_22": null, "P11_003_23": null, "P11_003_24": null, "P11_003_25": null, "P11_003_26": null, "P11_003_27": null, "P11_003_28": null, "P11_003_29": null, "P11_003_30": null, "P11_003_31": null, "P11_003_32": null, "P11_003_33": null, "P11_003_34": null, "P11_003_35": null, "P11_004_01": "1", "P11_004_02": null, "P11_004_03": null, "P11_004_04": null, "P11_004_05": null, "P11_004_06": null, "P11_004_07": null, "P11_004_08": null, "P11_004_09": null, "P11_004_10": null, "P11_004_11": null, "P11_004_12": null, "P11_004_13": null, "P11_004_14": null, "P11_004_15": null, "P11_004_16": null, "P11_004_17": null, "P11_004_18": null, "P11_004_19": null, "P11_004_20": null, "P11_004_21": null, "P11_004_22": null, "P11_004_23": null, "P11_004_24": null, "P11_004_25": null, "P11_004_26": null, "P11_004_27": null, "P11_004_28": null, "P11_004_29": null, "P11_004_30": null, "P11_004_31": null, "P11_004_32": null, "P11_004_33": null, "P11_004_34": null, "P11_004_35": null, "P11_005": null, "nearest_node": "(139.4041099332856, 35.35517920802448)", "centrality": 0.019081240504066493, "community": 6, "size": 14.506127770942218 }, "geometry": { "type": "Point", "coordinates": [ 139.404109933285611, 35.355179208024481 ] } },
{ "type": "Feature", "properties": { "P11_001": "松風台", "P11_002": "神奈川中央交通（株）", "P11_003_01": "茅17,茅19,茅81", "P11_003_02": null, "P11_003_03": null, "P11_003_04": null, "P11_003_05": null, "P11_003_06": null, "P11_003_07": null, "P11_003_08": null, "P11_003_09": null, "P11_003_10": null, "P11_003_11": null, "P11_003_12": null, "P11_003_13": null, "P11_003_14": null, "P11_003_15": null, "P11_003_16": null, "P11_003_17": null, "P11_003_18": null, "P11_003_19": null, "P11_003_20": null, "P11_003_21": null, "P11_003_22": null, "P11_003_23": null, "P11_003_24": null, "P11_003_25": null, "P11_003_26": null, "P11_003_27": null, "P11_003_28": null, "P11_003_29": null, "P11_003_30": null, "P11_003_31": null, "P11_003_32": null, "P11_003_33": null, "P11_003_34": null, "P11_003_35": null, "P11_004_01": "1,1,1", "P11_004_02": null, "P11_004_03": null, "P11_004_04": null, "P11_004_05": null, "P11_004_06": null, "P11_004_07": null, "P11_004_08": null, "P11_004_09": null, "P11_004_10": null, "P11_004_11": null, "P11_004_12": null, "P11_004_13": null, "P11_004_14": null, "P11_004_15": null, "P11_004_16": null, "P11_004_17": null, "P11_004_18": null, "P11_004_19": null, "P11_004_20": null, "P11_004_21": null, "P11_004_22": null, "P11_004_23": null, "P11_004_24": null, "P11_004_25": null, "P11_004_26": null, "P11_004_27": null, "P11_004_28": null, "P11_004_29": null, "P11_004_30": null, "P11_004_31": null, "P11_004_32": null, "P11_004_33": null, "P11_004_34": null, "P11_004_35": null, "P11_005": null, "nearest_node": "(139.40911955419796, 35.35476368149233)", "centrality": 0.0, "community": 6, "size": 10.0 }, "geometry": { "type": "Point", "coordinates": [ 139.409119554197957, 35.354763681492329 ] } },
{ "type": "Feature", "properties": { "P11_001": "香川小学校プール前", "P11_002": "神奈川中央交通（株）", "P11_003_01": "北部循環市立病院線", "P11_003_02": null, "P11_003_03": null, "P11_003_04": null, "P11_003_05": null, "P11_003_06": null, "P11_003_07": null, "P11_003_08": null, "P11_003_09": null, "P11_003_10": null, "P11_003_11": null, "P11_003_12": null, "P11_003_13": null, "P11_003_14": null, "P11_003_15": null, "P11_003_16": null, "P11_003_17": null, "P11_003_18": null, "P11_003_19": null, "P11_003_20": null, "P11_003_21": null, "P11_003_22": null, "P11_003_23": null, "P11_003_24": null, "P11_003_25": null, "P11_003_26": null, "P11_003_27": null, "P11_003_28": null, "P11_003_29": null, "P11_003_30": null, "P11_003_31": null, "P11_003_32": null, "P11_003_33": null, "P11_003_34": null, "P11_003_35": null, "P11_004_01": "1", "P11_004_02": null, "P11_004_03": null, "P11_004_04": null, "P11_004_05": null, "P11_004_06": null, "P11_004_07": null, "P11_004_08": null, "P11_004_09": null, "P11_004_10": null, "P11_004_11": null, "P11_004_12": null, "P11_004_13": null, "P11_004_14": null, "P11_004_15": null, "P11_004_16": null, "P11_004_17": null, "P11_004_18": null, "P11_004_19": null, "P11_004_20": null, "P11_004_21": null, "P11_004_22": null, "P11_004_23": null, "P11_004_24": null, "P11_004_25": null, "P11_004_26": null, "P11_004_27": null, "P11_004_28": null, "P11_004_29": null, "P11_004_30": null, "P11_004_31": null, "P11_004_32": null, "P11_004_33": null, "P11_004_34": null, "P11_004_35": null, "P11_005": null, "nearest_node": "(139.40574571330149, 35.35469853441261)", "centrality": 0.02419340423630351, "community": 6, "size": 15.713390105826971 }, "geometry": { "type": "Point", "coordinates": [ 139.405745713301485, 35.354698534412613 ] } },
{ "type": "Feature", "properties": { "P11_001": "殿山公園前", "P11_002": "神奈川中央交通（株）", "P11_003_01": "湘11,茅03,茅50", "P11_003_02": null, "P11_003_03": null, "P11_003_04": null, "P11_003_05": null, "P11_003_06": null, "P11_003_07": null, "P11_003_08": null, "P11_003_09": null, "P11_003_10": null, "P11_003_11": null, "P11_003_12": null, "P11_003_13": null, "P11_003_14": null, "P11_003_15": null, "P11_003_16": null, "P11_003_17": null, "P11_003_18": null, "P11_003_19": null, "P11_003_20": null, "P11_003_21": null, "P11_003_22": null, "P11_003_23": null, "P11_003_24": null, "P11_003_25": null, "P11_003_26": null, "P11_003_27": null, "P11_003_28": null, "P11_003_29": null, "P11_003_30": null, "P11_003_31": null, "P11_003_32": null, "P11_003_33": null, "P11_003_34": null, "P11_003_35": null, "P11_004_01": "1,1,1", "P11_004_02": null, "P11_004_03": null, "P11_004_04": null, "P11_004_05": null, "P11_004_06": null, "P11_004_07": null, "P11_004_08": null, "P11_004_09": null, "P11_004_10": null, "P11_004_11": null, "P11_004_12": null, "P11_004_13": null, "P11_004_14": null, "P11_004_15": null, "P11_004_16": null, "P11_004_17": null, "P11_004_18": null, "P11_004_19": null, "P11_004_20": null, "P11_004_21": null, "P11_004_22": null, "P11_004_23": null, "P11_004_24": null, "P11_004_25": null, "P11_004_26": null, "P11_004_27": null, "P11_004_28": null, "P11_004_29": null, "P11_004_30": null, "P11_004_31": null, "P11_004_32": null, "P11_004_33": null, "P11_004_34": null, "P11_004_35": null, "P11_005": null, "nearest_node": "(139.42027956281095, 35.35441269954635)", "centrality": 0.21275697361495924, "community": 2, "size": 60.243594333590266 }, "geometry": { "type": "Point", "coordinates": [ 139.420279562810947, 35.354412699546351 ] } },
{ "type": "Feature", "properties": { "P11_001": "教会前", "P11_002": "神奈川中央交通（株）", "P11_003_01": "北部循環市立病院線", "P11_003_02": null, "P11_003_03": null, "P11_003_04": null, "P11_003_05": null, "P11_003_06": null, "P11_003_07": null, "P11_003_08": null, "P11_003_09": null, "P11_003_10": null, "P11_003_11": null, "P11_003_12": null, "P11_003_13": null, "P11_003_14": null, "P11_003_15": null, "P11_003_16": null, "P11_003_17": null, "P11_003_18": null, "P11_003_19": null, "P11_003_20": null, "P11_003_21": null, "P11_003_22": null, "P11_003_23": null, "P11_003_24": null, "P11_003_25": null, "P11_003_26": null, "P11_003_27": null, "P11_003_28": null, "P11_003_29": null, "P11_003_30": null, "P11_003_31": null, "P11_003_32": null, "P11_003_33": null, "P11_003_34": null, "P11_003_35": null, "P11_004_01": "1", "P11_004_02": null, "P11_004_03": null, "P11_004_04": null, "P11_004_05": null, "P11_004_06": null, "P11_004_07": null, "P11_004_08": null, "P11_004_09": null, "P11_004_10": null, "P11_004_11": null, "P11_004_12": null, "P11_004_13": null, "P11_004_14": null, "P11_004_15": null, "P11_004_16": null, "P11_004_17": null, "P11_004_18": null, "P11_004_19": null, "P11_004_20": null, "P11_004_21": null, "P11_004_22": null, "P11_004_23": null, "P11_004_24": null, "P11_004_25": null, "P11_004_26": null, "P11_004_27": null, "P11_004_28": null, "P11_004_29": null, "P11_004_30": null, "P11_004_31": null, "P11_004_32": null, "P11_004_33": null, "P11_004_34": null, "P11_004_35": null, "P11_005": null, "nearest_node": "(139.40734842690105, 35.35399595886731)", "centrality": 0.029743498078469925, "community": 6, "size": 17.024071766602201 }, "geometry": { "type": "Point", "coordinates": [ 139.407348426901052, 35.353995958867309 ] } },
{ "type": "Feature", "properties": { "P11_001": "香川小学校入口", "P11_002": "神奈川中央交通（株）", "P11_003_01": "茅17,茅19,茅81,茅82,北部循環市立病院線", "P11_003_02": null, "P11_003_03": null, "P11_003_04": null, "P11_003_05": null, "P11_003_06": null, "P11_003_07": null, "P11_003_08": null, "P11_003_09": null, "P11_003_10": null, "P11_003_11": null, "P11_003_12": null, "P11_003_13": null, "P11_003_14": null, "P11_003_15": null, "P11_003_16": null, "P11_003_17": null, "P11_003_18": null, "P11_003_19": null, "P11_003_20": null, "P11_003_21": null, "P11_003_22": null, "P11_003_23": null, "P11_003_24": null, "P11_003_25": null, "P11_003_26": null, "P11_003_27": null, "P11_003_28": null, "P11_003_29": null, "P11_003_30": null, "P11_003_31": null, "P11_003_32": null, "P11_003_33": null, "P11_003_34": null, "P11_003_35": null, "P11_004_01": "1,1,1,1,1", "P11_004_02": null, "P11_004_03": null, "P11_004_04": null, "P11_004_05": null, "P11_004_06": null, "P11_004_07": null, "P11_004_08": null, "P11_004_09": null, "P11_004_10": null, "P11_004_11": null, "P11_004_12": null, "P11_004_13": null, "P11_004_14": null, "P11_004_15": null, "P11_004_16": null, "P11_004_17": null, "P11_004_18": null, "P11_004_19": null, "P11_004_20": null, "P11_004_21": null, "P11_004_22": null, "P11_004_23": null, "P11_004_24": null, "P11_004_25": null, "P11_004_26": null, "P11_004_27": null, "P11_004_28": null, "P11_004_29": null, "P11_004_30": null, "P11_004_31": null, "P11_004_32": null, "P11_004_33": null, "P11_004_34": null, "P11_004_35": null, "P11_005": null, "nearest_node": "(139.40904446162807, 35.352856520860755)", "centrality": 0.093743458356917983, "community": 6, "size": 32.137973731647556 }, "geometry": { "type": "Point", "coordinates": [ 139.409044461628071, 35.352856520860755 ] } },
{ "type": "Feature", "properties": { "P11_001": "八幡神社前", "P11_002": "神奈川中央交通（株）", "P11_003_01": "湘11,茅03,茅50", "P11_003_02": null, "P11_003_03": null, "P11_003_04": null, "P11_003_05": null, "P11_003_06": null, "P11_003_07": null, "P11_003_08": null, "P11_003_09": null, "P11_003_10": null, "P11_003_11": null, "P11_003_12": null, "P11_003_13": null, "P11_003_14": null, "P11_003_15": null, "P11_003_16": null, "P11_003_17": null, "P11_003_18": null, "P11_003_19": null, "P11_003_20": null, "P11_003_21": null, "P11_003_22": null, "P11_003_23": null, "P11_003_24": null, "P11_003_25": null, "P11_003_26": null, "P11_003_27": null, "P11_003_28": null, "P11_003_29": null, "P11_003_30": null, "P11_003_31": null, "P11_003_32": null, "P11_003_33": null, "P11_003_34": null, "P11_003_35": null, "P11_004_01": "1,1,1", "P11_004_02": null, "P11_004_03": null, "P11_004_04": null, "P11_004_05": null, "P11_004_06": null, "P11_004_07": null, "P11_004_08": null, "P11_004_09": null, "P11_004_10": null, "P11_004_11": null, "P11_004_12": null, "P11_004_13": null, "P11_004_14": null, "P11_004_15": null, "P11_004_16": null, "P11_004_17": null, "P11_004_18": null, "P11_004_19": null, "P11_004_20": null, "P11_004_21": null, "P11_004_22": null, "P11_004_23": null, "P11_004_24": null, "P11_004_25": null, "P11_004_26": null, "P11_004_27": null, "P11_004_28": null, "P11_004_29": null, "P11_004_30": null, "P11_004_31": null, "P11_004_32": null, "P11_004_33": null, "P11_004_34": null, "P11_004_35": null, "P11_005": null, "nearest_node": "(139.41496930581704, 35.350912952548725)", "centrality": 0.21656428436659031, "community": 2, "size": 61.142709289291155 }, "geometry": { "type": "Point", "coordinates": [ 139.417428436801487, 35.3522082906875 ] } },
{ "type": "Feature", "properties": { "P11_001": "変電所前", "P11_002": "神奈川中央交通（株）", "P11_003_01": "茅25,茅26", "P11_003_02": null, "P11_003_03": null, "P11_003_04": null, "P11_003_05": null, "P11_003_06": null, "P11_003_07": null, "P11_003_08": null, "P11_003_09": null, "P11_003_10": null, "P11_003_11": null, "P11_003_12": null, "P11_003_13": null, "P11_003_14": null, "P11_003_15": null, "P11_003_16": null, "P11_003_17": null, "P11_003_18": null, "P11_003_19": null, "P11_003_20": null, "P11_003_21": null, "P11_003_22": null, "P11_003_23": null, "P11_003_24": null, "P11_003_25": null, "P11_003_26": null, "P11_003_27": null, "P11_003_28": null, "P11_003_29": null, "P11_003_30": null, "P11_003_31": null, "P11_003_32": null, "P11_003_33": null, "P11_003_34": null, "P11_003_35": null, "P11_004_01": "1,1", "P11_004_02": null, "P11_004_03": null, "P11_004_04": null, "P11_004_05": null, "P11_004_06": null, "P11_004_07": null, "P11_004_08": null, "P11_004_09": null, "P11_004_10": null, "P11_004_11": null, "P11_004_12": null, "P11_004_13": null, "P11_004_14": null, "P11_004_15": null, "P11_004_16": null, "P11_004_17": null, "P11_004_18": null, "P11_004_19": null, "P11_004_20": null, "P11_004_21": null, "P11_004_22": null, "P11_004_23": null, "P11_004_24": null, "P11_004_25": null, "P11_004_26": null, "P11_004_27": null, "P11_004_28": null, "P11_004_29": null, "P11_004_30": null, "P11_004_31": null, "P11_004_32": null, "P11_004_33": null, "P11_004_34": null, "P11_004_35": null, "P11_005": null, "nearest_node": "(139.3965298818713, 35.35171718001167)", "centrality": 0.0058092769684511573, "community": 16, "size": 11.371889016914492 }, "geometry": { "type": "Point", "coordinates": [ 139.396529881871288, 35.351717180011669 ] } },
{ "type": "Feature", "properties": { "P11_001": "甘沼", "P11_002": "神奈川中央交通（株）", "P11_003_01": "湘11,茅03,茅50", "P11_003_02": null, "P11_003_03": null, "P11_003_04": null, "P11_003_05": null, "P11_003_06": null, "P11_003_07": null, "P11_003_08": null, "P11_003_09": null, "P11_003_10": null, "P11_003_11": null, "P11_003_12": null, "P11_003_13": null, "P11_003_14": null, "P11_003_15": null, "P11_003_16": null, "P11_003_17": null, "P11_003_18": null, "P11_003_19": null, "P11_003_20": null, "P11_003_21": null, "P11_003_22": null, "P11_003_23": null, "P11_003_24": null, "P11_003_25": null, "P11_003_26": null, "P11_003_27": null, "P11_003_28": null, "P11_003_29": null, "P11_003_30": null, "P11_003_31": null, "P11_003_32": null, "P11_003_33": null, "P11_003_34": null, "P11_003_35": null, "P11_004_01": "1,1,1", "P11_004_02": null, "P11_004_03": null, "P11_004_04": null, "P11_004_05": null, "P11_004_06": null, "P11_004_07": null, "P11_004_08": null, "P11_004_09": null, "P11_004_10": null, "P11_004_11": null, "P11_004_12": null, "P11_004_13": null, "P11_004_14": null, "P11_004_15": null, "P11_004_16": null, "P11_004_17": null, "P11_004_18": null, "P11_004_19": null, "P11_004_20": null, "P11_004_21": null, "P11_004_22": null, "P11_004_23": null, "P11_004_24": null, "P11_004_25": null, "P11_004_26": null, "P11_004_27": null, "P11_004_28": null, "P11_004_29": null, "P11_004_30": null, "P11_004_31": null, "P11_004_32": null, "P11_004_33": null, "P11_004_34": null, "P11_004_35": null, "P11_005": null, "nearest_node": "(139.41496930581704, 35.350912952548725)", "centrality": 0.21656428436659031, "community": 2, "size": 61.142709289291155 }, "geometry": { "type": "Point", "coordinates": [ 139.414969305817039, 35.350912952548725 ] } },
{ "type": "Feature", "properties": { "P11_001": "甘沼向原", "P11_002": "神奈川中央交通（株）", "P11_003_01": "北部循環市立病院線", "P11_003_02": null, "P11_003_03": null, "P11_003_04": null, "P11_003_05": null, "P11_003_06": null, "P11_003_07": null, "P11_003_08": null, "P11_003_09": null, "P11_003_10": null, "P11_003_11": null, "P11_003_12": null, "P11_003_13": null, "P11_003_14": null, "P11_003_15": null, "P11_003_16": null, "P11_003_17": null, "P11_003_18": null, "P11_003_19": null, "P11_003_20": null, "P11_003_21": null, "P11_003_22": null, "P11_003_23": null, "P11_003_24": null, "P11_003_25": null, "P11_003_26": null, "P11_003_27": null, "P11_003_28": null, "P11_003_29": null, "P11_003_30": null, "P11_003_31": null, "P11_003_32": null, "P11_003_33": null, "P11_003_34": null, "P11_003_35": null, "P11_004_01": "1", "P11_004_02": null, "P11_004_03": null, "P11_004_04": null, "P11_004_05": null, "P11_004_06": null, "P11_004_07": null, "P11_004_08": null, "P11_004_09": null, "P11_004_10": null, "P11_004_11": null, "P11_004_12": null, "P11_004_13": null, "P11_004_14": null, "P11_004_15": null, "P11_004_16": null, "P11_004_17": null, "P11_004_18": null, "P11_004_19": null, "P11_004_20": null, "P11_004_21": null, "P11_004_22": null, "P11_004_23": null, "P11_004_24": null, "P11_004_25": null, "P11_004_26": null, "P11_004_27": null, "P11_004_28": null, "P11_004_29": null, "P11_004_30": null, "P11_004_31": null, "P11_004_32": null, "P11_004_33": null, "P11_004_34": null, "P11_004_35": null, "P11_005": null, "nearest_node": "(139.4096807867345, 35.35089522231679)", "centrality": 0.098095947408665174, "community": 6, "size": 33.165835195089628 }, "geometry": { "type": "Point", "coordinates": [ 139.409680786734498, 35.350895222316787 ] } },
{ "type": "Feature", "properties": { "P11_001": "鶴が台名店街入口", "P11_002": "神奈川中央交通（株）", "P11_003_01": "茅15,茅81,茅82", "P11_003_02": null, "P11_003_03": null, "P11_003_04": null, "P11_003_05": null, "P11_003_06": null, "P11_003_07": null, "P11_003_08": null, "P11_003_09": null, "P11_003_10": null, "P11_003_11": null, "P11_003_12": null, "P11_003_13": null, "P11_003_14": null, "P11_003_15": null, "P11_003_16": null, "P11_003_17": null, "P11_003_18": null, "P11_003_19": null, "P11_003_20": null, "P11_003_21": null, "P11_003_22": null, "P11_003_23": null, "P11_003_24": null, "P11_003_25": null, "P11_003_26": null, "P11_003_27": null, "P11_003_28": null, "P11_003_29": null, "P11_003_30": null, "P11_003_31": null, "P11_003_32": null, "P11_003_33": null, "P11_003_34": null, "P11_003_35": null, "P11_004_01": "1,1,1", "P11_004_02": null, "P11_004_03": null, "P11_004_04": null, "P11_004_05": null, "P11_004_06": null, "P11_004_07": null, "P11_004_08": null, "P11_004_09": null, "P11_004_10": null, "P11_004_11": null, "P11_004_12": null, "P11_004_13": null, "P11_004_14": null, "P11_004_15": null, "P11_004_16": null, "P11_004_17": null, "P11_004_18": null, "P11_004_19": null, "P11_004_20": null, "P11_004_21": null, "P11_004_22": null, "P11_004_23": null, "P11_004_24": null, "P11_004_25": null, "P11_004_26": null, "P11_004_27": null, "P11_004_28": null, "P11_004_29": null, "P11_004_30": null, "P11_004_31": null, "P11_004_32": null, "P11_004_33": null, "P11_004_34": null, "P11_004_35": null, "P11_005": null, "nearest_node": "(139.40735938240104, 35.34920813487259)", "centrality": 0.0025997755732316461, "community": 2, "size": 10.613949648937119 }, "geometry": { "type": "Point", "coordinates": [ 139.40735938240104, 35.34920813487259 ] } },
{ "type": "Feature", "properties": { "P11_001": "赤羽根", "P11_002": "神奈川中央交通（株）", "P11_003_01": "辻07", "P11_003_02": null, "P11_003_03": null, "P11_003_04": null, "P11_003_05": null, "P11_003_06": null, "P11_003_07": null, "P11_003_08": null, "P11_003_09": null, "P11_003_10": null, "P11_003_11": null, "P11_003_12": null, "P11_003_13": null, "P11_003_14": null, "P11_003_15": null, "P11_003_16": null, "P11_003_17": null, "P11_003_18": null, "P11_003_19": null, "P11_003_20": null, "P11_003_21": null, "P11_003_22": null, "P11_003_23": null, "P11_003_24": null, "P11_003_25": null, "P11_003_26": null, "P11_003_27": null, "P11_003_28": null, "P11_003_29": null, "P11_003_30": null, "P11_003_31": null, "P11_003_32": null, "P11_003_33": null, "P11_003_34": null, "P11_003_35": null, "P11_004_01": "1", "P11_004_02": null, "P11_004_03": null, "P11_004_04": null, "P11_004_05": null, "P11_004_06": null, "P11_004_07": null, "P11_004_08": null, "P11_004_09": null, "P11_004_10": null, "P11_004_11": null, "P11_004_12": null, "P11_004_13": null, "P11_004_14": null, "P11_004_15": null, "P11_004_16": null, "P11_004_17": null, "P11_004_18": null, "P11_004_19": null, "P11_004_20": null, "P11_004_21": null, "P11_004_22": null, "P11_004_23": null, "P11_004_24": null, "P11_004_25": null, "P11_004_26": null, "P11_004_27": null, "P11_004_28": null, "P11_004_29": null, "P11_004_30": null, "P11_004_31": null, "P11_004_32": null, "P11_004_33": null, "P11_004_34": null, "P11_004_35": null, "P11_005": null, "nearest_node": "(139.42009838561054, 35.348987306317284)", "centrality": 0.0, "community": 0, "size": 10.0 }, "geometry": { "type": "Point", "coordinates": [ 139.420098385610544, 35.348987306317284 ] } },
{ "type": "Feature", "properties": { "P11_001": "鶴が台団地", "P11_002": "神奈川中央交通（株）", "P11_003_01": "茅15,茅81,茅82", "P11_003_02": null, "P11_003_03": null, "P11_003_04": null, "P11_003_05": null, "P11_003_06": null, "P11_003_07": null, "P11_003_08": null, "P11_003_09": null, "P11_003_10": null, "P11_003_11": null, "P11_003_12": null, "P11_003_13": null, "P11_003_14": null, "P11_003_15": null, "P11_003_16": null, "P11_003_17": null, "P11_003_18": null, "P11_003_19": null, "P11_003_20": null, "P11_003_21": null, "P11_003_22": null, "P11_003_23": null, "P11_003_24": null, "P11_003_25": null, "P11_003_26": null, "P11_003_27": null, "P11_003_28": null, "P11_003_29": null, "P11_003_30": null, "P11_003_31": null, "P11_003_32": null, "P11_003_33": null, "P11_003_34": null, "P11_003_35": null, "P11_004_01": "1,1,1", "P11_004_02": null, "P11_004_03": null, "P11_004_04": null, "P11_004_05": null, "P11_004_06": null, "P11_004_07": null, "P11_004_08": null, "P11_004_09": null, "P11_004_10": null, "P11_004_11": null, "P11_004_12": null, "P11_004_13": null, "P11_004_14": null, "P11_004_15": null, "P11_004_16": null, "P11_004_17": null, "P11_004_18": null, "P11_004_19": null, "P11_004_20": null, "P11_004_21": null, "P11_004_22": null, "P11_004_23": null, "P11_004_24": null, "P11_004_25": null, "P11_004_26": null, "P11_004_27": null, "P11_004_28": null, "P11_004_29": null, "P11_004_30": null, "P11_004_31": null, "P11_004_32": null, "P11_004_33": null, "P11_004_34": null, "P11_004_35": null, "P11_005": null, "nearest_node": "(139.40492829243456, 35.34890333302608)", "centrality": 0.00028152649924032528, "community": 2, "size": 10.066483852358164 }, "geometry": { "type": "Point", "coordinates": [ 139.404928292434562, 35.34890333302608 ] } },
{ "type": "Feature", "properties": { "P11_001": "高田", "P11_002": "神奈川中央交通（株）", "P11_003_01": "湘11,茅03,茅50", "P11_003_02": null, "P11_003_03": null, "P11_003_04": null, "P11_003_05": null, "P11_003_06": null, "P11_003_07": null, "P11_003_08": null, "P11_003_09": null, "P11_003_10": null, "P11_003_11": null, "P11_003_12": null, "P11_003_13": null, "P11_003_14": null, "P11_003_15": null, "P11_003_16": null, "P11_003_17": null, "P11_003_18": null, "P11_003_19": null, "P11_003_20": null, "P11_003_21": null, "P11_003_22": null, "P11_003_23": null, "P11_003_24": null, "P11_003_25": null, "P11_003_26": null, "P11_003_27": null, "P11_003_28": null, "P11_003_29": null, "P11_003_30": null, "P11_003_31": null, "P11_003_32": null, "P11_003_33": null, "P11_003_34": null, "P11_003_35": null, "P11_004_01": "1,1,1", "P11_004_02": null, "P11_004_03": null, "P11_004_04": null, "P11_004_05": null, "P11_004_06": null, "P11_004_07": null, "P11_004_08": null, "P11_004_09": null, "P11_004_10": null, "P11_004_11": null, "P11_004_12": null, "P11_004_13": null, "P11_004_14": null, "P11_004_15": null, "P11_004_16": null, "P11_004_17": null, "P11_004_18": null, "P11_004_19": null, "P11_004_20": null, "P11_004_21": null, "P11_004_22": null, "P11_004_23": null, "P11_004_24": null, "P11_004_25": null, "P11_004_26": null, "P11_004_27": null, "P11_004_28": null, "P11_004_29": null, "P11_004_30": null, "P11_004_31": null, "P11_004_32": null, "P11_004_33": null, "P11_004_34": null, "P11_004_35": null, "P11_005": null, "nearest_node": "(139.41398317870426, 35.34867207701526)", "centrality": 0.22044905214446736, "community": 2, "size": 62.060116098550886 }, "geometry": { "type": "Point", "coordinates": [ 139.413983178704257, 35.348672077015259 ] } },
{ "type": "Feature", "properties": { "P11_001": "萩園第一公園前", "P11_002": "神奈川中央交通（株）", "P11_003_01": "茅53", "P11_003_02": null, "P11_003_03": null, "P11_003_04": null, "P11_003_05": null, "P11_003_06": null, "P11_003_07": null, "P11_003_08": null, "P11_003_09": null, "P11_003_10": null, "P11_003_11": null, "P11_003_12": null, "P11_003_13": null, "P11_003_14": null, "P11_003_15": null, "P11_003_16": null, "P11_003_17": null, "P11_003_18": null, "P11_003_19": null, "P11_003_20": null, "P11_003_21": null, "P11_003_22": null, "P11_003_23": null, "P11_003_24": null, "P11_003_25": null, "P11_003_26": null, "P11_003_27": null, "P11_003_28": null, "P11_003_29": null, "P11_003_30": null, "P11_003_31": null, "P11_003_32": null, "P11_003_33": null, "P11_003_34": null, "P11_003_35": null, "P11_004_01": "1", "P11_004_02": null, "P11_004_03": null, "P11_004_04": null, "P11_004_05": null, "P11_004_06": null, "P11_004_07": null, "P11_004_08": null, "P11_004_09": null, "P11_004_10": null, "P11_004_11": null, "P11_004_12": null, "P11_004_13": null, "P11_004_14": null, "P11_004_15": null, "P11_004_16": null, "P11_004_17": null, "P11_004_18": null, "P11_004_19": null, "P11_004_20": null, "P11_004_21": null, "P11_004_22": null, "P11_004_23": null, "P11_004_24": null, "P11_004_25": null, "P11_004_26": null, "P11_004_27": null, "P11_004_28": null, "P11_004_29": null, "P11_004_30": null, "P11_004_31": null, "P11_004_32": null, "P11_004_33": null, "P11_004_34": null, "P11_004_35": null, "P11_005": null, "nearest_node": "(139.37736067890415, 35.34843064493155)", "centrality": 0.0058092769684511573, "community": 15, "size": 11.371889016914492 }, "geometry": { "type": "Point", "coordinates": [ 139.377360678904154, 35.348430644931547 ] } },
{ "type": "Feature", "properties": { "P11_001": "温水プール", "P11_002": "神奈川中央交通（株）", "P11_003_01": "鶴嶺循環市立病院線【鶴嶺南コース】", "P11_003_02": null, "P11_003_03": null, "P11_003_04": null, "P11_003_05": null, "P11_003_06": null, "P11_003_07": null, "P11_003_08": null, "P11_003_09": null, "P11_003_10": null, "P11_003_11": null, "P11_003_12": null, "P11_003_13": null, "P11_003_14": null, "P11_003_15": null, "P11_003_16": null, "P11_003_17": null, "P11_003_18": null, "P11_003_19": null, "P11_003_20": null, "P11_003_21": null, "P11_003_22": null, "P11_003_23": null, "P11_003_24": null, "P11_003_25": null, "P11_003_26": null, "P11_003_27": null, "P11_003_28": null, "P11_003_29": null, "P11_003_30": null, "P11_003_31": null, "P11_003_32": null, "P11_003_33": null, "P11_003_34": null, "P11_003_35": null, "P11_004_01": "1", "P11_004_02": null, "P11_004_03": null, "P11_004_04": null, "P11_004_05": null, "P11_004_06": null, "P11_004_07": null, "P11_004_08": null, "P11_004_09": null, "P11_004_10": null, "P11_004_11": null, "P11_004_12": null, "P11_004_13": null, "P11_004_14": null, "P11_004_15": null, "P11_004_16": null, "P11_004_17": null, "P11_004_18": null, "P11_004_19": null, "P11_004_20": null, "P11_004_21": null, "P11_004_22": null, "P11_004_23": null, "P11_004_24": null, "P11_004_25": null, "P11_004_26": null, "P11_004_27": null, "P11_004_28": null, "P11_004_29": null, "P11_004_30": null, "P11_004_31": null, "P11_004_32": null, "P11_004_33": null, "P11_004_34": null, "P11_004_35": null, "P11_005": null, "nearest_node": "(139.3735515090187, 35.348297018475634)", "centrality": 0.0, "community": 15, "size": 10.0 }, "geometry": { "type": "Point", "coordinates": [ 139.373551509018711, 35.348297018475634 ] } },
{ "type": "Feature", "properties": { "P11_001": "上の前", "P11_002": "神奈川中央交通（株）", "P11_003_01": "茅52,茅54", "P11_003_02": null, "P11_003_03": null, "P11_003_04": null, "P11_003_05": null, "P11_003_06": null, "P11_003_07": null, "P11_003_08": null, "P11_003_09": null, "P11_003_10": null, "P11_003_11": null, "P11_003_12": null, "P11_003_13": null, "P11_003_14": null, "P11_003_15": null, "P11_003_16": null, "P11_003_17": null, "P11_003_18": null, "P11_003_19": null, "P11_003_20": null, "P11_003_21": null, "P11_003_22": null, "P11_003_23": null, "P11_003_24": null, "P11_003_25": null, "P11_003_26": null, "P11_003_27": null, "P11_003_28": null, "P11_003_29": null, "P11_003_30": null, "P11_003_31": null, "P11_003_32": null, "P11_003_33": null, "P11_003_34": null, "P11_003_35": null, "P11_004_01": "1,1", "P11_004_02": null, "P11_004_03": null, "P11_004_04": null, "P11_004_05": null, "P11_004_06": null, "P11_004_07": null, "P11_004_08": null, "P11_004_09": null, "P11_004_10": null, "P11_004_11": null, "P11_004_12": null, "P11_004_13": null, "P11_004_14": null, "P11_004_15": null, "P11_004_16": null, "P11_004_17": null, "P11_004_18": null, "P11_004_19": null, "P11_004_20": null, "P11_004_21": null, "P11_004_22": null, "P11_004_23": null, "P11_004_24": null, "P11_004_25": null, "P11_004_26": null, "P11_004_27": null, "P11_004_28": null, "P11_004_29": null, "P11_004_30": null, "P11_004_31": null, "P11_004_32": null, "P11_004_33": null, "P11_004_34": null, "P11_004_35": null, "P11_005": null, "nearest_node": "(139.37973420959685, 35.34828290175651)", "centrality": 0.0058092769684511573, "community": 15, "size": 11.371889016914492 }, "geometry": { "type": "Point", "coordinates": [ 139.379734209596847, 35.348282901756512 ] } },
{ "type": "Feature", "properties": { "P11_001": "鶴が台中学校前", "P11_002": "神奈川中央交通（株）", "P11_003_01": "茅15,茅17,茅19,茅81,茅82,北部循環市立病院線", "P11_003_02": null, "P11_003_03": null, "P11_003_04": null, "P11_003_05": null, "P11_003_06": null, "P11_003_07": null, "P11_003_08": null, "P11_003_09": null, "P11_003_10": null, "P11_003_11": null, "P11_003_12": null, "P11_003_13": null, "P11_003_14": null, "P11_003_15": null, "P11_003_16": null, "P11_003_17": null, "P11_003_18": null, "P11_003_19": null, "P11_003_20": null, "P11_003_21": null, "P11_003_22": null, "P11_003_23": null, "P11_003_24": null, "P11_003_25": null, "P11_003_26": null, "P11_003_27": null, "P11_003_28": null, "P11_003_29": null, "P11_003_30": null, "P11_003_31": null, "P11_003_32": null, "P11_003_33": null, "P11_003_34": null, "P11_003_35": null, "P11_004_01": "1,1,1,1,1,1", "P11_004_02": null, "P11_004_03": null, "P11_004_04": null, "P11_004_05": null, "P11_004_06": null, "P11_004_07": null, "P11_004_08": null, "P11_004_09": null, "P11_004_10": null, "P11_004_11": null, "P11_004_12": null, "P11_004_13": null, "P11_004_14": null, "P11_004_15": null, "P11_004_16": null, "P11_004_17": null, "P11_004_18": null, "P11_004_19": null, "P11_004_20": null, "P11_004_21": null, "P11_004_22": null, "P11_004_23": null, "P11_004_24": null, "P11_004_25": null, "P11_004_26": null, "P11_004_27": null, "P11_004_28": null, "P11_004_29": null, "P11_004_30": null, "P11_004_31": null, "P11_004_32": null, "P11_004_33": null, "P11_004_34": null, "P11_004_35": null, "P11_005": null, "nearest_node": "(139.41051098578828, 35.34822878084927)", "centrality": 0.12125639268726224, "community": 2, "size": 38.635287017943199 }, "geometry": { "type": "Point", "coordinates": [ 139.410510985788278, 35.348228780849269 ] } },
{ "type": "Feature", "properties": { "P11_001": "西久保", "P11_002": "神奈川中央交通（株）", "P11_003_01": "茅25,茅26", "P11_003_02": null, "P11_003_03": null, "P11_003_04": null, "P11_003_05": null, "P11_003_06": null, "P11_003_07": null, "P11_003_08": null, "P11_003_09": null, "P11_003_10": null, "P11_003_11": null, "P11_003_12": null, "P11_003_13": null, "P11_003_14": null, "P11_003_15": null, "P11_003_16": null, "P11_003_17": null, "P11_003_18": null, "P11_003_19": null, "P11_003_20": null, "P11_003_21": null, "P11_003_22": null, "P11_003_23": null, "P11_003_24": null, "P11_003_25": null, "P11_003_26": null, "P11_003_27": null, "P11_003_28": null, "P11_003_29": null, "P11_003_30": null, "P11_003_31": null, "P11_003_32": null, "P11_003_33": null, "P11_003_34": null, "P11_003_35": null, "P11_004_01": "1,1", "P11_004_02": null, "P11_004_03": null, "P11_004_04": null, "P11_004_05": null, "P11_004_06": null, "P11_004_07": null, "P11_004_08": null, "P11_004_09": null, "P11_004_10": null, "P11_004_11": null, "P11_004_12": null, "P11_004_13": null, "P11_004_14": null, "P11_004_15": null, "P11_004_16": null, "P11_004_17": null, "P11_004_18": null, "P11_004_19": null, "P11_004_20": null, "P11_004_21": null, "P11_004_22": null, "P11_004_23": null, "P11_004_24": null, "P11_004_25": null, "P11_004_26": null, "P11_004_27": null, "P11_004_28": null, "P11_004_29": null, "P11_004_30": null, "P11_004_31": null, "P11_004_32": null, "P11_004_33": null, "P11_004_34": null, "P11_004_35": null, "P11_005": null, "nearest_node": "(139.3971883612746, 35.34811610166004)", "centrality": 0.011582804540173384, "community": 16, "size": 12.735335639878741 }, "geometry": { "type": "Point", "coordinates": [ 139.397188361274601, 35.34811610166004 ] } },
{ "type": "Feature", "properties": { "P11_001": "県立茅ヶ崎養護学校", "P11_002": "神奈川中央交通（株）", "P11_003_01": "鶴嶺循環市立病院線【鶴嶺北コース】", "P11_003_02": null, "P11_003_03": null, "P11_003_04": null, "P11_003_05": null, "P11_003_06": null, "P11_003_07": null, "P11_003_08": null, "P11_003_09": null, "P11_003_10": null, "P11_003_11": null, "P11_003_12": null, "P11_003_13": null, "P11_003_14": null, "P11_003_15": null, "P11_003_16": null, "P11_003_17": null, "P11_003_18": null, "P11_003_19": null, "P11_003_20": null, "P11_003_21": null, "P11_003_22": null, "P11_003_23": null, "P11_003_24": null, "P11_003_25": null, "P11_003_26": null, "P11_003_27": null, "P11_003_28": null, "P11_003_29": null, "P11_003_30": null, "P11_003_31": null, "P11_003_32": null, "P11_003_33": null, "P11_003_34": null, "P11_003_35": null, "P11_004_01": "1", "P11_004_02": null, "P11_004_03": null, "P11_004_04": null, "P11_004_05": null, "P11_004_06": null, "P11_004_07": null, "P11_004_08": null, "P11_004_09": null, "P11_004_10": null, "P11_004_11": null, "P11_004_12": null, "P11_004_13": null, "P11_004_14": null, "P11_004_15": null, "P11_004_16": null, "P11_004_17": null, "P11_004_18": null, "P11_004_19": null, "P11_004_20": null, "P11_004_21": null, "P11_004_22": null, "P11_004_23": null, "P11_004_24": null, "P11_004_25": null, "P11_004_26": null, "P11_004_27": null, "P11_004_28": null, "P11_004_29": null, "P11_004_30": null, "P11_004_31": null, "P11_004_32": null, "P11_004_33": null, "P11_004_34": null, "P11_004_35": null, "P11_005": null, "nearest_node": "(139.38891233932645, 35.34792922112821)", "centrality": 0.0, "community": 13, "size": 10.0 }, "geometry": { "type": "Point", "coordinates": [ 139.388912339326453, 35.347929221128211 ] } },
{ "type": "Feature", "properties": { "P11_001": "中赤羽根", "P11_002": "神奈川中央交通（株）", "P11_003_01": "辻07", "P11_003_02": null, "P11_003_03": null, "P11_003_04": null, "P11_003_05": null, "P11_003_06": null, "P11_003_07": null, "P11_003_08": null, "P11_003_09": null, "P11_003_10": null, "P11_003_11": null, "P11_003_12": null, "P11_003_13": null, "P11_003_14": null, "P11_003_15": null, "P11_003_16": null, "P11_003_17": null, "P11_003_18": null, "P11_003_19": null, "P11_003_20": null, "P11_003_21": null, "P11_003_22": null, "P11_003_23": null, "P11_003_24": null, "P11_003_25": null, "P11_003_26": null, "P11_003_27": null, "P11_003_28": null, "P11_003_29": null, "P11_003_30": null, "P11_003_31": null, "P11_003_32": null, "P11_003_33": null, "P11_003_34": null, "P11_003_35": null, "P11_004_01": "1", "P11_004_02": null, "P11_004_03": null, "P11_004_04": null, "P11_004_05": null, "P11_004_06": null, "P11_004_07": null, "P11_004_08": null, "P11_004_09": null, "P11_004_10": null, "P11_004_11": null, "P11_004_12": null, "P11_004_13": null, "P11_004_14": null, "P11_004_15": null, "P11_004_16": null, "P11_004_17": null, "P11_004_18": null, "P11_004_19": null, "P11_004_20": null, "P11_004_21": null, "P11_004_22": null, "P11_004_23": null, "P11_004_24": null, "P11_004_25": null, "P11_004_26": null, "P11_004_27": null, "P11_004_28": null, "P11_004_29": null, "P11_004_30": null, "P11_004_31": null, "P11_004_32": null, "P11_004_33": null, "P11_004_34": null, "P11_004_35": null, "P11_005": null, "nearest_node": "(139.42389284571243, 35.34786803299484)", "centrality": 7.1498793457860395e-05, "community": 0, "size": 10.016884787900485 }, "geometry": { "type": "Point", "coordinates": [ 139.42389284571243, 35.347868032994839 ] } },
{ "type": "Feature", "properties": { "P11_001": "十二天神社入口", "P11_002": "神奈川中央交通（株）", "P11_003_01": "鶴嶺循環市立病院線【鶴嶺北コース】", "P11_003_02": null, "P11_003_03": null, "P11_003_04": null, "P11_003_05": null, "P11_003_06": null, "P11_003_07": null, "P11_003_08": null, "P11_003_09": null, "P11_003_10": null, "P11_003_11": null, "P11_003_12": null, "P11_003_13": null, "P11_003_14": null, "P11_003_15": null, "P11_003_16": null, "P11_003_17": null, "P11_003_18": null, "P11_003_19": null, "P11_003_20": null, "P11_003_21": null, "P11_003_22": null, "P11_003_23": null, "P11_003_24": null, "P11_003_25": null, "P11_003_26": null, "P11_003_27": null, "P11_003_28": null, "P11_003_29": null, "P11_003_30": null, "P11_003_31": null, "P11_003_32": null, "P11_003_33": null, "P11_003_34": null, "P11_003_35": null, "P11_004_01": "1", "P11_004_02": null, "P11_004_03": null, "P11_004_04": null, "P11_004_05": null, "P11_004_06": null, "P11_004_07": null, "P11_004_08": null, "P11_004_09": null, "P11_004_10": null, "P11_004_11": null, "P11_004_12": null, "P11_004_13": null, "P11_004_14": null, "P11_004_15": null, "P11_004_16": null, "P11_004_17": null, "P11_004_18": null, "P11_004_19": null, "P11_004_20": null, "P11_004_21": null, "P11_004_22": null, "P11_004_23": null, "P11_004_24": null, "P11_004_25": null, "P11_004_26": null, "P11_004_27": null, "P11_004_28": null, "P11_004_29": null, "P11_004_30": null, "P11_004_31": null, "P11_004_32": null, "P11_004_33": null, "P11_004_34": null, "P11_004_35": null, "P11_005": null, "nearest_node": "(139.38452983588544, 35.34735555563558)", "centrality": 0.018076620539326536, "community": 13, "size": 14.268881879020622 }, "geometry": { "type": "Point", "coordinates": [ 139.384529835885445, 35.347355555635581 ] } },
{ "type": "Feature", "properties": { "P11_001": "鶴が台中学校南", "P11_002": "神奈川中央交通（株）", "P11_003_01": "北部循環市立病院線", "P11_003_02": null, "P11_003_03": null, "P11_003_04": null, "P11_003_05": null, "P11_003_06": null, "P11_003_07": null, "P11_003_08": null, "P11_003_09": null, "P11_003_10": null, "P11_003_11": null, "P11_003_12": null, "P11_003_13": null, "P11_003_14": null, "P11_003_15": null, "P11_003_16": null, "P11_003_17": null, "P11_003_18": null, "P11_003_19": null, "P11_003_20": null, "P11_003_21": null, "P11_003_22": null, "P11_003_23": null, "P11_003_24": null, "P11_003_25": null, "P11_003_26": null, "P11_003_27": null, "P11_003_28": null, "P11_003_29": null, "P11_003_30": null, "P11_003_31": null, "P11_003_32": null, "P11_003_33": null, "P11_003_34": null, "P11_003_35": null, "P11_004_01": "1", "P11_004_02": null, "P11_004_03": null, "P11_004_04": null, "P11_004_05": null, "P11_004_06": null, "P11_004_07": null, "P11_004_08": null, "P11_004_09": null, "P11_004_10": null, "P11_004_11": null, "P11_004_12": null, "P11_004_13": null, "P11_004_14": null, "P11_004_15": null, "P11_004_16": null, "P11_004_17": null, "P11_004_18": null, "P11_004_19": null, "P11_004_20": null, "P11_004_21": null, "P11_004_22": null, "P11_004_23": null, "P11_004_24": null, "P11_004_25": null, "P11_004_26": null, "P11_004_27": null, "P11_004_28": null, "P11_004_29": null, "P11_004_30": null, "P11_004_31": null, "P11_004_32": null, "P11_004_33": null, "P11_004_34": null, "P11_004_35": null, "P11_005": null, "nearest_node": "(139.41187039833508, 35.34735681299035)", "centrality": 0.0033934121806138942, "community": 2, "size": 10.801370794632513 }, "geometry": { "type": "Point", "coordinates": [ 139.411870398335083, 35.347356812990348 ] } },
{ "type": "Feature", "properties": { "P11_001": "六図", "P11_002": "神奈川中央交通（株）", "P11_003_01": "辻07", "P11_003_02": null, "P11_003_03": null, "P11_003_04": null, "P11_003_05": null, "P11_003_06": null, "P11_003_07": null, "P11_003_08": null, "P11_003_09": null, "P11_003_10": null, "P11_003_11": null, "P11_003_12": null, "P11_003_13": null, "P11_003_14": null, "P11_003_15": null, "P11_003_16": null, "P11_003_17": null, "P11_003_18": null, "P11_003_19": null, "P11_003_20": null, "P11_003_21": null, "P11_003_22": null, "P11_003_23": null, "P11_003_24": null, "P11_003_25": null, "P11_003_26": null, "P11_003_27": null, "P11_003_28": null, "P11_003_29": null, "P11_003_30": null, "P11_003_31": null, "P11_003_32": null, "P11_003_33": null, "P11_003_34": null, "P11_003_35": null, "P11_004_01": "1", "P11_004_02": null, "P11_004_03": null, "P11_004_04": null, "P11_004_05": null, "P11_004_06": null, "P11_004_07": null, "P11_004_08": null, "P11_004_09": null, "P11_004_10": null, "P11_004_11": null, "P11_004_12": null, "P11_004_13": null, "P11_004_14": null, "P11_004_15": null, "P11_004_16": null, "P11_004_17": null, "P11_004_18": null, "P11_004_19": null, "P11_004_20": null, "P11_004_21": null, "P11_004_22": null, "P11_004_23": null, "P11_004_24": null, "P11_004_25": null, "P11_004_26": null, "P11_004_27": null, "P11_004_28": null, "P11_004_29": null, "P11_004_30": null, "P11_004_31": null, "P11_004_32": null, "P11_004_33": null, "P11_004_34": null, "P11_004_35": null, "P11_005": null, "nearest_node": "(139.43977417397727, 35.34733163937767)", "centrality": 7.1498793457860395e-05, "community": 0, "size": 10.016884787900485 }, "geometry": { "type": "Point", "coordinates": [ 139.43977417397727, 35.347331639377671 ] } },
{ "type": "Feature", "properties": { "P11_001": "番場", "P11_002": "神奈川中央交通（株）", "P11_003_01": "茅41,茅45", "P11_003_02": null, "P11_003_03": null, "P11_003_04": null, "P11_003_05": null, "P11_003_06": null, "P11_003_07": null, "P11_003_08": null, "P11_003_09": null, "P11_003_10": null, "P11_003_11": null, "P11_003_12": null, "P11_003_13": null, "P11_003_14": null, "P11_003_15": null, "P11_003_16": null, "P11_003_17": null, "P11_003_18": null, "P11_003_19": null, "P11_003_20": null, "P11_003_21": null, "P11_003_22": null, "P11_003_23": null, "P11_003_24": null, "P11_003_25": null, "P11_003_26": null, "P11_003_27": null, "P11_003_28": null, "P11_003_29": null, "P11_003_30": null, "P11_003_31": null, "P11_003_32": null, "P11_003_33": null, "P11_003_34": null, "P11_003_35": null, "P11_004_01": "1,1", "P11_004_02": null, "P11_004_03": null, "P11_004_04": null, "P11_004_05": null, "P11_004_06": null, "P11_004_07": null, "P11_004_08": null, "P11_004_09": null, "P11_004_10": null, "P11_004_11": null, "P11_004_12": null, "P11_004_13": null, "P11_004_14": null, "P11_004_15": null, "P11_004_16": null, "P11_004_17": null, "P11_004_18": null, "P11_004_19": null, "P11_004_20": null, "P11_004_21": null, "P11_004_22": null, "P11_004_23": null, "P11_004_24": null, "P11_004_25": null, "P11_004_26": null, "P11_004_27": null, "P11_004_28": null, "P11_004_29": null, "P11_004_30": null, "P11_004_31": null, "P11_004_32": null, "P11_004_33": null, "P11_004_34": null, "P11_004_35": null, "P11_005": null, "nearest_node": "(139.38393071992925, 35.34727083325466)", "centrality": 0.038292904389536551, "community": 13, "size": 19.043055657883052 }, "geometry": { "type": "Point", "coordinates": [ 139.383930719929253, 35.347270833254662 ] } },
{ "type": "Feature", "properties": { "P11_001": "松林ケアセンター前", "P11_002": "神奈川中央交通（株）", "P11_003_01": "辻07", "P11_003_02": null, "P11_003_03": null, "P11_003_04": null, "P11_003_05": null, "P11_003_06": null, "P11_003_07": null, "P11_003_08": null, "P11_003_09": null, "P11_003_10": null, "P11_003_11": null, "P11_003_12": null, "P11_003_13": null, "P11_003_14": null, "P11_003_15": null, "P11_003_16": null, "P11_003_17": null, "P11_003_18": null, "P11_003_19": null, "P11_003_20": null, "P11_003_21": null, "P11_003_22": null, "P11_003_23": null, "P11_003_24": null, "P11_003_25": null, "P11_003_26": null, "P11_003_27": null, "P11_003_28": null, "P11_003_29": null, "P11_003_30": null, "P11_003_31": null, "P11_003_32": null, "P11_003_33": null, "P11_003_34": null, "P11_003_35": null, "P11_004_01": "1", "P11_004_02": null, "P11_004_03": null, "P11_004_04": null, "P11_004_05": null, "P11_004_06": null, "P11_004_07": null, "P11_004_08": null, "P11_004_09": null, "P11_004_10": null, "P11_004_11": null, "P11_004_12": null, "P11_004_13": null, "P11_004_14": null, "P11_004_15": null, "P11_004_16": null, "P11_004_17": null, "P11_004_18": null, "P11_004_19": null, "P11_004_20": null, "P11_004_21": null, "P11_004_22": null, "P11_004_23": null, "P11_004_24": null, "P11_004_25": null, "P11_004_26": null, "P11_004_27": null, "P11_004_28": null, "P11_004_29": null, "P11_004_30": null, "P11_004_31": null, "P11_004_32": null, "P11_004_33": null, "P11_004_34": null, "P11_004_35": null, "P11_005": null, "nearest_node": "(139.42877679611365, 35.347023493343514)", "centrality": 0.00010724819018679059, "community": 0, "size": 10.025327181850729 }, "geometry": { "type": "Point", "coordinates": [ 139.428776796113652, 35.347023493343514 ] } },
{ "type": "Feature", "properties": { "P11_001": "菱沼一丁目", "P11_002": "神奈川中央交通（株）", "P11_003_01": "辻07", "P11_003_02": null, "P11_003_03": null, "P11_003_04": null, "P11_003_05": null, "P11_003_06": null, "P11_003_07": null, "P11_003_08": null, "P11_003_09": null, "P11_003_10": null, "P11_003_11": null, "P11_003_12": null, "P11_003_13": null, "P11_003_14": null, "P11_003_15": null, "P11_003_16": null, "P11_003_17": null, "P11_003_18": null, "P11_003_19": null, "P11_003_20": null, "P11_003_21": null, "P11_003_22": null, "P11_003_23": null, "P11_003_24": null, "P11_003_25": null, "P11_003_26": null, "P11_003_27": null, "P11_003_28": null, "P11_003_29": null, "P11_003_30": null, "P11_003_31": null, "P11_003_32": null, "P11_003_33": null, "P11_003_34": null, "P11_003_35": null, "P11_004_01": "1", "P11_004_02": null, "P11_004_03": null, "P11_004_04": null, "P11_004_05": null, "P11_004_06": null, "P11_004_07": null, "P11_004_08": null, "P11_004_09": null, "P11_004_10": null, "P11_004_11": null, "P11_004_12": null, "P11_004_13": null, "P11_004_14": null, "P11_004_15": null, "P11_004_16": null, "P11_004_17": null, "P11_004_18": null, "P11_004_19": null, "P11_004_20": null, "P11_004_21": null, "P11_004_22": null, "P11_004_23": null, "P11_004_24": null, "P11_004_25": null, "P11_004_26": null, "P11_004_27": null, "P11_004_28": null, "P11_004_29": null, "P11_004_30": null, "P11_004_31": null, "P11_004_32": null, "P11_004_33": null, "P11_004_34": null, "P11_004_35": null, "P11_005": null, "nearest_node": "(139.4320179446589, 35.34686902597545)", "centrality": 0.00010724819018679059, "community": 0, "size": 10.025327181850729 }, "geometry": { "type": "Point", "coordinates": [ 139.432017944658895, 35.346869025975451 ] } },
{ "type": "Feature", "properties": { "P11_001": "萩園橋", "P11_002": "神奈川中央交通（株）", "P11_003_01": "鶴嶺循環市立病院線【鶴嶺北コース】", "P11_003_02": null, "P11_003_03": null, "P11_003_04": null, "P11_003_05": null, "P11_003_06": null, "P11_003_07": null, "P11_003_08": null, "P11_003_09": null, "P11_003_10": null, "P11_003_11": null, "P11_003_12": null, "P11_003_13": null, "P11_003_14": null, "P11_003_15": null, "P11_003_16": null, "P11_003_17": null, "P11_003_18": null, "P11_003_19": null, "P11_003_20": null, "P11_003_21": null, "P11_003_22": null, "P11_003_23": null, "P11_003_24": null, "P11_003_25": null, "P11_003_26": null, "P11_003_27": null, "P11_003_28": null, "P11_003_29": null, "P11_003_30": null, "P11_003_31": null, "P11_003_32": null, "P11_003_33": null, "P11_003_34": null, "P11_003_35": null, "P11_004_01": "1", "P11_004_02": null, "P11_004_03": null, "P11_004_04": null, "P11_004_05": null, "P11_004_06": null, "P11_004_07": null, "P11_004_08": null, "P11_004_09": null, "P11_004_10": null, "P11_004_11": null, "P11_004_12": null, "P11_004_13": null, "P11_004_14": null, "P11_004_15": null, "P11_004_16": null, "P11_004_17": null, "P11_004_18": null, "P11_004_19": null, "P11_004_20": null, "P11_004_21": null, "P11_004_22": null, "P11_004_23": null, "P11_004_24": null, "P11_004_25": null, "P11_004_26": null, "P11_004_27": null, "P11_004_28": null, "P11_004_29": null, "P11_004_30": null, "P11_004_31": null, "P11_004_32": null, "P11_004_33": null, "P11_004_34": null, "P11_004_35": null, "P11_005": null, "nearest_node": "(139.3855411707809, 35.34684648209458)", "centrality": 0.013095537928428925, "community": 13, "size": 13.092574988620093 }, "geometry": { "type": "Point", "coordinates": [ 139.385541170780897, 35.346846482094577 ] } },
{ "type": "Feature", "properties": { "P11_001": "西の谷", "P11_002": "神奈川中央交通（株）", "P11_003_01": "茅52,茅53,茅54", "P11_003_02": null, "P11_003_03": null, "P11_003_04": null, "P11_003_05": null, "P11_003_06": null, "P11_003_07": null, "P11_003_08": null, "P11_003_09": null, "P11_003_10": null, "P11_003_11": null, "P11_003_12": null, "P11_003_13": null, "P11_003_14": null, "P11_003_15": null, "P11_003_16": null, "P11_003_17": null, "P11_003_18": null, "P11_003_19": null, "P11_003_20": null, "P11_003_21": null, "P11_003_22": null, "P11_003_23": null, "P11_003_24": null, "P11_003_25": null, "P11_003_26": null, "P11_003_27": null, "P11_003_28": null, "P11_003_29": null, "P11_003_30": null, "P11_003_31": null, "P11_003_32": null, "P11_003_33": null, "P11_003_34": null, "P11_003_35": null, "P11_004_01": "1,1,1", "P11_004_02": null, "P11_004_03": null, "P11_004_04": null, "P11_004_05": null, "P11_004_06": null, "P11_004_07": null, "P11_004_08": null, "P11_004_09": null, "P11_004_10": null, "P11_004_11": null, "P11_004_12": null, "P11_004_13": null, "P11_004_14": null, "P11_004_15": null, "P11_004_16": null, "P11_004_17": null, "P11_004_18": null, "P11_004_19": null, "P11_004_20": null, "P11_004_21": null, "P11_004_22": null, "P11_004_23": null, "P11_004_24": null, "P11_004_25": null, "P11_004_26": null, "P11_004_27": null, "P11_004_28": null, "P11_004_29": null, "P11_004_30": null, "P11_004_31": null, "P11_004_32": null, "P11_004_33": null, "P11_004_34": null, "P11_004_35": null, "P11_005": null, "nearest_node": "(139.37950799861719, 35.34640283241943)", "centrality": 0.028688890874966483, "community": 15, "size": 16.775021145070031 }, "geometry": { "type": "Point", "coordinates": [ 139.379507998617186, 35.346402832419429 ] } },
{ "type": "Feature", "properties": { "P11_001": "徳洲会老人保健施設浜之郷前", "P11_002": "神奈川中央交通（株）", "P11_003_01": "鶴嶺循環市立病院線【鶴嶺北コース】", "P11_003_02": null, "P11_003_03": null, "P11_003_04": null, "P11_003_05": null, "P11_003_06": null, "P11_003_07": null, "P11_003_08": null, "P11_003_09": null, "P11_003_10": null, "P11_003_11": null, "P11_003_12": null, "P11_003_13": null, "P11_003_14": null, "P11_003_15": null, "P11_003_16": null, "P11_003_17": null, "P11_003_18": null, "P11_003_19": null, "P11_003_20": null, "P11_003_21": null, "P11_003_22": null, "P11_003_23": null, "P11_003_24": null, "P11_003_25": null, "P11_003_26": null, "P11_003_27": null, "P11_003_28": null, "P11_003_29": null, "P11_003_30": null, "P11_003_31": null, "P11_003_32": null, "P11_003_33": null, "P11_003_34": null, "P11_003_35": null, "P11_004_01": "1", "P11_004_02": null, "P11_004_03": null, "P11_004_04": null, "P11_004_05": null, "P11_004_06": null, "P11_004_07": null, "P11_004_08": null, "P11_004_09": null, "P11_004_10": null, "P11_004_11": null, "P11_004_12": null, "P11_004_13": null, "P11_004_14": null, "P11_004_15": null, "P11_004_16": null, "P11_004_17": null, "P11_004_18": null, "P11_004_19": null, "P11_004_20": null, "P11_004_21": null, "P11_004_22": null, "P11_004_23": null, "P11_004_24": null, "P11_004_25": null, "P11_004_26": null, "P11_004_27": null, "P11_004_28": null, "P11_004_29": null, "P11_004_30": null, "P11_004_31": null, "P11_004_32": null, "P11_004_33": null, "P11_004_34": null, "P11_004_35": null, "P11_005": null, "nearest_node": "(139.38849079886282, 35.3458219877612)", "centrality": 0.0098011652600981363, "community": 13, "size": 12.314592856617999 }, "geometry": { "type": "Point", "coordinates": [ 139.388490798862819, 35.345821987761198 ] } },
{ "type": "Feature", "properties": { "P11_001": "鶴が台入口", "P11_002": "神奈川中央交通（株）", "P11_003_01": "湘11,茅03,茅50,茅15,茅17,茅19,茅81,茅82,北部循環市立病院線", "P11_003_02": null, "P11_003_03": null, "P11_003_04": null, "P11_003_05": null, "P11_003_06": null, "P11_003_07": null, "P11_003_08": null, "P11_003_09": null, "P11_003_10": null, "P11_003_11": null, "P11_003_12": null, "P11_003_13": null, "P11_003_14": null, "P11_003_15": null, "P11_003_16": null, "P11_003_17": null, "P11_003_18": null, "P11_003_19": null, "P11_003_20": null, "P11_003_21": null, "P11_003_22": null, "P11_003_23": null, "P11_003_24": null, "P11_003_25": null, "P11_003_26": null, "P11_003_27": null, "P11_003_28": null, "P11_003_29": null, "P11_003_30": null, "P11_003_31": null, "P11_003_32": null, "P11_003_33": null, "P11_003_34": null, "P11_003_35": null, "P11_004_01": "1,1,1,1,1,1,1,1,1", "P11_004_02": null, "P11_004_03": null, "P11_004_04": null, "P11_004_05": null, "P11_004_06": null, "P11_004_07": null, "P11_004_08": null, "P11_004_09": null, "P11_004_10": null, "P11_004_11": null, "P11_004_12": null, "P11_004_13": null, "P11_004_14": null, "P11_004_15": null, "P11_004_16": null, "P11_004_17": null, "P11_004_18": null, "P11_004_19": null, "P11_004_20": null, "P11_004_21": null, "P11_004_22": null, "P11_004_23": null, "P11_004_24": null, "P11_004_25": null, "P11_004_26": null, "P11_004_27": null, "P11_004_28": null, "P11_004_29": null, "P11_004_30": null, "P11_004_31": null, "P11_004_32": null, "P11_004_33": null, "P11_004_34": null, "P11_004_35": null, "P11_005": null, "nearest_node": "(139.41291591736874, 35.34576492042657)", "centrality": 0.3521824013664212, "community": 2, "size": 93.16958737017859 }, "geometry": { "type": "Point", "coordinates": [ 139.412915917368736, 35.345764920426568 ] } },
{ "type": "Feature", "properties": { "P11_001": "環境事業センター", "P11_002": "神奈川中央交通（株）", "P11_003_01": "鶴嶺循環市立病院線【鶴嶺南コース】", "P11_003_02": null, "P11_003_03": null, "P11_003_04": null, "P11_003_05": null, "P11_003_06": null, "P11_003_07": null, "P11_003_08": null, "P11_003_09": null, "P11_003_10": null, "P11_003_11": null, "P11_003_12": null, "P11_003_13": null, "P11_003_14": null, "P11_003_15": null, "P11_003_16": null, "P11_003_17": null, "P11_003_18": null, "P11_003_19": null, "P11_003_20": null, "P11_003_21": null, "P11_003_22": null, "P11_003_23": null, "P11_003_24": null, "P11_003_25": null, "P11_003_26": null, "P11_003_27": null, "P11_003_28": null, "P11_003_29": null, "P11_003_30": null, "P11_003_31": null, "P11_003_32": null, "P11_003_33": null, "P11_003_34": null, "P11_003_35": null, "P11_004_01": "1", "P11_004_02": null, "P11_004_03": null, "P11_004_04": null, "P11_004_05": null, "P11_004_06": null, "P11_004_07": null, "P11_004_08": null, "P11_004_09": null, "P11_004_10": null, "P11_004_11": null, "P11_004_12": null, "P11_004_13": null, "P11_004_14": null, "P11_004_15": null, "P11_004_16": null, "P11_004_17": null, "P11_004_18": null, "P11_004_19": null, "P11_004_20": null, "P11_004_21": null, "P11_004_22": null, "P11_004_23": null, "P11_004_24": null, "P11_004_25": null, "P11_004_26": null, "P11_004_27": null, "P11_004_28": null, "P11_004_29": null, "P11_004_30": null, "P11_004_31": null, "P11_004_32": null, "P11_004_33": null, "P11_004_34": null, "P11_004_35": null, "P11_005": null, "nearest_node": "(139.37659952064234, 35.34560649648093)", "centrality": 0.0058092769684511573, "community": 15, "size": 11.371889016914492 }, "geometry": { "type": "Point", "coordinates": [ 139.376599520642344, 35.345606496480933 ] } },
{ "type": "Feature", "properties": { "P11_001": "浜之郷小学校・コミュニティセンター前", "P11_002": "神奈川中央交通（株）", "P11_003_01": "鶴嶺循環市立病院線【鶴嶺北コース】", "P11_003_02": null, "P11_003_03": null, "P11_003_04": null, "P11_003_05": null, "P11_003_06": null, "P11_003_07": null, "P11_003_08": null, "P11_003_09": null, "P11_003_10": null, "P11_003_11": null, "P11_003_12": null, "P11_003_13": null, "P11_003_14": null, "P11_003_15": null, "P11_003_16": null, "P11_003_17": null, "P11_003_18": null, "P11_003_19": null, "P11_003_20": null, "P11_003_21": null, "P11_003_22": null, "P11_003_23": null, "P11_003_24": null, "P11_003_25": null, "P11_003_26": null, "P11_003_27": null, "P11_003_28": null, "P11_003_29": null, "P11_003_30": null, "P11_003_31": null, "P11_003_32": null, "P11_003_33": null, "P11_003_34": null, "P11_003_35": null, "P11_004_01": "1", "P11_004_02": null, "P11_004_03": null, "P11_004_04": null, "P11_004_05": null, "P11_004_06": null, "P11_004_07": null, "P11_004_08": null, "P11_004_09": null, "P11_004_10": null, "P11_004_11": null, "P11_004_12": null, "P11_004_13": null, "P11_004_14": null, "P11_004_15": null, "P11_004_16": null, "P11_004_17": null, "P11_004_18": null, "P11_004_19": null, "P11_004_20": null, "P11_004_21": null, "P11_004_22": null, "P11_004_23": null, "P11_004_24": null, "P11_004_25": null, "P11_004_26": null, "P11_004_27": null, "P11_004_28": null, "P11_004_29": null, "P11_004_30": null, "P11_004_31": null, "P11_004_32": null, "P11_004_33": null, "P11_004_34": null, "P11_004_35": null, "P11_005": null, "nearest_node": "(139.3904043627982, 35.345124371775086)", "centrality": 0.017145046999795646, "community": 16, "size": 14.048886255766439 }, "geometry": { "type": "Point", "coordinates": [ 139.390404362798193, 35.345124371775086 ] } },
{ "type": "Feature", "properties": { "P11_001": "室田小学校入口", "P11_002": "神奈川中央交通（株）", "P11_003_01": "茅14,茅16,辻09,藤21", "P11_003_02": null, "P11_003_03": null, "P11_003_04": null, "P11_003_05": null, "P11_003_06": null, "P11_003_07": null, "P11_003_08": null, "P11_003_09": null, "P11_003_10": null, "P11_003_11": null, "P11_003_12": null, "P11_003_13": null, "P11_003_14": null, "P11_003_15": null, "P11_003_16": null, "P11_003_17": null, "P11_003_18": null, "P11_003_19": null, "P11_003_20": null, "P11_003_21": null, "P11_003_22": null, "P11_003_23": null, "P11_003_24": null, "P11_003_25": null, "P11_003_26": null, "P11_003_27": null, "P11_003_28": null, "P11_003_29": null, "P11_003_30": null, "P11_003_31": null, "P11_003_32": null, "P11_003_33": null, "P11_003_34": null, "P11_003_35": null, "P11_004_01": "1,1,1,1", "P11_004_02": null, "P11_004_03": null, "P11_004_04": null, "P11_004_05": null, "P11_004_06": null, "P11_004_07": null, "P11_004_08": null, "P11_004_09": null, "P11_004_10": null, "P11_004_11": null, "P11_004_12": null, "P11_004_13": null, "P11_004_14": null, "P11_004_15": null, "P11_004_16": null, "P11_004_17": null, "P11_004_18": null, "P11_004_19": null, "P11_004_20": null, "P11_004_21": null, "P11_004_22": null, "P11_004_23": null, "P11_004_24": null, "P11_004_25": null, "P11_004_26": null, "P11_004_27": null, "P11_004_28": null, "P11_004_29": null, "P11_004_30": null, "P11_004_31": null, "P11_004_32": null, "P11_004_33": null, "P11_004_34": null, "P11_004_35": null, "P11_005": null, "nearest_node": "(139.42112061188007, 35.34500678593837)", "centrality": 0.00059433372061846448, "community": 12, "size": 10.14035479942279 }, "geometry": { "type": "Point", "coordinates": [ 139.42112061188007, 35.345006785938367 ] } },
{ "type": "Feature", "properties": { "P11_001": "室田", "P11_002": "神奈川中央交通（株）", "P11_003_01": "茅14,茅16,辻09,藤21", "P11_003_02": null, "P11_003_03": null, "P11_003_04": null, "P11_003_05": null, "P11_003_06": null, "P11_003_07": null, "P11_003_08": null, "P11_003_09": null, "P11_003_10": null, "P11_003_11": null, "P11_003_12": null, "P11_003_13": null, "P11_003_14": null, "P11_003_15": null, "P11_003_16": null, "P11_003_17": null, "P11_003_18": null, "P11_003_19": null, "P11_003_20": null, "P11_003_21": null, "P11_003_22": null, "P11_003_23": null, "P11_003_24": null, "P11_003_25": null, "P11_003_26": null, "P11_003_27": null, "P11_003_28": null, "P11_003_29": null, "P11_003_30": null, "P11_003_31": null, "P11_003_32": null, "P11_003_33": null, "P11_003_34": null, "P11_003_35": null, "P11_004_01": "1,1,1,1", "P11_004_02": null, "P11_004_03": null, "P11_004_04": null, "P11_004_05": null, "P11_004_06": null, "P11_004_07": null, "P11_004_08": null, "P11_004_09": null, "P11_004_10": null, "P11_004_11": null, "P11_004_12": null, "P11_004_13": null, "P11_004_14": null, "P11_004_15": null, "P11_004_16": null, "P11_004_17": null, "P11_004_18": null, "P11_004_19": null, "P11_004_20": null, "P11_004_21": null, "P11_004_22": null, "P11_004_23": null, "P11_004_24": null, "P11_004_25": null, "P11_004_26": null, "P11_004_27": null, "P11_004_28": null, "P11_004_29": null, "P11_004_30": null, "P11_004_31": null, "P11_004_32": null, "P11_004_33": null, "P11_004_34": null, "P11_004_35": null, "P11_005": null, "nearest_node": "(139.41912061577426, 35.34492302988904)", "centrality": 0.0049900199600798395, "community": 12, "size": 11.178417488888089 }, "geometry": { "type": "Point", "coordinates": [ 139.419120615774261, 35.344923029889038 ] } },
{ "type": "Feature", "properties": { "P11_001": "萩園", "P11_002": "神奈川中央交通（株）", "P11_003_01": "茅41,茅45", "P11_003_02": null, "P11_003_03": null, "P11_003_04": null, "P11_003_05": null, "P11_003_06": null, "P11_003_07": null, "P11_003_08": null, "P11_003_09": null, "P11_003_10": null, "P11_003_11": null, "P11_003_12": null, "P11_003_13": null, "P11_003_14": null, "P11_003_15": null, "P11_003_16": null, "P11_003_17": null, "P11_003_18": null, "P11_003_19": null, "P11_003_20": null, "P11_003_21": null, "P11_003_22": null, "P11_003_23": null, "P11_003_24": null, "P11_003_25": null, "P11_003_26": null, "P11_003_27": null, "P11_003_28": null, "P11_003_29": null, "P11_003_30": null, "P11_003_31": null, "P11_003_32": null, "P11_003_33": null, "P11_003_34": null, "P11_003_35": null, "P11_004_01": "1,1", "P11_004_02": null, "P11_004_03": null, "P11_004_04": null, "P11_004_05": null, "P11_004_06": null, "P11_004_07": null, "P11_004_08": null, "P11_004_09": null, "P11_004_10": null, "P11_004_11": null, "P11_004_12": null, "P11_004_13": null, "P11_004_14": null, "P11_004_15": null, "P11_004_16": null, "P11_004_17": null, "P11_004_18": null, "P11_004_19": null, "P11_004_20": null, "P11_004_21": null, "P11_004_22": null, "P11_004_23": null, "P11_004_24": null, "P11_004_25": null, "P11_004_26": null, "P11_004_27": null, "P11_004_28": null, "P11_004_29": null, "P11_004_30": null, "P11_004_31": null, "P11_004_32": null, "P11_004_33": null, "P11_004_34": null, "P11_004_35": null, "P11_005": null, "nearest_node": "(139.382268566988, 35.34485582868238)", "centrality": 0.043440817518502498, "community": 13, "size": 20.258760386718048 }, "geometry": { "type": "Point", "coordinates": [ 139.382268566987989, 35.344855828682377 ] } },
{ "type": "Feature", "properties": { "P11_001": "円蔵下町", "P11_002": "神奈川中央交通（株）", "P11_003_01": "鶴嶺循環市立病院線【鶴嶺北コース】", "P11_003_02": null, "P11_003_03": null, "P11_003_04": null, "P11_003_05": null, "P11_003_06": null, "P11_003_07": null, "P11_003_08": null, "P11_003_09": null, "P11_003_10": null, "P11_003_11": null, "P11_003_12": null, "P11_003_13": null, "P11_003_14": null, "P11_003_15": null, "P11_003_16": null, "P11_003_17": null, "P11_003_18": null, "P11_003_19": null, "P11_003_20": null, "P11_003_21": null, "P11_003_22": null, "P11_003_23": null, "P11_003_24": null, "P11_003_25": null, "P11_003_26": null, "P11_003_27": null, "P11_003_28": null, "P11_003_29": null, "P11_003_30": null, "P11_003_31": null, "P11_003_32": null, "P11_003_33": null, "P11_003_34": null, "P11_003_35": null, "P11_004_01": "1", "P11_004_02": null, "P11_004_03": null, "P11_004_04": null, "P11_004_05": null, "P11_004_06": null, "P11_004_07": null, "P11_004_08": null, "P11_004_09": null, "P11_004_10": null, "P11_004_11": null, "P11_004_12": null, "P11_004_13": null, "P11_004_14": null, "P11_004_15": null, "P11_004_16": null, "P11_004_17": null, "P11_004_18": null, "P11_004_19": null, "P11_004_20": null, "P11_004_21": null, "P11_004_22": null, "P11_004_23": null, "P11_004_24": null, "P11_004_25": null, "P11_004_26": null, "P11_004_27": null, "P11_004_28": null, "P11_004_29": null, "P11_004_30": null, "P11_004_31": null, "P11_004_32": null, "P11_004_33": null, "P11_004_34": null, "P11_004_35": null, "P11_005": null, "nearest_node": "(139.39677940518897, 35.344579146889636)", "centrality": 0.034474992652200866, "community": 16, "size": 18.141437227836633 }, "geometry": { "type": "Point", "coordinates": [ 139.396779405188965, 35.344579146889636 ] } },
{ "type": "Feature", "properties": { "P11_001": "西久保保育園・つるみね老人ホーム前", "P11_002": "神奈川中央交通（株）", "P11_003_01": "鶴嶺循環市立病院線【鶴嶺北コース】", "P11_003_02": null, "P11_003_03": null, "P11_003_04": null, "P11_003_05": null, "P11_003_06": null, "P11_003_07": null, "P11_003_08": null, "P11_003_09": null, "P11_003_10": null, "P11_003_11": null, "P11_003_12": null, "P11_003_13": null, "P11_003_14": null, "P11_003_15": null, "P11_003_16": null, "P11_003_17": null, "P11_003_18": null, "P11_003_19": null, "P11_003_20": null, "P11_003_21": null, "P11_003_22": null, "P11_003_23": null, "P11_003_24": null, "P11_003_25": null, "P11_003_26": null, "P11_003_27": null, "P11_003_28": null, "P11_003_29": null, "P11_003_30": null, "P11_003_31": null, "P11_003_32": null, "P11_003_33": null, "P11_003_34": null, "P11_003_35": null, "P11_004_01": "1", "P11_004_02": null, "P11_004_03": null, "P11_004_04": null, "P11_004_05": null, "P11_004_06": null, "P11_004_07": null, "P11_004_08": null, "P11_004_09": null, "P11_004_10": null, "P11_004_11": null, "P11_004_12": null, "P11_004_13": null, "P11_004_14": null, "P11_004_15": null, "P11_004_16": null, "P11_004_17": null, "P11_004_18": null, "P11_004_19": null, "P11_004_20": null, "P11_004_21": null, "P11_004_22": null, "P11_004_23": null, "P11_004_24": null, "P11_004_25": null, "P11_004_26": null, "P11_004_27": null, "P11_004_28": null, "P11_004_29": null, "P11_004_30": null, "P11_004_31": null, "P11_004_32": null, "P11_004_33": null, "P11_004_34": null, "P11_004_35": null, "P11_005": null, "nearest_node": "(139.39239329951945, 35.344495947642216)", "centrality": 0.02028992994180075, "community": 16, "size": 14.791565661663114 }, "geometry": { "type": "Point", "coordinates": [ 139.392393299519455, 35.344495947642216 ] } },
{ "type": "Feature", "properties": { "P11_001": "円蔵", "P11_002": "神奈川中央交通（株）", "P11_003_01": "茅25,茅26,鶴嶺循環市立病院線【鶴嶺北コース】", "P11_003_02": null, "P11_003_03": null, "P11_003_04": null, "P11_003_05": null, "P11_003_06": null, "P11_003_07": null, "P11_003_08": null, "P11_003_09": null, "P11_003_10": null, "P11_003_11": null, "P11_003_12": null, "P11_003_13": null, "P11_003_14": null, "P11_003_15": null, "P11_003_16": null, "P11_003_17": null, "P11_003_18": null, "P11_003_19": null, "P11_003_20": null, "P11_003_21": null, "P11_003_22": null, "P11_003_23": null, "P11_003_24": null, "P11_003_25": null, "P11_003_26": null, "P11_003_27": null, "P11_003_28": null, "P11_003_29": null, "P11_003_30": null, "P11_003_31": null, "P11_003_32": null, "P11_003_33": null, "P11_003_34": null, "P11_003_35": null, "P11_004_01": "1,1,1", "P11_004_02": null, "P11_004_03": null, "P11_004_04": null, "P11_004_05": null, "P11_004_06": null, "P11_004_07": null, "P11_004_08": null, "P11_004_09": null, "P11_004_10": null, "P11_004_11": null, "P11_004_12": null, "P11_004_13": null, "P11_004_14": null, "P11_004_15": null, "P11_004_16": null, "P11_004_17": null, "P11_004_18": null, "P11_004_19": null, "P11_004_20": null, "P11_004_21": null, "P11_004_22": null, "P11_004_23": null, "P11_004_24": null, "P11_004_25": null, "P11_004_26": null, "P11_004_27": null, "P11_004_28": null, "P11_004_29": null, "P11_004_30": null, "P11_004_31": null, "P11_004_32": null, "P11_004_33": null, "P11_004_34": null, "P11_004_35": null, "P11_005": null, "nearest_node": "(139.39806360142163, 35.34402376509598)", "centrality": 0.06048267877249755, "community": 16, "size": 24.28327882663843 }, "geometry": { "type": "Point", "coordinates": [ 139.398063601421626, 35.344023765095983 ] } },
{ "type": "Feature", "properties": { "P11_001": "陽ざし野", "P11_002": "神奈川中央交通（株）", "P11_003_01": "鶴嶺循環市立病院線【鶴嶺北コース】", "P11_003_02": null, "P11_003_03": null, "P11_003_04": null, "P11_003_05": null, "P11_003_06": null, "P11_003_07": null, "P11_003_08": null, "P11_003_09": null, "P11_003_10": null, "P11_003_11": null, "P11_003_12": null, "P11_003_13": null, "P11_003_14": null, "P11_003_15": null, "P11_003_16": null, "P11_003_17": null, "P11_003_18": null, "P11_003_19": null, "P11_003_20": null, "P11_003_21": null, "P11_003_22": null, "P11_003_23": null, "P11_003_24": null, "P11_003_25": null, "P11_003_26": null, "P11_003_27": null, "P11_003_28": null, "P11_003_29": null, "P11_003_30": null, "P11_003_31": null, "P11_003_32": null, "P11_003_33": null, "P11_003_34": null, "P11_003_35": null, "P11_004_01": "1", "P11_004_02": null, "P11_004_03": null, "P11_004_04": null, "P11_004_05": null, "P11_004_06": null, "P11_004_07": null, "P11_004_08": null, "P11_004_09": null, "P11_004_10": null, "P11_004_11": null, "P11_004_12": null, "P11_004_13": null, "P11_004_14": null, "P11_004_15": null, "P11_004_16": null, "P11_004_17": null, "P11_004_18": null, "P11_004_19": null, "P11_004_20": null, "P11_004_21": null, "P11_004_22": null, "P11_004_23": null, "P11_004_24": null, "P11_004_25": null, "P11_004_26": null, "P11_004_27": null, "P11_004_28": null, "P11_004_29": null, "P11_004_30": null, "P11_004_31": null, "P11_004_32": null, "P11_004_33": null, "P11_004_34": null, "P11_004_35": null, "P11_005": null, "nearest_node": "(139.39556366006448, 35.34368094459604)", "centrality": 0.029219831333048122, "community": 16, "size": 16.900405317150906 }, "geometry": { "type": "Point", "coordinates": [ 139.395563660064482, 35.343680944596038 ] } },
{ "type": "Feature", "properties": { "P11_001": "西久保南", "P11_002": "神奈川中央交通（株）", "P11_003_01": "鶴嶺循環市立病院線【鶴嶺北コース】", "P11_003_02": null, "P11_003_03": null, "P11_003_04": null, "P11_003_05": null, "P11_003_06": null, "P11_003_07": null, "P11_003_08": null, "P11_003_09": null, "P11_003_10": null, "P11_003_11": null, "P11_003_12": null, "P11_003_13": null, "P11_003_14": null, "P11_003_15": null, "P11_003_16": null, "P11_003_17": null, "P11_003_18": null, "P11_003_19": null, "P11_003_20": null, "P11_003_21": null, "P11_003_22": null, "P11_003_23": null, "P11_003_24": null, "P11_003_25": null, "P11_003_26": null, "P11_003_27": null, "P11_003_28": null, "P11_003_29": null, "P11_003_30": null, "P11_003_31": null, "P11_003_32": null, "P11_003_33": null, "P11_003_34": null, "P11_003_35": null, "P11_004_01": "1", "P11_004_02": null, "P11_004_03": null, "P11_004_04": null, "P11_004_05": null, "P11_004_06": null, "P11_004_07": null, "P11_004_08": null, "P11_004_09": null, "P11_004_10": null, "P11_004_11": null, "P11_004_12": null, "P11_004_13": null, "P11_004_14": null, "P11_004_15": null, "P11_004_16": null, "P11_004_17": null, "P11_004_18": null, "P11_004_19": null, "P11_004_20": null, "P11_004_21": null, "P11_004_22": null, "P11_004_23": null, "P11_004_24": null, "P11_004_25": null, "P11_004_26": null, "P11_004_27": null, "P11_004_28": null, "P11_004_29": null, "P11_004_30": null, "P11_004_31": null, "P11_004_32": null, "P11_004_33": null, "P11_004_34": null, "P11_004_35": null, "P11_005": null, "nearest_node": "(139.39414340199457, 35.34356091766592)", "centrality": 0.024354934261519533, "community": 16, "size": 15.751536207088668 }, "geometry": { "type": "Point", "coordinates": [ 139.394143401994569, 35.343560917665918 ] } },
{ "type": "Feature", "properties": { "P11_001": "萩園西", "P11_002": "神奈川中央交通（株）", "P11_003_01": "鶴嶺循環市立病院線【鶴嶺南コース】", "P11_003_02": null, "P11_003_03": null, "P11_003_04": null, "P11_003_05": null, "P11_003_06": null, "P11_003_07": null, "P11_003_08": null, "P11_003_09": null, "P11_003_10": null, "P11_003_11": null, "P11_003_12": null, "P11_003_13": null, "P11_003_14": null, "P11_003_15": null, "P11_003_16": null, "P11_003_17": null, "P11_003_18": null, "P11_003_19": null, "P11_003_20": null, "P11_003_21": null, "P11_003_22": null, "P11_003_23": null, "P11_003_24": null, "P11_003_25": null, "P11_003_26": null, "P11_003_27": null, "P11_003_28": null, "P11_003_29": null, "P11_003_30": null, "P11_003_31": null, "P11_003_32": null, "P11_003_33": null, "P11_003_34": null, "P11_003_35": null, "P11_004_01": "1", "P11_004_02": null, "P11_004_03": null, "P11_004_04": null, "P11_004_05": null, "P11_004_06": null, "P11_004_07": null, "P11_004_08": null, "P11_004_09": null, "P11_004_10": null, "P11_004_11": null, "P11_004_12": null, "P11_004_13": null, "P11_004_14": null, "P11_004_15": null, "P11_004_16": null, "P11_004_17": null, "P11_004_18": null, "P11_004_19": null, "P11_004_20": null, "P11_004_21": null, "P11_004_22": null, "P11_004_23": null, "P11_004_24": null, "P11_004_25": null, "P11_004_26": null, "P11_004_27": null, "P11_004_28": null, "P11_004_29": null, "P11_004_30": null, "P11_004_31": null, "P11_004_32": null, "P11_004_33": null, "P11_004_34": null, "P11_004_35": null, "P11_005": null, "nearest_node": "(139.3770993411097, 35.34345827975294)", "centrality": 0.011582804540173384, "community": 15, "size": 12.735335639878741 }, "geometry": { "type": "Point", "coordinates": [ 139.377099341109698, 35.343458279752937 ] } },
{ "type": "Feature", "properties": { "P11_001": "室田二丁目", "P11_002": "神奈川中央交通（株）", "P11_003_01": "茅14,茅16,東部循環市立病院線【小和田・松浪コース】", "P11_003_02": null, "P11_003_03": null, "P11_003_04": null, "P11_003_05": null, "P11_003_06": null, "P11_003_07": null, "P11_003_08": null, "P11_003_09": null, "P11_003_10": null, "P11_003_11": null, "P11_003_12": null, "P11_003_13": null, "P11_003_14": null, "P11_003_15": null, "P11_003_16": null, "P11_003_17": null, "P11_003_18": null, "P11_003_19": null, "P11_003_20": null, "P11_003_21": null, "P11_003_22": null, "P11_003_23": null, "P11_003_24": null, "P11_003_25": null, "P11_003_26": null, "P11_003_27": null, "P11_003_28": null, "P11_003_29": null, "P11_003_30": null, "P11_003_31": null, "P11_003_32": null, "P11_003_33": null, "P11_003_34": null, "P11_003_35": null, "P11_004_01": "1,1,1", "P11_004_02": null, "P11_004_03": null, "P11_004_04": null, "P11_004_05": null, "P11_004_06": null, "P11_004_07": null, "P11_004_08": null, "P11_004_09": null, "P11_004_10": null, "P11_004_11": null, "P11_004_12": null, "P11_004_13": null, "P11_004_14": null, "P11_004_15": null, "P11_004_16": null, "P11_004_17": null, "P11_004_18": null, "P11_004_19": null, "P11_004_20": null, "P11_004_21": null, "P11_004_22": null, "P11_004_23": null, "P11_004_24": null, "P11_004_25": null, "P11_004_26": null, "P11_004_27": null, "P11_004_28": null, "P11_004_29": null, "P11_004_30": null, "P11_004_31": null, "P11_004_32": null, "P11_004_33": null, "P11_004_34": null, "P11_004_35": null, "P11_005": null, "nearest_node": "(139.42059566324892, 35.34326780593824)", "centrality": 0.015757738254833585, "community": 12, "size": 13.721266546701283 }, "geometry": { "type": "Point", "coordinates": [ 139.420595663248918, 35.34326780593824 ] } },
{ "type": "Feature", "properties": { "P11_001": "走内", "P11_002": "神奈川中央交通（株）", "P11_003_01": "茅52,茅53,茅54", "P11_003_02": null, "P11_003_03": null, "P11_003_04": null, "P11_003_05": null, "P11_003_06": null, "P11_003_07": null, "P11_003_08": null, "P11_003_09": null, "P11_003_10": null, "P11_003_11": null, "P11_003_12": null, "P11_003_13": null, "P11_003_14": null, "P11_003_15": null, "P11_003_16": null, "P11_003_17": null, "P11_003_18": null, "P11_003_19": null, "P11_003_20": null, "P11_003_21": null, "P11_003_22": null, "P11_003_23": null, "P11_003_24": null, "P11_003_25": null, "P11_003_26": null, "P11_003_27": null, "P11_003_28": null, "P11_003_29": null, "P11_003_30": null, "P11_003_31": null, "P11_003_32": null, "P11_003_33": null, "P11_003_34": null, "P11_003_35": null, "P11_004_01": "1,1,1", "P11_004_02": null, "P11_004_03": null, "P11_004_04": null, "P11_004_05": null, "P11_004_06": null, "P11_004_07": null, "P11_004_08": null, "P11_004_09": null, "P11_004_10": null, "P11_004_11": null, "P11_004_12": null, "P11_004_13": null, "P11_004_14": null, "P11_004_15": null, "P11_004_16": null, "P11_004_17": null, "P11_004_18": null, "P11_004_19": null, "P11_004_20": null, "P11_004_21": null, "P11_004_22": null, "P11_004_23": null, "P11_004_24": null, "P11_004_25": null, "P11_004_26": null, "P11_004_27": null, "P11_004_28": null, "P11_004_29": null, "P11_004_30": null, "P11_004_31": null, "P11_004_32": null, "P11_004_33": null, "P11_004_34": null, "P11_004_35": null, "P11_005": null, "nearest_node": "(139.37911072201726, 35.34323668456037)", "centrality": 0.034319420859772992, "community": 15, "size": 18.104698192233307 }, "geometry": { "type": "Point", "coordinates": [ 139.379110722017259, 35.343236684560367 ] } },
{ "type": "Feature", "properties": { "P11_001": "ニュータウン入口", "P11_002": "神奈川中央交通（株）", "P11_003_01": "湘11,茅03,茅50,茅15,茅17,茅19,茅81,茅82,茅14,茅16,辻09,藤21,北部循環市立病院線", "P11_003_02": null, "P11_003_03": null, "P11_003_04": null, "P11_003_05": null, "P11_003_06": null, "P11_003_07": null, "P11_003_08": null, "P11_003_09": null, "P11_003_10": null, "P11_003_11": null, "P11_003_12": null, "P11_003_13": null, "P11_003_14": null, "P11_003_15": null, "P11_003_16": null, "P11_003_17": null, "P11_003_18": null, "P11_003_19": null, "P11_003_20": null, "P11_003_21": null, "P11_003_22": null, "P11_003_23": null, "P11_003_24": null, "P11_003_25": null, "P11_003_26": null, "P11_003_27": null, "P11_003_28": null, "P11_003_29": null, "P11_003_30": null, "P11_003_31": null, "P11_003_32": null, "P11_003_33": null, "P11_003_34": null, "P11_003_35": null, "P11_004_01": "1,1,1,1,1,1,1,1,1,1,1,1,1", "P11_004_02": null, "P11_004_03": null, "P11_004_04": null, "P11_004_05": null, "P11_004_06": null, "P11_004_07": null, "P11_004_08": null, "P11_004_09": null, "P11_004_10": null, "P11_004_11": null, "P11_004_12": null, "P11_004_13": null, "P11_004_14": null, "P11_004_15": null, "P11_004_16": null, "P11_004_17": null, "P11_004_18": null, "P11_004_19": null, "P11_004_20": null, "P11_004_21": null, "P11_004_22": null, "P11_004_23": null, "P11_004_24": null, "P11_004_25": null, "P11_004_26": null, "P11_004_27": null, "P11_004_28": null, "P11_004_29": null, "P11_004_30": null, "P11_004_31": null, "P11_004_32": null, "P11_004_33": null, "P11_004_34": null, "P11_004_35": null, "P11_005": null, "nearest_node": "(139.41223453400067, 35.34294167083704)", "centrality": 0.38110584800548164, "community": 4, "size": 100.0 }, "geometry": { "type": "Point", "coordinates": [ 139.412234534000675, 35.342941670837043 ] } },
{ "type": "Feature", "properties": { "P11_001": "小和田小学校", "P11_002": "神奈川中央交通（株）", "P11_003_01": "辻09,藤21", "P11_003_02": null, "P11_003_03": null, "P11_003_04": null, "P11_003_05": null, "P11_003_06": null, "P11_003_07": null, "P11_003_08": null, "P11_003_09": null, "P11_003_10": null, "P11_003_11": null, "P11_003_12": null, "P11_003_13": null, "P11_003_14": null, "P11_003_15": null, "P11_003_16": null, "P11_003_17": null, "P11_003_18": null, "P11_003_19": null, "P11_003_20": null, "P11_003_21": null, "P11_003_22": null, "P11_003_23": null, "P11_003_24": null, "P11_003_25": null, "P11_003_26": null, "P11_003_27": null, "P11_003_28": null, "P11_003_29": null, "P11_003_30": null, "P11_003_31": null, "P11_003_32": null, "P11_003_33": null, "P11_003_34": null, "P11_003_35": null, "P11_004_01": "1,1", "P11_004_02": null, "P11_004_03": null, "P11_004_04": null, "P11_004_05": null, "P11_004_06": null, "P11_004_07": null, "P11_004_08": null, "P11_004_09": null, "P11_004_10": null, "P11_004_11": null, "P11_004_12": null, "P11_004_13": null, "P11_004_14": null, "P11_004_15": null, "P11_004_16": null, "P11_004_17": null, "P11_004_18": null, "P11_004_19": null, "P11_004_20": null, "P11_004_21": null, "P11_004_22": null, "P11_004_23": null, "P11_004_24": null, "P11_004_25": null, "P11_004_26": null, "P11_004_27": null, "P11_004_28": null, "P11_004_29": null, "P11_004_30": null, "P11_004_31": null, "P11_004_32": null, "P11_004_33": null, "P11_004_34": null, "P11_004_35": null, "P11_005": null, "nearest_node": "(139.43712035639868, 35.34284113653538)", "centrality": 0.0033902344564602136, "community": 11, "size": 10.800620359614713 }, "geometry": { "type": "Point", "coordinates": [ 139.43712035639868, 35.342841136535377 ] } },
{ "type": "Feature", "properties": { "P11_001": "室田一丁目", "P11_002": "神奈川中央交通（株）", "P11_003_01": "茅14,茅16,辻09,藤21", "P11_003_02": null, "P11_003_03": null, "P11_003_04": null, "P11_003_05": null, "P11_003_06": null, "P11_003_07": null, "P11_003_08": null, "P11_003_09": null, "P11_003_10": null, "P11_003_11": null, "P11_003_12": null, "P11_003_13": null, "P11_003_14": null, "P11_003_15": null, "P11_003_16": null, "P11_003_17": null, "P11_003_18": null, "P11_003_19": null, "P11_003_20": null, "P11_003_21": null, "P11_003_22": null, "P11_003_23": null, "P11_003_24": null, "P11_003_25": null, "P11_003_26": null, "P11_003_27": null, "P11_003_28": null, "P11_003_29": null, "P11_003_30": null, "P11_003_31": null, "P11_003_32": null, "P11_003_33": null, "P11_003_34": null, "P11_003_35": null, "P11_004_01": "1,1,1,1", "P11_004_02": null, "P11_004_03": null, "P11_004_04": null, "P11_004_05": null, "P11_004_06": null, "P11_004_07": null, "P11_004_08": null, "P11_004_09": null, "P11_004_10": null, "P11_004_11": null, "P11_004_12": null, "P11_004_13": null, "P11_004_14": null, "P11_004_15": null, "P11_004_16": null, "P11_004_17": null, "P11_004_18": null, "P11_004_19": null, "P11_004_20": null, "P11_004_21": null, "P11_004_22": null, "P11_004_23": null, "P11_004_24": null, "P11_004_25": null, "P11_004_26": null, "P11_004_27": null, "P11_004_28": null, "P11_004_29": null, "P11_004_30": null, "P11_004_31": null, "P11_004_32": null, "P11_004_33": null, "P11_004_34": null, "P11_004_35": null, "P11_005": null, "nearest_node": "(139.42191596119417, 35.34276602419601)", "centrality": 0.01303929454523787, "community": 12, "size": 13.079292840068224 }, "geometry": { "type": "Point", "coordinates": [ 139.421915961194173, 35.34276602419601 ] } },
{ "type": "Feature", "properties": { "P11_001": "高田三丁目", "P11_002": "神奈川中央交通（株）", "P11_003_01": "茅14,茅16,辻09,藤21,東部循環市立病院線【小和田・松浪コース】", "P11_003_02": null, "P11_003_03": null, "P11_003_04": null, "P11_003_05": null, "P11_003_06": null, "P11_003_07": null, "P11_003_08": null, "P11_003_09": null, "P11_003_10": null, "P11_003_11": null, "P11_003_12": null, "P11_003_13": null, "P11_003_14": null, "P11_003_15": null, "P11_003_16": null, "P11_003_17": null, "P11_003_18": null, "P11_003_19": null, "P11_003_20": null, "P11_003_21": null, "P11_003_22": null, "P11_003_23": null, "P11_003_24": null, "P11_003_25": null, "P11_003_26": null, "P11_003_27": null, "P11_003_28": null, "P11_003_29": null, "P11_003_30": null, "P11_003_31": null, "P11_003_32": null, "P11_003_33": null, "P11_003_34": null, "P11_003_35": null, "P11_004_01": "1,1,1,1,1", "P11_004_02": null, "P11_004_03": null, "P11_004_04": null, "P11_004_05": null, "P11_004_06": null, "P11_004_07": null, "P11_004_08": null, "P11_004_09": null, "P11_004_10": null, "P11_004_11": null, "P11_004_12": null, "P11_004_13": null, "P11_004_14": null, "P11_004_15": null, "P11_004_16": null, "P11_004_17": null, "P11_004_18": null, "P11_004_19": null, "P11_004_20": null, "P11_004_21": null, "P11_004_22": null, "P11_004_23": null, "P11_004_24": null, "P11_004_25": null, "P11_004_26": null, "P11_004_27": null, "P11_004_28": null, "P11_004_29": null, "P11_004_30": null, "P11_004_31": null, "P11_004_32": null, "P11_004_33": null, "P11_004_34": null, "P11_004_35": null, "P11_005": null, "nearest_node": "(139.41792678000851, 35.34273851091313)", "centrality": 0.035352876336878537, "community": 12, "size": 18.348753730678265 }, "geometry": { "type": "Point", "coordinates": [ 139.417926780008514, 35.342738510913129 ] } },
{ "type": "Feature", "properties": { "P11_001": "ニュータウン中央", "P11_002": "神奈川中央交通（株）", "P11_003_01": "茅14,茅16,辻09,藤21", "P11_003_02": null, "P11_003_03": null, "P11_003_04": null, "P11_003_05": null, "P11_003_06": null, "P11_003_07": null, "P11_003_08": null, "P11_003_09": null, "P11_003_10": null, "P11_003_11": null, "P11_003_12": null, "P11_003_13": null, "P11_003_14": null, "P11_003_15": null, "P11_003_16": null, "P11_003_17": null, "P11_003_18": null, "P11_003_19": null, "P11_003_20": null, "P11_003_21": null, "P11_003_22": null, "P11_003_23": null, "P11_003_24": null, "P11_003_25": null, "P11_003_26": null, "P11_003_27": null, "P11_003_28": null, "P11_003_29": null, "P11_003_30": null, "P11_003_31": null, "P11_003_32": null, "P11_003_33": null, "P11_003_34": null, "P11_003_35": null, "P11_004_01": "1,1,1,1", "P11_004_02": null, "P11_004_03": null, "P11_004_04": null, "P11_004_05": null, "P11_004_06": null, "P11_004_07": null, "P11_004_08": null, "P11_004_09": null, "P11_004_10": null, "P11_004_11": null, "P11_004_12": null, "P11_004_13": null, "P11_004_14": null, "P11_004_15": null, "P11_004_16": null, "P11_004_17": null, "P11_004_18": null, "P11_004_19": null, "P11_004_20": null, "P11_004_21": null, "P11_004_22": null, "P11_004_23": null, "P11_004_24": null, "P11_004_25": null, "P11_004_26": null, "P11_004_27": null, "P11_004_28": null, "P11_004_29": null, "P11_004_30": null, "P11_004_31": null, "P11_004_32": null, "P11_004_33": null, "P11_004_34": null, "P11_004_35": null, "P11_005": null, "nearest_node": "(139.4151095505032, 35.342525276556074)", "centrality": 0.040470998301903698, "community": 12, "size": 19.557423131221388 }, "geometry": { "type": "Point", "coordinates": [ 139.415109550503189, 35.342525276556074 ] } },
{ "type": "Feature", "properties": { "P11_001": "松林三丁目", "P11_002": "神奈川中央交通（株）", "P11_003_01": "東部循環市立病院線【小和田・松浪コース】", "P11_003_02": null, "P11_003_03": null, "P11_003_04": null, "P11_003_05": null, "P11_003_06": null, "P11_003_07": null, "P11_003_08": null, "P11_003_09": null, "P11_003_10": null, "P11_003_11": null, "P11_003_12": null, "P11_003_13": null, "P11_003_14": null, "P11_003_15": null, "P11_003_16": null, "P11_003_17": null, "P11_003_18": null, "P11_003_19": null, "P11_003_20": null, "P11_003_21": null, "P11_003_22": null, "P11_003_23": null, "P11_003_24": null, "P11_003_25": null, "P11_003_26": null, "P11_003_27": null, "P11_003_28": null, "P11_003_29": null, "P11_003_30": null, "P11_003_31": null, "P11_003_32": null, "P11_003_33": null, "P11_003_34": null, "P11_003_35": null, "P11_004_01": "1", "P11_004_02": null, "P11_004_03": null, "P11_004_04": null, "P11_004_05": null, "P11_004_06": null, "P11_004_07": null, "P11_004_08": null, "P11_004_09": null, "P11_004_10": null, "P11_004_11": null, "P11_004_12": null, "P11_004_13": null, "P11_004_14": null, "P11_004_15": null, "P11_004_16": null, "P11_004_17": null, "P11_004_18": null, "P11_004_19": null, "P11_004_20": null, "P11_004_21": null, "P11_004_22": null, "P11_004_23": null, "P11_004_24": null, "P11_004_25": null, "P11_004_26": null, "P11_004_27": null, "P11_004_28": null, "P11_004_29": null, "P11_004_30": null, "P11_004_31": null, "P11_004_32": null, "P11_004_33": null, "P11_004_34": null, "P11_004_35": null, "P11_005": null, "nearest_node": "(139.421755421871, 35.34225052421526)", "centrality": 0.010357493967289303, "community": 12, "size": 12.445972587234163 }, "geometry": { "type": "Point", "coordinates": [ 139.421755421871012, 35.34225052421526 ] } },
{ "type": "Feature", "properties": { "P11_001": "辻西", "P11_002": "神奈川中央交通（株）", "P11_003_01": "茅41,茅45", "P11_003_02": null, "P11_003_03": null, "P11_003_04": null, "P11_003_05": null, "P11_003_06": null, "P11_003_07": null, "P11_003_08": null, "P11_003_09": null, "P11_003_10": null, "P11_003_11": null, "P11_003_12": null, "P11_003_13": null, "P11_003_14": null, "P11_003_15": null, "P11_003_16": null, "P11_003_17": null, "P11_003_18": null, "P11_003_19": null, "P11_003_20": null, "P11_003_21": null, "P11_003_22": null, "P11_003_23": null, "P11_003_24": null, "P11_003_25": null, "P11_003_26": null, "P11_003_27": null, "P11_003_28": null, "P11_003_29": null, "P11_003_30": null, "P11_003_31": null, "P11_003_32": null, "P11_003_33": null, "P11_003_34": null, "P11_003_35": null, "P11_004_01": "1,1", "P11_004_02": null, "P11_004_03": null, "P11_004_04": null, "P11_004_05": null, "P11_004_06": null, "P11_004_07": null, "P11_004_08": null, "P11_004_09": null, "P11_004_10": null, "P11_004_11": null, "P11_004_12": null, "P11_004_13": null, "P11_004_14": null, "P11_004_15": null, "P11_004_16": null, "P11_004_17": null, "P11_004_18": null, "P11_004_19": null, "P11_004_20": null, "P11_004_21": null, "P11_004_22": null, "P11_004_23": null, "P11_004_24": null, "P11_004_25": null, "P11_004_26": null, "P11_004_27": null, "P11_004_28": null, "P11_004_29": null, "P11_004_30": null, "P11_004_31": null, "P11_004_32": null, "P11_004_33": null, "P11_004_34": null, "P11_004_35": null, "P11_005": null, "nearest_node": "(139.3825193424726, 35.34159762305595)", "centrality": 0.048642354742561858, "community": 10, "size": 21.487128706478416 }, "geometry": { "type": "Point", "coordinates": [ 139.382519342472591, 35.341597623055947 ] } },
{ "type": "Feature", "properties": { "P11_001": "幼稚園前", "P11_002": "神奈川中央交通（株）", "P11_003_01": "辻09,藤21", "P11_003_02": null, "P11_003_03": null, "P11_003_04": null, "P11_003_05": null, "P11_003_06": null, "P11_003_07": null, "P11_003_08": null, "P11_003_09": null, "P11_003_10": null, "P11_003_11": null, "P11_003_12": null, "P11_003_13": null, "P11_003_14": null, "P11_003_15": null, "P11_003_16": null, "P11_003_17": null, "P11_003_18": null, "P11_003_19": null, "P11_003_20": null, "P11_003_21": null, "P11_003_22": null, "P11_003_23": null, "P11_003_24": null, "P11_003_25": null, "P11_003_26": null, "P11_003_27": null, "P11_003_28": null, "P11_003_29": null, "P11_003_30": null, "P11_003_31": null, "P11_003_32": null, "P11_003_33": null, "P11_003_34": null, "P11_003_35": null, "P11_004_01": "1,1", "P11_004_02": null, "P11_004_03": null, "P11_004_04": null, "P11_004_05": null, "P11_004_06": null, "P11_004_07": null, "P11_004_08": null, "P11_004_09": null, "P11_004_10": null, "P11_004_11": null, "P11_004_12": null, "P11_004_13": null, "P11_004_14": null, "P11_004_15": null, "P11_004_16": null, "P11_004_17": null, "P11_004_18": null, "P11_004_19": null, "P11_004_20": null, "P11_004_21": null, "P11_004_22": null, "P11_004_23": null, "P11_004_24": null, "P11_004_25": null, "P11_004_26": null, "P11_004_27": null, "P11_004_28": null, "P11_004_29": null, "P11_004_30": null, "P11_004_31": null, "P11_004_32": null, "P11_004_33": null, "P11_004_34": null, "P11_004_35": null, "P11_005": null, "nearest_node": "(139.43526822438542, 35.34150813061552)", "centrality": 0.0049322251020347411, "community": 11, "size": 11.164768952001864 }, "geometry": { "type": "Point", "coordinates": [ 139.435268224385425, 35.341508130615523 ] } },
{ "type": "Feature", "properties": { "P11_001": "東小和田", "P11_002": "神奈川中央交通（株）", "P11_003_01": "藤07,藤08,辻01,辻09,藤21", "P11_003_02": null, "P11_003_03": null, "P11_003_04": null, "P11_003_05": null, "P11_003_06": null, "P11_003_07": null, "P11_003_08": null, "P11_003_09": null, "P11_003_10": null, "P11_003_11": null, "P11_003_12": null, "P11_003_13": null, "P11_003_14": null, "P11_003_15": null, "P11_003_16": null, "P11_003_17": null, "P11_003_18": null, "P11_003_19": null, "P11_003_20": null, "P11_003_21": null, "P11_003_22": null, "P11_003_23": null, "P11_003_24": null, "P11_003_25": null, "P11_003_26": null, "P11_003_27": null, "P11_003_28": null, "P11_003_29": null, "P11_003_30": null, "P11_003_31": null, "P11_003_32": null, "P11_003_33": null, "P11_003_34": null, "P11_003_35": null, "P11_004_01": "1,1,1,1,1", "P11_004_02": null, "P11_004_03": null, "P11_004_04": null, "P11_004_05": null, "P11_004_06": null, "P11_004_07": null, "P11_004_08": null, "P11_004_09": null, "P11_004_10": null, "P11_004_11": null, "P11_004_12": null, "P11_004_13": null, "P11_004_14": null, "P11_004_15": null, "P11_004_16": null, "P11_004_17": null, "P11_004_18": null, "P11_004_19": null, "P11_004_20": null, "P11_004_21": null, "P11_004_22": null, "P11_004_23": null, "P11_004_24": null, "P11_004_25": null, "P11_004_26": null, "P11_004_27": null, "P11_004_28": null, "P11_004_29": null, "P11_004_30": null, "P11_004_31": null, "P11_004_32": null, "P11_004_33": null, "P11_004_34": null, "P11_004_35": null, "P11_005": null, "nearest_node": "(139.43787061821013, 35.341442985236384)", "centrality": 0.02282122322519145, "community": 11, "size": 15.389342884703485 }, "geometry": { "type": "Point", "coordinates": [ 139.437870618210127, 35.341442985236384 ] } },
{ "type": "Feature", "properties": { "P11_001": "神奈中営業所前", "P11_002": "神奈川中央交通（株）", "P11_003_01": "湘11,茅03,茅50,茅15,茅17,茅19,茅81,茅82", "P11_003_02": null, "P11_003_03": null, "P11_003_04": null, "P11_003_05": null, "P11_003_06": null, "P11_003_07": null, "P11_003_08": null, "P11_003_09": null, "P11_003_10": null, "P11_003_11": null, "P11_003_12": null, "P11_003_13": null, "P11_003_14": null, "P11_003_15": null, "P11_003_16": null, "P11_003_17": null, "P11_003_18": null, "P11_003_19": null, "P11_003_20": null, "P11_003_21": null, "P11_003_22": null, "P11_003_23": null, "P11_003_24": null, "P11_003_25": null, "P11_003_26": null, "P11_003_27": null, "P11_003_28": null, "P11_003_29": null, "P11_003_30": null, "P11_003_31": null, "P11_003_32": null, "P11_003_33": null, "P11_003_34": null, "P11_003_35": null, "P11_004_01": "1,1,1,1,1,1,1,1", "P11_004_02": null, "P11_004_03": null, "P11_004_04": null, "P11_004_05": null, "P11_004_06": null, "P11_004_07": null, "P11_004_08": null, "P11_004_09": null, "P11_004_10": null, "P11_004_11": null, "P11_004_12": null, "P11_004_13": null, "P11_004_14": null, "P11_004_15": null, "P11_004_16": null, "P11_004_17": null, "P11_004_18": null, "P11_004_19": null, "P11_004_20": null, "P11_004_21": null, "P11_004_22": null, "P11_004_23": null, "P11_004_24": null, "P11_004_25": null, "P11_004_26": null, "P11_004_27": null, "P11_004_28": null, "P11_004_29": null, "P11_004_30": null, "P11_004_31": null, "P11_004_32": null, "P11_004_33": null, "P11_004_34": null, "P11_004_35": null, "P11_005": null, "nearest_node": "(139.41127954209944, 35.34136766401901)", "centrality": 0.052580085032493645, "community": 4, "size": 22.417042870610484 }, "geometry": { "type": "Point", "coordinates": [ 139.411279542099436, 35.34136766401901 ] } },
{ "type": "Feature", "properties": { "P11_001": "松林", "P11_002": "神奈川中央交通（株）", "P11_003_01": "辻09,藤21,東部循環市立病院線【小和田・松浪コース】", "P11_003_02": null, "P11_003_03": null, "P11_003_04": null, "P11_003_05": null, "P11_003_06": null, "P11_003_07": null, "P11_003_08": null, "P11_003_09": null, "P11_003_10": null, "P11_003_11": null, "P11_003_12": null, "P11_003_13": null, "P11_003_14": null, "P11_003_15": null, "P11_003_16": null, "P11_003_17": null, "P11_003_18": null, "P11_003_19": null, "P11_003_20": null, "P11_003_21": null, "P11_003_22": null, "P11_003_23": null, "P11_003_24": null, "P11_003_25": null, "P11_003_26": null, "P11_003_27": null, "P11_003_28": null, "P11_003_29": null, "P11_003_30": null, "P11_003_31": null, "P11_003_32": null, "P11_003_33": null, "P11_003_34": null, "P11_003_35": null, "P11_004_01": "1,1,1", "P11_004_02": null, "P11_004_03": null, "P11_004_04": null, "P11_004_05": null, "P11_004_06": null, "P11_004_07": null, "P11_004_08": null, "P11_004_09": null, "P11_004_10": null, "P11_004_11": null, "P11_004_12": null, "P11_004_13": null, "P11_004_14": null, "P11_004_15": null, "P11_004_16": null, "P11_004_17": null, "P11_004_18": null, "P11_004_19": null, "P11_004_20": null, "P11_004_21": null, "P11_004_22": null, "P11_004_23": null, "P11_004_24": null, "P11_004_25": null, "P11_004_26": null, "P11_004_27": null, "P11_004_28": null, "P11_004_29": null, "P11_004_30": null, "P11_004_31": null, "P11_004_32": null, "P11_004_33": null, "P11_004_34": null, "P11_004_35": null, "P11_005": null, "nearest_node": "(139.4263485213669, 35.34133121125243)", "centrality": 0.013309202490541287, "community": 11, "size": 13.143032914392556 }, "geometry": { "type": "Point", "coordinates": [ 139.42634852136689, 35.341331211252431 ] } },
{ "type": "Feature", "properties": { "P11_001": "松林二丁目", "P11_002": "神奈川中央交通（株）", "P11_003_01": "辻09,藤21,東部循環市立病院線【小和田・松浪コース】", "P11_003_02": null, "P11_003_03": null, "P11_003_04": null, "P11_003_05": null, "P11_003_06": null, "P11_003_07": null, "P11_003_08": null, "P11_003_09": null, "P11_003_10": null, "P11_003_11": null, "P11_003_12": null, "P11_003_13": null, "P11_003_14": null, "P11_003_15": null, "P11_003_16": null, "P11_003_17": null, "P11_003_18": null, "P11_003_19": null, "P11_003_20": null, "P11_003_21": null, "P11_003_22": null, "P11_003_23": null, "P11_003_24": null, "P11_003_25": null, "P11_003_26": null, "P11_003_27": null, "P11_003_28": null, "P11_003_29": null, "P11_003_30": null, "P11_003_31": null, "P11_003_32": null, "P11_003_33": null, "P11_003_34": null, "P11_003_35": null, "P11_004_01": "1,1,1", "P11_004_02": null, "P11_004_03": null, "P11_004_04": null, "P11_004_05": null, "P11_004_06": null, "P11_004_07": null, "P11_004_08": null, "P11_004_09": null, "P11_004_10": null, "P11_004_11": null, "P11_004_12": null, "P11_004_13": null, "P11_004_14": null, "P11_004_15": null, "P11_004_16": null, "P11_004_17": null, "P11_004_18": null, "P11_004_19": null, "P11_004_20": null, "P11_004_21": null, "P11_004_22": null, "P11_004_23": null, "P11_004_24": null, "P11_004_25": null, "P11_004_26": null, "P11_004_27": null, "P11_004_28": null, "P11_004_29": null, "P11_004_30": null, "P11_004_31": null, "P11_004_32": null, "P11_004_33": null, "P11_004_34": null, "P11_004_35": null, "P11_005": null, "nearest_node": "(139.42321601226104, 35.34132795821179)", "centrality": 0.01084845234903329, "community": 11, "size": 12.561914797484169 }, "geometry": { "type": "Point", "coordinates": [ 139.423216012261037, 35.341327958211792 ] } },
{ "type": "Feature", "properties": { "P11_001": "菱沼団地入口", "P11_002": "神奈川中央交通（株）", "P11_003_01": "辻09,藤21", "P11_003_02": null, "P11_003_03": null, "P11_003_04": null, "P11_003_05": null, "P11_003_06": null, "P11_003_07": null, "P11_003_08": null, "P11_003_09": null, "P11_003_10": null, "P11_003_11": null, "P11_003_12": null, "P11_003_13": null, "P11_003_14": null, "P11_003_15": null, "P11_003_16": null, "P11_003_17": null, "P11_003_18": null, "P11_003_19": null, "P11_003_20": null, "P11_003_21": null, "P11_003_22": null, "P11_003_23": null, "P11_003_24": null, "P11_003_25": null, "P11_003_26": null, "P11_003_27": null, "P11_003_28": null, "P11_003_29": null, "P11_003_30": null, "P11_003_31": null, "P11_003_32": null, "P11_003_33": null, "P11_003_34": null, "P11_003_35": null, "P11_004_01": "1,1", "P11_004_02": null, "P11_004_03": null, "P11_004_04": null, "P11_004_05": null, "P11_004_06": null, "P11_004_07": null, "P11_004_08": null, "P11_004_09": null, "P11_004_10": null, "P11_004_11": null, "P11_004_12": null, "P11_004_13": null, "P11_004_14": null, "P11_004_15": null, "P11_004_16": null, "P11_004_17": null, "P11_004_18": null, "P11_004_19": null, "P11_004_20": null, "P11_004_21": null, "P11_004_22": null, "P11_004_23": null, "P11_004_24": null, "P11_004_25": null, "P11_004_26": null, "P11_004_27": null, "P11_004_28": null, "P11_004_29": null, "P11_004_30": null, "P11_004_31": null, "P11_004_32": null, "P11_004_33": null, "P11_004_34": null, "P11_004_35": null, "P11_005": null, "nearest_node": "(139.43236465178174, 35.341247711529505)", "centrality": 0.0086650579438138538, "community": 11, "size": 12.04629558697307 }, "geometry": { "type": "Point", "coordinates": [ 139.432364651781739, 35.341247711529505 ] } },
{ "type": "Feature", "properties": { "P11_001": "菱沼二丁目", "P11_002": "神奈川中央交通（株）", "P11_003_01": "辻09,藤21", "P11_003_02": null, "P11_003_03": null, "P11_003_04": null, "P11_003_05": null, "P11_003_06": null, "P11_003_07": null, "P11_003_08": null, "P11_003_09": null, "P11_003_10": null, "P11_003_11": null, "P11_003_12": null, "P11_003_13": null, "P11_003_14": null, "P11_003_15": null, "P11_003_16": null, "P11_003_17": null, "P11_003_18": null, "P11_003_19": null, "P11_003_20": null, "P11_003_21": null, "P11_003_22": null, "P11_003_23": null, "P11_003_24": null, "P11_003_25": null, "P11_003_26": null, "P11_003_27": null, "P11_003_28": null, "P11_003_29": null, "P11_003_30": null, "P11_003_31": null, "P11_003_32": null, "P11_003_33": null, "P11_003_34": null, "P11_003_35": null, "P11_004_01": "1,1", "P11_004_02": null, "P11_004_03": null, "P11_004_04": null, "P11_004_05": null, "P11_004_06": null, "P11_004_07": null, "P11_004_08": null, "P11_004_09": null, "P11_004_10": null, "P11_004_11": null, "P11_004_12": null, "P11_004_13": null, "P11_004_14": null, "P11_004_15": null, "P11_004_16": null, "P11_004_17": null, "P11_004_18": null, "P11_004_19": null, "P11_004_20": null, "P11_004_21": null, "P11_004_22": null, "P11_004_23": null, "P11_004_24": null, "P11_004_25": null, "P11_004_26": null, "P11_004_27": null, "P11_004_28": null, "P11_004_29": null, "P11_004_30": null, "P11_004_31": null, "P11_004_32": null, "P11_004_33": null, "P11_004_34": null, "P11_004_35": null, "P11_005": null, "nearest_node": "(139.42935936720926, 35.34117419724999)", "centrality": 0.013005630529984831, "community": 11, "size": 13.07134291909842 }, "geometry": { "type": "Point", "coordinates": [ 139.429359367209258, 35.341174197249991 ] } },
{ "type": "Feature", "properties": { "P11_001": "矢畑北", "P11_002": "神奈川中央交通（株）", "P11_003_01": "鶴嶺循環市立病院線【鶴嶺北コース】", "P11_003_02": null, "P11_003_03": null, "P11_003_04": null, "P11_003_05": null, "P11_003_06": null, "P11_003_07": null, "P11_003_08": null, "P11_003_09": null, "P11_003_10": null, "P11_003_11": null, "P11_003_12": null, "P11_003_13": null, "P11_003_14": null, "P11_003_15": null, "P11_003_16": null, "P11_003_17": null, "P11_003_18": null, "P11_003_19": null, "P11_003_20": null, "P11_003_21": null, "P11_003_22": null, "P11_003_23": null, "P11_003_24": null, "P11_003_25": null, "P11_003_26": null, "P11_003_27": null, "P11_003_28": null, "P11_003_29": null, "P11_003_30": null, "P11_003_31": null, "P11_003_32": null, "P11_003_33": null, "P11_003_34": null, "P11_003_35": null, "P11_004_01": "1", "P11_004_02": null, "P11_004_03": null, "P11_004_04": null, "P11_004_05": null, "P11_004_06": null, "P11_004_07": null, "P11_004_08": null, "P11_004_09": null, "P11_004_10": null, "P11_004_11": null, "P11_004_12": null, "P11_004_13": null, "P11_004_14": null, "P11_004_15": null, "P11_004_16": null, "P11_004_17": null, "P11_004_18": null, "P11_004_19": null, "P11_004_20": null, "P11_004_21": null, "P11_004_22": null, "P11_004_23": null, "P11_004_24": null, "P11_004_25": null, "P11_004_26": null, "P11_004_27": null, "P11_004_28": null, "P11_004_29": null, "P11_004_30": null, "P11_004_31": null, "P11_004_32": null, "P11_004_33": null, "P11_004_34": null, "P11_004_35": null, "P11_005": null, "nearest_node": "(139.40022350981698, 35.340710035369725)", "centrality": 0.062988115659916757, "community": 14, "size": 24.874949935984631 }, "geometry": { "type": "Point", "coordinates": [ 139.400223509816982, 35.340710035369725 ] } },
{ "type": "Feature", "properties": { "P11_001": "萩園台河原", "P11_002": "神奈川中央交通（株）", "P11_003_01": "鶴嶺循環市立病院線【鶴嶺南コース】", "P11_003_02": null, "P11_003_03": null, "P11_003_04": null, "P11_003_05": null, "P11_003_06": null, "P11_003_07": null, "P11_003_08": null, "P11_003_09": null, "P11_003_10": null, "P11_003_11": null, "P11_003_12": null, "P11_003_13": null, "P11_003_14": null, "P11_003_15": null, "P11_003_16": null, "P11_003_17": null, "P11_003_18": null, "P11_003_19": null, "P11_003_20": null, "P11_003_21": null, "P11_003_22": null, "P11_003_23": null, "P11_003_24": null, "P11_003_25": null, "P11_003_26": null, "P11_003_27": null, "P11_003_28": null, "P11_003_29": null, "P11_003_30": null, "P11_003_31": null, "P11_003_32": null, "P11_003_33": null, "P11_003_34": null, "P11_003_35": null, "P11_004_01": "1", "P11_004_02": null, "P11_004_03": null, "P11_004_04": null, "P11_004_05": null, "P11_004_06": null, "P11_004_07": null, "P11_004_08": null, "P11_004_09": null, "P11_004_10": null, "P11_004_11": null, "P11_004_12": null, "P11_004_13": null, "P11_004_14": null, "P11_004_15": null, "P11_004_16": null, "P11_004_17": null, "P11_004_18": null, "P11_004_19": null, "P11_004_20": null, "P11_004_21": null, "P11_004_22": null, "P11_004_23": null, "P11_004_24": null, "P11_004_25": null, "P11_004_26": null, "P11_004_27": null, "P11_004_28": null, "P11_004_29": null, "P11_004_30": null, "P11_004_31": null, "P11_004_32": null, "P11_004_33": null, "P11_004_34": null, "P11_004_35": null, "P11_005": null, "nearest_node": "(139.3767375780656, 35.34070275365097)", "centrality": 0.01732058271516668, "community": 15, "size": 14.090339868892748 }, "geometry": { "type": "Point", "coordinates": [ 139.376737578065587, 35.340702753650973 ] } },
{ "type": "Feature", "properties": { "P11_001": "市立病院", "P11_002": "神奈川中央交通（株）", "P11_003_01": "茅14,茅16,辻09,藤21,中海岸南湖循環私立病院線,北部循環市立病院線,東部循環市立病院線【松が丘コース】,東部循環市立病院線【小和田・松浪コース】,鶴嶺循環市立病院線【鶴嶺北コース】,鶴嶺循環市立病院線【鶴嶺南コース】", "P11_003_02": null, "P11_003_03": null, "P11_003_04": null, "P11_003_05": null, "P11_003_06": null, "P11_003_07": null, "P11_003_08": null, "P11_003_09": null, "P11_003_10": null, "P11_003_11": null, "P11_003_12": null, "P11_003_13": null, "P11_003_14": null, "P11_003_15": null, "P11_003_16": null, "P11_003_17": null, "P11_003_18": null, "P11_003_19": null, "P11_003_20": null, "P11_003_21": null, "P11_003_22": null, "P11_003_23": null, "P11_003_24": null, "P11_003_25": null, "P11_003_26": null, "P11_003_27": null, "P11_003_28": null, "P11_003_29": null, "P11_003_30": null, "P11_003_31": null, "P11_003_32": null, "P11_003_33": null, "P11_003_34": null, "P11_003_35": null, "P11_004_01": "1,1,1,1,1,1,1,1,1,1", "P11_004_02": null, "P11_004_03": null, "P11_004_04": null, "P11_004_05": null, "P11_004_06": null, "P11_004_07": null, "P11_004_08": null, "P11_004_09": null, "P11_004_10": null, "P11_004_11": null, "P11_004_12": null, "P11_004_13": null, "P11_004_14": null, "P11_004_15": null, "P11_004_16": null, "P11_004_17": null, "P11_004_18": null, "P11_004_19": null, "P11_004_20": null, "P11_004_21": null, "P11_004_22": null, "P11_004_23": null, "P11_004_24": null, "P11_004_25": null, "P11_004_26": null, "P11_004_27": null, "P11_004_28": null, "P11_004_29": null, "P11_004_30": null, "P11_004_31": null, "P11_004_32": null, "P11_004_33": null, "P11_004_34": null, "P11_004_35": null, "P11_005": null, "nearest_node": "(139.41446068764017, 35.340598834378014)", "centrality": 0.0, "community": 4, "size": 10.0 }, "geometry": { "type": "Point", "coordinates": [ 139.414460687640172, 35.340598834378014 ] } },
{ "type": "Feature", "properties": { "P11_001": "アルバック前", "P11_002": "神奈川中央交通（株）", "P11_003_01": "茅52,茅53,茅54", "P11_003_02": null, "P11_003_03": null, "P11_003_04": null, "P11_003_05": null, "P11_003_06": null, "P11_003_07": null, "P11_003_08": null, "P11_003_09": null, "P11_003_10": null, "P11_003_11": null, "P11_003_12": null, "P11_003_13": null, "P11_003_14": null, "P11_003_15": null, "P11_003_16": null, "P11_003_17": null, "P11_003_18": null, "P11_003_19": null, "P11_003_20": null, "P11_003_21": null, "P11_003_22": null, "P11_003_23": null, "P11_003_24": null, "P11_003_25": null, "P11_003_26": null, "P11_003_27": null, "P11_003_28": null, "P11_003_29": null, "P11_003_30": null, "P11_003_31": null, "P11_003_32": null, "P11_003_33": null, "P11_003_34": null, "P11_003_35": null, "P11_004_01": "1,1,1", "P11_004_02": null, "P11_004_03": null, "P11_004_04": null, "P11_004_05": null, "P11_004_06": null, "P11_004_07": null, "P11_004_08": null, "P11_004_09": null, "P11_004_10": null, "P11_004_11": null, "P11_004_12": null, "P11_004_13": null, "P11_004_14": null, "P11_004_15": null, "P11_004_16": null, "P11_004_17": null, "P11_004_18": null, "P11_004_19": null, "P11_004_20": null, "P11_004_21": null, "P11_004_22": null, "P11_004_23": null, "P11_004_24": null, "P11_004_25": null, "P11_004_26": null, "P11_004_27": null, "P11_004_28": null, "P11_004_29": null, "P11_004_30": null, "P11_004_31": null, "P11_004_32": null, "P11_004_33": null, "P11_004_34": null, "P11_004_35": null, "P11_005": null, "nearest_node": "(139.3784823849752, 35.340253976989885)", "centrality": 0.039914201447850566, "community": 15, "size": 19.42593284544634 }, "geometry": { "type": "Point", "coordinates": [ 139.3784823849752, 35.340253976989885 ] } },
{ "type": "Feature", "properties": { "P11_001": "本村五丁目", "P11_002": "神奈川中央交通（株）", "P11_003_01": "茅14,茅16,辻09,藤21,中海岸南湖循環私立病院線,東部循環市立病院線【松が丘コース】", "P11_003_02": null, "P11_003_03": null, "P11_003_04": null, "P11_003_05": null, "P11_003_06": null, "P11_003_07": null, "P11_003_08": null, "P11_003_09": null, "P11_003_10": null, "P11_003_11": null, "P11_003_12": null, "P11_003_13": null, "P11_003_14": null, "P11_003_15": null, "P11_003_16": null, "P11_003_17": null, "P11_003_18": null, "P11_003_19": null, "P11_003_20": null, "P11_003_21": null, "P11_003_22": null, "P11_003_23": null, "P11_003_24": null, "P11_003_25": null, "P11_003_26": null, "P11_003_27": null, "P11_003_28": null, "P11_003_29": null, "P11_003_30": null, "P11_003_31": null, "P11_003_32": null, "P11_003_33": null, "P11_003_34": null, "P11_003_35": null, "P11_004_01": "1,1,1,1,1,1", "P11_004_02": null, "P11_004_03": null, "P11_004_04": null, "P11_004_05": null, "P11_004_06": null, "P11_004_07": null, "P11_004_08": null, "P11_004_09": null, "P11_004_10": null, "P11_004_11": null, "P11_004_12": null, "P11_004_13": null, "P11_004_14": null, "P11_004_15": null, "P11_004_16": null, "P11_004_17": null, "P11_004_18": null, "P11_004_19": null, "P11_004_20": null, "P11_004_21": null, "P11_004_22": null, "P11_004_23": null, "P11_004_24": null, "P11_004_25": null, "P11_004_26": null, "P11_004_27": null, "P11_004_28": null, "P11_004_29": null, "P11_004_30": null, "P11_004_31": null, "P11_004_32": null, "P11_004_33": null, "P11_004_34": null, "P11_004_35": null, "P11_005": null, "nearest_node": "(139.413251797298, 35.33980497411448)", "centrality": 0.26708548787286834, "community": 4, "size": 73.073537271494203 }, "geometry": { "type": "Point", "coordinates": [ 139.413251797297988, 35.339804974114479 ] } },
{ "type": "Feature", "properties": { "P11_001": "消防本部前", "P11_002": "神奈川中央交通（株）", "P11_003_01": "鶴嶺循環市立病院線【鶴嶺北コース】", "P11_003_02": null, "P11_003_03": null, "P11_003_04": null, "P11_003_05": null, "P11_003_06": null, "P11_003_07": null, "P11_003_08": null, "P11_003_09": null, "P11_003_10": null, "P11_003_11": null, "P11_003_12": null, "P11_003_13": null, "P11_003_14": null, "P11_003_15": null, "P11_003_16": null, "P11_003_17": null, "P11_003_18": null, "P11_003_19": null, "P11_003_20": null, "P11_003_21": null, "P11_003_22": null, "P11_003_23": null, "P11_003_24": null, "P11_003_25": null, "P11_003_26": null, "P11_003_27": null, "P11_003_28": null, "P11_003_29": null, "P11_003_30": null, "P11_003_31": null, "P11_003_32": null, "P11_003_33": null, "P11_003_34": null, "P11_003_35": null, "P11_004_01": "1", "P11_004_02": null, "P11_004_03": null, "P11_004_04": null, "P11_004_05": null, "P11_004_06": null, "P11_004_07": null, "P11_004_08": null, "P11_004_09": null, "P11_004_10": null, "P11_004_11": null, "P11_004_12": null, "P11_004_13": null, "P11_004_14": null, "P11_004_15": null, "P11_004_16": null, "P11_004_17": null, "P11_004_18": null, "P11_004_19": null, "P11_004_20": null, "P11_004_21": null, "P11_004_22": null, "P11_004_23": null, "P11_004_24": null, "P11_004_25": null, "P11_004_26": null, "P11_004_27": null, "P11_004_28": null, "P11_004_29": null, "P11_004_30": null, "P11_004_31": null, "P11_004_32": null, "P11_004_33": null, "P11_004_34": null, "P11_004_35": null, "P11_005": null, "nearest_node": "(139.40124575761334, 35.33958972057997)", "centrality": 0.066917570183705005, "community": 14, "size": 25.802909737682178 }, "geometry": { "type": "Point", "coordinates": [ 139.401245757613339, 35.339589720579973 ] } },
{ "type": "Feature", "properties": { "P11_001": "萩園辻", "P11_002": "神奈川中央交通（株）", "P11_003_01": "茅41,茅45", "P11_003_02": null, "P11_003_03": null, "P11_003_04": null, "P11_003_05": null, "P11_003_06": null, "P11_003_07": null, "P11_003_08": null, "P11_003_09": null, "P11_003_10": null, "P11_003_11": null, "P11_003_12": null, "P11_003_13": null, "P11_003_14": null, "P11_003_15": null, "P11_003_16": null, "P11_003_17": null, "P11_003_18": null, "P11_003_19": null, "P11_003_20": null, "P11_003_21": null, "P11_003_22": null, "P11_003_23": null, "P11_003_24": null, "P11_003_25": null, "P11_003_26": null, "P11_003_27": null, "P11_003_28": null, "P11_003_29": null, "P11_003_30": null, "P11_003_31": null, "P11_003_32": null, "P11_003_33": null, "P11_003_34": null, "P11_003_35": null, "P11_004_01": "1,1", "P11_004_02": null, "P11_004_03": null, "P11_004_04": null, "P11_004_05": null, "P11_004_06": null, "P11_004_07": null, "P11_004_08": null, "P11_004_09": null, "P11_004_10": null, "P11_004_11": null, "P11_004_12": null, "P11_004_13": null, "P11_004_14": null, "P11_004_15": null, "P11_004_16": null, "P11_004_17": null, "P11_004_18": null, "P11_004_19": null, "P11_004_20": null, "P11_004_21": null, "P11_004_22": null, "P11_004_23": null, "P11_004_24": null, "P11_004_25": null, "P11_004_26": null, "P11_004_27": null, "P11_004_28": null, "P11_004_29": null, "P11_004_30": null, "P11_004_31": null, "P11_004_32": null, "P11_004_33": null, "P11_004_34": null, "P11_004_35": null, "P11_005": null, "nearest_node": "(139.38287186331848, 35.33948140101202)", "centrality": 0.053897516061714598, "community": 10, "size": 22.728160617164139 }, "geometry": { "type": "Point", "coordinates": [ 139.382871863318485, 35.339481401012023 ] } },
{ "type": "Feature", "properties": { "P11_001": "矢畑", "P11_002": "神奈川中央交通（株）", "P11_003_01": "茅25,茅26", "P11_003_02": null, "P11_003_03": null, "P11_003_04": null, "P11_003_05": null, "P11_003_06": null, "P11_003_07": null, "P11_003_08": null, "P11_003_09": null, "P11_003_10": null, "P11_003_11": null, "P11_003_12": null, "P11_003_13": null, "P11_003_14": null, "P11_003_15": null, "P11_003_16": null, "P11_003_17": null, "P11_003_18": null, "P11_003_19": null, "P11_003_20": null, "P11_003_21": null, "P11_003_22": null, "P11_003_23": null, "P11_003_24": null, "P11_003_25": null, "P11_003_26": null, "P11_003_27": null, "P11_003_28": null, "P11_003_29": null, "P11_003_30": null, "P11_003_31": null, "P11_003_32": null, "P11_003_33": null, "P11_003_34": null, "P11_003_35": null, "P11_004_01": "1,1", "P11_004_02": null, "P11_004_03": null, "P11_004_04": null, "P11_004_05": null, "P11_004_06": null, "P11_004_07": null, "P11_004_08": null, "P11_004_09": null, "P11_004_10": null, "P11_004_11": null, "P11_004_12": null, "P11_004_13": null, "P11_004_14": null, "P11_004_15": null, "P11_004_16": null, "P11_004_17": null, "P11_004_18": null, "P11_004_19": null, "P11_004_20": null, "P11_004_21": null, "P11_004_22": null, "P11_004_23": null, "P11_004_24": null, "P11_004_25": null, "P11_004_26": null, "P11_004_27": null, "P11_004_28": null, "P11_004_29": null, "P11_004_30": null, "P11_004_31": null, "P11_004_32": null, "P11_004_33": null, "P11_004_34": null, "P11_004_35": null, "P11_005": null, "nearest_node": "(139.39739402010306, 35.33936767985587)", "centrality": 0.0095689218577769807, "community": 14, "size": 12.259747447348383 }, "geometry": { "type": "Point", "coordinates": [ 139.397394020103064, 35.339367679855869 ] } },
{ "type": "Feature", "properties": { "P11_001": "北茅ヶ崎駅入口", "P11_002": "神奈川中央交通（株）", "P11_003_01": "鶴嶺循環市立病院線【鶴嶺北コース】,鶴嶺循環市立病院線【鶴嶺南コース】", "P11_003_02": null, "P11_003_03": null, "P11_003_04": null, "P11_003_05": null, "P11_003_06": null, "P11_003_07": null, "P11_003_08": null, "P11_003_09": null, "P11_003_10": null, "P11_003_11": null, "P11_003_12": null, "P11_003_13": null, "P11_003_14": null, "P11_003_15": null, "P11_003_16": null, "P11_003_17": null, "P11_003_18": null, "P11_003_19": null, "P11_003_20": null, "P11_003_21": null, "P11_003_22": null, "P11_003_23": null, "P11_003_24": null, "P11_003_25": null, "P11_003_26": null, "P11_003_27": null, "P11_003_28": null, "P11_003_29": null, "P11_003_30": null, "P11_003_31": null, "P11_003_32": null, "P11_003_33": null, "P11_003_34": null, "P11_003_35": null, "P11_004_01": "1,1", "P11_004_02": null, "P11_004_03": null, "P11_004_04": null, "P11_004_05": null, "P11_004_06": null, "P11_004_07": null, "P11_004_08": null, "P11_004_09": null, "P11_004_10": null, "P11_004_11": null, "P11_004_12": null, "P11_004_13": null, "P11_004_14": null, "P11_004_15": null, "P11_004_16": null, "P11_004_17": null, "P11_004_18": null, "P11_004_19": null, "P11_004_20": null, "P11_004_21": null, "P11_004_22": null, "P11_004_23": null, "P11_004_24": null, "P11_004_25": null, "P11_004_26": null, "P11_004_27": null, "P11_004_28": null, "P11_004_29": null, "P11_004_30": null, "P11_004_31": null, "P11_004_32": null, "P11_004_33": null, "P11_004_34": null, "P11_004_35": null, "P11_005": null, "nearest_node": "(139.41049565845154, 35.339292914877504)", "centrality": 0.10941047542441766, "community": 4, "size": 35.837816028621937 }, "geometry": { "type": "Point", "coordinates": [ 139.411165667452337, 35.339182143572643 ] } },
{ "type": "Feature", "properties": { "P11_001": "松林一丁目", "P11_002": "神奈川中央交通（株）", "P11_003_01": "東部循環市立病院線【小和田・松浪コース】", "P11_003_02": null, "P11_003_03": null, "P11_003_04": null, "P11_003_05": null, "P11_003_06": null, "P11_003_07": null, "P11_003_08": null, "P11_003_09": null, "P11_003_10": null, "P11_003_11": null, "P11_003_12": null, "P11_003_13": null, "P11_003_14": null, "P11_003_15": null, "P11_003_16": null, "P11_003_17": null, "P11_003_18": null, "P11_003_19": null, "P11_003_20": null, "P11_003_21": null, "P11_003_22": null, "P11_003_23": null, "P11_003_24": null, "P11_003_25": null, "P11_003_26": null, "P11_003_27": null, "P11_003_28": null, "P11_003_29": null, "P11_003_30": null, "P11_003_31": null, "P11_003_32": null, "P11_003_33": null, "P11_003_34": null, "P11_003_35": null, "P11_004_01": "1", "P11_004_02": null, "P11_004_03": null, "P11_004_04": null, "P11_004_05": null, "P11_004_06": null, "P11_004_07": null, "P11_004_08": null, "P11_004_09": null, "P11_004_10": null, "P11_004_11": null, "P11_004_12": null, "P11_004_13": null, "P11_004_14": null, "P11_004_15": null, "P11_004_16": null, "P11_004_17": null, "P11_004_18": null, "P11_004_19": null, "P11_004_20": null, "P11_004_21": null, "P11_004_22": null, "P11_004_23": null, "P11_004_24": null, "P11_004_25": null, "P11_004_26": null, "P11_004_27": null, "P11_004_28": null, "P11_004_29": null, "P11_004_30": null, "P11_004_31": null, "P11_004_32": null, "P11_004_33": null, "P11_004_34": null, "P11_004_35": null, "P11_005": null, "nearest_node": "(139.42681220301486, 35.33872877385302)", "centrality": 0.030889564155271595, "community": 11, "size": 17.294720845990419 }, "geometry": { "type": "Point", "coordinates": [ 139.426812203014862, 35.33872877385302 ] } },
{ "type": "Feature", "properties": { "P11_001": "日枝神社入口", "P11_002": "神奈川中央交通（株）", "P11_003_01": "鶴嶺循環市立病院線【鶴嶺南コース】", "P11_003_02": null, "P11_003_03": null, "P11_003_04": null, "P11_003_05": null, "P11_003_06": null, "P11_003_07": null, "P11_003_08": null, "P11_003_09": null, "P11_003_10": null, "P11_003_11": null, "P11_003_12": null, "P11_003_13": null, "P11_003_14": null, "P11_003_15": null, "P11_003_16": null, "P11_003_17": null, "P11_003_18": null, "P11_003_19": null, "P11_003_20": null, "P11_003_21": null, "P11_003_22": null, "P11_003_23": null, "P11_003_24": null, "P11_003_25": null, "P11_003_26": null, "P11_003_27": null, "P11_003_28": null, "P11_003_29": null, "P11_003_30": null, "P11_003_31": null, "P11_003_32": null, "P11_003_33": null, "P11_003_34": null, "P11_003_35": null, "P11_004_01": "1", "P11_004_02": null, "P11_004_03": null, "P11_004_04": null, "P11_004_05": null, "P11_004_06": null, "P11_004_07": null, "P11_004_08": null, "P11_004_09": null, "P11_004_10": null, "P11_004_11": null, "P11_004_12": null, "P11_004_13": null, "P11_004_14": null, "P11_004_15": null, "P11_004_16": null, "P11_004_17": null, "P11_004_18": null, "P11_004_19": null, "P11_004_20": null, "P11_004_21": null, "P11_004_22": null, "P11_004_23": null, "P11_004_24": null, "P11_004_25": null, "P11_004_26": null, "P11_004_27": null, "P11_004_28": null, "P11_004_29": null, "P11_004_30": null, "P11_004_31": null, "P11_004_32": null, "P11_004_33": null, "P11_004_34": null, "P11_004_35": null, "P11_005": null, "nearest_node": "(139.38156942202323, 35.33857519079684)", "centrality": 0.013200464742157475, "community": 10, "size": 13.117353966127238 }, "geometry": { "type": "Point", "coordinates": [ 139.381569422023233, 35.338575190796838 ] } },
{ "type": "Feature", "properties": { "P11_001": "古川", "P11_002": "神奈川中央交通（株）", "P11_003_01": "茅48,茅52,茅53,茅54,鶴嶺循環市立病院線【鶴嶺南コース】", "P11_003_02": null, "P11_003_03": null, "P11_003_04": null, "P11_003_05": null, "P11_003_06": null, "P11_003_07": null, "P11_003_08": null, "P11_003_09": null, "P11_003_10": null, "P11_003_11": null, "P11_003_12": null, "P11_003_13": null, "P11_003_14": null, "P11_003_15": null, "P11_003_16": null, "P11_003_17": null, "P11_003_18": null, "P11_003_19": null, "P11_003_20": null, "P11_003_21": null, "P11_003_22": null, "P11_003_23": null, "P11_003_24": null, "P11_003_25": null, "P11_003_26": null, "P11_003_27": null, "P11_003_28": null, "P11_003_29": null, "P11_003_30": null, "P11_003_31": null, "P11_003_32": null, "P11_003_33": null, "P11_003_34": null, "P11_003_35": null, "P11_004_01": "1,1,1,1,1", "P11_004_02": null, "P11_004_03": null, "P11_004_04": null, "P11_004_05": null, "P11_004_06": null, "P11_004_07": null, "P11_004_08": null, "P11_004_09": null, "P11_004_10": null, "P11_004_11": null, "P11_004_12": null, "P11_004_13": null, "P11_004_14": null, "P11_004_15": null, "P11_004_16": null, "P11_004_17": null, "P11_004_18": null, "P11_004_19": null, "P11_004_20": null, "P11_004_21": null, "P11_004_22": null, "P11_004_23": null, "P11_004_24": null, "P11_004_25": null, "P11_004_26": null, "P11_004_27": null, "P11_004_28": null, "P11_004_29": null, "P11_004_30": null, "P11_004_31": null, "P11_004_32": null, "P11_004_33": null, "P11_004_34": null, "P11_004_35": null, "P11_005": null, "nearest_node": "(139.37947528350463, 35.33852629594939)", "centrality": 0.014946226949086899, "community": 10, "size": 13.529624204030773 }, "geometry": { "type": "Point", "coordinates": [ 139.379475283504632, 35.338526295949393 ] } },
{ "type": "Feature", "properties": { "P11_001": "辻東", "P11_002": "神奈川中央交通（株）", "P11_003_01": "茅45,茅48,茅52,茅53,茅54", "P11_003_02": null, "P11_003_03": null, "P11_003_04": null, "P11_003_05": null, "P11_003_06": null, "P11_003_07": null, "P11_003_08": null, "P11_003_09": null, "P11_003_10": null, "P11_003_11": null, "P11_003_12": null, "P11_003_13": null, "P11_003_14": null, "P11_003_15": null, "P11_003_16": null, "P11_003_17": null, "P11_003_18": null, "P11_003_19": null, "P11_003_20": null, "P11_003_21": null, "P11_003_22": null, "P11_003_23": null, "P11_003_24": null, "P11_003_25": null, "P11_003_26": null, "P11_003_27": null, "P11_003_28": null, "P11_003_29": null, "P11_003_30": null, "P11_003_31": null, "P11_003_32": null, "P11_003_33": null, "P11_003_34": null, "P11_003_35": null, "P11_004_01": "1,1,1,1,1", "P11_004_02": null, "P11_004_03": null, "P11_004_04": null, "P11_004_05": null, "P11_004_06": null, "P11_004_07": null, "P11_004_08": null, "P11_004_09": null, "P11_004_10": null, "P11_004_11": null, "P11_004_12": null, "P11_004_13": null, "P11_004_14": null, "P11_004_15": null, "P11_004_16": null, "P11_004_17": null, "P11_004_18": null, "P11_004_19": null, "P11_004_20": null, "P11_004_21": null, "P11_004_22": null, "P11_004_23": null, "P11_004_24": null, "P11_004_25": null, "P11_004_26": null, "P11_004_27": null, "P11_004_28": null, "P11_004_29": null, "P11_004_30": null, "P11_004_31": null, "P11_004_32": null, "P11_004_33": null, "P11_004_34": null, "P11_004_35": null, "P11_005": null, "nearest_node": "(139.38421216711802, 35.338189180207834)", "centrality": 0.012804242261745166, "community": 10, "size": 13.023784099845379 }, "geometry": { "type": "Point", "coordinates": [ 139.384212167118022, 35.338189180207834 ] } },
{ "type": "Feature", "properties": { "P11_001": "小和田", "P11_002": "神奈川中央交通（株）", "P11_003_01": "藤07,藤08,辻01", "P11_003_02": null, "P11_003_03": null, "P11_003_04": null, "P11_003_05": null, "P11_003_06": null, "P11_003_07": null, "P11_003_08": null, "P11_003_09": null, "P11_003_10": null, "P11_003_11": null, "P11_003_12": null, "P11_003_13": null, "P11_003_14": null, "P11_003_15": null, "P11_003_16": null, "P11_003_17": null, "P11_003_18": null, "P11_003_19": null, "P11_003_20": null, "P11_003_21": null, "P11_003_22": null, "P11_003_23": null, "P11_003_24": null, "P11_003_25": null, "P11_003_26": null, "P11_003_27": null, "P11_003_28": null, "P11_003_29": null, "P11_003_30": null, "P11_003_31": null, "P11_003_32": null, "P11_003_33": null, "P11_003_34": null, "P11_003_35": null, "P11_004_01": "1,1,1", "P11_004_02": null, "P11_004_03": null, "P11_004_04": null, "P11_004_05": null, "P11_004_06": null, "P11_004_07": null, "P11_004_08": null, "P11_004_09": null, "P11_004_10": null, "P11_004_11": null, "P11_004_12": null, "P11_004_13": null, "P11_004_14": null, "P11_004_15": null, "P11_004_16": null, "P11_004_17": null, "P11_004_18": null, "P11_004_19": null, "P11_004_20": null, "P11_004_21": null, "P11_004_22": null, "P11_004_23": null, "P11_004_24": null, "P11_004_25": null, "P11_004_26": null, "P11_004_27": null, "P11_004_28": null, "P11_004_29": null, "P11_004_30": null, "P11_004_31": null, "P11_004_32": null, "P11_004_33": null, "P11_004_34": null, "P11_004_35": null, "P11_005": null, "nearest_node": "(139.43318832298422, 35.33810976733412)", "centrality": 0.027257127535972883, "community": 11, "size": 16.436903267362812 }, "geometry": { "type": "Point", "coordinates": [ 139.433188322984222, 35.338109767334117 ] } },
{ "type": "Feature", "properties": { "P11_001": "菱沼", "P11_002": "神奈川中央交通（株）", "P11_003_01": "藤07,藤08,辻01", "P11_003_02": null, "P11_003_03": null, "P11_003_04": null, "P11_003_05": null, "P11_003_06": null, "P11_003_07": null, "P11_003_08": null, "P11_003_09": null, "P11_003_10": null, "P11_003_11": null, "P11_003_12": null, "P11_003_13": null, "P11_003_14": null, "P11_003_15": null, "P11_003_16": null, "P11_003_17": null, "P11_003_18": null, "P11_003_19": null, "P11_003_20": null, "P11_003_21": null, "P11_003_22": null, "P11_003_23": null, "P11_003_24": null, "P11_003_25": null, "P11_003_26": null, "P11_003_27": null, "P11_003_28": null, "P11_003_29": null, "P11_003_30": null, "P11_003_31": null, "P11_003_32": null, "P11_003_33": null, "P11_003_34": null, "P11_003_35": null, "P11_004_01": "1,1,1", "P11_004_02": null, "P11_004_03": null, "P11_004_04": null, "P11_004_05": null, "P11_004_06": null, "P11_004_07": null, "P11_004_08": null, "P11_004_09": null, "P11_004_10": null, "P11_004_11": null, "P11_004_12": null, "P11_004_13": null, "P11_004_14": null, "P11_004_15": null, "P11_004_16": null, "P11_004_17": null, "P11_004_18": null, "P11_004_19": null, "P11_004_20": null, "P11_004_21": null, "P11_004_22": null, "P11_004_23": null, "P11_004_24": null, "P11_004_25": null, "P11_004_26": null, "P11_004_27": null, "P11_004_28": null, "P11_004_29": null, "P11_004_30": null, "P11_004_31": null, "P11_004_32": null, "P11_004_33": null, "P11_004_34": null, "P11_004_35": null, "P11_005": null, "nearest_node": "(139.42499556620334, 35.33772101418538)", "centrality": 0.087534185360622102, "community": 11, "size": 30.671623706867585 }, "geometry": { "type": "Point", "coordinates": [ 139.424995566203336, 35.337721014185377 ] } },
{ "type": "Feature", "properties": { "P11_001": "松林中学校前", "P11_002": "神奈川中央交通（株）", "P11_003_01": "藤07,藤08,辻01", "P11_003_02": null, "P11_003_03": null, "P11_003_04": null, "P11_003_05": null, "P11_003_06": null, "P11_003_07": null, "P11_003_08": null, "P11_003_09": null, "P11_003_10": null, "P11_003_11": null, "P11_003_12": null, "P11_003_13": null, "P11_003_14": null, "P11_003_15": null, "P11_003_16": null, "P11_003_17": null, "P11_003_18": null, "P11_003_19": null, "P11_003_20": null, "P11_003_21": null, "P11_003_22": null, "P11_003_23": null, "P11_003_24": null, "P11_003_25": null, "P11_003_26": null, "P11_003_27": null, "P11_003_28": null, "P11_003_29": null, "P11_003_30": null, "P11_003_31": null, "P11_003_32": null, "P11_003_33": null, "P11_003_34": null, "P11_003_35": null, "P11_004_01": "1,1,1", "P11_004_02": null, "P11_004_03": null, "P11_004_04": null, "P11_004_05": null, "P11_004_06": null, "P11_004_07": null, "P11_004_08": null, "P11_004_09": null, "P11_004_10": null, "P11_004_11": null, "P11_004_12": null, "P11_004_13": null, "P11_004_14": null, "P11_004_15": null, "P11_004_16": null, "P11_004_17": null, "P11_004_18": null, "P11_004_19": null, "P11_004_20": null, "P11_004_21": null, "P11_004_22": null, "P11_004_23": null, "P11_004_24": null, "P11_004_25": null, "P11_004_26": null, "P11_004_27": null, "P11_004_28": null, "P11_004_29": null, "P11_004_30": null, "P11_004_31": null, "P11_004_32": null, "P11_004_33": null, "P11_004_34": null, "P11_004_35": null, "P11_005": null, "nearest_node": "(139.4224844611308, 35.33766504651756)", "centrality": 0.091612595704114216, "community": 11, "size": 31.634760150024476 }, "geometry": { "type": "Point", "coordinates": [ 139.422484461130807, 35.337665046517557 ] } },
{ "type": "Feature", "properties": { "P11_001": "前の田", "P11_002": "神奈川中央交通（株）", "P11_003_01": "湘11,茅03,茅50,茅15,茅17,茅19,茅81,茅82,鶴嶺循環市立病院線【鶴嶺北コース】,鶴嶺循環市立病院線【鶴嶺南コース】", "P11_003_02": null, "P11_003_03": null, "P11_003_04": null, "P11_003_05": null, "P11_003_06": null, "P11_003_07": null, "P11_003_08": null, "P11_003_09": null, "P11_003_10": null, "P11_003_11": null, "P11_003_12": null, "P11_003_13": null, "P11_003_14": null, "P11_003_15": null, "P11_003_16": null, "P11_003_17": null, "P11_003_18": null, "P11_003_19": null, "P11_003_20": null, "P11_003_21": null, "P11_003_22": null, "P11_003_23": null, "P11_003_24": null, "P11_003_25": null, "P11_003_26": null, "P11_003_27": null, "P11_003_28": null, "P11_003_29": null, "P11_003_30": null, "P11_003_31": null, "P11_003_32": null, "P11_003_33": null, "P11_003_34": null, "P11_003_35": null, "P11_004_01": "1,1,1,1,1,1,1,1,1,1", "P11_004_02": null, "P11_004_03": null, "P11_004_04": null, "P11_004_05": null, "P11_004_06": null, "P11_004_07": null, "P11_004_08": null, "P11_004_09": null, "P11_004_10": null, "P11_004_11": null, "P11_004_12": null, "P11_004_13": null, "P11_004_14": null, "P11_004_15": null, "P11_004_16": null, "P11_004_17": null, "P11_004_18": null, "P11_004_19": null, "P11_004_20": null, "P11_004_21": null, "P11_004_22": null, "P11_004_23": null, "P11_004_24": null, "P11_004_25": null, "P11_004_26": null, "P11_004_27": null, "P11_004_28": null, "P11_004_29": null, "P11_004_30": null, "P11_004_31": null, "P11_004_32": null, "P11_004_33": null, "P11_004_34": null, "P11_004_35": null, "P11_005": null, "nearest_node": "(139.40991315798684, 35.33753869204996)", "centrality": 0.10720622720443972, "community": 4, "size": 35.317272088306538 }, "geometry": { "type": "Point", "coordinates": [ 139.409913157986836, 35.337538692049961 ] } },
{ "type": "Feature", "properties": { "P11_001": "辻堂駅西口", "P11_002": "神奈川中央交通（株）", "P11_003_01": "辻09,藤21,辻13", "P11_003_02": null, "P11_003_03": null, "P11_003_04": null, "P11_003_05": null, "P11_003_06": null, "P11_003_07": null, "P11_003_08": null, "P11_003_09": null, "P11_003_10": null, "P11_003_11": null, "P11_003_12": null, "P11_003_13": null, "P11_003_14": null, "P11_003_15": null, "P11_003_16": null, "P11_003_17": null, "P11_003_18": null, "P11_003_19": null, "P11_003_20": null, "P11_003_21": null, "P11_003_22": null, "P11_003_23": null, "P11_003_24": null, "P11_003_25": null, "P11_003_26": null, "P11_003_27": null, "P11_003_28": null, "P11_003_29": null, "P11_003_30": null, "P11_003_31": null, "P11_003_32": null, "P11_003_33": null, "P11_003_34": null, "P11_003_35": null, "P11_004_01": "1,1,1", "P11_004_02": null, "P11_004_03": null, "P11_004_04": null, "P11_004_05": null, "P11_004_06": null, "P11_004_07": null, "P11_004_08": null, "P11_004_09": null, "P11_004_10": null, "P11_004_11": null, "P11_004_12": null, "P11_004_13": null, "P11_004_14": null, "P11_004_15": null, "P11_004_16": null, "P11_004_17": null, "P11_004_18": null, "P11_004_19": null, "P11_004_20": null, "P11_004_21": null, "P11_004_22": null, "P11_004_23": null, "P11_004_24": null, "P11_004_25": null, "P11_004_26": null, "P11_004_27": null, "P11_004_28": null, "P11_004_29": null, "P11_004_30": null, "P11_004_31": null, "P11_004_32": null, "P11_004_33": null, "P11_004_34": null, "P11_004_35": null, "P11_005": null, "nearest_node": "(139.4427904075104, 35.33740724611298)", "centrality": 0.0058092769684511573, "community": 11, "size": 11.371889016914492 }, "geometry": { "type": "Point", "coordinates": [ 139.442790407510387, 35.337407246112981 ] } },
{ "type": "Feature", "properties": { "P11_001": "鶴嶺小学校前", "P11_002": "神奈川中央交通（株）", "P11_003_01": "茅45,茅48,茅52,茅53,茅54,鶴嶺循環市立病院線【鶴嶺南コース】", "P11_003_02": null, "P11_003_03": null, "P11_003_04": null, "P11_003_05": null, "P11_003_06": null, "P11_003_07": null, "P11_003_08": null, "P11_003_09": null, "P11_003_10": null, "P11_003_11": null, "P11_003_12": null, "P11_003_13": null, "P11_003_14": null, "P11_003_15": null, "P11_003_16": null, "P11_003_17": null, "P11_003_18": null, "P11_003_19": null, "P11_003_20": null, "P11_003_21": null, "P11_003_22": null, "P11_003_23": null, "P11_003_24": null, "P11_003_25": null, "P11_003_26": null, "P11_003_27": null, "P11_003_28": null, "P11_003_29": null, "P11_003_30": null, "P11_003_31": null, "P11_003_32": null, "P11_003_33": null, "P11_003_34": null, "P11_003_35": null, "P11_004_01": "1,1,1,1,1,1", "P11_004_02": null, "P11_004_03": null, "P11_004_04": null, "P11_004_05": null, "P11_004_06": null, "P11_004_07": null, "P11_004_08": null, "P11_004_09": null, "P11_004_10": null, "P11_004_11": null, "P11_004_12": null, "P11_004_13": null, "P11_004_14": null, "P11_004_15": null, "P11_004_16": null, "P11_004_17": null, "P11_004_18": null, "P11_004_19": null, "P11_004_20": null, "P11_004_21": null, "P11_004_22": null, "P11_004_23": null, "P11_004_24": null, "P11_004_25": null, "P11_004_26": null, "P11_004_27": null, "P11_004_28": null, "P11_004_29": null, "P11_004_30": null, "P11_004_31": null, "P11_004_32": null, "P11_004_33": null, "P11_004_34": null, "P11_004_35": null, "P11_005": null, "nearest_node": "(139.3893368064849, 35.337256186218816)", "centrality": 0.019787942566564444, "community": 10, "size": 14.673018900946342 }, "geometry": { "type": "Point", "coordinates": [ 139.389336806484891, 35.337256186218816 ] } },
{ "type": "Feature", "properties": { "P11_001": "今宿北", "P11_002": "神奈川中央交通（株）", "P11_003_01": "鶴嶺循環市立病院線【鶴嶺南コース】", "P11_003_02": null, "P11_003_03": null, "P11_003_04": null, "P11_003_05": null, "P11_003_06": null, "P11_003_07": null, "P11_003_08": null, "P11_003_09": null, "P11_003_10": null, "P11_003_11": null, "P11_003_12": null, "P11_003_13": null, "P11_003_14": null, "P11_003_15": null, "P11_003_16": null, "P11_003_17": null, "P11_003_18": null, "P11_003_19": null, "P11_003_20": null, "P11_003_21": null, "P11_003_22": null, "P11_003_23": null, "P11_003_24": null, "P11_003_25": null, "P11_003_26": null, "P11_003_27": null, "P11_003_28": null, "P11_003_29": null, "P11_003_30": null, "P11_003_31": null, "P11_003_32": null, "P11_003_33": null, "P11_003_34": null, "P11_003_35": null, "P11_004_01": "1", "P11_004_02": null, "P11_004_03": null, "P11_004_04": null, "P11_004_05": null, "P11_004_06": null, "P11_004_07": null, "P11_004_08": null, "P11_004_09": null, "P11_004_10": null, "P11_004_11": null, "P11_004_12": null, "P11_004_13": null, "P11_004_14": null, "P11_004_15": null, "P11_004_16": null, "P11_004_17": null, "P11_004_18": null, "P11_004_19": null, "P11_004_20": null, "P11_004_21": null, "P11_004_22": null, "P11_004_23": null, "P11_004_24": null, "P11_004_25": null, "P11_004_26": null, "P11_004_27": null, "P11_004_28": null, "P11_004_29": null, "P11_004_30": null, "P11_004_31": null, "P11_004_32": null, "P11_004_33": null, "P11_004_34": null, "P11_004_35": null, "P11_005": null, "nearest_node": "(139.38295084486222, 35.33719187855056)", "centrality": 0.061449576120701087, "community": 10, "size": 24.511616339152976 }, "geometry": { "type": "Point", "coordinates": [ 139.382950844862222, 35.337191878550563 ] } },
{ "type": "Feature", "properties": { "P11_001": "西小和田", "P11_002": "神奈川中央交通（株）", "P11_003_01": "藤07,藤08,辻01,東部循環市立病院線【小和田・松浪コース】", "P11_003_02": null, "P11_003_03": null, "P11_003_04": null, "P11_003_05": null, "P11_003_06": null, "P11_003_07": null, "P11_003_08": null, "P11_003_09": null, "P11_003_10": null, "P11_003_11": null, "P11_003_12": null, "P11_003_13": null, "P11_003_14": null, "P11_003_15": null, "P11_003_16": null, "P11_003_17": null, "P11_003_18": null, "P11_003_19": null, "P11_003_20": null, "P11_003_21": null, "P11_003_22": null, "P11_003_23": null, "P11_003_24": null, "P11_003_25": null, "P11_003_26": null, "P11_003_27": null, "P11_003_28": null, "P11_003_29": null, "P11_003_30": null, "P11_003_31": null, "P11_003_32": null, "P11_003_33": null, "P11_003_34": null, "P11_003_35": null, "P11_004_01": "1,1,1,1", "P11_004_02": null, "P11_004_03": null, "P11_004_04": null, "P11_004_05": null, "P11_004_06": null, "P11_004_07": null, "P11_004_08": null, "P11_004_09": null, "P11_004_10": null, "P11_004_11": null, "P11_004_12": null, "P11_004_13": null, "P11_004_14": null, "P11_004_15": null, "P11_004_16": null, "P11_004_17": null, "P11_004_18": null, "P11_004_19": null, "P11_004_20": null, "P11_004_21": null, "P11_004_22": null, "P11_004_23": null, "P11_004_24": null, "P11_004_25": null, "P11_004_26": null, "P11_004_27": null, "P11_004_28": null, "P11_004_29": null, "P11_004_30": null, "P11_004_31": null, "P11_004_32": null, "P11_004_33": null, "P11_004_34": null, "P11_004_35": null, "P11_005": null, "nearest_node": "(139.43081334572284, 35.33718168013507)", "centrality": 0.053421217266958629, "community": 11, "size": 22.615680339696919 }, "geometry": { "type": "Point", "coordinates": [ 139.430813345722839, 35.337181680135068 ] } },
{ "type": "Feature", "properties": { "P11_001": "小和田交番前", "P11_002": "神奈川中央交通（株）", "P11_003_01": "東部循環市立病院線【小和田・松浪コース】", "P11_003_02": null, "P11_003_03": null, "P11_003_04": null, "P11_003_05": null, "P11_003_06": null, "P11_003_07": null, "P11_003_08": null, "P11_003_09": null, "P11_003_10": null, "P11_003_11": null, "P11_003_12": null, "P11_003_13": null, "P11_003_14": null, "P11_003_15": null, "P11_003_16": null, "P11_003_17": null, "P11_003_18": null, "P11_003_19": null, "P11_003_20": null, "P11_003_21": null, "P11_003_22": null, "P11_003_23": null, "P11_003_24": null, "P11_003_25": null, "P11_003_26": null, "P11_003_27": null, "P11_003_28": null, "P11_003_29": null, "P11_003_30": null, "P11_003_31": null, "P11_003_32": null, "P11_003_33": null, "P11_003_34": null, "P11_003_35": null, "P11_004_01": "1", "P11_004_02": null, "P11_004_03": null, "P11_004_04": null, "P11_004_05": null, "P11_004_06": null, "P11_004_07": null, "P11_004_08": null, "P11_004_09": null, "P11_004_10": null, "P11_004_11": null, "P11_004_12": null, "P11_004_13": null, "P11_004_14": null, "P11_004_15": null, "P11_004_16": null, "P11_004_17": null, "P11_004_18": null, "P11_004_19": null, "P11_004_20": null, "P11_004_21": null, "P11_004_22": null, "P11_004_23": null, "P11_004_24": null, "P11_004_25": null, "P11_004_26": null, "P11_004_27": null, "P11_004_28": null, "P11_004_29": null, "P11_004_30": null, "P11_004_31": null, "P11_004_32": null, "P11_004_33": null, "P11_004_34": null, "P11_004_35": null, "P11_005": null, "nearest_node": "(139.42800696461177, 35.33713791890406)", "centrality": 0.057154050108737683, "community": 11, "size": 23.49720697466811 }, "geometry": { "type": "Point", "coordinates": [ 139.428006964611768, 35.337137918904062 ] } },
{ "type": "Feature", "properties": { "P11_001": "市民活動サポートセンター前", "P11_002": "神奈川中央交通（株）", "P11_003_01": "鶴嶺循環市立病院線【鶴嶺北コース】", "P11_003_02": null, "P11_003_03": null, "P11_003_04": null, "P11_003_05": null, "P11_003_06": null, "P11_003_07": null, "P11_003_08": null, "P11_003_09": null, "P11_003_10": null, "P11_003_11": null, "P11_003_12": null, "P11_003_13": null, "P11_003_14": null, "P11_003_15": null, "P11_003_16": null, "P11_003_17": null, "P11_003_18": null, "P11_003_19": null, "P11_003_20": null, "P11_003_21": null, "P11_003_22": null, "P11_003_23": null, "P11_003_24": null, "P11_003_25": null, "P11_003_26": null, "P11_003_27": null, "P11_003_28": null, "P11_003_29": null, "P11_003_30": null, "P11_003_31": null, "P11_003_32": null, "P11_003_33": null, "P11_003_34": null, "P11_003_35": null, "P11_004_01": "1", "P11_004_02": null, "P11_004_03": null, "P11_004_04": null, "P11_004_05": null, "P11_004_06": null, "P11_004_07": null, "P11_004_08": null, "P11_004_09": null, "P11_004_10": null, "P11_004_11": null, "P11_004_12": null, "P11_004_13": null, "P11_004_14": null, "P11_004_15": null, "P11_004_16": null, "P11_004_17": null, "P11_004_18": null, "P11_004_19": null, "P11_004_20": null, "P11_004_21": null, "P11_004_22": null, "P11_004_23": null, "P11_004_24": null, "P11_004_25": null, "P11_004_26": null, "P11_004_27": null, "P11_004_28": null, "P11_004_29": null, "P11_004_30": null, "P11_004_31": null, "P11_004_32": null, "P11_004_33": null, "P11_004_34": null, "P11_004_35": null, "P11_005": null, "nearest_node": "(139.40331632792325, 35.33702940002411)", "centrality": 0.071278996584634491, "community": 14, "size": 26.83288179961183 }, "geometry": { "type": "Point", "coordinates": [ 139.40331632792325, 35.337029400024107 ] } },
{ "type": "Feature", "properties": { "P11_001": "茅ヶ崎高校前", "P11_002": "神奈川中央交通（株）", "P11_003_01": "藤07,藤08,辻01", "P11_003_02": null, "P11_003_03": null, "P11_003_04": null, "P11_003_05": null, "P11_003_06": null, "P11_003_07": null, "P11_003_08": null, "P11_003_09": null, "P11_003_10": null, "P11_003_11": null, "P11_003_12": null, "P11_003_13": null, "P11_003_14": null, "P11_003_15": null, "P11_003_16": null, "P11_003_17": null, "P11_003_18": null, "P11_003_19": null, "P11_003_20": null, "P11_003_21": null, "P11_003_22": null, "P11_003_23": null, "P11_003_24": null, "P11_003_25": null, "P11_003_26": null, "P11_003_27": null, "P11_003_28": null, "P11_003_29": null, "P11_003_30": null, "P11_003_31": null, "P11_003_32": null, "P11_003_33": null, "P11_003_34": null, "P11_003_35": null, "P11_004_01": "1,1,1", "P11_004_02": null, "P11_004_03": null, "P11_004_04": null, "P11_004_05": null, "P11_004_06": null, "P11_004_07": null, "P11_004_08": null, "P11_004_09": null, "P11_004_10": null, "P11_004_11": null, "P11_004_12": null, "P11_004_13": null, "P11_004_14": null, "P11_004_15": null, "P11_004_16": null, "P11_004_17": null, "P11_004_18": null, "P11_004_19": null, "P11_004_20": null, "P11_004_21": null, "P11_004_22": null, "P11_004_23": null, "P11_004_24": null, "P11_004_25": null, "P11_004_26": null, "P11_004_27": null, "P11_004_28": null, "P11_004_29": null, "P11_004_30": null, "P11_004_31": null, "P11_004_32": null, "P11_004_33": null, "P11_004_34": null, "P11_004_35": null, "P11_005": null, "nearest_node": "(139.4184194251329, 35.33693849537067)", "centrality": 0.096197455834599405, "community": 11, "size": 32.717497174143119 }, "geometry": { "type": "Point", "coordinates": [ 139.418419425132896, 35.336938495370667 ] } },
{ "type": "Feature", "properties": { "P11_001": "伍仁原", "P11_002": "神奈川中央交通（株）", "P11_003_01": "東部循環市立病院線【小和田・松浪コース】", "P11_003_02": null, "P11_003_03": null, "P11_003_04": null, "P11_003_05": null, "P11_003_06": null, "P11_003_07": null, "P11_003_08": null, "P11_003_09": null, "P11_003_10": null, "P11_003_11": null, "P11_003_12": null, "P11_003_13": null, "P11_003_14": null, "P11_003_15": null, "P11_003_16": null, "P11_003_17": null, "P11_003_18": null, "P11_003_19": null, "P11_003_20": null, "P11_003_21": null, "P11_003_22": null, "P11_003_23": null, "P11_003_24": null, "P11_003_25": null, "P11_003_26": null, "P11_003_27": null, "P11_003_28": null, "P11_003_29": null, "P11_003_30": null, "P11_003_31": null, "P11_003_32": null, "P11_003_33": null, "P11_003_34": null, "P11_003_35": null, "P11_004_01": "1", "P11_004_02": null, "P11_004_03": null, "P11_004_04": null, "P11_004_05": null, "P11_004_06": null, "P11_004_07": null, "P11_004_08": null, "P11_004_09": null, "P11_004_10": null, "P11_004_11": null, "P11_004_12": null, "P11_004_13": null, "P11_004_14": null, "P11_004_15": null, "P11_004_16": null, "P11_004_17": null, "P11_004_18": null, "P11_004_19": null, "P11_004_20": null, "P11_004_21": null, "P11_004_22": null, "P11_004_23": null, "P11_004_24": null, "P11_004_25": null, "P11_004_26": null, "P11_004_27": null, "P11_004_28": null, "P11_004_29": null, "P11_004_30": null, "P11_004_31": null, "P11_004_32": null, "P11_004_33": null, "P11_004_34": null, "P11_004_35": null, "P11_005": null, "nearest_node": "(139.43305362465554, 35.336832397250525)", "centrality": 0.031851222927279758, "community": 23, "size": 17.521821243251942 }, "geometry": { "type": "Point", "coordinates": [ 139.433053624655543, 35.336832397250525 ] } },
{ "type": "Feature", "properties": { "P11_001": "登象", "P11_002": "神奈川中央交通（株）", "P11_003_01": "茅45,茅48,茅52,茅53,茅54", "P11_003_02": null, "P11_003_03": null, "P11_003_04": null, "P11_003_05": null, "P11_003_06": null, "P11_003_07": null, "P11_003_08": null, "P11_003_09": null, "P11_003_10": null, "P11_003_11": null, "P11_003_12": null, "P11_003_13": null, "P11_003_14": null, "P11_003_15": null, "P11_003_16": null, "P11_003_17": null, "P11_003_18": null, "P11_003_19": null, "P11_003_20": null, "P11_003_21": null, "P11_003_22": null, "P11_003_23": null, "P11_003_24": null, "P11_003_25": null, "P11_003_26": null, "P11_003_27": null, "P11_003_28": null, "P11_003_29": null, "P11_003_30": null, "P11_003_31": null, "P11_003_32": null, "P11_003_33": null, "P11_003_34": null, "P11_003_35": null, "P11_004_01": "1,1,1,1,1", "P11_004_02": null, "P11_004_03": null, "P11_004_04": null, "P11_004_05": null, "P11_004_06": null, "P11_004_07": null, "P11_004_08": null, "P11_004_09": null, "P11_004_10": null, "P11_004_11": null, "P11_004_12": null, "P11_004_13": null, "P11_004_14": null, "P11_004_15": null, "P11_004_16": null, "P11_004_17": null, "P11_004_18": null, "P11_004_19": null, "P11_004_20": null, "P11_004_21": null, "P11_004_22": null, "P11_004_23": null, "P11_004_24": null, "P11_004_25": null, "P11_004_26": null, "P11_004_27": null, "P11_004_28": null, "P11_004_29": null, "P11_004_30": null, "P11_004_31": null, "P11_004_32": null, "P11_004_33": null, "P11_004_34": null, "P11_004_35": null, "P11_005": null, "nearest_node": "(139.39363278364178, 35.336700864449895)", "centrality": 0.021326898441922131, "community": 14, "size": 15.036450817583319 }, "geometry": { "type": "Point", "coordinates": [ 139.393632783641777, 35.336700864449895 ] } },
{ "type": "Feature", "properties": { "P11_001": "鶴嶺八幡宮", "P11_002": "神奈川中央交通（株）", "P11_003_01": "鶴嶺循環市立病院線【鶴嶺南コース】", "P11_003_02": null, "P11_003_03": null, "P11_003_04": null, "P11_003_05": null, "P11_003_06": null, "P11_003_07": null, "P11_003_08": null, "P11_003_09": null, "P11_003_10": null, "P11_003_11": null, "P11_003_12": null, "P11_003_13": null, "P11_003_14": null, "P11_003_15": null, "P11_003_16": null, "P11_003_17": null, "P11_003_18": null, "P11_003_19": null, "P11_003_20": null, "P11_003_21": null, "P11_003_22": null, "P11_003_23": null, "P11_003_24": null, "P11_003_25": null, "P11_003_26": null, "P11_003_27": null, "P11_003_28": null, "P11_003_29": null, "P11_003_30": null, "P11_003_31": null, "P11_003_32": null, "P11_003_33": null, "P11_003_34": null, "P11_003_35": null, "P11_004_01": "1", "P11_004_02": null, "P11_004_03": null, "P11_004_04": null, "P11_004_05": null, "P11_004_06": null, "P11_004_07": null, "P11_004_08": null, "P11_004_09": null, "P11_004_10": null, "P11_004_11": null, "P11_004_12": null, "P11_004_13": null, "P11_004_14": null, "P11_004_15": null, "P11_004_16": null, "P11_004_17": null, "P11_004_18": null, "P11_004_19": null, "P11_004_20": null, "P11_004_21": null, "P11_004_22": null, "P11_004_23": null, "P11_004_24": null, "P11_004_25": null, "P11_004_26": null, "P11_004_27": null, "P11_004_28": null, "P11_004_29": null, "P11_004_30": null, "P11_004_31": null, "P11_004_32": null, "P11_004_33": null, "P11_004_34": null, "P11_004_35": null, "P11_005": null, "nearest_node": "(139.39215563509578, 35.33669249093089)", "centrality": 0.021822679063719388, "community": 10, "size": 15.153531823281011 }, "geometry": { "type": "Point", "coordinates": [ 139.392155635095776, 35.336692490930893 ] } },
{ "type": "Feature", "properties": { "P11_001": "今宿市営住宅前", "P11_002": "神奈川中央交通（株）", "P11_003_01": "鶴嶺循環市立病院線【鶴嶺南コース】", "P11_003_02": null, "P11_003_03": null, "P11_003_04": null, "P11_003_05": null, "P11_003_06": null, "P11_003_07": null, "P11_003_08": null, "P11_003_09": null, "P11_003_10": null, "P11_003_11": null, "P11_003_12": null, "P11_003_13": null, "P11_003_14": null, "P11_003_15": null, "P11_003_16": null, "P11_003_17": null, "P11_003_18": null, "P11_003_19": null, "P11_003_20": null, "P11_003_21": null, "P11_003_22": null, "P11_003_23": null, "P11_003_24": null, "P11_003_25": null, "P11_003_26": null, "P11_003_27": null, "P11_003_28": null, "P11_003_29": null, "P11_003_30": null, "P11_003_31": null, "P11_003_32": null, "P11_003_33": null, "P11_003_34": null, "P11_003_35": null, "P11_004_01": "1", "P11_004_02": null, "P11_004_03": null, "P11_004_04": null, "P11_004_05": null, "P11_004_06": null, "P11_004_07": null, "P11_004_08": null, "P11_004_09": null, "P11_004_10": null, "P11_004_11": null, "P11_004_12": null, "P11_004_13": null, "P11_004_14": null, "P11_004_15": null, "P11_004_16": null, "P11_004_17": null, "P11_004_18": null, "P11_004_19": null, "P11_004_20": null, "P11_004_21": null, "P11_004_22": null, "P11_004_23": null, "P11_004_24": null, "P11_004_25": null, "P11_004_26": null, "P11_004_27": null, "P11_004_28": null, "P11_004_29": null, "P11_004_30": null, "P11_004_31": null, "P11_004_32": null, "P11_004_33": null, "P11_004_34": null, "P11_004_35": null, "P11_005": null, "nearest_node": "(139.38556490073876, 35.336375979906514)", "centrality": 0.013862480058744252, "community": 10, "size": 13.273692103693559 }, "geometry": { "type": "Point", "coordinates": [ 139.385564900738757, 35.336375979906514 ] } },
{ "type": "Feature", "properties": { "P11_001": "浜竹二丁目", "P11_002": "神奈川中央交通（株）", "P11_003_01": "東部循環市立病院線【小和田・松浪コース】", "P11_003_02": null, "P11_003_03": null, "P11_003_04": null, "P11_003_05": null, "P11_003_06": null, "P11_003_07": null, "P11_003_08": null, "P11_003_09": null, "P11_003_10": null, "P11_003_11": null, "P11_003_12": null, "P11_003_13": null, "P11_003_14": null, "P11_003_15": null, "P11_003_16": null, "P11_003_17": null, "P11_003_18": null, "P11_003_19": null, "P11_003_20": null, "P11_003_21": null, "P11_003_22": null, "P11_003_23": null, "P11_003_24": null, "P11_003_25": null, "P11_003_26": null, "P11_003_27": null, "P11_003_28": null, "P11_003_29": null, "P11_003_30": null, "P11_003_31": null, "P11_003_32": null, "P11_003_33": null, "P11_003_34": null, "P11_003_35": null, "P11_004_01": "1", "P11_004_02": null, "P11_004_03": null, "P11_004_04": null, "P11_004_05": null, "P11_004_06": null, "P11_004_07": null, "P11_004_08": null, "P11_004_09": null, "P11_004_10": null, "P11_004_11": null, "P11_004_12": null, "P11_004_13": null, "P11_004_14": null, "P11_004_15": null, "P11_004_16": null, "P11_004_17": null, "P11_004_18": null, "P11_004_19": null, "P11_004_20": null, "P11_004_21": null, "P11_004_22": null, "P11_004_23": null, "P11_004_24": null, "P11_004_25": null, "P11_004_26": null, "P11_004_27": null, "P11_004_28": null, "P11_004_29": null, "P11_004_30": null, "P11_004_31": null, "P11_004_32": null, "P11_004_33": null, "P11_004_34": null, "P11_004_35": null, "P11_005": null, "nearest_node": "(139.43938031266248, 35.33636941804379)", "centrality": 0.0020317573807608663, "community": 23, "size": 10.479809389505478 }, "geometry": { "type": "Point", "coordinates": [ 139.439380312662479, 35.336369418043788 ] } },
{ "type": "Feature", "properties": { "P11_001": "ジャスコ東", "P11_002": "神奈川中央交通（株）", "P11_003_01": "鶴嶺循環市立病院線【鶴嶺北コース】", "P11_003_02": null, "P11_003_03": null, "P11_003_04": null, "P11_003_05": null, "P11_003_06": null, "P11_003_07": null, "P11_003_08": null, "P11_003_09": null, "P11_003_10": null, "P11_003_11": null, "P11_003_12": null, "P11_003_13": null, "P11_003_14": null, "P11_003_15": null, "P11_003_16": null, "P11_003_17": null, "P11_003_18": null, "P11_003_19": null, "P11_003_20": null, "P11_003_21": null, "P11_003_22": null, "P11_003_23": null, "P11_003_24": null, "P11_003_25": null, "P11_003_26": null, "P11_003_27": null, "P11_003_28": null, "P11_003_29": null, "P11_003_30": null, "P11_003_31": null, "P11_003_32": null, "P11_003_33": null, "P11_003_34": null, "P11_003_35": null, "P11_004_01": "1", "P11_004_02": null, "P11_004_03": null, "P11_004_04": null, "P11_004_05": null, "P11_004_06": null, "P11_004_07": null, "P11_004_08": null, "P11_004_09": null, "P11_004_10": null, "P11_004_11": null, "P11_004_12": null, "P11_004_13": null, "P11_004_14": null, "P11_004_15": null, "P11_004_16": null, "P11_004_17": null, "P11_004_18": null, "P11_004_19": null, "P11_004_20": null, "P11_004_21": null, "P11_004_22": null, "P11_004_23": null, "P11_004_24": null, "P11_004_25": null, "P11_004_26": null, "P11_004_27": null, "P11_004_28": null, "P11_004_29": null, "P11_004_30": null, "P11_004_31": null, "P11_004_32": null, "P11_004_33": null, "P11_004_34": null, "P11_004_35": null, "P11_005": null, "nearest_node": "(139.4038024602536, 35.33636453239425)", "centrality": 0.076003875185641417, "community": 14, "size": 27.94868486670228 }, "geometry": { "type": "Point", "coordinates": [ 139.403802460253587, 35.336364532394249 ] } },
{ "type": "Feature", "properties": { "P11_001": "辻堂駅西口", "P11_002": "（株）江ノ電バス", "P11_003_01": "J2", "P11_003_02": null, "P11_003_03": null, "P11_003_04": null, "P11_003_05": null, "P11_003_06": null, "P11_003_07": null, "P11_003_08": null, "P11_003_09": null, "P11_003_10": null, "P11_003_11": null, "P11_003_12": null, "P11_003_13": null, "P11_003_14": null, "P11_003_15": null, "P11_003_16": null, "P11_003_17": null, "P11_003_18": null, "P11_003_19": null, "P11_003_20": null, "P11_003_21": null, "P11_003_22": null, "P11_003_23": null, "P11_003_24": null, "P11_003_25": null, "P11_003_26": null, "P11_003_27": null, "P11_003_28": null, "P11_003_29": null, "P11_003_30": null, "P11_003_31": null, "P11_003_32": null, "P11_003_33": null, "P11_003_34": null, "P11_003_35": null, "P11_004_01": "1", "P11_004_02": null, "P11_004_03": null, "P11_004_04": null, "P11_004_05": null, "P11_004_06": null, "P11_004_07": null, "P11_004_08": null, "P11_004_09": null, "P11_004_10": null, "P11_004_11": null, "P11_004_12": null, "P11_004_13": null, "P11_004_14": null, "P11_004_15": null, "P11_004_16": null, "P11_004_17": null, "P11_004_18": null, "P11_004_19": null, "P11_004_20": null, "P11_004_21": null, "P11_004_22": null, "P11_004_23": null, "P11_004_24": null, "P11_004_25": null, "P11_004_26": null, "P11_004_27": null, "P11_004_28": null, "P11_004_29": null, "P11_004_30": null, "P11_004_31": null, "P11_004_32": null, "P11_004_33": null, "P11_004_34": null, "P11_004_35": null, "P11_005": null, "nearest_node": "(139.44338176862385, 35.33636127136407)", "centrality": 0.017914916435785144, "community": 23, "size": 14.230694668315538 }, "geometry": { "type": "Point", "coordinates": [ 139.443381768623851, 35.336361271364069 ] } },
{ "type": "Feature", "properties": { "P11_001": "辻堂駅西口", "P11_002": "神奈川中央交通（株）", "P11_003_01": "辻12,東部循環市立病院線【小和田・松浪コース】", "P11_003_02": null, "P11_003_03": null, "P11_003_04": null, "P11_003_05": null, "P11_003_06": null, "P11_003_07": null, "P11_003_08": null, "P11_003_09": null, "P11_003_10": null, "P11_003_11": null, "P11_003_12": null, "P11_003_13": null, "P11_003_14": null, "P11_003_15": null, "P11_003_16": null, "P11_003_17": null, "P11_003_18": null, "P11_003_19": null, "P11_003_20": null, "P11_003_21": null, "P11_003_22": null, "P11_003_23": null, "P11_003_24": null, "P11_003_25": null, "P11_003_26": null, "P11_003_27": null, "P11_003_28": null, "P11_003_29": null, "P11_003_30": null, "P11_003_31": null, "P11_003_32": null, "P11_003_33": null, "P11_003_34": null, "P11_003_35": null, "P11_004_01": "1,1", "P11_004_02": null, "P11_004_03": null, "P11_004_04": null, "P11_004_05": null, "P11_004_06": null, "P11_004_07": null, "P11_004_08": null, "P11_004_09": null, "P11_004_10": null, "P11_004_11": null, "P11_004_12": null, "P11_004_13": null, "P11_004_14": null, "P11_004_15": null, "P11_004_16": null, "P11_004_17": null, "P11_004_18": null, "P11_004_19": null, "P11_004_20": null, "P11_004_21": null, "P11_004_22": null, "P11_004_23": null, "P11_004_24": null, "P11_004_25": null, "P11_004_26": null, "P11_004_27": null, "P11_004_28": null, "P11_004_29": null, "P11_004_30": null, "P11_004_31": null, "P11_004_32": null, "P11_004_33": null, "P11_004_34": null, "P11_004_35": null, "P11_005": null, "nearest_node": "(139.44338176862385, 35.33636127136407)", "centrality": 0.017914916435785144, "community": 23, "size": 14.230694668315538 }, "geometry": { "type": "Point", "coordinates": [ 139.443381768623851, 35.336361271364069 ] } },
{ "type": "Feature", "properties": { "P11_001": "県住入口", "P11_002": "神奈川中央交通（株）", "P11_003_01": "茅41,鶴嶺循環市立病院線【鶴嶺南コース】", "P11_003_02": null, "P11_003_03": null, "P11_003_04": null, "P11_003_05": null, "P11_003_06": null, "P11_003_07": null, "P11_003_08": null, "P11_003_09": null, "P11_003_10": null, "P11_003_11": null, "P11_003_12": null, "P11_003_13": null, "P11_003_14": null, "P11_003_15": null, "P11_003_16": null, "P11_003_17": null, "P11_003_18": null, "P11_003_19": null, "P11_003_20": null, "P11_003_21": null, "P11_003_22": null, "P11_003_23": null, "P11_003_24": null, "P11_003_25": null, "P11_003_26": null, "P11_003_27": null, "P11_003_28": null, "P11_003_29": null, "P11_003_30": null, "P11_003_31": null, "P11_003_32": null, "P11_003_33": null, "P11_003_34": null, "P11_003_35": null, "P11_004_01": "1,1", "P11_004_02": null, "P11_004_03": null, "P11_004_04": null, "P11_004_05": null, "P11_004_06": null, "P11_004_07": null, "P11_004_08": null, "P11_004_09": null, "P11_004_10": null, "P11_004_11": null, "P11_004_12": null, "P11_004_13": null, "P11_004_14": null, "P11_004_15": null, "P11_004_16": null, "P11_004_17": null, "P11_004_18": null, "P11_004_19": null, "P11_004_20": null, "P11_004_21": null, "P11_004_22": null, "P11_004_23": null, "P11_004_24": null, "P11_004_25": null, "P11_004_26": null, "P11_004_27": null, "P11_004_28": null, "P11_004_29": null, "P11_004_30": null, "P11_004_31": null, "P11_004_32": null, "P11_004_33": null, "P11_004_34": null, "P11_004_35": null, "P11_005": null, "nearest_node": "(139.38295099441018, 35.33628400968969)", "centrality": 0.06526582422151439, "community": 10, "size": 25.412841893341422 }, "geometry": { "type": "Point", "coordinates": [ 139.38295099441018, 35.336284009689692 ] } },
{ "type": "Feature", "properties": { "P11_001": "浜竹一丁目", "P11_002": "神奈川中央交通（株）", "P11_003_01": "東部循環市立病院線【小和田・松浪コース】", "P11_003_02": null, "P11_003_03": null, "P11_003_04": null, "P11_003_05": null, "P11_003_06": null, "P11_003_07": null, "P11_003_08": null, "P11_003_09": null, "P11_003_10": null, "P11_003_11": null, "P11_003_12": null, "P11_003_13": null, "P11_003_14": null, "P11_003_15": null, "P11_003_16": null, "P11_003_17": null, "P11_003_18": null, "P11_003_19": null, "P11_003_20": null, "P11_003_21": null, "P11_003_22": null, "P11_003_23": null, "P11_003_24": null, "P11_003_25": null, "P11_003_26": null, "P11_003_27": null, "P11_003_28": null, "P11_003_29": null, "P11_003_30": null, "P11_003_31": null, "P11_003_32": null, "P11_003_33": null, "P11_003_34": null, "P11_003_35": null, "P11_004_01": "1", "P11_004_02": null, "P11_004_03": null, "P11_004_04": null, "P11_004_05": null, "P11_004_06": null, "P11_004_07": null, "P11_004_08": null, "P11_004_09": null, "P11_004_10": null, "P11_004_11": null, "P11_004_12": null, "P11_004_13": null, "P11_004_14": null, "P11_004_15": null, "P11_004_16": null, "P11_004_17": null, "P11_004_18": null, "P11_004_19": null, "P11_004_20": null, "P11_004_21": null, "P11_004_22": null, "P11_004_23": null, "P11_004_24": null, "P11_004_25": null, "P11_004_26": null, "P11_004_27": null, "P11_004_28": null, "P11_004_29": null, "P11_004_30": null, "P11_004_31": null, "P11_004_32": null, "P11_004_33": null, "P11_004_34": null, "P11_004_35": null, "P11_005": null, "nearest_node": "(139.43609826998048, 35.33620345074826)", "centrality": 0.0061563440283611878, "community": 23, "size": 11.453850591514769 }, "geometry": { "type": "Point", "coordinates": [ 139.436098269980477, 35.336203450748258 ] } },
{ "type": "Feature", "properties": { "P11_001": "伍仁原踏切", "P11_002": "神奈川中央交通（株）", "P11_003_01": "東部循環市立病院線【小和田・松浪コース】", "P11_003_02": null, "P11_003_03": null, "P11_003_04": null, "P11_003_05": null, "P11_003_06": null, "P11_003_07": null, "P11_003_08": null, "P11_003_09": null, "P11_003_10": null, "P11_003_11": null, "P11_003_12": null, "P11_003_13": null, "P11_003_14": null, "P11_003_15": null, "P11_003_16": null, "P11_003_17": null, "P11_003_18": null, "P11_003_19": null, "P11_003_20": null, "P11_003_21": null, "P11_003_22": null, "P11_003_23": null, "P11_003_24": null, "P11_003_25": null, "P11_003_26": null, "P11_003_27": null, "P11_003_28": null, "P11_003_29": null, "P11_003_30": null, "P11_003_31": null, "P11_003_32": null, "P11_003_33": null, "P11_003_34": null, "P11_003_35": null, "P11_004_01": "1", "P11_004_02": null, "P11_004_03": null, "P11_004_04": null, "P11_004_05": null, "P11_004_06": null, "P11_004_07": null, "P11_004_08": null, "P11_004_09": null, "P11_004_10": null, "P11_004_11": null, "P11_004_12": null, "P11_004_13": null, "P11_004_14": null, "P11_004_15": null, "P11_004_16": null, "P11_004_17": null, "P11_004_18": null, "P11_004_19": null, "P11_004_20": null, "P11_004_21": null, "P11_004_22": null, "P11_004_23": null, "P11_004_24": null, "P11_004_25": null, "P11_004_26": null, "P11_004_27": null, "P11_004_28": null, "P11_004_29": null, "P11_004_30": null, "P11_004_31": null, "P11_004_32": null, "P11_004_33": null, "P11_004_34": null, "P11_004_35": null, "P11_005": null, "nearest_node": "(139.43445724934855, 35.336131438137386)", "centrality": 0.011348943903238299, "community": 23, "size": 12.680108312787569 }, "geometry": { "type": "Point", "coordinates": [ 139.434457249348554, 35.336131438137386 ] } },
{ "type": "Feature", "properties": { "P11_001": "本村", "P11_002": "神奈川中央交通（株）", "P11_003_01": "藤07,藤08,辻01,茅14,茅16,辻09,藤21", "P11_003_02": null, "P11_003_03": null, "P11_003_04": null, "P11_003_05": null, "P11_003_06": null, "P11_003_07": null, "P11_003_08": null, "P11_003_09": null, "P11_003_10": null, "P11_003_11": null, "P11_003_12": null, "P11_003_13": null, "P11_003_14": null, "P11_003_15": null, "P11_003_16": null, "P11_003_17": null, "P11_003_18": null, "P11_003_19": null, "P11_003_20": null, "P11_003_21": null, "P11_003_22": null, "P11_003_23": null, "P11_003_24": null, "P11_003_25": null, "P11_003_26": null, "P11_003_27": null, "P11_003_28": null, "P11_003_29": null, "P11_003_30": null, "P11_003_31": null, "P11_003_32": null, "P11_003_33": null, "P11_003_34": null, "P11_003_35": null, "P11_004_01": "1,1,1,1,1,1,1", "P11_004_02": null, "P11_004_03": null, "P11_004_04": null, "P11_004_05": null, "P11_004_06": null, "P11_004_07": null, "P11_004_08": null, "P11_004_09": null, "P11_004_10": null, "P11_004_11": null, "P11_004_12": null, "P11_004_13": null, "P11_004_14": null, "P11_004_15": null, "P11_004_16": null, "P11_004_17": null, "P11_004_18": null, "P11_004_19": null, "P11_004_20": null, "P11_004_21": null, "P11_004_22": null, "P11_004_23": null, "P11_004_24": null, "P11_004_25": null, "P11_004_26": null, "P11_004_27": null, "P11_004_28": null, "P11_004_29": null, "P11_004_30": null, "P11_004_31": null, "P11_004_32": null, "P11_004_33": null, "P11_004_34": null, "P11_004_35": null, "P11_005": null, "nearest_node": "(139.41331579416098, 35.33603192605631)", "centrality": 0.19822345738598876, "community": 4, "size": 56.811433773859029 }, "geometry": { "type": "Point", "coordinates": [ 139.41331579416098, 35.336031926056307 ] } },
{ "type": "Feature", "properties": { "P11_001": "肥地力", "P11_002": "神奈川中央交通（株）", "P11_003_01": "茅45,茅48,茅52,茅53,茅54,茅25,茅26", "P11_003_02": null, "P11_003_03": null, "P11_003_04": null, "P11_003_05": null, "P11_003_06": null, "P11_003_07": null, "P11_003_08": null, "P11_003_09": null, "P11_003_10": null, "P11_003_11": null, "P11_003_12": null, "P11_003_13": null, "P11_003_14": null, "P11_003_15": null, "P11_003_16": null, "P11_003_17": null, "P11_003_18": null, "P11_003_19": null, "P11_003_20": null, "P11_003_21": null, "P11_003_22": null, "P11_003_23": null, "P11_003_24": null, "P11_003_25": null, "P11_003_26": null, "P11_003_27": null, "P11_003_28": null, "P11_003_29": null, "P11_003_30": null, "P11_003_31": null, "P11_003_32": null, "P11_003_33": null, "P11_003_34": null, "P11_003_35": null, "P11_004_01": "1,1,1,1,1,1,1", "P11_004_02": null, "P11_004_03": null, "P11_004_04": null, "P11_004_05": null, "P11_004_06": null, "P11_004_07": null, "P11_004_08": null, "P11_004_09": null, "P11_004_10": null, "P11_004_11": null, "P11_004_12": null, "P11_004_13": null, "P11_004_14": null, "P11_004_15": null, "P11_004_16": null, "P11_004_17": null, "P11_004_18": null, "P11_004_19": null, "P11_004_20": null, "P11_004_21": null, "P11_004_22": null, "P11_004_23": null, "P11_004_24": null, "P11_004_25": null, "P11_004_26": null, "P11_004_27": null, "P11_004_28": null, "P11_004_29": null, "P11_004_30": null, "P11_004_31": null, "P11_004_32": null, "P11_004_33": null, "P11_004_34": null, "P11_004_35": null, "P11_005": null, "nearest_node": "(139.39878289639975, 35.33581979370331)", "centrality": 0.02583549319271904, "community": 14, "size": 16.1011774012748 }, "geometry": { "type": "Point", "coordinates": [ 139.398782896399752, 35.335819793703308 ] } },
{ "type": "Feature", "properties": { "P11_001": "ジャスコ前", "P11_002": "神奈川中央交通（株）", "P11_003_01": "茅45,茅48,茅52,茅53,茅54,茅25,茅26,鶴嶺循環市立病院線【鶴嶺南コース】", "P11_003_02": null, "P11_003_03": null, "P11_003_04": null, "P11_003_05": null, "P11_003_06": null, "P11_003_07": null, "P11_003_08": null, "P11_003_09": null, "P11_003_10": null, "P11_003_11": null, "P11_003_12": null, "P11_003_13": null, "P11_003_14": null, "P11_003_15": null, "P11_003_16": null, "P11_003_17": null, "P11_003_18": null, "P11_003_19": null, "P11_003_20": null, "P11_003_21": null, "P11_003_22": null, "P11_003_23": null, "P11_003_24": null, "P11_003_25": null, "P11_003_26": null, "P11_003_27": null, "P11_003_28": null, "P11_003_29": null, "P11_003_30": null, "P11_003_31": null, "P11_003_32": null, "P11_003_33": null, "P11_003_34": null, "P11_003_35": null, "P11_004_01": "1,1,1,1,1,1,1,1", "P11_004_02": null, "P11_004_03": null, "P11_004_04": null, "P11_004_05": null, "P11_004_06": null, "P11_004_07": null, "P11_004_08": null, "P11_004_09": null, "P11_004_10": null, "P11_004_11": null, "P11_004_12": null, "P11_004_13": null, "P11_004_14": null, "P11_004_15": null, "P11_004_16": null, "P11_004_17": null, "P11_004_18": null, "P11_004_19": null, "P11_004_20": null, "P11_004_21": null, "P11_004_22": null, "P11_004_23": null, "P11_004_24": null, "P11_004_25": null, "P11_004_26": null, "P11_004_27": null, "P11_004_28": null, "P11_004_29": null, "P11_004_30": null, "P11_004_31": null, "P11_004_32": null, "P11_004_33": null, "P11_004_34": null, "P11_004_35": null, "P11_005": null, "nearest_node": "(139.40299237640707, 35.33544747075603)", "centrality": 0.058282781656630998, "community": 14, "size": 23.763762420726071 }, "geometry": { "type": "Point", "coordinates": [ 139.40299237640707, 35.33544747075603 ] } },
{ "type": "Feature", "properties": { "P11_001": "松浪自治会館前", "P11_002": "神奈川中央交通（株）", "P11_003_01": "東部循環市立病院線【小和田・松浪コース】", "P11_003_02": null, "P11_003_03": null, "P11_003_04": null, "P11_003_05": null, "P11_003_06": null, "P11_003_07": null, "P11_003_08": null, "P11_003_09": null, "P11_003_10": null, "P11_003_11": null, "P11_003_12": null, "P11_003_13": null, "P11_003_14": null, "P11_003_15": null, "P11_003_16": null, "P11_003_17": null, "P11_003_18": null, "P11_003_19": null, "P11_003_20": null, "P11_003_21": null, "P11_003_22": null, "P11_003_23": null, "P11_003_24": null, "P11_003_25": null, "P11_003_26": null, "P11_003_27": null, "P11_003_28": null, "P11_003_29": null, "P11_003_30": null, "P11_003_31": null, "P11_003_32": null, "P11_003_33": null, "P11_003_34": null, "P11_003_35": null, "P11_004_01": "1", "P11_004_02": null, "P11_004_03": null, "P11_004_04": null, "P11_004_05": null, "P11_004_06": null, "P11_004_07": null, "P11_004_08": null, "P11_004_09": null, "P11_004_10": null, "P11_004_11": null, "P11_004_12": null, "P11_004_13": null, "P11_004_14": null, "P11_004_15": null, "P11_004_16": null, "P11_004_17": null, "P11_004_18": null, "P11_004_19": null, "P11_004_20": null, "P11_004_21": null, "P11_004_22": null, "P11_004_23": null, "P11_004_24": null, "P11_004_25": null, "P11_004_26": null, "P11_004_27": null, "P11_004_28": null, "P11_004_29": null, "P11_004_30": null, "P11_004_31": null, "P11_004_32": null, "P11_004_33": null, "P11_004_34": null, "P11_004_35": null, "P11_005": null, "nearest_node": "(139.4329270176759, 35.33544449216409)", "centrality": 0.02312688056722376, "community": 23, "size": 15.461525352978054 }, "geometry": { "type": "Point", "coordinates": [ 139.432927017675894, 35.335444492164093 ] } },
{ "type": "Feature", "properties": { "P11_001": "本村二丁目", "P11_002": "神奈川中央交通（株）", "P11_003_01": "中海岸南湖循環私立病院線,東部循環市立病院線【松が丘コース】", "P11_003_02": null, "P11_003_03": null, "P11_003_04": null, "P11_003_05": null, "P11_003_06": null, "P11_003_07": null, "P11_003_08": null, "P11_003_09": null, "P11_003_10": null, "P11_003_11": null, "P11_003_12": null, "P11_003_13": null, "P11_003_14": null, "P11_003_15": null, "P11_003_16": null, "P11_003_17": null, "P11_003_18": null, "P11_003_19": null, "P11_003_20": null, "P11_003_21": null, "P11_003_22": null, "P11_003_23": null, "P11_003_24": null, "P11_003_25": null, "P11_003_26": null, "P11_003_27": null, "P11_003_28": null, "P11_003_29": null, "P11_003_30": null, "P11_003_31": null, "P11_003_32": null, "P11_003_33": null, "P11_003_34": null, "P11_003_35": null, "P11_004_01": "1,1", "P11_004_02": null, "P11_004_03": null, "P11_004_04": null, "P11_004_05": null, "P11_004_06": null, "P11_004_07": null, "P11_004_08": null, "P11_004_09": null, "P11_004_10": null, "P11_004_11": null, "P11_004_12": null, "P11_004_13": null, "P11_004_14": null, "P11_004_15": null, "P11_004_16": null, "P11_004_17": null, "P11_004_18": null, "P11_004_19": null, "P11_004_20": null, "P11_004_21": null, "P11_004_22": null, "P11_004_23": null, "P11_004_24": null, "P11_004_25": null, "P11_004_26": null, "P11_004_27": null, "P11_004_28": null, "P11_004_29": null, "P11_004_30": null, "P11_004_31": null, "P11_004_32": null, "P11_004_33": null, "P11_004_34": null, "P11_004_35": null, "P11_005": null, "nearest_node": "(139.4147234038004, 35.335229926194664)", "centrality": 0.3063012463709196, "community": 4, "size": 82.334529416578917 }, "geometry": { "type": "Point", "coordinates": [ 139.414723403800394, 35.335229926194664 ] } },
{ "type": "Feature", "properties": { "P11_001": "市民文化会館前", "P11_002": "神奈川中央交通（株）", "P11_003_01": "茅45,茅48,茅52,茅53,茅54,茅25,茅26,鶴嶺循環市立病院線【鶴嶺北コース】,鶴嶺循環市立病院線【鶴嶺南コース】", "P11_003_02": null, "P11_003_03": null, "P11_003_04": null, "P11_003_05": null, "P11_003_06": null, "P11_003_07": null, "P11_003_08": null, "P11_003_09": null, "P11_003_10": null, "P11_003_11": null, "P11_003_12": null, "P11_003_13": null, "P11_003_14": null, "P11_003_15": null, "P11_003_16": null, "P11_003_17": null, "P11_003_18": null, "P11_003_19": null, "P11_003_20": null, "P11_003_21": null, "P11_003_22": null, "P11_003_23": null, "P11_003_24": null, "P11_003_25": null, "P11_003_26": null, "P11_003_27": null, "P11_003_28": null, "P11_003_29": null, "P11_003_30": null, "P11_003_31": null, "P11_003_32": null, "P11_003_33": null, "P11_003_34": null, "P11_003_35": null, "P11_004_01": "1,1,1,1,1,1,1,1,1", "P11_004_02": null, "P11_004_03": null, "P11_004_04": null, "P11_004_05": null, "P11_004_06": null, "P11_004_07": null, "P11_004_08": null, "P11_004_09": null, "P11_004_10": null, "P11_004_11": null, "P11_004_12": null, "P11_004_13": null, "P11_004_14": null, "P11_004_15": null, "P11_004_16": null, "P11_004_17": null, "P11_004_18": null, "P11_004_19": null, "P11_004_20": null, "P11_004_21": null, "P11_004_22": null, "P11_004_23": null, "P11_004_24": null, "P11_004_25": null, "P11_004_26": null, "P11_004_27": null, "P11_004_28": null, "P11_004_29": null, "P11_004_30": null, "P11_004_31": null, "P11_004_32": null, "P11_004_33": null, "P11_004_34": null, "P11_004_35": null, "P11_005": null, "nearest_node": "(139.40480842255482, 35.33501287720841)", "centrality": 0.1471266485007465, "community": 8, "size": 44.744673781223966 }, "geometry": { "type": "Point", "coordinates": [ 139.404808422554822, 35.335012877208413 ] } },
{ "type": "Feature", "properties": { "P11_001": "入ノ田", "P11_002": "神奈川中央交通（株）", "P11_003_01": "鶴嶺循環市立病院線【鶴嶺南コース】", "P11_003_02": null, "P11_003_03": null, "P11_003_04": null, "P11_003_05": null, "P11_003_06": null, "P11_003_07": null, "P11_003_08": null, "P11_003_09": null, "P11_003_10": null, "P11_003_11": null, "P11_003_12": null, "P11_003_13": null, "P11_003_14": null, "P11_003_15": null, "P11_003_16": null, "P11_003_17": null, "P11_003_18": null, "P11_003_19": null, "P11_003_20": null, "P11_003_21": null, "P11_003_22": null, "P11_003_23": null, "P11_003_24": null, "P11_003_25": null, "P11_003_26": null, "P11_003_27": null, "P11_003_28": null, "P11_003_29": null, "P11_003_30": null, "P11_003_31": null, "P11_003_32": null, "P11_003_33": null, "P11_003_34": null, "P11_003_35": null, "P11_004_01": "1", "P11_004_02": null, "P11_004_03": null, "P11_004_04": null, "P11_004_05": null, "P11_004_06": null, "P11_004_07": null, "P11_004_08": null, "P11_004_09": null, "P11_004_10": null, "P11_004_11": null, "P11_004_12": null, "P11_004_13": null, "P11_004_14": null, "P11_004_15": null, "P11_004_16": null, "P11_004_17": null, "P11_004_18": null, "P11_004_19": null, "P11_004_20": null, "P11_004_21": null, "P11_004_22": null, "P11_004_23": null, "P11_004_24": null, "P11_004_25": null, "P11_004_26": null, "P11_004_27": null, "P11_004_28": null, "P11_004_29": null, "P11_004_30": null, "P11_004_31": null, "P11_004_32": null, "P11_004_33": null, "P11_004_34": null, "P11_004_35": null, "P11_005": null, "nearest_node": "(139.38423384048824, 35.33483736717579)", "centrality": 0.017696602857922024, "community": 10, "size": 14.179138854857126 }, "geometry": { "type": "Point", "coordinates": [ 139.384233840488236, 35.334837367175787 ] } },
{ "type": "Feature", "properties": { "P11_001": "中央公園前", "P11_002": "神奈川中央交通（株）", "P11_003_01": "湘11,茅03,茅50,茅15,茅17,茅19,茅81,茅82,鶴嶺循環市立病院線【鶴嶺北コース】,鶴嶺循環市立病院線【鶴嶺南コース】", "P11_003_02": null, "P11_003_03": null, "P11_003_04": null, "P11_003_05": null, "P11_003_06": null, "P11_003_07": null, "P11_003_08": null, "P11_003_09": null, "P11_003_10": null, "P11_003_11": null, "P11_003_12": null, "P11_003_13": null, "P11_003_14": null, "P11_003_15": null, "P11_003_16": null, "P11_003_17": null, "P11_003_18": null, "P11_003_19": null, "P11_003_20": null, "P11_003_21": null, "P11_003_22": null, "P11_003_23": null, "P11_003_24": null, "P11_003_25": null, "P11_003_26": null, "P11_003_27": null, "P11_003_28": null, "P11_003_29": null, "P11_003_30": null, "P11_003_31": null, "P11_003_32": null, "P11_003_33": null, "P11_003_34": null, "P11_003_35": null, "P11_004_01": "1,1,1,1,1,1,1,1,1,1", "P11_004_02": null, "P11_004_03": null, "P11_004_04": null, "P11_004_05": null, "P11_004_06": null, "P11_004_07": null, "P11_004_08": null, "P11_004_09": null, "P11_004_10": null, "P11_004_11": null, "P11_004_12": null, "P11_004_13": null, "P11_004_14": null, "P11_004_15": null, "P11_004_16": null, "P11_004_17": null, "P11_004_18": null, "P11_004_19": null, "P11_004_20": null, "P11_004_21": null, "P11_004_22": null, "P11_004_23": null, "P11_004_24": null, "P11_004_25": null, "P11_004_26": null, "P11_004_27": null, "P11_004_28": null, "P11_004_29": null, "P11_004_30": null, "P11_004_31": null, "P11_004_32": null, "P11_004_33": null, "P11_004_34": null, "P11_004_35": null, "P11_005": null, "nearest_node": "(139.40788991883034, 35.33466718279761)", "centrality": 0.10851703841783382, "community": 4, "size": 35.626826533148787 }, "geometry": { "type": "Point", "coordinates": [ 139.407889918830335, 35.33466718279761 ] } },
{ "type": "Feature", "properties": { "P11_001": "保健所前", "P11_002": "神奈川中央交通（株）", "P11_003_01": "茅45,茅48,茅52,茅53,茅54,茅25,茅26,鶴嶺循環市立病院線【鶴嶺南コース】", "P11_003_02": null, "P11_003_03": null, "P11_003_04": null, "P11_003_05": null, "P11_003_06": null, "P11_003_07": null, "P11_003_08": null, "P11_003_09": null, "P11_003_10": null, "P11_003_11": null, "P11_003_12": null, "P11_003_13": null, "P11_003_14": null, "P11_003_15": null, "P11_003_16": null, "P11_003_17": null, "P11_003_18": null, "P11_003_19": null, "P11_003_20": null, "P11_003_21": null, "P11_003_22": null, "P11_003_23": null, "P11_003_24": null, "P11_003_25": null, "P11_003_26": null, "P11_003_27": null, "P11_003_28": null, "P11_003_29": null, "P11_003_30": null, "P11_003_31": null, "P11_003_32": null, "P11_003_33": null, "P11_003_34": null, "P11_003_35": null, "P11_004_01": "1,1,1,1,1,1,1,1", "P11_004_02": null, "P11_004_03": null, "P11_004_04": null, "P11_004_05": null, "P11_004_06": null, "P11_004_07": null, "P11_004_08": null, "P11_004_09": null, "P11_004_10": null, "P11_004_11": null, "P11_004_12": null, "P11_004_13": null, "P11_004_14": null, "P11_004_15": null, "P11_004_16": null, "P11_004_17": null, "P11_004_18": null, "P11_004_19": null, "P11_004_20": null, "P11_004_21": null, "P11_004_22": null, "P11_004_23": null, "P11_004_24": null, "P11_004_25": null, "P11_004_26": null, "P11_004_27": null, "P11_004_28": null, "P11_004_29": null, "P11_004_30": null, "P11_004_31": null, "P11_004_32": null, "P11_004_33": null, "P11_004_34": null, "P11_004_35": null, "P11_005": null, "nearest_node": "(139.3993828080103, 35.33430344787235)", "centrality": 0.054967025110022723, "community": 14, "size": 22.980730381841028 }, "geometry": { "type": "Point", "coordinates": [ 139.399382808010301, 35.334303447872351 ] } },
{ "type": "Feature", "properties": { "P11_001": "浜之郷入口", "P11_002": "神奈川中央交通（株）", "P11_003_01": "鶴嶺循環市立病院線【鶴嶺南コース】", "P11_003_02": null, "P11_003_03": null, "P11_003_04": null, "P11_003_05": null, "P11_003_06": null, "P11_003_07": null, "P11_003_08": null, "P11_003_09": null, "P11_003_10": null, "P11_003_11": null, "P11_003_12": null, "P11_003_13": null, "P11_003_14": null, "P11_003_15": null, "P11_003_16": null, "P11_003_17": null, "P11_003_18": null, "P11_003_19": null, "P11_003_20": null, "P11_003_21": null, "P11_003_22": null, "P11_003_23": null, "P11_003_24": null, "P11_003_25": null, "P11_003_26": null, "P11_003_27": null, "P11_003_28": null, "P11_003_29": null, "P11_003_30": null, "P11_003_31": null, "P11_003_32": null, "P11_003_33": null, "P11_003_34": null, "P11_003_35": null, "P11_004_01": "1", "P11_004_02": null, "P11_004_03": null, "P11_004_04": null, "P11_004_05": null, "P11_004_06": null, "P11_004_07": null, "P11_004_08": null, "P11_004_09": null, "P11_004_10": null, "P11_004_11": null, "P11_004_12": null, "P11_004_13": null, "P11_004_14": null, "P11_004_15": null, "P11_004_16": null, "P11_004_17": null, "P11_004_18": null, "P11_004_19": null, "P11_004_20": null, "P11_004_21": null, "P11_004_22": null, "P11_004_23": null, "P11_004_24": null, "P11_004_25": null, "P11_004_26": null, "P11_004_27": null, "P11_004_28": null, "P11_004_29": null, "P11_004_30": null, "P11_004_31": null, "P11_004_32": null, "P11_004_33": null, "P11_004_34": null, "P11_004_35": null, "P11_005": null, "nearest_node": "(139.39830402400037, 35.33412818117417)", "centrality": 0.020980669463107584, "community": 14, "size": 14.954687159910815 }, "geometry": { "type": "Point", "coordinates": [ 139.398304024000367, 35.334128181174172 ] } },
{ "type": "Feature", "properties": { "P11_001": "宮ノ前", "P11_002": "神奈川中央交通（株）", "P11_003_01": "鶴嶺循環市立病院線【鶴嶺南コース】", "P11_003_02": null, "P11_003_03": null, "P11_003_04": null, "P11_003_05": null, "P11_003_06": null, "P11_003_07": null, "P11_003_08": null, "P11_003_09": null, "P11_003_10": null, "P11_003_11": null, "P11_003_12": null, "P11_003_13": null, "P11_003_14": null, "P11_003_15": null, "P11_003_16": null, "P11_003_17": null, "P11_003_18": null, "P11_003_19": null, "P11_003_20": null, "P11_003_21": null, "P11_003_22": null, "P11_003_23": null, "P11_003_24": null, "P11_003_25": null, "P11_003_26": null, "P11_003_27": null, "P11_003_28": null, "P11_003_29": null, "P11_003_30": null, "P11_003_31": null, "P11_003_32": null, "P11_003_33": null, "P11_003_34": null, "P11_003_35": null, "P11_004_01": "1", "P11_004_02": null, "P11_004_03": null, "P11_004_04": null, "P11_004_05": null, "P11_004_06": null, "P11_004_07": null, "P11_004_08": null, "P11_004_09": null, "P11_004_10": null, "P11_004_11": null, "P11_004_12": null, "P11_004_13": null, "P11_004_14": null, "P11_004_15": null, "P11_004_16": null, "P11_004_17": null, "P11_004_18": null, "P11_004_19": null, "P11_004_20": null, "P11_004_21": null, "P11_004_22": null, "P11_004_23": null, "P11_004_24": null, "P11_004_25": null, "P11_004_26": null, "P11_004_27": null, "P11_004_28": null, "P11_004_29": null, "P11_004_30": null, "P11_004_31": null, "P11_004_32": null, "P11_004_33": null, "P11_004_34": null, "P11_004_35": null, "P11_005": null, "nearest_node": "(139.38289246062797, 35.33412416519341)", "centrality": 0.022156340099856071, "community": 10, "size": 15.232327500149944 }, "geometry": { "type": "Point", "coordinates": [ 139.382892460627971, 35.334124165193408 ] } },
{ "type": "Feature", "properties": { "P11_001": "浜之郷西", "P11_002": "神奈川中央交通（株）", "P11_003_01": "鶴嶺循環市立病院線【鶴嶺南コース】", "P11_003_02": null, "P11_003_03": null, "P11_003_04": null, "P11_003_05": null, "P11_003_06": null, "P11_003_07": null, "P11_003_08": null, "P11_003_09": null, "P11_003_10": null, "P11_003_11": null, "P11_003_12": null, "P11_003_13": null, "P11_003_14": null, "P11_003_15": null, "P11_003_16": null, "P11_003_17": null, "P11_003_18": null, "P11_003_19": null, "P11_003_20": null, "P11_003_21": null, "P11_003_22": null, "P11_003_23": null, "P11_003_24": null, "P11_003_25": null, "P11_003_26": null, "P11_003_27": null, "P11_003_28": null, "P11_003_29": null, "P11_003_30": null, "P11_003_31": null, "P11_003_32": null, "P11_003_33": null, "P11_003_34": null, "P11_003_35": null, "P11_004_01": "1", "P11_004_02": null, "P11_004_03": null, "P11_004_04": null, "P11_004_05": null, "P11_004_06": null, "P11_004_07": null, "P11_004_08": null, "P11_004_09": null, "P11_004_10": null, "P11_004_11": null, "P11_004_12": null, "P11_004_13": null, "P11_004_14": null, "P11_004_15": null, "P11_004_16": null, "P11_004_17": null, "P11_004_18": null, "P11_004_19": null, "P11_004_20": null, "P11_004_21": null, "P11_004_22": null, "P11_004_23": null, "P11_004_24": null, "P11_004_25": null, "P11_004_26": null, "P11_004_27": null, "P11_004_28": null, "P11_004_29": null, "P11_004_30": null, "P11_004_31": null, "P11_004_32": null, "P11_004_33": null, "P11_004_34": null, "P11_004_35": null, "P11_005": null, "nearest_node": "(139.39348603790532, 35.33371119322487)", "centrality": 0.00080019066344922069, "community": 14, "size": 10.188968917919606 }, "geometry": { "type": "Point", "coordinates": [ 139.393486037905319, 35.333711193224872 ] } },
{ "type": "Feature", "properties": { "P11_001": "小中島", "P11_002": "神奈川中央交通（株）", "P11_003_01": "茅48", "P11_003_02": null, "P11_003_03": null, "P11_003_04": null, "P11_003_05": null, "P11_003_06": null, "P11_003_07": null, "P11_003_08": null, "P11_003_09": null, "P11_003_10": null, "P11_003_11": null, "P11_003_12": null, "P11_003_13": null, "P11_003_14": null, "P11_003_15": null, "P11_003_16": null, "P11_003_17": null, "P11_003_18": null, "P11_003_19": null, "P11_003_20": null, "P11_003_21": null, "P11_003_22": null, "P11_003_23": null, "P11_003_24": null, "P11_003_25": null, "P11_003_26": null, "P11_003_27": null, "P11_003_28": null, "P11_003_29": null, "P11_003_30": null, "P11_003_31": null, "P11_003_32": null, "P11_003_33": null, "P11_003_34": null, "P11_003_35": null, "P11_004_01": "1", "P11_004_02": null, "P11_004_03": null, "P11_004_04": null, "P11_004_05": null, "P11_004_06": null, "P11_004_07": null, "P11_004_08": null, "P11_004_09": null, "P11_004_10": null, "P11_004_11": null, "P11_004_12": null, "P11_004_13": null, "P11_004_14": null, "P11_004_15": null, "P11_004_16": null, "P11_004_17": null, "P11_004_18": null, "P11_004_19": null, "P11_004_20": null, "P11_004_21": null, "P11_004_22": null, "P11_004_23": null, "P11_004_24": null, "P11_004_25": null, "P11_004_26": null, "P11_004_27": null, "P11_004_28": null, "P11_004_29": null, "P11_004_30": null, "P11_004_31": null, "P11_004_32": null, "P11_004_33": null, "P11_004_34": null, "P11_004_35": null, "P11_005": null, "nearest_node": "(139.37740710411953, 35.33363642635037)", "centrality": 0.074209789376470922, "community": 10, "size": 27.525002775046154 }, "geometry": { "type": "Point", "coordinates": [ 139.377407104119527, 35.333636426350367 ] } },
{ "type": "Feature", "properties": { "P11_001": "浜之郷", "P11_002": "神奈川中央交通（株）", "P11_003_01": "鶴嶺循環市立病院線【鶴嶺南コース】", "P11_003_02": null, "P11_003_03": null, "P11_003_04": null, "P11_003_05": null, "P11_003_06": null, "P11_003_07": null, "P11_003_08": null, "P11_003_09": null, "P11_003_10": null, "P11_003_11": null, "P11_003_12": null, "P11_003_13": null, "P11_003_14": null, "P11_003_15": null, "P11_003_16": null, "P11_003_17": null, "P11_003_18": null, "P11_003_19": null, "P11_003_20": null, "P11_003_21": null, "P11_003_22": null, "P11_003_23": null, "P11_003_24": null, "P11_003_25": null, "P11_003_26": null, "P11_003_27": null, "P11_003_28": null, "P11_003_29": null, "P11_003_30": null, "P11_003_31": null, "P11_003_32": null, "P11_003_33": null, "P11_003_34": null, "P11_003_35": null, "P11_004_01": "1", "P11_004_02": null, "P11_004_03": null, "P11_004_04": null, "P11_004_05": null, "P11_004_06": null, "P11_004_07": null, "P11_004_08": null, "P11_004_09": null, "P11_004_10": null, "P11_004_11": null, "P11_004_12": null, "P11_004_13": null, "P11_004_14": null, "P11_004_15": null, "P11_004_16": null, "P11_004_17": null, "P11_004_18": null, "P11_004_19": null, "P11_004_20": null, "P11_004_21": null, "P11_004_22": null, "P11_004_23": null, "P11_004_24": null, "P11_004_25": null, "P11_004_26": null, "P11_004_27": null, "P11_004_28": null, "P11_004_29": null, "P11_004_30": null, "P11_004_31": null, "P11_004_32": null, "P11_004_33": null, "P11_004_34": null, "P11_004_35": null, "P11_005": null, "nearest_node": "(139.39613092777563, 35.333528528766266)", "centrality": 0.016708616554000418, "community": 14, "size": 13.945821082856771 }, "geometry": { "type": "Point", "coordinates": [ 139.39613092777563, 35.333528528766266 ] } },
{ "type": "Feature", "properties": { "P11_001": "今宿", "P11_002": "神奈川中央交通（株）", "P11_003_01": "茅41,茅48,茅06", "P11_003_02": null, "P11_003_03": null, "P11_003_04": null, "P11_003_05": null, "P11_003_06": null, "P11_003_07": null, "P11_003_08": null, "P11_003_09": null, "P11_003_10": null, "P11_003_11": null, "P11_003_12": null, "P11_003_13": null, "P11_003_14": null, "P11_003_15": null, "P11_003_16": null, "P11_003_17": null, "P11_003_18": null, "P11_003_19": null, "P11_003_20": null, "P11_003_21": null, "P11_003_22": null, "P11_003_23": null, "P11_003_24": null, "P11_003_25": null, "P11_003_26": null, "P11_003_27": null, "P11_003_28": null, "P11_003_29": null, "P11_003_30": null, "P11_003_31": null, "P11_003_32": null, "P11_003_33": null, "P11_003_34": null, "P11_003_35": null, "P11_004_01": "1,1,1", "P11_004_02": null, "P11_004_03": null, "P11_004_04": null, "P11_004_05": null, "P11_004_06": null, "P11_004_07": null, "P11_004_08": null, "P11_004_09": null, "P11_004_10": null, "P11_004_11": null, "P11_004_12": null, "P11_004_13": null, "P11_004_14": null, "P11_004_15": null, "P11_004_16": null, "P11_004_17": null, "P11_004_18": null, "P11_004_19": null, "P11_004_20": null, "P11_004_21": null, "P11_004_22": null, "P11_004_23": null, "P11_004_24": null, "P11_004_25": null, "P11_004_26": null, "P11_004_27": null, "P11_004_28": null, "P11_004_29": null, "P11_004_30": null, "P11_004_31": null, "P11_004_32": null, "P11_004_33": null, "P11_004_34": null, "P11_004_35": null, "P11_005": null, "nearest_node": "(139.38183802207342, 35.33315490320763)", "centrality": 0.19523340750664145, "community": 10, "size": 56.10531894893672 }, "geometry": { "type": "Point", "coordinates": [ 139.381838022073424, 35.333154903207628 ] } },
{ "type": "Feature", "properties": { "P11_001": "TBS", "P11_002": "神奈川中央交通（株）", "P11_003_01": "鶴嶺循環市立病院線【鶴嶺南コース】", "P11_003_02": null, "P11_003_03": null, "P11_003_04": null, "P11_003_05": null, "P11_003_06": null, "P11_003_07": null, "P11_003_08": null, "P11_003_09": null, "P11_003_10": null, "P11_003_11": null, "P11_003_12": null, "P11_003_13": null, "P11_003_14": null, "P11_003_15": null, "P11_003_16": null, "P11_003_17": null, "P11_003_18": null, "P11_003_19": null, "P11_003_20": null, "P11_003_21": null, "P11_003_22": null, "P11_003_23": null, "P11_003_24": null, "P11_003_25": null, "P11_003_26": null, "P11_003_27": null, "P11_003_28": null, "P11_003_29": null, "P11_003_30": null, "P11_003_31": null, "P11_003_32": null, "P11_003_33": null, "P11_003_34": null, "P11_003_35": null, "P11_004_01": "1", "P11_004_02": null, "P11_004_03": null, "P11_004_04": null, "P11_004_05": null, "P11_004_06": null, "P11_004_07": null, "P11_004_08": null, "P11_004_09": null, "P11_004_10": null, "P11_004_11": null, "P11_004_12": null, "P11_004_13": null, "P11_004_14": null, "P11_004_15": null, "P11_004_16": null, "P11_004_17": null, "P11_004_18": null, "P11_004_19": null, "P11_004_20": null, "P11_004_21": null, "P11_004_22": null, "P11_004_23": null, "P11_004_24": null, "P11_004_25": null, "P11_004_26": null, "P11_004_27": null, "P11_004_28": null, "P11_004_29": null, "P11_004_30": null, "P11_004_31": null, "P11_004_32": null, "P11_004_33": null, "P11_004_34": null, "P11_004_35": null, "P11_005": null, "nearest_node": "(139.3936450078442, 35.33314631331285)", "centrality": 0.0019202467625025492, "community": 14, "size": 10.453475614529912 }, "geometry": { "type": "Point", "coordinates": [ 139.393645007844214, 35.333146313312852 ] } },
{ "type": "Feature", "properties": { "P11_001": "桜道", "P11_002": "神奈川中央交通（株）", "P11_003_01": "辻12", "P11_003_02": null, "P11_003_03": null, "P11_003_04": null, "P11_003_05": null, "P11_003_06": null, "P11_003_07": null, "P11_003_08": null, "P11_003_09": null, "P11_003_10": null, "P11_003_11": null, "P11_003_12": null, "P11_003_13": null, "P11_003_14": null, "P11_003_15": null, "P11_003_16": null, "P11_003_17": null, "P11_003_18": null, "P11_003_19": null, "P11_003_20": null, "P11_003_21": null, "P11_003_22": null, "P11_003_23": null, "P11_003_24": null, "P11_003_25": null, "P11_003_26": null, "P11_003_27": null, "P11_003_28": null, "P11_003_29": null, "P11_003_30": null, "P11_003_31": null, "P11_003_32": null, "P11_003_33": null, "P11_003_34": null, "P11_003_35": null, "P11_004_01": "1", "P11_004_02": null, "P11_004_03": null, "P11_004_04": null, "P11_004_05": null, "P11_004_06": null, "P11_004_07": null, "P11_004_08": null, "P11_004_09": null, "P11_004_10": null, "P11_004_11": null, "P11_004_12": null, "P11_004_13": null, "P11_004_14": null, "P11_004_15": null, "P11_004_16": null, "P11_004_17": null, "P11_004_18": null, "P11_004_19": null, "P11_004_20": null, "P11_004_21": null, "P11_004_22": null, "P11_004_23": null, "P11_004_24": null, "P11_004_25": null, "P11_004_26": null, "P11_004_27": null, "P11_004_28": null, "P11_004_29": null, "P11_004_30": null, "P11_004_31": null, "P11_004_32": null, "P11_004_33": null, "P11_004_34": null, "P11_004_35": null, "P11_005": null, "nearest_node": "(139.4220075156593, 35.332933732342255)", "centrality": 0.071923641859196016, "community": 19, "size": 26.985117917252573 }, "geometry": { "type": "Point", "coordinates": [ 139.422007515659288, 35.332933732342255 ] } },
{ "type": "Feature", "properties": { "P11_001": "浜竹", "P11_002": "神奈川中央交通（株）", "P11_003_01": "辻12,辻13", "P11_003_02": null, "P11_003_03": null, "P11_003_04": null, "P11_003_05": null, "P11_003_06": null, "P11_003_07": null, "P11_003_08": null, "P11_003_09": null, "P11_003_10": null, "P11_003_11": null, "P11_003_12": null, "P11_003_13": null, "P11_003_14": null, "P11_003_15": null, "P11_003_16": null, "P11_003_17": null, "P11_003_18": null, "P11_003_19": null, "P11_003_20": null, "P11_003_21": null, "P11_003_22": null, "P11_003_23": null, "P11_003_24": null, "P11_003_25": null, "P11_003_26": null, "P11_003_27": null, "P11_003_28": null, "P11_003_29": null, "P11_003_30": null, "P11_003_31": null, "P11_003_32": null, "P11_003_33": null, "P11_003_34": null, "P11_003_35": null, "P11_004_01": "1,1", "P11_004_02": null, "P11_004_03": null, "P11_004_04": null, "P11_004_05": null, "P11_004_06": null, "P11_004_07": null, "P11_004_08": null, "P11_004_09": null, "P11_004_10": null, "P11_004_11": null, "P11_004_12": null, "P11_004_13": null, "P11_004_14": null, "P11_004_15": null, "P11_004_16": null, "P11_004_17": null, "P11_004_18": null, "P11_004_19": null, "P11_004_20": null, "P11_004_21": null, "P11_004_22": null, "P11_004_23": null, "P11_004_24": null, "P11_004_25": null, "P11_004_26": null, "P11_004_27": null, "P11_004_28": null, "P11_004_29": null, "P11_004_30": null, "P11_004_31": null, "P11_004_32": null, "P11_004_33": null, "P11_004_34": null, "P11_004_35": null, "P11_005": null, "nearest_node": "(139.43855185729623, 35.332925871730666)", "centrality": 0.038617120573409131, "community": 23, "size": 19.119620886942755 }, "geometry": { "type": "Point", "coordinates": [ 139.438551857296233, 35.332925871730666 ] } },
{ "type": "Feature", "properties": { "P11_001": "浜竹", "P11_002": "（株）江ノ電バス", "P11_003_01": "J2", "P11_003_02": null, "P11_003_03": null, "P11_003_04": null, "P11_003_05": null, "P11_003_06": null, "P11_003_07": null, "P11_003_08": null, "P11_003_09": null, "P11_003_10": null, "P11_003_11": null, "P11_003_12": null, "P11_003_13": null, "P11_003_14": null, "P11_003_15": null, "P11_003_16": null, "P11_003_17": null, "P11_003_18": null, "P11_003_19": null, "P11_003_20": null, "P11_003_21": null, "P11_003_22": null, "P11_003_23": null, "P11_003_24": null, "P11_003_25": null, "P11_003_26": null, "P11_003_27": null, "P11_003_28": null, "P11_003_29": null, "P11_003_30": null, "P11_003_31": null, "P11_003_32": null, "P11_003_33": null, "P11_003_34": null, "P11_003_35": null, "P11_004_01": "1", "P11_004_02": null, "P11_004_03": null, "P11_004_04": null, "P11_004_05": null, "P11_004_06": null, "P11_004_07": null, "P11_004_08": null, "P11_004_09": null, "P11_004_10": null, "P11_004_11": null, "P11_004_12": null, "P11_004_13": null, "P11_004_14": null, "P11_004_15": null, "P11_004_16": null, "P11_004_17": null, "P11_004_18": null, "P11_004_19": null, "P11_004_20": null, "P11_004_21": null, "P11_004_22": null, "P11_004_23": null, "P11_004_24": null, "P11_004_25": null, "P11_004_26": null, "P11_004_27": null, "P11_004_28": null, "P11_004_29": null, "P11_004_30": null, "P11_004_31": null, "P11_004_32": null, "P11_004_33": null, "P11_004_34": null, "P11_004_35": null, "P11_005": null, "nearest_node": "(139.43855185729623, 35.332925871730666)", "centrality": 0.038617120573409131, "community": 23, "size": 19.119620886942755 }, "geometry": { "type": "Point", "coordinates": [ 139.438551857296233, 35.332925871730666 ] } },
{ "type": "Feature", "properties": { "P11_001": "中島", "P11_002": "神奈川中央交通（株）", "P11_003_01": "茅06", "P11_003_02": null, "P11_003_03": null, "P11_003_04": null, "P11_003_05": null, "P11_003_06": null, "P11_003_07": null, "P11_003_08": null, "P11_003_09": null, "P11_003_10": null, "P11_003_11": null, "P11_003_12": null, "P11_003_13": null, "P11_003_14": null, "P11_003_15": null, "P11_003_16": null, "P11_003_17": null, "P11_003_18": null, "P11_003_19": null, "P11_003_20": null, "P11_003_21": null, "P11_003_22": null, "P11_003_23": null, "P11_003_24": null, "P11_003_25": null, "P11_003_26": null, "P11_003_27": null, "P11_003_28": null, "P11_003_29": null, "P11_003_30": null, "P11_003_31": null, "P11_003_32": null, "P11_003_33": null, "P11_003_34": null, "P11_003_35": null, "P11_004_01": "1", "P11_004_02": null, "P11_004_03": null, "P11_004_04": null, "P11_004_05": null, "P11_004_06": null, "P11_004_07": null, "P11_004_08": null, "P11_004_09": null, "P11_004_10": null, "P11_004_11": null, "P11_004_12": null, "P11_004_13": null, "P11_004_14": null, "P11_004_15": null, "P11_004_16": null, "P11_004_17": null, "P11_004_18": null, "P11_004_19": null, "P11_004_20": null, "P11_004_21": null, "P11_004_22": null, "P11_004_23": null, "P11_004_24": null, "P11_004_25": null, "P11_004_26": null, "P11_004_27": null, "P11_004_28": null, "P11_004_29": null, "P11_004_30": null, "P11_004_31": null, "P11_004_32": null, "P11_004_33": null, "P11_004_34": null, "P11_004_35": null, "P11_005": null, "nearest_node": "(139.37618485255535, 35.332898497891776)", "centrality": 0.011582804540173384, "community": 10, "size": 12.735335639878741 }, "geometry": { "type": "Point", "coordinates": [ 139.376184852555355, 35.332898497891776 ] } },
{ "type": "Feature", "properties": { "P11_001": "ひばりが丘", "P11_002": "神奈川中央交通（株）", "P11_003_01": "辻12", "P11_003_02": null, "P11_003_03": null, "P11_003_04": null, "P11_003_05": null, "P11_003_06": null, "P11_003_07": null, "P11_003_08": null, "P11_003_09": null, "P11_003_10": null, "P11_003_11": null, "P11_003_12": null, "P11_003_13": null, "P11_003_14": null, "P11_003_15": null, "P11_003_16": null, "P11_003_17": null, "P11_003_18": null, "P11_003_19": null, "P11_003_20": null, "P11_003_21": null, "P11_003_22": null, "P11_003_23": null, "P11_003_24": null, "P11_003_25": null, "P11_003_26": null, "P11_003_27": null, "P11_003_28": null, "P11_003_29": null, "P11_003_30": null, "P11_003_31": null, "P11_003_32": null, "P11_003_33": null, "P11_003_34": null, "P11_003_35": null, "P11_004_01": "1", "P11_004_02": null, "P11_004_03": null, "P11_004_04": null, "P11_004_05": null, "P11_004_06": null, "P11_004_07": null, "P11_004_08": null, "P11_004_09": null, "P11_004_10": null, "P11_004_11": null, "P11_004_12": null, "P11_004_13": null, "P11_004_14": null, "P11_004_15": null, "P11_004_16": null, "P11_004_17": null, "P11_004_18": null, "P11_004_19": null, "P11_004_20": null, "P11_004_21": null, "P11_004_22": null, "P11_004_23": null, "P11_004_24": null, "P11_004_25": null, "P11_004_26": null, "P11_004_27": null, "P11_004_28": null, "P11_004_29": null, "P11_004_30": null, "P11_004_31": null, "P11_004_32": null, "P11_004_33": null, "P11_004_34": null, "P11_004_35": null, "P11_005": null, "nearest_node": "(139.4264849789118, 35.33285088918391)", "centrality": 0.067791607420610495, "community": 19, "size": 26.009317883170315 }, "geometry": { "type": "Point", "coordinates": [ 139.426484978911787, 35.332850889183909 ] } },
{ "type": "Feature", "properties": { "P11_001": "保育園前", "P11_002": "神奈川中央交通（株）", "P11_003_01": "辻12", "P11_003_02": null, "P11_003_03": null, "P11_003_04": null, "P11_003_05": null, "P11_003_06": null, "P11_003_07": null, "P11_003_08": null, "P11_003_09": null, "P11_003_10": null, "P11_003_11": null, "P11_003_12": null, "P11_003_13": null, "P11_003_14": null, "P11_003_15": null, "P11_003_16": null, "P11_003_17": null, "P11_003_18": null, "P11_003_19": null, "P11_003_20": null, "P11_003_21": null, "P11_003_22": null, "P11_003_23": null, "P11_003_24": null, "P11_003_25": null, "P11_003_26": null, "P11_003_27": null, "P11_003_28": null, "P11_003_29": null, "P11_003_30": null, "P11_003_31": null, "P11_003_32": null, "P11_003_33": null, "P11_003_34": null, "P11_003_35": null, "P11_004_01": "1", "P11_004_02": null, "P11_004_03": null, "P11_004_04": null, "P11_004_05": null, "P11_004_06": null, "P11_004_07": null, "P11_004_08": null, "P11_004_09": null, "P11_004_10": null, "P11_004_11": null, "P11_004_12": null, "P11_004_13": null, "P11_004_14": null, "P11_004_15": null, "P11_004_16": null, "P11_004_17": null, "P11_004_18": null, "P11_004_19": null, "P11_004_20": null, "P11_004_21": null, "P11_004_22": null, "P11_004_23": null, "P11_004_24": null, "P11_004_25": null, "P11_004_26": null, "P11_004_27": null, "P11_004_28": null, "P11_004_29": null, "P11_004_30": null, "P11_004_31": null, "P11_004_32": null, "P11_004_33": null, "P11_004_34": null, "P11_004_35": null, "P11_005": null, "nearest_node": "(139.43510985521306, 35.33283266766218)", "centrality": 0.040681648234504861, "community": 23, "size": 19.607169137569294 }, "geometry": { "type": "Point", "coordinates": [ 139.435109855213057, 35.332832667662181 ] } },
{ "type": "Feature", "properties": { "P11_001": "松浪小学校前", "P11_002": "神奈川中央交通（株）", "P11_003_01": "辻12", "P11_003_02": null, "P11_003_03": null, "P11_003_04": null, "P11_003_05": null, "P11_003_06": null, "P11_003_07": null, "P11_003_08": null, "P11_003_09": null, "P11_003_10": null, "P11_003_11": null, "P11_003_12": null, "P11_003_13": null, "P11_003_14": null, "P11_003_15": null, "P11_003_16": null, "P11_003_17": null, "P11_003_18": null, "P11_003_19": null, "P11_003_20": null, "P11_003_21": null, "P11_003_22": null, "P11_003_23": null, "P11_003_24": null, "P11_003_25": null, "P11_003_26": null, "P11_003_27": null, "P11_003_28": null, "P11_003_29": null, "P11_003_30": null, "P11_003_31": null, "P11_003_32": null, "P11_003_33": null, "P11_003_34": null, "P11_003_35": null, "P11_004_01": "1", "P11_004_02": null, "P11_004_03": null, "P11_004_04": null, "P11_004_05": null, "P11_004_06": null, "P11_004_07": null, "P11_004_08": null, "P11_004_09": null, "P11_004_10": null, "P11_004_11": null, "P11_004_12": null, "P11_004_13": null, "P11_004_14": null, "P11_004_15": null, "P11_004_16": null, "P11_004_17": null, "P11_004_18": null, "P11_004_19": null, "P11_004_20": null, "P11_004_21": null, "P11_004_22": null, "P11_004_23": null, "P11_004_24": null, "P11_004_25": null, "P11_004_26": null, "P11_004_27": null, "P11_004_28": null, "P11_004_29": null, "P11_004_30": null, "P11_004_31": null, "P11_004_32": null, "P11_004_33": null, "P11_004_34": null, "P11_004_35": null, "P11_005": null, "nearest_node": "(139.43218854077216, 35.33275837775071)", "centrality": 0.07576819156575304, "community": 23, "size": 27.893027033318287 }, "geometry": { "type": "Point", "coordinates": [ 139.43218854077216, 35.332758377750707 ] } },
{ "type": "Feature", "properties": { "P11_001": "若松町", "P11_002": "神奈川中央交通（株）", "P11_003_01": "辻12,東部循環市立病院線【松が丘コース】", "P11_003_02": null, "P11_003_03": null, "P11_003_04": null, "P11_003_05": null, "P11_003_06": null, "P11_003_07": null, "P11_003_08": null, "P11_003_09": null, "P11_003_10": null, "P11_003_11": null, "P11_003_12": null, "P11_003_13": null, "P11_003_14": null, "P11_003_15": null, "P11_003_16": null, "P11_003_17": null, "P11_003_18": null, "P11_003_19": null, "P11_003_20": null, "P11_003_21": null, "P11_003_22": null, "P11_003_23": null, "P11_003_24": null, "P11_003_25": null, "P11_003_26": null, "P11_003_27": null, "P11_003_28": null, "P11_003_29": null, "P11_003_30": null, "P11_003_31": null, "P11_003_32": null, "P11_003_33": null, "P11_003_34": null, "P11_003_35": null, "P11_004_01": "1,1", "P11_004_02": null, "P11_004_03": null, "P11_004_04": null, "P11_004_05": null, "P11_004_06": null, "P11_004_07": null, "P11_004_08": null, "P11_004_09": null, "P11_004_10": null, "P11_004_11": null, "P11_004_12": null, "P11_004_13": null, "P11_004_14": null, "P11_004_15": null, "P11_004_16": null, "P11_004_17": null, "P11_004_18": null, "P11_004_19": null, "P11_004_20": null, "P11_004_21": null, "P11_004_22": null, "P11_004_23": null, "P11_004_24": null, "P11_004_25": null, "P11_004_26": null, "P11_004_27": null, "P11_004_28": null, "P11_004_29": null, "P11_004_30": null, "P11_004_31": null, "P11_004_32": null, "P11_004_33": null, "P11_004_34": null, "P11_004_35": null, "P11_005": null, "nearest_node": "(139.41875726796832, 35.332739989982024)", "centrality": 0.16478491377450766, "community": 19, "size": 48.914759029077857 }, "geometry": { "type": "Point", "coordinates": [ 139.418757267968317, 35.332739989982024 ] } },
{ "type": "Feature", "properties": { "P11_001": "美住町", "P11_002": "神奈川中央交通（株）", "P11_003_01": "辻12", "P11_003_02": null, "P11_003_03": null, "P11_003_04": null, "P11_003_05": null, "P11_003_06": null, "P11_003_07": null, "P11_003_08": null, "P11_003_09": null, "P11_003_10": null, "P11_003_11": null, "P11_003_12": null, "P11_003_13": null, "P11_003_14": null, "P11_003_15": null, "P11_003_16": null, "P11_003_17": null, "P11_003_18": null, "P11_003_19": null, "P11_003_20": null, "P11_003_21": null, "P11_003_22": null, "P11_003_23": null, "P11_003_24": null, "P11_003_25": null, "P11_003_26": null, "P11_003_27": null, "P11_003_28": null, "P11_003_29": null, "P11_003_30": null, "P11_003_31": null, "P11_003_32": null, "P11_003_33": null, "P11_003_34": null, "P11_003_35": null, "P11_004_01": "1", "P11_004_02": null, "P11_004_03": null, "P11_004_04": null, "P11_004_05": null, "P11_004_06": null, "P11_004_07": null, "P11_004_08": null, "P11_004_09": null, "P11_004_10": null, "P11_004_11": null, "P11_004_12": null, "P11_004_13": null, "P11_004_14": null, "P11_004_15": null, "P11_004_16": null, "P11_004_17": null, "P11_004_18": null, "P11_004_19": null, "P11_004_20": null, "P11_004_21": null, "P11_004_22": null, "P11_004_23": null, "P11_004_24": null, "P11_004_25": null, "P11_004_26": null, "P11_004_27": null, "P11_004_28": null, "P11_004_29": null, "P11_004_30": null, "P11_004_31": null, "P11_004_32": null, "P11_004_33": null, "P11_004_34": null, "P11_004_35": null, "P11_005": null, "nearest_node": "(139.42888246632631, 35.33266601965194)", "centrality": 0.064118356906712901, "community": 19, "size": 25.141861904782836 }, "geometry": { "type": "Point", "coordinates": [ 139.428882466326314, 35.332666019651938 ] } },
{ "type": "Feature", "properties": { "P11_001": "小和田公民館入口", "P11_002": "神奈川中央交通（株）", "P11_003_01": "東部循環市立病院線【小和田・松浪コース】", "P11_003_02": null, "P11_003_03": null, "P11_003_04": null, "P11_003_05": null, "P11_003_06": null, "P11_003_07": null, "P11_003_08": null, "P11_003_09": null, "P11_003_10": null, "P11_003_11": null, "P11_003_12": null, "P11_003_13": null, "P11_003_14": null, "P11_003_15": null, "P11_003_16": null, "P11_003_17": null, "P11_003_18": null, "P11_003_19": null, "P11_003_20": null, "P11_003_21": null, "P11_003_22": null, "P11_003_23": null, "P11_003_24": null, "P11_003_25": null, "P11_003_26": null, "P11_003_27": null, "P11_003_28": null, "P11_003_29": null, "P11_003_30": null, "P11_003_31": null, "P11_003_32": null, "P11_003_33": null, "P11_003_34": null, "P11_003_35": null, "P11_004_01": "1", "P11_004_02": null, "P11_004_03": null, "P11_004_04": null, "P11_004_05": null, "P11_004_06": null, "P11_004_07": null, "P11_004_08": null, "P11_004_09": null, "P11_004_10": null, "P11_004_11": null, "P11_004_12": null, "P11_004_13": null, "P11_004_14": null, "P11_004_15": null, "P11_004_16": null, "P11_004_17": null, "P11_004_18": null, "P11_004_19": null, "P11_004_20": null, "P11_004_21": null, "P11_004_22": null, "P11_004_23": null, "P11_004_24": null, "P11_004_25": null, "P11_004_26": null, "P11_004_27": null, "P11_004_28": null, "P11_004_29": null, "P11_004_30": null, "P11_004_31": null, "P11_004_32": null, "P11_004_33": null, "P11_004_34": null, "P11_004_35": null, "P11_005": null, "nearest_node": "(139.43207578800454, 35.332267596603394)", "centrality": 0.012366312151815771, "community": 25, "size": 12.920364773954901 }, "geometry": { "type": "Point", "coordinates": [ 139.432075788004539, 35.332267596603394 ] } },
{ "type": "Feature", "properties": { "P11_001": "旭が丘", "P11_002": "神奈川中央交通（株）", "P11_003_01": "東部循環市立病院線【松が丘コース】", "P11_003_02": null, "P11_003_03": null, "P11_003_04": null, "P11_003_05": null, "P11_003_06": null, "P11_003_07": null, "P11_003_08": null, "P11_003_09": null, "P11_003_10": null, "P11_003_11": null, "P11_003_12": null, "P11_003_13": null, "P11_003_14": null, "P11_003_15": null, "P11_003_16": null, "P11_003_17": null, "P11_003_18": null, "P11_003_19": null, "P11_003_20": null, "P11_003_21": null, "P11_003_22": null, "P11_003_23": null, "P11_003_24": null, "P11_003_25": null, "P11_003_26": null, "P11_003_27": null, "P11_003_28": null, "P11_003_29": null, "P11_003_30": null, "P11_003_31": null, "P11_003_32": null, "P11_003_33": null, "P11_003_34": null, "P11_003_35": null, "P11_004_01": "1", "P11_004_02": null, "P11_004_03": null, "P11_004_04": null, "P11_004_05": null, "P11_004_06": null, "P11_004_07": null, "P11_004_08": null, "P11_004_09": null, "P11_004_10": null, "P11_004_11": null, "P11_004_12": null, "P11_004_13": null, "P11_004_14": null, "P11_004_15": null, "P11_004_16": null, "P11_004_17": null, "P11_004_18": null, "P11_004_19": null, "P11_004_20": null, "P11_004_21": null, "P11_004_22": null, "P11_004_23": null, "P11_004_24": null, "P11_004_25": null, "P11_004_26": null, "P11_004_27": null, "P11_004_28": null, "P11_004_29": null, "P11_004_30": null, "P11_004_31": null, "P11_004_32": null, "P11_004_33": null, "P11_004_34": null, "P11_004_35": null, "P11_005": null, "nearest_node": "(139.4223711679299, 35.3322491229635)", "centrality": 0.079911052950256647, "community": 25, "size": 28.871383903349738 }, "geometry": { "type": "Point", "coordinates": [ 139.422371167929896, 35.332249122963503 ] } },
{ "type": "Feature", "properties": { "P11_001": "新田入口", "P11_002": "神奈川中央交通（株）", "P11_003_01": "茅06", "P11_003_02": null, "P11_003_03": null, "P11_003_04": null, "P11_003_05": null, "P11_003_06": null, "P11_003_07": null, "P11_003_08": null, "P11_003_09": null, "P11_003_10": null, "P11_003_11": null, "P11_003_12": null, "P11_003_13": null, "P11_003_14": null, "P11_003_15": null, "P11_003_16": null, "P11_003_17": null, "P11_003_18": null, "P11_003_19": null, "P11_003_20": null, "P11_003_21": null, "P11_003_22": null, "P11_003_23": null, "P11_003_24": null, "P11_003_25": null, "P11_003_26": null, "P11_003_27": null, "P11_003_28": null, "P11_003_29": null, "P11_003_30": null, "P11_003_31": null, "P11_003_32": null, "P11_003_33": null, "P11_003_34": null, "P11_003_35": null, "P11_004_01": "1", "P11_004_02": null, "P11_004_03": null, "P11_004_04": null, "P11_004_05": null, "P11_004_06": null, "P11_004_07": null, "P11_004_08": null, "P11_004_09": null, "P11_004_10": null, "P11_004_11": null, "P11_004_12": null, "P11_004_13": null, "P11_004_14": null, "P11_004_15": null, "P11_004_16": null, "P11_004_17": null, "P11_004_18": null, "P11_004_19": null, "P11_004_20": null, "P11_004_21": null, "P11_004_22": null, "P11_004_23": null, "P11_004_24": null, "P11_004_25": null, "P11_004_26": null, "P11_004_27": null, "P11_004_28": null, "P11_004_29": null, "P11_004_30": null, "P11_004_31": null, "P11_004_32": null, "P11_004_33": null, "P11_004_34": null, "P11_004_35": null, "P11_005": null, "nearest_node": "(139.3717268645232, 35.33213691589465)", "centrality": 0.0058092769684511573, "community": 10, "size": 11.371889016914492 }, "geometry": { "type": "Point", "coordinates": [ 139.371726864523197, 35.332136915894651 ] } },
{ "type": "Feature", "properties": { "P11_001": "茅ヶ崎駅北", "P11_002": "神奈川中央交通（株）", "P11_003_01": "鶴嶺循環市立病院線【鶴嶺北コース】,鶴嶺循環市立病院線【鶴嶺南コース】", "P11_003_02": null, "P11_003_03": null, "P11_003_04": null, "P11_003_05": null, "P11_003_06": null, "P11_003_07": null, "P11_003_08": null, "P11_003_09": null, "P11_003_10": null, "P11_003_11": null, "P11_003_12": null, "P11_003_13": null, "P11_003_14": null, "P11_003_15": null, "P11_003_16": null, "P11_003_17": null, "P11_003_18": null, "P11_003_19": null, "P11_003_20": null, "P11_003_21": null, "P11_003_22": null, "P11_003_23": null, "P11_003_24": null, "P11_003_25": null, "P11_003_26": null, "P11_003_27": null, "P11_003_28": null, "P11_003_29": null, "P11_003_30": null, "P11_003_31": null, "P11_003_32": null, "P11_003_33": null, "P11_003_34": null, "P11_003_35": null, "P11_004_01": "1,1", "P11_004_02": null, "P11_004_03": null, "P11_004_04": null, "P11_004_05": null, "P11_004_06": null, "P11_004_07": null, "P11_004_08": null, "P11_004_09": null, "P11_004_10": null, "P11_004_11": null, "P11_004_12": null, "P11_004_13": null, "P11_004_14": null, "P11_004_15": null, "P11_004_16": null, "P11_004_17": null, "P11_004_18": null, "P11_004_19": null, "P11_004_20": null, "P11_004_21": null, "P11_004_22": null, "P11_004_23": null, "P11_004_24": null, "P11_004_25": null, "P11_004_26": null, "P11_004_27": null, "P11_004_28": null, "P11_004_29": null, "P11_004_30": null, "P11_004_31": null, "P11_004_32": null, "P11_004_33": null, "P11_004_34": null, "P11_004_35": null, "P11_005": null, "nearest_node": "(139.4063712433105, 35.33205404155327)", "centrality": 0.14703366733170839, "community": 8, "size": 44.722715825823322 }, "geometry": { "type": "Point", "coordinates": [ 139.406371243310502, 35.33205404155327 ] } },
{ "type": "Feature", "properties": { "P11_001": "東原", "P11_002": "神奈川中央交通（株）", "P11_003_01": "茅09,辻12,東部循環市立病院線【松が丘コース】", "P11_003_02": null, "P11_003_03": null, "P11_003_04": null, "P11_003_05": null, "P11_003_06": null, "P11_003_07": null, "P11_003_08": null, "P11_003_09": null, "P11_003_10": null, "P11_003_11": null, "P11_003_12": null, "P11_003_13": null, "P11_003_14": null, "P11_003_15": null, "P11_003_16": null, "P11_003_17": null, "P11_003_18": null, "P11_003_19": null, "P11_003_20": null, "P11_003_21": null, "P11_003_22": null, "P11_003_23": null, "P11_003_24": null, "P11_003_25": null, "P11_003_26": null, "P11_003_27": null, "P11_003_28": null, "P11_003_29": null, "P11_003_30": null, "P11_003_31": null, "P11_003_32": null, "P11_003_33": null, "P11_003_34": null, "P11_003_35": null, "P11_004_01": "1,1,1", "P11_004_02": null, "P11_004_03": null, "P11_004_04": null, "P11_004_05": null, "P11_004_06": null, "P11_004_07": null, "P11_004_08": null, "P11_004_09": null, "P11_004_10": null, "P11_004_11": null, "P11_004_12": null, "P11_004_13": null, "P11_004_14": null, "P11_004_15": null, "P11_004_16": null, "P11_004_17": null, "P11_004_18": null, "P11_004_19": null, "P11_004_20": null, "P11_004_21": null, "P11_004_22": null, "P11_004_23": null, "P11_004_24": null, "P11_004_25": null, "P11_004_26": null, "P11_004_27": null, "P11_004_28": null, "P11_004_29": null, "P11_004_30": null, "P11_004_31": null, "P11_004_32": null, "P11_004_33": null, "P11_004_34": null, "P11_004_35": null, "P11_005": null, "nearest_node": "(139.41465514207422, 35.332054349070795)", "centrality": 0.33012347725767782, "community": 19, "size": 87.960265130236607 }, "geometry": { "type": "Point", "coordinates": [ 139.414655142074224, 35.332054349070795 ] } },
{ "type": "Feature", "properties": { "P11_001": "徳洲会病院前", "P11_002": "神奈川中央交通（株）", "P11_003_01": "茅09,辻12,中海岸南湖循環私立病院線,東部循環市立病院線【松が丘コース】", "P11_003_02": null, "P11_003_03": null, "P11_003_04": null, "P11_003_05": null, "P11_003_06": null, "P11_003_07": null, "P11_003_08": null, "P11_003_09": null, "P11_003_10": null, "P11_003_11": null, "P11_003_12": null, "P11_003_13": null, "P11_003_14": null, "P11_003_15": null, "P11_003_16": null, "P11_003_17": null, "P11_003_18": null, "P11_003_19": null, "P11_003_20": null, "P11_003_21": null, "P11_003_22": null, "P11_003_23": null, "P11_003_24": null, "P11_003_25": null, "P11_003_26": null, "P11_003_27": null, "P11_003_28": null, "P11_003_29": null, "P11_003_30": null, "P11_003_31": null, "P11_003_32": null, "P11_003_33": null, "P11_003_34": null, "P11_003_35": null, "P11_004_01": "1,1,1,1", "P11_004_02": null, "P11_004_03": null, "P11_004_04": null, "P11_004_05": null, "P11_004_06": null, "P11_004_07": null, "P11_004_08": null, "P11_004_09": null, "P11_004_10": null, "P11_004_11": null, "P11_004_12": null, "P11_004_13": null, "P11_004_14": null, "P11_004_15": null, "P11_004_16": null, "P11_004_17": null, "P11_004_18": null, "P11_004_19": null, "P11_004_20": null, "P11_004_21": null, "P11_004_22": null, "P11_004_23": null, "P11_004_24": null, "P11_004_25": null, "P11_004_26": null, "P11_004_27": null, "P11_004_28": null, "P11_004_29": null, "P11_004_30": null, "P11_004_31": null, "P11_004_32": null, "P11_004_33": null, "P11_004_34": null, "P11_004_35": null, "P11_005": null, "nearest_node": "(139.4130641146731, 35.33148048683356)", "centrality": 0.04950438306591682, "community": 20, "size": 21.690700888610948 }, "geometry": { "type": "Point", "coordinates": [ 139.413064114673091, 35.331480486833563 ] } },
{ "type": "Feature", "properties": { "P11_001": "ラチエン通り旭が丘", "P11_002": "神奈川中央交通（株）", "P11_003_01": "東部循環市立病院線【松が丘コース】", "P11_003_02": null, "P11_003_03": null, "P11_003_04": null, "P11_003_05": null, "P11_003_06": null, "P11_003_07": null, "P11_003_08": null, "P11_003_09": null, "P11_003_10": null, "P11_003_11": null, "P11_003_12": null, "P11_003_13": null, "P11_003_14": null, "P11_003_15": null, "P11_003_16": null, "P11_003_17": null, "P11_003_18": null, "P11_003_19": null, "P11_003_20": null, "P11_003_21": null, "P11_003_22": null, "P11_003_23": null, "P11_003_24": null, "P11_003_25": null, "P11_003_26": null, "P11_003_27": null, "P11_003_28": null, "P11_003_29": null, "P11_003_30": null, "P11_003_31": null, "P11_003_32": null, "P11_003_33": null, "P11_003_34": null, "P11_003_35": null, "P11_004_01": "1", "P11_004_02": null, "P11_004_03": null, "P11_004_04": null, "P11_004_05": null, "P11_004_06": null, "P11_004_07": null, "P11_004_08": null, "P11_004_09": null, "P11_004_10": null, "P11_004_11": null, "P11_004_12": null, "P11_004_13": null, "P11_004_14": null, "P11_004_15": null, "P11_004_16": null, "P11_004_17": null, "P11_004_18": null, "P11_004_19": null, "P11_004_20": null, "P11_004_21": null, "P11_004_22": null, "P11_004_23": null, "P11_004_24": null, "P11_004_25": null, "P11_004_26": null, "P11_004_27": null, "P11_004_28": null, "P11_004_29": null, "P11_004_30": null, "P11_004_31": null, "P11_004_32": null, "P11_004_33": null, "P11_004_34": null, "P11_004_35": null, "P11_005": null, "nearest_node": "(139.4212240104251, 35.33147168335736)", "centrality": 0.011210414990913693, "community": 19, "size": 12.647394036230377 }, "geometry": { "type": "Point", "coordinates": [ 139.421224010425107, 35.331471683357357 ] } },
{ "type": "Feature", "properties": { "P11_001": "茅ヶ崎四ツ角", "P11_002": "神奈川中央交通（株）", "P11_003_01": "茅31,茅35,茅41,茅48,茅06", "P11_003_02": null, "P11_003_03": null, "P11_003_04": null, "P11_003_05": null, "P11_003_06": null, "P11_003_07": null, "P11_003_08": null, "P11_003_09": null, "P11_003_10": null, "P11_003_11": null, "P11_003_12": null, "P11_003_13": null, "P11_003_14": null, "P11_003_15": null, "P11_003_16": null, "P11_003_17": null, "P11_003_18": null, "P11_003_19": null, "P11_003_20": null, "P11_003_21": null, "P11_003_22": null, "P11_003_23": null, "P11_003_24": null, "P11_003_25": null, "P11_003_26": null, "P11_003_27": null, "P11_003_28": null, "P11_003_29": null, "P11_003_30": null, "P11_003_31": null, "P11_003_32": null, "P11_003_33": null, "P11_003_34": null, "P11_003_35": null, "P11_004_01": "1,1,1,1,1", "P11_004_02": null, "P11_004_03": null, "P11_004_04": null, "P11_004_05": null, "P11_004_06": null, "P11_004_07": null, "P11_004_08": null, "P11_004_09": null, "P11_004_10": null, "P11_004_11": null, "P11_004_12": null, "P11_004_13": null, "P11_004_14": null, "P11_004_15": null, "P11_004_16": null, "P11_004_17": null, "P11_004_18": null, "P11_004_19": null, "P11_004_20": null, "P11_004_21": null, "P11_004_22": null, "P11_004_23": null, "P11_004_24": null, "P11_004_25": null, "P11_004_26": null, "P11_004_27": null, "P11_004_28": null, "P11_004_29": null, "P11_004_30": null, "P11_004_31": null, "P11_004_32": null, "P11_004_33": null, "P11_004_34": null, "P11_004_35": null, "P11_005": null, "nearest_node": "(139.40086094877233, 35.331202435146714)", "centrality": 0.18115004995108536, "community": 8, "size": 52.779465549852127 }, "geometry": { "type": "Point", "coordinates": [ 139.400860948772333, 35.331202435146714 ] } },
{ "type": "Feature", "properties": { "P11_001": "松浪小学校", "P11_002": "神奈川中央交通（株）", "P11_003_01": "東部循環市立病院線【小和田・松浪コース】", "P11_003_02": null, "P11_003_03": null, "P11_003_04": null, "P11_003_05": null, "P11_003_06": null, "P11_003_07": null, "P11_003_08": null, "P11_003_09": null, "P11_003_10": null, "P11_003_11": null, "P11_003_12": null, "P11_003_13": null, "P11_003_14": null, "P11_003_15": null, "P11_003_16": null, "P11_003_17": null, "P11_003_18": null, "P11_003_19": null, "P11_003_20": null, "P11_003_21": null, "P11_003_22": null, "P11_003_23": null, "P11_003_24": null, "P11_003_25": null, "P11_003_26": null, "P11_003_27": null, "P11_003_28": null, "P11_003_29": null, "P11_003_30": null, "P11_003_31": null, "P11_003_32": null, "P11_003_33": null, "P11_003_34": null, "P11_003_35": null, "P11_004_01": "1", "P11_004_02": null, "P11_004_03": null, "P11_004_04": null, "P11_004_05": null, "P11_004_06": null, "P11_004_07": null, "P11_004_08": null, "P11_004_09": null, "P11_004_10": null, "P11_004_11": null, "P11_004_12": null, "P11_004_13": null, "P11_004_14": null, "P11_004_15": null, "P11_004_16": null, "P11_004_17": null, "P11_004_18": null, "P11_004_19": null, "P11_004_20": null, "P11_004_21": null, "P11_004_22": null, "P11_004_23": null, "P11_004_24": null, "P11_004_25": null, "P11_004_26": null, "P11_004_27": null, "P11_004_28": null, "P11_004_29": null, "P11_004_30": null, "P11_004_31": null, "P11_004_32": null, "P11_004_33": null, "P11_004_34": null, "P11_004_35": null, "P11_005": null, "nearest_node": "(139.43196114129185, 35.330749435715674)", "centrality": 0.0085232520034557741, "community": 25, "size": 12.012807424303777 }, "geometry": { "type": "Point", "coordinates": [ 139.43196114129185, 35.330749435715674 ] } },
{ "type": "Feature", "properties": { "P11_001": "茅ヶ崎駅", "P11_002": "神奈川中央交通（株）", "P11_003_01": "湘11,茅03,茅50,茅15,茅17,茅19,茅81,茅82,茅31,茅35,藤07,藤08,辻01,茅14,茅16,辻09,藤21,茅41,茅45,茅48,茅52,茅53,茅54,茅06,茅25,茅26", "P11_003_02": null, "P11_003_03": null, "P11_003_04": null, "P11_003_05": null, "P11_003_06": null, "P11_003_07": null, "P11_003_08": null, "P11_003_09": null, "P11_003_10": null, "P11_003_11": null, "P11_003_12": null, "P11_003_13": null, "P11_003_14": null, "P11_003_15": null, "P11_003_16": null, "P11_003_17": null, "P11_003_18": null, "P11_003_19": null, "P11_003_20": null, "P11_003_21": null, "P11_003_22": null, "P11_003_23": null, "P11_003_24": null, "P11_003_25": null, "P11_003_26": null, "P11_003_27": null, "P11_003_28": null, "P11_003_29": null, "P11_003_30": null, "P11_003_31": null, "P11_003_32": null, "P11_003_33": null, "P11_003_34": null, "P11_003_35": null, "P11_004_01": "1,1,1,1,1,1,1,1,1,1,1,1,1,1,1,1,1,1,1,1,1,1,1,1,1,1", "P11_004_02": null, "P11_004_03": null, "P11_004_04": null, "P11_004_05": null, "P11_004_06": null, "P11_004_07": null, "P11_004_08": null, "P11_004_09": null, "P11_004_10": null, "P11_004_11": null, "P11_004_12": null, "P11_004_13": null, "P11_004_14": null, "P11_004_15": null, "P11_004_16": null, "P11_004_17": null, "P11_004_18": null, "P11_004_19": null, "P11_004_20": null, "P11_004_21": null, "P11_004_22": null, "P11_004_23": null, "P11_004_24": null, "P11_004_25": null, "P11_004_26": null, "P11_004_27": null, "P11_004_28": null, "P11_004_29": null, "P11_004_30": null, "P11_004_31": null, "P11_004_32": null, "P11_004_33": null, "P11_004_34": null, "P11_004_35": null, "P11_005": null, "nearest_node": "(139.405916757111, 35.330674855371534)", "centrality": 0.14703366733170839, "community": 8, "size": 44.722715825823322 }, "geometry": { "type": "Point", "coordinates": [ 139.405916757110987, 35.330674855371534 ] } },
{ "type": "Feature", "properties": { "P11_001": "松が丘二丁目北", "P11_002": "神奈川中央交通（株）", "P11_003_01": "東部循環市立病院線【松が丘コース】", "P11_003_02": null, "P11_003_03": null, "P11_003_04": null, "P11_003_05": null, "P11_003_06": null, "P11_003_07": null, "P11_003_08": null, "P11_003_09": null, "P11_003_10": null, "P11_003_11": null, "P11_003_12": null, "P11_003_13": null, "P11_003_14": null, "P11_003_15": null, "P11_003_16": null, "P11_003_17": null, "P11_003_18": null, "P11_003_19": null, "P11_003_20": null, "P11_003_21": null, "P11_003_22": null, "P11_003_23": null, "P11_003_24": null, "P11_003_25": null, "P11_003_26": null, "P11_003_27": null, "P11_003_28": null, "P11_003_29": null, "P11_003_30": null, "P11_003_31": null, "P11_003_32": null, "P11_003_33": null, "P11_003_34": null, "P11_003_35": null, "P11_004_01": "1", "P11_004_02": null, "P11_004_03": null, "P11_004_04": null, "P11_004_05": null, "P11_004_06": null, "P11_004_07": null, "P11_004_08": null, "P11_004_09": null, "P11_004_10": null, "P11_004_11": null, "P11_004_12": null, "P11_004_13": null, "P11_004_14": null, "P11_004_15": null, "P11_004_16": null, "P11_004_17": null, "P11_004_18": null, "P11_004_19": null, "P11_004_20": null, "P11_004_21": null, "P11_004_22": null, "P11_004_23": null, "P11_004_24": null, "P11_004_25": null, "P11_004_26": null, "P11_004_27": null, "P11_004_28": null, "P11_004_29": null, "P11_004_30": null, "P11_004_31": null, "P11_004_32": null, "P11_004_33": null, "P11_004_34": null, "P11_004_35": null, "P11_005": null, "nearest_node": "(139.42590511954472, 35.33056449845284)", "centrality": 0.075531751850962697, "community": 25, "size": 27.837190644444966 }, "geometry": { "type": "Point", "coordinates": [ 139.425905119544723, 35.330564498452837 ] } },
{ "type": "Feature", "properties": { "P11_001": "茅ヶ崎駅南口", "P11_002": "神奈川中央交通（株）", "P11_003_01": "茅09,茅33,茅37,辻02,辻10,辻12,辻13,中海岸南湖循環私立病院線,東部循環市立病院線【松が丘コース】", "P11_003_02": null, "P11_003_03": null, "P11_003_04": null, "P11_003_05": null, "P11_003_06": null, "P11_003_07": null, "P11_003_08": null, "P11_003_09": null, "P11_003_10": null, "P11_003_11": null, "P11_003_12": null, "P11_003_13": null, "P11_003_14": null, "P11_003_15": null, "P11_003_16": null, "P11_003_17": null, "P11_003_18": null, "P11_003_19": null, "P11_003_20": null, "P11_003_21": null, "P11_003_22": null, "P11_003_23": null, "P11_003_24": null, "P11_003_25": null, "P11_003_26": null, "P11_003_27": null, "P11_003_28": null, "P11_003_29": null, "P11_003_30": null, "P11_003_31": null, "P11_003_32": null, "P11_003_33": null, "P11_003_34": null, "P11_003_35": null, "P11_004_01": "1,1,1,1,1,1,1,1,1", "P11_004_02": null, "P11_004_03": null, "P11_004_04": null, "P11_004_05": null, "P11_004_06": null, "P11_004_07": null, "P11_004_08": null, "P11_004_09": null, "P11_004_10": null, "P11_004_11": null, "P11_004_12": null, "P11_004_13": null, "P11_004_14": null, "P11_004_15": null, "P11_004_16": null, "P11_004_17": null, "P11_004_18": null, "P11_004_19": null, "P11_004_20": null, "P11_004_21": null, "P11_004_22": null, "P11_004_23": null, "P11_004_24": null, "P11_004_25": null, "P11_004_26": null, "P11_004_27": null, "P11_004_28": null, "P11_004_29": null, "P11_004_30": null, "P11_004_31": null, "P11_004_32": null, "P11_004_33": null, "P11_004_34": null, "P11_004_35": null, "P11_005": null, "nearest_node": "(139.4073145064748, 35.330142205493445)", "centrality": 0.018484726463098042, "community": 20, "size": 14.365258078262013 }, "geometry": { "type": "Point", "coordinates": [ 139.407314506474791, 35.330142205493445 ] } },
{ "type": "Feature", "properties": { "P11_001": "東海岸北三丁目", "P11_002": "神奈川中央交通（株）", "P11_003_01": "茅09,辻12", "P11_003_02": null, "P11_003_03": null, "P11_003_04": null, "P11_003_05": null, "P11_003_06": null, "P11_003_07": null, "P11_003_08": null, "P11_003_09": null, "P11_003_10": null, "P11_003_11": null, "P11_003_12": null, "P11_003_13": null, "P11_003_14": null, "P11_003_15": null, "P11_003_16": null, "P11_003_17": null, "P11_003_18": null, "P11_003_19": null, "P11_003_20": null, "P11_003_21": null, "P11_003_22": null, "P11_003_23": null, "P11_003_24": null, "P11_003_25": null, "P11_003_26": null, "P11_003_27": null, "P11_003_28": null, "P11_003_29": null, "P11_003_30": null, "P11_003_31": null, "P11_003_32": null, "P11_003_33": null, "P11_003_34": null, "P11_003_35": null, "P11_004_01": "1,1", "P11_004_02": null, "P11_004_03": null, "P11_004_04": null, "P11_004_05": null, "P11_004_06": null, "P11_004_07": null, "P11_004_08": null, "P11_004_09": null, "P11_004_10": null, "P11_004_11": null, "P11_004_12": null, "P11_004_13": null, "P11_004_14": null, "P11_004_15": null, "P11_004_16": null, "P11_004_17": null, "P11_004_18": null, "P11_004_19": null, "P11_004_20": null, "P11_004_21": null, "P11_004_22": null, "P11_004_23": null, "P11_004_24": null, "P11_004_25": null, "P11_004_26": null, "P11_004_27": null, "P11_004_28": null, "P11_004_29": null, "P11_004_30": null, "P11_004_31": null, "P11_004_32": null, "P11_004_33": null, "P11_004_34": null, "P11_004_35": null, "P11_005": null, "nearest_node": "(139.41449286249872, 35.33008662053748)", "centrality": 0.12891416445442722, "community": 19, "size": 40.443707074081864 }, "geometry": { "type": "Point", "coordinates": [ 139.414492862498719, 35.330086620537479 ] } },
{ "type": "Feature", "properties": { "P11_001": "町屋", "P11_002": "神奈川中央交通（株）", "P11_003_01": "茅31,茅35,茅41,茅48,茅06", "P11_003_02": null, "P11_003_03": null, "P11_003_04": null, "P11_003_05": null, "P11_003_06": null, "P11_003_07": null, "P11_003_08": null, "P11_003_09": null, "P11_003_10": null, "P11_003_11": null, "P11_003_12": null, "P11_003_13": null, "P11_003_14": null, "P11_003_15": null, "P11_003_16": null, "P11_003_17": null, "P11_003_18": null, "P11_003_19": null, "P11_003_20": null, "P11_003_21": null, "P11_003_22": null, "P11_003_23": null, "P11_003_24": null, "P11_003_25": null, "P11_003_26": null, "P11_003_27": null, "P11_003_28": null, "P11_003_29": null, "P11_003_30": null, "P11_003_31": null, "P11_003_32": null, "P11_003_33": null, "P11_003_34": null, "P11_003_35": null, "P11_004_01": "1,1,1,1,1", "P11_004_02": null, "P11_004_03": null, "P11_004_04": null, "P11_004_05": null, "P11_004_06": null, "P11_004_07": null, "P11_004_08": null, "P11_004_09": null, "P11_004_10": null, "P11_004_11": null, "P11_004_12": null, "P11_004_13": null, "P11_004_14": null, "P11_004_15": null, "P11_004_16": null, "P11_004_17": null, "P11_004_18": null, "P11_004_19": null, "P11_004_20": null, "P11_004_21": null, "P11_004_22": null, "P11_004_23": null, "P11_004_24": null, "P11_004_25": null, "P11_004_26": null, "P11_004_27": null, "P11_004_28": null, "P11_004_29": null, "P11_004_30": null, "P11_004_31": null, "P11_004_32": null, "P11_004_33": null, "P11_004_34": null, "P11_004_35": null, "P11_005": null, "nearest_node": "(139.38962266571068, 35.33005432793761)", "centrality": 0.23817566797504355, "community": 7, "size": 66.246342662906599 }, "geometry": { "type": "Point", "coordinates": [ 139.389622665710675, 35.33005432793761 ] } },
{ "type": "Feature", "properties": { "P11_001": "幸町", "P11_002": "神奈川中央交通（株）", "P11_003_01": "中海岸南湖循環私立病院線,東部循環市立病院線【松が丘コース】", "P11_003_02": null, "P11_003_03": null, "P11_003_04": null, "P11_003_05": null, "P11_003_06": null, "P11_003_07": null, "P11_003_08": null, "P11_003_09": null, "P11_003_10": null, "P11_003_11": null, "P11_003_12": null, "P11_003_13": null, "P11_003_14": null, "P11_003_15": null, "P11_003_16": null, "P11_003_17": null, "P11_003_18": null, "P11_003_19": null, "P11_003_20": null, "P11_003_21": null, "P11_003_22": null, "P11_003_23": null, "P11_003_24": null, "P11_003_25": null, "P11_003_26": null, "P11_003_27": null, "P11_003_28": null, "P11_003_29": null, "P11_003_30": null, "P11_003_31": null, "P11_003_32": null, "P11_003_33": null, "P11_003_34": null, "P11_003_35": null, "P11_004_01": "1,1", "P11_004_02": null, "P11_004_03": null, "P11_004_04": null, "P11_004_05": null, "P11_004_06": null, "P11_004_07": null, "P11_004_08": null, "P11_004_09": null, "P11_004_10": null, "P11_004_11": null, "P11_004_12": null, "P11_004_13": null, "P11_004_14": null, "P11_004_15": null, "P11_004_16": null, "P11_004_17": null, "P11_004_18": null, "P11_004_19": null, "P11_004_20": null, "P11_004_21": null, "P11_004_22": null, "P11_004_23": null, "P11_004_24": null, "P11_004_25": null, "P11_004_26": null, "P11_004_27": null, "P11_004_28": null, "P11_004_29": null, "P11_004_30": null, "P11_004_31": null, "P11_004_32": null, "P11_004_33": null, "P11_004_34": null, "P11_004_35": null, "P11_005": null, "nearest_node": "(139.40920022324025, 35.32995310797567)", "centrality": 0.018484726463098042, "community": 20, "size": 14.365258078262013 }, "geometry": { "type": "Point", "coordinates": [ 139.409200223240248, 35.329953107975669 ] } },
{ "type": "Feature", "properties": { "P11_001": "十間坂", "P11_002": "神奈川中央交通（株）", "P11_003_01": "茅31,茅35,茅41,茅48,茅06", "P11_003_02": null, "P11_003_03": null, "P11_003_04": null, "P11_003_05": null, "P11_003_06": null, "P11_003_07": null, "P11_003_08": null, "P11_003_09": null, "P11_003_10": null, "P11_003_11": null, "P11_003_12": null, "P11_003_13": null, "P11_003_14": null, "P11_003_15": null, "P11_003_16": null, "P11_003_17": null, "P11_003_18": null, "P11_003_19": null, "P11_003_20": null, "P11_003_21": null, "P11_003_22": null, "P11_003_23": null, "P11_003_24": null, "P11_003_25": null, "P11_003_26": null, "P11_003_27": null, "P11_003_28": null, "P11_003_29": null, "P11_003_30": null, "P11_003_31": null, "P11_003_32": null, "P11_003_33": null, "P11_003_34": null, "P11_003_35": null, "P11_004_01": "1,1,1,1,1", "P11_004_02": null, "P11_004_03": null, "P11_004_04": null, "P11_004_05": null, "P11_004_06": null, "P11_004_07": null, "P11_004_08": null, "P11_004_09": null, "P11_004_10": null, "P11_004_11": null, "P11_004_12": null, "P11_004_13": null, "P11_004_14": null, "P11_004_15": null, "P11_004_16": null, "P11_004_17": null, "P11_004_18": null, "P11_004_19": null, "P11_004_20": null, "P11_004_21": null, "P11_004_22": null, "P11_004_23": null, "P11_004_24": null, "P11_004_25": null, "P11_004_26": null, "P11_004_27": null, "P11_004_28": null, "P11_004_29": null, "P11_004_30": null, "P11_004_31": null, "P11_004_32": null, "P11_004_33": null, "P11_004_34": null, "P11_004_35": null, "P11_005": null, "nearest_node": "(139.3969064731831, 35.32973988215165)", "centrality": 0.17865372064807097, "community": 8, "size": 52.189945240869456 }, "geometry": { "type": "Point", "coordinates": [ 139.396906473183094, 35.32973988215165 ] } },
{ "type": "Feature", "properties": { "P11_001": "兵金山", "P11_002": "神奈川中央交通（株）", "P11_003_01": "辻13", "P11_003_02": null, "P11_003_03": null, "P11_003_04": null, "P11_003_05": null, "P11_003_06": null, "P11_003_07": null, "P11_003_08": null, "P11_003_09": null, "P11_003_10": null, "P11_003_11": null, "P11_003_12": null, "P11_003_13": null, "P11_003_14": null, "P11_003_15": null, "P11_003_16": null, "P11_003_17": null, "P11_003_18": null, "P11_003_19": null, "P11_003_20": null, "P11_003_21": null, "P11_003_22": null, "P11_003_23": null, "P11_003_24": null, "P11_003_25": null, "P11_003_26": null, "P11_003_27": null, "P11_003_28": null, "P11_003_29": null, "P11_003_30": null, "P11_003_31": null, "P11_003_32": null, "P11_003_33": null, "P11_003_34": null, "P11_003_35": null, "P11_004_01": "1", "P11_004_02": null, "P11_004_03": null, "P11_004_04": null, "P11_004_05": null, "P11_004_06": null, "P11_004_07": null, "P11_004_08": null, "P11_004_09": null, "P11_004_10": null, "P11_004_11": null, "P11_004_12": null, "P11_004_13": null, "P11_004_14": null, "P11_004_15": null, "P11_004_16": null, "P11_004_17": null, "P11_004_18": null, "P11_004_19": null, "P11_004_20": null, "P11_004_21": null, "P11_004_22": null, "P11_004_23": null, "P11_004_24": null, "P11_004_25": null, "P11_004_26": null, "P11_004_27": null, "P11_004_28": null, "P11_004_29": null, "P11_004_30": null, "P11_004_31": null, "P11_004_32": null, "P11_004_33": null, "P11_004_34": null, "P11_004_35": null, "P11_005": null, "nearest_node": "(139.43824560100748, 35.32953678824188)", "centrality": 0.014055795462437072, "community": 23, "size": 13.319344476711208 }, "geometry": { "type": "Point", "coordinates": [ 139.43824560100748, 35.329536788241882 ] } },
{ "type": "Feature", "properties": { "P11_001": "兵金山", "P11_002": "（株）江ノ電バス", "P11_003_01": "J2", "P11_003_02": null, "P11_003_03": null, "P11_003_04": null, "P11_003_05": null, "P11_003_06": null, "P11_003_07": null, "P11_003_08": null, "P11_003_09": null, "P11_003_10": null, "P11_003_11": null, "P11_003_12": null, "P11_003_13": null, "P11_003_14": null, "P11_003_15": null, "P11_003_16": null, "P11_003_17": null, "P11_003_18": null, "P11_003_19": null, "P11_003_20": null, "P11_003_21": null, "P11_003_22": null, "P11_003_23": null, "P11_003_24": null, "P11_003_25": null, "P11_003_26": null, "P11_003_27": null, "P11_003_28": null, "P11_003_29": null, "P11_003_30": null, "P11_003_31": null, "P11_003_32": null, "P11_003_33": null, "P11_003_34": null, "P11_003_35": null, "P11_004_01": "1", "P11_004_02": null, "P11_004_03": null, "P11_004_04": null, "P11_004_05": null, "P11_004_06": null, "P11_004_07": null, "P11_004_08": null, "P11_004_09": null, "P11_004_10": null, "P11_004_11": null, "P11_004_12": null, "P11_004_13": null, "P11_004_14": null, "P11_004_15": null, "P11_004_16": null, "P11_004_17": null, "P11_004_18": null, "P11_004_19": null, "P11_004_20": null, "P11_004_21": null, "P11_004_22": null, "P11_004_23": null, "P11_004_24": null, "P11_004_25": null, "P11_004_26": null, "P11_004_27": null, "P11_004_28": null, "P11_004_29": null, "P11_004_30": null, "P11_004_31": null, "P11_004_32": null, "P11_004_33": null, "P11_004_34": null, "P11_004_35": null, "P11_005": null, "nearest_node": "(139.43824560100748, 35.32953678824188)", "centrality": 0.014055795462437072, "community": 23, "size": 13.319344476711208 }, "geometry": { "type": "Point", "coordinates": [ 139.43824560100748, 35.329536788241882 ] } },
{ "type": "Feature", "properties": { "P11_001": "ツインウェイヴ", "P11_002": "神奈川中央交通（株）", "P11_003_01": "中海岸南湖循環私立病院線", "P11_003_02": null, "P11_003_03": null, "P11_003_04": null, "P11_003_05": null, "P11_003_06": null, "P11_003_07": null, "P11_003_08": null, "P11_003_09": null, "P11_003_10": null, "P11_003_11": null, "P11_003_12": null, "P11_003_13": null, "P11_003_14": null, "P11_003_15": null, "P11_003_16": null, "P11_003_17": null, "P11_003_18": null, "P11_003_19": null, "P11_003_20": null, "P11_003_21": null, "P11_003_22": null, "P11_003_23": null, "P11_003_24": null, "P11_003_25": null, "P11_003_26": null, "P11_003_27": null, "P11_003_28": null, "P11_003_29": null, "P11_003_30": null, "P11_003_31": null, "P11_003_32": null, "P11_003_33": null, "P11_003_34": null, "P11_003_35": null, "P11_004_01": "1", "P11_004_02": null, "P11_004_03": null, "P11_004_04": null, "P11_004_05": null, "P11_004_06": null, "P11_004_07": null, "P11_004_08": null, "P11_004_09": null, "P11_004_10": null, "P11_004_11": null, "P11_004_12": null, "P11_004_13": null, "P11_004_14": null, "P11_004_15": null, "P11_004_16": null, "P11_004_17": null, "P11_004_18": null, "P11_004_19": null, "P11_004_20": null, "P11_004_21": null, "P11_004_22": null, "P11_004_23": null, "P11_004_24": null, "P11_004_25": null, "P11_004_26": null, "P11_004_27": null, "P11_004_28": null, "P11_004_29": null, "P11_004_30": null, "P11_004_31": null, "P11_004_32": null, "P11_004_33": null, "P11_004_34": null, "P11_004_35": null, "P11_005": null, "nearest_node": "(139.404803146737, 35.329359813933245)", "centrality": 0.022417255042154489, "community": 17, "size": 15.293943833065727 }, "geometry": { "type": "Point", "coordinates": [ 139.404803146737009, 35.329359813933245 ] } },
{ "type": "Feature", "properties": { "P11_001": "茶屋町", "P11_002": "神奈川中央交通（株）", "P11_003_01": "茅31,茅35,茅41,茅48,茅06", "P11_003_02": null, "P11_003_03": null, "P11_003_04": null, "P11_003_05": null, "P11_003_06": null, "P11_003_07": null, "P11_003_08": null, "P11_003_09": null, "P11_003_10": null, "P11_003_11": null, "P11_003_12": null, "P11_003_13": null, "P11_003_14": null, "P11_003_15": null, "P11_003_16": null, "P11_003_17": null, "P11_003_18": null, "P11_003_19": null, "P11_003_20": null, "P11_003_21": null, "P11_003_22": null, "P11_003_23": null, "P11_003_24": null, "P11_003_25": null, "P11_003_26": null, "P11_003_27": null, "P11_003_28": null, "P11_003_29": null, "P11_003_30": null, "P11_003_31": null, "P11_003_32": null, "P11_003_33": null, "P11_003_34": null, "P11_003_35": null, "P11_004_01": "1,1,1,1,1", "P11_004_02": null, "P11_004_03": null, "P11_004_04": null, "P11_004_05": null, "P11_004_06": null, "P11_004_07": null, "P11_004_08": null, "P11_004_09": null, "P11_004_10": null, "P11_004_11": null, "P11_004_12": null, "P11_004_13": null, "P11_004_14": null, "P11_004_15": null, "P11_004_16": null, "P11_004_17": null, "P11_004_18": null, "P11_004_19": null, "P11_004_20": null, "P11_004_21": null, "P11_004_22": null, "P11_004_23": null, "P11_004_24": null, "P11_004_25": null, "P11_004_26": null, "P11_004_27": null, "P11_004_28": null, "P11_004_29": null, "P11_004_30": null, "P11_004_31": null, "P11_004_32": null, "P11_004_33": null, "P11_004_34": null, "P11_004_35": null, "P11_005": null, "nearest_node": "(139.39452004726917, 35.32907300544787)", "centrality": 0.17645096198629004, "community": 8, "size": 51.669753066968639 }, "geometry": { "type": "Point", "coordinates": [ 139.394520047269168, 35.329073005447867 ] } },
{ "type": "Feature", "properties": { "P11_001": "教会前", "P11_002": "神奈川中央交通（株）", "P11_003_01": "東部循環市立病院線【松が丘コース】", "P11_003_02": null, "P11_003_03": null, "P11_003_04": null, "P11_003_05": null, "P11_003_06": null, "P11_003_07": null, "P11_003_08": null, "P11_003_09": null, "P11_003_10": null, "P11_003_11": null, "P11_003_12": null, "P11_003_13": null, "P11_003_14": null, "P11_003_15": null, "P11_003_16": null, "P11_003_17": null, "P11_003_18": null, "P11_003_19": null, "P11_003_20": null, "P11_003_21": null, "P11_003_22": null, "P11_003_23": null, "P11_003_24": null, "P11_003_25": null, "P11_003_26": null, "P11_003_27": null, "P11_003_28": null, "P11_003_29": null, "P11_003_30": null, "P11_003_31": null, "P11_003_32": null, "P11_003_33": null, "P11_003_34": null, "P11_003_35": null, "P11_004_01": "1", "P11_004_02": null, "P11_004_03": null, "P11_004_04": null, "P11_004_05": null, "P11_004_06": null, "P11_004_07": null, "P11_004_08": null, "P11_004_09": null, "P11_004_10": null, "P11_004_11": null, "P11_004_12": null, "P11_004_13": null, "P11_004_14": null, "P11_004_15": null, "P11_004_16": null, "P11_004_17": null, "P11_004_18": null, "P11_004_19": null, "P11_004_20": null, "P11_004_21": null, "P11_004_22": null, "P11_004_23": null, "P11_004_24": null, "P11_004_25": null, "P11_004_26": null, "P11_004_27": null, "P11_004_28": null, "P11_004_29": null, "P11_004_30": null, "P11_004_31": null, "P11_004_32": null, "P11_004_33": null, "P11_004_34": null, "P11_004_35": null, "P11_005": null, "nearest_node": "(139.43016629084883, 35.32818495173977)", "centrality": 0.071661879655055979, "community": 25, "size": 26.923301499331153 }, "geometry": { "type": "Point", "coordinates": [ 139.428564058662062, 35.329000354030008 ] } },
{ "type": "Feature", "properties": { "P11_001": "幸町", "P11_002": "神奈川中央交通（株）", "P11_003_01": "茅09,茅33,茅37,辻02,辻10,辻12,辻13", "P11_003_02": null, "P11_003_03": null, "P11_003_04": null, "P11_003_05": null, "P11_003_06": null, "P11_003_07": null, "P11_003_08": null, "P11_003_09": null, "P11_003_10": null, "P11_003_11": null, "P11_003_12": null, "P11_003_13": null, "P11_003_14": null, "P11_003_15": null, "P11_003_16": null, "P11_003_17": null, "P11_003_18": null, "P11_003_19": null, "P11_003_20": null, "P11_003_21": null, "P11_003_22": null, "P11_003_23": null, "P11_003_24": null, "P11_003_25": null, "P11_003_26": null, "P11_003_27": null, "P11_003_28": null, "P11_003_29": null, "P11_003_30": null, "P11_003_31": null, "P11_003_32": null, "P11_003_33": null, "P11_003_34": null, "P11_003_35": null, "P11_004_01": "1,1,1,1,1,1,1", "P11_004_02": null, "P11_004_03": null, "P11_004_04": null, "P11_004_05": null, "P11_004_06": null, "P11_004_07": null, "P11_004_08": null, "P11_004_09": null, "P11_004_10": null, "P11_004_11": null, "P11_004_12": null, "P11_004_13": null, "P11_004_14": null, "P11_004_15": null, "P11_004_16": null, "P11_004_17": null, "P11_004_18": null, "P11_004_19": null, "P11_004_20": null, "P11_004_21": null, "P11_004_22": null, "P11_004_23": null, "P11_004_24": null, "P11_004_25": null, "P11_004_26": null, "P11_004_27": null, "P11_004_28": null, "P11_004_29": null, "P11_004_30": null, "P11_004_31": null, "P11_004_32": null, "P11_004_33": null, "P11_004_34": null, "P11_004_35": null, "P11_005": null, "nearest_node": "(139.40750803932136, 35.32866554781879)", "centrality": 0.012430785468590468, "community": 17, "size": 12.935590461359308 }, "geometry": { "type": "Point", "coordinates": [ 139.407508039321357, 35.328665547818787 ] } },
{ "type": "Feature", "properties": { "P11_001": "美住町交差点北", "P11_002": "神奈川中央交通（株）", "P11_003_01": "東部循環市立病院線【小和田・松浪コース】", "P11_003_02": null, "P11_003_03": null, "P11_003_04": null, "P11_003_05": null, "P11_003_06": null, "P11_003_07": null, "P11_003_08": null, "P11_003_09": null, "P11_003_10": null, "P11_003_11": null, "P11_003_12": null, "P11_003_13": null, "P11_003_14": null, "P11_003_15": null, "P11_003_16": null, "P11_003_17": null, "P11_003_18": null, "P11_003_19": null, "P11_003_20": null, "P11_003_21": null, "P11_003_22": null, "P11_003_23": null, "P11_003_24": null, "P11_003_25": null, "P11_003_26": null, "P11_003_27": null, "P11_003_28": null, "P11_003_29": null, "P11_003_30": null, "P11_003_31": null, "P11_003_32": null, "P11_003_33": null, "P11_003_34": null, "P11_003_35": null, "P11_004_01": "1", "P11_004_02": null, "P11_004_03": null, "P11_004_04": null, "P11_004_05": null, "P11_004_06": null, "P11_004_07": null, "P11_004_08": null, "P11_004_09": null, "P11_004_10": null, "P11_004_11": null, "P11_004_12": null, "P11_004_13": null, "P11_004_14": null, "P11_004_15": null, "P11_004_16": null, "P11_004_17": null, "P11_004_18": null, "P11_004_19": null, "P11_004_20": null, "P11_004_21": null, "P11_004_22": null, "P11_004_23": null, "P11_004_24": null, "P11_004_25": null, "P11_004_26": null, "P11_004_27": null, "P11_004_28": null, "P11_004_29": null, "P11_004_30": null, "P11_004_31": null, "P11_004_32": null, "P11_004_33": null, "P11_004_34": null, "P11_004_35": null, "P11_005": null, "nearest_node": "(139.43166653366112, 35.32850913197399)", "centrality": 0.0092382399380343764, "community": 25, "size": 12.181655303308636 }, "geometry": { "type": "Point", "coordinates": [ 139.431666533661115, 35.328509131973988 ] } },
{ "type": "Feature", "properties": { "P11_001": "平和町北", "P11_002": "神奈川中央交通（株）", "P11_003_01": "東部循環市立病院線【松が丘コース】", "P11_003_02": null, "P11_003_03": null, "P11_003_04": null, "P11_003_05": null, "P11_003_06": null, "P11_003_07": null, "P11_003_08": null, "P11_003_09": null, "P11_003_10": null, "P11_003_11": null, "P11_003_12": null, "P11_003_13": null, "P11_003_14": null, "P11_003_15": null, "P11_003_16": null, "P11_003_17": null, "P11_003_18": null, "P11_003_19": null, "P11_003_20": null, "P11_003_21": null, "P11_003_22": null, "P11_003_23": null, "P11_003_24": null, "P11_003_25": null, "P11_003_26": null, "P11_003_27": null, "P11_003_28": null, "P11_003_29": null, "P11_003_30": null, "P11_003_31": null, "P11_003_32": null, "P11_003_33": null, "P11_003_34": null, "P11_003_35": null, "P11_004_01": "1", "P11_004_02": null, "P11_004_03": null, "P11_004_04": null, "P11_004_05": null, "P11_004_06": null, "P11_004_07": null, "P11_004_08": null, "P11_004_09": null, "P11_004_10": null, "P11_004_11": null, "P11_004_12": null, "P11_004_13": null, "P11_004_14": null, "P11_004_15": null, "P11_004_16": null, "P11_004_17": null, "P11_004_18": null, "P11_004_19": null, "P11_004_20": null, "P11_004_21": null, "P11_004_22": null, "P11_004_23": null, "P11_004_24": null, "P11_004_25": null, "P11_004_26": null, "P11_004_27": null, "P11_004_28": null, "P11_004_29": null, "P11_004_30": null, "P11_004_31": null, "P11_004_32": null, "P11_004_33": null, "P11_004_34": null, "P11_004_35": null, "P11_005": null, "nearest_node": "(139.43016629084883, 35.32818495173977)", "centrality": 0.071661879655055979, "community": 25, "size": 26.923301499331153 }, "geometry": { "type": "Point", "coordinates": [ 139.430166290848831, 35.328184951739772 ] } },
{ "type": "Feature", "properties": { "P11_001": "茅ヶ崎テラス", "P11_002": "（株）江ノ電バス", "P11_003_01": "J2", "P11_003_02": null, "P11_003_03": null, "P11_003_04": null, "P11_003_05": null, "P11_003_06": null, "P11_003_07": null, "P11_003_08": null, "P11_003_09": null, "P11_003_10": null, "P11_003_11": null, "P11_003_12": null, "P11_003_13": null, "P11_003_14": null, "P11_003_15": null, "P11_003_16": null, "P11_003_17": null, "P11_003_18": null, "P11_003_19": null, "P11_003_20": null, "P11_003_21": null, "P11_003_22": null, "P11_003_23": null, "P11_003_24": null, "P11_003_25": null, "P11_003_26": null, "P11_003_27": null, "P11_003_28": null, "P11_003_29": null, "P11_003_30": null, "P11_003_31": null, "P11_003_32": null, "P11_003_33": null, "P11_003_34": null, "P11_003_35": null, "P11_004_01": "1", "P11_004_02": null, "P11_004_03": null, "P11_004_04": null, "P11_004_05": null, "P11_004_06": null, "P11_004_07": null, "P11_004_08": null, "P11_004_09": null, "P11_004_10": null, "P11_004_11": null, "P11_004_12": null, "P11_004_13": null, "P11_004_14": null, "P11_004_15": null, "P11_004_16": null, "P11_004_17": null, "P11_004_18": null, "P11_004_19": null, "P11_004_20": null, "P11_004_21": null, "P11_004_22": null, "P11_004_23": null, "P11_004_24": null, "P11_004_25": null, "P11_004_26": null, "P11_004_27": null, "P11_004_28": null, "P11_004_29": null, "P11_004_30": null, "P11_004_31": null, "P11_004_32": null, "P11_004_33": null, "P11_004_34": null, "P11_004_35": null, "P11_005": null, "nearest_node": "(139.4379620499092, 35.32800000076943)", "centrality": 0.010772809196163637, "community": 22, "size": 12.54405129894722 }, "geometry": { "type": "Point", "coordinates": [ 139.437962049909203, 35.328000000769428 ] } },
{ "type": "Feature", "properties": { "P11_001": "テラス", "P11_002": "神奈川中央交通（株）", "P11_003_01": "辻13", "P11_003_02": null, "P11_003_03": null, "P11_003_04": null, "P11_003_05": null, "P11_003_06": null, "P11_003_07": null, "P11_003_08": null, "P11_003_09": null, "P11_003_10": null, "P11_003_11": null, "P11_003_12": null, "P11_003_13": null, "P11_003_14": null, "P11_003_15": null, "P11_003_16": null, "P11_003_17": null, "P11_003_18": null, "P11_003_19": null, "P11_003_20": null, "P11_003_21": null, "P11_003_22": null, "P11_003_23": null, "P11_003_24": null, "P11_003_25": null, "P11_003_26": null, "P11_003_27": null, "P11_003_28": null, "P11_003_29": null, "P11_003_30": null, "P11_003_31": null, "P11_003_32": null, "P11_003_33": null, "P11_003_34": null, "P11_003_35": null, "P11_004_01": "1", "P11_004_02": null, "P11_004_03": null, "P11_004_04": null, "P11_004_05": null, "P11_004_06": null, "P11_004_07": null, "P11_004_08": null, "P11_004_09": null, "P11_004_10": null, "P11_004_11": null, "P11_004_12": null, "P11_004_13": null, "P11_004_14": null, "P11_004_15": null, "P11_004_16": null, "P11_004_17": null, "P11_004_18": null, "P11_004_19": null, "P11_004_20": null, "P11_004_21": null, "P11_004_22": null, "P11_004_23": null, "P11_004_24": null, "P11_004_25": null, "P11_004_26": null, "P11_004_27": null, "P11_004_28": null, "P11_004_29": null, "P11_004_30": null, "P11_004_31": null, "P11_004_32": null, "P11_004_33": null, "P11_004_34": null, "P11_004_35": null, "P11_005": null, "nearest_node": "(139.4379620499092, 35.32800000076943)", "centrality": 0.010772809196163637, "community": 22, "size": 12.54405129894722 }, "geometry": { "type": "Point", "coordinates": [ 139.437962049909203, 35.328000000769428 ] } },
{ "type": "Feature", "properties": { "P11_001": "石神下", "P11_002": "神奈川中央交通（株）", "P11_003_01": "茅09,辻12", "P11_003_02": null, "P11_003_03": null, "P11_003_04": null, "P11_003_05": null, "P11_003_06": null, "P11_003_07": null, "P11_003_08": null, "P11_003_09": null, "P11_003_10": null, "P11_003_11": null, "P11_003_12": null, "P11_003_13": null, "P11_003_14": null, "P11_003_15": null, "P11_003_16": null, "P11_003_17": null, "P11_003_18": null, "P11_003_19": null, "P11_003_20": null, "P11_003_21": null, "P11_003_22": null, "P11_003_23": null, "P11_003_24": null, "P11_003_25": null, "P11_003_26": null, "P11_003_27": null, "P11_003_28": null, "P11_003_29": null, "P11_003_30": null, "P11_003_31": null, "P11_003_32": null, "P11_003_33": null, "P11_003_34": null, "P11_003_35": null, "P11_004_01": "1,1", "P11_004_02": null, "P11_004_03": null, "P11_004_04": null, "P11_004_05": null, "P11_004_06": null, "P11_004_07": null, "P11_004_08": null, "P11_004_09": null, "P11_004_10": null, "P11_004_11": null, "P11_004_12": null, "P11_004_13": null, "P11_004_14": null, "P11_004_15": null, "P11_004_16": null, "P11_004_17": null, "P11_004_18": null, "P11_004_19": null, "P11_004_20": null, "P11_004_21": null, "P11_004_22": null, "P11_004_23": null, "P11_004_24": null, "P11_004_25": null, "P11_004_26": null, "P11_004_27": null, "P11_004_28": null, "P11_004_29": null, "P11_004_30": null, "P11_004_31": null, "P11_004_32": null, "P11_004_33": null, "P11_004_34": null, "P11_004_35": null, "P11_005": null, "nearest_node": "(139.4145730942323, 35.327706175735)", "centrality": 0.12609577138981032, "community": 19, "size": 39.77812984102961 }, "geometry": { "type": "Point", "coordinates": [ 139.41457309423231, 35.327706175735003 ] } },
{ "type": "Feature", "properties": { "P11_001": "茅ヶ崎小学校前", "P11_002": "神奈川中央交通（株）", "P11_003_01": "中海岸南湖循環私立病院線", "P11_003_02": null, "P11_003_03": null, "P11_003_04": null, "P11_003_05": null, "P11_003_06": null, "P11_003_07": null, "P11_003_08": null, "P11_003_09": null, "P11_003_10": null, "P11_003_11": null, "P11_003_12": null, "P11_003_13": null, "P11_003_14": null, "P11_003_15": null, "P11_003_16": null, "P11_003_17": null, "P11_003_18": null, "P11_003_19": null, "P11_003_20": null, "P11_003_21": null, "P11_003_22": null, "P11_003_23": null, "P11_003_24": null, "P11_003_25": null, "P11_003_26": null, "P11_003_27": null, "P11_003_28": null, "P11_003_29": null, "P11_003_30": null, "P11_003_31": null, "P11_003_32": null, "P11_003_33": null, "P11_003_34": null, "P11_003_35": null, "P11_004_01": "1", "P11_004_02": null, "P11_004_03": null, "P11_004_04": null, "P11_004_05": null, "P11_004_06": null, "P11_004_07": null, "P11_004_08": null, "P11_004_09": null, "P11_004_10": null, "P11_004_11": null, "P11_004_12": null, "P11_004_13": null, "P11_004_14": null, "P11_004_15": null, "P11_004_16": null, "P11_004_17": null, "P11_004_18": null, "P11_004_19": null, "P11_004_20": null, "P11_004_21": null, "P11_004_22": null, "P11_004_23": null, "P11_004_24": null, "P11_004_25": null, "P11_004_26": null, "P11_004_27": null, "P11_004_28": null, "P11_004_29": null, "P11_004_30": null, "P11_004_31": null, "P11_004_32": null, "P11_004_33": null, "P11_004_34": null, "P11_004_35": null, "P11_005": null, "nearest_node": "(139.4038837596103, 35.32758292140063)", "centrality": 0.01860905055560521, "community": 21, "size": 14.394617817516092 }, "geometry": { "type": "Point", "coordinates": [ 139.403883759610295, 35.327582921400627 ] } },
{ "type": "Feature", "properties": { "P11_001": "富士見町北", "P11_002": "神奈川中央交通（株）", "P11_003_01": "東部循環市立病院線【小和田・松浪コース】", "P11_003_02": null, "P11_003_03": null, "P11_003_04": null, "P11_003_05": null, "P11_003_06": null, "P11_003_07": null, "P11_003_08": null, "P11_003_09": null, "P11_003_10": null, "P11_003_11": null, "P11_003_12": null, "P11_003_13": null, "P11_003_14": null, "P11_003_15": null, "P11_003_16": null, "P11_003_17": null, "P11_003_18": null, "P11_003_19": null, "P11_003_20": null, "P11_003_21": null, "P11_003_22": null, "P11_003_23": null, "P11_003_24": null, "P11_003_25": null, "P11_003_26": null, "P11_003_27": null, "P11_003_28": null, "P11_003_29": null, "P11_003_30": null, "P11_003_31": null, "P11_003_32": null, "P11_003_33": null, "P11_003_34": null, "P11_003_35": null, "P11_004_01": "1", "P11_004_02": null, "P11_004_03": null, "P11_004_04": null, "P11_004_05": null, "P11_004_06": null, "P11_004_07": null, "P11_004_08": null, "P11_004_09": null, "P11_004_10": null, "P11_004_11": null, "P11_004_12": null, "P11_004_13": null, "P11_004_14": null, "P11_004_15": null, "P11_004_16": null, "P11_004_17": null, "P11_004_18": null, "P11_004_19": null, "P11_004_20": null, "P11_004_21": null, "P11_004_22": null, "P11_004_23": null, "P11_004_24": null, "P11_004_25": null, "P11_004_26": null, "P11_004_27": null, "P11_004_28": null, "P11_004_29": null, "P11_004_30": null, "P11_004_31": null, "P11_004_32": null, "P11_004_33": null, "P11_004_34": null, "P11_004_35": null, "P11_005": null, "nearest_node": "(139.43406370897793, 35.32749098939374)", "centrality": 0.011682929254554322, "community": 25, "size": 12.758980578263824 }, "geometry": { "type": "Point", "coordinates": [ 139.434063708977931, 35.327490989393738 ] } },
{ "type": "Feature", "properties": { "P11_001": "松浪中学校入口", "P11_002": "神奈川中央交通（株）", "P11_003_01": "東部循環市立病院線【小和田・松浪コース】", "P11_003_02": null, "P11_003_03": null, "P11_003_04": null, "P11_003_05": null, "P11_003_06": null, "P11_003_07": null, "P11_003_08": null, "P11_003_09": null, "P11_003_10": null, "P11_003_11": null, "P11_003_12": null, "P11_003_13": null, "P11_003_14": null, "P11_003_15": null, "P11_003_16": null, "P11_003_17": null, "P11_003_18": null, "P11_003_19": null, "P11_003_20": null, "P11_003_21": null, "P11_003_22": null, "P11_003_23": null, "P11_003_24": null, "P11_003_25": null, "P11_003_26": null, "P11_003_27": null, "P11_003_28": null, "P11_003_29": null, "P11_003_30": null, "P11_003_31": null, "P11_003_32": null, "P11_003_33": null, "P11_003_34": null, "P11_003_35": null, "P11_004_01": "1", "P11_004_02": null, "P11_004_03": null, "P11_004_04": null, "P11_004_05": null, "P11_004_06": null, "P11_004_07": null, "P11_004_08": null, "P11_004_09": null, "P11_004_10": null, "P11_004_11": null, "P11_004_12": null, "P11_004_13": null, "P11_004_14": null, "P11_004_15": null, "P11_004_16": null, "P11_004_17": null, "P11_004_18": null, "P11_004_19": null, "P11_004_20": null, "P11_004_21": null, "P11_004_22": null, "P11_004_23": null, "P11_004_24": null, "P11_004_25": null, "P11_004_26": null, "P11_004_27": null, "P11_004_28": null, "P11_004_29": null, "P11_004_30": null, "P11_004_31": null, "P11_004_32": null, "P11_004_33": null, "P11_004_34": null, "P11_004_35": null, "P11_005": null, "nearest_node": "(139.43591608221732, 35.32736136456681)", "centrality": 0.006752491622356028, "community": 25, "size": 11.594633745959472 }, "geometry": { "type": "Point", "coordinates": [ 139.435916082217318, 35.327361364566812 ] } },
{ "type": "Feature", "properties": { "P11_001": "共恵", "P11_002": "神奈川中央交通（株）", "P11_003_01": "中海岸南湖循環私立病院線", "P11_003_02": null, "P11_003_03": null, "P11_003_04": null, "P11_003_05": null, "P11_003_06": null, "P11_003_07": null, "P11_003_08": null, "P11_003_09": null, "P11_003_10": null, "P11_003_11": null, "P11_003_12": null, "P11_003_13": null, "P11_003_14": null, "P11_003_15": null, "P11_003_16": null, "P11_003_17": null, "P11_003_18": null, "P11_003_19": null, "P11_003_20": null, "P11_003_21": null, "P11_003_22": null, "P11_003_23": null, "P11_003_24": null, "P11_003_25": null, "P11_003_26": null, "P11_003_27": null, "P11_003_28": null, "P11_003_29": null, "P11_003_30": null, "P11_003_31": null, "P11_003_32": null, "P11_003_33": null, "P11_003_34": null, "P11_003_35": null, "P11_004_01": "1", "P11_004_02": null, "P11_004_03": null, "P11_004_04": null, "P11_004_05": null, "P11_004_06": null, "P11_004_07": null, "P11_004_08": null, "P11_004_09": null, "P11_004_10": null, "P11_004_11": null, "P11_004_12": null, "P11_004_13": null, "P11_004_14": null, "P11_004_15": null, "P11_004_16": null, "P11_004_17": null, "P11_004_18": null, "P11_004_19": null, "P11_004_20": null, "P11_004_21": null, "P11_004_22": null, "P11_004_23": null, "P11_004_24": null, "P11_004_25": null, "P11_004_26": null, "P11_004_27": null, "P11_004_28": null, "P11_004_29": null, "P11_004_30": null, "P11_004_31": null, "P11_004_32": null, "P11_004_33": null, "P11_004_34": null, "P11_004_35": null, "P11_005": null, "nearest_node": "(139.40274725938878, 35.327110775671024)", "centrality": 0.015996961301278041, "community": 21, "size": 13.777760232885001 }, "geometry": { "type": "Point", "coordinates": [ 139.402747259388775, 35.327110775671024 ] } },
{ "type": "Feature", "properties": { "P11_001": "松尾入口", "P11_002": "神奈川中央交通（株）", "P11_003_01": "茅31,茅33", "P11_003_02": null, "P11_003_03": null, "P11_003_04": null, "P11_003_05": null, "P11_003_06": null, "P11_003_07": null, "P11_003_08": null, "P11_003_09": null, "P11_003_10": null, "P11_003_11": null, "P11_003_12": null, "P11_003_13": null, "P11_003_14": null, "P11_003_15": null, "P11_003_16": null, "P11_003_17": null, "P11_003_18": null, "P11_003_19": null, "P11_003_20": null, "P11_003_21": null, "P11_003_22": null, "P11_003_23": null, "P11_003_24": null, "P11_003_25": null, "P11_003_26": null, "P11_003_27": null, "P11_003_28": null, "P11_003_29": null, "P11_003_30": null, "P11_003_31": null, "P11_003_32": null, "P11_003_33": null, "P11_003_34": null, "P11_003_35": null, "P11_004_01": "1,1", "P11_004_02": null, "P11_004_03": null, "P11_004_04": null, "P11_004_05": null, "P11_004_06": null, "P11_004_07": null, "P11_004_08": null, "P11_004_09": null, "P11_004_10": null, "P11_004_11": null, "P11_004_12": null, "P11_004_13": null, "P11_004_14": null, "P11_004_15": null, "P11_004_16": null, "P11_004_17": null, "P11_004_18": null, "P11_004_19": null, "P11_004_20": null, "P11_004_21": null, "P11_004_22": null, "P11_004_23": null, "P11_004_24": null, "P11_004_25": null, "P11_004_26": null, "P11_004_27": null, "P11_004_28": null, "P11_004_29": null, "P11_004_30": null, "P11_004_31": null, "P11_004_32": null, "P11_004_33": null, "P11_004_34": null, "P11_004_35": null, "P11_005": null, "nearest_node": "(139.38746327621715, 35.326962378813626)", "centrality": 0.0078976375606994928, "community": 7, "size": 11.865065530174522 }, "geometry": { "type": "Point", "coordinates": [ 139.387463276217147, 35.326962378813626 ] } },
{ "type": "Feature", "properties": { "P11_001": "松が丘一丁目", "P11_002": "神奈川中央交通（株）", "P11_003_01": "東部循環市立病院線【松が丘コース】", "P11_003_02": null, "P11_003_03": null, "P11_003_04": null, "P11_003_05": null, "P11_003_06": null, "P11_003_07": null, "P11_003_08": null, "P11_003_09": null, "P11_003_10": null, "P11_003_11": null, "P11_003_12": null, "P11_003_13": null, "P11_003_14": null, "P11_003_15": null, "P11_003_16": null, "P11_003_17": null, "P11_003_18": null, "P11_003_19": null, "P11_003_20": null, "P11_003_21": null, "P11_003_22": null, "P11_003_23": null, "P11_003_24": null, "P11_003_25": null, "P11_003_26": null, "P11_003_27": null, "P11_003_28": null, "P11_003_29": null, "P11_003_30": null, "P11_003_31": null, "P11_003_32": null, "P11_003_33": null, "P11_003_34": null, "P11_003_35": null, "P11_004_01": "1", "P11_004_02": null, "P11_004_03": null, "P11_004_04": null, "P11_004_05": null, "P11_004_06": null, "P11_004_07": null, "P11_004_08": null, "P11_004_09": null, "P11_004_10": null, "P11_004_11": null, "P11_004_12": null, "P11_004_13": null, "P11_004_14": null, "P11_004_15": null, "P11_004_16": null, "P11_004_17": null, "P11_004_18": null, "P11_004_19": null, "P11_004_20": null, "P11_004_21": null, "P11_004_22": null, "P11_004_23": null, "P11_004_24": null, "P11_004_25": null, "P11_004_26": null, "P11_004_27": null, "P11_004_28": null, "P11_004_29": null, "P11_004_30": null, "P11_004_31": null, "P11_004_32": null, "P11_004_33": null, "P11_004_34": null, "P11_004_35": null, "P11_005": null, "nearest_node": "(139.42028036410815, 35.32696307414266)", "centrality": 0.008847975690410223, "community": 19, "size": 12.08949250268515 }, "geometry": { "type": "Point", "coordinates": [ 139.420280364108152, 35.326963074142661 ] } },
{ "type": "Feature", "properties": { "P11_001": "南湖3丁目", "P11_002": "神奈川中央交通（株）", "P11_003_01": "中海岸南湖循環私立病院線", "P11_003_02": null, "P11_003_03": null, "P11_003_04": null, "P11_003_05": null, "P11_003_06": null, "P11_003_07": null, "P11_003_08": null, "P11_003_09": null, "P11_003_10": null, "P11_003_11": null, "P11_003_12": null, "P11_003_13": null, "P11_003_14": null, "P11_003_15": null, "P11_003_16": null, "P11_003_17": null, "P11_003_18": null, "P11_003_19": null, "P11_003_20": null, "P11_003_21": null, "P11_003_22": null, "P11_003_23": null, "P11_003_24": null, "P11_003_25": null, "P11_003_26": null, "P11_003_27": null, "P11_003_28": null, "P11_003_29": null, "P11_003_30": null, "P11_003_31": null, "P11_003_32": null, "P11_003_33": null, "P11_003_34": null, "P11_003_35": null, "P11_004_01": "1", "P11_004_02": null, "P11_004_03": null, "P11_004_04": null, "P11_004_05": null, "P11_004_06": null, "P11_004_07": null, "P11_004_08": null, "P11_004_09": null, "P11_004_10": null, "P11_004_11": null, "P11_004_12": null, "P11_004_13": null, "P11_004_14": null, "P11_004_15": null, "P11_004_16": null, "P11_004_17": null, "P11_004_18": null, "P11_004_19": null, "P11_004_20": null, "P11_004_21": null, "P11_004_22": null, "P11_004_23": null, "P11_004_24": null, "P11_004_25": null, "P11_004_26": null, "P11_004_27": null, "P11_004_28": null, "P11_004_29": null, "P11_004_30": null, "P11_004_31": null, "P11_004_32": null, "P11_004_33": null, "P11_004_34": null, "P11_004_35": null, "P11_005": null, "nearest_node": "(139.39514565733464, 35.326943186384845)", "centrality": 0.01043495099353532, "community": 21, "size": 12.464264440793023 }, "geometry": { "type": "Point", "coordinates": [ 139.395145657334638, 35.326943186384845 ] } },
{ "type": "Feature", "properties": { "P11_001": "松尾", "P11_002": "神奈川中央交通（株）", "P11_003_01": "茅31,茅33", "P11_003_02": null, "P11_003_03": null, "P11_003_04": null, "P11_003_05": null, "P11_003_06": null, "P11_003_07": null, "P11_003_08": null, "P11_003_09": null, "P11_003_10": null, "P11_003_11": null, "P11_003_12": null, "P11_003_13": null, "P11_003_14": null, "P11_003_15": null, "P11_003_16": null, "P11_003_17": null, "P11_003_18": null, "P11_003_19": null, "P11_003_20": null, "P11_003_21": null, "P11_003_22": null, "P11_003_23": null, "P11_003_24": null, "P11_003_25": null, "P11_003_26": null, "P11_003_27": null, "P11_003_28": null, "P11_003_29": null, "P11_003_30": null, "P11_003_31": null, "P11_003_32": null, "P11_003_33": null, "P11_003_34": null, "P11_003_35": null, "P11_004_01": "1,1", "P11_004_02": null, "P11_004_03": null, "P11_004_04": null, "P11_004_05": null, "P11_004_06": null, "P11_004_07": null, "P11_004_08": null, "P11_004_09": null, "P11_004_10": null, "P11_004_11": null, "P11_004_12": null, "P11_004_13": null, "P11_004_14": null, "P11_004_15": null, "P11_004_16": null, "P11_004_17": null, "P11_004_18": null, "P11_004_19": null, "P11_004_20": null, "P11_004_21": null, "P11_004_22": null, "P11_004_23": null, "P11_004_24": null, "P11_004_25": null, "P11_004_26": null, "P11_004_27": null, "P11_004_28": null, "P11_004_29": null, "P11_004_30": null, "P11_004_31": null, "P11_004_32": null, "P11_004_33": null, "P11_004_34": null, "P11_004_35": null, "P11_005": null, "nearest_node": "(139.38597756990222, 35.32662100642381)", "centrality": 0.0037804987040843687, "community": 7, "size": 10.892783160238201 }, "geometry": { "type": "Point", "coordinates": [ 139.385977569902224, 35.326621006423807 ] } },
{ "type": "Feature", "properties": { "P11_001": "海岸通り", "P11_002": "神奈川中央交通（株）", "P11_003_01": "中海岸南湖循環私立病院線", "P11_003_02": null, "P11_003_03": null, "P11_003_04": null, "P11_003_05": null, "P11_003_06": null, "P11_003_07": null, "P11_003_08": null, "P11_003_09": null, "P11_003_10": null, "P11_003_11": null, "P11_003_12": null, "P11_003_13": null, "P11_003_14": null, "P11_003_15": null, "P11_003_16": null, "P11_003_17": null, "P11_003_18": null, "P11_003_19": null, "P11_003_20": null, "P11_003_21": null, "P11_003_22": null, "P11_003_23": null, "P11_003_24": null, "P11_003_25": null, "P11_003_26": null, "P11_003_27": null, "P11_003_28": null, "P11_003_29": null, "P11_003_30": null, "P11_003_31": null, "P11_003_32": null, "P11_003_33": null, "P11_003_34": null, "P11_003_35": null, "P11_004_01": "1", "P11_004_02": null, "P11_004_03": null, "P11_004_04": null, "P11_004_05": null, "P11_004_06": null, "P11_004_07": null, "P11_004_08": null, "P11_004_09": null, "P11_004_10": null, "P11_004_11": null, "P11_004_12": null, "P11_004_13": null, "P11_004_14": null, "P11_004_15": null, "P11_004_16": null, "P11_004_17": null, "P11_004_18": null, "P11_004_19": null, "P11_004_20": null, "P11_004_21": null, "P11_004_22": null, "P11_004_23": null, "P11_004_24": null, "P11_004_25": null, "P11_004_26": null, "P11_004_27": null, "P11_004_28": null, "P11_004_29": null, "P11_004_30": null, "P11_004_31": null, "P11_004_32": null, "P11_004_33": null, "P11_004_34": null, "P11_004_35": null, "P11_005": null, "nearest_node": "(139.39999758357177, 35.326573629124454)", "centrality": 0.01398307861888164, "community": 21, "size": 13.302172040354643 }, "geometry": { "type": "Point", "coordinates": [ 139.399997583571775, 35.326573629124454 ] } },
{ "type": "Feature", "properties": { "P11_001": "常盤町", "P11_002": "（株）江ノ電バス", "P11_003_01": "J2", "P11_003_02": null, "P11_003_03": null, "P11_003_04": null, "P11_003_05": null, "P11_003_06": null, "P11_003_07": null, "P11_003_08": null, "P11_003_09": null, "P11_003_10": null, "P11_003_11": null, "P11_003_12": null, "P11_003_13": null, "P11_003_14": null, "P11_003_15": null, "P11_003_16": null, "P11_003_17": null, "P11_003_18": null, "P11_003_19": null, "P11_003_20": null, "P11_003_21": null, "P11_003_22": null, "P11_003_23": null, "P11_003_24": null, "P11_003_25": null, "P11_003_26": null, "P11_003_27": null, "P11_003_28": null, "P11_003_29": null, "P11_003_30": null, "P11_003_31": null, "P11_003_32": null, "P11_003_33": null, "P11_003_34": null, "P11_003_35": null, "P11_004_01": "1", "P11_004_02": null, "P11_004_03": null, "P11_004_04": null, "P11_004_05": null, "P11_004_06": null, "P11_004_07": null, "P11_004_08": null, "P11_004_09": null, "P11_004_10": null, "P11_004_11": null, "P11_004_12": null, "P11_004_13": null, "P11_004_14": null, "P11_004_15": null, "P11_004_16": null, "P11_004_17": null, "P11_004_18": null, "P11_004_19": null, "P11_004_20": null, "P11_004_21": null, "P11_004_22": null, "P11_004_23": null, "P11_004_24": null, "P11_004_25": null, "P11_004_26": null, "P11_004_27": null, "P11_004_28": null, "P11_004_29": null, "P11_004_30": null, "P11_004_31": null, "P11_004_32": null, "P11_004_33": null, "P11_004_34": null, "P11_004_35": null, "P11_005": null, "nearest_node": "(139.43748345246354, 35.32646209195272)", "centrality": 0.011687322703965617, "community": 22, "size": 12.760018112715436 }, "geometry": { "type": "Point", "coordinates": [ 139.437483452463539, 35.32646209195272 ] } },
{ "type": "Feature", "properties": { "P11_001": "常盤町", "P11_002": "神奈川中央交通（株）", "P11_003_01": "辻13", "P11_003_02": null, "P11_003_03": null, "P11_003_04": null, "P11_003_05": null, "P11_003_06": null, "P11_003_07": null, "P11_003_08": null, "P11_003_09": null, "P11_003_10": null, "P11_003_11": null, "P11_003_12": null, "P11_003_13": null, "P11_003_14": null, "P11_003_15": null, "P11_003_16": null, "P11_003_17": null, "P11_003_18": null, "P11_003_19": null, "P11_003_20": null, "P11_003_21": null, "P11_003_22": null, "P11_003_23": null, "P11_003_24": null, "P11_003_25": null, "P11_003_26": null, "P11_003_27": null, "P11_003_28": null, "P11_003_29": null, "P11_003_30": null, "P11_003_31": null, "P11_003_32": null, "P11_003_33": null, "P11_003_34": null, "P11_003_35": null, "P11_004_01": "1", "P11_004_02": null, "P11_004_03": null, "P11_004_04": null, "P11_004_05": null, "P11_004_06": null, "P11_004_07": null, "P11_004_08": null, "P11_004_09": null, "P11_004_10": null, "P11_004_11": null, "P11_004_12": null, "P11_004_13": null, "P11_004_14": null, "P11_004_15": null, "P11_004_16": null, "P11_004_17": null, "P11_004_18": null, "P11_004_19": null, "P11_004_20": null, "P11_004_21": null, "P11_004_22": null, "P11_004_23": null, "P11_004_24": null, "P11_004_25": null, "P11_004_26": null, "P11_004_27": null, "P11_004_28": null, "P11_004_29": null, "P11_004_30": null, "P11_004_31": null, "P11_004_32": null, "P11_004_33": null, "P11_004_34": null, "P11_004_35": null, "P11_005": null, "nearest_node": "(139.43748345246354, 35.32646209195272)", "centrality": 0.011687322703965617, "community": 22, "size": 12.760018112715436 }, "geometry": { "type": "Point", "coordinates": [ 139.437483452463539, 35.32646209195272 ] } },
{ "type": "Feature", "properties": { "P11_001": "松浪コミュニティセンター入口", "P11_002": "神奈川中央交通（株）", "P11_003_01": "東部循環市立病院線【小和田・松浪コース】", "P11_003_02": null, "P11_003_03": null, "P11_003_04": null, "P11_003_05": null, "P11_003_06": null, "P11_003_07": null, "P11_003_08": null, "P11_003_09": null, "P11_003_10": null, "P11_003_11": null, "P11_003_12": null, "P11_003_13": null, "P11_003_14": null, "P11_003_15": null, "P11_003_16": null, "P11_003_17": null, "P11_003_18": null, "P11_003_19": null, "P11_003_20": null, "P11_003_21": null, "P11_003_22": null, "P11_003_23": null, "P11_003_24": null, "P11_003_25": null, "P11_003_26": null, "P11_003_27": null, "P11_003_28": null, "P11_003_29": null, "P11_003_30": null, "P11_003_31": null, "P11_003_32": null, "P11_003_33": null, "P11_003_34": null, "P11_003_35": null, "P11_004_01": "1", "P11_004_02": null, "P11_004_03": null, "P11_004_04": null, "P11_004_05": null, "P11_004_06": null, "P11_004_07": null, "P11_004_08": null, "P11_004_09": null, "P11_004_10": null, "P11_004_11": null, "P11_004_12": null, "P11_004_13": null, "P11_004_14": null, "P11_004_15": null, "P11_004_16": null, "P11_004_17": null, "P11_004_18": null, "P11_004_19": null, "P11_004_20": null, "P11_004_21": null, "P11_004_22": null, "P11_004_23": null, "P11_004_24": null, "P11_004_25": null, "P11_004_26": null, "P11_004_27": null, "P11_004_28": null, "P11_004_29": null, "P11_004_30": null, "P11_004_31": null, "P11_004_32": null, "P11_004_33": null, "P11_004_34": null, "P11_004_35": null, "P11_005": null, "nearest_node": "(139.43746956392764, 35.32641792947204)", "centrality": 0.00037089999106265078, "community": 22, "size": 10.087589837233772 }, "geometry": { "type": "Point", "coordinates": [ 139.437469563927635, 35.326417929472044 ] } },
{ "type": "Feature", "properties": { "P11_001": "図書館前", "P11_002": "神奈川中央交通（株）", "P11_003_01": "中海岸南湖循環私立病院線", "P11_003_02": null, "P11_003_03": null, "P11_003_04": null, "P11_003_05": null, "P11_003_06": null, "P11_003_07": null, "P11_003_08": null, "P11_003_09": null, "P11_003_10": null, "P11_003_11": null, "P11_003_12": null, "P11_003_13": null, "P11_003_14": null, "P11_003_15": null, "P11_003_16": null, "P11_003_17": null, "P11_003_18": null, "P11_003_19": null, "P11_003_20": null, "P11_003_21": null, "P11_003_22": null, "P11_003_23": null, "P11_003_24": null, "P11_003_25": null, "P11_003_26": null, "P11_003_27": null, "P11_003_28": null, "P11_003_29": null, "P11_003_30": null, "P11_003_31": null, "P11_003_32": null, "P11_003_33": null, "P11_003_34": null, "P11_003_35": null, "P11_004_01": "1", "P11_004_02": null, "P11_004_03": null, "P11_004_04": null, "P11_004_05": null, "P11_004_06": null, "P11_004_07": null, "P11_004_08": null, "P11_004_09": null, "P11_004_10": null, "P11_004_11": null, "P11_004_12": null, "P11_004_13": null, "P11_004_14": null, "P11_004_15": null, "P11_004_16": null, "P11_004_17": null, "P11_004_18": null, "P11_004_19": null, "P11_004_20": null, "P11_004_21": null, "P11_004_22": null, "P11_004_23": null, "P11_004_24": null, "P11_004_25": null, "P11_004_26": null, "P11_004_27": null, "P11_004_28": null, "P11_004_29": null, "P11_004_30": null, "P11_004_31": null, "P11_004_32": null, "P11_004_33": null, "P11_004_34": null, "P11_004_35": null, "P11_005": null, "nearest_node": "(139.40544019903302, 35.32631484501542)", "centrality": 0.0031003664313164715, "community": 17, "size": 10.732166615334826 }, "geometry": { "type": "Point", "coordinates": [ 139.405440199033023, 35.326314845015418 ] } },
{ "type": "Feature", "properties": { "P11_001": "金刀比羅神社前", "P11_002": "神奈川中央交通（株）", "P11_003_01": "中海岸南湖循環私立病院線", "P11_003_02": null, "P11_003_03": null, "P11_003_04": null, "P11_003_05": null, "P11_003_06": null, "P11_003_07": null, "P11_003_08": null, "P11_003_09": null, "P11_003_10": null, "P11_003_11": null, "P11_003_12": null, "P11_003_13": null, "P11_003_14": null, "P11_003_15": null, "P11_003_16": null, "P11_003_17": null, "P11_003_18": null, "P11_003_19": null, "P11_003_20": null, "P11_003_21": null, "P11_003_22": null, "P11_003_23": null, "P11_003_24": null, "P11_003_25": null, "P11_003_26": null, "P11_003_27": null, "P11_003_28": null, "P11_003_29": null, "P11_003_30": null, "P11_003_31": null, "P11_003_32": null, "P11_003_33": null, "P11_003_34": null, "P11_003_35": null, "P11_004_01": "1", "P11_004_02": null, "P11_004_03": null, "P11_004_04": null, "P11_004_05": null, "P11_004_06": null, "P11_004_07": null, "P11_004_08": null, "P11_004_09": null, "P11_004_10": null, "P11_004_11": null, "P11_004_12": null, "P11_004_13": null, "P11_004_14": null, "P11_004_15": null, "P11_004_16": null, "P11_004_17": null, "P11_004_18": null, "P11_004_19": null, "P11_004_20": null, "P11_004_21": null, "P11_004_22": null, "P11_004_23": null, "P11_004_24": null, "P11_004_25": null, "P11_004_26": null, "P11_004_27": null, "P11_004_28": null, "P11_004_29": null, "P11_004_30": null, "P11_004_31": null, "P11_004_32": null, "P11_004_33": null, "P11_004_34": null, "P11_004_35": null, "P11_005": null, "nearest_node": "(139.39366864721472, 35.32617524039332)", "centrality": 0.0097348586409270986, "community": 21, "size": 12.298934225934095 }, "geometry": { "type": "Point", "coordinates": [ 139.393668647214724, 35.326175240393319 ] } },
{ "type": "Feature", "properties": { "P11_001": "団地北口", "P11_002": "神奈川中央交通（株）", "P11_003_01": "茅31,茅35,茅33", "P11_003_02": null, "P11_003_03": null, "P11_003_04": null, "P11_003_05": null, "P11_003_06": null, "P11_003_07": null, "P11_003_08": null, "P11_003_09": null, "P11_003_10": null, "P11_003_11": null, "P11_003_12": null, "P11_003_13": null, "P11_003_14": null, "P11_003_15": null, "P11_003_16": null, "P11_003_17": null, "P11_003_18": null, "P11_003_19": null, "P11_003_20": null, "P11_003_21": null, "P11_003_22": null, "P11_003_23": null, "P11_003_24": null, "P11_003_25": null, "P11_003_26": null, "P11_003_27": null, "P11_003_28": null, "P11_003_29": null, "P11_003_30": null, "P11_003_31": null, "P11_003_32": null, "P11_003_33": null, "P11_003_34": null, "P11_003_35": null, "P11_004_01": "1,1,1", "P11_004_02": null, "P11_004_03": null, "P11_004_04": null, "P11_004_05": null, "P11_004_06": null, "P11_004_07": null, "P11_004_08": null, "P11_004_09": null, "P11_004_10": null, "P11_004_11": null, "P11_004_12": null, "P11_004_13": null, "P11_004_14": null, "P11_004_15": null, "P11_004_16": null, "P11_004_17": null, "P11_004_18": null, "P11_004_19": null, "P11_004_20": null, "P11_004_21": null, "P11_004_22": null, "P11_004_23": null, "P11_004_24": null, "P11_004_25": null, "P11_004_26": null, "P11_004_27": null, "P11_004_28": null, "P11_004_29": null, "P11_004_30": null, "P11_004_31": null, "P11_004_32": null, "P11_004_33": null, "P11_004_34": null, "P11_004_35": null, "P11_005": null, "nearest_node": "(139.38855115760273, 35.32593289163293)", "centrality": 0.089780917659229798, "community": 7, "size": 31.202200469026806 }, "geometry": { "type": "Point", "coordinates": [ 139.388551157602734, 35.325932891632931 ] } },
{ "type": "Feature", "properties": { "P11_001": "上町入口", "P11_002": "神奈川中央交通（株）", "P11_003_01": "中海岸南湖循環私立病院線", "P11_003_02": null, "P11_003_03": null, "P11_003_04": null, "P11_003_05": null, "P11_003_06": null, "P11_003_07": null, "P11_003_08": null, "P11_003_09": null, "P11_003_10": null, "P11_003_11": null, "P11_003_12": null, "P11_003_13": null, "P11_003_14": null, "P11_003_15": null, "P11_003_16": null, "P11_003_17": null, "P11_003_18": null, "P11_003_19": null, "P11_003_20": null, "P11_003_21": null, "P11_003_22": null, "P11_003_23": null, "P11_003_24": null, "P11_003_25": null, "P11_003_26": null, "P11_003_27": null, "P11_003_28": null, "P11_003_29": null, "P11_003_30": null, "P11_003_31": null, "P11_003_32": null, "P11_003_33": null, "P11_003_34": null, "P11_003_35": null, "P11_004_01": "1", "P11_004_02": null, "P11_004_03": null, "P11_004_04": null, "P11_004_05": null, "P11_004_06": null, "P11_004_07": null, "P11_004_08": null, "P11_004_09": null, "P11_004_10": null, "P11_004_11": null, "P11_004_12": null, "P11_004_13": null, "P11_004_14": null, "P11_004_15": null, "P11_004_16": null, "P11_004_17": null, "P11_004_18": null, "P11_004_19": null, "P11_004_20": null, "P11_004_21": null, "P11_004_22": null, "P11_004_23": null, "P11_004_24": null, "P11_004_25": null, "P11_004_26": null, "P11_004_27": null, "P11_004_28": null, "P11_004_29": null, "P11_004_30": null, "P11_004_31": null, "P11_004_32": null, "P11_004_33": null, "P11_004_34": null, "P11_004_35": null, "P11_005": null, "nearest_node": "(139.3977479332869, 35.32574072395841)", "centrality": 0.012127089105371349, "community": 21, "size": 12.863871087771193 }, "geometry": { "type": "Point", "coordinates": [ 139.397747933286894, 35.325740723958411 ] } },
{ "type": "Feature", "properties": { "P11_001": "富士見町", "P11_002": "（株）江ノ電バス", "P11_003_01": "J1,J2", "P11_003_02": null, "P11_003_03": null, "P11_003_04": null, "P11_003_05": null, "P11_003_06": null, "P11_003_07": null, "P11_003_08": null, "P11_003_09": null, "P11_003_10": null, "P11_003_11": null, "P11_003_12": null, "P11_003_13": null, "P11_003_14": null, "P11_003_15": null, "P11_003_16": null, "P11_003_17": null, "P11_003_18": null, "P11_003_19": null, "P11_003_20": null, "P11_003_21": null, "P11_003_22": null, "P11_003_23": null, "P11_003_24": null, "P11_003_25": null, "P11_003_26": null, "P11_003_27": null, "P11_003_28": null, "P11_003_29": null, "P11_003_30": null, "P11_003_31": null, "P11_003_32": null, "P11_003_33": null, "P11_003_34": null, "P11_003_35": null, "P11_004_01": "1,1", "P11_004_02": null, "P11_004_03": null, "P11_004_04": null, "P11_004_05": null, "P11_004_06": null, "P11_004_07": null, "P11_004_08": null, "P11_004_09": null, "P11_004_10": null, "P11_004_11": null, "P11_004_12": null, "P11_004_13": null, "P11_004_14": null, "P11_004_15": null, "P11_004_16": null, "P11_004_17": null, "P11_004_18": null, "P11_004_19": null, "P11_004_20": null, "P11_004_21": null, "P11_004_22": null, "P11_004_23": null, "P11_004_24": null, "P11_004_25": null, "P11_004_26": null, "P11_004_27": null, "P11_004_28": null, "P11_004_29": null, "P11_004_30": null, "P11_004_31": null, "P11_004_32": null, "P11_004_33": null, "P11_004_34": null, "P11_004_35": null, "P11_005": null, "nearest_node": "(139.43497361627584, 35.325601787237055)", "centrality": 0.041337868365500345, "community": 22, "size": 19.762138713865966 }, "geometry": { "type": "Point", "coordinates": [ 139.43497361627584, 35.325601787237055 ] } },
{ "type": "Feature", "properties": { "P11_001": "富士見町", "P11_002": "神奈川中央交通（株）", "P11_003_01": "辻02,辻10,辻13,辻11", "P11_003_02": null, "P11_003_03": null, "P11_003_04": null, "P11_003_05": null, "P11_003_06": null, "P11_003_07": null, "P11_003_08": null, "P11_003_09": null, "P11_003_10": null, "P11_003_11": null, "P11_003_12": null, "P11_003_13": null, "P11_003_14": null, "P11_003_15": null, "P11_003_16": null, "P11_003_17": null, "P11_003_18": null, "P11_003_19": null, "P11_003_20": null, "P11_003_21": null, "P11_003_22": null, "P11_003_23": null, "P11_003_24": null, "P11_003_25": null, "P11_003_26": null, "P11_003_27": null, "P11_003_28": null, "P11_003_29": null, "P11_003_30": null, "P11_003_31": null, "P11_003_32": null, "P11_003_33": null, "P11_003_34": null, "P11_003_35": null, "P11_004_01": "1,1,1,1", "P11_004_02": null, "P11_004_03": null, "P11_004_04": null, "P11_004_05": null, "P11_004_06": null, "P11_004_07": null, "P11_004_08": null, "P11_004_09": null, "P11_004_10": null, "P11_004_11": null, "P11_004_12": null, "P11_004_13": null, "P11_004_14": null, "P11_004_15": null, "P11_004_16": null, "P11_004_17": null, "P11_004_18": null, "P11_004_19": null, "P11_004_20": null, "P11_004_21": null, "P11_004_22": null, "P11_004_23": null, "P11_004_24": null, "P11_004_25": null, "P11_004_26": null, "P11_004_27": null, "P11_004_28": null, "P11_004_29": null, "P11_004_30": null, "P11_004_31": null, "P11_004_32": null, "P11_004_33": null, "P11_004_34": null, "P11_004_35": null, "P11_005": null, "nearest_node": "(139.43497361627584, 35.325601787237055)", "centrality": 0.041337868365500345, "community": 22, "size": 19.762138713865966 }, "geometry": { "type": "Point", "coordinates": [ 139.43497361627584, 35.325601787237055 ] } },
{ "type": "Feature", "properties": { "P11_001": "柳島", "P11_002": "神奈川中央交通（株）", "P11_003_01": "茅31,茅33", "P11_003_02": null, "P11_003_03": null, "P11_003_04": null, "P11_003_05": null, "P11_003_06": null, "P11_003_07": null, "P11_003_08": null, "P11_003_09": null, "P11_003_10": null, "P11_003_11": null, "P11_003_12": null, "P11_003_13": null, "P11_003_14": null, "P11_003_15": null, "P11_003_16": null, "P11_003_17": null, "P11_003_18": null, "P11_003_19": null, "P11_003_20": null, "P11_003_21": null, "P11_003_22": null, "P11_003_23": null, "P11_003_24": null, "P11_003_25": null, "P11_003_26": null, "P11_003_27": null, "P11_003_28": null, "P11_003_29": null, "P11_003_30": null, "P11_003_31": null, "P11_003_32": null, "P11_003_33": null, "P11_003_34": null, "P11_003_35": null, "P11_004_01": "1,1", "P11_004_02": null, "P11_004_03": null, "P11_004_04": null, "P11_004_05": null, "P11_004_06": null, "P11_004_07": null, "P11_004_08": null, "P11_004_09": null, "P11_004_10": null, "P11_004_11": null, "P11_004_12": null, "P11_004_13": null, "P11_004_14": null, "P11_004_15": null, "P11_004_16": null, "P11_004_17": null, "P11_004_18": null, "P11_004_19": null, "P11_004_20": null, "P11_004_21": null, "P11_004_22": null, "P11_004_23": null, "P11_004_24": null, "P11_004_25": null, "P11_004_26": null, "P11_004_27": null, "P11_004_28": null, "P11_004_29": null, "P11_004_30": null, "P11_004_31": null, "P11_004_32": null, "P11_004_33": null, "P11_004_34": null, "P11_004_35": null, "P11_005": null, "nearest_node": "(139.38338761355763, 35.32553807715894)", "centrality": 0.0016563887151070996, "community": 7, "size": 10.391164253027927 }, "geometry": { "type": "Point", "coordinates": [ 139.38338761355763, 35.325538077158939 ] } },
{ "type": "Feature", "properties": { "P11_001": "平和学園前", "P11_002": "神奈川中央交通（株）", "P11_003_01": "辻02,辻10,辻13,東部循環市立病院線【松が丘コース】,東部循環市立病院線【小和田・松浪コース】,辻11", "P11_003_02": null, "P11_003_03": null, "P11_003_04": null, "P11_003_05": null, "P11_003_06": null, "P11_003_07": null, "P11_003_08": null, "P11_003_09": null, "P11_003_10": null, "P11_003_11": null, "P11_003_12": null, "P11_003_13": null, "P11_003_14": null, "P11_003_15": null, "P11_003_16": null, "P11_003_17": null, "P11_003_18": null, "P11_003_19": null, "P11_003_20": null, "P11_003_21": null, "P11_003_22": null, "P11_003_23": null, "P11_003_24": null, "P11_003_25": null, "P11_003_26": null, "P11_003_27": null, "P11_003_28": null, "P11_003_29": null, "P11_003_30": null, "P11_003_31": null, "P11_003_32": null, "P11_003_33": null, "P11_003_34": null, "P11_003_35": null, "P11_004_01": "1,1,1,1,1,1", "P11_004_02": null, "P11_004_03": null, "P11_004_04": null, "P11_004_05": null, "P11_004_06": null, "P11_004_07": null, "P11_004_08": null, "P11_004_09": null, "P11_004_10": null, "P11_004_11": null, "P11_004_12": null, "P11_004_13": null, "P11_004_14": null, "P11_004_15": null, "P11_004_16": null, "P11_004_17": null, "P11_004_18": null, "P11_004_19": null, "P11_004_20": null, "P11_004_21": null, "P11_004_22": null, "P11_004_23": null, "P11_004_24": null, "P11_004_25": null, "P11_004_26": null, "P11_004_27": null, "P11_004_28": null, "P11_004_29": null, "P11_004_30": null, "P11_004_31": null, "P11_004_32": null, "P11_004_33": null, "P11_004_34": null, "P11_004_35": null, "P11_005": null, "nearest_node": "(139.43165481559845, 35.32550916369529)", "centrality": 0.084650645795714533, "community": 22, "size": 29.990661810848746 }, "geometry": { "type": "Point", "coordinates": [ 139.431654815598449, 35.325509163695287 ] } },
{ "type": "Feature", "properties": { "P11_001": "平和学園前", "P11_002": "（株）江ノ電バス", "P11_003_01": "J1,J2", "P11_003_02": null, "P11_003_03": null, "P11_003_04": null, "P11_003_05": null, "P11_003_06": null, "P11_003_07": null, "P11_003_08": null, "P11_003_09": null, "P11_003_10": null, "P11_003_11": null, "P11_003_12": null, "P11_003_13": null, "P11_003_14": null, "P11_003_15": null, "P11_003_16": null, "P11_003_17": null, "P11_003_18": null, "P11_003_19": null, "P11_003_20": null, "P11_003_21": null, "P11_003_22": null, "P11_003_23": null, "P11_003_24": null, "P11_003_25": null, "P11_003_26": null, "P11_003_27": null, "P11_003_28": null, "P11_003_29": null, "P11_003_30": null, "P11_003_31": null, "P11_003_32": null, "P11_003_33": null, "P11_003_34": null, "P11_003_35": null, "P11_004_01": "1,1", "P11_004_02": null, "P11_004_03": null, "P11_004_04": null, "P11_004_05": null, "P11_004_06": null, "P11_004_07": null, "P11_004_08": null, "P11_004_09": null, "P11_004_10": null, "P11_004_11": null, "P11_004_12": null, "P11_004_13": null, "P11_004_14": null, "P11_004_15": null, "P11_004_16": null, "P11_004_17": null, "P11_004_18": null, "P11_004_19": null, "P11_004_20": null, "P11_004_21": null, "P11_004_22": null, "P11_004_23": null, "P11_004_24": null, "P11_004_25": null, "P11_004_26": null, "P11_004_27": null, "P11_004_28": null, "P11_004_29": null, "P11_004_30": null, "P11_004_31": null, "P11_004_32": null, "P11_004_33": null, "P11_004_34": null, "P11_004_35": null, "P11_005": null, "nearest_node": "(139.43165481559845, 35.32550916369529)", "centrality": 0.084650645795714533, "community": 22, "size": 29.990661810848746 }, "geometry": { "type": "Point", "coordinates": [ 139.431654815598449, 35.325509163695287 ] } },
{ "type": "Feature", "properties": { "P11_001": "浜須賀入口", "P11_002": "神奈川中央交通（株）", "P11_003_01": "辻02,辻10,辻13,東部循環市立病院線【松が丘コース】,辻11", "P11_003_02": null, "P11_003_03": null, "P11_003_04": null, "P11_003_05": null, "P11_003_06": null, "P11_003_07": null, "P11_003_08": null, "P11_003_09": null, "P11_003_10": null, "P11_003_11": null, "P11_003_12": null, "P11_003_13": null, "P11_003_14": null, "P11_003_15": null, "P11_003_16": null, "P11_003_17": null, "P11_003_18": null, "P11_003_19": null, "P11_003_20": null, "P11_003_21": null, "P11_003_22": null, "P11_003_23": null, "P11_003_24": null, "P11_003_25": null, "P11_003_26": null, "P11_003_27": null, "P11_003_28": null, "P11_003_29": null, "P11_003_30": null, "P11_003_31": null, "P11_003_32": null, "P11_003_33": null, "P11_003_34": null, "P11_003_35": null, "P11_004_01": "1,1,1,1,1", "P11_004_02": null, "P11_004_03": null, "P11_004_04": null, "P11_004_05": null, "P11_004_06": null, "P11_004_07": null, "P11_004_08": null, "P11_004_09": null, "P11_004_10": null, "P11_004_11": null, "P11_004_12": null, "P11_004_13": null, "P11_004_14": null, "P11_004_15": null, "P11_004_16": null, "P11_004_17": null, "P11_004_18": null, "P11_004_19": null, "P11_004_20": null, "P11_004_21": null, "P11_004_22": null, "P11_004_23": null, "P11_004_24": null, "P11_004_25": null, "P11_004_26": null, "P11_004_27": null, "P11_004_28": null, "P11_004_29": null, "P11_004_30": null, "P11_004_31": null, "P11_004_32": null, "P11_004_33": null, "P11_004_34": null, "P11_004_35": null, "P11_005": null, "nearest_node": "(139.4301326171005, 35.32546272136502)", "centrality": 0.03198363867283651, "community": 22, "size": 17.553091865737738 }, "geometry": { "type": "Point", "coordinates": [ 139.430132617100497, 35.325462721365021 ] } },
{ "type": "Feature", "properties": { "P11_001": "平和町", "P11_002": "神奈川中央交通（株）", "P11_003_01": "辻02,辻10,辻13,東部循環市立病院線【松が丘コース】,辻11", "P11_003_02": null, "P11_003_03": null, "P11_003_04": null, "P11_003_05": null, "P11_003_06": null, "P11_003_07": null, "P11_003_08": null, "P11_003_09": null, "P11_003_10": null, "P11_003_11": null, "P11_003_12": null, "P11_003_13": null, "P11_003_14": null, "P11_003_15": null, "P11_003_16": null, "P11_003_17": null, "P11_003_18": null, "P11_003_19": null, "P11_003_20": null, "P11_003_21": null, "P11_003_22": null, "P11_003_23": null, "P11_003_24": null, "P11_003_25": null, "P11_003_26": null, "P11_003_27": null, "P11_003_28": null, "P11_003_29": null, "P11_003_30": null, "P11_003_31": null, "P11_003_32": null, "P11_003_33": null, "P11_003_34": null, "P11_003_35": null, "P11_004_01": "1,1,1,1,1", "P11_004_02": null, "P11_004_03": null, "P11_004_04": null, "P11_004_05": null, "P11_004_06": null, "P11_004_07": null, "P11_004_08": null, "P11_004_09": null, "P11_004_10": null, "P11_004_11": null, "P11_004_12": null, "P11_004_13": null, "P11_004_14": null, "P11_004_15": null, "P11_004_16": null, "P11_004_17": null, "P11_004_18": null, "P11_004_19": null, "P11_004_20": null, "P11_004_21": null, "P11_004_22": null, "P11_004_23": null, "P11_004_24": null, "P11_004_25": null, "P11_004_26": null, "P11_004_27": null, "P11_004_28": null, "P11_004_29": null, "P11_004_30": null, "P11_004_31": null, "P11_004_32": null, "P11_004_33": null, "P11_004_34": null, "P11_004_35": null, "P11_005": null, "nearest_node": "(139.42714377466012, 35.325370949108226)", "centrality": 0.03428411235234316, "community": 19, "size": 18.096359916435873 }, "geometry": { "type": "Point", "coordinates": [ 139.427143774660124, 35.325370949108226 ] } },
{ "type": "Feature", "properties": { "P11_001": "浜須賀小学校入口", "P11_002": "神奈川中央交通（株）", "P11_003_01": "東部循環市立病院線【松が丘コース】", "P11_003_02": null, "P11_003_03": null, "P11_003_04": null, "P11_003_05": null, "P11_003_06": null, "P11_003_07": null, "P11_003_08": null, "P11_003_09": null, "P11_003_10": null, "P11_003_11": null, "P11_003_12": null, "P11_003_13": null, "P11_003_14": null, "P11_003_15": null, "P11_003_16": null, "P11_003_17": null, "P11_003_18": null, "P11_003_19": null, "P11_003_20": null, "P11_003_21": null, "P11_003_22": null, "P11_003_23": null, "P11_003_24": null, "P11_003_25": null, "P11_003_26": null, "P11_003_27": null, "P11_003_28": null, "P11_003_29": null, "P11_003_30": null, "P11_003_31": null, "P11_003_32": null, "P11_003_33": null, "P11_003_34": null, "P11_003_35": null, "P11_004_01": "1", "P11_004_02": null, "P11_004_03": null, "P11_004_04": null, "P11_004_05": null, "P11_004_06": null, "P11_004_07": null, "P11_004_08": null, "P11_004_09": null, "P11_004_10": null, "P11_004_11": null, "P11_004_12": null, "P11_004_13": null, "P11_004_14": null, "P11_004_15": null, "P11_004_16": null, "P11_004_17": null, "P11_004_18": null, "P11_004_19": null, "P11_004_20": null, "P11_004_21": null, "P11_004_22": null, "P11_004_23": null, "P11_004_24": null, "P11_004_25": null, "P11_004_26": null, "P11_004_27": null, "P11_004_28": null, "P11_004_29": null, "P11_004_30": null, "P11_004_31": null, "P11_004_32": null, "P11_004_33": null, "P11_004_34": null, "P11_004_35": null, "P11_005": null, "nearest_node": "(139.42547741161837, 35.32532061197261)", "centrality": 0.038136109849885406, "community": 19, "size": 19.006027864574563 }, "geometry": { "type": "Point", "coordinates": [ 139.425477411618374, 35.325320611972607 ] } },
{ "type": "Feature", "properties": { "P11_001": "東浜須賀", "P11_002": "神奈川中央交通（株）", "P11_003_01": "辻02,辻10,辻11", "P11_003_02": null, "P11_003_03": null, "P11_003_04": null, "P11_003_05": null, "P11_003_06": null, "P11_003_07": null, "P11_003_08": null, "P11_003_09": null, "P11_003_10": null, "P11_003_11": null, "P11_003_12": null, "P11_003_13": null, "P11_003_14": null, "P11_003_15": null, "P11_003_16": null, "P11_003_17": null, "P11_003_18": null, "P11_003_19": null, "P11_003_20": null, "P11_003_21": null, "P11_003_22": null, "P11_003_23": null, "P11_003_24": null, "P11_003_25": null, "P11_003_26": null, "P11_003_27": null, "P11_003_28": null, "P11_003_29": null, "P11_003_30": null, "P11_003_31": null, "P11_003_32": null, "P11_003_33": null, "P11_003_34": null, "P11_003_35": null, "P11_004_01": "1,1,1", "P11_004_02": null, "P11_004_03": null, "P11_004_04": null, "P11_004_05": null, "P11_004_06": null, "P11_004_07": null, "P11_004_08": null, "P11_004_09": null, "P11_004_10": null, "P11_004_11": null, "P11_004_12": null, "P11_004_13": null, "P11_004_14": null, "P11_004_15": null, "P11_004_16": null, "P11_004_17": null, "P11_004_18": null, "P11_004_19": null, "P11_004_20": null, "P11_004_21": null, "P11_004_22": null, "P11_004_23": null, "P11_004_24": null, "P11_004_25": null, "P11_004_26": null, "P11_004_27": null, "P11_004_28": null, "P11_004_29": null, "P11_004_30": null, "P11_004_31": null, "P11_004_32": null, "P11_004_33": null, "P11_004_34": null, "P11_004_35": null, "P11_005": null, "nearest_node": "(139.43725733967295, 35.325278321974615)", "centrality": 0.027389769953429087, "community": 22, "size": 16.468227419520368 }, "geometry": { "type": "Point", "coordinates": [ 139.437257339672954, 35.325278321974615 ] } },
{ "type": "Feature", "properties": { "P11_001": "松が丘二丁目", "P11_002": "神奈川中央交通（株）", "P11_003_01": "辻02,辻10,辻13,東部循環市立病院線【松が丘コース】,辻11", "P11_003_02": null, "P11_003_03": null, "P11_003_04": null, "P11_003_05": null, "P11_003_06": null, "P11_003_07": null, "P11_003_08": null, "P11_003_09": null, "P11_003_10": null, "P11_003_11": null, "P11_003_12": null, "P11_003_13": null, "P11_003_14": null, "P11_003_15": null, "P11_003_16": null, "P11_003_17": null, "P11_003_18": null, "P11_003_19": null, "P11_003_20": null, "P11_003_21": null, "P11_003_22": null, "P11_003_23": null, "P11_003_24": null, "P11_003_25": null, "P11_003_26": null, "P11_003_27": null, "P11_003_28": null, "P11_003_29": null, "P11_003_30": null, "P11_003_31": null, "P11_003_32": null, "P11_003_33": null, "P11_003_34": null, "P11_003_35": null, "P11_004_01": "1,1,1,1,1", "P11_004_02": null, "P11_004_03": null, "P11_004_04": null, "P11_004_05": null, "P11_004_06": null, "P11_004_07": null, "P11_004_08": null, "P11_004_09": null, "P11_004_10": null, "P11_004_11": null, "P11_004_12": null, "P11_004_13": null, "P11_004_14": null, "P11_004_15": null, "P11_004_16": null, "P11_004_17": null, "P11_004_18": null, "P11_004_19": null, "P11_004_20": null, "P11_004_21": null, "P11_004_22": null, "P11_004_23": null, "P11_004_24": null, "P11_004_25": null, "P11_004_26": null, "P11_004_27": null, "P11_004_28": null, "P11_004_29": null, "P11_004_30": null, "P11_004_31": null, "P11_004_32": null, "P11_004_33": null, "P11_004_34": null, "P11_004_35": null, "P11_005": null, "nearest_node": "(139.42254106814872, 35.32523161780569)", "centrality": 0.042262186055682757, "community": 19, "size": 19.980420832998448 }, "geometry": { "type": "Point", "coordinates": [ 139.422541068148718, 35.325231617805692 ] } },
{ "type": "Feature", "properties": { "P11_001": "富士見町南", "P11_002": "神奈川中央交通（株）", "P11_003_01": "東部循環市立病院線【小和田・松浪コース】", "P11_003_02": null, "P11_003_03": null, "P11_003_04": null, "P11_003_05": null, "P11_003_06": null, "P11_003_07": null, "P11_003_08": null, "P11_003_09": null, "P11_003_10": null, "P11_003_11": null, "P11_003_12": null, "P11_003_13": null, "P11_003_14": null, "P11_003_15": null, "P11_003_16": null, "P11_003_17": null, "P11_003_18": null, "P11_003_19": null, "P11_003_20": null, "P11_003_21": null, "P11_003_22": null, "P11_003_23": null, "P11_003_24": null, "P11_003_25": null, "P11_003_26": null, "P11_003_27": null, "P11_003_28": null, "P11_003_29": null, "P11_003_30": null, "P11_003_31": null, "P11_003_32": null, "P11_003_33": null, "P11_003_34": null, "P11_003_35": null, "P11_004_01": "1", "P11_004_02": null, "P11_004_03": null, "P11_004_04": null, "P11_004_05": null, "P11_004_06": null, "P11_004_07": null, "P11_004_08": null, "P11_004_09": null, "P11_004_10": null, "P11_004_11": null, "P11_004_12": null, "P11_004_13": null, "P11_004_14": null, "P11_004_15": null, "P11_004_16": null, "P11_004_17": null, "P11_004_18": null, "P11_004_19": null, "P11_004_20": null, "P11_004_21": null, "P11_004_22": null, "P11_004_23": null, "P11_004_24": null, "P11_004_25": null, "P11_004_26": null, "P11_004_27": null, "P11_004_28": null, "P11_004_29": null, "P11_004_30": null, "P11_004_31": null, "P11_004_32": null, "P11_004_33": null, "P11_004_34": null, "P11_004_35": null, "P11_005": null, "nearest_node": "(139.4355860659945, 35.32522296884502)", "centrality": 0.00054815741651026298, "community": 22, "size": 10.129450040570394 }, "geometry": { "type": "Point", "coordinates": [ 139.435586065994499, 35.325222968845019 ] } },
{ "type": "Feature", "properties": { "P11_001": "東海岸北五丁目", "P11_002": "神奈川中央交通（株）", "P11_003_01": "辻02,辻10,辻13,辻11", "P11_003_02": null, "P11_003_03": null, "P11_003_04": null, "P11_003_05": null, "P11_003_06": null, "P11_003_07": null, "P11_003_08": null, "P11_003_09": null, "P11_003_10": null, "P11_003_11": null, "P11_003_12": null, "P11_003_13": null, "P11_003_14": null, "P11_003_15": null, "P11_003_16": null, "P11_003_17": null, "P11_003_18": null, "P11_003_19": null, "P11_003_20": null, "P11_003_21": null, "P11_003_22": null, "P11_003_23": null, "P11_003_24": null, "P11_003_25": null, "P11_003_26": null, "P11_003_27": null, "P11_003_28": null, "P11_003_29": null, "P11_003_30": null, "P11_003_31": null, "P11_003_32": null, "P11_003_33": null, "P11_003_34": null, "P11_003_35": null, "P11_004_01": "1,1,1,1", "P11_004_02": null, "P11_004_03": null, "P11_004_04": null, "P11_004_05": null, "P11_004_06": null, "P11_004_07": null, "P11_004_08": null, "P11_004_09": null, "P11_004_10": null, "P11_004_11": null, "P11_004_12": null, "P11_004_13": null, "P11_004_14": null, "P11_004_15": null, "P11_004_16": null, "P11_004_17": null, "P11_004_18": null, "P11_004_19": null, "P11_004_20": null, "P11_004_21": null, "P11_004_22": null, "P11_004_23": null, "P11_004_24": null, "P11_004_25": null, "P11_004_26": null, "P11_004_27": null, "P11_004_28": null, "P11_004_29": null, "P11_004_30": null, "P11_004_31": null, "P11_004_32": null, "P11_004_33": null, "P11_004_34": null, "P11_004_35": null, "P11_005": null, "nearest_node": "(139.4189962713929, 35.32511601707038)", "centrality": 0.080272732127717794, "community": 19, "size": 28.956796200594347 }, "geometry": { "type": "Point", "coordinates": [ 139.418996271392899, 35.325116017070378 ] } },
{ "type": "Feature", "properties": { "P11_001": "高砂通り中央", "P11_002": "神奈川中央交通（株）", "P11_003_01": "中海岸南湖循環私立病院線", "P11_003_02": null, "P11_003_03": null, "P11_003_04": null, "P11_003_05": null, "P11_003_06": null, "P11_003_07": null, "P11_003_08": null, "P11_003_09": null, "P11_003_10": null, "P11_003_11": null, "P11_003_12": null, "P11_003_13": null, "P11_003_14": null, "P11_003_15": null, "P11_003_16": null, "P11_003_17": null, "P11_003_18": null, "P11_003_19": null, "P11_003_20": null, "P11_003_21": null, "P11_003_22": null, "P11_003_23": null, "P11_003_24": null, "P11_003_25": null, "P11_003_26": null, "P11_003_27": null, "P11_003_28": null, "P11_003_29": null, "P11_003_30": null, "P11_003_31": null, "P11_003_32": null, "P11_003_33": null, "P11_003_34": null, "P11_003_35": null, "P11_004_01": "1", "P11_004_02": null, "P11_004_03": null, "P11_004_04": null, "P11_004_05": null, "P11_004_06": null, "P11_004_07": null, "P11_004_08": null, "P11_004_09": null, "P11_004_10": null, "P11_004_11": null, "P11_004_12": null, "P11_004_13": null, "P11_004_14": null, "P11_004_15": null, "P11_004_16": null, "P11_004_17": null, "P11_004_18": null, "P11_004_19": null, "P11_004_20": null, "P11_004_21": null, "P11_004_22": null, "P11_004_23": null, "P11_004_24": null, "P11_004_25": null, "P11_004_26": null, "P11_004_27": null, "P11_004_28": null, "P11_004_29": null, "P11_004_30": null, "P11_004_31": null, "P11_004_32": null, "P11_004_33": null, "P11_004_34": null, "P11_004_35": null, "P11_005": null, "nearest_node": "(139.40518983901902, 35.32509257116157)", "centrality": 0.0052608216403014886, "community": 17, "size": 11.24236862306118 }, "geometry": { "type": "Point", "coordinates": [ 139.405189839019016, 35.325092571161569 ] } },
{ "type": "Feature", "properties": { "P11_001": "駐在所前", "P11_002": "神奈川中央交通（株）", "P11_003_01": "茅09,辻02,辻10,辻12,辻13", "P11_003_02": null, "P11_003_03": null, "P11_003_04": null, "P11_003_05": null, "P11_003_06": null, "P11_003_07": null, "P11_003_08": null, "P11_003_09": null, "P11_003_10": null, "P11_003_11": null, "P11_003_12": null, "P11_003_13": null, "P11_003_14": null, "P11_003_15": null, "P11_003_16": null, "P11_003_17": null, "P11_003_18": null, "P11_003_19": null, "P11_003_20": null, "P11_003_21": null, "P11_003_22": null, "P11_003_23": null, "P11_003_24": null, "P11_003_25": null, "P11_003_26": null, "P11_003_27": null, "P11_003_28": null, "P11_003_29": null, "P11_003_30": null, "P11_003_31": null, "P11_003_32": null, "P11_003_33": null, "P11_003_34": null, "P11_003_35": null, "P11_004_01": "1,1,1,1,1", "P11_004_02": null, "P11_004_03": null, "P11_004_04": null, "P11_004_05": null, "P11_004_06": null, "P11_004_07": null, "P11_004_08": null, "P11_004_09": null, "P11_004_10": null, "P11_004_11": null, "P11_004_12": null, "P11_004_13": null, "P11_004_14": null, "P11_004_15": null, "P11_004_16": null, "P11_004_17": null, "P11_004_18": null, "P11_004_19": null, "P11_004_20": null, "P11_004_21": null, "P11_004_22": null, "P11_004_23": null, "P11_004_24": null, "P11_004_25": null, "P11_004_26": null, "P11_004_27": null, "P11_004_28": null, "P11_004_29": null, "P11_004_30": null, "P11_004_31": null, "P11_004_32": null, "P11_004_33": null, "P11_004_34": null, "P11_004_35": null, "P11_005": null, "nearest_node": "(139.4149296150303, 35.324990717700885)", "centrality": 0.1765196936745273, "community": 19, "size": 51.685984389509947 }, "geometry": { "type": "Point", "coordinates": [ 139.414929615030303, 35.324990717700885 ] } },
{ "type": "Feature", "properties": { "P11_001": "東海岸二丁目", "P11_002": "神奈川中央交通（株）", "P11_003_01": "辻02,辻10,辻12,辻13", "P11_003_02": null, "P11_003_03": null, "P11_003_04": null, "P11_003_05": null, "P11_003_06": null, "P11_003_07": null, "P11_003_08": null, "P11_003_09": null, "P11_003_10": null, "P11_003_11": null, "P11_003_12": null, "P11_003_13": null, "P11_003_14": null, "P11_003_15": null, "P11_003_16": null, "P11_003_17": null, "P11_003_18": null, "P11_003_19": null, "P11_003_20": null, "P11_003_21": null, "P11_003_22": null, "P11_003_23": null, "P11_003_24": null, "P11_003_25": null, "P11_003_26": null, "P11_003_27": null, "P11_003_28": null, "P11_003_29": null, "P11_003_30": null, "P11_003_31": null, "P11_003_32": null, "P11_003_33": null, "P11_003_34": null, "P11_003_35": null, "P11_004_01": "1,1,1,1", "P11_004_02": null, "P11_004_03": null, "P11_004_04": null, "P11_004_05": null, "P11_004_06": null, "P11_004_07": null, "P11_004_08": null, "P11_004_09": null, "P11_004_10": null, "P11_004_11": null, "P11_004_12": null, "P11_004_13": null, "P11_004_14": null, "P11_004_15": null, "P11_004_16": null, "P11_004_17": null, "P11_004_18": null, "P11_004_19": null, "P11_004_20": null, "P11_004_21": null, "P11_004_22": null, "P11_004_23": null, "P11_004_24": null, "P11_004_25": null, "P11_004_26": null, "P11_004_27": null, "P11_004_28": null, "P11_004_29": null, "P11_004_30": null, "P11_004_31": null, "P11_004_32": null, "P11_004_33": null, "P11_004_34": null, "P11_004_35": null, "P11_005": null, "nearest_node": "(139.41129182798497, 35.32486987267829)", "centrality": 0.097739492882082626, "community": 17, "size": 33.081656724566741 }, "geometry": { "type": "Point", "coordinates": [ 139.411291827984968, 35.324869872678292 ] } },
{ "type": "Feature", "properties": { "P11_001": "会館前", "P11_002": "神奈川中央交通（株）", "P11_003_01": "茅09,茅33,茅37,辻02,辻10,辻12,辻13", "P11_003_02": null, "P11_003_03": null, "P11_003_04": null, "P11_003_05": null, "P11_003_06": null, "P11_003_07": null, "P11_003_08": null, "P11_003_09": null, "P11_003_10": null, "P11_003_11": null, "P11_003_12": null, "P11_003_13": null, "P11_003_14": null, "P11_003_15": null, "P11_003_16": null, "P11_003_17": null, "P11_003_18": null, "P11_003_19": null, "P11_003_20": null, "P11_003_21": null, "P11_003_22": null, "P11_003_23": null, "P11_003_24": null, "P11_003_25": null, "P11_003_26": null, "P11_003_27": null, "P11_003_28": null, "P11_003_29": null, "P11_003_30": null, "P11_003_31": null, "P11_003_32": null, "P11_003_33": null, "P11_003_34": null, "P11_003_35": null, "P11_004_01": "1,1,1,1,1,1,1", "P11_004_02": null, "P11_004_03": null, "P11_004_04": null, "P11_004_05": null, "P11_004_06": null, "P11_004_07": null, "P11_004_08": null, "P11_004_09": null, "P11_004_10": null, "P11_004_11": null, "P11_004_12": null, "P11_004_13": null, "P11_004_14": null, "P11_004_15": null, "P11_004_16": null, "P11_004_17": null, "P11_004_18": null, "P11_004_19": null, "P11_004_20": null, "P11_004_21": null, "P11_004_22": null, "P11_004_23": null, "P11_004_24": null, "P11_004_25": null, "P11_004_26": null, "P11_004_27": null, "P11_004_28": null, "P11_004_29": null, "P11_004_30": null, "P11_004_31": null, "P11_004_32": null, "P11_004_33": null, "P11_004_34": null, "P11_004_35": null, "P11_005": null, "nearest_node": "(139.4082695831239, 35.32477736825173)", "centrality": 0.10559194608622043, "community": 17, "size": 34.936051749127571 }, "geometry": { "type": "Point", "coordinates": [ 139.408269583123911, 35.324777368251731 ] } },
{ "type": "Feature", "properties": { "P11_001": "のぞみ学園前", "P11_002": "（株）江ノ電バス", "P11_003_01": "J1", "P11_003_02": null, "P11_003_03": null, "P11_003_04": null, "P11_003_05": null, "P11_003_06": null, "P11_003_07": null, "P11_003_08": null, "P11_003_09": null, "P11_003_10": null, "P11_003_11": null, "P11_003_12": null, "P11_003_13": null, "P11_003_14": null, "P11_003_15": null, "P11_003_16": null, "P11_003_17": null, "P11_003_18": null, "P11_003_19": null, "P11_003_20": null, "P11_003_21": null, "P11_003_22": null, "P11_003_23": null, "P11_003_24": null, "P11_003_25": null, "P11_003_26": null, "P11_003_27": null, "P11_003_28": null, "P11_003_29": null, "P11_003_30": null, "P11_003_31": null, "P11_003_32": null, "P11_003_33": null, "P11_003_34": null, "P11_003_35": null, "P11_004_01": "1", "P11_004_02": null, "P11_004_03": null, "P11_004_04": null, "P11_004_05": null, "P11_004_06": null, "P11_004_07": null, "P11_004_08": null, "P11_004_09": null, "P11_004_10": null, "P11_004_11": null, "P11_004_12": null, "P11_004_13": null, "P11_004_14": null, "P11_004_15": null, "P11_004_16": null, "P11_004_17": null, "P11_004_18": null, "P11_004_19": null, "P11_004_20": null, "P11_004_21": null, "P11_004_22": null, "P11_004_23": null, "P11_004_24": null, "P11_004_25": null, "P11_004_26": null, "P11_004_27": null, "P11_004_28": null, "P11_004_29": null, "P11_004_30": null, "P11_004_31": null, "P11_004_32": null, "P11_004_33": null, "P11_004_34": null, "P11_004_35": null, "P11_005": null, "nearest_node": "(139.43996075703689, 35.324648801886596)", "centrality": 0.0058092769684511573, "community": 22, "size": 11.371889016914492 }, "geometry": { "type": "Point", "coordinates": [ 139.439960757036886, 35.324648801886596 ] } },
{ "type": "Feature", "properties": { "P11_001": "のぞみ学園前", "P11_002": "神奈川中央交通（株）", "P11_003_01": "辻02,辻10,辻11", "P11_003_02": null, "P11_003_03": null, "P11_003_04": null, "P11_003_05": null, "P11_003_06": null, "P11_003_07": null, "P11_003_08": null, "P11_003_09": null, "P11_003_10": null, "P11_003_11": null, "P11_003_12": null, "P11_003_13": null, "P11_003_14": null, "P11_003_15": null, "P11_003_16": null, "P11_003_17": null, "P11_003_18": null, "P11_003_19": null, "P11_003_20": null, "P11_003_21": null, "P11_003_22": null, "P11_003_23": null, "P11_003_24": null, "P11_003_25": null, "P11_003_26": null, "P11_003_27": null, "P11_003_28": null, "P11_003_29": null, "P11_003_30": null, "P11_003_31": null, "P11_003_32": null, "P11_003_33": null, "P11_003_34": null, "P11_003_35": null, "P11_004_01": "1,1,1", "P11_004_02": null, "P11_004_03": null, "P11_004_04": null, "P11_004_05": null, "P11_004_06": null, "P11_004_07": null, "P11_004_08": null, "P11_004_09": null, "P11_004_10": null, "P11_004_11": null, "P11_004_12": null, "P11_004_13": null, "P11_004_14": null, "P11_004_15": null, "P11_004_16": null, "P11_004_17": null, "P11_004_18": null, "P11_004_19": null, "P11_004_20": null, "P11_004_21": null, "P11_004_22": null, "P11_004_23": null, "P11_004_24": null, "P11_004_25": null, "P11_004_26": null, "P11_004_27": null, "P11_004_28": null, "P11_004_29": null, "P11_004_30": null, "P11_004_31": null, "P11_004_32": null, "P11_004_33": null, "P11_004_34": null, "P11_004_35": null, "P11_005": null, "nearest_node": "(139.43996075703689, 35.324648801886596)", "centrality": 0.0058092769684511573, "community": 22, "size": 11.371889016914492 }, "geometry": { "type": "Point", "coordinates": [ 139.439960757036886, 35.324648801886596 ] } },
{ "type": "Feature", "properties": { "P11_001": "中海岸", "P11_002": "神奈川中央交通（株）", "P11_003_01": "茅33", "P11_003_02": null, "P11_003_03": null, "P11_003_04": null, "P11_003_05": null, "P11_003_06": null, "P11_003_07": null, "P11_003_08": null, "P11_003_09": null, "P11_003_10": null, "P11_003_11": null, "P11_003_12": null, "P11_003_13": null, "P11_003_14": null, "P11_003_15": null, "P11_003_16": null, "P11_003_17": null, "P11_003_18": null, "P11_003_19": null, "P11_003_20": null, "P11_003_21": null, "P11_003_22": null, "P11_003_23": null, "P11_003_24": null, "P11_003_25": null, "P11_003_26": null, "P11_003_27": null, "P11_003_28": null, "P11_003_29": null, "P11_003_30": null, "P11_003_31": null, "P11_003_32": null, "P11_003_33": null, "P11_003_34": null, "P11_003_35": null, "P11_004_01": "1", "P11_004_02": null, "P11_004_03": null, "P11_004_04": null, "P11_004_05": null, "P11_004_06": null, "P11_004_07": null, "P11_004_08": null, "P11_004_09": null, "P11_004_10": null, "P11_004_11": null, "P11_004_12": null, "P11_004_13": null, "P11_004_14": null, "P11_004_15": null, "P11_004_16": null, "P11_004_17": null, "P11_004_18": null, "P11_004_19": null, "P11_004_20": null, "P11_004_21": null, "P11_004_22": null, "P11_004_23": null, "P11_004_24": null, "P11_004_25": null, "P11_004_26": null, "P11_004_27": null, "P11_004_28": null, "P11_004_29": null, "P11_004_30": null, "P11_004_31": null, "P11_004_32": null, "P11_004_33": null, "P11_004_34": null, "P11_004_35": null, "P11_005": null, "nearest_node": "(139.40254327875056, 35.32425882848468)", "centrality": 0.084191073892605175, "community": 17, "size": 29.882131670216406 }, "geometry": { "type": "Point", "coordinates": [ 139.402543278750557, 35.32425882848468 ] } },
{ "type": "Feature", "properties": { "P11_001": "松が丘緑地", "P11_002": "神奈川中央交通（株）", "P11_003_01": "東部循環市立病院線【松が丘コース】", "P11_003_02": null, "P11_003_03": null, "P11_003_04": null, "P11_003_05": null, "P11_003_06": null, "P11_003_07": null, "P11_003_08": null, "P11_003_09": null, "P11_003_10": null, "P11_003_11": null, "P11_003_12": null, "P11_003_13": null, "P11_003_14": null, "P11_003_15": null, "P11_003_16": null, "P11_003_17": null, "P11_003_18": null, "P11_003_19": null, "P11_003_20": null, "P11_003_21": null, "P11_003_22": null, "P11_003_23": null, "P11_003_24": null, "P11_003_25": null, "P11_003_26": null, "P11_003_27": null, "P11_003_28": null, "P11_003_29": null, "P11_003_30": null, "P11_003_31": null, "P11_003_32": null, "P11_003_33": null, "P11_003_34": null, "P11_003_35": null, "P11_004_01": "1", "P11_004_02": null, "P11_004_03": null, "P11_004_04": null, "P11_004_05": null, "P11_004_06": null, "P11_004_07": null, "P11_004_08": null, "P11_004_09": null, "P11_004_10": null, "P11_004_11": null, "P11_004_12": null, "P11_004_13": null, "P11_004_14": null, "P11_004_15": null, "P11_004_16": null, "P11_004_17": null, "P11_004_18": null, "P11_004_19": null, "P11_004_20": null, "P11_004_21": null, "P11_004_22": null, "P11_004_23": null, "P11_004_24": null, "P11_004_25": null, "P11_004_26": null, "P11_004_27": null, "P11_004_28": null, "P11_004_29": null, "P11_004_30": null, "P11_004_31": null, "P11_004_32": null, "P11_004_33": null, "P11_004_34": null, "P11_004_35": null, "P11_005": null, "nearest_node": "(139.41968900008692, 35.32417611783802)", "centrality": 0.028688890874966483, "community": 24, "size": 16.775021145070031 }, "geometry": { "type": "Point", "coordinates": [ 139.419689000086919, 35.324176117838022 ] } },
{ "type": "Feature", "properties": { "P11_001": "茅ヶ崎学園前", "P11_002": "神奈川中央交通（株）", "P11_003_01": "東部循環市立病院線【小和田・松浪コース】", "P11_003_02": null, "P11_003_03": null, "P11_003_04": null, "P11_003_05": null, "P11_003_06": null, "P11_003_07": null, "P11_003_08": null, "P11_003_09": null, "P11_003_10": null, "P11_003_11": null, "P11_003_12": null, "P11_003_13": null, "P11_003_14": null, "P11_003_15": null, "P11_003_16": null, "P11_003_17": null, "P11_003_18": null, "P11_003_19": null, "P11_003_20": null, "P11_003_21": null, "P11_003_22": null, "P11_003_23": null, "P11_003_24": null, "P11_003_25": null, "P11_003_26": null, "P11_003_27": null, "P11_003_28": null, "P11_003_29": null, "P11_003_30": null, "P11_003_31": null, "P11_003_32": null, "P11_003_33": null, "P11_003_34": null, "P11_003_35": null, "P11_004_01": "1", "P11_004_02": null, "P11_004_03": null, "P11_004_04": null, "P11_004_05": null, "P11_004_06": null, "P11_004_07": null, "P11_004_08": null, "P11_004_09": null, "P11_004_10": null, "P11_004_11": null, "P11_004_12": null, "P11_004_13": null, "P11_004_14": null, "P11_004_15": null, "P11_004_16": null, "P11_004_17": null, "P11_004_18": null, "P11_004_19": null, "P11_004_20": null, "P11_004_21": null, "P11_004_22": null, "P11_004_23": null, "P11_004_24": null, "P11_004_25": null, "P11_004_26": null, "P11_004_27": null, "P11_004_28": null, "P11_004_29": null, "P11_004_30": null, "P11_004_31": null, "P11_004_32": null, "P11_004_33": null, "P11_004_34": null, "P11_004_35": null, "P11_005": null, "nearest_node": "(139.43564326268947, 35.32408420570737)", "centrality": 0.00020853814758542614, "community": 22, "size": 10.049247298043085 }, "geometry": { "type": "Point", "coordinates": [ 139.435643262689467, 35.324084205707372 ] } },
{ "type": "Feature", "properties": { "P11_001": "中海岸2丁目", "P11_002": "神奈川中央交通（株）", "P11_003_01": "中海岸南湖循環私立病院線", "P11_003_02": null, "P11_003_03": null, "P11_003_04": null, "P11_003_05": null, "P11_003_06": null, "P11_003_07": null, "P11_003_08": null, "P11_003_09": null, "P11_003_10": null, "P11_003_11": null, "P11_003_12": null, "P11_003_13": null, "P11_003_14": null, "P11_003_15": null, "P11_003_16": null, "P11_003_17": null, "P11_003_18": null, "P11_003_19": null, "P11_003_20": null, "P11_003_21": null, "P11_003_22": null, "P11_003_23": null, "P11_003_24": null, "P11_003_25": null, "P11_003_26": null, "P11_003_27": null, "P11_003_28": null, "P11_003_29": null, "P11_003_30": null, "P11_003_31": null, "P11_003_32": null, "P11_003_33": null, "P11_003_34": null, "P11_003_35": null, "P11_004_01": "1", "P11_004_02": null, "P11_004_03": null, "P11_004_04": null, "P11_004_05": null, "P11_004_06": null, "P11_004_07": null, "P11_004_08": null, "P11_004_09": null, "P11_004_10": null, "P11_004_11": null, "P11_004_12": null, "P11_004_13": null, "P11_004_14": null, "P11_004_15": null, "P11_004_16": null, "P11_004_17": null, "P11_004_18": null, "P11_004_19": null, "P11_004_20": null, "P11_004_21": null, "P11_004_22": null, "P11_004_23": null, "P11_004_24": null, "P11_004_25": null, "P11_004_26": null, "P11_004_27": null, "P11_004_28": null, "P11_004_29": null, "P11_004_30": null, "P11_004_31": null, "P11_004_32": null, "P11_004_33": null, "P11_004_34": null, "P11_004_35": null, "P11_005": null, "nearest_node": "(139.4028155151256, 35.323991103616635)", "centrality": 0.0019751541692733933, "community": 17, "size": 10.466442265750928 }, "geometry": { "type": "Point", "coordinates": [ 139.40281551512561, 35.323991103616635 ] } },
{ "type": "Feature", "properties": { "P11_001": "中海岸四丁目", "P11_002": "神奈川中央交通（株）", "P11_003_01": "茅33", "P11_003_02": null, "P11_003_03": null, "P11_003_04": null, "P11_003_05": null, "P11_003_06": null, "P11_003_07": null, "P11_003_08": null, "P11_003_09": null, "P11_003_10": null, "P11_003_11": null, "P11_003_12": null, "P11_003_13": null, "P11_003_14": null, "P11_003_15": null, "P11_003_16": null, "P11_003_17": null, "P11_003_18": null, "P11_003_19": null, "P11_003_20": null, "P11_003_21": null, "P11_003_22": null, "P11_003_23": null, "P11_003_24": null, "P11_003_25": null, "P11_003_26": null, "P11_003_27": null, "P11_003_28": null, "P11_003_29": null, "P11_003_30": null, "P11_003_31": null, "P11_003_32": null, "P11_003_33": null, "P11_003_34": null, "P11_003_35": null, "P11_004_01": "1", "P11_004_02": null, "P11_004_03": null, "P11_004_04": null, "P11_004_05": null, "P11_004_06": null, "P11_004_07": null, "P11_004_08": null, "P11_004_09": null, "P11_004_10": null, "P11_004_11": null, "P11_004_12": null, "P11_004_13": null, "P11_004_14": null, "P11_004_15": null, "P11_004_16": null, "P11_004_17": null, "P11_004_18": null, "P11_004_19": null, "P11_004_20": null, "P11_004_21": null, "P11_004_22": null, "P11_004_23": null, "P11_004_24": null, "P11_004_25": null, "P11_004_26": null, "P11_004_27": null, "P11_004_28": null, "P11_004_29": null, "P11_004_30": null, "P11_004_31": null, "P11_004_32": null, "P11_004_33": null, "P11_004_34": null, "P11_004_35": null, "P11_005": null, "nearest_node": "(139.397683294136, 35.32381001551648)", "centrality": 0.071450882633332782, "community": 18, "size": 26.87347352619857 }, "geometry": { "type": "Point", "coordinates": [ 139.397683294135987, 35.323810015516479 ] } },
{ "type": "Feature", "properties": { "P11_001": "南湖会館", "P11_002": "神奈川中央交通（株）", "P11_003_01": "中海岸南湖循環私立病院線", "P11_003_02": null, "P11_003_03": null, "P11_003_04": null, "P11_003_05": null, "P11_003_06": null, "P11_003_07": null, "P11_003_08": null, "P11_003_09": null, "P11_003_10": null, "P11_003_11": null, "P11_003_12": null, "P11_003_13": null, "P11_003_14": null, "P11_003_15": null, "P11_003_16": null, "P11_003_17": null, "P11_003_18": null, "P11_003_19": null, "P11_003_20": null, "P11_003_21": null, "P11_003_22": null, "P11_003_23": null, "P11_003_24": null, "P11_003_25": null, "P11_003_26": null, "P11_003_27": null, "P11_003_28": null, "P11_003_29": null, "P11_003_30": null, "P11_003_31": null, "P11_003_32": null, "P11_003_33": null, "P11_003_34": null, "P11_003_35": null, "P11_004_01": "1", "P11_004_02": null, "P11_004_03": null, "P11_004_04": null, "P11_004_05": null, "P11_004_06": null, "P11_004_07": null, "P11_004_08": null, "P11_004_09": null, "P11_004_10": null, "P11_004_11": null, "P11_004_12": null, "P11_004_13": null, "P11_004_14": null, "P11_004_15": null, "P11_004_16": null, "P11_004_17": null, "P11_004_18": null, "P11_004_19": null, "P11_004_20": null, "P11_004_21": null, "P11_004_22": null, "P11_004_23": null, "P11_004_24": null, "P11_004_25": null, "P11_004_26": null, "P11_004_27": null, "P11_004_28": null, "P11_004_29": null, "P11_004_30": null, "P11_004_31": null, "P11_004_32": null, "P11_004_33": null, "P11_004_34": null, "P11_004_35": null, "P11_005": null, "nearest_node": "(139.39304408927532, 35.32380570150858)", "centrality": 0.012499478654631033, "community": 21, "size": 12.951812691419557 }, "geometry": { "type": "Point", "coordinates": [ 139.393044089275321, 35.323805701508583 ] } },
{ "type": "Feature", "properties": { "P11_001": "魚市場", "P11_002": "神奈川中央交通（株）", "P11_003_01": "中海岸南湖循環私立病院線", "P11_003_02": null, "P11_003_03": null, "P11_003_04": null, "P11_003_05": null, "P11_003_06": null, "P11_003_07": null, "P11_003_08": null, "P11_003_09": null, "P11_003_10": null, "P11_003_11": null, "P11_003_12": null, "P11_003_13": null, "P11_003_14": null, "P11_003_15": null, "P11_003_16": null, "P11_003_17": null, "P11_003_18": null, "P11_003_19": null, "P11_003_20": null, "P11_003_21": null, "P11_003_22": null, "P11_003_23": null, "P11_003_24": null, "P11_003_25": null, "P11_003_26": null, "P11_003_27": null, "P11_003_28": null, "P11_003_29": null, "P11_003_30": null, "P11_003_31": null, "P11_003_32": null, "P11_003_33": null, "P11_003_34": null, "P11_003_35": null, "P11_004_01": "1", "P11_004_02": null, "P11_004_03": null, "P11_004_04": null, "P11_004_05": null, "P11_004_06": null, "P11_004_07": null, "P11_004_08": null, "P11_004_09": null, "P11_004_10": null, "P11_004_11": null, "P11_004_12": null, "P11_004_13": null, "P11_004_14": null, "P11_004_15": null, "P11_004_16": null, "P11_004_17": null, "P11_004_18": null, "P11_004_19": null, "P11_004_20": null, "P11_004_21": null, "P11_004_22": null, "P11_004_23": null, "P11_004_24": null, "P11_004_25": null, "P11_004_26": null, "P11_004_27": null, "P11_004_28": null, "P11_004_29": null, "P11_004_30": null, "P11_004_31": null, "P11_004_32": null, "P11_004_33": null, "P11_004_34": null, "P11_004_35": null, "P11_005": null, "nearest_node": "(139.39437348623107, 35.32377798110292)", "centrality": 0.017915512259063959, "community": 21, "size": 14.230835374881377 }, "geometry": { "type": "Point", "coordinates": [ 139.394373486231075, 35.323777981102921 ] } },
{ "type": "Feature", "properties": { "P11_001": "緑が浜小学校前", "P11_002": "神奈川中央交通（株）", "P11_003_01": "東部循環市立病院線【小和田・松浪コース】", "P11_003_02": null, "P11_003_03": null, "P11_003_04": null, "P11_003_05": null, "P11_003_06": null, "P11_003_07": null, "P11_003_08": null, "P11_003_09": null, "P11_003_10": null, "P11_003_11": null, "P11_003_12": null, "P11_003_13": null, "P11_003_14": null, "P11_003_15": null, "P11_003_16": null, "P11_003_17": null, "P11_003_18": null, "P11_003_19": null, "P11_003_20": null, "P11_003_21": null, "P11_003_22": null, "P11_003_23": null, "P11_003_24": null, "P11_003_25": null, "P11_003_26": null, "P11_003_27": null, "P11_003_28": null, "P11_003_29": null, "P11_003_30": null, "P11_003_31": null, "P11_003_32": null, "P11_003_33": null, "P11_003_34": null, "P11_003_35": null, "P11_004_01": "1", "P11_004_02": null, "P11_004_03": null, "P11_004_04": null, "P11_004_05": null, "P11_004_06": null, "P11_004_07": null, "P11_004_08": null, "P11_004_09": null, "P11_004_10": null, "P11_004_11": null, "P11_004_12": null, "P11_004_13": null, "P11_004_14": null, "P11_004_15": null, "P11_004_16": null, "P11_004_17": null, "P11_004_18": null, "P11_004_19": null, "P11_004_20": null, "P11_004_21": null, "P11_004_22": null, "P11_004_23": null, "P11_004_24": null, "P11_004_25": null, "P11_004_26": null, "P11_004_27": null, "P11_004_28": null, "P11_004_29": null, "P11_004_30": null, "P11_004_31": null, "P11_004_32": null, "P11_004_33": null, "P11_004_34": null, "P11_004_35": null, "P11_005": null, "nearest_node": "(139.43221392583837, 35.32341662292359)", "centrality": 0.010998897726934192, "community": 22, "size": 12.597443205358106 }, "geometry": { "type": "Point", "coordinates": [ 139.432213925838369, 35.323416622923588 ] } },
{ "type": "Feature", "properties": { "P11_001": "東海岸南五丁目", "P11_002": "神奈川中央交通（株）", "P11_003_01": "東部循環市立病院線【松が丘コース】", "P11_003_02": null, "P11_003_03": null, "P11_003_04": null, "P11_003_05": null, "P11_003_06": null, "P11_003_07": null, "P11_003_08": null, "P11_003_09": null, "P11_003_10": null, "P11_003_11": null, "P11_003_12": null, "P11_003_13": null, "P11_003_14": null, "P11_003_15": null, "P11_003_16": null, "P11_003_17": null, "P11_003_18": null, "P11_003_19": null, "P11_003_20": null, "P11_003_21": null, "P11_003_22": null, "P11_003_23": null, "P11_003_24": null, "P11_003_25": null, "P11_003_26": null, "P11_003_27": null, "P11_003_28": null, "P11_003_29": null, "P11_003_30": null, "P11_003_31": null, "P11_003_32": null, "P11_003_33": null, "P11_003_34": null, "P11_003_35": null, "P11_004_01": "1", "P11_004_02": null, "P11_004_03": null, "P11_004_04": null, "P11_004_05": null, "P11_004_06": null, "P11_004_07": null, "P11_004_08": null, "P11_004_09": null, "P11_004_10": null, "P11_004_11": null, "P11_004_12": null, "P11_004_13": null, "P11_004_14": null, "P11_004_15": null, "P11_004_16": null, "P11_004_17": null, "P11_004_18": null, "P11_004_19": null, "P11_004_20": null, "P11_004_21": null, "P11_004_22": null, "P11_004_23": null, "P11_004_24": null, "P11_004_25": null, "P11_004_26": null, "P11_004_27": null, "P11_004_28": null, "P11_004_29": null, "P11_004_30": null, "P11_004_31": null, "P11_004_32": null, "P11_004_33": null, "P11_004_34": null, "P11_004_35": null, "P11_005": null, "nearest_node": "(139.4195187365697, 35.32331509363748)", "centrality": 0.023022611493431048, "community": 24, "size": 15.436901703956512 }, "geometry": { "type": "Point", "coordinates": [ 139.4195187365697, 35.323315093637483 ] } },
{ "type": "Feature", "properties": { "P11_001": "茅ヶ崎学園入口", "P11_002": "神奈川中央交通（株）", "P11_003_01": "辻02,辻10,辻11", "P11_003_02": null, "P11_003_03": null, "P11_003_04": null, "P11_003_05": null, "P11_003_06": null, "P11_003_07": null, "P11_003_08": null, "P11_003_09": null, "P11_003_10": null, "P11_003_11": null, "P11_003_12": null, "P11_003_13": null, "P11_003_14": null, "P11_003_15": null, "P11_003_16": null, "P11_003_17": null, "P11_003_18": null, "P11_003_19": null, "P11_003_20": null, "P11_003_21": null, "P11_003_22": null, "P11_003_23": null, "P11_003_24": null, "P11_003_25": null, "P11_003_26": null, "P11_003_27": null, "P11_003_28": null, "P11_003_29": null, "P11_003_30": null, "P11_003_31": null, "P11_003_32": null, "P11_003_33": null, "P11_003_34": null, "P11_003_35": null, "P11_004_01": "1,1,1", "P11_004_02": null, "P11_004_03": null, "P11_004_04": null, "P11_004_05": null, "P11_004_06": null, "P11_004_07": null, "P11_004_08": null, "P11_004_09": null, "P11_004_10": null, "P11_004_11": null, "P11_004_12": null, "P11_004_13": null, "P11_004_14": null, "P11_004_15": null, "P11_004_16": null, "P11_004_17": null, "P11_004_18": null, "P11_004_19": null, "P11_004_20": null, "P11_004_21": null, "P11_004_22": null, "P11_004_23": null, "P11_004_24": null, "P11_004_25": null, "P11_004_26": null, "P11_004_27": null, "P11_004_28": null, "P11_004_29": null, "P11_004_30": null, "P11_004_31": null, "P11_004_32": null, "P11_004_33": null, "P11_004_34": null, "P11_004_35": null, "P11_005": null, "nearest_node": "(139.43667706777273, 35.32319518740903)", "centrality": 0.00051062054994488622, "community": 22, "size": 10.120585526922637 }, "geometry": { "type": "Point", "coordinates": [ 139.436677067772735, 35.323195187409027 ] } },
{ "type": "Feature", "properties": { "P11_001": "茅ヶ崎学園入口", "P11_002": "（株）江ノ電バス", "P11_003_01": "J1,J2", "P11_003_02": null, "P11_003_03": null, "P11_003_04": null, "P11_003_05": null, "P11_003_06": null, "P11_003_07": null, "P11_003_08": null, "P11_003_09": null, "P11_003_10": null, "P11_003_11": null, "P11_003_12": null, "P11_003_13": null, "P11_003_14": null, "P11_003_15": null, "P11_003_16": null, "P11_003_17": null, "P11_003_18": null, "P11_003_19": null, "P11_003_20": null, "P11_003_21": null, "P11_003_22": null, "P11_003_23": null, "P11_003_24": null, "P11_003_25": null, "P11_003_26": null, "P11_003_27": null, "P11_003_28": null, "P11_003_29": null, "P11_003_30": null, "P11_003_31": null, "P11_003_32": null, "P11_003_33": null, "P11_003_34": null, "P11_003_35": null, "P11_004_01": "1,1", "P11_004_02": null, "P11_004_03": null, "P11_004_04": null, "P11_004_05": null, "P11_004_06": null, "P11_004_07": null, "P11_004_08": null, "P11_004_09": null, "P11_004_10": null, "P11_004_11": null, "P11_004_12": null, "P11_004_13": null, "P11_004_14": null, "P11_004_15": null, "P11_004_16": null, "P11_004_17": null, "P11_004_18": null, "P11_004_19": null, "P11_004_20": null, "P11_004_21": null, "P11_004_22": null, "P11_004_23": null, "P11_004_24": null, "P11_004_25": null, "P11_004_26": null, "P11_004_27": null, "P11_004_28": null, "P11_004_29": null, "P11_004_30": null, "P11_004_31": null, "P11_004_32": null, "P11_004_33": null, "P11_004_34": null, "P11_004_35": null, "P11_005": null, "nearest_node": "(139.43667706777273, 35.32319518740903)", "centrality": 0.00051062054994488622, "community": 22, "size": 10.120585526922637 }, "geometry": { "type": "Point", "coordinates": [ 139.436677067772735, 35.323195187409027 ] } },
{ "type": "Feature", "properties": { "P11_001": "サザン通り北", "P11_002": "神奈川中央交通（株）", "P11_003_01": "中海岸南湖循環私立病院線", "P11_003_02": null, "P11_003_03": null, "P11_003_04": null, "P11_003_05": null, "P11_003_06": null, "P11_003_07": null, "P11_003_08": null, "P11_003_09": null, "P11_003_10": null, "P11_003_11": null, "P11_003_12": null, "P11_003_13": null, "P11_003_14": null, "P11_003_15": null, "P11_003_16": null, "P11_003_17": null, "P11_003_18": null, "P11_003_19": null, "P11_003_20": null, "P11_003_21": null, "P11_003_22": null, "P11_003_23": null, "P11_003_24": null, "P11_003_25": null, "P11_003_26": null, "P11_003_27": null, "P11_003_28": null, "P11_003_29": null, "P11_003_30": null, "P11_003_31": null, "P11_003_32": null, "P11_003_33": null, "P11_003_34": null, "P11_003_35": null, "P11_004_01": "1", "P11_004_02": null, "P11_004_03": null, "P11_004_04": null, "P11_004_05": null, "P11_004_06": null, "P11_004_07": null, "P11_004_08": null, "P11_004_09": null, "P11_004_10": null, "P11_004_11": null, "P11_004_12": null, "P11_004_13": null, "P11_004_14": null, "P11_004_15": null, "P11_004_16": null, "P11_004_17": null, "P11_004_18": null, "P11_004_19": null, "P11_004_20": null, "P11_004_21": null, "P11_004_22": null, "P11_004_23": null, "P11_004_24": null, "P11_004_25": null, "P11_004_26": null, "P11_004_27": null, "P11_004_28": null, "P11_004_29": null, "P11_004_30": null, "P11_004_31": null, "P11_004_32": null, "P11_004_33": null, "P11_004_34": null, "P11_004_35": null, "P11_005": null, "nearest_node": "(139.40085059154524, 35.323065171669136)", "centrality": 0.0062606131021539007, "community": 18, "size": 11.478474240536311 }, "geometry": { "type": "Point", "coordinates": [ 139.400850591545236, 35.323065171669136 ] } },
{ "type": "Feature", "properties": { "P11_001": "仲町", "P11_002": "神奈川中央交通（株）", "P11_003_01": "茅33", "P11_003_02": null, "P11_003_03": null, "P11_003_04": null, "P11_003_05": null, "P11_003_06": null, "P11_003_07": null, "P11_003_08": null, "P11_003_09": null, "P11_003_10": null, "P11_003_11": null, "P11_003_12": null, "P11_003_13": null, "P11_003_14": null, "P11_003_15": null, "P11_003_16": null, "P11_003_17": null, "P11_003_18": null, "P11_003_19": null, "P11_003_20": null, "P11_003_21": null, "P11_003_22": null, "P11_003_23": null, "P11_003_24": null, "P11_003_25": null, "P11_003_26": null, "P11_003_27": null, "P11_003_28": null, "P11_003_29": null, "P11_003_30": null, "P11_003_31": null, "P11_003_32": null, "P11_003_33": null, "P11_003_34": null, "P11_003_35": null, "P11_004_01": "1", "P11_004_02": null, "P11_004_03": null, "P11_004_04": null, "P11_004_05": null, "P11_004_06": null, "P11_004_07": null, "P11_004_08": null, "P11_004_09": null, "P11_004_10": null, "P11_004_11": null, "P11_004_12": null, "P11_004_13": null, "P11_004_14": null, "P11_004_15": null, "P11_004_16": null, "P11_004_17": null, "P11_004_18": null, "P11_004_19": null, "P11_004_20": null, "P11_004_21": null, "P11_004_22": null, "P11_004_23": null, "P11_004_24": null, "P11_004_25": null, "P11_004_26": null, "P11_004_27": null, "P11_004_28": null, "P11_004_29": null, "P11_004_30": null, "P11_004_31": null, "P11_004_32": null, "P11_004_33": null, "P11_004_34": null, "P11_004_35": null, "P11_005": null, "nearest_node": "(139.39237399150372, 35.322907523702945)", "centrality": 0.066046084553586154, "community": 21, "size": 25.597104166549698 }, "geometry": { "type": "Point", "coordinates": [ 139.392373991503717, 35.322907523702945 ] } },
{ "type": "Feature", "properties": { "P11_001": "緑が浜", "P11_002": "神奈川中央交通（株）", "P11_003_01": "東部循環市立病院線【小和田・松浪コース】", "P11_003_02": null, "P11_003_03": null, "P11_003_04": null, "P11_003_05": null, "P11_003_06": null, "P11_003_07": null, "P11_003_08": null, "P11_003_09": null, "P11_003_10": null, "P11_003_11": null, "P11_003_12": null, "P11_003_13": null, "P11_003_14": null, "P11_003_15": null, "P11_003_16": null, "P11_003_17": null, "P11_003_18": null, "P11_003_19": null, "P11_003_20": null, "P11_003_21": null, "P11_003_22": null, "P11_003_23": null, "P11_003_24": null, "P11_003_25": null, "P11_003_26": null, "P11_003_27": null, "P11_003_28": null, "P11_003_29": null, "P11_003_30": null, "P11_003_31": null, "P11_003_32": null, "P11_003_33": null, "P11_003_34": null, "P11_003_35": null, "P11_004_01": "1", "P11_004_02": null, "P11_004_03": null, "P11_004_04": null, "P11_004_05": null, "P11_004_06": null, "P11_004_07": null, "P11_004_08": null, "P11_004_09": null, "P11_004_10": null, "P11_004_11": null, "P11_004_12": null, "P11_004_13": null, "P11_004_14": null, "P11_004_15": null, "P11_004_16": null, "P11_004_17": null, "P11_004_18": null, "P11_004_19": null, "P11_004_20": null, "P11_004_21": null, "P11_004_22": null, "P11_004_23": null, "P11_004_24": null, "P11_004_25": null, "P11_004_26": null, "P11_004_27": null, "P11_004_28": null, "P11_004_29": null, "P11_004_30": null, "P11_004_31": null, "P11_004_32": null, "P11_004_33": null, "P11_004_34": null, "P11_004_35": null, "P11_005": null, "nearest_node": "(139.4340874959385, 35.32288953500663)", "centrality": 0.0054339083027973899, "community": 22, "size": 11.28324388043694 }, "geometry": { "type": "Point", "coordinates": [ 139.434087495938513, 35.322889535006631 ] } },
{ "type": "Feature", "properties": { "P11_001": "東海岸", "P11_002": "神奈川中央交通（株）", "P11_003_01": "茅09,茅37", "P11_003_02": null, "P11_003_03": null, "P11_003_04": null, "P11_003_05": null, "P11_003_06": null, "P11_003_07": null, "P11_003_08": null, "P11_003_09": null, "P11_003_10": null, "P11_003_11": null, "P11_003_12": null, "P11_003_13": null, "P11_003_14": null, "P11_003_15": null, "P11_003_16": null, "P11_003_17": null, "P11_003_18": null, "P11_003_19": null, "P11_003_20": null, "P11_003_21": null, "P11_003_22": null, "P11_003_23": null, "P11_003_24": null, "P11_003_25": null, "P11_003_26": null, "P11_003_27": null, "P11_003_28": null, "P11_003_29": null, "P11_003_30": null, "P11_003_31": null, "P11_003_32": null, "P11_003_33": null, "P11_003_34": null, "P11_003_35": null, "P11_004_01": "1,1", "P11_004_02": null, "P11_004_03": null, "P11_004_04": null, "P11_004_05": null, "P11_004_06": null, "P11_004_07": null, "P11_004_08": null, "P11_004_09": null, "P11_004_10": null, "P11_004_11": null, "P11_004_12": null, "P11_004_13": null, "P11_004_14": null, "P11_004_15": null, "P11_004_16": null, "P11_004_17": null, "P11_004_18": null, "P11_004_19": null, "P11_004_20": null, "P11_004_21": null, "P11_004_22": null, "P11_004_23": null, "P11_004_24": null, "P11_004_25": null, "P11_004_26": null, "P11_004_27": null, "P11_004_28": null, "P11_004_29": null, "P11_004_30": null, "P11_004_31": null, "P11_004_32": null, "P11_004_33": null, "P11_004_34": null, "P11_004_35": null, "P11_005": null, "nearest_node": "(139.40822538434384, 35.32284271272011)", "centrality": 0.0046334197277087602, "community": 17, "size": 11.094204609234415 }, "geometry": { "type": "Point", "coordinates": [ 139.408225384343837, 35.32284271272011 ] } },
{ "type": "Feature", "properties": { "P11_001": "福祉会館", "P11_002": "神奈川中央交通（株）", "P11_003_01": "中海岸南湖循環私立病院線", "P11_003_02": null, "P11_003_03": null, "P11_003_04": null, "P11_003_05": null, "P11_003_06": null, "P11_003_07": null, "P11_003_08": null, "P11_003_09": null, "P11_003_10": null, "P11_003_11": null, "P11_003_12": null, "P11_003_13": null, "P11_003_14": null, "P11_003_15": null, "P11_003_16": null, "P11_003_17": null, "P11_003_18": null, "P11_003_19": null, "P11_003_20": null, "P11_003_21": null, "P11_003_22": null, "P11_003_23": null, "P11_003_24": null, "P11_003_25": null, "P11_003_26": null, "P11_003_27": null, "P11_003_28": null, "P11_003_29": null, "P11_003_30": null, "P11_003_31": null, "P11_003_32": null, "P11_003_33": null, "P11_003_34": null, "P11_003_35": null, "P11_004_01": "1", "P11_004_02": null, "P11_004_03": null, "P11_004_04": null, "P11_004_05": null, "P11_004_06": null, "P11_004_07": null, "P11_004_08": null, "P11_004_09": null, "P11_004_10": null, "P11_004_11": null, "P11_004_12": null, "P11_004_13": null, "P11_004_14": null, "P11_004_15": null, "P11_004_16": null, "P11_004_17": null, "P11_004_18": null, "P11_004_19": null, "P11_004_20": null, "P11_004_21": null, "P11_004_22": null, "P11_004_23": null, "P11_004_24": null, "P11_004_25": null, "P11_004_26": null, "P11_004_27": null, "P11_004_28": null, "P11_004_29": null, "P11_004_30": null, "P11_004_31": null, "P11_004_32": null, "P11_004_33": null, "P11_004_34": null, "P11_004_35": null, "P11_005": null, "nearest_node": "(139.40382838329634, 35.32269440970716)", "centrality": 1.7874698364465099e-05, "community": 17, "size": 10.004221196975122 }, "geometry": { "type": "Point", "coordinates": [ 139.403828383296343, 35.322694409707161 ] } },
{ "type": "Feature", "properties": { "P11_001": "菱沼海岸", "P11_002": "神奈川中央交通（株）", "P11_003_01": "東部循環市立病院線【松が丘コース】", "P11_003_02": null, "P11_003_03": null, "P11_003_04": null, "P11_003_05": null, "P11_003_06": null, "P11_003_07": null, "P11_003_08": null, "P11_003_09": null, "P11_003_10": null, "P11_003_11": null, "P11_003_12": null, "P11_003_13": null, "P11_003_14": null, "P11_003_15": null, "P11_003_16": null, "P11_003_17": null, "P11_003_18": null, "P11_003_19": null, "P11_003_20": null, "P11_003_21": null, "P11_003_22": null, "P11_003_23": null, "P11_003_24": null, "P11_003_25": null, "P11_003_26": null, "P11_003_27": null, "P11_003_28": null, "P11_003_29": null, "P11_003_30": null, "P11_003_31": null, "P11_003_32": null, "P11_003_33": null, "P11_003_34": null, "P11_003_35": null, "P11_004_01": "1", "P11_004_02": null, "P11_004_03": null, "P11_004_04": null, "P11_004_05": null, "P11_004_06": null, "P11_004_07": null, "P11_004_08": null, "P11_004_09": null, "P11_004_10": null, "P11_004_11": null, "P11_004_12": null, "P11_004_13": null, "P11_004_14": null, "P11_004_15": null, "P11_004_16": null, "P11_004_17": null, "P11_004_18": null, "P11_004_19": null, "P11_004_20": null, "P11_004_21": null, "P11_004_22": null, "P11_004_23": null, "P11_004_24": null, "P11_004_25": null, "P11_004_26": null, "P11_004_27": null, "P11_004_28": null, "P11_004_29": null, "P11_004_30": null, "P11_004_31": null, "P11_004_32": null, "P11_004_33": null, "P11_004_34": null, "P11_004_35": null, "P11_005": null, "nearest_node": "(139.41937791747196, 35.32265266202103)", "centrality": 0.01732058271516668, "community": 24, "size": 14.090339868892748 }, "geometry": { "type": "Point", "coordinates": [ 139.419377917471962, 35.322652662021028 ] } },
{ "type": "Feature", "properties": { "P11_001": "団地中央", "P11_002": "神奈川中央交通（株）", "P11_003_01": "茅31,茅35,茅33,茅37", "P11_003_02": null, "P11_003_03": null, "P11_003_04": null, "P11_003_05": null, "P11_003_06": null, "P11_003_07": null, "P11_003_08": null, "P11_003_09": null, "P11_003_10": null, "P11_003_11": null, "P11_003_12": null, "P11_003_13": null, "P11_003_14": null, "P11_003_15": null, "P11_003_16": null, "P11_003_17": null, "P11_003_18": null, "P11_003_19": null, "P11_003_20": null, "P11_003_21": null, "P11_003_22": null, "P11_003_23": null, "P11_003_24": null, "P11_003_25": null, "P11_003_26": null, "P11_003_27": null, "P11_003_28": null, "P11_003_29": null, "P11_003_30": null, "P11_003_31": null, "P11_003_32": null, "P11_003_33": null, "P11_003_34": null, "P11_003_35": null, "P11_004_01": "1,1,1,1", "P11_004_02": null, "P11_004_03": null, "P11_004_04": null, "P11_004_05": null, "P11_004_06": null, "P11_004_07": null, "P11_004_08": null, "P11_004_09": null, "P11_004_10": null, "P11_004_11": null, "P11_004_12": null, "P11_004_13": null, "P11_004_14": null, "P11_004_15": null, "P11_004_16": null, "P11_004_17": null, "P11_004_18": null, "P11_004_19": null, "P11_004_20": null, "P11_004_21": null, "P11_004_22": null, "P11_004_23": null, "P11_004_24": null, "P11_004_25": null, "P11_004_26": null, "P11_004_27": null, "P11_004_28": null, "P11_004_29": null, "P11_004_30": null, "P11_004_31": null, "P11_004_32": null, "P11_004_33": null, "P11_004_34": null, "P11_004_35": null, "P11_005": null, "nearest_node": "(139.38829420225875, 35.32249077160107)", "centrality": 0.09496189898016992, "community": 7, "size": 32.425714412265762 }, "geometry": { "type": "Point", "coordinates": [ 139.388294202258749, 35.322490771601068 ] } },
{ "type": "Feature", "properties": { "P11_001": "恵泉幼稚園前", "P11_002": "神奈川中央交通（株）", "P11_003_01": "中海岸南湖循環私立病院線", "P11_003_02": null, "P11_003_03": null, "P11_003_04": null, "P11_003_05": null, "P11_003_06": null, "P11_003_07": null, "P11_003_08": null, "P11_003_09": null, "P11_003_10": null, "P11_003_11": null, "P11_003_12": null, "P11_003_13": null, "P11_003_14": null, "P11_003_15": null, "P11_003_16": null, "P11_003_17": null, "P11_003_18": null, "P11_003_19": null, "P11_003_20": null, "P11_003_21": null, "P11_003_22": null, "P11_003_23": null, "P11_003_24": null, "P11_003_25": null, "P11_003_26": null, "P11_003_27": null, "P11_003_28": null, "P11_003_29": null, "P11_003_30": null, "P11_003_31": null, "P11_003_32": null, "P11_003_33": null, "P11_003_34": null, "P11_003_35": null, "P11_004_01": "1", "P11_004_02": null, "P11_004_03": null, "P11_004_04": null, "P11_004_05": null, "P11_004_06": null, "P11_004_07": null, "P11_004_08": null, "P11_004_09": null, "P11_004_10": null, "P11_004_11": null, "P11_004_12": null, "P11_004_13": null, "P11_004_14": null, "P11_004_15": null, "P11_004_16": null, "P11_004_17": null, "P11_004_18": null, "P11_004_19": null, "P11_004_20": null, "P11_004_21": null, "P11_004_22": null, "P11_004_23": null, "P11_004_24": null, "P11_004_25": null, "P11_004_26": null, "P11_004_27": null, "P11_004_28": null, "P11_004_29": null, "P11_004_30": null, "P11_004_31": null, "P11_004_32": null, "P11_004_33": null, "P11_004_34": null, "P11_004_35": null, "P11_005": null, "nearest_node": "(139.40474056534956, 35.32228198656007)", "centrality": 0.0038162481008132986, "community": 17, "size": 10.901225554188443 }, "geometry": { "type": "Point", "coordinates": [ 139.404740565349556, 35.322281986560071 ] } },
{ "type": "Feature", "properties": { "P11_001": "南湖東", "P11_002": "神奈川中央交通（株）", "P11_003_01": "中海岸南湖循環私立病院線", "P11_003_02": null, "P11_003_03": null, "P11_003_04": null, "P11_003_05": null, "P11_003_06": null, "P11_003_07": null, "P11_003_08": null, "P11_003_09": null, "P11_003_10": null, "P11_003_11": null, "P11_003_12": null, "P11_003_13": null, "P11_003_14": null, "P11_003_15": null, "P11_003_16": null, "P11_003_17": null, "P11_003_18": null, "P11_003_19": null, "P11_003_20": null, "P11_003_21": null, "P11_003_22": null, "P11_003_23": null, "P11_003_24": null, "P11_003_25": null, "P11_003_26": null, "P11_003_27": null, "P11_003_28": null, "P11_003_29": null, "P11_003_30": null, "P11_003_31": null, "P11_003_32": null, "P11_003_33": null, "P11_003_34": null, "P11_003_35": null, "P11_004_01": "1", "P11_004_02": null, "P11_004_03": null, "P11_004_04": null, "P11_004_05": null, "P11_004_06": null, "P11_004_07": null, "P11_004_08": null, "P11_004_09": null, "P11_004_10": null, "P11_004_11": null, "P11_004_12": null, "P11_004_13": null, "P11_004_14": null, "P11_004_15": null, "P11_004_16": null, "P11_004_17": null, "P11_004_18": null, "P11_004_19": null, "P11_004_20": null, "P11_004_21": null, "P11_004_22": null, "P11_004_23": null, "P11_004_24": null, "P11_004_25": null, "P11_004_26": null, "P11_004_27": null, "P11_004_28": null, "P11_004_29": null, "P11_004_30": null, "P11_004_31": null, "P11_004_32": null, "P11_004_33": null, "P11_004_34": null, "P11_004_35": null, "P11_005": null, "nearest_node": "(139.3968850885202, 35.32209315392841)", "centrality": 0.0082756874311079327, "community": 18, "size": 11.954343846198343 }, "geometry": { "type": "Point", "coordinates": [ 139.396885088520207, 35.322093153928407 ] } },
{ "type": "Feature", "properties": { "P11_001": "サザン通り北通り中央", "P11_002": "神奈川中央交通（株）", "P11_003_01": "中海岸南湖循環私立病院線", "P11_003_02": null, "P11_003_03": null, "P11_003_04": null, "P11_003_05": null, "P11_003_06": null, "P11_003_07": null, "P11_003_08": null, "P11_003_09": null, "P11_003_10": null, "P11_003_11": null, "P11_003_12": null, "P11_003_13": null, "P11_003_14": null, "P11_003_15": null, "P11_003_16": null, "P11_003_17": null, "P11_003_18": null, "P11_003_19": null, "P11_003_20": null, "P11_003_21": null, "P11_003_22": null, "P11_003_23": null, "P11_003_24": null, "P11_003_25": null, "P11_003_26": null, "P11_003_27": null, "P11_003_28": null, "P11_003_29": null, "P11_003_30": null, "P11_003_31": null, "P11_003_32": null, "P11_003_33": null, "P11_003_34": null, "P11_003_35": null, "P11_004_01": "1", "P11_004_02": null, "P11_004_03": null, "P11_004_04": null, "P11_004_05": null, "P11_004_06": null, "P11_004_07": null, "P11_004_08": null, "P11_004_09": null, "P11_004_10": null, "P11_004_11": null, "P11_004_12": null, "P11_004_13": null, "P11_004_14": null, "P11_004_15": null, "P11_004_16": null, "P11_004_17": null, "P11_004_18": null, "P11_004_19": null, "P11_004_20": null, "P11_004_21": null, "P11_004_22": null, "P11_004_23": null, "P11_004_24": null, "P11_004_25": null, "P11_004_26": null, "P11_004_27": null, "P11_004_28": null, "P11_004_29": null, "P11_004_30": null, "P11_004_31": null, "P11_004_32": null, "P11_004_33": null, "P11_004_34": null, "P11_004_35": null, "P11_005": null, "nearest_node": "(139.40029360762955, 35.32200955066)", "centrality": 0.0016966067864271454, "community": 18, "size": 10.40066194622195 }, "geometry": { "type": "Point", "coordinates": [ 139.40029360762955, 35.322009550659999 ] } },
{ "type": "Feature", "properties": { "P11_001": "浜見平団地", "P11_002": "神奈川中央交通（株）", "P11_003_01": "茅31,茅35,茅33,茅37", "P11_003_02": null, "P11_003_03": null, "P11_003_04": null, "P11_003_05": null, "P11_003_06": null, "P11_003_07": null, "P11_003_08": null, "P11_003_09": null, "P11_003_10": null, "P11_003_11": null, "P11_003_12": null, "P11_003_13": null, "P11_003_14": null, "P11_003_15": null, "P11_003_16": null, "P11_003_17": null, "P11_003_18": null, "P11_003_19": null, "P11_003_20": null, "P11_003_21": null, "P11_003_22": null, "P11_003_23": null, "P11_003_24": null, "P11_003_25": null, "P11_003_26": null, "P11_003_27": null, "P11_003_28": null, "P11_003_29": null, "P11_003_30": null, "P11_003_31": null, "P11_003_32": null, "P11_003_33": null, "P11_003_34": null, "P11_003_35": null, "P11_004_01": "1,1,1,1", "P11_004_02": null, "P11_004_03": null, "P11_004_04": null, "P11_004_05": null, "P11_004_06": null, "P11_004_07": null, "P11_004_08": null, "P11_004_09": null, "P11_004_10": null, "P11_004_11": null, "P11_004_12": null, "P11_004_13": null, "P11_004_14": null, "P11_004_15": null, "P11_004_16": null, "P11_004_17": null, "P11_004_18": null, "P11_004_19": null, "P11_004_20": null, "P11_004_21": null, "P11_004_22": null, "P11_004_23": null, "P11_004_24": null, "P11_004_25": null, "P11_004_26": null, "P11_004_27": null, "P11_004_28": null, "P11_004_29": null, "P11_004_30": null, "P11_004_31": null, "P11_004_32": null, "P11_004_33": null, "P11_004_34": null, "P11_004_35": null, "P11_005": null, "nearest_node": "(139.3832492345523, 35.32188902605803)", "centrality": 0.0036494175827449559, "community": 7, "size": 10.861827715753975 }, "geometry": { "type": "Point", "coordinates": [ 139.383249234552295, 35.321889026058031 ] } },
{ "type": "Feature", "properties": { "P11_001": "浜須賀", "P11_002": "（株）江ノ電バス", "P11_003_01": "J1,J2", "P11_003_02": null, "P11_003_03": null, "P11_003_04": null, "P11_003_05": null, "P11_003_06": null, "P11_003_07": null, "P11_003_08": null, "P11_003_09": null, "P11_003_10": null, "P11_003_11": null, "P11_003_12": null, "P11_003_13": null, "P11_003_14": null, "P11_003_15": null, "P11_003_16": null, "P11_003_17": null, "P11_003_18": null, "P11_003_19": null, "P11_003_20": null, "P11_003_21": null, "P11_003_22": null, "P11_003_23": null, "P11_003_24": null, "P11_003_25": null, "P11_003_26": null, "P11_003_27": null, "P11_003_28": null, "P11_003_29": null, "P11_003_30": null, "P11_003_31": null, "P11_003_32": null, "P11_003_33": null, "P11_003_34": null, "P11_003_35": null, "P11_004_01": "1,1", "P11_004_02": null, "P11_004_03": null, "P11_004_04": null, "P11_004_05": null, "P11_004_06": null, "P11_004_07": null, "P11_004_08": null, "P11_004_09": null, "P11_004_10": null, "P11_004_11": null, "P11_004_12": null, "P11_004_13": null, "P11_004_14": null, "P11_004_15": null, "P11_004_16": null, "P11_004_17": null, "P11_004_18": null, "P11_004_19": null, "P11_004_20": null, "P11_004_21": null, "P11_004_22": null, "P11_004_23": null, "P11_004_24": null, "P11_004_25": null, "P11_004_26": null, "P11_004_27": null, "P11_004_28": null, "P11_004_29": null, "P11_004_30": null, "P11_004_31": null, "P11_004_32": null, "P11_004_33": null, "P11_004_34": null, "P11_004_35": null, "P11_005": null, "nearest_node": "(139.43226860831064, 35.32169541388908)", "centrality": 0.0078708255131527977, "community": 22, "size": 11.858733734711841 }, "geometry": { "type": "Point", "coordinates": [ 139.432268608310636, 35.321695413889081 ] } },
{ "type": "Feature", "properties": { "P11_001": "ヨーロッパ村", "P11_002": "神奈川中央交通（株）", "P11_003_01": "中海岸南湖循環私立病院線", "P11_003_02": null, "P11_003_03": null, "P11_003_04": null, "P11_003_05": null, "P11_003_06": null, "P11_003_07": null, "P11_003_08": null, "P11_003_09": null, "P11_003_10": null, "P11_003_11": null, "P11_003_12": null, "P11_003_13": null, "P11_003_14": null, "P11_003_15": null, "P11_003_16": null, "P11_003_17": null, "P11_003_18": null, "P11_003_19": null, "P11_003_20": null, "P11_003_21": null, "P11_003_22": null, "P11_003_23": null, "P11_003_24": null, "P11_003_25": null, "P11_003_26": null, "P11_003_27": null, "P11_003_28": null, "P11_003_29": null, "P11_003_30": null, "P11_003_31": null, "P11_003_32": null, "P11_003_33": null, "P11_003_34": null, "P11_003_35": null, "P11_004_01": "1", "P11_004_02": null, "P11_004_03": null, "P11_004_04": null, "P11_004_05": null, "P11_004_06": null, "P11_004_07": null, "P11_004_08": null, "P11_004_09": null, "P11_004_10": null, "P11_004_11": null, "P11_004_12": null, "P11_004_13": null, "P11_004_14": null, "P11_004_15": null, "P11_004_16": null, "P11_004_17": null, "P11_004_18": null, "P11_004_19": null, "P11_004_20": null, "P11_004_21": null, "P11_004_22": null, "P11_004_23": null, "P11_004_24": null, "P11_004_25": null, "P11_004_26": null, "P11_004_27": null, "P11_004_28": null, "P11_004_29": null, "P11_004_30": null, "P11_004_31": null, "P11_004_32": null, "P11_004_33": null, "P11_004_34": null, "P11_004_35": null, "P11_005": null, "nearest_node": "(139.39609021531444, 35.32158406392045)", "centrality": 0.0028566747102809304, "community": 18, "size": 10.674617629907337 }, "geometry": { "type": "Point", "coordinates": [ 139.396090215314445, 35.321584063920447 ] } },
{ "type": "Feature", "properties": { "P11_001": "汐見台", "P11_002": "（株）江ノ電バス", "P11_003_01": "J1,J2", "P11_003_02": null, "P11_003_03": null, "P11_003_04": null, "P11_003_05": null, "P11_003_06": null, "P11_003_07": null, "P11_003_08": null, "P11_003_09": null, "P11_003_10": null, "P11_003_11": null, "P11_003_12": null, "P11_003_13": null, "P11_003_14": null, "P11_003_15": null, "P11_003_16": null, "P11_003_17": null, "P11_003_18": null, "P11_003_19": null, "P11_003_20": null, "P11_003_21": null, "P11_003_22": null, "P11_003_23": null, "P11_003_24": null, "P11_003_25": null, "P11_003_26": null, "P11_003_27": null, "P11_003_28": null, "P11_003_29": null, "P11_003_30": null, "P11_003_31": null, "P11_003_32": null, "P11_003_33": null, "P11_003_34": null, "P11_003_35": null, "P11_004_01": "1,1", "P11_004_02": null, "P11_004_03": null, "P11_004_04": null, "P11_004_05": null, "P11_004_06": null, "P11_004_07": null, "P11_004_08": null, "P11_004_09": null, "P11_004_10": null, "P11_004_11": null, "P11_004_12": null, "P11_004_13": null, "P11_004_14": null, "P11_004_15": null, "P11_004_16": null, "P11_004_17": null, "P11_004_18": null, "P11_004_19": null, "P11_004_20": null, "P11_004_21": null, "P11_004_22": null, "P11_004_23": null, "P11_004_24": null, "P11_004_25": null, "P11_004_26": null, "P11_004_27": null, "P11_004_28": null, "P11_004_29": null, "P11_004_30": null, "P11_004_31": null, "P11_004_32": null, "P11_004_33": null, "P11_004_34": null, "P11_004_35": null, "P11_005": null, "nearest_node": "(139.43418857264624, 35.321399420235885)", "centrality": 0.0026079184913754576, "community": 22, "size": 10.615872638670229 }, "geometry": { "type": "Point", "coordinates": [ 139.434188572646235, 35.321399420235885 ] } },
{ "type": "Feature", "properties": { "P11_001": "南湖6丁目", "P11_002": "神奈川中央交通（株）", "P11_003_01": "中海岸南湖循環私立病院線", "P11_003_02": null, "P11_003_03": null, "P11_003_04": null, "P11_003_05": null, "P11_003_06": null, "P11_003_07": null, "P11_003_08": null, "P11_003_09": null, "P11_003_10": null, "P11_003_11": null, "P11_003_12": null, "P11_003_13": null, "P11_003_14": null, "P11_003_15": null, "P11_003_16": null, "P11_003_17": null, "P11_003_18": null, "P11_003_19": null, "P11_003_20": null, "P11_003_21": null, "P11_003_22": null, "P11_003_23": null, "P11_003_24": null, "P11_003_25": null, "P11_003_26": null, "P11_003_27": null, "P11_003_28": null, "P11_003_29": null, "P11_003_30": null, "P11_003_31": null, "P11_003_32": null, "P11_003_33": null, "P11_003_34": null, "P11_003_35": null, "P11_004_01": "1", "P11_004_02": null, "P11_004_03": null, "P11_004_04": null, "P11_004_05": null, "P11_004_06": null, "P11_004_07": null, "P11_004_08": null, "P11_004_09": null, "P11_004_10": null, "P11_004_11": null, "P11_004_12": null, "P11_004_13": null, "P11_004_14": null, "P11_004_15": null, "P11_004_16": null, "P11_004_17": null, "P11_004_18": null, "P11_004_19": null, "P11_004_20": null, "P11_004_21": null, "P11_004_22": null, "P11_004_23": null, "P11_004_24": null, "P11_004_25": null, "P11_004_26": null, "P11_004_27": null, "P11_004_28": null, "P11_004_29": null, "P11_004_30": null, "P11_004_31": null, "P11_004_32": null, "P11_004_33": null, "P11_004_34": null, "P11_004_35": null, "P11_005": null, "nearest_node": "(139.39423783641342, 35.321222668949666)", "centrality": 0.00085023981886972314, "community": 18, "size": 10.200788269449946 }, "geometry": { "type": "Point", "coordinates": [ 139.394237836413424, 35.321222668949666 ] } },
{ "type": "Feature", "properties": { "P11_001": "開高健記念館", "P11_002": "神奈川中央交通（株）", "P11_003_01": "東部循環市立病院線【松が丘コース】", "P11_003_02": null, "P11_003_03": null, "P11_003_04": null, "P11_003_05": null, "P11_003_06": null, "P11_003_07": null, "P11_003_08": null, "P11_003_09": null, "P11_003_10": null, "P11_003_11": null, "P11_003_12": null, "P11_003_13": null, "P11_003_14": null, "P11_003_15": null, "P11_003_16": null, "P11_003_17": null, "P11_003_18": null, "P11_003_19": null, "P11_003_20": null, "P11_003_21": null, "P11_003_22": null, "P11_003_23": null, "P11_003_24": null, "P11_003_25": null, "P11_003_26": null, "P11_003_27": null, "P11_003_28": null, "P11_003_29": null, "P11_003_30": null, "P11_003_31": null, "P11_003_32": null, "P11_003_33": null, "P11_003_34": null, "P11_003_35": null, "P11_004_01": "1", "P11_004_02": null, "P11_004_03": null, "P11_004_04": null, "P11_004_05": null, "P11_004_06": null, "P11_004_07": null, "P11_004_08": null, "P11_004_09": null, "P11_004_10": null, "P11_004_11": null, "P11_004_12": null, "P11_004_13": null, "P11_004_14": null, "P11_004_15": null, "P11_004_16": null, "P11_004_17": null, "P11_004_18": null, "P11_004_19": null, "P11_004_20": null, "P11_004_21": null, "P11_004_22": null, "P11_004_23": null, "P11_004_24": null, "P11_004_25": null, "P11_004_26": null, "P11_004_27": null, "P11_004_28": null, "P11_004_29": null, "P11_004_30": null, "P11_004_31": null, "P11_004_32": null, "P11_004_33": null, "P11_004_34": null, "P11_004_35": null, "P11_005": null, "nearest_node": "(139.41893908700985, 35.32055538722243)", "centrality": 0.011582804540173384, "community": 24, "size": 12.735335639878741 }, "geometry": { "type": "Point", "coordinates": [ 139.418939087009846, 35.320555387222427 ] } },
{ "type": "Feature", "properties": { "P11_001": "東海岸南三丁目", "P11_002": "神奈川中央交通（株）", "P11_003_01": "茅09,茅37", "P11_003_02": null, "P11_003_03": null, "P11_003_04": null, "P11_003_05": null, "P11_003_06": null, "P11_003_07": null, "P11_003_08": null, "P11_003_09": null, "P11_003_10": null, "P11_003_11": null, "P11_003_12": null, "P11_003_13": null, "P11_003_14": null, "P11_003_15": null, "P11_003_16": null, "P11_003_17": null, "P11_003_18": null, "P11_003_19": null, "P11_003_20": null, "P11_003_21": null, "P11_003_22": null, "P11_003_23": null, "P11_003_24": null, "P11_003_25": null, "P11_003_26": null, "P11_003_27": null, "P11_003_28": null, "P11_003_29": null, "P11_003_30": null, "P11_003_31": null, "P11_003_32": null, "P11_003_33": null, "P11_003_34": null, "P11_003_35": null, "P11_004_01": "1,1", "P11_004_02": null, "P11_004_03": null, "P11_004_04": null, "P11_004_05": null, "P11_004_06": null, "P11_004_07": null, "P11_004_08": null, "P11_004_09": null, "P11_004_10": null, "P11_004_11": null, "P11_004_12": null, "P11_004_13": null, "P11_004_14": null, "P11_004_15": null, "P11_004_16": null, "P11_004_17": null, "P11_004_18": null, "P11_004_19": null, "P11_004_20": null, "P11_004_21": null, "P11_004_22": null, "P11_004_23": null, "P11_004_24": null, "P11_004_25": null, "P11_004_26": null, "P11_004_27": null, "P11_004_28": null, "P11_004_29": null, "P11_004_30": null, "P11_004_31": null, "P11_004_32": null, "P11_004_33": null, "P11_004_34": null, "P11_004_35": null, "P11_005": null, "nearest_node": "(139.40819013795885, 35.32039898172261)", "centrality": 0.0023249024339380944, "community": 17, "size": 10.549037019897472 }, "geometry": { "type": "Point", "coordinates": [ 139.408190137958854, 35.320398981722612 ] } },
{ "type": "Feature", "properties": { "P11_001": "西浜小学校前", "P11_002": "神奈川中央交通（株）", "P11_003_01": "中海岸南湖循環私立病院線", "P11_003_02": null, "P11_003_03": null, "P11_003_04": null, "P11_003_05": null, "P11_003_06": null, "P11_003_07": null, "P11_003_08": null, "P11_003_09": null, "P11_003_10": null, "P11_003_11": null, "P11_003_12": null, "P11_003_13": null, "P11_003_14": null, "P11_003_15": null, "P11_003_16": null, "P11_003_17": null, "P11_003_18": null, "P11_003_19": null, "P11_003_20": null, "P11_003_21": null, "P11_003_22": null, "P11_003_23": null, "P11_003_24": null, "P11_003_25": null, "P11_003_26": null, "P11_003_27": null, "P11_003_28": null, "P11_003_29": null, "P11_003_30": null, "P11_003_31": null, "P11_003_32": null, "P11_003_33": null, "P11_003_34": null, "P11_003_35": null, "P11_004_01": "1", "P11_004_02": null, "P11_004_03": null, "P11_004_04": null, "P11_004_05": null, "P11_004_06": null, "P11_004_07": null, "P11_004_08": null, "P11_004_09": null, "P11_004_10": null, "P11_004_11": null, "P11_004_12": null, "P11_004_13": null, "P11_004_14": null, "P11_004_15": null, "P11_004_16": null, "P11_004_17": null, "P11_004_18": null, "P11_004_19": null, "P11_004_20": null, "P11_004_21": null, "P11_004_22": null, "P11_004_23": null, "P11_004_24": null, "P11_004_25": null, "P11_004_26": null, "P11_004_27": null, "P11_004_28": null, "P11_004_29": null, "P11_004_30": null, "P11_004_31": null, "P11_004_32": null, "P11_004_33": null, "P11_004_34": null, "P11_004_35": null, "P11_005": null, "nearest_node": "(139.39488551020006, 35.320158473835775)", "centrality": 0.0039428605475615927, "community": 18, "size": 10.931125699428888 }, "geometry": { "type": "Point", "coordinates": [ 139.394885510200055, 35.320158473835775 ] } },
{ "type": "Feature", "properties": { "P11_001": "第一中学校前", "P11_002": "神奈川中央交通（株）", "P11_003_01": "茅09", "P11_003_02": null, "P11_003_03": null, "P11_003_04": null, "P11_003_05": null, "P11_003_06": null, "P11_003_07": null, "P11_003_08": null, "P11_003_09": null, "P11_003_10": null, "P11_003_11": null, "P11_003_12": null, "P11_003_13": null, "P11_003_14": null, "P11_003_15": null, "P11_003_16": null, "P11_003_17": null, "P11_003_18": null, "P11_003_19": null, "P11_003_20": null, "P11_003_21": null, "P11_003_22": null, "P11_003_23": null, "P11_003_24": null, "P11_003_25": null, "P11_003_26": null, "P11_003_27": null, "P11_003_28": null, "P11_003_29": null, "P11_003_30": null, "P11_003_31": null, "P11_003_32": null, "P11_003_33": null, "P11_003_34": null, "P11_003_35": null, "P11_004_01": "1", "P11_004_02": null, "P11_004_03": null, "P11_004_04": null, "P11_004_05": null, "P11_004_06": null, "P11_004_07": null, "P11_004_08": null, "P11_004_09": null, "P11_004_10": null, "P11_004_11": null, "P11_004_12": null, "P11_004_13": null, "P11_004_14": null, "P11_004_15": null, "P11_004_16": null, "P11_004_17": null, "P11_004_18": null, "P11_004_19": null, "P11_004_20": null, "P11_004_21": null, "P11_004_22": null, "P11_004_23": null, "P11_004_24": null, "P11_004_25": null, "P11_004_26": null, "P11_004_27": null, "P11_004_28": null, "P11_004_29": null, "P11_004_30": null, "P11_004_31": null, "P11_004_32": null, "P11_004_33": null, "P11_004_34": null, "P11_004_35": null, "P11_005": null, "nearest_node": "(139.41532566347104, 35.32004637210261)", "centrality": 0.039531682902851022, "community": 19, "size": 19.335599230178744 }, "geometry": { "type": "Point", "coordinates": [ 139.415325663471037, 35.32004637210261 ] } },
{ "type": "Feature", "properties": { "P11_001": "茅ヶ崎ゴルフ倶楽部前", "P11_002": "神奈川中央交通（株）", "P11_003_01": "東部循環市立病院線【松が丘コース】", "P11_003_02": null, "P11_003_03": null, "P11_003_04": null, "P11_003_05": null, "P11_003_06": null, "P11_003_07": null, "P11_003_08": null, "P11_003_09": null, "P11_003_10": null, "P11_003_11": null, "P11_003_12": null, "P11_003_13": null, "P11_003_14": null, "P11_003_15": null, "P11_003_16": null, "P11_003_17": null, "P11_003_18": null, "P11_003_19": null, "P11_003_20": null, "P11_003_21": null, "P11_003_22": null, "P11_003_23": null, "P11_003_24": null, "P11_003_25": null, "P11_003_26": null, "P11_003_27": null, "P11_003_28": null, "P11_003_29": null, "P11_003_30": null, "P11_003_31": null, "P11_003_32": null, "P11_003_33": null, "P11_003_34": null, "P11_003_35": null, "P11_004_01": "1", "P11_004_02": null, "P11_004_03": null, "P11_004_04": null, "P11_004_05": null, "P11_004_06": null, "P11_004_07": null, "P11_004_08": null, "P11_004_09": null, "P11_004_10": null, "P11_004_11": null, "P11_004_12": null, "P11_004_13": null, "P11_004_14": null, "P11_004_15": null, "P11_004_16": null, "P11_004_17": null, "P11_004_18": null, "P11_004_19": null, "P11_004_20": null, "P11_004_21": null, "P11_004_22": null, "P11_004_23": null, "P11_004_24": null, "P11_004_25": null, "P11_004_26": null, "P11_004_27": null, "P11_004_28": null, "P11_004_29": null, "P11_004_30": null, "P11_004_31": null, "P11_004_32": null, "P11_004_33": null, "P11_004_34": null, "P11_004_35": null, "P11_005": null, "nearest_node": "(139.4188268843363, 35.319926290438694)", "centrality": 0.0058092769684511573, "community": 24, "size": 11.371889016914492 }, "geometry": { "type": "Point", "coordinates": [ 139.419746487933224, 35.319926264835011 ] } },
{ "type": "Feature", "properties": { "P11_001": "サザン通り南", "P11_002": "神奈川中央交通（株）", "P11_003_01": "中海岸南湖循環私立病院線", "P11_003_02": null, "P11_003_03": null, "P11_003_04": null, "P11_003_05": null, "P11_003_06": null, "P11_003_07": null, "P11_003_08": null, "P11_003_09": null, "P11_003_10": null, "P11_003_11": null, "P11_003_12": null, "P11_003_13": null, "P11_003_14": null, "P11_003_15": null, "P11_003_16": null, "P11_003_17": null, "P11_003_18": null, "P11_003_19": null, "P11_003_20": null, "P11_003_21": null, "P11_003_22": null, "P11_003_23": null, "P11_003_24": null, "P11_003_25": null, "P11_003_26": null, "P11_003_27": null, "P11_003_28": null, "P11_003_29": null, "P11_003_30": null, "P11_003_31": null, "P11_003_32": null, "P11_003_33": null, "P11_003_34": null, "P11_003_35": null, "P11_004_01": "1", "P11_004_02": null, "P11_004_03": null, "P11_004_04": null, "P11_004_05": null, "P11_004_06": null, "P11_004_07": null, "P11_004_08": null, "P11_004_09": null, "P11_004_10": null, "P11_004_11": null, "P11_004_12": null, "P11_004_13": null, "P11_004_14": null, "P11_004_15": null, "P11_004_16": null, "P11_004_17": null, "P11_004_18": null, "P11_004_19": null, "P11_004_20": null, "P11_004_21": null, "P11_004_22": null, "P11_004_23": null, "P11_004_24": null, "P11_004_25": null, "P11_004_26": null, "P11_004_27": null, "P11_004_28": null, "P11_004_29": null, "P11_004_30": null, "P11_004_31": null, "P11_004_32": null, "P11_004_33": null, "P11_004_34": null, "P11_004_35": null, "P11_005": null, "nearest_node": "(139.3997490275454, 35.319880812862415)", "centrality": 0.0021732654094795481, "community": 18, "size": 10.513227198891858 }, "geometry": { "type": "Point", "coordinates": [ 139.399749027545397, 35.319880812862415 ] } },
{ "type": "Feature", "properties": { "P11_001": "茅ヶ崎公園野球場", "P11_002": "神奈川中央交通（株）", "P11_003_01": "茅37", "P11_003_02": null, "P11_003_03": null, "P11_003_04": null, "P11_003_05": null, "P11_003_06": null, "P11_003_07": null, "P11_003_08": null, "P11_003_09": null, "P11_003_10": null, "P11_003_11": null, "P11_003_12": null, "P11_003_13": null, "P11_003_14": null, "P11_003_15": null, "P11_003_16": null, "P11_003_17": null, "P11_003_18": null, "P11_003_19": null, "P11_003_20": null, "P11_003_21": null, "P11_003_22": null, "P11_003_23": null, "P11_003_24": null, "P11_003_25": null, "P11_003_26": null, "P11_003_27": null, "P11_003_28": null, "P11_003_29": null, "P11_003_30": null, "P11_003_31": null, "P11_003_32": null, "P11_003_33": null, "P11_003_34": null, "P11_003_35": null, "P11_004_01": "1", "P11_004_02": null, "P11_004_03": null, "P11_004_04": null, "P11_004_05": null, "P11_004_06": null, "P11_004_07": null, "P11_004_08": null, "P11_004_09": null, "P11_004_10": null, "P11_004_11": null, "P11_004_12": null, "P11_004_13": null, "P11_004_14": null, "P11_004_15": null, "P11_004_16": null, "P11_004_17": null, "P11_004_18": null, "P11_004_19": null, "P11_004_20": null, "P11_004_21": null, "P11_004_22": null, "P11_004_23": null, "P11_004_24": null, "P11_004_25": null, "P11_004_26": null, "P11_004_27": null, "P11_004_28": null, "P11_004_29": null, "P11_004_30": null, "P11_004_31": null, "P11_004_32": null, "P11_004_33": null, "P11_004_34": null, "P11_004_35": null, "P11_005": null, "nearest_node": "(139.4041460455381, 35.31873260327862)", "centrality": 0.032184288140137636, "community": 18, "size": 17.600476213555044 }, "geometry": { "type": "Point", "coordinates": [ 139.404146045538113, 35.318732603278619 ] } },
{ "type": "Feature", "properties": { "P11_001": "西浜高校前", "P11_002": "神奈川中央交通（株）", "P11_003_01": "茅37", "P11_003_02": null, "P11_003_03": null, "P11_003_04": null, "P11_003_05": null, "P11_003_06": null, "P11_003_07": null, "P11_003_08": null, "P11_003_09": null, "P11_003_10": null, "P11_003_11": null, "P11_003_12": null, "P11_003_13": null, "P11_003_14": null, "P11_003_15": null, "P11_003_16": null, "P11_003_17": null, "P11_003_18": null, "P11_003_19": null, "P11_003_20": null, "P11_003_21": null, "P11_003_22": null, "P11_003_23": null, "P11_003_24": null, "P11_003_25": null, "P11_003_26": null, "P11_003_27": null, "P11_003_28": null, "P11_003_29": null, "P11_003_30": null, "P11_003_31": null, "P11_003_32": null, "P11_003_33": null, "P11_003_34": null, "P11_003_35": null, "P11_004_01": "1", "P11_004_02": null, "P11_004_03": null, "P11_004_04": null, "P11_004_05": null, "P11_004_06": null, "P11_004_07": null, "P11_004_08": null, "P11_004_09": null, "P11_004_10": null, "P11_004_11": null, "P11_004_12": null, "P11_004_13": null, "P11_004_14": null, "P11_004_15": null, "P11_004_16": null, "P11_004_17": null, "P11_004_18": null, "P11_004_19": null, "P11_004_20": null, "P11_004_21": null, "P11_004_22": null, "P11_004_23": null, "P11_004_24": null, "P11_004_25": null, "P11_004_26": null, "P11_004_27": null, "P11_004_28": null, "P11_004_29": null, "P11_004_30": null, "P11_004_31": null, "P11_004_32": null, "P11_004_33": null, "P11_004_34": null, "P11_004_35": null, "P11_005": null, "nearest_node": "(139.38683611660537, 35.318684718081855)", "centrality": 0.020736735484255368, "community": 18, "size": 14.897080964121388 }, "geometry": { "type": "Point", "coordinates": [ 139.386836116605366, 35.318684718081855 ] } },
{ "type": "Feature", "properties": { "P11_001": "市営プール前", "P11_002": "神奈川中央交通（株）", "P11_003_01": "茅37", "P11_003_02": null, "P11_003_03": null, "P11_003_04": null, "P11_003_05": null, "P11_003_06": null, "P11_003_07": null, "P11_003_08": null, "P11_003_09": null, "P11_003_10": null, "P11_003_11": null, "P11_003_12": null, "P11_003_13": null, "P11_003_14": null, "P11_003_15": null, "P11_003_16": null, "P11_003_17": null, "P11_003_18": null, "P11_003_19": null, "P11_003_20": null, "P11_003_21": null, "P11_003_22": null, "P11_003_23": null, "P11_003_24": null, "P11_003_25": null, "P11_003_26": null, "P11_003_27": null, "P11_003_28": null, "P11_003_29": null, "P11_003_30": null, "P11_003_31": null, "P11_003_32": null, "P11_003_33": null, "P11_003_34": null, "P11_003_35": null, "P11_004_01": "1", "P11_004_02": null, "P11_004_03": null, "P11_004_04": null, "P11_004_05": null, "P11_004_06": null, "P11_004_07": null, "P11_004_08": null, "P11_004_09": null, "P11_004_10": null, "P11_004_11": null, "P11_004_12": null, "P11_004_13": null, "P11_004_14": null, "P11_004_15": null, "P11_004_16": null, "P11_004_17": null, "P11_004_18": null, "P11_004_19": null, "P11_004_20": null, "P11_004_21": null, "P11_004_22": null, "P11_004_23": null, "P11_004_24": null, "P11_004_25": null, "P11_004_26": null, "P11_004_27": null, "P11_004_28": null, "P11_004_29": null, "P11_004_30": null, "P11_004_31": null, "P11_004_32": null, "P11_004_33": null, "P11_004_34": null, "P11_004_35": null, "P11_005": null, "nearest_node": "(139.40157746961333, 35.31866790706495)", "centrality": 0.030340215092203658, "community": 18, "size": 17.164989392288341 }, "geometry": { "type": "Point", "coordinates": [ 139.401577469613329, 35.318667907064949 ] } },
{ "type": "Feature", "properties": { "P11_001": "茅ヶ崎駅入口", "P11_002": "神奈川中央交通（株）", "P11_003_01": "茅09,茅37", "P11_003_02": null, "P11_003_03": null, "P11_003_04": null, "P11_003_05": null, "P11_003_06": null, "P11_003_07": null, "P11_003_08": null, "P11_003_09": null, "P11_003_10": null, "P11_003_11": null, "P11_003_12": null, "P11_003_13": null, "P11_003_14": null, "P11_003_15": null, "P11_003_16": null, "P11_003_17": null, "P11_003_18": null, "P11_003_19": null, "P11_003_20": null, "P11_003_21": null, "P11_003_22": null, "P11_003_23": null, "P11_003_24": null, "P11_003_25": null, "P11_003_26": null, "P11_003_27": null, "P11_003_28": null, "P11_003_29": null, "P11_003_30": null, "P11_003_31": null, "P11_003_32": null, "P11_003_33": null, "P11_003_34": null, "P11_003_35": null, "P11_004_01": "1,1", "P11_004_02": null, "P11_004_03": null, "P11_004_04": null, "P11_004_05": null, "P11_004_06": null, "P11_004_07": null, "P11_004_08": null, "P11_004_09": null, "P11_004_10": null, "P11_004_11": null, "P11_004_12": null, "P11_004_13": null, "P11_004_14": null, "P11_004_15": null, "P11_004_16": null, "P11_004_17": null, "P11_004_18": null, "P11_004_19": null, "P11_004_20": null, "P11_004_21": null, "P11_004_22": null, "P11_004_23": null, "P11_004_24": null, "P11_004_25": null, "P11_004_26": null, "P11_004_27": null, "P11_004_28": null, "P11_004_29": null, "P11_004_30": null, "P11_004_31": null, "P11_004_32": null, "P11_004_33": null, "P11_004_34": null, "P11_004_35": null, "P11_005": null, "nearest_node": "(139.4081569558048, 35.31865842083203)", "centrality": 0.036932701760657792, "community": 18, "size": 18.721837189996073 }, "geometry": { "type": "Point", "coordinates": [ 139.408156955804799, 35.31865842083203 ] } },
{ "type": "Feature", "properties": { "P11_001": "菱沼海岸南", "P11_002": "神奈川中央交通（株）", "P11_003_01": "東部循環市立病院線【松が丘コース】", "P11_003_02": null, "P11_003_03": null, "P11_003_04": null, "P11_003_05": null, "P11_003_06": null, "P11_003_07": null, "P11_003_08": null, "P11_003_09": null, "P11_003_10": null, "P11_003_11": null, "P11_003_12": null, "P11_003_13": null, "P11_003_14": null, "P11_003_15": null, "P11_003_16": null, "P11_003_17": null, "P11_003_18": null, "P11_003_19": null, "P11_003_20": null, "P11_003_21": null, "P11_003_22": null, "P11_003_23": null, "P11_003_24": null, "P11_003_25": null, "P11_003_26": null, "P11_003_27": null, "P11_003_28": null, "P11_003_29": null, "P11_003_30": null, "P11_003_31": null, "P11_003_32": null, "P11_003_33": null, "P11_003_34": null, "P11_003_35": null, "P11_004_01": "1", "P11_004_02": null, "P11_004_03": null, "P11_004_04": null, "P11_004_05": null, "P11_004_06": null, "P11_004_07": null, "P11_004_08": null, "P11_004_09": null, "P11_004_10": null, "P11_004_11": null, "P11_004_12": null, "P11_004_13": null, "P11_004_14": null, "P11_004_15": null, "P11_004_16": null, "P11_004_17": null, "P11_004_18": null, "P11_004_19": null, "P11_004_20": null, "P11_004_21": null, "P11_004_22": null, "P11_004_23": null, "P11_004_24": null, "P11_004_25": null, "P11_004_26": null, "P11_004_27": null, "P11_004_28": null, "P11_004_29": null, "P11_004_30": null, "P11_004_31": null, "P11_004_32": null, "P11_004_33": null, "P11_004_34": null, "P11_004_35": null, "P11_005": null, "nearest_node": "(139.41858778802506, 35.3186486764093)", "centrality": 0.0, "community": 24, "size": 10.0 }, "geometry": { "type": "Point", "coordinates": [ 139.418587788025064, 35.318648676409303 ] } },
{ "type": "Feature", "properties": { "P11_001": "サザンビーチ入口", "P11_002": "神奈川中央交通（株）", "P11_003_01": "中海岸南湖循環私立病院線", "P11_003_02": null, "P11_003_03": null, "P11_003_04": null, "P11_003_05": null, "P11_003_06": null, "P11_003_07": null, "P11_003_08": null, "P11_003_09": null, "P11_003_10": null, "P11_003_11": null, "P11_003_12": null, "P11_003_13": null, "P11_003_14": null, "P11_003_15": null, "P11_003_16": null, "P11_003_17": null, "P11_003_18": null, "P11_003_19": null, "P11_003_20": null, "P11_003_21": null, "P11_003_22": null, "P11_003_23": null, "P11_003_24": null, "P11_003_25": null, "P11_003_26": null, "P11_003_27": null, "P11_003_28": null, "P11_003_29": null, "P11_003_30": null, "P11_003_31": null, "P11_003_32": null, "P11_003_33": null, "P11_003_34": null, "P11_003_35": null, "P11_004_01": "1", "P11_004_02": null, "P11_004_03": null, "P11_004_04": null, "P11_004_05": null, "P11_004_06": null, "P11_004_07": null, "P11_004_08": null, "P11_004_09": null, "P11_004_10": null, "P11_004_11": null, "P11_004_12": null, "P11_004_13": null, "P11_004_14": null, "P11_004_15": null, "P11_004_16": null, "P11_004_17": null, "P11_004_18": null, "P11_004_19": null, "P11_004_20": null, "P11_004_21": null, "P11_004_22": null, "P11_004_23": null, "P11_004_24": null, "P11_004_25": null, "P11_004_26": null, "P11_004_27": null, "P11_004_28": null, "P11_004_29": null, "P11_004_30": null, "P11_004_31": null, "P11_004_32": null, "P11_004_33": null, "P11_004_34": null, "P11_004_35": null, "P11_005": null, "nearest_node": "(139.3993516302957, 35.31857543394498)", "centrality": 0.031910209431882497, "community": 18, "size": 17.535751193269846 }, "geometry": { "type": "Point", "coordinates": [ 139.399351630295712, 35.318575433944979 ] } },
{ "type": "Feature", "properties": { "P11_001": "海水浴場前", "P11_002": "神奈川中央交通（株）", "P11_003_01": "茅37", "P11_003_02": null, "P11_003_03": null, "P11_003_04": null, "P11_003_05": null, "P11_003_06": null, "P11_003_07": null, "P11_003_08": null, "P11_003_09": null, "P11_003_10": null, "P11_003_11": null, "P11_003_12": null, "P11_003_13": null, "P11_003_14": null, "P11_003_15": null, "P11_003_16": null, "P11_003_17": null, "P11_003_18": null, "P11_003_19": null, "P11_003_20": null, "P11_003_21": null, "P11_003_22": null, "P11_003_23": null, "P11_003_24": null, "P11_003_25": null, "P11_003_26": null, "P11_003_27": null, "P11_003_28": null, "P11_003_29": null, "P11_003_30": null, "P11_003_31": null, "P11_003_32": null, "P11_003_33": null, "P11_003_34": null, "P11_003_35": null, "P11_004_01": "1", "P11_004_02": null, "P11_004_03": null, "P11_004_04": null, "P11_004_05": null, "P11_004_06": null, "P11_004_07": null, "P11_004_08": null, "P11_004_09": null, "P11_004_10": null, "P11_004_11": null, "P11_004_12": null, "P11_004_13": null, "P11_004_14": null, "P11_004_15": null, "P11_004_16": null, "P11_004_17": null, "P11_004_18": null, "P11_004_19": null, "P11_004_20": null, "P11_004_21": null, "P11_004_22": null, "P11_004_23": null, "P11_004_24": null, "P11_004_25": null, "P11_004_26": null, "P11_004_27": null, "P11_004_28": null, "P11_004_29": null, "P11_004_30": null, "P11_004_31": null, "P11_004_32": null, "P11_004_33": null, "P11_004_34": null, "P11_004_35": null, "P11_005": null, "nearest_node": "(139.39856922637736, 35.318520168425174)", "centrality": 0.025974320016683053, "community": 18, "size": 16.133962031114912 }, "geometry": { "type": "Point", "coordinates": [ 139.398569226377361, 35.318520168425174 ] } },
{ "type": "Feature", "properties": { "P11_001": "ヘッドランド入口", "P11_002": "神奈川中央交通（株）", "P11_003_01": "茅09", "P11_003_02": null, "P11_003_03": null, "P11_003_04": null, "P11_003_05": null, "P11_003_06": null, "P11_003_07": null, "P11_003_08": null, "P11_003_09": null, "P11_003_10": null, "P11_003_11": null, "P11_003_12": null, "P11_003_13": null, "P11_003_14": null, "P11_003_15": null, "P11_003_16": null, "P11_003_17": null, "P11_003_18": null, "P11_003_19": null, "P11_003_20": null, "P11_003_21": null, "P11_003_22": null, "P11_003_23": null, "P11_003_24": null, "P11_003_25": null, "P11_003_26": null, "P11_003_27": null, "P11_003_28": null, "P11_003_29": null, "P11_003_30": null, "P11_003_31": null, "P11_003_32": null, "P11_003_33": null, "P11_003_34": null, "P11_003_35": null, "P11_004_01": "1", "P11_004_02": null, "P11_004_03": null, "P11_004_04": null, "P11_004_05": null, "P11_004_06": null, "P11_004_07": null, "P11_004_08": null, "P11_004_09": null, "P11_004_10": null, "P11_004_11": null, "P11_004_12": null, "P11_004_13": null, "P11_004_14": null, "P11_004_15": null, "P11_004_16": null, "P11_004_17": null, "P11_004_18": null, "P11_004_19": null, "P11_004_20": null, "P11_004_21": null, "P11_004_22": null, "P11_004_23": null, "P11_004_24": null, "P11_004_25": null, "P11_004_26": null, "P11_004_27": null, "P11_004_28": null, "P11_004_29": null, "P11_004_30": null, "P11_004_31": null, "P11_004_32": null, "P11_004_33": null, "P11_004_34": null, "P11_004_35": null, "P11_005": null, "nearest_node": "(139.41398482032426, 35.318221658322194)", "centrality": 0.036472130366133407, "community": 19, "size": 18.613071014603776 }, "geometry": { "type": "Point", "coordinates": [ 139.413984820324259, 35.318221658322194 ] } },
{ "type": "Feature", "properties": { "P11_001": "西浜", "P11_002": "神奈川中央交通（株）", "P11_003_01": "茅37,中海岸南湖循環私立病院線", "P11_003_02": null, "P11_003_03": null, "P11_003_04": null, "P11_003_05": null, "P11_003_06": null, "P11_003_07": null, "P11_003_08": null, "P11_003_09": null, "P11_003_10": null, "P11_003_11": null, "P11_003_12": null, "P11_003_13": null, "P11_003_14": null, "P11_003_15": null, "P11_003_16": null, "P11_003_17": null, "P11_003_18": null, "P11_003_19": null, "P11_003_20": null, "P11_003_21": null, "P11_003_22": null, "P11_003_23": null, "P11_003_24": null, "P11_003_25": null, "P11_003_26": null, "P11_003_27": null, "P11_003_28": null, "P11_003_29": null, "P11_003_30": null, "P11_003_31": null, "P11_003_32": null, "P11_003_33": null, "P11_003_34": null, "P11_003_35": null, "P11_004_01": "1,1", "P11_004_02": null, "P11_004_03": null, "P11_004_04": null, "P11_004_05": null, "P11_004_06": null, "P11_004_07": null, "P11_004_08": null, "P11_004_09": null, "P11_004_10": null, "P11_004_11": null, "P11_004_12": null, "P11_004_13": null, "P11_004_14": null, "P11_004_15": null, "P11_004_16": null, "P11_004_17": null, "P11_004_18": null, "P11_004_19": null, "P11_004_20": null, "P11_004_21": null, "P11_004_22": null, "P11_004_23": null, "P11_004_24": null, "P11_004_25": null, "P11_004_26": null, "P11_004_27": null, "P11_004_28": null, "P11_004_29": null, "P11_004_30": null, "P11_004_31": null, "P11_004_32": null, "P11_004_33": null, "P11_004_34": null, "P11_004_35": null, "P11_005": null, "nearest_node": "(139.39612447284605, 35.3181118691545)", "centrality": 0.02763070873179015, "community": 18, "size": 16.525126284142836 }, "geometry": { "type": "Point", "coordinates": [ 139.396124472846054, 35.3181118691545 ] } },
{ "type": "Feature", "properties": { "P11_001": "南湖入口", "P11_002": "神奈川中央交通（株）", "P11_003_01": "茅37", "P11_003_02": null, "P11_003_03": null, "P11_003_04": null, "P11_003_05": null, "P11_003_06": null, "P11_003_07": null, "P11_003_08": null, "P11_003_09": null, "P11_003_10": null, "P11_003_11": null, "P11_003_12": null, "P11_003_13": null, "P11_003_14": null, "P11_003_15": null, "P11_003_16": null, "P11_003_17": null, "P11_003_18": null, "P11_003_19": null, "P11_003_20": null, "P11_003_21": null, "P11_003_22": null, "P11_003_23": null, "P11_003_24": null, "P11_003_25": null, "P11_003_26": null, "P11_003_27": null, "P11_003_28": null, "P11_003_29": null, "P11_003_30": null, "P11_003_31": null, "P11_003_32": null, "P11_003_33": null, "P11_003_34": null, "P11_003_35": null, "P11_004_01": "1", "P11_004_02": null, "P11_004_03": null, "P11_004_04": null, "P11_004_05": null, "P11_004_06": null, "P11_004_07": null, "P11_004_08": null, "P11_004_09": null, "P11_004_10": null, "P11_004_11": null, "P11_004_12": null, "P11_004_13": null, "P11_004_14": null, "P11_004_15": null, "P11_004_16": null, "P11_004_17": null, "P11_004_18": null, "P11_004_19": null, "P11_004_20": null, "P11_004_21": null, "P11_004_22": null, "P11_004_23": null, "P11_004_24": null, "P11_004_25": null, "P11_004_26": null, "P11_004_27": null, "P11_004_28": null, "P11_004_29": null, "P11_004_30": null, "P11_004_31": null, "P11_004_32": null, "P11_004_33": null, "P11_004_34": null, "P11_004_35": null, "P11_005": null, "nearest_node": "(139.39046580974423, 35.317390061873716)", "centrality": 0.020146870438228017, "community": 18, "size": 14.757781463942377 }, "geometry": { "type": "Point", "coordinates": [ 139.390465809744228, 35.317390061873716 ] } }
]
}
