KEY_CODE,HTKSYORI,HTKSAKI,GASSAN,T001101001,T001101002,T001101003,T001101004,T001101005,T001101006,T001101007,T001101008,T001101009,T001101010,T001101011,T001101012,T001101013,T001101014,T001101015,T001101016,T001101017,T001101018,T001101019,T001101020,T001101021,T001101022,T001101023,T001101024,T001101025,T001101026,T001101027,T001101028,T001101029,T001101030,T001101031,T001101032,T001101033,T001101034,T001101035,T001101036,T001101037,T001101038,T001101039,T001101040,T001101041,T001101042,T001101043,T001101044,T001101045,T001101046,T001101047,T001101048,T001101049,T001101050
,,,,Å@êlå˚ÅiëçêîÅj,Å@êlå˚ÅiëçêîÅjÅ@íj,Å@êlå˚ÅiëçêîÅjÅ@èó,Å@ÇOÅ`ÇPÇSçŒêlå˚Å@ëçêî,Å@ÇOÅ`ÇPÇSçŒêlå˚Å@íj,Å@ÇOÅ`ÇPÇSçŒêlå˚Å@èó,Å@ÇPÇTçŒà»è„êlå˚Å@ëçêî,Å@ÇPÇTçŒà»è„êlå˚Å@íj,Å@ÇPÇTçŒà»è„êlå˚Å@èó,Å@ÇPÇTÅ`ÇUÇSçŒêlå˚Å@ëçêî,Å@ÇPÇTÅ`ÇUÇSçŒêlå˚Å@íj,Å@ÇPÇTÅ`ÇUÇSçŒêlå˚Å@èó,Å@ÇPÇWçŒà»è„êlå˚Å@ëçêî,Å@ÇPÇWçŒà»è„êlå˚Å@íj,Å@ÇPÇWçŒà»è„êlå˚Å@èó,Å@ÇQÇOçŒà»è„êlå˚Å@ëçêî,Å@ÇQÇOçŒà»è„êlå˚Å@íj,Å@ÇQÇOçŒà»è„êlå˚Å@èó,Å@ÇUÇTçŒà»è„êlå˚Å@ëçêî,Å@ÇUÇTçŒà»è„êlå˚Å@íj,Å@ÇUÇTçŒà»è„êlå˚Å@èó,Å@ÇVÇTçŒà»è„êlå˚Å@ëçêî,Å@ÇVÇTçŒà»è„êlå˚Å@íj,Å@ÇVÇTçŒà»è„êlå˚Å@èó,Å@ÇWÇTçŒà»è„êlå˚Å@ëçêî,Å@ÇWÇTçŒà»è„êlå˚Å@íj,Å@ÇWÇTçŒà»è„êlå˚Å@èó,Å@ÇXÇTçŒà»è„êlå˚Å@ëçêî,Å@ÇXÇTçŒà»è„êlå˚Å@íj,Å@ÇXÇTçŒà»è„êlå˚Å@èó,Å@äOçëêlêlå˚Å@ëçêî,Å@äOçëêlêlå˚Å@íj,Å@äOçëêlêlå˚Å@èó,Å@ê¢ë—ëçêî,Å@àÍî ê¢ë—êî,Å@ÇPêlê¢ë—êîÅ@àÍî ê¢ë—êî,Å@ÇQêlê¢ë—êîÅ@àÍî ê¢ë—êî,Å@ÇRêlê¢ë—êîÅ@àÍî ê¢ë—êî,Å@ÇSêlê¢ë—êîÅ@àÍî ê¢ë—êî,Å@ÇTêlê¢ë—êîÅ@àÍî ê¢ë—êî,Å@ÇUêlê¢ë—êîÅ@àÍî ê¢ë—êî,Å@ÇVêlà»è„ê¢ë—êîÅ@àÍî ê¢ë—êî,Å@êeë∞ÇÃÇ›ÇÃê¢ë—êîÅ@àÍî ê¢ë—êî,Å@äjâ∆ë∞ê¢ë—êîÅ@àÍî ê¢ë—êî,Å@äjâ∆ë∞à»äOÇÃê¢ë—êîÅ@àÍî ê¢ë—êî,Å@ÇUçŒñ¢ñûê¢ë—àıÇÃÇ¢ÇÈê¢ë—êîÅ@àÍî ê¢ë—êî,Å@ÇUÇTçŒà»è„ê¢ë—àıÇÃÇ¢ÇÈê¢ë—êîÅ@àÍî ê¢ë—êî,Å@ê¢ë—éÂÇÃîNóÓÇ™ÇQÇOÅ`ÇQÇXçŒÇÃÇPêlê¢ë—êîÅ@àÍî ê¢ë—êî,Å@çÇóÓíPêgê¢ë—êîÅ@àÍî ê¢ë—êî,Å@çÇóÓïvïwê¢ë—êîÅ@àÍî ê¢ë—êî
533700002,0,,,53,25,28,1,0,1,52,25,27,30,17,13,50,25,25,47,23,24,22,8,14,12,4,8,3,2,1,0,0,0,0,0,0,20,20,5,6,3,4,1,1,0,15,10,5,0,15,0,5,3
533700004,1,,533700102;533700103,49,19,30,3,1,2,57,26,31,29,14,15,55,25,30,53,25,28,28,12,16,14,5,9,2,1,1,1,0,1,1,1,0,15,15,5,7,3,5,0,2,0,17,11,6,0,19,0,4,2
533700011,0,,,20,7,13,0,0,0,20,7,13,7,2,5,20,7,13,20,7,13,13,5,8,7,3,4,2,0,2,0,0,0,0,0,0,10,10,1,8,1,0,0,0,0,9,9,0,0,8,0,1,5
533700033,2,533700241,,6,2,4,*,*,*,*,*,*,*,*,*,*,*,*,*,*,*,*,*,*,*,*,*,*,*,*,*,*,*,*,*,*,3,3,*,*,*,*,*,*,*,*,*,*,*,*,*,*,*
533700063,0,,,8,4,4,0,0,0,8,4,4,4,2,2,8,4,4,8,4,4,4,2,2,4,2,2,2,1,1,0,0,0,0,0,0,4,4,2,1,0,1,0,0,0,2,2,0,0,3,0,2,1
533700064,0,,,14,8,6,4,3,1,10,5,5,7,4,3,10,5,5,10,5,5,3,1,2,2,1,1,0,0,0,0,0,0,0,0,0,4,4,1,1,0,1,0,0,1,3,2,1,2,2,0,1,1
533700071,0,,,364,180,184,35,17,18,329,163,166,248,122,126,317,155,162,309,149,160,81,41,40,24,11,13,4,2,2,1,1,0,3,1,2,131,131,14,49,33,26,6,2,1,117,103,14,9,54,0,6,18
533700072,0,,,132,68,64,48,28,20,84,40,44,80,39,41,78,38,40,77,38,39,4,1,3,2,1,1,1,0,1,0,0,0,0,0,0,39,39,4,3,11,18,2,0,1,35,34,1,5,2,0,0,0
533700073,0,,,538,277,261,86,48,38,451,229,222,323,170,153,438,219,219,431,217,214,128,59,69,64,26,38,25,6,19,3,0,3,0,0,0,194,193,43,54,34,40,20,2,0,150,133,17,28,76,4,14,21
533700074,0,,,713,350,363,162,79,83,550,271,279,451,231,220,511,247,264,490,234,256,99,40,59,48,21,27,13,4,9,1,0,1,6,1,5,236,236,41,50,50,65,20,8,2,192,173,19,29,66,3,18,16
533700081,0,,,216,105,111,26,15,11,189,90,99,111,58,53,185,90,95,183,88,95,78,32,46,47,18,29,17,6,11,0,0,0,4,2,2,87,87,21,25,23,14,4,0,0,66,55,11,10,53,0,12,11
533700082,0,,,1044,526,518,167,86,81,864,432,432,672,343,329,847,421,426,832,413,419,192,89,103,97,44,53,23,9,14,0,0,0,26,16,10,466,465,187,110,78,70,14,4,2,270,247,23,64,131,27,56,30
533700083,0,,,522,260,262,66,40,26,455,220,235,297,146,151,438,212,226,428,205,223,158,74,84,87,38,49,22,6,16,0,0,0,1,1,0,217,217,56,74,48,24,12,3,0,160,143,17,24,108,9,24,37
533700084,0,,,1096,539,557,140,68,72,938,463,475,724,368,356,922,457,465,896,443,453,214,95,119,110,50,60,28,11,17,0,0,0,21,14,7,560,560,274,139,70,57,14,6,0,283,258,25,54,147,83,50,45
533700091,0,,,1930,937,993,256,137,119,1636,783,853,1285,643,642,1584,758,826,1546,740,806,351,140,211,178,62,116,72,24,48,3,0,3,59,25,34,883,881,340,258,152,104,22,4,1,526,494,32,85,210,52,76,62
533700092,0,,,1217,539,678,158,86,72,1041,443,598,718,339,379,1022,437,585,1012,432,580,323,104,219,227,55,172,112,10,102,24,1,23,17,6,11,549,548,226,164,88,57,7,5,1,312,290,22,65,171,31,73,35
533700093,0,,,1054,535,519,130,77,53,920,456,464,719,367,352,887,443,444,869,437,432,201,89,112,95,42,53,25,10,15,1,1,0,7,3,4,494,494,187,152,79,57,16,3,0,305,286,19,48,145,26,48,47
533700094,0,,,1328,620,708,153,77,76,1168,540,628,789,372,417,1143,524,619,1131,516,615,379,168,211,196,74,122,68,23,45,4,2,2,19,12,7,587,586,191,181,114,76,21,3,0,391,353,38,57,258,43,76,72
533700102,2,533700004,,9,6,3,*,*,*,*,*,*,*,*,*,*,*,*,*,*,*,*,*,*,*,*,*,*,*,*,*,*,*,*,*,*,5,5,*,*,*,*,*,*,*,*,*,*,*,*,*,*,*
533700103,2,533700004,,2,2,0,*,*,*,*,*,*,*,*,*,*,*,*,*,*,*,*,*,*,*,*,*,*,*,*,*,*,*,*,*,*,2,2,*,*,*,*,*,*,*,*,*,*,*,*,*,*,*
533700161,0,,,72,37,35,13,6,7,59,31,28,35,20,15,59,31,28,59,31,28,24,11,13,11,4,7,3,3,0,0,0,0,0,0,0,29,29,8,12,4,2,1,1,1,21,18,3,2,17,1,5,7
533700162,0,,,398,189,209,74,31,43,324,158,166,232,116,116,309,149,160,300,145,155,92,42,50,44,21,23,10,1,9,1,0,1,2,2,0,136,136,22,30,41,31,5,5,2,113,97,16,29,56,0,13,16
533700163,2,533700164,,11,5,6,*,*,*,*,*,*,*,*,*,*,*,*,*,*,*,*,*,*,*,*,*,*,*,*,*,*,*,*,*,*,3,3,*,*,*,*,*,*,*,*,*,*,*,*,*,*,*
533700164,1,,533700163,179,91,88,32,18,14,158,78,80,103,54,49,150,74,76,146,73,73,55,24,31,26,12,14,12,4,8,2,0,2,3,2,1,64,64,11,23,10,13,9,1,0,56,45,11,10,35,2,2,12
533700171,0,,,882,431,451,132,69,63,746,360,386,591,284,307,715,342,373,701,337,364,155,76,79,69,33,36,14,3,11,0,0,0,5,1,4,357,357,95,102,84,54,17,5,0,254,235,19,40,106,16,27,33
533700172,0,,,1082,546,536,180,84,96,892,458,434,622,329,293,864,443,421,845,429,416,270,129,141,150,76,74,34,15,19,2,1,1,9,5,4,418,418,101,127,87,60,34,8,1,311,276,35,54,173,22,31,60
533700173,0,,,633,303,330,77,43,34,537,248,289,366,178,188,527,243,284,513,236,277,171,70,101,104,39,65,40,8,32,12,1,11,7,2,5,256,253,85,70,47,32,13,4,2,166,142,24,34,87,17,14,30
533700174,0,,,1015,498,517,157,78,79,847,415,432,604,309,295,809,395,414,793,387,406,243,106,137,129,57,72,45,19,26,3,1,2,18,7,11,408,406,121,107,72,81,18,7,0,281,248,33,39,154,28,36,46
533700181,0,,,988,484,504,145,81,64,836,401,435,582,292,290,811,384,427,797,375,422,254,109,145,138,61,77,58,25,33,4,3,1,8,2,6,388,387,108,110,76,70,16,6,1,279,247,32,37,150,18,37,51
533700182,0,,,697,356,341,89,42,47,608,314,294,409,220,189,600,311,289,590,305,285,199,94,105,123,54,69,43,13,30,1,0,1,1,1,0,285,284,99,83,44,38,17,3,0,182,157,25,34,105,14,23,31
533700183,0,,,293,140,153,38,15,23,251,122,129,177,86,91,245,118,127,239,116,123,74,36,38,37,17,20,10,4,6,1,0,1,18,5,13,120,120,47,20,22,19,8,4,0,72,58,14,8,45,13,8,12
533700184,0,,,154,72,82,17,6,11,137,66,71,92,49,43,134,64,70,131,61,70,45,17,28,24,8,16,9,3,6,0,0,0,1,1,0,75,75,35,15,13,10,2,0,0,40,34,6,4,31,12,8,8
533700191,0,,,764,376,388,79,41,38,670,328,342,488,249,239,648,315,333,632,306,326,182,79,103,93,35,58,34,11,23,2,0,2,14,9,5,356,356,134,108,53,52,7,2,0,217,203,14,25,127,13,46,34
533700192,0,,,599,294,305,99,48,51,491,241,250,378,188,190,471,234,237,454,225,229,113,53,60,72,33,39,28,13,15,0,0,0,21,9,12,256,255,90,65,43,45,11,1,0,165,154,11,26,75,21,20,20
533700193,0,,,631,310,321,70,33,37,549,272,277,360,195,165,537,266,271,527,261,266,189,77,112,104,33,71,47,8,39,9,1,8,18,17,1,252,251,86,58,53,40,10,3,1,161,134,27,26,98,13,24,24
533700194,0,,,988,474,514,299,147,152,688,327,361,644,308,336,669,319,350,663,316,347,44,19,25,22,7,15,6,2,4,0,0,0,23,9,14,334,334,37,82,96,104,10,2,3,295,288,7,141,34,4,11,7
533700202,2,533700301,,2,0,2,*,*,*,*,*,*,*,*,*,*,*,*,*,*,*,*,*,*,*,*,*,*,*,*,*,*,*,*,*,*,1,1,*,*,*,*,*,*,*,*,*,*,*,*,*,*,*
533700203,2,533700301,,9,6,3,*,*,*,*,*,*,*,*,*,*,*,*,*,*,*,*,*,*,*,*,*,*,*,*,*,*,*,*,*,*,2,2,*,*,*,*,*,*,*,*,*,*,*,*,*,*,*
533700241,1,,533700033,38,16,22,0,0,0,44,18,26,22,11,11,43,18,25,43,18,25,22,7,15,14,3,11,7,1,6,1,0,1,0,0,0,19,19,11,3,5,3,0,0,0,11,8,3,0,17,0,7,1
533700254,2,533700263,,10,4,6,*,*,*,*,*,*,*,*,*,*,*,*,*,*,*,*,*,*,*,*,*,*,*,*,*,*,*,*,*,*,2,2,*,*,*,*,*,*,*,*,*,*,*,*,*,*,*
533700262,0,,,326,165,161,58,31,27,268,134,134,233,120,113,252,128,124,238,119,119,35,14,21,9,2,7,0,0,0,0,0,0,3,1,2,105,105,11,25,25,32,10,2,0,94,87,7,10,24,1,3,8
533700263,1,,533700254,108,57,51,14,7,7,104,54,50,69,36,33,98,52,46,96,51,45,35,18,17,21,11,10,7,3,4,0,0,0,0,0,0,38,38,4,15,9,6,4,1,1,36,31,5,3,22,0,3,7
533700264,0,,,999,487,512,123,65,58,874,421,453,708,343,365,828,399,429,790,381,409,166,78,88,72,29,43,12,2,10,0,0,0,8,2,6,353,353,50,97,103,80,14,7,2,302,271,31,39,110,5,20,30
533700271,0,,,992,481,511,133,59,74,799,390,409,603,292,311,774,382,392,758,375,383,196,98,98,78,41,37,17,8,9,3,0,3,12,1,11,423,423,147,110,75,67,15,6,3,266,241,25,43,132,41,32,44
533700272,0,,,839,420,419,134,66,68,689,345,344,488,256,232,674,334,340,661,325,336,201,89,112,127,53,74,35,16,19,4,1,3,8,4,4,339,339,100,89,73,51,19,6,1,235,203,32,29,130,27,27,42
533700273,0,,,1022,487,535,134,78,56,884,408,476,609,277,332,857,392,465,842,385,457,275,131,144,104,42,62,26,8,18,2,0,2,42,2,40,408,408,99,138,77,57,34,3,0,309,281,28,38,183,39,37,74
533700274,0,,,675,309,366,77,28,49,596,280,316,390,191,199,572,269,303,558,261,297,206,89,117,104,48,56,19,10,9,1,0,1,6,4,2,262,262,59,80,61,45,9,8,0,200,172,28,19,135,4,31,39
533700281,0,,,326,156,170,61,28,33,263,127,136,207,101,106,253,120,133,247,117,130,56,26,30,29,13,16,5,1,4,1,1,0,2,1,1,123,123,23,41,28,24,4,1,2,99,89,10,20,39,4,7,14
533700282,0,,,1332,658,674,251,127,124,1073,527,546,948,463,485,965,468,497,917,447,470,125,64,61,47,21,26,13,6,7,1,1,0,1,1,0,414,414,21,104,108,131,46,3,1,392,373,19,24,86,0,10,35
533700283,0,,,660,343,317,77,47,30,574,292,282,349,185,164,557,283,274,545,276,269,225,107,118,108,60,48,14,6,8,0,0,0,7,5,2,271,271,58,108,51,42,10,0,2,209,197,12,24,132,11,23,69
533700284,0,,,1225,583,642,88,47,41,1137,536,601,808,379,429,1087,516,571,1058,502,556,329,157,172,149,60,89,36,18,18,2,1,1,15,8,7,462,461,72,168,119,72,23,6,1,388,352,36,21,209,9,33,79
533700291,1,,533700292,345,174,171,35,18,17,312,157,155,200,105,95,307,154,153,305,153,152,112,52,60,62,24,38,18,4,14,2,2,0,0,0,0,138,138,36,44,28,24,4,4,1,105,88,17,12,77,1,20,22
533700292,2,533700291,,11,5,6,*,*,*,*,*,*,*,*,*,*,*,*,*,*,*,*,*,*,*,*,*,*,*,*,*,*,*,*,*,*,3,3,*,*,*,*,*,*,*,*,*,*,*,*,*,*,*
533700293,0,,,248,107,141,21,7,14,227,100,127,136,60,76,220,98,122,216,96,120,91,40,51,42,16,26,7,0,7,1,0,1,3,2,1,102,102,16,42,31,10,3,0,0,86,80,6,5,57,0,11,23
533700301,1,,533700202;533700203,2,1,1,3,1,2,10,6,4,6,4,2,9,5,4,9,5,4,4,2,2,0,0,0,0,0,0,0,0,0,2,0,2,1,1,0,2,0,1,1,0,0,4,4,0,0,2,0,0,1
533700303,0,,,44,24,20,1,1,0,43,23,20,23,12,11,43,23,20,42,22,20,20,11,9,10,4,6,6,3,3,0,0,0,1,0,1,16,16,3,3,6,3,1,0,0,13,9,4,1,12,0,3,3
533700304,0,,,49,24,25,3,2,1,46,22,24,27,14,13,45,21,24,44,20,24,19,8,11,13,5,8,5,2,3,0,0,0,1,0,1,16,16,3,3,6,1,1,1,1,13,7,6,0,12,1,2,1
533700343,2,533700453,,4,2,2,*,*,*,*,*,*,*,*,*,*,*,*,*,*,*,*,*,*,*,*,*,*,*,*,*,*,*,*,*,*,2,2,*,*,*,*,*,*,*,*,*,*,*,*,*,*,*
533700352,0,,,98,50,48,23,10,13,75,40,35,53,28,25,75,40,35,75,40,35,22,12,10,9,6,3,1,1,0,0,0,0,0,0,0,37,37,8,13,6,7,2,0,1,29,26,3,8,14,0,4,6
533700354,0,,,376,191,185,23,16,7,353,175,178,170,90,80,346,170,176,343,168,175,183,85,98,43,23,20,6,2,4,1,0,1,3,2,1,155,153,28,73,32,11,5,2,2,123,112,11,5,112,0,19,50
533700361,0,,,713,364,349,61,37,24,652,327,325,345,172,173,647,324,323,639,319,320,307,155,152,106,56,50,14,6,8,1,0,1,0,0,0,282,282,37,130,70,28,10,6,1,243,220,23,14,189,0,24,85
533700362,0,,,280,117,163,43,21,22,237,96,141,177,68,109,224,91,133,217,90,127,60,28,32,29,14,15,5,0,5,0,0,0,27,3,24,111,111,36,26,17,24,5,2,1,75,66,9,9,41,23,9,14
533700363,0,,,814,394,420,45,19,26,769,375,394,431,212,219,745,364,381,728,353,375,338,163,175,133,69,64,28,12,16,2,1,1,8,2,6,322,322,44,154,61,44,12,6,1,277,248,29,8,219,0,35,89
533700364,0,,,504,232,272,49,23,26,453,208,245,252,125,127,439,201,238,428,193,235,201,83,118,85,34,51,23,4,19,0,0,0,19,1,18,229,228,77,81,33,31,5,1,0,149,133,16,15,120,23,28,50
533700371,0,,,377,175,202,48,21,27,320,151,169,215,104,111,303,144,159,295,138,157,105,47,58,47,21,26,11,7,4,0,0,0,5,2,3,141,141,28,45,27,29,10,2,0,111,102,9,11,67,0,14,23
533700372,0,,,415,132,283,10,3,7,405,129,276,278,68,210,397,124,273,373,119,254,127,61,66,69,36,33,12,3,9,0,0,0,160,0,160,261,261,180,41,22,10,3,4,1,81,71,10,1,77,86,15,33
533700373,0,,,694,309,385,73,44,29,620,264,356,367,162,205,603,260,343,588,254,334,253,102,151,144,57,87,48,18,30,2,1,1,17,5,12,300,299,88,111,54,33,10,1,2,210,189,21,17,167,8,49,46
533700374,0,,,480,195,285,37,20,17,443,175,268,133,71,62,436,172,264,432,168,264,310,104,206,265,82,183,150,41,109,26,5,21,0,0,0,103,97,18,31,23,15,5,4,1,79,67,12,13,63,0,17,17
533700381,0,,,1482,706,776,116,60,56,1365,646,719,635,307,328,1335,629,706,1323,624,699,730,339,391,300,152,148,48,17,31,6,2,4,12,5,7,614,614,115,270,128,71,22,7,1,494,429,65,25,442,3,80,188
533700382,0,,,338,162,176,48,25,23,290,137,153,163,79,84,278,132,146,271,129,142,127,58,69,61,30,31,14,7,7,1,0,1,0,0,0,119,119,12,46,24,24,12,1,0,107,89,18,15,74,0,10,31
533700383,0,,,1658,726,932,174,83,91,1477,640,837,801,366,435,1420,614,806,1387,598,789,676,274,402,364,144,220,114,29,85,11,1,10,40,23,17,686,682,216,249,110,72,24,9,2,462,421,41,31,376,11,128,123
533700384,0,,,582,277,305,71,42,29,510,235,275,267,121,146,488,222,266,475,216,259,243,114,129,90,46,44,13,9,4,0,0,0,9,7,2,246,246,49,117,40,24,13,3,0,197,186,11,13,152,2,29,73
533700393,0,,,140,28,112,0,0,0,140,28,112,6,6,0,140,28,112,140,28,112,134,22,112,126,16,110,97,10,87,18,2,16,0,0,0,3,0,0,0,0,0,0,0,0,0,0,0,0,0,0,0,0
533700394,0,,,246,113,133,56,31,25,190,82,108,98,57,41,189,81,108,187,80,107,92,25,67,80,20,60,62,13,49,11,1,10,4,1,3,54,52,16,6,4,18,5,2,1,34,31,3,23,4,2,2,1
533700401,0,,,110,50,60,7,1,6,102,48,54,53,25,28,100,48,52,99,48,51,49,23,26,27,13,14,17,10,7,2,1,1,0,0,0,34,33,4,13,2,8,4,1,1,29,16,13,1,24,0,2,5
533700403,0,,,89,49,40,11,8,3,77,41,36,45,25,20,72,38,34,72,38,34,32,16,16,13,6,7,4,1,3,0,0,0,0,0,0,27,27,5,4,10,2,0,5,1,22,15,7,3,19,0,3,3
533700404,0,,,39,18,21,4,1,3,35,17,18,24,10,14,35,17,18,34,17,17,11,7,4,6,3,3,0,0,0,0,0,0,5,1,4,14,14,5,2,2,2,2,1,0,9,6,3,1,8,0,3,1
533700414,0,,,6,6,0,0,0,0,6,6,0,5,5,0,6,6,0,6,6,0,1,1,0,0,0,0,0,0,0,0,0,0,0,0,0,1,0,0,0,0,0,0,0,0,0,0,0,0,0,0,0,0
533700442,2,533700453,,3,2,1,*,*,*,*,*,*,*,*,*,*,*,*,*,*,*,*,*,*,*,*,*,*,*,*,*,*,*,*,*,*,1,1,*,*,*,*,*,*,*,*,*,*,*,*,*,*,*
533700452,0,,,66,34,32,10,7,3,56,27,29,41,21,20,54,26,28,54,26,28,15,6,9,9,4,5,3,0,3,1,0,1,0,0,0,21,21,4,3,6,4,2,2,0,16,11,5,6,10,0,3,1
533700453,1,,533700343;533700442,33,17,16,4,1,3,36,20,16,24,14,10,36,20,16,35,19,16,12,6,6,4,2,2,0,0,0,0,0,0,0,0,0,12,12,0,7,6,2,0,0,0,15,15,0,1,7,0,0,4
533700454,0,,,144,68,76,7,3,4,137,65,72,92,49,43,135,63,72,128,58,70,45,16,29,32,11,21,8,2,6,0,0,0,1,1,0,51,51,9,18,9,7,5,2,1,42,29,13,1,31,2,5,7
533700461,0,,,119,55,64,20,11,9,99,44,55,70,33,37,90,38,52,86,37,49,29,11,18,18,6,12,10,3,7,1,0,1,0,0,0,36,35,2,10,12,3,8,0,0,33,27,6,4,11,0,0,4
533700462,0,,,498,246,252,53,28,25,445,218,227,365,182,183,410,203,207,387,192,195,80,36,44,24,12,12,5,2,3,1,0,1,8,4,4,164,164,14,43,50,40,14,3,0,150,135,15,7,52,1,5,22
533700463,0,,,95,50,45,13,6,7,82,44,38,58,33,25,79,41,38,77,40,37,24,11,13,13,6,7,4,1,3,0,0,0,0,0,0,32,32,3,9,11,6,2,0,1,29,23,6,3,16,0,1,3
533700464,0,,,9,4,5,0,0,0,9,4,5,4,2,2,8,4,4,7,3,4,5,2,3,3,2,1,0,0,0,0,0,0,0,0,0,4,4,1,2,0,1,0,0,0,3,3,0,0,3,0,1,2
533700471,0,,,1315,657,658,173,88,85,1142,569,573,724,377,347,1098,547,551,1076,538,538,418,192,226,182,90,92,25,11,14,0,0,0,15,8,7,509,509,96,188,104,87,24,8,2,408,368,40,29,272,4,58,106
533700472,0,,,905,418,487,100,48,52,803,368,435,385,204,181,783,357,426,767,345,422,418,164,254,302,116,186,113,26,87,17,4,13,6,4,2,313,311,68,121,48,45,19,9,1,243,217,26,24,196,2,45,76
533700473,0,,,172,84,88,32,19,13,140,65,75,109,51,58,131,65,66,127,64,63,31,14,17,17,9,8,2,1,1,0,0,0,1,0,1,59,59,10,12,16,16,4,1,0,49,45,4,2,22,1,7,2
533700474,0,,,397,199,198,32,21,11,365,178,187,248,127,121,352,170,182,344,165,179,117,51,66,57,24,33,20,7,13,1,0,1,15,10,5,160,160,41,53,33,20,9,2,2,116,100,16,7,76,5,17,24
533700481,0,,,794,380,414,77,41,36,711,335,376,406,202,204,684,316,368,672,312,360,305,133,172,140,63,77,23,7,16,1,0,1,22,11,11,370,370,140,117,51,46,13,3,0,229,209,20,21,216,6,83,66
533700482,0,,,693,322,371,38,21,17,655,301,354,310,152,158,640,291,349,631,286,345,345,149,196,190,85,105,34,12,22,0,0,0,20,2,18,313,313,98,115,53,35,9,2,1,214,186,28,8,225,9,68,75
533700483,0,,,113,52,61,19,10,9,94,42,52,73,33,40,92,42,50,92,42,50,21,9,12,5,2,3,2,1,1,0,0,0,1,1,0,40,40,3,18,6,10,2,1,0,37,34,3,6,13,0,2,6
533700484,0,,,230,113,117,36,18,18,194,95,99,106,54,52,188,90,98,186,90,96,88,41,47,37,19,18,4,2,2,0,0,0,5,2,3,88,88,16,32,21,11,6,1,1,71,62,9,8,59,1,14,21
533700491,0,,,626,302,324,42,27,15,584,275,309,317,151,166,571,272,299,564,267,297,267,124,143,81,37,44,12,2,10,0,0,0,1,1,0,253,253,38,116,57,29,9,4,0,213,197,16,10,168,1,25,70
533700492,0,,,477,235,242,84,45,39,393,190,203,288,133,155,375,178,197,367,175,192,105,57,48,29,13,16,7,2,5,0,0,0,4,2,2,170,170,21,64,36,31,15,1,2,148,136,12,16,74,0,9,28
533700493,0,,,1173,560,613,132,67,65,1039,493,546,545,255,290,1008,477,531,995,472,523,494,238,256,215,116,99,42,20,22,2,1,1,7,2,5,476,476,91,196,102,60,19,7,1,384,356,28,32,311,1,69,141
533700494,0,,,1009,492,517,99,56,43,910,436,474,608,293,315,891,425,466,878,418,460,302,143,159,108,35,73,37,7,30,4,1,3,3,1,2,381,379,56,153,86,57,22,4,1,321,290,31,27,193,0,32,69
533700501,0,,,31,16,15,3,2,1,28,14,14,16,8,8,28,14,14,28,14,14,12,6,6,5,3,2,1,1,0,0,0,0,0,0,0,9,9,1,1,3,3,0,0,1,8,6,2,0,7,0,1,1
533700502,0,,,8,4,4,0,0,0,8,4,4,4,3,1,8,4,4,8,4,4,4,1,3,3,1,2,1,0,1,0,0,0,0,0,0,5,5,2,3,0,0,0,0,0,3,3,0,0,3,0,1,1
533700504,0,,,62,32,30,0,0,0,61,32,29,38,19,19,57,30,27,57,30,27,23,13,10,6,3,3,2,1,1,0,0,0,0,0,0,28,28,6,15,4,1,2,0,0,22,19,3,0,15,0,1,8
533700511,2,533700513,,5,1,4,*,*,*,*,*,*,*,*,*,*,*,*,*,*,*,*,*,*,*,*,*,*,*,*,*,*,*,*,*,*,1,0,*,*,*,*,*,*,*,*,*,*,*,*,*,*,*
533700513,1,,533700511,13,6,7,0,0,0,18,7,11,8,2,6,18,7,11,18,7,11,10,5,5,0,0,0,0,0,0,0,0,0,0,0,0,5,5,0,2,3,0,0,0,0,5,5,0,0,4,0,0,1
533700514,0,,,16,7,9,0,0,0,16,7,9,9,4,5,16,7,9,16,7,9,7,3,4,4,1,3,3,1,2,0,0,0,0,0,0,5,5,0,2,0,3,0,0,0,5,3,2,0,5,0,0,2
533700522,0,,,12,7,5,2,1,1,10,6,4,6,4,2,10,6,4,10,6,4,4,2,2,3,2,1,1,1,0,0,0,0,0,0,0,4,4,1,1,0,1,1,0,0,3,2,1,1,3,0,1,1
533700524,0,,,53,25,28,8,4,4,45,21,24,27,11,16,45,21,24,45,21,24,18,10,8,9,4,5,4,1,3,0,0,0,11,5,6,18,18,3,6,3,3,2,0,1,15,10,5,2,12,0,1,4
533700533,0,,,67,36,31,4,3,1,63,33,30,42,22,20,61,32,29,61,32,29,21,11,10,8,5,3,4,2,2,0,0,0,2,2,0,20,20,0,7,5,6,0,0,2,20,16,4,2,13,0,0,3
533700534,0,,,78,34,44,4,0,4,74,34,40,42,22,20,73,34,39,70,33,37,32,12,20,10,1,9,4,0,4,1,0,1,0,0,0,33,33,11,9,7,3,2,1,0,22,15,7,1,24,0,10,6
533700541,0,,,36,16,20,9,3,6,27,13,14,16,6,10,26,13,13,26,13,13,11,7,4,0,0,0,0,0,0,0,0,0,0,0,0,11,11,1,3,2,3,1,1,0,10,8,2,0,7,0,1,3
533700543,0,,,162,81,81,10,5,5,152,76,76,92,47,45,147,73,74,144,72,72,60,29,31,26,12,14,8,4,4,1,0,1,0,0,0,53,53,5,19,8,10,11,0,0,48,36,12,1,41,0,5,11
533700544,0,,,45,22,23,3,2,1,42,20,22,38,18,20,40,20,20,39,19,20,4,2,2,1,1,0,0,0,0,0,0,0,0,0,0,15,15,1,5,4,4,0,1,0,14,12,2,0,3,0,0,0
533700551,0,,,255,133,122,25,14,11,229,118,111,145,79,66,218,113,105,212,111,101,84,39,45,46,24,22,10,5,5,0,0,0,1,1,0,90,90,18,26,17,19,5,2,3,71,60,11,4,53,0,10,17
533700552,0,,,515,247,268,54,24,30,461,223,238,279,143,136,453,219,234,438,211,227,182,80,102,98,43,55,24,9,15,3,0,3,7,3,4,190,190,30,65,46,34,9,6,0,159,133,26,13,114,0,22,38
533700553,0,,,157,80,77,15,7,8,142,73,69,91,49,42,139,70,69,137,69,68,51,24,27,31,12,19,12,4,8,1,0,1,1,0,1,57,57,8,18,16,11,3,1,0,49,38,11,4,36,0,7,8
533700554,0,,,427,208,219,33,10,23,394,198,196,226,120,106,386,195,191,378,192,186,168,78,90,85,36,49,14,5,9,0,0,0,3,2,1,174,174,44,66,28,20,11,4,1,129,107,22,8,116,0,24,36
533700561,1,,533700564,18,12,6,3,3,0,19,11,8,10,6,4,19,11,8,19,11,8,9,5,4,6,4,2,2,1,1,0,0,0,0,0,0,7,7,1,3,2,1,1,0,0,7,6,1,0,5,0,0,2
533700563,0,,,40,18,22,2,1,1,38,17,21,16,7,9,37,17,20,35,17,18,22,10,12,15,8,7,0,0,0,0,0,0,0,0,0,18,18,4,10,1,2,1,0,0,14,13,1,0,13,0,3,8
533700564,2,533700561,,4,2,2,*,*,*,*,*,*,*,*,*,*,*,*,*,*,*,*,*,*,*,*,*,*,*,*,*,*,*,*,*,*,1,1,*,*,*,*,*,*,*,*,*,*,*,*,*,*,*
533700571,0,,,391,192,199,32,14,18,355,177,178,241,121,120,342,169,173,336,169,167,114,56,58,44,18,26,9,5,4,0,0,0,13,7,6,153,153,34,49,42,13,9,6,0,117,104,13,9,75,0,16,25
533700572,0,,,32,17,15,1,1,0,31,16,15,22,11,11,28,15,13,27,15,12,9,5,4,2,1,1,0,0,0,0,0,0,1,0,1,12,12,0,8,1,2,1,0,0,12,10,2,0,5,0,0,4
533700573,0,,,92,45,47,9,6,3,83,39,44,52,26,26,82,38,44,81,37,44,31,13,18,13,5,8,3,1,2,0,0,0,14,6,8,35,35,6,13,8,4,4,0,0,28,23,5,4,22,0,4,5
533700582,0,,,547,255,292,54,32,22,492,223,269,251,113,138,479,218,261,472,216,256,241,110,131,103,46,57,23,7,16,1,0,1,7,3,4,217,216,41,98,36,27,9,3,2,175,156,19,13,142,0,32,63
533700583,0,,,481,232,249,51,22,29,428,209,219,263,124,139,418,203,215,405,197,208,165,85,80,57,33,24,17,8,9,2,0,2,6,2,4,189,189,23,87,41,31,5,2,0,166,155,11,8,97,1,10,53
533700584,0,,,1268,599,669,141,75,66,1123,522,601,595,271,324,1092,509,583,1072,500,572,528,251,277,195,94,101,53,19,34,4,1,3,13,6,7,503,503,82,233,78,76,24,8,2,418,378,40,29,335,0,64,169
533700591,0,,,1072,497,575,127,62,65,941,434,507,491,223,268,916,423,493,903,418,485,450,211,239,204,103,101,27,8,19,1,0,1,10,5,5,434,434,72,192,89,61,16,3,1,362,326,36,36,282,0,53,127
533700592,0,,,572,255,317,35,17,18,536,237,299,243,113,130,530,233,297,519,226,293,293,124,169,154,53,101,67,13,54,12,2,10,3,0,3,200,199,35,83,54,17,9,1,0,161,143,18,7,125,2,21,53
533700593,0,,,647,311,336,49,24,25,597,287,310,282,131,151,583,281,302,573,275,298,315,156,159,120,66,54,16,3,13,0,0,0,4,2,2,267,267,36,133,59,29,8,2,0,231,213,18,6,193,0,30,95
533700594,0,,,311,155,156,22,12,10,288,143,145,174,89,85,278,138,140,272,133,139,114,54,60,31,12,19,7,1,6,0,0,0,3,2,1,126,126,26,41,35,22,2,0,0,99,84,15,7,76,0,16,23
533700601,0,,,240,112,128,30,19,11,208,92,116,105,49,56,203,89,114,201,88,113,103,43,60,52,24,28,13,5,8,1,0,1,0,0,0,100,99,23,46,11,11,6,1,1,75,67,8,7,63,0,13,30
533700602,0,,,855,424,431,65,36,29,788,388,400,499,236,263,770,375,395,760,372,388,289,152,137,69,26,43,20,4,16,2,0,2,3,0,3,343,343,55,153,67,51,13,4,0,287,257,30,13,187,0,30,82
533700603,0,,,1172,567,605,92,50,42,1073,516,557,589,289,300,1046,506,540,1024,497,527,484,227,257,269,121,148,65,31,34,0,0,0,11,4,7,476,476,105,182,100,59,21,4,5,368,325,43,19,311,2,70,115
533700604,0,,,322,163,159,29,17,12,292,146,146,168,86,82,288,145,143,286,143,143,124,60,64,67,33,34,18,11,7,1,0,1,2,1,1,140,140,34,63,20,15,6,2,0,106,90,16,4,82,1,19,32
533700611,0,,,688,332,356,58,26,32,630,306,324,448,205,243,613,298,315,601,292,309,182,101,81,54,23,31,13,4,9,1,0,1,10,3,7,262,262,37,109,54,43,17,1,1,224,200,24,16,122,0,15,54
533700612,0,,,54,24,30,4,2,2,50,22,28,34,17,17,49,22,27,48,21,27,16,5,11,7,0,7,4,0,4,0,0,0,0,0,0,18,18,2,5,5,4,1,1,0,16,10,6,2,9,0,1,1
533700613,0,,,422,196,226,36,15,21,386,181,205,218,90,128,374,178,196,370,176,194,168,91,77,38,18,20,10,1,9,2,1,1,11,5,6,165,165,19,85,29,21,7,1,3,143,128,15,11,110,0,15,55
533700614,0,,,173,89,84,34,16,18,139,73,66,102,54,48,132,69,63,127,67,60,37,19,18,14,5,9,6,2,4,0,0,0,0,0,0,58,58,8,16,14,12,5,3,0,50,41,9,2,25,0,5,7
533700621,0,,,130,62,68,15,10,5,115,52,63,75,33,42,108,50,58,102,46,56,40,19,21,16,5,11,5,1,4,1,0,1,5,1,4,40,40,6,5,14,9,3,1,2,34,22,12,3,25,0,5,2
533700622,0,,,23,14,9,4,3,1,19,11,8,13,8,5,17,10,7,16,9,7,6,3,3,1,1,0,0,0,0,0,0,0,0,0,0,7,7,2,1,0,2,1,1,0,5,4,1,0,4,0,1,0
533700623,0,,,63,31,32,7,4,3,56,27,29,33,16,17,53,26,27,53,26,27,23,11,12,11,4,7,4,1,3,0,0,0,0,0,0,25,25,5,10,4,4,2,0,0,20,16,4,1,15,0,4,6
533700624,0,,,49,25,24,2,1,1,47,24,23,27,15,12,47,24,23,47,24,23,20,9,11,11,5,6,5,2,3,0,0,0,0,0,0,16,16,3,4,4,1,2,2,0,13,7,6,1,10,0,0,2
533700631,0,,,148,76,72,9,5,4,139,71,68,84,49,35,135,68,67,134,68,66,55,22,33,29,9,20,9,5,4,1,0,1,1,0,1,47,47,4,17,7,11,4,3,1,43,23,20,0,34,0,2,8
533700632,0,,,84,44,40,17,13,4,67,31,36,46,21,25,62,28,34,61,28,33,21,10,11,8,3,5,2,2,0,0,0,0,1,0,1,27,27,2,8,8,4,4,1,0,25,23,2,4,13,0,2,5
533700633,0,,,83,42,41,9,5,4,74,37,37,48,25,23,72,35,37,69,33,36,26,12,14,9,4,5,2,0,2,1,0,1,1,0,1,25,25,1,7,7,6,2,1,1,24,14,10,2,15,0,0,3
533700634,0,,,276,135,141,19,12,7,252,122,130,123,63,60,241,117,124,239,117,122,129,59,70,51,22,29,9,3,6,0,0,0,3,1,2,112,112,27,41,20,15,8,0,1,84,68,16,6,76,1,15,27
533700641,0,,,138,77,61,11,6,5,120,68,52,88,52,36,114,64,50,111,62,49,32,16,16,7,3,4,0,0,0,0,0,0,3,2,1,70,70,36,17,7,5,3,2,0,34,31,3,2,24,4,6,7
533700642,0,,,116,62,54,11,7,4,103,53,50,76,39,37,96,48,48,94,47,47,27,14,13,12,7,5,2,2,0,0,0,0,1,0,1,49,49,17,12,8,10,1,1,0,31,28,3,3,18,0,5,5
533700643,0,,,114,61,53,17,11,6,97,50,47,57,33,24,94,47,47,93,46,47,40,17,23,20,9,11,2,1,1,0,0,0,0,0,0,41,41,8,13,8,6,4,2,0,33,29,4,2,25,0,6,9
533700644,0,,,259,122,137,33,14,19,226,108,118,152,77,75,216,102,114,213,100,113,74,31,43,36,10,26,10,3,7,0,0,0,5,2,3,94,94,15,33,16,23,5,1,1,79,67,12,8,52,0,7,17
533700651,0,,,218,109,109,25,12,13,193,97,96,109,55,54,187,94,93,185,94,91,84,42,42,41,21,20,7,3,4,0,0,0,4,1,3,84,84,19,26,18,14,6,0,1,65,54,11,8,53,1,11,19
533700652,0,,,496,272,224,28,15,13,467,257,210,319,192,127,460,252,208,451,250,201,148,65,83,88,34,54,24,8,16,1,0,1,13,7,6,163,159,46,56,31,16,7,2,1,112,90,22,7,100,3,31,24
533700653,0,,,149,73,76,11,5,6,138,68,70,100,50,50,137,68,69,132,65,67,38,18,20,13,5,8,4,1,3,1,0,1,20,12,8,63,62,24,15,12,8,1,1,1,38,32,6,4,25,10,4,6
533700654,0,,,406,176,230,53,27,26,352,149,203,236,100,136,344,143,201,336,141,195,116,49,67,43,14,29,13,3,10,1,0,1,29,12,17,151,150,31,56,25,26,11,1,0,117,99,18,16,74,6,18,24
533700661,0,,,449,218,231,39,19,20,410,199,211,244,122,122,404,195,209,397,191,206,166,77,89,97,47,50,19,11,8,1,1,0,6,2,4,189,189,48,69,36,30,4,0,2,140,127,13,9,115,1,34,39
533700662,0,,,764,390,374,188,110,78,576,280,296,535,264,271,514,250,264,481,238,243,41,16,25,12,3,9,1,0,1,0,0,0,17,7,10,224,224,18,34,52,87,27,3,3,202,190,12,20,26,0,2,9
533700663,0,,,533,262,271,68,36,32,463,226,237,286,145,141,450,217,233,444,215,229,177,81,96,72,31,41,14,3,11,0,0,0,5,2,3,208,208,36,81,46,32,11,1,1,170,157,13,15,113,0,25,47
533700664,0,,,246,160,86,30,16,14,215,144,71,184,130,54,141,72,69,121,55,66,31,14,17,6,3,3,2,0,2,0,0,0,0,0,0,60,58,6,21,12,14,4,0,1,50,45,5,4,20,0,2,8
533700671,0,,,84,41,43,3,1,2,80,40,40,52,25,27,76,38,38,75,38,37,28,15,13,10,3,7,2,0,2,0,0,0,0,0,0,36,36,13,7,7,9,0,0,0,22,19,3,0,21,1,7,3
533700673,0,,,629,292,337,84,38,46,543,254,289,381,185,196,519,241,278,502,232,270,162,69,93,90,35,55,52,14,38,8,1,7,2,1,1,199,198,22,60,49,51,13,3,0,173,160,13,10,74,0,10,25
533700681,0,,,1199,551,648,103,41,62,1094,510,584,762,353,409,1045,482,563,1010,466,544,332,157,175,120,47,73,37,11,26,1,0,1,12,4,8,443,443,61,161,116,70,23,11,1,381,337,44,18,220,0,37,83
533700682,0,,,699,336,363,69,36,33,626,299,327,335,155,180,610,291,319,600,285,315,291,144,147,116,57,59,33,12,21,4,1,3,1,1,0,289,289,53,126,60,37,12,1,0,231,210,21,18,190,0,36,78
533700683,0,,,345,153,192,34,12,22,310,141,169,186,82,104,303,139,164,299,139,160,124,59,65,51,21,30,15,5,10,0,0,0,1,1,0,138,138,23,58,33,16,6,1,1,115,105,10,4,82,0,15,30
533700684,0,,,66,33,33,8,5,3,57,28,29,38,20,18,54,28,26,51,26,25,19,8,11,7,2,5,0,0,0,0,0,0,16,9,7,31,31,14,9,3,4,0,0,1,16,15,1,2,13,1,6,5
533700691,0,,,39,19,20,3,2,1,36,17,19,21,10,11,34,17,17,33,16,17,15,7,8,4,3,1,1,0,1,0,0,0,2,2,0,14,14,3,5,3,0,1,2,0,11,8,3,0,8,2,1,3
533700701,0,,,1482,703,779,104,52,52,1374,650,724,664,317,347,1348,635,713,1330,625,705,710,333,377,368,181,187,56,22,34,0,0,0,14,5,9,623,623,130,274,121,65,22,6,5,488,431,57,21,457,4,100,179
533700702,0,,,788,374,414,85,44,41,701,329,372,382,182,200,681,317,364,669,311,358,319,147,172,162,74,88,32,11,21,0,0,0,10,1,9,312,312,49,137,67,35,20,4,0,256,232,24,19,201,0,34,94
533700703,0,,,914,441,473,98,44,54,815,396,419,456,223,233,785,379,406,767,373,394,359,173,186,157,84,73,20,8,12,0,0,0,27,10,17,351,351,59,142,70,50,23,4,3,288,253,35,23,229,0,45,92
533700704,0,,,877,435,442,88,40,48,769,386,383,472,261,211,745,370,375,724,359,365,297,125,172,169,67,102,52,13,39,13,0,13,18,9,9,400,399,164,118,56,40,14,4,3,231,206,25,26,175,21,39,66
533700711,0,,,969,481,488,87,44,43,882,437,445,399,216,183,856,419,437,844,412,432,483,221,262,203,106,97,32,13,19,1,0,1,15,9,6,390,390,67,181,69,42,22,8,1,322,292,30,17,297,0,55,129
533700712,0,,,188,92,96,14,5,9,174,87,87,95,52,43,168,83,85,161,80,81,79,35,44,29,15,14,4,1,3,0,0,0,5,3,2,68,68,7,30,15,8,5,2,1,60,51,9,3,48,1,5,21
533700713,0,,,750,353,397,59,33,26,687,319,368,339,155,184,674,314,360,661,310,351,348,164,184,157,79,78,30,12,18,3,0,3,9,8,1,323,323,74,141,55,41,7,5,0,246,225,21,10,218,6,52,97
533700714,0,,,484,213,271,32,20,12,448,191,257,206,93,113,437,186,251,431,183,248,242,98,144,137,54,83,52,11,41,12,0,12,2,1,1,197,194,53,87,26,15,8,5,0,141,128,13,10,122,0,32,55
533700721,0,,,14,7,7,3,2,1,11,5,6,10,4,6,11,5,6,11,5,6,1,1,0,1,1,0,0,0,0,0,0,0,0,0,0,4,4,1,0,1,0,2,0,0,3,3,0,1,1,0,1,0
533700722,0,,,85,36,49,12,4,8,73,32,41,45,21,24,69,30,39,66,28,38,28,11,17,13,5,8,7,1,6,0,0,0,0,0,0,28,28,2,9,8,6,2,0,1,25,18,7,4,18,0,2,5
533700723,0,,,16,7,9,4,1,3,12,6,6,9,5,4,12,6,6,12,6,6,3,1,2,1,0,1,1,0,1,0,0,0,0,0,0,5,5,1,1,2,0,0,0,1,4,3,1,2,1,1,0,0
533700724,0,,,83,45,38,10,4,6,73,41,32,53,31,22,65,34,31,64,34,30,20,10,10,9,4,5,1,0,1,0,0,0,0,0,0,29,29,6,8,6,5,2,1,1,22,18,4,2,13,0,2,3
533700731,0,,,110,26,84,4,2,2,106,24,82,13,6,7,106,24,82,106,24,82,93,18,75,85,16,69,62,8,54,17,1,16,7,3,4,14,13,2,8,1,1,0,1,0,11,9,2,2,10,0,2,6
533700732,0,,,662,328,334,49,25,24,606,300,306,328,167,161,591,294,297,581,288,293,278,133,145,122,64,58,19,8,11,2,1,1,21,12,9,267,267,51,115,45,39,12,5,0,212,192,20,8,178,2,35,73
533700733,0,,,438,228,210,50,23,27,383,203,180,256,144,112,379,201,178,378,200,178,127,59,68,48,19,29,7,2,5,1,0,1,48,33,15,186,186,57,59,37,21,8,2,2,125,109,16,10,83,27,16,31
533700734,0,,,34,15,19,2,1,1,32,14,18,20,8,12,31,14,17,30,14,16,12,6,6,3,1,2,2,1,1,0,0,0,0,0,0,12,12,2,4,2,3,0,1,0,10,8,2,1,8,0,1,3
533700741,0,,,508,266,242,84,47,37,423,219,204,385,203,182,380,200,180,351,180,171,38,16,22,10,6,4,2,1,1,0,0,0,30,28,2,179,179,39,30,42,58,9,1,0,140,130,10,9,30,19,7,6
533700742,0,,,446,212,234,56,31,25,379,176,203,280,129,151,365,174,191,356,171,185,99,47,52,59,26,33,13,4,9,0,0,0,14,7,7,183,183,45,65,35,31,3,1,3,134,118,16,23,64,6,14,26
533700743,0,,,736,346,390,99,48,51,637,298,339,593,277,316,574,270,304,523,252,271,44,21,23,14,7,7,0,0,0,0,0,0,9,2,7,225,225,14,44,55,95,13,4,0,209,200,9,11,33,0,3,11
533700744,0,,,399,214,185,68,29,39,328,182,146,288,165,123,293,163,130,270,155,115,40,17,23,18,8,10,3,1,2,0,0,0,1,0,1,148,148,57,18,9,43,19,2,0,91,83,8,9,24,44,6,5
533700751,0,,,617,303,314,66,24,42,531,269,262,317,176,141,512,259,253,503,258,245,214,93,121,108,49,59,23,6,17,1,0,1,4,2,2,248,248,62,75,56,41,12,1,1,177,153,24,15,137,2,34,35
533700752,0,,,13,9,4,2,2,0,11,7,4,8,5,3,11,7,4,11,7,4,3,2,1,1,1,0,0,0,0,0,0,0,1,1,0,5,5,2,1,0,1,1,0,0,3,3,0,1,2,0,1,0
533700753,0,,,756,367,389,60,32,28,692,331,361,462,234,228,666,322,344,653,314,339,230,97,133,108,37,71,26,8,18,1,0,1,10,6,4,302,302,75,104,52,48,15,6,2,223,186,37,9,163,6,40,35
533700754,0,,,133,64,69,24,11,13,109,53,56,82,39,43,103,49,54,98,46,52,27,14,13,15,9,6,4,2,2,0,0,0,0,0,0,43,43,8,10,7,11,4,1,2,35,30,5,5,20,0,5,3
533700761,0,,,215,106,109,26,14,12,179,88,91,137,69,68,169,83,86,164,80,84,42,19,23,20,10,10,5,3,2,1,1,0,5,2,3,104,104,40,33,20,7,3,1,0,64,61,3,12,25,5,6,9
533700762,0,,,341,158,183,61,26,35,279,132,147,237,112,125,254,122,132,239,113,126,42,20,22,16,7,9,4,2,2,1,0,1,0,0,0,106,106,5,29,28,30,10,4,0,100,90,10,4,28,0,1,10
533700763,0,,,65,31,34,11,4,7,47,23,24,35,17,18,47,23,24,47,23,24,12,6,6,4,2,2,0,0,0,0,0,0,4,0,4,34,30,14,5,7,4,0,0,0,16,15,1,5,7,5,1,3
533700771,0,,,186,89,97,35,14,21,151,75,76,113,55,58,144,70,74,138,68,70,38,20,18,9,4,5,0,0,0,0,0,0,2,1,1,56,56,1,19,9,17,8,2,0,54,45,9,4,26,0,1,9
533700774,0,,,18,11,7,2,1,1,16,10,6,10,7,3,15,9,6,14,8,6,6,3,3,1,1,0,0,0,0,0,0,0,0,0,0,6,6,1,1,2,1,1,0,0,5,4,1,0,3,0,0,1
533700781,1,,533700782,24,13,11,3,2,1,25,13,12,14,7,7,24,12,12,24,12,12,11,6,5,4,3,1,2,1,1,0,0,0,0,0,0,9,9,2,3,1,3,1,0,0,8,6,2,1,8,0,2,3
533700782,2,533700781,,4,2,2,*,*,*,*,*,*,*,*,*,*,*,*,*,*,*,*,*,*,*,*,*,*,*,*,*,*,*,*,*,*,1,1,*,*,*,*,*,*,*,*,*,*,*,*,*,*,*
533700783,0,,,94,46,48,10,5,5,84,41,43,53,28,25,81,40,41,80,40,40,31,13,18,20,8,12,11,4,7,0,0,0,1,0,1,30,30,3,8,11,3,3,1,1,27,21,6,2,20,0,3,1
533700801,0,,,190,84,106,21,9,12,161,71,90,108,46,62,153,68,85,147,64,83,53,25,28,27,13,14,7,1,6,1,0,1,13,1,12,80,80,31,24,5,10,6,2,2,47,37,10,5,36,3,8,11
533700802,0,,,486,243,243,63,35,28,410,202,208,292,144,148,390,189,201,381,186,195,118,58,60,53,30,23,8,6,2,0,0,0,14,5,9,211,211,63,70,39,31,6,2,0,145,128,17,20,76,8,16,24
533700803,0,,,420,203,217,23,11,12,394,191,203,208,100,108,388,186,202,381,184,197,186,91,95,80,38,42,20,10,10,1,0,1,9,4,5,170,170,40,58,38,22,10,2,0,129,110,19,8,120,0,25,44
533700804,0,,,141,72,69,16,8,8,122,62,60,78,42,36,121,61,60,118,59,59,44,20,24,11,3,8,2,0,2,0,0,0,6,0,6,60,60,24,10,13,8,4,1,0,35,26,9,2,28,3,3,5
533700811,0,,,1182,554,628,115,63,52,1064,490,574,593,284,309,1032,473,559,1018,465,553,471,206,265,278,122,156,67,31,36,4,2,2,25,11,14,480,480,98,195,96,58,26,5,2,379,335,44,29,309,3,69,114
533700812,0,,,731,353,378,86,47,39,644,306,338,386,188,198,626,297,329,610,286,324,258,118,140,145,70,75,23,6,17,0,0,0,20,8,12,274,274,44,101,59,49,16,3,2,228,200,28,27,162,1,29,68
533700813,0,,,757,387,370,59,34,25,659,333,326,386,210,176,639,323,316,628,319,309,273,123,150,163,69,94,37,10,27,4,0,4,26,13,13,371,371,166,97,56,36,11,5,0,204,177,27,16,173,29,41,59
533700814,0,,,578,282,296,50,24,26,528,258,270,274,135,139,516,253,263,511,250,261,254,123,131,148,72,76,38,16,22,3,1,2,2,1,1,230,230,43,93,47,35,6,4,2,185,158,27,11,158,2,29,61
533700822,0,,,64,28,36,6,3,3,58,25,33,47,21,26,55,24,31,53,22,31,11,4,7,2,1,1,1,0,1,0,0,0,6,0,6,28,28,9,6,10,2,1,0,0,19,18,1,0,7,6,1,3
533700823,0,,,285,140,145,45,24,21,240,116,124,196,102,94,229,111,118,218,106,112,44,14,30,23,9,14,8,1,7,0,0,0,0,0,0,91,91,9,21,22,29,9,0,1,82,74,8,7,31,0,4,7
533700824,0,,,535,276,259,60,32,28,475,244,231,354,185,169,451,231,220,433,221,212,121,59,62,49,27,22,7,5,2,0,0,0,2,1,1,186,186,26,49,54,42,10,4,1,160,147,13,12,74,1,13,29
533700831,0,,,41,16,25,7,4,3,34,12,22,16,5,11,34,12,22,34,12,22,18,7,11,7,2,5,2,0,2,0,0,0,2,0,2,18,18,7,3,6,1,0,1,0,11,9,2,1,13,2,5,0
533700833,0,,,697,344,353,100,48,52,597,296,301,481,240,241,564,277,287,539,268,271,116,56,60,51,27,24,8,2,6,0,0,0,20,11,9,237,237,32,67,58,54,19,3,4,202,179,23,14,76,4,12,23
533700841,2,533700842,,4,2,2,*,*,*,*,*,*,*,*,*,*,*,*,*,*,*,*,*,*,*,*,*,*,*,*,*,*,*,*,*,*,2,2,*,*,*,*,*,*,*,*,*,*,*,*,*,*,*
533700842,1,,533700841,435,246,189,46,22,24,383,221,162,307,185,122,374,215,159,364,208,156,76,36,40,38,18,20,12,4,8,0,0,0,58,51,7,228,228,128,33,41,21,5,1,1,101,81,20,19,53,60,17,9
533700843,0,,,98,47,51,13,6,7,85,41,44,50,27,23,84,40,44,83,39,44,35,14,21,17,7,10,7,4,3,0,0,0,8,3,5,35,35,7,11,7,6,1,2,1,27,22,5,4,22,0,6,8
533700844,0,,,143,68,75,18,7,11,125,61,64,77,40,37,118,58,60,115,56,59,48,21,27,21,9,12,6,2,4,0,0,0,0,0,0,51,51,10,14,13,6,6,2,0,40,29,11,4,34,1,9,7
533700851,0,,,207,111,96,24,14,10,183,97,86,142,80,62,175,92,83,163,87,76,41,17,24,17,8,9,4,1,3,0,0,0,10,4,6,71,71,10,18,21,14,6,2,0,60,58,2,3,24,0,2,8
533700852,0,,,117,60,57,36,22,14,81,38,43,56,29,27,80,38,42,79,38,41,25,9,16,13,3,10,7,1,6,0,0,0,0,0,0,36,36,3,11,6,9,5,1,1,33,28,5,5,15,0,2,5
533700853,0,,,102,45,57,25,8,17,77,37,40,63,32,31,71,32,39,68,31,37,14,5,9,7,1,6,3,0,3,0,0,0,0,0,0,28,28,2,3,7,9,5,2,0,26,18,8,10,11,0,2,2
533700854,0,,,96,48,48,17,9,8,79,39,40,47,24,23,76,38,38,74,37,37,32,15,17,21,9,12,6,4,2,0,0,0,0,0,0,31,31,4,8,7,5,7,0,0,27,19,8,5,19,0,2,5
533700861,0,,,119,62,57,10,7,3,109,55,54,70,37,33,106,54,52,103,52,51,39,18,21,18,8,10,7,3,4,1,0,1,0,0,0,34,34,3,7,6,9,6,3,0,31,19,12,2,23,0,2,3
533700863,0,,,321,159,162,19,10,9,302,149,153,158,78,80,294,147,147,291,146,145,144,71,73,43,18,25,12,3,9,1,0,1,6,3,3,129,129,22,55,29,16,5,1,1,106,93,13,3,90,0,15,33
533700872,0,,,91,46,45,14,8,6,77,38,39,54,29,25,75,36,39,75,36,39,23,9,14,12,2,10,5,1,4,1,0,1,0,0,0,31,31,6,5,10,6,3,1,0,25,16,9,5,16,1,1,2
533700873,0,,,38,20,18,5,3,2,31,16,15,15,9,6,29,14,15,29,14,15,16,7,9,8,4,4,0,0,0,0,0,0,0,0,0,12,12,2,3,4,1,0,0,2,7,7,0,1,9,0,2,2
533700874,0,,,63,36,27,5,3,2,58,33,25,50,30,20,53,30,23,51,29,22,8,3,5,3,1,2,2,1,1,0,0,0,0,0,0,27,27,15,2,2,5,2,0,1,12,8,4,1,6,5,0,0
533700881,0,,,102,48,54,16,8,8,86,40,46,49,26,23,85,39,46,85,39,46,37,14,23,18,5,13,7,1,6,1,0,1,1,1,0,41,41,11,10,12,5,3,0,0,30,25,5,3,24,0,6,5
533700882,0,,,177,83,94,19,9,10,155,72,83,93,41,52,152,71,81,150,71,79,62,31,31,37,15,22,17,7,10,1,0,1,1,0,1,61,61,13,19,8,10,6,4,1,47,35,12,5,39,0,10,10
533700883,0,,,86,49,37,11,9,2,75,40,35,50,28,22,73,40,33,71,39,32,25,12,13,10,4,6,1,0,1,0,0,0,0,0,0,32,32,8,7,10,3,2,2,0,24,21,3,4,19,0,5,4
533700884,0,,,134,63,71,9,5,4,125,58,67,73,35,38,124,57,67,123,56,67,52,23,29,29,10,19,12,3,9,1,0,1,1,0,1,45,45,4,16,13,4,5,3,0,39,28,11,1,32,0,1,5
533700891,0,,,62,30,32,1,1,0,61,29,32,33,17,16,61,29,32,59,27,32,28,12,16,17,6,11,5,2,3,0,0,0,0,0,0,26,26,6,10,7,1,1,1,0,20,15,5,1,18,0,4,5
533700901,0,,,64,31,33,5,3,2,58,28,30,40,21,19,56,26,30,54,25,29,18,7,11,8,2,6,4,1,3,0,0,0,0,0,0,26,26,8,5,6,7,0,0,0,18,14,4,2,13,0,5,2
533700902,0,,,101,45,56,16,6,10,84,39,45,65,30,35,80,37,43,73,36,37,19,9,10,3,2,1,0,0,0,0,0,0,0,0,0,47,47,22,11,3,8,2,1,0,25,25,0,1,12,7,1,7
533700911,0,,,1227,602,625,235,112,123,988,488,500,718,351,367,957,473,484,931,462,469,270,137,133,83,44,39,12,3,9,0,0,0,5,2,3,433,433,62,141,88,100,35,5,2,369,343,26,48,177,2,28,75
533700912,0,,,279,135,144,36,16,20,241,118,123,153,77,76,225,112,113,220,111,109,88,41,47,37,14,23,14,5,9,0,0,0,4,3,1,93,93,17,23,21,17,7,6,2,76,57,19,3,55,0,8,14
533700913,0,,,968,490,478,346,175,171,622,315,307,555,278,277,612,308,304,606,305,301,67,37,30,16,10,6,2,2,0,0,0,0,17,8,9,290,290,18,62,54,122,29,4,1,271,262,9,125,47,1,4,19
533700914,0,,,84,51,33,13,7,6,70,43,27,47,31,16,69,42,27,69,42,27,23,12,11,11,5,6,4,1,3,0,0,0,10,10,0,38,38,19,3,8,5,3,0,0,19,14,5,7,16,1,7,1
533700921,0,,,254,125,129,32,22,10,222,103,119,149,65,84,213,100,113,208,96,112,73,38,35,38,18,20,8,2,6,0,0,0,2,0,2,89,89,11,31,19,20,5,2,1,77,65,12,9,45,1,7,19
533700922,0,,,135,73,62,36,24,12,98,49,49,86,44,42,96,47,49,94,46,48,12,5,7,8,3,5,2,1,1,0,0,0,6,2,4,40,40,6,5,8,13,5,3,0,34,29,5,12,9,0,3,2
533700923,0,,,224,124,100,22,14,8,184,101,83,143,81,62,181,99,82,177,98,79,41,20,21,9,2,7,2,0,2,0,0,0,21,15,6,122,122,68,24,17,10,1,2,0,53,45,8,9,29,9,6,9
533700924,0,,,259,137,122,28,15,13,229,120,109,177,95,82,225,117,108,187,91,96,52,25,27,28,12,16,6,2,4,0,0,0,2,0,2,82,80,15,26,22,14,2,1,0,64,55,9,8,34,1,7,11
533700931,0,,,202,100,102,26,14,12,176,86,90,125,60,65,172,86,86,170,85,85,51,26,25,13,5,8,5,1,4,0,0,0,2,1,1,79,79,11,32,21,12,2,1,0,67,64,3,7,32,1,5,12
533700933,0,,,102,60,42,18,9,9,82,50,32,64,41,23,78,48,30,76,47,29,18,9,9,8,5,3,5,3,2,1,1,0,5,5,0,46,46,20,12,3,7,3,1,0,25,22,3,5,11,5,1,4
533700934,0,,,401,208,193,47,22,25,328,173,155,248,136,112,321,170,151,318,168,150,80,37,43,35,18,17,6,2,4,1,0,1,13,5,8,209,209,102,58,26,15,3,5,0,102,95,7,17,50,22,11,20
533700941,0,,,148,73,75,11,4,7,131,65,66,99,50,49,128,64,64,126,64,62,32,15,17,19,9,10,5,3,2,1,1,0,3,2,1,63,63,18,22,12,7,2,2,0,39,33,6,4,21,1,5,5
533700942,0,,,439,211,228,43,20,23,390,189,201,235,119,116,380,185,195,373,183,190,155,70,85,80,38,42,17,6,11,3,1,2,18,6,12,175,175,41,63,34,21,12,3,1,131,107,24,11,106,0,24,32
533700943,0,,,326,165,161,52,27,25,260,132,128,224,112,112,252,127,125,248,127,121,36,20,16,11,6,5,2,0,2,1,0,1,35,13,22,155,155,73,34,22,15,9,1,1,78,71,7,14,24,24,5,6
533700944,0,,,717,351,366,113,63,50,589,281,308,440,225,215,577,274,303,569,270,299,149,56,93,80,26,54,39,8,31,2,1,1,75,40,35,316,315,129,73,54,41,13,5,0,181,154,27,37,95,39,25,18
533700951,0,,,264,134,130,34,21,13,229,113,116,141,72,69,219,108,111,212,102,110,88,41,47,30,15,15,10,4,6,0,0,0,4,1,3,91,91,10,36,20,13,5,4,3,80,65,15,8,58,1,3,16
533700952,0,,,767,373,394,57,28,29,706,344,362,373,183,190,686,336,350,671,331,340,333,161,172,117,70,47,17,10,7,1,1,0,13,6,7,310,310,60,136,53,42,10,7,2,247,220,27,11,208,1,44,88
533700953,0,,,776,396,380,181,106,75,586,287,299,469,238,231,564,275,289,555,270,285,117,49,68,57,21,36,18,2,16,0,0,0,28,16,12,281,280,66,75,51,62,20,3,3,208,195,13,57,63,9,13,25
533700954,0,,,403,187,216,59,27,32,338,157,181,202,99,103,321,147,174,313,144,169,136,58,78,74,36,38,9,4,5,0,0,0,12,4,8,149,149,24,52,39,16,15,2,1,125,108,17,17,87,0,13,30
533700961,0,,,1253,618,635,114,58,56,1137,559,578,625,315,310,1108,543,565,1087,528,559,512,244,268,224,114,110,55,24,31,4,1,3,26,18,8,480,480,84,188,100,74,19,9,6,395,338,57,21,322,3,58,119
533700962,0,,,89,47,42,2,2,0,87,45,42,70,34,36,86,44,42,84,44,40,17,11,6,8,4,4,2,1,1,0,0,0,35,18,17,56,56,41,5,5,3,1,1,0,15,11,4,1,11,31,3,1
533700963,0,,,87,45,42,12,8,4,73,37,36,49,25,24,72,36,36,71,36,35,24,12,12,14,6,8,3,2,1,0,0,0,8,5,3,37,37,13,11,4,5,4,0,0,23,20,3,4,16,7,3,7
533700964,0,,,91,37,54,10,3,7,81,34,47,55,25,30,76,31,45,76,31,45,26,9,17,11,2,9,3,0,3,0,0,0,1,0,1,34,34,8,9,9,5,1,1,1,26,20,6,1,19,1,6,5
533700971,0,,,120,67,53,14,7,7,106,60,46,72,40,32,104,59,45,97,55,42,34,20,14,24,13,11,4,3,1,0,0,0,2,2,0,46,46,9,16,8,10,3,0,0,37,31,6,3,22,1,2,11
533700972,0,,,81,41,40,8,4,4,73,37,36,54,28,26,72,37,35,72,37,35,19,9,10,11,5,6,2,1,1,0,0,0,0,0,0,34,34,13,6,6,8,0,1,0,21,16,5,2,12,2,2,1
533700973,0,,,105,47,58,11,5,6,94,42,52,66,30,36,91,40,51,88,39,49,28,12,16,13,5,8,5,1,4,0,0,0,0,0,0,34,34,3,9,9,9,3,1,0,30,23,7,2,18,0,0,4
533700974,0,,,16,8,8,1,0,1,15,8,7,9,5,4,14,8,6,14,8,6,6,3,3,1,1,0,0,0,0,0,0,0,0,0,0,6,6,0,3,2,1,0,0,0,6,6,0,0,3,0,0,2
533700981,0,,,20,7,13,2,1,1,18,6,12,10,3,7,18,6,12,17,6,11,8,3,5,6,3,3,1,1,0,0,0,0,0,0,0,8,8,3,2,1,1,0,1,0,5,3,2,1,7,0,3,0
533700982,1,,533700984;533700993,92,42,50,6,1,5,91,43,48,60,30,30,90,42,48,88,41,47,31,13,18,13,4,9,7,1,6,0,0,0,0,0,0,30,30,9,6,6,5,5,1,1,24,16,8,2,22,0,7,2
533700983,0,,,32,16,16,3,1,2,29,15,14,17,9,8,29,15,14,29,15,14,12,6,6,6,3,3,3,2,1,1,1,0,0,0,0,9,9,1,2,2,2,0,1,1,8,4,4,2,7,0,0,2
533700984,2,533700982,,2,1,1,*,*,*,*,*,*,*,*,*,*,*,*,*,*,*,*,*,*,*,*,*,*,*,*,*,*,*,*,*,*,1,1,*,*,*,*,*,*,*,*,*,*,*,*,*,*,*
533700993,2,533700982,,3,1,2,*,*,*,*,*,*,*,*,*,*,*,*,*,*,*,*,*,*,*,*,*,*,*,*,*,*,*,*,*,*,2,2,*,*,*,*,*,*,*,*,*,*,*,*,*,*,*
533701001,0,,,1084,511,573,119,67,52,955,440,515,549,270,279,933,428,505,919,422,497,406,170,236,229,83,146,74,24,50,6,1,5,18,8,10,482,481,167,151,85,52,17,5,4,310,260,50,32,285,10,91,73
533701002,0,,,1019,475,544,98,46,52,899,416,483,483,241,242,884,409,475,876,405,471,416,175,241,250,88,162,91,24,67,9,1,8,16,6,10,415,414,114,138,81,44,31,5,1,295,241,54,24,274,3,77,71
533701003,0,,,1240,610,630,135,60,75,1085,538,547,734,383,351,1060,527,533,1047,520,527,351,155,196,188,72,116,53,19,34,4,2,2,35,23,12,579,579,242,155,86,66,22,3,5,337,288,49,37,242,40,72,64
533701004,0,,,439,203,236,32,17,15,401,183,218,238,123,115,396,182,214,390,178,212,163,60,103,115,39,76,63,15,48,9,1,8,18,11,7,177,176,63,55,28,23,5,0,2,110,94,16,10,81,11,22,18
533701011,0,,,932,464,468,137,70,67,785,388,397,534,280,254,765,381,384,750,372,378,251,108,143,129,45,84,33,10,23,4,0,4,24,12,12,376,376,107,113,60,70,19,5,2,268,236,32,39,171,25,35,54
533701012,0,,,382,192,190,48,30,18,327,158,169,221,110,111,317,153,164,311,150,161,106,48,58,67,25,42,19,6,13,2,0,2,17,6,11,166,166,63,41,30,17,11,4,0,101,81,20,19,73,15,21,19
533701013,0,,,204,73,131,5,3,2,198,69,129,49,31,18,198,69,129,197,68,129,149,38,111,121,23,98,92,13,79,23,0,23,8,8,0,51,49,21,13,11,3,1,0,0,28,25,3,2,26,7,5,10
533701014,0,,,68,34,34,3,1,2,64,32,32,37,19,18,63,32,31,61,31,30,27,13,14,11,5,6,0,0,0,0,0,0,0,0,0,29,29,5,13,8,2,1,0,0,23,22,1,1,18,0,1,3
533701021,0,,,25,10,15,0,0,0,25,10,15,19,9,10,25,10,15,25,10,15,6,1,5,4,1,3,3,1,2,0,0,0,0,0,0,7,6,3,2,1,0,0,0,0,3,3,0,0,4,0,2,1
533701022,0,,,20,9,11,1,1,0,19,8,11,12,5,7,19,8,11,17,7,10,7,3,4,3,1,2,1,0,1,0,0,0,0,0,0,8,8,1,3,3,1,0,0,0,7,6,1,0,4,0,1,0
533701023,0,,,67,33,34,4,2,2,63,31,32,36,17,19,62,31,31,57,28,29,27,14,13,14,10,4,0,0,0,0,0,0,1,0,1,19,19,0,4,7,5,0,3,0,19,14,5,1,14,0,0,3
533701032,0,,,310,144,166,124,52,72,186,92,94,172,85,87,185,92,93,185,92,93,14,7,7,3,2,1,0,0,0,0,0,0,1,0,1,93,93,5,20,21,34,12,1,0,88,85,3,55,9,0,1,4
533701033,0,,,51,24,27,18,6,12,33,18,15,33,18,15,33,18,15,33,18,15,0,0,0,0,0,0,0,0,0,0,0,0,4,1,3,16,16,1,3,4,8,0,0,0,15,15,0,9,0,0,0,0
533701034,0,,,538,257,281,172,72,100,366,185,181,340,174,166,353,179,174,349,175,174,26,11,15,10,3,7,5,2,3,0,0,0,3,1,2,175,175,29,33,36,54,20,2,1,144,135,9,62,16,7,1,2
533701041,0,,,170,82,88,24,11,13,146,71,75,98,49,49,141,70,71,138,68,70,48,22,26,23,12,11,7,2,5,0,0,0,7,2,5,57,57,7,16,13,16,2,3,0,50,39,11,8,31,1,4,8
533701042,0,,,261,117,144,30,14,16,231,103,128,119,59,60,227,101,126,226,101,125,112,44,68,71,25,46,42,12,30,11,1,10,3,2,1,84,82,14,24,24,13,6,1,0,67,55,12,6,48,0,8,9
533701043,0,,,808,401,407,132,69,63,673,330,343,467,240,227,659,320,339,643,314,329,206,90,116,94,36,58,31,12,19,3,0,3,12,2,10,317,317,75,106,67,42,15,9,3,240,208,32,42,138,11,26,42
533701044,0,,,528,261,267,65,36,29,446,214,232,312,162,150,435,207,228,428,203,225,134,52,82,66,20,46,18,5,13,0,0,0,22,12,10,214,214,64,59,43,33,8,5,2,146,114,32,18,96,13,17,20
533701051,0,,,34,17,17,4,3,1,30,14,16,30,14,16,30,14,16,28,14,14,0,0,0,0,0,0,0,0,0,0,0,0,0,0,0,28,28,26,0,1,0,1,0,0,2,2,0,2,0,14,0,0
533701052,0,,,29,9,20,2,0,2,27,9,18,11,3,8,26,9,17,26,9,17,16,6,10,11,4,7,3,2,1,0,0,0,1,1,0,16,16,6,8,1,1,0,0,0,10,10,0,0,12,0,5,3
533701053,0,,,222,108,114,25,14,11,197,94,103,125,61,64,195,94,101,194,93,101,72,33,39,43,19,24,12,5,7,0,0,0,0,0,0,75,75,8,25,17,16,6,2,1,67,47,20,5,44,1,2,11
533701054,0,,,101,45,56,3,1,2,98,44,54,54,24,30,96,43,53,93,42,51,44,20,24,18,9,9,5,3,2,0,0,0,1,0,1,46,46,16,14,11,3,0,2,0,30,27,3,0,31,0,12,7
533701072,0,,,264,129,135,21,11,10,243,118,125,132,67,65,238,115,123,231,111,120,111,51,60,61,29,32,9,5,4,0,0,0,3,1,2,101,101,20,37,19,15,8,1,1,81,69,12,5,70,0,14,27
533701081,0,,,203,90,113,9,4,5,193,86,107,101,51,50,185,85,100,184,85,99,92,35,57,53,19,34,18,5,13,2,0,2,0,0,0,77,76,23,21,17,11,4,0,0,53,41,12,2,60,0,19,14
533701082,0,,,456,214,242,29,18,11,425,194,231,236,114,122,408,187,221,397,183,214,189,80,109,101,41,60,32,10,22,4,0,4,7,3,4,172,172,40,55,32,27,8,8,2,129,95,34,6,133,0,32,24
533701083,0,,,9,4,5,0,0,0,9,4,5,1,1,0,9,4,5,9,4,5,8,3,5,6,2,4,1,0,1,0,0,0,0,0,0,5,5,2,2,1,0,0,0,0,3,2,1,0,4,0,1,2
533701084,0,,,17,9,8,2,2,0,15,7,8,7,4,3,15,7,8,15,7,8,8,3,5,8,3,5,3,1,2,0,0,0,0,0,0,7,7,1,2,4,0,0,0,0,6,5,1,0,5,0,1,2
533701091,0,,,402,194,208,36,19,17,365,174,191,195,95,100,360,172,188,353,170,183,170,79,91,90,36,54,23,8,15,2,1,1,1,0,1,168,168,49,56,30,19,9,5,0,118,88,30,11,117,1,33,28
533701092,0,,,86,46,40,12,5,7,74,41,33,42,29,13,73,40,33,72,40,32,32,12,20,10,2,8,3,0,3,0,0,0,1,1,0,33,33,10,8,6,3,6,0,0,23,16,7,3,23,0,9,4
533701093,0,,,631,319,312,152,82,70,479,237,242,432,219,213,428,210,218,407,199,208,47,18,29,24,10,14,6,2,4,0,0,0,15,6,9,188,188,18,31,44,64,25,4,2,170,161,9,19,33,0,3,5
533701094,0,,,197,93,104,18,10,8,179,83,96,112,55,57,170,78,92,166,78,88,67,28,39,32,14,18,8,4,4,0,0,0,0,0,0,72,72,15,28,10,6,9,3,1,57,46,11,7,44,0,11,14
533701101,0,,,244,110,134,23,10,13,221,100,121,127,56,71,215,96,119,212,94,118,94,44,50,55,24,31,13,6,7,1,0,1,9,2,7,99,99,27,31,21,11,7,1,1,71,54,17,4,64,2,16,14
533701102,0,,,203,105,98,20,8,12,182,96,86,106,61,45,177,93,84,173,90,83,76,35,41,45,23,22,18,6,12,2,1,1,4,3,1,79,78,21,25,12,11,6,3,0,57,45,12,2,49,1,14,15
533701103,0,,,260,120,140,34,15,19,226,105,121,145,73,72,221,103,118,218,101,117,81,32,49,52,18,34,14,2,12,0,0,0,3,1,2,101,101,22,35,22,12,8,1,1,79,68,11,6,55,1,15,18
533701104,0,,,78,33,45,5,2,3,72,31,41,45,19,26,68,31,37,67,30,37,27,12,15,15,7,8,2,0,2,1,0,1,1,1,0,32,32,12,9,3,4,2,1,1,19,13,6,2,17,1,5,3
533701111,1,,533701113,20,10,10,1,1,0,23,12,11,13,7,6,23,12,11,23,12,11,10,5,5,5,2,3,1,0,1,0,0,0,1,0,1,13,13,8,5,2,0,0,0,0,7,5,2,0,6,5,1,2
533701112,0,,,63,29,34,4,2,2,57,26,31,31,14,17,53,24,29,49,24,25,26,12,14,11,4,7,2,1,1,0,0,0,7,3,4,21,21,4,6,5,2,1,2,1,16,10,6,0,17,0,4,4
533701113,2,533701111,,4,3,1,*,*,*,*,*,*,*,*,*,*,*,*,*,*,*,*,*,*,*,*,*,*,*,*,*,*,*,*,*,*,2,2,*,*,*,*,*,*,*,*,*,*,*,*,*,*,*
533701114,0,,,9,4,5,0,0,0,9,4,5,5,2,3,9,4,5,9,4,5,4,2,2,2,1,1,1,0,1,0,0,0,0,0,0,4,4,1,2,0,1,0,0,0,3,3,0,0,3,0,1,1
533701121,2,533701124,,7,5,2,*,*,*,*,*,*,*,*,*,*,*,*,*,*,*,*,*,*,*,*,*,*,*,*,*,*,*,*,*,*,4,4,*,*,*,*,*,*,*,*,*,*,*,*,*,*,*
533701122,0,,,58,30,28,4,3,1,54,27,27,36,19,17,52,26,26,49,24,25,18,8,10,8,3,5,0,0,0,0,0,0,0,0,0,19,19,3,5,2,6,3,0,0,16,12,4,1,12,0,2,3
533701124,1,,533701121,142,58,84,14,6,8,132,54,78,78,35,43,129,52,77,125,51,74,54,19,35,27,8,19,6,3,3,0,0,0,3,3,0,55,55,16,19,12,5,4,2,1,41,30,11,1,38,2,10,9
533701131,2,533701133,,1,0,1,*,*,*,*,*,*,*,*,*,*,*,*,*,*,*,*,*,*,*,*,*,*,*,*,*,*,*,*,*,*,1,1,*,*,*,*,*,*,*,*,*,*,*,*,*,*,*
533701132,0,,,552,283,269,174,95,79,378,188,190,316,157,159,354,174,180,347,170,177,62,31,31,23,12,11,7,3,4,0,0,0,1,0,1,166,166,21,30,26,62,21,2,4,145,133,12,29,39,3,3,17
533701133,1,,533701131,231,107,124,17,9,8,215,98,117,130,65,65,211,96,115,208,95,113,85,33,52,48,18,30,15,3,12,1,0,1,1,0,1,75,75,9,26,17,13,2,6,3,67,48,19,3,53,0,8,11
533701134,0,,,356,178,178,47,27,20,305,147,158,214,107,107,297,146,151,292,142,150,91,40,51,48,20,28,16,6,10,2,0,2,6,3,3,127,127,28,34,28,20,10,4,3,98,77,21,14,62,4,10,15
533701141,0,,,757,364,393,69,35,34,685,328,357,432,219,213,669,315,354,656,309,347,253,109,144,135,53,82,36,16,20,0,0,0,8,5,3,291,291,71,94,55,41,14,13,3,213,163,50,16,164,6,36,42
533701142,0,,,195,98,97,31,17,14,163,80,83,108,57,51,157,75,82,152,74,78,55,23,32,32,15,17,7,1,6,1,0,1,6,1,5,67,67,14,21,6,14,8,3,1,53,41,12,5,37,1,5,11
533701143,0,,,582,298,284,74,40,34,505,256,249,337,179,158,494,250,244,485,247,238,168,77,91,110,45,65,31,9,22,2,1,1,18,9,9,227,227,62,57,49,45,7,6,1,163,144,19,27,110,11,31,28
533701144,0,,,488,225,263,33,16,17,455,209,246,236,117,119,448,206,242,441,202,239,219,92,127,130,60,70,32,15,17,0,0,0,12,7,5,195,195,42,71,43,27,8,2,2,153,127,26,4,142,0,34,42
533701153,0,,,240,112,128,23,9,14,217,103,114,151,73,78,207,100,107,203,97,106,66,30,36,32,10,22,10,3,7,0,0,0,10,5,5,96,96,22,36,17,13,6,1,1,74,65,9,4,49,1,13,12
533701172,0,,,170,80,90,11,5,6,159,75,84,101,51,50,153,74,79,148,72,76,58,24,34,30,10,20,13,6,7,1,0,1,3,1,2,65,65,10,25,18,7,3,1,1,55,48,7,2,39,0,5,11
533701173,0,,,254,119,135,24,8,16,229,110,119,138,72,66,222,106,116,219,105,114,91,38,53,46,16,30,13,2,11,1,0,1,5,4,1,100,100,27,31,18,14,6,3,1,73,57,16,1,65,3,18,14
533701174,0,,,410,190,220,55,30,25,355,160,195,219,104,115,341,153,188,335,153,182,136,56,80,87,30,57,33,10,23,1,0,1,12,7,5,151,151,32,45,28,31,10,5,0,118,89,29,10,88,9,16,23
533701181,1,,533701182,110,56,54,10,4,6,107,56,51,65,38,27,104,54,50,103,53,50,42,18,24,23,10,13,7,2,5,1,0,1,7,7,0,50,50,20,14,9,8,2,0,0,33,25,8,1,31,7,9,8
533701182,2,533701181,,7,4,3,*,*,*,*,*,*,*,*,*,*,*,*,*,*,*,*,*,*,*,*,*,*,*,*,*,*,*,*,*,*,3,3,*,*,*,*,*,*,*,*,*,*,*,*,*,*,*
533701183,0,,,86,37,49,6,3,3,80,34,46,47,20,27,80,34,46,80,34,46,33,14,19,18,7,11,4,1,3,0,0,0,3,1,2,31,31,5,8,12,2,3,1,0,26,22,4,3,22,0,3,3
533701192,0,,,886,413,473,78,37,41,808,376,432,528,245,283,786,366,420,768,360,408,280,131,149,102,41,61,25,9,16,1,0,1,11,5,6,323,323,46,125,74,41,23,10,4,276,226,50,16,194,0,31,52
533701194,0,,,149,52,97,10,5,5,139,47,92,56,29,27,137,47,90,136,46,90,83,18,65,60,9,51,36,4,32,12,1,11,0,0,0,91,91,59,15,11,3,3,0,0,32,26,6,7,75,1,54,7
533701201,0,,,197,81,116,21,11,10,176,70,106,123,49,74,167,68,99,165,67,98,53,21,32,32,15,17,13,7,6,1,0,1,2,1,1,77,77,19,20,19,15,3,1,0,58,51,7,2,35,3,7,10
533701202,0,,,341,157,184,43,29,14,295,127,168,171,78,93,284,121,163,282,120,162,124,49,75,81,30,51,27,6,21,1,0,1,6,3,3,129,127,30,49,22,16,8,1,1,95,89,6,17,63,4,17,25
533701203,0,,,116,53,63,13,8,5,103,45,58,66,29,37,99,42,57,97,41,56,37,16,21,21,9,12,6,1,5,0,0,0,0,0,0,43,43,11,10,10,6,5,1,0,32,26,6,0,26,0,6,5
533701204,0,,,211,98,113,32,15,17,179,83,96,124,60,64,173,79,94,171,79,92,55,23,32,33,13,20,7,1,6,0,0,0,1,0,1,80,80,14,27,20,12,7,0,0,65,61,4,10,35,0,8,12
533701211,1,,533701212,108,51,57,10,2,8,104,52,52,57,31,26,103,51,52,103,51,52,47,21,26,27,11,16,5,2,3,0,0,0,0,0,0,49,49,11,27,7,7,0,0,0,41,39,2,3,32,2,7,12
533701212,2,533701211,,6,3,3,*,*,*,*,*,*,*,*,*,*,*,*,*,*,*,*,*,*,*,*,*,*,*,*,*,*,*,*,*,*,3,3,*,*,*,*,*,*,*,*,*,*,*,*,*,*,*
533701213,0,,,365,183,182,36,20,16,329,163,166,234,119,115,314,155,159,311,153,158,95,44,51,52,19,33,14,4,10,1,0,1,2,1,1,128,128,20,35,34,25,11,3,0,105,83,22,8,62,1,9,14
533701221,1,,533701222,21,11,10,0,0,0,25,13,12,13,8,5,25,13,12,24,13,11,12,5,7,4,1,3,1,1,0,0,0,0,0,0,0,10,10,4,2,3,2,0,0,0,7,6,1,0,8,0,3,2
533701222,2,533701221,,4,2,2,*,*,*,*,*,*,*,*,*,*,*,*,*,*,*,*,*,*,*,*,*,*,*,*,*,*,*,*,*,*,1,1,*,*,*,*,*,*,*,*,*,*,*,*,*,*,*
533701231,0,,,23,9,14,1,0,1,22,9,13,11,4,7,21,8,13,21,8,13,11,5,6,7,3,4,4,1,3,2,0,2,0,0,0,8,8,1,4,1,0,1,1,0,7,5,2,0,7,0,1,3
533701232,0,,,151,70,81,14,4,10,137,66,71,82,44,38,135,64,71,130,60,70,55,22,33,38,15,23,10,7,3,0,0,0,2,0,2,68,68,23,24,8,9,4,0,0,45,36,9,1,39,2,13,12
533701234,0,,,354,184,170,47,24,23,307,160,147,197,109,88,296,151,145,287,144,143,110,51,59,51,25,26,16,8,8,0,0,0,3,1,2,142,142,37,45,28,22,7,1,2,105,97,8,16,76,2,20,21
533701241,0,,,544,265,279,54,28,26,486,237,249,311,163,148,478,230,248,471,227,244,175,74,101,100,47,53,27,10,17,1,1,0,17,11,6,244,244,98,62,39,28,11,4,2,144,120,24,13,117,23,27,32
533701242,0,,,650,307,343,83,37,46,564,267,297,409,198,211,543,258,285,529,250,279,155,69,86,67,28,39,22,8,14,0,0,0,11,4,7,273,273,83,75,60,42,9,4,0,189,163,26,24,106,11,27,24
533701243,0,,,705,359,346,60,27,33,638,326,312,415,221,194,624,317,307,612,310,302,223,105,118,127,48,79,58,25,33,6,2,4,15,9,6,318,318,124,82,59,33,14,5,1,190,154,36,26,149,24,39,35
533701244,0,,,721,355,366,82,39,43,638,315,323,436,223,213,617,306,311,602,301,301,202,92,110,95,34,61,40,16,24,2,1,1,10,4,6,311,310,96,101,62,30,14,6,1,209,180,29,34,139,11,35,46
533701251,0,,,409,202,207,48,27,21,361,175,186,213,112,101,354,170,184,343,164,179,148,63,85,88,34,54,33,13,20,1,0,1,8,2,6,164,164,45,45,38,23,10,3,0,119,97,22,11,103,1,30,26
533701252,0,,,45,22,23,4,1,3,38,19,19,23,13,10,37,18,19,36,17,19,15,6,9,8,3,5,1,0,1,0,0,0,2,1,1,23,23,13,4,3,1,1,1,0,10,6,4,1,11,1,4,3
533701253,0,,,905,438,467,144,73,71,754,360,394,513,253,260,726,345,381,715,338,377,241,107,134,146,59,87,42,18,24,3,1,2,25,11,14,347,347,82,99,71,70,21,2,2,258,220,38,41,163,4,36,48
533701254,0,,,32,16,16,4,3,1,28,13,15,21,10,11,28,13,15,26,12,14,7,3,4,2,0,2,2,0,2,0,0,0,0,0,0,11,11,3,4,1,1,0,1,1,8,5,3,2,5,0,0,2
533701261,0,,,125,61,64,12,7,5,113,54,59,58,29,29,109,52,57,107,51,56,55,25,30,40,19,21,5,5,0,0,0,0,0,0,0,49,49,9,21,8,8,2,0,1,40,34,6,2,35,0,8,15
533701262,0,,,302,146,156,38,20,18,264,126,138,163,87,76,255,123,132,250,119,131,101,39,62,66,22,44,23,5,18,2,0,2,14,5,9,103,102,21,30,20,16,8,4,3,80,62,18,10,62,0,15,13
533701263,0,,,169,79,90,28,9,19,141,70,71,82,45,37,138,69,69,137,69,68,59,25,34,32,13,19,3,1,2,0,0,0,4,3,1,65,65,18,25,4,12,1,2,3,47,36,11,6,40,2,9,16
533701264,0,,,390,186,204,58,31,27,332,155,177,212,104,108,327,155,172,320,151,169,120,51,69,62,21,41,27,6,21,1,1,0,33,19,14,151,151,38,46,34,16,12,3,2,111,89,22,15,86,4,24,20
533701271,0,,,502,237,265,55,29,26,442,204,238,290,140,150,422,198,224,414,193,221,152,64,88,82,33,49,23,11,12,1,0,1,23,9,14,179,179,39,49,40,26,15,5,5,139,106,33,14,104,7,22,25
533701272,1,,533701274,255,122,133,27,17,10,232,108,124,141,69,72,227,105,122,218,104,114,91,39,52,49,19,30,20,8,12,1,0,1,11,0,11,87,87,19,22,18,19,4,3,4,70,48,22,4,58,7,7,8
533701273,0,,,275,127,148,41,20,21,233,106,127,150,65,85,232,106,126,226,105,121,83,41,42,44,19,25,17,8,9,0,0,0,22,4,18,97,97,25,23,14,18,12,5,0,72,54,18,12,54,5,10,14
533701274,2,533701272,,4,3,1,*,*,*,*,*,*,*,*,*,*,*,*,*,*,*,*,*,*,*,*,*,*,*,*,*,*,*,*,*,*,2,2,*,*,*,*,*,*,*,*,*,*,*,*,*,*,*
533701281,2,533701284,,4,2,2,*,*,*,*,*,*,*,*,*,*,*,*,*,*,*,*,*,*,*,*,*,*,*,*,*,*,*,*,*,*,2,2,*,*,*,*,*,*,*,*,*,*,*,*,*,*,*
533701284,1,,533701281,111,50,61,23,7,16,92,45,47,78,39,39,90,44,46,89,44,45,14,6,8,5,2,3,1,0,1,0,0,0,6,5,1,40,40,7,15,8,7,4,1,0,33,29,4,7,11,1,2,2
533701291,0,,,254,130,124,47,24,23,205,106,99,178,93,85,197,100,97,192,98,94,27,13,14,13,8,5,2,1,1,0,0,0,66,39,27,122,122,58,27,17,13,5,0,2,63,55,8,14,21,17,7,4
533701292,0,,,592,275,317,70,33,37,515,239,276,382,176,206,494,224,270,478,214,264,133,63,70,53,22,31,15,7,8,1,0,1,50,9,41,255,255,91,73,36,31,22,1,1,162,145,17,19,87,35,13,28
533701293,0,,,952,471,481,139,70,69,802,397,405,623,323,300,765,378,387,745,373,372,179,74,105,111,45,66,29,14,15,2,1,1,27,14,13,367,367,100,86,84,71,17,5,4,265,227,38,46,125,18,27,31
533701294,0,,,965,465,500,134,70,64,819,390,429,610,300,310,787,372,415,770,365,405,209,90,119,100,42,58,40,12,28,1,0,1,49,25,24,423,423,159,117,67,47,19,11,3,261,225,36,42,144,28,43,42
533701301,0,,,363,177,186,54,29,25,306,147,159,219,109,110,294,141,153,289,139,150,87,38,49,47,19,28,13,3,10,1,0,1,18,8,10,150,150,44,44,30,23,6,2,1,104,88,16,20,57,7,9,18
533701302,0,,,412,199,213,33,19,14,379,180,199,199,98,101,372,175,197,362,168,194,180,82,98,99,46,53,37,15,22,6,0,6,2,1,1,162,161,39,58,32,18,10,4,0,120,104,16,8,104,2,21,31
533701303,0,,,682,349,333,139,73,66,543,276,267,459,242,217,485,239,246,465,227,238,84,34,50,31,13,18,4,2,2,0,0,0,5,0,5,214,214,21,58,37,68,27,1,2,192,182,10,27,57,0,12,22
533701304,0,,,854,447,407,62,43,19,791,403,388,530,272,258,779,394,385,770,390,380,261,131,130,99,38,61,30,10,20,1,0,1,5,2,3,330,329,57,136,71,42,13,9,1,270,235,35,19,170,3,26,54
533701311,0,,,1152,574,578,291,152,139,861,422,439,818,402,416,772,376,396,726,351,375,43,20,23,12,5,7,4,2,2,1,1,0,6,2,4,333,333,16,50,79,150,32,3,3,314,298,16,44,32,0,2,7
533701312,0,,,383,190,193,115,55,60,268,135,133,259,131,128,240,123,117,223,111,112,9,4,5,2,0,2,0,0,0,0,0,0,0,0,0,105,105,7,9,22,47,17,2,1,98,96,2,16,6,0,2,0
533701313,0,,,154,78,76,27,14,13,127,64,63,103,51,52,110,56,54,103,53,50,24,13,11,10,5,5,2,0,2,0,0,0,0,0,0,48,48,6,10,9,15,7,1,0,42,38,4,5,18,0,4,6
533701314,0,,,83,39,44,10,6,4,73,33,40,67,31,36,59,26,33,53,22,31,6,2,4,3,1,2,1,1,0,0,0,0,0,0,0,24,24,0,7,3,10,4,0,0,24,22,2,2,4,0,0,1
533701332,0,,,421,200,221,39,18,21,382,182,200,227,114,113,376,179,197,368,175,193,155,68,87,73,29,44,28,10,18,1,0,1,1,0,1,173,173,39,61,44,20,6,3,0,133,120,13,12,104,2,24,34
533701334,0,,,204,99,105,32,17,15,172,82,90,120,56,64,170,82,88,167,80,87,52,26,26,21,7,14,2,0,2,0,0,0,11,5,6,75,75,16,19,20,12,7,0,1,58,47,11,13,40,2,11,7
533701341,0,,,1046,504,542,103,57,46,933,441,492,627,314,313,910,429,481,893,422,471,306,127,179,159,59,100,52,16,36,4,0,4,13,2,11,439,439,130,135,86,62,19,6,1,297,252,45,30,213,13,59,51
533701342,0,,,1287,621,666,105,59,46,1178,561,617,738,376,362,1152,549,603,1131,538,593,440,185,255,238,91,147,76,24,52,6,1,5,40,23,17,573,572,202,174,96,73,19,3,5,364,315,49,37,297,21,93,79
533701343,0,,,669,333,336,70,34,36,597,297,300,400,207,193,580,290,290,566,285,281,197,90,107,97,42,55,25,9,16,0,0,0,19,9,10,284,284,88,88,51,39,14,3,1,193,163,30,15,137,9,32,42
533701344,0,,,1102,556,546,115,65,50,973,481,492,692,362,330,947,465,482,927,455,472,281,119,162,137,53,84,38,11,27,0,0,0,35,21,14,526,526,224,143,78,55,18,8,0,296,265,31,33,197,45,63,55
533701351,0,,,1013,508,505,121,71,50,888,434,454,579,298,281,866,425,441,848,416,432,309,136,173,160,62,98,49,13,36,5,0,5,22,10,12,403,403,108,126,83,47,30,1,8,292,249,43,32,205,12,45,59
533701352,0,,,976,493,483,121,56,65,829,424,405,603,318,285,806,412,394,793,404,389,226,106,120,93,45,48,21,8,13,2,2,0,120,56,64,445,445,181,125,56,51,22,7,3,253,217,36,31,155,39,40,57
533701353,0,,,1168,584,584,193,105,88,967,473,494,691,352,339,937,451,486,920,440,480,276,121,155,160,62,98,52,15,37,4,0,4,46,22,24,473,471,163,120,75,74,26,8,5,301,260,41,53,169,27,47,42
533701354,0,,,405,209,196,65,39,26,335,168,167,234,124,110,328,166,162,326,165,161,101,44,57,63,29,34,19,8,11,1,0,1,6,5,1,157,157,46,41,29,25,9,5,2,109,90,19,19,63,12,11,17
533701361,0,,,649,332,317,95,66,29,553,265,288,358,177,181,536,257,279,526,253,273,195,88,107,101,39,62,29,7,22,1,0,1,23,8,15,236,236,51,71,46,37,19,10,2,182,148,34,28,129,12,21,37
533701362,0,,,356,163,193,41,21,20,315,142,173,196,97,99,302,138,164,299,136,163,119,45,74,66,26,40,15,3,12,1,0,1,8,3,5,136,136,32,41,27,23,9,4,0,104,80,24,12,78,2,17,16
533701363,0,,,373,174,199,26,9,17,347,165,182,212,112,100,338,159,179,328,154,174,135,53,82,85,31,54,28,6,22,1,0,1,21,9,12,145,144,37,51,29,15,4,7,1,105,84,21,9,72,6,9,31
533701364,0,,,125,60,65,21,13,8,102,46,56,66,31,35,98,45,53,98,45,53,36,15,21,18,7,11,8,1,7,1,0,1,6,0,6,47,46,11,15,10,8,2,0,0,34,32,2,5,14,6,0,4
533701371,0,,,452,221,231,51,28,23,401,193,208,270,127,143,385,188,197,370,181,189,131,66,65,54,31,23,15,6,9,0,0,0,10,4,6,159,159,19,60,32,29,14,4,1,140,123,17,10,83,0,8,32
533701372,0,,,62,28,34,8,2,6,54,26,28,36,17,19,53,26,27,52,26,26,18,9,9,13,5,8,7,5,2,0,0,0,3,2,1,23,23,9,2,4,4,3,1,0,14,11,3,3,12,3,4,2
533701373,0,,,174,78,96,13,6,7,161,72,89,105,47,58,156,71,85,154,69,85,56,25,31,29,14,15,13,6,7,0,0,0,24,13,11,70,70,25,16,12,9,4,3,1,45,35,10,3,36,15,5,9
533701374,0,,,454,237,217,77,39,38,367,189,178,290,153,137,360,186,174,350,181,169,77,36,41,32,18,14,6,4,2,0,0,0,16,10,6,215,215,103,40,32,30,6,3,1,110,101,9,31,50,19,10,16
533701381,0,,,773,395,378,118,59,59,654,335,319,533,282,251,630,320,310,613,312,301,121,53,68,52,19,33,11,4,7,1,0,1,37,19,18,337,337,135,71,61,44,21,4,1,197,177,20,38,83,28,26,17
533701382,0,,,781,376,405,115,63,52,662,312,350,421,217,204,641,300,341,626,293,333,241,95,146,171,62,109,85,21,64,10,1,9,26,8,18,267,263,90,56,46,39,28,4,0,172,150,22,35,82,18,23,21
533701383,0,,,350,188,162,36,20,16,296,154,142,215,119,96,273,132,141,264,128,136,81,35,46,37,13,24,15,3,12,1,0,1,11,5,6,158,157,71,34,28,18,5,1,0,84,68,16,10,51,10,11,14
533701384,0,,,823,445,378,122,62,60,686,376,310,553,319,234,664,364,300,650,355,295,133,57,76,60,21,39,24,3,21,2,0,2,55,27,28,389,387,181,94,47,42,18,3,2,205,187,18,44,82,50,25,20
533701391,0,,,933,457,476,153,72,81,778,384,394,595,301,294,746,369,377,720,356,364,183,83,100,99,41,58,39,16,23,5,1,4,9,5,4,328,327,60,89,69,80,20,5,4,264,230,34,40,108,17,11,46
533701392,0,,,1011,502,509,149,85,64,852,411,441,628,316,312,819,392,427,802,382,420,224,95,129,124,45,79,39,5,34,2,1,1,13,7,6,387,386,101,107,78,65,21,11,3,281,230,51,46,140,17,26,30
533701393,0,,,874,441,433,146,76,70,723,364,359,604,310,294,700,354,346,679,348,331,119,54,65,60,26,34,20,7,13,4,0,4,61,33,28,388,387,142,97,72,64,10,2,0,242,222,20,47,78,41,14,25
533701394,0,,,1335,651,684,194,105,89,1117,537,580,803,403,400,1081,521,560,1057,514,543,314,134,180,172,63,109,66,23,43,0,0,0,10,3,7,593,593,227,163,78,90,25,8,2,365,316,49,57,207,38,60,63
533701401,0,,,157,83,74,40,24,16,117,59,58,104,55,49,102,49,53,97,45,52,13,4,9,4,1,3,2,0,2,0,0,0,3,1,2,45,45,3,9,9,17,4,1,2,42,39,3,5,8,0,2,2
533701402,0,,,107,49,58,16,9,7,91,40,51,73,33,40,89,39,50,88,39,49,18,7,11,6,1,5,4,1,3,0,0,0,1,1,0,38,38,6,8,15,5,4,0,0,30,26,4,4,12,0,3,2
533701411,0,,,12,6,6,4,2,2,8,4,4,6,3,3,8,4,4,8,4,4,2,1,1,2,1,1,0,0,0,0,0,0,0,0,0,4,4,0,2,0,2,0,0,0,4,4,0,0,1,0,0,1
533701421,0,,,170,78,92,0,0,0,170,78,92,85,36,49,170,78,92,170,78,92,85,42,43,36,14,22,14,1,13,1,0,1,0,0,0,1,0,0,0,0,0,0,0,0,0,0,0,0,0,0,0,0
533701422,2,533701424,,74,37,37,*,*,*,*,*,*,*,*,*,*,*,*,*,*,*,*,*,*,*,*,*,*,*,*,*,*,*,*,*,*,2,1,*,*,*,*,*,*,*,*,*,*,*,*,*,*,*
533701423,0,,,44,13,31,0,0,0,44,13,31,13,6,7,44,13,31,44,13,31,31,7,24,28,4,24,21,2,19,8,1,7,0,0,0,2,0,0,0,0,0,0,0,0,0,0,0,0,0,0,0,0
533701424,1,,533701422,110,48,62,2,0,2,182,85,97,120,59,61,178,84,94,176,83,93,62,26,36,23,7,16,6,0,6,2,0,2,6,4,2,53,53,19,21,7,5,0,2,0,35,29,6,0,34,3,7,9
533701431,0,,,24,15,9,0,0,0,24,15,9,21,14,7,23,14,9,22,13,9,3,1,2,2,0,2,1,0,1,0,0,0,0,0,0,9,9,2,2,3,1,1,0,0,7,6,1,0,3,0,0,0
533701432,0,,,198,89,109,20,8,12,178,81,97,101,46,55,174,79,95,173,78,95,77,35,42,27,13,14,7,2,5,1,0,1,21,8,13,85,85,22,35,14,11,1,0,2,63,56,7,4,48,8,8,18
533701433,0,,,205,104,101,19,10,9,186,94,92,119,59,60,177,88,89,174,87,87,67,35,32,27,14,13,5,1,4,0,0,0,2,0,2,77,77,12,28,19,12,4,2,0,65,58,7,4,43,0,7,14
533701434,0,,,1394,674,720,114,52,62,1279,621,658,631,296,335,1254,611,643,1237,602,635,648,325,323,206,100,106,45,18,27,1,0,1,40,13,27,555,555,98,237,116,66,24,10,4,456,395,61,27,413,1,73,173
533701441,0,,,339,158,181,34,13,21,303,143,160,202,99,103,294,138,156,288,135,153,101,44,57,66,27,39,21,9,12,1,0,1,2,1,1,122,122,21,43,18,27,9,3,1,100,79,21,8,67,1,12,22
533701442,0,,,700,342,358,64,31,33,630,308,322,392,201,191,609,299,310,600,296,304,238,107,131,126,48,78,47,12,35,4,1,3,12,5,7,297,297,85,96,60,40,13,3,0,211,182,29,16,164,5,42,53
533701443,0,,,46,18,28,3,1,2,43,17,26,22,8,14,41,15,26,40,15,25,21,9,12,10,5,5,1,1,0,0,0,0,6,3,3,21,21,10,6,1,1,1,2,0,11,9,2,0,16,0,8,5
533701444,0,,,358,162,196,31,19,12,326,142,184,196,89,107,317,138,179,315,138,177,130,53,77,77,31,46,15,6,9,1,1,0,7,5,2,142,142,32,56,26,14,6,7,1,110,83,27,8,91,1,22,25
533701451,0,,,627,303,324,102,55,47,522,247,275,323,161,162,512,241,271,503,238,265,199,86,113,126,50,76,44,12,32,6,1,5,43,20,23,228,227,47,69,50,42,14,3,2,178,148,30,31,110,5,19,35
533701452,0,,,864,422,442,117,54,63,738,365,373,522,271,251,723,361,362,706,355,351,216,94,122,110,47,63,39,16,23,2,1,1,15,4,11,351,351,90,115,71,50,19,6,0,251,217,34,38,145,21,29,40
533701453,0,,,693,350,343,82,35,47,598,304,294,407,217,190,586,298,288,575,289,286,191,87,104,107,51,56,23,12,11,0,0,0,57,33,24,302,302,106,92,45,36,15,7,1,193,159,34,27,132,13,28,38
533701454,0,,,555,258,297,61,25,36,492,232,260,341,168,173,470,219,251,459,213,246,151,64,87,72,25,47,22,4,18,1,0,1,10,4,6,202,202,36,61,52,36,9,5,3,164,128,36,18,99,0,15,27
533701461,0,,,480,227,253,68,35,33,409,191,218,266,123,143,400,186,214,396,183,213,143,68,75,67,27,40,25,9,16,3,1,2,27,14,13,188,188,47,68,27,25,13,5,3,139,107,32,24,95,10,17,31
533701462,1,,533701562,178,85,93,17,8,9,163,78,85,109,56,53,158,76,82,156,76,80,54,22,32,37,14,23,13,6,7,1,0,1,3,3,0,66,65,14,21,19,7,2,2,1,52,41,11,3,33,0,6,8
533701463,0,,,39,17,22,2,2,0,37,15,22,20,7,13,36,15,21,36,15,21,17,8,9,10,3,7,2,1,1,0,0,0,0,0,0,14,14,4,4,2,0,3,1,0,10,5,5,0,13,0,4,1
533701471,0,,,49,24,25,2,0,2,47,24,23,19,11,8,46,24,22,46,24,22,28,13,15,15,7,8,4,1,3,0,0,0,0,0,0,17,17,1,6,7,1,1,1,0,16,12,4,0,16,0,1,4
533701472,0,,,28,12,16,5,1,4,23,11,12,18,9,9,23,11,12,23,11,12,5,2,3,4,2,2,1,1,0,0,0,0,0,0,0,11,11,4,3,0,2,2,0,0,7,7,0,2,3,0,1,2
533701481,2,533701483,,2,1,1,*,*,*,*,*,*,*,*,*,*,*,*,*,*,*,*,*,*,*,*,*,*,*,*,*,*,*,*,*,*,1,1,*,*,*,*,*,*,*,*,*,*,*,*,*,*,*
533701482,0,,,220,82,138,33,15,18,185,66,119,140,45,95,159,65,94,148,63,85,45,21,24,23,12,11,4,2,2,0,0,0,0,0,0,69,68,16,18,18,13,2,0,1,52,46,6,14,30,4,6,11
533701483,1,,533701481,125,68,57,16,8,8,111,61,50,77,46,31,110,61,49,109,61,48,34,15,19,10,4,6,5,2,3,0,0,0,18,15,3,57,57,25,12,13,4,1,3,0,32,28,4,6,25,8,8,4
533701484,0,,,38,23,15,11,6,5,23,15,8,23,15,8,23,15,8,23,15,8,0,0,0,0,0,0,0,0,0,0,0,0,0,0,0,21,21,15,0,2,3,1,0,0,6,6,0,3,0,3,0,0
533701491,0,,,412,196,216,47,21,26,362,173,189,247,119,128,346,171,175,338,166,172,115,54,61,41,17,24,7,1,6,3,0,3,18,7,11,202,202,92,49,35,16,8,1,1,108,90,18,9,73,18,18,19
533701492,0,,,562,301,261,51,26,25,497,269,228,364,215,149,488,265,223,481,260,221,133,54,79,72,25,47,24,7,17,1,0,1,22,12,10,305,305,180,45,45,21,11,3,0,123,103,20,16,97,49,28,18
533701494,0,,,60,29,31,4,3,1,56,26,30,42,21,21,53,24,29,52,23,29,14,5,9,7,2,5,3,0,3,0,0,0,0,0,0,19,19,2,5,2,8,2,0,0,17,12,5,1,10,0,2,3
533701513,0,,,11,6,5,1,1,0,10,5,5,5,3,2,10,5,5,10,5,5,5,2,3,4,2,2,0,0,0,0,0,0,3,2,1,6,6,2,3,1,0,0,0,0,3,3,0,0,3,0,1,2
533701521,0,,,47,17,30,1,0,1,46,17,29,33,11,22,46,17,29,46,17,29,13,6,7,7,4,3,3,1,2,0,0,0,0,0,0,18,18,1,8,6,3,0,0,0,17,13,4,1,9,0,0,3
533701522,1,,533701621,115,47,68,6,4,2,110,43,67,83,33,50,110,43,67,108,43,65,27,10,17,9,2,7,1,0,1,0,0,0,5,2,3,50,50,11,21,14,4,1,0,0,40,34,6,2,22,1,3,5
533701532,0,,,508,233,275,78,42,36,430,191,239,295,126,169,417,185,232,403,175,228,135,65,70,53,21,32,15,3,12,0,0,0,49,21,28,211,211,46,84,42,33,2,2,2,164,153,11,22,95,1,32,32
533701542,0,,,243,120,123,57,28,29,186,92,94,181,90,91,160,78,82,150,73,77,5,2,3,0,0,0,0,0,0,0,0,0,1,0,1,69,69,3,9,21,26,8,1,1,65,64,1,1,3,0,0,1
533701544,0,,,37,18,19,2,2,0,35,16,19,32,15,17,33,14,19,30,13,17,3,1,2,0,0,0,0,0,0,0,0,0,0,0,0,14,14,4,2,3,5,0,0,0,10,9,1,0,3,0,2,0
533701551,1,,533701552,866,393,473,169,80,89,703,316,387,582,278,304,608,277,331,567,264,303,121,38,83,91,22,69,56,15,41,11,4,7,12,5,7,238,233,26,36,47,95,26,4,3,210,200,10,11,33,2,9,10
533701552,2,533701551,,6,3,3,*,*,*,*,*,*,*,*,*,*,*,*,*,*,*,*,*,*,*,*,*,*,*,*,*,*,*,*,*,*,4,4,*,*,*,*,*,*,*,*,*,*,*,*,*,*,*
533701553,1,,533701554,108,61,47,15,8,7,101,60,41,73,44,29,95,56,39,92,55,37,28,16,12,15,8,7,2,2,0,0,0,0,11,6,5,44,44,23,11,8,7,2,0,1,28,25,3,2,20,5,8,5
533701554,2,533701553,,8,7,1,*,*,*,*,*,*,*,*,*,*,*,*,*,*,*,*,*,*,*,*,*,*,*,*,*,*,*,*,*,*,8,8,*,*,*,*,*,*,*,*,*,*,*,*,*,*,*
533701562,2,533701462,,3,2,1,*,*,*,*,*,*,*,*,*,*,*,*,*,*,*,*,*,*,*,*,*,*,*,*,*,*,*,*,*,*,1,1,*,*,*,*,*,*,*,*,*,*,*,*,*,*,*
533701581,0,,,82,45,37,15,6,9,67,39,28,35,22,13,64,36,28,62,35,27,32,17,15,14,8,6,6,4,2,0,0,0,0,0,0,22,22,0,6,7,3,2,3,1,22,13,9,1,18,0,0,4
533701583,1,,533701584;533701591,130,69,61,9,6,3,135,74,61,85,52,33,135,74,61,134,74,60,50,22,28,28,12,16,10,3,7,0,0,0,0,0,0,49,49,24,14,11,6,2,3,1,37,27,10,0,28,7,2,8
533701584,2,533701583,,2,1,1,*,*,*,*,*,*,*,*,*,*,*,*,*,*,*,*,*,*,*,*,*,*,*,*,*,*,*,*,*,*,1,1,*,*,*,*,*,*,*,*,*,*,*,*,*,*,*
533701591,2,533701583,,12,10,2,*,*,*,*,*,*,*,*,*,*,*,*,*,*,*,*,*,*,*,*,*,*,*,*,*,*,*,*,*,*,11,11,*,*,*,*,*,*,*,*,*,*,*,*,*,*,*
533701602,2,533701611,,4,2,2,*,*,*,*,*,*,*,*,*,*,*,*,*,*,*,*,*,*,*,*,*,*,*,*,*,*,*,*,*,*,2,2,*,*,*,*,*,*,*,*,*,*,*,*,*,*,*
533701611,1,,533701602;533701612,92,45,47,10,6,4,95,45,50,52,28,24,94,44,50,93,43,50,43,17,26,16,6,10,4,1,3,1,0,1,1,0,1,34,34,4,19,7,5,3,0,1,35,29,6,0,27,0,4,11
533701612,2,533701611,,9,4,5,*,*,*,*,*,*,*,*,*,*,*,*,*,*,*,*,*,*,*,*,*,*,*,*,*,*,*,*,*,*,3,3,*,*,*,*,*,*,*,*,*,*,*,*,*,*,*
533701621,2,533701522,,1,0,1,*,*,*,*,*,*,*,*,*,*,*,*,*,*,*,*,*,*,*,*,*,*,*,*,*,*,*,*,*,*,1,1,*,*,*,*,*,*,*,*,*,*,*,*,*,*,*
533701642,0,,,76,32,44,5,2,3,71,30,41,42,18,24,69,29,40,69,29,40,29,12,17,9,5,4,2,1,1,0,0,0,4,2,2,33,33,7,15,7,2,2,0,0,25,21,4,0,20,0,4,9
533701651,1,,533701751,45,23,22,2,0,2,45,24,21,25,14,11,44,24,20,44,24,20,20,10,10,9,5,4,3,1,2,0,0,0,6,4,2,28,28,19,10,2,1,0,0,0,12,10,2,1,13,4,5,5
533701662,1,,533701664,13,6,7,0,0,0,14,6,8,3,1,2,14,6,8,14,6,8,11,5,6,4,3,1,0,0,0,0,0,0,0,0,0,6,6,1,5,1,0,0,0,0,6,6,0,0,6,0,0,4
533701664,2,533701662,,1,0,1,*,*,*,*,*,*,*,*,*,*,*,*,*,*,*,*,*,*,*,*,*,*,*,*,*,*,*,*,*,*,1,1,*,*,*,*,*,*,*,*,*,*,*,*,*,*,*
533701681,0,,,82,40,42,7,4,3,75,36,39,47,24,23,72,35,37,71,34,37,28,12,16,16,7,9,7,3,4,1,0,1,0,0,0,31,31,5,12,9,2,1,1,1,26,19,7,2,20,0,3,5
533701682,0,,,109,49,60,10,4,6,99,45,54,56,26,30,98,44,54,96,43,53,43,19,24,20,6,14,9,3,6,1,0,1,0,0,0,42,42,6,17,9,8,2,0,0,36,29,7,2,27,0,5,10
533701683,0,,,12,6,6,2,1,1,10,5,5,7,4,3,10,5,5,10,5,5,3,1,2,3,1,2,0,0,0,0,0,0,0,0,0,5,5,1,1,3,0,0,0,0,4,4,0,1,2,0,1,1
533701684,0,,,69,28,41,13,5,8,56,23,33,46,20,26,54,23,31,54,23,31,10,3,7,4,0,4,2,0,2,0,0,0,1,0,1,20,20,1,4,5,5,5,0,0,19,14,5,3,8,0,1,2
533701751,2,533701651,,4,2,2,*,*,*,*,*,*,*,*,*,*,*,*,*,*,*,*,*,*,*,*,*,*,*,*,*,*,*,*,*,*,4,4,*,*,*,*,*,*,*,*,*,*,*,*,*,*,*
533701772,2,533701774,,4,3,1,*,*,*,*,*,*,*,*,*,*,*,*,*,*,*,*,*,*,*,*,*,*,*,*,*,*,*,*,*,*,3,3,*,*,*,*,*,*,*,*,*,*,*,*,*,*,*
533701773,2,533701774,,5,2,3,*,*,*,*,*,*,*,*,*,*,*,*,*,*,*,*,*,*,*,*,*,*,*,*,*,*,*,*,*,*,2,2,*,*,*,*,*,*,*,*,*,*,*,*,*,*,*
533701774,1,,533701772;533701773,50,24,26,5,2,3,54,27,27,32,15,17,52,25,27,52,25,27,22,12,10,7,3,4,1,0,1,0,0,0,0,0,0,18,18,2,13,4,3,0,0,1,21,19,2,0,14,0,0,8
533701781,2,533701783,,9,4,5,*,*,*,*,*,*,*,*,*,*,*,*,*,*,*,*,*,*,*,*,*,*,*,*,*,*,*,*,*,*,4,4,*,*,*,*,*,*,*,*,*,*,*,*,*,*,*
533701782,2,533701783,,6,2,4,*,*,*,*,*,*,*,*,*,*,*,*,*,*,*,*,*,*,*,*,*,*,*,*,*,*,*,*,*,*,2,2,*,*,*,*,*,*,*,*,*,*,*,*,*,*,*
533701783,1,,533701781;533701782,2,1,1,2,1,1,15,6,9,6,2,4,15,6,9,15,6,9,9,4,5,8,3,5,2,1,1,0,0,0,0,0,0,2,2,3,3,0,2,0,0,0,5,5,0,1,6,0,3,2
533701791,2,533701793,,3,2,1,*,*,*,*,*,*,*,*,*,*,*,*,*,*,*,*,*,*,*,*,*,*,*,*,*,*,*,*,*,*,1,1,*,*,*,*,*,*,*,*,*,*,*,*,*,*,*
533701793,1,,533701791;533701794,84,42,42,10,6,4,80,39,41,42,20,22,77,37,40,76,36,40,38,19,19,22,12,10,6,3,3,0,0,0,0,0,0,33,33,11,9,8,4,3,1,0,25,22,3,2,27,0,10,6
533701794,2,533701793,,3,1,2,*,*,*,*,*,*,*,*,*,*,*,*,*,*,*,*,*,*,*,*,*,*,*,*,*,*,*,*,*,*,2,2,*,*,*,*,*,*,*,*,*,*,*,*,*,*,*
533701801,0,,,13,7,6,2,0,2,11,7,4,7,5,2,11,7,4,11,7,4,4,2,2,3,2,1,0,0,0,0,0,0,0,0,0,4,4,0,2,0,1,1,0,0,4,3,1,1,2,0,0,1
533701802,0,,,21,13,8,1,1,0,20,12,8,9,6,3,20,12,8,20,12,8,11,6,5,6,6,0,0,0,0,0,0,0,0,0,0,6,6,0,2,1,1,2,0,0,6,4,2,0,6,0,0,1
533701804,0,,,16,8,8,6,3,3,10,5,5,6,2,4,10,5,5,10,5,5,4,3,1,0,0,0,0,0,0,0,0,0,0,0,0,4,4,0,2,0,0,0,2,0,4,3,1,1,3,0,0,2
533701811,2,533701812,,14,8,6,*,*,*,*,*,*,*,*,*,*,*,*,*,*,*,*,*,*,*,*,*,*,*,*,*,*,*,*,*,*,3,3,*,*,*,*,*,*,*,*,*,*,*,*,*,*,*
533701812,1,,533701811,2,1,1,0,0,0,16,9,7,11,8,3,16,9,7,16,9,7,5,1,4,3,0,3,2,0,2,0,0,0,0,0,0,1,1,0,1,0,2,0,1,0,4,2,2,0,4,0,0,0
533701844,2,533701941,,8,4,4,*,*,*,*,*,*,*,*,*,*,*,*,*,*,*,*,*,*,*,*,*,*,*,*,*,*,*,*,*,*,3,3,*,*,*,*,*,*,*,*,*,*,*,*,*,*,*
533701873,2,533701883,,5,2,3,*,*,*,*,*,*,*,*,*,*,*,*,*,*,*,*,*,*,*,*,*,*,*,*,*,*,*,*,*,*,2,2,*,*,*,*,*,*,*,*,*,*,*,*,*,*,*
533701881,0,,,14,7,7,0,0,0,14,7,7,4,3,1,14,7,7,14,7,7,10,4,6,4,1,3,2,0,2,0,0,0,0,0,0,6,6,1,2,3,0,0,0,0,5,4,1,0,6,0,1,2
533701883,1,,533701873,25,18,7,4,4,0,26,16,10,13,7,6,24,14,10,24,14,10,13,9,4,7,5,2,1,1,0,0,0,0,0,0,0,9,9,4,2,3,0,1,0,1,7,5,2,1,9,0,4,2
533701891,0,,,111,49,62,12,6,6,99,43,56,56,27,29,96,41,55,95,41,54,43,16,27,25,7,18,7,1,6,0,0,0,2,1,1,39,39,6,14,8,4,5,2,0,33,23,10,1,30,0,6,9
533701892,0,,,61,29,32,7,3,4,54,26,28,21,10,11,52,25,27,52,25,27,33,16,17,15,8,7,9,4,5,2,1,1,0,0,0,24,24,7,6,6,3,0,2,0,17,14,3,1,19,0,5,4
533701893,0,,,66,26,40,2,1,1,64,25,39,33,10,23,62,23,39,62,23,39,31,15,16,13,5,8,5,2,3,0,0,0,0,0,0,25,25,3,10,7,3,2,0,0,22,21,1,1,21,0,2,5
533701894,0,,,51,21,30,0,0,0,51,21,30,23,10,13,51,21,30,51,21,30,28,11,17,13,4,9,6,1,5,1,0,1,0,0,0,19,19,2,6,7,4,0,0,0,17,12,5,0,15,0,2,2
533701933,0,,,26,13,13,6,3,3,20,10,10,7,4,3,20,10,10,20,10,10,13,6,7,5,2,3,1,1,0,0,0,0,0,0,0,10,10,1,5,1,3,0,0,0,9,9,0,3,7,0,1,5
533701934,0,,,123,58,65,19,8,11,104,50,54,56,29,27,99,48,51,96,45,51,48,21,27,23,7,16,8,2,6,0,0,0,0,0,0,44,44,8,17,6,7,2,3,1,36,28,8,4,33,0,6,10
533701941,1,,533701844;533701943;533701944,19,10,9,5,4,1,33,15,18,20,11,9,31,13,18,30,13,17,13,4,9,6,2,4,2,0,2,0,0,0,0,0,0,6,6,3,6,2,1,1,0,1,11,8,3,1,8,0,2,2
533701943,2,533701941,,7,4,3,*,*,*,*,*,*,*,*,*,*,*,*,*,*,*,*,*,*,*,*,*,*,*,*,*,*,*,*,*,*,3,3,*,*,*,*,*,*,*,*,*,*,*,*,*,*,*
533701944,2,533701941,,4,1,3,*,*,*,*,*,*,*,*,*,*,*,*,*,*,*,*,*,*,*,*,*,*,*,*,*,*,*,*,*,*,2,2,*,*,*,*,*,*,*,*,*,*,*,*,*,*,*
533701951,1,,533701952,41,19,22,3,1,2,41,20,21,17,8,9,41,20,21,41,20,21,24,12,12,17,8,9,8,3,5,0,0,0,0,0,0,20,20,8,8,4,2,0,0,0,14,14,0,1,18,0,8,5
533701952,2,533701951,,3,2,1,*,*,*,*,*,*,*,*,*,*,*,*,*,*,*,*,*,*,*,*,*,*,*,*,*,*,*,*,*,*,2,2,*,*,*,*,*,*,*,*,*,*,*,*,*,*,*
533701974,2,533701984,,5,3,2,*,*,*,*,*,*,*,*,*,*,*,*,*,*,*,*,*,*,*,*,*,*,*,*,*,*,*,*,*,*,2,2,*,*,*,*,*,*,*,*,*,*,*,*,*,*,*
533701981,2,533701984,,10,6,4,*,*,*,*,*,*,*,*,*,*,*,*,*,*,*,*,*,*,*,*,*,*,*,*,*,*,*,*,*,*,3,3,*,*,*,*,*,*,*,*,*,*,*,*,*,*,*
533701982,0,,,31,16,15,1,1,0,30,15,15,13,8,5,29,14,15,28,14,14,17,7,10,4,2,2,0,0,0,0,0,0,0,0,0,12,12,1,5,5,0,1,0,0,11,9,2,0,10,0,1,3
533701984,1,,533701974;533701981,41,18,23,5,3,2,51,24,27,28,16,12,50,24,26,48,22,26,23,8,15,15,6,9,3,1,2,0,0,0,0,0,0,14,14,4,4,5,3,1,2,0,15,9,6,1,16,0,3,2
533701991,0,,,63,27,36,4,3,1,59,24,35,32,14,18,59,24,35,59,24,35,27,10,17,12,3,9,7,1,6,0,0,0,1,0,1,26,26,8,7,5,5,0,1,0,18,12,6,2,18,0,5,3
533701992,0,,,107,49,58,15,7,8,92,42,50,52,25,27,91,42,49,90,41,49,40,17,23,18,7,11,9,2,7,2,0,2,0,0,0,36,36,7,8,11,5,2,2,1,28,18,10,3,25,0,5,4
533701993,0,,,22,11,11,0,0,0,22,11,11,12,6,6,22,11,11,22,11,11,10,5,5,2,1,1,0,0,0,0,0,0,0,0,0,9,9,2,4,1,1,1,0,0,7,6,1,0,6,0,1,3
533701994,0,,,28,13,15,0,0,0,28,13,15,13,7,6,27,12,15,27,12,15,15,6,9,9,2,7,4,1,3,0,0,0,1,0,1,11,11,1,5,3,2,0,0,0,10,6,4,0,9,0,1,1
533702001,0,,,18,9,9,5,3,2,13,6,7,9,4,5,13,6,7,13,6,7,4,2,2,3,1,2,0,0,0,0,0,0,0,0,0,6,6,0,3,1,1,1,0,0,6,5,1,1,3,0,0,2
533702003,0,,,139,75,64,15,11,4,124,64,60,75,42,33,119,61,58,117,60,57,49,22,27,21,8,13,6,3,3,0,0,0,1,0,1,50,50,8,19,9,8,3,2,1,42,34,8,5,30,0,3,14
533702004,0,,,18,9,9,0,0,0,18,9,9,8,4,4,17,9,8,17,9,8,10,5,5,6,3,3,0,0,0,0,0,0,0,0,0,7,7,2,0,4,1,0,0,0,5,4,1,0,6,0,2,0
533702013,0,,,111,54,57,12,8,4,99,46,53,63,30,33,92,42,50,87,41,46,36,16,20,14,4,10,2,2,0,0,0,0,0,0,0,39,39,7,12,11,2,4,2,1,32,27,5,0,23,0,5,6
533702014,0,,,87,39,48,11,3,8,76,36,40,56,27,29,70,33,37,67,32,35,20,9,11,9,3,6,2,0,2,0,0,0,2,2,0,26,26,2,5,7,8,3,0,1,24,16,8,3,14,2,0,4
533702022,0,,,24,13,11,0,0,0,24,13,11,5,4,1,24,13,11,24,13,11,19,9,10,6,2,4,3,0,3,0,0,0,0,0,0,11,11,3,4,3,1,0,0,0,8,5,3,0,11,0,3,3
533702023,0,,,263,123,140,13,8,5,250,115,135,133,71,62,243,111,132,240,110,130,117,44,73,70,25,45,19,4,15,1,0,1,1,1,0,102,102,18,44,22,7,6,4,1,84,67,17,1,75,0,10,19
533702042,0,,,24,12,12,0,0,0,24,12,12,15,9,6,24,12,12,24,12,12,9,3,6,6,1,5,2,1,1,0,0,0,0,0,0,10,10,4,1,3,1,1,0,0,6,2,4,0,8,0,4,0
533702051,2,533702054,,3,2,1,*,*,*,*,*,*,*,*,*,*,*,*,*,*,*,*,*,*,*,*,*,*,*,*,*,*,*,*,*,*,2,2,*,*,*,*,*,*,*,*,*,*,*,*,*,*,*
533702054,1,,533702051,49,22,27,1,0,1,51,24,27,25,11,14,50,23,27,50,23,27,26,13,13,7,1,6,4,0,4,0,0,0,0,0,0,18,18,3,6,7,4,0,0,0,17,12,5,1,15,0,2,4
533702061,0,,,14,5,9,0,0,0,14,5,9,7,4,3,14,5,9,14,5,9,7,1,6,7,1,6,3,0,3,0,0,0,0,0,0,8,8,5,0,3,0,0,0,0,3,2,1,0,6,0,4,0
533702062,1,,533702064,22,11,11,2,1,1,21,10,11,8,5,3,21,10,11,21,10,11,13,5,8,11,4,7,4,3,1,0,0,0,0,0,0,10,10,3,7,0,0,0,1,0,8,7,1,1,8,0,2,4
533702063,0,,,39,17,22,4,2,2,35,15,20,21,8,13,35,15,20,35,15,20,14,7,7,5,2,3,2,1,1,0,0,0,0,0,0,13,13,1,4,4,2,2,0,0,12,8,4,1,9,0,0,4
533702064,2,533702062,,1,0,1,*,*,*,*,*,*,*,*,*,*,*,*,*,*,*,*,*,*,*,*,*,*,*,*,*,*,*,*,*,*,1,1,*,*,*,*,*,*,*,*,*,*,*,*,*,*,*
533702072,0,,,29,14,15,6,4,2,23,10,13,13,8,5,22,10,12,22,10,12,10,2,8,2,1,1,1,0,1,0,0,0,1,0,1,12,12,6,0,2,3,1,0,0,6,4,2,2,8,0,5,0
533702074,0,,,16,8,8,0,0,0,16,8,8,7,4,3,16,8,8,15,7,8,9,4,5,4,2,2,0,0,0,0,0,0,0,0,0,7,7,1,3,3,0,0,0,0,6,5,1,0,6,0,1,1
533702081,0,,,6,6,0,0,0,0,6,6,0,6,6,0,6,6,0,6,6,0,0,0,0,0,0,0,0,0,0,0,0,0,6,6,0,6,6,6,0,0,0,0,0,0,0,0,0,0,0,4,0,0
533702082,0,,,39,23,16,1,1,0,38,22,16,21,14,7,38,22,16,36,22,14,17,8,9,13,6,7,8,5,3,1,0,1,5,5,0,17,17,6,4,4,2,1,0,0,11,8,3,0,9,5,1,3
533702083,0,,,14,8,6,0,0,0,14,8,6,7,5,2,14,8,6,14,8,6,7,3,4,5,1,4,3,1,2,0,0,0,0,0,0,5,5,1,2,1,0,0,1,0,4,2,2,0,5,0,1,1
533702084,0,,,15,7,8,0,0,0,15,7,8,7,3,4,15,7,8,15,7,8,8,4,4,4,2,2,1,0,1,0,0,0,1,1,0,6,6,2,0,3,1,0,0,0,4,2,2,0,5,1,1,0
533702091,0,,,101,55,46,13,9,4,88,46,42,56,32,24,85,44,41,84,43,41,32,14,18,12,4,8,1,0,1,0,0,0,2,1,1,34,34,6,6,11,8,2,0,1,28,21,7,3,21,0,4,1
533702092,0,,,40,17,23,2,1,1,38,16,22,19,10,9,37,15,22,36,14,22,19,6,13,5,2,3,1,0,1,0,0,0,2,2,0,20,20,8,8,2,0,2,0,0,11,8,3,0,13,2,4,4
533702093,0,,,52,24,28,1,1,0,51,23,28,18,10,8,51,23,28,51,23,28,33,13,20,19,6,13,5,3,2,0,0,0,0,0,0,27,27,11,9,5,2,0,0,0,16,14,2,0,21,0,7,6
533702094,0,,,121,56,65,14,6,8,107,50,57,70,35,35,103,49,54,100,47,53,37,15,22,21,6,15,7,2,5,1,0,1,1,0,1,38,38,7,9,10,2,6,1,3,31,17,14,3,29,0,7,3
533702101,0,,,196,68,128,12,3,9,180,63,117,76,42,34,174,59,115,171,57,114,104,21,83,90,16,74,64,8,56,9,1,8,3,2,1,51,50,17,15,9,4,3,1,1,31,25,6,3,19,2,4,1
533702102,0,,,26,13,13,5,3,2,21,10,11,15,7,8,20,9,11,19,9,10,6,3,3,2,0,2,1,0,1,1,0,1,0,0,0,9,9,3,1,2,1,1,1,0,6,5,1,0,5,0,2,1
533702103,0,,,432,193,239,26,12,14,403,180,223,223,111,112,393,175,218,387,173,214,180,69,111,95,39,56,20,6,14,0,0,0,50,26,24,204,204,81,58,40,16,5,3,1,121,106,15,10,131,7,58,25
533702104,0,,,17,9,8,0,0,0,17,9,8,15,8,7,15,8,7,12,6,6,2,1,1,0,0,0,0,0,0,0,0,0,0,0,0,5,5,0,1,1,3,0,0,0,5,4,1,0,1,0,0,0
533702111,0,,,122,64,58,15,6,9,107,58,49,68,43,25,105,56,49,104,55,49,39,15,24,15,5,10,2,0,2,1,0,1,1,0,1,43,43,8,15,6,9,1,3,1,35,26,9,3,26,0,2,7
533702112,0,,,252,124,128,40,20,20,212,104,108,136,71,65,212,104,108,210,102,108,76,33,43,30,12,18,7,1,6,2,0,2,1,0,1,88,88,8,33,21,18,5,3,0,80,67,13,15,48,0,5,16
533702113,0,,,275,131,144,23,12,11,252,119,133,155,77,78,247,116,131,240,114,126,97,42,55,44,16,28,14,4,10,0,0,0,1,0,1,94,94,12,26,29,18,6,1,2,82,68,14,8,63,0,10,15
533702114,0,,,615,295,320,84,39,45,531,256,275,329,167,162,518,251,267,508,245,263,202,89,113,107,40,67,42,10,32,5,1,4,4,1,3,222,221,36,78,44,40,17,6,0,181,149,32,24,123,2,24,33
533702121,0,,,303,156,147,45,28,17,258,128,130,180,93,87,247,121,126,241,116,125,78,35,43,43,19,24,12,6,6,1,0,1,15,8,7,115,115,29,35,19,19,8,4,1,86,72,14,9,48,9,9,16
533702122,0,,,84,44,40,8,3,5,76,41,35,48,29,19,75,40,35,74,39,35,28,12,16,13,5,8,2,1,1,0,0,0,8,4,4,33,33,7,13,7,3,2,0,1,26,22,4,1,21,0,4,6
533702123,0,,,234,111,123,30,19,11,204,92,112,129,66,63,196,88,108,191,87,104,75,26,49,46,14,32,15,5,10,0,0,0,5,4,1,77,77,16,20,15,13,7,3,3,61,43,18,5,50,0,12,9
533702124,0,,,51,25,26,5,3,2,46,22,24,30,15,15,42,19,23,40,18,22,16,7,9,3,2,1,1,0,1,0,0,0,0,0,0,20,20,3,9,3,4,1,0,0,17,16,1,0,9,0,1,4
533702132,2,533702133,,1,1,0,*,*,*,*,*,*,*,*,*,*,*,*,*,*,*,*,*,*,*,*,*,*,*,*,*,*,*,*,*,*,1,1,*,*,*,*,*,*,*,*,*,*,*,*,*,*,*
533702133,1,,533702132,32,15,17,5,1,4,28,15,13,15,9,6,26,13,13,25,13,12,13,6,7,6,3,3,1,0,1,0,0,0,0,0,0,12,12,2,6,2,2,1,0,0,11,10,1,0,8,0,2,3
533702141,2,533702142,,8,2,6,*,*,*,*,*,*,*,*,*,*,*,*,*,*,*,*,*,*,*,*,*,*,*,*,*,*,*,*,*,*,2,2,*,*,*,*,*,*,*,*,*,*,*,*,*,*,*
533702142,1,,533702141;533702144,11,5,6,0,0,0,22,8,14,6,2,4,22,8,14,22,8,14,16,6,10,8,3,5,5,2,3,0,0,0,0,0,0,4,4,1,3,1,3,0,0,0,7,4,3,0,7,0,0,2
533702144,2,533702142,,3,1,2,*,*,*,*,*,*,*,*,*,*,*,*,*,*,*,*,*,*,*,*,*,*,*,*,*,*,*,*,*,*,2,2,*,*,*,*,*,*,*,*,*,*,*,*,*,*,*
533702161,1,,533702163,16,7,9,0,0,0,19,9,10,9,5,4,18,9,9,18,9,9,10,4,6,7,2,5,3,1,2,0,0,0,0,0,0,5,5,1,0,4,0,0,1,0,5,2,3,0,5,0,1,0
533702162,0,,,10,6,4,0,0,0,10,6,4,5,4,1,9,5,4,8,4,4,5,2,3,3,1,2,0,0,0,0,0,0,0,0,0,4,4,1,1,1,1,0,0,0,3,3,0,0,3,0,1,1
533702163,2,533702161,,3,2,1,*,*,*,*,*,*,*,*,*,*,*,*,*,*,*,*,*,*,*,*,*,*,*,*,*,*,*,*,*,*,1,1,*,*,*,*,*,*,*,*,*,*,*,*,*,*,*
533702164,0,,,20,9,11,2,1,1,18,8,10,12,6,6,18,8,10,18,8,10,6,2,4,5,2,3,3,1,2,0,0,0,0,0,0,7,7,3,1,1,1,0,0,1,4,1,3,1,4,0,0,1
533702181,2,533702182,,5,3,2,*,*,*,*,*,*,*,*,*,*,*,*,*,*,*,*,*,*,*,*,*,*,*,*,*,*,*,*,*,*,3,3,*,*,*,*,*,*,*,*,*,*,*,*,*,*,*
533702182,1,,533702181,12,5,7,0,0,0,17,8,9,6,4,2,17,8,9,17,8,9,11,4,7,6,3,3,0,0,0,0,0,0,0,0,0,7,7,3,7,0,0,0,0,0,7,7,0,0,7,0,1,4
533702184,0,,,81,41,40,7,4,3,74,37,37,35,21,14,73,36,37,73,36,37,39,16,23,21,8,13,6,3,3,0,0,0,0,0,0,30,30,8,8,6,4,3,0,1,21,14,7,1,26,0,6,7
533702191,2,533702193,,7,2,5,*,*,*,*,*,*,*,*,*,*,*,*,*,*,*,*,*,*,*,*,*,*,*,*,*,*,*,*,*,*,3,3,*,*,*,*,*,*,*,*,*,*,*,*,*,*,*
533702192,0,,,30,16,14,3,2,1,27,14,13,14,6,8,27,14,13,27,14,13,13,8,5,6,3,3,4,2,2,1,0,1,0,0,0,13,13,3,6,1,3,0,0,0,10,7,3,2,10,0,3,1
533702193,1,,533702191,82,43,39,8,2,6,81,43,38,55,32,23,79,42,37,78,41,37,26,11,15,13,3,10,8,2,6,0,0,0,3,1,2,24,24,3,6,7,5,4,1,1,24,15,9,2,19,0,2,0
533702194,0,,,145,67,78,5,2,3,140,65,75,77,38,39,136,63,73,135,62,73,63,27,36,39,14,25,18,7,11,1,1,0,0,0,0,52,52,7,21,9,9,4,1,1,45,29,16,2,39,0,6,10
533702201,0,,,157,71,86,27,12,15,129,59,70,83,44,39,123,55,68,120,52,68,46,15,31,28,7,21,21,4,17,0,0,0,1,0,1,51,50,11,11,12,11,3,2,0,39,31,8,10,21,4,3,3
533702202,0,,,269,135,134,26,14,12,242,121,121,184,95,89,230,114,116,225,113,112,58,26,32,28,13,15,5,1,4,0,0,0,5,2,3,98,98,18,25,29,19,4,3,0,80,68,12,6,40,1,6,11
533702203,0,,,425,224,201,45,23,22,380,201,179,273,146,127,367,193,174,360,189,171,107,55,52,56,26,30,13,7,6,0,0,0,27,15,12,180,180,56,52,40,23,5,1,3,124,103,21,16,71,13,14,20
533702204,0,,,759,352,407,111,54,57,648,298,350,572,265,307,597,274,323,560,257,303,76,33,43,40,12,28,24,4,20,5,0,5,17,10,7,246,245,26,62,71,59,21,5,1,218,208,10,20,43,1,8,17
533702211,0,,,96,45,51,10,8,2,86,37,49,56,28,28,86,37,49,83,36,47,30,9,21,16,4,12,6,2,4,0,0,0,0,0,0,35,35,6,10,11,4,3,1,0,29,22,7,5,21,0,3,5
533702212,0,,,345,167,178,42,14,28,303,153,150,214,113,101,294,149,145,283,141,142,89,40,49,48,19,29,14,4,10,2,2,0,5,3,2,117,117,17,31,25,33,8,2,1,100,76,24,8,64,0,13,16
533702213,0,,,101,57,44,30,21,9,71,36,35,65,33,32,68,35,33,68,35,33,6,3,3,2,1,1,0,0,0,0,0,0,10,6,4,33,33,3,9,6,13,2,0,0,30,30,0,11,4,0,1,1
533702214,0,,,48,24,24,4,2,2,44,22,22,22,13,9,44,22,22,44,22,22,22,9,13,14,7,7,5,2,3,2,1,1,0,0,0,19,19,1,12,2,3,1,0,0,18,16,2,1,13,0,0,6
533702221,0,,,70,32,38,14,4,10,56,28,28,41,20,21,56,28,28,55,27,28,15,8,7,11,6,5,3,2,1,0,0,0,0,0,0,24,24,3,5,8,7,1,0,0,21,20,1,2,10,0,3,2
533702222,0,,,61,33,28,3,1,2,58,32,26,32,20,12,57,32,25,55,30,25,26,12,14,13,6,7,5,3,2,0,0,0,0,0,0,23,23,3,9,6,4,0,1,0,20,18,2,0,16,0,1,6
533702223,0,,,96,50,46,7,5,2,89,45,44,54,29,25,85,44,41,83,43,40,35,16,19,25,10,15,6,2,4,0,0,0,4,4,0,39,39,13,9,7,7,2,1,0,26,19,7,1,25,3,7,6
533702224,0,,,227,75,152,5,2,3,222,73,149,31,11,20,222,73,149,222,73,149,191,62,129,156,38,118,119,25,94,26,3,23,0,0,0,26,25,6,5,7,3,1,3,0,19,10,9,1,24,0,6,4
533702231,0,,,44,21,23,4,3,1,40,18,22,19,8,11,39,18,21,39,18,21,21,10,11,12,4,8,5,1,4,1,1,0,0,0,0,16,16,3,4,6,0,3,0,0,13,10,3,2,12,0,3,2
533702233,0,,,147,76,71,10,7,3,137,69,68,77,43,34,132,66,66,126,61,65,60,26,34,28,12,16,6,2,4,1,0,1,0,0,0,46,46,7,9,11,11,4,3,1,39,25,14,3,35,0,5,5
533702234,0,,,80,42,38,5,3,2,75,39,36,40,21,19,75,39,36,74,38,36,35,18,17,19,10,9,4,2,2,0,0,0,0,0,0,32,32,5,19,3,1,2,1,1,27,22,5,0,23,0,4,11
533702271,2,533702274,,10,4,6,*,*,*,*,*,*,*,*,*,*,*,*,*,*,*,*,*,*,*,*,*,*,*,*,*,*,*,*,*,*,3,3,*,*,*,*,*,*,*,*,*,*,*,*,*,*,*
533702274,1,,533702271;533702283;533702372,3,1,2,1,0,1,19,8,11,11,6,5,18,7,11,18,7,11,8,2,6,5,2,3,2,1,1,0,0,0,0,0,0,2,2,1,2,2,1,1,0,0,6,4,2,0,5,0,1,1
533702283,2,533702274,,4,2,2,*,*,*,*,*,*,*,*,*,*,*,*,*,*,*,*,*,*,*,*,*,*,*,*,*,*,*,*,*,*,1,1,*,*,*,*,*,*,*,*,*,*,*,*,*,*,*
533702291,0,,,17,8,9,0,0,0,17,8,9,8,5,3,17,8,9,17,8,9,9,3,6,6,2,4,1,0,1,0,0,0,0,0,0,7,7,1,3,2,1,0,0,0,6,4,2,0,6,0,1,2
533702292,1,,533702394,78,42,36,3,0,3,82,45,37,40,21,19,81,44,37,78,42,36,42,24,18,21,11,10,6,3,3,2,1,1,0,0,0,27,27,4,9,7,5,3,0,1,25,16,9,0,24,0,2,6
533702301,0,,,1245,613,632,201,115,86,1033,494,539,782,388,394,1005,480,525,977,469,508,251,106,145,137,48,89,57,16,41,3,0,3,29,13,16,501,500,167,120,101,74,25,7,6,331,285,46,77,146,38,33,41
533702302,0,,,317,162,155,48,29,19,267,132,135,180,98,82,265,132,133,260,129,131,87,34,53,42,15,27,12,3,9,0,0,0,0,0,0,116,116,26,32,28,19,5,2,4,90,74,16,13,57,1,8,12
533702303,0,,,769,362,407,73,36,37,682,320,362,412,207,205,659,308,351,643,302,341,270,113,157,134,51,83,41,11,30,6,0,6,9,4,5,330,329,121,85,56,43,13,8,3,207,162,45,21,182,15,55,39
533702304,0,,,884,479,405,97,55,42,780,422,358,528,314,214,685,336,349,659,315,344,252,108,144,125,48,77,46,15,31,4,1,3,29,13,16,358,353,134,94,64,40,15,2,4,218,180,38,22,173,36,48,42
533702311,1,,533702312,63,30,33,2,0,2,62,31,31,33,21,12,62,31,31,62,31,31,29,10,19,18,6,12,5,1,4,0,0,0,0,0,0,32,32,15,10,6,0,1,1,0,18,15,3,2,20,2,6,5
533702312,2,533702311,,1,1,0,*,*,*,*,*,*,*,*,*,*,*,*,*,*,*,*,*,*,*,*,*,*,*,*,*,*,*,*,*,*,1,1,*,*,*,*,*,*,*,*,*,*,*,*,*,*,*
533702313,0,,,282,192,90,16,11,5,261,176,85,201,151,50,181,96,85,177,93,84,60,25,35,35,13,22,8,5,3,0,0,0,6,5,1,80,77,25,15,19,8,6,2,2,52,37,15,4,43,5,9,5
533702314,0,,,43,22,21,6,3,3,37,19,18,23,12,11,37,19,18,35,19,16,14,7,7,7,4,3,1,1,0,0,0,0,0,0,0,15,15,3,6,1,2,1,2,0,12,9,3,0,9,1,1,3
533702324,2,533702422,,3,2,1,*,*,*,*,*,*,*,*,*,*,*,*,*,*,*,*,*,*,*,*,*,*,*,*,*,*,*,*,*,*,2,2,*,*,*,*,*,*,*,*,*,*,*,*,*,*,*
533702331,0,,,62,43,19,11,6,5,51,37,14,51,37,14,32,20,12,29,18,11,0,0,0,0,0,0,0,0,0,0,0,0,4,2,2,25,21,12,2,3,3,0,1,0,9,8,1,2,0,3,0,0
533702332,0,,,130,37,93,47,8,39,83,29,54,70,23,47,56,28,28,53,28,25,13,6,7,8,5,3,2,1,1,0,0,0,0,0,0,26,23,6,2,6,5,2,2,0,17,13,4,4,6,1,0,1
533702334,0,,,96,45,51,37,37,0,59,8,51,59,8,51,10,0,10,0,0,0,0,0,0,0,0,0,0,0,0,0,0,0,1,0,1,8,0,0,0,0,0,0,0,0,0,0,0,0,0,0,0,0
533702341,0,,,89,37,52,14,5,9,75,32,43,48,21,27,68,30,38,66,28,38,27,11,16,14,5,9,6,1,5,0,0,0,0,0,0,24,24,2,6,3,3,6,4,0,22,13,9,3,16,0,2,5
533702343,0,,,160,148,12,6,1,5,154,147,7,151,146,5,51,44,7,16,9,7,3,1,2,3,1,2,0,0,0,0,0,0,0,0,0,18,10,4,2,2,1,0,1,0,6,6,0,2,2,1,1,1
533702372,2,533702274,,3,1,2,*,*,*,*,*,*,*,*,*,*,*,*,*,*,*,*,*,*,*,*,*,*,*,*,*,*,*,*,*,*,1,1,*,*,*,*,*,*,*,*,*,*,*,*,*,*,*
533702394,2,533702292,,7,3,4,*,*,*,*,*,*,*,*,*,*,*,*,*,*,*,*,*,*,*,*,*,*,*,*,*,*,*,*,*,*,2,2,*,*,*,*,*,*,*,*,*,*,*,*,*,*,*
533702401,0,,,1037,481,556,88,40,48,940,437,503,530,272,258,910,413,497,877,402,475,410,165,245,232,78,154,85,24,61,8,0,8,16,11,5,442,438,158,141,67,46,13,8,5,274,223,51,26,260,22,73,72
533702402,0,,,512,246,266,70,36,34,438,208,230,293,155,138,429,202,227,422,199,223,145,53,92,74,19,55,24,5,19,2,0,2,9,6,3,225,225,86,52,45,28,11,2,1,137,116,21,25,102,15,34,20
533702403,0,,,330,156,174,40,23,17,287,132,155,167,83,84,283,131,152,280,130,150,120,49,71,74,26,48,27,7,20,1,1,0,2,1,1,135,135,38,43,25,20,5,2,2,96,77,19,12,79,5,18,23
533702404,0,,,346,171,175,44,28,16,301,143,158,181,90,91,290,138,152,287,137,150,120,53,67,77,31,46,24,12,12,0,0,0,0,0,0,128,128,27,42,22,23,8,5,1,101,75,26,8,77,1,12,30
533702411,0,,,277,137,140,26,15,11,250,122,128,189,96,93,246,118,128,238,115,123,61,26,35,39,14,25,11,2,9,0,0,0,19,6,13,117,117,45,22,28,12,6,3,1,70,53,17,12,44,6,10,6
533702412,0,,,58,26,32,7,3,4,51,23,28,33,16,17,47,22,25,45,21,24,18,7,11,11,5,6,3,1,2,0,0,0,0,0,0,18,18,2,6,2,4,2,2,0,16,11,5,0,12,0,2,3
533702413,0,,,272,138,134,27,13,14,242,123,119,155,80,75,234,117,117,227,113,114,87,43,44,51,26,25,9,7,2,0,0,0,8,2,6,111,111,33,30,26,14,6,1,1,78,64,14,8,56,3,14,13
533702422,1,,533702324;533702424,23,14,9,1,1,0,27,16,11,15,9,6,27,16,11,27,16,11,12,7,5,4,2,2,1,1,0,0,0,0,0,0,0,11,11,4,6,4,0,0,0,0,10,8,2,0,10,0,2,3
533702424,2,533702422,,2,1,1,*,*,*,*,*,*,*,*,*,*,*,*,*,*,*,*,*,*,*,*,*,*,*,*,*,*,*,*,*,*,1,1,*,*,*,*,*,*,*,*,*,*,*,*,*,*,*
533702431,2,533702433,,100,55,45,*,*,*,*,*,*,*,*,*,*,*,*,*,*,*,*,*,*,*,*,*,*,*,*,*,*,*,*,*,*,7,3,*,*,*,*,*,*,*,*,*,*,*,*,*,*,*
533702433,1,,533702431;533702434,22,12,10,5,2,3,118,65,53,49,30,19,117,65,52,116,64,52,69,35,34,10,5,5,1,0,1,0,0,0,0,0,0,9,9,4,3,3,2,0,1,0,9,8,1,1,9,0,3,3
533702434,2,533702433,,1,0,1,*,*,*,*,*,*,*,*,*,*,*,*,*,*,*,*,*,*,*,*,*,*,*,*,*,*,*,*,*,*,1,1,*,*,*,*,*,*,*,*,*,*,*,*,*,*,*
533702442,1,,533702443;533702444,46,25,21,2,2,0,56,30,26,19,13,6,56,30,26,56,30,26,37,17,20,16,7,9,5,2,3,0,0,0,0,0,0,22,22,6,12,5,2,1,0,0,20,18,2,0,23,0,4,9
533702443,2,533702442,,3,2,1,*,*,*,*,*,*,*,*,*,*,*,*,*,*,*,*,*,*,*,*,*,*,*,*,*,*,*,*,*,*,1,1,*,*,*,*,*,*,*,*,*,*,*,*,*,*,*
533702444,2,533702442,,9,5,4,*,*,*,*,*,*,*,*,*,*,*,*,*,*,*,*,*,*,*,*,*,*,*,*,*,*,*,*,*,*,3,3,*,*,*,*,*,*,*,*,*,*,*,*,*,*,*
533702453,0,,,19,11,8,0,0,0,19,11,8,8,5,3,19,11,8,19,11,8,11,6,5,7,3,4,1,0,1,0,0,0,0,0,0,8,8,3,2,1,1,1,0,0,5,4,1,0,8,0,3,1
533702491,2,533702581,,7,3,4,*,*,*,*,*,*,*,*,*,*,*,*,*,*,*,*,*,*,*,*,*,*,*,*,*,*,*,*,*,*,1,1,*,*,*,*,*,*,*,*,*,*,*,*,*,*,*
533702492,2,533702581,,2,2,0,*,*,*,*,*,*,*,*,*,*,*,*,*,*,*,*,*,*,*,*,*,*,*,*,*,*,*,*,*,*,1,1,*,*,*,*,*,*,*,*,*,*,*,*,*,*,*
533702501,1,,533702503,178,86,92,13,8,5,167,80,87,97,48,49,164,78,86,161,76,85,70,32,38,34,14,20,9,4,5,0,0,0,0,0,0,74,74,18,27,17,13,1,0,0,56,48,8,3,48,0,13,17
533702502,0,,,201,98,103,21,11,10,180,87,93,100,48,52,176,84,92,171,83,88,80,39,41,42,18,24,13,5,8,2,1,1,2,2,0,68,68,12,18,16,11,6,4,1,56,39,17,6,47,0,9,14
533702503,2,533702501,,2,2,0,*,*,*,*,*,*,*,*,*,*,*,*,*,*,*,*,*,*,*,*,*,*,*,*,*,*,*,*,*,*,2,2,*,*,*,*,*,*,*,*,*,*,*,*,*,*,*
533702504,0,,,8,4,4,0,0,0,8,4,4,4,2,2,8,4,4,8,4,4,4,2,2,2,1,1,1,0,1,0,0,0,0,0,0,4,4,1,2,1,0,0,0,0,3,2,1,0,3,0,1,0
533702511,0,,,144,64,80,17,9,8,127,55,72,86,39,47,124,55,69,116,51,65,41,16,25,19,9,10,7,3,4,0,0,0,0,0,0,47,47,6,13,12,9,5,0,2,41,29,12,5,27,0,4,6
533702512,0,,,19,9,10,1,0,1,18,9,9,11,6,5,17,9,8,17,9,8,7,3,4,1,0,1,1,0,1,0,0,0,0,0,0,7,7,0,3,3,1,0,0,0,7,7,0,0,4,0,0,2
533702513,0,,,140,68,72,12,8,4,128,60,68,74,35,39,126,59,67,121,56,65,54,25,29,35,19,16,12,6,6,0,0,0,2,1,1,47,47,4,18,10,9,3,2,1,41,32,9,1,33,0,3,10
533702514,0,,,167,90,77,22,13,9,145,77,68,94,52,42,138,71,67,136,70,66,51,25,26,28,14,14,10,4,6,0,0,0,9,6,3,56,56,6,19,12,10,7,2,0,50,37,13,8,33,0,3,11
533702524,0,,,22,12,10,2,1,1,20,11,9,9,5,4,20,11,9,20,11,9,11,6,5,2,0,2,1,0,1,1,0,1,0,0,0,7,7,0,2,4,0,0,1,0,7,4,3,1,6,0,0,1
533702551,2,533702554,,6,3,3,*,*,*,*,*,*,*,*,*,*,*,*,*,*,*,*,*,*,*,*,*,*,*,*,*,*,*,*,*,*,3,3,*,*,*,*,*,*,*,*,*,*,*,*,*,*,*
533702554,1,,533702551,12,5,7,0,0,0,18,8,10,10,4,6,18,8,10,18,8,10,8,4,4,5,2,3,0,0,0,0,0,0,0,0,0,4,4,1,4,1,0,0,1,0,6,5,1,0,5,0,1,1
533702563,2,533702652,,2,1,1,*,*,*,*,*,*,*,*,*,*,*,*,*,*,*,*,*,*,*,*,*,*,*,*,*,*,*,*,*,*,1,1,*,*,*,*,*,*,*,*,*,*,*,*,*,*,*
533702572,0,,,24,13,11,1,1,0,23,12,11,15,8,7,22,12,10,22,12,10,8,4,4,6,2,4,3,1,2,0,0,0,0,0,0,8,8,2,3,1,0,0,1,1,6,3,3,0,5,0,1,1
533702581,1,,533702491;533702492;533702583,14,10,4,3,2,1,26,16,10,13,9,4,26,16,10,26,16,10,13,7,6,10,6,4,4,4,0,0,0,0,0,0,0,7,7,5,3,2,0,1,0,1,7,5,2,0,9,0,4,2
533702583,2,533702581,,6,3,3,*,*,*,*,*,*,*,*,*,*,*,*,*,*,*,*,*,*,*,*,*,*,*,*,*,*,*,*,*,*,3,3,*,*,*,*,*,*,*,*,*,*,*,*,*,*,*
533702584,1,,533702593,10,5,5,2,1,1,16,8,8,4,3,1,16,8,8,16,8,8,12,5,7,8,3,5,4,1,3,0,0,0,0,0,0,5,5,3,0,2,1,1,0,0,4,2,2,0,7,0,3,0
533702593,2,533702584,,8,4,4,*,*,*,*,*,*,*,*,*,*,*,*,*,*,*,*,*,*,*,*,*,*,*,*,*,*,*,*,*,*,2,2,*,*,*,*,*,*,*,*,*,*,*,*,*,*,*
533702602,2,533702611,,10,5,5,*,*,*,*,*,*,*,*,*,*,*,*,*,*,*,*,*,*,*,*,*,*,*,*,*,*,*,*,*,*,3,3,*,*,*,*,*,*,*,*,*,*,*,*,*,*,*
533702611,1,,533702602;533702701;533702704,120,65,55,12,8,4,159,101,58,103,75,28,155,99,56,154,98,56,56,26,30,24,9,15,7,2,5,0,0,0,1,1,0,45,44,48,19,7,6,3,2,1,38,28,10,2,40,3,10,9
533702612,0,,,187,95,92,34,15,19,152,80,72,92,51,41,143,73,70,139,70,69,60,29,31,36,18,18,8,4,4,2,0,2,1,1,0,64,64,13,17,10,15,5,3,1,51,41,10,6,38,1,9,13
533702613,2,533702614,,5,4,1,*,*,*,*,*,*,*,*,*,*,*,*,*,*,*,*,*,*,*,*,*,*,*,*,*,*,*,*,*,*,3,3,*,*,*,*,*,*,*,*,*,*,*,*,*,*,*
533702614,1,,533702613,248,115,133,16,11,5,237,108,129,142,70,72,228,104,124,226,102,124,95,38,57,69,25,44,18,9,9,2,0,2,1,1,0,89,89,17,26,23,16,9,1,0,75,53,22,4,67,0,13,12
533702621,1,,533702622,13,6,7,0,0,0,21,9,12,8,4,4,21,9,12,21,9,12,13,5,8,6,1,5,3,0,3,1,0,1,0,0,0,6,6,2,2,1,3,0,0,0,5,1,4,0,7,0,2,1
533702622,2,533702621,,8,3,5,*,*,*,*,*,*,*,*,*,*,*,*,*,*,*,*,*,*,*,*,*,*,*,*,*,*,*,*,*,*,2,2,*,*,*,*,*,*,*,*,*,*,*,*,*,*,*
533702623,0,,,92,53,39,5,3,2,87,50,37,48,31,17,86,49,37,85,48,37,39,19,20,16,9,7,3,1,2,0,0,0,0,0,0,33,33,8,7,8,6,3,0,1,25,16,9,1,26,0,6,5
533702624,0,,,10,5,5,0,0,0,10,5,5,2,1,1,10,5,5,10,5,5,8,4,4,3,2,1,0,0,0,0,0,0,0,0,0,5,5,1,3,1,0,0,0,0,4,3,1,0,5,0,1,2
533702633,0,,,29,13,16,0,0,0,29,13,16,14,7,7,29,13,16,28,12,16,15,6,9,8,3,5,1,0,1,0,0,0,0,0,0,8,8,0,1,3,3,0,1,0,8,4,4,0,8,0,0,1
533702652,1,,533702563,38,18,20,5,4,1,35,15,20,20,10,10,34,15,19,33,14,19,15,5,10,8,2,6,2,0,2,1,0,1,0,0,0,12,12,1,3,5,3,0,1,0,12,5,7,2,11,0,1,2
533702653,0,,,12,5,7,0,0,0,12,5,7,5,3,2,12,5,7,12,5,7,7,2,5,4,1,3,4,1,3,0,0,0,0,0,0,6,6,3,1,1,1,0,0,0,3,2,1,0,5,0,3,0
533702654,0,,,26,12,14,0,0,0,26,12,14,15,6,9,24,11,13,24,11,13,11,6,5,7,4,3,2,1,1,0,0,0,0,0,0,9,9,1,4,2,1,0,0,1,8,5,3,0,6,0,0,2
533702661,0,,,18,11,7,2,2,0,16,9,7,8,5,3,15,8,7,15,8,7,8,4,4,3,1,2,2,0,2,0,0,0,0,0,0,8,8,2,4,1,0,1,0,0,6,5,1,0,5,0,0,2
533702681,2,533702682,,1,0,1,*,*,*,*,*,*,*,*,*,*,*,*,*,*,*,*,*,*,*,*,*,*,*,*,*,*,*,*,*,*,1,1,*,*,*,*,*,*,*,*,*,*,*,*,*,*,*
533702682,1,,533702681,8,4,4,0,0,0,9,4,5,4,2,2,9,4,5,9,4,5,5,2,3,3,1,2,1,0,1,0,0,0,0,0,0,3,3,1,1,2,0,0,0,0,3,2,1,0,2,0,0,0
533702684,0,,,33,14,19,1,0,1,32,14,18,16,7,9,32,14,18,32,14,18,16,7,9,9,3,6,4,1,3,0,0,0,0,0,0,10,10,1,2,3,3,0,0,1,9,4,5,1,9,0,1,2
533702691,2,533702694,,2,2,0,*,*,*,*,*,*,*,*,*,*,*,*,*,*,*,*,*,*,*,*,*,*,*,*,*,*,*,*,*,*,1,1,*,*,*,*,*,*,*,*,*,*,*,*,*,*,*
533702692,2,533702694,,1,0,1,*,*,*,*,*,*,*,*,*,*,*,*,*,*,*,*,*,*,*,*,*,*,*,*,*,*,*,*,*,*,1,1,*,*,*,*,*,*,*,*,*,*,*,*,*,*,*
533702694,1,,533702691;533702692,19,9,10,0,0,0,22,11,11,11,7,4,22,11,11,21,10,11,11,4,7,9,4,5,2,1,1,0,0,0,0,0,0,7,7,2,4,2,0,0,1,0,7,5,2,0,8,0,2,1
533702701,2,533702611,,38,38,0,*,*,*,*,*,*,*,*,*,*,*,*,*,*,*,*,*,*,*,*,*,*,*,*,*,*,*,*,*,*,38,38,*,*,*,*,*,*,*,*,*,*,*,*,*,*,*
533702704,2,533702611,,3,1,2,*,*,*,*,*,*,*,*,*,*,*,*,*,*,*,*,*,*,*,*,*,*,*,*,*,*,*,*,*,*,1,1,*,*,*,*,*,*,*,*,*,*,*,*,*,*,*
533702712,1,,533702713,45,24,21,9,6,3,38,19,19,25,12,13,35,17,18,35,17,18,13,7,6,4,2,2,3,1,2,0,0,0,1,1,0,19,19,7,5,3,4,0,1,0,13,10,3,2,9,1,1,4
533702713,2,533702712,,3,1,2,*,*,*,*,*,*,*,*,*,*,*,*,*,*,*,*,*,*,*,*,*,*,*,*,*,*,*,*,*,*,1,1,*,*,*,*,*,*,*,*,*,*,*,*,*,*,*
533702721,0,,,78,34,44,7,2,5,71,32,39,40,19,21,70,31,39,69,30,39,31,13,18,19,6,13,4,1,3,0,0,0,0,0,0,27,27,5,7,7,5,1,1,1,22,15,7,1,20,0,3,5
533702722,0,,,34,15,19,1,1,0,33,14,19,15,6,9,33,14,19,32,14,18,18,8,10,6,2,4,1,0,1,0,0,0,0,0,0,13,13,1,6,3,3,0,0,0,12,9,3,1,11,0,1,5
533702723,0,,,117,58,59,7,5,2,110,53,57,60,32,28,107,50,57,104,48,56,50,21,29,23,9,14,2,0,2,1,0,1,0,0,0,48,48,18,11,7,7,2,3,0,30,24,6,1,35,0,14,7
533702724,0,,,178,68,110,10,8,2,168,60,108,57,25,32,163,57,106,161,56,105,111,35,76,83,18,65,54,6,48,16,1,15,0,0,0,42,41,10,13,7,5,4,1,1,30,24,6,3,30,0,7,7
533702733,0,,,46,25,21,3,3,0,43,22,21,22,13,9,42,22,20,42,22,20,21,9,12,13,5,8,6,1,5,0,0,0,0,0,0,18,18,4,5,6,1,2,0,0,14,10,4,0,15,0,3,2
533702741,2,533702744,,5,2,3,*,*,*,*,*,*,*,*,*,*,*,*,*,*,*,*,*,*,*,*,*,*,*,*,*,*,*,*,*,*,2,2,*,*,*,*,*,*,*,*,*,*,*,*,*,*,*
533702742,0,,,9,4,5,0,0,0,9,4,5,5,2,3,8,4,4,8,4,4,4,2,2,1,0,1,0,0,0,0,0,0,0,0,0,5,5,3,1,0,1,0,0,0,2,2,0,0,3,0,2,1
533702744,1,,533702741,15,9,6,2,1,1,18,10,8,10,5,5,18,10,8,18,10,8,8,5,3,2,1,1,0,0,0,0,0,0,0,0,0,6,6,1,3,3,1,0,0,0,7,7,0,0,5,0,1,2
533702751,0,,,14,5,9,1,1,0,13,4,9,11,4,7,11,4,7,11,4,7,2,0,2,1,0,1,1,0,1,0,0,0,0,0,0,5,5,2,1,0,1,0,1,0,3,3,0,0,2,0,2,0
533702752,0,,,31,13,18,5,2,3,26,11,15,18,8,10,24,9,15,24,9,15,8,3,5,4,1,3,1,0,1,0,0,0,0,0,0,8,8,0,3,0,2,2,0,1,8,4,4,1,6,0,0,2
533702753,0,,,17,7,10,0,0,0,17,7,10,8,5,3,17,7,10,17,7,10,9,2,7,5,1,4,2,0,2,0,0,0,0,0,0,10,10,5,3,2,0,0,0,0,5,4,1,0,7,0,3,2
533702773,0,,,48,24,24,6,5,1,42,19,23,24,11,13,39,17,22,39,17,22,18,8,10,10,4,6,3,3,0,0,0,0,2,1,1,13,13,2,4,2,0,2,0,3,10,6,4,1,10,0,2,3
533702774,0,,,81,42,39,9,8,1,72,34,38,44,23,21,70,33,37,70,33,37,28,11,17,17,7,10,6,2,4,2,1,1,0,0,0,20,20,1,1,5,7,2,3,1,19,8,11,2,15,0,1,1
533702783,0,,,34,19,15,4,4,0,30,15,15,21,11,10,28,13,15,27,12,15,9,4,5,6,2,4,4,2,2,0,0,0,0,0,0,11,11,2,2,2,4,0,1,0,9,3,6,0,6,0,2,0
533702784,0,,,42,23,19,3,2,1,39,21,18,22,11,11,38,21,17,38,21,17,17,10,7,10,6,4,5,4,1,0,0,0,0,0,0,14,14,0,7,2,3,2,0,0,14,11,3,1,11,0,0,5
533702791,2,533702792,,11,5,6,*,*,*,*,*,*,*,*,*,*,*,*,*,*,*,*,*,*,*,*,*,*,*,*,*,*,*,*,*,*,3,3,*,*,*,*,*,*,*,*,*,*,*,*,*,*,*
533702792,1,,533702791,2,1,1,2,1,1,11,5,6,6,2,4,11,5,6,11,5,6,5,3,2,3,2,1,2,1,1,0,0,0,0,0,0,1,1,1,2,0,0,0,0,1,3,2,1,1,4,0,1,1
533702803,2,533702901,,7,4,3,*,*,*,*,*,*,*,*,*,*,*,*,*,*,*,*,*,*,*,*,*,*,*,*,*,*,*,*,*,*,2,2,*,*,*,*,*,*,*,*,*,*,*,*,*,*,*
533702804,2,533702901,,2,1,1,*,*,*,*,*,*,*,*,*,*,*,*,*,*,*,*,*,*,*,*,*,*,*,*,*,*,*,*,*,*,1,1,*,*,*,*,*,*,*,*,*,*,*,*,*,*,*
533702811,0,,,18,10,8,0,0,0,18,10,8,8,5,3,18,10,8,18,10,8,10,5,5,6,1,5,2,0,2,0,0,0,0,0,0,10,10,3,6,1,0,0,0,0,7,7,0,0,7,0,1,2
533702812,1,,533702814,39,17,22,2,0,2,46,21,25,27,13,14,46,21,25,46,21,25,19,8,11,11,2,9,8,2,6,1,0,1,0,0,0,16,16,2,9,4,4,0,0,0,17,13,4,1,14,0,1,4
533702813,0,,,55,30,25,6,4,2,49,26,23,28,18,10,46,23,23,46,23,23,21,8,13,6,2,4,2,1,1,0,0,0,0,0,0,23,23,7,7,5,3,0,0,1,16,12,4,2,14,0,3,5
533702814,2,533702812,,9,4,5,*,*,*,*,*,*,*,*,*,*,*,*,*,*,*,*,*,*,*,*,*,*,*,*,*,*,*,*,*,*,3,3,*,*,*,*,*,*,*,*,*,*,*,*,*,*,*
533702822,0,,,97,43,54,6,1,5,91,42,49,48,19,29,87,41,46,84,41,43,43,23,20,23,11,12,8,3,5,0,0,0,1,0,1,37,37,8,15,6,3,2,2,1,29,22,7,1,28,0,8,12
533702831,0,,,162,82,80,3,2,1,159,80,79,74,43,31,154,77,77,152,75,77,85,37,48,40,14,26,13,1,12,1,0,1,0,0,0,65,65,16,23,13,6,5,2,0,49,31,18,0,53,0,11,17
533702832,0,,,84,39,45,2,0,2,82,39,43,48,23,25,77,35,42,75,34,41,34,16,18,23,9,14,7,1,6,1,0,1,0,0,0,28,28,6,9,2,5,2,4,0,22,13,9,1,21,0,3,5
533702834,0,,,156,71,85,12,7,5,144,64,80,70,37,33,140,62,78,137,61,76,74,27,47,43,15,28,19,3,16,6,0,6,0,0,0,55,55,9,19,9,13,3,0,2,46,31,15,1,43,0,9,12
533702842,0,,,46,24,22,1,1,0,45,23,22,30,18,12,44,22,22,44,22,22,15,5,10,9,1,8,2,0,2,0,0,0,0,0,0,16,16,6,2,1,2,5,0,0,10,4,6,0,12,0,5,0
533702843,0,,,83,38,45,7,3,4,76,35,41,39,18,21,75,34,41,74,33,41,37,17,20,21,8,13,10,2,8,0,0,0,0,0,0,32,32,7,11,6,5,2,1,0,25,20,5,2,25,0,6,4
533702844,0,,,114,57,57,10,6,4,104,51,53,54,29,25,101,50,51,98,48,50,50,22,28,24,8,16,11,2,9,0,0,0,0,0,0,39,39,7,12,8,7,1,2,2,32,22,10,1,32,0,5,7
533702851,2,533702854,,9,4,5,*,*,*,*,*,*,*,*,*,*,*,*,*,*,*,*,*,*,*,*,*,*,*,*,*,*,*,*,*,*,3,3,*,*,*,*,*,*,*,*,*,*,*,*,*,*,*
533702854,1,,533702851,6,3,3,1,0,1,14,7,7,6,3,3,12,6,6,12,6,6,8,4,4,5,3,2,0,0,0,0,0,0,0,0,0,3,3,0,5,0,0,1,0,0,6,6,0,0,4,0,0,4
533702862,2,533702863,,6,3,3,*,*,*,*,*,*,*,*,*,*,*,*,*,*,*,*,*,*,*,*,*,*,*,*,*,*,*,*,*,*,3,3,*,*,*,*,*,*,*,*,*,*,*,*,*,*,*
533702863,1,,533702862,13,6,7,0,0,0,19,9,10,7,4,3,17,7,10,17,7,10,12,5,7,4,1,3,3,0,3,0,0,0,0,0,0,4,4,1,3,2,0,0,1,0,6,4,2,0,7,0,1,2
533702871,0,,,16,7,9,3,2,1,13,5,8,10,4,6,13,5,8,11,5,6,3,1,2,0,0,0,0,0,0,0,0,0,0,0,0,4,4,0,1,2,0,0,0,1,4,3,1,0,3,0,0,0
533702872,0,,,77,32,45,1,1,0,76,31,45,35,18,17,75,31,44,73,29,44,41,13,28,21,3,18,11,1,10,1,0,1,0,0,0,29,29,7,6,9,5,1,1,0,22,10,12,0,27,0,7,3
533702874,0,,,51,22,29,8,1,7,43,21,22,25,14,11,43,21,22,43,21,22,18,7,11,6,1,5,3,0,3,1,0,1,0,0,0,18,18,6,2,4,4,0,1,1,12,7,5,4,12,0,5,1
533702881,0,,,117,54,63,21,9,12,96,45,51,52,24,28,93,44,49,92,44,48,44,21,23,21,9,12,6,2,4,1,0,1,0,0,0,35,35,3,10,9,5,3,4,1,32,22,10,6,26,0,3,5
533702882,0,,,19,7,12,0,0,0,19,7,12,5,2,3,19,7,12,19,7,12,14,5,9,6,2,4,3,0,3,0,0,0,0,0,0,8,8,2,4,0,1,1,0,0,6,4,2,0,8,0,2,3
533702883,0,,,145,49,96,7,5,2,138,44,94,22,11,11,138,44,94,138,44,94,116,33,83,95,20,75,76,14,62,21,1,20,0,0,0,26,24,3,10,5,2,4,0,0,21,16,5,1,22,0,3,6
533702884,0,,,103,47,56,18,10,8,85,37,48,52,23,29,83,37,46,80,35,45,33,14,19,18,8,10,6,3,3,1,1,0,0,0,0,33,33,3,13,4,7,4,0,2,30,21,9,4,22,0,3,7
533702893,0,,,32,15,17,2,1,1,30,14,16,21,9,12,30,14,16,29,14,15,9,5,4,6,3,3,2,1,1,0,0,0,0,0,0,8,8,0,2,0,4,1,0,1,8,2,6,1,6,0,0,1
533702901,1,,533702803;533702804,111,56,55,21,10,11,99,51,48,60,33,27,99,51,48,97,49,48,39,18,21,22,7,15,8,3,5,0,0,0,0,0,0,40,40,8,14,9,7,2,2,1,35,27,8,5,29,0,7,4
533702902,0,,,14,6,8,1,1,0,13,5,8,7,4,3,13,5,8,13,5,8,6,1,5,5,1,4,2,1,1,0,0,0,0,0,0,7,7,2,3,2,0,0,0,0,5,4,1,0,5,0,2,1
533702904,0,,,25,13,12,1,0,1,24,13,11,15,8,7,24,13,11,23,12,11,9,5,4,4,3,1,2,2,0,0,0,0,0,0,0,8,8,0,2,3,3,0,0,0,8,5,3,0,7,0,0,0
533702911,2,533702913,,2,1,1,*,*,*,*,*,*,*,*,*,*,*,*,*,*,*,*,*,*,*,*,*,*,*,*,*,*,*,*,*,*,1,1,*,*,*,*,*,*,*,*,*,*,*,*,*,*,*
533702912,1,,533702914,12,6,6,0,0,0,16,9,7,10,6,4,16,9,7,15,8,7,6,3,3,3,0,3,1,0,1,0,0,0,0,0,0,7,7,5,1,3,0,0,0,0,4,3,1,0,6,0,5,0
533702913,1,,533702911,25,12,13,2,2,0,25,11,14,11,6,5,25,11,14,25,11,14,14,5,9,8,1,7,6,1,5,0,0,0,0,0,0,11,11,5,4,1,1,0,0,1,7,5,2,1,9,0,4,1
533702914,2,533702912,,4,3,1,*,*,*,*,*,*,*,*,*,*,*,*,*,*,*,*,*,*,*,*,*,*,*,*,*,*,*,*,*,*,2,2,*,*,*,*,*,*,*,*,*,*,*,*,*,*,*
533702932,0,,,41,17,24,0,0,0,41,17,24,13,3,10,41,17,24,40,17,23,28,14,14,14,9,5,2,1,1,2,1,1,1,1,0,15,15,0,8,5,1,0,1,0,15,10,5,0,15,0,0,6
533702934,0,,,34,14,20,3,1,2,31,13,18,12,7,5,30,13,17,30,13,17,19,6,13,12,4,8,6,0,6,0,0,0,0,0,0,23,23,16,5,0,2,0,0,0,7,7,0,0,17,0,12,2
533702941,0,,,301,142,159,23,14,9,278,128,150,140,72,68,276,127,149,272,127,145,138,56,82,76,26,50,26,10,16,2,1,1,1,0,1,129,129,35,46,27,14,5,2,0,94,76,18,3,95,2,26,27
533702942,0,,,73,37,36,8,3,5,65,34,31,42,24,18,63,33,30,61,31,30,23,10,13,16,7,9,2,0,2,0,0,0,0,0,0,27,27,5,12,4,3,1,0,2,22,18,4,2,16,0,3,3
533702943,0,,,24,10,14,3,2,1,21,8,13,11,4,7,20,8,12,19,8,11,10,4,6,4,0,4,2,0,2,0,0,0,1,0,1,8,8,3,1,1,1,1,0,1,5,1,4,0,8,0,3,1
533702944,0,,,213,101,112,24,11,13,189,90,99,100,53,47,185,88,97,180,83,97,89,37,52,48,17,31,19,5,14,1,0,1,1,0,1,77,77,17,22,18,9,7,2,2,60,43,17,2,55,2,10,12
533702951,2,533702953,,2,2,0,*,*,*,*,*,*,*,*,*,*,*,*,*,*,*,*,*,*,*,*,*,*,*,*,*,*,*,*,*,*,2,2,*,*,*,*,*,*,*,*,*,*,*,*,*,*,*
533702952,2,533702953,,4,1,3,*,*,*,*,*,*,*,*,*,*,*,*,*,*,*,*,*,*,*,*,*,*,*,*,*,*,*,*,*,*,1,1,*,*,*,*,*,*,*,*,*,*,*,*,*,*,*
533702953,1,,533702951;533702952,35,16,19,1,0,1,40,19,21,26,13,13,39,19,20,39,19,20,14,6,8,8,4,4,4,1,3,1,0,1,2,1,1,13,13,2,6,5,3,0,0,0,14,8,6,0,8,1,0,2
533702961,2,533702963,,8,4,4,*,*,*,*,*,*,*,*,*,*,*,*,*,*,*,*,*,*,*,*,*,*,*,*,*,*,*,*,*,*,3,3,*,*,*,*,*,*,*,*,*,*,*,*,*,*,*
533702962,2,533702964,,7,4,3,*,*,*,*,*,*,*,*,*,*,*,*,*,*,*,*,*,*,*,*,*,*,*,*,*,*,*,*,*,*,2,2,*,*,*,*,*,*,*,*,*,*,*,*,*,*,*
533702963,1,,533702961,32,18,14,7,6,1,33,16,17,15,8,7,31,15,16,31,15,16,18,8,10,4,1,3,1,0,1,0,0,0,0,0,0,7,7,1,2,2,1,1,1,2,9,2,7,0,10,0,1,2
533702964,1,,533702962,7,3,4,1,1,0,13,6,7,7,4,3,13,6,7,13,6,7,6,2,4,2,0,2,1,0,1,0,0,0,0,0,0,3,3,1,0,3,1,0,0,0,4,2,2,0,3,0,1,0
533702971,1,,533702973,20,8,12,1,0,1,22,9,13,11,3,8,20,9,11,19,9,10,11,6,5,5,3,2,3,1,2,0,0,0,0,0,0,4,4,2,1,0,0,2,0,1,3,1,2,0,6,0,2,0
533702972,0,,,47,23,24,3,2,1,44,21,23,29,15,14,43,21,22,43,21,22,15,6,9,9,4,5,3,2,1,0,0,0,0,0,0,17,17,4,5,2,3,3,0,0,13,10,3,1,9,0,1,2
533702973,2,533702971,,3,1,2,*,*,*,*,*,*,*,*,*,*,*,*,*,*,*,*,*,*,*,*,*,*,*,*,*,*,*,*,*,*,2,2,*,*,*,*,*,*,*,*,*,*,*,*,*,*,*
533702974,0,,,20,11,9,1,1,0,19,10,9,10,4,6,19,10,9,18,9,9,9,6,3,4,2,2,1,0,1,0,0,0,1,0,1,8,8,1,2,5,0,0,0,0,7,5,2,1,6,0,0,2
533702981,0,,,50,25,25,11,7,4,39,18,21,21,12,9,38,17,21,36,15,21,18,6,12,11,4,7,2,1,1,0,0,0,0,0,0,14,14,2,3,2,2,3,1,1,12,7,5,3,11,0,2,3
533702982,0,,,46,20,26,6,1,5,40,19,21,25,10,15,36,15,21,36,15,21,15,9,6,7,4,3,3,1,2,0,0,0,0,0,0,13,13,2,4,2,0,2,2,1,11,7,4,1,11,0,1,3
533702983,0,,,18,9,9,3,2,1,15,7,8,10,5,5,15,7,8,15,7,8,5,2,3,2,1,1,0,0,0,0,0,0,0,0,0,8,8,2,3,2,1,0,0,0,6,6,0,2,3,0,1,2
533702984,0,,,31,17,14,0,0,0,31,17,14,14,8,6,31,17,14,31,17,14,17,9,8,3,2,1,1,0,1,0,0,0,0,0,0,11,11,0,5,4,1,1,0,0,11,9,2,0,9,0,0,4
533702991,0,,,87,43,44,8,3,5,79,40,39,59,29,30,75,38,37,73,37,36,20,11,9,13,6,7,5,3,2,0,0,0,0,0,0,28,28,3,10,6,6,0,0,3,25,17,8,2,13,0,1,3
533702992,0,,,34,17,17,7,4,3,27,13,14,18,10,8,26,13,13,26,13,13,9,3,6,3,1,2,0,0,0,0,0,0,0,0,0,12,12,2,5,0,4,0,1,0,10,8,2,1,6,0,2,3
533702993,0,,,31,16,15,1,0,1,30,16,14,19,9,10,29,15,14,27,14,13,11,7,4,5,3,2,2,1,1,0,0,0,0,0,0,10,10,2,2,2,2,1,1,0,8,4,4,0,6,0,0,0
533702994,0,,,59,29,30,16,8,8,43,21,22,23,12,11,40,21,19,39,20,19,20,9,11,5,2,3,0,0,0,0,0,0,1,0,1,17,17,1,6,2,5,1,0,2,16,12,4,2,12,0,0,4
533703001,0,,,14,7,7,2,1,1,12,6,6,8,4,4,12,6,6,12,6,6,4,2,2,1,0,1,1,0,1,0,0,0,1,0,1,5,5,0,2,2,1,0,0,0,5,4,1,0,3,0,0,1
533703003,0,,,60,28,32,12,5,7,48,23,25,32,15,17,47,22,25,46,22,24,16,8,8,7,2,5,4,1,3,0,0,0,0,0,0,18,18,1,5,4,4,3,1,0,17,10,7,4,9,0,0,2
533703004,0,,,25,14,11,4,3,1,21,11,10,12,6,6,20,11,9,19,10,9,9,5,4,3,2,1,1,1,0,1,1,0,0,0,0,7,7,1,1,2,1,0,2,0,5,1,4,0,6,0,1,1
533703012,2,533703014,,8,3,5,*,*,*,*,*,*,*,*,*,*,*,*,*,*,*,*,*,*,*,*,*,*,*,*,*,*,*,*,*,*,3,3,*,*,*,*,*,*,*,*,*,*,*,*,*,*,*
533703013,0,,,27,13,14,4,2,2,23,11,12,11,7,4,23,11,12,23,11,12,12,4,8,7,3,4,2,1,1,0,0,0,0,0,0,8,8,2,1,2,0,2,0,1,6,4,2,2,7,0,2,0
533703014,1,,533703012,41,16,25,9,2,7,40,17,23,22,11,11,38,17,21,38,17,21,18,6,12,6,2,4,3,0,3,0,0,0,0,0,0,12,12,2,3,4,3,2,0,1,13,7,6,1,11,0,1,1
533703021,2,533703023,,3,2,1,*,*,*,*,*,*,*,*,*,*,*,*,*,*,*,*,*,*,*,*,*,*,*,*,*,*,*,*,*,*,1,1,*,*,*,*,*,*,*,*,*,*,*,*,*,*,*
533703023,1,,533703021;533703024,59,28,31,12,6,6,54,26,28,30,14,16,50,25,25,49,24,25,24,12,12,11,5,6,5,2,3,1,1,0,0,0,0,16,16,3,3,4,4,1,4,0,16,8,8,2,16,0,3,2
533703024,2,533703023,,4,2,2,*,*,*,*,*,*,*,*,*,*,*,*,*,*,*,*,*,*,*,*,*,*,*,*,*,*,*,*,*,*,2,2,*,*,*,*,*,*,*,*,*,*,*,*,*,*,*
533703051,2,533703162,,3,2,1,*,*,*,*,*,*,*,*,*,*,*,*,*,*,*,*,*,*,*,*,*,*,*,*,*,*,*,*,*,*,2,2,*,*,*,*,*,*,*,*,*,*,*,*,*,*,*
533703062,2,533703064,,8,4,4,*,*,*,*,*,*,*,*,*,*,*,*,*,*,*,*,*,*,*,*,*,*,*,*,*,*,*,*,*,*,3,3,*,*,*,*,*,*,*,*,*,*,*,*,*,*,*
533703064,1,,533703062,6,3,3,1,1,0,13,6,7,5,1,4,13,6,7,13,6,7,8,5,3,4,4,0,0,0,0,0,0,0,1,0,1,2,2,0,3,0,2,0,0,0,5,3,2,0,5,0,0,2
533703071,0,,,10,5,5,0,0,0,10,5,5,3,2,1,10,5,5,10,5,5,7,3,4,5,2,3,0,0,0,0,0,0,1,0,1,4,4,2,0,1,0,1,0,0,2,1,1,0,4,0,2,0
533703101,2,533703103,,2,1,1,*,*,*,*,*,*,*,*,*,*,*,*,*,*,*,*,*,*,*,*,*,*,*,*,*,*,*,*,*,*,1,1,*,*,*,*,*,*,*,*,*,*,*,*,*,*,*
533703102,0,,,17,6,11,2,0,2,15,6,9,7,3,4,15,6,9,15,6,9,8,3,5,4,1,3,3,1,2,1,0,1,0,0,0,5,5,1,1,0,2,0,1,0,4,1,3,0,5,0,1,0
533703103,1,,533703101;533703104,72,34,38,8,6,2,69,30,39,23,13,10,68,30,38,67,29,38,46,17,29,29,10,19,15,5,10,3,1,2,0,0,0,20,19,3,8,6,3,2,0,0,19,13,6,2,17,0,3,5
533703104,2,533703103,,3,1,2,*,*,*,*,*,*,*,*,*,*,*,*,*,*,*,*,*,*,*,*,*,*,*,*,*,*,*,*,*,*,2,2,*,*,*,*,*,*,*,*,*,*,*,*,*,*,*
533703111,0,,,12,8,4,0,0,0,12,8,4,9,6,3,11,7,4,11,7,4,3,2,1,1,0,1,0,0,0,0,0,0,0,0,0,4,4,2,0,0,1,0,1,0,2,1,1,0,3,0,2,0
533703112,0,,,25,13,12,4,3,1,21,10,11,12,5,7,20,10,10,19,10,9,9,5,4,2,0,2,2,0,2,0,0,0,0,0,0,7,7,1,1,3,1,0,0,1,6,4,2,1,6,0,1,1
533703113,0,,,74,33,41,3,2,1,71,31,40,42,20,22,66,29,37,62,28,34,29,11,18,19,4,15,6,1,5,0,0,0,0,0,0,25,25,8,6,3,2,1,4,1,17,6,11,1,19,1,5,3
533703114,0,,,40,19,21,6,3,3,34,16,18,17,9,8,34,16,18,34,16,18,17,7,10,10,4,6,3,1,2,0,0,0,0,0,0,16,16,5,5,1,3,2,0,0,11,8,3,2,12,0,4,4
533703121,0,,,32,15,17,2,1,1,27,12,15,13,6,7,26,11,15,23,10,13,14,6,8,3,0,3,0,0,0,0,0,0,0,0,0,13,13,3,5,1,4,0,0,0,9,7,2,0,9,0,2,5
533703122,2,533703124,,9,5,4,*,*,*,*,*,*,*,*,*,*,*,*,*,*,*,*,*,*,*,*,*,*,*,*,*,*,*,*,*,*,2,2,*,*,*,*,*,*,*,*,*,*,*,*,*,*,*
533703123,0,,,14,9,5,0,0,0,14,9,5,8,6,2,14,9,5,13,9,4,6,3,3,6,3,3,0,0,0,0,0,0,0,0,0,5,5,1,1,2,0,1,0,0,4,3,1,0,4,0,0,0
533703124,1,,533703122,35,16,19,5,3,2,39,18,21,24,12,12,37,18,19,37,18,19,15,6,9,8,4,4,2,1,1,0,0,0,0,0,0,12,12,3,2,3,2,4,0,0,11,7,4,1,11,0,3,0
533703131,1,,533703132,13,8,5,1,1,0,18,9,9,9,5,4,18,9,9,18,9,9,9,4,5,3,0,3,3,0,3,0,0,0,0,0,0,6,6,3,0,4,1,0,0,0,5,3,2,1,5,0,2,0
533703132,2,533703131,,6,2,4,*,*,*,*,*,*,*,*,*,*,*,*,*,*,*,*,*,*,*,*,*,*,*,*,*,*,*,*,*,*,2,2,*,*,*,*,*,*,*,*,*,*,*,*,*,*,*
533703133,0,,,28,13,15,5,2,3,23,11,12,10,5,5,23,11,12,23,11,12,13,6,7,6,3,3,3,1,2,0,0,0,0,0,0,9,9,0,5,2,1,0,0,1,9,7,2,1,7,0,0,4
533703162,1,,533703051,6,3,3,0,0,0,9,5,4,5,3,2,9,5,4,9,5,4,4,2,2,0,0,0,0,0,0,0,0,0,0,0,0,3,3,2,2,1,0,0,0,0,3,3,0,0,3,0,2,0
533703201,0,,,64,31,33,7,1,6,57,30,27,41,22,19,55,29,26,52,26,26,16,8,8,6,2,4,3,1,2,0,0,0,0,0,0,19,19,4,2,7,1,2,1,2,15,9,6,4,10,3,1,0
533703202,0,,,121,63,58,12,8,4,109,55,54,65,39,26,105,51,54,103,49,54,44,16,28,26,8,18,10,0,10,0,0,0,0,0,0,41,41,10,8,8,7,5,3,0,31,18,13,2,30,0,8,5
533703203,0,,,21,9,12,1,0,1,20,9,11,12,6,6,19,8,11,18,8,10,8,3,5,3,1,2,0,0,0,0,0,0,0,0,0,9,9,1,6,1,0,1,0,0,8,8,0,0,6,0,1,2
533703204,0,,,28,14,14,2,1,1,26,13,13,12,6,6,25,13,12,24,13,11,14,7,7,6,3,3,3,1,2,1,1,0,0,0,0,10,10,1,5,2,0,1,1,0,9,6,3,0,9,0,1,2
533703211,0,,,111,55,56,16,9,7,95,46,49,59,30,29,88,43,45,86,43,43,36,16,20,23,9,14,11,6,5,0,0,0,1,0,1,40,40,6,16,8,5,3,1,1,34,29,5,2,24,0,4,6
533703212,0,,,104,44,60,9,3,6,95,41,54,48,25,23,92,39,53,90,37,53,47,16,31,24,5,19,12,1,11,0,0,0,0,0,0,39,39,8,11,10,8,0,2,0,31,17,14,1,30,0,7,4
533703213,0,,,27,14,13,5,2,3,22,12,10,15,9,6,22,12,10,21,12,9,7,3,4,5,3,2,1,1,0,0,0,0,4,2,2,12,12,3,6,1,1,1,0,0,9,9,0,1,4,0,0,3
533703214,0,,,78,42,36,8,3,5,70,39,31,34,19,15,67,36,31,67,36,31,36,20,16,19,8,11,9,3,6,0,0,0,0,0,0,26,26,3,9,7,3,2,0,2,23,14,9,1,20,0,1,5
533703221,0,,,32,9,23,1,0,1,31,9,22,15,2,13,31,9,22,31,9,22,16,7,9,13,5,8,3,0,3,2,0,2,11,0,11,23,23,16,5,2,0,0,0,0,7,6,1,1,9,9,3,4
533703222,0,,,28,12,16,0,0,0,28,12,16,16,9,7,27,11,16,26,10,16,12,3,9,8,2,6,3,1,2,1,0,1,0,0,0,11,11,3,4,1,2,0,1,0,8,5,3,0,9,0,3,2
533703223,0,,,47,24,23,4,3,1,43,21,22,27,13,14,41,20,21,39,20,19,16,8,8,9,6,3,5,3,2,2,2,0,5,0,5,22,22,13,4,1,1,1,0,2,9,6,3,0,10,7,2,2
533703224,0,,,69,40,29,8,7,1,61,33,28,33,19,14,59,32,27,59,32,27,28,14,14,16,8,8,7,4,3,0,0,0,0,0,0,22,22,4,5,5,2,4,2,0,17,10,7,1,16,0,3,2
533703231,2,533703233,,11,3,8,*,*,*,*,*,*,*,*,*,*,*,*,*,*,*,*,*,*,*,*,*,*,*,*,*,*,*,*,*,*,4,4,*,*,*,*,*,*,*,*,*,*,*,*,*,*,*
533703232,2,533703233,,2,1,1,*,*,*,*,*,*,*,*,*,*,*,*,*,*,*,*,*,*,*,*,*,*,*,*,*,*,*,*,*,*,1,1,*,*,*,*,*,*,*,*,*,*,*,*,*,*,*
533703233,1,,533703231;533703232,30,13,17,5,1,4,38,16,22,18,8,10,38,16,22,35,15,20,20,8,12,12,4,8,7,2,5,0,0,0,0,0,0,11,11,5,6,1,1,0,2,1,11,8,3,0,14,0,5,4
533703241,2,533703243,,5,2,3,*,*,*,*,*,*,*,*,*,*,*,*,*,*,*,*,*,*,*,*,*,*,*,*,*,*,*,*,*,*,2,2,*,*,*,*,*,*,*,*,*,*,*,*,*,*,*
533703243,1,,533703241,105,58,47,12,10,2,98,50,48,58,31,27,91,46,45,91,46,45,40,19,21,16,7,9,7,1,6,0,0,0,0,0,0,42,42,9,17,11,3,2,2,0,35,29,6,2,28,1,7,10
533703244,0,,,63,35,28,2,2,0,61,33,28,29,18,11,61,33,28,61,33,28,32,15,17,16,7,9,8,4,4,0,0,0,0,0,0,23,22,4,9,4,2,2,1,0,18,12,6,0,19,0,2,5
533703301,2,533703303,,14,9,5,*,*,*,*,*,*,*,*,*,*,*,*,*,*,*,*,*,*,*,*,*,*,*,*,*,*,*,*,*,*,6,6,*,*,*,*,*,*,*,*,*,*,*,*,*,*,*
533703302,0,,,6,6,0,0,0,0,6,6,0,6,6,0,6,6,0,6,6,0,0,0,0,0,0,0,0,0,0,0,0,0,4,4,0,6,6,6,0,0,0,0,0,0,0,0,0,0,0,4,0,0
533703303,1,,533703301;533703304,27,14,13,3,1,2,48,27,21,28,17,11,45,26,19,43,24,19,20,10,10,10,5,5,4,1,3,1,1,0,1,1,0,9,9,3,5,4,4,2,0,0,15,12,3,1,11,0,1,3
533703304,2,533703303,,10,5,5,*,*,*,*,*,*,*,*,*,*,*,*,*,*,*,*,*,*,*,*,*,*,*,*,*,*,*,*,*,*,3,3,*,*,*,*,*,*,*,*,*,*,*,*,*,*,*
533703311,0,,,14,6,8,0,0,0,14,6,8,4,1,3,14,6,8,14,6,8,10,5,5,4,2,2,1,0,1,1,0,1,0,0,0,7,7,1,5,1,0,0,0,0,6,6,0,0,6,0,1,4
533703312,0,,,15,8,7,5,3,2,10,5,5,5,3,2,10,5,5,10,5,5,5,2,3,1,0,1,0,0,0,0,0,0,0,0,0,6,6,2,2,0,1,1,0,0,4,4,0,2,3,0,1,2
533703313,0,,,24,11,13,3,1,2,21,10,11,9,5,4,20,9,11,20,9,11,12,5,7,7,2,5,1,0,1,1,0,1,0,0,0,7,7,1,1,2,1,1,1,0,6,3,3,1,6,0,1,1
533703314,0,,,25,11,14,5,2,3,20,9,11,8,4,4,20,9,11,20,9,11,12,5,7,8,3,5,4,1,3,0,0,0,0,0,0,8,8,2,1,2,1,1,1,0,6,2,4,1,7,0,2,1
533703322,0,,,28,13,15,6,3,3,22,10,12,13,6,7,22,10,12,21,10,11,9,4,5,5,1,4,2,0,2,0,0,0,0,0,0,10,10,1,4,3,1,0,1,0,9,8,1,1,7,0,1,2
533703331,1,,533703332,30,15,15,4,3,1,28,13,15,20,9,11,26,12,14,25,12,13,8,4,4,3,1,2,3,1,2,0,0,0,0,0,0,10,10,3,2,2,2,1,1,0,8,5,3,1,5,0,1,0
533703332,2,533703331,,2,1,1,*,*,*,*,*,*,*,*,*,*,*,*,*,*,*,*,*,*,*,*,*,*,*,*,*,*,*,*,*,*,1,1,*,*,*,*,*,*,*,*,*,*,*,*,*,*,*
533703341,0,,,115,59,56,12,6,6,103,53,50,69,37,32,103,53,50,101,53,48,34,16,18,20,6,14,8,2,6,0,0,0,1,0,1,47,47,13,17,9,3,3,0,2,34,24,10,4,25,2,3,7
533703342,0,,,75,36,39,11,4,7,63,32,31,36,17,19,61,31,30,61,31,30,27,15,12,9,5,4,2,1,1,1,0,1,0,0,0,30,30,9,6,9,4,1,1,0,21,16,5,2,17,3,2,3
533703343,0,,,29,14,15,0,0,0,29,14,15,14,6,8,29,14,15,29,14,15,15,8,7,10,5,5,6,4,2,1,0,1,0,0,0,10,10,0,5,2,2,1,0,0,10,7,3,0,9,0,0,1
533703344,0,,,302,153,149,47,24,23,255,129,126,178,94,84,241,119,122,235,116,119,77,35,42,36,13,23,12,3,9,2,1,1,0,0,0,111,111,25,36,20,16,7,5,2,86,74,12,11,50,2,10,19
533703351,0,,,42,20,22,3,2,1,39,18,21,21,10,11,39,18,21,39,18,21,18,8,10,10,4,6,6,2,4,0,0,0,0,0,0,17,17,4,5,4,4,0,0,0,13,10,3,1,13,0,4,3
533703353,0,,,530,237,293,42,18,24,487,219,268,254,122,132,477,218,259,464,211,253,233,97,136,154,56,98,73,25,48,11,1,10,5,2,3,188,186,50,56,30,25,14,5,6,135,92,43,6,132,1,29,29
533703354,0,,,162,76,86,15,10,5,147,66,81,82,47,35,143,63,80,139,60,79,65,19,46,34,8,26,15,0,15,2,0,2,4,2,2,62,62,14,19,14,10,2,3,0,48,33,15,4,44,0,8,10
533703364,2,533703462,,1,1,0,*,*,*,*,*,*,*,*,*,*,*,*,*,*,*,*,*,*,*,*,*,*,*,*,*,*,*,*,*,*,1,1,*,*,*,*,*,*,*,*,*,*,*,*,*,*,*
533703401,0,,,30,16,14,6,2,4,24,14,10,15,10,5,24,14,10,24,14,10,9,4,5,7,3,4,0,0,0,0,0,0,0,0,0,6,6,0,1,1,1,1,0,2,6,3,3,2,5,0,0,1
533703402,2,533703403,,5,2,3,*,*,*,*,*,*,*,*,*,*,*,*,*,*,*,*,*,*,*,*,*,*,*,*,*,*,*,*,*,*,2,2,*,*,*,*,*,*,*,*,*,*,*,*,*,*,*
533703403,1,,533703402;533703404,9,4,5,1,1,0,20,10,10,8,5,3,20,10,10,20,10,10,12,5,7,6,3,3,4,2,2,1,0,1,0,0,0,4,4,0,6,3,0,0,0,0,9,8,1,0,6,0,0,2
533703404,2,533703403,,7,5,2,*,*,*,*,*,*,*,*,*,*,*,*,*,*,*,*,*,*,*,*,*,*,*,*,*,*,*,*,*,*,3,3,*,*,*,*,*,*,*,*,*,*,*,*,*,*,*
533703411,0,,,27,12,15,1,0,1,26,12,14,16,9,7,26,12,14,26,12,14,10,3,7,6,1,5,3,0,3,0,0,0,0,0,0,10,10,2,3,2,2,1,0,0,8,4,4,1,7,0,2,0
533703412,0,,,28,14,14,5,3,2,23,11,12,10,4,6,23,11,12,23,11,12,13,7,6,7,3,4,5,3,2,0,0,0,0,0,0,10,10,3,2,1,2,2,0,0,7,5,2,2,7,0,2,2
533703413,0,,,13,5,8,0,0,0,13,5,8,4,1,3,13,5,8,13,5,8,9,4,5,3,1,2,2,0,2,0,0,0,0,0,0,7,7,1,6,0,0,0,0,0,6,6,0,0,6,0,1,4
533703414,0,,,45,21,24,4,2,2,41,19,22,26,12,14,41,19,22,38,19,19,15,7,8,7,3,4,4,2,2,0,0,0,0,0,0,12,12,2,2,1,1,4,2,0,10,4,6,2,9,0,1,1
533703424,0,,,13,6,7,1,0,1,12,6,6,4,2,2,12,6,6,12,6,6,8,4,4,3,1,2,0,0,0,0,0,0,1,1,0,5,5,1,2,1,0,1,0,0,4,3,1,1,5,0,1,1
533703433,1,,533703434,19,9,10,1,0,1,27,12,15,16,7,9,26,12,14,26,12,14,11,5,6,7,2,5,3,1,2,0,0,0,0,0,0,8,8,1,4,3,1,0,1,0,9,7,2,0,7,0,1,1
533703434,2,533703433,,9,3,6,*,*,*,*,*,*,*,*,*,*,*,*,*,*,*,*,*,*,*,*,*,*,*,*,*,*,*,*,*,*,2,2,*,*,*,*,*,*,*,*,*,*,*,*,*,*,*
533703441,0,,,286,118,168,36,18,18,249,100,149,126,62,64,237,92,145,233,90,143,123,38,85,98,27,71,72,19,53,12,4,8,6,2,4,72,69,15,17,12,13,4,6,2,52,36,16,10,28,2,2,3
533703442,0,,,336,163,173,44,23,21,291,139,152,150,85,65,288,136,152,285,134,151,141,54,87,93,30,63,48,12,36,4,1,3,12,8,4,154,127,35,46,17,19,6,3,1,91,70,21,11,83,0,25,24
533703443,0,,,43,6,37,0,0,0,43,6,37,23,0,23,43,6,37,40,6,34,20,6,14,16,5,11,14,4,10,4,1,3,23,0,23,40,26,23,3,0,0,0,0,0,3,2,1,0,3,20,0,2
533703444,0,,,36,14,22,6,1,5,30,13,17,23,10,13,29,13,16,28,12,16,7,3,4,5,2,3,2,1,1,0,0,0,6,0,6,14,14,6,2,1,3,1,1,0,8,5,3,2,6,5,1,1
533703451,0,,,336,175,161,42,25,17,294,150,144,201,109,92,285,145,140,279,143,136,93,41,52,45,16,29,19,5,14,4,2,2,4,1,3,120,120,27,32,27,20,5,6,3,92,65,27,7,59,4,10,10
533703452,0,,,207,102,105,39,21,18,168,81,87,116,57,59,160,77,83,154,75,79,52,24,28,26,12,14,8,3,5,1,0,1,1,1,0,64,64,9,17,7,19,6,5,1,55,44,11,9,32,1,6,10
533703453,0,,,86,45,41,10,6,4,76,39,37,44,24,20,75,39,36,74,39,35,32,15,17,14,6,8,8,4,4,2,1,1,0,0,0,31,31,4,12,6,6,2,1,0,27,22,5,3,18,0,4,3
533703454,0,,,72,29,43,7,3,4,65,26,39,49,19,30,62,23,39,60,22,38,16,7,9,6,1,5,3,1,2,0,0,0,14,0,14,32,32,15,6,5,3,1,1,1,17,13,4,1,10,12,0,2
533703461,0,,,85,43,42,7,2,5,78,41,37,41,21,20,75,39,36,74,39,35,37,20,17,20,8,12,11,6,5,1,0,1,0,0,0,28,28,5,7,5,7,2,1,1,23,16,7,2,22,0,4,5
533703462,1,,533703364,56,27,29,4,2,2,53,26,27,31,16,15,52,25,27,52,25,27,22,10,12,14,6,8,3,1,2,2,1,1,0,0,0,16,16,3,2,6,1,2,3,0,14,6,8,1,13,0,1,1
533703463,0,,,100,52,48,13,9,4,87,43,44,52,25,27,84,40,44,81,40,41,35,18,17,17,9,8,7,4,3,1,1,0,0,0,0,33,33,5,12,3,9,0,2,2,28,17,11,2,20,0,3,6
533703464,0,,,20,11,9,8,6,2,12,5,7,7,3,4,12,5,7,12,5,7,5,2,3,1,0,1,1,0,1,0,0,0,0,0,0,5,5,0,0,2,1,2,0,0,5,4,1,2,2,0,0,0
533703471,2,533703473,,5,3,2,*,*,*,*,*,*,*,*,*,*,*,*,*,*,*,*,*,*,*,*,*,*,*,*,*,*,*,*,*,*,3,3,*,*,*,*,*,*,*,*,*,*,*,*,*,*,*
533703473,1,,533703471,7,5,2,0,0,0,12,8,4,8,5,3,12,8,4,12,8,4,4,3,1,3,2,1,2,2,0,0,0,0,0,0,0,3,3,3,2,0,0,1,0,0,3,2,1,0,3,0,2,0
533703501,2,533703502,,7,3,4,*,*,*,*,*,*,*,*,*,*,*,*,*,*,*,*,*,*,*,*,*,*,*,*,*,*,*,*,*,*,4,4,*,*,*,*,*,*,*,*,*,*,*,*,*,*,*
533703502,1,,533703501;533703503;533703504,26,12,14,3,2,1,37,17,20,18,10,8,37,17,20,37,17,20,19,7,12,7,1,6,4,1,3,0,0,0,0,0,0,8,8,5,7,2,2,0,0,1,12,9,3,0,14,0,3,3
533703503,2,533703502,,4,2,2,*,*,*,*,*,*,*,*,*,*,*,*,*,*,*,*,*,*,*,*,*,*,*,*,*,*,*,*,*,*,3,3,*,*,*,*,*,*,*,*,*,*,*,*,*,*,*
533703504,2,533703502,,3,2,1,*,*,*,*,*,*,*,*,*,*,*,*,*,*,*,*,*,*,*,*,*,*,*,*,*,*,*,*,*,*,2,2,*,*,*,*,*,*,*,*,*,*,*,*,*,*,*
533703512,2,533703514,,8,4,4,*,*,*,*,*,*,*,*,*,*,*,*,*,*,*,*,*,*,*,*,*,*,*,*,*,*,*,*,*,*,2,2,*,*,*,*,*,*,*,*,*,*,*,*,*,*,*
533703513,2,533703514,,6,3,3,*,*,*,*,*,*,*,*,*,*,*,*,*,*,*,*,*,*,*,*,*,*,*,*,*,*,*,*,*,*,3,3,*,*,*,*,*,*,*,*,*,*,*,*,*,*,*
533703514,1,,533703512;533703513,36,17,19,6,2,4,44,22,22,28,15,13,40,20,20,39,19,20,16,7,9,5,3,2,0,0,0,0,0,0,0,0,0,12,12,2,7,2,3,2,1,0,14,10,4,1,11,0,1,3
533703521,2,533703523,,6,4,2,*,*,*,*,*,*,*,*,*,*,*,*,*,*,*,*,*,*,*,*,*,*,*,*,*,*,*,*,*,*,2,2,*,*,*,*,*,*,*,*,*,*,*,*,*,*,*
533703522,0,,,53,28,25,9,6,3,44,22,22,23,11,12,44,22,22,44,22,22,21,11,10,9,4,5,5,3,2,2,1,1,0,0,0,19,19,2,7,4,5,1,0,0,17,13,4,1,14,0,2,4
533703523,1,,533703521,8,5,3,0,0,0,14,9,5,4,3,1,14,9,5,14,9,5,10,6,4,4,2,2,0,0,0,0,0,0,0,0,0,4,4,2,1,2,1,0,0,0,4,4,0,0,6,0,2,1
533703531,0,,,34,15,19,2,1,1,32,14,18,11,5,6,32,14,18,32,14,18,21,9,12,10,1,9,9,1,8,0,0,0,0,0,0,15,15,4,6,3,1,1,0,0,11,5,6,0,14,0,3,2
533703532,0,,,16,9,7,0,0,0,16,9,7,7,3,4,16,9,7,15,9,6,9,6,3,6,4,2,5,3,2,2,1,1,0,0,0,6,6,1,0,5,0,0,0,0,5,2,3,0,5,0,1,0
533703533,2,533703534,,12,6,6,*,*,*,*,*,*,*,*,*,*,*,*,*,*,*,*,*,*,*,*,*,*,*,*,*,*,*,*,*,*,3,3,*,*,*,*,*,*,*,*,*,*,*,*,*,*,*
533703534,1,,533703533,10,5,5,1,0,1,21,11,10,10,6,4,21,11,10,21,11,10,11,5,6,7,4,3,3,2,1,0,0,0,0,0,0,4,4,1,2,1,1,2,0,0,6,3,3,1,6,0,1,1
533703541,0,,,15,8,7,2,1,1,13,7,6,9,5,4,12,6,6,12,6,6,4,2,2,1,1,0,0,0,0,0,0,0,2,0,2,6,6,2,1,1,2,0,0,0,4,4,0,1,2,2,0,1
533703542,0,,,61,27,34,3,2,1,58,25,33,28,11,17,56,25,31,55,25,30,30,14,16,16,7,9,3,1,2,0,0,0,4,0,4,27,27,9,10,1,6,1,0,0,18,14,4,0,18,4,3,6
533703543,0,,,81,40,41,4,2,2,77,38,39,40,22,18,74,35,39,72,33,39,37,16,21,24,11,13,4,2,2,0,0,0,0,0,0,28,28,3,12,4,4,4,1,0,25,18,7,1,24,0,3,9
533703544,0,,,127,65,62,28,22,6,99,43,56,80,38,42,95,40,55,93,40,53,19,5,14,6,1,5,3,1,2,0,0,0,0,0,0,45,45,6,16,10,8,3,2,0,39,34,5,8,15,0,3,3
533703551,0,,,35,20,15,10,7,3,25,13,12,16,8,8,24,13,11,23,12,11,9,5,4,5,3,2,1,1,0,1,1,0,0,0,0,9,9,0,1,3,3,1,0,1,9,5,4,2,6,0,0,1
533703552,0,,,117,55,62,15,8,7,102,47,55,71,33,38,98,44,54,95,43,52,31,14,17,17,7,10,6,3,3,1,1,0,0,0,0,36,36,4,12,5,6,5,3,1,32,20,12,2,20,0,3,3
533703553,0,,,19,9,10,0,0,0,19,9,10,9,4,5,19,9,10,19,9,10,10,5,5,3,2,1,0,0,0,0,0,0,0,0,0,9,9,4,2,1,2,0,0,0,5,3,2,0,8,0,4,0
533703554,0,,,82,36,46,2,1,1,80,35,45,47,23,24,77,34,43,73,32,41,33,12,21,15,4,11,4,1,3,1,0,1,0,0,0,23,23,2,5,5,5,2,3,1,21,11,10,0,20,0,1,3
533703561,0,,,54,25,29,5,3,2,49,22,27,29,12,17,48,22,26,47,22,25,20,10,10,11,6,5,2,1,1,0,0,0,0,0,0,21,21,4,7,5,4,1,0,0,17,14,3,0,13,0,3,4
533703562,0,,,29,10,19,3,0,3,26,10,16,15,7,8,22,9,13,21,8,13,11,3,8,6,3,3,3,1,2,0,0,0,0,0,0,11,11,4,2,2,1,1,1,0,7,4,3,0,9,0,4,2
533703563,0,,,36,16,20,2,0,2,34,16,18,16,8,8,32,14,18,31,14,17,18,8,10,6,3,3,3,2,1,0,0,0,0,0,0,12,12,1,6,2,0,2,0,1,11,7,4,0,11,0,1,4
533703564,0,,,33,15,18,1,1,0,32,14,18,21,8,13,30,14,16,30,14,16,11,6,5,4,1,3,2,0,2,0,0,0,0,0,0,12,12,3,3,1,4,1,0,0,9,6,3,0,8,0,1,1
533703571,2,533703573,,9,5,4,*,*,*,*,*,*,*,*,*,*,*,*,*,*,*,*,*,*,*,*,*,*,*,*,*,*,*,*,*,*,3,3,*,*,*,*,*,*,*,*,*,*,*,*,*,*,*
533703573,1,,533703571,4,2,2,0,0,0,13,7,6,8,4,4,11,5,6,11,5,6,5,3,2,3,1,2,1,1,0,0,0,0,0,0,0,3,3,3,2,0,0,0,1,0,3,2,1,0,4,0,1,2
533703602,2,533703611,,9,5,4,*,*,*,*,*,*,*,*,*,*,*,*,*,*,*,*,*,*,*,*,*,*,*,*,*,*,*,*,*,*,2,2,*,*,*,*,*,*,*,*,*,*,*,*,*,*,*
533703603,2,533703611,,1,0,1,*,*,*,*,*,*,*,*,*,*,*,*,*,*,*,*,*,*,*,*,*,*,*,*,*,*,*,*,*,*,1,1,*,*,*,*,*,*,*,*,*,*,*,*,*,*,*
533703611,1,,533703602;533703603;533703703,10,5,5,3,2,1,20,10,10,12,7,5,20,10,10,19,10,9,8,3,5,4,1,3,1,1,0,0,0,0,0,0,0,3,3,2,1,2,0,0,1,1,5,3,2,1,5,0,1,0
533703621,2,533703622,,4,3,1,*,*,*,*,*,*,*,*,*,*,*,*,*,*,*,*,*,*,*,*,*,*,*,*,*,*,*,*,*,*,1,1,*,*,*,*,*,*,*,*,*,*,*,*,*,*,*
533703622,1,,533703621;533703624,47,23,24,7,5,2,54,25,29,33,17,16,52,25,27,51,24,27,21,8,13,12,4,8,7,1,6,0,0,0,2,2,0,17,17,3,6,7,1,3,1,0,17,8,9,3,16,0,2,1
533703624,2,533703622,,10,4,6,*,*,*,*,*,*,*,*,*,*,*,*,*,*,*,*,*,*,*,*,*,*,*,*,*,*,*,*,*,*,3,3,*,*,*,*,*,*,*,*,*,*,*,*,*,*,*
533703631,1,,533703714;533703722,24,12,12,11,6,5,22,10,12,17,8,9,20,10,10,19,10,9,5,2,3,2,1,1,0,0,0,0,0,0,12,7,5,10,10,7,0,2,1,2,1,0,6,6,0,4,5,0,5,0
533703641,0,,,94,41,53,14,5,9,65,31,34,44,22,22,63,29,34,63,29,34,21,9,12,11,5,6,4,0,4,1,0,1,0,0,0,35,33,13,7,5,4,2,2,0,19,13,6,3,15,4,4,3
533703642,0,,,134,67,67,19,8,11,115,59,56,67,39,28,111,56,55,109,55,54,48,20,28,25,11,14,8,4,4,1,1,0,0,0,0,43,43,6,14,10,3,6,1,3,36,25,11,6,31,0,6,7
533703644,0,,,124,60,64,11,4,7,113,56,57,82,39,43,110,54,56,108,52,56,31,17,14,19,9,10,7,2,5,0,0,0,0,0,0,43,43,7,15,6,10,4,0,1,36,25,11,3,25,0,5,5
533703651,0,,,36,18,18,0,0,0,36,18,18,16,10,6,34,17,17,33,16,17,20,8,12,10,4,6,0,0,0,0,0,0,0,0,0,23,23,14,6,2,1,0,0,0,9,9,0,0,16,0,10,4
533703652,2,533703654,,9,2,7,*,*,*,*,*,*,*,*,*,*,*,*,*,*,*,*,*,*,*,*,*,*,*,*,*,*,*,*,*,*,3,3,*,*,*,*,*,*,*,*,*,*,*,*,*,*,*
533703653,1,,533703742,59,28,31,1,0,1,62,30,32,34,15,19,62,30,32,62,30,32,28,15,13,12,4,8,5,2,3,0,0,0,0,0,0,23,23,7,4,10,2,2,0,0,18,12,6,1,19,0,4,2
533703654,1,,533703652,9,6,3,2,0,2,16,8,8,9,6,3,14,6,8,14,6,8,7,2,5,3,0,3,2,0,2,1,0,1,0,0,0,4,4,1,2,3,1,0,0,0,6,4,2,1,4,0,1,0
533703661,2,533703662,,4,1,3,*,*,*,*,*,*,*,*,*,*,*,*,*,*,*,*,*,*,*,*,*,*,*,*,*,*,*,*,*,*,1,1,*,*,*,*,*,*,*,*,*,*,*,*,*,*,*
533703662,1,,533703661,61,29,32,5,2,3,60,28,32,33,15,18,60,28,32,59,27,32,27,13,14,19,8,11,7,3,4,1,0,1,0,0,0,19,19,4,4,4,2,4,1,1,16,9,7,0,17,0,4,2
533703671,0,,,19,7,12,1,1,0,18,6,12,10,3,7,18,6,12,18,6,12,8,3,5,6,2,4,3,2,1,0,0,0,0,0,0,6,6,0,2,2,1,1,0,0,6,3,3,1,6,0,0,2
533703672,0,,,14,6,8,0,0,0,14,6,8,7,3,4,11,4,7,11,4,7,7,3,4,5,2,3,2,1,1,1,1,0,0,0,0,4,4,0,2,0,1,0,1,0,4,2,2,0,4,0,0,1
533703673,0,,,59,23,36,2,1,1,57,22,35,29,11,18,55,21,34,52,21,31,28,11,17,20,7,13,11,5,6,1,0,1,0,0,0,21,21,4,8,2,4,1,2,0,17,9,8,1,20,0,4,2
533703674,0,,,33,17,16,3,2,1,30,15,15,12,6,6,29,15,14,29,15,14,18,9,9,10,4,6,7,2,5,1,0,1,2,1,1,12,12,3,2,6,0,0,0,1,9,4,5,1,10,0,1,2
533703683,0,,,87,40,47,13,6,7,74,34,40,39,18,21,74,34,40,73,33,40,35,16,19,23,9,14,12,5,7,1,0,1,0,0,0,29,29,8,5,6,6,1,0,3,21,10,11,1,23,0,6,2
533703684,0,,,37,19,18,0,0,0,37,19,18,15,9,6,35,18,17,35,18,17,22,10,12,12,4,8,5,1,4,1,0,1,0,0,0,15,15,2,7,5,0,0,1,0,13,10,3,0,13,0,2,3
533703703,2,533703611,,3,2,1,*,*,*,*,*,*,*,*,*,*,*,*,*,*,*,*,*,*,*,*,*,*,*,*,*,*,*,*,*,*,1,1,*,*,*,*,*,*,*,*,*,*,*,*,*,*,*
533703714,2,533703631,,1,0,1,*,*,*,*,*,*,*,*,*,*,*,*,*,*,*,*,*,*,*,*,*,*,*,*,*,*,*,*,*,*,1,1,*,*,*,*,*,*,*,*,*,*,*,*,*,*,*
533703722,2,533703631,,8,4,4,*,*,*,*,*,*,*,*,*,*,*,*,*,*,*,*,*,*,*,*,*,*,*,*,*,*,*,*,*,*,2,2,*,*,*,*,*,*,*,*,*,*,*,*,*,*,*
533703742,2,533703653,,4,2,2,*,*,*,*,*,*,*,*,*,*,*,*,*,*,*,*,*,*,*,*,*,*,*,*,*,*,*,*,*,*,2,2,*,*,*,*,*,*,*,*,*,*,*,*,*,*,*
533703751,0,,,99,51,48,20,12,8,79,39,40,61,31,30,75,36,39,74,36,38,18,8,10,6,2,4,2,1,1,0,0,0,0,0,0,30,30,3,8,6,6,5,1,1,27,22,5,2,13,0,2,4
533703752,0,,,27,14,13,7,5,2,20,9,11,14,7,7,17,7,10,16,7,9,6,2,4,6,2,4,1,1,0,0,0,0,0,0,0,4,4,0,0,0,0,1,2,1,4,0,4,1,4,0,0,0
533703761,0,,,28,14,14,0,0,0,28,14,14,10,6,4,27,14,13,26,13,13,18,8,10,8,3,5,2,1,1,0,0,0,0,0,0,10,10,1,5,1,2,0,1,0,9,7,2,0,9,0,1,5
533703762,0,,,36,15,21,0,0,0,36,15,21,17,8,9,35,15,20,35,15,20,19,7,12,15,5,10,4,1,3,0,0,0,0,0,0,14,14,5,1,4,3,1,0,0,9,5,4,0,14,0,5,1
533703763,0,,,54,29,25,9,8,1,43,20,23,31,16,15,41,19,22,41,19,22,12,4,8,6,2,4,2,1,1,0,0,0,0,0,0,17,17,3,5,3,1,2,3,0,13,8,5,4,9,0,3,0
533703764,0,,,154,75,79,14,9,5,140,66,74,74,38,36,136,66,70,134,64,70,66,28,38,39,14,25,9,3,6,0,0,0,2,0,2,56,56,14,18,9,4,7,2,2,42,26,16,2,44,1,10,6
533703771,0,,,182,92,90,16,9,7,166,83,83,96,52,44,156,75,81,149,71,78,70,31,39,38,16,22,11,4,7,1,0,1,0,0,0,57,57,5,20,10,11,5,5,1,51,33,18,2,42,0,4,9
533703772,0,,,46,24,22,7,4,3,39,20,19,23,14,9,38,19,19,37,18,19,16,6,10,7,4,3,2,1,1,0,0,0,0,0,0,17,17,4,4,4,3,2,0,0,13,9,4,3,12,0,3,0
533703773,0,,,153,80,73,25,13,12,128,67,61,78,43,35,124,65,59,121,64,57,50,24,26,33,15,18,12,6,6,0,0,0,1,0,1,50,50,6,18,11,5,4,4,2,44,33,11,9,32,2,2,10
533703774,0,,,86,39,47,6,3,3,78,35,43,51,21,30,78,35,43,75,35,40,27,14,13,10,4,6,2,0,2,1,0,1,0,0,0,27,27,3,8,5,5,4,2,0,23,16,7,0,18,0,3,4
533703781,0,,,12,5,7,0,0,0,12,5,7,11,4,7,11,5,6,8,4,4,1,1,0,1,1,0,1,1,0,0,0,0,0,0,0,4,4,1,0,2,0,1,0,0,3,3,0,0,1,0,1,0
533703782,2,533703784,,5,2,3,*,*,*,*,*,*,*,*,*,*,*,*,*,*,*,*,*,*,*,*,*,*,*,*,*,*,*,*,*,*,2,2,*,*,*,*,*,*,*,*,*,*,*,*,*,*,*
533703783,0,,,21,10,11,4,2,2,17,8,9,11,6,5,14,6,8,14,6,8,6,2,4,3,1,2,1,0,1,0,0,0,0,0,0,5,5,1,0,1,0,1,2,0,4,0,4,0,5,0,1,0
533703784,1,,533703782;533703793,15,7,8,2,1,1,26,13,13,11,6,5,26,13,13,26,13,13,15,7,8,10,5,5,5,1,4,0,0,0,0,0,0,7,7,3,4,3,2,0,0,0,9,5,4,1,10,0,3,2
533703793,2,533703784,,8,5,3,*,*,*,*,*,*,*,*,*,*,*,*,*,*,*,*,*,*,*,*,*,*,*,*,*,*,*,*,*,*,3,3,*,*,*,*,*,*,*,*,*,*,*,*,*,*,*
533703854,2,533703952,,7,4,3,*,*,*,*,*,*,*,*,*,*,*,*,*,*,*,*,*,*,*,*,*,*,*,*,*,*,*,*,*,*,2,2,*,*,*,*,*,*,*,*,*,*,*,*,*,*,*
533703861,0,,,34,18,16,4,0,4,30,18,12,21,13,8,30,18,12,29,17,12,9,5,4,4,2,2,2,1,1,0,0,0,0,0,0,11,11,0,4,3,3,1,0,0,11,9,2,1,6,0,0,2
533703862,0,,,56,26,30,3,2,1,53,24,29,24,12,12,52,23,29,52,23,29,29,12,17,14,5,9,3,0,3,1,0,1,1,0,1,25,25,5,12,6,1,1,0,0,20,17,3,1,18,1,3,6
533703864,0,,,14,9,5,0,0,0,14,9,5,5,4,1,14,9,5,14,9,5,9,5,4,4,3,1,2,2,0,0,0,0,0,0,0,6,6,2,1,2,1,0,0,0,4,4,0,0,6,0,2,0
533703871,1,,533703873,21,10,11,3,1,2,20,10,10,7,3,4,20,10,10,20,10,10,13,7,6,8,4,4,4,2,2,1,1,0,2,2,0,8,8,2,3,3,0,0,1,0,7,4,3,1,7,0,1,3
533703872,0,,,17,10,7,1,1,0,15,8,7,5,4,1,15,8,7,15,8,7,10,4,6,6,2,4,3,1,2,0,0,0,0,0,0,7,7,2,1,3,1,0,0,0,5,3,2,0,6,0,1,1
533703873,2,533703871,,2,1,1,*,*,*,*,*,*,*,*,*,*,*,*,*,*,*,*,*,*,*,*,*,*,*,*,*,*,*,*,*,*,1,1,*,*,*,*,*,*,*,*,*,*,*,*,*,*,*
533703881,0,,,23,9,14,7,2,5,16,7,9,8,4,4,16,7,9,16,7,9,8,3,5,5,3,2,2,1,1,0,0,0,0,0,0,9,9,2,2,3,2,0,0,0,7,6,1,0,5,0,2,2
533703882,2,533703884,,9,6,3,*,*,*,*,*,*,*,*,*,*,*,*,*,*,*,*,*,*,*,*,*,*,*,*,*,*,*,*,*,*,4,4,*,*,*,*,*,*,*,*,*,*,*,*,*,*,*
533703883,2,533703884,,6,3,3,*,*,*,*,*,*,*,*,*,*,*,*,*,*,*,*,*,*,*,*,*,*,*,*,*,*,*,*,*,*,3,3,*,*,*,*,*,*,*,*,*,*,*,*,*,*,*
533703884,1,,533703882;533703883,42,23,19,7,4,3,50,28,22,26,17,9,48,27,21,48,27,21,24,11,13,12,4,8,3,3,0,0,0,0,0,0,0,16,16,5,7,8,1,2,0,0,18,15,3,0,17,0,5,3
533703891,0,,,46,22,24,7,4,3,39,18,21,24,10,14,38,17,21,38,17,21,15,8,7,9,5,4,3,2,1,1,1,0,0,0,0,11,11,0,1,4,2,2,0,2,11,4,7,2,10,0,0,0
533703893,0,,,27,13,14,7,4,3,20,9,11,16,7,9,20,9,11,20,9,11,4,2,2,2,0,2,2,0,2,0,0,0,0,0,0,7,7,0,1,2,3,0,0,1,7,5,2,2,2,0,0,0
533703894,0,,,29,17,12,0,0,0,29,17,12,12,8,4,29,17,12,29,17,12,17,9,8,3,1,2,2,1,1,1,1,0,0,0,0,10,10,2,3,1,2,2,0,0,8,6,2,0,9,0,1,2
533703903,0,,,66,32,34,8,5,3,58,27,31,29,14,15,57,27,30,57,27,30,29,13,16,16,6,10,5,0,5,0,0,0,0,0,0,22,22,1,7,7,5,2,0,0,20,15,5,2,18,0,1,5
533703904,0,,,27,15,12,2,2,0,25,13,12,12,7,5,24,12,12,24,12,12,13,6,7,9,4,5,5,3,2,0,0,0,0,0,0,8,8,0,1,5,0,2,0,0,8,3,5,0,8,0,0,0
533703951,2,533703954,,5,3,2,*,*,*,*,*,*,*,*,*,*,*,*,*,*,*,*,*,*,*,*,*,*,*,*,*,*,*,*,*,*,2,2,*,*,*,*,*,*,*,*,*,*,*,*,*,*,*
533703952,1,,533703854,82,14,68,3,2,1,86,16,70,6,3,3,86,16,70,86,16,70,80,13,67,73,10,63,62,7,55,15,0,15,0,0,0,4,2,0,2,1,0,1,0,0,4,3,1,0,3,0,0,2
533703954,1,,533703951,20,7,13,4,2,2,21,8,13,14,6,8,21,8,13,21,8,13,7,2,5,4,1,3,3,1,2,0,0,0,0,0,0,6,6,1,2,1,3,1,0,0,7,4,3,1,5,0,0,1
533703961,1,,533703963,76,43,33,4,2,2,73,41,32,39,23,16,71,40,31,70,39,31,34,18,16,23,11,12,5,3,2,0,0,0,0,0,0,26,26,6,10,2,3,4,1,1,21,15,6,0,23,0,6,6
533703963,2,533703961,,1,0,1,*,*,*,*,*,*,*,*,*,*,*,*,*,*,*,*,*,*,*,*,*,*,*,*,*,*,*,*,*,*,1,1,*,*,*,*,*,*,*,*,*,*,*,*,*,*,*
533703964,0,,,11,6,5,0,0,0,11,6,5,6,4,2,11,6,5,11,6,5,5,2,3,4,1,3,3,1,2,0,0,0,0,0,0,6,6,3,2,0,1,0,0,0,3,1,2,0,4,0,2,1
533703971,0,,,18,7,11,3,1,2,15,6,9,6,2,4,15,6,9,15,6,9,9,4,5,1,0,1,1,0,1,0,0,0,0,0,0,7,7,2,1,3,0,1,0,0,5,4,1,1,5,0,1,1
533703972,2,533703973,,9,3,6,*,*,*,*,*,*,*,*,*,*,*,*,*,*,*,*,*,*,*,*,*,*,*,*,*,*,*,*,*,*,2,2,*,*,*,*,*,*,*,*,*,*,*,*,*,*,*
533703973,1,,533703972,96,48,48,15,7,8,90,44,46,59,31,28,89,43,46,87,41,46,31,13,18,15,5,10,7,3,4,0,0,0,4,3,1,30,29,5,6,5,8,5,1,1,25,11,14,3,21,0,3,4
533703974,0,,,7,7,0,0,0,0,7,7,0,7,7,0,7,7,0,7,7,0,0,0,0,0,0,0,0,0,0,0,0,0,0,0,0,2,0,0,0,0,0,0,0,0,0,0,0,0,0,0,0,0
533703982,0,,,35,18,17,2,2,0,33,16,17,22,11,11,32,16,16,31,15,16,11,5,6,8,3,5,0,0,0,0,0,0,0,0,0,11,11,0,4,4,1,1,1,0,11,9,2,0,7,0,0,3
533703983,0,,,10,4,6,0,0,0,10,4,6,4,2,2,10,4,6,10,4,6,6,2,4,3,0,3,2,0,2,0,0,0,0,0,0,4,4,0,2,2,0,0,0,0,4,2,2,0,3,0,0,1
533703984,0,,,12,7,5,0,0,0,12,7,5,3,2,1,12,7,5,12,7,5,9,5,4,5,2,3,2,0,2,0,0,0,0,0,0,6,6,2,2,2,0,0,0,0,4,4,0,0,5,0,1,0
533703991,0,,,25,11,14,3,2,1,22,9,13,13,5,8,21,9,12,21,9,12,9,4,5,8,3,5,4,2,2,0,0,0,0,0,0,7,7,1,0,2,3,0,1,0,6,3,3,0,5,0,1,0
533703992,1,,533703994,20,9,11,1,0,1,28,11,17,15,7,8,26,10,16,26,10,16,13,4,9,7,1,6,2,0,2,0,0,0,1,0,1,9,9,5,2,2,2,0,1,0,7,4,3,1,10,0,4,2
533703994,2,533703992,,9,2,7,*,*,*,*,*,*,*,*,*,*,*,*,*,*,*,*,*,*,*,*,*,*,*,*,*,*,*,*,*,*,3,3,*,*,*,*,*,*,*,*,*,*,*,*,*,*,*
533704031,2,533704033,,6,3,3,*,*,*,*,*,*,*,*,*,*,*,*,*,*,*,*,*,*,*,*,*,*,*,*,*,*,*,*,*,*,4,4,*,*,*,*,*,*,*,*,*,*,*,*,*,*,*
533704033,1,,533704031;533704034;533704132,3,2,1,0,0,0,13,6,7,3,1,2,12,6,6,12,6,6,10,5,5,7,3,4,3,2,1,0,0,0,0,0,0,2,2,6,2,1,0,0,0,0,3,3,0,0,8,0,6,2
533704034,2,533704033,,3,1,2,*,*,*,*,*,*,*,*,*,*,*,*,*,*,*,*,*,*,*,*,*,*,*,*,*,*,*,*,*,*,2,2,*,*,*,*,*,*,*,*,*,*,*,*,*,*,*
533704132,2,533704033,,1,0,1,*,*,*,*,*,*,*,*,*,*,*,*,*,*,*,*,*,*,*,*,*,*,*,*,*,*,*,*,*,*,1,1,*,*,*,*,*,*,*,*,*,*,*,*,*,*,*
533705012,0,,,10,6,4,0,0,0,10,6,4,3,1,2,10,6,4,10,6,4,7,5,2,6,4,2,2,1,1,0,0,0,0,0,0,6,6,3,2,1,0,0,0,0,3,3,0,0,5,0,3,2
533705082,2,533705454,,3,2,1,*,*,*,*,*,*,*,*,*,*,*,*,*,*,*,*,*,*,*,*,*,*,*,*,*,*,*,*,*,*,1,1,*,*,*,*,*,*,*,*,*,*,*,*,*,*,*
533705181,1,,533705182;533705183;533705264;533705281,6,3,3,1,0,1,21,12,9,15,10,5,20,11,9,18,10,8,6,2,4,5,1,4,1,0,1,0,0,0,0,0,0,2,2,3,0,3,1,0,1,0,5,3,2,0,5,0,1,0
533705182,2,533705181,,6,4,2,*,*,*,*,*,*,*,*,*,*,*,*,*,*,*,*,*,*,*,*,*,*,*,*,*,*,*,*,*,*,1,1,*,*,*,*,*,*,*,*,*,*,*,*,*,*,*
533705183,2,533705181,,2,1,1,*,*,*,*,*,*,*,*,*,*,*,*,*,*,*,*,*,*,*,*,*,*,*,*,*,*,*,*,*,*,2,2,*,*,*,*,*,*,*,*,*,*,*,*,*,*,*
533705234,2,533705432,,3,1,2,*,*,*,*,*,*,*,*,*,*,*,*,*,*,*,*,*,*,*,*,*,*,*,*,*,*,*,*,*,*,1,1,*,*,*,*,*,*,*,*,*,*,*,*,*,*,*
533705264,2,533705181,,4,2,2,*,*,*,*,*,*,*,*,*,*,*,*,*,*,*,*,*,*,*,*,*,*,*,*,*,*,*,*,*,*,1,1,*,*,*,*,*,*,*,*,*,*,*,*,*,*,*
533705281,2,533705181,,4,2,2,*,*,*,*,*,*,*,*,*,*,*,*,*,*,*,*,*,*,*,*,*,*,*,*,*,*,*,*,*,*,2,2,*,*,*,*,*,*,*,*,*,*,*,*,*,*,*
533705371,1,,533705373,4,2,2,0,0,0,8,4,4,2,1,1,8,4,4,8,4,4,6,3,3,5,3,2,3,1,2,2,1,1,0,0,0,2,2,3,1,1,0,0,0,0,2,2,0,0,4,0,2,1
533705373,2,533705371,,4,2,2,*,*,*,*,*,*,*,*,*,*,*,*,*,*,*,*,*,*,*,*,*,*,*,*,*,*,*,*,*,*,3,3,*,*,*,*,*,*,*,*,*,*,*,*,*,*,*
533705432,1,,533705234,36,19,17,12,8,4,27,12,15,20,9,11,26,12,14,24,11,13,7,3,4,1,0,1,1,0,1,0,0,0,0,0,0,12,12,2,4,2,3,1,1,0,11,10,1,3,4,0,2,1
533705443,2,533705444,,6,2,4,*,*,*,*,*,*,*,*,*,*,*,*,*,*,*,*,*,*,*,*,*,*,*,*,*,*,*,*,*,*,4,4,*,*,*,*,*,*,*,*,*,*,*,*,*,*,*
533705444,1,,533705443,13,8,5,0,0,0,19,10,9,5,3,2,19,10,9,19,10,9,14,7,7,11,7,4,4,1,3,0,0,0,0,0,0,8,8,5,7,0,0,0,0,0,7,5,2,0,9,0,3,3
533705453,0,,,46,22,24,5,3,2,41,19,22,22,11,11,41,19,22,40,18,22,19,8,11,16,7,9,9,5,4,0,0,0,0,0,0,20,20,6,7,4,2,0,1,0,14,12,2,2,13,0,5,5
533705454,1,,533705082,42,22,20,3,2,1,42,22,20,15,8,7,42,22,20,42,22,20,27,14,13,22,10,12,7,3,4,0,0,0,0,0,0,21,21,8,6,7,1,0,0,0,14,13,1,1,18,0,7,5
533705461,1,,533705463,12,7,5,3,2,1,11,7,4,10,6,4,11,7,4,11,7,4,1,1,0,0,0,0,0,0,0,0,0,0,0,0,0,6,6,4,2,2,0,0,0,0,4,4,0,0,1,1,1,0
533705462,1,,533705471,10,5,5,0,0,0,14,7,7,9,4,5,14,7,7,14,7,7,5,3,2,4,2,2,4,2,2,0,0,0,0,0,0,8,8,6,4,0,0,0,0,0,4,4,0,0,3,3,1,2
533705463,2,533705461,,2,2,0,*,*,*,*,*,*,*,*,*,*,*,*,*,*,*,*,*,*,*,*,*,*,*,*,*,*,*,*,*,*,2,2,*,*,*,*,*,*,*,*,*,*,*,*,*,*,*
533705471,2,533705462,,4,2,2,*,*,*,*,*,*,*,*,*,*,*,*,*,*,*,*,*,*,*,*,*,*,*,*,*,*,*,*,*,*,2,2,*,*,*,*,*,*,*,*,*,*,*,*,*,*,*
533705542,0,,,13,8,5,0,0,0,13,8,5,7,6,1,13,8,5,13,8,5,6,2,4,2,0,2,2,0,2,0,0,0,0,0,0,6,6,1,3,2,0,0,0,0,5,4,1,0,4,0,0,2
533705544,0,,,54,29,25,6,5,1,48,24,24,27,14,13,44,23,21,44,23,21,21,10,11,8,2,6,3,1,2,1,0,1,0,0,0,18,18,3,7,2,2,2,1,1,15,10,5,2,13,0,1,6
533705551,1,,533705552;533705553,77,34,43,8,3,5,74,33,41,40,20,20,69,31,38,67,31,36,34,13,21,20,7,13,7,1,6,0,0,0,2,0,2,35,35,19,10,4,3,0,2,1,20,15,5,1,25,3,11,7
533705552,2,533705551,,1,0,1,*,*,*,*,*,*,*,*,*,*,*,*,*,*,*,*,*,*,*,*,*,*,*,*,*,*,*,*,*,*,1,1,*,*,*,*,*,*,*,*,*,*,*,*,*,*,*
533705553,2,533705551,,4,2,2,*,*,*,*,*,*,*,*,*,*,*,*,*,*,*,*,*,*,*,*,*,*,*,*,*,*,*,*,*,*,3,3,*,*,*,*,*,*,*,*,*,*,*,*,*,*,*
533705642,0,,,58,24,34,4,1,3,54,23,31,29,13,16,52,23,29,51,22,29,25,10,15,12,3,9,9,2,7,1,1,0,0,0,0,25,25,7,8,7,1,2,0,0,18,16,2,1,18,0,6,6
533705644,0,,,32,11,21,18,4,14,14,7,7,6,3,3,14,7,7,14,7,7,8,4,4,4,2,2,1,0,1,1,0,1,1,0,1,7,6,1,1,2,2,0,0,0,5,4,1,1,4,0,1,1
533705742,1,,533705744;533705753,16,10,6,3,1,2,28,17,11,14,9,5,28,17,11,28,17,11,14,8,6,6,4,2,2,1,1,0,0,0,0,0,0,8,8,11,1,3,1,1,0,0,6,4,2,1,11,0,6,1
533705744,2,533705742,,9,5,4,*,*,*,*,*,*,*,*,*,*,*,*,*,*,*,*,*,*,*,*,*,*,*,*,*,*,*,*,*,*,5,5,*,*,*,*,*,*,*,*,*,*,*,*,*,*,*
533705753,2,533705742,,6,3,3,*,*,*,*,*,*,*,*,*,*,*,*,*,*,*,*,*,*,*,*,*,*,*,*,*,*,*,*,*,*,4,4,*,*,*,*,*,*,*,*,*,*,*,*,*,*,*
533705844,2,533705851,,4,1,3,*,*,*,*,*,*,*,*,*,*,*,*,*,*,*,*,*,*,*,*,*,*,*,*,*,*,*,*,*,*,3,3,*,*,*,*,*,*,*,*,*,*,*,*,*,*,*
533705851,1,,533705844,10,6,4,2,1,1,12,6,6,7,4,3,12,6,6,12,6,6,5,2,3,1,0,1,0,0,0,0,0,0,0,0,0,4,4,3,2,1,1,0,0,0,3,3,0,0,4,0,2,1
533705891,1,,533705892;533705893;533705894,1,0,1,1,1,0,19,10,9,8,4,4,19,10,9,19,10,9,11,6,5,6,3,3,1,1,0,0,0,0,1,0,1,1,1,3,1,1,3,0,0,0,4,2,2,0,7,0,3,0
533705892,2,533705891,,4,3,1,*,*,*,*,*,*,*,*,*,*,*,*,*,*,*,*,*,*,*,*,*,*,*,*,*,*,*,*,*,*,1,1,*,*,*,*,*,*,*,*,*,*,*,*,*,*,*
533705893,2,533705891,,13,7,6,*,*,*,*,*,*,*,*,*,*,*,*,*,*,*,*,*,*,*,*,*,*,*,*,*,*,*,*,*,*,5,5,*,*,*,*,*,*,*,*,*,*,*,*,*,*,*
533705894,2,533705891,,2,1,1,*,*,*,*,*,*,*,*,*,*,*,*,*,*,*,*,*,*,*,*,*,*,*,*,*,*,*,*,*,*,1,1,*,*,*,*,*,*,*,*,*,*,*,*,*,*,*
533705974,2,533705983,,9,3,6,*,*,*,*,*,*,*,*,*,*,*,*,*,*,*,*,*,*,*,*,*,*,*,*,*,*,*,*,*,*,3,3,*,*,*,*,*,*,*,*,*,*,*,*,*,*,*
533705983,1,,533705974,31,15,16,6,2,4,34,16,18,16,9,7,33,15,18,32,15,17,18,7,11,8,2,6,3,0,3,2,0,2,0,0,0,13,13,6,5,1,2,0,1,1,10,7,3,2,11,0,3,4
533705984,0,,,10,5,5,2,1,1,8,4,4,3,2,1,8,4,4,8,4,4,5,2,3,3,1,2,0,0,0,0,0,0,0,0,0,4,4,1,2,0,0,1,0,0,3,2,1,0,3,0,0,2
533705991,0,,,19,9,10,0,0,0,19,9,10,10,6,4,19,9,10,18,8,10,9,3,6,4,1,3,1,1,0,0,0,0,0,0,0,7,7,1,4,1,0,0,0,1,6,5,1,0,6,0,1,1
533705992,2,533705993,,4,2,2,*,*,*,*,*,*,*,*,*,*,*,*,*,*,*,*,*,*,*,*,*,*,*,*,*,*,*,*,*,*,3,3,*,*,*,*,*,*,*,*,*,*,*,*,*,*,*
533705993,1,,533705992,35,16,19,0,0,0,39,18,21,18,8,10,38,17,21,36,15,21,21,10,11,18,8,10,4,1,3,1,0,1,0,0,0,12,12,5,4,3,0,1,2,0,10,6,4,0,14,0,4,2
533705994,0,,,17,9,8,1,1,0,16,8,8,9,5,4,16,8,8,16,8,8,7,3,4,4,2,2,1,0,1,0,0,0,0,0,0,7,7,1,3,2,1,0,0,0,6,5,1,0,3,0,0,2
533706032,0,,,16,7,9,3,1,2,13,6,7,7,3,4,13,6,7,13,6,7,6,3,3,4,3,1,1,1,0,0,0,0,0,0,0,5,5,0,3,0,1,0,1,0,5,3,2,1,5,0,0,1
533706034,0,,,47,25,22,5,4,1,42,21,21,21,12,9,40,20,20,40,20,20,21,9,12,15,6,9,7,3,4,0,0,0,1,0,1,16,16,2,6,2,5,0,0,1,13,9,4,1,14,0,2,3
533706041,2,533706042,,10,5,5,*,*,*,*,*,*,*,*,*,*,*,*,*,*,*,*,*,*,*,*,*,*,*,*,*,*,*,*,*,*,3,3,*,*,*,*,*,*,*,*,*,*,*,*,*,*,*
533706042,1,,533706041;533706043,25,11,14,4,2,2,42,18,24,21,8,13,41,18,23,40,18,22,21,10,11,17,7,10,8,5,3,0,0,0,0,0,0,9,9,2,8,1,5,1,0,0,15,11,4,1,13,0,0,5
533706043,2,533706042,,11,4,7,*,*,*,*,*,*,*,*,*,*,*,*,*,*,*,*,*,*,*,*,*,*,*,*,*,*,*,*,*,*,5,5,*,*,*,*,*,*,*,*,*,*,*,*,*,*,*
533706051,0,,,15,7,8,2,2,0,13,5,8,3,1,2,13,5,8,13,5,8,10,4,6,2,1,1,1,0,1,0,0,0,0,0,0,6,6,1,3,1,0,1,0,0,5,3,2,0,6,0,1,3
533706052,0,,,28,13,15,3,2,1,25,11,14,7,4,3,25,11,14,25,11,14,18,7,11,10,3,7,5,2,3,0,0,0,1,0,1,13,13,5,5,2,0,0,0,1,8,6,2,0,12,0,5,4
533706053,2,533706054,,6,3,3,*,*,*,*,*,*,*,*,*,*,*,*,*,*,*,*,*,*,*,*,*,*,*,*,*,*,*,*,*,*,2,2,*,*,*,*,*,*,*,*,*,*,*,*,*,*,*
533706054,1,,533706053,9,6,3,0,0,0,15,9,6,7,6,1,15,9,6,15,9,6,8,3,5,4,1,3,4,1,3,1,0,1,0,0,0,4,4,2,1,1,2,0,0,0,4,3,1,0,4,0,1,1
533706061,0,,,52,32,20,2,2,0,50,30,20,24,16,8,50,30,20,48,28,20,26,14,12,13,7,6,3,1,2,1,0,1,0,0,0,31,31,18,9,2,1,0,1,0,13,11,2,0,18,1,9,6
533706062,0,,,139,54,85,16,10,6,123,44,79,62,28,34,120,42,78,119,42,77,61,16,45,46,8,38,32,4,28,13,1,12,0,0,0,56,54,29,12,6,4,2,1,0,25,23,2,7,18,7,5,8
533706063,2,533706064,,8,4,4,*,*,*,*,*,*,*,*,*,*,*,*,*,*,*,*,*,*,*,*,*,*,*,*,*,*,*,*,*,*,2,2,*,*,*,*,*,*,*,*,*,*,*,*,*,*,*
533706064,1,,533706063,104,59,45,3,2,1,109,61,48,76,46,30,108,61,47,107,61,46,33,15,18,16,8,8,5,2,3,0,0,0,0,0,0,24,20,6,9,3,2,1,1,0,16,13,3,0,13,0,4,4
533706071,0,,,41,20,21,3,1,2,38,19,19,20,11,9,38,19,19,38,19,19,18,8,10,10,2,8,4,1,3,0,0,0,1,0,1,29,29,21,6,0,2,0,0,0,8,8,0,1,15,4,11,3
533706072,0,,,33,14,19,3,0,3,30,14,16,11,5,6,30,14,16,30,14,16,19,9,10,10,3,7,3,0,3,1,0,1,5,2,3,16,16,4,9,1,2,0,0,0,12,10,2,1,13,0,3,4
533706073,0,,,72,35,37,12,6,6,60,29,31,39,22,17,60,29,31,59,28,31,21,7,14,12,2,10,8,2,6,0,0,0,11,6,5,24,24,6,5,2,7,2,2,0,18,12,6,5,15,0,5,5
533706074,0,,,17,10,7,0,0,0,17,10,7,8,5,3,17,10,7,16,10,6,9,5,4,8,5,3,4,2,2,0,0,0,0,0,0,8,8,5,1,1,0,0,0,1,3,2,1,0,6,0,3,1
533706082,1,,533706083;533706091;533706191,2,1,1,0,0,0,13,5,8,3,1,2,13,5,8,13,5,8,10,4,6,8,3,5,3,1,2,1,1,0,0,0,0,2,2,6,2,1,0,0,0,0,3,3,0,0,8,0,5,1
533706083,2,533706082,,8,3,5,*,*,*,*,*,*,*,*,*,*,*,*,*,*,*,*,*,*,*,*,*,*,*,*,*,*,*,*,*,*,4,4,*,*,*,*,*,*,*,*,*,*,*,*,*,*,*
533706091,2,533706082,,2,0,2,*,*,*,*,*,*,*,*,*,*,*,*,*,*,*,*,*,*,*,*,*,*,*,*,*,*,*,*,*,*,2,2,*,*,*,*,*,*,*,*,*,*,*,*,*,*,*
533706132,0,,,71,36,35,14,10,4,57,26,31,34,19,15,56,25,31,56,25,31,23,7,16,11,3,8,6,2,4,0,0,0,0,0,0,22,22,5,4,5,2,3,2,1,17,10,7,3,15,0,5,2
533706134,0,,,106,57,49,25,13,12,81,44,37,57,32,25,76,42,34,74,41,33,24,12,12,14,6,8,5,1,4,0,0,0,0,0,0,38,38,13,8,4,5,5,1,2,25,21,4,6,15,4,4,5
533706141,2,533706142,,9,2,7,*,*,*,*,*,*,*,*,*,*,*,*,*,*,*,*,*,*,*,*,*,*,*,*,*,*,*,*,*,*,4,4,*,*,*,*,*,*,*,*,*,*,*,*,*,*,*
533706142,1,,533706141;533706143;533706144,23,9,14,9,3,6,34,13,21,18,6,12,32,12,20,32,12,20,16,7,9,5,2,3,2,0,2,1,0,1,0,0,0,5,5,3,3,2,0,3,1,1,10,3,7,2,9,0,1,1
533706143,2,533706142,,8,4,4,*,*,*,*,*,*,*,*,*,*,*,*,*,*,*,*,*,*,*,*,*,*,*,*,*,*,*,*,*,*,3,3,*,*,*,*,*,*,*,*,*,*,*,*,*,*,*
533706144,2,533706142,,3,1,2,*,*,*,*,*,*,*,*,*,*,*,*,*,*,*,*,*,*,*,*,*,*,*,*,*,*,*,*,*,*,1,1,*,*,*,*,*,*,*,*,*,*,*,*,*,*,*
533706151,0,,,20,10,10,0,0,0,20,10,10,10,5,5,20,10,10,20,10,10,10,5,5,6,2,4,3,1,2,0,0,0,0,0,0,9,9,2,5,1,0,1,0,0,7,6,1,0,7,0,2,2
533706152,0,,,17,9,8,0,0,0,17,9,8,7,5,2,17,9,8,15,7,8,10,4,6,6,3,3,2,1,1,0,0,0,0,0,0,7,7,2,3,1,0,0,1,0,5,3,2,0,6,0,1,3
533706154,0,,,21,10,11,0,0,0,21,10,11,8,5,3,21,10,11,21,10,11,13,5,8,8,3,5,3,1,2,1,0,1,0,0,0,11,11,3,6,2,0,0,0,0,8,7,1,0,8,0,2,4
533706161,1,,533706163,18,6,12,1,0,1,25,11,14,15,7,8,25,11,14,25,11,14,10,4,6,6,1,5,3,0,3,0,0,0,0,0,0,8,8,8,4,2,1,0,0,0,7,4,3,0,6,4,2,1
533706162,1,,533706164,35,16,19,1,0,1,37,18,19,21,11,10,36,17,19,36,17,19,16,7,9,10,4,6,8,3,5,2,1,1,0,0,0,16,15,10,3,3,1,0,1,0,8,4,4,0,11,1,5,1
533706163,2,533706161,,8,5,3,*,*,*,*,*,*,*,*,*,*,*,*,*,*,*,*,*,*,*,*,*,*,*,*,*,*,*,*,*,*,7,7,*,*,*,*,*,*,*,*,*,*,*,*,*,*,*
533706164,2,533706162,,3,2,1,*,*,*,*,*,*,*,*,*,*,*,*,*,*,*,*,*,*,*,*,*,*,*,*,*,*,*,*,*,*,3,3,*,*,*,*,*,*,*,*,*,*,*,*,*,*,*
533706171,0,,,111,33,78,0,0,0,111,33,78,17,10,7,110,32,78,110,32,78,94,23,71,85,20,65,65,12,53,20,1,19,0,0,0,18,17,7,6,3,1,0,0,0,10,9,1,0,11,0,5,2
533706172,0,,,76,19,57,0,0,0,76,19,57,9,5,4,76,19,57,76,19,57,67,14,53,55,7,48,48,5,43,13,1,12,0,0,0,13,12,2,8,1,0,1,0,0,10,8,2,0,10,0,2,5
533706174,0,,,9,5,4,0,0,0,9,5,4,5,4,1,9,5,4,9,5,4,4,1,3,2,1,1,1,0,1,0,0,0,0,0,0,6,5,2,3,0,0,0,0,0,3,3,0,0,3,1,1,1
533706181,1,,533706183;533706184,28,15,13,2,0,2,34,17,17,19,8,11,33,17,16,33,17,16,15,9,6,9,5,4,0,0,0,0,0,0,1,0,1,18,18,11,5,2,1,1,0,0,9,8,1,0,10,5,3,4
533706183,2,533706181,,5,1,4,*,*,*,*,*,*,*,*,*,*,*,*,*,*,*,*,*,*,*,*,*,*,*,*,*,*,*,*,*,*,1,1,*,*,*,*,*,*,*,*,*,*,*,*,*,*,*
533706184,2,533706181,,3,1,2,*,*,*,*,*,*,*,*,*,*,*,*,*,*,*,*,*,*,*,*,*,*,*,*,*,*,*,*,*,*,1,1,*,*,*,*,*,*,*,*,*,*,*,*,*,*,*
533706191,2,533706082,,1,1,0,*,*,*,*,*,*,*,*,*,*,*,*,*,*,*,*,*,*,*,*,*,*,*,*,*,*,*,*,*,*,1,1,*,*,*,*,*,*,*,*,*,*,*,*,*,*,*
533706232,0,,,150,94,56,6,4,2,144,90,54,65,42,23,143,89,54,142,88,54,79,48,31,36,21,15,4,3,1,0,0,0,1,0,1,20,12,5,0,3,4,0,0,0,7,6,1,3,3,1,1,0
533706234,0,,,116,60,56,20,13,7,96,47,49,61,31,30,88,43,45,87,43,44,35,16,19,23,11,12,9,5,4,1,1,0,0,0,0,41,41,7,14,8,6,4,1,1,34,29,5,5,20,0,3,7
533706241,2,533706243,,3,2,1,*,*,*,*,*,*,*,*,*,*,*,*,*,*,*,*,*,*,*,*,*,*,*,*,*,*,*,*,*,*,1,1,*,*,*,*,*,*,*,*,*,*,*,*,*,*,*
533706242,0,,,18,10,8,0,0,0,18,10,8,9,6,3,17,9,8,17,9,8,9,4,5,3,1,2,1,0,1,0,0,0,1,1,0,8,8,2,4,1,0,1,0,0,6,4,2,0,7,0,1,1
533706243,1,,533706241,130,58,72,15,6,9,118,54,64,57,32,25,116,53,63,113,51,62,61,22,39,52,18,34,42,15,27,12,4,8,2,0,2,32,30,6,9,5,7,2,2,0,24,21,3,3,11,0,1,4
533706251,0,,,13,7,6,0,0,0,13,7,6,5,3,2,13,7,6,13,7,6,8,4,4,4,2,2,1,0,1,0,0,0,0,0,0,5,5,2,1,1,0,0,1,0,3,2,1,0,5,0,2,1
533706252,2,533706253,,3,2,1,*,*,*,*,*,*,*,*,*,*,*,*,*,*,*,*,*,*,*,*,*,*,*,*,*,*,*,*,*,*,3,3,*,*,*,*,*,*,*,*,*,*,*,*,*,*,*
533706253,1,,533706252;533706254,33,17,16,7,5,2,37,18,19,21,10,11,37,18,19,37,18,19,16,8,8,11,5,6,8,3,5,0,0,0,1,0,1,10,10,5,4,1,3,2,1,0,11,7,4,1,10,0,1,1
533706254,2,533706253,,8,4,4,*,*,*,*,*,*,*,*,*,*,*,*,*,*,*,*,*,*,*,*,*,*,*,*,*,*,*,*,*,*,3,3,*,*,*,*,*,*,*,*,*,*,*,*,*,*,*
533706262,2,533706273,,9,3,6,*,*,*,*,*,*,*,*,*,*,*,*,*,*,*,*,*,*,*,*,*,*,*,*,*,*,*,*,*,*,3,3,*,*,*,*,*,*,*,*,*,*,*,*,*,*,*
533706271,0,,,25,11,14,0,0,0,25,11,14,18,9,9,23,9,14,21,9,12,7,2,5,7,2,5,3,1,2,0,0,0,1,0,1,9,9,2,3,1,1,2,0,0,7,6,1,0,5,0,2,2
533706272,0,,,103,50,53,15,9,6,88,41,47,50,23,27,85,40,45,84,40,44,38,18,20,24,9,15,13,7,6,0,0,0,0,0,0,34,34,5,11,6,7,2,1,2,29,20,9,4,25,0,5,8
533706273,1,,533706262,60,28,32,21,8,13,48,23,25,34,17,17,45,21,24,43,21,22,14,6,8,8,3,5,5,2,3,0,0,0,0,0,0,18,17,6,6,4,1,2,1,0,14,10,4,1,8,1,0,1
533706274,1,,533706382;533706491,34,15,19,11,2,9,27,15,12,18,12,6,26,15,11,26,15,11,9,3,6,6,3,3,3,1,2,0,0,0,1,1,0,16,16,10,2,3,1,1,1,0,8,8,0,3,6,3,3,2
533706281,1,,533706283;533706391;533706393,31,16,15,4,2,2,42,22,20,14,10,4,42,22,20,42,22,20,28,12,16,20,9,11,12,5,7,2,1,1,0,0,0,14,14,6,5,2,3,1,0,0,11,8,3,1,14,0,5,4
533706283,2,533706281,,7,3,4,*,*,*,*,*,*,*,*,*,*,*,*,*,*,*,*,*,*,*,*,*,*,*,*,*,*,*,*,*,*,1,0,*,*,*,*,*,*,*,*,*,*,*,*,*,*,*
533706332,1,,533706334,58,28,30,13,7,6,48,23,25,33,17,16,44,20,24,43,20,23,15,6,9,12,4,8,5,1,4,0,0,0,0,0,0,21,21,6,7,2,5,3,0,0,17,15,2,2,12,1,4,3
533706334,2,533706332,,3,2,1,*,*,*,*,*,*,*,*,*,*,*,*,*,*,*,*,*,*,*,*,*,*,*,*,*,*,*,*,*,*,2,2,*,*,*,*,*,*,*,*,*,*,*,*,*,*,*
533706341,0,,,114,59,55,13,6,7,101,53,48,61,34,27,99,53,46,97,53,44,40,19,21,19,9,10,7,3,4,1,1,0,0,0,0,44,42,12,16,5,4,3,1,1,28,23,5,5,25,0,8,9
533706342,1,,533706343,11,6,5,1,1,0,16,7,9,10,5,5,16,7,9,15,6,9,6,2,4,5,1,4,0,0,0,0,0,0,1,0,1,4,4,1,2,0,3,0,0,0,5,1,4,0,5,0,1,0
533706343,2,533706342,,6,2,4,*,*,*,*,*,*,*,*,*,*,*,*,*,*,*,*,*,*,*,*,*,*,*,*,*,*,*,*,*,*,2,2,*,*,*,*,*,*,*,*,*,*,*,*,*,*,*
533706344,0,,,24,11,13,5,3,2,19,8,11,8,4,4,19,8,11,19,8,11,11,4,7,6,3,3,2,1,1,1,1,0,0,0,0,9,9,3,2,2,1,0,0,1,6,4,2,2,7,0,3,1
533706351,0,,,20,9,11,2,1,1,18,8,10,6,3,3,18,8,10,18,8,10,12,5,7,2,0,2,1,0,1,0,0,0,0,0,0,8,8,1,3,3,1,0,0,0,7,4,3,0,8,0,1,2
533706352,0,,,21,9,12,0,0,0,21,9,12,10,4,6,21,9,12,21,9,12,11,5,6,11,5,6,6,2,4,0,0,0,0,0,0,8,8,2,3,1,0,2,0,0,6,4,2,0,7,0,2,2
533706353,0,,,19,8,11,2,0,2,17,8,9,5,2,3,17,8,9,17,8,9,12,6,6,2,0,2,2,0,2,0,0,0,0,0,0,8,8,4,1,1,1,0,1,0,4,1,3,0,8,0,4,1
533706362,2,533706373,,3,2,1,*,*,*,*,*,*,*,*,*,*,*,*,*,*,*,*,*,*,*,*,*,*,*,*,*,*,*,*,*,*,2,2,*,*,*,*,*,*,*,*,*,*,*,*,*,*,*
533706373,1,,533706362;533706471;533706473,33,14,19,2,0,2,38,17,21,22,11,11,36,16,20,36,16,20,16,6,10,10,2,8,2,0,2,0,0,0,0,0,0,13,13,7,5,4,1,0,0,1,11,10,1,1,12,0,5,2
533706382,2,533706274,,1,1,0,*,*,*,*,*,*,*,*,*,*,*,*,*,*,*,*,*,*,*,*,*,*,*,*,*,*,*,*,*,*,1,1,*,*,*,*,*,*,*,*,*,*,*,*,*,*,*
533706391,2,533706281,,3,2,1,*,*,*,*,*,*,*,*,*,*,*,*,*,*,*,*,*,*,*,*,*,*,*,*,*,*,*,*,*,*,1,1,*,*,*,*,*,*,*,*,*,*,*,*,*,*,*
533706393,2,533706281,,5,3,2,*,*,*,*,*,*,*,*,*,*,*,*,*,*,*,*,*,*,*,*,*,*,*,*,*,*,*,*,*,*,2,2,*,*,*,*,*,*,*,*,*,*,*,*,*,*,*
533706424,0,,,21,9,12,2,2,0,19,7,12,12,5,7,19,7,12,19,7,12,7,2,5,5,1,4,2,0,2,1,0,1,0,0,0,5,5,0,2,0,1,0,1,1,5,2,3,1,4,0,0,1
533706431,2,533706432,,4,2,2,*,*,*,*,*,*,*,*,*,*,*,*,*,*,*,*,*,*,*,*,*,*,*,*,*,*,*,*,*,*,2,2,*,*,*,*,*,*,*,*,*,*,*,*,*,*,*
533706432,1,,533706431;533706434,33,15,18,3,1,2,42,19,23,19,7,12,41,19,22,40,18,22,23,12,11,9,5,4,4,3,1,0,0,0,0,0,0,11,11,2,5,5,2,2,0,0,14,8,6,2,15,0,2,5
533706433,0,,,53,25,28,1,0,1,52,25,27,26,12,14,49,22,27,48,22,26,26,13,13,12,6,6,7,4,3,0,0,0,0,0,0,20,20,6,3,4,6,1,0,0,14,8,6,0,18,0,5,2
533706434,2,533706432,,8,3,5,*,*,*,*,*,*,*,*,*,*,*,*,*,*,*,*,*,*,*,*,*,*,*,*,*,*,*,*,*,*,3,3,*,*,*,*,*,*,*,*,*,*,*,*,*,*,*
533706441,2,533706443,,2,1,1,*,*,*,*,*,*,*,*,*,*,*,*,*,*,*,*,*,*,*,*,*,*,*,*,*,*,*,*,*,*,1,1,*,*,*,*,*,*,*,*,*,*,*,*,*,*,*
533706442,2,533706443,,4,2,2,*,*,*,*,*,*,*,*,*,*,*,*,*,*,*,*,*,*,*,*,*,*,*,*,*,*,*,*,*,*,1,1,*,*,*,*,*,*,*,*,*,*,*,*,*,*,*
533706443,1,,533706441;533706442,22,13,9,2,1,1,26,15,11,16,9,7,25,14,11,24,13,11,10,6,4,2,1,1,0,0,0,0,0,0,1,1,0,6,6,0,2,2,3,0,1,0,8,6,2,1,6,0,0,1
533706451,2,533706453,,11,5,6,*,*,*,*,*,*,*,*,*,*,*,*,*,*,*,*,*,*,*,*,*,*,*,*,*,*,*,*,*,*,3,3,*,*,*,*,*,*,*,*,*,*,*,*,*,*,*
533706452,2,533706453,,2,1,1,*,*,*,*,*,*,*,*,*,*,*,*,*,*,*,*,*,*,*,*,*,*,*,*,*,*,*,*,*,*,1,1,*,*,*,*,*,*,*,*,*,*,*,*,*,*,*
533706453,1,,533706451;533706452,7,4,3,3,1,2,17,9,8,7,5,2,17,9,8,17,9,8,10,4,6,4,2,2,1,0,1,0,0,0,0,0,0,4,4,1,6,0,0,0,0,1,7,6,1,1,6,0,0,3
533706463,2,533706562,,3,1,2,*,*,*,*,*,*,*,*,*,*,*,*,*,*,*,*,*,*,*,*,*,*,*,*,*,*,*,*,*,*,2,2,*,*,*,*,*,*,*,*,*,*,*,*,*,*,*
533706471,2,533706373,,2,1,1,*,*,*,*,*,*,*,*,*,*,*,*,*,*,*,*,*,*,*,*,*,*,*,*,*,*,*,*,*,*,2,2,*,*,*,*,*,*,*,*,*,*,*,*,*,*,*
533706473,2,533706373,,2,0,2,*,*,*,*,*,*,*,*,*,*,*,*,*,*,*,*,*,*,*,*,*,*,*,*,*,*,*,*,*,*,1,1,*,*,*,*,*,*,*,*,*,*,*,*,*,*,*
533706491,2,533706274,,3,1,2,*,*,*,*,*,*,*,*,*,*,*,*,*,*,*,*,*,*,*,*,*,*,*,*,*,*,*,*,*,*,1,1,*,*,*,*,*,*,*,*,*,*,*,*,*,*,*
533706512,2,533706514,,3,1,2,*,*,*,*,*,*,*,*,*,*,*,*,*,*,*,*,*,*,*,*,*,*,*,*,*,*,*,*,*,*,1,1,*,*,*,*,*,*,*,*,*,*,*,*,*,*,*
533706513,2,533706514,,2,1,1,*,*,*,*,*,*,*,*,*,*,*,*,*,*,*,*,*,*,*,*,*,*,*,*,*,*,*,*,*,*,1,1,*,*,*,*,*,*,*,*,*,*,*,*,*,*,*
533706514,1,,533706512;533706513,60,31,29,5,3,2,60,30,30,31,17,14,60,30,30,60,30,30,29,13,16,14,5,9,7,1,6,1,0,1,0,0,0,18,18,3,6,4,2,2,1,2,17,9,8,1,15,0,0,3
533706521,0,,,57,31,26,9,5,4,48,26,22,25,13,12,45,24,21,42,21,21,23,13,10,9,5,4,2,1,1,0,0,0,3,0,3,15,15,2,2,4,3,0,1,3,13,6,7,2,13,0,2,1
533706522,0,,,72,33,39,10,4,6,62,29,33,30,16,14,61,29,32,61,29,32,32,13,19,15,4,11,7,2,5,0,0,0,0,0,0,28,28,10,9,1,1,5,2,0,18,12,6,1,23,0,7,5
533706523,0,,,25,13,12,1,1,0,24,12,12,12,8,4,24,12,12,24,12,12,12,4,8,8,2,6,3,1,2,0,0,0,0,0,0,10,10,2,4,2,1,1,0,0,8,5,3,0,9,0,1,1
533706524,0,,,86,40,46,2,1,1,84,39,45,45,21,24,84,39,45,83,39,44,39,18,21,26,10,16,10,3,7,0,0,0,1,0,1,32,32,7,9,7,6,2,1,0,25,16,9,0,26,0,6,4
533706531,0,,,41,20,21,2,0,2,39,20,19,19,11,8,37,18,19,37,18,19,20,9,11,14,6,8,1,1,0,0,0,0,0,0,0,14,14,1,6,4,1,1,0,1,13,10,3,0,12,0,0,6
533706532,0,,,22,13,9,2,1,1,20,12,8,13,8,5,20,12,8,20,12,8,7,4,3,4,3,1,0,0,0,0,0,0,0,0,0,8,8,0,4,2,2,0,0,0,8,7,1,0,4,0,0,2
533706533,0,,,53,27,26,6,3,3,47,24,23,25,12,13,46,24,22,44,24,20,22,12,10,13,8,5,6,4,2,2,1,1,0,0,0,18,18,3,6,3,3,2,0,1,15,9,6,1,13,0,1,4
533706534,0,,,52,26,26,3,2,1,49,24,25,22,13,9,48,24,24,47,23,24,27,11,16,19,9,10,4,2,2,2,1,1,0,0,0,17,17,2,6,1,5,3,0,0,15,8,7,0,15,0,2,5
533706541,0,,,12,6,6,0,0,0,12,6,6,7,3,4,11,6,5,11,6,5,5,3,2,5,3,2,0,0,0,0,0,0,0,0,0,4,4,1,2,0,0,0,0,1,3,2,1,0,4,0,1,1
533706542,0,,,17,6,11,1,0,1,16,6,10,5,2,3,16,6,10,16,6,10,11,4,7,6,2,4,2,0,2,0,0,0,0,0,0,8,8,3,4,0,0,0,1,0,5,4,1,0,7,0,3,2
533706543,0,,,21,11,10,2,1,1,19,10,9,7,5,2,19,10,9,19,10,9,12,5,7,8,3,5,3,1,2,1,0,1,0,0,0,7,7,1,3,1,1,0,0,1,6,3,3,0,7,0,1,2
533706551,2,533706552,,2,0,2,*,*,*,*,*,*,*,*,*,*,*,*,*,*,*,*,*,*,*,*,*,*,*,*,*,*,*,*,*,*,2,2,*,*,*,*,*,*,*,*,*,*,*,*,*,*,*
533706552,1,,533706551;533706554,20,11,9,4,4,0,30,12,18,13,5,8,30,12,18,30,12,18,17,7,10,10,3,7,3,0,3,0,0,0,0,0,0,7,7,7,4,4,0,0,0,1,9,7,2,2,13,0,6,3
533706554,2,533706552,,12,5,7,*,*,*,*,*,*,*,*,*,*,*,*,*,*,*,*,*,*,*,*,*,*,*,*,*,*,*,*,*,*,7,7,*,*,*,*,*,*,*,*,*,*,*,*,*,*,*
533706561,2,533706562,,7,3,4,*,*,*,*,*,*,*,*,*,*,*,*,*,*,*,*,*,*,*,*,*,*,*,*,*,*,*,*,*,*,3,3,*,*,*,*,*,*,*,*,*,*,*,*,*,*,*
533706562,1,,533706463;533706561;533706563,28,14,14,1,0,1,44,21,23,27,13,14,43,20,23,43,20,23,17,8,9,11,3,8,7,2,5,1,0,1,0,0,0,11,11,7,7,3,1,1,1,0,13,10,3,0,14,0,5,1
533706563,2,533706562,,7,3,4,*,*,*,*,*,*,*,*,*,*,*,*,*,*,*,*,*,*,*,*,*,*,*,*,*,*,*,*,*,*,4,4,*,*,*,*,*,*,*,*,*,*,*,*,*,*,*
533706571,1,,533706572,72,36,36,14,7,7,66,33,33,42,21,21,65,33,32,62,30,32,24,12,12,12,7,5,3,1,2,1,0,1,0,0,0,27,27,7,10,6,3,2,1,1,23,20,3,3,15,1,4,6
533706572,2,533706571,,8,4,4,*,*,*,*,*,*,*,*,*,*,*,*,*,*,*,*,*,*,*,*,*,*,*,*,*,*,*,*,*,*,3,3,*,*,*,*,*,*,*,*,*,*,*,*,*,*,*
533706573,0,,,39,20,19,4,3,1,35,17,18,23,13,10,35,17,18,35,17,18,12,4,8,7,2,5,5,1,4,0,0,0,0,0,0,15,15,4,3,3,5,0,0,0,11,7,4,1,8,1,2,0
533706574,0,,,45,17,28,4,2,2,41,15,26,17,4,13,38,14,24,37,14,23,24,11,13,17,6,11,9,2,7,3,0,3,0,0,0,15,14,6,3,1,1,2,1,0,8,6,2,1,10,0,5,3
533706583,2,533706681,,2,0,2,*,*,*,*,*,*,*,*,*,*,*,*,*,*,*,*,*,*,*,*,*,*,*,*,*,*,*,*,*,*,1,1,*,*,*,*,*,*,*,*,*,*,*,*,*,*,*
533706592,2,533706683,,3,2,1,*,*,*,*,*,*,*,*,*,*,*,*,*,*,*,*,*,*,*,*,*,*,*,*,*,*,*,*,*,*,2,2,*,*,*,*,*,*,*,*,*,*,*,*,*,*,*
533706602,2,533706604,,5,3,2,*,*,*,*,*,*,*,*,*,*,*,*,*,*,*,*,*,*,*,*,*,*,*,*,*,*,*,*,*,*,2,2,*,*,*,*,*,*,*,*,*,*,*,*,*,*,*
533706604,1,,533706602,21,10,11,2,1,1,24,12,12,16,7,9,24,12,12,24,12,12,8,5,3,2,1,1,0,0,0,0,0,0,0,0,0,7,7,0,4,3,1,1,0,0,9,9,0,0,6,0,0,2
533706611,1,,533706612,14,5,9,0,0,0,20,8,12,10,4,6,19,8,11,19,8,11,10,4,6,6,3,3,3,2,1,0,0,0,0,0,0,6,6,3,1,1,0,0,2,0,4,2,2,0,6,0,2,0
533706612,2,533706611,,6,3,3,*,*,*,*,*,*,*,*,*,*,*,*,*,*,*,*,*,*,*,*,*,*,*,*,*,*,*,*,*,*,1,1,*,*,*,*,*,*,*,*,*,*,*,*,*,*,*
533706613,0,,,41,22,19,1,1,0,40,21,19,18,9,9,39,20,19,39,20,19,22,12,10,13,7,6,4,3,1,0,0,0,0,0,0,14,14,3,3,5,1,1,0,1,11,6,5,1,13,0,2,1
533706614,0,,,29,12,17,3,1,2,26,11,15,14,7,7,25,10,15,25,10,15,12,4,8,6,1,5,4,0,4,0,0,0,1,1,0,9,9,0,3,3,2,0,1,0,9,5,4,2,7,0,0,3
533706621,0,,,82,39,43,19,9,10,63,30,33,42,21,21,59,28,31,57,28,29,21,9,12,8,2,6,4,0,4,0,0,0,1,0,1,24,24,3,4,5,5,6,1,0,21,14,7,5,13,0,2,2
533706622,0,,,182,87,95,17,8,9,165,79,86,99,44,55,160,78,82,156,75,81,66,35,31,43,24,19,18,11,7,0,0,0,0,0,0,65,65,10,24,12,10,6,3,0,54,39,15,4,46,0,9,8
533706623,0,,,10,4,6,0,0,0,10,4,6,6,2,4,10,4,6,10,4,6,4,2,2,3,1,2,3,1,2,0,0,0,0,0,0,4,4,2,1,0,0,0,1,0,2,1,1,0,3,0,2,0
533706624,0,,,60,29,31,19,7,12,41,22,19,31,18,13,37,18,19,36,17,19,10,4,6,4,1,3,3,0,3,0,0,0,1,0,1,16,16,1,1,6,4,3,0,1,15,12,3,7,5,0,0,1
533706631,1,,533706632,50,25,25,15,6,9,47,24,23,33,18,15,44,21,23,42,20,22,14,6,8,7,2,5,2,0,2,0,0,0,4,2,2,17,17,5,3,1,7,4,0,0,15,13,2,4,9,0,4,2
533706632,2,533706631,,12,5,7,*,*,*,*,*,*,*,*,*,*,*,*,*,*,*,*,*,*,*,*,*,*,*,*,*,*,*,*,*,*,3,3,*,*,*,*,*,*,*,*,*,*,*,*,*,*,*
533706633,0,,,348,166,182,53,26,27,295,140,155,217,98,119,274,132,142,268,131,137,78,42,36,31,19,12,7,4,3,3,2,1,0,0,0,122,122,15,46,21,29,8,1,2,107,94,13,10,48,0,7,20
533706634,0,,,107,51,56,15,7,8,92,44,48,61,32,29,86,40,46,84,39,45,31,12,19,20,5,15,8,1,7,0,0,0,0,0,0,32,32,3,7,7,10,2,2,1,29,17,12,3,22,0,3,2
533706652,1,,533706654,13,7,6,0,0,0,17,10,7,6,2,4,17,10,7,17,10,7,11,8,3,5,3,2,2,1,1,0,0,0,0,0,0,8,8,4,5,1,0,0,0,0,6,5,1,0,10,0,4,3
533706654,2,533706652,,4,3,1,*,*,*,*,*,*,*,*,*,*,*,*,*,*,*,*,*,*,*,*,*,*,*,*,*,*,*,*,*,*,2,2,*,*,*,*,*,*,*,*,*,*,*,*,*,*,*
533706661,0,,,26,15,11,2,1,1,24,14,10,12,9,3,24,14,10,24,14,10,12,5,7,11,5,6,4,2,2,0,0,0,0,0,0,9,9,1,1,6,0,1,0,0,8,6,2,2,7,0,1,1
533706662,1,,533706664,11,4,7,0,0,0,14,6,8,4,1,3,14,6,8,14,6,8,10,5,5,5,2,3,3,1,2,0,0,0,0,0,0,6,6,3,4,1,0,0,0,0,5,4,1,0,7,0,2,3
533706664,2,533706662,,3,2,1,*,*,*,*,*,*,*,*,*,*,*,*,*,*,*,*,*,*,*,*,*,*,*,*,*,*,*,*,*,*,2,2,*,*,*,*,*,*,*,*,*,*,*,*,*,*,*
533706671,2,533706672,,10,3,7,*,*,*,*,*,*,*,*,*,*,*,*,*,*,*,*,*,*,*,*,*,*,*,*,*,*,*,*,*,*,6,6,*,*,*,*,*,*,*,*,*,*,*,*,*,*,*
533706672,1,,533706671,22,10,12,2,0,2,30,13,17,9,4,5,30,13,17,30,13,17,21,9,12,10,5,5,5,2,3,0,0,0,0,0,0,8,8,3,7,1,3,0,0,0,11,9,2,0,12,0,3,5
533706674,0,,,60,29,31,5,3,2,55,26,29,26,13,13,54,26,28,54,26,28,29,13,16,14,4,10,7,3,4,0,0,0,1,0,1,23,23,5,8,4,3,3,0,0,18,13,5,0,19,0,4,6
533706681,1,,533706583,17,9,8,2,2,0,17,7,10,4,1,3,16,6,10,16,6,10,13,6,7,3,1,2,2,0,2,0,0,0,1,0,1,7,7,1,4,2,1,0,0,0,7,5,2,0,7,0,1,3
533706683,1,,533706592,39,21,18,1,0,1,41,23,18,20,11,9,40,22,18,39,22,17,21,12,9,16,8,8,10,5,5,1,1,0,0,0,0,17,17,5,9,3,1,0,1,0,14,11,3,0,18,0,5,4
533706701,1,,533706703,142,41,101,9,5,4,141,41,100,25,12,13,139,40,99,137,38,99,116,29,87,96,20,76,69,12,57,13,0,13,0,0,0,13,11,2,1,5,2,1,0,2,11,8,3,2,8,0,1,0
533706702,0,,,23,12,11,0,0,0,23,12,11,17,9,8,22,11,11,21,10,11,6,3,3,3,1,2,1,1,0,0,0,0,0,0,0,6,6,1,0,2,0,2,1,0,5,2,3,0,4,0,0,0
533706703,2,533706701,,8,5,3,*,*,*,*,*,*,*,*,*,*,*,*,*,*,*,*,*,*,*,*,*,*,*,*,*,*,*,*,*,*,2,2,*,*,*,*,*,*,*,*,*,*,*,*,*,*,*
533706704,0,,,18,8,10,5,3,2,13,5,8,11,4,7,13,5,8,13,5,8,2,1,1,1,1,0,0,0,0,0,0,0,0,0,0,4,4,1,0,1,0,0,1,1,3,1,2,2,1,0,0,0
533706712,1,,533706714,14,6,8,2,0,2,22,10,12,9,4,5,22,10,12,22,10,12,13,6,7,9,5,4,4,1,3,1,1,0,0,0,0,5,5,0,2,4,2,0,0,0,8,6,2,1,7,0,0,1
533706714,2,533706712,,10,4,6,*,*,*,*,*,*,*,*,*,*,*,*,*,*,*,*,*,*,*,*,*,*,*,*,*,*,*,*,*,*,3,3,*,*,*,*,*,*,*,*,*,*,*,*,*,*,*
533706721,0,,,24,11,13,3,0,3,21,11,10,13,7,6,20,10,10,19,10,9,8,4,4,4,2,2,1,0,1,0,0,0,0,0,0,9,9,4,2,0,1,0,2,0,5,2,3,1,6,0,2,1
533706722,0,,,33,20,13,4,3,1,29,17,12,18,9,9,28,17,11,28,17,11,11,8,3,6,4,2,2,2,0,1,1,0,0,0,0,10,10,3,1,2,2,1,0,1,5,4,1,1,7,0,3,1
533706723,0,,,19,7,12,1,1,0,18,6,12,5,1,4,16,6,10,16,6,10,13,5,8,6,2,4,3,0,3,0,0,0,1,0,1,8,8,2,4,1,0,0,1,0,6,4,2,0,8,0,2,3
533706724,0,,,153,73,80,41,17,24,112,56,56,89,46,43,103,50,53,101,48,53,23,10,13,15,6,9,2,1,1,0,0,0,0,0,0,53,53,11,13,7,19,0,2,1,41,39,2,10,16,1,6,6
533706731,0,,,11,6,5,1,0,1,10,6,4,8,5,3,9,5,4,9,5,4,2,1,1,2,1,1,1,0,1,0,0,0,1,0,1,5,5,2,1,1,1,0,0,0,3,2,1,0,2,0,1,0
533706732,0,,,69,33,36,7,3,4,62,30,32,41,20,21,58,27,31,53,25,28,21,10,11,8,1,7,3,0,3,2,0,2,3,2,1,27,27,6,9,7,2,2,1,0,21,18,3,0,14,0,3,5
533706733,0,,,86,42,44,15,6,9,71,36,35,53,29,24,65,32,33,64,31,33,18,7,11,10,2,8,2,0,2,0,0,0,2,1,1,39,39,16,10,6,4,2,1,0,23,21,2,5,13,7,4,3
533706751,2,533706753,,8,2,6,*,*,*,*,*,*,*,*,*,*,*,*,*,*,*,*,*,*,*,*,*,*,*,*,*,*,*,*,*,*,3,3,*,*,*,*,*,*,*,*,*,*,*,*,*,*,*
533706752,2,533706753,,2,1,1,*,*,*,*,*,*,*,*,*,*,*,*,*,*,*,*,*,*,*,*,*,*,*,*,*,*,*,*,*,*,1,1,*,*,*,*,*,*,*,*,*,*,*,*,*,*,*
533706753,1,,533706751;533706752;533706754,4,2,2,3,1,2,15,6,9,9,4,5,15,6,9,15,6,9,6,2,4,3,1,2,3,1,2,0,0,0,0,0,0,1,1,1,2,0,2,1,0,0,5,3,2,0,5,0,1,0
533706754,2,533706753,,4,2,2,*,*,*,*,*,*,*,*,*,*,*,*,*,*,*,*,*,*,*,*,*,*,*,*,*,*,*,*,*,*,1,1,*,*,*,*,*,*,*,*,*,*,*,*,*,*,*
533706763,0,,,13,7,6,2,1,1,11,6,5,5,2,3,11,6,5,11,6,5,6,4,2,3,2,1,0,0,0,0,0,0,1,0,1,4,4,1,2,0,0,0,0,1,3,2,1,1,4,0,1,1
533706771,2,533706774,,3,1,2,*,*,*,*,*,*,*,*,*,*,*,*,*,*,*,*,*,*,*,*,*,*,*,*,*,*,*,*,*,*,1,1,*,*,*,*,*,*,*,*,*,*,*,*,*,*,*
533706772,0,,,35,18,17,8,6,2,27,12,15,17,6,11,26,12,14,25,12,13,10,6,4,7,4,3,1,1,0,0,0,0,0,0,0,12,12,4,1,2,3,1,1,0,8,6,2,2,8,0,4,1
533706773,2,533706774,,5,2,3,*,*,*,*,*,*,*,*,*,*,*,*,*,*,*,*,*,*,*,*,*,*,*,*,*,*,*,*,*,*,3,3,*,*,*,*,*,*,*,*,*,*,*,*,*,*,*
533706774,1,,533706771;533706773,20,9,11,2,0,2,26,12,14,10,5,5,26,12,14,26,12,14,16,7,9,11,5,6,2,0,2,1,0,1,0,0,0,8,8,2,6,2,2,0,0,0,10,7,3,0,9,0,1,5
533706781,0,,,19,8,11,8,2,6,11,6,5,11,6,5,11,6,5,11,6,5,0,0,0,0,0,0,0,0,0,0,0,0,0,0,0,6,6,1,0,2,3,0,0,0,5,5,0,5,0,0,0,0
533706793,2,533706891,,5,3,2,*,*,*,*,*,*,*,*,*,*,*,*,*,*,*,*,*,*,*,*,*,*,*,*,*,*,*,*,*,*,2,2,*,*,*,*,*,*,*,*,*,*,*,*,*,*,*
533706794,2,533706891,,3,2,1,*,*,*,*,*,*,*,*,*,*,*,*,*,*,*,*,*,*,*,*,*,*,*,*,*,*,*,*,*,*,1,1,*,*,*,*,*,*,*,*,*,*,*,*,*,*,*
533706801,2,533706802,,5,2,3,*,*,*,*,*,*,*,*,*,*,*,*,*,*,*,*,*,*,*,*,*,*,*,*,*,*,*,*,*,*,1,1,*,*,*,*,*,*,*,*,*,*,*,*,*,*,*
533706802,1,,533706801,39,19,20,6,2,4,38,19,19,21,10,11,38,19,19,36,18,18,17,9,8,11,3,8,8,3,5,0,0,0,0,0,0,12,12,1,4,2,2,3,1,0,12,6,6,2,12,0,1,3
533706804,0,,,28,15,13,5,4,1,23,11,12,15,6,9,22,10,12,22,10,12,8,5,3,5,3,2,3,3,0,1,1,0,0,0,0,7,7,0,0,3,1,3,0,0,7,2,5,1,6,0,0,0
533706811,0,,,52,24,28,3,1,2,49,23,26,23,10,13,44,21,23,42,21,21,26,13,13,12,6,6,2,0,2,1,0,1,0,0,0,13,13,1,2,4,2,1,1,2,12,4,8,0,13,0,1,2
533706812,0,,,88,39,49,16,4,12,72,35,37,37,18,19,72,35,37,71,35,36,35,17,18,16,7,9,6,2,4,1,1,0,0,0,0,23,23,1,8,5,2,2,1,4,22,13,9,2,20,0,0,6
533706813,0,,,42,22,20,10,6,4,32,16,16,19,10,9,30,14,16,29,13,16,13,6,7,10,4,6,3,1,2,0,0,0,0,0,0,14,14,3,5,0,3,1,2,0,11,8,3,1,10,0,2,3
533706814,1,,533706922,144,71,73,10,5,5,136,67,69,79,41,38,130,65,65,127,64,63,57,26,31,33,12,21,15,5,10,1,0,1,4,0,4,44,44,6,13,4,14,4,2,2,38,20,18,2,37,0,6,9
533706821,0,,,20,8,12,5,1,4,15,7,8,10,6,4,14,7,7,13,6,7,5,1,4,3,1,2,1,0,1,1,0,1,0,0,0,7,7,2,1,1,2,1,0,0,5,5,0,0,3,0,1,0
533706831,0,,,111,62,49,12,6,6,99,56,43,64,39,25,94,52,42,90,50,40,35,17,18,15,6,9,4,2,2,1,0,1,2,1,1,43,43,13,12,9,4,2,1,2,30,21,9,1,23,5,6,5
533706832,0,,,33,16,17,1,1,0,32,15,17,16,9,7,32,15,17,32,15,17,16,6,10,13,4,9,6,2,4,0,0,0,1,0,1,14,14,3,5,4,2,0,0,0,11,7,4,0,13,0,3,0
533706833,0,,,127,60,67,15,9,6,112,51,61,60,28,32,110,51,59,108,50,58,52,23,29,27,11,16,8,2,6,1,0,1,1,0,1,40,40,8,13,5,4,4,1,5,32,20,12,4,32,0,5,8
533706834,0,,,78,37,41,23,9,14,55,28,27,44,21,23,51,26,25,51,26,25,11,7,4,4,2,2,1,1,0,0,0,0,0,0,0,23,23,1,6,5,6,4,1,0,22,18,4,7,8,0,1,1
533706841,1,,533706842;533706843;533706844,34,18,16,4,3,1,46,23,23,24,11,13,46,23,23,46,23,23,22,12,10,13,7,6,5,3,2,0,0,0,1,0,1,11,11,5,7,4,0,1,0,2,14,8,6,1,13,1,2,3
533706842,2,533706841,,7,3,4,*,*,*,*,*,*,*,*,*,*,*,*,*,*,*,*,*,*,*,*,*,*,*,*,*,*,*,*,*,*,5,5,*,*,*,*,*,*,*,*,*,*,*,*,*,*,*
533706843,2,533706841,,3,2,1,*,*,*,*,*,*,*,*,*,*,*,*,*,*,*,*,*,*,*,*,*,*,*,*,*,*,*,*,*,*,1,1,*,*,*,*,*,*,*,*,*,*,*,*,*,*,*
533706844,2,533706841,,6,3,3,*,*,*,*,*,*,*,*,*,*,*,*,*,*,*,*,*,*,*,*,*,*,*,*,*,*,*,*,*,*,2,2,*,*,*,*,*,*,*,*,*,*,*,*,*,*,*
533706854,2,533706863,,9,5,4,*,*,*,*,*,*,*,*,*,*,*,*,*,*,*,*,*,*,*,*,*,*,*,*,*,*,*,*,*,*,3,3,*,*,*,*,*,*,*,*,*,*,*,*,*,*,*
533706861,2,533706862,,2,1,1,*,*,*,*,*,*,*,*,*,*,*,*,*,*,*,*,*,*,*,*,*,*,*,*,*,*,*,*,*,*,1,1,*,*,*,*,*,*,*,*,*,*,*,*,*,*,*
533706862,1,,533706861,34,14,20,8,2,6,28,13,15,20,10,10,23,9,14,20,7,13,8,3,5,4,2,2,0,0,0,0,0,0,0,0,0,11,11,2,3,3,2,1,1,0,10,10,0,2,5,0,2,2
533706863,1,,533706854;533706961,112,55,57,33,21,12,99,47,52,57,28,29,97,46,51,97,46,51,42,19,23,19,8,11,8,2,6,2,0,2,0,0,0,32,32,7,13,2,6,3,5,3,32,22,10,6,26,0,4,7
533706864,0,,,23,10,13,2,2,0,21,8,13,14,6,8,21,8,13,21,8,13,7,2,5,5,1,4,2,0,2,0,0,0,0,0,0,6,6,1,1,2,0,0,1,1,5,1,4,1,5,0,1,0
533706871,1,,533706873;533706874,16,7,9,5,2,3,26,13,13,13,6,7,25,13,12,25,13,12,13,7,6,9,5,4,5,4,1,0,0,0,0,0,0,4,4,0,3,1,1,1,1,1,8,4,4,2,8,0,0,2
533706872,0,,,21,12,9,3,2,1,18,10,8,11,6,5,17,10,7,17,10,7,7,4,3,2,1,1,1,1,0,0,0,0,1,0,1,6,6,0,1,3,1,0,1,0,5,5,0,1,4,0,0,1
533706873,2,533706871,,13,7,6,*,*,*,*,*,*,*,*,*,*,*,*,*,*,*,*,*,*,*,*,*,*,*,*,*,*,*,*,*,*,3,3,*,*,*,*,*,*,*,*,*,*,*,*,*,*,*
533706874,2,533706871,,2,1,1,*,*,*,*,*,*,*,*,*,*,*,*,*,*,*,*,*,*,*,*,*,*,*,*,*,*,*,*,*,*,1,1,*,*,*,*,*,*,*,*,*,*,*,*,*,*,*
533706881,2,533706884,,4,2,2,*,*,*,*,*,*,*,*,*,*,*,*,*,*,*,*,*,*,*,*,*,*,*,*,*,*,*,*,*,*,2,2,*,*,*,*,*,*,*,*,*,*,*,*,*,*,*
533706882,2,533706884,,14,6,8,*,*,*,*,*,*,*,*,*,*,*,*,*,*,*,*,*,*,*,*,*,*,*,*,*,*,*,*,*,*,3,3,*,*,*,*,*,*,*,*,*,*,*,*,*,*,*
533706883,2,533706884,,2,1,1,*,*,*,*,*,*,*,*,*,*,*,*,*,*,*,*,*,*,*,*,*,*,*,*,*,*,*,*,*,*,1,1,*,*,*,*,*,*,*,*,*,*,*,*,*,*,*
533706884,1,,533706881;533706882;533706883,16,9,7,4,1,3,32,17,15,20,11,9,32,17,15,31,16,15,12,6,6,9,4,5,3,1,2,0,0,0,0,0,0,5,5,0,5,3,1,1,0,1,11,9,2,1,8,0,0,3
533706891,1,,533706793;533706794,43,19,24,5,1,4,46,23,23,22,12,10,45,22,23,44,21,23,24,11,13,13,6,7,10,4,6,1,0,1,1,0,1,15,15,2,6,6,2,1,1,0,16,8,8,2,15,0,2,4
533706892,0,,,25,14,11,0,0,0,25,14,11,10,6,4,25,14,11,25,14,11,15,8,7,8,3,5,0,0,0,0,0,0,0,0,0,12,12,4,4,3,1,0,0,0,8,8,0,0,9,0,2,3
533706893,0,,,41,21,20,5,4,1,36,17,19,14,6,8,36,17,19,36,17,19,22,11,11,16,7,9,10,5,5,0,0,0,1,1,0,18,18,8,4,3,2,0,0,1,10,5,5,1,16,0,8,2
533706901,2,533706903,,4,2,2,*,*,*,*,*,*,*,*,*,*,*,*,*,*,*,*,*,*,*,*,*,*,*,*,*,*,*,*,*,*,2,2,*,*,*,*,*,*,*,*,*,*,*,*,*,*,*
533706902,2,533706903,,9,6,3,*,*,*,*,*,*,*,*,*,*,*,*,*,*,*,*,*,*,*,*,*,*,*,*,*,*,*,*,*,*,2,2,*,*,*,*,*,*,*,*,*,*,*,*,*,*,*
533706903,1,,533706901;533706902,17,7,10,3,1,2,27,14,13,14,7,7,24,12,12,24,12,12,13,7,6,8,4,4,2,1,1,0,0,0,0,0,0,5,5,0,5,0,2,1,0,1,9,7,2,1,7,0,0,4
533706911,1,,533706912,53,27,26,7,5,2,55,24,31,30,13,17,55,24,31,54,24,30,25,11,14,13,4,9,8,2,6,0,0,0,0,0,0,16,16,5,5,5,1,1,0,3,15,8,7,2,16,0,3,3
533706912,2,533706911,,9,2,7,*,*,*,*,*,*,*,*,*,*,*,*,*,*,*,*,*,*,*,*,*,*,*,*,*,*,*,*,*,*,4,4,*,*,*,*,*,*,*,*,*,*,*,*,*,*,*
533706922,2,533706814,,2,1,1,*,*,*,*,*,*,*,*,*,*,*,*,*,*,*,*,*,*,*,*,*,*,*,*,*,*,*,*,*,*,1,1,*,*,*,*,*,*,*,*,*,*,*,*,*,*,*
533706931,0,,,24,13,11,0,0,0,24,13,11,13,8,5,22,11,11,22,11,11,11,5,6,6,3,3,1,1,0,0,0,0,0,0,0,10,10,3,2,4,0,1,0,0,7,5,2,0,7,1,2,2
533706932,0,,,30,18,12,5,3,2,25,15,10,11,7,4,25,15,10,24,14,10,14,8,6,12,7,5,7,4,3,0,0,0,0,0,0,12,12,4,4,2,0,1,0,1,8,7,1,0,9,0,3,4
533706933,2,533706934,,6,4,2,*,*,*,*,*,*,*,*,*,*,*,*,*,*,*,*,*,*,*,*,*,*,*,*,*,*,*,*,*,*,2,2,*,*,*,*,*,*,*,*,*,*,*,*,*,*,*
533706934,1,,533706933,91,46,45,6,2,4,91,48,43,50,30,20,86,44,42,86,44,42,41,18,23,31,14,17,8,3,5,1,0,1,0,0,0,26,26,0,6,12,6,0,3,1,27,16,11,2,25,0,0,4
533706941,1,,533706943;533706944,12,7,5,1,0,1,22,10,12,10,5,5,21,9,12,20,8,12,12,5,7,3,1,2,2,0,2,1,0,1,3,0,3,4,4,3,4,2,0,0,1,0,7,5,2,0,6,0,0,3
533706942,0,,,13,8,5,2,1,1,11,7,4,8,5,3,10,6,4,10,6,4,3,2,1,0,0,0,0,0,0,0,0,0,0,0,0,5,5,2,0,2,0,1,0,0,3,3,0,0,2,0,0,0
533706943,2,533706941,,8,3,5,*,*,*,*,*,*,*,*,*,*,*,*,*,*,*,*,*,*,*,*,*,*,*,*,*,*,*,*,*,*,3,3,*,*,*,*,*,*,*,*,*,*,*,*,*,*,*
533706944,2,533706941,,3,0,3,*,*,*,*,*,*,*,*,*,*,*,*,*,*,*,*,*,*,*,*,*,*,*,*,*,*,*,*,*,*,3,3,*,*,*,*,*,*,*,*,*,*,*,*,*,*,*
533706952,2,533706953,,13,8,5,*,*,*,*,*,*,*,*,*,*,*,*,*,*,*,*,*,*,*,*,*,*,*,*,*,*,*,*,*,*,3,3,*,*,*,*,*,*,*,*,*,*,*,*,*,*,*
533706953,1,,533706952,2,1,1,2,2,0,13,7,6,7,4,3,12,6,6,12,6,6,6,3,3,1,0,1,1,0,1,0,0,0,0,0,0,1,1,0,1,2,0,0,0,1,4,2,2,0,3,0,0,0
533706961,2,533706863,,11,8,3,*,*,*,*,*,*,*,*,*,*,*,*,*,*,*,*,*,*,*,*,*,*,*,*,*,*,*,*,*,*,4,4,*,*,*,*,*,*,*,*,*,*,*,*,*,*,*
533706971,0,,,10,6,4,0,0,0,10,6,4,5,4,1,10,6,4,10,6,4,5,2,3,3,2,1,1,0,1,0,0,0,0,0,0,5,5,2,1,2,0,0,0,0,2,2,0,0,4,0,2,0
533706973,0,,,18,8,10,4,3,1,14,5,9,6,3,3,14,5,9,14,5,9,8,2,6,4,0,4,3,0,3,0,0,0,0,0,0,7,7,2,2,1,1,1,0,0,5,3,2,1,6,0,2,2
533706974,0,,,27,13,14,3,2,1,24,11,13,15,7,8,23,11,12,23,11,12,9,4,5,4,1,3,2,0,2,0,0,0,0,0,0,8,8,1,2,1,1,3,0,0,7,3,4,1,7,0,1,2
533706981,2,533706982,,7,4,3,*,*,*,*,*,*,*,*,*,*,*,*,*,*,*,*,*,*,*,*,*,*,*,*,*,*,*,*,*,*,2,2,*,*,*,*,*,*,*,*,*,*,*,*,*,*,*
533706982,1,,533706981,16,9,7,0,0,0,23,13,10,10,6,4,23,13,10,23,13,10,13,7,6,8,4,4,3,1,2,0,0,0,0,0,0,7,7,1,4,2,2,0,0,0,8,6,2,0,9,0,1,2
533706983,1,,533706984,9,4,5,1,1,0,14,6,8,8,3,5,13,6,7,12,6,6,6,3,3,2,1,1,2,1,1,0,0,0,0,0,0,4,4,1,2,0,1,0,1,0,4,3,1,0,3,0,0,2
533706984,2,533706983,,6,3,3,*,*,*,*,*,*,*,*,*,*,*,*,*,*,*,*,*,*,*,*,*,*,*,*,*,*,*,*,*,*,1,1,*,*,*,*,*,*,*,*,*,*,*,*,*,*,*
533706992,2,533706994,,3,1,2,*,*,*,*,*,*,*,*,*,*,*,*,*,*,*,*,*,*,*,*,*,*,*,*,*,*,*,*,*,*,1,1,*,*,*,*,*,*,*,*,*,*,*,*,*,*,*
533706993,0,,,90,41,49,8,4,4,82,37,45,37,16,21,78,35,43,77,34,43,45,21,24,25,12,13,10,4,6,1,1,0,0,0,0,31,31,4,11,8,4,1,2,1,27,19,8,2,25,0,3,7
533706994,1,,533706992,92,46,46,17,9,8,78,38,40,41,22,19,77,37,40,75,37,38,37,16,21,23,9,14,3,0,3,0,0,0,0,0,0,31,31,6,11,6,2,3,3,1,26,19,7,3,24,0,5,6
533707013,2,533707063,,1,1,0,*,*,*,*,*,*,*,*,*,*,*,*,*,*,*,*,*,*,*,*,*,*,*,*,*,*,*,*,*,*,1,1,*,*,*,*,*,*,*,*,*,*,*,*,*,*,*
533707054,2,533707063,,6,3,3,*,*,*,*,*,*,*,*,*,*,*,*,*,*,*,*,*,*,*,*,*,*,*,*,*,*,*,*,*,*,4,4,*,*,*,*,*,*,*,*,*,*,*,*,*,*,*
533707063,1,,533707013;533707054;533707112;533707114,10,5,5,2,2,0,19,9,10,4,2,2,19,9,10,19,9,10,15,7,8,9,4,5,5,2,3,1,1,0,0,0,0,3,3,5,3,1,0,0,0,1,5,4,1,1,10,0,5,3
533707112,2,533707063,,1,0,1,*,*,*,*,*,*,*,*,*,*,*,*,*,*,*,*,*,*,*,*,*,*,*,*,*,*,*,*,*,*,1,1,*,*,*,*,*,*,*,*,*,*,*,*,*,*,*
533707114,2,533707063,,3,2,1,*,*,*,*,*,*,*,*,*,*,*,*,*,*,*,*,*,*,*,*,*,*,*,*,*,*,*,*,*,*,1,1,*,*,*,*,*,*,*,*,*,*,*,*,*,*,*
533707123,2,533707163,,2,1,1,*,*,*,*,*,*,*,*,*,*,*,*,*,*,*,*,*,*,*,*,*,*,*,*,*,*,*,*,*,*,1,1,*,*,*,*,*,*,*,*,*,*,*,*,*,*,*
533707154,2,533707163,,2,1,1,*,*,*,*,*,*,*,*,*,*,*,*,*,*,*,*,*,*,*,*,*,*,*,*,*,*,*,*,*,*,1,1,*,*,*,*,*,*,*,*,*,*,*,*,*,*,*
533707161,0,,,23,10,13,0,0,0,23,10,13,4,1,3,23,10,13,23,10,13,19,9,10,9,5,4,0,0,0,0,0,0,0,0,0,12,12,3,7,2,0,0,0,0,9,8,1,0,11,0,3,6
533707162,0,,,4,4,0,0,0,0,4,4,0,2,2,0,4,4,0,4,4,0,2,2,0,1,1,0,1,1,0,0,0,0,0,0,0,4,4,4,0,0,0,0,0,0,0,0,0,0,2,0,2,0
533707163,1,,533707123;533707154;533707221;533707411,22,13,9,0,0,0,31,18,13,14,8,6,31,18,13,31,18,13,17,10,7,9,4,5,2,1,1,0,0,0,0,0,0,14,14,7,9,2,0,0,0,0,11,10,1,0,13,0,6,5
533707221,2,533707163,,3,2,1,*,*,*,*,*,*,*,*,*,*,*,*,*,*,*,*,*,*,*,*,*,*,*,*,*,*,*,*,*,*,1,1,*,*,*,*,*,*,*,*,*,*,*,*,*,*,*
533707262,2,533707264,,2,0,2,*,*,*,*,*,*,*,*,*,*,*,*,*,*,*,*,*,*,*,*,*,*,*,*,*,*,*,*,*,*,2,2,*,*,*,*,*,*,*,*,*,*,*,*,*,*,*
533707263,1,,533707704;533707801,12,5,7,0,0,0,19,9,10,6,4,2,18,8,10,18,8,10,13,5,8,11,4,7,6,2,4,0,0,0,0,0,0,7,7,5,4,2,0,0,0,0,6,6,0,0,10,0,5,2
533707264,1,,533707262,19,9,10,0,0,0,21,9,12,4,3,1,21,9,12,21,9,12,17,6,11,14,5,9,6,2,4,1,0,1,0,0,0,10,10,6,4,1,1,0,0,0,6,4,2,0,11,0,5,3
533707273,1,,533707364,13,6,7,0,0,0,14,6,8,6,2,4,13,6,7,12,5,7,8,4,4,8,4,4,6,3,3,0,0,0,0,0,0,5,5,2,3,0,0,0,1,0,4,3,1,0,6,0,2,2
533707364,2,533707273,,1,0,1,*,*,*,*,*,*,*,*,*,*,*,*,*,*,*,*,*,*,*,*,*,*,*,*,*,*,*,*,*,*,1,1,*,*,*,*,*,*,*,*,*,*,*,*,*,*,*
533707371,2,533707374,,5,3,2,*,*,*,*,*,*,*,*,*,*,*,*,*,*,*,*,*,*,*,*,*,*,*,*,*,*,*,*,*,*,2,2,*,*,*,*,*,*,*,*,*,*,*,*,*,*,*
533707374,1,,533707371;533707383,7,4,3,0,0,0,16,9,7,2,2,0,16,9,7,16,9,7,14,7,7,11,6,5,3,3,0,0,0,0,0,0,0,4,4,2,4,2,0,0,0,0,6,6,0,0,8,0,2,4
533707383,2,533707374,,4,2,2,*,*,*,*,*,*,*,*,*,*,*,*,*,*,*,*,*,*,*,*,*,*,*,*,*,*,*,*,*,*,2,2,*,*,*,*,*,*,*,*,*,*,*,*,*,*,*
533707411,2,533707163,,2,1,1,*,*,*,*,*,*,*,*,*,*,*,*,*,*,*,*,*,*,*,*,*,*,*,*,*,*,*,*,*,*,1,1,*,*,*,*,*,*,*,*,*,*,*,*,*,*,*
533707472,2,533707473,,4,2,2,*,*,*,*,*,*,*,*,*,*,*,*,*,*,*,*,*,*,*,*,*,*,*,*,*,*,*,*,*,*,2,2,*,*,*,*,*,*,*,*,*,*,*,*,*,*,*
533707473,1,,533707472,23,11,12,0,0,0,27,13,14,7,5,2,27,13,14,27,13,14,20,8,12,15,4,11,5,1,4,2,0,2,0,0,0,11,11,1,10,2,0,0,0,0,12,11,1,0,13,0,1,5
533707482,2,533707484,,4,2,2,*,*,*,*,*,*,*,*,*,*,*,*,*,*,*,*,*,*,*,*,*,*,*,*,*,*,*,*,*,*,2,2,*,*,*,*,*,*,*,*,*,*,*,*,*,*,*
533707483,2,533707484,,5,3,2,*,*,*,*,*,*,*,*,*,*,*,*,*,*,*,*,*,*,*,*,*,*,*,*,*,*,*,*,*,*,3,3,*,*,*,*,*,*,*,*,*,*,*,*,*,*,*
533707484,1,,533707482;533707483,35,16,19,1,1,0,43,20,23,11,6,5,43,20,23,43,20,23,32,14,18,24,9,15,6,3,3,1,0,1,0,0,0,18,18,8,12,1,1,1,0,0,15,14,1,1,21,0,6,9
533707491,2,533707493,,1,1,0,*,*,*,*,*,*,*,*,*,*,*,*,*,*,*,*,*,*,*,*,*,*,*,*,*,*,*,*,*,*,1,1,*,*,*,*,*,*,*,*,*,*,*,*,*,*,*
533707493,1,,533707491,15,8,7,3,1,2,13,8,5,5,3,2,12,8,4,12,8,4,8,5,3,5,4,1,1,1,0,1,1,0,0,0,0,6,6,3,2,1,0,0,1,0,4,3,1,1,6,0,3,1
533707571,2,533707573,,8,3,5,*,*,*,*,*,*,*,*,*,*,*,*,*,*,*,*,*,*,*,*,*,*,*,*,*,*,*,*,*,*,3,3,*,*,*,*,*,*,*,*,*,*,*,*,*,*,*
533707573,1,,533707571;533707574,23,11,12,1,1,0,32,15,17,18,10,8,32,15,17,32,15,17,14,5,9,10,3,7,3,1,2,0,0,0,0,0,0,10,10,5,3,6,1,0,0,0,9,6,3,0,10,0,3,1
533707574,2,533707573,,2,2,0,*,*,*,*,*,*,*,*,*,*,*,*,*,*,*,*,*,*,*,*,*,*,*,*,*,*,*,*,*,*,2,2,*,*,*,*,*,*,*,*,*,*,*,*,*,*,*
533707671,2,533707672,,6,3,3,*,*,*,*,*,*,*,*,*,*,*,*,*,*,*,*,*,*,*,*,*,*,*,*,*,*,*,*,*,*,3,3,*,*,*,*,*,*,*,*,*,*,*,*,*,*,*
533707672,1,,533707671;533707674,57,27,30,2,1,1,68,33,35,25,14,11,67,32,35,67,32,35,43,19,24,32,12,20,16,7,9,0,0,0,1,0,1,31,31,16,17,4,2,0,0,0,23,22,1,0,32,0,14,8
533707673,0,,,13,7,6,0,0,0,13,7,6,9,5,4,13,7,6,13,7,6,4,2,2,2,1,1,2,1,1,0,0,0,0,0,0,7,7,3,2,2,0,0,0,0,4,3,1,0,3,0,2,0
533707674,2,533707672,,7,4,3,*,*,*,*,*,*,*,*,*,*,*,*,*,*,*,*,*,*,*,*,*,*,*,*,*,*,*,*,*,*,5,5,*,*,*,*,*,*,*,*,*,*,*,*,*,*,*
533707704,2,533707263,,2,1,1,*,*,*,*,*,*,*,*,*,*,*,*,*,*,*,*,*,*,*,*,*,*,*,*,*,*,*,*,*,*,2,2,*,*,*,*,*,*,*,*,*,*,*,*,*,*,*
533707772,1,,533707773;533707774;533707781,2,1,1,0,0,0,18,10,8,10,6,4,17,9,8,16,8,8,8,4,4,4,1,3,2,0,2,0,0,0,0,0,0,2,2,4,1,4,0,0,0,0,5,3,2,0,7,0,3,1
533707773,2,533707772,,1,1,0,*,*,*,*,*,*,*,*,*,*,*,*,*,*,*,*,*,*,*,*,*,*,*,*,*,*,*,*,*,*,1,1,*,*,*,*,*,*,*,*,*,*,*,*,*,*,*
533707774,2,533707772,,9,4,5,*,*,*,*,*,*,*,*,*,*,*,*,*,*,*,*,*,*,*,*,*,*,*,*,*,*,*,*,*,*,4,4,*,*,*,*,*,*,*,*,*,*,*,*,*,*,*
533707781,2,533707772,,6,4,2,*,*,*,*,*,*,*,*,*,*,*,*,*,*,*,*,*,*,*,*,*,*,*,*,*,*,*,*,*,*,2,2,*,*,*,*,*,*,*,*,*,*,*,*,*,*,*
533707801,2,533707263,,5,3,2,*,*,*,*,*,*,*,*,*,*,*,*,*,*,*,*,*,*,*,*,*,*,*,*,*,*,*,*,*,*,2,2,*,*,*,*,*,*,*,*,*,*,*,*,*,*,*
533707872,0,,,14,9,5,0,0,0,14,9,5,7,5,2,14,9,5,14,9,5,7,4,3,6,3,3,2,1,1,0,0,0,0,0,0,7,7,3,1,3,0,0,0,0,4,4,0,0,6,0,3,0
533707874,1,,533707972,11,5,6,0,0,0,12,6,6,5,3,2,12,6,6,11,5,6,7,3,4,6,3,3,2,1,1,0,0,0,0,0,0,6,6,4,2,0,1,0,0,0,3,3,0,0,5,0,3,1
533707972,2,533707874,,1,1,0,*,*,*,*,*,*,*,*,*,*,*,*,*,*,*,*,*,*,*,*,*,*,*,*,*,*,*,*,*,*,1,1,*,*,*,*,*,*,*,*,*,*,*,*,*,*,*
533707981,2,533707982,,4,1,3,*,*,*,*,*,*,*,*,*,*,*,*,*,*,*,*,*,*,*,*,*,*,*,*,*,*,*,*,*,*,1,1,*,*,*,*,*,*,*,*,*,*,*,*,*,*,*
533707982,1,,533707981;533707983;533707984,2,1,1,2,0,2,11,4,7,5,2,3,11,4,7,11,4,7,6,2,4,4,1,3,3,1,2,0,0,0,0,0,0,2,2,5,2,0,1,0,0,0,3,3,0,0,6,0,4,1
533707983,2,533707982,,4,1,3,*,*,*,*,*,*,*,*,*,*,*,*,*,*,*,*,*,*,*,*,*,*,*,*,*,*,*,*,*,*,3,3,*,*,*,*,*,*,*,*,*,*,*,*,*,*,*
533707984,2,533707982,,3,1,2,*,*,*,*,*,*,*,*,*,*,*,*,*,*,*,*,*,*,*,*,*,*,*,*,*,*,*,*,*,*,2,2,*,*,*,*,*,*,*,*,*,*,*,*,*,*,*
533710002,0,,,346,162,184,55,23,32,286,137,149,190,102,88,279,135,144,272,131,141,96,35,61,57,20,37,30,5,25,2,0,2,12,4,8,125,124,38,32,20,19,11,4,0,84,75,9,20,43,2,12,17
533710003,0,,,15,7,8,1,0,1,13,7,6,7,5,2,13,7,6,12,6,6,6,2,4,2,0,2,0,0,0,0,0,0,0,0,0,8,8,3,3,2,0,0,0,0,5,5,0,1,4,0,1,2
533710004,0,,,451,221,230,71,37,34,369,178,191,260,128,132,353,172,181,340,166,174,109,50,59,57,24,33,19,7,12,1,0,1,29,15,14,160,160,32,44,31,32,16,5,0,122,103,19,15,68,6,13,20
533710011,0,,,462,203,259,56,28,28,381,170,211,218,112,106,374,166,208,369,164,205,163,58,105,123,34,89,65,13,52,17,2,15,43,27,16,156,153,51,34,32,30,4,2,0,101,85,16,13,57,2,18,15
533710012,0,,,86,41,45,15,7,8,70,34,36,43,20,23,68,33,35,68,33,35,27,14,13,13,5,8,1,0,1,0,0,0,0,0,0,33,33,6,11,8,6,2,0,0,27,25,2,3,16,0,3,7
533710013,0,,,834,417,417,127,62,65,692,347,345,505,261,244,661,329,332,641,319,322,187,86,101,96,49,47,21,11,10,2,1,1,129,68,61,312,312,64,95,77,49,16,7,4,235,210,25,35,117,3,23,34
533710014,0,,,73,40,33,6,3,3,66,37,29,48,28,20,64,35,29,62,34,28,18,9,9,5,3,2,1,0,1,0,0,0,13,7,6,39,39,21,7,8,1,2,0,0,18,15,3,1,12,6,1,5
533710021,0,,,426,227,199,68,37,31,333,178,155,284,153,131,320,170,150,311,168,143,49,25,24,20,7,13,4,0,4,0,0,0,32,19,13,206,206,107,29,34,24,9,3,0,98,91,7,23,35,24,10,9
533710022,0,,,172,87,85,34,15,19,135,70,65,108,57,51,131,68,63,130,68,62,27,13,14,12,6,6,2,1,1,0,0,0,9,5,4,66,66,13,20,17,13,2,1,0,51,47,4,13,17,1,2,6
533710023,0,,,334,163,171,39,23,16,286,136,150,209,101,108,277,135,142,274,132,142,77,35,42,41,19,22,5,3,2,0,0,0,17,8,9,144,144,42,50,25,21,3,3,0,99,94,5,16,53,4,8,20
533710024,0,,,1260,639,621,131,67,64,1086,555,531,818,435,383,1052,537,515,1024,521,503,268,120,148,150,64,86,34,9,25,1,0,1,199,98,101,593,592,252,165,76,71,22,4,2,331,297,34,45,166,56,32,61
533710031,0,,,719,363,356,70,25,45,631,327,304,482,253,229,613,317,296,601,312,289,149,74,75,70,31,39,26,8,18,2,1,1,91,49,42,325,324,133,80,58,38,11,0,4,187,165,22,22,86,31,21,23
533710032,0,,,762,398,364,82,49,33,656,338,318,488,252,236,649,334,315,640,328,312,168,86,82,88,43,45,31,14,17,0,0,0,56,27,29,390,390,190,95,62,28,8,5,2,192,169,23,35,120,34,36,32
533710033,0,,,786,403,383,96,53,43,668,340,328,505,260,245,648,329,319,629,319,310,163,80,83,76,34,42,30,13,17,1,1,0,47,20,27,359,359,155,78,60,47,10,6,3,200,168,32,34,106,32,25,29
533710034,0,,,1420,693,727,165,78,87,1228,602,626,821,403,418,1188,581,607,1162,572,590,407,199,208,184,94,90,41,17,24,3,0,3,99,47,52,555,555,148,165,100,95,26,16,5,399,332,67,46,270,11,55,79
533710041,0,,,635,309,326,79,41,38,538,258,280,392,203,189,519,250,269,506,243,263,146,55,91,88,26,62,41,10,31,6,1,5,65,36,29,269,268,103,71,46,35,10,2,1,163,146,17,30,73,17,21,17
533710042,0,,,997,496,501,105,59,46,857,422,435,531,278,253,839,411,428,822,403,419,326,144,182,183,82,101,44,13,31,5,1,4,54,26,28,444,444,155,129,88,48,17,6,1,283,235,48,41,210,23,51,62
533710043,0,,,898,458,440,107,63,44,775,385,390,530,271,259,754,371,383,747,367,380,245,114,131,134,57,77,46,20,26,1,1,0,44,19,25,410,410,167,105,61,54,18,3,2,240,204,36,29,160,29,42,43
533710044,0,,,851,382,469,101,58,43,724,311,413,497,221,276,715,309,406,701,304,397,227,90,137,149,52,97,74,24,50,10,1,9,142,58,84,391,390,182,86,62,40,15,4,1,206,164,42,33,119,65,27,30
533710051,0,,,852,385,467,89,49,40,720,317,403,381,186,195,704,309,395,689,302,387,339,131,208,228,78,150,134,42,92,25,5,20,10,5,5,305,302,109,85,40,34,20,10,4,189,152,37,19,140,15,26,46
533710052,0,,,361,173,188,23,14,9,330,157,173,208,102,106,327,156,171,316,151,165,122,55,67,72,32,40,22,9,13,1,0,1,3,2,1,152,152,46,49,26,19,10,1,1,105,87,18,5,81,5,17,23
533710053,0,,,718,364,354,98,51,47,584,298,286,463,248,215,561,288,273,548,282,266,121,50,71,58,20,38,18,7,11,1,0,1,69,36,33,362,361,175,84,55,32,10,4,1,179,158,21,26,82,28,23,23
533710054,0,,,970,467,503,149,76,73,817,389,428,551,268,283,788,369,419,764,361,403,266,121,145,146,72,74,50,20,30,3,3,0,74,35,39,363,363,65,123,84,64,16,8,3,293,266,27,38,175,1,39,60
533710061,0,,,424,206,218,49,25,24,373,180,193,229,114,115,355,167,188,345,166,179,144,66,78,73,33,40,20,6,14,1,0,1,9,2,7,155,155,25,55,34,25,10,5,1,129,109,20,7,89,1,15,33
533710062,0,,,990,472,518,78,36,42,909,435,474,520,246,274,892,427,465,880,423,457,389,189,200,135,64,71,22,10,12,2,1,1,31,15,16,391,391,54,184,82,40,26,3,2,330,292,38,18,251,0,36,103
533710063,0,,,800,379,421,105,52,53,690,325,365,433,220,213,660,310,350,640,300,340,257,105,152,159,60,99,67,13,54,14,3,11,32,16,16,260,259,47,82,48,54,17,10,1,207,179,28,24,121,2,24,39
533710064,0,,,333,165,168,31,17,14,302,148,154,194,101,93,294,144,150,289,142,147,108,47,61,57,24,33,12,6,6,3,2,1,8,3,5,113,113,17,34,24,18,16,4,0,96,68,28,8,71,0,13,21
533710071,0,,,522,255,267,34,17,17,488,238,250,256,124,132,474,228,246,469,225,244,232,114,118,71,31,40,12,5,7,1,0,1,11,4,7,221,221,36,109,48,20,4,4,0,185,168,17,4,151,0,24,60
533710073,0,,,429,201,228,59,27,32,370,174,196,212,106,106,351,161,190,344,156,188,158,68,90,86,40,46,13,5,8,0,0,0,8,2,6,171,171,34,68,36,17,13,3,0,137,122,15,11,102,0,22,39
533710081,0,,,182,65,117,0,0,0,182,65,117,48,37,11,182,65,117,182,65,117,134,28,106,117,22,95,89,13,76,19,2,17,0,0,0,2,0,0,0,0,0,0,0,0,0,0,0,0,0,0,0,0
533710091,0,,,19,11,8,0,0,0,19,11,8,9,5,4,19,11,8,18,11,7,10,6,4,6,5,1,1,1,0,1,1,0,0,0,0,6,6,1,2,1,0,1,1,0,5,3,2,0,6,0,1,1
533710094,0,,,13,5,8,0,0,0,13,5,8,9,4,5,13,5,8,13,5,8,4,1,3,3,1,2,1,0,1,0,0,0,4,0,4,7,7,3,3,0,1,0,0,0,3,2,1,0,3,1,1,1
533710101,0,,,104,49,55,5,2,3,99,47,52,54,26,28,96,46,50,95,45,50,45,21,24,21,8,13,8,2,6,0,0,0,0,0,0,38,38,5,14,9,7,2,1,0,33,24,9,1,28,0,3,6
533710102,0,,,438,218,220,63,33,30,349,174,175,278,143,135,333,165,168,324,162,162,71,31,40,40,18,22,7,3,4,0,0,0,127,70,57,193,193,74,49,34,21,10,5,0,114,104,10,22,49,8,14,16
533710103,0,,,95,47,48,20,9,11,74,37,37,53,27,26,74,37,37,74,37,37,21,10,11,8,2,6,1,0,1,1,0,1,15,8,7,36,36,9,7,9,10,1,0,0,27,24,3,6,16,1,6,4
533710111,0,,,1132,571,561,163,84,79,957,482,475,711,368,343,916,458,458,888,439,449,246,114,132,114,55,59,32,18,14,2,1,1,233,119,114,414,414,89,121,83,80,22,14,5,318,270,48,52,153,7,27,57
533710112,0,,,739,372,367,126,55,71,606,314,292,482,254,228,587,301,286,565,291,274,124,60,64,62,31,31,11,5,6,0,0,0,175,85,90,292,292,101,63,50,46,20,7,5,187,163,24,42,87,16,28,21
533710113,0,,,729,379,350,122,72,50,594,301,293,461,240,221,573,290,283,560,283,277,133,61,72,68,32,36,22,9,13,2,1,1,193,101,92,278,278,78,66,54,53,19,6,2,193,161,32,31,89,3,18,23
533710114,0,,,663,413,250,85,45,40,562,359,203,476,317,159,549,351,198,536,341,195,86,42,44,50,24,26,8,2,6,2,1,1,159,87,72,339,339,197,52,38,32,9,6,5,136,118,18,33,58,123,11,12
533710121,0,,,1384,722,662,213,102,111,1118,593,525,968,515,453,1060,569,491,999,524,475,150,78,72,71,38,33,9,4,5,1,1,0,318,148,170,621,621,276,129,88,77,34,12,5,329,290,39,75,106,64,29,35
533710122,0,,,1730,871,859,297,170,127,1369,669,700,1123,558,565,1306,640,666,1267,623,644,246,111,135,104,42,62,28,10,18,1,1,0,351,181,170,726,726,251,180,135,107,39,10,4,457,419,38,90,167,37,42,50
533710123,0,,,1046,522,524,119,57,62,897,448,449,668,343,325,858,424,434,836,416,420,229,105,124,112,51,61,24,8,16,2,0,2,231,104,127,440,439,161,116,67,56,25,10,4,271,222,49,33,145,39,28,43
533710124,0,,,1375,661,714,206,95,111,1137,553,584,867,425,442,1095,535,560,1075,530,545,270,128,142,145,66,79,27,13,14,2,1,1,362,172,190,596,596,215,162,92,89,26,10,2,372,335,37,51,177,47,44,62
533710131,0,,,709,343,366,148,70,78,552,271,281,444,219,225,531,258,273,510,250,260,108,52,56,44,23,21,6,1,5,1,0,1,126,59,67,255,255,56,66,58,44,22,5,4,190,171,19,47,69,7,12,22
533710132,0,,,815,412,403,137,88,49,665,319,346,528,261,267,627,303,324,607,297,310,137,58,79,87,32,55,45,11,34,6,1,5,84,45,39,299,297,83,69,68,49,18,8,2,212,187,25,36,65,18,10,20
533710133,0,,,1041,494,547,163,84,79,860,400,460,641,311,330,816,378,438,796,368,428,219,89,130,139,51,88,74,20,54,8,3,5,200,93,107,502,502,231,117,74,52,23,4,1,260,235,25,59,174,26,112,25
533710134,0,,,843,419,424,165,85,80,655,324,331,539,269,270,626,308,318,595,293,302,116,55,61,49,25,24,12,4,8,0,0,0,120,58,62,318,318,90,73,59,62,23,10,1,218,203,15,43,74,10,18,20
533710141,0,,,869,431,438,126,62,64,730,363,367,503,265,238,703,350,353,685,341,344,227,98,129,136,53,83,38,14,24,2,0,2,48,26,22,351,351,108,101,57,55,20,5,5,240,202,38,31,156,13,42,42
533710142,0,,,550,274,276,73,39,34,443,221,222,307,160,147,435,220,215,425,214,211,136,61,75,61,23,38,21,7,14,1,0,1,43,22,21,265,265,117,69,40,24,12,2,1,146,130,16,21,88,17,20,37
533710143,0,,,818,402,416,185,92,93,626,306,320,502,247,255,609,300,309,594,293,301,124,59,65,58,31,27,11,3,8,0,0,0,21,10,11,297,297,61,79,65,65,19,7,1,231,214,17,56,77,12,13,38
533710144,0,,,756,357,399,77,43,34,668,308,360,476,227,249,644,294,350,635,286,349,192,81,111,101,43,58,30,9,21,3,0,3,47,17,30,322,321,97,107,57,36,17,5,2,219,185,34,21,122,16,24,42
533710151,0,,,679,335,344,87,46,41,576,280,296,423,216,207,549,263,286,534,254,280,153,64,89,74,29,45,27,8,19,3,1,2,39,21,18,267,267,89,61,43,44,20,8,2,173,144,29,18,101,14,18,17
533710152,0,,,329,170,159,77,45,32,248,124,124,195,98,97,240,120,120,236,117,119,53,26,27,21,9,12,5,1,4,1,0,1,34,14,20,121,121,32,25,27,23,10,4,0,87,74,13,26,36,9,8,8
533710153,0,,,939,465,474,138,75,63,782,382,400,569,290,279,754,368,386,734,360,374,213,92,121,85,36,49,24,7,17,3,0,3,93,46,47,399,399,144,111,61,48,17,13,5,246,208,38,33,140,29,36,47
533710154,0,,,1094,571,523,190,104,86,877,453,424,643,339,304,846,433,413,820,420,400,234,114,120,107,54,53,29,15,14,2,1,1,171,84,87,419,419,128,98,74,71,33,11,4,283,241,42,52,152,19,32,48
533710161,0,,,152,63,89,22,10,12,129,53,76,72,36,36,126,51,75,125,51,74,57,17,40,50,14,36,36,10,26,1,0,1,6,3,3,44,42,9,10,10,8,3,2,0,33,25,8,3,17,2,3,3
533710162,0,,,84,37,47,9,3,6,75,34,41,49,21,28,71,32,39,69,31,38,26,13,13,9,4,5,3,1,2,1,0,1,0,0,0,35,35,9,15,3,5,2,1,0,24,21,3,1,19,0,7,7
533710163,0,,,430,213,217,74,35,39,343,172,171,275,143,132,326,161,165,318,154,164,68,29,39,25,10,15,5,2,3,0,0,0,27,14,13,182,182,73,40,27,25,11,2,4,105,91,14,23,45,19,13,11
533710164,0,,,297,147,150,39,24,15,254,120,134,178,84,94,248,119,129,244,117,127,76,36,40,41,14,27,16,7,9,3,1,2,30,16,14,105,105,14,40,19,22,6,1,3,88,73,15,11,48,1,7,13
533710171,0,,,283,148,135,46,24,22,220,114,106,176,96,80,216,112,104,212,110,102,44,18,26,26,9,17,11,3,8,1,0,1,9,6,3,108,108,28,30,21,15,12,2,0,75,61,14,17,32,4,5,8
533710172,0,,,31,18,13,5,3,2,26,15,11,18,10,8,24,14,10,22,13,9,8,5,3,2,2,0,1,1,0,0,0,0,0,0,0,9,9,1,1,3,2,1,1,0,8,6,2,2,6,0,1,0
533710173,0,,,119,63,56,11,7,4,108,56,52,80,42,38,104,55,49,102,54,48,28,14,14,14,5,9,3,3,0,0,0,0,2,1,1,57,57,31,7,10,3,4,2,0,26,21,5,2,18,4,6,4
533710174,0,,,107,50,57,15,5,10,92,45,47,70,34,36,89,44,45,86,42,44,22,11,11,10,5,5,4,2,2,0,0,0,1,0,1,43,43,15,10,6,8,2,2,0,27,21,6,6,16,0,5,4
533710181,2,533710183,,6,3,3,*,*,*,*,*,*,*,*,*,*,*,*,*,*,*,*,*,*,*,*,*,*,*,*,*,*,*,*,*,*,2,2,*,*,*,*,*,*,*,*,*,*,*,*,*,*,*
533710182,0,,,97,48,49,16,9,7,81,39,42,56,29,27,76,36,40,75,35,40,25,10,15,16,7,9,5,2,3,1,0,1,8,4,4,34,34,5,10,9,6,3,1,0,29,25,4,5,16,0,4,6
533710183,1,,533710181,74,44,30,11,5,6,65,39,26,49,31,18,65,39,26,64,39,25,16,8,8,8,4,4,2,1,1,0,0,0,0,0,0,40,40,22,9,6,3,2,0,0,20,18,2,3,10,7,1,4
533710184,0,,,201,127,74,24,13,11,167,104,63,122,82,40,164,103,61,164,103,61,45,22,23,23,11,12,4,3,1,0,0,0,3,1,2,114,114,65,24,15,7,3,0,0,49,46,3,6,28,2,5,12
533710191,0,,,112,57,55,15,5,10,93,49,44,66,37,29,92,48,44,90,46,44,27,12,15,17,6,11,6,2,4,0,0,0,1,0,1,51,51,18,19,7,3,2,1,1,32,27,5,6,21,1,4,6
533710192,0,,,45,28,17,2,1,1,38,24,14,31,21,10,37,24,13,33,21,12,7,3,4,4,2,2,1,1,0,0,0,0,5,3,2,30,30,20,6,3,1,0,0,0,7,7,0,0,6,7,2,0
533710193,0,,,616,297,319,68,30,38,543,263,280,345,170,175,527,255,272,511,244,267,198,93,105,106,49,57,22,11,11,1,0,1,6,2,4,252,252,60,95,48,30,15,2,2,188,168,20,18,130,1,26,45
533710194,0,,,585,288,297,56,30,26,528,258,270,271,142,129,521,256,265,512,249,263,257,116,141,142,57,85,53,17,36,9,1,8,0,0,0,222,221,51,77,44,38,7,3,1,169,142,27,14,144,0,31,45
533710201,0,,,368,196,172,57,34,23,265,134,131,190,100,90,256,130,126,252,128,124,75,34,41,36,16,20,8,2,6,0,0,0,15,8,7,137,137,41,30,24,25,11,3,3,81,65,16,14,50,3,13,8
533710202,0,,,241,129,112,22,15,7,202,104,98,127,67,60,197,101,96,192,100,92,75,37,38,37,16,21,6,1,5,0,0,0,7,3,4,95,95,30,27,18,11,3,1,5,62,48,14,4,52,3,14,15
533710203,0,,,359,170,189,66,35,31,276,126,150,207,96,111,257,118,139,251,113,138,69,30,39,27,11,16,5,1,4,0,0,0,83,37,46,141,141,50,29,20,26,11,4,1,88,74,14,9,51,2,17,12
533710204,0,,,1310,637,673,158,77,81,1043,501,542,785,395,390,998,476,522,970,463,507,258,106,152,138,49,89,33,11,22,0,0,0,280,128,152,530,530,164,141,109,72,23,16,5,333,277,56,37,184,13,55,44
533710211,0,,,73,34,39,6,5,1,66,29,37,49,21,28,64,29,35,64,29,35,17,8,9,8,4,4,4,3,1,0,0,0,13,5,8,22,22,2,6,5,6,1,0,2,19,13,6,1,11,0,1,1
533710212,0,,,130,70,60,6,4,2,118,63,55,88,50,38,115,61,54,104,51,53,30,13,17,23,11,12,11,5,6,1,0,1,25,13,12,57,57,29,8,6,7,4,2,1,26,12,14,1,19,10,3,2
533710213,0,,,798,378,420,73,28,45,703,335,368,426,211,215,691,331,360,681,326,355,277,124,153,156,52,104,57,12,45,1,0,1,87,38,49,368,368,147,102,60,37,17,2,3,213,168,45,24,202,9,74,42
533710214,0,,,514,246,268,28,11,17,473,228,245,253,140,113,462,220,242,454,215,239,220,88,132,147,53,94,48,16,32,2,1,1,27,14,13,225,223,89,68,37,17,10,1,1,132,107,25,4,150,8,57,36
533710221,0,,,162,84,78,31,16,15,130,67,63,89,49,40,127,64,63,123,63,60,41,18,23,11,4,7,6,2,4,0,0,0,27,17,10,65,65,17,19,12,14,3,0,0,47,40,7,9,27,2,5,10
533710222,0,,,694,336,358,96,51,45,596,285,311,412,205,207,581,276,305,563,267,296,184,80,104,89,31,58,24,5,19,2,0,2,164,85,79,259,259,58,81,57,32,18,7,6,198,155,43,26,126,8,25,35
533710223,0,,,541,257,284,50,22,28,486,233,253,345,173,172,470,225,245,460,221,239,141,60,81,71,23,48,25,6,19,2,0,2,32,18,14,243,243,98,62,41,24,12,3,3,141,117,24,21,94,25,23,21
533710224,0,,,133,73,60,15,10,5,117,62,55,84,46,38,114,60,54,113,60,53,33,16,17,21,7,14,9,3,6,1,0,1,11,6,5,55,55,17,14,10,12,2,0,0,38,34,4,5,21,4,3,4
533710231,0,,,1211,579,632,205,91,114,992,482,510,745,374,371,949,455,494,929,444,485,247,108,139,126,47,79,35,12,23,3,1,2,301,140,161,476,476,145,117,92,76,31,9,6,322,259,63,66,167,19,41,38
533710232,0,,,1002,507,495,136,73,63,842,423,419,621,317,304,821,411,410,795,397,398,221,106,115,97,46,51,27,12,15,3,2,1,178,90,88,409,409,121,125,68,58,30,5,2,282,242,40,46,144,13,24,53
533710233,0,,,178,88,90,37,16,21,136,69,67,119,60,59,131,67,64,126,64,62,17,9,8,5,1,4,1,1,0,0,0,0,26,9,17,83,83,33,23,14,9,3,1,0,44,41,3,11,13,7,4,3
533710234,0,,,885,467,418,118,54,64,719,387,332,504,280,224,706,381,325,688,370,318,215,107,108,110,49,61,45,16,29,3,1,2,163,90,73,416,415,212,89,43,43,17,6,5,198,163,35,26,126,37,37,35
533710241,0,,,717,343,374,92,38,54,602,295,307,476,246,230,578,286,292,564,280,284,126,49,77,75,22,53,42,10,32,5,1,4,100,52,48,295,293,111,74,47,43,12,4,2,172,154,18,30,48,23,10,18
533710242,0,,,542,253,289,104,50,54,431,201,230,306,160,146,411,189,222,405,185,220,125,41,84,92,25,67,59,9,50,19,2,17,93,41,52,175,174,59,37,24,29,16,4,5,110,95,15,37,30,14,8,8
533710243,0,,,1335,683,652,214,111,103,1089,556,533,900,470,430,1039,532,507,1008,516,492,189,86,103,60,25,35,24,11,13,1,1,0,153,78,75,543,543,173,136,105,89,27,9,4,352,312,40,54,128,23,26,34
533710244,0,,,1204,628,576,205,112,93,969,502,467,799,421,378,938,485,453,908,468,440,170,81,89,81,34,47,33,12,21,4,0,4,107,51,56,520,519,197,119,96,83,20,4,0,311,286,25,71,91,45,20,31
533710251,0,,,665,323,342,129,58,71,521,259,262,420,212,208,497,252,245,487,247,240,101,47,54,46,19,27,10,3,7,1,1,0,14,3,11,263,263,76,70,47,49,16,4,1,183,163,20,33,62,8,8,17
533710252,0,,,423,216,207,81,46,35,340,169,171,258,127,131,326,161,165,319,159,160,82,42,40,48,24,24,18,7,11,1,0,1,17,10,7,142,142,22,35,35,33,11,4,2,120,104,16,27,56,4,8,14
533710253,0,,,772,402,370,144,75,69,616,321,295,482,261,221,588,307,281,574,296,278,134,60,74,50,21,29,6,2,4,0,0,0,148,78,70,333,333,120,80,61,55,15,1,1,206,184,22,50,101,15,43,21
533710254,0,,,79,36,43,4,2,2,74,33,41,46,20,26,71,31,40,68,30,38,28,13,15,11,5,6,2,0,2,0,0,0,0,0,0,30,30,6,6,13,3,2,0,0,24,19,5,0,19,0,4,2
533710261,0,,,586,310,276,99,54,45,479,249,230,362,194,168,459,238,221,447,231,216,117,55,62,50,26,24,7,3,4,0,0,0,34,28,6,248,248,82,67,45,39,13,1,1,161,147,14,36,72,26,12,30
533710262,0,,,600,305,295,75,44,31,523,260,263,340,175,165,505,251,254,492,243,249,183,85,98,96,41,55,31,9,22,2,0,2,8,5,3,222,222,46,62,54,37,18,5,0,169,141,28,19,115,4,26,32
533710263,0,,,427,209,218,94,47,47,331,160,171,225,114,111,323,154,169,319,152,167,106,46,60,52,19,33,16,5,11,1,0,1,16,9,7,149,148,30,39,31,32,13,3,0,117,103,14,27,58,4,9,21
533710264,0,,,670,332,338,77,39,38,590,291,299,354,175,179,570,281,289,562,277,285,236,116,120,133,56,77,31,11,20,1,0,1,15,8,7,259,256,52,85,60,40,12,4,3,204,169,35,24,156,4,35,52
533710271,0,,,194,97,97,27,14,13,167,83,84,104,55,49,160,81,79,153,76,77,63,28,35,28,13,15,8,3,5,0,0,0,1,0,1,62,62,4,20,13,16,8,0,1,58,48,10,7,38,0,3,15
533710272,0,,,148,73,75,22,15,7,126,58,68,77,39,38,121,54,67,120,54,66,49,19,30,15,3,12,9,2,7,0,0,0,0,0,0,52,52,8,15,15,7,6,0,1,44,36,8,3,31,0,6,9
533710273,0,,,180,96,84,36,22,14,141,72,69,92,46,46,137,71,66,134,69,65,49,26,23,19,8,11,8,2,6,2,0,2,2,0,2,72,72,23,19,12,10,6,1,1,48,41,7,11,29,4,8,12
533710274,0,,,213,108,105,29,17,12,184,91,93,104,54,50,175,86,89,171,83,88,80,37,43,36,16,20,8,2,6,0,0,0,14,6,8,79,79,14,31,12,12,8,1,1,63,52,11,8,50,0,11,16
533710281,0,,,236,120,116,23,13,10,213,107,106,126,68,58,201,102,99,197,102,95,87,39,48,52,22,30,18,8,10,2,0,2,5,3,2,85,85,16,24,21,14,7,3,0,69,55,14,4,55,2,11,12
533710282,0,,,363,181,182,42,25,17,321,156,165,204,103,101,312,152,160,307,147,160,117,53,64,57,20,37,18,4,14,1,0,1,4,2,2,129,129,30,29,26,27,13,4,0,99,79,20,12,78,1,19,19
533710283,0,,,192,89,103,20,10,10,172,79,93,97,49,48,169,79,90,165,77,88,75,30,45,41,13,28,12,2,10,1,0,1,2,1,1,68,68,14,22,12,10,4,5,1,54,39,15,3,52,0,11,12
533710284,0,,,300,139,161,42,13,29,257,125,132,168,79,89,248,120,128,246,119,127,89,46,43,41,16,25,10,2,8,1,0,1,18,5,13,104,104,18,28,26,17,11,3,1,85,67,18,10,60,7,8,18
533710291,0,,,647,314,333,98,50,48,543,259,284,392,188,204,526,251,275,511,241,270,151,71,80,62,32,30,16,9,7,2,0,2,28,11,17,234,234,45,68,57,36,20,5,3,184,149,35,33,100,8,18,30
533710292,0,,,519,270,249,65,29,36,445,235,210,304,171,133,430,228,202,422,224,198,141,64,77,75,33,42,30,13,17,1,0,1,42,34,8,230,230,94,60,30,28,10,4,4,134,114,20,17,93,30,23,31
533710293,0,,,244,115,129,20,7,13,224,108,116,137,71,66,218,105,113,215,103,112,87,37,50,48,14,34,17,3,14,1,0,1,1,0,1,92,92,24,28,16,13,4,5,2,68,46,22,5,60,4,9,11
533710294,0,,,261,136,125,36,17,19,225,119,106,147,82,65,219,117,102,216,117,99,78,37,41,34,15,19,9,3,6,1,1,0,24,23,1,113,113,43,26,19,18,6,0,1,70,64,6,8,52,18,15,15
533710301,0,,,314,154,160,43,18,25,254,124,130,174,92,82,242,119,123,237,118,119,80,32,48,34,14,20,8,2,6,0,0,0,17,12,5,124,124,38,33,21,20,6,5,1,83,68,15,16,57,5,16,15
533710302,0,,,319,167,152,43,24,19,256,130,126,184,104,80,246,125,121,241,124,117,72,26,46,35,12,23,5,2,3,0,0,0,50,26,24,156,156,79,32,17,20,4,3,1,74,63,11,12,51,16,18,15
533710303,0,,,589,278,311,109,55,54,453,206,247,347,162,185,437,198,239,428,196,232,106,44,62,62,26,36,22,7,15,1,1,0,55,26,29,228,228,60,56,58,34,14,5,1,162,132,30,30,73,8,15,13
533710304,0,,,794,392,402,98,41,57,656,331,325,452,237,215,638,325,313,633,320,313,204,94,110,97,45,52,35,15,20,0,0,0,85,52,33,364,364,146,91,68,39,15,4,1,210,182,28,28,136,25,39,39
533710311,0,,,977,502,475,84,41,43,820,410,410,575,302,273,806,406,400,785,398,387,245,108,137,133,55,78,46,18,28,0,0,0,137,76,61,491,491,242,110,70,49,13,5,2,230,186,44,33,173,28,65,40
533710312,0,,,1179,610,569,95,51,44,1017,511,506,668,357,311,993,496,497,978,486,492,349,154,195,179,73,106,75,26,49,3,0,3,196,102,94,575,574,268,150,73,48,26,6,3,294,238,56,29,239,39,73,61
533710313,0,,,759,387,372,98,51,47,624,311,313,430,227,203,605,303,302,600,300,300,194,84,110,114,43,71,33,10,23,4,0,4,35,17,18,334,334,119,101,50,43,13,5,3,211,181,30,27,125,22,18,38
533710314,0,,,1194,592,602,146,70,76,997,487,510,758,377,381,958,466,492,923,453,470,239,110,129,131,48,83,41,13,28,2,0,2,222,100,122,547,547,222,146,80,65,25,8,1,313,276,37,41,172,33,54,53
533710321,0,,,897,434,463,108,47,61,757,370,387,521,265,256,738,359,379,724,349,375,236,105,131,129,51,78,41,14,27,1,0,1,87,39,48,346,346,89,94,73,63,18,6,3,249,204,45,35,158,14,32,46
533710322,0,,,399,197,202,49,27,22,339,161,178,217,104,113,324,154,170,315,149,166,122,57,65,74,33,41,27,9,18,4,1,3,25,10,15,151,151,41,38,28,28,13,1,2,106,84,22,19,82,0,23,19
533710323,0,,,892,432,460,147,69,78,710,341,369,547,264,283,672,324,348,655,314,341,163,77,86,93,44,49,26,9,17,0,0,0,41,19,22,321,321,76,69,74,66,27,7,2,236,209,27,41,102,25,20,35
533710324,0,,,724,356,368,109,61,48,589,280,309,434,213,221,563,269,294,552,263,289,155,67,88,71,27,44,29,8,21,4,0,4,140,71,69,278,277,74,76,57,48,13,4,5,193,164,29,32,106,7,31,30
533710331,0,,,376,184,192,69,34,35,304,149,155,226,112,114,289,142,147,282,138,144,78,37,41,38,18,20,12,4,8,1,0,1,34,22,12,136,136,34,31,25,33,7,4,2,101,85,16,16,50,12,10,18
533710332,0,,,323,159,164,37,22,15,283,135,148,170,85,85,275,131,144,269,129,140,113,50,63,58,26,32,16,6,10,0,0,0,42,23,19,127,127,32,40,25,20,6,2,2,93,82,11,9,75,0,25,26
533710333,0,,,1144,558,586,246,121,125,875,419,456,637,311,326,832,397,435,811,386,425,238,108,130,140,60,80,41,16,25,1,0,1,179,83,96,410,410,80,125,76,82,29,13,5,325,288,37,56,159,6,37,54
533710334,0,,,728,359,369,101,48,53,613,301,312,438,217,221,586,284,302,572,278,294,175,84,91,97,45,52,31,12,19,2,0,2,112,54,58,265,265,48,81,71,36,21,4,4,214,178,36,35,115,3,21,34
533710341,0,,,356,178,178,64,37,27,285,137,148,230,112,118,274,133,141,266,129,137,55,25,30,13,7,6,5,2,3,0,0,0,39,22,17,139,139,39,38,32,16,8,3,3,98,83,15,21,35,6,2,9
533710342,0,,,494,244,250,78,40,38,408,200,208,341,168,173,395,197,198,383,191,192,67,32,35,23,9,14,4,0,4,0,0,0,35,17,18,200,200,55,54,46,35,7,3,0,139,131,8,33,45,16,6,13
533710343,0,,,328,158,170,56,29,27,256,120,136,183,88,95,247,113,134,236,110,126,73,32,41,33,13,20,9,3,6,0,0,0,21,7,14,123,123,27,38,23,24,9,1,1,89,74,15,19,49,1,13,19
533710344,0,,,40,22,18,8,5,3,32,17,15,20,9,11,31,16,15,30,15,15,12,8,4,5,2,3,1,0,1,0,0,0,4,2,2,14,14,1,5,3,5,0,0,0,13,13,0,3,7,0,1,3
533710351,0,,,107,52,55,22,14,8,85,38,47,70,32,38,80,37,43,79,36,43,15,6,9,6,2,4,2,1,1,0,0,0,13,8,5,46,46,13,18,5,7,3,0,0,33,30,3,7,14,2,5,1
533710352,0,,,112,60,52,20,11,9,92,49,43,59,34,25,90,48,42,87,47,40,33,15,18,13,4,9,6,1,5,0,0,0,10,3,7,33,33,5,5,8,8,3,2,2,28,17,11,8,20,0,4,3
533710353,0,,,92,45,47,9,4,5,82,41,41,51,24,27,80,39,41,77,37,40,31,17,14,8,4,4,2,0,2,0,0,0,5,3,2,38,38,10,11,11,3,3,0,0,27,24,3,0,21,4,3,8
533710354,0,,,375,187,188,54,32,22,315,150,165,205,101,104,312,150,162,305,146,159,110,49,61,52,22,30,14,3,11,0,0,0,5,2,3,128,128,15,45,29,20,12,6,1,111,88,23,16,67,0,3,23
533710361,0,,,33,18,15,6,3,3,27,15,12,16,10,6,26,14,12,25,13,12,11,5,6,6,3,3,3,1,2,1,0,1,0,0,0,9,9,1,1,2,3,1,0,1,8,6,2,0,6,0,1,1
533710362,0,,,337,179,158,47,30,17,289,148,141,180,94,86,282,146,136,273,139,134,109,54,55,49,24,25,17,4,13,0,0,0,3,1,2,127,126,28,37,25,26,8,0,2,97,80,17,10,68,3,13,15
533710363,0,,,300,166,134,25,8,17,229,117,112,147,83,64,228,116,112,223,113,110,82,34,48,39,12,27,16,2,14,1,0,1,54,43,11,130,130,47,36,22,14,7,4,0,67,49,18,9,53,18,14,15
533710364,0,,,67,34,33,15,6,9,52,28,24,42,24,18,52,28,24,50,26,24,10,4,6,3,0,3,2,0,2,0,0,0,4,2,2,24,24,6,4,4,9,1,0,0,17,15,2,3,6,1,1,2
533710371,0,,,136,68,68,17,9,8,119,59,60,70,35,35,115,57,58,113,56,57,49,24,25,24,8,16,9,2,7,2,0,2,1,1,0,56,56,17,17,12,3,5,2,0,37,30,7,3,34,1,6,7
533710372,0,,,782,395,387,73,39,34,705,352,353,420,216,204,684,339,345,673,330,343,285,136,149,113,63,50,18,7,11,0,0,0,9,5,4,321,321,59,138,74,34,9,6,1,258,234,24,19,182,4,30,77
533710373,0,,,19,8,11,4,1,3,15,7,8,11,5,6,14,7,7,13,6,7,4,2,2,0,0,0,0,0,0,0,0,0,0,0,0,6,6,2,0,2,1,0,0,1,4,3,1,1,2,0,0,0
533710374,0,,,36,16,20,0,0,0,36,16,20,21,9,12,35,16,19,34,16,18,15,7,8,7,2,5,2,1,1,1,1,0,0,0,0,12,12,1,3,4,3,1,0,0,11,7,4,0,10,0,1,2
533710381,0,,,49,26,23,3,2,1,46,24,22,25,16,9,41,20,21,40,19,21,21,8,13,10,5,5,3,1,2,1,0,1,0,0,0,16,16,3,5,3,2,1,0,2,13,9,4,0,11,0,2,4
533710382,0,,,19,12,7,2,2,0,17,10,7,11,8,3,17,10,7,17,10,7,6,2,4,5,1,4,2,0,2,0,0,0,0,0,0,6,6,2,0,1,1,2,0,0,4,2,2,1,4,0,1,0
533710383,0,,,73,32,41,5,2,3,68,30,38,35,18,17,64,28,36,63,28,35,33,12,21,19,6,13,6,0,6,1,0,1,0,0,0,28,28,7,7,7,5,1,1,0,21,15,6,0,20,0,5,4
533710391,0,,,159,79,80,11,5,6,145,72,73,90,46,44,145,72,73,144,71,73,55,26,29,25,12,13,11,5,6,0,0,0,5,2,3,59,59,8,27,9,8,4,3,0,49,41,8,5,36,0,5,9
533710392,0,,,858,424,434,90,52,38,765,372,393,483,239,244,740,358,382,719,347,372,282,133,149,106,44,62,19,6,13,0,0,0,29,11,18,329,329,61,118,74,50,19,5,2,267,235,32,24,192,15,34,65
533710394,0,,,87,42,45,10,6,4,77,36,41,53,25,28,72,33,39,69,31,38,24,11,13,10,4,6,2,2,0,0,0,0,0,0,0,28,28,4,7,5,9,1,1,1,24,19,5,2,16,0,4,4
533710401,0,,,433,220,213,61,30,31,352,177,175,290,157,133,335,168,167,323,163,160,62,20,42,27,6,21,13,2,11,1,0,1,21,9,12,193,192,82,45,26,28,5,6,0,103,96,7,17,37,26,16,8
533710402,0,,,445,218,227,44,22,22,385,189,196,287,142,145,374,182,192,367,179,188,98,47,51,38,16,22,10,2,8,0,0,0,21,11,10,222,222,98,59,40,18,5,2,0,121,109,12,17,64,16,18,20
533710403,0,,,37,22,15,6,4,2,31,18,13,20,12,8,31,18,13,30,18,12,11,6,5,3,2,1,2,1,1,0,0,0,2,2,0,13,13,4,3,1,2,2,1,0,9,5,4,0,6,0,0,2
533710404,0,,,332,172,160,31,14,17,284,148,136,203,110,93,274,142,132,253,125,128,81,38,43,34,15,19,5,3,2,0,0,0,33,17,16,158,157,87,28,17,11,9,4,1,69,59,10,6,63,18,28,8
533710411,0,,,532,267,265,41,24,17,458,222,236,299,158,141,456,221,235,454,221,233,159,64,95,89,38,51,27,8,19,2,0,2,19,10,9,205,203,109,46,25,16,2,3,2,85,70,15,18,45,30,9,15
533710412,0,,,346,172,174,60,28,32,281,140,141,227,114,113,267,132,135,266,132,134,54,26,28,29,16,13,7,4,3,0,0,0,40,13,27,156,156,60,39,29,20,7,1,0,95,87,8,20,34,19,5,12
533710413,0,,,576,282,294,101,61,40,443,206,237,241,128,113,433,201,232,431,201,230,202,78,124,144,55,89,61,19,42,6,0,6,4,1,3,125,122,11,32,25,35,11,7,1,101,91,10,25,36,0,7,13
533710414,0,,,182,99,83,33,21,12,149,78,71,116,65,51,144,73,71,138,69,69,33,13,20,13,5,8,4,2,2,1,1,0,0,0,0,65,65,16,16,15,7,8,0,3,49,43,6,7,21,5,4,3
533710421,0,,,1016,485,531,156,71,85,818,388,430,577,274,303,790,379,411,764,369,395,241,114,127,129,61,68,28,11,17,2,1,1,41,21,20,435,435,154,108,81,64,22,5,1,280,253,27,50,156,26,33,58
533710422,0,,,912,444,468,163,79,84,726,353,373,519,262,257,700,337,363,691,334,357,207,91,116,97,38,59,25,4,21,3,1,2,78,35,43,331,330,62,106,68,67,18,7,2,261,237,24,49,120,7,19,45
533710423,0,,,148,76,72,25,16,9,119,58,61,95,47,48,111,57,54,109,57,52,24,11,13,6,2,4,1,0,1,0,0,0,11,8,3,54,54,12,15,9,12,5,1,0,41,36,5,9,17,1,3,6
533710424,0,,,748,364,384,170,79,91,562,276,286,428,208,220,541,271,270,534,268,266,134,68,66,70,37,33,32,16,16,2,0,2,127,61,66,263,262,67,60,48,55,22,9,1,192,168,24,46,68,19,6,25
533710431,0,,,1031,508,523,162,81,81,832,403,429,596,289,307,800,387,413,783,379,404,236,114,122,121,54,67,39,18,21,3,1,2,264,124,140,395,395,103,109,71,78,24,6,4,285,246,39,41,150,8,27,55
533710432,0,,,733,372,361,87,40,47,579,288,291,418,215,203,565,282,283,549,273,276,161,73,88,92,40,52,26,14,12,5,2,3,192,103,89,333,333,133,91,56,30,14,4,5,189,160,29,24,106,24,30,31
533710433,0,,,863,452,411,172,88,84,663,347,316,523,279,244,609,306,303,578,287,291,140,68,72,60,29,31,10,4,6,0,0,0,134,69,65,290,288,55,74,58,66,22,12,1,226,200,26,41,87,7,14,32
533710434,0,,,790,395,395,116,57,59,653,325,328,477,245,232,631,312,319,622,307,315,176,80,96,100,37,63,34,10,24,4,2,2,58,24,34,331,331,101,97,66,45,15,7,0,225,199,26,44,125,19,27,36
533710441,0,,,461,230,231,40,25,15,403,192,211,272,137,135,393,187,206,382,182,200,131,55,76,60,19,41,16,4,12,0,0,0,50,29,21,209,209,84,49,42,22,7,5,0,121,95,26,8,92,18,29,17
533710442,0,,,266,136,130,41,23,18,222,110,112,151,75,76,212,107,105,203,104,99,71,35,36,31,16,15,7,3,4,0,0,0,24,11,13,87,87,9,27,20,21,5,2,3,75,65,10,11,44,0,5,15
533710443,0,,,525,265,260,60,27,33,437,220,217,288,156,132,427,217,210,420,213,207,149,64,85,75,34,41,18,7,11,1,0,1,63,30,33,220,220,71,57,47,30,13,0,2,144,119,25,17,97,6,17,26
533710444,0,,,347,179,168,70,37,33,274,140,134,195,103,92,267,136,131,262,132,130,79,37,42,45,21,24,16,7,9,4,2,2,13,7,6,121,121,24,28,25,29,14,1,0,97,81,16,19,51,4,9,12
533710451,0,,,495,267,228,74,46,28,375,187,188,288,148,140,358,176,182,348,173,175,87,39,48,34,14,20,10,4,6,0,0,0,36,24,12,210,210,78,53,36,21,17,3,2,122,108,14,18,54,14,10,21
533710452,0,,,102,49,53,11,5,6,86,41,45,63,33,30,81,37,44,81,37,44,23,8,15,13,5,8,5,3,2,0,0,0,13,9,4,39,39,16,9,3,3,3,3,2,23,14,9,4,16,2,3,4
533710453,0,,,261,128,133,40,16,24,221,112,109,167,86,81,209,102,107,203,101,102,54,26,28,23,9,14,8,3,5,0,0,0,2,1,1,79,79,9,20,12,21,11,5,1,70,54,16,6,36,0,8,5
533710461,0,,,222,111,111,31,17,14,191,94,97,129,65,64,183,90,93,182,89,93,62,29,33,23,8,15,14,4,10,1,0,1,11,5,6,77,77,10,20,24,17,4,2,0,66,56,10,9,38,0,5,8
533710462,0,,,215,103,112,30,16,14,182,85,97,110,59,51,178,83,95,176,81,95,72,26,46,37,11,26,10,2,8,1,0,1,6,4,2,101,101,45,23,14,15,2,2,0,55,46,9,10,55,4,27,10
533710463,0,,,21,12,9,1,0,1,20,12,8,12,7,5,20,12,8,19,12,7,8,5,3,4,2,2,1,1,0,1,1,0,0,0,0,10,10,3,4,2,1,0,0,0,7,5,2,0,6,0,2,2
533710464,0,,,64,31,33,8,4,4,54,26,28,35,19,16,53,26,27,53,26,27,19,7,12,8,4,4,1,0,1,0,0,0,0,0,0,26,26,9,5,6,3,3,0,0,16,9,7,3,11,0,1,2
533710471,2,533710473,,9,2,7,*,*,*,*,*,*,*,*,*,*,*,*,*,*,*,*,*,*,*,*,*,*,*,*,*,*,*,*,*,*,3,3,*,*,*,*,*,*,*,*,*,*,*,*,*,*,*
533710472,0,,,85,36,49,30,13,17,55,23,32,46,19,27,50,21,29,49,21,28,9,4,5,2,1,1,0,0,0,0,0,0,49,22,27,30,30,5,7,9,6,3,0,0,25,24,1,8,8,0,4,1
533710473,1,,533710471,339,168,171,27,13,14,318,156,162,181,94,87,307,153,154,304,150,154,137,62,75,74,30,44,29,11,18,3,1,2,2,0,2,134,134,43,33,25,25,4,6,1,92,65,27,6,90,6,24,21
533710474,0,,,17,7,10,0,0,0,17,7,10,6,2,4,16,6,10,15,5,10,11,5,6,9,3,6,4,1,3,0,0,0,0,0,0,6,6,1,2,1,1,1,0,0,5,3,2,0,6,0,1,1
533710481,0,,,18,9,9,0,0,0,18,9,9,6,3,3,18,9,9,18,9,9,12,6,6,7,3,4,4,2,2,0,0,0,0,0,0,7,7,1,3,1,2,0,0,0,6,5,1,0,7,0,1,2
533710501,0,,,31,11,20,1,1,0,30,10,20,20,4,16,30,10,20,30,10,20,10,6,4,3,2,1,0,0,0,0,0,0,9,0,9,18,18,10,4,3,1,0,0,0,8,8,0,0,6,8,0,4
533710502,0,,,95,42,53,15,7,8,70,32,38,45,22,23,69,32,37,68,31,37,25,10,15,13,4,9,3,0,3,0,0,0,7,4,3,37,37,14,5,7,6,4,1,0,21,17,4,6,18,4,8,2
533710503,0,,,20,11,9,3,3,0,11,5,6,11,5,6,10,5,5,10,5,5,0,0,0,0,0,0,0,0,0,0,0,0,0,0,0,5,5,0,1,0,3,0,1,0,4,4,0,0,0,0,0,0
533710504,0,,,200,93,107,38,9,29,144,73,71,106,55,51,141,71,70,140,70,70,38,18,20,16,8,8,6,3,3,0,0,0,0,0,0,70,70,15,15,14,19,6,0,1,50,41,9,15,26,2,5,6
533710511,0,,,386,198,188,116,59,57,262,135,127,225,115,110,240,119,121,235,118,117,37,20,17,9,5,4,1,0,1,0,0,0,4,2,2,120,120,20,15,26,39,18,2,0,98,95,3,20,23,5,4,8
533710512,0,,,1036,521,515,223,111,112,781,388,393,722,363,359,694,333,361,648,307,341,59,25,34,24,12,12,3,1,2,0,0,0,8,3,5,332,332,39,65,87,105,30,6,0,285,271,14,40,38,5,3,14
533710513,0,,,510,216,294,101,38,63,388,165,223,278,134,144,370,160,210,364,157,207,110,31,79,97,26,71,69,17,52,24,7,17,11,5,6,159,157,40,41,22,45,8,1,0,108,105,3,19,11,14,3,2
533710514,0,,,569,278,291,149,72,77,408,197,211,368,175,193,370,178,192,357,173,184,40,22,18,17,8,9,3,1,2,0,0,0,2,1,1,180,180,23,36,36,66,12,7,0,154,144,10,36,26,3,5,8
533710521,0,,,39,16,23,3,0,3,32,14,18,19,7,12,32,14,18,32,14,18,13,7,6,3,2,1,1,0,1,0,0,0,5,2,3,18,18,7,5,4,1,0,1,0,10,8,2,1,9,3,1,1
533710522,0,,,77,41,36,19,13,6,57,27,30,44,21,23,57,27,30,56,26,30,13,6,7,9,4,5,3,1,2,0,0,0,5,2,3,32,32,8,10,8,5,1,0,0,23,22,1,9,8,0,2,4
533710523,0,,,138,61,77,20,4,16,114,54,60,64,31,33,105,49,56,101,47,54,50,23,27,22,9,13,9,3,6,2,1,1,0,0,0,37,37,2,12,4,5,8,3,3,34,19,15,4,25,0,0,6
533710524,0,,,30,14,16,5,3,2,25,11,14,13,4,9,24,11,13,24,11,13,12,7,5,3,1,2,1,1,0,0,0,0,0,0,0,10,10,1,4,3,0,1,0,1,9,6,3,1,8,0,1,2
533710531,0,,,342,163,179,59,21,38,283,142,141,210,106,104,276,138,138,274,136,138,73,36,37,26,11,15,6,1,5,1,0,1,7,2,5,120,120,11,42,35,21,8,3,0,109,100,9,21,49,0,8,12
533710532,0,,,691,326,365,62,31,31,621,289,332,335,163,172,603,282,321,593,277,316,286,126,160,153,71,82,42,16,26,3,0,3,27,10,17,271,270,48,118,54,29,15,5,1,220,197,23,19,170,7,27,76
533710533,0,,,166,82,84,17,9,8,143,71,72,98,48,50,138,68,70,133,66,67,45,23,22,16,7,9,5,3,2,0,0,0,10,5,5,59,59,7,24,9,12,6,1,0,50,42,8,3,29,0,4,13
533710534,0,,,768,392,376,71,42,29,691,348,343,484,246,238,660,327,333,634,314,320,207,102,105,74,36,38,13,5,8,1,0,1,37,21,16,276,276,36,103,64,43,21,6,3,236,207,29,15,134,0,22,59
533710541,0,,,297,130,167,33,12,21,247,108,139,154,71,83,237,106,131,230,102,128,93,37,56,58,20,38,18,4,14,2,0,2,20,10,10,109,109,28,26,21,21,9,3,1,79,59,20,5,63,1,14,15
533710542,0,,,367,176,191,63,25,38,298,146,152,206,103,103,287,137,150,284,137,147,92,43,49,45,17,28,19,5,14,1,1,0,3,0,3,126,126,19,38,25,31,8,3,2,102,84,18,15,62,0,11,19
533710543,0,,,113,58,55,7,2,5,106,56,50,71,40,31,102,54,48,99,52,47,35,16,19,17,5,12,10,3,7,1,0,1,1,1,0,42,42,5,17,9,9,1,1,0,36,29,7,3,20,0,1,7
533710544,0,,,346,158,188,63,32,31,268,118,150,194,87,107,257,114,143,251,112,139,74,31,43,39,13,26,15,4,11,2,0,2,2,0,2,106,106,7,31,23,27,11,4,3,97,73,24,18,49,0,6,15
533710551,0,,,304,165,139,60,30,30,241,132,109,183,101,82,234,128,106,228,124,104,58,31,27,20,11,9,6,3,3,1,0,1,14,9,5,115,115,31,29,19,25,9,1,1,84,74,10,19,36,4,8,10
533710553,1,,533710554,269,128,141,47,18,29,224,110,114,156,77,79,215,103,112,212,101,111,68,33,35,33,16,17,10,3,7,1,1,0,3,2,1,93,93,18,30,21,15,6,4,3,77,58,19,15,42,2,6,9
533710554,2,533710553,,8,3,5,*,*,*,*,*,*,*,*,*,*,*,*,*,*,*,*,*,*,*,*,*,*,*,*,*,*,*,*,*,*,4,4,*,*,*,*,*,*,*,*,*,*,*,*,*,*,*
533710564,0,,,52,25,27,4,2,2,48,23,25,32,16,16,44,21,23,44,21,23,16,7,9,10,6,4,2,2,0,0,0,0,0,0,0,19,19,3,7,3,4,2,0,0,15,13,2,1,10,0,1,4
533710571,0,,,167,86,81,19,11,8,146,74,72,85,48,37,141,72,69,137,70,67,61,26,35,19,10,9,9,3,6,1,0,1,9,7,2,79,79,33,19,17,6,3,1,0,46,40,6,5,37,7,12,14
533710572,0,,,363,168,195,34,17,17,329,151,178,174,88,86,324,150,174,321,149,172,155,63,92,82,29,53,33,9,24,2,0,2,11,9,2,145,145,39,45,32,15,9,4,1,105,82,23,10,98,8,25,25
533710573,0,,,15,6,9,0,0,0,15,6,9,11,4,7,15,6,9,14,6,8,4,2,2,3,1,2,1,1,0,0,0,0,0,0,0,11,11,7,4,0,0,0,0,0,4,4,0,0,3,2,1,1
533710574,0,,,219,118,101,22,13,9,197,105,92,139,78,61,191,100,91,185,96,89,58,27,31,26,12,14,9,4,5,0,0,0,0,0,0,81,81,13,29,18,11,10,0,0,68,58,10,7,37,1,9,16
533710581,0,,,191,89,102,20,12,8,171,77,94,107,51,56,162,70,92,157,67,90,64,26,38,29,14,15,7,4,3,0,0,0,6,4,2,81,81,24,27,15,10,3,1,1,57,50,7,4,46,0,17,16
533710583,0,,,251,120,131,28,12,16,223,108,115,140,75,65,219,106,113,217,105,112,83,33,50,44,16,28,19,7,12,1,0,1,0,0,0,93,93,17,31,21,15,6,2,1,75,61,14,9,56,0,12,18
533710584,0,,,194,94,100,23,12,11,171,82,89,111,55,56,169,80,89,168,80,88,60,27,33,36,16,20,14,5,9,1,0,1,0,0,0,70,70,12,21,17,14,4,1,1,58,47,11,10,41,0,8,10
533710593,0,,,109,52,57,6,3,3,103,49,54,61,30,31,101,47,54,98,47,51,42,19,23,24,10,14,9,2,7,1,0,1,0,0,0,43,43,6,21,9,4,2,0,1,37,33,4,1,25,0,4,8
533710594,0,,,305,154,151,32,23,9,273,131,142,160,82,78,261,126,135,251,122,129,113,49,64,69,32,37,19,11,8,0,0,0,3,1,2,113,112,20,47,16,16,9,4,0,92,80,12,4,65,2,12,25
533710601,0,,,326,165,161,46,24,22,260,128,132,173,90,83,243,118,125,233,114,119,87,38,49,44,18,26,15,6,9,2,0,2,2,2,0,104,104,12,35,19,18,13,2,5,87,67,20,9,53,0,6,19
533710602,0,,,159,82,77,18,9,9,128,68,60,83,47,36,123,64,59,120,61,59,45,21,24,31,18,13,6,4,2,0,0,0,3,1,2,58,58,8,16,22,7,5,0,0,45,40,5,11,26,1,3,10
533710603,0,,,193,94,99,23,9,14,164,82,82,98,51,47,162,81,81,160,80,80,66,31,35,34,15,19,7,3,4,0,0,0,0,0,0,68,68,7,24,16,16,4,1,0,58,46,12,8,40,0,4,11
533710604,0,,,112,56,56,15,4,11,90,48,42,59,36,23,88,46,42,87,45,42,31,12,19,17,6,11,5,1,4,0,0,0,0,0,0,37,37,3,13,7,8,6,0,0,32,26,6,3,18,0,2,5
533710611,0,,,58,28,30,6,4,2,50,23,27,28,14,14,49,23,26,49,23,26,22,9,13,9,4,5,5,2,3,0,0,0,0,0,0,22,22,6,8,1,4,1,2,0,15,12,3,1,14,1,1,4
533710612,2,533710613,,10,5,5,*,*,*,*,*,*,*,*,*,*,*,*,*,*,*,*,*,*,*,*,*,*,*,*,*,*,*,*,*,*,2,2,*,*,*,*,*,*,*,*,*,*,*,*,*,*,*
533710613,1,,533710612,153,74,79,21,10,11,127,61,66,89,42,47,123,58,65,120,57,63,38,19,19,20,6,14,9,4,5,0,0,0,0,0,0,46,46,4,12,11,8,9,3,1,40,26,14,5,25,0,3,5
533710614,0,,,35,20,15,4,2,2,20,9,11,13,6,7,20,9,11,20,9,11,7,3,4,5,2,3,3,1,2,0,0,0,1,0,1,17,17,8,3,4,1,1,0,0,7,5,2,0,4,1,1,1
533710621,0,,,19,9,10,5,2,3,14,7,7,9,5,4,14,7,7,14,7,7,5,2,3,2,1,1,0,0,0,0,0,0,0,0,0,5,5,0,2,0,2,0,0,1,5,2,3,1,3,0,0,1
533710622,1,,533710624,100,54,46,7,3,4,98,53,45,53,29,24,94,51,43,94,51,43,45,24,21,22,10,12,5,3,2,0,0,0,0,0,0,37,37,4,14,12,8,1,0,0,35,31,4,1,29,0,4,11
533710624,2,533710622,,5,2,3,*,*,*,*,*,*,*,*,*,*,*,*,*,*,*,*,*,*,*,*,*,*,*,*,*,*,*,*,*,*,2,2,*,*,*,*,*,*,*,*,*,*,*,*,*,*,*
533710631,0,,,31,15,16,0,0,0,31,15,16,22,10,12,30,15,15,29,14,15,9,5,4,3,1,2,3,1,2,1,1,0,0,0,0,11,11,0,6,3,1,0,1,0,11,9,2,0,6,0,0,3
533710632,0,,,121,67,54,19,14,5,94,50,44,60,35,25,90,48,42,88,46,42,34,15,19,12,5,7,5,2,3,0,0,0,0,0,0,37,37,3,10,7,11,4,1,1,32,26,6,1,20,0,1,8
533710633,0,,,45,20,25,8,4,4,37,16,21,27,14,13,36,16,20,35,16,19,10,2,8,4,0,4,0,0,0,0,0,0,0,0,0,14,14,2,2,4,3,3,0,0,12,8,4,0,8,0,2,2
533710634,0,,,96,44,52,13,3,10,80,40,40,47,23,24,76,38,38,75,37,38,33,17,16,20,9,11,8,4,4,1,0,1,0,0,0,32,32,7,5,8,9,0,2,1,24,17,7,3,21,0,5,3
533710641,0,,,134,73,61,19,11,8,115,62,53,85,47,38,112,59,53,109,56,53,30,15,15,22,9,13,9,4,5,1,0,1,3,2,1,41,41,4,11,10,10,1,3,2,36,29,7,5,21,0,3,2
533710642,0,,,236,107,129,55,20,35,181,87,94,135,64,71,177,86,91,171,84,87,46,23,23,19,7,12,5,1,4,0,0,0,3,1,2,72,72,8,15,15,21,9,4,0,64,53,11,14,34,0,5,7
533710643,0,,,378,196,182,62,36,26,316,160,156,206,107,99,304,153,151,302,153,149,110,53,57,46,20,26,14,5,9,2,0,2,10,9,1,127,127,22,29,30,27,16,1,2,105,76,29,17,72,6,11,18
533710644,0,,,82,37,45,18,9,9,64,28,36,48,20,28,64,28,36,64,28,36,16,8,8,10,4,6,2,1,1,0,0,0,0,0,0,36,36,11,12,8,3,1,1,0,25,23,2,5,9,2,0,5
533710651,0,,,217,108,109,41,18,23,176,90,86,137,70,67,166,87,79,161,84,77,39,20,19,21,12,9,3,2,1,0,0,0,2,0,2,68,68,4,23,12,18,7,4,0,64,58,6,8,23,1,2,13
533710652,0,,,46,21,25,2,1,1,44,20,24,27,11,16,42,19,23,41,19,22,17,9,8,8,4,4,5,2,3,3,1,2,0,0,0,16,16,2,5,4,4,0,1,0,13,11,2,0,11,0,2,1
533710653,0,,,200,101,99,35,18,17,159,79,80,107,58,49,155,78,77,153,77,76,52,21,31,18,5,13,4,1,3,1,0,1,1,1,0,66,66,8,18,13,22,2,2,1,57,46,11,7,33,0,4,11
533710654,0,,,59,31,28,5,3,2,48,24,24,28,14,14,46,23,23,46,23,23,20,10,10,10,6,4,0,0,0,0,0,0,0,0,0,16,16,2,3,4,1,4,0,2,13,6,7,1,13,0,1,1
533710661,0,,,64,28,36,6,1,5,57,27,30,37,19,18,54,25,29,53,25,28,20,8,12,11,5,6,3,0,3,0,0,0,0,0,0,22,22,3,6,5,6,2,0,0,19,13,6,1,12,0,2,3
533710662,2,533710663,,2,1,1,*,*,*,*,*,*,*,*,*,*,*,*,*,*,*,*,*,*,*,*,*,*,*,*,*,*,*,*,*,*,1,1,*,*,*,*,*,*,*,*,*,*,*,*,*,*,*
533710663,1,,533710662;533710664,107,50,57,10,6,4,102,47,55,56,24,32,100,47,53,98,47,51,46,23,23,25,12,13,10,4,6,1,0,1,0,0,0,37,37,4,16,10,4,5,1,0,36,28,8,1,26,0,2,10
533710664,2,533710663,,4,3,1,*,*,*,*,*,*,*,*,*,*,*,*,*,*,*,*,*,*,*,*,*,*,*,*,*,*,*,*,*,*,2,2,*,*,*,*,*,*,*,*,*,*,*,*,*,*,*
533710671,2,533710672,,2,1,1,*,*,*,*,*,*,*,*,*,*,*,*,*,*,*,*,*,*,*,*,*,*,*,*,*,*,*,*,*,*,1,1,*,*,*,*,*,*,*,*,*,*,*,*,*,*,*
533710672,1,,533710671,143,73,70,14,9,5,131,65,66,72,41,31,129,63,66,126,63,63,59,24,35,34,15,19,10,3,7,0,0,0,0,0,0,53,53,7,21,11,12,3,0,0,46,38,8,5,37,0,7,13
533710674,0,,,23,9,14,2,0,2,21,9,12,7,3,4,21,9,12,21,9,12,14,6,8,8,3,5,6,2,4,0,0,0,0,0,0,10,10,5,2,1,1,0,0,1,5,2,3,1,10,0,5,1
533710681,0,,,260,129,131,42,21,21,217,107,110,125,60,65,213,105,108,212,105,107,92,47,45,34,17,17,9,2,7,1,0,1,1,0,1,87,87,9,34,16,13,11,2,2,78,61,17,13,57,0,4,23
533710682,0,,,126,66,60,15,7,8,111,59,52,62,35,27,109,58,51,107,57,50,49,24,25,26,14,12,6,2,4,0,0,0,0,0,0,48,48,8,17,12,8,2,1,0,40,34,6,4,31,0,5,11
533710683,0,,,128,62,66,14,8,6,114,54,60,69,31,38,109,52,57,104,49,55,45,23,22,25,11,14,10,6,4,0,0,0,1,0,1,36,36,2,10,6,8,5,4,1,34,21,13,1,27,0,1,7
533710684,0,,,185,89,96,16,9,7,169,80,89,91,45,46,164,79,85,160,76,84,78,35,43,43,17,26,14,6,8,1,0,1,1,0,1,69,69,13,22,18,11,2,1,2,56,39,17,6,47,0,11,11
533710691,0,,,212,103,109,31,15,16,181,88,93,116,57,59,174,84,90,169,81,88,65,31,34,35,17,18,16,5,11,2,2,0,0,0,0,68,68,6,23,13,14,8,3,1,61,47,14,8,37,0,4,11
533710692,0,,,45,20,25,6,1,5,39,19,20,29,15,14,36,17,19,36,17,19,10,4,6,4,1,3,0,0,0,0,0,0,0,0,0,15,15,2,3,4,5,1,0,0,13,10,3,2,7,0,1,1
533710693,0,,,110,59,51,10,7,3,100,52,48,54,30,24,95,49,46,93,48,45,46,22,24,26,13,13,5,2,3,0,0,0,0,0,0,44,44,8,22,4,6,2,2,0,36,30,6,1,32,0,7,10
533710694,0,,,196,90,106,22,12,10,172,76,96,122,53,69,160,71,89,156,70,86,50,23,27,22,8,14,9,2,7,0,0,0,2,0,2,67,67,15,15,16,9,6,5,1,52,34,18,8,33,5,3,5
533710701,0,,,84,42,42,14,7,7,69,35,34,46,23,23,66,32,34,64,31,33,23,12,11,9,5,4,4,2,2,1,0,1,0,0,0,29,29,5,7,8,6,2,0,1,24,19,5,7,17,0,4,2
533710702,1,,533710704,11,5,6,0,0,0,15,7,8,6,3,3,15,7,8,15,7,8,9,4,5,6,3,3,1,0,1,0,0,0,0,0,0,4,4,0,3,0,1,1,0,0,5,4,1,0,5,0,0,3
533710704,2,533710702,,4,2,2,*,*,*,*,*,*,*,*,*,*,*,*,*,*,*,*,*,*,*,*,*,*,*,*,*,*,*,*,*,*,1,1,*,*,*,*,*,*,*,*,*,*,*,*,*,*,*
533710711,0,,,42,19,23,6,3,3,33,14,19,29,13,16,33,14,19,33,14,19,4,1,3,4,1,3,1,1,0,0,0,0,0,0,0,20,20,5,10,3,2,0,0,0,12,11,1,5,3,1,1,0
533710712,0,,,48,25,23,6,1,5,38,21,17,22,15,7,37,20,17,37,20,17,16,6,10,9,3,6,4,1,3,0,0,0,0,0,0,17,17,5,4,1,5,1,0,1,11,6,5,1,11,1,1,1
533710713,0,,,13,7,6,0,0,0,13,7,6,4,2,2,13,7,6,13,7,6,9,5,4,3,2,1,0,0,0,0,0,0,0,0,0,5,5,0,2,3,0,0,0,0,5,5,0,0,5,0,0,2
533710714,0,,,32,12,20,2,0,2,30,12,18,13,6,7,29,11,18,28,11,17,17,6,11,8,2,6,4,0,4,0,0,0,0,0,0,10,10,1,2,3,3,0,1,0,9,4,5,1,9,0,1,2
533710721,0,,,21,10,11,0,0,0,21,10,11,15,7,8,21,10,11,20,10,10,6,3,3,3,1,2,0,0,0,0,0,0,0,0,0,9,9,1,6,0,2,0,0,0,8,7,1,0,4,0,1,1
533710723,0,,,77,36,41,8,1,7,69,35,34,38,20,18,68,35,33,68,35,33,31,15,16,16,7,9,6,2,4,0,0,0,2,0,2,24,24,4,6,6,3,2,1,2,20,13,7,3,19,0,4,4
533710724,0,,,22,13,9,2,0,2,20,13,7,12,8,4,19,12,7,18,11,7,8,5,3,2,2,0,1,1,0,0,0,0,0,0,0,7,7,1,1,4,0,0,0,1,6,4,2,0,5,0,0,1
533710731,0,,,52,28,24,12,7,5,40,21,19,27,15,12,38,20,18,36,19,17,13,6,7,5,2,3,2,0,2,0,0,0,0,0,0,18,18,4,6,2,2,2,2,0,14,11,3,2,9,0,2,3
533710732,0,,,75,36,39,6,5,1,69,31,38,43,19,24,66,29,37,63,28,35,26,12,14,14,5,9,5,1,4,1,0,1,2,0,2,25,25,4,7,4,6,3,1,0,21,15,6,0,15,0,3,2
533710733,0,,,113,58,55,16,8,8,97,50,47,58,31,27,92,48,44,90,46,44,39,19,20,20,9,11,4,1,3,0,0,0,2,0,2,34,34,2,10,9,5,4,4,0,32,21,11,3,24,0,1,5
533710734,0,,,97,46,51,12,8,4,85,38,47,61,30,31,80,36,44,78,34,44,24,8,16,13,3,10,4,0,4,0,0,0,0,0,0,34,34,8,7,6,8,5,0,0,25,19,6,1,16,1,4,2
533710741,0,,,189,102,87,25,15,10,149,78,71,116,62,54,144,74,70,138,71,67,33,16,17,12,4,8,2,0,2,0,0,0,3,1,2,67,66,16,13,15,16,5,0,1,47,41,6,7,24,1,5,8
533710742,0,,,263,131,132,31,18,13,232,113,119,157,81,76,224,109,115,216,106,110,75,32,43,44,15,29,16,4,12,0,0,0,3,2,1,91,91,16,30,14,18,7,4,2,74,55,19,7,48,0,10,10
533710743,0,,,25,11,14,7,3,4,18,8,10,18,8,10,17,8,9,17,8,9,0,0,0,0,0,0,0,0,0,0,0,0,2,1,1,9,9,3,1,2,1,2,0,0,6,5,1,3,0,1,0,0
533710744,0,,,200,93,107,26,11,15,174,82,92,110,50,60,172,81,91,159,74,85,64,32,32,34,14,20,10,6,4,1,0,1,4,1,3,81,81,20,27,15,14,5,0,0,61,53,8,8,42,1,14,11
533710751,0,,,478,168,310,34,18,16,436,146,290,128,64,64,429,143,286,427,141,286,308,82,226,272,64,208,188,36,152,34,5,29,3,2,1,76,72,11,15,23,15,5,1,2,59,46,13,11,32,1,4,8
533710752,0,,,143,62,81,11,5,6,128,54,74,71,34,37,121,51,70,118,50,68,57,20,37,33,8,25,20,4,16,1,1,0,0,0,0,47,46,11,12,10,7,4,2,0,34,26,8,2,27,0,6,6
533710753,0,,,473,256,217,55,31,24,418,225,193,265,158,107,409,220,189,400,214,186,153,67,86,81,32,49,31,8,23,5,2,3,10,6,4,225,225,106,49,33,21,10,6,0,119,90,29,18,103,39,32,26
533710754,0,,,209,102,107,18,8,10,191,94,97,112,52,60,185,94,91,183,93,90,79,42,37,42,18,24,13,7,6,1,0,1,0,0,0,79,79,13,29,15,18,3,1,0,66,54,12,5,54,0,10,15
533710761,0,,,152,74,78,23,9,14,129,65,64,85,45,40,123,63,60,122,62,60,44,20,24,20,8,12,7,3,4,1,0,1,0,0,0,46,46,7,9,10,9,7,2,2,39,26,13,2,26,0,4,5
533710762,0,,,43,17,26,7,1,6,36,16,20,23,11,12,35,16,19,35,16,19,13,5,8,5,0,5,5,0,5,1,0,1,1,1,0,12,12,1,3,2,3,1,1,1,11,6,5,1,7,0,0,2
533710763,0,,,126,70,56,11,7,4,115,63,52,62,37,25,112,60,52,112,60,52,53,26,27,27,13,14,7,2,5,2,1,1,4,3,1,46,46,7,15,12,8,3,1,0,39,33,6,1,32,0,7,10
533710764,0,,,109,55,54,10,6,4,99,49,50,64,34,30,94,48,46,92,47,45,35,15,20,22,8,14,11,2,9,1,0,1,0,0,0,32,32,3,10,5,7,2,3,2,29,16,13,2,23,0,2,3
533710771,2,533710773,,2,2,0,*,*,*,*,*,*,*,*,*,*,*,*,*,*,*,*,*,*,*,*,*,*,*,*,*,*,*,*,*,*,1,1,*,*,*,*,*,*,*,*,*,*,*,*,*,*,*
533710772,2,533710774,,4,2,2,*,*,*,*,*,*,*,*,*,*,*,*,*,*,*,*,*,*,*,*,*,*,*,*,*,*,*,*,*,*,2,2,*,*,*,*,*,*,*,*,*,*,*,*,*,*,*
533710773,1,,533710771,94,45,49,6,3,3,90,44,46,54,29,25,82,40,42,81,40,41,36,15,21,18,5,13,9,2,7,1,0,1,0,0,0,28,28,3,9,8,2,3,2,2,26,15,11,2,23,0,2,5
533710774,1,,533710772,75,36,39,6,2,4,73,36,37,46,23,23,69,36,33,69,36,33,27,13,14,12,5,7,2,1,1,0,0,0,1,0,1,23,23,4,5,6,6,2,1,1,21,15,6,0,17,0,1,3
533710781,0,,,94,39,55,14,1,13,80,38,42,46,23,23,75,34,41,74,34,40,34,15,19,15,6,9,5,1,4,1,0,1,1,0,1,34,34,6,11,7,7,2,0,1,27,21,6,3,20,0,4,8
533710782,0,,,167,81,86,16,7,9,151,74,77,93,48,45,143,70,73,138,67,71,58,26,32,22,7,15,9,1,8,1,0,1,0,0,0,55,55,6,16,13,15,2,1,2,49,35,14,2,37,0,5,13
533710783,0,,,76,36,40,12,3,9,64,33,31,43,24,19,61,30,31,58,28,30,21,9,12,14,5,9,3,1,2,0,0,0,1,0,1,25,25,6,3,6,6,3,0,1,19,16,3,4,12,1,3,2
533710791,0,,,162,84,78,20,13,7,142,71,71,96,52,44,136,66,70,132,63,69,46,19,27,22,7,15,6,2,4,0,0,0,3,0,3,54,54,5,17,15,10,4,3,0,48,34,14,6,32,1,3,6
533710792,0,,,181,91,90,24,12,12,157,79,78,105,54,51,156,79,77,156,79,77,52,25,27,26,11,15,6,3,3,0,0,0,14,7,7,83,83,29,26,16,9,2,1,0,54,54,0,5,36,9,10,13
533710802,2,533710804,,7,4,3,*,*,*,*,*,*,*,*,*,*,*,*,*,*,*,*,*,*,*,*,*,*,*,*,*,*,*,*,*,*,4,4,*,*,*,*,*,*,*,*,*,*,*,*,*,*,*
533710804,1,,533710802,18,9,9,0,0,0,25,13,12,13,8,5,24,12,12,24,12,12,12,5,7,9,4,5,3,1,2,0,0,0,0,0,0,6,6,3,3,2,0,2,0,0,7,4,3,0,7,0,1,2
533710811,1,,533710812;533710814,62,30,32,3,2,1,71,34,37,39,20,19,71,34,37,68,33,35,32,14,18,16,7,9,5,2,3,1,0,1,0,0,0,23,23,8,6,6,2,3,1,1,19,14,5,1,21,0,5,3
533710812,2,533710811,,9,4,5,*,*,*,*,*,*,*,*,*,*,*,*,*,*,*,*,*,*,*,*,*,*,*,*,*,*,*,*,*,*,2,2,*,*,*,*,*,*,*,*,*,*,*,*,*,*,*
533710813,0,,,25,12,13,8,4,4,17,8,9,11,5,6,17,8,9,17,8,9,6,3,3,3,2,1,1,1,0,0,0,0,0,0,0,6,6,0,1,2,1,1,0,1,6,5,1,3,3,0,0,1
533710814,2,533710811,,3,2,1,*,*,*,*,*,*,*,*,*,*,*,*,*,*,*,*,*,*,*,*,*,*,*,*,*,*,*,*,*,*,2,2,*,*,*,*,*,*,*,*,*,*,*,*,*,*,*
533710821,2,533710822,,11,4,7,*,*,*,*,*,*,*,*,*,*,*,*,*,*,*,*,*,*,*,*,*,*,*,*,*,*,*,*,*,*,3,3,*,*,*,*,*,*,*,*,*,*,*,*,*,*,*
533710822,1,,533710821,73,33,40,5,2,3,79,35,44,51,26,25,77,34,43,73,31,42,28,9,19,16,3,13,11,2,9,1,0,1,0,0,0,27,27,5,10,7,3,4,1,0,24,15,9,1,20,0,3,5
533710823,0,,,16,9,7,1,0,1,15,9,6,8,6,2,15,9,6,15,9,6,7,3,4,2,1,1,1,0,1,0,0,0,0,0,0,6,6,2,1,2,0,0,1,0,4,3,1,0,3,0,0,1
533710824,0,,,18,8,10,0,0,0,18,8,10,5,2,3,16,7,9,16,7,9,13,6,7,7,4,3,4,2,2,0,0,0,0,0,0,6,6,0,3,2,0,0,1,0,6,3,3,0,6,0,0,3
533710831,2,533710833,,12,5,7,*,*,*,*,*,*,*,*,*,*,*,*,*,*,*,*,*,*,*,*,*,*,*,*,*,*,*,*,*,*,4,4,*,*,*,*,*,*,*,*,*,*,*,*,*,*,*
533710832,0,,,15,6,9,4,1,3,11,5,6,9,4,5,10,5,5,10,5,5,2,1,1,1,0,1,0,0,0,0,0,0,0,0,0,4,4,0,0,3,0,0,1,0,4,3,1,1,2,0,0,0
533710833,1,,533710831;533710834,40,19,21,8,4,4,48,21,27,31,14,17,46,20,26,46,20,26,17,7,10,10,4,6,4,1,3,0,0,0,3,1,2,13,13,2,4,4,6,2,0,0,16,10,6,2,11,0,2,3
533710834,2,533710833,,4,1,3,*,*,*,*,*,*,*,*,*,*,*,*,*,*,*,*,*,*,*,*,*,*,*,*,*,*,*,*,*,*,1,1,*,*,*,*,*,*,*,*,*,*,*,*,*,*,*
533710841,2,533710842,,7,3,4,*,*,*,*,*,*,*,*,*,*,*,*,*,*,*,*,*,*,*,*,*,*,*,*,*,*,*,*,*,*,2,2,*,*,*,*,*,*,*,*,*,*,*,*,*,*,*
533710842,1,,533710841,179,86,93,41,23,18,145,66,79,106,55,51,139,63,76,135,61,74,39,11,28,24,7,17,5,2,3,0,0,0,10,7,3,74,74,21,24,11,17,2,1,0,55,49,6,12,33,4,13,5
533710844,0,,,31,18,13,2,2,0,29,16,13,27,16,11,26,14,12,24,12,12,2,0,2,1,0,1,0,0,0,0,0,0,0,0,0,10,10,1,2,3,3,1,0,0,9,7,2,0,2,0,0,0
533710851,0,,,668,334,334,81,42,39,586,291,295,357,183,174,568,283,285,563,280,283,229,108,121,123,55,68,45,14,31,5,0,5,7,6,1,270,270,78,84,47,38,13,7,3,191,154,37,18,149,17,33,46
533710852,0,,,283,127,156,14,6,8,269,121,148,139,64,75,261,118,143,256,116,140,130,57,73,83,33,50,25,10,15,2,1,1,1,0,1,118,117,34,36,26,14,6,1,0,83,67,16,3,86,0,28,23
533710853,0,,,642,319,323,76,39,37,566,280,286,360,186,174,548,270,278,539,264,275,206,94,112,112,47,65,43,17,26,3,1,2,8,3,5,236,236,43,76,54,41,15,5,2,191,153,38,22,131,2,22,41
533710854,0,,,280,129,151,39,17,22,241,112,129,145,70,75,231,110,121,228,108,120,96,42,54,56,23,33,16,6,10,2,1,1,2,0,2,97,97,17,32,17,15,9,6,1,80,57,23,9,63,0,13,15
533710861,0,,,89,45,44,14,8,6,75,37,38,45,24,21,72,35,37,71,34,37,30,13,17,10,3,7,1,0,1,0,0,0,6,6,0,39,39,15,12,4,3,4,1,0,24,21,3,5,21,2,9,8
533710862,2,533710863,,6,3,3,*,*,*,*,*,*,*,*,*,*,*,*,*,*,*,*,*,*,*,*,*,*,*,*,*,*,*,*,*,*,3,3,*,*,*,*,*,*,*,*,*,*,*,*,*,*,*
533710863,1,,533710862,256,122,134,40,18,22,222,107,115,153,77,76,213,103,110,207,101,106,69,30,39,28,12,16,5,1,4,0,0,0,1,0,1,85,85,10,32,17,18,6,2,3,77,61,16,13,47,0,8,12
533710871,1,,533710873,13,4,9,2,0,2,13,5,8,7,3,4,13,5,8,13,5,8,6,2,4,5,2,3,0,0,0,0,0,0,0,0,0,6,6,2,3,1,1,0,0,0,5,5,0,0,4,0,2,1
533710872,0,,,29,12,17,0,0,0,29,12,17,12,5,7,28,12,16,28,12,16,17,7,10,6,3,3,4,2,2,1,0,1,0,0,0,13,13,2,7,3,1,0,0,0,11,10,1,0,10,0,1,4
533710873,2,533710871,,2,1,1,*,*,*,*,*,*,*,*,*,*,*,*,*,*,*,*,*,*,*,*,*,*,*,*,*,*,*,*,*,*,1,1,*,*,*,*,*,*,*,*,*,*,*,*,*,*,*
533710881,0,,,21,12,9,1,1,0,20,11,9,11,7,4,19,10,9,19,10,9,9,4,5,6,3,3,1,1,0,0,0,0,1,0,1,11,11,6,1,3,1,0,0,0,5,5,0,0,5,3,1,1
533710882,0,,,35,20,15,4,2,2,31,18,13,19,11,8,30,17,13,29,16,13,12,7,5,6,4,2,3,1,2,0,0,0,0,0,0,12,12,5,2,0,3,0,1,1,7,5,2,0,9,0,4,1
533710883,0,,,23,7,16,0,0,0,23,7,16,15,3,12,22,7,15,22,7,15,8,4,4,2,1,1,1,0,1,0,0,0,8,0,8,14,14,9,2,2,1,0,0,0,5,4,1,0,5,4,0,2
533710884,0,,,48,19,29,0,0,0,48,19,29,28,10,18,47,19,28,45,19,26,20,9,11,13,5,8,6,2,4,0,0,0,7,0,7,23,23,10,7,2,3,0,1,0,13,11,2,0,12,4,4,4
533710893,0,,,18,7,11,2,2,0,16,5,11,11,3,8,15,5,10,15,5,10,5,2,3,2,1,1,0,0,0,0,0,0,5,0,5,9,9,6,1,0,0,2,0,0,3,3,0,0,3,2,1,1
533710901,0,,,175,87,88,18,6,12,157,81,76,95,53,42,153,80,73,153,80,73,62,28,34,29,9,20,15,4,11,1,0,1,0,0,0,58,58,9,12,16,12,8,1,0,49,33,16,3,40,0,6,9
533710902,0,,,114,62,52,15,7,8,99,55,44,65,36,29,97,53,44,95,52,43,34,19,15,10,5,5,2,1,1,2,1,1,7,7,0,44,38,4,14,11,3,5,1,0,34,30,4,2,20,0,2,7
533710903,0,,,95,45,50,19,9,10,76,36,40,47,23,24,71,33,38,68,32,36,29,13,16,14,6,8,7,3,4,1,0,1,0,0,0,29,29,4,6,5,8,5,0,1,25,18,7,5,18,0,3,4
533710904,0,,,19,9,10,3,2,1,16,7,9,7,3,4,16,7,9,16,7,9,9,4,5,5,2,3,2,0,2,1,0,1,0,0,0,6,6,0,1,3,2,0,0,0,6,4,2,1,4,0,0,1
533710913,0,,,36,22,14,4,2,2,31,19,12,14,9,5,29,17,12,29,17,12,17,10,7,8,4,4,0,0,0,0,0,0,0,0,0,16,16,6,7,0,0,2,1,0,10,8,2,2,10,0,2,7
533710921,0,,,42,22,20,5,4,1,37,18,19,18,7,11,37,18,19,37,18,19,19,11,8,9,4,5,5,2,3,1,0,1,1,0,1,14,14,1,7,2,2,0,1,1,12,8,4,1,11,0,1,4
533710922,0,,,14,8,6,1,1,0,13,7,6,8,5,3,13,7,6,13,7,6,5,2,3,4,1,3,2,0,2,1,0,1,0,0,0,6,6,2,1,2,1,0,0,0,4,3,1,1,3,0,1,0
533710923,1,,533710924,14,7,7,3,2,1,13,6,7,9,3,6,12,6,6,12,6,6,4,3,1,0,0,0,0,0,0,0,0,0,0,0,0,4,4,0,3,0,1,0,1,0,5,4,1,1,3,0,0,2
533710924,2,533710923,,2,1,1,*,*,*,*,*,*,*,*,*,*,*,*,*,*,*,*,*,*,*,*,*,*,*,*,*,*,*,*,*,*,1,1,*,*,*,*,*,*,*,*,*,*,*,*,*,*,*
533710931,0,,,44,25,19,2,1,1,42,24,18,23,13,10,41,23,18,41,23,18,19,11,8,7,3,4,2,1,1,0,0,0,0,0,0,18,18,4,6,6,1,0,1,0,14,11,3,1,13,0,3,2
533710932,1,,533710933;533710934,20,10,10,0,0,0,28,13,15,10,3,7,27,13,14,27,13,14,18,10,8,7,4,3,3,1,2,0,0,0,0,0,0,9,9,1,8,1,2,0,0,0,11,10,1,0,10,0,1,7
533710933,2,533710932,,2,1,1,*,*,*,*,*,*,*,*,*,*,*,*,*,*,*,*,*,*,*,*,*,*,*,*,*,*,*,*,*,*,1,1,*,*,*,*,*,*,*,*,*,*,*,*,*,*,*
533710934,2,533710932,,6,2,4,*,*,*,*,*,*,*,*,*,*,*,*,*,*,*,*,*,*,*,*,*,*,*,*,*,*,*,*,*,*,2,2,*,*,*,*,*,*,*,*,*,*,*,*,*,*,*
533710941,0,,,15,7,8,2,1,1,13,6,7,5,2,3,13,6,7,13,6,7,8,4,4,4,2,2,2,0,2,0,0,0,1,1,0,7,7,4,1,1,0,0,1,0,3,1,2,1,5,1,2,1
533710942,2,533710943,,3,2,1,*,*,*,*,*,*,*,*,*,*,*,*,*,*,*,*,*,*,*,*,*,*,*,*,*,*,*,*,*,*,1,1,*,*,*,*,*,*,*,*,*,*,*,*,*,*,*
533710943,1,,533710942,44,28,16,0,0,0,47,30,17,29,21,8,46,29,17,44,28,16,18,9,9,15,8,7,3,2,1,0,0,0,5,5,0,20,20,8,5,5,2,0,1,0,13,9,4,0,12,5,3,3
533710951,0,,,333,171,162,52,32,20,279,138,141,222,113,109,267,132,135,262,129,133,57,25,32,36,14,22,9,3,6,1,0,1,3,2,1,126,126,30,32,31,21,10,2,0,93,79,14,14,38,11,5,7
533710952,0,,,365,180,185,49,26,23,312,152,160,187,93,94,303,147,156,300,146,154,125,59,66,68,28,40,24,10,14,2,0,2,2,1,1,130,130,26,41,24,21,9,7,2,102,81,21,14,82,0,19,23
533710953,0,,,148,73,75,23,10,13,125,63,62,101,53,48,123,63,60,121,62,59,24,10,14,5,0,5,2,0,2,0,0,0,46,26,20,64,64,21,16,16,8,3,0,0,42,39,3,11,17,10,4,3
533710954,0,,,188,101,87,19,14,5,169,87,82,107,60,47,159,81,78,155,79,76,62,27,35,30,14,16,7,2,5,0,0,0,2,2,0,74,74,12,30,18,10,2,2,0,62,54,8,2,41,2,8,11
533710961,0,,,348,167,181,41,19,22,307,148,159,191,96,95,294,139,155,286,134,152,116,52,64,55,26,29,15,9,6,4,2,2,14,5,9,135,135,34,42,24,21,10,4,0,100,82,18,9,77,1,23,19
533710962,0,,,54,25,29,14,8,6,40,17,23,26,12,14,37,15,22,36,14,22,14,5,9,6,3,3,1,0,1,0,0,0,9,4,5,24,24,7,9,3,5,0,0,0,17,16,1,2,11,0,6,2
533710963,0,,,329,165,164,42,21,21,284,142,142,202,100,102,275,138,137,272,136,136,82,42,40,34,16,18,14,5,9,3,2,1,2,1,1,123,123,24,38,30,21,6,3,1,95,79,16,16,49,4,4,20
533710964,0,,,47,24,23,12,6,6,35,18,17,31,16,15,34,18,16,33,17,16,4,2,2,2,1,1,1,0,1,0,0,0,0,0,0,16,16,2,3,6,4,1,0,0,14,14,0,5,3,0,0,0
533711003,0,,,398,201,197,41,21,20,357,180,177,262,128,134,349,178,171,341,174,167,95,52,43,41,19,22,12,6,6,0,0,0,1,1,0,148,148,20,63,28,23,10,3,1,128,112,16,9,67,2,6,24
533711004,0,,,537,286,251,51,31,20,486,255,231,372,197,175,470,249,221,456,238,218,114,58,56,40,17,23,9,3,6,0,0,0,25,10,15,217,217,41,84,55,24,11,2,0,175,157,18,16,79,8,8,27
533711011,0,,,107,57,50,11,8,3,96,49,47,83,46,37,93,47,46,91,45,46,13,3,10,3,0,3,0,0,0,0,0,0,2,2,0,36,36,3,10,11,9,3,0,0,33,26,7,3,12,2,1,1
533711013,0,,,756,381,375,104,54,50,649,324,325,481,247,234,623,312,311,606,302,304,168,77,91,63,29,34,16,6,10,2,0,2,38,20,18,277,277,61,78,57,49,21,10,1,214,179,35,22,111,15,18,30
533711014,0,,,15,9,6,2,2,0,13,7,6,8,4,4,13,7,6,12,7,5,5,3,2,0,0,0,0,0,0,0,0,0,0,0,0,7,7,2,3,1,1,0,0,0,5,5,0,0,3,0,1,2
533711022,0,,,24,9,15,0,0,0,24,9,15,11,4,7,24,9,15,23,9,14,13,5,8,4,2,2,1,0,1,0,0,0,0,0,0,11,11,3,5,2,0,1,0,0,8,8,0,0,8,0,3,5
533711023,0,,,25,17,8,1,1,0,24,16,8,8,7,1,24,16,8,23,15,8,16,9,7,7,4,3,1,1,0,1,1,0,2,1,1,10,10,1,6,1,1,1,0,0,9,8,1,1,9,0,1,5
533711024,0,,,74,29,45,5,2,3,69,27,42,46,17,29,68,27,41,67,27,40,23,10,13,9,4,5,4,1,3,0,0,0,13,0,13,35,35,18,5,4,6,2,0,0,17,14,3,0,16,12,4,3
533711031,0,,,125,60,65,7,3,4,118,57,61,60,34,26,113,55,58,111,53,58,58,23,35,25,8,17,7,1,6,1,0,1,2,0,2,52,52,13,21,9,5,2,1,1,39,30,9,2,38,0,10,11
533711032,0,,,20,10,10,0,0,0,20,10,10,9,5,4,20,10,10,20,10,10,11,5,6,6,2,4,2,0,2,0,0,0,0,0,0,7,7,0,4,2,0,0,1,0,7,6,1,0,7,0,0,2
533711033,0,,,57,25,32,6,3,3,51,22,29,31,13,18,51,22,29,51,22,29,20,9,11,6,2,4,1,1,0,0,0,0,0,0,0,21,21,3,9,4,2,2,1,0,18,14,4,2,14,0,2,6
533711041,0,,,15,8,7,3,0,3,12,8,4,3,2,1,12,8,4,12,8,4,9,6,3,6,4,2,4,3,1,1,1,0,0,0,0,6,6,2,2,0,1,1,0,0,4,3,1,1,5,0,2,1
533711053,0,,,12,8,4,0,0,0,12,8,4,7,5,2,12,8,4,11,7,4,5,3,2,2,2,0,2,2,0,0,0,0,0,0,0,6,6,4,0,1,0,1,0,0,2,1,1,0,5,0,4,0
533711054,0,,,23,12,11,4,3,1,19,9,10,12,6,6,18,9,9,18,9,9,7,3,4,4,2,2,2,1,1,0,0,0,0,0,0,5,5,0,1,0,1,1,2,0,5,2,3,0,4,0,0,0
533711071,1,,533711074,18,10,8,2,2,0,25,11,14,17,7,10,24,11,13,23,11,12,8,4,4,4,1,3,2,1,1,0,0,0,0,0,0,6,6,0,3,2,1,1,1,0,8,6,2,0,5,0,0,2
533711072,0,,,14,7,7,0,0,0,14,7,7,4,3,1,14,7,7,14,7,7,10,4,6,6,4,2,0,0,0,0,0,0,0,0,0,7,7,2,3,2,0,0,0,0,5,5,0,0,6,0,2,3
533711074,2,533711071,,9,3,6,*,*,*,*,*,*,*,*,*,*,*,*,*,*,*,*,*,*,*,*,*,*,*,*,*,*,*,*,*,*,2,2,*,*,*,*,*,*,*,*,*,*,*,*,*,*,*
533711082,1,,533711083,43,24,19,2,2,0,43,23,20,24,15,9,42,22,20,41,21,20,19,8,11,7,3,4,3,1,2,0,0,0,4,4,0,18,18,6,7,3,0,2,1,0,13,9,4,0,12,0,1,3
533711083,2,533711082,,2,1,1,*,*,*,*,*,*,*,*,*,*,*,*,*,*,*,*,*,*,*,*,*,*,*,*,*,*,*,*,*,*,1,1,*,*,*,*,*,*,*,*,*,*,*,*,*,*,*
533711084,1,,533711191;533711193,55,28,27,4,3,1,62,34,28,34,22,12,61,34,27,61,34,27,28,12,16,18,7,11,6,1,5,0,0,0,6,6,0,20,20,9,7,8,2,1,1,0,19,14,5,0,18,2,4,5
533711092,2,533711094,,8,5,3,*,*,*,*,*,*,*,*,*,*,*,*,*,*,*,*,*,*,*,*,*,*,*,*,*,*,*,*,*,*,2,2,*,*,*,*,*,*,*,*,*,*,*,*,*,*,*
533711093,0,,,18,8,10,3,1,2,15,7,8,3,1,2,15,7,8,15,7,8,12,6,6,5,4,1,1,0,1,0,0,0,0,0,0,7,7,1,4,0,1,1,0,0,6,4,2,1,7,0,1,4
533711094,1,,533711092,5,2,3,2,2,0,11,5,6,4,2,2,11,5,6,11,5,6,7,3,4,3,0,3,3,0,3,0,0,0,0,0,0,2,2,0,1,1,2,0,0,0,4,2,2,0,3,0,0,0
533711101,0,,,410,209,201,59,31,28,338,171,167,253,133,120,327,166,161,319,163,156,85,38,47,35,15,20,8,1,7,0,0,0,21,10,11,169,169,57,38,35,29,6,3,1,109,97,12,20,55,13,10,15
533711102,0,,,192,93,99,19,13,6,173,80,93,99,46,53,163,76,87,159,76,83,74,34,40,33,14,19,6,2,4,0,0,0,8,3,5,70,70,9,25,17,13,6,0,0,61,51,10,5,46,0,5,15
533711103,0,,,750,384,366,76,42,34,668,337,331,360,195,165,648,325,323,643,323,320,308,142,166,163,75,88,55,22,33,5,1,4,7,4,3,309,309,82,116,41,50,8,11,1,224,186,38,17,199,4,43,68
533711104,0,,,824,433,391,85,50,35,734,380,354,445,238,207,719,373,346,708,366,342,289,142,147,126,53,73,49,23,26,6,2,4,61,21,40,345,344,115,98,61,40,21,5,4,228,185,43,22,184,36,34,55
533711111,0,,,104,58,46,14,6,8,90,52,38,68,41,27,86,50,36,75,41,34,22,11,11,12,6,6,2,0,2,1,0,1,2,1,1,49,49,23,10,7,6,2,1,0,25,20,5,4,16,7,4,4
533711112,0,,,104,52,52,19,8,11,85,44,41,51,27,24,84,44,40,83,43,40,34,17,17,15,5,10,6,0,6,1,0,1,0,0,0,36,36,9,7,8,7,2,2,1,27,18,9,7,22,0,7,3
533711113,0,,,179,84,95,15,6,9,163,77,86,87,50,37,160,77,83,160,77,83,76,27,49,38,13,25,8,3,5,0,0,0,0,0,0,76,76,27,22,12,9,4,1,1,48,35,13,5,58,0,21,9
533711114,0,,,373,148,225,36,21,15,337,127,210,134,68,66,331,125,206,329,125,204,203,59,144,161,41,120,96,14,82,21,0,21,2,1,1,79,75,13,21,15,13,7,3,3,62,45,17,9,41,0,10,11
533711121,0,,,163,79,84,21,7,14,142,72,70,93,49,44,137,69,68,133,68,65,49,23,26,26,11,15,6,3,3,1,0,1,5,1,4,52,52,3,16,15,8,9,1,0,49,38,11,3,29,0,2,7
533711122,0,,,183,89,94,22,9,13,161,80,81,106,55,51,155,78,77,151,75,76,55,25,30,32,14,18,10,4,6,1,0,1,0,0,0,65,65,8,22,14,17,3,1,0,56,45,11,5,38,0,6,11
533711123,0,,,117,62,55,7,1,6,110,61,49,67,42,25,105,56,49,103,55,48,43,19,24,15,6,9,5,0,5,1,0,1,0,0,0,39,39,4,12,9,9,4,1,0,35,24,11,1,26,0,3,7
533711124,0,,,17,11,6,2,2,0,15,9,6,11,7,4,15,9,6,15,9,6,4,2,2,1,0,1,1,0,1,1,0,1,0,0,0,6,6,1,1,2,2,0,0,0,5,4,1,1,2,0,0,0
533711131,2,533711133,,2,1,1,*,*,*,*,*,*,*,*,*,*,*,*,*,*,*,*,*,*,*,*,*,*,*,*,*,*,*,*,*,*,1,1,*,*,*,*,*,*,*,*,*,*,*,*,*,*,*
533711133,1,,533711131,27,11,16,3,1,2,26,11,15,17,6,11,25,11,14,24,11,13,9,5,4,7,3,4,5,2,3,0,0,0,0,0,0,10,10,2,5,1,1,2,0,0,9,8,1,0,5,0,1,2
533711142,2,533711143,,5,4,1,*,*,*,*,*,*,*,*,*,*,*,*,*,*,*,*,*,*,*,*,*,*,*,*,*,*,*,*,*,*,1,1,*,*,*,*,*,*,*,*,*,*,*,*,*,*,*
533711143,1,,533711142,39,19,20,5,3,2,39,20,19,21,13,8,39,20,19,38,19,19,18,7,11,11,4,7,1,0,1,0,0,0,0,0,0,15,15,3,4,4,4,1,0,0,13,11,2,0,11,0,2,2
533711151,0,,,62,31,31,5,2,3,57,29,28,31,16,15,57,29,28,53,26,27,26,13,13,6,3,3,3,0,3,1,0,1,0,0,0,25,25,3,13,5,2,2,0,0,22,21,1,1,18,0,2,8
533711152,0,,,33,14,19,2,1,1,31,13,18,13,6,7,29,12,17,29,12,17,18,7,11,11,4,7,4,1,3,0,0,0,0,0,0,11,11,2,3,4,0,0,1,1,9,5,4,0,10,0,2,3
533711164,0,,,11,5,6,1,1,0,10,4,6,7,3,4,8,3,5,7,3,4,3,1,2,1,0,1,1,0,1,0,0,0,0,0,0,4,4,2,0,1,0,0,1,0,2,2,0,0,3,0,2,0
533711171,0,,,18,6,12,1,0,1,17,6,11,6,1,5,17,6,11,17,6,11,11,5,6,6,1,5,5,1,4,0,0,0,0,0,0,7,7,3,1,0,2,1,0,0,4,1,3,1,7,0,3,0
533711172,0,,,31,15,16,1,0,1,30,15,15,14,8,6,29,14,15,29,14,15,16,7,9,6,2,4,1,0,1,0,0,0,2,1,1,14,14,2,9,2,0,1,0,0,12,10,2,0,12,0,1,5
533711174,0,,,34,16,18,3,2,1,31,14,17,19,10,9,28,12,16,27,12,15,12,4,8,8,3,5,0,0,0,0,0,0,0,0,0,13,13,3,4,3,1,2,0,0,10,9,1,0,8,0,2,3
533711181,0,,,18,9,9,0,0,0,18,9,9,9,2,7,18,9,9,18,9,9,9,7,2,1,1,0,1,1,0,0,0,0,0,0,0,7,7,0,4,2,1,0,0,0,7,7,0,0,6,0,0,3
533711182,0,,,9,4,5,0,0,0,9,4,5,4,2,2,9,4,5,9,4,5,5,2,3,3,1,2,1,1,0,0,0,0,0,0,0,4,4,1,1,2,0,0,0,0,3,3,0,0,3,0,1,1
533711184,0,,,80,37,43,5,1,4,75,36,39,37,20,17,74,36,38,73,35,38,38,16,22,14,4,10,5,2,3,1,0,1,1,1,0,36,36,12,13,5,3,3,0,0,24,19,5,3,27,1,9,10
533711191,2,533711084,,10,8,2,*,*,*,*,*,*,*,*,*,*,*,*,*,*,*,*,*,*,*,*,*,*,*,*,*,*,*,*,*,*,7,7,*,*,*,*,*,*,*,*,*,*,*,*,*,*,*
533711193,2,533711084,,1,1,0,*,*,*,*,*,*,*,*,*,*,*,*,*,*,*,*,*,*,*,*,*,*,*,*,*,*,*,*,*,*,1,1,*,*,*,*,*,*,*,*,*,*,*,*,*,*,*
533711201,0,,,319,151,168,49,24,25,269,126,143,188,93,95,255,118,137,244,115,129,81,33,48,50,23,27,14,3,11,0,0,0,7,4,3,118,118,28,33,26,15,10,5,1,89,76,13,11,57,1,17,13
533711202,0,,,281,130,151,23,11,12,255,117,138,142,71,71,248,113,135,243,112,131,113,46,67,58,19,39,18,4,14,2,1,1,5,1,4,115,115,28,39,25,17,5,0,1,82,69,13,6,79,0,21,17
533711203,0,,,33,16,17,1,1,0,32,15,17,23,12,11,32,15,17,31,14,17,9,3,6,4,0,4,3,0,3,1,0,1,0,0,0,13,13,1,6,4,2,0,0,0,12,9,3,1,7,0,1,1
533711211,0,,,80,36,44,0,0,0,80,36,44,46,20,26,79,35,44,76,33,43,34,16,18,17,7,10,6,2,4,0,0,0,0,0,0,51,51,30,15,4,2,0,0,0,21,20,1,0,28,0,17,5
533711222,2,533711224,,5,2,3,*,*,*,*,*,*,*,*,*,*,*,*,*,*,*,*,*,*,*,*,*,*,*,*,*,*,*,*,*,*,2,2,*,*,*,*,*,*,*,*,*,*,*,*,*,*,*
533711224,1,,533711222,4,3,1,0,0,0,9,5,4,7,4,3,9,5,4,9,5,4,2,1,1,1,0,1,1,0,1,1,0,1,0,0,0,3,3,2,2,1,0,0,0,0,3,1,2,0,2,0,1,0
533711231,2,533711232,,8,4,4,*,*,*,*,*,*,*,*,*,*,*,*,*,*,*,*,*,*,*,*,*,*,*,*,*,*,*,*,*,*,2,2,*,*,*,*,*,*,*,*,*,*,*,*,*,*,*
533711232,1,,533711231,12,5,7,3,2,1,17,7,10,6,3,3,17,7,10,17,7,10,11,4,7,4,1,3,1,0,1,0,0,0,0,0,0,7,7,4,2,1,1,1,0,0,5,5,0,0,7,0,3,1
533711233,0,,,22,12,10,5,3,2,17,9,8,13,6,7,17,9,8,17,9,8,4,3,1,1,1,0,0,0,0,0,0,0,0,0,0,8,8,1,3,2,1,1,0,0,7,6,1,2,3,0,1,1
533711234,0,,,21,12,9,0,0,0,21,12,9,6,4,2,21,12,9,21,12,9,15,8,7,9,5,4,3,1,2,1,0,1,0,0,0,10,10,2,6,1,1,0,0,0,8,6,2,0,9,0,1,4
533711241,2,533711244,,2,1,1,*,*,*,*,*,*,*,*,*,*,*,*,*,*,*,*,*,*,*,*,*,*,*,*,*,*,*,*,*,*,1,1,*,*,*,*,*,*,*,*,*,*,*,*,*,*,*
533711242,0,,,20,13,7,2,1,1,18,12,6,11,9,2,18,12,6,18,12,6,7,3,4,3,1,2,0,0,0,0,0,0,0,0,0,6,6,3,0,1,0,0,1,1,3,1,2,0,4,0,1,0
533711243,0,,,15,8,7,0,0,0,15,8,7,7,4,3,15,8,7,15,8,7,8,4,4,4,2,2,2,0,2,0,0,0,0,0,0,6,6,0,4,1,1,0,0,0,6,5,1,0,5,0,0,3
533711244,1,,533711241;533711253,17,9,8,2,2,0,18,9,9,5,3,2,18,9,9,18,9,9,13,6,7,7,3,4,4,1,3,0,0,0,0,0,0,7,7,2,4,2,1,0,0,0,7,6,1,1,6,0,0,3
533711253,2,533711244,,1,1,0,*,*,*,*,*,*,*,*,*,*,*,*,*,*,*,*,*,*,*,*,*,*,*,*,*,*,*,*,*,*,1,1,*,*,*,*,*,*,*,*,*,*,*,*,*,*,*
533711272,0,,,24,12,12,0,0,0,24,12,12,16,9,7,23,11,12,23,11,12,8,3,5,4,1,3,0,0,0,0,0,0,1,1,0,10,10,3,3,2,1,1,0,0,7,6,1,0,7,0,2,1
533711273,2,533711274,,7,4,3,*,*,*,*,*,*,*,*,*,*,*,*,*,*,*,*,*,*,*,*,*,*,*,*,*,*,*,*,*,*,2,2,*,*,*,*,*,*,*,*,*,*,*,*,*,*,*
533711274,1,,533711273,9,4,5,0,0,0,16,8,8,11,7,4,15,7,8,13,6,7,5,1,4,5,1,4,2,0,2,0,0,0,0,0,0,3,3,2,0,1,1,0,0,1,3,1,2,0,4,0,2,0
533711281,1,,533711283,16,7,9,0,0,0,18,8,10,9,4,5,18,8,10,18,8,10,9,4,5,3,1,2,2,1,1,0,0,0,0,0,0,6,6,1,3,2,0,1,0,0,6,5,1,0,6,0,1,2
533711282,1,,533711284,23,13,10,2,0,2,23,14,9,20,13,7,20,11,9,20,11,9,3,1,2,3,1,2,1,1,0,0,0,0,0,0,0,7,7,3,1,0,2,1,0,1,5,3,2,0,2,1,0,1
533711283,2,533711281,,2,1,1,*,*,*,*,*,*,*,*,*,*,*,*,*,*,*,*,*,*,*,*,*,*,*,*,*,*,*,*,*,*,1,1,*,*,*,*,*,*,*,*,*,*,*,*,*,*,*
533711284,2,533711282,,2,1,1,*,*,*,*,*,*,*,*,*,*,*,*,*,*,*,*,*,*,*,*,*,*,*,*,*,*,*,*,*,*,1,1,*,*,*,*,*,*,*,*,*,*,*,*,*,*,*
533711291,2,533711294,,7,1,6,*,*,*,*,*,*,*,*,*,*,*,*,*,*,*,*,*,*,*,*,*,*,*,*,*,*,*,*,*,*,2,2,*,*,*,*,*,*,*,*,*,*,*,*,*,*,*
533711293,0,,,34,11,23,1,0,1,33,11,22,21,7,14,32,11,21,32,11,21,12,4,8,8,1,7,3,0,3,0,0,0,0,0,0,11,11,1,3,3,2,2,0,0,10,4,6,0,9,0,1,1
533711294,1,,533711291,34,16,18,9,5,4,32,12,20,24,9,15,31,12,19,31,12,19,8,3,5,6,2,4,5,1,4,1,1,0,0,0,0,8,8,2,1,1,2,1,1,2,8,3,5,2,6,0,1,1
533711301,2,533711303,,8,2,6,*,*,*,*,*,*,*,*,*,*,*,*,*,*,*,*,*,*,*,*,*,*,*,*,*,*,*,*,*,*,2,2,*,*,*,*,*,*,*,*,*,*,*,*,*,*,*
533711303,1,,533711301,25,11,14,5,1,4,28,12,16,22,9,13,23,10,13,22,9,13,6,3,3,1,0,1,0,0,0,0,0,0,1,0,1,10,10,2,5,1,3,0,1,0,10,8,2,1,3,0,0,2
533711331,1,,533711332,15,7,8,1,0,1,24,13,11,12,7,5,24,13,11,24,13,11,12,6,6,7,2,5,3,1,2,0,0,0,0,0,0,7,7,3,2,3,1,1,0,0,7,7,0,1,9,0,3,2
533711332,2,533711331,,10,6,4,*,*,*,*,*,*,*,*,*,*,*,*,*,*,*,*,*,*,*,*,*,*,*,*,*,*,*,*,*,*,3,3,*,*,*,*,*,*,*,*,*,*,*,*,*,*,*
533711333,2,533711334,,5,3,2,*,*,*,*,*,*,*,*,*,*,*,*,*,*,*,*,*,*,*,*,*,*,*,*,*,*,*,*,*,*,2,2,*,*,*,*,*,*,*,*,*,*,*,*,*,*,*
533711334,1,,533711333,23,12,11,0,0,0,28,15,13,14,7,7,28,15,13,28,15,13,14,8,6,9,5,4,4,2,2,0,0,0,0,0,0,9,9,2,3,4,2,0,0,0,9,7,2,0,7,0,1,1
533711361,2,533711371,,2,1,1,*,*,*,*,*,*,*,*,*,*,*,*,*,*,*,*,*,*,*,*,*,*,*,*,*,*,*,*,*,*,1,1,*,*,*,*,*,*,*,*,*,*,*,*,*,*,*
533711371,1,,533711361;533711374,13,5,8,1,0,1,20,8,12,11,5,6,19,7,12,18,7,11,9,3,6,7,2,5,3,0,3,0,0,0,0,0,0,6,6,3,4,0,0,2,0,0,6,4,2,0,8,0,2,3
533711374,2,533711371,,6,2,4,*,*,*,*,*,*,*,*,*,*,*,*,*,*,*,*,*,*,*,*,*,*,*,*,*,*,*,*,*,*,2,2,*,*,*,*,*,*,*,*,*,*,*,*,*,*,*
533711381,0,,,18,8,10,2,1,1,16,7,9,10,5,5,16,7,9,16,7,9,6,2,4,3,1,2,2,0,2,0,0,0,0,0,0,5,5,0,0,3,1,1,0,0,5,2,3,0,4,0,0,0
533711383,1,,533711481,12,7,5,0,0,0,15,8,7,5,4,1,15,8,7,15,8,7,10,4,6,6,2,4,3,1,2,0,0,0,0,0,0,6,6,2,2,3,0,0,0,0,5,3,2,0,5,0,0,2
533711391,0,,,26,13,13,1,0,1,25,13,12,13,7,6,23,13,10,22,12,10,12,6,6,9,5,4,1,1,0,0,0,0,4,1,3,8,8,1,1,3,2,0,1,0,6,5,1,0,6,0,1,1
533711392,1,,533711393;533711394,15,9,6,0,0,0,22,13,9,11,6,5,22,13,9,22,13,9,11,7,4,7,5,2,2,2,0,0,0,0,0,0,0,7,7,3,4,1,2,0,0,0,7,6,1,0,7,0,1,3
533711393,2,533711392,,3,2,1,*,*,*,*,*,*,*,*,*,*,*,*,*,*,*,*,*,*,*,*,*,*,*,*,*,*,*,*,*,*,1,1,*,*,*,*,*,*,*,*,*,*,*,*,*,*,*
533711394,2,533711392,,4,2,2,*,*,*,*,*,*,*,*,*,*,*,*,*,*,*,*,*,*,*,*,*,*,*,*,*,*,*,*,*,*,2,2,*,*,*,*,*,*,*,*,*,*,*,*,*,*,*
533711432,1,,533711441,19,8,11,4,1,3,19,9,10,9,5,4,19,9,10,19,9,10,10,4,6,4,1,3,1,0,1,0,0,0,0,0,0,7,7,1,3,1,2,1,0,0,7,6,1,2,6,0,1,2
533711441,2,533711432,,4,2,2,*,*,*,*,*,*,*,*,*,*,*,*,*,*,*,*,*,*,*,*,*,*,*,*,*,*,*,*,*,*,1,1,*,*,*,*,*,*,*,*,*,*,*,*,*,*,*
533711453,0,,,33,17,16,1,1,0,32,16,16,21,12,9,32,16,16,32,16,16,11,4,7,7,4,3,3,1,2,0,0,0,0,0,0,10,10,2,2,2,1,1,2,0,8,5,3,0,7,0,1,1
533711464,2,533711561,,11,5,6,*,*,*,*,*,*,*,*,*,*,*,*,*,*,*,*,*,*,*,*,*,*,*,*,*,*,*,*,*,*,3,3,*,*,*,*,*,*,*,*,*,*,*,*,*,*,*
533711472,0,,,11,6,5,1,1,0,10,5,5,6,3,3,10,5,5,10,5,5,4,2,2,2,1,1,0,0,0,0,0,0,0,0,0,5,5,1,2,2,0,0,0,0,4,4,0,1,2,0,0,2
533711481,2,533711383,,3,1,2,*,*,*,*,*,*,*,*,*,*,*,*,*,*,*,*,*,*,*,*,*,*,*,*,*,*,*,*,*,*,1,1,*,*,*,*,*,*,*,*,*,*,*,*,*,*,*
533711491,2,533711494,,7,3,4,*,*,*,*,*,*,*,*,*,*,*,*,*,*,*,*,*,*,*,*,*,*,*,*,*,*,*,*,*,*,3,3,*,*,*,*,*,*,*,*,*,*,*,*,*,*,*
533711492,2,533711494,,2,1,1,*,*,*,*,*,*,*,*,*,*,*,*,*,*,*,*,*,*,*,*,*,*,*,*,*,*,*,*,*,*,1,1,*,*,*,*,*,*,*,*,*,*,*,*,*,*,*
533711494,1,,533711491;533711492,3,2,1,0,0,0,12,6,6,2,1,1,12,6,6,12,6,6,10,5,5,8,4,4,1,0,1,1,0,1,0,0,0,1,1,1,2,1,1,0,0,0,4,3,1,0,5,0,1,2
533711503,2,533711601,,9,5,4,*,*,*,*,*,*,*,*,*,*,*,*,*,*,*,*,*,*,*,*,*,*,*,*,*,*,*,*,*,*,2,2,*,*,*,*,*,*,*,*,*,*,*,*,*,*,*
533711534,2,533711631,,2,1,1,*,*,*,*,*,*,*,*,*,*,*,*,*,*,*,*,*,*,*,*,*,*,*,*,*,*,*,*,*,*,2,2,*,*,*,*,*,*,*,*,*,*,*,*,*,*,*
533711552,1,,533711553,24,11,13,4,3,1,22,9,13,15,6,9,20,8,12,19,8,11,7,3,4,4,2,2,2,1,1,0,0,0,1,0,1,6,6,1,1,1,3,0,0,1,6,4,2,1,5,0,1,1
533711553,2,533711552,,2,1,1,*,*,*,*,*,*,*,*,*,*,*,*,*,*,*,*,*,*,*,*,*,*,*,*,*,*,*,*,*,*,1,1,*,*,*,*,*,*,*,*,*,*,*,*,*,*,*
533711561,1,,533711464,17,8,9,2,1,1,26,12,14,15,8,7,26,12,14,26,12,14,11,4,7,4,1,3,2,1,1,0,0,0,0,0,0,5,5,0,3,2,1,1,0,1,8,5,3,2,8,0,0,2
533711572,0,,,31,14,17,3,3,0,28,11,17,15,6,9,28,11,17,28,11,17,13,5,8,9,4,5,2,1,1,0,0,0,0,0,0,13,13,3,6,2,0,2,0,0,10,6,4,1,9,0,3,3
533711593,2,533711691,,7,3,4,*,*,*,*,*,*,*,*,*,*,*,*,*,*,*,*,*,*,*,*,*,*,*,*,*,*,*,*,*,*,3,3,*,*,*,*,*,*,*,*,*,*,*,*,*,*,*
533711601,1,,533711503,346,165,181,34,19,15,317,150,167,199,98,101,308,145,163,300,145,155,118,52,66,70,30,40,19,8,11,2,0,2,9,5,4,141,141,38,40,37,19,6,2,1,104,83,21,10,78,0,18,19
533711602,0,,,119,59,60,15,8,7,104,51,53,75,40,35,95,45,50,92,42,50,29,11,18,12,5,7,4,1,3,0,0,0,0,0,0,41,41,8,12,8,7,3,1,2,33,27,6,2,22,0,7,5
533711603,0,,,262,109,153,36,20,16,226,89,137,114,56,58,218,88,130,208,84,124,112,33,79,84,19,65,56,9,47,12,1,11,1,1,0,64,63,9,18,7,18,10,1,0,54,46,8,5,31,0,9,9
533711604,0,,,239,117,122,32,17,15,207,100,107,137,70,67,197,93,104,192,92,100,70,30,40,42,18,24,15,5,10,1,0,1,1,1,0,85,85,15,25,18,17,8,2,0,70,61,9,5,49,0,12,12
533711611,2,533711612,,4,2,2,*,*,*,*,*,*,*,*,*,*,*,*,*,*,*,*,*,*,*,*,*,*,*,*,*,*,*,*,*,*,3,3,*,*,*,*,*,*,*,*,*,*,*,*,*,*,*
533711612,1,,533711611,11,5,6,0,0,0,15,7,8,6,3,3,15,7,8,14,6,8,9,4,5,4,2,2,0,0,0,0,0,0,0,0,0,5,5,2,5,1,0,0,0,0,6,6,0,0,5,0,1,4
533711613,0,,,344,162,182,36,21,15,308,141,167,152,71,81,298,136,162,294,134,160,156,70,86,77,29,48,33,13,20,1,1,0,4,0,4,154,153,46,62,26,8,10,0,1,107,92,15,12,110,3,39,36
533711614,0,,,129,61,68,4,2,2,125,59,66,67,35,32,121,56,65,121,56,65,58,24,34,38,17,21,14,5,9,2,1,1,0,0,0,54,54,10,23,14,4,3,0,0,44,35,9,0,38,0,8,11
533711621,0,,,20,13,7,2,1,1,18,12,6,5,3,2,18,12,6,18,12,6,13,9,4,7,5,2,3,2,1,0,0,0,0,0,0,8,8,2,3,0,3,0,0,0,6,5,1,0,7,0,2,3
533711622,0,,,23,11,12,0,0,0,23,11,12,15,8,7,22,10,12,20,9,11,8,3,5,7,2,5,1,1,0,0,0,0,0,0,0,8,8,1,2,2,3,0,0,0,7,6,1,0,6,0,1,1
533711623,0,,,267,114,153,12,7,5,255,107,148,97,48,49,245,101,144,244,101,143,158,59,99,98,27,71,58,13,45,11,1,10,0,0,0,84,81,14,33,17,8,7,1,1,66,50,16,2,63,0,12,26
533711624,0,,,124,54,70,8,3,5,116,51,65,76,29,47,111,49,62,110,48,62,40,22,18,14,6,8,9,3,6,2,1,1,10,1,9,54,54,20,17,7,6,1,1,2,34,24,10,1,27,1,10,5
533711631,1,,533711534,36,20,16,4,3,1,34,18,16,19,12,7,34,18,16,34,18,16,15,6,9,9,3,6,2,0,2,0,0,0,0,0,0,11,11,3,2,3,3,2,0,0,10,5,5,1,11,0,3,2
533711633,0,,,21,11,10,2,1,1,19,10,9,8,5,3,19,10,9,19,10,9,11,5,6,7,3,4,1,0,1,0,0,0,0,0,0,9,9,2,5,0,1,1,0,0,7,6,1,1,7,0,1,4
533711652,0,,,22,11,11,1,1,0,21,10,11,17,8,9,18,8,10,17,7,10,4,2,2,2,0,2,1,0,1,0,0,0,0,0,0,8,8,2,2,2,0,2,0,0,6,5,1,0,4,0,0,1
533711691,1,,533711593;533711692;533711693,29,15,14,5,3,2,36,19,17,15,8,7,35,19,16,35,19,16,21,11,10,7,4,3,6,3,3,0,0,0,0,0,0,10,10,2,6,3,3,0,1,0,13,11,2,0,12,0,1,3
533711692,2,533711691,,1,1,0,*,*,*,*,*,*,*,*,*,*,*,*,*,*,*,*,*,*,*,*,*,*,*,*,*,*,*,*,*,*,1,1,*,*,*,*,*,*,*,*,*,*,*,*,*,*,*
533711693,2,533711691,,4,3,1,*,*,*,*,*,*,*,*,*,*,*,*,*,*,*,*,*,*,*,*,*,*,*,*,*,*,*,*,*,*,1,1,*,*,*,*,*,*,*,*,*,*,*,*,*,*,*
533711701,0,,,78,37,41,24,9,15,54,28,26,43,23,20,54,28,26,54,28,26,11,5,6,8,3,5,3,1,2,0,0,0,0,0,0,27,27,9,4,4,3,6,0,1,18,14,4,8,10,0,6,1
533711702,0,,,232,122,110,16,9,7,216,113,103,121,67,54,212,110,102,208,107,101,95,46,49,54,22,32,15,4,11,0,0,0,9,4,5,97,97,29,36,15,5,9,0,3,68,55,13,7,69,2,18,24
533711704,0,,,38,19,19,5,2,3,32,16,16,18,10,8,31,16,15,29,14,15,14,6,8,5,3,2,1,0,1,0,0,0,1,1,0,16,16,6,4,2,2,2,0,0,10,8,2,1,7,0,0,4
533711711,0,,,346,162,184,25,9,16,321,153,168,150,77,73,318,153,165,316,153,163,171,76,95,94,39,55,37,16,21,0,0,0,6,2,4,147,147,40,56,25,16,5,5,0,106,83,23,5,110,0,30,32
533711712,0,,,410,188,222,50,22,28,360,166,194,212,107,105,344,160,184,333,154,179,148,59,89,87,31,56,34,8,26,6,0,6,3,0,3,161,160,41,55,25,22,9,6,2,119,95,24,12,97,1,31,27
533711713,0,,,278,137,141,26,13,13,252,124,128,129,70,59,245,118,127,244,118,126,123,54,69,64,29,35,19,10,9,1,0,1,5,3,2,119,119,36,44,17,13,4,4,1,83,69,14,6,83,0,22,29
533711721,0,,,201,97,104,25,14,11,176,83,93,105,54,51,168,78,90,165,77,88,71,29,42,44,15,29,10,1,9,2,1,1,9,5,4,60,59,10,17,13,8,6,3,2,49,37,12,7,32,0,5,8
533711722,0,,,85,37,48,3,2,1,82,35,47,40,17,23,78,34,44,75,32,43,42,18,24,22,8,14,6,3,3,1,0,1,0,0,0,37,37,10,15,6,4,1,1,0,27,22,5,0,27,0,8,12
533711723,0,,,36,17,19,4,1,3,32,16,16,14,6,8,32,16,16,32,16,16,18,10,8,10,5,5,2,0,2,0,0,0,0,0,0,15,15,1,10,2,1,1,0,0,14,12,2,1,13,0,1,8
533711724,0,,,47,24,23,2,1,1,45,23,22,17,10,7,45,23,22,45,23,22,28,13,15,11,3,8,2,1,1,0,0,0,1,0,1,22,22,4,13,4,0,1,0,0,18,16,2,1,17,0,1,7
533711731,0,,,19,7,12,0,0,0,19,7,12,7,3,4,19,7,12,19,7,12,12,4,8,5,1,4,2,1,1,0,0,0,0,0,0,8,8,1,4,2,1,0,0,0,7,4,3,0,8,0,1,2
533711732,0,,,8,4,4,0,0,0,8,4,4,0,0,0,8,4,4,8,4,4,8,4,4,3,1,2,2,1,1,0,0,0,0,0,0,5,5,2,3,0,0,0,0,0,3,3,0,0,5,0,2,3
533711741,2,533711743,,8,5,3,*,*,*,*,*,*,*,*,*,*,*,*,*,*,*,*,*,*,*,*,*,*,*,*,*,*,*,*,*,*,3,3,*,*,*,*,*,*,*,*,*,*,*,*,*,*,*
533711743,1,,533711741,44,21,23,5,2,3,47,24,23,24,12,12,46,24,22,45,24,21,23,12,11,17,8,9,9,3,6,0,0,0,0,0,0,13,13,2,5,3,3,1,0,2,14,9,5,1,15,0,1,3
533711774,2,533711872,,7,5,2,*,*,*,*,*,*,*,*,*,*,*,*,*,*,*,*,*,*,*,*,*,*,*,*,*,*,*,*,*,*,2,1,*,*,*,*,*,*,*,*,*,*,*,*,*,*,*
533711783,2,533711872,,4,1,3,*,*,*,*,*,*,*,*,*,*,*,*,*,*,*,*,*,*,*,*,*,*,*,*,*,*,*,*,*,*,2,2,*,*,*,*,*,*,*,*,*,*,*,*,*,*,*
533711811,0,,,69,31,38,3,0,3,66,31,35,24,10,14,66,31,35,66,31,35,42,21,21,20,10,10,8,4,4,1,0,1,0,0,0,33,33,7,18,6,2,0,0,0,26,23,3,0,26,0,6,11
533711812,0,,,108,53,55,13,7,6,95,46,49,50,27,23,92,44,48,88,42,46,45,19,26,27,10,17,8,2,6,1,0,1,2,1,1,41,41,9,13,8,7,3,1,0,32,25,7,1,29,0,6,9
533711814,1,,533711912;533711914,76,32,44,6,3,3,75,31,44,31,14,17,74,30,44,74,30,44,44,17,27,25,10,15,6,1,5,1,0,1,0,0,0,35,35,10,20,3,4,0,1,0,27,21,6,1,32,0,10,11
533711842,2,533711844,,5,2,3,*,*,*,*,*,*,*,*,*,*,*,*,*,*,*,*,*,*,*,*,*,*,*,*,*,*,*,*,*,*,2,2,*,*,*,*,*,*,*,*,*,*,*,*,*,*,*
533711843,2,533711844,,13,8,5,*,*,*,*,*,*,*,*,*,*,*,*,*,*,*,*,*,*,*,*,*,*,*,*,*,*,*,*,*,*,3,3,*,*,*,*,*,*,*,*,*,*,*,*,*,*,*
533711844,1,,533711842;533711843,4,2,2,2,2,0,20,10,10,8,5,3,19,9,10,18,8,10,12,5,7,6,2,4,5,1,4,0,0,0,0,0,0,2,2,2,1,2,1,0,0,1,5,2,3,0,7,0,2,0
533711853,0,,,22,13,9,5,4,1,17,9,8,14,7,7,16,8,8,16,8,8,3,2,1,2,1,1,2,1,1,0,0,0,0,0,0,7,7,1,1,2,2,1,0,0,6,5,1,3,2,0,0,0
533711862,0,,,14,7,7,0,0,0,14,7,7,5,3,2,14,7,7,14,7,7,9,4,5,3,1,2,1,0,1,0,0,0,2,1,1,7,7,2,4,0,1,0,0,0,5,5,0,0,5,0,1,4
533711871,0,,,24,11,13,2,0,2,22,11,11,15,9,6,22,11,11,21,10,11,7,2,5,5,2,3,2,0,2,0,0,0,2,1,1,9,9,1,5,1,1,0,1,0,8,7,1,0,5,0,1,0
533711872,1,,533711774;533711783;533711874;533711881;533711883,28,12,16,2,1,1,92,44,48,44,22,22,91,43,48,90,43,47,48,22,26,23,8,15,10,4,6,0,0,0,0,0,0,14,14,11,7,2,1,0,0,1,11,9,2,0,22,0,11,6
533711874,2,533711872,,6,2,4,*,*,*,*,*,*,*,*,*,*,*,*,*,*,*,*,*,*,*,*,*,*,*,*,*,*,*,*,*,*,3,3,*,*,*,*,*,*,*,*,*,*,*,*,*,*,*
533711881,2,533711872,,46,24,22,*,*,*,*,*,*,*,*,*,*,*,*,*,*,*,*,*,*,*,*,*,*,*,*,*,*,*,*,*,*,1,0,*,*,*,*,*,*,*,*,*,*,*,*,*,*,*
533711883,2,533711872,,3,1,2,*,*,*,*,*,*,*,*,*,*,*,*,*,*,*,*,*,*,*,*,*,*,*,*,*,*,*,*,*,*,2,2,*,*,*,*,*,*,*,*,*,*,*,*,*,*,*
533711891,2,533711894,,3,0,3,*,*,*,*,*,*,*,*,*,*,*,*,*,*,*,*,*,*,*,*,*,*,*,*,*,*,*,*,*,*,2,2,*,*,*,*,*,*,*,*,*,*,*,*,*,*,*
533711892,2,533711894,,8,4,4,*,*,*,*,*,*,*,*,*,*,*,*,*,*,*,*,*,*,*,*,*,*,*,*,*,*,*,*,*,*,3,3,*,*,*,*,*,*,*,*,*,*,*,*,*,*,*
533711894,1,,533711891;533711892,44,17,27,2,0,2,53,21,32,17,7,10,53,21,32,53,21,32,36,14,22,18,5,13,5,0,5,1,0,1,0,0,0,21,21,11,9,1,3,1,1,0,15,11,4,0,26,0,11,7
533711912,2,533711814,,4,2,2,*,*,*,*,*,*,*,*,*,*,*,*,*,*,*,*,*,*,*,*,*,*,*,*,*,*,*,*,*,*,2,2,*,*,*,*,*,*,*,*,*,*,*,*,*,*,*
533711914,2,533711814,,1,0,1,*,*,*,*,*,*,*,*,*,*,*,*,*,*,*,*,*,*,*,*,*,*,*,*,*,*,*,*,*,*,1,1,*,*,*,*,*,*,*,*,*,*,*,*,*,*,*
533711934,0,,,11,5,6,0,0,0,11,5,6,2,0,2,11,5,6,11,5,6,9,5,4,3,1,2,1,0,1,0,0,0,0,0,0,7,7,3,4,0,0,0,0,0,4,4,0,0,7,0,3,3
533711941,2,533711943,,2,2,0,*,*,*,*,*,*,*,*,*,*,*,*,*,*,*,*,*,*,*,*,*,*,*,*,*,*,*,*,*,*,2,2,*,*,*,*,*,*,*,*,*,*,*,*,*,*,*
533711943,1,,533711941,11,6,5,2,1,1,11,7,4,5,3,2,10,6,4,10,6,4,6,4,2,3,2,1,2,1,1,0,0,0,0,0,0,2,2,2,0,0,1,0,0,1,2,0,2,0,3,0,1,0
533711951,2,533711952,,5,2,3,*,*,*,*,*,*,*,*,*,*,*,*,*,*,*,*,*,*,*,*,*,*,*,*,*,*,*,*,*,*,4,4,*,*,*,*,*,*,*,*,*,*,*,*,*,*,*
533711952,1,,533711951,15,6,9,1,0,1,19,8,11,9,4,5,19,8,11,19,8,11,10,4,6,8,2,6,4,1,3,0,0,0,0,0,0,6,6,5,2,1,2,0,0,0,5,2,3,0,7,0,3,1
533712001,2,533712003,,1,0,1,*,*,*,*,*,*,*,*,*,*,*,*,*,*,*,*,*,*,*,*,*,*,*,*,*,*,*,*,*,*,1,1,*,*,*,*,*,*,*,*,*,*,*,*,*,*,*
533712002,0,,,24,12,12,2,1,1,22,11,11,13,7,6,21,11,10,21,11,10,9,4,5,2,0,2,2,0,2,0,0,0,0,0,0,7,7,0,2,2,1,2,0,0,7,5,2,1,4,0,0,1
533712003,1,,533712001;533712101,41,23,18,2,2,0,42,22,20,25,13,12,41,22,19,41,22,19,17,9,8,8,3,5,5,1,4,0,0,0,15,10,5,19,19,10,5,4,3,0,0,0,12,7,5,1,12,2,2,2
533712021,2,533712121,,1,0,1,*,*,*,*,*,*,*,*,*,*,*,*,*,*,*,*,*,*,*,*,*,*,*,*,*,*,*,*,*,*,1,1,*,*,*,*,*,*,*,*,*,*,*,*,*,*,*
533712023,2,533712121,,1,0,1,*,*,*,*,*,*,*,*,*,*,*,*,*,*,*,*,*,*,*,*,*,*,*,*,*,*,*,*,*,*,1,1,*,*,*,*,*,*,*,*,*,*,*,*,*,*,*
533712024,2,533712121,,6,3,3,*,*,*,*,*,*,*,*,*,*,*,*,*,*,*,*,*,*,*,*,*,*,*,*,*,*,*,*,*,*,2,2,*,*,*,*,*,*,*,*,*,*,*,*,*,*,*
533712031,2,533712131,,1,1,0,*,*,*,*,*,*,*,*,*,*,*,*,*,*,*,*,*,*,*,*,*,*,*,*,*,*,*,*,*,*,1,1,*,*,*,*,*,*,*,*,*,*,*,*,*,*,*
533712034,2,533712131,,10,4,6,*,*,*,*,*,*,*,*,*,*,*,*,*,*,*,*,*,*,*,*,*,*,*,*,*,*,*,*,*,*,3,3,*,*,*,*,*,*,*,*,*,*,*,*,*,*,*
533712042,0,,,79,37,42,11,6,5,68,31,37,35,18,17,67,31,36,67,31,36,33,13,20,14,5,9,4,1,3,0,0,0,1,1,0,32,32,6,16,4,2,3,1,0,26,23,3,3,21,2,2,10
533712044,0,,,20,12,8,4,3,1,16,9,7,5,3,2,15,8,7,15,8,7,11,6,5,4,3,1,0,0,0,0,0,0,0,0,0,6,6,0,4,0,0,1,0,1,6,4,2,0,6,0,0,4
533712051,0,,,70,36,34,1,1,0,69,35,34,31,17,14,68,35,33,68,35,33,38,18,20,18,8,10,5,4,1,0,0,0,5,4,1,34,34,14,9,7,3,1,0,0,20,16,4,0,25,4,8,6
533712052,0,,,35,16,19,4,2,2,31,14,17,15,7,8,31,14,17,31,14,17,16,7,9,8,3,5,2,0,2,1,0,1,0,0,0,13,13,3,3,3,3,1,0,0,10,6,4,0,10,0,3,2
533712053,2,533712054,,4,0,4,*,*,*,*,*,*,*,*,*,*,*,*,*,*,*,*,*,*,*,*,*,*,*,*,*,*,*,*,*,*,1,1,*,*,*,*,*,*,*,*,*,*,*,*,*,*,*
533712054,1,,533712053,23,10,13,0,0,0,27,10,17,14,5,9,26,10,16,25,9,16,13,5,8,5,2,3,0,0,0,0,0,0,0,0,0,9,9,1,5,1,2,1,0,0,9,7,2,0,9,0,1,3
533712063,1,,533712071;533712074,19,10,9,0,0,0,21,11,10,14,9,5,21,11,10,21,11,10,7,2,5,1,0,1,0,0,0,0,0,0,0,0,0,9,9,4,6,0,0,0,1,0,7,6,1,0,5,0,1,1
533712071,2,533712063,,2,1,1,*,*,*,*,*,*,*,*,*,*,*,*,*,*,*,*,*,*,*,*,*,*,*,*,*,*,*,*,*,*,1,1,*,*,*,*,*,*,*,*,*,*,*,*,*,*,*
533712074,2,533712063,,1,1,0,*,*,*,*,*,*,*,*,*,*,*,*,*,*,*,*,*,*,*,*,*,*,*,*,*,*,*,*,*,*,1,1,*,*,*,*,*,*,*,*,*,*,*,*,*,*,*
533712082,0,,,30,16,14,4,2,2,26,14,12,14,9,5,24,12,12,23,11,12,12,5,7,3,1,2,1,0,1,1,0,1,0,0,0,10,10,2,3,2,1,1,0,1,8,6,2,1,7,0,1,3
533712083,2,533712084,,4,2,2,*,*,*,*,*,*,*,*,*,*,*,*,*,*,*,*,*,*,*,*,*,*,*,*,*,*,*,*,*,*,1,1,*,*,*,*,*,*,*,*,*,*,*,*,*,*,*
533712084,1,,533712083,11,5,6,3,1,2,12,6,6,8,4,4,12,6,6,12,6,6,4,2,2,2,0,2,1,0,1,0,0,0,0,0,0,4,4,1,0,2,2,0,0,0,4,3,1,2,3,0,1,0
533712091,0,,,20,9,11,3,1,2,17,8,9,9,4,5,16,7,9,16,7,9,8,4,4,5,3,2,2,1,1,0,0,0,0,0,0,7,7,1,4,0,1,0,0,1,6,4,2,0,4,0,0,1
533712092,0,,,22,12,10,0,0,0,22,12,10,17,9,8,21,11,10,19,10,9,5,3,2,1,1,0,0,0,0,0,0,0,0,0,0,8,8,2,2,2,1,0,1,0,6,5,1,0,3,0,0,1
533712093,0,,,24,14,10,4,3,1,20,11,9,17,11,6,20,11,9,19,10,9,3,0,3,3,0,3,3,0,3,0,0,0,0,0,0,7,7,1,1,1,3,0,1,0,6,4,2,1,3,1,0,0
533712094,0,,,98,47,51,11,8,3,87,39,48,53,23,30,83,37,46,81,36,45,34,16,18,14,6,8,6,3,3,0,0,0,0,0,0,35,35,3,13,9,8,2,0,0,32,28,4,3,21,0,2,11
533712101,2,533712003,,2,1,1,*,*,*,*,*,*,*,*,*,*,*,*,*,*,*,*,*,*,*,*,*,*,*,*,*,*,*,*,*,*,2,2,*,*,*,*,*,*,*,*,*,*,*,*,*,*,*
533712113,2,533712211,,2,1,1,*,*,*,*,*,*,*,*,*,*,*,*,*,*,*,*,*,*,*,*,*,*,*,*,*,*,*,*,*,*,1,1,*,*,*,*,*,*,*,*,*,*,*,*,*,*,*
533712114,2,533712211,,2,1,1,*,*,*,*,*,*,*,*,*,*,*,*,*,*,*,*,*,*,*,*,*,*,*,*,*,*,*,*,*,*,1,1,*,*,*,*,*,*,*,*,*,*,*,*,*,*,*
533712121,1,,533712021;533712023;533712024,7,3,4,0,0,0,15,6,9,10,5,5,15,6,9,14,5,9,5,1,4,3,1,2,1,0,1,0,0,0,0,0,0,4,4,3,3,2,0,0,0,0,5,5,0,0,4,0,2,0
533712122,1,,533712124,21,9,12,5,2,3,239,120,119,60,34,26,238,120,118,237,120,117,179,86,93,107,49,58,35,14,21,2,0,2,1,0,1,5,5,0,2,1,0,2,1,0,6,4,2,2,4,0,0,2
533712123,0,,,28,14,14,1,0,1,27,14,13,15,9,6,27,14,13,27,14,13,12,5,7,8,2,6,5,2,3,0,0,0,0,0,0,11,11,1,6,2,1,1,0,0,10,6,4,1,8,0,1,1
533712124,2,533712122,,223,113,110,*,*,*,*,*,*,*,*,*,*,*,*,*,*,*,*,*,*,*,*,*,*,*,*,*,*,*,*,*,*,5,1,*,*,*,*,*,*,*,*,*,*,*,*,*,*,*
533712131,1,,533712031;533712034;533712132,1,1,0,5,3,2,12,5,7,9,5,4,12,5,7,12,5,7,3,0,3,3,0,3,1,0,1,0,0,0,0,0,0,1,1,3,1,1,1,1,0,0,4,3,1,2,3,0,1,0
533712132,2,533712131,,5,2,3,*,*,*,*,*,*,*,*,*,*,*,*,*,*,*,*,*,*,*,*,*,*,*,*,*,*,*,*,*,*,2,2,*,*,*,*,*,*,*,*,*,*,*,*,*,*,*
533712133,0,,,19,8,11,0,0,0,19,8,11,5,2,3,19,8,11,19,8,11,14,6,8,7,3,4,4,1,3,0,0,0,0,0,0,9,9,3,2,4,0,0,0,0,6,5,1,0,7,1,1,2
533712134,0,,,42,18,24,1,0,1,41,18,23,16,6,10,41,18,23,41,18,23,25,12,13,10,4,6,2,0,2,0,0,0,0,0,0,22,22,5,14,3,0,0,0,0,17,15,2,0,18,0,2,10
533712143,0,,,11,5,6,0,0,0,11,5,6,4,2,2,11,5,6,11,5,6,7,3,4,5,2,3,1,0,1,0,0,0,0,0,0,6,6,3,1,2,0,0,0,0,3,3,0,0,5,0,2,1
533712154,2,533712161,,2,0,2,*,*,*,*,*,*,*,*,*,*,*,*,*,*,*,*,*,*,*,*,*,*,*,*,*,*,*,*,*,*,1,1,*,*,*,*,*,*,*,*,*,*,*,*,*,*,*
533712161,1,,533712154,30,15,15,3,2,1,29,13,16,17,9,8,27,12,15,26,11,15,12,4,8,7,2,5,1,0,1,0,0,0,0,0,0,13,13,4,5,4,0,0,1,0,10,8,2,2,8,0,2,3
533712162,0,,,47,25,22,6,4,2,41,21,20,19,12,7,39,20,19,38,20,18,22,9,13,7,1,6,4,0,4,0,0,0,0,0,0,17,17,3,8,4,0,0,1,1,13,10,3,1,14,0,2,5
533712163,0,,,44,18,26,4,2,2,40,16,24,25,10,15,38,15,23,37,15,22,15,6,9,7,3,4,1,1,0,0,0,0,0,0,0,21,21,8,8,1,3,1,0,0,12,9,3,2,11,0,5,3
533712164,0,,,74,34,40,15,8,7,59,26,33,38,17,21,57,26,31,54,26,28,21,9,12,10,2,8,2,0,2,1,0,1,0,0,0,26,26,6,4,8,4,4,0,0,20,17,3,4,15,0,6,1
533712173,0,,,91,43,48,9,5,4,82,38,44,49,24,25,81,37,44,80,36,44,33,14,19,17,5,12,7,2,5,0,0,0,0,0,0,32,32,5,7,11,6,3,0,0,26,17,9,2,23,0,5,2
533712174,0,,,72,36,36,6,5,1,66,31,35,34,18,16,65,31,34,63,31,32,32,13,19,19,7,12,5,2,3,0,0,0,0,0,0,26,26,4,11,6,1,2,1,1,22,19,3,1,21,0,3,5
533712181,2,533712182,,2,2,0,*,*,*,*,*,*,*,*,*,*,*,*,*,*,*,*,*,*,*,*,*,*,*,*,*,*,*,*,*,*,2,2,*,*,*,*,*,*,*,*,*,*,*,*,*,*,*
533712182,1,,533712181,26,12,14,11,6,5,17,8,9,14,7,7,17,8,9,17,8,9,3,1,2,1,0,1,1,0,1,1,0,1,0,0,0,7,7,2,2,0,4,0,1,0,7,6,1,3,2,0,0,0
533712184,0,,,12,6,6,2,1,1,10,5,5,4,2,2,10,5,5,10,5,5,6,3,3,1,1,0,0,0,0,0,0,0,0,0,0,4,4,0,3,0,0,0,1,0,4,3,1,1,3,0,0,2
533712191,2,533712192,,7,4,3,*,*,*,*,*,*,*,*,*,*,*,*,*,*,*,*,*,*,*,*,*,*,*,*,*,*,*,*,*,*,3,3,*,*,*,*,*,*,*,*,*,*,*,*,*,*,*
533712192,1,,533712191,30,17,13,1,0,1,36,21,15,25,15,10,35,20,15,33,19,14,11,6,5,9,4,5,1,1,0,0,0,0,0,0,0,11,11,3,2,7,1,1,0,0,11,6,5,1,8,0,0,0
533712193,2,533712194,,2,0,2,*,*,*,*,*,*,*,*,*,*,*,*,*,*,*,*,*,*,*,*,*,*,*,*,*,*,*,*,*,*,1,1,*,*,*,*,*,*,*,*,*,*,*,*,*,*,*
533712194,1,,533712193,51,27,24,1,1,0,52,26,26,35,19,16,52,26,26,51,25,26,17,7,10,9,4,5,2,0,2,0,0,0,0,0,0,21,21,4,7,9,2,0,0,0,18,17,1,1,11,0,3,3
533712201,2,533712203,,8,3,5,*,*,*,*,*,*,*,*,*,*,*,*,*,*,*,*,*,*,*,*,*,*,*,*,*,*,*,*,*,*,2,2,*,*,*,*,*,*,*,*,*,*,*,*,*,*,*
533712203,1,,533712201;533712204,17,10,7,1,1,0,30,16,14,21,11,10,30,16,14,29,15,14,9,5,4,3,1,2,2,0,2,0,0,0,0,0,0,6,6,2,5,2,2,1,0,0,10,8,2,0,7,0,2,2
533712204,2,533712203,,6,4,2,*,*,*,*,*,*,*,*,*,*,*,*,*,*,*,*,*,*,*,*,*,*,*,*,*,*,*,*,*,*,4,4,*,*,*,*,*,*,*,*,*,*,*,*,*,*,*
533712211,1,,533712113;533712114;533712214,16,8,8,2,1,1,27,13,14,12,6,6,27,13,14,27,13,14,15,7,8,7,3,4,2,0,2,1,0,1,2,1,1,4,4,0,3,3,2,0,1,0,9,5,4,1,8,0,0,1
533712214,2,533712211,,9,4,5,*,*,*,*,*,*,*,*,*,*,*,*,*,*,*,*,*,*,*,*,*,*,*,*,*,*,*,*,*,*,3,3,*,*,*,*,*,*,*,*,*,*,*,*,*,*,*
533712221,2,533712223,,7,4,3,*,*,*,*,*,*,*,*,*,*,*,*,*,*,*,*,*,*,*,*,*,*,*,*,*,*,*,*,*,*,3,3,*,*,*,*,*,*,*,*,*,*,*,*,*,*,*
533712223,1,,533712221;533712321,13,8,5,1,1,0,20,11,9,5,4,1,19,10,9,19,10,9,15,7,8,10,5,5,1,1,0,0,0,0,0,0,0,6,6,2,6,1,1,0,0,0,8,8,0,0,8,0,1,6
533712232,1,,533712234;533712243,55,26,29,8,5,3,63,28,35,30,13,17,63,28,35,62,28,34,33,15,18,13,5,8,5,1,4,0,0,0,0,0,0,22,22,5,12,5,4,1,1,0,23,21,2,4,20,1,4,8
533712234,2,533712232,,8,3,5,*,*,*,*,*,*,*,*,*,*,*,*,*,*,*,*,*,*,*,*,*,*,*,*,*,*,*,*,*,*,2,2,*,*,*,*,*,*,*,*,*,*,*,*,*,*,*
533712243,2,533712232,,8,4,4,*,*,*,*,*,*,*,*,*,*,*,*,*,*,*,*,*,*,*,*,*,*,*,*,*,*,*,*,*,*,4,4,*,*,*,*,*,*,*,*,*,*,*,*,*,*,*
533712251,2,533712252,,2,0,2,*,*,*,*,*,*,*,*,*,*,*,*,*,*,*,*,*,*,*,*,*,*,*,*,*,*,*,*,*,*,1,1,*,*,*,*,*,*,*,*,*,*,*,*,*,*,*
533712252,1,,533712251;533712253;533712254,12,6,6,3,3,0,19,8,11,7,2,5,19,8,11,19,8,11,12,6,6,4,1,3,2,0,2,0,0,0,0,0,0,5,5,3,4,1,2,0,0,0,7,4,3,0,7,0,2,2
533712253,2,533712252,,1,0,1,*,*,*,*,*,*,*,*,*,*,*,*,*,*,*,*,*,*,*,*,*,*,*,*,*,*,*,*,*,*,1,1,*,*,*,*,*,*,*,*,*,*,*,*,*,*,*
533712254,2,533712252,,7,5,2,*,*,*,*,*,*,*,*,*,*,*,*,*,*,*,*,*,*,*,*,*,*,*,*,*,*,*,*,*,*,3,3,*,*,*,*,*,*,*,*,*,*,*,*,*,*,*
533712261,0,,,49,23,26,4,2,2,45,21,24,31,14,17,45,21,24,44,21,23,14,7,7,9,3,6,6,3,3,1,1,0,0,0,0,16,16,3,6,0,3,3,0,1,13,8,5,1,9,0,2,1
533712262,0,,,86,44,42,8,6,2,78,38,40,54,25,29,76,38,38,73,37,36,24,13,11,12,4,8,2,1,1,0,0,0,1,0,1,33,33,4,15,6,6,2,0,0,29,25,4,2,17,0,2,7
533712263,2,533712264,,2,1,1,*,*,*,*,*,*,*,*,*,*,*,*,*,*,*,*,*,*,*,*,*,*,*,*,*,*,*,*,*,*,1,1,*,*,*,*,*,*,*,*,*,*,*,*,*,*,*
533712264,1,,533712263,261,128,133,52,29,23,211,100,111,150,75,75,199,94,105,194,93,101,61,25,36,39,13,26,23,8,15,3,0,3,3,1,2,99,99,28,20,24,18,9,1,0,72,66,6,16,47,0,25,9
533712271,0,,,200,103,97,19,14,5,181,89,92,110,57,53,171,86,85,167,84,83,71,32,39,34,13,21,8,2,6,1,0,1,0,0,0,73,73,14,24,12,16,4,3,0,59,43,16,5,45,0,8,10
533712272,0,,,285,140,145,43,22,21,242,118,124,143,75,68,234,116,118,228,112,116,99,43,56,54,23,31,11,4,7,0,0,0,0,0,0,101,101,16,36,18,17,9,5,0,84,65,19,6,64,0,11,19
533712273,0,,,51,26,25,12,6,6,39,20,19,21,11,10,39,20,19,39,20,19,18,9,9,11,4,7,4,1,3,0,0,0,0,0,0,18,18,5,6,2,1,2,1,1,12,9,3,2,12,0,3,2
533712274,0,,,197,96,101,29,15,14,162,77,85,104,49,55,158,76,82,154,74,80,58,28,30,33,16,17,12,5,7,1,0,1,1,1,0,75,75,15,27,13,12,7,1,0,59,51,8,7,36,1,8,14
533712281,0,,,111,54,57,11,5,6,100,49,51,61,32,29,97,47,50,95,46,49,39,17,22,23,11,12,11,6,5,0,0,0,0,0,0,37,37,3,15,10,4,2,1,2,34,26,8,3,26,0,2,7
533712282,0,,,15,8,7,1,1,0,14,7,7,9,5,4,13,6,7,13,6,7,5,2,3,4,1,3,1,0,1,0,0,0,0,0,0,5,5,1,2,1,0,0,0,1,4,2,2,0,4,0,1,0
533712283,0,,,28,19,9,2,2,0,26,17,9,14,10,4,26,17,9,26,17,9,12,7,5,7,4,3,2,1,1,0,0,0,0,0,0,11,11,2,5,2,1,0,1,0,8,7,1,1,9,0,1,3
533712284,0,,,282,127,155,20,12,8,262,115,147,192,86,106,253,111,142,244,107,137,70,29,41,35,14,21,12,4,8,1,0,1,69,21,48,140,139,83,17,14,16,5,1,3,55,33,22,2,43,67,3,10
533712291,0,,,110,48,62,16,8,8,94,40,54,66,28,38,90,39,51,88,38,50,28,12,16,17,7,10,4,2,2,0,0,0,10,0,10,43,43,15,12,4,6,3,1,2,28,19,9,5,19,9,4,5
533712293,1,,533712294,97,43,54,12,8,4,86,36,50,57,23,34,77,30,47,74,30,44,29,13,16,15,7,8,2,1,1,0,0,0,14,0,14,42,42,22,6,5,4,4,1,1,20,13,7,1,19,12,5,4
533712294,2,533712293,,1,1,0,*,*,*,*,*,*,*,*,*,*,*,*,*,*,*,*,*,*,*,*,*,*,*,*,*,*,*,*,*,*,1,1,*,*,*,*,*,*,*,*,*,*,*,*,*,*,*
533712302,2,533712311,,11,3,8,*,*,*,*,*,*,*,*,*,*,*,*,*,*,*,*,*,*,*,*,*,*,*,*,*,*,*,*,*,*,5,5,*,*,*,*,*,*,*,*,*,*,*,*,*,*,*
533712311,1,,533712302,9,6,3,0,0,0,20,9,11,9,4,5,20,9,11,19,9,10,11,5,6,5,1,4,1,0,1,0,0,0,0,0,0,6,6,5,5,0,0,1,0,0,6,6,0,0,10,0,5,1
533712312,0,,,9,5,4,0,0,0,9,5,4,5,2,3,9,5,4,9,5,4,4,3,1,0,0,0,0,0,0,0,0,0,0,0,0,4,4,0,3,1,0,0,0,0,4,4,0,0,3,0,0,2
533712321,2,533712223,,1,0,1,*,*,*,*,*,*,*,*,*,*,*,*,*,*,*,*,*,*,*,*,*,*,*,*,*,*,*,*,*,*,1,1,*,*,*,*,*,*,*,*,*,*,*,*,*,*,*
533712331,2,533712333,,5,2,3,*,*,*,*,*,*,*,*,*,*,*,*,*,*,*,*,*,*,*,*,*,*,*,*,*,*,*,*,*,*,2,2,*,*,*,*,*,*,*,*,*,*,*,*,*,*,*
533712332,0,,,30,15,15,4,1,3,26,14,12,15,9,6,25,13,12,24,12,12,11,5,6,9,4,5,2,0,2,0,0,0,0,0,0,10,10,0,4,3,2,1,0,0,10,8,2,1,6,0,0,1
533712333,1,,533712331,8,5,3,2,0,2,11,7,4,8,5,3,11,7,4,10,6,4,3,2,1,0,0,0,0,0,0,0,0,0,0,0,0,2,2,0,1,1,2,0,0,0,4,4,0,0,2,0,0,1
533712334,0,,,21,10,11,1,0,1,20,10,10,12,7,5,19,9,10,18,9,9,8,3,5,3,0,3,1,0,1,0,0,0,0,0,0,10,10,4,3,2,0,1,0,0,6,6,0,0,7,0,3,1
533712341,1,,533712343,16,6,10,2,1,1,16,6,10,13,5,8,15,6,9,15,6,9,3,1,2,3,1,2,2,1,1,0,0,0,0,0,0,6,6,2,1,2,2,0,0,0,5,5,0,1,3,0,2,0
533712343,2,533712341,,2,1,1,*,*,*,*,*,*,*,*,*,*,*,*,*,*,*,*,*,*,*,*,*,*,*,*,*,*,*,*,*,*,1,1,*,*,*,*,*,*,*,*,*,*,*,*,*,*,*
533712351,2,533712354,,7,4,3,*,*,*,*,*,*,*,*,*,*,*,*,*,*,*,*,*,*,*,*,*,*,*,*,*,*,*,*,*,*,2,2,*,*,*,*,*,*,*,*,*,*,*,*,*,*,*
533712354,1,,533712351,23,12,11,0,0,0,30,16,14,18,11,7,30,16,14,30,16,14,12,5,7,9,4,5,4,2,2,0,0,0,0,0,0,7,7,0,3,3,2,0,0,1,8,5,3,0,6,0,0,1
533712362,0,,,20,11,9,1,1,0,19,10,9,14,8,6,18,9,9,18,9,9,5,2,3,1,0,1,1,0,1,0,0,0,0,0,0,7,7,0,3,2,2,0,0,0,7,6,1,0,3,0,0,2
533712363,2,533712364,,8,4,4,*,*,*,*,*,*,*,*,*,*,*,*,*,*,*,*,*,*,*,*,*,*,*,*,*,*,*,*,*,*,3,3,*,*,*,*,*,*,*,*,*,*,*,*,*,*,*
533712364,1,,533712363,54,23,31,11,6,5,51,21,30,32,15,17,51,21,30,51,21,30,19,6,13,9,1,8,5,0,5,1,0,1,0,0,0,17,17,5,2,6,3,1,3,0,15,8,7,1,13,0,4,0
533712371,0,,,49,22,27,6,3,3,43,19,24,22,11,11,43,19,24,43,19,24,21,8,13,4,1,3,1,0,1,0,0,0,0,0,0,19,19,4,7,5,0,2,1,0,15,11,4,3,14,0,3,3
533712373,0,,,21,10,11,2,1,1,19,9,10,11,6,5,19,9,10,19,9,10,8,3,5,5,2,3,1,0,1,0,0,0,0,0,0,7,7,0,2,3,2,0,0,0,7,4,3,0,6,0,0,1
533712382,0,,,30,11,19,3,0,3,27,11,16,17,8,9,26,10,16,26,10,16,10,3,7,6,2,4,0,0,0,0,0,0,0,0,0,13,13,4,5,1,2,1,0,0,9,7,2,0,7,1,3,2
533712383,0,,,12,6,6,0,0,0,12,6,6,5,2,3,12,6,6,12,6,6,7,4,3,3,2,1,1,1,0,0,0,0,0,0,0,5,5,0,4,0,1,0,0,0,5,5,0,0,4,0,0,3
533712384,0,,,72,35,37,6,2,4,65,32,33,39,23,16,64,31,33,62,29,33,26,9,17,11,3,8,5,1,4,1,0,1,1,1,0,23,23,4,6,4,4,3,1,1,19,7,12,1,17,0,2,2
533712391,1,,533712392,28,16,12,3,3,0,28,15,13,16,9,7,28,15,13,28,15,13,12,6,6,8,5,3,0,0,0,0,0,0,0,0,0,11,11,2,5,4,0,0,0,1,9,8,1,1,8,0,2,2
533712392,2,533712391,,3,2,1,*,*,*,*,*,*,*,*,*,*,*,*,*,*,*,*,*,*,*,*,*,*,*,*,*,*,*,*,*,*,1,1,*,*,*,*,*,*,*,*,*,*,*,*,*,*,*
533712393,2,533712394,,5,3,2,*,*,*,*,*,*,*,*,*,*,*,*,*,*,*,*,*,*,*,*,*,*,*,*,*,*,*,*,*,*,2,2,*,*,*,*,*,*,*,*,*,*,*,*,*,*,*
533712394,1,,533712393,23,11,12,2,0,2,26,14,12,18,9,9,25,14,11,25,14,11,8,5,3,3,2,1,0,0,0,0,0,0,0,0,0,8,8,1,4,2,2,1,0,0,9,8,1,2,5,0,1,3
533712401,2,533712403,,10,6,4,*,*,*,*,*,*,*,*,*,*,*,*,*,*,*,*,*,*,*,*,*,*,*,*,*,*,*,*,*,*,3,3,*,*,*,*,*,*,*,*,*,*,*,*,*,*,*
533712403,1,,533712401,4,3,1,2,2,0,12,7,5,7,4,3,12,7,5,12,7,5,5,3,2,3,1,2,0,0,0,0,0,0,0,0,0,2,2,2,0,2,0,0,1,0,3,2,1,0,4,0,1,0
533712423,2,533712512,,9,5,4,*,*,*,*,*,*,*,*,*,*,*,*,*,*,*,*,*,*,*,*,*,*,*,*,*,*,*,*,*,*,3,3,*,*,*,*,*,*,*,*,*,*,*,*,*,*,*
533712444,2,533712453,,6,3,3,*,*,*,*,*,*,*,*,*,*,*,*,*,*,*,*,*,*,*,*,*,*,*,*,*,*,*,*,*,*,4,4,*,*,*,*,*,*,*,*,*,*,*,*,*,*,*
533712451,0,,,91,44,47,9,5,4,82,39,43,42,22,20,78,36,42,75,35,40,40,17,23,21,9,12,7,4,3,1,0,1,1,0,1,31,31,2,12,8,5,3,1,0,29,22,7,1,23,0,2,9
533712452,0,,,44,22,22,6,4,2,38,18,20,25,10,15,37,18,19,37,18,19,13,8,5,5,3,2,1,1,0,0,0,0,2,1,1,16,16,2,6,3,4,1,0,0,14,13,1,3,9,0,1,3
533712453,1,,533712444,106,50,56,10,3,7,102,50,52,53,29,24,101,49,52,100,48,52,49,21,28,25,11,14,6,2,4,1,0,1,0,0,0,35,35,5,14,7,9,2,2,0,33,24,9,2,31,0,5,10
533712454,0,,,96,46,50,11,6,5,85,40,45,44,24,20,84,40,44,83,40,43,41,16,25,24,9,15,8,2,6,0,0,0,0,0,0,34,34,5,14,7,2,4,0,2,29,20,9,2,26,0,4,8
533712461,1,,533712464,37,22,15,2,0,2,38,23,15,22,15,7,38,23,15,38,23,15,16,8,8,10,6,4,3,2,1,1,0,1,8,8,0,23,23,13,6,5,0,0,0,0,11,10,1,1,9,6,2,5
533712462,0,,,40,20,20,5,4,1,35,16,19,16,9,7,34,16,18,33,16,17,19,7,12,9,5,4,3,2,1,0,0,0,0,0,0,16,16,4,7,1,2,1,1,0,12,11,1,0,13,0,4,4
533712463,0,,,23,12,11,1,1,0,22,11,11,10,7,3,21,10,11,21,10,11,12,4,8,6,3,3,2,1,1,0,0,0,0,0,0,10,10,0,7,3,0,0,0,0,10,10,0,0,8,0,0,3
533712464,2,533712461,,3,1,2,*,*,*,*,*,*,*,*,*,*,*,*,*,*,*,*,*,*,*,*,*,*,*,*,*,*,*,*,*,*,1,1,*,*,*,*,*,*,*,*,*,*,*,*,*,*,*
533712484,0,,,24,12,12,0,0,0,24,12,12,11,7,4,24,12,12,24,12,12,13,5,8,10,3,7,1,0,1,0,0,0,0,0,0,10,10,4,2,2,1,0,1,0,6,4,2,0,9,0,3,1
533712491,1,,533712492;533712493;533712494,10,6,4,3,1,2,32,19,13,19,11,8,31,18,13,29,16,13,13,8,5,8,5,3,4,3,1,0,0,0,0,0,0,2,2,0,5,3,0,2,1,0,11,8,3,0,7,0,0,2
533712492,2,533712491,,9,6,3,*,*,*,*,*,*,*,*,*,*,*,*,*,*,*,*,*,*,*,*,*,*,*,*,*,*,*,*,*,*,4,4,*,*,*,*,*,*,*,*,*,*,*,*,*,*,*
533712493,2,533712491,,14,7,7,*,*,*,*,*,*,*,*,*,*,*,*,*,*,*,*,*,*,*,*,*,*,*,*,*,*,*,*,*,*,4,4,*,*,*,*,*,*,*,*,*,*,*,*,*,*,*
533712494,2,533712491,,2,1,1,*,*,*,*,*,*,*,*,*,*,*,*,*,*,*,*,*,*,*,*,*,*,*,*,*,*,*,*,*,*,1,1,*,*,*,*,*,*,*,*,*,*,*,*,*,*,*
533712512,1,,533712423,3,1,2,1,1,0,11,5,6,4,1,3,10,5,5,10,5,5,7,4,3,6,3,3,2,1,1,0,0,0,0,0,0,1,1,0,1,2,1,0,0,0,4,4,0,0,3,0,0,1
533712521,1,,533712522,10,4,6,0,0,0,17,8,9,2,2,0,17,8,9,17,8,9,15,6,9,8,5,3,3,1,2,0,0,0,1,1,0,7,7,6,4,1,0,0,0,0,5,5,0,0,10,1,5,4
533712522,2,533712521,,7,4,3,*,*,*,*,*,*,*,*,*,*,*,*,*,*,*,*,*,*,*,*,*,*,*,*,*,*,*,*,*,*,4,4,*,*,*,*,*,*,*,*,*,*,*,*,*,*,*
533712524,1,,533712622,15,7,8,1,1,0,20,10,10,8,7,1,20,10,10,20,10,10,12,3,9,5,2,3,1,0,1,0,0,0,2,2,0,8,8,6,4,1,1,0,0,0,6,5,1,0,8,2,2,3
533712531,2,533712534,,5,2,3,*,*,*,*,*,*,*,*,*,*,*,*,*,*,*,*,*,*,*,*,*,*,*,*,*,*,*,*,*,*,3,3,*,*,*,*,*,*,*,*,*,*,*,*,*,*,*
533712533,2,533712534,,2,1,1,*,*,*,*,*,*,*,*,*,*,*,*,*,*,*,*,*,*,*,*,*,*,*,*,*,*,*,*,*,*,1,1,*,*,*,*,*,*,*,*,*,*,*,*,*,*,*
533712534,1,,533712531;533712533,4,3,1,0,0,0,11,6,5,3,2,1,11,6,5,11,6,5,8,4,4,3,0,3,2,0,2,0,0,0,0,0,0,2,2,2,3,1,0,0,0,0,4,3,1,0,6,0,2,2
533712544,2,533712642,,9,4,5,*,*,*,*,*,*,*,*,*,*,*,*,*,*,*,*,*,*,*,*,*,*,*,*,*,*,*,*,*,*,3,3,*,*,*,*,*,*,*,*,*,*,*,*,*,*,*
533712551,1,,533712552;533712553,51,29,22,8,5,3,47,26,21,30,16,14,46,26,20,44,24,20,17,10,7,8,4,4,4,2,2,0,0,0,0,0,0,16,16,6,2,2,3,0,3,1,11,5,6,0,11,0,3,2
533712552,2,533712551,,2,1,1,*,*,*,*,*,*,*,*,*,*,*,*,*,*,*,*,*,*,*,*,*,*,*,*,*,*,*,*,*,*,1,0,*,*,*,*,*,*,*,*,*,*,*,*,*,*,*
533712553,2,533712551,,2,1,1,*,*,*,*,*,*,*,*,*,*,*,*,*,*,*,*,*,*,*,*,*,*,*,*,*,*,*,*,*,*,1,1,*,*,*,*,*,*,*,*,*,*,*,*,*,*,*
533712554,0,,,16,8,8,1,1,0,15,7,8,11,5,6,13,6,7,12,6,6,4,2,2,2,1,1,1,0,1,0,0,0,0,0,0,5,5,0,2,1,1,1,0,0,5,4,1,0,3,0,0,0
533712561,0,,,22,10,12,1,0,1,21,10,11,10,5,5,21,10,11,21,10,11,11,5,6,2,0,2,2,0,2,0,0,0,0,0,0,7,7,0,3,2,1,0,1,0,7,4,3,0,6,0,0,2
533712562,1,,533712564,34,18,16,7,3,4,40,21,19,25,14,11,39,21,18,39,21,18,15,7,8,7,3,4,3,1,2,0,0,0,0,0,0,14,14,4,4,5,3,0,0,1,13,11,2,3,10,0,3,3
533712563,0,,,24,12,12,7,4,3,17,8,9,9,5,4,17,8,9,17,8,9,8,3,5,4,1,3,3,0,3,1,0,1,0,0,0,8,8,1,2,3,1,0,1,0,7,5,2,1,5,0,1,0
533712564,2,533712562,,13,6,7,*,*,*,*,*,*,*,*,*,*,*,*,*,*,*,*,*,*,*,*,*,*,*,*,*,*,*,*,*,*,3,3,*,*,*,*,*,*,*,*,*,*,*,*,*,*,*
533712571,2,533712572,,3,2,1,*,*,*,*,*,*,*,*,*,*,*,*,*,*,*,*,*,*,*,*,*,*,*,*,*,*,*,*,*,*,1,1,*,*,*,*,*,*,*,*,*,*,*,*,*,*,*
533712572,1,,533712571;533712574,32,16,16,2,2,0,38,18,20,18,11,7,37,17,20,36,16,20,20,7,13,13,6,7,4,1,3,0,0,0,0,0,0,14,14,6,5,4,3,0,0,0,12,10,2,0,12,0,4,2
533712573,0,,,31,15,16,2,1,1,29,14,15,8,4,4,29,14,15,29,14,15,21,10,11,9,4,5,5,1,4,0,0,0,0,0,0,11,11,1,6,1,1,1,1,0,10,6,4,1,10,0,1,5
533712574,2,533712572,,5,2,3,*,*,*,*,*,*,*,*,*,*,*,*,*,*,*,*,*,*,*,*,*,*,*,*,*,*,*,*,*,*,3,3,*,*,*,*,*,*,*,*,*,*,*,*,*,*,*
533712581,2,533712582,,10,4,6,*,*,*,*,*,*,*,*,*,*,*,*,*,*,*,*,*,*,*,*,*,*,*,*,*,*,*,*,*,*,2,2,*,*,*,*,*,*,*,*,*,*,*,*,*,*,*
533712582,1,,533712581,34,14,20,2,1,1,42,17,25,20,7,13,40,16,24,39,16,23,22,10,12,6,2,4,4,1,3,0,0,0,0,0,0,11,11,2,4,1,3,2,0,1,11,6,5,1,11,0,2,2
533712583,2,533712584,,7,4,3,*,*,*,*,*,*,*,*,*,*,*,*,*,*,*,*,*,*,*,*,*,*,*,*,*,*,*,*,*,*,4,4,*,*,*,*,*,*,*,*,*,*,*,*,*,*,*
533712584,1,,533712583,12,5,7,0,0,0,19,9,10,8,5,3,18,8,10,17,8,9,11,4,7,6,3,3,1,0,1,1,0,1,0,0,0,4,4,2,4,1,0,0,1,0,6,5,1,0,6,0,1,2
533712591,1,,533712592;533712593;533712594,21,11,10,4,3,1,32,14,18,13,6,7,32,14,18,32,14,18,19,8,11,10,4,6,4,2,2,1,0,1,0,0,0,6,6,0,3,1,4,1,1,0,10,7,3,2,9,0,0,3
533712592,2,533712591,,6,3,3,*,*,*,*,*,*,*,*,*,*,*,*,*,*,*,*,*,*,*,*,*,*,*,*,*,*,*,*,*,*,1,1,*,*,*,*,*,*,*,*,*,*,*,*,*,*,*
533712593,2,533712591,,3,1,2,*,*,*,*,*,*,*,*,*,*,*,*,*,*,*,*,*,*,*,*,*,*,*,*,*,*,*,*,*,*,1,1,*,*,*,*,*,*,*,*,*,*,*,*,*,*,*
533712594,2,533712591,,6,2,4,*,*,*,*,*,*,*,*,*,*,*,*,*,*,*,*,*,*,*,*,*,*,*,*,*,*,*,*,*,*,2,2,*,*,*,*,*,*,*,*,*,*,*,*,*,*,*
533712611,2,533712614,,2,1,1,*,*,*,*,*,*,*,*,*,*,*,*,*,*,*,*,*,*,*,*,*,*,*,*,*,*,*,*,*,*,1,1,*,*,*,*,*,*,*,*,*,*,*,*,*,*,*
533712614,1,,533712611;533712703;533712704,15,5,10,1,0,1,20,8,12,7,4,3,20,8,12,20,8,12,13,4,9,10,4,6,3,1,2,1,0,1,0,0,0,6,6,1,5,2,1,0,0,0,8,6,2,1,6,0,0,3
533712622,2,533712524,,6,4,2,*,*,*,*,*,*,*,*,*,*,*,*,*,*,*,*,*,*,*,*,*,*,*,*,*,*,*,*,*,*,4,4,*,*,*,*,*,*,*,*,*,*,*,*,*,*,*
533712633,2,533712634,,3,1,2,*,*,*,*,*,*,*,*,*,*,*,*,*,*,*,*,*,*,*,*,*,*,*,*,*,*,*,*,*,*,2,2,*,*,*,*,*,*,*,*,*,*,*,*,*,*,*
533712634,1,,533712633,27,14,13,2,2,0,28,13,15,13,6,7,28,13,15,27,13,14,15,7,8,9,4,5,1,0,1,0,0,0,0,0,0,9,9,2,6,1,0,0,1,1,9,6,3,1,10,0,1,4
533712641,2,533712642,,2,1,1,*,*,*,*,*,*,*,*,*,*,*,*,*,*,*,*,*,*,*,*,*,*,*,*,*,*,*,*,*,*,1,1,*,*,*,*,*,*,*,*,*,*,*,*,*,*,*
533712642,1,,533712544;533712641,38,18,20,5,2,3,44,21,23,25,10,15,42,21,21,40,20,20,19,11,8,10,4,6,5,4,1,0,0,0,0,0,0,11,11,1,6,1,4,1,2,0,14,7,7,1,12,0,1,3
533712652,1,,533712654,18,8,10,4,2,2,16,7,9,9,5,4,16,7,9,16,7,9,7,2,5,4,1,3,3,1,2,0,0,0,0,0,0,5,5,0,3,1,1,0,0,1,6,4,2,1,4,0,0,1
533712654,2,533712652,,2,1,1,*,*,*,*,*,*,*,*,*,*,*,*,*,*,*,*,*,*,*,*,*,*,*,*,*,*,*,*,*,*,1,1,*,*,*,*,*,*,*,*,*,*,*,*,*,*,*
533712661,1,,533712662,14,8,6,2,1,1,18,11,7,16,11,5,18,11,7,18,11,7,2,0,2,2,0,2,1,0,1,0,0,0,10,8,2,10,10,9,2,1,1,0,0,0,4,4,0,0,2,6,2,0
533712662,2,533712661,,6,4,2,*,*,*,*,*,*,*,*,*,*,*,*,*,*,*,*,*,*,*,*,*,*,*,*,*,*,*,*,*,*,3,3,*,*,*,*,*,*,*,*,*,*,*,*,*,*,*
533712663,0,,,5,5,0,0,0,0,5,5,0,5,5,0,5,5,0,5,5,0,0,0,0,0,0,0,0,0,0,0,0,0,5,5,0,5,5,5,0,0,0,0,0,0,0,0,0,0,0,2,0,0
533712683,0,,,25,11,14,1,0,1,24,11,13,13,6,7,22,10,12,21,10,11,11,5,6,6,3,3,3,2,1,0,0,0,0,0,0,8,8,0,4,1,2,0,1,0,8,6,2,0,6,0,0,3
533712684,0,,,117,51,66,12,4,8,105,47,58,63,27,36,99,46,53,99,46,53,42,20,22,20,9,11,10,4,6,0,0,0,0,0,0,39,39,5,14,7,6,5,0,2,34,21,13,2,29,0,3,7
533712691,2,533712694,,2,0,2,*,*,*,*,*,*,*,*,*,*,*,*,*,*,*,*,*,*,*,*,*,*,*,*,*,*,*,*,*,*,1,1,*,*,*,*,*,*,*,*,*,*,*,*,*,*,*
533712692,2,533712694,,2,1,1,*,*,*,*,*,*,*,*,*,*,*,*,*,*,*,*,*,*,*,*,*,*,*,*,*,*,*,*,*,*,1,1,*,*,*,*,*,*,*,*,*,*,*,*,*,*,*
533712693,0,,,75,34,41,2,1,1,73,33,40,33,15,18,71,32,39,71,32,39,40,18,22,27,11,16,6,2,4,1,0,1,0,0,0,30,30,7,12,5,2,3,1,0,23,16,7,1,25,0,5,8
533712694,1,,533712691;533712692,47,22,25,5,2,3,46,21,25,26,13,13,42,20,22,41,19,22,20,8,12,11,3,8,5,1,4,0,0,0,0,0,0,16,16,4,6,0,5,3,0,0,14,9,5,0,14,0,3,3
533712703,2,533712614,,3,1,2,*,*,*,*,*,*,*,*,*,*,*,*,*,*,*,*,*,*,*,*,*,*,*,*,*,*,*,*,*,*,1,1,*,*,*,*,*,*,*,*,*,*,*,*,*,*,*
533712704,2,533712614,,1,1,0,*,*,*,*,*,*,*,*,*,*,*,*,*,*,*,*,*,*,*,*,*,*,*,*,*,*,*,*,*,*,1,1,*,*,*,*,*,*,*,*,*,*,*,*,*,*,*
533712712,1,,533712713;533712714,18,10,8,1,1,0,22,11,11,11,6,5,22,11,11,22,11,11,11,5,6,8,2,6,4,1,3,0,0,0,0,0,0,7,7,4,3,1,1,0,1,0,5,4,1,1,9,0,4,2
533712713,2,533712712,,1,0,1,*,*,*,*,*,*,*,*,*,*,*,*,*,*,*,*,*,*,*,*,*,*,*,*,*,*,*,*,*,*,1,1,*,*,*,*,*,*,*,*,*,*,*,*,*,*,*
533712714,2,533712712,,4,2,2,*,*,*,*,*,*,*,*,*,*,*,*,*,*,*,*,*,*,*,*,*,*,*,*,*,*,*,*,*,*,2,2,*,*,*,*,*,*,*,*,*,*,*,*,*,*,*
533712721,2,533712724,,1,0,1,*,*,*,*,*,*,*,*,*,*,*,*,*,*,*,*,*,*,*,*,*,*,*,*,*,*,*,*,*,*,1,1,*,*,*,*,*,*,*,*,*,*,*,*,*,*,*
533712723,2,533712724,,35,17,18,*,*,*,*,*,*,*,*,*,*,*,*,*,*,*,*,*,*,*,*,*,*,*,*,*,*,*,*,*,*,10,10,*,*,*,*,*,*,*,*,*,*,*,*,*,*,*
533712724,1,,533712721;533712723,4,1,3,7,4,3,33,14,19,20,10,10,32,14,18,30,13,17,13,4,9,9,3,6,2,0,2,0,0,0,0,0,0,3,3,4,4,0,5,0,0,1,10,8,2,0,9,0,3,2
533712731,0,,,28,9,19,0,0,0,28,9,19,13,5,8,27,9,18,27,9,18,15,4,11,10,3,7,2,0,2,0,0,0,0,0,0,11,11,4,3,1,1,1,1,0,7,4,3,0,10,0,4,1
533712732,1,,533712734,39,19,20,4,4,0,42,20,22,23,11,12,40,19,21,39,18,21,19,9,10,6,3,3,2,1,1,0,0,0,0,0,0,15,15,2,7,3,4,1,0,0,13,8,5,0,12,0,2,4
533712733,0,,,62,29,33,7,1,6,55,28,27,34,21,13,53,28,25,53,28,25,21,7,14,12,3,9,7,1,6,0,0,0,1,0,1,23,23,8,5,3,4,1,0,2,15,10,5,1,16,0,7,3
533712734,2,533712732,,7,5,2,*,*,*,*,*,*,*,*,*,*,*,*,*,*,*,*,*,*,*,*,*,*,*,*,*,*,*,*,*,*,2,2,*,*,*,*,*,*,*,*,*,*,*,*,*,*,*
533712741,0,,,15,9,6,4,3,1,11,6,5,7,3,4,11,6,5,11,6,5,4,3,1,3,2,1,2,1,1,0,0,0,0,0,0,4,4,2,1,0,0,0,0,1,2,1,1,1,3,0,2,0
533712743,0,,,21,10,11,3,1,2,18,9,9,6,3,3,18,9,9,18,9,9,12,6,6,7,3,4,4,2,2,0,0,0,0,0,0,8,8,0,6,0,1,1,0,0,7,6,1,1,6,0,0,4
533712752,0,,,25,10,15,4,2,2,21,8,13,8,3,5,21,8,13,21,8,13,13,5,8,9,2,7,6,2,4,1,0,1,0,0,0,10,10,4,2,1,2,0,1,0,6,3,3,0,9,0,4,1
533712761,2,533712763,,7,3,4,*,*,*,*,*,*,*,*,*,*,*,*,*,*,*,*,*,*,*,*,*,*,*,*,*,*,*,*,*,*,3,3,*,*,*,*,*,*,*,*,*,*,*,*,*,*,*
533712762,0,,,4,4,0,0,0,0,4,4,0,4,4,0,4,4,0,4,4,0,0,0,0,0,0,0,0,0,0,0,0,0,4,4,0,4,4,4,0,0,0,0,0,0,0,0,0,0,0,4,0,0
533712763,1,,533712761;533712764,15,6,9,1,0,1,35,15,20,21,10,11,34,15,19,34,15,19,14,5,9,9,3,6,4,1,3,1,0,1,0,0,0,6,6,3,1,4,2,1,1,0,9,3,6,0,9,0,2,0
533712764,2,533712763,,14,6,8,*,*,*,*,*,*,*,*,*,*,*,*,*,*,*,*,*,*,*,*,*,*,*,*,*,*,*,*,*,*,3,3,*,*,*,*,*,*,*,*,*,*,*,*,*,*,*
533712774,0,,,15,8,7,3,2,1,12,6,6,6,3,3,12,6,6,12,6,6,6,3,3,1,0,1,0,0,0,0,0,0,0,0,0,6,6,1,3,0,2,0,0,0,5,4,1,0,4,0,0,3
533712781,0,,,39,19,20,3,2,1,36,17,19,13,5,8,36,17,19,36,17,19,23,12,11,12,5,7,5,2,3,0,0,0,0,0,0,13,13,1,5,3,3,0,0,1,12,7,5,1,12,0,1,5
533712782,0,,,49,24,25,8,5,3,41,19,22,20,9,11,39,18,21,39,18,21,21,10,11,13,7,6,5,3,2,1,1,0,0,0,0,15,15,2,4,1,6,1,0,1,13,9,4,2,12,0,2,3
533712783,0,,,62,31,31,6,4,2,56,27,29,34,16,18,50,25,25,49,25,24,22,11,11,13,6,7,4,1,3,0,0,0,0,0,0,21,21,4,5,5,4,2,0,1,17,14,3,1,14,0,3,4
533712784,0,,,56,29,27,6,3,3,50,26,24,27,15,12,45,23,22,45,23,22,23,11,12,10,4,6,2,1,1,2,1,1,0,0,0,17,17,3,2,5,4,0,3,0,14,7,7,0,14,0,3,2
533712791,0,,,18,12,6,1,1,0,17,11,6,8,6,2,17,11,6,16,10,6,9,5,4,0,0,0,0,0,0,0,0,0,0,0,0,9,9,3,4,1,1,0,0,0,6,6,0,1,5,0,1,4
533712792,1,,533712794,17,9,8,0,0,0,24,12,12,9,5,4,24,12,12,23,11,12,15,7,8,12,5,7,5,1,4,0,0,0,0,0,0,6,6,1,4,2,1,1,0,0,8,4,4,0,9,0,1,3
533712794,2,533712792,,7,3,4,*,*,*,*,*,*,*,*,*,*,*,*,*,*,*,*,*,*,*,*,*,*,*,*,*,*,*,*,*,*,3,3,*,*,*,*,*,*,*,*,*,*,*,*,*,*,*
533712801,2,533712913,,1,0,1,*,*,*,*,*,*,*,*,*,*,*,*,*,*,*,*,*,*,*,*,*,*,*,*,*,*,*,*,*,*,1,1,*,*,*,*,*,*,*,*,*,*,*,*,*,*,*
533712803,2,533712913,,1,1,0,*,*,*,*,*,*,*,*,*,*,*,*,*,*,*,*,*,*,*,*,*,*,*,*,*,*,*,*,*,*,1,1,*,*,*,*,*,*,*,*,*,*,*,*,*,*,*
533712812,1,,533712814,16,8,8,2,0,2,20,10,10,11,5,6,20,10,10,19,9,10,9,5,4,5,3,2,1,1,0,0,0,0,0,0,0,6,6,0,5,1,1,1,0,0,8,7,1,1,6,0,0,3
533712814,2,533712812,,6,2,4,*,*,*,*,*,*,*,*,*,*,*,*,*,*,*,*,*,*,*,*,*,*,*,*,*,*,*,*,*,*,2,2,*,*,*,*,*,*,*,*,*,*,*,*,*,*,*
533712821,1,,533712822,8,4,4,0,0,0,16,8,8,8,4,4,15,7,8,14,7,7,8,4,4,6,3,3,2,1,1,0,0,0,0,0,0,4,4,2,1,1,1,1,0,0,4,1,3,0,5,0,2,0
533712822,2,533712821,,8,4,4,*,*,*,*,*,*,*,*,*,*,*,*,*,*,*,*,*,*,*,*,*,*,*,*,*,*,*,*,*,*,2,2,*,*,*,*,*,*,*,*,*,*,*,*,*,*,*
533712823,1,,533712931,19,11,8,3,3,0,21,11,10,12,7,5,20,11,9,20,11,9,9,4,5,6,2,4,6,2,4,1,0,1,0,0,0,6,6,1,2,3,1,0,1,0,7,4,3,0,5,0,0,0
533712831,1,,533712833,24,13,11,1,1,0,31,16,15,15,8,7,31,16,15,30,15,15,16,8,8,9,4,5,2,0,2,1,0,1,2,2,0,11,11,3,5,5,1,0,0,0,11,8,3,1,9,2,0,4
533712832,1,,533712834,24,11,13,4,0,4,22,13,9,15,9,6,20,11,9,19,10,9,7,4,3,1,0,1,0,0,0,0,0,0,4,2,2,9,9,4,3,3,0,0,0,1,7,7,0,0,5,2,1,2
533712833,2,533712831,,8,4,4,*,*,*,*,*,*,*,*,*,*,*,*,*,*,*,*,*,*,*,*,*,*,*,*,*,*,*,*,*,*,3,3,*,*,*,*,*,*,*,*,*,*,*,*,*,*,*
533712834,2,533712832,,2,2,0,*,*,*,*,*,*,*,*,*,*,*,*,*,*,*,*,*,*,*,*,*,*,*,*,*,*,*,*,*,*,2,2,*,*,*,*,*,*,*,*,*,*,*,*,*,*,*
533712841,0,,,31,15,16,1,1,0,30,14,16,17,8,9,28,13,15,28,13,15,13,6,7,2,1,1,1,0,1,1,0,1,2,0,2,9,9,1,3,1,1,1,2,0,8,4,4,0,7,0,1,1
533712842,2,533712843,,6,2,4,*,*,*,*,*,*,*,*,*,*,*,*,*,*,*,*,*,*,*,*,*,*,*,*,*,*,*,*,*,*,2,2,*,*,*,*,*,*,*,*,*,*,*,*,*,*,*
533712843,1,,533712842,27,13,14,4,2,2,29,13,16,20,9,11,28,12,16,28,12,16,9,4,5,6,3,3,2,1,1,0,0,0,0,0,0,11,11,5,3,1,2,1,1,0,8,6,2,3,5,3,0,0
533712861,0,,,28,14,14,5,3,2,23,11,12,14,6,8,22,11,11,22,11,11,9,5,4,6,3,3,3,2,1,0,0,0,0,0,0,10,10,3,3,0,2,1,1,0,7,4,3,3,6,0,2,1
533712862,2,533712864,,2,1,1,*,*,*,*,*,*,*,*,*,*,*,*,*,*,*,*,*,*,*,*,*,*,*,*,*,*,*,*,*,*,1,1,*,*,*,*,*,*,*,*,*,*,*,*,*,*,*
533712863,0,,,67,31,36,6,2,4,61,29,32,33,16,17,59,29,30,58,28,30,28,13,15,19,9,10,10,5,5,1,0,1,0,0,0,25,25,4,9,6,4,1,1,0,21,16,5,1,18,0,2,6
533712864,1,,533712862,26,14,12,2,0,2,26,15,11,14,9,5,26,15,11,25,14,11,12,6,6,6,3,3,3,1,2,0,0,0,0,0,0,9,9,0,4,4,2,0,0,0,10,9,1,0,7,0,0,2
533712871,0,,,27,13,14,3,2,1,24,11,13,11,4,7,24,11,13,23,11,12,13,7,6,9,5,4,2,1,1,0,0,0,0,0,0,10,10,2,6,0,0,0,1,1,8,6,2,0,8,0,1,4
533712872,0,,,47,20,27,10,3,7,37,17,20,21,10,11,36,17,19,36,17,19,16,7,9,3,0,3,3,0,3,0,0,0,0,0,0,15,15,2,6,1,4,0,0,2,13,10,3,4,10,0,1,4
533712873,0,,,33,18,15,5,3,2,28,15,13,12,7,5,27,15,12,27,15,12,16,8,8,11,6,5,6,3,3,0,0,0,0,0,0,12,12,4,3,2,0,1,2,0,8,5,3,1,11,0,4,2
533712874,1,,533712981,33,18,15,3,1,2,32,18,14,14,9,5,30,16,14,30,16,14,18,9,9,6,4,2,3,1,2,0,0,0,0,0,0,11,11,3,3,3,1,1,0,1,9,6,3,1,11,0,3,3
533712881,1,,533712882,26,13,13,1,0,1,31,16,15,13,7,6,30,15,15,29,15,14,18,9,9,10,4,6,3,2,1,0,0,0,0,0,0,9,9,2,5,2,1,2,0,0,10,6,4,0,12,0,2,5
533712882,2,533712881,,6,3,3,*,*,*,*,*,*,*,*,*,*,*,*,*,*,*,*,*,*,*,*,*,*,*,*,*,*,*,*,*,*,3,3,*,*,*,*,*,*,*,*,*,*,*,*,*,*,*
533712883,0,,,19,9,10,0,0,0,19,9,10,10,4,6,18,9,9,17,9,8,9,5,4,5,2,3,4,2,2,0,0,0,0,0,0,8,8,3,1,2,2,0,0,0,5,3,2,0,6,0,3,0
533712892,0,,,11,6,5,0,0,0,11,6,5,6,3,3,11,6,5,11,6,5,5,3,2,2,1,1,2,1,1,0,0,0,0,0,0,4,4,1,1,0,2,0,0,0,3,2,1,0,4,0,1,1
533712894,1,,533712992;533712994,40,19,21,1,1,0,49,21,28,27,13,14,48,21,27,47,20,27,22,8,14,12,4,8,5,1,4,0,0,0,0,0,0,14,14,3,7,5,3,0,1,0,16,9,7,1,14,0,1,2
533712901,1,,533712902,11,7,4,1,0,1,15,8,7,7,3,4,15,8,7,15,8,7,8,5,3,6,4,2,4,3,1,0,0,0,0,0,0,5,5,1,2,2,0,1,0,0,5,2,3,1,6,0,1,2
533712902,2,533712901,,5,1,4,*,*,*,*,*,*,*,*,*,*,*,*,*,*,*,*,*,*,*,*,*,*,*,*,*,*,*,*,*,*,1,1,*,*,*,*,*,*,*,*,*,*,*,*,*,*,*
533712903,1,,533712904,31,17,14,3,2,1,31,16,15,19,12,7,28,13,15,27,12,15,12,4,8,7,2,5,5,2,3,0,0,0,0,0,0,12,12,5,1,4,1,1,1,0,8,3,5,1,10,0,4,1
533712904,2,533712903,,3,1,2,*,*,*,*,*,*,*,*,*,*,*,*,*,*,*,*,*,*,*,*,*,*,*,*,*,*,*,*,*,*,1,1,*,*,*,*,*,*,*,*,*,*,*,*,*,*,*
533712912,2,533712913,,11,7,4,*,*,*,*,*,*,*,*,*,*,*,*,*,*,*,*,*,*,*,*,*,*,*,*,*,*,*,*,*,*,2,2,*,*,*,*,*,*,*,*,*,*,*,*,*,*,*
533712913,1,,533712801;533712803;533712912,9,4,5,2,0,2,20,12,8,13,8,5,17,9,8,17,9,8,7,4,3,5,2,3,3,1,2,0,0,0,0,0,0,2,2,2,0,1,1,0,1,1,4,1,3,0,6,0,2,0
533712914,0,,,13,7,6,0,0,0,13,7,6,5,4,1,13,7,6,13,7,6,8,3,5,4,2,2,1,0,1,1,0,1,0,0,0,5,5,0,3,1,1,0,0,0,5,4,1,0,4,0,0,1
533712921,1,,533712924,5,2,3,4,2,2,10,4,6,6,3,3,10,4,6,10,4,6,4,1,3,3,1,2,1,0,1,0,0,0,0,0,0,1,1,1,0,1,0,2,0,0,3,0,3,0,4,0,1,0
533712924,2,533712921,,9,4,5,*,*,*,*,*,*,*,*,*,*,*,*,*,*,*,*,*,*,*,*,*,*,*,*,*,*,*,*,*,*,3,3,*,*,*,*,*,*,*,*,*,*,*,*,*,*,*
533712931,2,533712823,,5,3,2,*,*,*,*,*,*,*,*,*,*,*,*,*,*,*,*,*,*,*,*,*,*,*,*,*,*,*,*,*,*,2,2,*,*,*,*,*,*,*,*,*,*,*,*,*,*,*
533712944,2,533712952,,5,4,1,*,*,*,*,*,*,*,*,*,*,*,*,*,*,*,*,*,*,*,*,*,*,*,*,*,*,*,*,*,*,3,3,*,*,*,*,*,*,*,*,*,*,*,*,*,*,*
533712952,1,,533712944,31,15,16,3,1,2,33,18,15,17,10,7,31,16,15,31,16,15,16,8,8,10,6,4,4,1,3,0,0,0,0,0,0,8,8,2,3,2,1,1,1,1,9,3,6,0,10,0,2,1
533712953,0,,,18,11,7,2,2,0,16,9,7,6,4,2,16,9,7,16,9,7,10,5,5,4,2,2,4,2,2,0,0,0,0,0,0,7,7,0,4,2,1,0,0,0,7,5,2,0,5,0,0,2
533712981,2,533712874,,2,1,1,*,*,*,*,*,*,*,*,*,*,*,*,*,*,*,*,*,*,*,*,*,*,*,*,*,*,*,*,*,*,1,1,*,*,*,*,*,*,*,*,*,*,*,*,*,*,*
533712992,2,533712894,,3,1,2,*,*,*,*,*,*,*,*,*,*,*,*,*,*,*,*,*,*,*,*,*,*,*,*,*,*,*,*,*,*,2,2,*,*,*,*,*,*,*,*,*,*,*,*,*,*,*
533712994,2,533712894,,7,2,5,*,*,*,*,*,*,*,*,*,*,*,*,*,*,*,*,*,*,*,*,*,*,*,*,*,*,*,*,*,*,3,3,*,*,*,*,*,*,*,*,*,*,*,*,*,*,*
533713001,0,,,48,20,28,6,3,3,42,17,25,24,9,15,40,16,24,38,16,22,18,8,10,4,1,3,3,1,2,0,0,0,0,0,0,16,16,2,5,6,1,1,0,1,14,11,3,0,12,0,2,3
533713002,0,,,112,46,66,11,3,8,101,43,58,58,25,33,98,43,55,96,42,54,43,18,25,24,11,13,10,5,5,1,0,1,0,0,0,34,33,3,11,5,5,5,3,1,30,17,13,3,26,0,2,5
533713003,0,,,57,22,35,10,3,7,47,19,28,23,13,10,47,19,28,47,19,28,24,6,18,16,3,13,10,0,10,1,0,1,0,0,0,16,15,4,4,1,2,1,1,2,11,5,6,2,11,0,2,3
533713004,0,,,110,53,57,10,5,5,100,48,52,55,29,26,96,44,52,93,44,49,45,19,26,24,11,13,8,4,4,1,1,0,0,0,0,38,38,7,13,6,6,4,0,2,31,23,8,2,27,0,5,8
533713011,0,,,85,41,44,11,4,7,74,37,37,44,23,21,74,37,37,74,37,37,30,14,16,9,3,6,5,0,5,0,0,0,1,1,0,24,24,4,3,6,4,4,2,1,19,11,8,1,18,0,3,2
533713013,1,,533713014,91,43,48,12,6,6,85,40,45,49,25,24,85,40,45,84,40,44,36,15,21,20,7,13,6,2,4,1,0,1,2,0,2,29,29,4,9,7,5,3,2,1,27,15,12,3,25,0,4,6
533713014,2,533713013,,6,3,3,*,*,*,*,*,*,*,*,*,*,*,*,*,*,*,*,*,*,*,*,*,*,*,*,*,*,*,*,*,*,2,2,*,*,*,*,*,*,*,*,*,*,*,*,*,*,*
533713061,2,533713062,,4,2,2,*,*,*,*,*,*,*,*,*,*,*,*,*,*,*,*,*,*,*,*,*,*,*,*,*,*,*,*,*,*,2,2,*,*,*,*,*,*,*,*,*,*,*,*,*,*,*
533713062,1,,533713061;533713064,21,10,11,1,0,1,25,12,13,11,4,7,25,12,13,25,12,13,14,8,6,5,1,4,3,1,2,0,0,0,0,0,0,11,11,6,4,4,0,0,0,0,8,6,2,0,9,0,3,3
533713064,2,533713062,,1,0,1,*,*,*,*,*,*,*,*,*,*,*,*,*,*,*,*,*,*,*,*,*,*,*,*,*,*,*,*,*,*,1,1,*,*,*,*,*,*,*,*,*,*,*,*,*,*,*
533713071,0,,,44,22,22,3,2,1,41,20,21,22,10,12,39,18,21,38,17,21,19,10,9,10,5,5,2,1,1,0,0,0,0,0,0,13,13,0,5,3,2,1,2,0,13,6,7,1,11,0,0,4
533713072,0,,,36,19,17,5,4,1,31,15,16,16,9,7,31,15,16,31,15,16,15,6,9,8,2,6,5,1,4,2,1,1,0,0,0,11,11,2,1,4,2,1,0,1,9,5,4,2,8,0,1,1
533713081,0,,,22,10,12,4,0,4,18,10,8,10,7,3,18,10,8,18,10,8,8,3,5,4,1,3,2,0,2,0,0,0,0,0,0,10,10,4,2,2,2,0,0,0,6,6,0,1,6,0,3,1
533713082,1,,533713084;533713093,11,6,5,0,0,0,23,11,12,13,7,6,23,11,12,22,11,11,10,4,6,6,2,4,0,0,0,0,0,0,0,0,0,5,5,1,3,1,2,1,0,0,7,5,2,0,6,0,0,2
533713084,2,533713082,,7,3,4,*,*,*,*,*,*,*,*,*,*,*,*,*,*,*,*,*,*,*,*,*,*,*,*,*,*,*,*,*,*,2,2,*,*,*,*,*,*,*,*,*,*,*,*,*,*,*
533713093,2,533713082,,5,2,3,*,*,*,*,*,*,*,*,*,*,*,*,*,*,*,*,*,*,*,*,*,*,*,*,*,*,*,*,*,*,1,1,*,*,*,*,*,*,*,*,*,*,*,*,*,*,*
533713102,1,,533713103;533713104,39,20,19,9,6,3,38,19,19,19,9,10,37,19,18,37,19,18,19,10,9,8,4,4,3,1,2,0,0,0,0,0,0,13,13,3,7,0,4,0,0,2,13,10,3,1,11,0,1,4
533713103,2,533713102,,4,3,1,*,*,*,*,*,*,*,*,*,*,*,*,*,*,*,*,*,*,*,*,*,*,*,*,*,*,*,*,*,*,1,1,*,*,*,*,*,*,*,*,*,*,*,*,*,*,*
533713104,2,533713102,,4,2,2,*,*,*,*,*,*,*,*,*,*,*,*,*,*,*,*,*,*,*,*,*,*,*,*,*,*,*,*,*,*,2,2,*,*,*,*,*,*,*,*,*,*,*,*,*,*,*
533713111,0,,,66,31,35,3,2,1,63,29,34,33,15,18,59,26,33,56,25,31,30,14,16,10,4,6,5,1,4,0,0,0,0,0,0,26,26,3,12,7,2,2,0,0,23,18,5,0,18,0,3,7
533713112,0,,,73,38,35,16,9,7,57,29,28,32,16,16,57,29,28,57,29,28,25,13,12,6,2,4,3,1,2,1,0,1,0,0,0,22,22,3,7,2,5,2,2,1,19,13,6,4,16,0,3,4
533713113,0,,,23,11,12,4,0,4,19,11,8,11,6,5,19,11,8,18,10,8,8,5,3,4,3,1,2,2,0,0,0,0,0,0,0,7,7,1,2,0,2,2,0,0,5,2,3,1,6,0,1,0
533713114,0,,,69,34,35,4,4,0,65,30,35,32,14,18,61,29,32,59,28,31,33,16,17,15,8,7,3,2,1,0,0,0,0,0,0,25,25,3,11,3,5,3,0,0,22,14,8,0,21,0,3,10
533713123,0,,,13,4,9,0,0,0,13,4,9,10,3,7,12,4,8,12,4,8,3,1,2,1,0,1,1,0,1,0,0,0,0,0,0,5,5,0,3,1,1,0,0,0,5,4,1,0,1,0,0,0
533713124,0,,,35,20,15,5,2,3,30,18,12,25,14,11,29,17,12,28,16,12,5,4,1,2,1,1,1,0,1,0,0,0,0,0,0,11,11,1,1,6,1,2,0,0,10,6,4,1,4,1,0,1
533713143,0,,,72,36,36,9,7,2,63,29,34,42,21,21,63,29,34,63,29,34,21,8,13,7,3,4,3,1,2,1,0,1,0,0,0,28,28,3,10,12,2,1,0,0,25,22,3,3,12,0,0,2
533713162,0,,,21,11,10,3,2,1,18,9,9,9,5,4,17,8,9,17,8,9,9,4,5,5,2,3,5,2,3,0,0,0,0,0,0,6,6,0,2,1,1,2,0,0,6,3,3,0,4,0,0,1
533713164,0,,,18,10,8,0,0,0,18,10,8,4,4,0,18,10,8,18,10,8,14,6,8,6,2,4,2,1,1,0,0,0,0,0,0,7,7,1,3,2,0,1,0,0,6,5,1,0,7,0,1,3
533713173,0,,,10,4,6,0,0,0,10,4,6,4,3,1,10,4,6,10,4,6,6,1,5,4,0,4,2,0,2,1,0,1,0,0,0,4,4,1,1,1,1,0,0,0,3,1,2,0,4,0,1,0
533713201,0,,,20,11,9,2,1,1,18,10,8,7,5,2,18,10,8,18,10,8,11,5,6,7,4,3,0,0,0,0,0,0,1,1,0,8,8,1,4,1,2,0,0,0,7,7,0,0,6,0,1,3
533713203,0,,,62,30,32,6,1,5,56,29,27,37,18,19,55,29,26,54,29,25,19,11,8,6,4,2,3,1,2,0,0,0,0,0,0,21,21,4,5,6,2,2,2,0,17,13,4,1,14,0,2,3
533713211,0,,,71,36,35,5,3,2,66,33,33,55,29,26,63,31,32,60,29,31,11,4,7,7,2,5,3,1,2,0,0,0,0,0,0,25,25,3,6,9,6,1,0,0,22,21,1,0,9,0,2,2
533713212,0,,,179,81,98,38,18,20,141,63,78,93,40,53,136,63,73,132,61,71,48,23,25,26,13,13,6,2,4,0,0,0,0,0,0,49,49,5,10,12,7,7,4,4,44,26,18,9,29,0,4,4
533713214,0,,,24,12,12,7,5,2,17,7,10,9,3,6,17,7,10,17,7,10,8,4,4,3,1,2,2,1,1,0,0,0,0,0,0,7,7,1,3,0,2,0,0,1,6,4,2,2,5,0,1,2
533713221,0,,,19,12,7,8,7,1,11,5,6,10,5,5,10,4,6,10,4,6,1,0,1,1,0,1,1,0,1,0,0,0,0,0,0,5,5,1,0,0,2,2,0,0,4,4,0,2,1,0,1,0
533713222,0,,,48,24,24,6,3,3,42,21,21,22,12,10,41,21,20,41,21,20,20,9,11,6,3,3,2,1,1,0,0,0,0,0,0,18,18,2,10,2,1,2,1,0,16,14,2,1,12,0,1,6
533713223,0,,,527,255,272,98,55,43,429,200,229,376,177,199,414,193,221,401,187,214,53,23,30,25,11,14,6,3,3,0,0,0,5,2,3,166,164,13,44,41,47,13,6,0,149,136,13,23,33,0,5,10
533713224,0,,,928,440,488,106,54,52,810,380,430,567,272,295,769,359,410,748,351,397,243,108,135,89,39,50,24,7,17,0,0,0,15,9,6,393,393,127,103,88,52,17,4,2,264,238,26,23,175,9,62,46
533713232,0,,,25,12,13,1,0,1,24,12,12,15,7,8,22,11,11,21,11,10,9,5,4,4,3,1,2,2,0,0,0,0,0,0,0,8,8,2,2,0,1,3,0,0,6,3,3,0,7,0,2,2
533713233,0,,,143,69,74,26,15,11,115,53,62,76,35,41,110,51,59,109,51,58,39,18,21,17,6,11,7,2,5,1,0,1,1,0,1,47,47,11,8,10,12,0,4,2,35,23,12,8,23,2,2,5
533713234,0,,,57,31,26,8,4,4,48,26,22,27,16,11,46,24,22,44,22,22,21,10,11,11,5,6,3,0,3,1,0,1,0,0,0,19,19,5,4,3,3,2,1,1,14,8,6,0,13,0,3,3
533713241,0,,,91,53,38,11,7,4,80,46,34,49,31,18,79,46,33,78,46,32,31,15,16,18,9,9,7,2,5,1,1,0,1,1,0,35,35,16,6,4,2,2,3,2,18,9,9,3,20,6,3,3
533713243,0,,,173,83,90,17,6,11,156,77,79,100,51,49,152,75,77,148,71,77,56,26,30,34,14,20,15,5,10,1,0,1,0,0,0,58,58,11,16,11,11,4,3,2,47,30,17,5,36,0,6,8
533713244,0,,,151,79,72,17,9,8,134,70,64,78,41,37,133,69,64,129,68,61,56,29,27,36,16,20,14,6,8,1,1,0,1,0,1,49,49,8,16,10,4,4,4,3,39,25,14,3,33,0,7,7
533713253,0,,,44,23,21,7,5,2,37,18,19,22,12,10,36,17,19,36,17,19,15,6,9,7,1,6,3,1,2,1,1,0,0,0,0,15,15,4,3,3,2,1,2,0,11,6,5,1,10,0,2,0
533713301,1,,533713303,63,33,30,6,3,3,62,33,29,42,23,19,60,31,29,59,31,28,20,10,10,12,7,5,1,1,0,0,0,0,0,0,0,25,25,5,11,8,0,1,2,0,22,20,2,0,13,0,2,4
533713302,0,,,20,12,8,3,3,0,17,9,8,10,6,4,17,9,8,17,9,8,7,3,4,6,2,4,2,1,1,0,0,0,0,0,0,8,8,1,4,2,0,1,0,0,6,5,1,1,5,0,1,1
533713303,2,533713301,,5,3,2,*,*,*,*,*,*,*,*,*,*,*,*,*,*,*,*,*,*,*,*,*,*,*,*,*,*,*,*,*,*,2,2,*,*,*,*,*,*,*,*,*,*,*,*,*,*,*
533713312,0,,,112,62,50,21,9,12,89,51,38,69,42,27,85,48,37,81,46,35,20,9,11,4,3,1,0,0,0,0,0,0,1,0,1,48,48,23,8,4,7,4,1,1,25,22,3,4,12,7,4,2
533713313,2,533713314,,7,4,3,*,*,*,*,*,*,*,*,*,*,*,*,*,*,*,*,*,*,*,*,*,*,*,*,*,*,*,*,*,*,3,3,*,*,*,*,*,*,*,*,*,*,*,*,*,*,*
533713314,1,,533713313,161,80,81,17,9,8,151,75,76,84,51,33,150,74,76,148,73,75,67,24,43,57,17,40,40,12,28,2,0,2,0,0,0,53,52,22,10,12,6,4,1,0,33,26,7,8,18,9,5,5
533713321,0,,,639,277,362,67,31,36,569,245,324,331,168,163,552,233,319,542,226,316,238,77,161,160,38,122,84,13,71,16,1,15,23,12,11,204,200,43,64,37,37,7,10,2,155,124,31,16,98,7,20,23
533713322,0,,,451,229,222,77,43,34,354,175,179,258,135,123,339,164,175,330,161,169,96,40,56,48,19,29,22,9,13,1,0,1,24,16,8,212,212,106,35,33,20,13,4,1,104,91,13,17,71,19,32,12
533713323,0,,,394,192,202,43,23,20,351,169,182,215,105,110,339,165,174,327,157,170,136,64,72,75,31,44,34,10,24,3,1,2,5,2,3,145,144,26,52,31,22,6,5,2,118,91,27,10,87,1,14,33
533713324,0,,,279,140,139,37,17,20,232,118,114,154,83,71,225,113,112,222,110,112,78,35,43,50,22,28,19,10,9,0,0,0,6,3,3,116,116,42,32,13,15,11,2,1,73,58,15,11,49,3,12,14
533713331,0,,,323,161,162,48,25,23,269,132,137,177,89,88,262,130,132,258,129,129,92,43,49,43,17,26,16,2,14,1,0,1,2,1,1,120,120,35,31,24,12,8,4,6,83,55,28,11,59,3,12,10
533713332,0,,,156,71,85,22,9,13,134,62,72,85,42,43,128,57,71,126,57,69,49,20,29,25,6,19,8,1,7,0,0,0,0,0,0,50,50,8,14,8,11,5,2,2,42,27,15,6,34,0,5,6
533713333,0,,,260,124,136,32,12,20,211,103,108,158,84,74,210,102,108,206,100,106,53,19,34,27,9,18,13,4,9,2,0,2,1,1,0,124,124,57,30,19,10,4,2,2,64,53,11,13,36,9,10,6
533713334,0,,,227,114,113,39,21,18,185,92,93,138,70,68,176,87,89,171,86,85,47,22,25,15,6,9,4,1,3,0,0,0,13,5,8,93,93,33,18,18,17,6,1,0,59,47,12,12,30,7,8,7
533713341,0,,,133,63,70,11,4,7,122,59,63,58,30,28,119,58,61,118,57,61,64,29,35,36,15,21,12,7,5,0,0,0,1,1,0,56,56,10,27,11,5,2,1,0,46,42,4,4,40,0,7,16
533713342,0,,,130,65,65,21,9,12,109,56,53,68,35,33,105,55,50,103,54,49,41,21,20,23,11,12,9,4,5,1,0,1,0,0,0,43,43,8,11,9,8,2,4,1,35,26,9,4,25,0,6,4
533713343,0,,,93,42,51,7,1,6,85,41,44,44,26,18,83,39,44,82,39,43,41,15,26,26,7,19,11,1,10,1,0,1,3,3,0,41,41,19,9,4,5,1,2,1,22,16,6,2,32,2,15,3
533713344,0,,,15,6,9,0,0,0,14,6,8,7,3,4,14,6,8,14,6,8,7,3,4,4,2,2,1,0,1,1,0,1,0,0,0,9,9,4,4,1,0,0,0,0,5,5,0,0,6,0,3,1
533713351,0,,,76,44,32,18,13,5,58,31,27,43,21,22,58,31,27,57,30,27,15,10,5,2,0,2,1,0,1,0,0,0,0,0,0,26,26,6,5,9,2,1,1,2,19,16,3,6,12,2,2,2
533713352,2,533713354,,3,1,2,*,*,*,*,*,*,*,*,*,*,*,*,*,*,*,*,*,*,*,*,*,*,*,*,*,*,*,*,*,*,1,1,*,*,*,*,*,*,*,*,*,*,*,*,*,*,*
533713353,0,,,51,27,24,3,3,0,48,24,24,25,13,12,44,21,23,42,20,22,23,11,12,16,8,8,2,2,0,0,0,0,0,0,0,18,18,2,9,2,3,0,1,1,16,13,3,1,14,0,1,7
533713354,1,,533713352;533713361,31,15,16,2,1,1,34,16,18,22,12,10,34,16,18,33,16,17,12,4,8,4,2,2,2,0,2,0,0,0,0,0,0,12,12,2,5,5,1,1,0,0,12,9,3,0,8,0,2,2
533713361,2,533713354,,2,1,1,*,*,*,*,*,*,*,*,*,*,*,*,*,*,*,*,*,*,*,*,*,*,*,*,*,*,*,*,*,*,1,1,*,*,*,*,*,*,*,*,*,*,*,*,*,*,*
533713401,0,,,20,10,10,1,1,0,19,9,10,13,5,8,18,9,9,18,9,9,6,4,2,4,2,2,0,0,0,0,0,0,0,0,0,6,6,0,2,2,1,0,1,0,6,4,2,1,4,0,0,0
533713402,0,,,18,9,9,4,3,1,14,6,8,10,3,7,11,6,5,11,6,5,4,3,1,1,1,0,0,0,0,0,0,0,0,0,0,5,5,1,2,0,0,0,1,1,4,3,1,1,3,0,1,1
533713404,0,,,30,18,12,4,3,1,26,15,11,18,11,7,24,15,9,24,15,9,8,4,4,4,2,2,4,2,2,0,0,0,0,0,0,9,9,1,2,1,3,2,0,0,8,7,1,0,3,0,0,2
533713411,0,,,90,41,49,12,7,5,78,34,44,49,22,27,77,33,44,75,32,43,29,12,17,14,4,10,8,2,6,0,0,0,3,1,2,35,35,8,10,8,8,0,1,0,26,18,8,5,20,1,6,3
533713412,0,,,202,95,107,29,14,15,170,80,90,125,61,64,164,78,86,161,76,85,45,19,26,27,11,16,6,2,4,1,1,0,0,0,0,85,85,32,19,17,10,4,2,1,50,40,10,11,32,2,9,4
533713413,0,,,351,173,178,50,28,22,298,143,155,187,93,94,288,139,149,284,138,146,111,50,61,57,24,33,20,6,14,2,1,1,3,1,2,133,133,24,48,27,22,10,2,0,108,91,17,14,68,3,9,28
533713414,0,,,485,238,247,39,22,17,437,209,228,259,137,122,430,206,224,418,196,222,178,72,106,114,46,68,45,16,29,4,0,4,7,7,0,184,182,52,56,36,21,12,3,2,125,101,24,8,103,2,35,21
533713421,0,,,961,463,498,96,46,50,857,413,444,485,256,229,831,399,432,816,392,424,372,157,215,198,69,129,87,27,60,9,2,7,6,3,3,392,391,123,124,57,51,19,12,5,265,210,55,20,241,10,69,67
533713422,0,,,993,473,520,86,40,46,882,421,461,502,261,241,849,405,444,835,398,437,380,160,220,209,89,120,86,32,54,14,5,9,26,11,15,445,445,176,113,76,49,21,8,2,266,215,51,22,252,14,76,63
533713423,0,,,380,178,202,37,13,24,341,164,177,213,117,96,332,159,173,327,156,171,128,47,81,81,28,53,30,7,23,2,0,2,9,6,3,158,158,58,36,27,22,11,2,2,100,77,23,9,93,5,33,16
533713424,0,,,673,311,362,61,25,36,608,284,324,346,179,167,593,279,314,584,274,310,262,105,157,135,47,88,45,12,33,3,1,2,5,0,5,292,292,93,98,54,26,12,5,4,194,158,36,13,182,7,50,44
533713431,0,,,526,254,272,60,31,29,447,214,233,308,160,148,436,208,228,435,207,228,139,54,85,74,25,49,33,9,24,3,0,3,9,4,5,244,244,104,60,38,30,7,3,2,137,113,24,13,96,11,28,22
533713432,0,,,475,256,219,68,39,29,390,205,185,288,160,128,373,193,180,364,190,174,102,45,57,49,21,28,21,9,12,0,0,0,0,0,0,202,202,76,44,38,30,10,2,2,125,111,14,20,66,7,15,12
533713433,0,,,701,357,344,76,43,33,616,308,308,400,222,178,591,293,298,580,290,290,216,86,130,116,43,73,37,6,31,3,0,3,10,7,3,299,299,107,84,49,35,13,7,4,190,148,42,19,144,12,37,36
533713434,0,,,457,192,265,29,16,13,426,175,251,217,111,106,418,169,249,413,166,247,209,64,145,144,32,112,78,11,67,18,0,18,11,7,4,167,166,57,55,26,16,6,5,1,109,85,24,5,93,5,24,27
533713441,0,,,259,146,113,25,11,14,228,131,97,151,93,58,226,130,96,221,126,95,77,38,39,37,16,21,6,3,3,0,0,0,44,32,12,139,139,72,37,16,9,1,4,0,63,55,8,7,50,22,17,16
533713442,0,,,143,75,68,20,13,7,123,62,61,95,50,45,120,60,60,118,60,58,28,12,16,16,7,9,5,1,4,0,0,0,0,0,0,61,61,26,11,12,4,5,3,0,35,27,8,7,20,12,5,4
533713443,0,,,792,392,400,121,60,61,670,331,339,500,257,243,640,316,324,624,308,316,170,74,96,77,34,43,17,5,12,3,1,2,24,14,10,364,364,160,78,66,34,19,3,4,202,182,20,35,130,30,56,19
533713444,0,,,97,54,43,19,11,8,77,42,35,54,30,24,75,40,35,75,40,35,23,12,11,7,4,3,2,1,1,0,0,0,0,0,0,44,44,21,10,5,4,0,3,1,23,18,5,4,13,9,2,6
533713451,0,,,84,44,40,8,5,3,76,39,37,63,36,27,74,37,37,72,36,36,13,3,10,10,2,8,2,0,2,0,0,0,4,4,0,43,43,24,8,3,6,1,1,0,19,14,5,2,10,12,0,3
533713452,0,,,66,30,36,8,4,4,58,26,32,34,15,19,54,25,29,54,25,29,24,11,13,9,5,4,1,0,1,0,0,0,0,0,0,28,28,8,10,4,4,2,0,0,20,18,2,1,16,0,4,6
533713453,0,,,300,147,153,30,17,13,264,128,136,159,84,75,255,122,133,252,120,132,105,44,61,48,21,27,14,4,10,0,0,0,0,0,0,123,123,33,45,22,13,3,5,2,88,68,20,7,65,2,12,21
533713454,0,,,291,146,145,44,23,21,247,123,124,161,80,81,239,119,120,235,117,118,86,43,43,41,20,21,9,4,5,1,0,1,5,2,3,103,103,18,33,24,13,8,6,1,84,70,14,13,57,0,12,17
533713461,1,,533713462,151,72,79,15,6,9,143,72,71,101,54,47,133,66,67,131,66,65,42,18,24,19,10,9,4,2,2,1,0,1,2,0,2,67,67,25,18,18,7,1,1,1,46,43,3,6,27,4,7,9
533713462,2,533713461,,10,7,3,*,*,*,*,*,*,*,*,*,*,*,*,*,*,*,*,*,*,*,*,*,*,*,*,*,*,*,*,*,*,4,4,*,*,*,*,*,*,*,*,*,*,*,*,*,*,*
533713463,0,,,162,81,81,16,10,6,145,71,74,97,49,48,135,64,71,129,62,67,48,22,26,19,9,10,4,2,2,0,0,0,3,2,1,59,59,11,21,9,11,5,1,1,48,42,6,6,29,1,5,12
533713464,0,,,22,10,12,4,2,2,18,8,10,11,5,6,16,7,9,16,7,9,7,3,4,5,2,3,2,1,1,0,0,0,0,0,0,8,8,1,3,1,3,0,0,0,7,7,0,0,4,0,1,3
533713473,0,,,13,5,8,0,0,0,13,5,8,11,3,8,13,5,8,12,5,7,2,2,0,1,1,0,0,0,0,0,0,0,0,0,0,5,5,1,1,2,1,0,0,0,4,4,0,0,2,0,1,0
533713501,2,533713503,,1,1,0,*,*,*,*,*,*,*,*,*,*,*,*,*,*,*,*,*,*,*,*,*,*,*,*,*,*,*,*,*,*,1,1,*,*,*,*,*,*,*,*,*,*,*,*,*,*,*
533713502,0,,,21,11,10,3,3,0,18,8,10,11,5,6,18,8,10,17,8,9,7,3,4,5,2,3,0,0,0,0,0,0,0,0,0,7,7,0,4,1,1,0,1,0,7,6,1,0,4,0,0,3
533713503,1,,533713501,30,17,13,5,3,2,26,15,11,18,10,8,26,15,11,26,15,11,8,5,3,2,0,2,1,0,1,0,0,0,1,0,1,10,10,3,2,1,4,1,0,0,7,6,1,1,7,0,3,1
533713504,0,,,183,92,91,22,9,13,161,83,78,115,61,54,153,79,74,149,76,73,46,22,24,18,7,11,8,2,6,2,0,2,3,0,3,65,64,13,18,14,14,2,2,1,51,44,7,2,29,0,8,10
533713511,0,,,281,141,140,50,31,19,224,106,118,157,82,75,214,100,114,210,98,112,67,24,43,38,11,27,16,1,15,3,0,3,0,0,0,101,100,28,24,14,20,11,2,1,71,57,14,18,39,0,8,8
533713512,0,,,311,155,156,33,15,18,275,139,136,167,84,83,269,136,133,259,131,128,108,55,53,65,31,34,11,4,7,2,1,1,2,1,1,129,129,32,51,23,13,6,2,2,97,86,11,7,72,2,15,27
533713513,0,,,172,86,86,24,15,9,148,71,77,87,46,41,134,63,71,130,62,68,61,25,36,41,14,27,17,6,11,2,0,2,4,2,2,18,9,4,2,0,0,3,0,0,5,4,1,1,4,1,2,1
533713514,0,,,136,71,65,10,6,4,123,63,60,75,36,39,121,63,58,118,62,56,48,27,21,23,12,11,7,3,4,1,0,1,0,0,0,59,58,20,21,5,8,3,1,0,38,33,5,3,31,2,8,10
533713521,0,,,267,137,130,34,21,13,230,113,117,153,82,71,221,111,110,217,108,109,77,31,46,37,13,24,8,0,8,0,0,0,1,1,0,113,113,40,30,18,15,7,3,0,71,59,12,6,53,10,13,14
533713522,0,,,682,302,380,103,48,55,570,249,321,395,182,213,547,239,308,534,231,303,175,67,108,93,30,63,37,10,27,2,0,2,13,1,12,283,283,94,74,57,38,11,6,3,183,153,30,36,120,10,36,27
533713523,0,,,249,128,121,34,19,15,209,106,103,144,72,72,203,101,102,201,99,102,65,34,31,27,12,15,12,5,7,1,1,0,0,0,0,109,109,41,32,15,11,8,0,2,68,56,12,9,47,4,13,16
533713524,0,,,701,355,346,102,58,44,593,294,299,378,194,184,577,285,292,566,280,286,215,100,115,106,47,59,38,13,25,3,1,2,4,1,3,283,283,80,89,48,43,14,8,1,199,169,30,34,136,16,32,45
533713531,0,,,722,357,365,115,56,59,598,296,302,456,233,223,560,281,279,541,270,271,142,63,79,82,33,49,29,12,17,2,1,1,8,3,5,286,286,87,77,45,50,19,6,2,197,175,22,27,96,16,27,29
533713532,0,,,645,308,337,85,43,42,560,265,295,389,190,199,545,254,291,530,248,282,171,75,96,99,47,52,22,9,13,0,0,0,15,8,7,253,253,69,82,36,40,17,5,4,183,154,29,24,110,13,26,34
533713533,0,,,627,293,334,119,59,60,507,234,273,357,165,192,483,221,262,471,216,255,150,69,81,80,37,43,27,13,14,4,2,2,15,6,9,219,219,37,61,51,44,21,1,4,178,151,27,40,94,4,15,32
533713534,0,,,125,54,71,15,7,8,110,47,63,72,34,38,104,46,58,104,46,58,38,13,25,20,6,14,8,3,5,0,0,0,0,0,0,41,41,5,11,10,9,5,0,1,34,23,11,4,24,0,3,5
533713541,0,,,39,21,18,5,2,3,34,19,15,25,15,10,32,18,14,32,18,14,9,4,5,3,1,2,1,1,0,0,0,0,0,0,0,19,19,8,6,2,2,1,0,0,11,10,1,1,5,2,0,4
533713542,0,,,335,164,171,63,35,28,272,129,143,165,82,83,262,124,138,258,122,136,107,47,60,51,21,30,14,5,9,0,0,0,2,0,2,116,116,18,37,22,24,10,4,1,98,80,18,18,67,0,12,23
533713543,0,,,178,78,100,27,11,16,151,67,84,98,44,54,146,67,79,140,65,75,53,23,30,26,10,16,10,2,8,2,0,2,0,0,0,59,59,7,23,9,8,7,4,1,52,38,14,7,35,0,6,11
533713544,0,,,91,40,51,4,1,3,87,39,48,52,23,29,84,39,45,83,38,45,35,16,19,11,5,6,3,1,2,1,0,1,0,0,0,36,36,9,9,9,8,1,0,0,27,22,5,0,24,1,6,3
533713551,0,,,437,220,217,40,24,16,394,195,199,245,130,115,372,186,186,361,179,182,149,65,84,58,26,32,13,4,9,0,0,0,10,4,6,169,169,34,62,28,34,7,4,0,133,111,22,13,97,0,22,31
533713552,0,,,150,72,78,25,11,14,125,61,64,78,39,39,123,61,62,121,61,60,47,22,25,26,11,15,5,1,4,0,0,0,9,3,6,52,52,9,16,8,13,4,1,1,43,34,9,7,27,0,5,11
533713553,0,,,306,151,155,51,33,18,255,118,137,181,86,95,240,109,131,234,105,129,74,32,42,48,23,25,5,2,3,0,0,0,0,0,0,107,107,22,25,23,22,13,2,0,85,69,16,13,49,1,14,12
533713554,0,,,492,279,213,62,27,35,385,230,155,323,200,123,372,225,147,361,221,140,62,30,32,36,14,22,7,1,6,0,0,0,45,32,13,280,280,179,38,29,25,5,3,1,97,85,12,19,41,43,8,10
533713561,0,,,191,96,95,32,18,14,157,76,81,107,57,50,156,75,81,153,72,81,50,19,31,18,6,12,7,0,7,0,0,0,0,0,0,69,69,12,26,10,11,7,3,0,57,45,12,8,33,0,5,10
533713562,0,,,159,87,72,19,9,10,130,72,58,103,60,43,128,71,57,126,70,56,27,12,15,13,5,8,7,4,3,0,0,0,9,7,2,69,69,30,11,12,11,3,2,0,38,33,5,7,18,3,2,3
533713563,0,,,213,105,108,25,14,11,186,89,97,123,60,63,175,83,92,170,81,89,63,29,34,31,14,17,7,3,4,2,1,1,2,2,0,71,71,12,17,17,15,6,3,1,59,44,15,4,43,0,6,7
533713564,0,,,422,210,212,65,38,27,337,162,175,282,140,142,319,155,164,311,149,162,55,22,33,32,12,20,7,1,6,0,0,0,20,6,14,187,187,74,47,28,25,9,3,1,108,97,11,22,39,15,5,11
533713571,0,,,84,40,44,16,6,10,65,33,32,48,24,24,64,32,32,63,32,31,17,9,8,7,3,4,3,1,2,0,0,0,1,1,0,33,33,8,13,4,5,1,1,1,24,20,4,5,12,1,3,4
533713573,0,,,66,34,32,7,4,3,57,29,28,52,26,26,57,29,28,56,29,27,5,3,2,2,2,0,0,0,0,0,0,0,6,0,6,44,44,30,9,2,3,0,0,0,14,14,0,4,4,12,1,1
533713574,0,,,207,84,123,8,3,5,199,81,118,77,35,42,197,80,117,195,79,116,122,46,76,81,25,56,62,20,42,11,3,8,8,0,8,60,58,23,15,10,3,5,1,1,34,28,6,4,29,9,4,11
533713581,0,,,50,38,12,0,0,0,46,34,12,46,34,12,46,34,12,46,34,12,0,0,0,0,0,0,0,0,0,0,0,0,28,17,11,50,50,50,0,0,0,0,0,0,0,0,0,0,0,28,0,0
533713593,2,533713691,,9,5,4,*,*,*,*,*,*,*,*,*,*,*,*,*,*,*,*,*,*,*,*,*,*,*,*,*,*,*,*,*,*,3,3,*,*,*,*,*,*,*,*,*,*,*,*,*,*,*
533713601,1,,533713603,36,20,16,2,1,1,38,21,17,21,14,7,38,21,17,37,20,17,17,7,10,10,3,7,5,2,3,1,0,1,0,0,0,12,12,4,0,3,4,1,1,0,9,4,5,0,11,0,4,0
533713603,2,533713601,,4,2,2,*,*,*,*,*,*,*,*,*,*,*,*,*,*,*,*,*,*,*,*,*,*,*,*,*,*,*,*,*,*,1,1,*,*,*,*,*,*,*,*,*,*,*,*,*,*,*
533713611,2,533713613,,1,0,1,*,*,*,*,*,*,*,*,*,*,*,*,*,*,*,*,*,*,*,*,*,*,*,*,*,*,*,*,*,*,1,1,*,*,*,*,*,*,*,*,*,*,*,*,*,*,*
533713612,0,,,209,108,101,36,23,13,173,85,88,99,51,48,166,80,86,165,80,85,74,34,40,37,21,16,10,4,6,2,0,2,0,0,0,74,74,11,26,13,14,9,1,0,63,52,11,10,45,0,8,17
533713613,1,,533713611,79,39,40,4,1,3,76,38,38,43,21,22,76,38,38,76,38,38,33,17,16,14,5,9,5,0,5,0,0,0,0,0,0,30,29,9,10,7,1,2,0,1,21,15,6,2,17,1,4,3
533713614,0,,,154,77,77,22,10,12,132,67,65,79,41,38,127,62,65,125,61,64,53,26,27,22,10,12,6,3,3,0,0,0,1,1,0,66,66,23,20,11,6,3,2,1,42,34,8,5,39,1,16,7
533713621,0,,,335,176,159,34,14,20,294,157,137,210,118,92,280,148,132,271,142,129,84,39,45,30,18,12,10,5,5,2,1,1,18,16,2,133,132,40,36,25,16,9,4,2,90,69,21,8,52,12,7,13
533713622,0,,,386,188,198,55,22,33,319,161,158,221,115,106,306,151,155,293,146,147,98,46,52,37,13,24,15,3,12,1,0,1,16,6,10,159,159,51,45,23,28,9,2,1,104,84,20,11,68,9,14,22
533713623,0,,,141,72,69,22,11,11,119,61,58,95,52,43,110,56,54,103,53,50,24,9,15,10,4,6,3,2,1,0,0,0,0,0,0,44,44,5,10,10,11,6,2,0,39,34,5,2,17,0,2,3
533713624,0,,,335,174,161,58,32,26,275,141,134,190,103,87,262,134,128,255,130,125,85,38,47,41,18,23,9,4,5,0,0,0,8,7,1,118,118,20,35,30,17,9,7,0,97,76,21,16,56,5,8,14
533713631,0,,,206,102,104,21,9,12,181,91,90,127,66,61,177,88,89,174,86,88,54,25,29,32,15,17,7,2,5,1,0,1,11,7,4,95,95,40,23,15,11,5,1,0,52,43,9,5,38,4,12,9
533713632,0,,,129,61,68,19,10,9,108,49,59,77,37,40,104,47,57,100,44,56,31,12,19,13,4,9,2,0,2,0,0,0,0,0,0,52,52,15,18,8,5,3,2,1,36,31,5,5,21,6,5,6
533713633,0,,,334,161,173,38,20,18,296,141,155,207,102,105,288,136,152,282,132,150,89,39,50,38,19,19,10,3,7,0,0,0,2,1,1,135,135,32,47,25,23,7,1,0,102,91,11,11,59,3,12,18
533713634,0,,,149,78,71,31,14,17,118,64,54,95,52,43,113,60,53,111,59,52,23,12,11,12,6,6,4,2,2,0,0,0,2,1,1,50,50,9,14,6,15,3,2,1,41,34,7,9,16,3,2,4
533713641,0,,,79,36,43,9,4,5,67,30,37,49,22,27,61,26,35,59,26,33,18,8,10,4,1,3,0,0,0,0,0,0,3,1,2,26,26,4,4,9,7,1,0,1,21,19,2,1,13,0,2,2
533713642,0,,,72,35,37,7,3,4,64,32,32,34,18,16,63,32,31,62,31,31,30,14,16,20,7,13,8,2,6,1,0,1,0,0,0,24,23,5,5,7,4,1,1,0,17,15,2,4,13,0,3,4
533713643,0,,,41,22,19,5,5,0,36,17,19,30,16,14,34,17,17,33,16,17,6,1,5,3,1,2,2,1,1,0,0,0,0,0,0,19,19,8,4,4,2,1,0,0,11,10,1,0,5,1,3,1
533713644,0,,,94,50,44,14,10,4,79,39,40,48,24,24,74,36,38,73,35,38,31,15,16,15,8,7,4,2,2,1,0,1,0,0,0,35,35,6,11,9,6,3,0,0,29,26,3,3,18,0,3,8
533713651,0,,,272,128,144,46,20,26,226,108,118,151,77,74,213,99,114,206,96,110,75,31,44,38,12,26,15,2,13,1,0,1,1,0,1,88,88,14,21,15,24,10,3,1,74,59,15,13,48,0,10,13
533713652,0,,,529,267,262,77,45,32,445,219,226,296,148,148,428,211,217,420,206,214,149,71,78,72,37,35,13,7,6,1,1,0,1,0,1,205,205,53,58,43,31,14,5,1,151,123,28,27,101,4,24,25
533713653,0,,,318,154,164,51,28,23,267,126,141,174,88,86,257,119,138,251,117,134,93,38,55,36,14,22,13,5,8,3,1,2,7,3,4,108,108,14,35,28,15,10,4,2,94,78,16,19,56,0,7,17
533713654,0,,,218,107,111,28,12,16,189,94,95,138,70,68,182,92,90,178,91,87,51,24,27,25,11,14,6,3,3,0,0,0,9,5,4,83,83,25,21,16,13,1,4,3,58,49,9,10,32,2,6,8
533713661,0,,,338,160,178,54,29,25,279,129,150,197,97,100,259,118,141,252,116,136,82,32,50,43,15,28,17,5,12,2,0,2,6,3,3,117,117,26,27,24,22,14,2,2,91,71,20,10,53,4,7,13
533713662,0,,,446,218,228,36,21,15,407,195,212,339,162,177,396,191,205,384,185,199,68,33,35,31,14,17,5,2,3,0,0,0,125,60,65,248,248,147,44,32,14,8,2,1,100,87,13,15,44,89,11,12
533713663,0,,,208,105,103,28,16,12,172,86,86,125,65,60,165,83,82,160,79,81,47,21,26,21,10,11,6,2,4,1,0,1,3,3,0,80,80,18,23,15,21,3,0,0,59,54,5,5,28,4,6,12
533713664,0,,,11,5,6,0,0,0,11,5,6,9,4,5,11,5,6,10,4,6,2,1,1,0,0,0,0,0,0,0,0,0,1,0,1,5,5,1,2,2,0,0,0,0,4,4,0,0,1,1,0,1
533713671,0,,,184,85,99,25,18,7,154,66,88,117,50,67,147,64,83,143,63,80,37,16,21,26,10,16,7,4,3,0,0,0,21,5,16,75,75,23,22,9,17,2,2,0,49,42,7,9,25,12,4,7
533713672,0,,,28,15,13,0,0,0,28,15,13,27,14,13,28,15,13,27,15,12,1,1,0,0,0,0,0,0,0,0,0,0,22,12,10,27,27,26,1,0,0,0,0,0,1,1,0,0,1,20,1,0
533713673,0,,,56,27,29,18,10,8,38,17,21,25,11,14,37,17,20,37,17,20,13,6,7,8,5,3,2,1,1,0,0,0,0,0,0,18,18,3,5,2,5,1,2,0,15,13,2,5,9,0,2,3
533713674,0,,,136,67,69,22,13,9,114,54,60,70,38,32,110,52,58,108,51,57,44,16,28,21,7,14,6,1,5,1,0,1,0,0,0,45,45,7,11,10,9,7,1,0,38,29,9,6,30,0,7,7
533713682,2,533713684,,2,1,1,*,*,*,*,*,*,*,*,*,*,*,*,*,*,*,*,*,*,*,*,*,*,*,*,*,*,*,*,*,*,1,1,*,*,*,*,*,*,*,*,*,*,*,*,*,*,*
533713683,0,,,46,24,22,4,3,1,42,21,21,24,13,11,41,20,21,41,20,21,18,8,10,9,4,5,4,2,2,0,0,0,2,2,0,17,17,4,5,2,4,2,0,0,13,11,2,0,12,1,1,4
533713684,1,,533713682,29,12,17,4,0,4,27,13,14,9,4,5,26,12,14,26,12,14,18,9,9,11,6,5,1,0,1,1,0,1,0,0,0,11,11,2,6,2,1,0,0,1,10,8,2,0,10,0,2,5
533713691,1,,533713593,229,149,80,16,4,12,219,147,72,162,121,41,212,142,70,186,118,68,57,26,31,22,10,12,6,2,4,2,0,2,0,0,0,116,115,72,19,10,12,3,2,0,44,38,6,5,35,32,7,10
533713692,0,,,160,111,49,4,3,1,141,101,40,108,85,23,140,101,39,103,66,37,33,16,17,12,5,7,2,1,1,0,0,0,1,1,0,116,116,89,17,5,3,2,0,0,27,23,4,0,22,28,3,8
533713693,0,,,20,13,7,0,0,0,16,11,5,11,9,2,16,11,5,15,10,5,5,2,3,2,0,2,1,0,1,0,0,0,0,0,0,16,16,14,1,0,1,0,0,0,2,1,1,0,2,5,0,1
533713694,0,,,198,97,101,16,5,11,173,87,86,102,55,47,172,86,86,160,80,80,71,32,39,45,21,24,15,7,8,0,0,0,2,1,1,101,101,54,22,8,11,4,2,0,46,34,12,5,46,18,10,13
533713703,2,533713704,,3,2,1,*,*,*,*,*,*,*,*,*,*,*,*,*,*,*,*,*,*,*,*,*,*,*,*,*,*,*,*,*,*,2,2,*,*,*,*,*,*,*,*,*,*,*,*,*,*,*
533713704,1,,533713703,7,3,4,0,0,0,10,5,5,4,2,2,10,5,5,10,5,5,6,3,3,4,2,2,2,1,1,0,0,0,0,0,0,2,2,1,1,1,1,0,0,0,3,2,1,0,4,0,1,1
533713711,0,,,111,55,56,35,19,16,76,36,40,56,28,28,72,33,39,71,32,39,20,8,12,10,4,6,5,2,3,0,0,0,0,0,0,30,30,1,6,7,7,5,4,0,29,24,5,6,10,0,1,3
533713712,0,,,50,19,31,7,2,5,43,17,26,23,12,11,43,17,26,39,16,23,20,5,15,14,2,12,11,1,10,2,0,2,0,0,0,16,15,4,5,3,1,1,1,0,11,11,0,2,5,0,1,3
533713713,0,,,13,5,8,1,1,0,12,4,8,8,3,5,11,4,7,10,4,6,4,1,3,2,1,1,2,1,1,0,0,0,0,0,0,4,4,2,0,0,0,1,1,0,2,0,2,0,4,0,2,0
533713721,1,,533713722,87,33,54,5,2,3,85,32,53,32,16,16,83,31,52,82,31,51,53,16,37,46,12,34,36,9,27,8,1,7,4,2,2,24,22,11,8,4,1,0,1,1,15,12,3,2,10,3,1,5
533713722,2,533713721,,5,2,3,*,*,*,*,*,*,*,*,*,*,*,*,*,*,*,*,*,*,*,*,*,*,*,*,*,*,*,*,*,*,4,4,*,*,*,*,*,*,*,*,*,*,*,*,*,*,*
533713731,0,,,11,7,4,1,1,0,10,6,4,7,4,3,9,5,4,9,5,4,3,2,1,1,1,0,1,1,0,0,0,0,0,0,0,4,4,1,1,0,2,0,0,0,3,3,0,0,2,0,1,1
533713732,0,,,58,32,26,6,3,3,52,29,23,35,20,15,51,29,22,51,29,22,17,9,8,12,7,5,7,4,3,0,0,0,0,0,0,24,24,8,7,3,3,3,0,0,16,13,3,2,10,1,3,3
533713733,0,,,21,8,13,0,0,0,21,8,13,12,5,7,20,8,12,18,7,11,9,3,6,4,1,3,1,0,1,0,0,0,0,0,0,9,9,2,5,0,1,1,0,0,7,6,1,0,6,0,1,3
533713734,0,,,74,39,35,17,9,8,57,30,27,42,22,20,54,27,27,54,27,27,15,8,7,3,1,2,1,0,1,0,0,0,4,4,0,27,27,8,8,2,6,0,1,2,19,17,2,5,10,5,1,6
533713741,0,,,60,27,33,7,2,5,53,25,28,32,15,17,51,24,27,51,24,27,21,10,11,10,5,5,0,0,0,0,0,0,0,0,0,23,23,1,13,4,4,1,0,0,21,20,1,2,13,0,1,7
533713742,0,,,13,5,8,2,0,2,11,5,6,7,3,4,11,5,6,11,5,6,4,2,2,1,1,0,0,0,0,0,0,0,0,0,0,5,5,2,1,0,1,1,0,0,3,1,2,0,3,0,1,0
533713743,0,,,42,18,24,6,2,4,36,16,20,26,11,15,36,16,20,36,16,20,10,5,5,5,1,4,3,1,2,1,0,1,2,1,1,14,14,1,4,4,4,1,0,0,13,9,4,3,8,0,1,1
533713744,0,,,75,35,40,15,9,6,60,26,34,42,20,22,58,25,33,58,25,33,18,6,12,11,3,8,6,2,4,1,0,1,0,0,0,27,27,6,8,6,1,5,1,0,21,16,5,5,15,0,6,2
533713751,0,,,266,122,144,51,24,27,215,98,117,163,77,86,203,93,110,198,93,105,52,21,31,28,10,18,10,5,5,1,0,1,0,0,0,82,82,4,26,18,21,6,7,0,78,64,14,17,35,0,4,8
533713752,0,,,356,171,185,46,27,19,310,144,166,207,104,103,298,140,158,290,136,154,103,40,63,52,18,34,19,3,16,1,1,0,2,1,1,125,125,25,23,37,28,10,2,0,100,79,21,13,68,5,17,15
533713753,0,,,418,202,216,51,22,29,367,180,187,233,121,112,353,172,181,347,171,176,134,59,75,71,31,40,22,6,16,2,0,2,9,8,1,156,156,26,56,31,33,6,3,1,129,105,24,13,85,4,11,32
533713754,0,,,425,216,209,68,40,28,357,176,181,218,118,100,331,156,175,316,149,167,139,58,81,75,36,39,20,11,9,0,0,0,7,6,1,155,152,45,47,25,25,7,2,1,107,86,21,8,90,13,21,32
533713761,0,,,243,118,125,32,21,11,210,96,114,137,66,71,199,89,110,195,86,109,73,30,43,44,18,26,9,3,6,0,0,0,3,2,1,98,98,21,37,19,16,4,0,1,76,65,11,6,48,1,9,20
533713762,0,,,234,114,120,40,23,17,194,91,103,109,51,58,185,86,99,183,85,98,85,40,45,46,21,25,14,5,9,3,1,2,0,0,0,82,82,13,28,17,12,7,4,1,65,51,14,7,53,0,10,16
533713763,0,,,82,40,42,15,8,7,67,32,35,46,20,26,64,30,34,60,29,31,21,12,9,13,7,6,3,3,0,0,0,0,0,0,0,29,29,5,9,4,9,1,1,0,24,22,2,2,14,0,4,5
533713764,0,,,92,50,42,10,6,4,82,44,38,36,21,15,82,44,38,81,43,38,46,23,23,19,10,9,4,1,3,0,0,0,1,0,1,31,31,4,11,7,4,3,0,2,27,20,7,4,26,0,2,8
533713771,0,,,241,117,124,26,11,15,215,106,109,125,66,59,206,103,103,204,101,103,90,40,50,53,24,29,18,6,12,2,0,2,0,0,0,88,88,15,31,18,13,8,3,0,73,54,19,3,53,0,9,17
533713772,1,,533713774,218,104,114,25,14,11,194,91,103,114,53,61,189,89,100,186,88,98,80,38,42,43,21,22,11,6,5,1,0,1,0,0,0,80,80,16,21,26,7,9,2,0,65,53,12,7,50,2,6,16
533713773,0,,,119,67,52,23,12,11,96,55,41,77,45,32,90,51,39,88,49,39,19,10,9,5,3,2,1,0,1,0,0,0,14,11,3,45,45,17,7,5,11,2,2,1,28,24,4,6,13,12,3,3
533713774,2,533713772,,3,2,1,*,*,*,*,*,*,*,*,*,*,*,*,*,*,*,*,*,*,*,*,*,*,*,*,*,*,*,*,*,*,1,1,*,*,*,*,*,*,*,*,*,*,*,*,*,*,*
533713781,0,,,113,54,59,6,6,0,105,48,57,60,27,33,104,48,56,103,48,55,45,21,24,22,10,12,4,1,3,0,0,0,1,0,1,44,44,9,17,8,7,1,1,1,35,27,8,3,27,3,2,8
533713782,0,,,23,10,13,1,0,1,22,10,12,13,7,6,22,10,12,22,10,12,9,3,6,7,2,5,2,2,0,0,0,0,0,0,0,10,10,3,3,2,2,0,0,0,7,6,1,1,6,0,2,2
533713783,2,533713784,,9,5,4,*,*,*,*,*,*,*,*,*,*,*,*,*,*,*,*,*,*,*,*,*,*,*,*,*,*,*,*,*,*,3,3,*,*,*,*,*,*,*,*,*,*,*,*,*,*,*
533713784,1,,533713783,241,121,120,20,12,8,228,113,115,143,74,69,223,109,114,216,105,111,85,39,46,46,21,25,13,5,8,0,0,0,27,14,13,130,130,70,34,17,5,4,2,1,62,55,7,6,60,5,24,16
533713791,0,,,525,261,264,58,33,25,454,222,232,304,151,153,432,213,219,424,207,217,150,71,79,86,35,51,31,17,14,0,0,0,11,10,1,222,222,75,59,38,38,7,4,1,144,120,24,12,102,10,21,35
533713792,0,,,636,328,308,84,44,40,540,277,263,373,201,172,519,267,252,491,244,247,167,76,91,84,35,49,26,9,17,2,1,1,8,4,4,281,281,116,69,39,33,16,4,4,163,136,27,15,110,30,21,32
533713793,0,,,345,171,174,43,19,24,293,148,145,217,117,100,280,142,138,275,139,136,76,31,45,37,14,23,14,5,9,1,0,1,5,3,2,156,156,67,33,24,23,7,1,1,88,77,11,13,49,17,14,15
533713794,0,,,454,208,246,64,30,34,376,172,204,236,128,108,367,169,198,359,165,194,140,44,96,98,23,75,52,9,43,7,0,7,7,6,1,188,186,73,46,32,21,9,4,1,112,96,16,17,73,15,16,15
533713801,0,,,27,13,14,4,0,4,23,13,10,13,9,4,22,12,10,20,10,10,10,4,6,5,2,3,1,0,1,0,0,0,0,0,0,7,7,0,1,2,2,1,1,0,7,4,3,0,5,0,0,1
533713802,0,,,42,25,17,7,4,3,35,21,14,19,11,8,34,20,14,33,19,14,16,10,6,10,5,5,4,2,2,0,0,0,0,0,0,13,13,1,4,3,1,4,0,0,12,10,2,2,9,0,1,4
533713803,1,,533713804,30,15,15,4,1,3,31,16,15,17,9,8,30,15,15,30,15,15,14,7,7,7,1,6,5,0,5,0,0,0,0,0,0,8,8,1,2,2,2,2,1,0,9,4,5,1,9,0,1,1
533713804,2,533713803,,5,2,3,*,*,*,*,*,*,*,*,*,*,*,*,*,*,*,*,*,*,*,*,*,*,*,*,*,*,*,*,*,*,2,2,*,*,*,*,*,*,*,*,*,*,*,*,*,*,*
533713811,0,,,32,16,16,4,1,3,28,15,13,15,8,7,26,13,13,25,12,13,13,7,6,2,0,2,1,0,1,0,0,0,0,0,0,10,10,2,2,3,1,0,1,1,8,5,3,1,8,0,1,2
533713812,0,,,58,27,31,7,4,3,50,22,28,32,16,16,48,22,26,47,22,25,18,6,12,12,3,9,6,0,6,0,0,0,0,0,0,19,19,3,6,3,4,1,1,1,16,10,6,1,11,0,1,3
533713814,0,,,22,7,15,4,0,4,18,7,11,10,4,6,17,7,10,17,7,10,8,3,5,3,1,2,2,0,2,0,0,0,0,0,0,6,6,2,0,1,0,1,2,0,4,1,3,1,5,0,1,0
533713821,0,,,61,30,31,7,5,2,54,25,29,29,12,17,53,24,29,52,24,28,25,13,12,12,7,5,5,3,2,0,0,0,0,0,0,20,20,1,8,5,3,2,0,1,19,15,4,2,13,0,0,6
533713823,1,,533713824,14,8,6,3,2,1,15,9,6,8,5,3,15,9,6,15,9,6,7,4,3,0,0,0,0,0,0,0,0,0,0,0,0,5,5,0,2,2,2,0,0,0,6,6,0,0,4,0,0,2
533713824,2,533713823,,4,3,1,*,*,*,*,*,*,*,*,*,*,*,*,*,*,*,*,*,*,*,*,*,*,*,*,*,*,*,*,*,*,1,1,*,*,*,*,*,*,*,*,*,*,*,*,*,*,*
533713831,1,,533713832,104,48,56,9,5,4,95,45,50,56,24,32,93,43,50,91,43,48,39,21,18,15,9,6,2,1,1,0,0,0,3,1,2,46,46,12,21,8,5,2,0,0,34,32,2,2,26,0,8,10
533713832,2,533713831,,4,3,1,*,*,*,*,*,*,*,*,*,*,*,*,*,*,*,*,*,*,*,*,*,*,*,*,*,*,*,*,*,*,2,2,*,*,*,*,*,*,*,*,*,*,*,*,*,*,*
533713841,0,,,59,27,32,9,3,6,50,24,26,35,18,17,49,23,26,48,22,26,15,6,9,13,5,8,3,0,3,0,0,0,0,0,0,20,20,3,8,4,1,2,1,1,17,11,6,1,12,0,1,2
533713842,0,,,108,53,55,11,3,8,97,50,47,61,34,27,94,48,46,92,48,44,36,16,20,21,9,12,6,3,3,2,0,2,2,2,0,41,41,11,12,5,8,4,1,0,30,22,8,3,24,2,7,7
533713843,0,,,10,5,5,0,0,0,10,5,5,7,4,3,10,5,5,10,5,5,3,1,2,1,0,1,0,0,0,0,0,0,0,0,0,6,6,3,2,1,0,0,0,0,3,3,0,0,3,0,1,1
533713844,0,,,34,15,19,5,2,3,29,13,16,12,7,5,29,13,16,29,13,16,17,6,11,13,4,9,9,1,8,1,0,1,0,0,0,11,10,3,3,2,0,2,0,0,7,6,1,1,5,0,2,1
533713851,0,,,313,163,150,31,20,11,282,143,139,184,95,89,269,136,133,264,135,129,98,48,50,31,15,16,8,4,4,2,0,2,2,2,0,120,120,19,46,26,22,6,1,0,100,86,14,5,62,1,10,23
533713852,0,,,254,123,131,32,19,13,222,104,118,143,70,73,214,102,112,208,99,109,79,34,45,40,17,23,9,1,8,0,0,0,2,0,2,95,95,18,33,18,18,5,2,1,77,64,13,5,54,2,9,19
533713853,0,,,125,69,56,14,10,4,111,59,52,72,41,31,106,56,50,106,56,50,39,18,21,27,13,14,9,3,6,0,0,0,0,0,0,42,42,4,14,8,11,5,0,0,38,33,5,2,24,0,4,7
533713854,0,,,149,69,80,22,11,11,127,58,69,83,42,41,123,56,67,121,55,66,44,16,28,28,9,19,8,3,5,1,0,1,0,0,0,50,50,6,13,15,9,6,1,0,44,33,11,10,28,0,5,7
533713861,0,,,153,80,73,24,10,14,125,68,57,88,51,37,119,64,55,117,64,53,37,17,20,15,6,9,7,3,4,0,0,0,7,6,1,63,63,26,8,14,8,5,2,0,37,29,8,6,22,12,4,5
533713862,0,,,63,31,32,7,4,3,56,27,29,33,19,14,54,27,27,53,26,27,23,8,15,15,6,9,3,1,2,0,0,0,0,0,0,22,22,4,7,3,5,2,1,0,18,12,6,2,14,0,1,3
533713863,0,,,74,40,34,19,9,10,55,31,24,33,20,13,54,30,24,53,29,24,22,11,11,7,3,4,2,1,1,0,0,0,1,0,1,25,25,1,11,6,4,1,2,0,23,21,2,2,12,0,0,6
533713864,0,,,162,80,82,31,21,10,129,59,70,109,52,57,124,55,69,123,54,69,20,7,13,11,3,8,6,2,4,0,0,0,0,0,0,65,65,19,14,16,13,3,0,0,45,40,5,10,15,1,5,2
533713871,0,,,16,8,8,2,1,1,14,7,7,9,5,4,14,7,7,14,7,7,5,2,3,3,1,2,1,0,1,0,0,0,0,0,0,4,4,0,0,2,1,0,1,0,4,1,3,1,3,0,0,0
533713872,0,,,26,13,13,3,2,1,23,11,12,18,9,9,21,10,11,19,9,10,5,2,3,1,0,1,1,0,1,0,0,0,0,0,0,7,7,1,1,2,1,0,1,1,6,3,3,0,3,0,0,0
533713873,0,,,21,10,11,2,0,2,19,10,9,14,7,7,18,9,9,17,9,8,5,3,2,3,2,1,2,1,1,0,0,0,0,0,0,6,6,0,0,3,3,0,0,0,6,4,2,1,4,0,0,0
533713874,0,,,148,67,81,27,10,17,115,52,63,100,46,54,113,52,61,112,51,61,15,6,9,7,2,5,5,1,4,2,0,2,9,0,9,69,69,31,14,12,9,1,2,0,38,33,5,8,9,8,2,1
533713881,0,,,179,90,89,29,15,14,148,74,74,118,60,58,144,72,72,144,72,72,30,14,16,18,8,10,5,2,3,0,0,0,4,4,0,71,71,21,20,12,10,6,2,0,47,39,8,8,18,4,2,5
533713882,0,,,427,223,204,43,19,24,373,196,177,259,139,120,362,191,171,352,186,166,114,57,57,66,31,35,15,7,8,0,0,0,36,34,2,201,201,91,44,28,28,9,0,1,109,89,20,12,76,35,19,26
533713883,0,,,121,64,57,19,15,4,99,47,52,80,38,42,96,47,49,95,47,48,19,9,10,7,4,3,3,2,1,1,0,1,1,1,0,55,54,24,12,8,5,3,2,0,30,25,5,8,12,3,4,3
533713884,0,,,601,294,307,78,38,40,520,255,265,382,200,182,498,243,255,487,237,250,138,55,83,79,31,48,19,5,14,1,0,1,24,14,10,268,267,108,66,40,34,15,3,1,158,132,26,24,93,27,24,22
533713891,0,,,470,230,240,71,35,36,396,192,204,266,133,133,385,188,197,380,185,195,130,59,71,74,31,43,19,7,12,0,0,0,12,7,5,198,198,66,57,28,36,7,2,2,131,111,20,12,81,11,14,36
533713892,0,,,551,294,257,73,40,33,466,248,218,353,198,155,452,243,209,445,238,207,113,50,63,65,24,41,19,8,11,1,0,1,17,10,7,255,255,111,59,43,28,9,3,2,141,118,23,18,78,48,21,23
533713893,0,,,600,315,285,91,53,38,458,236,222,355,194,161,444,229,215,440,229,211,103,42,61,58,24,34,19,6,13,2,1,1,15,11,4,301,301,160,51,45,31,6,7,1,135,120,15,29,66,21,15,20
533713894,0,,,304,151,153,38,22,16,262,128,134,186,94,92,245,120,125,243,118,125,76,34,42,40,16,24,15,6,9,0,0,0,2,0,2,135,135,57,37,14,12,10,3,2,77,62,15,6,51,8,13,13
533713901,0,,,17,11,6,0,0,0,17,11,6,10,8,2,17,11,6,16,10,6,7,3,4,4,2,2,1,1,0,0,0,0,0,0,0,6,6,0,3,2,0,1,0,0,6,6,0,0,4,0,0,2
533713902,0,,,39,21,18,6,3,3,33,18,15,15,10,5,33,18,15,33,18,15,18,8,10,8,3,5,2,0,2,0,0,0,0,0,0,13,13,1,3,5,3,1,0,0,12,8,4,1,10,0,1,1
533713903,2,533713904,,2,1,1,*,*,*,*,*,*,*,*,*,*,*,*,*,*,*,*,*,*,*,*,*,*,*,*,*,*,*,*,*,*,1,1,*,*,*,*,*,*,*,*,*,*,*,*,*,*,*
533713904,1,,533713903,14,9,5,0,0,0,16,10,6,7,4,3,16,10,6,16,10,6,9,6,3,2,1,1,1,0,1,0,0,0,0,0,0,7,7,3,3,1,1,0,0,0,5,4,1,0,7,0,3,1
533713911,2,533713912,,2,1,1,*,*,*,*,*,*,*,*,*,*,*,*,*,*,*,*,*,*,*,*,*,*,*,*,*,*,*,*,*,*,1,1,*,*,*,*,*,*,*,*,*,*,*,*,*,*,*
533713912,1,,533713911,47,21,26,8,5,3,41,17,24,21,10,11,40,16,24,40,16,24,20,7,13,8,1,7,4,0,4,1,0,1,0,0,0,14,14,3,4,2,1,3,1,1,11,5,6,1,11,0,1,1
533713913,0,,,10,5,5,0,0,0,10,5,5,8,3,5,10,5,5,10,5,5,2,2,0,0,0,0,0,0,0,0,0,0,0,0,0,5,5,2,1,2,0,0,0,0,3,2,1,0,2,0,0,1
533713914,0,,,38,18,20,6,2,4,32,16,16,21,10,11,32,16,16,32,16,16,11,6,5,9,4,5,1,1,0,0,0,0,1,0,1,12,12,2,2,3,3,1,1,0,10,7,3,1,7,0,1,1
533713921,2,533713923,,2,2,0,*,*,*,*,*,*,*,*,*,*,*,*,*,*,*,*,*,*,*,*,*,*,*,*,*,*,*,*,*,*,2,2,*,*,*,*,*,*,*,*,*,*,*,*,*,*,*
533713922,2,533713923,,5,3,2,*,*,*,*,*,*,*,*,*,*,*,*,*,*,*,*,*,*,*,*,*,*,*,*,*,*,*,*,*,*,1,1,*,*,*,*,*,*,*,*,*,*,*,*,*,*,*
533713923,1,,533713921;533713922,41,15,26,7,3,4,41,17,24,23,11,12,41,17,24,41,17,24,18,6,12,13,4,9,5,1,4,0,0,0,0,0,0,14,14,3,6,2,3,3,0,0,14,8,6,2,12,0,3,2
533713924,0,,,10,4,6,0,0,0,10,4,6,7,4,3,10,4,6,10,4,6,3,0,3,3,0,3,1,0,1,0,0,0,0,0,0,4,4,1,1,1,1,0,0,0,3,1,2,0,3,0,1,0
533713931,2,533713932,,2,1,1,*,*,*,*,*,*,*,*,*,*,*,*,*,*,*,*,*,*,*,*,*,*,*,*,*,*,*,*,*,*,1,1,*,*,*,*,*,*,*,*,*,*,*,*,*,*,*
533713932,1,,533713931,19,9,10,3,2,1,18,8,10,10,4,6,18,8,10,18,8,10,8,4,4,5,2,3,0,0,0,0,0,0,0,0,0,5,5,1,2,0,1,1,0,1,5,3,2,0,5,0,1,2
533713941,0,,,82,42,40,13,9,4,69,33,36,49,24,25,65,31,34,63,31,32,20,9,11,10,5,5,0,0,0,0,0,0,0,0,0,27,27,5,10,4,2,2,2,2,21,16,5,5,12,0,3,4
533713942,0,,,45,20,25,7,3,4,38,17,21,22,10,12,36,17,19,35,17,18,16,7,9,7,3,4,2,0,2,0,0,0,0,0,0,14,14,1,4,3,3,3,0,0,13,9,4,0,10,0,1,3
533713943,0,,,39,23,16,3,2,1,36,21,15,28,17,11,35,20,15,35,20,15,8,4,4,5,2,3,2,1,1,0,0,0,4,4,0,17,17,7,4,3,1,1,1,0,10,8,2,1,8,2,3,0
533713944,0,,,110,60,50,20,12,8,90,48,42,62,35,27,86,44,42,85,43,42,28,13,15,15,6,9,5,2,3,0,0,0,0,0,0,38,38,7,11,9,4,4,3,0,31,25,6,4,19,0,3,6
533713951,0,,,250,125,125,48,22,26,202,103,99,139,71,68,195,99,96,189,94,95,63,32,31,29,14,15,12,6,6,2,2,0,0,0,0,73,73,6,19,13,16,12,6,1,66,50,16,15,39,0,3,8
533713952,0,,,114,60,54,12,7,5,102,53,49,74,42,32,97,49,48,93,49,44,28,11,17,13,4,9,5,0,5,2,0,2,10,8,2,43,43,13,4,17,5,2,2,0,30,24,6,3,17,7,2,2
533713953,0,,,113,51,62,16,5,11,97,46,51,65,32,33,95,46,49,94,45,49,32,14,18,12,4,8,6,1,5,2,1,1,0,0,0,35,35,3,11,6,10,2,2,1,32,24,8,3,21,0,2,5
533713954,0,,,73,31,42,12,7,5,61,24,37,34,13,21,60,23,37,60,23,37,27,11,16,13,4,9,2,2,0,0,0,0,0,0,0,29,29,7,10,5,5,1,1,0,22,19,3,2,18,0,7,6
533713961,0,,,202,97,105,30,15,15,171,82,89,120,59,61,161,78,83,158,77,81,51,23,28,31,16,15,8,4,4,0,0,0,1,0,1,62,62,6,16,10,19,8,3,0,55,40,15,9,31,2,3,8
533713962,0,,,92,47,45,18,8,10,72,38,34,65,35,30,70,37,33,69,37,32,7,3,4,2,1,1,0,0,0,0,0,0,0,0,0,43,43,16,17,2,5,2,1,0,23,21,2,7,6,5,2,1
533713963,0,,,75,42,33,6,5,1,69,37,32,37,23,14,67,36,31,66,35,31,32,14,18,13,6,7,3,0,3,1,0,1,0,0,0,27,27,4,10,7,2,2,2,0,23,18,5,0,19,1,1,7
533713964,0,,,31,14,17,3,2,1,28,12,16,21,8,13,24,12,12,23,11,12,7,4,3,2,1,1,1,0,1,1,0,1,0,0,0,8,8,1,2,0,1,3,0,1,7,3,4,1,4,0,0,0
533713971,0,,,50,17,33,0,0,0,24,7,17,0,0,0,24,7,17,24,7,17,24,7,17,18,4,14,13,1,12,4,1,3,0,0,0,48,48,46,2,0,0,0,0,0,2,1,1,0,22,0,20,1
533713972,0,,,49,23,26,5,3,2,44,20,24,36,15,21,39,19,20,38,19,19,8,5,3,2,1,1,1,1,0,1,1,0,3,3,0,17,17,4,5,2,4,1,0,1,13,10,3,1,5,1,0,2
533713973,0,,,59,27,32,11,6,5,45,20,25,33,15,18,44,20,24,44,20,24,12,5,7,3,1,2,0,0,0,0,0,0,0,0,0,26,26,7,11,2,6,0,0,0,17,17,0,1,10,0,5,3
533713974,0,,,34,12,22,3,1,2,31,11,20,24,9,15,31,11,20,31,11,20,7,2,5,5,1,4,5,1,4,0,0,0,0,0,0,11,11,1,5,1,1,2,1,0,10,7,3,2,6,0,0,1
533713981,0,,,176,98,78,11,9,2,152,76,76,123,64,59,147,75,72,142,72,70,29,12,17,20,7,13,4,0,4,1,0,1,11,0,11,94,94,58,12,13,5,2,3,1,35,24,11,4,20,20,5,2
533713982,0,,,924,450,474,72,44,28,840,401,439,460,227,233,823,392,431,814,389,425,380,174,206,200,86,114,79,33,46,8,4,4,19,7,12,395,395,125,129,68,47,14,7,5,266,210,56,22,248,8,64,68
533713983,0,,,89,39,50,12,5,7,76,34,42,53,22,31,71,32,39,67,29,38,23,12,11,14,6,8,6,2,4,0,0,0,5,1,4,29,29,7,4,9,3,3,1,2,22,13,9,3,14,2,3,2
533713984,0,,,362,197,165,39,26,13,322,170,152,227,126,101,310,161,149,308,159,149,95,44,51,42,17,25,14,3,11,1,0,1,35,22,13,174,174,80,43,20,20,10,1,0,92,73,19,14,66,25,18,19
533713991,0,,,598,285,313,94,54,40,498,228,270,329,159,170,477,219,258,464,214,250,169,69,100,100,41,59,41,16,25,3,0,3,32,14,18,247,247,70,81,42,35,15,3,1,175,151,24,22,110,17,25,32
533713992,0,,,621,284,337,61,27,34,556,255,301,343,169,174,528,238,290,509,229,280,213,86,127,126,53,73,44,18,26,4,2,2,20,8,12,268,268,82,87,56,25,13,3,2,181,156,25,14,143,14,47,37
533713993,0,,,505,231,274,62,34,28,439,194,245,261,128,133,428,188,240,421,184,237,178,66,112,114,33,81,46,13,33,3,1,2,9,3,6,216,216,67,74,34,25,12,2,2,146,127,19,20,125,3,47,35
533713994,0,,,381,191,190,44,21,23,318,158,160,206,116,90,310,156,154,306,154,152,112,42,70,55,20,35,14,5,9,1,1,0,17,6,11,195,195,93,53,23,19,5,2,0,102,90,12,17,78,18,22,23
533714103,1,,533714104,24,10,14,2,0,2,29,13,16,16,8,8,28,13,15,27,13,14,13,5,8,5,2,3,0,0,0,0,0,0,0,0,0,8,8,0,5,2,1,1,1,0,10,8,2,0,8,0,0,3
533714104,2,533714103,,7,3,4,*,*,*,*,*,*,*,*,*,*,*,*,*,*,*,*,*,*,*,*,*,*,*,*,*,*,*,*,*,*,2,2,*,*,*,*,*,*,*,*,*,*,*,*,*,*,*
533714131,2,533714231,,8,5,3,*,*,*,*,*,*,*,*,*,*,*,*,*,*,*,*,*,*,*,*,*,*,*,*,*,*,*,*,*,*,2,2,*,*,*,*,*,*,*,*,*,*,*,*,*,*,*
533714201,1,,533714202;533714301,9,4,5,2,1,1,20,10,10,12,7,5,18,8,10,18,8,10,8,3,5,4,1,3,0,0,0,0,0,0,0,0,0,4,4,2,4,1,1,1,0,0,7,5,2,0,6,0,2,1
533714202,2,533714201,,8,5,3,*,*,*,*,*,*,*,*,*,*,*,*,*,*,*,*,*,*,*,*,*,*,*,*,*,*,*,*,*,*,4,4,*,*,*,*,*,*,*,*,*,*,*,*,*,*,*
533714214,0,,,32,15,17,0,0,0,32,15,17,22,11,11,31,15,16,30,14,16,10,4,6,6,2,4,1,0,1,0,0,0,0,0,0,13,13,4,4,2,1,2,0,0,9,7,2,0,9,0,3,1
533714223,0,,,45,20,25,9,4,5,36,16,20,17,7,10,35,15,20,34,15,19,19,9,10,12,4,8,6,2,4,1,0,1,0,0,0,13,13,2,4,2,1,0,3,1,11,7,4,0,11,0,2,3
533714224,0,,,13,7,6,1,0,1,12,7,5,6,3,3,12,7,5,12,7,5,6,4,2,2,2,0,0,0,0,0,0,0,0,0,0,4,4,1,0,1,1,1,0,0,3,2,1,0,4,0,1,0
533714231,1,,533714131,4,2,2,1,1,0,11,6,5,4,3,1,10,5,5,9,4,5,7,3,4,3,1,2,1,0,1,0,0,0,0,0,0,2,2,0,3,0,0,0,1,0,4,3,1,0,4,0,0,3
533714301,2,533714201,,5,2,3,*,*,*,*,*,*,*,*,*,*,*,*,*,*,*,*,*,*,*,*,*,*,*,*,*,*,*,*,*,*,1,1,*,*,*,*,*,*,*,*,*,*,*,*,*,*,*
533714312,0,,,21,9,12,2,1,1,19,8,11,11,5,6,19,8,11,19,8,11,8,3,5,3,1,2,1,0,1,0,0,0,0,0,0,9,9,2,4,1,2,0,0,0,7,7,0,1,5,0,2,3
533714313,2,533714314,,4,2,2,*,*,*,*,*,*,*,*,*,*,*,*,*,*,*,*,*,*,*,*,*,*,*,*,*,*,*,*,*,*,2,2,*,*,*,*,*,*,*,*,*,*,*,*,*,*,*
533714314,1,,533714313,4,2,2,0,0,0,8,4,4,4,2,2,8,4,4,8,4,4,4,2,2,2,1,1,2,1,1,1,1,0,0,0,0,2,2,1,2,1,0,0,0,0,3,3,0,0,3,0,1,1
533714321,0,,,31,16,15,5,3,2,26,13,13,17,10,7,24,11,13,23,10,13,9,3,6,2,0,2,2,0,2,1,0,1,0,0,0,11,11,3,3,2,2,0,0,1,8,6,2,1,5,0,0,1
533714322,0,,,25,10,15,1,1,0,24,9,15,13,5,8,23,9,14,21,8,13,11,4,7,4,1,3,1,0,1,0,0,0,0,0,0,8,8,1,1,5,0,0,0,1,7,3,4,0,7,0,1,0
533714411,1,,533714413,15,8,7,1,1,0,17,8,9,11,5,6,16,7,9,16,7,9,6,3,3,3,1,2,1,0,1,0,0,0,0,0,0,5,5,1,1,2,1,1,0,0,5,3,2,0,5,0,1,1
533714413,2,533714411,,3,1,2,*,*,*,*,*,*,*,*,*,*,*,*,*,*,*,*,*,*,*,*,*,*,*,*,*,*,*,*,*,*,1,1,*,*,*,*,*,*,*,*,*,*,*,*,*,*,*
533714502,2,533714601,,3,2,1,*,*,*,*,*,*,*,*,*,*,*,*,*,*,*,*,*,*,*,*,*,*,*,*,*,*,*,*,*,*,1,1,*,*,*,*,*,*,*,*,*,*,*,*,*,*,*
533714601,1,,533714502,148,72,76,20,11,9,130,63,67,91,45,46,124,61,63,122,60,62,39,18,21,14,6,8,3,0,3,1,0,1,4,1,3,57,57,9,22,15,9,1,2,0,48,42,6,11,25,0,5,8
533714602,0,,,49,24,25,2,1,1,47,23,24,22,12,10,47,23,24,46,23,23,25,11,14,17,8,9,6,3,3,0,0,0,0,0,0,18,18,5,4,3,4,1,1,0,13,10,3,0,15,0,4,3
533714603,0,,,393,181,212,56,21,35,337,160,177,199,100,99,325,154,171,316,149,167,138,60,78,77,37,40,24,10,14,1,0,1,3,2,1,143,143,31,49,24,17,12,6,4,112,86,26,8,87,1,20,30
533714604,0,,,123,59,64,10,4,6,111,53,58,75,42,33,109,52,57,109,52,57,36,11,25,21,4,17,13,1,12,2,0,2,4,0,4,55,55,24,13,6,6,5,1,0,30,17,13,6,28,4,8,3
533714613,0,,,47,21,26,4,1,3,43,20,23,22,10,12,40,19,21,40,19,21,21,10,11,10,4,6,5,1,4,1,0,1,0,0,0,21,21,9,4,5,1,1,1,0,12,8,4,0,14,0,8,2
533714614,0,,,14,6,8,1,1,0,13,5,8,10,4,6,13,5,8,12,4,8,3,1,2,1,1,0,1,1,0,0,0,0,0,0,0,7,7,2,3,2,0,0,0,0,5,4,1,0,2,0,1,0
533714701,0,,,327,164,163,64,32,32,254,126,128,193,98,95,248,123,125,244,122,122,61,28,33,29,13,16,8,3,5,0,0,0,2,0,2,142,142,50,41,25,15,8,2,1,92,86,6,26,39,8,7,19
533714702,0,,,162,74,88,15,6,9,147,68,79,83,36,47,144,66,78,142,66,76,64,32,32,41,16,25,11,3,8,2,0,2,2,0,2,60,60,20,14,9,7,6,1,3,40,24,16,5,42,0,11,7
533714703,0,,,322,179,143,64,42,22,254,134,120,203,112,91,246,130,116,236,125,111,51,22,29,28,10,18,10,3,7,1,0,1,47,32,15,136,136,53,28,23,19,10,3,0,81,70,11,19,34,22,7,14
533714704,0,,,223,108,115,21,7,14,200,100,100,130,70,60,193,95,98,191,95,96,70,30,40,34,11,23,11,3,8,1,0,1,4,2,2,94,94,31,26,17,14,4,1,1,61,50,11,6,48,7,12,10
533714711,2,533714713,,11,3,8,*,*,*,*,*,*,*,*,*,*,*,*,*,*,*,*,*,*,*,*,*,*,*,*,*,*,*,*,*,*,4,4,*,*,*,*,*,*,*,*,*,*,*,*,*,*,*
533714712,0,,,15,7,8,0,0,0,15,7,8,9,5,4,14,6,8,13,5,8,6,2,4,5,2,3,1,0,1,0,0,0,0,0,0,6,6,1,2,2,1,0,0,0,5,4,1,0,4,0,1,1
533714713,1,,533714711,91,37,54,14,2,12,88,38,50,56,28,28,84,37,47,83,37,46,32,10,22,11,2,9,5,0,5,1,0,1,0,0,0,34,34,11,12,3,8,0,2,2,27,23,4,3,21,0,8,7
533714714,0,,,166,84,82,14,6,8,143,74,69,107,56,51,139,72,67,136,71,65,36,18,18,19,10,9,9,4,5,2,1,1,7,6,1,80,80,43,10,13,8,4,2,0,36,28,8,6,24,5,6,0
533714721,0,,,20,10,10,1,1,0,19,9,10,11,6,5,17,8,9,17,8,9,8,3,5,3,0,3,1,0,1,1,0,1,0,0,0,6,6,1,1,2,1,0,0,1,5,2,3,0,5,0,1,0
533714723,0,,,29,14,15,6,3,3,23,11,12,18,8,10,22,11,11,21,11,10,5,3,2,2,1,1,0,0,0,0,0,0,0,0,0,10,10,3,2,1,3,0,0,1,7,6,1,3,3,0,0,1
533714801,0,,,429,226,203,62,31,31,355,189,166,266,155,111,347,184,163,338,178,160,89,34,55,40,12,28,16,3,13,0,0,0,42,21,21,213,213,113,39,25,23,9,2,2,97,82,15,20,65,28,27,12
533714802,0,,,631,303,328,66,25,41,559,274,285,349,181,168,543,270,273,533,263,270,210,93,117,112,48,64,44,15,29,3,1,2,6,4,2,248,245,82,58,46,41,10,5,3,163,126,37,17,119,12,33,25
533714803,0,,,699,355,344,86,36,50,600,311,289,418,230,188,575,301,274,561,293,268,182,81,101,101,40,61,48,17,31,4,1,3,15,7,8,300,299,115,71,49,45,16,1,2,182,160,22,24,112,9,30,30
533714804,0,,,694,330,364,79,40,39,612,289,323,391,196,195,589,276,313,580,270,310,221,93,128,147,58,89,42,20,22,3,0,3,8,3,5,271,271,77,77,51,39,13,9,5,193,152,41,14,146,3,35,37
533714811,0,,,421,196,225,32,16,16,388,179,209,254,119,135,368,172,196,358,166,192,134,60,74,72,32,40,21,7,14,0,0,0,3,1,2,161,161,27,60,38,26,4,6,0,133,111,22,9,87,0,14,26
533714812,0,,,387,194,193,57,28,29,321,163,158,220,114,106,315,159,156,307,155,152,101,49,52,36,21,15,11,7,4,2,1,1,1,0,1,154,154,38,50,36,18,6,3,3,113,93,20,26,63,6,7,22
533714813,0,,,616,273,343,81,42,39,530,229,301,360,159,201,507,217,290,497,210,287,170,70,100,97,37,60,20,4,16,0,0,0,28,3,25,259,259,85,74,39,42,16,3,0,170,145,25,23,123,16,35,32
533714814,0,,,356,191,165,73,43,30,276,144,132,254,133,121,267,138,129,260,135,125,22,11,11,11,4,7,3,1,2,1,0,1,2,1,1,152,152,56,36,28,17,14,1,0,91,84,7,35,15,14,6,3
533714821,0,,,29,15,14,5,3,2,24,12,12,19,10,9,23,11,12,23,11,12,5,2,3,0,0,0,0,0,0,0,0,0,0,0,0,12,12,4,3,1,4,0,0,0,8,7,1,2,3,0,1,1
533714834,2,533714943,,1,1,0,*,*,*,*,*,*,*,*,*,*,*,*,*,*,*,*,*,*,*,*,*,*,*,*,*,*,*,*,*,*,1,1,*,*,*,*,*,*,*,*,*,*,*,*,*,*,*
533714843,0,,,11,7,4,0,0,0,11,7,4,5,4,1,11,7,4,11,7,4,6,3,3,4,2,2,4,2,2,0,0,0,0,0,0,4,4,0,2,1,1,0,0,0,4,1,3,0,4,0,0,1
533714901,0,,,1004,487,517,108,62,46,883,419,464,477,247,230,865,408,457,855,403,452,406,172,234,228,87,141,92,31,61,6,1,5,4,1,3,416,416,127,128,77,45,29,6,4,286,222,64,27,272,6,72,68
533714902,0,,,1003,490,513,122,62,60,873,423,450,557,287,270,843,406,437,818,390,428,316,136,180,183,72,111,86,32,54,2,1,1,22,12,10,421,421,125,134,77,56,20,8,1,295,250,45,40,214,17,63,64
533714903,0,,,1077,516,561,117,60,57,944,446,498,581,311,270,916,433,483,899,422,477,363,135,228,217,73,144,91,26,65,6,3,3,23,11,12,480,480,194,123,72,53,22,14,2,282,215,67,28,255,21,79,50
533714904,0,,,757,395,362,88,52,36,641,329,312,431,237,194,617,319,298,599,308,291,210,92,118,116,48,68,42,13,29,3,0,3,15,8,7,344,344,153,76,48,39,17,10,1,189,153,36,22,137,35,37,36
533714911,0,,,717,365,352,101,52,49,614,313,301,416,223,193,593,301,292,582,293,289,198,90,108,113,50,63,38,17,21,3,0,3,7,7,0,278,278,66,87,53,51,16,3,2,211,183,28,28,127,14,35,42
533714912,0,,,205,102,103,30,17,13,169,82,87,128,63,65,163,78,85,156,73,83,41,19,22,22,9,13,6,3,3,0,0,0,0,0,0,89,89,34,22,13,14,4,2,0,54,46,8,9,26,5,6,7
533714913,0,,,627,308,319,88,49,39,532,256,276,379,185,194,502,240,262,496,238,258,153,71,82,62,27,35,22,3,19,2,0,2,5,4,1,242,242,65,61,53,44,10,8,1,175,150,25,23,96,13,18,31
533714914,0,,,95,41,54,9,7,2,85,33,52,42,17,25,84,33,51,83,33,50,43,16,27,29,8,21,15,4,11,2,0,2,0,0,0,31,30,8,8,5,7,2,0,0,21,18,3,2,18,0,6,3
533714921,0,,,12,5,7,1,0,1,11,5,6,7,3,4,11,5,6,10,4,6,4,2,2,2,1,1,0,0,0,0,0,0,0,0,0,4,4,0,2,0,2,0,0,0,4,3,1,0,3,0,0,2
533714923,1,,533714924,72,36,36,8,4,4,66,33,33,45,25,20,61,31,30,58,30,28,21,8,13,11,4,7,4,1,3,0,0,0,0,0,0,24,24,7,7,4,2,1,2,2,18,12,6,3,15,0,4,3
533714924,2,533714923,,2,1,1,*,*,*,*,*,*,*,*,*,*,*,*,*,*,*,*,*,*,*,*,*,*,*,*,*,*,*,*,*,*,1,1,*,*,*,*,*,*,*,*,*,*,*,*,*,*,*
533714933,2,533714934,,4,2,2,*,*,*,*,*,*,*,*,*,*,*,*,*,*,*,*,*,*,*,*,*,*,*,*,*,*,*,*,*,*,2,2,*,*,*,*,*,*,*,*,*,*,*,*,*,*,*
533714934,1,,533714933,85,14,71,0,0,0,89,16,73,6,2,4,89,16,73,89,16,73,83,14,69,71,8,63,57,6,51,17,1,16,1,0,1,8,7,1,7,0,1,0,0,0,7,6,1,0,8,0,1,5
533714941,0,,,11,7,4,0,0,0,11,7,4,8,5,3,10,7,3,10,7,3,3,2,1,2,2,0,0,0,0,0,0,0,0,0,0,4,4,1,1,1,0,1,0,0,3,2,1,0,2,0,0,0
533714943,1,,533714834;533714944,10,5,5,0,0,0,14,7,7,5,3,2,14,7,7,14,7,7,9,4,5,3,1,2,0,0,0,0,0,0,0,0,0,4,4,1,3,1,1,0,0,0,5,4,1,0,5,0,0,3
533714944,2,533714943,,3,1,2,*,*,*,*,*,*,*,*,*,*,*,*,*,*,*,*,*,*,*,*,*,*,*,*,*,*,*,*,*,*,1,1,*,*,*,*,*,*,*,*,*,*,*,*,*,*,*
533714953,1,,533714954,18,9,9,3,1,2,21,10,11,12,6,6,19,8,11,19,8,11,9,4,5,3,0,3,3,0,3,0,0,0,0,0,0,5,5,2,2,2,1,0,0,1,6,4,2,0,6,0,2,1
533714954,2,533714953,,6,2,4,*,*,*,*,*,*,*,*,*,*,*,*,*,*,*,*,*,*,*,*,*,*,*,*,*,*,*,*,*,*,3,3,*,*,*,*,*,*,*,*,*,*,*,*,*,*,*
533714964,2,533714973,,11,7,4,*,*,*,*,*,*,*,*,*,*,*,*,*,*,*,*,*,*,*,*,*,*,*,*,*,*,*,*,*,*,3,3,*,*,*,*,*,*,*,*,*,*,*,*,*,*,*
533714971,2,533714973,,7,4,3,*,*,*,*,*,*,*,*,*,*,*,*,*,*,*,*,*,*,*,*,*,*,*,*,*,*,*,*,*,*,2,2,*,*,*,*,*,*,*,*,*,*,*,*,*,*,*
533714973,1,,533714964;533714971,20,9,11,3,1,2,35,19,16,16,10,6,35,19,16,35,19,16,19,9,10,8,4,4,6,3,3,0,0,0,0,0,0,6,6,1,2,5,1,1,0,1,9,4,5,1,10,0,1,0
533715063,2,533715161,,6,3,3,*,*,*,*,*,*,*,*,*,*,*,*,*,*,*,*,*,*,*,*,*,*,*,*,*,*,*,*,*,*,2,2,*,*,*,*,*,*,*,*,*,*,*,*,*,*,*
533715072,2,533715093,,2,1,1,*,*,*,*,*,*,*,*,*,*,*,*,*,*,*,*,*,*,*,*,*,*,*,*,*,*,*,*,*,*,1,1,*,*,*,*,*,*,*,*,*,*,*,*,*,*,*
533715082,1,,533715084,34,18,16,9,7,2,29,13,16,21,10,11,29,13,16,28,12,16,8,3,5,4,2,2,1,0,1,0,0,0,0,0,0,9,9,3,3,2,2,1,0,1,8,5,3,1,6,0,1,0
533715084,2,533715082,,4,2,2,*,*,*,*,*,*,*,*,*,*,*,*,*,*,*,*,*,*,*,*,*,*,*,*,*,*,*,*,*,*,3,3,*,*,*,*,*,*,*,*,*,*,*,*,*,*,*
533715091,0,,,38,21,17,0,0,0,38,21,17,23,14,9,37,20,17,36,19,17,15,7,8,12,5,7,6,3,3,0,0,0,0,0,0,11,11,1,2,4,1,1,2,0,10,5,5,0,9,0,0,1
533715092,0,,,34,17,17,2,0,2,32,17,15,18,10,8,32,17,15,32,17,15,14,7,7,6,3,3,2,1,1,0,0,0,0,0,0,9,9,0,3,1,1,3,1,0,9,4,5,0,8,0,0,2
533715093,1,,533715072,90,44,46,11,5,6,81,40,41,57,28,29,77,37,40,76,37,39,24,12,12,11,5,6,5,1,4,2,1,1,1,0,1,29,29,2,9,8,8,2,1,0,28,18,10,2,17,0,2,3
533715094,0,,,43,23,20,7,5,2,36,18,18,17,9,8,35,18,17,35,18,17,19,9,10,7,3,4,2,0,2,0,0,0,0,0,0,16,16,5,5,3,0,0,2,1,11,7,4,1,11,0,2,3
533715154,2,533715163,,2,1,1,*,*,*,*,*,*,*,*,*,*,*,*,*,*,*,*,*,*,*,*,*,*,*,*,*,*,*,*,*,*,1,1,*,*,*,*,*,*,*,*,*,*,*,*,*,*,*
533715161,1,,533715063,74,30,44,4,1,3,76,32,44,50,26,24,72,30,42,70,29,41,26,6,20,14,2,12,5,1,4,0,0,0,0,0,0,22,22,6,4,1,7,3,1,2,17,5,12,0,20,0,3,3
533715163,1,,533715154,22,10,12,2,0,2,22,11,11,13,7,6,22,11,11,21,10,11,9,4,5,7,3,4,5,2,3,0,0,0,0,0,0,7,7,1,3,1,1,2,0,0,7,4,3,1,6,0,0,3
533715191,0,,,120,57,63,17,8,9,103,49,54,72,34,38,96,44,52,95,44,51,31,15,16,19,8,11,6,3,3,1,1,0,0,0,0,30,30,4,4,5,8,2,2,5,26,12,14,4,19,0,1,1
533715192,0,,,98,45,53,12,6,6,86,39,47,46,23,23,83,37,46,80,36,44,40,16,24,25,10,15,13,5,8,3,1,2,0,0,0,31,31,2,11,7,7,2,1,1,27,19,8,3,21,0,1,5
533715193,0,,,27,16,11,2,1,1,25,15,10,12,8,4,25,15,10,24,14,10,13,7,6,9,4,5,2,0,2,0,0,0,0,0,0,9,9,1,2,4,1,0,1,0,8,5,3,1,8,0,1,1
533715194,0,,,77,38,39,13,10,3,64,28,36,30,14,16,64,28,36,64,28,36,34,14,20,14,5,9,2,0,2,0,0,0,0,0,0,27,27,6,7,6,4,2,1,1,21,14,7,3,20,0,4,6
533715212,2,533715214,,10,5,5,*,*,*,*,*,*,*,*,*,*,*,*,*,*,*,*,*,*,*,*,*,*,*,*,*,*,*,*,*,*,2,2,*,*,*,*,*,*,*,*,*,*,*,*,*,*,*
533715214,1,,533715212,10,6,4,6,3,3,14,8,6,9,5,4,13,7,6,13,7,6,5,3,2,3,2,1,2,1,1,1,0,1,0,0,0,3,3,1,1,0,1,0,1,1,4,2,2,1,4,0,1,0
533715223,0,,,33,14,19,3,1,2,30,13,17,20,10,10,28,12,16,28,12,16,10,3,7,7,2,5,1,0,1,0,0,0,0,0,0,10,10,1,2,3,2,1,1,0,9,5,4,0,6,0,1,2
533715261,0,,,37,18,19,3,1,2,34,17,17,20,12,8,33,16,17,33,16,17,14,5,9,7,2,5,4,2,2,0,0,0,0,0,0,13,13,3,3,3,2,1,1,0,10,6,4,1,10,0,3,0
533715263,0,,,24,13,11,3,2,1,21,11,10,12,7,5,20,10,10,20,10,10,9,4,5,5,2,3,3,1,2,0,0,0,0,0,0,6,6,0,3,0,1,1,0,1,6,3,3,1,6,0,0,1
533715273,2,533715371,,8,4,4,*,*,*,*,*,*,*,*,*,*,*,*,*,*,*,*,*,*,*,*,*,*,*,*,*,*,*,*,*,*,3,3,*,*,*,*,*,*,*,*,*,*,*,*,*,*,*
533715291,2,533715292,,3,2,1,*,*,*,*,*,*,*,*,*,*,*,*,*,*,*,*,*,*,*,*,*,*,*,*,*,*,*,*,*,*,1,1,*,*,*,*,*,*,*,*,*,*,*,*,*,*,*
533715292,1,,533715291,97,47,50,13,5,8,87,44,43,44,20,24,85,42,43,85,42,43,43,24,19,21,11,10,11,5,6,1,1,0,2,0,2,32,32,4,12,7,3,3,4,0,29,19,10,2,25,0,4,7
533715293,2,533715294,,4,3,1,*,*,*,*,*,*,*,*,*,*,*,*,*,*,*,*,*,*,*,*,*,*,*,*,*,*,*,*,*,*,2,2,*,*,*,*,*,*,*,*,*,*,*,*,*,*,*
533715294,1,,533715293,127,52,75,11,6,5,120,49,71,82,32,50,116,47,69,112,45,67,38,17,21,27,12,15,13,3,10,1,0,1,5,1,4,37,37,10,5,8,2,8,4,2,29,14,15,2,26,1,5,2
533715324,1,,533715422,11,6,5,1,0,1,14,7,7,8,3,5,14,7,7,14,7,7,6,4,2,4,3,1,1,0,1,0,0,0,0,0,0,5,5,3,1,2,1,0,0,0,4,3,1,1,5,0,3,1
533715331,2,533715333,,1,0,1,*,*,*,*,*,*,*,*,*,*,*,*,*,*,*,*,*,*,*,*,*,*,*,*,*,*,*,*,*,*,1,1,*,*,*,*,*,*,*,*,*,*,*,*,*,*,*
533715333,1,,533715331,47,24,23,5,5,0,43,19,24,25,12,13,41,18,23,41,18,23,18,7,11,15,5,10,4,1,3,0,0,0,1,0,1,17,17,4,6,3,3,1,1,0,14,9,5,2,11,0,2,3
533715361,2,533715362,,8,4,4,*,*,*,*,*,*,*,*,*,*,*,*,*,*,*,*,*,*,*,*,*,*,*,*,*,*,*,*,*,*,2,2,*,*,*,*,*,*,*,*,*,*,*,*,*,*,*
533715362,1,,533715361,41,22,19,5,5,0,44,21,23,26,10,16,41,20,21,41,20,21,18,11,7,8,4,4,2,1,1,0,0,0,0,0,0,14,14,1,5,4,4,2,0,0,15,13,2,1,10,0,1,5
533715364,0,,,121,62,59,27,17,10,94,45,49,53,26,27,89,42,47,89,42,47,41,19,22,15,5,10,4,1,3,0,0,0,0,0,0,39,39,4,15,5,7,5,2,1,35,30,5,10,26,0,4,10
533715371,1,,533715273,60,32,28,4,3,1,64,33,31,26,13,13,62,32,30,61,31,30,38,20,18,24,13,11,14,7,7,1,1,0,0,0,0,24,24,4,13,6,1,2,1,0,23,19,4,0,23,0,3,9
533715373,0,,,112,56,56,29,20,9,83,36,47,55,26,29,80,35,45,79,34,45,28,10,18,15,5,10,5,1,4,1,0,1,11,4,7,34,34,5,10,2,9,4,3,1,29,21,8,7,18,0,2,7
533715374,0,,,108,49,59,33,15,18,75,34,41,61,30,31,72,33,39,70,33,37,14,4,10,9,3,6,5,2,3,0,0,0,10,5,5,30,30,3,3,13,3,3,3,2,27,22,5,10,10,0,3,0
533715383,0,,,61,30,31,0,0,0,61,30,31,33,17,16,61,30,31,61,30,31,28,13,15,13,5,8,6,3,3,0,0,0,0,0,0,21,21,4,4,8,2,1,2,0,17,13,4,0,18,0,3,3
533715384,0,,,115,50,65,15,6,9,100,44,56,56,25,31,99,43,56,97,43,54,44,19,25,20,8,12,8,2,6,0,0,0,1,0,1,40,40,9,14,3,7,4,0,3,31,19,12,4,31,0,6,8
533715391,0,,,204,99,105,19,12,7,185,87,98,92,44,48,182,86,96,179,85,94,93,43,50,54,24,30,20,8,12,3,2,1,5,4,1,85,85,21,36,13,9,2,2,2,63,52,11,4,61,0,15,23
533715392,0,,,301,143,158,46,22,24,255,121,134,143,70,73,242,114,128,241,113,128,112,51,61,56,21,35,28,9,19,4,1,3,1,0,1,102,102,19,32,20,13,9,4,5,82,52,30,11,69,1,15,17
533715394,0,,,282,127,155,49,23,26,233,104,129,142,67,75,218,97,121,211,94,117,91,37,54,42,16,26,12,4,8,3,0,3,4,1,3,99,99,16,34,17,15,15,2,0,83,66,17,9,59,0,12,18
533715422,2,533715324,,4,1,3,*,*,*,*,*,*,*,*,*,*,*,*,*,*,*,*,*,*,*,*,*,*,*,*,*,*,*,*,*,*,2,2,*,*,*,*,*,*,*,*,*,*,*,*,*,*,*
533715431,0,,,25,11,14,0,0,0,25,11,14,10,5,5,25,11,14,24,10,14,15,6,9,11,4,7,5,2,3,0,0,0,0,0,0,10,10,3,2,2,3,0,0,0,7,2,5,0,10,0,3,2
533715433,1,,533715434,23,8,15,3,0,3,26,10,16,14,6,8,26,10,16,26,10,16,12,4,8,5,1,4,2,0,2,0,0,0,0,0,0,8,8,2,2,4,1,0,0,1,8,5,3,1,7,0,2,1
533715434,2,533715433,,6,2,4,*,*,*,*,*,*,*,*,*,*,*,*,*,*,*,*,*,*,*,*,*,*,*,*,*,*,*,*,*,*,2,2,*,*,*,*,*,*,*,*,*,*,*,*,*,*,*
533715442,2,533715532,,1,1,0,*,*,*,*,*,*,*,*,*,*,*,*,*,*,*,*,*,*,*,*,*,*,*,*,*,*,*,*,*,*,1,1,*,*,*,*,*,*,*,*,*,*,*,*,*,*,*
533715464,0,,,21,10,11,1,1,0,20,9,11,10,4,6,20,9,11,19,8,11,10,5,5,2,2,0,0,0,0,0,0,0,7,4,3,12,12,5,6,0,1,0,0,0,7,7,0,0,6,1,2,4
533715471,0,,,134,62,72,8,4,4,126,58,68,61,34,27,126,58,68,126,58,68,65,24,41,32,7,25,15,4,11,1,0,1,2,1,1,35,34,9,11,7,4,1,1,1,24,15,9,2,29,0,6,5
533715472,0,,,23,12,11,5,2,3,18,10,8,17,9,8,16,8,8,14,8,6,1,1,0,0,0,0,0,0,0,0,0,0,0,0,0,11,11,6,2,2,0,0,0,1,5,5,0,1,1,0,1,0
533715473,1,,533715562,121,66,55,5,2,3,119,64,55,92,50,42,117,64,53,113,64,49,27,14,13,11,5,6,4,2,2,0,0,0,6,3,3,86,86,67,13,7,1,0,1,0,22,20,2,2,21,22,15,3
533715474,0,,,8,0,8,0,0,0,8,0,8,5,0,5,8,0,8,7,0,7,3,0,3,0,0,0,0,0,0,0,0,0,2,0,2,8,8,8,0,0,0,0,0,0,0,0,0,0,3,2,3,0
533715492,0,,,112,33,79,7,3,4,105,30,75,15,7,8,104,30,74,103,29,74,90,23,67,78,17,61,62,13,49,16,3,13,1,1,0,14,13,3,4,2,1,2,1,0,10,7,3,0,9,1,1,2
533715522,2,533715531,,16,4,12,*,*,*,*,*,*,*,*,*,*,*,*,*,*,*,*,*,*,*,*,*,*,*,*,*,*,*,*,*,*,2,2,*,*,*,*,*,*,*,*,*,*,*,*,*,*,*
533715531,1,,533715522,47,26,21,13,5,8,50,25,25,35,19,16,49,24,25,46,23,23,15,6,9,10,3,7,4,0,4,1,0,1,0,0,0,11,11,3,1,0,3,0,1,5,10,3,7,4,10,0,2,1
533715532,1,,533715442;533715541,24,15,9,4,4,0,24,13,11,16,10,6,22,11,11,21,10,11,8,3,5,6,2,4,3,0,3,0,0,0,0,0,0,6,6,6,0,0,2,0,1,1,4,1,3,0,7,0,4,0
533715541,2,533715532,,3,1,2,*,*,*,*,*,*,*,*,*,*,*,*,*,*,*,*,*,*,*,*,*,*,*,*,*,*,*,*,*,*,3,3,*,*,*,*,*,*,*,*,*,*,*,*,*,*,*
533715562,2,533715473,,3,0,3,*,*,*,*,*,*,*,*,*,*,*,*,*,*,*,*,*,*,*,*,*,*,*,*,*,*,*,*,*,*,3,3,*,*,*,*,*,*,*,*,*,*,*,*,*,*,*
533715571,0,,,88,28,60,0,0,0,88,28,60,8,4,4,88,28,60,88,28,60,80,24,56,67,19,48,56,15,41,22,2,20,2,1,1,11,10,8,2,0,0,0,0,0,1,1,0,0,4,2,3,0
533715592,2,533715692,,9,3,6,*,*,*,*,*,*,*,*,*,*,*,*,*,*,*,*,*,*,*,*,*,*,*,*,*,*,*,*,*,*,4,4,*,*,*,*,*,*,*,*,*,*,*,*,*,*,*
533715654,2,533715761,,12,6,6,*,*,*,*,*,*,*,*,*,*,*,*,*,*,*,*,*,*,*,*,*,*,*,*,*,*,*,*,*,*,3,3,*,*,*,*,*,*,*,*,*,*,*,*,*,*,*
533715692,1,,533715592,3,1,2,0,0,0,12,4,8,5,1,4,12,4,8,12,4,8,7,3,4,1,0,1,1,0,1,0,0,0,0,0,0,1,1,1,1,3,0,0,0,0,4,3,1,0,4,0,0,1
533715754,0,,,11,7,4,1,1,0,10,6,4,9,5,4,9,5,4,8,4,4,1,1,0,0,0,0,0,0,0,0,0,0,1,0,1,5,5,0,4,1,0,0,0,0,5,5,0,0,1,0,0,1
533715761,1,,533715654;533715763,4,2,2,7,3,4,16,8,8,13,6,7,14,7,7,14,7,7,3,2,1,0,0,0,0,0,0,0,0,0,0,0,0,1,1,0,2,1,2,0,0,1,6,5,1,2,2,0,0,0
533715763,2,533715761,,7,3,4,*,*,*,*,*,*,*,*,*,*,*,*,*,*,*,*,*,*,*,*,*,*,*,*,*,*,*,*,*,*,2,2,*,*,*,*,*,*,*,*,*,*,*,*,*,*,*
533715782,2,533715891,,2,1,1,*,*,*,*,*,*,*,*,*,*,*,*,*,*,*,*,*,*,*,*,*,*,*,*,*,*,*,*,*,*,1,1,*,*,*,*,*,*,*,*,*,*,*,*,*,*,*
533715792,2,533715794,,7,5,2,*,*,*,*,*,*,*,*,*,*,*,*,*,*,*,*,*,*,*,*,*,*,*,*,*,*,*,*,*,*,2,2,*,*,*,*,*,*,*,*,*,*,*,*,*,*,*
533715794,1,,533715792,11,8,3,3,2,1,15,11,4,8,6,2,15,11,4,15,11,4,7,5,2,1,1,0,1,1,0,0,0,0,0,0,0,5,5,2,1,3,0,1,0,0,5,4,1,1,5,0,1,0
533715831,1,,533715832;533715833,12,6,6,0,0,0,15,7,8,4,4,0,15,7,8,15,7,8,11,3,8,6,1,5,5,1,4,1,1,0,0,0,0,7,7,6,3,1,0,0,0,0,4,4,0,0,8,0,4,2
533715832,2,533715831,,1,0,1,*,*,*,*,*,*,*,*,*,*,*,*,*,*,*,*,*,*,*,*,*,*,*,*,*,*,*,*,*,*,1,1,*,*,*,*,*,*,*,*,*,*,*,*,*,*,*
533715833,2,533715831,,2,1,1,*,*,*,*,*,*,*,*,*,*,*,*,*,*,*,*,*,*,*,*,*,*,*,*,*,*,*,*,*,*,2,2,*,*,*,*,*,*,*,*,*,*,*,*,*,*,*
533715861,0,,,23,10,13,6,4,2,17,6,11,13,5,8,17,6,11,17,6,11,4,1,3,3,1,2,0,0,0,0,0,0,0,0,0,10,10,3,3,3,0,1,0,0,7,7,0,1,3,0,1,1
533715863,0,,,221,109,112,23,12,11,198,97,101,88,51,37,195,96,99,194,95,99,110,46,64,64,23,41,30,9,21,2,0,2,1,0,1,95,95,33,28,17,8,6,2,1,62,50,12,7,75,0,25,16
533715891,1,,533715782;533715892,7,4,3,1,1,0,10,5,5,5,2,3,10,5,5,10,5,5,5,3,2,2,1,1,0,0,0,0,0,0,0,0,0,3,3,0,4,1,0,0,0,0,5,5,0,1,3,0,0,3
533715892,2,533715891,,2,1,1,*,*,*,*,*,*,*,*,*,*,*,*,*,*,*,*,*,*,*,*,*,*,*,*,*,*,*,*,*,*,1,1,*,*,*,*,*,*,*,*,*,*,*,*,*,*,*
533715961,1,,533715963,17,9,8,4,3,1,14,6,8,7,2,5,14,6,8,14,6,8,7,4,3,4,2,2,1,1,0,0,0,0,1,0,1,8,8,3,4,1,1,0,0,0,6,6,0,1,4,0,0,4
533715963,2,533715961,,1,0,1,*,*,*,*,*,*,*,*,*,*,*,*,*,*,*,*,*,*,*,*,*,*,*,*,*,*,*,*,*,*,1,1,*,*,*,*,*,*,*,*,*,*,*,*,*,*,*
533716001,0,,,40,20,20,7,5,2,33,15,18,14,5,9,33,15,18,33,15,18,19,10,9,9,3,6,4,1,3,0,0,0,0,0,0,13,13,1,6,3,0,1,1,1,12,8,4,2,12,0,1,3
533716002,0,,,59,28,31,6,4,2,53,24,29,32,15,17,49,22,27,49,22,27,21,9,12,11,2,9,8,2,6,1,0,1,1,0,1,19,19,3,5,3,4,3,1,0,16,8,8,1,15,0,1,2
533716003,0,,,13,9,4,1,1,0,12,8,4,7,6,1,12,8,4,12,8,4,5,2,3,4,2,2,0,0,0,0,0,0,0,0,0,6,6,2,2,1,1,0,0,0,4,3,1,0,3,0,0,0
533716004,0,,,21,11,10,1,1,0,20,10,10,8,4,4,19,10,9,18,9,9,12,6,6,4,2,2,0,0,0,0,0,0,0,0,0,7,7,1,3,1,1,0,0,1,6,4,2,0,7,0,1,3
533716011,1,,533716013;533716014,17,6,11,6,1,5,28,12,16,13,5,8,28,12,16,28,12,16,15,7,8,7,3,4,4,2,2,0,0,0,0,0,0,5,5,1,1,3,2,0,1,1,8,4,4,0,8,0,0,1
533716013,2,533716011,,8,4,4,*,*,*,*,*,*,*,*,*,*,*,*,*,*,*,*,*,*,*,*,*,*,*,*,*,*,*,*,*,*,2,2,*,*,*,*,*,*,*,*,*,*,*,*,*,*,*
533716014,2,533716011,,9,3,6,*,*,*,*,*,*,*,*,*,*,*,*,*,*,*,*,*,*,*,*,*,*,*,*,*,*,*,*,*,*,2,2,*,*,*,*,*,*,*,*,*,*,*,*,*,*,*
533716024,2,533716122,,1,0,1,*,*,*,*,*,*,*,*,*,*,*,*,*,*,*,*,*,*,*,*,*,*,*,*,*,*,*,*,*,*,1,1,*,*,*,*,*,*,*,*,*,*,*,*,*,*,*
533716031,0,,,136,69,67,20,6,14,116,63,53,71,38,33,111,59,52,110,58,52,45,25,20,22,8,14,10,3,7,1,0,1,0,0,0,47,47,5,18,7,13,3,0,1,42,32,10,5,27,1,3,6
533716032,0,,,57,27,30,8,3,5,49,24,25,32,15,17,44,21,23,43,21,22,17,9,8,7,4,3,3,1,2,0,0,0,0,0,0,14,14,0,3,6,0,1,1,3,14,9,5,0,10,0,0,1
533716033,0,,,31,16,15,11,7,4,20,9,11,20,9,11,20,9,11,19,9,10,0,0,0,0,0,0,0,0,0,0,0,0,0,0,0,9,9,0,0,6,2,1,0,0,9,9,0,4,0,0,0,0
533716034,0,,,46,23,23,11,5,6,35,18,17,34,18,16,35,18,17,35,18,17,1,0,1,1,0,1,1,0,1,0,0,0,5,0,5,23,23,11,6,1,5,0,0,0,12,12,0,3,1,5,0,0
533716041,1,,533716043,55,28,27,10,3,7,53,28,25,35,17,18,52,27,25,52,27,25,18,11,7,9,5,4,4,2,2,1,1,0,0,0,0,16,16,5,3,1,6,5,0,0,15,9,6,3,12,1,3,2
533716042,0,,,45,23,22,1,1,0,44,22,22,21,11,10,43,22,21,43,22,21,23,11,12,11,6,5,4,1,3,1,0,1,1,0,1,18,18,4,6,3,5,0,0,0,14,8,6,0,13,0,2,3
533716043,2,533716041,,8,3,5,*,*,*,*,*,*,*,*,*,*,*,*,*,*,*,*,*,*,*,*,*,*,*,*,*,*,*,*,*,*,4,4,*,*,*,*,*,*,*,*,*,*,*,*,*,*,*
533716052,1,,533716054,14,8,6,3,2,1,17,10,7,5,3,2,17,10,7,17,10,7,12,7,5,6,3,3,1,0,1,0,0,0,0,0,0,4,4,0,5,1,0,0,0,1,7,5,2,1,7,0,0,3
533716054,2,533716052,,6,4,2,*,*,*,*,*,*,*,*,*,*,*,*,*,*,*,*,*,*,*,*,*,*,*,*,*,*,*,*,*,*,3,3,*,*,*,*,*,*,*,*,*,*,*,*,*,*,*
533716061,2,533716062,,13,4,9,*,*,*,*,*,*,*,*,*,*,*,*,*,*,*,*,*,*,*,*,*,*,*,*,*,*,*,*,*,*,3,3,*,*,*,*,*,*,*,*,*,*,*,*,*,*,*
533716062,1,,533716061,30,16,14,3,1,2,40,19,21,27,13,14,38,18,20,36,18,18,13,6,7,8,4,4,4,2,2,0,0,0,0,0,0,9,9,1,1,3,5,1,1,0,11,7,4,0,8,0,1,1
533716063,0,,,17,6,11,3,0,3,14,6,8,10,5,5,14,6,8,14,6,8,4,1,3,2,0,2,1,0,1,1,0,1,0,0,0,4,4,0,0,1,2,0,1,0,4,2,2,2,3,0,0,0
533716064,0,,,36,16,20,3,1,2,33,15,18,16,8,8,33,15,18,33,15,18,17,7,10,12,4,8,6,1,5,0,0,0,0,0,0,16,16,5,7,3,0,0,0,1,11,9,2,0,13,0,4,2
533716071,0,,,26,11,15,2,2,0,24,9,15,10,4,6,22,8,14,21,8,13,14,5,9,10,4,6,2,1,1,0,0,0,0,0,0,9,9,1,4,2,0,1,1,0,8,4,4,0,9,0,1,4
533716072,2,533716074,,6,3,3,*,*,*,*,*,*,*,*,*,*,*,*,*,*,*,*,*,*,*,*,*,*,*,*,*,*,*,*,*,*,3,3,*,*,*,*,*,*,*,*,*,*,*,*,*,*,*
533716073,0,,,39,18,21,7,3,4,32,15,17,18,11,7,29,13,16,29,13,16,14,4,10,10,4,6,2,0,2,1,0,1,5,2,3,12,12,3,4,0,1,1,2,1,9,5,4,1,10,0,2,2
533716074,1,,533716072,16,8,8,0,0,0,22,11,11,8,4,4,22,11,11,22,11,11,14,7,7,8,3,5,2,1,1,0,0,0,0,0,0,7,7,3,3,3,1,0,0,0,7,5,2,0,8,1,1,2
533716081,0,,,31,19,12,0,0,0,31,19,12,15,12,3,31,19,12,30,18,12,16,7,9,10,3,7,6,2,4,1,1,0,0,0,0,15,15,6,4,3,2,0,0,0,9,8,1,0,11,0,4,2
533716082,0,,,68,29,39,7,2,5,61,27,34,33,15,18,59,27,32,59,27,32,28,12,16,11,4,7,6,1,5,1,0,1,1,0,1,19,19,1,6,4,2,3,2,1,18,10,8,1,16,0,1,2
533716083,0,,,21,8,13,1,0,1,20,8,12,9,4,5,18,7,11,18,7,11,11,4,7,8,4,4,1,0,1,1,0,1,0,0,0,9,9,2,5,1,0,0,1,0,7,6,1,0,7,0,2,3
533716084,0,,,19,11,8,3,3,0,16,8,8,8,5,3,16,8,8,16,8,8,8,3,5,7,3,4,2,0,2,0,0,0,0,0,0,7,7,2,3,0,1,0,0,1,5,3,2,1,5,0,1,1
533716091,0,,,89,45,44,10,4,6,79,41,38,34,19,15,75,40,35,75,40,35,45,22,23,26,12,14,5,1,4,0,0,0,1,0,1,31,31,5,13,5,3,1,2,2,26,18,8,1,30,0,5,8
533716092,0,,,71,31,40,3,2,1,68,29,39,36,16,20,64,26,38,63,25,38,32,13,19,19,8,11,8,2,6,1,0,1,2,0,2,30,30,9,10,7,2,0,1,1,21,16,5,0,21,0,6,5
533716093,0,,,22,9,13,3,0,3,19,9,10,10,6,4,19,9,10,19,9,10,9,3,6,3,0,3,3,0,3,0,0,0,0,0,0,5,5,0,1,1,0,2,0,1,5,1,4,0,5,0,0,1
533716094,0,,,42,18,24,4,2,2,38,16,22,21,9,12,38,16,22,38,16,22,17,7,10,14,5,9,5,3,2,0,0,0,0,0,0,15,15,4,4,2,3,1,0,1,11,6,5,1,12,0,3,1
533716101,0,,,32,13,19,4,1,3,28,12,16,18,9,9,26,11,15,26,11,15,10,3,7,5,0,5,2,0,2,0,0,0,0,0,0,11,11,2,2,4,1,2,0,0,9,6,3,0,8,0,2,0
533716102,1,,533716104,42,23,19,10,8,2,39,19,20,23,11,12,36,17,19,36,17,19,16,8,8,9,3,6,4,1,3,1,0,1,0,0,0,12,12,2,2,6,1,1,0,2,12,7,5,2,10,0,2,0
533716103,0,,,50,22,28,7,3,4,43,19,24,31,16,15,40,18,22,40,18,22,12,3,9,7,0,7,4,0,4,0,0,0,0,0,0,14,14,0,3,5,2,3,1,0,14,7,7,1,9,0,0,2
533716104,2,533716102,,7,4,3,*,*,*,*,*,*,*,*,*,*,*,*,*,*,*,*,*,*,*,*,*,*,*,*,*,*,*,*,*,*,2,2,*,*,*,*,*,*,*,*,*,*,*,*,*,*,*
533716121,1,,533716123,21,12,9,1,1,0,31,18,13,22,13,9,29,16,13,28,15,13,9,5,4,5,1,4,1,0,1,0,0,0,0,0,0,6,6,1,2,1,1,4,0,0,8,4,4,0,8,0,1,2
533716122,1,,533716024,119,59,60,14,9,5,106,50,56,55,28,27,101,47,54,100,46,54,51,22,29,30,13,17,10,3,7,0,0,0,0,0,0,35,35,4,12,6,7,1,3,3,32,17,15,2,30,0,2,8
533716123,2,533716121,,11,7,4,*,*,*,*,*,*,*,*,*,*,*,*,*,*,*,*,*,*,*,*,*,*,*,*,*,*,*,*,*,*,3,3,*,*,*,*,*,*,*,*,*,*,*,*,*,*,*
533716124,0,,,133,67,66,14,7,7,119,60,59,59,32,27,113,57,56,113,57,56,60,28,32,32,13,19,13,4,9,4,0,4,0,0,0,38,38,4,7,13,4,4,3,3,34,17,17,5,32,0,3,5
533716131,1,,533716133,33,15,18,4,1,3,38,18,20,17,9,8,37,18,19,37,18,19,21,9,12,10,4,6,6,2,4,3,1,2,0,0,0,9,9,1,0,3,3,4,0,0,10,4,6,2,9,0,1,0
533716132,0,,,9,5,4,0,0,0,9,5,4,3,2,1,9,5,4,9,5,4,6,3,3,2,1,1,1,1,0,0,0,0,0,0,0,4,4,1,2,0,1,0,0,0,3,3,0,0,3,0,0,2
533716133,2,533716131,,9,4,5,*,*,*,*,*,*,*,*,*,*,*,*,*,*,*,*,*,*,*,*,*,*,*,*,*,*,*,*,*,*,2,2,*,*,*,*,*,*,*,*,*,*,*,*,*,*,*
533716141,0,,,149,67,82,23,12,11,126,55,71,73,32,41,122,55,67,119,52,67,53,23,30,21,8,13,7,2,5,2,1,1,0,0,0,40,40,5,11,2,9,3,6,4,35,16,19,2,33,0,4,5
533716142,1,,533716143,54,26,28,8,3,5,57,27,30,37,20,17,52,25,27,50,24,26,20,7,13,14,6,8,2,1,1,0,0,0,0,0,0,18,17,4,5,2,6,2,1,0,16,13,3,3,12,0,4,3
533716143,2,533716142,,11,4,7,*,*,*,*,*,*,*,*,*,*,*,*,*,*,*,*,*,*,*,*,*,*,*,*,*,*,*,*,*,*,5,3,*,*,*,*,*,*,*,*,*,*,*,*,*,*,*
533716144,0,,,28,14,14,4,2,2,24,12,12,14,7,7,24,12,12,24,12,12,10,5,5,2,1,1,1,0,1,0,0,0,0,0,0,9,9,0,4,3,0,1,1,0,9,5,4,2,7,0,0,1
533716152,0,,,36,15,21,3,1,2,33,14,19,15,7,8,33,14,19,33,14,19,18,7,11,9,2,7,4,1,3,0,0,0,1,0,1,12,12,2,2,6,1,0,0,1,10,5,5,1,11,0,2,1
533716153,0,,,35,16,19,6,3,3,29,13,16,17,8,9,26,11,15,25,10,15,12,5,7,6,2,4,2,0,2,0,0,0,0,0,0,10,10,0,4,1,2,2,1,0,10,7,3,1,7,0,0,3
533716154,0,,,87,41,46,11,3,8,76,38,38,42,23,19,75,37,38,74,37,37,34,15,19,21,9,12,13,4,9,3,2,1,1,0,1,27,27,2,9,6,5,4,0,1,25,18,7,2,19,0,2,6
533716161,0,,,50,22,28,7,2,5,43,20,23,22,10,12,43,20,23,42,19,23,21,10,11,13,6,7,4,1,3,0,0,0,0,0,0,15,15,2,5,2,1,2,3,0,13,7,6,1,13,0,2,4
533716162,2,533716164,,1,0,1,*,*,*,*,*,*,*,*,*,*,*,*,*,*,*,*,*,*,*,*,*,*,*,*,*,*,*,*,*,*,1,1,*,*,*,*,*,*,*,*,*,*,*,*,*,*,*
533716163,0,,,45,21,24,8,2,6,37,19,18,23,13,10,36,18,18,34,16,18,14,6,8,6,2,4,4,1,3,0,0,0,0,0,0,12,12,2,3,0,1,4,1,1,10,5,5,1,7,1,1,2
533716164,1,,533716162,12,5,7,1,0,1,12,5,7,6,3,3,11,4,7,11,4,7,6,2,4,4,1,3,1,0,1,0,0,0,0,0,0,4,4,2,1,0,1,1,0,0,3,1,2,0,5,0,2,0
533716171,2,533716174,,3,2,1,*,*,*,*,*,*,*,*,*,*,*,*,*,*,*,*,*,*,*,*,*,*,*,*,*,*,*,*,*,*,1,1,*,*,*,*,*,*,*,*,*,*,*,*,*,*,*
533716172,1,,533716173,56,28,28,8,2,6,55,29,26,34,18,16,55,29,26,54,28,26,21,11,10,13,5,8,4,2,2,1,0,1,0,0,0,20,20,4,7,3,5,2,1,0,18,12,6,2,15,0,3,2
533716173,2,533716172,,7,3,4,*,*,*,*,*,*,*,*,*,*,*,*,*,*,*,*,*,*,*,*,*,*,*,*,*,*,*,*,*,*,2,2,*,*,*,*,*,*,*,*,*,*,*,*,*,*,*
533716174,1,,533716171,94,44,50,14,7,7,83,39,44,36,19,17,79,37,42,78,37,41,47,20,27,23,10,13,10,1,9,1,0,1,1,0,1,28,28,5,10,3,4,1,3,3,23,12,11,4,28,0,5,5
533716181,1,,533716184,14,7,7,3,2,1,20,9,11,7,3,4,18,8,10,18,8,10,13,6,7,4,2,2,1,0,1,0,0,0,1,0,1,6,6,1,3,1,1,0,0,1,6,5,1,1,7,0,1,3
533716183,0,,,13,5,8,0,0,0,13,5,8,9,3,6,13,5,8,13,5,8,4,2,2,2,0,2,1,0,1,0,0,0,0,0,0,4,4,0,0,3,1,0,0,0,4,2,2,0,3,0,0,0
533716184,2,533716181,,9,4,5,*,*,*,*,*,*,*,*,*,*,*,*,*,*,*,*,*,*,*,*,*,*,*,*,*,*,*,*,*,*,1,1,*,*,*,*,*,*,*,*,*,*,*,*,*,*,*
533716191,0,,,45,20,25,6,1,5,39,19,20,17,9,8,38,18,20,38,18,20,22,10,12,16,9,7,9,4,5,1,1,0,0,0,0,12,12,0,5,1,3,0,1,2,12,7,5,2,11,0,0,4
533716192,0,,,16,8,8,0,0,0,16,8,8,8,5,3,16,8,8,16,8,8,8,3,5,6,2,4,3,0,3,1,0,1,0,0,0,5,5,1,1,1,0,2,0,0,4,2,2,0,5,0,1,1
533716193,0,,,34,14,20,3,0,3,31,14,17,15,8,7,30,14,16,29,13,16,16,6,10,12,5,7,3,1,2,0,0,0,0,0,0,15,15,8,2,1,2,1,1,0,7,3,4,0,12,0,5,2
533716194,0,,,31,16,15,1,1,0,30,15,15,16,8,8,29,14,15,29,14,15,14,7,7,7,3,4,2,1,1,0,0,0,1,0,1,13,13,3,6,1,2,1,0,0,10,7,3,0,9,0,2,3
533716201,0,,,138,70,68,29,19,10,109,51,58,76,35,41,108,51,57,107,51,56,33,16,17,11,4,7,6,2,4,0,0,0,4,1,3,45,45,5,15,11,6,6,1,1,40,33,7,5,21,0,1,7
533716202,0,,,21,12,9,3,2,1,18,10,8,16,9,7,17,10,7,16,9,7,2,1,1,0,0,0,0,0,0,0,0,0,2,0,2,10,10,6,0,2,1,1,0,0,4,4,0,0,2,0,1,0
533716203,0,,,41,19,22,2,0,2,39,19,20,22,12,10,36,18,18,36,18,18,17,7,10,12,4,8,7,2,5,1,0,1,1,0,1,12,12,1,2,4,2,2,1,0,11,6,5,0,10,0,0,1
533716222,0,,,21,10,11,3,1,2,18,9,9,16,9,7,17,8,9,17,8,9,2,0,2,2,0,2,1,0,1,0,0,0,0,0,0,6,6,0,0,3,3,0,0,0,6,3,3,0,2,0,0,0
533716224,0,,,45,24,21,5,4,1,40,20,20,22,11,11,39,19,20,38,19,19,18,9,9,12,5,7,4,2,2,0,0,0,0,0,0,14,14,3,2,4,3,1,0,1,11,4,7,1,13,0,2,2
533716231,2,533716233,,12,4,8,*,*,*,*,*,*,*,*,*,*,*,*,*,*,*,*,*,*,*,*,*,*,*,*,*,*,*,*,*,*,5,5,*,*,*,*,*,*,*,*,*,*,*,*,*,*,*
533716232,0,,,16,8,8,3,2,1,13,6,7,9,5,4,12,6,6,11,5,6,4,1,3,2,0,2,2,0,2,0,0,0,0,0,0,4,4,1,0,1,0,1,0,1,3,1,2,1,3,0,1,0
533716233,1,,533716231,98,51,47,22,17,5,88,38,50,42,18,24,88,38,50,88,38,50,46,20,26,20,9,11,10,4,6,0,0,0,0,0,0,32,32,9,10,5,4,6,2,1,28,19,9,4,27,0,7,8
533716234,0,,,32,20,12,4,4,0,28,16,12,14,8,6,27,16,11,27,16,11,14,8,6,5,2,3,1,1,0,0,0,0,1,0,1,14,14,4,6,2,1,0,1,0,10,9,1,1,8,0,1,5
533716241,2,533716242,,5,3,2,*,*,*,*,*,*,*,*,*,*,*,*,*,*,*,*,*,*,*,*,*,*,*,*,*,*,*,*,*,*,2,2,*,*,*,*,*,*,*,*,*,*,*,*,*,*,*
533716242,1,,533716241,97,50,47,12,11,1,90,42,48,52,22,30,87,42,45,86,41,45,38,20,18,21,10,11,8,3,5,4,2,2,1,0,1,32,32,7,8,8,6,1,2,2,27,14,13,5,23,0,4,4
533716243,0,,,37,19,18,14,7,7,23,12,11,18,9,9,21,11,10,21,11,10,5,3,2,4,2,2,0,0,0,0,0,0,0,0,0,8,8,1,2,0,0,2,1,2,7,5,2,2,4,0,1,0
533716244,0,,,285,141,144,38,22,16,247,119,128,147,74,73,241,116,125,238,116,122,100,45,55,56,21,35,20,5,15,3,2,1,1,0,1,102,102,19,34,17,20,8,2,2,83,59,24,11,66,0,14,16
533716251,0,,,62,31,31,10,4,6,52,27,25,32,19,13,50,26,24,49,25,24,20,8,12,12,6,6,4,2,2,1,1,0,0,0,0,26,26,7,8,6,4,1,0,0,19,18,1,5,13,0,3,4
533716252,0,,,43,19,24,5,2,3,38,17,21,26,13,13,37,17,20,36,17,19,12,4,8,9,3,6,2,1,1,0,0,0,0,0,0,12,12,1,3,2,3,0,3,0,11,6,5,1,8,0,0,2
533716253,0,,,327,148,179,41,18,23,285,129,156,174,83,91,275,123,152,269,122,147,111,46,65,66,27,39,22,9,13,2,0,2,18,6,12,130,130,36,41,26,15,3,7,2,94,73,21,15,71,6,16,20
533716254,0,,,190,84,106,20,8,12,170,76,94,81,36,45,167,75,92,165,74,91,89,40,49,60,25,35,25,10,15,1,0,1,0,0,0,70,70,16,25,10,7,7,4,1,54,34,20,6,57,0,12,20
533716261,2,533716263,,5,1,4,*,*,*,*,*,*,*,*,*,*,*,*,*,*,*,*,*,*,*,*,*,*,*,*,*,*,*,*,*,*,3,3,*,*,*,*,*,*,*,*,*,*,*,*,*,*,*
533716262,0,,,21,13,8,2,1,1,19,12,7,13,9,4,19,12,7,19,12,7,6,3,3,1,0,1,1,0,1,0,0,0,0,0,0,7,7,3,0,1,2,0,0,1,4,2,2,1,6,0,2,0
533716263,1,,533716261,103,51,52,10,7,3,98,45,53,62,29,33,93,42,51,92,42,50,36,16,20,23,7,16,15,5,10,0,0,0,4,0,4,33,33,9,7,10,3,3,1,3,27,12,15,3,24,1,4,3
533716264,0,,,62,31,31,15,8,7,47,23,24,28,14,14,47,23,24,47,23,24,19,9,10,14,5,9,4,1,3,0,0,0,0,0,0,18,18,3,5,2,2,3,1,2,15,8,7,2,14,0,2,2
533716271,1,,533716272;533716274,44,19,25,5,2,3,51,23,28,36,17,19,48,22,26,47,22,25,15,6,9,7,1,6,2,0,2,1,0,1,0,0,0,14,14,4,3,4,1,2,1,2,13,9,4,2,12,0,3,0
533716272,2,533716271,,5,1,4,*,*,*,*,*,*,*,*,*,*,*,*,*,*,*,*,*,*,*,*,*,*,*,*,*,*,*,*,*,*,1,1,*,*,*,*,*,*,*,*,*,*,*,*,*,*,*
533716274,2,533716271,,7,5,2,*,*,*,*,*,*,*,*,*,*,*,*,*,*,*,*,*,*,*,*,*,*,*,*,*,*,*,*,*,*,2,2,*,*,*,*,*,*,*,*,*,*,*,*,*,*,*
533716282,2,533716284,,5,2,3,*,*,*,*,*,*,*,*,*,*,*,*,*,*,*,*,*,*,*,*,*,*,*,*,*,*,*,*,*,*,2,2,*,*,*,*,*,*,*,*,*,*,*,*,*,*,*
533716283,0,,,43,16,27,4,1,3,39,15,24,18,9,9,38,15,23,38,15,23,21,6,15,10,3,7,3,0,3,0,0,0,0,0,0,17,17,6,4,3,2,1,0,1,11,7,4,1,15,0,6,3
533716284,1,,533716282;533716291;533716292;533716294,22,7,15,3,1,2,30,10,20,6,1,5,30,10,20,30,10,20,24,9,15,12,5,7,7,2,5,4,0,4,0,0,0,10,10,4,7,2,1,1,0,0,11,8,3,0,14,0,3,4
533716291,2,533716284,,2,1,1,*,*,*,*,*,*,*,*,*,*,*,*,*,*,*,*,*,*,*,*,*,*,*,*,*,*,*,*,*,*,1,1,*,*,*,*,*,*,*,*,*,*,*,*,*,*,*
533716292,2,533716284,,2,1,1,*,*,*,*,*,*,*,*,*,*,*,*,*,*,*,*,*,*,*,*,*,*,*,*,*,*,*,*,*,*,1,1,*,*,*,*,*,*,*,*,*,*,*,*,*,*,*
533716294,2,533716284,,2,0,2,*,*,*,*,*,*,*,*,*,*,*,*,*,*,*,*,*,*,*,*,*,*,*,*,*,*,*,*,*,*,1,1,*,*,*,*,*,*,*,*,*,*,*,*,*,*,*
533716301,0,,,195,93,102,39,23,16,156,70,86,114,52,62,144,64,80,142,63,79,42,18,24,18,8,10,7,2,5,0,0,0,3,3,0,65,64,12,17,13,14,5,1,2,52,43,9,9,26,0,6,6
533716302,0,,,265,126,139,47,24,23,218,102,116,137,67,70,214,100,114,211,98,113,81,35,46,35,13,22,10,3,7,0,0,0,27,11,16,97,97,22,28,17,18,10,1,1,75,52,23,8,52,1,9,17
533716303,0,,,118,56,62,13,6,7,105,50,55,58,30,28,103,50,53,99,48,51,47,20,27,30,10,20,22,5,17,5,1,4,2,1,1,36,32,8,8,9,3,1,3,0,23,18,5,5,17,1,2,4
533716304,0,,,49,26,23,8,5,3,41,21,20,33,18,15,40,20,20,40,20,20,8,3,5,6,1,5,2,0,2,0,0,0,7,5,2,19,19,3,8,2,6,0,0,0,15,12,3,1,6,1,0,2
533716311,2,533716313,,9,5,4,*,*,*,*,*,*,*,*,*,*,*,*,*,*,*,*,*,*,*,*,*,*,*,*,*,*,*,*,*,*,2,2,*,*,*,*,*,*,*,*,*,*,*,*,*,*,*
533716312,2,533716314,,8,5,3,*,*,*,*,*,*,*,*,*,*,*,*,*,*,*,*,*,*,*,*,*,*,*,*,*,*,*,*,*,*,3,3,*,*,*,*,*,*,*,*,*,*,*,*,*,*,*
533716313,1,,533716311,37,19,18,3,3,0,43,21,22,25,14,11,38,16,22,37,16,21,18,7,11,11,4,7,5,1,4,1,0,1,0,0,0,10,10,2,2,1,3,1,2,1,10,5,5,0,11,0,2,0
533716314,1,,533716312,32,19,13,10,7,3,30,17,13,17,9,8,29,16,13,29,16,13,13,8,5,6,5,1,2,1,1,1,1,0,0,0,0,10,10,2,5,1,1,3,1,0,11,7,4,1,8,0,1,3
533716321,2,533716323,,3,1,2,*,*,*,*,*,*,*,*,*,*,*,*,*,*,*,*,*,*,*,*,*,*,*,*,*,*,*,*,*,*,2,2,*,*,*,*,*,*,*,*,*,*,*,*,*,*,*
533716322,2,533716323,,4,1,3,*,*,*,*,*,*,*,*,*,*,*,*,*,*,*,*,*,*,*,*,*,*,*,*,*,*,*,*,*,*,2,2,*,*,*,*,*,*,*,*,*,*,*,*,*,*,*
533716323,1,,533716321;533716322,7,5,2,0,0,0,14,7,7,5,4,1,14,7,7,14,7,7,9,3,6,7,2,5,2,1,1,0,0,0,0,0,0,2,2,2,1,2,1,0,0,0,4,2,2,0,6,0,2,1
533716324,0,,,13,7,6,0,0,0,13,7,6,3,2,1,13,7,6,13,7,6,10,5,5,5,2,3,3,1,2,0,0,0,0,0,0,8,8,3,5,0,0,0,0,0,5,5,0,0,7,0,2,3
533716331,0,,,43,20,23,3,1,2,40,19,21,15,7,8,39,18,21,39,18,21,25,12,13,16,6,10,7,3,4,1,0,1,0,0,0,17,17,4,7,2,2,1,1,0,13,9,4,1,16,0,4,4
533716332,0,,,131,62,69,9,7,2,122,55,67,73,37,36,120,54,66,118,52,66,49,18,31,30,9,21,16,5,11,1,0,1,0,0,0,50,50,13,14,11,6,3,3,0,35,23,12,2,36,1,7,5
533716333,0,,,18,8,10,0,0,0,18,8,10,10,5,5,17,7,10,17,7,10,8,3,5,2,0,2,1,0,1,0,0,0,0,0,0,6,6,1,2,2,0,0,0,1,5,3,2,0,5,0,0,2
533716334,0,,,54,26,28,10,5,5,44,21,23,28,14,14,43,21,22,43,21,22,16,7,9,12,5,7,4,2,2,0,0,0,0,0,0,18,18,3,7,1,4,1,1,1,15,11,4,3,11,0,3,2
533716341,0,,,45,20,25,5,2,3,40,18,22,32,14,18,36,16,20,36,16,20,8,4,4,3,1,2,0,0,0,0,0,0,0,0,0,18,18,4,6,5,2,0,1,0,14,13,1,3,6,0,3,2
533716342,0,,,103,50,53,11,7,4,92,43,49,53,26,27,89,42,47,88,42,46,39,17,22,22,9,13,6,1,5,0,0,0,1,0,1,35,35,4,10,10,6,5,0,0,30,20,10,1,24,0,3,6
533716344,0,,,169,72,97,15,7,8,154,65,89,39,21,18,150,63,87,148,62,86,115,44,71,91,30,61,44,9,35,6,1,5,4,3,1,25,23,3,4,6,3,5,1,1,20,13,7,2,16,0,3,3
533716351,0,,,155,71,84,11,4,7,144,67,77,79,36,43,141,66,75,139,65,74,65,31,34,39,19,20,14,6,8,1,0,1,1,0,1,59,59,8,25,12,11,2,0,1,51,39,12,1,44,0,5,14
533716352,0,,,340,146,194,31,17,14,309,129,180,146,73,73,301,124,177,299,123,176,163,56,107,116,34,82,64,12,52,14,1,13,1,0,1,102,101,26,29,18,14,4,3,7,75,51,24,7,71,0,15,18
533716353,0,,,27,13,14,4,2,2,23,11,12,13,6,7,22,11,11,22,11,11,10,5,5,6,2,4,5,2,3,1,0,1,0,0,0,7,7,0,1,0,5,1,0,0,7,3,4,0,5,0,0,1
533716354,0,,,90,39,51,9,2,7,81,37,44,42,18,24,77,35,42,75,35,40,39,19,20,20,9,11,9,5,4,1,1,0,1,0,1,29,29,5,9,4,5,3,1,2,24,18,6,1,23,0,5,8
533716361,1,,533716362,164,74,90,15,6,9,157,72,85,84,43,41,151,69,82,147,66,81,73,29,44,43,16,27,17,3,14,4,1,3,2,1,1,56,56,8,19,13,10,7,2,0,51,37,14,4,45,0,6,8
533716362,2,533716361,,8,4,4,*,*,*,*,*,*,*,*,*,*,*,*,*,*,*,*,*,*,*,*,*,*,*,*,*,*,*,*,*,*,3,3,*,*,*,*,*,*,*,*,*,*,*,*,*,*,*
533716363,1,,533716364,279,123,156,23,11,12,249,113,136,142,69,73,241,110,131,236,106,130,107,44,63,62,23,39,25,11,14,2,0,2,15,9,6,96,94,26,25,13,18,7,2,4,69,43,26,4,61,8,9,14
533716364,2,533716363,,1,1,0,*,*,*,*,*,*,*,*,*,*,*,*,*,*,*,*,*,*,*,*,*,*,*,*,*,*,*,*,*,*,1,1,*,*,*,*,*,*,*,*,*,*,*,*,*,*,*
533716371,0,,,20,15,5,1,1,0,19,14,5,15,12,3,19,14,5,19,14,5,4,2,2,2,1,1,1,1,0,0,0,0,8,8,0,13,13,9,3,0,0,1,0,0,4,3,1,0,2,5,0,1
533716381,1,,533716382,12,7,5,0,0,0,18,10,8,6,5,1,18,10,8,18,10,8,12,5,7,8,4,4,2,0,2,0,0,0,0,0,0,6,6,4,4,2,0,0,0,0,6,5,1,0,8,0,3,2
533716382,2,533716381,,6,3,3,*,*,*,*,*,*,*,*,*,*,*,*,*,*,*,*,*,*,*,*,*,*,*,*,*,*,*,*,*,*,4,4,*,*,*,*,*,*,*,*,*,*,*,*,*,*,*
533716383,0,,,32,14,18,0,0,0,32,14,18,17,7,10,32,14,18,32,14,18,15,7,8,9,3,6,7,2,5,0,0,0,0,0,0,12,12,2,3,5,1,1,0,0,10,7,3,0,9,0,1,2
533716384,0,,,17,5,12,0,0,0,17,5,12,7,2,5,17,5,12,17,5,12,10,3,7,7,1,6,1,0,1,0,0,0,0,0,0,8,8,3,3,1,0,1,0,0,5,4,1,0,8,0,3,1
533716392,2,533716393,,2,1,1,*,*,*,*,*,*,*,*,*,*,*,*,*,*,*,*,*,*,*,*,*,*,*,*,*,*,*,*,*,*,1,1,*,*,*,*,*,*,*,*,*,*,*,*,*,*,*
533716393,1,,533716392;533716394,7,3,4,3,2,1,16,8,8,7,4,3,16,8,8,16,8,8,9,4,5,4,2,2,1,0,1,1,0,1,0,0,0,3,3,1,2,3,0,1,0,0,6,5,1,1,5,0,1,1
533716394,2,533716393,,10,6,4,*,*,*,*,*,*,*,*,*,*,*,*,*,*,*,*,*,*,*,*,*,*,*,*,*,*,*,*,*,*,3,3,*,*,*,*,*,*,*,*,*,*,*,*,*,*,*
533716401,0,,,184,94,90,16,10,6,168,84,84,96,51,45,163,83,80,161,83,78,72,33,39,40,19,21,16,7,9,0,0,0,1,1,0,67,66,15,18,17,8,6,1,1,51,37,14,6,43,0,9,9
533716402,0,,,106,51,55,7,4,3,99,47,52,65,31,34,93,46,47,92,46,46,34,16,18,20,9,11,6,1,5,1,0,1,0,0,0,36,36,2,13,10,8,2,1,0,34,25,9,1,19,0,1,5
533716403,0,,,160,78,82,26,12,14,134,66,68,85,42,43,130,64,66,127,62,65,49,24,25,22,9,13,4,1,3,0,0,0,3,1,2,56,56,14,16,9,7,5,2,3,42,28,14,4,32,1,7,6
533716404,0,,,22,9,13,7,3,4,15,6,9,8,4,4,15,6,9,15,6,9,7,2,5,3,0,3,0,0,0,0,0,0,3,1,2,7,7,2,1,2,1,0,0,1,5,3,2,2,5,0,2,1
533716411,0,,,16,8,8,0,0,0,16,8,8,5,2,3,16,8,8,16,8,8,11,6,5,5,3,2,1,1,0,0,0,0,0,0,0,6,6,1,2,2,0,1,0,0,5,3,2,0,6,0,1,2
533716412,0,,,16,8,8,4,3,1,12,5,7,8,4,4,12,5,7,12,5,7,4,1,3,3,1,2,1,1,0,0,0,0,0,0,0,4,4,0,0,1,2,1,0,0,4,1,3,0,3,0,0,0
533716413,0,,,30,16,14,6,5,1,24,11,13,11,6,5,24,11,13,24,11,13,13,5,8,5,2,3,3,1,2,0,0,0,0,0,0,10,10,2,2,2,3,0,1,0,8,3,5,2,8,0,2,2
533716414,0,,,17,8,9,1,0,1,16,8,8,12,6,6,15,8,7,15,8,7,4,2,2,0,0,0,0,0,0,0,0,0,0,0,0,6,6,2,1,1,1,0,1,0,4,3,1,0,2,1,0,1
533716422,0,,,19,8,11,5,1,4,14,7,7,9,5,4,13,6,7,13,6,7,5,2,3,2,0,2,0,0,0,0,0,0,0,0,0,5,5,1,0,0,3,0,1,0,4,1,3,2,4,0,1,0
533716423,1,,533716424,17,8,9,1,1,0,24,11,13,14,7,7,24,11,13,24,11,13,10,4,6,6,2,4,5,2,3,0,0,0,0,0,0,4,4,1,0,1,4,1,0,0,6,0,6,1,7,0,1,0
533716424,2,533716423,,8,4,4,*,*,*,*,*,*,*,*,*,*,*,*,*,*,*,*,*,*,*,*,*,*,*,*,*,*,*,*,*,*,3,3,*,*,*,*,*,*,*,*,*,*,*,*,*,*,*
533716431,0,,,17,9,8,0,0,0,17,9,8,10,6,4,17,9,8,17,9,8,7,3,4,2,0,2,1,0,1,0,0,0,0,0,0,10,10,5,3,2,0,0,0,0,5,5,0,0,6,0,3,0
533716432,0,,,34,20,14,6,4,2,28,16,12,17,9,8,28,16,12,28,16,12,11,7,4,5,2,3,1,0,1,0,0,0,0,0,0,11,11,2,3,1,3,1,1,0,9,5,4,1,8,0,1,1
533716433,0,,,30,17,13,3,3,0,27,14,13,14,8,6,27,14,13,26,13,13,13,6,7,6,3,3,2,1,1,0,0,0,0,0,0,14,14,5,4,4,0,1,0,0,9,8,1,2,9,0,3,3
533716434,0,,,14,7,7,3,1,2,11,6,5,7,4,3,11,6,5,11,6,5,4,2,2,1,1,0,0,0,0,0,0,0,0,0,0,4,4,0,1,1,1,1,0,0,4,3,1,0,2,0,0,0
533716442,0,,,241,108,133,34,15,19,207,93,114,111,49,62,200,92,108,196,91,105,96,44,52,50,20,30,18,5,13,2,0,2,1,0,1,83,83,14,30,13,13,4,7,2,69,49,20,7,60,0,12,19
533716444,0,,,87,37,50,6,4,2,81,33,48,31,14,17,81,33,48,81,33,48,50,19,31,28,7,21,17,3,14,1,0,1,0,0,0,32,32,2,15,8,5,1,1,0,30,16,14,0,30,0,2,12
533716451,0,,,105,51,54,16,11,5,89,40,49,49,23,26,87,40,47,86,39,47,40,17,23,26,10,16,9,2,7,0,0,0,0,0,0,34,33,4,9,7,12,0,1,0,29,21,8,5,19,0,2,5
533716452,1,,533716454,21,8,13,2,2,0,23,8,15,16,5,11,22,8,14,22,8,14,7,3,4,6,2,4,3,1,2,0,0,0,2,0,2,9,9,2,6,2,0,1,0,0,9,7,2,0,5,1,0,3
533716453,0,,,124,64,60,28,15,13,96,49,47,66,32,34,89,45,44,89,45,44,30,17,13,16,9,7,8,4,4,1,0,1,0,0,0,40,40,3,9,13,13,1,0,1,37,30,7,12,19,0,2,5
533716454,2,533716452,,4,2,2,*,*,*,*,*,*,*,*,*,*,*,*,*,*,*,*,*,*,*,*,*,*,*,*,*,*,*,*,*,*,2,2,*,*,*,*,*,*,*,*,*,*,*,*,*,*,*
533716461,0,,,180,82,98,21,10,11,159,72,87,90,42,48,152,68,84,144,65,79,69,30,39,35,12,23,17,4,13,1,0,1,0,0,0,62,62,12,18,11,10,8,2,1,50,35,15,4,44,0,10,13
533716463,0,,,298,150,148,33,16,17,265,134,131,156,82,74,262,134,128,260,134,126,109,52,57,64,29,35,25,10,15,4,1,3,2,2,0,104,104,21,36,16,15,8,2,6,83,58,25,6,73,4,11,19
533716464,0,,,40,22,18,2,1,1,38,21,17,16,11,5,37,20,17,36,20,16,22,10,12,11,5,6,5,2,3,0,0,0,3,3,0,17,17,5,4,5,3,0,0,0,12,10,2,1,12,0,2,3
533716471,0,,,24,11,13,3,1,2,21,10,11,9,3,6,21,10,11,21,10,11,12,7,5,4,1,3,0,0,0,0,0,0,0,0,0,13,13,5,7,0,0,1,0,0,8,8,0,1,10,0,5,5
533716481,1,,533716483;533716484,42,18,24,5,3,2,48,19,29,21,9,12,47,18,29,46,18,28,27,10,17,12,3,9,8,2,6,4,1,3,0,0,0,15,15,6,7,0,3,3,1,0,14,9,5,0,16,0,5,3
533716482,0,,,24,9,15,0,0,0,24,9,15,9,3,6,24,9,15,24,9,15,15,6,9,10,4,6,4,1,3,2,0,2,1,0,1,9,9,2,2,3,1,1,0,0,7,2,5,0,9,0,2,1
533716483,2,533716481,,4,1,3,*,*,*,*,*,*,*,*,*,*,*,*,*,*,*,*,*,*,*,*,*,*,*,*,*,*,*,*,*,*,2,2,*,*,*,*,*,*,*,*,*,*,*,*,*,*,*
533716484,2,533716481,,7,3,4,*,*,*,*,*,*,*,*,*,*,*,*,*,*,*,*,*,*,*,*,*,*,*,*,*,*,*,*,*,*,3,3,*,*,*,*,*,*,*,*,*,*,*,*,*,*,*
533716492,2,533716493,,3,2,1,*,*,*,*,*,*,*,*,*,*,*,*,*,*,*,*,*,*,*,*,*,*,*,*,*,*,*,*,*,*,2,2,*,*,*,*,*,*,*,*,*,*,*,*,*,*,*
533716493,1,,533716492,8,4,4,0,0,0,11,6,5,7,4,3,11,6,5,11,6,5,4,2,2,3,2,1,2,1,1,0,0,0,0,0,0,2,2,1,1,1,0,1,0,0,3,1,2,0,3,0,0,0
533716501,0,,,115,58,57,7,4,3,108,54,54,51,26,25,106,53,53,106,53,53,57,28,29,20,10,10,7,1,6,0,0,0,0,0,0,41,41,5,18,8,3,4,3,0,35,24,11,2,35,0,3,13
533716502,0,,,133,65,68,23,13,10,110,52,58,57,27,30,109,51,58,108,51,57,53,25,28,17,6,11,6,1,5,0,0,0,4,2,2,48,48,8,17,13,4,3,1,2,40,34,6,9,31,1,5,14
533716503,0,,,48,17,31,8,3,5,40,14,26,29,10,19,38,13,25,38,13,25,11,4,7,5,1,4,3,1,2,1,0,1,16,4,12,24,24,17,2,1,0,1,2,1,7,3,4,1,7,4,0,1
533716504,0,,,148,76,72,16,11,5,132,65,67,79,43,36,128,62,66,127,62,65,53,22,31,29,11,18,12,5,7,0,0,0,3,0,3,49,49,8,18,8,5,4,3,3,41,26,15,4,31,1,2,7
533716511,0,,,29,14,15,3,2,1,26,12,14,12,4,8,26,12,14,25,12,13,14,8,6,6,3,3,2,1,1,0,0,0,0,0,0,10,10,1,4,2,2,0,1,0,9,5,4,1,8,0,1,2
533716512,0,,,22,12,10,0,0,0,22,12,10,12,6,6,21,11,10,21,11,10,10,6,4,5,3,2,1,0,1,0,0,0,0,0,0,11,11,3,6,1,1,0,0,0,7,7,0,0,7,0,2,4
533716513,0,,,60,27,33,8,5,3,52,22,30,33,14,19,50,22,28,48,21,27,19,8,11,13,5,8,3,0,3,2,0,2,1,1,0,16,16,2,1,7,1,2,1,2,14,6,8,4,11,0,1,1
533716514,0,,,26,16,10,6,5,1,20,11,9,11,6,5,19,10,9,18,10,8,9,5,4,1,0,1,1,0,1,0,0,0,1,0,1,7,7,1,2,1,0,1,1,1,6,4,2,2,6,0,1,1
533716521,0,,,13,7,6,0,0,0,13,7,6,8,4,4,12,6,6,12,6,6,5,3,2,2,2,0,1,1,0,0,0,0,0,0,0,6,6,1,3,2,0,0,0,0,5,4,1,0,3,0,0,2
533716522,1,,533716524,42,19,23,8,4,4,37,16,21,25,10,15,36,16,20,35,16,19,12,6,6,9,3,6,6,2,4,1,1,0,0,0,0,9,9,1,2,1,2,0,2,2,9,3,6,2,9,0,1,2
533716524,2,533716522,,3,1,2,*,*,*,*,*,*,*,*,*,*,*,*,*,*,*,*,*,*,*,*,*,*,*,*,*,*,*,*,*,*,1,1,*,*,*,*,*,*,*,*,*,*,*,*,*,*,*
533716531,0,,,18,9,9,2,1,1,16,8,8,9,4,5,16,8,8,16,8,8,7,4,3,3,1,2,1,0,1,0,0,0,0,0,0,5,5,0,1,2,1,0,1,0,5,2,3,1,5,0,0,1
533716533,1,,533716534,19,10,9,3,2,1,17,9,8,5,3,2,17,9,8,17,9,8,12,6,6,6,3,3,2,1,1,0,0,0,0,0,0,9,9,3,5,1,1,0,0,0,6,6,0,1,7,0,2,3
533716534,2,533716533,,1,1,0,*,*,*,*,*,*,*,*,*,*,*,*,*,*,*,*,*,*,*,*,*,*,*,*,*,*,*,*,*,*,1,1,*,*,*,*,*,*,*,*,*,*,*,*,*,*,*
533716542,1,,533716543,90,38,52,11,5,6,81,34,47,51,21,30,77,34,43,74,33,41,30,13,17,19,7,12,8,1,7,0,0,0,0,0,0,29,29,4,6,9,9,0,1,1,26,15,11,3,19,0,2,4
533716543,2,533716542,,2,1,1,*,*,*,*,*,*,*,*,*,*,*,*,*,*,*,*,*,*,*,*,*,*,*,*,*,*,*,*,*,*,1,1,*,*,*,*,*,*,*,*,*,*,*,*,*,*,*
533716544,0,,,65,31,34,5,2,3,60,29,31,30,13,17,57,28,29,55,27,28,30,16,14,15,7,8,10,4,6,0,0,0,0,0,0,20,20,4,5,3,2,3,2,1,16,8,8,1,17,0,3,5
533716551,0,,,190,94,96,16,7,9,174,87,87,100,51,49,168,82,86,165,81,84,74,36,38,42,22,20,14,4,10,1,1,0,2,0,2,58,58,7,14,18,5,7,4,3,51,28,23,1,44,0,6,6
533716552,0,,,179,82,97,48,23,25,131,59,72,93,43,50,123,56,67,123,56,67,38,16,22,19,6,13,12,5,7,2,0,2,4,2,2,51,51,4,10,14,12,6,2,3,47,34,13,17,21,0,2,4
533716553,0,,,229,125,104,35,21,14,194,104,90,115,66,49,185,97,88,182,97,85,79,38,41,46,22,24,9,2,7,2,0,2,2,0,2,75,75,10,25,14,11,9,4,2,65,48,17,11,51,1,7,12
533716554,0,,,110,50,60,16,8,8,94,42,52,59,27,32,88,38,50,87,38,49,35,15,20,23,9,14,7,2,5,0,0,0,3,1,2,33,33,3,11,5,5,5,3,1,30,19,11,2,23,0,2,6
533716561,0,,,265,121,144,41,18,23,224,103,121,136,68,68,214,97,117,213,96,117,88,35,53,53,21,32,18,5,13,2,1,1,4,3,1,92,92,16,30,19,10,11,5,1,75,57,18,9,56,1,8,15
533716562,0,,,166,79,87,17,11,6,149,68,81,73,35,38,146,66,80,143,66,77,76,33,43,42,14,28,16,1,15,0,0,0,3,1,2,63,63,19,13,15,9,3,3,1,44,30,14,1,51,0,17,6
533716563,0,,,395,181,214,42,17,25,352,163,189,195,92,103,342,160,182,339,159,180,157,71,86,95,40,55,32,12,20,3,0,3,10,2,8,140,140,22,52,29,19,6,8,4,116,81,35,8,101,1,12,24
533716564,0,,,279,130,149,33,19,14,246,111,135,138,67,71,242,110,132,240,109,131,108,44,64,63,22,41,24,6,18,5,1,4,6,2,4,116,116,34,36,26,12,5,1,2,82,67,15,8,78,0,26,20
533716571,0,,,42,16,26,5,1,4,37,15,22,23,10,13,36,14,22,33,13,20,14,5,9,11,5,6,4,2,2,0,0,0,0,0,0,13,13,1,5,2,3,0,1,1,12,9,3,1,9,0,1,4
533716572,2,533716573,,10,7,3,*,*,*,*,*,*,*,*,*,*,*,*,*,*,*,*,*,*,*,*,*,*,*,*,*,*,*,*,*,*,4,4,*,*,*,*,*,*,*,*,*,*,*,*,*,*,*
533716573,1,,533716572,77,36,41,16,8,8,71,35,36,45,23,22,70,35,35,70,35,35,26,12,14,11,6,5,5,2,3,2,0,2,0,0,0,22,22,4,5,6,6,2,0,3,22,11,11,3,17,0,2,1
533716574,0,,,44,22,22,2,1,1,42,21,21,27,15,12,41,21,20,41,21,20,15,6,9,7,3,4,4,1,3,0,0,0,0,0,0,7,6,1,2,2,1,0,0,0,5,3,2,0,5,0,1,2
533716581,0,,,31,12,19,6,3,3,25,9,16,16,6,10,24,9,15,24,9,15,9,3,6,4,0,4,2,0,2,1,0,1,0,0,0,10,10,2,1,2,4,1,0,0,8,4,4,3,7,0,2,0
533716582,0,,,30,15,15,2,2,0,28,13,15,14,7,7,28,13,15,28,13,15,14,6,8,10,4,6,3,1,2,0,0,0,0,0,0,11,11,1,5,1,4,0,0,0,10,8,2,1,9,0,1,3
533716583,0,,,48,24,24,3,2,1,45,22,23,20,12,8,44,22,22,43,21,22,25,10,15,16,6,10,9,3,6,0,0,0,0,0,0,17,17,3,5,3,5,0,1,0,14,9,5,0,16,0,3,2
533716584,0,,,21,12,9,0,0,0,21,12,9,7,6,1,21,12,9,21,12,9,14,6,8,9,3,6,5,1,4,2,1,1,0,0,0,10,10,3,4,2,1,0,0,0,7,6,1,0,8,0,2,2
533716592,2,533716593,,7,5,2,*,*,*,*,*,*,*,*,*,*,*,*,*,*,*,*,*,*,*,*,*,*,*,*,*,*,*,*,*,*,4,4,*,*,*,*,*,*,*,*,*,*,*,*,*,*,*
533716593,1,,533716592,31,14,17,4,3,1,34,16,18,14,6,8,34,16,18,34,16,18,20,10,10,12,5,7,6,3,3,0,0,0,0,0,0,11,11,6,3,3,0,1,2,0,9,4,5,2,13,0,4,2
533716594,0,,,113,58,55,3,3,0,110,55,55,51,27,24,109,54,55,107,54,53,59,28,31,31,12,19,15,6,9,2,0,2,1,0,1,41,41,7,13,9,7,5,0,0,34,23,11,1,35,0,7,6
533716601,0,,,88,43,45,19,12,7,69,31,38,44,23,21,67,30,37,66,30,36,25,8,17,18,6,12,9,3,6,1,0,1,0,0,0,25,25,1,7,3,8,5,0,1,24,14,10,5,16,0,0,4
533716602,0,,,181,92,89,21,15,6,160,77,83,88,44,44,157,75,82,153,74,79,72,33,39,36,16,20,15,4,11,2,0,2,1,0,1,65,65,13,24,12,7,2,4,3,52,38,14,5,46,0,6,11
533716603,0,,,113,55,58,13,6,7,99,49,50,60,30,30,94,46,48,93,45,48,39,19,20,17,7,10,3,1,2,0,0,0,5,1,4,43,43,12,12,7,9,0,2,1,31,23,8,2,24,3,4,6
533716604,0,,,296,141,155,38,20,18,258,121,137,153,73,80,247,118,129,243,118,125,105,48,57,60,27,33,13,2,11,2,0,2,3,1,2,108,108,26,31,23,12,8,6,2,82,58,24,13,62,5,10,16
533716611,0,,,148,74,74,18,11,7,130,63,67,76,36,40,127,63,64,126,62,64,54,27,27,23,10,13,6,1,5,0,0,0,0,0,0,52,52,8,20,8,7,6,3,0,44,31,13,1,38,0,6,12
533716612,0,,,26,15,11,4,2,2,22,13,9,11,8,3,22,13,9,22,13,9,11,5,6,5,3,2,4,2,2,0,0,0,0,0,0,9,9,3,0,3,2,0,1,0,6,5,1,0,8,0,3,0
533716613,0,,,154,79,75,16,12,4,138,67,71,81,44,37,132,63,69,130,62,68,57,23,34,30,14,16,10,5,5,3,1,2,1,0,1,55,55,13,16,11,7,4,1,3,42,31,11,3,35,0,9,8
533716614,0,,,15,10,5,0,0,0,15,10,5,7,5,2,15,10,5,15,10,5,8,5,3,4,3,1,0,0,0,0,0,0,0,0,0,6,6,1,2,2,1,0,0,0,5,5,0,0,5,0,1,2
533716621,0,,,45,21,24,3,2,1,42,19,23,18,7,11,42,19,23,41,19,22,24,12,12,16,7,9,11,4,7,2,2,0,0,0,0,15,15,3,3,5,1,2,0,1,12,5,7,0,13,0,2,1
533716622,0,,,35,18,17,3,0,3,32,18,14,16,8,8,30,16,14,30,16,14,16,10,6,7,3,4,3,1,2,1,1,0,0,0,0,11,11,2,2,3,2,1,0,1,9,5,4,1,10,0,2,2
533716623,0,,,20,10,10,1,1,0,19,9,10,11,6,5,18,9,9,18,9,9,8,3,5,5,2,3,2,1,1,0,0,0,0,0,0,6,6,1,1,1,1,2,0,0,5,3,2,0,5,0,1,1
533716624,0,,,30,14,16,5,3,2,25,11,14,13,7,6,25,11,14,24,11,13,12,4,8,5,1,4,2,1,1,1,0,1,0,0,0,9,9,1,3,2,1,0,1,1,8,4,4,1,8,0,1,1
533716631,0,,,36,20,16,7,6,1,29,14,15,14,8,6,28,14,14,28,14,14,15,6,9,7,3,4,1,0,1,0,0,0,0,0,0,14,14,6,2,3,1,0,1,1,8,5,3,1,10,0,4,0
533716633,0,,,53,29,24,11,6,5,42,23,19,28,15,13,40,22,18,40,22,18,14,8,6,5,4,1,3,2,1,1,1,0,0,0,0,16,16,0,5,6,1,3,1,0,16,14,2,4,7,0,0,3
533716634,0,,,84,41,43,13,6,7,71,35,36,41,21,20,68,33,35,67,32,35,30,14,16,13,3,10,11,2,9,2,1,1,1,0,1,23,23,4,5,4,4,1,1,4,19,8,11,6,19,0,2,3
533716643,0,,,23,10,13,3,1,2,20,9,11,15,7,8,19,8,11,19,8,11,5,2,3,2,1,1,2,1,1,0,0,0,0,0,0,7,7,0,2,4,0,0,0,1,7,5,2,1,3,0,0,1
533716651,0,,,9,0,9,0,0,0,9,0,9,9,0,9,9,0,9,5,0,5,0,0,0,0,0,0,0,0,0,0,0,0,9,0,9,9,9,9,0,0,0,0,0,0,0,0,0,0,0,5,0,0
533716652,0,,,210,105,105,13,5,8,196,99,97,108,53,55,188,94,94,186,93,93,88,46,42,40,20,20,20,6,14,1,0,1,4,1,3,81,81,16,28,20,12,2,1,2,64,51,13,2,58,3,11,17
533716653,2,533716654,,1,0,1,*,*,*,*,*,*,*,*,*,*,*,*,*,*,*,*,*,*,*,*,*,*,*,*,*,*,*,*,*,*,1,1,*,*,*,*,*,*,*,*,*,*,*,*,*,*,*
533716654,1,,533716653,394,198,196,54,28,26,340,170,170,232,118,114,336,168,168,328,164,164,108,52,56,61,27,34,22,6,16,2,2,0,9,1,8,145,145,33,46,25,27,9,2,4,112,77,35,17,70,8,9,16
533716661,0,,,135,57,78,20,8,12,115,49,66,65,26,39,108,46,62,108,46,62,50,23,27,33,14,19,15,6,9,0,0,0,4,0,4,47,47,14,11,9,4,4,3,2,33,21,12,7,32,3,7,7
533716662,0,,,815,403,412,123,61,62,690,340,350,497,250,247,657,320,337,631,305,326,193,90,103,94,41,53,30,13,17,2,0,2,75,39,36,295,295,50,104,58,47,24,9,3,241,199,42,32,132,5,30,41
533716663,0,,,386,201,185,44,28,16,342,173,169,212,116,96,332,167,165,323,162,161,130,57,73,79,33,46,25,8,17,0,0,0,8,5,3,128,128,21,42,28,14,10,5,8,106,75,31,15,86,0,14,14
533716664,0,,,490,229,261,54,22,32,436,207,229,270,130,140,426,203,223,420,201,219,166,77,89,72,26,46,39,11,28,2,0,2,8,5,3,171,171,33,47,43,24,12,8,4,138,96,42,13,105,2,20,21
533716671,0,,,155,72,83,30,13,17,123,57,66,79,36,43,120,55,65,119,54,65,44,21,23,23,9,14,6,2,4,0,0,0,4,2,2,60,60,20,16,7,10,3,2,2,40,29,11,3,30,3,5,5
533716672,0,,,74,44,30,5,3,2,69,41,28,41,26,15,67,39,28,66,38,28,28,15,13,10,4,6,1,0,1,0,0,0,1,0,1,20,17,3,4,6,2,0,2,0,14,10,4,1,14,0,2,4
533716673,0,,,186,93,93,27,17,10,159,76,83,104,53,51,151,72,79,148,70,78,55,23,32,30,11,19,15,4,11,3,0,3,1,0,1,61,61,9,16,13,15,4,2,2,52,37,15,6,35,0,4,12
533716674,0,,,104,51,53,11,7,4,93,44,49,42,21,21,93,44,49,93,44,49,51,23,28,25,8,17,10,3,7,1,0,1,0,0,0,37,37,9,10,10,3,1,0,4,28,20,8,2,32,0,8,5
533716681,0,,,33,16,17,3,0,3,30,16,14,17,11,6,30,16,14,30,16,14,13,5,8,5,1,4,2,0,2,0,0,0,0,0,0,11,11,3,1,2,3,2,0,0,8,5,3,1,10,0,3,1
533716682,0,,,39,19,20,5,2,3,34,17,17,25,13,12,32,16,16,32,16,16,9,4,5,4,1,3,2,0,2,0,0,0,1,0,1,13,13,2,4,2,3,1,1,0,11,7,4,1,7,0,1,2
533716683,0,,,92,41,51,7,5,2,85,36,49,47,19,28,81,34,47,80,34,46,38,17,21,23,9,14,5,2,3,0,0,0,0,0,0,29,29,3,10,8,2,1,3,2,26,15,11,1,23,0,1,8
533716684,0,,,52,25,27,3,0,3,49,25,24,19,11,8,47,25,22,47,25,22,30,14,16,16,6,10,4,0,4,0,0,0,0,0,0,19,19,3,9,2,2,2,0,1,16,10,6,0,18,0,2,5
533716691,0,,,37,21,16,5,2,3,32,19,13,17,12,5,30,17,13,29,16,13,15,7,8,6,3,3,0,0,0,0,0,0,0,0,0,9,8,2,2,1,1,0,0,2,6,4,2,0,6,0,1,2
533716692,0,,,10,6,4,0,0,0,10,6,4,4,3,1,10,6,4,10,6,4,6,3,3,3,2,1,0,0,0,0,0,0,0,0,0,4,4,0,2,2,0,0,0,0,4,4,0,0,3,0,0,1
533716693,0,,,68,36,32,5,1,4,63,35,28,30,21,9,63,35,28,62,34,28,33,14,19,14,5,9,3,1,2,2,0,2,0,0,0,24,24,3,12,3,1,3,1,1,21,14,7,2,21,0,2,5
533716694,0,,,21,7,14,1,0,1,20,7,13,10,4,6,20,7,13,20,7,13,10,3,7,9,2,7,4,1,3,1,0,1,0,0,0,9,9,3,3,2,0,0,1,0,6,4,2,0,7,0,2,2
533716701,0,,,63,31,32,7,5,2,56,26,30,31,16,15,56,26,30,56,26,30,25,10,15,19,8,11,3,1,2,0,0,0,3,3,0,24,24,6,7,6,2,1,2,0,18,15,3,1,15,3,2,2
533716702,0,,,201,102,99,26,15,11,175,87,88,102,55,47,166,80,86,163,78,85,73,32,41,35,13,22,12,1,11,2,0,2,0,0,0,63,63,7,14,18,14,7,1,2,56,40,16,7,43,0,5,9
533716703,0,,,19,10,9,0,0,0,19,10,9,12,7,5,18,10,8,17,9,8,7,3,4,3,2,1,1,1,0,1,1,0,0,0,0,8,8,3,2,2,0,0,1,0,5,3,2,0,5,0,2,0
533716704,0,,,147,76,71,13,5,8,134,71,63,74,41,33,129,68,61,128,68,60,60,30,30,38,18,20,14,6,8,1,0,1,0,0,0,49,49,6,18,8,9,3,5,0,43,29,14,2,35,0,5,8
533716711,1,,533716712,234,116,118,36,22,14,202,96,106,121,58,63,196,95,101,191,92,99,81,38,43,39,16,23,11,4,7,1,0,1,7,3,4,80,80,10,32,14,16,4,4,2,72,59,13,8,49,0,8,15
533716712,2,533716711,,4,2,2,*,*,*,*,*,*,*,*,*,*,*,*,*,*,*,*,*,*,*,*,*,*,*,*,*,*,*,*,*,*,2,2,*,*,*,*,*,*,*,*,*,*,*,*,*,*,*
533716713,1,,533716714,185,87,98,17,6,11,178,84,94,107,52,55,168,80,88,166,79,87,71,32,39,45,20,25,9,3,6,1,0,1,1,0,1,57,57,12,10,13,14,5,6,1,49,27,22,4,45,0,11,8
533716714,2,533716713,,10,3,7,*,*,*,*,*,*,*,*,*,*,*,*,*,*,*,*,*,*,*,*,*,*,*,*,*,*,*,*,*,*,4,4,*,*,*,*,*,*,*,*,*,*,*,*,*,*,*
533716721,2,533716722,,6,3,3,*,*,*,*,*,*,*,*,*,*,*,*,*,*,*,*,*,*,*,*,*,*,*,*,*,*,*,*,*,*,3,3,*,*,*,*,*,*,*,*,*,*,*,*,*,*,*
533716722,1,,533716721,24,12,12,1,0,1,29,15,14,14,8,6,26,13,13,26,13,13,15,7,8,8,5,3,3,1,2,1,1,0,0,0,0,7,7,0,6,1,1,1,1,0,10,7,3,0,7,0,0,2
533716724,0,,,56,33,23,11,8,3,45,25,20,32,18,14,45,25,20,45,25,20,13,7,6,9,5,4,2,2,0,0,0,0,0,0,0,16,16,3,3,1,4,2,3,0,13,6,7,3,10,0,1,0
533716731,0,,,31,16,15,5,4,1,26,12,14,16,8,8,25,11,14,25,11,14,10,4,6,5,2,3,2,0,2,0,0,0,0,0,0,12,12,3,4,1,3,1,0,0,9,7,2,1,8,0,3,1
533716732,0,,,85,40,45,8,3,5,77,37,40,42,22,20,77,37,40,77,37,40,35,15,20,26,10,16,13,5,8,3,2,1,2,1,1,24,24,0,6,7,7,1,2,1,24,12,12,1,20,0,0,4
533716733,0,,,27,11,16,4,2,2,23,9,14,12,4,8,23,9,14,23,9,14,11,5,6,7,3,4,3,1,2,0,0,0,0,0,0,8,8,0,2,4,1,0,0,1,8,4,4,1,7,0,0,2
533716734,0,,,187,87,100,21,11,10,166,76,90,112,48,64,159,76,83,154,73,81,54,28,26,25,12,13,9,6,3,1,1,0,2,1,1,73,73,19,21,14,13,4,2,0,52,40,12,5,34,1,7,10
533716741,0,,,22,10,12,3,1,2,19,9,10,13,6,7,19,9,10,19,9,10,6,3,3,3,2,1,0,0,0,0,0,0,0,0,0,6,6,0,2,1,2,0,0,1,6,5,1,1,3,0,0,2
533716742,2,533716743,,5,3,2,*,*,*,*,*,*,*,*,*,*,*,*,*,*,*,*,*,*,*,*,*,*,*,*,*,*,*,*,*,*,2,2,*,*,*,*,*,*,*,*,*,*,*,*,*,*,*
533716743,1,,533716742;533716744,18,11,7,2,1,1,27,15,12,15,9,6,26,14,12,25,13,12,12,6,6,10,5,5,3,3,0,0,0,0,0,0,0,6,6,2,3,3,3,0,0,0,9,6,3,0,8,0,0,2
533716744,2,533716743,,6,2,4,*,*,*,*,*,*,*,*,*,*,*,*,*,*,*,*,*,*,*,*,*,*,*,*,*,*,*,*,*,*,3,3,*,*,*,*,*,*,*,*,*,*,*,*,*,*,*
533716752,1,,533716753;533716754,184,88,96,37,20,17,157,74,83,113,55,58,152,72,80,146,69,77,44,19,25,18,6,12,8,2,6,2,0,2,2,0,2,56,56,10,16,9,14,9,4,0,51,39,12,9,30,1,4,8
533716753,2,533716752,,4,3,1,*,*,*,*,*,*,*,*,*,*,*,*,*,*,*,*,*,*,*,*,*,*,*,*,*,*,*,*,*,*,2,2,*,*,*,*,*,*,*,*,*,*,*,*,*,*,*
533716754,2,533716752,,6,3,3,*,*,*,*,*,*,*,*,*,*,*,*,*,*,*,*,*,*,*,*,*,*,*,*,*,*,*,*,*,*,4,4,*,*,*,*,*,*,*,*,*,*,*,*,*,*,*
533716761,0,,,350,169,181,55,22,33,292,145,147,217,106,111,279,137,142,275,134,141,75,39,36,39,19,20,14,8,6,1,1,0,12,6,6,127,127,29,38,21,23,7,8,1,97,78,19,20,49,5,8,16
533716762,0,,,557,277,280,69,41,28,488,236,252,320,161,159,470,227,243,456,219,237,168,75,93,98,42,56,34,15,19,2,1,1,25,8,17,225,225,73,65,40,21,15,7,4,150,116,34,20,114,16,25,31
533716763,0,,,284,128,156,47,19,28,237,109,128,167,76,91,230,106,124,228,105,123,70,33,37,34,15,19,12,4,8,1,0,1,17,1,16,108,108,35,28,16,13,8,5,3,73,57,16,10,51,16,13,11
533716764,0,,,431,216,215,71,37,34,357,178,179,281,142,139,344,171,173,338,170,168,76,36,40,31,13,18,7,3,4,0,0,0,54,28,26,194,194,77,53,28,23,7,5,1,112,102,10,23,54,33,14,15
533716771,0,,,510,206,304,42,20,22,468,186,282,195,96,99,459,182,277,453,181,272,273,90,183,210,63,147,137,35,102,33,6,27,9,6,3,147,145,38,54,23,19,6,2,3,103,84,19,10,82,2,23,21
533716772,0,,,177,76,101,18,5,13,159,71,88,97,46,51,152,68,84,150,67,83,62,25,37,35,14,21,16,7,9,0,0,0,4,1,3,61,61,10,17,16,8,8,1,1,50,33,17,4,45,0,7,7
533716773,0,,,302,154,148,39,22,17,257,129,128,174,89,85,249,125,124,241,119,122,83,40,43,50,23,27,22,10,12,1,0,1,0,0,0,119,119,34,32,25,16,8,3,1,85,66,19,9,54,9,5,15
533716774,0,,,84,36,48,5,1,4,79,35,44,40,20,20,75,34,41,75,34,41,39,15,24,24,10,14,6,2,4,0,0,0,0,0,0,34,34,6,16,7,2,1,2,0,28,21,7,1,25,0,5,10
533716781,0,,,214,112,102,35,23,12,179,89,90,132,70,62,170,83,87,166,80,86,47,19,28,20,5,15,10,1,9,2,0,2,1,0,1,69,69,9,20,13,15,7,4,1,59,43,16,12,31,0,3,8
533716782,0,,,47,26,21,6,4,2,41,22,19,21,13,8,41,22,19,41,22,19,20,9,11,14,6,8,3,1,2,1,0,1,0,0,0,16,16,1,5,6,2,2,0,0,15,9,6,1,12,0,0,3
533716783,0,,,235,111,124,28,17,11,207,94,113,122,63,59,201,93,108,198,91,107,85,31,54,57,22,35,18,6,12,3,1,2,0,0,0,77,76,17,20,12,14,6,4,3,59,38,21,7,51,0,11,10
533716784,0,,,120,63,57,17,11,6,103,52,51,58,28,30,100,50,50,98,49,49,45,24,21,26,13,13,15,8,7,0,0,0,0,0,0,39,39,8,8,10,5,3,4,1,31,22,9,4,30,0,7,7
533716791,0,,,23,12,11,3,2,1,20,10,10,7,3,4,20,10,10,20,10,10,13,7,6,5,2,3,4,2,2,2,1,1,0,0,0,7,7,0,3,0,3,1,0,0,7,4,3,2,6,0,0,3
533716792,0,,,60,31,29,6,4,2,54,27,27,30,15,15,52,26,26,51,25,26,24,12,12,11,6,5,3,2,1,1,0,1,1,0,1,18,18,0,9,1,4,2,1,1,18,11,7,1,15,0,0,5
533716793,0,,,66,33,33,7,6,1,59,27,32,32,16,16,56,25,31,54,24,30,27,11,16,19,8,11,8,3,5,1,0,1,0,0,0,21,21,5,5,1,7,1,0,2,16,10,6,1,15,0,3,5
533716794,0,,,12,6,6,3,2,1,9,4,5,5,2,3,8,4,4,8,4,4,4,2,2,0,0,0,0,0,0,0,0,0,0,0,0,4,4,0,2,0,2,0,0,0,4,4,0,1,2,0,0,2
533716802,0,,,152,79,73,11,7,4,141,72,69,91,46,45,136,68,68,131,67,64,50,26,24,21,10,11,5,1,4,0,0,0,2,1,1,64,64,16,27,12,2,5,1,1,47,40,7,4,33,5,6,12
533716804,0,,,97,34,63,6,3,3,91,31,60,32,14,18,90,30,60,89,30,59,59,17,42,47,8,39,25,4,21,3,0,3,0,0,0,18,17,0,7,7,2,0,0,1,17,15,2,2,9,0,0,4
533716811,0,,,660,305,355,72,36,36,587,268,319,351,170,181,569,258,311,562,255,307,236,98,138,116,43,73,52,16,36,5,0,5,76,36,40,264,262,85,77,45,31,15,8,1,175,147,28,20,150,4,51,31
533716812,0,,,71,36,35,4,3,1,67,33,34,34,18,16,67,33,34,67,33,34,33,15,18,19,9,10,9,4,5,1,1,0,0,0,0,26,26,4,10,7,1,2,2,0,22,15,7,2,22,0,4,7
533716813,0,,,355,181,174,50,25,25,304,155,149,207,108,99,292,149,143,284,143,141,97,47,50,30,11,19,7,1,6,1,0,1,45,21,24,143,143,42,40,30,21,5,2,3,99,82,17,15,72,3,24,19
533716814,0,,,13,6,7,0,0,0,13,6,7,7,4,3,11,5,6,11,5,6,6,2,4,2,1,1,1,0,1,1,0,1,0,0,0,5,5,2,0,1,2,0,0,0,3,0,3,0,4,0,1,0
533716821,0,,,98,50,48,11,8,3,87,42,45,64,32,32,86,42,44,83,41,42,23,10,13,14,7,7,3,1,2,1,1,0,0,0,0,38,38,5,17,9,4,2,1,0,31,25,6,4,19,0,4,3
533716822,0,,,171,74,97,6,2,4,163,71,92,88,37,51,155,68,87,153,68,85,75,34,41,29,11,18,10,3,7,1,0,1,1,1,0,70,70,13,32,14,6,2,3,0,55,46,9,3,50,0,8,18
533716823,0,,,138,66,72,19,9,10,119,57,62,72,35,37,108,54,54,108,54,54,47,22,25,26,13,13,8,2,6,1,0,1,11,6,5,54,54,17,14,9,7,4,3,0,37,29,8,3,33,0,14,5
533716824,0,,,584,279,305,62,33,29,521,245,276,311,163,148,497,237,260,488,231,257,210,82,128,129,48,81,44,16,28,5,0,5,8,4,4,200,200,33,64,40,33,17,6,7,167,120,47,17,132,0,22,31
533716831,0,,,417,210,207,51,29,22,366,181,185,224,114,110,349,172,177,337,165,172,142,67,75,59,23,36,25,9,16,2,0,2,0,0,0,139,139,15,52,24,26,12,8,2,124,93,31,11,90,0,12,32
533716832,0,,,200,72,128,18,9,9,182,63,119,53,26,27,176,61,115,175,61,114,129,37,92,107,27,80,83,18,65,20,1,19,1,0,1,35,34,6,11,5,5,3,3,1,27,20,7,3,21,0,4,8
533716833,0,,,360,175,185,55,29,26,305,146,159,192,94,98,292,142,150,285,139,146,113,52,61,52,26,26,22,9,13,2,1,1,6,2,4,127,127,19,47,22,22,10,6,1,108,85,23,11,69,0,12,22
533716834,0,,,166,82,84,16,10,6,150,72,78,105,54,51,144,68,76,143,68,75,45,18,27,18,5,13,6,1,5,0,0,0,9,4,5,59,59,10,15,17,11,5,1,0,49,34,15,9,31,2,6,8
533716842,2,533716843,,63,40,23,*,*,*,*,*,*,*,*,*,*,*,*,*,*,*,*,*,*,*,*,*,*,*,*,*,*,*,*,*,*,4,1,*,*,*,*,*,*,*,*,*,*,*,*,*,*,*
533716843,1,,533716842,121,65,56,16,9,7,168,96,72,115,68,47,164,94,70,162,92,70,53,28,25,22,13,9,10,7,3,2,1,1,0,0,0,40,40,3,15,10,6,7,0,0,38,29,9,3,29,0,2,8
533716844,0,,,94,50,44,15,12,3,79,38,41,51,25,26,77,38,39,76,38,38,28,13,15,15,8,7,5,1,4,1,0,1,1,1,0,35,34,9,12,5,3,2,2,1,24,18,6,4,14,2,2,3
533716851,0,,,84,50,34,2,0,2,82,50,32,58,36,22,81,49,32,80,49,31,24,14,10,12,8,4,7,5,2,1,1,0,0,0,0,17,16,3,6,0,6,0,1,0,13,9,4,0,11,0,2,5
533716852,0,,,15,8,7,5,3,2,10,5,5,7,4,3,9,4,5,9,4,5,3,1,2,1,1,0,0,0,0,0,0,0,0,0,0,5,5,1,1,1,1,1,0,0,4,4,0,1,2,0,1,1
533716853,0,,,79,39,40,7,3,4,72,36,36,44,22,22,71,35,36,68,34,34,28,14,14,13,6,7,5,2,3,1,0,1,1,0,1,27,27,2,7,11,6,0,1,0,25,19,6,0,16,0,1,4
533716854,0,,,48,30,18,2,2,0,46,28,18,24,17,7,45,27,18,45,27,18,22,11,11,13,7,6,6,3,3,0,0,0,0,0,0,25,25,13,5,4,2,1,0,0,12,10,2,0,15,2,6,2
533716861,0,,,16,9,7,2,2,0,14,7,7,8,4,4,14,7,7,14,7,7,6,3,3,4,2,2,3,1,2,0,0,0,0,0,0,5,5,0,3,0,1,0,1,0,5,4,1,1,3,0,0,1
533716862,0,,,359,177,182,49,31,18,308,145,163,210,99,111,294,137,157,290,136,154,98,46,52,53,19,34,17,6,11,3,1,2,1,1,0,131,131,22,44,30,20,11,4,0,106,81,25,17,69,2,10,14
533716863,0,,,205,96,109,19,11,8,186,85,101,87,56,31,183,84,99,181,82,99,99,29,70,73,20,53,49,8,41,10,1,9,1,0,1,65,64,32,11,6,7,3,4,1,32,18,14,5,26,12,4,3
533716864,0,,,463,229,234,53,29,24,408,199,209,266,136,130,390,187,203,382,182,200,142,63,79,88,34,54,42,13,29,4,2,2,4,4,0,159,157,29,47,38,27,5,6,5,128,104,24,11,79,4,8,18
533716871,0,,,675,316,359,117,55,62,553,257,296,427,207,220,530,244,286,520,239,281,126,50,76,57,20,37,20,6,14,1,0,1,25,12,13,245,245,47,77,55,33,24,6,3,195,162,33,35,90,4,15,17
533716872,0,,,435,209,226,65,33,32,368,175,193,256,123,133,360,168,192,353,166,187,112,52,60,56,21,35,26,11,15,2,2,0,18,8,10,171,171,41,56,37,21,10,5,1,130,110,20,21,72,5,13,17
533716873,0,,,754,342,412,119,59,60,628,280,348,448,202,246,591,264,327,576,260,316,180,78,102,90,33,57,46,13,33,6,2,4,23,7,16,268,268,50,82,56,50,17,6,7,210,161,49,31,118,5,17,30
533716874,0,,,720,361,359,159,88,71,550,266,284,420,202,218,524,257,267,517,256,261,130,64,66,56,25,31,16,7,9,2,1,1,17,7,10,264,264,69,66,46,49,23,8,3,193,165,28,42,89,8,15,23
533716881,0,,,28,12,16,3,2,1,25,10,15,14,6,8,25,10,15,25,10,15,11,4,7,7,1,6,4,1,3,0,0,0,0,0,0,10,10,1,5,1,2,0,1,0,9,5,4,1,8,0,1,2
533716882,1,,533716883,171,85,86,21,16,5,158,72,86,92,41,51,155,72,83,154,71,83,66,31,35,28,12,16,9,3,6,2,1,1,0,0,0,65,65,15,23,14,7,7,1,1,53,38,15,4,41,0,7,9
533716883,2,533716882,,8,3,5,*,*,*,*,*,*,*,*,*,*,*,*,*,*,*,*,*,*,*,*,*,*,*,*,*,*,*,*,*,*,3,3,*,*,*,*,*,*,*,*,*,*,*,*,*,*,*
533716884,0,,,113,57,56,11,9,2,102,48,54,66,29,37,98,47,51,97,47,50,36,19,17,25,13,12,12,5,7,0,0,0,0,0,0,33,33,7,5,5,8,0,7,1,26,15,11,0,23,0,6,2
533716891,0,,,50,27,23,5,3,2,45,24,21,23,13,10,45,24,21,45,24,21,22,11,11,14,8,6,4,2,2,0,0,0,0,0,0,15,15,2,2,5,2,3,1,0,13,7,6,0,13,0,1,2
533716893,0,,,117,61,56,13,8,5,104,53,51,60,29,31,99,50,49,96,49,47,44,24,20,21,8,13,9,1,8,2,0,2,0,0,0,32,32,3,7,7,7,3,2,3,29,14,15,3,28,0,2,4
533716902,0,,,53,25,28,3,2,1,50,23,27,32,14,18,49,23,26,48,22,26,18,9,9,10,6,4,3,3,0,1,1,0,0,0,0,19,19,2,8,3,4,2,0,0,17,13,4,1,11,0,1,5
533716903,0,,,28,16,12,2,2,0,26,14,12,13,6,7,26,14,12,26,14,12,13,8,5,7,4,3,2,1,1,0,0,0,0,0,0,14,14,3,9,1,1,0,0,0,10,10,0,1,8,0,1,6
533716904,0,,,20,10,10,0,0,0,20,10,10,8,5,3,20,10,10,20,10,10,12,5,7,3,2,1,0,0,0,0,0,0,0,0,0,12,12,4,8,0,0,0,0,0,8,8,0,0,7,1,1,5
533716911,0,,,111,62,49,9,8,1,102,54,48,58,31,27,99,53,46,99,53,46,44,23,21,22,12,10,7,3,4,0,0,0,4,3,1,48,48,14,17,10,4,1,2,0,34,27,7,3,30,1,5,9
533716912,0,,,112,58,54,16,10,6,96,48,48,67,34,33,92,47,45,87,43,44,29,14,15,12,6,6,1,0,1,0,0,0,0,0,0,42,42,9,13,6,11,3,0,0,32,28,4,3,17,1,4,7
533716913,0,,,23,14,9,5,4,1,18,10,8,9,3,6,18,10,8,18,10,8,9,7,2,2,2,0,1,1,0,0,0,0,0,0,0,7,7,3,0,1,1,0,1,1,4,2,2,0,7,0,3,0
533716914,0,,,108,51,57,10,3,7,98,48,50,60,33,27,94,45,49,91,43,48,38,15,23,16,4,12,5,0,5,0,0,0,1,0,1,36,36,3,12,12,4,2,2,1,33,22,11,1,26,0,3,4
533716921,0,,,265,119,146,48,20,28,217,99,118,132,60,72,206,94,112,201,93,108,85,39,46,41,21,20,12,8,4,2,0,2,16,9,7,96,96,15,39,15,14,8,4,1,80,67,13,12,52,0,11,21
533716922,0,,,423,200,223,78,35,43,345,165,180,245,124,121,332,158,174,325,155,170,100,41,59,54,23,31,19,6,13,1,0,1,14,4,10,144,144,27,43,23,29,13,3,6,117,94,23,20,64,1,9,17
533716923,0,,,205,98,107,36,17,19,169,81,88,101,51,50,165,79,86,163,78,85,68,30,38,39,18,21,6,3,3,0,0,0,3,1,2,67,67,8,23,11,14,6,3,2,58,43,15,9,40,0,5,15
533716924,0,,,486,246,240,73,41,32,412,204,208,288,143,145,389,193,196,379,188,191,124,61,63,62,29,33,16,10,6,0,0,0,7,3,4,176,176,37,53,32,34,11,7,2,137,114,23,17,82,2,17,23
533716931,0,,,431,213,218,63,34,29,365,177,188,237,123,114,348,164,184,345,161,184,128,54,74,71,28,43,34,10,24,5,0,5,8,2,6,150,149,26,45,40,26,6,3,3,120,97,23,11,72,1,15,19
533716932,0,,,260,135,125,37,20,17,220,113,107,133,70,63,214,108,106,209,106,103,87,43,44,46,24,22,11,4,7,0,0,0,2,0,2,106,106,33,32,15,16,6,4,0,73,60,13,8,54,6,10,17
533716933,0,,,487,220,267,76,37,39,404,179,225,322,139,183,392,173,219,383,171,212,82,40,42,43,22,21,14,6,8,2,0,2,47,9,38,237,237,122,51,23,23,11,4,3,113,92,21,26,52,55,13,14
533716934,0,,,618,300,318,135,69,66,471,225,246,380,186,194,444,210,234,436,207,229,91,39,52,34,16,18,5,2,3,0,0,0,21,6,15,243,243,79,59,33,45,21,5,1,156,134,22,34,62,16,13,15
533716941,0,,,248,126,122,39,22,17,209,104,105,160,81,79,192,94,98,187,91,96,49,23,26,29,13,16,6,3,3,0,0,0,5,2,3,96,96,25,26,18,20,6,0,1,71,64,7,8,33,8,7,10
533716942,0,,,497,232,265,70,34,36,426,198,228,296,142,154,410,191,219,401,190,211,130,56,74,69,32,37,19,8,11,1,1,0,21,4,17,190,190,45,65,30,27,17,3,3,141,115,26,22,86,19,19,23
533716943,0,,,949,467,482,139,79,60,799,381,418,575,274,301,760,369,391,746,363,383,224,107,117,108,47,61,29,10,19,5,3,2,30,13,17,384,384,120,102,76,54,18,9,5,261,211,50,43,142,41,18,47
533716944,0,,,215,108,107,20,9,11,194,98,96,128,65,63,194,98,96,192,97,95,66,33,33,33,15,18,10,6,4,1,1,0,11,3,8,95,95,36,29,13,9,3,4,1,59,43,16,2,45,14,10,7
533716951,0,,,81,44,37,11,7,4,70,37,33,44,27,17,70,37,33,70,37,33,26,10,16,15,5,10,7,3,4,0,0,0,0,0,0,25,25,3,8,5,4,1,3,1,22,14,8,4,17,0,2,2
533716952,0,,,137,65,72,19,9,10,118,56,62,72,36,36,112,52,60,108,51,57,46,20,26,16,7,9,6,1,5,1,0,1,0,0,0,52,52,15,13,9,8,6,0,1,37,29,8,6,29,2,7,6
533716953,0,,,242,118,124,45,21,24,193,94,99,135,69,66,190,91,99,186,89,97,58,25,33,27,8,19,12,2,10,2,2,0,1,1,0,91,91,23,30,14,10,8,5,1,67,54,13,14,41,0,10,10
533716954,0,,,284,128,156,36,17,19,248,111,137,174,83,91,243,108,135,237,107,130,74,28,46,49,16,33,19,6,13,3,0,3,3,1,2,106,106,21,38,19,17,5,5,1,81,59,22,14,49,2,8,9
533716961,0,,,753,359,394,112,58,54,624,291,333,445,212,233,603,279,324,590,272,318,179,79,100,93,40,53,27,10,17,1,0,1,14,4,10,315,315,100,99,56,36,10,6,8,210,169,41,32,120,24,21,34
533716962,0,,,412,144,268,27,16,11,362,119,243,282,82,200,354,117,237,305,117,188,80,37,43,42,21,21,13,5,8,1,0,1,5,1,4,230,228,158,35,18,10,4,3,0,67,58,9,12,50,45,14,13
533716963,0,,,485,240,245,59,31,28,409,201,208,290,147,143,399,197,202,394,196,198,119,54,65,55,25,30,12,6,6,2,1,1,11,5,6,237,237,111,61,31,17,12,4,1,121,102,19,23,80,25,21,17
533716964,0,,,753,352,401,78,48,30,615,279,336,451,206,245,604,272,332,565,269,296,164,73,91,89,39,50,22,5,17,0,0,0,12,5,7,426,425,261,72,49,29,7,5,2,158,135,23,28,113,53,34,24
533716971,0,,,853,400,453,110,55,55,737,340,397,484,231,253,704,326,378,691,317,374,253,109,144,152,57,95,50,19,31,4,0,4,17,6,11,355,355,118,95,61,55,18,6,2,234,192,42,29,169,13,52,40
533716972,0,,,1039,483,556,178,86,92,853,391,462,578,282,296,819,373,446,807,365,442,275,109,166,140,50,90,57,18,39,5,0,5,25,12,13,377,377,91,104,77,55,24,18,8,283,216,67,50,181,12,37,42
533716973,0,,,628,306,322,80,37,43,545,266,279,306,164,142,530,261,269,524,258,266,239,102,137,124,51,73,49,18,31,2,1,1,13,5,8,265,265,95,73,49,20,17,5,6,167,130,37,20,158,5,44,29
533716974,0,,,1175,562,613,182,105,77,986,453,533,710,336,374,932,429,503,910,421,489,276,117,159,156,62,94,44,17,27,4,1,3,31,15,16,434,434,104,123,85,77,25,8,12,325,263,62,46,184,15,38,53
533716981,0,,,253,127,126,48,31,17,204,95,109,168,77,91,194,91,103,191,89,102,36,18,18,21,10,11,8,3,5,1,1,0,14,5,9,84,84,15,20,16,20,9,3,1,69,53,16,16,26,4,5,4
533716982,2,533716983,,3,2,1,*,*,*,*,*,*,*,*,*,*,*,*,*,*,*,*,*,*,*,*,*,*,*,*,*,*,*,*,*,*,2,2,*,*,*,*,*,*,*,*,*,*,*,*,*,*,*
533716983,1,,533716982,858,407,451,111,63,48,740,341,399,555,262,293,705,321,384,690,313,377,185,79,106,81,31,50,28,8,20,2,1,1,20,7,13,334,333,85,104,66,56,13,6,5,241,203,38,34,114,21,21,35
533716984,0,,,91,44,47,20,9,11,71,35,36,41,21,20,67,31,36,66,31,35,30,14,16,16,8,8,4,2,2,0,0,0,2,1,1,30,30,1,14,4,6,4,1,0,28,24,4,5,17,0,1,9
533716991,1,,533716992;533716994,75,42,33,7,5,2,75,39,36,43,22,21,74,39,35,73,39,34,32,17,15,21,11,10,7,4,3,0,0,0,1,1,0,23,23,2,7,8,4,1,1,2,23,17,6,2,20,0,2,5
533716992,2,533716991,,6,1,5,*,*,*,*,*,*,*,*,*,*,*,*,*,*,*,*,*,*,*,*,*,*,*,*,*,*,*,*,*,*,1,1,*,*,*,*,*,*,*,*,*,*,*,*,*,*,*
533716993,0,,,18,7,11,2,2,0,16,5,11,12,4,8,16,5,11,16,5,11,4,1,3,4,1,3,1,1,0,0,0,0,1,0,1,6,6,1,2,1,1,0,1,0,5,3,2,1,3,0,1,0
533716994,2,533716991,,1,1,0,*,*,*,*,*,*,*,*,*,*,*,*,*,*,*,*,*,*,*,*,*,*,*,*,*,*,*,*,*,*,1,1,*,*,*,*,*,*,*,*,*,*,*,*,*,*,*
533717001,0,,,71,35,36,7,4,3,64,31,33,39,20,19,63,30,33,62,30,32,25,11,14,16,7,9,9,3,6,0,0,0,0,0,0,20,20,1,4,6,4,3,1,1,19,8,11,3,16,0,1,2
533717002,0,,,16,7,9,1,0,1,15,7,8,7,4,3,15,7,8,14,6,8,8,3,5,4,1,3,2,0,2,1,0,1,0,0,0,5,5,1,2,1,0,0,0,1,4,2,2,0,5,0,1,0
533717003,0,,,16,7,9,4,2,2,12,5,7,3,1,2,12,5,7,12,5,7,9,4,5,7,3,4,4,1,3,0,0,0,0,0,0,6,6,2,3,0,0,0,0,1,4,3,1,1,6,0,2,3
533717011,1,,533717013;533717014;533717112,4,1,3,3,0,3,23,11,12,12,7,5,23,11,12,23,11,12,11,4,7,8,3,5,4,1,3,0,0,0,0,0,0,1,1,3,4,2,1,1,0,0,8,7,1,0,7,0,1,2
533717013,2,533717011,,5,2,3,*,*,*,*,*,*,*,*,*,*,*,*,*,*,*,*,*,*,*,*,*,*,*,*,*,*,*,*,*,*,3,3,*,*,*,*,*,*,*,*,*,*,*,*,*,*,*
533717014,2,533717011,,7,4,3,*,*,*,*,*,*,*,*,*,*,*,*,*,*,*,*,*,*,*,*,*,*,*,*,*,*,*,*,*,*,3,3,*,*,*,*,*,*,*,*,*,*,*,*,*,*,*
533717084,2,533717193,,4,1,3,*,*,*,*,*,*,*,*,*,*,*,*,*,*,*,*,*,*,*,*,*,*,*,*,*,*,*,*,*,*,2,2,*,*,*,*,*,*,*,*,*,*,*,*,*,*,*
533717101,1,,533717103,16,9,7,0,0,0,23,13,10,11,7,4,22,13,9,21,12,9,12,6,6,9,5,4,0,0,0,0,0,0,0,0,0,4,4,0,2,1,1,1,0,1,6,2,4,0,6,0,0,1
533717103,2,533717101,,7,4,3,*,*,*,*,*,*,*,*,*,*,*,*,*,*,*,*,*,*,*,*,*,*,*,*,*,*,*,*,*,*,2,2,*,*,*,*,*,*,*,*,*,*,*,*,*,*,*
533717112,2,533717011,,10,4,6,*,*,*,*,*,*,*,*,*,*,*,*,*,*,*,*,*,*,*,*,*,*,*,*,*,*,*,*,*,*,4,4,*,*,*,*,*,*,*,*,*,*,*,*,*,*,*
533717182,2,533717193,,3,2,1,*,*,*,*,*,*,*,*,*,*,*,*,*,*,*,*,*,*,*,*,*,*,*,*,*,*,*,*,*,*,2,2,*,*,*,*,*,*,*,*,*,*,*,*,*,*,*
533717184,2,533717193,,2,1,1,*,*,*,*,*,*,*,*,*,*,*,*,*,*,*,*,*,*,*,*,*,*,*,*,*,*,*,*,*,*,2,2,*,*,*,*,*,*,*,*,*,*,*,*,*,*,*
533717193,1,,533717084;533717182;533717184;533717282,23,11,12,2,0,2,37,18,19,7,5,2,37,18,19,37,18,19,30,13,17,18,8,10,10,4,6,2,1,1,0,0,0,12,12,10,6,1,2,0,1,0,10,7,3,1,19,0,9,5
533717201,0,,,17,9,8,0,0,0,17,9,8,2,2,0,17,9,8,17,9,8,15,7,8,10,4,6,8,3,5,2,0,2,0,0,0,9,9,2,6,1,0,0,0,0,7,6,1,0,9,0,2,3
533717202,2,533717203,,2,1,1,*,*,*,*,*,*,*,*,*,*,*,*,*,*,*,*,*,*,*,*,*,*,*,*,*,*,*,*,*,*,1,1,*,*,*,*,*,*,*,*,*,*,*,*,*,*,*
533717203,1,,533717202,35,19,16,4,1,3,33,19,14,11,7,4,33,19,14,33,19,14,22,12,10,9,5,4,2,1,1,0,0,0,0,0,0,13,13,1,8,2,2,0,1,0,13,12,1,1,12,0,1,6
533717204,0,,,9,5,4,0,0,0,9,5,4,4,3,1,9,5,4,9,5,4,5,2,3,2,1,1,2,1,1,0,0,0,0,0,0,4,4,3,0,0,0,0,1,0,1,0,1,0,2,0,1,0
533717282,2,533717193,,7,3,4,*,*,*,*,*,*,*,*,*,*,*,*,*,*,*,*,*,*,*,*,*,*,*,*,*,*,*,*,*,*,2,2,*,*,*,*,*,*,*,*,*,*,*,*,*,*,*
533717291,0,,,12,7,5,2,2,0,10,5,5,2,1,1,10,5,5,10,5,5,8,4,4,2,1,1,1,0,1,1,0,1,0,0,0,5,5,1,2,1,1,0,0,0,4,3,1,1,4,0,1,2
533717293,1,,533717294,48,20,28,10,3,7,40,18,22,17,8,9,39,18,21,39,18,21,23,10,13,15,6,9,7,2,5,0,0,0,0,0,0,19,19,5,8,3,3,0,0,1,15,14,1,2,15,0,5,7
533717294,2,533717293,,2,1,1,*,*,*,*,*,*,*,*,*,*,*,*,*,*,*,*,*,*,*,*,*,*,*,*,*,*,*,*,*,*,1,1,*,*,*,*,*,*,*,*,*,*,*,*,*,*,*
533717301,2,533717302,,10,4,6,*,*,*,*,*,*,*,*,*,*,*,*,*,*,*,*,*,*,*,*,*,*,*,*,*,*,*,*,*,*,4,4,*,*,*,*,*,*,*,*,*,*,*,*,*,*,*
533717302,1,,533717301,50,22,28,5,2,3,55,24,31,22,10,12,53,23,30,53,23,30,33,14,19,20,9,11,3,2,1,2,2,0,1,0,1,22,22,6,13,3,1,3,0,0,20,16,4,1,21,0,4,10
533717303,2,533717304,,4,2,2,*,*,*,*,*,*,*,*,*,*,*,*,*,*,*,*,*,*,*,*,*,*,*,*,*,*,*,*,*,*,2,2,*,*,*,*,*,*,*,*,*,*,*,*,*,*,*
533717304,1,,533717303,44,23,21,4,3,1,44,22,22,27,13,14,44,22,22,44,22,22,17,9,8,10,3,7,8,2,6,3,1,2,0,0,0,15,15,4,5,3,3,0,1,1,13,8,5,2,12,0,3,2
533717311,0,,,46,23,23,4,2,2,42,21,21,20,11,9,42,21,21,42,21,21,22,10,12,17,7,10,8,4,4,0,0,0,0,0,0,19,19,5,7,4,1,1,1,0,14,12,2,2,14,0,4,4
533717313,0,,,37,20,17,3,2,1,34,18,16,17,9,8,34,18,16,34,18,16,17,9,8,11,5,6,7,3,4,1,1,0,0,0,0,12,12,2,3,3,2,1,0,1,10,7,3,1,11,0,2,3
533717401,2,533717402,,5,2,3,*,*,*,*,*,*,*,*,*,*,*,*,*,*,*,*,*,*,*,*,*,*,*,*,*,*,*,*,*,*,2,2,*,*,*,*,*,*,*,*,*,*,*,*,*,*,*
533717402,1,,533717401;533717403,29,12,17,1,0,1,34,15,19,17,7,10,34,15,19,34,15,19,17,8,9,9,3,6,3,1,2,0,0,0,1,0,1,14,14,5,7,4,1,0,0,0,12,9,3,0,12,0,4,4
533717403,2,533717402,,1,1,0,*,*,*,*,*,*,*,*,*,*,*,*,*,*,*,*,*,*,*,*,*,*,*,*,*,*,*,*,*,*,1,1,*,*,*,*,*,*,*,*,*,*,*,*,*,*,*
533717404,0,,,8,4,4,0,0,0,8,4,4,0,0,0,8,4,4,8,4,4,8,4,4,5,2,3,2,0,2,0,0,0,0,0,0,5,5,2,3,0,0,0,0,0,2,2,0,0,5,0,2,1
533717411,0,,,27,11,16,3,1,2,24,10,14,18,9,9,22,9,13,22,9,13,6,1,5,5,1,4,1,0,1,0,0,0,0,0,0,8,8,1,2,1,2,1,1,0,7,3,4,0,5,0,1,0
533717412,0,,,45,23,22,4,0,4,41,23,18,23,13,10,40,22,18,39,21,18,18,10,8,11,5,6,4,2,2,0,0,0,0,0,0,19,19,4,10,1,3,0,1,0,15,12,3,1,14,0,2,4
533717413,1,,533717414,66,25,41,8,2,6,62,24,38,43,16,27,58,23,35,55,21,34,19,8,11,11,5,6,4,2,2,0,0,0,0,0,0,23,23,8,3,7,3,3,0,1,17,10,7,0,14,0,6,2
533717414,2,533717413,,4,1,3,*,*,*,*,*,*,*,*,*,*,*,*,*,*,*,*,*,*,*,*,*,*,*,*,*,*,*,*,*,*,2,2,*,*,*,*,*,*,*,*,*,*,*,*,*,*,*
533717501,0,,,19,7,12,6,1,5,13,6,7,6,3,3,13,6,7,13,6,7,7,3,4,7,3,4,1,0,1,0,0,0,1,1,0,7,7,1,3,0,3,0,0,0,6,6,0,3,4,0,1,3
533717502,0,,,103,50,53,9,6,3,94,44,50,45,24,21,92,43,49,91,42,49,49,20,29,22,8,14,8,2,6,2,0,2,0,0,0,43,43,12,16,6,5,3,1,0,31,25,6,3,33,0,10,8
533717503,0,,,92,46,46,15,7,8,77,39,38,49,23,26,74,38,36,74,38,36,28,16,12,10,6,4,4,3,1,1,1,0,3,1,2,25,25,2,6,4,5,3,4,1,23,17,6,3,18,0,2,5
533717504,0,,,67,31,36,4,0,4,63,31,32,22,13,9,63,31,32,62,30,32,41,18,23,21,7,14,8,2,6,1,0,1,0,0,0,29,29,5,16,3,4,1,0,0,24,19,5,2,24,1,4,12
533717511,1,,533717513,14,8,6,1,0,1,15,9,6,11,7,4,14,8,6,14,8,6,4,2,2,3,2,1,1,1,0,0,0,0,0,0,0,4,4,1,1,1,0,2,0,0,4,3,1,0,3,0,0,1
533717513,2,533717511,,2,1,1,*,*,*,*,*,*,*,*,*,*,*,*,*,*,*,*,*,*,*,*,*,*,*,*,*,*,*,*,*,*,1,1,*,*,*,*,*,*,*,*,*,*,*,*,*,*,*
533717532,2,533717534,,8,4,4,*,*,*,*,*,*,*,*,*,*,*,*,*,*,*,*,*,*,*,*,*,*,*,*,*,*,*,*,*,*,3,3,*,*,*,*,*,*,*,*,*,*,*,*,*,*,*
533717534,1,,533717532,4,2,2,0,0,0,12,6,6,5,2,3,11,5,6,10,5,5,7,4,3,3,2,1,1,1,0,0,0,0,3,1,2,3,3,2,3,0,1,0,0,0,4,4,0,0,6,0,2,1
533717601,0,,,71,29,42,5,1,4,66,28,38,38,16,22,63,27,36,63,27,36,28,12,16,13,4,9,9,2,7,0,0,0,0,0,0,25,25,2,11,5,5,0,2,0,23,19,4,1,19,0,1,6
533717602,1,,533717611,92,43,49,6,1,5,88,43,45,43,21,22,88,43,45,88,43,45,45,22,23,21,10,11,4,1,3,0,0,0,0,0,0,37,37,7,15,10,5,0,0,1,31,27,4,0,29,0,6,12
533717603,0,,,29,14,15,5,3,2,24,11,13,8,4,4,23,10,13,23,10,13,16,7,9,9,3,6,4,1,3,1,1,0,0,0,0,9,9,2,3,2,0,0,0,2,7,4,3,0,9,0,2,2
533717604,0,,,15,8,7,0,0,0,15,8,7,7,4,3,14,7,7,12,6,6,8,4,4,4,3,1,2,1,1,0,0,0,0,0,0,4,4,0,2,0,1,0,0,1,4,2,2,0,4,0,0,2
533717611,2,533717602,,2,1,1,*,*,*,*,*,*,*,*,*,*,*,*,*,*,*,*,*,*,*,*,*,*,*,*,*,*,*,*,*,*,1,1,*,*,*,*,*,*,*,*,*,*,*,*,*,*,*
533717632,1,,533717634,16,7,9,0,0,0,19,8,11,5,2,3,19,8,11,19,8,11,14,6,8,8,2,6,6,2,4,0,0,0,0,0,0,8,8,3,5,2,0,0,0,0,7,7,0,0,10,0,3,2
533717633,0,,,17,9,8,1,0,1,16,9,7,8,5,3,16,9,7,16,9,7,8,4,4,5,2,3,3,1,2,0,0,0,0,0,0,6,6,1,3,0,1,0,1,0,5,3,2,0,5,0,0,2
533717634,2,533717632,,3,1,2,*,*,*,*,*,*,*,*,*,*,*,*,*,*,*,*,*,*,*,*,*,*,*,*,*,*,*,*,*,*,2,2,*,*,*,*,*,*,*,*,*,*,*,*,*,*,*
533717701,0,,,10,5,5,1,0,1,9,5,4,7,4,3,8,4,4,7,4,3,2,1,1,2,1,1,0,0,0,0,0,0,1,0,1,4,4,1,1,1,1,0,0,0,3,3,0,0,1,0,0,1
533717702,0,,,17,11,6,0,0,0,17,11,6,7,5,2,17,11,6,17,11,6,10,6,4,8,4,4,2,2,0,0,0,0,0,0,0,8,8,3,3,1,0,1,0,0,5,4,1,0,7,0,2,2
533717703,2,533717704,,1,0,1,*,*,*,*,*,*,*,*,*,*,*,*,*,*,*,*,*,*,*,*,*,*,*,*,*,*,*,*,*,*,1,1,*,*,*,*,*,*,*,*,*,*,*,*,*,*,*
533717704,1,,533717703,65,30,35,6,0,6,60,30,30,34,18,16,58,28,30,58,28,30,26,12,14,12,5,7,5,1,4,0,0,0,5,1,4,19,19,2,6,7,1,1,1,2,18,13,5,2,17,0,2,3
533717711,0,,,53,23,30,4,2,2,49,21,28,23,11,12,49,21,28,48,21,27,26,10,16,14,6,8,7,1,6,1,0,1,0,0,0,18,18,2,7,2,4,3,0,0,16,9,7,2,17,0,2,4
533717712,0,,,18,10,8,0,0,0,18,10,8,9,6,3,18,10,8,18,10,8,9,4,5,9,4,5,1,0,1,0,0,0,0,0,0,7,7,0,4,2,1,0,0,0,7,6,1,0,5,0,0,2
533717713,0,,,117,58,59,4,1,3,113,57,56,60,31,29,110,55,55,108,55,53,53,26,27,31,17,14,14,7,7,1,0,1,0,0,0,39,39,4,17,5,6,3,3,1,35,21,14,0,32,0,2,11
533717714,0,,,53,29,24,7,4,3,46,25,21,25,14,11,42,22,20,40,20,20,21,11,10,13,7,6,7,4,3,1,1,0,0,0,0,14,14,0,7,1,2,1,0,3,14,10,4,2,11,0,0,5
533717723,0,,,23,14,9,1,1,0,22,13,9,14,8,6,21,13,8,21,13,8,8,5,3,3,2,1,0,0,0,0,0,0,0,0,0,8,8,1,3,2,0,2,0,0,7,4,3,0,5,0,0,0
533717724,0,,,25,12,13,0,0,0,25,12,13,9,3,6,25,12,13,25,12,13,16,9,7,8,4,4,2,0,2,0,0,0,0,0,0,9,9,1,4,2,1,0,1,0,8,5,3,0,9,0,1,2
533717731,0,,,34,15,19,2,0,2,32,15,17,18,8,10,31,15,16,30,15,15,14,7,7,10,4,6,6,2,4,1,0,1,0,0,0,12,12,2,3,5,0,1,1,0,10,6,4,1,9,0,1,1
533717801,0,,,66,31,35,9,6,3,57,25,32,27,13,14,57,25,32,57,25,32,30,12,18,16,4,12,6,0,6,0,0,0,0,0,0,23,23,4,7,8,2,0,0,2,19,13,6,4,18,0,2,4
533717802,1,,533717804,234,117,117,21,10,11,224,113,111,132,72,60,215,107,108,209,104,105,92,41,51,54,23,31,19,6,13,2,0,2,0,0,0,83,83,18,29,14,10,6,6,3,67,46,21,9,61,0,11,18
533717803,0,,,29,16,13,8,5,3,21,11,10,20,10,10,18,10,8,16,9,7,1,1,0,1,1,0,0,0,0,0,0,0,0,0,0,8,8,2,0,0,3,3,0,0,6,5,1,2,1,0,0,0
533717804,2,533717802,,11,6,5,*,*,*,*,*,*,*,*,*,*,*,*,*,*,*,*,*,*,*,*,*,*,*,*,*,*,*,*,*,*,3,3,*,*,*,*,*,*,*,*,*,*,*,*,*,*,*
533717811,0,,,48,26,22,16,10,6,32,16,16,25,13,12,30,15,15,30,15,15,7,3,4,3,2,1,1,0,1,0,0,0,0,0,0,14,14,1,3,4,4,1,0,1,13,10,3,3,5,0,0,2
533717812,1,,533717813,59,30,29,7,6,1,54,25,29,23,11,12,54,25,29,54,25,29,31,14,17,20,10,10,9,5,4,1,1,0,0,0,0,21,21,5,9,0,4,2,2,0,17,9,8,0,19,0,4,6
533717813,2,533717812,,2,1,1,*,*,*,*,*,*,*,*,*,*,*,*,*,*,*,*,*,*,*,*,*,*,*,*,*,*,*,*,*,*,1,1,*,*,*,*,*,*,*,*,*,*,*,*,*,*,*
533717821,0,,,32,16,16,0,0,0,32,16,16,9,6,3,32,16,16,32,16,16,23,10,13,10,3,7,5,2,3,1,0,1,0,0,0,13,13,3,4,3,3,0,0,0,10,8,2,0,13,0,3,4
533717822,0,,,36,17,19,3,2,1,33,15,18,16,8,8,32,14,18,31,14,17,17,7,10,10,4,6,2,0,2,1,0,1,0,0,0,13,13,2,6,2,1,0,2,0,11,7,4,1,11,0,2,3
533717912,2,533717914,,1,0,1,*,*,*,*,*,*,*,*,*,*,*,*,*,*,*,*,*,*,*,*,*,*,*,*,*,*,*,*,*,*,1,1,*,*,*,*,*,*,*,*,*,*,*,*,*,*,*
533717913,0,,,37,19,18,5,3,2,32,16,16,16,8,8,31,16,15,31,16,15,16,8,8,8,4,4,3,0,3,2,0,2,0,0,0,14,14,2,8,1,0,2,1,0,12,10,2,0,10,0,2,3
533717914,1,,533717912,72,37,35,10,8,2,63,29,34,33,17,16,63,29,34,62,29,33,30,12,18,17,7,10,8,2,6,0,0,0,0,0,0,26,26,8,6,4,6,1,2,0,19,12,7,0,21,0,6,4
533717932,2,533717943,,2,1,1,*,*,*,*,*,*,*,*,*,*,*,*,*,*,*,*,*,*,*,*,*,*,*,*,*,*,*,*,*,*,1,1,*,*,*,*,*,*,*,*,*,*,*,*,*,*,*
533717933,2,533717943,,4,1,3,*,*,*,*,*,*,*,*,*,*,*,*,*,*,*,*,*,*,*,*,*,*,*,*,*,*,*,*,*,*,2,2,*,*,*,*,*,*,*,*,*,*,*,*,*,*,*
533717943,1,,533717932;533717933;533717944,5,3,2,0,0,0,13,6,7,4,2,2,13,6,7,13,6,7,9,4,5,6,3,3,2,1,1,0,0,0,0,0,0,3,3,4,3,1,0,0,0,0,4,4,0,0,7,0,4,1
533717944,2,533717943,,2,1,1,*,*,*,*,*,*,*,*,*,*,*,*,*,*,*,*,*,*,*,*,*,*,*,*,*,*,*,*,*,*,2,2,*,*,*,*,*,*,*,*,*,*,*,*,*,*,*
533717953,0,,,32,15,17,0,0,0,32,15,17,9,6,3,32,15,17,32,15,17,23,9,14,17,7,10,9,5,4,1,1,0,0,0,0,18,18,7,9,1,1,0,0,0,11,10,1,0,17,0,7,5
533717954,0,,,20,9,11,0,0,0,20,9,11,4,3,1,20,9,11,20,9,11,16,6,10,9,3,6,7,2,5,1,0,1,0,0,0,10,10,4,3,2,1,0,0,0,6,3,3,0,9,0,3,1
533720001,0,,,161,84,77,14,9,5,145,74,71,88,49,39,139,70,69,134,66,68,57,25,32,32,13,19,11,5,6,2,1,1,7,3,4,54,53,5,21,15,8,3,0,1,46,37,9,5,31,0,3,14
533720002,0,,,136,68,68,5,3,2,130,64,66,74,38,36,129,63,66,126,62,64,56,26,30,32,12,20,16,6,10,1,1,0,1,0,1,48,48,6,17,12,7,4,2,0,42,26,16,2,34,0,3,7
533720003,0,,,144,71,73,14,7,7,129,63,66,81,40,41,128,62,66,127,61,66,48,23,25,27,12,15,9,4,5,1,0,1,5,2,3,46,46,7,12,10,8,5,2,2,39,26,13,3,28,0,4,6
533720011,0,,,91,47,44,7,4,3,84,43,41,41,20,21,81,42,39,79,41,38,43,23,20,23,12,11,12,6,6,1,0,1,0,0,0,31,31,5,8,9,5,2,1,1,26,18,8,2,24,0,4,6
533720012,0,,,18,8,10,2,1,1,16,7,9,10,5,5,16,7,9,16,7,9,6,2,4,3,0,3,2,0,2,0,0,0,0,0,0,6,6,2,0,1,2,1,0,0,4,2,2,1,4,0,1,0
533720013,0,,,16,6,10,0,0,0,16,6,10,9,4,5,15,6,9,15,6,9,7,2,5,2,0,2,1,0,1,0,0,0,0,0,0,7,7,1,4,1,1,0,0,0,6,2,4,0,5,0,1,1
533720031,0,,,43,21,22,8,4,4,35,17,18,16,8,8,35,17,18,35,17,18,19,9,10,11,4,7,4,2,2,0,0,0,0,0,0,14,14,3,3,3,2,2,0,1,11,7,4,2,12,0,3,3
533720032,0,,,43,24,19,4,4,0,39,20,19,19,9,10,38,20,18,38,20,18,20,11,9,13,6,7,7,4,3,2,1,1,0,0,0,16,16,5,3,4,2,0,2,0,11,6,5,1,13,0,3,2
533720034,0,,,16,8,8,2,2,0,14,6,8,9,4,5,14,6,8,14,6,8,5,2,3,1,0,1,0,0,0,0,0,0,0,0,0,7,7,1,4,1,1,0,0,0,6,6,0,0,4,0,1,2
533720041,1,,533720044,33,14,19,4,3,1,34,14,20,17,7,10,33,14,19,31,14,17,17,7,10,11,4,7,5,1,4,1,0,1,0,0,0,10,10,2,4,2,2,0,1,1,10,7,3,1,10,0,2,4
533720044,2,533720041,,5,3,2,*,*,*,*,*,*,*,*,*,*,*,*,*,*,*,*,*,*,*,*,*,*,*,*,*,*,*,*,*,*,2,2,*,*,*,*,*,*,*,*,*,*,*,*,*,*,*
533720051,0,,,33,15,18,1,0,1,32,15,17,13,7,6,31,14,17,30,14,16,19,8,11,9,4,5,1,0,1,0,0,0,0,0,0,13,13,3,5,2,2,0,1,0,10,8,2,0,12,0,3,3
533720052,0,,,262,134,128,17,11,6,245,123,122,169,85,84,236,117,119,231,114,117,76,38,38,36,19,17,15,9,6,0,0,0,4,3,1,106,106,23,40,27,8,4,2,2,80,67,13,7,52,0,12,19
533720053,1,,533720152,25,12,13,0,0,0,27,12,15,17,9,8,27,12,15,26,11,15,10,3,7,9,3,6,3,1,2,0,0,0,0,0,0,9,9,3,4,1,2,1,0,0,8,6,2,0,7,0,2,2
533720054,0,,,41,19,22,5,3,2,36,16,20,23,10,13,35,15,20,34,15,19,13,6,7,2,0,2,0,0,0,0,0,0,0,0,0,15,15,2,7,2,1,3,0,0,13,11,2,1,9,0,2,4
533720061,0,,,351,175,176,51,28,23,299,146,153,219,106,113,288,140,148,281,136,145,80,40,40,39,20,19,14,7,7,1,1,0,8,5,3,124,124,23,32,29,29,8,1,2,100,87,13,13,52,3,9,16
533720062,0,,,157,76,81,31,17,14,126,59,67,83,39,44,124,57,67,120,55,65,43,20,23,14,6,8,4,2,2,2,1,1,0,0,0,51,51,3,18,12,9,8,1,0,48,44,4,10,25,0,2,8
533720063,0,,,112,54,58,18,7,11,94,47,47,63,31,32,90,44,46,85,42,43,31,16,15,12,5,7,4,1,3,1,0,1,2,0,2,38,38,6,14,5,5,7,0,1,32,28,4,2,22,0,5,10
533720064,0,,,261,122,139,39,19,20,222,103,119,138,65,73,213,99,114,209,99,110,84,38,46,35,15,20,10,2,8,5,2,3,11,2,9,99,99,32,23,16,16,6,4,2,65,52,13,8,53,9,13,18
533720073,0,,,17,9,8,3,2,1,14,7,7,6,3,3,14,7,7,14,7,7,8,4,4,3,1,2,2,1,1,0,0,0,0,0,0,6,6,0,2,3,1,0,0,0,6,5,1,0,4,0,0,2
533720101,1,,533720104,62,32,30,14,6,8,52,28,24,41,23,18,49,26,23,49,26,23,11,5,6,2,0,2,1,0,1,0,0,0,0,0,0,20,20,3,2,5,11,0,0,0,18,16,2,5,9,0,3,1
533720104,2,533720101,,4,2,2,*,*,*,*,*,*,*,*,*,*,*,*,*,*,*,*,*,*,*,*,*,*,*,*,*,*,*,*,*,*,1,1,*,*,*,*,*,*,*,*,*,*,*,*,*,*,*
533720124,0,,,27,12,15,0,0,0,27,12,15,11,3,8,27,12,15,27,12,15,16,9,7,7,3,4,4,1,3,2,0,2,0,0,0,14,13,5,5,1,2,0,0,0,8,6,2,0,10,0,4,4
533720131,1,,533720132,54,30,24,11,6,5,44,24,20,35,19,16,44,24,20,42,23,19,9,5,4,4,1,3,1,1,0,0,0,0,8,6,2,17,17,3,3,7,2,1,2,0,15,12,3,5,6,0,1,0
533720132,2,533720131,,1,0,1,*,*,*,*,*,*,*,*,*,*,*,*,*,*,*,*,*,*,*,*,*,*,*,*,*,*,*,*,*,*,1,1,*,*,*,*,*,*,*,*,*,*,*,*,*,*,*
533720133,0,,,45,25,20,3,1,2,42,24,18,20,14,6,38,21,17,38,21,17,22,10,12,8,5,3,0,0,0,0,0,0,0,0,0,19,19,6,7,2,3,0,0,1,13,12,1,0,13,0,2,6
533720134,0,,,15,5,10,0,0,0,15,5,10,10,3,7,15,5,10,15,5,10,5,2,3,3,0,3,1,0,1,0,0,0,0,0,0,5,5,1,2,0,0,2,0,0,4,3,1,0,3,0,1,1
533720141,2,533720142,,8,3,5,*,*,*,*,*,*,*,*,*,*,*,*,*,*,*,*,*,*,*,*,*,*,*,*,*,*,*,*,*,*,2,2,*,*,*,*,*,*,*,*,*,*,*,*,*,*,*
533720142,1,,533720141;533720144,30,14,16,3,1,2,40,18,22,28,14,14,40,18,22,38,17,21,12,4,8,9,3,6,6,1,5,0,0,0,0,0,0,11,11,2,5,4,2,1,1,0,13,9,4,0,8,0,2,1
533720144,2,533720142,,5,2,3,*,*,*,*,*,*,*,*,*,*,*,*,*,*,*,*,*,*,*,*,*,*,*,*,*,*,*,*,*,*,2,2,*,*,*,*,*,*,*,*,*,*,*,*,*,*,*
533720152,2,533720053,,2,0,2,*,*,*,*,*,*,*,*,*,*,*,*,*,*,*,*,*,*,*,*,*,*,*,*,*,*,*,*,*,*,2,2,*,*,*,*,*,*,*,*,*,*,*,*,*,*,*
533720161,0,,,310,164,146,37,24,13,273,140,133,191,97,94,259,133,126,249,129,120,82,43,39,38,20,18,8,4,4,0,0,0,4,3,1,102,102,10,30,27,20,12,2,1,91,77,14,9,54,2,5,23
533720162,0,,,133,69,64,12,6,6,121,63,58,65,37,28,117,62,55,114,61,53,56,26,30,30,14,16,4,1,3,2,0,2,8,5,3,49,49,7,19,12,4,6,1,0,42,31,11,2,33,1,4,13
533720163,2,533720164,,91,15,76,*,*,*,*,*,*,*,*,*,*,*,*,*,*,*,*,*,*,*,*,*,*,*,*,*,*,*,*,*,*,6,3,*,*,*,*,*,*,*,*,*,*,*,*,*,*,*
533720164,1,,533720163,227,107,120,33,15,18,283,105,178,119,59,60,277,103,174,274,102,172,164,46,118,131,29,102,85,15,70,18,1,17,0,0,0,95,95,33,27,16,14,6,1,1,64,54,10,8,52,4,16,20
533720171,0,,,53,33,20,3,2,1,50,31,19,34,23,11,48,30,18,47,29,18,16,8,8,10,5,5,4,1,3,0,0,0,6,5,1,28,28,16,6,1,4,0,1,0,12,9,3,1,11,10,2,4
533720173,0,,,115,60,55,16,13,3,99,47,52,64,27,37,97,46,51,96,46,50,35,20,15,18,8,10,10,3,7,0,0,0,0,0,0,40,40,6,11,11,8,2,2,0,34,27,7,6,25,0,5,5
533720174,0,,,32,14,18,5,2,3,27,12,15,13,6,7,25,11,14,25,11,14,14,6,8,6,3,3,4,2,2,0,0,0,0,0,0,10,10,1,4,2,0,1,2,0,9,7,2,1,8,0,1,4
533720202,0,,,27,15,12,1,0,1,26,15,11,16,10,6,25,14,11,25,14,11,10,5,5,5,3,2,0,0,0,0,0,0,2,1,1,10,10,3,3,1,0,3,0,0,7,4,3,1,7,0,2,2
533720204,0,,,14,7,7,0,0,0,14,7,7,4,2,2,14,7,7,14,7,7,10,5,5,6,3,3,1,1,0,0,0,0,0,0,0,6,6,0,5,0,1,0,0,0,6,5,1,0,6,0,0,4
533720221,1,,533720222,18,10,8,4,2,2,21,12,9,12,6,6,21,12,9,21,12,9,9,6,3,5,3,2,2,1,1,0,0,0,0,0,0,7,7,3,5,2,0,0,1,0,8,6,2,1,8,0,2,3
533720222,2,533720221,,7,4,3,*,*,*,*,*,*,*,*,*,*,*,*,*,*,*,*,*,*,*,*,*,*,*,*,*,*,*,*,*,*,4,4,*,*,*,*,*,*,*,*,*,*,*,*,*,*,*
533720232,0,,,36,19,17,1,1,0,35,18,17,17,9,8,35,18,17,35,18,17,18,9,9,8,2,6,4,1,3,1,0,1,0,0,0,15,15,3,6,4,1,1,0,0,12,8,4,0,13,0,2,3
533720243,0,,,16,8,8,0,0,0,16,8,8,6,3,3,16,8,8,16,8,8,10,5,5,5,2,3,1,0,1,0,0,0,1,1,0,9,9,5,2,1,1,0,0,0,4,3,1,0,8,0,4,2
533720244,0,,,61,35,26,10,7,3,51,28,23,36,20,16,51,28,23,49,26,23,15,8,7,8,4,4,5,3,2,1,1,0,0,0,0,18,18,5,2,2,3,4,1,1,13,5,8,3,11,0,1,1
533720271,0,,,211,95,116,18,10,8,193,85,108,97,48,49,192,84,108,191,84,107,96,37,59,49,15,34,23,5,18,4,0,4,0,0,0,89,89,22,36,19,5,3,3,1,65,50,15,6,62,0,15,16
533720272,0,,,72,36,36,2,2,0,70,34,36,40,19,21,69,33,36,69,33,36,30,15,15,14,5,9,6,3,3,0,0,0,0,0,0,27,27,4,11,4,6,2,0,0,23,17,6,1,21,0,4,6
533720273,0,,,17,8,9,2,1,1,15,7,8,6,3,3,14,7,7,14,7,7,9,4,5,3,1,2,0,0,0,0,0,0,0,0,0,7,7,2,1,3,1,0,0,0,5,5,0,0,6,0,2,1
533720274,0,,,190,94,96,25,13,12,165,81,84,85,48,37,160,78,82,160,78,82,80,33,47,37,12,25,13,1,12,1,0,1,2,1,1,73,73,16,23,20,6,5,2,1,55,42,13,4,53,0,12,11
533720281,0,,,43,22,21,6,3,3,37,19,18,18,11,7,37,19,18,37,19,18,19,8,11,14,6,8,3,0,3,0,0,0,0,0,0,16,16,3,6,3,1,3,0,0,13,11,2,2,11,0,1,3
533720282,0,,,17,8,9,1,0,1,16,8,8,3,1,2,16,8,8,16,8,8,13,7,6,5,3,2,1,0,1,0,0,0,0,0,0,10,10,5,4,0,1,0,0,0,5,4,1,1,9,0,5,4
533720283,0,,,156,70,86,11,7,4,145,63,82,80,35,45,139,61,78,138,60,78,65,28,37,27,10,17,11,5,6,1,1,0,0,0,0,63,63,15,23,12,10,1,0,2,48,39,9,2,42,0,11,13
533720284,0,,,135,61,74,7,4,3,128,57,71,74,33,41,125,55,70,122,53,69,54,24,30,35,14,21,12,4,8,1,1,0,2,0,2,50,50,11,17,10,6,2,2,2,39,27,12,0,35,0,7,10
533720293,0,,,178,84,94,17,9,8,161,75,86,80,40,40,157,73,84,153,71,82,81,35,46,44,18,26,9,1,8,0,0,0,0,0,0,66,66,15,17,20,7,2,4,1,51,36,15,3,53,0,12,12
533720302,0,,,16,6,10,2,0,2,14,6,8,9,4,5,14,6,8,13,6,7,5,2,3,2,1,1,0,0,0,0,0,0,0,0,0,5,5,0,2,1,1,1,0,0,5,3,2,0,4,0,0,1
533720311,2,533720314,,2,1,1,*,*,*,*,*,*,*,*,*,*,*,*,*,*,*,*,*,*,*,*,*,*,*,*,*,*,*,*,*,*,1,1,*,*,*,*,*,*,*,*,*,*,*,*,*,*,*
533720314,1,,533720311;533720412,52,24,28,4,0,4,53,27,26,27,15,12,49,24,25,48,23,25,26,12,14,12,4,8,6,1,5,4,1,3,0,0,0,14,14,4,3,4,2,0,2,2,13,5,8,0,17,0,4,1
533720342,0,,,32,13,19,7,3,4,25,10,15,16,6,10,25,10,15,25,10,15,9,4,5,3,2,1,0,0,0,0,0,0,0,0,0,9,9,1,1,2,3,1,1,0,8,6,2,2,6,0,1,1
533720351,0,,,19,8,11,0,0,0,19,8,11,11,4,7,19,8,11,18,8,10,8,4,4,2,1,1,0,0,0,0,0,0,1,0,1,9,9,2,5,1,1,0,0,0,7,7,0,0,6,0,2,2
533720353,1,,533720354;533720451;533720453,17,8,9,0,0,0,23,12,11,9,3,6,23,12,11,23,12,11,14,9,5,8,5,3,6,3,3,0,0,0,0,0,0,6,6,1,5,1,1,1,0,0,8,6,2,0,9,0,1,4
533720354,2,533720353,,2,1,1,*,*,*,*,*,*,*,*,*,*,*,*,*,*,*,*,*,*,*,*,*,*,*,*,*,*,*,*,*,*,1,1,*,*,*,*,*,*,*,*,*,*,*,*,*,*,*
533720391,0,,,79,36,43,17,8,9,62,28,34,38,17,21,60,27,33,58,26,32,24,11,13,12,4,8,3,0,3,1,0,1,0,0,0,26,26,5,6,7,3,1,4,0,21,16,5,4,16,0,4,4
533720393,0,,,81,38,43,3,0,3,78,38,40,36,20,16,75,38,37,74,37,37,42,18,24,20,7,13,7,1,6,0,0,0,1,0,1,34,34,9,14,7,2,0,0,2,25,20,5,0,27,0,7,9
533720403,0,,,17,12,5,0,0,0,17,12,5,13,10,3,17,12,5,16,11,5,4,2,2,1,0,1,0,0,0,0,0,0,7,7,0,11,11,7,2,2,0,0,0,0,4,3,1,0,2,6,0,1
533720412,2,533720314,,3,2,1,*,*,*,*,*,*,*,*,*,*,*,*,*,*,*,*,*,*,*,*,*,*,*,*,*,*,*,*,*,*,2,2,*,*,*,*,*,*,*,*,*,*,*,*,*,*,*
533720421,2,533720422,,2,1,1,*,*,*,*,*,*,*,*,*,*,*,*,*,*,*,*,*,*,*,*,*,*,*,*,*,*,*,*,*,*,2,2,*,*,*,*,*,*,*,*,*,*,*,*,*,*,*
533720422,1,,533720421;533720424;533720522,17,11,6,1,1,0,37,20,17,16,12,4,37,20,17,37,20,17,21,8,13,10,4,6,10,4,6,0,0,0,0,0,0,7,7,9,6,1,1,1,1,0,10,7,3,0,14,0,4,3
533720424,2,533720422,,14,7,7,*,*,*,*,*,*,*,*,*,*,*,*,*,*,*,*,*,*,*,*,*,*,*,*,*,*,*,*,*,*,6,6,*,*,*,*,*,*,*,*,*,*,*,*,*,*,*
533720451,2,533720353,,2,1,1,*,*,*,*,*,*,*,*,*,*,*,*,*,*,*,*,*,*,*,*,*,*,*,*,*,*,*,*,*,*,1,1,*,*,*,*,*,*,*,*,*,*,*,*,*,*,*
533720453,2,533720353,,2,2,0,*,*,*,*,*,*,*,*,*,*,*,*,*,*,*,*,*,*,*,*,*,*,*,*,*,*,*,*,*,*,1,1,*,*,*,*,*,*,*,*,*,*,*,*,*,*,*
533720491,0,,,88,35,53,8,6,2,80,29,51,41,14,27,78,28,50,78,28,50,39,15,24,19,5,14,10,1,9,3,1,2,14,0,14,42,41,20,9,6,5,1,0,0,21,15,6,1,21,13,6,6
533720493,0,,,170,77,93,17,8,9,153,69,84,67,33,34,150,68,82,149,68,81,86,36,50,39,15,24,13,3,10,1,0,1,0,0,0,70,70,17,29,14,4,3,1,2,53,43,10,4,53,0,13,19
533720494,0,,,210,107,103,16,8,8,194,99,95,97,52,45,184,92,92,182,91,91,97,47,50,50,20,30,17,4,13,2,0,2,0,0,0,83,83,25,24,15,10,5,2,2,58,35,23,3,60,1,14,18
533720501,0,,,27,13,14,0,0,0,27,13,14,13,6,7,27,13,14,27,13,14,14,7,7,9,5,4,0,0,0,0,0,0,0,0,0,9,9,0,3,4,1,1,0,0,9,8,1,0,8,0,0,2
533720502,2,533720504,,7,4,3,*,*,*,*,*,*,*,*,*,*,*,*,*,*,*,*,*,*,*,*,*,*,*,*,*,*,*,*,*,*,2,2,*,*,*,*,*,*,*,*,*,*,*,*,*,*,*
533720503,0,,,41,17,24,6,2,4,35,15,20,18,8,10,34,15,19,34,15,19,17,7,10,9,3,6,3,1,2,2,0,2,1,1,0,14,14,4,4,2,2,0,1,1,10,6,4,1,10,0,2,3
533720504,1,,533720502,23,9,14,4,2,2,26,11,15,15,7,8,25,10,15,25,10,15,11,4,7,6,0,6,4,0,4,1,0,1,0,0,0,8,8,1,4,1,2,2,0,0,8,6,2,1,8,0,1,1
533720511,0,,,37,19,18,3,0,3,34,19,15,11,7,4,33,19,14,33,19,14,23,12,11,15,9,6,6,4,2,1,0,1,0,0,0,15,15,6,3,2,3,0,0,1,9,3,6,0,12,0,3,3
533720522,2,533720422,,6,3,3,*,*,*,*,*,*,*,*,*,*,*,*,*,*,*,*,*,*,*,*,*,*,*,*,*,*,*,*,*,*,4,4,*,*,*,*,*,*,*,*,*,*,*,*,*,*,*
533720591,0,,,61,31,30,4,1,3,57,30,27,26,16,10,55,29,26,54,28,26,31,14,17,22,9,13,8,3,5,2,0,2,0,0,0,26,26,8,6,9,1,2,0,0,18,11,7,1,21,1,6,3
533720592,0,,,238,108,130,18,10,8,220,98,122,105,51,54,217,98,119,214,97,117,115,47,68,68,28,40,24,9,15,1,0,1,1,0,1,96,96,22,36,19,12,3,4,0,74,57,17,5,69,3,16,25
533720594,0,,,161,86,75,23,13,10,138,73,65,75,40,35,132,70,62,129,69,60,63,33,30,28,14,14,15,7,8,0,0,0,1,0,1,56,56,10,21,10,5,5,3,2,46,36,10,5,39,0,7,16
533720601,0,,,12,6,6,0,0,0,12,6,6,4,2,2,12,6,6,12,6,6,8,4,4,3,1,2,0,0,0,0,0,0,0,0,0,5,5,1,2,1,1,0,0,0,4,3,1,0,5,0,1,2
533720603,0,,,70,33,37,8,3,5,62,30,32,25,12,13,62,30,32,62,30,32,37,18,19,18,7,11,8,4,4,0,0,0,0,0,0,25,25,3,11,5,4,1,0,1,22,18,4,1,21,0,3,6
533720691,0,,,48,24,24,5,3,2,43,21,22,25,14,11,39,19,20,38,19,19,18,7,11,12,5,7,6,2,4,0,0,0,0,0,0,13,13,1,5,1,2,1,1,2,12,7,5,1,11,0,1,5
533720692,0,,,13,6,7,0,0,0,13,6,7,4,2,2,13,6,7,13,6,7,9,4,5,7,2,5,1,0,1,0,0,0,0,0,0,8,8,4,3,1,0,0,0,0,4,4,0,0,7,0,4,1
533720693,1,,533720694,32,16,16,0,0,0,35,17,18,17,11,6,34,16,18,33,15,18,18,6,12,12,4,8,3,1,2,0,0,0,0,0,0,13,13,6,2,2,2,1,1,0,8,5,3,0,13,0,6,1
533720694,2,533720693,,3,1,2,*,*,*,*,*,*,*,*,*,*,*,*,*,*,*,*,*,*,*,*,*,*,*,*,*,*,*,*,*,*,1,1,*,*,*,*,*,*,*,*,*,*,*,*,*,*,*
533720701,0,,,42,21,21,5,3,2,37,18,19,18,7,11,37,18,19,37,18,19,19,11,8,5,2,3,5,2,3,1,0,1,0,0,0,17,17,2,9,3,2,1,0,0,15,12,3,1,12,0,2,6
533720703,0,,,106,56,50,21,13,8,85,43,42,58,30,28,82,41,41,81,40,41,27,13,14,17,9,8,5,2,3,0,0,0,0,0,0,34,34,5,8,8,6,5,2,0,29,22,7,1,18,0,4,4
533720704,0,,,24,12,12,1,0,1,23,12,11,7,5,2,22,11,11,22,11,11,16,7,9,7,1,6,4,1,3,0,0,0,0,0,0,11,11,4,4,2,0,0,1,0,7,5,2,0,10,0,3,2
533720741,1,,533720742,32,16,16,3,3,0,37,18,19,20,11,9,36,17,19,36,17,19,17,7,10,11,5,6,5,3,2,0,0,0,0,0,0,12,12,1,5,5,2,0,1,0,13,9,4,1,11,0,1,3
533720742,2,533720741,,8,5,3,*,*,*,*,*,*,*,*,*,*,*,*,*,*,*,*,*,*,*,*,*,*,*,*,*,*,*,*,*,*,2,2,*,*,*,*,*,*,*,*,*,*,*,*,*,*,*
533720744,0,,,36,15,21,2,1,1,34,14,20,16,7,9,34,14,20,34,14,20,18,7,11,7,1,6,2,0,2,0,0,0,1,0,1,14,14,3,5,3,2,0,1,0,11,6,5,1,13,0,2,5
533720754,0,,,61,30,31,9,7,2,52,23,29,34,17,17,49,21,28,48,20,28,18,6,12,10,3,7,4,1,3,0,0,0,0,0,0,15,15,1,4,3,2,1,0,4,14,5,9,3,12,0,1,1
533720763,0,,,45,22,23,1,0,1,44,22,22,22,11,11,44,22,22,43,22,21,22,11,11,16,7,9,5,3,2,0,0,0,0,0,0,18,18,5,5,6,0,1,0,1,13,7,6,1,14,0,3,4
533720764,0,,,13,6,7,0,0,0,13,6,7,7,3,4,13,6,7,13,6,7,6,3,3,4,1,3,2,1,1,0,0,0,0,0,0,5,5,0,3,1,1,0,0,0,5,4,1,0,4,0,0,1
533720773,0,,,12,4,8,0,0,0,12,4,8,1,0,1,12,4,8,12,4,8,11,4,7,4,1,3,3,0,3,0,0,0,0,0,0,5,5,0,3,2,0,0,0,0,5,4,1,0,5,0,0,1
533720774,0,,,46,22,24,5,3,2,41,19,22,21,10,11,38,17,21,38,17,21,20,9,11,6,3,3,2,1,1,0,0,0,0,0,0,17,17,4,7,2,1,1,1,1,13,10,3,0,14,0,3,5
533720782,0,,,16,8,8,2,1,1,14,7,7,7,4,3,14,7,7,14,7,7,7,3,4,5,2,3,1,1,0,0,0,0,0,0,0,6,6,4,0,0,0,1,0,1,1,0,1,1,6,0,4,0
533720783,2,533720784,,9,4,5,*,*,*,*,*,*,*,*,*,*,*,*,*,*,*,*,*,*,*,*,*,*,*,*,*,*,*,*,*,*,3,3,*,*,*,*,*,*,*,*,*,*,*,*,*,*,*
533720784,1,,533720783,24,12,12,1,1,0,32,15,17,17,6,11,32,15,17,32,15,17,15,9,6,5,1,4,3,0,3,1,0,1,0,0,0,11,11,1,8,4,1,0,0,0,13,10,3,1,10,0,1,6
533720801,0,,,74,35,39,6,4,2,68,31,37,42,21,21,67,30,37,67,30,37,26,10,16,13,3,10,7,1,6,0,0,0,0,0,0,27,27,5,6,10,3,3,0,0,22,13,9,1,17,0,4,4
533720802,0,,,117,66,51,12,9,3,105,57,48,47,27,20,102,55,47,101,54,47,58,30,28,32,17,15,10,6,4,0,0,0,1,0,1,43,43,8,17,8,6,1,1,2,34,25,9,2,33,0,4,12
533720803,0,,,25,11,14,0,0,0,25,11,14,11,5,6,25,11,14,24,11,13,14,6,8,9,4,5,5,2,3,2,1,1,0,0,0,10,10,2,3,3,2,0,0,0,8,4,4,0,8,0,1,2
533720804,0,,,52,27,25,8,3,5,44,24,20,26,15,11,43,24,19,42,23,19,18,9,9,6,3,3,3,1,2,0,0,0,0,0,0,17,17,1,6,5,2,2,1,0,15,12,3,2,10,0,0,4
533720812,0,,,23,10,13,0,0,0,23,10,13,9,2,7,23,10,13,23,10,13,14,8,6,5,3,2,2,1,1,0,0,0,0,0,0,10,10,2,5,2,0,1,0,0,8,6,2,0,9,0,1,3
533720813,0,,,16,7,9,2,1,1,14,6,8,7,3,4,14,6,8,14,6,8,7,3,4,6,2,4,2,1,1,0,0,0,0,0,0,6,6,1,2,1,2,0,0,0,5,5,0,1,4,0,1,2
533720814,0,,,54,21,33,3,1,2,51,20,31,24,11,13,50,19,31,50,19,31,27,9,18,17,4,13,7,1,6,0,0,0,0,0,0,27,27,8,14,3,1,1,0,0,19,16,3,1,19,0,7,7
533720823,0,,,154,42,112,4,2,2,150,40,110,38,11,27,148,40,108,146,39,107,112,29,83,93,17,76,71,11,60,13,2,11,0,0,0,31,30,6,10,6,6,1,0,1,24,16,8,1,26,0,6,6
533720834,0,,,17,10,7,0,0,0,17,10,7,7,4,3,17,10,7,17,10,7,10,6,4,8,5,3,2,2,0,0,0,0,0,0,0,7,7,0,5,1,1,0,0,0,7,7,0,0,5,0,0,3
533720841,0,,,16,7,9,0,0,0,16,7,9,6,3,3,16,7,9,16,7,9,10,4,6,7,2,5,4,1,3,0,0,0,0,0,0,8,8,3,3,1,1,0,0,0,5,3,2,0,7,0,3,2
533720842,0,,,13,7,6,0,0,0,13,7,6,5,3,2,13,7,6,13,7,6,8,4,4,4,2,2,1,1,0,0,0,0,0,0,0,5,5,1,1,2,1,0,0,0,4,3,1,0,5,0,1,1
533720843,0,,,10,4,6,0,0,0,10,4,6,2,1,1,10,4,6,10,4,6,8,3,5,4,1,3,3,1,2,0,0,0,0,0,0,4,4,0,2,2,0,0,0,0,4,3,1,0,4,0,0,1
533720862,0,,,46,19,27,4,1,3,42,18,24,17,8,9,42,18,24,41,17,24,25,10,15,13,4,9,8,1,7,1,0,1,0,0,0,17,17,3,5,6,2,0,0,1,14,9,5,2,15,0,3,3
533720864,0,,,96,44,52,4,4,0,92,40,52,48,22,26,91,40,51,88,39,49,44,18,26,23,7,16,13,3,10,2,0,2,2,1,1,36,36,8,11,8,6,1,1,1,28,14,14,1,30,0,8,7
533720873,0,,,8,4,4,0,0,0,8,4,4,3,1,2,8,4,4,8,4,4,5,3,2,4,3,1,0,0,0,0,0,0,0,0,0,4,4,0,4,0,0,0,0,0,4,4,0,0,3,0,0,2
533720881,0,,,13,6,7,2,0,2,11,6,5,3,1,2,11,6,5,11,6,5,8,5,3,4,3,1,3,2,1,1,1,0,0,0,0,5,5,0,3,1,1,0,0,0,5,4,1,0,4,0,0,2
533720882,0,,,15,8,7,0,0,0,15,8,7,4,2,2,15,8,7,15,8,7,11,6,5,7,4,3,0,0,0,0,0,0,1,0,1,10,10,5,5,0,0,0,0,0,5,5,0,0,8,0,4,4
533720891,1,,533720893,49,25,24,5,2,3,46,24,22,25,14,11,46,24,22,46,24,22,21,10,11,9,3,6,3,1,2,0,0,0,1,0,1,21,21,8,8,2,2,0,1,1,14,11,3,1,15,0,5,2
533720893,2,533720891,,2,1,1,*,*,*,*,*,*,*,*,*,*,*,*,*,*,*,*,*,*,*,*,*,*,*,*,*,*,*,*,*,*,1,1,*,*,*,*,*,*,*,*,*,*,*,*,*,*,*
533720901,2,533720904,,8,3,5,*,*,*,*,*,*,*,*,*,*,*,*,*,*,*,*,*,*,*,*,*,*,*,*,*,*,*,*,*,*,3,3,*,*,*,*,*,*,*,*,*,*,*,*,*,*,*
533720903,2,533720904,,5,3,2,*,*,*,*,*,*,*,*,*,*,*,*,*,*,*,*,*,*,*,*,*,*,*,*,*,*,*,*,*,*,2,2,*,*,*,*,*,*,*,*,*,*,*,*,*,*,*
533720904,1,,533720901;533720903,54,28,26,10,6,4,57,28,29,25,12,13,57,28,29,57,28,29,32,16,16,16,8,8,7,3,4,0,0,0,0,0,0,20,20,5,11,4,1,2,0,2,20,12,8,3,22,0,5,7
533720911,0,,,28,15,13,3,3,0,25,12,13,17,7,10,25,12,13,25,12,13,8,5,3,2,1,1,1,1,0,0,0,0,0,0,0,9,9,1,2,3,1,2,0,0,8,6,2,1,6,0,1,1
533720913,0,,,132,66,66,6,4,2,126,62,64,61,32,29,123,61,62,122,61,61,65,30,35,27,12,15,11,3,8,3,0,3,0,0,0,52,52,7,24,11,7,2,1,0,45,33,12,2,39,0,5,14
533720921,2,533720922,,10,5,5,*,*,*,*,*,*,*,*,*,*,*,*,*,*,*,*,*,*,*,*,*,*,*,*,*,*,*,*,*,*,3,3,*,*,*,*,*,*,*,*,*,*,*,*,*,*,*
533720922,1,,533720921,10,5,5,1,1,0,19,9,10,5,3,2,18,8,10,18,8,10,14,6,8,8,4,4,2,1,1,0,0,0,0,0,0,6,6,3,3,2,0,1,0,0,6,5,1,0,9,0,3,3
533720923,2,533720924,,7,5,2,*,*,*,*,*,*,*,*,*,*,*,*,*,*,*,*,*,*,*,*,*,*,*,*,*,*,*,*,*,*,2,2,*,*,*,*,*,*,*,*,*,*,*,*,*,*,*
533720924,1,,533720923,17,6,11,0,0,0,24,11,13,14,7,7,24,11,13,24,11,13,10,4,6,8,4,4,2,2,0,0,0,0,0,0,0,6,6,3,1,1,1,0,2,0,4,1,3,0,7,0,3,0
533720931,0,,,40,24,16,2,2,0,38,22,16,19,12,7,38,22,16,38,22,16,19,10,9,10,4,6,5,3,2,0,0,0,0,0,0,17,17,4,7,3,2,1,0,0,13,10,3,0,13,0,3,4
533720932,0,,,34,17,17,1,0,1,33,17,16,14,7,7,33,17,16,33,17,16,19,10,9,10,5,5,4,2,2,0,0,0,0,0,0,16,16,5,6,3,2,0,0,0,11,7,4,0,13,1,3,3
533720933,0,,,16,7,9,2,1,1,14,6,8,6,3,3,14,6,8,13,6,7,8,3,5,4,1,3,3,1,2,1,0,1,0,0,0,4,4,0,1,2,0,0,0,1,4,2,2,0,3,0,0,0
533720941,0,,,17,12,5,0,0,0,17,12,5,11,8,3,17,12,5,17,12,5,6,4,2,5,4,1,1,1,0,0,0,0,0,0,0,7,7,2,2,2,0,1,0,0,5,4,1,0,4,0,1,2
533720943,0,,,22,9,13,0,0,0,22,9,13,8,4,4,22,9,13,22,9,13,14,5,9,12,4,8,7,2,5,0,0,0,0,0,0,10,10,2,4,4,0,0,0,0,8,6,2,0,9,0,2,3
533720952,2,533720954,,2,1,1,*,*,*,*,*,*,*,*,*,*,*,*,*,*,*,*,*,*,*,*,*,*,*,*,*,*,*,*,*,*,1,1,*,*,*,*,*,*,*,*,*,*,*,*,*,*,*
533720953,0,,,25,12,13,0,0,0,25,12,13,10,6,4,25,12,13,25,12,13,15,6,9,8,3,5,2,0,2,1,0,1,0,0,0,13,13,4,7,1,1,0,0,0,9,7,2,0,11,0,4,3
533720954,1,,533720952,24,11,13,1,0,1,25,12,13,14,6,8,25,12,13,24,11,13,11,6,5,8,4,4,1,1,0,0,0,0,0,0,0,7,7,1,3,1,1,1,0,1,7,4,3,1,7,0,0,3
533720961,2,533720964,,7,2,5,*,*,*,*,*,*,*,*,*,*,*,*,*,*,*,*,*,*,*,*,*,*,*,*,*,*,*,*,*,*,4,4,*,*,*,*,*,*,*,*,*,*,*,*,*,*,*
533720962,2,533720964,,2,1,1,*,*,*,*,*,*,*,*,*,*,*,*,*,*,*,*,*,*,*,*,*,*,*,*,*,*,*,*,*,*,1,1,*,*,*,*,*,*,*,*,*,*,*,*,*,*,*
533720963,2,533720964,,7,3,4,*,*,*,*,*,*,*,*,*,*,*,*,*,*,*,*,*,*,*,*,*,*,*,*,*,*,*,*,*,*,3,3,*,*,*,*,*,*,*,*,*,*,*,*,*,*,*
533720964,1,,533720961;533720962;533720963,14,6,8,1,0,1,29,12,17,10,4,6,29,12,17,28,12,16,19,8,11,8,4,4,3,2,1,0,0,0,0,0,0,5,5,3,6,2,1,1,0,0,9,7,2,1,12,0,3,4
533720971,0,,,111,59,52,10,7,3,101,52,49,59,32,27,100,52,48,100,52,48,42,20,22,27,11,16,9,3,6,2,1,1,1,0,1,40,40,9,13,11,0,2,2,3,31,21,10,1,31,0,6,6
533720972,0,,,12,7,5,1,0,1,11,7,4,5,4,1,10,6,4,9,5,4,6,3,3,2,1,1,0,0,0,0,0,0,0,0,0,4,4,0,1,2,1,0,0,0,4,4,0,0,3,0,0,1
533720973,0,,,47,24,23,3,2,1,44,22,22,22,12,10,40,18,22,39,17,22,22,10,12,14,6,8,3,0,3,0,0,0,0,0,0,18,18,5,6,3,1,1,2,0,13,9,4,0,14,0,4,4
533720974,0,,,18,6,12,0,0,0,18,6,12,3,1,2,18,6,12,18,6,12,15,5,10,7,2,5,4,2,2,1,0,1,0,0,0,9,9,2,5,2,0,0,0,0,7,5,2,0,9,0,2,4
533720984,0,,,62,27,35,0,0,0,62,27,35,22,11,11,62,27,35,62,27,35,40,16,24,25,10,15,11,3,8,1,0,1,0,0,0,25,25,5,12,3,2,2,1,0,20,13,7,0,23,0,5,6
533721013,0,,,54,26,28,3,2,1,51,24,27,30,16,14,50,24,26,49,23,26,21,8,13,17,6,11,5,2,3,0,0,0,0,0,0,20,20,4,7,5,1,2,0,1,16,11,5,1,15,0,2,4
533721014,0,,,43,18,25,3,2,1,40,16,24,20,7,13,40,16,24,40,16,24,20,9,11,10,3,7,4,0,4,0,0,0,0,0,0,17,17,4,6,5,1,0,0,1,13,9,4,1,14,0,2,5
533721032,2,533721041,,2,1,1,*,*,*,*,*,*,*,*,*,*,*,*,*,*,*,*,*,*,*,*,*,*,*,*,*,*,*,*,*,*,1,1,*,*,*,*,*,*,*,*,*,*,*,*,*,*,*
533721041,1,,533721032;533721051;533721054,13,6,7,0,0,0,20,10,10,8,4,4,19,10,9,19,10,9,12,6,6,8,5,3,3,2,1,0,0,0,0,0,0,6,6,5,5,0,0,1,0,0,6,5,1,0,9,0,4,3
533721044,0,,,13,6,7,0,0,0,13,6,7,2,1,1,13,6,7,13,6,7,11,5,6,5,3,2,0,0,0,0,0,0,0,0,0,6,6,1,4,0,1,0,0,0,5,5,0,0,6,0,1,4
533721051,2,533721041,,2,2,0,*,*,*,*,*,*,*,*,*,*,*,*,*,*,*,*,*,*,*,*,*,*,*,*,*,*,*,*,*,*,2,2,*,*,*,*,*,*,*,*,*,*,*,*,*,*,*
533721054,2,533721041,,3,1,2,*,*,*,*,*,*,*,*,*,*,*,*,*,*,*,*,*,*,*,*,*,*,*,*,*,*,*,*,*,*,2,2,*,*,*,*,*,*,*,*,*,*,*,*,*,*,*
533721062,2,533721063,,7,4,3,*,*,*,*,*,*,*,*,*,*,*,*,*,*,*,*,*,*,*,*,*,*,*,*,*,*,*,*,*,*,2,2,*,*,*,*,*,*,*,*,*,*,*,*,*,*,*
533721063,1,,533721062,27,11,16,2,1,1,32,14,18,11,4,7,32,14,18,32,14,18,21,10,11,11,3,8,5,1,4,1,0,1,0,0,0,10,10,2,4,3,2,0,0,1,10,4,6,0,11,0,2,2
533721091,2,533721094,,5,2,3,*,*,*,*,*,*,*,*,*,*,*,*,*,*,*,*,*,*,*,*,*,*,*,*,*,*,*,*,*,*,3,3,*,*,*,*,*,*,*,*,*,*,*,*,*,*,*
533721092,2,533721094,,6,4,2,*,*,*,*,*,*,*,*,*,*,*,*,*,*,*,*,*,*,*,*,*,*,*,*,*,*,*,*,*,*,2,2,*,*,*,*,*,*,*,*,*,*,*,*,*,*,*
533721093,2,533721094,,2,1,1,*,*,*,*,*,*,*,*,*,*,*,*,*,*,*,*,*,*,*,*,*,*,*,*,*,*,*,*,*,*,1,1,*,*,*,*,*,*,*,*,*,*,*,*,*,*,*
533721094,1,,533721091;533721092;533721093;533721192,6,4,2,6,5,1,17,8,9,8,4,4,17,8,9,17,8,9,9,4,5,3,2,1,0,0,0,0,0,0,0,0,0,2,2,4,3,1,0,2,0,0,6,6,0,1,6,0,3,2
533721102,2,533721111,,8,3,5,*,*,*,*,*,*,*,*,*,*,*,*,*,*,*,*,*,*,*,*,*,*,*,*,*,*,*,*,*,*,2,2,*,*,*,*,*,*,*,*,*,*,*,*,*,*,*
533721111,1,,533721102,5,3,2,4,2,2,9,4,5,5,2,3,9,4,5,9,4,5,4,2,2,0,0,0,0,0,0,0,0,0,0,0,0,3,3,2,2,0,0,0,0,1,3,2,1,1,3,0,2,1
533721112,1,,533721113;533721114,41,20,21,10,6,4,48,21,27,24,10,14,48,21,27,48,21,27,24,11,13,12,4,8,8,2,6,0,0,0,0,0,0,14,14,6,6,3,3,1,0,2,14,10,4,3,17,0,6,3
533721113,2,533721112,,7,4,3,*,*,*,*,*,*,*,*,*,*,*,*,*,*,*,*,*,*,*,*,*,*,*,*,*,*,*,*,*,*,1,1,*,*,*,*,*,*,*,*,*,*,*,*,*,*,*
533721114,2,533721112,,10,3,7,*,*,*,*,*,*,*,*,*,*,*,*,*,*,*,*,*,*,*,*,*,*,*,*,*,*,*,*,*,*,6,6,*,*,*,*,*,*,*,*,*,*,*,*,*,*,*
533721121,2,533721123,,2,1,1,*,*,*,*,*,*,*,*,*,*,*,*,*,*,*,*,*,*,*,*,*,*,*,*,*,*,*,*,*,*,1,1,*,*,*,*,*,*,*,*,*,*,*,*,*,*,*
533721123,1,,533721121,14,7,7,0,0,0,16,8,8,3,2,1,16,8,8,16,8,8,13,6,7,10,5,5,3,2,1,0,0,0,0,0,0,7,7,2,5,0,1,0,0,0,6,5,1,0,7,0,1,5
533721141,0,,,17,9,8,2,1,1,15,8,7,7,4,3,14,7,7,14,7,7,8,4,4,5,2,3,1,0,1,0,0,0,0,0,0,5,5,0,2,2,0,0,0,1,5,3,2,0,5,0,0,2
533721142,0,,,74,35,39,0,0,0,74,35,39,32,14,18,70,33,37,68,32,36,42,21,21,19,10,9,6,3,3,1,1,0,3,0,3,30,30,3,16,7,2,2,0,0,27,22,5,0,23,0,1,13
533721143,0,,,12,6,6,0,0,0,12,6,6,3,0,3,12,6,6,12,6,6,9,6,3,2,1,1,0,0,0,0,0,0,0,0,0,7,7,2,5,0,0,0,0,0,5,5,0,0,7,0,2,4
533721144,0,,,12,7,5,0,0,0,12,7,5,5,3,2,12,7,5,12,7,5,7,4,3,3,1,2,0,0,0,0,0,0,0,0,0,7,7,3,3,1,0,0,0,0,4,4,0,0,6,0,3,1
533721152,0,,,66,23,43,1,0,1,65,23,42,10,4,6,64,23,41,64,23,41,55,19,36,39,11,28,22,6,16,3,2,1,0,0,0,17,16,6,8,1,1,0,0,0,10,8,2,0,13,0,5,6
533721153,0,,,24,10,14,0,0,0,24,10,14,10,5,5,24,10,14,24,10,14,14,5,9,10,3,7,4,3,1,0,0,0,0,0,0,12,12,3,7,1,1,0,0,0,9,6,3,0,10,0,3,4
533721154,0,,,21,11,10,0,0,0,21,11,10,10,7,3,20,10,10,20,10,10,11,4,7,6,3,3,3,2,1,1,1,0,0,0,0,9,9,4,2,1,0,2,0,0,5,3,2,0,9,0,4,1
533721161,0,,,35,18,17,3,1,2,32,17,15,15,8,7,31,17,14,31,17,14,17,9,8,9,4,5,3,1,2,0,0,0,0,0,0,13,13,5,5,0,0,1,0,2,8,5,3,0,10,0,3,4
533721183,2,533721291,,1,1,0,*,*,*,*,*,*,*,*,*,*,*,*,*,*,*,*,*,*,*,*,*,*,*,*,*,*,*,*,*,*,1,1,*,*,*,*,*,*,*,*,*,*,*,*,*,*,*
533721184,2,533721291,,4,2,2,*,*,*,*,*,*,*,*,*,*,*,*,*,*,*,*,*,*,*,*,*,*,*,*,*,*,*,*,*,*,1,1,*,*,*,*,*,*,*,*,*,*,*,*,*,*,*
533721192,2,533721094,,4,2,2,*,*,*,*,*,*,*,*,*,*,*,*,*,*,*,*,*,*,*,*,*,*,*,*,*,*,*,*,*,*,2,2,*,*,*,*,*,*,*,*,*,*,*,*,*,*,*
533721212,0,,,17,9,8,2,1,1,15,8,7,7,3,4,15,8,7,15,8,7,8,5,3,4,2,2,2,2,0,0,0,0,0,0,0,7,7,1,5,0,0,0,1,0,6,5,1,1,5,0,1,3
533721214,1,,533721224,16,7,9,0,0,0,17,8,9,5,3,2,17,8,9,17,8,9,12,5,7,4,2,2,1,0,1,0,0,0,0,0,0,8,8,5,1,2,1,0,0,0,4,3,1,0,9,0,5,1
533721224,2,533721214,,1,1,0,*,*,*,*,*,*,*,*,*,*,*,*,*,*,*,*,*,*,*,*,*,*,*,*,*,*,*,*,*,*,1,1,*,*,*,*,*,*,*,*,*,*,*,*,*,*,*
533721232,1,,533721234,14,6,8,2,0,2,17,8,9,7,4,3,16,7,9,16,7,9,10,4,6,3,0,3,3,0,3,1,0,1,0,0,0,4,4,2,2,2,0,0,0,1,5,3,2,0,6,0,2,2
533721234,2,533721232,,5,2,3,*,*,*,*,*,*,*,*,*,*,*,*,*,*,*,*,*,*,*,*,*,*,*,*,*,*,*,*,*,*,3,3,*,*,*,*,*,*,*,*,*,*,*,*,*,*,*
533721241,0,,,20,10,10,1,1,0,19,9,10,10,4,6,18,9,9,18,9,9,9,5,4,4,1,3,1,0,1,0,0,0,0,0,0,10,10,4,3,2,1,0,0,0,6,5,1,0,6,0,2,2
533721242,1,,533721243,60,28,32,8,3,5,58,27,31,33,15,18,56,27,29,55,26,29,25,12,13,15,5,10,6,2,4,0,0,0,0,0,0,22,22,4,12,2,3,0,2,1,20,15,5,1,18,1,2,7
533721243,2,533721242,,6,2,4,*,*,*,*,*,*,*,*,*,*,*,*,*,*,*,*,*,*,*,*,*,*,*,*,*,*,*,*,*,*,2,2,*,*,*,*,*,*,*,*,*,*,*,*,*,*,*
533721244,0,,,13,6,7,3,2,1,10,4,6,6,3,3,10,4,6,10,4,6,4,1,3,2,0,2,2,0,2,0,0,0,3,2,1,4,4,0,0,3,1,0,0,0,4,2,2,1,2,0,0,0
533721251,0,,,165,82,83,7,4,3,158,78,80,76,42,34,151,75,76,149,74,75,82,36,46,59,22,37,25,9,16,2,1,1,1,0,1,70,70,18,32,6,8,4,1,1,52,42,10,1,56,0,15,18
533721252,1,,533721261;533721362;533721364,66,33,33,17,11,6,59,27,32,29,16,13,59,27,32,59,27,32,30,11,19,17,5,12,8,2,6,1,0,1,0,0,0,21,21,5,7,4,4,1,0,3,19,11,8,5,17,0,3,3
533721253,0,,,64,33,31,3,2,1,61,31,30,28,14,14,59,30,29,59,30,29,33,17,16,16,8,8,7,5,2,0,0,0,0,0,0,29,29,8,15,3,1,0,1,1,21,15,6,1,21,0,3,10
533721254,0,,,26,13,13,4,3,1,22,10,12,10,4,6,22,10,12,22,10,12,12,6,6,9,4,5,5,1,4,0,0,0,0,0,0,13,13,5,5,2,0,1,0,0,8,7,1,2,10,0,4,4
533721261,2,533721252,,7,3,4,*,*,*,*,*,*,*,*,*,*,*,*,*,*,*,*,*,*,*,*,*,*,*,*,*,*,*,*,*,*,1,1,*,*,*,*,*,*,*,*,*,*,*,*,*,*,*
533721282,2,533721284,,4,3,1,*,*,*,*,*,*,*,*,*,*,*,*,*,*,*,*,*,*,*,*,*,*,*,*,*,*,*,*,*,*,1,1,*,*,*,*,*,*,*,*,*,*,*,*,*,*,*
533721283,2,533721284,,2,1,1,*,*,*,*,*,*,*,*,*,*,*,*,*,*,*,*,*,*,*,*,*,*,*,*,*,*,*,*,*,*,1,1,*,*,*,*,*,*,*,*,*,*,*,*,*,*,*
533721284,1,,533721282;533721283,8,4,4,3,3,0,11,5,6,5,2,3,10,5,5,10,5,5,6,3,3,4,1,3,1,0,1,0,0,0,0,0,0,4,4,2,2,0,2,0,0,0,4,3,1,0,5,0,2,1
533721291,1,,533721183;533721184,9,5,4,2,2,0,12,6,6,6,3,3,11,6,5,11,6,5,6,3,3,5,3,2,2,1,1,0,0,0,0,0,0,4,4,3,1,0,1,1,0,0,3,2,1,0,5,0,3,1
533721293,1,,533721294,26,15,11,0,0,0,33,18,15,12,7,5,33,18,15,33,18,15,21,11,10,9,5,4,3,0,3,0,0,0,0,0,0,11,11,2,10,2,0,1,0,0,13,11,2,0,14,0,2,8
533721294,2,533721293,,7,3,4,*,*,*,*,*,*,*,*,*,*,*,*,*,*,*,*,*,*,*,*,*,*,*,*,*,*,*,*,*,*,4,4,*,*,*,*,*,*,*,*,*,*,*,*,*,*,*
533721312,2,533721314,,5,2,3,*,*,*,*,*,*,*,*,*,*,*,*,*,*,*,*,*,*,*,*,*,*,*,*,*,*,*,*,*,*,3,3,*,*,*,*,*,*,*,*,*,*,*,*,*,*,*
533721314,1,,533721312,6,3,3,0,0,0,11,5,6,5,1,4,11,5,6,11,5,6,6,4,2,3,1,2,2,1,1,0,0,0,0,0,0,3,3,2,3,1,0,0,0,0,4,3,1,0,5,0,1,2
533721323,1,,533721324,13,4,9,0,0,0,20,7,13,3,1,2,20,7,13,20,7,13,17,6,11,8,1,7,4,1,3,0,0,0,0,0,0,9,9,6,5,0,1,0,0,0,6,5,1,0,12,0,6,5
533721324,2,533721323,,7,3,4,*,*,*,*,*,*,*,*,*,*,*,*,*,*,*,*,*,*,*,*,*,*,*,*,*,*,*,*,*,*,3,3,*,*,*,*,*,*,*,*,*,*,*,*,*,*,*
533721332,1,,533721334,53,29,24,5,2,3,54,29,25,31,17,14,53,28,25,52,27,25,23,12,11,13,6,7,6,3,3,0,0,0,0,0,0,14,14,3,1,3,5,1,2,1,13,5,8,1,14,0,2,1
533721334,2,533721332,,6,2,4,*,*,*,*,*,*,*,*,*,*,*,*,*,*,*,*,*,*,*,*,*,*,*,*,*,*,*,*,*,*,2,2,*,*,*,*,*,*,*,*,*,*,*,*,*,*,*
533721341,0,,,17,7,10,1,0,1,16,7,9,9,5,4,16,7,9,16,7,9,7,2,5,4,1,3,0,0,0,0,0,0,0,0,0,7,7,4,1,1,0,0,0,1,3,2,1,1,6,0,4,1
533721342,0,,,16,10,6,0,0,0,16,10,6,6,3,3,14,9,5,14,9,5,10,7,3,3,3,0,2,2,0,0,0,0,0,0,0,8,8,3,3,1,1,0,0,0,5,5,0,0,7,0,3,3
533721351,0,,,28,13,15,3,1,2,25,12,13,11,6,5,25,12,13,25,12,13,14,6,8,3,0,3,1,0,1,0,0,0,1,0,1,12,12,2,6,3,0,1,0,0,10,8,2,1,8,0,0,4
533721362,2,533721252,,2,1,1,*,*,*,*,*,*,*,*,*,*,*,*,*,*,*,*,*,*,*,*,*,*,*,*,*,*,*,*,*,*,1,1,*,*,*,*,*,*,*,*,*,*,*,*,*,*,*
533721364,2,533721252,,1,1,0,*,*,*,*,*,*,*,*,*,*,*,*,*,*,*,*,*,*,*,*,*,*,*,*,*,*,*,*,*,*,1,1,*,*,*,*,*,*,*,*,*,*,*,*,*,*,*
533721381,1,,533721462,11,6,5,0,0,0,13,7,6,4,3,1,13,7,6,13,7,6,9,4,5,7,3,4,4,1,3,0,0,0,0,0,0,6,6,1,6,0,0,0,0,0,6,5,1,0,6,0,1,3
533721382,1,,533721384,14,7,7,0,0,0,17,9,8,8,5,3,17,9,8,17,9,8,9,4,5,5,2,3,1,1,0,0,0,0,0,0,0,6,6,1,5,2,0,0,0,0,7,6,1,0,5,0,0,2
533721384,2,533721382,,3,2,1,*,*,*,*,*,*,*,*,*,*,*,*,*,*,*,*,*,*,*,*,*,*,*,*,*,*,*,*,*,*,2,2,*,*,*,*,*,*,*,*,*,*,*,*,*,*,*
533721391,0,,,15,9,6,0,0,0,15,9,6,7,5,2,15,9,6,15,9,6,8,4,4,3,2,1,2,1,1,0,0,0,0,0,0,7,7,1,4,2,0,0,0,0,6,6,0,0,4,0,0,3
533721392,1,,533721394,41,21,20,4,2,2,44,22,22,23,13,10,43,22,21,43,22,21,21,9,12,9,2,7,3,0,3,0,0,0,0,0,0,15,15,4,6,4,2,0,2,0,14,9,5,1,14,0,4,3
533721393,0,,,36,19,17,2,1,1,34,18,16,11,7,4,34,18,16,34,18,16,23,11,12,13,6,7,2,0,2,2,0,2,0,0,0,18,18,7,8,2,0,0,0,1,11,9,2,1,16,0,6,4
533721394,2,533721392,,7,3,4,*,*,*,*,*,*,*,*,*,*,*,*,*,*,*,*,*,*,*,*,*,*,*,*,*,*,*,*,*,*,3,3,*,*,*,*,*,*,*,*,*,*,*,*,*,*,*
533721403,2,533721503,,8,3,5,*,*,*,*,*,*,*,*,*,*,*,*,*,*,*,*,*,*,*,*,*,*,*,*,*,*,*,*,*,*,5,5,*,*,*,*,*,*,*,*,*,*,*,*,*,*,*
533721412,2,533721421,,7,4,3,*,*,*,*,*,*,*,*,*,*,*,*,*,*,*,*,*,*,*,*,*,*,*,*,*,*,*,*,*,*,3,3,*,*,*,*,*,*,*,*,*,*,*,*,*,*,*
533721421,1,,533721412;533721423,10,4,6,2,0,2,21,10,11,11,6,5,20,10,10,20,10,10,10,4,6,3,1,2,1,0,1,0,0,0,0,0,0,5,5,5,1,2,0,2,0,0,5,4,1,0,7,0,4,1
533721423,2,533721421,,6,2,4,*,*,*,*,*,*,*,*,*,*,*,*,*,*,*,*,*,*,*,*,*,*,*,*,*,*,*,*,*,*,2,2,*,*,*,*,*,*,*,*,*,*,*,*,*,*,*
533721462,2,533721381,,2,1,1,*,*,*,*,*,*,*,*,*,*,*,*,*,*,*,*,*,*,*,*,*,*,*,*,*,*,*,*,*,*,1,1,*,*,*,*,*,*,*,*,*,*,*,*,*,*,*
533721471,2,533721473,,8,4,4,*,*,*,*,*,*,*,*,*,*,*,*,*,*,*,*,*,*,*,*,*,*,*,*,*,*,*,*,*,*,3,3,*,*,*,*,*,*,*,*,*,*,*,*,*,*,*
533721472,2,533721473,,1,0,1,*,*,*,*,*,*,*,*,*,*,*,*,*,*,*,*,*,*,*,*,*,*,*,*,*,*,*,*,*,*,1,1,*,*,*,*,*,*,*,*,*,*,*,*,*,*,*
533721473,1,,533721471;533721472;533721474;533721571,11,4,7,3,1,2,24,10,14,10,4,6,24,10,14,24,10,14,14,6,8,9,4,5,3,2,1,0,0,0,0,0,0,4,4,3,3,1,0,3,0,0,7,5,2,1,9,0,3,2
533721474,2,533721473,,2,1,1,*,*,*,*,*,*,*,*,*,*,*,*,*,*,*,*,*,*,*,*,*,*,*,*,*,*,*,*,*,*,1,1,*,*,*,*,*,*,*,*,*,*,*,*,*,*,*
533721483,2,533721581,,8,3,5,*,*,*,*,*,*,*,*,*,*,*,*,*,*,*,*,*,*,*,*,*,*,*,*,*,*,*,*,*,*,3,3,*,*,*,*,*,*,*,*,*,*,*,*,*,*,*
533721491,2,533721493,,5,2,3,*,*,*,*,*,*,*,*,*,*,*,*,*,*,*,*,*,*,*,*,*,*,*,*,*,*,*,*,*,*,3,3,*,*,*,*,*,*,*,*,*,*,*,*,*,*,*
533721492,0,,,12,7,5,2,1,1,10,6,4,4,2,2,10,6,4,10,6,4,6,4,2,4,3,1,1,1,0,0,0,0,0,0,0,4,4,0,2,1,0,1,0,0,4,3,1,0,4,0,0,2
533721493,1,,533721491,10,6,4,0,0,0,15,8,7,4,2,2,15,8,7,15,8,7,11,6,5,6,3,3,2,0,2,0,0,0,0,0,0,7,7,5,5,0,0,0,0,0,5,5,0,0,9,0,4,4
533721503,1,,533721403,11,3,8,1,0,1,18,6,12,10,4,6,18,6,12,17,6,11,8,2,6,8,2,6,5,2,3,0,0,0,0,0,0,6,6,5,5,0,1,0,0,0,6,6,0,0,7,0,5,1
533721512,2,533721523,,3,0,3,*,*,*,*,*,*,*,*,*,*,*,*,*,*,*,*,*,*,*,*,*,*,*,*,*,*,*,*,*,*,2,2,*,*,*,*,*,*,*,*,*,*,*,*,*,*,*
533721514,2,533721523,,6,4,2,*,*,*,*,*,*,*,*,*,*,*,*,*,*,*,*,*,*,*,*,*,*,*,*,*,*,*,*,*,*,2,2,*,*,*,*,*,*,*,*,*,*,*,*,*,*,*
533721522,0,,,25,8,17,4,1,3,21,7,14,5,1,4,21,7,14,21,7,14,16,6,10,13,5,8,4,2,2,0,0,0,0,0,0,9,9,1,5,1,1,0,0,1,8,5,3,1,9,0,1,4
533721523,1,,533721512;533721514;533721621,78,36,42,5,5,0,91,41,50,46,23,23,91,41,50,89,40,49,45,18,27,22,10,12,6,2,4,1,0,1,0,0,0,32,32,15,9,7,3,6,0,0,25,16,9,1,32,0,11,3
533721533,1,,533721641;533721643,11,4,7,0,0,0,19,7,12,5,2,3,19,7,12,19,7,12,14,5,9,8,3,5,1,0,1,0,0,0,0,0,0,5,5,4,4,1,1,0,0,0,6,4,2,0,9,0,3,3
533721571,2,533721473,,5,2,3,*,*,*,*,*,*,*,*,*,*,*,*,*,*,*,*,*,*,*,*,*,*,*,*,*,*,*,*,*,*,1,1,*,*,*,*,*,*,*,*,*,*,*,*,*,*,*
533721581,1,,533721483,2,1,1,0,0,0,10,4,6,4,1,3,10,4,6,10,4,6,6,3,3,3,1,2,0,0,0,0,0,0,0,0,0,1,1,0,3,0,1,0,0,0,4,3,1,0,4,0,0,3
533721594,0,,,73,35,38,16,8,8,57,27,30,35,19,16,54,26,28,53,25,28,22,8,14,15,4,11,8,2,6,0,0,0,0,0,0,23,23,6,4,4,5,1,0,3,17,11,6,1,15,0,4,2
533721621,2,533721523,,9,6,3,*,*,*,*,*,*,*,*,*,*,*,*,*,*,*,*,*,*,*,*,*,*,*,*,*,*,*,*,*,*,4,4,*,*,*,*,*,*,*,*,*,*,*,*,*,*,*
533721631,1,,533721633,46,22,24,2,1,1,48,22,26,25,11,14,47,21,26,47,21,26,23,11,12,12,6,6,5,3,2,0,0,0,0,0,0,16,16,4,5,7,0,3,0,0,15,10,5,1,14,0,2,4
533721633,2,533721631,,4,1,3,*,*,*,*,*,*,*,*,*,*,*,*,*,*,*,*,*,*,*,*,*,*,*,*,*,*,*,*,*,*,3,3,*,*,*,*,*,*,*,*,*,*,*,*,*,*,*
533721641,2,533721533,,6,2,4,*,*,*,*,*,*,*,*,*,*,*,*,*,*,*,*,*,*,*,*,*,*,*,*,*,*,*,*,*,*,3,3,*,*,*,*,*,*,*,*,*,*,*,*,*,*,*
533721643,2,533721533,,2,1,1,*,*,*,*,*,*,*,*,*,*,*,*,*,*,*,*,*,*,*,*,*,*,*,*,*,*,*,*,*,*,2,2,*,*,*,*,*,*,*,*,*,*,*,*,*,*,*
533721684,2,533721781,,4,1,3,*,*,*,*,*,*,*,*,*,*,*,*,*,*,*,*,*,*,*,*,*,*,*,*,*,*,*,*,*,*,2,2,*,*,*,*,*,*,*,*,*,*,*,*,*,*,*
533721691,1,,533721692,21,10,11,4,1,3,18,9,9,18,9,9,17,8,9,15,7,8,0,0,0,0,0,0,0,0,0,0,0,0,0,0,0,7,7,2,1,2,3,0,0,0,6,6,0,1,0,1,0,0
533721692,2,533721691,,1,0,1,*,*,*,*,*,*,*,*,*,*,*,*,*,*,*,*,*,*,*,*,*,*,*,*,*,*,*,*,*,*,1,1,*,*,*,*,*,*,*,*,*,*,*,*,*,*,*
533721693,2,533721694,,10,4,6,*,*,*,*,*,*,*,*,*,*,*,*,*,*,*,*,*,*,*,*,*,*,*,*,*,*,*,*,*,*,2,2,*,*,*,*,*,*,*,*,*,*,*,*,*,*,*
533721694,1,,533721693;533721791,13,6,7,5,2,3,26,12,14,13,6,7,25,12,13,25,12,13,13,6,7,8,4,4,3,2,1,0,0,0,0,0,0,4,4,1,3,1,1,2,0,1,8,4,4,0,8,0,1,3
533721773,0,,,33,17,16,1,0,1,32,17,15,17,9,8,30,15,15,29,15,14,15,8,7,10,5,5,4,1,3,0,0,0,0,0,0,12,12,2,5,2,1,1,1,0,9,6,3,0,10,0,1,4
533721774,0,,,16,7,9,3,2,1,13,5,8,6,2,4,13,5,8,13,5,8,7,3,4,3,1,2,0,0,0,0,0,0,0,0,0,5,5,0,2,1,1,1,0,0,5,4,1,0,4,0,0,2
533721781,1,,533721684,22,10,12,1,0,1,25,11,14,13,5,8,25,11,14,25,11,14,12,6,6,4,1,3,3,1,2,0,0,0,0,0,0,8,8,1,6,1,1,0,1,0,9,5,4,1,6,0,1,2
533721782,0,,,10,5,5,0,0,0,10,5,5,2,1,1,10,5,5,10,5,5,8,4,4,6,3,3,1,0,1,0,0,0,0,0,0,4,4,0,3,0,1,0,0,0,4,3,1,0,4,0,0,3
533721783,0,,,33,18,15,3,2,1,30,16,14,19,11,8,27,14,13,25,13,12,11,5,6,5,1,4,3,1,2,0,0,0,0,0,0,12,12,3,3,2,2,2,0,0,9,8,1,0,7,0,2,1
533721791,2,533721694,,8,4,4,*,*,*,*,*,*,*,*,*,*,*,*,*,*,*,*,*,*,*,*,*,*,*,*,*,*,*,*,*,*,3,3,*,*,*,*,*,*,*,*,*,*,*,*,*,*,*
533721853,2,533721951,,6,3,3,*,*,*,*,*,*,*,*,*,*,*,*,*,*,*,*,*,*,*,*,*,*,*,*,*,*,*,*,*,*,3,3,*,*,*,*,*,*,*,*,*,*,*,*,*,*,*
533721862,2,533721864,,4,2,2,*,*,*,*,*,*,*,*,*,*,*,*,*,*,*,*,*,*,*,*,*,*,*,*,*,*,*,*,*,*,1,1,*,*,*,*,*,*,*,*,*,*,*,*,*,*,*
533721863,2,533721864,,6,1,5,*,*,*,*,*,*,*,*,*,*,*,*,*,*,*,*,*,*,*,*,*,*,*,*,*,*,*,*,*,*,1,1,*,*,*,*,*,*,*,*,*,*,*,*,*,*,*
533721864,1,,533721862;533721863,153,76,77,23,12,11,140,67,73,97,50,47,134,62,72,132,61,71,43,17,26,29,14,15,9,3,6,1,1,0,0,0,0,52,52,6,16,10,16,5,1,0,47,33,14,9,27,0,3,8
533721871,0,,,161,75,86,26,12,14,135,63,72,74,35,39,133,62,71,133,62,71,61,28,33,31,12,19,15,5,10,0,0,0,1,1,0,61,61,14,22,10,5,7,3,0,46,32,14,6,40,1,10,11
533721872,0,,,72,28,44,9,4,5,63,24,39,36,15,21,60,22,38,60,22,38,27,9,18,15,4,11,5,0,5,1,0,1,0,0,0,26,26,6,8,7,0,2,2,1,19,12,7,0,19,0,5,3
533721873,0,,,10,6,4,0,0,0,10,6,4,10,6,4,10,6,4,10,6,4,0,0,0,0,0,0,0,0,0,0,0,0,1,1,0,10,10,10,0,0,0,0,0,0,0,0,0,0,0,6,0,0
533721881,2,533721884,,1,0,1,*,*,*,*,*,*,*,*,*,*,*,*,*,*,*,*,*,*,*,*,*,*,*,*,*,*,*,*,*,*,1,1,*,*,*,*,*,*,*,*,*,*,*,*,*,*,*
533721883,2,533721884,,5,3,2,*,*,*,*,*,*,*,*,*,*,*,*,*,*,*,*,*,*,*,*,*,*,*,*,*,*,*,*,*,*,2,2,*,*,*,*,*,*,*,*,*,*,*,*,*,*,*
533721884,1,,533721881;533721883,24,11,13,0,0,0,30,14,16,16,9,7,30,14,16,29,14,15,14,5,9,12,4,8,4,2,2,1,0,1,0,0,0,10,10,4,3,4,2,0,0,0,9,6,3,0,9,0,3,2
533721893,1,,533721894;533721991;533721992,15,7,8,2,1,1,24,12,12,9,4,5,24,12,12,24,12,12,15,8,7,10,5,5,2,2,0,0,0,0,0,0,0,5,5,1,5,3,0,0,1,0,9,7,2,1,10,0,1,4
533721894,2,533721893,,5,3,2,*,*,*,*,*,*,*,*,*,*,*,*,*,*,*,*,*,*,*,*,*,*,*,*,*,*,*,*,*,*,2,2,*,*,*,*,*,*,*,*,*,*,*,*,*,*,*
533721942,0,,,11,4,7,0,0,0,11,4,7,4,2,2,11,4,7,11,4,7,7,2,5,5,1,4,1,0,1,0,0,0,0,0,0,5,5,1,2,2,0,0,0,0,4,2,2,0,5,0,1,2
533721943,0,,,21,10,11,1,0,1,20,10,10,5,2,3,20,10,10,20,10,10,15,8,7,2,1,1,0,0,0,0,0,0,0,0,0,12,12,5,6,0,1,0,0,0,7,6,1,0,11,0,4,3
533721944,0,,,88,39,49,5,2,3,83,37,46,34,16,18,81,37,44,81,37,44,49,21,28,29,12,17,7,1,6,1,0,1,4,4,0,48,48,25,12,8,2,0,0,1,23,18,5,1,35,0,16,11
533721951,1,,533721853;533721954,52,24,28,3,1,2,56,27,29,21,12,9,56,27,29,56,27,29,35,15,20,23,8,15,8,3,5,0,0,0,0,0,0,28,28,13,14,3,1,1,0,0,19,15,4,2,25,0,11,8
533721953,0,,,298,138,160,26,14,12,272,124,148,156,77,79,261,119,142,259,117,142,116,47,69,70,27,43,23,7,16,4,0,4,11,0,11,127,127,40,43,21,12,8,0,3,87,67,20,6,77,12,16,26
533721954,2,533721951,,1,1,0,*,*,*,*,*,*,*,*,*,*,*,*,*,*,*,*,*,*,*,*,*,*,*,*,*,*,*,*,*,*,1,1,*,*,*,*,*,*,*,*,*,*,*,*,*,*,*
533721961,1,,533721963,33,15,18,7,2,5,32,14,18,26,12,14,30,13,17,30,13,17,6,2,4,2,0,2,1,0,1,0,0,0,0,0,0,13,13,6,4,0,2,2,0,1,9,7,2,2,5,1,2,0
533721962,1,,533721973,20,10,10,0,0,0,26,13,13,13,7,6,26,13,13,26,13,13,13,6,7,9,3,6,6,3,3,1,0,1,0,0,0,10,10,6,4,1,1,1,0,0,7,4,3,0,8,1,2,1
533721963,2,533721961,,6,1,5,*,*,*,*,*,*,*,*,*,*,*,*,*,*,*,*,*,*,*,*,*,*,*,*,*,*,*,*,*,*,2,2,*,*,*,*,*,*,*,*,*,*,*,*,*,*,*
533721964,0,,,16,6,10,0,0,0,16,6,10,8,3,5,16,6,10,16,6,10,8,3,5,5,2,3,3,0,3,0,0,0,0,0,0,7,7,1,4,1,1,0,0,0,6,4,2,0,5,0,1,2
533721973,2,533721962,,6,3,3,*,*,*,*,*,*,*,*,*,*,*,*,*,*,*,*,*,*,*,*,*,*,*,*,*,*,*,*,*,*,3,3,*,*,*,*,*,*,*,*,*,*,*,*,*,*,*
533721981,2,533721984,,1,0,1,*,*,*,*,*,*,*,*,*,*,*,*,*,*,*,*,*,*,*,*,*,*,*,*,*,*,*,*,*,*,1,1,*,*,*,*,*,*,*,*,*,*,*,*,*,*,*
533721984,1,,533721981,16,7,9,4,2,2,13,5,8,6,3,3,13,5,8,13,5,8,7,2,5,4,1,3,0,0,0,0,0,0,0,0,0,5,5,3,1,0,0,0,2,0,3,1,2,0,5,0,2,0
533721991,2,533721893,,2,1,1,*,*,*,*,*,*,*,*,*,*,*,*,*,*,*,*,*,*,*,*,*,*,*,*,*,*,*,*,*,*,1,1,*,*,*,*,*,*,*,*,*,*,*,*,*,*,*
533721992,2,533721893,,4,2,2,*,*,*,*,*,*,*,*,*,*,*,*,*,*,*,*,*,*,*,*,*,*,*,*,*,*,*,*,*,*,2,2,*,*,*,*,*,*,*,*,*,*,*,*,*,*,*
533722001,2,533722002,,2,1,1,*,*,*,*,*,*,*,*,*,*,*,*,*,*,*,*,*,*,*,*,*,*,*,*,*,*,*,*,*,*,1,1,*,*,*,*,*,*,*,*,*,*,*,*,*,*,*
533722002,1,,533722001;533722004;533722013;533722014,8,5,3,0,0,0,20,11,9,9,6,3,20,11,9,20,11,9,11,5,6,7,3,4,2,2,0,0,0,0,0,0,0,4,4,3,4,3,0,0,0,0,7,6,1,0,8,0,2,2
533722004,2,533722002,,6,3,3,*,*,*,*,*,*,*,*,*,*,*,*,*,*,*,*,*,*,*,*,*,*,*,*,*,*,*,*,*,*,3,3,*,*,*,*,*,*,*,*,*,*,*,*,*,*,*
533722013,2,533722002,,3,2,1,*,*,*,*,*,*,*,*,*,*,*,*,*,*,*,*,*,*,*,*,*,*,*,*,*,*,*,*,*,*,1,1,*,*,*,*,*,*,*,*,*,*,*,*,*,*,*
533722014,2,533722002,,1,0,1,*,*,*,*,*,*,*,*,*,*,*,*,*,*,*,*,*,*,*,*,*,*,*,*,*,*,*,*,*,*,1,1,*,*,*,*,*,*,*,*,*,*,*,*,*,*,*
533722021,2,533722023,,4,2,2,*,*,*,*,*,*,*,*,*,*,*,*,*,*,*,*,*,*,*,*,*,*,*,*,*,*,*,*,*,*,2,2,*,*,*,*,*,*,*,*,*,*,*,*,*,*,*
533722022,0,,,16,7,9,4,1,3,12,6,6,6,3,3,12,6,6,12,6,6,6,3,3,2,1,1,1,0,1,0,0,0,0,0,0,6,6,1,2,1,2,0,0,0,5,4,1,2,3,0,1,1
533722023,1,,533722021,19,10,9,0,0,0,23,12,11,11,6,5,23,12,11,23,12,11,12,6,6,7,3,4,3,1,2,1,0,1,0,0,0,6,6,0,4,3,0,0,1,0,8,6,2,0,7,0,0,4
533722034,2,533722132,,2,1,1,*,*,*,*,*,*,*,*,*,*,*,*,*,*,*,*,*,*,*,*,*,*,*,*,*,*,*,*,*,*,1,1,*,*,*,*,*,*,*,*,*,*,*,*,*,*,*
533722041,0,,,22,9,13,2,1,1,20,8,12,14,8,6,19,8,11,18,8,10,6,0,6,4,0,4,3,0,3,0,0,0,0,0,0,7,7,1,3,1,0,1,0,1,6,4,2,0,6,0,1,0
533722042,0,,,19,8,11,2,1,1,17,7,10,11,4,7,17,7,10,15,6,9,6,3,3,4,1,3,2,0,2,0,0,0,0,0,0,5,5,0,0,2,2,1,0,0,5,2,3,0,4,0,0,0
533722043,0,,,20,9,11,4,1,3,16,8,8,5,3,2,15,7,8,15,7,8,11,5,6,5,2,3,5,2,3,3,2,1,0,0,0,5,5,0,3,0,0,1,0,1,5,3,2,1,5,0,0,3
533722094,2,533722293,,2,1,1,*,*,*,*,*,*,*,*,*,*,*,*,*,*,*,*,*,*,*,*,*,*,*,*,*,*,*,*,*,*,1,1,*,*,*,*,*,*,*,*,*,*,*,*,*,*,*
533722112,1,,533722114,8,3,5,0,0,0,15,6,9,8,4,4,15,6,9,15,6,9,7,2,5,6,2,4,2,0,2,1,0,1,0,0,0,2,2,1,0,1,1,0,0,1,3,0,3,0,4,0,1,0
533722114,2,533722112,,7,3,4,*,*,*,*,*,*,*,*,*,*,*,*,*,*,*,*,*,*,*,*,*,*,*,*,*,*,*,*,*,*,2,2,*,*,*,*,*,*,*,*,*,*,*,*,*,*,*
533722121,1,,533722122;533722123,43,22,21,3,3,0,45,22,23,24,12,12,45,22,23,45,22,23,21,10,11,9,4,5,4,1,3,0,0,0,0,0,0,13,13,1,5,4,3,1,0,1,14,8,6,0,12,0,0,4
533722122,2,533722121,,2,1,1,*,*,*,*,*,*,*,*,*,*,*,*,*,*,*,*,*,*,*,*,*,*,*,*,*,*,*,*,*,*,1,1,*,*,*,*,*,*,*,*,*,*,*,*,*,*,*
533722123,2,533722121,,3,2,1,*,*,*,*,*,*,*,*,*,*,*,*,*,*,*,*,*,*,*,*,*,*,*,*,*,*,*,*,*,*,1,1,*,*,*,*,*,*,*,*,*,*,*,*,*,*,*
533722132,1,,533722034,24,12,12,1,0,1,25,13,12,8,4,4,24,12,12,24,12,12,17,9,8,10,6,4,4,2,2,0,0,0,0,0,0,11,11,3,6,1,2,0,0,0,9,7,2,0,11,0,3,6
533722133,0,,,18,9,9,2,1,1,16,8,8,6,4,2,16,8,8,16,8,8,10,4,6,4,1,3,1,0,1,1,0,1,0,0,0,5,5,0,2,1,1,0,0,1,5,3,2,0,5,0,0,2
533722134,0,,,100,38,62,14,2,12,86,36,50,43,17,26,83,36,47,83,36,47,43,19,24,29,11,18,15,4,11,2,1,1,3,0,3,39,39,12,8,10,5,3,0,1,27,18,9,3,27,2,8,7
533722141,0,,,10,5,5,2,1,1,8,4,4,4,2,2,8,4,4,8,4,4,4,2,2,1,0,1,0,0,0,0,0,0,0,0,0,4,4,0,3,0,1,0,0,0,4,4,0,1,2,0,0,2
533722192,2,533722194,,9,5,4,*,*,*,*,*,*,*,*,*,*,*,*,*,*,*,*,*,*,*,*,*,*,*,*,*,*,*,*,*,*,2,2,*,*,*,*,*,*,*,*,*,*,*,*,*,*,*
533722194,1,,533722192,11,6,5,2,1,1,18,10,8,8,5,3,18,10,8,18,10,8,10,5,5,4,2,2,2,1,1,0,0,0,0,0,0,5,5,1,2,3,0,0,1,0,6,4,2,1,6,0,1,1
533722203,1,,533722204,3,2,1,0,0,0,10,4,6,5,2,3,10,4,6,10,4,6,5,2,3,3,1,2,1,0,1,0,0,0,0,0,0,2,2,3,2,1,0,0,0,0,3,2,1,0,3,0,1,1
533722204,2,533722203,,7,2,5,*,*,*,*,*,*,*,*,*,*,*,*,*,*,*,*,*,*,*,*,*,*,*,*,*,*,*,*,*,*,4,4,*,*,*,*,*,*,*,*,*,*,*,*,*,*,*
533722222,0,,,24,11,13,2,1,1,22,10,12,11,4,7,21,10,11,20,10,10,11,6,5,5,2,3,2,1,1,1,0,1,0,0,0,10,10,6,1,0,2,0,0,1,4,2,2,0,8,0,4,0
533722224,0,,,46,21,25,6,1,5,40,20,20,22,12,10,40,20,20,40,20,20,18,8,10,7,3,4,1,0,1,0,0,0,0,0,0,15,15,1,6,3,1,4,0,0,14,8,6,0,11,0,0,3
533722231,1,,533722233;533722234,70,37,33,9,5,4,67,34,33,33,20,13,67,34,33,67,34,33,34,14,20,17,7,10,7,2,5,1,0,1,0,0,0,23,23,4,8,4,4,3,1,1,21,12,9,1,20,0,3,5
533722232,0,,,59,30,29,12,6,6,47,24,23,33,19,14,43,21,22,42,21,21,14,5,9,6,2,4,4,0,4,1,0,1,0,0,0,18,18,3,4,4,4,1,1,1,15,10,5,3,9,0,1,2
533722233,2,533722231,,2,1,1,*,*,*,*,*,*,*,*,*,*,*,*,*,*,*,*,*,*,*,*,*,*,*,*,*,*,*,*,*,*,1,1,*,*,*,*,*,*,*,*,*,*,*,*,*,*,*
533722234,2,533722231,,4,1,3,*,*,*,*,*,*,*,*,*,*,*,*,*,*,*,*,*,*,*,*,*,*,*,*,*,*,*,*,*,*,1,1,*,*,*,*,*,*,*,*,*,*,*,*,*,*,*
533722241,0,,,42,20,22,3,2,1,39,18,21,23,11,12,38,18,20,38,18,20,16,7,9,10,3,7,7,1,6,0,0,0,2,1,1,12,12,1,2,2,4,3,0,0,11,4,7,0,10,0,1,0
533722243,0,,,82,37,45,8,5,3,74,32,42,35,14,21,72,31,41,72,31,41,39,18,21,22,9,13,6,1,5,0,0,0,0,0,0,29,29,4,11,6,6,0,0,2,25,19,6,2,25,0,4,10
533722244,0,,,159,75,84,17,9,8,142,66,76,69,36,33,138,63,75,138,63,75,73,30,43,39,15,24,14,4,10,1,0,1,0,0,0,55,55,12,15,11,7,5,4,1,43,29,14,4,45,0,11,8
533722253,0,,,106,46,60,11,4,7,95,42,53,49,22,27,92,41,51,91,40,51,46,20,26,26,11,15,7,3,4,1,0,1,1,0,1,32,32,4,9,5,7,3,3,1,28,15,13,3,28,0,4,8
533722254,0,,,36,16,20,2,1,1,34,15,19,12,7,5,34,15,19,34,15,19,22,8,14,11,2,9,4,0,4,0,0,0,0,0,0,15,15,5,6,1,1,1,0,1,10,6,4,0,14,0,5,4
533722264,0,,,15,5,10,2,0,2,13,5,8,3,2,1,13,5,8,13,5,8,10,3,7,4,1,3,2,0,2,0,0,0,0,0,0,6,6,2,1,1,2,0,0,0,4,2,2,0,5,0,2,1
533722291,0,,,9,4,5,0,0,0,9,4,5,5,2,3,9,4,5,9,4,5,4,2,2,2,1,1,0,0,0,0,0,0,0,0,0,4,4,1,1,2,0,0,0,0,3,3,0,0,2,0,0,1
533722292,0,,,44,26,18,6,3,3,38,23,15,24,17,7,37,22,15,35,20,15,14,6,8,9,4,5,1,0,1,0,0,0,0,0,0,13,13,2,4,2,1,2,1,1,11,6,5,0,9,0,1,2
533722293,1,,533722094,14,7,7,1,0,1,15,8,7,8,3,5,15,8,7,15,8,7,7,5,2,3,2,1,1,1,0,0,0,0,0,0,0,5,5,1,2,1,2,0,0,0,5,4,1,0,6,0,1,1
533722294,0,,,17,11,6,1,0,1,16,11,5,7,6,1,15,10,5,15,10,5,9,5,4,4,3,1,1,1,0,0,0,0,0,0,0,9,9,4,3,1,1,0,0,0,5,5,0,0,6,0,2,2
533722342,0,,,64,33,31,7,5,2,57,28,29,27,16,11,56,27,29,56,27,29,30,12,18,8,2,6,5,2,3,0,0,0,0,0,0,22,22,5,3,5,7,2,0,0,17,11,6,4,18,0,4,1
533722343,2,533722344,,3,2,1,*,*,*,*,*,*,*,*,*,*,*,*,*,*,*,*,*,*,*,*,*,*,*,*,*,*,*,*,*,*,2,2,*,*,*,*,*,*,*,*,*,*,*,*,*,*,*
533722344,1,,533722343,51,25,26,3,2,1,51,25,26,27,12,15,50,25,25,48,25,23,24,13,11,14,7,7,5,2,3,0,0,0,0,0,0,12,12,2,2,3,2,1,3,1,12,3,9,0,14,0,2,2
533722351,1,,533722353,140,62,78,12,3,9,135,62,73,71,37,34,133,60,73,132,59,73,64,25,39,36,9,27,15,1,14,3,0,3,0,0,0,48,47,6,23,6,7,1,1,4,42,31,11,3,33,0,3,12
533722352,0,,,103,54,49,17,10,7,86,44,42,49,29,20,84,42,42,84,42,42,37,15,22,21,7,14,9,3,6,0,0,0,0,0,0,29,29,3,9,4,3,6,1,3,26,13,13,5,22,0,3,3
533722353,2,533722351,,7,3,4,*,*,*,*,*,*,*,*,*,*,*,*,*,*,*,*,*,*,*,*,*,*,*,*,*,*,*,*,*,*,1,1,*,*,*,*,*,*,*,*,*,*,*,*,*,*,*
533722354,0,,,20,11,9,4,3,1,16,8,8,10,5,5,15,7,8,14,7,7,6,3,3,1,1,0,0,0,0,0,0,0,0,0,0,5,5,0,1,1,1,1,1,0,5,4,1,0,3,0,0,1
533722361,0,,,51,21,30,8,3,5,43,18,25,27,13,14,42,18,24,42,18,24,16,5,11,5,1,4,3,0,3,0,0,0,2,2,0,16,16,4,3,3,1,4,0,1,12,7,5,1,11,2,1,2
533722362,0,,,47,24,23,5,2,3,42,22,20,28,15,13,42,22,20,42,22,20,14,7,7,7,3,4,4,2,2,0,0,0,1,1,0,20,20,6,6,4,3,1,0,0,14,14,0,2,11,1,4,4
533722363,0,,,44,25,19,2,1,1,42,24,18,17,12,5,42,24,18,42,24,18,25,12,13,11,6,5,5,3,2,0,0,0,0,0,0,15,15,1,6,3,3,2,0,0,14,9,5,2,13,0,0,6
533722364,1,,533722461,34,16,18,7,3,4,29,14,15,16,9,7,28,14,14,28,14,14,13,5,8,8,3,5,3,1,2,1,0,1,2,2,0,10,10,3,1,3,0,3,0,1,8,3,5,1,6,2,1,0
533722384,2,533722393,,2,1,1,*,*,*,*,*,*,*,*,*,*,*,*,*,*,*,*,*,*,*,*,*,*,*,*,*,*,*,*,*,*,1,1,*,*,*,*,*,*,*,*,*,*,*,*,*,*,*
533722392,2,533722394,,8,4,4,*,*,*,*,*,*,*,*,*,*,*,*,*,*,*,*,*,*,*,*,*,*,*,*,*,*,*,*,*,*,3,3,*,*,*,*,*,*,*,*,*,*,*,*,*,*,*
533722393,1,,533722384,76,37,39,14,8,6,64,30,34,38,18,20,61,29,32,60,28,32,26,12,14,11,2,9,2,0,2,0,0,0,0,0,0,21,21,3,8,2,2,2,2,3,19,10,9,5,18,0,1,4
533722394,1,,533722392,96,43,53,12,6,6,92,41,51,53,29,24,89,38,51,89,38,51,39,12,27,22,5,17,8,1,7,0,0,0,1,0,1,33,33,8,7,9,5,7,0,0,28,16,12,0,26,0,5,3
533722404,2,533722501,,5,3,2,*,*,*,*,*,*,*,*,*,*,*,*,*,*,*,*,*,*,*,*,*,*,*,*,*,*,*,*,*,*,3,3,*,*,*,*,*,*,*,*,*,*,*,*,*,*,*
533722433,2,533722434,,4,2,2,*,*,*,*,*,*,*,*,*,*,*,*,*,*,*,*,*,*,*,*,*,*,*,*,*,*,*,*,*,*,2,2,*,*,*,*,*,*,*,*,*,*,*,*,*,*,*
533722434,1,,533722433,18,8,10,1,0,1,21,10,11,10,5,5,21,10,11,21,10,11,11,5,6,7,3,4,1,0,1,0,0,0,0,0,0,6,6,2,1,3,1,1,0,0,6,4,2,0,7,0,2,0
533722443,0,,,13,6,7,1,0,1,12,6,6,8,4,4,12,6,6,11,5,6,4,2,2,3,1,2,2,1,1,0,0,0,0,0,0,5,5,2,1,0,1,1,0,0,3,2,1,1,3,0,2,1
533722453,2,533722454,,9,3,6,*,*,*,*,*,*,*,*,*,*,*,*,*,*,*,*,*,*,*,*,*,*,*,*,*,*,*,*,*,*,2,2,*,*,*,*,*,*,*,*,*,*,*,*,*,*,*
533722454,1,,533722453,8,4,4,3,0,3,14,7,7,5,3,2,14,7,7,14,7,7,9,4,5,3,1,2,1,0,1,0,0,0,0,0,0,3,3,0,3,0,1,0,0,1,5,3,2,0,4,0,0,2
533722461,2,533722364,,2,1,1,*,*,*,*,*,*,*,*,*,*,*,*,*,*,*,*,*,*,*,*,*,*,*,*,*,*,*,*,*,*,1,1,*,*,*,*,*,*,*,*,*,*,*,*,*,*,*
533722491,0,,,38,19,19,3,2,1,35,17,18,16,8,8,35,17,18,35,17,18,19,9,10,11,6,5,4,1,3,0,0,0,0,0,0,16,16,5,3,5,3,0,0,0,11,7,4,0,12,0,2,2
533722492,0,,,61,27,34,6,4,2,55,23,32,26,14,12,54,22,32,54,22,32,29,9,20,17,3,14,10,2,8,1,1,0,0,0,0,22,22,5,5,7,2,2,0,1,17,5,12,1,19,0,4,2
533722493,0,,,46,19,27,8,2,6,38,17,21,26,12,14,36,17,19,35,17,18,12,5,7,4,2,2,0,0,0,0,0,0,0,0,0,11,11,0,5,0,0,4,0,2,11,7,4,2,8,0,0,4
533722494,0,,,42,19,23,12,7,5,30,12,18,20,10,10,30,12,18,30,12,18,10,2,8,9,1,8,6,1,5,1,0,1,0,0,0,15,15,5,1,5,2,0,2,0,10,5,5,1,9,0,3,0
533722501,1,,533722404,22,8,14,1,1,0,26,10,16,10,3,7,26,10,16,26,10,16,16,7,9,8,3,5,6,2,4,0,0,0,0,0,0,9,9,2,7,1,2,0,0,0,10,7,3,1,11,0,1,3
533722502,0,,,24,14,10,3,2,1,21,12,9,12,6,6,21,12,9,21,12,9,9,6,3,1,0,1,0,0,0,0,0,0,0,0,0,8,8,1,3,1,2,0,1,0,7,5,2,1,7,0,1,2
533722503,0,,,79,38,41,10,7,3,69,31,38,40,19,21,67,30,37,66,29,37,29,12,17,20,6,14,11,3,8,0,0,0,0,0,0,28,28,8,7,7,3,0,0,3,20,9,11,2,21,0,6,4
533722504,0,,,64,31,33,1,1,0,63,30,33,27,14,13,61,30,31,60,29,31,36,16,20,24,10,14,8,2,6,0,0,0,2,2,0,30,30,12,9,4,4,0,1,0,18,13,5,0,24,2,8,5
533722513,0,,,95,47,48,13,6,7,82,41,41,43,20,23,79,39,40,79,39,40,39,21,18,15,9,6,7,3,4,0,0,0,0,0,0,38,38,12,11,6,5,2,1,1,26,20,6,3,25,0,7,7
533722514,0,,,54,27,27,3,2,1,51,25,26,23,11,12,49,24,25,47,24,23,28,14,14,14,7,7,4,1,3,0,0,0,0,0,0,19,19,4,7,2,2,2,2,0,15,8,7,1,17,0,2,5
533722521,2,533722523,,10,5,5,*,*,*,*,*,*,*,*,*,*,*,*,*,*,*,*,*,*,*,*,*,*,*,*,*,*,*,*,*,*,2,2,*,*,*,*,*,*,*,*,*,*,*,*,*,*,*
533722522,0,,,16,9,7,1,1,0,15,8,7,8,5,3,15,8,7,15,8,7,7,3,4,3,1,2,0,0,0,0,0,0,0,0,0,6,6,1,2,2,0,1,0,0,5,4,1,0,4,0,1,1
533722523,1,,533722521,20,9,11,5,2,3,25,12,13,15,9,6,23,10,13,23,10,13,10,3,7,4,0,4,3,0,3,0,0,0,0,0,0,8,8,2,2,4,1,0,0,1,8,4,4,1,6,0,2,2
533722524,0,,,45,24,21,8,3,5,37,21,16,19,10,9,36,21,15,36,21,15,18,11,7,9,4,5,4,3,1,0,0,0,0,0,0,15,15,3,3,3,4,1,1,0,12,9,3,2,11,0,3,3
533722531,2,533722532,,7,2,5,*,*,*,*,*,*,*,*,*,*,*,*,*,*,*,*,*,*,*,*,*,*,*,*,*,*,*,*,*,*,4,4,*,*,*,*,*,*,*,*,*,*,*,*,*,*,*
533722532,1,,533722531,67,34,33,3,2,1,71,34,37,29,14,15,69,33,36,68,32,36,42,20,22,17,7,10,8,2,6,1,0,1,0,0,0,23,23,3,11,6,5,1,1,0,24,14,10,1,25,0,3,9
533722533,0,,,16,9,7,0,0,0,16,9,7,12,8,4,16,9,7,16,9,7,4,1,3,4,1,3,1,0,1,0,0,0,0,0,0,6,6,1,2,2,0,1,0,0,5,4,1,0,4,0,1,0
533722541,0,,,73,34,39,8,2,6,65,32,33,37,19,18,63,32,31,60,31,29,28,13,15,7,2,5,3,0,3,2,0,2,0,0,0,23,23,3,10,2,4,1,0,3,20,12,8,1,16,0,2,6
533722542,0,,,86,41,45,4,3,1,82,38,44,39,15,24,79,38,41,77,37,40,43,23,20,23,9,14,11,5,6,0,0,0,0,0,0,30,29,3,11,7,5,2,1,0,26,15,11,0,25,0,3,6
533722543,0,,,35,18,17,4,3,1,31,15,16,9,3,6,31,15,16,31,15,16,22,12,10,11,6,5,3,2,1,0,0,0,0,0,0,14,14,4,5,2,2,0,0,1,10,6,4,0,13,0,3,4
533722544,0,,,50,26,24,2,1,1,48,25,23,25,14,11,47,24,23,46,23,23,23,11,12,18,8,10,6,2,4,0,0,0,0,0,0,21,21,6,6,5,3,1,0,0,15,11,4,0,15,1,5,5
533722551,1,,533722661;533722663,69,34,35,1,0,1,74,37,37,38,20,18,71,36,35,71,36,35,36,17,19,18,7,11,8,2,6,1,1,0,0,0,0,22,22,2,9,6,4,3,1,0,23,14,9,0,21,0,2,3
533722552,1,,533722554,20,9,11,0,0,0,23,11,12,13,6,7,23,11,12,23,11,12,10,5,5,6,2,4,3,0,3,0,0,0,0,0,0,8,8,1,6,2,1,0,0,0,9,7,2,0,8,0,0,4
533722553,0,,,12,7,5,0,0,0,12,7,5,7,4,3,12,7,5,12,7,5,5,3,2,3,2,1,1,1,0,0,0,0,0,0,0,4,4,0,1,2,1,0,0,0,4,4,0,0,3,0,0,0
533722554,2,533722552,,3,2,1,*,*,*,*,*,*,*,*,*,*,*,*,*,*,*,*,*,*,*,*,*,*,*,*,*,*,*,*,*,*,2,2,*,*,*,*,*,*,*,*,*,*,*,*,*,*,*
533722591,1,,533722593,49,28,21,6,5,1,48,26,22,29,18,11,44,24,20,43,23,20,19,8,11,11,5,6,5,3,2,0,0,0,0,0,0,11,11,0,2,4,1,3,2,1,13,6,7,0,12,0,0,1
533722593,2,533722591,,5,3,2,*,*,*,*,*,*,*,*,*,*,*,*,*,*,*,*,*,*,*,*,*,*,*,*,*,*,*,*,*,*,2,2,*,*,*,*,*,*,*,*,*,*,*,*,*,*,*
533722601,2,533722602,,2,1,1,*,*,*,*,*,*,*,*,*,*,*,*,*,*,*,*,*,*,*,*,*,*,*,*,*,*,*,*,*,*,1,1,*,*,*,*,*,*,*,*,*,*,*,*,*,*,*
533722602,1,,533722601,126,70,56,6,2,4,122,69,53,72,41,31,120,67,53,120,67,53,50,28,22,25,12,13,5,3,2,1,0,1,0,0,0,28,21,6,6,3,2,1,2,2,16,8,8,1,20,0,5,5
533722603,0,,,17,8,9,2,2,0,15,6,9,6,2,4,15,6,9,15,6,9,9,4,5,4,1,3,1,0,1,1,0,1,0,0,0,6,6,1,1,3,0,1,0,0,5,2,3,0,5,0,1,1
533722611,1,,533722612,55,25,30,4,1,3,57,27,30,31,15,16,57,27,30,57,27,30,26,12,14,22,9,13,6,3,3,1,0,1,0,0,0,23,22,6,10,5,4,0,0,0,19,14,5,2,16,0,2,6
533722612,2,533722611,,6,3,3,*,*,*,*,*,*,*,*,*,*,*,*,*,*,*,*,*,*,*,*,*,*,*,*,*,*,*,*,*,*,3,3,*,*,*,*,*,*,*,*,*,*,*,*,*,*,*
533722613,0,,,29,15,14,2,2,0,27,13,14,9,4,5,27,13,14,27,13,14,18,9,9,8,3,5,5,1,4,3,0,3,0,0,0,11,11,3,3,2,2,0,1,0,8,4,4,0,10,0,2,2
533722614,0,,,17,7,10,1,1,0,16,6,10,11,4,7,16,6,10,16,6,10,5,2,3,4,2,2,0,0,0,0,0,0,0,0,0,5,5,0,1,2,1,1,0,0,5,3,2,0,3,0,0,0
533722622,0,,,10,4,6,0,0,0,10,4,6,5,2,3,10,4,6,10,4,6,5,2,3,3,1,2,1,0,1,0,0,0,0,0,0,4,4,0,2,2,0,0,0,0,4,3,1,0,2,0,0,1
533722642,0,,,31,17,14,2,1,1,29,16,13,12,7,5,28,15,13,28,15,13,17,9,8,8,4,4,3,2,1,1,1,0,0,0,0,13,13,2,6,3,2,0,0,0,11,8,3,1,10,0,2,3
533722644,0,,,34,18,16,5,3,2,29,15,14,13,6,7,29,15,14,29,15,14,16,9,7,8,3,5,6,2,4,0,0,0,0,0,0,13,13,4,3,2,3,0,1,0,9,5,4,1,12,0,4,3
533722651,2,533722653,,3,2,1,*,*,*,*,*,*,*,*,*,*,*,*,*,*,*,*,*,*,*,*,*,*,*,*,*,*,*,*,*,*,2,2,*,*,*,*,*,*,*,*,*,*,*,*,*,*,*
533722653,1,,533722651;533722751,20,8,12,0,0,0,29,13,16,15,6,9,29,13,16,29,13,16,14,7,7,8,3,5,2,1,1,0,0,0,0,0,0,7,7,2,3,3,3,0,0,0,9,4,5,0,10,0,2,0
533722661,2,533722551,,2,1,1,*,*,*,*,*,*,*,*,*,*,*,*,*,*,*,*,*,*,*,*,*,*,*,*,*,*,*,*,*,*,1,1,*,*,*,*,*,*,*,*,*,*,*,*,*,*,*
533722663,2,533722551,,4,2,2,*,*,*,*,*,*,*,*,*,*,*,*,*,*,*,*,*,*,*,*,*,*,*,*,*,*,*,*,*,*,2,2,*,*,*,*,*,*,*,*,*,*,*,*,*,*,*
533722682,2,533722684,,4,3,1,*,*,*,*,*,*,*,*,*,*,*,*,*,*,*,*,*,*,*,*,*,*,*,*,*,*,*,*,*,*,2,2,*,*,*,*,*,*,*,*,*,*,*,*,*,*,*
533722684,1,,533722682;533722782;533722791,8,5,3,0,0,0,20,11,9,9,6,3,20,11,9,20,11,9,11,5,6,5,3,2,1,0,1,1,0,1,0,0,0,2,2,1,4,2,0,1,0,0,7,6,1,0,6,0,1,2
533722691,2,533722693,,14,6,8,*,*,*,*,*,*,*,*,*,*,*,*,*,*,*,*,*,*,*,*,*,*,*,*,*,*,*,*,*,*,3,3,*,*,*,*,*,*,*,*,*,*,*,*,*,*,*
533722693,1,,533722691,15,8,7,1,1,0,28,13,15,14,6,8,28,13,15,28,13,15,14,7,7,5,2,3,3,1,2,0,0,0,0,0,0,6,6,0,6,0,0,2,0,1,9,6,3,0,8,0,0,5
533722711,0,,,19,10,9,2,2,0,17,8,9,8,4,4,17,8,9,17,8,9,9,4,5,6,2,4,6,2,4,0,0,0,0,0,0,6,6,1,3,0,1,0,0,1,5,3,2,1,6,0,1,2
533722742,1,,533722744,37,19,18,0,0,0,38,19,19,20,10,10,38,19,19,38,19,19,18,9,9,10,4,6,3,1,2,0,0,0,0,0,0,15,15,3,7,4,1,1,0,0,13,9,4,0,12,0,3,4
533722744,2,533722742,,1,0,1,*,*,*,*,*,*,*,*,*,*,*,*,*,*,*,*,*,*,*,*,*,*,*,*,*,*,*,*,*,*,1,1,*,*,*,*,*,*,*,*,*,*,*,*,*,*,*
533722751,2,533722653,,6,3,3,*,*,*,*,*,*,*,*,*,*,*,*,*,*,*,*,*,*,*,*,*,*,*,*,*,*,*,*,*,*,2,2,*,*,*,*,*,*,*,*,*,*,*,*,*,*,*
533722782,2,533722684,,4,2,2,*,*,*,*,*,*,*,*,*,*,*,*,*,*,*,*,*,*,*,*,*,*,*,*,*,*,*,*,*,*,2,2,*,*,*,*,*,*,*,*,*,*,*,*,*,*,*
533722791,2,533722684,,4,1,3,*,*,*,*,*,*,*,*,*,*,*,*,*,*,*,*,*,*,*,*,*,*,*,*,*,*,*,*,*,*,2,2,*,*,*,*,*,*,*,*,*,*,*,*,*,*,*
533722801,2,533722901,,3,2,1,*,*,*,*,*,*,*,*,*,*,*,*,*,*,*,*,*,*,*,*,*,*,*,*,*,*,*,*,*,*,1,1,*,*,*,*,*,*,*,*,*,*,*,*,*,*,*
533722884,0,,,30,12,18,1,1,0,29,11,18,17,6,11,28,11,17,27,11,16,12,5,7,4,1,3,3,1,2,0,0,0,0,0,0,10,10,1,3,3,2,0,1,0,9,5,4,0,8,0,0,3
533722901,1,,533722801;533722904,41,19,22,7,5,2,39,17,22,20,10,10,37,17,20,36,16,20,19,7,12,13,4,9,5,2,3,1,0,1,0,0,0,11,11,1,3,4,1,2,1,1,11,7,4,1,10,0,1,2
533722904,2,533722901,,2,1,1,*,*,*,*,*,*,*,*,*,*,*,*,*,*,*,*,*,*,*,*,*,*,*,*,*,*,*,*,*,*,1,1,*,*,*,*,*,*,*,*,*,*,*,*,*,*,*
533722913,2,533722914,,3,2,1,*,*,*,*,*,*,*,*,*,*,*,*,*,*,*,*,*,*,*,*,*,*,*,*,*,*,*,*,*,*,2,2,*,*,*,*,*,*,*,*,*,*,*,*,*,*,*
533722914,1,,533722913,9,4,5,2,2,0,10,4,6,5,2,3,10,4,6,10,4,6,5,2,3,4,1,3,3,1,2,0,0,0,0,0,0,2,2,1,2,0,0,0,0,1,3,2,1,1,4,0,1,1
533722922,1,,533722923;533722924,13,6,7,2,1,1,17,8,9,8,6,2,16,7,9,16,7,9,9,2,7,4,0,4,3,0,3,0,0,0,0,0,0,4,4,2,2,2,0,0,0,1,5,3,2,0,7,0,2,0
533722923,2,533722922,,5,3,2,*,*,*,*,*,*,*,*,*,*,*,*,*,*,*,*,*,*,*,*,*,*,*,*,*,*,*,*,*,*,2,2,*,*,*,*,*,*,*,*,*,*,*,*,*,*,*
533722924,2,533722922,,1,0,1,*,*,*,*,*,*,*,*,*,*,*,*,*,*,*,*,*,*,*,*,*,*,*,*,*,*,*,*,*,*,1,1,*,*,*,*,*,*,*,*,*,*,*,*,*,*,*
533722931,0,,,14,6,8,1,0,1,13,6,7,5,2,3,12,6,6,12,6,6,8,4,4,6,3,3,5,3,2,0,0,0,0,0,0,5,5,2,0,2,0,0,1,0,3,1,2,0,5,0,2,0
533722932,2,533722934,,7,3,4,*,*,*,*,*,*,*,*,*,*,*,*,*,*,*,*,*,*,*,*,*,*,*,*,*,*,*,*,*,*,2,2,*,*,*,*,*,*,*,*,*,*,*,*,*,*,*
533722933,0,,,33,11,22,1,0,1,32,11,21,20,8,12,31,11,20,31,11,20,12,3,9,10,2,8,6,0,6,0,0,0,0,0,0,13,12,2,5,1,3,1,0,0,10,5,5,1,9,0,0,3
533722934,1,,533722932,15,7,8,0,0,0,22,10,12,10,5,5,21,9,12,21,9,12,12,5,7,8,3,5,5,1,4,0,0,0,0,0,0,8,8,2,6,1,0,1,0,0,8,6,2,0,9,0,2,3
533722941,2,533722943,,5,2,3,*,*,*,*,*,*,*,*,*,*,*,*,*,*,*,*,*,*,*,*,*,*,*,*,*,*,*,*,*,*,2,2,*,*,*,*,*,*,*,*,*,*,*,*,*,*,*
533722943,1,,533722941,6,3,3,0,0,0,11,5,6,5,4,1,11,5,6,11,5,6,6,1,5,5,1,4,1,0,1,0,0,0,0,0,0,3,3,1,2,2,0,0,0,0,4,3,1,0,5,0,1,0
533722974,2,533722983,,9,6,3,*,*,*,*,*,*,*,*,*,*,*,*,*,*,*,*,*,*,*,*,*,*,*,*,*,*,*,*,*,*,5,5,*,*,*,*,*,*,*,*,*,*,*,*,*,*,*
533722982,0,,,17,8,9,1,1,0,16,7,9,11,5,6,12,5,7,11,5,6,5,2,3,3,2,1,0,0,0,0,0,0,0,0,0,4,4,1,0,0,1,1,0,1,3,1,2,0,3,0,1,0
533722983,1,,533722974,5,2,3,0,0,0,14,8,6,4,2,2,14,8,6,14,8,6,10,6,4,2,1,1,2,1,1,0,0,0,0,0,0,2,2,2,3,2,0,0,0,0,5,4,1,0,6,0,2,2
533722984,0,,,34,15,19,4,1,3,30,14,16,16,8,8,30,14,16,30,14,16,14,6,8,4,1,3,2,0,2,0,0,0,0,0,0,12,12,2,4,3,1,1,1,0,10,6,4,1,7,0,1,3
533722991,0,,,17,8,9,0,0,0,17,8,9,8,4,4,17,8,9,17,8,9,9,4,5,5,1,4,1,0,1,0,0,0,0,0,0,8,8,1,5,2,0,0,0,0,7,5,2,0,6,0,0,3
533722992,0,,,16,8,8,0,0,0,16,8,8,7,4,3,16,8,8,16,8,8,9,4,5,5,2,3,1,0,1,0,0,0,0,0,0,6,6,0,3,2,1,0,0,0,6,4,2,0,6,0,0,3
533722993,0,,,24,8,16,0,0,0,24,8,16,11,2,9,24,8,16,24,8,16,13,6,7,6,2,4,2,1,1,0,0,0,5,0,5,7,7,0,3,1,2,0,0,1,6,4,2,0,7,0,0,1
533722994,0,,,19,9,10,0,0,0,19,9,10,7,3,4,19,9,10,19,9,10,12,6,6,6,3,3,3,1,2,1,1,0,0,0,0,9,9,1,6,2,0,0,0,0,8,7,1,0,8,0,1,2
533723002,0,,,30,16,14,1,1,0,29,15,14,17,10,7,29,15,14,29,15,14,12,5,7,9,4,5,5,2,3,0,0,0,0,0,0,11,11,2,2,5,1,1,0,0,9,8,1,0,8,0,2,1
533723003,2,533723004,,10,7,3,*,*,*,*,*,*,*,*,*,*,*,*,*,*,*,*,*,*,*,*,*,*,*,*,*,*,*,*,*,*,5,5,*,*,*,*,*,*,*,*,*,*,*,*,*,*,*
533723004,1,,533723003,8,4,4,0,0,0,18,11,7,11,7,4,18,11,7,18,11,7,7,4,3,5,3,2,0,0,0,0,0,0,0,0,0,3,3,2,2,4,0,0,0,0,6,6,0,0,4,0,0,2
533723011,0,,,36,15,21,3,1,2,33,14,19,13,6,7,32,14,18,31,14,17,20,8,12,9,4,5,2,0,2,0,0,0,0,0,0,15,15,4,6,3,0,1,1,0,11,9,2,1,13,0,4,5
533723012,0,,,24,12,12,1,0,1,23,12,11,8,5,3,23,12,11,23,12,11,15,7,8,7,3,4,3,0,3,0,0,0,0,0,0,8,8,0,4,2,1,0,1,0,8,5,3,1,8,0,0,3
533723013,0,,,15,6,9,0,0,0,15,6,9,4,2,2,15,6,9,15,6,9,11,4,7,8,2,6,5,2,3,1,0,1,0,0,0,8,8,4,2,1,1,0,0,0,4,3,1,0,7,0,3,1
533723014,0,,,33,18,15,4,4,0,29,14,15,16,9,7,28,14,14,28,14,14,13,5,8,9,3,6,5,1,4,0,0,0,0,0,0,12,11,3,3,0,3,1,1,0,8,4,4,2,8,0,2,2
533723021,0,,,39,18,21,1,0,1,38,18,20,20,10,10,38,18,20,38,18,20,18,8,10,13,6,7,2,0,2,0,0,0,1,0,1,14,14,4,3,2,3,1,1,0,10,5,5,0,10,0,1,3
533723022,0,,,84,37,47,11,4,7,73,33,40,42,22,20,71,31,40,70,31,39,31,11,20,18,5,13,7,1,6,1,0,1,0,0,0,28,28,4,8,6,7,2,0,1,24,15,9,3,20,0,4,4
533723023,0,,,38,19,19,6,4,2,32,15,17,18,9,9,32,15,17,32,15,17,14,6,8,9,4,5,3,1,2,2,1,1,0,0,0,10,10,2,2,1,1,1,2,1,8,4,4,2,8,0,1,2
533723041,2,533723043,,9,5,4,*,*,*,*,*,*,*,*,*,*,*,*,*,*,*,*,*,*,*,*,*,*,*,*,*,*,*,*,*,*,3,3,*,*,*,*,*,*,*,*,*,*,*,*,*,*,*
533723042,0,,,20,9,11,3,1,2,17,8,9,11,6,5,17,8,9,17,8,9,6,2,4,1,0,1,0,0,0,0,0,0,0,0,0,7,7,1,3,1,0,2,0,0,6,3,3,1,4,0,0,1
533723043,1,,533723041;533723044,8,1,7,0,0,0,28,9,19,18,8,10,27,8,19,26,8,18,10,1,9,6,0,6,3,0,3,0,0,0,0,0,0,4,4,2,4,1,0,3,0,0,8,3,5,0,9,0,2,1
533723044,2,533723043,,11,3,8,*,*,*,*,*,*,*,*,*,*,*,*,*,*,*,*,*,*,*,*,*,*,*,*,*,*,*,*,*,*,3,3,*,*,*,*,*,*,*,*,*,*,*,*,*,*,*
533723051,0,,,145,75,70,11,6,5,134,69,65,93,46,47,131,68,63,130,67,63,41,23,18,22,11,11,9,4,5,1,1,0,2,0,2,34,31,1,11,6,8,2,1,2,30,21,9,1,20,0,1,5
533723052,0,,,133,75,58,11,5,6,119,69,50,86,53,33,116,66,50,116,66,50,33,16,17,15,4,11,5,1,4,0,0,0,0,0,0,36,32,7,8,8,6,2,1,0,24,18,6,2,21,0,5,4
533723053,0,,,16,6,10,2,1,1,14,5,9,9,3,6,14,5,9,14,5,9,5,2,3,0,0,0,0,0,0,0,0,0,0,0,0,6,6,2,0,2,2,0,0,0,4,3,1,1,4,0,2,0
533723054,0,,,59,30,29,6,4,2,53,26,27,29,15,14,52,26,26,52,26,26,24,11,13,8,4,4,1,1,0,0,0,0,0,0,0,17,16,3,2,6,1,3,1,0,13,8,5,2,11,1,2,0
533723061,0,,,63,33,30,11,6,5,52,27,25,34,19,15,51,26,25,50,25,25,18,8,10,10,4,6,4,1,3,1,0,1,6,6,0,25,25,11,5,2,4,1,0,2,14,9,5,3,12,6,4,1
533723062,0,,,36,20,16,10,6,4,26,14,12,15,7,8,25,14,11,25,14,11,11,7,4,3,2,1,1,0,1,0,0,0,0,0,0,13,13,3,4,2,2,1,1,0,10,8,2,3,7,0,2,2
533723063,0,,,11,6,5,0,0,0,11,6,5,9,6,3,10,5,5,10,5,5,2,0,2,0,0,0,0,0,0,0,0,0,0,0,0,5,5,0,4,1,0,0,0,0,5,5,0,0,2,0,0,0
533723064,0,,,25,11,14,3,1,2,22,10,12,9,3,6,21,10,11,20,10,10,13,7,6,6,5,1,3,2,1,0,0,0,0,0,0,8,8,1,4,0,1,0,2,0,7,5,2,1,7,0,1,3
533723071,0,,,92,43,49,5,1,4,86,42,44,46,24,22,83,40,43,83,40,43,40,18,22,30,14,16,6,3,3,0,0,0,5,2,3,36,36,8,11,9,6,1,1,0,28,19,9,0,25,0,4,8
533723072,1,,533723073;533723074,176,91,85,17,8,9,169,85,84,105,57,48,165,82,83,162,82,80,64,28,36,40,17,23,13,3,10,2,0,2,1,0,1,97,97,63,19,9,5,3,3,0,39,33,6,3,32,20,9,10
533723073,2,533723072,,2,0,2,*,*,*,*,*,*,*,*,*,*,*,*,*,*,*,*,*,*,*,*,*,*,*,*,*,*,*,*,*,*,2,2,*,*,*,*,*,*,*,*,*,*,*,*,*,*,*
533723074,2,533723072,,15,6,9,*,*,*,*,*,*,*,*,*,*,*,*,*,*,*,*,*,*,*,*,*,*,*,*,*,*,*,*,*,*,4,3,*,*,*,*,*,*,*,*,*,*,*,*,*,*,*
533723081,0,,,114,73,41,10,6,4,100,65,35,85,58,27,96,62,34,93,59,34,15,7,8,6,4,2,1,0,1,0,0,0,29,26,3,67,67,44,9,7,5,1,1,0,22,16,6,4,9,32,0,2
533723082,0,,,21,12,9,3,2,1,18,10,8,13,6,7,18,10,8,18,10,8,5,4,1,3,2,1,2,2,0,0,0,0,0,0,0,8,8,1,3,2,2,0,0,0,7,6,1,0,3,0,0,1
533723084,0,,,23,12,11,4,2,2,19,10,9,12,6,6,19,10,9,19,10,9,7,4,3,4,2,2,2,1,1,0,0,0,0,0,0,8,8,1,2,2,3,0,0,0,7,7,0,0,5,0,1,1
533723091,0,,,255,117,138,24,7,17,231,110,121,134,66,68,225,108,117,223,107,116,97,44,53,61,28,33,27,14,13,1,0,1,0,0,0,112,112,28,46,24,9,3,2,0,84,73,11,5,67,1,18,22
533723092,0,,,308,139,169,25,11,14,282,127,155,155,75,80,276,125,151,271,124,147,127,52,75,79,34,45,35,14,21,2,2,0,8,5,3,136,136,38,57,21,11,6,2,1,98,84,14,5,80,5,15,32
533723093,0,,,25,11,14,0,0,0,25,11,14,17,8,9,24,10,14,24,10,14,8,3,5,5,2,3,1,0,1,0,0,0,0,0,0,8,8,0,2,3,3,0,0,0,8,6,2,0,5,0,0,2
533723094,0,,,255,114,141,14,6,8,239,107,132,124,66,58,234,103,131,234,103,131,115,41,74,93,29,64,61,16,45,12,3,9,8,3,5,86,85,36,24,13,5,3,2,2,45,33,12,3,34,13,6,8
533723101,0,,,24,8,16,7,1,6,17,7,10,14,7,7,17,7,10,17,7,10,3,0,3,3,0,3,2,0,2,0,0,0,0,0,0,7,7,1,0,3,1,2,0,0,6,3,3,2,3,0,1,0
533723102,0,,,41,21,20,3,2,1,38,19,19,24,14,10,37,18,19,36,18,18,14,5,9,11,4,7,3,0,3,0,0,0,0,0,0,13,13,1,4,3,2,3,0,0,12,9,3,0,10,0,1,3
533723103,0,,,40,19,21,5,2,3,35,17,18,20,11,9,32,15,17,31,15,16,15,6,9,7,2,5,4,1,3,0,0,0,1,0,1,12,12,2,3,2,1,3,0,1,10,6,4,1,9,0,2,2
533723104,0,,,85,39,46,15,8,7,70,31,39,45,22,23,66,30,36,65,30,35,25,9,16,10,3,7,1,0,1,0,0,0,0,0,0,28,28,2,13,4,2,6,0,1,26,18,8,4,18,1,1,5
533723111,1,,533723112,28,11,17,1,0,1,35,14,21,16,6,10,35,14,21,35,14,21,19,8,11,9,4,5,2,0,2,0,0,0,0,0,0,10,10,1,8,2,2,1,0,0,13,10,3,0,11,0,1,4
533723112,2,533723111,,8,3,5,*,*,*,*,*,*,*,*,*,*,*,*,*,*,*,*,*,*,*,*,*,*,*,*,*,*,*,*,*,*,4,4,*,*,*,*,*,*,*,*,*,*,*,*,*,*,*
533723113,0,,,39,19,20,2,2,0,37,17,20,21,10,11,36,16,20,35,16,19,16,7,9,8,4,4,4,1,3,0,0,0,0,0,0,13,13,1,5,3,2,1,1,0,12,7,5,0,10,0,1,2
533723114,0,,,51,27,24,5,4,1,46,23,23,20,12,8,45,23,22,44,22,22,26,11,15,14,6,8,4,1,3,2,0,2,0,0,0,17,17,1,6,6,1,2,1,0,15,9,6,2,15,0,1,4
533723121,1,,533723122;533723124,57,27,30,11,6,5,56,27,29,35,18,17,53,26,27,52,26,26,21,9,12,14,6,8,5,2,3,1,0,1,0,0,0,16,16,3,6,4,3,2,3,0,18,9,9,3,14,0,2,3
533723122,2,533723121,,1,0,1,*,*,*,*,*,*,*,*,*,*,*,*,*,*,*,*,*,*,*,*,*,*,*,*,*,*,*,*,*,*,1,1,*,*,*,*,*,*,*,*,*,*,*,*,*,*,*
533723123,0,,,57,26,31,5,1,4,52,25,27,29,16,13,51,24,27,51,24,27,23,9,14,9,3,6,4,1,3,0,0,0,0,0,0,19,19,1,7,7,0,3,1,0,18,10,8,3,13,0,0,3
533723124,2,533723121,,9,6,3,*,*,*,*,*,*,*,*,*,*,*,*,*,*,*,*,*,*,*,*,*,*,*,*,*,*,*,*,*,*,4,4,*,*,*,*,*,*,*,*,*,*,*,*,*,*,*
533723141,2,533723142,,2,1,1,*,*,*,*,*,*,*,*,*,*,*,*,*,*,*,*,*,*,*,*,*,*,*,*,*,*,*,*,*,*,1,1,*,*,*,*,*,*,*,*,*,*,*,*,*,*,*
533723142,1,,533723141;533723143;533723144,29,16,13,4,3,1,37,19,18,22,13,9,36,18,18,33,16,17,15,6,9,3,0,3,1,0,1,0,0,0,0,0,0,10,10,1,3,5,1,3,0,0,12,8,4,0,10,0,1,2
533723143,2,533723142,,5,3,2,*,*,*,*,*,*,*,*,*,*,*,*,*,*,*,*,*,*,*,*,*,*,*,*,*,*,*,*,*,*,1,1,*,*,*,*,*,*,*,*,*,*,*,*,*,*,*
533723144,2,533723142,,5,2,3,*,*,*,*,*,*,*,*,*,*,*,*,*,*,*,*,*,*,*,*,*,*,*,*,*,*,*,*,*,*,1,1,*,*,*,*,*,*,*,*,*,*,*,*,*,*,*
533723151,1,,533723153,16,8,8,5,3,2,13,7,6,9,5,4,13,7,6,13,7,6,4,2,2,1,0,1,1,0,1,0,0,0,0,0,0,4,4,0,2,1,1,0,0,1,5,3,2,3,3,0,0,1
533723152,0,,,23,8,15,1,0,1,22,8,14,8,1,7,22,8,14,22,8,14,14,7,7,7,3,4,5,3,2,0,0,0,0,0,0,9,9,1,5,0,3,0,0,0,7,5,2,1,8,0,1,3
533723153,2,533723151,,2,2,0,*,*,*,*,*,*,*,*,*,*,*,*,*,*,*,*,*,*,*,*,*,*,*,*,*,*,*,*,*,*,1,1,*,*,*,*,*,*,*,*,*,*,*,*,*,*,*
533723161,0,,,41,22,19,5,2,3,36,20,16,20,12,8,35,19,16,34,19,15,16,8,8,7,4,3,1,1,0,0,0,0,0,0,0,15,15,1,6,4,4,0,0,0,14,13,1,2,9,0,1,4
533723162,0,,,147,41,106,6,1,5,141,40,101,32,16,16,139,38,101,139,38,101,109,24,85,101,21,80,74,11,63,19,2,17,1,0,1,21,20,1,9,5,3,1,1,0,19,16,3,1,11,0,1,7
533723163,0,,,30,17,13,6,4,2,24,13,11,17,10,7,24,13,11,23,13,10,7,3,4,4,2,2,0,0,0,0,0,0,0,0,0,7,7,2,0,1,0,1,2,1,5,1,4,1,4,0,1,0
533723164,0,,,61,34,27,3,2,1,58,32,26,31,20,11,56,30,26,55,29,26,27,12,15,13,6,7,5,2,3,1,0,1,2,0,2,22,22,4,7,5,4,1,0,1,18,13,5,1,17,0,2,6
533723171,0,,,12,5,7,1,0,1,11,5,6,6,2,4,11,5,6,11,5,6,5,3,2,1,0,1,1,0,1,0,0,0,1,0,1,4,4,0,1,2,1,0,0,0,4,2,2,1,3,0,0,1
533723172,0,,,46,18,28,11,4,7,35,14,21,26,11,15,34,14,20,33,14,19,9,3,6,4,1,3,2,0,2,0,0,0,0,0,0,16,16,3,4,3,4,2,0,0,13,11,2,3,7,0,2,2
533723173,0,,,62,32,30,11,7,4,51,25,26,34,16,18,49,23,26,48,23,25,17,9,8,14,7,7,4,3,1,0,0,0,0,0,0,22,22,4,7,4,6,0,0,1,17,12,5,2,9,0,2,3
533723174,0,,,43,20,23,13,5,8,30,15,15,17,9,8,30,15,15,30,15,15,13,6,7,9,5,4,2,0,2,0,0,0,0,0,0,13,13,2,4,2,1,2,1,1,11,9,2,4,9,0,2,1
533723181,2,533723183,,10,4,6,*,*,*,*,*,*,*,*,*,*,*,*,*,*,*,*,*,*,*,*,*,*,*,*,*,*,*,*,*,*,3,3,*,*,*,*,*,*,*,*,*,*,*,*,*,*,*
533723183,1,,533723181;533723184,95,36,59,14,7,7,90,32,58,68,20,48,89,32,57,86,32,54,22,12,10,13,6,7,1,0,1,0,0,0,20,0,20,42,42,26,3,6,6,3,3,0,20,13,7,3,14,11,1,2
533723184,2,533723183,,2,1,1,*,*,*,*,*,*,*,*,*,*,*,*,*,*,*,*,*,*,*,*,*,*,*,*,*,*,*,*,*,*,2,2,*,*,*,*,*,*,*,*,*,*,*,*,*,*,*
533723191,0,,,14,7,7,0,0,0,14,7,7,7,3,4,14,7,7,14,7,7,7,4,3,5,3,2,1,1,0,0,0,0,0,0,0,7,7,1,5,1,0,0,0,0,6,6,0,0,4,0,1,3
533723192,0,,,69,33,36,2,1,1,66,31,35,36,16,20,65,31,34,65,31,34,30,15,15,15,7,8,3,1,2,0,0,0,4,3,1,32,32,7,16,6,3,0,0,0,24,21,3,1,17,1,3,9
533723193,0,,,11,7,4,3,3,0,8,4,4,5,3,2,7,3,4,7,3,4,3,1,2,2,1,1,0,0,0,0,0,0,0,0,0,4,4,2,1,0,0,0,0,1,2,1,1,0,2,0,1,0
533723194,0,,,153,41,112,5,1,4,148,40,108,38,17,21,145,40,105,143,39,104,110,23,87,90,14,76,75,11,64,17,1,16,1,0,1,23,22,5,7,3,5,0,1,1,17,16,1,0,13,0,3,5
533723201,0,,,134,61,73,30,11,19,104,50,54,75,33,42,98,46,52,95,45,50,29,17,12,13,6,7,5,3,2,1,0,1,3,1,2,40,40,5,14,6,4,3,6,2,35,24,11,7,21,2,1,4
533723202,0,,,127,60,67,10,4,6,117,56,61,68,36,32,113,55,58,113,55,58,49,20,29,24,9,15,7,2,5,1,0,1,2,1,1,47,47,11,15,6,9,4,2,0,36,26,10,2,31,3,6,10
533723203,0,,,105,47,58,12,6,6,93,41,52,58,27,31,92,41,51,90,40,50,35,14,21,15,4,11,5,0,5,0,0,0,0,0,0,38,38,10,7,11,6,1,2,1,28,19,9,4,25,0,8,3
533723204,0,,,39,16,23,6,2,4,33,14,19,17,7,10,33,14,19,33,14,19,16,7,9,10,4,6,1,0,1,0,0,0,0,0,0,15,15,5,3,3,1,3,0,0,10,6,4,1,10,0,3,2
533723211,0,,,51,25,26,8,5,3,43,20,23,24,13,11,42,19,23,41,18,23,19,7,12,8,3,5,3,1,2,0,0,0,0,0,0,17,17,5,5,2,1,0,2,2,12,7,5,3,12,0,4,3
533723212,0,,,41,22,19,9,7,2,32,15,17,15,6,9,32,15,17,32,15,17,17,9,8,5,3,2,1,0,1,1,0,1,0,0,0,12,12,1,6,1,1,0,2,1,11,8,3,3,10,0,1,4
533723213,0,,,49,24,25,8,5,3,41,19,22,25,14,11,40,18,22,38,16,22,16,5,11,13,4,9,7,2,5,0,0,0,0,0,0,16,16,4,3,2,3,3,1,0,12,8,4,3,12,0,4,0
533723214,0,,,36,22,14,6,4,2,30,18,12,12,8,4,29,17,12,29,17,12,18,10,8,9,4,5,3,0,3,0,0,0,0,0,0,13,13,3,4,3,1,0,2,0,10,9,1,1,11,0,3,3
533723221,0,,,28,14,14,0,0,0,28,14,14,17,10,7,26,13,13,24,11,13,11,4,7,5,1,4,3,0,3,0,0,0,0,0,0,10,10,1,4,4,0,0,0,1,9,5,4,0,8,0,1,1
533723222,1,,533723231;533723234,24,11,13,7,4,3,29,13,16,22,10,12,29,13,16,28,13,15,7,3,4,5,3,2,1,0,1,0,0,0,0,0,0,7,7,1,1,4,1,1,0,2,8,2,6,1,6,0,1,0
533723223,0,,,28,15,13,4,2,2,24,13,11,12,7,5,24,13,11,24,13,11,12,6,6,6,2,4,5,1,4,1,0,1,0,0,0,7,7,0,2,0,2,2,1,0,7,3,4,2,6,0,0,1
533723224,0,,,17,11,6,2,1,1,15,10,5,8,6,2,15,10,5,15,10,5,7,4,3,3,2,1,0,0,0,0,0,0,0,0,0,5,5,0,1,2,1,1,0,0,5,4,1,0,4,0,0,1
533723231,2,533723222,,12,6,6,*,*,*,*,*,*,*,*,*,*,*,*,*,*,*,*,*,*,*,*,*,*,*,*,*,*,*,*,*,*,2,2,*,*,*,*,*,*,*,*,*,*,*,*,*,*,*
533723234,2,533723222,,2,1,1,*,*,*,*,*,*,*,*,*,*,*,*,*,*,*,*,*,*,*,*,*,*,*,*,*,*,*,*,*,*,1,1,*,*,*,*,*,*,*,*,*,*,*,*,*,*,*
533723244,2,533723342,,8,4,4,*,*,*,*,*,*,*,*,*,*,*,*,*,*,*,*,*,*,*,*,*,*,*,*,*,*,*,*,*,*,2,2,*,*,*,*,*,*,*,*,*,*,*,*,*,*,*
533723251,2,533723252,,5,2,3,*,*,*,*,*,*,*,*,*,*,*,*,*,*,*,*,*,*,*,*,*,*,*,*,*,*,*,*,*,*,2,2,*,*,*,*,*,*,*,*,*,*,*,*,*,*,*
533723252,1,,533723251,16,10,6,5,4,1,16,8,8,11,6,5,16,8,8,16,8,8,5,2,3,0,0,0,0,0,0,0,0,0,0,0,0,6,6,1,3,3,0,1,0,0,7,7,0,1,3,0,0,1
533723253,0,,,21,9,12,2,1,1,19,8,11,12,5,7,19,8,11,19,8,11,7,3,4,4,1,3,1,0,1,0,0,0,0,0,0,6,6,0,2,2,1,0,0,1,6,4,2,0,5,0,0,1
533723254,0,,,29,13,16,5,1,4,24,12,12,8,5,3,24,12,12,24,12,12,16,7,9,12,5,7,1,0,1,0,0,0,0,0,0,12,12,3,5,2,1,0,1,0,9,7,2,2,10,0,3,4
533723261,0,,,21,10,11,0,0,0,21,10,11,6,3,3,21,10,11,21,10,11,15,7,8,6,3,3,0,0,0,0,0,0,0,0,0,12,12,4,7,1,0,0,0,0,8,8,0,0,8,0,1,6
533723262,0,,,183,90,93,17,6,11,166,84,82,87,47,40,153,77,76,149,76,73,79,37,42,42,23,19,5,2,3,2,0,2,0,0,0,67,67,11,27,12,6,8,3,0,56,47,9,3,46,1,7,20
533723263,0,,,25,11,14,4,2,2,21,9,12,17,7,10,21,9,12,21,9,12,4,2,2,1,1,0,0,0,0,0,0,0,6,0,6,12,12,7,2,1,1,0,0,1,5,4,1,2,2,6,0,1
533723264,0,,,237,117,120,38,21,17,199,96,103,157,76,81,195,95,100,190,94,96,42,20,22,26,10,16,8,4,4,1,1,0,6,4,2,92,92,23,23,25,15,4,1,1,66,57,9,12,28,5,6,7
533723271,0,,,95,47,48,18,12,6,77,35,42,53,23,30,75,34,41,73,34,39,24,12,12,8,3,5,5,1,4,0,0,0,0,0,0,31,31,2,11,10,4,2,1,1,29,24,5,3,16,0,2,6
533723272,0,,,65,37,28,10,8,2,55,29,26,36,21,15,53,29,24,52,29,23,19,8,11,5,1,4,2,0,2,0,0,0,0,0,0,24,24,6,5,5,6,2,0,0,17,15,2,2,12,1,4,1
533723273,0,,,180,91,89,24,13,11,156,78,78,88,44,44,151,76,75,149,74,75,68,34,34,37,20,17,10,6,4,0,0,0,0,0,0,63,63,11,19,16,8,5,2,2,50,39,11,7,43,0,10,12
533723274,0,,,189,88,101,30,13,17,157,75,82,106,51,55,152,70,82,151,70,81,51,24,27,19,7,12,6,1,5,0,0,0,2,0,2,67,66,8,22,18,13,4,1,0,58,48,10,7,34,0,4,9
533723281,0,,,461,204,257,51,27,24,410,177,233,188,95,93,399,172,227,394,169,225,222,82,140,141,40,101,82,16,66,21,4,17,1,1,0,126,124,20,38,26,23,16,1,0,104,86,18,12,76,0,16,25
533723282,0,,,28,13,15,2,1,1,26,12,14,13,6,7,25,11,14,25,11,14,13,6,7,7,3,4,2,0,2,0,0,0,0,0,0,12,12,2,7,1,1,1,0,0,10,8,2,0,7,0,0,4
533723283,0,,,478,242,236,80,47,33,397,195,202,308,162,146,377,180,197,368,175,193,89,33,56,52,16,36,20,5,15,1,0,1,5,3,2,174,174,42,36,41,39,12,3,1,130,108,22,28,62,7,13,13
533723284,0,,,114,49,65,3,2,1,109,46,63,80,34,46,109,46,63,107,46,61,29,12,17,11,3,8,4,1,3,0,0,0,33,3,30,73,73,51,12,5,3,1,0,1,21,16,5,1,18,31,2,6
533723291,0,,,59,27,32,4,2,2,54,24,30,27,13,14,53,23,30,53,23,30,27,11,16,14,4,10,4,2,2,1,1,0,0,0,0,26,26,5,12,7,1,1,0,0,21,19,2,0,18,0,3,8
533723292,0,,,67,30,37,10,5,5,57,25,32,37,17,20,57,25,32,57,25,32,20,8,12,12,5,7,1,0,1,0,0,0,1,0,1,27,27,7,8,6,5,0,1,0,19,15,4,2,14,0,3,4
533723293,0,,,107,54,53,10,7,3,96,47,49,65,32,33,94,47,47,93,46,47,31,15,16,16,9,7,10,4,6,0,0,0,2,2,0,44,44,15,12,7,7,1,1,1,28,20,8,3,22,3,4,6
533723294,0,,,107,56,51,9,3,6,98,53,45,56,32,24,96,52,44,96,52,44,42,21,21,21,9,12,3,2,1,1,0,1,0,0,0,44,44,13,10,14,4,2,1,0,31,27,4,2,30,0,11,3
533723301,0,,,171,76,95,22,11,11,149,65,84,84,39,45,145,64,81,143,64,79,65,26,39,36,12,24,11,4,7,1,0,1,0,0,0,63,63,17,19,10,7,4,4,2,46,33,13,5,45,2,13,12
533723302,0,,,69,31,38,11,6,5,58,25,33,38,18,20,57,25,32,55,25,30,20,7,13,11,4,7,5,1,4,1,0,1,2,2,0,18,18,3,3,3,1,3,4,1,15,5,10,3,11,0,1,0
533723303,0,,,168,86,82,18,13,5,150,73,77,76,37,39,145,69,76,143,69,74,74,36,38,29,13,16,7,3,4,1,1,0,0,0,0,52,52,4,19,12,5,7,0,5,48,30,18,5,43,0,3,14
533723304,0,,,58,30,28,7,5,2,51,25,26,34,19,15,49,24,25,48,23,25,17,6,11,9,2,7,0,0,0,0,0,0,0,0,0,17,17,2,3,5,2,3,2,0,15,7,8,2,12,0,1,2
533723311,0,,,18,9,9,1,1,0,17,8,9,9,5,4,16,7,9,16,7,9,8,3,5,5,2,3,0,0,0,0,0,0,0,0,0,6,6,1,2,0,2,1,0,0,5,3,2,0,5,0,1,2
533723312,0,,,37,17,20,3,1,2,34,16,18,23,11,12,33,16,17,32,15,17,11,5,6,6,1,5,4,1,3,0,0,0,0,0,0,12,12,3,3,1,3,1,0,1,9,6,3,1,10,0,3,2
533723313,0,,,53,22,31,7,1,6,46,21,25,26,14,12,44,19,25,41,18,23,20,7,13,9,4,5,2,0,2,1,0,1,0,0,0,14,14,2,4,2,0,1,3,2,12,4,8,1,12,0,2,2
533723321,1,,533723323,29,14,15,6,1,5,29,17,12,19,12,7,28,16,12,27,15,12,10,5,5,3,2,1,0,0,0,0,0,0,0,0,0,8,8,0,4,2,1,2,0,1,10,9,1,2,5,0,0,3
533723322,1,,533723324,20,9,11,2,1,1,21,10,11,12,7,5,21,10,11,21,10,11,9,3,6,4,0,4,2,0,2,0,0,0,0,0,0,6,6,2,3,0,1,1,1,0,6,4,2,1,6,0,1,1
533723323,2,533723321,,6,4,2,*,*,*,*,*,*,*,*,*,*,*,*,*,*,*,*,*,*,*,*,*,*,*,*,*,*,*,*,*,*,2,2,*,*,*,*,*,*,*,*,*,*,*,*,*,*,*
533723324,2,533723322,,3,2,1,*,*,*,*,*,*,*,*,*,*,*,*,*,*,*,*,*,*,*,*,*,*,*,*,*,*,*,*,*,*,2,2,*,*,*,*,*,*,*,*,*,*,*,*,*,*,*
533723332,2,533723431,,3,1,2,*,*,*,*,*,*,*,*,*,*,*,*,*,*,*,*,*,*,*,*,*,*,*,*,*,*,*,*,*,*,1,1,*,*,*,*,*,*,*,*,*,*,*,*,*,*,*
533723333,2,533723431,,3,1,2,*,*,*,*,*,*,*,*,*,*,*,*,*,*,*,*,*,*,*,*,*,*,*,*,*,*,*,*,*,*,2,2,*,*,*,*,*,*,*,*,*,*,*,*,*,*,*
533723341,0,,,11,6,5,0,0,0,11,6,5,6,3,3,11,6,5,11,6,5,5,3,2,3,2,1,1,0,1,0,0,0,1,0,1,6,6,3,1,2,0,0,0,0,3,3,0,0,4,0,2,0
533723342,1,,533723244,44,17,27,1,0,1,51,21,30,21,11,10,51,21,30,50,21,29,30,10,20,24,7,17,13,3,10,1,0,1,0,0,0,16,15,4,7,1,3,2,0,0,13,8,5,1,14,0,3,4
533723343,2,533723344,,33,17,16,*,*,*,*,*,*,*,*,*,*,*,*,*,*,*,*,*,*,*,*,*,*,*,*,*,*,*,*,*,*,2,1,*,*,*,*,*,*,*,*,*,*,*,*,*,*,*
533723344,1,,533723343,44,23,21,2,2,0,75,38,37,39,23,16,74,37,37,74,37,37,36,15,21,10,4,6,9,3,6,3,1,2,0,0,0,17,17,2,7,7,1,0,1,0,16,8,8,0,16,0,2,4
533723351,0,,,54,24,30,10,2,8,44,22,22,27,14,13,43,22,21,42,21,21,17,8,9,5,1,4,2,0,2,1,0,1,1,0,1,19,19,3,6,5,2,2,1,0,16,10,6,5,12,0,2,3
533723352,0,,,44,22,22,8,5,3,36,17,19,20,10,10,36,17,19,36,17,19,16,7,9,11,4,7,3,0,3,0,0,0,0,0,0,18,18,4,8,3,2,0,0,1,14,12,2,1,11,0,3,6
533723353,0,,,61,26,35,13,3,10,48,23,25,32,16,16,47,23,24,46,22,24,16,7,9,9,3,6,3,1,2,0,0,0,2,1,1,19,19,3,6,5,0,3,0,2,16,12,4,6,11,0,2,3
533723354,0,,,54,24,30,3,0,3,51,24,27,22,10,12,50,24,26,49,24,25,29,14,15,15,6,9,5,1,4,0,0,0,0,0,0,20,20,5,6,4,2,2,0,1,15,11,4,1,18,0,4,4
533723361,0,,,70,35,35,12,6,6,58,29,29,34,18,16,56,28,28,54,27,27,24,11,13,10,6,4,2,1,1,0,0,0,1,0,1,24,24,6,4,4,7,2,1,0,18,14,4,3,13,0,2,4
533723362,0,,,243,123,120,35,18,17,208,105,103,149,82,67,206,104,102,203,101,102,59,23,36,42,16,26,17,5,12,1,1,0,49,29,20,118,117,71,17,12,5,8,3,1,46,34,12,11,28,41,8,8
533723363,0,,,122,62,60,18,8,10,104,54,50,73,37,36,102,53,49,102,53,49,31,17,14,11,5,6,5,1,4,0,0,0,3,0,3,38,38,5,12,8,4,4,3,2,33,22,11,5,22,4,1,4
533723364,0,,,198,93,105,29,14,15,169,79,90,109,55,54,166,78,88,163,76,87,60,24,36,41,15,26,16,5,11,0,0,0,1,0,1,73,72,12,26,13,17,3,0,1,58,48,10,11,38,0,9,13
533723371,0,,,262,117,145,39,16,23,221,100,121,130,60,70,211,93,118,208,92,116,91,40,51,53,23,30,20,7,13,2,2,0,0,0,0,89,89,18,25,19,14,5,4,4,71,47,24,7,60,4,10,15
533723372,0,,,340,168,172,43,24,19,295,144,151,203,100,103,285,138,147,280,136,144,92,44,48,53,20,33,15,5,10,1,0,1,3,3,0,115,115,18,31,27,26,6,5,2,96,76,20,15,59,3,8,18
533723373,0,,,179,84,95,27,12,15,151,72,79,116,59,57,146,70,76,139,68,71,35,13,22,25,8,17,9,4,5,0,0,0,1,1,0,64,64,11,23,10,13,3,3,1,52,44,8,7,26,2,5,9
533723374,0,,,164,89,75,19,13,6,144,75,69,92,49,43,143,75,68,142,75,67,52,26,26,14,6,8,2,0,2,0,0,0,1,1,0,64,64,12,27,13,6,2,3,1,51,44,7,7,32,1,5,16
533723381,1,,533723382;533723384,99,42,57,17,7,10,90,41,49,71,32,39,89,41,48,88,41,47,19,9,10,9,3,6,3,0,3,2,0,2,2,2,0,33,33,4,12,9,7,1,2,1,32,24,8,6,14,1,2,2
533723382,2,533723381,,7,5,2,*,*,*,*,*,*,*,*,*,*,*,*,*,*,*,*,*,*,*,*,*,*,*,*,*,*,*,*,*,*,2,2,*,*,*,*,*,*,*,*,*,*,*,*,*,*,*
533723383,0,,,81,38,43,6,3,3,75,35,40,39,17,22,72,35,37,71,34,37,36,18,18,22,11,11,5,2,3,0,0,0,0,0,0,30,30,4,13,6,3,3,1,0,25,20,5,1,22,0,4,9
533723384,2,533723381,,1,1,0,*,*,*,*,*,*,*,*,*,*,*,*,*,*,*,*,*,*,*,*,*,*,*,*,*,*,*,*,*,*,1,1,*,*,*,*,*,*,*,*,*,*,*,*,*,*,*
533723392,1,,533723394,23,14,9,2,1,1,28,15,13,12,6,6,28,15,13,28,15,13,16,9,7,11,7,4,1,1,0,0,0,0,0,0,0,11,11,2,9,2,1,0,0,0,12,12,0,0,10,0,2,6
533723394,2,533723392,,7,2,5,*,*,*,*,*,*,*,*,*,*,*,*,*,*,*,*,*,*,*,*,*,*,*,*,*,*,*,*,*,*,3,3,*,*,*,*,*,*,*,*,*,*,*,*,*,*,*
533723401,0,,,84,44,40,12,9,3,72,35,37,36,23,13,71,34,37,68,31,37,36,12,24,19,4,15,12,1,11,2,0,2,0,0,0,24,24,4,4,6,4,2,2,2,20,8,12,3,21,0,4,3
533723402,0,,,12,5,7,0,0,0,12,5,7,4,2,2,12,5,7,12,5,7,8,3,5,3,0,3,2,0,2,0,0,0,0,0,0,5,5,0,3,2,0,0,0,0,5,3,2,0,5,0,0,1
533723403,0,,,16,8,8,0,0,0,16,8,8,8,5,3,16,8,8,15,7,8,8,3,5,5,1,4,5,1,4,0,0,0,0,0,0,5,5,0,2,2,0,0,1,0,5,2,3,0,5,0,0,1
533723404,1,,533723502,32,15,17,3,0,3,37,18,19,22,12,10,36,17,19,35,17,18,15,6,9,7,2,5,4,0,4,0,0,0,0,0,0,10,10,0,5,2,2,2,1,0,12,7,5,1,9,0,0,4
533723411,1,,533723413,29,15,14,5,3,2,33,17,16,21,12,9,32,17,15,32,17,15,12,5,7,4,1,3,2,0,2,0,0,0,0,0,0,11,11,3,1,4,4,1,0,0,10,7,3,2,8,0,3,1
533723413,2,533723411,,9,5,4,*,*,*,*,*,*,*,*,*,*,*,*,*,*,*,*,*,*,*,*,*,*,*,*,*,*,*,*,*,*,2,2,*,*,*,*,*,*,*,*,*,*,*,*,*,*,*
533723431,1,,533723332;533723333,20,11,9,3,2,1,23,11,12,15,7,8,22,10,12,21,9,12,8,4,4,3,1,2,2,1,1,0,0,0,1,1,0,5,5,1,2,3,1,0,0,1,7,5,2,1,4,0,0,1
533723432,0,,,15,8,7,3,2,1,12,6,6,9,5,4,11,6,5,10,5,5,3,1,2,2,1,1,0,0,0,0,0,0,0,0,0,5,5,0,3,0,1,1,0,0,5,5,0,0,2,0,0,1
533723441,0,,,14,7,7,1,1,0,13,6,7,9,3,6,13,6,7,13,6,7,4,3,1,0,0,0,0,0,0,0,0,0,0,0,0,4,4,0,0,2,2,0,0,0,4,3,1,1,3,0,0,0
533723442,1,,533723443,46,23,23,4,2,2,44,22,22,23,13,10,43,21,22,40,20,20,21,9,12,11,4,7,5,1,4,0,0,0,0,0,0,14,14,1,4,4,4,1,1,0,13,7,6,0,11,0,1,2
533723443,2,533723442,,2,1,1,*,*,*,*,*,*,*,*,*,*,*,*,*,*,*,*,*,*,*,*,*,*,*,*,*,*,*,*,*,*,1,1,*,*,*,*,*,*,*,*,*,*,*,*,*,*,*
533723444,0,,,34,16,18,2,2,0,32,14,18,17,7,10,30,14,16,30,14,16,15,7,8,5,3,2,0,0,0,0,0,0,0,0,0,10,10,0,4,1,2,3,0,0,10,7,3,1,8,0,0,4
533723451,0,,,55,25,30,6,4,2,49,21,28,26,11,15,47,21,26,47,21,26,23,10,13,8,2,6,3,0,3,0,0,0,1,0,1,16,16,1,4,5,3,1,1,1,15,10,5,1,13,0,1,3
533723452,0,,,115,56,59,10,4,6,105,52,53,68,36,32,97,47,50,95,45,50,37,16,21,15,7,8,6,3,3,0,0,0,0,0,0,40,40,8,11,6,10,3,2,0,31,23,8,0,22,0,4,5
533723453,0,,,75,37,38,6,5,1,69,32,37,38,17,21,67,32,35,66,31,35,31,15,16,14,6,8,2,0,2,0,0,0,0,0,0,23,23,3,5,7,4,1,2,1,20,13,7,2,19,0,3,4
533723454,0,,,28,14,14,4,4,0,24,10,14,14,6,8,22,9,13,22,9,13,10,4,6,4,1,3,2,0,2,0,0,0,0,0,0,9,9,1,5,0,0,2,0,1,8,6,2,1,5,0,1,2
533723461,0,,,220,96,124,30,10,20,190,86,104,126,59,67,185,83,102,180,80,100,64,27,37,30,10,20,12,3,9,1,0,1,3,0,3,75,75,13,20,17,15,5,4,1,62,47,15,8,42,3,6,9
533723462,1,,533723464,52,26,26,7,4,3,52,24,28,31,15,16,50,24,26,50,24,26,21,9,12,13,4,9,5,1,4,0,0,0,0,0,0,16,16,4,4,4,3,3,0,1,15,8,7,0,14,0,2,2
533723463,0,,,115,50,65,22,12,10,93,38,55,67,29,38,90,36,54,88,35,53,26,9,17,13,6,7,2,0,2,0,0,0,1,1,0,42,42,12,10,5,8,6,1,0,30,24,6,7,20,0,5,4
533723464,2,533723462,,7,2,5,*,*,*,*,*,*,*,*,*,*,*,*,*,*,*,*,*,*,*,*,*,*,*,*,*,*,*,*,*,*,3,3,*,*,*,*,*,*,*,*,*,*,*,*,*,*,*
533723471,0,,,48,24,24,6,2,4,42,22,20,32,18,14,40,21,19,38,21,17,10,4,6,6,2,4,0,0,0,0,0,0,2,1,1,16,16,2,6,3,2,2,0,1,13,11,2,1,6,0,1,2
533723472,0,,,118,71,47,17,14,3,100,56,44,71,40,31,98,54,44,94,52,42,29,16,13,7,3,4,6,3,3,1,1,0,7,7,0,53,53,19,15,11,5,2,1,0,34,30,4,6,21,9,5,6
533723473,0,,,16,9,7,5,3,2,11,6,5,5,2,3,11,6,5,11,6,5,6,4,2,1,1,0,1,1,0,1,1,0,0,0,0,4,4,0,1,2,0,0,0,1,4,2,2,1,3,0,0,1
533723474,0,,,23,12,11,5,3,2,18,9,9,14,7,7,18,9,9,18,9,9,4,2,2,4,2,2,3,1,2,0,0,0,0,0,0,8,8,3,1,1,2,0,0,1,5,3,2,2,3,0,0,1
533723481,1,,533723483;533723491;533723493,221,113,108,40,26,14,192,94,98,135,69,66,186,91,95,179,87,92,57,25,32,21,9,12,6,1,5,0,0,0,1,0,1,76,76,14,30,12,9,10,6,1,66,57,9,8,39,0,7,11
533723483,2,533723481,,10,6,4,*,*,*,*,*,*,*,*,*,*,*,*,*,*,*,*,*,*,*,*,*,*,*,*,*,*,*,*,*,*,3,3,*,*,*,*,*,*,*,*,*,*,*,*,*,*,*
533723491,2,533723481,,7,5,2,*,*,*,*,*,*,*,*,*,*,*,*,*,*,*,*,*,*,*,*,*,*,*,*,*,*,*,*,*,*,2,2,*,*,*,*,*,*,*,*,*,*,*,*,*,*,*
533723493,2,533723481,,1,0,1,*,*,*,*,*,*,*,*,*,*,*,*,*,*,*,*,*,*,*,*,*,*,*,*,*,*,*,*,*,*,1,1,*,*,*,*,*,*,*,*,*,*,*,*,*,*,*
533723502,2,533723404,,8,3,5,*,*,*,*,*,*,*,*,*,*,*,*,*,*,*,*,*,*,*,*,*,*,*,*,*,*,*,*,*,*,2,2,*,*,*,*,*,*,*,*,*,*,*,*,*,*,*
533723542,0,,,55,25,30,6,4,2,49,21,28,36,13,23,43,20,23,43,20,23,13,8,5,8,5,3,3,2,1,0,0,0,0,0,0,15,15,0,4,5,1,3,1,1,14,7,7,1,10,0,0,2
533723544,0,,,46,22,24,6,3,3,40,19,21,27,14,13,39,19,20,38,18,20,13,5,8,8,3,5,5,1,4,0,0,0,0,0,0,13,13,1,2,5,1,3,0,1,11,8,3,1,8,0,0,2
533723551,0,,,102,49,53,11,5,6,91,44,47,55,27,28,88,43,45,87,43,44,36,17,19,14,7,7,6,2,4,0,0,0,0,0,0,39,39,7,16,6,6,3,1,0,31,27,4,4,22,1,5,9
533723552,0,,,31,16,15,0,0,0,31,16,15,18,11,7,29,14,15,27,12,15,13,5,8,6,2,4,0,0,0,0,0,0,0,0,0,13,13,4,7,0,0,1,0,1,9,7,2,0,9,0,2,3
533723553,0,,,42,17,25,2,0,2,40,17,23,22,9,13,39,17,22,38,17,21,18,8,10,12,6,6,4,2,2,0,0,0,0,0,0,15,15,3,3,5,3,0,1,0,11,6,5,1,12,0,3,2
533723554,0,,,41,22,19,9,5,4,32,17,15,19,11,8,29,15,14,29,15,14,13,6,7,8,6,2,2,1,1,0,0,0,0,0,0,13,13,2,4,1,3,2,1,0,11,9,2,0,7,0,1,3
533723561,2,533723563,,5,1,4,*,*,*,*,*,*,*,*,*,*,*,*,*,*,*,*,*,*,*,*,*,*,*,*,*,*,*,*,*,*,3,3,*,*,*,*,*,*,*,*,*,*,*,*,*,*,*
533723563,1,,533723561,44,24,20,12,6,6,37,19,18,29,16,13,35,17,18,34,16,18,8,3,5,4,0,4,3,0,3,0,0,0,0,0,0,15,15,5,3,4,4,2,0,0,13,12,1,4,7,1,3,0
533723564,0,,,21,9,12,3,2,1,18,7,11,12,5,7,15,5,10,15,5,10,6,2,4,2,0,2,1,0,1,0,0,0,0,0,0,5,5,0,1,0,1,3,0,0,5,2,3,0,4,0,0,1
533723581,0,,,16,8,8,0,0,0,16,8,8,8,6,2,16,8,8,16,8,8,8,2,6,3,1,2,1,0,1,0,0,0,0,0,0,7,7,1,4,1,1,0,0,0,6,6,0,0,5,0,1,1
533723642,0,,,42,21,21,11,6,5,31,15,16,18,7,11,31,15,16,31,15,16,13,8,5,4,3,1,0,0,0,0,0,0,0,0,0,13,13,2,4,1,2,3,1,0,11,9,2,1,9,0,2,4
533723644,0,,,34,17,17,4,3,1,30,14,16,16,8,8,30,14,16,30,14,16,14,6,8,8,3,5,1,0,1,0,0,0,0,0,0,12,12,2,3,4,1,2,0,0,9,5,4,1,9,0,2,2
533723651,0,,,51,27,24,7,4,3,44,23,21,26,17,9,41,20,21,40,20,20,18,6,12,9,2,7,3,0,3,0,0,0,0,0,0,12,12,1,3,2,1,1,1,3,11,5,6,2,11,0,1,1
533723652,0,,,13,9,4,0,0,0,13,9,4,8,6,2,12,8,4,11,7,4,5,3,2,3,2,1,0,0,0,0,0,0,0,0,0,5,5,1,2,0,2,0,0,0,4,4,0,0,3,0,1,1
533723653,0,,,51,23,28,4,3,1,47,20,27,26,13,13,46,19,27,45,18,27,21,7,14,8,3,5,2,0,2,0,0,0,0,0,0,18,18,3,7,3,2,1,2,0,15,9,6,1,14,0,3,4
533723654,0,,,150,72,78,25,13,12,125,59,66,91,45,46,124,58,66,121,57,64,34,14,20,15,5,10,6,0,6,0,0,0,0,0,0,53,53,9,16,9,14,4,1,0,43,33,10,10,22,0,3,6
533723661,0,,,73,32,41,10,5,5,63,27,36,34,17,17,62,26,36,61,25,36,29,10,19,20,7,13,8,1,7,1,0,1,0,0,0,26,25,4,7,9,5,0,0,0,21,18,3,2,13,0,3,3
533723662,0,,,8,4,4,0,0,0,8,4,4,5,2,3,8,4,4,8,4,4,3,2,1,1,1,0,0,0,0,0,0,0,0,0,0,4,4,1,2,1,0,0,0,0,3,3,0,0,2,0,0,0
533723663,0,,,181,86,95,41,20,21,140,66,74,83,41,42,136,64,72,133,62,71,57,25,32,27,12,15,7,2,5,0,0,0,4,1,3,75,75,24,24,9,11,5,1,1,49,44,5,11,35,4,11,15
533723664,0,,,84,34,50,16,6,10,67,28,39,47,19,28,65,27,38,63,26,37,20,9,11,12,3,9,3,0,3,1,0,1,6,0,6,34,34,18,4,3,2,4,1,2,16,11,5,4,16,5,8,2
533723671,0,,,48,25,23,9,7,2,39,18,21,25,12,13,38,18,20,37,17,20,14,6,8,5,2,3,3,1,2,1,0,1,0,0,0,15,15,1,5,4,3,1,0,1,14,10,4,1,9,0,1,3
533723672,1,,533723673,15,6,9,5,2,3,17,7,10,5,2,3,17,7,10,17,7,10,12,5,7,3,1,2,1,0,1,0,0,0,0,0,0,5,5,1,4,0,2,1,0,0,7,6,1,1,6,0,1,4
533723673,2,533723672,,7,3,4,*,*,*,*,*,*,*,*,*,*,*,*,*,*,*,*,*,*,*,*,*,*,*,*,*,*,*,*,*,*,3,3,*,*,*,*,*,*,*,*,*,*,*,*,*,*,*
533723741,0,,,16,9,7,2,1,1,14,8,6,9,6,3,14,8,6,14,8,6,5,2,3,2,0,2,1,0,1,0,0,0,0,0,0,4,4,0,1,1,1,0,0,1,4,2,2,1,4,0,0,0
533723742,0,,,19,12,7,3,3,0,16,9,7,8,5,3,15,8,7,14,7,7,8,4,4,6,3,3,2,1,1,0,0,0,0,0,0,7,7,2,3,0,0,1,1,0,5,4,1,0,6,0,2,1
533723743,2,533723744,,1,0,1,*,*,*,*,*,*,*,*,*,*,*,*,*,*,*,*,*,*,*,*,*,*,*,*,*,*,*,*,*,*,1,1,*,*,*,*,*,*,*,*,*,*,*,*,*,*,*
533723744,1,,533723743,32,17,15,5,2,3,28,15,13,22,12,10,27,14,13,24,11,13,6,3,3,3,1,2,3,1,2,0,0,0,0,0,0,8,8,3,1,0,1,1,2,1,6,3,3,1,4,0,2,0
533723751,0,,,26,14,12,7,5,2,19,9,10,14,8,6,19,9,10,19,9,10,5,1,4,3,0,3,2,0,2,1,0,1,2,0,2,7,7,0,1,3,1,1,1,0,7,4,3,2,3,0,0,0
533723752,0,,,60,31,29,10,7,3,50,24,26,29,15,14,48,23,25,47,23,24,21,9,12,13,6,7,4,2,2,2,0,2,0,0,0,17,17,1,4,4,3,3,2,0,15,10,5,3,11,0,1,4
533723753,0,,,72,31,41,6,3,3,66,28,38,47,23,24,62,27,35,61,26,35,19,5,14,10,0,10,3,0,3,0,0,0,0,0,0,24,23,2,8,4,6,2,0,1,21,14,7,0,15,0,2,2
533723754,0,,,73,33,40,6,2,4,67,31,36,43,20,23,67,31,36,66,30,36,24,11,13,12,3,9,3,1,2,0,0,0,1,0,1,30,30,7,12,4,6,0,1,0,23,17,6,2,17,0,6,3
533723761,0,,,299,135,164,29,15,14,270,120,150,168,80,88,259,114,145,257,114,143,102,40,62,57,20,37,27,8,19,0,0,0,4,2,2,109,109,22,36,26,11,7,2,5,87,63,24,6,71,2,11,18
533723762,0,,,57,28,29,7,4,3,50,24,26,32,16,16,50,24,26,49,23,26,18,8,10,10,5,5,3,1,2,0,0,0,0,0,0,24,24,9,6,3,3,3,0,0,15,12,3,2,11,1,3,3
533723763,0,,,258,130,128,19,9,10,237,120,117,148,78,70,224,113,111,220,112,108,89,42,47,50,23,27,21,10,11,3,1,2,6,3,3,110,110,33,37,18,18,2,1,1,76,60,16,6,57,5,16,16
533723764,0,,,109,57,52,16,11,5,93,46,47,60,32,28,87,42,45,85,41,44,33,14,19,16,4,12,5,2,3,0,0,0,1,0,1,33,33,5,8,5,9,3,1,2,28,18,10,6,20,0,3,4
533723771,1,,533723773;533723774,6,2,4,0,0,0,18,5,13,10,2,8,16,5,11,16,5,11,8,3,5,3,1,2,1,0,1,0,0,0,0,0,0,2,2,1,2,3,1,0,0,0,6,6,0,0,5,0,1,1
533723773,2,533723771,,6,2,4,*,*,*,*,*,*,*,*,*,*,*,*,*,*,*,*,*,*,*,*,*,*,*,*,*,*,*,*,*,*,3,3,*,*,*,*,*,*,*,*,*,*,*,*,*,*,*
533723774,2,533723771,,6,1,5,*,*,*,*,*,*,*,*,*,*,*,*,*,*,*,*,*,*,*,*,*,*,*,*,*,*,*,*,*,*,2,2,*,*,*,*,*,*,*,*,*,*,*,*,*,*,*
533723794,2,533723894,,5,3,2,*,*,*,*,*,*,*,*,*,*,*,*,*,*,*,*,*,*,*,*,*,*,*,*,*,*,*,*,*,*,1,1,*,*,*,*,*,*,*,*,*,*,*,*,*,*,*
533723842,1,,533723844,78,21,57,4,3,1,82,24,58,17,11,6,82,24,58,82,24,58,65,13,52,54,6,48,44,2,42,11,0,11,0,0,0,11,10,5,6,1,3,0,0,0,10,9,1,1,8,0,4,2
533723844,2,533723842,,8,6,2,*,*,*,*,*,*,*,*,*,*,*,*,*,*,*,*,*,*,*,*,*,*,*,*,*,*,*,*,*,*,5,5,*,*,*,*,*,*,*,*,*,*,*,*,*,*,*
533723851,2,533723853,,1,0,1,*,*,*,*,*,*,*,*,*,*,*,*,*,*,*,*,*,*,*,*,*,*,*,*,*,*,*,*,*,*,1,1,*,*,*,*,*,*,*,*,*,*,*,*,*,*,*
533723852,0,,,45,23,22,10,7,3,35,16,19,24,11,13,35,16,19,33,14,19,11,5,6,6,2,4,6,2,4,0,0,0,0,0,0,13,13,1,3,1,5,3,0,0,12,7,5,2,9,0,1,2
533723853,1,,533723851,41,19,22,3,2,1,39,17,22,28,13,15,37,17,20,36,16,20,11,4,7,10,4,6,5,1,4,1,0,1,0,0,0,12,12,2,2,2,5,2,0,0,11,7,4,0,8,0,2,1
533723854,0,,,21,13,8,2,2,0,19,11,8,14,9,5,19,11,8,18,10,8,5,2,3,3,1,2,1,0,1,0,0,0,0,0,0,6,6,1,2,0,1,1,0,1,5,3,2,1,4,0,1,1
533723861,0,,,144,70,74,23,11,12,121,59,62,74,34,40,113,57,56,109,55,54,47,25,22,18,8,10,4,3,1,0,0,0,0,0,0,47,47,4,19,6,10,5,2,1,43,36,7,3,31,0,4,14
533723862,0,,,75,35,40,5,3,2,69,32,37,42,19,23,68,32,36,67,31,36,27,13,14,16,8,8,4,1,3,1,0,1,4,2,2,28,28,3,10,10,3,2,0,0,24,21,3,2,17,0,0,4
533723863,0,,,111,54,57,14,6,8,96,47,49,71,37,34,92,45,47,90,45,45,25,10,15,10,6,4,3,2,1,1,0,1,3,1,2,38,38,6,9,12,6,3,2,0,32,23,9,2,17,0,2,4
533723864,0,,,55,28,27,6,3,3,49,25,24,27,15,12,48,25,23,48,25,23,22,10,12,17,9,8,7,3,4,1,1,0,2,1,1,20,20,5,5,4,3,2,1,0,15,10,5,3,14,0,4,2
533723871,1,,533723873,15,7,8,2,1,1,18,9,9,14,7,7,17,8,9,17,8,9,4,2,2,3,2,1,0,0,0,0,0,0,0,0,0,7,7,2,4,2,1,0,0,0,7,6,1,1,2,0,0,2
533723873,2,533723871,,5,3,2,*,*,*,*,*,*,*,*,*,*,*,*,*,*,*,*,*,*,*,*,*,*,*,*,*,*,*,*,*,*,2,2,*,*,*,*,*,*,*,*,*,*,*,*,*,*,*
533723892,2,533723894,,4,2,2,*,*,*,*,*,*,*,*,*,*,*,*,*,*,*,*,*,*,*,*,*,*,*,*,*,*,*,*,*,*,2,2,*,*,*,*,*,*,*,*,*,*,*,*,*,*,*
533723894,1,,533723794;533723892,39,22,17,8,5,3,40,22,18,20,13,7,39,22,17,38,21,17,20,9,11,9,5,4,2,0,2,0,0,0,0,0,0,10,10,1,6,1,0,2,0,3,12,8,4,1,11,0,0,5
533723901,2,533723902,,6,2,4,*,*,*,*,*,*,*,*,*,*,*,*,*,*,*,*,*,*,*,*,*,*,*,*,*,*,*,*,*,*,1,1,*,*,*,*,*,*,*,*,*,*,*,*,*,*,*
533723902,1,,533723901;533723904,11,5,6,0,0,0,19,8,11,9,4,5,19,8,11,19,8,11,10,4,6,6,2,4,5,2,3,0,0,0,0,0,0,5,5,0,5,1,0,0,1,0,7,6,1,0,5,0,0,1
533723903,0,,,16,9,7,2,1,1,14,8,6,4,2,2,14,8,6,14,8,6,10,6,4,1,1,0,1,1,0,0,0,0,0,0,0,7,7,1,4,1,1,0,0,0,6,5,1,0,5,0,0,4
533723904,2,533723902,,2,1,1,*,*,*,*,*,*,*,*,*,*,*,*,*,*,*,*,*,*,*,*,*,*,*,*,*,*,*,*,*,*,1,1,*,*,*,*,*,*,*,*,*,*,*,*,*,*,*
533723942,0,,,9,4,5,0,0,0,9,4,5,5,2,3,8,3,5,7,3,4,4,2,2,3,1,2,1,0,1,0,0,0,0,0,0,4,4,3,0,0,0,0,1,0,1,0,1,0,3,0,2,0
533723951,0,,,27,12,15,3,2,1,24,10,14,13,5,8,24,10,14,23,10,13,11,5,6,4,1,3,1,0,1,0,0,0,0,0,0,8,8,0,5,0,2,0,0,1,8,6,2,1,6,0,0,4
533723952,0,,,57,28,29,8,5,3,49,23,26,23,14,9,49,23,26,49,23,26,26,9,17,11,3,8,7,2,5,0,0,0,0,0,0,21,21,3,10,3,3,1,0,1,18,14,4,3,16,0,3,5
533723953,0,,,17,6,11,2,1,1,15,5,10,10,4,6,15,5,10,15,5,10,5,1,4,4,1,3,1,0,1,1,0,1,0,0,0,6,6,1,1,2,2,0,0,0,5,3,2,0,4,0,1,0
533723954,0,,,70,36,34,10,4,6,60,32,28,38,22,16,58,31,27,57,30,27,22,10,12,11,4,7,1,0,1,1,0,1,0,0,0,22,22,2,8,3,5,1,3,0,19,12,7,2,15,1,1,5
533723961,0,,,115,56,59,18,7,11,97,49,48,65,34,31,94,48,46,94,48,46,32,15,17,15,9,6,5,3,2,0,0,0,0,0,0,45,45,7,18,11,8,0,0,1,37,33,4,8,20,1,3,8
533723962,0,,,54,30,24,9,6,3,44,24,20,31,18,13,41,22,19,41,22,19,13,6,7,3,1,2,1,0,1,1,0,1,2,2,0,25,25,12,6,1,5,0,0,1,13,11,2,1,8,2,2,3
533723963,0,,,65,32,33,5,1,4,60,31,29,36,20,16,57,28,29,53,26,27,24,11,13,10,5,5,3,0,3,1,0,1,1,1,0,20,20,2,5,3,6,4,0,0,17,11,6,1,14,1,1,4
533723964,0,,,128,64,64,19,11,8,105,51,54,74,38,36,100,48,52,100,48,52,31,13,18,15,7,8,2,1,1,0,0,0,2,1,1,51,51,16,13,9,7,5,1,0,34,27,7,3,19,5,3,7
533723971,2,533723972,,8,4,4,*,*,*,*,*,*,*,*,*,*,*,*,*,*,*,*,*,*,*,*,*,*,*,*,*,*,*,*,*,*,3,3,*,*,*,*,*,*,*,*,*,*,*,*,*,*,*
533723972,1,,533723971,2,1,1,2,1,1,8,4,4,6,3,3,8,4,4,8,4,4,2,1,1,1,0,1,1,0,1,0,0,0,0,0,0,1,1,0,3,0,1,0,0,0,4,4,0,0,2,0,0,0
533723973,0,,,23,12,11,1,1,0,22,11,11,13,6,7,19,11,8,19,11,8,9,5,4,3,1,2,1,1,0,0,0,0,0,0,0,9,9,1,5,0,3,0,0,0,8,6,2,0,7,0,1,2
533723974,1,,533723983,16,7,9,2,0,2,15,7,8,6,3,3,15,7,8,15,7,8,9,4,5,5,3,2,1,0,1,1,0,1,0,0,0,5,5,1,1,2,2,0,0,0,5,3,2,1,5,0,1,1
533723983,2,533723974,,1,0,1,*,*,*,*,*,*,*,*,*,*,*,*,*,*,*,*,*,*,*,*,*,*,*,*,*,*,*,*,*,*,1,1,*,*,*,*,*,*,*,*,*,*,*,*,*,*,*
533723992,0,,,15,7,8,0,0,0,15,7,8,6,2,4,15,7,8,15,7,8,9,5,4,3,1,2,1,0,1,0,0,0,0,0,0,5,5,0,2,1,2,0,0,0,5,4,1,0,5,0,0,2
533724001,0,,,496,241,255,32,16,16,449,217,232,248,141,107,437,211,226,435,209,226,201,76,125,112,34,78,37,10,27,1,0,1,10,2,8,238,238,99,74,31,22,7,3,2,133,100,33,7,142,9,45,28
533724002,0,,,603,296,307,101,55,46,499,239,260,350,179,171,474,226,248,463,222,241,149,60,89,73,26,47,29,8,21,3,1,2,6,2,4,227,227,64,57,38,42,15,9,2,162,135,27,21,97,9,20,31
533724003,0,,,452,221,231,51,30,21,395,189,206,232,123,109,387,187,200,385,186,199,163,66,97,91,31,60,22,6,16,0,0,0,5,4,1,198,197,68,67,27,20,7,3,5,127,93,34,11,110,12,20,29
533724004,0,,,618,338,280,47,28,19,549,298,251,417,245,172,540,293,247,531,286,245,132,53,79,83,33,50,29,13,16,2,0,2,115,70,45,360,360,226,58,44,22,6,2,2,134,106,28,19,93,97,27,17
533724011,0,,,485,238,247,54,31,23,421,202,219,274,146,128,414,199,215,404,195,209,147,56,91,96,35,61,62,18,44,11,0,11,19,14,5,204,203,85,61,19,26,6,3,3,116,96,20,14,61,31,13,18
533724012,0,,,183,93,90,18,15,3,161,76,85,95,46,49,158,75,83,156,75,81,66,30,36,42,19,23,16,7,9,0,0,0,1,0,1,67,66,20,20,9,10,4,3,0,46,36,10,7,32,1,6,11
533724013,0,,,212,124,88,28,14,14,180,108,72,115,80,35,179,107,72,174,103,71,65,28,37,28,13,15,8,4,4,0,0,0,16,16,0,119,119,72,23,8,14,0,1,1,46,40,6,8,44,18,15,12
533724014,0,,,291,146,145,27,17,10,264,129,135,170,88,82,257,127,130,254,125,129,94,41,53,51,22,29,14,5,9,1,0,1,1,0,1,106,106,20,33,22,21,7,2,1,86,69,17,8,63,0,15,16
533724021,0,,,74,43,31,11,6,5,63,37,26,44,27,17,63,37,26,63,37,26,19,10,9,10,5,5,4,3,1,0,0,0,0,0,0,24,24,5,3,8,4,1,3,0,19,14,5,4,13,0,4,1
533724022,0,,,19,13,6,0,0,0,19,13,6,11,9,2,19,13,6,18,12,6,8,4,4,4,1,3,3,1,2,0,0,0,8,8,0,12,12,8,2,1,1,0,0,0,4,3,1,0,4,6,0,1
533724023,0,,,79,36,43,8,3,5,71,33,38,43,21,22,70,32,38,70,32,38,28,12,16,14,6,8,5,1,4,0,0,0,1,0,1,30,30,4,13,7,2,4,0,0,26,18,8,2,18,1,3,6
533724024,0,,,48,23,25,8,1,7,40,22,18,22,14,8,39,21,18,39,21,18,18,8,10,6,3,3,1,0,1,0,0,0,3,1,2,16,16,2,2,6,6,0,0,0,14,11,3,1,11,0,2,2
533724031,1,,533724033,19,7,12,5,0,5,16,8,8,9,5,4,16,8,8,16,8,8,7,3,4,3,1,2,0,0,0,0,0,0,0,0,0,5,5,1,1,1,1,1,1,0,5,4,1,1,4,0,1,1
533724032,1,,533724034,26,13,13,2,0,2,30,14,16,17,8,9,30,14,16,30,14,16,13,6,7,5,2,3,1,0,1,0,0,0,2,0,2,11,11,2,4,4,1,0,1,0,10,8,2,1,8,0,1,3
533724033,2,533724031,,2,1,1,*,*,*,*,*,*,*,*,*,*,*,*,*,*,*,*,*,*,*,*,*,*,*,*,*,*,*,*,*,*,1,1,*,*,*,*,*,*,*,*,*,*,*,*,*,*,*
533724034,2,533724032,,6,1,5,*,*,*,*,*,*,*,*,*,*,*,*,*,*,*,*,*,*,*,*,*,*,*,*,*,*,*,*,*,*,1,1,*,*,*,*,*,*,*,*,*,*,*,*,*,*,*
533724042,2,533724142,,3,1,2,*,*,*,*,*,*,*,*,*,*,*,*,*,*,*,*,*,*,*,*,*,*,*,*,*,*,*,*,*,*,1,1,*,*,*,*,*,*,*,*,*,*,*,*,*,*,*
533724043,2,533724142,,2,1,1,*,*,*,*,*,*,*,*,*,*,*,*,*,*,*,*,*,*,*,*,*,*,*,*,*,*,*,*,*,*,1,1,*,*,*,*,*,*,*,*,*,*,*,*,*,*,*
533724051,1,,533724053;533724054,4,2,2,0,0,0,13,6,7,4,2,2,13,6,7,13,6,7,9,4,5,3,0,3,3,0,3,1,0,1,0,0,0,2,2,1,2,0,2,0,0,0,4,2,2,0,5,0,1,2
533724053,2,533724051,,5,2,3,*,*,*,*,*,*,*,*,*,*,*,*,*,*,*,*,*,*,*,*,*,*,*,*,*,*,*,*,*,*,2,2,*,*,*,*,*,*,*,*,*,*,*,*,*,*,*
533724054,2,533724051,,4,2,2,*,*,*,*,*,*,*,*,*,*,*,*,*,*,*,*,*,*,*,*,*,*,*,*,*,*,*,*,*,*,1,1,*,*,*,*,*,*,*,*,*,*,*,*,*,*,*
533724062,0,,,21,10,11,5,2,3,16,8,8,11,5,6,15,7,8,15,7,8,5,3,2,4,2,2,3,2,1,0,0,0,1,0,1,5,5,0,1,1,1,1,0,1,5,3,2,0,3,0,0,1
533724064,0,,,29,15,14,1,1,0,28,14,14,9,6,3,27,13,14,27,13,14,19,8,11,11,3,8,2,1,1,0,0,0,0,0,0,13,13,2,8,2,0,1,0,0,10,9,1,0,12,0,2,6
533724071,2,533724073,,9,6,3,*,*,*,*,*,*,*,*,*,*,*,*,*,*,*,*,*,*,*,*,*,*,*,*,*,*,*,*,*,*,2,2,*,*,*,*,*,*,*,*,*,*,*,*,*,*,*
533724073,1,,533724071,20,10,10,6,5,1,23,11,12,10,6,4,23,11,12,23,11,12,13,5,8,6,2,4,3,2,1,0,0,0,0,0,0,8,8,3,2,1,2,1,1,0,7,4,3,0,9,0,2,2
533724101,0,,,48,23,25,3,1,2,45,22,23,25,13,12,45,22,23,45,22,23,20,9,11,15,7,8,6,3,3,0,0,0,1,1,0,23,23,7,10,3,3,0,0,0,15,14,1,1,12,1,3,6
533724102,1,,533724104,292,140,152,26,13,13,264,126,138,182,92,90,260,123,137,251,119,132,82,34,48,54,20,34,18,4,14,1,0,1,6,4,2,132,132,56,36,16,14,6,6,0,75,59,16,7,52,12,10,10
533724103,0,,,48,27,21,2,1,1,46,26,20,24,15,9,42,23,19,41,23,18,22,11,11,13,7,6,3,2,1,1,1,0,0,0,0,17,17,1,7,3,6,0,0,0,16,15,1,0,12,0,1,5
533724104,2,533724102,,6,3,3,*,*,*,*,*,*,*,*,*,*,*,*,*,*,*,*,*,*,*,*,*,*,*,*,*,*,*,*,*,*,2,2,*,*,*,*,*,*,*,*,*,*,*,*,*,*,*
533724111,0,,,275,137,138,27,15,12,247,121,126,147,80,67,237,115,122,233,113,120,100,41,59,60,25,35,16,7,9,0,0,0,1,0,1,114,114,38,34,17,13,7,4,1,75,55,20,4,70,3,19,20
533724112,0,,,124,65,59,7,4,3,117,61,56,69,41,28,117,61,56,114,58,56,48,20,28,34,14,20,11,3,8,0,0,0,1,0,1,46,46,6,21,9,4,4,1,1,40,32,8,1,29,0,4,10
533724113,0,,,159,83,76,10,4,6,149,79,70,88,50,38,141,75,66,139,75,64,61,29,32,31,16,15,9,4,5,0,0,0,1,0,1,56,56,12,11,19,5,6,3,0,44,34,10,4,39,0,11,4
533724114,0,,,171,87,84,25,17,8,146,70,76,89,44,45,142,68,74,141,67,74,57,26,31,25,10,15,5,2,3,0,0,0,2,1,1,64,64,8,29,14,7,1,5,0,54,47,7,9,37,0,4,15
533724121,0,,,384,187,197,47,21,26,336,165,171,221,116,105,323,160,163,313,153,160,115,49,66,60,24,36,14,5,9,1,0,1,1,1,0,138,138,34,30,39,13,14,5,3,103,77,26,18,83,4,21,12
533724122,0,,,243,121,122,16,12,4,226,108,118,120,61,59,220,104,116,218,103,115,106,47,59,53,22,31,20,6,14,3,0,3,1,0,1,95,95,22,33,20,9,8,2,1,71,52,19,5,71,0,15,19
533724123,0,,,672,282,390,60,35,25,607,247,360,449,177,272,578,233,345,560,223,337,158,70,88,77,30,47,30,8,22,4,0,4,146,26,120,319,319,172,42,45,39,9,7,5,147,108,39,10,104,78,21,20
533724124,0,,,99,47,52,4,1,3,95,46,49,67,35,32,92,44,48,89,42,47,28,11,17,16,5,11,7,2,5,1,0,1,0,0,0,36,36,9,6,10,7,4,0,0,26,16,10,1,18,2,3,2
533724131,0,,,39,17,22,4,2,2,35,15,20,14,6,8,35,15,20,34,15,19,21,9,12,11,4,7,4,1,3,0,0,0,0,0,0,14,14,2,6,3,2,0,0,1,12,9,3,2,12,0,2,5
533724133,0,,,69,29,40,5,3,2,64,26,38,39,15,24,63,26,37,59,25,34,25,11,14,9,3,6,5,2,3,0,0,0,6,0,6,32,32,13,8,7,3,0,0,1,19,17,2,1,18,3,7,2
533724134,0,,,39,24,15,3,2,1,36,22,14,24,15,9,36,22,14,36,22,14,12,7,5,8,4,4,2,1,1,0,0,0,1,1,0,15,15,4,4,2,4,1,0,0,11,9,2,2,8,0,3,2
533724142,1,,533724042;533724043;533724143,29,15,14,3,2,1,32,16,16,16,9,7,30,15,15,30,15,15,16,7,9,10,4,6,4,1,3,1,0,1,0,0,0,10,10,3,3,4,2,0,1,0,10,7,3,1,9,0,2,2
533724143,2,533724142,,1,1,0,*,*,*,*,*,*,*,*,*,*,*,*,*,*,*,*,*,*,*,*,*,*,*,*,*,*,*,*,*,*,1,1,*,*,*,*,*,*,*,*,*,*,*,*,*,*,*
533724151,0,,,71,38,33,13,9,4,58,29,29,34,17,17,57,28,29,56,27,29,24,12,12,7,2,5,4,2,2,0,0,0,0,0,0,24,24,6,6,4,2,3,3,0,18,14,4,1,17,0,3,4
533724152,0,,,108,47,61,12,5,7,94,41,53,49,22,27,91,40,51,89,39,50,45,19,26,27,11,16,13,2,11,1,0,1,0,0,0,35,35,2,13,11,4,3,1,1,32,24,8,1,26,0,2,9
533724153,0,,,55,24,31,10,3,7,45,21,24,23,11,12,44,21,23,43,20,23,22,10,12,13,5,8,5,2,3,1,1,0,0,0,0,22,22,6,8,3,4,0,0,1,16,13,3,2,14,0,4,4
533724154,0,,,23,9,14,2,0,2,21,9,12,7,4,3,21,9,12,21,9,12,14,5,9,8,3,5,5,1,4,1,0,1,0,0,0,8,8,1,2,3,1,1,0,0,7,3,4,0,7,0,1,2
533724161,0,,,73,38,35,8,4,4,65,34,31,31,17,14,64,33,31,63,32,31,34,17,17,16,8,8,8,3,5,2,1,1,0,0,0,28,28,6,9,6,6,0,0,1,22,17,5,1,20,1,2,7
533724162,1,,533724163,25,13,12,3,2,1,25,13,12,12,5,7,25,13,12,25,13,12,13,8,5,7,3,4,3,1,2,0,0,0,0,0,0,8,8,2,4,2,0,1,0,1,8,6,2,0,8,1,1,2
533724163,2,533724162,,3,2,1,*,*,*,*,*,*,*,*,*,*,*,*,*,*,*,*,*,*,*,*,*,*,*,*,*,*,*,*,*,*,2,2,*,*,*,*,*,*,*,*,*,*,*,*,*,*,*
533724164,1,,533724173,16,9,7,0,0,0,20,11,9,8,4,4,20,11,9,20,11,9,12,7,5,4,1,3,3,1,2,0,0,0,1,0,1,7,7,2,4,2,1,0,0,0,7,5,2,0,9,0,2,4
533724173,2,533724164,,4,2,2,*,*,*,*,*,*,*,*,*,*,*,*,*,*,*,*,*,*,*,*,*,*,*,*,*,*,*,*,*,*,2,2,*,*,*,*,*,*,*,*,*,*,*,*,*,*,*
533724201,0,,,33,17,16,3,0,3,30,17,13,18,10,8,30,17,13,30,17,13,12,7,5,5,2,3,1,0,1,0,0,0,0,0,0,12,12,2,2,6,1,1,0,0,10,9,1,0,8,0,1,2
533724202,0,,,25,13,12,5,2,3,20,11,9,12,8,4,20,11,9,19,10,9,8,3,5,3,2,1,1,0,1,1,0,1,1,1,0,8,8,1,3,2,0,0,2,0,7,6,1,1,4,0,0,2
533724203,0,,,74,45,29,4,3,1,70,42,28,43,26,17,67,40,27,67,40,27,27,16,11,10,4,6,4,2,2,0,0,0,0,0,0,27,27,10,5,2,7,0,1,2,17,11,6,3,20,1,8,4
533724204,0,,,32,18,14,2,2,0,30,16,14,15,9,6,30,16,14,30,16,14,15,7,8,8,3,5,2,1,1,0,0,0,0,0,0,11,11,3,2,1,4,0,1,0,8,4,4,1,10,0,3,2
533724211,0,,,27,13,14,7,3,4,20,10,10,11,7,4,20,10,10,20,10,10,9,3,6,6,2,4,1,0,1,0,0,0,0,0,0,8,8,1,3,0,2,1,0,1,7,4,3,1,7,0,1,1
533724212,0,,,176,93,83,34,17,17,142,76,66,86,47,39,137,72,65,131,67,64,56,29,27,19,8,11,6,1,5,0,0,0,0,0,0,58,58,15,12,7,12,6,4,2,43,35,8,6,34,0,11,9
533724213,0,,,27,12,15,2,1,1,21,10,11,16,9,7,20,9,11,18,8,10,5,1,4,3,0,3,2,0,2,0,0,0,0,0,0,9,9,2,2,1,2,2,0,0,6,4,2,0,4,0,0,1
533724214,0,,,21,9,12,0,0,0,21,9,12,10,4,6,20,8,12,19,7,12,11,5,6,6,3,3,2,1,1,0,0,0,0,0,0,9,9,2,5,0,1,1,0,0,7,4,3,0,7,0,2,2
533724221,0,,,122,62,60,10,4,6,111,57,54,74,42,32,109,56,53,106,55,51,37,15,22,20,9,11,6,1,5,0,0,0,1,0,1,42,42,9,10,8,9,3,3,0,33,25,8,0,26,0,5,5
533724222,0,,,110,53,57,17,8,9,93,45,48,51,27,24,90,45,45,89,44,45,42,18,24,19,8,11,7,3,4,0,0,0,0,0,0,41,41,8,15,10,4,1,2,1,33,27,6,3,31,0,8,4
533724223,0,,,52,22,30,6,3,3,46,19,27,27,10,17,44,18,26,41,18,23,19,9,10,6,2,4,3,1,2,0,0,0,2,1,1,15,15,4,1,2,4,2,0,2,11,4,7,2,13,0,4,1
533724224,0,,,128,62,66,15,5,10,113,57,56,66,36,30,107,53,54,104,51,53,47,21,26,23,7,16,6,1,5,1,0,1,0,0,0,46,46,10,14,10,5,3,3,1,36,26,10,1,32,0,10,7
533724231,1,,533724233,94,52,42,6,4,2,95,50,45,54,28,26,93,50,43,90,48,42,41,22,19,23,13,10,6,4,2,1,1,0,4,3,1,36,36,9,13,6,4,1,1,3,27,19,8,1,25,2,3,6
533724232,0,,,20,7,13,3,0,3,17,7,10,14,7,7,17,7,10,17,7,10,3,0,3,3,0,3,0,0,0,0,0,0,2,2,0,7,7,3,1,0,1,1,1,0,4,3,1,0,3,2,1,0
533724233,2,533724231,,7,2,5,*,*,*,*,*,*,*,*,*,*,*,*,*,*,*,*,*,*,*,*,*,*,*,*,*,*,*,*,*,*,1,1,*,*,*,*,*,*,*,*,*,*,*,*,*,*,*
533724241,0,,,38,17,21,10,4,6,28,13,15,17,7,10,28,13,15,27,13,14,11,6,5,8,4,4,1,0,1,0,0,0,0,0,0,11,11,1,4,2,1,1,1,1,10,7,3,2,8,0,1,2
533724242,0,,,39,19,20,3,0,3,36,19,17,25,14,11,32,15,17,30,14,16,11,5,6,7,3,4,4,2,2,0,0,0,0,0,0,13,13,0,5,4,3,1,0,0,13,11,2,1,6,0,0,4
533724244,0,,,48,23,25,7,3,4,41,20,21,17,7,10,41,20,21,41,20,21,24,13,11,14,7,7,6,3,3,0,0,0,0,0,0,18,18,5,5,4,2,0,1,1,13,9,4,3,16,0,5,3
533724252,0,,,45,24,21,10,5,5,34,18,16,16,7,9,34,18,16,33,17,16,18,11,7,6,3,3,2,2,0,0,0,0,0,0,0,15,15,4,4,0,3,3,1,0,10,7,3,2,10,0,3,3
533724253,0,,,31,15,16,0,0,0,31,15,16,18,9,9,31,15,16,31,15,16,13,6,7,9,3,6,1,0,1,0,0,0,0,0,0,13,13,2,8,1,1,0,1,0,11,10,1,0,10,0,2,3
533724254,0,,,19,9,10,5,3,2,14,6,8,8,4,4,14,6,8,14,6,8,6,2,4,4,1,3,1,0,1,0,0,0,1,0,1,7,7,1,3,0,3,0,0,0,6,5,1,1,5,0,1,2
533724261,2,533724263,,4,1,3,*,*,*,*,*,*,*,*,*,*,*,*,*,*,*,*,*,*,*,*,*,*,*,*,*,*,*,*,*,*,3,3,*,*,*,*,*,*,*,*,*,*,*,*,*,*,*
533724262,2,533724263,,9,5,4,*,*,*,*,*,*,*,*,*,*,*,*,*,*,*,*,*,*,*,*,*,*,*,*,*,*,*,*,*,*,3,3,*,*,*,*,*,*,*,*,*,*,*,*,*,*,*
533724263,1,,533724261;533724262;533724361;533724363,13,6,7,4,3,1,31,13,18,9,5,4,31,13,18,31,13,18,22,8,14,15,6,9,3,1,2,1,0,1,1,0,1,4,4,6,3,3,1,1,1,0,9,5,4,1,12,0,5,3
533724301,1,,533724302,34,18,16,12,7,5,28,15,13,18,10,8,28,15,13,28,15,13,10,5,5,7,4,3,2,1,1,0,0,0,0,0,0,9,9,1,1,1,3,2,2,0,9,5,4,2,7,0,1,1
533724302,2,533724301,,6,4,2,*,*,*,*,*,*,*,*,*,*,*,*,*,*,*,*,*,*,*,*,*,*,*,*,*,*,*,*,*,*,1,1,*,*,*,*,*,*,*,*,*,*,*,*,*,*,*
533724312,1,,533724314,24,15,9,2,2,0,24,14,10,12,7,5,24,14,10,24,14,10,12,7,5,8,4,4,1,1,0,0,0,0,0,0,0,9,9,1,5,1,3,0,0,0,9,7,2,1,8,0,0,3
533724314,2,533724312,,2,1,1,*,*,*,*,*,*,*,*,*,*,*,*,*,*,*,*,*,*,*,*,*,*,*,*,*,*,*,*,*,*,1,1,*,*,*,*,*,*,*,*,*,*,*,*,*,*,*
533724321,0,,,82,34,48,7,5,2,75,29,46,33,15,18,72,28,44,71,27,44,42,14,28,28,6,22,18,3,15,2,0,2,0,0,0,23,22,2,5,10,3,1,1,0,20,16,4,2,14,0,0,5
533724322,0,,,63,30,33,7,4,3,56,26,30,34,16,18,52,23,29,51,23,28,22,10,12,11,5,6,1,0,1,0,0,0,0,0,0,21,21,4,6,3,3,4,1,0,17,13,4,0,16,0,4,4
533724323,0,,,48,25,23,3,2,1,45,23,22,23,13,10,45,23,22,42,20,22,22,10,12,17,6,11,4,1,3,0,0,0,0,0,0,21,21,8,7,1,3,1,1,0,13,11,2,0,16,0,7,5
533724324,0,,,11,6,5,0,0,0,11,6,5,5,3,2,11,6,5,11,6,5,6,3,3,3,1,2,3,1,2,0,0,0,0,0,0,4,4,0,2,1,1,0,0,0,4,3,1,0,3,0,0,1
533724331,0,,,12,6,6,1,0,1,11,6,5,6,4,2,10,5,5,10,5,5,5,2,3,4,1,3,0,0,0,0,0,0,0,0,0,5,5,1,3,0,0,1,0,0,4,4,0,0,3,0,1,2
533724333,0,,,18,7,11,1,0,1,17,7,10,7,3,4,17,7,10,17,7,10,10,4,6,5,2,3,2,0,2,1,0,1,0,0,0,8,8,1,4,3,0,0,0,0,7,7,0,0,6,0,1,3
533724342,0,,,46,22,24,3,3,0,43,19,24,25,11,14,42,18,24,41,18,23,18,8,10,9,4,5,2,0,2,0,0,0,0,0,0,15,15,2,4,5,1,1,2,0,13,8,5,1,12,0,2,2
533724344,0,,,44,23,21,6,4,2,38,19,19,25,13,12,37,18,19,35,17,18,13,6,7,6,2,4,2,1,1,1,1,0,0,0,0,14,14,2,4,2,4,0,2,0,12,8,4,1,8,1,1,2
533724351,0,,,170,80,90,15,8,7,155,72,83,92,46,46,152,70,82,152,70,82,63,26,37,39,13,26,11,4,7,1,0,1,4,1,3,67,67,11,26,18,9,1,2,0,55,45,10,6,42,0,11,14
533724352,0,,,33,16,17,4,3,1,29,13,16,16,8,8,28,12,16,28,12,16,13,5,8,5,1,4,2,0,2,0,0,0,0,0,0,9,9,0,3,2,1,1,2,0,9,5,4,2,8,0,0,2
533724353,0,,,34,15,19,0,0,0,34,15,19,18,8,10,34,15,19,34,15,19,16,7,9,6,2,4,3,0,3,0,0,0,0,0,0,13,13,1,4,7,1,0,0,0,12,10,2,0,9,0,1,3
533724354,0,,,18,8,10,0,0,0,18,8,10,10,4,6,18,8,10,18,8,10,8,4,4,1,0,1,1,0,1,0,0,0,0,0,0,6,6,1,1,2,1,1,0,0,5,3,2,0,4,0,1,0
533724361,2,533724263,,9,4,5,*,*,*,*,*,*,*,*,*,*,*,*,*,*,*,*,*,*,*,*,*,*,*,*,*,*,*,*,*,*,4,4,*,*,*,*,*,*,*,*,*,*,*,*,*,*,*
533724363,2,533724263,,1,0,1,*,*,*,*,*,*,*,*,*,*,*,*,*,*,*,*,*,*,*,*,*,*,*,*,*,*,*,*,*,*,1,1,*,*,*,*,*,*,*,*,*,*,*,*,*,*,*
533724421,0,,,39,20,19,3,2,1,36,18,18,19,11,8,36,18,18,34,17,17,17,7,10,8,3,5,4,1,3,0,0,0,0,0,0,13,13,1,5,4,1,0,2,0,12,8,4,2,10,0,1,4
533724423,0,,,18,11,7,2,2,0,16,9,7,7,5,2,16,9,7,16,9,7,9,4,5,7,3,4,1,0,1,1,0,1,0,0,0,7,7,1,3,1,2,0,0,0,6,6,0,0,5,0,1,2
533724431,0,,,27,16,11,3,2,1,24,14,10,6,5,1,24,14,10,24,14,10,18,9,9,9,6,3,0,0,0,0,0,0,0,0,0,13,13,5,5,2,0,0,1,0,8,7,1,0,12,0,4,3
533724432,1,,533724433;533724434,22,9,13,1,0,1,31,14,17,19,8,11,31,14,17,31,14,17,12,6,6,3,1,2,1,0,1,0,0,0,0,0,0,9,9,3,6,1,1,2,0,0,10,8,2,0,7,0,0,5
533724433,2,533724432,,2,1,1,*,*,*,*,*,*,*,*,*,*,*,*,*,*,*,*,*,*,*,*,*,*,*,*,*,*,*,*,*,*,1,1,*,*,*,*,*,*,*,*,*,*,*,*,*,*,*
533724434,2,533724432,,8,4,4,*,*,*,*,*,*,*,*,*,*,*,*,*,*,*,*,*,*,*,*,*,*,*,*,*,*,*,*,*,*,3,3,*,*,*,*,*,*,*,*,*,*,*,*,*,*,*
533724442,0,,,19,9,10,4,3,1,15,6,9,9,5,4,14,6,8,14,6,8,6,1,5,3,0,3,2,0,2,1,0,1,0,0,0,5,5,1,0,1,0,3,0,0,4,1,3,0,4,0,1,0
533724451,0,,,9,4,5,0,0,0,9,4,5,4,2,2,9,4,5,9,4,5,5,2,3,0,0,0,0,0,0,0,0,0,0,0,0,4,4,0,3,1,0,0,0,0,4,3,1,0,3,0,0,2
533724461,2,533724462,,3,2,1,*,*,*,*,*,*,*,*,*,*,*,*,*,*,*,*,*,*,*,*,*,*,*,*,*,*,*,*,*,*,2,2,*,*,*,*,*,*,*,*,*,*,*,*,*,*,*
533724462,1,,533724461,30,15,15,1,1,0,32,16,16,13,8,5,30,15,15,30,15,15,19,8,11,12,5,7,4,1,3,2,1,1,0,0,0,16,16,9,7,1,0,0,0,1,9,6,3,0,14,0,6,5
533724531,2,533724533,,8,5,3,*,*,*,*,*,*,*,*,*,*,*,*,*,*,*,*,*,*,*,*,*,*,*,*,*,*,*,*,*,*,2,2,*,*,*,*,*,*,*,*,*,*,*,*,*,*,*
533724532,0,,,14,7,7,1,0,1,13,7,6,6,4,2,13,7,6,13,7,6,7,3,4,4,2,2,1,0,1,1,0,1,0,0,0,4,4,0,0,3,0,1,0,0,4,3,1,1,3,0,0,0
533724533,1,,533724531,10,4,6,2,2,0,16,7,9,12,6,6,16,7,9,15,6,9,4,1,3,3,0,3,1,0,1,0,0,0,0,0,0,4,4,0,3,2,0,0,1,0,6,4,2,1,4,0,0,1
533724534,0,,,14,6,8,0,0,0,14,6,8,9,4,5,14,6,8,13,6,7,5,2,3,3,2,1,1,0,1,0,0,0,0,0,0,6,6,2,2,1,0,1,0,0,4,3,1,0,4,0,1,1
533724543,0,,,19,10,9,2,1,1,17,9,8,8,5,3,17,9,8,16,8,8,9,4,5,4,2,2,2,1,1,0,0,0,0,0,0,8,8,2,4,0,1,1,0,0,6,6,0,0,5,0,1,3
533724613,2,533724723,,2,2,0,*,*,*,*,*,*,*,*,*,*,*,*,*,*,*,*,*,*,*,*,*,*,*,*,*,*,*,*,*,*,1,1,*,*,*,*,*,*,*,*,*,*,*,*,*,*,*
533724621,2,533724622,,8,4,4,*,*,*,*,*,*,*,*,*,*,*,*,*,*,*,*,*,*,*,*,*,*,*,*,*,*,*,*,*,*,3,3,*,*,*,*,*,*,*,*,*,*,*,*,*,*,*
533724622,1,,533724621,10,5,5,1,1,0,17,8,9,6,2,4,17,8,9,17,8,9,11,6,5,6,3,3,0,0,0,0,0,0,0,0,0,3,3,1,2,1,1,0,1,0,5,3,2,0,6,0,1,2
533724623,2,533724624,,1,0,1,*,*,*,*,*,*,*,*,*,*,*,*,*,*,*,*,*,*,*,*,*,*,*,*,*,*,*,*,*,*,1,1,*,*,*,*,*,*,*,*,*,*,*,*,*,*,*
533724624,1,,533724623,77,36,41,7,4,3,71,32,39,40,18,22,69,32,37,68,32,36,31,14,17,15,6,9,3,0,3,1,0,1,0,0,0,25,25,4,7,6,5,3,0,1,22,17,5,2,19,0,3,5
533724631,0,,,21,12,9,3,3,0,18,9,9,12,6,6,18,9,9,18,9,9,6,3,3,3,1,2,3,1,2,0,0,0,0,0,0,7,7,2,1,2,1,0,0,1,5,3,2,1,5,0,2,1
533724632,0,,,77,42,35,4,4,0,73,38,35,27,16,11,72,37,35,72,37,35,46,22,24,26,12,14,8,2,6,0,0,0,1,0,1,30,30,6,10,9,3,1,0,1,24,16,8,0,27,0,4,7
533724633,0,,,36,17,19,5,2,3,31,15,16,16,10,6,30,14,16,30,14,16,15,5,10,7,1,6,5,1,4,0,0,0,0,0,0,12,12,3,1,4,2,1,1,0,9,4,5,1,9,0,2,0
533724634,1,,533724741,154,82,72,26,18,8,133,67,66,84,42,42,129,65,64,127,65,62,49,25,24,22,11,11,10,6,4,1,0,1,0,0,0,51,51,9,12,10,12,6,3,0,43,32,11,6,32,0,5,9
533724641,0,,,11,5,6,1,0,1,10,5,5,7,3,4,10,5,5,10,5,5,3,2,1,1,0,1,1,0,1,0,0,0,0,0,0,4,4,0,1,3,0,0,0,0,4,3,1,1,3,0,0,1
533724643,0,,,11,7,4,1,1,0,10,6,4,6,4,2,10,6,4,9,6,3,4,2,2,4,2,2,1,1,0,0,0,0,0,0,0,5,5,2,1,1,1,0,0,0,3,3,0,0,2,1,0,1
533724673,2,533724771,,9,5,4,*,*,*,*,*,*,*,*,*,*,*,*,*,*,*,*,*,*,*,*,*,*,*,*,*,*,*,*,*,*,2,2,*,*,*,*,*,*,*,*,*,*,*,*,*,*,*
533724712,0,,,38,14,24,4,1,3,34,13,21,18,7,11,33,13,20,32,12,20,16,6,10,9,2,7,3,1,2,0,0,0,0,0,0,13,13,6,1,1,1,3,0,1,7,2,5,2,12,0,5,1
533724714,0,,,12,8,4,0,0,0,12,8,4,10,7,3,12,8,4,9,6,3,2,1,1,1,0,1,0,0,0,0,0,0,0,0,0,5,5,2,1,1,0,1,0,0,3,3,0,0,2,0,1,0
533724722,0,,,22,11,11,0,0,0,22,11,11,10,5,5,21,11,10,21,11,10,12,6,6,10,5,5,1,1,0,0,0,0,0,0,0,6,6,0,1,2,2,0,1,0,6,4,2,0,6,0,0,1
533724723,1,,533724613,64,30,34,13,7,6,53,25,28,39,19,20,50,25,25,46,24,22,14,6,8,8,4,4,2,2,0,0,0,0,0,0,0,19,19,2,5,4,5,3,0,1,17,16,1,2,9,0,2,2
533724724,0,,,74,36,38,6,4,2,68,32,36,47,23,24,66,30,36,64,28,36,21,9,12,9,3,6,3,0,3,0,0,0,0,0,0,27,27,6,9,3,6,1,2,0,20,13,7,1,17,0,4,3
533724731,0,,,82,35,47,7,2,5,75,33,42,34,14,20,74,33,41,74,33,41,41,19,22,18,6,12,9,3,6,0,0,0,0,0,0,37,37,15,9,7,4,1,0,1,22,14,8,3,29,0,11,6
533724732,1,,533724734,106,42,64,14,4,10,97,41,56,62,25,37,95,40,55,94,40,54,35,16,19,17,4,13,5,0,5,0,0,0,1,0,1,39,39,11,13,4,6,6,0,1,30,19,11,5,27,1,9,4
533724733,0,,,152,74,78,17,6,11,135,68,67,89,45,44,133,67,66,128,65,63,46,23,23,13,5,8,6,1,5,1,1,0,0,0,0,55,55,7,21,13,10,1,2,1,48,40,8,4,33,0,7,11
533724734,2,533724732,,5,3,2,*,*,*,*,*,*,*,*,*,*,*,*,*,*,*,*,*,*,*,*,*,*,*,*,*,*,*,*,*,*,2,2,*,*,*,*,*,*,*,*,*,*,*,*,*,*,*
533724741,2,533724634,,5,3,2,*,*,*,*,*,*,*,*,*,*,*,*,*,*,*,*,*,*,*,*,*,*,*,*,*,*,*,*,*,*,1,1,*,*,*,*,*,*,*,*,*,*,*,*,*,*,*
533724764,2,533724773,,3,0,3,*,*,*,*,*,*,*,*,*,*,*,*,*,*,*,*,*,*,*,*,*,*,*,*,*,*,*,*,*,*,1,1,*,*,*,*,*,*,*,*,*,*,*,*,*,*,*
533724771,1,,533724673,22,9,13,1,1,0,30,13,17,14,8,6,30,13,17,30,13,17,16,5,11,12,4,8,7,2,5,0,0,0,0,0,0,10,10,3,4,2,1,2,0,0,9,6,3,0,11,0,3,1
533724773,1,,533724764,18,8,10,0,0,0,21,8,13,3,1,2,21,8,13,21,8,13,18,7,11,11,5,6,6,1,5,2,0,2,0,0,0,8,8,3,2,3,0,1,0,0,6,5,1,0,9,0,3,2
533724784,0,,,10,5,5,0,0,0,10,5,5,6,4,2,10,5,5,10,5,5,4,1,3,3,1,2,1,0,1,0,0,0,0,0,0,4,4,1,2,0,0,1,0,0,3,2,1,0,3,0,1,1
533724791,2,533724793,,4,2,2,*,*,*,*,*,*,*,*,*,*,*,*,*,*,*,*,*,*,*,*,*,*,*,*,*,*,*,*,*,*,2,2,*,*,*,*,*,*,*,*,*,*,*,*,*,*,*
533724792,0,,,116,61,55,14,7,7,102,54,48,58,34,24,100,53,47,99,52,47,44,20,24,25,9,16,9,2,7,0,0,0,1,0,1,56,56,24,16,8,4,4,0,0,32,26,6,3,28,2,12,8
533724793,1,,533724791,10,5,5,1,1,0,13,6,7,7,3,4,11,5,6,11,5,6,6,3,3,3,2,1,1,0,1,0,0,0,0,0,0,3,3,0,3,1,0,1,0,0,5,4,1,0,3,0,0,2
533724794,0,,,18,6,12,3,2,1,15,4,11,10,2,8,15,4,11,15,4,11,5,2,3,2,1,1,1,0,1,0,0,0,0,0,0,10,10,6,1,2,1,0,0,0,4,3,1,1,2,3,0,0
533724802,0,,,20,11,9,1,1,0,19,10,9,14,8,6,19,10,9,18,9,9,5,2,3,5,2,3,2,0,2,0,0,0,0,0,0,5,5,1,1,0,0,1,2,0,4,1,3,0,4,0,0,0
533724803,0,,,42,18,24,6,2,4,36,16,20,16,8,8,36,16,20,36,16,20,20,8,12,11,4,7,7,3,4,0,0,0,0,0,0,11,11,2,0,3,3,0,2,1,9,2,7,2,11,0,2,0
533724804,0,,,27,16,11,2,2,0,25,14,11,13,9,4,24,13,11,24,13,11,12,5,7,5,1,4,2,0,2,0,0,0,0,0,0,8,8,1,1,1,4,1,0,0,7,3,4,0,6,0,1,1
533724811,1,,533724813,21,8,13,3,2,1,23,9,14,13,6,7,22,8,14,22,8,14,10,3,7,5,1,4,3,0,3,1,0,1,0,0,0,9,9,4,0,3,2,1,0,0,6,3,3,1,7,1,3,0
533724812,0,,,26,13,13,2,2,0,24,11,13,14,8,6,24,11,13,24,11,13,10,3,7,9,2,7,4,0,4,1,0,1,0,0,0,10,10,4,2,1,1,1,1,0,6,3,3,1,7,0,3,0
533724813,2,533724811,,5,3,2,*,*,*,*,*,*,*,*,*,*,*,*,*,*,*,*,*,*,*,*,*,*,*,*,*,*,*,*,*,*,1,1,*,*,*,*,*,*,*,*,*,*,*,*,*,*,*
533724814,0,,,51,28,23,6,4,2,45,24,21,29,16,13,42,22,20,41,22,19,16,8,8,8,3,5,2,0,2,0,0,0,0,0,0,20,20,4,7,5,2,2,0,0,16,14,2,1,12,0,2,2
533724821,0,,,330,157,173,42,27,15,288,130,158,181,87,94,277,126,151,267,124,143,107,43,64,50,17,33,21,5,16,0,0,0,2,0,2,120,120,25,40,22,17,7,7,2,95,74,21,10,72,0,17,13
533724822,0,,,87,42,45,16,8,8,71,34,37,42,22,20,68,31,37,68,31,37,29,12,17,13,4,9,7,2,5,0,0,0,0,0,0,31,31,5,12,3,6,5,0,0,26,23,3,5,19,0,5,7
533724823,0,,,607,287,320,48,28,20,559,259,300,294,150,144,542,250,292,535,247,288,265,109,156,154,58,96,65,18,47,7,0,7,2,1,1,228,227,59,62,49,33,13,7,4,167,111,56,12,168,1,41,33
533724824,0,,,516,231,285,69,30,39,444,199,245,239,127,112,428,194,234,425,192,233,205,72,133,147,47,100,86,22,64,19,2,17,4,3,1,172,171,52,47,28,20,13,9,2,119,93,26,22,93,9,22,23
533724831,1,,533724833,58,26,32,13,5,8,50,24,26,25,14,11,49,24,25,49,24,25,25,10,15,11,3,8,5,2,3,0,0,0,1,0,1,19,19,2,7,5,5,0,2,0,19,14,5,2,16,0,2,4
533724833,2,533724831,,5,3,2,*,*,*,*,*,*,*,*,*,*,*,*,*,*,*,*,*,*,*,*,*,*,*,*,*,*,*,*,*,*,2,2,*,*,*,*,*,*,*,*,*,*,*,*,*,*,*
533724871,2,533724872,,10,5,5,*,*,*,*,*,*,*,*,*,*,*,*,*,*,*,*,*,*,*,*,*,*,*,*,*,*,*,*,*,*,3,3,*,*,*,*,*,*,*,*,*,*,*,*,*,*,*
533724872,1,,533724871,31,15,16,3,1,2,38,19,19,19,10,9,36,17,19,36,17,19,19,9,10,10,3,7,3,1,2,0,0,0,0,0,0,13,13,4,5,2,4,1,0,0,12,9,3,1,14,0,4,4
533724873,0,,,43,23,20,2,2,0,41,21,20,23,12,11,38,19,19,37,19,18,18,9,9,9,4,5,3,1,2,0,0,0,0,0,0,16,16,3,4,5,3,1,0,0,13,11,2,0,11,0,2,3
533724874,0,,,49,27,22,2,2,0,47,25,22,14,9,5,47,25,22,47,25,22,33,16,17,25,10,15,7,2,5,2,0,2,0,0,0,27,27,13,10,2,1,0,1,0,14,11,3,0,23,1,11,6
533724881,0,,,12,4,8,0,0,0,12,4,8,5,2,3,12,4,8,12,4,8,7,2,5,4,1,3,3,1,2,0,0,0,0,0,0,6,6,1,4,1,0,0,0,0,5,5,0,0,5,0,1,1
533724901,0,,,12,6,6,1,1,0,11,5,6,8,4,4,10,4,6,10,4,6,3,1,2,0,0,0,0,0,0,0,0,0,0,0,0,5,5,0,3,2,0,0,0,0,5,5,0,0,2,0,0,1
533724902,1,,533724903,31,14,17,8,4,4,33,15,18,20,8,12,31,15,16,31,15,16,13,7,6,6,2,4,2,0,2,0,0,0,0,0,0,12,12,4,3,1,4,0,2,0,10,5,5,3,11,0,3,2
533724903,2,533724902,,10,5,5,*,*,*,*,*,*,*,*,*,*,*,*,*,*,*,*,*,*,*,*,*,*,*,*,*,*,*,*,*,*,2,2,*,*,*,*,*,*,*,*,*,*,*,*,*,*,*
533724911,2,533724912,,2,1,1,*,*,*,*,*,*,*,*,*,*,*,*,*,*,*,*,*,*,*,*,*,*,*,*,*,*,*,*,*,*,1,1,*,*,*,*,*,*,*,*,*,*,*,*,*,*,*
533724912,1,,533724911,126,68,58,17,10,7,111,59,52,58,32,26,109,59,50,109,59,50,53,27,26,22,11,11,8,3,5,0,0,0,1,0,1,45,45,8,16,10,6,3,2,1,38,28,10,4,35,0,6,9
533724913,0,,,112,57,55,14,7,7,98,50,48,60,32,28,97,50,47,97,50,47,38,18,20,21,11,10,7,3,4,0,0,0,0,0,0,43,43,10,17,6,6,0,2,2,33,24,9,3,26,0,4,8
533724914,0,,,78,39,39,8,3,5,70,36,34,45,24,21,68,35,33,68,35,33,25,12,13,9,3,6,3,1,2,0,0,0,0,0,0,22,22,0,5,9,4,1,2,1,22,13,9,2,16,0,0,3
533724921,0,,,413,192,221,48,27,21,365,165,200,208,102,106,349,158,191,342,155,187,157,63,94,97,38,59,32,8,24,1,0,1,4,4,0,170,170,46,58,33,23,3,4,3,122,101,21,12,101,4,29,31
533724922,0,,,301,150,151,35,20,15,266,130,136,160,83,77,262,130,132,254,123,131,106,47,59,54,24,30,28,11,17,1,0,1,10,10,0,124,124,31,50,23,10,4,3,3,92,77,15,11,70,7,14,23
533724923,0,,,343,165,178,33,17,16,310,148,162,143,75,68,299,140,159,294,138,156,167,73,94,98,46,52,24,11,13,0,0,0,2,0,2,145,145,38,61,18,15,10,2,1,106,89,17,5,111,0,32,40
533724924,0,,,58,25,33,7,2,5,51,23,28,24,13,11,50,22,28,49,22,27,27,10,17,17,7,10,5,0,5,0,0,0,1,1,0,26,26,7,11,4,3,1,0,0,19,19,0,1,18,0,6,6
533724931,0,,,17,10,7,3,3,0,14,7,7,7,4,3,13,7,6,13,7,6,7,3,4,4,2,2,1,0,1,0,0,0,0,0,0,8,8,4,2,1,0,0,1,0,4,4,0,0,6,0,4,1
533724933,0,,,16,8,8,1,1,0,15,7,8,7,2,5,14,7,7,14,7,7,8,5,3,4,2,2,1,0,1,0,0,0,0,0,0,6,6,2,2,0,1,0,1,0,4,2,2,0,5,0,1,2
533724972,0,,,130,64,66,12,9,3,118,55,63,57,33,24,117,54,63,116,54,62,61,22,39,42,14,28,20,7,13,3,0,3,1,0,1,61,61,26,15,11,7,1,0,1,35,26,9,4,44,0,19,6
533724974,0,,,64,29,35,12,6,6,51,22,29,29,13,16,51,22,29,51,22,29,22,9,13,15,7,8,8,4,4,0,0,0,0,0,0,26,26,9,6,6,3,0,1,1,17,13,4,3,16,0,5,1
533725042,0,,,47,25,22,2,1,1,45,24,21,23,12,11,43,24,19,42,23,19,22,12,10,8,3,5,3,0,3,1,0,1,0,0,0,21,21,9,7,1,1,1,2,0,12,9,3,1,17,0,8,5
533725043,0,,,48,19,29,5,2,3,43,17,26,21,8,13,41,17,24,41,17,24,22,9,13,12,1,11,9,1,8,0,0,0,1,0,1,21,21,9,7,0,3,0,1,1,12,7,5,2,18,0,7,5
533725044,0,,,33,18,15,4,2,2,29,16,13,19,10,9,29,16,13,29,16,13,10,6,4,6,3,3,2,1,1,0,0,0,0,0,0,15,15,5,6,1,2,1,0,0,10,8,2,2,6,0,0,3
533725051,1,,533725062;533725074,14,7,7,4,2,2,22,8,14,13,5,8,21,8,13,21,8,13,9,3,6,3,0,3,2,0,2,1,0,1,0,0,0,5,5,1,3,1,1,0,2,0,7,5,2,1,6,0,1,1
533725062,2,533725051,,10,3,7,*,*,*,*,*,*,*,*,*,*,*,*,*,*,*,*,*,*,*,*,*,*,*,*,*,*,*,*,*,*,2,2,*,*,*,*,*,*,*,*,*,*,*,*,*,*,*
533725074,2,533725051,,2,0,2,*,*,*,*,*,*,*,*,*,*,*,*,*,*,*,*,*,*,*,*,*,*,*,*,*,*,*,*,*,*,1,1,*,*,*,*,*,*,*,*,*,*,*,*,*,*,*
533725132,2,533725141,,9,3,6,*,*,*,*,*,*,*,*,*,*,*,*,*,*,*,*,*,*,*,*,*,*,*,*,*,*,*,*,*,*,3,3,*,*,*,*,*,*,*,*,*,*,*,*,*,*,*
533725141,1,,533725132;533725231,46,21,25,4,0,4,57,26,31,39,19,20,56,25,31,53,24,29,18,7,11,11,3,8,3,1,2,0,0,0,0,0,0,18,18,4,10,2,5,1,1,0,19,15,4,2,13,0,2,4
533725231,2,533725141,,6,2,4,*,*,*,*,*,*,*,*,*,*,*,*,*,*,*,*,*,*,*,*,*,*,*,*,*,*,*,*,*,*,2,2,*,*,*,*,*,*,*,*,*,*,*,*,*,*,*
533725604,0,,,30,15,15,0,0,0,30,15,15,13,7,6,28,14,14,27,13,14,17,8,9,11,4,7,3,1,2,1,0,1,1,0,1,18,18,9,7,1,1,0,0,0,9,8,1,0,12,1,5,3
533725613,0,,,19,7,12,1,1,0,18,6,12,8,3,5,17,6,11,17,6,11,10,3,7,5,0,5,3,0,3,2,0,2,1,0,1,9,9,3,4,0,2,0,0,0,6,5,1,0,7,0,3,1
533725623,2,533725624,,2,1,1,*,*,*,*,*,*,*,*,*,*,*,*,*,*,*,*,*,*,*,*,*,*,*,*,*,*,*,*,*,*,1,1,*,*,*,*,*,*,*,*,*,*,*,*,*,*,*
533725624,1,,533725623,12,6,6,0,0,0,14,7,7,5,3,2,13,7,6,13,7,6,9,4,5,8,4,4,2,1,1,0,0,0,0,0,0,8,8,5,3,1,0,0,0,0,4,4,0,0,7,0,4,2
533725631,0,,,20,10,10,0,0,0,20,10,10,9,5,4,19,9,10,18,9,9,11,5,6,7,3,4,2,0,2,0,0,0,0,0,0,11,11,5,4,1,1,0,0,0,6,6,0,0,8,0,4,2
533725633,0,,,53,23,30,10,4,6,43,19,24,28,13,15,39,17,22,39,17,22,15,6,9,9,3,6,1,0,1,0,0,0,0,0,0,16,16,5,3,2,0,3,1,2,11,6,5,4,11,0,3,1
533725701,1,,533725702,179,87,92,22,12,10,167,80,87,85,47,38,163,76,87,160,74,86,82,33,49,56,21,35,22,6,16,0,0,0,0,0,0,70,70,16,28,16,11,1,1,2,58,47,11,8,54,0,14,16
533725702,2,533725701,,10,5,5,*,*,*,*,*,*,*,*,*,*,*,*,*,*,*,*,*,*,*,*,*,*,*,*,*,*,*,*,*,*,5,5,*,*,*,*,*,*,*,*,*,*,*,*,*,*,*
533725703,0,,,67,34,33,5,4,1,62,30,32,26,12,14,62,30,32,62,30,32,36,18,18,17,8,9,10,4,6,2,1,1,0,0,0,23,23,1,9,8,4,0,0,1,22,17,5,2,19,0,1,5
533725711,0,,,20,11,9,1,1,0,19,10,9,10,6,4,18,10,8,18,10,8,9,4,5,7,4,3,2,0,2,0,0,0,0,0,0,9,9,4,1,3,0,1,0,0,5,3,2,0,8,0,4,0
533725712,0,,,13,6,7,0,0,0,13,6,7,6,3,3,13,6,7,13,6,7,7,3,4,4,1,3,1,0,1,0,0,0,0,0,0,7,7,3,3,0,1,0,0,0,4,4,0,0,6,0,3,1
533725721,0,,,59,23,36,3,0,3,56,23,33,24,9,15,55,23,32,55,23,32,32,14,18,20,8,12,10,4,6,1,0,1,1,0,1,29,29,11,10,4,4,0,0,0,18,14,4,1,21,0,8,5
533725722,1,,533725733,30,10,20,4,2,2,29,10,19,14,7,7,29,10,19,29,10,19,15,3,12,12,2,10,6,1,5,0,0,0,1,1,0,18,18,11,7,0,2,0,0,0,9,9,0,2,12,2,9,2
533725733,2,533725722,,3,2,1,*,*,*,*,*,*,*,*,*,*,*,*,*,*,*,*,*,*,*,*,*,*,*,*,*,*,*,*,*,*,2,2,*,*,*,*,*,*,*,*,*,*,*,*,*,*,*
533726012,0,,,13,6,7,2,1,1,11,5,6,6,3,3,11,5,6,11,5,6,5,2,3,3,1,2,0,0,0,0,0,0,0,0,0,5,5,1,1,2,1,0,0,0,4,3,1,0,3,0,0,1
533726014,0,,,17,11,6,0,0,0,16,10,6,7,5,2,14,9,5,14,9,5,9,5,4,4,3,1,1,1,0,0,0,0,0,0,0,7,7,2,3,1,0,0,1,0,5,4,1,0,6,0,1,1
533726021,0,,,142,71,71,26,17,9,116,54,62,76,36,40,109,52,57,106,51,55,40,18,22,20,9,11,5,3,2,1,0,1,1,0,1,50,50,9,15,11,6,8,1,0,41,34,7,6,25,0,5,7
533726022,0,,,510,231,279,78,41,37,432,190,242,293,136,157,404,175,229,389,167,222,139,54,85,63,22,41,18,3,15,1,0,1,62,30,32,216,216,71,63,37,33,7,2,3,145,126,19,16,107,1,48,18
533726024,0,,,265,124,141,36,19,17,229,105,124,126,61,65,216,100,116,211,98,113,103,44,59,61,22,39,32,8,24,7,2,5,1,0,1,88,87,14,33,19,10,9,1,1,72,63,9,12,49,0,12,19
533726031,0,,,592,291,301,70,37,33,518,251,267,347,176,171,496,238,258,486,233,253,171,75,96,89,38,51,26,9,17,6,1,5,16,7,9,253,253,89,79,27,39,9,8,2,161,129,32,12,110,16,23,34
533726032,0,,,228,103,125,26,15,11,201,88,113,102,48,54,195,86,109,194,86,108,99,40,59,54,20,34,17,3,14,4,0,4,2,0,2,85,85,20,31,14,8,7,1,4,65,47,18,7,62,1,10,18
533726033,0,,,590,270,320,68,36,32,521,233,288,288,143,145,506,226,280,495,220,275,233,90,143,165,55,110,97,26,71,14,2,12,6,0,6,202,198,57,55,39,32,8,5,2,140,112,28,19,95,15,21,24
533726034,0,,,522,252,270,75,27,48,433,214,219,324,164,160,422,213,209,417,211,206,109,50,59,56,20,36,21,8,13,3,0,3,14,12,2,239,239,108,58,30,22,13,4,4,128,103,25,22,72,18,19,19
533726041,0,,,611,314,297,80,44,36,509,255,254,355,189,166,491,246,245,485,243,242,154,66,88,75,33,42,24,10,14,0,0,0,9,3,6,284,284,127,59,52,31,9,1,5,150,123,27,25,104,26,28,26
533726042,0,,,703,346,357,107,60,47,572,272,300,354,175,179,551,260,291,541,255,286,218,97,121,97,40,57,27,9,18,2,0,2,14,5,9,280,280,77,95,49,25,20,9,5,195,157,38,23,142,11,26,39
533726043,0,,,467,244,223,68,38,30,378,194,184,274,150,124,366,189,177,363,187,176,104,44,60,51,23,28,15,6,9,0,0,0,13,10,3,199,199,77,54,26,22,13,2,5,115,89,26,26,70,10,11,17
533726044,0,,,806,408,398,82,37,45,705,360,345,460,246,214,691,355,336,680,348,332,245,114,131,122,53,69,51,17,34,3,1,2,14,4,10,349,347,115,107,68,35,13,7,2,225,192,33,25,166,13,42,41
533726051,0,,,798,391,407,123,67,56,654,311,343,479,238,241,638,301,337,622,291,331,175,73,102,100,42,58,28,12,16,1,0,1,14,7,7,323,323,92,95,60,51,19,5,1,224,187,37,42,121,14,23,31
533726052,0,,,742,348,394,76,34,42,661,311,350,422,214,208,639,297,342,627,294,333,239,97,142,137,45,92,54,13,41,10,0,10,14,10,4,268,267,68,90,49,34,19,3,4,199,159,40,23,115,13,18,31
533726053,0,,,809,384,425,105,53,52,675,316,359,438,214,224,649,302,347,642,297,345,237,102,135,124,53,71,45,17,28,5,1,4,11,4,7,323,323,88,99,62,50,12,8,4,224,178,46,27,152,18,27,44
533726054,0,,,720,358,362,103,58,45,592,286,306,420,207,213,565,273,292,552,267,285,172,79,93,85,40,45,18,7,11,2,0,2,7,3,4,302,302,95,88,61,35,15,5,3,199,171,28,32,114,16,25,34
533726061,0,,,430,194,236,43,21,22,380,169,211,220,108,112,365,162,203,361,161,200,160,61,99,99,30,69,56,11,45,7,1,6,3,0,3,169,168,54,52,29,17,11,3,2,111,83,28,15,94,3,24,19
533726062,0,,,757,354,403,81,38,43,665,309,356,449,223,226,644,296,348,632,290,342,216,86,130,102,37,65,32,8,24,2,0,2,42,16,26,340,340,124,103,60,28,17,6,2,207,177,30,21,156,31,48,32
533726063,0,,,1027,490,537,129,75,54,880,404,476,476,235,241,862,395,467,852,391,461,404,169,235,272,104,168,134,49,85,10,0,10,13,5,8,391,388,135,116,57,46,23,6,5,248,205,43,38,200,12,59,56
533726064,0,,,845,395,450,106,53,53,723,332,391,436,207,229,707,322,385,692,315,377,287,125,162,166,71,95,61,24,37,3,0,3,8,4,4,352,352,116,106,59,36,24,4,7,234,186,48,21,186,13,44,47
533726071,0,,,712,330,382,84,48,36,605,268,337,401,190,211,581,257,324,567,251,316,204,78,126,116,41,75,43,17,26,5,0,5,78,37,41,351,351,154,100,54,26,12,3,2,192,166,26,24,143,16,57,37
533726072,0,,,516,257,259,67,37,30,440,214,226,315,158,157,425,205,220,416,203,213,125,56,69,66,27,39,29,11,18,2,1,1,4,2,2,225,225,92,55,32,25,13,4,4,132,108,24,16,88,14,26,19
533726073,0,,,590,289,301,59,36,23,517,245,272,305,160,145,503,236,267,493,231,262,212,85,127,129,41,88,58,14,44,10,2,8,2,1,1,237,236,94,59,21,34,14,9,5,141,98,43,15,131,11,34,26
533726074,0,,,267,132,135,14,8,6,246,120,126,142,75,67,242,119,123,240,118,122,104,45,59,65,26,39,22,7,15,2,1,1,3,1,2,115,114,42,31,20,12,4,4,1,72,47,25,5,62,8,10,17
533726081,0,,,700,359,341,98,60,38,580,286,294,451,234,217,565,277,288,553,272,281,129,52,77,76,24,52,23,5,18,4,0,4,10,10,0,307,306,126,64,58,39,11,5,3,174,146,28,38,87,33,19,16
533726082,0,,,319,143,176,48,22,26,265,119,146,201,90,111,256,118,138,254,117,137,64,29,35,37,14,23,12,4,8,0,0,0,1,0,1,138,138,47,41,25,14,8,2,1,88,75,13,22,43,7,11,14
533726083,0,,,139,69,70,13,8,5,126,61,65,64,35,29,123,58,65,120,56,64,62,26,36,37,14,23,13,3,10,2,0,2,1,0,1,49,49,11,10,14,6,6,2,0,38,22,16,3,40,0,7,6
533726084,0,,,72,38,34,7,6,1,65,32,33,40,22,18,63,31,32,61,30,31,25,10,15,17,6,11,5,2,3,0,0,0,0,0,0,20,20,2,5,4,3,2,2,2,18,10,8,1,17,0,2,3
533726091,0,,,109,44,65,6,3,3,103,41,62,53,24,29,100,41,59,98,41,57,50,17,33,25,6,19,7,1,6,2,0,2,0,0,0,27,26,9,3,7,4,1,1,1,17,10,7,2,17,0,6,0
533726093,0,,,320,161,159,21,12,9,299,149,150,178,99,79,289,143,146,278,135,143,121,50,71,57,19,38,26,6,20,5,0,5,2,1,1,112,111,18,36,24,23,6,1,3,93,73,20,5,67,3,9,19
533726094,0,,,77,40,37,17,12,5,60,28,32,34,18,16,58,27,31,58,27,31,26,10,16,15,5,10,4,1,3,0,0,0,0,0,0,20,20,4,5,0,4,3,0,4,16,6,10,3,16,0,4,3
533726121,2,533726122,,2,1,1,*,*,*,*,*,*,*,*,*,*,*,*,*,*,*,*,*,*,*,*,*,*,*,*,*,*,*,*,*,*,1,1,*,*,*,*,*,*,*,*,*,*,*,*,*,*,*
533726122,1,,533726121;533726124,28,15,13,3,1,2,34,18,16,26,14,12,33,18,15,32,18,14,8,4,4,5,1,4,1,0,1,0,0,0,2,2,0,12,12,3,6,2,4,0,0,0,12,11,1,1,7,1,1,2
533726124,2,533726122,,7,3,4,*,*,*,*,*,*,*,*,*,*,*,*,*,*,*,*,*,*,*,*,*,*,*,*,*,*,*,*,*,*,2,2,*,*,*,*,*,*,*,*,*,*,*,*,*,*,*
533726131,0,,,305,151,154,46,23,23,258,127,131,182,91,91,243,119,124,237,117,120,76,36,40,37,17,20,15,4,11,2,0,2,11,7,4,104,104,23,22,24,19,11,2,3,80,63,17,13,47,4,8,8
533726132,0,,,571,280,291,98,61,37,471,218,253,328,161,167,446,202,244,438,198,240,143,57,86,84,30,54,40,16,24,5,0,5,5,2,3,193,192,39,46,43,44,10,5,5,152,121,31,26,88,0,26,17
533726133,0,,,79,34,45,9,4,5,70,30,40,38,15,23,68,29,39,67,29,38,32,15,17,13,7,6,4,1,3,0,0,0,0,0,0,22,22,2,4,5,5,3,2,1,19,11,8,4,19,0,1,3
533726134,0,,,223,114,109,28,16,12,194,97,97,127,70,57,190,96,94,183,91,92,67,27,40,38,15,23,14,5,9,0,0,0,5,2,3,84,84,20,26,16,11,7,4,0,64,52,12,4,48,0,14,10
533726141,0,,,505,243,262,77,43,34,428,200,228,264,128,136,412,189,223,407,187,220,164,72,92,93,41,52,32,10,22,3,1,2,12,6,6,179,179,32,63,30,30,11,9,4,147,116,31,21,105,4,17,34
533726142,0,,,829,382,447,111,46,65,711,332,379,426,208,218,695,323,372,688,321,367,285,124,161,172,69,103,68,22,46,3,2,1,15,6,9,326,326,83,102,70,41,17,8,5,240,187,53,38,191,5,42,49
533726143,0,,,428,211,217,34,16,18,389,192,197,214,116,98,377,186,191,372,183,189,175,76,99,104,43,61,31,9,22,3,0,3,4,1,3,199,199,73,69,27,20,5,4,1,123,102,21,6,113,13,32,39
533726144,0,,,605,289,316,81,46,35,520,241,279,337,164,173,506,236,270,498,233,265,183,77,106,112,43,69,48,17,31,4,0,4,12,3,9,246,246,67,83,45,30,13,5,3,177,147,30,23,128,7,32,32
533726151,0,,,695,354,341,101,55,46,582,294,288,367,197,170,565,286,279,556,279,277,215,97,118,116,48,68,41,14,27,7,1,6,10,4,6,287,287,97,80,51,30,15,10,4,186,143,43,27,155,6,48,27
533726152,0,,,607,295,312,74,34,40,527,256,271,348,178,170,513,248,265,502,241,261,179,78,101,101,39,62,34,12,22,2,1,1,7,1,6,280,280,115,77,40,32,10,4,2,161,141,20,22,130,13,48,29
533726153,0,,,629,321,308,50,30,20,571,284,287,336,187,149,556,277,279,548,272,276,235,97,138,132,51,81,42,12,30,2,0,2,16,8,8,293,289,121,88,39,27,10,3,1,165,139,26,15,154,19,47,41
533726154,0,,,650,315,335,74,37,37,572,276,296,288,148,140,562,269,293,557,266,291,284,128,156,153,62,91,59,25,34,5,2,3,5,2,3,286,284,95,96,46,36,5,5,1,188,158,30,21,188,4,63,59
533726161,0,,,768,378,390,127,67,60,637,308,329,396,202,194,618,299,319,605,291,314,241,106,135,132,52,80,74,27,47,8,2,6,7,2,5,295,294,84,80,59,44,19,7,1,209,172,37,35,142,6,35,32
533726162,0,,,737,313,424,89,47,42,635,254,381,379,168,211,615,244,371,607,242,365,256,86,170,152,41,111,79,20,59,9,1,8,13,5,8,321,320,121,97,56,30,11,4,1,194,163,31,24,153,9,57,34
533726163,0,,,1048,481,567,116,64,52,912,405,507,457,225,232,880,387,493,867,380,487,455,180,275,282,101,181,124,33,91,17,7,10,29,7,22,511,509,220,161,67,37,15,6,3,286,236,50,27,329,3,133,91
533726164,0,,,998,450,548,112,56,56,863,377,486,548,245,303,831,367,464,818,363,455,315,132,183,184,65,119,81,25,56,5,0,5,20,7,13,486,484,231,126,68,37,10,10,2,246,205,41,25,207,37,82,44
533726171,0,,,516,255,261,42,23,19,461,225,236,301,156,145,457,225,232,452,224,228,160,69,91,88,38,50,27,11,16,2,1,1,12,6,6,254,254,107,72,44,25,4,1,1,143,124,19,17,107,16,31,32
533726172,0,,,288,135,153,37,18,19,245,115,130,172,82,90,236,110,126,235,109,126,73,33,40,43,21,22,12,5,7,3,1,2,4,2,2,116,116,29,39,25,14,5,3,1,85,69,16,10,44,11,5,10
533726173,0,,,750,337,413,99,54,45,634,275,359,346,173,173,619,267,352,615,264,351,288,102,186,188,55,133,113,23,90,24,3,21,4,1,3,277,273,85,83,47,31,14,5,8,186,152,34,25,139,15,34,44
533726174,0,,,300,139,161,37,16,21,261,122,139,163,82,81,253,118,135,248,118,130,98,40,58,55,22,33,25,7,18,2,0,2,4,1,3,126,126,41,37,25,12,7,2,2,83,63,20,14,60,5,11,16
533726181,1,,533726182,180,82,98,20,10,10,166,74,92,112,48,64,163,72,91,161,70,91,54,26,28,23,10,13,7,4,3,1,1,0,3,0,3,68,68,15,24,17,7,5,2,1,54,44,10,5,35,3,4,6
533726182,2,533726181,,6,2,4,*,*,*,*,*,*,*,*,*,*,*,*,*,*,*,*,*,*,*,*,*,*,*,*,*,*,*,*,*,*,3,3,*,*,*,*,*,*,*,*,*,*,*,*,*,*,*
533726183,0,,,359,180,179,54,28,26,303,150,153,190,95,95,293,145,148,286,141,145,113,55,58,57,27,30,19,9,10,1,1,0,2,0,2,132,132,33,41,19,18,13,7,1,98,77,21,14,71,2,12,28
533726184,0,,,93,42,51,10,3,7,83,39,44,54,25,29,80,37,43,79,37,42,29,14,15,12,3,9,5,0,5,1,0,1,0,0,0,30,30,6,7,4,6,5,2,0,23,16,7,2,20,0,4,3
533726191,0,,,153,72,81,21,10,11,132,62,70,87,42,45,124,59,65,122,59,63,45,20,25,28,10,18,11,2,9,1,0,1,0,0,0,54,54,9,14,12,15,4,0,0,45,35,10,9,33,0,8,4
533726192,0,,,88,44,44,10,2,8,78,42,36,42,26,16,74,38,36,72,37,35,36,16,20,17,5,12,5,0,5,0,0,0,0,0,0,32,32,7,12,6,2,2,1,2,25,22,3,2,22,0,4,7
533726193,0,,,118,65,53,25,16,9,93,49,44,69,37,32,91,48,43,91,48,43,24,12,12,9,4,5,4,1,3,0,0,0,0,0,0,37,37,4,8,9,9,7,0,0,33,28,5,9,15,1,2,2
533726194,0,,,382,179,203,47,21,26,334,157,177,185,96,89,325,152,173,321,150,171,149,61,88,70,25,45,28,5,23,6,0,6,4,1,3,151,150,36,50,31,20,9,3,1,114,90,24,9,91,2,21,24
533726222,2,533726231,,11,7,4,*,*,*,*,*,*,*,*,*,*,*,*,*,*,*,*,*,*,*,*,*,*,*,*,*,*,*,*,*,*,4,4,*,*,*,*,*,*,*,*,*,*,*,*,*,*,*
533726231,1,,533726222,226,114,112,26,11,15,211,110,101,116,61,55,207,107,100,203,105,98,95,49,46,48,25,23,17,8,9,0,0,0,4,3,1,86,86,22,30,15,14,5,1,3,68,56,12,11,64,2,17,15
533726232,0,,,471,211,260,56,23,33,413,187,226,247,118,129,402,181,221,394,179,215,166,69,97,93,38,55,27,6,21,3,0,3,21,8,13,191,190,63,60,25,22,10,7,3,127,103,24,16,109,10,38,31
533726233,0,,,43,17,26,8,2,6,34,14,20,19,8,11,34,14,20,33,14,19,15,6,9,11,4,7,3,1,2,1,0,1,0,0,0,17,17,6,4,3,1,2,1,0,11,7,4,1,11,0,3,2
533726234,0,,,228,112,116,29,11,18,199,101,98,114,56,58,188,96,92,185,96,89,85,45,40,48,27,21,15,7,8,0,0,0,0,0,0,69,69,10,19,12,12,6,5,5,59,36,23,6,54,1,6,14
533726241,0,,,670,324,346,95,44,51,570,278,292,400,196,204,547,265,282,537,261,276,170,82,88,87,38,49,28,13,15,1,0,1,8,4,4,264,264,68,88,49,29,23,3,4,191,162,29,24,111,8,22,35
533726242,0,,,964,465,499,139,62,77,806,393,413,579,295,284,773,376,397,750,362,388,227,98,129,135,52,83,52,18,34,6,2,4,7,3,4,390,389,123,103,77,54,22,6,4,262,218,44,37,141,15,34,42
533726243,0,,,423,171,252,46,27,19,377,144,233,165,80,85,368,137,231,363,136,227,212,64,148,163,43,120,102,20,82,18,2,16,9,3,6,132,128,35,43,23,16,9,2,0,91,77,14,14,69,2,21,19
533726244,0,,,603,294,309,89,45,44,506,244,262,335,166,169,492,237,255,480,233,247,171,78,93,91,37,54,34,16,18,4,0,4,24,9,15,253,253,79,81,47,23,15,5,3,172,147,25,23,117,7,32,35
533726251,0,,,900,439,461,113,55,58,762,368,394,481,252,229,746,359,387,739,357,382,281,116,165,151,58,93,58,19,39,4,3,1,29,9,20,434,434,190,128,52,36,17,8,3,235,192,43,29,206,21,77,48
533726252,0,,,1124,540,584,86,43,43,1015,486,529,513,265,248,999,475,524,988,466,522,502,221,281,322,123,199,171,62,109,23,8,15,31,3,28,424,419,173,130,54,39,13,7,3,239,202,37,27,219,11,73,55
533726253,0,,,750,358,392,97,41,56,646,313,333,404,196,208,631,303,328,623,301,322,242,117,125,126,53,73,52,20,32,3,0,3,10,4,6,319,318,101,105,51,33,21,5,2,216,187,29,29,160,13,44,52
533726254,0,,,735,362,373,76,37,39,633,308,325,391,204,187,616,299,317,608,295,313,242,104,138,152,63,89,63,21,42,5,1,4,14,7,7,351,351,159,86,51,33,15,5,2,188,154,34,15,167,13,54,42
533726261,0,,,938,446,492,71,37,34,859,404,455,479,251,228,832,390,442,819,387,432,380,153,227,236,87,149,93,25,68,7,1,6,11,2,9,436,436,177,121,70,42,18,5,3,258,199,59,17,256,31,79,73
533726262,0,,,925,452,473,123,65,58,783,374,409,470,251,219,760,363,397,749,357,392,313,123,190,192,71,121,62,20,42,4,0,4,30,12,18,419,417,159,127,51,56,14,8,2,251,215,36,29,222,11,71,63
533726263,0,,,988,489,499,85,48,37,891,433,458,495,263,232,869,422,447,861,417,444,396,170,226,219,83,136,97,33,64,9,2,7,22,8,14,489,489,227,140,54,38,18,7,5,260,212,48,23,272,35,97,71
533726264,0,,,1022,512,510,118,55,63,899,454,445,604,321,283,877,442,435,865,437,428,295,133,162,163,67,96,70,27,43,4,2,2,8,1,7,458,458,180,132,60,51,23,7,5,271,223,48,38,196,38,56,55
533726271,0,,,847,438,409,114,60,54,706,360,346,444,240,204,681,351,330,677,348,329,262,120,142,155,60,95,63,18,45,9,4,5,9,4,5,412,411,200,94,56,42,8,6,5,207,174,33,29,174,34,68,42
533726272,0,,,326,162,164,33,19,14,288,140,148,170,92,78,280,138,142,276,135,141,118,48,70,78,29,49,27,10,17,2,0,2,4,1,3,144,144,51,51,15,17,5,1,4,92,73,19,10,80,11,17,22
533726273,0,,,773,361,412,119,58,61,652,301,351,426,199,227,619,280,339,609,275,334,226,102,124,128,57,71,32,12,20,3,1,2,9,1,8,289,289,58,96,60,45,19,10,1,230,195,35,23,146,2,26,48
533726274,0,,,642,324,318,80,37,43,545,273,272,319,174,145,531,265,266,529,264,265,226,99,127,125,53,72,40,12,28,4,0,4,2,2,0,283,283,100,84,48,35,13,1,2,181,139,42,23,149,12,41,32
533726281,0,,,446,223,223,45,20,25,394,196,198,287,146,141,385,191,194,379,188,191,107,50,57,49,23,26,18,8,10,2,0,2,13,6,7,202,202,82,53,30,24,7,5,1,117,99,18,17,76,14,20,13
533726282,0,,,182,89,93,11,7,4,170,81,89,90,51,39,165,78,87,164,77,87,80,30,50,59,18,41,27,6,21,4,0,4,0,0,0,69,68,29,14,12,7,5,0,1,38,24,14,2,30,6,5,6
533726283,0,,,461,220,241,65,26,39,382,182,200,232,115,117,373,177,196,369,175,194,150,67,83,85,42,43,19,7,12,1,0,1,4,2,2,177,177,51,49,34,23,9,7,4,126,96,30,17,90,11,11,32
533726284,0,,,240,116,124,29,15,14,211,101,110,124,64,60,206,100,106,201,96,105,87,37,50,48,21,27,14,6,8,1,0,1,0,0,0,78,78,7,25,19,16,6,4,1,71,48,23,10,52,0,5,14
533726292,0,,,172,89,83,23,11,12,149,78,71,98,55,43,129,65,64,123,62,61,51,23,28,31,13,18,12,6,6,1,0,1,0,0,0,54,48,10,15,9,8,5,1,0,38,32,6,9,30,1,6,7
533726293,0,,,95,42,53,13,6,7,82,36,46,62,27,35,80,35,45,79,35,44,20,9,11,9,4,5,3,1,2,0,0,0,2,0,2,30,30,4,10,5,5,3,1,2,26,18,8,4,14,0,2,3
533726294,0,,,16,7,9,4,0,4,12,7,5,7,5,2,11,6,5,11,6,5,5,2,3,2,1,1,2,1,1,0,0,0,0,0,0,5,5,1,2,0,0,1,1,0,4,3,1,0,3,0,0,1
533726331,1,,533726511,38,19,19,2,2,0,37,18,19,18,10,8,34,17,17,33,17,16,19,8,11,10,5,5,3,1,2,0,0,0,4,2,2,14,14,5,2,4,3,0,1,0,10,7,3,0,12,0,4,1
533726332,0,,,140,64,76,6,1,5,134,63,71,73,38,35,130,60,70,127,60,67,61,25,36,29,13,16,12,3,9,1,0,1,8,3,5,69,69,33,18,9,6,0,2,1,35,27,8,1,50,0,26,5
533726341,0,,,391,188,203,53,28,25,338,160,178,211,102,109,320,149,171,310,144,166,127,58,69,68,25,43,23,6,17,1,0,1,14,4,10,157,157,46,45,31,22,6,6,1,107,90,17,13,89,1,33,22
533726342,0,,,488,231,257,39,19,20,448,211,237,249,128,121,435,204,231,429,201,228,199,83,116,119,48,71,45,18,27,1,1,0,5,0,5,203,203,53,75,37,26,7,2,3,149,122,27,8,134,1,35,36
533726344,0,,,184,93,91,15,8,7,169,85,84,98,53,45,164,83,81,160,80,80,71,32,39,48,22,26,10,4,6,1,1,0,1,0,1,73,73,14,27,19,7,5,1,0,59,50,9,6,45,1,8,14
533726351,0,,,186,88,98,19,10,9,167,78,89,95,47,48,165,78,87,160,76,84,72,31,41,38,16,22,15,5,10,0,0,0,0,0,0,78,76,22,29,13,9,1,0,2,54,47,7,6,45,4,9,16
533726352,0,,,232,139,93,16,10,6,205,119,86,142,90,52,199,116,83,195,114,81,63,29,34,36,13,23,13,5,8,0,0,0,1,0,1,130,130,80,22,16,5,4,2,1,49,39,10,8,42,31,11,13
533726353,0,,,287,135,152,45,22,23,240,112,128,149,71,78,228,110,118,224,107,117,91,41,50,44,21,23,12,3,9,2,0,2,3,2,1,108,107,22,38,23,13,7,2,2,83,66,17,6,58,3,14,13
533726354,0,,,109,50,59,15,6,9,93,43,50,52,25,27,92,43,49,91,43,48,41,18,23,17,6,11,8,3,5,1,0,1,0,0,0,46,46,16,13,6,7,3,1,0,29,21,8,1,25,1,5,9
533726361,0,,,978,455,523,144,62,82,812,380,432,545,271,274,790,369,421,781,367,414,267,109,158,151,56,95,59,17,42,9,1,8,8,1,7,419,418,138,130,77,40,17,10,6,277,236,41,48,179,15,49,48
533726362,0,,,604,289,315,107,48,59,494,239,255,325,165,160,472,228,244,469,226,243,169,74,95,100,46,54,29,12,17,4,1,3,6,3,3,244,244,83,71,30,34,12,8,6,159,131,28,25,113,11,35,34
533726363,0,,,263,124,139,25,11,14,222,104,118,139,68,71,219,102,117,218,102,116,83,36,47,45,15,30,10,3,7,2,1,1,0,0,0,118,117,45,33,17,11,10,1,0,68,51,17,7,56,6,13,13
533726364,0,,,676,325,351,100,57,43,566,264,302,374,172,202,541,256,285,534,252,282,192,92,100,110,50,60,37,18,19,4,1,3,3,0,3,270,270,77,81,59,24,16,8,5,189,158,31,25,128,15,25,39
533726371,0,,,676,331,345,114,59,55,553,268,285,400,202,198,527,254,273,514,250,264,153,66,87,81,33,48,23,9,14,3,0,3,6,2,4,259,259,65,74,50,45,20,3,2,193,169,24,33,103,11,20,28
533726372,0,,,805,389,416,115,62,53,685,324,361,452,225,227,659,313,346,646,305,341,233,99,134,131,61,70,32,14,18,4,0,4,6,4,2,333,333,98,109,59,37,21,6,3,232,192,40,23,164,9,38,44
533726373,0,,,341,174,167,41,23,18,296,148,148,206,107,99,283,139,144,274,136,138,90,41,49,44,19,25,10,6,4,0,0,0,2,0,2,145,145,41,52,24,22,4,0,2,100,92,8,9,57,5,13,20
533726374,0,,,53,24,29,8,5,3,45,19,26,22,11,11,43,17,26,42,17,25,23,8,15,9,3,6,2,0,2,0,0,0,1,0,1,19,19,6,6,2,2,0,1,2,13,10,3,2,16,0,5,4
533726381,0,,,540,289,251,68,38,30,458,242,216,323,174,149,451,238,213,444,236,208,135,68,67,75,40,35,15,7,8,2,1,1,4,1,3,223,223,76,62,40,23,10,6,6,145,121,24,24,90,15,21,25
533726382,0,,,306,157,149,32,19,13,272,137,135,171,93,78,265,132,133,262,130,132,101,44,57,55,22,33,20,7,13,1,0,1,1,0,1,141,141,58,38,19,17,7,2,0,80,62,18,8,61,15,14,20
533726383,0,,,384,195,189,67,33,34,311,158,153,226,117,109,297,149,148,290,145,145,85,41,44,40,16,24,15,7,8,2,2,0,3,2,1,138,138,38,35,24,18,12,7,4,98,77,21,18,57,6,10,14
533726384,0,,,344,166,178,40,17,23,301,148,153,190,95,95,293,144,149,288,141,147,111,53,58,62,25,37,26,14,12,2,1,1,1,0,1,146,146,46,43,31,16,7,1,2,99,83,16,14,75,4,21,19
533726391,0,,,175,89,86,15,5,10,160,84,76,101,54,47,155,83,72,152,81,71,59,30,29,24,11,13,5,3,2,0,0,0,0,0,0,64,59,11,19,13,5,6,3,2,48,33,15,4,38,3,3,12
533726392,0,,,73,36,37,8,3,5,65,33,32,35,20,15,64,32,32,62,31,31,30,13,17,13,6,7,4,2,2,1,1,0,0,0,0,24,24,3,6,8,3,3,0,1,21,14,7,2,19,0,3,2
533726393,0,,,256,129,127,46,24,22,203,101,102,135,67,68,200,98,102,197,97,100,68,34,34,33,17,16,11,5,6,1,1,0,2,2,0,98,98,25,34,12,14,8,4,1,72,54,18,14,42,5,2,14
533726394,0,,,43,23,20,2,2,0,39,20,19,20,12,8,38,20,18,38,20,18,19,8,11,13,4,9,9,3,6,2,0,2,0,0,0,20,19,12,2,3,2,0,0,0,7,6,1,1,7,1,3,0
533726451,0,,,125,61,64,26,14,12,99,47,52,69,34,35,86,43,43,82,41,41,30,13,17,12,4,8,3,0,3,0,0,0,6,1,5,41,40,11,13,7,5,3,1,0,29,23,6,4,22,0,6,7
533726452,1,,533726454,94,47,47,15,8,7,87,43,44,55,27,28,85,43,42,85,43,42,32,16,16,9,6,3,4,3,1,1,1,0,0,0,0,33,33,6,12,7,2,6,1,1,29,22,7,5,18,0,2,6
533726454,2,533726452,,8,4,4,*,*,*,*,*,*,*,*,*,*,*,*,*,*,*,*,*,*,*,*,*,*,*,*,*,*,*,*,*,*,2,2,*,*,*,*,*,*,*,*,*,*,*,*,*,*,*
533726461,1,,533726463,213,110,103,28,13,15,189,99,90,118,68,50,183,95,88,182,94,88,71,31,40,34,12,22,8,2,6,1,0,1,3,0,3,69,69,8,25,12,14,7,3,2,62,43,19,5,49,0,4,9
533726462,0,,,441,229,212,47,27,20,388,199,189,254,133,121,376,191,185,371,190,181,134,66,68,68,28,40,21,6,15,4,0,4,7,5,2,194,194,61,67,32,24,7,2,1,132,110,22,20,87,7,27,23
533726463,2,533726461,,5,3,2,*,*,*,*,*,*,*,*,*,*,*,*,*,*,*,*,*,*,*,*,*,*,*,*,*,*,*,*,*,*,2,2,*,*,*,*,*,*,*,*,*,*,*,*,*,*,*
533726464,0,,,76,34,42,13,7,6,63,27,36,37,16,21,63,27,36,62,27,35,26,11,15,12,5,7,1,1,0,0,0,0,0,0,0,30,30,11,10,3,1,1,2,2,19,15,4,2,19,0,9,3
533726471,0,,,56,30,26,7,5,2,49,25,24,38,19,19,49,25,24,48,24,24,11,6,5,6,3,3,3,1,2,0,0,0,4,3,1,25,25,10,6,5,2,1,1,0,14,12,2,2,7,0,1,3
533726472,0,,,172,82,90,21,11,10,151,71,80,87,41,46,146,69,77,143,69,74,64,30,34,20,11,9,8,3,5,3,2,1,0,0,0,57,57,7,18,14,9,4,4,1,49,36,13,2,40,0,5,11
533726473,0,,,209,105,104,30,16,14,174,87,87,111,56,55,168,83,85,166,82,84,63,31,32,33,16,17,11,3,8,1,0,1,0,0,0,68,68,8,17,21,13,6,0,3,59,42,17,8,37,1,2,8
533726474,0,,,535,259,276,71,41,30,464,218,246,270,132,138,452,213,239,443,210,233,194,86,108,97,40,57,25,8,17,2,0,2,8,2,6,205,205,50,65,39,30,14,3,4,153,125,28,6,136,0,41,32
533726481,0,,,36,15,21,1,0,1,35,15,20,12,3,9,35,15,20,35,15,20,23,12,11,11,6,5,6,2,4,1,1,0,0,0,0,13,13,2,4,4,1,2,0,0,11,5,6,0,11,0,2,2
533726482,0,,,554,266,288,61,31,30,491,233,258,257,133,124,481,228,253,473,223,250,234,100,134,139,58,81,48,16,32,8,2,6,4,1,3,202,201,51,64,31,28,13,8,6,148,103,45,11,142,6,28,34
533726483,0,,,30,16,14,2,1,1,28,15,13,12,6,6,28,15,13,28,15,13,16,9,7,11,5,6,8,4,4,0,0,0,0,0,0,10,10,0,4,3,2,1,0,0,10,4,6,0,10,0,0,2
533726484,0,,,116,54,62,17,9,8,99,45,54,66,31,35,96,44,52,95,43,52,33,14,19,23,9,14,9,5,4,0,0,0,0,0,0,41,41,13,6,9,6,4,2,1,28,15,13,6,23,2,4,3
533726491,0,,,398,194,204,59,30,29,336,162,174,201,103,98,322,155,167,320,154,166,135,59,76,75,29,46,34,11,23,3,1,2,9,6,3,147,147,40,39,30,18,8,7,5,106,76,30,13,91,5,22,21
533726492,0,,,141,66,75,15,6,9,123,58,65,87,41,46,119,57,62,118,57,61,36,17,19,18,6,12,2,0,2,0,0,0,0,0,0,59,59,14,22,15,2,6,0,0,43,39,4,6,24,0,4,7
533726493,0,,,296,137,159,33,17,16,263,120,143,161,80,81,256,116,140,251,115,136,102,40,62,52,19,33,18,4,14,2,1,1,1,0,1,105,105,18,34,19,22,8,3,1,85,63,22,7,65,1,13,15
533726494,0,,,256,133,123,42,24,18,213,109,104,127,69,58,207,107,100,205,107,98,86,40,46,49,21,28,22,10,12,3,0,3,1,0,1,97,97,26,27,19,13,7,3,2,71,58,13,13,55,1,12,13
533726511,2,533726331,,1,1,0,*,*,*,*,*,*,*,*,*,*,*,*,*,*,*,*,*,*,*,*,*,*,*,*,*,*,*,*,*,*,1,1,*,*,*,*,*,*,*,*,*,*,*,*,*,*,*
533726562,1,,533726564,11,7,4,3,3,0,19,12,7,13,9,4,18,11,7,17,10,7,6,3,3,2,1,1,2,1,1,0,0,0,0,0,0,6,6,3,2,1,3,0,0,0,6,6,0,1,6,0,3,0
533726564,2,533726562,,11,8,3,*,*,*,*,*,*,*,*,*,*,*,*,*,*,*,*,*,*,*,*,*,*,*,*,*,*,*,*,*,*,3,3,*,*,*,*,*,*,*,*,*,*,*,*,*,*,*
533726571,0,,,94,49,45,10,6,4,84,43,41,54,29,25,79,40,39,77,39,38,30,14,16,10,4,6,3,2,1,0,0,0,0,0,0,31,31,8,5,9,2,3,3,1,23,18,5,2,18,0,3,3
533726572,0,,,125,61,64,8,2,6,117,59,58,48,27,21,114,57,57,113,56,57,69,32,37,29,12,17,11,4,7,0,0,0,0,0,0,51,51,10,24,7,4,6,0,0,41,33,8,1,41,0,7,15
533726573,0,,,30,12,18,9,3,6,21,9,12,16,7,9,18,8,10,18,8,10,5,2,3,3,1,2,0,0,0,0,0,0,0,0,0,8,8,0,3,1,1,1,2,0,8,6,2,2,4,0,0,2
533726574,0,,,91,42,49,11,3,8,79,38,41,42,20,22,77,36,41,76,36,40,37,18,19,13,5,8,2,2,0,0,0,0,1,0,1,34,34,6,14,5,6,1,1,1,28,22,6,4,23,0,3,9
533726581,0,,,61,27,34,7,2,5,54,25,29,36,16,20,51,24,27,51,24,27,18,9,9,12,4,8,8,3,5,0,0,0,0,0,0,18,18,0,5,7,3,1,1,1,18,12,6,3,10,0,0,3
533726582,0,,,55,25,30,6,3,3,49,22,27,25,9,16,49,22,27,48,22,26,24,13,11,14,8,6,5,3,2,1,1,0,0,0,0,16,16,0,7,3,1,3,1,1,16,12,4,1,12,0,0,6
533726583,0,,,240,121,119,40,23,17,200,98,102,138,72,66,192,95,97,191,94,97,62,26,36,30,9,21,12,5,7,0,0,0,6,4,2,77,77,11,22,13,16,9,5,1,66,47,19,9,40,0,4,7
533726584,0,,,142,77,65,30,20,10,112,57,55,83,43,40,103,49,54,98,47,51,29,14,15,10,6,4,3,2,1,1,1,0,1,0,1,41,41,3,9,11,9,4,4,1,38,30,8,4,19,0,1,5
533726591,0,,,196,93,103,40,23,17,156,70,86,107,47,60,151,66,85,148,65,83,49,23,26,29,13,16,12,5,7,1,0,1,2,2,0,68,68,9,22,14,14,9,0,0,58,45,13,10,34,0,5,8
533726592,0,,,434,219,215,78,38,40,351,178,173,244,126,118,331,168,163,324,164,160,107,52,55,54,23,31,17,7,10,0,0,0,8,4,4,157,157,49,31,24,34,10,3,6,108,86,22,15,70,12,16,15
533726593,0,,,30,17,13,5,3,2,25,14,11,19,11,8,24,14,10,24,14,10,6,3,3,3,1,2,0,0,0,0,0,0,1,0,1,12,12,3,3,3,3,0,0,0,9,7,2,0,4,0,1,1
533726594,0,,,352,172,180,58,26,32,294,146,148,178,91,87,281,139,142,272,134,138,116,55,61,57,26,31,18,7,11,1,0,1,5,2,3,116,116,18,36,21,19,13,6,3,97,74,23,10,73,1,13,22
533726671,0,,,52,22,30,6,2,4,46,20,26,28,10,18,46,20,26,44,20,24,18,10,8,11,6,5,2,2,0,0,0,0,0,0,0,15,15,1,3,6,1,2,1,1,14,8,6,2,11,0,1,3
533726672,0,,,64,31,33,8,6,2,56,25,31,33,13,20,56,25,31,54,24,30,23,12,11,11,5,6,2,1,1,0,0,0,1,0,1,20,20,2,2,8,6,2,0,0,18,12,6,1,15,0,1,2
533726673,2,533726674,,5,3,2,*,*,*,*,*,*,*,*,*,*,*,*,*,*,*,*,*,*,*,*,*,*,*,*,*,*,*,*,*,*,2,2,*,*,*,*,*,*,*,*,*,*,*,*,*,*,*
533726674,1,,533726673,111,61,50,14,9,5,102,55,47,50,29,21,102,55,47,101,55,46,52,26,26,26,14,12,10,6,4,1,1,0,0,0,0,39,39,9,14,1,13,2,1,1,30,19,11,2,32,0,6,9
533726681,0,,,342,165,177,59,35,24,282,130,152,188,90,98,265,126,139,261,123,138,94,40,54,44,20,24,14,4,10,1,0,1,3,2,1,106,106,13,26,28,18,9,9,3,93,68,25,11,59,0,4,11
533726682,0,,,258,123,135,27,13,14,230,109,121,151,69,82,219,104,115,215,102,113,79,40,39,41,18,23,12,4,8,3,0,3,1,0,1,87,87,9,27,24,19,3,3,2,78,60,18,4,48,0,2,17
533726683,0,,,73,36,37,12,5,7,61,31,30,41,22,19,58,30,28,55,27,28,20,9,11,10,4,6,1,0,1,0,0,0,0,0,0,24,24,3,9,4,2,5,0,1,21,15,6,1,14,0,2,4
533726684,0,,,317,158,159,41,28,13,276,130,146,181,91,90,257,115,142,247,111,136,95,39,56,53,21,32,15,5,10,4,1,3,2,0,2,101,100,13,30,22,16,11,3,5,87,63,24,10,61,1,8,18
533726691,0,,,196,103,93,52,28,24,144,75,69,113,60,53,135,69,66,134,69,65,31,15,16,19,9,10,4,1,3,0,0,0,1,0,1,55,55,4,9,15,12,10,4,1,50,41,9,9,20,0,3,3
533726692,0,,,357,184,173,76,45,31,278,137,141,219,112,107,264,131,133,255,127,128,59,25,34,17,8,9,4,0,4,0,0,0,3,1,2,120,120,20,28,27,30,10,5,0,99,82,17,22,42,0,7,9
533726693,0,,,327,156,171,55,31,24,269,123,146,188,83,105,250,115,135,244,112,132,81,40,41,41,21,20,11,4,7,4,1,3,3,1,2,114,113,27,31,16,19,9,9,2,85,64,21,10,52,4,11,12
533726694,0,,,135,70,65,24,13,11,111,57,54,67,36,31,104,53,51,104,53,51,44,21,23,23,9,14,7,3,4,1,1,0,7,5,2,43,43,9,12,6,5,5,3,3,33,20,13,6,31,1,6,5
533726772,0,,,39,18,21,1,0,1,38,18,20,16,8,8,38,18,20,38,18,20,22,10,12,13,6,7,5,2,3,1,0,1,0,0,0,15,15,2,5,7,0,0,1,0,13,9,4,1,13,0,1,4
533726774,0,,,20,12,8,0,0,0,20,12,8,11,5,6,20,12,8,20,12,8,9,7,2,3,2,1,1,1,0,0,0,0,0,0,0,10,10,5,2,1,2,0,0,0,5,5,0,0,9,0,5,0
533726781,0,,,165,47,118,11,5,6,154,42,112,37,23,14,154,42,112,153,41,112,117,19,98,102,12,90,74,9,65,25,0,25,0,0,0,29,24,4,8,6,3,1,0,2,20,17,3,3,16,0,3,1
533726782,0,,,162,81,81,29,16,13,132,64,68,70,37,33,131,63,68,127,61,66,62,27,35,28,10,18,8,2,6,0,0,0,6,4,2,57,57,12,19,10,5,4,7,0,45,34,11,9,38,1,9,12
533726783,1,,533726871,74,37,37,9,5,4,69,34,35,40,20,20,65,31,34,63,31,32,29,14,15,17,7,10,7,1,6,3,0,3,0,0,0,19,19,0,4,7,3,2,2,2,20,12,8,3,15,0,0,3
533726784,0,,,101,46,55,12,4,8,89,42,47,50,26,24,86,41,45,86,41,45,39,16,23,17,4,13,7,2,5,1,0,1,0,0,0,35,35,4,10,13,5,1,1,1,31,21,10,4,25,0,2,5
533726791,0,,,169,73,96,22,10,12,147,63,84,83,33,50,144,62,82,142,60,82,64,30,34,40,19,21,19,11,8,2,2,0,1,0,1,56,56,7,18,11,11,5,4,0,48,30,18,5,40,0,4,12
533726792,0,,,202,105,97,51,30,21,151,75,76,115,57,58,142,71,71,140,70,70,36,18,18,22,10,12,12,6,6,1,0,1,1,0,1,58,58,6,10,8,22,9,2,1,52,37,15,15,24,0,5,2
533726793,0,,,113,57,56,6,2,4,107,55,52,58,31,27,106,54,52,105,53,52,49,24,25,27,12,15,9,3,6,3,0,3,0,0,0,38,38,6,11,9,7,1,3,1,32,19,13,2,31,0,5,9
533726794,0,,,101,46,55,13,4,9,88,42,46,63,31,32,78,38,40,72,35,37,25,11,14,11,4,7,7,3,4,2,0,2,0,0,0,28,28,3,8,3,4,6,1,3,25,15,10,3,16,0,2,4
533726871,2,533726783,,4,2,2,*,*,*,*,*,*,*,*,*,*,*,*,*,*,*,*,*,*,*,*,*,*,*,*,*,*,*,*,*,*,1,1,*,*,*,*,*,*,*,*,*,*,*,*,*,*,*
533726882,0,,,31,14,17,9,4,5,22,10,12,16,7,9,22,10,12,22,10,12,6,3,3,2,1,1,1,0,1,1,0,1,0,0,0,6,6,0,1,0,1,1,1,2,6,3,3,3,3,0,0,0
533726891,0,,,15,8,7,3,2,1,12,6,6,7,3,4,12,6,6,12,6,6,5,3,2,3,2,1,0,0,0,0,0,0,0,0,0,6,6,2,2,1,0,0,1,0,4,3,1,0,4,0,2,1
533726892,0,,,109,47,62,17,3,14,92,44,48,49,27,22,90,42,48,90,42,48,43,17,26,21,7,14,8,2,6,1,0,1,2,2,0,35,35,3,12,9,3,6,1,1,32,20,12,5,27,0,3,8
533726893,0,,,26,12,14,3,0,3,23,12,11,16,9,7,21,11,10,21,11,10,7,3,4,4,2,2,1,0,1,0,0,0,0,0,0,6,6,1,1,0,1,2,0,1,5,1,4,1,4,0,0,0
533726894,0,,,57,28,29,8,5,3,49,23,26,28,15,13,46,22,24,46,22,24,21,8,13,10,4,6,2,0,2,0,0,0,0,0,0,19,19,4,5,3,4,1,1,1,15,8,7,2,15,0,3,3
533726991,2,533726992,,11,7,4,*,*,*,*,*,*,*,*,*,*,*,*,*,*,*,*,*,*,*,*,*,*,*,*,*,*,*,*,*,*,3,3,*,*,*,*,*,*,*,*,*,*,*,*,*,*,*
533726992,1,,533726991,36,15,21,8,3,5,39,19,20,23,12,11,36,16,20,35,16,19,16,7,9,10,5,5,4,2,2,0,0,0,0,0,0,9,9,0,3,2,4,0,2,1,12,7,5,0,9,0,0,2
533726993,0,,,24,15,9,1,0,1,15,7,8,9,5,4,15,7,8,15,7,8,6,2,4,6,2,4,2,1,1,0,0,0,0,0,0,6,6,0,2,1,1,1,0,1,5,3,2,0,4,0,0,1
533726994,0,,,37,18,19,4,4,0,33,14,19,20,9,11,31,13,18,29,13,16,13,5,8,9,4,5,2,0,2,1,0,1,0,0,0,8,8,1,1,1,0,2,2,1,7,1,6,0,7,0,0,1
533727002,0,,,64,33,31,9,4,5,55,29,26,25,15,10,54,28,26,54,28,26,30,14,16,18,8,10,8,3,5,1,0,1,0,0,0,23,23,4,10,2,3,3,0,1,19,14,5,1,18,0,3,7
533727003,2,533727004,,18,13,5,*,*,*,*,*,*,*,*,*,*,*,*,*,*,*,*,*,*,*,*,*,*,*,*,*,*,*,*,*,*,3,3,*,*,*,*,*,*,*,*,*,*,*,*,*,*,*
533727004,1,,533727003,159,80,79,30,16,14,147,77,70,93,49,44,145,76,69,143,75,68,54,28,26,32,15,17,12,5,7,1,1,0,0,0,0,47,46,6,11,8,12,4,4,4,42,24,18,7,34,0,4,8
533727011,0,,,144,74,70,20,10,10,124,64,60,81,47,34,119,60,59,115,57,58,43,17,26,20,8,12,7,1,6,3,0,3,0,0,0,43,43,5,11,8,10,4,3,2,38,28,10,6,27,0,3,6
533727012,0,,,35,15,20,0,0,0,35,15,20,18,6,12,35,15,20,34,15,19,17,9,8,8,5,3,3,1,2,0,0,0,0,0,0,12,12,2,4,1,3,2,0,0,10,8,2,0,10,0,1,3
533727013,0,,,48,21,27,4,3,1,44,18,26,27,13,14,42,18,24,41,18,23,17,5,12,11,3,8,0,0,0,0,0,0,0,0,0,15,15,2,4,1,7,0,0,1,13,6,7,0,13,0,1,0
533727014,0,,,23,7,16,6,1,5,17,6,11,11,4,7,17,6,11,17,6,11,6,2,4,2,1,1,0,0,0,0,0,0,0,0,0,8,8,3,1,2,0,1,0,1,5,3,2,1,5,0,1,0
533727021,1,,533727022;533727024,16,6,10,1,1,0,32,14,18,17,6,11,32,14,18,31,14,17,15,8,7,9,4,5,4,1,3,0,0,0,1,0,1,4,4,1,3,5,1,0,0,1,10,4,6,0,11,0,1,2
533727022,2,533727021,,9,4,5,*,*,*,*,*,*,*,*,*,*,*,*,*,*,*,*,*,*,*,*,*,*,*,*,*,*,*,*,*,*,3,3,*,*,*,*,*,*,*,*,*,*,*,*,*,*,*
533727023,0,,,13,8,5,1,1,0,12,7,5,5,2,3,12,7,5,12,7,5,7,5,2,1,1,0,0,0,0,0,0,0,0,0,0,6,6,1,3,2,0,0,0,0,5,5,0,0,5,0,1,2
533727024,2,533727021,,8,5,3,*,*,*,*,*,*,*,*,*,*,*,*,*,*,*,*,*,*,*,*,*,*,*,*,*,*,*,*,*,*,4,4,*,*,*,*,*,*,*,*,*,*,*,*,*,*,*
533727033,2,533727122,,6,1,5,*,*,*,*,*,*,*,*,*,*,*,*,*,*,*,*,*,*,*,*,*,*,*,*,*,*,*,*,*,*,1,1,*,*,*,*,*,*,*,*,*,*,*,*,*,*,*
533727101,0,,,75,40,35,8,4,4,67,36,31,43,24,19,63,32,31,61,31,30,24,12,12,19,11,8,7,3,4,1,0,1,0,0,0,23,23,4,6,4,3,3,1,2,19,12,7,0,14,1,3,4
533727102,0,,,42,23,19,4,2,2,38,21,17,19,11,8,36,19,17,35,19,16,19,10,9,11,5,6,5,2,3,0,0,0,0,0,0,14,14,2,4,4,2,1,0,1,12,7,5,2,12,0,2,2
533727103,0,,,193,91,102,41,19,22,152,72,80,116,56,60,140,66,74,136,63,73,36,16,20,25,10,15,10,3,7,2,0,2,2,0,2,62,62,10,15,17,8,6,2,4,52,39,13,12,26,0,4,4
533727104,0,,,121,64,57,47,23,24,74,41,33,70,38,32,66,37,29,65,36,29,4,3,1,1,1,0,0,0,0,0,0,0,0,0,0,33,33,1,7,6,9,8,2,0,32,32,0,9,3,0,0,1
533727111,0,,,43,19,24,2,1,1,41,18,23,22,11,11,39,18,21,38,17,21,19,7,12,13,6,7,2,0,2,0,0,0,0,0,0,11,10,0,4,2,1,0,1,2,10,7,3,0,9,0,0,1
533727112,1,,533727114,114,58,56,30,18,12,97,47,50,66,32,34,95,45,50,94,45,49,31,15,16,16,6,10,5,0,5,0,0,0,2,0,2,34,34,3,9,4,11,6,2,1,33,21,12,8,21,0,2,6
533727113,0,,,90,40,50,14,5,9,76,35,41,51,24,27,71,33,38,70,32,38,25,11,14,15,5,10,7,3,4,1,1,0,1,0,1,28,28,4,5,8,5,5,0,1,24,12,12,2,16,0,3,1
533727114,2,533727112,,13,7,6,*,*,*,*,*,*,*,*,*,*,*,*,*,*,*,*,*,*,*,*,*,*,*,*,*,*,*,*,*,*,2,2,*,*,*,*,*,*,*,*,*,*,*,*,*,*,*
533727121,0,,,19,11,8,3,2,1,16,9,7,8,5,3,13,7,6,12,6,6,8,4,4,6,3,3,1,1,0,0,0,0,0,0,0,5,5,0,2,2,0,0,0,1,5,4,1,1,5,0,0,2
533727122,1,,533727033,27,17,10,1,0,1,32,18,14,11,6,5,32,18,14,32,18,14,21,12,9,12,6,6,1,0,1,0,0,0,0,0,0,14,14,5,6,2,1,0,1,0,10,9,1,0,14,0,4,4
533727123,0,,,15,8,7,0,0,0,15,8,7,9,5,4,14,7,7,14,7,7,6,3,3,4,1,3,3,1,2,0,0,0,1,0,1,5,5,1,1,1,1,1,0,0,4,2,2,0,5,0,1,1
533727124,0,,,16,8,8,1,1,0,15,7,8,8,3,5,15,7,8,15,7,8,7,4,3,1,0,1,1,0,1,0,0,0,1,0,1,8,8,3,2,3,0,0,0,0,5,4,1,0,6,0,2,2
533727133,0,,,12,5,7,0,0,0,12,5,7,4,2,2,12,5,7,12,5,7,8,3,5,6,2,4,3,1,2,0,0,0,0,0,0,5,5,0,4,0,1,0,0,0,5,4,1,0,5,0,0,3
533727201,0,,,400,177,223,68,31,37,332,146,186,212,92,120,318,144,174,309,142,167,120,54,66,60,28,32,26,10,16,3,0,3,3,2,1,137,137,31,42,20,17,16,5,6,105,76,29,17,73,7,11,23
533727202,0,,,194,81,113,16,9,7,178,72,106,57,34,23,176,70,106,174,69,105,121,38,83,89,24,65,51,8,43,12,1,11,4,2,2,63,62,18,24,9,7,1,2,1,43,35,8,2,49,0,15,11
533727203,0,,,541,268,273,92,40,52,449,228,221,289,156,133,434,220,214,423,216,207,160,72,88,83,37,46,31,9,22,4,0,4,9,3,6,185,185,33,51,41,31,17,10,2,151,115,36,16,99,3,17,28
533727204,0,,,419,218,201,47,29,18,372,189,183,191,113,78,364,184,180,358,180,178,181,76,105,105,42,63,40,12,28,6,1,5,9,7,2,159,159,33,60,25,21,14,5,1,126,97,29,11,112,3,23,33
533727211,0,,,96,41,55,12,5,7,84,36,48,41,19,22,79,35,44,78,34,44,43,17,26,27,10,17,9,3,6,3,1,2,0,0,0,34,34,9,9,5,5,3,2,1,25,14,11,0,27,0,7,5
533727221,2,533727223,,8,3,5,*,*,*,*,*,*,*,*,*,*,*,*,*,*,*,*,*,*,*,*,*,*,*,*,*,*,*,*,*,*,3,3,*,*,*,*,*,*,*,*,*,*,*,*,*,*,*
533727222,0,,,39,18,21,7,2,5,32,16,16,19,10,9,32,16,16,32,16,16,13,6,7,6,4,2,0,0,0,0,0,0,0,0,0,12,12,0,5,4,1,0,1,1,12,8,4,1,8,0,0,3
533727223,1,,533727221,41,18,23,4,2,2,45,19,26,17,8,9,44,18,26,44,18,26,28,11,17,17,6,11,7,2,5,1,0,1,0,0,0,13,13,2,8,0,3,0,2,1,14,8,6,0,15,0,1,4
533727224,0,,,18,10,8,3,2,1,15,8,7,9,5,4,15,8,7,15,8,7,6,3,3,3,2,1,1,0,1,0,0,0,0,0,0,5,5,2,0,1,1,0,0,1,3,1,2,1,4,0,1,0
533727231,2,533727233,,8,5,3,*,*,*,*,*,*,*,*,*,*,*,*,*,*,*,*,*,*,*,*,*,*,*,*,*,*,*,*,*,*,3,3,*,*,*,*,*,*,*,*,*,*,*,*,*,*,*
533727232,0,,,17,11,6,1,1,0,16,10,6,6,4,2,15,9,6,14,8,6,10,6,4,3,2,1,0,0,0,0,0,0,0,0,0,6,6,1,3,1,0,0,0,1,5,4,1,0,5,0,0,3
533727233,1,,533727231,21,10,11,1,1,0,28,14,14,9,7,2,28,14,14,28,14,14,19,7,12,8,3,5,3,1,2,2,1,1,0,0,0,9,9,2,4,5,1,0,0,0,10,6,4,0,11,0,1,3
533727234,0,,,20,10,10,0,0,0,20,10,10,8,5,3,20,10,10,20,10,10,12,5,7,8,3,5,4,2,2,0,0,0,0,0,0,10,10,3,4,3,0,0,0,0,7,6,1,0,10,0,3,1
533727241,2,533727243,,8,3,5,*,*,*,*,*,*,*,*,*,*,*,*,*,*,*,*,*,*,*,*,*,*,*,*,*,*,*,*,*,*,3,3,*,*,*,*,*,*,*,*,*,*,*,*,*,*,*
533727243,1,,533727241;533727244,6,2,4,2,1,1,20,8,12,11,5,6,20,8,12,20,8,12,9,3,6,5,1,4,2,0,2,0,0,0,0,0,0,3,3,1,4,1,1,0,1,0,7,4,3,1,7,0,1,2
533727244,2,533727243,,8,4,4,*,*,*,*,*,*,*,*,*,*,*,*,*,*,*,*,*,*,*,*,*,*,*,*,*,*,*,*,*,*,2,2,*,*,*,*,*,*,*,*,*,*,*,*,*,*,*
533727301,0,,,35,12,23,8,3,5,27,9,18,19,6,13,27,9,18,27,9,18,8,3,5,3,1,2,1,0,1,0,0,0,3,1,2,12,12,3,1,4,3,0,1,0,9,7,2,2,6,0,3,0
533727302,1,,533727303,452,221,231,62,34,28,394,189,205,281,137,144,375,180,195,368,178,190,113,52,61,57,22,35,19,5,14,1,1,0,8,2,6,158,158,19,51,45,24,16,4,0,140,112,28,18,72,1,9,15
533727303,2,533727302,,4,2,2,*,*,*,*,*,*,*,*,*,*,*,*,*,*,*,*,*,*,*,*,*,*,*,*,*,*,*,*,*,*,1,1,*,*,*,*,*,*,*,*,*,*,*,*,*,*,*
533727304,0,,,213,116,97,20,14,6,193,102,91,161,87,74,182,93,89,173,86,87,32,15,17,23,11,12,3,1,2,0,0,0,13,8,5,74,74,10,26,14,13,9,2,0,60,47,13,3,21,0,2,5
533727311,0,,,93,46,47,17,9,8,76,37,39,47,23,24,72,36,36,70,35,35,29,14,15,11,4,7,4,1,3,1,0,1,0,0,0,27,27,3,10,3,4,2,2,3,23,18,5,4,18,0,3,6
533727312,0,,,19,10,9,3,1,2,16,9,7,9,4,5,15,9,6,15,9,6,7,5,2,5,3,2,1,1,0,1,1,0,0,0,0,6,6,2,1,1,0,1,0,1,4,1,3,1,5,1,1,1
533727313,0,,,104,49,55,4,2,2,100,47,53,60,32,28,97,46,51,97,46,51,40,15,25,28,11,17,6,2,4,0,0,0,0,0,0,39,39,7,10,13,7,2,0,0,32,22,10,1,27,0,5,5
533727314,0,,,25,13,12,3,2,1,22,11,11,12,8,4,22,11,11,21,10,11,10,3,7,7,2,5,2,1,1,0,0,0,0,0,0,8,8,1,2,2,2,0,1,0,7,4,3,0,7,0,1,0
533727321,0,,,32,19,13,3,2,1,29,17,12,18,13,5,28,17,11,27,16,11,11,4,7,6,1,5,3,1,2,1,0,1,0,0,0,14,14,6,4,1,1,1,1,0,8,5,3,1,7,0,0,2
533727322,0,,,47,23,24,10,4,6,37,19,18,21,12,9,36,18,18,35,17,18,16,7,9,4,2,2,2,1,1,0,0,0,0,0,0,15,15,5,3,2,0,2,1,2,10,4,6,1,10,0,1,2
533727323,0,,,26,13,13,3,2,1,23,11,12,15,8,7,23,11,12,23,11,12,8,3,5,1,0,1,0,0,0,0,0,0,0,0,0,10,10,2,4,2,0,2,0,0,8,7,1,0,5,0,1,2
533727331,2,533727332,,4,2,2,*,*,*,*,*,*,*,*,*,*,*,*,*,*,*,*,*,*,*,*,*,*,*,*,*,*,*,*,*,*,2,2,*,*,*,*,*,*,*,*,*,*,*,*,*,*,*
533727332,1,,533727331;533727334,17,8,9,1,0,1,24,11,13,14,6,8,23,10,13,23,10,13,10,5,5,5,2,3,2,1,1,0,0,0,0,0,0,7,7,1,7,2,1,0,0,0,10,9,1,0,6,0,1,3
533727334,2,533727332,,4,1,3,*,*,*,*,*,*,*,*,*,*,*,*,*,*,*,*,*,*,*,*,*,*,*,*,*,*,*,*,*,*,2,2,*,*,*,*,*,*,*,*,*,*,*,*,*,*,*
533727401,2,533727403,,1,1,0,*,*,*,*,*,*,*,*,*,*,*,*,*,*,*,*,*,*,*,*,*,*,*,*,*,*,*,*,*,*,1,1,*,*,*,*,*,*,*,*,*,*,*,*,*,*,*
533727402,2,533727403,,17,13,4,*,*,*,*,*,*,*,*,*,*,*,*,*,*,*,*,*,*,*,*,*,*,*,*,*,*,*,*,*,*,12,12,*,*,*,*,*,*,*,*,*,*,*,*,*,*,*
533727403,1,,533727401;533727402,42,19,23,3,2,1,57,31,26,35,21,14,55,30,25,53,29,24,22,10,12,14,4,10,3,1,2,0,0,0,0,0,0,19,19,18,6,5,1,1,1,0,14,9,5,2,17,3,6,3
533727411,0,,,324,153,171,49,25,24,275,128,147,174,86,88,264,123,141,260,121,139,101,42,59,60,23,37,25,9,16,4,0,4,1,1,0,101,101,14,25,24,17,8,11,2,87,56,31,13,66,0,9,4
533727412,2,533727414,,8,2,6,*,*,*,*,*,*,*,*,*,*,*,*,*,*,*,*,*,*,*,*,*,*,*,*,*,*,*,*,*,*,2,2,*,*,*,*,*,*,*,*,*,*,*,*,*,*,*
533727413,0,,,375,192,183,36,21,15,339,171,168,194,106,88,325,162,163,314,157,157,145,65,80,82,29,53,35,11,24,4,0,4,10,4,6,127,127,21,35,34,19,8,6,4,106,73,33,12,89,1,13,21
533727414,1,,533727412,173,86,87,13,5,8,168,83,85,92,47,45,163,79,84,159,77,82,76,36,40,38,17,21,12,4,8,2,0,2,4,0,4,60,60,10,19,14,12,2,2,3,52,35,17,2,45,2,5,10
533727421,0,,,12,6,6,0,0,0,12,6,6,10,5,5,11,6,5,11,6,5,2,1,1,1,0,1,0,0,0,0,0,0,0,0,0,4,4,1,0,2,0,1,0,0,3,2,1,0,2,0,1,0
533727422,2,533727423,,4,2,2,*,*,*,*,*,*,*,*,*,*,*,*,*,*,*,*,*,*,*,*,*,*,*,*,*,*,*,*,*,*,2,2,*,*,*,*,*,*,*,*,*,*,*,*,*,*,*
533727423,1,,533727422,212,109,103,23,13,10,193,98,95,123,67,56,182,91,91,174,85,89,70,31,39,34,13,21,19,8,11,3,0,3,3,0,3,61,61,4,14,20,9,9,6,1,59,38,21,5,43,0,4,6
533727424,0,,,114,55,59,12,6,6,102,49,53,71,36,35,95,46,49,93,45,48,31,13,18,19,8,11,10,4,6,0,0,0,2,0,2,37,37,5,12,4,12,1,1,2,32,26,6,3,21,0,4,6
533727432,0,,,13,7,6,0,0,0,13,7,6,7,4,3,13,7,6,13,7,6,6,3,3,2,1,1,0,0,0,0,0,0,0,0,0,5,5,0,3,1,1,0,0,0,5,4,1,0,3,0,0,2
533727434,1,,533727532,26,14,12,6,5,1,21,10,11,12,5,7,21,10,11,21,10,11,9,5,4,5,3,2,2,1,1,1,0,1,0,0,0,7,7,1,2,3,0,0,1,1,7,4,3,1,5,0,1,0
533727441,0,,,33,14,19,4,4,0,29,10,19,13,3,10,29,10,19,29,10,19,16,7,9,10,3,7,7,1,6,1,0,1,0,0,0,11,11,2,3,4,1,0,0,1,9,5,4,1,10,0,1,2
533727442,0,,,24,12,12,1,0,1,23,12,11,8,5,3,23,12,11,23,12,11,15,7,8,6,3,3,1,0,1,1,0,1,0,0,0,10,10,3,3,2,1,1,0,0,7,4,3,1,10,0,3,1
533727443,0,,,16,7,9,0,0,0,16,7,9,7,4,3,16,7,9,16,7,9,9,3,6,5,1,4,1,0,1,0,0,0,0,0,0,7,7,2,2,2,1,0,0,0,5,5,0,0,7,0,2,0
533727444,1,,533727451;533727453,30,13,17,1,0,1,34,15,19,17,7,10,33,15,18,33,15,18,17,8,9,11,4,7,5,1,4,0,0,0,0,0,0,10,10,6,1,2,1,1,2,0,7,3,4,0,12,0,5,1
533727451,2,533727444,,4,2,2,*,*,*,*,*,*,*,*,*,*,*,*,*,*,*,*,*,*,*,*,*,*,*,*,*,*,*,*,*,*,2,2,*,*,*,*,*,*,*,*,*,*,*,*,*,*,*
533727453,2,533727444,,1,0,1,*,*,*,*,*,*,*,*,*,*,*,*,*,*,*,*,*,*,*,*,*,*,*,*,*,*,*,*,*,*,1,1,*,*,*,*,*,*,*,*,*,*,*,*,*,*,*
533727501,1,,533727502,202,96,106,21,8,13,187,91,96,110,55,55,180,88,92,177,85,92,77,36,41,43,17,26,21,6,15,2,0,2,2,1,1,73,73,12,23,20,9,10,1,0,62,44,18,3,49,2,7,9
533727502,2,533727501,,8,4,4,*,*,*,*,*,*,*,*,*,*,*,*,*,*,*,*,*,*,*,*,*,*,*,*,*,*,*,*,*,*,2,2,*,*,*,*,*,*,*,*,*,*,*,*,*,*,*
533727503,0,,,418,193,225,78,34,44,333,152,181,239,110,129,319,149,170,311,146,165,94,42,52,56,25,31,20,7,13,2,0,2,10,2,8,144,144,26,43,31,22,15,1,6,116,94,22,23,56,4,4,17
533727504,0,,,577,274,303,63,32,31,512,242,270,311,155,156,491,231,260,484,228,256,201,87,114,121,49,72,51,22,29,1,0,1,2,2,0,221,221,61,60,40,37,14,6,3,158,117,41,13,132,8,26,33
533727511,0,,,119,55,64,30,15,15,89,40,49,68,31,37,83,37,46,81,36,45,21,9,12,8,3,5,1,0,1,1,0,1,10,4,6,33,33,2,7,8,10,2,2,2,31,23,8,4,12,0,1,2
533727512,0,,,123,59,64,26,17,9,97,42,55,45,23,22,97,42,55,96,41,55,52,19,33,34,9,25,21,4,17,7,1,6,3,1,2,33,32,5,10,7,5,3,1,1,27,24,3,5,12,0,1,8
533727513,0,,,368,169,199,63,26,37,304,142,162,203,97,106,288,133,155,282,131,151,101,45,56,50,19,31,25,7,18,2,1,1,34,13,21,146,146,46,38,28,17,9,7,1,100,84,16,20,73,3,29,10
533727514,0,,,621,310,311,92,49,43,529,261,268,351,178,173,510,251,259,499,244,255,178,83,95,102,49,53,44,19,25,2,1,1,15,5,10,207,206,41,53,39,38,20,8,7,164,114,50,21,116,2,25,23
533727521,0,,,80,43,37,16,11,5,64,32,32,35,18,17,55,28,27,54,28,26,29,14,15,15,7,8,7,3,4,0,0,0,0,0,0,22,21,2,9,6,2,0,1,1,19,13,6,1,16,0,2,3
533727522,0,,,65,34,31,10,7,3,55,27,28,38,19,19,54,27,27,54,27,27,17,8,9,8,4,4,4,3,1,0,0,0,1,0,1,22,22,3,8,2,6,2,1,0,19,14,5,0,11,0,2,2
533727523,0,,,130,66,64,13,7,6,117,59,58,64,36,28,117,59,58,116,59,57,53,23,30,27,10,17,9,2,7,2,0,2,4,2,2,45,45,8,13,9,8,6,0,1,37,21,16,4,32,0,4,8
533727524,0,,,122,62,60,24,13,11,98,49,49,74,38,36,92,44,48,90,43,47,24,11,13,12,4,8,6,2,4,0,0,0,1,0,1,35,35,6,5,7,7,5,3,2,29,20,9,5,15,0,3,0
533727532,2,533727434,,1,1,0,*,*,*,*,*,*,*,*,*,*,*,*,*,*,*,*,*,*,*,*,*,*,*,*,*,*,*,*,*,*,1,1,*,*,*,*,*,*,*,*,*,*,*,*,*,*,*
533727541,2,533727544,,8,4,4,*,*,*,*,*,*,*,*,*,*,*,*,*,*,*,*,*,*,*,*,*,*,*,*,*,*,*,*,*,*,5,5,*,*,*,*,*,*,*,*,*,*,*,*,*,*,*
533727544,1,,533727541,16,6,10,2,1,1,22,9,13,10,3,7,21,9,12,21,9,12,12,6,6,5,2,3,2,1,1,0,0,0,0,0,0,5,5,3,4,1,1,0,1,0,7,5,2,0,8,0,2,2
533727553,0,,,40,18,22,0,0,0,40,18,22,21,11,10,39,18,21,39,18,21,19,7,12,11,3,8,4,1,3,0,0,0,0,0,0,14,14,0,6,5,2,1,0,0,14,9,5,0,13,0,0,1
533727601,0,,,446,219,227,83,47,36,359,169,190,233,114,119,346,161,185,337,155,182,126,55,71,65,28,37,20,8,12,4,1,3,2,0,2,167,167,34,58,29,27,14,4,1,133,105,28,20,84,2,15,25
533727602,0,,,509,243,266,62,29,33,437,207,230,269,137,132,419,199,220,413,195,218,168,70,98,106,42,64,40,13,27,4,1,3,5,3,2,207,207,58,71,36,22,12,4,4,145,114,31,20,108,7,26,30
533727603,0,,,275,134,141,36,21,15,239,113,126,153,71,82,227,107,120,224,106,118,86,42,44,43,19,24,15,6,9,1,1,0,0,0,0,100,100,18,35,23,11,6,5,2,81,65,16,7,57,0,13,17
533727604,0,,,347,158,189,55,25,30,290,132,158,197,92,105,285,131,154,278,128,150,93,40,53,47,19,28,15,4,11,0,0,0,3,0,3,120,120,18,38,29,19,8,6,2,101,77,24,12,57,1,5,10
533727611,0,,,374,165,209,23,11,12,343,151,192,132,70,62,336,146,190,333,144,189,211,81,130,171,57,114,110,32,78,22,4,18,3,3,0,111,109,40,28,21,11,7,2,0,69,52,17,4,59,4,15,14
533727612,0,,,220,109,111,25,14,11,195,95,100,122,60,62,190,93,97,187,92,95,73,35,38,42,17,25,16,7,9,1,0,1,0,0,0,73,73,14,17,14,17,6,3,2,59,44,15,6,48,1,9,9
533727613,0,,,390,180,210,37,21,16,351,157,194,185,84,101,340,153,187,329,148,181,166,73,93,94,40,54,22,11,11,0,0,0,17,6,11,187,187,73,62,24,21,6,0,1,114,96,18,5,114,12,42,38
533727614,0,,,244,117,127,46,22,24,198,95,103,130,67,63,190,90,100,189,90,99,68,28,40,20,4,16,10,2,8,0,0,0,2,1,1,80,80,9,28,16,13,8,4,2,71,54,17,11,44,0,4,16
533727621,1,,533727622,229,117,112,33,22,11,202,99,103,120,64,56,194,97,97,192,96,96,82,35,47,38,16,22,12,5,7,1,0,1,0,0,0,69,69,9,19,16,12,6,4,5,62,41,21,6,48,0,7,10
533727622,2,533727621,,6,4,2,*,*,*,*,*,*,*,*,*,*,*,*,*,*,*,*,*,*,*,*,*,*,*,*,*,*,*,*,*,*,2,2,*,*,*,*,*,*,*,*,*,*,*,*,*,*,*
533727623,0,,,220,117,103,30,20,10,190,97,93,124,65,59,186,94,92,184,92,92,66,32,34,38,18,20,13,7,6,0,0,0,0,0,0,68,68,6,16,22,12,7,4,1,62,46,16,9,42,0,4,9
533727624,0,,,101,48,53,14,6,8,87,42,45,53,26,27,82,40,42,79,38,41,34,16,18,14,5,9,6,2,4,2,0,2,0,0,0,30,30,5,7,4,6,4,3,1,25,16,9,2,19,0,2,5
533727631,1,,533727632;533727633,17,7,10,2,1,1,21,9,12,12,4,8,21,9,12,21,9,12,9,5,4,5,2,3,2,0,2,0,0,0,0,0,0,4,4,2,2,2,1,0,0,1,6,4,2,0,6,0,1,1
533727632,2,533727631,,4,2,2,*,*,*,*,*,*,*,*,*,*,*,*,*,*,*,*,*,*,*,*,*,*,*,*,*,*,*,*,*,*,3,3,*,*,*,*,*,*,*,*,*,*,*,*,*,*,*
533727633,2,533727631,,2,1,1,*,*,*,*,*,*,*,*,*,*,*,*,*,*,*,*,*,*,*,*,*,*,*,*,*,*,*,*,*,*,1,1,*,*,*,*,*,*,*,*,*,*,*,*,*,*,*
533727641,0,,,43,23,20,2,0,2,41,23,18,23,15,8,37,19,18,36,18,18,18,8,10,9,4,5,5,2,3,1,0,1,1,0,1,12,12,1,2,2,4,2,1,0,11,4,7,0,11,0,1,1
533727644,0,,,58,30,28,4,3,1,54,27,27,30,15,15,54,27,27,54,27,27,24,12,12,17,7,10,6,1,5,1,1,0,0,0,0,20,20,5,3,5,4,2,1,0,15,5,10,1,18,0,4,1
533727651,2,533727653,,5,2,3,*,*,*,*,*,*,*,*,*,*,*,*,*,*,*,*,*,*,*,*,*,*,*,*,*,*,*,*,*,*,2,2,*,*,*,*,*,*,*,*,*,*,*,*,*,*,*
533727653,1,,533727651;533727654,41,18,23,6,3,3,43,19,24,19,8,11,42,19,23,42,19,23,24,11,13,16,6,10,9,3,6,0,0,0,1,0,1,13,13,2,5,5,1,0,3,0,14,9,5,2,15,0,2,4
533727654,2,533727653,,3,2,1,*,*,*,*,*,*,*,*,*,*,*,*,*,*,*,*,*,*,*,*,*,*,*,*,*,*,*,*,*,*,1,1,*,*,*,*,*,*,*,*,*,*,*,*,*,*,*
533727701,0,,,274,132,142,35,17,18,239,115,124,149,74,75,226,108,118,218,104,114,90,41,49,48,21,27,21,6,15,2,0,2,0,0,0,80,80,7,21,19,11,10,11,1,73,42,31,9,53,0,4,6
533727702,0,,,104,53,51,12,5,7,92,48,44,55,30,25,89,45,44,86,43,43,37,18,19,22,9,13,9,3,6,1,1,0,0,0,0,35,35,6,11,7,3,6,1,1,28,17,11,2,24,0,4,6
533727703,0,,,57,32,25,15,11,4,42,21,21,22,11,11,41,20,21,41,20,21,20,10,10,9,3,6,5,2,3,1,0,1,0,0,0,15,15,1,5,2,2,1,2,2,14,6,8,5,11,0,0,4
533727704,0,,,29,13,16,2,1,1,26,11,15,20,9,11,25,10,15,24,10,14,6,2,4,2,0,2,0,0,0,0,0,0,0,0,0,11,11,2,2,6,0,1,0,0,9,6,3,0,5,0,0,0
533727711,0,,,90,36,54,4,2,2,84,32,52,69,26,43,80,30,50,76,30,46,15,6,9,11,4,7,2,0,2,0,0,0,23,1,22,46,45,27,11,2,1,0,3,1,16,13,3,2,10,18,1,3
533727712,0,,,18,9,9,3,1,2,15,8,7,11,6,5,14,8,6,14,8,6,4,2,2,2,1,1,0,0,0,0,0,0,0,0,0,4,4,0,0,1,1,1,1,0,4,2,2,0,2,0,0,0
533727713,0,,,73,35,38,4,1,3,67,32,35,51,24,27,66,32,34,64,31,33,16,8,8,9,5,4,4,2,2,0,0,0,6,1,5,36,36,15,10,7,3,1,0,0,20,16,4,1,12,5,2,2
533727721,0,,,200,96,104,33,11,22,167,85,82,100,52,48,162,81,81,161,80,81,67,33,34,37,18,19,12,6,6,0,0,0,0,0,0,61,61,6,17,14,12,7,2,3,55,39,16,10,40,0,6,11
533727722,0,,,102,55,47,25,18,7,77,37,40,50,24,26,71,33,38,70,33,37,27,13,14,13,8,5,5,3,2,1,0,1,0,0,0,32,32,4,9,5,7,5,2,0,28,21,7,7,17,0,3,5
533727723,0,,,28,14,14,0,0,0,28,14,14,15,8,7,28,14,14,28,14,14,13,6,7,10,4,6,5,2,3,0,0,0,1,0,1,11,11,2,5,1,2,1,0,0,9,7,2,0,7,0,1,3
533727724,0,,,234,116,118,29,14,15,205,102,103,124,63,61,198,99,99,198,99,99,81,39,42,49,21,28,26,14,12,0,0,0,8,2,6,80,80,11,21,24,16,4,3,1,69,54,15,7,50,1,6,10
533727733,0,,,91,45,46,18,11,7,73,34,39,48,23,25,71,34,37,71,34,37,25,11,14,11,3,8,6,1,5,1,0,1,0,0,0,30,30,7,8,3,7,2,1,2,23,16,7,5,17,0,3,2
533727741,0,,,20,13,7,2,2,0,18,11,7,13,8,5,17,10,7,17,10,7,5,3,2,2,1,1,1,0,1,0,0,0,0,0,0,5,5,0,0,2,2,0,1,0,5,2,3,0,4,0,0,0
533727742,0,,,14,6,8,1,1,0,13,5,8,5,2,3,13,5,8,13,5,8,8,3,5,3,1,2,1,0,1,0,0,0,0,0,0,6,6,0,4,2,0,0,0,0,6,5,1,0,5,0,0,2
533727743,2,533727744,,1,1,0,*,*,*,*,*,*,*,*,*,*,*,*,*,*,*,*,*,*,*,*,*,*,*,*,*,*,*,*,*,*,1,1,*,*,*,*,*,*,*,*,*,*,*,*,*,*,*
533727744,1,,533727743,11,6,5,0,0,0,12,7,5,4,3,1,12,7,5,12,7,5,8,4,4,4,2,2,3,2,1,0,0,0,0,0,0,4,4,1,2,1,1,0,0,0,4,3,1,0,5,0,1,2
533727751,2,533727753,,10,3,7,*,*,*,*,*,*,*,*,*,*,*,*,*,*,*,*,*,*,*,*,*,*,*,*,*,*,*,*,*,*,3,3,*,*,*,*,*,*,*,*,*,*,*,*,*,*,*
533727753,1,,533727751,7,4,3,3,0,3,14,7,7,9,4,5,13,7,6,13,7,6,5,3,2,3,2,1,2,1,1,0,0,0,0,0,0,4,4,2,2,2,0,1,0,0,5,4,1,1,4,0,2,1
533727801,0,,,101,48,53,23,9,14,78,39,39,46,26,20,73,36,37,72,35,37,32,13,19,19,9,10,5,1,4,1,1,0,0,0,0,31,31,5,12,2,3,4,2,3,26,19,7,5,21,0,3,4
533727802,0,,,141,65,76,20,7,13,121,58,63,71,35,36,115,56,59,111,56,55,50,23,27,32,15,17,10,4,6,1,0,1,0,0,0,48,48,10,14,7,9,4,2,2,38,26,12,3,31,0,8,7
533727803,0,,,111,53,58,12,7,5,99,46,53,59,29,30,96,43,53,96,43,53,40,17,23,16,5,11,7,2,5,0,0,0,0,0,0,37,37,5,10,10,6,4,2,0,32,20,12,3,29,0,5,6
533727804,0,,,166,78,88,12,6,6,154,72,82,80,38,42,145,67,78,142,66,76,74,34,40,38,16,22,12,5,7,1,0,1,1,0,1,59,59,9,21,12,11,4,0,2,50,41,9,2,44,0,8,13
533727811,0,,,106,51,55,12,8,4,93,43,50,40,21,19,89,42,47,87,42,45,53,22,31,45,17,28,28,13,15,4,3,1,0,0,0,28,27,7,7,6,2,1,3,1,20,16,4,4,16,0,3,2
533727812,0,,,10,4,6,2,0,2,8,4,4,8,4,4,8,4,4,8,4,4,0,0,0,0,0,0,0,0,0,0,0,0,0,0,0,7,7,5,1,1,0,0,0,0,2,2,0,1,0,1,0,0
533727813,0,,,156,76,80,21,9,12,135,67,68,80,44,36,133,65,68,129,63,66,55,23,32,30,12,18,8,3,5,0,0,0,2,1,1,48,48,7,11,13,5,8,0,4,41,25,16,8,35,0,6,3
533727814,0,,,257,129,128,35,14,21,212,108,104,152,80,72,203,105,98,201,104,97,60,28,32,39,17,22,13,4,9,1,0,1,1,0,1,102,102,39,19,23,7,6,4,4,62,40,22,12,38,6,4,6
533727822,0,,,239,113,126,44,27,17,195,86,109,128,54,74,183,83,100,181,82,99,67,32,35,39,16,23,17,6,11,1,0,1,2,1,1,72,72,4,17,22,17,7,3,2,67,51,16,12,40,0,2,9
533727823,0,,,68,39,29,3,1,2,65,38,27,35,22,13,64,38,26,63,38,25,30,16,14,12,6,6,3,1,2,2,1,1,0,0,0,10,9,3,1,0,3,1,1,0,6,3,3,0,5,0,2,0
533727824,0,,,15,6,9,2,1,1,13,5,8,5,1,4,13,5,8,13,5,8,8,4,4,6,2,4,3,1,2,1,1,0,0,0,0,5,5,1,0,2,2,0,0,0,4,3,1,0,4,0,1,0
533727831,0,,,178,86,92,30,14,16,148,72,76,85,41,44,144,69,75,139,67,72,63,31,32,33,14,19,15,7,8,1,0,1,4,3,1,58,58,10,18,8,10,6,4,2,48,35,13,8,41,0,8,11
533727833,0,,,136,73,63,25,12,13,111,61,50,63,38,25,106,57,49,103,55,48,48,23,25,26,13,13,7,3,4,2,1,1,3,1,2,40,40,4,11,9,8,4,0,4,36,28,8,9,28,0,3,8
533727852,2,533727854,,4,2,2,*,*,*,*,*,*,*,*,*,*,*,*,*,*,*,*,*,*,*,*,*,*,*,*,*,*,*,*,*,*,1,1,*,*,*,*,*,*,*,*,*,*,*,*,*,*,*
533727853,2,533727854,,1,0,1,*,*,*,*,*,*,*,*,*,*,*,*,*,*,*,*,*,*,*,*,*,*,*,*,*,*,*,*,*,*,1,1,*,*,*,*,*,*,*,*,*,*,*,*,*,*,*
533727854,1,,533727852;533727853,15,4,11,0,0,0,20,6,14,8,3,5,20,6,14,20,6,14,12,3,9,8,2,6,3,0,3,0,0,0,0,0,0,7,7,3,2,3,1,0,0,0,6,4,2,0,9,0,3,1
533727863,1,,533727864,7,2,5,0,0,0,13,4,9,4,1,3,12,4,8,12,4,8,9,3,6,7,2,5,2,0,2,0,0,0,0,0,0,5,5,3,3,0,1,0,0,0,4,3,1,0,7,0,3,2
533727864,2,533727863,,6,2,4,*,*,*,*,*,*,*,*,*,*,*,*,*,*,*,*,*,*,*,*,*,*,*,*,*,*,*,*,*,*,2,2,*,*,*,*,*,*,*,*,*,*,*,*,*,*,*
533727901,0,,,49,22,27,9,3,6,40,19,21,19,10,9,39,19,20,39,19,20,21,9,12,13,6,7,5,1,4,2,1,1,0,0,0,14,14,1,3,5,1,2,1,1,13,6,7,0,11,0,1,1
533727902,0,,,50,24,26,1,0,1,48,23,25,29,13,16,46,23,23,46,23,23,19,10,9,11,5,6,2,2,0,0,0,0,0,0,0,21,21,7,7,3,2,0,2,0,14,11,3,0,12,0,3,4
533727903,0,,,18,7,11,0,0,0,18,7,11,8,4,4,18,7,11,17,7,10,10,3,7,6,1,5,4,1,3,1,0,1,0,0,0,9,9,3,4,1,1,0,0,0,6,5,1,0,8,0,3,2
533727904,0,,,21,10,11,1,0,1,20,10,10,7,5,2,19,9,10,19,9,10,13,5,8,7,2,5,4,1,3,2,0,2,0,0,0,8,8,2,3,2,0,0,0,1,6,4,2,0,6,0,1,3
533727911,0,,,44,22,22,2,2,0,42,20,22,33,17,16,41,20,21,38,19,19,9,3,6,7,2,5,0,0,0,0,0,0,0,0,0,17,17,2,7,4,4,0,0,0,15,13,2,0,6,1,0,3
533727912,0,,,123,57,66,10,5,5,113,52,61,62,33,29,111,51,60,108,49,59,51,19,32,33,10,23,13,2,11,2,1,1,4,1,3,50,50,16,14,9,6,3,1,1,34,24,10,2,34,0,12,3
533727913,0,,,105,50,55,11,4,7,94,46,48,59,34,25,91,44,47,90,43,47,35,12,23,20,6,14,9,3,6,2,0,2,0,0,0,33,33,3,9,8,7,4,2,0,30,20,10,4,23,1,2,4
533727914,0,,,120,51,69,14,6,8,105,44,61,59,22,37,101,43,58,98,41,57,46,22,24,20,9,11,9,3,6,2,1,1,0,0,0,40,40,8,14,3,7,4,3,1,31,19,12,2,26,3,2,8
533727921,0,,,211,97,114,20,10,10,188,85,103,120,59,61,182,84,98,180,84,96,68,26,42,35,11,24,18,5,13,0,0,0,4,3,1,86,86,22,33,12,9,9,1,0,64,49,15,5,47,4,9,12
533727922,0,,,119,59,60,15,7,8,103,52,51,73,37,36,102,51,51,101,50,51,30,15,15,16,5,11,4,1,3,1,0,1,0,0,0,55,55,23,14,9,7,0,1,1,32,25,7,7,21,2,5,2
533727923,0,,,53,26,27,8,6,2,45,20,25,27,12,15,45,20,25,44,20,24,18,8,10,10,4,6,5,1,4,1,0,1,0,0,0,15,15,1,5,4,1,1,1,2,14,7,7,2,11,0,0,2
533727924,0,,,153,81,72,19,10,9,134,71,63,93,53,40,128,69,59,123,65,58,41,18,23,24,11,13,8,3,5,0,0,0,1,0,1,52,52,8,10,19,11,2,1,1,44,36,8,6,24,0,3,5
533727931,0,,,55,23,32,3,2,1,52,21,31,27,13,14,52,21,31,52,21,31,25,8,17,17,6,11,6,2,4,1,0,1,0,0,0,18,18,2,5,5,3,2,1,0,16,7,9,0,16,0,1,4
533727932,0,,,65,32,33,4,3,1,61,29,32,34,15,19,61,29,32,59,28,31,27,14,13,13,8,5,6,3,3,2,1,1,0,0,0,24,24,3,9,7,4,0,0,1,21,14,7,1,16,0,1,6
533727933,0,,,109,48,61,9,2,7,100,46,54,60,28,32,94,44,50,94,44,50,40,18,22,19,6,13,13,3,10,1,1,0,0,0,0,35,35,3,12,8,6,4,1,1,32,21,11,2,25,0,3,5
533727934,0,,,42,23,19,6,5,1,36,18,18,24,12,12,35,17,18,35,17,18,12,6,6,9,4,5,4,2,2,0,0,0,0,0,0,14,14,2,5,3,2,1,0,1,12,9,3,3,5,0,0,1
533727941,0,,,51,26,25,3,2,1,48,24,24,26,14,12,48,24,24,48,24,24,22,10,12,13,6,7,6,3,3,1,0,1,0,0,0,15,15,1,4,5,1,1,3,0,14,8,6,0,13,0,1,1
533727943,0,,,134,71,63,15,8,7,119,63,56,86,49,37,117,62,55,115,61,54,33,14,19,18,4,14,3,1,2,0,0,0,7,7,0,53,53,17,14,9,7,4,0,2,36,29,7,5,25,5,7,4
533727951,2,533727954,,4,2,2,*,*,*,*,*,*,*,*,*,*,*,*,*,*,*,*,*,*,*,*,*,*,*,*,*,*,*,*,*,*,1,1,*,*,*,*,*,*,*,*,*,*,*,*,*,*,*
533727952,2,533727954,,4,2,2,*,*,*,*,*,*,*,*,*,*,*,*,*,*,*,*,*,*,*,*,*,*,*,*,*,*,*,*,*,*,2,2,*,*,*,*,*,*,*,*,*,*,*,*,*,*,*
533727954,1,,533727951;533727952,3,1,2,0,0,0,11,5,6,6,3,3,11,5,6,11,5,6,5,2,3,3,1,2,1,0,1,0,0,0,0,0,0,2,2,1,3,0,1,0,0,0,4,3,1,0,4,0,1,1
533727961,2,533727964,,9,2,7,*,*,*,*,*,*,*,*,*,*,*,*,*,*,*,*,*,*,*,*,*,*,*,*,*,*,*,*,*,*,5,5,*,*,*,*,*,*,*,*,*,*,*,*,*,*,*
533727964,1,,533727961,5,3,2,0,0,0,14,5,9,7,2,5,14,5,9,14,5,9,7,3,4,3,1,2,1,0,1,1,0,1,0,0,0,2,2,2,3,2,0,0,0,0,5,5,0,0,5,0,1,0
533727971,2,533727973,,2,2,0,*,*,*,*,*,*,*,*,*,*,*,*,*,*,*,*,*,*,*,*,*,*,*,*,*,*,*,*,*,*,1,1,*,*,*,*,*,*,*,*,*,*,*,*,*,*,*
533727973,1,,533727971;533727974,16,9,7,0,0,0,35,19,16,17,11,6,35,19,16,34,18,16,18,8,10,9,3,6,6,2,4,0,0,0,0,0,0,6,6,4,8,2,1,1,0,0,12,10,2,0,12,0,3,5
533727974,2,533727973,,17,8,9,*,*,*,*,*,*,*,*,*,*,*,*,*,*,*,*,*,*,*,*,*,*,*,*,*,*,*,*,*,*,9,9,*,*,*,*,*,*,*,*,*,*,*,*,*,*,*
533727982,2,533727983,,3,1,2,*,*,*,*,*,*,*,*,*,*,*,*,*,*,*,*,*,*,*,*,*,*,*,*,*,*,*,*,*,*,1,1,*,*,*,*,*,*,*,*,*,*,*,*,*,*,*
533727983,1,,533727982,10,4,6,1,0,1,12,5,7,3,1,2,12,5,7,12,5,7,9,4,5,6,3,3,3,1,2,0,0,0,0,0,0,6,6,3,2,2,0,0,0,0,4,4,0,0,6,0,3,2
533730001,0,,,22,9,13,5,2,3,17,7,10,10,4,6,17,7,10,17,7,10,7,3,4,5,1,4,2,0,2,0,0,0,0,0,0,10,10,5,3,0,0,1,1,0,5,3,2,2,6,0,3,1
533730002,1,,533730003;533730004,142,77,65,11,8,3,140,72,68,79,44,35,137,69,68,135,67,68,61,28,33,33,15,18,17,6,11,0,0,0,0,0,0,56,56,14,23,11,9,2,2,0,47,33,14,2,40,0,8,13
533730003,2,533730002,,8,3,5,*,*,*,*,*,*,*,*,*,*,*,*,*,*,*,*,*,*,*,*,*,*,*,*,*,*,*,*,*,*,4,4,*,*,*,*,*,*,*,*,*,*,*,*,*,*,*
533730004,2,533730002,,1,0,1,*,*,*,*,*,*,*,*,*,*,*,*,*,*,*,*,*,*,*,*,*,*,*,*,*,*,*,*,*,*,1,1,*,*,*,*,*,*,*,*,*,*,*,*,*,*,*
533730011,0,,,75,35,40,8,5,3,67,30,37,37,17,20,65,28,37,65,28,37,30,13,17,14,6,8,6,3,3,0,0,0,2,0,2,27,27,5,9,3,8,1,1,0,22,17,5,4,18,0,4,4
533730013,0,,,69,30,39,6,3,3,62,26,36,28,13,15,61,26,35,61,26,35,34,13,21,19,7,12,5,0,5,0,0,0,1,0,1,25,25,6,8,6,0,3,1,1,19,10,9,2,21,0,5,7
533730014,0,,,104,44,60,7,2,5,97,42,55,33,20,13,95,41,54,93,39,54,64,22,42,46,14,32,29,8,21,7,0,7,0,0,0,30,29,7,12,4,1,2,2,1,22,14,8,1,24,0,6,8
533730023,2,533730121,,5,2,3,*,*,*,*,*,*,*,*,*,*,*,*,*,*,*,*,*,*,*,*,*,*,*,*,*,*,*,*,*,*,2,2,*,*,*,*,*,*,*,*,*,*,*,*,*,*,*
533730032,2,533730144,,1,0,1,*,*,*,*,*,*,*,*,*,*,*,*,*,*,*,*,*,*,*,*,*,*,*,*,*,*,*,*,*,*,1,1,*,*,*,*,*,*,*,*,*,*,*,*,*,*,*
533730044,2,533730144,,1,0,1,*,*,*,*,*,*,*,*,*,*,*,*,*,*,*,*,*,*,*,*,*,*,*,*,*,*,*,*,*,*,1,1,*,*,*,*,*,*,*,*,*,*,*,*,*,*,*
533730051,2,533730053,,12,6,6,*,*,*,*,*,*,*,*,*,*,*,*,*,*,*,*,*,*,*,*,*,*,*,*,*,*,*,*,*,*,3,3,*,*,*,*,*,*,*,*,*,*,*,*,*,*,*
533730053,1,,533730051,7,4,3,4,2,2,15,8,7,10,5,5,15,8,7,15,8,7,5,3,2,3,1,2,1,1,0,0,0,0,0,0,0,3,3,3,0,1,0,1,0,1,3,1,2,1,5,0,3,0
533730061,0,,,67,28,39,13,4,9,54,24,30,34,17,17,52,23,29,52,23,29,20,7,13,6,1,5,3,0,3,0,0,0,0,0,0,18,18,2,5,3,0,4,2,2,16,9,7,2,15,0,2,4
533730062,1,,533730064,49,23,26,4,3,1,54,24,30,36,17,19,52,24,28,48,22,26,18,7,11,12,4,8,3,2,1,0,0,0,0,0,0,22,22,7,8,7,1,2,0,0,18,12,6,2,14,0,5,3
533730063,0,,,18,8,10,4,2,2,14,6,8,5,3,2,14,6,8,14,6,8,9,3,6,6,2,4,4,1,3,1,0,1,0,0,0,10,10,6,2,1,0,1,0,0,4,4,0,0,7,0,5,1
533730064,2,533730062,,9,4,5,*,*,*,*,*,*,*,*,*,*,*,*,*,*,*,*,*,*,*,*,*,*,*,*,*,*,*,*,*,*,3,3,*,*,*,*,*,*,*,*,*,*,*,*,*,*,*
533730071,1,,533730072;533730073,2,1,1,0,0,0,11,6,5,0,0,0,11,6,5,11,6,5,11,6,5,1,0,1,0,0,0,0,0,0,0,0,0,2,2,3,4,0,0,0,0,0,4,4,0,0,7,0,3,4
533730072,2,533730071,,6,3,3,*,*,*,*,*,*,*,*,*,*,*,*,*,*,*,*,*,*,*,*,*,*,*,*,*,*,*,*,*,*,3,3,*,*,*,*,*,*,*,*,*,*,*,*,*,*,*
533730073,2,533730071,,3,2,1,*,*,*,*,*,*,*,*,*,*,*,*,*,*,*,*,*,*,*,*,*,*,*,*,*,*,*,*,*,*,2,2,*,*,*,*,*,*,*,*,*,*,*,*,*,*,*
533730082,0,,,43,22,21,6,4,2,37,18,19,21,12,9,35,16,19,33,14,19,16,6,10,11,3,8,5,0,5,1,0,1,0,0,0,12,12,0,4,2,3,1,2,0,12,6,6,2,10,0,0,3
533730101,0,,,10,4,6,0,0,0,10,4,6,3,1,2,10,4,6,10,4,6,7,3,4,4,1,3,1,0,1,0,0,0,0,0,0,5,5,1,3,1,0,0,0,0,4,3,1,0,5,0,1,2
533730104,0,,,49,24,25,1,0,1,48,24,24,28,15,13,46,23,23,46,23,23,20,9,11,14,4,10,3,0,3,0,0,0,0,0,0,21,21,8,4,6,0,3,0,0,13,8,5,0,17,0,7,2
533730111,0,,,48,23,25,4,0,4,44,23,21,24,15,9,43,22,21,42,22,20,20,8,12,13,4,9,6,2,4,1,0,1,5,2,3,15,15,3,3,2,5,1,0,1,12,7,5,2,13,0,3,2
533730112,0,,,55,25,30,3,0,3,52,25,27,27,12,15,50,24,26,49,23,26,25,13,12,14,9,5,3,2,1,0,0,0,1,0,1,19,19,3,5,7,2,0,1,1,16,9,7,1,16,0,2,5
533730113,2,533730114,,7,4,3,*,*,*,*,*,*,*,*,*,*,*,*,*,*,*,*,*,*,*,*,*,*,*,*,*,*,*,*,*,*,4,4,*,*,*,*,*,*,*,*,*,*,*,*,*,*,*
533730114,1,,533730113,40,21,19,5,4,1,42,21,21,19,10,9,42,21,21,41,20,21,23,11,12,18,8,10,7,3,4,0,0,0,0,0,0,16,16,5,9,2,3,0,1,0,15,13,2,1,16,0,5,7
533730121,1,,533730023,68,30,38,6,3,3,67,29,38,26,12,14,66,29,37,66,29,37,41,17,24,23,10,13,9,3,6,1,0,1,0,0,0,26,26,5,9,8,4,2,0,0,23,15,8,1,23,0,5,5
533730134,0,,,14,6,8,0,0,0,14,6,8,7,3,4,14,6,8,14,6,8,7,3,4,6,3,3,4,2,2,1,0,1,0,0,0,5,5,0,2,2,1,0,0,0,5,3,2,0,5,0,0,1
533730142,0,,,16,6,10,0,0,0,16,6,10,10,5,5,16,6,10,16,6,10,6,1,5,4,1,3,1,1,0,0,0,0,0,0,0,7,7,3,1,1,2,0,0,0,3,2,1,0,5,0,3,0
533730144,1,,533730032;533730044,25,13,12,0,0,0,27,13,14,8,3,5,27,13,14,27,13,14,19,10,9,9,4,5,3,1,2,0,0,0,0,0,0,12,12,4,7,3,0,0,0,0,10,9,1,0,13,0,3,7
533730152,0,,,21,12,9,0,0,0,21,12,9,13,8,5,20,11,9,19,11,8,8,4,4,6,3,3,1,1,0,0,0,0,0,0,0,8,8,2,2,2,1,1,0,0,6,3,3,0,6,0,1,1
533730161,2,533730171,,3,0,3,*,*,*,*,*,*,*,*,*,*,*,*,*,*,*,*,*,*,*,*,*,*,*,*,*,*,*,*,*,*,1,1,*,*,*,*,*,*,*,*,*,*,*,*,*,*,*
533730162,2,533730171,,5,1,4,*,*,*,*,*,*,*,*,*,*,*,*,*,*,*,*,*,*,*,*,*,*,*,*,*,*,*,*,*,*,3,3,*,*,*,*,*,*,*,*,*,*,*,*,*,*,*
533730164,2,533730171,,2,1,1,*,*,*,*,*,*,*,*,*,*,*,*,*,*,*,*,*,*,*,*,*,*,*,*,*,*,*,*,*,*,1,1,*,*,*,*,*,*,*,*,*,*,*,*,*,*,*
533730171,1,,533730161;533730162;533730164;533730174,92,36,56,7,4,3,99,35,64,30,13,17,99,35,64,98,35,63,69,22,47,47,11,36,31,4,27,3,1,2,0,0,0,29,28,8,17,8,1,2,0,0,28,20,8,2,30,0,6,11
533730173,0,,,60,31,29,5,2,3,55,29,26,33,17,16,54,28,26,53,28,25,22,12,10,12,6,6,7,4,3,1,1,0,0,0,0,19,19,2,9,2,3,0,1,2,16,10,6,3,14,0,1,6
533730174,2,533730171,,4,1,3,*,*,*,*,*,*,*,*,*,*,*,*,*,*,*,*,*,*,*,*,*,*,*,*,*,*,*,*,*,*,3,3,*,*,*,*,*,*,*,*,*,*,*,*,*,*,*
533730204,0,,,23,11,12,3,2,1,20,9,11,8,2,6,19,9,10,19,9,10,12,7,5,5,3,2,2,1,1,0,0,0,0,0,0,9,9,3,2,2,1,0,1,0,6,3,3,0,9,0,3,2
533730212,0,,,42,23,19,3,1,2,39,22,17,15,11,4,39,22,17,38,21,17,24,11,13,11,5,6,3,1,2,1,0,1,0,0,0,15,15,3,5,4,0,1,2,0,11,8,3,1,14,0,3,3
533730214,0,,,57,27,30,0,0,0,57,27,30,23,14,9,56,26,30,56,26,30,34,13,21,17,6,11,3,1,2,2,0,2,0,0,0,26,26,6,12,5,3,0,0,0,20,16,4,0,22,0,5,5
533730224,0,,,10,4,6,1,0,1,9,4,5,3,1,2,9,4,5,9,4,5,6,3,3,6,3,3,1,1,0,1,1,0,0,0,0,4,4,1,2,0,0,1,0,0,3,2,1,0,4,0,1,1
533730252,1,,533730253;533730254,44,23,21,0,0,0,51,26,25,24,13,11,50,25,25,49,25,24,27,13,14,22,11,11,8,5,3,1,1,0,0,0,0,15,15,3,6,4,3,1,0,1,15,6,9,0,17,0,3,3
533730253,2,533730252,,3,1,2,*,*,*,*,*,*,*,*,*,*,*,*,*,*,*,*,*,*,*,*,*,*,*,*,*,*,*,*,*,*,1,1,*,*,*,*,*,*,*,*,*,*,*,*,*,*,*
533730254,2,533730252,,4,2,2,*,*,*,*,*,*,*,*,*,*,*,*,*,*,*,*,*,*,*,*,*,*,*,*,*,*,*,*,*,*,2,2,*,*,*,*,*,*,*,*,*,*,*,*,*,*,*
533730264,2,533730273,,2,1,1,*,*,*,*,*,*,*,*,*,*,*,*,*,*,*,*,*,*,*,*,*,*,*,*,*,*,*,*,*,*,1,1,*,*,*,*,*,*,*,*,*,*,*,*,*,*,*
533730271,0,,,90,40,50,6,2,4,84,38,46,45,22,23,82,37,45,79,37,42,39,16,23,22,7,15,14,4,10,3,1,2,0,0,0,30,30,5,6,11,4,3,0,1,25,13,12,3,24,0,5,5
533730273,1,,533730264;533730371,26,15,11,6,3,3,26,15,11,13,8,5,26,15,11,26,15,11,13,7,6,8,4,4,3,1,2,0,0,0,1,0,1,10,10,6,2,2,1,0,2,0,7,4,3,1,9,0,3,1
533730281,0,,,53,27,26,5,3,2,48,24,24,28,14,14,47,24,23,46,23,23,20,10,10,14,7,7,6,2,4,0,0,0,0,0,0,21,21,7,4,3,6,1,0,0,14,11,3,0,14,0,4,4
533730283,1,,533730284,23,11,12,7,4,3,28,14,14,19,9,10,27,14,13,26,13,13,9,5,4,6,2,4,4,2,2,0,0,0,1,0,1,6,6,1,0,1,4,3,0,0,8,4,4,2,6,0,1,0
533730284,2,533730283,,12,7,5,*,*,*,*,*,*,*,*,*,*,*,*,*,*,*,*,*,*,*,*,*,*,*,*,*,*,*,*,*,*,3,3,*,*,*,*,*,*,*,*,*,*,*,*,*,*,*
533730302,0,,,13,6,7,0,0,0,13,6,7,6,4,2,13,6,7,13,6,7,7,2,5,5,1,4,2,0,2,0,0,0,0,0,0,6,6,1,3,2,0,0,0,0,5,4,1,0,5,0,1,0
533730303,1,,533730304,11,6,5,0,0,0,16,8,8,4,2,2,16,8,8,16,8,8,12,6,6,6,2,4,1,0,1,1,0,1,0,0,0,5,5,0,5,2,0,0,0,0,7,6,1,0,7,0,0,4
533730304,2,533730303,,5,2,3,*,*,*,*,*,*,*,*,*,*,*,*,*,*,*,*,*,*,*,*,*,*,*,*,*,*,*,*,*,*,2,2,*,*,*,*,*,*,*,*,*,*,*,*,*,*,*
533730312,0,,,64,35,29,11,5,6,53,30,23,33,19,14,53,30,23,53,30,23,20,11,9,11,5,6,5,2,3,0,0,0,1,0,1,20,20,2,10,2,0,3,2,1,18,11,7,3,15,0,2,2
533730314,0,,,79,43,36,14,9,5,65,34,31,38,18,20,65,34,31,64,34,30,27,16,11,11,6,5,4,3,1,0,0,0,3,2,1,31,31,5,14,7,1,3,1,0,26,24,2,2,17,0,4,6
533730321,1,,533730323,66,29,37,8,2,6,68,33,35,38,19,19,66,32,34,65,31,34,30,14,16,14,6,8,11,5,6,2,0,2,0,0,0,22,22,2,8,9,2,3,0,1,23,15,8,2,17,0,2,5
533730322,0,,,20,13,7,0,0,0,20,13,7,9,6,3,20,13,7,19,13,6,11,7,4,3,2,1,0,0,0,0,0,0,0,0,0,13,13,7,5,1,0,0,0,0,6,6,0,0,7,0,2,4
533730323,2,533730321,,10,6,4,*,*,*,*,*,*,*,*,*,*,*,*,*,*,*,*,*,*,*,*,*,*,*,*,*,*,*,*,*,*,3,3,*,*,*,*,*,*,*,*,*,*,*,*,*,*,*
533730331,0,,,22,11,11,4,2,2,18,9,9,8,4,4,18,9,9,18,9,9,10,5,5,7,4,3,3,2,1,0,0,0,0,0,0,7,7,1,2,1,1,2,0,0,6,4,2,0,5,0,0,2
533730333,1,,533730334,131,65,66,4,3,1,129,63,66,49,22,27,128,63,65,128,63,65,80,41,39,42,19,23,13,4,9,4,1,3,1,1,0,63,63,22,25,10,5,1,1,0,42,29,13,1,51,0,15,20
533730334,2,533730333,,2,1,1,*,*,*,*,*,*,*,*,*,*,*,*,*,*,*,*,*,*,*,*,*,*,*,*,*,*,*,*,*,*,1,1,*,*,*,*,*,*,*,*,*,*,*,*,*,*,*
533730354,0,,,13,5,8,4,1,3,9,4,5,4,1,3,9,4,5,9,4,5,5,3,2,2,2,0,0,0,0,0,0,0,0,0,0,5,5,2,2,0,0,0,0,1,3,2,1,0,3,0,1,1
533730362,0,,,43,22,21,8,4,4,35,18,17,21,11,10,35,18,17,35,18,17,14,7,7,9,4,5,5,2,3,0,0,0,0,0,0,14,14,1,7,2,2,1,0,1,13,10,3,2,10,0,1,4
533730363,0,,,20,10,10,0,0,0,20,10,10,10,6,4,19,9,10,19,9,10,10,4,6,4,1,3,3,1,2,0,0,0,0,0,0,7,7,0,3,2,2,0,0,0,7,4,3,0,6,0,0,2
533730364,1,,533730471,20,10,10,0,0,0,22,11,11,10,6,4,22,11,11,22,11,11,12,5,7,4,2,2,2,0,2,0,0,0,0,0,0,11,11,5,5,1,1,0,0,0,7,7,0,0,10,0,5,2
533730371,2,533730273,,4,2,2,*,*,*,*,*,*,*,*,*,*,*,*,*,*,*,*,*,*,*,*,*,*,*,*,*,*,*,*,*,*,2,2,*,*,*,*,*,*,*,*,*,*,*,*,*,*,*
533730401,0,,,22,10,12,2,2,0,20,8,12,9,4,5,19,8,11,19,8,11,11,4,7,9,2,7,1,1,0,0,0,0,0,0,0,11,11,6,2,1,1,1,0,0,5,4,1,1,9,0,5,2
533730403,0,,,8,4,4,0,0,0,8,4,4,3,1,2,8,4,4,8,4,4,5,3,2,3,1,2,1,0,1,0,0,0,0,0,0,4,4,2,1,0,1,0,0,0,2,2,0,0,4,0,2,1
533730404,0,,,36,19,17,2,1,1,34,18,16,17,7,10,34,18,16,33,17,16,17,11,6,3,2,1,1,0,1,0,0,0,1,0,1,13,13,2,5,3,1,1,1,0,11,8,3,1,12,0,2,4
533730411,2,533730412,,13,7,6,*,*,*,*,*,*,*,*,*,*,*,*,*,*,*,*,*,*,*,*,*,*,*,*,*,*,*,*,*,*,3,3,*,*,*,*,*,*,*,*,*,*,*,*,*,*,*
533730412,1,,533730411,25,14,11,8,6,2,30,15,15,18,7,11,30,15,15,29,15,14,12,8,4,5,3,2,5,3,2,0,0,0,0,0,0,8,8,1,3,1,4,1,0,1,10,6,4,1,7,0,1,0
533730413,0,,,11,6,5,0,0,0,11,6,5,9,5,4,11,6,5,11,6,5,2,1,1,2,1,1,0,0,0,0,0,0,0,0,0,4,4,0,3,0,0,1,0,0,4,4,0,0,1,0,0,1
533730421,0,,,16,9,7,0,0,0,16,9,7,5,4,1,16,9,7,16,9,7,11,5,6,5,2,3,1,0,1,0,0,0,0,0,0,10,10,4,6,0,0,0,0,0,6,6,0,0,7,0,1,5
533730422,0,,,27,12,15,1,0,1,26,12,14,9,4,5,26,12,14,26,12,14,17,8,9,11,4,7,3,1,2,0,0,0,0,0,0,13,13,3,8,0,2,0,0,0,10,7,3,0,10,0,2,5
533730431,0,,,23,10,13,0,0,0,23,10,13,10,6,4,23,10,13,23,10,13,13,4,9,7,2,5,4,1,3,0,0,0,2,1,1,13,13,9,0,2,2,0,0,0,4,2,2,0,10,0,6,0
533730432,0,,,97,45,52,10,5,5,87,40,47,40,18,22,85,39,46,85,39,46,47,22,25,29,13,16,7,3,4,1,0,1,0,0,0,35,35,3,19,3,5,4,0,1,32,23,9,3,29,0,2,12
533730433,0,,,16,8,8,0,0,0,16,8,8,9,5,4,15,8,7,15,8,7,7,3,4,3,1,2,0,0,0,0,0,0,0,0,0,7,7,3,2,0,1,1,0,0,4,2,2,0,6,0,3,1
533730434,0,,,22,11,11,1,1,0,21,10,11,12,7,5,20,9,11,20,9,11,9,3,6,6,2,4,3,1,2,1,0,1,0,0,0,6,6,1,0,1,2,2,0,0,4,1,3,0,6,0,1,0
533730451,0,,,13,7,6,0,0,0,13,7,6,7,4,3,13,7,6,13,7,6,6,3,3,3,1,2,3,1,2,0,0,0,0,0,0,4,4,0,1,1,2,0,0,0,4,2,2,0,3,0,0,1
533730452,0,,,19,12,7,3,2,1,16,10,6,14,9,5,15,10,5,14,9,5,2,1,1,0,0,0,0,0,0,0,0,0,0,0,0,7,7,2,2,0,2,1,0,0,5,5,0,1,2,1,0,1
533730461,1,,533730462,10,4,6,0,0,0,14,6,8,5,2,3,14,6,8,14,6,8,9,4,5,6,2,4,5,1,4,0,0,0,0,0,0,6,6,3,4,1,0,0,0,0,5,4,1,0,6,0,3,2
533730462,2,533730461,,4,2,2,*,*,*,*,*,*,*,*,*,*,*,*,*,*,*,*,*,*,*,*,*,*,*,*,*,*,*,*,*,*,2,2,*,*,*,*,*,*,*,*,*,*,*,*,*,*,*
533730471,2,533730364,,2,1,1,*,*,*,*,*,*,*,*,*,*,*,*,*,*,*,*,*,*,*,*,*,*,*,*,*,*,*,*,*,*,1,1,*,*,*,*,*,*,*,*,*,*,*,*,*,*,*
533730501,2,533730504,,5,3,2,*,*,*,*,*,*,*,*,*,*,*,*,*,*,*,*,*,*,*,*,*,*,*,*,*,*,*,*,*,*,2,2,*,*,*,*,*,*,*,*,*,*,*,*,*,*,*
533730502,0,,,34,19,15,0,0,0,34,19,15,15,9,6,34,19,15,34,19,15,19,10,9,9,3,6,6,2,4,0,0,0,0,0,0,13,13,2,4,4,3,0,0,0,11,8,3,0,11,0,1,3
533730503,2,533730504,,4,2,2,*,*,*,*,*,*,*,*,*,*,*,*,*,*,*,*,*,*,*,*,*,*,*,*,*,*,*,*,*,*,2,2,*,*,*,*,*,*,*,*,*,*,*,*,*,*,*
533730504,1,,533730501;533730503;533730513,21,9,12,1,0,1,32,15,17,15,8,7,31,15,16,30,14,16,17,7,10,7,3,4,2,1,1,2,1,1,0,0,0,8,8,2,7,2,0,1,1,0,11,8,3,0,12,0,2,4
533730513,2,533730504,,3,1,2,*,*,*,*,*,*,*,*,*,*,*,*,*,*,*,*,*,*,*,*,*,*,*,*,*,*,*,*,*,*,1,1,*,*,*,*,*,*,*,*,*,*,*,*,*,*,*
533730521,0,,,18,10,8,0,0,0,18,10,8,7,5,2,17,10,7,17,10,7,11,5,6,7,3,4,1,0,1,0,0,0,0,0,0,8,8,3,3,0,1,1,0,0,5,4,1,0,7,0,2,3
533730523,0,,,20,11,9,3,1,2,17,10,7,10,7,3,17,10,7,16,9,7,7,3,4,5,2,3,2,1,1,0,0,0,0,0,0,5,5,1,0,3,0,0,0,1,4,3,1,1,4,0,1,0
533730531,2,533730532,,4,1,3,*,*,*,*,*,*,*,*,*,*,*,*,*,*,*,*,*,*,*,*,*,*,*,*,*,*,*,*,*,*,3,3,*,*,*,*,*,*,*,*,*,*,*,*,*,*,*
533730532,1,,533730531;533730534,12,6,6,0,0,0,24,11,13,4,3,1,24,11,13,24,11,13,20,8,12,9,4,5,3,2,1,0,0,0,0,0,0,7,7,4,8,0,1,0,0,0,9,8,1,0,12,0,3,7
533730534,2,533730532,,8,4,4,*,*,*,*,*,*,*,*,*,*,*,*,*,*,*,*,*,*,*,*,*,*,*,*,*,*,*,*,*,*,3,3,*,*,*,*,*,*,*,*,*,*,*,*,*,*,*
533730543,1,,533730634,10,6,4,0,0,0,11,7,4,4,3,1,11,7,4,11,7,4,7,4,3,3,2,1,1,1,0,0,0,0,0,0,0,5,5,2,3,1,0,0,0,0,4,3,1,0,4,0,0,3
533730544,1,,533730553,13,7,6,3,2,1,24,13,11,13,7,6,23,12,11,23,12,11,11,6,5,7,3,4,2,2,0,0,0,0,0,0,0,5,5,2,1,1,2,1,0,1,6,2,4,1,8,0,2,0
533730553,2,533730544,,14,8,6,*,*,*,*,*,*,*,*,*,*,*,*,*,*,*,*,*,*,*,*,*,*,*,*,*,*,*,*,*,*,3,3,*,*,*,*,*,*,*,*,*,*,*,*,*,*,*
533730574,0,,,14,7,7,3,1,2,11,6,5,6,3,3,10,6,4,10,6,4,5,3,2,1,1,0,1,1,0,0,0,0,0,0,0,4,4,1,0,1,0,2,0,0,3,2,1,1,3,0,1,0
533730582,0,,,16,7,9,0,0,0,16,7,9,4,2,2,16,7,9,16,7,9,12,5,7,10,5,5,2,1,1,0,0,0,0,0,0,7,7,1,4,1,1,0,0,0,6,6,0,0,7,0,1,3
533730584,0,,,22,10,12,2,1,1,20,9,11,7,2,5,19,9,10,19,9,10,13,7,6,5,3,2,1,0,1,0,0,0,0,0,0,7,7,0,3,1,2,1,0,0,7,4,3,0,7,0,0,2
533730594,0,,,9,5,4,0,0,0,9,5,4,3,2,1,9,5,4,9,5,4,6,3,3,4,2,2,0,0,0,0,0,0,0,0,0,4,4,0,3,1,0,0,0,0,4,4,0,0,3,0,0,3
533730602,1,,533730604,20,8,12,0,0,0,24,10,14,8,4,4,24,10,14,24,10,14,16,6,10,9,2,7,4,0,4,0,0,0,0,0,0,9,9,3,3,5,0,0,0,0,8,4,4,0,8,0,1,2
533730604,2,533730602,,4,2,2,*,*,*,*,*,*,*,*,*,*,*,*,*,*,*,*,*,*,*,*,*,*,*,*,*,*,*,*,*,*,2,2,*,*,*,*,*,*,*,*,*,*,*,*,*,*,*
533730613,0,,,11,6,5,0,0,0,11,6,5,1,1,0,11,6,5,11,6,5,10,5,5,3,2,1,0,0,0,0,0,0,0,0,0,6,6,2,3,1,0,0,0,0,4,4,0,0,6,0,2,3
533730622,0,,,34,17,17,0,0,0,34,17,17,12,8,4,34,17,17,34,17,17,22,9,13,12,4,8,10,4,6,0,0,0,0,0,0,14,14,4,4,4,1,0,1,0,10,7,3,0,12,0,2,4
533730624,0,,,22,10,12,2,2,0,20,8,12,11,5,6,19,8,11,18,7,11,9,3,6,7,2,5,2,0,2,1,0,1,0,0,0,7,7,2,1,0,2,2,0,0,5,1,4,0,7,0,2,1
533730634,2,533730543,,1,1,0,*,*,*,*,*,*,*,*,*,*,*,*,*,*,*,*,*,*,*,*,*,*,*,*,*,*,*,*,*,*,1,1,*,*,*,*,*,*,*,*,*,*,*,*,*,*,*
533730641,2,533730643,,5,2,3,*,*,*,*,*,*,*,*,*,*,*,*,*,*,*,*,*,*,*,*,*,*,*,*,*,*,*,*,*,*,3,3,*,*,*,*,*,*,*,*,*,*,*,*,*,*,*
533730643,1,,533730641,6,3,3,0,0,0,11,5,6,5,2,3,11,5,6,11,5,6,6,3,3,2,0,2,1,0,1,0,0,0,0,0,0,3,3,2,3,1,0,0,0,0,4,4,0,0,5,0,2,2
533730653,1,,533730654,35,19,16,5,4,1,34,18,16,15,8,7,33,17,16,33,17,16,19,10,9,9,3,6,4,1,3,2,1,1,0,0,0,15,15,6,5,4,0,1,1,0,11,7,4,1,14,0,5,4
533730654,2,533730653,,4,3,1,*,*,*,*,*,*,*,*,*,*,*,*,*,*,*,*,*,*,*,*,*,*,*,*,*,*,*,*,*,*,2,2,*,*,*,*,*,*,*,*,*,*,*,*,*,*,*
533730663,1,,533730664,26,16,10,0,0,0,30,18,12,15,11,4,30,18,12,30,18,12,15,7,8,12,5,7,5,1,4,0,0,0,0,0,0,10,10,4,4,4,0,0,1,0,9,6,3,0,9,0,1,2
533730664,2,533730663,,4,2,2,*,*,*,*,*,*,*,*,*,*,*,*,*,*,*,*,*,*,*,*,*,*,*,*,*,*,*,*,*,*,3,3,*,*,*,*,*,*,*,*,*,*,*,*,*,*,*
533730681,1,,533730683,29,13,16,4,1,3,31,14,17,17,8,9,31,14,17,31,14,17,14,6,8,8,3,5,4,2,2,0,0,0,0,0,0,11,11,2,4,4,2,1,0,0,11,7,4,0,11,0,2,3
533730683,2,533730681,,6,2,4,*,*,*,*,*,*,*,*,*,*,*,*,*,*,*,*,*,*,*,*,*,*,*,*,*,*,*,*,*,*,2,2,*,*,*,*,*,*,*,*,*,*,*,*,*,*,*
533730684,0,,,22,9,13,0,0,0,22,9,13,8,3,5,21,8,13,21,8,13,14,6,8,6,2,4,2,0,2,0,0,0,0,0,0,8,8,0,4,3,0,1,0,0,8,5,3,0,8,0,0,2
533730691,0,,,15,7,8,5,3,2,10,4,6,6,3,3,10,4,6,10,4,6,4,1,3,2,0,2,2,0,2,1,0,1,0,0,0,4,4,0,0,2,1,1,0,0,4,2,2,1,2,0,0,0
533730692,2,533730693,,1,1,0,*,*,*,*,*,*,*,*,*,*,*,*,*,*,*,*,*,*,*,*,*,*,*,*,*,*,*,*,*,*,1,1,*,*,*,*,*,*,*,*,*,*,*,*,*,*,*
533730693,1,,533730692,35,19,16,2,2,0,34,18,16,15,7,8,34,18,16,34,18,16,19,11,8,11,6,5,5,4,1,0,0,0,0,0,0,15,15,3,6,7,0,0,0,0,13,6,7,0,14,0,3,4
533730694,0,,,28,13,15,3,1,2,20,10,10,7,4,3,19,9,10,19,9,10,13,6,7,3,2,1,1,1,0,0,0,0,0,0,0,11,11,4,3,1,1,1,1,0,6,4,2,1,7,0,2,3
533730702,0,,,22,9,13,0,0,0,22,9,13,12,5,7,22,9,13,22,9,13,10,4,6,7,2,5,5,1,4,0,0,0,0,0,0,9,9,2,3,3,0,1,0,0,7,4,3,0,6,0,2,0
533730721,2,533730724,,3,3,0,*,*,*,*,*,*,*,*,*,*,*,*,*,*,*,*,*,*,*,*,*,*,*,*,*,*,*,*,*,*,3,3,*,*,*,*,*,*,*,*,*,*,*,*,*,*,*
533730722,2,533730724,,6,3,3,*,*,*,*,*,*,*,*,*,*,*,*,*,*,*,*,*,*,*,*,*,*,*,*,*,*,*,*,*,*,5,5,*,*,*,*,*,*,*,*,*,*,*,*,*,*,*
533730723,2,533730724,,1,0,1,*,*,*,*,*,*,*,*,*,*,*,*,*,*,*,*,*,*,*,*,*,*,*,*,*,*,*,*,*,*,1,1,*,*,*,*,*,*,*,*,*,*,*,*,*,*,*
533730724,1,,533730721;533730722;533730723,19,9,10,3,3,0,26,12,14,16,10,6,26,12,14,26,12,14,10,2,8,7,0,7,6,0,6,1,0,1,7,5,2,8,8,13,2,1,0,0,0,1,4,2,2,1,9,6,6,2
533730742,1,,533730744,3,1,2,0,0,0,9,4,5,2,1,1,9,4,5,9,4,5,7,3,4,5,2,3,2,1,1,0,0,0,0,0,0,2,2,1,4,0,0,0,0,0,4,4,0,0,5,0,1,3
533730744,2,533730742,,6,3,3,*,*,*,*,*,*,*,*,*,*,*,*,*,*,*,*,*,*,*,*,*,*,*,*,*,*,*,*,*,*,3,3,*,*,*,*,*,*,*,*,*,*,*,*,*,*,*
533730751,2,533730753,,1,0,1,*,*,*,*,*,*,*,*,*,*,*,*,*,*,*,*,*,*,*,*,*,*,*,*,*,*,*,*,*,*,1,1,*,*,*,*,*,*,*,*,*,*,*,*,*,*,*
533730753,1,,533730751;533730754;533730852,7,3,4,2,1,1,16,6,10,3,2,1,16,6,10,16,6,10,13,4,9,8,2,6,2,0,2,0,0,0,0,0,0,4,4,5,4,0,0,1,0,0,5,4,1,0,10,0,5,3
533730754,2,533730753,,7,3,4,*,*,*,*,*,*,*,*,*,*,*,*,*,*,*,*,*,*,*,*,*,*,*,*,*,*,*,*,*,*,2,2,*,*,*,*,*,*,*,*,*,*,*,*,*,*,*
533730781,0,,,55,23,32,2,1,1,53,22,31,21,8,13,53,22,31,53,22,31,32,14,18,22,11,11,3,1,2,0,0,0,0,0,0,23,23,6,9,5,1,1,0,1,17,13,4,2,22,0,6,7
533730782,0,,,35,16,19,3,2,1,32,14,18,15,8,7,31,14,17,30,13,17,17,6,11,10,3,7,5,1,4,0,0,0,0,0,0,11,11,3,2,2,2,0,0,2,8,3,5,0,11,0,3,1
533730783,0,,,16,10,6,0,0,0,16,10,6,10,5,5,15,9,6,15,9,6,6,5,1,2,2,0,1,1,0,0,0,0,3,2,1,9,9,4,4,0,1,0,0,0,5,4,1,0,5,2,1,3
533730791,2,533730792,,10,4,6,*,*,*,*,*,*,*,*,*,*,*,*,*,*,*,*,*,*,*,*,*,*,*,*,*,*,*,*,*,*,5,5,*,*,*,*,*,*,*,*,*,*,*,*,*,*,*
533730792,1,,533730791;533730794,85,40,45,11,8,3,90,38,52,41,17,24,86,36,50,86,36,50,49,21,28,34,13,21,17,5,12,0,0,0,3,0,3,31,31,10,12,12,1,1,1,2,28,20,8,2,32,3,6,9
533730794,2,533730792,,6,2,4,*,*,*,*,*,*,*,*,*,*,*,*,*,*,*,*,*,*,*,*,*,*,*,*,*,*,*,*,*,*,3,3,*,*,*,*,*,*,*,*,*,*,*,*,*,*,*
533730813,2,533730902,,4,1,3,*,*,*,*,*,*,*,*,*,*,*,*,*,*,*,*,*,*,*,*,*,*,*,*,*,*,*,*,*,*,2,2,*,*,*,*,*,*,*,*,*,*,*,*,*,*,*
533730822,2,533730823,,1,1,0,*,*,*,*,*,*,*,*,*,*,*,*,*,*,*,*,*,*,*,*,*,*,*,*,*,*,*,*,*,*,1,1,*,*,*,*,*,*,*,*,*,*,*,*,*,*,*
533730823,1,,533730822,9,3,6,0,0,0,10,4,6,1,0,1,10,4,6,10,4,6,9,4,5,7,2,5,5,2,3,0,0,0,0,0,0,6,6,4,3,0,0,0,0,0,3,3,0,0,7,0,4,3
533730833,2,533730931,,6,3,3,*,*,*,*,*,*,*,*,*,*,*,*,*,*,*,*,*,*,*,*,*,*,*,*,*,*,*,*,*,*,4,4,*,*,*,*,*,*,*,*,*,*,*,*,*,*,*
533730841,2,533730842,,4,1,3,*,*,*,*,*,*,*,*,*,*,*,*,*,*,*,*,*,*,*,*,*,*,*,*,*,*,*,*,*,*,2,2,*,*,*,*,*,*,*,*,*,*,*,*,*,*,*
533730842,1,,533730841;533730844,25,10,15,0,0,0,35,12,23,11,3,8,35,12,23,35,12,23,24,9,15,13,3,10,3,1,2,0,0,0,0,0,0,13,13,10,7,1,2,0,0,0,10,9,1,0,19,0,9,6
533730844,2,533730842,,6,1,5,*,*,*,*,*,*,*,*,*,*,*,*,*,*,*,*,*,*,*,*,*,*,*,*,*,*,*,*,*,*,5,5,*,*,*,*,*,*,*,*,*,*,*,*,*,*,*
533730852,2,533730753,,3,1,2,*,*,*,*,*,*,*,*,*,*,*,*,*,*,*,*,*,*,*,*,*,*,*,*,*,*,*,*,*,*,3,3,*,*,*,*,*,*,*,*,*,*,*,*,*,*,*
533730891,0,,,54,24,30,5,2,3,49,22,27,19,10,9,49,22,27,49,22,27,30,12,18,18,5,13,10,3,7,1,0,1,0,0,0,19,19,2,7,4,4,2,0,0,17,10,7,1,18,0,2,6
533730892,0,,,31,14,17,4,2,2,27,12,15,11,4,7,26,11,15,26,11,15,16,8,8,12,5,7,4,1,3,0,0,0,0,0,0,13,13,4,4,3,1,0,1,0,9,7,2,1,9,0,2,3
533730893,1,,533730983,33,13,20,4,2,2,33,14,19,20,9,11,31,14,17,30,13,17,13,5,8,7,2,5,4,1,3,0,0,0,0,0,0,11,11,0,7,3,1,2,0,0,13,11,2,1,8,0,0,3
533730894,0,,,18,8,10,2,1,1,16,7,9,10,6,4,16,7,9,15,6,9,6,1,5,2,0,2,1,0,1,0,0,0,0,0,0,5,5,1,0,3,0,0,0,1,4,2,2,1,4,0,1,0
533730902,1,,533730813;533730903,7,4,3,0,0,0,18,9,9,6,3,3,18,9,9,18,9,9,12,6,6,9,3,6,4,1,3,0,0,0,0,0,0,4,4,6,3,2,0,0,0,0,5,5,0,0,9,0,5,3
533730903,2,533730902,,7,4,3,*,*,*,*,*,*,*,*,*,*,*,*,*,*,*,*,*,*,*,*,*,*,*,*,*,*,*,*,*,*,5,5,*,*,*,*,*,*,*,*,*,*,*,*,*,*,*
533730911,2,533730914,,8,3,5,*,*,*,*,*,*,*,*,*,*,*,*,*,*,*,*,*,*,*,*,*,*,*,*,*,*,*,*,*,*,6,6,*,*,*,*,*,*,*,*,*,*,*,*,*,*,*
533730912,2,533730914,,6,2,4,*,*,*,*,*,*,*,*,*,*,*,*,*,*,*,*,*,*,*,*,*,*,*,*,*,*,*,*,*,*,4,4,*,*,*,*,*,*,*,*,*,*,*,*,*,*,*
533730914,1,,533730911;533730912,7,2,5,3,0,3,18,7,11,7,2,5,18,7,11,18,7,11,11,5,6,6,3,3,4,2,2,0,0,0,5,1,4,2,2,7,4,0,0,0,1,0,5,4,1,1,7,5,2,4
533730921,1,,533730923,43,20,23,0,0,0,44,20,24,12,6,6,44,20,24,44,20,24,32,14,18,19,6,13,10,3,7,1,0,1,0,0,0,20,20,8,6,4,3,0,0,0,13,8,5,0,20,0,7,6
533730922,0,,,21,10,11,1,1,0,20,9,11,9,5,4,20,9,11,20,9,11,11,4,7,9,3,6,4,1,3,2,0,2,0,0,0,8,8,2,1,3,2,0,0,0,6,3,3,0,6,0,1,0
533730923,2,533730921,,1,0,1,*,*,*,*,*,*,*,*,*,*,*,*,*,*,*,*,*,*,*,*,*,*,*,*,*,*,*,*,*,*,1,1,*,*,*,*,*,*,*,*,*,*,*,*,*,*,*
533730924,0,,,34,15,19,0,0,0,34,15,19,14,4,10,33,14,19,33,14,19,20,11,9,11,7,4,6,4,2,1,1,0,2,1,1,14,14,2,6,4,2,0,0,0,12,10,2,0,12,0,2,4
533730931,1,,533730833;533730934,3,2,1,0,0,0,14,6,8,0,0,0,14,6,8,14,6,8,14,6,8,13,5,8,9,3,6,1,0,1,0,0,0,2,2,6,4,0,0,0,0,0,4,4,0,0,10,0,6,3
533730934,2,533730931,,5,1,4,*,*,*,*,*,*,*,*,*,*,*,*,*,*,*,*,*,*,*,*,*,*,*,*,*,*,*,*,*,*,4,4,*,*,*,*,*,*,*,*,*,*,*,*,*,*,*
533730961,0,,,33,13,20,0,0,0,33,13,20,14,5,9,33,13,20,33,13,20,19,8,11,17,6,11,5,1,4,0,0,0,0,0,0,17,17,7,6,2,2,0,0,0,10,6,4,0,14,0,5,4
533730963,1,,533730964,20,10,10,0,0,0,26,13,13,5,2,3,25,12,13,24,12,12,21,11,10,18,10,8,5,3,2,1,0,1,0,0,0,9,9,4,8,0,0,0,1,0,9,8,1,0,13,0,4,8
533730964,2,533730963,,6,3,3,*,*,*,*,*,*,*,*,*,*,*,*,*,*,*,*,*,*,*,*,*,*,*,*,*,*,*,*,*,*,4,4,*,*,*,*,*,*,*,*,*,*,*,*,*,*,*
533730983,2,533730893,,4,3,1,*,*,*,*,*,*,*,*,*,*,*,*,*,*,*,*,*,*,*,*,*,*,*,*,*,*,*,*,*,*,2,2,*,*,*,*,*,*,*,*,*,*,*,*,*,*,*
533731032,2,533731034,,5,3,2,*,*,*,*,*,*,*,*,*,*,*,*,*,*,*,*,*,*,*,*,*,*,*,*,*,*,*,*,*,*,3,3,*,*,*,*,*,*,*,*,*,*,*,*,*,*,*
533731034,1,,533731032,18,8,10,1,1,0,22,10,12,14,6,8,20,9,11,19,9,10,8,4,4,7,3,4,2,2,0,0,0,0,0,0,0,6,6,2,4,1,0,2,0,0,7,6,1,0,6,0,2,2
533731051,2,533731052,,6,3,3,*,*,*,*,*,*,*,*,*,*,*,*,*,*,*,*,*,*,*,*,*,*,*,*,*,*,*,*,*,*,4,4,*,*,*,*,*,*,*,*,*,*,*,*,*,*,*
533731052,1,,533731051,73,37,36,9,6,3,70,34,36,43,17,26,67,33,34,67,33,34,27,17,10,13,9,4,3,2,1,0,0,0,0,0,0,27,27,5,16,5,2,1,0,2,26,22,4,2,19,0,4,9
533731061,0,,,31,12,19,5,1,4,26,11,15,10,5,5,26,11,15,26,11,15,16,6,10,11,4,7,4,2,2,1,0,1,0,0,0,12,12,4,2,3,2,0,1,0,8,4,4,0,11,0,4,2
533731062,0,,,36,16,20,2,2,0,34,14,20,13,7,6,33,14,19,33,14,19,21,7,14,11,2,9,6,1,5,0,0,0,1,0,1,14,14,2,6,5,0,0,0,1,12,8,4,1,12,0,2,3
533731063,1,,533731153,34,15,19,5,2,3,32,14,18,18,8,10,30,13,17,30,13,17,14,6,8,9,3,6,5,2,3,0,0,0,1,0,1,11,11,2,3,3,1,2,1,0,10,5,5,1,10,0,2,2
533731064,0,,,109,50,59,20,6,14,89,44,45,63,32,31,83,42,41,82,41,41,26,12,14,14,4,10,6,0,6,0,0,0,2,1,1,38,38,6,13,8,5,4,1,1,32,25,7,6,18,1,5,4
533731073,0,,,23,11,12,0,0,0,23,11,12,12,7,5,23,11,12,23,11,12,11,4,7,8,2,6,7,2,5,1,0,1,0,0,0,9,9,3,2,1,2,1,0,0,6,2,4,0,7,0,1,1
533731123,0,,,24,11,13,0,0,0,24,11,13,10,6,4,24,11,13,24,11,13,14,5,9,9,3,6,1,0,1,0,0,0,0,0,0,10,10,2,5,1,1,1,0,0,8,7,1,0,9,0,1,2
533731124,0,,,17,8,9,0,0,0,17,8,9,10,6,4,17,8,9,17,8,9,7,2,5,5,2,3,1,0,1,0,0,0,0,0,0,6,6,2,2,0,1,0,0,1,4,2,2,0,5,0,2,1
533731142,2,533731232,,2,1,1,*,*,*,*,*,*,*,*,*,*,*,*,*,*,*,*,*,*,*,*,*,*,*,*,*,*,*,*,*,*,1,1,*,*,*,*,*,*,*,*,*,*,*,*,*,*,*
533731144,2,533731232,,7,1,6,*,*,*,*,*,*,*,*,*,*,*,*,*,*,*,*,*,*,*,*,*,*,*,*,*,*,*,*,*,*,2,2,*,*,*,*,*,*,*,*,*,*,*,*,*,*,*
533731153,2,533731063,,3,1,2,*,*,*,*,*,*,*,*,*,*,*,*,*,*,*,*,*,*,*,*,*,*,*,*,*,*,*,*,*,*,1,1,*,*,*,*,*,*,*,*,*,*,*,*,*,*,*
533731162,1,,533731163,44,23,21,6,4,2,46,22,24,23,12,11,45,21,24,45,21,24,23,10,13,13,6,7,5,0,5,1,0,1,0,0,0,15,15,6,5,3,2,1,0,2,13,8,5,1,16,0,5,3
533731163,2,533731162,,8,3,5,*,*,*,*,*,*,*,*,*,*,*,*,*,*,*,*,*,*,*,*,*,*,*,*,*,*,*,*,*,*,4,4,*,*,*,*,*,*,*,*,*,*,*,*,*,*,*
533731171,0,,,12,5,7,3,1,2,9,4,5,5,3,2,9,4,5,9,4,5,4,1,3,3,0,3,3,0,3,1,0,1,0,0,0,5,5,3,0,0,1,1,0,0,2,1,1,0,3,1,2,0
533731174,0,,,23,12,11,0,0,0,23,12,11,6,3,3,23,12,11,23,12,11,17,9,8,10,4,6,3,1,2,0,0,0,0,0,0,12,12,3,8,0,1,0,0,0,9,8,1,0,10,0,3,5
533731183,2,533731281,,9,3,6,*,*,*,*,*,*,*,*,*,*,*,*,*,*,*,*,*,*,*,*,*,*,*,*,*,*,*,*,*,*,4,4,*,*,*,*,*,*,*,*,*,*,*,*,*,*,*
533731221,0,,,14,7,7,0,0,0,14,7,7,9,5,4,14,7,7,14,7,7,5,2,3,2,1,1,0,0,0,0,0,0,0,0,0,7,7,2,3,2,0,0,0,0,5,4,1,0,4,0,1,2
533731222,1,,533731224,156,60,96,7,4,3,156,59,97,37,18,19,154,58,96,154,58,96,119,41,78,89,26,63,59,13,46,11,1,10,0,0,0,30,28,9,11,4,3,4,0,0,22,15,7,0,21,0,5,6
533731224,2,533731222,,7,3,4,*,*,*,*,*,*,*,*,*,*,*,*,*,*,*,*,*,*,*,*,*,*,*,*,*,*,*,*,*,*,3,3,*,*,*,*,*,*,*,*,*,*,*,*,*,*,*
533731231,0,,,273,109,164,20,12,8,253,97,156,87,40,47,248,95,153,248,95,153,166,57,109,141,43,98,109,29,80,29,3,26,5,1,4,87,84,38,19,11,9,6,0,1,46,27,19,4,60,2,30,9
533731232,1,,533731142;533731144,32,15,17,4,1,3,37,16,21,20,11,9,36,15,21,36,15,21,17,5,12,8,2,6,4,0,4,0,0,0,0,0,0,11,11,0,7,3,2,2,0,0,14,10,4,0,12,0,0,3
533731233,0,,,39,14,25,0,0,0,39,14,25,20,10,10,39,14,25,38,14,24,19,4,15,15,2,13,12,2,10,1,1,0,2,0,2,38,38,37,1,0,0,0,0,0,1,1,0,0,18,9,17,1
533731234,0,,,18,10,8,2,2,0,16,8,8,7,3,4,16,8,8,16,8,8,9,5,4,4,3,1,0,0,0,0,0,0,0,0,0,7,7,1,4,1,0,0,1,0,6,5,1,1,6,0,1,2
533731243,0,,,10,5,5,0,0,0,10,5,5,4,2,2,10,5,5,10,5,5,6,3,3,5,2,3,3,2,1,0,0,0,2,2,0,7,7,4,3,0,0,0,0,0,3,3,0,0,5,1,2,2
533731254,2,533731261,,9,4,5,*,*,*,*,*,*,*,*,*,*,*,*,*,*,*,*,*,*,*,*,*,*,*,*,*,*,*,*,*,*,3,3,*,*,*,*,*,*,*,*,*,*,*,*,*,*,*
533731261,1,,533731254,7,3,4,0,0,0,16,7,9,7,4,3,16,7,9,16,7,9,9,3,6,4,1,3,4,1,3,1,1,0,0,0,0,2,2,0,0,4,1,0,0,0,5,1,4,0,4,0,0,0
533731263,0,,,8,4,4,0,0,0,8,4,4,2,1,1,8,4,4,8,4,4,6,3,3,2,1,1,0,0,0,0,0,0,0,0,0,4,4,1,2,1,0,0,0,0,3,2,1,0,4,0,1,2
533731264,0,,,10,5,5,0,0,0,10,5,5,1,0,1,10,5,5,10,5,5,9,5,4,3,2,1,0,0,0,0,0,0,0,0,0,6,6,2,4,0,0,0,0,0,4,4,0,0,6,0,2,4
533731272,2,533731273,,7,4,3,*,*,*,*,*,*,*,*,*,*,*,*,*,*,*,*,*,*,*,*,*,*,*,*,*,*,*,*,*,*,4,4,*,*,*,*,*,*,*,*,*,*,*,*,*,*,*
533731273,1,,533731272,10,2,8,1,0,1,16,6,10,7,2,5,16,6,10,16,6,10,9,4,5,6,3,3,3,1,2,0,0,0,0,0,0,3,3,1,4,1,0,1,0,0,6,4,2,0,5,0,1,1
533731281,1,,533731183,40,21,19,2,1,1,47,23,24,25,13,12,44,22,22,43,21,22,22,10,12,9,4,5,4,2,2,0,0,0,0,0,0,13,13,2,9,2,1,1,1,1,15,11,4,1,14,0,2,5
533731282,0,,,68,32,36,8,4,4,60,28,32,31,15,16,59,28,31,59,28,31,29,13,16,15,5,10,6,2,4,0,0,0,0,0,0,24,24,3,8,7,3,2,1,0,21,13,8,1,18,0,2,4
533731291,2,533731294,,3,2,1,*,*,*,*,*,*,*,*,*,*,*,*,*,*,*,*,*,*,*,*,*,*,*,*,*,*,*,*,*,*,1,1,*,*,*,*,*,*,*,*,*,*,*,*,*,*,*
533731294,1,,533731291,20,8,12,0,0,0,23,10,13,13,5,8,23,10,13,23,10,13,10,5,5,6,2,4,3,1,2,0,0,0,0,0,0,11,11,4,5,3,0,0,0,0,8,5,3,0,8,0,3,2
533731331,2,533731333,,3,1,2,*,*,*,*,*,*,*,*,*,*,*,*,*,*,*,*,*,*,*,*,*,*,*,*,*,*,*,*,*,*,2,2,*,*,*,*,*,*,*,*,*,*,*,*,*,*,*
533731332,0,,,23,13,10,0,0,0,23,13,10,10,6,4,23,13,10,23,13,10,13,7,6,9,5,4,3,1,2,0,0,0,0,0,0,12,12,4,5,3,0,0,0,0,8,6,2,0,8,0,3,2
533731333,1,,533731331,36,16,20,0,0,0,39,17,22,21,10,11,36,15,21,35,15,20,18,7,11,7,2,5,4,2,2,0,0,0,0,0,0,15,15,4,10,1,0,0,2,0,13,10,3,0,11,0,4,5
533731334,0,,,19,8,11,0,0,0,19,8,11,8,2,6,19,8,11,19,8,11,11,6,5,5,2,3,2,0,2,0,0,0,0,0,0,8,8,1,3,4,0,0,0,0,7,6,1,0,7,0,1,3
533731341,1,,533731343,23,12,11,0,0,0,28,13,15,17,8,9,27,12,15,26,11,15,11,5,6,7,4,3,1,1,0,0,0,0,3,0,3,8,8,3,7,0,0,1,1,0,9,7,2,0,8,2,1,3
533731342,1,,533731344;533731351;533731352,39,18,21,3,1,2,48,21,27,21,9,12,45,20,25,45,20,25,27,12,15,15,6,9,7,2,5,0,0,0,3,0,3,13,13,6,5,4,1,2,0,1,13,5,8,1,15,3,2,3
533731343,2,533731341,,5,1,4,*,*,*,*,*,*,*,*,*,*,*,*,*,*,*,*,*,*,*,*,*,*,*,*,*,*,*,*,*,*,4,4,*,*,*,*,*,*,*,*,*,*,*,*,*,*,*
533731344,2,533731342,,3,0,3,*,*,*,*,*,*,*,*,*,*,*,*,*,*,*,*,*,*,*,*,*,*,*,*,*,*,*,*,*,*,3,3,*,*,*,*,*,*,*,*,*,*,*,*,*,*,*
533731351,2,533731342,,7,3,4,*,*,*,*,*,*,*,*,*,*,*,*,*,*,*,*,*,*,*,*,*,*,*,*,*,*,*,*,*,*,2,2,*,*,*,*,*,*,*,*,*,*,*,*,*,*,*
533731352,2,533731342,,2,1,1,*,*,*,*,*,*,*,*,*,*,*,*,*,*,*,*,*,*,*,*,*,*,*,*,*,*,*,*,*,*,1,1,*,*,*,*,*,*,*,*,*,*,*,*,*,*,*
533731361,0,,,22,10,12,0,0,0,22,10,12,8,4,4,22,10,12,22,10,12,14,6,8,6,2,4,6,2,4,0,0,0,0,0,0,9,9,1,3,5,0,0,0,0,8,4,4,0,8,0,0,2
533731362,1,,533731363;533731364,16,6,10,0,0,0,27,11,16,12,5,7,27,11,16,26,11,15,15,6,9,5,0,5,3,0,3,0,0,0,0,0,0,7,7,1,3,5,0,1,0,0,9,5,4,0,10,0,1,3
533731363,2,533731362,,8,4,4,*,*,*,*,*,*,*,*,*,*,*,*,*,*,*,*,*,*,*,*,*,*,*,*,*,*,*,*,*,*,2,2,*,*,*,*,*,*,*,*,*,*,*,*,*,*,*
533731364,2,533731362,,3,1,2,*,*,*,*,*,*,*,*,*,*,*,*,*,*,*,*,*,*,*,*,*,*,*,*,*,*,*,*,*,*,1,1,*,*,*,*,*,*,*,*,*,*,*,*,*,*,*
533731392,1,,533731394,22,9,13,1,0,1,26,12,14,13,5,8,25,12,13,25,12,13,13,7,6,4,1,3,1,0,1,0,0,0,0,0,0,8,8,1,4,2,3,0,0,0,8,6,2,0,9,0,1,1
533731394,2,533731392,,5,3,2,*,*,*,*,*,*,*,*,*,*,*,*,*,*,*,*,*,*,*,*,*,*,*,*,*,*,*,*,*,*,2,2,*,*,*,*,*,*,*,*,*,*,*,*,*,*,*
533731423,0,,,33,18,15,1,1,0,32,17,15,12,8,4,32,17,15,31,17,14,20,9,11,10,5,5,3,1,2,0,0,0,0,0,0,12,12,2,5,2,2,0,0,1,10,6,4,1,10,0,1,5
533731431,0,,,58,27,31,3,0,3,55,27,28,26,14,12,54,26,28,54,26,28,29,13,16,17,9,8,8,5,3,1,0,1,0,0,0,21,21,1,12,2,4,1,1,0,20,12,8,0,16,0,0,6
533731432,0,,,33,16,17,1,1,0,32,15,17,16,8,8,30,13,17,29,13,16,16,7,9,8,3,5,4,0,4,0,0,0,0,0,0,10,10,0,2,6,1,0,0,1,10,5,5,0,8,0,0,2
533731433,0,,,27,13,14,3,2,1,24,11,13,14,6,8,24,11,13,24,11,13,10,5,5,5,2,3,2,1,1,0,0,0,0,0,0,9,9,1,3,3,1,0,0,1,8,4,4,1,6,0,1,2
533731434,0,,,56,28,28,7,4,3,49,24,25,26,15,11,47,22,25,47,22,25,23,9,14,12,5,7,3,0,3,1,0,1,1,1,0,16,16,2,4,5,1,1,1,2,14,8,6,1,13,0,2,3
533731443,2,533731532,,2,1,1,*,*,*,*,*,*,*,*,*,*,*,*,*,*,*,*,*,*,*,*,*,*,*,*,*,*,*,*,*,*,1,1,*,*,*,*,*,*,*,*,*,*,*,*,*,*,*
533731452,2,533731454,,13,6,7,*,*,*,*,*,*,*,*,*,*,*,*,*,*,*,*,*,*,*,*,*,*,*,*,*,*,*,*,*,*,3,3,*,*,*,*,*,*,*,*,*,*,*,*,*,*,*
533731453,2,533731454,,5,3,2,*,*,*,*,*,*,*,*,*,*,*,*,*,*,*,*,*,*,*,*,*,*,*,*,*,*,*,*,*,*,1,1,*,*,*,*,*,*,*,*,*,*,*,*,*,*,*
533731454,1,,533731452;533731453;533731551,22,12,10,1,1,0,40,21,19,20,13,7,39,21,18,38,20,18,20,8,12,15,6,9,2,1,1,1,0,1,0,0,0,8,8,3,2,2,3,2,1,0,10,4,6,0,12,0,2,1
533731461,1,,533731462,19,12,7,3,3,0,20,12,8,9,5,4,20,12,8,20,12,8,11,7,4,6,4,2,2,2,0,0,0,0,0,0,0,7,7,0,6,1,2,0,0,0,9,7,2,1,6,0,0,4
533731462,2,533731461,,4,3,1,*,*,*,*,*,*,*,*,*,*,*,*,*,*,*,*,*,*,*,*,*,*,*,*,*,*,*,*,*,*,2,2,*,*,*,*,*,*,*,*,*,*,*,*,*,*,*
533731463,0,,,16,6,10,0,0,0,16,6,10,8,4,4,15,6,9,15,6,9,8,2,6,5,0,5,4,0,4,0,0,0,0,0,0,8,8,3,2,3,0,0,0,0,5,2,3,0,6,0,2,1
533731464,1,,533731564,30,13,17,2,1,1,30,13,17,17,9,8,29,13,16,29,13,16,13,4,9,9,2,7,4,2,2,0,0,0,0,0,0,9,8,0,2,5,1,0,0,1,9,3,6,1,8,0,0,1
533731494,1,,533731591,8,4,4,0,0,0,10,5,5,5,2,3,10,5,5,10,5,5,5,3,2,0,0,0,0,0,0,0,0,0,0,0,0,4,4,0,5,0,0,0,0,0,5,5,0,0,3,0,0,2
533731521,0,,,48,21,27,2,0,2,46,21,25,23,13,10,46,21,25,46,21,25,23,8,15,9,2,7,7,1,6,0,0,0,0,0,0,20,20,4,7,7,1,1,0,0,16,9,7,1,14,0,1,3
533731522,0,,,12,6,6,0,0,0,12,6,6,3,3,0,12,6,6,12,6,6,9,3,6,5,1,4,3,0,3,2,0,2,0,0,0,6,6,2,2,2,0,0,0,0,4,2,2,0,5,0,1,1
533731524,0,,,23,9,14,3,1,2,20,8,12,12,5,7,19,8,11,17,8,9,8,3,5,2,1,1,0,0,0,0,0,0,0,0,0,6,6,0,3,0,0,2,0,1,6,3,3,0,5,0,0,2
533731531,2,533731532,,2,1,1,*,*,*,*,*,*,*,*,*,*,*,*,*,*,*,*,*,*,*,*,*,*,*,*,*,*,*,*,*,*,2,2,*,*,*,*,*,*,*,*,*,*,*,*,*,*,*
533731532,1,,533731443;533731531,47,20,27,2,0,2,49,22,27,24,12,12,49,22,27,48,21,27,25,10,15,19,7,12,8,2,6,1,0,1,0,0,0,21,21,6,12,4,1,1,0,0,18,13,5,0,18,0,5,5
533731542,2,533731544,,3,1,2,*,*,*,*,*,*,*,*,*,*,*,*,*,*,*,*,*,*,*,*,*,*,*,*,*,*,*,*,*,*,1,1,*,*,*,*,*,*,*,*,*,*,*,*,*,*,*
533731544,1,,533731542,73,34,39,3,2,1,73,33,40,33,17,16,71,31,40,69,30,39,40,16,24,25,8,17,5,1,4,0,0,0,0,0,0,35,35,11,14,9,1,0,1,0,25,20,5,0,26,0,8,9
533731551,2,533731454,,1,1,0,*,*,*,*,*,*,*,*,*,*,*,*,*,*,*,*,*,*,*,*,*,*,*,*,*,*,*,*,*,*,1,1,*,*,*,*,*,*,*,*,*,*,*,*,*,*,*
533731564,2,533731464,,2,1,1,*,*,*,*,*,*,*,*,*,*,*,*,*,*,*,*,*,*,*,*,*,*,*,*,*,*,*,*,*,*,1,1,*,*,*,*,*,*,*,*,*,*,*,*,*,*,*
533731571,2,533731573,,4,2,2,*,*,*,*,*,*,*,*,*,*,*,*,*,*,*,*,*,*,*,*,*,*,*,*,*,*,*,*,*,*,2,2,*,*,*,*,*,*,*,*,*,*,*,*,*,*,*
533731573,1,,533731571,7,3,4,0,0,0,11,5,6,4,3,1,11,5,6,11,5,6,7,2,5,6,2,4,1,0,1,0,0,0,0,0,0,3,3,0,4,1,0,0,0,0,5,5,0,0,5,0,0,1
533731591,2,533731494,,2,1,1,*,*,*,*,*,*,*,*,*,*,*,*,*,*,*,*,*,*,*,*,*,*,*,*,*,*,*,*,*,*,1,1,*,*,*,*,*,*,*,*,*,*,*,*,*,*,*
533731603,2,533731701,,11,6,5,*,*,*,*,*,*,*,*,*,*,*,*,*,*,*,*,*,*,*,*,*,*,*,*,*,*,*,*,*,*,3,3,*,*,*,*,*,*,*,*,*,*,*,*,*,*,*
533731624,2,533731721,,4,2,2,*,*,*,*,*,*,*,*,*,*,*,*,*,*,*,*,*,*,*,*,*,*,*,*,*,*,*,*,*,*,1,1,*,*,*,*,*,*,*,*,*,*,*,*,*,*,*
533731641,2,533731642,,6,3,3,*,*,*,*,*,*,*,*,*,*,*,*,*,*,*,*,*,*,*,*,*,*,*,*,*,*,*,*,*,*,4,4,*,*,*,*,*,*,*,*,*,*,*,*,*,*,*
533731642,1,,533731641,43,26,17,2,2,0,47,27,20,22,15,7,46,26,20,44,25,19,25,12,13,14,6,8,6,3,3,0,0,0,0,0,0,18,18,11,4,3,1,2,0,1,11,6,5,0,17,1,7,3
533731643,2,533731644,,6,2,4,*,*,*,*,*,*,*,*,*,*,*,*,*,*,*,*,*,*,*,*,*,*,*,*,*,*,*,*,*,*,1,1,*,*,*,*,*,*,*,*,*,*,*,*,*,*,*
533731644,1,,533731643,18,7,11,6,2,4,18,7,11,11,4,7,18,7,11,18,7,11,7,3,4,4,1,3,4,1,3,0,0,0,0,0,0,6,6,1,3,0,1,0,1,1,6,3,3,2,5,0,0,1
533731651,2,533731653,,8,4,4,*,*,*,*,*,*,*,*,*,*,*,*,*,*,*,*,*,*,*,*,*,*,*,*,*,*,*,*,*,*,2,2,*,*,*,*,*,*,*,*,*,*,*,*,*,*,*
533731653,1,,533731651,6,3,3,2,1,1,12,6,6,4,3,1,12,6,6,12,6,6,8,3,5,6,2,4,0,0,0,0,0,0,0,0,0,3,3,1,2,1,0,0,1,0,4,3,1,0,5,0,1,1
533731701,1,,533731603,108,51,57,8,4,4,111,53,58,54,27,27,108,52,56,106,51,55,57,26,31,36,13,23,14,6,8,0,0,0,4,3,1,44,44,10,21,8,3,1,2,2,36,24,12,3,38,0,7,12
533731702,0,,,34,15,19,3,1,2,31,14,17,11,4,7,31,14,17,31,14,17,20,10,10,7,3,4,4,2,2,0,0,0,0,0,0,12,12,0,7,3,1,0,0,1,12,9,3,0,11,0,0,6
533731703,0,,,62,27,35,10,5,5,52,22,30,29,13,16,51,22,29,51,22,29,23,9,14,13,4,9,9,3,6,1,1,0,1,0,1,18,18,1,5,5,2,3,1,1,17,7,10,2,16,0,1,3
533731712,0,,,85,45,40,19,12,7,66,33,33,31,16,15,66,33,33,66,33,33,35,17,18,19,10,9,9,6,3,3,2,1,4,1,3,27,27,2,10,6,4,2,2,1,25,16,9,6,20,0,2,5
533731713,0,,,18,6,12,5,1,4,13,5,8,12,5,7,11,5,6,11,5,6,1,0,1,1,0,1,0,0,0,0,0,0,0,0,0,10,10,7,0,1,2,0,0,0,3,3,0,1,1,1,1,0
533731721,1,,533731624,48,27,21,8,4,4,44,25,19,26,16,10,43,24,19,42,23,19,18,9,9,9,5,4,2,2,0,0,0,0,0,0,0,23,23,10,6,2,6,0,0,0,13,10,3,1,12,0,4,5
533731722,2,533731724,,5,5,0,*,*,*,*,*,*,*,*,*,*,*,*,*,*,*,*,*,*,*,*,*,*,*,*,*,*,*,*,*,*,2,2,*,*,*,*,*,*,*,*,*,*,*,*,*,*,*
533731724,1,,533731722,184,83,101,39,15,24,149,72,77,99,41,58,144,69,75,143,69,74,50,31,19,18,9,9,7,3,4,0,0,0,11,1,10,72,72,24,20,9,11,8,0,2,50,39,11,10,32,4,7,9
533731731,0,,,75,39,36,6,4,2,69,35,34,34,18,16,67,33,34,66,32,34,35,17,18,17,8,9,8,2,6,2,0,2,0,0,0,26,26,3,13,4,0,3,2,1,23,13,10,1,21,1,2,5
533731733,0,,,40,21,19,5,4,1,35,17,18,21,12,9,35,17,18,35,17,18,14,5,9,6,1,5,3,0,3,0,0,0,0,0,0,22,22,12,5,2,3,0,0,0,10,10,0,2,10,2,5,1
533731734,0,,,31,14,17,5,1,4,26,13,13,7,2,5,26,13,13,26,13,13,19,11,8,7,4,3,1,1,0,0,0,0,0,0,0,12,12,1,7,2,0,2,0,0,10,9,1,1,11,0,1,7
533731772,1,,533731774,13,6,7,0,0,0,15,7,8,7,3,4,15,7,8,15,7,8,8,4,4,4,2,2,0,0,0,0,0,0,0,0,0,5,5,0,4,1,1,0,0,0,6,5,1,0,5,0,0,3
533731774,2,533731772,,2,1,1,*,*,*,*,*,*,*,*,*,*,*,*,*,*,*,*,*,*,*,*,*,*,*,*,*,*,*,*,*,*,1,1,*,*,*,*,*,*,*,*,*,*,*,*,*,*,*
533731781,0,,,13,6,7,3,2,1,10,4,6,5,3,2,10,4,6,10,4,6,5,1,4,4,0,4,2,0,2,1,0,1,0,0,0,4,4,1,1,1,0,0,0,1,3,1,2,0,4,0,1,0
533731783,1,,533731784,17,7,10,3,1,2,22,11,11,10,4,6,22,11,11,22,11,11,12,7,5,8,5,3,5,2,3,0,0,0,0,0,0,5,5,3,3,2,1,0,1,0,7,4,3,1,8,0,3,2
533731784,2,533731783,,8,5,3,*,*,*,*,*,*,*,*,*,*,*,*,*,*,*,*,*,*,*,*,*,*,*,*,*,*,*,*,*,*,5,5,*,*,*,*,*,*,*,*,*,*,*,*,*,*,*
533731793,0,,,13,7,6,1,0,1,12,7,5,3,2,1,12,7,5,12,7,5,9,5,4,7,4,3,4,4,0,0,0,0,0,0,0,6,6,1,3,2,0,0,0,0,5,5,0,0,5,0,1,3
533731801,0,,,13,8,5,2,2,0,11,6,5,5,3,2,11,6,5,11,6,5,6,3,3,5,3,2,2,1,1,0,0,0,0,0,0,5,5,1,3,0,0,0,1,0,4,3,1,0,3,0,0,2
533731803,0,,,14,7,7,0,0,0,14,7,7,10,5,5,14,7,7,14,7,7,4,2,2,4,2,2,2,1,1,1,1,0,0,0,0,4,4,0,0,3,0,1,0,0,4,2,2,0,3,0,0,0
533731821,0,,,145,66,79,5,2,3,138,62,76,95,44,51,137,62,75,136,62,74,43,18,25,23,10,13,7,1,6,1,1,0,28,5,23,95,95,62,21,9,2,0,1,0,33,28,5,1,29,23,8,12
533731822,0,,,31,10,21,2,0,2,29,10,19,21,5,16,29,10,19,29,10,19,8,5,3,5,4,1,1,1,0,0,0,0,12,0,12,20,20,14,4,0,1,1,0,0,6,5,1,0,5,5,1,2
533731823,0,,,240,118,122,27,13,14,213,105,108,115,64,51,206,101,105,205,100,105,98,41,57,56,21,35,25,7,18,1,0,1,14,14,0,114,114,49,33,13,11,7,0,1,65,51,14,5,68,12,25,16
533731824,0,,,182,77,105,18,7,11,164,70,94,78,36,42,160,67,93,158,65,93,86,34,52,52,20,32,24,6,18,1,1,0,1,0,1,89,89,36,31,12,6,2,1,1,53,45,8,3,60,0,24,16
533731831,1,,533731832,37,16,21,5,2,3,34,14,20,14,6,8,34,14,20,34,14,20,20,8,12,8,2,6,4,0,4,2,0,2,0,0,0,14,14,1,7,5,1,1,0,0,14,9,5,1,12,0,1,5
533731832,2,533731831,,2,0,2,*,*,*,*,*,*,*,*,*,*,*,*,*,*,*,*,*,*,*,*,*,*,*,*,*,*,*,*,*,*,1,1,*,*,*,*,*,*,*,*,*,*,*,*,*,*,*
533731833,0,,,22,9,13,1,0,1,21,9,12,12,4,8,20,9,11,20,9,11,9,5,4,6,2,4,2,1,1,0,0,0,0,0,0,8,8,1,2,3,2,0,0,0,7,4,3,0,6,0,1,1
533731854,2,533731872,,2,1,1,*,*,*,*,*,*,*,*,*,*,*,*,*,*,*,*,*,*,*,*,*,*,*,*,*,*,*,*,*,*,1,1,*,*,*,*,*,*,*,*,*,*,*,*,*,*,*
533731871,0,,,20,9,11,2,0,2,18,9,9,7,5,2,18,9,9,18,9,9,11,4,7,8,3,5,6,2,4,2,0,2,0,0,0,7,7,1,2,2,1,1,0,0,6,2,4,0,6,0,1,1
533731872,1,,533731854,14,8,6,0,0,0,16,9,7,8,6,2,16,9,7,15,8,7,8,3,5,8,3,5,4,2,2,0,0,0,0,0,0,6,6,2,2,2,1,0,0,0,5,4,1,0,5,0,1,1
533731892,0,,,25,10,15,2,1,1,23,9,14,15,6,9,20,8,12,20,8,12,8,3,5,5,2,3,1,0,1,0,0,0,0,0,0,6,6,1,1,1,0,1,1,1,5,1,4,0,5,0,1,1
533731904,2,533731914,,6,3,3,*,*,*,*,*,*,*,*,*,*,*,*,*,*,*,*,*,*,*,*,*,*,*,*,*,*,*,*,*,*,2,2,*,*,*,*,*,*,*,*,*,*,*,*,*,*,*
533731913,2,533731914,,4,2,2,*,*,*,*,*,*,*,*,*,*,*,*,*,*,*,*,*,*,*,*,*,*,*,*,*,*,*,*,*,*,2,2,*,*,*,*,*,*,*,*,*,*,*,*,*,*,*
533731914,1,,533731904;533731913,83,33,50,7,6,1,86,32,54,30,14,16,85,31,54,85,31,54,56,18,38,48,13,35,29,7,22,11,0,11,0,0,0,15,13,3,6,3,4,0,0,1,14,8,6,2,13,0,1,4
533731921,2,533731922,,4,2,2,*,*,*,*,*,*,*,*,*,*,*,*,*,*,*,*,*,*,*,*,*,*,*,*,*,*,*,*,*,*,2,2,*,*,*,*,*,*,*,*,*,*,*,*,*,*,*
533731922,1,,533731921,427,207,220,29,15,14,399,192,207,189,100,89,390,190,200,385,188,197,210,92,118,132,50,82,53,19,34,2,0,2,6,1,5,193,193,72,58,37,16,6,4,2,123,91,32,6,134,11,37,35
533731923,0,,,180,88,92,22,12,10,158,76,82,85,44,41,152,73,79,149,70,79,73,32,41,35,15,20,15,5,10,0,0,0,0,0,0,69,69,15,26,14,5,5,2,2,54,39,15,2,51,0,11,14
533731924,0,,,212,97,115,15,8,7,197,89,108,83,43,40,190,84,106,186,80,106,114,46,68,65,23,42,25,7,18,1,0,1,0,0,0,92,92,30,29,18,10,1,3,1,62,45,17,4,75,0,25,19
533731931,0,,,161,74,87,14,6,8,147,68,79,58,31,27,147,68,79,146,68,78,89,37,52,54,22,32,20,5,15,3,1,2,4,2,2,73,73,17,36,11,6,3,0,0,56,45,11,3,53,0,13,19
533731933,0,,,212,96,116,21,11,10,191,85,106,82,36,46,187,84,103,186,84,102,109,49,60,59,28,31,21,8,13,1,0,1,1,1,0,89,89,17,44,16,3,8,0,1,72,59,13,3,66,0,11,28
533731961,2,533731963,,4,2,2,*,*,*,*,*,*,*,*,*,*,*,*,*,*,*,*,*,*,*,*,*,*,*,*,*,*,*,*,*,*,3,3,*,*,*,*,*,*,*,*,*,*,*,*,*,*,*
533731963,1,,533731961,5,2,3,0,0,0,9,4,5,1,1,0,9,4,5,9,4,5,8,3,5,5,2,3,4,2,2,1,0,1,1,0,1,2,2,2,2,1,0,0,0,0,3,1,2,0,4,0,1,1
533731982,0,,,74,30,44,8,2,6,66,28,38,31,14,17,66,28,38,66,28,38,35,14,21,20,5,15,13,4,9,2,0,2,2,2,0,29,29,8,5,10,4,2,0,0,21,12,9,3,22,0,5,4
533731984,0,,,19,9,10,0,0,0,19,9,10,10,6,4,19,9,10,19,9,10,9,3,6,9,3,6,4,2,2,0,0,0,0,0,0,6,6,0,2,2,1,1,0,0,6,3,3,0,6,0,0,1
533731991,2,533731993,,6,3,3,*,*,*,*,*,*,*,*,*,*,*,*,*,*,*,*,*,*,*,*,*,*,*,*,*,*,*,*,*,*,3,3,*,*,*,*,*,*,*,*,*,*,*,*,*,*,*
533731993,1,,533731991;533731994,29,15,14,1,0,1,43,21,22,18,11,7,43,21,22,43,21,22,25,10,15,20,8,12,5,2,3,1,0,1,0,0,0,12,12,3,9,5,2,0,0,0,16,12,4,1,17,0,3,5
533731994,2,533731993,,9,3,6,*,*,*,*,*,*,*,*,*,*,*,*,*,*,*,*,*,*,*,*,*,*,*,*,*,*,*,*,*,*,4,4,*,*,*,*,*,*,*,*,*,*,*,*,*,*,*
533732011,0,,,18,8,10,0,0,0,18,8,10,7,3,4,18,8,10,18,8,10,11,5,6,6,2,4,3,0,3,0,0,0,0,0,0,7,7,1,2,3,1,0,0,0,6,3,3,0,6,0,1,1
533732013,2,533732014,,7,3,4,*,*,*,*,*,*,*,*,*,*,*,*,*,*,*,*,*,*,*,*,*,*,*,*,*,*,*,*,*,*,3,3,*,*,*,*,*,*,*,*,*,*,*,*,*,*,*
533732014,1,,533732013,5,3,2,0,0,0,12,6,6,5,2,3,12,6,6,12,6,6,7,4,3,6,3,3,4,1,3,0,0,0,0,0,0,3,3,2,2,2,0,0,0,0,4,2,2,0,5,0,2,1
533732021,0,,,9,5,4,0,0,0,9,5,4,4,3,1,9,5,4,9,5,4,5,2,3,3,1,2,2,1,1,0,0,0,0,0,0,4,4,2,0,1,1,0,0,0,2,2,0,0,3,0,2,0
533732022,0,,,25,12,13,3,1,2,22,11,11,12,5,7,22,11,11,22,11,11,10,6,4,5,2,3,5,2,3,0,0,0,0,0,0,10,10,1,6,1,1,1,0,0,8,8,0,1,8,0,1,3
533732031,1,,533732032,43,23,20,2,1,1,45,24,21,21,12,9,44,23,21,43,22,21,24,12,12,14,8,6,2,2,0,0,0,0,0,0,0,18,18,3,12,2,2,0,1,0,17,14,3,0,14,0,2,8
533732032,2,533732031,,4,2,2,*,*,*,*,*,*,*,*,*,*,*,*,*,*,*,*,*,*,*,*,*,*,*,*,*,*,*,*,*,*,2,2,*,*,*,*,*,*,*,*,*,*,*,*,*,*,*
533732034,0,,,47,22,25,7,5,2,40,17,23,20,9,11,39,17,22,39,17,22,20,8,12,11,3,8,6,1,5,1,0,1,0,0,0,16,16,6,2,4,1,0,0,3,10,4,6,1,13,0,5,1
533732062,2,533732064,,3,1,2,*,*,*,*,*,*,*,*,*,*,*,*,*,*,*,*,*,*,*,*,*,*,*,*,*,*,*,*,*,*,1,1,*,*,*,*,*,*,*,*,*,*,*,*,*,*,*
533732064,1,,533732062,48,25,23,6,3,3,45,23,22,19,10,9,43,23,20,43,23,20,26,13,13,21,11,10,6,5,1,0,0,0,0,0,0,17,17,2,8,5,0,0,3,0,16,12,4,1,16,0,1,5
533732071,1,,533732074,73,32,41,10,1,9,68,33,35,37,19,18,67,32,35,67,32,35,31,14,17,22,9,13,8,2,6,0,0,0,0,0,0,26,26,7,7,7,5,2,1,0,22,13,9,1,21,0,6,6
533732072,0,,,33,19,14,2,1,1,31,18,13,21,13,8,30,18,12,30,18,12,10,5,5,6,3,3,2,2,0,0,0,0,0,0,0,16,16,6,6,2,1,1,0,0,9,7,2,0,7,0,2,2
533732073,0,,,39,23,16,4,3,1,35,20,15,16,10,6,34,19,15,34,19,15,19,10,9,9,6,3,3,2,1,0,0,0,0,0,0,16,16,3,7,2,4,0,0,0,13,10,3,1,11,0,2,4
533732074,2,533732071,,5,2,3,*,*,*,*,*,*,*,*,*,*,*,*,*,*,*,*,*,*,*,*,*,*,*,*,*,*,*,*,*,*,3,3,*,*,*,*,*,*,*,*,*,*,*,*,*,*,*
533732091,1,,533732092;533732093,4,2,2,5,1,4,22,10,12,13,6,7,22,10,12,21,10,11,9,4,5,5,2,3,2,2,0,1,1,0,0,0,0,1,1,3,0,3,1,1,1,0,6,2,4,1,6,0,2,0
533732092,2,533732091,,22,8,14,*,*,*,*,*,*,*,*,*,*,*,*,*,*,*,*,*,*,*,*,*,*,*,*,*,*,*,*,*,*,7,7,*,*,*,*,*,*,*,*,*,*,*,*,*,*,*
533732093,2,533732091,,1,1,0,*,*,*,*,*,*,*,*,*,*,*,*,*,*,*,*,*,*,*,*,*,*,*,*,*,*,*,*,*,*,1,1,*,*,*,*,*,*,*,*,*,*,*,*,*,*,*
533732132,0,,,12,5,7,0,0,0,12,5,7,5,1,4,12,5,7,12,5,7,7,4,3,4,3,1,0,0,0,0,0,0,0,0,0,7,7,2,5,0,0,0,0,0,5,5,0,0,5,0,1,3
533732141,0,,,38,15,23,4,0,4,34,15,19,18,7,11,34,15,19,33,15,18,16,8,8,7,4,3,4,2,2,0,0,0,0,0,0,13,13,1,8,1,0,2,0,1,12,9,3,1,10,0,1,5
533732142,0,,,33,15,18,2,1,1,31,14,17,19,9,10,31,14,17,31,14,17,12,5,7,6,3,3,5,2,3,1,0,1,0,0,0,11,11,3,3,1,1,2,0,1,8,3,5,1,9,0,3,1
533732144,0,,,12,6,6,0,0,0,12,6,6,6,4,2,12,6,6,12,6,6,6,2,4,3,1,2,1,0,1,0,0,0,0,0,0,8,8,4,4,0,0,0,0,0,4,3,1,0,5,0,2,1
533732151,0,,,55,25,30,2,0,2,53,25,28,21,13,8,53,25,28,53,25,28,32,12,20,18,5,13,10,3,7,1,0,1,0,0,0,26,26,8,10,7,0,0,1,0,18,14,4,0,22,1,6,5
533732152,0,,,137,77,60,5,4,1,132,73,59,74,45,29,127,71,56,126,70,56,58,28,30,26,10,16,10,3,7,0,0,0,29,24,5,77,77,43,21,4,6,2,1,0,34,27,7,1,38,17,9,17
533732153,0,,,53,23,30,4,1,3,49,22,27,25,12,13,47,21,26,47,21,26,24,10,14,12,4,8,4,1,3,0,0,0,0,0,0,19,19,1,8,5,4,1,0,0,18,14,4,1,15,0,1,7
533732154,0,,,159,72,87,25,16,9,134,56,78,80,35,45,131,55,76,130,55,75,54,21,33,28,9,19,14,5,9,1,1,0,11,6,5,66,66,25,18,6,7,8,2,0,41,27,14,8,33,10,7,11
533732161,1,,533732162,79,33,46,6,1,5,75,33,42,35,17,18,74,33,41,73,32,41,40,16,24,21,9,12,7,2,5,1,0,1,3,0,3,33,33,12,9,5,6,1,0,1,22,13,9,2,26,3,8,6
533732162,2,533732161,,2,1,1,*,*,*,*,*,*,*,*,*,*,*,*,*,*,*,*,*,*,*,*,*,*,*,*,*,*,*,*,*,*,1,1,*,*,*,*,*,*,*,*,*,*,*,*,*,*,*
533732163,0,,,87,44,43,11,10,1,76,34,42,32,15,17,76,34,42,75,33,42,44,19,25,26,11,15,7,3,4,1,0,1,0,0,0,32,32,8,9,6,5,2,1,1,24,14,10,4,26,0,6,7
533732252,2,533732261,,4,3,1,*,*,*,*,*,*,*,*,*,*,*,*,*,*,*,*,*,*,*,*,*,*,*,*,*,*,*,*,*,*,2,2,*,*,*,*,*,*,*,*,*,*,*,*,*,*,*
533732254,2,533732261,,1,1,0,*,*,*,*,*,*,*,*,*,*,*,*,*,*,*,*,*,*,*,*,*,*,*,*,*,*,*,*,*,*,1,1,*,*,*,*,*,*,*,*,*,*,*,*,*,*,*
533732261,1,,533732252;533732254,75,38,37,11,5,6,69,37,32,33,18,15,69,37,32,69,37,32,36,19,17,22,10,12,4,0,4,1,0,1,0,0,0,28,28,6,12,7,4,1,0,1,25,19,6,4,24,0,5,8
533732262,0,,,85,41,44,8,3,5,77,38,39,38,19,19,75,37,38,75,37,38,39,19,20,18,7,11,10,5,5,1,1,0,0,0,0,28,28,5,9,3,6,3,0,2,23,12,11,2,24,0,2,7
533732263,0,,,11,7,4,1,1,0,10,6,4,9,6,3,10,6,4,10,6,4,1,0,1,1,0,1,0,0,0,0,0,0,0,0,0,5,5,2,1,1,1,0,0,0,3,3,0,1,1,0,1,0
533732264,0,,,14,7,7,1,1,0,13,6,7,4,2,2,13,6,7,13,6,7,9,4,5,5,2,3,2,1,1,0,0,0,0,0,0,6,6,1,3,1,1,0,0,0,5,3,2,0,6,0,1,3
533732271,0,,,53,27,26,2,1,1,51,26,25,18,12,6,50,25,25,49,24,25,33,14,19,19,8,11,4,1,3,0,0,0,0,0,0,22,22,4,11,4,2,0,0,1,18,13,5,0,19,0,2,9
533732272,0,,,11,4,7,1,0,1,10,4,6,3,1,2,9,4,5,9,4,5,7,3,4,2,0,2,1,0,1,0,0,0,0,0,0,4,4,1,1,1,0,1,0,0,3,1,2,0,4,0,1,1
533732273,0,,,14,7,7,0,0,0,14,7,7,5,3,2,14,7,7,14,7,7,9,4,5,6,2,4,3,1,2,0,0,0,0,0,0,6,6,1,3,1,1,0,0,0,4,4,0,0,6,0,1,2
533732274,0,,,5,0,5,0,0,0,5,0,5,5,0,5,5,0,5,5,0,5,0,0,0,0,0,0,0,0,0,0,0,0,5,0,5,5,5,5,0,0,0,0,0,0,0,0,0,0,0,4,0,0
533732283,0,,,4,0,4,0,0,0,4,0,4,4,0,4,4,0,4,2,0,2,0,0,0,0,0,0,0,0,0,0,0,0,4,0,4,4,4,4,0,0,0,0,0,0,0,0,0,0,0,2,0,0
533732301,0,,,26,12,14,0,0,0,26,12,14,13,6,7,24,12,12,22,10,12,13,6,7,12,6,6,5,3,2,0,0,0,0,0,0,9,9,1,4,2,1,0,0,1,7,4,3,0,8,0,1,3
533732302,0,,,16,8,8,4,1,3,12,7,5,7,4,3,12,7,5,12,7,5,5,3,2,4,2,2,2,2,0,0,0,0,0,0,0,4,4,1,1,0,0,0,1,1,3,1,2,2,3,0,0,1
533732303,0,,,37,19,18,2,0,2,35,19,16,16,8,8,34,19,15,34,19,15,19,11,8,14,9,5,4,3,1,0,0,0,0,0,0,17,17,5,7,2,3,0,0,0,12,9,3,1,12,1,4,3
533732304,1,,533732402,25,12,13,2,1,1,28,14,14,14,8,6,25,13,12,25,13,12,14,6,8,8,3,5,3,1,2,0,0,0,0,0,0,9,9,2,3,2,1,1,0,1,8,3,5,0,10,0,2,2
533732402,2,533732304,,5,3,2,*,*,*,*,*,*,*,*,*,*,*,*,*,*,*,*,*,*,*,*,*,*,*,*,*,*,*,*,*,*,1,1,*,*,*,*,*,*,*,*,*,*,*,*,*,*,*
533732411,0,,,22,9,13,3,1,2,19,8,11,8,2,6,19,8,11,19,8,11,11,6,5,3,1,2,1,0,1,0,0,0,0,0,0,8,8,2,4,0,0,1,0,1,6,4,2,1,8,0,2,3
533732412,0,,,38,20,18,5,4,1,33,16,17,11,5,6,33,16,17,33,16,17,22,11,11,7,3,4,3,1,2,0,0,0,0,0,0,16,16,5,6,2,2,0,0,1,11,8,3,1,13,0,3,6
533732413,2,533732414,,1,1,0,*,*,*,*,*,*,*,*,*,*,*,*,*,*,*,*,*,*,*,*,*,*,*,*,*,*,*,*,*,*,1,1,*,*,*,*,*,*,*,*,*,*,*,*,*,*,*
533732414,1,,533732413,32,17,15,5,3,2,28,15,13,14,7,7,28,15,13,28,15,13,14,8,6,7,4,3,4,4,0,0,0,0,0,0,0,12,12,2,6,2,2,1,0,0,11,9,2,2,10,0,2,4
533732421,0,,,15,6,9,0,0,0,15,6,9,5,2,3,15,6,9,14,6,8,10,4,6,8,3,5,7,3,4,0,0,0,0,0,0,6,6,1,2,2,1,0,0,0,5,3,2,0,6,0,1,2
533732422,0,,,94,42,52,10,3,7,84,39,45,49,26,23,80,37,43,80,37,43,35,13,22,19,5,14,12,3,9,0,0,0,2,0,2,31,31,7,6,6,7,2,2,1,23,14,9,3,24,0,7,3
533732424,0,,,15,6,9,1,1,0,14,5,9,6,2,4,14,5,9,14,5,9,8,3,5,5,1,4,3,0,3,0,0,0,0,0,0,7,7,2,3,1,1,0,0,0,5,4,1,1,6,0,2,2
533732433,1,,533732434,42,18,24,8,3,5,39,18,21,25,12,13,37,17,20,35,16,19,14,6,8,8,3,5,3,2,1,0,0,0,2,1,1,12,12,1,5,3,2,1,1,1,13,9,4,2,9,0,1,2
533732434,2,533732433,,5,3,2,*,*,*,*,*,*,*,*,*,*,*,*,*,*,*,*,*,*,*,*,*,*,*,*,*,*,*,*,*,*,2,2,*,*,*,*,*,*,*,*,*,*,*,*,*,*,*
533732442,0,,,20,8,12,0,0,0,20,8,12,8,4,4,20,8,12,20,8,12,12,4,8,8,2,6,4,1,3,1,0,1,0,0,0,8,8,2,1,4,1,0,0,0,6,2,4,0,8,0,2,1
533732531,1,,533732533;533732534,51,25,26,10,4,6,53,28,25,33,20,13,52,27,25,52,27,25,20,8,12,10,3,7,1,0,1,0,0,0,1,0,1,19,19,3,8,6,4,2,0,0,20,17,3,2,13,0,2,3
533732533,2,533732531,,5,3,2,*,*,*,*,*,*,*,*,*,*,*,*,*,*,*,*,*,*,*,*,*,*,*,*,*,*,*,*,*,*,2,2,*,*,*,*,*,*,*,*,*,*,*,*,*,*,*
533732534,2,533732531,,7,4,3,*,*,*,*,*,*,*,*,*,*,*,*,*,*,*,*,*,*,*,*,*,*,*,*,*,*,*,*,*,*,2,2,*,*,*,*,*,*,*,*,*,*,*,*,*,*,*
533732541,2,533732543,,1,0,1,*,*,*,*,*,*,*,*,*,*,*,*,*,*,*,*,*,*,*,*,*,*,*,*,*,*,*,*,*,*,1,1,*,*,*,*,*,*,*,*,*,*,*,*,*,*,*
533732543,1,,533732541,35,17,18,0,0,0,36,17,19,14,8,6,35,17,18,35,17,18,22,9,13,13,6,7,4,2,2,0,0,0,0,0,0,14,14,4,5,2,4,0,0,0,11,9,2,0,13,0,4,4
533732544,1,,533732642,17,8,9,0,0,0,21,10,11,6,4,2,20,9,11,20,9,11,15,6,9,14,6,8,6,3,3,1,0,1,0,0,0,7,7,1,5,2,1,0,0,0,8,7,1,0,9,0,1,4
533732583,2,533732681,,4,2,2,*,*,*,*,*,*,*,*,*,*,*,*,*,*,*,*,*,*,*,*,*,*,*,*,*,*,*,*,*,*,2,2,*,*,*,*,*,*,*,*,*,*,*,*,*,*,*
533732584,2,533732681,,4,1,3,*,*,*,*,*,*,*,*,*,*,*,*,*,*,*,*,*,*,*,*,*,*,*,*,*,*,*,*,*,*,3,3,*,*,*,*,*,*,*,*,*,*,*,*,*,*,*
533732591,2,533732681,,6,2,4,*,*,*,*,*,*,*,*,*,*,*,*,*,*,*,*,*,*,*,*,*,*,*,*,*,*,*,*,*,*,2,2,*,*,*,*,*,*,*,*,*,*,*,*,*,*,*
533732593,2,533732681,,4,2,2,*,*,*,*,*,*,*,*,*,*,*,*,*,*,*,*,*,*,*,*,*,*,*,*,*,*,*,*,*,*,1,1,*,*,*,*,*,*,*,*,*,*,*,*,*,*,*
533732642,2,533732544,,4,2,2,*,*,*,*,*,*,*,*,*,*,*,*,*,*,*,*,*,*,*,*,*,*,*,*,*,*,*,*,*,*,2,2,*,*,*,*,*,*,*,*,*,*,*,*,*,*,*
533732653,0,,,29,13,16,2,0,2,27,13,14,13,6,7,25,13,12,24,12,12,14,7,7,7,3,4,1,0,1,0,0,0,0,0,0,11,11,3,4,1,1,1,1,0,8,6,2,0,10,0,3,3
533732654,0,,,65,28,37,5,0,5,60,28,32,34,18,16,60,28,32,60,28,32,26,10,16,17,6,11,7,3,4,0,0,0,0,0,0,26,26,4,11,6,4,1,0,0,22,15,7,2,18,0,2,5
533732663,1,,533732664,19,10,9,7,5,2,25,14,11,18,10,8,25,14,11,25,14,11,7,4,3,3,2,1,0,0,0,0,0,0,0,0,0,8,8,2,5,1,1,1,0,1,9,7,2,3,4,0,1,2
533732664,2,533732663,,13,9,4,*,*,*,*,*,*,*,*,*,*,*,*,*,*,*,*,*,*,*,*,*,*,*,*,*,*,*,*,*,*,3,3,*,*,*,*,*,*,*,*,*,*,*,*,*,*,*
533732673,2,533732761,,1,0,1,*,*,*,*,*,*,*,*,*,*,*,*,*,*,*,*,*,*,*,*,*,*,*,*,*,*,*,*,*,*,1,1,*,*,*,*,*,*,*,*,*,*,*,*,*,*,*
533732681,1,,533732583;533732584;533732591;533732593;533732684,13,6,7,0,0,0,35,15,20,14,7,7,35,15,20,35,15,20,21,8,13,13,5,8,4,2,2,0,0,0,0,0,0,6,6,5,5,1,3,1,0,0,10,7,3,0,13,0,5,4
533732683,0,,,31,15,16,3,1,2,28,14,14,18,11,7,27,13,14,26,12,14,10,3,7,10,3,7,3,0,3,0,0,0,0,0,0,7,7,0,1,2,2,0,0,2,7,2,5,0,7,0,0,0
533732684,2,533732681,,4,2,2,*,*,*,*,*,*,*,*,*,*,*,*,*,*,*,*,*,*,*,*,*,*,*,*,*,*,*,*,*,*,1,1,*,*,*,*,*,*,*,*,*,*,*,*,*,*,*
533732742,2,533732751,,6,2,4,*,*,*,*,*,*,*,*,*,*,*,*,*,*,*,*,*,*,*,*,*,*,*,*,*,*,*,*,*,*,3,3,*,*,*,*,*,*,*,*,*,*,*,*,*,*,*
533732751,1,,533732742,17,7,10,0,0,0,23,9,14,10,4,6,23,9,14,23,9,14,13,5,8,9,3,6,2,1,1,0,0,0,0,0,0,7,7,1,6,2,1,0,0,0,9,7,2,0,9,0,1,2
533732752,1,,533732754,13,7,6,1,1,0,21,10,11,7,4,3,20,10,10,19,9,10,14,6,8,10,5,5,2,1,1,0,0,0,0,0,0,5,5,2,4,0,0,1,0,1,6,4,2,0,8,0,2,3
533732753,0,,,33,14,19,2,0,2,31,14,17,11,6,5,30,13,17,30,13,17,20,8,12,10,4,6,4,1,3,2,0,2,0,0,0,11,11,1,4,3,2,0,0,1,10,5,5,0,10,0,1,3
533732754,2,533732752,,9,4,5,*,*,*,*,*,*,*,*,*,*,*,*,*,*,*,*,*,*,*,*,*,*,*,*,*,*,*,*,*,*,3,3,*,*,*,*,*,*,*,*,*,*,*,*,*,*,*
533732761,1,,533732673;533732763,162,74,88,21,11,10,143,63,80,63,32,31,141,62,79,141,62,79,80,31,49,46,15,31,15,3,12,4,1,3,0,0,0,62,61,17,17,19,4,2,1,3,46,31,15,7,50,0,16,14
533732762,2,533732764,,2,1,1,*,*,*,*,*,*,*,*,*,*,*,*,*,*,*,*,*,*,*,*,*,*,*,*,*,*,*,*,*,*,1,1,*,*,*,*,*,*,*,*,*,*,*,*,*,*,*
533732763,2,533732761,,1,0,1,*,*,*,*,*,*,*,*,*,*,*,*,*,*,*,*,*,*,*,*,*,*,*,*,*,*,*,*,*,*,1,1,*,*,*,*,*,*,*,*,*,*,*,*,*,*,*
533732764,1,,533732762,48,26,22,3,2,1,47,25,22,16,9,7,47,25,22,47,25,22,31,16,15,19,9,10,9,4,5,0,0,0,0,0,0,18,18,4,6,4,3,2,0,0,15,10,5,1,18,0,4,6
533732771,2,533732773,,5,2,3,*,*,*,*,*,*,*,*,*,*,*,*,*,*,*,*,*,*,*,*,*,*,*,*,*,*,*,*,*,*,3,3,*,*,*,*,*,*,*,*,*,*,*,*,*,*,*
533732772,2,533732774,,6,4,2,*,*,*,*,*,*,*,*,*,*,*,*,*,*,*,*,*,*,*,*,*,*,*,*,*,*,*,*,*,*,3,3,*,*,*,*,*,*,*,*,*,*,*,*,*,*,*
533732773,1,,533732771,9,5,4,0,0,0,14,7,7,6,3,3,14,7,7,14,7,7,8,4,4,7,3,4,2,2,0,0,0,0,0,0,0,4,4,1,5,1,0,0,0,0,6,6,0,0,5,0,1,2
533732774,1,,533732772,59,29,30,0,0,0,65,33,32,31,17,14,62,31,31,62,31,31,34,16,18,21,11,10,10,7,3,1,0,1,3,1,2,23,23,7,7,5,6,1,0,0,19,10,9,0,19,1,2,6
533732783,0,,,6,6,0,0,0,0,6,6,0,6,6,0,6,6,0,6,6,0,0,0,0,0,0,0,0,0,0,0,0,0,6,6,0,6,6,6,0,0,0,0,0,0,0,0,0,0,0,6,0,0
533732803,0,,,18,5,13,0,0,0,18,5,13,9,3,6,18,5,13,17,4,13,9,2,7,4,0,4,1,0,1,0,0,0,0,0,0,7,7,2,2,1,1,1,0,0,5,2,3,0,6,0,2,1
533732841,1,,533732842;533732843;533732844;533732941;533732942,5,3,2,3,2,1,24,13,11,14,8,6,23,12,11,23,12,11,10,5,5,8,4,4,1,1,0,0,0,0,0,0,0,2,2,0,4,2,2,1,0,0,9,6,3,2,5,0,0,2
533732842,2,533732841,,2,1,1,*,*,*,*,*,*,*,*,*,*,*,*,*,*,*,*,*,*,*,*,*,*,*,*,*,*,*,*,*,*,1,1,*,*,*,*,*,*,*,*,*,*,*,*,*,*,*
533732843,2,533732841,,4,2,2,*,*,*,*,*,*,*,*,*,*,*,*,*,*,*,*,*,*,*,*,*,*,*,*,*,*,*,*,*,*,1,1,*,*,*,*,*,*,*,*,*,*,*,*,*,*,*
533732844,2,533732841,,9,5,4,*,*,*,*,*,*,*,*,*,*,*,*,*,*,*,*,*,*,*,*,*,*,*,*,*,*,*,*,*,*,3,3,*,*,*,*,*,*,*,*,*,*,*,*,*,*,*
533732851,2,533732852,,2,1,1,*,*,*,*,*,*,*,*,*,*,*,*,*,*,*,*,*,*,*,*,*,*,*,*,*,*,*,*,*,*,1,1,*,*,*,*,*,*,*,*,*,*,*,*,*,*,*
533732852,1,,533732851;533732853;533732854,9,3,6,0,0,0,29,13,16,13,7,6,28,12,16,28,12,16,16,6,10,7,1,6,4,1,3,1,0,1,0,0,0,5,5,4,6,3,1,0,0,0,10,7,3,0,11,0,3,2
533732853,2,533732852,,3,1,2,*,*,*,*,*,*,*,*,*,*,*,*,*,*,*,*,*,*,*,*,*,*,*,*,*,*,*,*,*,*,1,1,*,*,*,*,*,*,*,*,*,*,*,*,*,*,*
533732854,2,533732852,,15,8,7,*,*,*,*,*,*,*,*,*,*,*,*,*,*,*,*,*,*,*,*,*,*,*,*,*,*,*,*,*,*,7,7,*,*,*,*,*,*,*,*,*,*,*,*,*,*,*
533732861,2,533732864,,3,1,2,*,*,*,*,*,*,*,*,*,*,*,*,*,*,*,*,*,*,*,*,*,*,*,*,*,*,*,*,*,*,2,2,*,*,*,*,*,*,*,*,*,*,*,*,*,*,*
533732862,2,533732863,,10,7,3,*,*,*,*,*,*,*,*,*,*,*,*,*,*,*,*,*,*,*,*,*,*,*,*,*,*,*,*,*,*,7,7,*,*,*,*,*,*,*,*,*,*,*,*,*,*,*
533732863,1,,533732862,45,24,21,3,2,1,52,29,23,31,19,12,52,29,23,52,29,23,21,10,11,14,7,7,7,3,4,1,0,1,0,0,0,18,18,9,8,3,4,1,0,0,16,10,6,1,15,0,2,4
533732864,1,,533732861,38,18,20,5,3,2,36,16,20,22,11,11,36,16,20,36,16,20,14,5,9,6,2,4,4,2,2,0,0,0,0,0,0,15,15,5,3,7,1,1,0,0,12,8,4,0,11,0,4,2
533732871,2,533732873,,6,2,4,*,*,*,*,*,*,*,*,*,*,*,*,*,*,*,*,*,*,*,*,*,*,*,*,*,*,*,*,*,*,2,2,*,*,*,*,*,*,*,*,*,*,*,*,*,*,*
533732872,0,,,13,8,5,0,0,0,13,8,5,10,7,3,13,8,5,13,8,5,3,1,2,2,1,1,0,0,0,0,0,0,3,3,0,5,5,3,0,0,0,2,0,0,2,0,2,0,2,3,0,0
533732873,1,,533732871,51,28,23,0,0,0,57,30,27,36,21,15,55,29,26,55,29,26,21,9,12,8,4,4,4,2,2,0,0,0,0,0,0,32,32,20,8,3,3,0,0,0,14,10,4,0,14,7,3,3
533732941,2,533732841,,2,1,1,*,*,*,*,*,*,*,*,*,*,*,*,*,*,*,*,*,*,*,*,*,*,*,*,*,*,*,*,*,*,1,1,*,*,*,*,*,*,*,*,*,*,*,*,*,*,*
533732942,2,533732841,,5,3,2,*,*,*,*,*,*,*,*,*,*,*,*,*,*,*,*,*,*,*,*,*,*,*,*,*,*,*,*,*,*,1,1,*,*,*,*,*,*,*,*,*,*,*,*,*,*,*
533732952,1,,533732953;533732954,31,13,18,9,4,5,33,15,18,11,5,6,33,15,18,33,15,18,22,10,12,10,4,6,4,1,3,0,0,0,0,0,0,12,12,5,8,0,0,3,1,0,11,9,2,3,14,0,4,7
533732953,2,533732952,,1,0,1,*,*,*,*,*,*,*,*,*,*,*,*,*,*,*,*,*,*,*,*,*,*,*,*,*,*,*,*,*,*,1,1,*,*,*,*,*,*,*,*,*,*,*,*,*,*,*
533732954,2,533732952,,10,6,4,*,*,*,*,*,*,*,*,*,*,*,*,*,*,*,*,*,*,*,*,*,*,*,*,*,*,*,*,*,*,4,4,*,*,*,*,*,*,*,*,*,*,*,*,*,*,*
533732961,0,,,21,9,12,2,1,1,19,8,11,12,5,7,19,8,11,18,8,10,7,3,4,4,1,3,2,1,1,0,0,0,0,0,0,8,8,1,4,2,0,0,1,0,7,5,2,0,5,0,1,1
533732962,1,,533732963;533732964,15,7,8,0,0,0,18,10,8,11,9,2,18,10,8,17,9,8,7,1,6,4,1,3,3,0,3,0,0,0,2,1,1,7,7,6,1,2,1,0,0,0,4,1,3,0,5,2,1,1
533732963,2,533732962,,1,1,0,*,*,*,*,*,*,*,*,*,*,*,*,*,*,*,*,*,*,*,*,*,*,*,*,*,*,*,*,*,*,1,1,*,*,*,*,*,*,*,*,*,*,*,*,*,*,*
533732964,2,533732962,,2,2,0,*,*,*,*,*,*,*,*,*,*,*,*,*,*,*,*,*,*,*,*,*,*,*,*,*,*,*,*,*,*,2,2,*,*,*,*,*,*,*,*,*,*,*,*,*,*,*
533732971,1,,533732973,16,10,6,4,2,2,17,10,7,12,7,5,15,8,7,15,8,7,5,3,2,5,3,2,3,2,1,0,0,0,0,0,0,6,6,1,4,0,3,0,0,0,6,6,0,0,3,0,0,2
533732972,0,,,32,17,15,5,4,1,27,13,14,15,7,8,27,13,14,27,13,14,12,6,6,7,3,4,6,3,3,0,0,0,0,0,0,9,9,0,4,0,2,2,1,0,9,4,5,1,8,0,0,3
533732973,2,533732971,,5,2,3,*,*,*,*,*,*,*,*,*,*,*,*,*,*,*,*,*,*,*,*,*,*,*,*,*,*,*,*,*,*,2,2,*,*,*,*,*,*,*,*,*,*,*,*,*,*,*
533732974,0,,,37,17,20,4,3,1,33,14,19,14,7,7,32,14,18,32,14,18,19,7,12,10,3,7,1,0,1,0,0,0,0,0,0,13,13,0,9,0,2,1,1,0,13,10,3,1,12,0,0,5
533732983,0,,,33,20,13,2,2,0,31,18,13,15,10,5,31,18,13,31,18,13,16,8,8,10,5,5,6,4,2,1,1,0,0,0,0,11,11,2,2,4,2,0,0,1,9,5,4,1,10,0,1,1
533732992,0,,,13,4,9,0,0,0,13,4,9,7,3,4,11,4,7,11,4,7,6,1,5,4,1,3,3,1,2,0,0,0,1,0,1,6,6,4,0,0,1,1,0,0,2,1,1,0,5,0,4,0
533732994,0,,,19,9,10,5,2,3,14,7,7,8,4,4,14,7,7,14,7,7,6,3,3,3,1,2,2,0,2,0,0,0,0,0,0,6,6,1,1,2,1,0,1,0,5,2,3,3,5,0,1,0
533733001,2,533733023,,9,5,4,*,*,*,*,*,*,*,*,*,*,*,*,*,*,*,*,*,*,*,*,*,*,*,*,*,*,*,*,*,*,4,4,*,*,*,*,*,*,*,*,*,*,*,*,*,*,*
533733023,1,,533733001;533733112,17,7,10,3,3,0,25,10,15,11,5,6,25,10,15,25,10,15,14,5,9,5,2,3,4,1,3,0,0,0,0,0,0,6,6,2,6,1,2,1,0,0,9,6,3,1,9,0,1,4
533733034,2,533733144,,2,0,2,*,*,*,*,*,*,*,*,*,*,*,*,*,*,*,*,*,*,*,*,*,*,*,*,*,*,*,*,*,*,1,1,*,*,*,*,*,*,*,*,*,*,*,*,*,*,*
533733043,2,533733141,,2,1,1,*,*,*,*,*,*,*,*,*,*,*,*,*,*,*,*,*,*,*,*,*,*,*,*,*,*,*,*,*,*,1,1,*,*,*,*,*,*,*,*,*,*,*,*,*,*,*
533733051,0,,,12,5,7,0,0,0,12,5,7,5,2,3,12,5,7,12,5,7,7,3,4,5,2,3,1,1,0,0,0,0,0,0,0,8,8,4,4,0,0,0,0,0,4,4,0,0,5,0,2,2
533733052,1,,533733054,11,5,6,1,0,1,13,7,6,9,5,4,13,7,6,13,7,6,4,2,2,4,2,2,2,1,1,0,0,0,0,0,0,4,4,1,1,1,2,0,0,0,4,2,2,0,3,0,0,0
533733054,2,533733052,,3,2,1,*,*,*,*,*,*,*,*,*,*,*,*,*,*,*,*,*,*,*,*,*,*,*,*,*,*,*,*,*,*,1,1,*,*,*,*,*,*,*,*,*,*,*,*,*,*,*
533733061,0,,,39,19,20,6,2,4,33,17,16,21,11,10,31,16,15,30,15,15,12,6,6,7,3,4,2,0,2,0,0,0,0,0,0,10,10,1,1,3,1,2,1,1,9,2,7,2,8,0,0,0
533733062,0,,,74,37,37,4,2,2,70,35,35,38,16,22,68,34,34,66,33,33,32,19,13,13,6,7,6,3,3,1,1,0,6,4,2,38,38,19,13,0,3,2,0,1,18,15,3,0,24,0,14,5
533733063,0,,,88,43,45,6,3,3,82,40,42,39,20,19,80,40,40,80,40,40,43,20,23,19,11,8,6,4,2,0,0,0,0,0,0,31,31,5,11,7,3,2,3,0,26,17,9,0,24,0,4,5
533733064,0,,,100,51,49,11,6,5,89,45,44,51,31,20,86,42,44,85,41,44,38,14,24,23,9,14,10,3,7,1,0,1,0,0,0,33,33,7,11,2,3,7,3,0,26,14,12,2,26,0,5,7
533733071,0,,,72,37,35,7,4,3,65,33,32,39,19,20,65,33,32,64,33,31,26,14,12,19,10,9,2,2,0,0,0,0,0,0,0,26,26,3,8,9,4,2,0,0,23,16,7,3,16,0,2,4
533733072,0,,,44,22,22,7,4,3,37,18,19,18,9,9,37,18,19,37,18,19,19,9,10,5,1,4,3,0,3,1,0,1,0,0,0,16,16,1,8,2,4,1,0,0,15,14,1,2,12,0,1,5
533733073,0,,,160,74,86,27,13,14,133,61,72,88,44,44,123,56,67,120,54,66,45,17,28,20,5,15,7,0,7,0,0,0,2,1,1,53,53,8,15,12,10,5,1,2,44,32,12,8,30,0,5,6
533733074,0,,,51,23,28,7,2,5,44,21,23,27,15,12,44,21,23,44,21,23,17,6,11,7,1,6,6,1,5,0,0,0,0,0,0,16,16,2,4,6,1,1,0,2,14,6,8,1,13,0,2,1
533733081,0,,,9,5,4,0,0,0,9,5,4,4,2,2,8,5,3,8,5,3,5,3,2,3,2,1,0,0,0,0,0,0,0,0,0,4,4,1,1,2,0,0,0,0,3,3,0,0,3,0,1,1
533733083,0,,,44,25,19,7,5,2,37,20,17,24,14,10,37,20,17,36,19,17,13,6,7,6,3,3,5,3,2,0,0,0,0,0,0,12,12,2,2,2,2,2,0,2,10,3,7,2,9,0,2,1
533733084,0,,,17,9,8,2,1,1,15,8,7,5,2,3,15,8,7,15,8,7,10,6,4,1,1,0,0,0,0,0,0,0,0,0,0,8,8,1,6,0,1,0,0,0,7,7,0,1,6,0,1,5
533733093,0,,,33,18,15,9,4,5,24,14,10,13,9,4,24,14,10,24,14,10,11,5,6,4,2,2,1,0,1,1,0,1,0,0,0,9,9,1,2,0,5,0,0,1,8,7,1,3,6,0,1,1
533733094,0,,,16,7,9,1,0,1,15,7,8,10,5,5,15,7,8,15,7,8,5,2,3,3,1,2,1,0,1,0,0,0,0,0,0,5,5,0,2,2,0,0,1,0,5,3,2,1,4,0,0,1
533733112,2,533733023,,4,2,2,*,*,*,*,*,*,*,*,*,*,*,*,*,*,*,*,*,*,*,*,*,*,*,*,*,*,*,*,*,*,2,2,*,*,*,*,*,*,*,*,*,*,*,*,*,*,*
533733121,2,533733122,,4,1,3,*,*,*,*,*,*,*,*,*,*,*,*,*,*,*,*,*,*,*,*,*,*,*,*,*,*,*,*,*,*,3,3,*,*,*,*,*,*,*,*,*,*,*,*,*,*,*
533733122,1,,533733121,5,3,2,0,0,0,9,4,5,1,1,0,9,4,5,9,4,5,8,3,5,5,2,3,1,0,1,0,0,0,0,0,0,2,2,2,2,1,0,0,0,0,3,3,0,0,5,0,2,2
533733124,1,,533733224,11,4,7,0,0,0,19,6,13,3,0,3,19,6,13,19,6,13,16,6,10,4,0,4,2,0,2,0,0,0,0,0,0,5,5,2,5,1,1,0,0,0,7,5,2,0,9,0,2,4
533733134,2,533733141,,11,4,7,*,*,*,*,*,*,*,*,*,*,*,*,*,*,*,*,*,*,*,*,*,*,*,*,*,*,*,*,*,*,3,3,*,*,*,*,*,*,*,*,*,*,*,*,*,*,*
533733141,1,,533733043;533733134,15,5,10,2,0,2,26,10,16,13,4,9,26,10,16,26,10,16,13,6,7,8,4,4,2,0,2,0,0,0,0,0,0,5,5,1,2,2,3,1,0,0,8,4,4,1,7,0,0,2
533733143,0,,,21,10,11,4,3,1,17,7,10,9,4,5,17,7,10,17,7,10,8,3,5,5,1,4,1,0,1,1,0,1,0,0,0,5,5,0,1,1,1,1,0,1,5,3,2,0,5,0,0,1
533733144,1,,533733034,14,7,7,0,0,0,16,7,9,6,4,2,16,7,9,16,7,9,10,3,7,3,0,3,3,0,3,0,0,0,0,0,0,5,5,0,3,2,1,0,0,0,6,5,1,0,6,0,0,1
533733152,2,533733154,,5,3,2,*,*,*,*,*,*,*,*,*,*,*,*,*,*,*,*,*,*,*,*,*,*,*,*,*,*,*,*,*,*,3,3,*,*,*,*,*,*,*,*,*,*,*,*,*,*,*
533733153,0,,,15,6,9,0,0,0,15,6,9,6,2,4,15,6,9,15,6,9,9,4,5,3,2,1,0,0,0,0,0,0,0,0,0,6,6,0,3,3,0,0,0,0,6,5,1,0,5,0,0,2
533733154,1,,533733152,16,8,8,2,0,2,19,11,8,9,5,4,19,11,8,19,11,8,10,6,4,2,2,0,1,1,0,0,0,0,0,0,0,4,4,1,2,1,2,1,0,0,6,5,1,1,6,0,1,2
533733161,1,,533733163,42,21,21,7,1,6,44,23,21,22,13,9,44,23,21,44,23,21,22,10,12,7,3,4,4,2,2,2,1,1,0,0,0,11,11,3,4,3,2,2,1,1,13,7,6,2,11,0,3,3
533733162,0,,,46,26,20,3,2,1,42,23,19,21,12,9,40,22,18,39,22,17,21,11,10,10,4,6,3,1,2,1,0,1,0,0,0,15,15,2,5,1,5,1,1,0,13,10,3,0,12,0,1,3
533733163,2,533733161,,9,3,6,*,*,*,*,*,*,*,*,*,*,*,*,*,*,*,*,*,*,*,*,*,*,*,*,*,*,*,*,*,*,5,5,*,*,*,*,*,*,*,*,*,*,*,*,*,*,*
533733164,1,,533733254,47,23,24,4,4,0,48,22,26,28,12,16,45,21,24,45,21,24,20,10,10,11,6,5,5,3,2,0,0,0,0,0,0,15,15,0,9,0,2,4,1,0,16,12,4,0,12,0,0,7
533733171,0,,,64,27,37,9,6,3,55,21,34,33,15,18,51,21,30,50,20,30,22,6,16,11,2,9,9,1,8,1,0,1,0,0,0,22,22,5,5,4,4,3,1,0,17,12,5,1,14,0,5,2
533733172,0,,,19,8,11,2,0,2,17,8,9,9,3,6,16,8,8,16,8,8,8,5,3,3,1,2,2,1,1,0,0,0,0,0,0,9,9,4,3,0,1,1,0,0,5,4,1,1,6,0,3,1
533733181,2,533733182,,8,5,3,*,*,*,*,*,*,*,*,*,*,*,*,*,*,*,*,*,*,*,*,*,*,*,*,*,*,*,*,*,*,3,3,*,*,*,*,*,*,*,*,*,*,*,*,*,*,*
533733182,1,,533733181;533733184,20,8,12,2,0,2,29,15,14,12,8,4,29,15,14,29,15,14,17,7,10,3,0,3,3,0,3,0,0,0,0,0,0,9,9,3,3,6,1,0,0,0,9,8,1,0,11,0,2,2
533733184,2,533733182,,3,2,1,*,*,*,*,*,*,*,*,*,*,*,*,*,*,*,*,*,*,*,*,*,*,*,*,*,*,*,*,*,*,1,1,*,*,*,*,*,*,*,*,*,*,*,*,*,*,*
533733191,0,,,21,12,9,0,0,0,21,12,9,12,7,5,20,11,9,20,11,9,9,5,4,5,3,2,2,1,1,0,0,0,0,0,0,8,8,1,3,3,0,1,0,0,7,5,2,0,5,0,0,2
533733224,2,533733124,,8,2,6,*,*,*,*,*,*,*,*,*,*,*,*,*,*,*,*,*,*,*,*,*,*,*,*,*,*,*,*,*,*,4,4,*,*,*,*,*,*,*,*,*,*,*,*,*,*,*
533733254,2,533733164,,5,3,2,*,*,*,*,*,*,*,*,*,*,*,*,*,*,*,*,*,*,*,*,*,*,*,*,*,*,*,*,*,*,1,1,*,*,*,*,*,*,*,*,*,*,*,*,*,*,*
533733261,0,,,14,7,7,0,0,0,14,7,7,8,4,4,13,6,7,12,5,7,6,3,3,3,1,2,1,0,1,0,0,0,0,0,0,6,6,2,1,2,1,0,0,0,4,3,1,0,3,0,0,1
533733262,1,,533733263,31,14,17,1,0,1,33,16,17,19,9,10,32,15,17,30,15,15,14,7,7,7,3,4,4,2,2,0,0,0,0,0,0,11,11,1,7,2,2,1,0,0,12,10,2,0,8,0,1,4
533733263,2,533733262,,3,2,1,*,*,*,*,*,*,*,*,*,*,*,*,*,*,*,*,*,*,*,*,*,*,*,*,*,*,*,*,*,*,2,2,*,*,*,*,*,*,*,*,*,*,*,*,*,*,*
533733264,0,,,16,7,9,0,0,0,16,7,9,10,5,5,15,6,9,15,6,9,6,2,4,4,2,2,2,1,1,0,0,0,0,0,0,6,6,1,1,3,1,0,0,0,5,4,1,0,4,0,1,1
533733272,0,,,18,7,11,4,1,3,14,6,8,8,4,4,14,6,8,14,6,8,6,2,4,2,1,1,0,0,0,0,0,0,0,0,0,5,5,0,1,2,1,0,1,0,5,2,3,0,4,0,0,1
533733273,2,533733274,,8,3,5,*,*,*,*,*,*,*,*,*,*,*,*,*,*,*,*,*,*,*,*,*,*,*,*,*,*,*,*,*,*,3,3,*,*,*,*,*,*,*,*,*,*,*,*,*,*,*
533733274,1,,533733273,32,12,20,9,2,7,31,13,18,21,9,12,31,13,18,31,13,18,10,4,6,5,1,4,3,0,3,0,0,0,0,0,0,10,10,5,2,0,3,0,2,1,8,3,5,3,8,0,3,1
533733281,2,533733283,,2,1,1,*,*,*,*,*,*,*,*,*,*,*,*,*,*,*,*,*,*,*,*,*,*,*,*,*,*,*,*,*,*,1,1,*,*,*,*,*,*,*,*,*,*,*,*,*,*,*
533733283,1,,533733281,20,10,10,2,2,0,20,9,11,13,7,6,20,9,11,20,9,11,7,2,5,6,2,4,0,0,0,0,0,0,0,0,0,7,7,2,3,0,2,0,1,0,6,5,1,1,5,0,2,1
533733292,0,,,15,7,8,3,1,2,12,6,6,5,3,2,11,5,6,11,5,6,7,3,4,4,2,2,1,1,0,0,0,0,0,0,0,5,5,1,2,0,0,2,0,0,4,3,1,0,4,0,1,2
533733294,0,,,163,84,79,26,18,8,137,66,71,85,43,42,132,63,69,129,63,66,52,23,29,24,6,18,15,2,13,1,1,0,0,0,0,54,54,10,15,9,12,4,1,3,43,34,9,3,36,0,7,10
533733354,2,533733363,,8,4,4,*,*,*,*,*,*,*,*,*,*,*,*,*,*,*,*,*,*,*,*,*,*,*,*,*,*,*,*,*,*,3,3,*,*,*,*,*,*,*,*,*,*,*,*,*,*,*
533733362,0,,,12,8,4,0,0,0,12,8,4,7,5,2,11,7,4,11,7,4,5,3,2,2,1,1,1,1,0,0,0,0,0,0,0,5,5,2,1,1,0,1,0,0,3,2,1,0,4,0,2,0
533733363,1,,533733354,11,4,7,1,0,1,18,8,10,7,3,4,18,8,10,18,8,10,11,5,6,8,4,4,3,2,1,1,0,1,0,0,0,7,7,3,6,0,1,0,0,0,7,5,2,0,7,0,2,2
533733364,0,,,59,30,29,8,5,3,51,25,26,25,13,12,49,24,25,49,24,25,26,12,14,17,7,10,7,2,5,0,0,0,0,0,0,19,19,2,5,7,2,2,0,1,17,12,5,1,15,0,2,3
533733371,0,,,32,15,17,6,4,2,26,11,15,16,7,9,25,11,14,25,11,14,10,4,6,2,0,2,2,0,2,0,0,0,0,0,0,8,8,0,0,4,2,1,0,1,8,4,4,0,6,0,0,0
533733372,0,,,20,11,9,1,1,0,19,10,9,10,6,4,19,10,9,18,9,9,9,4,5,6,3,3,3,2,1,0,0,0,0,0,0,9,9,3,3,1,2,0,0,0,6,4,2,1,6,0,2,2
533733373,0,,,39,19,20,4,2,2,35,17,18,20,10,10,34,17,17,34,17,17,15,7,8,6,3,3,1,0,1,0,0,0,0,0,0,12,12,1,4,2,3,1,0,1,11,8,3,1,8,0,0,3
533733381,2,533733382,,15,6,9,*,*,*,*,*,*,*,*,*,*,*,*,*,*,*,*,*,*,*,*,*,*,*,*,*,*,*,*,*,*,3,3,*,*,*,*,*,*,*,*,*,*,*,*,*,*,*
533733382,1,,533733381,10,4,6,3,1,2,22,9,13,13,5,8,22,9,13,22,9,13,9,4,5,3,0,3,1,0,1,1,0,1,0,0,0,5,5,3,1,1,1,1,0,1,5,3,2,1,6,0,2,1
533733384,1,,533733482,16,8,8,1,1,0,20,9,11,12,7,5,20,9,11,20,9,11,8,2,6,6,1,5,5,1,4,2,0,2,0,0,0,5,5,0,2,3,2,0,0,0,7,3,4,1,4,0,0,0
533733391,1,,533733393,17,10,7,4,3,1,19,9,10,6,3,3,19,9,10,19,9,10,13,6,7,6,2,4,5,1,4,1,0,1,0,0,0,8,8,4,1,2,0,1,1,0,5,2,3,2,8,0,4,1
533733392,0,,,31,15,16,2,2,0,29,13,16,17,7,10,26,12,14,25,12,13,12,6,6,8,3,5,4,3,1,0,0,0,0,0,0,11,11,2,5,2,0,0,1,1,9,7,2,1,8,0,2,3
533733393,2,533733391,,6,2,4,*,*,*,*,*,*,*,*,*,*,*,*,*,*,*,*,*,*,*,*,*,*,*,*,*,*,*,*,*,*,1,1,*,*,*,*,*,*,*,*,*,*,*,*,*,*,*
533733394,0,,,46,24,22,6,4,2,40,20,20,25,13,12,38,18,20,38,18,20,15,7,8,8,3,5,3,1,2,0,0,0,0,0,0,17,17,5,7,2,0,1,1,1,12,7,5,1,9,0,2,2
533733461,2,533733462,,4,2,2,*,*,*,*,*,*,*,*,*,*,*,*,*,*,*,*,*,*,*,*,*,*,*,*,*,*,*,*,*,*,1,1,*,*,*,*,*,*,*,*,*,*,*,*,*,*,*
533733462,1,,533733461,87,35,52,4,1,3,87,36,51,61,31,30,83,35,48,80,32,48,26,5,21,15,1,14,6,0,6,0,0,0,0,0,0,31,31,6,10,5,8,1,1,1,25,15,10,0,21,0,6,1
533733464,0,,,33,13,20,5,2,3,28,11,17,14,4,10,28,11,17,28,11,17,14,7,7,8,4,4,3,1,2,1,0,1,0,0,0,9,9,0,3,1,3,1,0,1,9,7,2,2,8,0,0,3
533733471,1,,533733474,48,27,21,9,7,2,43,22,21,27,13,14,43,22,21,43,22,21,16,9,7,8,4,4,4,2,2,0,0,0,1,1,0,15,15,1,5,5,4,1,0,1,15,9,6,3,11,0,1,2
533733473,0,,,49,20,29,3,2,1,46,18,28,23,10,13,45,17,28,44,17,27,23,8,15,12,2,10,6,0,6,0,0,0,0,0,0,21,21,5,7,6,3,0,0,0,15,8,7,1,16,0,4,3
533733474,2,533733471,,6,3,3,*,*,*,*,*,*,*,*,*,*,*,*,*,*,*,*,*,*,*,*,*,*,*,*,*,*,*,*,*,*,2,2,*,*,*,*,*,*,*,*,*,*,*,*,*,*,*
533733482,2,533733384,,5,2,3,*,*,*,*,*,*,*,*,*,*,*,*,*,*,*,*,*,*,*,*,*,*,*,*,*,*,*,*,*,*,2,2,*,*,*,*,*,*,*,*,*,*,*,*,*,*,*
533733492,0,,,59,28,31,6,2,4,53,26,27,38,19,19,53,26,27,52,26,26,15,7,8,8,2,6,5,1,4,0,0,0,0,0,0,28,28,10,11,3,3,0,1,0,18,16,2,1,12,1,2,6
533733494,0,,,79,36,43,3,2,1,76,34,42,35,18,17,75,34,41,75,34,41,41,16,25,24,9,15,8,4,4,1,0,1,0,0,0,36,36,15,9,6,4,0,2,0,21,15,6,0,27,0,10,7
533733503,2,533733602,,2,1,1,*,*,*,*,*,*,*,*,*,*,*,*,*,*,*,*,*,*,*,*,*,*,*,*,*,*,*,*,*,*,1,1,*,*,*,*,*,*,*,*,*,*,*,*,*,*,*
533733513,2,533733602,,3,1,2,*,*,*,*,*,*,*,*,*,*,*,*,*,*,*,*,*,*,*,*,*,*,*,*,*,*,*,*,*,*,1,1,*,*,*,*,*,*,*,*,*,*,*,*,*,*,*
533733542,0,,,45,18,27,9,3,6,36,15,21,25,10,15,36,15,21,35,15,20,11,5,6,7,3,4,4,2,2,0,0,0,2,1,1,17,17,6,6,0,1,2,1,1,10,6,4,4,8,0,3,2
533733543,1,,533733544,13,6,7,0,0,0,17,7,10,7,3,4,17,7,10,17,7,10,10,4,6,5,0,5,2,0,2,1,0,1,0,0,0,5,5,2,4,1,1,0,0,0,6,4,2,0,7,0,2,2
533733544,2,533733543,,4,1,3,*,*,*,*,*,*,*,*,*,*,*,*,*,*,*,*,*,*,*,*,*,*,*,*,*,*,*,*,*,*,3,3,*,*,*,*,*,*,*,*,*,*,*,*,*,*,*
533733551,2,533733554,,2,1,1,*,*,*,*,*,*,*,*,*,*,*,*,*,*,*,*,*,*,*,*,*,*,*,*,*,*,*,*,*,*,1,1,*,*,*,*,*,*,*,*,*,*,*,*,*,*,*
533733553,2,533733554,,12,11,1,*,*,*,*,*,*,*,*,*,*,*,*,*,*,*,*,*,*,*,*,*,*,*,*,*,*,*,*,*,*,10,10,*,*,*,*,*,*,*,*,*,*,*,*,*,*,*
533733554,1,,533733551;533733553,21,10,11,4,2,2,29,18,11,22,15,7,29,18,11,29,18,11,7,3,4,3,0,3,2,0,2,0,0,0,1,1,0,7,7,11,3,1,1,1,1,0,7,5,2,3,6,6,1,2
533733562,0,,,53,24,29,8,3,5,45,21,24,17,9,8,45,21,24,45,21,24,28,12,16,14,5,9,5,1,4,2,0,2,0,0,0,18,18,3,6,4,1,2,2,0,15,9,6,3,16,0,3,4
533733563,0,,,21,11,10,4,3,1,17,8,9,8,3,5,17,8,9,17,8,9,9,5,4,2,1,1,0,0,0,0,0,0,0,0,0,7,7,1,3,0,2,0,1,0,6,5,1,1,5,0,1,3
533733564,0,,,21,10,11,0,0,0,21,10,11,8,5,3,21,10,11,21,10,11,13,5,8,10,3,7,0,0,0,0,0,0,0,0,0,10,10,5,2,1,1,1,0,0,5,2,3,0,9,0,4,2
533733571,1,,533733572,36,17,19,1,0,1,43,21,22,27,13,14,39,21,18,38,20,18,16,8,8,8,3,5,2,1,1,0,0,0,0,0,0,12,12,5,1,2,2,0,1,2,8,4,4,0,10,0,3,1
533733572,2,533733571,,8,4,4,*,*,*,*,*,*,*,*,*,*,*,*,*,*,*,*,*,*,*,*,*,*,*,*,*,*,*,*,*,*,1,1,*,*,*,*,*,*,*,*,*,*,*,*,*,*,*
533733573,0,,,61,29,32,8,5,3,53,24,29,33,14,19,51,24,27,50,24,26,20,10,10,8,3,5,3,1,2,0,0,0,0,0,0,16,16,2,2,3,3,3,2,1,14,7,7,2,12,0,2,1
533733592,1,,533733594,36,21,15,3,2,1,36,20,16,27,13,14,33,18,15,31,16,15,9,7,2,2,1,1,1,1,0,0,0,0,1,0,1,12,12,1,6,2,2,0,2,0,12,9,3,0,7,0,1,1
533733594,2,533733592,,3,1,2,*,*,*,*,*,*,*,*,*,*,*,*,*,*,*,*,*,*,*,*,*,*,*,*,*,*,*,*,*,*,1,1,*,*,*,*,*,*,*,*,*,*,*,*,*,*,*
533733601,2,533733602,,1,1,0,*,*,*,*,*,*,*,*,*,*,*,*,*,*,*,*,*,*,*,*,*,*,*,*,*,*,*,*,*,*,1,1,*,*,*,*,*,*,*,*,*,*,*,*,*,*,*
533733602,1,,533733503;533733513;533733601,29,14,15,2,1,1,33,16,17,19,9,10,33,16,17,33,16,17,14,7,7,9,4,5,4,2,2,0,0,0,0,0,0,11,11,3,6,2,2,0,1,0,11,7,4,0,8,0,0,4
533733604,0,,,19,8,11,2,2,0,17,6,11,7,3,4,17,6,11,17,6,11,10,3,7,4,0,4,2,0,2,1,0,1,0,0,0,9,9,4,3,0,1,1,0,0,5,3,2,1,8,0,3,3
533733611,0,,,20,9,11,2,0,2,18,9,9,7,3,4,18,9,9,18,9,9,11,6,5,8,3,5,1,1,0,0,0,0,0,0,0,8,8,1,5,1,0,0,1,0,7,6,1,0,8,0,1,3
533733612,1,,533733621,19,9,10,1,1,0,21,10,11,8,5,3,21,10,11,21,10,11,13,5,8,9,4,5,2,1,1,0,0,0,0,0,0,8,8,3,2,3,0,0,1,0,6,4,2,0,8,0,2,2
533733613,0,,,21,11,10,0,0,0,21,11,10,9,5,4,21,11,10,21,11,10,12,6,6,8,3,5,3,1,2,1,0,1,0,0,0,11,11,4,5,1,1,0,0,0,7,5,2,0,8,0,3,2
533733621,2,533733612,,3,2,1,*,*,*,*,*,*,*,*,*,*,*,*,*,*,*,*,*,*,*,*,*,*,*,*,*,*,*,*,*,*,1,1,*,*,*,*,*,*,*,*,*,*,*,*,*,*,*
533733641,0,,,33,18,15,4,3,1,29,15,14,21,12,9,28,14,14,28,14,14,8,3,5,5,2,3,1,0,1,0,0,0,0,0,0,9,9,0,3,1,2,2,1,0,9,2,7,1,5,0,0,1
533733644,0,,,96,51,45,15,9,6,81,42,39,50,27,23,77,41,36,76,40,36,31,15,16,15,6,9,3,1,2,0,0,0,1,0,1,32,32,6,9,4,9,1,2,1,25,19,6,1,20,0,1,5
533733651,0,,,18,10,8,0,0,0,18,10,8,4,3,1,18,10,8,18,10,8,14,7,7,8,3,5,1,0,1,0,0,0,0,0,0,8,8,1,4,3,0,0,0,0,7,6,1,0,8,0,1,3
533733652,0,,,104,48,56,7,4,3,97,44,53,62,28,34,93,44,49,93,44,49,35,16,19,24,8,16,8,2,6,0,0,0,1,0,1,37,37,9,9,7,8,1,2,1,27,16,11,1,26,0,6,4
533733653,0,,,184,92,92,13,6,7,171,86,85,95,54,41,169,84,85,166,81,85,76,32,44,41,14,27,14,3,11,1,0,1,1,0,1,75,75,21,28,11,5,6,4,0,53,37,16,2,49,1,8,13
533733654,0,,,164,77,87,22,11,11,141,66,75,88,46,42,132,60,72,127,57,70,53,20,33,26,7,19,9,1,8,0,0,0,4,3,1,54,54,10,16,11,6,5,3,3,44,29,15,4,30,1,3,8
533733661,2,533733663,,11,6,5,*,*,*,*,*,*,*,*,*,*,*,*,*,*,*,*,*,*,*,*,*,*,*,*,*,*,*,*,*,*,3,3,*,*,*,*,*,*,*,*,*,*,*,*,*,*,*
533733662,0,,,12,7,5,0,0,0,12,7,5,6,5,1,11,6,5,11,6,5,6,2,4,1,0,1,0,0,0,0,0,0,0,0,0,4,4,0,1,2,1,0,0,0,4,3,1,0,4,0,0,1
533733663,1,,533733661,35,19,16,10,7,3,36,18,18,24,13,11,36,18,18,34,16,18,12,5,7,8,3,5,4,1,3,1,0,1,0,0,0,11,11,2,4,3,2,0,2,1,12,9,3,2,7,1,1,3
533733671,1,,533733673,54,28,26,12,6,6,53,27,26,34,17,17,53,27,26,53,27,26,19,10,9,6,3,3,2,1,1,1,1,0,0,0,0,18,18,0,8,8,2,2,0,1,21,18,3,3,11,0,0,3
533733673,2,533733671,,11,5,6,*,*,*,*,*,*,*,*,*,*,*,*,*,*,*,*,*,*,*,*,*,*,*,*,*,*,*,*,*,*,3,3,*,*,*,*,*,*,*,*,*,*,*,*,*,*,*
533733701,1,,533733703,9,4,5,0,0,0,14,7,7,6,4,2,14,7,7,14,7,7,8,3,5,4,2,2,2,1,1,0,0,0,0,0,0,5,5,2,3,2,0,0,0,0,5,4,1,0,6,0,2,1
533733702,0,,,23,13,10,5,4,1,18,9,9,8,5,3,18,9,9,18,9,9,10,4,6,4,1,3,1,0,1,0,0,0,0,0,0,10,10,2,5,1,2,0,0,0,8,8,0,0,7,0,2,3
533733703,2,533733701,,5,3,2,*,*,*,*,*,*,*,*,*,*,*,*,*,*,*,*,*,*,*,*,*,*,*,*,*,*,*,*,*,*,2,2,*,*,*,*,*,*,*,*,*,*,*,*,*,*,*
533733732,1,,533733733,24,14,10,0,0,0,31,17,14,15,9,6,28,15,13,28,15,13,16,8,8,5,3,2,2,2,0,0,0,0,0,0,0,10,10,4,3,2,1,1,1,0,8,5,3,0,11,0,4,3
533733733,2,533733732,,7,3,4,*,*,*,*,*,*,*,*,*,*,*,*,*,*,*,*,*,*,*,*,*,*,*,*,*,*,*,*,*,*,2,2,*,*,*,*,*,*,*,*,*,*,*,*,*,*,*
533733741,0,,,15,9,6,0,0,0,15,9,6,10,5,5,15,9,6,14,9,5,5,4,1,2,1,1,1,0,1,0,0,0,0,0,0,5,5,1,2,0,0,2,0,0,4,2,2,0,4,0,0,1
533733742,0,,,340,152,188,35,15,20,305,137,168,168,79,89,294,133,161,289,131,158,137,58,79,80,33,47,29,10,19,1,0,1,1,0,1,112,112,22,28,19,24,9,6,4,88,52,36,7,86,1,17,21
533733743,0,,,69,33,36,11,5,6,58,28,30,37,20,17,55,27,28,54,26,28,21,8,13,13,4,9,5,0,5,0,0,0,0,0,0,22,22,3,7,4,4,2,1,1,19,14,5,1,12,0,3,3
533733744,0,,,235,109,126,21,11,10,214,98,116,112,57,55,211,96,115,209,95,114,102,41,61,70,26,44,30,10,20,4,1,3,0,0,0,88,88,25,23,18,9,5,7,1,63,41,22,7,65,0,19,11
533733751,0,,,134,62,72,11,6,5,123,56,67,76,37,39,117,54,63,116,53,63,47,19,28,28,11,17,12,4,8,0,0,0,1,1,0,46,46,7,16,10,5,5,2,1,39,25,14,3,29,0,3,6
533733752,0,,,244,130,114,27,17,10,217,113,104,136,70,66,212,109,103,211,108,103,81,43,38,32,18,14,14,9,5,0,0,0,1,0,1,81,81,8,33,11,16,7,4,2,73,55,18,8,53,0,4,15
533733753,0,,,171,83,88,22,14,8,149,69,80,88,42,46,142,67,75,141,66,75,61,27,34,31,13,18,4,1,3,0,0,0,4,3,1,65,65,15,24,8,11,3,3,1,50,38,12,4,42,1,11,13
533733754,0,,,41,21,20,2,2,0,39,19,20,23,12,11,38,19,19,38,19,19,16,7,9,9,3,6,5,1,4,0,0,0,0,0,0,15,15,1,8,3,0,3,0,0,14,11,3,1,11,0,1,4
533733761,0,,,65,32,33,19,13,6,46,19,27,30,13,17,44,18,26,43,18,25,16,6,10,2,0,2,0,0,0,0,0,0,0,0,0,20,20,3,6,3,3,2,2,1,17,12,5,4,11,0,2,2
533733773,2,533733774,,4,2,2,*,*,*,*,*,*,*,*,*,*,*,*,*,*,*,*,*,*,*,*,*,*,*,*,*,*,*,*,*,*,2,2,*,*,*,*,*,*,*,*,*,*,*,*,*,*,*
533733774,1,,533733773,34,16,18,5,5,0,33,13,20,23,9,14,33,13,20,32,13,19,10,4,6,5,1,4,3,0,3,0,0,0,0,0,0,9,9,0,5,1,2,2,0,1,11,8,3,1,7,0,0,1
533733801,1,,533733802,32,19,13,0,0,0,34,20,14,18,10,8,33,20,13,33,20,13,16,10,6,10,6,4,4,2,2,0,0,0,0,0,0,12,12,2,6,1,3,1,0,0,10,6,4,0,10,0,2,3
533733802,2,533733801,,2,1,1,*,*,*,*,*,*,*,*,*,*,*,*,*,*,*,*,*,*,*,*,*,*,*,*,*,*,*,*,*,*,1,1,*,*,*,*,*,*,*,*,*,*,*,*,*,*,*
533733803,0,,,22,10,12,5,1,4,17,9,8,10,5,5,16,9,7,16,9,7,7,4,3,5,3,2,2,1,1,0,0,0,0,0,0,8,8,1,4,1,1,0,1,0,7,6,1,1,5,0,1,2
533733804,0,,,14,6,8,1,0,1,13,6,7,4,1,3,13,6,7,13,6,7,9,5,4,4,2,2,2,1,1,0,0,0,0,0,0,6,6,2,1,2,1,0,0,0,4,2,2,0,5,0,1,1
533733811,2,533733813,,6,2,4,*,*,*,*,*,*,*,*,*,*,*,*,*,*,*,*,*,*,*,*,*,*,*,*,*,*,*,*,*,*,1,1,*,*,*,*,*,*,*,*,*,*,*,*,*,*,*
533733813,1,,533733811;533733814;533733902,18,9,9,2,1,1,28,13,15,12,5,7,28,13,15,28,13,15,16,8,8,13,7,6,4,2,2,0,0,0,0,0,0,6,6,1,3,0,3,1,1,0,8,3,5,2,9,0,1,3
533733814,2,533733813,,4,2,2,*,*,*,*,*,*,*,*,*,*,*,*,*,*,*,*,*,*,*,*,*,*,*,*,*,*,*,*,*,*,1,1,*,*,*,*,*,*,*,*,*,*,*,*,*,*,*
533733834,0,,,81,35,46,9,4,5,72,31,41,46,19,27,70,29,41,69,28,41,26,12,14,14,6,8,5,1,4,1,0,1,1,0,1,25,25,3,6,5,6,3,2,0,22,11,11,1,19,0,3,1
533733841,0,,,169,82,87,23,13,10,146,69,77,88,45,43,144,67,77,141,65,76,58,24,34,27,10,17,7,2,5,1,0,1,0,0,0,63,63,15,20,9,13,3,1,2,47,31,16,5,39,5,5,9
533733842,0,,,170,82,88,18,11,7,152,71,81,100,49,51,145,67,78,140,66,74,52,22,30,25,9,16,9,2,7,0,0,0,3,2,1,48,48,6,12,8,6,7,6,3,42,21,21,3,33,0,4,5
533733843,0,,,239,116,123,42,24,18,197,92,105,110,57,53,194,89,105,190,88,102,87,35,52,46,13,33,22,7,15,1,0,1,0,0,0,77,77,12,26,13,7,11,4,4,64,42,22,15,56,0,10,18
533733844,0,,,127,58,69,11,3,8,116,55,61,70,32,38,109,54,55,107,53,54,46,23,23,26,15,11,7,4,3,0,0,0,0,0,0,39,39,4,11,10,6,3,3,2,35,24,11,1,29,0,4,9
533733851,1,,533733852,179,94,85,28,15,13,157,82,75,98,56,42,151,79,72,150,79,71,59,26,33,29,10,19,13,4,9,0,0,0,0,0,0,55,55,10,13,12,8,4,6,3,46,28,18,5,42,0,10,5
533733852,2,533733851,,6,3,3,*,*,*,*,*,*,*,*,*,*,*,*,*,*,*,*,*,*,*,*,*,*,*,*,*,*,*,*,*,*,1,1,*,*,*,*,*,*,*,*,*,*,*,*,*,*,*
533733853,0,,,62,32,30,6,3,3,56,29,27,40,22,18,54,28,26,53,27,26,16,7,9,7,4,3,2,1,1,0,0,0,0,0,0,16,16,1,3,3,3,3,2,1,15,7,8,0,10,0,1,2
533733871,2,533733872,,12,5,7,*,*,*,*,*,*,*,*,*,*,*,*,*,*,*,*,*,*,*,*,*,*,*,*,*,*,*,*,*,*,2,2,*,*,*,*,*,*,*,*,*,*,*,*,*,*,*
533733872,1,,533733871;533733873,13,8,5,5,2,3,27,15,12,12,7,5,27,15,12,27,15,12,15,8,7,9,5,4,2,2,0,0,0,0,0,0,0,5,5,0,5,2,1,0,2,0,10,7,3,2,8,0,0,3
533733873,2,533733872,,7,4,3,*,*,*,*,*,*,*,*,*,*,*,*,*,*,*,*,*,*,*,*,*,*,*,*,*,*,*,*,*,*,3,3,*,*,*,*,*,*,*,*,*,*,*,*,*,*,*
533733902,2,533733813,,2,1,1,*,*,*,*,*,*,*,*,*,*,*,*,*,*,*,*,*,*,*,*,*,*,*,*,*,*,*,*,*,*,1,1,*,*,*,*,*,*,*,*,*,*,*,*,*,*,*
533733931,2,533733932,,1,0,1,*,*,*,*,*,*,*,*,*,*,*,*,*,*,*,*,*,*,*,*,*,*,*,*,*,*,*,*,*,*,1,1,*,*,*,*,*,*,*,*,*,*,*,*,*,*,*
533733932,1,,533733931,268,136,132,30,11,19,238,124,114,144,80,64,234,120,114,230,118,112,94,44,50,49,19,30,22,10,12,0,0,0,2,1,1,90,90,21,23,18,11,9,6,3,70,43,27,6,58,5,5,16
533733933,0,,,140,70,70,21,11,10,119,59,60,59,31,28,116,57,59,115,56,59,60,28,32,31,14,17,11,5,6,0,0,0,0,0,0,47,47,9,9,16,6,3,2,2,38,25,13,4,37,1,7,7
533733934,0,,,199,92,107,10,5,5,189,87,102,102,51,51,182,84,98,179,83,96,87,36,51,47,16,31,19,5,14,2,0,2,0,0,0,71,71,17,20,10,16,3,3,2,54,29,25,2,59,0,15,9
533733941,0,,,114,56,58,10,6,4,104,50,54,59,29,30,102,49,53,99,47,52,45,21,24,21,8,13,7,4,3,0,0,0,1,0,1,38,38,7,11,9,5,2,1,3,31,17,14,2,28,0,3,5
533733942,0,,,47,21,26,4,3,1,43,18,25,26,12,14,41,18,23,40,18,22,17,6,11,11,4,7,1,1,0,0,0,0,1,0,1,16,16,2,6,3,3,0,2,0,14,7,7,1,13,0,2,1
533733943,0,,,176,46,130,4,1,3,172,45,127,34,17,17,172,45,127,171,44,127,138,28,110,121,18,103,100,11,89,20,1,19,0,0,0,23,21,4,6,4,5,1,0,1,17,9,8,1,16,0,3,4
533734001,0,,,45,24,21,4,2,2,41,22,19,25,14,11,41,22,19,40,21,19,16,8,8,8,5,3,3,2,1,0,0,0,1,0,1,20,20,8,5,2,4,1,0,0,12,9,3,1,12,0,6,1
533734002,2,533734004,,9,3,6,*,*,*,*,*,*,*,*,*,*,*,*,*,*,*,*,*,*,*,*,*,*,*,*,*,*,*,*,*,*,3,3,*,*,*,*,*,*,*,*,*,*,*,*,*,*,*
533734004,1,,533734002,22,15,7,5,2,3,26,16,10,14,8,6,25,15,10,25,15,10,12,8,4,5,3,2,2,2,0,1,1,0,0,0,0,9,9,3,4,1,3,1,0,0,9,7,2,1,8,0,2,2
533734011,0,,,141,76,65,17,9,8,123,66,57,77,42,35,122,66,56,120,64,56,46,24,22,34,16,18,8,4,4,0,0,0,3,0,3,44,44,7,10,13,7,1,1,5,37,20,17,2,29,0,3,5
533734012,0,,,132,59,73,16,6,10,116,53,63,66,32,34,108,49,59,105,48,57,50,21,29,31,14,17,16,4,12,0,0,0,0,0,0,47,47,10,17,6,7,2,3,2,36,27,9,3,32,0,7,10
533734013,0,,,69,36,33,4,3,1,65,33,32,32,15,17,65,33,32,65,33,32,33,18,15,17,8,9,7,3,4,0,0,0,0,0,0,24,24,6,6,5,4,1,1,1,18,12,6,1,18,0,3,5
533734014,0,,,24,11,13,0,0,0,24,11,13,21,10,11,20,9,11,19,8,11,3,1,2,1,0,1,0,0,0,0,0,0,1,1,0,11,11,2,6,2,1,0,0,0,9,7,2,0,2,0,0,1
533734021,1,,533734022,59,31,28,6,4,2,61,30,31,31,17,14,60,30,30,59,30,29,30,13,17,15,5,10,6,1,5,2,0,2,1,0,1,22,22,6,11,4,3,3,0,0,20,18,2,1,20,0,5,6
533734022,2,533734021,,8,3,5,*,*,*,*,*,*,*,*,*,*,*,*,*,*,*,*,*,*,*,*,*,*,*,*,*,*,*,*,*,*,5,5,*,*,*,*,*,*,*,*,*,*,*,*,*,*,*
533734031,1,,533734033,48,23,25,12,4,8,46,22,24,25,13,12,44,21,23,43,20,23,21,9,12,13,5,8,3,1,2,0,0,0,0,0,0,17,17,3,10,1,1,3,1,1,17,14,3,1,13,0,3,4
533734033,2,533734031,,10,3,7,*,*,*,*,*,*,*,*,*,*,*,*,*,*,*,*,*,*,*,*,*,*,*,*,*,*,*,*,*,*,3,3,*,*,*,*,*,*,*,*,*,*,*,*,*,*,*
533734034,0,,,124,60,64,5,3,2,119,57,62,58,29,29,118,56,62,118,56,62,61,28,33,30,12,18,11,2,9,2,0,2,1,0,1,52,52,11,21,12,6,1,1,0,41,33,8,1,38,0,5,11
533734041,2,533734043,,3,2,1,*,*,*,*,*,*,*,*,*,*,*,*,*,*,*,*,*,*,*,*,*,*,*,*,*,*,*,*,*,*,1,1,*,*,*,*,*,*,*,*,*,*,*,*,*,*,*
533734042,1,,533734051,16,8,8,3,2,1,15,7,8,8,4,4,15,7,8,15,7,8,7,3,4,3,1,2,3,1,2,0,0,0,0,0,0,6,6,1,3,2,0,1,0,0,6,5,1,1,5,0,1,1
533734043,1,,533734041,142,68,74,23,14,9,122,56,66,64,33,31,118,53,65,117,53,64,58,23,35,34,13,21,15,4,11,1,0,1,0,0,0,57,57,13,21,13,6,3,2,0,45,38,7,1,40,0,12,12
533734044,0,,,165,64,101,22,12,10,143,52,91,59,33,26,140,51,89,138,51,87,84,19,65,75,12,63,60,8,52,16,0,16,1,1,0,40,39,13,8,7,4,4,3,0,25,22,3,5,17,0,8,3
533734051,2,533734042,,2,1,1,*,*,*,*,*,*,*,*,*,*,*,*,*,*,*,*,*,*,*,*,*,*,*,*,*,*,*,*,*,*,1,1,*,*,*,*,*,*,*,*,*,*,*,*,*,*,*
533734071,2,533734074,,6,4,2,*,*,*,*,*,*,*,*,*,*,*,*,*,*,*,*,*,*,*,*,*,*,*,*,*,*,*,*,*,*,3,3,*,*,*,*,*,*,*,*,*,*,*,*,*,*,*
533734072,0,,,27,12,15,0,0,0,27,12,15,6,5,1,27,12,15,27,12,15,21,7,14,11,5,6,8,4,4,2,2,0,0,0,0,14,14,5,6,2,1,0,0,0,9,5,4,0,13,0,5,4
533734074,1,,533734071,134,70,64,25,18,7,115,56,59,64,34,30,109,53,56,104,50,54,51,22,29,31,13,18,12,5,7,1,0,1,2,0,2,51,49,13,18,9,4,7,1,0,39,31,8,3,34,0,11,12
533734083,0,,,69,31,38,4,1,3,65,30,35,25,15,10,61,30,31,61,30,31,40,15,25,26,9,17,15,5,10,5,2,3,1,0,1,22,21,6,4,7,1,2,1,0,15,10,5,1,15,0,2,3
533734102,1,,533734111,18,7,11,0,0,0,22,9,13,16,7,9,21,9,12,20,9,11,6,2,4,4,1,3,2,0,2,0,0,0,0,0,0,7,7,2,2,0,4,0,0,0,6,4,2,0,6,0,2,0
533734103,2,533734104,,5,4,1,*,*,*,*,*,*,*,*,*,*,*,*,*,*,*,*,*,*,*,*,*,*,*,*,*,*,*,*,*,*,1,1,*,*,*,*,*,*,*,*,*,*,*,*,*,*,*
533734104,1,,533734103,17,6,11,2,0,2,20,10,10,11,6,5,20,10,10,20,10,10,9,4,5,7,3,4,3,2,1,0,0,0,0,0,0,5,5,0,3,0,1,1,0,1,6,4,2,1,5,0,0,2
533734111,2,533734102,,4,2,2,*,*,*,*,*,*,*,*,*,*,*,*,*,*,*,*,*,*,*,*,*,*,*,*,*,*,*,*,*,*,1,1,*,*,*,*,*,*,*,*,*,*,*,*,*,*,*
533734124,0,,,12,5,7,1,0,1,11,5,6,7,4,3,11,5,6,11,5,6,4,1,3,1,0,1,0,0,0,0,0,0,0,0,0,4,4,1,0,2,0,1,0,0,3,1,2,1,3,0,0,0
533734131,2,533734132,,4,3,1,*,*,*,*,*,*,*,*,*,*,*,*,*,*,*,*,*,*,*,*,*,*,*,*,*,*,*,*,*,*,3,3,*,*,*,*,*,*,*,*,*,*,*,*,*,*,*
533734132,1,,533734131,48,21,27,6,2,4,46,22,24,28,14,14,45,21,24,43,21,22,18,8,10,9,4,5,5,2,3,0,0,0,0,0,0,17,17,2,10,3,4,1,0,0,18,16,2,1,11,0,1,7
533734133,0,,,29,16,13,3,2,1,26,14,12,13,7,6,26,14,12,26,14,12,13,7,6,7,3,4,2,1,1,0,0,0,0,0,0,11,11,2,4,4,0,0,0,1,9,7,2,0,8,0,1,4
533734134,0,,,10,6,4,0,0,0,10,6,4,5,4,1,10,6,4,10,6,4,5,2,3,1,0,1,0,0,0,0,0,0,0,0,0,4,4,0,2,2,0,0,0,0,4,4,0,0,4,0,0,1
533734141,1,,533734142,85,42,43,20,15,5,67,28,39,40,16,24,62,27,35,62,27,35,27,12,15,15,6,9,2,1,1,0,0,0,0,0,0,30,30,8,10,3,3,5,1,1,23,17,6,6,16,0,3,6
533734142,2,533734141,,2,1,1,*,*,*,*,*,*,*,*,*,*,*,*,*,*,*,*,*,*,*,*,*,*,*,*,*,*,*,*,*,*,1,1,*,*,*,*,*,*,*,*,*,*,*,*,*,*,*
533734143,0,,,38,17,21,1,1,0,37,16,21,16,7,9,36,16,20,36,16,20,21,9,12,10,4,6,5,2,3,1,1,0,0,0,0,16,16,2,8,4,2,0,0,0,14,11,3,0,12,0,2,5
533734172,0,,,21,11,10,1,0,1,20,11,9,10,5,5,20,11,9,20,11,9,10,6,4,6,4,2,2,2,0,0,0,0,0,0,0,9,9,4,1,2,1,1,0,0,5,4,1,1,7,0,4,1
533734181,0,,,145,70,75,19,7,12,126,63,63,86,45,41,119,59,60,117,58,59,40,18,22,12,4,8,6,1,5,1,0,1,3,1,2,51,51,8,19,8,10,2,3,1,42,36,6,3,23,3,2,9
533734182,0,,,19,7,12,3,1,2,16,6,10,10,4,6,16,6,10,16,6,10,6,2,4,3,2,1,0,0,0,0,0,0,2,2,0,8,8,1,5,1,0,1,0,0,7,7,0,0,5,0,0,1
533734183,0,,,38,23,15,3,1,2,32,19,13,20,14,6,32,19,13,32,19,13,12,5,7,9,3,6,2,1,1,1,0,1,0,0,0,18,18,9,3,2,3,1,0,0,9,7,2,0,7,1,1,2
533734184,0,,,176,90,86,20,11,9,154,77,77,72,40,32,149,75,74,148,74,74,82,37,45,44,21,23,12,6,6,1,0,1,2,0,2,81,81,23,37,8,12,0,0,1,58,53,5,4,52,1,13,24
533734201,0,,,39,21,18,5,4,1,34,17,17,21,11,10,34,17,17,34,17,17,13,6,7,5,2,3,3,1,2,0,0,0,0,0,0,15,15,3,6,2,3,0,1,0,11,9,2,1,8,0,1,3
533734203,0,,,62,28,34,6,5,1,56,23,33,36,14,22,52,20,32,49,18,31,20,9,11,12,4,8,4,3,1,0,0,0,2,2,0,24,24,4,9,5,5,1,0,0,20,16,4,1,15,0,4,5
533734221,2,533734222,,3,1,2,*,*,*,*,*,*,*,*,*,*,*,*,*,*,*,*,*,*,*,*,*,*,*,*,*,*,*,*,*,*,2,2,*,*,*,*,*,*,*,*,*,*,*,*,*,*,*
533734222,1,,533734221,22,13,9,1,1,0,24,13,11,7,3,4,23,12,11,22,12,10,17,10,7,5,2,3,0,0,0,0,0,0,2,0,2,11,11,5,5,2,1,0,0,0,8,8,0,0,12,0,4,5
533734223,0,,,10,5,5,0,0,0,10,5,5,4,2,2,10,5,5,10,5,5,6,3,3,5,3,2,1,1,0,0,0,0,0,0,0,5,5,0,5,0,0,0,0,0,5,5,0,0,3,0,0,3
533734224,0,,,9,5,4,0,0,0,9,5,4,2,2,0,9,5,4,9,5,4,7,3,4,5,2,3,4,1,3,0,0,0,0,0,0,6,6,4,1,1,0,0,0,0,2,2,0,0,5,0,3,1
533734231,1,,533734232;533734233,34,14,20,4,1,3,34,16,18,20,9,11,33,16,17,33,16,17,14,7,7,8,3,5,3,2,1,0,0,0,0,0,0,12,12,5,4,3,0,2,1,0,10,6,4,0,13,0,5,2
533734232,2,533734231,,2,2,0,*,*,*,*,*,*,*,*,*,*,*,*,*,*,*,*,*,*,*,*,*,*,*,*,*,*,*,*,*,*,2,2,*,*,*,*,*,*,*,*,*,*,*,*,*,*,*
533734233,2,533734231,,2,1,1,*,*,*,*,*,*,*,*,*,*,*,*,*,*,*,*,*,*,*,*,*,*,*,*,*,*,*,*,*,*,1,1,*,*,*,*,*,*,*,*,*,*,*,*,*,*,*
533734234,1,,533734332,10,5,5,0,0,0,13,8,5,5,3,2,12,8,4,12,8,4,8,5,3,3,1,2,1,0,1,0,0,0,0,0,0,4,4,1,4,0,1,0,0,0,5,4,1,0,5,0,1,2
533734241,0,,,18,7,11,0,0,0,18,7,11,8,3,5,17,7,10,16,6,10,10,4,6,5,3,2,0,0,0,0,0,0,0,0,0,10,10,4,4,2,0,0,0,0,6,6,0,0,6,0,2,3
533734243,0,,,10,5,5,2,1,1,8,4,4,6,3,3,8,4,4,8,4,4,2,1,1,1,1,0,0,0,0,0,0,0,0,0,0,4,4,1,1,1,1,0,0,0,3,3,0,0,1,0,0,1
533734281,0,,,116,59,57,11,6,5,102,51,51,62,31,31,99,48,51,98,48,50,40,20,20,23,11,12,4,2,2,0,0,0,1,1,0,58,58,28,15,6,6,2,1,0,30,26,4,2,27,6,6,11
533734282,0,,,152,83,69,11,8,3,141,75,66,72,41,31,140,74,66,140,74,66,69,34,35,43,21,22,14,6,8,1,1,0,3,1,2,80,79,35,29,8,5,2,0,0,44,37,7,1,45,5,15,17
533734283,0,,,42,17,25,6,2,4,36,15,21,24,11,13,36,15,21,34,14,20,12,4,8,10,3,7,4,1,3,0,0,0,0,0,0,20,20,8,5,4,3,0,0,0,12,11,1,2,8,3,4,2
533734284,0,,,137,70,67,8,4,4,129,66,63,58,34,24,128,65,63,128,65,63,71,32,39,33,14,19,14,5,9,1,0,1,1,1,0,62,62,17,24,16,2,2,1,0,45,38,7,1,44,1,9,16
533734291,0,,,44,19,25,4,2,2,40,17,23,25,11,14,38,16,22,38,16,22,15,6,9,7,3,4,2,1,1,0,0,0,0,0,0,16,16,2,6,3,4,1,0,0,14,11,3,0,10,0,1,5
533734293,0,,,48,28,20,3,2,1,42,24,18,24,13,11,41,24,17,41,24,17,18,11,7,9,4,5,4,1,3,2,1,1,0,0,0,28,28,14,9,4,1,0,0,0,13,11,2,2,11,6,2,4
533734301,0,,,27,17,10,10,7,3,17,10,7,13,7,6,16,9,7,16,9,7,4,3,1,1,1,0,0,0,0,0,0,0,0,0,0,7,7,1,1,1,2,1,0,1,6,5,1,4,3,0,1,1
533734332,2,533734234,,3,3,0,*,*,*,*,*,*,*,*,*,*,*,*,*,*,*,*,*,*,*,*,*,*,*,*,*,*,*,*,*,*,2,2,*,*,*,*,*,*,*,*,*,*,*,*,*,*,*
533734382,1,,533734384,186,95,91,20,13,7,170,85,85,94,52,42,162,81,81,160,80,80,76,33,43,29,7,22,15,1,14,1,0,1,1,0,1,80,80,29,24,18,6,4,0,2,54,47,7,3,57,0,23,13
533734384,2,533734382,,4,3,1,*,*,*,*,*,*,*,*,*,*,*,*,*,*,*,*,*,*,*,*,*,*,*,*,*,*,*,*,*,*,3,3,*,*,*,*,*,*,*,*,*,*,*,*,*,*,*
533734391,1,,533734392,87,37,50,17,5,12,76,34,42,48,23,25,74,33,41,74,33,41,28,11,17,15,4,11,7,2,5,0,0,0,0,0,0,40,40,20,6,6,8,1,1,0,22,15,7,4,19,5,6,4
533734392,2,533734391,,6,2,4,*,*,*,*,*,*,*,*,*,*,*,*,*,*,*,*,*,*,*,*,*,*,*,*,*,*,*,*,*,*,2,2,*,*,*,*,*,*,*,*,*,*,*,*,*,*,*
533734393,0,,,15,7,8,3,1,2,12,6,6,5,3,2,12,6,6,12,6,6,7,3,4,1,0,1,1,0,1,0,0,0,0,0,0,5,5,2,1,0,0,1,1,0,3,1,2,2,4,0,1,1
533734394,0,,,18,6,12,4,0,4,14,6,8,10,4,6,12,6,6,12,6,6,4,2,2,3,1,2,0,0,0,0,0,0,0,0,0,4,4,0,1,0,1,1,0,1,4,2,2,1,3,0,0,1
533734401,0,,,13,8,5,0,0,0,13,8,5,8,3,5,13,8,5,13,8,5,5,5,0,2,2,0,1,1,0,0,0,0,0,0,0,7,7,2,4,1,0,0,0,0,4,3,1,0,5,0,1,1
533734402,0,,,21,9,12,7,3,4,14,6,8,8,4,4,13,6,7,13,6,7,6,2,4,3,1,2,2,1,1,0,0,0,0,0,0,9,9,5,1,0,1,2,0,0,4,4,0,0,5,0,4,1
533734403,0,,,31,17,14,1,1,0,30,16,14,21,11,10,27,13,14,26,13,13,9,5,4,8,4,4,3,2,1,0,0,0,0,0,0,9,9,1,1,2,4,0,1,0,8,4,4,0,5,0,1,1
533734491,2,533734493,,9,4,5,*,*,*,*,*,*,*,*,*,*,*,*,*,*,*,*,*,*,*,*,*,*,*,*,*,*,*,*,*,*,3,3,*,*,*,*,*,*,*,*,*,*,*,*,*,*,*
533734493,1,,533734491,5,3,2,2,1,1,12,6,6,8,3,5,12,6,6,12,6,6,4,3,1,0,0,0,0,0,0,0,0,0,0,0,0,2,2,0,2,2,1,0,0,0,5,5,0,1,3,0,0,1
533734501,0,,,21,11,10,2,1,1,19,10,9,12,7,5,18,9,9,18,9,9,7,3,4,6,2,4,1,0,1,0,0,0,0,0,0,6,6,0,1,3,0,2,0,0,6,4,2,0,5,0,0,1
533734503,0,,,44,18,26,3,0,3,41,18,23,24,13,11,40,17,23,39,16,23,17,5,12,8,1,7,3,0,3,1,0,1,0,0,0,20,20,8,3,7,1,1,0,0,12,8,4,1,14,0,5,3
533734593,2,533734691,,15,6,9,*,*,*,*,*,*,*,*,*,*,*,*,*,*,*,*,*,*,*,*,*,*,*,*,*,*,*,*,*,*,3,3,*,*,*,*,*,*,*,*,*,*,*,*,*,*,*
533734601,2,533734603,,10,4,6,*,*,*,*,*,*,*,*,*,*,*,*,*,*,*,*,*,*,*,*,*,*,*,*,*,*,*,*,*,*,4,4,*,*,*,*,*,*,*,*,*,*,*,*,*,*,*
533734603,1,,533734601;533734604,2,1,1,1,1,0,12,4,8,4,2,2,11,3,8,11,3,8,8,2,6,6,1,5,2,0,2,0,0,0,0,0,0,1,1,2,3,0,0,1,0,0,4,3,1,0,6,0,2,2
533734604,2,533734603,,1,0,1,*,*,*,*,*,*,*,*,*,*,*,*,*,*,*,*,*,*,*,*,*,*,*,*,*,*,*,*,*,*,1,1,*,*,*,*,*,*,*,*,*,*,*,*,*,*,*
533734662,2,533734781,,5,3,2,*,*,*,*,*,*,*,*,*,*,*,*,*,*,*,*,*,*,*,*,*,*,*,*,*,*,*,*,*,*,1,1,*,*,*,*,*,*,*,*,*,*,*,*,*,*,*
533734671,2,533734673,,6,2,4,*,*,*,*,*,*,*,*,*,*,*,*,*,*,*,*,*,*,*,*,*,*,*,*,*,*,*,*,*,*,3,3,*,*,*,*,*,*,*,*,*,*,*,*,*,*,*
533734673,1,,533734671;533734674;533734772,9,5,4,0,0,0,24,12,12,7,5,2,24,12,12,24,12,12,17,7,10,6,2,4,3,1,2,0,0,0,0,0,0,3,3,2,3,4,1,0,0,0,8,6,2,0,9,0,2,3
533734674,2,533734673,,7,4,3,*,*,*,*,*,*,*,*,*,*,*,*,*,*,*,*,*,*,*,*,*,*,*,*,*,*,*,*,*,*,3,3,*,*,*,*,*,*,*,*,*,*,*,*,*,*,*
533734683,2,533734684,,13,5,8,*,*,*,*,*,*,*,*,*,*,*,*,*,*,*,*,*,*,*,*,*,*,*,*,*,*,*,*,*,*,3,3,*,*,*,*,*,*,*,*,*,*,*,*,*,*,*
533734684,1,,533734683,39,21,18,6,1,5,46,25,21,26,16,10,45,24,21,45,24,21,20,9,11,11,4,7,5,0,5,0,0,0,0,0,0,13,13,1,4,6,2,2,0,1,13,5,8,0,13,0,1,1
533734691,1,,533734593;533734693,3,2,1,3,1,2,20,9,11,9,4,5,19,9,10,19,9,10,11,5,6,7,3,4,2,1,1,0,0,0,0,0,0,2,2,1,3,1,0,1,0,1,6,4,2,1,6,0,0,3
533734693,2,533734691,,5,2,3,*,*,*,*,*,*,*,*,*,*,*,*,*,*,*,*,*,*,*,*,*,*,*,*,*,*,*,*,*,*,2,2,*,*,*,*,*,*,*,*,*,*,*,*,*,*,*
533734772,2,533734673,,2,1,1,*,*,*,*,*,*,*,*,*,*,*,*,*,*,*,*,*,*,*,*,*,*,*,*,*,*,*,*,*,*,1,1,*,*,*,*,*,*,*,*,*,*,*,*,*,*,*
533734781,1,,533734662;533734782,49,22,27,9,3,6,51,25,26,28,12,16,51,25,26,50,25,25,23,13,10,11,5,6,3,1,2,1,0,1,2,1,1,19,19,7,6,3,3,4,0,0,16,12,4,2,18,0,6,3
533734782,2,533734781,,6,3,3,*,*,*,*,*,*,*,*,*,*,*,*,*,*,*,*,*,*,*,*,*,*,*,*,*,*,*,*,*,*,3,3,*,*,*,*,*,*,*,*,*,*,*,*,*,*,*
533734783,1,,533734784,66,34,32,9,6,3,66,34,32,33,18,15,62,31,31,62,31,31,33,16,17,18,7,11,7,1,6,1,0,1,0,0,0,22,22,6,4,5,6,0,1,2,18,11,7,3,21,0,6,3
533734784,2,533734783,,9,6,3,*,*,*,*,*,*,*,*,*,*,*,*,*,*,*,*,*,*,*,*,*,*,*,*,*,*,*,*,*,*,2,2,*,*,*,*,*,*,*,*,*,*,*,*,*,*,*
533734791,0,,,13,7,6,0,0,0,13,7,6,7,4,3,13,7,6,13,7,6,6,3,3,5,3,2,1,1,0,1,1,0,0,0,0,6,6,3,1,1,0,1,0,0,3,2,1,0,4,0,2,0
533734793,1,,533734794,32,14,18,6,1,5,31,15,16,17,8,9,30,15,15,30,15,15,14,7,7,6,2,4,1,0,1,1,0,1,1,1,0,11,11,1,8,1,0,2,0,1,12,9,3,0,9,0,1,4
533734794,2,533734793,,5,2,3,*,*,*,*,*,*,*,*,*,*,*,*,*,*,*,*,*,*,*,*,*,*,*,*,*,*,*,*,*,*,2,2,*,*,*,*,*,*,*,*,*,*,*,*,*,*,*
533734881,1,,533734884,24,13,11,4,2,2,22,12,10,14,9,5,21,12,9,21,12,9,8,3,5,6,2,4,3,2,1,0,0,0,0,0,0,10,10,4,3,1,2,1,0,0,7,5,2,1,6,2,2,1
533734884,2,533734881,,2,1,1,*,*,*,*,*,*,*,*,*,*,*,*,*,*,*,*,*,*,*,*,*,*,*,*,*,*,*,*,*,*,1,1,*,*,*,*,*,*,*,*,*,*,*,*,*,*,*
533734892,0,,,15,6,9,5,2,3,10,4,6,7,3,4,10,4,6,10,4,6,3,1,2,2,0,2,2,0,2,0,0,0,0,0,0,5,5,1,1,1,1,1,0,0,4,3,1,2,2,0,1,0
533734994,0,,,65,32,33,3,1,2,62,31,31,26,13,13,60,30,30,60,30,30,36,18,18,20,12,8,8,4,4,0,0,0,0,0,0,23,23,0,12,7,1,2,1,0,21,14,7,2,19,0,0,10
533735401,2,533735403,,6,3,3,*,*,*,*,*,*,*,*,*,*,*,*,*,*,*,*,*,*,*,*,*,*,*,*,*,*,*,*,*,*,2,2,*,*,*,*,*,*,*,*,*,*,*,*,*,*,*
533735403,1,,533735401,3,1,2,0,0,0,9,4,5,4,2,2,9,4,5,9,4,5,5,2,3,1,0,1,0,0,0,0,0,0,0,0,0,2,2,1,2,0,1,0,0,0,3,2,1,0,4,0,1,2
533735404,0,,,22,8,14,4,1,3,18,7,11,9,2,7,17,7,10,17,7,10,9,5,4,1,1,0,0,0,0,0,0,0,0,0,0,6,6,0,2,1,2,0,0,1,6,3,3,1,6,0,0,1
533735501,1,,533735502,18,9,9,0,0,0,23,11,12,17,9,8,23,11,12,23,11,12,6,2,4,5,2,3,3,1,2,0,0,0,0,0,0,7,7,2,2,3,2,0,0,0,7,6,1,0,5,0,1,0
533735502,2,533735501,,5,2,3,*,*,*,*,*,*,*,*,*,*,*,*,*,*,*,*,*,*,*,*,*,*,*,*,*,*,*,*,*,*,2,2,*,*,*,*,*,*,*,*,*,*,*,*,*,*,*
533735513,0,,,18,10,8,0,0,0,18,10,8,6,4,2,18,10,8,18,10,8,12,6,6,6,2,4,3,1,2,0,0,0,0,0,0,8,8,2,2,4,0,0,0,0,6,4,2,0,7,0,2,1
533735611,0,,,15,9,6,1,1,0,14,8,6,7,4,3,14,8,6,14,8,6,7,4,3,7,4,3,4,3,1,0,0,0,0,0,0,8,8,5,1,0,2,0,0,0,3,1,2,0,6,0,3,1
533735612,1,,533735614,20,8,12,2,0,2,26,11,15,15,8,7,26,11,15,26,11,15,11,3,8,9,3,6,5,1,4,1,0,1,0,0,0,7,7,1,2,4,0,1,1,0,8,4,4,0,8,0,1,0
533735614,2,533735612,,8,3,5,*,*,*,*,*,*,*,*,*,*,*,*,*,*,*,*,*,*,*,*,*,*,*,*,*,*,*,*,*,*,2,2,*,*,*,*,*,*,*,*,*,*,*,*,*,*,*
533735623,2,533735721,,8,3,5,*,*,*,*,*,*,*,*,*,*,*,*,*,*,*,*,*,*,*,*,*,*,*,*,*,*,*,*,*,*,5,5,*,*,*,*,*,*,*,*,*,*,*,*,*,*,*
533735721,1,,533735623,18,11,7,1,1,0,25,13,12,15,8,7,24,12,12,23,11,12,10,5,5,5,1,4,2,0,2,0,0,0,0,0,0,6,6,4,3,1,2,1,0,0,7,5,2,0,8,1,3,2
533735723,2,533735724,,5,4,1,*,*,*,*,*,*,*,*,*,*,*,*,*,*,*,*,*,*,*,*,*,*,*,*,*,*,*,*,*,*,1,1,*,*,*,*,*,*,*,*,*,*,*,*,*,*,*
533735724,1,,533735723;533735733,16,7,9,1,1,0,24,12,12,16,8,8,22,11,11,21,10,11,8,4,4,5,3,2,1,0,1,1,0,1,0,0,0,5,5,0,1,3,1,2,0,0,7,4,3,0,4,0,0,1
533735733,2,533735724,,4,2,2,*,*,*,*,*,*,*,*,*,*,*,*,*,*,*,*,*,*,*,*,*,*,*,*,*,*,*,*,*,*,1,1,*,*,*,*,*,*,*,*,*,*,*,*,*,*,*
533735903,0,,,33,15,18,0,0,0,33,15,18,16,9,7,31,13,18,30,13,17,17,6,11,10,3,7,6,1,5,2,0,2,0,0,0,15,15,6,4,3,1,0,1,0,9,5,4,0,10,0,3,2
533736091,1,,533736092,26,13,13,3,1,2,30,15,15,12,7,5,30,15,15,30,15,15,18,8,10,9,4,5,4,1,3,0,0,0,0,0,0,8,8,1,5,2,0,2,1,0,10,7,3,1,11,0,1,3
533736092,2,533736091,,7,3,4,*,*,*,*,*,*,*,*,*,*,*,*,*,*,*,*,*,*,*,*,*,*,*,*,*,*,*,*,*,*,3,3,*,*,*,*,*,*,*,*,*,*,*,*,*,*,*
533736192,0,,,21,10,11,3,1,2,18,9,9,10,4,6,17,9,8,16,9,7,8,5,3,1,0,1,1,0,1,0,0,0,0,0,0,7,7,2,2,1,0,1,0,1,5,2,3,1,5,0,1,0
533736194,0,,,27,13,14,5,2,3,22,11,11,11,5,6,22,11,11,22,11,11,11,6,5,1,1,0,0,0,0,0,0,0,0,0,0,8,8,2,2,0,1,2,0,1,6,3,3,1,6,0,1,2
533736294,0,,,10,6,4,1,1,0,9,5,4,4,3,1,9,5,4,9,5,4,5,2,3,2,1,1,0,0,0,0,0,0,0,0,0,4,4,1,1,1,1,0,0,0,3,2,1,0,3,0,1,1
533736392,0,,,20,9,11,4,1,3,16,8,8,6,3,3,16,8,8,16,8,8,10,5,5,0,0,0,0,0,0,0,0,0,0,0,0,6,6,0,4,0,0,1,0,1,6,4,2,1,5,0,0,3
533737001,2,533737002,,1,1,0,*,*,*,*,*,*,*,*,*,*,*,*,*,*,*,*,*,*,*,*,*,*,*,*,*,*,*,*,*,*,1,1,*,*,*,*,*,*,*,*,*,*,*,*,*,*,*
533737002,1,,533737001,112,54,58,7,3,4,106,52,54,60,32,28,101,50,51,100,49,51,46,20,26,22,7,15,12,3,9,1,0,1,0,0,0,45,45,12,18,4,9,1,2,0,34,29,5,2,30,2,7,8
533737003,2,533737004,,3,2,1,*,*,*,*,*,*,*,*,*,*,*,*,*,*,*,*,*,*,*,*,*,*,*,*,*,*,*,*,*,*,2,2,*,*,*,*,*,*,*,*,*,*,*,*,*,*,*
533737004,1,,533737003,108,53,55,24,7,17,87,48,39,72,42,30,79,41,38,76,39,37,15,6,9,6,3,3,4,1,3,0,0,0,0,0,0,32,32,3,10,4,10,6,1,0,31,26,5,4,10,0,1,3
533737011,0,,,42,22,20,3,3,0,39,19,20,23,11,12,34,17,17,32,16,16,16,8,8,6,3,3,0,0,0,0,0,0,0,0,0,13,13,1,6,1,2,2,0,1,12,9,3,2,10,0,1,5
533737012,0,,,189,93,96,25,13,12,164,80,84,106,53,53,160,78,82,154,74,80,58,27,31,32,16,16,10,3,7,1,0,1,2,2,0,64,64,11,15,17,11,7,3,0,53,39,14,8,37,1,6,5
533737013,0,,,13,8,5,1,1,0,12,7,5,10,6,4,12,7,5,11,7,4,2,1,1,0,0,0,0,0,0,0,0,0,4,4,0,7,7,4,1,1,1,0,0,0,3,3,0,0,1,4,0,1
533737014,0,,,99,48,51,25,12,13,74,36,38,60,29,31,74,36,38,73,35,38,14,7,7,8,4,4,3,1,2,0,0,0,1,0,1,36,36,5,11,12,4,4,0,0,28,25,3,12,8,1,0,4
533737021,0,,,150,72,78,22,11,11,128,61,67,92,43,49,118,58,60,117,57,60,36,18,18,15,8,7,4,2,2,1,1,0,3,1,2,47,47,6,14,9,8,6,1,3,40,28,12,6,24,0,3,5
533737022,0,,,306,148,158,32,18,14,274,130,144,185,88,97,269,128,141,263,128,135,89,42,47,50,22,28,17,7,10,1,0,1,0,0,0,107,107,18,39,16,18,8,7,1,89,69,20,5,57,0,5,17
533737023,0,,,158,81,77,31,21,10,127,60,67,80,39,41,124,58,66,123,57,66,47,21,26,26,12,14,7,4,3,1,0,1,0,0,0,44,44,1,14,8,11,5,2,3,43,31,12,8,25,0,0,7
533737024,0,,,263,137,126,44,23,21,219,114,105,153,79,74,210,108,102,204,106,98,66,35,31,33,20,13,8,6,2,0,0,0,2,2,0,94,94,17,27,22,17,8,3,0,75,69,6,8,41,3,8,16
533737031,1,,533737032,29,18,11,2,1,1,29,19,10,18,12,6,26,17,9,26,17,9,11,7,4,8,5,3,0,0,0,0,0,0,2,2,0,9,9,3,2,2,3,0,1,0,8,7,1,0,7,2,1,2
533737032,2,533737031,,2,2,0,*,*,*,*,*,*,*,*,*,*,*,*,*,*,*,*,*,*,*,*,*,*,*,*,*,*,*,*,*,*,2,2,*,*,*,*,*,*,*,*,*,*,*,*,*,*,*
533737033,1,,533737034,71,35,36,8,5,3,69,32,37,37,17,20,68,32,36,68,32,36,32,15,17,16,8,8,7,2,5,0,0,0,0,0,0,22,22,1,8,8,3,2,1,1,22,17,5,3,18,0,0,5
533737034,2,533737033,,6,2,4,*,*,*,*,*,*,*,*,*,*,*,*,*,*,*,*,*,*,*,*,*,*,*,*,*,*,*,*,*,*,2,2,*,*,*,*,*,*,*,*,*,*,*,*,*,*,*
533737041,0,,,86,45,41,4,1,3,82,44,38,55,32,23,81,44,37,79,42,37,27,12,15,20,8,12,6,2,4,1,0,1,17,12,5,39,39,18,7,8,2,2,2,0,21,13,8,1,18,15,3,3
533737043,0,,,104,52,52,6,2,4,98,50,48,56,31,25,93,47,46,91,46,45,42,19,23,22,10,12,8,2,6,4,0,4,0,0,0,35,35,7,6,12,5,3,0,2,28,18,10,2,26,0,5,1
533737051,2,533737054,,5,3,2,*,*,*,*,*,*,*,*,*,*,*,*,*,*,*,*,*,*,*,*,*,*,*,*,*,*,*,*,*,*,2,2,*,*,*,*,*,*,*,*,*,*,*,*,*,*,*
533737052,2,533737054,,6,2,4,*,*,*,*,*,*,*,*,*,*,*,*,*,*,*,*,*,*,*,*,*,*,*,*,*,*,*,*,*,*,2,2,*,*,*,*,*,*,*,*,*,*,*,*,*,*,*
533737053,2,533737054,,2,1,1,*,*,*,*,*,*,*,*,*,*,*,*,*,*,*,*,*,*,*,*,*,*,*,*,*,*,*,*,*,*,1,1,*,*,*,*,*,*,*,*,*,*,*,*,*,*,*
533737054,1,,533737051;533737052;533737053,16,9,7,1,0,1,28,15,13,16,9,7,28,15,13,28,15,13,12,6,6,5,2,3,1,0,1,0,0,0,0,0,0,6,6,1,5,2,3,0,0,0,10,9,1,1,8,0,0,2
533737061,1,,533737062,15,9,6,0,0,0,20,12,8,8,7,1,20,12,8,20,12,8,12,5,7,5,2,3,0,0,0,0,0,0,0,0,0,9,9,4,5,2,0,0,0,0,7,6,1,0,8,0,2,3
533737062,2,533737061,,5,3,2,*,*,*,*,*,*,*,*,*,*,*,*,*,*,*,*,*,*,*,*,*,*,*,*,*,*,*,*,*,*,2,2,*,*,*,*,*,*,*,*,*,*,*,*,*,*,*
533737063,0,,,19,9,10,0,0,0,19,9,10,7,4,3,19,9,10,19,9,10,12,5,7,12,5,7,0,0,0,0,0,0,0,0,0,8,8,3,2,1,1,1,0,0,5,3,2,0,8,0,3,2
533737064,0,,,22,10,12,3,2,1,19,8,11,11,4,7,17,8,9,16,7,9,8,4,4,6,3,3,1,1,0,0,0,0,0,0,0,5,5,0,2,1,0,0,0,2,5,3,2,0,4,0,0,2
533737071,0,,,20,10,10,0,0,0,20,10,10,9,4,5,20,10,10,20,10,10,11,6,5,4,2,2,1,0,1,0,0,0,0,0,0,8,8,2,3,0,3,0,0,0,6,5,1,0,7,0,2,2
533737072,1,,533737074,12,5,7,1,0,1,19,8,11,8,4,4,19,8,11,19,8,11,11,4,7,7,3,4,0,0,0,0,0,0,0,0,0,6,6,2,4,2,1,0,0,0,7,6,1,1,7,0,2,4
533737073,0,,,12,6,6,3,1,2,9,5,4,7,4,3,9,5,4,8,4,4,2,1,1,0,0,0,0,0,0,0,0,0,0,0,0,4,4,1,2,0,0,0,0,1,3,2,1,1,1,0,0,0
533737074,2,533737072,,8,3,5,*,*,*,*,*,*,*,*,*,*,*,*,*,*,*,*,*,*,*,*,*,*,*,*,*,*,*,*,*,*,3,3,*,*,*,*,*,*,*,*,*,*,*,*,*,*,*
533737081,2,533737083,,4,2,2,*,*,*,*,*,*,*,*,*,*,*,*,*,*,*,*,*,*,*,*,*,*,*,*,*,*,*,*,*,*,1,1,*,*,*,*,*,*,*,*,*,*,*,*,*,*,*
533737082,2,533737083,,10,5,5,*,*,*,*,*,*,*,*,*,*,*,*,*,*,*,*,*,*,*,*,*,*,*,*,*,*,*,*,*,*,5,5,*,*,*,*,*,*,*,*,*,*,*,*,*,*,*
533737083,1,,533737081;533737082;533737084;533737091,10,4,6,5,4,1,46,20,26,19,10,9,45,20,25,45,20,25,27,10,17,20,8,12,8,3,5,1,0,1,1,1,0,5,5,9,8,0,3,1,0,1,13,9,4,1,20,0,7,5
533737084,2,533737083,,23,11,12,*,*,*,*,*,*,*,*,*,*,*,*,*,*,*,*,*,*,*,*,*,*,*,*,*,*,*,*,*,*,9,9,*,*,*,*,*,*,*,*,*,*,*,*,*,*,*
533737091,2,533737083,,4,2,2,*,*,*,*,*,*,*,*,*,*,*,*,*,*,*,*,*,*,*,*,*,*,*,*,*,*,*,*,*,*,2,2,*,*,*,*,*,*,*,*,*,*,*,*,*,*,*
533737101,0,,,46,23,23,10,5,5,36,18,18,22,11,11,35,17,18,35,17,18,14,7,7,6,3,3,3,1,2,0,0,0,2,1,1,14,14,3,4,2,1,1,1,2,11,7,4,3,8,1,0,2
533737102,0,,,31,16,15,3,2,1,28,14,14,15,8,7,27,13,14,26,13,13,13,6,7,6,3,3,1,1,0,0,0,0,3,3,0,10,10,3,2,1,1,1,2,0,7,4,3,1,7,3,0,2
533737103,0,,,32,16,16,6,3,3,26,13,13,18,9,9,26,13,13,26,13,13,8,4,4,6,3,3,2,1,1,0,0,0,0,0,0,9,9,2,1,1,3,1,0,1,7,2,5,2,6,0,0,0
533737104,0,,,49,25,24,9,6,3,40,19,21,21,10,11,40,19,21,39,19,20,19,9,10,9,3,6,5,2,3,1,0,1,0,0,0,14,14,1,4,5,1,0,1,2,13,5,8,3,11,0,0,2
533737111,0,,,43,21,22,8,4,4,35,17,18,23,12,11,33,16,17,32,15,17,12,5,7,8,4,4,1,1,0,0,0,0,1,0,1,10,10,0,2,1,4,0,2,1,10,3,7,2,8,0,0,1
533737112,0,,,32,15,17,2,1,1,30,14,16,20,10,10,28,13,15,28,13,15,10,4,6,7,3,4,0,0,0,0,0,0,0,0,0,9,9,0,3,0,4,2,0,0,8,5,3,0,6,0,0,2
533737113,0,,,45,26,19,7,4,3,38,22,16,20,13,7,37,21,16,36,21,15,18,9,9,10,6,4,2,2,0,0,0,0,0,0,0,12,12,1,4,1,2,1,2,1,11,5,6,2,10,0,1,2
533737114,0,,,93,44,49,5,4,1,88,40,48,44,19,25,83,39,44,83,39,44,44,21,23,22,11,11,7,3,4,3,1,2,0,0,0,26,26,0,8,6,6,2,3,1,26,14,12,1,22,0,0,7
533737121,0,,,272,132,140,47,24,23,225,108,117,157,81,76,212,102,110,209,100,109,68,27,41,33,9,24,17,4,13,2,1,1,1,0,1,102,102,21,33,23,13,9,2,1,79,66,13,11,45,1,10,9
533737122,0,,,310,160,150,60,32,28,250,128,122,177,90,87,235,121,114,228,118,110,73,38,35,36,17,19,15,7,8,2,0,2,1,1,0,109,109,23,24,33,16,5,6,2,85,68,17,12,48,0,11,11
533737123,0,,,194,98,96,29,15,14,165,83,82,99,51,48,162,82,80,158,78,80,66,32,34,44,20,24,9,5,4,1,1,0,0,0,0,67,67,10,25,12,9,6,3,2,57,43,14,7,41,0,6,11
533737124,0,,,491,236,255,68,32,36,423,204,219,248,121,127,400,191,209,393,187,206,175,83,92,104,52,52,50,21,29,7,2,5,5,3,2,170,169,25,66,33,23,13,8,1,144,112,32,20,98,0,16,35
533737131,0,,,510,234,276,57,25,32,453,209,244,276,133,143,436,200,236,422,192,230,177,76,101,110,43,67,38,15,23,3,2,1,6,3,3,210,208,79,51,28,28,14,8,0,128,93,35,17,123,6,45,31
533737132,0,,,172,80,92,19,9,10,153,71,82,77,42,35,153,71,82,151,71,80,76,29,47,40,10,30,15,3,12,2,0,2,0,0,0,59,59,12,17,11,13,2,0,4,47,28,19,6,48,0,8,11
533737133,0,,,805,377,428,105,50,55,700,327,373,425,207,218,674,308,366,667,304,363,275,120,155,157,65,92,59,19,40,3,2,1,9,5,4,293,287,63,100,52,38,23,11,0,224,182,42,27,158,5,30,51
533737134,0,,,323,151,172,43,27,16,280,124,156,160,75,85,268,120,148,259,117,142,120,49,71,74,24,50,33,9,24,4,0,4,3,1,2,117,116,36,28,20,14,9,4,5,78,54,24,7,74,4,17,16
533737141,0,,,13,6,7,3,0,3,10,6,4,6,4,2,10,6,4,10,6,4,4,2,2,2,1,1,0,0,0,0,0,0,0,0,0,5,5,2,1,1,0,0,1,0,3,2,1,2,2,0,0,1
533737143,0,,,213,101,112,37,14,23,176,87,89,116,60,56,171,85,86,170,84,86,60,27,33,32,12,20,10,2,8,0,0,0,3,2,1,70,70,14,15,15,12,10,2,2,56,41,15,10,38,2,9,8
533737151,2,533737153,,4,3,1,*,*,*,*,*,*,*,*,*,*,*,*,*,*,*,*,*,*,*,*,*,*,*,*,*,*,*,*,*,*,2,2,*,*,*,*,*,*,*,*,*,*,*,*,*,*,*
533737152,2,533737153,,3,2,1,*,*,*,*,*,*,*,*,*,*,*,*,*,*,*,*,*,*,*,*,*,*,*,*,*,*,*,*,*,*,1,1,*,*,*,*,*,*,*,*,*,*,*,*,*,*,*
533737153,1,,533737151;533737152,84,42,42,14,7,7,77,40,37,37,19,18,76,39,37,76,39,37,40,21,19,22,12,10,9,5,4,1,0,1,0,0,0,26,26,4,10,5,5,1,1,3,25,15,10,3,25,0,4,4
533737154,0,,,39,18,21,5,3,2,34,15,19,19,10,9,32,14,18,32,14,18,15,5,10,10,3,7,5,2,3,0,0,0,0,0,0,14,14,5,3,1,3,0,1,1,9,5,4,0,12,0,4,1
533737161,2,533737163,,4,2,2,*,*,*,*,*,*,*,*,*,*,*,*,*,*,*,*,*,*,*,*,*,*,*,*,*,*,*,*,*,*,2,2,*,*,*,*,*,*,*,*,*,*,*,*,*,*,*
533737162,2,533737163,,4,0,4,*,*,*,*,*,*,*,*,*,*,*,*,*,*,*,*,*,*,*,*,*,*,*,*,*,*,*,*,*,*,2,2,*,*,*,*,*,*,*,*,*,*,*,*,*,*,*
533737163,1,,533737161;533737162,11,6,5,3,1,2,16,7,9,9,3,6,16,7,9,16,7,9,7,4,3,3,2,1,0,0,0,0,0,0,0,0,0,3,3,0,5,1,0,0,1,0,7,6,1,1,4,0,0,2
533737171,1,,533737172,54,33,21,3,2,1,56,35,21,39,25,14,56,35,21,56,35,21,17,10,7,8,4,4,3,1,2,0,0,0,0,0,0,5,4,3,2,2,0,0,0,1,5,4,1,1,6,0,1,1
533737172,2,533737171,,5,4,1,*,*,*,*,*,*,*,*,*,*,*,*,*,*,*,*,*,*,*,*,*,*,*,*,*,*,*,*,*,*,4,4,*,*,*,*,*,*,*,*,*,*,*,*,*,*,*
533737201,0,,,21,8,13,2,0,2,19,8,11,9,6,3,19,8,11,19,8,11,10,2,8,8,1,7,3,0,3,0,0,0,0,0,0,10,10,2,6,1,1,0,0,0,8,7,1,1,7,0,2,1
533737202,0,,,59,27,32,10,3,7,49,24,25,25,13,12,48,23,25,48,23,25,24,11,13,12,5,7,6,2,4,2,0,2,0,0,0,18,18,0,7,4,4,2,0,1,18,13,5,5,13,0,0,3
533737203,0,,,65,35,30,15,9,6,50,26,24,28,14,14,48,24,24,48,24,24,22,12,10,7,3,4,4,2,2,0,0,0,0,0,0,17,17,3,1,4,3,3,1,2,14,6,8,3,13,0,3,1
533737204,0,,,112,58,54,19,12,7,93,46,47,46,26,20,92,46,46,91,45,46,47,20,27,24,10,14,8,1,7,1,0,1,0,0,0,36,36,5,10,10,5,3,0,3,31,21,10,3,30,0,5,5
533737211,0,,,82,38,44,16,7,9,66,31,35,37,18,19,64,30,34,64,30,34,29,13,16,14,6,8,5,2,3,1,0,1,0,0,0,24,24,2,9,3,3,4,1,2,22,12,10,4,19,0,2,4
533737212,0,,,104,55,49,6,4,2,98,51,47,56,32,24,97,51,46,94,49,45,42,19,23,22,13,9,4,2,2,1,1,0,0,0,0,32,32,2,9,6,12,1,1,1,30,19,11,1,25,0,2,4
533737213,0,,,172,80,92,15,8,7,157,72,85,81,37,44,152,71,81,151,70,81,76,35,41,38,14,24,22,9,13,2,1,1,3,3,0,57,57,8,18,9,14,4,3,1,49,28,21,5,45,2,4,12
533737214,0,,,71,34,37,6,3,3,65,31,34,40,18,22,63,31,32,63,31,32,25,13,12,15,6,9,7,3,4,1,0,1,0,0,0,24,24,4,7,6,5,0,1,1,20,15,5,2,16,0,2,5
533737221,0,,,196,83,113,21,10,11,175,73,102,104,49,55,170,72,98,167,72,95,71,24,47,44,12,32,19,3,16,0,0,0,0,0,0,73,72,15,23,18,10,4,2,0,57,40,17,6,46,0,10,10
533737222,0,,,461,229,232,54,26,28,406,202,204,251,134,117,395,194,201,389,190,199,155,68,87,106,46,60,38,17,21,4,1,3,1,0,1,174,173,46,54,34,29,8,2,0,126,111,15,12,76,8,17,26
533737223,0,,,226,114,112,25,12,13,201,102,99,137,64,73,193,99,94,187,95,92,64,38,26,38,21,17,15,10,5,2,2,0,1,0,1,84,84,16,25,22,14,4,3,0,67,48,19,8,43,1,5,13
533737224,0,,,288,139,149,27,12,15,261,127,134,147,73,74,249,123,126,243,120,123,114,54,60,64,33,31,21,11,10,0,0,0,9,5,4,105,105,17,36,27,14,6,4,1,87,64,23,5,71,0,11,28
533737231,0,,,735,341,394,76,39,37,657,301,356,384,188,196,629,288,341,619,285,334,273,113,160,145,51,94,72,17,55,15,1,14,2,0,2,276,274,70,88,66,30,12,3,5,204,173,31,22,146,5,36,46
533737232,0,,,156,85,71,19,8,11,137,77,60,95,58,37,136,76,60,133,74,59,42,19,23,29,15,14,10,5,5,3,0,3,4,1,3,59,57,19,15,11,7,3,0,2,37,30,7,4,25,6,5,6
533737233,0,,,121,56,65,10,7,3,111,49,62,66,30,36,109,49,60,107,49,58,45,19,26,18,7,11,2,0,2,0,0,0,1,1,0,53,52,15,22,5,8,2,0,0,36,31,5,3,33,0,11,10
533737234,0,,,94,38,56,10,6,4,84,32,52,54,22,32,83,32,51,81,32,49,30,10,20,18,4,14,8,1,7,0,0,0,0,0,0,33,33,7,11,4,4,6,0,1,26,17,9,4,23,0,4,4
533737241,0,,,66,35,31,7,6,1,59,29,30,44,21,23,59,29,30,58,29,29,15,8,7,7,3,4,3,1,2,0,0,0,0,0,0,26,26,5,9,7,4,0,1,0,21,17,4,4,12,1,3,3
533737243,0,,,16,9,7,6,5,1,10,4,6,10,4,6,10,4,6,10,4,6,0,0,0,0,0,0,0,0,0,0,0,0,4,2,2,4,4,0,1,0,2,0,1,0,4,4,0,0,0,0,0,0
533737244,0,,,86,36,50,11,4,7,75,32,43,37,18,19,73,30,43,73,30,43,38,14,24,22,7,15,7,1,6,0,0,0,1,0,1,36,36,12,12,4,4,2,2,0,24,16,8,3,26,0,9,9
533737251,0,,,30,15,15,1,1,0,29,14,15,15,8,7,28,14,14,28,14,14,14,6,8,10,4,6,3,2,1,0,0,0,0,0,0,10,10,1,4,2,1,1,1,0,9,6,3,0,9,0,1,3
533737252,1,,533737254,59,27,32,12,5,7,50,23,27,35,18,17,47,22,25,47,22,25,15,5,10,12,4,8,3,0,3,0,0,0,1,1,0,18,18,3,5,5,2,1,1,2,15,9,6,2,12,0,3,1
533737253,0,,,32,16,16,9,5,4,23,11,12,15,8,7,23,11,12,23,11,12,8,3,5,5,2,3,3,1,2,1,1,0,0,0,0,8,8,0,1,2,2,2,1,0,8,4,4,4,5,0,0,1
533737254,2,533737252,,3,1,2,*,*,*,*,*,*,*,*,*,*,*,*,*,*,*,*,*,*,*,*,*,*,*,*,*,*,*,*,*,*,1,1,*,*,*,*,*,*,*,*,*,*,*,*,*,*,*
533737264,0,,,29,15,14,3,2,1,26,13,13,14,7,7,26,13,13,26,13,13,12,6,6,9,3,6,3,1,2,1,0,1,0,0,0,8,8,0,3,2,1,1,0,1,8,4,4,1,7,0,0,1
533737301,0,,,44,24,20,4,4,0,40,20,20,20,9,11,40,20,20,40,20,20,20,11,9,6,4,2,4,2,2,0,0,0,0,0,0,17,17,1,10,3,1,2,0,0,16,14,2,2,12,0,0,7
533737302,0,,,76,36,40,11,6,5,65,30,35,48,24,24,61,29,32,59,29,30,17,6,11,13,6,7,5,1,4,0,0,0,1,1,0,22,22,3,4,3,6,5,0,1,19,12,7,3,11,1,2,2
533737303,0,,,16,8,8,8,4,4,8,4,4,6,3,3,8,4,4,8,4,4,2,1,1,0,0,0,0,0,0,0,0,0,0,0,0,4,4,0,1,0,1,2,0,0,4,4,0,2,1,0,0,1
533737311,0,,,143,59,84,28,9,19,115,50,65,69,31,38,112,50,62,110,48,62,46,19,27,24,7,17,11,3,8,2,0,2,1,0,1,44,44,3,20,4,6,6,1,4,41,29,12,5,31,0,1,10
533737312,0,,,211,98,113,34,13,21,177,85,92,121,63,58,167,81,86,163,79,84,56,22,34,21,6,15,4,0,4,0,0,0,0,0,0,64,64,11,13,17,10,3,5,5,53,37,16,11,38,0,8,5
533737313,0,,,40,19,21,5,2,3,35,17,18,18,9,9,33,16,17,33,16,17,17,8,9,7,3,4,3,1,2,1,0,1,0,0,0,14,14,1,5,5,2,0,1,0,13,10,3,3,8,0,1,3
533737314,0,,,19,11,8,2,2,0,17,9,8,13,7,6,17,9,8,17,9,8,4,2,2,4,2,2,4,2,2,0,0,0,0,0,0,7,7,0,3,3,1,0,0,0,7,6,1,2,2,0,0,0
533737321,0,,,169,81,88,20,11,9,149,70,79,108,52,56,141,67,74,136,65,71,41,18,23,20,7,13,7,2,5,1,1,0,5,3,2,64,64,12,25,8,14,4,0,1,51,42,9,7,24,1,4,9
533737322,0,,,149,73,76,14,6,8,134,67,67,82,40,42,131,67,64,128,67,61,52,27,25,31,15,16,10,5,5,0,0,0,6,2,4,61,61,24,15,5,10,3,3,1,37,23,14,2,35,4,8,7
533737323,0,,,242,110,132,24,10,14,218,100,118,110,54,56,212,98,114,209,97,112,108,46,62,55,21,34,25,9,16,1,0,1,0,0,0,83,83,11,32,15,12,6,5,2,72,48,24,6,73,0,11,18
533737324,0,,,116,53,63,10,5,5,106,48,58,67,30,37,103,47,56,100,46,54,39,18,21,25,9,16,11,2,9,0,0,0,3,0,3,42,42,12,11,7,6,1,3,2,30,17,13,2,27,1,6,4
533737331,0,,,139,73,66,7,3,4,132,70,62,83,46,37,125,66,59,122,65,57,49,24,25,25,10,15,13,3,10,0,0,0,1,0,1,45,45,5,14,12,5,5,3,1,40,26,14,2,29,0,4,9
533737332,0,,,15,7,8,1,0,1,14,7,7,7,2,5,14,7,7,14,7,7,7,5,2,2,1,1,2,1,1,1,1,0,0,0,0,6,6,1,2,2,1,0,0,0,5,3,2,1,5,0,1,1
533737333,0,,,35,17,18,8,4,4,27,13,14,15,7,8,26,12,14,25,11,14,12,6,6,5,3,2,1,0,1,0,0,0,0,0,0,11,11,1,4,2,1,2,1,0,10,7,3,2,7,0,1,3
533737334,0,,,46,20,26,3,2,1,43,18,25,24,11,13,42,18,24,41,18,23,19,7,12,9,3,6,3,0,3,0,0,0,0,0,0,15,15,1,5,5,2,0,2,0,14,9,5,1,12,0,1,4
533737341,0,,,22,12,10,2,2,0,20,10,10,13,7,6,19,9,10,18,9,9,7,3,4,6,2,4,3,1,2,0,0,0,0,0,0,5,5,0,2,0,0,1,1,1,5,2,3,1,4,0,0,1
533737342,0,,,71,37,34,0,0,0,71,37,34,38,22,16,68,36,32,67,36,31,33,15,18,18,8,10,9,3,6,2,0,2,0,0,0,23,23,3,5,7,5,2,0,1,20,10,10,0,19,0,0,2
533737343,0,,,90,41,49,13,5,8,77,36,41,45,23,22,74,33,41,72,32,40,32,13,19,20,6,14,7,1,6,2,0,2,0,0,0,25,25,2,4,9,2,4,3,1,23,10,13,5,21,0,2,4
533737344,0,,,37,19,18,6,4,2,31,15,16,13,7,6,30,14,16,30,14,16,18,8,10,8,3,5,5,1,4,1,0,1,0,0,0,12,12,2,2,3,4,0,1,0,10,5,5,1,9,0,1,2
533737352,2,533737354,,1,0,1,*,*,*,*,*,*,*,*,*,*,*,*,*,*,*,*,*,*,*,*,*,*,*,*,*,*,*,*,*,*,1,1,*,*,*,*,*,*,*,*,*,*,*,*,*,*,*
533737353,2,533737354,,8,4,4,*,*,*,*,*,*,*,*,*,*,*,*,*,*,*,*,*,*,*,*,*,*,*,*,*,*,*,*,*,*,2,2,*,*,*,*,*,*,*,*,*,*,*,*,*,*,*
533737354,1,,533737352;533737353,8,4,4,1,1,0,16,7,9,7,3,4,15,7,8,15,7,8,9,4,5,4,2,2,0,0,0,0,0,0,0,0,0,3,3,1,3,0,1,0,1,0,5,3,2,0,5,0,1,2
533737362,0,,,30,14,16,6,2,4,24,12,12,10,5,5,24,12,12,24,12,12,14,7,7,4,1,3,3,1,2,0,0,0,1,0,1,7,7,0,2,2,1,0,0,2,7,3,4,0,7,0,0,1
533737363,0,,,15,7,8,0,0,0,15,7,8,4,2,2,15,7,8,15,7,8,11,5,6,8,4,4,2,1,1,0,0,0,0,0,0,6,6,0,4,1,1,0,0,0,6,4,2,0,6,0,0,4
533737364,0,,,40,18,22,6,2,4,34,16,18,23,11,12,32,16,16,32,16,16,11,5,6,6,2,4,2,0,2,0,0,0,3,3,0,10,10,2,1,1,2,3,0,1,7,2,5,0,8,0,2,1
533737372,2,533737373,,1,0,1,*,*,*,*,*,*,*,*,*,*,*,*,*,*,*,*,*,*,*,*,*,*,*,*,*,*,*,*,*,*,1,1,*,*,*,*,*,*,*,*,*,*,*,*,*,*,*
533737373,1,,533737372;533737374;533737382;533737384;533737471;533737481;533737482;533737584,11,3,8,1,0,1,42,21,21,17,8,9,41,20,21,41,20,21,25,13,12,11,3,8,5,1,4,1,0,1,2,1,1,3,3,9,7,1,1,0,1,1,11,9,2,0,16,0,5,4
533737374,2,533737373,,9,5,4,*,*,*,*,*,*,*,*,*,*,*,*,*,*,*,*,*,*,*,*,*,*,*,*,*,*,*,*,*,*,4,4,*,*,*,*,*,*,*,*,*,*,*,*,*,*,*
533737382,2,533737373,,3,2,1,*,*,*,*,*,*,*,*,*,*,*,*,*,*,*,*,*,*,*,*,*,*,*,*,*,*,*,*,*,*,2,2,*,*,*,*,*,*,*,*,*,*,*,*,*,*,*
533737384,2,533737373,,4,3,1,*,*,*,*,*,*,*,*,*,*,*,*,*,*,*,*,*,*,*,*,*,*,*,*,*,*,*,*,*,*,3,3,*,*,*,*,*,*,*,*,*,*,*,*,*,*,*
533737401,0,,,44,26,18,6,5,1,38,21,17,17,11,6,38,21,17,37,20,17,21,10,11,14,6,8,7,3,4,2,1,1,0,0,0,15,15,3,5,1,3,2,1,0,12,7,5,0,13,0,3,3
533737402,1,,533737404,30,17,13,0,0,0,35,19,16,25,14,11,35,19,16,35,19,16,10,5,5,8,3,5,3,1,2,1,1,0,0,0,0,10,10,1,1,5,3,1,0,0,10,6,4,0,7,0,1,1
533737404,2,533737402,,5,2,3,*,*,*,*,*,*,*,*,*,*,*,*,*,*,*,*,*,*,*,*,*,*,*,*,*,*,*,*,*,*,1,1,*,*,*,*,*,*,*,*,*,*,*,*,*,*,*
533737411,0,,,167,82,85,21,13,8,146,69,77,78,38,40,143,68,75,142,67,75,68,31,37,33,15,18,12,5,7,2,1,1,0,0,0,52,52,7,13,15,4,6,6,1,44,25,19,5,40,0,5,9
533737412,0,,,96,50,46,14,8,6,82,42,40,46,22,24,76,39,37,76,39,37,36,20,16,16,7,9,8,3,5,0,0,0,0,0,0,34,34,7,12,3,6,4,2,0,27,21,6,4,22,0,4,9
533737413,0,,,157,75,82,20,12,8,137,63,74,74,33,41,135,62,73,134,61,73,63,30,33,27,12,15,13,4,9,3,0,3,0,0,0,53,53,7,18,12,10,2,2,2,45,34,11,4,41,0,7,8
533737414,0,,,196,87,109,19,9,10,177,78,99,101,44,57,167,75,92,166,74,92,76,34,42,48,19,29,30,10,20,2,1,1,0,0,0,69,68,17,23,15,6,5,2,0,51,40,11,3,34,1,8,6
533737421,0,,,173,85,88,15,10,5,158,75,83,93,45,48,153,73,80,151,72,79,65,30,35,36,15,21,9,5,4,2,1,1,1,0,1,65,65,20,13,15,9,4,2,2,45,31,14,5,40,2,10,6
533737422,0,,,32,16,16,3,1,2,29,15,14,16,9,7,27,14,13,27,14,13,13,6,7,6,3,3,0,0,0,0,0,0,0,0,0,12,12,3,1,6,1,1,0,0,9,8,1,0,8,0,2,1
533737423,0,,,318,152,166,37,22,15,281,130,151,195,95,100,266,125,141,258,121,137,86,35,51,45,18,27,10,4,6,1,0,1,4,2,2,117,117,28,30,22,27,5,4,1,89,69,20,10,58,0,12,15
533737431,0,,,110,48,62,9,4,5,101,44,57,62,26,36,97,42,55,95,42,53,39,18,21,19,8,11,10,5,5,2,0,2,1,0,1,37,37,8,11,5,6,4,2,1,29,16,13,3,27,0,4,7
533737433,0,,,180,85,95,56,30,26,124,55,69,97,44,53,115,52,63,114,52,62,27,11,16,19,8,11,5,2,3,0,0,0,1,0,1,50,50,3,8,14,11,11,1,2,47,37,10,22,18,1,1,2
533737434,0,,,112,62,50,21,11,10,91,51,40,57,32,25,83,46,37,82,46,36,34,19,15,18,9,9,2,0,2,0,0,0,0,0,0,35,35,5,9,5,9,5,1,1,30,24,6,3,20,0,3,7
533737441,0,,,36,17,19,4,2,2,32,15,17,21,10,11,30,14,16,29,13,16,11,5,6,6,2,4,4,1,3,0,0,0,0,0,0,13,13,1,7,2,0,3,0,0,11,8,3,2,7,0,1,5
533737442,0,,,56,27,29,4,3,1,52,24,28,24,11,13,51,23,28,51,23,28,28,13,15,15,7,8,4,1,3,1,0,1,1,0,1,17,17,0,7,3,3,3,1,0,17,10,7,1,15,0,0,6
533737443,0,,,38,17,21,1,1,0,37,16,21,20,11,9,37,16,21,37,16,21,17,5,12,12,3,9,5,1,4,0,0,0,0,0,0,14,14,1,7,4,0,1,1,0,13,11,2,0,12,0,1,1
533737444,0,,,154,67,87,27,8,19,127,59,68,78,41,37,125,57,68,124,56,68,49,18,31,22,5,17,7,0,7,1,0,1,0,0,0,47,47,7,14,6,7,7,4,2,39,23,16,7,34,0,5,6
533737453,0,,,22,10,12,5,2,3,17,8,9,9,5,4,16,7,9,16,7,9,8,3,5,2,1,1,1,0,1,0,0,0,0,0,0,6,6,1,0,2,1,1,1,0,5,2,3,1,5,0,1,0
533737454,0,,,31,14,17,9,4,5,22,10,12,17,9,8,22,10,12,22,10,12,5,1,4,1,0,1,1,0,1,0,0,0,0,0,0,11,11,2,2,4,2,1,0,0,9,8,1,4,4,0,2,0
533737461,2,533737463,,3,2,1,*,*,*,*,*,*,*,*,*,*,*,*,*,*,*,*,*,*,*,*,*,*,*,*,*,*,*,*,*,*,1,1,*,*,*,*,*,*,*,*,*,*,*,*,*,*,*
533737462,2,533737463,,9,6,3,*,*,*,*,*,*,*,*,*,*,*,*,*,*,*,*,*,*,*,*,*,*,*,*,*,*,*,*,*,*,3,3,*,*,*,*,*,*,*,*,*,*,*,*,*,*,*
533737463,1,,533737461;533737462;533737464,52,24,28,0,0,0,69,33,36,36,16,20,68,32,36,67,32,35,33,17,16,13,6,7,2,1,1,0,0,0,6,1,5,23,23,12,10,7,1,1,0,1,20,17,3,0,20,2,4,5
533737464,2,533737463,,5,1,4,*,*,*,*,*,*,*,*,*,*,*,*,*,*,*,*,*,*,*,*,*,*,*,*,*,*,*,*,*,*,5,5,*,*,*,*,*,*,*,*,*,*,*,*,*,*,*
533737471,2,533737373,,1,0,1,*,*,*,*,*,*,*,*,*,*,*,*,*,*,*,*,*,*,*,*,*,*,*,*,*,*,*,*,*,*,1,1,*,*,*,*,*,*,*,*,*,*,*,*,*,*,*
533737481,2,533737373,,5,3,2,*,*,*,*,*,*,*,*,*,*,*,*,*,*,*,*,*,*,*,*,*,*,*,*,*,*,*,*,*,*,3,3,*,*,*,*,*,*,*,*,*,*,*,*,*,*,*
533737482,2,533737373,,1,0,1,*,*,*,*,*,*,*,*,*,*,*,*,*,*,*,*,*,*,*,*,*,*,*,*,*,*,*,*,*,*,1,1,*,*,*,*,*,*,*,*,*,*,*,*,*,*,*
533737511,0,,,23,11,12,2,0,2,21,11,10,13,8,5,20,10,10,20,10,10,8,3,5,6,2,4,5,2,3,0,0,0,0,0,0,7,7,1,0,3,2,1,0,0,6,4,2,0,5,0,1,0
533737512,0,,,93,47,46,15,11,4,78,36,42,43,21,22,73,33,40,73,33,40,35,15,20,15,6,9,7,2,5,1,0,1,0,0,0,30,30,3,12,4,6,2,1,2,26,18,8,5,24,0,3,5
533737513,0,,,27,13,14,2,0,2,25,13,12,11,7,4,25,13,12,25,13,12,14,6,8,7,4,3,1,0,1,0,0,0,0,0,0,9,9,0,4,3,0,2,0,0,9,7,2,1,8,0,0,3
533737514,0,,,79,36,43,4,1,3,75,35,40,36,15,21,74,34,40,74,34,40,39,20,19,27,12,15,8,5,3,0,0,0,0,0,0,30,30,6,9,8,5,1,1,0,24,15,9,2,26,0,5,7
533737521,1,,533737522,149,62,87,19,4,15,132,59,73,70,33,37,131,59,72,130,59,71,62,26,36,29,12,17,6,1,5,1,1,0,1,0,1,62,62,17,23,13,5,2,2,1,46,37,9,5,42,0,13,12
533737522,2,533737521,,2,1,1,*,*,*,*,*,*,*,*,*,*,*,*,*,*,*,*,*,*,*,*,*,*,*,*,*,*,*,*,*,*,1,1,*,*,*,*,*,*,*,*,*,*,*,*,*,*,*
533737523,1,,533737524,38,22,16,5,1,4,43,25,18,28,16,12,41,24,17,41,24,17,15,9,6,5,4,1,3,2,1,0,0,0,1,0,1,11,11,0,4,3,2,2,1,1,13,8,5,2,9,0,0,3
533737524,2,533737523,,10,4,6,*,*,*,*,*,*,*,*,*,*,*,*,*,*,*,*,*,*,*,*,*,*,*,*,*,*,*,*,*,*,2,2,*,*,*,*,*,*,*,*,*,*,*,*,*,*,*
533737531,0,,,28,13,15,0,0,0,28,13,15,12,6,6,28,13,15,28,13,15,16,7,9,9,3,6,5,2,3,0,0,0,0,0,0,9,9,1,1,3,4,0,0,0,8,3,5,0,9,0,1,1
533737532,0,,,329,148,181,43,13,30,286,135,151,164,73,91,275,129,146,271,128,143,122,62,60,62,31,31,26,7,19,4,0,4,0,0,0,104,104,17,25,21,21,7,11,2,87,55,32,10,75,0,13,16
533737533,0,,,32,16,16,3,1,2,29,15,14,18,10,8,29,15,14,29,15,14,11,5,6,8,3,5,2,1,1,0,0,0,0,0,0,11,11,0,5,4,1,0,1,0,11,8,3,1,7,0,0,1
533737534,0,,,93,47,46,11,6,5,82,41,41,51,30,21,79,40,39,76,39,37,31,11,20,23,7,16,13,3,10,2,0,2,0,0,0,35,35,12,7,5,4,6,1,0,23,14,9,3,22,0,6,3
533737542,0,,,274,129,145,32,12,20,242,117,125,159,80,79,237,115,122,233,111,122,83,37,46,30,10,20,10,2,8,2,0,2,2,1,1,100,100,12,40,21,18,7,2,0,88,74,14,6,54,1,5,20
533737543,0,,,55,27,28,2,1,1,53,26,27,24,12,12,51,25,26,51,25,26,29,14,15,15,5,10,5,1,4,1,0,1,0,0,0,18,18,1,5,8,1,2,1,0,16,9,7,0,16,0,1,2
533737544,0,,,170,69,101,26,12,14,144,57,87,109,46,63,138,54,84,133,52,81,35,11,24,11,4,7,1,0,1,0,0,0,10,0,10,84,84,40,18,15,6,5,0,0,43,40,3,7,28,11,15,4
533737551,0,,,79,42,37,8,5,3,71,37,34,47,25,22,68,37,31,67,37,30,24,12,12,11,3,8,3,0,3,1,0,1,3,1,2,33,33,12,9,3,7,1,0,1,21,16,5,1,20,0,10,3
533737552,1,,533737561;533737562,90,45,45,15,8,7,79,38,41,54,26,28,73,34,39,71,33,38,25,12,13,18,9,9,7,3,4,0,0,0,5,2,3,27,27,9,5,5,4,4,4,0,22,15,7,3,16,1,4,2
533737553,0,,,124,62,62,18,11,7,106,51,55,80,39,41,100,48,52,96,46,50,26,12,14,12,8,4,2,2,0,0,0,0,1,1,0,41,41,6,16,3,10,2,2,2,34,26,8,2,18,0,3,6
533737554,0,,,192,87,105,18,9,9,174,78,96,95,45,50,170,75,95,168,74,94,79,33,46,38,10,28,21,4,17,1,0,1,1,0,1,66,66,15,16,17,9,4,2,3,50,33,17,5,52,0,10,11
533737561,2,533737552,,1,0,1,*,*,*,*,*,*,*,*,*,*,*,*,*,*,*,*,*,*,*,*,*,*,*,*,*,*,*,*,*,*,1,1,*,*,*,*,*,*,*,*,*,*,*,*,*,*,*
533737562,2,533737552,,3,1,2,*,*,*,*,*,*,*,*,*,*,*,*,*,*,*,*,*,*,*,*,*,*,*,*,*,*,*,*,*,*,3,3,*,*,*,*,*,*,*,*,*,*,*,*,*,*,*
533737584,2,533737373,,8,5,3,*,*,*,*,*,*,*,*,*,*,*,*,*,*,*,*,*,*,*,*,*,*,*,*,*,*,*,*,*,*,2,2,*,*,*,*,*,*,*,*,*,*,*,*,*,*,*
533737611,0,,,34,19,15,0,0,0,34,19,15,20,12,8,34,19,15,34,19,15,14,7,7,10,4,6,6,3,3,1,0,1,0,0,0,9,9,1,1,2,2,2,0,1,8,2,6,0,8,0,1,0
533737612,0,,,92,47,45,6,5,1,86,42,44,47,25,22,83,39,44,81,38,43,39,17,22,27,10,17,5,0,5,1,0,1,1,1,0,33,33,6,11,6,5,4,1,0,27,18,9,3,24,0,5,7
533737614,0,,,90,44,46,18,10,8,72,34,38,47,23,24,70,34,36,68,33,35,25,11,14,12,3,9,3,1,2,2,1,1,0,0,0,27,27,2,8,7,2,5,3,0,25,15,10,7,16,0,2,2
533737621,1,,533737624,42,21,21,4,3,1,51,25,26,25,15,10,51,25,26,51,25,26,26,10,16,13,4,9,4,0,4,1,0,1,0,0,0,16,16,2,8,3,4,0,2,0,17,11,6,2,16,0,2,3
533737622,0,,,61,32,29,7,3,4,54,29,25,31,16,15,54,29,25,53,29,24,23,13,10,19,9,10,3,1,2,0,0,0,1,0,1,19,19,2,6,2,6,2,0,1,17,13,4,1,14,0,2,4
533737623,0,,,48,23,25,5,3,2,43,20,23,24,14,10,40,19,21,40,19,21,19,6,13,13,4,9,5,1,4,1,0,1,0,0,0,13,13,0,3,4,2,2,2,0,13,6,7,0,13,0,0,0
533737624,2,533737621,,13,7,6,*,*,*,*,*,*,*,*,*,*,*,*,*,*,*,*,*,*,*,*,*,*,*,*,*,*,*,*,*,*,3,3,*,*,*,*,*,*,*,*,*,*,*,*,*,*,*
533737631,1,,533737632,19,9,10,0,0,0,22,10,12,3,1,2,22,10,12,22,10,12,19,9,10,8,5,3,0,0,0,0,0,0,0,0,0,13,13,8,7,0,0,0,0,0,7,7,0,0,14,0,7,5
533737632,2,533737631,,3,1,2,*,*,*,*,*,*,*,*,*,*,*,*,*,*,*,*,*,*,*,*,*,*,*,*,*,*,*,*,*,*,2,2,*,*,*,*,*,*,*,*,*,*,*,*,*,*,*
533737633,0,,,62,34,28,7,5,2,55,29,26,25,11,14,53,29,24,53,29,24,30,18,12,12,8,4,2,2,0,0,0,0,2,1,1,25,25,5,13,2,2,1,2,0,19,14,5,0,18,0,2,9
533737634,0,,,16,9,7,4,3,1,12,6,6,9,4,5,12,6,6,12,6,6,3,2,1,0,0,0,0,0,0,0,0,0,0,0,0,6,6,2,1,1,1,1,0,0,4,2,2,1,3,0,1,1
533737641,0,,,47,24,23,9,5,4,38,19,19,24,13,11,37,18,19,37,18,19,14,6,8,10,3,7,4,1,3,0,0,0,0,0,0,19,19,8,3,4,1,2,0,1,11,8,3,1,12,1,4,1
533737643,0,,,152,65,87,20,8,12,132,57,75,86,37,49,127,55,72,125,55,70,46,20,26,25,8,17,12,3,9,0,0,0,0,0,0,46,46,8,7,10,11,4,6,0,38,21,17,6,33,0,4,2
533737644,0,,,17,7,10,0,0,0,17,7,10,8,4,4,16,7,9,16,7,9,9,3,6,9,3,6,3,1,2,0,0,0,0,0,0,7,7,3,1,0,3,0,0,0,4,1,3,0,7,0,3,0
533737651,0,,,117,53,64,10,4,6,107,49,58,58,29,29,106,48,58,106,48,58,49,20,29,31,13,18,13,4,9,1,0,1,1,0,1,44,44,10,12,12,5,4,0,1,34,24,10,1,31,1,6,8
533737652,0,,,224,107,117,34,20,14,190,87,103,115,50,65,186,86,100,184,85,99,75,37,38,38,15,23,13,4,9,2,0,2,4,1,3,80,80,14,22,23,14,4,1,2,66,49,17,9,52,1,10,13
533737653,0,,,41,18,23,3,1,2,38,17,21,21,9,12,37,17,20,36,17,19,17,8,9,8,5,3,2,1,1,0,0,0,2,0,2,17,17,5,5,4,1,2,0,0,12,10,2,0,11,1,3,4
533737654,0,,,85,45,40,8,4,4,77,41,36,39,23,16,76,40,36,76,40,36,38,18,20,25,12,13,12,7,5,1,1,0,1,1,0,31,31,7,9,8,2,2,3,0,23,16,7,1,23,1,6,5
533737661,0,,,67,23,44,14,8,6,53,15,38,28,14,14,51,14,37,50,14,36,25,1,24,23,0,23,15,0,15,5,0,5,0,0,0,17,15,2,4,3,5,1,0,0,13,13,0,6,1,0,0,1
533737663,0,,,11,5,6,2,1,1,9,4,5,3,2,1,9,4,5,9,4,5,6,2,4,5,2,3,0,0,0,0,0,0,0,0,0,5,5,1,3,0,1,0,0,0,4,4,0,1,4,0,1,2
533737712,0,,,104,58,46,17,10,7,87,48,39,48,28,20,84,47,37,83,46,37,39,20,19,19,9,10,8,4,4,0,0,0,0,0,0,39,39,8,13,6,9,2,1,0,31,26,5,3,27,0,6,10
533737714,0,,,36,16,20,1,1,0,35,15,20,20,8,12,33,14,19,33,14,19,15,7,8,9,3,6,5,1,4,0,0,0,0,0,0,13,13,2,4,5,0,1,1,0,11,7,4,1,10,0,2,2
533737721,0,,,36,16,20,1,0,1,35,16,19,22,11,11,32,16,16,31,15,16,13,5,8,11,4,7,2,0,2,0,0,0,4,2,2,10,10,0,4,2,1,1,1,1,9,5,4,0,7,0,0,1
533737722,0,,,14,8,6,4,2,2,10,6,4,9,6,3,8,5,3,8,5,3,1,0,1,1,0,1,1,0,1,0,0,0,0,0,0,4,4,1,0,1,1,0,1,0,3,3,0,1,1,0,0,0
533737723,0,,,51,23,28,1,0,1,50,23,27,31,16,15,46,22,24,46,22,24,19,7,12,13,3,10,3,1,2,0,0,0,0,0,0,23,23,8,7,6,0,1,1,0,15,13,2,0,16,0,7,4
533737724,0,,,139,66,73,6,5,1,133,61,72,98,43,55,132,60,72,131,60,71,35,18,17,24,12,12,9,5,4,0,0,0,42,8,34,81,81,59,8,4,4,1,4,1,22,15,7,1,22,23,6,4
533737731,0,,,61,32,29,13,5,8,48,27,21,35,21,14,48,27,21,48,27,21,13,6,7,3,0,3,2,0,2,0,0,0,1,1,0,29,28,12,8,3,2,3,0,0,14,13,1,4,7,2,2,3
533737732,0,,,66,29,37,10,3,7,56,26,30,31,15,16,55,26,29,54,26,28,25,11,14,15,7,8,9,4,5,1,0,1,0,0,0,21,21,2,6,7,2,2,1,1,19,13,6,2,15,0,1,3
533737733,0,,,68,44,24,5,3,2,63,41,22,45,33,12,61,40,21,60,39,21,18,8,10,8,3,5,6,2,4,0,0,0,27,23,4,41,41,26,6,6,3,0,0,0,15,12,3,3,9,21,0,3
533737734,0,,,72,36,36,12,8,4,60,28,32,38,19,19,58,26,32,58,26,32,22,9,13,12,5,7,8,3,5,0,0,0,1,0,1,20,20,3,4,3,4,3,0,3,17,9,8,2,14,0,2,3
533737741,2,533737742,,7,3,4,*,*,*,*,*,*,*,*,*,*,*,*,*,*,*,*,*,*,*,*,*,*,*,*,*,*,*,*,*,*,2,2,*,*,*,*,*,*,*,*,*,*,*,*,*,*,*
533737742,1,,533737741,20,9,11,1,1,0,26,11,15,18,9,9,25,11,14,24,10,14,8,2,6,6,1,5,2,0,2,0,0,0,0,0,0,11,11,8,0,3,1,0,1,0,5,2,3,0,8,0,4,0
533737743,0,,,65,32,33,9,3,6,56,29,27,33,17,16,55,28,27,54,28,26,23,12,11,12,6,6,4,2,2,0,0,0,0,0,0,20,20,3,7,3,3,0,2,2,17,10,7,1,16,0,2,3
533737744,0,,,22,11,11,0,0,0,22,11,11,12,7,5,22,11,11,21,10,11,10,4,6,6,3,3,3,1,2,0,0,0,1,0,1,8,8,1,2,3,2,0,0,0,7,4,3,0,7,0,1,0
533737751,1,,533737753;533737754,43,21,22,17,7,10,35,17,18,24,12,12,34,16,18,34,16,18,11,5,6,6,3,3,3,1,2,1,0,1,0,0,0,12,12,3,3,2,5,2,0,1,13,11,2,6,7,0,2,2
533737752,0,,,19,10,9,0,0,0,19,10,9,9,6,3,19,10,9,19,10,9,10,4,6,4,2,2,0,0,0,0,0,0,0,0,0,10,10,4,4,1,1,0,0,0,6,6,0,0,6,0,2,3
533737753,2,533737751,,2,0,2,*,*,*,*,*,*,*,*,*,*,*,*,*,*,*,*,*,*,*,*,*,*,*,*,*,*,*,*,*,*,2,2,*,*,*,*,*,*,*,*,*,*,*,*,*,*,*
533737754,2,533737751,,7,3,4,*,*,*,*,*,*,*,*,*,*,*,*,*,*,*,*,*,*,*,*,*,*,*,*,*,*,*,*,*,*,2,2,*,*,*,*,*,*,*,*,*,*,*,*,*,*,*
533737761,2,533737762,,11,6,5,*,*,*,*,*,*,*,*,*,*,*,*,*,*,*,*,*,*,*,*,*,*,*,*,*,*,*,*,*,*,3,3,*,*,*,*,*,*,*,*,*,*,*,*,*,*,*
533737762,1,,533737761,12,4,8,5,2,3,18,8,10,7,3,4,18,8,10,18,8,10,11,5,6,6,4,2,2,0,2,1,0,1,0,0,0,4,4,1,2,1,1,1,1,0,6,2,4,1,6,0,0,2
533737764,0,,,11,4,7,0,0,0,11,4,7,5,2,3,11,4,7,11,4,7,6,2,4,3,1,2,3,1,2,0,0,0,0,0,0,4,4,0,3,0,0,1,0,0,4,3,1,0,4,0,0,2
533737773,0,,,41,21,20,4,3,1,37,18,19,19,10,9,33,15,18,33,15,18,18,8,10,8,4,4,3,1,2,2,1,1,0,0,0,12,12,0,6,1,2,1,1,1,12,8,4,1,10,0,0,4
533737812,0,,,29,12,17,3,1,2,26,11,15,13,5,8,25,10,15,24,9,15,13,6,7,5,1,4,3,0,3,1,0,1,0,0,0,11,11,2,5,1,1,2,0,0,9,7,2,1,8,0,2,3
533737813,2,533737814,,3,1,2,*,*,*,*,*,*,*,*,*,*,*,*,*,*,*,*,*,*,*,*,*,*,*,*,*,*,*,*,*,*,1,1,*,*,*,*,*,*,*,*,*,*,*,*,*,*,*
533737814,1,,533737813,52,26,26,5,3,2,50,24,26,26,12,14,50,24,26,50,24,26,24,12,12,11,4,7,5,1,4,0,0,0,0,0,0,23,23,9,4,8,2,0,1,0,15,11,4,2,17,0,7,3
533737821,0,,,182,92,90,19,13,6,163,79,84,100,50,50,160,77,83,156,75,81,63,29,34,35,15,20,18,7,11,2,1,1,6,4,2,65,65,13,21,14,8,4,2,3,52,38,14,6,37,1,5,9
533737822,0,,,197,104,93,8,2,6,189,102,87,113,68,45,185,99,86,184,98,86,76,34,42,42,19,23,14,6,8,1,1,0,30,21,9,107,107,52,35,11,4,4,1,0,53,46,7,1,51,20,12,17
533737823,0,,,274,133,141,37,17,20,237,116,121,146,75,71,223,107,116,219,105,114,91,41,50,60,26,34,25,12,13,1,0,1,11,4,7,101,101,18,36,22,16,3,4,2,83,65,18,8,61,0,11,15
533737824,0,,,284,152,132,31,20,11,253,132,121,133,75,58,253,132,121,248,127,121,120,57,63,61,26,35,28,9,19,2,1,1,1,0,1,107,107,21,37,23,15,6,5,0,86,64,22,7,72,0,10,19
533737831,0,,,92,48,44,6,3,3,86,45,41,52,30,22,84,45,39,82,43,39,34,15,19,21,10,11,5,2,3,1,1,0,8,4,4,42,42,16,12,7,4,3,0,0,26,21,5,1,22,7,3,7
533737832,0,,,139,49,90,8,5,3,131,44,87,18,8,10,131,44,87,131,44,87,113,36,77,95,27,68,70,19,51,14,1,13,0,0,0,16,15,0,8,3,1,1,1,1,15,12,3,1,12,0,0,5
533737833,0,,,190,100,90,26,16,10,164,84,80,95,50,45,161,83,78,160,82,78,69,34,35,35,17,18,9,4,5,1,0,1,3,1,2,83,83,27,32,7,11,3,2,1,56,46,10,3,45,2,8,19
533737834,0,,,32,16,16,3,3,0,29,13,16,14,7,7,29,13,16,29,13,16,15,6,9,4,2,2,3,1,2,0,0,0,0,0,0,14,14,4,7,1,1,0,0,1,10,8,2,1,12,0,4,2
533737841,0,,,38,21,17,4,3,1,34,18,16,13,7,6,33,18,15,33,18,15,21,11,10,13,8,5,5,4,1,2,2,0,0,0,0,13,13,2,4,4,2,0,0,1,11,8,3,0,11,0,2,3
533737842,0,,,27,11,16,5,4,1,22,7,15,16,5,11,20,7,13,20,7,13,6,2,4,2,1,1,0,0,0,0,0,0,4,0,4,12,12,5,3,1,2,1,0,0,7,6,1,2,4,3,1,2
533737843,0,,,4,0,4,0,0,0,4,0,4,4,0,4,4,0,4,2,0,2,0,0,0,0,0,0,0,0,0,0,0,0,4,0,4,4,4,4,0,0,0,0,0,0,0,0,0,0,0,1,0,0
533737844,0,,,27,13,14,4,3,1,23,10,13,17,8,9,23,10,13,23,10,13,6,2,4,6,2,4,4,1,3,0,0,0,0,0,0,5,5,0,0,2,0,1,1,1,5,2,3,2,4,0,0,0
533737851,0,,,60,27,33,4,1,3,56,26,30,21,11,10,55,26,29,55,26,29,35,15,20,19,7,12,7,2,5,1,0,1,1,0,1,25,25,6,12,2,3,0,2,0,19,13,6,2,22,0,5,7
533737852,0,,,10,5,5,0,0,0,10,5,5,6,4,2,10,5,5,10,5,5,4,1,3,4,1,3,2,0,2,0,0,0,0,0,0,5,5,1,3,1,0,0,0,0,4,4,0,0,3,0,1,1
533737853,0,,,50,23,27,4,4,0,46,19,27,18,7,11,44,19,25,43,19,24,28,12,16,15,6,9,7,3,4,1,0,1,0,0,0,18,18,3,7,4,1,2,0,1,15,10,5,1,16,0,2,5
533737854,0,,,27,13,14,4,1,3,23,12,11,11,7,4,22,11,11,22,11,11,12,5,7,6,3,3,3,1,2,0,0,0,0,0,0,10,10,1,4,4,0,0,1,0,9,7,2,0,6,0,0,2
533737861,2,533737863,,6,3,3,*,*,*,*,*,*,*,*,*,*,*,*,*,*,*,*,*,*,*,*,*,*,*,*,*,*,*,*,*,*,3,3,*,*,*,*,*,*,*,*,*,*,*,*,*,*,*
533737862,2,533737864,,14,7,7,*,*,*,*,*,*,*,*,*,*,*,*,*,*,*,*,*,*,*,*,*,*,*,*,*,*,*,*,*,*,3,3,*,*,*,*,*,*,*,*,*,*,*,*,*,*,*
533737863,1,,533737861;533737961,43,22,21,11,3,8,39,23,16,18,13,5,39,23,16,38,22,16,21,10,11,15,7,8,5,3,2,1,1,0,0,0,0,12,12,4,3,4,2,0,1,2,12,8,4,2,13,0,3,1
533737864,1,,533737862,16,8,8,3,2,1,27,13,14,12,7,5,27,13,14,27,13,14,15,6,9,4,1,3,2,0,2,1,0,1,0,0,0,7,7,1,6,0,0,2,0,1,9,6,3,0,9,0,1,3
533737871,0,,,11,6,5,0,0,0,11,6,5,6,5,1,11,6,5,11,6,5,5,1,4,5,1,4,0,0,0,0,0,0,0,0,0,5,5,1,3,0,1,0,0,0,4,4,0,0,4,0,1,0
533737872,0,,,26,13,13,2,0,2,24,13,11,12,7,5,24,13,11,24,13,11,12,6,6,9,4,5,4,1,3,0,0,0,0,0,0,9,9,1,4,2,1,0,0,1,8,5,3,1,8,0,1,1
533737873,0,,,13,5,8,0,0,0,13,5,8,9,4,5,13,5,8,13,5,8,4,1,3,4,1,3,0,0,0,0,0,0,0,0,0,4,4,1,1,0,0,2,0,0,3,1,2,0,3,1,0,0
533737911,2,533737912,,3,0,3,*,*,*,*,*,*,*,*,*,*,*,*,*,*,*,*,*,*,*,*,*,*,*,*,*,*,*,*,*,*,2,2,*,*,*,*,*,*,*,*,*,*,*,*,*,*,*
533737912,1,,533737911,38,20,18,0,0,0,41,20,21,23,10,13,40,19,21,38,19,19,18,10,8,12,7,5,3,2,1,0,0,0,0,0,0,15,15,7,3,3,2,1,1,0,10,5,5,0,13,0,4,1
533737914,0,,,82,42,40,7,3,4,75,39,36,40,23,17,73,38,35,72,37,35,35,16,19,18,7,11,7,2,5,2,1,1,0,0,0,30,30,10,4,5,9,0,1,1,20,13,7,2,22,0,8,3
533737921,0,,,140,65,75,11,7,4,129,58,71,75,35,40,127,57,70,125,57,68,54,23,31,27,10,17,11,2,9,0,0,0,2,0,2,50,50,11,13,10,11,2,2,1,39,26,13,4,37,0,9,7
533737922,0,,,90,41,49,8,5,3,82,36,46,50,24,26,81,35,46,80,35,45,32,12,20,24,8,16,14,6,8,2,0,2,8,2,6,41,41,18,14,2,2,2,2,1,23,17,6,1,22,8,4,8
533737923,0,,,72,38,34,10,6,4,62,32,30,27,14,13,61,32,29,60,32,28,35,18,17,13,6,7,4,1,3,1,0,1,0,0,0,23,23,5,7,1,7,1,0,2,18,12,6,2,19,0,4,5
533737924,0,,,162,81,81,17,11,6,145,70,75,81,42,39,140,67,73,138,67,71,64,28,36,37,15,22,16,5,11,2,0,2,1,0,1,60,60,11,18,15,12,3,0,1,49,37,12,4,45,0,8,9
533737931,0,,,46,22,24,4,1,3,42,21,21,24,13,11,42,21,21,42,21,21,18,8,10,11,4,7,4,1,3,0,0,0,0,0,0,18,18,3,8,2,4,1,0,0,15,10,5,0,13,0,2,3
533737932,0,,,14,7,7,0,0,0,14,7,7,7,3,4,13,7,6,13,7,6,7,4,3,5,3,2,1,1,0,0,0,0,0,0,0,5,5,0,2,2,1,0,0,0,5,3,2,0,5,0,0,1
533737933,0,,,55,26,29,6,3,3,49,23,26,24,12,12,44,22,22,44,22,22,25,11,14,12,6,6,3,1,2,0,0,0,1,0,1,18,18,2,7,3,1,4,1,0,16,10,6,1,13,0,1,6
533737934,0,,,65,30,35,5,2,3,60,28,32,33,16,17,60,28,32,58,28,30,27,12,15,10,4,6,5,2,3,1,0,1,2,1,1,23,23,4,9,3,5,0,0,2,19,12,7,2,16,0,2,4
533737941,0,,,27,14,13,0,0,0,27,14,13,17,9,8,26,13,13,26,13,13,10,5,5,7,4,3,3,2,1,0,0,0,0,0,0,8,8,1,2,0,3,2,0,0,7,4,3,0,5,0,0,2
533737942,0,,,28,12,16,2,1,1,26,11,15,17,9,8,22,9,13,22,9,13,9,2,7,9,2,7,1,0,1,0,0,0,0,0,0,10,10,4,2,0,1,2,1,0,6,4,2,0,7,0,3,1
533737943,0,,,49,21,28,0,0,0,49,21,28,26,12,14,47,20,27,45,19,26,23,9,14,11,3,8,4,0,4,0,0,0,0,0,0,21,21,7,8,2,2,1,0,1,14,9,5,0,16,0,4,4
533737944,0,,,83,39,44,13,6,7,70,33,37,45,22,23,68,32,36,68,32,36,25,11,14,12,4,8,3,0,3,0,0,0,0,0,0,27,27,4,5,9,6,0,3,0,23,16,7,5,16,0,1,4
533737951,0,,,160,72,88,28,13,15,132,59,73,73,35,38,125,56,69,124,55,69,59,24,35,31,13,18,6,3,3,1,0,1,1,0,1,55,55,13,14,10,7,6,4,1,42,28,14,3,39,0,9,9
533737952,0,,,24,14,10,1,0,1,23,14,9,15,11,4,22,13,9,21,12,9,8,3,5,3,1,2,1,0,1,0,0,0,0,0,0,11,11,5,2,3,0,0,1,0,6,4,2,1,5,2,1,1
533737953,0,,,89,42,47,4,2,2,85,40,45,44,23,21,85,40,45,83,39,44,41,17,24,20,7,13,6,3,3,1,1,0,0,0,0,34,34,6,12,9,5,1,0,1,28,20,8,1,27,0,4,4
533737954,0,,,29,13,16,6,2,4,23,11,12,14,9,5,22,10,12,22,10,12,9,2,7,6,1,5,4,0,4,0,0,0,0,0,0,11,11,4,1,4,0,1,1,0,7,4,3,1,7,1,2,1
533737961,2,533737863,,1,1,0,*,*,*,*,*,*,*,*,*,*,*,*,*,*,*,*,*,*,*,*,*,*,*,*,*,*,*,*,*,*,1,1,*,*,*,*,*,*,*,*,*,*,*,*,*,*,*
533740001,2,533740014,,3,1,2,*,*,*,*,*,*,*,*,*,*,*,*,*,*,*,*,*,*,*,*,*,*,*,*,*,*,*,*,*,*,1,1,*,*,*,*,*,*,*,*,*,*,*,*,*,*,*
533740014,1,,533740001;533740103;533740203,10,6,4,0,0,0,21,10,11,6,4,2,21,10,11,21,10,11,15,6,9,12,5,7,4,2,2,1,0,1,0,0,0,5,5,5,5,2,0,0,0,0,7,6,1,0,12,0,5,3
533740052,1,,533740062,15,8,7,0,0,0,21,11,10,9,7,2,21,11,10,21,11,10,12,4,8,6,1,5,3,1,2,0,0,0,0,0,0,7,7,1,5,2,1,0,0,0,8,7,1,0,8,0,1,3
533740053,2,533740054,,10,6,4,*,*,*,*,*,*,*,*,*,*,*,*,*,*,*,*,*,*,*,*,*,*,*,*,*,*,*,*,*,*,3,3,*,*,*,*,*,*,*,*,*,*,*,*,*,*,*
533740054,1,,533740053;533740173,12,4,8,2,2,0,25,11,14,7,3,4,24,11,13,24,11,13,18,8,10,13,5,8,5,2,3,0,0,0,0,0,0,7,7,8,3,2,0,0,0,1,6,4,2,0,13,0,7,3
533740062,2,533740052,,6,3,3,*,*,*,*,*,*,*,*,*,*,*,*,*,*,*,*,*,*,*,*,*,*,*,*,*,*,*,*,*,*,2,2,*,*,*,*,*,*,*,*,*,*,*,*,*,*,*
533740083,2,533740084,,1,1,0,*,*,*,*,*,*,*,*,*,*,*,*,*,*,*,*,*,*,*,*,*,*,*,*,*,*,*,*,*,*,1,1,*,*,*,*,*,*,*,*,*,*,*,*,*,*,*
533740084,1,,533740083;533740093;533740191,9,4,5,0,0,0,12,6,6,3,1,2,12,6,6,12,6,6,9,5,4,5,2,3,3,1,2,1,0,1,0,0,0,4,4,4,1,2,0,0,0,0,3,1,2,0,6,0,3,1
533740093,2,533740084,,1,1,0,*,*,*,*,*,*,*,*,*,*,*,*,*,*,*,*,*,*,*,*,*,*,*,*,*,*,*,*,*,*,1,1,*,*,*,*,*,*,*,*,*,*,*,*,*,*,*
533740103,2,533740014,,6,2,4,*,*,*,*,*,*,*,*,*,*,*,*,*,*,*,*,*,*,*,*,*,*,*,*,*,*,*,*,*,*,5,5,*,*,*,*,*,*,*,*,*,*,*,*,*,*,*
533740173,2,533740054,,5,3,2,*,*,*,*,*,*,*,*,*,*,*,*,*,*,*,*,*,*,*,*,*,*,*,*,*,*,*,*,*,*,4,4,*,*,*,*,*,*,*,*,*,*,*,*,*,*,*
533740191,2,533740084,,1,0,1,*,*,*,*,*,*,*,*,*,*,*,*,*,*,*,*,*,*,*,*,*,*,*,*,*,*,*,*,*,*,1,1,*,*,*,*,*,*,*,*,*,*,*,*,*,*,*
533740203,2,533740014,,2,1,1,*,*,*,*,*,*,*,*,*,*,*,*,*,*,*,*,*,*,*,*,*,*,*,*,*,*,*,*,*,*,1,1,*,*,*,*,*,*,*,*,*,*,*,*,*,*,*
533740263,2,533740372,,5,2,3,*,*,*,*,*,*,*,*,*,*,*,*,*,*,*,*,*,*,*,*,*,*,*,*,*,*,*,*,*,*,1,1,*,*,*,*,*,*,*,*,*,*,*,*,*,*,*
533740264,2,533740372,,2,1,1,*,*,*,*,*,*,*,*,*,*,*,*,*,*,*,*,*,*,*,*,*,*,*,*,*,*,*,*,*,*,1,1,*,*,*,*,*,*,*,*,*,*,*,*,*,*,*
533740274,2,533740372,,4,2,2,*,*,*,*,*,*,*,*,*,*,*,*,*,*,*,*,*,*,*,*,*,*,*,*,*,*,*,*,*,*,2,2,*,*,*,*,*,*,*,*,*,*,*,*,*,*,*
533740303,2,533740512,,3,1,2,*,*,*,*,*,*,*,*,*,*,*,*,*,*,*,*,*,*,*,*,*,*,*,*,*,*,*,*,*,*,3,3,*,*,*,*,*,*,*,*,*,*,*,*,*,*,*
533740361,2,533740372,,2,1,1,*,*,*,*,*,*,*,*,*,*,*,*,*,*,*,*,*,*,*,*,*,*,*,*,*,*,*,*,*,*,1,1,*,*,*,*,*,*,*,*,*,*,*,*,*,*,*
533740372,1,,533740263;533740264;533740274;533740361,5,2,3,1,1,0,17,7,10,9,5,4,15,6,9,15,6,9,8,2,6,6,1,5,2,0,2,0,0,0,0,0,0,2,2,2,2,1,1,1,0,0,5,3,2,0,6,0,2,0
533740383,0,,,13,7,6,0,0,0,13,7,6,4,2,2,13,7,6,13,7,6,9,5,4,6,3,3,2,0,2,1,0,1,2,0,2,9,9,5,4,0,0,0,0,0,4,4,0,0,6,2,2,2
533740423,2,533740521,,4,1,3,*,*,*,*,*,*,*,*,*,*,*,*,*,*,*,*,*,*,*,*,*,*,*,*,*,*,*,*,*,*,2,2,*,*,*,*,*,*,*,*,*,*,*,*,*,*,*
533740481,2,533740482,,7,2,5,*,*,*,*,*,*,*,*,*,*,*,*,*,*,*,*,*,*,*,*,*,*,*,*,*,*,*,*,*,*,6,6,*,*,*,*,*,*,*,*,*,*,*,*,*,*,*
533740482,1,,533740481,4,2,2,0,0,0,11,4,7,3,0,3,11,4,7,11,4,7,8,4,4,3,1,2,1,0,1,0,0,0,3,0,3,2,2,5,3,0,0,0,0,0,3,3,0,0,5,3,2,3
533740484,0,,,15,8,7,1,1,0,14,7,7,7,3,4,12,7,5,12,7,5,7,4,3,5,2,3,1,0,1,0,0,0,0,0,0,4,4,0,1,1,1,0,1,0,4,2,2,0,4,0,0,1
533740492,0,,,10,4,6,0,0,0,10,4,6,2,0,2,9,4,5,9,4,5,8,4,4,5,2,3,1,0,1,0,0,0,0,0,0,5,5,1,3,1,0,0,0,0,4,4,0,0,5,0,1,3
533740494,0,,,30,13,17,3,2,1,27,11,16,13,5,8,26,11,15,26,11,15,14,6,8,7,3,4,1,0,1,0,0,0,0,0,0,12,12,2,5,2,3,0,0,0,10,7,3,1,9,0,1,4
533740511,0,,,16,7,9,0,0,0,16,7,9,7,3,4,16,7,9,16,7,9,9,4,5,9,4,5,4,2,2,0,0,0,0,0,0,7,7,2,3,0,2,0,0,0,5,2,3,0,6,0,1,2
533740512,1,,533740303,13,7,6,0,0,0,16,8,8,3,2,1,16,8,8,16,8,8,13,6,7,6,3,3,3,1,2,1,0,1,0,0,0,5,5,3,3,1,1,0,0,0,5,3,2,0,8,0,3,3
533740513,0,,,11,5,6,0,0,0,11,5,6,4,2,2,11,5,6,11,5,6,7,3,4,2,1,1,0,0,0,0,0,0,0,0,0,5,5,1,3,0,1,0,0,0,4,3,1,0,4,0,1,2
533740521,1,,533740423;533740523,14,5,9,0,0,0,22,8,14,3,1,2,22,8,14,22,8,14,19,7,12,11,3,8,6,1,5,2,0,2,0,0,0,8,8,5,3,1,2,0,0,0,6,3,3,0,11,0,5,2
533740523,2,533740521,,4,2,2,*,*,*,*,*,*,*,*,*,*,*,*,*,*,*,*,*,*,*,*,*,*,*,*,*,*,*,*,*,*,1,1,*,*,*,*,*,*,*,*,*,*,*,*,*,*,*
533740533,0,,,10,6,4,0,0,0,10,6,4,4,4,0,10,6,4,10,6,4,6,2,4,5,1,4,4,1,3,0,0,0,0,0,0,6,6,3,2,1,0,0,0,0,3,3,0,0,4,0,1,0
533740541,2,533740543,,2,0,2,*,*,*,*,*,*,*,*,*,*,*,*,*,*,*,*,*,*,*,*,*,*,*,*,*,*,*,*,*,*,2,2,*,*,*,*,*,*,*,*,*,*,*,*,*,*,*
533740543,1,,533740541,19,8,11,5,2,3,16,6,10,9,3,6,16,6,10,16,6,10,7,3,4,4,1,3,2,1,1,0,0,0,0,0,0,5,5,2,3,0,0,0,1,1,5,3,2,1,5,0,2,1
533740591,1,,533740592,29,14,15,0,0,0,33,15,18,18,7,11,33,15,18,33,15,18,15,8,7,10,4,6,4,1,3,0,0,0,0,0,0,12,12,2,6,5,1,0,0,0,12,9,3,0,10,0,0,2
533740592,2,533740591,,4,1,3,*,*,*,*,*,*,*,*,*,*,*,*,*,*,*,*,*,*,*,*,*,*,*,*,*,*,*,*,*,*,2,2,*,*,*,*,*,*,*,*,*,*,*,*,*,*,*
533740601,0,,,23,10,13,1,1,0,22,9,13,12,6,6,22,9,13,22,9,13,10,3,7,9,3,6,5,1,4,0,0,0,0,0,0,9,9,2,3,2,1,1,0,0,7,4,3,0,8,0,1,1
533740602,2,533740604,,4,2,2,*,*,*,*,*,*,*,*,*,*,*,*,*,*,*,*,*,*,*,*,*,*,*,*,*,*,*,*,*,*,2,2,*,*,*,*,*,*,*,*,*,*,*,*,*,*,*
533740603,0,,,15,6,9,0,0,0,15,6,9,8,3,5,15,6,9,15,6,9,7,3,4,4,1,3,1,0,1,0,0,0,0,0,0,5,5,0,2,1,2,0,0,0,5,3,2,0,4,0,0,2
533740604,1,,533740602;533740711,7,4,3,0,0,0,18,9,9,13,6,7,18,9,9,17,8,9,5,3,2,3,2,1,2,2,0,0,0,0,0,0,0,2,2,0,4,0,0,2,0,0,6,4,2,0,3,0,0,1
533740631,0,,,15,4,11,0,0,0,15,4,11,7,1,6,15,4,11,15,4,11,8,3,5,4,2,2,1,0,1,0,0,0,4,0,4,11,11,7,4,0,0,0,0,0,4,4,0,0,6,3,2,2
533740711,2,533740604,,7,3,4,*,*,*,*,*,*,*,*,*,*,*,*,*,*,*,*,*,*,*,*,*,*,*,*,*,*,*,*,*,*,2,2,*,*,*,*,*,*,*,*,*,*,*,*,*,*,*
533740732,2,533740743,,9,4,5,*,*,*,*,*,*,*,*,*,*,*,*,*,*,*,*,*,*,*,*,*,*,*,*,*,*,*,*,*,*,3,3,*,*,*,*,*,*,*,*,*,*,*,*,*,*,*
533740743,1,,533740732,19,8,11,1,0,1,27,12,15,10,4,6,27,12,15,27,12,15,17,8,9,6,2,4,4,1,3,1,1,0,0,0,0,7,7,0,4,4,2,0,0,0,10,5,5,0,8,0,0,3
533740802,0,,,39,14,25,1,0,1,38,14,24,19,8,11,35,14,21,35,14,21,19,6,13,13,4,9,3,2,1,0,0,0,0,0,0,17,17,6,6,1,2,2,0,0,11,7,4,0,14,0,5,4
533740803,0,,,27,18,9,0,0,0,27,18,9,17,14,3,27,18,9,27,18,9,10,4,6,8,3,5,4,2,2,0,0,0,7,7,0,16,16,10,3,1,2,0,0,0,6,5,1,0,6,5,1,3
533740804,0,,,44,25,19,5,4,1,39,21,18,18,11,7,38,20,18,38,20,18,21,10,11,9,4,5,5,2,3,0,0,0,1,1,0,19,19,5,6,6,1,1,0,0,14,13,1,1,13,1,3,5
533740841,0,,,20,11,9,0,0,0,20,11,9,9,5,4,20,11,9,20,11,9,11,6,5,7,3,4,4,2,2,0,0,0,0,0,0,9,9,2,4,2,1,0,0,0,7,5,2,0,6,0,1,2
533740843,0,,,17,9,8,1,0,1,16,9,7,7,4,3,16,9,7,16,9,7,9,5,4,5,3,2,1,1,0,0,0,0,0,0,0,6,6,0,3,2,0,1,0,0,6,4,2,0,5,0,0,2
533740844,0,,,11,5,6,0,0,0,11,5,6,2,2,0,11,5,6,11,5,6,9,3,6,5,1,4,1,0,1,0,0,0,0,0,0,6,6,1,5,0,0,0,0,0,5,4,1,0,6,0,1,3
533740851,0,,,65,32,33,3,1,2,62,31,31,43,20,23,62,31,31,61,30,31,19,11,8,13,8,5,7,5,2,1,0,1,25,10,15,39,39,23,9,5,1,1,0,0,16,13,3,0,13,1,3,3
533740853,0,,,35,20,15,1,1,0,34,19,15,16,11,5,33,18,15,33,18,15,18,8,10,3,1,2,2,0,2,0,0,0,5,3,2,17,16,6,5,4,0,0,1,0,10,8,2,0,9,0,1,3
533740854,0,,,46,22,24,1,0,1,45,22,23,20,11,9,44,22,22,44,22,22,25,11,14,18,8,10,8,4,4,1,1,0,1,0,1,19,19,5,7,4,0,3,0,0,14,8,6,0,15,0,4,4
533740863,2,533740961,,4,2,2,*,*,*,*,*,*,*,*,*,*,*,*,*,*,*,*,*,*,*,*,*,*,*,*,*,*,*,*,*,*,2,2,*,*,*,*,*,*,*,*,*,*,*,*,*,*,*
533740884,1,,533740893,15,7,8,4,3,1,15,6,9,5,3,2,15,6,9,15,6,9,10,3,7,5,2,3,2,0,2,0,0,0,0,0,0,4,4,0,2,0,2,0,0,1,5,2,3,1,5,0,0,1
533740893,2,533740884,,4,2,2,*,*,*,*,*,*,*,*,*,*,*,*,*,*,*,*,*,*,*,*,*,*,*,*,*,*,*,*,*,*,1,1,*,*,*,*,*,*,*,*,*,*,*,*,*,*,*
533740902,0,,,21,11,10,0,0,0,21,11,10,6,3,3,21,11,10,21,11,10,15,8,7,6,2,4,3,0,3,0,0,0,0,0,0,10,10,2,5,3,0,0,0,0,8,7,1,0,8,0,1,1
533740903,0,,,13,7,6,0,0,0,13,7,6,6,3,3,13,7,6,13,7,6,7,4,3,4,2,2,2,1,1,0,0,0,0,0,0,5,5,0,3,1,1,0,0,0,5,3,2,0,5,0,0,2
533740904,0,,,12,6,6,0,0,0,12,6,6,4,3,1,12,6,6,12,6,6,8,3,5,4,1,3,2,1,1,0,0,0,0,0,0,5,5,2,1,1,0,1,0,0,3,1,2,0,4,0,1,0
533740911,2,533740914,,2,1,1,*,*,*,*,*,*,*,*,*,*,*,*,*,*,*,*,*,*,*,*,*,*,*,*,*,*,*,*,*,*,1,1,*,*,*,*,*,*,*,*,*,*,*,*,*,*,*
533740913,0,,,25,13,12,3,1,2,22,12,10,14,10,4,22,12,10,22,12,10,8,2,6,6,2,4,5,1,4,0,0,0,0,0,0,10,10,3,3,1,2,1,0,0,7,4,3,0,6,0,2,1
533740914,1,,533740911,13,8,5,2,2,0,13,7,6,9,6,3,11,6,5,11,6,5,4,1,3,4,1,3,2,1,1,0,0,0,1,0,1,5,5,2,2,1,0,0,1,0,4,3,1,0,3,2,0,1
533740922,2,533740931,,7,4,3,*,*,*,*,*,*,*,*,*,*,*,*,*,*,*,*,*,*,*,*,*,*,*,*,*,*,*,*,*,*,3,3,*,*,*,*,*,*,*,*,*,*,*,*,*,*,*
533740931,1,,533740922,4,2,2,0,0,0,11,6,5,2,1,1,11,6,5,11,6,5,9,5,4,8,4,4,2,1,1,0,0,0,0,0,0,2,2,1,3,0,1,0,0,0,4,3,1,0,5,0,1,2
533740941,2,533740943,,11,4,7,*,*,*,*,*,*,*,*,*,*,*,*,*,*,*,*,*,*,*,*,*,*,*,*,*,*,*,*,*,*,4,4,*,*,*,*,*,*,*,*,*,*,*,*,*,*,*
533740942,2,533740943,,5,2,3,*,*,*,*,*,*,*,*,*,*,*,*,*,*,*,*,*,*,*,*,*,*,*,*,*,*,*,*,*,*,3,3,*,*,*,*,*,*,*,*,*,*,*,*,*,*,*
533740943,1,,533740941;533740942,10,5,5,4,1,3,22,10,12,7,4,3,22,10,12,22,10,12,15,6,9,6,3,3,4,1,3,0,0,0,0,0,0,4,4,4,3,2,0,2,0,0,7,5,2,1,8,0,2,3
533740952,0,,,86,41,45,10,4,6,76,37,39,33,18,15,75,36,39,74,36,38,43,19,24,24,9,15,8,2,6,1,0,1,0,0,0,35,35,7,13,9,4,2,0,0,28,23,5,2,27,0,6,10
533740953,0,,,22,11,11,1,1,0,21,10,11,12,5,7,20,9,11,20,9,11,9,5,4,3,1,2,1,0,1,0,0,0,0,0,0,9,9,1,4,3,1,0,0,0,8,6,2,1,5,0,0,3
533740954,0,,,11,6,5,0,0,0,11,6,5,7,4,3,11,6,5,11,6,5,4,2,2,2,1,1,0,0,0,0,0,0,0,0,0,5,5,0,4,1,0,0,0,0,5,5,0,0,2,0,0,1
533740961,1,,533740863,137,73,64,19,13,6,122,62,60,53,29,24,118,60,58,118,60,58,69,33,36,38,18,20,13,6,7,0,0,0,1,0,1,52,52,13,22,4,7,5,2,1,41,31,10,5,43,1,11,17
533740962,0,,,59,25,34,11,4,7,48,21,27,29,13,16,48,21,27,48,21,27,19,8,11,9,4,5,4,1,3,0,0,0,0,0,0,24,24,8,8,2,4,1,0,1,16,11,5,1,11,3,3,3
533740963,2,533740964,,9,6,3,*,*,*,*,*,*,*,*,*,*,*,*,*,*,*,*,*,*,*,*,*,*,*,*,*,*,*,*,*,*,5,5,*,*,*,*,*,*,*,*,*,*,*,*,*,*,*
533740964,1,,533740963,140,63,77,15,6,9,134,63,71,76,37,39,130,61,69,126,60,66,58,26,32,33,15,18,17,5,12,2,2,0,1,0,1,61,60,23,23,9,4,3,1,2,42,28,14,1,42,1,12,10
533740971,0,,,24,11,13,0,0,0,24,11,13,12,6,6,24,11,13,23,10,13,12,5,7,8,2,6,4,1,3,0,0,0,0,0,0,11,11,3,6,0,1,1,0,0,8,5,3,0,8,0,2,2
533740973,0,,,10,5,5,0,0,0,10,5,5,6,3,3,10,5,5,10,5,5,4,2,2,4,2,2,1,0,1,0,0,0,0,0,0,4,4,1,1,1,1,0,0,0,3,2,1,0,3,0,1,1
533740982,0,,,31,14,17,1,0,1,30,14,16,10,5,5,30,14,16,30,14,16,20,9,11,8,4,4,2,0,2,0,0,0,0,0,0,12,12,1,6,4,0,0,1,0,11,8,3,0,11,0,1,5
533740983,0,,,26,13,13,5,4,1,21,9,12,16,7,9,21,9,12,21,9,12,5,2,3,2,0,2,0,0,0,0,0,0,0,0,0,6,6,0,0,3,0,1,2,0,6,1,5,1,4,0,0,0
533740991,0,,,57,30,27,2,1,1,55,29,26,25,13,12,54,28,26,54,28,26,30,16,14,15,7,8,5,3,2,1,0,1,0,0,0,21,21,3,9,4,2,2,1,0,17,13,4,0,19,0,3,5
533740992,0,,,42,23,19,4,3,1,38,20,18,18,11,7,36,18,18,36,18,18,20,9,11,9,4,5,4,2,2,1,1,0,0,0,0,15,15,2,5,4,3,0,1,0,13,8,5,1,11,0,1,4
533741011,2,533741012,,3,1,2,*,*,*,*,*,*,*,*,*,*,*,*,*,*,*,*,*,*,*,*,*,*,*,*,*,*,*,*,*,*,1,1,*,*,*,*,*,*,*,*,*,*,*,*,*,*,*
533741012,1,,533741011,155,68,87,25,14,11,133,55,78,58,31,27,129,52,77,127,50,77,75,24,51,51,13,38,33,8,25,10,2,8,0,0,0,43,42,12,12,5,6,4,3,1,31,21,10,5,27,2,9,5
533741014,0,,,85,39,46,8,5,3,77,34,43,38,21,17,75,32,43,75,32,43,39,13,26,27,7,20,12,2,10,2,0,2,0,0,0,35,35,10,14,5,2,2,1,1,25,17,8,3,27,1,7,7
533741021,2,533741022,,9,3,6,*,*,*,*,*,*,*,*,*,*,*,*,*,*,*,*,*,*,*,*,*,*,*,*,*,*,*,*,*,*,3,3,*,*,*,*,*,*,*,*,*,*,*,*,*,*,*
533741022,1,,533741021;533741024,33,14,19,2,0,2,41,17,24,21,10,11,40,17,23,40,17,23,20,7,13,11,2,9,5,1,4,1,0,1,3,2,1,15,15,6,7,3,1,2,0,0,13,10,3,0,14,0,5,7
533741024,2,533741022,,1,0,1,*,*,*,*,*,*,*,*,*,*,*,*,*,*,*,*,*,*,*,*,*,*,*,*,*,*,*,*,*,*,1,1,*,*,*,*,*,*,*,*,*,*,*,*,*,*,*
533741031,0,,,139,72,67,19,13,6,118,58,60,75,40,35,115,55,60,114,54,60,43,18,25,24,8,16,7,1,6,1,1,0,1,1,0,61,61,21,20,9,6,4,0,1,39,34,5,4,31,2,11,8
533741032,0,,,63,26,37,5,3,2,58,23,35,23,10,13,58,23,35,58,23,35,35,13,22,22,7,15,9,2,7,1,0,1,0,0,0,27,27,6,13,4,2,1,1,0,21,15,6,1,21,0,4,8
533741033,0,,,59,27,32,5,3,2,54,24,30,23,14,9,52,24,28,51,23,28,31,10,21,15,5,10,5,0,5,2,0,2,1,1,0,24,24,6,6,8,3,1,0,0,18,13,5,0,18,0,4,2
533741034,1,,533741043,186,86,100,14,7,7,175,81,94,93,45,48,169,78,91,169,78,91,82,36,46,44,20,24,12,3,9,0,0,0,7,6,1,70,70,12,33,11,10,2,2,2,60,48,12,5,52,0,7,20
533741043,2,533741034,,3,2,1,*,*,*,*,*,*,*,*,*,*,*,*,*,*,*,*,*,*,*,*,*,*,*,*,*,*,*,*,*,*,2,2,*,*,*,*,*,*,*,*,*,*,*,*,*,*,*
533741061,2,533741241,,2,1,1,*,*,*,*,*,*,*,*,*,*,*,*,*,*,*,*,*,*,*,*,*,*,*,*,*,*,*,*,*,*,1,1,*,*,*,*,*,*,*,*,*,*,*,*,*,*,*
533741062,2,533741241,,4,2,2,*,*,*,*,*,*,*,*,*,*,*,*,*,*,*,*,*,*,*,*,*,*,*,*,*,*,*,*,*,*,2,2,*,*,*,*,*,*,*,*,*,*,*,*,*,*,*
533741091,0,,,31,12,19,0,0,0,31,12,19,16,8,8,30,12,18,29,12,17,15,4,11,10,2,8,6,1,5,1,0,1,1,0,1,10,10,2,1,3,3,0,1,0,8,1,7,0,10,0,2,0
533741092,0,,,21,11,10,1,0,1,20,11,9,8,5,3,20,11,9,20,11,9,12,6,6,6,2,4,2,0,2,0,0,0,0,0,0,9,9,4,2,1,1,0,1,0,5,2,3,0,9,0,4,1
533741094,1,,533741191,28,13,15,6,3,3,23,10,13,12,5,7,23,10,13,23,10,13,11,5,6,5,1,4,3,1,2,0,0,0,0,0,0,9,9,3,2,3,0,1,0,1,7,6,1,1,8,0,3,2
533741104,2,533741202,,9,5,4,*,*,*,*,*,*,*,*,*,*,*,*,*,*,*,*,*,*,*,*,*,*,*,*,*,*,*,*,*,*,4,4,*,*,*,*,*,*,*,*,*,*,*,*,*,*,*
533741111,2,533741112,,6,2,4,*,*,*,*,*,*,*,*,*,*,*,*,*,*,*,*,*,*,*,*,*,*,*,*,*,*,*,*,*,*,2,2,*,*,*,*,*,*,*,*,*,*,*,*,*,*,*
533741112,1,,533741111,41,18,23,9,1,8,38,19,19,24,13,11,37,19,18,37,19,18,14,6,8,7,2,5,3,1,2,0,0,0,5,3,2,22,22,12,7,0,4,1,0,0,12,11,1,3,10,0,5,4
533741113,1,,533741211;533741213,35,14,21,0,0,0,39,16,23,24,12,12,38,16,22,38,16,22,15,4,11,13,3,10,8,2,6,0,0,0,4,2,2,18,18,11,7,2,2,0,0,0,11,8,3,0,13,4,6,2
533741122,0,,,23,10,13,9,4,5,14,6,8,11,5,6,13,6,7,12,6,6,3,1,2,0,0,0,0,0,0,0,0,0,0,0,0,4,4,0,0,0,1,1,0,2,4,2,2,2,2,0,0,0
533741131,0,,,78,37,41,7,4,3,71,33,38,41,20,21,70,33,37,70,33,37,30,13,17,14,4,10,5,0,5,0,0,0,0,0,0,32,32,7,15,3,4,2,1,0,25,16,9,1,20,0,2,8
533741133,1,,533741231;533741234,64,30,34,3,3,0,68,30,38,36,17,19,64,28,36,62,27,35,32,13,19,17,6,11,7,2,5,1,0,1,0,0,0,21,21,2,6,9,6,0,1,0,22,13,9,0,19,0,2,3
533741134,0,,,28,10,18,4,1,3,24,9,15,12,4,8,24,9,15,23,9,14,12,5,7,7,2,5,3,1,2,0,0,0,0,0,0,9,9,2,2,1,3,0,0,1,7,5,2,2,6,0,2,0
533741191,2,533741094,,1,0,1,*,*,*,*,*,*,*,*,*,*,*,*,*,*,*,*,*,*,*,*,*,*,*,*,*,*,*,*,*,*,1,1,*,*,*,*,*,*,*,*,*,*,*,*,*,*,*
533741202,1,,533741104,40,15,25,6,2,4,43,18,25,22,8,14,43,18,25,43,18,25,21,10,11,9,5,4,4,3,1,0,0,0,5,0,5,18,18,8,8,3,1,1,0,1,14,11,3,0,12,5,1,6
533741204,0,,,17,8,9,1,1,0,16,7,9,11,4,7,16,7,9,16,7,9,5,3,2,1,1,0,1,1,0,0,0,0,4,1,3,8,8,5,0,1,1,1,0,0,3,0,3,0,2,4,0,0
533741211,2,533741113,,2,0,2,*,*,*,*,*,*,*,*,*,*,*,*,*,*,*,*,*,*,*,*,*,*,*,*,*,*,*,*,*,*,2,2,*,*,*,*,*,*,*,*,*,*,*,*,*,*,*
533741213,2,533741113,,2,2,0,*,*,*,*,*,*,*,*,*,*,*,*,*,*,*,*,*,*,*,*,*,*,*,*,*,*,*,*,*,*,2,2,*,*,*,*,*,*,*,*,*,*,*,*,*,*,*
533741231,2,533741133,,4,3,1,*,*,*,*,*,*,*,*,*,*,*,*,*,*,*,*,*,*,*,*,*,*,*,*,*,*,*,*,*,*,2,2,*,*,*,*,*,*,*,*,*,*,*,*,*,*,*
533741234,2,533741133,,3,0,3,*,*,*,*,*,*,*,*,*,*,*,*,*,*,*,*,*,*,*,*,*,*,*,*,*,*,*,*,*,*,1,1,*,*,*,*,*,*,*,*,*,*,*,*,*,*,*
533741241,1,,533741061;533741062,7,3,4,1,1,0,12,5,7,2,1,1,12,5,7,12,5,7,10,4,6,3,1,2,2,0,2,2,0,2,0,0,0,2,2,1,1,2,1,0,0,0,4,1,3,0,5,0,1,1
533741242,0,,,15,7,8,3,2,1,12,5,7,7,3,4,11,5,6,11,5,6,5,2,3,3,1,2,2,1,1,0,0,0,0,0,0,6,6,1,3,1,0,1,0,0,5,5,0,0,4,0,1,1
533741251,1,,533741252;533741254,3,1,2,1,0,1,11,4,7,7,3,4,10,4,6,10,4,6,4,1,3,4,1,3,2,0,2,0,0,0,0,0,0,2,2,2,3,0,1,0,0,0,4,4,0,0,3,0,1,1
533741252,2,533741251,,4,1,3,*,*,*,*,*,*,*,*,*,*,*,*,*,*,*,*,*,*,*,*,*,*,*,*,*,*,*,*,*,*,2,2,*,*,*,*,*,*,*,*,*,*,*,*,*,*,*
533741254,2,533741251,,5,2,3,*,*,*,*,*,*,*,*,*,*,*,*,*,*,*,*,*,*,*,*,*,*,*,*,*,*,*,*,*,*,2,2,*,*,*,*,*,*,*,*,*,*,*,*,*,*,*
533741301,0,,,10,6,4,1,1,0,9,5,4,5,3,2,8,4,4,7,3,4,4,2,2,1,0,1,1,0,1,1,0,1,1,1,0,4,4,1,1,1,1,0,0,0,3,2,1,0,2,0,0,1
533741302,0,,,38,22,16,0,0,0,38,22,16,19,11,8,37,22,15,35,21,14,19,11,8,14,9,5,1,1,0,0,0,0,0,0,0,13,13,2,5,2,1,2,1,0,11,8,3,0,11,0,1,4
533741303,0,,,42,20,22,1,0,1,41,20,21,21,9,12,41,20,21,40,20,20,20,11,9,10,6,4,5,2,3,2,0,2,0,0,0,20,20,5,10,3,2,0,0,0,15,12,3,0,14,0,4,4
533741304,1,,533741411,48,20,28,14,4,10,39,18,21,30,13,17,37,17,20,37,17,20,9,5,4,2,0,2,1,0,1,0,0,0,9,3,6,14,14,4,3,1,5,0,1,2,12,8,4,4,7,0,2,2
533741311,0,,,77,38,39,9,6,3,68,32,36,28,16,12,68,32,36,68,32,36,40,16,24,23,8,15,8,3,5,1,0,1,2,0,2,33,33,11,11,5,3,1,2,0,22,15,7,3,23,0,6,6
533741313,0,,,57,30,27,3,1,2,54,29,25,24,12,12,54,29,25,54,29,25,30,17,13,14,8,6,7,4,3,0,0,0,0,0,0,20,20,3,9,2,2,2,2,0,17,9,8,2,18,0,3,6
533741374,0,,,47,20,27,4,1,3,43,19,24,23,10,13,42,19,23,42,19,23,20,9,11,17,7,10,10,3,7,1,0,1,0,0,0,17,17,5,4,3,1,3,1,0,12,5,7,1,14,0,3,1
533741381,1,,533741383,16,7,9,1,1,0,17,7,10,7,2,5,16,7,9,16,7,9,10,5,5,3,2,1,0,0,0,0,0,0,0,0,0,7,7,2,5,0,0,0,1,0,6,5,1,0,6,0,1,4
533741383,2,533741381,,2,1,1,*,*,*,*,*,*,*,*,*,*,*,*,*,*,*,*,*,*,*,*,*,*,*,*,*,*,*,*,*,*,1,1,*,*,*,*,*,*,*,*,*,*,*,*,*,*,*
533741401,1,,533741402,88,45,43,14,6,8,75,40,35,45,22,23,72,38,34,72,38,34,30,18,12,11,6,5,2,1,1,0,0,0,9,9,0,34,34,13,10,4,2,2,2,2,22,15,7,2,21,8,4,8
533741402,2,533741401,,1,1,0,*,*,*,*,*,*,*,*,*,*,*,*,*,*,*,*,*,*,*,*,*,*,*,*,*,*,*,*,*,*,1,1,*,*,*,*,*,*,*,*,*,*,*,*,*,*,*
533741403,1,,533741404,38,20,18,6,3,3,34,18,16,21,12,9,32,18,14,31,18,13,13,6,7,5,1,4,1,0,1,0,0,0,4,4,0,15,15,7,3,1,3,1,0,1,9,7,2,0,9,4,3,2
533741404,2,533741403,,2,1,1,*,*,*,*,*,*,*,*,*,*,*,*,*,*,*,*,*,*,*,*,*,*,*,*,*,*,*,*,*,*,1,1,*,*,*,*,*,*,*,*,*,*,*,*,*,*,*
533741411,2,533741304,,5,2,3,*,*,*,*,*,*,*,*,*,*,*,*,*,*,*,*,*,*,*,*,*,*,*,*,*,*,*,*,*,*,2,2,*,*,*,*,*,*,*,*,*,*,*,*,*,*,*
533741432,2,533741553,,2,1,1,*,*,*,*,*,*,*,*,*,*,*,*,*,*,*,*,*,*,*,*,*,*,*,*,*,*,*,*,*,*,1,1,*,*,*,*,*,*,*,*,*,*,*,*,*,*,*
533741464,2,533741562,,5,3,2,*,*,*,*,*,*,*,*,*,*,*,*,*,*,*,*,*,*,*,*,*,*,*,*,*,*,*,*,*,*,2,2,*,*,*,*,*,*,*,*,*,*,*,*,*,*,*
533741472,0,,,73,34,39,8,3,5,65,31,34,39,19,20,59,28,31,57,27,30,26,12,14,14,7,7,2,2,0,0,0,0,0,0,0,21,21,4,5,1,3,5,2,1,17,8,9,1,17,0,3,4
533741473,0,,,13,5,8,1,1,0,12,4,8,6,1,5,12,4,8,12,4,8,6,3,3,1,0,1,0,0,0,0,0,0,0,0,0,5,5,1,2,1,0,1,0,0,4,3,1,0,4,0,1,2
533741482,1,,533741592,9,5,4,0,0,0,13,8,5,5,4,1,13,8,5,13,8,5,8,4,4,3,1,2,0,0,0,0,0,0,0,0,0,4,4,2,1,3,0,0,0,0,4,3,1,0,4,0,0,1
533741501,0,,,23,11,12,1,1,0,22,10,12,15,6,9,21,9,12,20,9,11,7,4,3,3,1,2,2,0,2,0,0,0,0,0,0,10,10,3,3,2,2,0,0,0,7,6,1,0,5,0,2,0
533741502,0,,,132,68,64,13,5,8,119,63,56,60,32,28,116,61,55,113,59,54,59,31,28,33,16,17,16,8,8,0,0,0,0,0,0,54,54,13,21,10,5,3,2,0,41,30,11,1,40,0,10,13
533741504,0,,,25,15,10,0,0,0,25,15,10,17,10,7,25,15,10,25,15,10,8,5,3,6,4,2,0,0,0,0,0,0,1,1,0,12,12,6,2,1,3,0,0,0,6,3,3,0,5,1,1,0
533741511,0,,,33,12,21,2,0,2,31,12,19,9,4,5,31,12,19,31,12,19,22,8,14,13,4,9,6,2,4,1,1,0,0,0,0,17,17,7,7,1,1,1,0,0,10,8,2,0,14,0,6,5
533741513,0,,,15,8,7,1,1,0,14,7,7,6,3,3,13,6,7,13,6,7,8,4,4,2,1,1,1,0,1,0,0,0,1,1,0,7,7,2,4,0,0,1,0,0,5,4,1,0,6,0,2,1
533741553,1,,533741432;533741554,17,10,7,0,0,0,24,14,10,11,7,4,22,13,9,22,13,9,13,7,6,7,4,3,2,1,1,0,0,0,0,0,0,8,8,3,3,2,1,1,0,0,7,5,2,0,9,0,3,2
533741554,2,533741553,,5,3,2,*,*,*,*,*,*,*,*,*,*,*,*,*,*,*,*,*,*,*,*,*,*,*,*,*,*,*,*,*,*,1,1,*,*,*,*,*,*,*,*,*,*,*,*,*,*,*
533741562,1,,533741464,52,26,26,1,1,0,56,28,28,22,14,8,56,28,28,56,28,28,34,14,20,16,5,11,9,2,7,1,0,1,0,0,0,27,27,12,8,7,2,0,0,0,17,12,5,1,23,0,8,6
533741563,2,533741564,,5,3,2,*,*,*,*,*,*,*,*,*,*,*,*,*,*,*,*,*,*,*,*,*,*,*,*,*,*,*,*,*,*,1,1,*,*,*,*,*,*,*,*,*,*,*,*,*,*,*
533741564,1,,533741563,22,10,12,1,1,0,26,12,14,10,4,6,25,12,13,25,12,13,16,8,8,9,3,6,5,2,3,1,1,0,0,0,0,8,8,2,2,2,1,1,1,0,7,2,5,0,9,0,2,2
533741592,2,533741482,,4,3,1,*,*,*,*,*,*,*,*,*,*,*,*,*,*,*,*,*,*,*,*,*,*,*,*,*,*,*,*,*,*,2,2,*,*,*,*,*,*,*,*,*,*,*,*,*,*,*
533741602,0,,,76,43,33,5,4,1,71,39,32,33,22,11,70,38,32,70,38,32,38,17,21,25,12,13,11,6,5,2,1,1,0,0,0,35,35,11,13,6,4,1,0,0,24,19,5,2,23,0,5,10
533741604,1,,533741613;533741711,57,30,27,3,3,0,63,31,32,29,12,17,63,31,32,63,31,32,34,19,15,19,9,10,7,3,4,0,0,0,3,0,3,27,27,12,13,3,1,3,0,0,20,16,4,0,25,1,8,5
533741613,2,533741604,,5,2,3,*,*,*,*,*,*,*,*,*,*,*,*,*,*,*,*,*,*,*,*,*,*,*,*,*,*,*,*,*,*,3,3,*,*,*,*,*,*,*,*,*,*,*,*,*,*,*
533741661,1,,533741663,42,19,23,7,3,4,49,24,25,19,11,8,48,23,25,48,23,25,30,13,17,17,8,9,7,3,4,0,0,0,0,0,0,16,16,4,4,6,1,2,2,0,15,9,6,0,17,0,4,4
533741663,2,533741661,,14,8,6,*,*,*,*,*,*,*,*,*,*,*,*,*,*,*,*,*,*,*,*,*,*,*,*,*,*,*,*,*,*,3,3,*,*,*,*,*,*,*,*,*,*,*,*,*,*,*
533741711,2,533741604,,4,2,2,*,*,*,*,*,*,*,*,*,*,*,*,*,*,*,*,*,*,*,*,*,*,*,*,*,*,*,*,*,*,2,2,*,*,*,*,*,*,*,*,*,*,*,*,*,*,*
533741752,0,,,161,77,84,19,10,9,142,67,75,74,35,39,139,66,73,138,65,73,68,32,36,44,17,27,16,6,10,3,1,2,0,0,0,59,59,12,23,8,9,2,3,2,47,31,16,2,48,1,10,12
533741754,0,,,84,39,45,2,0,2,82,39,43,37,18,19,80,38,42,80,38,42,45,21,24,28,13,15,10,5,5,0,0,0,0,0,0,32,32,8,7,8,8,0,1,0,24,12,12,1,26,1,5,6
533741761,1,,533741763,14,6,8,2,1,1,13,5,8,7,3,4,13,5,8,13,5,8,6,2,4,4,1,3,3,1,2,0,0,0,0,0,0,4,4,2,0,1,1,0,1,0,3,0,3,1,4,0,2,0
533741763,2,533741761,,1,0,1,*,*,*,*,*,*,*,*,*,*,*,*,*,*,*,*,*,*,*,*,*,*,*,*,*,*,*,*,*,*,1,1,*,*,*,*,*,*,*,*,*,*,*,*,*,*,*
533741793,0,,,41,16,25,5,3,2,36,13,23,17,6,11,36,13,23,36,13,23,19,7,12,15,4,11,4,1,3,0,0,0,0,0,0,14,14,6,2,1,1,1,2,1,8,2,6,1,14,0,6,0
533741812,0,,,15,5,10,2,1,1,13,4,9,4,2,2,13,4,9,13,4,9,9,2,7,4,0,4,2,0,2,0,0,0,0,0,0,5,5,1,0,3,0,1,0,0,4,0,4,0,5,0,1,0
533741813,2,533741814,,7,3,4,*,*,*,*,*,*,*,*,*,*,*,*,*,*,*,*,*,*,*,*,*,*,*,*,*,*,*,*,*,*,2,2,*,*,*,*,*,*,*,*,*,*,*,*,*,*,*
533741814,1,,533741813,41,26,15,6,6,0,42,23,19,21,11,10,40,22,18,40,22,18,21,12,9,11,6,5,4,2,2,0,0,0,0,0,0,13,13,2,5,2,3,1,1,1,13,9,4,1,12,0,1,3
533741882,0,,,27,10,17,1,1,0,26,9,17,14,6,8,26,9,17,26,9,17,12,3,9,10,2,8,6,2,4,1,0,1,0,0,0,9,9,2,1,2,3,1,0,0,7,1,6,1,9,0,2,1
533741891,1,,533741892,32,17,15,1,1,0,40,21,19,16,10,6,39,20,19,37,18,19,24,11,13,16,6,10,7,2,5,0,0,0,0,0,0,11,11,1,4,3,2,3,0,0,12,7,5,0,13,0,1,3
533741892,2,533741891,,9,5,4,*,*,*,*,*,*,*,*,*,*,*,*,*,*,*,*,*,*,*,*,*,*,*,*,*,*,*,*,*,*,2,2,*,*,*,*,*,*,*,*,*,*,*,*,*,*,*
533741911,0,,,51,24,27,0,0,0,51,24,27,20,10,10,51,24,27,51,24,27,31,14,17,20,8,12,12,4,8,1,0,1,0,0,0,20,20,2,9,6,2,1,0,0,18,10,8,0,18,0,2,6
533741912,0,,,30,12,18,2,1,1,28,11,17,12,5,7,28,11,17,28,11,17,16,6,10,9,2,7,5,1,4,0,0,0,0,0,0,15,15,5,6,3,1,0,0,0,10,8,2,1,12,0,5,2
533741961,2,533741962,,3,1,2,*,*,*,*,*,*,*,*,*,*,*,*,*,*,*,*,*,*,*,*,*,*,*,*,*,*,*,*,*,*,2,2,*,*,*,*,*,*,*,*,*,*,*,*,*,*,*
533741962,1,,533741961,39,17,22,1,0,1,41,18,23,14,5,9,41,18,23,41,18,23,27,13,14,20,7,13,6,1,5,1,1,0,0,0,0,15,15,4,6,3,3,1,0,0,13,6,7,0,14,0,3,4
533741963,2,533741964,,12,6,6,*,*,*,*,*,*,*,*,*,*,*,*,*,*,*,*,*,*,*,*,*,*,*,*,*,*,*,*,*,*,3,3,*,*,*,*,*,*,*,*,*,*,*,*,*,*,*
533741964,1,,533741963;533741973,73,34,39,9,6,3,88,39,49,39,18,21,88,39,49,88,39,49,49,21,28,29,11,18,10,4,6,0,0,0,0,0,0,32,32,6,21,4,4,3,1,0,33,25,8,1,30,0,4,10
533741973,2,533741964,,12,5,7,*,*,*,*,*,*,*,*,*,*,*,*,*,*,*,*,*,*,*,*,*,*,*,*,*,*,*,*,*,*,4,4,*,*,*,*,*,*,*,*,*,*,*,*,*,*,*
533742003,2,533742101,,9,6,3,*,*,*,*,*,*,*,*,*,*,*,*,*,*,*,*,*,*,*,*,*,*,*,*,*,*,*,*,*,*,5,5,*,*,*,*,*,*,*,*,*,*,*,*,*,*,*
533742012,2,533742014,,6,4,2,*,*,*,*,*,*,*,*,*,*,*,*,*,*,*,*,*,*,*,*,*,*,*,*,*,*,*,*,*,*,3,3,*,*,*,*,*,*,*,*,*,*,*,*,*,*,*
533742013,2,533742014,,6,4,2,*,*,*,*,*,*,*,*,*,*,*,*,*,*,*,*,*,*,*,*,*,*,*,*,*,*,*,*,*,*,4,4,*,*,*,*,*,*,*,*,*,*,*,*,*,*,*
533742014,1,,533742012;533742013;533742022,20,9,11,2,1,1,32,17,15,12,7,5,31,16,15,31,16,15,20,10,10,11,4,7,3,1,2,2,0,2,0,0,0,6,6,3,7,2,1,0,0,1,11,9,2,0,14,0,3,3
533742022,2,533742014,,2,1,1,*,*,*,*,*,*,*,*,*,*,*,*,*,*,*,*,*,*,*,*,*,*,*,*,*,*,*,*,*,*,1,1,*,*,*,*,*,*,*,*,*,*,*,*,*,*,*
533742043,2,533742132,,6,3,3,*,*,*,*,*,*,*,*,*,*,*,*,*,*,*,*,*,*,*,*,*,*,*,*,*,*,*,*,*,*,3,3,*,*,*,*,*,*,*,*,*,*,*,*,*,*,*
533742064,2,533742071,,3,2,1,*,*,*,*,*,*,*,*,*,*,*,*,*,*,*,*,*,*,*,*,*,*,*,*,*,*,*,*,*,*,3,3,*,*,*,*,*,*,*,*,*,*,*,*,*,*,*
533742071,1,,533742064;533742073,30,8,22,3,2,1,37,13,24,17,9,8,37,13,24,35,13,22,20,4,16,17,2,15,13,2,11,5,0,5,0,0,0,11,10,8,4,2,1,1,0,0,8,6,2,1,8,0,5,1
533742072,0,,,12,6,6,1,0,1,11,6,5,10,5,5,10,5,5,9,5,4,1,1,0,0,0,0,0,0,0,0,0,0,0,0,0,4,4,0,1,2,1,0,0,0,4,3,1,0,1,0,0,0
533742073,2,533742071,,7,5,2,*,*,*,*,*,*,*,*,*,*,*,*,*,*,*,*,*,*,*,*,*,*,*,*,*,*,*,*,*,*,3,3,*,*,*,*,*,*,*,*,*,*,*,*,*,*,*
533742081,0,,,85,41,44,8,4,4,77,37,40,41,21,20,74,36,38,72,36,36,36,16,20,22,9,13,8,2,6,0,0,0,0,0,0,24,23,2,8,2,5,1,2,3,21,10,11,1,20,0,2,5
533742082,0,,,104,48,56,15,6,9,89,42,47,46,24,22,86,40,46,84,39,45,43,18,25,28,11,17,11,5,6,1,0,1,0,0,0,36,35,8,12,5,4,3,0,3,27,17,10,4,26,0,6,10
533742084,1,,533742182,13,5,8,0,0,0,17,6,11,8,3,5,17,6,11,17,6,11,9,3,6,9,3,6,3,1,2,0,0,0,0,0,0,4,4,2,2,1,2,0,0,0,5,3,2,0,6,0,1,1
533742091,0,,,46,19,27,7,3,4,39,16,23,19,9,10,37,14,23,37,14,23,20,7,13,15,6,9,8,2,6,0,0,0,0,0,0,14,14,1,6,3,1,0,1,2,13,7,6,0,13,0,1,2
533742093,0,,,14,4,10,0,0,0,14,4,10,9,4,5,14,4,10,14,4,10,5,0,5,4,0,4,2,0,2,0,0,0,0,0,0,7,7,3,2,1,1,0,0,0,4,2,2,0,5,0,3,0
533742101,1,,533742003;533742104,1,0,1,0,0,0,11,7,4,3,2,1,11,7,4,11,7,4,8,5,3,2,1,1,0,0,0,0,0,0,0,0,0,1,1,4,2,1,0,0,0,0,3,3,0,0,6,0,3,2
533742104,2,533742101,,1,1,0,*,*,*,*,*,*,*,*,*,*,*,*,*,*,*,*,*,*,*,*,*,*,*,*,*,*,*,*,*,*,1,1,*,*,*,*,*,*,*,*,*,*,*,*,*,*,*
533742111,0,,,57,24,33,3,1,2,54,23,31,18,7,11,52,23,29,52,23,29,36,16,20,20,5,15,7,3,4,1,0,1,0,0,0,25,25,7,10,6,1,0,0,1,18,11,7,1,25,0,7,6
533742112,0,,,39,21,18,4,3,1,35,18,17,15,8,7,35,18,17,35,18,17,20,10,10,18,9,9,5,3,2,0,0,0,0,0,0,17,17,6,6,3,0,1,0,1,11,9,2,1,11,4,1,6
533742113,1,,533742211,8,4,4,0,0,0,13,5,8,6,2,4,13,5,8,13,5,8,7,3,4,3,0,3,2,0,2,0,0,0,0,0,0,4,4,0,5,1,0,0,0,0,6,5,1,0,6,0,0,3
533742121,0,,,78,37,41,2,0,2,76,37,39,35,20,15,71,33,38,70,32,38,41,17,24,23,7,16,8,3,5,1,1,0,2,1,1,31,31,8,11,6,3,1,1,1,23,17,6,0,25,0,8,7
533742122,1,,533742123,21,11,10,1,1,0,26,14,12,13,8,5,25,13,12,24,12,12,13,6,7,7,2,5,3,0,3,1,0,1,1,0,1,7,7,1,3,0,1,2,1,0,7,3,4,0,8,0,1,2
533742123,2,533742122,,6,4,2,*,*,*,*,*,*,*,*,*,*,*,*,*,*,*,*,*,*,*,*,*,*,*,*,*,*,*,*,*,*,1,1,*,*,*,*,*,*,*,*,*,*,*,*,*,*,*
533742124,0,,,9,4,5,0,0,0,9,4,5,5,2,3,8,4,4,8,4,4,4,2,2,2,2,0,0,0,0,0,0,0,1,0,1,7,7,6,0,1,0,0,0,0,1,1,0,0,4,0,4,0
533742132,1,,533742043,25,14,11,1,0,1,30,17,13,12,8,4,28,15,13,28,15,13,18,9,9,10,5,5,6,3,3,1,0,1,0,0,0,8,8,1,4,4,1,0,1,0,10,5,5,0,11,0,1,3
533742133,0,,,37,18,19,2,1,1,35,17,18,17,7,10,35,17,18,35,17,18,18,10,8,7,4,3,5,2,3,1,1,0,0,0,0,13,13,1,6,2,2,2,0,0,12,8,4,0,11,0,1,4
533742134,0,,,26,10,16,4,0,4,22,10,12,10,6,4,22,10,12,22,10,12,12,4,8,8,2,6,2,1,1,1,0,1,0,0,0,10,10,4,2,1,1,1,1,0,6,3,3,1,8,0,4,2
533742182,2,533742084,,4,1,3,*,*,*,*,*,*,*,*,*,*,*,*,*,*,*,*,*,*,*,*,*,*,*,*,*,*,*,*,*,*,3,3,*,*,*,*,*,*,*,*,*,*,*,*,*,*,*
533742191,2,533742194,,5,2,3,*,*,*,*,*,*,*,*,*,*,*,*,*,*,*,*,*,*,*,*,*,*,*,*,*,*,*,*,*,*,1,1,*,*,*,*,*,*,*,*,*,*,*,*,*,*,*
533742192,0,,,33,18,15,3,3,0,30,15,15,12,7,5,29,15,14,29,15,14,18,8,10,10,3,7,4,1,3,1,0,1,0,0,0,10,10,1,3,3,1,1,0,1,9,4,5,0,10,0,1,3
533742194,1,,533742191,37,14,23,6,2,4,36,14,22,21,8,13,33,13,20,33,13,20,15,6,9,7,2,5,3,0,3,0,0,0,0,0,0,11,11,1,3,3,1,3,0,1,11,4,7,1,10,0,1,3
533742211,2,533742113,,5,1,4,*,*,*,*,*,*,*,*,*,*,*,*,*,*,*,*,*,*,*,*,*,*,*,*,*,*,*,*,*,*,2,2,*,*,*,*,*,*,*,*,*,*,*,*,*,*,*
533742232,0,,,23,13,10,3,3,0,20,10,10,6,3,3,20,10,10,20,10,10,14,7,7,8,3,5,5,2,3,1,0,1,0,0,0,8,8,1,5,0,1,0,0,1,7,5,2,1,8,0,1,3
533742241,0,,,21,10,11,1,0,1,20,10,10,10,5,5,19,10,9,19,10,9,10,5,5,9,4,5,6,3,3,0,0,0,0,0,0,6,6,0,3,0,0,3,0,0,6,3,3,0,6,0,0,2
533742243,0,,,13,6,7,0,0,0,13,6,7,3,1,2,13,6,7,13,6,7,10,5,5,4,3,1,1,1,0,0,0,0,0,0,0,6,6,0,5,1,0,0,0,0,6,5,1,0,5,0,0,3
533742244,0,,,19,9,10,4,2,2,15,7,8,9,5,4,15,7,8,14,6,8,6,2,4,3,1,2,1,0,1,0,0,0,0,0,0,5,5,1,1,1,0,0,1,1,4,1,3,0,4,0,1,0
533742321,2,533742323,,5,2,3,*,*,*,*,*,*,*,*,*,*,*,*,*,*,*,*,*,*,*,*,*,*,*,*,*,*,*,*,*,*,1,1,*,*,*,*,*,*,*,*,*,*,*,*,*,*,*
533742323,1,,533742321,23,8,15,0,0,0,28,10,18,15,7,8,26,10,16,25,10,15,13,3,10,8,1,7,5,0,5,1,0,1,0,0,0,10,10,3,3,2,2,1,0,0,8,3,5,0,10,0,3,1
533742342,1,,533742344,46,24,22,3,3,0,48,23,25,21,10,11,47,22,25,47,22,25,27,13,14,13,7,6,7,3,4,0,0,0,0,0,0,18,18,6,7,3,2,0,1,1,14,9,5,0,18,0,5,5
533742344,2,533742342,,5,2,3,*,*,*,*,*,*,*,*,*,*,*,*,*,*,*,*,*,*,*,*,*,*,*,*,*,*,*,*,*,*,2,2,*,*,*,*,*,*,*,*,*,*,*,*,*,*,*
533742351,1,,533742353,22,9,13,1,1,0,27,12,15,9,3,6,27,12,15,27,12,15,18,9,9,11,6,5,4,2,2,0,0,0,0,0,0,9,9,2,5,0,4,0,0,0,9,5,4,0,11,0,2,3
533742353,2,533742351,,6,4,2,*,*,*,*,*,*,*,*,*,*,*,*,*,*,*,*,*,*,*,*,*,*,*,*,*,*,*,*,*,*,2,2,*,*,*,*,*,*,*,*,*,*,*,*,*,*,*
533742394,2,533742494,,3,1,2,*,*,*,*,*,*,*,*,*,*,*,*,*,*,*,*,*,*,*,*,*,*,*,*,*,*,*,*,*,*,1,1,*,*,*,*,*,*,*,*,*,*,*,*,*,*,*
533742403,2,533742511,,9,6,3,*,*,*,*,*,*,*,*,*,*,*,*,*,*,*,*,*,*,*,*,*,*,*,*,*,*,*,*,*,*,2,2,*,*,*,*,*,*,*,*,*,*,*,*,*,*,*
533742414,2,533742423,,11,7,4,*,*,*,*,*,*,*,*,*,*,*,*,*,*,*,*,*,*,*,*,*,*,*,*,*,*,*,*,*,*,3,3,*,*,*,*,*,*,*,*,*,*,*,*,*,*,*
533742421,2,533742423,,3,2,1,*,*,*,*,*,*,*,*,*,*,*,*,*,*,*,*,*,*,*,*,*,*,*,*,*,*,*,*,*,*,1,1,*,*,*,*,*,*,*,*,*,*,*,*,*,*,*
533742422,2,533742423,,2,1,1,*,*,*,*,*,*,*,*,*,*,*,*,*,*,*,*,*,*,*,*,*,*,*,*,*,*,*,*,*,*,1,1,*,*,*,*,*,*,*,*,*,*,*,*,*,*,*
533742423,1,,533742414;533742421;533742422,60,33,27,9,7,2,67,36,31,37,21,16,65,34,31,65,34,31,30,15,15,16,8,8,5,3,2,0,0,0,0,0,0,21,21,5,8,4,5,2,1,1,21,14,7,2,19,0,4,6
533742424,0,,,34,14,20,0,0,0,34,14,20,11,4,7,33,14,19,33,14,19,23,10,13,17,7,10,8,5,3,0,0,0,0,0,0,15,15,3,8,2,1,1,0,0,12,10,2,0,14,0,3,7
533742431,0,,,12,5,7,1,0,1,11,5,6,5,3,2,10,4,6,10,4,6,6,2,4,2,1,1,1,0,1,0,0,0,0,0,0,4,4,1,0,2,0,1,0,0,3,2,1,0,4,0,1,0
533742433,0,,,52,27,25,5,3,2,47,24,23,24,14,10,46,24,22,46,24,22,23,10,13,12,4,8,4,1,3,0,0,0,0,0,0,18,18,0,10,4,0,4,0,0,18,14,4,1,14,0,0,7
533742494,1,,533742394,30,15,15,2,0,2,31,16,15,16,9,7,29,14,15,28,13,15,15,7,8,10,4,6,4,0,4,1,0,1,0,0,0,12,12,3,3,4,3,0,0,0,10,7,3,0,10,0,2,2
533742511,1,,533742403,28,15,13,6,5,1,31,16,15,17,10,7,30,15,15,30,15,15,14,6,8,9,3,6,5,1,4,0,0,0,1,0,1,9,9,2,3,3,1,0,0,2,9,6,3,2,8,0,1,1
533742524,2,533742531,,2,1,1,*,*,*,*,*,*,*,*,*,*,*,*,*,*,*,*,*,*,*,*,*,*,*,*,*,*,*,*,*,*,1,1,*,*,*,*,*,*,*,*,*,*,*,*,*,*,*
533742531,1,,533742524;533742533,74,37,37,14,10,4,71,35,36,37,19,18,71,35,36,71,35,36,34,16,18,16,5,11,10,2,8,0,0,0,0,0,0,26,26,9,10,3,3,3,2,1,21,13,8,4,22,0,5,4
533742532,1,,533742534,28,15,13,0,0,0,33,17,16,18,11,7,33,17,16,33,17,16,15,6,9,11,6,5,3,1,2,0,0,0,0,0,0,12,12,4,6,3,2,0,0,0,11,10,1,0,10,0,3,3
533742533,2,533742531,,9,7,2,*,*,*,*,*,*,*,*,*,*,*,*,*,*,*,*,*,*,*,*,*,*,*,*,*,*,*,*,*,*,4,4,*,*,*,*,*,*,*,*,*,*,*,*,*,*,*
533742534,2,533742532,,5,2,3,*,*,*,*,*,*,*,*,*,*,*,*,*,*,*,*,*,*,*,*,*,*,*,*,*,*,*,*,*,*,3,3,*,*,*,*,*,*,*,*,*,*,*,*,*,*,*
533742543,0,,,24,8,16,2,1,1,22,7,15,12,4,8,20,7,13,20,7,13,10,3,7,7,2,5,4,1,3,1,0,1,0,0,0,8,8,2,1,2,2,0,1,0,6,2,4,2,5,0,1,1
533742591,0,,,15,9,6,0,0,0,15,9,6,11,7,4,15,9,6,15,9,6,4,2,2,3,1,2,1,0,1,0,0,0,0,0,0,8,8,4,2,1,1,0,0,0,4,2,2,0,2,2,0,1
533742592,0,,,67,31,36,6,3,3,61,28,33,33,15,18,59,27,32,59,27,32,28,13,15,17,7,10,7,3,4,0,0,0,3,2,1,25,25,7,8,1,5,3,1,0,18,10,8,1,21,0,5,4
533742593,0,,,62,34,28,4,3,1,58,31,27,25,13,12,56,29,27,56,29,27,33,18,15,22,12,10,8,4,4,0,0,0,1,1,0,21,21,4,6,3,4,3,1,0,17,10,7,2,19,0,4,5
533742594,0,,,160,78,82,25,14,11,135,64,71,81,41,40,128,59,69,127,58,69,54,23,31,28,9,19,13,4,9,0,0,0,0,0,0,59,59,13,17,14,7,5,3,0,46,33,13,5,35,0,6,9
533742682,0,,,50,25,25,4,2,2,46,23,23,31,17,14,43,22,21,42,22,20,15,6,9,7,2,5,5,1,4,1,0,1,0,0,0,20,20,6,6,2,4,2,0,0,14,12,2,0,13,0,5,1
533742683,0,,,43,18,25,1,1,0,42,17,25,25,11,14,39,16,23,37,15,22,17,6,11,9,2,7,4,1,3,0,0,0,0,0,0,16,16,4,6,2,2,1,0,1,12,8,4,0,11,1,3,2
533742684,0,,,57,31,26,7,3,4,50,28,22,30,17,13,47,26,21,46,25,21,20,11,9,12,6,6,4,2,2,0,0,0,1,0,1,18,18,2,6,2,5,1,2,0,16,9,7,1,13,0,2,2
533742691,0,,,68,38,30,8,6,2,60,32,28,34,19,15,58,30,28,58,30,28,26,13,13,18,7,11,8,3,5,1,1,0,0,0,0,28,28,12,5,5,1,4,0,1,16,10,6,1,19,2,7,3
533742692,0,,,11,7,4,0,0,0,11,7,4,6,4,2,11,7,4,11,7,4,5,3,2,4,2,2,1,1,0,0,0,0,0,0,0,6,6,3,2,0,1,0,0,0,3,2,1,0,3,1,1,0
533742693,0,,,20,12,8,5,4,1,15,8,7,9,5,4,14,7,7,14,7,7,6,3,3,3,2,1,0,0,0,0,0,0,0,0,0,6,6,1,2,0,1,1,1,0,5,3,2,1,4,0,1,2
533742723,0,,,21,8,13,1,1,0,20,7,13,7,2,5,20,7,13,19,7,12,13,5,8,11,4,7,2,1,1,0,0,0,0,0,0,9,9,2,3,3,1,0,0,0,7,7,0,0,8,0,2,2
533742724,0,,,27,14,13,0,0,0,27,14,13,17,8,9,27,14,13,26,14,12,10,6,4,2,1,1,2,1,1,0,0,0,0,0,0,9,9,0,4,2,2,1,0,0,9,5,4,0,7,0,0,3
533742731,0,,,34,18,16,6,5,1,28,13,15,17,8,9,27,12,15,27,12,15,11,5,6,5,2,3,1,1,0,0,0,0,1,0,1,11,11,2,3,1,3,1,1,0,9,6,3,1,7,0,2,2
533742732,1,,533742734,41,16,25,4,2,2,43,16,27,25,11,14,43,16,27,41,15,26,18,5,13,15,4,11,7,2,5,1,0,1,0,0,0,13,13,2,4,2,2,1,3,0,12,6,6,1,12,0,1,3
533742733,0,,,57,26,31,8,4,4,49,22,27,21,11,10,49,22,27,49,22,27,28,11,17,16,5,11,7,3,4,1,0,1,0,0,0,19,19,4,5,3,3,3,0,1,15,8,7,2,17,0,4,3
533742734,2,533742732,,6,2,4,*,*,*,*,*,*,*,*,*,*,*,*,*,*,*,*,*,*,*,*,*,*,*,*,*,*,*,*,*,*,1,1,*,*,*,*,*,*,*,*,*,*,*,*,*,*,*
533742741,0,,,50,27,23,6,5,1,44,22,22,23,12,11,44,22,22,44,22,22,21,10,11,12,6,6,6,3,3,0,0,0,0,0,0,15,15,2,4,3,2,1,3,0,13,8,5,3,12,0,2,3
533742742,0,,,12,4,8,1,0,1,11,4,7,4,1,3,11,4,7,11,4,7,7,3,4,2,1,1,0,0,0,0,0,0,0,0,0,5,5,1,3,0,0,1,0,0,4,3,1,1,4,0,0,2
533742753,0,,,16,7,9,0,0,0,16,7,9,10,5,5,16,7,9,16,7,9,6,2,4,5,2,3,4,2,2,0,0,0,0,0,0,4,4,0,0,0,4,0,0,0,4,2,2,0,4,0,0,0
533742754,0,,,15,7,8,0,0,0,15,7,8,9,4,5,15,7,8,15,7,8,6,3,3,3,1,2,1,1,0,0,0,0,0,0,0,6,6,2,0,3,1,0,0,0,4,2,2,0,5,0,2,0
533742772,1,,533742773,42,18,24,3,0,3,40,19,21,16,7,9,40,19,21,40,19,21,24,12,12,13,6,7,3,1,2,0,0,0,0,0,0,17,17,2,10,4,1,1,0,0,16,11,5,0,14,0,2,6
533742773,2,533742772,,1,1,0,*,*,*,*,*,*,*,*,*,*,*,*,*,*,*,*,*,*,*,*,*,*,*,*,*,*,*,*,*,*,1,1,*,*,*,*,*,*,*,*,*,*,*,*,*,*,*
533742774,0,,,27,16,11,2,1,1,25,15,10,15,10,5,24,14,10,24,14,10,10,5,5,5,2,3,3,1,2,0,0,0,0,0,0,14,14,6,5,2,0,1,0,0,8,7,1,0,8,0,4,1
533742781,1,,533742782,54,28,26,2,1,1,60,31,29,33,19,14,60,31,29,60,31,29,27,12,15,19,8,11,9,4,5,1,0,1,0,0,0,23,23,9,4,7,3,1,0,1,16,8,8,0,16,5,3,1
533742782,2,533742781,,8,4,4,*,*,*,*,*,*,*,*,*,*,*,*,*,*,*,*,*,*,*,*,*,*,*,*,*,*,*,*,*,*,2,2,*,*,*,*,*,*,*,*,*,*,*,*,*,*,*
533742791,0,,,37,19,18,3,2,1,34,17,17,21,10,11,32,16,16,31,16,15,13,7,6,8,5,3,1,1,0,0,0,0,1,0,1,12,12,1,4,2,3,2,0,0,11,8,3,1,8,0,1,3
533742814,0,,,38,19,19,7,3,4,31,16,15,21,12,9,30,15,15,29,14,15,10,4,6,7,3,4,2,0,2,0,0,0,0,0,0,12,12,1,4,3,3,0,0,1,11,8,3,3,7,0,1,2
533742821,1,,533742822;533742931,64,30,34,9,5,4,60,27,33,32,15,17,59,27,32,59,27,32,28,12,16,15,5,10,10,3,7,1,0,1,0,0,0,20,20,5,4,2,7,2,2,0,17,8,9,1,17,0,4,2
533742822,2,533742821,,4,1,3,*,*,*,*,*,*,*,*,*,*,*,*,*,*,*,*,*,*,*,*,*,*,*,*,*,*,*,*,*,*,1,1,*,*,*,*,*,*,*,*,*,*,*,*,*,*,*
533742823,1,,533742824,45,23,22,2,0,2,51,29,22,35,20,15,48,27,21,48,27,21,16,9,7,13,8,5,4,3,1,0,0,0,0,0,0,13,13,2,3,6,1,2,1,1,14,7,7,0,11,0,1,1
533742824,2,533742823,,8,6,2,*,*,*,*,*,*,*,*,*,*,*,*,*,*,*,*,*,*,*,*,*,*,*,*,*,*,*,*,*,*,3,3,*,*,*,*,*,*,*,*,*,*,*,*,*,*,*
533742852,1,,533742854,31,17,14,3,2,1,37,20,17,20,12,8,37,20,17,37,20,17,17,8,9,9,3,6,6,2,4,1,0,1,0,0,0,12,12,3,3,6,2,1,0,0,12,10,2,1,9,0,2,0
533742854,2,533742852,,9,5,4,*,*,*,*,*,*,*,*,*,*,*,*,*,*,*,*,*,*,*,*,*,*,*,*,*,*,*,*,*,*,3,3,*,*,*,*,*,*,*,*,*,*,*,*,*,*,*
533742862,2,533742864,,6,2,4,*,*,*,*,*,*,*,*,*,*,*,*,*,*,*,*,*,*,*,*,*,*,*,*,*,*,*,*,*,*,1,1,*,*,*,*,*,*,*,*,*,*,*,*,*,*,*
533742864,1,,533742862,22,11,11,4,3,1,24,10,14,14,6,8,23,9,14,23,9,14,10,4,6,4,0,4,3,0,3,0,0,0,0,0,0,8,8,3,3,0,0,0,2,1,6,3,3,1,6,0,2,0
533742871,0,,,28,14,14,3,2,1,25,12,13,15,8,7,25,12,13,24,12,12,10,4,6,5,1,4,1,1,0,0,0,0,0,0,0,11,11,2,4,3,1,1,0,0,9,9,0,1,7,0,2,2
533742872,0,,,19,7,12,1,0,1,18,7,11,9,4,5,17,7,10,17,7,10,9,3,6,7,2,5,4,1,3,0,0,0,0,0,0,9,9,5,0,2,2,0,0,0,4,2,2,0,6,2,3,0
533742873,0,,,92,49,43,5,5,0,87,44,43,42,23,19,85,42,43,83,42,41,45,21,24,21,9,12,7,2,5,2,1,1,0,0,0,36,36,8,11,11,2,3,1,0,28,19,9,1,29,0,4,6
533742874,0,,,14,9,5,1,1,0,13,8,5,11,7,4,13,8,5,13,8,5,2,1,1,0,0,0,0,0,0,0,0,0,0,0,0,4,4,0,0,2,2,0,0,0,4,4,0,0,1,0,0,0
533742911,0,,,74,33,41,18,7,11,56,26,30,35,17,18,55,25,30,55,25,30,21,9,12,12,5,7,5,2,3,0,0,0,0,0,0,18,18,1,4,3,3,3,0,4,17,8,9,3,13,0,1,2
533742912,0,,,42,22,20,0,0,0,42,22,20,23,12,11,40,20,20,40,20,20,19,10,9,13,6,7,5,3,2,0,0,0,0,0,0,15,15,3,6,2,1,1,2,0,12,8,4,0,11,1,1,2
533742913,1,,533742914,25,12,13,3,2,1,31,13,18,13,7,6,30,12,18,30,12,18,18,6,12,12,3,9,6,1,5,1,0,1,0,0,0,9,9,4,4,3,2,1,0,0,10,7,3,1,10,0,2,1
533742914,2,533742913,,9,3,6,*,*,*,*,*,*,*,*,*,*,*,*,*,*,*,*,*,*,*,*,*,*,*,*,*,*,*,*,*,*,5,5,*,*,*,*,*,*,*,*,*,*,*,*,*,*,*
533742931,2,533742821,,1,1,0,*,*,*,*,*,*,*,*,*,*,*,*,*,*,*,*,*,*,*,*,*,*,*,*,*,*,*,*,*,*,1,1,*,*,*,*,*,*,*,*,*,*,*,*,*,*,*
533742952,0,,,7,7,0,0,0,0,7,7,0,7,7,0,7,7,0,7,7,0,0,0,0,0,0,0,0,0,0,0,0,0,6,6,0,7,7,7,0,0,0,0,0,0,0,0,0,0,0,4,0,0
533742962,0,,,34,13,21,2,1,1,32,12,20,17,8,9,32,12,20,31,12,19,15,4,11,9,2,7,2,0,2,1,0,1,0,0,0,14,14,4,4,3,2,1,0,0,10,8,2,1,11,0,3,2
533742963,0,,,26,11,15,3,0,3,23,11,12,15,8,7,23,11,12,23,11,12,8,3,5,3,0,3,1,0,1,0,0,0,0,0,0,7,7,1,1,2,1,0,1,1,6,3,3,1,6,0,1,1
533742964,0,,,113,54,59,5,2,3,108,52,56,56,28,28,105,51,54,105,51,54,52,24,28,27,12,15,13,6,7,3,1,2,0,0,0,43,43,7,17,10,5,2,2,0,36,22,14,1,30,0,4,9
533742971,1,,533742972,75,37,38,6,2,4,77,39,38,46,25,21,73,37,36,72,36,36,31,14,17,20,8,12,14,6,8,2,0,2,2,0,2,24,24,2,10,5,7,1,1,1,25,17,8,0,18,0,2,5
533742972,2,533742971,,8,4,4,*,*,*,*,*,*,*,*,*,*,*,*,*,*,*,*,*,*,*,*,*,*,*,*,*,*,*,*,*,*,3,3,*,*,*,*,*,*,*,*,*,*,*,*,*,*,*
533742973,0,,,32,13,19,1,0,1,31,13,18,16,5,11,30,13,17,30,13,17,15,8,7,7,4,3,1,1,0,0,0,0,0,0,0,10,10,1,3,3,1,0,2,0,9,6,3,0,9,0,1,2
533743013,2,533743103,,1,0,1,*,*,*,*,*,*,*,*,*,*,*,*,*,*,*,*,*,*,*,*,*,*,*,*,*,*,*,*,*,*,1,1,*,*,*,*,*,*,*,*,*,*,*,*,*,*,*
533743022,2,533743031,,4,3,1,*,*,*,*,*,*,*,*,*,*,*,*,*,*,*,*,*,*,*,*,*,*,*,*,*,*,*,*,*,*,2,2,*,*,*,*,*,*,*,*,*,*,*,*,*,*,*
533743031,1,,533743022,314,154,160,44,24,20,274,133,141,155,77,78,265,129,136,261,128,133,119,56,63,56,28,28,22,8,14,2,1,1,0,0,0,99,99,14,27,26,14,8,10,2,87,56,31,7,74,0,11,19
533743032,0,,,194,99,95,29,17,12,165,82,83,111,58,53,162,80,82,158,78,80,54,24,30,32,15,17,11,3,8,3,1,2,0,0,0,67,67,10,20,15,15,4,2,1,57,42,15,7,37,0,9,7
533743033,0,,,236,115,121,30,13,17,206,102,104,125,63,62,201,100,101,198,99,99,81,39,42,44,20,24,22,14,8,0,0,0,2,1,1,77,77,12,23,16,12,7,3,4,63,41,22,7,56,1,7,12
533743034,0,,,20,9,11,0,0,0,20,9,11,15,8,7,19,9,10,19,9,10,5,1,4,3,1,2,2,0,2,0,0,0,0,0,0,7,7,2,1,1,2,1,0,0,5,4,1,0,5,0,1,0
533743041,0,,,38,7,31,0,0,0,38,7,31,0,0,0,38,7,31,38,7,31,38,7,31,37,6,31,34,6,28,8,1,7,0,0,0,1,0,0,0,0,0,0,0,0,0,0,0,0,0,0,0,0
533743101,0,,,18,7,11,2,1,1,16,6,10,8,3,5,16,6,10,16,6,10,8,3,5,4,2,2,3,1,2,1,0,1,0,0,0,7,7,1,2,3,1,0,0,0,6,5,1,0,4,0,1,0
533743102,0,,,15,7,8,1,0,1,14,7,7,7,3,4,14,7,7,14,7,7,7,4,3,5,2,3,3,1,2,0,0,0,0,0,0,5,5,0,2,2,0,1,0,0,5,2,3,0,5,0,0,0
533743103,1,,533743013,38,20,18,0,0,0,39,20,19,18,10,8,38,20,18,38,20,18,21,10,11,13,6,7,8,4,4,0,0,0,0,0,0,12,12,1,4,4,2,2,0,0,12,6,6,0,13,0,1,1
533743122,2,533743131,,2,1,1,*,*,*,*,*,*,*,*,*,*,*,*,*,*,*,*,*,*,*,*,*,*,*,*,*,*,*,*,*,*,1,1,*,*,*,*,*,*,*,*,*,*,*,*,*,*,*
533743131,1,,533743122;533743132,112,60,52,14,9,5,104,55,49,61,37,24,101,52,49,101,52,49,43,18,25,23,6,17,8,1,7,0,0,0,8,8,0,41,41,12,10,13,4,2,2,1,32,21,11,3,29,7,4,6
533743132,2,533743131,,4,3,1,*,*,*,*,*,*,*,*,*,*,*,*,*,*,*,*,*,*,*,*,*,*,*,*,*,*,*,*,*,*,2,2,*,*,*,*,*,*,*,*,*,*,*,*,*,*,*
533743133,0,,,66,36,30,8,6,2,58,30,28,35,20,15,56,29,27,56,29,27,23,10,13,8,3,5,3,0,3,0,0,0,0,0,0,19,19,0,8,3,3,2,2,1,18,11,7,3,15,0,0,3
533743201,0,,,50,27,23,8,5,3,42,22,20,25,14,11,42,22,20,42,22,20,17,8,9,9,4,5,3,1,2,0,0,0,0,0,0,16,16,3,3,4,2,3,1,0,13,8,5,3,12,0,2,1
533743203,0,,,13,6,7,2,1,1,11,5,6,6,3,3,11,5,6,11,5,6,5,2,3,3,1,2,1,1,0,0,0,0,0,0,0,4,4,0,2,1,0,0,1,0,4,3,1,1,3,0,0,1
533743204,0,,,30,14,16,4,1,3,26,13,13,11,5,6,25,12,13,25,12,13,15,8,7,10,4,6,6,3,3,1,0,1,0,0,0,12,12,3,5,1,2,0,1,0,9,6,3,0,10,0,2,2
533743213,2,533743302,,12,6,6,*,*,*,*,*,*,*,*,*,*,*,*,*,*,*,*,*,*,*,*,*,*,*,*,*,*,*,*,*,*,3,3,*,*,*,*,*,*,*,*,*,*,*,*,*,*,*
533743231,1,,533743232,46,26,20,8,6,2,42,23,19,23,13,10,40,22,18,40,22,18,19,10,9,5,1,4,2,0,2,0,0,0,0,0,0,12,12,1,5,4,0,0,1,3,12,8,4,1,12,0,0,1
533743232,2,533743231,,4,3,1,*,*,*,*,*,*,*,*,*,*,*,*,*,*,*,*,*,*,*,*,*,*,*,*,*,*,*,*,*,*,2,2,*,*,*,*,*,*,*,*,*,*,*,*,*,*,*
533743233,0,,,16,6,10,0,0,0,16,6,10,8,3,5,15,6,9,14,5,9,8,3,5,5,2,3,2,1,1,0,0,0,0,0,0,7,7,1,5,0,0,1,0,0,6,4,2,0,6,0,1,2
533743234,0,,,31,17,14,2,2,0,29,15,14,14,7,7,27,14,13,27,14,13,15,8,7,8,4,4,1,0,1,0,0,0,0,0,0,8,8,0,3,1,0,2,2,0,8,2,6,1,8,0,0,2
533743301,2,533743302,,2,1,1,*,*,*,*,*,*,*,*,*,*,*,*,*,*,*,*,*,*,*,*,*,*,*,*,*,*,*,*,*,*,1,1,*,*,*,*,*,*,*,*,*,*,*,*,*,*,*
533743302,1,,533743213;533743301;533743311,174,85,89,17,8,9,175,85,90,92,48,44,167,80,87,163,79,84,83,37,46,53,22,31,13,2,11,4,0,4,0,0,0,62,62,11,22,14,9,7,4,0,56,37,19,5,52,1,7,8
533743303,0,,,13,5,8,0,0,0,13,5,8,6,3,3,13,5,8,13,5,8,7,2,5,3,0,3,1,0,1,1,0,1,0,0,0,5,5,1,1,2,1,0,0,0,4,3,1,0,4,0,0,0
533743304,0,,,101,50,51,8,3,5,93,47,46,44,24,20,90,45,45,89,45,44,49,23,26,18,7,11,9,3,6,1,0,1,0,0,0,34,34,5,13,5,5,3,2,1,29,20,9,3,28,1,3,12
533743311,2,533743302,,4,1,3,*,*,*,*,*,*,*,*,*,*,*,*,*,*,*,*,*,*,*,*,*,*,*,*,*,*,*,*,*,*,1,1,*,*,*,*,*,*,*,*,*,*,*,*,*,*,*
533743332,0,,,26,11,15,7,3,4,18,8,10,12,5,7,17,7,10,15,6,9,6,3,3,3,2,1,2,1,1,0,0,0,0,0,0,8,8,3,1,0,1,2,0,1,5,3,2,1,4,0,2,0
533743334,0,,,17,6,11,2,0,2,15,6,9,8,4,4,15,6,9,15,6,9,7,2,5,5,1,4,1,0,1,0,0,0,1,0,1,8,8,2,3,3,0,0,0,0,6,6,0,0,5,0,2,1
533743341,2,533743343,,11,5,6,*,*,*,*,*,*,*,*,*,*,*,*,*,*,*,*,*,*,*,*,*,*,*,*,*,*,*,*,*,*,2,2,*,*,*,*,*,*,*,*,*,*,*,*,*,*,*
533743343,1,,533743341,32,15,17,4,2,2,39,18,21,21,9,12,36,18,18,36,18,18,18,9,9,10,4,6,5,2,3,0,0,0,0,0,0,11,11,2,3,4,0,1,3,0,11,4,7,0,13,0,2,3
533743344,0,,,17,9,8,1,1,0,16,8,8,9,4,5,16,8,8,16,8,8,7,4,3,3,0,3,2,0,2,0,0,0,0,0,0,7,7,1,2,4,0,0,0,0,6,4,2,1,5,0,1,0
533743353,2,533743442,,7,4,3,*,*,*,*,*,*,*,*,*,*,*,*,*,*,*,*,*,*,*,*,*,*,*,*,*,*,*,*,*,*,2,2,*,*,*,*,*,*,*,*,*,*,*,*,*,*,*
533743401,0,,,83,39,44,6,1,5,77,38,39,32,18,14,73,36,37,72,36,36,45,20,25,26,10,16,10,3,7,1,0,1,0,0,0,30,30,3,13,7,3,3,1,0,27,19,8,2,25,0,2,10
533743402,0,,,83,42,41,8,6,2,75,36,39,37,22,15,72,33,39,71,32,39,38,14,24,18,7,11,5,2,3,2,0,2,0,0,0,34,34,10,12,5,3,2,2,0,24,17,7,1,25,0,5,8
533743403,0,,,156,70,86,14,4,10,142,66,76,72,32,40,137,62,75,136,61,75,70,34,36,39,16,23,21,9,12,3,2,1,0,0,0,58,58,15,21,6,7,3,4,2,42,25,17,3,48,0,12,9
533743404,0,,,28,11,17,5,2,3,23,9,14,12,6,6,22,8,14,22,8,14,11,3,8,7,2,5,4,1,3,0,0,0,0,0,0,9,9,3,1,2,0,1,2,0,6,3,3,1,8,0,3,0
533743441,2,533743442,,4,2,2,*,*,*,*,*,*,*,*,*,*,*,*,*,*,*,*,*,*,*,*,*,*,*,*,*,*,*,*,*,*,2,2,*,*,*,*,*,*,*,*,*,*,*,*,*,*,*
533743442,1,,533743353;533743441,6,3,3,1,0,1,16,9,7,8,5,3,16,9,7,16,9,7,8,4,4,5,2,3,3,1,2,0,0,0,0,0,0,3,3,1,4,1,0,1,0,0,6,5,1,1,6,0,1,2
533743501,1,,533743503;533743601,156,72,84,24,8,16,144,69,75,82,41,41,138,66,72,138,66,72,62,28,34,39,16,23,16,6,10,1,0,1,1,1,0,56,56,12,16,16,10,2,3,1,48,34,14,9,39,1,8,8
533743503,2,533743501,,10,4,6,*,*,*,*,*,*,*,*,*,*,*,*,*,*,*,*,*,*,*,*,*,*,*,*,*,*,*,*,*,*,3,3,*,*,*,*,*,*,*,*,*,*,*,*,*,*,*
533743601,2,533743501,,2,1,1,*,*,*,*,*,*,*,*,*,*,*,*,*,*,*,*,*,*,*,*,*,*,*,*,*,*,*,*,*,*,1,1,*,*,*,*,*,*,*,*,*,*,*,*,*,*,*
533744092,0,,,39,17,22,3,3,0,36,14,22,13,6,7,36,14,22,35,14,21,23,8,15,18,5,13,11,1,10,1,0,1,0,0,0,14,13,4,7,1,1,0,0,0,9,9,0,0,7,0,2,2
533745001,0,,,220,102,118,14,6,8,206,96,110,81,42,39,202,93,109,202,93,109,125,54,71,76,34,42,29,11,18,2,0,2,2,0,2,100,100,26,50,13,4,4,2,1,74,62,12,5,80,0,21,31
533745002,0,,,190,85,105,10,6,4,180,79,101,82,39,43,172,77,95,171,76,95,98,40,58,58,23,35,17,6,11,2,0,2,1,0,1,84,84,19,40,16,3,5,1,0,65,54,11,1,57,0,13,22
533745003,0,,,39,16,23,3,1,2,36,15,21,18,7,11,35,14,21,34,14,20,18,8,10,8,3,5,4,1,3,0,0,0,1,0,1,20,20,7,9,2,2,0,0,0,13,13,0,2,11,1,4,5
533745004,0,,,225,103,122,11,4,7,214,99,115,101,48,53,209,97,112,208,97,111,113,51,62,72,29,43,24,12,12,1,0,1,5,1,4,108,108,33,47,17,8,3,0,0,75,63,12,3,75,3,22,28
533745011,0,,,37,17,20,2,1,1,35,16,19,15,7,8,33,15,18,32,15,17,20,9,11,17,7,10,7,4,3,0,0,0,0,0,0,16,16,6,4,3,2,0,1,0,10,7,3,0,14,0,5,1
533745013,0,,,222,115,107,15,5,10,207,110,97,95,54,41,203,106,97,201,105,96,112,56,56,58,27,31,23,12,11,1,0,1,0,0,0,95,95,25,36,20,9,2,2,1,70,58,12,5,71,1,16,28
533745033,2,533745132,,2,1,1,*,*,*,*,*,*,*,*,*,*,*,*,*,*,*,*,*,*,*,*,*,*,*,*,*,*,*,*,*,*,1,1,*,*,*,*,*,*,*,*,*,*,*,*,*,*,*
533745054,2,533745163,,8,3,5,*,*,*,*,*,*,*,*,*,*,*,*,*,*,*,*,*,*,*,*,*,*,*,*,*,*,*,*,*,*,2,2,*,*,*,*,*,*,*,*,*,*,*,*,*,*,*
533745063,2,533745163,,4,3,1,*,*,*,*,*,*,*,*,*,*,*,*,*,*,*,*,*,*,*,*,*,*,*,*,*,*,*,*,*,*,1,1,*,*,*,*,*,*,*,*,*,*,*,*,*,*,*
533745101,0,,,16,7,9,2,1,1,14,6,8,11,5,6,14,6,8,14,6,8,3,1,2,0,0,0,0,0,0,0,0,0,0,0,0,6,6,1,3,1,0,0,1,0,5,4,1,1,2,0,0,0
533745102,0,,,47,25,22,4,3,1,43,22,21,27,15,12,42,22,20,42,22,20,16,7,9,7,2,5,4,1,3,0,0,0,1,1,0,21,21,8,6,3,2,2,0,0,13,10,3,1,11,0,2,3
533745104,0,,,19,9,10,0,0,0,19,9,10,9,5,4,19,9,10,19,9,10,10,4,6,5,1,4,5,1,4,0,0,0,0,0,0,10,10,4,4,1,1,0,0,0,6,6,0,0,7,0,4,1
533745111,1,,533745112;533745114,140,66,74,23,13,10,133,61,72,73,38,35,130,59,71,130,59,71,60,23,37,38,11,27,15,2,13,2,0,2,0,0,0,50,50,13,16,9,9,6,2,1,43,31,12,8,39,0,8,9
533745112,2,533745111,,5,2,3,*,*,*,*,*,*,*,*,*,*,*,*,*,*,*,*,*,*,*,*,*,*,*,*,*,*,*,*,*,*,1,1,*,*,*,*,*,*,*,*,*,*,*,*,*,*,*
533745113,0,,,16,6,10,1,0,1,15,6,9,11,4,7,13,6,7,13,6,7,4,2,2,1,1,0,0,0,0,0,0,0,0,0,0,5,5,0,2,1,1,1,0,0,5,5,0,0,2,0,0,1
533745114,2,533745111,,12,7,5,*,*,*,*,*,*,*,*,*,*,*,*,*,*,*,*,*,*,*,*,*,*,*,*,*,*,*,*,*,*,5,5,*,*,*,*,*,*,*,*,*,*,*,*,*,*,*
533745123,1,,533745124,22,14,8,3,2,1,20,12,8,14,10,4,19,11,8,18,10,8,6,2,4,6,2,4,0,0,0,0,0,0,0,0,0,7,7,1,3,2,1,0,1,0,7,6,1,0,4,0,1,1
533745124,2,533745123,,1,0,1,*,*,*,*,*,*,*,*,*,*,*,*,*,*,*,*,*,*,*,*,*,*,*,*,*,*,*,*,*,*,1,1,*,*,*,*,*,*,*,*,*,*,*,*,*,*,*
533745131,0,,,45,23,22,5,4,1,40,19,21,23,11,12,38,19,19,37,19,18,17,8,9,9,4,5,4,1,3,0,0,0,0,0,0,14,14,2,3,3,5,0,0,1,12,8,4,0,9,0,2,1
533745132,1,,533745033,44,20,24,4,3,1,42,18,24,19,9,10,41,18,23,41,18,23,23,9,14,8,2,6,4,0,4,1,0,1,0,0,0,15,15,1,7,4,3,0,0,1,15,9,6,1,13,0,1,4
533745133,0,,,130,55,75,8,3,5,122,52,70,64,34,30,115,49,66,113,49,64,58,18,40,34,8,26,20,6,14,2,0,2,1,1,0,49,49,13,13,12,5,3,2,1,35,24,11,2,35,0,11,6
533745134,0,,,124,63,61,14,8,6,110,55,55,63,36,27,105,53,52,104,52,52,47,19,28,29,11,18,11,3,8,3,0,3,0,0,0,46,46,6,17,14,5,2,2,0,40,31,9,4,29,0,6,7
533745143,0,,,29,13,16,6,1,5,23,12,11,18,10,8,22,11,11,21,11,10,5,2,3,5,2,3,1,0,1,0,0,0,0,0,0,9,9,2,1,1,3,2,0,0,7,5,2,2,3,2,0,1
533745154,0,,,9,4,5,0,0,0,9,4,5,3,1,2,9,4,5,9,4,5,6,3,3,4,1,3,4,1,3,0,0,0,0,0,0,4,4,2,1,0,0,1,0,0,2,1,1,0,4,0,2,0
533745163,1,,533745054;533745063;533745261,23,11,12,4,1,3,36,18,18,22,12,10,34,18,16,34,18,16,14,6,8,11,5,6,6,2,4,0,0,0,0,0,0,9,9,0,6,3,2,1,1,0,13,9,4,0,10,0,0,2
533745164,0,,,18,9,9,2,1,1,16,8,8,11,5,6,15,8,7,14,7,7,5,3,2,1,1,0,0,0,0,0,0,0,0,0,0,7,7,1,3,2,0,1,0,0,6,6,0,0,3,0,0,2
533745221,2,533745222,,8,3,5,*,*,*,*,*,*,*,*,*,*,*,*,*,*,*,*,*,*,*,*,*,*,*,*,*,*,*,*,*,*,4,4,*,*,*,*,*,*,*,*,*,*,*,*,*,*,*
533745222,1,,533745221,72,32,40,6,1,5,74,34,40,32,17,15,71,33,38,69,32,37,42,17,25,29,12,17,8,3,5,1,0,1,0,0,0,30,30,8,14,7,3,1,1,0,26,22,4,1,25,0,7,10
533745223,2,533745224,,2,1,1,*,*,*,*,*,*,*,*,*,*,*,*,*,*,*,*,*,*,*,*,*,*,*,*,*,*,*,*,*,*,1,1,*,*,*,*,*,*,*,*,*,*,*,*,*,*,*
533745224,1,,533745223,89,45,44,13,7,6,78,39,39,57,30,27,74,36,38,71,34,37,21,9,12,10,3,7,5,1,4,3,1,2,0,0,0,34,34,7,10,9,8,1,0,0,28,24,4,2,13,0,3,4
533745231,0,,,184,88,96,10,7,3,174,81,93,87,44,43,167,77,90,163,76,87,87,37,50,54,20,34,21,8,13,2,0,2,13,8,5,73,73,19,26,13,7,5,0,3,54,37,17,3,54,5,9,16
533745232,0,,,103,46,57,11,5,6,92,41,51,43,17,26,90,40,50,88,38,50,49,24,25,18,8,10,9,4,5,2,1,1,1,0,1,38,38,8,11,10,4,3,2,0,30,23,7,1,31,0,6,9
533745233,0,,,58,25,33,0,0,0,58,25,33,26,10,16,55,22,33,53,22,31,32,15,17,18,7,11,5,1,4,1,0,1,0,0,0,20,20,2,7,6,2,2,1,0,18,11,7,0,19,0,1,3
533745234,0,,,140,68,72,14,7,7,126,61,65,71,38,33,124,60,64,124,60,64,55,23,32,35,12,23,14,4,10,0,0,0,0,0,0,57,57,15,18,15,4,4,0,1,42,33,9,3,36,3,7,7
533745241,0,,,39,22,17,4,3,1,35,19,16,20,11,9,33,19,14,32,18,14,15,8,7,9,6,3,0,0,0,0,0,0,2,0,2,16,16,4,6,3,1,2,0,0,12,12,0,0,10,0,3,3
533745243,0,,,90,56,34,4,1,3,86,55,31,58,42,16,86,55,31,86,55,31,28,13,15,16,8,8,6,2,4,0,0,0,9,9,0,57,57,37,11,6,2,1,0,0,20,17,3,3,18,16,3,6
533745244,0,,,24,10,14,1,0,1,23,10,13,11,6,5,22,10,12,22,10,12,12,4,8,4,1,3,1,0,1,0,0,0,0,0,0,9,9,2,3,1,2,1,0,0,6,5,1,0,7,0,2,3
533745251,2,533745253,,6,2,4,*,*,*,*,*,*,*,*,*,*,*,*,*,*,*,*,*,*,*,*,*,*,*,*,*,*,*,*,*,*,2,2,*,*,*,*,*,*,*,*,*,*,*,*,*,*,*
533745252,2,533745253,,7,4,3,*,*,*,*,*,*,*,*,*,*,*,*,*,*,*,*,*,*,*,*,*,*,*,*,*,*,*,*,*,*,3,3,*,*,*,*,*,*,*,*,*,*,*,*,*,*,*
533745253,1,,533745251;533745252,55,27,28,9,5,4,59,28,31,34,16,18,58,28,30,56,26,30,25,12,13,14,5,9,9,3,6,1,1,0,5,2,3,20,20,7,5,5,5,2,1,0,18,14,4,2,16,0,4,4
533745261,2,533745163,,5,2,3,*,*,*,*,*,*,*,*,*,*,*,*,*,*,*,*,*,*,*,*,*,*,*,*,*,*,*,*,*,*,1,1,*,*,*,*,*,*,*,*,*,*,*,*,*,*,*
533745332,1,,533745333,9,5,4,0,0,0,10,5,5,5,3,2,10,5,5,10,5,5,5,2,3,3,1,2,1,1,0,0,0,0,0,0,0,5,5,3,2,1,0,0,0,0,3,3,0,0,4,0,2,0
533745333,2,533745332,,1,0,1,*,*,*,*,*,*,*,*,*,*,*,*,*,*,*,*,*,*,*,*,*,*,*,*,*,*,*,*,*,*,1,1,*,*,*,*,*,*,*,*,*,*,*,*,*,*,*
533745341,2,533745344,,17,14,3,*,*,*,*,*,*,*,*,*,*,*,*,*,*,*,*,*,*,*,*,*,*,*,*,*,*,*,*,*,*,14,14,*,*,*,*,*,*,*,*,*,*,*,*,*,*,*
533745342,0,,,84,38,46,3,1,2,81,37,44,38,20,18,80,36,44,79,36,43,43,17,26,21,8,13,12,5,7,1,0,1,10,4,6,46,46,23,15,3,3,2,0,0,23,21,2,2,32,5,15,9
533745343,0,,,10,6,4,1,1,0,9,5,4,4,2,2,9,5,4,9,5,4,5,3,2,2,1,1,1,1,0,0,0,0,0,0,0,6,6,3,2,1,0,0,0,0,3,3,0,0,4,0,3,1
533745344,1,,533745341,60,27,33,5,1,4,72,40,32,43,27,16,71,40,31,70,39,31,29,13,16,17,7,10,4,0,4,1,0,1,13,11,2,29,29,22,14,4,1,1,1,0,21,18,3,2,17,13,2,10
533745351,1,,533745352,156,75,81,20,8,12,145,70,75,92,46,46,139,67,72,135,64,71,53,24,29,22,7,15,11,3,8,2,0,2,2,2,0,66,66,28,18,10,10,5,1,0,44,40,4,7,37,5,13,8
533745352,2,533745351,,9,3,6,*,*,*,*,*,*,*,*,*,*,*,*,*,*,*,*,*,*,*,*,*,*,*,*,*,*,*,*,*,*,6,6,*,*,*,*,*,*,*,*,*,*,*,*,*,*,*
533745353,0,,,133,80,53,18,11,7,115,69,46,83,54,29,113,67,46,111,66,45,32,15,17,18,6,12,8,2,6,0,0,0,1,0,1,68,67,40,10,7,5,3,2,0,27,22,5,6,24,11,12,4
533745354,0,,,73,40,33,9,5,4,64,35,29,36,21,15,61,32,29,61,32,29,28,14,14,20,8,12,8,3,5,0,0,0,0,0,0,34,34,15,10,3,3,2,0,1,19,16,3,4,19,3,6,7
533745433,0,,,15,8,7,0,0,0,15,8,7,6,4,2,15,8,7,15,8,7,9,4,5,5,2,3,1,0,1,1,0,1,0,0,0,6,6,1,2,2,1,0,0,0,5,2,3,0,6,0,1,1
533745442,0,,,22,14,8,0,0,0,22,14,8,17,11,6,21,13,8,21,13,8,5,3,2,3,1,2,1,0,1,0,0,0,0,0,0,14,14,9,3,1,1,0,0,0,5,5,0,0,4,3,2,1
533745451,0,,,79,39,40,17,10,7,62,29,33,39,19,20,59,27,32,59,27,32,23,10,13,13,5,8,8,1,7,1,0,1,3,0,3,23,23,4,5,4,4,1,3,2,19,12,7,7,16,0,3,3
533745452,0,,,53,27,26,1,1,0,52,26,26,32,17,15,52,26,26,51,26,25,20,9,11,13,5,8,5,3,2,0,0,0,0,0,0,22,22,4,8,7,3,0,0,0,18,15,3,1,13,0,2,4
533745454,0,,,13,13,0,0,0,0,13,13,0,13,13,0,13,13,0,12,12,0,0,0,0,0,0,0,0,0,0,0,0,0,4,4,0,13,13,13,0,0,0,0,0,0,0,0,0,0,0,9,0,0
533745463,0,,,10,4,6,0,0,0,10,4,6,1,1,0,10,4,6,10,4,6,9,3,6,6,1,5,2,0,2,1,0,1,0,0,0,5,5,0,5,0,0,0,0,0,5,4,1,0,5,0,0,3
533745531,1,,533745532;533745534;533745634,8,4,4,0,0,0,16,9,7,6,5,1,16,9,7,16,9,7,10,4,6,6,3,3,1,0,1,0,0,0,0,0,0,4,4,3,3,1,1,0,0,0,5,5,0,0,6,0,2,2
533745532,2,533745531,,4,3,1,*,*,*,*,*,*,*,*,*,*,*,*,*,*,*,*,*,*,*,*,*,*,*,*,*,*,*,*,*,*,1,1,*,*,*,*,*,*,*,*,*,*,*,*,*,*,*
533745534,2,533745531,,1,1,0,*,*,*,*,*,*,*,*,*,*,*,*,*,*,*,*,*,*,*,*,*,*,*,*,*,*,*,*,*,*,1,1,*,*,*,*,*,*,*,*,*,*,*,*,*,*,*
533745563,2,533745673,,2,2,0,*,*,*,*,*,*,*,*,*,*,*,*,*,*,*,*,*,*,*,*,*,*,*,*,*,*,*,*,*,*,2,2,*,*,*,*,*,*,*,*,*,*,*,*,*,*,*
533745564,2,533745673,,1,0,1,*,*,*,*,*,*,*,*,*,*,*,*,*,*,*,*,*,*,*,*,*,*,*,*,*,*,*,*,*,*,1,1,*,*,*,*,*,*,*,*,*,*,*,*,*,*,*
533745634,2,533745531,,3,1,2,*,*,*,*,*,*,*,*,*,*,*,*,*,*,*,*,*,*,*,*,*,*,*,*,*,*,*,*,*,*,2,2,*,*,*,*,*,*,*,*,*,*,*,*,*,*,*
533745662,2,533745673,,7,3,4,*,*,*,*,*,*,*,*,*,*,*,*,*,*,*,*,*,*,*,*,*,*,*,*,*,*,*,*,*,*,4,4,*,*,*,*,*,*,*,*,*,*,*,*,*,*,*
533745673,1,,533745563;533745564;533745662;533745762,22,8,14,2,0,2,35,16,19,11,8,3,35,16,19,35,16,19,24,8,16,16,4,12,7,1,6,0,0,0,2,2,0,10,10,9,5,3,1,1,0,0,10,7,3,0,15,2,6,4
533745762,2,533745673,,5,3,2,*,*,*,*,*,*,*,*,*,*,*,*,*,*,*,*,*,*,*,*,*,*,*,*,*,*,*,*,*,*,2,2,*,*,*,*,*,*,*,*,*,*,*,*,*,*,*
533745771,0,,,29,14,15,2,1,1,27,13,14,13,6,7,26,13,13,26,13,13,14,7,7,9,4,5,3,2,1,0,0,0,0,0,0,13,13,5,3,3,1,1,0,0,8,5,3,1,10,1,3,2
533745773,1,,533745774,79,39,40,12,5,7,73,37,36,36,19,17,71,36,35,71,36,35,37,18,19,17,9,8,6,2,4,1,0,1,0,0,0,36,36,13,16,4,2,4,0,0,26,23,3,3,24,0,7,11
533745774,2,533745773,,6,3,3,*,*,*,*,*,*,*,*,*,*,*,*,*,*,*,*,*,*,*,*,*,*,*,*,*,*,*,*,*,*,3,3,*,*,*,*,*,*,*,*,*,*,*,*,*,*,*
533745873,1,,533745954,83,41,42,10,6,4,74,35,39,29,15,14,74,35,39,73,34,39,45,20,25,30,13,17,8,4,4,1,1,0,0,0,0,37,37,11,14,9,2,2,0,0,27,26,1,2,28,0,9,13
533745954,2,533745873,,1,0,1,*,*,*,*,*,*,*,*,*,*,*,*,*,*,*,*,*,*,*,*,*,*,*,*,*,*,*,*,*,*,1,1,*,*,*,*,*,*,*,*,*,*,*,*,*,*,*
533745962,2,533745971,,4,1,3,*,*,*,*,*,*,*,*,*,*,*,*,*,*,*,*,*,*,*,*,*,*,*,*,*,*,*,*,*,*,2,2,*,*,*,*,*,*,*,*,*,*,*,*,*,*,*
533745964,2,533745971,,41,23,18,*,*,*,*,*,*,*,*,*,*,*,*,*,*,*,*,*,*,*,*,*,*,*,*,*,*,*,*,*,*,1,0,*,*,*,*,*,*,*,*,*,*,*,*,*,*,*
533745971,1,,533745962;533745964;533745973,45,21,24,27,13,14,68,33,35,48,27,21,64,30,34,62,29,33,20,6,14,7,1,6,4,1,3,0,0,0,2,1,1,12,11,8,4,2,1,0,0,0,7,6,1,0,6,3,2,1
533745973,2,533745971,,5,1,4,*,*,*,*,*,*,*,*,*,*,*,*,*,*,*,*,*,*,*,*,*,*,*,*,*,*,*,*,*,*,2,2,*,*,*,*,*,*,*,*,*,*,*,*,*,*,*
533747011,1,,533747012,18,7,11,2,0,2,19,9,10,15,6,9,18,9,9,18,9,9,4,3,1,1,1,0,0,0,0,0,0,0,0,0,0,10,10,6,5,0,0,1,0,0,5,5,0,0,3,0,1,2
533747012,2,533747011,,3,2,1,*,*,*,*,*,*,*,*,*,*,*,*,*,*,*,*,*,*,*,*,*,*,*,*,*,*,*,*,*,*,2,2,*,*,*,*,*,*,*,*,*,*,*,*,*,*,*
533747021,0,,,12,6,6,3,1,2,9,5,4,6,4,2,9,5,4,8,4,4,3,1,2,2,1,1,0,0,0,0,0,0,0,0,0,4,4,0,2,0,2,0,0,0,4,4,0,1,2,0,0,1
533747022,0,,,49,24,25,13,7,6,36,17,19,23,12,11,34,16,18,34,16,18,13,5,8,5,2,3,1,0,1,1,0,1,0,0,0,16,16,4,2,2,5,3,0,0,12,10,2,3,9,0,3,0
533747023,2,533747024,,5,3,2,*,*,*,*,*,*,*,*,*,*,*,*,*,*,*,*,*,*,*,*,*,*,*,*,*,*,*,*,*,*,2,2,*,*,*,*,*,*,*,*,*,*,*,*,*,*,*
533747024,1,,533747023,45,23,22,3,2,1,47,24,23,34,19,15,45,23,22,45,23,22,13,5,8,2,0,2,1,0,1,0,0,0,2,1,1,21,21,7,8,5,3,0,0,0,16,15,1,2,9,0,2,3
533747031,0,,,50,28,22,5,3,2,44,24,20,26,14,12,43,23,20,43,23,20,18,10,8,8,4,4,0,0,0,0,0,0,1,0,1,26,26,10,10,4,2,0,0,0,16,16,0,3,11,2,3,6
533747032,0,,,107,53,54,19,12,7,88,41,47,49,23,26,87,40,47,87,40,47,39,18,21,20,11,9,7,4,3,1,1,0,0,0,0,38,38,7,13,9,3,3,1,2,31,24,7,7,23,0,4,9
533747033,0,,,46,18,28,1,0,1,45,18,27,22,8,14,45,18,27,45,18,27,23,10,13,16,6,10,6,2,4,0,0,0,1,0,1,22,22,5,12,3,2,0,0,0,16,12,4,0,17,0,3,5
533747034,0,,,106,45,61,5,3,2,101,42,59,47,20,27,99,40,59,97,40,57,54,22,32,24,7,17,13,3,10,1,0,1,1,1,0,41,40,9,14,10,5,2,0,0,29,22,7,3,33,0,8,5
533747041,0,,,46,21,25,7,5,2,39,16,23,24,10,14,38,16,22,37,15,22,15,6,9,10,4,6,3,1,2,0,0,0,0,0,0,11,11,0,2,3,2,1,1,2,11,4,7,1,10,0,0,1
533747042,0,,,23,9,14,2,0,2,21,9,12,12,5,7,20,9,11,20,9,11,9,4,5,3,1,2,1,0,1,0,0,0,1,0,1,9,9,3,3,1,0,1,1,0,6,4,2,1,6,1,1,3
533747043,0,,,166,87,79,7,5,2,159,82,77,80,43,37,156,79,77,154,77,77,79,39,40,43,17,26,15,6,9,2,0,2,0,0,0,72,72,19,28,12,10,3,0,0,52,45,7,1,54,0,13,18
533747044,0,,,97,49,48,16,10,6,81,39,42,47,25,22,80,39,41,80,39,41,34,14,20,24,10,14,5,3,2,0,0,0,0,0,0,31,31,6,8,4,7,2,3,1,25,15,10,2,22,0,5,5
533747051,2,533747054,,5,3,2,*,*,*,*,*,*,*,*,*,*,*,*,*,*,*,*,*,*,*,*,*,*,*,*,*,*,*,*,*,*,2,2,*,*,*,*,*,*,*,*,*,*,*,*,*,*,*
533747052,2,533747054,,7,3,4,*,*,*,*,*,*,*,*,*,*,*,*,*,*,*,*,*,*,*,*,*,*,*,*,*,*,*,*,*,*,2,2,*,*,*,*,*,*,*,*,*,*,*,*,*,*,*
533747053,0,,,40,16,24,4,2,2,36,14,22,22,8,14,34,14,20,34,14,20,14,6,8,7,2,5,1,0,1,0,0,0,0,0,0,13,13,2,4,2,3,1,0,1,11,7,4,0,9,0,1,1
533747054,1,,533747051;533747052;533747063,14,7,7,4,1,3,25,13,12,17,10,7,24,12,12,24,12,12,8,3,5,2,0,2,1,0,1,0,0,0,0,0,0,4,4,0,3,3,1,2,0,0,9,6,3,3,5,0,0,1
533747063,2,533747054,,3,1,2,*,*,*,*,*,*,*,*,*,*,*,*,*,*,*,*,*,*,*,*,*,*,*,*,*,*,*,*,*,*,1,1,*,*,*,*,*,*,*,*,*,*,*,*,*,*,*
533747112,0,,,14,6,8,2,1,1,12,5,7,8,5,3,12,5,7,12,5,7,4,0,4,4,0,4,2,0,2,0,0,0,0,0,0,5,5,1,1,1,2,0,0,0,3,1,2,0,4,0,1,0
533747121,0,,,50,25,25,8,5,3,42,20,22,34,17,17,40,19,21,39,19,20,8,3,5,7,3,4,1,0,1,0,0,0,0,0,0,17,17,2,5,6,1,2,1,0,15,13,2,1,5,0,0,1
533747122,0,,,34,18,16,5,3,2,29,15,14,18,10,8,28,15,13,27,14,13,11,5,6,10,4,6,2,1,1,0,0,0,0,0,0,10,10,1,2,3,2,1,0,1,9,5,4,2,7,0,1,1
533747123,0,,,42,21,21,2,1,1,40,20,20,24,13,11,40,20,20,39,19,20,16,7,9,8,3,5,5,2,3,0,0,0,0,0,0,16,16,4,5,3,1,3,0,0,12,7,5,0,12,0,1,3
533747124,0,,,76,37,39,7,3,4,69,34,35,40,19,21,69,34,35,67,33,34,29,15,14,17,9,8,3,1,2,0,0,0,0,0,0,25,25,0,9,10,4,1,0,1,25,21,4,1,18,0,0,6
533747131,0,,,137,68,69,23,15,8,114,53,61,73,35,38,108,50,58,107,50,57,41,18,23,24,9,15,5,1,4,0,0,0,1,0,1,44,44,13,9,7,3,6,2,4,31,19,12,5,30,0,8,5
533747132,0,,,249,124,125,32,18,14,217,106,111,140,72,68,214,105,109,211,104,107,77,34,43,44,17,27,14,5,9,2,1,1,4,2,2,92,92,17,27,28,12,5,1,2,74,61,13,14,47,3,7,13
533747133,0,,,191,101,90,28,14,14,163,87,76,103,58,45,160,85,75,156,82,74,60,29,31,36,16,20,11,5,6,1,0,1,1,0,1,65,65,10,20,12,15,4,3,1,55,40,15,8,37,0,6,10
533747134,0,,,451,213,238,75,37,38,376,176,200,234,118,116,361,169,192,352,165,187,142,58,84,79,32,47,30,5,25,2,0,2,12,5,7,177,177,52,42,36,31,13,3,0,124,103,21,17,104,1,38,19
533747141,0,,,598,269,329,80,29,51,518,240,278,308,154,154,498,233,265,487,228,259,210,86,124,122,41,81,62,18,44,6,0,6,22,15,7,239,238,75,67,44,25,19,5,3,162,126,36,19,132,9,31,32
533747142,0,,,345,165,180,55,29,26,290,136,154,191,93,98,281,132,149,278,131,147,99,43,56,54,23,31,15,5,10,1,0,1,2,1,1,123,123,25,38,24,20,8,4,4,98,75,23,14,64,3,12,17
533747143,0,,,312,144,168,20,10,10,292,134,158,143,77,66,280,126,154,276,124,152,149,57,92,107,36,71,49,13,36,10,4,6,2,0,2,114,111,33,35,17,16,6,4,0,77,62,15,4,72,3,18,17
533747144,0,,,120,58,62,16,9,7,104,49,55,62,31,31,101,48,53,98,47,51,42,18,24,29,11,18,9,2,7,2,0,2,1,1,0,42,42,8,15,5,9,1,2,2,33,23,10,3,26,0,6,5
533747151,0,,,60,32,28,9,6,3,51,26,25,32,18,14,51,26,25,51,26,25,19,8,11,10,4,6,5,1,4,0,0,0,0,0,0,21,21,3,8,2,5,3,0,0,18,12,6,4,13,0,3,3
533747152,0,,,28,11,17,0,0,0,28,11,17,16,7,9,28,11,17,28,11,17,12,4,8,8,2,6,5,2,3,0,0,0,0,0,0,10,10,1,5,1,2,0,1,0,9,5,4,0,8,0,1,2
533747153,0,,,63,34,29,16,8,8,47,26,21,32,17,15,44,24,20,43,24,19,15,9,6,4,2,2,3,1,2,1,1,0,0,0,0,19,19,4,4,2,3,4,1,1,15,12,3,1,8,0,2,2
533747154,0,,,17,10,7,2,1,1,15,9,6,10,7,3,14,8,6,14,8,6,5,2,3,1,0,1,1,0,1,0,0,0,4,2,2,5,5,0,1,2,1,1,0,0,4,3,1,1,3,0,0,1
533747161,0,,,60,28,32,0,0,0,60,28,32,31,16,15,57,25,32,55,25,30,29,12,17,15,7,8,4,1,3,1,0,1,0,0,0,20,20,3,7,2,4,3,1,0,17,10,7,0,19,0,3,4
533747173,1,,533747271;533747284,20,11,9,0,0,0,24,13,11,16,10,6,24,13,11,24,13,11,8,3,5,2,1,1,0,0,0,0,0,0,0,0,0,8,8,3,5,1,2,0,0,0,8,8,0,0,5,0,1,2
533747221,2,533747224,,1,0,1,*,*,*,*,*,*,*,*,*,*,*,*,*,*,*,*,*,*,*,*,*,*,*,*,*,*,*,*,*,*,1,1,*,*,*,*,*,*,*,*,*,*,*,*,*,*,*
533747222,0,,,18,9,9,0,0,0,18,9,9,7,4,3,18,9,9,18,9,9,11,5,6,8,3,5,4,1,3,0,0,0,0,0,0,9,9,1,7,1,0,0,0,0,8,8,0,0,8,0,1,3
533747224,1,,533747221,45,26,19,7,6,1,39,20,19,27,14,13,37,20,17,35,20,15,12,6,6,5,3,2,3,1,2,0,0,0,1,0,1,13,13,2,2,4,3,2,1,0,12,9,3,0,9,1,1,0
533747231,0,,,171,78,93,20,10,10,151,68,83,99,46,53,149,67,82,147,65,82,52,22,30,28,8,20,12,1,11,0,0,0,0,0,0,65,65,15,18,16,11,3,1,1,49,35,14,7,35,3,7,9
533747232,0,,,103,53,50,16,7,9,87,46,41,46,28,18,87,46,41,87,46,41,41,18,23,18,6,12,7,2,5,1,0,1,0,0,0,37,37,5,14,10,4,2,1,1,32,26,6,6,26,1,3,9
533747233,0,,,43,21,22,1,0,1,42,21,21,22,12,10,41,21,20,40,20,20,20,9,11,8,3,5,2,0,2,1,0,1,0,0,0,14,14,1,7,0,3,2,1,0,13,9,4,1,13,0,1,4
533747234,0,,,159,85,74,13,9,4,146,76,70,93,47,46,143,74,69,142,73,69,53,29,24,29,15,14,10,4,6,0,0,0,1,0,1,57,57,5,22,15,11,3,1,0,52,45,7,3,31,0,4,11
533747241,0,,,92,40,52,8,3,5,84,37,47,53,26,27,80,35,45,78,33,45,31,11,20,13,3,10,4,0,4,1,0,1,2,0,2,31,31,6,11,4,5,2,0,3,25,16,9,2,23,1,4,4
533747242,0,,,38,24,14,4,3,1,34,21,13,18,12,6,32,19,13,31,18,13,16,9,7,5,3,2,4,3,1,1,1,0,0,0,0,10,10,0,3,2,0,4,1,0,10,6,4,1,8,0,0,3
533747243,0,,,210,107,103,25,14,11,185,93,92,135,68,67,178,89,89,172,85,87,50,25,25,25,11,14,1,1,0,0,0,0,10,5,5,92,92,37,23,11,15,3,2,1,55,47,8,9,36,8,13,7
533747244,0,,,32,15,17,2,1,1,30,14,16,15,8,7,29,13,16,29,13,16,15,6,9,6,2,4,0,0,0,0,0,0,0,0,0,12,12,1,6,3,0,2,0,0,11,8,3,0,10,0,0,3
533747251,0,,,23,13,10,1,1,0,22,12,10,15,8,7,21,11,10,20,11,9,7,4,3,3,2,1,0,0,0,0,0,0,0,0,0,8,8,1,2,3,1,1,0,0,7,6,1,1,4,0,0,1
533747252,1,,533747261,43,22,21,6,5,1,38,17,21,18,10,8,38,17,21,37,17,20,20,7,13,15,6,9,7,2,5,0,0,0,0,0,0,17,17,6,4,5,2,0,0,1,12,10,2,2,14,0,5,2
533747253,0,,,40,17,23,1,0,1,39,17,22,22,11,11,39,17,22,39,17,22,17,6,11,10,2,8,4,0,4,1,0,1,0,0,0,17,17,5,5,3,4,0,0,0,12,9,3,0,11,0,4,2
533747254,0,,,78,40,38,12,8,4,66,32,34,37,19,18,63,29,34,63,29,34,29,13,16,15,5,10,9,3,6,0,0,0,1,0,1,24,24,1,6,8,6,2,0,1,23,16,7,4,18,0,1,1
533747261,2,533747252,,1,0,1,*,*,*,*,*,*,*,*,*,*,*,*,*,*,*,*,*,*,*,*,*,*,*,*,*,*,*,*,*,*,1,1,*,*,*,*,*,*,*,*,*,*,*,*,*,*,*
533747271,2,533747173,,3,2,1,*,*,*,*,*,*,*,*,*,*,*,*,*,*,*,*,*,*,*,*,*,*,*,*,*,*,*,*,*,*,2,2,*,*,*,*,*,*,*,*,*,*,*,*,*,*,*
533747284,2,533747173,,1,0,1,*,*,*,*,*,*,*,*,*,*,*,*,*,*,*,*,*,*,*,*,*,*,*,*,*,*,*,*,*,*,1,1,*,*,*,*,*,*,*,*,*,*,*,*,*,*,*
533747322,0,,,47,23,24,5,4,1,42,19,23,23,12,11,42,19,23,42,19,23,19,7,12,8,2,6,3,0,3,0,0,0,0,0,0,13,13,1,4,0,3,4,1,0,12,7,5,0,12,0,0,2
533747323,0,,,10,6,4,2,2,0,8,4,4,5,3,2,8,4,4,8,4,4,3,1,2,0,0,0,0,0,0,0,0,0,0,0,0,4,4,2,0,1,0,1,0,0,2,1,1,0,2,0,0,0
533747324,0,,,66,32,34,11,6,5,55,26,29,23,11,12,55,26,29,55,26,29,32,15,17,15,8,7,5,2,3,1,0,1,0,0,0,22,22,1,13,2,3,0,1,2,21,17,4,3,18,0,1,8
533747331,0,,,44,20,24,4,1,3,40,19,21,20,9,11,37,19,18,35,18,17,20,10,10,17,8,9,3,2,1,1,0,1,0,0,0,15,15,2,5,4,2,1,0,1,13,10,3,0,12,0,2,4
533747332,0,,,95,49,46,11,5,6,84,44,40,56,32,24,83,43,40,82,43,39,28,12,16,12,5,7,5,2,3,0,0,0,1,1,0,38,38,10,10,10,6,1,1,0,28,22,6,4,21,1,5,6
533747333,0,,,54,28,26,7,3,4,47,25,22,27,16,11,46,24,22,46,24,22,20,9,11,8,4,4,1,1,0,0,0,0,3,1,2,19,19,3,4,8,3,0,0,1,16,13,3,3,13,0,1,3
533747334,0,,,43,22,21,4,2,2,39,20,19,23,13,10,38,20,18,36,19,17,16,7,9,11,5,6,6,3,3,1,0,1,2,1,1,15,15,2,7,1,2,2,1,0,13,11,2,0,9,0,1,3
533747341,0,,,87,42,45,8,3,5,79,39,40,36,17,19,79,39,40,77,38,39,43,22,21,17,9,8,6,2,4,0,0,0,0,0,0,31,31,4,13,8,2,1,1,2,26,22,4,0,28,0,4,9
533747342,0,,,88,43,45,5,2,3,83,41,42,48,24,24,80,39,41,77,36,41,35,17,18,17,9,8,6,2,4,0,0,0,0,0,0,30,30,4,11,7,2,4,1,1,24,18,6,1,21,1,2,5
533747343,0,,,33,15,18,4,2,2,29,13,16,21,10,11,28,12,16,27,12,15,8,3,5,4,1,3,2,0,2,0,0,0,0,0,0,13,13,2,5,3,3,0,0,0,11,9,2,1,6,0,2,1
533747344,0,,,56,25,31,6,4,2,50,21,29,26,10,16,46,18,28,45,18,27,24,11,13,14,5,9,4,2,2,0,0,0,0,0,0,20,20,4,8,2,3,1,1,1,16,12,4,0,16,0,4,7
533747351,0,,,48,26,22,3,3,0,45,23,22,27,12,15,45,23,22,44,22,22,18,11,7,7,6,1,0,0,0,0,0,0,0,0,0,19,19,2,11,2,3,0,1,0,17,15,2,0,11,0,1,5
533747352,0,,,113,53,60,16,7,9,97,46,51,55,25,30,96,46,50,95,45,50,42,21,21,15,6,9,4,2,2,1,0,1,2,0,2,36,36,4,13,5,7,3,3,1,31,22,9,7,26,0,3,7
533747353,0,,,37,20,17,2,2,0,35,18,17,20,10,10,34,18,16,34,18,16,15,8,7,11,5,6,4,2,2,0,0,0,0,0,0,13,13,3,3,3,3,0,0,1,10,6,4,0,12,0,3,0
533747354,0,,,38,19,19,3,2,1,35,17,18,22,9,13,35,17,18,35,17,18,13,8,5,9,6,3,3,3,0,2,2,0,0,0,0,14,14,1,7,4,0,1,1,0,13,11,2,1,9,0,0,3
533747361,2,533747363,,8,2,6,*,*,*,*,*,*,*,*,*,*,*,*,*,*,*,*,*,*,*,*,*,*,*,*,*,*,*,*,*,*,2,2,*,*,*,*,*,*,*,*,*,*,*,*,*,*,*
533747362,2,533747363,,8,3,5,*,*,*,*,*,*,*,*,*,*,*,*,*,*,*,*,*,*,*,*,*,*,*,*,*,*,*,*,*,*,4,4,*,*,*,*,*,*,*,*,*,*,*,*,*,*,*
533747363,1,,533747361;533747362,34,20,14,10,4,6,40,21,19,25,16,9,39,20,19,39,20,19,15,5,10,10,4,6,5,1,4,1,0,1,0,0,0,12,12,3,5,5,3,2,0,0,15,13,2,3,10,0,2,1
533747364,0,,,67,34,33,11,7,4,56,27,29,32,15,17,54,27,27,54,27,27,24,12,12,16,7,9,5,0,5,0,0,0,0,0,0,18,18,1,4,4,5,0,2,2,17,9,8,2,15,0,1,1
533747421,1,,533747422,29,15,14,6,3,3,28,15,13,17,10,7,28,15,13,28,15,13,11,5,6,3,1,2,2,1,1,0,0,0,0,0,0,10,10,2,7,1,0,3,0,0,11,9,2,2,7,0,0,4
533747422,2,533747421,,5,3,2,*,*,*,*,*,*,*,*,*,*,*,*,*,*,*,*,*,*,*,*,*,*,*,*,*,*,*,*,*,*,3,3,*,*,*,*,*,*,*,*,*,*,*,*,*,*,*
533747423,2,533747424,,6,3,3,*,*,*,*,*,*,*,*,*,*,*,*,*,*,*,*,*,*,*,*,*,*,*,*,*,*,*,*,*,*,2,2,*,*,*,*,*,*,*,*,*,*,*,*,*,*,*
533747424,1,,533747423,78,38,40,12,5,7,72,36,36,46,24,22,69,34,35,68,33,35,26,12,14,8,3,5,3,1,2,0,0,0,0,0,0,28,28,4,10,6,8,2,0,0,25,21,4,0,16,0,2,4
533747431,2,533747433,,19,5,14,*,*,*,*,*,*,*,*,*,*,*,*,*,*,*,*,*,*,*,*,*,*,*,*,*,*,*,*,*,*,2,1,*,*,*,*,*,*,*,*,*,*,*,*,*,*,*
533747432,2,533747433,,8,5,3,*,*,*,*,*,*,*,*,*,*,*,*,*,*,*,*,*,*,*,*,*,*,*,*,*,*,*,*,*,*,5,5,*,*,*,*,*,*,*,*,*,*,*,*,*,*,*
533747433,1,,533747431;533747432,203,93,110,25,12,13,205,91,114,103,51,52,201,89,112,201,89,112,102,40,62,54,17,37,24,7,17,4,1,3,2,1,1,80,80,16,39,13,12,5,1,0,68,56,12,6,54,0,10,22
533747434,0,,,184,77,107,10,2,8,174,75,99,95,44,51,163,71,92,158,71,87,79,31,48,59,20,39,35,9,26,11,2,9,1,1,0,52,50,7,20,10,9,2,0,2,43,36,7,0,21,0,4,6
533747441,0,,,26,13,13,2,1,1,24,12,12,14,7,7,24,12,12,24,12,12,10,5,5,3,1,2,0,0,0,0,0,0,0,0,0,9,9,0,5,2,0,2,0,0,9,6,3,1,5,0,0,3
533747442,0,,,302,149,153,34,16,18,268,133,135,169,85,84,257,125,132,254,125,129,99,48,51,44,22,22,10,4,6,1,0,1,6,1,5,104,104,18,40,8,21,10,4,3,83,64,19,6,59,2,8,24
533747443,0,,,196,97,99,20,5,15,173,91,82,121,65,56,168,90,78,165,88,77,52,26,26,23,9,14,8,4,4,1,0,1,6,2,4,84,84,25,29,14,13,0,2,1,58,50,8,7,34,4,7,10
533747444,0,,,120,61,59,11,7,4,109,54,55,65,31,34,108,54,54,106,53,53,44,23,21,13,5,8,5,0,5,1,0,1,0,0,0,47,47,9,18,8,10,1,1,0,38,32,6,3,29,0,5,11
533747451,2,533747453,,7,4,3,*,*,*,*,*,*,*,*,*,*,*,*,*,*,*,*,*,*,*,*,*,*,*,*,*,*,*,*,*,*,2,2,*,*,*,*,*,*,*,*,*,*,*,*,*,*,*
533747452,2,533747453,,5,2,3,*,*,*,*,*,*,*,*,*,*,*,*,*,*,*,*,*,*,*,*,*,*,*,*,*,*,*,*,*,*,3,3,*,*,*,*,*,*,*,*,*,*,*,*,*,*,*
533747453,1,,533747451;533747452,71,34,37,16,7,9,67,33,34,39,18,21,65,33,32,65,33,32,28,15,13,11,6,5,7,3,4,1,0,1,0,0,0,21,21,2,6,7,7,4,0,0,24,18,6,4,17,0,1,4
533747454,0,,,56,24,32,5,2,3,51,22,29,24,10,14,49,21,28,48,21,27,27,12,15,14,6,8,4,1,3,0,0,0,0,0,0,18,18,0,9,2,5,1,0,1,18,12,6,1,14,0,0,7
533747461,1,,533747462,28,15,13,0,0,0,32,18,14,17,10,7,32,18,14,32,18,14,15,8,7,9,5,4,6,3,3,0,0,0,0,0,0,10,10,3,3,2,3,1,0,0,9,5,4,0,10,0,1,2
533747462,2,533747461,,4,3,1,*,*,*,*,*,*,*,*,*,*,*,*,*,*,*,*,*,*,*,*,*,*,*,*,*,*,*,*,*,*,2,2,*,*,*,*,*,*,*,*,*,*,*,*,*,*,*
533747463,0,,,39,19,20,1,0,1,38,19,19,14,9,5,38,19,19,38,19,19,24,10,14,14,5,9,5,1,4,0,0,0,0,0,0,15,15,2,5,6,1,1,0,0,13,10,3,0,14,0,1,2
533747464,1,,533747473,44,24,20,6,4,2,45,25,20,25,15,10,43,23,20,43,23,20,20,10,10,11,6,5,3,1,2,0,0,0,1,0,1,15,15,3,5,3,5,0,0,1,14,9,5,1,11,0,1,4
533747473,2,533747464,,7,5,2,*,*,*,*,*,*,*,*,*,*,*,*,*,*,*,*,*,*,*,*,*,*,*,*,*,*,*,*,*,*,2,2,*,*,*,*,*,*,*,*,*,*,*,*,*,*,*
533747481,2,533747484,,2,1,1,*,*,*,*,*,*,*,*,*,*,*,*,*,*,*,*,*,*,*,*,*,*,*,*,*,*,*,*,*,*,1,1,*,*,*,*,*,*,*,*,*,*,*,*,*,*,*
533747484,1,,533747481,43,24,19,8,7,1,37,18,19,15,8,7,37,18,19,37,18,19,22,10,12,10,5,5,2,0,2,0,0,0,0,0,0,14,14,0,7,5,1,1,0,1,15,11,4,2,12,0,0,6
533747491,2,533747493,,6,2,4,*,*,*,*,*,*,*,*,*,*,*,*,*,*,*,*,*,*,*,*,*,*,*,*,*,*,*,*,*,*,4,4,*,*,*,*,*,*,*,*,*,*,*,*,*,*,*
533747493,1,,533747491,55,28,27,6,3,3,55,27,28,28,13,15,54,27,27,54,27,27,27,14,13,14,8,6,5,3,2,0,0,0,1,0,1,19,19,6,9,3,1,1,2,1,17,12,5,1,17,0,3,6
533747494,0,,,18,7,11,3,0,3,15,7,8,8,5,3,14,6,8,12,4,8,7,2,5,3,0,3,1,0,1,1,0,1,0,0,0,5,5,0,2,1,0,1,1,0,5,3,2,0,4,0,0,1
533747522,0,,,168,88,80,21,10,11,147,78,69,108,57,51,137,69,68,133,68,65,39,21,18,21,10,11,6,3,3,0,0,0,5,1,4,63,63,11,24,12,10,4,1,1,49,37,12,6,26,0,5,6
533747523,0,,,11,6,5,2,1,1,9,5,4,5,3,2,9,5,4,9,5,4,4,2,2,0,0,0,0,0,0,0,0,0,0,0,0,4,4,1,2,0,0,0,1,0,3,2,1,1,2,0,0,1
533747524,0,,,26,12,14,4,2,2,22,10,12,15,7,8,20,10,10,20,10,10,7,3,4,4,1,3,1,0,1,0,0,0,0,0,0,10,10,1,4,3,2,0,0,0,9,8,1,0,5,0,1,3
533747531,0,,,481,232,249,39,19,20,438,210,228,330,169,161,421,198,223,411,193,218,108,41,67,48,19,29,17,7,10,3,0,3,11,5,6,205,205,58,78,34,17,13,3,2,144,116,28,11,71,7,13,16
533747532,0,,,320,164,156,26,14,12,280,144,136,167,90,77,269,139,130,264,136,128,113,54,59,55,28,27,10,7,3,0,0,0,7,2,5,144,144,54,42,21,19,5,3,0,89,78,11,8,74,4,18,22
533747533,0,,,443,199,244,33,17,16,408,181,227,205,111,94,386,166,220,376,161,215,203,70,133,141,38,103,83,15,68,20,1,19,20,8,12,117,115,41,29,22,15,7,1,0,74,64,10,4,36,12,7,11
533747534,0,,,234,123,111,35,22,13,199,101,98,123,63,60,190,93,97,188,93,95,76,38,38,33,16,17,5,3,2,0,0,0,8,3,5,83,82,12,33,15,12,4,4,2,70,59,11,7,47,1,9,17
533747541,0,,,422,199,223,46,27,19,367,168,199,189,93,96,358,163,195,353,160,193,178,75,103,107,41,66,54,18,36,8,1,7,18,10,8,181,179,75,54,20,18,4,7,1,103,80,23,12,101,7,42,20
533747542,0,,,375,175,200,52,26,26,318,147,171,226,107,119,309,141,168,303,138,165,92,40,52,54,23,31,15,7,8,0,0,0,5,0,5,167,167,58,55,26,17,6,4,1,101,87,14,16,61,8,16,20
533747543,0,,,412,201,211,58,32,26,352,168,184,253,127,126,338,161,177,331,160,171,99,41,58,53,20,33,14,4,10,2,0,2,12,5,7,161,161,47,48,28,21,6,8,3,111,93,18,14,67,8,17,18
533747544,0,,,303,148,155,49,27,22,242,116,126,176,92,84,233,108,125,228,107,121,66,24,42,36,10,26,12,2,10,1,0,1,3,1,2,127,127,45,29,25,16,11,1,0,78,61,17,15,44,8,10,9
533747551,0,,,140,66,74,19,10,9,121,56,65,89,44,45,117,54,63,113,50,63,32,12,20,17,7,10,4,2,2,0,0,0,0,0,0,48,47,4,16,14,9,3,1,0,43,39,4,4,20,0,3,6
533747552,0,,,127,61,66,18,5,13,109,56,53,74,39,35,103,52,51,102,51,51,35,17,18,16,7,9,8,3,5,1,0,1,1,1,0,47,47,11,13,14,1,5,2,1,36,29,7,4,22,2,3,7
533747553,0,,,188,97,91,34,20,14,152,76,76,106,52,54,143,72,71,140,70,70,46,24,22,21,11,10,6,4,2,1,1,0,0,0,0,65,65,13,17,17,9,3,3,3,52,43,9,13,29,1,5,8
533747554,0,,,85,42,43,8,2,6,77,40,37,52,28,24,74,38,36,72,36,36,25,12,13,14,6,8,8,3,5,1,1,0,0,0,0,30,30,6,10,5,5,2,0,2,23,18,5,1,18,0,2,2
533747561,0,,,65,31,34,5,2,3,60,29,31,37,19,18,54,25,29,52,24,28,23,10,13,15,5,10,5,3,2,1,1,0,0,0,0,24,24,2,12,5,2,2,1,0,22,16,6,1,15,0,2,4
533747562,0,,,41,17,24,7,4,3,34,13,21,20,8,12,32,13,19,32,13,19,14,5,9,8,2,6,5,1,4,0,0,0,1,0,1,16,16,3,6,4,2,0,1,0,13,12,1,2,10,0,3,1
533747563,0,,,151,73,78,15,9,6,136,64,72,91,43,48,133,62,71,129,61,68,45,21,24,23,8,15,9,4,5,2,0,2,0,0,0,52,52,6,15,14,13,3,1,0,45,36,9,7,29,0,3,7
533747564,0,,,162,83,79,35,22,13,127,61,66,89,41,48,122,59,63,120,58,62,38,20,18,13,7,6,0,0,0,0,0,0,2,1,1,59,59,6,27,11,6,9,0,0,53,51,2,9,24,0,3,14
533747571,2,533747573,,7,5,2,*,*,*,*,*,*,*,*,*,*,*,*,*,*,*,*,*,*,*,*,*,*,*,*,*,*,*,*,*,*,2,2,*,*,*,*,*,*,*,*,*,*,*,*,*,*,*
533747573,1,,533747571,21,11,10,3,3,0,25,13,12,13,7,6,25,13,12,24,13,11,12,6,6,4,2,2,1,0,1,0,0,0,0,0,0,9,9,2,4,3,1,1,0,0,9,8,1,2,8,0,2,1
533747584,2,533747691,,5,3,2,*,*,*,*,*,*,*,*,*,*,*,*,*,*,*,*,*,*,*,*,*,*,*,*,*,*,*,*,*,*,2,2,*,*,*,*,*,*,*,*,*,*,*,*,*,*,*
533747591,1,,533747593,40,20,20,2,2,0,41,19,22,21,9,12,41,19,22,40,19,21,20,10,10,12,4,8,3,1,2,1,0,1,0,0,0,17,17,5,8,2,1,1,0,1,13,10,3,1,15,0,5,5
533747592,0,,,12,5,7,0,0,0,12,5,7,8,3,5,11,5,6,11,5,6,4,2,2,3,2,1,1,0,1,0,0,0,0,0,0,5,5,0,3,2,0,0,0,0,5,4,1,0,3,0,0,1
533747593,2,533747591,,3,1,2,*,*,*,*,*,*,*,*,*,*,*,*,*,*,*,*,*,*,*,*,*,*,*,*,*,*,*,*,*,*,1,1,*,*,*,*,*,*,*,*,*,*,*,*,*,*,*
533747594,0,,,28,15,13,4,3,1,24,12,12,9,4,5,24,12,12,24,12,12,15,8,7,5,4,1,2,1,1,0,0,0,0,0,0,10,10,0,5,3,1,1,0,0,10,7,3,1,9,0,0,5
533747621,0,,,66,34,32,11,6,5,54,27,27,30,16,14,52,25,27,50,24,26,24,11,13,8,4,4,3,1,2,0,0,0,0,0,0,28,28,8,11,3,4,1,1,0,20,18,2,3,16,0,5,8
533747622,0,,,61,32,29,15,8,7,46,24,22,31,16,15,45,23,22,45,23,22,15,8,7,4,3,1,0,0,0,0,0,0,0,0,0,19,19,4,4,3,4,0,4,0,15,12,3,3,10,0,2,2
533747623,0,,,23,11,12,3,1,2,20,10,10,16,8,8,19,9,10,17,8,9,4,2,2,1,0,1,1,0,1,0,0,0,0,0,0,9,8,2,0,4,2,0,0,0,6,5,1,1,3,0,1,0
533747624,0,,,22,12,10,6,4,2,16,8,8,15,8,7,14,6,8,14,6,8,1,0,1,1,0,1,0,0,0,0,0,0,2,0,2,9,9,3,2,2,1,1,0,0,6,6,0,2,1,0,1,0
533747631,0,,,84,42,42,18,9,9,65,32,33,48,24,24,59,29,30,58,29,29,17,8,9,10,5,5,1,0,1,0,0,0,0,0,0,27,27,3,6,6,9,3,0,0,24,22,2,2,10,0,1,4
533747632,0,,,68,32,36,11,5,6,57,27,30,36,17,19,56,27,29,55,26,29,21,10,11,9,5,4,3,1,2,0,0,0,1,0,1,22,22,2,8,4,4,3,0,1,20,16,4,2,11,0,1,3
533747633,0,,,249,113,136,34,17,17,214,96,118,145,69,76,208,93,115,205,92,113,69,27,42,39,14,25,17,6,11,1,1,0,5,1,4,82,82,14,21,19,14,8,3,3,67,45,22,15,47,3,7,8
533747634,0,,,123,61,62,10,8,2,113,53,60,74,36,38,108,51,57,103,49,54,39,17,22,21,10,11,10,4,6,1,0,1,2,1,1,38,38,2,12,7,11,5,0,1,36,24,12,3,24,1,1,7
533747641,0,,,236,131,105,27,18,9,208,112,96,119,67,52,205,110,95,203,108,95,89,45,44,51,23,28,14,5,9,1,0,1,0,0,0,87,87,22,25,16,12,7,3,2,63,47,16,4,55,5,8,14
533747642,0,,,126,67,59,20,11,9,106,56,50,64,35,29,103,55,48,102,54,48,42,21,21,27,13,14,9,5,4,0,0,0,0,0,0,42,42,6,15,9,5,3,3,1,36,29,7,6,26,1,4,8
533747643,0,,,410,198,212,84,42,42,324,155,169,229,114,115,307,149,158,301,144,157,95,41,54,52,22,30,10,4,6,0,0,0,2,1,1,142,142,23,39,33,32,11,2,2,119,101,18,18,65,0,11,18
533747644,0,,,781,380,401,115,55,60,655,321,334,453,227,226,627,310,317,613,301,312,202,94,108,119,53,66,31,15,16,2,1,1,2,1,1,307,307,78,93,62,51,15,5,3,226,201,25,33,127,8,26,44
533747651,0,,,90,46,44,11,7,4,79,39,40,46,23,23,77,37,40,76,37,39,33,16,17,17,7,10,4,1,3,0,0,0,0,0,0,33,33,3,13,9,7,0,1,0,30,26,4,3,21,0,2,9
533747652,0,,,332,154,178,46,20,26,285,134,151,172,86,86,267,125,142,266,124,142,113,48,65,62,30,32,13,5,8,0,0,0,8,3,5,145,145,52,44,25,12,7,2,3,91,83,8,12,79,0,30,16
533747653,0,,,373,190,183,64,35,29,307,154,153,205,110,95,293,145,148,287,140,147,102,44,58,66,28,38,15,10,5,0,0,0,13,8,5,142,142,34,35,36,27,7,3,0,108,92,16,20,63,3,17,21
533747654,0,,,309,148,161,31,19,12,278,129,149,151,72,79,271,127,144,266,125,141,127,57,70,69,30,39,20,7,13,0,0,0,2,0,2,107,106,12,46,19,15,6,6,2,93,70,23,6,78,0,10,27
533747661,0,,,238,77,161,11,8,3,226,68,158,47,24,23,223,67,156,223,67,156,179,44,135,159,38,121,118,26,92,23,2,21,2,1,1,34,31,7,12,5,3,2,2,0,23,19,4,3,14,0,3,6
533747662,0,,,104,56,48,15,11,4,89,45,44,67,35,32,83,42,41,82,41,41,22,10,12,11,4,7,5,2,3,0,0,0,1,0,1,32,32,2,11,5,8,4,1,1,30,24,6,3,17,0,2,5
533747663,0,,,62,32,30,13,6,7,49,26,23,36,17,19,47,24,23,47,24,23,13,9,4,3,2,1,1,1,0,0,0,0,5,0,5,21,20,4,3,6,5,2,0,0,15,13,2,1,9,0,2,1
533747664,0,,,61,26,35,4,2,2,57,24,33,35,14,21,56,24,32,55,24,31,22,10,12,15,7,8,2,0,2,0,0,0,6,0,6,20,19,1,10,3,3,0,1,1,18,14,4,0,14,0,1,6
533747671,0,,,49,24,25,4,2,2,45,22,23,26,14,12,44,21,23,43,20,23,19,8,11,6,2,4,2,1,1,0,0,0,0,0,0,13,13,0,1,5,4,2,1,0,13,5,8,1,13,0,0,1
533747672,0,,,44,19,25,9,5,4,35,14,21,25,11,14,32,14,18,31,13,18,10,3,7,6,1,5,5,1,4,1,0,1,0,0,0,10,10,0,0,3,3,1,3,0,10,4,6,3,6,0,0,0
533747673,2,533747674,,8,5,3,*,*,*,*,*,*,*,*,*,*,*,*,*,*,*,*,*,*,*,*,*,*,*,*,*,*,*,*,*,*,2,2,*,*,*,*,*,*,*,*,*,*,*,*,*,*,*
533747674,1,,533747673,38,20,18,5,2,3,41,23,18,26,18,8,38,20,18,38,20,18,15,5,10,7,2,5,1,0,1,0,0,0,0,0,0,11,11,1,2,2,6,1,1,0,12,6,6,2,10,0,1,1
533747682,0,,,20,8,12,1,1,0,19,7,12,14,6,8,17,6,11,17,6,11,5,1,4,4,1,3,0,0,0,0,0,0,0,0,0,6,6,0,1,2,3,0,0,0,6,3,3,0,3,0,0,0
533747683,2,533747684,,1,1,0,*,*,*,*,*,*,*,*,*,*,*,*,*,*,*,*,*,*,*,*,*,*,*,*,*,*,*,*,*,*,1,1,*,*,*,*,*,*,*,*,*,*,*,*,*,*,*
533747684,1,,533747683,95,45,50,18,8,10,78,38,40,43,21,22,78,38,40,77,37,40,35,17,18,16,8,8,5,2,3,2,1,1,0,0,0,33,33,7,11,5,6,3,1,1,27,22,5,4,22,0,3,7
533747691,1,,533747584,138,71,67,15,7,8,128,67,61,66,35,31,128,67,61,127,66,61,62,32,30,30,12,18,10,5,5,1,0,1,2,0,2,49,49,6,21,10,9,2,2,1,45,34,11,4,42,0,6,11
533747692,0,,,94,48,46,8,3,5,86,45,41,42,20,22,84,45,39,83,44,39,44,25,19,17,9,8,7,5,2,1,1,0,2,0,2,34,34,6,15,4,3,3,2,1,28,22,6,3,27,0,4,10
533747693,0,,,80,42,38,3,1,2,77,41,36,40,24,16,75,39,36,74,38,36,37,17,20,21,7,14,7,2,5,0,0,0,0,0,0,33,33,9,11,6,5,1,1,0,24,18,6,1,27,0,6,5
533747694,0,,,51,24,27,8,3,5,43,21,22,24,10,14,42,21,21,42,21,21,19,11,8,12,6,6,4,2,2,0,0,0,0,0,0,13,13,0,4,3,1,2,1,2,13,8,5,1,11,0,0,3
533747713,0,,,22,14,8,0,0,0,22,14,8,14,9,5,21,13,8,21,13,8,8,5,3,5,3,2,2,1,1,0,0,0,0,0,0,10,10,3,4,1,2,0,0,0,7,5,2,0,6,1,1,1
533747714,0,,,24,9,15,0,0,0,24,9,15,12,4,8,22,9,13,22,9,13,12,5,7,8,3,5,1,1,0,0,0,0,0,0,0,8,8,1,2,3,1,0,1,0,7,4,3,0,7,0,1,2
533747722,0,,,31,16,15,3,2,1,28,14,14,19,8,11,28,14,14,28,14,14,9,6,3,1,1,0,1,1,0,0,0,0,1,0,1,14,14,3,5,6,0,0,0,0,11,11,0,3,8,0,3,2
533747723,0,,,64,32,32,6,5,1,58,27,31,42,18,24,57,27,30,56,27,29,16,9,7,5,2,3,1,0,1,0,0,0,0,0,0,25,25,6,8,4,5,2,0,0,19,16,3,3,12,0,4,1
533747724,0,,,108,56,52,14,11,3,94,45,49,65,33,32,93,45,48,92,44,48,29,12,17,17,4,13,6,1,5,0,0,0,0,0,0,46,46,14,16,6,7,2,1,0,32,27,5,5,22,0,6,5
533747731,0,,,160,78,82,26,12,14,134,66,68,87,46,41,128,61,67,127,61,66,47,20,27,22,5,17,6,0,6,0,0,0,0,0,0,54,54,10,14,15,5,5,3,2,44,30,14,7,32,0,6,7
533747732,0,,,340,164,176,66,31,35,274,133,141,205,102,103,263,126,137,259,124,135,69,31,38,40,17,23,10,5,5,0,0,0,2,1,1,121,121,21,31,33,26,7,2,1,100,81,19,23,50,0,11,14
533747733,0,,,185,86,99,21,9,12,155,72,83,109,52,57,150,69,81,145,67,78,46,20,26,24,9,15,8,3,5,0,0,0,0,0,0,74,74,19,26,11,10,7,1,0,52,42,10,6,27,1,1,9
533747734,0,,,696,375,321,81,45,36,581,312,269,439,248,191,562,303,259,555,301,254,142,64,78,84,38,46,19,7,12,0,0,0,33,21,12,367,367,203,75,40,30,14,3,2,163,137,26,21,96,87,21,30
533747741,0,,,345,152,193,65,24,41,280,128,152,195,99,96,272,124,148,268,123,145,85,29,56,49,19,30,13,3,10,0,0,0,1,1,0,125,125,26,32,27,27,12,1,0,99,80,19,13,60,0,13,13
533747742,0,,,743,361,382,98,49,49,632,306,326,443,223,220,608,296,312,597,289,308,189,83,106,115,52,63,50,20,30,1,0,1,4,3,1,332,331,130,89,51,41,13,5,2,200,173,27,20,120,24,34,39
533747743,0,,,799,383,416,91,44,47,697,335,362,498,251,247,677,323,354,664,319,345,199,84,115,119,49,70,47,21,26,1,0,1,14,6,8,363,363,133,111,63,38,6,11,1,226,198,28,32,138,17,44,35
533747744,0,,,745,376,369,73,40,33,659,331,328,431,228,203,639,323,316,628,318,310,228,103,125,143,58,85,44,13,31,1,0,1,6,3,3,329,327,125,92,51,31,20,7,1,198,165,33,19,155,13,55,35
533747751,0,,,610,285,325,85,42,43,515,239,276,371,177,194,495,227,268,483,223,260,144,62,82,82,36,46,29,10,19,2,1,1,16,4,12,263,263,87,83,40,34,15,3,1,172,149,23,24,98,18,23,25
533747752,0,,,379,177,202,62,29,33,316,148,168,212,107,105,306,145,161,299,142,157,104,41,63,54,22,32,19,8,11,2,0,2,12,7,5,158,157,43,48,37,23,5,1,0,114,106,8,17,72,2,20,17
533747753,0,,,899,414,485,118,54,64,773,357,416,506,250,256,741,340,401,722,333,389,267,107,160,156,58,98,50,18,32,5,3,2,31,14,17,389,388,126,124,64,48,21,5,0,255,222,33,28,179,14,50,59
533747754,0,,,605,290,315,80,36,44,518,252,266,360,188,172,503,242,261,492,236,256,158,64,94,101,38,63,30,13,17,1,0,1,7,5,2,249,249,87,63,46,25,17,8,3,159,116,43,24,102,20,17,27
533747761,0,,,375,179,196,30,16,14,345,163,182,178,96,82,335,162,173,328,159,169,167,67,100,84,36,48,23,8,15,3,0,3,4,1,3,147,147,29,57,32,17,6,4,2,117,93,24,5,109,0,21,29
533747762,0,,,194,97,97,21,12,9,171,84,87,96,49,47,169,82,87,167,81,86,75,35,40,35,13,22,12,1,11,0,0,0,1,0,1,72,71,15,25,14,7,7,2,1,55,41,14,8,46,2,6,18
533747763,0,,,702,354,348,93,53,40,599,297,302,377,186,191,579,291,288,571,289,282,222,111,111,91,44,47,18,4,14,3,1,2,19,8,11,294,293,91,98,45,33,15,8,3,201,162,39,23,140,23,18,48
533747764,0,,,213,104,109,22,9,13,191,95,96,117,59,58,186,94,92,180,90,90,74,36,38,32,13,19,9,2,7,1,0,1,1,0,1,78,77,14,26,16,13,5,3,0,63,52,11,4,45,0,6,15
533747771,2,533747773,,4,2,2,*,*,*,*,*,*,*,*,*,*,*,*,*,*,*,*,*,*,*,*,*,*,*,*,*,*,*,*,*,*,1,1,*,*,*,*,*,*,*,*,*,*,*,*,*,*,*
533747772,2,533747774,,2,1,1,*,*,*,*,*,*,*,*,*,*,*,*,*,*,*,*,*,*,*,*,*,*,*,*,*,*,*,*,*,*,1,1,*,*,*,*,*,*,*,*,*,*,*,*,*,*,*
533747773,1,,533747771,22,10,12,2,1,1,24,11,13,14,6,8,24,11,13,24,11,13,10,5,5,6,3,3,3,1,2,1,1,0,0,0,0,6,6,1,1,1,2,1,0,1,6,2,4,1,7,0,1,0
533747774,1,,533747772,64,31,33,7,4,3,59,28,31,31,15,16,56,26,30,56,26,30,28,13,15,9,5,4,5,2,3,2,0,2,1,0,1,20,20,2,7,3,6,2,0,1,19,13,6,1,16,0,1,6
533747781,0,,,217,104,113,23,12,11,194,92,102,104,50,54,183,86,97,179,82,97,90,42,48,45,19,26,21,5,16,5,1,4,1,1,0,75,75,11,30,9,15,2,7,1,64,43,21,4,59,0,10,14
533747782,0,,,139,64,75,5,3,2,134,61,73,72,34,38,132,61,71,131,60,71,62,27,35,42,18,24,18,8,10,0,0,0,0,0,0,53,53,16,8,18,6,2,2,1,37,22,15,1,42,0,14,3
533747783,0,,,206,95,111,24,7,17,182,88,94,112,57,55,174,84,90,168,80,88,70,31,39,36,15,21,16,4,12,2,0,2,1,1,0,60,60,5,16,13,12,6,4,4,55,34,21,4,46,0,5,8
533747784,0,,,124,62,62,18,11,7,106,51,55,62,29,33,102,50,52,101,49,52,44,22,22,23,11,12,7,2,5,0,0,0,0,0,0,42,42,5,15,6,12,3,0,1,37,31,6,6,28,0,5,11
533747791,0,,,69,33,36,12,9,3,57,24,33,29,14,15,56,24,32,55,24,31,28,10,18,20,8,12,9,3,6,1,0,1,1,0,1,20,20,1,6,6,2,2,2,1,19,11,8,2,18,0,1,3
533747792,1,,533747794,8,4,4,0,0,0,11,5,6,6,3,3,11,5,6,10,4,6,5,2,3,3,0,3,1,0,1,0,0,0,0,0,0,4,4,2,1,1,1,0,0,0,3,1,2,0,4,0,1,1
533747793,0,,,47,23,24,10,8,2,37,15,22,20,8,12,35,14,21,35,14,21,17,7,10,10,3,7,5,1,4,0,0,0,0,0,0,13,13,1,1,5,3,2,0,1,12,7,5,3,10,0,1,1
533747794,2,533747792,,3,1,2,*,*,*,*,*,*,*,*,*,*,*,*,*,*,*,*,*,*,*,*,*,*,*,*,*,*,*,*,*,*,1,1,*,*,*,*,*,*,*,*,*,*,*,*,*,*,*
533747811,1,,533747813,72,37,35,9,6,3,72,38,34,34,16,18,69,35,34,68,35,33,38,22,16,12,8,4,2,0,2,1,0,1,3,1,2,31,31,11,18,5,1,3,0,0,26,24,2,2,25,0,5,12
533747812,0,,,31,16,15,0,0,0,31,16,15,16,8,8,31,16,15,31,16,15,15,8,7,6,5,1,1,1,0,0,0,0,0,0,0,16,16,5,9,0,2,0,0,0,11,10,1,0,11,0,2,5
533747813,2,533747811,,9,7,2,*,*,*,*,*,*,*,*,*,*,*,*,*,*,*,*,*,*,*,*,*,*,*,*,*,*,*,*,*,*,7,7,*,*,*,*,*,*,*,*,*,*,*,*,*,*,*
533747814,0,,,18,7,11,3,0,3,15,7,8,9,4,5,15,7,8,15,7,8,6,3,3,3,2,1,1,1,0,0,0,0,0,0,0,6,6,0,3,1,1,1,0,0,6,4,2,1,3,0,0,3
533747821,0,,,72,32,40,9,5,4,62,27,35,31,15,16,59,26,33,58,25,33,31,12,19,16,4,12,13,4,9,2,0,2,0,0,0,23,22,4,6,4,5,3,0,0,18,15,3,3,12,0,3,4
533747822,0,,,76,44,32,9,6,3,67,38,29,46,25,21,66,37,29,63,36,27,21,13,8,7,4,3,3,2,1,0,0,0,0,0,0,32,32,8,11,8,3,2,0,0,24,22,2,5,14,0,2,6
533747823,0,,,164,78,86,10,5,5,154,73,81,76,34,42,152,72,80,152,72,80,78,39,39,38,21,17,9,5,4,0,0,0,1,0,1,75,75,21,34,8,9,3,0,0,53,47,6,2,53,0,14,17
533747824,0,,,113,56,57,11,3,8,100,52,48,66,34,32,94,48,46,92,46,46,34,18,16,17,8,9,5,2,3,0,0,0,0,0,0,45,45,16,12,6,4,4,2,1,29,21,8,2,23,2,3,6
533747831,0,,,193,95,98,24,15,9,166,79,87,123,61,62,164,77,87,159,75,84,43,18,25,21,7,14,8,1,7,0,0,0,2,2,0,79,79,22,24,17,10,4,2,0,56,43,13,5,32,1,6,7
533747832,0,,,621,249,372,68,32,36,551,216,335,268,128,140,536,210,326,528,206,322,283,88,195,225,59,166,163,38,125,48,7,41,2,0,2,181,179,45,54,38,31,7,4,0,133,113,20,14,76,6,17,25
533747833,0,,,295,157,138,22,13,9,262,138,124,172,97,75,257,136,121,252,132,120,90,41,49,57,23,34,21,8,13,1,1,0,7,3,4,125,123,52,22,27,12,6,2,2,70,49,21,7,57,9,10,8
533747834,0,,,359,175,184,35,17,18,307,151,156,243,124,119,297,148,149,293,147,146,64,27,37,29,13,16,5,2,3,1,0,1,14,9,5,214,213,144,32,20,8,4,3,2,68,56,12,12,43,51,14,10
533747841,0,,,623,308,315,63,32,31,553,274,279,359,188,171,530,261,269,524,260,264,194,86,108,113,49,64,35,14,21,2,1,1,7,2,5,276,275,101,80,47,30,9,5,3,172,140,32,15,137,13,42,33
533747842,0,,,815,397,418,54,30,24,754,362,392,428,226,202,731,350,381,720,347,373,326,136,190,189,74,115,62,20,42,8,3,5,21,4,17,409,408,193,111,56,24,17,4,3,210,175,35,6,220,40,69,54
533747843,0,,,727,328,399,114,65,49,593,256,337,448,202,246,573,246,327,551,240,311,145,54,91,87,31,56,25,7,18,4,0,4,6,2,4,347,347,166,73,46,39,17,6,0,179,150,29,32,102,62,28,26
533747844,0,,,762,384,378,84,52,32,677,331,346,445,229,216,657,322,335,649,318,331,232,102,130,135,50,85,57,18,39,3,1,2,10,5,5,332,331,116,99,51,40,18,6,1,212,176,36,28,163,14,56,43
533747851,0,,,591,295,296,84,44,40,494,240,254,333,173,160,476,231,245,464,225,239,161,67,94,92,32,60,35,11,24,4,2,2,9,4,5,240,240,74,69,45,31,11,5,5,162,127,35,18,106,9,20,26
533747852,0,,,461,203,258,81,38,43,377,164,213,244,112,132,361,157,204,356,155,201,133,52,81,75,25,50,20,5,15,2,1,1,17,7,10,188,188,56,59,26,30,13,4,0,131,114,17,18,95,4,35,25
533747853,0,,,516,271,245,71,28,43,434,237,197,305,179,126,427,230,197,425,229,196,129,58,71,68,27,41,27,10,17,0,0,0,24,12,12,247,247,106,69,31,29,9,3,0,138,122,16,22,84,22,20,24
533747854,0,,,376,176,200,48,20,28,319,150,169,227,107,120,305,143,162,298,140,158,92,43,49,44,16,28,15,3,12,4,0,4,8,4,4,156,155,62,32,27,18,8,6,2,91,71,20,11,61,15,16,13
533747861,0,,,180,94,86,19,11,8,159,81,78,97,50,47,154,78,76,148,74,74,62,31,31,29,16,13,4,3,1,0,0,0,6,2,4,67,67,13,24,14,10,1,4,1,53,48,5,4,37,1,4,12
533747862,0,,,204,102,102,27,13,14,177,89,88,108,57,51,172,85,87,168,83,85,69,32,37,41,16,25,14,4,10,1,0,1,2,0,2,68,68,12,20,9,15,8,3,1,56,40,16,9,47,0,12,10
533747863,0,,,141,67,74,19,10,9,122,57,65,74,35,39,120,56,64,117,55,62,48,22,26,20,9,11,7,0,7,0,0,0,1,0,1,45,45,5,13,10,9,5,2,1,38,28,10,5,31,0,4,9
533747864,0,,,186,94,92,24,11,13,162,83,79,92,49,43,152,75,77,151,74,77,70,34,36,34,17,17,19,9,10,3,2,1,1,0,1,62,62,16,11,15,7,7,2,4,45,33,12,9,44,1,14,5
533747871,0,,,105,52,53,12,8,4,93,44,49,55,26,29,91,43,48,88,41,47,38,18,20,19,7,12,14,5,9,3,2,1,2,0,2,38,38,9,10,8,5,4,2,0,29,19,10,3,26,2,6,6
533747872,0,,,30,14,16,6,3,3,24,11,13,17,8,9,23,10,13,22,9,13,7,3,4,3,1,2,3,1,2,1,0,1,0,0,0,9,9,1,2,1,3,2,0,0,8,6,2,1,4,0,1,0
533747873,0,,,34,18,16,5,3,2,29,15,14,19,10,9,28,14,14,28,14,14,10,5,5,6,3,3,4,2,2,1,1,0,0,0,0,8,8,0,1,3,1,1,1,1,8,4,4,2,5,0,0,1
533747881,0,,,42,22,20,3,1,2,39,21,18,20,11,9,39,21,18,39,21,18,19,10,9,12,7,5,7,5,2,0,0,0,0,0,0,16,16,2,7,5,0,1,1,0,14,12,2,0,12,0,2,6
533747882,0,,,48,27,21,2,1,1,46,26,20,22,12,10,46,26,20,46,26,20,24,14,10,10,6,4,6,4,2,0,0,0,0,0,0,20,20,3,8,7,2,0,0,0,17,15,2,1,16,0,3,4
533747883,0,,,54,25,29,4,3,1,50,22,28,29,15,14,49,22,27,47,20,27,21,7,14,15,5,10,5,1,4,1,0,1,1,0,1,18,18,5,1,5,4,2,1,0,13,8,5,0,13,0,4,1
533747884,1,,533747893,85,44,41,10,4,6,79,42,37,54,32,22,77,42,35,76,41,35,25,10,15,16,7,9,6,4,2,0,0,0,0,0,0,31,31,6,11,7,5,4,0,0,27,21,6,0,16,0,4,5
533747893,2,533747884,,4,2,2,*,*,*,*,*,*,*,*,*,*,*,*,*,*,*,*,*,*,*,*,*,*,*,*,*,*,*,*,*,*,2,2,*,*,*,*,*,*,*,*,*,*,*,*,*,*,*
533747911,0,,,15,7,8,6,2,4,9,5,4,7,4,3,9,5,4,9,5,4,2,1,1,0,0,0,0,0,0,0,0,0,0,0,0,4,4,1,1,0,0,1,0,1,3,2,1,1,1,0,0,0
533747912,0,,,59,30,29,8,3,5,51,27,24,25,15,10,51,27,24,48,26,22,26,12,14,14,5,9,3,1,2,1,0,1,0,0,0,24,24,10,3,5,2,4,0,0,14,10,4,1,17,0,8,3
533747921,1,,533747923,34,17,17,1,1,0,34,18,16,27,15,12,34,18,16,34,18,16,7,3,4,4,1,3,1,0,1,0,0,0,0,0,0,24,24,19,3,3,1,0,0,0,7,5,2,1,5,7,2,1
533747922,1,,533747924,26,16,10,3,2,1,23,14,9,14,7,7,23,14,9,23,14,9,9,7,2,3,2,1,0,0,0,0,0,0,2,2,0,15,15,10,4,1,0,0,1,0,6,5,1,2,8,1,3,2
533747923,2,533747921,,4,3,1,*,*,*,*,*,*,*,*,*,*,*,*,*,*,*,*,*,*,*,*,*,*,*,*,*,*,*,*,*,*,2,2,*,*,*,*,*,*,*,*,*,*,*,*,*,*,*
533747924,2,533747922,,1,1,0,*,*,*,*,*,*,*,*,*,*,*,*,*,*,*,*,*,*,*,*,*,*,*,*,*,*,*,*,*,*,1,1,*,*,*,*,*,*,*,*,*,*,*,*,*,*,*
533747931,1,,533747933,120,63,57,15,5,10,101,55,46,77,43,34,100,54,46,99,54,45,24,12,12,10,4,6,2,1,1,0,0,0,0,0,0,63,63,34,14,8,4,5,0,0,31,27,4,8,14,7,0,3
533747932,0,,,340,210,130,22,13,9,286,182,104,250,162,88,284,181,103,283,181,102,36,20,16,17,8,9,8,4,4,0,0,0,5,2,3,247,247,193,29,13,10,2,0,0,53,49,4,12,24,70,8,8
533747933,2,533747931,,7,3,4,*,*,*,*,*,*,*,*,*,*,*,*,*,*,*,*,*,*,*,*,*,*,*,*,*,*,*,*,*,*,2,2,*,*,*,*,*,*,*,*,*,*,*,*,*,*,*
533747934,0,,,38,19,19,8,3,5,30,16,14,25,13,12,29,16,13,27,14,13,5,3,2,3,2,1,2,1,1,0,0,0,0,0,0,12,12,1,5,1,3,1,0,1,11,10,1,2,3,0,0,2
533747941,0,,,206,105,101,20,11,9,179,90,89,132,70,62,178,90,88,175,88,87,47,20,27,29,10,19,15,6,9,0,0,0,2,1,1,104,104,60,16,13,6,6,1,2,43,29,14,7,31,23,7,6
533747942,0,,,504,233,271,56,33,23,436,196,240,303,140,163,424,193,231,408,190,218,133,56,77,78,32,46,35,13,22,8,2,6,17,8,9,253,253,139,43,32,21,11,5,2,113,82,31,16,86,47,24,20
533747943,0,,,21,10,11,5,3,2,16,7,9,14,6,8,14,6,8,13,6,7,2,1,1,0,0,0,0,0,0,0,0,0,0,0,0,6,6,1,0,1,3,1,0,0,5,4,1,1,2,0,1,0
533747944,0,,,104,14,90,4,1,3,100,13,87,86,8,78,99,12,87,29,10,19,14,5,9,5,1,4,3,0,3,1,0,1,0,0,0,14,12,2,5,3,1,1,0,0,10,8,2,0,8,0,1,3
533747951,0,,,424,241,183,67,40,27,355,200,155,264,158,106,348,196,152,345,194,151,91,42,49,46,19,27,18,7,11,1,0,1,21,14,7,205,205,107,38,24,20,9,6,1,94,72,22,21,60,50,14,14
533747952,0,,,213,109,104,24,16,8,189,93,96,140,73,67,181,90,91,176,88,88,49,20,29,25,11,14,7,3,4,0,0,0,11,7,4,100,100,39,27,18,14,2,0,0,60,57,3,7,33,7,11,9
533747953,0,,,186,95,91,22,15,7,163,79,84,103,53,50,155,74,81,151,71,80,60,26,34,27,11,16,8,2,6,2,0,2,8,2,6,80,80,30,23,14,4,4,3,2,47,39,8,3,39,9,8,11
533747954,0,,,231,122,109,23,12,11,207,110,97,129,74,55,193,99,94,192,98,94,78,36,42,39,21,18,8,4,4,0,0,0,13,5,8,77,75,23,15,17,15,5,0,0,51,47,4,6,28,8,7,4
533747961,0,,,60,31,29,8,5,3,52,26,26,32,16,16,50,26,24,50,26,24,20,10,10,8,5,3,2,1,1,0,0,0,0,0,0,21,21,2,9,4,4,0,2,0,19,16,3,2,13,0,1,3
533747962,0,,,58,27,31,9,3,6,49,24,25,29,15,14,48,24,24,47,23,24,20,9,11,11,4,7,5,2,3,0,0,0,0,0,0,19,19,4,5,2,4,2,2,0,15,11,4,2,12,0,3,5
533747963,1,,533747964,84,46,38,16,7,9,190,127,63,155,107,48,190,127,63,188,126,62,35,20,15,19,9,10,8,4,4,0,0,0,1,0,1,24,23,3,9,3,5,6,0,0,22,14,8,3,14,1,1,5
533747964,2,533747963,,122,88,34,*,*,*,*,*,*,*,*,*,*,*,*,*,*,*,*,*,*,*,*,*,*,*,*,*,*,*,*,*,*,7,3,*,*,*,*,*,*,*,*,*,*,*,*,*,*,*
533747971,2,533747974,,2,1,1,*,*,*,*,*,*,*,*,*,*,*,*,*,*,*,*,*,*,*,*,*,*,*,*,*,*,*,*,*,*,1,1,*,*,*,*,*,*,*,*,*,*,*,*,*,*,*
533747973,2,533747974,,5,3,2,*,*,*,*,*,*,*,*,*,*,*,*,*,*,*,*,*,*,*,*,*,*,*,*,*,*,*,*,*,*,3,3,*,*,*,*,*,*,*,*,*,*,*,*,*,*,*
533747974,1,,533747971;533747973,98,45,53,17,9,8,88,40,48,50,20,30,84,39,45,79,36,43,38,20,18,19,12,7,5,1,4,1,0,1,0,0,0,30,30,4,12,7,5,2,2,2,30,20,10,1,24,0,3,7
533747981,0,,,139,72,67,18,10,8,121,62,59,73,41,32,120,62,58,115,58,57,48,21,27,32,16,16,10,6,4,1,0,1,0,0,0,44,44,2,15,11,10,3,2,1,42,30,12,5,30,0,1,6
533747982,1,,533747991,63,32,31,15,7,8,53,27,26,43,20,23,48,25,23,47,24,23,10,7,3,3,2,1,0,0,0,0,0,0,1,1,0,19,19,6,4,2,4,4,2,0,16,11,5,3,8,0,4,0
533747983,0,,,188,89,99,20,5,15,168,84,84,90,47,43,159,81,78,158,81,77,78,37,41,34,17,17,13,4,9,2,0,2,1,1,0,68,68,9,23,22,6,5,3,0,58,43,15,4,49,0,7,13
533747984,0,,,65,36,29,13,10,3,52,26,26,30,16,14,52,26,26,51,25,26,22,10,12,12,4,8,1,0,1,0,0,0,0,0,0,20,20,1,6,5,4,3,1,0,19,12,7,3,13,0,1,4
533747991,2,533747982,,5,2,3,*,*,*,*,*,*,*,*,*,*,*,*,*,*,*,*,*,*,*,*,*,*,*,*,*,*,*,*,*,*,3,3,*,*,*,*,*,*,*,*,*,*,*,*,*,*,*
533750011,2,533750022,,5,3,2,*,*,*,*,*,*,*,*,*,*,*,*,*,*,*,*,*,*,*,*,*,*,*,*,*,*,*,*,*,*,2,2,*,*,*,*,*,*,*,*,*,*,*,*,*,*,*
533750022,1,,533750011,26,12,14,2,0,2,29,15,14,14,7,7,29,15,14,29,15,14,15,8,7,8,3,5,3,1,2,0,0,0,0,0,0,11,11,4,3,5,0,0,1,0,9,6,3,1,12,0,4,2
533750031,2,533750034,,5,3,2,*,*,*,*,*,*,*,*,*,*,*,*,*,*,*,*,*,*,*,*,*,*,*,*,*,*,*,*,*,*,2,2,*,*,*,*,*,*,*,*,*,*,*,*,*,*,*
533750034,1,,533750031,18,7,11,0,0,0,23,10,13,11,3,8,23,10,13,22,9,13,12,7,5,9,5,4,5,3,2,0,0,0,0,0,0,5,5,1,1,2,2,0,1,0,6,3,3,0,6,0,1,1
533750043,0,,,9,5,4,0,0,0,9,5,4,2,1,1,9,5,4,9,5,4,7,4,3,2,1,1,2,1,1,1,0,1,0,0,0,4,4,0,3,1,0,0,0,0,4,3,1,0,4,0,0,2
533750051,0,,,29,13,16,1,0,1,28,13,15,9,5,4,28,13,15,28,13,15,19,8,11,10,4,6,4,1,3,0,0,0,0,0,0,15,15,6,5,3,1,0,0,0,9,5,4,0,14,0,5,2
533750052,1,,533750054,33,18,15,6,4,2,30,16,14,15,8,7,28,16,12,27,15,12,15,8,7,5,5,0,2,2,0,0,0,0,0,0,0,9,9,1,2,3,1,1,1,1,9,5,4,0,9,0,1,2
533750053,0,,,28,14,14,0,0,0,28,14,14,13,6,7,27,14,13,27,14,13,15,8,7,11,5,6,6,2,4,0,0,0,0,0,0,12,12,4,3,3,1,1,0,0,8,3,5,0,9,0,2,2
533750054,2,533750052,,3,2,1,*,*,*,*,*,*,*,*,*,*,*,*,*,*,*,*,*,*,*,*,*,*,*,*,*,*,*,*,*,*,1,1,*,*,*,*,*,*,*,*,*,*,*,*,*,*,*
533750062,2,533750071,,3,1,2,*,*,*,*,*,*,*,*,*,*,*,*,*,*,*,*,*,*,*,*,*,*,*,*,*,*,*,*,*,*,3,3,*,*,*,*,*,*,*,*,*,*,*,*,*,*,*
533750071,1,,533750062,88,48,40,3,2,1,88,47,41,37,21,16,86,45,41,85,44,41,51,26,25,28,14,14,10,4,6,1,0,1,4,2,2,41,41,16,17,7,1,2,1,0,28,21,7,2,34,2,11,12
533750073,0,,,10,6,4,0,0,0,10,6,4,0,0,0,10,6,4,10,6,4,10,6,4,5,2,3,4,2,2,0,0,0,0,0,0,6,6,3,2,1,0,0,0,0,3,2,1,0,6,0,3,2
533750081,0,,,42,19,23,8,4,4,34,15,19,21,9,12,34,15,19,31,13,18,13,6,7,7,3,4,2,1,1,0,0,0,4,0,4,16,16,5,4,3,1,2,1,0,11,7,4,1,9,3,0,3
533750083,0,,,49,22,27,3,1,2,46,21,25,22,10,12,45,21,24,45,21,24,24,11,13,15,8,7,5,2,3,1,0,1,5,1,4,21,21,6,8,3,3,0,1,0,15,11,4,0,15,4,2,6
533750084,0,,,10,5,5,0,0,0,10,5,5,5,3,2,10,5,5,10,5,5,5,2,3,2,0,2,0,0,0,0,0,0,0,0,0,5,5,1,3,1,0,0,0,0,4,4,0,0,4,0,1,2
533750141,0,,,12,5,7,0,0,0,12,5,7,7,3,4,12,5,7,12,5,7,5,2,3,4,1,3,3,1,2,0,0,0,0,0,0,4,4,1,0,1,2,0,0,0,3,0,3,0,4,0,1,0
533750151,0,,,20,9,11,0,0,0,20,9,11,4,2,2,20,9,11,20,9,11,16,7,9,10,4,6,5,2,3,0,0,0,0,0,0,13,13,8,3,2,0,0,0,0,5,4,1,0,12,0,8,2
533750152,0,,,33,17,16,6,4,2,27,13,14,12,6,6,25,13,12,24,12,12,15,7,8,4,2,2,1,0,1,1,0,1,0,0,0,9,9,1,4,1,0,0,1,2,8,4,4,0,7,0,0,3
533750173,2,533750262,,7,3,4,*,*,*,*,*,*,*,*,*,*,*,*,*,*,*,*,*,*,*,*,*,*,*,*,*,*,*,*,*,*,3,3,*,*,*,*,*,*,*,*,*,*,*,*,*,*,*
533750181,1,,533750182,24,11,13,4,3,1,27,12,15,14,7,7,26,12,14,26,12,14,13,5,8,7,3,4,4,2,2,2,1,1,0,0,0,10,10,3,4,2,2,0,1,0,9,6,3,2,8,0,2,2
533750182,2,533750181,,7,4,3,*,*,*,*,*,*,*,*,*,*,*,*,*,*,*,*,*,*,*,*,*,*,*,*,*,*,*,*,*,*,2,2,*,*,*,*,*,*,*,*,*,*,*,*,*,*,*
533750183,0,,,14,8,6,0,0,0,14,8,6,6,5,1,14,8,6,14,8,6,8,3,5,4,1,3,4,1,3,0,0,0,0,0,0,8,8,4,3,0,1,0,0,0,4,3,1,0,6,0,3,1
533750261,2,533750262,,1,1,0,*,*,*,*,*,*,*,*,*,*,*,*,*,*,*,*,*,*,*,*,*,*,*,*,*,*,*,*,*,*,1,1,*,*,*,*,*,*,*,*,*,*,*,*,*,*,*
533750262,1,,533750173;533750261;533750271,1,1,0,0,0,0,13,7,6,4,3,1,13,7,6,13,7,6,9,4,5,3,0,3,2,0,2,0,0,0,0,0,0,1,1,2,2,1,0,0,0,0,3,2,1,0,3,0,0,2
533750271,2,533750262,,4,2,2,*,*,*,*,*,*,*,*,*,*,*,*,*,*,*,*,*,*,*,*,*,*,*,*,*,*,*,*,*,*,1,0,*,*,*,*,*,*,*,*,*,*,*,*,*,*,*
533750281,0,,,19,9,10,0,0,0,19,9,10,7,4,3,19,9,10,19,9,10,12,5,7,8,4,4,3,1,2,0,0,0,0,0,0,8,8,2,2,3,1,0,0,0,6,4,2,0,7,0,1,2
533750284,0,,,16,9,7,0,0,0,16,9,7,8,4,4,14,8,6,14,8,6,8,5,3,4,3,1,2,1,1,0,0,0,0,0,0,6,6,1,3,1,0,0,1,0,5,3,2,0,6,0,1,2
533750301,0,,,49,27,22,8,4,4,41,23,18,28,17,11,39,22,17,38,21,17,13,6,7,8,4,4,3,2,1,0,0,0,0,0,0,17,17,3,5,3,4,1,1,0,14,11,3,0,8,1,1,2
533750302,2,533750304,,1,0,1,*,*,*,*,*,*,*,*,*,*,*,*,*,*,*,*,*,*,*,*,*,*,*,*,*,*,*,*,*,*,1,1,*,*,*,*,*,*,*,*,*,*,*,*,*,*,*
533750303,0,,,119,60,59,18,9,9,101,51,50,68,36,32,95,46,49,94,45,49,33,15,18,22,10,12,6,4,2,1,0,1,1,0,1,45,45,7,21,5,8,1,3,0,37,32,5,4,22,0,4,5
533750304,1,,533750302,128,68,60,11,6,5,118,62,56,79,44,35,110,55,55,108,53,55,39,18,21,23,9,14,12,5,7,0,0,0,5,5,0,45,45,11,15,7,4,6,1,2,35,25,10,3,25,3,5,8
533750382,0,,,15,8,7,0,0,0,15,8,7,5,4,1,15,8,7,15,8,7,10,4,6,6,2,4,1,0,1,0,0,0,0,0,0,7,7,2,2,3,0,0,0,0,5,4,1,0,7,0,2,1
533750393,2,533750491,,6,4,2,*,*,*,*,*,*,*,*,*,*,*,*,*,*,*,*,*,*,*,*,*,*,*,*,*,*,*,*,*,*,2,2,*,*,*,*,*,*,*,*,*,*,*,*,*,*,*
533750401,0,,,23,12,11,4,3,1,19,9,10,12,6,6,19,9,10,19,9,10,7,3,4,5,1,4,1,0,1,0,0,0,0,0,0,7,7,0,1,4,1,1,0,0,7,3,4,1,4,0,0,0
533750402,0,,,249,122,127,31,14,17,218,108,110,139,70,69,213,103,110,205,101,104,79,38,41,31,14,17,10,3,7,0,0,0,0,0,0,98,98,24,31,20,16,5,1,1,74,59,15,7,51,8,7,16
533750404,0,,,35,12,23,4,0,4,31,12,19,17,6,11,31,12,19,31,12,19,14,6,8,3,2,1,1,0,1,1,0,1,5,0,5,19,19,7,9,2,1,0,0,0,12,12,0,1,9,5,2,5
533750411,0,,,37,17,20,3,1,2,34,16,18,18,10,8,33,15,18,33,15,18,16,6,10,5,1,4,3,0,3,0,0,0,1,0,1,16,16,4,6,4,1,1,0,0,12,10,2,2,9,1,2,3
533750413,1,,533750502,41,21,20,7,4,3,39,19,20,22,12,10,38,19,19,38,19,19,17,7,10,13,6,7,4,2,2,0,0,0,0,0,0,16,16,3,8,4,0,3,0,0,14,12,2,2,10,1,1,3
533750452,2,533750461,,2,1,1,*,*,*,*,*,*,*,*,*,*,*,*,*,*,*,*,*,*,*,*,*,*,*,*,*,*,*,*,*,*,1,1,*,*,*,*,*,*,*,*,*,*,*,*,*,*,*
533750461,1,,533750452,25,9,16,0,0,0,27,10,17,13,4,9,27,10,17,26,9,17,14,6,8,5,1,4,0,0,0,0,0,0,0,0,0,12,12,3,7,2,1,0,0,0,10,7,3,0,10,0,2,4
533750462,1,,533750464;533750562;533750671,22,11,11,2,0,2,36,21,15,16,11,5,36,21,15,36,21,15,20,10,10,12,4,8,4,1,3,0,0,0,0,0,0,7,7,9,4,1,3,0,1,0,9,4,5,0,16,0,7,1
533750464,2,533750462,,6,3,3,*,*,*,*,*,*,*,*,*,*,*,*,*,*,*,*,*,*,*,*,*,*,*,*,*,*,*,*,*,*,5,5,*,*,*,*,*,*,*,*,*,*,*,*,*,*,*
533750491,1,,533750393,16,6,10,1,0,1,21,10,11,10,6,4,20,9,11,20,9,11,11,4,7,8,3,5,3,2,1,0,0,0,1,0,1,5,5,2,0,3,1,0,0,1,5,1,4,0,7,0,2,0
533750493,0,,,12,6,6,0,0,0,12,6,6,4,2,2,12,6,6,12,6,6,8,4,4,3,1,2,0,0,0,0,0,0,0,0,0,6,6,1,4,1,0,0,0,0,5,4,1,0,5,0,1,2
533750502,2,533750413,,5,2,3,*,*,*,*,*,*,*,*,*,*,*,*,*,*,*,*,*,*,*,*,*,*,*,*,*,*,*,*,*,*,2,2,*,*,*,*,*,*,*,*,*,*,*,*,*,*,*
533750511,0,,,116,57,59,19,8,11,97,49,48,64,33,31,95,48,47,95,48,47,33,16,17,21,9,12,10,4,6,1,0,1,0,0,0,37,37,2,10,12,10,1,1,1,34,26,8,7,20,0,1,7
533750513,1,,533750514,52,28,24,10,6,4,44,23,21,29,16,13,43,23,20,43,23,20,15,7,8,7,3,4,2,1,1,0,0,0,0,0,0,16,16,1,5,4,5,1,1,0,16,12,4,4,10,0,0,3
533750514,2,533750513,,2,1,1,*,*,*,*,*,*,*,*,*,*,*,*,*,*,*,*,*,*,*,*,*,*,*,*,*,*,*,*,*,*,1,1,*,*,*,*,*,*,*,*,*,*,*,*,*,*,*
533750562,2,533750462,,3,3,0,*,*,*,*,*,*,*,*,*,*,*,*,*,*,*,*,*,*,*,*,*,*,*,*,*,*,*,*,*,*,3,3,*,*,*,*,*,*,*,*,*,*,*,*,*,*,*
533750591,2,533750592,,2,1,1,*,*,*,*,*,*,*,*,*,*,*,*,*,*,*,*,*,*,*,*,*,*,*,*,*,*,*,*,*,*,1,1,*,*,*,*,*,*,*,*,*,*,*,*,*,*,*
533750592,1,,533750591;533750594;533750791,11,6,5,3,2,1,17,9,8,8,4,4,17,9,8,17,9,8,9,5,4,5,3,2,3,2,1,0,0,0,0,0,0,6,6,4,2,4,0,0,0,0,6,6,0,1,7,0,3,1
533750594,2,533750592,,3,1,2,*,*,*,*,*,*,*,*,*,*,*,*,*,*,*,*,*,*,*,*,*,*,*,*,*,*,*,*,*,*,1,1,*,*,*,*,*,*,*,*,*,*,*,*,*,*,*
533750611,0,,,21,12,9,4,2,2,17,10,7,13,7,6,16,9,7,15,8,7,4,3,1,2,2,0,1,1,0,0,0,0,0,0,0,5,5,1,0,0,1,2,1,0,4,1,3,0,3,0,0,0
533750612,0,,,20,10,10,4,1,3,16,9,7,15,9,6,16,9,7,16,9,7,1,0,1,1,0,1,1,0,1,0,0,0,1,1,0,7,7,2,2,1,1,0,0,1,5,4,1,2,1,2,0,0
533750614,0,,,23,11,12,2,1,1,21,10,11,17,8,9,20,10,10,20,10,10,4,2,2,3,1,2,1,0,1,1,0,1,1,1,0,8,8,2,2,1,2,0,1,0,6,5,1,0,2,1,0,0
533750671,2,533750462,,7,4,3,*,*,*,*,*,*,*,*,*,*,*,*,*,*,*,*,*,*,*,*,*,*,*,*,*,*,*,*,*,*,3,3,*,*,*,*,*,*,*,*,*,*,*,*,*,*,*
533750712,0,,,23,12,11,7,5,2,16,7,9,10,5,5,16,7,9,15,7,8,6,2,4,1,0,1,0,0,0,0,0,0,0,0,0,8,8,1,4,0,1,2,0,0,7,7,0,2,4,0,1,2
533750714,0,,,37,18,19,2,2,0,35,16,19,14,8,6,35,16,19,35,16,19,21,8,13,10,2,8,4,0,4,1,0,1,1,0,1,16,16,2,8,5,1,0,0,0,14,10,4,0,14,0,1,3
533750791,2,533750592,,4,3,1,*,*,*,*,*,*,*,*,*,*,*,*,*,*,*,*,*,*,*,*,*,*,*,*,*,*,*,*,*,*,2,2,*,*,*,*,*,*,*,*,*,*,*,*,*,*,*
533750812,2,533750821,,2,1,1,*,*,*,*,*,*,*,*,*,*,*,*,*,*,*,*,*,*,*,*,*,*,*,*,*,*,*,*,*,*,1,1,*,*,*,*,*,*,*,*,*,*,*,*,*,*,*
533750821,1,,533750812,19,12,7,0,0,0,21,13,8,10,6,4,21,13,8,21,13,8,11,7,4,5,2,3,2,0,2,0,0,0,0,0,0,9,9,3,4,2,1,0,0,0,7,6,1,0,8,0,2,2
533750823,0,,,13,8,5,3,2,1,10,6,4,7,4,3,9,5,4,9,5,4,3,2,1,2,1,1,0,0,0,0,0,0,0,0,0,4,4,1,1,0,1,0,1,0,3,2,1,0,2,0,1,0
533750912,2,533750914,,4,3,1,*,*,*,*,*,*,*,*,*,*,*,*,*,*,*,*,*,*,*,*,*,*,*,*,*,*,*,*,*,*,1,1,*,*,*,*,*,*,*,*,*,*,*,*,*,*,*
533750914,1,,533750912,67,33,34,12,7,5,59,29,30,37,20,17,58,28,30,57,28,29,22,9,13,13,5,8,5,1,4,1,0,1,0,0,0,18,18,1,4,5,4,2,0,3,18,9,9,3,12,0,0,2
533751383,2,533751594,,4,2,2,*,*,*,*,*,*,*,*,*,*,*,*,*,*,*,*,*,*,*,*,*,*,*,*,*,*,*,*,*,*,1,1,*,*,*,*,*,*,*,*,*,*,*,*,*,*,*
533751394,2,533751594,,2,1,1,*,*,*,*,*,*,*,*,*,*,*,*,*,*,*,*,*,*,*,*,*,*,*,*,*,*,*,*,*,*,1,1,*,*,*,*,*,*,*,*,*,*,*,*,*,*,*
533751594,1,,533751383;533751394,169,85,84,5,2,3,170,86,84,103,58,45,160,83,77,157,81,76,67,28,39,41,17,24,7,5,2,0,0,0,1,1,0,89,89,43,30,8,4,5,0,1,48,38,10,0,49,5,16,15
533751684,0,,,31,15,16,0,0,0,31,15,16,14,8,6,30,14,16,30,14,16,17,7,10,10,5,5,6,3,3,0,0,0,0,0,0,14,14,6,2,4,1,1,0,0,8,4,4,0,11,0,4,2
533751691,0,,,111,56,55,9,7,2,102,49,53,53,31,22,98,46,52,96,46,50,49,18,31,30,10,20,8,3,5,2,0,2,5,1,4,50,50,23,14,3,5,1,2,2,27,20,7,1,31,5,8,8
533751692,0,,,899,414,485,95,47,48,786,355,431,458,224,234,766,344,422,760,341,419,328,131,197,209,73,136,80,30,50,9,4,5,24,8,16,378,377,138,103,63,40,17,9,7,232,163,69,22,218,17,68,39
533751693,0,,,505,254,251,21,12,9,472,233,239,299,162,137,464,230,234,452,224,228,173,71,102,98,36,62,32,8,24,0,0,0,22,8,14,292,292,179,53,34,16,7,2,1,111,85,26,4,117,63,34,25
533751694,0,,,850,426,424,94,51,43,723,353,370,461,242,219,704,345,359,696,338,358,262,111,151,150,60,90,48,17,31,2,0,2,30,14,16,436,436,228,103,42,39,16,5,3,196,159,37,27,180,44,73,44
533751782,0,,,123,58,65,7,2,5,110,50,60,51,29,22,109,49,60,108,48,60,59,21,38,44,15,29,24,8,16,2,0,2,12,6,6,78,78,54,12,4,7,1,0,0,24,18,6,2,49,7,31,7
533751784,0,,,338,165,173,24,11,13,304,147,157,165,87,78,301,145,156,299,144,155,139,60,79,76,28,48,36,11,25,6,2,4,12,9,3,122,121,64,32,13,6,4,2,0,54,45,9,9,45,14,21,5
533751791,0,,,477,192,285,35,18,17,431,170,261,266,105,161,423,170,253,398,169,229,165,65,100,95,34,61,35,13,22,1,0,1,31,10,21,207,206,98,54,25,14,7,6,2,108,80,28,6,114,19,34,24
533751792,0,,,293,142,151,28,13,15,245,118,127,163,77,86,239,113,126,234,111,123,82,41,41,44,23,21,15,5,10,0,0,0,28,9,19,171,171,110,30,15,8,5,1,2,61,47,14,9,61,24,27,9
533751793,0,,,50,22,28,1,0,1,45,18,27,24,9,15,43,16,27,43,16,27,21,9,12,9,3,6,5,1,4,0,0,0,3,2,1,27,27,15,6,3,1,2,0,0,11,8,3,0,17,2,6,2
533751842,2,533751851,,9,6,3,*,*,*,*,*,*,*,*,*,*,*,*,*,*,*,*,*,*,*,*,*,*,*,*,*,*,*,*,*,*,2,2,*,*,*,*,*,*,*,*,*,*,*,*,*,*,*
533751851,1,,533751842,8,3,5,4,4,0,13,5,8,5,2,3,12,5,7,12,5,7,8,3,5,2,1,1,0,0,0,0,0,0,0,0,0,3,3,1,2,0,0,1,0,1,4,2,2,0,5,0,1,2
533751853,1,,533751944,88,46,42,10,6,4,79,40,39,43,23,20,77,39,38,77,39,38,36,17,19,22,9,13,9,6,3,0,0,0,0,0,0,31,31,6,12,5,5,2,1,1,25,18,7,2,24,0,4,6
533751854,0,,,13,8,5,0,0,0,13,8,5,9,6,3,13,8,5,13,8,5,4,2,2,3,1,2,1,1,0,0,0,0,0,0,0,5,5,1,2,1,0,1,0,0,4,1,3,0,4,0,1,0
533751882,0,,,167,78,89,13,7,6,153,71,82,77,37,40,153,71,82,152,70,82,76,34,42,36,13,23,12,4,8,2,1,1,1,0,1,76,74,29,24,12,5,1,3,0,45,32,13,4,52,1,18,13
533751884,0,,,85,28,57,3,1,2,78,27,51,55,17,38,77,27,50,77,27,50,23,10,13,13,4,9,3,0,3,0,0,0,1,0,1,60,60,45,8,5,1,1,0,0,15,11,4,1,17,18,7,3
533751944,2,533751853,,1,0,1,*,*,*,*,*,*,*,*,*,*,*,*,*,*,*,*,*,*,*,*,*,*,*,*,*,*,*,*,*,*,1,1,*,*,*,*,*,*,*,*,*,*,*,*,*,*,*
533751951,1,,533751952,26,14,12,2,2,0,28,15,13,17,9,8,26,14,12,25,13,12,11,6,5,7,5,2,1,1,0,0,0,0,0,0,0,8,8,0,3,2,2,2,0,0,9,6,3,1,6,0,0,3
533751952,2,533751951,,4,3,1,*,*,*,*,*,*,*,*,*,*,*,*,*,*,*,*,*,*,*,*,*,*,*,*,*,*,*,*,*,*,1,1,*,*,*,*,*,*,*,*,*,*,*,*,*,*,*
533751953,0,,,12,5,7,0,0,0,12,5,7,6,3,3,12,5,7,12,5,7,6,2,4,6,2,4,2,0,2,1,0,1,0,0,0,4,4,0,1,2,1,0,0,0,4,1,3,0,4,0,0,1
533751981,2,533751982,,7,2,5,*,*,*,*,*,*,*,*,*,*,*,*,*,*,*,*,*,*,*,*,*,*,*,*,*,*,*,*,*,*,3,3,*,*,*,*,*,*,*,*,*,*,*,*,*,*,*
533751982,1,,533751981;533751983,101,46,55,13,5,8,94,42,52,41,19,22,93,42,51,92,41,51,53,23,30,23,9,14,6,2,4,0,0,0,0,0,0,38,38,9,17,5,6,2,3,0,31,23,8,5,33,0,8,8
533751983,2,533751982,,2,1,1,*,*,*,*,*,*,*,*,*,*,*,*,*,*,*,*,*,*,*,*,*,*,*,*,*,*,*,*,*,*,1,1,*,*,*,*,*,*,*,*,*,*,*,*,*,*,*
533751984,0,,,126,69,57,2,1,1,109,61,48,66,39,27,107,60,47,105,60,45,43,22,21,26,13,13,5,4,1,0,0,0,0,0,0,58,58,21,17,13,4,2,1,0,34,28,6,1,28,3,4,9
533751991,0,,,283,135,148,31,15,16,252,120,132,150,73,77,244,114,130,238,110,128,102,47,55,37,14,23,6,2,4,2,1,1,2,0,2,109,109,21,43,20,11,12,2,0,87,71,16,3,65,1,10,19
533751993,0,,,91,42,49,8,3,5,83,39,44,49,24,25,82,38,44,82,38,44,34,15,19,16,5,11,9,3,6,0,0,0,0,0,0,34,34,7,10,10,3,3,0,1,27,21,6,1,21,0,4,6
533752043,2,533752044,,8,3,5,*,*,*,*,*,*,*,*,*,*,*,*,*,*,*,*,*,*,*,*,*,*,*,*,*,*,*,*,*,*,4,4,*,*,*,*,*,*,*,*,*,*,*,*,*,*,*
533752044,1,,533752043,84,39,45,3,2,1,89,40,49,40,17,23,86,39,47,86,39,47,49,23,26,22,11,11,4,1,3,0,0,0,0,0,0,32,32,6,16,6,4,4,0,0,30,19,11,0,31,0,5,12
533752053,1,,533752054,23,11,12,4,2,2,21,10,11,13,6,7,20,9,11,19,9,10,8,4,4,3,2,1,2,1,1,1,1,0,0,0,0,6,6,0,3,1,0,2,1,0,7,5,2,0,5,0,0,2
533752054,2,533752053,,2,1,1,*,*,*,*,*,*,*,*,*,*,*,*,*,*,*,*,*,*,*,*,*,*,*,*,*,*,*,*,*,*,1,1,*,*,*,*,*,*,*,*,*,*,*,*,*,*,*
533752061,2,533752062,,3,2,1,*,*,*,*,*,*,*,*,*,*,*,*,*,*,*,*,*,*,*,*,*,*,*,*,*,*,*,*,*,*,2,2,*,*,*,*,*,*,*,*,*,*,*,*,*,*,*
533752062,1,,533752061,67,33,34,8,4,4,62,31,31,30,15,15,58,31,27,58,31,27,32,16,16,23,11,12,8,4,4,0,0,0,0,0,0,24,24,7,6,7,2,2,2,0,19,13,6,1,21,0,5,5
533752064,0,,,51,26,25,2,1,1,49,25,24,27,14,13,46,23,23,44,23,21,22,11,11,12,6,6,6,3,3,1,0,1,0,0,0,16,16,2,4,4,3,1,2,0,14,7,7,1,13,0,0,3
533752071,0,,,18,8,10,4,2,2,14,6,8,8,3,5,14,6,8,12,5,7,6,3,3,4,2,2,3,2,1,0,0,0,0,0,0,4,4,0,2,0,1,0,0,1,4,3,1,1,2,0,0,1
533752073,0,,,31,15,16,0,0,0,31,15,16,17,9,8,29,14,15,29,14,15,14,6,8,7,4,3,2,1,1,0,0,0,0,0,0,11,11,1,5,2,2,0,1,0,10,7,3,0,9,0,1,1
533752124,0,,,13,7,6,0,0,0,13,7,6,6,3,3,13,7,6,13,7,6,7,4,3,4,2,2,2,1,1,0,0,0,0,0,0,5,5,0,2,3,0,0,0,0,5,3,2,0,5,0,0,2
533752132,0,,,38,15,23,3,1,2,35,14,21,18,10,8,34,14,20,33,13,20,17,4,13,7,1,6,2,0,2,0,0,0,0,0,0,16,16,6,3,4,1,2,0,0,10,6,4,1,13,0,6,1
533752133,0,,,231,116,115,42,23,19,189,93,96,111,58,53,183,90,93,180,88,92,78,35,43,38,14,24,17,5,12,4,1,3,0,0,0,75,75,13,20,16,14,5,3,4,62,41,21,11,50,1,9,9
533752134,0,,,24,14,10,7,5,2,17,9,8,13,7,6,17,9,8,17,9,8,4,2,2,3,2,1,1,1,0,0,0,0,0,0,0,8,8,1,3,0,3,1,0,0,7,5,2,2,2,0,0,2
533752141,0,,,112,56,56,16,6,10,95,49,46,54,30,24,93,47,46,93,47,46,41,19,22,28,12,16,11,3,8,1,0,1,1,1,0,38,38,10,8,9,5,2,2,2,28,18,10,3,27,0,6,5
533752142,1,,533752143,199,100,99,27,21,6,182,83,99,110,52,58,178,82,96,177,81,96,72,31,41,37,16,21,16,6,10,0,0,0,0,0,0,64,64,11,19,13,9,8,4,3,55,28,27,12,47,0,6,4
533752143,2,533752142,,10,4,6,*,*,*,*,*,*,*,*,*,*,*,*,*,*,*,*,*,*,*,*,*,*,*,*,*,*,*,*,*,*,3,3,*,*,*,*,*,*,*,*,*,*,*,*,*,*,*
533752144,0,,,23,11,12,4,2,2,19,9,10,6,3,3,19,9,10,19,9,10,13,6,7,6,2,4,5,2,3,0,0,0,0,0,0,5,5,0,2,0,1,0,0,2,5,2,3,0,5,0,0,1
533752151,0,,,179,85,94,16,8,8,163,77,86,91,47,44,158,73,85,154,70,84,72,30,42,38,17,21,13,4,9,2,0,2,0,0,0,61,61,11,17,14,8,7,3,1,50,26,24,7,43,0,7,11
533752152,0,,,40,20,20,7,4,3,33,16,17,13,6,7,32,16,16,32,16,16,20,10,10,9,4,5,2,0,2,0,0,0,0,0,0,14,14,4,4,2,1,0,3,0,10,6,4,1,13,0,4,2
533752153,0,,,49,22,27,11,5,6,38,17,21,17,7,10,38,17,21,38,17,21,21,10,11,14,5,9,5,2,3,0,0,0,0,0,0,16,16,1,8,3,1,1,1,1,15,12,3,3,13,0,1,7
533752154,0,,,143,71,72,15,6,9,128,65,63,77,42,35,124,63,61,122,61,61,51,23,28,37,16,21,17,8,9,0,0,0,12,9,3,51,51,16,13,7,10,1,1,3,35,20,15,5,33,10,3,7
533752171,0,,,48,26,22,3,3,0,45,23,22,19,9,10,45,23,22,45,23,22,26,14,12,13,5,8,8,3,5,1,0,1,0,0,0,15,15,2,3,6,1,2,0,1,13,5,8,0,14,0,2,2
533752211,2,533752223,,6,3,3,*,*,*,*,*,*,*,*,*,*,*,*,*,*,*,*,*,*,*,*,*,*,*,*,*,*,*,*,*,*,1,1,*,*,*,*,*,*,*,*,*,*,*,*,*,*,*
533752214,2,533752223,,5,2,3,*,*,*,*,*,*,*,*,*,*,*,*,*,*,*,*,*,*,*,*,*,*,*,*,*,*,*,*,*,*,2,2,*,*,*,*,*,*,*,*,*,*,*,*,*,*,*
533752221,2,533752222,,4,3,1,*,*,*,*,*,*,*,*,*,*,*,*,*,*,*,*,*,*,*,*,*,*,*,*,*,*,*,*,*,*,1,1,*,*,*,*,*,*,*,*,*,*,*,*,*,*,*
533752222,1,,533752221;533752224,73,31,42,8,1,7,77,36,41,41,23,18,77,36,41,76,35,41,36,13,23,19,8,11,4,1,3,0,0,0,3,2,1,24,24,5,9,8,2,1,3,1,24,17,7,4,23,0,5,4
533752223,1,,533752211;533752214,7,4,3,2,1,1,16,8,8,10,5,5,16,8,8,16,8,8,6,3,3,5,3,2,0,0,0,0,0,0,1,1,0,2,2,0,2,1,0,1,1,0,5,3,2,0,3,0,0,0
533752224,2,533752222,,8,3,5,*,*,*,*,*,*,*,*,*,*,*,*,*,*,*,*,*,*,*,*,*,*,*,*,*,*,*,*,*,*,4,4,*,*,*,*,*,*,*,*,*,*,*,*,*,*,*
533752231,0,,,241,112,129,33,9,24,208,103,105,123,63,60,204,100,104,200,99,101,85,40,45,46,22,24,10,6,4,1,1,0,2,0,2,72,72,9,19,11,14,14,2,3,63,36,27,11,51,0,5,10
533752233,1,,533752234,151,74,77,17,10,7,135,64,71,75,39,36,131,62,69,128,60,68,60,25,35,28,10,18,8,3,5,0,0,0,0,0,0,56,56,13,20,10,7,3,2,2,44,34,10,4,40,0,10,11
533752234,2,533752233,,1,0,1,*,*,*,*,*,*,*,*,*,*,*,*,*,*,*,*,*,*,*,*,*,*,*,*,*,*,*,*,*,*,1,1,*,*,*,*,*,*,*,*,*,*,*,*,*,*,*
533752251,0,,,15,9,6,2,1,1,13,8,5,8,6,2,11,6,5,11,6,5,5,2,3,3,1,2,0,0,0,0,0,0,0,0,0,4,4,1,1,0,1,0,0,1,3,1,2,0,4,0,1,0
533752252,0,,,106,50,56,6,3,3,100,47,53,59,29,30,97,46,51,96,45,51,41,18,23,30,11,19,21,8,13,1,0,1,0,0,0,31,31,5,6,6,5,6,2,1,26,10,16,2,26,0,4,2
533752254,0,,,52,27,25,7,2,5,45,25,20,23,14,9,43,23,20,43,23,20,22,11,11,9,5,4,1,0,1,0,0,0,0,0,0,16,16,1,6,3,3,1,1,1,15,11,4,0,12,0,1,4
533752261,0,,,25,10,15,2,1,1,23,9,14,13,5,8,20,9,11,19,8,11,10,4,6,9,3,6,3,1,2,0,0,0,0,0,0,8,8,1,2,2,2,0,1,0,7,4,3,1,7,0,1,2
533752263,0,,,23,12,11,2,1,1,21,11,10,13,9,4,21,11,10,21,11,10,8,2,6,5,1,4,0,0,0,0,0,0,0,0,0,7,7,0,2,2,2,1,0,0,7,4,3,0,6,0,0,1
533752301,0,,,42,18,24,2,0,2,40,18,22,23,10,13,39,18,21,39,18,21,17,8,9,11,5,6,4,1,3,0,0,0,0,0,0,17,17,4,5,4,4,0,0,0,12,8,4,0,13,0,4,1
533752303,1,,533752304,145,69,76,18,9,9,135,66,69,72,34,38,130,64,66,130,64,66,63,32,31,37,16,21,14,6,8,1,1,0,0,0,0,59,59,18,21,11,6,2,2,2,44,31,13,4,44,1,12,9
533752304,2,533752303,,8,6,2,*,*,*,*,*,*,*,*,*,*,*,*,*,*,*,*,*,*,*,*,*,*,*,*,*,*,*,*,*,*,3,3,*,*,*,*,*,*,*,*,*,*,*,*,*,*,*
533752321,2,533752322,,3,2,1,*,*,*,*,*,*,*,*,*,*,*,*,*,*,*,*,*,*,*,*,*,*,*,*,*,*,*,*,*,*,1,1,*,*,*,*,*,*,*,*,*,*,*,*,*,*,*
533752322,1,,533752321,75,38,37,16,8,8,62,32,30,34,19,15,58,29,29,58,29,29,28,13,15,13,6,7,5,4,1,0,0,0,0,0,0,23,23,1,12,3,4,0,2,2,23,16,7,2,17,0,0,8
533752324,0,,,200,93,107,29,12,17,171,81,90,92,46,46,168,80,88,166,78,88,79,35,44,34,16,18,8,3,5,1,0,1,1,1,0,64,64,8,22,11,11,4,6,2,56,33,23,11,52,2,5,15
533752331,0,,,142,68,74,22,7,15,120,61,59,68,35,33,116,59,57,115,58,57,52,26,26,25,13,12,9,4,5,0,0,0,0,0,0,44,44,8,10,11,4,6,1,4,36,18,18,6,31,0,4,7
533752333,0,,,28,15,13,3,1,2,25,14,11,9,5,4,24,13,11,24,13,11,16,9,7,9,5,4,4,3,1,2,2,0,0,0,0,8,8,0,4,1,1,1,0,1,7,4,3,0,8,0,0,2
533752401,0,,,77,36,41,8,4,4,69,32,37,32,15,17,67,32,35,67,32,35,37,17,20,21,9,12,8,3,5,0,0,0,0,0,0,26,26,4,6,7,6,2,1,0,21,13,8,1,21,0,3,4
533752403,0,,,152,68,84,16,8,8,135,59,76,87,39,48,125,56,69,123,54,69,48,20,28,31,11,20,8,3,5,0,0,0,0,0,0,70,70,27,20,12,8,1,2,0,43,35,8,3,36,0,11,10
533752404,0,,,61,26,35,14,5,9,47,21,26,28,14,14,46,21,25,45,20,25,19,7,12,7,3,4,1,0,1,0,0,0,0,0,0,20,20,3,7,3,3,2,1,1,17,12,5,2,12,0,3,4
533752421,2,533752424,,1,1,0,*,*,*,*,*,*,*,*,*,*,*,*,*,*,*,*,*,*,*,*,*,*,*,*,*,*,*,*,*,*,1,1,*,*,*,*,*,*,*,*,*,*,*,*,*,*,*
533752422,0,,,267,104,163,17,9,8,250,95,155,90,49,41,244,90,154,240,88,152,160,46,114,115,29,86,82,16,66,19,3,16,0,0,0,64,63,12,18,13,7,5,5,3,51,28,23,2,54,0,11,8
533752424,1,,533752421,119,59,60,11,5,6,109,55,54,53,28,25,107,55,52,106,54,52,56,27,29,33,16,17,10,5,5,2,1,1,0,0,0,38,38,6,11,8,6,5,2,1,33,17,16,2,33,0,4,5
533752431,2,533752433,,8,5,3,*,*,*,*,*,*,*,*,*,*,*,*,*,*,*,*,*,*,*,*,*,*,*,*,*,*,*,*,*,*,2,2,*,*,*,*,*,*,*,*,*,*,*,*,*,*,*
533752433,1,,533752431,56,30,26,9,7,2,55,28,27,30,16,14,49,23,26,47,23,24,25,12,13,12,5,7,8,3,5,1,1,0,0,0,0,16,16,3,5,2,3,1,1,3,15,8,7,2,14,0,2,2
533752434,0,,,65,33,32,11,7,4,54,26,28,33,16,17,50,25,25,50,25,25,21,10,11,13,6,7,4,2,2,0,0,0,0,0,0,17,17,1,4,5,1,2,1,3,16,8,8,3,12,0,1,1
533752443,1,,533752541,46,20,26,12,5,7,45,19,26,24,11,13,41,18,23,40,17,23,21,8,13,11,4,7,4,0,4,1,0,1,0,0,0,9,9,0,2,1,3,0,1,4,11,3,8,2,11,0,0,1
533752501,0,,,343,165,178,47,23,24,293,140,153,186,98,88,282,135,147,281,135,146,107,42,65,50,13,37,7,1,6,0,0,0,6,4,2,171,171,82,46,17,20,2,3,1,88,74,14,14,85,4,46,11
533752502,0,,,114,61,53,13,8,5,101,53,48,61,34,27,99,53,46,98,52,46,40,19,21,27,13,14,10,5,5,1,0,1,0,0,0,44,44,10,13,10,8,2,1,0,34,28,6,2,25,0,4,5
533752503,0,,,446,196,250,66,29,37,377,165,212,231,104,127,359,152,207,350,148,202,146,61,85,92,34,58,26,10,16,1,0,1,4,1,3,177,177,54,50,34,22,8,6,3,121,94,27,13,100,1,29,19
533752504,0,,,153,69,84,12,6,6,138,60,78,55,31,24,135,57,78,135,57,78,83,29,54,61,19,42,39,10,29,3,1,2,0,0,0,42,41,12,11,7,6,3,2,0,29,17,12,4,25,1,4,5
533752522,0,,,17,10,7,1,1,0,16,9,7,7,4,3,16,9,7,16,9,7,9,5,4,4,2,2,2,1,1,0,0,0,0,0,0,7,7,2,2,2,0,1,0,0,5,2,3,0,5,0,1,1
533752531,0,,,88,43,45,13,7,6,75,36,39,44,24,20,67,31,36,66,31,35,31,12,19,16,6,10,8,3,5,2,1,1,0,0,0,26,26,3,5,8,4,2,3,1,23,14,9,2,20,0,3,2
533752532,0,,,23,13,10,3,1,2,20,12,8,11,7,4,20,12,8,19,11,8,9,5,4,6,4,2,2,2,0,0,0,0,0,0,0,6,6,0,1,1,2,2,0,0,6,3,3,0,4,0,0,1
533752533,0,,,30,12,18,2,1,1,28,11,17,18,6,12,26,10,16,25,10,15,10,5,5,4,2,2,3,1,2,0,0,0,3,0,3,11,11,4,2,2,1,1,0,1,7,3,4,1,6,1,1,2
533752541,2,533752443,,11,4,7,*,*,*,*,*,*,*,*,*,*,*,*,*,*,*,*,*,*,*,*,*,*,*,*,*,*,*,*,*,*,2,2,*,*,*,*,*,*,*,*,*,*,*,*,*,*,*
533752601,0,,,129,52,77,15,6,9,114,46,68,61,26,35,112,44,68,111,44,67,53,20,33,31,13,18,4,2,2,0,0,0,5,0,5,60,60,24,15,14,4,2,0,1,36,28,8,5,36,5,14,7
533752602,1,,533752611,53,26,27,6,3,3,52,26,26,33,16,17,51,26,25,51,26,25,19,10,9,7,4,3,1,0,1,0,0,0,0,0,0,22,22,7,6,7,3,0,1,0,17,15,2,1,13,0,3,3
533752603,0,,,117,47,70,2,1,1,115,46,69,35,20,15,115,46,69,115,46,69,80,26,54,66,18,48,46,9,37,8,3,5,3,0,3,32,28,11,10,4,3,0,0,0,17,15,2,0,14,4,3,4
533752611,2,533752602,,5,3,2,*,*,*,*,*,*,*,*,*,*,*,*,*,*,*,*,*,*,*,*,*,*,*,*,*,*,*,*,*,*,2,2,*,*,*,*,*,*,*,*,*,*,*,*,*,*,*
533752632,1,,533752634,6,0,6,0,0,0,7,0,7,7,0,7,7,0,7,6,0,6,0,0,0,0,0,0,0,0,0,0,0,0,7,0,7,6,6,7,0,0,0,0,0,0,0,0,0,0,0,5,0,0
533752634,2,533752632,,1,0,1,*,*,*,*,*,*,*,*,*,*,*,*,*,*,*,*,*,*,*,*,*,*,*,*,*,*,*,*,*,*,1,1,*,*,*,*,*,*,*,*,*,*,*,*,*,*,*
533752701,0,,,61,35,26,6,4,2,54,30,24,32,21,11,52,29,23,52,29,23,22,9,13,11,4,7,3,1,2,0,0,0,3,3,0,31,31,15,9,2,3,2,0,0,16,14,2,1,15,4,4,7
533752711,2,533752712,,3,1,2,*,*,*,*,*,*,*,*,*,*,*,*,*,*,*,*,*,*,*,*,*,*,*,*,*,*,*,*,*,*,1,1,*,*,*,*,*,*,*,*,*,*,*,*,*,*,*
533752712,1,,533752711,23,13,10,0,0,0,26,14,12,9,6,3,26,14,12,25,14,11,17,8,9,6,3,3,5,2,3,1,1,0,0,0,0,8,8,0,3,5,0,1,0,0,9,5,4,0,9,0,0,3
533752801,2,533752803,,7,4,3,*,*,*,*,*,*,*,*,*,*,*,*,*,*,*,*,*,*,*,*,*,*,*,*,*,*,*,*,*,*,3,3,*,*,*,*,*,*,*,*,*,*,*,*,*,*,*
533752803,1,,533752801,16,8,8,3,2,1,20,10,10,8,4,4,20,10,10,20,10,10,12,6,6,3,1,2,0,0,0,0,0,0,0,0,0,5,5,1,4,1,1,0,0,1,7,5,2,1,7,0,1,3
533752804,1,,533752902,20,12,8,0,0,0,28,14,14,14,9,5,28,14,14,28,14,14,14,5,9,5,2,3,3,0,3,0,0,0,0,0,0,11,11,7,4,3,1,0,0,0,8,7,1,0,11,0,4,1
533752902,2,533752804,,8,2,6,*,*,*,*,*,*,*,*,*,*,*,*,*,*,*,*,*,*,*,*,*,*,*,*,*,*,*,*,*,*,4,4,*,*,*,*,*,*,*,*,*,*,*,*,*,*,*
533753761,1,,533753763,8,4,4,0,0,0,12,7,5,6,3,3,12,7,5,12,7,5,6,4,2,4,2,2,3,1,2,1,1,0,0,0,0,5,5,6,2,1,0,0,0,0,3,3,0,0,5,1,3,0
533753763,2,533753761,,5,4,1,*,*,*,*,*,*,*,*,*,*,*,*,*,*,*,*,*,*,*,*,*,*,*,*,*,*,*,*,*,*,4,4,*,*,*,*,*,*,*,*,*,*,*,*,*,*,*
533754521,2,533754523,,7,3,4,*,*,*,*,*,*,*,*,*,*,*,*,*,*,*,*,*,*,*,*,*,*,*,*,*,*,*,*,*,*,4,4,*,*,*,*,*,*,*,*,*,*,*,*,*,*,*
533754523,1,,533754521;533754524,13,5,8,2,1,1,24,10,14,10,6,4,23,10,13,23,10,13,14,4,10,12,3,9,3,0,3,1,0,1,0,0,0,6,6,3,8,1,1,0,0,0,10,10,0,1,9,0,2,3
533754524,2,533754523,,6,3,3,*,*,*,*,*,*,*,*,*,*,*,*,*,*,*,*,*,*,*,*,*,*,*,*,*,*,*,*,*,*,3,3,*,*,*,*,*,*,*,*,*,*,*,*,*,*,*
533754624,2,533754633,,2,0,2,*,*,*,*,*,*,*,*,*,*,*,*,*,*,*,*,*,*,*,*,*,*,*,*,*,*,*,*,*,*,2,2,*,*,*,*,*,*,*,*,*,*,*,*,*,*,*
533754631,0,,,39,23,16,1,1,0,38,22,16,20,13,7,38,22,16,38,22,16,18,9,9,14,7,7,5,2,3,0,0,0,0,0,0,16,16,4,5,5,1,0,1,0,12,9,3,0,12,0,4,3
533754633,1,,533754624,57,29,28,2,1,1,57,28,29,34,18,16,54,27,27,54,27,27,23,10,13,12,4,8,8,3,5,0,0,0,1,0,1,33,33,20,8,5,2,0,0,0,15,14,1,1,14,8,5,5
533754634,0,,,60,29,31,6,3,3,54,26,28,33,16,17,53,25,28,53,25,28,21,10,11,12,4,8,4,2,2,0,0,0,0,0,0,28,28,11,8,5,3,0,1,0,17,13,4,2,13,3,3,6
533754642,2,533754643,,4,3,1,*,*,*,*,*,*,*,*,*,*,*,*,*,*,*,*,*,*,*,*,*,*,*,*,*,*,*,*,*,*,2,2,*,*,*,*,*,*,*,*,*,*,*,*,*,*,*
533754643,1,,533754642,81,36,45,7,1,6,78,38,40,40,25,15,76,37,39,75,36,39,38,13,25,20,5,15,10,2,8,0,0,0,1,0,1,40,40,17,14,6,3,2,0,0,25,20,5,0,28,2,8,6
533754722,2,533754731,,7,5,2,*,*,*,*,*,*,*,*,*,*,*,*,*,*,*,*,*,*,*,*,*,*,*,*,*,*,*,*,*,*,3,3,*,*,*,*,*,*,*,*,*,*,*,*,*,*,*
533754724,2,533754731,,2,1,1,*,*,*,*,*,*,*,*,*,*,*,*,*,*,*,*,*,*,*,*,*,*,*,*,*,*,*,*,*,*,1,1,*,*,*,*,*,*,*,*,*,*,*,*,*,*,*
533754731,1,,533754722;533754724;533754823,6,3,3,1,1,0,17,10,7,10,6,4,17,10,7,17,10,7,7,4,3,5,3,2,3,1,2,0,0,0,1,0,1,4,4,4,4,2,0,0,0,0,6,6,0,1,5,0,2,2
533754732,1,,533754733;533754734;533754844;533754941,136,67,69,9,6,3,144,68,76,88,48,40,139,65,74,138,65,73,56,20,36,33,9,24,14,1,13,1,0,1,3,3,0,70,70,40,22,12,3,3,1,0,41,35,6,2,41,3,16,9
533754733,2,533754732,,4,2,2,*,*,*,*,*,*,*,*,*,*,*,*,*,*,*,*,*,*,*,*,*,*,*,*,*,*,*,*,*,*,4,4,*,*,*,*,*,*,*,*,*,*,*,*,*,*,*
533754734,2,533754732,,3,1,2,*,*,*,*,*,*,*,*,*,*,*,*,*,*,*,*,*,*,*,*,*,*,*,*,*,*,*,*,*,*,3,3,*,*,*,*,*,*,*,*,*,*,*,*,*,*,*
533754741,1,,533754742;533754743,124,50,74,13,6,7,118,46,72,54,19,35,117,45,72,115,45,70,64,27,37,43,16,27,17,5,12,2,1,1,0,0,0,54,54,18,21,9,6,4,0,0,39,30,9,4,44,1,14,13
533754742,2,533754741,,3,1,2,*,*,*,*,*,*,*,*,*,*,*,*,*,*,*,*,*,*,*,*,*,*,*,*,*,*,*,*,*,*,2,2,*,*,*,*,*,*,*,*,*,*,*,*,*,*,*
533754743,2,533754741,,4,1,3,*,*,*,*,*,*,*,*,*,*,*,*,*,*,*,*,*,*,*,*,*,*,*,*,*,*,*,*,*,*,2,2,*,*,*,*,*,*,*,*,*,*,*,*,*,*,*
533754771,0,,,23,16,7,0,0,0,23,16,7,13,10,3,23,16,7,23,16,7,10,6,4,4,1,3,2,0,2,0,0,0,0,0,0,18,18,13,5,0,0,0,0,0,5,5,0,0,8,0,5,1
533754823,2,533754731,,3,2,1,*,*,*,*,*,*,*,*,*,*,*,*,*,*,*,*,*,*,*,*,*,*,*,*,*,*,*,*,*,*,2,2,*,*,*,*,*,*,*,*,*,*,*,*,*,*,*
533754844,2,533754732,,6,3,3,*,*,*,*,*,*,*,*,*,*,*,*,*,*,*,*,*,*,*,*,*,*,*,*,*,*,*,*,*,*,2,2,*,*,*,*,*,*,*,*,*,*,*,*,*,*,*
533754941,2,533754732,,4,1,3,*,*,*,*,*,*,*,*,*,*,*,*,*,*,*,*,*,*,*,*,*,*,*,*,*,*,*,*,*,*,2,2,*,*,*,*,*,*,*,*,*,*,*,*,*,*,*
533754982,0,,,33,10,23,0,0,0,33,10,23,22,5,17,32,9,23,30,9,21,11,5,6,7,2,5,2,0,2,0,0,0,7,0,7,20,20,12,4,3,1,0,0,0,7,6,1,0,8,6,4,0
533755062,2,533755064,,7,5,2,*,*,*,*,*,*,*,*,*,*,*,*,*,*,*,*,*,*,*,*,*,*,*,*,*,*,*,*,*,*,6,6,*,*,*,*,*,*,*,*,*,*,*,*,*,*,*
533755064,1,,533755062,38,21,17,3,3,0,42,23,19,19,10,9,41,23,18,41,23,18,23,13,10,11,5,6,4,2,2,0,0,0,0,0,0,16,16,10,7,3,0,0,2,0,12,10,2,1,16,0,7,4
533755072,0,,,15,5,10,0,0,0,15,5,10,7,3,4,15,5,10,15,5,10,8,2,6,5,1,4,4,1,3,0,0,0,0,0,0,8,8,3,3,2,0,0,0,0,5,4,1,0,7,0,3,0
533755102,2,533755202,,4,2,2,*,*,*,*,*,*,*,*,*,*,*,*,*,*,*,*,*,*,*,*,*,*,*,*,*,*,*,*,*,*,1,1,*,*,*,*,*,*,*,*,*,*,*,*,*,*,*
533755104,2,533755202,,5,4,1,*,*,*,*,*,*,*,*,*,*,*,*,*,*,*,*,*,*,*,*,*,*,*,*,*,*,*,*,*,*,2,2,*,*,*,*,*,*,*,*,*,*,*,*,*,*,*
533755113,2,533755114,,2,1,1,*,*,*,*,*,*,*,*,*,*,*,*,*,*,*,*,*,*,*,*,*,*,*,*,*,*,*,*,*,*,1,1,*,*,*,*,*,*,*,*,*,*,*,*,*,*,*
533755114,1,,533755113,10,4,6,0,0,0,12,5,7,7,3,4,12,5,7,12,5,7,5,2,3,2,1,1,2,1,1,0,0,0,1,0,1,4,4,1,2,1,1,0,0,0,4,3,1,0,3,0,0,1
533755143,0,,,12,5,7,0,0,0,12,5,7,5,2,3,12,5,7,12,5,7,7,3,4,4,2,2,1,0,1,1,0,1,0,0,0,4,4,0,1,2,1,0,0,0,4,2,2,0,3,0,0,0
533755154,2,533755252,,2,1,1,*,*,*,*,*,*,*,*,*,*,*,*,*,*,*,*,*,*,*,*,*,*,*,*,*,*,*,*,*,*,1,1,*,*,*,*,*,*,*,*,*,*,*,*,*,*,*
533755161,2,533755163,,3,1,2,*,*,*,*,*,*,*,*,*,*,*,*,*,*,*,*,*,*,*,*,*,*,*,*,*,*,*,*,*,*,2,2,*,*,*,*,*,*,*,*,*,*,*,*,*,*,*
533755162,2,533755163,,4,3,1,*,*,*,*,*,*,*,*,*,*,*,*,*,*,*,*,*,*,*,*,*,*,*,*,*,*,*,*,*,*,1,1,*,*,*,*,*,*,*,*,*,*,*,*,*,*,*
533755163,1,,533755161;533755162;533755164,113,50,63,1,1,0,127,56,71,29,18,11,127,56,71,126,55,71,98,38,60,69,17,52,39,4,35,6,0,6,1,0,1,24,22,6,14,4,3,1,0,0,22,16,6,0,22,0,2,8
533755164,2,533755163,,8,3,5,*,*,*,*,*,*,*,*,*,*,*,*,*,*,*,*,*,*,*,*,*,*,*,*,*,*,*,*,*,*,3,3,*,*,*,*,*,*,*,*,*,*,*,*,*,*,*
533755202,1,,533755102;533755104;533755211;533755212,18,11,7,0,0,0,37,21,16,24,15,9,36,21,15,36,21,15,13,6,7,7,3,4,4,2,2,0,0,0,1,0,1,6,6,1,3,3,4,1,0,0,11,7,4,0,8,0,0,0
533755211,2,533755202,,8,3,5,*,*,*,*,*,*,*,*,*,*,*,*,*,*,*,*,*,*,*,*,*,*,*,*,*,*,*,*,*,*,2,2,*,*,*,*,*,*,*,*,*,*,*,*,*,*,*
533755212,2,533755202,,2,1,1,*,*,*,*,*,*,*,*,*,*,*,*,*,*,*,*,*,*,*,*,*,*,*,*,*,*,*,*,*,*,1,1,*,*,*,*,*,*,*,*,*,*,*,*,*,*,*
533755221,0,,,22,11,11,0,0,0,22,11,11,10,7,3,22,11,11,22,11,11,12,4,8,4,0,4,2,0,2,0,0,0,0,0,0,8,8,0,3,4,1,0,0,0,8,4,4,0,7,0,0,2
533755222,1,,533755224,15,9,6,0,0,0,21,12,9,9,7,2,21,12,9,21,12,9,12,5,7,5,1,4,2,0,2,0,0,0,0,0,0,6,6,1,3,2,2,0,0,0,7,5,2,0,8,0,1,2
533755224,2,533755222,,6,3,3,*,*,*,*,*,*,*,*,*,*,*,*,*,*,*,*,*,*,*,*,*,*,*,*,*,*,*,*,*,*,2,2,*,*,*,*,*,*,*,*,*,*,*,*,*,*,*
533755232,0,,,20,11,9,0,0,0,20,11,9,9,4,5,20,11,9,20,11,9,11,7,4,4,3,1,3,2,1,0,0,0,0,0,0,10,10,2,6,2,0,0,0,0,8,8,0,0,8,0,2,4
533755233,0,,,27,16,11,0,0,0,27,16,11,16,11,5,26,15,11,26,15,11,11,5,6,5,1,4,2,1,1,0,0,0,0,0,0,8,8,0,1,4,2,1,0,0,8,5,3,0,8,0,0,0
533755234,1,,533755243,40,21,19,6,3,3,39,21,18,23,13,10,39,21,18,39,21,18,16,8,8,8,2,6,2,0,2,0,0,0,0,0,0,17,17,5,7,4,1,2,0,0,14,14,0,1,11,0,4,3
533755243,2,533755234,,5,3,2,*,*,*,*,*,*,*,*,*,*,*,*,*,*,*,*,*,*,*,*,*,*,*,*,*,*,*,*,*,*,2,2,*,*,*,*,*,*,*,*,*,*,*,*,*,*,*
533755252,1,,533755154,39,19,20,3,1,2,38,19,19,19,12,7,37,19,18,37,19,18,19,7,12,13,3,10,4,1,3,1,0,1,0,0,0,17,17,5,6,5,1,1,0,0,13,10,3,1,13,1,2,4
533755253,2,533755254,,3,1,2,*,*,*,*,*,*,*,*,*,*,*,*,*,*,*,*,*,*,*,*,*,*,*,*,*,*,*,*,*,*,1,1,*,*,*,*,*,*,*,*,*,*,*,*,*,*,*
533755254,1,,533755253,57,24,33,7,1,6,53,24,29,33,15,18,51,23,28,50,22,28,20,9,11,10,4,6,4,2,2,0,0,0,0,0,0,20,20,3,8,5,1,2,2,0,18,12,6,2,14,0,2,3
533755261,0,,,173,82,91,18,11,7,155,71,84,82,43,39,151,69,82,147,67,80,73,28,45,42,13,29,15,3,12,0,0,0,2,0,2,85,84,34,26,14,8,1,1,0,50,44,6,3,52,0,23,13
533755262,0,,,17,6,11,4,0,4,13,6,7,6,3,3,13,6,7,13,6,7,7,3,4,4,2,2,0,0,0,0,0,0,0,0,0,5,5,0,2,1,1,0,1,0,5,3,2,0,4,0,0,1
533755263,0,,,204,94,110,16,10,6,188,84,104,106,50,56,185,82,103,181,80,101,82,34,48,45,15,30,10,2,8,1,0,1,9,0,9,99,98,39,35,13,6,4,1,0,59,51,8,2,61,7,23,14
533755264,0,,,174,88,86,29,18,11,145,70,75,90,44,46,138,68,70,137,68,69,55,26,29,28,13,15,8,3,5,0,0,0,0,0,0,77,77,28,25,10,7,5,1,1,49,43,6,10,40,7,14,14
533755271,2,533755273,,10,4,6,*,*,*,*,*,*,*,*,*,*,*,*,*,*,*,*,*,*,*,*,*,*,*,*,*,*,*,*,*,*,3,3,*,*,*,*,*,*,*,*,*,*,*,*,*,*,*
533755273,1,,533755271;533755274,66,32,34,12,5,7,66,33,33,27,14,13,65,33,32,65,33,32,39,19,20,16,7,9,7,3,4,2,0,2,0,0,0,25,25,6,12,5,2,1,1,2,23,16,7,2,23,1,4,6
533755274,2,533755273,,2,2,0,*,*,*,*,*,*,*,*,*,*,*,*,*,*,*,*,*,*,*,*,*,*,*,*,*,*,*,*,*,*,1,1,*,*,*,*,*,*,*,*,*,*,*,*,*,*,*
533755311,1,,533755314,16,7,9,0,0,0,19,8,11,8,6,2,19,8,11,19,8,11,11,2,9,9,2,7,6,2,4,0,0,0,0,0,0,8,8,4,4,1,1,0,0,0,6,5,1,0,8,0,2,1
533755314,2,533755311,,3,1,2,*,*,*,*,*,*,*,*,*,*,*,*,*,*,*,*,*,*,*,*,*,*,*,*,*,*,*,*,*,*,2,2,*,*,*,*,*,*,*,*,*,*,*,*,*,*,*
533755332,0,,,33,16,17,3,0,3,30,16,14,20,11,9,30,16,14,30,16,14,10,5,5,4,2,2,0,0,0,0,0,0,0,0,0,16,16,6,6,2,1,1,0,0,10,9,1,1,7,0,2,3
533755341,0,,,51,28,23,2,0,2,49,28,21,30,19,11,49,28,21,46,26,20,19,9,10,8,2,6,3,1,2,1,0,1,0,0,0,35,35,25,6,2,2,0,0,0,10,7,3,1,10,8,3,4
533755342,1,,533755344,49,22,27,4,1,3,50,25,25,22,12,10,49,24,25,46,22,24,28,13,15,18,9,9,6,3,3,0,0,0,0,0,0,22,22,10,9,3,0,2,0,1,15,10,5,1,17,3,2,5
533755344,2,533755342,,5,4,1,*,*,*,*,*,*,*,*,*,*,*,*,*,*,*,*,*,*,*,*,*,*,*,*,*,*,*,*,*,*,3,3,*,*,*,*,*,*,*,*,*,*,*,*,*,*,*
533755351,0,,,271,145,126,29,16,13,242,129,113,155,91,64,236,124,112,227,116,111,87,38,49,55,21,34,13,4,9,2,1,1,10,3,7,125,125,58,26,21,8,8,3,1,67,49,18,6,65,16,18,12
533755352,0,,,262,129,133,10,4,6,252,125,127,135,74,61,248,124,124,246,122,124,117,51,66,65,25,40,21,6,15,1,0,1,2,0,2,123,123,41,44,25,8,4,1,0,82,70,12,3,81,3,21,21
533755353,0,,,177,87,90,7,5,2,170,82,88,79,43,36,168,82,86,168,82,86,91,39,52,49,21,28,19,4,15,1,0,1,2,0,2,88,88,33,34,12,7,0,2,0,54,43,11,1,57,1,13,19
533755354,0,,,369,181,188,34,16,18,335,165,170,192,106,86,326,160,166,322,158,164,143,59,84,77,28,49,32,8,24,2,0,2,7,3,4,160,157,66,36,26,16,7,5,1,91,77,14,7,92,11,36,18
533755361,0,,,55,34,21,11,8,3,44,26,18,28,16,12,44,26,18,44,26,18,16,10,6,4,2,2,2,1,1,0,0,0,0,0,0,20,20,7,4,2,3,2,2,0,13,9,4,1,11,0,4,1
533755363,0,,,178,96,82,18,13,5,160,83,77,97,51,46,154,79,75,151,77,74,63,32,31,35,18,17,10,7,3,0,0,0,0,0,0,77,77,24,27,12,8,5,0,1,53,48,5,6,42,0,13,18
533755364,0,,,90,46,44,4,2,2,86,44,42,39,21,18,82,41,41,82,41,41,47,23,24,28,15,13,7,3,4,2,0,2,2,1,1,35,35,8,14,7,2,2,1,1,27,21,6,1,26,1,4,9
533755372,2,533755373,,9,5,4,*,*,*,*,*,*,*,*,*,*,*,*,*,*,*,*,*,*,*,*,*,*,*,*,*,*,*,*,*,*,3,3,*,*,*,*,*,*,*,*,*,*,*,*,*,*,*
533755373,1,,533755372,9,5,4,3,2,1,15,8,7,8,5,3,14,8,6,14,8,6,7,3,4,4,1,3,3,1,2,0,0,0,0,0,0,4,4,0,5,1,0,1,0,0,7,7,0,1,5,0,0,2
533755404,1,,533755503,11,6,5,1,0,1,14,8,6,3,3,0,14,8,6,14,8,6,11,5,6,5,3,2,2,1,1,0,0,0,0,0,0,5,5,1,3,0,2,0,0,0,5,4,1,0,6,0,1,3
533755444,2,533755453,,1,1,0,*,*,*,*,*,*,*,*,*,*,*,*,*,*,*,*,*,*,*,*,*,*,*,*,*,*,*,*,*,*,1,1,*,*,*,*,*,*,*,*,*,*,*,*,*,*,*
533755451,0,,,111,52,59,10,9,1,101,43,58,36,23,13,99,41,58,99,41,58,65,20,45,52,14,38,34,10,24,9,1,8,1,0,1,52,50,34,11,4,1,0,0,0,16,15,1,3,28,5,18,7
533755452,0,,,348,164,184,28,16,12,320,148,172,160,85,75,315,144,171,312,143,169,160,63,97,112,37,75,46,9,37,1,0,1,6,1,5,159,158,60,51,26,9,7,3,2,98,72,26,6,115,1,41,23
533755453,1,,533755444,151,75,76,15,6,9,137,70,67,93,52,41,133,69,64,132,68,64,44,18,26,27,11,16,12,4,8,0,0,0,4,0,4,72,72,32,20,10,6,4,1,0,40,34,6,4,28,4,7,8
533755454,0,,,141,64,77,17,3,14,124,61,63,72,41,31,120,59,61,115,56,59,52,20,32,34,13,21,17,6,11,0,0,0,0,0,0,55,55,13,21,4,14,1,1,1,41,34,7,5,37,0,9,11
533755462,0,,,29,15,14,5,2,3,24,13,11,14,9,5,24,13,11,24,13,11,10,4,6,6,3,3,0,0,0,0,0,0,0,0,0,9,9,1,1,5,0,1,1,0,8,6,2,2,6,0,1,1
533755463,0,,,37,19,18,2,1,1,35,18,17,20,13,7,35,18,17,35,18,17,15,5,10,8,1,7,1,0,1,0,0,0,2,1,1,19,19,9,5,3,1,1,0,0,10,9,1,0,11,0,4,2
533755471,0,,,35,21,14,2,2,0,33,19,14,14,9,5,29,16,13,29,16,13,19,10,9,6,4,2,0,0,0,0,0,0,0,0,0,14,14,4,4,3,1,2,0,0,10,7,3,0,13,0,4,3
533755472,1,,533755481;533755483;533755484,15,7,8,1,0,1,24,11,13,15,8,7,22,9,13,22,9,13,9,3,6,6,2,4,0,0,0,0,0,0,0,0,0,6,6,3,0,3,2,1,0,0,6,3,3,0,7,0,2,0
533755474,0,,,10,6,4,0,0,0,10,6,4,5,3,2,9,5,4,9,5,4,5,3,2,3,2,1,2,2,0,1,1,0,0,0,0,4,4,1,0,3,0,0,0,0,3,3,0,0,2,0,0,0
533755481,2,533755472,,5,2,3,*,*,*,*,*,*,*,*,*,*,*,*,*,*,*,*,*,*,*,*,*,*,*,*,*,*,*,*,*,*,1,1,*,*,*,*,*,*,*,*,*,*,*,*,*,*,*
533755483,2,533755472,,1,0,1,*,*,*,*,*,*,*,*,*,*,*,*,*,*,*,*,*,*,*,*,*,*,*,*,*,*,*,*,*,*,1,1,*,*,*,*,*,*,*,*,*,*,*,*,*,*,*
533755484,2,533755472,,4,2,2,*,*,*,*,*,*,*,*,*,*,*,*,*,*,*,*,*,*,*,*,*,*,*,*,*,*,*,*,*,*,1,1,*,*,*,*,*,*,*,*,*,*,*,*,*,*,*
533755503,2,533755404,,4,2,2,*,*,*,*,*,*,*,*,*,*,*,*,*,*,*,*,*,*,*,*,*,*,*,*,*,*,*,*,*,*,1,1,*,*,*,*,*,*,*,*,*,*,*,*,*,*,*
533755542,2,533755544,,5,3,2,*,*,*,*,*,*,*,*,*,*,*,*,*,*,*,*,*,*,*,*,*,*,*,*,*,*,*,*,*,*,3,3,*,*,*,*,*,*,*,*,*,*,*,*,*,*,*
533755544,1,,533755542;533755553,32,16,16,0,0,0,41,22,19,20,11,9,41,22,19,41,22,19,21,11,10,9,4,5,2,1,1,1,0,1,0,0,0,17,17,10,5,7,0,0,0,0,12,7,5,0,13,3,5,2
533755553,2,533755544,,4,3,1,*,*,*,*,*,*,*,*,*,*,*,*,*,*,*,*,*,*,*,*,*,*,*,*,*,*,*,*,*,*,2,2,*,*,*,*,*,*,*,*,*,*,*,*,*,*,*
533755572,1,,533755574,13,8,5,6,3,3,17,9,8,9,5,4,17,9,8,17,9,8,8,4,4,1,0,1,1,0,1,0,0,0,0,0,0,4,4,1,2,1,0,0,0,2,5,3,2,1,4,0,0,2
533755573,1,,533755662;533755672;533755673,15,7,8,3,2,1,24,12,12,16,8,8,23,12,11,23,12,11,8,4,4,4,2,2,2,0,2,0,0,0,0,0,0,5,5,2,2,3,0,0,2,0,7,4,3,1,5,0,1,0
533755574,2,533755572,,10,4,6,*,*,*,*,*,*,*,*,*,*,*,*,*,*,*,*,*,*,*,*,*,*,*,*,*,*,*,*,*,*,2,2,*,*,*,*,*,*,*,*,*,*,*,*,*,*,*
533755581,2,533755583,,9,3,6,*,*,*,*,*,*,*,*,*,*,*,*,*,*,*,*,*,*,*,*,*,*,*,*,*,*,*,*,*,*,3,3,*,*,*,*,*,*,*,*,*,*,*,*,*,*,*
533755583,1,,533755581,20,11,9,1,0,1,28,14,14,14,8,6,28,14,14,28,14,14,14,6,8,7,3,4,2,1,1,1,1,0,1,0,1,9,9,2,4,5,1,0,0,0,10,8,2,0,10,0,0,2
533755602,2,533755603,,3,2,1,*,*,*,*,*,*,*,*,*,*,*,*,*,*,*,*,*,*,*,*,*,*,*,*,*,*,*,*,*,*,2,2,*,*,*,*,*,*,*,*,*,*,*,*,*,*,*
533755603,1,,533755602;533755604;533755704,8,3,5,0,0,0,17,10,7,7,5,2,17,10,7,17,10,7,10,5,5,8,4,4,4,2,2,0,0,0,0,0,0,5,5,7,1,0,2,0,0,0,3,1,2,0,8,0,5,1
533755604,2,533755603,,5,4,1,*,*,*,*,*,*,*,*,*,*,*,*,*,*,*,*,*,*,*,*,*,*,*,*,*,*,*,*,*,*,2,2,*,*,*,*,*,*,*,*,*,*,*,*,*,*,*
533755642,2,533755644,,6,3,3,*,*,*,*,*,*,*,*,*,*,*,*,*,*,*,*,*,*,*,*,*,*,*,*,*,*,*,*,*,*,2,2,*,*,*,*,*,*,*,*,*,*,*,*,*,*,*
533755644,1,,533755642,38,17,21,3,1,2,41,19,22,21,10,11,41,19,22,41,19,22,20,9,11,8,3,5,3,1,2,0,0,0,1,0,1,16,16,5,7,2,1,3,0,0,13,8,5,0,15,0,5,4
533755651,2,533755653,,9,4,5,*,*,*,*,*,*,*,*,*,*,*,*,*,*,*,*,*,*,*,*,*,*,*,*,*,*,*,*,*,*,3,3,*,*,*,*,*,*,*,*,*,*,*,*,*,*,*
533755653,1,,533755651,8,4,4,1,0,1,16,8,8,9,3,6,15,7,8,15,7,8,7,5,2,0,0,0,0,0,0,0,0,0,1,0,1,2,2,0,0,4,0,1,0,0,5,4,1,0,5,0,0,0
533755662,2,533755573,,5,2,3,*,*,*,*,*,*,*,*,*,*,*,*,*,*,*,*,*,*,*,*,*,*,*,*,*,*,*,*,*,*,2,2,*,*,*,*,*,*,*,*,*,*,*,*,*,*,*
533755672,2,533755573,,1,0,1,*,*,*,*,*,*,*,*,*,*,*,*,*,*,*,*,*,*,*,*,*,*,*,*,*,*,*,*,*,*,1,1,*,*,*,*,*,*,*,*,*,*,*,*,*,*,*
533755673,2,533755573,,6,5,1,*,*,*,*,*,*,*,*,*,*,*,*,*,*,*,*,*,*,*,*,*,*,*,*,*,*,*,*,*,*,1,1,*,*,*,*,*,*,*,*,*,*,*,*,*,*,*
533755704,2,533755603,,1,1,0,*,*,*,*,*,*,*,*,*,*,*,*,*,*,*,*,*,*,*,*,*,*,*,*,*,*,*,*,*,*,1,1,*,*,*,*,*,*,*,*,*,*,*,*,*,*,*
533755721,2,533755822,,5,3,2,*,*,*,*,*,*,*,*,*,*,*,*,*,*,*,*,*,*,*,*,*,*,*,*,*,*,*,*,*,*,2,2,*,*,*,*,*,*,*,*,*,*,*,*,*,*,*
533755732,2,533755741,,5,1,4,*,*,*,*,*,*,*,*,*,*,*,*,*,*,*,*,*,*,*,*,*,*,*,*,*,*,*,*,*,*,3,3,*,*,*,*,*,*,*,*,*,*,*,*,*,*,*
533755741,1,,533755732,9,4,5,0,0,0,14,5,9,11,5,6,14,5,9,11,3,8,3,0,3,1,0,1,0,0,0,0,0,0,0,0,0,2,2,1,2,0,1,1,0,0,4,3,1,0,3,0,1,0
533755742,0,,,31,19,12,5,4,1,26,15,11,21,14,7,24,13,11,22,11,11,5,1,4,5,1,4,2,0,2,1,0,1,0,0,0,8,8,0,1,1,4,2,0,0,8,5,3,1,5,0,0,0
533755744,0,,,26,16,10,4,3,1,22,13,9,11,8,3,21,12,9,21,12,9,11,5,6,6,2,4,1,0,1,0,0,0,0,0,0,10,10,3,3,2,0,1,1,0,7,6,1,1,7,0,2,2
533755804,0,,,10,6,4,0,0,0,10,6,4,2,2,0,10,6,4,10,6,4,8,4,4,5,2,3,0,0,0,0,0,0,0,0,0,5,5,1,3,1,0,0,0,0,4,3,1,0,5,0,1,2
533755813,0,,,52,22,30,6,3,3,46,19,27,23,9,14,46,19,27,46,19,27,23,10,13,14,6,8,8,4,4,1,0,1,0,0,0,25,25,10,9,2,3,0,1,0,15,12,3,1,16,0,7,3
533755814,0,,,28,12,16,2,0,2,26,12,14,14,7,7,26,12,14,26,12,14,12,5,7,2,0,2,0,0,0,0,0,0,0,0,0,14,14,5,7,1,0,0,1,0,9,8,1,1,7,0,2,4
533755822,1,,533755721,13,8,5,3,3,0,15,8,7,6,5,1,15,8,7,15,8,7,9,3,6,4,1,3,3,0,3,0,0,0,0,0,0,5,5,1,4,1,0,0,1,0,6,5,1,1,6,0,1,1
533755823,0,,,36,15,21,1,1,0,35,14,21,14,7,7,35,14,21,35,14,21,21,7,14,15,5,10,4,1,3,0,0,0,0,0,0,19,19,8,7,2,2,0,0,0,11,9,2,0,15,0,6,4
533755824,0,,,13,5,8,1,0,1,12,5,7,8,4,4,11,5,6,11,5,6,4,1,3,4,1,3,2,0,2,0,0,0,1,0,1,5,5,2,0,2,0,1,0,0,3,1,2,0,3,0,0,0
533755832,2,533755843,,7,5,2,*,*,*,*,*,*,*,*,*,*,*,*,*,*,*,*,*,*,*,*,*,*,*,*,*,*,*,*,*,*,2,2,*,*,*,*,*,*,*,*,*,*,*,*,*,*,*
533755833,2,533755843,,2,0,2,*,*,*,*,*,*,*,*,*,*,*,*,*,*,*,*,*,*,*,*,*,*,*,*,*,*,*,*,*,*,1,1,*,*,*,*,*,*,*,*,*,*,*,*,*,*,*
533755843,1,,533755832;533755833,29,11,18,2,0,2,36,16,20,19,9,10,34,14,20,34,14,20,17,7,10,12,4,8,5,2,3,1,0,1,0,0,0,10,10,3,4,3,1,0,1,1,9,6,3,1,12,0,3,2
533755844,0,,,22,12,10,2,2,0,20,10,10,11,5,6,18,9,9,18,9,9,9,5,4,7,5,2,0,0,0,0,0,0,0,0,0,6,6,1,1,1,1,1,0,1,5,2,3,0,5,0,1,1
533755902,0,,,40,17,23,0,0,0,39,16,23,18,8,10,39,16,23,38,16,22,21,8,13,10,3,7,2,0,2,1,0,1,0,0,0,18,18,4,8,5,0,1,0,0,14,12,2,0,14,0,3,3
533755904,0,,,26,11,15,1,1,0,25,10,15,16,6,10,25,10,15,24,10,14,9,4,5,7,3,4,3,1,2,0,0,0,0,0,0,9,9,0,4,3,1,1,0,0,8,7,1,1,5,0,0,2
533755921,0,,,24,12,12,1,0,1,23,12,11,11,5,6,23,12,11,23,12,11,12,7,5,2,1,1,2,1,1,1,0,1,0,0,0,9,9,1,3,4,0,1,0,0,8,6,2,0,8,0,1,3
533755922,0,,,72,15,57,1,1,0,71,14,57,7,2,5,71,14,57,71,14,57,64,12,52,59,10,49,43,4,39,17,0,17,0,0,0,7,6,1,3,1,0,0,1,0,5,4,1,1,5,0,1,2
533755934,0,,,17,5,12,3,0,3,14,5,9,7,3,4,14,5,9,14,5,9,7,2,5,4,1,3,2,0,2,0,0,0,0,0,0,6,6,1,3,1,0,0,0,1,5,4,1,1,5,0,1,1
533755941,0,,,14,7,7,0,0,0,14,7,7,7,4,3,14,7,7,14,7,7,7,3,4,2,1,1,1,1,0,0,0,0,0,0,0,5,5,0,3,1,0,1,0,0,5,3,2,0,4,0,0,1
533755942,0,,,13,7,6,2,1,1,11,6,5,6,3,3,11,6,5,11,6,5,5,3,2,3,1,2,1,0,1,0,0,0,1,1,0,6,6,2,2,1,1,0,0,0,4,4,0,1,4,0,2,1
533755943,0,,,64,30,34,2,2,0,58,25,33,31,14,17,57,25,32,56,25,31,27,11,16,9,3,6,5,2,3,0,0,0,1,0,1,34,34,17,9,5,2,0,1,0,15,12,3,0,20,0,9,2
533755944,0,,,32,16,16,4,2,2,28,14,14,11,5,6,28,14,14,28,14,14,17,9,8,7,3,4,3,1,2,0,0,0,0,0,0,14,14,5,6,1,0,0,2,0,9,7,2,1,12,0,5,5
533757022,0,,,87,48,39,4,2,2,83,46,37,48,29,19,77,42,35,75,40,35,35,17,18,16,7,9,3,1,2,0,0,0,1,0,1,38,38,11,16,5,3,2,0,1,27,24,3,0,24,0,6,10
533757024,0,,,59,31,28,9,7,2,50,24,26,38,18,20,49,23,26,49,23,26,12,6,6,5,2,3,1,1,0,0,0,0,1,0,1,20,20,4,4,7,2,2,0,1,16,14,2,3,7,0,2,1
533757031,0,,,212,86,126,12,6,6,199,79,120,102,49,53,191,72,119,189,71,118,97,30,67,72,16,56,51,9,42,11,0,11,2,0,2,54,53,12,11,14,8,4,3,1,41,29,12,3,25,0,5,1
533757032,0,,,158,80,78,29,14,15,127,65,62,87,48,39,118,58,60,115,56,59,40,17,23,21,8,13,9,3,6,0,0,0,1,0,1,50,50,4,16,7,16,6,0,1,45,39,6,3,25,0,4,6
533757033,0,,,43,22,21,2,2,0,41,20,21,28,15,13,40,20,20,39,19,20,13,5,8,10,4,6,4,1,3,0,0,0,1,0,1,14,14,3,3,3,3,0,1,1,11,5,6,1,10,0,3,1
533757034,0,,,167,85,82,27,17,10,140,68,72,76,41,35,135,64,71,135,64,71,64,27,37,34,13,21,15,4,11,3,1,2,4,0,4,57,57,8,20,14,5,4,5,1,48,38,10,3,38,0,5,14
533757041,0,,,50,25,25,6,4,2,44,21,23,23,12,11,44,21,23,44,21,23,21,9,12,13,5,8,3,1,2,0,0,0,0,0,0,19,19,3,5,8,2,1,0,0,16,13,3,0,12,0,2,3
533757042,0,,,135,71,64,9,8,1,126,63,63,75,41,34,122,61,61,119,60,59,51,22,29,33,14,19,10,5,5,1,0,1,1,0,1,46,46,3,21,9,8,0,4,1,43,31,12,2,34,0,3,10
533757043,0,,,47,22,25,13,6,7,34,16,18,26,12,14,32,15,17,31,14,17,8,4,4,2,1,1,1,0,1,0,0,0,1,0,1,13,13,0,2,5,2,4,0,0,13,11,2,4,4,0,0,2
533757044,0,,,202,103,99,26,15,11,174,86,88,126,62,64,160,80,80,154,76,78,48,24,24,29,15,14,7,2,5,2,1,1,13,9,4,75,75,22,15,18,11,5,2,2,52,41,11,9,33,3,8,3
533757051,0,,,215,106,109,26,12,14,189,94,95,117,60,57,184,92,92,181,90,91,72,34,38,43,19,24,19,7,12,1,1,0,10,7,3,86,86,24,30,10,13,6,2,1,62,47,15,5,44,5,7,15
533757052,0,,,137,67,70,21,6,15,116,61,55,82,41,41,112,59,53,108,57,51,34,20,14,18,9,9,3,1,2,0,0,0,9,4,5,60,60,20,21,8,7,2,1,1,39,33,6,5,27,6,6,6
533757053,0,,,314,149,165,45,22,23,269,127,142,195,90,105,260,122,138,256,121,135,74,37,37,40,19,21,8,4,4,0,0,0,36,11,25,136,136,48,37,23,22,3,1,2,86,75,11,10,52,21,12,9
533757054,0,,,215,111,104,29,19,10,185,92,93,107,57,50,180,89,91,177,87,90,78,35,43,43,17,26,7,3,4,2,1,1,4,2,2,85,85,21,26,19,11,7,1,0,64,51,13,7,51,0,13,13
533757061,2,533757063,,2,1,1,*,*,*,*,*,*,*,*,*,*,*,*,*,*,*,*,*,*,*,*,*,*,*,*,*,*,*,*,*,*,1,1,*,*,*,*,*,*,*,*,*,*,*,*,*,*,*
533757062,0,,,10,5,5,0,0,0,10,5,5,8,3,5,10,5,5,10,5,5,2,2,0,0,0,0,0,0,0,0,0,0,0,0,0,2,0,0,0,0,0,0,0,0,0,0,0,0,0,0,0,0
533757063,1,,533757061,176,91,85,21,13,8,157,79,78,114,61,53,143,71,72,139,68,71,43,18,25,19,7,12,6,1,5,1,0,1,1,0,1,54,54,7,13,12,11,7,5,0,48,39,9,3,28,0,4,6
533757064,1,,533757171;533757173,88,42,46,6,3,3,87,42,45,49,24,25,85,41,44,82,39,43,38,18,20,22,9,13,5,1,4,0,0,0,2,0,2,33,33,6,13,8,4,3,1,0,29,21,8,1,26,0,5,5
533757071,0,,,64,29,35,3,0,3,61,29,32,31,16,15,60,28,32,60,28,32,30,13,17,17,6,11,8,2,6,0,0,0,0,0,0,22,22,5,3,8,2,3,1,0,17,10,7,1,18,0,4,3
533757072,0,,,242,119,123,37,18,19,205,101,104,140,71,69,195,97,98,188,93,95,65,30,35,36,15,21,15,4,11,0,0,0,0,0,0,79,79,6,27,21,11,10,3,1,73,61,12,5,41,0,4,14
533757073,0,,,12,6,6,0,0,0,12,6,6,6,3,3,12,6,6,12,6,6,6,3,3,0,0,0,0,0,0,0,0,0,0,0,0,5,5,1,2,1,1,0,0,0,4,4,0,0,5,0,1,1
533757074,0,,,31,16,15,7,4,3,24,12,12,12,7,5,23,12,11,23,12,11,12,5,7,5,3,2,0,0,0,0,0,0,0,0,0,11,11,3,3,0,4,0,1,0,8,5,3,1,8,0,3,2
533757081,0,,,121,56,65,26,13,13,94,43,51,55,26,29,91,43,48,90,43,47,39,17,22,24,9,15,6,1,5,2,1,1,0,0,0,41,41,8,12,7,5,6,3,0,33,25,8,6,27,0,6,7
533757082,0,,,91,50,41,12,7,5,79,43,36,47,28,19,74,39,35,70,35,35,32,15,17,9,4,5,2,1,1,0,0,0,1,1,0,32,32,6,10,5,6,4,1,0,26,22,4,2,18,0,5,7
533757083,0,,,23,14,9,6,4,2,17,10,7,9,6,3,17,10,7,17,10,7,8,4,4,1,1,0,0,0,0,0,0,0,0,0,0,9,9,3,1,3,1,1,0,0,6,6,0,2,5,0,2,1
533757084,0,,,49,22,27,10,6,4,39,16,23,25,11,14,39,16,23,39,16,23,14,5,9,7,2,5,0,0,0,0,0,0,0,0,0,18,18,3,7,4,1,2,1,0,13,11,2,6,9,0,2,3
533757131,0,,,26,13,13,3,2,1,23,11,12,15,7,8,22,10,12,22,10,12,8,4,4,4,2,2,0,0,0,0,0,0,0,0,0,8,8,0,1,5,1,1,0,0,8,5,3,0,5,0,0,1
533757132,0,,,100,53,47,14,13,1,86,40,46,56,29,27,86,40,46,86,40,46,30,11,19,18,7,11,8,4,4,2,0,2,1,0,1,33,33,4,11,7,4,5,2,0,29,19,10,1,18,0,1,5
533757134,0,,,132,68,64,20,9,11,112,59,53,69,37,32,108,55,53,106,54,52,43,22,21,25,11,14,9,3,6,1,0,1,1,0,1,44,44,5,14,10,10,2,2,1,39,31,8,3,27,0,5,7
533757141,0,,,271,137,134,43,21,22,228,116,112,144,78,66,224,113,111,222,111,111,84,38,46,46,19,27,20,7,13,4,0,4,12,3,9,94,94,18,24,21,20,5,5,1,76,57,19,9,51,3,11,12
533757142,0,,,369,176,193,51,27,24,318,149,169,194,99,95,301,142,159,293,140,153,124,50,74,55,22,33,15,4,11,1,0,1,3,2,1,131,131,21,43,27,26,9,3,2,110,94,16,16,75,0,12,28
533757143,0,,,113,55,58,21,9,12,92,46,46,63,36,27,88,43,45,86,43,43,29,10,19,17,5,12,8,3,5,1,1,0,4,2,2,45,45,14,10,9,8,4,0,0,31,25,6,1,21,1,5,3
533757144,0,,,459,217,242,63,36,27,396,181,215,259,124,135,376,171,205,367,167,200,137,57,80,89,36,53,30,12,18,1,0,1,1,0,1,151,151,18,49,28,28,23,3,2,133,101,32,16,91,0,13,27
533757151,0,,,640,293,347,110,50,60,530,243,287,424,200,224,501,233,268,491,229,262,106,43,63,50,17,33,19,5,14,2,0,2,17,12,5,249,244,62,69,47,43,19,1,3,179,160,19,26,76,17,17,18
533757152,0,,,663,317,346,69,34,35,592,281,311,343,172,171,577,273,304,569,271,298,249,109,140,101,48,53,24,7,17,3,1,2,31,13,18,292,292,100,94,49,28,12,7,2,191,156,35,28,165,11,50,50
533757153,0,,,644,308,336,84,45,39,552,259,293,339,167,172,545,257,288,538,253,285,213,92,121,137,52,85,63,22,41,5,1,4,53,24,29,287,281,111,73,47,25,13,10,2,170,131,39,27,138,19,31,37
533757154,0,,,212,90,122,45,13,32,167,77,90,128,61,67,159,74,85,155,73,82,39,16,23,25,9,16,10,2,8,1,0,1,5,3,2,71,71,11,15,19,18,6,2,0,60,46,14,17,26,1,2,7
533757161,0,,,300,143,157,56,28,28,243,115,128,161,83,78,231,109,122,226,105,121,82,32,50,39,13,26,12,2,10,2,1,1,8,7,1,116,116,36,26,24,16,9,4,1,80,66,14,9,57,4,19,11
533757162,0,,,22,13,9,7,5,2,15,8,7,7,4,3,15,8,7,15,8,7,8,4,4,3,1,2,1,0,1,0,0,0,0,0,0,6,6,1,2,0,1,0,1,1,5,3,2,2,5,0,1,2
533757163,0,,,128,58,70,24,13,11,103,45,58,72,32,40,96,42,54,95,42,53,31,13,18,20,8,12,6,4,2,0,0,0,2,1,1,47,47,8,15,12,7,4,1,0,39,31,8,3,22,1,4,8
533757164,0,,,23,12,11,5,3,2,18,9,9,8,4,4,18,9,9,18,9,9,10,5,5,6,3,3,1,1,0,0,0,0,0,0,0,8,8,2,2,1,1,2,0,0,6,5,1,1,6,0,2,2
533757171,2,533757064,,2,1,1,*,*,*,*,*,*,*,*,*,*,*,*,*,*,*,*,*,*,*,*,*,*,*,*,*,*,*,*,*,*,1,1,*,*,*,*,*,*,*,*,*,*,*,*,*,*,*
533757173,2,533757064,,3,2,1,*,*,*,*,*,*,*,*,*,*,*,*,*,*,*,*,*,*,*,*,*,*,*,*,*,*,*,*,*,*,1,1,*,*,*,*,*,*,*,*,*,*,*,*,*,*,*
533757181,0,,,81,43,38,5,3,2,76,40,36,38,21,17,73,38,35,73,38,35,38,19,19,18,10,8,5,1,4,1,0,1,0,0,0,28,28,3,9,10,2,2,2,0,25,18,7,2,21,0,2,6
533757182,1,,533757183,77,39,38,12,6,6,68,34,34,39,20,19,67,33,34,64,30,34,29,14,15,11,5,6,3,0,3,0,0,0,0,0,0,27,27,5,10,5,3,3,1,1,22,17,5,4,18,0,4,4
533757183,2,533757182,,3,1,2,*,*,*,*,*,*,*,*,*,*,*,*,*,*,*,*,*,*,*,*,*,*,*,*,*,*,*,*,*,*,1,1,*,*,*,*,*,*,*,*,*,*,*,*,*,*,*
533757184,1,,533757282,100,48,52,16,6,10,88,43,45,54,26,28,87,42,45,86,42,44,34,17,17,20,10,10,7,3,4,0,0,0,0,0,0,27,27,3,8,3,6,3,5,1,26,13,13,2,22,0,2,4
533757191,0,,,11,4,7,1,0,1,10,4,6,2,0,2,10,4,6,10,4,6,8,4,4,4,2,2,1,0,1,1,0,1,0,0,0,4,4,0,2,1,1,0,0,0,4,2,2,0,4,0,0,2
533757192,2,533757193,,2,1,1,*,*,*,*,*,*,*,*,*,*,*,*,*,*,*,*,*,*,*,*,*,*,*,*,*,*,*,*,*,*,1,1,*,*,*,*,*,*,*,*,*,*,*,*,*,*,*
533757193,1,,533757192;533757194,59,29,30,7,4,3,60,28,32,32,15,17,54,26,28,54,26,28,28,13,15,15,6,9,7,1,6,0,0,0,3,1,2,21,21,6,11,1,5,2,1,0,20,14,6,3,19,0,4,8
533757194,2,533757193,,6,2,4,*,*,*,*,*,*,*,*,*,*,*,*,*,*,*,*,*,*,*,*,*,*,*,*,*,*,*,*,*,*,4,4,*,*,*,*,*,*,*,*,*,*,*,*,*,*,*
533757232,0,,,129,70,59,10,8,2,119,62,57,93,50,43,116,61,55,111,58,53,26,12,14,16,6,10,7,3,4,0,0,0,1,0,1,43,43,7,13,5,10,7,1,0,36,27,9,2,18,0,4,2
533757241,0,,,179,87,92,24,13,11,155,74,81,107,53,54,147,70,77,143,67,76,48,21,27,24,10,14,9,3,6,0,0,0,1,0,1,66,66,12,22,13,14,3,1,1,54,46,8,6,30,2,5,7
533757242,0,,,141,80,61,24,16,8,114,61,53,80,46,34,108,57,51,106,56,50,34,15,19,16,7,9,8,2,6,2,0,2,0,0,0,60,60,28,9,6,11,3,3,0,32,27,5,6,21,10,6,6
533757243,0,,,103,47,56,7,4,3,96,43,53,70,34,36,93,41,52,91,40,51,26,9,17,18,6,12,9,4,5,1,1,0,3,2,1,43,43,10,17,6,9,1,0,0,33,27,6,2,19,0,7,4
533757244,0,,,69,32,37,11,5,6,58,27,31,32,16,16,54,25,29,54,25,29,26,11,15,15,5,10,6,3,3,0,0,0,0,0,0,27,27,7,10,4,3,1,1,1,20,17,3,1,18,0,6,5
533757251,0,,,510,242,268,60,32,28,449,210,239,267,130,137,432,205,227,428,204,224,182,80,102,109,40,69,44,15,29,5,1,4,9,0,9,212,211,58,63,51,29,6,2,2,151,131,20,16,121,7,31,34
533757252,0,,,594,299,295,96,53,43,498,246,252,346,184,162,489,240,249,480,236,244,152,62,90,88,33,55,29,10,19,2,1,1,15,7,8,232,232,52,79,47,31,19,4,0,177,155,22,30,99,4,25,31
533757253,0,,,172,79,93,16,11,5,156,68,88,91,44,47,150,66,84,148,65,83,65,24,41,38,14,24,17,5,12,1,0,1,6,0,6,66,62,18,15,11,8,7,2,1,44,28,16,2,42,6,7,7
533757254,0,,,148,74,74,28,15,13,120,59,61,94,47,47,118,58,60,118,58,60,26,12,14,20,8,12,12,4,8,1,0,1,0,0,0,63,60,18,20,6,12,3,1,0,42,37,5,8,15,5,3,4
533757261,0,,,171,84,87,19,11,8,152,73,79,77,37,40,145,71,74,144,71,73,75,36,39,39,17,22,15,5,10,3,1,2,4,1,3,68,68,17,26,11,6,5,2,1,51,42,9,5,44,0,11,16
533757262,0,,,17,11,6,4,2,2,13,9,4,11,8,3,13,9,4,13,9,4,2,1,1,2,1,1,1,1,0,0,0,0,5,5,0,8,8,5,1,0,1,0,1,0,3,2,1,1,1,4,0,0
533757263,0,,,53,29,24,4,4,0,49,25,24,35,18,17,48,24,24,46,24,22,14,7,7,5,2,3,1,1,0,0,0,0,3,2,1,24,24,10,4,6,3,1,0,0,13,11,2,1,12,2,2,0
533757282,2,533757184,,4,1,3,*,*,*,*,*,*,*,*,*,*,*,*,*,*,*,*,*,*,*,*,*,*,*,*,*,*,*,*,*,*,2,2,*,*,*,*,*,*,*,*,*,*,*,*,*,*,*
533757291,0,,,22,11,11,3,2,1,19,9,10,12,6,6,18,8,10,18,8,10,7,3,4,6,2,4,1,1,0,0,0,0,0,0,0,5,5,0,1,0,2,1,0,1,4,2,2,1,4,0,0,0
533757292,0,,,20,9,11,0,0,0,20,9,11,8,4,4,20,9,11,20,9,11,12,5,7,9,4,5,4,1,3,0,0,0,0,0,0,7,7,1,1,4,0,1,0,0,6,4,2,0,7,0,1,1
533757342,0,,,115,60,55,11,8,3,104,52,52,58,29,29,102,50,52,100,49,51,46,23,23,21,12,9,3,2,1,1,1,0,0,0,0,38,38,8,10,7,4,4,5,0,30,20,10,4,30,0,6,7
533757344,0,,,32,15,17,7,4,3,25,11,14,15,6,9,25,11,14,24,11,13,10,5,5,4,2,2,2,1,1,0,0,0,0,0,0,11,11,1,4,3,2,0,1,0,10,7,3,2,6,0,0,3
533757351,0,,,133,59,74,17,3,14,116,56,60,66,31,35,111,53,58,109,52,57,50,25,25,30,15,15,12,6,6,0,0,0,0,0,0,47,47,6,19,9,8,2,1,2,41,32,9,2,30,0,4,10
533757352,0,,,53,28,25,3,2,1,50,26,24,30,18,12,48,25,23,48,25,23,20,8,12,15,7,8,2,0,2,0,0,0,0,0,0,22,22,5,8,8,0,0,0,1,17,13,4,0,13,2,2,2
533757353,0,,,182,98,84,22,16,6,160,82,78,92,53,39,151,77,74,149,75,74,68,29,39,25,11,14,12,2,10,2,0,2,0,0,0,68,68,12,26,14,6,8,2,0,56,45,11,6,44,0,6,17
533757354,0,,,242,120,122,28,15,13,213,104,109,131,68,63,205,100,105,204,99,105,82,36,46,43,15,28,13,3,10,3,0,3,4,2,2,94,94,25,26,25,7,7,1,3,69,54,15,6,54,1,13,11
533757361,1,,533757363;533757364,153,66,87,17,7,10,155,70,85,97,47,50,148,66,82,147,66,81,58,23,35,34,11,23,18,6,12,0,0,0,0,0,0,47,47,3,11,17,9,7,3,1,48,26,22,7,35,0,2,6
533757363,2,533757361,,4,2,2,*,*,*,*,*,*,*,*,*,*,*,*,*,*,*,*,*,*,*,*,*,*,*,*,*,*,*,*,*,*,1,1,*,*,*,*,*,*,*,*,*,*,*,*,*,*,*
533757364,2,533757361,,15,9,6,*,*,*,*,*,*,*,*,*,*,*,*,*,*,*,*,*,*,*,*,*,*,*,*,*,*,*,*,*,*,3,3,*,*,*,*,*,*,*,*,*,*,*,*,*,*,*
533757371,0,,,12,6,6,1,0,1,11,6,5,3,2,1,11,6,5,11,6,5,8,4,4,4,3,1,0,0,0,0,0,0,0,0,0,5,5,0,3,2,0,0,0,0,5,5,0,0,4,0,0,3
533757373,0,,,69,36,33,7,4,3,62,32,30,39,21,18,60,31,29,60,31,29,23,11,12,15,6,9,4,2,2,0,0,0,0,0,0,27,27,6,12,2,4,2,0,1,21,16,5,3,16,0,3,4
533757442,0,,,79,40,39,19,10,9,60,30,30,43,22,21,56,27,29,56,27,29,17,8,9,5,2,3,2,0,2,0,0,0,0,0,0,25,25,3,7,6,4,2,3,0,22,19,3,1,12,0,3,3
533757444,0,,,23,10,13,2,1,1,21,9,12,15,7,8,19,8,11,18,8,10,6,2,4,4,1,3,2,1,1,0,0,0,5,3,2,7,7,1,1,2,1,2,0,0,6,4,2,1,4,0,1,1
533757451,0,,,385,199,186,59,32,27,326,167,159,231,125,106,311,160,151,300,153,147,95,42,53,49,21,28,11,4,7,1,0,1,0,0,0,130,130,21,36,28,26,11,7,1,109,90,19,12,64,0,11,14
533757452,0,,,72,33,39,15,4,11,57,29,28,43,23,20,54,29,25,54,29,25,14,6,8,8,3,5,2,1,1,0,0,0,3,1,2,28,28,9,5,6,5,3,0,0,19,16,3,5,11,1,4,1
533757453,0,,,213,103,110,32,17,15,181,86,95,123,64,59,179,85,94,175,84,91,58,22,36,32,12,20,10,4,6,0,0,0,3,0,3,71,71,7,22,20,10,10,2,0,64,52,12,8,41,0,6,8
533757454,0,,,74,38,36,9,4,5,65,34,31,37,19,18,65,34,31,65,34,31,28,15,13,15,6,9,6,2,4,2,1,1,1,0,1,25,25,2,10,4,7,1,0,1,23,18,5,3,20,0,2,4
533757462,0,,,46,20,26,2,1,1,44,19,25,31,15,16,40,17,23,38,16,22,13,4,9,10,2,8,4,0,4,0,0,0,0,0,0,15,15,2,4,4,3,0,2,0,13,10,3,0,10,0,2,2
533757463,2,533757464,,1,1,0,*,*,*,*,*,*,*,*,*,*,*,*,*,*,*,*,*,*,*,*,*,*,*,*,*,*,*,*,*,*,1,1,*,*,*,*,*,*,*,*,*,*,*,*,*,*,*
533757464,1,,533757463,140,72,68,28,16,12,113,57,56,74,40,34,105,50,55,103,49,54,39,17,22,24,9,15,11,3,8,0,0,0,1,0,1,43,43,8,12,7,7,4,3,3,36,25,11,5,28,0,6,5
533757471,0,,,75,39,36,3,0,3,71,38,33,44,26,18,70,37,33,70,37,33,27,12,15,20,8,12,9,1,8,0,0,0,0,0,0,27,27,4,10,4,6,3,0,0,23,13,10,2,20,0,2,3
533757473,0,,,132,66,66,18,13,5,114,53,61,68,34,34,111,51,60,111,51,60,46,19,27,27,9,18,12,4,8,0,0,0,0,0,0,44,44,7,11,10,9,5,2,0,36,23,13,5,30,1,4,4
533757493,1,,533757494,18,9,9,7,3,4,19,7,12,16,6,10,19,7,12,19,7,12,3,1,2,1,0,1,0,0,0,0,0,0,0,0,0,5,5,4,0,2,4,0,0,0,6,6,0,2,3,1,1,0
533757494,2,533757493,,8,1,7,*,*,*,*,*,*,*,*,*,*,*,*,*,*,*,*,*,*,*,*,*,*,*,*,*,*,*,*,*,*,5,5,*,*,*,*,*,*,*,*,*,*,*,*,*,*,*
533757542,0,,,91,50,41,9,6,3,82,44,38,49,28,21,78,41,37,78,41,37,33,16,17,19,9,10,8,2,6,0,0,0,1,1,0,28,28,2,7,9,6,2,1,1,26,17,9,3,20,0,2,4
533757543,2,533757544,,5,2,3,*,*,*,*,*,*,*,*,*,*,*,*,*,*,*,*,*,*,*,*,*,*,*,*,*,*,*,*,*,*,1,1,*,*,*,*,*,*,*,*,*,*,*,*,*,*,*
533757544,1,,533757543,58,27,31,13,3,10,50,26,24,26,16,10,48,24,24,48,24,24,24,10,14,8,2,6,5,1,4,1,0,1,1,0,1,19,19,2,9,2,1,4,1,1,18,13,5,4,14,0,1,5
533757551,0,,,32,16,16,2,0,2,30,16,14,21,12,9,29,16,13,29,16,13,9,4,5,4,2,2,0,0,0,0,0,0,0,0,0,9,9,1,2,1,2,2,1,0,8,3,5,2,6,0,0,0
533757552,0,,,98,51,47,9,4,5,89,47,42,53,28,25,86,44,42,84,43,41,36,19,17,16,6,10,8,2,6,1,1,0,1,0,1,29,29,2,8,8,2,7,1,1,27,16,11,3,23,0,2,4
533757553,0,,,68,35,33,13,5,8,55,30,25,32,17,15,55,30,25,55,30,25,23,13,10,10,4,6,3,2,1,1,1,0,1,0,1,23,23,4,7,4,4,3,0,1,19,14,5,3,16,0,2,2
533757554,0,,,40,19,21,6,1,5,34,18,16,19,11,8,33,18,15,32,17,15,15,7,8,4,2,2,3,1,2,0,0,0,0,0,0,11,11,0,2,3,4,1,1,0,11,8,3,0,8,0,0,1
533757562,0,,,193,105,88,27,16,11,166,89,77,113,62,51,157,83,74,154,80,74,53,27,26,26,13,13,14,6,8,0,0,0,1,0,1,63,63,6,22,13,12,6,2,2,57,43,14,4,37,0,3,6
533757563,0,,,88,38,50,17,7,10,71,31,40,46,22,24,69,31,38,67,30,37,25,9,16,14,5,9,6,2,4,0,0,0,0,0,0,29,29,6,5,7,6,3,2,0,23,17,6,6,18,0,5,3
533757564,0,,,307,134,173,63,23,40,244,111,133,144,64,80,235,108,127,233,106,127,100,47,53,51,23,28,19,9,10,1,0,1,1,1,0,97,97,11,28,20,20,11,4,3,86,60,26,11,62,0,8,18
533757571,0,,,31,13,18,1,0,1,30,13,17,13,6,7,30,13,17,30,13,17,17,7,10,7,2,5,3,0,3,1,0,1,0,0,0,15,15,6,4,3,2,0,0,0,9,7,2,1,11,0,4,4
533757573,0,,,25,14,11,4,3,1,21,11,10,13,7,6,21,11,10,21,11,10,8,4,4,4,2,2,2,0,2,1,0,1,0,0,0,9,9,3,3,1,0,0,1,1,6,4,2,1,5,0,3,1
533757581,0,,,42,23,19,6,4,2,36,19,17,20,12,8,35,18,17,35,18,17,16,7,9,8,3,5,0,0,0,0,0,0,0,0,0,16,16,3,6,4,0,3,0,0,13,11,2,0,12,0,3,3
533757582,0,,,9,4,5,0,0,0,9,4,5,2,1,1,9,4,5,9,4,5,7,3,4,5,2,3,4,2,2,0,0,0,0,0,0,4,4,2,0,1,1,0,0,0,2,0,2,0,4,0,2,0
533757583,0,,,36,19,17,3,1,2,33,18,15,17,9,8,32,18,14,31,17,14,16,9,7,14,8,6,3,2,1,0,0,0,0,0,0,12,12,3,3,2,2,0,1,1,9,5,4,1,9,0,1,3
533757584,0,,,188,85,103,21,11,10,167,74,93,88,42,46,163,72,91,159,70,89,79,32,47,51,22,29,26,10,16,2,0,2,0,0,0,67,67,11,22,13,15,2,4,0,56,41,15,9,48,0,7,14
533757591,1,,533757592,70,34,36,11,6,5,68,32,36,37,20,17,64,30,34,63,29,34,31,12,19,16,6,10,4,2,2,1,0,1,1,0,1,23,23,3,7,7,6,1,2,0,23,17,6,3,20,0,3,6
533757592,2,533757591,,9,4,5,*,*,*,*,*,*,*,*,*,*,*,*,*,*,*,*,*,*,*,*,*,*,*,*,*,*,*,*,*,*,3,3,*,*,*,*,*,*,*,*,*,*,*,*,*,*,*
533757593,0,,,70,40,30,13,8,5,57,32,25,27,15,12,57,32,25,56,31,25,30,17,13,16,7,9,6,2,4,1,1,0,0,0,0,27,27,6,10,3,6,1,1,0,21,19,2,4,19,0,5,9
533757642,0,,,85,43,42,5,4,1,80,39,41,48,24,24,80,39,41,80,39,41,32,15,17,19,10,9,3,3,0,0,0,0,1,0,1,33,33,8,11,4,9,0,0,1,25,20,5,2,21,0,3,9
533757643,0,,,58,26,32,8,3,5,42,19,23,21,11,10,41,19,22,40,19,21,21,8,13,16,5,11,3,0,3,0,0,0,0,0,0,19,19,5,7,2,0,1,1,3,13,8,5,2,15,0,5,3
533757644,0,,,138,67,71,14,8,6,124,59,65,76,35,41,122,58,64,121,58,63,48,24,24,22,8,14,9,4,5,3,2,1,0,0,0,57,57,14,20,12,9,1,0,1,43,34,9,4,32,1,9,7
533757651,0,,,228,114,114,30,15,15,198,99,99,134,70,64,187,93,94,185,93,92,64,29,35,37,17,20,11,5,6,1,0,1,6,1,5,85,85,18,30,14,16,1,4,2,67,56,11,9,43,1,10,15
533757652,0,,,49,29,20,4,4,0,45,25,20,29,19,10,44,24,20,44,24,20,16,6,10,11,4,7,6,2,4,0,0,0,0,0,0,19,19,4,5,8,0,1,1,0,14,11,3,1,11,0,1,1
533757653,0,,,166,87,79,16,8,8,150,79,71,85,47,38,148,78,70,145,77,68,65,32,33,40,19,21,6,4,2,0,0,0,1,0,1,65,65,12,25,12,12,4,0,0,51,43,8,5,40,1,5,17
533757654,0,,,237,112,125,24,13,11,213,99,114,114,50,64,209,96,113,206,96,110,99,49,50,57,25,32,22,8,14,2,1,1,0,0,0,96,96,24,36,15,13,5,2,1,72,61,11,6,64,0,16,21
533757661,0,,,135,67,68,17,9,8,118,58,60,71,37,34,117,57,60,115,57,58,47,21,26,27,11,16,7,0,7,1,0,1,1,0,1,52,52,8,20,15,4,4,1,0,44,38,6,4,33,0,5,12
533757662,0,,,214,110,104,37,19,18,177,91,86,123,63,60,172,88,84,170,86,84,54,28,26,19,9,10,4,2,2,0,0,0,3,1,2,73,73,5,30,17,12,5,3,1,67,58,9,10,36,0,1,10
533757663,0,,,321,153,168,46,24,22,275,129,146,184,88,96,262,123,139,255,120,135,91,41,50,49,21,28,18,7,11,1,0,1,3,0,3,112,112,15,39,24,21,7,5,1,97,80,17,12,59,1,8,22
533757664,0,,,436,219,217,47,29,18,389,190,199,247,122,125,374,184,190,369,181,188,142,68,74,61,26,35,13,4,9,4,1,3,1,0,1,157,157,22,52,41,29,9,2,2,134,112,22,13,86,0,10,30
533757671,0,,,30,17,13,2,1,1,28,16,12,17,10,7,27,15,12,27,15,12,11,6,5,6,4,2,1,1,0,0,0,0,1,0,1,9,9,0,2,3,3,1,0,0,9,7,2,0,6,0,0,1
533757672,0,,,50,23,27,7,2,5,43,21,22,39,21,18,42,20,22,40,19,21,4,0,4,2,0,2,2,0,2,1,0,1,1,0,1,16,16,0,8,2,4,1,0,1,16,14,2,2,3,0,0,0
533757673,0,,,182,93,89,23,16,7,159,77,82,122,59,63,149,72,77,146,70,76,37,18,19,12,5,7,5,1,4,1,0,1,27,11,16,71,71,8,32,16,14,0,1,0,63,58,5,9,25,0,2,11
533757681,2,533757682,,5,2,3,*,*,*,*,*,*,*,*,*,*,*,*,*,*,*,*,*,*,*,*,*,*,*,*,*,*,*,*,*,*,3,3,*,*,*,*,*,*,*,*,*,*,*,*,*,*,*
533757682,1,,533757681,71,35,36,5,2,3,71,35,36,37,21,16,70,34,36,70,34,36,34,14,20,18,5,13,7,1,6,0,0,0,0,0,0,24,24,2,12,8,2,0,3,0,25,15,10,0,21,0,1,8
533757683,2,533757684,,2,1,1,*,*,*,*,*,*,*,*,*,*,*,*,*,*,*,*,*,*,*,*,*,*,*,*,*,*,*,*,*,*,1,1,*,*,*,*,*,*,*,*,*,*,*,*,*,*,*
533757684,1,,533757683,116,60,56,12,8,4,106,53,53,59,31,28,103,51,52,102,50,52,47,22,25,19,6,13,9,3,6,0,0,0,0,0,0,43,43,8,16,8,7,4,1,0,36,30,6,3,29,0,4,10
533757691,1,,533757692,154,73,81,12,7,5,145,67,78,83,35,48,138,65,73,137,65,72,62,32,30,28,12,16,9,4,5,0,0,0,2,1,1,56,56,10,19,14,7,4,2,1,47,35,12,2,37,1,6,13
533757692,2,533757691,,3,1,2,*,*,*,*,*,*,*,*,*,*,*,*,*,*,*,*,*,*,*,*,*,*,*,*,*,*,*,*,*,*,1,1,*,*,*,*,*,*,*,*,*,*,*,*,*,*,*
533757693,0,,,137,65,72,14,5,9,123,60,63,72,38,34,120,59,61,118,59,59,51,22,29,26,12,14,13,5,8,1,0,1,0,0,0,49,49,12,13,9,9,2,2,2,37,25,12,3,35,0,9,6
533757694,0,,,79,38,41,14,7,7,65,31,34,39,19,20,65,31,34,63,29,34,26,12,14,13,4,9,7,3,4,0,0,0,3,2,1,25,25,3,8,6,4,1,0,3,22,15,7,5,18,0,3,3
533757734,0,,,76,36,40,7,4,3,69,32,37,36,18,18,68,31,37,67,30,37,33,14,19,18,7,11,11,2,9,1,0,1,2,0,2,27,26,4,11,5,5,0,1,0,21,15,6,2,14,0,1,6
533757741,0,,,88,44,44,14,10,4,74,34,40,45,24,21,72,34,38,71,34,37,29,10,19,20,7,13,10,2,8,2,0,2,0,0,0,32,32,5,12,5,7,2,1,0,27,23,4,5,19,0,3,6
533757742,0,,,137,61,76,16,7,9,121,54,67,68,32,36,120,54,66,118,53,65,53,22,31,28,10,18,13,5,8,2,1,1,1,0,1,53,53,12,19,8,11,2,0,1,40,34,6,3,36,0,10,9
533757743,0,,,63,31,32,8,3,5,55,28,27,36,18,18,53,28,25,52,28,24,19,10,9,6,3,3,5,2,3,1,1,0,1,0,1,22,22,7,5,3,2,3,1,1,15,9,6,3,14,0,3,2
533757744,0,,,77,33,44,8,2,6,69,31,38,46,21,25,69,31,38,68,30,38,23,10,13,12,6,6,2,0,2,0,0,0,1,0,1,34,34,8,15,8,1,1,1,0,26,22,4,3,17,2,4,3
533757751,0,,,330,156,174,30,13,17,294,141,153,230,112,118,282,136,146,274,131,143,64,29,35,28,12,16,11,5,6,1,0,1,15,7,8,153,152,60,45,29,9,5,1,3,77,68,9,10,45,23,11,12
533757752,0,,,126,66,60,18,11,7,108,55,53,73,38,35,104,53,51,103,52,51,35,17,18,18,8,10,6,3,3,1,1,0,1,0,1,47,47,5,20,11,7,4,0,0,42,38,4,8,25,0,4,9
533757753,0,,,232,112,120,28,16,12,204,96,108,154,76,78,197,90,107,192,87,105,50,20,30,28,11,17,6,3,3,0,0,0,4,3,1,100,100,37,24,18,15,5,0,1,59,47,12,12,33,11,3,8
533757754,0,,,64,29,35,11,4,7,53,25,28,41,19,22,49,23,26,48,23,25,12,6,6,5,2,3,2,0,2,0,0,0,1,0,1,24,24,4,7,7,5,1,0,0,20,19,1,1,10,0,3,2
533757761,0,,,270,132,138,28,19,9,242,113,129,150,76,74,237,110,127,234,110,124,92,37,55,53,23,30,13,6,7,2,0,2,2,0,2,95,92,12,32,18,17,10,2,1,80,59,21,5,60,0,7,14
533757762,0,,,90,43,47,14,8,6,76,35,41,44,20,24,74,33,41,73,32,41,32,15,17,17,7,10,3,0,3,0,0,0,0,0,0,34,34,7,14,3,7,1,1,1,27,21,6,4,22,0,5,8
533757763,0,,,162,84,78,23,11,12,139,73,66,85,49,36,135,70,65,135,70,65,54,24,30,33,13,20,12,4,8,1,0,1,7,2,5,55,55,8,16,13,13,1,3,1,47,33,14,5,36,0,7,9
533757764,0,,,157,77,80,14,8,6,142,68,74,98,48,50,138,65,73,135,63,72,44,20,24,30,11,19,12,2,10,1,0,1,1,0,1,48,48,2,14,10,16,3,3,0,46,29,17,3,33,0,1,7
533757771,0,,,78,50,28,27,17,10,49,31,18,48,31,17,43,27,16,42,27,15,1,0,1,1,0,1,1,0,1,0,0,0,20,8,12,47,42,40,2,0,0,0,0,0,2,2,0,0,1,19,0,0
533757772,2,533757774,,11,4,7,*,*,*,*,*,*,*,*,*,*,*,*,*,*,*,*,*,*,*,*,*,*,*,*,*,*,*,*,*,*,4,4,*,*,*,*,*,*,*,*,*,*,*,*,*,*,*
533757773,0,,,35,14,21,4,0,4,31,14,17,15,6,9,29,14,15,27,14,13,16,8,8,9,5,4,3,1,2,1,0,1,0,0,0,11,11,0,5,3,0,2,1,0,11,10,1,1,8,0,0,3
533757774,1,,533757772,69,34,35,7,3,4,73,35,38,56,25,31,69,32,37,67,30,37,17,10,7,2,2,0,0,0,0,0,0,0,0,0,0,26,26,3,13,6,7,1,0,0,27,26,1,2,12,0,1,6
533757781,0,,,28,15,13,2,2,0,26,13,13,21,11,10,24,13,11,22,11,11,5,2,3,0,0,0,0,0,0,0,0,0,0,0,0,9,9,1,2,1,5,0,0,0,8,8,0,0,3,0,1,1
533757783,0,,,281,145,136,53,27,26,228,118,110,179,91,88,210,105,105,205,102,103,49,27,22,24,10,14,11,3,8,1,0,1,7,4,3,95,95,13,24,24,25,7,1,1,82,72,10,12,34,0,6,13
533757784,0,,,73,41,32,17,14,3,56,27,29,42,21,21,52,25,27,51,24,27,14,6,8,6,3,3,1,0,1,0,0,0,0,0,0,21,21,1,7,2,6,2,3,0,20,16,4,2,8,0,0,2
533757791,0,,,134,66,68,15,7,8,119,59,60,73,38,35,113,54,59,111,53,58,46,21,25,27,13,14,11,5,6,2,0,2,5,2,3,53,53,11,20,11,8,1,1,1,42,37,5,2,31,0,10,10
533757792,0,,,113,56,57,18,9,9,95,47,48,44,21,23,89,44,45,89,44,45,51,26,25,30,13,17,6,3,3,0,0,0,0,0,0,42,42,6,18,8,4,5,1,0,36,32,4,2,30,0,3,16
533757793,0,,,129,61,68,24,10,14,105,51,54,71,35,36,98,49,49,98,49,49,34,16,18,20,10,10,5,2,3,1,1,0,1,0,1,45,45,9,15,7,6,4,3,1,35,29,6,5,23,0,6,6
533757794,0,,,128,64,64,10,6,4,118,58,60,61,28,33,112,55,57,110,54,56,57,30,27,22,13,9,5,1,4,2,0,2,4,0,4,48,48,8,18,10,6,6,0,0,40,33,7,3,33,4,3,13
533757841,0,,,41,23,18,7,4,3,34,19,15,21,11,10,34,19,15,33,19,14,13,8,5,4,2,2,1,0,1,0,0,0,0,0,0,15,15,4,2,4,4,1,0,0,11,8,3,4,9,0,3,2
533757842,0,,,72,36,36,11,7,4,61,29,32,46,22,24,60,29,31,59,29,30,15,7,8,6,3,3,0,0,0,0,0,0,3,2,1,25,25,5,6,7,3,2,2,0,20,16,4,5,9,0,1,3
533757843,0,,,41,18,23,0,0,0,41,18,23,15,8,7,41,18,23,41,18,23,26,10,16,11,4,7,2,0,2,1,0,1,0,0,0,17,17,4,4,7,2,0,0,0,13,9,4,0,14,0,3,3
533757844,0,,,81,38,43,8,3,5,73,35,38,48,24,24,71,34,37,70,34,36,25,11,14,13,5,8,3,1,2,0,0,0,0,0,0,34,34,8,15,3,7,0,1,0,26,23,3,0,18,0,8,5
533757851,0,,,314,150,164,39,19,20,275,131,144,185,91,94,264,127,137,261,126,135,90,40,50,47,19,28,17,6,11,1,1,0,2,1,1,131,131,37,41,32,10,9,1,1,93,82,11,10,56,10,12,15
533757852,0,,,54,33,21,5,3,2,49,30,19,38,25,13,48,30,18,47,30,17,11,5,6,4,1,3,1,0,1,0,0,0,1,0,1,29,29,16,5,5,2,1,0,0,13,12,1,3,7,4,2,3
533757853,0,,,157,78,79,26,12,14,130,65,65,92,47,45,124,60,64,121,59,62,38,18,20,25,9,16,10,5,5,0,0,0,2,1,1,57,57,12,20,8,8,6,2,1,44,35,9,4,26,1,5,8
533757854,0,,,261,131,130,17,7,10,235,120,115,164,88,76,231,119,112,229,117,112,71,32,39,50,23,27,18,9,9,1,0,1,2,0,2,116,115,48,28,21,6,8,4,0,60,45,15,6,48,6,9,10
533757861,0,,,105,52,53,25,12,13,77,39,38,54,33,21,72,35,37,71,34,37,23,6,17,18,5,13,16,4,12,2,0,2,3,0,3,30,29,5,4,6,10,4,0,0,23,21,2,6,6,0,1,2
533757862,0,,,186,96,90,28,13,15,158,83,75,86,47,39,153,81,72,149,78,71,72,36,36,40,21,19,9,4,5,1,0,1,1,1,0,64,64,9,18,21,6,6,4,0,55,45,10,5,39,0,4,13
533757863,2,533757864,,7,4,3,*,*,*,*,*,*,*,*,*,*,*,*,*,*,*,*,*,*,*,*,*,*,*,*,*,*,*,*,*,*,3,3,*,*,*,*,*,*,*,*,*,*,*,*,*,*,*
533757864,1,,533757863,9,5,4,1,1,0,12,6,6,5,2,3,12,6,6,12,6,6,7,4,3,2,1,1,0,0,0,0,0,0,0,0,0,4,4,1,3,3,0,0,0,0,5,5,0,1,4,0,0,3
533757871,0,,,93,45,48,9,5,4,84,40,44,53,26,27,82,39,43,80,39,41,31,14,17,18,7,11,7,3,4,0,0,0,1,0,1,35,35,7,10,9,7,1,1,0,28,22,6,3,21,1,4,6
533757872,0,,,115,59,56,11,5,6,104,54,50,54,28,26,100,51,49,98,50,48,50,26,24,41,22,19,20,13,7,4,4,0,0,0,0,34,33,7,10,6,4,4,2,0,26,21,5,3,19,0,6,6
533757873,0,,,168,82,86,21,9,12,147,73,74,95,49,46,143,71,72,143,71,72,52,24,28,33,16,17,9,3,6,1,0,1,4,1,3,68,68,11,30,14,11,1,1,0,57,49,8,5,34,0,6,10
533757874,0,,,31,15,16,2,2,0,29,13,16,16,7,9,28,13,15,28,13,15,13,6,7,5,2,3,0,0,0,0,0,0,0,0,0,10,10,0,4,3,1,2,0,0,10,7,3,0,7,0,0,2
533757881,0,,,118,58,60,17,12,5,98,45,53,55,31,24,97,44,53,95,43,52,43,14,29,33,9,24,26,5,21,11,1,10,5,4,1,34,32,9,6,5,9,1,2,0,22,20,2,4,8,4,1,2
533757882,0,,,134,61,73,16,8,8,118,53,65,60,30,30,114,52,62,112,52,60,58,23,35,38,13,25,14,6,8,0,0,0,4,4,0,53,53,16,17,8,5,3,3,1,37,29,8,5,38,3,11,13
533757883,0,,,112,56,56,5,2,3,107,54,53,68,39,29,102,50,52,100,48,52,39,15,24,24,8,16,8,3,5,0,0,0,0,0,0,38,38,6,10,11,5,3,3,0,32,22,10,2,25,0,2,3
533757884,0,,,53,28,25,9,4,5,44,24,20,30,17,13,42,23,19,42,23,19,14,7,7,10,5,5,4,1,3,0,0,0,0,0,0,23,16,5,3,2,2,3,1,0,11,8,3,1,9,0,4,1
533757891,0,,,59,32,27,11,6,5,48,26,22,28,16,12,47,25,22,46,24,22,20,10,10,10,5,5,2,0,2,0,0,0,0,0,0,22,22,3,9,4,4,2,0,0,19,18,1,4,13,0,2,6
533757892,0,,,87,37,50,5,4,1,82,33,49,48,18,30,80,33,47,76,33,43,34,15,19,16,6,10,3,1,2,1,0,1,0,0,0,29,29,3,9,7,7,1,2,0,26,18,8,2,22,0,2,5
533757893,0,,,45,20,25,8,3,5,37,17,20,23,11,12,33,14,19,33,14,19,14,6,8,10,3,7,6,3,3,0,0,0,0,0,0,12,12,2,2,3,1,1,1,2,10,6,4,2,9,0,1,1
533757894,0,,,122,58,64,13,6,7,109,52,57,70,35,35,104,50,54,103,50,53,39,17,22,17,5,12,10,3,7,0,0,0,0,0,0,41,41,4,14,10,7,5,0,1,37,25,12,5,25,0,4,6
533757934,0,,,38,20,18,2,1,1,36,19,17,21,11,10,34,19,15,34,19,15,15,8,7,8,5,3,2,1,1,0,0,0,0,0,0,16,16,5,4,5,1,0,1,0,11,9,2,0,11,0,4,1
533757941,0,,,75,37,38,6,4,2,69,33,36,43,20,23,64,32,32,62,32,30,26,13,13,15,8,7,5,2,3,0,0,0,0,0,0,31,31,7,11,6,7,0,0,0,24,20,4,2,18,0,3,8
533757942,0,,,40,18,22,4,3,1,36,15,21,21,9,12,33,15,18,33,15,18,15,6,9,8,3,5,4,1,3,0,0,0,0,0,0,12,12,0,4,1,6,1,0,0,12,9,3,1,9,0,0,2
533757943,0,,,99,52,47,6,6,0,85,41,44,49,24,25,79,39,40,78,39,39,36,17,19,21,10,11,3,2,1,0,0,0,0,0,0,37,37,5,14,10,5,2,1,0,30,29,1,1,23,1,4,9
533757944,0,,,46,17,29,7,3,4,39,14,25,26,10,16,38,14,24,35,13,22,13,4,9,5,1,4,2,1,1,0,0,0,1,1,0,14,14,3,2,3,3,1,1,1,11,7,4,1,11,0,3,1
533757951,0,,,139,70,69,27,17,10,112,53,59,72,36,36,110,51,59,109,51,58,40,17,23,26,12,14,5,1,4,2,0,2,1,0,1,49,49,5,20,10,8,5,0,1,43,37,6,6,25,0,3,9
533757952,0,,,251,130,121,17,12,5,229,115,114,133,72,61,223,111,112,218,108,110,96,43,53,60,24,36,19,6,13,0,0,0,4,1,3,115,115,36,47,16,9,5,2,0,74,66,8,4,64,6,13,27
533757953,0,,,111,57,54,7,5,2,101,51,50,62,32,30,98,50,48,98,50,48,39,19,20,21,9,12,8,3,5,0,0,0,14,8,6,49,49,16,16,9,6,0,2,0,30,26,4,1,26,4,5,9
533757954,0,,,746,335,411,70,34,36,670,297,373,391,182,209,647,285,362,636,277,359,279,115,164,187,74,113,58,17,41,2,0,2,19,6,13,351,351,133,113,56,32,12,4,1,209,183,26,14,212,3,91,39
533757961,0,,,36,22,14,1,0,1,33,20,13,30,19,11,33,20,13,31,19,12,3,1,2,1,1,0,0,0,0,0,0,0,0,0,0,20,18,14,3,1,0,0,0,0,4,4,0,1,2,3,1,1
533757962,0,,,386,198,188,45,22,23,322,167,155,246,130,116,315,164,151,312,163,149,76,37,39,40,21,19,16,8,8,0,0,0,8,3,5,195,194,108,36,21,16,8,3,2,74,57,17,13,50,32,10,12
533757963,0,,,322,158,164,38,22,16,271,132,139,204,106,98,264,128,136,260,128,132,67,26,41,30,11,19,5,0,5,0,0,0,6,2,4,153,153,63,45,23,14,6,1,1,78,66,12,14,44,14,10,12
533757964,0,,,750,365,385,113,50,63,630,311,319,471,239,232,607,296,311,596,292,304,159,72,87,97,38,59,30,11,19,3,1,2,17,9,8,336,336,105,129,45,39,14,2,2,214,191,23,41,110,17,27,38
533757971,0,,,353,198,155,38,22,16,286,161,125,251,143,108,275,156,119,269,152,117,35,18,17,14,6,8,2,1,1,1,0,1,79,47,32,185,185,105,34,17,20,6,2,1,65,58,7,18,27,19,14,2
533757972,0,,,311,158,153,45,24,21,260,132,128,207,109,98,251,129,122,248,127,121,53,23,30,25,12,13,4,1,3,1,0,1,30,17,13,152,152,68,41,19,16,8,0,0,75,67,8,12,33,17,7,14
533757973,0,,,848,430,418,126,65,61,703,356,347,549,292,257,678,341,337,665,336,329,154,64,90,93,37,56,26,7,19,2,1,1,62,33,29,383,383,134,119,61,54,13,2,0,238,215,23,38,107,23,30,28
533757974,0,,,744,379,365,125,60,65,598,309,289,472,252,220,579,297,282,566,293,273,126,57,69,61,27,34,19,7,12,1,0,1,15,7,8,309,309,79,107,65,40,12,6,0,217,205,12,44,79,18,11,29
533757981,0,,,35,15,20,5,2,3,30,13,17,26,11,15,29,13,16,27,13,14,4,2,2,0,0,0,0,0,0,0,0,0,0,0,0,12,12,0,4,6,1,1,0,0,12,12,0,2,2,0,0,0
533757983,0,,,775,386,389,152,67,85,605,307,298,485,253,232,583,296,287,572,291,281,120,54,66,50,21,29,13,2,11,3,0,3,16,7,9,306,306,79,88,68,47,18,5,1,214,198,16,55,80,19,15,30
533757984,0,,,227,117,110,37,20,17,190,97,93,128,71,57,185,95,90,180,92,88,62,26,36,31,14,17,7,1,6,0,0,0,5,3,2,78,78,13,23,16,16,6,2,2,64,51,13,7,39,2,4,9
533757991,0,,,11,6,5,2,1,1,9,5,4,4,2,2,9,5,4,9,5,4,5,3,2,1,1,0,0,0,0,0,0,0,0,0,0,4,4,1,1,0,2,0,0,0,3,3,0,0,3,0,1,1
533757992,0,,,9,4,5,0,0,0,9,4,5,3,2,1,9,4,5,9,4,5,6,2,4,5,2,3,1,0,1,0,0,0,0,0,0,4,4,0,3,1,0,0,0,0,4,3,1,0,4,0,0,2
533757993,0,,,84,46,38,11,6,5,73,40,33,42,23,19,70,37,33,68,36,32,31,17,14,12,7,5,2,1,1,0,0,0,6,0,6,31,31,9,8,5,5,1,2,1,22,17,5,2,20,2,4,5
533757994,0,,,74,39,35,9,5,4,65,34,31,48,25,23,64,33,31,63,33,30,17,9,8,7,1,6,2,0,2,0,0,0,1,0,1,29,29,5,10,10,3,0,0,1,24,21,3,2,12,0,2,3
533760012,2,533760014,,10,3,7,*,*,*,*,*,*,*,*,*,*,*,*,*,*,*,*,*,*,*,*,*,*,*,*,*,*,*,*,*,*,4,4,*,*,*,*,*,*,*,*,*,*,*,*,*,*,*
533760014,1,,533760012,7,4,3,1,0,1,16,7,9,14,7,7,15,7,8,14,7,7,2,0,2,1,0,1,0,0,0,0,0,0,8,5,3,7,7,9,0,1,0,1,0,0,2,1,1,0,2,7,1,0
533760021,1,,533760023,98,47,51,12,4,8,91,45,46,53,28,25,87,41,46,86,41,45,38,17,21,24,12,12,6,3,3,0,0,0,1,1,0,33,33,5,13,5,8,5,0,0,31,20,11,4,25,0,2,8
533760023,2,533760021,,5,2,3,*,*,*,*,*,*,*,*,*,*,*,*,*,*,*,*,*,*,*,*,*,*,*,*,*,*,*,*,*,*,3,3,*,*,*,*,*,*,*,*,*,*,*,*,*,*,*
533760101,2,533760112,,4,1,3,*,*,*,*,*,*,*,*,*,*,*,*,*,*,*,*,*,*,*,*,*,*,*,*,*,*,*,*,*,*,1,1,*,*,*,*,*,*,*,*,*,*,*,*,*,*,*
533760103,2,533760112,,4,2,2,*,*,*,*,*,*,*,*,*,*,*,*,*,*,*,*,*,*,*,*,*,*,*,*,*,*,*,*,*,*,2,2,*,*,*,*,*,*,*,*,*,*,*,*,*,*,*
533760112,1,,533760101;533760103,4,2,2,0,0,0,12,5,7,7,3,4,12,5,7,12,5,7,5,2,3,3,1,2,3,1,2,0,0,0,1,0,1,4,4,4,2,0,1,0,0,0,3,2,1,0,5,0,3,0
533760121,0,,,98,51,47,17,10,7,81,41,40,53,28,25,75,37,38,74,36,38,28,13,15,17,6,11,8,3,5,3,0,3,0,0,0,36,36,8,12,5,6,4,0,1,28,23,5,5,19,0,4,5
533760123,0,,,42,21,21,7,4,3,35,17,18,26,13,13,33,16,17,31,15,16,9,4,5,9,4,5,1,0,1,0,0,0,0,0,0,13,13,1,5,1,4,0,2,0,12,8,4,3,6,0,0,2
533760221,0,,,16,7,9,0,0,0,16,7,9,7,3,4,15,7,8,15,7,8,9,4,5,5,2,3,4,1,3,0,0,0,0,0,0,8,8,4,1,2,1,0,0,0,4,3,1,0,7,0,4,1
533760222,0,,,67,30,37,9,3,6,58,27,31,32,17,15,57,27,30,57,27,30,26,10,16,20,8,12,5,3,2,0,0,0,0,0,0,24,24,6,6,5,4,1,1,1,17,12,5,2,16,1,3,4
533760223,0,,,32,15,17,0,0,0,32,15,17,24,12,12,30,13,17,30,13,17,8,3,5,8,3,5,3,1,2,0,0,0,0,0,0,8,8,0,2,0,2,4,0,0,8,3,5,0,6,0,0,1
533760224,0,,,27,14,13,2,1,1,25,13,12,18,10,8,25,13,12,25,13,12,7,3,4,2,1,1,0,0,0,0,0,0,0,0,0,11,11,3,4,2,0,2,0,0,8,6,2,2,5,1,1,0
533760233,0,,,20,13,7,2,2,0,18,11,7,9,7,2,18,11,7,18,11,7,9,4,5,5,2,3,4,1,3,0,0,0,0,0,0,9,9,4,2,2,0,0,1,0,5,3,2,0,7,0,2,0
533760241,1,,533760243,13,7,6,0,0,0,14,7,7,7,4,3,14,7,7,14,7,7,7,3,4,2,1,1,0,0,0,0,0,0,0,0,0,5,5,2,2,1,0,1,0,0,4,3,1,0,5,0,1,0
533760243,2,533760241,,1,0,1,*,*,*,*,*,*,*,*,*,*,*,*,*,*,*,*,*,*,*,*,*,*,*,*,*,*,*,*,*,*,1,1,*,*,*,*,*,*,*,*,*,*,*,*,*,*,*
533760244,0,,,22,11,11,0,0,0,22,11,11,7,4,3,21,11,10,20,11,9,15,7,8,10,4,6,5,3,2,0,0,0,0,0,0,10,10,2,5,2,1,0,0,0,8,8,0,0,9,0,2,4
533760321,0,,,55,27,28,13,8,5,42,19,23,30,14,16,41,18,23,40,17,23,12,5,7,2,1,1,2,1,1,1,0,1,0,0,0,20,20,6,7,2,1,1,1,2,13,9,4,4,10,4,1,1
533760323,0,,,56,32,24,8,6,2,48,26,22,25,11,14,47,25,22,46,25,21,23,15,8,11,6,5,8,5,3,0,0,0,0,0,0,16,16,2,3,5,3,0,1,2,14,7,7,1,12,0,1,3
533760331,0,,,19,8,11,0,0,0,19,8,11,10,4,6,18,8,10,18,8,10,9,4,5,5,2,3,1,1,0,0,0,0,0,0,0,7,7,0,3,3,1,0,0,0,7,6,1,0,5,0,0,3
533760341,2,533760342,,11,6,5,*,*,*,*,*,*,*,*,*,*,*,*,*,*,*,*,*,*,*,*,*,*,*,*,*,*,*,*,*,*,3,3,*,*,*,*,*,*,*,*,*,*,*,*,*,*,*
533760342,1,,533760341;533760344,140,71,69,14,6,8,140,71,69,77,42,35,136,68,68,135,67,68,63,29,34,35,15,20,12,5,7,0,0,0,0,0,0,53,53,9,24,10,9,2,1,2,48,34,14,3,41,2,3,13
533760344,2,533760342,,3,0,3,*,*,*,*,*,*,*,*,*,*,*,*,*,*,*,*,*,*,*,*,*,*,*,*,*,*,*,*,*,*,1,1,*,*,*,*,*,*,*,*,*,*,*,*,*,*,*
533760382,2,533760384,,2,1,1,*,*,*,*,*,*,*,*,*,*,*,*,*,*,*,*,*,*,*,*,*,*,*,*,*,*,*,*,*,*,1,1,*,*,*,*,*,*,*,*,*,*,*,*,*,*,*
533760383,2,533760384,,7,3,4,*,*,*,*,*,*,*,*,*,*,*,*,*,*,*,*,*,*,*,*,*,*,*,*,*,*,*,*,*,*,3,3,*,*,*,*,*,*,*,*,*,*,*,*,*,*,*
533760384,1,,533760382;533760383;533760481,11,5,6,2,0,2,24,12,12,10,5,5,22,11,11,22,11,11,14,7,7,12,6,6,3,2,1,0,0,0,0,0,0,4,4,0,6,1,0,1,1,0,9,6,3,0,8,0,0,5
533760391,2,533760392,,3,3,0,*,*,*,*,*,*,*,*,*,*,*,*,*,*,*,*,*,*,*,*,*,*,*,*,*,*,*,*,*,*,2,2,*,*,*,*,*,*,*,*,*,*,*,*,*,*,*
533760392,1,,533760391,12,5,7,0,0,0,15,8,7,7,3,4,15,8,7,15,8,7,8,5,3,3,1,2,2,1,1,1,0,1,0,0,0,6,6,2,5,1,0,0,0,0,6,4,2,0,7,0,2,0
533760393,2,533760394,,6,2,4,*,*,*,*,*,*,*,*,*,*,*,*,*,*,*,*,*,*,*,*,*,*,*,*,*,*,*,*,*,*,3,3,*,*,*,*,*,*,*,*,*,*,*,*,*,*,*
533760394,1,,533760393,11,6,5,1,0,1,16,8,8,7,4,3,16,8,8,16,8,8,9,4,5,4,1,3,1,1,0,0,0,0,0,0,0,4,4,3,1,1,1,1,0,0,4,3,1,0,6,0,2,1
533760412,2,533760414,,11,6,5,*,*,*,*,*,*,*,*,*,*,*,*,*,*,*,*,*,*,*,*,*,*,*,*,*,*,*,*,*,*,3,3,*,*,*,*,*,*,*,*,*,*,*,*,*,*,*
533760414,1,,533760412,26,11,15,3,2,1,34,15,19,15,7,8,33,14,19,32,13,19,19,8,11,9,2,7,7,1,6,1,0,1,0,0,0,10,10,3,4,4,0,0,1,1,10,5,5,0,12,0,3,4
533760421,0,,,82,41,41,17,10,7,65,31,34,40,20,20,63,29,34,63,29,34,25,11,14,10,3,7,6,0,6,0,0,0,1,0,1,27,27,4,8,4,6,4,1,0,23,15,8,2,17,0,2,5
533760423,0,,,19,9,10,0,0,0,19,9,10,9,5,4,18,9,9,17,8,9,10,4,6,3,1,2,2,1,1,0,0,0,0,0,0,7,7,0,5,1,0,0,1,0,7,5,2,0,6,0,0,3
533760451,2,533760453,,3,1,2,*,*,*,*,*,*,*,*,*,*,*,*,*,*,*,*,*,*,*,*,*,*,*,*,*,*,*,*,*,*,2,2,*,*,*,*,*,*,*,*,*,*,*,*,*,*,*
533760453,1,,533760451,29,15,14,5,4,1,27,12,15,19,9,10,27,12,15,26,12,14,8,3,5,6,2,4,2,0,2,0,0,0,0,0,0,8,8,3,1,1,1,4,0,0,7,3,4,1,6,0,1,0
533760481,2,533760384,,6,3,3,*,*,*,*,*,*,*,*,*,*,*,*,*,*,*,*,*,*,*,*,*,*,*,*,*,*,*,*,*,*,1,1,*,*,*,*,*,*,*,*,*,*,*,*,*,*,*
533760511,2,533760512,,1,1,0,*,*,*,*,*,*,*,*,*,*,*,*,*,*,*,*,*,*,*,*,*,*,*,*,*,*,*,*,*,*,1,1,*,*,*,*,*,*,*,*,*,*,*,*,*,*,*
533760512,1,,533760511;533760514,45,21,24,5,1,4,43,22,21,22,11,11,42,21,21,41,21,20,21,11,10,8,4,4,5,2,3,0,0,0,0,0,0,15,15,5,3,4,3,0,1,1,12,5,7,2,13,0,4,2
533760513,1,,533760611,16,8,8,4,2,2,14,7,7,7,4,3,13,6,7,13,6,7,7,3,4,3,2,1,1,0,1,1,0,1,0,0,0,4,4,0,3,0,0,1,0,1,5,4,1,1,3,0,0,2
533760514,2,533760512,,2,1,1,*,*,*,*,*,*,*,*,*,*,*,*,*,*,*,*,*,*,*,*,*,*,*,*,*,*,*,*,*,*,1,1,*,*,*,*,*,*,*,*,*,*,*,*,*,*,*
533760521,0,,,27,13,14,2,1,1,25,12,13,9,5,4,24,12,12,24,12,12,16,7,9,8,4,4,2,0,2,0,0,0,0,0,0,10,10,3,3,1,1,1,1,0,7,4,3,0,9,0,2,3
533760542,2,533760544,,3,2,1,*,*,*,*,*,*,*,*,*,*,*,*,*,*,*,*,*,*,*,*,*,*,*,*,*,*,*,*,*,*,1,1,*,*,*,*,*,*,*,*,*,*,*,*,*,*,*
533760543,2,533760544,,7,2,5,*,*,*,*,*,*,*,*,*,*,*,*,*,*,*,*,*,*,*,*,*,*,*,*,*,*,*,*,*,*,2,2,*,*,*,*,*,*,*,*,*,*,*,*,*,*,*
533760544,1,,533760542;533760543;533760641,13,6,7,0,0,0,29,14,15,16,8,8,29,14,15,28,14,14,13,6,7,6,2,4,3,1,2,0,0,0,0,0,0,4,4,2,3,3,3,0,0,0,9,5,4,0,8,0,1,1
533760551,0,,,50,30,20,0,0,0,50,30,20,32,20,12,50,30,20,47,27,20,18,10,8,14,7,7,6,2,4,0,0,0,0,0,0,19,19,5,4,4,5,1,0,0,14,9,5,0,15,0,3,1
533760553,0,,,14,6,8,0,0,0,14,6,8,4,2,2,14,6,8,14,6,8,10,4,6,8,3,5,3,2,1,0,0,0,0,0,0,6,6,0,4,2,0,0,0,0,6,5,1,0,6,0,0,3
533760611,2,533760513,,2,1,1,*,*,*,*,*,*,*,*,*,*,*,*,*,*,*,*,*,*,*,*,*,*,*,*,*,*,*,*,*,*,1,1,*,*,*,*,*,*,*,*,*,*,*,*,*,*,*
533760641,2,533760544,,6,4,2,*,*,*,*,*,*,*,*,*,*,*,*,*,*,*,*,*,*,*,*,*,*,*,*,*,*,*,*,*,*,4,4,*,*,*,*,*,*,*,*,*,*,*,*,*,*,*
533760651,2,533760653,,4,2,2,*,*,*,*,*,*,*,*,*,*,*,*,*,*,*,*,*,*,*,*,*,*,*,*,*,*,*,*,*,*,2,2,*,*,*,*,*,*,*,*,*,*,*,*,*,*,*
533760653,1,,533760651,31,15,16,2,0,2,33,17,16,14,6,8,33,17,16,32,17,15,19,11,8,9,4,5,2,1,1,0,0,0,0,0,0,13,13,3,7,4,0,0,1,0,12,10,2,0,13,0,3,5
533760751,0,,,13,5,8,0,0,0,13,5,8,5,3,2,13,5,8,13,5,8,8,2,6,3,0,3,2,0,2,0,0,0,0,0,0,6,6,2,1,3,0,0,0,0,4,1,3,0,6,0,2,1
533760753,1,,533760844;533760851;533760951,19,9,10,0,0,0,33,18,15,20,10,10,33,18,15,33,18,15,13,8,5,5,3,2,0,0,0,0,0,0,0,0,0,7,7,3,6,1,1,1,1,0,9,7,2,0,10,1,2,4
533760844,2,533760753,,2,1,1,*,*,*,*,*,*,*,*,*,*,*,*,*,*,*,*,*,*,*,*,*,*,*,*,*,*,*,*,*,*,1,1,*,*,*,*,*,*,*,*,*,*,*,*,*,*,*
533760851,2,533760753,,5,3,2,*,*,*,*,*,*,*,*,*,*,*,*,*,*,*,*,*,*,*,*,*,*,*,*,*,*,*,*,*,*,3,3,*,*,*,*,*,*,*,*,*,*,*,*,*,*,*
533760951,2,533760753,,7,5,2,*,*,*,*,*,*,*,*,*,*,*,*,*,*,*,*,*,*,*,*,*,*,*,*,*,*,*,*,*,*,2,2,*,*,*,*,*,*,*,*,*,*,*,*,*,*,*
533761042,1,,533761051,32,16,16,0,0,0,33,16,17,19,9,10,33,16,17,33,16,17,14,7,7,10,5,5,5,3,2,0,0,0,0,0,0,12,12,3,3,6,0,0,1,0,10,5,5,0,9,0,1,0
533761044,0,,,49,11,38,0,0,0,49,11,38,5,3,2,49,11,38,49,11,38,44,8,36,42,8,34,27,5,22,7,1,6,0,0,0,7,5,1,2,2,0,0,0,0,4,3,1,0,4,0,1,1
533761051,2,533761042,,1,0,1,*,*,*,*,*,*,*,*,*,*,*,*,*,*,*,*,*,*,*,*,*,*,*,*,*,*,*,*,*,*,1,1,*,*,*,*,*,*,*,*,*,*,*,*,*,*,*
533761081,0,,,64,31,33,10,4,6,54,27,27,31,18,13,52,25,27,50,24,26,23,9,14,10,5,5,3,1,2,1,0,1,0,0,0,20,20,4,4,4,5,0,2,1,16,11,5,3,14,0,4,2
533761082,1,,533761091,30,13,17,3,0,3,27,14,13,10,6,4,25,14,11,25,14,11,17,8,9,9,4,5,6,4,2,0,0,0,0,0,0,9,9,3,3,0,2,1,0,1,7,3,4,0,7,0,0,3
533761083,0,,,125,60,65,13,10,3,112,50,62,58,28,30,105,45,60,102,43,59,54,22,32,30,11,19,11,4,7,2,1,1,0,0,0,37,37,4,10,8,5,6,2,2,33,15,18,2,34,0,4,5
533761091,2,533761082,,1,1,0,*,*,*,*,*,*,*,*,*,*,*,*,*,*,*,*,*,*,*,*,*,*,*,*,*,*,*,*,*,*,1,1,*,*,*,*,*,*,*,*,*,*,*,*,*,*,*
533761142,0,,,12,6,6,1,0,1,11,6,5,8,5,3,11,6,5,10,5,5,3,1,2,3,1,2,1,0,1,0,0,0,1,1,0,7,7,4,2,0,1,0,0,0,3,3,0,0,2,1,1,1
533761143,2,533761144,,3,2,1,*,*,*,*,*,*,*,*,*,*,*,*,*,*,*,*,*,*,*,*,*,*,*,*,*,*,*,*,*,*,2,2,*,*,*,*,*,*,*,*,*,*,*,*,*,*,*
533761144,1,,533761143,18,10,8,0,0,0,21,12,9,12,7,5,21,12,9,21,12,9,9,5,4,6,4,2,3,3,0,0,0,0,0,0,0,10,10,5,6,0,1,0,0,0,7,6,1,0,6,0,2,2
533761172,2,533761174,,1,0,1,*,*,*,*,*,*,*,*,*,*,*,*,*,*,*,*,*,*,*,*,*,*,*,*,*,*,*,*,*,*,1,1,*,*,*,*,*,*,*,*,*,*,*,*,*,*,*
533761174,1,,533761172;533761281,50,22,28,6,0,6,54,27,27,30,17,13,50,24,26,49,23,26,24,10,14,14,5,9,4,2,2,0,0,0,0,0,0,18,18,4,9,3,3,2,0,1,18,16,2,0,14,0,2,5
533761181,0,,,53,27,26,2,0,2,51,27,24,29,17,12,51,27,24,50,26,24,22,10,12,14,5,9,5,0,5,2,0,2,0,0,0,19,19,2,6,6,4,1,0,0,17,11,6,1,14,1,1,3
533761183,0,,,125,58,67,7,5,2,117,52,65,64,30,34,115,52,63,114,51,63,53,22,31,31,11,20,11,3,8,2,0,2,0,0,0,46,46,10,13,11,6,5,0,1,33,18,15,2,35,0,6,6
533761204,0,,,16,7,9,2,2,0,14,5,9,5,1,4,13,5,8,13,5,8,9,4,5,3,1,2,2,0,2,0,0,0,0,0,0,5,5,0,2,1,1,1,0,0,5,3,2,0,4,0,0,2
533761241,2,533761243,,4,2,2,*,*,*,*,*,*,*,*,*,*,*,*,*,*,*,*,*,*,*,*,*,*,*,*,*,*,*,*,*,*,1,1,*,*,*,*,*,*,*,*,*,*,*,*,*,*,*
533761242,2,533761243,,4,1,3,*,*,*,*,*,*,*,*,*,*,*,*,*,*,*,*,*,*,*,*,*,*,*,*,*,*,*,*,*,*,1,1,*,*,*,*,*,*,*,*,*,*,*,*,*,*,*
533761243,1,,533761241;533761242,15,8,7,3,1,2,20,10,10,9,5,4,19,9,10,19,9,10,11,5,6,8,3,5,3,1,2,0,0,0,0,0,0,6,6,1,3,1,2,1,0,0,7,5,2,0,6,0,0,3
533761244,0,,,8,4,4,0,0,0,8,4,4,1,0,1,8,4,4,8,4,4,7,4,3,1,1,0,0,0,0,0,0,0,0,0,0,4,4,0,4,0,0,0,0,0,4,4,0,0,4,0,0,4
533761272,0,,,76,35,41,5,0,5,71,35,36,32,16,16,70,35,35,70,35,35,39,19,20,21,9,12,6,3,3,1,1,0,0,0,0,29,29,6,7,10,5,0,1,0,22,18,4,0,24,1,4,5
533761273,0,,,29,13,16,3,2,1,26,11,15,21,9,12,26,11,15,25,10,15,5,2,3,3,0,3,2,0,2,0,0,0,0,0,0,8,8,0,0,4,3,1,0,0,8,5,3,1,4,0,0,0
533761274,0,,,87,40,47,9,4,5,77,36,41,34,15,19,76,36,40,76,36,40,43,21,22,24,12,12,10,5,5,1,1,0,0,0,0,36,36,7,17,6,3,2,1,0,29,24,5,2,25,0,6,11
533761281,2,533761174,,9,5,4,*,*,*,*,*,*,*,*,*,*,*,*,*,*,*,*,*,*,*,*,*,*,*,*,*,*,*,*,*,*,3,3,*,*,*,*,*,*,*,*,*,*,*,*,*,*,*
533761301,1,,533761302,32,15,17,2,1,1,36,17,19,19,10,9,35,16,19,35,16,19,17,7,10,14,5,9,8,3,5,0,0,0,0,0,0,12,12,4,4,2,1,2,1,0,10,5,5,1,12,0,4,1
533761302,2,533761301,,6,3,3,*,*,*,*,*,*,*,*,*,*,*,*,*,*,*,*,*,*,*,*,*,*,*,*,*,*,*,*,*,*,2,2,*,*,*,*,*,*,*,*,*,*,*,*,*,*,*
533761303,1,,533761401,9,5,4,1,0,1,14,7,7,5,3,2,14,7,7,14,7,7,9,4,5,2,0,2,2,0,2,0,0,0,0,0,0,5,5,3,1,0,1,0,1,0,2,0,2,0,5,0,2,0
533761341,2,533761343,,8,2,6,*,*,*,*,*,*,*,*,*,*,*,*,*,*,*,*,*,*,*,*,*,*,*,*,*,*,*,*,*,*,3,3,*,*,*,*,*,*,*,*,*,*,*,*,*,*,*
533761343,1,,533761341,11,5,6,0,0,0,19,7,12,10,4,6,19,7,12,19,7,12,9,3,6,6,2,4,1,1,0,0,0,0,0,0,0,4,4,1,3,1,1,1,0,0,6,4,2,0,6,0,1,1
533761364,0,,,12,6,6,1,1,0,11,5,6,9,5,4,8,3,5,8,3,5,2,0,2,2,0,2,0,0,0,0,0,0,0,0,0,4,4,1,1,0,1,1,0,0,3,2,1,0,2,0,1,0
533761371,0,,,35,17,18,8,3,5,27,14,13,15,9,6,25,13,12,25,13,12,12,5,7,5,2,3,1,1,0,0,0,0,0,0,0,10,10,2,0,5,0,1,1,1,8,5,3,0,8,0,2,0
533761372,0,,,93,40,53,16,8,8,76,32,44,45,21,24,75,31,44,73,30,43,31,11,20,16,4,12,9,4,5,2,1,1,4,1,3,43,43,18,10,7,6,2,0,0,25,18,7,4,25,0,12,3
533761373,0,,,97,44,53,12,4,8,85,40,45,50,25,25,85,40,45,84,40,44,35,15,20,13,4,9,3,0,3,0,0,0,0,0,0,34,34,5,10,13,3,0,1,2,29,22,7,3,20,1,1,5
533761374,0,,,188,90,98,28,15,13,159,75,84,87,47,40,152,71,81,150,69,81,72,28,44,46,17,29,13,5,8,2,0,2,0,0,0,70,70,22,20,8,9,6,0,5,48,27,21,5,45,5,12,11
533761401,2,533761303,,6,2,4,*,*,*,*,*,*,*,*,*,*,*,*,*,*,*,*,*,*,*,*,*,*,*,*,*,*,*,*,*,*,1,1,*,*,*,*,*,*,*,*,*,*,*,*,*,*,*
533761432,1,,533761434;533761441,11,5,6,2,2,0,23,11,12,10,5,5,23,11,12,23,11,12,13,6,7,5,1,4,2,1,1,1,1,0,0,0,0,5,5,2,4,3,0,0,1,0,8,4,4,0,9,0,2,2
533761434,2,533761432,,11,7,4,*,*,*,*,*,*,*,*,*,*,*,*,*,*,*,*,*,*,*,*,*,*,*,*,*,*,*,*,*,*,3,3,*,*,*,*,*,*,*,*,*,*,*,*,*,*,*
533761441,2,533761432,,3,1,2,*,*,*,*,*,*,*,*,*,*,*,*,*,*,*,*,*,*,*,*,*,*,*,*,*,*,*,*,*,*,2,2,*,*,*,*,*,*,*,*,*,*,*,*,*,*,*
533761461,0,,,87,31,56,4,4,0,83,27,56,29,11,18,81,27,54,81,27,54,54,16,38,45,12,33,25,7,18,4,1,3,1,1,0,23,22,9,7,3,1,0,1,1,13,9,4,1,12,3,3,3
533761462,0,,,180,76,104,19,4,15,160,72,88,85,44,41,159,72,87,157,72,85,75,28,47,50,18,32,26,8,18,4,0,4,0,0,0,59,58,17,12,11,8,6,2,2,41,22,19,7,39,3,7,4
533761463,0,,,66,33,33,3,3,0,60,27,33,25,15,10,58,25,33,58,25,33,35,12,23,31,9,22,20,5,15,5,0,5,0,0,0,19,18,7,3,2,4,2,0,0,11,4,7,1,10,0,1,2
533761464,0,,,539,254,285,63,36,27,474,216,258,253,122,131,456,207,249,450,203,247,221,94,127,121,53,68,34,13,21,2,0,2,1,0,1,213,213,52,73,43,24,14,3,4,158,120,38,11,147,2,34,40
533761471,0,,,409,202,207,50,24,26,359,178,181,212,111,101,345,169,176,341,165,176,147,67,80,79,36,43,24,11,13,1,1,0,1,1,0,145,145,30,43,31,18,11,11,1,113,74,39,9,90,1,15,24
533761472,0,,,133,69,64,19,15,4,114,54,60,70,34,36,108,50,58,107,50,57,44,20,24,19,9,10,5,2,3,1,0,1,0,0,0,45,45,3,18,11,7,3,3,0,42,33,9,2,27,0,1,7
533761473,0,,,573,275,298,78,43,35,495,232,263,298,146,152,471,225,246,465,225,240,197,86,111,112,45,67,42,20,22,0,0,0,1,0,1,223,222,58,71,37,32,18,5,1,161,129,32,23,129,2,33,39
533761474,0,,,67,30,37,12,7,5,55,23,32,36,17,19,52,22,30,50,22,28,19,6,13,7,2,5,2,1,1,0,0,0,0,0,0,24,24,6,6,4,3,5,0,0,18,12,6,2,14,1,1,2
533761532,2,533761541,,8,3,5,*,*,*,*,*,*,*,*,*,*,*,*,*,*,*,*,*,*,*,*,*,*,*,*,*,*,*,*,*,*,2,2,*,*,*,*,*,*,*,*,*,*,*,*,*,*,*
533761534,2,533761541,,3,2,1,*,*,*,*,*,*,*,*,*,*,*,*,*,*,*,*,*,*,*,*,*,*,*,*,*,*,*,*,*,*,1,1,*,*,*,*,*,*,*,*,*,*,*,*,*,*,*
533761541,1,,533761532;533761534;533761543,3,2,1,1,1,0,21,9,12,12,5,7,21,9,12,21,9,12,9,4,5,6,2,4,1,0,1,0,0,0,0,0,0,2,2,2,4,2,0,0,1,0,7,5,2,1,7,0,1,1
533761543,2,533761541,,8,3,5,*,*,*,*,*,*,*,*,*,*,*,*,*,*,*,*,*,*,*,*,*,*,*,*,*,*,*,*,*,*,4,4,*,*,*,*,*,*,*,*,*,*,*,*,*,*,*
533761561,0,,,31,16,15,2,0,2,29,16,13,16,10,6,29,16,13,29,16,13,13,6,7,5,2,3,2,0,2,1,0,1,0,0,0,10,10,1,2,5,1,0,0,1,9,6,3,0,8,0,1,0
533761562,0,,,525,258,267,57,31,26,460,220,240,254,133,121,449,214,235,443,212,231,206,87,119,134,58,76,55,21,34,5,2,3,1,1,0,212,212,59,72,37,24,12,4,4,151,113,38,17,138,4,34,37
533761563,0,,,228,77,151,17,8,9,211,69,142,52,24,28,207,67,140,205,65,140,159,45,114,127,28,99,71,10,61,22,1,21,0,0,0,38,35,10,8,4,4,5,2,2,25,14,11,6,30,0,9,4
533761564,0,,,179,92,87,22,15,7,154,74,80,101,54,47,151,72,79,148,70,78,53,20,33,33,13,20,13,7,6,0,0,0,1,0,1,69,69,24,17,11,7,4,4,2,44,28,16,4,36,1,8,9
533761571,0,,,413,201,212,47,20,27,365,180,185,237,123,114,352,171,181,345,167,178,128,57,71,79,32,47,29,12,17,1,1,0,11,8,3,162,161,47,51,31,13,7,7,5,114,85,29,10,86,10,25,19
533761572,0,,,9,5,4,0,0,0,9,5,4,7,3,4,9,5,4,9,5,4,2,2,0,0,0,0,0,0,0,0,0,0,0,0,0,4,4,0,3,1,0,0,0,0,4,4,0,0,2,0,0,1
533761573,0,,,163,74,89,17,9,8,146,65,81,78,39,39,143,63,80,141,62,79,68,26,42,41,13,28,14,3,11,0,0,0,1,0,1,57,57,9,22,6,13,4,1,2,48,28,20,4,46,0,7,8
533761574,0,,,106,54,52,27,14,13,79,40,39,57,31,26,79,40,39,79,40,39,22,9,13,12,5,7,4,2,2,0,0,0,0,0,0,31,31,2,6,6,12,4,1,0,29,24,5,9,12,0,1,4
533761624,0,,,22,11,11,3,2,1,19,9,10,14,6,8,18,9,9,17,8,9,5,3,2,1,0,1,1,0,1,0,0,0,0,0,0,9,9,3,3,0,2,1,0,0,6,4,2,1,4,0,1,0
533761632,2,533761634,,3,1,2,*,*,*,*,*,*,*,*,*,*,*,*,*,*,*,*,*,*,*,*,*,*,*,*,*,*,*,*,*,*,1,1,*,*,*,*,*,*,*,*,*,*,*,*,*,*,*
533761633,0,,,14,8,6,2,2,0,12,6,6,8,4,4,12,6,6,12,6,6,4,2,2,2,1,1,1,0,1,0,0,0,0,0,0,4,4,0,1,1,1,1,0,0,4,3,1,1,3,0,0,1
533761634,1,,533761632,27,14,13,1,1,0,29,14,15,14,8,6,29,14,15,29,14,15,15,6,9,10,3,7,7,3,4,0,0,0,1,0,1,12,12,3,6,1,3,0,0,0,10,6,4,0,10,1,2,3
533761641,0,,,27,16,11,5,5,0,22,11,11,11,4,7,22,11,11,22,11,11,11,7,4,7,4,3,2,1,1,0,0,0,0,0,0,11,11,4,2,3,1,0,1,0,7,6,1,2,8,0,3,2
533761661,0,,,269,137,132,37,21,16,225,112,113,131,68,63,218,109,109,216,108,108,94,44,50,48,26,22,13,4,9,2,0,2,2,1,1,93,93,23,28,15,8,6,9,4,69,42,27,8,57,3,8,17
533761662,0,,,183,85,98,34,14,20,149,71,78,90,44,46,142,65,77,138,63,75,59,27,32,29,14,15,4,3,1,0,0,0,0,0,0,64,63,10,23,12,8,6,2,2,53,45,8,6,37,0,8,13
533761663,0,,,137,72,65,17,6,11,118,64,54,74,44,30,115,63,52,114,63,51,44,20,24,11,5,6,5,1,4,2,0,2,0,0,0,62,62,30,10,9,8,3,1,1,32,22,10,3,28,5,5,8
533761664,0,,,48,20,28,6,5,1,42,15,27,30,11,19,37,15,22,35,14,21,12,4,8,6,2,4,0,0,0,0,0,0,0,0,0,14,14,2,4,4,0,0,2,2,12,6,6,1,8,0,0,1
533761671,0,,,189,85,104,32,15,17,149,66,83,116,50,66,137,60,77,133,58,75,33,16,17,15,5,10,5,1,4,0,0,0,1,0,1,74,74,19,27,14,3,6,3,2,54,50,4,8,25,2,9,6
533761672,0,,,36,18,18,10,5,5,26,13,13,16,8,8,25,13,12,25,13,12,10,5,5,3,2,1,2,1,1,0,0,0,0,0,0,10,10,2,2,0,2,2,2,0,8,4,4,0,7,0,1,2
533761673,0,,,33,16,17,4,2,2,29,14,15,18,7,11,27,13,14,26,13,13,11,7,4,8,6,2,1,1,0,0,0,0,0,0,0,10,10,0,5,0,3,1,1,0,10,6,4,0,7,0,0,3
533761721,0,,,29,15,14,1,1,0,28,14,14,14,8,6,28,14,14,28,14,14,14,6,8,8,3,5,2,0,2,0,0,0,0,0,0,13,13,5,3,2,3,0,0,0,8,3,5,1,8,0,2,2
533761722,0,,,74,36,38,10,5,5,64,31,33,33,17,16,61,28,33,60,27,33,31,14,17,16,6,10,7,3,4,2,0,2,0,0,0,24,24,7,6,2,3,2,1,3,17,6,11,1,18,2,3,3
533761723,0,,,81,42,39,16,9,7,65,33,32,44,22,22,61,32,29,61,32,29,21,11,10,11,7,4,2,1,1,0,0,0,0,0,0,21,21,2,3,7,1,2,4,2,19,8,11,5,13,0,1,0
533761731,0,,,57,27,30,7,6,1,50,21,29,30,14,16,48,20,28,48,20,28,20,7,13,13,4,9,5,1,4,1,1,0,0,0,0,17,17,1,5,7,2,0,0,2,16,7,9,1,12,0,0,2
533761754,2,533761763,,24,4,20,*,*,*,*,*,*,*,*,*,*,*,*,*,*,*,*,*,*,*,*,*,*,*,*,*,*,*,*,*,*,4,3,*,*,*,*,*,*,*,*,*,*,*,*,*,*,*
533761761,0,,,117,54,63,5,3,2,112,51,61,62,29,33,110,50,60,108,49,59,50,22,28,35,14,21,12,6,6,2,0,2,0,0,0,38,38,5,8,13,5,5,2,0,33,16,17,0,33,0,5,3
533761762,0,,,103,49,54,7,1,6,96,48,48,65,35,30,90,44,46,88,43,45,31,13,18,16,7,9,7,4,3,0,0,0,0,0,0,35,35,2,14,8,9,0,1,1,33,27,6,2,18,0,2,6
533761763,1,,533761754,104,48,56,17,8,9,111,44,67,52,24,28,110,43,67,110,43,67,59,20,39,38,10,28,20,2,18,4,1,3,0,0,0,31,31,4,11,9,4,0,2,4,30,15,15,2,25,0,4,6
533761764,1,,533761984,119,60,59,4,2,2,117,59,58,71,41,30,115,58,57,113,56,57,46,18,28,24,8,16,7,3,4,0,0,0,9,6,3,40,40,7,14,7,8,4,1,1,35,17,18,2,32,0,3,7
533761812,0,,,33,16,17,4,2,2,29,14,15,13,6,7,29,14,15,29,14,15,16,8,8,6,2,4,1,0,1,0,0,0,0,0,0,11,11,2,6,0,1,0,0,2,9,6,3,2,10,1,1,3
533761814,0,,,77,33,44,8,3,5,69,30,39,33,15,18,68,29,39,68,29,39,36,15,21,19,5,14,10,1,9,2,0,2,0,0,0,24,24,3,7,6,3,2,1,2,21,8,13,1,22,0,3,3
533761821,0,,,36,13,23,1,0,1,35,13,22,16,7,9,33,13,20,33,13,20,19,6,13,17,5,12,3,1,2,2,0,2,0,0,0,14,14,3,5,3,1,2,0,0,10,6,4,0,13,0,3,1
533761852,0,,,26,14,12,5,3,2,21,11,10,10,4,6,21,11,10,21,11,10,11,7,4,8,5,3,2,2,0,0,0,0,2,1,1,10,10,2,6,0,0,1,0,1,8,6,2,0,8,0,2,3
533761854,0,,,62,33,29,11,7,4,51,26,25,31,16,15,49,24,25,47,23,24,20,10,10,7,3,4,2,1,1,1,0,1,0,0,0,16,16,3,3,0,4,2,3,1,13,5,8,0,13,0,3,1
533761861,1,,533761974,126,65,61,19,9,10,114,58,56,67,36,31,110,55,55,109,55,54,47,22,25,26,13,13,8,6,2,2,2,0,0,0,0,34,34,1,11,8,3,6,6,1,35,15,20,5,31,0,1,5
533761862,0,,,55,24,31,7,3,4,48,21,27,25,12,13,48,21,27,48,21,27,23,9,14,11,2,9,4,2,2,0,0,0,0,0,0,19,19,4,3,6,4,1,1,0,15,9,6,3,15,0,4,2
533761863,0,,,210,106,104,32,19,13,177,86,91,112,59,53,176,86,90,173,85,88,65,27,38,31,9,22,13,1,12,2,0,2,0,0,0,76,76,24,17,13,11,2,4,5,51,29,22,11,38,6,5,10
533761904,0,,,22,9,13,2,0,2,20,9,11,7,4,3,20,9,11,20,9,11,13,5,8,5,2,3,1,0,1,0,0,0,1,1,0,8,8,1,4,2,0,0,0,1,7,6,1,1,7,0,1,3
533761911,0,,,18,8,10,3,1,2,15,7,8,9,5,4,15,7,8,15,7,8,6,2,4,3,1,2,2,1,1,0,0,0,0,0,0,7,7,2,3,1,0,0,0,1,5,3,2,0,5,0,1,2
533761912,0,,,28,15,13,8,3,5,18,10,8,13,8,5,18,10,8,18,10,8,5,2,3,4,2,2,0,0,0,0,0,0,0,0,0,13,13,6,3,1,2,1,0,0,7,7,0,2,4,0,2,1
533761913,0,,,65,30,35,5,4,1,60,26,34,33,16,17,59,25,34,58,24,34,27,10,17,16,4,12,8,0,8,1,0,1,2,0,2,23,23,5,6,6,2,3,0,1,18,9,9,0,20,0,5,3
533761914,0,,,15,9,6,2,1,1,13,8,5,5,3,2,12,7,5,12,7,5,8,5,3,6,3,3,2,1,1,0,0,0,0,0,0,5,5,1,2,0,0,2,0,0,4,2,2,0,5,0,1,2
533761952,0,,,118,54,64,21,11,10,97,43,54,50,23,27,94,43,51,92,42,50,47,20,27,25,13,12,8,4,4,0,0,0,0,0,0,39,39,8,12,7,3,2,6,1,31,19,12,3,27,0,5,8
533761954,0,,,48,23,25,4,2,2,44,21,23,24,11,13,43,20,23,43,20,23,20,10,10,9,3,6,3,1,2,0,0,0,0,0,0,18,18,1,9,4,3,1,0,0,17,12,5,0,13,0,1,4
533761961,0,,,265,134,131,29,24,5,236,110,126,135,68,67,228,106,122,225,104,121,101,42,59,61,20,41,27,9,18,3,0,3,0,0,0,93,93,18,32,13,15,8,6,1,75,46,29,8,66,1,11,13
533761963,0,,,190,103,87,26,14,12,164,89,75,98,55,43,162,87,75,161,86,75,66,34,32,32,16,16,8,5,3,0,0,0,11,10,1,78,78,27,21,15,6,5,2,2,50,35,15,6,45,10,11,10
533761974,2,533761861,,7,2,5,*,*,*,*,*,*,*,*,*,*,*,*,*,*,*,*,*,*,*,*,*,*,*,*,*,*,*,*,*,*,2,2,*,*,*,*,*,*,*,*,*,*,*,*,*,*,*
533761984,2,533761764,,2,1,1,*,*,*,*,*,*,*,*,*,*,*,*,*,*,*,*,*,*,*,*,*,*,*,*,*,*,*,*,*,*,2,2,*,*,*,*,*,*,*,*,*,*,*,*,*,*,*
533762653,0,,,26,13,13,0,0,0,26,13,13,9,5,4,25,13,12,25,13,12,17,8,9,9,4,5,5,2,3,0,0,0,0,0,0,10,10,3,2,3,0,2,0,0,7,3,4,0,10,0,3,1
533762751,1,,533762752,23,10,13,2,0,2,36,16,20,20,9,11,34,16,18,33,16,17,16,7,9,13,6,7,3,2,1,0,0,0,0,0,0,7,7,0,2,3,2,1,2,0,10,4,6,0,9,0,0,1
533762752,2,533762751,,15,6,9,*,*,*,*,*,*,*,*,*,*,*,*,*,*,*,*,*,*,*,*,*,*,*,*,*,*,*,*,*,*,3,3,*,*,*,*,*,*,*,*,*,*,*,*,*,*,*
533762753,0,,,27,14,13,3,1,2,24,13,11,14,8,6,24,13,11,24,13,11,10,5,5,4,2,2,1,0,1,0,0,0,0,0,0,8,8,1,1,1,4,1,0,0,7,4,3,1,5,0,0,1
533762851,0,,,51,25,26,0,0,0,51,25,26,24,13,11,51,25,26,51,25,26,27,12,15,14,6,8,5,2,3,0,0,0,0,0,0,17,17,2,3,5,7,0,0,0,15,6,9,0,14,0,0,2
533762853,0,,,36,15,21,4,3,1,32,12,20,16,7,9,32,12,20,32,12,20,16,5,11,9,2,7,2,0,2,0,0,0,0,0,0,13,13,1,5,4,2,1,0,0,12,7,5,1,11,0,1,2
533762944,0,,,25,10,15,4,1,3,21,9,12,12,5,7,18,8,10,18,8,10,9,4,5,8,4,4,2,1,1,0,0,0,0,0,0,10,10,1,5,2,2,0,0,0,9,9,0,1,5,0,1,4
533762951,1,,533762953,62,26,36,9,3,6,55,24,31,24,9,15,55,24,31,55,24,31,31,15,16,19,8,11,7,3,4,0,0,0,0,0,0,24,24,3,13,5,2,0,2,0,22,17,5,0,19,0,2,9
533762953,2,533762951,,2,1,1,*,*,*,*,*,*,*,*,*,*,*,*,*,*,*,*,*,*,*,*,*,*,*,*,*,*,*,*,*,*,1,1,*,*,*,*,*,*,*,*,*,*,*,*,*,*,*
533764023,2,533764041,,4,3,1,*,*,*,*,*,*,*,*,*,*,*,*,*,*,*,*,*,*,*,*,*,*,*,*,*,*,*,*,*,*,3,3,*,*,*,*,*,*,*,*,*,*,*,*,*,*,*
533764041,1,,533764023,20,10,10,0,0,0,24,13,11,14,9,5,24,13,11,24,13,11,10,4,6,8,3,5,3,1,2,0,0,0,0,0,0,10,10,7,3,1,2,0,0,0,6,4,2,0,7,1,3,1
533764043,1,,533764141,27,10,17,0,0,0,32,14,18,13,5,8,32,14,18,31,14,17,19,9,10,12,5,7,5,2,3,1,0,1,0,0,0,12,12,5,8,2,0,1,0,0,10,9,1,0,12,0,4,4
533764084,0,,,13,5,8,0,0,0,13,5,8,5,3,2,13,5,8,13,5,8,8,2,6,3,0,3,1,0,1,0,0,0,0,0,0,7,7,2,4,1,0,0,0,0,5,5,0,0,6,0,2,2
533764094,0,,,38,16,22,0,0,0,38,16,22,20,8,12,36,15,21,36,15,21,18,8,10,9,4,5,1,0,1,0,0,0,0,0,0,13,13,0,7,3,1,1,1,0,13,9,4,0,12,0,0,5
533764141,2,533764043,,5,4,1,*,*,*,*,*,*,*,*,*,*,*,*,*,*,*,*,*,*,*,*,*,*,*,*,*,*,*,*,*,*,4,4,*,*,*,*,*,*,*,*,*,*,*,*,*,*,*
533764191,2,533764192,,9,3,6,*,*,*,*,*,*,*,*,*,*,*,*,*,*,*,*,*,*,*,*,*,*,*,*,*,*,*,*,*,*,5,5,*,*,*,*,*,*,*,*,*,*,*,*,*,*,*
533764192,1,,533764191,10,4,6,0,0,0,19,7,12,12,5,7,19,7,12,19,7,12,7,2,5,6,1,5,2,0,2,0,0,0,0,0,0,4,4,3,3,2,1,0,0,0,6,4,2,0,6,0,3,1
533764193,0,,,11,6,5,0,0,0,11,6,5,5,2,3,11,6,5,11,6,5,6,4,2,3,1,2,2,1,1,0,0,0,2,0,2,8,8,6,1,1,0,0,0,0,2,2,0,0,4,0,2,0
533764194,0,,,26,8,18,3,0,3,23,8,15,12,4,8,23,8,15,23,8,15,11,4,7,8,2,6,5,1,4,0,0,0,0,0,0,12,12,4,4,2,2,0,0,0,8,7,1,0,8,0,3,3
533764224,1,,533764232;533764233,13,6,7,0,0,0,19,11,8,8,5,3,19,11,8,19,11,8,11,6,5,2,1,1,0,0,0,0,0,0,0,0,0,6,6,6,5,1,0,0,0,0,6,6,0,0,6,0,0,5
533764232,2,533764224,,4,3,1,*,*,*,*,*,*,*,*,*,*,*,*,*,*,*,*,*,*,*,*,*,*,*,*,*,*,*,*,*,*,4,4,*,*,*,*,*,*,*,*,*,*,*,*,*,*,*
533764233,2,533764224,,2,2,0,*,*,*,*,*,*,*,*,*,*,*,*,*,*,*,*,*,*,*,*,*,*,*,*,*,*,*,*,*,*,2,2,*,*,*,*,*,*,*,*,*,*,*,*,*,*,*
533764274,2,533764283,,5,3,2,*,*,*,*,*,*,*,*,*,*,*,*,*,*,*,*,*,*,*,*,*,*,*,*,*,*,*,*,*,*,2,2,*,*,*,*,*,*,*,*,*,*,*,*,*,*,*
533764281,2,533764283,,4,3,1,*,*,*,*,*,*,*,*,*,*,*,*,*,*,*,*,*,*,*,*,*,*,*,*,*,*,*,*,*,*,1,1,*,*,*,*,*,*,*,*,*,*,*,*,*,*,*
533764282,2,533764283,,4,4,0,*,*,*,*,*,*,*,*,*,*,*,*,*,*,*,*,*,*,*,*,*,*,*,*,*,*,*,*,*,*,4,4,*,*,*,*,*,*,*,*,*,*,*,*,*,*,*
533764283,1,,533764274;533764281;533764282;533764284,34,18,16,0,0,0,48,28,20,24,15,9,47,27,20,46,27,19,24,13,11,14,7,7,9,3,6,0,0,0,0,0,0,14,14,9,5,2,6,0,0,0,13,8,5,0,14,0,3,4
533764284,2,533764283,,2,1,1,*,*,*,*,*,*,*,*,*,*,*,*,*,*,*,*,*,*,*,*,*,*,*,*,*,*,*,*,*,*,1,1,*,*,*,*,*,*,*,*,*,*,*,*,*,*,*
533764291,2,533764292,,1,1,0,*,*,*,*,*,*,*,*,*,*,*,*,*,*,*,*,*,*,*,*,*,*,*,*,*,*,*,*,*,*,1,1,*,*,*,*,*,*,*,*,*,*,*,*,*,*,*
533764292,1,,533764291;533764293,5,2,3,0,0,0,11,5,6,3,1,2,11,5,6,11,5,6,8,4,4,3,2,1,0,0,0,0,0,0,0,0,0,2,2,1,2,2,0,0,0,0,4,4,0,0,4,0,0,2
533764293,2,533764292,,5,2,3,*,*,*,*,*,*,*,*,*,*,*,*,*,*,*,*,*,*,*,*,*,*,*,*,*,*,*,*,*,*,2,2,*,*,*,*,*,*,*,*,*,*,*,*,*,*,*
533764354,0,,,20,9,11,0,0,0,20,9,11,8,4,4,20,9,11,20,9,11,12,5,7,7,2,5,5,2,3,1,0,1,0,0,0,7,7,1,1,3,2,0,0,0,6,3,3,0,7,0,1,1
533764363,2,533764364,,8,3,5,*,*,*,*,*,*,*,*,*,*,*,*,*,*,*,*,*,*,*,*,*,*,*,*,*,*,*,*,*,*,4,4,*,*,*,*,*,*,*,*,*,*,*,*,*,*,*
533764364,1,,533764363,2,1,1,1,0,1,9,4,5,6,3,3,9,4,5,9,4,5,3,1,2,1,0,1,0,0,0,0,0,0,0,0,0,1,1,1,3,1,0,0,0,0,4,4,0,0,2,0,1,1
533764374,2,533764472,,4,2,2,*,*,*,*,*,*,*,*,*,*,*,*,*,*,*,*,*,*,*,*,*,*,*,*,*,*,*,*,*,*,2,2,*,*,*,*,*,*,*,*,*,*,*,*,*,*,*
533764381,1,,533764382;533764494,20,9,11,5,1,4,27,13,14,8,4,4,27,13,14,27,13,14,19,9,10,7,3,4,1,0,1,0,0,0,0,0,0,9,9,3,7,3,0,0,1,0,11,10,1,2,11,0,2,6
533764382,2,533764381,,10,4,6,*,*,*,*,*,*,*,*,*,*,*,*,*,*,*,*,*,*,*,*,*,*,*,*,*,*,*,*,*,*,3,3,*,*,*,*,*,*,*,*,*,*,*,*,*,*,*
533764443,2,533764454,,1,0,1,*,*,*,*,*,*,*,*,*,*,*,*,*,*,*,*,*,*,*,*,*,*,*,*,*,*,*,*,*,*,1,1,*,*,*,*,*,*,*,*,*,*,*,*,*,*,*
533764444,2,533764454,,2,1,1,*,*,*,*,*,*,*,*,*,*,*,*,*,*,*,*,*,*,*,*,*,*,*,*,*,*,*,*,*,*,1,1,*,*,*,*,*,*,*,*,*,*,*,*,*,*,*
533764451,2,533764454,,8,5,3,*,*,*,*,*,*,*,*,*,*,*,*,*,*,*,*,*,*,*,*,*,*,*,*,*,*,*,*,*,*,2,2,*,*,*,*,*,*,*,*,*,*,*,*,*,*,*
533764454,1,,533764443;533764444;533764451,14,9,5,0,0,0,25,15,10,16,10,6,25,15,10,25,15,10,9,5,4,7,3,4,2,1,1,0,0,0,0,0,0,6,6,3,2,3,1,1,0,0,7,4,3,0,7,0,2,1
533764472,1,,533764374,10,5,5,0,0,0,14,7,7,7,4,3,14,7,7,14,7,7,7,3,4,3,1,2,0,0,0,0,0,0,0,0,0,4,4,0,5,0,1,0,0,0,6,5,1,0,4,0,0,2
533764494,2,533764381,,2,1,1,*,*,*,*,*,*,*,*,*,*,*,*,*,*,*,*,*,*,*,*,*,*,*,*,*,*,*,*,*,*,2,2,*,*,*,*,*,*,*,*,*,*,*,*,*,*,*
533764572,0,,,15,8,7,0,0,0,15,8,7,8,4,4,15,8,7,15,8,7,7,4,3,6,3,3,5,3,2,1,0,1,0,0,0,6,6,1,3,0,2,0,0,0,5,3,2,0,5,0,1,0
533764574,0,,,16,8,8,0,0,0,16,8,8,9,4,5,15,7,8,15,7,8,7,4,3,2,0,2,1,0,1,0,0,0,1,0,1,6,6,1,1,3,1,0,0,0,5,4,1,0,5,0,1,1
533764581,0,,,14,8,6,1,0,1,13,8,5,6,5,1,13,8,5,13,8,5,7,3,4,3,1,2,0,0,0,0,0,0,0,0,0,7,7,3,2,1,1,0,0,0,4,4,0,0,5,0,2,1
533764592,0,,,9,5,4,0,0,0,9,5,4,2,1,1,9,5,4,9,5,4,7,4,3,4,2,2,2,2,0,0,0,0,0,0,0,4,4,0,3,1,0,0,0,0,4,4,0,0,4,0,0,3
533764671,2,533764673,,2,1,1,*,*,*,*,*,*,*,*,*,*,*,*,*,*,*,*,*,*,*,*,*,*,*,*,*,*,*,*,*,*,1,1,*,*,*,*,*,*,*,*,*,*,*,*,*,*,*
533764672,2,533764673,,3,0,3,*,*,*,*,*,*,*,*,*,*,*,*,*,*,*,*,*,*,*,*,*,*,*,*,*,*,*,*,*,*,3,3,*,*,*,*,*,*,*,*,*,*,*,*,*,*,*
533764673,1,,533764671;533764672,12,6,6,1,1,0,16,6,10,4,2,2,16,6,10,16,6,10,12,4,8,10,4,6,0,0,0,0,0,0,1,0,1,6,6,4,5,1,0,0,0,0,6,6,0,0,8,0,3,4
533764762,1,,533764764,12,7,5,2,1,1,17,10,7,9,4,5,16,10,6,16,10,6,8,6,2,3,2,1,0,0,0,0,0,0,1,0,1,5,5,3,0,4,1,0,0,0,5,4,1,1,6,0,2,0
533764764,2,533764762,,7,4,3,*,*,*,*,*,*,*,*,*,*,*,*,*,*,*,*,*,*,*,*,*,*,*,*,*,*,*,*,*,*,3,3,*,*,*,*,*,*,*,*,*,*,*,*,*,*,*
533764771,2,533764774,,5,3,2,*,*,*,*,*,*,*,*,*,*,*,*,*,*,*,*,*,*,*,*,*,*,*,*,*,*,*,*,*,*,4,4,*,*,*,*,*,*,*,*,*,*,*,*,*,*,*
533764774,1,,533764771,4,2,2,0,0,0,9,5,4,4,3,1,9,5,4,9,5,4,5,2,3,4,1,3,2,1,1,1,0,1,0,0,0,1,1,3,1,0,1,0,0,0,2,1,1,0,4,1,2,0
533764864,0,,,10,6,4,0,0,0,10,6,4,2,2,0,10,6,4,10,6,4,8,4,4,3,1,2,0,0,0,0,0,0,0,0,0,5,5,1,3,1,0,0,0,0,4,4,0,0,5,0,1,2
533764881,0,,,19,10,9,1,0,1,18,10,8,6,2,4,17,9,8,17,9,8,12,8,4,6,3,3,1,1,0,0,0,0,1,0,1,9,9,5,2,0,1,0,1,0,4,3,1,0,9,0,5,2
533764964,0,,,13,7,6,0,0,0,13,7,6,3,2,1,13,7,6,13,7,6,10,5,5,3,0,3,2,0,2,0,0,0,0,0,0,7,7,2,4,1,0,0,0,0,5,5,0,0,7,0,2,1
533764972,0,,,15,10,5,0,0,0,14,9,5,2,2,0,14,9,5,14,9,5,12,7,5,5,3,2,1,1,0,0,0,0,0,0,0,10,10,5,5,0,0,0,0,0,5,5,0,0,7,1,2,5
533765001,1,,533765002,15,6,9,6,3,3,19,8,11,8,3,5,18,7,11,18,7,11,11,5,6,4,3,1,0,0,0,0,0,0,0,0,0,6,6,1,3,1,1,1,1,0,7,4,3,2,7,0,1,3
533765002,2,533765001,,10,5,5,*,*,*,*,*,*,*,*,*,*,*,*,*,*,*,*,*,*,*,*,*,*,*,*,*,*,*,*,*,*,2,2,*,*,*,*,*,*,*,*,*,*,*,*,*,*,*
533765003,1,,533765114,154,79,75,33,15,18,125,66,59,73,39,34,122,65,57,121,65,56,52,27,25,25,10,15,13,4,9,1,0,1,2,0,2,66,66,21,24,8,9,6,0,0,47,44,3,11,39,0,16,9
533765041,1,,533765124,53,27,26,6,3,3,48,25,23,24,12,12,46,23,23,45,23,22,24,13,11,6,5,1,2,1,1,0,0,0,2,0,2,19,19,4,6,6,1,2,1,0,16,13,3,0,17,0,3,2
533765042,0,,,216,95,121,7,5,2,189,78,111,106,48,58,188,77,111,185,77,108,83,30,53,55,17,38,29,6,23,3,1,2,0,0,0,111,108,65,21,13,8,1,0,0,43,34,9,3,34,22,6,11
533765044,0,,,172,86,86,18,9,9,140,72,68,110,61,49,133,68,65,129,66,63,30,11,19,21,7,14,9,2,7,1,0,1,0,0,0,85,85,46,15,12,5,3,3,1,37,30,7,5,23,11,9,3
533765051,0,,,41,15,26,0,0,0,38,15,23,19,9,10,37,15,22,36,15,21,19,6,13,8,2,6,2,1,1,0,0,0,0,0,0,22,22,10,7,3,2,0,0,0,11,9,2,0,14,0,7,2
533765053,0,,,279,135,144,24,11,13,245,114,131,132,76,56,237,111,126,231,108,123,113,38,75,75,19,56,37,8,29,8,0,8,6,3,3,116,115,48,28,22,10,4,2,1,67,56,11,8,54,12,9,16
533765054,0,,,76,39,37,10,8,2,63,30,33,27,15,12,59,28,31,59,28,31,36,15,21,21,9,12,4,1,3,0,0,0,0,0,0,32,32,9,12,6,2,1,2,0,23,21,2,2,23,0,6,8
533765082,2,533765083,,2,1,1,*,*,*,*,*,*,*,*,*,*,*,*,*,*,*,*,*,*,*,*,*,*,*,*,*,*,*,*,*,*,1,1,*,*,*,*,*,*,*,*,*,*,*,*,*,*,*
533765083,1,,533765082;533765084,7,3,4,2,1,1,11,5,6,8,4,4,10,5,5,10,5,5,3,1,2,2,1,1,1,0,1,0,0,0,0,0,0,4,4,2,2,1,1,0,0,0,4,4,0,1,2,0,1,1
533765084,2,533765083,,4,2,2,*,*,*,*,*,*,*,*,*,*,*,*,*,*,*,*,*,*,*,*,*,*,*,*,*,*,*,*,*,*,1,1,*,*,*,*,*,*,*,*,*,*,*,*,*,*,*
533765093,0,,,17,8,9,0,0,0,17,8,9,8,4,4,17,8,9,17,8,9,9,4,5,5,2,3,4,1,3,1,0,1,0,0,0,5,5,0,2,1,0,2,0,0,5,3,2,0,4,0,0,2
533765101,0,,,94,47,47,8,3,5,86,44,42,49,29,20,85,43,42,84,43,41,37,15,22,14,4,10,6,2,4,0,0,0,2,0,2,45,45,17,14,8,5,1,0,0,27,22,5,2,25,3,7,8
533765103,0,,,17,7,10,2,1,1,15,6,9,5,1,4,15,6,9,15,6,9,10,5,5,4,2,2,1,0,1,1,0,1,0,0,0,6,6,1,2,1,1,1,0,0,5,3,2,0,5,0,0,2
533765114,2,533765003,,5,3,2,*,*,*,*,*,*,*,*,*,*,*,*,*,*,*,*,*,*,*,*,*,*,*,*,*,*,*,*,*,*,2,2,*,*,*,*,*,*,*,*,*,*,*,*,*,*,*
533765124,2,533765041,,1,1,0,*,*,*,*,*,*,*,*,*,*,*,*,*,*,*,*,*,*,*,*,*,*,*,*,*,*,*,*,*,*,1,1,*,*,*,*,*,*,*,*,*,*,*,*,*,*,*
533765151,0,,,558,270,288,49,21,28,501,244,257,315,166,149,486,233,253,479,229,250,186,78,108,105,33,72,34,11,23,4,1,3,5,0,5,281,278,120,87,37,26,5,2,1,156,136,20,12,133,13,51,28
533765152,0,,,302,143,159,35,23,12,267,120,147,155,72,83,255,116,139,250,115,135,112,48,64,64,30,34,22,14,8,0,0,0,7,1,6,134,133,47,42,21,14,7,1,1,86,71,15,10,71,11,17,27
533765153,0,,,180,88,92,8,4,4,163,77,86,105,50,55,159,76,83,149,75,74,58,27,31,38,16,22,15,7,8,2,1,1,3,0,3,89,88,45,27,6,6,3,1,0,41,37,4,1,40,6,15,14
533765154,0,,,598,299,299,61,32,29,534,265,269,289,168,121,508,244,264,501,239,262,245,97,148,151,54,97,52,15,37,4,1,3,3,1,2,290,288,127,87,38,23,10,2,1,160,135,25,19,170,19,62,42
533765161,0,,,37,15,22,7,2,5,30,13,17,16,7,9,28,12,16,28,12,16,14,6,8,10,4,6,3,2,1,0,0,0,1,1,0,15,15,4,6,1,3,0,1,0,11,8,3,1,9,0,3,2
533765163,0,,,90,51,39,5,2,3,82,46,36,48,27,21,80,45,35,80,45,35,34,19,15,16,9,7,4,2,2,0,0,0,2,1,1,54,54,30,16,5,2,1,0,0,24,23,1,2,23,10,7,8
533765164,0,,,88,42,46,5,3,2,82,38,44,46,24,22,80,37,43,78,35,43,36,14,22,21,6,15,12,2,10,0,0,0,0,0,0,42,42,13,18,6,4,1,0,0,29,25,4,1,26,3,7,9
533765171,0,,,34,19,15,0,0,0,34,19,15,19,12,7,34,19,15,34,19,15,15,7,8,8,4,4,3,2,1,0,0,0,2,1,1,16,16,3,9,3,1,0,0,0,12,12,0,0,10,0,3,2
533765172,0,,,21,9,12,0,0,0,21,9,12,8,4,4,21,9,12,21,9,12,13,5,8,10,5,5,3,3,0,0,0,0,4,1,3,9,9,1,5,2,1,0,0,0,8,8,0,0,8,0,1,3
533765173,0,,,104,50,54,14,6,8,90,44,46,68,33,35,86,41,45,84,40,44,22,11,11,16,7,9,5,4,1,0,0,0,2,0,2,55,55,30,14,2,5,4,0,0,25,24,1,4,16,4,6,5
533765174,0,,,15,7,8,4,2,2,11,5,6,9,5,4,11,5,6,11,5,6,2,0,2,0,0,0,0,0,0,0,0,0,0,0,0,5,4,1,0,2,1,0,0,0,3,3,0,3,0,0,0,0
533765182,1,,533765183,11,6,5,3,2,1,13,7,6,6,3,3,13,7,6,13,7,6,7,4,3,3,2,1,2,1,1,0,0,0,0,0,0,4,4,0,3,0,0,2,0,0,5,4,1,1,3,0,0,2
533765183,2,533765182,,5,3,2,*,*,*,*,*,*,*,*,*,*,*,*,*,*,*,*,*,*,*,*,*,*,*,*,*,*,*,*,*,*,1,1,*,*,*,*,*,*,*,*,*,*,*,*,*,*,*
533765191,0,,,25,11,14,2,0,2,23,11,12,13,7,6,21,10,11,19,9,10,10,4,6,5,2,3,1,0,1,0,0,0,0,0,0,11,11,3,5,1,1,1,0,0,8,8,0,1,7,0,3,3
533765192,1,,533765194,23,13,10,1,1,0,33,17,16,17,9,8,33,17,16,33,17,16,16,8,8,9,5,4,2,1,1,0,0,0,0,0,0,10,10,2,4,5,1,1,0,0,10,8,2,1,9,0,1,2
533765194,2,533765192,,11,5,6,*,*,*,*,*,*,*,*,*,*,*,*,*,*,*,*,*,*,*,*,*,*,*,*,*,*,*,*,*,*,3,3,*,*,*,*,*,*,*,*,*,*,*,*,*,*,*
533765201,1,,533765203;533765204,5,2,3,0,0,0,14,5,9,5,1,4,14,5,9,14,5,9,9,4,5,7,3,4,4,2,2,0,0,0,0,0,0,2,2,2,2,0,2,0,0,0,4,2,2,0,6,0,2,1
533765203,2,533765201,,1,1,0,*,*,*,*,*,*,*,*,*,*,*,*,*,*,*,*,*,*,*,*,*,*,*,*,*,*,*,*,*,*,1,1,*,*,*,*,*,*,*,*,*,*,*,*,*,*,*
533765204,2,533765201,,8,2,6,*,*,*,*,*,*,*,*,*,*,*,*,*,*,*,*,*,*,*,*,*,*,*,*,*,*,*,*,*,*,3,3,*,*,*,*,*,*,*,*,*,*,*,*,*,*,*
533765252,1,,533765254,157,72,85,11,2,9,150,71,79,85,42,43,143,67,76,141,67,74,65,29,36,41,20,21,14,6,8,2,1,1,3,0,3,74,74,27,28,7,11,3,0,0,49,42,7,3,40,6,11,18
533765254,2,533765252,,6,2,4,*,*,*,*,*,*,*,*,*,*,*,*,*,*,*,*,*,*,*,*,*,*,*,*,*,*,*,*,*,*,2,2,*,*,*,*,*,*,*,*,*,*,*,*,*,*,*
533765261,0,,,542,246,296,58,36,22,463,199,264,225,115,110,456,195,261,438,189,249,238,84,154,159,51,108,71,23,48,9,2,7,10,1,9,261,259,113,79,33,23,10,1,0,141,126,15,15,164,5,72,42
533765262,0,,,43,25,18,3,0,3,38,23,15,27,17,10,37,22,15,37,22,15,11,6,5,7,3,4,4,2,2,0,0,0,2,1,1,24,24,13,7,2,1,0,1,0,10,9,1,0,9,0,4,1
533765263,0,,,63,50,13,5,3,2,58,47,11,49,42,7,57,47,10,35,25,10,9,5,4,4,2,2,0,0,0,0,0,0,0,0,0,16,15,8,4,1,1,0,0,1,7,5,2,1,7,1,4,1
533765264,0,,,155,88,67,12,5,7,143,83,60,96,63,33,140,80,60,138,79,59,47,20,27,33,15,18,13,5,8,0,0,0,1,1,0,91,91,54,22,9,3,0,3,0,37,33,4,3,33,14,14,12
533765273,0,,,51,27,24,5,3,2,46,24,22,22,14,8,45,23,22,43,21,22,24,10,14,7,3,4,2,0,2,0,0,0,0,0,0,16,16,0,6,5,2,2,1,0,16,11,5,1,13,0,0,4
533765292,0,,,19,11,8,1,0,1,18,11,7,11,7,4,18,11,7,17,10,7,7,4,3,4,2,2,0,0,0,0,0,0,0,0,0,10,9,2,5,2,0,0,0,0,7,7,0,0,5,0,1,1
533765294,0,,,16,8,8,3,2,1,13,6,7,10,4,6,12,6,6,12,6,6,3,2,1,0,0,0,0,0,0,0,0,0,0,0,0,7,7,2,3,0,2,0,0,0,5,5,0,0,2,0,1,1
533765302,0,,,12,8,4,0,0,0,12,8,4,6,5,1,12,8,4,12,8,4,6,3,3,3,2,1,0,0,0,0,0,0,0,0,0,5,5,1,1,3,0,0,0,0,4,4,0,0,4,0,0,1
533765303,0,,,15,7,8,2,1,1,13,6,7,6,2,4,12,5,7,12,5,7,7,4,3,4,2,2,1,0,1,0,0,0,0,0,0,5,5,1,2,1,0,0,0,1,4,2,2,0,5,0,1,1
533765304,0,,,25,13,12,0,0,0,25,13,12,13,6,7,25,13,12,24,13,11,12,7,5,2,1,1,1,0,1,0,0,0,0,0,0,9,9,1,3,2,3,0,0,0,8,7,1,0,7,0,0,2
533765344,0,,,82,37,45,13,4,9,69,33,36,51,25,26,65,31,34,64,31,33,18,8,10,12,4,8,6,1,5,0,0,0,2,1,1,29,29,2,10,9,7,1,0,0,27,23,4,3,11,0,1,1
533765352,0,,,15,7,8,0,0,0,15,7,8,7,3,4,15,7,8,15,7,8,8,4,4,5,2,3,5,2,3,0,0,0,0,0,0,6,6,2,3,0,0,0,0,1,4,3,1,0,4,0,0,2
533765361,0,,,151,69,82,12,5,7,139,64,75,79,41,38,136,62,74,128,61,67,60,23,37,31,10,21,5,0,5,1,0,1,4,1,3,65,62,27,16,10,4,4,0,1,35,29,6,1,40,1,15,6
533765362,0,,,40,23,17,3,1,2,37,22,15,20,11,9,36,21,15,34,21,13,17,11,6,6,4,2,0,0,0,0,0,0,0,0,0,20,20,8,7,3,1,1,0,0,12,11,1,0,12,1,4,4
533765371,0,,,239,110,129,31,18,13,206,91,115,118,52,66,201,90,111,195,87,108,88,39,49,41,16,25,15,8,7,1,0,1,2,0,2,103,103,33,35,16,12,4,2,1,70,59,11,8,56,6,7,18
533765372,0,,,227,114,113,27,20,7,197,93,104,112,58,54,190,89,101,189,89,100,85,35,50,38,16,22,10,4,6,0,0,0,3,0,3,98,98,27,38,18,8,5,1,1,70,59,11,5,56,3,14,19
533765373,2,533765374,,3,0,3,*,*,*,*,*,*,*,*,*,*,*,*,*,*,*,*,*,*,*,*,*,*,*,*,*,*,*,*,*,*,2,2,*,*,*,*,*,*,*,*,*,*,*,*,*,*,*
533765374,1,,533765373,64,33,31,6,2,4,61,31,30,44,22,22,58,28,30,56,26,30,17,9,8,6,3,3,3,1,2,0,0,0,0,0,0,31,31,14,8,7,4,0,0,0,19,18,1,3,13,2,6,3
533765381,0,,,22,11,11,0,0,0,22,11,11,10,6,4,22,11,11,22,11,11,12,5,7,3,1,2,2,0,2,0,0,0,0,0,0,9,9,2,2,4,1,0,0,0,7,5,2,0,8,0,2,1
533765383,0,,,115,60,55,11,8,3,104,52,52,49,25,24,104,52,52,104,52,52,55,27,28,34,16,18,15,8,7,0,0,0,4,0,4,45,45,8,15,13,7,2,0,0,36,30,6,2,39,0,8,8
533765384,0,,,74,34,40,7,4,3,67,30,37,32,16,16,67,30,37,67,30,37,35,14,21,16,4,12,6,2,4,0,0,0,0,0,0,33,33,12,9,7,3,1,1,0,21,17,4,1,24,0,9,7
533765391,0,,,36,23,13,4,4,0,29,17,12,11,7,4,29,17,12,29,17,12,18,10,8,12,6,6,3,2,1,1,1,0,0,0,0,14,14,3,4,3,4,0,0,0,10,8,2,2,11,0,3,4
533765392,0,,,148,67,81,17,10,7,131,57,74,81,36,45,126,57,69,125,56,69,50,21,29,29,10,19,8,2,6,0,0,0,1,0,1,58,58,12,22,13,5,4,1,1,46,38,8,6,32,0,7,12
533765393,0,,,199,98,101,18,12,6,169,81,88,83,43,40,167,79,88,165,78,87,86,38,48,35,12,23,11,3,8,1,0,1,2,1,1,88,88,23,37,15,10,1,2,0,62,55,7,4,54,2,12,19
533765394,0,,,67,35,32,4,3,1,62,31,31,38,21,17,58,28,30,57,28,29,24,10,14,8,3,5,2,0,2,0,0,0,1,1,0,26,26,5,10,6,1,4,0,0,20,14,6,1,15,0,1,6
533765401,0,,,16,6,10,1,0,1,15,6,9,8,3,5,13,6,7,13,6,7,7,3,4,3,1,2,2,0,2,0,0,0,1,0,1,5,5,0,0,4,1,0,0,0,5,2,3,0,4,0,0,0
533765403,2,533765404,,3,2,1,*,*,*,*,*,*,*,*,*,*,*,*,*,*,*,*,*,*,*,*,*,*,*,*,*,*,*,*,*,*,1,1,*,*,*,*,*,*,*,*,*,*,*,*,*,*,*
533765404,1,,533765403,12,7,5,0,0,0,15,9,6,2,2,0,15,9,6,15,9,6,13,7,6,6,3,3,1,0,1,0,0,0,0,0,0,6,6,2,2,3,0,0,0,0,5,4,1,0,7,0,2,2
533765441,1,,533765442;533765443,40,18,22,5,1,4,43,22,21,25,13,12,40,21,19,38,20,18,18,9,9,11,5,6,4,1,3,0,0,0,1,0,1,14,14,3,5,1,5,1,0,1,13,9,4,0,12,0,2,2
533765442,2,533765441,,4,3,1,*,*,*,*,*,*,*,*,*,*,*,*,*,*,*,*,*,*,*,*,*,*,*,*,*,*,*,*,*,*,1,1,*,*,*,*,*,*,*,*,*,*,*,*,*,*,*
533765443,2,533765441,,4,2,2,*,*,*,*,*,*,*,*,*,*,*,*,*,*,*,*,*,*,*,*,*,*,*,*,*,*,*,*,*,*,1,1,*,*,*,*,*,*,*,*,*,*,*,*,*,*,*
533765472,0,,,29,13,16,3,1,2,26,12,14,17,9,8,26,12,14,25,11,14,9,3,6,8,3,5,1,0,1,0,0,0,0,0,0,11,11,2,3,4,1,1,0,0,9,8,1,1,6,0,2,1
533765481,0,,,10,4,6,0,0,0,10,4,6,3,1,2,9,4,5,9,4,5,7,3,4,6,3,3,0,0,0,0,0,0,0,0,0,5,5,1,3,1,0,0,0,0,4,3,1,0,4,0,1,2
533765482,0,,,118,59,59,15,8,7,103,51,52,53,27,26,98,47,51,97,47,50,50,24,26,23,9,14,6,1,5,2,0,2,1,1,0,48,48,8,24,6,7,2,1,0,40,33,7,4,32,0,7,13
533765483,0,,,18,7,11,4,1,3,14,6,8,7,3,4,14,6,8,14,6,8,7,3,4,1,1,0,0,0,0,0,0,0,0,0,0,6,6,0,3,2,0,0,1,0,6,5,1,1,4,0,0,2
533765491,0,,,174,89,85,15,7,8,156,79,77,78,43,35,154,79,75,151,76,75,78,36,42,34,13,21,10,5,5,0,0,0,0,0,0,80,80,24,31,14,9,2,0,0,56,52,4,5,49,2,11,19
533765493,0,,,20,8,12,1,0,1,19,8,11,15,7,8,19,8,11,18,8,10,4,1,3,2,0,2,0,0,0,0,0,0,0,0,0,7,7,1,3,0,2,1,0,0,6,4,2,0,4,0,1,1
533765494,0,,,101,51,50,6,5,1,95,46,49,35,21,14,95,46,49,95,46,49,60,25,35,46,19,27,9,5,4,1,0,1,0,0,0,45,45,13,19,5,5,3,0,0,32,22,10,1,38,0,9,13
533765532,0,,,11,5,6,3,1,2,8,4,4,5,3,2,8,4,4,8,4,4,3,1,2,2,0,2,2,0,2,0,0,0,0,0,0,4,4,0,3,0,0,1,0,0,4,4,0,1,2,0,0,0
533765534,0,,,23,11,12,0,0,0,23,11,12,11,4,7,23,11,12,23,11,12,12,7,5,2,1,1,0,0,0,0,0,0,1,0,1,10,10,2,4,3,1,0,0,0,8,8,0,0,7,0,0,3
533765541,0,,,28,15,13,5,4,1,23,11,12,19,9,10,22,11,11,20,10,10,4,2,2,3,2,1,0,0,0,0,0,0,0,0,0,9,9,0,4,3,1,0,0,1,9,8,1,2,2,0,0,1
533765543,0,,,26,13,13,8,3,5,18,10,8,5,3,2,17,9,8,17,9,8,13,7,6,4,2,2,1,0,1,0,0,0,0,0,0,9,9,3,4,0,0,0,0,2,6,5,1,2,8,0,3,4
533765581,2,533765584,,5,2,3,*,*,*,*,*,*,*,*,*,*,*,*,*,*,*,*,*,*,*,*,*,*,*,*,*,*,*,*,*,*,1,1,*,*,*,*,*,*,*,*,*,*,*,*,*,*,*
533765582,2,533765584,,2,1,1,*,*,*,*,*,*,*,*,*,*,*,*,*,*,*,*,*,*,*,*,*,*,*,*,*,*,*,*,*,*,1,1,*,*,*,*,*,*,*,*,*,*,*,*,*,*,*
533765584,1,,533765581;533765582,13,5,8,2,1,1,18,7,11,9,2,7,17,7,10,17,7,10,9,5,4,3,1,2,1,0,1,0,0,0,0,0,0,4,4,0,3,0,1,2,0,0,6,3,3,0,5,0,0,0
533765631,0,,,17,10,7,0,0,0,17,10,7,6,4,2,16,9,7,16,9,7,11,6,5,6,3,3,2,1,1,1,1,0,0,0,0,7,7,1,3,2,1,0,0,0,6,5,1,0,7,0,1,1
533765632,1,,533765722,13,5,8,0,0,0,22,8,14,10,4,6,22,8,14,22,8,14,12,4,8,8,1,7,3,0,3,1,0,1,0,0,0,4,4,2,1,3,1,1,0,0,6,2,4,0,7,0,2,1
533765641,0,,,24,11,13,2,2,0,22,9,13,12,6,6,20,8,12,20,8,12,10,3,7,3,0,3,1,0,1,0,0,0,0,0,0,10,10,3,3,1,3,0,0,0,7,3,4,0,7,1,1,3
533765643,0,,,17,8,9,2,1,1,15,7,8,4,2,2,15,7,8,15,7,8,11,5,6,6,3,3,1,1,0,0,0,0,0,0,0,8,8,2,4,1,1,0,0,0,6,5,1,0,7,0,1,3
533765682,2,533765684,,8,3,5,*,*,*,*,*,*,*,*,*,*,*,*,*,*,*,*,*,*,*,*,*,*,*,*,*,*,*,*,*,*,2,2,*,*,*,*,*,*,*,*,*,*,*,*,*,*,*
533765684,1,,533765682,12,7,5,2,1,1,18,9,9,9,4,5,18,9,9,18,9,9,9,5,4,6,3,3,1,1,0,0,0,0,1,0,1,5,5,0,4,2,0,0,1,0,7,5,2,2,6,0,0,4
533765722,2,533765632,,9,3,6,*,*,*,*,*,*,*,*,*,*,*,*,*,*,*,*,*,*,*,*,*,*,*,*,*,*,*,*,*,*,4,4,*,*,*,*,*,*,*,*,*,*,*,*,*,*,*
533765741,1,,533765744,10,4,6,0,0,0,11,4,7,4,2,2,11,4,7,10,4,6,7,2,5,6,2,4,0,0,0,0,0,0,0,0,0,5,5,2,3,1,0,0,0,0,4,3,1,0,5,0,2,2
533765743,0,,,12,8,4,0,0,0,12,8,4,6,5,1,12,8,4,11,7,4,6,3,3,3,2,1,0,0,0,0,0,0,0,0,0,5,5,1,1,3,0,0,0,0,4,4,0,0,3,0,0,1
533765744,2,533765741,,1,0,1,*,*,*,*,*,*,*,*,*,*,*,*,*,*,*,*,*,*,*,*,*,*,*,*,*,*,*,*,*,*,1,1,*,*,*,*,*,*,*,*,*,*,*,*,*,*,*
533765782,2,533765784,,3,2,1,*,*,*,*,*,*,*,*,*,*,*,*,*,*,*,*,*,*,*,*,*,*,*,*,*,*,*,*,*,*,1,1,*,*,*,*,*,*,*,*,*,*,*,*,*,*,*
533765784,1,,533765782;533765882;533765974,8,5,3,0,0,0,13,8,5,7,4,3,13,8,5,13,8,5,6,4,2,2,1,1,1,1,0,0,0,0,0,0,0,4,4,1,5,1,0,0,0,0,6,5,1,0,3,0,0,1
533765801,2,533765822,,6,4,2,*,*,*,*,*,*,*,*,*,*,*,*,*,*,*,*,*,*,*,*,*,*,*,*,*,*,*,*,*,*,1,1,*,*,*,*,*,*,*,*,*,*,*,*,*,*,*
533765802,2,533765822,,2,1,1,*,*,*,*,*,*,*,*,*,*,*,*,*,*,*,*,*,*,*,*,*,*,*,*,*,*,*,*,*,*,1,1,*,*,*,*,*,*,*,*,*,*,*,*,*,*,*
533765822,1,,533765801;533765802,3,1,2,0,0,0,11,6,5,7,5,2,11,6,5,11,6,5,4,1,3,4,1,3,1,0,1,0,0,0,1,0,1,2,2,1,2,0,0,0,1,0,3,2,1,0,3,0,1,0
533765842,0,,,64,35,29,9,8,1,55,27,28,31,16,15,52,25,27,51,25,26,24,11,13,13,5,8,4,1,3,0,0,0,0,0,0,19,19,2,4,5,6,1,0,1,17,11,6,2,13,0,0,3
533765843,2,533765844,,3,2,1,*,*,*,*,*,*,*,*,*,*,*,*,*,*,*,*,*,*,*,*,*,*,*,*,*,*,*,*,*,*,2,2,*,*,*,*,*,*,*,*,*,*,*,*,*,*,*
533765844,1,,533765843,32,17,15,3,2,1,32,17,15,12,8,4,32,17,15,32,17,15,20,9,11,7,3,4,3,1,2,0,0,0,0,0,0,14,14,4,5,7,0,0,0,0,12,11,1,0,13,0,4,3
533765882,2,533765784,,2,1,1,*,*,*,*,*,*,*,*,*,*,*,*,*,*,*,*,*,*,*,*,*,*,*,*,*,*,*,*,*,*,1,1,*,*,*,*,*,*,*,*,*,*,*,*,*,*,*
533765941,0,,,12,7,5,0,0,0,12,7,5,10,6,4,12,7,5,12,7,5,2,1,1,0,0,0,0,0,0,0,0,0,0,0,0,5,5,2,1,0,2,0,0,0,3,3,0,0,2,0,1,0
533765943,0,,,16,6,10,4,0,4,12,6,6,7,4,3,11,5,6,11,5,6,5,2,3,0,0,0,0,0,0,0,0,0,0,0,0,4,4,0,1,1,1,0,0,1,4,2,2,1,3,0,0,1
533765951,0,,,12,6,6,0,0,0,12,6,6,5,4,1,12,6,6,12,6,6,7,2,5,3,0,3,1,0,1,0,0,0,0,0,0,6,6,4,0,0,2,0,0,0,2,1,1,0,5,0,3,0
533765974,2,533765784,,1,0,1,*,*,*,*,*,*,*,*,*,*,*,*,*,*,*,*,*,*,*,*,*,*,*,*,*,*,*,*,*,*,1,1,*,*,*,*,*,*,*,*,*,*,*,*,*,*,*
533766002,0,,,27,15,12,2,1,1,25,14,11,12,9,3,25,14,11,24,13,11,13,5,8,4,0,4,1,0,1,0,0,0,0,0,0,13,13,5,6,1,0,0,0,1,8,7,1,0,10,0,4,2
533766004,0,,,20,8,12,2,0,2,18,8,10,11,4,7,17,8,9,15,7,8,7,4,3,3,1,2,1,1,0,0,0,0,0,0,0,7,7,3,1,0,1,1,1,0,4,2,2,0,4,0,1,1
533766013,1,,533766014,18,6,12,4,3,1,23,8,15,12,5,7,23,8,15,23,8,15,11,3,8,5,0,5,4,0,4,2,0,2,0,0,0,7,7,4,2,1,4,0,0,0,7,5,2,2,8,0,3,1
533766014,2,533766013,,9,5,4,*,*,*,*,*,*,*,*,*,*,*,*,*,*,*,*,*,*,*,*,*,*,*,*,*,*,*,*,*,*,4,4,*,*,*,*,*,*,*,*,*,*,*,*,*,*,*
533766101,2,533766102,,11,5,6,*,*,*,*,*,*,*,*,*,*,*,*,*,*,*,*,*,*,*,*,*,*,*,*,*,*,*,*,*,*,3,3,*,*,*,*,*,*,*,*,*,*,*,*,*,*,*
533766102,1,,533766101,30,14,16,4,4,0,37,15,22,21,9,12,36,14,22,35,13,22,16,6,10,6,1,5,1,0,1,0,0,0,0,0,0,15,15,7,6,1,2,1,1,0,11,8,3,0,12,0,5,2
533766103,0,,,41,15,26,0,0,0,41,15,26,13,8,5,40,14,26,40,14,26,28,7,21,19,2,17,14,2,12,5,0,5,0,0,0,14,13,4,8,1,0,0,0,0,9,9,0,0,7,0,1,4
533766104,1,,533766211,21,10,11,2,0,2,28,14,14,15,8,7,28,14,14,28,14,14,13,6,7,6,4,2,2,1,1,0,0,0,0,0,0,13,13,6,8,1,0,1,0,0,10,9,1,1,8,0,3,5
533766111,1,,533766112;533766113,11,5,6,1,1,0,20,8,12,4,2,2,20,8,12,20,8,12,16,6,10,9,3,6,5,2,3,0,0,0,1,1,0,6,6,4,7,1,0,0,0,0,8,8,0,0,10,0,4,6
533766112,2,533766111,,3,1,2,*,*,*,*,*,*,*,*,*,*,*,*,*,*,*,*,*,*,*,*,*,*,*,*,*,*,*,*,*,*,2,2,*,*,*,*,*,*,*,*,*,*,*,*,*,*,*
533766113,2,533766111,,7,3,4,*,*,*,*,*,*,*,*,*,*,*,*,*,*,*,*,*,*,*,*,*,*,*,*,*,*,*,*,*,*,4,4,*,*,*,*,*,*,*,*,*,*,*,*,*,*,*
533766201,2,533766202,,4,2,2,*,*,*,*,*,*,*,*,*,*,*,*,*,*,*,*,*,*,*,*,*,*,*,*,*,*,*,*,*,*,2,2,*,*,*,*,*,*,*,*,*,*,*,*,*,*,*
533766202,1,,533766201,20,10,10,1,1,0,21,9,12,16,6,10,21,9,12,21,9,12,5,3,2,3,1,2,1,0,1,0,0,0,0,0,0,12,12,6,6,2,0,0,0,0,8,7,1,0,3,1,0,2
533766211,2,533766104,,9,4,5,*,*,*,*,*,*,*,*,*,*,*,*,*,*,*,*,*,*,*,*,*,*,*,*,*,*,*,*,*,*,3,3,*,*,*,*,*,*,*,*,*,*,*,*,*,*,*
533766301,1,,533766303,68,36,32,7,3,4,65,35,30,37,22,15,63,34,29,61,32,29,28,13,15,13,6,7,4,1,3,1,0,1,0,0,0,25,25,1,13,6,6,1,0,0,25,20,5,1,16,0,1,5
533766303,2,533766301,,6,4,2,*,*,*,*,*,*,*,*,*,*,*,*,*,*,*,*,*,*,*,*,*,*,*,*,*,*,*,*,*,*,2,2,*,*,*,*,*,*,*,*,*,*,*,*,*,*,*
533766403,0,,,18,11,7,0,0,0,18,11,7,11,7,4,18,11,7,14,8,6,7,4,3,3,2,1,0,0,0,0,0,0,0,0,0,5,5,0,2,1,0,1,1,0,5,4,1,0,4,0,0,2
533766501,1,,533766502,126,63,63,11,7,4,117,56,61,85,43,42,107,51,56,106,51,55,32,13,19,19,8,11,4,2,2,0,0,0,3,1,2,47,47,10,17,10,6,5,1,0,39,32,7,1,20,0,2,9
533766502,2,533766501,,3,1,2,*,*,*,*,*,*,*,*,*,*,*,*,*,*,*,*,*,*,*,*,*,*,*,*,*,*,*,*,*,*,2,2,*,*,*,*,*,*,*,*,*,*,*,*,*,*,*
533766503,0,,,48,23,25,4,3,1,43,19,24,27,14,13,41,18,23,40,17,23,16,5,11,13,4,9,4,1,3,0,0,0,3,2,1,18,18,5,6,4,0,0,2,1,13,9,4,0,11,0,2,4
533766504,0,,,77,40,37,12,10,2,65,30,35,43,20,23,63,28,35,61,27,34,22,10,12,11,4,7,2,2,0,0,0,0,0,0,0,31,31,7,12,6,4,0,2,0,24,21,3,2,17,0,4,5
533766523,1,,533766524,14,6,8,0,0,0,16,7,9,6,2,4,16,7,9,16,7,9,10,5,5,5,2,3,1,0,1,0,0,0,0,0,0,9,9,5,4,1,0,0,0,0,5,4,1,0,8,0,4,1
533766524,2,533766523,,2,1,1,*,*,*,*,*,*,*,*,*,*,*,*,*,*,*,*,*,*,*,*,*,*,*,*,*,*,*,*,*,*,1,1,*,*,*,*,*,*,*,*,*,*,*,*,*,*,*
533766571,2,533766951,,5,4,1,*,*,*,*,*,*,*,*,*,*,*,*,*,*,*,*,*,*,*,*,*,*,*,*,*,*,*,*,*,*,2,2,*,*,*,*,*,*,*,*,*,*,*,*,*,*,*
533766602,0,,,247,111,136,18,7,11,228,103,125,107,56,51,221,99,122,219,98,121,121,47,74,81,24,57,44,9,35,5,0,5,4,0,4,111,110,37,47,13,6,7,0,0,73,62,11,1,73,4,26,19
533766604,0,,,118,57,61,7,4,3,108,51,57,63,33,30,105,50,55,104,49,55,45,18,27,22,5,17,11,2,9,1,1,0,0,0,0,51,51,13,22,8,3,5,0,0,37,29,8,1,32,0,9,9
533766613,0,,,91,45,46,25,12,13,65,33,32,45,24,21,63,32,31,63,32,31,20,9,11,13,6,7,2,2,0,0,0,0,0,0,0,34,34,7,11,4,10,2,0,0,26,25,1,5,14,0,4,4
533766702,2,533766711,,7,5,2,*,*,*,*,*,*,*,*,*,*,*,*,*,*,*,*,*,*,*,*,*,*,*,*,*,*,*,*,*,*,2,2,*,*,*,*,*,*,*,*,*,*,*,*,*,*,*
533766711,1,,533766702;533766714,91,44,47,7,5,2,93,45,48,44,22,22,91,44,47,90,44,46,49,23,26,30,15,15,6,3,3,0,0,0,2,0,2,39,39,6,22,8,4,2,0,0,35,31,4,2,30,0,2,12
533766713,0,,,55,21,34,6,1,5,49,20,29,24,11,13,49,20,29,48,20,28,25,9,16,15,4,11,6,1,5,0,0,0,0,0,0,22,22,6,7,5,1,2,1,0,16,12,4,2,17,0,5,2
533766714,2,533766711,,2,1,1,*,*,*,*,*,*,*,*,*,*,*,*,*,*,*,*,*,*,*,*,*,*,*,*,*,*,*,*,*,*,1,1,*,*,*,*,*,*,*,*,*,*,*,*,*,*,*
533766722,0,,,21,11,10,0,0,0,21,11,10,10,7,3,19,10,9,18,10,8,11,4,7,7,2,5,3,1,2,0,0,0,0,0,0,8,8,2,3,0,2,1,0,0,6,4,2,0,8,0,2,1
533766723,0,,,8,4,4,0,0,0,8,4,4,2,1,1,8,4,4,8,4,4,6,3,3,4,3,1,1,0,1,1,0,1,0,0,0,4,4,0,4,0,0,0,0,0,4,4,0,0,4,0,0,2
533766814,2,533766912,,4,2,2,*,*,*,*,*,*,*,*,*,*,*,*,*,*,*,*,*,*,*,*,*,*,*,*,*,*,*,*,*,*,2,2,*,*,*,*,*,*,*,*,*,*,*,*,*,*,*
533766853,2,533766951,,4,3,1,*,*,*,*,*,*,*,*,*,*,*,*,*,*,*,*,*,*,*,*,*,*,*,*,*,*,*,*,*,*,3,3,*,*,*,*,*,*,*,*,*,*,*,*,*,*,*
533766912,1,,533766814,39,19,20,1,1,0,42,20,22,23,12,11,42,20,22,42,20,22,19,8,11,17,7,10,7,4,3,1,0,1,0,0,0,13,13,2,4,5,3,0,1,0,13,7,6,0,12,0,2,3
533766913,2,533766914,,1,0,1,*,*,*,*,*,*,*,*,*,*,*,*,*,*,*,*,*,*,*,*,*,*,*,*,*,*,*,*,*,*,1,1,*,*,*,*,*,*,*,*,*,*,*,*,*,*,*
533766914,1,,533766913,30,15,15,2,0,2,29,15,14,10,5,5,29,15,14,29,15,14,19,10,9,8,4,4,2,1,1,1,1,0,0,0,0,14,14,5,6,3,0,1,0,0,10,9,1,2,12,0,5,4
533766932,2,533766933,,9,4,5,*,*,*,*,*,*,*,*,*,*,*,*,*,*,*,*,*,*,*,*,*,*,*,*,*,*,*,*,*,*,3,3,*,*,*,*,*,*,*,*,*,*,*,*,*,*,*
533766933,1,,533766932,5,2,3,0,0,0,14,6,8,5,1,4,14,6,8,14,6,8,9,5,4,7,3,4,1,0,1,0,0,0,0,0,0,2,2,1,1,1,2,0,0,0,4,1,3,0,5,0,1,1
533766951,1,,533766571;533766853,8,4,4,0,0,0,17,11,6,9,7,2,16,11,5,15,10,5,8,4,4,6,3,3,2,1,1,0,0,0,0,0,0,2,2,3,2,0,1,0,1,0,4,3,1,0,5,0,1,1
533767002,0,,,19,10,9,0,0,0,19,10,9,9,6,3,19,10,9,19,10,9,10,4,6,7,2,5,5,2,3,1,0,1,0,0,0,7,7,1,3,1,1,1,0,0,6,5,1,0,6,0,1,2
533767012,0,,,9,4,5,0,0,0,9,4,5,4,1,3,9,4,5,9,4,5,5,3,2,2,1,1,0,0,0,0,0,0,0,0,0,4,4,1,1,2,0,0,0,0,3,3,0,0,4,0,1,1
533767021,0,,,24,13,11,3,2,1,21,11,10,12,7,5,21,11,10,21,11,10,9,4,5,5,2,3,1,1,0,0,0,0,0,0,0,6,6,0,2,1,1,0,1,1,6,3,3,1,5,0,0,1
533767022,0,,,44,19,25,7,4,3,37,15,22,22,10,12,36,14,22,36,14,22,15,5,10,11,3,8,6,2,4,1,0,1,1,0,1,12,12,3,0,4,2,0,1,2,9,2,7,3,11,0,3,0
533767023,0,,,13,9,4,2,2,0,11,7,4,5,3,2,11,7,4,11,7,4,6,4,2,2,1,1,2,1,1,0,0,0,0,0,0,4,4,2,0,1,0,0,0,1,2,0,2,1,4,0,2,0
533767024,0,,,17,9,8,5,3,2,12,6,6,7,4,3,12,6,6,12,6,6,5,2,3,2,1,1,1,0,1,1,0,1,0,0,0,7,7,4,0,0,2,1,0,0,3,2,1,0,3,0,2,0
533767031,2,533767032,,2,1,1,*,*,*,*,*,*,*,*,*,*,*,*,*,*,*,*,*,*,*,*,*,*,*,*,*,*,*,*,*,*,1,1,*,*,*,*,*,*,*,*,*,*,*,*,*,*,*
533767032,1,,533767031,55,20,35,7,0,7,50,21,29,33,14,19,45,19,26,44,18,26,17,7,10,9,3,6,4,0,4,0,0,0,0,0,0,19,19,3,9,3,1,2,1,1,16,13,3,2,13,0,2,2
533767033,1,,533767034,20,9,11,0,0,0,25,12,13,13,5,8,25,12,13,25,12,13,12,7,5,5,3,2,1,1,0,0,0,0,0,0,0,9,9,2,6,1,2,0,0,0,9,8,1,0,8,0,2,2
533767034,2,533767033,,5,3,2,*,*,*,*,*,*,*,*,*,*,*,*,*,*,*,*,*,*,*,*,*,*,*,*,*,*,*,*,*,*,2,2,*,*,*,*,*,*,*,*,*,*,*,*,*,*,*
533767041,2,533767043,,7,5,2,*,*,*,*,*,*,*,*,*,*,*,*,*,*,*,*,*,*,*,*,*,*,*,*,*,*,*,*,*,*,3,3,*,*,*,*,*,*,*,*,*,*,*,*,*,*,*
533767042,0,,,42,22,20,6,4,2,36,18,18,28,13,15,35,17,18,33,17,16,8,5,3,3,2,1,1,1,0,0,0,0,0,0,0,14,14,3,2,2,6,1,0,0,11,11,0,0,5,0,2,2
533767043,1,,533767041,18,9,9,4,2,2,21,12,9,15,8,7,21,12,9,20,11,9,6,4,2,1,1,0,1,1,0,0,0,0,2,0,2,5,5,1,3,0,2,2,0,0,6,5,1,1,4,0,0,1
533767044,0,,,81,36,45,4,1,3,77,35,42,54,27,27,70,34,36,67,32,35,23,8,15,19,6,13,5,1,4,1,0,1,1,0,1,24,24,2,6,4,7,3,2,0,22,16,6,0,15,0,1,3
533767051,0,,,182,86,96,29,16,13,153,70,83,119,59,60,145,66,79,142,65,77,34,11,23,20,7,13,7,2,5,0,0,0,2,1,1,63,63,11,17,16,12,3,2,2,52,42,10,8,23,1,3,6
533767052,0,,,429,214,215,54,26,28,372,186,186,268,139,129,354,174,180,346,173,173,104,47,57,53,22,31,12,2,10,0,0,0,25,12,13,178,178,47,57,42,23,5,3,1,125,113,12,9,69,9,15,21
533767053,0,,,204,101,103,25,6,19,178,94,84,133,72,61,174,92,82,172,91,81,45,22,23,15,9,6,3,2,1,1,1,0,4,2,2,100,100,42,29,15,12,1,1,0,57,52,5,13,32,8,16,6
533767054,0,,,310,151,159,44,24,20,262,125,137,206,97,109,252,119,133,249,117,132,56,28,28,31,14,17,5,2,3,0,0,0,4,3,1,130,130,44,37,26,10,6,5,2,83,71,12,18,38,11,7,9
533767061,0,,,691,345,346,74,45,29,615,299,316,393,194,199,591,289,302,582,286,296,222,105,117,132,54,78,51,24,27,2,0,2,24,6,18,303,303,105,110,33,24,18,11,2,188,149,39,24,160,15,41,37
533767062,0,,,526,260,266,30,10,20,486,245,241,309,172,137,476,240,236,470,239,231,177,73,104,117,42,75,46,13,33,1,0,1,14,7,7,266,265,113,86,40,21,2,1,2,142,122,20,11,124,19,36,32
533767063,0,,,601,288,313,71,33,38,516,247,269,334,177,157,501,238,263,493,232,261,182,70,112,113,39,74,46,10,36,3,0,3,14,8,6,259,258,84,77,54,23,15,5,0,166,142,24,17,126,9,36,30
533767064,0,,,711,324,387,57,33,24,640,285,355,310,152,158,621,277,344,608,270,338,330,133,197,194,73,121,75,20,55,6,1,5,8,3,5,332,331,133,111,45,21,14,7,0,191,156,35,15,224,7,85,62
533767071,0,,,679,345,334,85,43,42,562,286,276,388,214,174,542,276,266,537,272,265,174,72,102,114,45,69,49,16,33,2,0,2,36,19,17,303,302,111,82,66,29,12,2,0,171,153,18,31,110,11,38,30
533767072,0,,,575,281,294,98,52,46,455,218,237,332,165,167,437,208,229,426,206,220,123,53,70,67,31,36,28,11,17,0,0,0,10,4,6,199,199,29,56,53,42,12,4,3,163,141,22,34,84,0,19,19
533767073,0,,,787,379,408,72,41,31,691,321,370,416,211,205,667,310,357,657,307,350,275,110,165,152,54,98,64,20,44,4,2,2,18,9,9,372,372,147,109,68,31,10,5,2,212,184,28,16,191,23,65,43
533767074,0,,,203,96,107,15,9,6,179,83,96,123,58,65,171,80,91,164,75,89,56,25,31,35,15,20,8,4,4,0,0,0,18,6,12,89,89,26,31,18,9,5,0,0,59,51,8,5,37,4,9,13
533767081,0,,,856,433,423,134,65,69,698,355,343,523,279,244,669,340,329,653,329,324,175,76,99,92,38,54,25,12,13,1,1,0,24,9,15,355,355,108,99,73,51,20,2,2,223,194,29,36,120,14,26,34
533767082,0,,,598,295,303,90,48,42,489,237,252,336,169,167,464,228,236,458,226,232,153,68,85,81,33,48,26,6,20,2,1,1,17,6,11,226,226,53,69,47,28,21,7,1,165,135,30,28,101,3,25,25
533767083,0,,,463,224,239,49,28,21,406,191,215,259,127,132,393,185,208,386,180,206,147,64,83,90,35,55,31,12,19,2,0,2,21,9,12,206,206,68,73,31,21,8,4,1,130,112,18,9,102,5,31,30
533767084,0,,,487,228,259,42,16,26,440,210,230,275,138,137,427,204,223,421,203,218,165,72,93,89,41,48,23,6,17,3,1,2,9,3,6,192,192,48,58,44,24,13,5,0,140,105,35,14,105,5,25,28
533767091,0,,,396,187,209,44,19,25,349,166,183,217,108,109,338,161,177,336,160,176,132,58,74,65,25,40,21,7,14,2,1,1,7,3,4,140,140,24,45,25,31,8,6,1,114,87,27,14,86,1,13,23
533767092,0,,,442,223,219,61,31,30,379,190,189,238,125,113,371,186,185,365,182,183,141,65,76,75,35,40,28,11,17,4,0,4,9,5,4,163,163,36,54,30,21,12,8,2,123,92,31,18,89,2,14,25
533767093,0,,,398,209,189,40,24,16,354,182,172,229,129,100,342,172,170,336,170,166,125,53,72,74,33,41,23,9,14,3,1,2,12,8,4,180,180,58,59,36,22,4,1,0,116,97,19,13,79,9,20,21
533767094,0,,,375,186,189,80,39,41,290,145,145,199,104,95,284,140,144,280,137,143,91,41,50,35,14,21,14,4,10,3,0,3,14,8,6,128,128,24,30,31,24,14,3,2,102,82,20,22,57,2,10,15
533767111,1,,533767112,11,4,7,2,0,2,14,6,8,5,2,3,14,6,8,14,6,8,9,4,5,5,2,3,1,0,1,0,0,0,0,0,0,4,4,2,0,2,2,0,0,0,4,3,1,0,5,0,2,0
533767112,2,533767111,,5,2,3,*,*,*,*,*,*,*,*,*,*,*,*,*,*,*,*,*,*,*,*,*,*,*,*,*,*,*,*,*,*,2,2,*,*,*,*,*,*,*,*,*,*,*,*,*,*,*
533767113,1,,533767114,36,18,18,0,0,0,42,21,21,24,14,10,40,20,20,39,19,20,18,7,11,9,3,6,5,2,3,0,0,0,0,0,0,15,15,3,8,3,2,0,1,0,13,11,2,0,12,0,1,3
533767114,2,533767113,,6,3,3,*,*,*,*,*,*,*,*,*,*,*,*,*,*,*,*,*,*,*,*,*,*,*,*,*,*,*,*,*,*,2,2,*,*,*,*,*,*,*,*,*,*,*,*,*,*,*
533767121,1,,533767123,57,28,29,7,6,1,53,24,29,40,18,22,44,21,23,43,20,23,13,6,7,5,3,2,1,0,1,0,0,0,4,2,2,20,20,3,7,3,6,2,0,0,18,17,1,2,8,0,1,4
533767122,0,,,21,13,8,3,2,1,18,11,7,9,6,3,18,11,7,18,11,7,9,5,4,2,2,0,0,0,0,0,0,0,1,0,1,11,11,4,5,1,1,0,0,0,7,7,0,2,6,0,3,3
533767123,2,533767121,,3,2,1,*,*,*,*,*,*,*,*,*,*,*,*,*,*,*,*,*,*,*,*,*,*,*,*,*,*,*,*,*,*,1,1,*,*,*,*,*,*,*,*,*,*,*,*,*,*,*
533767131,0,,,120,63,57,17,9,8,103,54,49,67,37,30,97,50,47,96,49,47,36,17,19,20,9,11,7,3,4,1,0,1,1,0,1,38,38,4,11,9,7,3,4,0,32,25,7,4,23,0,2,8
533767132,0,,,42,19,23,5,1,4,37,18,19,25,12,13,37,18,19,37,18,19,12,6,6,3,1,2,2,1,1,0,0,0,2,0,2,15,15,3,5,3,1,2,1,0,12,8,4,1,8,0,1,1
533767134,0,,,74,41,33,15,10,5,59,31,28,30,16,14,56,31,25,56,31,25,29,15,14,17,11,6,6,3,3,0,0,0,0,0,0,24,24,4,8,5,1,2,3,1,20,16,4,4,17,0,1,5
533767141,2,533767144,,4,3,1,*,*,*,*,*,*,*,*,*,*,*,*,*,*,*,*,*,*,*,*,*,*,*,*,*,*,*,*,*,*,1,1,*,*,*,*,*,*,*,*,*,*,*,*,*,*,*
533767143,0,,,10,6,4,0,0,0,10,6,4,1,1,0,10,6,4,10,6,4,9,5,4,7,4,3,0,0,0,0,0,0,0,0,0,6,6,3,2,1,0,0,0,0,3,3,0,0,6,0,3,2
533767144,1,,533767141,10,5,5,2,1,1,12,7,5,7,5,2,11,6,5,10,5,5,5,2,3,5,2,3,1,1,0,0,0,0,0,0,0,5,5,2,2,0,2,0,0,0,4,4,0,0,3,0,1,2
533767151,0,,,234,122,112,50,25,25,184,97,87,158,83,75,168,88,80,162,83,79,26,14,12,10,7,3,2,1,1,0,0,0,1,0,1,71,71,2,15,22,25,6,1,0,69,63,6,9,17,0,1,4
533767152,0,,,456,220,236,94,41,53,362,179,183,278,136,142,343,171,172,337,167,170,84,43,41,52,24,28,18,9,9,2,1,1,4,0,4,157,157,30,36,36,38,10,6,1,125,107,18,19,56,2,10,13
533767153,0,,,298,113,185,22,11,11,276,102,174,110,51,59,265,97,168,260,94,166,166,51,115,126,35,91,68,16,52,6,0,6,1,0,1,63,60,9,18,14,13,3,2,1,51,41,10,4,32,0,5,12
533767154,0,,,504,234,270,74,33,41,427,200,227,266,132,134,416,193,223,411,190,221,161,68,93,93,40,53,38,18,20,3,0,3,13,6,7,194,194,40,65,41,33,11,4,0,148,125,23,19,104,1,24,32
533767161,0,,,772,372,400,104,62,42,646,300,346,409,195,214,629,289,340,621,286,335,237,105,132,136,56,80,53,24,29,5,1,4,7,1,6,323,323,91,107,57,51,11,5,1,215,187,28,23,162,11,48,52
533767162,0,,,550,253,297,40,19,21,502,230,272,276,142,134,494,226,268,487,223,264,226,88,138,137,50,87,52,19,33,7,2,5,10,1,9,258,258,94,87,39,27,9,2,0,156,127,29,7,158,6,53,38
533767163,0,,,414,204,210,38,14,24,352,176,176,232,125,107,346,174,172,342,173,169,120,51,69,73,28,45,33,9,24,4,0,4,5,1,4,205,205,88,61,28,22,4,2,0,105,89,16,9,86,12,30,19
533767164,0,,,459,230,229,40,21,19,388,188,200,230,122,108,379,183,196,372,179,193,158,66,92,84,28,56,35,12,23,3,0,3,9,5,4,215,215,84,60,39,25,5,1,1,123,112,11,13,108,3,40,27
533767171,0,,,506,266,240,49,31,18,426,217,209,251,137,114,421,215,206,419,213,206,175,80,95,96,41,55,36,14,22,2,0,2,23,10,13,243,243,97,77,36,21,10,1,1,125,109,16,15,117,12,40,39
533767172,0,,,540,255,285,69,30,39,467,223,244,289,147,142,449,215,234,436,206,230,178,76,102,108,43,65,38,9,29,3,1,2,12,4,8,222,221,62,73,42,26,12,5,1,151,129,22,15,120,2,37,39
533767173,0,,,570,281,289,46,25,21,519,253,266,293,159,134,505,245,260,499,241,258,226,94,132,134,53,81,53,23,30,0,0,0,4,1,3,274,274,106,88,47,20,11,2,0,165,140,25,8,155,18,45,41
533767174,0,,,550,261,289,68,36,32,470,217,253,310,156,154,455,211,244,448,208,240,160,61,99,108,40,68,40,12,28,2,0,2,23,9,14,237,237,76,74,44,25,14,4,0,150,130,20,20,111,11,24,29
533767181,0,,,347,178,169,50,19,31,291,157,134,223,126,97,279,149,130,274,145,129,68,31,37,39,18,21,8,3,5,0,0,0,8,3,5,137,137,33,45,31,14,10,3,1,91,78,13,20,43,7,2,12
533767182,0,,,762,378,384,131,64,67,623,312,311,481,252,229,602,301,301,592,295,297,142,60,82,52,16,36,16,5,11,1,0,1,54,20,34,298,297,84,84,52,51,14,9,3,206,181,25,36,97,19,16,26
533767183,0,,,431,212,219,50,24,26,378,186,192,277,132,145,365,181,184,356,176,180,101,54,47,47,23,24,16,8,8,1,0,1,26,12,14,164,164,38,46,41,27,7,2,3,121,101,20,13,69,1,18,16
533767184,0,,,391,197,194,39,20,19,340,171,169,264,134,130,323,163,160,312,156,156,76,37,39,25,10,15,5,2,3,0,0,0,3,2,1,161,161,39,60,30,23,5,3,1,113,103,10,13,54,7,11,15
533767191,0,,,306,167,139,45,18,27,256,148,108,220,133,87,245,141,104,238,137,101,36,15,21,16,7,9,4,2,2,1,0,1,21,9,12,152,152,80,30,15,18,6,2,1,68,57,11,9,28,33,8,7
533767193,0,,,493,248,245,70,40,30,420,206,214,343,175,168,393,195,198,382,189,193,77,31,46,29,11,18,8,5,3,0,0,0,18,9,9,196,196,48,61,47,26,8,5,1,143,132,11,17,51,13,9,16
533767194,0,,,545,272,273,40,17,23,505,255,250,278,148,130,486,240,246,479,235,244,227,107,120,78,37,41,21,4,17,3,0,3,20,6,14,221,221,44,96,43,20,12,3,3,176,153,23,5,140,1,24,59
533767211,0,,,73,38,35,8,4,4,65,34,31,35,19,16,64,33,31,61,32,29,30,15,15,18,9,9,5,3,2,1,1,0,0,0,0,25,25,7,5,4,4,2,3,0,18,10,8,0,20,0,7,2
533767212,0,,,22,9,13,2,1,1,20,8,12,10,5,5,19,8,11,18,8,10,10,3,7,5,1,4,2,0,2,0,0,0,0,0,0,8,8,1,4,1,0,2,0,0,7,4,3,0,7,0,1,2
533767221,0,,,15,8,7,3,2,1,12,6,6,9,5,4,12,6,6,12,6,6,3,1,2,1,0,1,0,0,0,0,0,0,0,0,0,4,4,0,1,1,0,2,0,0,4,4,0,1,2,0,0,1
533767223,0,,,80,33,47,5,2,3,75,31,44,41,16,25,75,31,44,75,31,44,34,15,19,15,4,11,7,1,6,1,0,1,0,0,0,29,29,6,10,4,5,2,2,0,22,15,7,0,21,0,3,5
533767224,0,,,24,11,13,0,0,0,24,11,13,8,4,4,24,11,13,24,11,13,16,7,9,13,6,7,3,2,1,0,0,0,0,0,0,11,11,3,5,2,0,1,0,0,8,7,1,0,11,0,3,3
533767232,0,,,39,20,19,2,1,1,37,19,18,18,10,8,36,19,17,35,18,17,19,9,10,14,6,8,3,1,2,0,0,0,0,0,0,14,14,2,5,2,4,1,0,0,12,8,4,0,12,0,1,3
533767233,0,,,49,23,26,5,2,3,44,21,23,31,15,16,43,21,22,41,19,22,13,6,7,7,3,4,2,1,1,0,0,0,0,0,0,18,18,4,5,4,4,0,0,1,14,11,3,1,8,1,1,3
533767234,0,,,168,86,82,27,16,11,138,68,70,104,50,54,137,68,69,135,66,69,34,18,16,16,8,8,3,2,1,0,0,0,2,0,2,80,80,37,17,12,10,3,1,0,43,38,5,11,22,9,5,9
533767241,0,,,43,20,23,3,1,2,40,19,21,26,13,13,38,17,21,36,17,19,14,6,8,7,3,4,1,1,0,0,0,0,5,1,4,16,16,1,8,4,1,2,0,0,15,12,3,1,9,0,0,4
533767242,0,,,156,77,79,12,6,6,142,70,72,97,48,49,136,66,70,134,65,69,45,22,23,27,16,11,8,5,3,1,1,0,0,0,0,81,81,42,18,10,8,2,1,0,39,35,4,4,28,16,8,9
533767243,0,,,285,133,152,55,24,31,230,109,121,181,86,95,221,106,115,216,104,112,49,23,26,23,12,11,5,1,4,0,0,0,0,0,0,108,108,25,31,28,15,5,0,4,80,67,13,21,34,4,9,8
533767244,0,,,476,234,242,104,55,49,372,179,193,307,149,158,350,169,181,341,163,178,65,30,35,27,13,14,7,2,5,1,0,1,9,3,6,162,162,23,46,37,38,11,6,1,139,125,14,33,48,1,10,11
533767251,0,,,279,145,134,45,27,18,230,115,115,181,91,90,220,111,109,215,107,108,49,24,25,22,8,14,10,3,7,1,0,1,4,2,2,119,119,40,31,24,16,7,1,0,76,66,10,16,37,2,14,4
533767252,0,,,431,233,198,56,26,30,361,195,166,282,155,127,351,190,161,340,185,155,79,40,39,28,13,15,6,0,6,1,0,1,21,12,9,226,226,123,45,29,19,6,3,1,95,82,13,20,61,48,22,9
533767253,0,,,302,165,137,61,33,28,235,130,105,197,111,86,228,126,102,219,120,99,38,19,19,19,9,10,5,1,4,0,0,0,6,1,5,144,144,74,25,16,18,8,3,0,68,58,10,15,28,23,8,6
533767254,0,,,598,299,299,82,51,31,499,236,263,413,198,215,492,234,258,478,227,251,86,38,48,41,17,24,8,4,4,0,0,0,7,1,6,343,343,214,57,33,30,5,2,2,127,116,11,31,59,116,13,17
533767261,0,,,57,30,27,1,1,0,56,29,27,34,19,15,55,28,27,55,28,27,22,10,12,10,3,7,2,0,2,0,0,0,0,0,0,24,24,6,6,9,3,0,0,0,18,15,3,0,13,0,1,4
533767262,0,,,503,247,256,59,34,25,435,208,227,300,148,152,414,200,214,406,195,211,135,60,75,74,27,47,27,11,16,2,1,1,0,0,0,201,200,49,67,51,21,7,5,0,143,125,18,14,80,12,18,22
533767263,2,533767264,,10,4,6,*,*,*,*,*,*,*,*,*,*,*,*,*,*,*,*,*,*,*,*,*,*,*,*,*,*,*,*,*,*,4,3,*,*,*,*,*,*,*,*,*,*,*,*,*,*,*
533767264,1,,533767263,275,137,138,34,14,20,245,124,121,164,85,79,241,121,120,237,120,117,81,39,42,44,21,23,15,7,8,0,0,0,3,0,3,117,117,31,48,20,15,3,1,2,85,74,11,15,50,6,5,21
533767271,0,,,438,214,224,43,18,25,386,191,195,235,126,109,380,188,192,377,187,190,151,65,86,95,36,59,46,12,34,8,1,7,7,3,4,197,196,73,64,25,19,11,3,1,106,84,22,8,100,11,30,27
533767272,0,,,446,218,228,57,27,30,373,183,190,277,141,136,362,179,183,352,174,178,96,42,54,51,21,30,10,1,9,0,0,0,36,14,22,221,220,102,60,27,21,3,6,1,100,86,14,20,69,17,27,14
533767273,0,,,712,346,366,91,46,45,598,288,310,409,201,208,583,284,299,574,282,292,189,87,102,100,42,58,34,13,21,2,0,2,4,1,3,335,333,120,116,59,26,4,5,3,193,178,15,32,125,27,34,46
533767274,0,,,294,134,160,30,13,17,263,120,143,160,79,81,257,118,139,248,116,132,103,41,62,44,16,28,17,3,14,2,0,2,3,2,1,118,118,34,39,17,18,4,4,2,81,62,19,3,70,5,18,17
533767281,0,,,410,205,205,60,31,29,324,163,161,237,122,115,311,156,155,305,153,152,87,41,46,46,17,29,15,7,8,0,0,0,29,11,18,176,176,54,55,39,17,7,2,2,104,94,10,21,63,6,26,14
533767282,0,,,276,128,148,43,24,19,233,104,129,164,78,86,223,99,124,218,97,121,69,26,43,33,11,22,6,3,3,0,0,0,57,28,29,122,122,49,32,15,15,8,3,0,72,63,9,7,58,0,36,5
533767283,0,,,192,95,97,13,7,6,179,88,91,125,60,65,175,86,89,171,85,86,54,28,26,25,14,11,14,7,7,1,0,1,6,5,1,73,73,16,24,14,13,3,2,1,53,41,12,5,36,3,6,9
533767284,0,,,159,86,73,12,7,5,143,78,65,85,47,38,139,76,63,136,75,61,58,31,27,28,14,14,12,4,8,1,0,1,7,6,1,72,72,25,24,12,7,3,0,1,44,39,5,2,34,4,7,12
533767291,0,,,747,360,387,114,53,61,624,300,324,480,238,242,591,280,311,565,265,300,144,62,82,58,24,34,17,5,12,0,0,0,101,51,50,305,305,89,81,71,46,12,4,2,210,193,17,27,103,8,36,26
533767292,0,,,394,196,198,39,25,14,342,166,176,212,103,109,330,160,170,323,155,168,130,63,67,52,23,29,18,5,13,3,1,2,33,13,20,153,153,27,57,40,14,13,2,0,118,103,15,10,83,6,13,30
533767293,0,,,34,13,21,7,2,5,27,11,16,21,9,12,23,10,13,21,8,13,6,2,4,4,2,2,1,0,1,0,0,0,6,1,5,15,15,5,5,2,2,1,0,0,10,10,0,2,6,0,5,0
533767294,0,,,32,17,15,8,7,1,24,10,14,18,7,11,21,8,13,20,8,12,6,3,3,2,2,0,0,0,0,0,0,0,0,0,0,9,9,2,1,2,1,2,0,1,7,6,1,1,3,0,0,1
533767311,2,533767312,,3,1,2,*,*,*,*,*,*,*,*,*,*,*,*,*,*,*,*,*,*,*,*,*,*,*,*,*,*,*,*,*,*,2,2,*,*,*,*,*,*,*,*,*,*,*,*,*,*,*
533767312,1,,533767311,23,12,11,5,2,3,21,11,10,14,8,6,20,10,10,20,10,10,7,3,4,6,3,3,2,1,1,0,0,0,0,0,0,9,9,3,3,3,2,0,0,0,8,7,1,0,4,0,1,1
533767313,2,533767314,,12,4,8,*,*,*,*,*,*,*,*,*,*,*,*,*,*,*,*,*,*,*,*,*,*,*,*,*,*,*,*,*,*,7,7,*,*,*,*,*,*,*,*,*,*,*,*,*,*,*
533767314,1,,533767313,150,63,87,19,7,12,143,60,83,82,34,48,139,58,81,137,58,79,61,26,35,31,11,20,10,2,8,1,1,0,0,0,0,57,57,19,17,14,8,1,5,0,45,36,9,4,43,0,17,9
533767321,0,,,25,12,13,4,2,2,21,10,11,15,8,7,21,10,11,21,10,11,6,2,4,3,1,2,0,0,0,0,0,0,0,0,0,9,9,1,4,2,1,0,1,0,8,7,1,2,4,0,1,1
533767323,2,533767324,,2,1,1,*,*,*,*,*,*,*,*,*,*,*,*,*,*,*,*,*,*,*,*,*,*,*,*,*,*,*,*,*,*,1,1,*,*,*,*,*,*,*,*,*,*,*,*,*,*,*
533767324,1,,533767323,35,18,17,7,5,2,30,14,16,21,10,11,29,14,15,29,14,15,9,4,5,3,1,2,0,0,0,0,0,0,6,3,3,15,15,3,8,2,3,0,0,0,13,13,0,2,6,0,0,3
533767331,1,,533767332,31,15,16,8,3,5,30,18,12,19,13,6,30,18,12,30,18,12,11,5,6,5,2,3,2,1,1,0,0,0,0,0,0,11,11,8,4,3,0,3,0,0,10,9,1,2,5,1,0,3
533767332,2,533767331,,9,7,2,*,*,*,*,*,*,*,*,*,*,*,*,*,*,*,*,*,*,*,*,*,*,*,*,*,*,*,*,*,*,7,7,*,*,*,*,*,*,*,*,*,*,*,*,*,*,*
533767333,0,,,14,5,9,3,0,3,11,5,6,9,4,5,9,4,5,9,4,5,2,1,1,0,0,0,0,0,0,0,0,0,0,0,0,5,5,0,2,2,1,0,0,0,5,5,0,0,1,0,0,1
533767334,0,,,34,21,13,0,0,0,34,21,13,24,16,8,33,21,12,33,21,12,10,5,5,0,0,0,0,0,0,0,0,0,3,1,2,14,14,4,2,6,2,0,0,0,10,10,0,0,6,0,1,1
533767341,0,,,192,95,97,46,23,23,146,72,74,111,57,54,144,71,73,142,69,73,35,15,20,9,3,6,5,0,5,1,0,1,7,0,7,74,74,25,14,12,13,9,1,0,49,42,7,16,19,14,1,4
533767342,0,,,283,143,140,47,20,27,232,121,111,187,100,87,225,118,107,218,113,105,45,21,24,24,11,13,7,2,5,0,0,0,4,1,3,126,126,48,30,23,19,6,0,0,77,69,8,16,31,30,3,10
533767343,0,,,180,90,90,30,14,16,150,76,74,104,53,51,147,76,71,144,73,71,46,23,23,9,5,4,2,1,1,0,0,0,0,0,0,65,65,10,23,15,9,6,1,1,55,49,6,11,32,0,6,9
533767344,0,,,14,6,8,2,1,1,12,5,7,7,4,3,12,5,7,12,5,7,5,1,4,4,1,3,0,0,0,0,0,0,7,3,4,7,7,2,4,0,1,0,0,0,5,5,0,1,4,1,1,1
533767351,0,,,285,153,132,25,12,13,259,140,119,192,111,81,250,136,114,241,127,114,67,29,38,35,13,22,15,2,13,1,1,0,16,7,9,164,163,108,26,15,9,4,1,0,54,45,9,6,38,51,14,8
533767352,0,,,252,122,130,33,13,20,218,109,109,169,86,83,213,106,107,203,102,101,49,23,26,29,14,15,7,4,3,1,0,1,0,0,0,125,125,65,23,19,9,7,1,1,58,47,11,11,31,21,11,5
533767353,0,,,320,167,153,26,18,8,283,144,139,241,121,120,281,144,137,270,139,131,42,23,19,19,9,10,5,2,3,0,0,0,7,4,3,219,219,164,26,16,10,2,1,0,52,46,6,11,29,99,8,9
533767354,0,,,169,86,83,16,5,11,146,77,69,125,68,57,142,74,68,140,74,66,21,9,12,12,4,8,6,2,4,0,0,0,1,0,1,108,108,77,13,10,6,1,0,1,31,29,2,5,16,29,7,2
533767361,0,,,151,80,71,18,10,8,132,69,63,104,60,44,128,67,61,126,66,60,28,9,19,17,7,10,3,2,1,0,0,0,4,4,0,53,52,26,8,11,2,3,2,0,26,22,4,6,8,14,1,1
533767362,0,,,60,28,32,12,7,5,48,21,27,31,15,16,47,21,26,47,21,26,17,6,11,7,4,3,2,0,2,0,0,0,0,0,0,21,21,4,6,3,5,3,0,0,17,14,3,5,12,0,3,3
533767363,0,,,138,68,70,17,8,9,118,58,60,104,53,51,117,57,60,116,57,59,14,5,9,5,1,4,0,0,0,0,0,0,9,6,3,91,91,65,14,6,3,3,0,0,25,24,1,6,11,31,6,1
533767364,0,,,166,82,84,21,12,9,144,70,74,109,55,54,141,69,72,140,69,71,35,15,20,16,7,9,5,2,3,0,0,0,1,0,1,80,80,41,17,9,6,4,2,1,39,33,6,6,22,22,5,8
533767371,0,,,89,41,48,14,4,10,72,35,37,58,30,28,68,33,35,66,31,35,14,5,9,7,2,5,4,2,2,0,0,0,1,1,0,36,36,12,8,9,3,2,2,0,22,18,4,3,11,2,4,1
533767372,1,,533767373,509,246,263,76,42,34,427,201,226,293,143,150,415,197,218,408,194,214,134,58,76,61,26,35,22,9,13,1,0,1,6,2,4,216,216,70,73,30,26,12,3,3,143,121,22,24,89,21,14,37
533767373,2,533767372,,1,1,0,*,*,*,*,*,*,*,*,*,*,*,*,*,*,*,*,*,*,*,*,*,*,*,*,*,*,*,*,*,*,1,1,*,*,*,*,*,*,*,*,*,*,*,*,*,*,*
533767374,0,,,410,197,213,63,31,32,347,166,181,225,109,116,334,160,174,329,157,172,122,57,65,62,27,35,15,5,10,1,0,1,8,2,6,150,150,30,47,32,23,11,6,1,120,97,23,18,79,3,13,24
533767381,0,,,141,73,68,21,11,10,120,62,58,95,50,45,116,59,57,114,59,55,25,12,13,13,4,9,5,1,4,0,0,0,0,0,0,61,61,22,14,13,9,2,1,0,37,33,4,8,18,5,5,5
533767382,0,,,203,106,97,20,12,8,180,92,88,130,68,62,171,87,84,165,82,83,50,24,26,18,7,11,8,2,6,2,0,2,5,2,3,82,82,23,29,12,12,1,2,3,55,46,9,5,31,1,5,10
533767383,0,,,550,273,277,88,45,43,462,228,234,321,166,155,448,222,226,444,220,224,141,62,79,68,27,41,20,10,10,0,0,0,12,5,7,214,214,51,66,42,39,11,5,0,161,143,18,25,94,4,19,31
533767384,0,,,43,18,25,5,2,3,38,16,22,25,11,14,37,16,21,37,16,21,13,5,8,9,3,6,3,1,2,0,0,0,8,5,3,19,19,7,6,3,1,1,1,0,12,9,3,2,9,2,2,2
533767391,0,,,73,40,33,4,2,2,69,38,31,37,23,14,66,35,31,65,34,31,32,15,17,20,9,11,9,4,5,0,0,0,1,0,1,28,28,5,14,1,4,3,1,0,23,18,5,2,22,0,5,8
533767392,0,,,101,48,53,6,4,2,95,44,51,42,21,21,93,43,50,92,43,49,53,23,30,29,11,18,8,4,4,0,0,0,1,0,1,45,45,12,19,9,2,2,1,0,33,28,5,2,37,0,12,10
533767393,0,,,163,93,70,23,14,9,117,67,50,86,49,37,116,66,50,114,64,50,31,18,13,18,10,8,3,2,1,0,0,0,55,35,20,70,70,27,17,9,12,3,2,0,37,32,5,5,22,14,5,4
533767394,0,,,23,11,12,3,1,2,20,10,10,14,7,7,19,10,9,19,10,9,6,3,3,2,1,1,1,0,1,0,0,0,1,1,0,10,10,2,4,3,1,0,0,0,8,8,0,1,5,0,2,0
533767412,0,,,41,20,21,0,0,0,41,20,21,21,12,9,39,20,19,39,20,19,20,8,12,11,4,7,5,1,4,1,0,1,1,0,1,20,20,4,12,3,1,0,0,0,16,15,1,0,14,0,3,6
533767421,0,,,38,19,19,5,4,1,33,15,18,30,14,16,27,12,15,27,12,15,3,1,2,0,0,0,0,0,0,0,0,0,1,0,1,14,14,0,8,3,2,1,0,0,14,14,0,0,2,0,0,1
533767422,0,,,192,92,100,27,9,18,165,83,82,112,58,54,157,78,79,155,77,78,53,25,28,24,10,14,14,4,10,0,0,0,15,5,10,69,69,12,23,12,14,7,0,1,56,47,9,9,36,0,9,10
533767424,0,,,49,23,26,5,2,3,44,21,23,25,14,11,42,20,22,42,20,22,19,7,12,12,4,8,4,1,3,1,0,1,0,0,0,17,17,2,7,3,3,0,2,0,15,11,4,1,11,0,1,4
533767431,0,,,87,40,47,5,1,4,82,39,43,52,25,27,80,38,42,77,37,40,30,14,16,15,7,8,5,2,3,0,0,0,2,0,2,40,40,19,8,6,4,1,1,1,21,14,7,0,19,7,3,3
533767433,0,,,169,87,82,31,17,14,138,70,68,86,47,39,131,64,67,130,63,67,52,23,29,15,4,11,5,0,5,0,0,0,2,0,2,62,62,13,21,12,9,2,3,2,49,44,5,7,33,0,5,13
533767434,0,,,132,67,65,25,14,11,107,53,54,66,36,30,103,49,54,101,48,53,41,17,24,26,12,14,7,3,4,0,0,0,0,0,0,48,48,11,13,10,7,5,2,0,37,31,6,3,26,1,6,10
533767442,0,,,195,105,90,14,9,5,180,95,85,141,74,67,179,95,84,169,91,78,39,21,18,16,6,10,7,4,3,1,0,1,12,2,10,80,79,50,12,9,4,0,3,1,28,21,7,5,23,29,6,4
533767443,0,,,440,223,217,98,56,42,342,167,175,246,121,125,318,155,163,316,153,163,96,46,50,41,19,22,7,3,4,0,0,0,7,2,5,154,154,29,40,35,33,11,3,3,122,108,14,25,62,2,17,21
533767444,0,,,271,137,134,33,18,15,237,119,118,153,79,74,234,118,116,229,115,114,84,40,44,36,17,19,7,1,6,2,0,2,9,8,1,117,116,39,36,22,9,7,3,0,77,67,10,11,55,3,15,17
533767451,0,,,604,305,299,57,26,31,540,277,263,401,209,192,528,270,258,513,261,252,139,68,71,60,26,34,15,7,8,0,0,0,10,4,6,346,344,224,50,31,25,10,2,2,120,106,14,15,99,124,42,21
533767452,0,,,11,6,5,1,0,1,10,6,4,8,5,3,10,6,4,10,6,4,2,1,1,1,0,1,0,0,0,0,0,0,0,0,0,5,5,1,2,2,0,0,0,0,4,3,1,0,2,1,0,1
533767453,0,,,317,152,165,49,25,24,268,127,141,197,99,98,260,122,138,256,119,137,71,28,43,25,7,18,9,2,7,1,0,1,3,1,2,124,120,36,40,19,15,7,2,1,82,70,12,12,48,9,10,10
533767454,0,,,130,65,65,16,5,11,114,60,54,84,44,40,107,55,52,103,52,51,30,16,14,11,5,6,2,1,1,0,0,0,5,2,3,52,51,16,16,4,12,2,1,0,35,31,4,4,18,3,3,5
533767461,2,533767462,,5,2,3,*,*,*,*,*,*,*,*,*,*,*,*,*,*,*,*,*,*,*,*,*,*,*,*,*,*,*,*,*,*,2,2,*,*,*,*,*,*,*,*,*,*,*,*,*,*,*
533767462,1,,533767461,109,54,55,26,13,13,88,43,45,59,29,30,85,41,44,84,41,43,29,14,15,16,10,6,0,0,0,0,0,0,0,0,0,40,40,8,13,10,6,4,1,0,33,31,2,3,18,0,6,5
533767463,0,,,18,8,10,6,2,4,12,6,6,8,4,4,12,6,6,12,6,6,4,2,2,2,1,1,0,0,0,0,0,0,0,0,0,6,6,1,1,1,3,0,0,0,5,5,0,1,2,0,0,1
533767464,0,,,34,19,15,7,5,2,27,14,13,23,13,10,27,14,13,27,14,13,4,1,3,0,0,0,0,0,0,0,0,0,4,2,2,17,17,9,2,3,3,0,0,0,8,7,1,4,2,1,0,0
533767471,0,,,29,16,13,6,2,4,23,14,9,23,14,9,21,13,8,21,13,8,0,0,0,0,0,0,0,0,0,0,0,0,0,0,0,11,11,2,3,4,1,1,0,0,9,9,0,1,0,0,0,0
533767472,0,,,618,317,301,93,49,44,523,267,256,362,189,173,499,249,250,488,243,245,161,78,83,67,32,35,17,8,9,3,1,2,6,3,3,224,224,47,66,42,42,20,5,2,176,145,31,20,97,8,12,35
533767473,0,,,104,46,58,22,6,16,82,40,42,64,30,34,79,37,42,77,35,42,18,10,8,11,6,5,5,4,1,1,1,0,0,0,0,37,37,8,9,7,9,3,1,0,29,25,4,6,14,0,3,3
533767474,0,,,337,168,169,58,25,33,273,137,136,215,108,107,262,133,129,252,127,125,58,29,29,30,13,17,13,4,9,2,1,1,0,0,0,130,130,32,32,33,25,6,2,0,98,87,11,17,40,6,7,11
533767481,0,,,456,221,235,101,50,51,354,170,184,279,139,140,334,161,173,323,154,169,75,31,44,41,14,27,8,2,6,1,0,1,8,3,5,155,155,29,36,33,37,15,3,2,126,108,18,23,54,3,11,14
533767482,0,,,100,62,38,18,6,12,79,54,25,75,52,23,77,53,24,75,52,23,4,2,2,4,2,2,0,0,0,0,0,0,0,0,0,52,52,29,10,4,6,3,0,0,20,18,2,8,2,21,0,1
533767483,0,,,485,241,244,61,31,30,424,210,214,260,139,121,411,202,209,404,200,204,164,71,93,94,36,58,28,11,17,3,1,2,1,0,1,174,174,30,54,40,27,19,4,0,144,116,28,20,105,0,20,27
533767484,0,,,128,66,62,20,10,10,108,56,52,73,40,33,101,52,49,97,49,48,35,16,19,24,11,13,8,3,5,2,1,1,5,2,3,52,52,14,18,9,5,5,1,0,37,28,9,3,22,8,2,6
533767491,0,,,221,95,126,22,10,12,199,85,114,117,51,66,190,83,107,188,83,105,82,34,48,47,14,33,18,5,13,0,0,0,7,3,4,79,79,12,28,18,11,5,5,0,66,49,17,5,55,1,11,13
533767492,2,533767493,,7,4,3,*,*,*,*,*,*,*,*,*,*,*,*,*,*,*,*,*,*,*,*,*,*,*,*,*,*,*,*,*,*,2,2,*,*,*,*,*,*,*,*,*,*,*,*,*,*,*
533767493,1,,533767492;533767494,393,186,207,45,22,23,356,169,187,215,106,109,339,160,179,329,155,174,141,63,78,76,31,45,23,10,13,1,0,1,2,1,1,148,148,32,57,21,22,11,6,2,115,92,23,8,91,1,16,32
533767494,2,533767493,,2,1,1,*,*,*,*,*,*,*,*,*,*,*,*,*,*,*,*,*,*,*,*,*,*,*,*,*,*,*,*,*,*,1,1,*,*,*,*,*,*,*,*,*,*,*,*,*,*,*
533767531,0,,,161,78,83,20,12,8,141,66,75,90,39,51,136,64,72,134,62,72,51,27,24,15,8,7,3,1,2,0,0,0,5,1,4,75,75,24,30,11,8,1,0,1,51,48,3,7,35,1,12,15
533767532,0,,,255,129,126,44,25,19,208,102,106,151,74,77,193,94,99,188,94,94,57,28,29,20,10,10,5,2,3,0,0,0,2,0,2,90,90,17,24,20,18,8,3,0,71,60,11,5,37,2,6,8
533767533,0,,,57,31,26,6,3,3,51,28,23,37,22,15,51,28,23,50,27,23,14,6,8,8,2,6,2,1,1,0,0,0,1,1,0,24,24,10,4,6,1,1,2,0,14,8,6,1,11,1,3,1
533767534,0,,,60,35,25,4,2,2,55,32,23,29,19,10,55,32,23,55,32,23,26,13,13,12,6,6,2,1,1,0,0,0,1,1,0,35,35,19,11,1,4,0,0,0,16,15,1,2,16,2,4,10
533767541,0,,,643,299,344,64,36,28,578,262,316,299,149,150,564,257,307,556,252,304,279,113,166,189,68,121,110,31,79,27,4,23,8,2,6,214,212,48,83,40,28,6,5,2,161,143,18,17,107,11,15,39
533767542,1,,533767544,295,161,134,41,21,20,276,158,118,231,140,91,271,156,115,261,150,111,45,18,27,15,6,9,6,3,3,1,0,1,1,0,1,114,113,56,24,12,18,5,0,1,57,51,6,15,21,28,5,7
533767543,1,,533767641,208,104,104,39,21,18,173,85,88,132,66,66,162,81,81,158,79,79,41,19,22,21,10,11,3,1,2,1,0,1,7,4,3,75,75,18,18,16,16,4,3,1,57,46,11,6,27,4,6,5
533767544,2,533767542,,29,22,7,*,*,*,*,*,*,*,*,*,*,*,*,*,*,*,*,*,*,*,*,*,*,*,*,*,*,*,*,*,*,6,3,*,*,*,*,*,*,*,*,*,*,*,*,*,*,*
533767551,0,,,85,44,41,11,8,3,74,36,38,48,22,26,72,34,38,72,34,38,26,14,12,9,3,6,5,1,4,2,0,2,8,6,2,39,39,14,13,6,4,1,1,0,24,20,4,2,16,3,4,5
533767554,0,,,49,26,23,9,6,3,40,20,20,24,14,10,40,20,20,39,19,20,16,6,10,5,2,3,2,0,2,0,0,0,2,1,1,18,18,2,7,4,4,1,0,0,16,15,1,3,10,0,1,4
533767561,2,533767563,,112,19,93,*,*,*,*,*,*,*,*,*,*,*,*,*,*,*,*,*,*,*,*,*,*,*,*,*,*,*,*,*,*,9,3,*,*,*,*,*,*,*,*,*,*,*,*,*,*,*
533767562,0,,,138,62,76,24,10,14,114,52,62,91,44,47,107,48,59,103,46,57,23,8,15,6,4,2,2,0,2,1,0,1,2,1,1,43,43,5,10,10,9,7,2,0,38,32,6,3,16,0,2,3
533767563,1,,533767561,89,50,39,10,6,4,191,63,128,60,35,25,187,60,127,184,57,127,131,28,103,108,15,93,74,8,66,10,1,9,3,1,2,30,30,5,14,3,6,4,0,1,28,23,5,3,16,1,2,5
533767564,0,,,260,130,130,51,26,25,209,104,105,131,71,60,206,102,104,206,102,104,78,33,45,43,14,29,12,4,8,2,0,2,3,3,0,86,86,12,21,18,27,6,0,2,74,59,15,20,48,1,5,14
533767571,0,,,36,19,17,8,5,3,27,13,14,19,10,9,25,12,13,24,11,13,8,3,5,3,1,2,0,0,0,0,0,0,1,0,1,16,16,5,7,0,3,1,0,0,10,9,1,3,4,1,0,2
533767572,0,,,422,214,208,91,48,43,331,166,165,229,116,113,316,155,161,309,152,157,102,50,52,46,24,22,17,7,10,1,1,0,8,5,3,148,148,25,40,33,36,10,4,0,122,112,10,20,66,0,14,19
533767573,0,,,356,181,175,91,52,39,265,129,136,197,97,100,251,124,127,248,122,126,68,32,36,29,13,16,16,6,10,3,0,3,5,3,2,105,105,9,23,17,38,12,4,2,95,76,19,27,45,0,8,11
533767574,0,,,438,209,229,93,46,47,345,163,182,261,127,134,331,156,175,322,151,171,84,36,48,36,14,22,7,0,7,2,0,2,4,2,2,142,142,17,35,35,38,11,4,2,125,106,19,20,55,1,10,15
533767581,0,,,602,297,305,80,46,34,522,251,271,333,171,162,502,243,259,494,242,252,189,80,109,103,45,58,27,13,14,0,0,0,2,0,2,230,230,43,82,48,42,10,2,3,185,160,25,23,122,3,27,33
533767582,0,,,346,168,178,42,19,23,303,149,154,202,108,94,296,148,148,290,144,146,101,41,60,50,20,30,18,6,12,3,0,3,0,0,0,148,148,47,52,19,18,7,4,1,99,83,16,12,63,11,11,21
533767583,0,,,396,195,201,55,34,21,341,161,180,228,111,117,326,152,174,321,151,170,113,50,63,61,25,36,26,13,13,2,0,2,1,0,1,157,157,35,55,31,24,10,2,0,121,105,16,15,81,4,20,25
533767584,0,,,651,313,338,123,66,57,527,247,280,363,169,194,504,240,264,499,238,261,164,78,86,88,42,46,25,10,15,1,1,0,12,6,6,246,246,53,75,48,50,17,2,1,191,170,21,32,108,2,26,33
533767591,0,,,224,113,111,23,8,15,201,105,96,121,65,56,190,100,90,184,97,87,80,40,40,40,19,21,10,3,7,0,0,0,4,2,2,83,83,16,27,16,17,4,3,0,66,53,13,7,50,1,7,16
533767592,0,,,31,14,17,3,2,1,28,12,16,25,11,14,28,12,16,28,12,16,3,1,2,2,0,2,1,0,1,0,0,0,1,1,0,18,18,9,5,4,0,0,0,0,8,7,1,3,2,7,1,0
533767593,0,,,97,46,51,17,8,9,75,36,39,61,29,32,70,32,38,69,32,37,14,7,7,5,2,3,1,0,1,1,0,1,0,0,0,34,34,5,12,9,3,3,1,1,27,23,4,6,10,0,1,2
533767594,0,,,85,45,40,13,9,4,72,36,36,44,23,21,69,36,33,67,34,33,28,13,15,15,5,10,5,1,4,1,0,1,1,0,1,29,29,8,5,4,8,2,1,1,21,14,7,3,20,0,6,3
533767631,0,,,46,24,22,5,2,3,41,22,19,22,14,8,40,21,19,40,21,19,19,8,11,9,5,4,2,0,2,0,0,0,0,0,0,18,18,3,10,0,3,1,1,0,15,12,3,2,12,0,2,6
533767632,0,,,117,61,56,13,8,5,104,53,51,57,29,28,101,51,50,99,50,49,47,24,23,28,12,16,9,4,5,2,0,2,0,0,0,44,44,12,13,11,2,3,1,2,32,26,6,4,29,0,9,5
533767633,0,,,39,20,19,6,3,3,33,17,16,18,11,7,32,16,16,32,16,16,15,6,9,11,5,6,3,1,2,0,0,0,0,0,0,15,15,4,5,2,1,3,0,0,11,8,3,2,10,0,2,3
533767634,0,,,162,83,79,21,13,8,141,70,71,96,50,46,134,65,69,127,62,65,45,20,25,25,8,17,12,4,8,1,0,1,0,0,0,57,57,10,16,14,10,4,3,0,47,38,9,4,31,0,7,9
533767641,2,533767543,,4,2,2,*,*,*,*,*,*,*,*,*,*,*,*,*,*,*,*,*,*,*,*,*,*,*,*,*,*,*,*,*,*,1,1,*,*,*,*,*,*,*,*,*,*,*,*,*,*,*
533767652,0,,,39,23,16,1,1,0,38,22,16,20,12,8,37,21,16,37,21,16,18,10,8,11,5,6,7,3,4,3,1,2,0,0,0,15,15,6,1,3,3,2,0,0,9,4,5,1,13,0,5,1
533767653,2,533767654,,2,1,1,*,*,*,*,*,*,*,*,*,*,*,*,*,*,*,*,*,*,*,*,*,*,*,*,*,*,*,*,*,*,1,1,*,*,*,*,*,*,*,*,*,*,*,*,*,*,*
533767654,1,,533767653,121,62,59,18,11,7,105,52,53,58,32,26,103,51,52,102,51,51,47,20,27,23,11,12,13,4,9,0,0,0,0,0,0,41,41,5,18,7,3,7,1,1,37,30,7,3,29,0,5,12
533767661,0,,,45,22,23,3,1,2,42,21,21,29,16,13,42,21,21,42,21,21,13,5,8,6,2,4,2,0,2,0,0,0,0,0,0,20,20,4,9,5,2,0,0,0,16,13,3,2,9,0,1,4
533767662,0,,,175,94,81,13,5,8,162,89,73,103,61,42,156,85,71,153,84,69,59,28,31,34,17,17,15,8,7,0,0,0,3,0,3,65,65,14,21,10,17,0,0,3,51,43,8,6,36,1,4,10
533767663,0,,,152,76,76,21,10,11,131,66,65,99,50,49,128,65,63,124,63,61,32,16,16,13,6,7,5,3,2,1,0,1,1,1,0,69,69,17,33,11,5,2,1,0,45,42,3,9,18,3,3,9
533767664,0,,,91,42,49,14,7,7,77,35,42,46,22,24,75,34,41,74,34,40,31,13,18,16,8,8,2,0,2,2,0,2,0,0,0,37,37,13,11,4,5,2,1,1,24,21,3,2,22,1,7,5
533767671,1,,533767672;533767674,281,141,140,56,24,32,233,119,114,172,91,81,223,112,111,220,110,110,61,28,33,37,17,20,15,6,9,1,0,1,4,1,3,100,100,14,35,23,19,11,0,1,87,71,16,18,42,2,6,7
533767672,2,533767671,,3,1,2,*,*,*,*,*,*,*,*,*,*,*,*,*,*,*,*,*,*,*,*,*,*,*,*,*,*,*,*,*,*,1,1,*,*,*,*,*,*,*,*,*,*,*,*,*,*,*
533767673,0,,,93,44,49,20,9,11,73,35,38,63,29,34,70,34,36,68,32,36,10,6,4,3,1,2,1,0,1,1,0,1,0,0,0,34,34,5,11,9,7,1,1,0,29,27,2,10,6,1,0,3
533767674,2,533767671,,7,3,4,*,*,*,*,*,*,*,*,*,*,*,*,*,*,*,*,*,*,*,*,*,*,*,*,*,*,*,*,*,*,2,2,*,*,*,*,*,*,*,*,*,*,*,*,*,*,*
533767681,0,,,360,171,189,52,24,28,308,147,161,168,86,82,301,144,157,299,143,156,140,61,79,83,36,47,17,4,13,1,1,0,6,4,2,135,135,22,53,29,17,10,1,3,113,93,20,14,91,0,15,26
533767682,0,,,169,81,88,27,10,17,139,70,69,102,52,50,137,69,68,134,68,66,37,18,19,22,8,14,9,3,6,0,0,0,9,6,3,80,80,32,26,11,4,6,1,0,45,42,3,11,23,8,4,11
533767683,0,,,412,204,208,54,32,22,358,172,186,251,118,133,345,166,179,334,158,176,107,54,53,35,15,20,9,3,6,1,0,1,21,7,14,166,166,33,60,42,23,7,1,0,132,118,14,10,74,0,22,22
533767684,0,,,448,217,231,80,40,40,361,173,188,271,132,139,347,166,181,339,162,177,90,41,49,40,15,25,8,2,6,1,0,1,12,3,9,177,177,52,50,30,28,12,2,3,124,109,15,20,61,8,16,20
533767692,2,533767693,,2,1,1,*,*,*,*,*,*,*,*,*,*,*,*,*,*,*,*,*,*,*,*,*,*,*,*,*,*,*,*,*,*,1,1,*,*,*,*,*,*,*,*,*,*,*,*,*,*,*
533767693,1,,533767692,251,126,125,62,25,37,174,92,82,158,85,73,171,90,81,169,88,81,16,7,9,11,4,7,8,3,5,1,0,1,4,1,3,94,94,29,19,16,20,9,1,1,62,58,4,19,10,4,0,1
533767694,0,,,67,27,40,1,0,1,66,27,39,47,18,29,59,25,34,59,25,34,19,9,10,11,4,7,4,2,2,0,0,0,1,0,1,27,27,5,10,8,3,0,1,0,22,17,5,0,14,0,1,4
533767731,0,,,11,5,6,1,0,1,10,5,5,3,2,1,10,5,5,10,5,5,7,3,4,4,2,2,0,0,0,0,0,0,0,0,0,5,5,1,2,2,0,0,0,0,4,4,0,0,4,0,1,2
533767732,0,,,87,40,47,7,5,2,80,35,45,47,24,23,78,33,45,75,32,43,33,11,22,14,3,11,10,1,9,2,0,2,0,0,0,34,34,8,10,8,5,3,0,0,26,19,7,4,22,0,6,3
533767733,2,533767734,,6,4,2,*,*,*,*,*,*,*,*,*,*,*,*,*,*,*,*,*,*,*,*,*,*,*,*,*,*,*,*,*,*,1,1,*,*,*,*,*,*,*,*,*,*,*,*,*,*,*
533767734,1,,533767733,27,12,15,4,2,2,29,14,15,12,6,6,27,13,14,27,13,14,17,8,9,5,3,2,1,0,1,1,0,1,0,0,0,9,9,1,3,2,2,0,2,0,9,6,3,1,8,0,0,3
533767744,0,,,83,36,47,10,4,6,73,32,41,36,16,20,71,31,40,70,30,40,37,16,21,17,8,9,5,1,4,1,0,1,0,0,0,29,29,2,14,4,4,5,0,0,27,18,9,2,21,0,2,10
533767751,0,,,148,72,76,33,16,17,115,56,59,82,39,43,110,55,55,108,54,54,33,17,16,12,6,6,8,3,5,2,1,1,6,4,2,42,42,4,9,8,12,3,3,3,38,29,9,7,22,0,2,3
533767752,0,,,187,96,91,38,16,22,149,80,69,99,56,43,142,76,66,139,74,65,50,24,26,20,13,7,5,2,3,1,1,0,3,1,2,69,69,15,25,11,6,7,5,0,53,46,7,8,31,1,3,13
533767753,0,,,74,37,37,14,5,9,60,32,28,44,23,21,58,32,26,55,30,25,16,9,7,2,1,1,0,0,0,0,0,0,0,0,0,24,24,6,4,4,7,0,1,2,18,14,4,3,13,0,4,0
533767761,0,,,15,9,6,0,0,0,15,9,6,15,9,6,15,9,6,15,9,6,0,0,0,0,0,0,0,0,0,0,0,0,0,0,0,14,14,13,1,0,0,0,0,0,0,0,0,0,0,4,0,0
533767762,0,,,95,42,53,7,5,2,88,37,51,47,29,18,87,36,51,86,36,50,41,8,33,35,7,28,30,6,24,3,0,3,1,0,1,35,34,18,7,3,5,1,0,0,15,14,1,4,10,5,6,1
533767763,2,533767764,,6,4,2,*,*,*,*,*,*,*,*,*,*,*,*,*,*,*,*,*,*,*,*,*,*,*,*,*,*,*,*,*,*,3,3,*,*,*,*,*,*,*,*,*,*,*,*,*,*,*
533767764,1,,533767763,19,8,11,3,0,3,18,9,9,13,6,7,18,9,9,18,9,9,5,3,2,1,0,1,0,0,0,0,0,0,5,3,2,5,5,1,2,3,1,0,0,1,6,5,1,1,4,0,0,0
533767771,0,,,229,114,115,21,10,11,202,101,101,142,73,69,195,97,98,186,95,91,60,28,32,30,14,16,13,7,6,1,1,0,4,2,2,98,98,31,34,11,14,7,1,0,64,57,7,8,37,7,5,15
533767772,0,,,65,34,31,11,5,6,54,29,25,47,27,20,51,27,24,49,26,23,7,2,5,4,2,2,0,0,0,0,0,0,0,0,0,24,24,7,6,2,7,1,0,1,14,11,3,4,6,1,2,0
533767773,0,,,24,13,11,4,3,1,19,10,9,11,6,5,18,10,8,18,10,8,8,4,4,4,2,2,2,1,1,0,0,0,0,0,0,9,9,2,3,1,2,1,0,0,7,5,2,1,5,0,0,2
533767774,0,,,73,37,36,6,1,5,63,32,31,29,17,12,62,31,31,62,31,31,34,15,19,14,7,7,5,3,2,1,0,1,0,0,0,38,38,20,11,2,3,0,1,1,18,14,4,1,20,1,4,10
533767781,0,,,123,59,64,24,9,15,99,50,49,77,40,37,93,46,47,90,44,46,22,10,12,11,5,6,3,1,2,0,0,0,0,0,0,47,47,15,9,11,6,4,1,1,32,27,5,5,14,3,4,3
533767782,0,,,385,198,187,46,27,19,337,169,168,225,120,105,325,161,164,320,160,160,112,49,63,68,31,37,16,6,10,1,0,1,7,2,5,163,163,60,44,26,17,7,7,2,99,80,19,17,72,9,18,16
533767783,0,,,197,99,98,23,12,11,171,86,85,99,52,47,165,84,81,162,81,81,72,34,38,34,18,16,9,6,3,0,0,0,1,0,1,67,67,11,18,20,7,6,3,2,55,44,11,4,47,0,8,11
533767784,0,,,583,281,302,51,19,32,488,239,249,337,176,161,473,232,241,467,231,236,151,63,88,83,32,51,36,9,27,3,2,1,18,12,6,249,249,90,67,39,34,12,5,2,148,116,32,14,104,13,26,20
533767791,0,,,244,131,113,28,14,14,196,106,90,154,87,67,192,103,89,189,101,88,42,19,23,22,10,12,6,3,3,2,1,1,8,2,6,121,121,54,34,17,11,4,0,1,58,53,5,15,26,13,8,8
533767792,0,,,20,10,10,5,2,3,15,8,7,8,4,4,15,8,7,15,8,7,7,4,3,5,3,2,2,1,1,1,0,1,0,0,0,9,9,3,3,1,2,0,0,0,6,6,0,3,4,0,1,2
533767793,0,,,388,196,192,49,20,29,338,175,163,265,146,119,322,164,158,313,159,154,73,29,44,37,11,26,10,2,8,0,0,0,14,10,4,158,158,51,35,36,24,10,1,1,105,90,15,12,51,19,11,12
533767794,0,,,269,112,157,30,16,14,222,87,135,95,53,42,220,86,134,219,86,133,127,34,93,100,21,79,59,4,55,17,1,16,16,7,9,78,77,26,24,8,11,5,2,1,46,35,11,9,31,0,8,8
533767841,0,,,104,53,51,9,6,3,95,47,48,51,28,23,92,45,47,90,43,47,44,19,25,19,8,11,6,1,5,0,0,0,1,1,0,42,42,11,15,7,5,2,2,0,31,22,9,1,30,0,8,7
533767842,0,,,87,45,42,15,8,7,72,37,35,42,21,21,70,36,34,68,34,34,30,16,14,15,9,6,4,4,0,0,0,0,0,0,0,33,33,7,14,3,5,2,1,1,26,24,2,4,17,0,3,11
533767843,2,533767844,,8,5,3,*,*,*,*,*,*,*,*,*,*,*,*,*,*,*,*,*,*,*,*,*,*,*,*,*,*,*,*,*,*,2,2,*,*,*,*,*,*,*,*,*,*,*,*,*,*,*
533767844,1,,533767843,73,45,28,7,7,0,74,43,31,44,26,18,73,42,31,70,41,29,30,17,13,16,9,7,5,4,1,0,0,0,1,0,1,25,25,3,10,5,6,0,2,1,24,20,4,2,20,0,2,6
533767853,0,,,60,32,28,10,6,4,50,26,24,37,19,18,48,26,22,48,26,22,13,7,6,9,4,5,3,2,1,0,0,0,3,1,2,21,21,3,6,5,5,2,0,0,18,11,7,0,10,0,2,2
533767854,0,,,217,119,98,30,19,11,177,91,86,106,58,48,173,88,85,170,86,84,71,33,38,25,13,12,9,2,7,1,0,1,10,7,3,71,71,12,17,17,13,7,3,2,58,39,19,7,44,0,3,9
533767861,1,,533767863,24,13,11,4,3,1,30,13,17,26,11,15,29,13,16,27,13,14,4,2,2,2,1,1,2,1,1,0,0,0,24,13,11,8,8,1,2,3,3,0,2,0,9,7,2,0,2,0,0,0
533767863,2,533767861,,14,6,8,*,*,*,*,*,*,*,*,*,*,*,*,*,*,*,*,*,*,*,*,*,*,*,*,*,*,*,*,*,*,3,3,*,*,*,*,*,*,*,*,*,*,*,*,*,*,*
533767871,0,,,146,72,74,20,12,8,125,59,66,88,40,48,117,55,62,115,55,60,37,19,18,18,8,10,5,3,2,0,0,0,11,3,8,51,51,9,13,15,8,4,0,2,42,33,9,7,24,2,2,7
533767872,0,,,109,53,56,14,8,6,95,45,50,65,31,34,92,44,48,90,42,48,30,14,16,14,5,9,3,1,2,0,0,0,2,1,1,40,40,6,16,8,6,1,3,0,34,28,6,6,19,2,2,7
533767873,0,,,110,60,50,22,13,9,86,46,40,61,35,26,80,43,37,79,42,37,25,11,14,11,4,7,2,0,2,0,0,0,0,0,0,35,35,5,8,10,5,4,2,1,29,23,6,5,14,1,2,3
533767874,0,,,105,53,52,21,9,12,84,44,40,67,33,34,79,42,37,78,42,36,17,11,6,9,5,4,1,1,0,0,0,0,0,0,0,37,37,8,8,7,12,0,2,0,29,26,3,6,14,0,6,2
533767881,0,,,444,220,224,48,27,21,388,189,199,180,95,85,378,185,193,373,182,191,208,94,114,111,58,53,21,12,9,2,1,1,16,7,9,170,170,28,77,29,17,8,10,1,140,116,24,10,133,0,23,46
533767882,0,,,749,365,384,74,34,40,600,294,306,319,164,155,579,283,296,572,280,292,281,130,151,165,72,93,55,19,36,3,0,3,15,8,7,271,271,53,84,58,45,18,9,4,193,144,49,23,176,2,34,44
533767883,0,,,403,203,200,102,57,45,288,138,150,227,113,114,272,130,142,267,126,141,61,25,36,33,15,18,8,4,4,0,0,0,29,12,17,136,136,22,37,26,31,15,5,0,109,100,9,23,41,0,11,12
533767884,0,,,724,361,363,54,29,25,580,290,290,338,180,158,561,283,278,551,279,272,242,110,132,132,57,75,47,18,29,2,0,2,12,6,6,262,262,43,98,53,36,17,9,6,197,153,44,11,158,1,26,39
533767891,0,,,678,336,342,76,32,44,554,279,275,361,198,163,537,269,268,528,267,261,193,81,112,103,41,62,34,10,24,3,0,3,14,7,7,256,256,67,75,37,49,16,10,2,173,133,40,20,126,14,26,25
533767892,0,,,254,130,124,26,14,12,224,114,110,125,68,57,218,112,106,216,111,105,99,46,53,50,24,26,18,7,11,2,0,2,9,5,4,106,106,33,36,14,12,7,4,0,72,57,15,4,62,1,11,24
533767893,0,,,602,311,291,66,36,30,445,228,217,293,151,142,438,225,213,430,219,211,152,77,75,100,47,53,34,16,18,4,1,3,31,12,19,249,248,98,67,42,26,10,3,2,124,105,19,21,69,21,14,18
533767894,0,,,241,121,120,12,6,6,107,55,52,70,36,34,104,52,52,101,50,51,37,19,18,15,9,6,3,1,2,0,0,0,11,1,10,93,93,42,18,5,13,5,3,7,26,18,8,3,22,17,3,7
533767941,2,533767942,,9,3,6,*,*,*,*,*,*,*,*,*,*,*,*,*,*,*,*,*,*,*,*,*,*,*,*,*,*,*,*,*,*,5,5,*,*,*,*,*,*,*,*,*,*,*,*,*,*,*
533767942,1,,533767941,190,96,94,29,13,16,170,86,84,96,50,46,164,84,80,163,83,80,74,36,38,31,15,16,10,3,7,3,0,3,1,1,0,63,63,13,18,14,11,9,2,1,55,38,17,8,46,0,10,10
533767944,0,,,68,32,36,6,4,2,60,27,33,34,16,18,59,27,32,58,26,32,26,11,15,14,5,9,8,2,6,0,0,0,3,2,1,27,27,5,11,4,6,1,0,0,21,16,5,1,16,0,3,7
533767951,2,533767953,,13,12,1,*,*,*,*,*,*,*,*,*,*,*,*,*,*,*,*,*,*,*,*,*,*,*,*,*,*,*,*,*,*,12,12,*,*,*,*,*,*,*,*,*,*,*,*,*,*,*
533767952,2,533767953,,12,11,1,*,*,*,*,*,*,*,*,*,*,*,*,*,*,*,*,*,*,*,*,*,*,*,*,*,*,*,*,*,*,11,11,*,*,*,*,*,*,*,*,*,*,*,*,*,*,*
533767953,1,,533767951;533767952,49,23,26,4,0,4,54,31,23,33,20,13,51,31,20,49,30,19,21,11,10,11,6,5,2,1,1,0,0,0,12,12,0,13,13,22,5,5,1,0,1,2,13,8,5,0,11,1,0,2
533767954,0,,,54,28,26,6,3,3,48,25,23,34,16,18,48,25,23,48,25,23,14,9,5,4,2,2,2,1,1,1,1,0,0,0,0,17,17,2,4,6,1,2,2,0,15,11,4,2,8,0,0,2
533767961,0,,,18,10,8,0,0,0,18,10,8,12,7,5,18,10,8,18,10,8,6,3,3,2,1,1,2,1,1,0,0,0,0,0,0,5,5,0,2,0,1,2,0,0,5,4,1,0,4,0,0,1
533767962,0,,,38,21,17,11,8,3,27,13,14,15,7,8,27,13,14,27,13,14,12,6,6,6,3,3,2,1,1,0,0,0,0,0,0,9,9,0,3,1,1,1,1,2,9,5,4,3,6,0,0,2
533767963,0,,,29,15,14,2,0,2,26,14,12,18,11,7,26,14,12,25,13,12,8,3,5,7,2,5,3,1,2,0,0,0,1,0,1,13,13,4,5,2,1,1,0,0,9,6,3,1,6,0,1,2
533767964,0,,,108,59,49,10,8,2,96,49,47,58,31,27,93,46,47,92,46,46,38,18,20,15,7,8,5,1,4,1,0,1,4,2,2,43,43,12,15,7,4,2,2,1,30,24,6,2,22,3,4,8
533767971,0,,,53,16,37,2,2,0,39,8,31,10,6,4,39,8,31,39,8,31,29,2,27,27,1,26,24,1,23,5,0,5,3,3,0,14,13,5,6,0,1,0,1,0,4,4,0,0,2,0,1,1
533767972,0,,,157,78,79,17,8,9,136,68,68,99,50,49,126,63,63,122,61,61,37,18,19,15,8,7,4,3,1,0,0,0,5,3,2,54,54,9,14,13,14,1,1,2,44,35,9,3,24,0,6,7
533767973,0,,,69,35,34,12,8,4,56,26,30,50,25,25,53,26,27,48,23,25,6,1,5,1,0,1,0,0,0,0,0,0,0,0,0,25,25,8,5,4,4,1,3,0,17,15,2,5,5,1,2,1
533767974,0,,,265,126,139,50,24,26,208,99,109,156,77,79,202,98,104,196,95,101,52,22,30,22,9,13,11,4,7,1,0,1,1,0,1,95,95,22,17,27,21,5,2,1,69,54,15,18,34,0,6,3
533767981,0,,,543,273,270,125,67,58,406,200,206,325,167,158,378,185,193,366,177,189,81,33,48,42,19,23,8,4,4,1,0,1,15,8,7,174,174,27,42,28,45,25,6,1,145,127,18,30,49,3,8,16
533767982,0,,,640,314,326,81,39,42,525,258,267,305,163,142,518,254,264,508,249,259,220,95,125,121,43,78,43,13,30,3,0,3,16,6,10,250,250,68,69,53,40,11,4,5,172,130,42,20,151,7,37,30
533767983,0,,,494,249,245,87,46,41,397,199,198,312,165,147,370,182,188,362,175,187,85,34,51,49,15,34,23,7,16,1,0,1,9,2,7,176,176,34,43,39,46,12,1,1,138,120,18,25,60,3,11,14
533767984,0,,,503,240,263,43,22,21,438,207,231,257,137,120,425,202,223,419,198,221,181,70,111,108,36,72,37,11,26,3,1,2,9,4,5,196,195,59,46,40,29,14,6,1,129,88,41,7,115,8,27,21
533767991,0,,,483,252,231,48,24,24,392,198,194,286,151,135,385,192,193,371,184,187,106,47,59,64,25,39,24,8,16,2,1,1,50,14,36,234,234,116,51,30,21,9,3,4,104,81,23,17,70,37,15,20
533767992,0,,,167,89,78,22,9,13,96,51,45,96,51,45,91,48,43,91,48,43,0,0,0,0,0,0,0,0,0,0,0,0,17,7,10,78,78,28,25,17,5,2,0,1,35,34,1,11,0,6,0,0
533767993,0,,,699,357,342,50,29,21,493,241,252,327,172,155,485,238,247,477,234,243,166,69,97,91,39,52,36,10,26,1,0,1,49,26,23,318,318,149,65,36,43,15,5,5,133,91,42,12,114,20,29,22
533767994,0,,,24,13,11,4,3,1,20,10,10,10,4,6,18,9,9,17,8,9,10,6,4,5,3,2,1,1,0,0,0,0,0,0,0,7,7,2,1,1,1,0,1,1,5,3,2,1,6,0,2,1
533770362,2,533770364,,7,3,4,*,*,*,*,*,*,*,*,*,*,*,*,*,*,*,*,*,*,*,*,*,*,*,*,*,*,*,*,*,*,3,3,*,*,*,*,*,*,*,*,*,*,*,*,*,*,*
533770364,1,,533770362;533770462;533770852;533770861;533770944,54,24,30,8,6,2,73,28,45,41,15,26,73,28,45,73,28,45,32,13,19,18,6,12,4,2,2,0,0,0,9,0,9,28,28,21,14,6,1,2,0,0,22,18,4,3,21,7,7,10
533770462,2,533770364,,10,3,7,*,*,*,*,*,*,*,*,*,*,*,*,*,*,*,*,*,*,*,*,*,*,*,*,*,*,*,*,*,*,8,8,*,*,*,*,*,*,*,*,*,*,*,*,*,*,*
533770852,2,533770364,,4,2,2,*,*,*,*,*,*,*,*,*,*,*,*,*,*,*,*,*,*,*,*,*,*,*,*,*,*,*,*,*,*,2,2,*,*,*,*,*,*,*,*,*,*,*,*,*,*,*
533770861,2,533770364,,4,1,3,*,*,*,*,*,*,*,*,*,*,*,*,*,*,*,*,*,*,*,*,*,*,*,*,*,*,*,*,*,*,2,2,*,*,*,*,*,*,*,*,*,*,*,*,*,*,*
533770944,2,533770364,,2,1,1,*,*,*,*,*,*,*,*,*,*,*,*,*,*,*,*,*,*,*,*,*,*,*,*,*,*,*,*,*,*,1,1,*,*,*,*,*,*,*,*,*,*,*,*,*,*,*
533771001,2,533771004,,4,2,2,*,*,*,*,*,*,*,*,*,*,*,*,*,*,*,*,*,*,*,*,*,*,*,*,*,*,*,*,*,*,3,3,*,*,*,*,*,*,*,*,*,*,*,*,*,*,*
533771002,2,533771004,,1,1,0,*,*,*,*,*,*,*,*,*,*,*,*,*,*,*,*,*,*,*,*,*,*,*,*,*,*,*,*,*,*,1,1,*,*,*,*,*,*,*,*,*,*,*,*,*,*,*
533771004,1,,533771001;533771002,9,6,3,0,0,0,14,9,5,6,4,2,14,9,5,14,9,5,8,5,3,2,1,1,0,0,0,0,0,0,0,0,0,2,2,3,1,0,1,1,0,0,3,2,1,0,6,0,3,1
533771052,0,,,40,18,22,6,2,4,34,16,18,19,10,9,33,15,18,33,15,18,15,6,9,7,3,4,2,1,1,0,0,0,0,0,0,14,14,2,6,1,3,1,1,0,12,8,4,1,10,0,1,3
533771053,2,533771054,,1,0,1,*,*,*,*,*,*,*,*,*,*,*,*,*,*,*,*,*,*,*,*,*,*,*,*,*,*,*,*,*,*,1,1,*,*,*,*,*,*,*,*,*,*,*,*,*,*,*
533771054,1,,533771053,109,58,51,18,11,7,92,47,45,57,28,29,88,46,42,87,46,41,35,19,16,17,9,8,8,6,2,0,0,0,0,0,0,33,33,6,8,7,6,1,4,2,27,17,10,5,22,0,4,4
533771061,0,,,56,27,29,7,5,2,49,22,27,27,12,15,46,20,26,45,19,26,22,10,12,10,3,7,5,1,4,2,0,2,0,0,0,18,18,0,7,5,5,0,0,1,18,12,6,2,12,0,0,6
533771063,1,,533771064,45,21,24,5,1,4,41,21,20,25,13,12,38,20,18,37,20,17,16,8,8,7,3,4,2,0,2,0,0,0,0,0,0,12,12,2,4,1,1,2,2,1,11,4,7,1,10,0,2,0
533771064,2,533771063,,1,1,0,*,*,*,*,*,*,*,*,*,*,*,*,*,*,*,*,*,*,*,*,*,*,*,*,*,*,*,*,*,*,1,1,*,*,*,*,*,*,*,*,*,*,*,*,*,*,*
533771072,0,,,72,32,40,10,1,9,62,31,31,45,23,22,58,28,30,57,27,30,17,8,9,6,3,3,1,0,1,0,0,0,0,0,0,16,16,1,4,1,1,2,5,2,15,5,10,3,11,0,0,2
533771073,0,,,51,25,26,6,4,2,45,21,24,20,11,9,45,21,24,44,20,24,25,10,15,12,3,9,2,1,1,0,0,0,0,0,0,20,20,5,8,2,3,1,0,1,15,10,5,0,17,0,5,5
533771074,0,,,63,30,33,8,2,6,55,28,27,27,14,13,52,27,25,52,27,25,28,14,14,11,6,5,2,0,2,0,0,0,0,0,0,18,18,3,4,3,1,4,2,1,15,5,10,2,16,0,2,2
533771081,2,533771084,,7,4,3,*,*,*,*,*,*,*,*,*,*,*,*,*,*,*,*,*,*,*,*,*,*,*,*,*,*,*,*,*,*,2,2,*,*,*,*,*,*,*,*,*,*,*,*,*,*,*
533771082,0,,,38,20,18,3,2,1,35,18,17,24,13,11,33,17,16,31,15,16,11,5,6,6,2,4,2,0,2,0,0,0,0,0,0,11,11,2,4,1,0,1,1,2,9,5,4,1,8,0,2,0
533771084,1,,533771081,64,31,33,9,6,3,62,29,33,34,17,17,62,29,33,62,29,33,28,12,16,16,6,10,7,4,3,0,0,0,0,0,0,20,20,2,8,3,4,3,1,1,20,11,9,2,17,0,2,3
533771101,1,,533771104;533771202,5,2,3,0,0,0,18,7,11,6,2,4,18,7,11,18,7,11,12,5,7,5,1,4,2,0,2,0,0,0,0,0,0,2,2,1,4,3,0,0,0,0,7,5,2,0,7,0,1,3
533771104,2,533771101,,6,2,4,*,*,*,*,*,*,*,*,*,*,*,*,*,*,*,*,*,*,*,*,*,*,*,*,*,*,*,*,*,*,2,2,*,*,*,*,*,*,*,*,*,*,*,*,*,*,*
533771151,2,533771152,,39,20,19,*,*,*,*,*,*,*,*,*,*,*,*,*,*,*,*,*,*,*,*,*,*,*,*,*,*,*,*,*,*,4,3,*,*,*,*,*,*,*,*,*,*,*,*,*,*,*
533771152,1,,533771151,51,20,31,6,2,4,84,38,46,56,28,28,82,38,44,82,38,44,28,10,18,17,6,11,4,1,3,0,0,0,0,0,0,14,14,1,4,2,7,1,1,1,15,6,9,0,13,0,1,1
533771153,0,,,72,33,39,7,1,6,65,32,33,35,18,17,64,32,32,64,32,32,30,14,16,13,6,7,7,2,5,1,0,1,0,0,0,23,23,3,5,6,6,2,0,1,20,13,7,3,19,0,3,2
533771161,0,,,68,31,37,11,5,6,57,26,31,32,15,17,54,25,29,53,24,29,25,11,14,11,3,8,5,1,4,1,0,1,1,0,1,19,19,0,10,1,2,3,1,2,19,12,7,3,14,0,0,5
533771162,0,,,78,33,45,10,4,6,68,29,39,33,13,20,67,29,38,67,29,38,35,16,19,20,7,13,10,3,7,2,0,2,0,0,0,22,22,1,7,3,5,4,0,2,21,10,11,1,20,0,1,5
533771163,0,,,28,17,11,2,2,0,26,15,11,16,11,5,24,13,11,24,13,11,10,4,6,7,3,4,4,1,3,0,0,0,0,0,0,6,6,0,0,1,2,2,0,1,6,1,5,0,6,0,0,0
533771164,1,,533771262,87,44,43,9,4,5,89,43,46,46,23,23,88,42,46,86,40,46,43,20,23,22,9,13,7,2,5,1,0,1,0,0,0,26,26,3,9,10,3,2,3,1,28,15,13,2,25,0,3,6
533771171,0,,,37,18,19,6,4,2,31,14,17,14,8,6,30,13,17,30,13,17,17,6,11,7,2,5,4,1,3,0,0,0,0,0,0,9,9,0,3,0,2,2,1,1,9,3,6,1,9,0,0,2
533771172,0,,,84,38,46,11,7,4,73,31,42,42,21,21,71,30,41,70,30,40,31,10,21,17,4,13,8,2,6,0,0,0,0,0,0,23,23,3,3,7,4,1,2,3,20,9,11,5,21,0,3,1
533771181,0,,,81,43,38,12,7,5,69,36,33,40,21,19,66,34,32,66,34,32,29,15,14,12,7,5,2,1,1,0,0,0,0,0,0,28,28,3,14,5,1,1,2,2,25,18,7,1,19,0,2,7
533771182,0,,,212,99,113,37,16,21,175,83,92,116,56,60,165,78,87,163,76,87,59,27,32,29,11,18,12,4,8,0,0,0,1,0,1,59,59,8,20,4,8,7,5,7,51,32,19,7,45,0,6,9
533771191,0,,,172,90,82,28,18,10,144,72,72,84,44,40,135,68,67,134,68,66,60,28,32,34,15,19,8,2,6,0,0,0,0,0,0,57,57,10,19,8,9,4,5,2,46,31,15,5,37,1,7,7
533771192,0,,,34,14,20,2,0,2,32,14,18,11,7,4,32,14,18,32,14,18,21,7,14,9,1,8,6,1,5,1,0,1,0,0,0,15,15,3,7,3,2,0,0,0,12,9,3,0,11,0,2,5
533771193,0,,,118,63,55,21,11,10,97,52,45,74,42,32,94,51,43,93,50,43,23,10,13,11,6,5,5,3,2,0,0,0,0,0,0,46,46,11,14,10,8,1,2,0,35,29,6,10,16,0,3,4
533771194,0,,,72,36,36,5,1,4,67,35,32,49,28,21,64,33,31,63,32,31,18,7,11,9,3,6,3,0,3,1,0,1,2,2,0,25,25,4,9,6,1,3,1,1,19,11,8,1,11,3,0,2
533771202,2,533771101,,7,3,4,*,*,*,*,*,*,*,*,*,*,*,*,*,*,*,*,*,*,*,*,*,*,*,*,*,*,*,*,*,*,4,4,*,*,*,*,*,*,*,*,*,*,*,*,*,*,*
533771251,0,,,32,13,19,5,2,3,27,11,16,12,6,6,26,10,16,26,10,16,15,5,10,7,2,5,5,1,4,0,0,0,0,0,0,11,11,3,2,2,3,0,0,1,8,4,4,0,9,0,3,2
533771253,0,,,17,10,7,0,0,0,17,10,7,8,6,2,17,10,7,17,10,7,9,4,5,6,2,4,1,0,1,0,0,0,0,0,0,6,6,0,3,1,2,0,0,0,6,4,2,0,6,0,0,2
533771262,2,533771164,,11,3,8,*,*,*,*,*,*,*,*,*,*,*,*,*,*,*,*,*,*,*,*,*,*,*,*,*,*,*,*,*,*,5,5,*,*,*,*,*,*,*,*,*,*,*,*,*,*,*
533771292,0,,,12,7,5,2,2,0,10,5,5,6,3,3,10,5,5,10,5,5,4,2,2,2,1,1,1,1,0,0,0,0,0,0,0,4,4,0,2,0,2,0,0,0,4,3,1,1,3,0,0,1
533771344,2,533771351,,7,5,2,*,*,*,*,*,*,*,*,*,*,*,*,*,*,*,*,*,*,*,*,*,*,*,*,*,*,*,*,*,*,2,2,*,*,*,*,*,*,*,*,*,*,*,*,*,*,*
533771351,1,,533771344,41,21,20,7,4,3,41,22,19,24,12,12,41,22,19,41,22,19,17,10,7,11,6,5,9,6,3,0,0,0,0,0,0,13,13,1,4,4,4,1,1,0,14,9,5,3,11,0,1,4
533771402,2,533771502,,5,3,2,*,*,*,*,*,*,*,*,*,*,*,*,*,*,*,*,*,*,*,*,*,*,*,*,*,*,*,*,*,*,4,4,*,*,*,*,*,*,*,*,*,*,*,*,*,*,*
533771404,2,533771502,,3,2,1,*,*,*,*,*,*,*,*,*,*,*,*,*,*,*,*,*,*,*,*,*,*,*,*,*,*,*,*,*,*,3,3,*,*,*,*,*,*,*,*,*,*,*,*,*,*,*
533771451,0,,,12,7,5,0,0,0,12,7,5,7,4,3,12,7,5,12,7,5,5,3,2,5,3,2,2,1,1,0,0,0,0,0,0,4,4,0,1,2,1,0,0,0,4,2,2,0,3,0,0,1
533771454,0,,,18,10,8,3,2,1,15,8,7,10,5,5,14,7,7,13,7,6,5,3,2,3,2,1,1,0,1,0,0,0,0,0,0,4,4,0,0,1,2,0,0,1,4,0,4,1,4,0,0,0
533771502,1,,533771402;533771404,10,5,5,0,0,0,18,10,8,9,5,4,17,10,7,16,9,7,9,5,4,5,2,3,3,1,2,0,0,0,0,0,0,5,5,8,3,0,1,0,0,0,4,3,1,0,8,0,5,2
533771552,0,,,22,9,13,1,0,1,21,9,12,12,5,7,19,9,10,19,9,10,9,4,5,5,2,3,4,1,3,1,0,1,0,0,0,8,8,1,3,1,3,0,0,0,7,5,2,0,5,0,0,1
533771554,0,,,69,32,37,11,3,8,58,29,29,31,15,16,57,29,28,56,28,28,27,14,13,18,10,8,6,4,2,0,0,0,0,0,0,19,19,3,5,3,3,2,0,3,16,9,7,1,16,0,3,3
533771563,0,,,9,4,5,0,0,0,9,4,5,2,1,1,9,4,5,9,4,5,7,3,4,5,2,3,1,0,1,0,0,0,0,0,0,4,4,1,1,2,0,0,0,0,3,3,0,0,4,0,1,1
533771652,0,,,12,7,5,0,0,0,12,7,5,6,4,2,12,7,5,12,7,5,6,3,3,2,1,1,0,0,0,0,0,0,0,0,0,5,5,1,2,1,1,0,0,0,4,3,1,0,4,0,0,2
533771654,0,,,26,12,14,4,1,3,22,11,11,13,6,7,21,11,10,21,11,10,9,5,4,5,3,2,3,2,1,1,1,0,0,0,0,8,8,2,2,0,2,1,0,1,6,3,3,1,7,0,2,1
533771744,0,,,8,4,4,0,0,0,8,4,4,2,2,0,8,4,4,8,4,4,6,2,4,6,2,4,5,2,3,0,0,0,0,0,0,5,5,3,1,1,0,0,0,0,2,2,0,0,4,0,2,1
533771752,0,,,68,31,37,5,3,2,63,28,35,30,15,15,59,27,32,59,27,32,33,13,20,16,6,10,4,0,4,1,0,1,1,0,1,22,22,4,4,6,5,2,0,1,18,10,8,1,20,0,4,3
533771753,0,,,74,35,39,7,2,5,67,33,34,39,20,19,67,33,34,66,33,33,28,13,15,20,11,9,8,4,4,1,0,1,0,0,0,22,22,4,5,4,4,2,1,2,18,9,9,4,16,0,1,2
533771754,0,,,24,11,13,2,1,1,22,10,12,7,3,4,22,10,12,22,10,12,15,7,8,11,6,5,5,2,3,0,0,0,0,0,0,10,10,1,6,1,2,0,0,0,9,7,2,0,9,0,1,5
533771851,2,533771852,,12,5,7,*,*,*,*,*,*,*,*,*,*,*,*,*,*,*,*,*,*,*,*,*,*,*,*,*,*,*,*,*,*,3,3,*,*,*,*,*,*,*,*,*,*,*,*,*,*,*
533771852,1,,533771851,18,10,8,3,2,1,27,13,14,12,5,7,26,13,13,26,13,13,15,8,7,9,4,5,4,2,2,0,0,0,0,0,0,7,7,2,3,1,3,0,0,1,8,4,4,1,9,0,2,2
533771861,0,,,32,15,17,7,3,4,25,12,13,21,11,10,24,11,13,23,11,12,4,1,3,2,0,2,2,0,2,0,0,0,0,0,0,8,8,0,1,2,3,0,2,0,8,4,4,4,4,0,0,1
533771863,0,,,23,10,13,4,2,2,19,8,11,11,5,6,19,8,11,19,8,11,8,3,5,5,1,4,1,1,0,0,0,0,0,0,0,7,7,1,1,2,2,0,1,0,6,2,4,1,6,0,1,1
533772042,0,,,92,47,45,17,12,5,75,35,40,44,22,22,73,33,40,72,32,40,31,13,18,17,5,12,6,0,6,0,0,0,0,0,0,36,36,7,13,7,7,2,0,0,29,23,6,3,23,0,6,8
533772044,0,,,57,26,31,6,1,5,51,25,26,30,16,14,48,23,25,47,22,25,21,9,12,13,6,7,2,1,1,0,0,0,1,1,0,20,20,3,8,4,2,1,1,1,17,12,5,1,16,0,3,3
533772052,2,533772054,,7,2,5,*,*,*,*,*,*,*,*,*,*,*,*,*,*,*,*,*,*,*,*,*,*,*,*,*,*,*,*,*,*,2,2,*,*,*,*,*,*,*,*,*,*,*,*,*,*,*
533772053,0,,,9,4,5,1,0,1,8,4,4,1,0,1,8,4,4,8,4,4,7,4,3,6,4,2,0,0,0,0,0,0,0,0,0,4,4,1,2,0,1,0,0,0,3,2,1,0,4,0,1,2
533772054,1,,533772052,29,17,12,6,2,4,30,17,13,13,7,6,29,16,13,29,16,13,17,10,7,5,3,2,1,1,0,0,0,0,0,0,0,8,8,2,1,3,0,1,3,0,8,4,4,1,10,0,2,1
533772124,2,533772133,,2,1,1,*,*,*,*,*,*,*,*,*,*,*,*,*,*,*,*,*,*,*,*,*,*,*,*,*,*,*,*,*,*,1,1,*,*,*,*,*,*,*,*,*,*,*,*,*,*,*
533772133,1,,533772124,81,41,40,10,6,4,73,36,37,37,21,16,71,34,37,70,33,37,36,15,21,20,8,12,6,1,5,1,0,1,0,0,0,27,27,4,11,6,2,2,1,2,24,17,7,3,22,0,2,8
533772134,0,,,35,16,19,0,0,0,35,16,19,14,9,5,35,16,19,35,16,19,21,7,14,14,4,10,6,1,5,0,0,0,0,0,0,15,15,4,3,7,1,0,0,0,11,6,5,0,14,0,4,3
533772142,0,,,66,30,36,5,4,1,61,26,35,32,17,15,60,25,35,59,24,35,29,9,20,24,7,17,14,3,11,0,0,0,0,0,0,23,23,6,7,2,5,1,0,2,17,10,7,3,19,0,5,5
533772143,0,,,22,14,8,0,0,0,22,14,8,14,10,4,21,13,8,20,13,7,8,4,4,5,3,2,2,1,1,0,0,0,0,0,0,6,6,2,0,0,1,2,1,0,4,1,3,0,4,0,1,0
533772151,1,,533772152;533772263,58,27,31,4,1,3,62,29,33,23,13,10,62,29,33,62,29,33,39,16,23,18,6,12,4,1,3,1,0,1,0,0,0,24,24,6,11,7,1,0,1,1,21,13,8,1,26,0,6,7
533772152,2,533772151,,7,3,4,*,*,*,*,*,*,*,*,*,*,*,*,*,*,*,*,*,*,*,*,*,*,*,*,*,*,*,*,*,*,2,2,*,*,*,*,*,*,*,*,*,*,*,*,*,*,*
533772201,2,533772203,,2,1,1,*,*,*,*,*,*,*,*,*,*,*,*,*,*,*,*,*,*,*,*,*,*,*,*,*,*,*,*,*,*,1,1,*,*,*,*,*,*,*,*,*,*,*,*,*,*,*
533772203,1,,533772201,80,26,54,0,0,0,82,27,55,17,6,11,81,27,54,80,26,54,65,21,44,51,13,38,32,4,28,13,2,11,0,0,0,20,19,5,8,5,1,0,1,0,15,10,5,0,18,0,4,6
533772214,0,,,42,19,23,4,2,2,38,17,21,16,8,8,37,17,20,37,17,20,22,9,13,14,5,9,7,3,4,0,0,0,0,0,0,17,17,5,6,2,2,1,1,0,12,8,4,0,14,0,5,2
533772221,0,,,36,19,17,4,3,1,32,16,16,17,9,8,32,16,16,32,16,16,15,7,8,8,3,5,2,1,1,0,0,0,0,0,0,13,13,2,5,3,1,1,1,0,11,6,5,2,10,0,2,2
533772222,0,,,17,8,9,0,0,0,17,8,9,3,1,2,17,8,9,17,8,9,14,7,7,8,3,5,4,2,2,0,0,0,0,0,0,7,7,1,3,2,1,0,0,0,6,4,2,0,7,0,1,3
533772223,0,,,21,10,11,3,1,2,18,9,9,8,4,4,18,9,9,18,9,9,10,5,5,6,3,3,3,2,1,0,0,0,0,0,0,7,7,2,1,2,1,0,0,1,5,1,4,1,7,0,2,1
533772263,2,533772151,,1,0,1,*,*,*,*,*,*,*,*,*,*,*,*,*,*,*,*,*,*,*,*,*,*,*,*,*,*,*,*,*,*,1,1,*,*,*,*,*,*,*,*,*,*,*,*,*,*,*
533772301,0,,,161,98,63,15,8,7,139,83,56,91,63,28,138,83,55,133,79,54,48,20,28,27,11,16,8,3,5,0,0,0,0,0,0,89,89,52,17,10,6,3,1,0,37,28,9,3,32,20,7,9
533772302,0,,,46,28,18,1,0,1,45,28,17,17,12,5,45,28,17,45,28,17,28,16,12,13,9,4,5,3,2,1,1,0,8,7,1,23,23,10,8,2,2,0,1,0,13,11,2,0,17,6,4,8
533772303,0,,,209,97,112,24,11,13,185,86,99,94,48,46,179,82,97,177,81,96,91,38,53,50,17,33,17,7,10,1,0,1,4,0,4,78,78,21,21,16,11,4,2,3,57,41,16,8,58,3,17,12
533772304,0,,,221,114,107,18,9,9,203,105,98,95,54,41,199,104,95,198,104,94,108,51,57,55,26,29,18,5,13,2,0,2,1,0,1,89,89,24,29,16,13,4,2,1,64,45,19,6,64,4,10,21
533772312,0,,,120,54,66,13,6,7,107,48,59,45,23,22,106,48,58,106,48,58,62,25,37,36,13,23,16,7,9,2,0,2,0,0,0,44,44,7,17,10,6,2,0,2,37,23,14,2,38,0,6,11
533772313,0,,,187,91,96,11,7,4,176,84,92,90,44,46,167,80,87,166,80,86,86,40,46,48,24,24,17,6,11,0,0,0,0,0,0,66,66,11,25,10,11,5,1,3,55,35,20,4,51,0,6,16
533772314,0,,,25,10,15,0,0,0,25,10,15,15,6,9,24,10,14,24,10,14,10,4,6,5,2,3,3,1,2,0,0,0,0,0,0,7,7,0,0,3,4,0,0,0,7,2,5,0,7,0,0,0
533772401,0,,,16,8,8,0,0,0,16,8,8,9,4,5,15,7,8,14,7,7,7,4,3,4,2,2,1,1,0,0,0,0,0,0,0,7,7,1,3,3,0,0,0,0,6,6,0,0,4,0,1,2
533772402,0,,,277,127,150,30,19,11,246,107,139,110,51,59,241,106,135,240,106,134,136,56,80,97,38,59,39,19,20,4,1,3,2,2,0,106,104,30,33,18,10,6,2,5,74,49,25,8,86,1,25,20
533772404,0,,,158,75,83,19,9,10,139,66,73,64,32,32,132,62,70,129,61,68,75,34,41,49,22,27,13,7,6,1,0,1,0,0,0,57,57,15,21,5,7,3,1,5,42,30,12,2,47,0,13,15
533772411,0,,,78,38,40,5,3,2,73,35,38,37,19,18,72,34,38,71,34,37,36,16,20,22,9,13,7,1,6,0,0,0,0,0,0,34,34,10,12,8,1,2,1,0,24,18,6,0,24,0,6,6
533772502,0,,,82,42,40,3,1,2,78,40,38,41,24,17,75,39,36,74,38,36,37,16,21,26,10,16,10,4,6,0,0,0,1,0,1,39,39,17,11,6,2,2,0,1,22,15,7,0,22,3,6,7
533772504,0,,,102,53,49,17,11,6,85,42,43,52,27,25,80,39,41,78,37,41,33,15,18,19,10,9,6,3,3,2,1,1,1,0,1,37,37,5,13,9,7,2,1,0,32,27,5,5,19,0,4,8
533772602,0,,,57,33,24,10,8,2,47,25,22,28,15,13,45,24,21,44,23,21,19,10,9,8,4,4,1,0,1,0,0,0,0,0,0,21,21,7,5,3,2,3,0,1,14,9,5,3,10,1,1,2
533772604,0,,,18,7,11,2,0,2,16,7,9,8,4,4,16,7,9,16,7,9,8,3,5,8,3,5,6,3,3,0,0,0,0,0,0,6,6,1,1,1,3,0,0,0,5,2,3,0,5,0,1,1
533772611,2,533772613,,5,2,3,*,*,*,*,*,*,*,*,*,*,*,*,*,*,*,*,*,*,*,*,*,*,*,*,*,*,*,*,*,*,3,3,*,*,*,*,*,*,*,*,*,*,*,*,*,*,*
533772613,1,,533772611;533772711,20,9,11,1,0,1,31,15,16,8,5,3,31,15,16,31,15,16,23,10,13,11,5,6,3,2,1,1,0,1,0,0,0,8,8,6,6,3,0,1,0,0,10,8,2,0,15,0,6,4
533772711,2,533772613,,7,4,3,*,*,*,*,*,*,*,*,*,*,*,*,*,*,*,*,*,*,*,*,*,*,*,*,*,*,*,*,*,*,5,5,*,*,*,*,*,*,*,*,*,*,*,*,*,*,*
533772721,2,533772723,,2,1,1,*,*,*,*,*,*,*,*,*,*,*,*,*,*,*,*,*,*,*,*,*,*,*,*,*,*,*,*,*,*,1,1,*,*,*,*,*,*,*,*,*,*,*,*,*,*,*
533772723,1,,533772721;533772724,6,2,4,3,1,2,15,6,9,5,2,3,15,6,9,15,6,9,10,4,6,5,1,4,2,0,2,0,0,0,0,0,0,3,3,2,1,1,1,0,0,1,4,1,3,1,6,0,2,1
533772724,2,533772723,,10,4,6,*,*,*,*,*,*,*,*,*,*,*,*,*,*,*,*,*,*,*,*,*,*,*,*,*,*,*,*,*,*,2,2,*,*,*,*,*,*,*,*,*,*,*,*,*,*,*
533772824,2,533772921,,7,2,5,*,*,*,*,*,*,*,*,*,*,*,*,*,*,*,*,*,*,*,*,*,*,*,*,*,*,*,*,*,*,4,4,*,*,*,*,*,*,*,*,*,*,*,*,*,*,*
533772921,1,,533772824,9,3,6,0,0,0,16,5,11,3,0,3,16,5,11,16,5,11,13,5,8,10,4,6,3,1,2,0,0,0,0,0,0,4,4,1,6,1,0,0,0,0,7,7,0,0,8,0,1,4
533772922,0,,,31,13,18,0,0,0,31,13,18,21,9,12,30,13,17,30,13,17,10,4,6,6,2,4,2,0,2,1,0,1,0,0,0,12,12,4,2,3,2,0,1,0,8,4,4,0,7,0,2,0
533772924,1,,533772984;533772992,43,24,19,3,3,0,47,24,23,25,13,12,45,23,22,45,23,22,22,11,11,15,8,7,5,1,4,0,0,0,0,0,0,13,13,2,5,4,2,1,1,1,14,7,7,1,12,0,2,4
533772984,2,533772924,,5,2,3,*,*,*,*,*,*,*,*,*,*,*,*,*,*,*,*,*,*,*,*,*,*,*,*,*,*,*,*,*,*,2,2,*,*,*,*,*,*,*,*,*,*,*,*,*,*,*
533772992,2,533772924,,2,1,1,*,*,*,*,*,*,*,*,*,*,*,*,*,*,*,*,*,*,*,*,*,*,*,*,*,*,*,*,*,*,1,1,*,*,*,*,*,*,*,*,*,*,*,*,*,*,*
533773054,1,,533773283,13,8,5,0,0,0,14,9,5,10,6,4,14,9,5,14,9,5,4,3,1,2,2,0,0,0,0,0,0,0,0,0,0,11,11,10,2,0,0,0,0,0,2,2,0,0,3,1,1,1
533773283,2,533773054,,1,1,0,*,*,*,*,*,*,*,*,*,*,*,*,*,*,*,*,*,*,*,*,*,*,*,*,*,*,*,*,*,*,1,1,*,*,*,*,*,*,*,*,*,*,*,*,*,*,*
533773821,2,533773912,,8,3,5,*,*,*,*,*,*,*,*,*,*,*,*,*,*,*,*,*,*,*,*,*,*,*,*,*,*,*,*,*,*,4,4,*,*,*,*,*,*,*,*,*,*,*,*,*,*,*
533773911,2,533773912,,8,1,7,*,*,*,*,*,*,*,*,*,*,*,*,*,*,*,*,*,*,*,*,*,*,*,*,*,*,*,*,*,*,3,3,*,*,*,*,*,*,*,*,*,*,*,*,*,*,*
533773912,1,,533773821;533773911,4,3,1,2,0,2,18,7,11,11,6,5,18,7,11,18,7,11,7,1,6,5,0,5,3,0,3,1,0,1,0,0,0,2,2,5,0,3,0,0,1,0,4,2,2,0,6,0,3,0
533774034,2,533774154,,2,1,1,*,*,*,*,*,*,*,*,*,*,*,*,*,*,*,*,*,*,*,*,*,*,*,*,*,*,*,*,*,*,1,1,*,*,*,*,*,*,*,*,*,*,*,*,*,*,*
533774064,0,,,26,11,15,2,0,2,24,11,13,7,4,3,23,10,13,23,10,13,17,7,10,9,4,5,2,0,2,0,0,0,0,0,0,12,12,4,6,0,1,0,1,0,8,6,2,0,11,0,3,4
533774152,0,,,13,8,5,3,2,1,10,6,4,5,3,2,10,6,4,10,6,4,5,3,2,3,1,2,1,0,1,0,0,0,0,0,0,5,5,1,1,2,1,0,0,0,4,4,0,1,3,0,1,1
533774153,2,533774154,,1,0,1,*,*,*,*,*,*,*,*,*,*,*,*,*,*,*,*,*,*,*,*,*,*,*,*,*,*,*,*,*,*,1,1,*,*,*,*,*,*,*,*,*,*,*,*,*,*,*
533774154,1,,533774034;533774153,45,26,19,5,3,2,43,24,19,19,12,7,42,23,19,41,22,19,24,12,12,9,3,6,2,1,1,0,0,0,0,0,0,17,17,6,6,1,4,1,1,0,13,8,5,1,16,0,5,4
533774162,2,533774163,,5,3,2,*,*,*,*,*,*,*,*,*,*,*,*,*,*,*,*,*,*,*,*,*,*,*,*,*,*,*,*,*,*,3,3,*,*,*,*,*,*,*,*,*,*,*,*,*,*,*
533774163,1,,533774162,38,18,20,6,3,3,37,18,19,19,9,10,37,18,19,37,18,19,18,9,9,5,2,3,4,2,2,0,0,0,0,0,0,17,17,5,11,2,0,2,0,0,15,14,1,2,13,1,3,6
533774164,0,,,13,8,5,0,0,0,13,8,5,2,1,1,13,8,5,13,8,5,11,7,4,3,2,1,0,0,0,0,0,0,0,0,0,8,8,3,5,0,0,0,0,0,5,5,0,0,7,0,3,4
533774171,2,533774173,,6,4,2,*,*,*,*,*,*,*,*,*,*,*,*,*,*,*,*,*,*,*,*,*,*,*,*,*,*,*,*,*,*,4,4,*,*,*,*,*,*,*,*,*,*,*,*,*,*,*
533774173,1,,533774171,16,10,6,0,0,0,21,13,8,9,5,4,21,13,8,21,13,8,12,8,4,5,4,1,1,0,1,1,0,1,0,0,0,10,10,7,6,1,0,0,0,0,7,6,1,0,8,0,5,2
533774181,2,533774184,,2,0,2,*,*,*,*,*,*,*,*,*,*,*,*,*,*,*,*,*,*,*,*,*,*,*,*,*,*,*,*,*,*,2,2,*,*,*,*,*,*,*,*,*,*,*,*,*,*,*
533774182,2,533774184,,7,4,3,*,*,*,*,*,*,*,*,*,*,*,*,*,*,*,*,*,*,*,*,*,*,*,*,*,*,*,*,*,*,4,4,*,*,*,*,*,*,*,*,*,*,*,*,*,*,*
533774184,1,,533774181;533774182;533774282;533774283,19,11,8,0,0,0,35,19,16,16,10,6,34,19,15,34,19,15,19,9,10,13,6,7,3,1,2,0,0,0,1,0,1,8,8,6,5,5,1,0,0,0,11,8,3,0,11,0,4,2
533774192,0,,,9,5,4,0,0,0,9,5,4,5,3,2,9,5,4,9,5,4,4,2,2,2,1,1,0,0,0,0,0,0,0,0,0,5,5,2,2,1,0,0,0,0,3,3,0,0,3,0,2,0
533774194,0,,,48,26,22,5,3,2,43,23,20,20,14,6,42,22,20,42,22,20,23,9,14,7,2,5,3,1,2,0,0,0,0,0,0,16,16,4,5,3,1,1,0,2,12,8,4,0,13,0,2,4
533774242,2,533774253,,2,1,1,*,*,*,*,*,*,*,*,*,*,*,*,*,*,*,*,*,*,*,*,*,*,*,*,*,*,*,*,*,*,1,1,*,*,*,*,*,*,*,*,*,*,*,*,*,*,*
533774251,2,533774253,,3,1,2,*,*,*,*,*,*,*,*,*,*,*,*,*,*,*,*,*,*,*,*,*,*,*,*,*,*,*,*,*,*,2,2,*,*,*,*,*,*,*,*,*,*,*,*,*,*,*
533774253,1,,533774242;533774251,25,11,14,2,0,2,28,13,15,7,5,2,28,13,15,27,12,15,21,8,13,12,4,8,2,0,2,1,0,1,0,0,0,11,11,3,8,1,2,0,0,0,11,8,3,0,13,0,3,6
533774254,0,,,19,12,7,2,2,0,17,10,7,8,5,3,17,10,7,15,8,7,9,5,4,4,2,2,1,1,0,0,0,0,0,0,0,7,7,2,1,2,1,1,0,0,5,4,1,0,6,0,2,0
533774261,2,533774263,,1,0,1,*,*,*,*,*,*,*,*,*,*,*,*,*,*,*,*,*,*,*,*,*,*,*,*,*,*,*,*,*,*,1,1,*,*,*,*,*,*,*,*,*,*,*,*,*,*,*
533774263,1,,533774261,9,5,4,0,0,0,10,5,5,6,3,3,10,5,5,10,5,5,4,2,2,2,0,2,1,0,1,1,0,1,0,0,0,5,5,3,2,1,0,0,0,0,3,2,1,0,3,0,0,1
533774272,2,533774274,,4,2,2,*,*,*,*,*,*,*,*,*,*,*,*,*,*,*,*,*,*,*,*,*,*,*,*,*,*,*,*,*,*,2,2,*,*,*,*,*,*,*,*,*,*,*,*,*,*,*
533774274,1,,533774272,30,13,17,1,0,1,33,15,18,12,7,5,31,13,18,30,13,17,21,8,13,8,3,5,1,0,1,0,0,0,0,0,0,13,13,5,6,1,1,2,0,0,10,7,3,0,14,0,4,5
533774282,2,533774184,,4,3,1,*,*,*,*,*,*,*,*,*,*,*,*,*,*,*,*,*,*,*,*,*,*,*,*,*,*,*,*,*,*,2,2,*,*,*,*,*,*,*,*,*,*,*,*,*,*,*
533774283,2,533774184,,3,1,2,*,*,*,*,*,*,*,*,*,*,*,*,*,*,*,*,*,*,*,*,*,*,*,*,*,*,*,*,*,*,1,1,*,*,*,*,*,*,*,*,*,*,*,*,*,*,*
533774292,1,,533774294,39,19,20,5,3,2,35,16,19,21,9,12,34,16,18,32,15,17,14,7,7,5,1,4,2,1,1,0,0,0,0,0,0,15,15,4,5,3,3,1,0,0,12,10,2,1,9,0,2,1
533774294,2,533774292,,1,0,1,*,*,*,*,*,*,*,*,*,*,*,*,*,*,*,*,*,*,*,*,*,*,*,*,*,*,*,*,*,*,1,1,*,*,*,*,*,*,*,*,*,*,*,*,*,*,*
533774344,2,533774353,,2,1,1,*,*,*,*,*,*,*,*,*,*,*,*,*,*,*,*,*,*,*,*,*,*,*,*,*,*,*,*,*,*,1,1,*,*,*,*,*,*,*,*,*,*,*,*,*,*,*
533774351,2,533774353,,2,2,0,*,*,*,*,*,*,*,*,*,*,*,*,*,*,*,*,*,*,*,*,*,*,*,*,*,*,*,*,*,*,2,2,*,*,*,*,*,*,*,*,*,*,*,*,*,*,*
533774352,1,,533774354,48,11,37,0,0,0,55,15,40,8,3,5,55,15,40,55,15,40,47,12,35,36,7,29,29,3,26,8,0,8,0,0,0,1,0,1,3,0,0,0,0,0,3,3,0,0,3,0,1,2
533774353,1,,533774344;533774351,24,10,14,4,2,2,24,11,13,12,5,7,22,10,12,22,10,12,12,6,6,6,3,3,1,1,0,0,0,0,1,0,1,9,9,5,4,0,2,0,0,1,7,4,3,0,8,2,2,3
533774354,2,533774352,,7,4,3,*,*,*,*,*,*,*,*,*,*,*,*,*,*,*,*,*,*,*,*,*,*,*,*,*,*,*,*,*,*,4,4,*,*,*,*,*,*,*,*,*,*,*,*,*,*,*
533774361,0,,,10,4,6,1,0,1,9,4,5,3,1,2,9,4,5,9,4,5,6,3,3,4,3,1,0,0,0,0,0,0,0,0,0,5,5,1,3,1,0,0,0,0,4,4,0,0,3,0,0,3
533774363,0,,,35,17,18,3,1,2,32,16,16,19,10,9,31,15,16,31,15,16,13,6,7,4,1,3,1,0,1,0,0,0,0,0,0,18,18,7,7,2,2,0,0,0,11,9,2,0,9,2,3,5
533774372,0,,,44,24,20,2,1,1,41,23,18,22,14,8,39,21,18,39,21,18,19,9,10,13,6,7,6,2,4,0,0,0,0,0,0,15,15,3,6,1,1,2,2,0,12,7,5,0,12,0,1,2
533774374,0,,,27,14,13,2,1,1,25,13,12,13,6,7,24,13,11,24,13,11,12,7,5,6,3,3,1,0,1,0,0,0,1,0,1,11,11,2,4,3,2,0,0,0,8,8,0,1,8,0,2,2
533774381,0,,,19,13,6,5,5,0,14,8,6,13,8,5,13,7,6,13,7,6,1,0,1,1,0,1,0,0,0,0,0,0,1,1,0,9,9,5,0,2,2,0,0,0,4,4,0,3,1,2,1,0
533774442,1,,533774444,27,14,13,2,1,1,27,14,13,10,6,4,27,14,13,27,14,13,17,8,9,14,7,7,3,2,1,0,0,0,0,0,0,10,10,2,5,2,0,1,1,0,9,7,2,1,10,0,2,4
533774444,2,533774442,,2,1,1,*,*,*,*,*,*,*,*,*,*,*,*,*,*,*,*,*,*,*,*,*,*,*,*,*,*,*,*,*,*,1,1,*,*,*,*,*,*,*,*,*,*,*,*,*,*,*
533774461,1,,533774462,36,19,17,4,2,2,38,20,18,18,10,8,38,20,18,38,20,18,20,10,10,14,7,7,6,4,2,0,0,0,1,0,1,16,16,5,9,1,1,1,0,1,13,10,3,0,14,0,2,3
533774462,2,533774461,,6,3,3,*,*,*,*,*,*,*,*,*,*,*,*,*,*,*,*,*,*,*,*,*,*,*,*,*,*,*,*,*,*,2,2,*,*,*,*,*,*,*,*,*,*,*,*,*,*,*
533774463,0,,,11,4,7,0,0,0,11,4,7,3,1,2,11,4,7,11,4,7,8,3,5,6,2,4,5,2,3,0,0,0,0,0,0,5,5,1,2,2,0,0,0,0,4,3,1,0,5,0,1,2
533774464,0,,,33,17,16,3,1,2,30,16,14,17,10,7,28,15,13,28,15,13,13,6,7,5,2,3,4,2,2,0,0,0,0,0,0,12,12,2,5,2,1,1,1,0,10,8,2,0,7,0,0,2
533774472,0,,,12,7,5,0,0,0,11,6,5,4,3,1,11,6,5,11,6,5,7,3,4,3,1,2,1,0,1,0,0,0,0,0,0,8,8,5,2,1,0,0,0,0,2,1,1,0,4,1,1,1
533774542,1,,533774612,16,7,9,0,0,0,14,6,8,2,1,1,14,6,8,14,6,8,12,5,7,3,1,2,1,0,1,0,0,0,0,0,0,7,7,1,5,1,1,0,0,0,6,6,0,0,7,0,1,4
533774561,0,,,13,5,8,3,1,2,10,4,6,10,4,6,10,4,6,10,4,6,0,0,0,0,0,0,0,0,0,0,0,0,0,0,0,6,6,2,2,1,1,0,0,0,3,3,0,0,0,0,0,0
533774562,0,,,71,35,36,3,2,1,68,33,35,38,20,18,65,32,33,65,32,33,30,13,17,19,5,14,7,1,6,0,0,0,6,3,3,35,35,18,9,3,3,0,1,1,17,11,6,0,22,1,8,6
533774564,0,,,20,10,10,0,0,0,20,10,10,6,3,3,20,10,10,20,10,10,14,7,7,7,3,4,3,2,1,0,0,0,0,0,0,10,10,3,4,3,0,0,0,0,7,7,0,0,9,0,2,2
533774573,0,,,16,11,5,0,0,0,16,11,5,6,6,0,16,11,5,16,11,5,10,5,5,6,3,3,3,1,2,0,0,0,0,0,0,10,10,5,4,1,0,0,0,0,5,5,0,0,7,0,2,2
533774612,2,533774542,,2,1,1,*,*,*,*,*,*,*,*,*,*,*,*,*,*,*,*,*,*,*,*,*,*,*,*,*,*,*,*,*,*,1,1,*,*,*,*,*,*,*,*,*,*,*,*,*,*,*
533774624,2,533774722,,5,2,3,*,*,*,*,*,*,*,*,*,*,*,*,*,*,*,*,*,*,*,*,*,*,*,*,*,*,*,*,*,*,3,3,*,*,*,*,*,*,*,*,*,*,*,*,*,*,*
533774652,0,,,18,7,11,0,0,0,18,7,11,8,4,4,18,7,11,18,7,11,10,3,7,8,2,6,3,0,3,0,0,0,0,0,0,9,9,4,2,2,1,0,0,0,5,3,2,0,7,0,2,1
533774661,0,,,15,7,8,0,0,0,15,7,8,4,2,2,15,7,8,15,7,8,11,5,6,11,5,6,4,2,2,0,0,0,0,0,0,9,9,5,3,0,1,0,0,0,4,3,1,0,8,0,5,2
533774673,1,,533774771;533774772,63,30,33,6,4,2,62,29,33,25,12,13,61,29,32,61,29,32,37,17,20,26,10,16,8,4,4,0,0,0,2,0,2,27,27,8,15,2,2,2,1,0,22,17,5,2,24,0,7,10
533774721,2,533774722,,6,3,3,*,*,*,*,*,*,*,*,*,*,*,*,*,*,*,*,*,*,*,*,*,*,*,*,*,*,*,*,*,*,2,2,*,*,*,*,*,*,*,*,*,*,*,*,*,*,*
533774722,1,,533774624;533774721;533774723;533774812,5,2,3,3,2,1,19,8,11,9,5,4,19,8,11,19,8,11,10,3,7,5,1,4,3,0,3,0,0,0,0,0,0,2,2,4,0,3,1,1,0,0,5,3,2,0,7,0,4,0
533774723,2,533774722,,3,2,1,*,*,*,*,*,*,*,*,*,*,*,*,*,*,*,*,*,*,*,*,*,*,*,*,*,*,*,*,*,*,1,1,*,*,*,*,*,*,*,*,*,*,*,*,*,*,*
533774771,2,533774673,,2,1,1,*,*,*,*,*,*,*,*,*,*,*,*,*,*,*,*,*,*,*,*,*,*,*,*,*,*,*,*,*,*,1,1,*,*,*,*,*,*,*,*,*,*,*,*,*,*,*
533774772,2,533774673,,3,2,1,*,*,*,*,*,*,*,*,*,*,*,*,*,*,*,*,*,*,*,*,*,*,*,*,*,*,*,*,*,*,2,2,*,*,*,*,*,*,*,*,*,*,*,*,*,*,*
533774812,2,533774722,,3,1,2,*,*,*,*,*,*,*,*,*,*,*,*,*,*,*,*,*,*,*,*,*,*,*,*,*,*,*,*,*,*,1,1,*,*,*,*,*,*,*,*,*,*,*,*,*,*,*
533774821,2,533774922,,6,4,2,*,*,*,*,*,*,*,*,*,*,*,*,*,*,*,*,*,*,*,*,*,*,*,*,*,*,*,*,*,*,2,2,*,*,*,*,*,*,*,*,*,*,*,*,*,*,*
533774823,2,533774922,,3,2,1,*,*,*,*,*,*,*,*,*,*,*,*,*,*,*,*,*,*,*,*,*,*,*,*,*,*,*,*,*,*,2,2,*,*,*,*,*,*,*,*,*,*,*,*,*,*,*
533774921,2,533774922,,2,2,0,*,*,*,*,*,*,*,*,*,*,*,*,*,*,*,*,*,*,*,*,*,*,*,*,*,*,*,*,*,*,2,2,*,*,*,*,*,*,*,*,*,*,*,*,*,*,*
533774922,1,,533774821;533774823;533774921;533774924;533774933,2,1,1,1,0,1,23,14,9,8,4,4,23,14,9,23,14,9,15,10,5,8,6,2,2,1,1,0,0,0,0,0,0,1,1,4,4,1,1,1,0,0,7,5,2,1,10,0,4,4
533774923,0,,,16,10,6,0,0,0,16,10,6,5,3,2,16,10,6,16,10,6,11,7,4,4,2,2,2,2,0,0,0,0,0,0,0,6,6,0,2,4,0,0,0,0,6,4,2,0,6,0,0,1
533774924,2,533774922,,6,3,3,*,*,*,*,*,*,*,*,*,*,*,*,*,*,*,*,*,*,*,*,*,*,*,*,*,*,*,*,*,*,2,2,*,*,*,*,*,*,*,*,*,*,*,*,*,*,*
533774933,2,533774922,,5,2,3,*,*,*,*,*,*,*,*,*,*,*,*,*,*,*,*,*,*,*,*,*,*,*,*,*,*,*,*,*,*,2,2,*,*,*,*,*,*,*,*,*,*,*,*,*,*,*
533775034,2,533775041,,4,2,2,*,*,*,*,*,*,*,*,*,*,*,*,*,*,*,*,*,*,*,*,*,*,*,*,*,*,*,*,*,*,2,2,*,*,*,*,*,*,*,*,*,*,*,*,*,*,*
533775041,1,,533775034,4,2,2,0,0,0,8,4,4,3,2,1,8,4,4,8,4,4,5,2,3,4,2,2,2,1,1,0,0,0,0,0,0,2,2,1,2,1,0,0,0,0,3,3,0,0,3,0,0,2
533775101,0,,,44,20,24,9,3,6,35,17,18,22,11,11,33,17,16,33,17,16,13,6,7,3,1,2,3,1,2,1,0,1,0,0,0,17,17,4,5,3,4,1,0,0,13,10,3,3,9,0,2,4
533775104,0,,,50,22,28,6,1,5,44,21,23,25,11,14,41,21,20,40,20,20,19,10,9,5,1,4,3,1,2,1,0,1,1,0,1,18,18,4,6,4,1,2,0,1,13,10,3,1,12,0,2,5
533775134,0,,,31,17,14,1,1,0,30,16,14,14,8,6,29,15,14,29,15,14,16,8,8,8,4,4,3,0,3,0,0,0,0,0,0,10,10,1,4,2,1,1,0,1,9,4,5,0,10,0,1,4
533775141,0,,,33,17,16,0,0,0,33,17,16,16,8,8,32,17,15,32,17,15,17,9,8,11,6,5,4,2,2,0,0,0,0,0,0,12,12,1,6,2,1,2,0,0,11,9,2,0,11,0,1,3
533775201,0,,,25,19,6,0,0,0,23,17,6,16,13,3,23,17,6,23,17,6,7,4,3,5,3,2,1,1,0,0,0,0,2,1,1,16,16,11,3,1,0,1,0,0,5,4,1,0,6,1,3,0
533775202,1,,533775203,26,11,15,0,0,0,27,12,15,17,6,11,25,12,13,24,11,13,10,6,4,4,2,2,1,1,0,0,0,0,0,0,0,10,10,3,4,1,2,1,0,0,8,6,2,0,8,0,1,1
533775203,2,533775202,,1,1,0,*,*,*,*,*,*,*,*,*,*,*,*,*,*,*,*,*,*,*,*,*,*,*,*,*,*,*,*,*,*,1,1,*,*,*,*,*,*,*,*,*,*,*,*,*,*,*
533775204,0,,,41,21,20,2,2,0,39,19,20,22,13,9,36,17,19,35,16,19,17,6,11,9,3,6,5,2,3,0,0,0,0,0,0,17,17,7,3,2,3,2,0,0,10,6,4,0,13,0,5,2
533775211,2,533775213,,2,1,1,*,*,*,*,*,*,*,*,*,*,*,*,*,*,*,*,*,*,*,*,*,*,*,*,*,*,*,*,*,*,1,1,*,*,*,*,*,*,*,*,*,*,*,*,*,*,*
533775213,1,,533775211,44,20,24,3,1,2,43,20,23,30,15,15,43,20,23,42,20,22,13,5,8,5,1,4,3,1,2,0,0,0,0,0,0,21,21,6,10,4,2,0,0,0,16,15,1,0,8,0,3,4
533775301,2,533775303,,8,2,6,*,*,*,*,*,*,*,*,*,*,*,*,*,*,*,*,*,*,*,*,*,*,*,*,*,*,*,*,*,*,3,3,*,*,*,*,*,*,*,*,*,*,*,*,*,*,*
533775303,1,,533775301;533775401,46,26,20,3,2,1,58,29,29,23,12,11,58,29,29,57,29,28,35,17,18,21,10,11,9,4,5,1,0,1,0,0,0,20,20,4,13,5,4,0,0,0,22,19,3,0,21,0,4,9
533775311,0,,,24,9,15,1,0,1,23,9,14,11,4,7,22,9,13,22,9,13,12,5,7,9,4,5,1,0,1,0,0,0,0,0,0,10,10,1,6,2,0,1,0,0,9,8,1,0,8,0,1,2
533775312,0,,,27,14,13,2,2,0,25,12,13,7,4,3,24,12,12,24,12,12,18,8,10,13,5,8,4,2,2,0,0,0,0,0,0,13,13,4,7,0,1,1,0,0,9,8,1,0,12,0,4,5
533775313,0,,,10,6,4,0,0,0,10,6,4,5,4,1,10,6,4,10,6,4,5,2,3,4,1,3,2,0,2,0,0,0,0,0,0,4,4,1,1,1,1,0,0,0,3,2,1,0,3,0,1,1
533775314,0,,,22,11,11,1,1,0,21,10,11,11,5,6,21,10,11,21,10,11,10,5,5,4,1,3,1,0,1,0,0,0,0,0,0,12,12,4,6,2,0,0,0,0,8,7,1,0,7,0,2,3
533775331,0,,,18,7,11,2,0,2,16,7,9,7,3,4,16,7,9,16,7,9,9,4,5,4,1,3,1,0,1,0,0,0,1,0,1,8,8,2,3,2,1,0,0,0,6,5,1,0,7,0,2,2
533775394,2,533775492,,4,2,2,*,*,*,*,*,*,*,*,*,*,*,*,*,*,*,*,*,*,*,*,*,*,*,*,*,*,*,*,*,*,1,1,*,*,*,*,*,*,*,*,*,*,*,*,*,*,*
533775401,2,533775303,,7,3,4,*,*,*,*,*,*,*,*,*,*,*,*,*,*,*,*,*,*,*,*,*,*,*,*,*,*,*,*,*,*,3,3,*,*,*,*,*,*,*,*,*,*,*,*,*,*,*
533775411,0,,,26,14,12,0,0,0,26,14,12,13,8,5,26,14,12,26,14,12,13,6,7,11,5,6,5,3,2,0,0,0,0,0,0,13,13,5,4,3,1,0,0,0,8,8,0,0,9,0,3,3
533775414,0,,,11,7,4,0,0,0,11,7,4,4,3,1,11,7,4,11,7,4,7,4,3,3,2,1,1,1,0,0,0,0,0,0,0,5,5,1,2,2,0,0,0,0,4,4,0,0,4,0,1,2
533775423,0,,,27,15,12,0,0,0,27,15,12,6,3,3,27,15,12,26,14,12,21,12,9,12,6,6,5,2,3,1,0,1,0,0,0,14,14,7,3,2,2,0,0,0,7,5,2,0,14,0,7,3
533775492,1,,533775394,23,11,12,1,0,1,26,13,13,15,7,8,24,13,11,24,13,11,11,6,5,2,0,2,1,0,1,0,0,0,0,0,0,7,7,0,2,2,3,1,0,0,8,4,4,0,6,0,0,1
533775494,0,,,25,11,14,3,1,2,22,10,12,14,7,7,20,9,11,19,9,10,8,3,5,3,1,2,0,0,0,0,0,0,0,0,0,9,9,2,2,2,2,1,0,0,7,5,2,0,6,0,2,1
533775512,2,533775521,,2,1,1,*,*,*,*,*,*,*,*,*,*,*,*,*,*,*,*,*,*,*,*,*,*,*,*,*,*,*,*,*,*,1,1,*,*,*,*,*,*,*,*,*,*,*,*,*,*,*
533775521,1,,533775512,11,4,7,0,0,0,13,5,8,5,1,4,13,5,8,12,5,7,8,4,4,5,2,3,1,0,1,0,0,0,0,0,0,5,5,2,3,0,0,1,0,0,4,3,1,0,6,0,2,3
533775592,1,,533775594,22,12,10,1,0,1,31,16,15,17,8,9,30,16,14,30,16,14,14,8,6,7,3,4,1,1,0,0,0,0,0,0,0,9,9,2,4,2,4,0,0,0,10,8,2,0,10,0,1,2
533775594,2,533775592,,10,4,6,*,*,*,*,*,*,*,*,*,*,*,*,*,*,*,*,*,*,*,*,*,*,*,*,*,*,*,*,*,*,3,3,*,*,*,*,*,*,*,*,*,*,*,*,*,*,*
533775694,2,533775792,,2,1,1,*,*,*,*,*,*,*,*,*,*,*,*,*,*,*,*,*,*,*,*,*,*,*,*,*,*,*,*,*,*,1,1,*,*,*,*,*,*,*,*,*,*,*,*,*,*,*
533775792,1,,533775694,35,12,23,1,0,1,36,13,23,18,7,11,36,13,23,36,13,23,18,6,12,7,2,5,5,1,4,0,0,0,0,0,0,13,13,2,5,4,2,1,0,0,12,10,2,0,12,0,2,2
533775793,0,,,11,6,5,0,0,0,11,6,5,8,4,4,11,6,5,11,6,5,3,2,1,2,1,1,0,0,0,0,0,0,0,0,0,4,4,1,1,0,2,0,0,0,3,2,1,0,2,0,0,1
533775794,0,,,52,25,27,4,3,1,48,22,26,28,15,13,46,21,25,45,20,25,20,7,13,12,4,8,1,1,0,0,0,0,0,0,0,17,17,4,5,1,3,1,3,0,13,7,6,0,14,0,4,3
533775891,0,,,24,10,14,0,0,0,24,10,14,12,3,9,24,10,14,23,10,13,12,7,5,3,1,2,1,0,1,0,0,0,1,0,1,13,13,6,3,4,0,0,0,0,7,7,0,0,9,0,3,3
533775893,1,,533775991,31,14,17,9,5,4,35,17,18,20,11,9,33,16,17,33,16,17,15,6,9,9,3,6,4,1,3,0,0,0,1,0,1,10,10,2,4,1,2,2,1,1,11,7,4,2,10,0,1,1
533775991,2,533775893,,13,8,5,*,*,*,*,*,*,*,*,*,*,*,*,*,*,*,*,*,*,*,*,*,*,*,*,*,*,*,*,*,*,3,3,*,*,*,*,*,*,*,*,*,*,*,*,*,*,*
533776011,2,533776012,,7,4,3,*,*,*,*,*,*,*,*,*,*,*,*,*,*,*,*,*,*,*,*,*,*,*,*,*,*,*,*,*,*,2,2,*,*,*,*,*,*,*,*,*,*,*,*,*,*,*
533776012,1,,533776011,6,2,4,3,2,1,10,4,6,8,3,5,10,4,6,10,4,6,2,1,1,1,0,1,0,0,0,0,0,0,0,0,0,3,3,1,1,2,1,0,0,0,4,4,0,1,2,0,1,1
533776113,0,,,39,19,20,3,1,2,36,18,18,13,9,4,36,18,18,36,18,18,23,9,14,11,4,7,4,1,3,1,0,1,0,0,0,17,17,4,7,4,1,1,0,0,13,12,1,1,15,0,4,3
533776122,0,,,48,23,25,2,1,1,46,22,24,20,11,9,45,21,24,45,21,24,26,11,15,14,5,9,2,0,2,0,0,0,1,1,0,23,23,6,12,2,3,0,0,0,17,15,2,1,17,1,4,9
533776124,0,,,199,92,107,35,17,18,164,75,89,89,47,42,162,75,87,159,73,86,75,28,47,46,16,30,19,9,10,0,0,0,2,0,2,82,82,25,26,15,6,8,1,1,57,49,8,13,50,1,16,14
533776204,0,,,42,20,22,1,1,0,41,19,22,18,9,9,38,18,20,37,18,19,23,10,13,13,5,8,6,2,4,0,0,0,1,0,1,17,17,2,8,6,0,0,1,0,15,13,2,1,13,0,1,4
533776211,0,,,65,28,37,7,3,4,58,25,33,27,10,17,55,25,30,54,24,30,31,15,16,12,5,7,7,2,5,1,1,0,0,0,0,25,25,7,10,3,2,0,1,2,18,12,6,0,22,0,7,5
533776213,0,,,13,8,5,1,1,0,12,7,5,5,3,2,12,7,5,12,7,5,7,4,3,0,0,0,0,0,0,0,0,0,2,1,1,7,7,2,4,1,0,0,0,0,5,5,0,0,4,0,1,3
533776222,0,,,365,175,190,27,12,15,338,163,175,160,79,81,330,158,172,327,156,171,178,84,94,99,44,55,39,16,23,6,3,3,4,0,4,159,159,46,63,24,16,6,3,1,113,92,21,7,119,8,28,39
533776223,2,533776224,,7,3,4,*,*,*,*,*,*,*,*,*,*,*,*,*,*,*,*,*,*,*,*,*,*,*,*,*,*,*,*,*,*,1,1,*,*,*,*,*,*,*,*,*,*,*,*,*,*,*
533776224,1,,533776223,232,108,124,27,13,14,212,98,114,103,50,53,206,95,111,206,95,111,109,48,61,62,29,33,23,10,13,2,0,2,1,0,1,96,96,27,34,15,12,6,0,3,70,55,15,8,69,1,19,21
533776231,2,533776233,,6,2,4,*,*,*,*,*,*,*,*,*,*,*,*,*,*,*,*,*,*,*,*,*,*,*,*,*,*,*,*,*,*,3,3,*,*,*,*,*,*,*,*,*,*,*,*,*,*,*
533776233,1,,533776231,46,22,24,6,3,3,46,21,25,30,16,14,43,19,24,43,19,24,16,5,11,7,2,5,4,1,3,0,0,0,0,0,0,16,16,3,7,4,3,1,1,0,16,13,3,0,11,0,2,3
533776302,1,,533776304,36,17,19,6,3,3,31,15,16,16,9,7,31,15,16,31,15,16,15,6,9,4,1,3,3,1,2,0,0,0,0,0,0,12,12,4,2,3,2,1,0,1,9,7,2,2,9,0,2,0
533776303,0,,,26,11,15,3,2,1,23,9,14,11,4,7,23,9,14,23,9,14,12,5,7,4,1,3,3,0,3,1,0,1,0,0,0,10,10,3,2,2,2,1,0,0,7,5,2,0,7,0,1,0
533776304,2,533776302,,1,1,0,*,*,*,*,*,*,*,*,*,*,*,*,*,*,*,*,*,*,*,*,*,*,*,*,*,*,*,*,*,*,1,1,*,*,*,*,*,*,*,*,*,*,*,*,*,*,*
533776314,0,,,12,6,6,1,0,1,11,6,5,6,4,2,10,5,5,10,5,5,5,2,3,3,1,2,1,0,1,0,0,0,1,1,0,5,5,3,0,0,1,1,0,0,2,0,2,1,5,0,3,0
533776321,0,,,27,15,12,7,4,3,20,11,9,11,6,5,19,10,9,19,10,9,9,5,4,3,2,1,1,1,0,0,0,0,0,0,0,9,9,1,4,0,2,2,0,0,8,7,1,1,6,0,1,3
533776322,0,,,203,74,129,15,6,9,188,68,120,62,33,29,185,66,119,184,65,119,126,35,91,99,22,77,65,11,54,12,1,11,1,0,1,52,51,11,18,13,3,4,1,1,40,33,7,2,36,0,8,9
533776323,0,,,57,28,29,4,1,3,53,27,26,33,17,16,52,26,26,52,26,26,20,10,10,12,7,5,2,1,1,0,0,0,5,1,4,23,23,8,6,4,2,1,2,0,15,10,5,0,15,0,5,3
533776324,0,,,13,6,7,3,2,1,10,4,6,6,2,4,9,4,5,8,4,4,4,2,2,3,2,1,0,0,0,0,0,0,0,0,0,4,4,0,2,0,1,1,0,0,4,4,0,2,2,0,0,2
533776331,0,,,43,20,23,7,2,5,36,18,18,21,11,10,35,18,17,35,18,17,15,7,8,7,3,4,1,0,1,1,0,1,0,0,0,18,18,3,10,2,2,0,1,0,15,14,1,1,9,0,2,4
533776412,0,,,77,31,46,9,4,5,68,27,41,37,15,22,67,27,40,67,27,40,31,12,19,24,7,17,6,1,5,2,0,2,0,0,0,29,29,5,10,8,3,2,1,0,24,17,7,3,19,0,5,5
533776414,0,,,156,71,85,24,12,12,132,59,73,73,34,39,126,56,70,124,56,68,59,25,34,30,14,16,12,5,7,2,0,2,1,0,1,56,56,8,17,16,11,3,0,1,48,39,9,5,35,0,7,8
533776421,0,,,49,21,28,10,4,6,39,17,22,34,16,18,38,17,21,37,16,21,5,1,4,3,0,3,0,0,0,0,0,0,1,0,1,17,17,3,5,3,3,3,0,0,14,12,2,3,4,0,2,1
533776423,0,,,75,32,43,17,6,11,58,26,32,41,17,24,57,26,31,56,26,30,17,9,8,10,3,7,3,1,2,1,0,1,0,0,0,26,26,2,10,7,4,2,1,0,24,21,3,4,12,0,1,4
533776444,2,533776542,,2,1,1,*,*,*,*,*,*,*,*,*,*,*,*,*,*,*,*,*,*,*,*,*,*,*,*,*,*,*,*,*,*,1,1,*,*,*,*,*,*,*,*,*,*,*,*,*,*,*
533776501,2,533776602,,1,1,0,*,*,*,*,*,*,*,*,*,*,*,*,*,*,*,*,*,*,*,*,*,*,*,*,*,*,*,*,*,*,1,1,*,*,*,*,*,*,*,*,*,*,*,*,*,*,*
533776511,0,,,28,17,11,1,1,0,27,16,11,15,9,6,26,15,11,26,15,11,12,7,5,7,3,4,1,0,1,0,0,0,0,0,0,11,11,2,5,2,1,0,1,0,9,7,2,0,8,0,2,2
533776512,0,,,112,61,51,6,3,3,106,58,48,46,28,18,105,57,48,105,57,48,60,30,30,32,15,17,14,6,8,2,1,1,0,0,0,47,47,12,19,10,3,0,1,2,35,29,6,2,38,0,10,14
533776513,0,,,19,9,10,0,0,0,19,9,10,9,5,4,19,9,10,19,9,10,10,4,6,8,3,5,3,3,0,0,0,0,0,0,0,10,10,4,3,3,0,0,0,0,6,4,2,0,9,0,4,1
533776514,0,,,25,8,17,1,0,1,24,8,16,15,6,9,23,8,15,22,8,14,9,2,7,8,2,6,4,2,2,0,0,0,0,0,0,10,10,3,2,3,1,1,0,0,7,5,2,0,7,0,2,1
533776542,1,,533776444,80,40,40,4,3,1,78,38,40,37,18,19,77,38,39,75,37,38,41,20,21,29,15,14,15,6,9,0,0,0,0,0,0,33,33,11,9,7,4,2,1,0,23,16,7,2,28,0,9,6
533776544,0,,,256,125,131,25,13,12,231,112,119,106,55,51,226,109,117,225,108,117,125,57,68,86,35,51,28,11,17,1,0,1,3,0,3,115,115,41,47,7,11,4,3,2,74,61,13,5,86,1,32,28
533776553,0,,,22,8,14,1,0,1,21,8,13,7,2,5,21,8,13,21,8,13,14,6,8,10,4,6,3,2,1,0,0,0,0,0,0,11,11,5,2,3,1,0,0,0,6,4,2,0,9,0,4,1
533776601,2,533776602,,9,3,6,*,*,*,*,*,*,*,*,*,*,*,*,*,*,*,*,*,*,*,*,*,*,*,*,*,*,*,*,*,*,3,3,*,*,*,*,*,*,*,*,*,*,*,*,*,*,*
533776602,1,,533776501;533776601,94,40,54,17,5,12,87,39,48,50,25,25,87,39,48,86,38,48,37,14,23,19,6,13,11,3,8,2,1,1,1,0,1,27,27,6,2,12,2,6,1,2,25,12,13,4,22,1,2,1
533776603,0,,,87,40,47,5,2,3,82,38,44,46,22,24,77,36,41,77,36,41,36,16,20,19,8,11,10,4,6,1,0,1,1,0,1,27,27,2,8,7,3,6,1,0,25,13,12,1,22,0,1,7
533776604,0,,,27,13,14,0,0,0,27,13,14,15,7,8,27,13,14,27,13,14,12,6,6,8,4,4,4,2,2,0,0,0,0,0,0,8,8,0,3,0,4,1,0,0,8,6,2,0,7,0,0,1
533776611,0,,,71,31,40,8,3,5,63,28,35,32,15,17,62,27,35,61,27,34,31,13,18,15,4,11,6,1,5,0,0,0,0,0,0,22,22,1,9,3,4,3,2,0,21,13,8,3,19,0,1,5
533776613,0,,,15,7,8,1,1,0,14,6,8,10,5,5,13,6,7,13,6,7,4,1,3,1,0,1,1,0,1,0,0,0,0,0,0,4,4,0,0,3,0,0,1,0,4,1,3,0,3,0,0,0
533776642,0,,,10,5,5,1,1,0,9,4,5,4,1,3,8,3,5,7,3,4,5,3,2,2,1,1,0,0,0,0,0,0,0,0,0,4,4,2,0,0,2,0,0,0,2,1,1,1,4,0,2,0
533776651,0,,,195,95,100,12,8,4,183,87,96,72,36,36,181,86,95,179,85,94,111,51,60,68,30,38,19,8,11,3,1,2,0,0,0,84,84,20,39,9,13,0,3,0,64,51,13,3,71,0,15,26
533776653,0,,,28,12,16,2,0,2,26,12,14,11,4,7,26,12,14,26,12,14,15,8,7,7,5,2,2,1,1,0,0,0,0,0,0,12,12,3,6,1,1,0,1,0,9,8,1,1,9,0,1,4
533776654,0,,,46,22,24,3,1,2,43,21,22,21,13,8,41,20,21,41,20,21,22,8,14,19,8,11,2,0,2,0,0,0,0,0,0,20,20,6,7,3,3,1,0,0,14,12,2,1,14,0,4,6
533776663,0,,,39,22,17,3,3,0,35,18,17,18,11,7,35,18,17,34,17,17,17,7,10,11,4,7,6,2,4,0,0,0,0,0,0,16,16,5,5,3,1,1,1,0,11,9,2,1,11,0,3,3
533776701,0,,,22,11,11,5,1,4,17,10,7,12,8,4,15,8,7,15,8,7,5,2,3,2,1,1,1,0,1,1,0,1,0,0,0,5,5,1,0,0,1,2,0,1,4,2,2,1,3,0,1,0
533776761,1,,533776762,198,90,108,7,2,5,197,90,107,92,41,51,192,88,104,191,88,103,105,49,56,60,26,34,21,10,11,1,0,1,1,1,0,83,83,25,28,16,13,1,3,0,60,47,13,2,68,1,19,15
533776762,2,533776761,,6,2,4,*,*,*,*,*,*,*,*,*,*,*,*,*,*,*,*,*,*,*,*,*,*,*,*,*,*,*,*,*,*,3,3,*,*,*,*,*,*,*,*,*,*,*,*,*,*,*
533776763,0,,,298,135,163,21,11,10,276,123,153,100,51,49,271,120,151,267,118,149,176,72,104,123,46,77,50,12,38,7,1,6,2,0,2,102,101,25,41,17,9,4,3,2,76,61,15,5,79,1,19,30
533776764,0,,,245,112,133,16,7,9,229,105,124,124,61,63,222,103,119,221,103,118,105,44,61,56,20,36,23,7,16,2,0,2,0,0,0,92,92,19,34,14,15,5,4,1,73,46,27,3,67,0,13,14
533776862,0,,,193,92,101,18,10,8,175,82,93,90,45,45,172,80,92,171,80,91,85,37,48,46,14,32,13,2,11,1,0,1,1,0,1,85,85,26,32,14,7,4,1,1,59,48,11,6,61,1,18,15
533776871,1,,533776874,14,6,8,0,0,0,21,9,12,12,4,8,18,8,10,18,8,10,9,5,4,6,3,3,1,1,0,0,0,0,0,0,0,5,5,2,3,1,1,0,1,0,6,5,1,0,5,1,1,2
533776874,2,533776871,,7,3,4,*,*,*,*,*,*,*,*,*,*,*,*,*,*,*,*,*,*,*,*,*,*,*,*,*,*,*,*,*,*,3,3,*,*,*,*,*,*,*,*,*,*,*,*,*,*,*
533776883,2,533776983,,4,1,3,*,*,*,*,*,*,*,*,*,*,*,*,*,*,*,*,*,*,*,*,*,*,*,*,*,*,*,*,*,*,2,2,*,*,*,*,*,*,*,*,*,*,*,*,*,*,*
533776981,2,533776983,,4,2,2,*,*,*,*,*,*,*,*,*,*,*,*,*,*,*,*,*,*,*,*,*,*,*,*,*,*,*,*,*,*,2,2,*,*,*,*,*,*,*,*,*,*,*,*,*,*,*
533776983,1,,533776883;533776981,70,34,36,4,2,2,74,35,39,42,22,20,71,35,36,68,33,35,32,13,19,18,6,12,6,2,4,0,0,0,0,0,0,23,23,1,15,3,5,1,1,1,26,18,8,1,20,0,1,7
533777042,2,533777051,,3,2,1,*,*,*,*,*,*,*,*,*,*,*,*,*,*,*,*,*,*,*,*,*,*,*,*,*,*,*,*,*,*,1,1,*,*,*,*,*,*,*,*,*,*,*,*,*,*,*
533777044,2,533777051,,5,1,4,*,*,*,*,*,*,*,*,*,*,*,*,*,*,*,*,*,*,*,*,*,*,*,*,*,*,*,*,*,*,2,2,*,*,*,*,*,*,*,*,*,*,*,*,*,*,*
533777051,1,,533777042;533777044,53,30,23,7,6,1,46,23,23,25,14,11,46,23,23,45,22,23,21,9,12,8,2,6,2,0,2,1,0,1,0,0,0,20,20,6,6,4,5,1,1,0,15,11,4,2,16,0,5,2
533777052,0,,,144,66,78,11,5,6,133,61,72,61,32,29,132,61,71,129,60,69,72,29,43,39,13,26,20,6,14,2,1,1,4,1,3,48,47,11,16,9,6,2,2,1,36,25,11,3,32,0,5,11
533777053,0,,,278,142,136,38,17,21,240,125,115,138,75,63,235,123,112,232,122,110,102,50,52,57,29,28,17,6,11,2,1,1,2,1,1,94,94,19,25,23,10,6,8,3,74,55,19,12,61,0,10,15
533777054,0,,,60,29,31,5,2,3,38,18,20,22,11,11,35,17,18,35,17,18,16,7,9,10,3,7,5,2,3,0,0,0,0,0,0,17,17,2,2,5,4,2,1,1,11,6,5,1,11,0,1,2
533777061,0,,,143,68,75,22,11,11,113,53,60,85,40,45,110,53,57,107,52,55,28,13,15,8,3,5,1,0,1,0,0,0,0,0,0,49,49,5,15,12,14,2,1,0,42,36,6,6,20,0,4,8
533777062,0,,,150,75,75,24,12,12,114,57,57,75,36,39,113,56,57,110,53,57,39,21,18,12,5,7,6,2,4,1,1,0,7,2,5,58,58,11,22,11,10,3,0,1,44,41,3,13,26,4,4,9
533777071,0,,,15,6,9,2,0,2,13,6,7,13,6,7,13,6,7,13,6,7,0,0,0,0,0,0,0,0,0,0,0,0,4,1,3,8,8,3,4,0,1,0,0,0,5,5,0,1,0,0,0,0
533777072,0,,,110,54,56,11,3,8,89,46,43,62,31,31,82,45,37,79,42,37,27,15,12,9,6,3,1,1,0,0,0,0,3,0,3,45,45,14,11,10,8,1,0,1,29,26,3,4,18,1,5,5
533777074,0,,,38,23,15,6,4,2,31,18,13,19,11,8,31,18,13,31,18,13,12,7,5,4,2,2,1,0,1,0,0,0,2,1,1,17,17,6,6,3,1,0,0,1,11,8,3,2,10,0,2,1
533777081,0,,,192,96,96,33,21,12,151,71,80,124,58,66,146,69,77,143,67,76,27,13,14,10,4,6,6,1,5,0,0,0,11,6,5,71,71,10,28,11,17,5,0,0,59,49,10,8,19,1,3,6
533777082,0,,,463,224,239,47,24,23,398,193,205,261,130,131,380,183,197,374,179,195,137,63,74,76,32,44,26,11,15,1,1,0,14,7,7,177,177,34,58,46,24,12,2,1,137,115,22,10,91,1,20,22
533777083,0,,,201,107,94,31,19,12,153,78,75,111,60,51,145,73,72,141,70,71,42,18,24,26,10,16,7,2,5,0,0,0,6,2,4,75,75,19,21,13,14,3,5,0,52,43,9,11,28,4,4,10
533777084,0,,,355,177,178,38,14,24,291,151,140,218,117,101,279,147,132,276,145,131,73,34,39,27,10,17,10,1,9,0,0,0,9,7,2,164,164,63,46,28,20,6,1,0,94,81,13,16,47,11,9,13
533777091,0,,,496,267,229,43,17,26,383,214,169,276,162,114,370,211,159,365,208,157,107,52,55,55,26,29,12,5,7,1,1,0,42,23,19,234,234,103,59,35,23,9,3,2,108,92,16,13,71,19,18,16
533777092,0,,,168,76,92,13,6,7,137,61,76,75,39,36,131,58,73,127,54,73,62,22,40,20,7,13,2,0,2,0,0,0,4,4,0,79,79,37,20,8,7,4,2,1,38,31,7,1,50,0,24,8
533777093,0,,,178,95,83,16,5,11,157,86,71,129,70,59,149,83,66,144,79,65,28,16,12,15,7,8,7,3,4,0,0,0,3,1,2,90,90,45,22,8,10,5,0,0,43,39,4,6,18,8,3,5
533777094,0,,,202,99,103,15,7,8,175,88,87,94,52,42,171,86,85,170,85,85,81,36,45,44,17,27,17,6,11,0,0,0,3,2,1,81,81,19,29,15,13,2,3,0,60,49,11,3,52,3,10,16
533777154,0,,,25,11,14,1,0,1,24,11,13,11,5,6,24,11,13,24,11,13,13,6,7,7,3,4,2,1,1,0,0,0,0,0,0,13,13,4,6,3,0,0,0,0,9,9,0,1,8,0,2,5
533777162,2,533777164,,4,2,2,*,*,*,*,*,*,*,*,*,*,*,*,*,*,*,*,*,*,*,*,*,*,*,*,*,*,*,*,*,*,1,1,*,*,*,*,*,*,*,*,*,*,*,*,*,*,*
533777163,0,,,146,78,68,21,10,11,125,68,57,69,40,29,122,65,57,121,64,57,56,28,28,34,15,19,12,5,7,0,0,0,1,0,1,49,49,9,21,4,4,3,5,3,40,25,15,4,41,0,7,13
533777164,1,,533777162,190,100,90,18,10,8,166,86,80,101,55,46,162,84,78,160,83,77,65,31,34,27,13,14,9,3,6,0,0,0,4,2,2,67,67,9,25,12,15,4,2,1,56,45,11,2,43,0,5,11
533777171,0,,,24,11,13,3,0,3,16,8,8,11,6,5,16,8,8,16,8,8,5,2,3,5,2,3,2,1,1,0,0,0,0,0,0,7,7,1,1,1,3,0,1,0,5,4,1,1,3,0,0,1
533777172,0,,,72,33,39,7,4,3,65,29,36,29,15,14,65,29,36,64,29,35,36,14,22,18,4,14,2,0,2,0,0,0,2,0,2,30,30,8,12,5,3,0,1,1,22,17,5,2,25,1,5,6
533777173,0,,,332,176,156,40,24,16,276,143,133,197,104,93,267,137,130,262,134,128,79,39,40,32,14,18,8,3,5,1,1,0,2,1,1,137,137,37,44,33,10,10,3,0,95,86,9,11,51,3,12,19
533777174,0,,,224,111,113,36,19,17,167,78,89,122,55,67,158,75,83,154,71,83,45,23,22,11,6,5,4,1,3,0,0,0,12,4,8,87,87,24,20,21,15,5,2,0,57,51,6,8,32,3,12,7
533777181,0,,,263,136,127,25,16,9,238,120,118,136,71,65,233,117,116,228,116,112,102,49,53,57,25,32,28,12,16,3,1,2,11,6,5,94,94,15,33,22,11,8,3,2,78,58,20,6,64,0,9,14
533777182,0,,,28,16,12,3,2,1,22,12,10,17,9,8,21,11,10,21,11,10,5,3,2,3,2,1,0,0,0,0,0,0,0,0,0,13,13,7,3,0,1,1,1,0,4,2,2,0,3,2,0,0
533777183,0,,,366,176,190,49,23,26,307,148,159,198,100,98,293,141,152,285,138,147,109,48,61,58,23,35,21,7,14,1,0,1,7,3,4,129,129,22,41,25,26,9,4,2,105,84,21,16,73,1,12,17
533777184,0,,,204,101,103,38,21,17,166,80,86,116,61,55,154,75,79,152,73,79,50,19,31,30,12,18,8,2,6,1,1,0,7,5,2,76,76,23,14,17,13,6,2,1,53,45,8,9,31,3,10,5
533777192,0,,,112,53,59,14,8,6,98,45,53,64,29,35,96,45,51,94,44,50,34,16,18,12,5,7,7,1,6,3,0,3,0,0,0,37,37,5,10,10,7,2,2,1,32,23,9,6,23,0,5,4
533777193,0,,,19,10,9,2,1,1,17,9,8,8,5,3,17,9,8,17,9,8,9,4,5,3,1,2,0,0,0,0,0,0,0,0,0,8,8,1,4,2,1,0,0,0,7,7,0,0,5,0,1,2
533777194,0,,,188,91,97,24,13,11,162,77,85,90,47,43,155,74,81,151,73,78,72,30,42,34,13,21,10,3,7,2,0,2,1,0,1,72,72,11,30,15,9,6,1,0,59,49,10,8,45,0,9,14
533777261,0,,,101,48,53,13,8,5,82,37,45,53,22,31,80,37,43,77,35,42,29,15,14,12,6,6,4,2,2,0,0,0,3,1,2,37,37,7,13,6,6,4,1,0,28,24,4,2,19,0,3,7
533777262,0,,,719,360,359,70,37,33,601,301,300,365,187,178,579,288,291,574,286,288,236,114,122,104,51,53,21,7,14,1,0,1,13,2,11,273,273,44,103,65,37,19,4,1,214,192,22,19,149,4,19,62
533777263,0,,,32,16,16,3,2,1,29,14,15,14,6,8,29,14,15,29,14,15,15,8,7,9,6,3,1,0,1,1,0,1,0,0,0,13,13,2,7,2,0,2,0,0,11,9,2,1,10,0,2,5
533777264,0,,,136,67,69,15,8,7,104,50,54,69,32,37,101,48,53,101,48,53,35,18,17,15,8,7,4,1,3,0,0,0,6,3,3,52,52,16,15,4,13,0,2,2,32,27,5,4,27,1,10,4
533777271,0,,,69,36,33,5,3,2,37,20,17,27,16,11,37,20,17,37,20,17,10,4,6,4,2,2,0,0,0,0,0,0,2,1,1,29,29,11,9,3,3,2,0,1,12,11,1,3,6,2,2,3
533777272,0,,,139,72,67,33,20,13,103,50,53,84,43,41,94,46,48,88,44,44,19,7,12,7,2,5,3,1,2,1,0,1,1,0,1,40,40,2,9,8,14,4,2,1,37,32,5,7,11,0,1,4
533777273,0,,,163,88,75,9,6,3,136,73,63,75,44,31,129,68,61,125,64,61,61,29,32,23,10,13,12,4,8,1,0,1,2,2,0,64,64,15,26,7,9,3,4,0,45,37,8,1,36,2,5,14
533777274,0,,,641,325,316,102,55,47,531,265,266,359,190,169,510,255,255,502,248,254,172,75,97,60,23,37,14,5,9,0,0,0,7,3,4,237,237,49,79,40,46,14,3,6,185,162,23,29,113,6,22,36
533777281,0,,,474,247,227,75,47,28,367,184,183,295,154,141,349,171,178,341,167,174,72,30,42,36,16,20,10,3,7,1,0,1,7,2,5,189,189,56,45,40,33,14,1,0,120,107,13,19,48,14,11,12
533777282,0,,,487,239,248,44,23,21,443,216,227,255,131,124,426,209,217,416,203,213,188,85,103,113,49,64,41,17,24,3,1,2,8,5,3,183,183,46,55,31,27,16,6,2,137,96,41,11,122,2,24,36
533777283,0,,,648,338,310,96,53,43,478,243,235,343,184,159,464,234,230,458,231,227,135,59,76,69,29,40,20,9,11,0,0,0,17,9,8,255,255,62,82,51,43,6,10,1,174,151,23,31,88,3,14,26
533777284,0,,,414,218,196,49,27,22,365,191,174,242,129,113,345,178,167,338,174,164,123,62,61,54,30,24,15,5,10,1,1,0,9,6,3,156,156,29,57,28,29,8,4,1,124,108,16,11,79,6,12,24
533777291,0,,,171,85,86,20,10,10,151,75,76,86,47,39,146,72,74,145,71,74,65,28,37,34,13,21,11,1,10,3,0,3,0,0,0,58,58,14,10,14,11,7,0,2,44,32,12,2,39,0,10,6
533777292,0,,,300,134,166,28,15,13,262,114,148,100,55,45,259,112,147,254,108,146,162,59,103,126,42,84,82,20,62,14,0,14,8,4,4,80,79,13,21,26,13,3,1,2,63,50,13,6,51,0,9,13
533777293,0,,,261,120,141,38,18,20,212,99,113,124,59,65,197,92,105,195,91,104,88,40,48,45,20,25,14,5,9,1,0,1,1,1,0,83,83,11,24,12,21,10,3,2,68,49,19,8,52,0,6,14
533777294,0,,,147,77,70,10,8,2,137,69,68,77,42,35,134,68,66,131,65,66,60,27,33,26,10,16,8,1,7,0,0,0,1,0,1,61,61,18,22,8,9,2,1,1,42,33,9,4,39,3,8,14
533777362,0,,,60,33,27,4,3,1,25,15,10,12,7,5,25,15,10,25,15,10,13,8,5,5,4,1,1,1,0,0,0,0,1,1,0,19,19,5,4,2,4,1,2,1,8,6,2,2,9,1,2,3
533777364,0,,,30,14,16,1,1,0,29,13,16,20,9,11,27,12,15,27,12,15,9,4,5,4,1,3,2,1,1,0,0,0,0,0,0,12,12,1,6,3,2,0,0,0,11,10,1,0,7,0,0,2
533777371,0,,,257,125,132,34,14,20,220,109,111,132,71,61,212,103,109,205,98,107,88,38,50,37,19,18,12,4,8,0,0,0,0,0,0,99,99,22,37,13,16,9,1,1,76,67,9,8,58,0,14,19
533777372,0,,,500,224,276,34,18,16,459,202,257,212,111,101,447,197,250,445,195,250,247,91,156,188,63,125,122,36,86,16,5,11,2,1,1,140,138,25,53,27,22,10,0,1,109,98,11,6,66,1,12,23
533777373,0,,,174,79,95,13,2,11,157,76,81,86,47,39,152,75,77,150,74,76,71,29,42,35,14,21,13,3,10,2,0,2,0,0,0,66,66,13,20,17,12,2,2,0,52,40,12,4,45,0,11,10
533777374,0,,,78,39,39,11,4,7,67,35,32,39,23,16,64,33,31,64,33,31,28,12,16,17,7,10,7,1,6,1,0,1,1,0,1,25,25,2,9,5,4,3,2,0,23,19,4,3,15,0,1,5
533777381,0,,,366,211,155,43,23,20,316,185,131,257,156,101,306,180,126,291,166,125,59,29,30,37,17,20,6,3,3,0,0,0,14,2,12,183,182,94,31,32,15,7,3,0,86,75,11,19,40,65,5,10
533777382,0,,,26,9,17,1,0,1,25,9,16,20,8,12,25,9,16,25,9,16,5,1,4,3,1,2,0,0,0,0,0,0,0,0,0,18,18,13,4,0,0,1,0,0,4,3,1,1,4,3,1,1
533777383,0,,,356,176,180,39,22,17,312,152,160,215,112,103,301,148,153,298,146,152,97,40,57,50,17,33,22,2,20,4,0,4,23,13,10,142,141,29,62,26,12,11,1,0,108,96,12,14,54,4,8,20
533777384,0,,,19,11,8,1,1,0,18,10,8,15,8,7,18,10,8,18,10,8,3,2,1,2,1,1,0,0,0,0,0,0,6,4,2,11,11,4,6,1,0,0,0,0,7,7,0,1,2,1,1,1
533777391,0,,,44,24,20,7,4,3,37,20,17,25,15,10,33,16,17,33,16,17,12,5,7,6,3,3,3,2,1,0,0,0,0,0,0,14,14,1,5,1,6,0,1,0,13,10,3,1,9,0,1,1
533777392,0,,,225,114,111,29,17,12,196,97,99,156,78,78,185,92,93,177,86,91,40,19,21,22,10,12,8,3,5,1,0,1,6,0,6,72,72,7,22,15,17,6,4,1,64,54,10,6,28,0,4,6
533777393,2,533777394,,1,1,0,*,*,*,*,*,*,*,*,*,*,*,*,*,*,*,*,*,*,*,*,*,*,*,*,*,*,*,*,*,*,1,1,*,*,*,*,*,*,*,*,*,*,*,*,*,*,*
533777394,1,,533777393,230,108,122,28,10,18,203,99,104,113,56,57,201,98,103,200,98,102,90,43,47,41,19,22,20,9,11,3,2,1,2,0,2,83,83,16,23,23,15,3,3,1,68,48,20,5,53,0,7,14
533777471,0,,,54,28,26,4,1,3,50,27,23,18,12,6,49,26,23,48,25,23,32,15,17,14,7,7,7,3,4,1,0,1,0,0,0,18,18,2,6,5,3,0,1,1,16,11,5,2,17,0,2,5
533777472,0,,,172,87,85,18,6,12,154,81,73,87,45,42,150,79,71,145,79,66,67,36,31,29,15,14,7,3,4,1,1,0,0,0,0,67,66,19,20,9,12,3,2,1,47,35,12,4,44,1,10,14
533777474,0,,,119,54,65,10,4,6,109,50,59,63,30,33,107,49,58,106,48,58,46,20,26,28,9,19,13,3,10,2,0,2,1,0,1,45,45,12,12,7,10,2,2,0,33,21,12,2,34,2,7,7
533777481,0,,,256,125,131,34,19,15,221,105,116,134,64,70,216,103,113,214,103,111,87,41,46,44,18,26,16,6,10,1,0,1,3,1,2,99,99,25,31,21,10,8,2,2,74,61,13,8,56,1,10,16
533777482,0,,,339,173,166,54,31,23,282,141,141,203,101,102,275,135,140,268,133,135,79,40,39,44,23,21,12,5,7,2,1,1,3,1,2,126,126,28,37,25,26,4,4,2,97,81,16,11,55,3,13,14
533777483,0,,,215,115,100,26,17,9,189,98,91,121,66,55,184,94,90,179,90,89,68,32,36,38,18,20,10,4,6,2,0,2,13,9,4,84,84,24,26,15,8,7,2,2,60,49,11,8,42,4,7,16
533777484,0,,,229,96,133,25,11,14,204,85,119,88,40,48,202,85,117,201,84,117,116,45,71,70,23,47,43,13,30,6,1,5,1,0,1,73,72,15,24,13,9,6,3,2,57,42,15,7,55,0,13,13
533777491,2,533777492,,6,2,4,*,*,*,*,*,*,*,*,*,*,*,*,*,*,*,*,*,*,*,*,*,*,*,*,*,*,*,*,*,*,2,2,*,*,*,*,*,*,*,*,*,*,*,*,*,*,*
533777492,1,,533777491,54,25,29,12,4,8,48,23,25,30,15,15,45,22,23,44,22,22,18,8,10,11,4,7,0,0,0,0,0,0,0,0,0,18,18,6,3,4,3,2,1,1,14,10,4,1,13,0,4,3
533777493,0,,,46,21,25,0,0,0,46,21,25,27,12,15,42,19,23,41,19,22,19,9,10,12,5,7,1,0,1,0,0,0,0,0,0,18,18,4,6,3,4,1,0,0,14,11,3,0,12,0,4,4
533777494,0,,,149,74,75,15,8,7,134,66,68,82,44,38,124,59,65,123,58,65,52,22,30,23,10,13,10,4,6,2,0,2,0,0,0,56,56,11,22,8,9,3,2,1,45,37,8,1,39,0,8,7
533777572,0,,,34,16,18,1,0,1,33,16,17,20,11,9,32,16,16,31,16,15,13,5,8,9,3,6,2,1,1,0,0,0,0,0,0,10,10,3,1,1,0,4,1,0,7,2,5,1,9,0,3,1
533777581,0,,,52,27,25,3,3,0,49,24,25,30,15,15,46,22,24,44,21,23,19,9,10,13,6,7,0,0,0,0,0,0,1,1,0,16,16,1,4,6,3,0,1,1,15,11,4,0,12,0,1,4
533777582,0,,,71,37,34,9,5,4,62,32,30,31,17,14,60,32,28,60,32,28,31,15,16,11,5,6,3,1,2,0,0,0,1,0,1,25,25,6,6,4,6,1,2,0,19,14,5,1,20,0,5,5
533777583,0,,,116,55,61,12,6,6,104,49,55,66,30,36,100,48,52,98,46,52,38,19,19,23,12,11,9,5,4,1,1,0,0,0,0,45,45,10,16,8,6,4,1,0,35,28,7,3,27,0,7,7
533777584,0,,,182,93,89,14,4,10,168,89,79,91,53,38,163,84,79,162,83,79,77,36,41,35,16,19,11,5,6,1,1,0,1,0,1,70,70,14,27,12,10,4,3,0,56,44,12,2,50,0,8,16
533777591,0,,,168,85,83,16,8,8,152,77,75,95,50,45,145,75,70,143,74,69,57,27,30,24,9,15,6,1,5,1,0,1,1,0,1,57,57,10,13,15,13,4,1,1,47,37,10,2,36,0,7,8
533777592,0,,,189,88,101,13,6,7,176,82,94,96,44,52,175,81,94,172,80,92,80,38,42,36,15,21,15,6,9,2,0,2,1,0,1,74,74,15,30,13,10,1,5,0,58,44,14,3,55,0,11,17
533777593,0,,,23,13,10,1,1,0,22,12,10,14,8,6,20,10,10,19,9,10,8,4,4,5,3,2,2,1,1,1,1,0,0,0,0,7,7,0,1,3,3,0,0,0,7,4,3,1,4,0,0,1
533777594,0,,,126,59,67,27,11,16,99,48,51,73,38,35,97,48,49,96,47,49,26,10,16,13,5,8,6,2,4,1,1,0,0,0,0,47,47,10,10,16,7,4,0,0,37,32,5,10,20,0,5,3
533777681,0,,,168,89,79,25,12,13,143,77,66,88,47,41,136,73,63,135,73,62,55,30,25,34,19,15,10,6,4,2,0,2,2,0,2,60,60,12,15,12,18,1,1,1,48,40,8,2,31,3,6,10
533777682,0,,,226,101,125,23,12,11,201,88,113,114,51,63,195,86,109,191,85,106,87,37,50,38,14,24,19,8,11,2,1,1,4,2,2,99,99,32,29,22,12,3,0,1,67,57,10,9,57,6,17,16
533777683,0,,,151,80,71,8,4,4,143,76,67,75,39,36,141,74,67,140,73,67,68,37,31,30,14,16,3,2,1,0,0,0,1,1,0,75,75,28,26,16,3,1,1,0,46,41,5,4,51,0,22,10
533777684,0,,,725,372,353,101,55,46,624,317,307,382,196,186,603,306,297,592,302,290,242,121,121,135,67,68,35,15,20,6,1,5,5,2,3,256,256,35,93,51,46,21,8,2,219,179,40,21,147,2,19,51
533777691,0,,,28,14,14,1,0,1,27,14,13,20,10,10,25,14,11,25,14,11,7,4,3,3,1,2,0,0,0,0,0,0,0,0,0,9,9,0,3,2,4,0,0,0,9,8,1,0,5,0,0,2
533777692,0,,,254,125,129,30,9,21,224,116,108,116,63,53,219,114,105,215,112,103,108,53,55,61,27,34,24,11,13,1,0,1,4,0,4,109,109,37,31,21,11,7,1,1,72,60,12,10,75,0,29,21
533777693,0,,,520,261,259,79,34,45,440,227,213,308,164,144,418,215,203,400,208,192,132,63,69,64,26,38,16,8,8,2,1,1,7,3,4,179,178,35,48,37,29,24,3,2,139,115,24,17,83,3,11,23
533777694,0,,,329,159,170,51,25,26,269,131,138,203,103,100,254,123,131,241,114,127,66,28,38,31,11,20,6,1,5,1,0,1,15,6,9,126,126,42,30,15,23,11,3,2,84,69,15,8,45,9,5,13
533777781,0,,,203,97,106,36,20,16,167,77,90,97,44,53,161,77,84,158,74,84,70,33,37,35,14,21,5,3,2,0,0,0,8,3,5,78,78,24,23,10,9,7,3,2,53,41,12,8,48,0,14,14
533777782,0,,,583,264,319,72,32,40,511,232,279,305,143,162,496,228,268,490,223,267,206,89,117,120,49,71,47,18,29,3,2,1,16,4,12,237,237,57,85,49,27,13,6,0,179,146,33,24,136,11,30,39
533777783,0,,,159,74,85,19,8,11,140,66,74,84,42,42,134,61,73,124,56,68,56,24,32,41,15,26,13,6,7,0,0,0,7,2,5,62,62,20,14,10,12,4,1,1,42,35,7,3,41,0,15,8
533777784,0,,,375,187,188,36,11,25,338,176,162,205,117,88,328,169,159,319,164,155,133,59,74,81,36,45,16,8,8,0,0,0,6,2,4,167,167,62,54,23,13,8,5,2,105,88,17,5,88,10,20,34
533777791,0,,,519,245,274,65,27,38,449,217,232,294,154,140,429,205,224,417,196,221,155,63,92,88,29,59,41,11,30,6,2,4,6,3,3,214,214,70,61,35,29,12,3,4,142,122,20,17,105,12,23,25
533777792,0,,,472,233,239,64,31,33,406,202,204,288,149,139,386,188,198,369,181,188,118,53,65,65,27,38,14,6,8,0,0,0,20,6,14,194,194,59,61,33,26,4,10,1,133,113,20,20,79,6,15,23
533777793,0,,,472,231,241,79,45,34,393,186,207,249,124,125,376,176,200,369,172,197,144,62,82,76,34,42,19,8,11,0,0,0,11,2,9,192,192,57,57,35,29,7,5,2,135,112,23,14,97,8,29,32
533777794,0,,,763,355,408,85,41,44,675,312,363,365,185,180,663,308,355,655,304,351,310,127,183,199,80,119,75,28,47,4,2,2,27,12,15,321,321,94,109,60,35,12,8,3,225,177,48,25,210,9,54,59
533777821,2,533777822,,7,3,4,*,*,*,*,*,*,*,*,*,*,*,*,*,*,*,*,*,*,*,*,*,*,*,*,*,*,*,*,*,*,3,3,*,*,*,*,*,*,*,*,*,*,*,*,*,*,*
533777822,1,,533777821;533777823;533777824,5,2,3,1,0,1,14,6,8,7,3,4,14,6,8,14,6,8,7,3,4,7,3,4,5,2,3,0,0,0,0,0,0,2,2,2,3,1,1,0,0,0,5,4,1,1,4,0,0,2
533777823,2,533777822,,2,1,1,*,*,*,*,*,*,*,*,*,*,*,*,*,*,*,*,*,*,*,*,*,*,*,*,*,*,*,*,*,*,1,1,*,*,*,*,*,*,*,*,*,*,*,*,*,*,*
533777824,2,533777822,,1,0,1,*,*,*,*,*,*,*,*,*,*,*,*,*,*,*,*,*,*,*,*,*,*,*,*,*,*,*,*,*,*,1,1,*,*,*,*,*,*,*,*,*,*,*,*,*,*,*
533777881,0,,,441,201,240,66,29,37,372,171,201,235,103,132,353,166,187,346,163,183,137,68,69,63,40,23,11,9,2,0,0,0,39,20,19,187,187,52,67,36,20,8,1,3,135,122,13,15,90,0,29,28
533777882,0,,,616,313,303,93,51,42,521,261,260,353,182,171,497,250,247,483,238,245,168,79,89,98,44,54,26,14,12,3,1,2,15,9,6,231,231,69,52,34,48,21,5,2,161,130,31,17,115,10,29,29
533777883,0,,,197,90,107,33,14,19,164,76,88,103,53,50,158,76,82,153,72,81,61,23,38,37,12,25,11,3,8,2,0,2,10,4,6,63,62,15,17,8,6,10,2,4,47,30,17,5,37,0,8,5
533777884,0,,,296,143,153,42,24,18,253,119,134,151,80,71,246,115,131,242,112,130,102,39,63,61,24,37,12,4,8,0,0,0,6,2,4,111,111,23,34,23,21,8,2,0,88,70,18,11,70,0,16,19
533777891,0,,,398,188,210,33,17,16,364,171,193,184,88,96,357,166,191,352,162,190,180,83,97,104,46,58,35,16,19,2,0,2,3,0,3,171,170,51,60,32,14,8,4,1,119,99,20,5,116,1,37,34
533777892,0,,,420,213,207,29,18,11,391,195,196,213,117,96,383,194,189,377,191,186,178,78,100,112,43,69,47,19,28,2,1,1,6,4,2,180,180,51,63,32,23,11,0,0,128,100,28,7,123,6,28,31
533777893,0,,,68,33,35,11,8,3,56,25,31,33,14,19,53,24,29,52,24,28,23,11,12,15,7,8,2,0,2,0,0,0,0,0,0,25,25,7,5,7,3,1,1,1,18,14,4,2,15,0,4,3
533777894,0,,,46,22,24,2,2,0,44,20,24,18,10,8,41,19,22,40,18,22,26,10,16,22,8,14,6,2,4,1,1,0,0,0,0,23,23,8,10,3,1,1,0,0,15,13,2,0,17,0,6,6
533777922,1,,533777924,43,20,23,1,1,0,49,23,26,11,7,4,49,23,26,49,23,26,38,16,22,19,7,12,7,4,3,0,0,0,0,0,0,25,25,13,11,5,0,0,0,0,16,15,1,1,25,0,10,10
533777924,2,533777922,,7,4,3,*,*,*,*,*,*,*,*,*,*,*,*,*,*,*,*,*,*,*,*,*,*,*,*,*,*,*,*,*,*,4,4,*,*,*,*,*,*,*,*,*,*,*,*,*,*,*
533777933,0,,,21,10,11,1,0,1,20,10,10,6,4,2,20,10,10,20,10,10,14,6,8,2,1,1,1,1,0,0,0,0,0,0,0,10,10,3,4,2,1,0,0,0,7,5,2,0,9,0,3,2
533777961,0,,,17,9,8,2,2,0,15,7,8,11,6,5,14,6,8,14,6,8,4,1,3,3,1,2,1,1,0,0,0,0,0,0,0,4,4,0,0,2,0,1,1,0,4,1,3,0,3,0,0,0
533777962,1,,533777964,22,12,10,0,0,0,23,13,10,12,8,4,23,13,10,23,13,10,11,5,6,2,1,1,1,0,1,0,0,0,4,4,0,12,12,6,4,3,0,0,0,0,7,6,1,0,7,3,1,3
533777964,2,533777962,,1,1,0,*,*,*,*,*,*,*,*,*,*,*,*,*,*,*,*,*,*,*,*,*,*,*,*,*,*,*,*,*,*,1,1,*,*,*,*,*,*,*,*,*,*,*,*,*,*,*
533777973,0,,,67,31,36,3,2,1,64,29,35,30,12,18,63,28,35,63,28,35,34,17,17,19,10,9,8,3,5,1,0,1,0,0,0,27,27,7,9,6,2,2,1,0,20,14,6,0,20,0,4,6
533777974,0,,,44,23,21,2,1,1,42,22,20,23,13,10,41,21,20,41,21,20,19,9,10,12,5,7,3,1,2,0,0,0,0,0,0,17,17,3,7,4,2,0,0,1,14,10,4,1,12,0,3,4
533777981,0,,,79,37,42,11,7,4,68,30,38,33,16,17,68,30,38,68,30,38,35,14,21,17,7,10,8,2,6,2,1,1,1,0,1,34,34,12,9,5,6,2,0,0,22,16,6,3,22,0,8,6
533777982,0,,,42,21,21,2,1,1,40,20,20,18,9,9,36,18,18,36,18,18,22,11,11,11,6,5,3,2,1,1,1,0,0,0,0,15,15,3,6,2,1,1,2,0,12,9,3,0,13,0,2,4
533777983,0,,,71,34,37,6,4,2,65,30,35,39,16,23,62,30,32,60,30,30,26,14,12,10,5,5,5,3,2,1,0,1,0,0,0,24,24,2,11,6,0,2,2,1,22,17,5,0,16,0,1,6
