KEY_CODE,HTKSYORI,HTKSAKI,GASSAN,T001101001,T001101002,T001101003,T001101004,T001101005,T001101006,T001101007,T001101008,T001101009,T001101010,T001101011,T001101012,T001101013,T001101014,T001101015,T001101016,T001101017,T001101018,T001101019,T001101020,T001101021,T001101022,T001101023,T001101024,T001101025,T001101026,T001101027,T001101028,T001101029,T001101030,T001101031,T001101032,T001101033,T001101034,T001101035,T001101036,T001101037,T001101038,T001101039,T001101040,T001101041,T001101042,T001101043,T001101044,T001101045,T001101046,T001101047,T001101048,T001101049,T001101050
,,,,Å@êlå˚ÅiëçêîÅj,Å@êlå˚ÅiëçêîÅjÅ@íj,Å@êlå˚ÅiëçêîÅjÅ@èó,Å@ÇOÅ`ÇPÇSçŒêlå˚Å@ëçêî,Å@ÇOÅ`ÇPÇSçŒêlå˚Å@íj,Å@ÇOÅ`ÇPÇSçŒêlå˚Å@èó,Å@ÇPÇTçŒà»è„êlå˚Å@ëçêî,Å@ÇPÇTçŒà»è„êlå˚Å@íj,Å@ÇPÇTçŒà»è„êlå˚Å@èó,Å@ÇPÇTÅ`ÇUÇSçŒêlå˚Å@ëçêî,Å@ÇPÇTÅ`ÇUÇSçŒêlå˚Å@íj,Å@ÇPÇTÅ`ÇUÇSçŒêlå˚Å@èó,Å@ÇPÇWçŒà»è„êlå˚Å@ëçêî,Å@ÇPÇWçŒà»è„êlå˚Å@íj,Å@ÇPÇWçŒà»è„êlå˚Å@èó,Å@ÇQÇOçŒà»è„êlå˚Å@ëçêî,Å@ÇQÇOçŒà»è„êlå˚Å@íj,Å@ÇQÇOçŒà»è„êlå˚Å@èó,Å@ÇUÇTçŒà»è„êlå˚Å@ëçêî,Å@ÇUÇTçŒà»è„êlå˚Å@íj,Å@ÇUÇTçŒà»è„êlå˚Å@èó,Å@ÇVÇTçŒà»è„êlå˚Å@ëçêî,Å@ÇVÇTçŒà»è„êlå˚Å@íj,Å@ÇVÇTçŒà»è„êlå˚Å@èó,Å@ÇWÇTçŒà»è„êlå˚Å@ëçêî,Å@ÇWÇTçŒà»è„êlå˚Å@íj,Å@ÇWÇTçŒà»è„êlå˚Å@èó,Å@ÇXÇTçŒà»è„êlå˚Å@ëçêî,Å@ÇXÇTçŒà»è„êlå˚Å@íj,Å@ÇXÇTçŒà»è„êlå˚Å@èó,Å@äOçëêlêlå˚Å@ëçêî,Å@äOçëêlêlå˚Å@íj,Å@äOçëêlêlå˚Å@èó,Å@ê¢ë—ëçêî,Å@àÍî ê¢ë—êî,Å@ÇPêlê¢ë—êîÅ@àÍî ê¢ë—êî,Å@ÇQêlê¢ë—êîÅ@àÍî ê¢ë—êî,Å@ÇRêlê¢ë—êîÅ@àÍî ê¢ë—êî,Å@ÇSêlê¢ë—êîÅ@àÍî ê¢ë—êî,Å@ÇTêlê¢ë—êîÅ@àÍî ê¢ë—êî,Å@ÇUêlê¢ë—êîÅ@àÍî ê¢ë—êî,Å@ÇVêlà»è„ê¢ë—êîÅ@àÍî ê¢ë—êî,Å@êeë∞ÇÃÇ›ÇÃê¢ë—êîÅ@àÍî ê¢ë—êî,Å@äjâ∆ë∞ê¢ë—êîÅ@àÍî ê¢ë—êî,Å@äjâ∆ë∞à»äOÇÃê¢ë—êîÅ@àÍî ê¢ë—êî,Å@ÇUçŒñ¢ñûê¢ë—àıÇÃÇ¢ÇÈê¢ë—êîÅ@àÍî ê¢ë—êî,Å@ÇUÇTçŒà»è„ê¢ë—àıÇÃÇ¢ÇÈê¢ë—êîÅ@àÍî ê¢ë—êî,Å@ê¢ë—éÂÇÃîNóÓÇ™ÇQÇOÅ`ÇQÇXçŒÇÃÇPêlê¢ë—êîÅ@àÍî ê¢ë—êî,Å@çÇóÓíPêgê¢ë—êîÅ@àÍî ê¢ë—êî,Å@çÇóÓïvïwê¢ë—êîÅ@àÍî ê¢ë—êî
533800601,2,533800602,,7,4,3,*,*,*,*,*,*,*,*,*,*,*,*,*,*,*,*,*,*,*,*,*,*,*,*,*,*,*,*,*,*,4,4,*,*,*,*,*,*,*,*,*,*,*,*,*,*,*
533800602,1,,533800601;533810221;533810303,1,0,1,0,0,0,13,6,7,2,1,1,13,6,7,13,6,7,11,5,6,8,4,4,1,1,0,0,0,0,0,0,0,1,1,3,5,0,0,0,0,0,5,5,0,0,7,0,3,4
533802341,2,533802752,,2,1,1,*,*,*,*,*,*,*,*,*,*,*,*,*,*,*,*,*,*,*,*,*,*,*,*,*,*,*,*,*,*,2,2,*,*,*,*,*,*,*,*,*,*,*,*,*,*,*
533802443,2,533802752,,1,0,1,*,*,*,*,*,*,*,*,*,*,*,*,*,*,*,*,*,*,*,*,*,*,*,*,*,*,*,*,*,*,1,1,*,*,*,*,*,*,*,*,*,*,*,*,*,*,*
533802582,2,533802752,,1,1,0,*,*,*,*,*,*,*,*,*,*,*,*,*,*,*,*,*,*,*,*,*,*,*,*,*,*,*,*,*,*,1,1,*,*,*,*,*,*,*,*,*,*,*,*,*,*,*
533802654,2,533802752,,2,0,2,*,*,*,*,*,*,*,*,*,*,*,*,*,*,*,*,*,*,*,*,*,*,*,*,*,*,*,*,*,*,2,2,*,*,*,*,*,*,*,*,*,*,*,*,*,*,*
533802752,1,,533802341;533802443;533802582;533802654,23,9,14,0,0,0,29,11,18,10,5,5,28,11,17,28,11,17,19,6,13,15,4,11,7,2,5,1,0,1,0,0,0,16,16,16,5,1,0,0,0,0,6,5,1,0,15,0,11,4
533802754,0,,,32,17,15,2,2,0,30,15,15,16,11,5,30,15,15,29,14,15,14,4,10,12,4,8,2,1,1,0,0,0,0,0,0,14,14,4,5,3,1,1,0,0,10,9,1,0,11,0,3,2
533802854,1,,533802863;533802874;533802962;533802964,18,10,8,0,0,0,30,13,17,7,5,2,30,13,17,30,13,17,23,8,15,18,5,13,6,2,4,0,0,0,0,0,0,10,10,11,6,1,1,0,0,0,8,8,0,0,18,0,10,3
533802863,2,533802854,,5,2,3,*,*,*,*,*,*,*,*,*,*,*,*,*,*,*,*,*,*,*,*,*,*,*,*,*,*,*,*,*,*,4,4,*,*,*,*,*,*,*,*,*,*,*,*,*,*,*
533802874,2,533802854,,1,0,1,*,*,*,*,*,*,*,*,*,*,*,*,*,*,*,*,*,*,*,*,*,*,*,*,*,*,*,*,*,*,1,1,*,*,*,*,*,*,*,*,*,*,*,*,*,*,*
533802893,0,,,14,5,9,0,0,0,14,5,9,4,1,3,14,5,9,14,5,9,10,4,6,5,0,5,1,0,1,0,0,0,0,0,0,8,8,3,4,1,0,0,0,0,5,4,1,0,8,0,3,3
533802894,0,,,13,7,6,4,3,1,9,4,5,8,4,4,9,4,5,9,4,5,1,0,1,1,0,1,1,0,1,0,0,0,0,0,0,6,6,2,2,1,1,0,0,0,4,4,0,0,1,0,1,0
533802962,2,533802854,,2,1,1,*,*,*,*,*,*,*,*,*,*,*,*,*,*,*,*,*,*,*,*,*,*,*,*,*,*,*,*,*,*,1,1,*,*,*,*,*,*,*,*,*,*,*,*,*,*,*
533802964,2,533802854,,4,0,4,*,*,*,*,*,*,*,*,*,*,*,*,*,*,*,*,*,*,*,*,*,*,*,*,*,*,*,*,*,*,3,3,*,*,*,*,*,*,*,*,*,*,*,*,*,*,*
533802972,2,533802983,,5,2,3,*,*,*,*,*,*,*,*,*,*,*,*,*,*,*,*,*,*,*,*,*,*,*,*,*,*,*,*,*,*,2,2,*,*,*,*,*,*,*,*,*,*,*,*,*,*,*
533802974,2,533802983,,3,1,2,*,*,*,*,*,*,*,*,*,*,*,*,*,*,*,*,*,*,*,*,*,*,*,*,*,*,*,*,*,*,1,1,*,*,*,*,*,*,*,*,*,*,*,*,*,*,*
533802982,1,,533802984,26,12,14,2,2,0,30,14,16,16,7,9,28,14,14,27,13,14,14,7,7,9,4,5,4,2,2,0,0,0,0,0,0,14,14,10,3,4,1,0,0,0,8,6,2,1,11,0,6,3
533802983,1,,533802972;533802974,6,2,4,0,0,0,14,5,9,3,0,3,14,5,9,14,5,9,11,5,6,7,3,4,3,2,1,1,1,0,0,0,0,5,5,4,2,2,0,0,0,0,4,4,0,0,8,0,4,2
533802984,2,533802982,,6,4,2,*,*,*,*,*,*,*,*,*,*,*,*,*,*,*,*,*,*,*,*,*,*,*,*,*,*,*,*,*,*,4,4,*,*,*,*,*,*,*,*,*,*,*,*,*,*,*
533802991,0,,,53,32,21,2,2,0,51,30,21,18,12,6,50,29,21,50,29,21,33,18,15,17,8,9,5,4,1,0,0,0,0,0,0,28,28,13,9,3,2,1,0,0,15,12,3,1,22,2,9,5
533802993,0,,,36,14,22,3,1,2,33,13,20,29,12,17,29,12,17,28,12,16,4,1,3,2,0,2,1,0,1,0,0,0,0,0,0,19,19,10,5,1,2,1,0,0,8,7,1,0,4,4,2,0
533803012,0,,,40,25,15,0,0,0,40,25,15,16,11,5,40,25,15,40,25,15,24,14,10,18,10,8,7,4,3,0,0,0,0,0,0,18,18,6,7,2,1,2,0,0,12,9,3,0,16,0,4,3
533803014,0,,,32,16,16,1,1,0,31,15,16,14,7,7,31,15,16,31,15,16,17,8,9,10,3,7,5,1,4,0,0,0,0,0,0,12,12,0,7,3,1,1,0,0,12,7,5,1,11,0,0,4
533803032,2,533803034,,3,1,2,*,*,*,*,*,*,*,*,*,*,*,*,*,*,*,*,*,*,*,*,*,*,*,*,*,*,*,*,*,*,2,2,*,*,*,*,*,*,*,*,*,*,*,*,*,*,*
533803034,1,,533803032,16,6,10,1,0,1,18,7,11,9,4,5,17,6,11,16,6,10,9,3,6,7,1,6,2,0,2,0,0,0,0,0,0,9,9,6,4,0,0,1,0,0,5,5,0,1,8,0,6,2
533803041,0,,,9,5,4,0,0,0,9,5,4,5,3,2,8,4,4,8,4,4,4,2,2,1,0,1,1,0,1,0,0,0,0,0,0,4,4,0,3,1,0,0,0,0,4,4,0,0,2,0,0,1
533803044,0,,,13,6,7,3,2,1,10,4,6,6,3,3,9,3,6,9,3,6,4,1,3,2,0,2,2,0,2,0,0,0,0,0,0,4,4,1,1,0,0,2,0,0,3,2,1,0,3,0,1,1
533803052,0,,,41,19,22,1,1,0,40,18,22,21,11,10,40,18,22,40,18,22,19,7,12,11,3,8,4,1,3,0,0,0,0,0,0,15,15,2,4,5,4,0,0,0,12,7,5,0,15,0,2,2
533803053,0,,,64,33,31,1,1,0,63,32,31,33,17,16,60,30,30,58,30,28,30,15,15,20,10,10,9,4,5,0,0,0,1,0,1,28,28,6,12,7,2,1,0,0,22,19,3,0,21,0,5,6
533803054,0,,,24,10,14,0,0,0,24,10,14,11,4,7,24,10,14,24,10,14,13,6,7,4,1,3,2,0,2,0,0,0,0,0,0,9,9,1,3,3,2,0,0,0,8,6,2,0,9,0,1,1
533803061,1,,533803064;533803071,59,29,30,1,1,0,63,31,32,31,15,16,63,31,32,63,31,32,32,16,16,18,9,9,6,3,3,1,1,0,3,1,2,22,22,1,11,9,2,0,1,0,22,20,2,0,19,0,1,6
533803064,2,533803061,,3,2,1,*,*,*,*,*,*,*,*,*,*,*,*,*,*,*,*,*,*,*,*,*,*,*,*,*,*,*,*,*,*,1,1,*,*,*,*,*,*,*,*,*,*,*,*,*,*,*
533803071,2,533803061,,2,1,1,*,*,*,*,*,*,*,*,*,*,*,*,*,*,*,*,*,*,*,*,*,*,*,*,*,*,*,*,*,*,1,1,*,*,*,*,*,*,*,*,*,*,*,*,*,*,*
533803122,0,,,19,8,11,0,0,0,19,8,11,6,3,3,19,8,11,18,7,11,13,5,8,5,1,4,3,0,3,1,0,1,0,0,0,10,10,5,2,2,1,0,0,0,5,3,2,0,9,0,5,0
533803124,0,,,45,13,32,5,1,4,40,12,28,21,6,15,40,12,28,40,12,28,19,6,13,15,4,11,12,3,9,1,0,1,0,0,0,15,15,2,5,4,1,2,0,1,13,8,5,2,13,0,2,1
533803132,2,533803134,,3,1,2,*,*,*,*,*,*,*,*,*,*,*,*,*,*,*,*,*,*,*,*,*,*,*,*,*,*,*,*,*,*,1,1,*,*,*,*,*,*,*,*,*,*,*,*,*,*,*
533803134,1,,533803132,27,12,15,0,0,0,30,13,17,17,9,8,30,13,17,29,13,16,13,4,9,7,1,6,3,0,3,0,0,0,0,0,0,12,12,4,2,6,1,0,0,0,9,5,4,0,9,0,3,1
533803151,0,,,8,4,4,0,0,0,8,4,4,4,2,2,8,4,4,8,4,4,4,2,2,2,0,2,2,0,2,1,0,1,0,0,0,4,4,3,0,0,0,1,0,0,1,0,1,0,3,0,2,0
533803152,1,,533803161,29,15,14,2,2,0,34,17,17,18,9,9,32,17,15,31,16,15,16,8,8,6,2,4,3,0,3,0,0,0,0,0,0,10,10,3,4,4,2,1,0,0,11,8,3,0,10,0,3,2
533803154,0,,,38,21,17,0,0,0,38,21,17,18,9,9,38,21,17,37,21,16,20,12,8,8,3,5,6,2,4,2,2,0,0,0,0,19,19,8,6,2,3,0,0,0,11,8,3,0,16,0,7,2
533803161,2,533803152,,7,4,3,*,*,*,*,*,*,*,*,*,*,*,*,*,*,*,*,*,*,*,*,*,*,*,*,*,*,*,*,*,*,4,4,*,*,*,*,*,*,*,*,*,*,*,*,*,*,*
533803231,0,,,53,28,25,6,4,2,47,24,23,35,19,16,44,22,22,44,22,22,12,5,7,7,4,3,2,0,2,1,0,1,0,0,0,26,26,11,8,2,5,0,0,0,15,14,1,2,8,3,3,3
533803232,0,,,100,51,49,18,7,11,82,44,38,59,33,26,78,41,37,77,40,37,23,11,12,8,3,5,1,0,1,0,0,0,0,0,0,41,41,15,10,7,4,2,3,0,26,20,6,6,17,2,6,2
533803234,0,,,73,39,34,10,5,5,63,34,29,43,23,20,58,31,27,57,30,27,20,11,9,12,5,7,4,2,2,1,0,1,0,0,0,32,32,11,13,4,1,1,1,1,21,16,5,3,17,2,4,2
533803242,2,533803251,,2,1,1,*,*,*,*,*,*,*,*,*,*,*,*,*,*,*,*,*,*,*,*,*,*,*,*,*,*,*,*,*,*,1,1,*,*,*,*,*,*,*,*,*,*,*,*,*,*,*
533803251,1,,533803242,35,21,14,0,0,0,37,22,15,24,14,10,35,20,15,35,20,15,13,8,5,4,2,2,1,0,1,1,0,1,0,0,0,12,12,3,2,4,3,0,1,0,10,7,3,0,10,0,3,1
533803252,0,,,35,19,16,5,2,3,30,17,13,16,10,6,28,15,13,27,14,13,14,7,7,7,3,4,2,1,1,0,0,0,0,0,0,13,13,3,5,0,3,2,0,0,10,6,4,1,10,0,3,3
533803261,2,533803263,,1,0,1,*,*,*,*,*,*,*,*,*,*,*,*,*,*,*,*,*,*,*,*,*,*,*,*,*,*,*,*,*,*,1,1,*,*,*,*,*,*,*,*,*,*,*,*,*,*,*
533803263,1,,533803261,88,45,43,11,8,3,78,37,41,43,23,20,74,35,39,73,34,39,35,14,21,21,8,13,7,3,4,1,0,1,1,0,1,37,37,15,12,3,4,1,1,2,23,17,6,3,26,1,8,5
533803332,0,,,32,18,14,3,2,1,29,16,13,14,9,5,29,16,13,29,16,13,15,7,8,7,3,4,2,2,0,0,0,0,1,0,1,15,15,5,7,2,0,0,0,1,10,6,4,1,10,1,3,3
533803334,0,,,78,33,45,0,0,0,78,33,45,15,8,7,78,33,45,77,33,44,63,25,38,46,14,32,27,7,20,4,1,3,0,0,0,17,16,2,8,3,3,0,0,0,14,9,5,0,14,0,2,3
533803341,2,533803343,,2,1,1,*,*,*,*,*,*,*,*,*,*,*,*,*,*,*,*,*,*,*,*,*,*,*,*,*,*,*,*,*,*,1,1,*,*,*,*,*,*,*,*,*,*,*,*,*,*,*
533803343,1,,533803341,16,9,7,1,1,0,17,9,8,6,3,3,16,9,7,16,9,7,11,6,5,8,5,3,2,2,0,0,0,0,0,0,0,6,6,1,4,1,0,0,1,0,6,5,1,0,6,0,1,4
533803352,0,,,60,32,28,5,3,2,55,29,26,26,13,13,54,28,26,54,28,26,29,16,13,19,10,9,7,5,2,0,0,0,0,0,0,25,25,5,11,4,4,1,0,0,20,17,3,0,18,0,3,9
533803354,0,,,136,75,61,6,4,2,121,62,59,60,34,26,121,62,59,120,62,58,61,28,33,36,15,21,15,5,10,2,0,2,1,1,0,68,68,24,27,10,7,0,0,0,44,37,7,2,41,1,8,16
533803361,0,,,157,70,87,20,9,11,136,60,76,71,28,43,132,58,74,130,57,73,65,32,33,38,15,23,13,6,7,0,0,0,0,0,0,60,60,16,21,10,5,4,1,3,44,31,13,3,48,0,13,11
533803363,1,,533803364,251,129,122,30,18,12,212,101,111,120,68,52,204,96,108,197,92,105,92,33,59,63,19,44,39,11,28,14,3,11,1,0,1,96,95,44,20,11,14,5,2,2,54,40,14,2,47,7,13,8
533803364,2,533803363,,4,3,1,*,*,*,*,*,*,*,*,*,*,*,*,*,*,*,*,*,*,*,*,*,*,*,*,*,*,*,*,*,*,3,3,*,*,*,*,*,*,*,*,*,*,*,*,*,*,*
533803434,0,,,33,17,16,0,0,0,33,17,16,12,8,4,33,17,16,33,17,16,21,9,12,15,5,10,8,3,5,0,0,0,0,0,0,16,16,5,7,2,2,0,0,0,11,9,2,0,14,0,5,4
533803441,0,,,119,53,66,6,3,3,113,50,63,51,27,24,110,49,61,109,48,61,62,23,39,41,15,26,12,2,10,2,0,2,0,0,0,53,53,17,17,10,7,2,0,0,36,28,8,2,42,0,14,11
533803442,0,,,130,60,70,10,7,3,120,53,67,72,33,39,113,52,61,113,52,61,48,20,28,29,10,19,13,5,8,0,0,0,0,0,0,52,52,17,14,10,6,2,1,2,35,22,13,1,36,2,12,7
533803443,0,,,92,48,44,5,3,2,87,45,42,47,26,21,87,45,42,87,45,42,40,19,21,19,8,11,3,1,2,1,0,1,0,0,0,44,44,23,8,5,6,0,1,1,21,16,5,2,28,2,13,5
533803444,0,,,244,120,124,19,10,9,225,110,115,110,57,53,216,104,112,216,104,112,115,53,62,66,30,36,19,8,11,1,0,1,0,0,0,101,101,25,36,20,16,3,0,1,76,62,14,6,72,0,20,24
533803451,0,,,28,13,15,1,1,0,27,12,15,11,6,5,27,12,15,26,12,14,16,6,10,8,2,6,1,0,1,0,0,0,0,0,0,14,14,3,9,1,1,0,0,0,11,11,0,0,11,0,1,5
533803452,0,,,81,23,58,0,0,0,81,23,58,3,3,0,81,23,58,81,23,58,78,20,58,74,17,57,62,12,50,17,3,14,0,0,0,7,4,1,3,0,0,0,0,0,3,3,0,0,4,0,1,2
533803453,0,,,119,68,51,4,3,1,115,65,50,60,39,21,100,50,50,99,49,50,55,26,29,28,12,16,10,3,7,0,0,0,0,0,0,49,48,13,19,11,5,0,0,0,35,31,4,2,36,0,12,14
533803454,0,,,69,32,37,8,4,4,58,25,33,34,14,20,58,25,33,57,25,32,24,11,13,12,6,6,5,3,2,0,0,0,2,0,2,34,34,18,7,3,4,0,2,0,16,13,3,1,18,3,7,5
533803461,0,,,109,60,49,21,11,10,88,49,39,62,37,25,84,48,36,83,48,35,26,12,14,15,7,8,2,0,2,0,0,0,0,0,0,42,42,16,9,6,4,4,2,1,26,21,5,6,17,0,5,5
533803463,1,,533803464,63,25,38,13,5,8,52,21,31,22,11,11,52,21,31,52,21,31,30,10,20,23,6,17,14,4,10,2,0,2,1,1,0,27,27,8,13,0,5,1,1,0,20,18,2,2,21,0,7,6
533803464,2,533803463,,2,1,1,*,*,*,*,*,*,*,*,*,*,*,*,*,*,*,*,*,*,*,*,*,*,*,*,*,*,*,*,*,*,1,1,*,*,*,*,*,*,*,*,*,*,*,*,*,*,*
533803484,2,533803562,,1,1,0,*,*,*,*,*,*,*,*,*,*,*,*,*,*,*,*,*,*,*,*,*,*,*,*,*,*,*,*,*,*,1,1,*,*,*,*,*,*,*,*,*,*,*,*,*,*,*
533803532,0,,,113,56,57,15,11,4,98,45,53,55,28,27,97,45,52,96,45,51,43,17,26,27,10,17,3,3,0,1,1,0,0,0,0,40,40,14,7,6,4,4,4,1,26,14,12,2,32,0,10,3
533803534,1,,533803622;533803632,140,81,59,10,7,3,146,83,63,101,61,40,139,77,62,136,74,62,45,22,23,17,5,12,6,2,4,0,0,0,1,1,0,41,33,12,8,6,5,4,1,1,25,13,12,3,19,4,2,3
533803541,0,,,82,38,44,3,0,3,79,38,41,40,19,21,79,38,41,79,38,41,39,19,20,22,11,11,7,3,4,1,1,0,0,0,0,31,31,5,11,8,4,3,0,0,26,18,8,1,26,0,4,8
533803542,0,,,12,7,5,0,0,0,12,7,5,6,4,2,12,7,5,11,7,4,6,3,3,3,3,0,0,0,0,0,0,0,0,0,0,7,7,4,1,2,0,0,0,0,3,3,0,0,5,0,3,1
533803543,0,,,62,55,7,1,0,1,61,55,6,54,50,4,48,42,6,40,34,6,7,5,2,5,4,1,2,2,0,0,0,0,1,1,0,19,18,14,3,0,0,0,0,1,4,3,1,1,5,6,2,2
533803544,1,,533803641;533803642,26,17,9,1,0,1,36,25,11,23,18,5,35,24,11,34,23,11,13,7,6,6,4,2,3,2,1,0,0,0,0,0,0,11,11,5,2,5,0,0,0,1,8,6,2,0,9,0,2,0
533803552,0,,,135,63,72,11,5,6,124,58,66,64,32,32,122,58,64,121,57,64,60,26,34,30,10,20,11,1,10,1,0,1,1,0,1,56,56,13,23,9,8,2,0,1,42,36,6,1,42,0,10,11
533803554,0,,,137,69,68,13,7,6,124,62,62,84,46,38,118,59,59,116,58,58,40,16,24,22,6,16,7,2,5,0,0,0,1,0,1,58,58,20,16,12,6,1,2,1,38,29,9,3,31,0,13,3
533803561,0,,,102,51,51,6,3,3,96,48,48,52,30,22,93,45,48,93,45,48,44,18,26,22,7,15,10,3,7,1,0,1,0,0,0,41,41,12,12,8,6,2,0,1,29,19,10,1,31,0,7,8
533803562,1,,533803484;533803582,15,6,9,0,0,0,17,7,10,12,6,6,17,7,10,17,7,10,5,1,4,4,1,3,1,0,1,0,0,0,0,0,0,7,7,6,2,0,0,0,0,1,3,2,1,0,4,0,2,0
533803563,0,,,41,21,20,3,1,2,38,20,18,21,13,8,38,20,18,38,20,18,17,7,10,13,4,9,5,1,4,1,0,1,0,0,0,15,15,2,6,5,0,0,2,0,13,10,3,1,12,0,2,2
533803582,2,533803562,,1,0,1,*,*,*,*,*,*,*,*,*,*,*,*,*,*,*,*,*,*,*,*,*,*,*,*,*,*,*,*,*,*,1,1,*,*,*,*,*,*,*,*,*,*,*,*,*,*,*
533803601,2,533803703,,2,1,1,*,*,*,*,*,*,*,*,*,*,*,*,*,*,*,*,*,*,*,*,*,*,*,*,*,*,*,*,*,*,1,1,*,*,*,*,*,*,*,*,*,*,*,*,*,*,*
533803622,2,533803534,,15,8,7,*,*,*,*,*,*,*,*,*,*,*,*,*,*,*,*,*,*,*,*,*,*,*,*,*,*,*,*,*,*,3,3,*,*,*,*,*,*,*,*,*,*,*,*,*,*,*
533803632,2,533803534,,1,1,0,*,*,*,*,*,*,*,*,*,*,*,*,*,*,*,*,*,*,*,*,*,*,*,*,*,*,*,*,*,*,1,1,*,*,*,*,*,*,*,*,*,*,*,*,*,*,*
533803641,2,533803544,,2,1,1,*,*,*,*,*,*,*,*,*,*,*,*,*,*,*,*,*,*,*,*,*,*,*,*,*,*,*,*,*,*,1,1,*,*,*,*,*,*,*,*,*,*,*,*,*,*,*
533803642,2,533803544,,9,7,2,*,*,*,*,*,*,*,*,*,*,*,*,*,*,*,*,*,*,*,*,*,*,*,*,*,*,*,*,*,*,2,1,*,*,*,*,*,*,*,*,*,*,*,*,*,*,*
533803651,0,,,16,6,10,4,0,4,12,6,6,5,2,3,12,6,6,12,6,6,7,4,3,2,1,1,2,1,1,0,0,0,0,0,0,6,6,3,1,0,0,1,1,0,3,1,2,1,6,0,3,1
533803652,0,,,33,14,19,0,0,0,33,14,19,19,7,12,32,14,18,31,13,18,14,7,7,12,5,7,6,3,3,0,0,0,0,0,0,10,10,1,2,3,2,1,1,0,9,4,5,0,10,0,1,2
533803661,0,,,27,12,15,0,0,0,27,12,15,11,5,6,27,12,15,27,12,15,16,7,9,10,4,6,6,2,4,0,0,0,0,0,0,14,14,6,5,1,2,0,0,0,8,5,3,0,11,0,3,4
533803663,0,,,84,41,43,9,6,3,75,35,40,35,16,19,73,34,39,73,34,39,40,19,21,24,11,13,13,4,9,2,0,2,0,0,0,38,38,14,14,5,3,0,0,2,23,19,4,4,28,0,11,7
533803703,1,,533803601,59,30,29,4,2,2,57,29,28,25,17,8,56,28,28,56,28,28,32,12,20,17,5,12,6,1,5,1,0,1,0,0,0,28,28,10,12,4,1,1,1,0,19,16,3,0,23,0,6,5
533803742,1,,533803744;533803751,15,8,7,0,0,0,21,10,11,7,5,2,21,10,11,21,10,11,14,5,9,10,2,8,8,2,6,0,0,0,0,0,0,6,6,4,5,1,1,0,0,0,7,7,0,0,11,0,4,1
533803744,2,533803742,,2,0,2,*,*,*,*,*,*,*,*,*,*,*,*,*,*,*,*,*,*,*,*,*,*,*,*,*,*,*,*,*,*,2,2,*,*,*,*,*,*,*,*,*,*,*,*,*,*,*
533803751,2,533803742,,4,2,2,*,*,*,*,*,*,*,*,*,*,*,*,*,*,*,*,*,*,*,*,*,*,*,*,*,*,*,*,*,*,3,3,*,*,*,*,*,*,*,*,*,*,*,*,*,*,*
533803761,0,,,60,33,27,7,5,2,53,28,25,27,16,11,50,26,24,50,26,24,26,12,14,17,8,9,5,2,3,0,0,0,0,0,0,18,18,1,4,6,3,3,1,0,17,10,7,1,15,0,1,3
533803851,0,,,51,36,15,0,0,0,51,36,15,33,26,7,51,36,15,51,36,15,18,10,8,11,5,6,2,1,1,1,0,1,4,4,0,26,26,14,6,3,1,1,0,1,11,9,2,0,13,10,3,3
533803853,0,,,96,53,43,6,4,2,90,49,41,54,31,23,88,49,39,88,49,39,36,18,18,17,7,10,6,3,3,0,0,0,0,0,0,40,40,14,10,10,3,0,2,1,25,18,7,1,24,4,6,1
533803863,2,533803864,,2,0,2,*,*,*,*,*,*,*,*,*,*,*,*,*,*,*,*,*,*,*,*,*,*,*,*,*,*,*,*,*,*,1,1,*,*,*,*,*,*,*,*,*,*,*,*,*,*,*
533803864,1,,533803863,18,10,8,0,0,0,20,10,10,10,5,5,19,9,10,19,9,10,10,5,5,5,1,4,3,0,3,0,0,0,0,0,0,9,9,4,3,2,1,0,0,0,6,5,1,0,7,0,4,1
533803892,2,533803982,,10,3,7,*,*,*,*,*,*,*,*,*,*,*,*,*,*,*,*,*,*,*,*,*,*,*,*,*,*,*,*,*,*,5,5,*,*,*,*,*,*,*,*,*,*,*,*,*,*,*
533803903,2,533803904,,4,2,2,*,*,*,*,*,*,*,*,*,*,*,*,*,*,*,*,*,*,*,*,*,*,*,*,*,*,*,*,*,*,2,2,*,*,*,*,*,*,*,*,*,*,*,*,*,*,*
533803904,1,,533803903;533803921,23,12,11,2,2,0,27,14,13,12,6,6,26,13,13,26,13,13,15,8,7,10,5,5,4,2,2,0,0,0,0,0,0,10,10,7,3,2,0,2,0,0,6,5,1,0,12,0,7,1
533803921,2,533803904,,2,2,0,*,*,*,*,*,*,*,*,*,*,*,*,*,*,*,*,*,*,*,*,*,*,*,*,*,*,*,*,*,*,2,2,*,*,*,*,*,*,*,*,*,*,*,*,*,*,*
533803942,2,533803951,,8,5,3,*,*,*,*,*,*,*,*,*,*,*,*,*,*,*,*,*,*,*,*,*,*,*,*,*,*,*,*,*,*,4,4,*,*,*,*,*,*,*,*,*,*,*,*,*,*,*
533803951,1,,533803942,312,155,157,36,22,14,284,138,146,163,81,82,275,134,141,270,132,138,121,57,64,63,27,36,23,10,13,1,0,1,2,1,1,116,116,23,48,19,12,13,4,1,96,72,24,11,85,0,14,24
533803952,0,,,13,6,7,0,0,0,13,6,7,7,4,3,12,6,6,11,5,6,6,2,4,1,0,1,0,0,0,0,0,0,0,0,0,6,6,3,0,2,1,0,0,0,3,3,0,0,5,0,3,0
533803953,0,,,144,61,83,3,1,2,141,60,81,64,24,40,140,60,80,140,60,80,77,36,41,41,16,25,22,7,15,3,0,3,0,0,0,62,62,14,26,15,4,2,0,1,47,37,10,1,50,0,10,13
533803954,0,,,24,13,11,2,1,1,22,12,10,16,10,6,21,12,9,20,11,9,6,2,4,5,2,3,2,1,1,1,0,1,0,0,0,9,9,2,1,4,2,0,0,0,7,5,2,1,4,0,1,0
533803962,1,,533803963;533803964,40,21,19,2,2,0,49,23,26,26,13,13,49,23,26,49,23,26,23,10,13,12,6,6,5,2,3,0,0,0,0,0,0,16,16,5,11,3,2,0,0,1,17,15,2,1,16,0,4,6
533803963,2,533803962,,3,1,2,*,*,*,*,*,*,*,*,*,*,*,*,*,*,*,*,*,*,*,*,*,*,*,*,*,*,*,*,*,*,1,1,*,*,*,*,*,*,*,*,*,*,*,*,*,*,*
533803964,2,533803962,,8,3,5,*,*,*,*,*,*,*,*,*,*,*,*,*,*,*,*,*,*,*,*,*,*,*,*,*,*,*,*,*,*,5,5,*,*,*,*,*,*,*,*,*,*,*,*,*,*,*
533803982,1,,533803892;533803983;533803984,4,2,2,0,0,0,21,7,14,6,4,2,21,7,14,21,7,14,15,3,12,9,3,6,4,1,3,1,0,1,0,0,0,2,2,4,7,1,0,0,0,0,8,7,1,0,11,0,4,3
533803983,2,533803982,,1,0,1,*,*,*,*,*,*,*,*,*,*,*,*,*,*,*,*,*,*,*,*,*,*,*,*,*,*,*,*,*,*,1,1,*,*,*,*,*,*,*,*,*,*,*,*,*,*,*
533803984,2,533803982,,6,2,4,*,*,*,*,*,*,*,*,*,*,*,*,*,*,*,*,*,*,*,*,*,*,*,*,*,*,*,*,*,*,4,4,*,*,*,*,*,*,*,*,*,*,*,*,*,*,*
533804043,0,,,10,6,4,0,0,0,10,6,4,8,5,3,10,6,4,9,5,4,2,1,1,2,1,1,0,0,0,0,0,0,1,0,1,5,5,4,0,0,0,0,1,0,1,0,1,0,1,3,0,0
533804052,1,,533804054,32,20,12,2,2,0,34,21,13,19,13,6,34,21,13,34,21,13,15,8,7,7,4,3,1,0,1,0,0,0,0,0,0,13,13,5,7,0,3,1,0,0,11,11,0,1,10,0,3,3
533804054,2,533804052,,4,3,1,*,*,*,*,*,*,*,*,*,*,*,*,*,*,*,*,*,*,*,*,*,*,*,*,*,*,*,*,*,*,3,3,*,*,*,*,*,*,*,*,*,*,*,*,*,*,*
533804063,1,,533804161,78,42,36,8,6,2,71,36,35,41,20,21,70,35,35,70,35,35,30,16,14,9,5,4,1,1,0,0,0,0,2,1,1,37,37,12,18,4,3,0,0,1,25,23,2,1,21,0,5,8
533804071,0,,,13,9,4,0,0,0,13,9,4,5,5,0,13,9,4,13,9,4,8,4,4,3,2,1,0,0,0,0,0,0,0,0,0,8,8,4,3,1,0,0,0,0,4,4,0,0,5,0,1,2
533804072,1,,533804073,35,16,19,5,2,3,33,16,17,16,8,8,32,15,17,32,15,17,17,8,9,7,3,4,0,0,0,0,0,0,1,0,1,15,15,6,7,1,4,0,0,0,12,10,2,1,11,0,3,4
533804073,2,533804072,,4,3,1,*,*,*,*,*,*,*,*,*,*,*,*,*,*,*,*,*,*,*,*,*,*,*,*,*,*,*,*,*,*,3,3,*,*,*,*,*,*,*,*,*,*,*,*,*,*,*
533804074,1,,533804081,25,13,12,7,3,4,24,14,10,14,8,6,22,12,10,22,12,10,10,6,4,5,3,2,0,0,0,0,0,0,0,0,0,8,8,1,5,1,3,1,0,0,10,10,0,2,7,0,1,3
533804081,2,533804074,,6,4,2,*,*,*,*,*,*,*,*,*,*,*,*,*,*,*,*,*,*,*,*,*,*,*,*,*,*,*,*,*,*,3,3,*,*,*,*,*,*,*,*,*,*,*,*,*,*,*
533804092,2,533804183,,46,42,4,*,*,*,*,*,*,*,*,*,*,*,*,*,*,*,*,*,*,*,*,*,*,*,*,*,*,*,*,*,*,5,2,*,*,*,*,*,*,*,*,*,*,*,*,*,*,*
533804152,2,533804154,,9,6,3,*,*,*,*,*,*,*,*,*,*,*,*,*,*,*,*,*,*,*,*,*,*,*,*,*,*,*,*,*,*,7,7,*,*,*,*,*,*,*,*,*,*,*,*,*,*,*
533804154,1,,533804152,28,14,14,3,1,2,34,19,15,21,11,10,32,18,14,32,18,14,13,8,5,5,3,2,1,0,1,0,0,0,1,1,0,10,10,6,5,4,1,1,0,0,10,8,2,1,11,0,4,3
533804161,2,533804063,,1,0,1,*,*,*,*,*,*,*,*,*,*,*,*,*,*,*,*,*,*,*,*,*,*,*,*,*,*,*,*,*,*,1,1,*,*,*,*,*,*,*,*,*,*,*,*,*,*,*
533804172,0,,,26,11,15,0,0,0,26,11,15,22,10,12,26,11,15,25,11,14,4,1,3,2,0,2,1,0,1,0,0,0,3,0,3,11,11,3,5,1,1,0,1,0,8,7,1,0,4,2,0,0
533804174,0,,,14,8,6,2,2,0,12,6,6,6,4,2,12,6,6,12,6,6,6,2,4,3,1,2,2,1,1,0,0,0,0,0,0,4,4,1,0,1,0,2,0,0,3,1,2,1,4,0,1,0
533804181,0,,,24,10,14,0,0,0,24,10,14,16,7,9,22,10,12,22,10,12,8,3,5,4,1,3,4,1,3,1,0,1,0,0,0,6,6,0,1,1,1,3,0,0,6,2,4,0,4,0,0,0
533804183,1,,533804092;533804184,44,26,18,1,0,1,93,71,22,73,60,13,91,69,22,75,55,20,20,11,9,6,2,4,4,2,2,1,1,0,4,3,1,17,17,7,5,5,2,2,0,0,14,7,7,0,14,0,3,2
533804184,2,533804183,,4,3,1,*,*,*,*,*,*,*,*,*,*,*,*,*,*,*,*,*,*,*,*,*,*,*,*,*,*,*,*,*,*,2,2,*,*,*,*,*,*,*,*,*,*,*,*,*,*,*
533804243,0,,,22,13,9,3,2,1,19,11,8,10,7,3,16,8,8,16,8,8,9,4,5,3,2,1,0,0,0,0,0,0,0,0,0,6,6,1,1,1,1,1,0,1,5,3,2,1,5,0,1,1
533804244,0,,,35,18,17,3,2,1,32,16,16,12,7,5,30,15,15,30,15,15,20,9,11,14,7,7,4,2,2,0,0,0,0,0,0,14,14,4,5,3,1,0,0,1,10,9,1,0,11,0,2,4
533804251,2,533804253,,5,3,2,*,*,*,*,*,*,*,*,*,*,*,*,*,*,*,*,*,*,*,*,*,*,*,*,*,*,*,*,*,*,4,4,*,*,*,*,*,*,*,*,*,*,*,*,*,*,*
533804252,0,,,31,12,19,9,3,6,22,9,13,14,6,8,22,9,13,22,9,13,8,3,5,6,2,4,1,0,1,0,0,0,0,0,0,9,9,0,2,4,1,1,1,0,9,7,2,2,5,0,0,1
533804253,1,,533804251,28,16,12,2,2,0,31,17,14,19,10,9,31,17,14,31,17,14,12,7,5,4,2,2,0,0,0,0,0,0,0,0,0,13,13,6,7,3,1,0,0,0,11,11,0,1,10,0,4,3
533804254,0,,,16,9,7,0,0,0,16,9,7,9,5,4,16,9,7,16,9,7,7,4,3,3,1,2,0,0,0,0,0,0,0,0,0,9,9,3,5,1,0,0,0,0,6,6,0,0,5,0,0,3
533804263,2,533804264,,6,3,3,*,*,*,*,*,*,*,*,*,*,*,*,*,*,*,*,*,*,*,*,*,*,*,*,*,*,*,*,*,*,3,3,*,*,*,*,*,*,*,*,*,*,*,*,*,*,*
533804264,1,,533804263;533804371,7,5,2,0,0,0,17,10,7,12,7,5,17,10,7,17,10,7,5,3,2,2,1,1,0,0,0,0,0,0,0,0,0,2,2,0,5,1,1,0,0,0,7,7,0,0,3,0,0,1
533804271,1,,533804272,41,20,21,5,2,3,41,21,20,26,14,12,38,21,17,35,19,16,15,7,8,7,3,4,2,1,1,0,0,0,0,0,0,14,14,6,5,1,0,3,2,0,11,8,3,0,9,0,2,3
533804272,2,533804271,,5,3,2,*,*,*,*,*,*,*,*,*,*,*,*,*,*,*,*,*,*,*,*,*,*,*,*,*,*,*,*,*,*,3,3,*,*,*,*,*,*,*,*,*,*,*,*,*,*,*
533804273,0,,,14,6,8,1,1,0,11,4,7,3,1,2,11,4,7,11,4,7,8,3,5,4,2,2,0,0,0,0,0,0,0,0,0,7,7,2,4,0,1,0,0,0,4,3,1,0,5,0,2,2
533804281,2,533804282,,6,3,3,*,*,*,*,*,*,*,*,*,*,*,*,*,*,*,*,*,*,*,*,*,*,*,*,*,*,*,*,*,*,2,2,*,*,*,*,*,*,*,*,*,*,*,*,*,*,*
533804282,1,,533804281,14,10,4,2,1,1,18,12,6,11,8,3,18,12,6,18,12,6,7,4,3,1,0,1,1,0,1,0,0,0,3,3,0,6,6,4,0,2,1,0,1,0,4,2,2,0,5,3,1,0
533804284,1,,533804391,22,13,9,2,2,0,31,14,17,20,9,11,31,14,17,29,14,15,11,5,6,3,1,2,1,0,1,0,0,0,1,0,1,8,8,2,2,3,3,0,1,0,9,7,2,0,7,0,0,1
533804291,1,,533804293,21,10,11,2,1,1,22,9,13,17,6,11,22,9,13,20,9,11,5,3,2,5,3,2,3,2,1,0,0,0,3,0,3,7,7,4,3,0,2,0,1,0,6,4,2,1,3,1,0,1
533804293,2,533804291,,3,0,3,*,*,*,*,*,*,*,*,*,*,*,*,*,*,*,*,*,*,*,*,*,*,*,*,*,*,*,*,*,*,3,3,*,*,*,*,*,*,*,*,*,*,*,*,*,*,*
533804342,0,,,31,14,17,3,2,1,28,12,16,16,8,8,26,11,15,26,11,15,12,4,8,9,4,5,3,1,2,0,0,0,0,0,0,11,11,1,4,2,4,0,0,0,10,7,3,1,8,0,1,2
533804343,2,533804344,,2,1,1,*,*,*,*,*,*,*,*,*,*,*,*,*,*,*,*,*,*,*,*,*,*,*,*,*,*,*,*,*,*,1,1,*,*,*,*,*,*,*,*,*,*,*,*,*,*,*
533804344,1,,533804343,72,39,33,4,1,3,70,39,31,37,23,14,69,38,31,69,38,31,33,16,17,12,6,6,4,3,1,0,0,0,0,0,0,26,26,2,10,10,4,0,1,0,25,19,6,2,19,0,2,7
533804351,0,,,54,26,28,3,0,3,51,26,25,26,14,12,50,26,24,50,26,24,25,12,13,8,2,6,2,0,2,0,0,0,0,0,0,22,22,4,9,5,3,1,0,0,18,17,1,0,16,0,2,5
533804352,0,,,41,20,21,0,0,0,41,20,21,27,15,12,40,19,21,37,19,18,14,5,9,7,3,4,2,1,1,0,0,0,0,0,0,14,13,2,5,3,3,0,0,0,11,6,5,0,10,0,1,3
533804353,0,,,106,52,54,8,3,5,98,49,49,59,32,27,97,49,48,94,48,46,39,17,22,15,7,8,5,3,2,0,0,0,2,1,1,39,39,7,16,5,8,0,2,1,30,19,11,4,29,0,6,7
533804354,0,,,64,27,37,1,1,0,63,26,37,24,11,13,62,26,36,62,26,36,39,15,24,22,5,17,10,3,7,0,0,0,0,0,0,29,29,7,12,8,1,1,0,0,22,15,7,1,23,1,5,7
533804361,0,,,12,7,5,0,0,0,12,7,5,7,4,3,12,7,5,12,7,5,5,3,2,2,1,1,0,0,0,0,0,0,0,0,0,8,8,4,4,0,0,0,0,0,4,4,0,0,4,0,1,2
533804362,1,,533804363;533804364,12,6,6,0,0,0,19,10,9,11,7,4,19,10,9,19,10,9,8,3,5,3,1,2,1,0,1,0,0,0,0,0,0,6,6,4,6,0,1,0,0,0,7,7,0,0,6,0,3,1
533804363,2,533804362,,2,1,1,*,*,*,*,*,*,*,*,*,*,*,*,*,*,*,*,*,*,*,*,*,*,*,*,*,*,*,*,*,*,1,1,*,*,*,*,*,*,*,*,*,*,*,*,*,*,*
533804364,2,533804362,,6,3,3,*,*,*,*,*,*,*,*,*,*,*,*,*,*,*,*,*,*,*,*,*,*,*,*,*,*,*,*,*,*,4,4,*,*,*,*,*,*,*,*,*,*,*,*,*,*,*
533804371,2,533804264,,4,2,2,*,*,*,*,*,*,*,*,*,*,*,*,*,*,*,*,*,*,*,*,*,*,*,*,*,*,*,*,*,*,2,2,*,*,*,*,*,*,*,*,*,*,*,*,*,*,*
533804383,1,,533804472;533804474,25,13,12,9,5,4,23,12,11,12,6,6,22,11,11,22,11,11,11,6,5,3,1,2,2,0,2,0,0,0,0,0,0,8,8,3,2,1,1,1,1,1,7,4,3,1,7,0,2,2
533804384,0,,,18,11,7,0,0,0,18,11,7,11,6,5,17,10,7,16,9,7,7,5,2,3,3,0,1,1,0,0,0,0,0,0,0,10,10,4,5,0,1,0,0,0,6,5,1,0,5,0,2,2
533804391,2,533804284,,11,3,8,*,*,*,*,*,*,*,*,*,*,*,*,*,*,*,*,*,*,*,*,*,*,*,*,*,*,*,*,*,*,3,3,*,*,*,*,*,*,*,*,*,*,*,*,*,*,*
533804442,2,533804444,,3,2,1,*,*,*,*,*,*,*,*,*,*,*,*,*,*,*,*,*,*,*,*,*,*,*,*,*,*,*,*,*,*,1,1,*,*,*,*,*,*,*,*,*,*,*,*,*,*,*
533804444,1,,533804442,9,5,4,0,0,0,12,7,5,6,3,3,11,6,5,11,6,5,6,4,2,3,2,1,1,0,1,0,0,0,0,0,0,3,3,0,0,4,0,0,0,0,4,2,2,0,4,0,0,0
533804451,0,,,99,53,46,15,11,4,84,42,42,47,22,25,82,41,41,80,41,39,37,20,17,13,7,6,5,2,3,1,0,1,0,0,0,35,35,7,11,7,4,5,0,1,28,21,7,5,25,0,5,7
533804452,0,,,17,8,9,3,3,0,14,5,9,9,4,5,13,4,9,13,4,9,5,1,4,2,0,2,1,0,1,0,0,0,0,0,0,4,4,0,1,0,1,1,1,0,4,1,3,1,4,0,0,0
533804453,1,,533804454;533804563,12,6,6,1,0,1,15,8,7,5,3,2,15,8,7,15,8,7,10,5,5,5,3,2,3,1,2,0,0,0,0,0,0,4,4,2,3,1,0,1,0,0,5,4,1,1,5,1,1,3
533804454,2,533804453,,3,1,2,*,*,*,*,*,*,*,*,*,*,*,*,*,*,*,*,*,*,*,*,*,*,*,*,*,*,*,*,*,*,2,2,*,*,*,*,*,*,*,*,*,*,*,*,*,*,*
533804472,2,533804383,,2,1,1,*,*,*,*,*,*,*,*,*,*,*,*,*,*,*,*,*,*,*,*,*,*,*,*,*,*,*,*,*,*,1,1,*,*,*,*,*,*,*,*,*,*,*,*,*,*,*
533804474,2,533804383,,5,3,2,*,*,*,*,*,*,*,*,*,*,*,*,*,*,*,*,*,*,*,*,*,*,*,*,*,*,*,*,*,*,1,1,*,*,*,*,*,*,*,*,*,*,*,*,*,*,*
533804481,2,533804482,,3,2,1,*,*,*,*,*,*,*,*,*,*,*,*,*,*,*,*,*,*,*,*,*,*,*,*,*,*,*,*,*,*,1,1,*,*,*,*,*,*,*,*,*,*,*,*,*,*,*
533804482,1,,533804481,16,9,7,0,0,0,19,11,8,12,7,5,18,10,8,18,10,8,7,4,3,4,3,1,2,2,0,0,0,0,0,0,0,5,5,0,3,1,1,0,1,0,6,3,3,0,4,0,0,1
533804483,1,,533804572;533804574;533804581,12,6,6,3,2,1,18,11,7,10,7,3,18,11,7,18,11,7,8,4,4,2,1,1,2,1,1,0,0,0,1,1,0,5,5,5,3,2,1,0,0,0,6,5,1,1,5,0,2,2
533804542,0,,,9,4,5,0,0,0,9,4,5,2,1,1,9,4,5,9,4,5,7,3,4,3,1,2,2,1,1,0,0,0,0,0,0,6,6,3,3,0,0,0,0,0,3,3,0,0,5,0,2,3
533804551,2,533804553,,7,4,3,*,*,*,*,*,*,*,*,*,*,*,*,*,*,*,*,*,*,*,*,*,*,*,*,*,*,*,*,*,*,3,3,*,*,*,*,*,*,*,*,*,*,*,*,*,*,*
533804553,1,,533804551;533804653;533804654,6,3,3,4,2,2,18,9,9,12,7,5,18,9,9,18,9,9,6,2,4,5,2,3,0,0,0,0,0,0,1,1,0,3,3,0,7,1,0,1,0,0,9,8,1,1,4,0,0,2
533804563,2,533804453,,1,1,0,*,*,*,*,*,*,*,*,*,*,*,*,*,*,*,*,*,*,*,*,*,*,*,*,*,*,*,*,*,*,1,1,*,*,*,*,*,*,*,*,*,*,*,*,*,*,*
533804572,2,533804483,,3,2,1,*,*,*,*,*,*,*,*,*,*,*,*,*,*,*,*,*,*,*,*,*,*,*,*,*,*,*,*,*,*,1,1,*,*,*,*,*,*,*,*,*,*,*,*,*,*,*
533804574,2,533804483,,4,3,1,*,*,*,*,*,*,*,*,*,*,*,*,*,*,*,*,*,*,*,*,*,*,*,*,*,*,*,*,*,*,3,3,*,*,*,*,*,*,*,*,*,*,*,*,*,*,*
533804581,2,533804483,,2,2,0,*,*,*,*,*,*,*,*,*,*,*,*,*,*,*,*,*,*,*,*,*,*,*,*,*,*,*,*,*,*,2,2,*,*,*,*,*,*,*,*,*,*,*,*,*,*,*
533804653,2,533804553,,7,3,4,*,*,*,*,*,*,*,*,*,*,*,*,*,*,*,*,*,*,*,*,*,*,*,*,*,*,*,*,*,*,2,2,*,*,*,*,*,*,*,*,*,*,*,*,*,*,*
533804654,2,533804553,,2,1,1,*,*,*,*,*,*,*,*,*,*,*,*,*,*,*,*,*,*,*,*,*,*,*,*,*,*,*,*,*,*,1,1,*,*,*,*,*,*,*,*,*,*,*,*,*,*,*
533804663,2,533804762,,3,2,1,*,*,*,*,*,*,*,*,*,*,*,*,*,*,*,*,*,*,*,*,*,*,*,*,*,*,*,*,*,*,2,2,*,*,*,*,*,*,*,*,*,*,*,*,*,*,*
533804671,2,533804762,,1,1,0,*,*,*,*,*,*,*,*,*,*,*,*,*,*,*,*,*,*,*,*,*,*,*,*,*,*,*,*,*,*,1,1,*,*,*,*,*,*,*,*,*,*,*,*,*,*,*
533804682,2,533804782,,4,3,1,*,*,*,*,*,*,*,*,*,*,*,*,*,*,*,*,*,*,*,*,*,*,*,*,*,*,*,*,*,*,1,1,*,*,*,*,*,*,*,*,*,*,*,*,*,*,*
533804684,2,533804782,,8,3,5,*,*,*,*,*,*,*,*,*,*,*,*,*,*,*,*,*,*,*,*,*,*,*,*,*,*,*,*,*,*,2,2,*,*,*,*,*,*,*,*,*,*,*,*,*,*,*
533804762,1,,533804663;533804671;533804764;533804841;533804842,13,7,6,8,4,4,31,18,13,15,8,7,31,18,13,31,18,13,16,10,6,6,4,2,5,3,2,0,0,0,1,1,0,4,4,3,4,2,1,2,0,1,10,5,5,2,8,0,2,2
533804764,2,533804762,,11,6,5,*,*,*,*,*,*,*,*,*,*,*,*,*,*,*,*,*,*,*,*,*,*,*,*,*,*,*,*,*,*,4,4,*,*,*,*,*,*,*,*,*,*,*,*,*,*,*
533804782,1,,533804682;533804684;533804784,3,2,1,2,0,2,19,11,8,11,7,4,19,11,8,19,11,8,8,4,4,4,1,3,4,1,3,0,0,0,0,0,0,1,1,0,0,3,3,0,0,0,6,4,2,1,4,0,0,0
533804784,2,533804782,,6,3,3,*,*,*,*,*,*,*,*,*,*,*,*,*,*,*,*,*,*,*,*,*,*,*,*,*,*,*,*,*,*,2,2,*,*,*,*,*,*,*,*,*,*,*,*,*,*,*
533804793,0,,,19,9,10,0,0,0,19,9,10,14,8,6,19,9,10,19,9,10,5,1,4,4,0,4,3,0,3,0,0,0,0,0,0,7,7,2,1,1,3,0,0,0,5,2,3,0,5,0,1,0
533804794,0,,,15,8,7,0,0,0,15,8,7,8,5,3,15,8,7,15,8,7,7,3,4,6,3,3,3,2,1,0,0,0,0,0,0,5,5,1,1,0,3,0,0,0,4,1,3,0,5,0,1,1
533804841,2,533804762,,8,5,3,*,*,*,*,*,*,*,*,*,*,*,*,*,*,*,*,*,*,*,*,*,*,*,*,*,*,*,*,*,*,1,1,*,*,*,*,*,*,*,*,*,*,*,*,*,*,*
533804842,2,533804762,,3,1,2,*,*,*,*,*,*,*,*,*,*,*,*,*,*,*,*,*,*,*,*,*,*,*,*,*,*,*,*,*,*,1,1,*,*,*,*,*,*,*,*,*,*,*,*,*,*,*
533804862,1,,533804864,21,12,9,6,4,2,17,9,8,10,5,5,16,9,7,16,9,7,7,4,3,4,2,2,0,0,0,0,0,0,0,0,0,6,6,0,4,0,1,1,1,0,7,6,1,1,4,0,0,2
533804864,2,533804862,,2,1,1,*,*,*,*,*,*,*,*,*,*,*,*,*,*,*,*,*,*,*,*,*,*,*,*,*,*,*,*,*,*,1,1,*,*,*,*,*,*,*,*,*,*,*,*,*,*,*
533804871,2,533804873,,9,5,4,*,*,*,*,*,*,*,*,*,*,*,*,*,*,*,*,*,*,*,*,*,*,*,*,*,*,*,*,*,*,3,3,*,*,*,*,*,*,*,*,*,*,*,*,*,*,*
533804873,1,,533804871;533804971,43,25,18,10,4,6,50,31,19,32,19,13,50,31,19,50,31,19,18,12,6,6,3,3,2,1,1,0,0,0,2,2,0,12,12,2,3,7,2,2,1,1,15,11,4,2,11,0,1,0
533804882,1,,533804884,20,9,11,7,4,3,24,11,13,13,7,6,24,11,13,24,11,13,11,4,7,5,2,3,1,0,1,0,0,0,1,0,1,6,6,0,5,1,0,1,1,1,9,5,4,3,7,0,0,3
533804884,2,533804882,,11,6,5,*,*,*,*,*,*,*,*,*,*,*,*,*,*,*,*,*,*,*,*,*,*,*,*,*,*,*,*,*,*,3,3,*,*,*,*,*,*,*,*,*,*,*,*,*,*,*
533804891,1,,533804892,20,13,7,6,3,3,22,13,9,14,9,5,19,11,8,19,11,8,8,4,4,6,4,2,1,0,1,0,0,0,0,0,0,6,6,4,0,2,2,2,0,0,6,4,2,1,6,0,2,0
533804892,2,533804891,,8,3,5,*,*,*,*,*,*,*,*,*,*,*,*,*,*,*,*,*,*,*,*,*,*,*,*,*,*,*,*,*,*,4,4,*,*,*,*,*,*,*,*,*,*,*,*,*,*,*
533804893,0,,,15,7,8,2,1,1,13,6,7,12,5,7,10,5,5,10,5,5,1,1,0,1,1,0,0,0,0,0,0,0,1,0,1,4,4,0,1,0,2,1,0,0,4,3,1,1,1,0,0,0
533804894,0,,,13,5,8,3,0,3,10,5,5,7,4,3,10,5,5,10,5,5,3,1,2,1,0,1,1,0,1,0,0,0,0,0,0,5,5,2,0,2,0,1,0,0,3,3,0,0,2,0,0,0
533804971,2,533804873,,8,5,3,*,*,*,*,*,*,*,*,*,*,*,*,*,*,*,*,*,*,*,*,*,*,*,*,*,*,*,*,*,*,3,3,*,*,*,*,*,*,*,*,*,*,*,*,*,*,*
533804982,0,,,9,4,5,0,0,0,9,4,5,3,2,1,9,4,5,9,4,5,6,2,4,2,0,2,1,0,1,0,0,0,0,0,0,5,5,2,2,1,0,0,0,0,3,2,1,0,3,0,1,1
533804983,2,533804984,,5,2,3,*,*,*,*,*,*,*,*,*,*,*,*,*,*,*,*,*,*,*,*,*,*,*,*,*,*,*,*,*,*,2,2,*,*,*,*,*,*,*,*,*,*,*,*,*,*,*
533804984,1,,533804983,12,7,5,0,0,0,17,9,8,8,4,4,17,9,8,17,9,8,9,5,4,4,2,2,0,0,0,0,0,0,0,0,0,5,5,1,3,2,1,0,0,0,6,5,1,0,5,0,1,3
533804991,2,533804993,,7,3,4,*,*,*,*,*,*,*,*,*,*,*,*,*,*,*,*,*,*,*,*,*,*,*,*,*,*,*,*,*,*,3,3,*,*,*,*,*,*,*,*,*,*,*,*,*,*,*
533804993,1,,533804991,30,17,13,0,0,0,37,20,17,16,11,5,37,20,17,37,20,17,21,9,12,9,5,4,2,1,1,0,0,0,1,0,1,20,20,12,9,1,1,0,0,0,11,9,2,0,13,3,2,5
533804994,0,,,40,16,24,2,1,1,38,15,23,15,6,9,38,15,23,38,15,23,23,9,14,6,2,4,2,1,1,0,0,0,0,0,0,15,15,2,6,4,1,2,0,0,13,9,4,1,13,0,1,4
533805382,0,,,4,4,0,0,0,0,4,4,0,4,4,0,4,4,0,4,4,0,0,0,0,0,0,0,0,0,0,0,0,0,0,0,0,4,4,4,0,0,0,0,0,0,0,0,0,0,0,0,0,0
533805384,0,,,4,4,0,0,0,0,4,4,0,4,4,0,4,4,0,4,4,0,0,0,0,0,0,0,0,0,0,0,0,0,0,0,0,4,4,4,0,0,0,0,0,0,0,0,0,0,0,0,0,0
533805703,2,533805704,,6,3,3,*,*,*,*,*,*,*,*,*,*,*,*,*,*,*,*,*,*,*,*,*,*,*,*,*,*,*,*,*,*,2,2,*,*,*,*,*,*,*,*,*,*,*,*,*,*,*
533805704,1,,533805703,10,5,5,0,0,0,16,8,8,10,5,5,16,8,8,16,8,8,6,3,3,2,1,1,0,0,0,0,0,0,0,0,0,4,4,1,1,3,1,0,0,0,5,4,1,0,3,0,0,1
533805801,2,533805802,,8,3,5,*,*,*,*,*,*,*,*,*,*,*,*,*,*,*,*,*,*,*,*,*,*,*,*,*,*,*,*,*,*,3,3,*,*,*,*,*,*,*,*,*,*,*,*,*,*,*
533805802,1,,533805801,23,14,9,0,0,0,31,17,14,18,10,8,30,17,13,28,15,13,13,7,6,7,2,5,3,0,3,0,0,0,1,0,1,7,7,1,2,4,2,0,1,0,9,4,5,0,8,0,0,1
533805803,0,,,13,7,6,2,1,1,11,6,5,7,4,3,11,6,5,11,6,5,4,2,2,3,2,1,1,1,0,1,1,0,0,0,0,4,4,0,1,1,2,0,0,0,3,1,2,0,2,0,0,0
533805804,0,,,9,5,4,0,0,0,9,5,4,5,2,3,9,5,4,9,5,4,4,3,1,0,0,0,0,0,0,0,0,0,1,0,1,5,5,1,4,0,0,0,0,0,4,4,0,0,3,0,1,2
533805901,0,,,22,13,9,3,3,0,19,10,9,9,4,5,19,10,9,19,10,9,10,6,4,5,2,3,3,1,2,1,0,1,0,0,0,10,10,3,4,2,0,1,0,0,7,6,1,2,8,0,1,2
533805902,0,,,12,6,6,2,1,1,10,5,5,2,1,1,10,5,5,10,5,5,8,4,4,4,2,2,0,0,0,0,0,0,0,0,0,5,5,0,4,0,1,0,0,0,5,5,0,0,4,0,0,4
533805903,0,,,32,18,14,2,2,0,30,16,14,17,8,9,29,15,14,28,14,14,13,8,5,1,1,0,0,0,0,0,0,0,1,1,0,11,11,2,6,0,1,1,0,1,9,7,2,1,9,0,1,4
533805904,0,,,9,5,4,0,0,0,9,5,4,2,2,0,9,5,4,9,5,4,7,3,4,3,1,2,1,0,1,1,0,1,0,0,0,5,5,3,0,2,0,0,0,0,2,0,2,0,4,0,2,0
533805911,1,,533805913,11,4,7,2,0,2,12,6,6,8,4,4,12,6,6,12,6,6,4,2,2,1,1,0,0,0,0,0,0,0,0,0,0,4,4,2,0,1,1,1,0,0,3,2,1,1,3,0,1,0
533805913,2,533805911,,3,2,1,*,*,*,*,*,*,*,*,*,*,*,*,*,*,*,*,*,*,*,*,*,*,*,*,*,*,*,*,*,*,1,1,*,*,*,*,*,*,*,*,*,*,*,*,*,*,*
533806031,0,,,442,424,18,0,0,0,442,424,18,442,424,18,442,424,18,388,373,15,0,0,0,0,0,0,0,0,0,0,0,0,0,0,0,8,0,0,0,0,0,0,0,0,0,0,0,0,0,0,0,0
533806032,0,,,122,113,9,0,0,0,122,113,9,122,113,9,122,113,9,106,102,4,0,0,0,0,0,0,0,0,0,0,0,0,0,0,0,4,0,0,0,0,0,0,0,0,0,0,0,0,0,0,0,0
533806041,0,,,27,18,9,0,0,0,27,18,9,27,18,9,27,18,9,23,14,9,0,0,0,0,0,0,0,0,0,0,0,0,0,0,0,3,0,0,0,0,0,0,0,0,0,0,0,0,0,0,0,0
533806293,1,,533806294,1147,1088,59,0,0,0,1151,1090,61,1149,1089,60,1151,1090,61,1061,1014,47,2,1,1,0,0,0,0,0,0,0,0,0,0,0,0,24,4,6,1,0,0,0,0,0,1,1,0,0,2,0,1,0
533806294,2,533806293,,4,2,2,*,*,*,*,*,*,*,*,*,*,*,*,*,*,*,*,*,*,*,*,*,*,*,*,*,*,*,*,*,*,3,3,*,*,*,*,*,*,*,*,*,*,*,*,*,*,*
533806323,0,,,4,4,0,0,0,0,4,4,0,4,4,0,4,4,0,4,4,0,0,0,0,0,0,0,0,0,0,0,0,0,0,0,0,4,4,4,0,0,0,0,0,0,0,0,0,0,0,0,0,0
533806382,0,,,236,210,26,0,0,0,236,210,26,236,210,26,236,210,26,217,197,20,0,0,0,0,0,0,0,0,0,0,0,0,0,0,0,20,0,0,0,0,0,0,0,0,0,0,0,0,0,0,0,0
533806384,0,,,43,24,19,2,0,2,41,24,17,27,17,10,41,24,17,39,23,16,14,7,7,9,4,5,2,1,1,0,0,0,1,0,1,22,22,12,4,4,0,1,1,0,10,7,3,0,11,0,5,1
533806391,0,,,288,161,127,37,17,20,251,144,107,182,118,64,246,140,106,246,140,106,69,26,43,37,11,26,11,2,9,1,0,1,2,1,1,148,148,77,32,20,13,3,1,2,71,60,11,14,47,3,11,9
533806392,0,,,855,434,421,91,41,50,764,393,371,532,287,245,737,377,360,724,371,353,232,106,126,99,40,59,28,10,18,1,1,0,10,7,3,337,337,91,105,69,37,20,9,6,244,205,39,25,160,8,34,39
533806393,0,,,697,352,345,97,46,51,600,306,294,410,217,193,578,294,284,567,288,279,190,89,101,81,30,51,12,5,7,1,1,0,25,12,13,273,272,92,76,56,30,11,3,4,179,159,20,23,121,3,42,29
533806394,0,,,360,203,157,44,25,19,312,175,137,220,123,97,311,175,136,309,174,135,92,52,40,39,22,17,13,8,5,2,1,1,2,0,2,183,183,82,53,33,8,4,1,2,100,88,12,14,63,4,25,17
533806402,0,,,4,4,0,0,0,0,4,4,0,4,4,0,4,4,0,4,4,0,0,0,0,0,0,0,0,0,0,0,0,0,0,0,0,4,4,4,0,0,0,0,0,0,0,0,0,0,0,0,0,0
533806411,0,,,4,4,0,0,0,0,4,4,0,4,4,0,4,4,0,4,4,0,0,0,0,0,0,0,0,0,0,0,0,0,0,0,0,4,4,4,0,0,0,0,0,0,0,0,0,0,0,0,0,0
533806482,0,,,97,50,47,7,6,1,90,44,46,50,25,25,88,44,44,88,44,44,40,19,21,16,8,8,2,1,1,0,0,0,0,0,0,54,54,22,25,3,4,0,0,0,30,29,1,3,29,0,13,10
533806484,0,,,17,9,8,1,0,1,16,9,7,4,2,2,16,9,7,16,9,7,12,7,5,7,4,3,2,1,1,0,0,0,0,0,0,12,12,7,5,0,0,0,0,0,5,5,0,0,9,0,5,4
533806491,1,,533806493,43,25,18,8,6,2,42,24,18,26,15,11,40,23,17,39,22,17,16,9,7,6,3,3,0,0,0,0,0,0,3,1,2,16,16,9,2,3,2,4,0,0,11,8,3,2,11,0,5,2
533806492,0,,,28,14,14,7,1,6,21,13,8,21,13,8,20,12,8,20,12,8,0,0,0,0,0,0,0,0,0,0,0,0,0,0,0,13,13,7,1,1,4,0,0,0,6,6,0,2,0,3,0,0
533806493,2,533806491,,7,5,2,*,*,*,*,*,*,*,*,*,*,*,*,*,*,*,*,*,*,*,*,*,*,*,*,*,*,*,*,*,*,4,4,*,*,*,*,*,*,*,*,*,*,*,*,*,*,*
533806783,0,,,21,9,12,2,0,2,19,9,10,13,6,7,19,9,10,18,9,9,6,3,3,2,1,1,1,0,1,0,0,0,0,0,0,6,6,0,1,3,1,0,1,0,6,4,2,1,4,0,0,1
533806784,0,,,19,10,9,5,3,2,14,7,7,8,4,4,14,7,7,13,6,7,6,3,3,2,1,1,0,0,0,0,0,0,0,0,0,6,6,1,2,0,1,2,0,0,5,4,1,1,3,0,0,2
533806791,2,533806793,,7,5,2,*,*,*,*,*,*,*,*,*,*,*,*,*,*,*,*,*,*,*,*,*,*,*,*,*,*,*,*,*,*,3,3,*,*,*,*,*,*,*,*,*,*,*,*,*,*,*
533806793,1,,533806791,19,10,9,3,2,1,23,13,10,19,10,9,22,12,10,21,11,10,4,3,1,2,1,1,2,1,1,0,0,0,3,2,1,9,9,4,4,3,0,1,0,0,8,8,0,0,4,0,2,1
533806794,0,,,19,9,10,0,0,0,19,9,10,10,5,5,19,9,10,19,9,10,9,4,5,6,4,2,0,0,0,0,0,0,2,1,1,10,10,2,7,1,0,0,0,0,6,6,0,0,5,0,0,3
533806874,0,,,35,16,19,4,2,2,31,14,17,27,12,15,31,14,17,31,14,17,4,2,2,3,2,1,1,1,0,0,0,0,4,2,2,14,14,3,6,1,3,1,0,0,11,8,3,1,3,0,0,1
533806881,0,,,16,10,6,2,2,0,14,8,6,4,3,1,14,8,6,14,8,6,10,5,5,3,2,1,0,0,0,0,0,0,1,0,1,6,6,1,3,1,0,0,1,0,5,4,1,0,6,0,1,2
533806882,0,,,33,17,16,6,4,2,27,13,14,13,5,8,27,13,14,27,13,14,14,8,6,7,3,4,0,0,0,0,0,0,0,0,0,10,10,1,4,0,2,2,1,0,8,6,2,1,7,0,0,3
533806883,0,,,78,36,42,5,1,4,73,35,38,51,24,27,68,33,35,66,31,35,22,11,11,12,6,6,4,1,3,1,0,1,0,0,0,31,31,10,6,6,8,0,1,0,20,15,5,0,17,0,7,2
533806884,0,,,27,8,19,1,0,1,25,8,17,14,4,10,25,8,17,24,8,16,11,4,7,4,1,3,2,0,2,1,0,1,0,0,0,13,13,5,4,2,2,0,0,0,8,7,1,1,7,1,2,3
533806892,2,533806894,,5,3,2,*,*,*,*,*,*,*,*,*,*,*,*,*,*,*,*,*,*,*,*,*,*,*,*,*,*,*,*,*,*,2,2,*,*,*,*,*,*,*,*,*,*,*,*,*,*,*
533806893,2,533806894,,8,5,3,*,*,*,*,*,*,*,*,*,*,*,*,*,*,*,*,*,*,*,*,*,*,*,*,*,*,*,*,*,*,5,5,*,*,*,*,*,*,*,*,*,*,*,*,*,*,*
533806894,1,,533806892;533806893,8,3,5,0,0,0,21,11,10,11,6,5,21,11,10,21,11,10,10,5,5,6,3,3,1,0,1,0,0,0,0,0,0,4,4,3,6,2,0,0,0,0,8,8,0,0,7,1,2,3
533806971,0,,,27,13,14,8,4,4,19,9,10,12,5,7,19,9,10,19,9,10,7,4,3,5,2,3,0,0,0,0,0,0,0,0,0,7,7,0,1,2,3,0,0,1,7,5,2,1,5,0,0,1
533806972,0,,,35,18,17,6,2,4,29,16,13,17,10,7,26,14,12,26,14,12,12,6,6,1,1,0,0,0,0,0,0,0,1,0,1,15,15,6,4,1,3,0,1,0,9,9,0,1,8,0,4,3
533806974,0,,,252,123,129,25,14,11,227,109,118,158,72,86,219,106,113,215,104,111,69,37,32,35,14,21,7,2,5,0,0,0,3,1,2,100,100,20,38,21,14,5,2,0,80,70,10,9,49,0,13,18
533806981,0,,,154,67,87,22,9,13,132,58,74,80,37,43,125,56,69,121,55,66,52,21,31,25,10,15,4,1,3,1,0,1,1,0,1,52,52,7,18,10,11,2,1,3,45,31,14,4,32,1,2,10
533806982,0,,,148,77,71,17,8,9,130,68,62,87,49,38,124,64,60,123,63,60,43,19,24,18,9,9,8,3,5,0,0,0,5,3,2,48,47,6,9,17,8,4,1,2,41,28,13,4,28,1,3,4
533806983,0,,,152,76,76,29,16,13,123,60,63,66,33,33,122,59,63,122,59,63,57,27,30,22,9,13,4,1,3,1,0,1,0,0,0,48,48,8,15,7,5,8,2,3,39,24,15,9,33,0,3,11
533806984,0,,,58,25,33,5,4,1,53,21,32,31,16,15,52,20,32,51,20,31,22,5,17,17,3,14,9,2,7,0,0,0,1,1,0,15,14,3,0,4,5,2,0,0,11,7,4,2,6,1,0,0
533807002,2,533807013,,11,5,6,*,*,*,*,*,*,*,*,*,*,*,*,*,*,*,*,*,*,*,*,*,*,*,*,*,*,*,*,*,*,2,2,*,*,*,*,*,*,*,*,*,*,*,*,*,*,*
533807011,2,533807012,,7,4,3,*,*,*,*,*,*,*,*,*,*,*,*,*,*,*,*,*,*,*,*,*,*,*,*,*,*,*,*,*,*,5,5,*,*,*,*,*,*,*,*,*,*,*,*,*,*,*
533807012,1,,533807011;533807014,42,23,19,3,1,2,54,29,25,34,21,13,51,26,25,50,26,24,20,8,12,11,6,5,2,2,0,0,0,0,7,6,1,24,24,18,10,2,2,1,0,0,15,13,2,1,14,0,5,5
533807013,1,,533807002,43,20,23,8,4,4,46,21,25,29,12,17,45,20,25,45,20,25,17,9,8,4,1,3,2,0,2,0,0,0,0,0,0,14,14,0,5,5,3,1,2,0,16,14,2,2,10,0,0,4
533807014,2,533807012,,8,3,5,*,*,*,*,*,*,*,*,*,*,*,*,*,*,*,*,*,*,*,*,*,*,*,*,*,*,*,*,*,*,4,4,*,*,*,*,*,*,*,*,*,*,*,*,*,*,*
533807021,2,533807022,,4,1,3,*,*,*,*,*,*,*,*,*,*,*,*,*,*,*,*,*,*,*,*,*,*,*,*,*,*,*,*,*,*,2,2,*,*,*,*,*,*,*,*,*,*,*,*,*,*,*
533807022,1,,533807021,47,26,21,8,5,3,43,22,21,24,11,13,42,21,21,42,21,21,19,11,8,10,4,6,8,4,4,1,1,0,0,0,0,13,13,5,3,2,2,0,0,3,10,4,6,2,11,0,3,1
533807024,0,,,44,19,25,3,0,3,41,19,22,27,12,15,39,19,20,37,19,18,14,7,7,11,5,6,5,3,2,1,1,0,0,0,0,15,15,1,6,5,1,1,0,1,14,9,5,1,11,0,1,1
533807031,1,,533807032,52,23,29,7,2,5,53,25,28,31,16,15,51,25,26,50,24,26,22,9,13,11,4,7,1,0,1,0,0,0,0,0,0,18,18,2,8,6,2,2,1,0,19,17,2,1,14,0,2,4
533807032,2,533807031,,8,4,4,*,*,*,*,*,*,*,*,*,*,*,*,*,*,*,*,*,*,*,*,*,*,*,*,*,*,*,*,*,*,3,3,*,*,*,*,*,*,*,*,*,*,*,*,*,*,*
533807033,0,,,100,51,49,9,7,2,91,44,47,59,31,28,85,42,43,83,41,42,32,13,19,13,5,8,4,1,3,0,0,0,0,0,0,28,28,1,5,8,8,3,3,0,27,18,9,2,18,0,1,3
533807034,0,,,104,49,55,15,10,5,89,39,50,61,24,37,81,37,44,79,37,42,28,15,13,11,6,5,5,3,2,1,0,1,1,0,1,31,31,3,11,4,6,3,2,2,27,16,11,4,19,0,2,2
533807041,0,,,202,88,114,21,12,9,181,76,105,105,45,60,172,74,98,168,73,95,76,31,45,25,9,16,7,2,5,1,0,1,4,1,3,71,71,11,27,15,8,4,3,3,60,44,16,1,51,0,5,12
533807042,0,,,64,31,33,8,5,3,56,26,30,34,17,17,56,26,30,55,25,30,22,9,13,11,3,8,6,1,5,0,0,0,0,0,0,20,20,2,5,7,3,1,0,2,17,10,7,1,15,0,2,3
533807043,0,,,29,16,13,8,6,2,21,10,11,16,7,9,20,10,10,20,10,10,5,3,2,3,1,2,0,0,0,0,0,0,0,0,0,10,10,3,2,2,1,1,0,1,7,6,1,2,4,0,1,1
533807044,0,,,214,92,122,19,9,10,195,83,112,117,54,63,188,80,108,182,79,103,78,29,49,51,18,33,11,4,7,2,0,2,1,1,0,75,75,12,23,18,12,7,2,1,63,41,22,4,51,0,7,12
533807051,0,,,312,153,159,50,23,27,262,130,132,177,89,88,252,126,126,246,123,123,85,41,44,49,21,28,19,8,11,2,1,1,4,3,1,90,90,10,24,15,17,11,8,5,80,50,30,14,55,0,5,8
533807052,0,,,345,164,181,43,15,28,301,148,153,182,90,92,292,143,149,285,140,145,119,58,61,45,19,26,18,7,11,1,0,1,2,2,0,107,107,15,21,30,22,10,3,6,92,56,36,13,72,1,10,9
533807053,0,,,114,62,52,14,10,4,100,52,48,68,36,32,100,52,48,97,51,46,32,16,16,13,4,9,4,0,4,1,0,1,0,0,0,38,38,6,11,9,5,3,4,0,32,23,9,3,23,0,4,5
533807054,0,,,368,183,185,64,34,30,304,149,155,204,107,97,292,144,148,285,140,145,100,42,58,60,25,35,15,5,10,1,0,1,2,2,0,121,121,22,33,27,14,12,9,4,99,69,30,17,63,3,8,10
533807061,0,,,186,91,95,18,9,9,164,78,86,89,40,49,160,76,84,159,75,84,75,38,37,33,16,17,11,5,6,1,0,1,6,4,2,60,60,10,17,9,14,3,5,2,50,33,17,5,40,0,3,9
533807062,0,,,130,55,75,11,4,7,119,51,68,67,29,38,118,50,68,116,50,66,52,22,30,22,6,16,15,4,11,1,0,1,0,0,0,40,40,7,8,8,9,4,1,3,33,17,16,4,31,0,4,2
533807063,0,,,279,142,137,38,21,17,241,121,120,151,78,73,233,117,116,226,114,112,90,43,47,42,21,21,13,7,6,2,1,1,2,2,0,98,98,18,32,21,12,8,4,3,78,62,16,8,54,0,8,20
533807064,0,,,80,41,39,20,10,10,60,31,29,45,21,24,59,31,28,58,30,28,15,10,5,7,3,4,4,1,3,0,0,0,2,1,1,24,24,2,6,5,6,4,0,1,22,18,4,6,11,0,1,4
533807071,1,,533807072,48,27,21,11,7,4,46,24,22,32,18,14,42,22,20,41,22,19,14,6,8,6,3,3,0,0,0,0,0,0,0,0,0,12,12,1,2,4,3,3,1,1,13,8,5,4,8,0,0,0
533807072,2,533807071,,9,4,5,*,*,*,*,*,*,*,*,*,*,*,*,*,*,*,*,*,*,*,*,*,*,*,*,*,*,*,*,*,*,3,3,*,*,*,*,*,*,*,*,*,*,*,*,*,*,*
533807073,1,,533807074,23,9,14,0,0,0,79,37,42,56,26,30,79,37,42,78,37,41,23,11,12,10,6,4,3,3,0,0,0,0,0,0,0,9,9,5,3,3,0,0,1,0,7,6,1,0,6,1,1,1
533807074,2,533807073,,56,28,28,*,*,*,*,*,*,*,*,*,*,*,*,*,*,*,*,*,*,*,*,*,*,*,*,*,*,*,*,*,*,4,3,*,*,*,*,*,*,*,*,*,*,*,*,*,*,*
533807081,0,,,524,249,275,63,32,31,461,217,244,277,142,135,448,211,237,443,209,234,184,75,109,88,34,54,31,8,23,2,1,1,1,0,1,193,193,37,67,41,27,10,7,4,154,107,47,19,122,3,17,26
533807082,0,,,132,59,73,12,3,9,120,56,64,89,43,46,115,55,60,109,52,57,31,13,18,20,8,12,9,4,5,0,0,0,0,0,0,54,54,13,23,6,7,4,0,1,39,31,8,5,23,4,3,5
533807083,0,,,39,16,23,1,1,0,38,15,23,20,8,12,37,15,22,37,15,22,18,7,11,11,4,7,4,1,3,0,0,0,0,0,0,14,14,1,4,6,3,0,0,0,12,8,4,1,9,0,1,1
533807101,2,533807103,,3,3,0,*,*,*,*,*,*,*,*,*,*,*,*,*,*,*,*,*,*,*,*,*,*,*,*,*,*,*,*,*,*,3,3,*,*,*,*,*,*,*,*,*,*,*,*,*,*,*
533807103,1,,533807101,3,3,0,0,0,0,6,6,0,6,6,0,6,6,0,6,6,0,0,0,0,0,0,0,0,0,0,0,0,0,0,0,0,3,3,6,0,0,0,0,0,0,0,0,0,0,0,0,0,0
533807104,0,,,20,13,7,0,0,0,20,13,7,11,8,3,20,13,7,20,13,7,9,5,4,4,2,2,0,0,0,0,0,0,0,0,0,10,10,3,4,3,0,0,0,0,7,7,0,0,5,0,1,2
533807112,2,533807212,,297,62,235,*,*,*,*,*,*,*,*,*,*,*,*,*,*,*,*,*,*,*,*,*,*,*,*,*,*,*,*,*,*,3,0,*,*,*,*,*,*,*,*,*,*,*,*,*,*,*
533807114,2,533807212,,6,4,2,*,*,*,*,*,*,*,*,*,*,*,*,*,*,*,*,*,*,*,*,*,*,*,*,*,*,*,*,*,*,2,2,*,*,*,*,*,*,*,*,*,*,*,*,*,*,*
533807121,2,533807122,,4,2,2,*,*,*,*,*,*,*,*,*,*,*,*,*,*,*,*,*,*,*,*,*,*,*,*,*,*,*,*,*,*,2,2,*,*,*,*,*,*,*,*,*,*,*,*,*,*,*
533807122,1,,533807121;533807123,13,6,7,4,2,2,18,9,9,13,7,6,18,9,9,17,9,8,5,2,3,2,1,1,0,0,0,0,0,0,0,0,0,5,5,1,4,0,2,1,0,0,7,6,1,2,3,0,1,1
533807123,2,533807122,,5,3,2,*,*,*,*,*,*,*,*,*,*,*,*,*,*,*,*,*,*,*,*,*,*,*,*,*,*,*,*,*,*,1,1,*,*,*,*,*,*,*,*,*,*,*,*,*,*,*
533807132,0,,,118,51,67,26,9,17,92,42,50,57,24,33,87,41,46,86,41,45,35,18,17,15,7,8,6,3,3,2,2,0,0,0,0,28,28,3,6,4,2,4,3,6,25,12,13,5,19,0,2,4
533807134,0,,,37,21,16,6,3,3,31,18,13,20,11,9,29,17,12,28,16,12,11,7,4,8,4,4,4,2,2,0,0,0,0,0,0,8,8,0,2,0,3,0,0,3,8,3,5,3,7,0,0,2
533807141,0,,,72,35,37,16,8,8,56,27,29,39,20,19,55,26,29,54,26,28,17,7,10,7,1,6,4,1,3,0,0,0,0,0,0,20,20,1,4,6,4,3,1,1,19,13,6,3,11,0,1,1
533807142,0,,,141,68,73,19,9,10,122,59,63,79,40,39,117,57,60,114,54,60,43,19,24,20,5,15,11,3,8,1,0,1,1,0,1,38,38,2,11,6,8,5,2,4,36,23,13,3,27,0,1,3
533807143,0,,,50,22,28,8,4,4,42,18,24,26,12,14,40,18,22,39,18,21,16,6,10,8,2,6,3,0,3,0,0,0,3,1,2,15,15,2,5,1,3,2,1,1,13,8,5,1,9,0,1,1
533807144,0,,,189,93,96,27,12,15,162,81,81,82,45,37,159,79,80,158,78,80,80,36,44,38,17,21,5,3,2,0,0,0,0,0,0,73,73,13,32,10,11,5,1,1,60,52,8,8,52,0,9,19
533807151,0,,,173,85,88,29,11,18,144,74,70,95,52,43,140,73,67,138,72,66,49,22,27,22,8,14,7,3,4,1,0,1,4,1,3,66,66,18,15,15,12,4,2,0,48,36,12,6,32,0,7,9
533807152,0,,,702,332,370,101,45,56,601,287,314,413,200,213,572,271,301,558,262,296,188,87,101,83,34,49,22,7,15,4,1,3,4,1,3,231,231,37,63,51,41,23,8,8,194,154,40,19,123,1,26,26
533807153,0,,,217,114,103,34,23,11,182,90,92,119,60,59,178,87,91,174,86,88,63,30,33,32,14,18,7,4,3,1,1,0,0,0,0,61,61,8,12,10,14,6,8,3,53,27,26,10,44,0,4,9
533807154,0,,,413,191,222,66,38,28,347,153,194,186,104,82,344,153,191,335,146,189,161,49,112,112,26,86,73,11,62,19,0,19,1,0,1,111,98,14,23,23,21,13,3,1,84,67,17,22,41,2,8,10
533807161,0,,,160,79,81,12,5,7,147,73,74,85,45,40,145,73,72,140,70,70,62,28,34,28,15,13,7,4,3,1,1,0,0,0,0,64,64,22,17,11,7,2,2,3,41,30,11,2,43,2,11,9
533807162,0,,,307,138,169,21,8,13,286,130,156,179,80,99,283,128,155,278,126,152,107,50,57,59,28,31,17,7,10,2,1,1,33,2,31,127,127,52,27,17,15,8,6,2,75,47,28,3,67,31,9,14
533807163,0,,,163,83,80,13,7,6,150,76,74,101,52,49,145,73,72,140,71,69,49,24,25,29,15,14,9,4,5,0,0,0,1,0,1,60,60,13,16,15,11,2,2,1,47,36,11,5,33,1,5,7
533807164,0,,,170,107,63,10,7,3,154,94,60,115,77,38,150,91,59,148,91,57,39,17,22,18,6,12,4,2,2,0,0,0,2,0,2,94,94,58,14,12,5,3,1,1,34,25,9,5,27,14,6,8
533807171,0,,,78,30,48,11,2,9,67,28,39,41,17,24,66,27,39,66,27,39,26,11,15,11,2,9,2,1,1,0,0,0,4,1,3,29,29,7,8,8,1,3,2,0,22,15,7,2,18,1,4,3
533807172,0,,,24,14,10,0,0,0,24,14,10,10,6,4,24,14,10,24,14,10,14,8,6,4,2,2,2,1,1,0,0,0,0,0,0,12,12,3,6,3,0,0,0,0,9,9,0,0,9,0,2,3
533807173,0,,,90,41,49,5,3,2,85,38,47,49,23,26,84,38,46,83,38,45,36,15,21,19,5,14,10,2,8,2,1,1,0,0,0,28,28,5,6,5,7,3,0,2,23,11,12,1,23,0,3,4
533807174,0,,,126,63,63,12,7,5,114,56,58,75,39,36,111,55,56,109,55,54,39,17,22,17,5,12,8,2,6,2,0,2,1,0,1,47,47,9,17,11,5,1,3,1,38,25,13,3,25,0,2,7
533807181,1,,533807182,64,30,34,6,3,3,67,32,35,35,19,16,67,32,35,65,30,35,32,13,19,22,8,14,3,1,2,0,0,0,0,0,0,22,22,3,7,7,4,0,2,1,21,15,6,2,19,0,2,4
533807182,2,533807181,,9,5,4,*,*,*,*,*,*,*,*,*,*,*,*,*,*,*,*,*,*,*,*,*,*,*,*,*,*,*,*,*,*,2,2,*,*,*,*,*,*,*,*,*,*,*,*,*,*,*
533807183,0,,,358,178,180,47,23,24,311,155,156,205,107,98,298,146,152,293,144,149,106,48,58,54,21,33,20,4,16,0,0,0,0,0,0,126,125,34,31,23,15,11,5,6,90,61,29,14,68,4,13,8
533807184,0,,,25,12,13,2,2,0,23,10,13,18,10,8,23,10,13,22,9,13,5,0,5,3,0,3,3,0,3,0,0,0,0,0,0,7,7,0,2,2,2,0,0,1,7,4,3,1,4,0,0,0
533807202,2,533807203,,8,3,5,*,*,*,*,*,*,*,*,*,*,*,*,*,*,*,*,*,*,*,*,*,*,*,*,*,*,*,*,*,*,2,2,*,*,*,*,*,*,*,*,*,*,*,*,*,*,*
533807203,1,,533807202,180,109,71,57,26,31,131,86,45,124,83,41,130,85,45,130,85,45,7,3,4,2,0,2,1,0,1,0,0,0,0,0,0,82,82,42,6,17,13,5,1,0,42,41,1,26,5,1,2,1
533807204,0,,,14,7,7,3,1,2,11,6,5,10,5,5,10,5,5,10,5,5,1,1,0,0,0,0,0,0,0,0,0,0,0,0,0,5,5,0,3,1,0,1,0,0,5,5,0,0,1,0,0,1
533807211,2,533807212,,4,1,3,*,*,*,*,*,*,*,*,*,*,*,*,*,*,*,*,*,*,*,*,*,*,*,*,*,*,*,*,*,*,2,2,*,*,*,*,*,*,*,*,*,*,*,*,*,*,*
533807212,1,,533807112;533807114;533807211;533807221,44,22,22,6,6,0,349,85,264,35,16,19,348,85,263,348,85,263,314,69,245,286,58,228,205,36,169,41,2,39,3,2,1,13,13,4,6,3,5,0,1,1,16,9,7,3,11,0,1,2
533807221,2,533807212,,4,2,2,*,*,*,*,*,*,*,*,*,*,*,*,*,*,*,*,*,*,*,*,*,*,*,*,*,*,*,*,*,*,3,3,*,*,*,*,*,*,*,*,*,*,*,*,*,*,*
533807231,1,,533807232,13,9,4,3,3,0,11,6,5,8,4,4,11,6,5,11,6,5,3,2,1,0,0,0,0,0,0,0,0,0,0,0,0,6,6,4,1,1,0,1,0,0,3,3,0,0,2,0,1,0
533807232,2,533807231,,1,0,1,*,*,*,*,*,*,*,*,*,*,*,*,*,*,*,*,*,*,*,*,*,*,*,*,*,*,*,*,*,*,1,1,*,*,*,*,*,*,*,*,*,*,*,*,*,*,*
533807241,0,,,144,78,66,40,25,15,104,53,51,82,44,38,103,52,51,102,52,50,22,9,13,12,5,7,1,0,1,0,0,0,6,3,3,45,45,3,12,12,12,4,1,1,42,38,4,19,14,0,1,6
533807242,0,,,163,81,82,40,21,19,123,60,63,85,44,41,121,59,62,120,59,61,38,16,22,12,4,8,5,0,5,0,0,0,0,0,0,60,60,15,20,5,10,8,1,1,45,37,8,12,24,9,3,8
533807243,0,,,13,6,7,2,2,0,11,4,7,11,4,7,10,4,6,9,4,5,0,0,0,0,0,0,0,0,0,0,0,0,0,0,0,4,4,1,1,0,1,0,1,0,3,2,1,1,0,0,0,0
533807251,0,,,86,53,33,11,5,6,66,39,27,48,29,19,63,37,26,62,36,26,18,10,8,4,2,2,2,2,0,0,0,0,0,0,0,45,32,14,6,6,2,3,1,0,18,11,7,3,13,0,4,2
533807252,0,,,204,77,127,23,10,13,181,67,114,70,30,40,178,67,111,177,66,111,111,37,74,84,22,62,43,7,36,9,1,8,3,0,3,47,46,9,12,11,5,3,2,4,36,18,18,5,34,2,4,9
533807253,0,,,49,28,21,6,3,3,43,25,18,27,16,11,43,25,18,42,25,17,16,9,7,7,5,2,1,1,0,0,0,0,1,0,1,18,18,5,3,5,3,1,1,0,13,10,3,2,10,0,2,2
533807254,0,,,59,27,32,4,3,1,55,24,31,32,13,19,54,24,30,53,24,29,23,11,12,12,5,7,4,1,3,0,0,0,0,0,0,31,31,18,3,8,0,1,1,0,13,8,5,1,17,2,8,2
533807261,0,,,16,8,8,0,0,0,16,8,8,11,6,5,15,8,7,14,7,7,5,2,3,2,0,2,0,0,0,0,0,0,0,0,0,6,6,2,1,2,0,0,1,0,4,3,1,0,3,0,0,1
533807272,0,,,17,9,8,1,1,0,16,8,8,11,5,6,16,8,8,14,7,7,5,3,2,3,1,2,2,1,1,0,0,0,0,0,0,5,5,2,1,0,0,1,0,1,3,1,2,0,4,0,2,0
533807274,0,,,125,66,59,10,4,6,115,62,53,66,37,29,114,61,53,114,61,53,49,25,24,21,11,10,5,1,4,0,0,0,0,0,0,43,43,6,16,6,9,3,3,0,37,24,13,3,34,0,5,7
533807281,0,,,457,223,234,70,37,33,387,186,201,269,138,131,377,182,195,371,177,194,118,48,70,61,21,40,32,10,22,0,0,0,1,1,0,168,168,35,45,45,28,12,0,3,130,102,28,23,76,5,12,16
533807282,0,,,42,19,23,1,1,0,41,18,23,20,8,12,40,18,22,40,18,22,21,10,11,16,7,9,4,2,2,0,0,0,0,0,0,16,16,3,6,4,1,1,1,0,13,11,2,0,13,0,2,4
533807283,0,,,568,281,287,62,31,31,503,247,256,325,160,165,478,232,246,464,226,238,178,87,91,87,40,47,24,9,15,1,1,0,2,0,2,221,221,63,64,40,31,13,6,4,158,120,38,13,120,2,29,27
533807284,0,,,151,76,75,27,14,13,124,62,62,82,41,41,121,60,61,116,57,59,42,21,21,18,11,7,7,3,4,1,1,0,0,0,0,51,51,7,15,12,12,1,3,1,44,31,13,5,25,0,3,6
533807293,0,,,81,37,44,0,0,0,81,37,44,16,9,7,81,37,44,81,37,44,65,28,37,56,22,34,30,10,20,5,1,4,0,0,0,9,8,1,2,4,1,0,0,0,7,5,2,0,3,0,0,1
533807294,0,,,93,47,46,5,3,2,88,44,44,45,25,20,83,40,43,82,40,42,43,19,24,27,11,16,10,4,6,1,0,1,3,2,1,40,40,10,20,3,3,2,2,0,30,23,7,2,29,1,6,9
533807301,1,,533807303,832,521,311,197,103,94,624,407,217,585,390,195,609,402,207,602,398,204,39,17,22,16,7,9,4,1,3,0,0,0,14,9,5,405,405,226,51,46,62,22,1,1,181,175,6,61,29,10,7,4
533807302,0,,,25,13,12,8,4,4,17,9,8,16,8,8,15,8,7,15,8,7,1,1,0,1,1,0,1,1,0,0,0,0,1,0,1,7,7,0,0,4,2,1,0,0,7,6,1,2,1,0,0,0
533807303,2,533807301,,5,4,1,*,*,*,*,*,*,*,*,*,*,*,*,*,*,*,*,*,*,*,*,*,*,*,*,*,*,*,*,*,*,4,4,*,*,*,*,*,*,*,*,*,*,*,*,*,*,*
533807323,2,533807333,,1,1,0,*,*,*,*,*,*,*,*,*,*,*,*,*,*,*,*,*,*,*,*,*,*,*,*,*,*,*,*,*,*,1,1,*,*,*,*,*,*,*,*,*,*,*,*,*,*,*
533807324,2,533807333,,2,0,2,*,*,*,*,*,*,*,*,*,*,*,*,*,*,*,*,*,*,*,*,*,*,*,*,*,*,*,*,*,*,2,2,*,*,*,*,*,*,*,*,*,*,*,*,*,*,*
533807333,1,,533807323;533807324;533807422,23,11,12,6,3,3,22,10,12,13,6,7,22,10,12,22,10,12,9,4,5,5,2,3,2,0,2,0,0,0,2,0,2,6,6,6,1,2,0,0,1,1,5,2,3,2,6,1,2,1
533807341,2,533807342,,4,1,3,*,*,*,*,*,*,*,*,*,*,*,*,*,*,*,*,*,*,*,*,*,*,*,*,*,*,*,*,*,*,2,2,*,*,*,*,*,*,*,*,*,*,*,*,*,*,*
533807342,1,,533807341,104,54,50,5,3,2,103,52,51,65,36,29,102,51,51,101,51,50,38,16,22,17,5,12,5,1,4,0,0,0,1,0,1,17,15,3,3,2,6,1,1,1,14,8,6,2,13,0,2,1
533807344,0,,,23,12,11,3,2,1,20,10,10,9,5,4,19,10,9,19,10,9,11,5,6,4,2,2,1,0,1,1,0,1,0,0,0,7,7,0,3,3,0,0,0,1,7,5,2,0,5,0,0,3
533807351,2,533807353,,8,6,2,*,*,*,*,*,*,*,*,*,*,*,*,*,*,*,*,*,*,*,*,*,*,*,*,*,*,*,*,*,*,3,3,*,*,*,*,*,*,*,*,*,*,*,*,*,*,*
533807353,1,,533807351;533807354,20,10,10,3,3,0,27,15,12,13,7,6,27,15,12,27,15,12,14,8,6,12,6,6,8,5,3,0,0,0,0,0,0,5,5,1,3,0,2,3,0,0,8,4,4,1,7,0,0,2
533807354,2,533807353,,2,2,0,*,*,*,*,*,*,*,*,*,*,*,*,*,*,*,*,*,*,*,*,*,*,*,*,*,*,*,*,*,*,1,1,*,*,*,*,*,*,*,*,*,*,*,*,*,*,*
533807364,0,,,50,14,36,0,0,0,50,14,36,0,0,0,50,14,36,50,14,36,50,14,36,47,13,34,26,3,23,7,1,6,0,0,0,1,0,0,0,0,0,0,0,0,0,0,0,0,0,0,0,0
533807372,0,,,60,32,28,22,13,9,38,19,19,35,18,17,38,19,19,38,19,19,3,1,2,3,1,2,1,0,1,0,0,0,0,0,0,18,18,1,3,5,7,2,0,0,17,16,1,10,2,0,0,0
533807381,0,,,314,145,169,30,12,18,284,133,151,161,78,83,277,131,146,272,128,144,123,55,68,58,24,34,21,8,13,3,1,2,4,1,3,124,124,34,35,27,17,6,4,1,90,71,19,9,83,0,22,15
533807382,0,,,598,293,305,69,37,32,529,256,273,288,145,143,513,247,266,508,245,263,241,111,130,123,46,77,50,19,31,3,1,2,0,0,0,236,236,68,66,47,32,12,9,2,167,116,51,15,165,0,57,32
533807383,0,,,68,33,35,3,0,3,65,33,32,35,20,15,61,30,31,60,29,31,30,13,17,19,6,13,6,0,6,1,0,1,0,0,0,31,31,14,9,1,3,3,1,0,17,14,3,1,26,0,14,3
533807384,0,,,508,236,272,52,23,29,456,213,243,248,125,123,448,209,239,445,206,239,208,88,120,117,42,75,42,13,29,1,0,1,2,1,1,200,200,46,66,48,23,9,7,1,154,116,38,14,138,1,27,35
533807391,0,,,514,241,273,59,32,27,455,209,246,270,136,134,448,205,243,442,201,241,185,73,112,107,37,70,46,13,33,4,1,3,1,0,1,207,207,53,66,46,26,11,4,1,153,126,27,20,134,1,41,26
533807392,0,,,430,207,223,34,20,14,396,187,209,234,115,119,384,179,205,377,177,200,162,72,90,83,28,55,26,8,18,2,0,2,27,13,14,192,192,65,57,41,20,7,1,1,125,103,22,4,116,12,38,26
533807393,0,,,142,70,72,8,5,3,134,65,69,76,39,37,133,64,69,130,62,68,58,26,32,30,10,20,14,5,9,2,0,2,0,0,0,58,58,16,18,15,3,3,3,0,42,31,11,1,37,0,12,7
533807394,0,,,135,63,72,8,4,4,127,59,68,69,32,37,122,58,64,122,58,64,58,27,31,28,10,18,6,1,5,0,0,0,0,0,0,53,53,11,20,12,4,4,2,0,42,32,10,3,38,0,6,12
533807422,2,533807333,,2,1,1,*,*,*,*,*,*,*,*,*,*,*,*,*,*,*,*,*,*,*,*,*,*,*,*,*,*,*,*,*,*,2,2,*,*,*,*,*,*,*,*,*,*,*,*,*,*,*
533807451,0,,,67,32,35,9,5,4,58,27,31,31,16,15,58,27,31,57,27,30,27,11,16,15,6,9,7,2,5,1,0,1,0,0,0,18,18,0,3,6,4,3,2,0,18,8,10,3,13,0,0,0
533807452,1,,533807453,46,23,23,9,5,4,42,21,21,22,12,10,41,20,21,41,20,21,20,9,11,9,5,4,2,2,0,0,0,0,0,0,0,17,17,2,7,4,2,3,0,0,16,11,5,0,13,0,1,3
533807453,2,533807452,,5,3,2,*,*,*,*,*,*,*,*,*,*,*,*,*,*,*,*,*,*,*,*,*,*,*,*,*,*,*,*,*,*,1,1,*,*,*,*,*,*,*,*,*,*,*,*,*,*,*
533807454,0,,,101,50,51,13,5,8,88,45,43,54,27,27,84,42,42,83,41,42,34,18,16,13,7,6,4,2,2,0,0,0,0,0,0,30,30,1,13,4,4,4,2,2,28,19,9,4,22,0,1,7
533807463,1,,533807464,64,36,28,10,8,2,68,37,31,46,28,18,62,33,29,61,32,29,22,9,13,11,4,7,6,3,3,0,0,0,0,0,0,19,19,3,5,4,5,1,1,3,19,10,9,2,13,0,0,1
533807464,2,533807463,,14,9,5,*,*,*,*,*,*,*,*,*,*,*,*,*,*,*,*,*,*,*,*,*,*,*,*,*,*,*,*,*,*,3,3,*,*,*,*,*,*,*,*,*,*,*,*,*,*,*
533807472,0,,,29,12,17,2,0,2,27,12,15,16,7,9,27,12,15,27,12,15,11,5,6,5,3,2,2,1,1,0,0,0,0,0,0,12,12,4,3,3,1,0,1,0,8,6,2,1,10,0,2,1
533807474,0,,,18,10,8,0,0,0,18,10,8,6,4,2,18,10,8,18,10,8,12,6,6,8,5,3,2,2,0,0,0,0,0,0,0,7,7,1,2,3,1,0,0,0,6,5,1,0,7,0,1,1
533807481,0,,,128,67,61,11,6,5,117,61,56,57,32,25,114,60,54,113,59,54,60,29,31,30,13,17,10,5,5,1,0,1,1,0,1,44,44,8,12,10,7,4,3,0,36,23,13,3,34,0,5,9
533807482,1,,533807491,273,144,129,36,18,18,239,128,111,146,86,60,228,120,108,227,119,108,93,42,51,33,12,21,10,2,8,1,0,1,6,6,0,99,99,26,30,17,14,6,5,3,74,55,19,9,62,2,15,14
533807483,0,,,27,14,13,0,0,0,27,14,13,14,8,6,27,14,13,27,14,13,13,6,7,3,1,2,3,1,2,0,0,0,0,0,0,10,10,1,3,4,2,0,0,0,9,7,2,0,7,0,0,1
533807484,0,,,31,12,19,2,0,2,29,12,17,13,6,7,28,12,16,27,12,15,16,6,10,10,4,6,2,1,1,0,0,0,0,0,0,15,15,4,8,1,2,0,0,0,11,9,2,0,12,0,3,3
533807491,2,533807482,,2,2,0,*,*,*,*,*,*,*,*,*,*,*,*,*,*,*,*,*,*,*,*,*,*,*,*,*,*,*,*,*,*,2,2,*,*,*,*,*,*,*,*,*,*,*,*,*,*,*
533807552,0,,,16,9,7,3,2,1,13,7,6,8,5,3,11,5,6,10,5,5,5,2,3,3,2,1,0,0,0,0,0,0,0,0,0,4,4,0,2,0,0,1,0,1,4,3,1,0,3,0,0,1
533807581,0,,,59,30,29,5,2,3,54,28,26,36,21,15,51,26,25,50,25,25,18,7,11,13,4,9,5,2,3,0,0,0,0,0,0,16,16,1,3,2,7,1,1,1,15,5,10,2,13,0,0,1
533807582,0,,,12,6,6,0,0,0,12,6,6,4,2,2,12,6,6,12,6,6,8,4,4,3,1,2,0,0,0,0,0,0,0,0,0,5,5,1,2,1,1,0,0,0,4,3,1,0,5,0,1,2
533807583,2,533807584,,9,5,4,*,*,*,*,*,*,*,*,*,*,*,*,*,*,*,*,*,*,*,*,*,*,*,*,*,*,*,*,*,*,3,3,*,*,*,*,*,*,*,*,*,*,*,*,*,*,*
533807584,1,,533807583,13,6,7,4,3,1,18,8,10,11,5,6,18,8,10,18,8,10,7,3,4,2,0,2,1,0,1,0,0,0,1,0,1,6,6,1,5,1,2,0,0,0,8,8,0,2,5,0,1,3
533807703,0,,,20,12,8,3,3,0,17,9,8,7,4,3,17,9,8,17,9,8,10,5,5,5,3,2,0,0,0,0,0,0,1,1,0,11,11,5,4,1,1,0,0,0,6,5,1,0,7,0,2,3
533807704,0,,,19,8,11,4,0,4,15,8,7,9,5,4,15,8,7,15,8,7,6,3,3,3,1,2,1,0,1,0,0,0,5,1,4,8,8,3,1,3,0,1,0,0,5,4,1,0,5,0,3,1
533807801,0,,,38,17,21,2,1,1,36,16,20,17,8,9,35,15,20,34,15,19,19,8,11,9,3,6,1,0,1,1,0,1,0,0,0,18,18,5,9,2,1,1,0,0,13,12,1,0,13,0,2,5
533807802,0,,,47,27,20,8,6,2,39,21,18,16,8,8,38,20,18,38,20,18,23,13,10,6,4,2,1,1,0,0,0,0,1,0,1,20,20,3,12,3,1,0,0,1,17,16,1,2,13,0,3,8
533807803,0,,,18,11,7,0,0,0,18,11,7,10,6,4,18,11,7,18,11,7,8,5,3,4,3,1,1,1,0,0,0,0,1,1,0,10,10,5,3,1,1,0,0,0,5,4,1,0,7,0,3,0
533807804,0,,,39,19,20,4,2,2,35,17,18,22,11,11,35,17,18,35,17,18,13,6,7,0,0,0,0,0,0,0,0,0,3,2,1,19,19,3,14,0,2,0,0,0,16,16,0,2,9,0,1,6
533807811,0,,,20,11,9,2,1,1,15,8,7,10,5,5,15,8,7,15,8,7,5,3,2,2,1,1,1,1,0,0,0,0,3,2,1,8,8,1,4,1,2,0,0,0,6,6,0,0,3,0,1,2
533807812,2,533807814,,6,3,3,*,*,*,*,*,*,*,*,*,*,*,*,*,*,*,*,*,*,*,*,*,*,*,*,*,*,*,*,*,*,4,4,*,*,*,*,*,*,*,*,*,*,*,*,*,*,*
533807813,0,,,18,8,10,1,0,1,17,8,9,9,4,5,16,8,8,16,8,8,8,4,4,7,4,3,0,0,0,0,0,0,3,1,2,10,10,4,4,2,0,0,0,0,6,6,0,1,4,0,0,4
533807814,1,,533807812;533807823,22,11,11,0,0,0,32,16,16,14,6,8,30,15,15,30,15,15,18,10,8,9,6,3,1,0,1,0,0,0,0,0,0,10,10,6,8,2,1,0,0,0,11,10,1,0,12,0,3,6
533807823,2,533807814,,4,2,2,*,*,*,*,*,*,*,*,*,*,*,*,*,*,*,*,*,*,*,*,*,*,*,*,*,*,*,*,*,*,3,3,*,*,*,*,*,*,*,*,*,*,*,*,*,*,*
533807902,2,533807911,,5,2,3,*,*,*,*,*,*,*,*,*,*,*,*,*,*,*,*,*,*,*,*,*,*,*,*,*,*,*,*,*,*,2,2,*,*,*,*,*,*,*,*,*,*,*,*,*,*,*
533807911,1,,533807902,44,25,19,7,6,1,42,21,21,24,10,14,42,21,21,42,21,21,18,11,7,9,5,4,5,4,1,0,0,0,3,2,1,18,18,4,7,5,4,0,0,0,16,14,2,3,12,0,2,6
533807912,0,,,34,17,17,3,2,1,31,15,16,14,7,7,31,15,16,31,15,16,17,8,9,7,4,3,0,0,0,0,0,0,1,0,1,17,17,5,10,1,0,0,1,0,12,11,1,1,11,0,4,5
533807914,0,,,20,11,9,4,3,1,16,8,8,10,5,5,14,7,7,14,7,7,6,3,3,2,0,2,1,0,1,0,0,0,0,0,0,6,6,1,1,1,1,2,0,0,5,3,2,0,4,0,1,0
533807921,0,,,55,27,28,2,2,0,53,25,28,22,10,12,51,23,28,50,23,27,31,15,16,18,10,8,3,1,2,0,0,0,1,1,0,25,25,5,14,4,1,0,1,0,20,19,1,0,19,0,2,10
533807923,1,,533807924,35,18,17,11,7,4,25,11,14,20,9,11,24,11,13,24,11,13,5,2,3,3,1,2,1,1,0,0,0,0,0,0,0,11,11,2,5,0,1,4,0,0,10,8,2,3,5,0,1,1
533807924,2,533807923,,1,0,1,*,*,*,*,*,*,*,*,*,*,*,*,*,*,*,*,*,*,*,*,*,*,*,*,*,*,*,*,*,*,1,1,*,*,*,*,*,*,*,*,*,*,*,*,*,*,*
533810221,2,533800602,,3,1,2,*,*,*,*,*,*,*,*,*,*,*,*,*,*,*,*,*,*,*,*,*,*,*,*,*,*,*,*,*,*,2,2,*,*,*,*,*,*,*,*,*,*,*,*,*,*,*
533810303,2,533800602,,2,1,1,*,*,*,*,*,*,*,*,*,*,*,*,*,*,*,*,*,*,*,*,*,*,*,*,*,*,*,*,*,*,1,1,*,*,*,*,*,*,*,*,*,*,*,*,*,*,*
533811893,2,533811994,,3,3,0,*,*,*,*,*,*,*,*,*,*,*,*,*,*,*,*,*,*,*,*,*,*,*,*,*,*,*,*,*,*,3,3,*,*,*,*,*,*,*,*,*,*,*,*,*,*,*
533811994,1,,533811893,3,3,0,0,0,0,6,6,0,5,5,0,6,6,0,6,6,0,1,1,0,0,0,0,0,0,0,0,0,0,0,0,0,3,3,6,0,0,0,0,0,0,0,0,0,0,1,0,1,0
533812162,2,533812171,,2,1,1,*,*,*,*,*,*,*,*,*,*,*,*,*,*,*,*,*,*,*,*,*,*,*,*,*,*,*,*,*,*,1,1,*,*,*,*,*,*,*,*,*,*,*,*,*,*,*
533812164,2,533812171,,2,1,1,*,*,*,*,*,*,*,*,*,*,*,*,*,*,*,*,*,*,*,*,*,*,*,*,*,*,*,*,*,*,1,1,*,*,*,*,*,*,*,*,*,*,*,*,*,*,*
533812171,1,,533812162;533812164,58,22,36,2,2,0,60,22,38,10,7,3,60,22,38,60,22,38,50,15,35,38,7,31,27,3,24,8,1,7,0,0,0,20,19,11,9,0,1,0,0,0,10,9,1,0,16,0,10,5
533812172,0,,,25,12,13,0,0,0,25,12,13,12,7,5,25,12,13,25,12,13,13,5,8,10,4,6,3,1,2,0,0,0,0,0,0,12,12,5,4,2,0,0,1,0,7,6,1,0,10,0,5,2
533812173,0,,,10,5,5,0,0,0,10,5,5,5,2,3,10,5,5,10,5,5,5,3,2,4,3,1,2,2,0,0,0,0,0,0,0,8,8,6,2,0,0,0,0,0,2,2,0,0,5,0,5,0
533812181,2,533812182,,7,2,5,*,*,*,*,*,*,*,*,*,*,*,*,*,*,*,*,*,*,*,*,*,*,*,*,*,*,*,*,*,*,2,2,*,*,*,*,*,*,*,*,*,*,*,*,*,*,*
533812182,1,,533812181;533812194,13,8,5,7,3,4,18,10,8,11,7,4,17,9,8,17,9,8,7,3,4,2,0,2,1,0,1,0,0,0,0,0,0,5,5,4,1,1,1,0,2,0,5,4,1,1,5,0,2,1
533812194,2,533812182,,5,3,2,*,*,*,*,*,*,*,*,*,*,*,*,*,*,*,*,*,*,*,*,*,*,*,*,*,*,*,*,*,*,2,2,*,*,*,*,*,*,*,*,*,*,*,*,*,*,*
533812262,1,,533812264;533812273,41,19,22,5,3,2,44,20,24,22,11,11,41,18,23,41,18,23,22,9,13,12,4,8,5,1,4,0,0,0,1,1,0,28,28,22,7,0,2,1,0,0,10,9,1,1,18,3,12,4
533812264,2,533812262,,6,3,3,*,*,*,*,*,*,*,*,*,*,*,*,*,*,*,*,*,*,*,*,*,*,*,*,*,*,*,*,*,*,2,2,*,*,*,*,*,*,*,*,*,*,*,*,*,*,*
533812273,2,533812262,,2,1,1,*,*,*,*,*,*,*,*,*,*,*,*,*,*,*,*,*,*,*,*,*,*,*,*,*,*,*,*,*,*,2,2,*,*,*,*,*,*,*,*,*,*,*,*,*,*,*
533812373,2,533812471,,7,5,2,*,*,*,*,*,*,*,*,*,*,*,*,*,*,*,*,*,*,*,*,*,*,*,*,*,*,*,*,*,*,4,4,*,*,*,*,*,*,*,*,*,*,*,*,*,*,*
533812471,1,,533812373;533812472;533812473,28,14,14,9,5,4,39,19,20,27,15,12,36,16,20,34,14,20,12,4,8,9,3,6,5,2,3,1,0,1,0,0,0,11,11,9,5,3,2,0,2,0,12,9,3,1,8,2,4,1
533812472,2,533812471,,10,4,6,*,*,*,*,*,*,*,*,*,*,*,*,*,*,*,*,*,*,*,*,*,*,*,*,*,*,*,*,*,*,5,5,*,*,*,*,*,*,*,*,*,*,*,*,*,*,*
533812473,2,533812471,,3,1,2,*,*,*,*,*,*,*,*,*,*,*,*,*,*,*,*,*,*,*,*,*,*,*,*,*,*,*,*,*,*,1,1,*,*,*,*,*,*,*,*,*,*,*,*,*,*,*
533812474,0,,,11,5,6,0,0,0,11,5,6,1,0,1,11,5,6,11,5,6,10,5,5,7,2,5,5,1,4,0,0,0,0,0,0,9,9,7,2,0,0,0,0,0,2,2,0,0,9,0,7,1
533812671,0,,,18,8,10,3,1,2,15,7,8,11,5,6,15,7,8,15,7,8,4,2,2,2,1,1,2,1,1,0,0,0,0,0,0,9,9,4,2,2,1,0,0,0,5,5,0,0,3,1,2,0
533812673,1,,533812771;533812772,35,23,12,3,2,1,140,126,14,117,109,8,140,126,14,140,126,14,23,17,6,11,5,6,4,3,1,0,0,0,1,1,0,23,14,8,6,1,0,1,0,0,8,6,2,1,9,0,3,4
533812762,2,533812764,,56,55,1,*,*,*,*,*,*,*,*,*,*,*,*,*,*,*,*,*,*,*,*,*,*,*,*,*,*,*,*,*,*,55,1,*,*,*,*,*,*,*,*,*,*,*,*,*,*,*
533812764,1,,533812762,11,6,5,0,0,0,67,61,6,59,56,3,67,61,6,67,61,6,8,5,3,5,2,3,1,0,1,0,0,0,0,0,0,7,7,4,3,1,0,0,0,0,4,4,0,0,5,1,3,0
533812771,2,533812673,,107,104,3,*,*,*,*,*,*,*,*,*,*,*,*,*,*,*,*,*,*,*,*,*,*,*,*,*,*,*,*,*,*,107,1,*,*,*,*,*,*,*,*,*,*,*,*,*,*,*
533812772,2,533812673,,1,1,0,*,*,*,*,*,*,*,*,*,*,*,*,*,*,*,*,*,*,*,*,*,*,*,*,*,*,*,*,*,*,1,1,*,*,*,*,*,*,*,*,*,*,*,*,*,*,*
533812861,0,,,15,8,7,0,0,0,15,8,7,13,7,6,14,7,7,13,6,7,2,1,1,2,1,1,2,1,1,0,0,0,0,0,0,7,7,4,1,0,1,1,0,0,3,2,1,0,2,0,1,0
533812862,0,,,14,7,7,0,0,0,14,7,7,6,4,2,14,7,7,14,7,7,8,3,5,3,1,2,1,1,0,0,0,0,0,0,0,10,10,6,4,0,0,0,0,0,4,3,1,0,5,1,2,2
533812972,0,,,16,8,8,0,0,0,16,8,8,1,1,0,16,8,8,16,8,8,15,7,8,14,7,7,3,2,1,1,1,0,0,0,0,12,12,8,4,0,0,0,0,0,4,4,0,0,11,0,7,4
533813001,0,,,13,8,5,0,0,0,13,8,5,2,2,0,13,8,5,13,8,5,11,6,5,4,4,0,1,1,0,0,0,0,0,0,0,7,7,2,4,1,0,0,0,0,5,5,0,0,6,0,1,4
533813002,1,,533813013;533813014;533813111,61,33,28,4,4,0,70,33,37,50,26,24,68,32,36,65,30,35,20,7,13,11,3,8,5,1,4,0,0,0,0,0,0,27,27,21,6,7,4,1,0,0,18,17,1,1,17,3,12,2
533813003,0,,,8,4,4,0,0,0,8,4,4,7,4,3,7,3,4,7,3,4,1,0,1,0,0,0,0,0,0,0,0,0,0,0,0,5,5,3,1,1,0,0,0,0,2,2,0,0,1,2,1,0
533813004,0,,,42,21,21,15,8,7,27,13,14,22,11,11,27,13,14,26,12,14,5,2,3,3,1,2,3,1,2,0,0,0,0,0,0,13,13,1,2,5,3,2,0,0,12,10,2,5,3,0,1,1
533813013,2,533813002,,8,2,6,*,*,*,*,*,*,*,*,*,*,*,*,*,*,*,*,*,*,*,*,*,*,*,*,*,*,*,*,*,*,8,8,*,*,*,*,*,*,*,*,*,*,*,*,*,*,*
533813014,2,533813002,,1,1,0,*,*,*,*,*,*,*,*,*,*,*,*,*,*,*,*,*,*,*,*,*,*,*,*,*,*,*,*,*,*,1,1,*,*,*,*,*,*,*,*,*,*,*,*,*,*,*
533813023,2,533813124,,2,1,1,*,*,*,*,*,*,*,*,*,*,*,*,*,*,*,*,*,*,*,*,*,*,*,*,*,*,*,*,*,*,1,1,*,*,*,*,*,*,*,*,*,*,*,*,*,*,*
533813034,2,533813124,,4,2,2,*,*,*,*,*,*,*,*,*,*,*,*,*,*,*,*,*,*,*,*,*,*,*,*,*,*,*,*,*,*,3,3,*,*,*,*,*,*,*,*,*,*,*,*,*,*,*
533813051,2,533813053,,2,2,0,*,*,*,*,*,*,*,*,*,*,*,*,*,*,*,*,*,*,*,*,*,*,*,*,*,*,*,*,*,*,1,1,*,*,*,*,*,*,*,*,*,*,*,*,*,*,*
533813052,0,,,103,44,59,10,3,7,93,41,52,49,21,28,92,40,52,92,40,52,44,20,24,33,15,18,16,6,10,1,0,1,0,0,0,39,39,7,15,7,6,3,1,0,32,24,8,2,27,0,6,8
533813053,1,,533813051,82,45,37,3,1,2,81,46,35,48,31,17,80,46,34,79,45,34,33,15,18,19,7,12,6,2,4,0,0,0,12,12,0,46,46,23,15,6,2,1,0,0,24,21,3,0,25,6,10,4
533813054,0,,,47,25,22,0,0,0,44,23,21,24,14,10,44,23,21,42,22,20,20,9,11,10,4,6,5,2,3,0,0,0,4,2,2,27,27,15,8,2,1,0,1,0,12,8,4,0,15,4,4,3
533813062,1,,533813064,111,48,63,3,1,2,110,48,62,41,19,22,108,47,61,106,46,60,69,29,40,45,16,29,9,2,7,2,0,2,0,0,0,50,50,15,18,12,4,2,0,0,35,24,11,0,45,0,13,13
533813064,2,533813062,,2,1,1,*,*,*,*,*,*,*,*,*,*,*,*,*,*,*,*,*,*,*,*,*,*,*,*,*,*,*,*,*,*,1,1,*,*,*,*,*,*,*,*,*,*,*,*,*,*,*
533813071,0,,,20,9,11,1,1,0,19,8,11,7,5,2,18,7,11,18,7,11,12,3,9,6,2,4,3,0,3,0,0,0,0,0,0,10,10,3,5,1,1,0,0,0,7,6,1,0,9,0,3,0
533813074,0,,,9,4,5,0,0,0,9,4,5,3,2,1,9,4,5,9,4,5,6,2,4,3,1,2,1,0,1,0,0,0,0,0,0,4,4,1,2,0,1,0,0,0,3,2,1,0,4,0,1,2
533813081,0,,,20,7,13,0,0,0,20,7,13,8,2,6,20,7,13,19,7,12,12,5,7,7,2,5,1,0,1,0,0,0,0,0,0,9,9,2,5,1,0,1,0,0,7,6,1,0,8,0,2,4
533813082,0,,,12,6,6,0,0,0,12,6,6,8,4,4,12,6,6,11,6,5,4,2,2,1,0,1,1,0,1,0,0,0,0,0,0,6,6,2,2,2,0,0,0,0,4,4,0,0,3,0,1,0
533813083,0,,,141,61,80,9,4,5,132,57,75,50,28,22,131,57,74,130,57,73,82,29,53,61,18,43,36,11,25,4,1,3,1,0,1,50,49,21,18,7,1,1,1,0,28,21,7,1,27,1,12,7
533813084,0,,,48,26,22,2,1,1,46,25,21,27,15,12,42,23,19,41,22,19,19,10,9,7,3,4,5,2,3,1,1,0,0,0,0,20,20,7,5,4,2,1,1,0,13,10,3,0,13,1,4,2
533813111,2,533813002,,5,1,4,*,*,*,*,*,*,*,*,*,*,*,*,*,*,*,*,*,*,*,*,*,*,*,*,*,*,*,*,*,*,3,3,*,*,*,*,*,*,*,*,*,*,*,*,*,*,*
533813121,2,533813124,,2,1,1,*,*,*,*,*,*,*,*,*,*,*,*,*,*,*,*,*,*,*,*,*,*,*,*,*,*,*,*,*,*,2,2,*,*,*,*,*,*,*,*,*,*,*,*,*,*,*
533813124,1,,533813023;533813034;533813121,30,14,16,1,1,0,37,17,20,16,7,9,36,17,19,36,17,19,21,10,11,13,6,7,1,1,0,0,0,0,0,0,0,10,10,4,7,3,0,1,1,0,12,10,2,0,13,0,2,5
533813132,2,533813232,,8,6,2,*,*,*,*,*,*,*,*,*,*,*,*,*,*,*,*,*,*,*,*,*,*,*,*,*,*,*,*,*,*,5,5,*,*,*,*,*,*,*,*,*,*,*,*,*,*,*
533813134,2,533813232,,2,1,1,*,*,*,*,*,*,*,*,*,*,*,*,*,*,*,*,*,*,*,*,*,*,*,*,*,*,*,*,*,*,2,2,*,*,*,*,*,*,*,*,*,*,*,*,*,*,*
533813144,2,533813242,,9,5,4,*,*,*,*,*,*,*,*,*,*,*,*,*,*,*,*,*,*,*,*,*,*,*,*,*,*,*,*,*,*,3,3,*,*,*,*,*,*,*,*,*,*,*,*,*,*,*
533813151,0,,,54,39,15,3,1,2,49,36,13,41,32,9,48,36,12,48,36,12,8,4,4,3,2,1,0,0,0,0,0,0,21,21,0,39,39,31,4,2,1,1,0,0,7,7,0,1,5,18,1,2
533813153,0,,,33,14,19,0,0,0,33,14,19,10,3,7,33,14,19,33,14,19,23,11,12,12,5,7,8,4,4,0,0,0,0,0,0,17,17,5,9,2,1,0,0,0,12,11,1,0,15,0,5,7
533813171,0,,,62,24,38,2,0,2,60,24,36,21,8,13,60,24,36,60,24,36,39,16,23,19,6,13,9,1,8,1,0,1,0,0,0,29,29,11,9,6,1,1,1,0,18,15,3,1,27,0,11,7
533813172,0,,,45,27,18,1,0,1,43,27,16,26,17,9,43,27,16,42,26,16,17,10,7,9,5,4,5,2,3,0,0,0,0,0,0,23,22,9,9,1,1,2,0,0,13,10,3,0,14,0,7,1
533813181,1,,533813183,75,20,55,2,1,1,79,22,57,6,3,3,79,22,57,79,22,57,73,19,54,66,16,50,47,7,40,16,0,16,0,0,0,11,10,6,6,0,1,0,0,0,7,6,1,1,10,1,5,4
533813183,2,533813181,,6,3,3,*,*,*,*,*,*,*,*,*,*,*,*,*,*,*,*,*,*,*,*,*,*,*,*,*,*,*,*,*,*,3,3,*,*,*,*,*,*,*,*,*,*,*,*,*,*,*
533813211,2,533813314,,3,1,2,*,*,*,*,*,*,*,*,*,*,*,*,*,*,*,*,*,*,*,*,*,*,*,*,*,*,*,*,*,*,3,2,*,*,*,*,*,*,*,*,*,*,*,*,*,*,*
533813222,0,,,14,8,6,3,2,1,11,6,5,7,4,3,10,5,5,10,5,5,4,2,2,0,0,0,0,0,0,0,0,0,0,0,0,5,5,1,2,1,0,0,1,0,4,4,0,0,3,0,1,1
533813231,2,533813232,,1,0,1,*,*,*,*,*,*,*,*,*,*,*,*,*,*,*,*,*,*,*,*,*,*,*,*,*,*,*,*,*,*,1,1,*,*,*,*,*,*,*,*,*,*,*,*,*,*,*
533813232,1,,533813132;533813134;533813231,7,4,3,0,0,0,18,11,7,6,6,0,18,11,7,18,11,7,12,5,7,8,4,4,3,1,2,1,1,0,0,0,0,3,3,7,2,1,1,0,0,0,4,3,1,0,10,0,6,1
533813233,0,,,15,7,8,0,0,0,15,7,8,2,1,1,15,7,8,15,7,8,13,6,7,5,3,2,1,0,1,0,0,0,0,0,0,9,9,4,4,1,0,0,0,0,5,5,0,0,9,0,4,4
533813241,2,533813242,,9,3,6,*,*,*,*,*,*,*,*,*,*,*,*,*,*,*,*,*,*,*,*,*,*,*,*,*,*,*,*,*,*,4,4,*,*,*,*,*,*,*,*,*,*,*,*,*,*,*
533813242,1,,533813144;533813241,132,65,67,5,3,2,145,70,75,68,37,31,143,70,73,143,70,73,77,33,44,51,21,30,19,5,14,1,0,1,3,1,2,59,59,16,30,9,8,3,0,0,49,38,11,2,49,0,11,21
533813244,0,,,137,69,68,12,7,5,125,62,63,68,33,35,125,62,63,122,60,62,57,29,28,25,9,16,10,1,9,2,0,2,0,0,0,61,61,16,28,11,2,2,1,1,45,40,5,2,39,0,11,14
533813251,0,,,175,63,112,18,5,13,157,58,99,54,29,25,154,57,97,151,56,95,103,29,74,85,19,66,61,13,48,18,3,15,0,0,0,45,42,15,11,6,5,4,0,1,27,23,4,2,22,0,9,2
533813253,0,,,84,47,37,0,0,0,84,47,37,48,31,17,82,46,36,79,43,36,36,16,20,24,8,16,9,2,7,2,1,1,9,8,1,41,41,17,13,7,1,2,1,0,24,23,1,0,24,8,6,6
533813254,0,,,49,22,27,4,2,2,45,20,25,27,11,16,45,20,25,45,20,25,18,9,9,6,3,3,1,0,1,1,0,1,0,0,0,19,19,3,8,5,2,0,0,1,16,14,2,1,13,0,2,3
533813272,0,,,28,17,11,2,1,1,26,16,10,15,9,6,26,16,10,25,15,10,11,7,4,4,2,2,1,0,1,0,0,0,0,0,0,9,9,3,0,2,3,0,0,1,6,3,3,0,8,0,3,0
533813274,0,,,30,14,16,0,0,0,30,14,16,9,3,6,30,14,16,30,14,16,21,11,10,11,6,5,5,2,3,2,0,2,0,0,0,17,17,8,6,2,1,0,0,0,9,9,0,0,14,0,7,5
533813281,1,,533813283,26,11,15,2,0,2,42,28,14,25,21,4,41,27,14,41,27,14,17,7,10,8,4,4,3,1,2,2,1,1,3,1,2,11,11,17,6,2,1,1,0,0,10,8,2,1,11,6,2,3
533813283,2,533813281,,18,17,1,*,*,*,*,*,*,*,*,*,*,*,*,*,*,*,*,*,*,*,*,*,*,*,*,*,*,*,*,*,*,16,16,*,*,*,*,*,*,*,*,*,*,*,*,*,*,*
533813311,2,533813314,,2,1,1,*,*,*,*,*,*,*,*,*,*,*,*,*,*,*,*,*,*,*,*,*,*,*,*,*,*,*,*,*,*,1,1,*,*,*,*,*,*,*,*,*,*,*,*,*,*,*
533813313,2,533813314,,3,2,1,*,*,*,*,*,*,*,*,*,*,*,*,*,*,*,*,*,*,*,*,*,*,*,*,*,*,*,*,*,*,1,1,*,*,*,*,*,*,*,*,*,*,*,*,*,*,*
533813314,1,,533813211;533813311;533813313;533813321;533813323,7,4,3,0,0,0,24,9,15,4,3,1,24,9,15,23,8,15,20,6,14,17,6,11,6,1,5,0,0,0,0,0,0,3,3,8,5,2,0,0,0,0,7,6,1,0,14,0,8,4
533813321,2,533813314,,5,1,4,*,*,*,*,*,*,*,*,*,*,*,*,*,*,*,*,*,*,*,*,*,*,*,*,*,*,*,*,*,*,4,4,*,*,*,*,*,*,*,*,*,*,*,*,*,*,*
533813323,2,533813314,,5,1,4,*,*,*,*,*,*,*,*,*,*,*,*,*,*,*,*,*,*,*,*,*,*,*,*,*,*,*,*,*,*,4,4,*,*,*,*,*,*,*,*,*,*,*,*,*,*,*
533813333,2,533813422,,9,3,6,*,*,*,*,*,*,*,*,*,*,*,*,*,*,*,*,*,*,*,*,*,*,*,*,*,*,*,*,*,*,5,5,*,*,*,*,*,*,*,*,*,*,*,*,*,*,*
533813342,2,533813344,,8,4,4,*,*,*,*,*,*,*,*,*,*,*,*,*,*,*,*,*,*,*,*,*,*,*,*,*,*,*,*,*,*,5,5,*,*,*,*,*,*,*,*,*,*,*,*,*,*,*
533813344,1,,533813342,2,1,1,1,0,1,9,5,4,2,1,1,9,5,4,9,5,4,7,4,3,6,3,3,4,2,2,0,0,0,0,0,0,1,1,3,2,1,0,0,0,0,3,3,0,0,5,0,3,2
533813351,0,,,29,15,14,0,0,0,29,15,14,16,9,7,29,15,14,28,14,14,13,6,7,4,1,3,3,0,3,0,0,0,0,0,0,13,13,2,7,3,1,0,0,0,11,9,2,0,9,0,2,2
533813352,0,,,37,20,17,1,1,0,36,19,17,15,9,6,36,19,17,34,17,17,21,10,11,17,9,8,4,2,2,0,0,0,0,0,0,16,16,4,7,4,0,0,0,1,11,9,2,0,13,0,4,6
533813353,0,,,45,23,22,1,1,0,44,22,22,25,14,11,43,21,22,43,21,22,19,8,11,7,2,5,2,0,2,0,0,0,0,0,0,19,19,3,8,7,0,1,0,0,16,15,1,0,13,0,1,4
533813354,0,,,4,4,0,0,0,0,4,4,0,1,1,0,4,4,0,4,4,0,3,3,0,2,2,0,1,1,0,0,0,0,0,0,0,4,4,4,0,0,0,0,0,0,0,0,0,0,3,0,3,0
533813362,2,533813364,,2,0,2,*,*,*,*,*,*,*,*,*,*,*,*,*,*,*,*,*,*,*,*,*,*,*,*,*,*,*,*,*,*,2,2,*,*,*,*,*,*,*,*,*,*,*,*,*,*,*
533813363,2,533813364,,4,2,2,*,*,*,*,*,*,*,*,*,*,*,*,*,*,*,*,*,*,*,*,*,*,*,*,*,*,*,*,*,*,3,3,*,*,*,*,*,*,*,*,*,*,*,*,*,*,*
533813364,1,,533813362;533813363,20,12,8,2,2,0,24,12,12,8,4,4,24,12,12,24,12,12,16,8,8,9,2,7,4,0,4,0,0,0,1,0,1,9,9,5,8,0,0,1,0,0,9,5,4,0,12,0,4,2
533813372,2,533813373,,1,1,0,*,*,*,*,*,*,*,*,*,*,*,*,*,*,*,*,*,*,*,*,*,*,*,*,*,*,*,*,*,*,1,1,*,*,*,*,*,*,*,*,*,*,*,*,*,*,*
533813373,1,,533813372;533813471,22,10,12,2,0,2,23,11,12,7,4,3,22,10,12,22,10,12,16,7,9,9,4,5,3,1,2,1,0,1,0,0,0,7,7,5,0,3,1,0,0,1,5,2,3,0,9,0,4,0
533813381,1,,533813382,141,67,74,3,2,1,140,66,74,61,32,29,140,66,74,140,66,74,79,34,45,47,17,30,20,6,14,5,0,5,2,0,2,66,66,20,29,11,4,2,1,0,47,35,12,1,50,1,12,16
533813382,2,533813381,,2,1,1,*,*,*,*,*,*,*,*,*,*,*,*,*,*,*,*,*,*,*,*,*,*,*,*,*,*,*,*,*,*,1,1,*,*,*,*,*,*,*,*,*,*,*,*,*,*,*
533813383,0,,,197,95,102,14,4,10,183,91,92,83,42,41,178,90,88,175,88,87,100,49,51,59,26,33,22,11,11,0,0,0,0,0,0,89,89,26,35,17,7,2,2,0,63,55,8,2,69,0,19,21
533813384,0,,,80,42,38,8,6,2,72,36,36,36,19,17,71,36,35,70,35,35,36,17,19,15,5,10,5,2,3,1,0,1,0,0,0,37,37,14,12,6,2,2,1,0,23,22,1,1,24,1,8,8
533813393,0,,,13,8,5,2,1,1,11,7,4,6,4,2,11,7,4,11,7,4,5,3,2,3,2,1,1,1,0,0,0,0,0,0,0,4,4,0,2,1,0,0,1,0,4,2,2,0,3,0,0,1
533813412,0,,,32,13,19,1,0,1,31,13,18,13,7,6,31,13,18,31,13,18,18,6,12,16,5,11,7,3,4,2,1,1,0,0,0,16,16,6,7,1,1,1,0,0,10,9,1,1,13,0,5,4
533813422,1,,533813333;533813423,17,8,9,3,1,2,26,11,15,11,5,6,25,11,14,25,11,14,15,6,9,11,4,7,3,1,2,0,0,0,0,0,0,7,7,6,5,1,1,0,1,0,7,6,1,1,11,0,4,4
533813423,2,533813422,,3,1,2,*,*,*,*,*,*,*,*,*,*,*,*,*,*,*,*,*,*,*,*,*,*,*,*,*,*,*,*,*,*,2,2,*,*,*,*,*,*,*,*,*,*,*,*,*,*,*
533813431,2,533813432,,11,3,8,*,*,*,*,*,*,*,*,*,*,*,*,*,*,*,*,*,*,*,*,*,*,*,*,*,*,*,*,*,*,7,7,*,*,*,*,*,*,*,*,*,*,*,*,*,*,*
533813432,1,,533813431,1,1,0,0,0,0,12,4,8,3,1,2,12,4,8,12,4,8,9,3,6,6,2,4,1,0,1,0,0,0,0,0,0,1,1,5,2,1,0,0,0,0,3,3,0,0,7,0,4,2
533813444,2,533813451,,5,2,3,*,*,*,*,*,*,*,*,*,*,*,*,*,*,*,*,*,*,*,*,*,*,*,*,*,*,*,*,*,*,3,3,*,*,*,*,*,*,*,*,*,*,*,*,*,*,*
533813451,1,,533813444,43,20,23,3,3,0,45,19,26,20,8,12,43,18,25,43,18,25,25,11,14,10,3,7,4,2,2,1,0,1,1,0,1,19,19,6,9,5,1,1,0,0,15,11,4,1,18,0,6,4
533813452,0,,,66,36,30,10,6,4,56,30,26,33,17,16,52,28,24,52,28,24,23,13,10,12,7,5,4,2,2,0,0,0,0,0,0,28,28,10,9,4,2,2,0,1,18,16,2,2,15,0,5,6
533813453,2,533813454,,1,1,0,*,*,*,*,*,*,*,*,*,*,*,*,*,*,*,*,*,*,*,*,*,*,*,*,*,*,*,*,*,*,1,1,*,*,*,*,*,*,*,*,*,*,*,*,*,*,*
533813454,1,,533813453,42,21,21,6,2,4,37,20,17,25,12,13,34,18,16,34,18,16,12,8,4,6,3,3,3,1,2,0,0,0,0,0,0,15,15,6,2,3,3,1,0,1,10,7,3,0,10,0,4,1
533813471,2,533813373,,2,0,2,*,*,*,*,*,*,*,*,*,*,*,*,*,*,*,*,*,*,*,*,*,*,*,*,*,*,*,*,*,*,2,2,*,*,*,*,*,*,*,*,*,*,*,*,*,*,*
533813481,0,,,14,4,10,0,0,0,14,4,10,9,2,7,14,4,10,13,4,9,5,2,3,2,1,1,1,1,0,0,0,0,0,0,0,7,7,4,0,2,1,0,0,0,3,2,1,0,4,0,3,0
533813482,0,,,33,17,16,2,0,2,30,16,14,13,7,6,30,16,14,29,16,13,17,9,8,13,7,6,4,3,1,0,0,0,0,0,0,14,14,3,6,3,1,1,0,0,11,9,2,0,11,0,2,3
533813483,0,,,13,6,7,0,0,0,13,6,7,6,3,3,13,6,7,13,6,7,7,3,4,5,2,3,1,0,1,0,0,0,0,0,0,5,5,0,3,1,1,0,0,0,5,4,1,0,4,0,0,2
533813484,0,,,52,26,26,4,1,3,48,25,23,21,12,9,48,25,23,47,25,22,27,13,14,11,4,7,4,0,4,2,0,2,0,0,0,20,20,2,10,5,2,0,0,1,18,16,2,0,15,0,2,7
533813491,0,,,56,26,30,8,4,4,48,22,26,21,9,12,47,21,26,46,21,25,27,13,14,17,6,11,8,4,4,0,0,0,1,0,1,24,24,11,5,5,0,1,1,1,13,10,3,2,20,0,9,3
533813493,1,,533813494,24,9,15,0,0,0,32,14,18,11,8,3,32,14,18,32,14,18,21,6,15,14,3,11,9,1,8,4,1,3,0,0,0,12,12,4,5,6,0,0,0,0,11,6,5,0,14,0,3,2
533813494,2,533813493,,8,5,3,*,*,*,*,*,*,*,*,*,*,*,*,*,*,*,*,*,*,*,*,*,*,*,*,*,*,*,*,*,*,3,3,*,*,*,*,*,*,*,*,*,*,*,*,*,*,*
533813514,2,533813522,,5,3,2,*,*,*,*,*,*,*,*,*,*,*,*,*,*,*,*,*,*,*,*,*,*,*,*,*,*,*,*,*,*,3,3,*,*,*,*,*,*,*,*,*,*,*,*,*,*,*
533813521,2,533813522,,1,1,0,*,*,*,*,*,*,*,*,*,*,*,*,*,*,*,*,*,*,*,*,*,*,*,*,*,*,*,*,*,*,1,1,*,*,*,*,*,*,*,*,*,*,*,*,*,*,*
533813522,1,,533813514;533813521;533813523,9,3,6,0,0,0,16,8,8,3,3,0,16,8,8,16,8,8,13,5,8,11,4,7,8,2,6,1,0,1,0,0,0,7,7,8,4,0,0,0,0,0,4,4,0,0,11,0,7,2
533813523,2,533813522,,1,1,0,*,*,*,*,*,*,*,*,*,*,*,*,*,*,*,*,*,*,*,*,*,*,*,*,*,*,*,*,*,*,1,1,*,*,*,*,*,*,*,*,*,*,*,*,*,*,*
533813532,1,,533813534,8,4,4,0,0,0,9,5,4,3,2,1,9,5,4,9,5,4,6,3,3,1,1,0,0,0,0,0,0,0,0,0,0,5,5,3,3,0,0,0,0,0,3,3,0,0,5,0,3,1
533813534,2,533813532,,1,1,0,*,*,*,*,*,*,*,*,*,*,*,*,*,*,*,*,*,*,*,*,*,*,*,*,*,*,*,*,*,*,1,1,*,*,*,*,*,*,*,*,*,*,*,*,*,*,*
533813544,0,,,47,22,25,1,0,1,46,22,24,15,7,8,45,22,23,45,22,23,31,15,16,16,7,9,13,5,8,1,0,1,1,0,1,22,22,8,7,4,2,1,0,0,14,11,3,1,21,0,8,5
533813552,1,,533813554,143,61,82,14,4,10,138,62,76,75,35,40,137,61,76,134,59,75,63,27,36,36,15,21,14,2,12,3,0,3,1,0,1,58,58,13,21,17,10,0,1,0,49,38,11,5,41,0,9,12
533813553,0,,,81,39,42,5,3,2,76,36,40,41,23,18,74,34,40,73,33,40,35,13,22,22,5,17,10,3,7,2,0,2,0,0,0,36,36,11,14,6,3,1,0,1,25,16,9,2,27,0,9,7
533813554,2,533813552,,9,5,4,*,*,*,*,*,*,*,*,*,*,*,*,*,*,*,*,*,*,*,*,*,*,*,*,*,*,*,*,*,*,4,4,*,*,*,*,*,*,*,*,*,*,*,*,*,*,*
533813561,1,,533813562;533813563,13,8,5,0,0,0,23,13,10,15,7,8,23,13,10,23,13,10,8,6,2,2,1,1,2,1,1,0,0,0,0,0,0,7,7,3,3,3,0,1,0,0,7,7,0,0,7,0,2,0
533813562,2,533813561,,2,2,0,*,*,*,*,*,*,*,*,*,*,*,*,*,*,*,*,*,*,*,*,*,*,*,*,*,*,*,*,*,*,1,1,*,*,*,*,*,*,*,*,*,*,*,*,*,*,*
533813563,2,533813561,,8,3,5,*,*,*,*,*,*,*,*,*,*,*,*,*,*,*,*,*,*,*,*,*,*,*,*,*,*,*,*,*,*,2,2,*,*,*,*,*,*,*,*,*,*,*,*,*,*,*
533813564,0,,,12,7,5,0,0,0,12,7,5,2,2,0,12,7,5,12,7,5,10,5,5,7,4,3,2,1,1,0,0,0,0,0,0,7,7,2,5,0,0,0,0,0,5,5,0,0,6,0,1,4
533813572,2,533813583,,1,0,1,*,*,*,*,*,*,*,*,*,*,*,*,*,*,*,*,*,*,*,*,*,*,*,*,*,*,*,*,*,*,1,1,*,*,*,*,*,*,*,*,*,*,*,*,*,*,*
533813574,2,533813583,,2,0,2,*,*,*,*,*,*,*,*,*,*,*,*,*,*,*,*,*,*,*,*,*,*,*,*,*,*,*,*,*,*,2,2,*,*,*,*,*,*,*,*,*,*,*,*,*,*,*
533813581,0,,,13,6,7,0,0,0,13,6,7,7,4,3,13,6,7,13,6,7,6,2,4,3,1,2,1,1,0,0,0,0,0,0,0,7,7,4,0,3,0,0,0,0,3,2,1,0,5,0,3,0
533813582,0,,,66,34,32,3,2,1,63,32,31,34,19,15,63,32,31,62,32,30,29,13,16,14,5,9,8,2,6,1,0,1,0,0,0,28,28,7,13,1,6,0,1,0,21,15,6,1,21,0,6,4
533813583,1,,533813572;533813574,8,4,4,0,0,0,11,4,7,4,1,3,11,4,7,11,4,7,7,3,4,2,0,2,2,0,2,1,0,1,0,0,0,4,4,4,2,1,0,0,0,0,3,2,1,0,5,0,3,1
533813591,2,533813593,,1,0,1,*,*,*,*,*,*,*,*,*,*,*,*,*,*,*,*,*,*,*,*,*,*,*,*,*,*,*,*,*,*,1,1,*,*,*,*,*,*,*,*,*,*,*,*,*,*,*
533813592,0,,,21,10,11,0,0,0,21,10,11,6,3,3,21,10,11,21,10,11,15,7,8,9,3,6,4,2,2,0,0,0,0,0,0,11,11,4,5,1,1,0,0,0,7,6,1,0,10,0,4,3
533813593,1,,533813591,21,10,11,0,0,0,22,10,12,5,5,0,22,10,12,22,10,12,17,5,12,6,2,4,3,0,3,0,0,0,0,0,0,11,11,5,4,3,0,0,0,0,7,7,0,0,12,0,5,2
533813594,0,,,24,12,12,0,0,0,24,12,12,12,6,6,24,12,12,24,12,12,12,6,6,7,3,4,3,1,2,0,0,0,0,0,0,11,11,2,6,2,1,0,0,0,9,7,2,0,9,0,2,2
533813623,1,,533813624;533813721;533813724,5,4,1,0,0,0,20,13,7,11,9,2,20,13,7,20,13,7,9,4,5,5,1,4,5,1,4,0,0,0,0,0,0,4,4,8,1,2,1,0,0,0,4,2,2,0,9,0,6,0
533813624,2,533813623,,8,5,3,*,*,*,*,*,*,*,*,*,*,*,*,*,*,*,*,*,*,*,*,*,*,*,*,*,*,*,*,*,*,4,4,*,*,*,*,*,*,*,*,*,*,*,*,*,*,*
533813634,0,,,31,14,17,3,1,2,28,13,15,11,4,7,27,13,14,27,13,14,17,9,8,12,7,5,1,1,0,0,0,0,0,0,0,12,12,2,6,2,1,0,0,1,10,8,2,0,11,0,2,6
533813641,2,533813643,,2,2,0,*,*,*,*,*,*,*,*,*,*,*,*,*,*,*,*,*,*,*,*,*,*,*,*,*,*,*,*,*,*,2,2,*,*,*,*,*,*,*,*,*,*,*,*,*,*,*
533813642,2,533813644,,8,3,5,*,*,*,*,*,*,*,*,*,*,*,*,*,*,*,*,*,*,*,*,*,*,*,*,*,*,*,*,*,*,4,4,*,*,*,*,*,*,*,*,*,*,*,*,*,*,*
533813643,1,,533813641,37,17,20,2,1,1,37,18,19,15,7,8,37,18,19,36,18,18,22,11,11,13,6,7,7,3,4,2,1,1,1,0,1,15,15,3,9,2,3,0,0,0,14,12,2,0,15,0,3,5
533813644,1,,533813642,17,9,8,3,1,2,22,11,11,14,8,6,22,11,11,22,11,11,8,3,5,3,0,3,2,0,2,0,0,0,0,0,0,8,8,7,2,0,1,2,0,0,5,4,1,0,7,0,4,0
533813651,1,,533813653,120,62,58,12,7,5,109,56,53,49,28,21,106,55,51,105,55,50,60,28,32,29,13,16,12,4,8,1,0,1,0,0,0,59,59,29,15,8,5,1,1,1,29,23,6,2,43,0,21,6
533813653,2,533813651,,1,1,0,*,*,*,*,*,*,*,*,*,*,*,*,*,*,*,*,*,*,*,*,*,*,*,*,*,*,*,*,*,*,1,1,*,*,*,*,*,*,*,*,*,*,*,*,*,*,*
533813654,0,,,18,8,10,0,0,0,18,8,10,8,4,4,17,7,10,17,7,10,10,4,6,4,1,3,0,0,0,0,0,0,0,0,0,8,8,3,3,0,1,1,0,0,5,3,2,0,7,0,3,1
533813662,0,,,27,15,12,0,0,0,27,15,12,11,7,4,27,15,12,27,15,12,16,8,8,11,4,7,5,1,4,0,0,0,0,0,0,16,16,10,4,1,0,0,1,0,6,3,3,0,12,0,6,2
533813672,2,533813674,,6,2,4,*,*,*,*,*,*,*,*,*,*,*,*,*,*,*,*,*,*,*,*,*,*,*,*,*,*,*,*,*,*,4,4,*,*,*,*,*,*,*,*,*,*,*,*,*,*,*
533813673,0,,,11,5,6,0,0,0,11,5,6,4,2,2,11,5,6,11,5,6,7,3,4,7,3,4,2,1,1,0,0,0,0,0,0,4,4,0,1,3,0,0,0,0,4,4,0,0,4,0,0,1
533813674,1,,533813672,11,3,8,0,0,0,17,5,12,5,0,5,17,5,12,16,5,11,12,5,7,8,3,5,7,3,4,2,0,2,0,0,0,4,4,5,0,2,0,0,1,0,3,2,1,0,8,0,5,0
533813681,0,,,12,4,8,0,0,0,12,4,8,6,2,4,12,4,8,12,4,8,6,2,4,2,0,2,1,0,1,0,0,0,0,0,0,4,4,0,2,0,2,0,0,0,4,2,2,0,4,0,0,2
533813692,0,,,10,5,5,0,0,0,10,5,5,6,2,4,10,5,5,10,5,5,4,3,1,2,1,1,2,1,1,0,0,0,0,0,0,4,4,0,3,0,1,0,0,0,4,4,0,0,3,0,0,2
533813721,2,533813623,,2,2,0,*,*,*,*,*,*,*,*,*,*,*,*,*,*,*,*,*,*,*,*,*,*,*,*,*,*,*,*,*,*,2,2,*,*,*,*,*,*,*,*,*,*,*,*,*,*,*
533813724,2,533813623,,5,2,3,*,*,*,*,*,*,*,*,*,*,*,*,*,*,*,*,*,*,*,*,*,*,*,*,*,*,*,*,*,*,2,2,*,*,*,*,*,*,*,*,*,*,*,*,*,*,*
533813732,0,,,17,9,8,0,0,0,17,9,8,1,1,0,17,9,8,17,9,8,16,8,8,11,5,6,5,2,3,3,1,2,0,0,0,10,10,3,7,0,0,0,0,0,7,6,1,0,10,0,3,4
533813742,2,533813751,,4,2,2,*,*,*,*,*,*,*,*,*,*,*,*,*,*,*,*,*,*,*,*,*,*,*,*,*,*,*,*,*,*,2,2,*,*,*,*,*,*,*,*,*,*,*,*,*,*,*
533813744,2,533813751,,2,0,2,*,*,*,*,*,*,*,*,*,*,*,*,*,*,*,*,*,*,*,*,*,*,*,*,*,*,*,*,*,*,2,2,*,*,*,*,*,*,*,*,*,*,*,*,*,*,*
533813751,1,,533813742;533813744,35,17,18,0,0,0,41,19,22,17,9,8,41,19,22,41,19,22,24,10,14,14,5,9,7,2,5,0,0,0,0,0,0,15,15,5,9,3,1,1,0,0,14,11,3,0,15,0,3,7
533813752,0,,,33,18,15,2,1,1,31,17,14,17,12,5,30,17,13,30,17,13,14,5,9,10,4,6,2,2,0,0,0,0,0,0,0,12,12,4,4,1,0,2,0,1,8,5,3,1,10,0,3,3
533813753,0,,,21,9,12,2,1,1,19,8,11,9,4,5,19,8,11,19,8,11,10,4,6,3,0,3,2,0,2,0,0,0,0,0,0,9,9,1,5,2,1,0,0,0,8,7,1,0,6,0,0,2
533813754,0,,,36,20,16,5,3,2,31,17,14,16,10,6,31,17,14,30,17,13,15,7,8,6,3,3,4,2,2,1,0,1,0,0,0,14,14,1,7,4,1,1,0,0,13,12,1,1,10,0,0,4
533813763,0,,,24,12,12,0,0,0,24,12,12,4,1,3,24,12,12,24,12,12,20,11,9,10,4,6,5,1,4,0,0,0,1,1,0,16,16,8,8,0,0,0,0,0,8,8,0,0,15,0,7,7
533813764,0,,,41,18,23,1,0,1,40,18,22,20,8,12,40,18,22,40,18,22,20,10,10,9,5,4,1,0,1,1,0,1,0,0,0,20,20,9,6,2,2,0,1,0,11,10,1,1,16,0,9,3
533813772,0,,,80,37,43,2,0,2,78,37,41,35,16,19,76,36,40,75,36,39,43,21,22,27,14,13,10,5,5,2,1,1,1,0,1,38,38,12,18,2,4,2,0,0,26,21,5,0,29,0,9,10
533813773,0,,,54,25,29,2,2,0,52,23,29,25,10,15,50,23,27,50,23,27,27,13,14,20,9,11,11,6,5,1,1,0,0,0,0,25,25,6,12,5,1,1,0,0,19,16,3,1,20,0,6,6
533813774,0,,,217,87,130,13,4,9,204,83,121,112,51,61,197,82,115,195,81,114,92,32,60,56,16,40,20,2,18,1,0,1,1,0,1,103,103,41,30,17,11,3,1,0,62,54,8,4,72,0,32,13
533813783,0,,,75,37,38,0,0,0,75,37,38,35,21,14,75,37,38,75,37,38,40,16,24,29,10,19,10,3,7,1,0,1,0,0,0,34,34,12,10,8,3,0,0,1,22,19,3,0,30,0,11,5
533813784,0,,,61,31,30,1,1,0,60,30,30,25,12,13,60,30,30,60,30,30,35,18,17,11,4,7,8,3,5,1,1,0,0,0,0,27,27,5,14,4,4,0,0,0,22,19,3,0,23,0,3,8
533813793,0,,,67,33,34,5,1,4,62,32,30,30,12,18,61,32,29,61,32,29,32,20,12,21,13,8,7,5,2,2,2,0,0,0,0,28,28,8,9,6,2,3,0,0,19,16,3,0,23,0,8,5
533813794,0,,,57,30,27,0,0,0,57,30,27,18,11,7,57,30,27,57,30,27,39,19,20,23,9,14,8,3,5,0,0,0,0,0,0,27,27,7,12,6,2,0,0,0,20,17,3,0,25,0,7,10
533813822,0,,,8,4,4,0,0,0,8,4,4,3,2,1,8,4,4,8,4,4,5,2,3,4,1,3,1,0,1,1,0,1,0,0,0,5,5,3,1,1,0,0,0,0,2,2,0,0,4,0,3,1
533813832,0,,,13,7,6,0,0,0,13,7,6,2,1,1,13,7,6,13,7,6,11,6,5,8,4,4,6,3,3,1,1,0,0,0,0,7,7,1,6,0,0,0,0,0,6,6,0,0,6,0,1,5
533813834,0,,,17,8,9,0,0,0,17,8,9,4,2,2,17,8,9,17,8,9,13,6,7,9,4,5,3,1,2,1,0,1,0,0,0,11,11,6,4,1,0,0,0,0,5,5,0,0,10,0,6,1
533813841,0,,,44,23,21,0,0,0,44,23,21,11,8,3,44,23,21,44,23,21,33,15,18,25,11,14,13,6,7,0,0,0,0,0,0,24,24,9,11,3,1,0,0,0,15,13,2,0,22,0,8,7
533813851,0,,,14,7,7,2,1,1,12,6,6,8,4,4,11,5,6,11,5,6,4,2,2,3,2,1,0,0,0,0,0,0,0,0,0,6,6,3,0,2,0,1,0,0,3,3,0,0,3,0,2,0
533813852,0,,,459,229,230,28,15,13,431,214,217,217,118,99,426,213,213,423,211,212,214,96,118,127,49,78,49,18,31,7,2,5,1,0,1,194,194,51,64,53,16,5,4,1,143,114,29,7,145,0,38,33
533813854,0,,,167,77,90,6,2,4,161,75,86,78,40,38,155,73,82,152,72,80,83,35,48,47,17,30,19,5,14,2,1,1,1,0,1,68,68,16,24,17,6,2,3,0,52,36,16,0,52,0,12,14
533813862,0,,,136,55,81,5,3,2,131,52,79,49,26,23,128,50,78,126,49,77,82,26,56,65,17,48,41,9,32,15,1,14,1,0,1,33,32,5,12,6,5,3,1,0,27,25,2,1,22,0,5,8
533813863,0,,,69,33,36,13,6,7,56,27,29,38,19,19,54,25,29,52,24,28,18,8,10,13,4,9,2,0,2,0,0,0,0,0,0,33,33,12,14,2,3,1,1,0,21,21,0,4,16,0,9,3
533813864,0,,,162,81,81,15,10,5,143,69,74,77,40,37,141,68,73,138,67,71,66,29,37,35,15,20,12,5,7,0,0,0,0,0,0,65,65,16,23,12,7,6,1,0,48,38,10,4,46,0,12,16
533813873,0,,,110,53,57,10,6,4,100,47,53,67,30,37,94,44,50,92,43,49,33,17,16,18,8,10,6,2,4,1,0,1,0,0,0,53,53,17,22,8,5,1,0,0,36,31,5,2,25,0,9,6
533813874,0,,,227,118,109,24,16,8,202,101,101,106,56,50,198,99,99,196,98,98,96,45,51,59,24,35,21,8,13,1,1,0,2,1,1,96,96,27,36,18,8,3,2,2,68,57,11,5,67,0,18,18
533813882,1,,533813884,91,40,51,3,2,1,98,43,55,59,24,35,95,41,54,93,40,53,39,19,20,19,6,13,6,1,5,0,0,0,1,0,1,40,40,10,18,7,6,2,0,0,33,26,7,1,29,0,7,14
533813883,0,,,11,4,7,0,0,0,11,4,7,7,2,5,11,4,7,10,4,6,4,2,2,2,1,1,0,0,0,0,0,0,0,0,0,4,4,0,1,3,0,0,0,0,4,4,0,0,2,0,0,0
533813884,2,533813882,,10,5,5,*,*,*,*,*,*,*,*,*,*,*,*,*,*,*,*,*,*,*,*,*,*,*,*,*,*,*,*,*,*,3,3,*,*,*,*,*,*,*,*,*,*,*,*,*,*,*
533813893,0,,,15,7,8,0,0,0,15,7,8,7,5,2,15,7,8,15,7,8,8,2,6,8,2,6,3,2,1,0,0,0,0,0,0,9,9,7,0,0,2,0,0,0,2,0,2,0,7,0,5,0
533813952,0,,,100,52,48,2,0,2,98,52,46,52,33,19,98,52,46,98,52,46,46,19,27,24,9,15,11,3,8,1,0,1,0,0,0,42,42,12,15,9,3,1,1,1,30,21,9,1,33,0,10,7
533813961,0,,,243,121,122,28,16,12,213,104,109,121,63,58,206,102,104,202,100,102,92,41,51,54,23,31,13,5,8,0,0,0,0,0,0,101,101,32,36,14,8,6,2,3,67,55,12,7,67,3,21,16
533813962,0,,,365,177,188,29,13,16,336,164,172,170,87,83,329,160,169,323,156,167,166,77,89,93,39,54,34,13,21,1,0,1,0,0,0,158,158,37,75,20,14,10,2,0,121,106,15,8,112,0,28,43
533813963,0,,,141,64,77,17,8,9,124,56,68,60,30,30,122,56,66,122,56,66,64,26,38,33,12,21,16,3,13,2,1,1,0,0,0,56,56,13,20,13,4,4,1,1,42,34,8,5,45,0,12,9
533813964,0,,,106,54,52,8,4,4,98,50,48,53,27,26,96,48,48,95,48,47,45,23,22,14,7,7,5,2,3,0,0,0,0,0,0,40,40,3,21,8,4,3,1,0,37,34,3,1,26,0,3,13
533813971,0,,,147,72,75,17,13,4,130,59,71,65,33,32,129,59,70,126,58,68,65,26,39,41,17,24,14,7,7,0,0,0,0,0,0,58,58,10,26,9,8,4,1,0,48,40,8,2,44,0,8,16
533813972,0,,,134,64,70,14,7,7,118,56,62,53,25,28,118,56,62,116,55,61,65,31,34,35,15,20,12,5,7,0,0,0,0,0,0,59,59,18,21,8,10,2,0,0,40,35,5,3,41,0,12,16
533813973,0,,,142,67,75,6,2,4,136,65,71,81,43,38,133,62,71,130,61,69,55,22,33,31,11,20,13,4,9,1,0,1,1,0,1,59,59,8,29,15,5,1,1,0,51,45,6,1,36,0,6,12
533813974,0,,,33,13,20,0,0,0,33,13,20,11,4,7,33,13,20,33,13,20,22,9,13,16,6,10,5,2,3,0,0,0,0,0,0,16,16,6,4,5,1,0,0,0,9,7,2,0,16,0,6,2
533813982,2,533813991,,4,2,2,*,*,*,*,*,*,*,*,*,*,*,*,*,*,*,*,*,*,*,*,*,*,*,*,*,*,*,*,*,*,3,3,*,*,*,*,*,*,*,*,*,*,*,*,*,*,*
533813984,2,533813991,,2,1,1,*,*,*,*,*,*,*,*,*,*,*,*,*,*,*,*,*,*,*,*,*,*,*,*,*,*,*,*,*,*,1,1,*,*,*,*,*,*,*,*,*,*,*,*,*,*,*
533813991,1,,533813982;533813984;533813993,5,3,2,0,0,0,15,7,8,6,4,2,15,7,8,15,7,8,9,3,6,8,2,6,3,0,3,0,0,0,0,0,0,3,3,5,5,0,0,0,0,0,5,4,1,0,8,0,4,2
533813993,2,533813991,,4,1,3,*,*,*,*,*,*,*,*,*,*,*,*,*,*,*,*,*,*,*,*,*,*,*,*,*,*,*,*,*,*,3,3,*,*,*,*,*,*,*,*,*,*,*,*,*,*,*
533814081,0,,,12,7,5,3,3,0,9,4,5,8,3,5,8,4,4,8,4,4,1,1,0,0,0,0,0,0,0,0,0,0,0,0,0,4,4,1,0,1,2,0,0,0,3,3,0,1,1,0,0,0
533814082,0,,,17,10,7,0,0,0,17,10,7,5,3,2,17,10,7,17,10,7,12,7,5,8,5,3,2,1,1,0,0,0,1,1,0,9,9,3,5,0,1,0,0,0,6,4,2,0,7,0,1,2
533814083,2,533814084,,4,2,2,*,*,*,*,*,*,*,*,*,*,*,*,*,*,*,*,*,*,*,*,*,*,*,*,*,*,*,*,*,*,2,2,*,*,*,*,*,*,*,*,*,*,*,*,*,*,*
533814084,1,,533814083;533814191;533814192,15,9,6,0,0,0,20,12,8,13,8,5,20,12,8,19,12,7,7,4,3,3,2,1,0,0,0,0,0,0,0,0,0,8,8,6,4,1,1,0,0,0,5,3,2,0,6,0,2,1
533814091,0,,,12,7,5,0,0,0,12,7,5,7,5,2,11,6,5,11,6,5,5,2,3,2,1,1,1,1,0,0,0,0,1,0,1,6,6,2,2,2,0,0,0,0,4,3,1,0,3,1,1,2
533814092,0,,,34,18,16,5,3,2,29,15,14,15,7,8,28,14,14,28,14,14,14,8,6,6,3,3,3,2,1,1,1,0,0,0,0,14,14,3,6,2,2,1,0,0,11,10,1,1,8,0,1,3
533814093,2,533814094,,5,3,2,*,*,*,*,*,*,*,*,*,*,*,*,*,*,*,*,*,*,*,*,*,*,*,*,*,*,*,*,*,*,2,2,*,*,*,*,*,*,*,*,*,*,*,*,*,*,*
533814094,1,,533814093,16,7,9,1,1,0,20,9,11,12,5,7,20,9,11,20,9,11,8,4,4,1,1,0,0,0,0,0,0,0,0,0,0,9,9,4,5,1,1,0,0,0,7,7,0,0,5,0,1,3
533814164,2,533814171,,10,3,7,*,*,*,*,*,*,*,*,*,*,*,*,*,*,*,*,*,*,*,*,*,*,*,*,*,*,*,*,*,*,2,2,*,*,*,*,*,*,*,*,*,*,*,*,*,*,*
533814171,1,,533814164,34,16,18,5,1,4,39,18,21,23,10,13,38,17,21,37,17,20,16,8,8,8,2,6,3,1,2,0,0,0,3,1,2,15,15,8,3,1,3,0,0,2,9,5,4,0,13,1,5,1
533814174,1,,533814281;533814282;533814452,19,9,10,4,2,2,25,12,13,14,7,7,24,11,13,24,11,13,11,5,6,4,2,2,2,1,1,0,0,0,0,0,0,8,8,7,2,1,1,1,1,0,6,4,2,1,9,0,5,2
533814181,0,,,15,8,7,0,0,0,15,8,7,10,5,5,15,8,7,15,8,7,5,3,2,4,2,2,0,0,0,0,0,0,1,1,0,6,6,2,1,2,0,1,0,0,4,3,1,0,3,0,1,1
533814182,2,533814183,,7,4,3,*,*,*,*,*,*,*,*,*,*,*,*,*,*,*,*,*,*,*,*,*,*,*,*,*,*,*,*,*,*,3,3,*,*,*,*,*,*,*,*,*,*,*,*,*,*,*
533814183,1,,533814182,11,5,6,2,1,1,16,8,8,7,5,2,16,8,8,16,8,8,9,3,6,4,0,4,2,0,2,0,0,0,0,0,0,7,7,5,2,3,0,0,0,0,5,4,1,0,6,2,2,0
533814184,0,,,5,5,0,0,0,0,5,5,0,5,5,0,5,5,0,5,5,0,0,0,0,0,0,0,0,0,0,0,0,0,0,0,0,5,5,5,0,0,0,0,0,0,0,0,0,0,0,2,0,0
533814191,2,533814084,,1,1,0,*,*,*,*,*,*,*,*,*,*,*,*,*,*,*,*,*,*,*,*,*,*,*,*,*,*,*,*,*,*,1,1,*,*,*,*,*,*,*,*,*,*,*,*,*,*,*
533814192,2,533814084,,1,1,0,*,*,*,*,*,*,*,*,*,*,*,*,*,*,*,*,*,*,*,*,*,*,*,*,*,*,*,*,*,*,1,1,*,*,*,*,*,*,*,*,*,*,*,*,*,*,*
533814281,2,533814174,,4,1,3,*,*,*,*,*,*,*,*,*,*,*,*,*,*,*,*,*,*,*,*,*,*,*,*,*,*,*,*,*,*,1,1,*,*,*,*,*,*,*,*,*,*,*,*,*,*,*
533814282,2,533814174,,2,1,1,*,*,*,*,*,*,*,*,*,*,*,*,*,*,*,*,*,*,*,*,*,*,*,*,*,*,*,*,*,*,2,2,*,*,*,*,*,*,*,*,*,*,*,*,*,*,*
533814324,2,533814503,,4,2,2,*,*,*,*,*,*,*,*,*,*,*,*,*,*,*,*,*,*,*,*,*,*,*,*,*,*,*,*,*,*,4,4,*,*,*,*,*,*,*,*,*,*,*,*,*,*,*
533814404,2,533814503,,2,1,1,*,*,*,*,*,*,*,*,*,*,*,*,*,*,*,*,*,*,*,*,*,*,*,*,*,*,*,*,*,*,1,1,*,*,*,*,*,*,*,*,*,*,*,*,*,*,*
533814413,2,533814503,,2,1,1,*,*,*,*,*,*,*,*,*,*,*,*,*,*,*,*,*,*,*,*,*,*,*,*,*,*,*,*,*,*,2,2,*,*,*,*,*,*,*,*,*,*,*,*,*,*,*
533814452,2,533814174,,4,3,1,*,*,*,*,*,*,*,*,*,*,*,*,*,*,*,*,*,*,*,*,*,*,*,*,*,*,*,*,*,*,2,2,*,*,*,*,*,*,*,*,*,*,*,*,*,*,*
533814483,2,533814581,,10,8,2,*,*,*,*,*,*,*,*,*,*,*,*,*,*,*,*,*,*,*,*,*,*,*,*,*,*,*,*,*,*,4,4,*,*,*,*,*,*,*,*,*,*,*,*,*,*,*
533814503,1,,533814324;533814404;533814413;533814511,50,20,30,3,2,1,56,23,33,29,11,18,55,23,32,55,23,32,27,12,15,17,4,13,9,3,6,1,0,1,0,0,0,22,22,12,9,7,2,0,0,0,18,15,3,0,21,0,9,2
533814511,2,533814503,,1,1,0,*,*,*,*,*,*,*,*,*,*,*,*,*,*,*,*,*,*,*,*,*,*,*,*,*,*,*,*,*,*,1,1,*,*,*,*,*,*,*,*,*,*,*,*,*,*,*
533814552,2,533814633,,1,1,0,*,*,*,*,*,*,*,*,*,*,*,*,*,*,*,*,*,*,*,*,*,*,*,*,*,*,*,*,*,*,1,1,*,*,*,*,*,*,*,*,*,*,*,*,*,*,*
533814581,1,,533814483,52,26,26,4,4,0,58,30,28,27,15,12,57,29,28,55,28,27,31,15,16,20,7,13,11,5,6,1,0,1,2,0,2,26,26,13,10,2,2,3,0,0,17,12,5,2,24,0,10,5
533814583,0,,,40,23,17,0,0,0,38,22,16,20,14,6,38,22,16,38,22,16,18,8,10,10,4,6,1,1,0,0,0,0,0,0,0,23,23,10,10,2,1,0,0,0,13,12,1,0,11,3,1,5
533814602,1,,533814603;533814604,15,8,7,0,0,0,21,11,10,4,4,0,21,11,10,21,11,10,17,7,10,14,6,8,3,0,3,1,0,1,0,0,0,7,7,4,5,1,1,0,0,0,7,4,3,0,9,1,2,3
533814603,2,533814602,,3,2,1,*,*,*,*,*,*,*,*,*,*,*,*,*,*,*,*,*,*,*,*,*,*,*,*,*,*,*,*,*,*,2,2,*,*,*,*,*,*,*,*,*,*,*,*,*,*,*
533814604,2,533814602,,3,1,2,*,*,*,*,*,*,*,*,*,*,*,*,*,*,*,*,*,*,*,*,*,*,*,*,*,*,*,*,*,*,2,2,*,*,*,*,*,*,*,*,*,*,*,*,*,*,*
533814614,0,,,25,11,14,0,0,0,25,11,14,7,5,2,25,11,14,25,11,14,18,6,12,9,2,7,5,1,4,1,0,1,0,0,0,14,14,5,7,2,0,0,0,0,9,8,1,0,12,0,3,4
533814622,2,533814623,,5,1,4,*,*,*,*,*,*,*,*,*,*,*,*,*,*,*,*,*,*,*,*,*,*,*,*,*,*,*,*,*,*,4,4,*,*,*,*,*,*,*,*,*,*,*,*,*,*,*
533814623,1,,533814622;533814624,14,7,7,0,0,0,25,10,15,5,2,3,25,10,15,25,10,15,20,8,12,10,3,7,7,3,4,0,0,0,0,0,0,7,7,6,8,1,0,0,0,0,9,8,1,0,13,0,4,5
533814624,2,533814623,,6,2,4,*,*,*,*,*,*,*,*,*,*,*,*,*,*,*,*,*,*,*,*,*,*,*,*,*,*,*,*,*,*,4,4,*,*,*,*,*,*,*,*,*,*,*,*,*,*,*
533814631,2,533814633,,6,3,3,*,*,*,*,*,*,*,*,*,*,*,*,*,*,*,*,*,*,*,*,*,*,*,*,*,*,*,*,*,*,4,4,*,*,*,*,*,*,*,*,*,*,*,*,*,*,*
533814633,1,,533814552;533814631;533814634;533814731;533814741,7,3,4,0,0,0,28,14,14,5,5,0,28,14,14,28,14,14,23,9,14,17,5,12,12,4,8,1,0,1,0,0,0,3,3,10,7,0,1,0,0,0,8,7,1,0,16,0,8,5
533814634,2,533814633,,4,2,2,*,*,*,*,*,*,*,*,*,*,*,*,*,*,*,*,*,*,*,*,*,*,*,*,*,*,*,*,*,*,3,3,*,*,*,*,*,*,*,*,*,*,*,*,*,*,*
533814652,2,533814833,,1,0,1,*,*,*,*,*,*,*,*,*,*,*,*,*,*,*,*,*,*,*,*,*,*,*,*,*,*,*,*,*,*,1,0,*,*,*,*,*,*,*,*,*,*,*,*,*,*,*
533814654,2,533814833,,4,1,3,*,*,*,*,*,*,*,*,*,*,*,*,*,*,*,*,*,*,*,*,*,*,*,*,*,*,*,*,*,*,4,1,*,*,*,*,*,*,*,*,*,*,*,*,*,*,*
533814703,0,,,21,12,9,1,0,1,20,12,8,12,7,5,18,11,7,18,11,7,8,5,3,3,2,1,0,0,0,0,0,0,0,0,0,9,9,2,3,3,1,0,0,0,7,7,0,0,6,0,2,1
533814704,0,,,40,21,19,0,0,0,40,21,19,11,6,5,40,21,19,40,21,19,29,15,14,18,8,10,6,2,4,0,0,0,0,0,0,20,20,6,11,2,0,0,1,0,14,11,3,0,19,0,6,8
533814712,0,,,31,14,17,4,3,1,27,11,16,18,7,11,25,11,14,24,11,13,9,4,5,4,2,2,1,0,1,0,0,0,0,0,0,9,9,1,1,3,2,1,1,0,8,4,4,1,7,0,1,0
533814713,1,,533814714,43,23,20,2,1,1,43,23,20,21,13,8,43,23,20,43,23,20,22,10,12,9,4,5,3,1,2,0,0,0,0,0,0,21,21,5,12,4,1,0,0,0,17,15,2,0,14,0,1,8
533814714,2,533814713,,2,1,1,*,*,*,*,*,*,*,*,*,*,*,*,*,*,*,*,*,*,*,*,*,*,*,*,*,*,*,*,*,*,1,1,*,*,*,*,*,*,*,*,*,*,*,*,*,*,*
533814721,0,,,49,25,24,1,1,0,48,24,24,17,9,8,47,24,23,47,24,23,31,15,16,16,8,8,10,5,5,0,0,0,1,0,1,23,23,8,9,3,2,0,1,0,15,13,2,0,20,0,8,6
533814722,0,,,13,4,9,0,0,0,13,4,9,1,1,0,13,4,9,13,4,9,12,3,9,9,3,6,3,1,2,0,0,0,0,0,0,8,8,3,5,0,0,0,0,0,5,5,0,0,8,0,3,3
533814723,0,,,15,7,8,0,0,0,15,7,8,3,1,2,15,7,8,15,7,8,12,6,6,4,2,2,2,1,1,0,0,0,0,0,0,10,10,5,5,0,0,0,0,0,5,5,0,0,9,0,4,4
533814731,2,533814633,,5,2,3,*,*,*,*,*,*,*,*,*,*,*,*,*,*,*,*,*,*,*,*,*,*,*,*,*,*,*,*,*,*,3,3,*,*,*,*,*,*,*,*,*,*,*,*,*,*,*
533814741,2,533814633,,5,3,2,*,*,*,*,*,*,*,*,*,*,*,*,*,*,*,*,*,*,*,*,*,*,*,*,*,*,*,*,*,*,4,4,*,*,*,*,*,*,*,*,*,*,*,*,*,*,*
533814782,0,,,39,17,22,1,0,1,38,17,21,21,10,11,38,17,21,38,17,21,17,7,10,10,3,7,3,2,1,0,0,0,0,0,0,18,18,7,4,4,3,0,0,0,10,5,5,1,13,0,5,1
533814784,0,,,16,8,8,0,0,0,16,8,8,10,5,5,15,8,7,15,8,7,6,3,3,4,2,2,1,0,1,0,0,0,0,0,0,5,5,0,2,1,1,1,0,0,5,3,2,0,4,0,0,2
533814791,2,533814793,,4,2,2,*,*,*,*,*,*,*,*,*,*,*,*,*,*,*,*,*,*,*,*,*,*,*,*,*,*,*,*,*,*,3,3,*,*,*,*,*,*,*,*,*,*,*,*,*,*,*
533814793,1,,533814791;533814881,70,34,36,7,4,3,73,35,38,34,19,15,73,35,38,73,35,38,39,16,23,23,8,15,13,3,10,1,0,1,0,0,0,29,29,5,17,5,5,0,1,0,28,22,6,3,27,0,4,9
533814812,1,,533814814,12,8,4,0,0,0,15,11,4,3,3,0,15,11,4,15,11,4,12,8,4,5,3,2,2,2,0,0,0,0,0,0,0,8,8,7,4,0,0,0,0,0,4,3,1,0,9,0,6,3
533814814,2,533814812,,3,3,0,*,*,*,*,*,*,*,*,*,*,*,*,*,*,*,*,*,*,*,*,*,*,*,*,*,*,*,*,*,*,3,3,*,*,*,*,*,*,*,*,*,*,*,*,*,*,*
533814821,2,533814823,,4,3,1,*,*,*,*,*,*,*,*,*,*,*,*,*,*,*,*,*,*,*,*,*,*,*,*,*,*,*,*,*,*,4,4,*,*,*,*,*,*,*,*,*,*,*,*,*,*,*
533814823,1,,533814821;533814912;533814913;533814921,11,3,8,0,0,0,29,13,16,9,4,5,29,13,16,29,13,16,20,9,11,12,5,7,2,1,1,0,0,0,0,0,0,7,7,12,4,3,0,0,0,0,7,7,0,0,14,0,7,4
533814833,1,,533814652;533814654;533814834,18,9,9,1,1,0,23,10,13,14,6,8,23,10,13,23,10,13,9,4,5,5,1,4,3,0,3,0,0,0,5,1,4,8,8,6,1,1,1,1,0,0,4,3,1,1,8,1,5,0
533814834,2,533814833,,1,1,0,*,*,*,*,*,*,*,*,*,*,*,*,*,*,*,*,*,*,*,*,*,*,*,*,*,*,*,*,*,*,1,1,*,*,*,*,*,*,*,*,*,*,*,*,*,*,*
533814881,2,533814793,,6,3,3,*,*,*,*,*,*,*,*,*,*,*,*,*,*,*,*,*,*,*,*,*,*,*,*,*,*,*,*,*,*,1,1,*,*,*,*,*,*,*,*,*,*,*,*,*,*,*
533814903,0,,,16,10,6,0,0,0,16,10,6,5,4,1,16,10,6,16,10,6,11,6,5,6,4,2,1,0,1,1,0,1,0,0,0,9,9,5,1,3,0,0,0,0,4,2,2,0,6,0,3,1
533814912,2,533814823,,2,1,1,*,*,*,*,*,*,*,*,*,*,*,*,*,*,*,*,*,*,*,*,*,*,*,*,*,*,*,*,*,*,1,1,*,*,*,*,*,*,*,*,*,*,*,*,*,*,*
533814913,2,533814823,,5,2,3,*,*,*,*,*,*,*,*,*,*,*,*,*,*,*,*,*,*,*,*,*,*,*,*,*,*,*,*,*,*,3,3,*,*,*,*,*,*,*,*,*,*,*,*,*,*,*
533814921,2,533814823,,7,4,3,*,*,*,*,*,*,*,*,*,*,*,*,*,*,*,*,*,*,*,*,*,*,*,*,*,*,*,*,*,*,4,4,*,*,*,*,*,*,*,*,*,*,*,*,*,*,*
533814941,1,,533814942,14,6,8,0,0,0,18,7,11,3,3,0,18,7,11,18,7,11,15,4,11,10,2,8,4,0,4,1,0,1,0,0,0,8,8,7,2,1,1,0,0,0,4,3,1,0,10,0,6,2
533814942,2,533814941,,4,1,3,*,*,*,*,*,*,*,*,*,*,*,*,*,*,*,*,*,*,*,*,*,*,*,*,*,*,*,*,*,*,3,3,*,*,*,*,*,*,*,*,*,*,*,*,*,*,*
533814981,2,533814984,,9,3,6,*,*,*,*,*,*,*,*,*,*,*,*,*,*,*,*,*,*,*,*,*,*,*,*,*,*,*,*,*,*,4,4,*,*,*,*,*,*,*,*,*,*,*,*,*,*,*
533814982,0,,,29,13,16,3,1,2,26,12,14,19,10,9,26,12,14,26,12,14,7,2,5,3,1,2,1,0,1,0,0,0,0,0,0,14,14,6,3,3,2,0,0,0,8,7,1,1,6,0,3,0
533814984,1,,533814981,42,22,20,5,3,2,46,22,24,23,11,12,45,22,23,44,22,22,23,11,12,12,5,7,6,4,2,1,1,0,0,0,0,14,14,3,6,3,4,1,1,0,15,9,6,2,13,0,2,4
533815001,2,533815553,,3,2,1,*,*,*,*,*,*,*,*,*,*,*,*,*,*,*,*,*,*,*,*,*,*,*,*,*,*,*,*,*,*,2,2,*,*,*,*,*,*,*,*,*,*,*,*,*,*,*
533815003,2,533815553,,3,2,1,*,*,*,*,*,*,*,*,*,*,*,*,*,*,*,*,*,*,*,*,*,*,*,*,*,*,*,*,*,*,2,2,*,*,*,*,*,*,*,*,*,*,*,*,*,*,*
533815373,2,533815471,,16,9,7,*,*,*,*,*,*,*,*,*,*,*,*,*,*,*,*,*,*,*,*,*,*,*,*,*,*,*,*,*,*,9,9,*,*,*,*,*,*,*,*,*,*,*,*,*,*,*
533815393,2,533815491,,2,1,1,*,*,*,*,*,*,*,*,*,*,*,*,*,*,*,*,*,*,*,*,*,*,*,*,*,*,*,*,*,*,1,1,*,*,*,*,*,*,*,*,*,*,*,*,*,*,*
533815462,0,,,31,18,13,2,1,1,29,17,12,14,9,5,29,17,12,29,17,12,15,8,7,4,3,1,0,0,0,0,0,0,0,0,0,18,18,9,6,2,1,0,0,0,9,8,1,0,9,0,2,4
533815471,1,,533815373;533815474,8,4,4,0,0,0,12,7,5,6,4,2,12,7,5,12,7,5,6,3,3,4,2,2,0,0,0,0,0,0,0,0,0,3,3,2,9,1,1,0,0,0,5,4,1,0,4,0,0,2
533815474,2,533815471,,3,2,1,*,*,*,*,*,*,*,*,*,*,*,*,*,*,*,*,*,*,*,*,*,*,*,*,*,*,*,*,*,*,1,1,*,*,*,*,*,*,*,*,*,*,*,*,*,*,*
533815482,2,533815491,,1,1,0,*,*,*,*,*,*,*,*,*,*,*,*,*,*,*,*,*,*,*,*,*,*,*,*,*,*,*,*,*,*,1,1,*,*,*,*,*,*,*,*,*,*,*,*,*,*,*
533815491,1,,533815393;533815482,41,22,19,3,3,0,41,21,20,18,8,10,41,21,20,41,21,20,23,13,10,13,7,6,1,1,0,0,0,0,0,0,0,22,22,9,12,2,0,1,0,0,14,13,1,1,17,0,7,5
533815493,0,,,48,25,23,7,5,2,41,20,21,23,11,12,41,20,21,41,20,21,18,9,9,8,6,2,0,0,0,0,0,0,0,0,0,20,20,1,13,3,3,0,0,0,19,19,0,0,10,0,0,6
533815544,2,533815553,,5,3,2,*,*,*,*,*,*,*,*,*,*,*,*,*,*,*,*,*,*,*,*,*,*,*,*,*,*,*,*,*,*,4,4,*,*,*,*,*,*,*,*,*,*,*,*,*,*,*
533815553,1,,533815001;533815003;533815544;533815554,13,9,4,0,0,0,29,19,10,12,8,4,29,19,10,29,19,10,17,11,6,3,2,1,0,0,0,0,0,0,0,0,0,9,9,11,9,0,0,0,0,0,9,9,0,0,12,0,7,5
533815554,2,533815553,,5,3,2,*,*,*,*,*,*,*,*,*,*,*,*,*,*,*,*,*,*,*,*,*,*,*,*,*,*,*,*,*,*,3,3,*,*,*,*,*,*,*,*,*,*,*,*,*,*,*
533815572,0,,,96,46,50,0,0,0,77,36,41,33,11,22,76,36,40,76,36,40,44,25,19,14,7,7,2,0,2,0,0,0,1,1,0,52,52,15,31,5,1,0,0,0,32,30,2,0,28,0,5,17
533815581,0,,,59,29,30,6,3,3,53,26,27,26,12,14,53,26,27,53,26,27,27,14,13,10,4,6,1,0,1,0,0,0,0,0,0,30,30,9,17,2,1,0,1,0,21,20,1,2,19,0,7,8
533815654,1,,533815663,18,9,9,3,1,2,18,10,8,14,8,6,16,9,7,16,9,7,4,2,2,1,1,0,0,0,0,0,0,0,0,0,0,6,6,1,3,3,0,1,0,0,7,7,0,1,2,0,0,2
533815663,2,533815654,,3,2,1,*,*,*,*,*,*,*,*,*,*,*,*,*,*,*,*,*,*,*,*,*,*,*,*,*,*,*,*,*,*,2,2,*,*,*,*,*,*,*,*,*,*,*,*,*,*,*
533815671,1,,533815672,41,23,18,4,1,3,41,24,17,23,16,7,40,23,17,40,23,17,18,8,10,3,2,1,0,0,0,0,0,0,0,0,0,16,16,5,5,6,3,0,0,0,13,13,0,1,11,0,2,3
533815672,2,533815671,,4,2,2,*,*,*,*,*,*,*,*,*,*,*,*,*,*,*,*,*,*,*,*,*,*,*,*,*,*,*,*,*,*,3,3,*,*,*,*,*,*,*,*,*,*,*,*,*,*,*
533815734,0,,,4,4,0,0,0,0,4,4,0,1,1,0,4,4,0,4,4,0,3,3,0,0,0,0,0,0,0,0,0,0,0,0,0,4,4,4,0,0,0,0,0,0,0,0,0,0,3,0,3,0
533815741,0,,,74,33,41,4,1,3,70,32,38,37,16,21,70,32,38,70,32,38,33,16,17,13,4,9,2,0,2,0,0,0,1,1,0,38,38,14,14,8,2,0,0,0,23,21,2,0,25,0,10,7
533815751,0,,,38,20,18,3,3,0,35,17,18,18,8,10,33,16,17,33,16,17,17,9,8,10,6,4,0,0,0,0,0,0,1,1,0,17,17,3,10,2,1,1,0,0,14,11,3,0,11,0,2,5
533815752,0,,,74,36,38,3,1,2,71,35,36,45,22,23,69,34,35,67,34,33,26,13,13,16,8,8,3,2,1,0,0,0,0,0,0,34,34,13,11,4,4,1,1,0,20,16,4,0,18,0,4,7
533815753,2,533815754,,2,1,1,*,*,*,*,*,*,*,*,*,*,*,*,*,*,*,*,*,*,*,*,*,*,*,*,*,*,*,*,*,*,1,1,*,*,*,*,*,*,*,*,*,*,*,*,*,*,*
533815754,1,,533815753,179,93,86,14,8,6,167,86,81,82,42,40,165,86,79,162,83,79,85,44,41,39,19,20,20,10,10,5,2,3,1,0,1,71,71,14,26,17,12,2,1,0,56,41,15,5,52,0,10,17
533815761,0,,,102,47,55,6,2,4,96,45,51,61,31,30,93,43,50,91,42,49,35,14,21,16,3,13,7,2,5,2,0,2,0,0,0,39,39,9,11,8,9,1,1,0,30,21,9,1,25,0,4,3
533815762,2,533815764,,4,3,1,*,*,*,*,*,*,*,*,*,*,*,*,*,*,*,*,*,*,*,*,*,*,*,*,*,*,*,*,*,*,2,2,*,*,*,*,*,*,*,*,*,*,*,*,*,*,*
533815763,0,,,423,220,203,40,25,15,383,195,188,242,132,110,367,182,185,357,177,180,141,63,78,74,33,41,16,7,9,1,0,1,2,0,2,147,147,26,45,32,23,8,12,1,121,87,34,10,95,1,15,22
533815764,1,,533815762,142,70,72,25,13,12,121,60,61,80,41,39,117,58,59,116,57,59,41,19,22,16,8,8,4,1,3,1,0,1,0,0,0,48,48,7,15,12,11,2,2,1,43,35,8,5,28,0,5,7
533815771,0,,,19,10,9,0,0,0,16,9,7,9,5,4,14,8,6,14,8,6,7,4,3,1,0,1,0,0,0,0,0,0,2,1,1,10,10,2,7,1,0,0,0,0,7,7,0,0,4,0,0,4
533815772,2,533815774,,56,10,46,*,*,*,*,*,*,*,*,*,*,*,*,*,*,*,*,*,*,*,*,*,*,*,*,*,*,*,*,*,*,3,2,*,*,*,*,*,*,*,*,*,*,*,*,*,*,*
533815773,0,,,80,37,43,17,9,8,60,27,33,48,23,25,57,25,32,56,24,32,12,4,8,6,2,4,2,1,1,0,0,0,0,0,0,25,25,2,8,4,7,2,2,0,22,18,4,4,8,0,1,2
533815774,1,,533815772,189,96,93,41,22,19,204,84,120,115,58,57,199,83,116,197,81,116,89,26,63,65,15,50,45,8,37,11,0,11,8,3,5,65,65,15,18,10,15,4,3,2,52,43,9,11,25,4,3,9
533815781,2,533815783,,6,2,4,*,*,*,*,*,*,*,*,*,*,*,*,*,*,*,*,*,*,*,*,*,*,*,*,*,*,*,*,*,*,2,2,*,*,*,*,*,*,*,*,*,*,*,*,*,*,*
533815783,1,,533815781;533815784,44,23,21,5,2,3,50,25,25,32,17,15,50,25,25,49,24,25,18,8,10,3,2,1,1,0,1,0,0,0,0,0,0,20,20,8,4,7,2,2,0,0,14,11,3,1,12,2,2,3
533815784,2,533815783,,5,2,3,*,*,*,*,*,*,*,*,*,*,*,*,*,*,*,*,*,*,*,*,*,*,*,*,*,*,*,*,*,*,1,1,*,*,*,*,*,*,*,*,*,*,*,*,*,*,*
533815793,2,533815794,,2,1,1,*,*,*,*,*,*,*,*,*,*,*,*,*,*,*,*,*,*,*,*,*,*,*,*,*,*,*,*,*,*,1,1,*,*,*,*,*,*,*,*,*,*,*,*,*,*,*
533815794,1,,533815793,232,98,134,40,16,24,181,76,105,142,58,84,176,74,102,171,70,101,39,18,21,17,7,10,2,1,1,0,0,0,4,1,3,108,108,33,39,26,10,1,0,0,70,68,2,10,32,2,11,8
533815834,1,,533815924,32,13,19,4,1,3,36,14,22,17,7,10,36,14,22,36,14,22,19,7,12,17,6,11,3,3,0,0,0,0,0,0,0,11,11,1,9,1,2,2,0,0,14,9,5,0,11,0,0,4
533815841,2,533815843,,2,1,1,*,*,*,*,*,*,*,*,*,*,*,*,*,*,*,*,*,*,*,*,*,*,*,*,*,*,*,*,*,*,1,1,*,*,*,*,*,*,*,*,*,*,*,*,*,*,*
533815843,1,,533815841,144,67,77,15,2,13,131,66,65,71,39,32,128,64,64,126,62,64,60,27,33,23,9,14,11,4,7,1,0,1,0,0,0,49,49,5,19,13,5,5,2,1,45,29,16,0,39,0,3,11
533815852,0,,,74,37,37,3,1,2,71,36,35,36,18,18,69,34,35,67,33,34,35,18,17,19,9,10,4,2,2,2,0,2,0,0,0,31,31,10,10,4,4,2,1,0,21,17,4,0,23,0,8,6
533815861,0,,,134,62,72,12,8,4,122,54,68,77,32,45,117,53,64,116,53,63,45,22,23,25,10,15,4,0,4,0,0,0,2,0,2,46,46,8,9,16,7,4,2,0,37,24,13,3,31,0,5,5
533815862,0,,,66,35,31,10,6,4,56,29,27,41,19,22,53,29,24,51,28,23,15,10,5,4,3,1,1,1,0,0,0,0,0,0,0,22,22,3,5,5,7,2,0,0,19,15,4,2,12,0,2,4
533815871,0,,,91,46,45,15,9,6,76,37,39,55,32,23,72,36,36,68,35,33,21,5,16,14,4,10,7,2,5,1,0,1,3,3,0,31,30,9,7,2,10,1,1,0,20,17,3,2,8,4,1,1
533815872,0,,,234,106,128,35,16,19,199,90,109,130,61,69,196,90,106,191,88,103,69,29,40,42,14,28,16,2,14,2,0,2,0,0,0,71,71,7,20,15,17,3,4,5,64,43,21,8,47,0,4,10
533815874,0,,,52,26,26,6,3,3,46,23,23,25,12,13,45,22,23,45,22,23,21,11,10,12,6,6,4,2,2,0,0,0,0,0,0,19,19,2,9,2,4,2,0,0,17,13,4,0,14,0,2,5
533815881,0,,,206,95,111,42,16,26,164,79,85,114,57,57,158,74,84,151,71,80,50,22,28,15,4,11,5,0,5,0,0,0,0,0,0,65,65,6,19,17,13,5,3,2,59,46,13,12,33,1,3,10
533815882,0,,,14,6,8,0,0,0,14,6,8,10,4,6,14,6,8,11,6,5,4,2,2,1,0,1,0,0,0,0,0,0,0,0,0,12,12,10,2,0,0,0,0,0,2,2,0,0,3,2,2,1
533815883,0,,,343,165,178,75,36,39,268,129,139,197,94,103,252,122,130,248,118,130,71,35,36,33,15,18,8,3,5,2,1,1,1,0,1,118,118,10,40,33,24,8,3,0,108,98,10,14,46,0,4,17
533815884,0,,,74,28,46,7,5,2,67,23,44,30,14,16,63,22,41,61,22,39,37,9,28,33,7,26,23,4,19,6,3,3,0,0,0,16,15,2,4,2,6,1,0,0,13,12,1,2,5,0,0,1
533815891,2,533815892,,9,5,4,*,*,*,*,*,*,*,*,*,*,*,*,*,*,*,*,*,*,*,*,*,*,*,*,*,*,*,*,*,*,4,4,*,*,*,*,*,*,*,*,*,*,*,*,*,*,*
533815892,1,,533815891;533815893,44,18,26,8,3,5,53,25,28,36,17,19,52,24,28,51,23,28,17,8,9,7,4,3,0,0,0,0,0,0,0,0,0,16,16,6,5,6,3,3,0,0,17,16,1,3,11,0,4,3
533815893,2,533815892,,8,5,3,*,*,*,*,*,*,*,*,*,*,*,*,*,*,*,*,*,*,*,*,*,*,*,*,*,*,*,*,*,*,3,3,*,*,*,*,*,*,*,*,*,*,*,*,*,*,*
533815894,0,,,109,51,58,22,10,12,85,40,45,67,31,36,81,39,42,79,39,40,18,9,9,2,0,2,0,0,0,0,0,0,1,0,1,40,40,6,14,9,8,2,1,0,34,31,3,7,11,0,0,4
533815924,2,533815834,,8,2,6,*,*,*,*,*,*,*,*,*,*,*,*,*,*,*,*,*,*,*,*,*,*,*,*,*,*,*,*,*,*,4,4,*,*,*,*,*,*,*,*,*,*,*,*,*,*,*
533815941,0,,,51,27,24,7,4,3,44,23,21,25,15,10,44,23,21,44,23,21,19,8,11,10,4,6,6,2,4,0,0,0,0,0,0,16,16,2,3,5,3,2,1,0,14,9,5,2,12,0,2,3
533815981,0,,,54,26,28,8,3,5,46,23,23,34,16,18,44,22,22,44,22,22,12,7,5,6,4,2,2,1,1,0,0,0,3,3,0,26,26,9,9,5,3,0,0,0,17,16,1,5,8,1,3,3
533815982,0,,,192,99,93,27,14,13,165,85,80,105,54,51,156,79,77,154,79,75,60,31,29,30,15,15,6,3,3,2,1,1,4,4,0,77,77,19,30,11,10,3,3,1,57,50,7,5,38,3,8,12
533815983,0,,,40,18,22,1,0,1,39,18,21,21,10,11,38,18,20,38,18,20,18,8,10,8,2,6,4,1,3,0,0,0,0,0,0,20,20,6,8,6,0,0,0,0,14,14,0,1,14,0,5,3
533815984,0,,,98,48,50,10,7,3,88,41,47,63,31,32,83,39,44,81,38,43,25,10,15,11,4,7,4,0,4,0,0,0,0,0,0,39,39,11,8,13,3,4,0,0,28,21,7,3,18,1,3,2
533815991,0,,,575,299,276,158,85,73,417,214,203,368,186,182,402,204,198,399,202,197,49,28,21,16,6,10,7,3,4,0,0,0,3,1,2,190,190,18,56,46,48,18,3,1,171,158,13,54,36,0,3,12
533815992,0,,,342,168,174,56,32,24,275,127,148,219,104,115,257,122,135,247,119,128,56,23,33,29,9,20,12,4,8,1,0,1,2,1,1,122,122,26,34,21,28,9,2,2,94,78,16,14,37,5,4,11
533815993,0,,,668,341,327,118,62,56,548,277,271,421,214,207,528,267,261,517,260,257,127,63,64,44,21,23,12,5,7,0,0,0,2,1,1,243,243,34,94,49,39,22,2,3,207,187,20,37,87,4,11,33
533815994,0,,,680,345,335,115,57,58,534,265,269,405,212,193,517,255,262,498,245,253,129,53,76,74,25,49,32,8,24,5,2,3,10,8,2,270,269,101,50,55,43,16,3,1,166,141,25,44,64,22,12,12
533816072,0,,,39,22,17,4,3,1,35,19,16,24,15,9,35,19,16,35,19,16,11,4,7,7,2,5,2,0,2,0,0,0,0,0,0,13,13,2,3,4,3,0,0,1,11,7,4,2,8,0,1,0
533816073,2,533816074,,4,2,2,*,*,*,*,*,*,*,*,*,*,*,*,*,*,*,*,*,*,*,*,*,*,*,*,*,*,*,*,*,*,2,2,*,*,*,*,*,*,*,*,*,*,*,*,*,*,*
533816074,1,,533816073,244,121,123,32,22,10,216,101,115,145,75,70,209,97,112,205,95,110,71,26,45,46,17,29,15,2,13,1,0,1,2,1,1,77,77,11,19,18,18,9,2,2,67,44,23,11,43,2,3,8
533816081,0,,,230,117,113,30,13,17,200,104,96,144,76,68,197,103,94,191,102,89,56,28,28,20,7,13,4,2,2,0,0,0,27,14,13,88,88,29,16,17,17,5,3,1,59,44,15,11,40,2,10,9
533816083,0,,,34,15,19,7,4,3,27,11,16,19,9,10,26,10,16,26,10,16,8,2,6,3,0,3,1,0,1,0,0,0,0,0,0,10,10,1,2,1,5,0,1,0,9,5,4,1,5,0,1,0
533816172,0,,,184,81,103,18,8,10,166,73,93,104,50,54,161,71,90,161,71,90,62,23,39,39,15,24,11,4,7,1,0,1,0,0,0,64,64,12,19,15,8,5,3,2,52,37,15,7,46,0,12,9
533816173,0,,,39,19,20,3,1,2,35,18,17,28,16,12,34,18,16,34,18,16,7,2,5,3,1,2,0,0,0,0,0,0,0,0,0,18,18,8,4,2,3,1,0,0,10,9,1,3,6,0,4,1
533816174,0,,,536,270,266,60,26,34,476,244,232,325,181,144,460,239,221,447,232,215,151,63,88,81,34,47,29,12,17,2,1,1,22,19,3,179,179,37,43,40,29,14,9,7,139,96,43,19,93,13,9,20
533816181,0,,,14,8,6,3,2,1,11,6,5,9,6,3,10,5,5,10,5,5,2,0,2,1,0,1,1,0,1,0,0,0,3,3,0,6,6,3,0,1,2,0,0,0,3,2,1,1,1,3,0,0
533816183,0,,,47,24,23,7,3,4,40,21,19,22,13,9,39,20,19,38,19,19,18,8,10,5,4,1,1,0,1,0,0,0,1,0,1,25,25,13,5,5,1,1,0,0,12,11,1,0,13,1,6,4
533816184,0,,,54,27,27,9,5,4,45,22,23,29,15,14,45,22,23,44,21,23,16,7,9,7,2,5,2,2,0,0,0,0,0,0,0,14,14,0,4,3,1,3,3,0,14,7,7,4,11,0,0,2
533816191,0,,,31,15,16,3,0,3,28,15,13,12,6,6,27,15,12,26,15,11,16,9,7,9,5,4,6,3,3,0,0,0,0,0,0,10,10,0,6,2,0,0,1,1,10,8,2,0,9,0,0,5
533816192,1,,533816193;533816194,139,72,67,4,3,1,144,71,73,66,31,35,142,70,72,140,68,72,78,40,38,36,16,20,8,2,6,1,0,1,2,1,1,71,71,33,34,4,4,3,1,0,44,39,5,0,55,0,24,18
533816193,2,533816192,,4,2,2,*,*,*,*,*,*,*,*,*,*,*,*,*,*,*,*,*,*,*,*,*,*,*,*,*,*,*,*,*,*,2,2,*,*,*,*,*,*,*,*,*,*,*,*,*,*,*
533816194,2,533816192,,7,1,6,*,*,*,*,*,*,*,*,*,*,*,*,*,*,*,*,*,*,*,*,*,*,*,*,*,*,*,*,*,*,6,6,*,*,*,*,*,*,*,*,*,*,*,*,*,*,*
533816271,0,,,103,50,53,11,5,6,92,45,47,59,28,31,88,44,44,81,40,41,33,17,16,16,9,7,5,3,2,0,0,0,0,0,0,32,32,2,12,4,7,6,0,1,30,26,4,1,20,0,2,7
533816272,1,,533816274,97,49,48,7,5,2,95,46,49,61,31,30,90,42,48,88,42,46,34,15,19,14,5,9,8,4,4,1,1,0,1,0,1,30,30,3,8,8,3,7,2,0,28,15,13,1,23,0,2,4
533816273,0,,,106,56,50,28,16,12,78,40,38,53,28,25,76,38,38,75,37,38,25,12,13,8,3,5,5,2,3,0,0,0,0,0,0,33,33,6,8,5,6,5,1,2,27,19,8,5,17,0,3,6
533816274,2,533816272,,5,2,3,*,*,*,*,*,*,*,*,*,*,*,*,*,*,*,*,*,*,*,*,*,*,*,*,*,*,*,*,*,*,1,1,*,*,*,*,*,*,*,*,*,*,*,*,*,*,*
533816282,2,533816283,,8,3,5,*,*,*,*,*,*,*,*,*,*,*,*,*,*,*,*,*,*,*,*,*,*,*,*,*,*,*,*,*,*,6,6,*,*,*,*,*,*,*,*,*,*,*,*,*,*,*
533816283,1,,533816282;533816284,1,1,0,0,0,0,13,6,7,7,3,4,13,6,7,13,6,7,6,3,3,2,1,1,2,1,1,0,0,0,0,0,0,1,1,5,3,1,0,0,0,0,4,4,0,0,4,0,1,1
533816284,2,533816283,,5,2,3,*,*,*,*,*,*,*,*,*,*,*,*,*,*,*,*,*,*,*,*,*,*,*,*,*,*,*,*,*,*,2,2,*,*,*,*,*,*,*,*,*,*,*,*,*,*,*
533816354,0,,,66,31,35,15,5,10,51,26,25,38,20,18,47,23,24,45,23,22,13,6,7,6,3,3,2,1,1,1,0,1,3,1,2,21,21,5,4,1,6,4,1,0,16,13,3,3,9,0,3,1
533816363,0,,,34,17,17,2,1,1,32,16,16,26,14,12,31,16,15,31,16,15,6,2,4,2,0,2,0,0,0,0,0,0,0,0,0,14,14,2,6,4,2,0,0,0,12,12,0,0,6,0,1,0
533816364,0,,,668,353,315,202,113,89,466,240,226,457,237,220,441,224,217,435,221,214,9,3,6,2,1,1,0,0,0,0,0,0,52,26,26,218,218,12,65,60,62,17,1,1,206,202,4,70,7,0,1,3
533816372,2,533816373,,2,1,1,*,*,*,*,*,*,*,*,*,*,*,*,*,*,*,*,*,*,*,*,*,*,*,*,*,*,*,*,*,*,1,1,*,*,*,*,*,*,*,*,*,*,*,*,*,*,*
533816373,1,,533816372,1255,1055,200,86,45,41,1171,1011,160,1128,978,150,1163,1007,156,1134,980,154,43,33,10,4,2,2,2,0,2,0,0,0,49,31,18,1038,1038,924,50,36,22,6,0,1,115,111,4,36,36,462,24,8
533816374,0,,,15,6,9,5,1,4,10,5,5,4,2,2,10,5,5,10,5,5,6,3,3,1,0,1,1,0,1,0,0,0,0,0,0,5,5,1,2,0,0,2,0,0,4,3,1,0,4,0,1,1
533816381,2,533816382,,3,2,1,*,*,*,*,*,*,*,*,*,*,*,*,*,*,*,*,*,*,*,*,*,*,*,*,*,*,*,*,*,*,1,1,*,*,*,*,*,*,*,*,*,*,*,*,*,*,*
533816382,1,,533816381;533816383,45,23,22,11,7,4,132,52,80,34,18,16,130,52,78,128,50,78,98,34,64,86,28,58,66,22,44,12,1,11,2,2,0,14,14,2,5,3,6,0,1,1,16,11,5,2,9,0,1,1
533816383,2,533816382,,95,34,61,*,*,*,*,*,*,*,*,*,*,*,*,*,*,*,*,*,*,*,*,*,*,*,*,*,*,*,*,*,*,4,3,*,*,*,*,*,*,*,*,*,*,*,*,*,*,*
533816384,0,,,66,32,34,5,2,3,61,30,31,43,21,22,60,30,30,58,30,28,18,9,9,3,2,1,2,2,0,0,0,0,0,0,0,23,23,3,8,5,4,2,1,0,20,15,5,2,11,0,2,5
533816393,0,,,78,36,42,12,4,8,66,32,34,42,19,23,63,31,32,61,30,31,24,13,11,10,7,3,1,1,0,0,0,0,0,0,0,24,24,4,8,3,4,2,0,3,20,15,5,2,15,0,1,6
533816443,2,533816541,,5,4,1,*,*,*,*,*,*,*,*,*,*,*,*,*,*,*,*,*,*,*,*,*,*,*,*,*,*,*,*,*,*,1,1,*,*,*,*,*,*,*,*,*,*,*,*,*,*,*
533816444,2,533816541,,6,2,4,*,*,*,*,*,*,*,*,*,*,*,*,*,*,*,*,*,*,*,*,*,*,*,*,*,*,*,*,*,*,2,2,*,*,*,*,*,*,*,*,*,*,*,*,*,*,*
533816451,0,,,21,11,10,3,3,0,18,8,10,13,6,7,17,8,9,17,8,9,5,2,3,1,0,1,0,0,0,0,0,0,0,0,0,9,9,2,5,0,1,1,0,0,7,6,1,0,4,0,2,1
533816452,0,,,114,56,58,10,2,8,104,54,50,53,28,25,104,54,50,103,54,49,51,26,25,29,15,14,3,1,2,1,1,0,1,1,0,48,48,19,11,9,2,4,3,0,29,20,9,3,33,0,11,7
533816453,0,,,19,9,10,3,1,2,16,8,8,11,5,6,15,8,7,15,8,7,5,3,2,3,1,2,3,1,2,1,0,1,0,0,0,6,6,0,1,3,2,0,0,0,6,4,2,1,3,0,0,1
533816454,0,,,62,31,31,7,3,4,55,28,27,34,19,15,51,26,25,51,26,25,21,9,12,13,6,7,3,1,2,0,0,0,0,0,0,19,19,1,7,4,3,2,1,1,18,11,7,0,11,0,0,4
533816461,0,,,589,425,164,49,26,23,540,399,141,492,376,116,529,394,135,485,358,127,48,23,25,15,9,6,3,0,3,0,0,0,4,1,3,108,103,13,39,22,21,7,1,0,90,83,7,17,33,1,2,14
533816462,0,,,153,82,71,37,23,14,116,59,57,108,56,52,113,59,54,110,58,52,8,3,5,4,2,2,1,1,0,0,0,0,12,5,7,59,59,12,20,12,12,2,0,1,46,44,2,19,5,2,2,2
533816463,0,,,111,52,59,19,8,11,91,44,47,61,30,31,89,44,45,88,43,45,30,14,16,16,8,8,4,3,1,0,0,0,1,1,0,33,33,6,5,6,9,3,2,2,27,18,9,7,17,3,1,2
533816464,0,,,222,119,103,31,22,9,191,97,94,124,67,57,185,95,90,179,91,88,67,30,37,30,11,19,11,2,9,0,0,0,0,0,0,61,61,10,9,11,15,5,4,7,51,25,26,10,40,0,3,5
533816471,0,,,589,306,283,128,71,57,461,235,226,415,211,204,449,230,219,445,228,217,46,24,22,18,6,12,5,2,3,0,0,0,39,19,20,213,213,13,95,56,35,8,4,2,199,186,13,60,32,1,2,8
533816472,0,,,201,101,100,48,29,19,153,72,81,135,65,70,147,68,79,146,68,78,18,7,11,3,0,3,2,0,2,0,0,0,0,0,0,61,61,9,11,12,17,8,3,1,51,39,12,13,14,1,2,1
533816473,0,,,448,205,243,104,45,59,344,160,184,288,139,149,328,153,175,323,151,172,56,21,35,22,7,15,3,0,3,0,0,0,33,14,19,156,156,31,44,28,27,21,3,2,125,107,18,26,42,10,7,11
533816474,0,,,250,118,132,58,29,29,192,89,103,159,74,85,181,83,98,176,83,93,33,15,18,10,4,6,1,1,0,0,0,0,2,1,1,78,78,9,22,13,22,8,2,2,68,58,10,15,23,0,4,7
533816482,0,,,296,153,143,33,15,18,263,138,125,170,92,78,257,134,123,251,131,120,93,46,47,33,13,20,15,6,9,1,1,0,1,1,0,99,99,18,27,22,12,11,8,1,81,51,30,10,59,1,8,14
533816483,0,,,447,231,216,53,31,22,394,200,194,260,139,121,383,195,188,374,189,185,134,61,73,56,19,37,26,7,19,2,0,2,0,0,0,124,124,16,23,19,32,13,15,6,108,61,47,14,81,0,10,9
533816484,0,,,519,253,266,57,24,33,460,228,232,285,154,131,451,222,229,443,217,226,175,74,101,88,31,57,40,10,30,4,0,4,4,3,1,156,156,22,39,35,23,15,12,10,132,74,58,15,105,1,10,14
533816491,0,,,329,168,161,46,28,18,283,140,143,208,106,102,268,133,135,264,130,134,75,34,41,24,10,14,6,1,5,1,0,1,0,0,0,100,100,14,29,17,16,11,7,6,85,62,23,11,46,1,3,11
533816493,0,,,64,28,36,13,4,9,51,24,27,33,15,18,50,24,26,49,24,25,18,9,9,9,4,5,1,0,1,0,0,0,2,1,1,20,20,4,4,3,5,2,1,1,16,12,4,3,11,0,1,4
533816494,0,,,15,8,7,6,4,2,9,4,5,7,3,4,9,4,5,9,4,5,2,1,1,0,0,0,0,0,0,0,0,0,0,0,0,4,4,0,1,0,2,1,0,0,4,3,1,1,1,0,0,1
533816514,0,,,37,22,15,3,2,1,32,18,14,27,16,11,31,18,13,31,18,13,5,2,3,2,0,2,0,0,0,0,0,0,0,0,0,14,14,3,3,5,2,1,0,0,11,9,2,1,4,0,0,1
533816524,2,533816631,,3,2,1,*,*,*,*,*,*,*,*,*,*,*,*,*,*,*,*,*,*,*,*,*,*,*,*,*,*,*,*,*,*,1,1,*,*,*,*,*,*,*,*,*,*,*,*,*,*,*
533816534,0,,,86,41,45,13,4,9,72,36,36,44,23,21,69,34,35,68,33,35,28,13,15,17,8,9,3,2,1,0,0,0,0,0,0,31,31,7,9,6,6,1,1,1,24,18,6,1,17,0,3,5
533816541,1,,533816443;533816444,478,225,253,90,48,42,389,177,212,294,136,158,367,165,202,355,158,197,95,41,54,50,19,31,14,5,9,0,0,0,15,9,6,192,192,42,73,36,30,11,3,0,150,135,15,28,63,1,16,24
533816542,0,,,173,83,90,5,3,2,166,80,86,128,64,64,165,80,85,162,79,83,38,16,22,15,7,8,3,1,2,0,0,0,0,0,0,22,19,6,5,3,1,3,1,0,13,10,3,1,8,0,1,2
533816543,0,,,384,197,187,30,13,17,347,179,168,243,129,114,342,176,166,338,176,162,104,50,54,50,23,27,17,8,9,1,1,0,5,1,4,172,171,79,28,35,18,7,2,2,92,76,16,11,59,16,17,13
533816544,0,,,18,8,10,1,1,0,15,7,8,10,5,5,15,7,8,14,6,8,5,2,3,3,1,2,0,0,0,0,0,0,0,0,0,10,10,5,3,1,1,0,0,0,5,5,0,0,3,0,1,2
533816551,2,533816553,,2,1,1,*,*,*,*,*,*,*,*,*,*,*,*,*,*,*,*,*,*,*,*,*,*,*,*,*,*,*,*,*,*,1,1,*,*,*,*,*,*,*,*,*,*,*,*,*,*,*
533816552,0,,,25,11,14,3,0,3,22,11,11,12,5,7,22,11,11,22,11,11,10,6,4,4,2,2,2,0,2,0,0,0,3,1,2,18,18,13,3,2,0,0,0,0,5,5,0,0,9,0,7,1
533816553,1,,533816551,40,18,22,8,5,3,33,14,19,21,9,12,33,14,19,33,14,19,12,5,7,6,2,4,2,1,1,0,0,0,0,0,0,16,16,5,4,5,1,2,0,0,12,9,3,2,9,0,3,3
533816554,0,,,11,5,6,2,1,1,9,4,5,5,2,3,9,4,5,9,4,5,4,2,2,2,1,1,1,0,1,1,0,1,4,1,3,4,4,1,1,0,2,0,0,0,3,2,1,0,2,0,0,1
533816561,0,,,162,71,91,24,8,16,138,63,75,82,38,44,132,60,72,131,60,71,56,25,31,22,8,14,10,4,6,1,0,1,0,0,0,50,50,6,14,9,11,4,5,1,44,27,17,6,34,1,3,9
533816562,0,,,398,188,210,63,27,36,335,161,174,196,102,94,324,156,168,320,154,166,139,59,80,64,24,40,23,7,16,4,1,3,0,0,0,110,110,18,27,15,14,9,17,10,92,44,48,19,79,3,5,14
533816564,0,,,132,66,66,12,4,8,120,62,58,82,46,36,119,61,58,115,58,57,38,16,22,19,7,12,6,1,5,0,0,0,0,0,0,38,38,5,9,9,3,5,5,2,33,19,14,4,26,0,3,5
533816571,0,,,315,156,159,51,29,22,262,126,136,170,85,85,254,118,136,247,116,131,92,41,51,50,21,29,16,6,10,3,0,3,9,4,5,103,103,17,29,25,14,6,7,5,85,55,30,16,57,2,5,11
533816572,0,,,76,37,39,6,4,2,70,33,37,44,24,20,69,32,37,66,30,36,26,9,17,13,3,10,6,1,5,1,0,1,0,0,0,25,25,2,11,3,4,3,2,0,22,15,7,0,17,0,0,7
533816574,1,,533816671;533816672;533816681,23,12,11,12,6,6,31,15,16,28,13,15,30,15,15,30,15,15,3,2,1,2,1,1,1,1,0,0,0,0,1,1,0,8,8,1,6,2,2,2,1,0,13,11,2,2,3,0,1,0
533816581,0,,,417,207,210,66,34,32,349,173,176,232,120,112,333,166,167,331,165,166,117,53,64,61,30,31,22,10,12,4,2,2,10,4,6,126,126,19,29,25,27,13,5,8,107,71,36,20,71,0,8,7
533816582,0,,,358,175,183,44,23,21,314,152,162,206,103,103,301,145,156,295,142,153,108,49,59,45,18,27,14,4,10,0,0,0,0,0,0,112,112,9,32,28,25,10,5,3,103,76,27,12,67,0,5,14
533816583,0,,,43,26,17,7,5,2,36,21,15,24,14,10,36,21,15,36,21,15,12,7,5,4,1,3,0,0,0,0,0,0,0,0,0,15,15,2,5,3,3,2,0,0,13,12,1,2,7,0,0,3
533816584,0,,,126,64,62,19,12,7,107,52,55,71,36,35,107,52,55,106,52,54,36,16,20,13,5,8,6,1,5,0,0,0,0,0,0,34,34,3,4,14,3,3,4,3,31,13,18,3,21,0,1,1
533816591,0,,,188,101,87,22,11,11,165,90,75,129,71,58,154,83,71,149,80,69,36,19,17,11,4,7,5,2,3,0,0,0,1,0,1,64,64,11,15,17,12,7,1,1,53,45,8,6,24,0,3,5
533816592,0,,,24,16,8,6,5,1,18,11,7,15,9,6,15,9,6,14,9,5,3,2,1,3,2,1,1,1,0,0,0,0,4,3,1,7,7,1,2,0,2,1,1,0,5,5,0,2,2,0,1,1
533816593,0,,,37,17,20,11,5,6,26,12,14,18,9,9,25,11,14,25,11,14,8,3,5,5,3,2,0,0,0,0,0,0,0,0,0,14,14,3,4,2,5,0,0,0,11,11,0,2,6,0,3,2
533816604,2,533816704,,3,2,1,*,*,*,*,*,*,*,*,*,*,*,*,*,*,*,*,*,*,*,*,*,*,*,*,*,*,*,*,*,*,1,1,*,*,*,*,*,*,*,*,*,*,*,*,*,*,*
533816612,0,,,34,19,15,6,3,3,28,16,12,22,13,9,27,15,12,25,14,11,6,3,3,2,1,1,0,0,0,0,0,0,0,0,0,13,13,2,5,2,4,0,0,0,11,11,0,1,4,0,0,2
533816621,0,,,129,67,62,14,8,6,88,48,40,74,42,32,88,48,40,87,47,40,14,6,8,6,2,4,3,1,2,0,0,0,0,0,0,54,54,13,20,14,3,3,0,1,31,30,1,8,10,2,4,4
533816622,0,,,19,10,9,1,0,1,18,10,8,12,7,5,18,10,8,17,9,8,6,3,3,3,2,1,0,0,0,0,0,0,0,0,0,9,9,0,8,1,0,0,0,0,9,9,0,0,3,0,0,3
533816623,0,,,745,232,513,4,1,3,741,231,510,605,204,401,735,229,506,286,104,182,136,27,109,116,18,98,86,10,76,29,0,29,5,3,2,39,34,3,17,8,6,0,0,0,31,30,1,1,14,0,1,9
533816624,0,,,828,384,444,90,44,46,716,329,387,505,244,261,681,308,373,662,301,361,211,85,126,105,36,69,23,5,18,1,1,0,2,1,1,336,336,79,118,70,53,10,3,3,253,223,30,23,153,4,40,42
533816631,1,,533816524,125,58,67,21,12,9,107,48,59,78,37,41,101,44,57,99,42,57,29,11,18,10,4,6,4,1,3,0,0,0,0,0,0,43,43,3,16,13,8,2,2,0,41,38,3,7,20,0,3,6
533816632,0,,,590,280,310,52,31,21,526,241,285,258,134,124,515,235,280,511,232,279,268,107,161,162,53,109,87,21,66,19,3,16,1,0,1,185,184,42,55,41,22,11,10,3,141,102,39,16,113,3,17,25
533816633,0,,,583,261,322,73,37,36,478,206,272,277,132,145,460,194,266,452,188,264,201,74,127,111,35,76,48,14,34,6,0,6,14,7,7,247,246,90,69,42,31,10,3,1,147,126,21,24,126,2,51,28
533816634,0,,,618,321,297,78,43,35,507,262,245,349,196,153,494,254,240,483,248,235,158,66,92,78,31,47,24,9,15,1,0,1,5,0,5,251,251,82,70,38,37,15,5,4,167,135,32,23,112,4,26,24
533816641,0,,,416,205,211,68,36,32,336,165,171,234,119,115,328,160,168,322,157,165,102,46,56,46,18,28,13,5,8,0,0,0,1,0,1,164,164,55,40,26,23,12,5,3,106,82,24,24,66,9,11,22
533816642,0,,,99,53,46,8,2,6,83,45,38,64,36,28,79,41,38,77,40,37,19,9,10,7,4,3,0,0,0,0,0,0,0,0,0,47,47,17,17,8,4,0,0,1,29,28,1,3,13,1,2,5
533816643,0,,,800,369,431,128,55,73,662,311,351,461,217,244,636,295,341,620,287,333,201,94,107,85,41,44,19,6,13,1,0,1,11,2,9,316,315,73,110,62,48,11,9,2,236,208,28,36,133,8,30,45
533816644,0,,,131,66,65,18,9,9,105,53,52,87,45,42,100,52,48,100,52,48,18,8,10,5,2,3,4,2,2,0,0,0,0,0,0,56,56,17,18,9,10,1,1,0,38,34,4,7,12,3,2,4
533816651,0,,,264,113,151,20,10,10,218,100,118,155,68,87,210,98,112,207,98,109,63,32,31,20,9,11,7,2,5,1,0,1,5,0,5,137,137,75,26,14,17,3,2,0,61,54,7,4,45,11,17,9
533816653,0,,,309,150,159,29,13,16,272,134,138,175,88,87,261,129,132,257,128,129,97,46,51,43,20,23,9,5,4,0,0,0,3,1,2,123,123,27,46,22,18,8,2,0,94,81,13,8,64,0,11,25
533816671,2,533816574,,2,1,1,*,*,*,*,*,*,*,*,*,*,*,*,*,*,*,*,*,*,*,*,*,*,*,*,*,*,*,*,*,*,1,1,*,*,*,*,*,*,*,*,*,*,*,*,*,*,*
533816672,2,533816574,,6,3,3,*,*,*,*,*,*,*,*,*,*,*,*,*,*,*,*,*,*,*,*,*,*,*,*,*,*,*,*,*,*,2,2,*,*,*,*,*,*,*,*,*,*,*,*,*,*,*
533816681,2,533816574,,12,5,7,*,*,*,*,*,*,*,*,*,*,*,*,*,*,*,*,*,*,*,*,*,*,*,*,*,*,*,*,*,*,3,3,*,*,*,*,*,*,*,*,*,*,*,*,*,*,*
533816701,2,533816703,,4,3,1,*,*,*,*,*,*,*,*,*,*,*,*,*,*,*,*,*,*,*,*,*,*,*,*,*,*,*,*,*,*,2,2,*,*,*,*,*,*,*,*,*,*,*,*,*,*,*
533816703,1,,533816701,295,135,160,56,21,35,236,114,122,215,104,111,224,109,115,219,107,112,21,10,11,7,4,3,1,0,1,0,0,0,2,1,1,145,145,63,43,22,13,5,0,1,80,79,1,21,14,15,1,5
533816704,1,,533816604,66,35,31,12,8,4,57,29,28,47,25,22,56,28,28,53,27,26,10,4,6,4,2,2,0,0,0,0,0,0,0,0,0,26,26,9,5,5,5,3,0,0,18,16,2,3,7,4,0,0
533816721,0,,,282,137,145,25,12,13,233,111,122,177,90,87,223,104,119,220,102,118,56,21,35,45,16,29,29,8,21,5,1,4,3,1,2,137,137,65,31,19,15,5,1,1,67,60,7,12,52,3,38,2
533816722,0,,,990,505,485,141,71,70,802,404,398,557,290,267,785,396,389,775,390,385,245,114,131,113,53,60,30,15,15,0,0,0,11,6,5,420,420,136,129,69,57,18,8,3,278,247,31,33,165,10,40,67
533816723,0,,,194,87,107,13,5,8,176,79,97,86,48,38,171,76,95,169,75,94,90,31,59,61,17,44,31,5,26,9,0,9,4,3,1,71,70,33,12,15,8,1,1,0,36,31,5,4,27,6,7,6
533816724,0,,,923,470,453,124,67,57,721,358,363,523,260,263,709,350,359,691,342,349,198,98,100,69,29,40,21,8,13,0,0,0,9,5,4,444,444,199,109,72,43,14,5,2,238,215,23,42,135,28,38,45
533816731,0,,,767,368,399,69,40,29,682,317,365,426,216,210,660,309,351,653,304,349,256,101,155,143,47,96,46,12,34,6,0,6,8,4,4,346,346,136,104,45,32,19,5,5,208,170,38,23,187,6,72,44
533816732,0,,,720,364,356,83,37,46,623,319,304,443,242,201,600,310,290,592,303,289,180,77,103,109,40,69,43,13,30,2,0,2,7,2,5,307,307,101,85,54,53,10,3,1,206,176,30,24,121,20,22,36
533816733,0,,,990,473,517,100,44,56,839,403,436,574,286,288,810,387,423,799,381,418,265,117,148,139,57,82,23,7,16,0,0,0,12,5,7,472,472,194,136,70,50,18,4,0,276,241,35,27,181,32,39,62
533816734,0,,,1015,512,503,107,55,52,858,421,437,562,294,268,832,408,424,819,401,418,296,127,169,172,64,108,57,16,41,5,1,4,9,4,5,466,466,194,119,69,57,15,11,1,270,216,54,33,208,17,64,45
533816741,0,,,1112,566,546,124,65,59,945,476,469,654,344,310,915,461,454,894,451,443,291,132,159,169,76,93,43,14,29,2,0,2,32,15,17,487,487,177,131,90,54,27,5,3,302,253,49,34,185,26,37,47
533816742,0,,,425,216,209,78,44,34,339,169,170,240,122,118,328,164,164,321,162,159,99,47,52,42,18,24,13,2,11,1,1,0,2,1,1,158,157,35,58,24,22,11,5,2,121,110,11,20,51,1,5,23
533816743,0,,,688,336,352,101,60,41,557,264,293,406,202,204,537,258,279,529,253,276,151,62,89,82,31,51,15,2,13,1,0,1,9,4,5,280,280,87,72,61,37,16,4,3,190,161,29,29,102,8,23,25
533816744,0,,,514,251,263,66,35,31,436,213,223,317,160,157,419,206,213,412,203,209,119,53,66,52,24,28,16,8,8,2,1,1,9,6,3,205,204,54,63,34,41,10,2,0,146,125,21,12,78,11,13,25
533816751,0,,,414,209,205,51,29,22,360,179,181,237,122,115,345,174,171,338,170,168,123,57,66,55,27,28,11,4,7,1,0,1,4,1,3,150,150,23,52,37,23,9,3,3,125,105,20,11,83,0,12,25
533816752,0,,,123,61,62,13,6,7,110,55,55,75,40,35,105,54,51,102,52,50,35,15,20,20,8,12,5,1,4,0,0,0,4,1,3,43,43,6,18,5,10,1,1,2,37,31,6,5,23,0,3,7
533816753,0,,,570,283,287,57,30,27,507,249,258,328,168,160,489,241,248,482,235,247,179,81,98,100,46,54,29,14,15,2,1,1,1,1,0,206,206,42,62,46,27,18,9,2,163,119,44,9,127,0,21,30
533816754,0,,,160,82,78,23,12,11,129,66,63,93,48,45,121,62,59,120,61,59,36,18,18,10,5,5,2,0,2,0,0,0,2,2,0,53,53,10,13,13,7,5,3,2,41,34,7,5,23,2,3,8
533816763,2,533816764,,8,5,3,*,*,*,*,*,*,*,*,*,*,*,*,*,*,*,*,*,*,*,*,*,*,*,*,*,*,*,*,*,*,4,4,*,*,*,*,*,*,*,*,*,*,*,*,*,*,*
533816764,1,,533816763,4,3,1,0,0,0,11,7,4,9,6,3,10,6,4,9,5,4,2,1,1,0,0,0,0,0,0,0,0,0,0,0,0,1,1,1,2,1,1,0,0,0,4,4,0,0,1,0,0,0
533816801,0,,,178,97,81,33,20,13,139,74,65,121,63,58,131,73,58,127,70,57,18,11,7,7,5,2,3,2,1,0,0,0,2,1,1,75,75,27,20,10,10,7,1,0,48,44,4,7,10,5,2,3
533816802,0,,,753,384,369,123,62,61,603,309,294,509,270,239,585,296,289,563,281,282,94,39,55,34,12,22,11,2,9,1,0,1,10,5,5,370,370,199,57,48,47,13,3,3,171,150,21,39,61,78,14,14
533816803,0,,,607,318,289,136,69,67,458,241,217,399,214,185,443,237,206,431,228,203,59,27,32,22,9,13,7,1,6,0,0,0,4,3,1,233,233,79,39,45,46,17,4,3,150,134,16,37,46,11,15,7
533816804,0,,,716,370,346,132,58,74,573,304,269,468,258,210,552,293,259,543,291,252,105,46,59,38,15,23,8,1,7,1,0,1,22,15,7,312,312,125,74,42,51,10,7,3,181,158,23,39,70,44,11,24
533816811,0,,,300,140,160,32,12,20,261,123,138,163,80,83,249,117,132,243,114,129,98,43,55,57,21,36,25,10,15,3,1,2,7,5,2,94,92,33,21,20,15,2,0,1,57,51,6,9,20,11,6,3
533816812,0,,,39,19,20,3,2,1,36,17,19,23,11,12,33,15,18,33,15,18,13,6,7,2,2,0,0,0,0,0,0,0,1,0,1,16,16,3,8,2,1,2,0,0,13,10,3,1,8,1,1,3
533816813,0,,,466,249,217,57,33,24,399,209,190,315,168,147,381,202,179,346,180,166,84,41,43,34,18,16,6,4,2,0,0,0,7,3,4,227,227,107,53,27,29,10,1,0,118,107,11,19,55,36,11,16
533816814,0,,,257,124,133,23,11,12,226,110,116,154,76,78,212,102,110,205,99,106,72,34,38,32,14,18,6,1,5,0,0,0,3,0,3,101,101,28,29,18,17,5,4,0,73,61,12,5,45,2,9,13
533816821,0,,,72,36,36,14,9,5,58,27,31,36,17,19,57,26,31,56,25,31,22,10,12,7,2,5,0,0,0,0,0,0,0,0,0,27,27,3,14,4,3,2,0,1,23,22,1,5,14,0,1,7
533816822,0,,,876,437,439,83,45,38,719,349,370,504,249,255,696,337,359,680,331,349,215,100,115,100,44,56,28,12,16,2,0,2,13,6,7,401,401,160,105,69,45,14,7,1,231,193,38,22,141,18,30,42
533816823,0,,,445,243,202,21,13,8,414,220,194,300,165,135,403,214,189,389,205,184,114,55,59,50,25,25,9,4,5,0,0,0,13,8,5,272,272,167,64,26,10,1,1,3,104,95,9,6,79,72,24,30
533816824,0,,,643,317,326,86,40,46,533,264,269,370,198,172,517,255,262,509,252,257,163,66,97,92,37,55,21,9,12,3,1,2,18,6,12,286,286,102,85,49,32,12,6,0,181,156,25,25,110,16,24,33
533816831,0,,,892,434,458,103,59,44,739,347,392,501,242,259,721,335,386,702,328,374,238,105,133,145,64,81,41,23,18,0,0,0,6,2,4,384,384,126,113,73,51,12,6,3,250,208,42,40,159,18,31,41
533816832,0,,,910,431,479,66,32,34,801,378,423,478,238,240,784,372,412,769,366,403,323,140,183,171,64,107,64,20,44,9,2,7,4,1,3,378,378,115,115,69,50,21,6,2,258,191,67,17,215,5,50,48
533816833,0,,,1044,526,518,131,75,56,858,412,446,561,269,292,828,403,425,807,396,411,297,143,154,174,80,94,53,19,34,1,0,1,11,5,6,435,433,127,139,82,61,19,5,0,297,253,44,37,188,5,36,69
533816834,0,,,1017,505,512,94,49,45,884,439,445,585,301,284,857,423,434,839,415,424,299,138,161,172,65,107,64,21,43,6,3,3,14,2,12,449,449,165,129,71,54,20,8,2,276,223,53,25,217,17,63,52
533816841,0,,,761,358,403,64,35,29,693,320,373,411,202,209,670,307,363,658,302,356,282,118,164,164,59,105,72,19,53,6,3,3,1,0,1,271,269,49,90,57,48,16,4,5,219,169,50,14,169,0,31,43
533816842,0,,,376,184,192,51,27,24,317,153,164,233,115,118,308,151,157,305,149,156,84,38,46,48,17,31,15,4,11,1,0,1,1,0,1,151,151,39,48,33,20,7,3,1,111,95,16,19,53,2,12,18
533816843,0,,,968,444,524,85,39,46,867,398,469,477,231,246,839,384,455,832,380,452,390,167,223,220,84,136,76,22,54,11,1,10,9,4,5,377,377,89,118,87,52,18,8,5,284,217,67,19,257,0,58,67
533816844,0,,,799,403,396,98,53,45,696,346,350,437,222,215,675,334,341,667,328,339,259,124,135,144,68,76,43,20,23,2,0,2,0,0,0,278,278,35,101,65,41,20,10,6,240,178,62,28,162,1,18,48
533816851,0,,,756,362,394,84,36,48,668,323,345,421,209,212,650,314,336,636,310,326,247,114,133,112,45,67,43,16,27,4,2,2,4,0,4,266,266,47,87,48,48,21,12,3,219,157,62,16,169,5,22,42
533816852,0,,,716,353,363,68,28,40,648,325,323,408,203,205,635,319,316,623,313,310,240,122,118,122,53,69,41,15,26,0,0,0,3,0,3,236,236,27,76,60,33,18,20,2,209,159,50,23,150,0,17,45
533816853,0,,,705,339,366,96,46,50,605,291,314,365,183,182,588,283,305,578,278,300,240,108,132,147,61,86,34,12,22,3,1,2,5,3,2,241,241,42,77,51,33,16,14,8,195,141,54,23,160,5,25,36
533816854,0,,,456,220,236,25,11,14,431,209,222,262,138,124,422,205,217,413,200,213,169,71,98,112,40,72,49,15,34,3,0,3,3,0,3,169,169,30,49,50,28,7,4,1,139,98,41,7,112,1,19,16
533816861,0,,,42,23,19,3,3,0,39,20,19,29,16,13,37,19,18,37,19,18,10,4,6,5,2,3,1,0,1,0,0,0,0,0,0,12,12,0,4,3,1,3,1,0,12,8,4,1,7,0,0,2
533816863,0,,,53,24,29,8,5,3,45,19,26,41,18,23,43,19,24,40,19,21,4,1,3,2,0,2,1,0,1,0,0,0,0,0,0,17,17,3,3,3,5,3,0,0,14,11,3,4,3,0,0,1
533816864,0,,,64,33,31,10,6,4,54,27,27,40,20,20,53,26,27,53,26,27,14,7,7,8,4,4,2,0,2,0,0,0,0,0,0,23,23,3,7,7,4,2,0,0,20,17,3,3,11,0,3,3
533816901,0,,,643,335,308,94,50,44,535,278,257,413,223,190,515,267,248,496,257,239,122,55,67,45,19,26,9,2,7,2,0,2,5,2,3,279,279,96,83,41,42,14,1,2,178,157,21,25,80,17,14,26
533816902,0,,,948,462,486,142,65,77,785,383,402,569,296,273,761,371,390,743,357,386,216,87,129,135,46,89,71,14,57,13,1,12,8,3,5,410,409,169,84,73,58,19,6,0,235,214,21,40,139,23,63,26
533816903,0,,,388,185,203,39,18,21,346,167,179,263,136,127,325,156,169,315,150,165,83,31,52,40,13,27,8,4,4,0,0,0,2,1,1,155,155,46,40,33,22,9,5,0,108,91,17,7,59,7,11,11
533816904,0,,,963,472,491,123,62,61,832,405,427,583,286,297,807,390,417,790,385,405,249,119,130,111,49,62,26,15,11,1,0,1,21,11,10,413,413,137,115,80,58,15,7,1,274,237,37,39,172,23,44,50
533816911,0,,,1227,594,633,186,99,87,1018,480,538,708,358,350,986,464,522,960,452,508,310,122,188,210,74,136,95,27,68,13,0,13,23,11,12,468,466,147,123,97,64,25,6,4,314,275,39,66,152,16,35,42
533816912,0,,,441,221,220,46,20,26,392,199,193,280,148,132,381,192,189,370,185,185,112,51,61,46,16,30,17,4,13,1,0,1,3,0,3,185,184,71,38,34,31,6,2,2,112,91,21,6,74,12,13,16
533816913,0,,,677,329,348,78,35,43,590,288,302,391,194,197,577,279,298,562,271,291,199,94,105,109,49,60,35,12,23,0,0,0,13,3,10,299,299,125,66,49,36,15,3,5,173,129,44,26,134,37,30,24
533816914,0,,,842,404,438,75,37,38,758,362,396,481,247,234,739,354,385,727,347,380,277,115,162,135,46,89,54,12,42,8,1,7,7,2,5,365,365,131,99,66,41,18,9,1,232,180,52,19,192,26,43,51
533816921,0,,,590,275,315,66,35,31,512,232,280,357,159,198,501,225,276,490,221,269,155,73,82,72,30,42,15,5,10,0,0,0,21,4,17,255,255,80,86,46,24,12,5,2,173,143,30,28,103,24,14,34
533816922,0,,,150,77,73,13,8,5,135,68,67,89,47,42,131,64,67,127,60,67,46,21,25,22,7,15,8,3,5,0,0,0,1,0,1,63,63,18,24,8,6,6,1,0,45,33,12,3,34,0,8,9
533816923,0,,,261,129,132,18,8,10,240,120,120,149,77,72,239,120,119,230,115,115,91,43,48,40,20,20,7,3,4,1,0,1,3,0,3,116,116,37,42,17,13,5,2,0,77,62,15,5,59,6,7,24
533816924,0,,,30,14,16,4,1,3,26,13,13,21,11,10,25,12,13,25,12,13,5,2,3,3,1,2,0,0,0,0,0,0,0,0,0,10,10,2,2,2,2,2,0,0,7,6,1,2,4,0,2,0
533816931,0,,,922,444,478,114,49,65,775,374,401,521,263,258,750,361,389,734,354,380,254,111,143,125,48,77,32,11,21,3,1,2,19,12,7,377,375,118,100,75,47,26,6,3,252,213,39,35,167,20,36,44
533816932,0,,,1017,502,515,110,63,47,874,420,454,536,271,265,854,407,447,840,398,442,338,149,189,169,68,101,65,23,42,5,2,3,11,2,9,484,484,190,151,77,44,15,6,1,288,242,46,31,237,10,83,65
533816933,0,,,783,410,373,85,43,42,692,362,330,401,217,184,680,354,326,666,346,320,291,145,146,135,58,77,44,18,26,4,2,2,34,33,1,316,316,82,112,53,44,15,3,7,234,195,39,23,187,32,28,70
533816934,0,,,836,425,411,84,51,33,739,367,372,434,228,206,726,357,369,716,352,364,305,139,166,151,61,90,54,16,38,6,0,6,2,1,1,329,329,85,105,59,50,20,7,3,243,197,46,26,203,1,47,48
533816941,0,,,1054,499,555,72,40,32,959,444,515,523,259,264,924,422,502,908,416,492,436,185,251,259,105,154,106,41,65,10,5,5,14,7,7,455,455,148,151,76,43,19,17,1,305,233,72,16,301,6,83,73
533816942,0,,,1037,532,505,136,63,73,884,454,430,593,319,274,852,439,413,840,435,405,291,135,156,170,75,95,59,25,34,6,1,5,4,1,3,405,405,114,114,75,63,22,13,4,290,227,63,33,188,19,34,52
533816943,0,,,739,362,377,65,35,30,673,326,347,408,207,201,651,314,337,642,307,335,265,119,146,147,57,90,46,14,32,2,0,2,9,2,7,289,288,75,90,59,37,17,9,1,212,163,49,14,180,3,45,44
533816944,0,,,999,471,528,86,43,43,899,418,481,510,272,238,876,411,465,860,402,458,389,146,243,248,74,174,118,23,95,21,0,21,5,1,4,346,344,70,124,68,54,14,10,4,267,216,51,18,204,7,34,54
533816951,0,,,568,276,292,74,35,39,493,240,253,326,167,159,474,227,247,468,224,244,167,73,94,95,40,55,19,8,11,2,1,1,0,0,0,200,200,39,59,44,31,12,12,3,161,124,37,20,108,1,21,26
533816952,0,,,843,426,417,79,39,40,749,379,370,458,240,218,727,365,362,714,357,357,291,139,152,165,69,96,62,23,39,4,1,3,1,0,1,287,287,51,75,70,44,32,10,5,233,152,81,14,193,1,28,38
533816953,0,,,467,233,234,62,36,26,405,197,208,280,141,139,384,186,198,376,184,192,125,56,69,68,29,39,18,4,14,2,0,2,2,1,1,173,173,33,57,39,23,17,2,2,139,119,20,23,79,1,13,28
533816954,0,,,364,182,182,48,24,24,311,156,155,229,119,110,295,146,149,288,142,146,82,37,45,34,15,19,12,7,5,1,0,1,0,0,0,139,139,38,33,39,15,7,4,3,101,87,14,10,50,9,7,16
533816961,0,,,655,319,336,84,37,47,571,282,289,384,196,188,556,275,281,546,268,278,187,86,101,83,30,53,35,9,26,1,0,1,3,2,1,216,216,31,56,57,42,16,7,7,183,131,52,21,127,1,14,26
533816962,0,,,864,411,453,75,36,39,782,371,411,485,247,238,749,354,395,738,351,387,297,124,173,155,56,99,51,18,33,2,1,1,1,0,1,301,300,48,88,73,62,16,7,6,247,175,72,20,196,3,25,40
533816963,0,,,707,343,364,91,46,45,616,297,319,388,195,193,597,289,308,590,284,306,228,102,126,124,48,76,46,15,31,4,0,4,1,0,1,242,241,41,70,60,43,11,12,4,200,157,43,27,133,2,17,38
533816964,0,,,260,131,129,22,11,11,238,120,118,143,75,68,233,118,115,230,116,114,95,45,50,55,23,32,17,5,12,2,1,1,1,0,1,93,93,16,30,22,15,5,2,3,76,52,24,5,61,0,11,18
533816971,0,,,96,43,53,9,5,4,87,38,49,53,22,31,81,36,45,79,36,43,34,16,18,10,2,8,2,0,2,0,0,0,0,0,0,36,36,6,15,7,3,3,2,0,30,24,6,3,24,0,5,7
533817003,2,533817004,,6,4,2,*,*,*,*,*,*,*,*,*,*,*,*,*,*,*,*,*,*,*,*,*,*,*,*,*,*,*,*,*,*,2,2,*,*,*,*,*,*,*,*,*,*,*,*,*,*,*
533817004,1,,533817003,20,10,10,1,0,1,25,14,11,15,9,6,24,13,11,23,12,11,10,5,5,2,1,1,1,1,0,0,0,0,0,0,0,10,10,3,6,2,0,1,0,0,9,9,0,0,6,0,2,4
533817013,1,,533817014,20,10,10,0,0,0,22,11,11,9,4,5,22,11,11,22,11,11,13,7,6,4,3,1,2,1,1,1,1,0,0,0,0,15,15,10,6,0,0,0,0,0,6,6,0,0,10,0,7,3
533817014,2,533817013,,2,1,1,*,*,*,*,*,*,*,*,*,*,*,*,*,*,*,*,*,*,*,*,*,*,*,*,*,*,*,*,*,*,1,1,*,*,*,*,*,*,*,*,*,*,*,*,*,*,*
533817021,2,533817022,,2,1,1,*,*,*,*,*,*,*,*,*,*,*,*,*,*,*,*,*,*,*,*,*,*,*,*,*,*,*,*,*,*,1,1,*,*,*,*,*,*,*,*,*,*,*,*,*,*,*
533817022,1,,533817021,132,59,73,8,3,5,125,56,69,73,30,43,123,55,68,123,55,68,52,26,26,18,7,11,6,4,2,0,0,0,3,1,2,71,71,29,32,7,1,2,1,0,42,36,6,3,39,1,17,13
533817023,0,,,96,51,45,12,7,5,84,44,40,49,27,22,80,42,38,80,42,38,35,17,18,16,9,7,3,3,0,0,0,0,0,0,0,24,24,1,4,5,5,3,5,1,23,10,13,3,21,0,0,2
533817024,0,,,43,20,23,8,5,3,35,15,20,24,11,13,32,14,18,31,14,17,11,4,7,3,2,1,1,1,0,0,0,0,0,0,0,13,13,3,2,1,3,3,1,0,10,6,4,1,7,0,1,2
533817033,0,,,34,17,17,2,1,1,32,16,16,22,11,11,32,16,16,32,16,16,10,5,5,4,3,1,3,2,1,0,0,0,0,0,0,23,23,16,5,0,2,0,0,0,7,7,0,1,7,8,4,3
533817034,0,,,118,56,62,10,5,5,104,49,55,82,37,45,103,48,55,99,47,52,22,12,10,7,3,4,1,0,1,1,0,1,1,1,0,83,83,67,6,4,3,3,0,0,15,14,1,2,17,41,9,3
533817101,2,533817102,,11,9,2,*,*,*,*,*,*,*,*,*,*,*,*,*,*,*,*,*,*,*,*,*,*,*,*,*,*,*,*,*,*,6,6,*,*,*,*,*,*,*,*,*,*,*,*,*,*,*
533817102,1,,533817101,77,40,37,4,2,2,84,47,37,38,21,17,83,46,37,82,45,37,46,26,20,24,12,12,9,6,3,0,0,0,3,1,2,46,46,25,22,2,2,1,0,0,23,21,2,2,33,0,14,13
533817111,0,,,14,7,7,0,0,0,14,7,7,13,6,7,13,7,6,13,7,6,1,1,0,0,0,0,0,0,0,0,0,0,0,0,0,7,7,4,1,1,0,1,0,0,3,2,1,0,1,2,0,0
533817112,0,,,30,14,16,1,0,1,29,14,15,23,12,11,27,14,13,26,13,13,6,2,4,3,1,2,1,0,1,0,0,0,0,0,0,6,6,0,2,0,0,1,1,2,5,2,3,1,3,0,0,0
533817114,0,,,68,34,34,12,6,6,56,28,28,40,20,20,55,28,27,55,28,27,16,8,8,3,1,2,1,0,1,0,0,0,8,4,4,28,28,10,5,8,3,1,0,1,17,12,5,3,12,3,2,4
533817121,0,,,254,128,126,30,13,17,224,115,109,140,79,61,215,110,105,211,108,103,84,36,48,41,15,26,15,4,11,3,2,1,0,0,0,77,77,11,20,16,12,7,7,4,66,38,28,9,48,0,4,6
533817122,0,,,34,16,18,9,6,3,25,10,15,18,8,10,22,9,13,22,9,13,7,2,5,5,1,4,2,0,2,0,0,0,0,0,0,11,11,1,3,3,3,0,1,0,10,8,2,2,5,0,0,2
533817123,0,,,134,65,69,24,13,11,110,52,58,70,31,39,106,51,55,106,51,55,40,21,19,14,9,5,5,2,3,1,0,1,1,0,1,48,48,8,16,11,8,2,2,1,40,32,8,9,23,0,2,8
533817124,0,,,33,18,15,4,2,2,29,16,13,14,8,6,27,14,13,27,14,13,15,8,7,5,3,2,0,0,0,0,0,0,0,0,0,9,9,1,2,3,0,0,2,1,8,4,4,1,9,0,1,0
533817131,0,,,17,10,7,2,1,1,15,9,6,10,6,4,15,9,6,15,9,6,5,3,2,1,0,1,0,0,0,0,0,0,0,0,0,12,12,9,2,0,1,0,0,0,3,3,0,1,5,2,5,0
533817132,2,533817134,,4,0,4,*,*,*,*,*,*,*,*,*,*,*,*,*,*,*,*,*,*,*,*,*,*,*,*,*,*,*,*,*,*,2,2,*,*,*,*,*,*,*,*,*,*,*,*,*,*,*
533817133,0,,,21,13,8,3,3,0,18,10,8,13,8,5,17,9,8,16,8,8,5,2,3,1,0,1,1,0,1,0,0,0,0,0,0,8,8,0,5,2,0,1,0,0,8,8,0,0,3,0,0,2
533817134,1,,533817132,31,15,16,4,1,3,31,14,17,18,8,10,30,14,16,29,13,16,13,6,7,5,2,3,4,1,3,0,0,0,0,0,0,9,9,1,2,5,1,1,1,0,10,5,5,1,8,0,0,1
533817221,2,533817223,,10,6,4,*,*,*,*,*,*,*,*,*,*,*,*,*,*,*,*,*,*,*,*,*,*,*,*,*,*,*,*,*,*,4,4,*,*,*,*,*,*,*,*,*,*,*,*,*,*,*
533817222,0,,,78,41,37,8,4,4,69,36,33,37,20,17,69,36,33,68,35,33,32,16,16,10,3,7,3,1,2,1,0,1,1,1,0,37,37,12,15,6,3,0,1,0,25,22,3,2,22,0,6,9
533817223,1,,533817221,1,1,0,3,3,0,8,4,4,6,3,3,8,4,4,8,4,4,2,1,1,1,0,1,0,0,0,0,0,0,0,0,0,1,1,2,2,0,0,1,0,0,3,3,0,1,2,0,1,1
533817224,0,,,25,15,10,0,0,0,22,14,8,12,8,4,22,14,8,22,14,8,10,6,4,3,1,2,1,0,1,0,0,0,1,0,1,19,19,13,6,0,0,0,0,0,6,6,0,0,9,0,5,2
533817232,2,533817234,,6,4,2,*,*,*,*,*,*,*,*,*,*,*,*,*,*,*,*,*,*,*,*,*,*,*,*,*,*,*,*,*,*,2,2,*,*,*,*,*,*,*,*,*,*,*,*,*,*,*
533817233,2,533817234,,1,1,0,*,*,*,*,*,*,*,*,*,*,*,*,*,*,*,*,*,*,*,*,*,*,*,*,*,*,*,*,*,*,1,1,*,*,*,*,*,*,*,*,*,*,*,*,*,*,*
533817234,1,,533817232;533817233;533817243;533817341,15,6,9,2,2,0,29,13,16,15,7,8,28,13,15,27,12,15,14,6,8,7,2,5,2,0,2,1,0,1,0,0,0,8,8,10,4,2,2,0,0,0,8,6,2,0,9,0,5,2
533817243,2,533817234,,2,1,1,*,*,*,*,*,*,*,*,*,*,*,*,*,*,*,*,*,*,*,*,*,*,*,*,*,*,*,*,*,*,2,2,*,*,*,*,*,*,*,*,*,*,*,*,*,*,*
533817331,1,,533817332,11,7,4,0,0,0,11,6,5,3,2,1,11,6,5,11,6,5,8,4,4,3,1,2,2,1,1,0,0,0,0,0,0,7,7,4,4,0,0,0,0,0,4,4,0,0,5,0,2,3
533817332,2,533817331,,1,0,1,*,*,*,*,*,*,*,*,*,*,*,*,*,*,*,*,*,*,*,*,*,*,*,*,*,*,*,*,*,*,1,1,*,*,*,*,*,*,*,*,*,*,*,*,*,*,*
533817341,2,533817234,,8,3,5,*,*,*,*,*,*,*,*,*,*,*,*,*,*,*,*,*,*,*,*,*,*,*,*,*,*,*,*,*,*,5,5,*,*,*,*,*,*,*,*,*,*,*,*,*,*,*
533817403,1,,533817501;533817502,91,18,73,5,1,4,95,21,74,20,9,11,92,18,74,92,18,74,75,12,63,63,8,55,44,4,40,12,1,11,0,0,0,13,12,2,10,2,2,0,0,0,14,14,0,2,8,0,2,4
533817404,0,,,11,5,6,2,1,1,9,4,5,5,2,3,9,4,5,9,4,5,4,2,2,0,0,0,0,0,0,0,0,0,0,0,0,5,5,2,1,1,1,0,0,0,3,3,0,1,3,0,1,1
533817501,2,533817403,,5,2,3,*,*,*,*,*,*,*,*,*,*,*,*,*,*,*,*,*,*,*,*,*,*,*,*,*,*,*,*,*,*,2,2,*,*,*,*,*,*,*,*,*,*,*,*,*,*,*
533817502,2,533817403,,4,2,2,*,*,*,*,*,*,*,*,*,*,*,*,*,*,*,*,*,*,*,*,*,*,*,*,*,*,*,*,*,*,2,2,*,*,*,*,*,*,*,*,*,*,*,*,*,*,*
533817651,2,533817761,,1,1,0,*,*,*,*,*,*,*,*,*,*,*,*,*,*,*,*,*,*,*,*,*,*,*,*,*,*,*,*,*,*,1,1,*,*,*,*,*,*,*,*,*,*,*,*,*,*,*
533817654,2,533817761,,2,1,1,*,*,*,*,*,*,*,*,*,*,*,*,*,*,*,*,*,*,*,*,*,*,*,*,*,*,*,*,*,*,1,1,*,*,*,*,*,*,*,*,*,*,*,*,*,*,*
533817761,1,,533817651;533817654;533817762,47,23,24,3,1,2,55,28,27,33,17,16,54,27,27,52,26,26,22,11,11,12,5,7,4,2,2,0,0,0,0,0,0,16,16,4,5,3,6,1,1,0,15,9,6,0,15,0,4,1
533817762,2,533817761,,8,4,4,*,*,*,*,*,*,*,*,*,*,*,*,*,*,*,*,*,*,*,*,*,*,*,*,*,*,*,*,*,*,2,2,*,*,*,*,*,*,*,*,*,*,*,*,*,*,*
533817763,0,,,20,10,10,3,3,0,17,7,10,10,6,4,17,7,10,17,7,10,7,1,6,6,1,5,4,1,3,0,0,0,0,0,0,7,7,1,2,3,0,0,1,0,6,3,3,0,6,0,1,0
533817764,0,,,78,43,35,9,4,5,69,39,30,47,27,20,67,38,29,65,37,28,22,12,10,11,6,5,4,2,2,0,0,0,0,0,0,24,24,3,5,7,4,3,1,1,21,12,9,4,15,1,1,1
533817861,2,533817862,,4,3,1,*,*,*,*,*,*,*,*,*,*,*,*,*,*,*,*,*,*,*,*,*,*,*,*,*,*,*,*,*,*,2,2,*,*,*,*,*,*,*,*,*,*,*,*,*,*,*
533817862,1,,533817861,20,11,9,2,2,0,22,12,10,10,4,6,22,12,10,22,12,10,12,8,4,5,2,3,2,1,1,0,0,0,0,0,0,9,9,3,5,2,0,1,0,0,8,7,1,1,8,0,3,3
533817871,0,,,14,6,8,2,1,1,12,5,7,3,1,2,12,5,7,12,5,7,9,4,5,5,2,3,2,2,0,1,1,0,0,0,0,7,7,5,1,0,0,0,0,1,2,1,1,0,6,0,4,1
533817872,0,,,22,10,12,1,0,1,21,10,11,12,6,6,20,9,11,20,9,11,9,4,5,5,2,3,1,0,1,1,0,1,0,0,0,6,6,0,2,1,2,0,0,1,6,3,3,0,5,0,0,2
533817873,2,533817874,,8,3,5,*,*,*,*,*,*,*,*,*,*,*,*,*,*,*,*,*,*,*,*,*,*,*,*,*,*,*,*,*,*,2,2,*,*,*,*,*,*,*,*,*,*,*,*,*,*,*
533817874,1,,533817873,43,22,21,10,6,4,41,19,22,27,13,14,38,18,20,38,18,20,14,6,8,6,3,3,4,2,2,0,0,0,1,0,1,12,12,1,4,4,2,0,1,2,13,7,6,1,10,0,0,0
533817981,1,,533817983,70,33,37,5,3,2,66,31,35,42,21,21,63,30,33,62,30,32,24,10,14,6,1,5,3,0,3,0,0,0,1,1,0,29,29,7,13,4,5,0,1,0,23,18,5,2,15,1,4,6
533817982,0,,,39,16,23,9,5,4,30,11,19,21,6,15,29,11,18,29,11,18,9,5,4,5,1,4,3,1,2,0,0,0,0,0,0,8,8,1,0,2,0,1,2,2,7,0,7,3,6,0,1,0
533817983,2,533817981,,1,1,0,*,*,*,*,*,*,*,*,*,*,*,*,*,*,*,*,*,*,*,*,*,*,*,*,*,*,*,*,*,*,1,1,*,*,*,*,*,*,*,*,*,*,*,*,*,*,*
533817984,0,,,78,43,35,2,1,1,76,42,34,41,25,16,73,39,34,71,38,33,35,17,18,16,7,9,2,0,2,1,0,1,0,0,0,34,34,11,13,4,4,1,0,1,23,15,8,1,24,0,7,8
533817991,0,,,12,5,7,0,0,0,12,5,7,6,3,3,11,4,7,11,4,7,6,2,4,2,0,2,1,0,1,0,0,0,0,0,0,5,5,2,2,0,0,0,1,0,2,1,1,0,5,0,2,1
533817993,0,,,88,40,48,6,2,4,82,38,44,60,29,31,79,38,41,79,38,41,22,9,13,11,3,8,5,0,5,1,0,1,1,0,1,28,28,2,10,7,3,4,1,1,26,16,10,2,15,0,1,2
533820011,2,533820212,,6,3,3,*,*,*,*,*,*,*,*,*,*,*,*,*,*,*,*,*,*,*,*,*,*,*,*,*,*,*,*,*,*,3,3,*,*,*,*,*,*,*,*,*,*,*,*,*,*,*
533820212,1,,533820011,6,3,3,0,0,0,12,6,6,3,1,2,12,6,6,12,6,6,9,5,4,3,1,2,2,1,1,1,1,0,0,0,0,2,2,0,3,2,0,0,0,0,5,3,2,0,4,0,0,2
533820323,0,,,10,6,4,0,0,0,10,6,4,3,2,1,10,6,4,10,6,4,7,4,3,6,3,3,2,1,1,0,0,0,0,0,0,5,5,1,3,1,0,0,0,0,4,4,0,0,5,0,1,2
533820363,2,533820461,,6,3,3,*,*,*,*,*,*,*,*,*,*,*,*,*,*,*,*,*,*,*,*,*,*,*,*,*,*,*,*,*,*,3,3,*,*,*,*,*,*,*,*,*,*,*,*,*,*,*
533820421,2,533820424,,29,27,2,*,*,*,*,*,*,*,*,*,*,*,*,*,*,*,*,*,*,*,*,*,*,*,*,*,*,*,*,*,*,27,1,*,*,*,*,*,*,*,*,*,*,*,*,*,*,*
533820422,2,533820424,,5,4,1,*,*,*,*,*,*,*,*,*,*,*,*,*,*,*,*,*,*,*,*,*,*,*,*,*,*,*,*,*,*,3,3,*,*,*,*,*,*,*,*,*,*,*,*,*,*,*
533820423,2,533820424,,3,1,2,*,*,*,*,*,*,*,*,*,*,*,*,*,*,*,*,*,*,*,*,*,*,*,*,*,*,*,*,*,*,2,2,*,*,*,*,*,*,*,*,*,*,*,*,*,*,*
533820424,1,,533820421;533820422;533820423,9,5,4,1,1,0,45,36,9,29,26,3,45,36,9,45,36,9,16,10,6,10,5,5,1,1,0,0,0,0,1,0,1,5,5,5,3,3,0,0,0,0,6,6,0,1,9,0,5,2
533820461,1,,533820363,10,5,5,3,2,1,13,6,7,6,2,4,13,6,7,13,6,7,7,4,3,4,2,2,2,0,2,1,0,1,2,2,0,5,5,3,3,1,1,0,0,0,5,4,1,2,6,0,3,1
533820522,2,533820524,,1,0,1,*,*,*,*,*,*,*,*,*,*,*,*,*,*,*,*,*,*,*,*,*,*,*,*,*,*,*,*,*,*,1,1,*,*,*,*,*,*,*,*,*,*,*,*,*,*,*
533820524,1,,533820522;533820533,12,4,8,0,0,0,15,4,11,0,0,0,15,4,11,15,4,11,15,4,11,8,2,6,4,1,3,1,0,1,0,0,0,7,7,3,6,0,0,0,0,0,6,5,1,0,9,0,3,4
533820533,2,533820524,,2,0,2,*,*,*,*,*,*,*,*,*,*,*,*,*,*,*,*,*,*,*,*,*,*,*,*,*,*,*,*,*,*,1,1,*,*,*,*,*,*,*,*,*,*,*,*,*,*,*
533820543,1,,533820544,13,8,5,0,0,0,16,9,7,7,3,4,16,9,7,15,9,6,9,6,3,5,3,2,1,1,0,0,0,0,2,0,2,8,8,3,5,1,0,0,0,0,6,6,0,0,6,0,1,4
533820544,2,533820543,,3,1,2,*,*,*,*,*,*,*,*,*,*,*,*,*,*,*,*,*,*,*,*,*,*,*,*,*,*,*,*,*,*,1,1,*,*,*,*,*,*,*,*,*,*,*,*,*,*,*
533820622,0,,,11,7,4,1,1,0,10,6,4,8,5,3,10,6,4,10,6,4,2,1,1,2,1,1,1,1,0,0,0,0,0,0,0,5,5,1,2,2,0,0,0,0,4,4,0,0,1,0,0,0
533820631,2,533820633,,7,3,4,*,*,*,*,*,*,*,*,*,*,*,*,*,*,*,*,*,*,*,*,*,*,*,*,*,*,*,*,*,*,4,4,*,*,*,*,*,*,*,*,*,*,*,*,*,*,*
533820632,2,533820634,,72,68,4,*,*,*,*,*,*,*,*,*,*,*,*,*,*,*,*,*,*,*,*,*,*,*,*,*,*,*,*,*,*,69,2,*,*,*,*,*,*,*,*,*,*,*,*,*,*,*
533820633,1,,533820631,59,28,31,1,0,1,65,31,34,23,13,10,65,31,34,64,31,33,42,18,24,27,10,17,12,3,9,2,0,2,2,2,0,33,33,17,12,7,1,0,0,0,20,19,1,1,31,0,14,6
533820634,1,,533820632,33,16,17,4,3,1,101,81,20,75,64,11,100,81,19,100,81,19,26,17,9,15,7,8,5,3,2,1,1,0,0,0,0,15,15,6,7,1,2,0,0,1,11,9,2,1,11,0,3,5
533820641,1,,533820642,43,17,26,1,0,1,44,18,26,9,3,6,43,18,25,43,18,25,35,15,20,19,6,13,4,0,4,0,0,0,0,0,0,25,25,10,14,1,1,0,0,0,16,15,1,0,23,0,9,10
533820642,2,533820641,,2,1,1,*,*,*,*,*,*,*,*,*,*,*,*,*,*,*,*,*,*,*,*,*,*,*,*,*,*,*,*,*,*,1,1,*,*,*,*,*,*,*,*,*,*,*,*,*,*,*
533820643,0,,,11,7,4,1,1,0,10,6,4,4,3,1,10,6,4,10,6,4,6,3,3,5,3,2,2,1,1,0,0,0,0,0,0,4,4,1,0,2,1,0,0,0,3,1,2,0,3,0,0,0
533820724,2,533820733,,5,3,2,*,*,*,*,*,*,*,*,*,*,*,*,*,*,*,*,*,*,*,*,*,*,*,*,*,*,*,*,*,*,1,1,*,*,*,*,*,*,*,*,*,*,*,*,*,*,*
533820731,1,,533820732;533820734,149,68,81,16,7,9,144,66,78,59,31,28,143,65,78,143,65,78,85,35,50,66,24,42,35,13,22,1,0,1,2,1,1,63,62,32,17,12,5,1,1,1,37,30,7,4,50,1,23,12
533820732,2,533820731,,5,2,3,*,*,*,*,*,*,*,*,*,*,*,*,*,*,*,*,*,*,*,*,*,*,*,*,*,*,*,*,*,*,4,4,*,*,*,*,*,*,*,*,*,*,*,*,*,*,*
533820733,1,,533820724,48,20,28,9,4,5,44,19,25,26,12,14,41,16,25,39,16,23,18,7,11,14,5,9,7,3,4,0,0,0,1,1,0,25,25,14,6,0,3,3,0,0,12,11,1,2,14,1,9,2
533820734,2,533820731,,6,3,3,*,*,*,*,*,*,*,*,*,*,*,*,*,*,*,*,*,*,*,*,*,*,*,*,*,*,*,*,*,*,3,3,*,*,*,*,*,*,*,*,*,*,*,*,*,*,*
533820743,1,,533820843,11,6,5,1,0,1,12,7,5,6,5,1,12,7,5,12,7,5,6,2,4,2,1,1,0,0,0,0,0,0,0,0,0,5,5,3,1,1,0,1,0,0,3,2,1,0,4,0,1,1
533820822,0,,,17,7,10,5,0,5,12,7,5,12,7,5,12,7,5,12,7,5,0,0,0,0,0,0,0,0,0,0,0,0,0,0,0,8,8,4,0,3,1,0,0,0,4,4,0,0,0,1,0,0
533820831,1,,533820832;533820834,24,14,10,2,1,1,25,15,10,18,11,7,25,15,10,25,15,10,7,4,3,4,2,2,1,1,0,0,0,0,0,0,0,14,14,9,4,2,1,0,0,0,7,6,1,0,5,3,1,2
533820832,2,533820831,,2,1,1,*,*,*,*,*,*,*,*,*,*,*,*,*,*,*,*,*,*,*,*,*,*,*,*,*,*,*,*,*,*,1,1,*,*,*,*,*,*,*,*,*,*,*,*,*,*,*
533820834,2,533820831,,1,1,0,*,*,*,*,*,*,*,*,*,*,*,*,*,*,*,*,*,*,*,*,*,*,*,*,*,*,*,*,*,*,1,1,*,*,*,*,*,*,*,*,*,*,*,*,*,*,*
533820843,2,533820743,,2,1,1,*,*,*,*,*,*,*,*,*,*,*,*,*,*,*,*,*,*,*,*,*,*,*,*,*,*,*,*,*,*,1,1,*,*,*,*,*,*,*,*,*,*,*,*,*,*,*
533820922,0,,,11,4,7,0,0,0,11,4,7,1,0,1,11,4,7,11,4,7,10,4,6,8,3,5,2,0,2,0,0,0,0,0,0,7,7,4,2,1,0,0,0,0,3,3,0,0,7,0,4,2
533820924,0,,,19,12,7,0,0,0,19,12,7,9,7,2,19,12,7,19,12,7,10,5,5,10,5,5,4,3,1,0,0,0,0,0,0,9,9,2,4,3,0,0,0,0,7,7,0,0,6,0,0,2
533820932,2,533820934,,2,1,1,*,*,*,*,*,*,*,*,*,*,*,*,*,*,*,*,*,*,*,*,*,*,*,*,*,*,*,*,*,*,1,1,*,*,*,*,*,*,*,*,*,*,*,*,*,*,*
533820933,2,533820934,,5,3,2,*,*,*,*,*,*,*,*,*,*,*,*,*,*,*,*,*,*,*,*,*,*,*,*,*,*,*,*,*,*,1,1,*,*,*,*,*,*,*,*,*,*,*,*,*,*,*
533820934,1,,533820932;533820933,10,4,6,1,0,1,16,8,8,8,4,4,16,8,8,15,7,8,8,4,4,6,3,3,2,2,0,0,0,0,0,0,0,4,4,0,3,2,0,1,0,0,6,5,1,0,4,0,0,3
533820941,2,533820943,,3,2,1,*,*,*,*,*,*,*,*,*,*,*,*,*,*,*,*,*,*,*,*,*,*,*,*,*,*,*,*,*,*,1,1,*,*,*,*,*,*,*,*,*,*,*,*,*,*,*
533820943,1,,533820941;533820944;533820953,6,3,3,0,0,0,15,8,7,10,4,6,15,8,7,14,8,6,5,4,1,2,1,1,2,1,1,0,0,0,0,0,0,3,3,1,4,2,0,0,0,0,6,6,0,0,4,0,0,4
533820944,2,533820943,,3,2,1,*,*,*,*,*,*,*,*,*,*,*,*,*,*,*,*,*,*,*,*,*,*,*,*,*,*,*,*,*,*,2,2,*,*,*,*,*,*,*,*,*,*,*,*,*,*,*
533820953,2,533820943,,3,1,2,*,*,*,*,*,*,*,*,*,*,*,*,*,*,*,*,*,*,*,*,*,*,*,*,*,*,*,*,*,*,1,1,*,*,*,*,*,*,*,*,*,*,*,*,*,*,*
533821872,2,533821881,,2,2,0,*,*,*,*,*,*,*,*,*,*,*,*,*,*,*,*,*,*,*,*,*,*,*,*,*,*,*,*,*,*,2,2,*,*,*,*,*,*,*,*,*,*,*,*,*,*,*
533821874,2,533821881,,2,2,0,*,*,*,*,*,*,*,*,*,*,*,*,*,*,*,*,*,*,*,*,*,*,*,*,*,*,*,*,*,*,2,2,*,*,*,*,*,*,*,*,*,*,*,*,*,*,*
533821881,1,,533821872;533821874,2,2,0,0,0,0,5,5,0,5,5,0,5,5,0,5,5,0,0,0,0,0,0,0,0,0,0,0,0,0,0,0,0,2,2,6,0,0,0,0,0,0,0,0,0,0,0,0,0,0
533822253,1,,533822351,27,12,15,0,0,0,29,12,17,4,3,1,29,12,17,29,12,17,25,9,16,19,6,13,11,5,6,0,0,0,0,0,0,16,16,9,8,0,1,0,0,0,9,6,3,0,18,0,9,5
533822344,2,533822442,,4,1,3,*,*,*,*,*,*,*,*,*,*,*,*,*,*,*,*,*,*,*,*,*,*,*,*,*,*,*,*,*,*,3,3,*,*,*,*,*,*,*,*,*,*,*,*,*,*,*
533822351,2,533822253,,2,0,2,*,*,*,*,*,*,*,*,*,*,*,*,*,*,*,*,*,*,*,*,*,*,*,*,*,*,*,*,*,*,2,2,*,*,*,*,*,*,*,*,*,*,*,*,*,*,*
533822442,1,,533822344,9,5,4,0,0,0,13,6,7,3,3,0,13,6,7,13,6,7,10,3,7,6,2,4,3,1,2,0,0,0,0,0,0,6,6,6,2,1,0,0,0,0,3,3,0,0,7,0,4,2
533822641,2,533822644,,2,1,1,*,*,*,*,*,*,*,*,*,*,*,*,*,*,*,*,*,*,*,*,*,*,*,*,*,*,*,*,*,*,1,1,*,*,*,*,*,*,*,*,*,*,*,*,*,*,*
533822643,2,533822644,,8,7,1,*,*,*,*,*,*,*,*,*,*,*,*,*,*,*,*,*,*,*,*,*,*,*,*,*,*,*,*,*,*,7,7,*,*,*,*,*,*,*,*,*,*,*,*,*,*,*
533822644,1,,533822641;533822643;533822741,8,4,4,1,0,1,24,15,9,17,11,6,24,15,9,24,15,9,7,4,3,1,1,0,0,0,0,0,0,0,5,1,4,6,6,18,2,1,0,0,0,0,3,3,0,1,6,5,5,1
533822741,2,533822644,,7,3,4,*,*,*,*,*,*,*,*,*,*,*,*,*,*,*,*,*,*,*,*,*,*,*,*,*,*,*,*,*,*,7,7,*,*,*,*,*,*,*,*,*,*,*,*,*,*,*
533822932,2,533822941,,6,3,3,*,*,*,*,*,*,*,*,*,*,*,*,*,*,*,*,*,*,*,*,*,*,*,*,*,*,*,*,*,*,4,4,*,*,*,*,*,*,*,*,*,*,*,*,*,*,*
533822941,1,,533822932,33,24,9,4,1,3,35,26,9,23,20,3,35,26,9,35,26,9,12,6,6,7,4,3,3,2,1,0,0,0,0,0,0,23,23,21,3,2,0,0,1,0,6,5,1,1,8,2,4,1
533823013,2,533823014,,1,0,1,*,*,*,*,*,*,*,*,*,*,*,*,*,*,*,*,*,*,*,*,*,*,*,*,*,*,*,*,*,*,1,1,*,*,*,*,*,*,*,*,*,*,*,*,*,*,*
533823014,1,,533823013;533823112;533823212,53,26,27,2,1,1,55,27,28,22,14,8,55,27,28,53,25,28,33,13,20,25,8,17,13,4,9,3,1,2,2,1,1,25,25,8,13,6,0,1,0,0,20,16,4,1,21,0,6,8
533823033,2,533823034,,6,3,3,*,*,*,*,*,*,*,*,*,*,*,*,*,*,*,*,*,*,*,*,*,*,*,*,*,*,*,*,*,*,3,3,*,*,*,*,*,*,*,*,*,*,*,*,*,*,*
533823034,1,,533823033,60,34,26,2,1,1,64,36,28,26,18,8,64,36,28,64,36,28,38,18,20,12,4,8,5,1,4,0,0,0,0,0,0,26,26,6,13,7,2,1,0,0,23,20,3,1,25,0,4,7
533823041,2,533823043,,3,2,1,*,*,*,*,*,*,*,*,*,*,*,*,*,*,*,*,*,*,*,*,*,*,*,*,*,*,*,*,*,*,1,1,*,*,*,*,*,*,*,*,*,*,*,*,*,*,*
533823043,1,,533823041;533823044,72,34,38,1,1,0,79,36,43,50,24,26,79,36,43,79,36,43,29,12,17,16,3,13,8,1,7,1,0,1,0,0,0,29,29,8,11,9,3,1,1,0,25,21,4,0,23,0,6,6
533823044,2,533823043,,5,1,4,*,*,*,*,*,*,*,*,*,*,*,*,*,*,*,*,*,*,*,*,*,*,*,*,*,*,*,*,*,*,3,3,*,*,*,*,*,*,*,*,*,*,*,*,*,*,*
533823052,0,,,12,7,5,2,2,0,9,4,5,4,2,2,8,3,5,8,3,5,5,2,3,1,0,1,1,0,1,0,0,0,0,0,0,6,6,3,2,0,0,1,0,0,3,3,0,0,4,0,2,1
533823061,0,,,36,20,16,0,0,0,36,20,16,17,11,6,36,20,16,36,20,16,19,9,10,15,8,7,6,2,4,2,0,2,0,0,0,16,16,4,7,3,1,1,0,0,12,8,4,0,12,0,3,2
533823071,0,,,139,72,67,13,8,5,123,63,60,73,42,31,120,62,58,119,61,58,50,21,29,27,8,19,8,2,6,0,0,0,0,0,0,53,53,14,17,8,7,5,1,1,38,31,7,2,36,0,12,10
533823072,0,,,99,51,48,14,7,7,85,44,41,53,28,25,81,42,39,78,40,38,32,16,16,15,6,9,3,2,1,0,0,0,0,0,0,42,42,15,11,8,4,3,0,1,26,24,2,2,26,0,12,6
533823074,0,,,112,58,54,8,4,4,104,54,50,44,24,20,104,54,50,103,54,49,60,30,30,35,19,16,17,8,9,0,0,0,0,0,0,50,50,14,17,13,5,1,0,0,35,31,4,1,39,0,11,10
533823082,2,533823083,,1,1,0,*,*,*,*,*,*,*,*,*,*,*,*,*,*,*,*,*,*,*,*,*,*,*,*,*,*,*,*,*,*,1,1,*,*,*,*,*,*,*,*,*,*,*,*,*,*,*
533823083,1,,533823082,29,15,14,2,2,0,28,14,14,12,7,5,27,13,14,26,12,14,16,7,9,6,4,2,2,1,1,0,0,0,0,0,0,13,13,5,5,2,1,1,0,0,9,8,1,0,12,0,5,3
533823093,0,,,32,18,14,2,0,2,30,18,12,10,6,4,30,18,12,30,18,12,20,12,8,15,9,6,6,4,2,1,1,0,0,0,0,17,17,8,6,0,3,0,0,0,9,7,2,0,15,0,6,5
533823112,2,533823014,,1,1,0,*,*,*,*,*,*,*,*,*,*,*,*,*,*,*,*,*,*,*,*,*,*,*,*,*,*,*,*,*,*,1,1,*,*,*,*,*,*,*,*,*,*,*,*,*,*,*
533823141,2,533823142,,3,1,2,*,*,*,*,*,*,*,*,*,*,*,*,*,*,*,*,*,*,*,*,*,*,*,*,*,*,*,*,*,*,1,1,*,*,*,*,*,*,*,*,*,*,*,*,*,*,*
533823142,1,,533823141;533823151;533823154,9,5,4,3,1,2,14,7,7,7,4,3,14,7,7,14,7,7,7,3,4,0,0,0,0,0,0,0,0,0,0,0,0,3,3,5,1,1,0,0,0,1,3,2,1,1,6,0,4,0
533823151,2,533823142,,3,1,2,*,*,*,*,*,*,*,*,*,*,*,*,*,*,*,*,*,*,*,*,*,*,*,*,*,*,*,*,*,*,2,2,*,*,*,*,*,*,*,*,*,*,*,*,*,*,*
533823154,2,533823142,,2,1,1,*,*,*,*,*,*,*,*,*,*,*,*,*,*,*,*,*,*,*,*,*,*,*,*,*,*,*,*,*,*,2,2,*,*,*,*,*,*,*,*,*,*,*,*,*,*,*
533823161,1,,533823162,11,6,5,0,0,0,16,7,9,5,3,2,16,7,9,16,7,9,11,4,7,6,2,4,3,0,3,1,0,1,0,0,0,5,5,1,4,1,1,0,0,0,6,6,0,0,7,0,1,3
533823162,2,533823161,,5,1,4,*,*,*,*,*,*,*,*,*,*,*,*,*,*,*,*,*,*,*,*,*,*,*,*,*,*,*,*,*,*,2,2,*,*,*,*,*,*,*,*,*,*,*,*,*,*,*
533823163,0,,,113,57,56,4,2,2,109,55,54,58,30,28,107,54,53,106,53,53,51,25,26,35,16,19,10,2,8,1,0,1,0,0,0,55,55,21,17,12,4,0,1,0,34,26,8,1,43,0,18,7
533823164,0,,,66,33,33,3,3,0,63,30,33,32,16,16,61,28,33,61,28,33,31,14,17,21,11,10,9,3,6,1,1,0,0,0,0,25,25,6,9,3,3,3,1,0,19,14,5,1,20,0,5,7
533823171,1,,533823172;533823173,14,7,7,1,1,0,23,10,13,13,6,7,23,10,13,23,10,13,10,4,6,5,2,3,1,0,1,1,0,1,0,0,0,7,7,6,2,2,2,0,0,0,6,5,1,1,9,0,6,1
533823172,2,533823171,,6,2,4,*,*,*,*,*,*,*,*,*,*,*,*,*,*,*,*,*,*,*,*,*,*,*,*,*,*,*,*,*,*,3,3,*,*,*,*,*,*,*,*,*,*,*,*,*,*,*
533823173,2,533823171,,4,2,2,*,*,*,*,*,*,*,*,*,*,*,*,*,*,*,*,*,*,*,*,*,*,*,*,*,*,*,*,*,*,2,2,*,*,*,*,*,*,*,*,*,*,*,*,*,*,*
533823181,0,,,53,21,32,7,1,6,46,20,26,22,10,12,45,20,25,45,20,25,24,10,14,13,4,9,7,2,5,0,0,0,0,0,0,25,25,12,6,3,2,0,2,0,13,10,3,1,18,0,7,4
533823182,1,,533823183,48,25,23,3,2,1,54,29,25,35,22,13,52,27,25,49,24,25,19,7,12,10,2,8,4,0,4,0,0,0,0,0,0,20,20,5,9,4,3,2,0,0,18,16,2,1,13,0,4,2
533823183,2,533823182,,9,6,3,*,*,*,*,*,*,*,*,*,*,*,*,*,*,*,*,*,*,*,*,*,*,*,*,*,*,*,*,*,*,3,3,*,*,*,*,*,*,*,*,*,*,*,*,*,*,*
533823184,0,,,11,5,6,0,0,0,11,5,6,2,1,1,11,5,6,11,5,6,9,4,5,6,2,4,1,0,1,0,0,0,0,0,0,6,6,2,3,1,0,0,0,0,4,3,1,0,6,0,2,3
533823191,0,,,11,4,7,0,0,0,11,4,7,3,2,1,11,4,7,11,4,7,8,2,6,7,2,5,3,0,3,1,0,1,0,0,0,6,6,2,3,1,0,0,0,0,4,4,0,0,6,0,2,1
533823212,2,533823014,,2,1,1,*,*,*,*,*,*,*,*,*,*,*,*,*,*,*,*,*,*,*,*,*,*,*,*,*,*,*,*,*,*,1,1,*,*,*,*,*,*,*,*,*,*,*,*,*,*,*
533823253,2,533823254,,6,2,4,*,*,*,*,*,*,*,*,*,*,*,*,*,*,*,*,*,*,*,*,*,*,*,*,*,*,*,*,*,*,4,4,*,*,*,*,*,*,*,*,*,*,*,*,*,*,*
533823254,1,,533823253,12,7,5,0,0,0,18,9,9,9,6,3,18,9,9,17,8,9,9,3,6,7,2,5,3,1,2,0,0,0,0,0,0,5,5,4,3,0,2,0,0,0,4,4,0,0,6,0,2,1
533823261,0,,,64,33,31,3,3,0,61,30,31,34,16,18,60,29,31,58,28,30,27,14,13,14,8,6,4,1,3,0,0,0,0,0,0,29,29,10,9,4,6,0,0,0,19,17,2,1,18,0,6,6
533823263,0,,,30,14,16,1,0,1,29,14,15,16,9,7,29,14,15,29,14,15,13,5,8,10,4,6,6,2,4,0,0,0,0,0,0,13,13,3,6,2,1,1,0,0,9,8,1,0,9,0,2,3
533823291,2,533823292,,3,2,1,*,*,*,*,*,*,*,*,*,*,*,*,*,*,*,*,*,*,*,*,*,*,*,*,*,*,*,*,*,*,2,2,*,*,*,*,*,*,*,*,*,*,*,*,*,*,*
533823292,1,,533823291,13,5,8,0,0,0,16,7,9,7,3,4,16,7,9,16,7,9,9,4,5,8,4,4,2,1,1,0,0,0,0,0,0,6,6,3,3,1,1,0,0,0,5,4,1,0,6,0,3,0
533823293,0,,,25,10,15,0,0,0,23,9,14,5,2,3,23,9,14,23,9,14,18,7,11,14,5,9,10,4,6,1,0,1,0,0,0,11,11,2,5,3,1,0,0,0,8,5,3,0,10,0,2,3
533823294,0,,,11,5,6,0,0,0,11,5,6,3,2,1,11,5,6,11,5,6,8,3,5,7,3,4,2,0,2,0,0,0,0,0,0,5,5,1,3,0,1,0,0,0,4,3,1,0,5,0,1,2
533823333,2,533823334,,9,6,3,*,*,*,*,*,*,*,*,*,*,*,*,*,*,*,*,*,*,*,*,*,*,*,*,*,*,*,*,*,*,3,3,*,*,*,*,*,*,*,*,*,*,*,*,*,*,*
533823334,1,,533823333,14,7,7,2,2,0,21,11,10,8,5,3,21,11,10,21,11,10,13,6,7,9,4,5,2,1,1,1,1,0,0,0,0,9,9,4,6,1,1,0,0,0,8,6,2,1,10,0,4,2
533823343,0,,,13,7,6,2,1,1,11,6,5,5,3,2,11,6,5,11,6,5,6,3,3,3,1,2,1,0,1,0,0,0,0,0,0,5,5,2,2,0,0,0,0,1,3,2,1,0,4,0,1,2
533823351,2,533823352,,3,2,1,*,*,*,*,*,*,*,*,*,*,*,*,*,*,*,*,*,*,*,*,*,*,*,*,*,*,*,*,*,*,2,2,*,*,*,*,*,*,*,*,*,*,*,*,*,*,*
533823352,1,,533823351,44,21,23,0,0,0,47,23,24,29,20,9,47,23,24,47,23,24,18,3,15,8,1,7,3,1,2,0,0,0,0,0,0,4,3,2,3,0,0,0,0,0,2,2,0,0,4,0,2,1
533823361,0,,,26,13,13,0,0,0,26,13,13,10,7,3,26,13,13,26,13,13,16,6,10,9,3,6,5,2,3,0,0,0,0,0,0,11,11,2,6,1,1,1,0,0,9,6,3,0,10,0,1,4
533823364,0,,,40,18,22,1,0,1,39,18,21,17,7,10,38,17,21,38,17,21,22,11,11,9,2,7,7,1,6,2,0,2,0,0,0,17,17,3,8,4,1,1,0,0,14,11,3,0,15,0,3,6
533823373,2,533823472,,2,1,1,*,*,*,*,*,*,*,*,*,*,*,*,*,*,*,*,*,*,*,*,*,*,*,*,*,*,*,*,*,*,1,1,*,*,*,*,*,*,*,*,*,*,*,*,*,*,*
533823382,0,,,39,23,16,5,3,2,34,20,14,14,10,4,34,20,14,34,20,14,20,10,10,12,8,4,2,1,1,1,0,1,1,0,1,15,15,3,6,2,3,0,1,0,12,10,2,0,12,0,2,4
533823383,0,,,25,12,13,1,1,0,24,11,13,9,4,5,23,11,12,23,11,12,15,7,8,8,2,6,3,1,2,1,0,1,0,0,0,13,13,5,6,0,2,0,0,0,7,7,0,0,11,0,4,3
533823384,0,,,12,7,5,2,2,0,10,5,5,4,3,1,10,5,5,10,5,5,6,2,4,1,0,1,0,0,0,0,0,0,3,3,0,6,6,2,3,0,1,0,0,0,4,4,0,0,4,0,1,2
533823392,2,533823394,,3,2,1,*,*,*,*,*,*,*,*,*,*,*,*,*,*,*,*,*,*,*,*,*,*,*,*,*,*,*,*,*,*,1,1,*,*,*,*,*,*,*,*,*,*,*,*,*,*,*
533823393,0,,,13,7,6,1,1,0,12,6,6,7,3,4,12,6,6,12,6,6,5,3,2,1,1,0,0,0,0,0,0,0,0,0,0,6,6,2,2,1,1,0,0,0,4,4,0,1,4,0,2,1
533823394,1,,533823392,75,46,29,1,1,0,75,46,29,39,30,9,72,44,28,68,40,28,36,16,20,21,8,13,11,3,8,2,0,2,0,0,0,37,37,18,11,4,2,2,0,1,20,13,7,0,26,3,9,4
533823431,1,,533823432;533823522,26,12,14,5,2,3,27,13,14,11,6,5,27,13,14,27,13,14,16,7,9,13,5,8,5,2,3,0,0,0,0,0,0,12,12,6,7,1,1,1,0,0,10,10,0,1,12,0,5,5
533823432,2,533823431,,4,2,2,*,*,*,*,*,*,*,*,*,*,*,*,*,*,*,*,*,*,*,*,*,*,*,*,*,*,*,*,*,*,3,3,*,*,*,*,*,*,*,*,*,*,*,*,*,*,*
533823441,1,,533823531,29,17,12,0,0,0,32,19,13,18,12,6,32,19,13,32,19,13,14,7,7,6,3,3,3,1,2,0,0,0,0,0,0,13,13,4,5,2,3,0,0,0,10,8,2,0,9,0,2,3
533823443,0,,,50,4,46,0,0,0,50,4,46,0,0,0,50,4,46,50,4,46,50,4,46,50,4,46,40,1,39,11,0,11,0,0,0,1,0,0,0,0,0,0,0,0,0,0,0,0,0,0,0,0
533823444,0,,,16,7,9,0,0,0,16,7,9,8,3,5,16,7,9,16,7,9,8,4,4,4,2,2,2,1,1,0,0,0,0,0,0,6,6,1,3,1,0,0,1,0,5,3,2,0,5,0,1,0
533823452,0,,,18,7,11,0,0,0,18,7,11,7,4,3,18,7,11,18,7,11,11,3,8,6,0,6,1,0,1,0,0,0,0,0,0,8,8,3,2,2,0,1,0,0,5,3,2,0,8,0,3,1
533823461,2,533823464,,2,1,1,*,*,*,*,*,*,*,*,*,*,*,*,*,*,*,*,*,*,*,*,*,*,*,*,*,*,*,*,*,*,1,1,*,*,*,*,*,*,*,*,*,*,*,*,*,*,*
533823462,0,,,27,13,14,3,1,2,24,12,12,11,6,5,23,12,11,22,11,11,13,6,7,3,1,2,1,0,1,0,0,0,0,0,0,12,12,5,4,1,0,1,1,0,7,5,2,1,9,0,4,3
533823464,1,,533823461,63,31,32,14,10,4,51,22,29,34,16,18,47,21,26,47,21,26,17,6,11,9,2,7,7,2,5,1,0,1,2,1,1,19,19,4,5,2,3,4,1,1,15,11,4,5,11,0,3,3
533823472,1,,533823373,146,64,82,14,5,9,130,58,72,77,36,41,129,57,72,128,57,71,53,22,31,29,9,20,14,2,12,3,0,3,5,0,5,57,57,12,23,10,6,6,1,0,44,33,11,5,37,0,7,11
533823473,0,,,258,122,136,40,24,16,210,93,117,124,60,64,208,91,117,206,91,115,86,33,53,50,17,33,31,9,22,5,2,3,5,3,2,79,78,14,22,20,11,8,3,0,62,51,11,16,30,0,4,8
533823474,0,,,289,145,144,30,14,16,256,130,126,157,86,71,245,124,121,242,123,119,99,44,55,61,22,39,23,6,17,1,0,1,2,2,0,106,106,21,31,24,22,6,0,2,83,68,15,10,65,1,18,17
533823481,2,533823483,,3,0,3,*,*,*,*,*,*,*,*,*,*,*,*,*,*,*,*,*,*,*,*,*,*,*,*,*,*,*,*,*,*,2,2,*,*,*,*,*,*,*,*,*,*,*,*,*,*,*
533823482,0,,,10,5,5,0,0,0,9,5,4,1,1,0,9,5,4,9,5,4,8,4,4,4,1,3,4,1,3,1,1,0,1,0,1,7,7,4,3,0,0,0,0,0,3,3,0,0,6,0,3,1
533823483,1,,533823481,13,6,7,0,0,0,16,6,10,6,2,4,16,6,10,16,6,10,10,4,6,6,3,3,2,1,1,0,0,0,0,0,0,6,6,4,2,1,0,1,0,0,4,2,2,0,8,0,4,1
533823484,0,,,29,15,14,0,0,0,27,14,13,11,7,4,27,14,13,27,14,13,16,7,9,10,4,6,5,1,4,0,0,0,0,0,0,11,11,3,2,3,2,1,0,0,7,5,2,0,9,0,3,0
533823491,2,533823492,,6,2,4,*,*,*,*,*,*,*,*,*,*,*,*,*,*,*,*,*,*,*,*,*,*,*,*,*,*,*,*,*,*,3,3,*,*,*,*,*,*,*,*,*,*,*,*,*,*,*
533823492,1,,533823491,48,27,21,3,2,1,48,25,23,33,17,16,48,25,23,45,25,20,15,8,7,6,3,3,5,2,3,0,0,0,0,0,0,19,19,7,6,3,4,2,0,0,14,10,4,0,10,0,3,3
533823522,2,533823431,,2,1,1,*,*,*,*,*,*,*,*,*,*,*,*,*,*,*,*,*,*,*,*,*,*,*,*,*,*,*,*,*,*,1,1,*,*,*,*,*,*,*,*,*,*,*,*,*,*,*
533823531,2,533823441,,3,2,1,*,*,*,*,*,*,*,*,*,*,*,*,*,*,*,*,*,*,*,*,*,*,*,*,*,*,*,*,*,*,1,1,*,*,*,*,*,*,*,*,*,*,*,*,*,*,*
533823541,0,,,87,50,37,11,7,4,76,43,33,38,24,14,75,42,33,74,42,32,38,19,19,14,5,9,7,3,4,1,0,1,0,0,0,36,36,8,14,8,4,1,1,0,28,28,0,4,26,1,7,10
533823542,1,,533823641,90,44,46,6,3,3,91,45,46,41,22,19,90,45,45,90,45,45,50,23,27,30,12,18,14,3,11,1,0,1,0,0,0,43,43,23,15,5,6,1,0,0,27,22,5,1,37,0,16,6
533823561,0,,,47,20,27,1,0,1,46,20,26,14,7,7,46,20,26,46,20,26,32,13,19,19,6,13,4,0,4,0,0,0,0,0,0,24,24,9,10,2,3,0,0,0,15,13,2,0,22,0,8,7
533823562,0,,,424,181,243,15,12,3,409,169,240,176,88,88,403,168,235,400,167,233,233,81,152,149,37,112,70,11,59,12,4,8,1,0,1,169,167,52,62,27,17,8,1,0,115,94,21,4,129,0,40,31
533823563,0,,,32,15,17,1,1,0,31,14,17,17,7,10,30,14,16,30,14,16,14,7,7,6,2,4,3,1,2,1,1,0,0,0,0,11,11,3,2,2,2,1,1,0,8,4,4,0,9,0,2,2
533823564,0,,,505,237,268,36,14,22,468,222,246,229,123,106,462,218,244,458,218,240,239,99,140,147,55,92,52,9,43,5,1,4,2,1,1,211,211,66,60,48,19,12,3,3,143,116,27,9,160,0,51,33
533823571,0,,,18,8,10,2,1,1,16,7,9,10,5,5,16,7,9,16,7,9,6,2,4,4,1,3,1,0,1,0,0,0,0,0,0,6,6,1,1,2,1,1,0,0,5,3,2,1,4,0,1,1
533823572,0,,,52,28,24,2,2,0,50,26,24,30,17,13,49,26,23,49,26,23,20,9,11,11,3,8,5,0,5,0,0,0,0,0,0,22,22,7,8,2,4,0,0,1,15,12,3,0,14,0,3,3
533823573,0,,,377,159,218,45,28,17,331,131,200,160,77,83,324,126,198,319,125,194,171,54,117,132,33,99,72,18,54,17,1,16,2,1,1,132,131,44,38,25,14,8,2,0,87,77,10,8,67,1,23,17
533823581,2,533823583,,8,3,5,*,*,*,*,*,*,*,*,*,*,*,*,*,*,*,*,*,*,*,*,*,*,*,*,*,*,*,*,*,*,6,6,*,*,*,*,*,*,*,*,*,*,*,*,*,*,*
533823583,1,,533823581,96,45,51,8,5,3,96,43,53,48,25,23,96,43,53,96,43,53,48,18,30,20,6,14,8,1,7,0,0,0,2,1,1,40,40,14,19,6,3,3,0,1,32,27,5,1,34,0,9,9
533823631,1,,533823632,5,3,2,3,2,1,8,4,4,5,3,2,7,3,4,7,3,4,3,1,2,2,1,1,0,0,0,0,0,0,0,0,0,2,2,1,1,1,0,1,0,0,3,3,0,0,2,0,1,1
533823632,2,533823631,,6,3,3,*,*,*,*,*,*,*,*,*,*,*,*,*,*,*,*,*,*,*,*,*,*,*,*,*,*,*,*,*,*,2,2,*,*,*,*,*,*,*,*,*,*,*,*,*,*,*
533823641,2,533823542,,7,4,3,*,*,*,*,*,*,*,*,*,*,*,*,*,*,*,*,*,*,*,*,*,*,*,*,*,*,*,*,*,*,7,7,*,*,*,*,*,*,*,*,*,*,*,*,*,*,*
533823652,2,533823661,,8,4,4,*,*,*,*,*,*,*,*,*,*,*,*,*,*,*,*,*,*,*,*,*,*,*,*,*,*,*,*,*,*,3,3,*,*,*,*,*,*,*,*,*,*,*,*,*,*,*
533823661,1,,533823652,73,38,35,8,6,2,73,36,37,51,26,25,70,35,35,69,35,34,22,10,12,8,2,6,1,0,1,0,0,0,0,0,0,25,25,2,10,8,5,3,0,0,26,24,2,1,16,0,2,4
533823662,0,,,254,112,142,17,7,10,232,103,129,117,62,55,229,101,128,226,99,127,115,41,74,84,26,58,48,11,37,9,2,7,1,0,1,108,106,46,27,18,10,2,2,1,59,47,12,4,59,5,17,12
533823663,0,,,247,119,128,21,10,11,226,109,117,125,65,60,223,107,116,220,107,113,101,44,57,37,16,21,7,0,7,2,0,2,4,1,3,110,110,35,40,16,12,6,1,0,72,61,11,4,69,2,22,23
533823664,0,,,678,307,371,41,20,21,611,275,336,347,166,181,600,269,331,593,267,326,264,109,155,143,50,93,42,9,33,2,0,2,24,2,22,313,313,118,94,55,29,12,4,1,192,156,36,14,181,4,48,51
533823671,1,,533823672;533823674,813,385,428,131,67,64,692,324,368,524,253,271,661,309,352,643,297,346,168,71,97,84,31,53,27,6,21,3,1,2,4,0,4,318,318,70,92,85,58,12,3,1,250,227,23,38,116,3,38,27
533823672,2,533823671,,1,0,1,*,*,*,*,*,*,*,*,*,*,*,*,*,*,*,*,*,*,*,*,*,*,*,*,*,*,*,*,*,*,1,1,*,*,*,*,*,*,*,*,*,*,*,*,*,*,*
533823673,0,,,632,306,326,68,33,35,562,271,291,347,172,175,543,261,282,534,257,277,215,99,116,102,45,57,29,11,18,1,0,1,23,3,20,285,284,101,89,51,27,11,2,3,181,157,24,12,150,11,49,35
533823674,2,533823671,,12,7,5,*,*,*,*,*,*,*,*,*,*,*,*,*,*,*,*,*,*,*,*,*,*,*,*,*,*,*,*,*,*,2,2,*,*,*,*,*,*,*,*,*,*,*,*,*,*,*
533823681,0,,,74,36,38,4,4,0,70,32,38,40,19,21,66,28,38,65,28,37,30,13,17,15,5,10,5,0,5,1,0,1,0,0,0,32,32,10,11,6,3,1,0,1,22,15,7,1,22,0,8,5
533823682,0,,,146,74,72,12,6,6,132,66,66,107,55,52,125,62,63,120,59,61,25,11,14,10,3,7,2,0,2,0,0,0,0,0,0,52,52,6,19,13,8,5,1,0,44,42,2,2,15,0,1,5
533823684,0,,,260,133,127,22,11,11,238,122,116,124,65,59,234,121,113,232,119,113,114,57,57,51,25,26,13,5,8,2,0,2,0,0,0,103,103,22,40,19,13,6,2,1,80,64,16,7,74,0,16,22
533823692,2,533823693,,4,2,2,*,*,*,*,*,*,*,*,*,*,*,*,*,*,*,*,*,*,*,*,*,*,*,*,*,*,*,*,*,*,1,1,*,*,*,*,*,*,*,*,*,*,*,*,*,*,*
533823693,1,,533823692,730,316,414,47,22,25,645,277,368,303,158,145,621,262,359,612,257,355,342,119,223,233,67,166,138,22,116,35,3,32,2,1,1,241,239,41,91,60,30,11,3,4,188,152,36,15,149,0,26,49
533823694,0,,,357,183,174,28,14,14,324,166,158,191,104,87,319,163,156,316,160,156,133,62,71,73,30,43,18,6,12,1,0,1,1,1,0,144,144,31,57,27,18,8,2,1,109,90,19,5,92,0,17,29
533823733,2,533823824,,1,1,0,*,*,*,*,*,*,*,*,*,*,*,*,*,*,*,*,*,*,*,*,*,*,*,*,*,*,*,*,*,*,1,1,*,*,*,*,*,*,*,*,*,*,*,*,*,*,*
533823734,2,533823824,,5,2,3,*,*,*,*,*,*,*,*,*,*,*,*,*,*,*,*,*,*,*,*,*,*,*,*,*,*,*,*,*,*,2,2,*,*,*,*,*,*,*,*,*,*,*,*,*,*,*
533823752,0,,,59,30,29,5,4,1,54,26,28,32,16,16,52,25,27,52,25,27,22,10,12,17,7,10,9,4,5,0,0,0,0,0,0,20,20,2,8,3,5,1,0,1,17,13,4,0,14,0,2,5
533823753,0,,,45,20,25,0,0,0,45,20,25,27,14,13,42,19,23,42,19,23,18,6,12,10,2,8,3,0,3,0,0,0,0,0,0,18,18,6,3,5,2,2,0,0,12,7,5,0,14,0,5,1
533823754,0,,,285,145,140,33,21,12,252,124,128,161,80,81,245,121,124,240,120,120,91,44,47,45,20,25,16,7,9,0,0,0,0,0,0,104,104,23,33,23,10,7,5,3,81,64,17,8,64,0,18,16
533823761,0,,,375,188,187,36,16,20,338,171,167,199,111,88,333,168,165,329,166,163,139,60,79,68,27,41,22,8,14,1,0,1,3,0,3,155,155,46,43,40,13,8,4,1,107,84,23,10,101,1,31,17
533823762,0,,,630,294,336,81,32,49,543,259,284,346,176,170,532,254,278,525,250,275,197,83,114,99,36,63,33,7,26,3,0,3,6,2,4,243,243,58,76,50,39,11,5,4,184,146,38,20,132,2,32,34
533823763,0,,,271,135,136,33,17,16,238,118,120,132,70,62,235,117,118,230,115,115,106,48,58,63,25,38,32,12,20,5,1,4,4,2,2,93,91,19,30,19,14,3,3,3,71,60,11,6,50,0,10,16
533823764,0,,,668,327,341,89,42,47,562,275,287,388,203,185,544,266,278,530,258,272,174,72,102,98,42,56,40,14,26,6,1,5,7,3,4,272,272,83,77,50,36,19,7,0,187,158,29,18,118,4,31,31
533823771,0,,,776,366,410,85,40,45,685,323,362,384,197,187,664,313,351,656,309,347,301,126,175,170,70,100,57,22,35,3,0,3,8,1,7,311,311,69,114,63,44,14,5,2,242,199,43,17,197,3,43,63
533823772,0,,,136,65,71,9,2,7,113,56,57,77,42,35,109,54,55,106,52,54,36,14,22,19,8,11,5,2,3,1,1,0,0,0,0,68,68,35,11,9,13,0,0,0,33,27,6,1,23,3,5,6
533823773,0,,,749,362,387,78,40,38,668,321,347,422,216,206,648,310,338,636,304,332,246,105,141,139,53,86,49,17,32,7,1,6,13,9,4,279,279,59,81,64,45,26,2,2,218,164,54,16,167,4,34,37
533823774,0,,,205,96,109,22,7,15,180,88,92,99,49,50,178,86,92,176,85,91,81,39,42,33,16,17,12,6,6,2,1,1,1,1,0,77,77,18,25,14,11,5,3,1,59,46,13,5,47,0,4,16
533823782,2,533823791,,3,2,1,*,*,*,*,*,*,*,*,*,*,*,*,*,*,*,*,*,*,*,*,*,*,*,*,*,*,*,*,*,*,2,2,*,*,*,*,*,*,*,*,*,*,*,*,*,*,*
533823791,1,,533823782,572,266,306,63,32,31,483,224,259,273,129,144,460,212,248,454,210,244,210,95,115,119,47,72,45,17,28,11,4,7,0,0,0,193,192,33,74,28,38,12,7,2,156,130,26,12,107,0,15,42
533823792,0,,,837,422,415,79,36,43,723,363,360,455,240,215,699,351,348,691,347,344,268,123,145,148,62,86,57,24,33,5,1,4,12,7,5,333,333,83,106,69,47,22,5,1,241,202,39,20,177,2,39,48
533823793,0,,,458,227,231,57,27,30,384,190,194,263,138,125,368,181,187,361,176,185,121,52,69,69,29,40,28,11,17,4,2,2,13,6,7,175,175,43,51,32,33,12,3,1,128,112,16,17,87,1,25,18
533823794,0,,,792,398,394,81,46,35,699,344,355,426,224,202,681,333,348,675,331,344,273,120,153,152,59,93,50,15,35,1,0,1,12,3,9,325,325,83,107,72,42,17,3,1,237,208,29,19,192,3,54,49
533823814,2,533823922,,3,2,1,*,*,*,*,*,*,*,*,*,*,*,*,*,*,*,*,*,*,*,*,*,*,*,*,*,*,*,*,*,*,1,1,*,*,*,*,*,*,*,*,*,*,*,*,*,*,*
533823824,1,,533823733;533823734,6,3,3,0,0,0,12,6,6,4,3,1,12,6,6,12,6,6,8,3,5,6,2,4,5,1,4,1,0,1,0,0,0,5,5,5,2,1,0,0,0,0,3,2,1,0,5,0,2,1
533823851,0,,,52,29,23,1,1,0,51,28,23,27,18,9,50,27,23,50,27,23,24,10,14,16,5,11,3,2,1,0,0,0,0,0,0,21,21,6,7,3,3,1,1,0,14,9,5,0,18,0,4,1
533823852,0,,,317,143,174,28,12,16,289,131,158,202,97,105,278,128,150,267,123,144,87,34,53,42,14,28,16,3,13,3,0,3,2,0,2,125,125,31,29,39,20,5,1,0,94,77,17,7,60,1,16,10
533823853,2,533823854,,2,1,1,*,*,*,*,*,*,*,*,*,*,*,*,*,*,*,*,*,*,*,*,*,*,*,*,*,*,*,*,*,*,1,1,*,*,*,*,*,*,*,*,*,*,*,*,*,*,*
533823854,1,,533823853,256,125,131,21,7,14,237,119,118,130,67,63,230,116,114,223,112,111,107,52,55,62,28,34,18,7,11,1,0,1,1,0,1,96,96,21,29,23,16,5,1,2,73,58,15,3,71,0,17,12
533823861,0,,,246,125,121,33,20,13,210,104,106,133,71,62,205,101,104,201,99,102,77,33,44,41,19,22,16,7,9,1,1,0,2,2,0,91,91,20,28,17,16,7,2,1,70,56,14,9,51,3,11,14
533823862,0,,,608,300,308,102,50,52,489,242,247,375,189,186,472,233,239,461,228,233,114,53,61,47,18,29,12,3,9,0,0,0,5,2,3,237,237,64,66,40,47,17,2,1,172,156,16,30,78,11,15,24
533823863,0,,,420,216,204,54,31,23,363,184,179,236,129,107,353,179,174,346,177,169,127,55,72,59,20,39,21,2,19,2,0,2,0,0,0,157,157,30,49,35,31,10,1,1,126,104,22,15,85,0,21,18
533823864,0,,,669,336,333,85,43,42,575,290,285,389,204,185,553,277,276,540,272,268,186,86,100,94,40,54,37,14,23,3,1,2,7,5,2,248,248,57,68,55,40,19,7,2,189,157,32,22,130,3,28,32
533823871,1,,533823874,582,283,299,72,34,38,512,250,262,329,168,161,497,243,254,487,237,250,183,82,101,108,45,63,41,15,26,4,2,2,7,1,6,217,217,47,66,46,38,13,6,2,170,133,37,14,127,0,35,29
533823872,0,,,94,43,51,18,8,10,76,35,41,61,28,33,72,34,38,69,33,36,15,7,8,7,4,3,2,1,1,0,0,0,2,1,1,36,36,10,10,7,4,3,2,0,25,21,4,3,11,3,3,2
533823873,0,,,506,256,250,69,35,34,437,221,216,270,144,126,423,213,210,411,208,203,167,77,90,83,36,47,26,8,18,3,1,2,0,0,0,193,192,43,60,43,29,13,2,2,147,132,15,15,105,0,26,33
533823874,2,533823871,,2,1,1,*,*,*,*,*,*,*,*,*,*,*,*,*,*,*,*,*,*,*,*,*,*,*,*,*,*,*,*,*,*,1,1,*,*,*,*,*,*,*,*,*,*,*,*,*,*,*
533823883,0,,,16,7,9,4,0,4,12,7,5,9,5,4,11,6,5,11,6,5,3,2,1,2,1,1,0,0,0,0,0,0,0,0,0,6,6,4,1,0,0,0,0,1,2,1,1,1,2,0,1,1
533823884,0,,,214,108,106,24,11,13,182,92,90,139,72,67,177,88,89,170,87,83,43,20,23,18,8,10,3,0,3,0,0,0,7,4,3,94,94,35,27,13,14,3,1,1,56,47,9,8,32,3,9,5
533823892,0,,,374,181,193,48,25,23,311,147,164,191,94,97,306,144,162,306,144,162,120,53,67,51,24,27,13,4,9,1,0,1,7,4,3,148,148,26,62,30,20,6,4,0,117,105,12,9,75,0,15,24
533823922,1,,533823814,12,7,5,0,0,0,15,9,6,8,4,4,15,9,6,14,8,6,7,5,2,3,2,1,2,1,1,0,0,0,0,0,0,8,8,5,2,2,0,0,0,0,4,4,0,0,6,0,4,1
533823923,0,,,49,31,18,3,2,1,46,29,17,24,17,7,46,29,17,46,29,17,22,12,10,14,7,7,7,3,4,0,0,0,0,0,0,26,26,10,10,5,1,0,0,0,16,16,0,0,15,1,4,6
533823924,0,,,99,45,54,9,3,6,90,42,48,40,22,18,90,42,48,90,42,48,50,20,30,26,8,18,14,3,11,1,0,1,0,0,0,47,47,20,12,8,5,1,1,0,27,24,3,2,33,1,15,6
533823933,0,,,37,18,19,3,2,1,34,16,18,14,5,9,33,15,18,33,15,18,20,11,9,9,3,6,4,1,3,1,0,1,0,0,0,21,21,10,7,3,1,0,0,0,11,9,2,1,16,0,8,5
533823952,0,,,61,30,31,9,6,3,52,24,28,37,19,18,51,23,28,50,23,27,15,5,10,5,1,4,2,0,2,1,0,1,2,1,1,19,19,1,4,7,5,1,1,0,18,13,5,4,10,0,1,2
533823953,2,533823954,,4,2,2,*,*,*,*,*,*,*,*,*,*,*,*,*,*,*,*,*,*,*,*,*,*,*,*,*,*,*,*,*,*,2,2,*,*,*,*,*,*,*,*,*,*,*,*,*,*,*
533823954,1,,533823953,112,58,54,9,5,4,107,55,52,59,28,31,105,55,50,103,53,50,48,27,21,17,10,7,4,0,4,3,0,3,0,0,0,42,42,8,17,10,5,2,0,2,36,30,6,2,28,0,4,12
533823961,0,,,74,34,40,10,5,5,64,29,35,46,22,24,61,29,32,59,29,30,18,7,11,9,3,6,5,2,3,1,0,1,1,0,1,25,25,7,4,4,4,5,1,0,18,13,5,1,12,0,4,3
533823962,0,,,73,35,38,12,6,6,61,29,32,47,24,23,60,28,32,59,27,32,14,5,9,7,1,6,3,0,3,0,0,0,3,2,1,31,31,14,5,3,5,4,0,0,17,13,4,5,10,6,3,1
533823963,0,,,190,98,92,10,6,4,180,92,88,103,54,49,175,90,85,174,89,85,77,38,39,43,19,24,16,4,12,0,0,0,0,0,0,70,70,9,26,19,10,5,0,1,61,44,17,1,50,0,6,12
533823964,0,,,244,117,127,5,1,4,239,116,123,167,76,91,233,114,119,230,113,117,72,40,32,22,9,13,4,1,3,0,0,0,2,1,1,102,102,18,49,18,13,2,2,0,84,75,9,3,54,0,9,21
533823971,0,,,386,206,180,55,30,25,330,176,154,256,140,116,318,168,150,311,163,148,74,36,38,40,18,22,14,7,7,1,0,1,3,1,2,146,146,26,50,31,30,7,2,0,120,108,12,16,52,2,9,13
533823972,0,,,22,13,9,2,2,0,20,11,9,17,9,8,20,11,9,20,11,9,3,2,1,2,1,1,0,0,0,0,0,0,0,0,0,8,8,1,4,0,2,1,0,0,7,6,1,0,3,0,0,0
533823973,0,,,351,161,190,50,26,24,301,135,166,197,93,104,291,130,161,287,128,159,104,42,62,53,19,34,16,6,10,2,0,2,8,4,4,152,152,52,45,30,16,2,5,2,100,85,15,13,76,6,28,15
533823974,0,,,23,12,11,5,3,2,18,9,9,15,8,7,16,8,8,16,8,8,3,1,2,1,0,1,0,0,0,0,0,0,1,1,0,11,11,7,1,0,1,2,0,0,4,3,1,0,2,2,0,1
533823982,0,,,27,16,11,5,4,1,19,9,10,15,8,7,19,9,10,19,9,10,4,1,3,1,1,0,0,0,0,0,0,0,1,0,1,16,16,10,3,1,2,0,0,0,6,6,0,1,4,2,3,0
533823983,0,,,156,82,74,24,17,7,132,65,67,106,56,50,125,59,66,124,59,65,26,9,17,13,4,9,7,2,5,0,0,0,2,0,2,54,54,7,14,14,17,1,1,0,45,39,6,10,18,0,4,5
533823991,0,,,326,154,172,39,18,21,282,133,149,179,88,91,267,127,140,263,124,139,103,45,58,51,21,30,15,6,9,2,1,1,1,1,0,136,136,43,38,31,12,7,4,1,91,75,16,7,69,4,19,22
533823993,0,,,449,231,218,44,26,18,405,205,200,291,154,137,396,201,195,387,195,192,114,51,63,57,24,33,17,7,10,2,0,2,6,4,2,149,149,22,36,37,34,16,2,2,125,93,32,8,80,1,13,9
533823994,0,,,164,85,79,13,8,5,151,77,74,96,53,43,149,75,74,149,75,74,55,24,31,28,10,18,9,1,8,3,0,3,3,1,2,70,70,18,23,20,5,4,0,0,50,43,7,3,35,3,7,10
533824001,1,,533824003,12,6,6,0,0,0,13,6,7,4,2,2,13,6,7,13,6,7,9,4,5,6,3,3,1,1,0,0,0,0,0,0,0,6,6,3,2,2,0,0,0,0,4,4,0,0,7,0,3,1
533824003,2,533824001,,1,0,1,*,*,*,*,*,*,*,*,*,*,*,*,*,*,*,*,*,*,*,*,*,*,*,*,*,*,*,*,*,*,1,1,*,*,*,*,*,*,*,*,*,*,*,*,*,*,*
533824031,2,533824101,,1,0,1,*,*,*,*,*,*,*,*,*,*,*,*,*,*,*,*,*,*,*,*,*,*,*,*,*,*,*,*,*,*,1,1,*,*,*,*,*,*,*,*,*,*,*,*,*,*,*
533824054,2,533824354,,2,2,0,*,*,*,*,*,*,*,*,*,*,*,*,*,*,*,*,*,*,*,*,*,*,*,*,*,*,*,*,*,*,2,2,*,*,*,*,*,*,*,*,*,*,*,*,*,*,*
533824073,2,533824391,,3,2,1,*,*,*,*,*,*,*,*,*,*,*,*,*,*,*,*,*,*,*,*,*,*,*,*,*,*,*,*,*,*,2,2,*,*,*,*,*,*,*,*,*,*,*,*,*,*,*
533824101,1,,533824031,25,12,13,1,0,1,25,12,13,12,10,2,24,11,13,23,10,13,13,2,11,12,2,10,5,1,4,0,0,0,0,0,0,14,14,9,4,1,0,0,1,0,6,5,1,0,11,0,7,2
533824203,0,,,21,7,14,0,0,0,21,7,14,10,5,5,21,7,14,21,7,14,11,2,9,8,1,7,5,0,5,0,0,0,0,0,0,9,9,3,3,0,3,0,0,0,6,4,2,0,9,0,3,2
533824213,1,,533824311,9,5,4,0,0,0,11,7,4,5,3,2,11,7,4,11,7,4,6,4,2,5,3,2,0,0,0,0,0,0,0,0,0,6,6,5,3,0,0,0,0,0,3,3,0,0,5,0,4,1
533824311,2,533824213,,2,2,0,*,*,*,*,*,*,*,*,*,*,*,*,*,*,*,*,*,*,*,*,*,*,*,*,*,*,*,*,*,*,2,2,*,*,*,*,*,*,*,*,*,*,*,*,*,*,*
533824343,1,,533824441,19,12,7,0,0,0,17,11,6,7,4,3,17,11,6,17,11,6,10,7,3,4,1,3,0,0,0,0,0,0,0,0,0,11,11,8,3,1,0,1,0,0,4,3,1,0,9,0,6,2
533824354,1,,533824054,20,12,8,0,0,0,22,14,8,9,6,3,22,14,8,22,14,8,13,8,5,5,3,2,4,2,2,1,1,0,0,0,0,11,11,7,3,3,0,0,0,0,6,6,0,0,10,0,5,1
533824383,2,533824384,,3,1,2,*,*,*,*,*,*,*,*,*,*,*,*,*,*,*,*,*,*,*,*,*,*,*,*,*,*,*,*,*,*,2,2,*,*,*,*,*,*,*,*,*,*,*,*,*,*,*
533824384,1,,533824383,29,11,18,0,0,0,32,12,20,7,4,3,32,12,20,32,12,20,25,8,17,16,4,12,9,2,7,1,0,1,0,0,0,21,21,15,7,1,0,0,0,0,8,8,0,0,20,0,13,4
533824391,1,,533824073,19,11,8,0,0,0,22,13,9,4,4,0,22,13,9,22,13,9,18,9,9,15,8,7,8,4,4,0,0,0,0,0,0,8,8,1,6,3,0,0,0,0,9,9,0,0,10,0,1,5
533824392,0,,,21,8,13,4,1,3,17,7,10,8,4,4,17,7,10,17,7,10,9,3,6,5,1,4,4,1,3,0,0,0,0,0,0,9,9,5,1,1,0,1,1,0,4,1,3,2,7,0,3,0
533824393,0,,,39,20,19,2,0,2,37,20,17,22,14,8,37,20,17,37,20,17,15,6,9,9,3,6,5,2,3,0,0,0,0,0,0,20,20,10,4,3,3,0,0,0,10,10,0,1,12,0,7,1
533824394,0,,,22,11,11,4,1,3,18,10,8,11,8,3,18,10,8,17,9,8,7,2,5,3,1,2,2,0,2,0,0,0,0,0,0,8,8,3,0,2,2,1,0,0,5,4,1,1,4,0,2,0
533824434,1,,533824522;533824531,30,11,19,1,1,0,37,13,24,16,6,10,34,13,21,34,13,21,21,7,14,14,5,9,5,0,5,1,0,1,0,0,0,11,11,4,6,4,0,2,0,0,12,8,4,0,15,0,4,4
533824441,2,533824343,,3,2,1,*,*,*,*,*,*,*,*,*,*,*,*,*,*,*,*,*,*,*,*,*,*,*,*,*,*,*,*,*,*,2,2,*,*,*,*,*,*,*,*,*,*,*,*,*,*,*
533824462,1,,533824464,3,0,3,0,0,0,9,4,5,2,2,0,9,4,5,9,4,5,7,2,5,6,2,4,4,1,3,0,0,0,0,0,0,3,3,5,2,0,0,0,0,0,2,2,0,0,5,0,3,2
533824464,2,533824462,,6,4,2,*,*,*,*,*,*,*,*,*,*,*,*,*,*,*,*,*,*,*,*,*,*,*,*,*,*,*,*,*,*,4,4,*,*,*,*,*,*,*,*,*,*,*,*,*,*,*
533824472,1,,533824473,25,13,12,0,0,0,32,16,16,16,10,6,31,15,16,31,15,16,16,6,10,7,1,6,4,0,4,1,0,1,0,0,0,11,11,6,4,2,3,0,0,0,9,5,4,0,11,0,4,2
533824473,2,533824472,,7,3,4,*,*,*,*,*,*,*,*,*,*,*,*,*,*,*,*,*,*,*,*,*,*,*,*,*,*,*,*,*,*,4,4,*,*,*,*,*,*,*,*,*,*,*,*,*,*,*
533824481,1,,533824482,48,24,24,5,3,2,45,22,23,21,11,10,44,21,23,44,21,23,24,11,13,15,4,11,4,2,2,1,1,0,0,0,0,23,23,11,6,5,0,1,0,1,13,10,3,0,18,0,8,2
533824482,2,533824481,,2,1,1,*,*,*,*,*,*,*,*,*,*,*,*,*,*,*,*,*,*,*,*,*,*,*,*,*,*,*,*,*,*,1,1,*,*,*,*,*,*,*,*,*,*,*,*,*,*,*
533824522,2,533824434,,1,0,1,*,*,*,*,*,*,*,*,*,*,*,*,*,*,*,*,*,*,*,*,*,*,*,*,*,*,*,*,*,*,1,1,*,*,*,*,*,*,*,*,*,*,*,*,*,*,*
533824531,2,533824434,,7,3,4,*,*,*,*,*,*,*,*,*,*,*,*,*,*,*,*,*,*,*,*,*,*,*,*,*,*,*,*,*,*,4,4,*,*,*,*,*,*,*,*,*,*,*,*,*,*,*
533824603,0,,,212,99,113,22,11,11,188,87,101,116,58,58,182,85,97,175,80,95,72,29,43,47,19,28,10,5,5,2,1,1,3,1,2,84,84,20,27,16,15,6,0,0,64,55,9,5,48,0,14,20
533824604,0,,,65,33,32,7,3,4,58,30,28,36,18,18,55,30,25,53,28,25,22,12,10,11,5,6,4,1,3,0,0,0,5,3,2,28,28,8,11,4,2,3,0,0,20,18,2,2,15,0,4,7
533824611,2,533824612,,8,2,6,*,*,*,*,*,*,*,*,*,*,*,*,*,*,*,*,*,*,*,*,*,*,*,*,*,*,*,*,*,*,3,3,*,*,*,*,*,*,*,*,*,*,*,*,*,*,*
533824612,1,,533824611,9,4,5,0,0,0,17,6,11,9,4,5,17,6,11,17,6,11,8,2,6,6,1,5,4,1,3,0,0,0,0,0,0,4,4,3,2,0,1,0,1,0,4,2,2,0,5,0,1,1
533824613,0,,,73,38,35,9,5,4,64,33,31,41,25,16,62,32,30,61,31,30,23,8,15,14,5,9,7,1,6,1,0,1,0,0,0,23,23,4,5,6,4,1,1,2,18,15,3,2,16,0,3,4
533824701,0,,,690,344,346,53,31,22,606,298,308,347,191,156,587,287,300,580,282,298,259,107,152,151,56,95,53,16,37,6,2,4,5,3,2,290,290,78,100,58,38,12,2,2,201,161,40,11,181,5,50,48
533824702,0,,,523,249,274,53,32,21,450,207,243,252,122,130,438,204,234,432,201,231,198,85,113,110,39,71,33,9,24,3,1,2,2,1,1,202,202,45,66,39,34,15,3,0,152,128,24,11,135,0,34,39
533824703,0,,,488,234,254,31,11,20,447,217,230,222,110,112,431,208,223,425,206,219,225,107,118,126,51,75,44,15,29,2,0,2,7,3,4,212,212,63,77,33,26,11,1,1,147,120,27,8,155,0,43,48
533824704,0,,,630,312,318,60,30,30,553,274,279,352,181,171,536,266,270,526,257,269,201,93,108,114,46,68,48,19,29,3,2,1,0,0,0,243,243,52,75,56,44,12,4,0,186,152,34,15,137,0,35,34
533824711,0,,,272,120,152,14,8,6,252,110,142,141,69,72,239,105,134,235,104,131,111,41,70,70,24,46,28,10,18,1,0,1,1,0,1,102,101,25,35,16,15,7,3,0,74,54,20,4,65,0,17,18
533824713,0,,,413,190,223,64,37,27,348,152,196,204,102,102,332,144,188,328,142,186,144,50,94,112,34,78,62,13,49,20,4,16,5,1,4,108,107,9,30,26,28,7,5,2,98,88,10,18,43,0,8,12
533824714,0,,,13,7,6,0,0,0,13,7,6,5,4,1,13,7,6,13,7,6,8,3,5,4,2,2,1,0,1,0,0,0,0,0,0,6,6,3,0,2,1,0,0,0,3,2,1,0,6,0,3,0
533824724,0,,,19,10,9,2,1,1,17,9,8,13,8,5,17,9,8,17,9,8,4,1,3,1,0,1,0,0,0,0,0,0,1,1,0,6,6,1,1,1,2,1,0,0,5,3,2,1,3,0,1,0
533824732,2,533824734,,2,1,1,*,*,*,*,*,*,*,*,*,*,*,*,*,*,*,*,*,*,*,*,*,*,*,*,*,*,*,*,*,*,1,1,*,*,*,*,*,*,*,*,*,*,*,*,*,*,*
533824734,1,,533824732,18,9,9,0,0,0,20,10,10,8,5,3,20,10,10,20,10,10,12,5,7,7,3,4,1,1,0,0,0,0,0,0,0,7,7,0,5,2,1,0,0,0,8,6,2,0,7,0,0,4
533824741,2,533824743,,2,0,2,*,*,*,*,*,*,*,*,*,*,*,*,*,*,*,*,*,*,*,*,*,*,*,*,*,*,*,*,*,*,2,2,*,*,*,*,*,*,*,*,*,*,*,*,*,*,*
533824742,2,533824744,,4,0,4,*,*,*,*,*,*,*,*,*,*,*,*,*,*,*,*,*,*,*,*,*,*,*,*,*,*,*,*,*,*,1,1,*,*,*,*,*,*,*,*,*,*,*,*,*,*,*
533824743,1,,533824741,169,89,80,10,7,3,161,82,79,82,45,37,156,77,79,151,73,78,79,37,42,42,17,25,14,5,9,1,0,1,1,0,1,65,65,12,29,12,9,2,2,1,55,47,8,2,53,0,10,19
533824744,1,,533824742,89,42,47,8,2,6,83,39,44,50,23,27,81,39,42,80,38,42,33,16,17,15,6,9,6,3,3,0,0,0,0,0,0,36,36,6,16,7,6,2,0,0,31,28,3,2,21,0,3,10
533824752,2,533824754,,4,2,2,*,*,*,*,*,*,*,*,*,*,*,*,*,*,*,*,*,*,*,*,*,*,*,*,*,*,*,*,*,*,2,2,*,*,*,*,*,*,*,*,*,*,*,*,*,*,*
533824753,0,,,193,97,96,17,9,8,175,88,87,104,55,49,170,86,84,167,86,81,71,33,38,32,11,21,8,3,5,0,0,0,2,0,2,69,69,13,23,10,15,4,4,0,56,40,16,4,49,0,9,17
533824754,1,,533824752,38,19,19,4,2,2,38,19,19,22,12,10,37,18,19,37,18,19,16,7,9,9,4,5,3,2,1,0,0,0,1,0,1,15,15,4,6,3,3,1,0,0,13,12,1,1,12,0,2,4
533824764,2,533824862,,5,2,3,*,*,*,*,*,*,*,*,*,*,*,*,*,*,*,*,*,*,*,*,*,*,*,*,*,*,*,*,*,*,1,1,*,*,*,*,*,*,*,*,*,*,*,*,*,*,*
533824773,0,,,23,12,11,2,1,1,21,11,10,9,5,4,20,10,10,19,10,9,12,6,6,6,3,3,3,1,2,2,0,2,0,0,0,7,7,1,2,1,2,0,0,1,6,3,3,1,6,0,1,2
533824801,0,,,139,67,72,14,6,8,122,58,64,71,35,36,117,56,61,113,55,58,51,23,28,15,8,7,6,2,4,2,1,1,5,2,3,57,57,14,21,9,10,2,1,0,43,38,5,4,31,0,9,8
533824802,0,,,146,72,74,20,15,5,125,56,69,65,28,37,123,54,69,122,53,69,60,28,32,27,12,15,13,3,10,0,0,0,0,0,0,53,53,10,17,11,10,1,4,0,43,36,7,5,42,0,9,10
533824803,0,,,700,332,368,104,55,49,551,255,296,339,169,170,538,249,289,530,247,283,212,86,126,104,39,65,21,6,15,2,0,2,58,36,22,345,345,155,90,58,27,9,4,2,177,165,12,32,167,3,91,31
533824804,0,,,25,15,10,4,3,1,21,12,9,12,8,4,21,12,9,20,11,9,9,4,5,6,4,2,1,1,0,0,0,0,0,0,0,9,9,2,2,3,1,0,1,0,7,4,3,1,6,0,0,2
533824811,0,,,490,246,244,72,33,39,390,194,196,264,136,128,363,181,182,346,171,175,126,58,68,70,33,37,11,3,8,1,0,1,0,0,0,167,167,31,46,30,39,12,4,5,129,112,17,16,79,0,21,29
533824812,0,,,297,147,150,23,13,10,266,129,137,152,78,74,256,126,130,252,123,129,114,51,63,55,23,32,16,7,9,1,0,1,5,1,4,110,110,13,40,29,24,3,1,0,95,75,20,6,72,0,10,20
533824813,0,,,45,24,21,3,3,0,42,21,21,22,10,12,42,21,21,42,21,21,20,11,9,5,2,3,2,1,1,0,0,0,0,0,0,17,17,3,6,4,3,0,1,0,14,11,3,1,13,0,3,5
533824814,0,,,169,84,85,11,4,7,145,73,72,87,43,44,142,71,71,137,70,67,58,30,28,38,18,20,14,6,8,0,0,0,6,2,4,67,67,14,21,19,9,4,0,0,50,47,3,4,38,0,9,12
533824821,0,,,140,75,65,18,12,6,122,63,59,80,41,39,114,58,56,112,58,54,42,22,20,18,8,10,6,2,4,0,0,0,1,0,1,47,47,11,10,6,11,8,0,1,36,25,11,3,27,0,6,4
533824822,0,,,175,89,86,16,8,8,159,81,78,94,51,43,155,79,76,154,78,76,65,30,35,40,17,23,15,5,10,1,1,0,1,0,1,66,66,14,16,20,12,3,1,0,52,46,6,4,43,0,9,9
533824823,0,,,81,36,45,15,6,9,66,30,36,55,25,30,59,27,32,54,25,29,11,5,6,2,1,1,0,0,0,0,0,0,15,8,7,29,29,5,5,12,5,2,0,0,24,23,1,5,7,0,1,3
533824824,0,,,105,51,54,10,6,4,91,42,49,52,23,29,90,42,48,89,42,47,39,19,20,21,9,12,12,3,9,1,0,1,4,3,1,39,39,6,16,7,7,1,1,1,32,27,5,3,28,0,6,9
533824831,0,,,63,33,30,4,4,0,59,29,30,36,19,17,58,29,29,58,29,29,23,10,13,16,5,11,8,1,7,0,0,0,1,0,1,21,21,4,5,5,3,3,0,1,16,9,7,0,18,0,4,3
533824832,0,,,39,22,17,5,4,1,34,18,16,21,11,10,33,17,16,33,17,16,13,7,6,5,2,3,2,0,2,0,0,0,0,0,0,17,17,5,6,2,4,0,0,0,12,12,0,0,9,0,3,4
533824833,0,,,214,95,119,18,12,6,196,83,113,102,47,55,192,81,111,188,80,108,94,36,58,54,18,36,21,8,13,3,1,2,1,0,1,84,84,17,31,17,11,8,0,0,67,51,16,5,62,0,15,15
533824834,0,,,78,40,38,3,2,1,74,37,37,45,23,22,71,36,35,70,36,34,29,14,15,10,4,6,5,3,2,0,0,0,6,2,4,35,35,12,7,13,2,1,0,0,23,22,1,0,23,0,10,3
533824841,0,,,172,82,90,10,4,6,156,76,80,100,49,51,151,74,77,144,69,75,56,27,29,27,13,14,8,4,4,1,1,0,1,0,1,63,63,9,22,16,10,5,1,0,51,45,6,2,36,0,8,9
533824842,0,,,371,184,187,31,15,16,340,169,171,212,107,105,323,161,162,316,160,156,128,62,66,59,27,32,14,5,9,1,1,0,2,1,1,134,134,21,50,26,21,10,4,2,113,98,15,5,82,1,12,29
533824843,0,,,359,169,190,35,14,21,288,137,151,172,88,84,280,131,149,276,130,146,116,49,67,54,21,33,19,6,13,1,0,1,7,3,4,152,152,41,54,30,20,3,3,1,100,84,16,10,79,1,24,19
533824844,0,,,224,113,111,23,14,9,177,87,90,116,59,57,167,82,85,166,81,85,61,28,33,26,9,17,8,2,6,1,0,1,1,1,0,84,84,12,31,19,17,5,0,0,65,58,7,7,38,0,8,10
533824851,0,,,38,22,16,3,2,1,35,20,15,21,14,7,34,19,15,34,19,15,14,6,8,8,4,4,4,2,2,0,0,0,0,0,0,13,13,1,5,3,3,0,1,0,12,11,1,1,8,0,1,3
533824853,0,,,27,14,13,0,0,0,25,14,11,15,10,5,25,14,11,24,13,11,10,4,6,8,3,5,4,2,2,1,1,0,0,0,0,9,9,1,4,1,2,0,0,1,7,5,2,0,6,0,1,1
533824861,0,,,26,13,13,0,0,0,26,13,13,16,9,7,26,13,13,25,12,13,10,4,6,4,2,2,0,0,0,0,0,0,0,0,0,11,11,3,3,4,0,1,0,0,8,6,2,0,7,1,1,2
533824862,1,,533824764,180,91,89,10,5,5,175,88,87,99,56,43,171,85,86,164,82,82,76,32,44,37,16,21,16,6,10,1,0,1,0,0,0,65,65,15,17,16,9,3,5,1,51,32,19,2,48,0,9,8
533824863,0,,,37,16,21,3,2,1,34,14,20,27,10,17,32,13,19,30,13,17,7,4,3,2,0,2,0,0,0,0,0,0,0,0,0,12,12,1,3,5,1,1,1,0,11,9,2,0,6,0,1,0
533824864,0,,,155,78,77,12,7,5,143,71,72,95,50,45,137,69,68,131,67,64,48,21,27,25,10,15,10,5,5,1,1,0,0,0,0,55,55,12,12,12,13,5,1,0,43,32,11,2,32,0,9,4
533824871,0,,,222,113,109,14,9,5,208,104,104,116,64,52,205,104,101,199,100,99,92,40,52,54,23,31,15,3,12,2,1,1,4,3,1,85,85,20,27,18,11,7,1,1,64,53,11,5,60,0,15,17
533824872,0,,,26,17,9,12,10,2,13,6,7,6,3,3,12,5,7,12,5,7,7,3,4,5,2,3,3,1,2,0,0,0,0,0,0,8,7,2,3,1,0,1,0,0,5,4,1,0,5,0,1,3
533824873,0,,,164,75,89,22,10,12,142,65,77,90,40,50,134,60,74,130,57,73,52,25,27,29,12,17,12,3,9,0,0,0,0,0,0,57,56,10,18,12,9,6,0,1,46,38,8,5,30,0,7,11
533824874,0,,,165,80,85,16,7,9,147,72,75,79,42,37,141,68,73,138,67,71,68,30,38,33,14,19,17,7,10,0,0,0,2,0,2,56,56,10,13,15,9,7,1,1,45,34,11,3,43,0,9,6
533824881,2,533824883,,2,1,1,*,*,*,*,*,*,*,*,*,*,*,*,*,*,*,*,*,*,*,*,*,*,*,*,*,*,*,*,*,*,2,1,*,*,*,*,*,*,*,*,*,*,*,*,*,*,*
533824883,1,,533824881,104,55,49,2,1,1,104,55,49,63,33,30,100,53,47,97,51,46,41,22,19,18,10,8,5,4,1,0,0,0,2,1,1,25,24,8,9,5,1,2,0,0,17,16,1,1,19,0,6,5
533824901,0,,,71,31,40,5,3,2,65,28,37,44,17,27,61,26,35,56,26,30,21,11,10,8,4,4,1,1,0,1,1,0,1,0,1,23,23,2,9,4,4,2,1,1,21,17,4,1,12,0,0,4
533824902,0,,,20,8,12,1,0,1,16,7,9,11,6,5,14,5,9,14,5,9,5,1,4,4,1,3,3,1,2,0,0,0,0,0,0,6,6,1,1,1,2,0,1,0,4,2,2,0,4,0,1,1
533824903,0,,,74,42,32,10,7,3,54,30,24,41,22,19,50,27,23,47,26,21,13,8,5,4,1,3,1,0,1,0,0,0,0,0,0,25,25,3,7,6,7,1,1,0,20,18,2,1,10,0,3,3
533824904,0,,,155,70,85,15,6,9,125,58,67,64,30,34,122,56,66,122,56,66,61,28,33,27,12,15,6,3,3,2,1,1,0,0,0,58,58,8,23,12,11,3,1,0,45,35,10,2,38,0,5,16
533824913,0,,,174,81,93,18,6,12,156,75,81,89,45,44,155,75,80,155,75,80,67,30,37,27,10,17,10,3,7,3,0,3,1,1,0,59,59,7,18,16,11,4,2,1,52,43,9,4,40,0,6,12
533824914,0,,,142,57,85,8,2,6,126,51,75,44,22,22,124,50,74,121,50,71,82,29,53,62,18,44,45,12,33,12,1,11,5,2,3,32,31,3,12,8,3,5,0,0,26,25,1,1,17,0,3,9
533824921,0,,,78,42,36,17,6,11,59,34,25,45,25,20,58,33,25,53,30,23,14,9,5,4,3,1,0,0,0,0,0,0,17,9,8,37,37,17,7,5,8,0,0,0,20,19,1,6,10,0,6,3
533824932,0,,,61,30,31,13,9,4,48,21,27,39,18,21,45,20,25,44,20,24,9,3,6,6,1,5,1,0,1,0,0,0,0,0,0,19,19,0,5,8,4,1,1,0,18,14,4,1,7,0,0,2
533824934,0,,,389,190,199,36,14,22,325,163,162,213,114,99,312,156,156,303,151,152,112,49,63,58,22,36,24,10,14,3,0,3,3,2,1,145,145,28,49,29,27,6,4,2,110,95,15,7,71,0,16,26
533824941,0,,,60,27,33,7,4,3,49,21,28,35,17,18,43,18,25,43,18,25,14,4,10,8,1,7,2,0,2,0,0,0,0,0,0,22,22,3,7,6,5,1,0,0,18,17,1,1,11,0,3,2
533824942,0,,,199,98,101,12,4,8,186,94,92,109,56,53,179,89,90,175,88,87,77,38,39,39,17,22,16,8,8,0,0,0,0,0,0,75,75,17,27,7,16,6,1,1,57,45,12,3,51,0,13,16
533824943,0,,,194,95,99,38,23,15,153,71,82,97,49,48,147,66,81,143,63,80,56,22,34,28,9,19,11,4,7,1,0,1,5,2,3,74,74,18,23,14,10,7,1,1,55,51,4,11,37,0,11,13
533824944,0,,,49,26,23,5,2,3,43,23,20,27,15,12,42,22,20,40,20,20,16,8,8,9,5,4,3,1,2,1,0,1,0,0,0,17,17,4,3,6,2,0,1,1,13,9,4,2,9,0,2,2
533824951,1,,533824954,87,42,45,16,8,8,71,33,38,59,29,30,69,33,36,67,31,36,12,4,8,7,1,6,5,0,5,2,0,2,0,0,0,30,30,5,9,7,6,4,0,0,26,24,2,6,9,0,2,2
533824954,2,533824951,,1,0,1,*,*,*,*,*,*,*,*,*,*,*,*,*,*,*,*,*,*,*,*,*,*,*,*,*,*,*,*,*,*,1,1,*,*,*,*,*,*,*,*,*,*,*,*,*,*,*
533824961,0,,,78,37,41,6,2,4,72,35,37,38,20,18,66,31,35,65,31,34,34,15,19,21,9,12,3,2,1,1,1,0,0,0,0,27,27,6,8,4,5,1,2,1,21,16,5,0,21,0,5,4
533824962,0,,,67,39,28,10,6,4,57,33,24,38,24,14,55,31,24,54,30,24,19,9,10,11,6,5,3,0,3,0,0,0,1,0,1,26,26,8,4,9,2,2,1,0,18,14,4,2,13,1,3,3
533824963,0,,,135,70,65,10,7,3,125,63,62,75,40,35,118,59,59,116,59,57,50,23,27,30,14,16,7,4,3,1,0,1,0,0,0,45,45,6,14,10,8,3,4,0,39,29,10,3,34,0,5,8
533824964,0,,,84,45,39,7,5,2,77,40,37,37,21,16,76,40,36,75,39,36,40,19,21,16,7,9,8,3,5,1,0,1,0,0,0,30,30,6,8,9,4,1,0,2,24,17,7,3,22,1,4,6
533824971,0,,,110,52,58,4,3,1,105,48,57,57,26,31,103,48,55,102,47,55,48,22,26,21,11,10,4,2,2,0,0,0,1,0,1,45,45,12,16,7,7,2,0,1,32,27,5,2,32,0,8,9
533824972,0,,,10,6,4,0,0,0,10,6,4,7,5,2,10,6,4,10,6,4,3,1,2,1,0,1,1,0,1,1,0,1,0,0,0,5,5,2,1,2,0,0,0,0,3,2,1,0,1,0,0,0
533824973,1,,533824974,114,57,57,13,6,7,103,53,50,74,39,35,102,52,50,99,50,49,29,14,15,11,3,8,3,2,1,0,0,0,0,0,0,44,44,9,20,7,5,4,1,0,37,31,6,4,22,0,6,5
533824974,2,533824973,,2,2,0,*,*,*,*,*,*,*,*,*,*,*,*,*,*,*,*,*,*,*,*,*,*,*,*,*,*,*,*,*,*,2,2,*,*,*,*,*,*,*,*,*,*,*,*,*,*,*
533824981,0,,,17,7,10,1,0,1,16,7,9,9,4,5,16,7,9,15,7,8,7,3,4,2,1,1,1,0,1,0,0,0,0,0,0,6,6,0,2,3,1,0,0,0,6,6,0,0,4,0,0,0
533824994,0,,,27,14,13,2,1,1,25,13,12,9,5,4,25,13,12,25,13,12,16,8,8,5,2,3,1,0,1,0,0,0,0,0,0,13,13,4,5,3,1,0,0,0,9,8,1,0,11,0,4,3
533825022,1,,533825024,84,41,43,7,3,4,84,41,43,41,22,19,81,40,41,79,39,40,43,19,24,23,9,14,8,2,6,0,0,0,0,0,0,31,31,6,10,9,4,2,2,0,27,19,8,0,26,0,4,8
533825024,2,533825022,,7,3,4,*,*,*,*,*,*,*,*,*,*,*,*,*,*,*,*,*,*,*,*,*,*,*,*,*,*,*,*,*,*,2,2,*,*,*,*,*,*,*,*,*,*,*,*,*,*,*
533825031,0,,,36,17,19,5,4,1,31,13,18,20,10,10,29,13,16,28,12,16,11,3,8,8,2,6,4,1,3,0,0,0,1,1,0,13,13,2,5,2,2,2,0,0,11,9,2,1,9,0,2,3
533825042,2,533825044,,5,2,3,*,*,*,*,*,*,*,*,*,*,*,*,*,*,*,*,*,*,*,*,*,*,*,*,*,*,*,*,*,*,2,2,*,*,*,*,*,*,*,*,*,*,*,*,*,*,*
533825044,1,,533825042;533825142,31,13,18,3,1,2,35,15,20,18,7,11,35,15,20,35,15,20,17,8,9,11,6,5,3,1,2,0,0,0,0,0,0,11,11,1,8,2,1,1,1,0,13,10,3,1,10,0,1,5
533825054,0,,,52,24,28,10,4,6,42,20,22,26,13,13,39,19,20,39,19,20,16,7,9,10,4,6,4,2,2,0,0,0,1,0,1,18,18,4,4,4,3,2,1,0,14,11,3,3,10,0,3,3
533825063,0,,,57,29,28,8,7,1,49,22,27,30,15,15,49,22,27,49,22,27,19,7,12,8,4,4,3,0,3,0,0,0,0,0,0,23,23,6,7,5,4,0,1,0,17,14,3,1,14,0,4,3
533825064,0,,,53,27,26,7,3,4,46,24,22,22,14,8,44,22,22,43,22,21,24,10,14,10,4,6,3,0,3,0,0,0,0,0,0,16,16,1,5,5,2,1,1,1,15,10,5,2,12,0,1,3
533825071,0,,,20,11,9,1,0,1,19,11,8,16,9,7,18,10,8,17,10,7,3,2,1,0,0,0,0,0,0,0,0,0,0,0,0,7,7,0,3,3,0,1,0,0,6,6,0,0,2,0,0,2
533825072,0,,,33,15,18,4,2,2,29,13,16,17,9,8,29,13,16,29,13,16,12,4,8,4,2,2,2,1,1,0,0,0,0,0,0,11,11,0,6,2,0,3,0,0,11,6,5,1,9,0,0,2
533825073,0,,,135,70,65,16,8,8,119,62,57,70,39,31,116,59,57,115,59,56,49,23,26,35,14,21,18,8,10,1,1,0,1,0,1,43,42,7,12,7,11,3,2,0,35,26,9,7,23,0,4,5
533825082,0,,,120,56,64,18,8,10,101,48,53,88,43,45,96,45,51,96,45,51,13,5,8,7,3,4,2,0,2,0,0,0,0,0,0,52,52,15,17,11,7,2,0,0,35,34,1,7,11,0,5,1
533825084,0,,,156,76,80,21,14,7,135,62,73,82,43,39,129,58,71,128,58,70,53,19,34,34,12,22,14,5,9,1,0,1,0,0,0,60,60,13,17,16,9,5,0,0,47,36,11,4,35,0,7,7
533825091,0,,,455,224,231,72,39,33,377,181,196,268,129,139,362,175,187,354,172,182,109,52,57,56,27,29,9,4,5,0,0,0,0,0,0,181,181,49,58,28,32,8,5,1,128,114,14,22,69,7,13,32
533825092,0,,,721,377,344,122,74,48,582,293,289,452,233,219,565,284,281,554,279,275,130,60,70,62,29,33,18,6,12,1,0,1,3,2,1,302,302,105,72,56,51,9,8,1,194,169,25,34,87,31,18,24
533825093,0,,,544,265,279,60,26,34,484,239,245,300,156,144,473,233,240,459,222,237,184,83,101,103,44,59,36,9,27,5,1,4,8,1,7,194,194,43,46,48,32,17,5,3,149,111,38,19,123,5,27,23
533825094,0,,,744,348,396,92,48,44,647,297,350,409,204,205,633,286,347,625,281,344,238,93,145,129,43,86,45,13,32,1,0,1,3,2,1,277,277,63,86,51,43,23,8,3,209,157,52,22,159,4,29,42
533825142,2,533825044,,2,1,1,*,*,*,*,*,*,*,*,*,*,*,*,*,*,*,*,*,*,*,*,*,*,*,*,*,*,*,*,*,*,1,1,*,*,*,*,*,*,*,*,*,*,*,*,*,*,*
533825171,1,,533825172,144,74,70,17,10,7,136,70,66,79,41,38,133,69,64,132,68,64,57,29,28,28,14,14,10,6,4,0,0,0,1,0,1,52,52,11,15,13,7,4,3,1,43,31,12,3,35,0,6,9
533825172,2,533825171,,9,6,3,*,*,*,*,*,*,*,*,*,*,*,*,*,*,*,*,*,*,*,*,*,*,*,*,*,*,*,*,*,*,2,2,*,*,*,*,*,*,*,*,*,*,*,*,*,*,*
533825183,0,,,8,4,4,0,0,0,8,4,4,3,2,1,8,4,4,8,4,4,5,2,3,1,0,1,0,0,0,0,0,0,0,0,0,4,4,0,4,0,0,0,0,0,4,4,0,0,3,0,0,2
533825191,0,,,52,27,25,0,0,0,52,27,25,32,18,14,52,27,25,51,27,24,20,9,11,12,5,7,9,4,5,2,1,1,1,0,1,28,28,14,7,5,1,1,0,0,13,9,4,0,14,8,4,2
533825192,0,,,266,120,146,21,7,14,242,112,130,128,61,67,238,112,126,236,111,125,114,51,63,69,29,40,23,8,15,2,1,1,4,0,4,107,107,32,30,23,12,4,5,1,75,54,21,5,73,1,16,18
533825272,2,533825274,,3,1,2,*,*,*,*,*,*,*,*,*,*,*,*,*,*,*,*,*,*,*,*,*,*,*,*,*,*,*,*,*,*,1,1,*,*,*,*,*,*,*,*,*,*,*,*,*,*,*
533825274,1,,533825272,72,36,36,8,5,3,67,32,35,44,21,23,66,31,35,65,31,34,23,11,12,7,3,4,3,1,2,1,0,1,0,0,0,28,28,7,10,6,3,0,3,0,22,17,5,1,17,0,5,4
533825283,0,,,75,41,34,5,4,1,69,37,32,46,27,19,66,34,32,63,31,32,23,10,13,10,5,5,0,0,0,0,0,0,3,2,1,33,33,9,15,4,3,0,2,0,24,23,1,1,16,0,5,5
533825284,0,,,30,13,17,4,2,2,23,10,13,14,7,7,22,10,12,22,10,12,9,3,6,2,0,2,1,0,1,1,0,1,0,0,0,11,11,3,3,2,2,0,0,1,7,5,2,1,6,1,1,2
533825291,2,533825293,,5,3,2,*,*,*,*,*,*,*,*,*,*,*,*,*,*,*,*,*,*,*,*,*,*,*,*,*,*,*,*,*,*,2,2,*,*,*,*,*,*,*,*,*,*,*,*,*,*,*
533825293,1,,533825291,251,125,126,34,16,18,222,112,110,137,69,68,209,105,104,206,102,104,85,43,42,38,16,22,12,6,6,4,2,2,2,1,1,89,89,16,27,25,13,3,5,2,75,57,18,9,55,0,10,13
533825294,0,,,166,77,89,21,11,10,145,66,79,91,47,44,139,64,75,137,62,75,54,19,35,26,9,17,10,3,7,1,0,1,1,1,0,58,58,13,16,12,10,3,2,2,44,30,14,2,37,0,8,10
533825381,0,,,73,39,34,11,7,4,62,32,30,40,20,20,59,30,29,57,29,28,22,12,10,10,5,5,5,2,3,0,0,0,0,0,0,23,23,4,7,2,3,6,0,1,18,11,7,3,15,0,3,2
533825382,0,,,68,33,35,5,1,4,63,32,31,42,23,19,59,29,30,55,27,28,21,9,12,11,5,6,2,1,1,0,0,0,0,0,0,27,27,4,13,4,4,2,0,0,23,22,1,0,12,0,2,9
533825391,0,,,376,175,201,24,14,10,352,161,191,197,109,88,344,156,188,338,152,186,155,52,103,75,20,55,22,4,18,1,0,1,6,3,3,145,145,41,36,29,25,8,6,0,102,68,34,8,101,3,26,19
533825392,0,,,84,38,46,12,6,6,72,32,40,45,19,26,72,32,40,71,31,40,27,13,14,12,5,7,2,0,2,0,0,0,1,0,1,44,44,22,13,4,2,2,1,0,22,19,3,5,18,16,4,7
533825393,0,,,53,23,30,9,4,5,44,19,25,21,11,10,44,19,25,44,19,25,23,8,15,14,5,9,3,1,2,1,0,1,0,0,0,22,22,6,8,5,0,2,1,0,16,12,4,2,18,0,5,4
533825491,0,,,57,28,29,11,3,8,46,25,21,28,16,12,45,24,21,44,23,21,18,9,9,9,5,4,1,1,0,0,0,0,0,0,0,21,21,6,4,5,4,1,0,1,14,11,3,4,12,0,3,2
533825511,2,533825514,,2,1,1,*,*,*,*,*,*,*,*,*,*,*,*,*,*,*,*,*,*,*,*,*,*,*,*,*,*,*,*,*,*,1,1,*,*,*,*,*,*,*,*,*,*,*,*,*,*,*
533825513,2,533825514,,2,2,0,*,*,*,*,*,*,*,*,*,*,*,*,*,*,*,*,*,*,*,*,*,*,*,*,*,*,*,*,*,*,2,2,*,*,*,*,*,*,*,*,*,*,*,*,*,*,*
533825514,1,,533825511;533825513;533825523,47,25,22,0,0,0,58,30,28,15,11,4,58,30,28,58,30,28,43,19,24,30,13,17,9,2,7,1,1,0,0,0,0,25,25,15,14,5,0,0,0,0,19,18,1,0,29,0,12,10
533825523,2,533825514,,7,2,5,*,*,*,*,*,*,*,*,*,*,*,*,*,*,*,*,*,*,*,*,*,*,*,*,*,*,*,*,*,*,6,6,*,*,*,*,*,*,*,*,*,*,*,*,*,*,*
533825631,1,,533825632;533825634,61,33,28,7,6,1,66,33,33,19,11,8,66,33,33,66,33,33,47,22,25,23,9,14,10,2,8,1,1,0,2,1,1,32,32,20,14,4,2,1,0,0,21,19,2,2,34,2,16,11
533825632,2,533825631,,5,3,2,*,*,*,*,*,*,*,*,*,*,*,*,*,*,*,*,*,*,*,*,*,*,*,*,*,*,*,*,*,*,3,3,*,*,*,*,*,*,*,*,*,*,*,*,*,*,*
533825633,0,,,21,10,11,0,0,0,21,10,11,2,2,0,21,10,11,21,10,11,19,8,11,15,6,9,6,2,4,0,0,0,0,0,0,11,11,2,8,1,0,0,0,0,9,9,0,0,11,0,2,7
533825634,2,533825631,,7,3,4,*,*,*,*,*,*,*,*,*,*,*,*,*,*,*,*,*,*,*,*,*,*,*,*,*,*,*,*,*,*,6,6,*,*,*,*,*,*,*,*,*,*,*,*,*,*,*
533825641,0,,,9,4,5,0,0,0,9,4,5,3,1,2,9,4,5,9,4,5,6,3,3,3,1,2,1,1,0,0,0,0,0,0,0,5,5,1,4,0,0,0,0,0,4,4,0,0,4,0,1,3
533825643,0,,,26,9,17,0,0,0,26,9,17,4,2,2,26,9,17,26,9,17,22,7,15,19,6,13,7,4,3,0,0,0,0,0,0,18,18,10,8,0,0,0,0,0,8,8,0,0,17,0,9,5
533825651,0,,,55,22,33,5,3,2,50,19,31,24,9,15,50,19,31,49,19,30,26,10,16,19,7,12,10,4,6,1,0,1,0,0,0,28,28,12,10,4,1,0,0,1,16,12,4,3,19,0,9,7
533825652,1,,533825661,31,16,15,1,1,0,33,16,17,15,7,8,33,16,17,32,16,16,18,9,9,13,6,7,9,4,5,0,0,0,0,0,0,15,15,5,6,4,0,1,0,0,11,10,1,0,13,0,5,3
533825661,2,533825652,,3,1,2,*,*,*,*,*,*,*,*,*,*,*,*,*,*,*,*,*,*,*,*,*,*,*,*,*,*,*,*,*,*,1,1,*,*,*,*,*,*,*,*,*,*,*,*,*,*,*
533825803,0,,,20,10,10,3,2,1,17,8,9,7,4,3,17,8,9,17,8,9,10,4,6,9,3,6,5,2,3,2,1,1,0,0,0,8,8,1,4,2,0,1,0,0,7,5,2,1,6,0,1,2
533825844,2,533825941,,5,2,3,*,*,*,*,*,*,*,*,*,*,*,*,*,*,*,*,*,*,*,*,*,*,*,*,*,*,*,*,*,*,2,2,*,*,*,*,*,*,*,*,*,*,*,*,*,*,*
533825901,0,,,16,8,8,0,0,0,14,7,7,6,4,2,14,7,7,14,7,7,8,3,5,1,0,1,1,0,1,0,0,0,0,0,0,9,9,4,4,0,1,0,0,0,4,4,0,0,5,0,2,3
533825913,1,,533825914,4,1,3,0,0,0,11,5,6,6,3,3,11,5,6,11,5,6,5,2,3,3,1,2,0,0,0,0,0,0,0,0,0,3,3,3,4,0,0,0,0,0,4,4,0,0,5,0,2,0
533825914,2,533825913,,7,4,3,*,*,*,*,*,*,*,*,*,*,*,*,*,*,*,*,*,*,*,*,*,*,*,*,*,*,*,*,*,*,4,4,*,*,*,*,*,*,*,*,*,*,*,*,*,*,*
533825941,1,,533825844;533825942;533825943,6,3,3,0,0,0,15,7,8,9,5,4,15,7,8,15,7,8,6,2,4,3,1,2,1,0,1,0,0,0,0,0,0,2,2,0,4,1,1,0,0,0,6,6,0,0,4,0,0,1
533825942,2,533825941,,2,1,1,*,*,*,*,*,*,*,*,*,*,*,*,*,*,*,*,*,*,*,*,*,*,*,*,*,*,*,*,*,*,1,1,*,*,*,*,*,*,*,*,*,*,*,*,*,*,*
533825943,2,533825941,,2,1,1,*,*,*,*,*,*,*,*,*,*,*,*,*,*,*,*,*,*,*,*,*,*,*,*,*,*,*,*,*,*,1,1,*,*,*,*,*,*,*,*,*,*,*,*,*,*,*
533826001,0,,,630,299,331,88,35,53,534,257,277,379,185,194,514,251,263,498,243,255,155,72,83,63,24,39,21,6,15,0,0,0,6,3,3,235,235,48,80,46,33,18,8,2,183,155,28,22,102,5,13,32
533826002,0,,,457,218,239,47,18,29,410,200,210,274,140,134,392,191,201,381,186,195,136,60,76,71,27,44,15,4,11,3,0,3,5,2,3,180,180,54,49,31,25,15,5,1,124,96,28,10,96,1,28,22
533826003,0,,,683,323,360,65,33,32,607,284,323,385,186,199,592,278,314,577,271,306,222,98,124,118,43,75,57,23,34,4,1,3,6,2,4,259,259,69,69,54,37,16,12,2,187,132,55,19,149,15,22,32
533826004,0,,,457,226,231,42,19,23,407,201,206,270,147,123,384,182,202,368,169,199,137,54,83,77,26,51,36,8,28,1,0,1,17,11,6,177,176,48,60,28,24,12,2,2,124,92,32,9,91,5,17,24
533826011,0,,,590,277,313,46,26,20,536,247,289,316,156,160,522,239,283,517,237,280,220,91,129,98,32,66,37,10,27,3,1,2,23,8,15,255,255,98,62,46,29,11,4,5,154,109,45,12,152,14,41,28
533826012,0,,,181,93,88,11,5,6,167,86,81,105,59,46,166,86,80,164,84,80,62,27,35,40,16,24,13,6,7,1,0,1,4,3,1,77,77,27,22,16,3,7,0,2,48,40,8,3,39,8,9,11
533826013,0,,,4,0,4,0,0,0,4,0,4,4,0,4,4,0,4,4,0,4,0,0,0,0,0,0,0,0,0,0,0,0,2,0,2,4,4,4,0,0,0,0,0,0,0,0,0,0,0,2,0,0
533826014,0,,,14,8,6,1,0,1,13,8,5,11,8,3,12,7,5,12,7,5,2,0,2,1,0,1,1,0,1,0,0,0,5,3,2,6,6,2,2,1,0,1,0,0,4,3,1,0,2,1,0,0
533826032,0,,,714,350,364,75,31,44,582,289,293,382,187,195,561,277,284,548,270,278,200,102,98,94,46,48,23,9,14,0,0,0,9,8,1,288,288,103,59,60,33,20,10,3,183,143,40,17,127,2,21,29
533826034,0,,,48,21,27,8,3,5,40,18,22,22,8,14,38,18,20,36,18,18,18,10,8,7,4,3,0,0,0,0,0,0,0,0,0,16,16,1,5,5,4,0,1,0,15,13,2,3,10,0,1,4
533826041,0,,,129,54,75,31,20,11,95,33,62,85,30,55,88,30,58,82,27,55,10,3,7,4,2,2,0,0,0,0,0,0,6,1,5,56,56,15,18,16,5,2,0,0,41,41,0,7,8,0,4,2
533826042,0,,,539,261,278,83,37,46,451,221,230,305,154,151,433,210,223,416,202,214,146,67,79,61,28,33,20,7,13,0,0,0,1,0,1,188,187,33,54,51,31,11,6,1,153,121,32,15,92,1,14,20
533826051,0,,,658,316,342,86,40,46,559,270,289,365,185,180,537,259,278,529,255,274,194,85,109,101,45,56,31,14,17,2,1,1,1,0,1,237,237,49,68,41,55,18,4,2,187,147,40,18,123,4,19,34
533826052,0,,,389,194,195,42,23,19,346,170,176,231,115,116,331,164,167,321,159,162,115,55,60,53,20,33,12,4,8,0,0,0,2,1,1,141,141,31,40,27,26,10,6,1,110,85,25,15,78,6,12,21
533826053,0,,,39,18,21,4,2,2,35,16,19,22,10,12,32,14,18,30,12,18,13,6,7,9,5,4,1,1,0,0,0,0,0,0,0,15,15,5,2,4,2,2,0,0,10,9,1,1,10,0,5,1
533826054,0,,,307,151,156,25,14,11,271,130,141,177,88,89,266,127,139,258,123,135,94,42,52,48,19,29,13,6,7,1,0,1,1,0,1,124,123,39,36,20,19,8,0,1,83,72,11,7,60,6,14,21
533826061,0,,,158,80,78,14,5,9,144,75,69,99,52,47,134,70,64,132,69,63,45,23,22,34,15,19,4,3,1,0,0,0,0,0,0,51,51,4,18,14,6,3,5,1,47,38,9,5,27,1,0,11
533826063,0,,,737,316,421,75,31,44,655,281,374,375,170,205,633,277,356,614,268,346,280,111,169,115,43,72,19,6,13,0,0,0,12,5,7,377,377,164,121,54,26,7,5,0,211,197,14,18,210,2,103,47
533826101,0,,,258,122,136,25,12,13,229,107,122,148,73,75,219,104,115,214,100,114,81,34,47,40,17,23,13,4,9,2,1,1,1,1,0,104,104,33,22,25,16,6,2,0,70,55,15,6,53,8,9,7
533826102,0,,,142,76,66,18,12,6,124,64,60,82,44,38,122,63,59,120,63,57,42,20,22,30,13,17,11,5,6,0,0,0,2,1,1,56,56,18,12,12,9,3,1,1,37,27,10,5,26,8,2,4
533826112,0,,,153,80,73,7,4,3,146,76,70,84,44,40,144,75,69,141,74,67,62,32,30,33,18,15,5,3,2,0,0,0,3,1,2,57,57,7,24,13,6,7,0,0,50,37,13,3,40,0,6,14
533826114,0,,,18,9,9,1,1,0,17,8,9,9,5,4,16,8,8,16,8,8,8,3,5,5,2,3,3,1,2,0,0,0,0,0,0,7,7,1,3,1,2,0,0,0,6,5,1,0,5,0,0,2
533826121,0,,,202,85,117,16,4,12,174,72,102,125,54,71,172,71,101,171,71,100,49,18,31,25,7,18,8,1,7,1,0,1,11,5,6,116,116,80,10,13,7,2,3,1,36,20,16,5,33,38,7,7
533826154,0,,,130,64,66,17,6,11,99,50,49,74,37,37,92,45,47,90,44,46,25,13,12,8,3,5,3,2,1,0,0,0,3,0,3,49,49,7,17,15,8,1,0,1,38,37,1,4,18,0,4,9
533826161,0,,,243,113,130,22,8,14,217,102,115,120,58,62,209,98,111,207,97,110,97,44,53,42,16,26,20,4,16,3,0,3,2,0,2,88,88,14,27,24,14,7,2,0,72,49,23,6,65,0,9,17
533826162,0,,,129,57,72,12,5,7,116,52,64,85,39,46,112,50,62,111,50,61,31,13,18,18,5,13,8,2,6,1,0,1,1,0,1,42,42,4,14,10,8,1,5,0,38,27,11,3,25,0,3,5
533826163,0,,,391,194,197,25,10,15,364,183,181,223,121,102,350,176,174,345,174,171,141,62,79,62,23,39,26,5,21,4,0,4,2,0,2,140,140,21,43,44,17,7,7,1,118,84,34,6,96,0,15,21
533826164,0,,,400,204,196,47,24,23,349,178,171,211,111,100,341,172,169,337,170,167,138,67,71,72,36,36,9,5,4,0,0,0,1,0,1,140,140,19,58,25,18,9,5,6,119,98,21,9,90,1,12,30
533826173,0,,,208,98,110,26,13,13,182,85,97,146,74,72,169,80,89,161,74,87,36,11,25,16,5,11,2,0,2,0,0,0,0,0,0,70,70,9,21,18,12,5,5,0,60,52,8,5,25,0,6,4
533826174,0,,,58,28,30,3,2,1,55,26,29,38,19,19,53,26,27,52,26,26,17,7,10,8,3,5,2,2,0,0,0,0,0,0,0,21,21,3,8,3,5,2,0,0,18,12,6,1,13,0,1,4
533826212,0,,,17,9,8,2,0,2,15,9,6,10,6,4,14,8,6,14,8,6,5,3,2,2,2,0,0,0,0,0,0,0,0,0,0,5,5,0,0,3,2,0,0,0,5,5,0,0,3,0,0,0
533826213,0,,,14,6,8,1,1,0,13,5,8,6,2,4,13,5,8,13,5,8,7,3,4,3,2,1,1,1,0,0,0,0,1,0,1,7,7,3,2,1,1,0,0,0,4,2,2,1,6,0,3,1
533826214,0,,,239,115,124,37,24,13,202,91,111,138,61,77,195,90,105,192,88,104,64,30,34,21,10,11,9,5,4,1,0,1,1,1,0,87,87,19,21,23,17,4,2,1,67,56,11,13,38,6,4,10
533826221,2,533826223,,2,1,1,*,*,*,*,*,*,*,*,*,*,*,*,*,*,*,*,*,*,*,*,*,*,*,*,*,*,*,*,*,*,1,1,*,*,*,*,*,*,*,*,*,*,*,*,*,*,*
533826223,1,,533826221;533826224,250,126,124,36,20,16,220,108,112,150,78,72,213,105,108,210,104,106,70,30,40,27,10,17,9,2,7,1,0,1,1,1,0,90,90,16,27,27,13,4,2,3,76,60,16,14,45,0,7,10
533826224,2,533826223,,4,1,3,*,*,*,*,*,*,*,*,*,*,*,*,*,*,*,*,*,*,*,*,*,*,*,*,*,*,*,*,*,*,1,1,*,*,*,*,*,*,*,*,*,*,*,*,*,*,*
533826261,0,,,369,184,185,40,21,19,328,163,165,210,107,103,312,153,159,310,151,159,118,56,62,53,21,32,20,8,12,1,1,0,1,0,1,128,128,28,33,23,27,11,3,3,100,67,33,11,87,0,18,19
533826262,1,,533826264,536,277,259,80,43,37,475,241,234,332,177,155,453,225,228,442,217,225,143,64,79,59,26,33,17,5,12,0,0,0,2,1,1,184,183,24,67,46,25,12,10,5,165,132,33,21,94,0,16,24
533826263,0,,,74,41,33,6,3,3,68,38,30,38,24,14,65,35,30,64,35,29,30,14,16,8,4,4,1,0,1,0,0,0,0,0,0,31,31,8,12,5,4,1,1,0,23,20,3,2,19,0,5,8
533826264,2,533826262,,19,7,12,*,*,*,*,*,*,*,*,*,*,*,*,*,*,*,*,*,*,*,*,*,*,*,*,*,*,*,*,*,*,6,6,*,*,*,*,*,*,*,*,*,*,*,*,*,*,*
533826271,0,,,630,299,331,81,36,45,549,263,286,343,170,173,525,247,278,513,243,270,206,93,113,111,47,64,45,20,25,3,2,1,7,3,4,223,223,44,73,37,37,18,10,4,178,138,40,17,130,4,20,34
533826272,0,,,217,107,110,13,4,9,204,103,101,134,73,61,199,100,99,196,99,97,70,30,40,41,17,24,17,6,11,1,1,0,2,0,2,81,81,19,22,20,13,3,2,2,62,44,18,5,44,11,5,9
533826273,0,,,161,69,92,29,11,18,132,58,74,87,39,48,125,54,71,123,54,69,45,19,26,21,9,12,5,2,3,0,0,0,1,0,1,55,55,9,16,12,9,6,3,0,46,38,8,11,32,0,8,6
533826274,0,,,799,382,417,68,29,39,731,353,378,399,205,194,710,339,371,701,333,368,332,148,184,188,71,117,70,28,42,6,1,5,4,2,2,301,301,54,116,61,41,12,14,3,246,186,60,16,223,2,42,63
533826281,0,,,186,88,98,24,11,13,162,77,85,119,56,63,155,73,82,152,72,80,43,21,22,27,10,17,4,1,3,0,0,0,3,1,2,70,70,13,22,21,8,2,4,0,57,48,9,8,33,0,8,8
533826283,0,,,357,189,168,38,25,13,319,164,155,230,119,111,305,157,148,298,154,144,89,45,44,42,19,23,20,9,11,4,2,2,5,4,1,125,124,24,28,34,23,12,2,1,100,73,27,11,65,3,12,12
533826284,0,,,33,19,14,1,1,0,32,18,14,23,12,11,30,16,14,30,16,14,9,6,3,4,2,2,0,0,0,0,0,0,0,0,0,14,14,5,2,5,1,1,0,0,9,7,2,0,7,0,4,1
533826294,0,,,24,10,14,4,3,1,20,7,13,16,5,11,19,7,12,19,7,12,4,2,2,1,0,1,0,0,0,0,0,0,0,0,0,7,7,0,1,3,2,1,0,0,7,4,3,0,3,0,0,0
533826302,0,,,43,18,25,4,1,3,39,17,22,25,10,15,39,17,22,39,17,22,14,7,7,6,3,3,4,3,1,1,1,0,0,0,0,16,16,6,4,1,2,1,1,1,10,6,4,1,10,1,4,2
533826311,0,,,413,198,215,41,17,24,367,176,191,258,123,135,362,176,186,354,172,182,109,53,56,59,30,29,15,8,7,2,0,2,8,5,3,183,183,63,51,42,17,6,4,0,118,100,18,12,70,27,11,19
533826312,0,,,466,224,242,64,32,32,402,192,210,249,117,132,381,183,198,373,179,194,153,75,78,84,35,49,32,13,19,5,2,3,2,0,2,166,166,32,47,38,28,14,6,1,134,107,27,16,100,0,21,27
533826313,0,,,199,102,97,17,11,6,167,82,85,104,53,51,161,78,83,161,78,83,63,29,34,28,11,17,8,2,6,1,0,1,22,9,13,104,104,57,23,7,13,2,1,1,45,34,11,3,42,10,13,10
533826314,0,,,437,229,208,47,32,15,380,193,187,244,131,113,368,187,181,361,181,180,136,62,74,77,30,47,36,15,21,2,1,1,3,2,1,180,180,62,49,30,23,10,3,3,116,92,24,12,92,11,26,25
533826321,1,,533826323,50,26,24,5,4,1,48,24,24,33,17,16,46,24,22,45,24,21,15,7,8,4,3,1,0,0,0,0,0,0,0,0,0,18,18,3,9,4,1,2,1,0,16,12,4,2,9,0,1,3
533826323,2,533826321,,3,2,1,*,*,*,*,*,*,*,*,*,*,*,*,*,*,*,*,*,*,*,*,*,*,*,*,*,*,*,*,*,*,2,2,*,*,*,*,*,*,*,*,*,*,*,*,*,*,*
533826364,0,,,121,56,65,2,0,2,119,56,63,94,43,51,116,54,62,115,54,61,25,13,12,7,2,5,1,0,1,0,0,0,0,0,0,48,48,11,11,18,6,2,0,0,37,34,3,1,19,0,4,5
533826371,0,,,249,112,137,33,14,19,216,98,118,146,66,80,205,93,112,197,89,108,70,32,38,27,12,15,7,3,4,1,0,1,0,0,0,90,90,26,16,19,18,7,1,3,64,51,13,9,48,1,15,10
533826372,0,,,375,184,191,44,25,19,331,159,172,201,100,101,321,155,166,315,154,161,130,59,71,70,29,41,19,7,12,2,1,1,0,0,0,132,132,15,49,34,19,8,6,1,116,92,24,11,82,1,10,26
533826373,0,,,74,34,40,7,2,5,67,32,35,48,24,24,65,32,33,63,32,31,19,8,11,10,3,7,4,1,3,0,0,0,6,3,3,37,37,16,12,4,3,2,0,0,21,17,4,1,14,5,3,6
533826381,0,,,357,182,175,27,16,11,330,166,164,217,105,112,312,158,154,300,154,146,113,61,52,48,22,26,13,6,7,2,0,2,1,0,1,127,127,20,44,27,19,12,3,2,106,81,25,2,80,0,13,23
533826382,0,,,482,243,239,45,33,12,436,209,227,276,140,136,422,202,220,415,199,216,160,69,91,84,31,53,30,7,23,4,2,2,4,3,1,175,175,31,55,43,26,13,6,1,142,106,36,13,110,1,20,24
533826383,0,,,26,13,13,3,1,2,23,12,11,20,10,10,22,11,11,22,11,11,3,2,1,0,0,0,0,0,0,0,0,0,0,0,0,10,10,1,4,3,2,0,0,0,9,9,0,1,2,0,0,1
533826384,0,,,153,76,77,18,8,10,135,68,67,98,48,50,127,63,64,127,63,64,37,20,17,11,6,5,2,1,1,0,0,0,2,0,2,55,55,9,20,14,5,3,2,2,46,40,6,4,25,0,6,8
533826391,0,,,112,39,73,2,0,2,110,39,71,28,19,9,108,37,71,105,34,71,82,20,62,71,16,55,53,6,47,16,2,14,0,0,0,16,15,3,3,4,4,0,1,0,11,8,3,0,9,0,2,1
533826392,0,,,204,101,103,16,8,8,188,93,95,98,53,45,185,93,92,183,92,91,90,40,50,48,20,28,17,1,16,1,0,1,0,0,0,76,76,14,24,20,12,3,2,1,62,49,13,3,56,0,11,12
533826393,0,,,298,156,142,35,19,16,263,137,126,195,105,90,255,133,122,250,132,118,68,32,36,30,14,16,6,2,4,3,1,2,1,0,1,112,112,26,31,24,22,5,3,1,86,68,18,16,44,7,4,11
533826394,0,,,501,238,263,85,42,43,416,196,220,287,142,145,399,190,209,391,187,204,129,54,75,63,25,38,19,7,12,1,0,1,10,7,3,196,196,43,71,36,32,7,4,3,153,130,23,21,86,5,20,23
533826412,1,,533826414;533826511,107,55,52,13,7,6,98,51,47,58,30,28,95,49,46,94,49,45,40,21,19,20,8,12,6,2,4,0,0,0,0,0,0,40,40,8,15,12,1,3,3,0,34,23,11,2,28,0,5,7
533826414,2,533826412,,2,2,0,*,*,*,*,*,*,*,*,*,*,*,*,*,*,*,*,*,*,*,*,*,*,*,*,*,*,*,*,*,*,1,1,*,*,*,*,*,*,*,*,*,*,*,*,*,*,*
533826482,2,533826491,,4,1,3,*,*,*,*,*,*,*,*,*,*,*,*,*,*,*,*,*,*,*,*,*,*,*,*,*,*,*,*,*,*,1,1,*,*,*,*,*,*,*,*,*,*,*,*,*,*,*
533826491,1,,533826482,531,248,283,78,41,37,457,208,249,306,143,163,441,201,240,426,195,231,151,65,86,83,38,45,27,12,15,1,0,1,6,3,3,200,200,37,69,41,40,8,5,1,162,136,26,18,97,1,17,36
533826492,0,,,726,361,365,89,48,41,630,307,323,400,205,195,610,300,310,600,296,304,230,102,128,137,60,77,43,14,29,2,0,2,2,0,2,277,277,62,82,65,44,18,4,2,213,169,44,26,151,3,33,41
533826493,0,,,48,21,27,7,3,4,41,18,23,29,14,15,37,16,21,36,16,20,12,4,8,6,2,4,0,0,0,0,0,0,0,0,0,18,18,6,5,1,2,3,1,0,12,9,3,1,10,0,5,2
533826494,0,,,601,294,307,67,35,32,534,259,275,314,160,154,515,249,266,508,245,263,220,99,121,116,46,70,32,12,20,4,0,4,24,13,11,230,230,54,72,43,38,17,5,1,174,131,43,16,148,10,28,46
533826511,2,533826412,,2,1,1,*,*,*,*,*,*,*,*,*,*,*,*,*,*,*,*,*,*,*,*,*,*,*,*,*,*,*,*,*,*,1,1,*,*,*,*,*,*,*,*,*,*,*,*,*,*,*
533826592,0,,,74,34,40,7,4,3,63,28,35,34,15,19,62,28,34,60,26,34,29,13,16,14,5,9,4,1,3,0,0,0,1,0,1,31,31,5,15,6,4,1,0,0,23,19,4,1,20,0,4,8
533826683,2,533826782,,6,2,4,*,*,*,*,*,*,*,*,*,*,*,*,*,*,*,*,*,*,*,*,*,*,*,*,*,*,*,*,*,*,2,2,*,*,*,*,*,*,*,*,*,*,*,*,*,*,*
533826764,1,,533826862,13,7,6,0,0,0,79,48,31,53,31,22,79,48,31,75,45,30,26,17,9,10,5,5,1,1,0,0,0,0,0,0,0,5,5,1,3,3,0,0,0,0,6,6,0,0,5,0,1,2
533826774,0,,,14,7,7,3,2,1,11,5,6,11,5,6,9,5,4,9,5,4,0,0,0,0,0,0,0,0,0,0,0,0,1,0,1,4,4,0,1,0,3,0,0,0,4,4,0,0,0,0,0,0
533826782,1,,533826683,8,3,5,0,0,0,14,5,9,8,3,5,13,5,8,13,5,8,6,2,4,3,1,2,1,0,1,1,0,1,0,0,0,3,3,1,1,2,0,1,0,0,4,2,2,0,4,0,0,1
533826783,0,,,84,40,44,9,4,5,75,36,39,47,25,22,74,35,39,74,35,39,28,11,17,13,4,9,5,1,4,0,0,0,0,0,0,31,31,3,12,11,3,0,2,0,28,24,4,2,17,0,2,5
533826784,0,,,233,130,103,18,9,9,215,121,94,140,82,58,208,116,92,202,113,89,75,39,36,39,20,19,13,4,9,1,0,1,13,12,1,95,95,30,29,14,13,3,6,0,64,53,11,4,52,5,9,14
533826791,0,,,74,44,30,9,5,4,65,39,26,46,31,15,59,34,25,59,34,25,19,8,11,7,3,4,1,0,1,0,0,0,1,0,1,20,20,2,4,5,1,3,5,0,18,12,6,1,12,0,1,2
533826792,0,,,160,82,78,20,11,9,140,71,69,98,51,47,136,68,68,135,68,67,42,20,22,13,6,7,4,2,2,1,1,0,0,0,0,58,58,12,16,14,10,4,1,1,45,35,10,3,31,0,6,7
533826793,0,,,158,73,85,18,8,10,139,64,75,77,33,44,136,64,72,135,63,72,62,31,31,35,18,17,11,5,6,1,0,1,0,0,0,60,60,17,20,5,10,5,1,2,42,31,11,3,45,0,12,14
533826794,1,,533826892,93,53,40,6,5,1,94,53,41,63,38,25,92,53,39,89,52,37,31,15,16,7,2,5,5,2,3,0,0,0,4,4,0,39,39,18,12,5,2,2,3,1,25,20,5,1,21,7,4,7
533826813,0,,,12,4,8,0,0,0,12,4,8,3,1,2,12,4,8,12,4,8,9,3,6,6,3,3,3,1,2,0,0,0,0,0,0,5,5,1,3,0,0,1,0,0,4,3,1,0,5,0,1,2
533826862,2,533826764,,66,41,25,*,*,*,*,*,*,*,*,*,*,*,*,*,*,*,*,*,*,*,*,*,*,*,*,*,*,*,*,*,*,4,2,*,*,*,*,*,*,*,*,*,*,*,*,*,*,*
533826871,2,533826872,,9,4,5,*,*,*,*,*,*,*,*,*,*,*,*,*,*,*,*,*,*,*,*,*,*,*,*,*,*,*,*,*,*,4,4,*,*,*,*,*,*,*,*,*,*,*,*,*,*,*
533826872,1,,533826871,2,2,0,1,1,0,10,5,5,6,4,2,10,5,5,10,5,5,4,1,3,3,1,2,2,1,1,0,0,0,2,2,0,2,2,3,2,0,1,0,0,0,3,3,0,0,3,1,1,0
533826881,0,,,16,6,10,0,0,0,16,6,10,16,6,10,16,6,10,16,6,10,0,0,0,0,0,0,0,0,0,0,0,0,12,4,8,14,14,12,2,0,0,0,0,0,2,2,0,0,0,10,0,0
533826882,0,,,56,27,29,9,5,4,47,22,25,25,12,13,45,21,24,45,21,24,22,10,12,15,7,8,4,2,2,0,0,0,0,0,0,23,23,7,7,3,4,2,0,0,16,14,2,1,15,0,5,5
533826892,2,533826794,,7,5,2,*,*,*,*,*,*,*,*,*,*,*,*,*,*,*,*,*,*,*,*,*,*,*,*,*,*,*,*,*,*,4,4,*,*,*,*,*,*,*,*,*,*,*,*,*,*,*
533826902,2,533826904,,5,2,3,*,*,*,*,*,*,*,*,*,*,*,*,*,*,*,*,*,*,*,*,*,*,*,*,*,*,*,*,*,*,3,3,*,*,*,*,*,*,*,*,*,*,*,*,*,*,*
533826904,1,,533826902,29,16,13,1,0,1,33,18,15,20,12,8,32,18,14,32,18,14,13,6,7,7,3,4,0,0,0,0,0,0,0,0,0,10,10,2,6,3,1,0,0,1,11,9,2,0,9,0,2,3
533826911,0,,,28,14,14,0,0,0,28,14,14,19,9,10,28,14,14,28,14,14,9,5,4,3,1,2,2,1,1,0,0,0,0,0,0,11,11,4,1,2,4,0,0,0,7,6,1,0,5,0,1,1
533827091,0,,,43,22,21,3,2,1,40,20,20,21,14,7,39,19,20,39,19,20,19,6,13,8,2,6,3,1,2,0,0,0,0,0,0,20,20,8,6,2,3,1,0,0,12,8,4,1,14,0,5,5
533827093,0,,,66,25,41,5,1,4,61,24,37,37,16,21,60,23,37,60,23,37,24,8,16,15,4,11,8,2,6,0,0,0,1,1,0,20,20,3,5,1,7,2,2,0,17,8,9,1,16,0,2,3
533827094,0,,,42,22,20,10,4,6,32,18,14,18,10,8,32,18,14,32,18,14,14,8,6,7,5,2,2,2,0,0,0,0,0,0,0,16,16,3,8,0,4,0,0,1,13,11,2,3,8,0,0,6
533827102,0,,,10,5,5,0,0,0,8,4,4,5,3,2,8,4,4,8,4,4,3,1,2,1,0,1,1,0,1,0,0,0,0,0,0,5,5,1,3,1,0,0,0,0,3,2,1,0,2,0,1,1
533827103,2,533827104,,2,1,1,*,*,*,*,*,*,*,*,*,*,*,*,*,*,*,*,*,*,*,*,*,*,*,*,*,*,*,*,*,*,1,1,*,*,*,*,*,*,*,*,*,*,*,*,*,*,*
533827104,1,,533827103,83,40,43,4,3,1,73,35,38,41,23,18,71,34,37,69,34,35,32,12,20,14,5,9,6,0,6,1,0,1,0,0,0,31,31,5,11,9,5,1,1,0,25,19,6,0,20,0,4,5
533827111,0,,,25,10,15,0,0,0,20,8,12,14,4,10,19,8,11,18,8,10,6,4,2,1,0,1,1,0,1,0,0,0,4,1,3,9,9,0,4,4,0,1,0,0,8,8,0,0,5,0,0,2
533827113,0,,,46,25,21,5,4,1,41,21,20,22,12,10,40,20,20,40,20,20,19,9,10,9,4,5,6,2,4,0,0,0,1,0,1,15,15,2,3,3,6,1,0,0,13,8,5,1,11,0,2,3
533827134,0,,,70,33,37,1,1,0,69,32,37,38,19,19,66,31,35,65,31,34,31,13,18,13,4,9,3,0,3,0,0,0,0,0,0,25,25,3,7,11,1,2,1,0,22,13,9,0,20,0,2,4
533827153,1,,533827161,74,39,35,2,2,0,72,37,35,42,22,20,70,36,34,70,36,34,30,15,15,22,10,12,12,6,6,1,1,0,0,0,0,28,28,7,8,9,2,2,0,1,22,14,8,0,19,0,3,5
533827161,2,533827153,,1,1,0,*,*,*,*,*,*,*,*,*,*,*,*,*,*,*,*,*,*,*,*,*,*,*,*,*,*,*,*,*,*,1,1,*,*,*,*,*,*,*,*,*,*,*,*,*,*,*
533827191,1,,533827192,5,4,1,1,0,1,27,16,11,13,10,3,27,16,11,27,16,11,14,6,8,3,1,2,2,0,2,1,0,1,0,0,0,4,4,10,6,2,0,0,0,0,8,7,1,1,9,0,4,2
533827192,2,533827191,,23,12,11,*,*,*,*,*,*,*,*,*,*,*,*,*,*,*,*,*,*,*,*,*,*,*,*,*,*,*,*,*,*,14,14,*,*,*,*,*,*,*,*,*,*,*,*,*,*,*
533827201,0,,,107,52,55,7,4,3,100,48,52,70,34,36,95,48,47,93,47,46,30,14,16,14,5,9,8,3,5,0,0,0,1,0,1,41,41,8,14,10,7,0,1,1,33,26,7,1,22,0,5,6
533827202,0,,,15,8,7,2,2,0,13,6,7,11,5,6,11,5,6,11,5,6,2,1,1,0,0,0,0,0,0,0,0,0,0,0,0,4,4,0,1,1,1,0,1,0,4,3,1,1,1,0,0,0
533827203,0,,,32,14,18,2,1,1,30,13,17,19,8,11,29,12,17,29,12,17,11,5,6,5,2,3,1,0,1,0,0,0,0,0,0,13,13,4,4,2,1,2,0,0,9,6,3,0,8,0,2,3
533827232,0,,,36,16,20,6,1,5,30,15,15,15,7,8,29,14,15,29,14,15,15,8,7,8,4,4,4,2,2,0,0,0,0,0,0,11,11,2,4,1,2,0,1,1,9,5,4,1,9,0,2,3
533827241,0,,,49,23,26,6,2,4,43,21,22,25,14,11,42,20,22,41,20,21,18,7,11,6,2,4,2,0,2,1,0,1,0,0,0,16,16,2,5,4,3,1,0,1,14,9,5,2,13,0,2,1
533827242,0,,,12,6,6,0,0,0,12,6,6,3,2,1,12,6,6,12,6,6,9,4,5,3,1,2,0,0,0,0,0,0,0,0,0,5,5,1,2,1,1,0,0,0,4,3,1,0,5,0,1,2
533827243,0,,,21,13,8,0,0,0,21,13,8,15,10,5,20,13,7,20,13,7,6,3,3,2,1,1,2,1,1,0,0,0,0,0,0,11,11,7,1,1,1,1,0,0,4,3,1,0,4,5,2,1
533827251,0,,,15,6,9,0,0,0,15,6,9,6,3,3,15,6,9,15,6,9,9,3,6,3,0,3,1,0,1,0,0,0,0,0,0,6,6,0,4,1,1,0,0,0,6,6,0,0,6,0,0,2
533827301,0,,,80,43,37,6,4,2,74,39,35,43,21,22,73,39,34,73,39,34,31,18,13,9,5,4,6,3,3,0,0,0,0,0,0,34,34,8,14,7,3,1,1,0,26,22,4,2,22,0,6,6
533827303,0,,,328,158,170,70,43,27,258,115,143,166,76,90,245,112,133,242,110,132,92,39,53,41,20,21,15,6,9,1,0,1,1,0,1,118,118,24,31,29,20,9,5,0,94,79,15,21,63,1,15,17
533827322,2,533827324,,1,0,1,*,*,*,*,*,*,*,*,*,*,*,*,*,*,*,*,*,*,*,*,*,*,*,*,*,*,*,*,*,*,1,1,*,*,*,*,*,*,*,*,*,*,*,*,*,*,*
533827323,0,,,41,17,24,8,4,4,32,13,19,26,12,14,31,13,18,31,13,18,6,1,5,2,0,2,0,0,0,0,0,0,0,0,0,18,18,6,5,3,4,0,0,0,12,12,0,2,5,0,4,0
533827324,1,,533827322,331,149,182,35,14,21,291,132,159,170,75,95,283,131,152,276,128,148,121,57,64,51,19,32,17,5,12,1,0,1,2,0,2,132,132,32,50,22,18,5,5,1,98,78,20,8,77,0,21,23
533827331,0,,,24,12,12,0,0,0,24,12,12,15,8,7,24,12,12,24,12,12,9,4,5,4,1,3,1,0,1,0,0,0,0,0,0,8,8,0,3,3,1,1,0,0,8,6,2,0,6,0,0,2
533827332,1,,533827334,29,14,15,4,0,4,36,18,18,24,13,11,33,17,16,33,17,16,12,5,7,7,3,4,2,1,1,0,0,0,0,0,0,10,10,1,3,3,6,0,0,0,12,9,3,0,8,0,1,2
533827333,0,,,90,47,43,6,3,3,84,44,40,48,25,23,83,44,39,81,42,39,36,19,17,15,8,7,4,2,2,0,0,0,1,1,0,35,35,11,10,5,6,0,2,1,24,16,8,2,23,0,6,7
533827334,2,533827332,,11,4,7,*,*,*,*,*,*,*,*,*,*,*,*,*,*,*,*,*,*,*,*,*,*,*,*,*,*,*,*,*,*,3,3,*,*,*,*,*,*,*,*,*,*,*,*,*,*,*
533827401,0,,,449,206,243,51,28,23,373,171,202,235,106,129,366,167,199,360,164,196,138,65,73,48,19,29,18,7,11,1,0,1,47,23,24,202,202,59,81,33,19,8,1,1,138,129,9,18,96,0,31,39
533827402,0,,,20,11,9,3,3,0,17,8,9,9,5,4,15,7,8,14,6,8,8,3,5,5,2,3,3,1,2,0,0,0,0,0,0,9,9,4,1,2,2,0,0,0,5,5,0,0,6,0,4,1
533827403,0,,,364,190,174,56,25,31,302,159,143,219,118,101,288,154,134,278,147,131,83,41,42,37,18,19,12,5,7,0,0,0,7,2,5,146,145,37,47,26,24,9,1,1,106,101,5,17,53,6,14,20
533827404,0,,,404,197,207,25,10,15,363,178,185,236,116,120,361,178,183,336,162,174,127,62,65,62,28,34,30,12,18,2,0,2,12,2,10,193,193,90,44,27,18,11,3,0,101,82,19,6,90,36,18,23
533827412,0,,,696,349,347,12,7,5,469,235,234,430,218,212,468,235,233,336,172,164,39,17,22,23,10,13,5,2,3,0,0,0,19,9,10,633,633,593,27,7,3,2,1,0,37,35,2,4,29,234,9,9
533827413,0,,,363,175,188,35,20,15,296,137,159,187,93,94,291,134,157,281,130,151,109,44,65,64,25,39,24,7,17,0,0,0,4,0,4,170,170,92,22,19,21,11,4,1,78,50,28,12,72,22,15,12
533827414,0,,,1197,398,799,27,8,19,994,329,665,887,272,615,987,328,659,734,264,470,107,57,50,53,26,27,22,10,12,3,1,2,16,8,8,1009,1008,926,40,18,12,9,2,1,81,65,16,7,71,482,15,25
533827421,0,,,55,27,28,5,2,3,50,25,25,28,13,15,48,24,24,47,24,23,22,12,10,12,4,8,1,0,1,0,0,0,1,0,1,21,21,4,9,3,2,2,1,0,17,14,3,0,14,0,2,7
533827422,0,,,260,125,135,26,15,11,234,110,124,166,79,87,224,102,122,215,98,117,68,31,37,28,10,18,11,2,9,0,0,0,1,0,1,86,86,16,22,13,21,9,3,2,70,46,24,7,51,0,11,10
533827423,0,,,328,131,197,14,5,9,299,120,179,272,105,167,298,119,179,221,96,125,27,15,12,11,6,5,2,2,0,0,0,0,2,2,0,266,266,231,19,8,6,1,1,0,33,28,5,4,19,128,3,7
533827424,0,,,413,197,216,63,35,28,344,160,184,241,115,126,329,153,176,318,147,171,103,45,58,50,23,27,11,5,6,0,0,0,19,0,19,161,161,49,44,21,30,10,6,1,111,93,18,6,73,15,16,16
533827434,2,533827531,,1,1,0,*,*,*,*,*,*,*,*,*,*,*,*,*,*,*,*,*,*,*,*,*,*,*,*,*,*,*,*,*,*,1,1,*,*,*,*,*,*,*,*,*,*,*,*,*,*,*
533827501,0,,,171,91,80,28,17,11,143,74,69,108,59,49,135,69,66,131,68,63,35,15,20,16,6,10,8,4,4,2,1,1,16,15,1,57,57,15,14,6,12,4,2,4,41,24,17,5,24,9,2,5
533827502,0,,,195,104,91,16,5,11,175,98,77,128,73,55,162,91,71,157,88,69,47,25,22,20,13,7,4,2,2,0,0,0,9,4,5,83,83,31,22,10,14,3,2,1,51,43,8,3,34,8,8,8
533827511,0,,,138,67,71,16,7,9,107,50,57,86,39,47,106,50,56,96,48,48,21,11,10,7,3,4,3,1,2,0,0,0,1,0,1,78,78,51,9,8,7,2,0,1,27,24,3,4,14,20,5,3
533827512,0,,,1069,447,622,56,34,22,881,352,529,709,286,423,860,340,520,717,298,419,172,66,106,90,33,57,29,5,24,2,0,2,8,6,2,756,756,603,70,41,19,15,5,3,152,124,28,10,115,271,34,28
533827514,0,,,60,24,36,2,0,2,50,23,27,30,13,17,50,23,27,44,22,22,20,10,10,5,3,2,1,1,0,0,0,0,0,0,0,40,40,28,4,8,0,0,0,0,12,10,2,1,13,7,4,4
533827521,0,,,858,401,457,41,24,17,718,331,387,564,263,301,704,323,381,610,283,327,154,68,86,76,30,46,29,9,20,3,0,3,8,4,4,601,601,482,52,29,17,11,8,2,117,87,30,7,103,249,22,27
533827522,0,,,310,156,154,30,20,10,279,136,143,177,87,90,271,131,140,264,129,135,102,49,53,55,27,28,17,10,7,1,0,1,3,2,1,116,116,27,34,28,13,8,4,2,89,71,18,7,62,4,9,15
533827523,0,,,802,378,424,49,24,25,706,331,375,451,226,225,679,312,367,637,296,341,255,105,150,138,54,84,41,12,29,4,0,4,11,4,7,410,410,220,88,44,29,18,9,2,188,145,43,8,173,76,46,47
533827524,0,,,129,64,65,6,4,2,115,55,60,72,37,35,101,50,51,96,45,51,43,18,25,31,10,21,13,4,9,3,1,2,0,0,0,60,59,28,16,6,3,3,2,1,31,21,10,2,31,6,6,8
533827531,1,,533827434,165,87,78,23,16,7,142,72,70,103,55,48,136,68,68,130,64,66,39,17,22,22,9,13,9,2,7,1,1,0,1,0,1,58,58,9,21,11,10,6,2,0,48,38,10,8,27,0,4,7
533827532,0,,,120,65,55,27,13,14,92,52,40,68,40,28,89,49,40,88,48,40,24,12,12,13,6,7,2,2,0,0,0,0,0,0,0,37,37,8,3,9,9,6,1,1,29,22,7,6,14,1,1,2
533827533,0,,,230,119,111,34,19,15,196,100,96,142,76,66,192,98,94,188,96,92,54,24,30,28,13,15,5,2,3,1,0,1,2,1,1,82,82,8,34,18,14,6,1,1,74,66,8,9,38,1,6,11
533827534,0,,,357,182,175,50,20,30,302,158,144,217,115,102,296,155,141,290,153,137,85,43,42,28,14,14,5,2,3,1,0,1,14,11,3,150,150,46,44,33,16,7,3,1,102,91,11,12,58,8,10,12
533827541,2,533827542,,11,6,5,*,*,*,*,*,*,*,*,*,*,*,*,*,*,*,*,*,*,*,*,*,*,*,*,*,*,*,*,*,*,3,3,*,*,*,*,*,*,*,*,*,*,*,*,*,*,*
533827542,1,,533827541,26,12,14,1,0,1,36,18,18,23,13,10,34,17,17,34,17,17,13,5,8,8,4,4,2,0,2,0,0,0,0,0,0,9,9,1,3,2,6,0,0,0,11,5,6,0,9,0,0,2
533827543,2,533827544,,7,2,5,*,*,*,*,*,*,*,*,*,*,*,*,*,*,*,*,*,*,*,*,*,*,*,*,*,*,*,*,*,*,3,3,*,*,*,*,*,*,*,*,*,*,*,*,*,*,*
533827544,1,,533827543,112,60,52,15,7,8,102,54,48,74,42,32,100,52,48,98,51,47,28,12,16,11,3,8,5,2,3,0,0,0,6,1,5,47,47,20,10,9,7,2,1,1,30,24,6,4,21,1,4,2
533827553,0,,,60,26,34,1,0,1,59,26,33,40,18,22,59,26,33,57,25,32,19,8,11,11,4,7,5,1,4,0,0,0,0,0,0,20,20,3,6,4,4,1,2,0,17,14,3,0,13,0,3,2
533827554,1,,533827652;533827661;533827663,118,56,62,13,7,6,119,58,61,75,40,35,117,57,60,114,56,58,44,18,26,20,9,11,10,5,5,0,0,0,1,0,1,41,41,10,10,10,9,6,1,0,36,24,12,2,32,0,8,2
533827563,0,,,42,22,20,5,2,3,37,20,17,26,15,11,37,20,17,37,20,17,11,5,6,6,2,4,3,0,3,0,0,0,0,0,0,17,17,5,4,4,3,1,0,0,12,7,5,0,9,0,1,2
533827601,1,,533827603,36,21,15,4,3,1,33,19,14,26,15,11,31,17,14,31,17,14,7,4,3,2,1,1,1,0,1,0,0,0,0,0,0,16,16,8,4,2,1,1,1,0,8,7,1,1,6,0,4,1
533827602,0,,,11,5,6,0,0,0,11,5,6,7,4,3,11,5,6,11,5,6,4,1,3,4,1,3,3,1,2,0,0,0,0,0,0,4,4,1,0,2,1,0,0,0,3,1,2,0,3,0,0,0
533827603,2,533827601,,1,1,0,*,*,*,*,*,*,*,*,*,*,*,*,*,*,*,*,*,*,*,*,*,*,*,*,*,*,*,*,*,*,1,1,*,*,*,*,*,*,*,*,*,*,*,*,*,*,*
533827604,0,,,14,6,8,0,0,0,14,6,8,8,3,5,14,6,8,14,6,8,6,3,3,2,0,2,1,0,1,0,0,0,0,0,0,5,5,1,0,3,1,0,0,0,4,3,1,0,4,0,1,0
533827611,0,,,12,7,5,1,1,0,11,6,5,4,3,1,10,5,5,9,4,5,7,3,4,1,0,1,1,0,1,0,0,0,0,0,0,4,4,1,2,0,0,0,0,1,3,2,1,0,4,0,1,2
533827612,0,,,92,47,45,13,8,5,79,39,40,43,21,22,77,37,40,76,36,40,36,18,18,12,6,6,3,1,2,0,0,0,0,0,0,34,34,5,13,8,5,2,0,1,28,24,4,2,22,0,4,11
533827613,0,,,56,28,28,2,0,2,54,28,26,32,18,14,54,28,26,54,28,26,22,10,12,6,3,3,1,1,0,0,0,0,0,0,0,24,24,6,8,7,2,1,0,0,18,17,1,0,16,0,6,3
533827614,0,,,92,45,47,7,2,5,85,43,42,52,30,22,82,42,40,79,40,39,33,13,20,14,5,9,4,2,2,0,0,0,1,1,0,33,33,5,11,8,5,3,1,0,27,20,7,2,21,0,2,5
533827621,0,,,253,111,142,31,15,16,222,96,126,128,56,72,211,92,119,206,90,116,94,40,54,41,13,28,20,7,13,2,0,2,0,0,0,108,108,36,38,12,11,7,2,2,72,63,9,8,69,3,26,20
533827622,0,,,493,217,276,28,16,12,464,201,263,218,109,109,455,198,257,452,197,255,246,92,154,158,57,101,70,20,50,13,4,9,3,0,3,206,205,58,78,43,15,7,2,2,145,121,24,6,151,5,42,41
533827623,0,,,92,50,42,5,4,1,87,46,41,57,31,26,86,45,41,85,44,41,30,15,15,19,10,9,8,5,3,0,0,0,0,0,0,42,42,17,11,7,4,2,1,0,25,19,6,1,21,2,8,3
533827624,0,,,845,414,431,71,40,31,771,373,398,439,239,200,755,361,394,742,356,386,332,134,198,174,65,109,58,16,42,7,3,4,18,14,4,379,379,136,119,57,43,18,4,2,243,194,49,18,239,23,74,53
533827632,0,,,15,7,8,0,0,0,15,7,8,4,2,2,15,7,8,15,7,8,11,5,6,4,2,2,1,1,0,0,0,0,0,0,0,7,7,1,5,0,1,0,0,0,6,5,1,0,6,0,1,4
533827634,0,,,97,41,56,5,1,4,91,40,51,60,26,34,85,40,45,78,35,43,31,14,17,20,9,11,3,1,2,0,0,0,0,0,0,44,44,14,16,8,3,3,0,0,30,28,2,2,22,0,9,6
533827641,1,,533827644,318,155,163,51,20,31,273,138,135,181,95,86,264,134,130,258,131,127,92,43,49,48,17,31,10,4,6,1,0,1,4,1,3,122,122,32,36,24,15,11,6,0,90,73,17,9,64,0,18,16
533827642,0,,,67,34,33,12,6,6,54,28,26,32,18,14,52,28,24,51,27,24,22,10,12,10,5,5,3,2,1,0,0,0,0,0,0,23,23,7,2,6,5,1,1,1,16,11,5,1,14,1,4,0
533827643,0,,,176,97,79,26,15,11,149,82,67,117,67,50,145,79,66,142,76,66,32,15,17,12,5,7,4,1,3,1,0,1,17,15,2,72,72,22,18,15,12,5,0,0,50,44,6,6,22,8,4,6
533827644,2,533827641,,9,3,6,*,*,*,*,*,*,*,*,*,*,*,*,*,*,*,*,*,*,*,*,*,*,*,*,*,*,*,*,*,*,2,2,*,*,*,*,*,*,*,*,*,*,*,*,*,*,*
533827652,2,533827554,,6,5,1,*,*,*,*,*,*,*,*,*,*,*,*,*,*,*,*,*,*,*,*,*,*,*,*,*,*,*,*,*,*,2,2,*,*,*,*,*,*,*,*,*,*,*,*,*,*,*
533827661,2,533827554,,5,2,3,*,*,*,*,*,*,*,*,*,*,*,*,*,*,*,*,*,*,*,*,*,*,*,*,*,*,*,*,*,*,2,2,*,*,*,*,*,*,*,*,*,*,*,*,*,*,*
533827663,2,533827554,,3,2,1,*,*,*,*,*,*,*,*,*,*,*,*,*,*,*,*,*,*,*,*,*,*,*,*,*,*,*,*,*,*,1,1,*,*,*,*,*,*,*,*,*,*,*,*,*,*,*
533827691,2,533827782,,1,1,0,*,*,*,*,*,*,*,*,*,*,*,*,*,*,*,*,*,*,*,*,*,*,*,*,*,*,*,*,*,*,1,1,*,*,*,*,*,*,*,*,*,*,*,*,*,*,*
533827701,0,,,54,24,30,7,4,3,47,20,27,28,11,17,46,20,26,46,20,26,19,9,10,9,2,7,3,1,2,0,0,0,0,0,0,21,21,3,6,9,3,0,0,0,18,15,3,1,13,0,2,2
533827702,2,533827704,,6,4,2,*,*,*,*,*,*,*,*,*,*,*,*,*,*,*,*,*,*,*,*,*,*,*,*,*,*,*,*,*,*,2,2,*,*,*,*,*,*,*,*,*,*,*,*,*,*,*
533827703,0,,,146,70,76,17,10,7,129,60,69,77,36,41,124,57,67,121,57,64,52,24,28,33,13,20,10,5,5,1,1,0,0,0,0,49,49,6,20,7,7,5,3,1,43,29,14,2,35,0,5,12
533827704,1,,533827702,213,108,105,26,13,13,189,97,92,109,58,51,184,93,91,178,92,86,80,39,41,42,18,24,16,3,13,1,0,1,1,0,1,75,75,15,30,10,8,6,4,4,62,43,19,5,51,1,6,10
533827711,0,,,116,60,56,10,6,4,104,53,51,60,34,26,101,52,49,100,51,49,44,19,25,18,8,10,7,4,3,2,1,1,0,0,0,46,46,8,19,11,5,2,0,1,37,28,9,5,27,0,4,10
533827712,0,,,117,56,61,21,8,13,96,48,48,62,31,31,94,47,47,92,45,47,34,17,17,12,6,6,7,3,4,0,0,0,3,0,3,43,43,11,10,9,7,5,1,0,32,29,3,6,22,0,4,6
533827713,0,,,155,77,78,12,6,6,143,71,72,85,45,40,142,70,72,137,69,68,58,26,32,35,15,20,15,8,7,1,1,0,1,0,1,61,61,13,22,13,8,3,2,0,48,38,10,4,37,1,7,13
533827714,0,,,226,114,112,14,6,8,206,105,101,124,73,51,202,102,100,197,98,99,82,32,50,47,16,31,20,4,16,2,0,2,1,0,1,86,86,16,28,25,9,5,3,0,68,47,21,5,56,0,8,11
533827721,0,,,270,129,141,45,25,20,220,101,119,142,68,74,212,98,114,206,95,111,78,33,45,36,15,21,8,1,7,0,0,0,4,2,2,109,109,31,32,24,10,9,3,0,77,66,11,13,52,3,16,16
533827722,0,,,799,387,412,74,34,40,705,343,362,427,230,197,689,334,355,676,328,348,278,113,165,189,75,114,73,25,48,7,3,4,30,24,6,321,320,101,94,56,38,15,12,4,215,160,55,20,187,11,36,45
533827723,0,,,301,135,166,23,13,10,278,122,156,118,63,55,272,118,154,269,116,153,160,59,101,128,40,88,94,23,71,22,3,19,0,0,0,69,67,11,15,19,13,4,3,2,56,42,14,7,40,0,6,12
533827724,0,,,447,216,231,44,15,29,380,190,190,214,112,102,374,189,185,370,187,183,166,78,88,81,30,51,24,7,17,0,0,0,5,2,3,242,242,141,52,17,17,10,3,2,98,81,17,10,137,14,75,19
533827731,0,,,294,133,161,41,20,21,252,113,139,164,76,88,241,105,136,239,103,136,88,37,51,44,17,27,19,6,13,2,0,2,1,1,0,117,117,37,29,21,18,10,0,2,80,62,18,9,66,8,19,15
533827732,0,,,175,87,88,8,3,5,167,84,83,96,52,44,164,84,80,160,81,79,71,32,39,34,13,21,9,3,6,1,0,1,0,0,0,71,71,16,22,21,8,4,0,0,54,47,7,2,47,0,11,12
533827733,0,,,599,291,308,50,21,29,544,268,276,335,169,166,530,262,268,525,258,267,209,99,110,102,48,54,34,16,18,5,1,4,2,1,1,253,252,64,99,44,33,5,4,3,187,158,29,15,137,9,28,45
533827734,0,,,26,14,12,7,2,5,18,11,7,14,8,6,18,11,7,18,11,7,4,3,1,1,1,0,0,0,0,0,0,0,0,0,0,14,14,7,4,1,2,0,0,0,7,7,0,3,3,0,2,1
533827744,0,,,189,103,86,52,32,20,137,71,66,130,67,63,132,68,64,128,66,62,7,4,3,2,1,1,0,0,0,0,0,0,0,0,0,62,62,5,17,17,16,7,0,0,57,56,1,20,6,0,2,0
533827751,0,,,110,57,53,11,4,7,99,53,46,64,35,29,97,51,46,93,49,44,35,18,17,19,9,10,7,3,4,0,0,0,2,2,0,37,37,8,7,11,5,1,5,0,29,17,12,2,24,2,4,2
533827752,0,,,162,84,78,23,17,6,139,67,72,81,40,41,133,64,69,133,64,69,58,27,31,26,13,13,11,4,7,2,0,2,0,0,0,52,52,5,13,15,14,3,1,1,47,36,11,3,32,0,3,8
533827753,0,,,261,125,136,48,19,29,209,102,107,140,69,71,201,97,104,192,96,96,69,33,36,31,15,16,15,6,9,1,0,1,1,0,1,91,91,18,26,16,21,5,1,4,73,64,9,15,39,3,3,21
533827754,0,,,72,20,52,1,1,0,69,17,52,13,8,5,67,15,52,66,15,51,56,9,47,51,8,43,43,8,35,14,3,11,0,0,0,10,9,4,1,1,2,0,1,0,5,3,2,1,5,0,1,1
533827761,2,533827762,,3,1,2,*,*,*,*,*,*,*,*,*,*,*,*,*,*,*,*,*,*,*,*,*,*,*,*,*,*,*,*,*,*,1,1,*,*,*,*,*,*,*,*,*,*,*,*,*,*,*
533827762,1,,533827761,146,71,75,40,19,21,109,53,56,91,43,48,97,46,51,93,46,47,18,10,8,11,6,5,1,0,1,0,0,0,14,10,4,52,52,14,10,10,12,5,2,0,39,36,3,12,13,0,7,3
533827771,0,,,21,10,11,3,0,3,18,10,8,12,7,5,18,10,8,18,10,8,6,3,3,2,1,1,1,0,1,0,0,0,0,0,0,7,7,0,4,0,2,1,0,0,7,6,1,0,5,0,0,1
533827772,0,,,13,6,7,1,0,1,12,6,6,7,4,3,12,6,6,12,6,6,5,2,3,1,1,0,0,0,0,0,0,0,0,0,0,4,4,0,1,1,2,0,0,0,4,3,1,0,3,0,0,1
533827773,0,,,27,12,15,0,0,0,27,12,15,10,3,7,26,12,14,26,12,14,17,9,8,5,2,3,2,1,1,0,0,0,0,0,0,10,10,1,5,2,1,0,1,0,9,6,3,0,10,0,1,5
533827774,0,,,167,90,77,14,11,3,153,79,74,83,45,38,148,77,71,146,75,71,70,34,36,38,17,21,16,7,9,0,0,0,2,0,2,61,61,10,19,16,11,3,2,0,51,39,12,4,46,0,8,12
533827781,0,,,76,38,38,2,2,0,74,36,38,47,27,20,73,36,37,71,34,37,27,9,18,17,5,12,9,2,7,1,0,1,0,0,0,29,29,6,9,6,6,2,0,0,23,14,9,0,18,0,0,5
533827782,1,,533827691,107,54,53,1,0,1,107,55,52,56,30,26,103,54,49,103,54,49,51,25,26,25,10,15,6,0,6,0,0,0,0,0,0,41,41,5,18,10,8,1,0,0,36,30,6,0,31,0,3,14
533827783,0,,,42,21,21,5,2,3,37,19,18,25,14,11,37,19,18,36,19,17,12,5,7,6,2,4,3,0,3,0,0,0,0,0,0,14,14,4,4,0,3,1,1,1,10,5,5,0,8,0,2,1
533827791,1,,533827794,63,35,28,3,1,2,62,35,27,30,18,12,59,34,25,57,32,25,32,17,15,19,7,12,10,3,7,2,1,1,1,0,1,25,25,6,10,4,4,1,1,0,20,14,6,0,20,0,4,3
533827794,2,533827791,,2,1,1,*,*,*,*,*,*,*,*,*,*,*,*,*,*,*,*,*,*,*,*,*,*,*,*,*,*,*,*,*,*,1,1,*,*,*,*,*,*,*,*,*,*,*,*,*,*,*
533827821,1,,533827824,33,17,16,1,0,1,34,18,16,24,14,10,32,16,16,31,16,15,10,4,6,5,1,4,2,0,2,0,0,0,0,0,0,13,13,2,7,3,0,2,0,0,12,10,2,0,7,1,0,3
533827824,2,533827821,,2,1,1,*,*,*,*,*,*,*,*,*,*,*,*,*,*,*,*,*,*,*,*,*,*,*,*,*,*,*,*,*,*,1,1,*,*,*,*,*,*,*,*,*,*,*,*,*,*,*
533827831,0,,,878,439,439,57,28,29,818,410,408,499,258,241,801,402,399,777,392,385,319,152,167,190,76,114,74,23,51,4,0,4,6,3,3,289,286,86,85,60,31,18,3,3,200,164,36,14,137,14,33,41
533827832,0,,,349,163,186,33,19,14,309,141,168,218,102,116,299,137,162,292,133,159,91,39,52,47,17,30,20,7,13,3,1,2,9,4,5,141,141,37,45,28,22,5,3,1,104,82,22,10,61,4,10,10
533827833,0,,,204,98,106,19,10,9,180,84,96,124,54,70,175,82,93,170,80,90,56,30,26,29,12,17,9,4,5,0,0,0,1,1,0,99,99,44,23,18,10,4,0,0,55,49,6,5,43,6,19,10
533827834,0,,,681,350,331,113,58,55,546,281,265,450,230,220,532,274,258,515,267,248,96,51,45,44,21,23,10,3,7,2,0,2,9,4,5,295,295,111,71,50,43,16,3,1,180,163,17,34,69,30,18,19
533827841,0,,,46,25,21,9,6,3,37,19,18,29,15,14,34,18,16,33,18,15,8,4,4,3,2,1,2,1,1,1,1,0,1,0,1,13,13,1,1,5,4,1,0,1,12,10,2,1,4,0,1,0
533827842,0,,,105,48,57,11,5,6,94,43,51,56,26,30,88,40,48,84,38,46,38,17,21,9,2,7,7,2,5,0,0,0,0,0,0,39,39,9,11,8,8,0,3,0,30,25,5,1,25,0,7,7
533827843,0,,,674,338,336,88,34,54,581,301,280,415,218,197,563,289,274,550,280,270,166,83,83,79,40,39,17,7,10,0,0,0,5,5,0,276,275,68,95,55,42,11,4,0,203,184,19,35,110,6,25,39
533827844,0,,,200,104,96,45,24,21,155,80,75,125,62,63,149,76,73,144,74,70,30,18,12,9,3,6,4,1,3,1,0,1,2,0,2,68,68,9,21,12,19,5,2,0,59,52,7,17,22,0,3,9
533827884,0,,,15,9,6,0,0,0,15,9,6,3,2,1,15,9,6,15,9,6,12,7,5,6,4,2,2,1,1,1,1,0,0,0,0,6,6,1,3,1,0,1,0,0,5,4,1,0,6,0,1,2
533827891,2,533827893,,7,3,4,*,*,*,*,*,*,*,*,*,*,*,*,*,*,*,*,*,*,*,*,*,*,*,*,*,*,*,*,*,*,2,2,*,*,*,*,*,*,*,*,*,*,*,*,*,*,*
533827893,1,,533827891,38,19,19,3,1,2,42,21,21,18,9,9,42,21,21,42,21,21,24,12,12,11,6,5,3,2,1,0,0,0,0,0,0,16,16,3,6,6,3,0,0,0,15,11,4,2,15,0,2,5
533827903,0,,,78,11,67,0,0,0,78,11,67,1,1,0,78,11,67,78,11,67,77,10,67,75,9,66,63,5,58,15,1,14,0,0,0,2,0,0,0,0,0,0,0,0,0,0,0,0,0,0,0,0
533827931,0,,,62,10,52,0,0,0,62,10,52,2,0,2,62,10,52,62,10,52,60,10,50,58,10,48,43,7,36,15,1,14,0,0,0,5,4,2,1,0,1,0,0,0,2,2,0,0,4,0,2,1
533827932,0,,,67,32,35,6,2,4,61,30,31,31,15,16,59,29,30,59,29,30,30,15,15,18,10,8,5,1,4,0,0,0,0,0,0,24,24,2,9,8,3,1,1,0,22,18,4,1,17,0,1,8
533827934,0,,,9,4,5,0,0,0,9,4,5,5,2,3,9,4,5,9,4,5,4,2,2,3,1,2,0,0,0,0,0,0,0,0,0,4,4,0,3,1,0,0,0,0,4,4,0,0,3,0,0,0
533827941,0,,,353,160,193,25,4,21,314,150,164,224,107,117,307,146,161,300,142,158,90,43,47,47,22,25,18,7,11,1,0,1,22,6,16,171,171,74,56,16,15,5,3,2,95,81,14,7,59,24,13,18
533827942,0,,,292,151,141,40,22,18,244,126,118,188,93,95,241,125,116,237,123,114,56,33,23,31,16,15,14,9,5,2,1,1,6,0,6,138,138,53,39,27,15,4,0,0,84,74,10,17,38,13,9,9
533827944,0,,,255,122,133,34,17,17,220,104,116,144,70,74,215,100,115,205,95,110,76,34,42,27,13,14,5,2,3,0,0,0,4,1,3,101,101,30,24,25,14,5,2,1,71,58,13,11,51,3,14,12
533827953,0,,,78,35,43,18,10,8,60,25,35,51,22,29,56,23,33,55,23,32,9,3,6,4,1,3,2,0,2,0,0,0,9,5,4,34,34,10,12,6,5,0,1,0,24,24,0,6,7,0,2,1
533827974,0,,,19,8,11,0,0,0,19,8,11,5,3,2,19,8,11,19,8,11,14,5,9,6,1,5,5,1,4,0,0,0,0,0,0,11,11,6,3,1,1,0,0,0,5,3,2,0,8,0,3,1
533830031,2,533830034,,3,1,2,*,*,*,*,*,*,*,*,*,*,*,*,*,*,*,*,*,*,*,*,*,*,*,*,*,*,*,*,*,*,2,2,*,*,*,*,*,*,*,*,*,*,*,*,*,*,*
533830033,0,,,10,5,5,1,0,1,9,5,4,4,2,2,9,5,4,9,5,4,5,3,2,3,2,1,3,2,1,0,0,0,0,0,0,6,6,3,2,1,0,0,0,0,3,3,0,1,3,0,1,2
533830034,1,,533830031,88,40,48,13,6,7,78,35,43,38,16,22,75,35,40,74,35,39,40,19,21,23,9,14,9,1,8,1,0,1,1,0,1,37,37,12,13,6,5,3,0,0,27,21,6,3,26,0,7,5
533830043,1,,533830044,20,9,11,7,5,2,26,12,14,12,5,7,25,12,13,25,12,13,14,7,7,9,4,5,3,2,1,1,0,1,0,0,0,8,8,1,5,1,3,0,0,1,10,8,2,2,9,0,1,3
533830044,2,533830043,,13,8,5,*,*,*,*,*,*,*,*,*,*,*,*,*,*,*,*,*,*,*,*,*,*,*,*,*,*,*,*,*,*,3,3,*,*,*,*,*,*,*,*,*,*,*,*,*,*,*
533830051,2,533830053,,4,2,2,*,*,*,*,*,*,*,*,*,*,*,*,*,*,*,*,*,*,*,*,*,*,*,*,*,*,*,*,*,*,1,1,*,*,*,*,*,*,*,*,*,*,*,*,*,*,*
533830053,1,,533830051;533830054,22,12,10,8,4,4,32,16,16,15,8,7,30,16,14,29,15,14,17,8,9,14,6,8,3,1,2,0,0,0,0,0,0,8,8,3,3,3,4,0,1,0,11,11,0,2,10,0,3,3
533830054,2,533830053,,14,6,8,*,*,*,*,*,*,*,*,*,*,*,*,*,*,*,*,*,*,*,*,*,*,*,*,*,*,*,*,*,*,5,5,*,*,*,*,*,*,*,*,*,*,*,*,*,*,*
533830063,1,,533830161,16,7,9,2,2,0,22,9,13,12,5,7,22,9,13,22,9,13,10,4,6,6,2,4,1,0,1,0,0,0,0,0,0,9,9,5,5,3,0,0,0,0,7,5,2,0,8,0,2,1
533830132,0,,,58,28,30,14,8,6,44,20,24,29,12,17,43,20,23,42,20,22,15,8,7,9,4,5,6,3,3,0,0,0,1,1,0,27,27,12,5,6,2,2,0,0,15,15,0,7,11,5,5,3
533830134,0,,,16,6,10,2,1,1,14,5,9,10,4,6,12,5,7,12,5,7,4,1,3,4,1,3,0,0,0,0,0,0,0,0,0,6,6,2,1,1,1,1,0,0,4,1,3,0,4,0,1,0
533830141,1,,533830142;533830143,2,2,0,1,0,1,15,8,7,7,5,2,14,7,7,14,7,7,8,3,5,6,2,4,2,1,1,0,0,0,0,0,0,2,2,4,2,1,0,1,0,0,4,3,1,0,5,0,2,2
533830142,2,533830141,,12,5,7,*,*,*,*,*,*,*,*,*,*,*,*,*,*,*,*,*,*,*,*,*,*,*,*,*,*,*,*,*,*,5,5,*,*,*,*,*,*,*,*,*,*,*,*,*,*,*
533830143,2,533830141,,2,1,1,*,*,*,*,*,*,*,*,*,*,*,*,*,*,*,*,*,*,*,*,*,*,*,*,*,*,*,*,*,*,1,1,*,*,*,*,*,*,*,*,*,*,*,*,*,*,*
533830161,2,533830063,,8,4,4,*,*,*,*,*,*,*,*,*,*,*,*,*,*,*,*,*,*,*,*,*,*,*,*,*,*,*,*,*,*,4,4,*,*,*,*,*,*,*,*,*,*,*,*,*,*,*
533830232,2,533830243,,2,1,1,*,*,*,*,*,*,*,*,*,*,*,*,*,*,*,*,*,*,*,*,*,*,*,*,*,*,*,*,*,*,2,2,*,*,*,*,*,*,*,*,*,*,*,*,*,*,*
533830234,2,533830243,,6,4,2,*,*,*,*,*,*,*,*,*,*,*,*,*,*,*,*,*,*,*,*,*,*,*,*,*,*,*,*,*,*,3,3,*,*,*,*,*,*,*,*,*,*,*,*,*,*,*
533830242,2,533830243,,7,4,3,*,*,*,*,*,*,*,*,*,*,*,*,*,*,*,*,*,*,*,*,*,*,*,*,*,*,*,*,*,*,4,4,*,*,*,*,*,*,*,*,*,*,*,*,*,*,*
533830243,1,,533830232;533830234;533830242,4,3,1,1,1,0,18,11,7,5,3,2,18,11,7,18,11,7,13,8,5,6,4,2,2,1,1,0,0,0,0,0,0,2,2,5,4,2,0,0,0,0,6,6,0,1,9,0,5,4
533830341,2,533830343,,2,1,1,*,*,*,*,*,*,*,*,*,*,*,*,*,*,*,*,*,*,*,*,*,*,*,*,*,*,*,*,*,*,1,1,*,*,*,*,*,*,*,*,*,*,*,*,*,*,*
533830343,1,,533830341;533830344,3,2,1,0,0,0,12,6,6,6,3,3,12,6,6,12,6,6,6,3,3,3,1,2,0,0,0,0,0,0,0,0,0,2,2,1,3,0,0,1,0,0,4,3,1,0,4,0,0,3
533830344,2,533830343,,7,3,4,*,*,*,*,*,*,*,*,*,*,*,*,*,*,*,*,*,*,*,*,*,*,*,*,*,*,*,*,*,*,2,2,*,*,*,*,*,*,*,*,*,*,*,*,*,*,*
533830442,2,533830444,,2,1,1,*,*,*,*,*,*,*,*,*,*,*,*,*,*,*,*,*,*,*,*,*,*,*,*,*,*,*,*,*,*,1,1,*,*,*,*,*,*,*,*,*,*,*,*,*,*,*
533830444,1,,533830442;533830542;533830642;533830742,8,5,3,3,2,1,16,8,8,6,3,3,16,8,8,16,8,8,10,5,5,10,5,5,2,2,0,0,0,0,0,0,0,3,3,0,6,1,1,0,0,0,8,8,0,1,6,0,0,4
533830542,2,533830444,,4,2,2,*,*,*,*,*,*,*,*,*,*,*,*,*,*,*,*,*,*,*,*,*,*,*,*,*,*,*,*,*,*,2,2,*,*,*,*,*,*,*,*,*,*,*,*,*,*,*
533830642,2,533830444,,2,1,1,*,*,*,*,*,*,*,*,*,*,*,*,*,*,*,*,*,*,*,*,*,*,*,*,*,*,*,*,*,*,1,1,*,*,*,*,*,*,*,*,*,*,*,*,*,*,*
533830742,2,533830444,,3,1,2,*,*,*,*,*,*,*,*,*,*,*,*,*,*,*,*,*,*,*,*,*,*,*,*,*,*,*,*,*,*,1,1,*,*,*,*,*,*,*,*,*,*,*,*,*,*,*
533832041,2,533832691,,2,2,0,*,*,*,*,*,*,*,*,*,*,*,*,*,*,*,*,*,*,*,*,*,*,*,*,*,*,*,*,*,*,2,2,*,*,*,*,*,*,*,*,*,*,*,*,*,*,*
533832691,1,,533832041,27,12,15,3,2,1,26,12,14,17,8,9,24,11,13,22,9,13,9,4,5,0,0,0,0,0,0,0,0,0,0,0,0,11,11,5,5,0,2,0,1,0,8,8,0,0,5,0,0,4
533832692,0,,,43,21,22,2,1,1,41,20,21,29,14,15,40,19,21,39,19,20,12,6,6,5,3,2,3,2,1,0,0,0,0,0,0,18,18,5,5,6,1,0,1,0,13,12,1,1,7,0,1,3
533832694,0,,,41,21,20,6,2,4,35,19,16,22,14,8,33,18,15,33,18,15,13,5,8,11,4,7,6,2,4,1,0,1,0,0,0,21,21,11,5,2,1,2,0,0,10,10,0,2,9,0,5,2
533833051,2,533833053,,1,0,1,*,*,*,*,*,*,*,*,*,*,*,*,*,*,*,*,*,*,*,*,*,*,*,*,*,*,*,*,*,*,1,1,*,*,*,*,*,*,*,*,*,*,*,*,*,*,*
533833052,0,,,100,42,58,5,2,3,95,40,55,52,22,30,93,40,53,92,39,53,43,18,25,27,9,18,12,4,8,2,0,2,0,0,0,40,40,10,9,15,5,0,0,1,29,22,7,2,28,0,8,4
533833053,1,,533833051,22,12,10,5,4,1,18,8,10,9,3,6,17,8,9,17,8,9,9,5,4,2,2,0,0,0,0,0,0,0,0,0,0,6,6,3,1,0,1,0,0,2,4,1,3,2,5,0,1,1
533833054,0,,,77,40,37,5,3,2,72,37,35,41,24,17,71,37,34,69,35,34,31,13,18,14,4,10,4,1,3,0,0,0,0,0,0,29,29,5,10,7,4,3,0,0,24,19,5,0,20,0,4,6
533833061,0,,,201,97,104,22,10,12,179,87,92,109,54,55,175,84,91,172,82,90,70,33,37,42,18,24,17,5,12,2,0,2,0,0,0,67,67,7,24,19,5,6,4,2,59,44,15,6,42,0,7,14
533833062,0,,,165,72,93,7,2,5,158,70,88,125,52,73,153,68,85,148,65,83,33,18,15,15,6,9,4,2,2,0,0,0,0,0,0,59,59,5,28,9,10,5,2,0,53,43,10,1,25,0,1,9
533833063,0,,,242,127,115,19,8,11,223,119,104,143,77,66,218,116,102,215,113,102,80,42,38,44,22,22,17,8,9,3,2,1,1,0,1,91,91,25,20,17,21,6,2,0,66,51,15,6,54,0,17,13
533833064,0,,,362,186,176,45,29,16,317,157,160,206,103,103,302,152,150,297,150,147,111,54,57,47,23,24,13,7,6,2,1,1,9,6,3,133,133,21,39,42,23,4,3,1,111,98,13,11,68,1,12,16
533833071,0,,,631,329,302,53,32,21,556,285,271,327,184,143,545,278,267,540,275,265,229,101,128,111,48,63,52,16,36,6,2,4,15,8,7,300,300,126,83,48,27,11,3,2,163,144,19,19,156,11,59,38
533833072,0,,,352,174,178,56,27,29,295,147,148,236,120,116,286,143,143,278,140,138,59,27,32,24,12,12,5,2,3,0,0,0,2,1,1,124,124,20,37,27,29,6,4,1,101,88,13,13,41,1,6,9
533833073,0,,,590,286,304,61,29,32,516,252,264,288,160,128,504,244,260,490,236,254,228,92,136,119,44,75,40,13,27,2,0,2,12,7,5,218,217,51,70,42,33,16,4,1,162,134,28,14,135,2,32,34
533833074,0,,,442,226,216,64,33,31,370,186,184,247,127,120,360,180,180,355,178,177,123,59,64,62,26,36,24,7,17,1,0,1,6,3,3,171,169,37,59,32,30,7,2,2,128,115,13,15,68,2,8,31
533833081,0,,,109,52,57,9,5,4,100,47,53,81,39,42,92,45,47,91,44,47,19,8,11,7,3,4,3,1,2,0,0,0,2,2,0,41,41,6,15,11,6,2,1,0,34,32,2,2,12,2,1,6
533833082,0,,,251,127,124,28,14,14,223,113,110,149,79,70,209,108,101,206,105,101,74,34,40,34,14,20,13,6,7,2,1,1,7,3,4,89,89,10,38,17,13,7,2,2,78,62,16,6,55,0,7,12
533833083,0,,,459,239,220,55,34,21,404,205,199,247,131,116,395,199,196,388,197,191,157,74,83,91,46,45,31,12,19,0,0,0,2,0,2,172,172,31,53,43,32,13,0,0,141,120,21,10,100,0,17,32
533833084,0,,,525,255,270,48,25,23,477,230,247,285,142,143,461,218,243,449,212,237,192,88,104,95,39,56,34,8,26,2,1,1,5,3,2,200,200,46,64,41,29,11,7,2,153,116,37,5,130,2,28,28
533833091,0,,,62,32,30,7,3,4,55,29,26,38,18,20,53,27,26,52,27,25,17,11,6,9,7,2,4,3,1,0,0,0,1,0,1,23,23,5,7,6,1,3,1,0,18,13,5,0,14,0,3,2
533833092,0,,,265,135,130,30,17,13,230,115,115,165,84,81,219,110,109,218,110,108,65,31,34,31,12,19,8,3,5,0,0,0,2,0,2,104,104,24,33,24,15,6,1,1,77,66,11,6,46,2,10,12
533833093,0,,,115,57,58,18,8,10,97,49,48,78,41,37,92,45,47,92,45,47,19,8,11,10,4,6,5,2,3,0,0,0,0,0,0,37,37,2,12,7,12,4,0,0,35,31,4,3,13,0,2,3
533833094,0,,,230,116,114,38,22,16,188,90,98,143,67,76,178,83,95,177,82,95,45,23,22,16,7,9,5,1,4,0,0,0,4,1,3,91,90,26,31,12,13,5,2,1,61,55,6,10,28,3,4,12
533833142,0,,,51,26,25,3,1,2,48,25,23,24,13,11,48,25,23,48,25,23,24,12,12,16,8,8,9,5,4,0,0,0,0,0,0,21,21,3,9,6,3,0,0,0,18,16,2,1,14,0,1,4
533833144,0,,,118,57,61,2,0,2,116,57,59,51,28,23,116,57,59,116,57,59,65,29,36,33,9,24,15,4,11,0,0,0,0,0,0,51,51,12,23,7,6,3,0,0,39,27,12,0,44,0,9,16
533833151,0,,,44,23,21,3,2,1,41,21,20,19,10,9,38,20,18,37,19,18,22,11,11,7,3,4,2,0,2,0,0,0,1,0,1,15,15,1,5,6,2,0,0,1,14,11,3,1,12,0,1,3
533833152,0,,,11,5,6,0,0,0,11,5,6,8,4,4,10,5,5,10,5,5,3,1,2,2,1,1,2,1,1,0,0,0,0,0,0,4,4,1,1,1,0,1,0,0,3,1,2,0,3,0,1,0
533833153,0,,,24,13,11,1,0,1,23,13,10,8,5,3,23,13,10,23,13,10,15,8,7,9,5,4,1,0,1,0,0,0,0,0,0,13,13,3,9,1,0,0,0,0,10,10,0,0,10,0,2,4
533833161,0,,,145,66,79,14,7,7,130,58,72,69,32,37,127,58,69,125,58,67,61,26,35,26,8,18,13,2,11,0,0,0,1,1,0,59,59,17,16,13,9,3,1,0,42,34,8,5,39,0,12,9
533833162,0,,,159,78,81,23,15,8,136,63,73,96,48,48,131,61,70,128,59,69,40,15,25,21,8,13,4,2,2,1,0,1,0,0,0,62,62,10,27,11,9,4,1,0,51,46,5,7,30,0,5,10
533833163,0,,,123,60,63,10,6,4,113,54,59,62,30,32,110,51,59,107,50,57,51,24,27,26,10,16,11,4,7,4,0,4,0,0,0,43,43,8,10,14,6,2,2,1,35,26,9,4,31,0,6,7
533833164,0,,,223,112,111,16,8,8,207,104,103,143,79,64,200,99,101,197,98,99,64,25,39,31,14,17,10,3,7,1,0,1,0,0,0,85,85,23,20,21,11,7,3,0,61,47,14,7,47,0,14,6
533833171,0,,,431,225,206,49,23,26,379,199,180,213,122,91,370,190,180,364,185,179,166,77,89,91,45,46,36,12,24,5,2,3,9,6,3,178,177,55,60,28,21,6,5,2,119,102,17,10,101,1,30,35
533833172,0,,,507,242,265,90,46,44,415,194,221,316,154,162,391,179,212,379,175,204,99,40,59,48,18,30,18,6,12,1,0,1,1,0,1,187,187,41,51,44,29,17,4,1,143,128,15,32,67,2,15,18
533833173,0,,,476,229,247,67,31,36,405,194,211,266,130,136,386,185,201,377,181,196,139,64,75,74,33,41,22,8,14,3,0,3,26,7,19,194,194,62,54,35,22,16,4,1,131,106,25,18,98,2,30,18
533833174,0,,,203,109,94,26,15,11,177,94,83,120,67,53,173,92,81,169,91,78,57,27,30,24,10,14,5,2,3,0,0,0,1,0,1,81,81,18,29,17,12,3,1,1,62,53,9,7,38,2,8,13
533833181,0,,,359,169,190,54,27,27,270,126,144,202,96,106,252,115,137,243,110,133,68,30,38,23,10,13,8,2,6,0,0,0,13,7,6,132,132,27,34,41,16,10,2,2,95,78,17,11,48,1,13,7
533833182,0,,,466,206,260,56,28,28,403,173,230,279,132,147,391,166,225,380,159,221,124,41,83,82,18,64,50,10,40,15,1,14,0,0,0,145,144,19,48,28,36,9,3,1,123,111,12,17,50,0,14,18
533833183,0,,,81,39,42,18,11,7,63,28,35,58,25,33,58,25,33,56,23,33,5,3,2,0,0,0,0,0,0,0,0,0,5,3,2,31,31,5,12,6,6,2,0,0,26,22,4,6,4,0,1,1
533833191,0,,,72,39,33,6,5,1,66,34,32,44,24,20,64,33,31,63,32,31,22,10,12,8,3,5,3,1,2,0,0,0,1,1,0,28,28,6,8,8,4,2,0,0,22,20,2,2,14,0,1,1
533833192,0,,,215,100,115,32,11,21,183,89,94,141,69,72,173,85,88,168,82,86,42,20,22,15,7,8,3,1,2,0,0,0,6,3,3,68,68,6,19,18,12,10,2,1,59,53,6,5,29,0,2,6
533833193,0,,,690,339,351,105,52,53,583,287,296,438,222,216,548,265,283,526,254,272,145,65,80,59,27,32,19,6,13,2,0,2,3,1,2,233,233,28,67,56,61,16,3,2,204,175,29,22,98,1,13,22
533833194,0,,,525,262,263,104,49,55,420,213,207,338,173,165,400,204,196,391,199,192,82,40,42,35,14,21,7,1,6,1,0,1,5,0,5,188,188,28,61,42,39,15,3,0,158,146,12,30,55,0,9,16
533833241,0,,,30,14,16,0,0,0,30,14,16,15,7,8,30,14,16,29,14,15,15,7,8,10,4,6,4,1,3,0,0,0,0,0,0,13,13,4,3,4,2,0,0,0,9,6,3,0,11,0,4,3
533833242,0,,,67,35,32,5,3,2,62,32,30,30,16,14,61,31,30,60,30,30,32,16,16,18,12,6,8,6,2,0,0,0,0,0,0,31,31,11,11,4,3,2,0,0,20,16,4,0,23,0,9,8
533833243,1,,533833333,46,24,22,3,3,0,46,22,24,27,13,14,46,22,24,46,22,24,19,9,10,6,1,5,2,1,1,0,0,0,0,0,0,18,18,6,4,6,3,1,0,0,14,11,3,0,13,0,2,3
533833244,0,,,214,112,102,19,11,8,195,101,94,116,67,49,192,100,92,188,96,92,79,34,45,40,15,25,13,3,10,3,1,2,3,1,2,78,78,13,28,18,7,9,3,0,65,50,15,5,56,0,6,14
533833251,0,,,111,58,53,4,3,1,107,55,52,56,31,25,105,53,52,104,52,52,51,24,27,26,9,17,4,1,3,1,0,1,1,1,0,47,47,8,22,13,1,2,1,0,38,33,5,1,31,0,7,11
533833252,2,533833254,,5,3,2,*,*,*,*,*,*,*,*,*,*,*,*,*,*,*,*,*,*,*,*,*,*,*,*,*,*,*,*,*,*,2,2,*,*,*,*,*,*,*,*,*,*,*,*,*,*,*
533833253,0,,,57,29,28,9,4,5,48,25,23,33,17,16,44,22,22,44,22,22,15,8,7,3,2,1,2,1,1,0,0,0,2,1,1,19,19,2,7,3,5,1,0,1,16,14,2,1,9,0,1,3
533833254,1,,533833252,261,117,144,21,8,13,245,112,133,166,74,92,233,106,127,228,103,125,79,38,41,28,10,18,8,3,5,0,0,0,4,0,4,104,104,15,47,24,16,3,1,0,91,82,9,3,51,1,6,22
533833261,0,,,156,73,83,14,6,8,142,67,75,73,37,36,139,65,74,136,63,73,69,30,39,31,9,22,13,1,12,3,0,3,0,0,0,60,60,9,28,7,11,4,1,0,50,36,14,0,43,0,7,15
533833262,0,,,500,250,250,62,34,28,433,213,220,267,138,129,418,203,215,407,201,206,166,75,91,79,37,42,17,8,9,2,1,1,9,4,5,222,222,78,70,34,25,12,1,2,142,127,15,13,112,9,37,36
533833263,0,,,235,127,108,35,24,11,200,103,97,145,75,70,189,97,92,183,93,90,55,28,27,16,6,10,5,1,4,0,0,0,8,5,3,84,84,12,28,22,13,6,2,1,72,63,9,9,37,1,5,10
533833264,0,,,756,366,390,113,53,60,643,313,330,396,199,197,618,300,318,598,292,306,247,114,133,120,57,63,36,15,21,7,1,6,12,3,9,287,287,53,101,67,41,16,7,2,231,205,26,35,152,4,32,54
533833271,0,,,817,403,414,118,57,61,695,345,350,421,223,198,682,336,346,671,329,342,274,122,152,151,60,91,54,21,33,4,2,2,4,2,2,281,280,70,92,54,43,14,5,2,209,183,26,49,127,8,28,34
533833272,0,,,611,304,307,82,46,36,527,257,270,352,171,181,512,249,263,507,248,259,175,86,89,78,35,43,19,7,12,3,0,3,4,1,3,247,247,59,89,50,32,11,2,4,188,168,20,32,113,6,18,47
533833273,0,,,886,401,485,78,43,35,805,357,448,439,221,218,789,350,439,777,342,435,366,136,230,236,81,155,92,18,74,10,1,9,9,4,5,323,321,82,111,60,37,22,6,3,232,194,38,16,196,1,49,48
533833274,0,,,511,238,273,55,28,27,450,207,243,283,140,143,440,203,237,432,197,235,167,67,100,100,36,64,28,7,21,4,1,3,12,4,8,210,209,60,68,38,28,9,5,1,147,126,21,15,115,0,37,27
533833281,2,533833283,,6,3,3,*,*,*,*,*,*,*,*,*,*,*,*,*,*,*,*,*,*,*,*,*,*,*,*,*,*,*,*,*,*,2,2,*,*,*,*,*,*,*,*,*,*,*,*,*,*,*
533833282,0,,,439,222,217,49,24,25,390,198,192,244,131,113,380,190,190,373,187,186,146,67,79,81,36,45,34,16,18,3,1,2,3,2,1,155,155,26,51,31,29,9,6,3,129,100,29,13,92,2,18,22
533833283,1,,533833281,301,135,166,35,23,12,272,115,157,139,62,77,264,115,149,260,113,147,133,53,80,95,34,61,47,11,36,7,0,7,3,1,2,85,84,17,26,17,21,4,0,1,69,56,13,11,38,0,6,8
533833284,0,,,515,260,255,96,52,44,418,208,210,301,151,150,402,200,202,394,198,196,117,57,60,63,28,35,22,8,14,1,0,1,5,4,1,187,187,41,53,31,41,16,4,1,141,121,20,26,82,1,18,19
533833291,0,,,1073,503,570,207,102,105,865,400,465,680,315,365,803,376,427,777,363,414,185,85,100,83,34,49,19,6,13,3,0,3,18,9,9,359,359,51,100,69,92,39,6,2,304,270,34,55,127,4,27,38
533833292,0,,,457,230,227,67,36,31,383,193,190,303,155,148,363,182,181,350,172,178,80,38,42,28,15,13,4,1,3,0,0,0,16,3,13,180,180,39,59,42,29,9,1,1,137,129,8,18,53,3,8,18
533833293,0,,,382,187,195,83,48,35,290,135,155,253,122,131,277,130,147,270,126,144,37,13,24,18,4,14,5,0,5,0,0,0,3,2,1,136,136,32,25,29,39,9,2,0,103,90,13,27,30,0,7,5
533833294,0,,,190,105,85,55,33,22,133,70,63,122,66,56,128,66,62,124,64,60,11,4,7,3,0,3,1,0,1,1,0,1,11,8,3,71,70,19,16,17,9,8,1,0,48,45,3,19,7,5,0,2
533833333,2,533833243,,3,1,2,*,*,*,*,*,*,*,*,*,*,*,*,*,*,*,*,*,*,*,*,*,*,*,*,*,*,*,*,*,*,2,2,*,*,*,*,*,*,*,*,*,*,*,*,*,*,*
533833342,0,,,163,81,82,11,3,8,150,77,73,89,50,39,142,73,69,137,72,65,61,27,34,39,17,22,9,1,8,1,0,1,1,0,1,63,63,15,26,6,7,5,3,1,47,42,5,1,42,0,10,15
533833344,1,,533833431,75,33,42,2,0,2,74,34,40,45,21,24,72,34,38,70,33,37,29,13,16,14,5,9,4,0,4,2,0,2,0,0,0,28,28,7,7,8,5,1,1,0,22,21,1,0,18,0,5,5
533833351,0,,,44,23,21,6,2,4,38,21,17,20,12,8,37,20,17,37,20,17,18,9,9,10,4,6,7,2,5,0,0,0,0,0,0,17,17,2,7,5,2,1,0,0,15,13,2,0,10,0,0,4
533833352,0,,,355,179,176,69,45,24,286,134,152,202,91,111,276,128,148,272,127,145,84,43,41,26,12,14,7,3,4,0,0,0,12,5,7,124,124,15,34,40,24,10,1,0,109,95,14,9,56,0,8,15
533833353,0,,,83,38,45,13,7,6,70,31,39,45,19,26,68,31,37,64,28,36,25,12,13,8,2,6,6,1,5,0,0,0,0,0,0,26,26,6,5,5,5,2,0,3,20,10,10,6,18,0,3,1
533833354,0,,,168,75,93,13,6,7,155,69,86,63,36,27,150,66,84,149,65,84,92,33,59,73,24,49,45,9,36,11,0,11,4,3,1,47,46,13,13,11,4,1,3,1,33,27,6,2,28,1,10,8
533833361,0,,,743,372,371,80,43,37,662,329,333,508,259,249,633,311,322,610,301,309,154,70,84,62,23,39,16,4,12,3,1,2,13,5,8,265,265,40,83,65,50,22,4,1,222,195,27,19,104,1,19,32
533833362,0,,,692,351,341,104,52,52,587,298,289,417,217,200,560,283,277,547,274,273,170,81,89,96,45,51,26,15,11,0,0,0,5,3,2,258,258,53,76,59,47,17,5,1,204,187,17,24,111,3,23,46
533833363,0,,,1070,539,531,155,65,90,907,469,438,772,405,367,844,434,410,815,419,396,135,64,71,61,29,32,11,5,6,0,0,0,21,9,12,408,408,103,98,104,71,17,15,0,299,277,22,40,94,12,26,30
533833364,0,,,639,319,320,80,35,45,559,284,275,379,201,178,545,276,269,534,270,264,180,83,97,82,34,48,24,9,15,1,0,1,7,2,5,247,247,57,71,63,36,15,3,2,190,166,24,21,123,0,31,28
533833371,0,,,677,318,359,52,26,26,623,291,332,336,167,169,604,283,321,598,280,318,287,124,163,157,54,103,65,21,44,2,0,2,12,5,7,282,282,74,100,57,33,11,5,2,208,166,42,14,196,4,52,48
533833372,0,,,337,171,166,41,24,17,296,147,149,190,92,98,283,141,142,272,137,135,106,55,51,57,30,27,8,4,4,1,1,0,3,2,1,124,123,24,35,26,30,4,4,0,99,90,9,9,69,0,18,22
533833373,0,,,762,357,405,119,70,49,641,285,356,405,183,222,611,267,344,592,261,331,236,102,134,118,48,70,33,10,23,1,0,1,23,7,16,303,303,74,99,62,45,16,5,2,228,201,27,29,160,4,46,48
533833374,0,,,252,125,127,39,19,20,213,106,107,147,75,72,202,97,105,199,96,103,66,31,35,27,13,14,12,4,8,1,0,1,0,0,0,90,90,13,26,25,20,4,2,0,76,65,11,17,44,0,9,14
533833381,0,,,546,271,275,81,41,40,462,228,234,293,149,144,446,219,227,435,214,221,169,79,90,78,35,43,37,16,21,0,0,0,3,0,3,199,199,36,67,44,25,20,5,2,162,142,20,14,115,2,22,35
533833382,0,,,388,197,191,54,30,24,333,166,167,219,114,105,321,158,163,313,154,159,114,52,62,37,20,17,9,5,4,1,0,1,1,0,1,141,141,28,49,24,20,12,7,1,113,100,13,10,73,0,13,25
533833383,0,,,55,25,30,9,3,6,46,22,24,37,18,19,42,21,21,39,19,20,9,4,5,3,1,2,0,0,0,0,0,0,0,0,0,18,18,4,5,1,4,2,2,0,14,9,5,3,8,0,2,1
533833384,0,,,145,78,67,27,18,9,118,60,58,84,44,40,115,58,57,111,55,56,34,16,18,17,9,8,3,1,2,0,0,0,0,0,0,49,49,5,18,12,6,6,1,1,44,40,4,6,23,0,3,11
533833391,0,,,464,225,239,57,31,26,407,194,213,264,126,138,391,188,203,383,184,199,143,68,75,79,38,41,30,11,19,5,1,4,0,0,0,166,164,37,46,30,33,12,4,2,125,104,21,17,88,0,23,25
533833392,0,,,442,216,226,87,43,44,352,171,181,283,141,142,339,162,177,327,159,168,69,30,39,28,10,18,12,5,7,1,1,0,10,3,7,152,151,19,52,29,35,9,5,2,130,111,19,26,45,0,4,16
533833393,0,,,372,171,201,57,25,32,315,146,169,244,118,126,306,143,163,293,135,158,71,28,43,33,11,22,13,3,10,2,0,2,4,1,3,131,131,19,39,36,22,11,4,0,109,91,18,17,49,0,11,14
533833394,0,,,562,268,294,62,27,35,500,241,259,341,172,169,488,236,252,479,230,249,159,69,90,83,27,56,46,13,33,7,2,5,2,0,2,217,217,50,67,50,35,7,5,3,165,131,34,26,115,3,28,30
533833431,2,533833344,,1,1,0,*,*,*,*,*,*,*,*,*,*,*,*,*,*,*,*,*,*,*,*,*,*,*,*,*,*,*,*,*,*,1,1,*,*,*,*,*,*,*,*,*,*,*,*,*,*,*
533833451,0,,,53,27,26,6,5,1,47,22,25,34,15,19,44,22,22,42,21,21,13,7,6,6,2,4,4,1,3,0,0,0,0,0,0,18,18,2,6,4,3,3,0,0,16,11,5,1,10,0,2,1
533833452,0,,,363,179,184,59,34,25,304,145,159,205,102,103,286,137,149,278,131,147,99,43,56,46,23,23,8,3,5,1,0,1,1,1,0,129,129,27,36,24,26,11,3,2,101,81,20,15,69,0,19,16
533833453,0,,,29,11,18,3,1,2,26,10,16,15,5,10,24,10,14,23,10,13,11,5,6,5,2,3,3,0,3,0,0,0,0,0,0,8,8,1,2,1,1,2,0,1,7,4,3,0,6,0,1,2
533833454,0,,,119,63,56,8,5,3,111,58,53,52,31,21,111,58,53,111,58,53,59,27,32,35,16,19,11,4,7,0,0,0,1,0,1,50,49,9,22,14,3,1,0,0,39,37,2,0,33,0,5,13
533833461,0,,,56,27,29,3,1,2,53,26,27,40,19,21,49,24,25,48,23,25,13,7,6,4,3,1,0,0,0,0,0,0,0,0,0,21,21,6,5,5,3,0,1,1,15,13,2,1,9,1,2,2
533833462,0,,,500,223,277,65,34,31,434,188,246,236,117,119,426,183,243,423,181,242,198,71,127,146,39,107,82,16,66,8,1,7,1,0,1,157,155,34,41,31,35,9,3,2,120,95,25,15,91,0,25,20
533833463,0,,,250,120,130,25,15,10,223,104,119,146,68,78,217,101,116,206,96,110,77,36,41,36,15,21,17,8,9,2,0,2,3,2,1,85,85,9,32,19,15,2,7,1,73,55,18,8,45,0,3,15
533833464,0,,,259,130,129,37,23,14,221,106,115,152,76,76,212,103,109,209,100,109,69,30,39,34,11,23,10,4,6,1,0,1,0,0,0,90,90,20,23,19,16,4,6,2,69,52,17,11,48,0,11,7
533833471,0,,,379,181,198,63,34,29,315,146,169,244,121,123,293,134,159,280,125,155,71,25,46,49,13,36,24,4,20,4,1,3,7,4,3,139,138,31,42,32,23,10,0,0,103,98,5,18,35,3,12,7
533833472,0,,,478,231,247,71,39,32,407,192,215,261,127,134,391,185,206,382,183,199,146,65,81,70,29,41,17,5,12,1,0,1,1,1,0,174,174,34,47,45,28,18,1,1,138,113,25,25,92,2,18,27
533833473,0,,,327,163,164,31,14,17,283,143,140,184,94,90,275,138,137,268,136,132,99,49,50,40,19,21,24,10,14,0,0,0,0,0,0,126,126,25,41,28,24,8,0,0,96,82,14,11,63,5,9,22
533833474,0,,,24,10,14,5,3,2,19,7,12,14,5,9,19,7,12,18,7,11,5,2,3,3,1,2,0,0,0,0,0,0,0,0,0,7,7,1,1,2,1,1,1,0,6,4,2,0,4,0,0,0
533833481,0,,,566,276,290,102,52,50,462,224,238,294,147,147,443,214,229,433,209,224,168,77,91,82,40,42,17,5,12,0,0,0,5,2,3,197,197,34,63,37,33,20,8,2,161,131,30,27,105,1,16,38
533833482,0,,,445,212,233,61,27,34,384,185,199,244,124,120,366,177,189,360,175,185,140,61,79,71,30,41,25,9,16,2,0,2,0,0,0,166,166,30,54,42,25,10,4,1,135,112,23,19,87,0,14,29
533833483,0,,,280,144,136,46,22,24,234,122,112,172,91,81,221,113,108,215,109,106,62,31,31,29,15,14,6,1,5,2,1,1,2,2,0,100,100,22,20,25,24,7,2,0,77,69,8,11,40,0,11,12
533833484,0,,,447,227,220,88,41,47,358,186,172,276,145,131,344,180,164,333,174,159,82,41,41,36,17,19,11,6,5,1,1,0,2,1,1,157,157,31,37,38,35,10,4,2,126,111,15,23,54,6,7,18
533833491,0,,,332,156,176,60,28,32,271,128,143,210,100,110,257,120,137,251,120,131,61,28,33,37,15,22,14,8,6,1,1,0,7,2,5,118,118,16,42,23,24,11,2,0,102,92,10,17,42,0,7,16
533833492,0,,,614,304,310,90,50,40,523,253,270,353,170,183,504,247,257,492,240,252,170,83,87,67,31,36,20,12,8,1,1,0,4,2,2,211,211,33,66,53,30,14,10,5,178,150,28,25,112,3,17,33
533833493,0,,,348,167,181,86,47,39,262,120,142,202,94,108,244,113,131,238,110,128,60,26,34,31,14,17,9,5,4,1,0,1,9,4,5,122,122,25,28,29,25,10,5,0,95,83,12,24,38,3,7,12
533833494,0,,,354,166,188,41,24,17,312,142,170,186,89,97,305,138,167,301,137,164,126,53,73,57,22,35,21,6,15,4,0,4,2,0,2,132,132,35,32,26,23,12,3,1,96,75,21,13,86,1,24,17
533833542,0,,,62,29,33,6,2,4,56,27,29,27,16,11,55,26,29,55,26,29,29,11,18,14,4,10,6,1,5,1,0,1,0,0,0,20,20,3,4,6,4,1,2,0,17,12,5,2,16,0,2,3
533833544,0,,,43,19,24,4,2,2,39,17,22,21,10,11,38,17,21,38,17,21,18,7,11,7,4,3,1,1,0,1,1,0,0,0,0,15,15,3,4,2,4,2,0,0,12,10,2,0,11,0,3,2
533833551,0,,,251,128,123,22,12,10,229,116,113,140,70,70,228,115,113,224,113,111,89,46,43,49,24,25,25,14,11,2,1,1,0,0,0,86,86,16,21,21,16,7,4,1,70,52,18,4,62,0,12,13
533833552,0,,,50,25,25,6,3,3,44,22,22,34,17,17,42,21,21,41,20,21,10,5,5,3,2,1,2,1,1,0,0,0,0,0,0,15,15,1,1,8,2,3,0,0,14,12,2,3,5,0,0,1
533833553,0,,,198,94,104,19,8,11,179,86,93,105,53,52,170,85,85,168,83,85,74,33,41,42,18,24,12,4,8,1,0,1,0,0,0,69,69,15,19,12,14,3,4,2,54,41,13,6,49,0,13,13
533833554,0,,,108,50,58,18,9,9,90,41,49,65,31,34,82,35,47,79,34,45,25,10,15,13,6,7,1,0,1,0,0,0,0,0,0,34,34,4,10,7,6,5,1,1,30,26,4,2,14,0,1,4
533833561,0,,,490,244,246,82,42,40,405,200,205,281,142,139,388,191,197,379,188,191,124,58,66,55,25,30,18,6,12,1,0,1,3,2,1,170,170,27,54,31,34,18,6,0,142,120,22,19,84,0,15,23
533833562,0,,,169,68,101,17,4,13,152,64,88,89,43,46,147,63,84,146,62,84,63,21,42,39,11,28,21,4,17,4,1,3,1,0,1,53,52,8,15,13,11,2,2,1,44,35,9,4,30,1,3,7
533833563,0,,,226,118,108,23,13,10,201,103,98,132,73,59,190,96,94,182,90,92,69,30,39,40,15,25,19,4,15,2,0,2,0,0,0,81,80,15,27,17,15,3,3,0,65,57,8,3,35,2,7,10
533833564,0,,,414,212,202,58,31,27,356,181,175,236,129,107,351,178,173,344,172,172,120,52,68,62,25,37,21,8,13,1,0,1,6,3,3,168,168,50,53,24,26,10,3,2,117,101,16,21,82,4,21,30
533833571,0,,,478,234,244,55,22,33,421,210,211,277,148,129,413,207,206,401,201,200,144,62,82,73,30,43,23,8,15,2,0,2,2,1,1,187,187,37,66,40,34,7,3,0,147,130,17,21,98,3,22,25
533833572,0,,,390,192,198,27,17,10,362,174,188,226,105,121,352,170,182,342,164,178,136,69,67,55,27,28,18,8,10,1,0,1,11,7,4,154,154,34,47,40,25,6,2,0,118,102,16,5,88,1,18,26
533833573,0,,,628,309,319,77,39,38,550,269,281,330,177,153,533,260,273,524,254,270,220,92,128,143,60,83,65,23,42,9,3,6,12,5,7,231,227,71,54,48,35,12,7,0,155,131,24,23,107,6,29,26
533833574,0,,,253,137,116,26,13,13,223,120,103,140,78,62,217,117,100,211,114,97,83,42,41,48,24,24,17,9,8,0,0,0,1,0,1,104,104,33,30,12,25,1,2,1,70,58,12,3,51,6,12,16
533833581,0,,,341,161,180,60,37,23,281,124,157,176,86,90,268,119,149,261,117,144,105,38,67,44,13,31,16,3,13,2,0,2,18,8,10,143,143,48,41,23,18,8,5,0,95,82,13,17,75,0,32,18
533833582,0,,,109,56,53,8,5,3,100,50,50,48,23,25,98,49,49,96,48,48,52,27,25,26,12,14,6,2,4,1,1,0,0,0,0,45,45,11,17,6,9,2,0,0,33,29,4,1,32,0,6,14
533833583,0,,,510,271,239,64,36,28,427,216,211,295,156,139,416,212,204,407,207,200,132,60,72,68,29,39,20,7,13,2,1,1,2,0,2,205,205,58,62,38,29,13,3,2,145,128,17,19,84,0,18,29
533833584,0,,,176,96,80,45,26,19,130,69,61,110,58,52,126,68,58,121,64,57,20,11,9,9,5,4,3,2,1,0,0,0,0,0,0,60,60,10,13,15,17,4,0,1,49,47,2,15,13,1,3,4
533833591,0,,,333,169,164,46,24,22,280,142,138,213,111,102,263,133,130,252,127,125,67,31,36,30,14,16,5,1,4,0,0,0,10,5,5,123,123,26,36,22,30,6,2,1,96,88,8,10,45,1,11,15
533833592,0,,,377,183,194,55,30,25,320,151,169,199,98,101,308,144,164,299,140,159,121,53,68,70,33,37,18,8,10,0,0,0,2,1,1,146,146,36,51,22,21,9,5,2,104,88,16,14,78,0,20,25
533833593,0,,,223,114,109,42,19,23,180,95,85,152,83,69,175,95,80,175,95,80,28,12,16,10,4,6,4,1,3,0,0,0,6,6,0,96,96,34,22,22,13,3,2,0,58,52,6,20,20,13,5,3
533833594,0,,,261,141,120,29,16,13,223,119,104,161,91,70,212,114,98,210,114,96,62,28,34,31,10,21,12,2,10,1,0,1,5,5,0,121,121,58,22,19,11,9,1,1,61,47,14,8,42,12,10,6
533833601,2,533833603,,6,1,5,*,*,*,*,*,*,*,*,*,*,*,*,*,*,*,*,*,*,*,*,*,*,*,*,*,*,*,*,*,*,3,3,*,*,*,*,*,*,*,*,*,*,*,*,*,*,*
533833603,1,,533833601,61,26,35,7,3,4,60,24,36,27,13,14,57,23,34,55,22,33,33,11,22,17,4,13,8,1,7,2,0,2,0,0,0,30,30,14,10,5,2,2,0,0,19,17,2,1,24,0,11,5
533833604,0,,,31,15,16,0,0,0,31,15,16,12,7,5,31,15,16,31,15,16,19,8,11,11,3,8,7,3,4,0,0,0,0,0,0,16,16,4,10,1,1,0,0,0,12,12,0,0,13,0,4,6
533833613,2,533833614,,11,8,3,*,*,*,*,*,*,*,*,*,*,*,*,*,*,*,*,*,*,*,*,*,*,*,*,*,*,*,*,*,*,6,6,*,*,*,*,*,*,*,*,*,*,*,*,*,*,*
533833614,1,,533833613,7,3,4,0,0,0,18,11,7,8,5,3,18,11,7,18,11,7,10,6,4,4,3,1,1,1,0,0,0,0,1,1,0,4,4,3,6,1,0,0,0,0,7,7,0,0,7,0,2,3
533833642,0,,,9,4,5,0,0,0,9,4,5,8,4,4,9,4,5,9,4,5,1,0,1,1,0,1,0,0,0,0,0,0,0,0,0,4,4,1,2,0,1,0,0,0,3,3,0,0,1,0,1,0
533833651,0,,,130,66,64,13,6,7,117,60,57,84,48,36,109,54,55,106,51,55,33,12,21,19,6,13,7,3,4,0,0,0,1,1,0,44,44,8,11,9,11,3,1,1,36,29,7,2,23,0,5,4
533833652,0,,,97,46,51,12,5,7,85,41,44,68,32,36,82,41,41,80,41,39,17,9,8,4,2,2,2,1,1,0,0,0,5,1,4,36,36,4,18,4,7,2,0,1,32,30,2,3,10,0,1,4
533833653,0,,,79,44,35,19,13,6,60,31,29,36,21,15,60,31,29,58,30,28,24,10,14,9,3,6,4,1,3,2,0,2,0,0,0,22,22,2,4,6,4,3,1,2,20,13,7,3,14,0,2,2
533833654,0,,,270,132,138,23,14,9,247,118,129,148,75,73,242,117,125,235,115,120,99,43,56,34,10,24,10,2,8,2,0,2,0,0,0,103,103,19,40,16,20,6,1,1,84,72,12,4,67,0,16,23
533833662,0,,,284,147,137,46,27,19,238,120,118,161,81,80,232,117,115,227,117,110,77,39,38,28,16,12,14,7,7,2,0,2,1,1,0,114,114,28,34,30,16,5,0,1,85,76,9,16,44,3,6,18
533833663,0,,,358,190,168,43,22,21,312,168,144,245,135,110,305,165,140,298,159,139,67,33,34,28,13,15,10,4,6,1,0,1,7,2,5,164,164,63,46,28,19,6,1,1,99,92,7,16,44,7,10,13
533833664,0,,,287,139,148,40,25,15,247,114,133,160,76,84,243,112,131,240,109,131,87,38,49,42,16,26,12,4,8,1,0,1,1,0,1,105,105,20,29,30,16,7,1,2,82,70,12,15,58,0,11,14
533833671,0,,,595,298,297,77,36,41,510,257,253,379,201,178,497,250,247,487,245,242,131,56,75,73,29,44,31,10,21,3,1,2,2,2,0,259,258,87,73,52,33,9,3,1,166,144,22,30,96,12,28,17
533833672,0,,,163,85,78,21,12,9,142,73,69,110,57,53,133,70,63,130,69,61,32,16,16,14,5,9,2,0,2,0,0,0,1,1,0,58,58,11,16,12,12,6,1,0,45,39,6,3,18,1,3,6
533833673,0,,,427,205,222,66,32,34,352,168,184,229,114,115,338,161,177,332,159,173,123,54,69,54,20,34,22,7,15,5,0,5,3,2,1,154,154,29,45,36,26,13,4,1,123,104,19,22,83,1,20,19
533833674,0,,,230,116,114,25,12,13,200,102,98,116,61,55,189,95,94,185,92,93,84,41,43,36,16,20,11,3,8,2,0,2,4,2,2,87,87,20,26,18,14,6,3,0,65,55,10,8,53,1,13,18
533833681,0,,,116,58,58,7,4,3,109,54,55,59,31,28,108,53,55,108,53,55,50,23,27,26,11,15,6,2,4,0,0,0,0,0,0,49,49,7,26,10,4,1,1,0,42,37,5,1,32,0,5,13
533833682,0,,,321,156,165,36,18,18,283,136,147,203,98,105,274,130,144,267,128,139,80,38,42,41,16,25,19,8,11,2,0,2,3,1,2,122,122,28,43,20,15,11,3,2,94,78,16,18,52,4,13,18
533833683,0,,,295,142,153,58,27,31,233,111,122,166,89,77,224,105,119,219,101,118,67,22,45,43,12,31,28,7,21,5,2,3,6,1,5,96,95,23,23,16,26,5,1,1,71,66,5,20,24,3,4,5
533833684,0,,,451,230,221,60,38,22,389,191,198,261,133,128,377,184,193,372,181,191,128,58,70,67,29,38,17,4,13,2,0,2,2,0,2,177,177,46,53,40,22,8,5,3,131,107,24,22,83,7,17,21
533833691,0,,,116,58,58,15,8,7,100,50,50,55,29,26,99,49,50,98,48,50,45,21,24,16,6,10,5,2,3,0,0,0,0,0,0,45,45,11,14,12,3,2,2,1,33,27,6,5,28,1,6,7
533833692,0,,,461,224,237,53,29,24,403,193,210,290,141,149,385,185,200,377,183,194,113,52,61,46,18,28,11,1,10,2,0,2,7,3,4,188,187,53,57,34,31,7,4,1,129,108,21,15,81,9,24,21
533833693,0,,,137,72,65,28,14,14,108,57,51,89,47,42,100,54,46,96,50,46,19,10,9,10,6,4,2,1,1,1,0,1,3,1,2,50,50,12,11,11,14,0,1,1,38,35,3,10,13,2,4,3
533833694,0,,,332,156,176,36,16,20,295,140,155,194,96,98,286,136,150,283,135,148,101,44,57,42,18,24,9,2,7,2,0,2,0,0,0,126,126,22,44,29,23,5,3,0,101,89,12,11,64,1,9,23
533833744,2,533833753,,6,3,3,*,*,*,*,*,*,*,*,*,*,*,*,*,*,*,*,*,*,*,*,*,*,*,*,*,*,*,*,*,*,4,4,*,*,*,*,*,*,*,*,*,*,*,*,*,*,*
533833751,0,,,391,187,204,47,22,25,344,165,179,243,120,123,327,158,169,313,154,159,101,45,56,42,15,27,18,6,12,2,0,2,0,0,0,131,131,17,40,28,29,11,3,3,114,98,16,11,63,0,11,18
533833752,0,,,62,36,26,9,7,2,52,29,23,43,25,18,48,28,20,46,26,20,9,4,5,1,0,1,0,0,0,0,0,0,0,0,0,20,20,2,5,3,9,1,0,0,18,17,1,2,5,0,0,2
533833753,1,,533833744,243,122,121,17,7,10,232,118,114,130,65,65,226,114,112,223,111,112,102,53,49,49,17,32,17,6,11,3,0,3,7,2,5,93,93,24,29,24,9,7,4,0,73,59,14,2,72,0,20,17
533833754,0,,,109,56,53,13,8,5,96,48,48,57,31,26,95,47,48,95,47,48,39,17,22,23,12,11,12,5,7,1,1,0,0,0,0,36,36,3,11,12,4,4,2,0,33,27,6,3,22,0,3,6
533833761,0,,,395,191,204,46,23,23,347,167,180,216,110,106,334,164,170,328,160,168,131,57,74,66,23,43,27,8,19,2,0,2,7,2,5,139,138,28,40,32,18,12,6,2,110,86,24,11,85,0,18,18
533833762,0,,,561,283,278,68,42,26,493,241,252,337,172,165,469,228,241,456,222,234,156,69,87,77,29,48,25,8,17,5,1,4,2,0,2,203,203,41,62,38,38,18,4,2,160,138,22,9,102,1,24,26
533833763,0,,,137,60,77,23,7,16,114,53,61,73,35,38,112,51,61,108,48,60,41,18,23,27,10,17,12,3,9,2,0,2,1,1,0,45,45,8,12,8,10,4,1,2,37,28,9,6,26,0,6,4
533833764,0,,,30,14,16,2,1,1,28,13,15,11,6,5,26,12,14,26,12,14,17,7,10,8,2,6,2,1,1,0,0,0,0,0,0,14,14,5,5,1,3,0,0,0,9,9,0,0,12,0,5,4
533833771,0,,,470,205,265,46,27,19,420,176,244,193,101,92,414,173,241,409,169,240,227,75,152,162,44,118,98,15,83,24,1,23,2,1,1,155,153,43,51,22,27,7,3,0,109,93,16,12,84,3,17,31
533833772,0,,,28,21,7,0,0,0,25,19,6,23,18,5,24,18,6,24,18,6,2,1,1,0,0,0,0,0,0,0,0,0,0,0,0,23,23,19,3,1,0,0,0,0,4,4,0,0,1,8,0,1
533833773,0,,,106,58,48,12,8,4,88,48,40,70,38,32,87,47,40,86,46,40,18,10,8,6,3,3,2,1,1,0,0,0,2,2,0,56,56,26,15,11,3,1,0,0,29,28,1,6,12,2,4,6
533833774,0,,,401,195,206,75,35,40,326,160,166,223,113,110,299,150,149,293,148,145,103,47,56,38,21,17,4,1,3,1,0,1,0,0,0,138,138,18,42,33,31,8,6,0,120,114,6,7,62,1,10,27
533833781,0,,,12,6,6,0,0,0,12,6,6,9,5,4,12,6,6,12,6,6,3,1,2,0,0,0,0,0,0,0,0,0,0,0,0,5,5,2,0,2,1,0,0,0,3,2,1,0,2,0,1,0
533833782,0,,,203,97,106,37,17,20,164,79,85,122,63,59,154,73,81,151,70,81,42,16,26,22,8,14,5,2,3,0,0,0,0,0,0,73,73,12,22,20,13,2,3,1,60,49,11,16,29,3,4,6
533833791,0,,,855,411,444,124,64,60,731,347,384,607,287,320,675,324,351,645,312,333,124,60,64,43,22,21,11,5,6,0,0,0,16,7,9,291,291,33,82,79,73,17,5,2,256,241,15,11,83,0,18,24
533833792,0,,,68,29,39,3,1,2,65,28,37,43,18,25,64,27,37,64,27,37,22,10,12,3,2,1,0,0,0,0,0,0,0,0,0,32,32,4,21,6,1,0,0,0,27,25,2,2,15,0,3,8
533833793,0,,,45,25,20,2,1,1,43,24,19,36,21,15,42,23,19,42,23,19,7,3,4,3,2,1,0,0,0,0,0,0,1,1,0,27,27,14,10,1,2,0,0,0,12,12,0,1,4,5,1,3
533833794,0,,,20,11,9,3,3,0,17,8,9,15,7,8,16,8,8,16,8,8,2,1,1,0,0,0,0,0,0,0,0,0,0,0,0,7,7,1,2,1,3,0,0,0,6,6,0,1,2,0,1,0
533833822,0,,,18,6,12,0,0,0,18,6,12,7,2,5,18,6,12,18,6,12,11,4,7,4,1,3,0,0,0,0,0,0,0,0,0,7,7,1,4,1,0,0,1,0,6,5,1,0,7,0,1,3
533833831,1,,533833832,13,8,5,0,0,0,19,12,7,9,6,3,19,12,7,19,12,7,10,6,4,8,4,4,4,2,2,1,0,1,0,0,0,6,6,2,4,3,0,0,0,0,7,7,0,0,6,0,1,1
533833832,2,533833831,,6,4,2,*,*,*,*,*,*,*,*,*,*,*,*,*,*,*,*,*,*,*,*,*,*,*,*,*,*,*,*,*,*,3,3,*,*,*,*,*,*,*,*,*,*,*,*,*,*,*
533833833,0,,,27,15,12,3,2,1,24,13,11,11,7,4,24,13,11,24,13,11,13,6,7,5,2,3,2,1,1,0,0,0,0,0,0,11,11,2,4,3,2,0,0,0,9,8,1,0,8,0,2,3
533833834,0,,,64,31,33,0,0,0,62,29,33,35,17,18,62,29,33,58,28,30,27,12,15,8,3,5,4,1,3,0,0,0,1,0,1,25,25,5,5,11,4,0,0,0,19,14,5,0,20,0,3,5
533833841,2,533833842,,7,3,4,*,*,*,*,*,*,*,*,*,*,*,*,*,*,*,*,*,*,*,*,*,*,*,*,*,*,*,*,*,*,5,5,*,*,*,*,*,*,*,*,*,*,*,*,*,*,*
533833842,1,,533833841,71,31,40,6,4,2,72,30,42,33,15,18,70,29,41,70,29,41,39,15,24,16,5,11,7,3,4,2,0,2,1,0,1,32,32,14,15,3,2,1,2,0,23,19,4,0,28,0,10,7
533833843,0,,,82,44,38,5,3,2,74,39,35,46,26,20,74,39,35,74,39,35,28,13,15,15,6,9,8,2,6,1,0,1,1,0,1,29,29,3,10,8,7,0,0,1,24,18,6,2,20,0,1,7
533833844,0,,,255,131,124,12,6,6,240,123,117,154,80,74,233,120,113,226,117,109,86,43,43,38,19,19,17,7,10,1,0,1,3,3,0,94,94,12,39,22,12,5,2,2,80,66,14,4,56,0,8,16
533833851,0,,,253,120,133,27,15,12,226,105,121,147,70,77,219,102,117,211,100,111,79,35,44,39,16,23,15,4,11,1,0,1,3,0,3,89,89,13,27,25,14,5,5,0,76,62,14,9,52,0,10,11
533833852,0,,,12,6,6,1,1,0,11,5,6,7,3,4,11,5,6,10,5,5,4,2,2,1,0,1,1,0,1,0,0,0,0,0,0,4,4,1,1,1,0,0,1,0,3,1,2,0,3,0,0,0
533833853,0,,,325,158,167,28,10,18,297,148,149,157,84,73,291,146,145,290,145,145,140,64,76,72,32,40,31,8,23,5,0,5,2,1,1,130,130,31,51,23,15,4,3,3,98,75,23,4,95,1,20,31
533833854,0,,,92,44,48,18,9,9,74,35,39,45,20,25,73,35,38,72,34,38,29,15,14,13,8,5,3,0,3,0,0,0,1,0,1,32,32,10,7,3,5,5,1,1,21,14,7,4,20,0,7,4
533833862,0,,,99,47,52,12,4,8,87,43,44,58,31,27,83,40,43,81,38,43,29,12,17,18,6,12,7,1,6,3,0,3,0,0,0,35,35,7,9,8,8,2,0,1,27,22,5,2,17,0,2,5
533833864,0,,,252,126,126,28,12,16,224,114,110,146,81,65,214,106,108,210,105,105,78,33,45,42,17,25,19,5,14,3,1,2,0,0,0,84,84,17,22,16,15,5,5,4,67,47,20,4,55,0,11,6
533833871,0,,,393,196,197,63,30,33,330,166,164,215,112,103,320,160,160,316,159,157,115,54,61,56,23,33,13,5,8,2,0,2,1,0,1,151,151,37,40,38,22,11,2,1,112,102,10,15,77,4,21,12
533833872,0,,,182,91,91,16,9,7,166,82,84,94,46,48,159,78,81,157,78,79,72,36,36,20,8,12,6,0,6,1,0,1,0,0,0,68,68,11,25,16,10,3,3,0,57,50,7,4,46,0,9,18
533833873,0,,,484,239,245,76,37,39,408,202,206,268,130,138,396,198,198,388,194,194,140,72,68,55,26,29,17,7,10,1,1,0,3,0,3,166,166,27,45,39,35,13,4,3,139,114,25,17,88,0,13,24
533833874,0,,,109,51,58,21,12,9,88,39,49,60,28,32,84,38,46,82,37,45,28,11,17,16,4,12,5,1,4,1,0,1,0,0,0,34,34,4,10,5,8,5,1,1,30,21,9,5,20,0,3,5
533833881,0,,,174,76,98,25,14,11,149,62,87,94,42,52,145,61,84,143,60,83,55,20,35,31,8,23,13,3,10,1,0,1,0,0,0,66,66,12,22,15,12,5,0,0,54,44,10,8,41,0,12,5
533833882,0,,,228,112,116,31,11,20,197,101,96,128,68,60,191,97,94,186,93,93,69,33,36,43,23,20,14,8,6,0,0,0,3,1,2,84,84,16,27,17,15,7,2,0,68,55,13,8,49,0,10,13
533833883,0,,,180,93,87,23,14,9,157,79,78,103,52,51,156,79,77,151,76,75,54,27,27,18,7,11,10,2,8,1,0,1,5,3,2,72,72,17,23,15,15,1,0,1,55,45,10,10,38,0,10,7
533833884,0,,,351,171,180,52,30,22,291,139,152,213,103,110,279,134,145,274,130,144,78,36,42,43,18,25,9,3,6,4,1,3,1,1,0,136,136,44,26,27,24,12,3,0,91,76,15,11,48,2,11,12
533833891,0,,,267,118,149,30,15,15,237,103,134,158,72,86,225,99,126,218,96,122,79,31,48,34,12,22,11,2,9,0,0,0,7,2,5,101,101,20,39,17,15,4,5,1,81,69,12,6,51,0,12,19
533833892,0,,,40,16,24,12,4,8,28,12,16,22,10,12,27,12,15,27,12,15,6,2,4,5,2,3,1,0,1,0,0,0,0,0,0,13,13,1,3,4,4,1,0,0,12,10,2,4,3,0,1,1
533833893,0,,,374,190,184,118,63,55,254,126,128,160,81,79,239,117,122,235,113,122,94,45,49,49,22,27,14,4,10,1,0,1,4,3,1,112,111,24,46,18,12,7,4,0,85,74,11,6,58,3,12,23
533833894,0,,,286,114,172,25,13,12,259,101,158,119,60,59,253,99,154,250,98,152,140,41,99,115,31,84,74,10,64,19,1,18,1,0,1,89,88,34,23,17,10,4,0,0,54,50,4,8,31,0,12,9
533833932,0,,,46,22,24,4,1,3,42,21,21,24,13,11,41,20,21,40,20,20,18,8,10,9,3,6,5,2,3,1,0,1,0,0,0,19,19,5,5,6,2,1,0,0,14,12,2,1,12,0,5,2
533833941,2,533833942,,8,4,4,*,*,*,*,*,*,*,*,*,*,*,*,*,*,*,*,*,*,*,*,*,*,*,*,*,*,*,*,*,*,3,3,*,*,*,*,*,*,*,*,*,*,*,*,*,*,*
533833942,1,,533833941,204,98,106,27,17,10,183,84,99,113,54,59,179,84,95,176,84,92,70,30,40,30,11,19,12,2,10,0,0,0,4,2,2,74,74,14,24,16,16,4,3,0,62,49,13,10,46,1,9,13
533833944,0,,,58,33,25,5,3,2,53,30,23,42,25,17,52,29,23,52,29,23,11,5,6,6,2,4,3,1,2,1,1,0,0,0,0,5,4,0,1,1,0,1,1,0,4,2,2,1,2,0,0,0
533833951,0,,,535,263,272,72,31,41,462,231,231,303,156,147,450,221,229,447,219,228,159,75,84,75,32,43,19,6,13,0,0,0,5,2,3,218,216,56,74,45,26,13,1,1,159,136,23,24,105,5,29,33
533833952,0,,,485,237,248,45,23,22,439,213,226,279,134,145,420,205,215,410,201,209,160,79,81,83,37,46,21,8,13,1,0,1,12,5,7,196,196,45,70,39,30,10,1,1,146,126,20,12,103,1,16,36
533833953,0,,,344,188,156,34,22,12,307,166,141,232,135,97,277,147,130,270,144,126,75,31,44,33,16,17,9,4,5,0,0,0,2,1,1,93,89,30,31,16,7,3,0,2,58,52,6,4,48,0,18,12
533833954,0,,,55,27,28,2,1,1,53,26,27,35,18,17,49,25,24,46,24,22,18,8,10,8,3,5,1,0,1,0,0,0,0,0,0,18,18,2,5,5,4,1,0,1,16,14,2,0,11,0,1,4
533833961,0,,,667,332,335,79,35,44,578,290,288,382,198,184,554,278,276,536,267,269,196,92,104,92,42,50,14,5,9,1,0,1,13,6,7,260,259,64,81,48,45,16,1,4,191,166,25,19,127,3,31,46
533833962,0,,,616,310,306,56,28,28,552,279,273,349,183,166,527,268,259,507,258,249,203,96,107,85,40,45,20,7,13,0,0,0,15,6,9,245,245,69,72,48,37,11,2,6,173,143,30,12,139,1,35,38
533833963,0,,,145,65,80,4,1,3,141,64,77,110,49,61,140,64,76,135,63,72,31,15,16,9,3,6,2,0,2,0,0,0,0,0,0,18,15,7,4,3,1,0,0,0,8,7,1,2,6,0,2,3
533833964,0,,,539,296,243,56,34,22,480,260,220,362,204,158,458,242,216,450,237,213,118,56,62,65,30,35,20,6,14,1,0,1,5,3,2,190,190,25,60,50,34,18,3,0,162,144,18,14,75,2,7,23
533833971,0,,,660,336,324,74,39,35,585,296,289,384,203,181,568,285,283,557,279,278,201,93,108,91,38,53,29,9,20,0,0,0,27,15,12,271,271,86,83,38,34,23,6,1,184,158,26,13,131,19,29,50
533833972,0,,,592,300,292,108,63,45,484,237,247,389,190,199,448,218,230,433,211,222,95,47,48,42,14,28,10,2,8,0,0,0,37,18,19,220,220,49,61,45,43,18,4,0,170,161,9,17,65,6,13,26
533833973,0,,,554,286,268,57,35,22,496,251,245,369,193,176,482,243,239,472,239,233,127,58,69,57,23,34,18,4,14,3,1,2,31,18,13,216,216,50,65,51,33,14,2,1,164,145,19,18,81,3,12,23
533833974,0,,,576,279,297,73,38,35,499,239,260,359,170,189,475,222,253,462,217,245,140,69,71,54,26,28,16,7,9,0,0,0,17,11,6,241,241,67,80,49,26,17,1,1,171,155,16,23,90,5,19,36
533833981,0,,,666,317,349,96,55,41,570,262,308,404,189,215,550,252,298,531,242,289,166,73,93,82,36,46,17,4,13,2,0,2,12,6,6,245,245,37,80,65,47,11,4,1,206,189,17,23,103,2,17,33
533833982,0,,,277,131,146,49,27,22,228,104,124,157,77,80,218,99,119,217,98,119,71,27,44,37,13,24,7,2,5,0,0,0,5,2,3,112,112,34,29,21,20,6,2,0,78,72,6,16,48,1,18,14
533833983,0,,,788,388,400,119,56,63,663,329,334,502,257,245,631,312,319,614,303,311,161,72,89,69,31,38,15,7,8,0,0,0,3,1,2,287,287,48,94,57,64,21,1,2,235,208,27,36,108,10,15,41
533833984,0,,,594,284,310,68,33,35,522,249,273,342,168,174,498,240,258,494,237,257,180,81,99,76,31,45,25,7,18,1,0,1,2,1,1,235,235,54,79,52,36,9,3,2,180,162,18,25,124,3,24,37
533833991,0,,,469,223,246,53,26,27,416,197,219,285,143,142,400,188,212,398,186,212,131,54,77,59,21,38,16,4,12,1,0,1,3,1,2,190,190,51,55,37,39,7,1,0,138,120,18,17,89,10,24,28
533833992,0,,,218,104,114,37,19,18,181,85,96,150,72,78,172,78,94,159,71,88,31,13,18,14,5,9,4,1,3,0,0,0,1,0,1,77,77,11,23,20,15,7,1,0,66,60,6,8,22,1,5,6
533833993,0,,,510,261,249,32,15,17,471,243,228,267,146,121,455,236,219,448,233,215,204,97,107,82,41,41,28,8,20,2,0,2,5,2,3,217,217,59,83,39,21,9,3,3,156,135,21,6,131,2,30,46
533833994,0,,,126,63,63,16,10,6,110,53,57,68,36,32,106,49,57,103,48,55,42,17,25,20,5,15,6,1,5,0,0,0,0,0,0,49,49,8,25,5,4,5,2,0,39,34,5,5,29,0,6,9
533834001,1,,533834002,183,90,93,24,12,12,163,81,82,122,64,58,160,79,81,156,79,77,41,17,24,18,4,14,3,0,3,0,0,0,1,0,1,71,71,17,25,18,7,5,1,1,56,48,8,3,27,0,5,8
533834002,2,533834001,,4,3,1,*,*,*,*,*,*,*,*,*,*,*,*,*,*,*,*,*,*,*,*,*,*,*,*,*,*,*,*,*,*,3,3,*,*,*,*,*,*,*,*,*,*,*,*,*,*,*
533834003,0,,,739,372,367,119,65,54,613,304,309,501,248,253,592,292,300,575,286,289,112,56,56,50,24,26,12,6,6,1,0,1,18,9,9,292,292,84,83,49,53,15,3,5,201,173,28,45,78,17,12,25
533834004,0,,,243,121,122,27,18,9,205,99,106,164,80,84,195,95,100,189,92,97,41,19,22,20,10,10,4,1,3,0,0,0,12,7,5,110,110,45,23,24,13,3,1,1,61,56,5,7,29,3,13,7
533834011,0,,,152,76,76,16,8,8,125,63,62,86,46,40,119,60,59,118,59,59,39,17,22,26,10,16,8,2,6,0,0,0,5,1,4,55,55,10,20,8,10,5,1,1,41,33,8,3,28,0,7,7
533834012,0,,,453,209,244,33,14,19,400,187,213,212,105,107,388,181,207,375,173,202,188,82,106,111,51,60,18,7,11,1,0,1,42,17,25,177,177,40,55,42,28,8,3,1,130,113,17,10,120,0,26,39
533834013,0,,,758,362,396,89,38,51,619,304,315,434,220,214,595,293,302,582,284,298,185,84,101,87,43,44,20,8,12,1,1,0,31,12,19,312,312,77,106,65,49,13,1,1,220,206,14,29,120,5,29,45
533834014,0,,,863,412,451,123,54,69,668,320,348,470,230,240,645,311,334,633,307,326,198,90,108,83,40,43,21,7,14,2,0,2,129,58,71,361,361,113,101,73,51,16,4,3,239,212,27,32,127,8,28,46
533834021,0,,,426,204,222,54,31,23,325,151,174,200,92,108,316,148,168,311,146,165,125,59,66,52,29,23,9,6,3,0,0,0,95,46,49,183,183,54,72,23,17,13,3,1,117,107,10,11,86,1,22,28
533834023,0,,,1620,801,819,142,80,62,1287,628,659,909,438,471,1247,611,636,1224,600,624,378,190,188,142,65,77,36,15,21,1,1,0,156,80,76,672,672,167,234,147,90,24,7,3,457,418,39,41,257,7,58,96
533834024,0,,,137,69,68,18,8,10,111,57,54,75,41,34,105,54,51,104,53,51,36,16,20,19,9,10,2,0,2,0,0,0,0,0,0,62,62,27,13,10,8,2,2,0,34,28,6,5,22,6,2,8
533834032,0,,,202,94,108,37,22,15,144,62,82,101,44,57,139,61,78,139,61,78,43,18,25,22,9,13,5,0,5,1,0,1,24,8,16,81,81,32,12,16,11,6,4,0,48,40,8,9,27,6,6,6
533834033,1,,533834034,52,27,25,5,5,0,54,26,28,26,13,13,54,26,28,53,25,28,28,13,15,13,6,7,4,1,3,0,0,0,0,0,0,19,19,4,6,8,1,2,1,0,18,13,5,1,18,0,3,4
533834034,2,533834033,,8,4,4,*,*,*,*,*,*,*,*,*,*,*,*,*,*,*,*,*,*,*,*,*,*,*,*,*,*,*,*,*,*,3,3,*,*,*,*,*,*,*,*,*,*,*,*,*,*,*
533834041,0,,,77,35,42,2,0,2,75,35,40,48,24,24,74,35,39,74,35,39,27,11,16,12,4,8,2,1,1,0,0,0,9,5,4,38,38,12,15,9,2,0,0,0,26,22,4,1,18,9,2,7
533834042,1,,533834044,21,11,10,3,3,0,21,11,10,14,8,6,20,11,9,20,11,9,7,3,4,3,1,2,1,0,1,0,0,0,0,0,0,8,8,3,2,1,1,1,1,0,6,4,2,1,6,0,1,0
533834044,2,533834042,,4,3,1,*,*,*,*,*,*,*,*,*,*,*,*,*,*,*,*,*,*,*,*,*,*,*,*,*,*,*,*,*,*,1,1,*,*,*,*,*,*,*,*,*,*,*,*,*,*,*
533834051,0,,,22,15,7,0,0,0,22,15,7,12,9,3,21,14,7,20,13,7,10,6,4,4,2,2,0,0,0,0,0,0,0,0,0,11,11,6,1,2,2,0,0,0,5,5,0,0,7,0,4,1
533834053,0,,,130,60,70,14,6,8,116,54,62,68,36,32,111,52,59,109,51,58,48,18,30,34,14,20,15,8,7,1,1,0,0,0,0,46,46,8,13,10,11,3,0,1,38,31,7,0,30,0,5,8
533834054,0,,,98,42,56,10,7,3,87,34,53,68,21,47,87,34,53,86,34,52,19,13,6,9,6,3,3,2,1,1,1,0,29,4,25,54,54,30,13,6,2,2,1,0,24,18,6,5,13,24,1,5
533834061,0,,,134,65,69,8,3,5,126,62,64,78,39,39,123,60,63,123,60,63,48,23,25,24,12,12,9,3,6,2,0,2,0,0,0,49,49,4,21,10,12,2,0,0,45,38,7,4,29,0,2,11
533834062,0,,,34,15,19,2,0,2,30,14,16,22,11,11,27,12,15,27,12,15,8,3,5,5,2,3,0,0,0,0,0,0,0,0,0,12,12,2,3,3,3,1,0,0,9,8,1,1,5,0,0,1
533834063,0,,,199,77,122,11,9,2,188,68,120,68,29,39,184,68,116,180,66,114,120,39,81,95,25,70,63,13,50,17,1,16,0,0,0,41,39,4,7,15,8,3,1,1,35,24,11,3,29,0,4,4
533834071,0,,,14,7,7,0,0,0,14,7,7,5,1,4,14,7,7,14,7,7,9,6,3,3,2,1,0,0,0,0,0,0,1,0,1,7,7,2,4,0,1,0,0,0,5,5,0,0,6,0,2,3
533834072,2,533834074,,9,6,3,*,*,*,*,*,*,*,*,*,*,*,*,*,*,*,*,*,*,*,*,*,*,*,*,*,*,*,*,*,*,2,2,*,*,*,*,*,*,*,*,*,*,*,*,*,*,*
533834073,0,,,34,16,18,8,2,6,26,14,12,18,10,8,24,13,11,23,12,11,8,4,4,2,1,1,0,0,0,0,0,0,0,0,0,10,10,1,3,1,3,1,0,1,9,6,3,1,5,0,0,2
533834074,1,,533834072,69,33,36,10,7,3,68,32,36,58,27,31,63,28,35,59,26,33,10,5,5,7,4,3,1,1,0,0,0,0,0,0,0,23,23,2,7,7,5,3,1,0,23,22,1,1,6,0,0,3
533834081,0,,,21,10,11,2,0,2,19,10,9,15,8,7,18,9,9,17,8,9,4,2,2,2,1,1,1,1,0,0,0,0,1,0,1,7,7,0,2,4,0,1,0,0,6,5,1,1,2,0,0,0
533834082,0,,,12,5,7,0,0,0,12,5,7,8,3,5,11,5,6,11,5,6,4,2,2,1,1,0,0,0,0,0,0,0,0,0,0,4,4,0,2,0,2,0,0,0,4,4,0,0,2,0,0,2
533834083,0,,,174,79,95,14,6,8,160,73,87,75,37,38,158,73,85,152,70,82,85,36,49,52,25,27,20,9,11,2,1,1,0,0,0,71,71,15,28,18,4,3,3,0,55,47,8,3,55,0,14,16
533834084,0,,,135,69,66,9,7,2,120,60,60,59,29,30,116,57,59,115,57,58,61,31,30,35,17,18,9,2,7,1,0,1,1,0,1,51,51,7,22,10,7,4,1,0,42,34,8,2,37,0,5,15
533834091,0,,,149,76,73,7,1,6,142,75,67,65,36,29,141,74,67,136,69,67,77,39,38,48,21,27,17,7,10,1,0,1,1,0,1,58,58,7,26,16,4,4,1,0,50,44,6,2,47,0,6,14
533834092,0,,,87,42,45,7,3,4,80,39,41,48,23,25,78,37,41,77,37,40,32,16,16,13,5,8,4,3,1,0,0,0,1,0,1,32,32,5,14,4,5,3,0,1,27,21,6,3,22,0,3,8
533834093,0,,,209,102,107,23,8,15,184,93,91,111,56,55,177,91,86,175,89,86,73,37,36,38,16,22,10,5,5,1,0,1,0,0,0,69,69,9,24,10,13,10,2,1,57,41,16,5,44,0,5,13
533834094,0,,,81,36,45,8,4,4,73,32,41,43,16,27,71,32,39,71,32,39,30,16,14,17,9,8,8,4,4,2,1,1,0,0,0,33,33,8,11,7,5,2,0,0,24,18,6,2,20,0,4,6
533834101,0,,,939,455,484,164,81,83,765,369,396,601,299,302,729,350,379,707,338,369,164,70,94,71,29,42,21,4,17,1,0,1,17,7,10,344,344,76,99,67,58,35,6,3,264,227,37,51,110,2,18,34
533834102,0,,,52,25,27,4,2,2,48,23,25,36,18,18,45,23,22,43,22,21,12,5,7,7,3,4,1,1,0,0,0,0,5,1,4,18,18,2,6,3,6,1,0,0,16,12,4,1,8,0,2,2
533834103,0,,,711,353,358,112,55,57,593,294,299,462,236,226,561,278,283,540,263,277,131,58,73,42,18,24,7,1,6,0,0,0,7,3,4,256,255,45,79,52,57,14,6,2,207,181,26,29,85,3,18,29
533834104,0,,,71,35,36,8,5,3,63,30,33,42,22,20,62,29,33,62,29,33,21,8,13,9,2,7,3,1,2,0,0,0,0,0,0,28,28,6,8,8,5,1,0,0,22,18,4,3,15,0,3,6
533834111,0,,,1151,555,596,123,68,55,937,438,499,665,316,349,913,430,483,890,422,468,272,122,150,120,51,69,35,13,22,2,0,2,113,45,68,517,517,202,130,92,63,21,7,2,299,254,45,41,186,21,51,53
533834112,0,,,960,473,487,93,48,45,723,349,374,468,236,232,695,330,365,677,322,355,255,113,142,125,53,72,37,10,27,5,1,4,65,37,28,427,427,156,129,65,46,24,4,3,236,210,26,24,163,12,32,57
533834113,0,,,522,242,280,71,30,41,443,206,237,287,137,150,432,201,231,422,200,222,156,69,87,64,26,38,15,6,9,1,0,1,38,20,18,206,206,48,71,39,33,8,6,1,153,133,20,22,101,2,21,37
533834114,0,,,1030,505,525,116,59,57,855,417,438,584,299,285,833,409,424,820,404,416,271,118,153,135,56,79,35,10,25,4,0,4,115,53,62,440,440,140,137,79,55,15,14,0,286,251,35,25,180,11,47,54
533834121,0,,,998,494,504,112,56,56,801,393,408,591,298,293,765,379,386,746,367,379,210,95,115,100,40,60,29,12,17,1,0,1,100,59,41,434,434,139,136,81,56,14,7,1,276,252,24,28,145,18,33,48
533834122,0,,,284,142,142,32,16,16,241,121,120,159,84,75,238,119,119,236,118,118,82,37,45,32,14,18,12,3,9,1,0,1,17,8,9,119,119,36,36,24,15,4,4,0,82,74,8,9,54,4,10,15
533834123,0,,,1134,563,571,116,44,72,829,414,415,576,300,276,802,397,405,788,390,398,253,114,139,113,52,61,32,10,22,4,0,4,33,16,17,515,515,197,135,90,75,14,2,2,279,254,25,27,165,19,36,53
533834124,0,,,76,39,37,13,9,4,54,25,29,31,14,17,53,24,29,52,23,29,23,11,12,4,1,3,2,0,2,1,0,1,6,4,2,28,28,6,7,9,4,1,0,1,19,16,3,6,15,0,5,4
533834131,0,,,134,62,72,12,5,7,108,47,61,64,27,37,105,46,59,104,46,58,44,20,24,21,10,11,6,3,3,1,0,1,0,0,0,55,55,16,15,13,7,3,1,0,36,33,3,3,31,0,13,9
533834132,0,,,131,65,66,7,2,5,116,58,58,79,40,39,109,53,56,106,51,55,37,18,19,17,7,10,8,4,4,1,1,0,3,0,3,56,56,16,20,10,5,5,0,0,37,32,5,1,23,4,5,8
533834133,0,,,174,86,88,38,21,17,136,65,71,93,43,50,132,65,67,129,63,66,43,22,21,17,7,10,8,3,5,0,0,0,0,0,0,60,60,10,16,15,11,6,1,1,50,44,6,7,28,0,6,8
533834134,0,,,95,49,46,13,7,6,67,36,31,40,20,20,66,36,30,65,36,29,27,16,11,12,7,5,1,1,0,0,0,0,0,0,0,39,39,11,11,8,8,0,1,0,25,22,3,3,18,0,4,7
533834141,2,533834143,,6,3,3,*,*,*,*,*,*,*,*,*,*,*,*,*,*,*,*,*,*,*,*,*,*,*,*,*,*,*,*,*,*,3,3,*,*,*,*,*,*,*,*,*,*,*,*,*,*,*
533834143,1,,533834141,180,55,125,9,5,4,175,52,123,29,17,12,173,50,123,173,50,123,146,35,111,134,31,103,95,18,77,29,3,26,0,0,0,20,18,3,9,4,2,1,2,0,18,15,3,1,12,0,1,5
533834144,0,,,88,41,47,12,5,7,75,35,40,50,25,25,74,35,39,74,35,39,25,10,15,11,4,7,3,1,2,0,0,0,0,0,0,35,35,6,14,7,7,1,0,0,29,27,2,4,16,0,4,7
533834151,2,533834152,,1,1,0,*,*,*,*,*,*,*,*,*,*,*,*,*,*,*,*,*,*,*,*,*,*,*,*,*,*,*,*,*,*,1,1,*,*,*,*,*,*,*,*,*,*,*,*,*,*,*
533834152,1,,533834151,289,146,143,22,12,10,262,132,130,138,75,63,253,128,125,251,127,124,124,57,67,67,28,39,26,12,14,1,0,1,4,1,3,124,124,31,49,28,11,4,1,1,90,83,7,8,82,4,18,25
533834153,0,,,284,133,151,29,15,14,252,116,136,137,72,65,244,112,132,241,110,131,115,44,71,93,30,63,61,15,46,13,7,6,3,1,2,82,81,25,22,10,15,4,5,0,55,43,12,9,30,3,5,8
533834154,0,,,22,13,9,0,0,0,21,12,9,19,11,8,21,12,9,21,12,9,2,1,1,0,0,0,0,0,0,0,0,0,0,0,0,18,18,14,4,0,0,0,0,0,3,3,0,0,1,3,0,1
533834161,0,,,202,108,94,34,23,11,168,85,83,109,56,53,160,80,80,159,80,79,59,29,30,29,12,17,6,4,2,1,1,0,1,1,0,70,70,11,24,12,14,5,2,2,58,51,7,10,42,0,8,13
533834162,0,,,35,15,20,3,0,3,32,15,17,22,9,13,27,13,14,27,13,14,10,6,4,6,4,2,1,1,0,0,0,0,0,0,0,10,10,3,1,1,2,1,1,1,7,5,2,0,7,0,2,1
533834163,0,,,61,27,34,6,2,4,55,25,30,48,22,26,50,21,29,49,21,28,7,3,4,5,2,3,1,1,0,0,0,0,0,0,0,20,20,2,5,4,8,1,0,0,18,17,1,2,4,0,0,3
533834171,0,,,45,25,20,1,0,1,44,25,19,27,13,14,43,25,18,43,25,18,17,12,5,10,6,4,4,2,2,0,0,0,1,0,1,17,17,3,7,2,3,2,0,0,14,10,4,0,13,0,2,2
533834172,0,,,92,45,47,7,5,2,85,40,45,47,25,22,83,39,44,83,39,44,38,15,23,20,7,13,8,2,6,2,1,1,0,0,0,32,32,3,11,7,10,0,1,0,29,18,11,1,21,0,2,5
533834173,0,,,106,53,53,10,6,4,95,46,49,53,28,25,95,46,49,92,46,46,42,18,24,17,7,10,6,3,3,0,0,0,1,1,0,40,40,6,18,6,6,2,2,0,34,25,9,2,29,0,4,10
533834174,0,,,74,36,38,7,2,5,63,33,30,47,25,22,62,32,30,61,31,30,16,8,8,10,4,6,8,3,5,0,0,0,2,2,0,35,35,13,12,7,2,0,0,1,22,18,4,4,12,1,3,2
533834181,2,533834182,,4,1,3,*,*,*,*,*,*,*,*,*,*,*,*,*,*,*,*,*,*,*,*,*,*,*,*,*,*,*,*,*,*,2,2,*,*,*,*,*,*,*,*,*,*,*,*,*,*,*
533834182,1,,533834181;533834184,177,77,100,29,10,19,155,69,86,99,43,56,152,68,84,149,68,81,56,26,30,27,14,13,11,4,7,2,0,2,2,1,1,65,65,13,23,14,9,7,2,0,55,43,12,8,38,1,6,7
533834184,2,533834182,,3,1,2,*,*,*,*,*,*,*,*,*,*,*,*,*,*,*,*,*,*,*,*,*,*,*,*,*,*,*,*,*,*,1,1,*,*,*,*,*,*,*,*,*,*,*,*,*,*,*
533834191,2,533834192,,6,4,2,*,*,*,*,*,*,*,*,*,*,*,*,*,*,*,*,*,*,*,*,*,*,*,*,*,*,*,*,*,*,1,1,*,*,*,*,*,*,*,*,*,*,*,*,*,*,*
533834192,1,,533834191;533834193,130,68,62,21,12,9,120,61,59,84,45,39,115,57,58,114,56,58,36,16,20,15,6,9,4,1,3,0,0,0,1,0,1,49,49,8,15,18,7,3,1,0,44,37,7,7,23,0,3,5
533834193,2,533834192,,5,1,4,*,*,*,*,*,*,*,*,*,*,*,*,*,*,*,*,*,*,*,*,*,*,*,*,*,*,*,*,*,*,2,2,*,*,*,*,*,*,*,*,*,*,*,*,*,*,*
533834194,0,,,19,11,8,2,1,1,15,9,6,10,6,4,15,9,6,15,9,6,5,3,2,4,2,2,2,0,2,1,0,1,0,0,0,10,10,4,3,3,0,0,0,0,5,4,1,2,3,0,1,1
533834201,0,,,26,18,8,3,3,0,23,15,8,21,14,7,22,14,8,22,14,8,2,1,1,0,0,0,0,0,0,0,0,0,1,0,1,15,15,10,2,1,1,1,0,0,5,5,0,0,2,1,2,0
533834204,0,,,236,114,122,21,11,10,208,98,110,144,68,76,203,94,109,197,93,104,64,30,34,23,9,14,6,1,5,1,0,1,5,2,3,92,92,19,28,24,16,5,0,0,71,64,7,7,43,2,10,12
533834211,0,,,91,47,44,21,10,11,59,31,28,49,24,25,55,29,26,55,29,26,10,7,3,1,1,0,0,0,0,0,0,0,0,0,0,29,29,1,10,6,8,4,0,0,25,25,0,7,7,0,0,6
533834212,0,,,438,231,207,53,27,26,347,185,162,263,148,115,340,180,160,331,176,155,84,37,47,43,19,24,8,2,6,0,0,0,74,37,37,191,191,78,38,35,23,15,2,0,103,85,18,16,58,6,15,14
533834213,0,,,379,186,193,45,23,22,317,157,160,253,129,124,303,146,157,298,144,154,64,28,36,16,5,11,6,1,5,0,0,0,5,2,3,136,136,14,47,40,26,7,2,0,115,109,6,10,45,0,7,10
533834214,0,,,765,391,374,68,34,34,623,315,308,447,229,218,606,300,306,593,293,300,176,86,90,71,31,40,24,9,15,3,0,3,42,23,19,348,348,134,100,52,41,15,6,0,202,171,31,28,117,11,28,40
533834221,0,,,760,386,374,80,41,39,618,312,306,385,197,188,588,296,292,580,291,289,233,115,118,108,51,57,32,13,19,3,1,2,17,4,13,345,345,127,110,44,45,15,2,2,211,192,19,25,152,8,37,62
533834222,0,,,733,384,349,112,63,49,596,307,289,438,230,208,565,291,274,539,277,262,158,77,81,59,25,34,24,4,20,0,0,0,6,3,3,287,287,83,70,52,60,19,2,1,203,182,21,24,104,12,19,37
533834223,0,,,250,126,124,29,10,19,182,94,88,129,65,64,180,93,87,180,93,87,53,29,24,18,9,9,5,2,3,0,0,0,19,12,7,132,132,65,34,19,11,2,1,0,62,57,5,11,38,7,10,12
533834224,0,,,373,175,198,92,39,53,274,133,141,234,114,120,256,123,133,251,122,129,40,19,21,23,13,10,3,3,0,0,0,0,7,4,3,130,130,23,33,26,34,14,0,0,105,100,5,21,26,10,2,9
533834231,0,,,496,267,229,60,32,28,372,197,175,280,158,122,359,186,173,348,178,170,92,39,53,48,19,29,14,6,8,0,0,0,7,6,1,266,266,153,46,26,33,7,1,0,113,102,11,18,63,36,18,23
533834232,0,,,602,295,307,82,43,39,490,233,257,362,180,182,471,223,248,455,215,240,128,53,75,78,30,48,37,9,28,6,2,4,116,58,58,217,216,61,53,48,34,11,8,1,148,128,20,26,55,9,9,14
533834233,0,,,495,248,247,99,52,47,378,184,194,347,169,178,357,175,182,338,168,170,31,15,16,15,7,8,4,1,3,0,0,0,3,1,2,228,228,116,25,36,39,8,3,1,109,104,5,30,21,53,4,7
533834234,0,,,631,336,295,118,63,55,454,242,212,363,199,164,434,231,203,422,224,198,91,43,48,34,14,20,12,3,9,1,0,1,4,2,2,268,268,102,60,39,48,15,3,1,159,150,9,31,55,17,12,24
533834241,0,,,37,13,24,2,0,2,35,13,22,17,6,11,35,13,22,35,13,22,18,7,11,9,3,6,2,0,2,0,0,0,0,0,0,15,15,2,6,5,2,0,0,0,13,10,3,0,12,0,1,4
533834242,0,,,120,35,85,1,1,0,119,34,85,10,6,4,119,34,85,118,33,85,109,28,81,98,22,76,71,12,59,15,2,13,0,0,0,12,10,0,7,1,1,0,1,0,10,8,2,1,9,0,0,6
533834243,0,,,18,10,8,1,0,1,16,9,7,11,6,5,16,9,7,15,8,7,5,3,2,1,1,0,0,0,0,0,0,0,0,0,0,7,7,1,1,5,0,0,0,0,6,6,0,1,3,0,0,0
533834244,0,,,43,23,20,6,4,2,37,19,18,20,10,10,36,18,18,36,18,18,17,9,8,11,6,5,3,1,2,0,0,0,0,0,0,15,15,1,7,1,5,1,0,0,14,13,1,1,8,0,1,4
533834251,0,,,175,89,86,22,10,12,151,79,72,121,64,57,144,75,69,139,72,67,30,15,15,8,4,4,4,2,2,0,0,0,0,0,0,72,72,21,20,17,9,4,0,1,50,46,4,5,25,4,9,5
533834252,0,,,182,92,90,22,11,11,158,80,78,111,62,49,149,74,75,141,70,71,47,18,29,21,5,16,11,1,10,1,0,1,1,1,0,68,68,13,18,18,16,3,0,0,55,42,13,4,31,0,4,11
533834253,0,,,67,39,28,10,7,3,57,32,25,43,25,18,53,29,24,53,29,24,14,7,7,7,3,4,1,0,1,0,0,0,0,0,0,32,32,13,9,6,2,2,0,0,19,15,4,2,9,3,1,4
533834254,0,,,168,74,94,32,14,18,136,60,76,100,45,55,130,59,71,130,59,71,36,15,21,15,5,10,7,2,5,0,0,0,1,0,1,63,63,10,21,16,12,4,0,0,53,47,6,8,23,1,6,9
533834263,0,,,10,6,4,0,0,0,10,6,4,5,3,2,10,6,4,10,6,4,5,3,2,3,3,0,1,1,0,0,0,0,0,0,0,4,4,0,2,2,0,0,0,0,4,3,1,0,3,0,0,1
533834264,0,,,29,12,17,7,4,3,22,8,14,14,6,8,21,8,13,20,8,12,8,2,6,5,1,4,2,1,1,0,0,0,0,0,0,10,10,2,4,1,1,0,2,0,8,5,3,1,6,0,1,2
533834271,0,,,148,72,76,23,16,7,125,56,69,83,37,46,119,54,65,118,54,64,42,19,23,20,6,14,8,1,7,1,0,1,0,0,0,53,53,11,17,8,8,7,2,0,42,32,10,6,29,1,4,9
533834272,0,,,266,134,132,28,16,12,237,117,120,161,83,78,231,116,115,227,115,112,76,34,42,46,20,26,19,5,14,1,0,1,1,1,0,97,97,19,32,21,15,5,1,4,78,57,21,7,54,1,12,11
533834273,0,,,254,136,118,38,27,11,212,106,106,145,79,66,204,100,104,201,99,102,67,27,40,39,16,23,10,2,8,1,0,1,4,2,2,98,98,28,26,18,13,10,3,0,70,63,7,11,43,2,11,11
533834274,0,,,90,56,34,19,12,7,65,40,25,57,37,20,64,39,25,62,37,25,8,3,5,2,0,2,2,0,2,0,0,0,3,2,1,36,36,15,6,4,4,7,0,0,20,18,2,4,6,4,1,2
533834281,0,,,66,31,35,11,6,5,55,25,30,38,18,20,53,25,28,53,25,28,17,7,10,8,3,5,2,1,1,2,1,1,0,0,0,22,22,2,8,6,1,4,1,0,20,17,3,2,11,0,1,3
533834282,0,,,30,15,15,4,2,2,25,12,13,20,10,10,23,12,11,23,12,11,5,2,3,1,0,1,1,0,1,0,0,0,0,0,0,12,12,4,2,3,2,1,0,0,8,6,2,1,4,0,1,0
533834283,0,,,374,180,194,51,25,26,320,154,166,210,108,102,308,147,161,300,144,156,110,46,64,51,19,32,32,7,25,5,1,4,7,3,4,127,126,23,33,37,23,6,2,2,102,86,16,13,58,0,15,13
533834284,0,,,108,51,57,16,6,10,92,45,47,58,29,29,88,42,46,84,41,43,34,16,18,18,10,8,5,3,2,0,0,0,0,0,0,35,35,6,8,9,6,3,2,1,29,21,8,4,24,0,5,5
533834291,0,,,267,139,128,24,17,7,243,122,121,154,81,73,233,117,116,223,108,115,89,41,48,37,15,22,10,1,9,2,0,2,0,0,0,89,89,15,21,19,20,12,1,1,73,53,20,5,60,0,13,13
533834292,0,,,180,82,98,15,9,6,165,73,92,79,40,39,160,70,90,155,69,86,86,33,53,57,18,39,24,4,20,3,0,3,0,0,0,56,55,7,19,16,9,2,0,2,48,41,7,4,37,0,4,14
533834293,0,,,255,128,127,28,14,14,226,113,113,135,72,63,221,109,112,218,106,112,91,41,50,44,17,27,18,5,13,0,0,0,3,1,2,97,97,21,33,17,20,2,2,2,74,54,20,10,61,0,13,14
533834294,0,,,142,76,66,10,7,3,132,69,63,96,52,44,127,67,60,123,63,60,36,17,19,19,9,10,8,3,5,1,0,1,0,0,0,52,52,10,13,14,12,2,1,0,41,35,6,2,24,0,6,5
533834302,0,,,816,395,421,73,42,31,664,314,350,470,225,245,644,308,336,630,302,328,194,89,105,71,30,41,20,6,14,2,0,2,17,7,10,304,304,41,109,76,65,9,4,0,237,216,21,19,132,1,23,45
533834303,0,,,21,12,9,1,1,0,20,11,9,10,6,4,20,11,9,20,11,9,10,5,5,5,2,3,3,1,2,0,0,0,0,0,0,9,9,2,3,3,1,0,0,0,7,5,2,1,7,0,2,3
533834304,0,,,458,228,230,82,39,43,354,178,176,281,146,135,346,175,171,336,167,169,73,32,41,31,12,19,6,1,5,0,0,0,16,8,8,153,153,14,52,36,33,10,6,2,134,119,15,14,48,0,4,16
533834311,0,,,63,27,36,15,6,9,48,21,27,41,19,22,47,21,26,46,20,26,7,2,5,5,2,3,0,0,0,0,0,0,0,0,0,23,23,7,4,5,4,2,0,1,16,15,1,7,5,1,3,0
533834312,0,,,1208,604,604,168,80,88,967,482,485,759,390,369,940,468,472,920,462,458,208,92,116,95,46,49,23,12,11,1,1,0,97,43,54,585,585,265,138,90,68,20,3,1,308,276,32,54,151,47,47,37
533834313,0,,,510,250,260,55,30,25,418,201,217,299,148,151,391,191,200,381,186,195,119,53,66,50,21,29,10,4,6,1,0,1,13,5,8,216,216,61,64,56,25,7,3,0,150,131,19,25,75,7,6,25
533834314,0,,,1227,599,628,253,129,124,955,463,492,796,396,400,918,451,467,895,436,459,159,67,92,76,26,50,16,3,13,3,0,3,38,21,17,483,483,160,104,82,91,32,10,4,319,277,42,67,116,29,28,29
533834321,0,,,798,426,372,98,52,46,648,347,301,454,251,203,629,334,295,617,327,290,194,96,98,88,46,42,26,14,12,2,1,1,33,24,9,359,359,138,97,57,50,13,1,3,213,189,24,32,124,19,21,46
533834322,0,,,341,167,174,37,15,22,238,118,120,205,106,99,231,115,116,223,110,113,33,12,21,10,1,9,5,1,4,1,0,1,2,1,1,194,194,121,30,20,15,8,0,0,69,64,5,8,25,35,8,6
533834323,0,,,1339,631,708,213,112,101,1093,500,593,855,401,454,1049,482,567,1007,467,540,238,99,139,120,51,69,38,15,23,2,2,0,172,81,91,614,613,244,166,100,76,19,7,1,360,330,30,55,156,61,48,43
533834324,0,,,636,341,295,52,26,26,463,241,222,392,209,183,455,238,217,436,230,206,71,32,39,31,13,18,10,5,5,0,0,0,20,11,9,395,395,267,64,26,30,6,1,1,115,104,11,23,47,83,11,19
533834331,0,,,637,356,281,73,37,36,418,235,183,365,208,157,411,229,182,397,222,175,53,27,26,19,7,12,5,2,3,0,0,0,18,9,9,421,420,327,30,34,21,7,1,0,86,76,10,24,30,122,6,8
533834332,0,,,1420,736,684,144,75,69,994,492,502,781,392,389,974,485,489,948,472,476,213,100,113,80,32,48,24,9,15,5,1,4,68,31,37,794,794,466,147,98,57,22,2,2,288,260,28,52,157,124,59,45
533834333,0,,,851,450,401,99,50,49,619,323,296,501,266,235,594,310,284,575,298,277,118,57,61,62,25,37,17,5,12,2,0,2,48,24,24,460,460,264,83,54,43,9,7,0,184,167,17,27,81,69,27,25
533834334,0,,,1014,536,478,85,44,41,837,441,396,597,326,271,817,429,388,803,421,382,240,115,125,71,30,41,12,3,9,0,0,0,45,27,18,484,484,199,132,87,46,15,4,1,258,235,23,30,162,36,46,45
533834341,0,,,209,105,104,29,13,16,163,79,84,127,61,66,156,74,82,151,73,78,36,18,18,11,5,6,4,2,2,1,0,1,11,7,4,87,87,30,18,19,16,2,2,0,55,50,5,7,20,2,1,9
533834342,0,,,857,622,235,77,50,27,777,569,208,654,485,169,764,563,201,759,560,199,123,84,39,49,28,21,12,8,4,0,0,0,31,31,0,225,221,59,76,43,39,4,0,0,162,155,7,27,47,11,6,18
533834344,0,,,960,476,484,164,91,73,774,369,405,588,288,300,729,348,381,717,342,375,186,81,105,95,34,61,44,12,32,7,2,5,13,7,6,361,360,103,85,71,72,24,5,0,247,215,32,43,99,19,20,26
533834351,0,,,985,455,530,143,72,71,806,360,446,649,311,338,769,338,431,754,332,422,157,49,108,91,20,71,52,10,42,12,0,12,21,6,15,417,416,153,119,61,61,19,3,0,256,237,19,48,78,30,22,20
533834352,0,,,279,145,134,47,29,18,230,114,116,170,84,86,222,109,113,215,107,108,60,30,30,30,17,13,5,2,3,0,0,0,5,3,2,109,109,31,21,29,21,7,0,0,76,68,8,9,42,5,11,11
533834353,0,,,1637,827,810,220,106,114,1379,698,681,1044,547,497,1315,658,657,1292,648,644,335,151,184,146,56,90,51,14,37,10,2,8,60,37,23,693,691,218,211,135,88,28,10,1,458,426,32,70,206,39,53,61
533834354,0,,,649,306,343,72,32,40,573,271,302,378,188,190,552,259,293,538,250,288,195,83,112,103,40,63,49,11,38,9,1,8,11,6,5,246,244,50,96,52,28,13,3,2,192,179,13,19,97,7,13,39
533834361,0,,,157,74,83,23,10,13,132,62,70,82,38,44,130,62,68,129,61,68,50,24,26,18,10,8,7,3,4,0,0,0,12,4,8,68,68,20,21,14,12,1,0,0,47,46,1,5,35,2,10,10
533834362,0,,,392,189,203,81,45,36,311,144,167,208,104,104,301,140,161,297,138,159,103,40,63,45,16,29,15,4,11,1,0,1,2,0,2,146,146,26,51,26,30,12,1,0,120,111,9,26,70,0,18,21
533834363,0,,,432,222,210,114,65,49,311,153,158,237,116,121,299,146,153,292,144,148,74,37,37,33,17,16,6,3,3,0,0,0,4,2,2,165,165,44,44,26,37,11,2,1,120,115,5,29,54,4,20,13
533834364,0,,,467,233,234,109,51,58,347,176,171,270,141,129,335,169,166,330,168,162,77,35,42,36,15,21,7,2,5,0,0,0,11,7,4,181,181,50,41,39,38,12,1,0,130,122,8,40,53,7,13,21
533834371,0,,,38,19,19,8,3,5,30,16,14,25,12,13,30,16,14,29,15,14,5,4,1,2,2,0,1,1,0,0,0,0,0,0,0,14,14,2,3,6,3,0,0,0,12,11,1,4,4,0,1,0
533834372,0,,,89,41,48,14,4,10,74,37,37,45,23,22,71,35,36,70,34,36,29,14,15,13,7,6,2,0,2,0,0,0,1,0,1,35,35,8,13,6,4,3,1,0,27,26,1,2,19,0,5,6
533834373,0,,,89,47,42,20,13,7,69,34,35,60,28,32,69,34,35,67,33,34,9,6,3,3,1,2,0,0,0,0,0,0,2,1,1,31,31,5,10,6,5,4,1,0,25,22,3,7,7,0,0,2
533834381,0,,,370,178,192,43,21,22,327,157,170,228,113,115,311,149,162,305,146,159,99,44,55,53,21,32,15,5,10,1,0,1,1,1,0,137,137,18,55,30,22,10,1,1,118,101,17,13,63,1,6,28
533834382,0,,,346,160,186,41,22,19,305,138,167,219,96,123,292,133,159,282,129,153,86,42,44,42,21,21,6,2,4,0,0,0,0,0,0,129,129,26,34,38,21,6,4,0,103,87,16,9,59,0,16,10
533834383,0,,,31,13,18,9,4,5,22,9,13,21,8,13,20,8,12,20,8,12,1,1,0,0,0,0,0,0,0,0,0,0,2,0,2,11,11,3,4,0,2,1,0,1,8,7,1,3,1,1,0,0
533834384,0,,,30,14,16,4,2,2,26,12,14,16,7,9,26,12,14,26,12,14,10,5,5,6,2,4,5,2,3,0,0,0,0,0,0,10,10,3,3,1,0,2,0,1,7,3,4,2,7,1,1,1
533834391,0,,,17,9,8,1,0,1,16,9,7,12,7,5,15,9,6,15,9,6,4,2,2,4,2,2,0,0,0,0,0,0,0,0,0,8,8,3,2,2,1,0,0,0,5,5,0,0,3,0,2,0
533834392,0,,,101,42,59,11,6,5,90,36,54,57,22,35,85,32,53,85,32,53,33,14,19,17,7,10,8,3,5,1,0,1,0,0,0,37,37,6,15,6,5,4,0,1,31,25,6,2,22,1,5,8
533834393,2,533834394,,7,4,3,*,*,*,*,*,*,*,*,*,*,*,*,*,*,*,*,*,*,*,*,*,*,*,*,*,*,*,*,*,*,3,3,*,*,*,*,*,*,*,*,*,*,*,*,*,*,*
533834394,1,,533834393,218,109,109,18,12,6,204,99,105,131,62,69,197,97,100,193,94,99,73,37,36,42,22,20,9,7,2,1,1,0,1,0,1,83,83,15,30,22,13,4,2,0,70,56,14,6,47,2,7,12
533834401,1,,533834403,38,17,21,4,3,1,39,16,23,26,10,16,38,16,22,37,16,21,13,6,7,4,2,2,0,0,0,0,0,0,5,2,3,16,16,4,7,3,0,2,1,0,13,11,2,1,8,0,2,5
533834402,0,,,707,341,366,70,30,40,622,302,320,376,184,192,604,294,310,591,288,303,246,118,128,97,42,55,19,8,11,1,0,1,11,3,8,283,283,54,114,57,41,12,5,0,224,202,22,13,156,4,24,62
533834403,2,533834401,,5,2,3,*,*,*,*,*,*,*,*,*,*,*,*,*,*,*,*,*,*,*,*,*,*,*,*,*,*,*,*,*,*,1,1,*,*,*,*,*,*,*,*,*,*,*,*,*,*,*
533834404,0,,,287,135,152,23,13,10,258,119,139,136,66,70,251,117,134,246,114,132,122,53,69,63,26,37,26,9,17,4,1,3,8,4,4,105,104,18,41,26,15,3,1,0,84,76,8,8,57,0,10,20
533834411,0,,,568,278,290,56,27,29,493,242,251,352,182,170,471,232,239,460,228,232,141,60,81,68,28,40,14,3,11,0,0,0,9,4,5,229,229,56,74,48,37,12,2,0,168,146,22,16,94,3,21,25
533834412,0,,,1157,604,553,329,171,158,792,415,377,698,378,320,760,396,364,751,391,360,94,37,57,47,22,25,14,5,9,4,1,3,13,5,8,449,449,156,80,61,113,29,9,1,291,269,22,82,66,36,12,15
533834413,0,,,16,7,9,6,2,4,10,5,5,10,5,5,9,5,4,9,5,4,0,0,0,0,0,0,0,0,0,0,0,0,0,0,0,7,7,3,1,1,2,0,0,0,4,4,0,3,0,1,0,0
533834414,0,,,588,284,304,140,75,65,443,206,237,321,157,164,432,201,231,424,199,225,122,49,73,83,30,53,52,18,34,7,3,4,7,2,5,195,194,48,44,36,45,15,2,4,146,135,11,41,48,9,11,12
533834421,0,,,717,342,375,189,84,105,521,254,267,426,213,213,492,239,253,483,233,250,95,41,54,47,22,25,12,6,6,0,0,0,2,2,0,247,247,48,60,48,55,31,5,0,198,179,19,47,68,6,14,17
533834422,0,,,292,151,141,35,23,12,246,123,123,174,91,83,236,120,116,233,118,115,72,32,40,33,12,21,15,5,10,0,0,0,4,1,3,129,129,51,28,24,18,7,1,0,78,67,11,11,49,5,11,12
533834423,0,,,59,32,27,5,3,2,52,28,24,35,19,16,50,27,23,50,27,23,17,9,8,11,7,4,1,1,0,0,0,0,2,1,1,28,28,10,10,3,5,0,0,0,17,16,1,2,9,0,1,7
533834424,0,,,609,284,325,62,29,33,538,250,288,265,137,128,530,248,282,520,244,276,273,113,160,171,63,108,92,27,65,12,4,8,2,1,1,207,206,56,62,48,26,6,6,2,150,135,15,13,114,2,29,34
533834432,0,,,846,455,391,138,73,65,686,373,313,576,322,254,663,364,299,633,342,291,110,51,59,31,15,16,5,2,3,0,0,0,7,3,4,388,388,165,87,59,58,16,3,0,217,205,12,45,74,38,17,25
533834433,0,,,217,101,116,15,6,9,202,95,107,134,68,66,197,91,106,195,90,105,68,27,41,37,12,25,12,3,9,0,0,0,4,1,3,84,84,16,29,20,13,5,1,0,68,58,10,4,47,1,8,13
533834434,0,,,631,339,292,72,36,36,530,289,241,401,231,170,521,284,237,512,279,233,129,58,71,46,24,22,8,2,6,0,0,0,38,16,22,321,321,154,79,43,37,6,2,0,163,150,13,29,82,12,21,25
533834441,0,,,34,17,17,10,5,5,24,12,12,23,11,12,23,12,11,23,12,11,1,1,0,0,0,0,0,0,0,0,0,0,0,0,0,12,12,2,3,3,3,1,0,0,10,10,0,5,1,2,0,1
533834442,0,,,1628,756,872,229,111,118,1353,618,735,1027,496,531,1315,595,720,1279,580,699,326,122,204,194,57,137,98,22,76,19,2,17,122,29,93,758,756,363,177,116,70,25,2,3,379,360,19,68,144,116,49,39
533834443,0,,,777,395,382,93,46,47,658,336,322,517,274,243,644,330,314,635,323,312,141,62,79,62,28,34,23,13,10,1,0,1,12,6,6,389,389,165,110,71,36,7,0,0,217,208,9,46,97,34,25,33
533834444,0,,,1461,724,737,188,96,92,1228,604,624,905,449,456,1208,592,616,1189,587,602,323,155,168,130,56,74,37,13,24,6,0,6,33,14,19,667,666,234,217,106,77,28,4,0,420,390,30,60,213,25,54,76
533834451,0,,,1828,905,923,292,151,141,1480,724,756,1139,565,574,1423,696,727,1394,677,717,341,159,182,130,58,72,22,5,17,0,0,0,28,12,16,773,773,221,262,129,119,34,7,1,538,499,39,103,229,30,50,86
533834452,0,,,515,237,278,74,32,42,428,198,230,319,153,166,410,191,219,401,186,215,109,45,64,51,18,33,16,5,11,0,0,0,11,4,7,229,229,74,81,29,34,10,1,0,153,146,7,15,78,16,19,27
533834453,0,,,1178,589,589,168,88,80,999,494,505,780,398,382,946,465,481,913,450,463,219,96,123,73,32,41,21,8,13,1,0,1,29,11,18,473,473,134,130,95,83,22,6,3,334,297,37,52,145,31,29,42
533834454,0,,,870,429,441,158,82,76,704,341,363,476,234,242,680,324,356,671,318,353,228,107,121,95,46,49,27,9,18,2,0,2,12,3,9,340,340,67,120,73,61,15,3,1,270,248,22,53,139,9,15,62
533834461,0,,,565,271,294,108,58,50,456,212,244,369,176,193,428,200,228,413,197,216,87,36,51,38,15,23,13,4,9,3,2,1,2,1,1,198,198,25,63,47,44,17,2,0,170,153,17,31,60,2,12,17
533834462,0,,,642,305,337,127,57,70,513,246,267,388,195,193,497,238,259,489,233,256,125,51,74,51,16,35,11,3,8,1,1,0,12,6,6,238,238,39,79,54,51,12,2,1,195,180,15,46,83,1,16,27
533834463,0,,,1219,593,626,294,142,152,921,449,472,763,381,382,867,424,443,849,414,435,158,68,90,77,31,46,24,10,14,0,0,0,34,13,21,412,411,52,105,104,117,30,2,1,353,329,24,75,106,7,18,27
533834464,0,,,460,220,240,72,33,39,381,183,198,300,143,157,357,168,189,344,161,183,81,40,41,35,16,19,14,8,6,0,0,0,7,6,1,168,168,27,59,36,34,7,2,3,136,125,11,23,55,1,12,20
533834471,0,,,98,42,56,22,7,15,75,34,41,68,32,36,71,32,39,68,32,36,7,2,5,3,1,2,1,1,0,0,0,0,4,2,2,37,37,12,3,10,10,2,0,0,25,25,0,5,6,0,2,1
533834472,0,,,126,64,62,3,1,2,122,62,60,70,38,32,120,62,58,118,61,57,52,24,28,26,11,15,2,0,2,0,0,0,0,0,0,16,15,2,2,8,1,1,1,0,13,10,3,1,9,0,1,1
533834473,0,,,364,178,186,91,48,43,273,130,143,238,116,122,247,117,130,241,114,127,35,14,21,9,1,8,1,0,1,0,0,0,9,3,6,110,110,15,19,22,32,17,4,1,94,81,13,19,25,1,5,3
533834474,0,,,214,91,123,36,15,21,177,75,102,135,58,77,165,69,96,160,69,91,42,17,25,21,9,12,8,2,6,3,0,3,0,0,0,73,73,11,20,17,16,7,1,1,62,50,12,10,27,0,2,7
533834481,0,,,46,25,21,1,0,1,39,20,19,28,16,12,37,18,19,37,18,19,11,4,7,6,2,4,2,0,2,0,0,0,2,0,2,20,20,7,5,4,3,1,0,0,12,9,3,1,8,1,1,2
533834483,0,,,535,265,270,83,39,44,444,220,224,351,182,169,429,212,217,419,205,214,93,38,55,46,19,27,16,6,10,2,2,0,8,3,5,221,221,66,63,44,33,12,2,1,154,133,21,29,67,9,21,14
533834484,0,,,365,181,184,74,40,34,284,137,147,209,103,106,272,129,143,267,125,142,75,34,41,29,11,18,4,2,2,0,0,0,3,2,1,135,135,38,30,19,34,11,2,1,93,77,16,18,51,2,12,12
533834491,0,,,13,7,6,3,2,1,10,5,5,9,4,5,10,5,5,10,5,5,1,1,0,1,1,0,1,1,0,0,0,0,0,0,0,4,4,1,0,2,0,0,1,0,3,2,1,1,1,0,1,0
533834492,0,,,271,133,138,34,18,16,235,114,121,141,66,75,227,111,116,224,109,115,94,48,46,49,26,23,18,10,8,4,2,2,3,0,3,99,99,17,36,22,14,5,2,3,82,69,13,12,60,2,11,22
533834493,0,,,158,84,74,17,5,12,134,74,60,102,61,41,128,68,60,123,64,59,32,13,19,16,6,10,7,1,6,0,0,0,2,2,0,71,71,29,17,10,10,5,0,0,37,29,8,6,22,1,7,3
533834494,0,,,92,45,47,15,7,8,77,38,39,57,32,25,73,35,38,73,35,38,20,6,14,8,2,6,5,1,4,0,0,0,0,0,0,30,30,5,5,6,11,3,0,0,25,16,9,4,13,0,3,2
533834502,2,533834504,,6,4,2,*,*,*,*,*,*,*,*,*,*,*,*,*,*,*,*,*,*,*,*,*,*,*,*,*,*,*,*,*,*,4,4,*,*,*,*,*,*,*,*,*,*,*,*,*,*,*
533834504,1,,533834502,8,3,5,2,0,2,12,7,5,11,7,4,12,7,5,12,7,5,1,0,1,1,0,1,0,0,0,0,0,0,0,0,0,3,3,3,2,1,1,0,0,0,4,4,0,1,1,0,0,0
533834512,0,,,484,260,224,51,25,26,428,233,195,328,188,140,409,221,188,400,215,185,100,45,55,51,20,31,21,8,13,2,0,2,10,2,8,233,233,108,53,31,31,7,3,0,125,115,10,14,69,55,16,24
533834513,0,,,376,193,183,40,23,17,312,156,156,222,113,109,306,153,153,302,151,151,90,43,47,45,20,25,8,5,3,0,0,0,1,0,1,174,174,67,47,32,22,5,1,0,104,92,12,15,61,11,10,19
533834514,0,,,683,319,364,70,47,23,576,256,320,366,185,181,551,244,307,542,241,301,210,71,139,137,36,101,69,14,55,17,1,16,16,4,12,266,265,84,77,54,36,11,3,0,173,163,10,12,99,8,32,33
533834521,0,,,222,101,121,20,9,11,197,91,106,129,60,69,187,85,102,185,85,100,68,31,37,33,14,19,11,2,9,1,0,1,1,0,1,89,89,28,22,17,13,7,2,0,59,48,11,6,43,2,8,11
533834522,0,,,229,98,131,35,15,20,193,82,111,126,56,70,187,80,107,183,79,104,67,26,41,34,9,25,12,2,10,0,0,0,3,1,2,86,86,16,29,17,19,3,1,1,70,59,11,8,45,2,9,17
533834523,0,,,618,277,341,54,32,22,533,231,302,347,166,181,507,217,290,489,207,282,186,65,121,84,24,60,15,3,12,1,0,1,60,22,38,296,296,121,92,39,30,10,2,2,168,150,18,15,151,0,76,25
533834524,0,,,555,258,297,47,25,22,463,205,258,229,109,120,453,201,252,446,197,249,234,96,138,110,45,65,14,3,11,1,0,1,29,12,17,316,316,168,91,32,19,3,3,0,138,126,12,10,193,4,112,34
533834531,0,,,715,361,354,113,61,52,594,298,296,422,221,201,572,285,287,557,278,279,172,77,95,84,37,47,25,10,15,2,1,1,4,2,2,273,273,59,87,52,52,20,3,0,212,195,17,27,110,6,18,41
533834532,0,,,1197,636,561,183,88,95,962,520,442,812,450,362,929,499,430,913,490,423,150,70,80,59,30,29,9,4,5,1,0,1,58,32,26,603,603,306,129,79,57,25,6,1,283,258,25,67,111,65,44,22
533834533,0,,,389,184,205,63,36,27,312,143,169,236,111,125,300,136,164,296,135,161,76,32,44,35,13,22,10,3,7,0,0,0,12,1,11,170,170,63,35,37,31,3,1,0,107,95,12,21,54,3,19,13
533834534,0,,,1232,614,618,141,66,75,1050,528,522,793,422,371,1008,504,504,989,492,497,257,106,151,129,52,77,39,10,29,5,1,4,48,23,25,600,600,264,158,89,65,20,3,1,330,294,36,46,175,37,53,51
533834541,0,,,1363,684,679,218,115,103,1100,542,558,894,453,441,1060,521,539,1040,509,531,206,89,117,83,29,54,30,10,20,4,0,4,27,12,15,602,601,215,167,112,76,23,6,2,374,349,25,73,142,25,39,34
533834542,0,,,1796,882,914,214,124,90,1527,727,800,1115,558,557,1466,691,775,1440,679,761,412,169,243,180,56,124,53,9,44,3,0,3,95,36,59,817,815,284,266,145,92,21,4,3,519,484,35,54,287,26,87,85
533834543,0,,,1084,550,534,109,62,47,936,468,468,641,339,302,910,457,453,891,442,449,295,129,166,159,65,94,68,19,49,7,1,6,15,5,10,508,507,218,148,77,45,11,4,4,279,253,26,35,165,19,48,55
533834544,0,,,1399,698,701,211,98,113,1156,582,574,914,481,433,1121,560,561,1100,549,551,242,101,141,105,35,70,40,10,30,2,1,1,39,16,23,651,647,262,187,91,81,18,7,1,371,356,15,72,156,44,54,47
533834551,0,,,1023,518,505,182,88,94,829,421,408,666,353,313,785,400,385,763,390,373,163,68,95,84,31,53,29,6,23,1,0,1,18,9,9,399,398,125,90,84,65,23,6,5,269,250,19,57,107,20,31,22
533834552,0,,,1178,585,593,138,80,58,1013,490,523,718,354,364,977,472,505,953,459,494,295,136,159,116,51,65,27,13,14,1,1,0,72,41,31,564,563,203,191,102,51,14,2,0,351,332,19,48,203,35,57,69
533834553,0,,,992,498,494,116,60,56,846,421,425,582,299,283,816,406,410,806,404,402,264,122,142,131,58,73,21,10,11,1,0,1,20,7,13,475,475,189,149,71,43,19,3,1,281,257,24,36,179,21,53,65
533834554,0,,,746,394,352,74,40,34,645,338,307,433,233,200,633,331,302,618,323,295,212,105,107,114,57,57,36,13,23,3,0,3,27,14,13,346,343,150,87,58,32,11,5,0,186,168,18,24,125,28,39,39
533834561,0,,,1292,634,658,180,93,87,1097,531,566,791,394,397,1054,510,544,1020,492,528,306,137,169,143,62,81,25,9,16,2,1,1,82,43,39,518,518,132,164,103,82,27,10,0,381,336,45,47,221,10,69,62
533834562,0,,,505,223,282,122,53,69,382,169,213,274,140,134,361,159,202,351,152,199,108,29,79,74,14,60,44,5,39,4,0,4,4,1,3,150,147,20,35,30,40,17,4,1,127,114,13,25,42,0,6,14
533834563,0,,,995,475,520,146,78,68,838,389,449,578,285,293,801,364,437,778,352,426,260,104,156,128,41,87,50,9,41,8,1,7,30,14,16,379,378,100,111,76,64,20,6,1,276,248,28,41,150,8,39,40
533834564,0,,,1075,531,544,172,88,84,893,436,457,643,327,316,858,413,445,844,409,435,250,109,141,147,60,87,34,11,23,2,1,1,8,4,4,453,453,140,144,72,70,18,3,6,308,273,35,58,182,16,60,45
533834571,0,,,510,254,256,102,63,39,403,188,215,298,151,147,382,181,201,372,173,199,105,37,68,61,17,44,29,2,27,5,0,5,1,0,1,174,173,35,44,39,40,10,4,1,137,121,16,35,50,4,8,14
533834572,0,,,436,221,215,85,48,37,345,170,175,250,126,124,328,161,167,325,160,165,95,44,51,27,13,14,9,5,4,1,0,1,3,1,2,158,158,27,49,33,37,9,2,1,127,117,10,28,64,1,15,21
533834573,0,,,454,220,234,78,43,35,361,168,193,260,125,135,346,156,190,343,155,188,101,43,58,51,22,29,14,3,11,1,0,1,2,2,0,191,191,65,55,30,24,10,6,1,124,112,12,26,68,5,14,19
533834574,0,,,714,315,399,79,38,41,630,274,356,312,152,160,617,267,350,613,266,347,318,122,196,226,82,144,119,41,78,21,4,17,2,0,2,217,216,56,80,33,33,11,2,1,157,138,19,27,94,6,21,30
533834581,0,,,954,464,490,102,59,43,833,394,439,601,296,305,803,384,419,783,378,405,232,98,134,119,47,72,27,9,18,1,0,1,11,2,9,402,402,122,129,75,48,17,7,4,275,238,37,35,155,16,34,48
533834582,0,,,496,244,252,53,30,23,440,211,229,317,156,161,422,201,221,405,194,211,123,55,68,58,20,38,16,2,14,0,0,0,3,2,1,186,186,33,62,48,28,9,4,2,152,129,23,13,84,1,15,24
533834583,0,,,789,390,399,92,45,47,682,337,345,493,249,244,655,319,336,642,313,329,189,88,101,88,38,50,23,9,14,1,0,1,8,2,6,309,309,64,102,72,52,17,2,0,238,217,21,22,130,2,38,39
533834584,0,,,644,312,332,108,56,52,531,254,277,387,194,193,513,247,266,505,246,259,144,60,84,80,35,45,25,7,18,2,0,2,11,5,6,236,235,52,71,44,45,15,6,2,181,158,23,32,91,4,15,24
533834591,0,,,873,434,439,102,52,50,759,374,385,484,251,233,747,367,380,733,362,371,275,123,152,139,61,78,27,9,18,2,0,2,13,8,5,358,358,91,124,74,45,16,5,3,259,219,40,33,184,5,38,54
533834592,0,,,403,191,212,51,25,26,349,164,185,225,112,113,332,155,177,323,151,172,124,52,72,53,21,32,10,5,5,1,0,1,4,1,3,156,156,31,58,32,22,7,5,1,123,108,15,14,83,2,19,24
533834593,0,,,643,305,338,99,48,51,527,248,279,382,192,190,512,240,272,505,236,269,145,56,89,78,29,49,30,7,23,2,1,1,4,2,2,245,244,57,81,49,38,12,4,3,181,166,15,24,88,12,14,19
533834594,0,,,521,251,270,103,48,55,416,202,214,320,157,163,389,189,200,376,182,194,96,45,51,36,15,21,9,2,7,0,0,0,3,1,2,179,179,31,49,34,43,17,2,3,146,128,18,26,63,4,14,16
533834601,2,533834603,,5,2,3,*,*,*,*,*,*,*,*,*,*,*,*,*,*,*,*,*,*,*,*,*,*,*,*,*,*,*,*,*,*,4,4,*,*,*,*,*,*,*,*,*,*,*,*,*,*,*
533834602,0,,,85,48,37,31,22,9,54,26,28,49,23,26,51,25,26,51,25,26,5,3,2,3,1,2,1,0,1,0,0,0,2,0,2,23,23,2,5,1,9,3,2,1,21,19,2,5,4,0,2,0
533834603,1,,533834601,6,3,3,2,1,1,8,4,4,8,4,4,7,3,4,7,3,4,0,0,0,0,0,0,0,0,0,0,0,0,0,0,0,2,2,4,1,0,0,1,0,0,2,2,0,0,0,0,0,0
533834604,0,,,629,326,303,81,37,44,507,262,245,377,199,178,488,251,237,456,233,223,130,63,67,50,28,22,12,5,7,1,0,1,14,9,5,271,271,99,69,46,37,15,4,1,161,145,16,29,87,20,20,27
533834611,0,,,979,482,497,128,66,62,798,389,409,489,247,242,770,378,392,760,373,387,309,142,167,140,74,66,25,15,10,2,0,2,11,5,6,383,383,76,140,83,55,23,3,3,293,258,35,40,191,6,21,70
533834612,0,,,1231,606,625,183,93,90,929,448,481,698,342,356,907,440,467,884,428,456,231,106,125,83,35,48,12,3,9,1,0,1,26,8,18,490,490,117,151,112,78,29,2,1,344,325,19,64,160,10,42,52
533834613,0,,,826,411,415,88,48,40,674,329,345,460,233,227,660,321,339,647,314,333,214,96,118,103,48,55,27,12,15,3,1,2,5,2,3,362,362,113,119,62,54,11,3,0,234,220,14,30,136,17,22,46
533834614,0,,,961,469,492,104,55,49,803,389,414,543,284,259,774,377,397,755,368,387,260,105,155,150,55,95,46,7,39,5,0,5,28,8,20,426,425,162,109,77,56,18,2,1,251,227,24,36,184,18,82,40
533834621,0,,,998,476,522,115,50,65,844,405,439,581,282,299,819,390,429,805,383,422,263,123,140,125,55,70,29,12,17,3,1,2,30,6,24,430,430,114,152,92,58,13,0,1,301,271,30,38,176,20,42,59
533834622,0,,,537,269,268,85,44,41,438,219,219,328,168,160,425,212,213,417,207,210,110,51,59,57,28,29,15,6,9,0,0,0,3,1,2,219,219,69,57,40,36,13,3,1,147,127,20,32,73,3,15,20
533834623,0,,,577,279,298,66,33,33,492,242,250,341,175,166,477,234,243,468,231,237,151,67,84,62,30,32,10,2,8,1,0,1,17,3,14,234,234,77,50,53,36,11,7,0,149,128,21,25,97,13,19,19
533834624,0,,,1039,534,505,133,71,62,874,449,425,696,364,332,841,425,416,823,416,407,178,85,93,86,40,46,24,8,16,1,0,1,29,9,20,453,453,149,131,94,58,14,5,2,295,275,20,54,121,17,33,43
533834631,0,,,872,449,423,115,60,55,737,380,357,555,298,257,706,365,341,688,357,331,182,82,100,86,33,53,33,12,21,2,2,0,27,11,16,391,389,157,89,74,55,10,2,2,228,206,22,37,109,22,23,31
533834632,0,,,907,455,452,108,52,56,772,390,382,537,278,259,750,379,371,736,372,364,235,112,123,120,51,69,26,11,15,2,1,1,61,23,38,433,433,181,122,63,47,16,3,1,246,218,28,36,167,26,52,46
533834633,0,,,721,377,344,153,87,66,549,282,267,459,243,216,528,269,259,507,261,246,90,39,51,30,12,18,12,4,8,0,0,0,9,1,8,284,284,92,61,51,53,21,5,1,186,171,15,42,59,15,16,16
533834634,0,,,506,251,255,63,27,36,429,217,212,319,171,148,422,215,207,416,212,204,110,46,64,41,13,28,13,2,11,1,0,1,23,8,15,262,262,133,61,36,22,7,2,1,126,113,13,19,76,28,24,18
533834641,0,,,806,425,381,108,64,44,665,340,325,488,259,229,651,332,319,640,325,315,177,81,96,64,27,37,15,6,9,3,1,2,52,31,21,382,382,150,112,67,36,15,2,0,226,211,15,34,120,27,32,42
533834642,0,,,226,112,114,27,11,16,195,99,96,140,71,69,189,96,93,186,94,92,55,28,27,25,9,16,6,2,4,1,0,1,2,0,2,106,106,36,38,18,10,4,0,0,67,64,3,10,38,5,14,11
533834643,0,,,720,354,366,85,46,39,616,297,319,373,190,183,599,288,311,590,284,306,243,107,136,148,66,82,50,17,33,2,0,2,22,9,13,328,328,114,107,56,38,10,1,2,211,184,27,21,165,14,46,46
533834644,0,,,1473,725,748,204,104,100,1241,601,640,852,426,426,1190,573,617,1162,557,605,389,175,214,188,76,112,63,20,43,10,0,10,44,21,23,617,617,178,206,104,91,24,11,3,430,390,40,48,271,14,77,85
533834651,0,,,578,291,287,48,20,28,494,245,249,350,179,171,481,244,237,474,240,234,144,66,78,80,32,48,27,12,15,1,0,1,20,11,9,314,314,156,89,38,26,4,1,0,155,146,9,12,101,19,37,33
533834652,0,,,1102,577,525,135,77,58,922,467,455,630,343,287,891,450,441,873,440,433,292,124,168,167,69,98,45,16,29,1,0,1,36,16,20,503,503,196,140,80,62,13,11,1,298,267,31,46,206,30,68,52
533834653,0,,,1195,584,611,97,55,42,1080,517,563,620,318,302,1066,513,553,1056,509,547,460,199,261,265,103,162,107,43,64,7,5,2,44,27,17,605,605,256,203,85,37,15,8,1,342,309,33,29,335,19,133,91
533834654,0,,,1049,526,523,75,40,35,959,478,481,535,296,239,939,469,470,925,460,465,424,182,242,244,106,138,88,36,52,4,0,4,27,13,14,507,507,192,174,78,45,15,2,1,305,260,45,18,295,13,98,79
533834661,0,,,1249,586,663,171,89,82,1046,479,567,708,354,354,1017,463,554,998,456,542,338,125,213,226,69,157,106,24,82,15,1,14,37,11,26,514,512,175,153,97,68,15,3,1,318,291,27,70,165,30,55,54
533834662,0,,,371,187,184,64,35,29,300,148,152,243,129,114,291,142,149,289,141,148,57,19,38,35,10,25,20,4,16,3,0,3,4,1,3,156,154,47,48,32,22,4,1,0,102,95,7,31,25,7,3,10
533834663,0,,,1656,827,829,125,66,59,1504,740,764,903,471,432,1470,723,747,1450,711,739,601,269,332,325,135,190,81,26,55,2,2,0,48,24,24,710,706,269,222,126,66,16,5,2,432,392,40,38,352,18,123,85
533834664,0,,,895,435,460,97,42,55,769,373,396,553,274,279,757,369,388,749,365,384,216,99,117,109,44,65,26,7,19,4,0,4,17,10,7,441,440,171,146,80,33,8,2,0,263,249,14,39,142,36,36,48
533834671,0,,,615,268,347,83,45,38,528,220,308,293,131,162,520,218,302,511,214,297,235,89,146,176,58,118,113,26,87,31,6,25,9,3,6,195,187,45,55,40,34,9,4,0,138,125,13,20,75,7,21,21
533834672,0,,,333,146,187,41,22,19,279,118,161,173,83,90,273,115,158,272,115,157,106,35,71,72,17,55,44,7,37,11,1,10,2,1,1,138,137,62,38,14,15,6,2,0,72,64,8,9,39,9,13,10
533834673,0,,,283,157,126,67,43,24,214,113,101,172,93,79,206,108,98,205,108,97,42,20,22,23,10,13,6,2,4,1,0,1,1,0,1,110,110,31,26,23,23,4,2,1,78,72,6,20,28,2,7,9
533834674,0,,,574,263,311,58,30,28,490,219,271,299,145,154,480,213,267,471,211,260,191,74,117,131,41,90,72,17,55,15,0,15,8,3,5,239,238,100,70,33,23,9,3,0,133,114,19,16,78,13,17,22
533834681,0,,,456,212,244,67,30,37,383,178,205,268,135,133,377,177,200,368,172,196,115,43,72,61,21,40,12,5,7,2,0,2,2,0,2,208,208,83,55,33,24,10,3,0,122,105,17,17,90,14,38,14
533834682,0,,,567,294,273,68,40,28,489,249,240,349,179,170,477,243,234,464,236,228,140,70,70,60,27,33,13,5,8,1,1,0,15,8,7,255,255,89,80,45,26,11,4,0,162,145,17,19,94,10,25,34
533834683,0,,,611,309,302,91,50,41,506,250,256,360,183,177,492,243,249,483,240,243,146,67,79,63,29,34,14,4,10,0,0,0,18,9,9,255,255,80,76,44,35,14,5,1,167,148,19,29,101,10,29,28
533834684,0,,,526,259,267,73,33,40,446,223,223,320,167,153,423,212,211,410,202,208,126,56,70,58,24,34,10,1,9,1,0,1,14,7,7,197,196,33,68,47,33,13,1,1,159,146,13,22,82,2,17,28
533834691,0,,,924,459,465,162,92,70,725,351,374,534,265,269,694,337,357,684,333,351,191,86,105,89,35,54,17,4,13,0,0,0,14,4,10,371,370,106,111,68,61,18,2,4,256,235,21,48,125,7,29,38
533834692,0,,,576,265,311,77,37,40,489,225,264,364,172,192,458,210,248,441,199,242,125,53,72,45,18,27,13,2,11,2,1,1,6,1,5,231,231,63,76,35,38,14,1,4,164,145,19,14,91,5,23,26
533834693,0,,,640,303,337,68,27,41,543,263,280,401,197,204,524,254,270,513,247,266,142,66,76,66,26,40,18,9,9,2,2,0,9,4,5,308,307,122,94,58,20,11,2,0,173,160,13,27,96,18,27,30
533834694,0,,,487,247,240,35,19,16,437,217,220,281,149,132,423,210,213,419,208,211,156,68,88,83,31,52,21,8,13,3,0,3,7,2,5,244,244,116,59,34,27,6,1,1,125,95,30,8,113,14,39,22
533834702,0,,,984,494,490,145,72,73,784,385,399,547,273,274,757,374,383,737,366,371,237,112,125,79,37,42,11,2,9,2,1,1,8,3,5,398,398,96,134,81,60,25,2,0,283,261,22,57,157,7,26,54
533834704,0,,,31,15,16,6,1,5,25,14,11,18,10,8,21,12,9,21,12,9,7,4,3,6,3,3,1,1,0,0,0,0,0,0,0,9,9,1,1,4,0,2,1,0,8,7,1,0,4,0,1,1
533834711,0,,,1418,700,718,213,110,103,1109,536,573,821,402,419,1062,515,547,1043,506,537,288,134,154,106,53,53,17,7,10,1,0,1,20,8,12,532,532,106,154,131,106,28,3,4,399,362,37,65,193,7,34,57
533834712,0,,,1004,501,503,124,67,57,834,409,425,566,293,273,803,393,410,786,383,403,268,116,152,120,50,70,30,10,20,1,0,1,31,14,17,442,441,143,143,81,52,17,2,3,286,261,25,40,180,13,50,58
533834713,0,,,799,408,391,82,36,46,665,339,326,475,254,221,642,328,314,632,322,310,190,85,105,85,33,52,24,6,18,1,0,1,6,1,5,390,390,176,102,54,38,15,5,0,201,177,24,23,123,42,29,40
533834714,0,,,1294,646,648,193,101,92,1040,505,535,721,356,365,1009,491,518,990,482,508,319,149,170,148,64,84,37,12,25,4,0,4,15,5,10,529,528,138,175,103,86,19,5,2,373,355,18,61,195,10,37,70
533834721,0,,,748,359,389,113,57,56,626,294,332,423,208,215,607,284,323,592,279,313,203,86,117,104,38,66,30,10,20,2,0,2,12,5,7,302,302,83,90,64,44,12,7,2,217,192,25,26,140,6,41,42
533834722,0,,,703,356,347,120,58,62,565,286,279,422,223,199,537,271,266,522,262,260,143,63,80,68,29,39,17,6,11,1,0,1,4,1,3,297,297,102,76,51,50,14,3,1,190,179,11,38,93,17,24,35
533834723,0,,,1213,588,625,149,81,68,1023,479,544,709,352,357,994,465,529,972,453,519,314,127,187,153,50,103,56,10,46,10,2,8,21,6,15,550,549,213,156,97,52,26,4,1,319,291,28,54,206,18,83,51
533834724,0,,,1179,585,594,132,66,66,997,485,512,627,321,306,971,472,499,942,457,485,370,164,206,192,82,110,37,14,23,1,0,1,22,10,12,520,520,167,172,92,61,22,4,2,346,315,31,35,250,7,68,80
533834731,0,,,594,288,306,70,33,37,493,240,253,376,208,168,478,231,247,473,230,243,117,32,85,90,16,74,59,7,52,9,0,9,11,2,9,281,280,146,64,38,27,4,0,1,127,120,7,26,34,23,13,9
533834732,0,,,588,279,309,70,31,39,503,242,261,357,172,185,484,230,254,474,225,249,146,70,76,84,38,46,30,13,17,1,0,1,9,2,7,244,243,81,74,37,33,13,4,1,157,137,20,20,87,9,24,18
533834733,0,,,766,405,361,81,36,45,616,330,286,470,263,207,604,320,284,589,312,277,146,67,79,66,25,41,11,2,9,1,0,1,10,5,5,434,434,264,81,43,28,11,5,2,166,150,16,20,102,51,28,31
533834734,0,,,1044,519,525,110,55,55,898,444,454,644,335,309,876,428,448,857,420,437,254,109,145,128,59,69,18,7,11,1,0,1,62,20,42,562,562,283,153,67,45,12,1,1,271,252,19,30,180,62,66,56
533834741,0,,,1314,631,683,124,58,66,1142,548,594,742,382,360,1116,536,580,1096,525,571,400,166,234,240,85,155,92,24,68,11,0,11,46,17,29,614,612,256,187,92,50,17,10,0,350,317,33,33,245,32,74,66
533834742,0,,,1515,734,781,138,74,64,1331,635,696,859,448,411,1305,622,683,1284,609,675,472,187,285,269,97,172,91,34,57,4,0,4,36,14,22,727,727,269,254,115,58,25,6,0,446,398,48,43,319,19,91,102
533834743,0,,,1183,555,628,134,53,81,997,475,522,724,353,371,964,461,503,949,453,496,273,122,151,136,63,73,29,15,14,2,1,1,50,23,27,566,566,222,183,80,56,21,2,2,330,299,31,35,191,25,49,64
533834744,0,,,1715,836,879,161,83,78,1497,716,781,1025,522,503,1438,686,752,1413,671,742,472,194,278,276,107,169,79,31,48,2,0,2,68,28,40,832,832,346,247,128,78,23,7,3,474,425,49,41,331,39,98,95
533834751,0,,,1155,530,625,105,49,56,1022,463,559,665,317,348,985,440,545,966,429,537,357,146,211,210,75,135,73,20,53,5,1,4,44,13,31,539,536,188,191,85,53,13,5,1,343,300,43,26,265,12,93,56
533834752,0,,,1346,594,752,96,39,57,1223,541,682,723,353,370,1192,527,665,1171,515,656,500,188,312,276,92,184,91,24,67,9,1,8,43,24,19,666,666,257,227,110,61,6,4,1,404,356,48,29,362,20,139,88
533834753,0,,,909,452,457,88,48,40,800,387,413,468,247,221,791,382,409,779,373,406,332,140,192,188,72,116,71,21,50,10,2,8,54,31,23,434,433,182,121,68,43,14,2,3,243,199,44,23,235,4,88,61
533834754,0,,,1384,668,716,119,58,61,1250,598,652,670,345,325,1209,577,632,1190,566,624,580,253,327,363,150,213,150,62,88,14,5,9,11,6,5,645,641,262,203,94,58,20,2,2,377,326,51,14,376,20,140,106
533834761,0,,,1143,554,589,99,42,57,1012,494,518,715,362,353,981,477,504,960,470,490,297,132,165,135,56,79,34,12,22,1,1,0,40,22,18,554,554,217,171,99,52,11,4,0,329,307,22,33,211,29,68,63
533834762,0,,,974,461,513,112,53,59,830,393,437,579,281,298,804,377,427,780,367,413,251,112,139,126,52,74,43,17,26,4,2,2,35,19,16,466,465,187,134,85,42,15,2,0,267,251,16,43,176,21,63,52
533834763,0,,,1071,516,555,97,47,50,944,453,491,545,283,262,920,440,480,908,431,477,399,170,229,211,86,125,75,26,49,6,3,3,19,8,11,476,475,150,159,100,45,16,4,1,320,280,40,25,286,5,95,77
533834764,0,,,1200,593,607,134,71,63,1036,504,532,753,379,374,1012,492,520,988,478,510,283,125,158,161,61,100,58,23,35,4,0,4,27,15,12,565,565,217,165,105,60,13,3,2,338,306,32,47,197,25,67,57
533834771,0,,,1076,548,528,143,90,53,898,437,461,650,335,315,866,423,443,849,416,433,248,102,146,145,52,93,57,15,42,13,2,11,16,8,8,457,456,155,135,80,68,12,5,1,288,267,21,47,143,23,43,38
533834772,0,,,288,148,140,58,31,27,224,112,112,198,101,97,197,98,99,185,90,95,26,11,15,5,2,3,1,0,1,0,0,0,5,2,3,96,96,20,16,20,29,6,5,0,75,68,7,11,19,2,3,6
533834773,0,,,1141,568,573,170,94,76,953,462,491,744,360,384,910,439,471,884,427,457,209,102,107,100,48,52,29,13,16,4,1,3,22,10,12,491,491,173,131,91,64,22,6,4,315,288,27,41,149,19,46,37
533834774,0,,,831,387,444,156,85,71,657,290,367,466,222,244,631,277,354,608,269,339,191,68,123,128,41,87,66,15,51,13,0,13,16,8,8,298,297,91,67,59,57,19,4,0,205,184,21,39,74,15,17,19
533834781,0,,,578,294,284,85,46,39,459,229,230,352,179,173,444,225,219,434,217,217,107,50,57,58,23,35,15,3,12,2,0,2,6,2,4,265,264,107,69,45,29,12,0,2,148,138,10,25,65,25,13,25
533834782,0,,,654,317,337,97,49,48,548,263,285,318,172,146,537,259,278,532,256,276,230,91,139,151,44,107,73,16,57,9,2,7,12,5,7,189,187,61,40,40,35,9,2,0,124,114,10,31,41,19,9,10
533834783,0,,,947,468,479,233,116,117,706,347,359,564,289,275,676,333,343,656,321,335,142,58,84,63,25,38,15,6,9,1,0,1,18,6,12,348,348,90,73,74,79,23,7,2,255,237,18,63,105,17,39,22
533834784,0,,,360,178,182,76,37,39,278,137,141,228,112,116,266,134,132,264,134,130,50,25,25,14,7,7,1,0,1,0,0,0,4,1,3,108,107,18,27,25,28,6,2,1,86,79,7,14,27,2,2,11
533834791,0,,,318,160,158,29,16,13,270,133,137,207,104,103,267,132,135,266,132,134,63,29,34,31,15,16,5,1,4,1,0,1,5,4,1,185,184,103,46,23,8,3,1,0,77,71,6,17,42,32,11,17
533834792,0,,,531,242,289,50,25,25,452,199,253,237,112,125,438,193,245,430,186,244,215,87,128,149,54,95,80,24,56,17,2,15,40,14,26,187,186,50,64,35,26,8,1,2,123,102,21,14,89,1,27,25
533834793,0,,,661,304,357,101,42,59,523,242,281,384,178,206,502,233,269,483,225,258,139,64,75,67,33,34,24,10,14,4,1,3,20,10,10,309,309,138,70,42,44,11,3,1,167,151,16,25,88,20,16,31
533834794,0,,,250,111,139,28,11,17,215,96,119,138,63,75,210,95,115,203,93,110,77,33,44,43,18,25,13,5,8,0,0,0,1,1,0,119,119,48,35,18,14,2,2,0,71,66,5,9,51,9,15,17
533834802,0,,,316,152,164,49,26,23,262,123,139,159,73,86,252,121,131,246,118,128,103,50,53,51,24,27,12,6,6,2,1,1,2,0,2,112,112,18,38,24,20,7,3,2,92,79,13,14,66,1,12,22
533834803,2,533834804,,8,4,4,*,*,*,*,*,*,*,*,*,*,*,*,*,*,*,*,*,*,*,*,*,*,*,*,*,*,*,*,*,*,4,4,*,*,*,*,*,*,*,*,*,*,*,*,*,*,*
533834804,1,,533834803,53,29,24,2,1,1,55,29,26,27,16,11,52,28,24,51,27,24,28,13,15,16,8,8,6,4,2,1,0,1,4,2,2,23,23,6,12,5,4,0,0,0,20,19,1,0,16,1,2,9
533834811,0,,,1203,606,597,120,65,55,1014,499,515,731,369,362,984,483,501,960,472,488,283,130,153,114,45,69,21,7,14,1,0,1,8,2,6,504,504,139,167,98,71,24,3,2,346,322,24,33,192,12,36,72
533834812,0,,,1196,578,618,167,83,84,985,469,516,732,354,378,953,453,500,930,444,486,253,115,138,101,43,58,22,8,14,2,1,1,7,3,4,462,462,89,157,112,72,23,9,0,357,323,34,53,167,4,29,53
533834813,0,,,720,374,346,108,60,48,558,285,273,411,218,193,540,276,264,528,267,261,147,67,80,58,27,31,12,4,8,2,0,2,20,11,9,314,314,118,77,57,39,17,6,0,185,163,22,30,99,20,22,32
533834814,0,,,1223,592,631,176,80,96,983,476,507,697,342,355,944,460,484,922,448,474,286,134,152,128,55,73,30,12,18,3,1,2,7,2,5,478,477,102,167,92,86,28,2,0,353,326,27,43,182,10,38,66
533834821,0,,,1323,643,680,159,85,74,1082,503,579,717,356,361,1051,489,562,1038,486,552,365,147,218,200,73,127,66,21,45,7,1,6,9,4,5,540,539,160,173,109,66,25,4,2,350,314,36,55,215,15,60,50
533834822,0,,,1055,515,540,118,53,65,880,432,448,608,323,285,853,410,443,843,408,435,272,109,163,165,62,103,60,17,43,7,2,5,17,4,13,502,499,238,117,86,44,10,3,1,254,233,21,37,145,33,51,35
533834823,0,,,1085,565,520,136,75,61,898,456,442,698,364,334,848,428,420,823,413,410,200,92,108,88,39,49,17,2,15,0,0,0,25,7,18,447,447,138,117,97,65,21,6,3,298,274,24,40,145,11,39,28
533834824,0,,,1325,659,666,168,78,90,1059,524,535,778,399,379,1021,505,516,999,493,506,281,125,156,120,54,66,26,9,17,0,0,0,14,6,8,571,571,193,150,111,89,26,1,1,363,331,32,50,188,26,45,53
533834831,0,,,1148,555,593,123,57,66,964,463,501,657,335,322,941,450,491,929,443,486,307,128,179,182,70,112,59,20,39,1,1,0,28,15,13,573,572,249,165,95,42,17,3,1,317,290,27,47,227,30,82,69
533834832,0,,,1124,570,554,108,51,57,972,491,481,685,368,317,946,476,470,933,470,463,287,123,164,159,60,99,39,13,26,0,0,0,42,19,23,595,595,286,169,81,45,9,4,1,295,273,22,32,203,57,73,57
533834833,0,,,1176,561,615,160,79,81,995,469,526,660,332,328,953,447,506,922,428,494,335,137,198,201,74,127,77,26,51,6,0,6,33,11,22,492,491,142,173,74,71,23,6,2,337,309,28,51,221,9,72,67
533834834,0,,,917,453,464,73,42,31,819,396,423,494,256,238,805,388,417,796,383,413,325,140,185,205,88,117,66,28,38,3,2,1,22,10,12,453,453,196,134,60,46,13,4,0,250,212,38,23,226,31,78,60
533834841,0,,,1789,861,928,191,98,93,1513,717,796,1021,509,512,1478,701,777,1449,686,763,492,208,284,277,105,172,80,28,52,5,1,4,93,38,55,962,961,498,254,107,78,15,7,2,448,419,29,61,350,55,156,97
533834842,0,,,1090,547,543,81,46,35,963,473,490,573,295,278,949,466,483,942,463,479,390,178,212,245,102,143,86,36,50,6,2,4,40,19,21,542,542,228,165,85,49,9,6,0,305,266,39,30,271,21,85,77
533834843,0,,,1258,621,637,95,51,44,1099,537,562,715,377,338,1071,523,548,1046,513,533,384,160,224,212,72,140,89,22,67,9,0,9,45,10,35,651,650,317,175,90,46,16,3,3,327,290,37,27,264,35,99,75
533834844,0,,,1188,576,612,104,59,45,1052,500,552,671,336,335,1018,481,537,995,468,527,381,164,217,209,84,125,73,26,47,10,2,8,22,6,16,603,603,276,166,91,50,14,5,1,323,283,40,34,278,35,105,72
533834851,0,,,878,447,431,70,38,32,789,397,392,467,260,207,771,383,388,761,376,385,322,137,185,184,70,114,53,19,34,3,2,1,8,6,2,414,414,159,127,75,35,11,4,3,251,220,31,14,228,13,73,59
533834852,0,,,947,443,504,62,32,30,869,403,466,394,203,191,860,396,464,851,391,460,475,200,275,306,111,195,149,47,102,24,1,23,22,13,9,435,434,169,145,75,29,9,6,1,264,222,42,14,284,6,93,82
533834853,0,,,878,445,433,67,32,35,755,381,374,435,241,194,746,377,369,735,369,366,320,140,180,177,67,110,70,22,48,10,3,7,14,8,6,497,497,281,117,48,37,13,1,0,213,183,30,18,230,28,94,57
533834854,0,,,1552,742,810,106,56,50,1353,635,718,766,393,373,1336,628,708,1319,622,697,587,242,345,342,127,215,131,38,93,23,2,21,48,25,23,843,842,425,238,109,45,21,4,0,404,354,50,33,401,45,164,106
533834861,0,,,1551,735,816,131,71,60,1397,647,750,795,388,407,1362,631,731,1336,620,716,602,259,343,363,141,222,160,57,103,21,9,12,40,21,19,702,699,267,219,107,76,23,4,3,427,368,59,32,378,17,136,100
533834862,0,,,1295,613,682,110,63,47,1149,526,623,739,359,380,1113,503,610,1091,495,596,410,167,243,233,84,149,88,34,54,8,0,8,27,14,13,613,613,239,180,106,65,20,3,0,369,321,48,30,288,25,95,73
533834863,0,,,1576,763,813,120,56,64,1429,691,738,788,409,379,1400,674,726,1372,658,714,641,282,359,332,123,209,117,38,79,12,1,11,31,16,15,763,763,301,257,102,77,16,7,3,454,377,77,33,455,23,174,115
533834864,0,,,1293,588,705,104,46,58,1166,526,640,611,321,290,1149,516,633,1129,504,625,555,205,350,396,129,267,206,52,154,29,7,22,20,6,14,483,482,164,144,99,56,15,2,2,311,272,39,24,244,14,83,51
533834871,0,,,1828,901,927,237,121,116,1534,747,787,1140,581,559,1403,643,760,1345,605,740,394,166,228,215,92,123,49,19,30,0,0,0,98,48,50,824,822,327,230,135,103,17,9,1,491,456,35,59,279,51,79,84
533834872,0,,,799,468,331,95,50,45,665,395,270,519,324,195,650,388,262,585,332,253,146,71,75,78,38,40,31,14,17,0,0,0,58,35,23,352,349,182,67,41,39,19,0,1,165,148,17,32,87,64,22,28
533834873,0,,,1123,573,550,103,56,47,975,487,488,669,349,320,936,472,464,890,444,446,306,138,168,166,68,98,39,15,24,2,1,1,37,25,12,580,578,300,134,78,49,13,3,1,271,244,27,31,214,77,83,55
533834874,0,,,590,342,248,28,17,11,498,281,217,352,211,141,493,279,214,438,239,199,146,70,76,77,35,42,30,10,20,2,0,2,26,10,16,344,343,230,61,35,11,3,3,0,108,94,14,10,95,70,29,27
533834881,0,,,1085,574,511,221,113,108,849,446,403,701,376,325,807,429,378,744,380,364,148,70,78,75,37,38,20,7,13,2,1,1,10,4,6,390,389,106,92,67,90,26,6,2,280,250,30,56,95,24,21,28
533834882,0,,,903,479,424,140,79,61,755,393,362,532,302,230,649,306,343,610,273,337,223,91,132,112,41,71,41,12,29,2,0,2,39,20,19,331,328,105,88,64,55,10,4,2,222,204,18,29,129,21,34,51
533834883,0,,,630,350,280,30,15,15,532,282,250,421,234,187,524,278,246,441,233,208,111,48,63,70,31,39,27,7,20,3,0,3,59,31,28,415,412,335,35,21,16,4,1,0,77,70,7,8,67,149,28,12
533834884,0,,,479,284,195,33,18,15,421,244,177,308,188,120,408,237,171,380,213,167,113,56,57,54,23,31,14,3,11,1,0,1,32,21,11,289,289,185,54,27,15,4,3,1,98,87,11,11,80,69,30,18
533834891,0,,,773,368,405,123,67,56,647,301,346,487,234,253,611,285,326,585,268,317,160,67,93,70,30,40,14,2,12,2,0,2,19,9,10,307,306,82,92,61,52,13,4,2,222,205,17,38,109,10,30,31
533834892,0,,,477,239,238,48,25,23,413,205,208,270,141,129,402,200,202,393,194,199,143,64,79,70,33,37,26,8,18,3,1,2,7,4,3,222,222,78,75,42,19,3,3,2,142,126,16,16,98,12,27,29
533834893,0,,,950,396,554,89,45,44,832,336,496,360,190,170,812,322,490,798,317,481,472,146,326,376,99,277,228,42,186,64,4,60,5,2,3,277,272,105,75,37,43,11,0,1,164,153,11,28,83,31,24,25
533834894,0,,,452,208,244,54,26,28,389,177,212,272,133,139,375,170,205,369,168,201,117,44,73,69,25,44,28,9,19,4,1,3,2,0,2,212,211,94,50,36,19,11,0,1,115,105,10,17,76,11,30,19
533834901,0,,,156,81,75,38,20,18,115,60,55,86,44,42,100,50,50,98,49,49,29,16,13,18,9,9,9,4,5,0,0,0,2,0,2,43,42,4,12,11,10,1,3,1,37,31,6,5,20,0,4,5
533834902,0,,,663,314,349,65,28,37,585,281,304,356,173,183,564,272,292,556,268,288,229,108,121,91,43,48,13,6,7,1,0,1,7,2,5,270,270,65,91,61,37,12,3,1,201,186,15,21,145,7,30,58
533834903,0,,,423,199,224,63,33,30,340,158,182,254,121,133,323,149,174,318,145,173,86,37,49,37,16,21,16,4,12,0,0,0,9,1,8,167,167,43,46,37,30,9,2,0,118,110,8,19,63,3,15,12
533834904,0,,,1073,536,537,147,74,73,887,434,453,576,293,283,861,417,444,850,410,440,311,141,170,154,64,90,38,12,26,2,0,2,7,4,3,448,448,140,139,78,56,21,9,5,300,266,34,32,209,16,57,64
533834911,0,,,874,421,453,109,56,53,721,344,377,503,246,257,695,333,362,678,325,353,218,98,120,98,40,58,25,9,16,2,2,0,5,2,3,365,365,99,112,88,46,17,3,0,251,228,23,40,149,7,42,44
533834912,0,,,796,384,412,79,39,40,660,311,349,416,203,213,645,305,340,634,301,333,244,108,136,118,49,69,36,14,22,5,0,5,20,12,8,345,344,123,104,53,48,12,3,1,207,185,22,25,143,17,34,52
533834913,0,,,967,492,475,106,55,51,803,395,408,534,272,262,789,388,401,774,379,395,269,123,146,127,55,72,33,13,20,5,1,4,21,16,5,437,436,150,137,82,50,13,4,0,270,244,26,31,181,15,47,56
533834914,0,,,1219,616,603,127,60,67,1023,513,510,588,311,277,1005,500,505,998,497,501,435,202,233,213,101,112,56,18,38,6,1,5,15,7,8,567,567,192,195,107,54,14,5,0,353,323,30,41,282,15,71,98
533834921,0,,,1273,638,635,143,71,72,1064,528,536,740,378,362,1037,518,519,1027,514,513,324,150,174,142,57,85,36,13,23,4,1,3,25,12,13,585,585,205,182,111,66,19,2,0,363,333,30,41,215,26,52,68
533834922,0,,,1036,509,527,114,61,53,873,420,453,650,324,326,830,403,427,805,388,417,223,96,127,118,49,69,27,9,18,3,1,2,15,7,8,433,432,125,126,105,60,7,7,2,287,257,30,37,152,24,37,46
533834923,0,,,1021,535,486,104,47,57,839,443,396,601,330,271,815,426,389,797,415,382,238,113,125,124,55,69,39,16,23,4,1,3,16,6,10,486,486,194,143,75,56,16,2,0,270,250,20,33,161,21,50,52
533834924,0,,,2021,869,1152,150,73,77,1856,786,1070,938,453,485,1814,765,1049,1778,745,1033,918,333,585,493,164,329,126,22,104,19,0,19,216,95,121,1048,1047,501,307,143,73,18,3,2,541,502,39,37,673,5,375,134
533834931,0,,,897,436,461,112,59,53,764,362,402,540,261,279,737,350,387,721,344,377,224,101,123,137,59,78,36,20,16,2,1,1,10,2,8,402,402,153,104,73,51,14,6,1,243,216,27,33,141,18,38,40
533834932,0,,,926,456,470,108,56,52,756,367,389,577,286,291,728,352,376,712,341,371,179,81,98,93,35,58,38,16,22,4,3,1,16,6,10,456,456,212,111,66,46,16,5,0,235,211,24,33,131,25,52,33
533834933,0,,,1398,680,718,160,83,77,1201,573,628,862,433,429,1138,542,596,1097,519,578,339,140,199,191,73,118,56,21,35,2,0,2,46,22,24,615,615,216,174,100,95,27,2,1,392,357,35,41,233,34,68,72
533834934,0,,,1285,595,690,140,70,70,1129,514,615,796,389,407,1069,482,587,1040,466,574,333,125,208,197,65,132,91,20,71,18,3,15,7,3,4,502,496,161,157,103,54,13,8,0,329,304,25,28,173,24,57,42
533834941,0,,,784,357,427,68,31,37,698,317,381,418,202,216,688,310,378,677,305,372,280,115,165,177,67,110,80,30,50,4,2,2,23,5,18,370,370,137,116,68,37,10,1,1,229,198,31,27,193,13,58,54
533834942,0,,,1298,651,647,71,34,37,1174,586,588,733,405,328,1089,527,562,1043,498,545,441,181,260,269,97,172,96,27,69,9,1,8,53,29,24,642,641,323,179,66,51,18,2,2,310,267,43,20,322,68,115,77
533834943,0,,,696,312,384,56,30,26,606,269,337,384,171,213,590,261,329,565,255,310,222,98,124,126,55,71,49,16,33,4,1,3,10,3,7,345,345,146,96,64,30,8,1,0,192,172,20,15,151,29,46,50
533834944,0,,,1440,696,744,175,86,89,1213,579,634,865,434,431,1178,561,617,1130,544,586,348,145,203,215,76,139,71,17,54,4,1,3,42,16,26,719,718,344,179,85,84,25,1,0,366,322,44,40,232,96,72,59
533834951,0,,,1396,706,690,155,82,73,1165,580,585,781,411,370,1144,566,578,1126,558,568,384,169,215,220,87,133,75,16,59,6,3,3,88,35,53,767,766,430,167,83,57,21,7,1,330,293,37,39,275,80,121,65
533834952,0,,,1017,483,534,83,48,35,899,415,484,514,256,258,879,406,473,875,403,472,385,159,226,224,85,139,102,33,69,9,0,9,31,11,20,538,537,254,167,72,31,11,0,2,275,253,22,33,262,20,101,71
533834953,0,,,1197,594,603,84,41,43,1030,495,535,628,333,295,1007,487,520,995,482,513,402,162,240,219,76,143,82,19,63,10,3,7,32,10,22,679,679,368,177,79,42,8,5,0,301,270,31,18,285,80,105,76
533834954,0,,,787,392,395,66,33,33,696,343,353,417,222,195,686,336,350,674,330,344,279,121,158,152,53,99,68,23,45,7,1,6,17,8,9,409,408,198,121,48,25,12,3,1,206,182,24,23,183,35,66,58
533834961,0,,,1234,618,616,86,40,46,1099,551,548,624,345,279,1079,536,543,1066,527,539,475,206,269,273,104,169,95,29,66,8,1,7,24,16,8,660,659,331,177,84,50,12,4,1,322,280,42,22,354,27,157,84
533834962,0,,,1269,625,644,107,59,48,1120,546,574,687,359,328,1097,533,564,1074,519,555,433,187,246,229,87,142,88,25,63,15,3,12,24,10,14,651,650,313,172,89,52,17,5,2,333,294,39,21,314,59,115,67
533834963,0,,,286,138,148,16,7,9,262,126,136,143,75,68,260,125,135,260,125,135,119,51,68,74,27,47,36,13,23,1,0,1,6,5,1,162,162,79,55,16,11,1,0,0,81,71,10,6,92,8,45,20
533834964,0,,,958,469,489,85,37,48,825,402,423,562,295,267,807,393,414,777,378,399,263,107,156,153,56,97,54,18,36,4,3,1,17,8,9,507,506,272,113,59,43,11,6,2,230,201,29,21,187,63,63,44
533834971,0,,,1350,703,647,109,46,63,1160,598,562,772,430,342,1127,584,543,1091,562,529,388,168,220,202,79,123,79,23,56,10,2,8,25,19,6,718,718,386,158,92,55,18,5,4,321,277,44,35,267,91,84,66
533834972,0,,,1241,637,604,75,33,42,1111,561,550,826,442,384,1075,536,539,931,449,482,285,119,166,160,60,100,57,21,36,6,1,5,44,21,23,545,540,291,132,64,38,11,2,2,245,211,34,16,204,86,60,43
533834973,0,,,1048,557,491,98,48,50,891,465,426,587,328,259,869,453,416,839,431,408,304,137,167,154,68,86,57,23,34,3,0,3,14,4,10,544,543,282,121,70,52,11,6,1,258,227,31,30,209,61,69,58
533834974,0,,,372,181,191,35,20,15,332,156,176,198,96,102,316,150,166,304,144,160,134,60,74,55,27,28,17,8,9,1,0,1,8,4,4,172,171,58,60,32,15,4,2,0,111,99,12,7,93,5,32,27
533834981,1,,533834983,385,148,237,18,10,8,348,125,223,282,96,186,344,121,223,301,115,186,66,29,37,24,11,13,4,0,4,0,0,0,15,3,12,174,173,100,45,18,9,2,0,1,74,69,5,4,54,23,26,11
533834982,1,,533834984,367,209,158,40,25,15,308,167,141,211,124,87,301,163,138,280,146,134,97,43,54,62,24,38,34,11,23,6,2,4,2,1,1,174,172,99,33,20,8,6,7,1,74,60,14,11,55,34,10,15
533834983,2,533834981,,6,3,3,*,*,*,*,*,*,*,*,*,*,*,*,*,*,*,*,*,*,*,*,*,*,*,*,*,*,*,*,*,*,2,2,*,*,*,*,*,*,*,*,*,*,*,*,*,*,*
533834984,2,533834982,,6,2,4,*,*,*,*,*,*,*,*,*,*,*,*,*,*,*,*,*,*,*,*,*,*,*,*,*,*,*,*,*,*,2,2,*,*,*,*,*,*,*,*,*,*,*,*,*,*,*
533834991,1,,533834993,512,247,265,73,35,38,427,206,221,293,146,147,407,194,213,397,190,207,134,60,74,63,25,38,21,11,10,0,0,0,3,1,2,206,206,63,65,33,41,9,1,2,147,132,15,16,89,11,18,29
533834992,0,,,592,288,304,90,45,45,483,234,249,357,179,178,469,229,240,458,221,237,126,55,71,63,24,39,17,3,14,1,0,1,13,5,8,256,256,91,71,42,33,13,6,0,159,141,18,29,89,26,19,29
533834993,2,533834991,,9,6,3,*,*,*,*,*,*,*,*,*,*,*,*,*,*,*,*,*,*,*,*,*,*,*,*,*,*,*,*,*,*,8,8,*,*,*,*,*,*,*,*,*,*,*,*,*,*,*
533835002,2,533835004,,7,5,2,*,*,*,*,*,*,*,*,*,*,*,*,*,*,*,*,*,*,*,*,*,*,*,*,*,*,*,*,*,*,4,4,*,*,*,*,*,*,*,*,*,*,*,*,*,*,*
533835003,0,,,44,25,19,2,1,1,40,23,17,27,17,10,40,23,17,40,23,17,13,6,7,4,2,2,3,2,1,1,1,0,0,0,0,21,21,5,12,2,1,1,0,0,14,13,1,1,8,0,1,4
533835004,1,,533835002,85,44,41,3,2,1,89,47,42,52,31,21,84,45,39,81,44,37,37,16,21,23,10,13,6,1,5,0,0,0,0,0,0,34,34,7,19,4,6,1,1,0,31,27,4,1,23,0,3,8
533835011,0,,,97,55,42,4,3,1,93,52,41,61,35,26,93,52,41,92,51,41,32,17,15,19,10,9,4,2,2,0,0,0,0,0,0,36,36,7,10,9,7,3,0,0,29,19,10,1,25,0,5,4
533835013,0,,,18,11,7,1,1,0,17,10,7,9,6,3,16,9,7,16,9,7,8,4,4,4,3,1,2,1,1,0,0,0,0,0,0,7,7,0,4,2,1,0,0,0,7,6,1,0,4,0,0,3
533835032,2,533835034,,8,3,5,*,*,*,*,*,*,*,*,*,*,*,*,*,*,*,*,*,*,*,*,*,*,*,*,*,*,*,*,*,*,4,4,*,*,*,*,*,*,*,*,*,*,*,*,*,*,*
533835034,1,,533835032,107,51,56,11,6,5,104,48,56,49,22,27,101,48,53,100,47,53,55,26,29,32,14,18,6,1,5,2,0,2,1,0,1,39,39,11,11,7,11,2,0,1,32,24,8,0,34,0,9,8
533835083,1,,533835084,12,6,6,0,0,0,19,9,10,8,5,3,19,9,10,19,9,10,11,4,7,9,3,6,3,2,1,0,0,0,0,0,0,5,5,1,2,2,2,0,0,0,6,3,3,0,7,0,1,2
533835084,2,533835083,,7,3,4,*,*,*,*,*,*,*,*,*,*,*,*,*,*,*,*,*,*,*,*,*,*,*,*,*,*,*,*,*,*,2,2,*,*,*,*,*,*,*,*,*,*,*,*,*,*,*
533835091,1,,533835093,15,7,8,0,0,0,21,10,11,10,6,4,21,10,11,21,10,11,11,4,7,5,3,2,3,1,2,0,0,0,0,0,0,9,9,5,5,2,0,0,0,0,7,7,0,0,9,0,4,2
533835092,0,,,26,15,11,1,1,0,25,14,11,13,7,6,25,14,11,25,14,11,12,7,5,9,5,4,6,4,2,0,0,0,0,0,0,13,13,3,7,3,0,0,0,0,9,8,1,1,8,0,2,5
533835093,2,533835091,,6,3,3,*,*,*,*,*,*,*,*,*,*,*,*,*,*,*,*,*,*,*,*,*,*,*,*,*,*,*,*,*,*,3,3,*,*,*,*,*,*,*,*,*,*,*,*,*,*,*
533835101,0,,,118,56,62,10,3,7,108,53,55,72,37,35,105,53,52,104,52,52,36,16,20,18,5,13,7,1,6,1,0,1,1,0,1,43,43,8,12,13,4,5,1,0,34,28,6,3,25,0,7,5
533835102,0,,,85,42,43,13,8,5,72,34,38,38,16,22,71,34,37,69,33,36,34,18,16,13,6,7,3,0,3,0,0,0,0,0,0,32,32,7,11,4,6,4,0,0,25,20,5,3,22,0,7,6
533835103,0,,,249,121,128,22,9,13,227,112,115,140,68,72,216,105,111,209,101,108,87,44,43,41,21,20,9,4,5,1,0,1,9,0,9,96,96,27,24,20,16,5,3,1,69,56,13,1,59,8,13,13
533835112,2,533835113,,3,1,2,*,*,*,*,*,*,*,*,*,*,*,*,*,*,*,*,*,*,*,*,*,*,*,*,*,*,*,*,*,*,1,1,*,*,*,*,*,*,*,*,*,*,*,*,*,*,*
533835113,1,,533835112;533835114,20,11,9,4,4,0,22,9,13,14,5,9,21,8,13,20,8,12,8,4,4,1,0,1,1,0,1,1,0,1,0,0,0,5,5,0,1,3,1,1,1,0,7,4,3,1,4,0,0,1
533835114,2,533835113,,3,1,2,*,*,*,*,*,*,*,*,*,*,*,*,*,*,*,*,*,*,*,*,*,*,*,*,*,*,*,*,*,*,1,1,*,*,*,*,*,*,*,*,*,*,*,*,*,*,*
533835124,0,,,84,42,42,6,3,3,78,39,39,41,22,19,76,38,38,76,38,38,37,17,20,16,9,7,7,4,3,2,1,1,0,0,0,28,28,4,10,3,7,2,1,1,23,14,9,2,22,0,2,5
533835131,2,533835132,,10,5,5,*,*,*,*,*,*,*,*,*,*,*,*,*,*,*,*,*,*,*,*,*,*,*,*,*,*,*,*,*,*,3,3,*,*,*,*,*,*,*,*,*,*,*,*,*,*,*
533835132,1,,533835131,58,30,28,11,4,7,57,31,26,27,16,11,56,30,26,54,29,25,30,15,15,19,10,9,4,4,0,0,0,0,0,0,0,20,20,5,8,3,3,1,1,2,18,14,4,2,19,0,4,6
533835133,0,,,79,41,38,2,2,0,77,39,38,43,24,19,77,39,38,75,37,38,34,15,19,23,11,12,10,4,6,1,0,1,0,0,0,28,28,3,10,8,4,2,1,0,25,18,7,1,21,0,2,4
533835162,2,533835164,,3,1,2,*,*,*,*,*,*,*,*,*,*,*,*,*,*,*,*,*,*,*,*,*,*,*,*,*,*,*,*,*,*,1,1,*,*,*,*,*,*,*,*,*,*,*,*,*,*,*
533835164,1,,533835162,46,18,28,0,0,0,49,19,30,24,11,13,49,19,30,49,19,30,25,8,17,18,5,13,5,1,4,0,0,0,0,0,0,21,21,5,8,8,1,0,0,0,17,14,3,0,18,0,5,2
533835171,0,,,20,7,13,0,0,0,20,7,13,8,2,6,19,7,12,18,7,11,12,5,7,10,3,7,5,1,4,0,0,0,0,0,0,9,9,2,4,2,1,0,0,0,7,5,2,0,7,0,2,3
533835172,0,,,12,7,5,0,0,0,11,6,5,2,2,0,11,6,5,11,6,5,9,4,5,4,3,1,2,1,1,0,0,0,0,0,0,7,7,3,3,1,0,0,0,0,4,4,0,0,5,0,1,3
533835173,1,,533835174,77,41,36,10,7,3,72,36,36,28,14,14,72,36,36,70,35,35,44,22,22,28,15,13,9,6,3,0,0,0,0,0,0,37,37,15,15,6,2,1,1,0,24,21,3,2,30,0,14,11
533835174,2,533835173,,5,2,3,*,*,*,*,*,*,*,*,*,*,*,*,*,*,*,*,*,*,*,*,*,*,*,*,*,*,*,*,*,*,3,3,*,*,*,*,*,*,*,*,*,*,*,*,*,*,*
533835201,1,,533835202,199,98,101,32,15,17,176,89,87,108,55,53,174,87,87,171,87,84,68,34,34,33,14,19,17,9,8,4,2,2,1,1,0,69,69,10,25,14,18,3,2,1,62,52,10,9,45,0,8,13
533835202,2,533835201,,9,6,3,*,*,*,*,*,*,*,*,*,*,*,*,*,*,*,*,*,*,*,*,*,*,*,*,*,*,*,*,*,*,4,4,*,*,*,*,*,*,*,*,*,*,*,*,*,*,*
533835203,0,,,214,105,109,22,12,10,186,90,96,129,65,64,179,85,94,176,84,92,57,25,32,28,10,18,11,3,8,1,0,1,7,1,6,89,89,31,20,17,15,4,2,0,56,46,10,5,38,5,10,10
533835204,0,,,229,117,112,24,9,15,205,108,97,138,76,62,190,101,89,184,99,85,67,32,35,43,18,25,19,9,10,0,0,0,6,5,1,79,79,16,22,13,12,15,0,1,63,49,14,3,43,1,8,9
533835213,0,,,127,65,62,7,4,3,116,59,57,75,42,33,111,57,54,106,54,52,41,17,24,25,10,15,4,2,2,0,0,0,0,0,0,51,51,11,16,14,8,2,0,0,38,36,2,2,25,1,4,10
533835214,0,,,362,173,189,46,19,27,307,150,157,193,96,97,292,141,151,284,135,149,114,54,60,65,28,37,28,11,17,1,0,1,3,1,2,123,123,13,42,30,20,13,5,0,108,91,17,9,75,0,10,20
533835221,0,,,46,25,21,0,0,0,43,23,20,24,16,8,43,23,20,43,23,20,19,7,12,8,3,5,1,0,1,0,0,0,0,0,0,20,20,7,5,5,2,0,1,0,12,9,3,0,16,0,6,1
533835222,0,,,174,90,84,18,10,8,150,77,73,90,49,41,144,73,71,139,71,68,60,28,32,35,16,19,8,3,5,0,0,0,0,0,0,64,64,16,17,16,8,2,3,2,47,35,12,5,42,0,12,9
533835223,0,,,138,68,70,27,16,11,111,52,59,74,35,39,106,49,57,104,48,56,37,17,20,16,7,9,5,2,3,2,1,1,0,0,0,46,46,6,16,7,10,5,0,2,40,30,10,7,22,0,2,7
533835224,0,,,128,61,67,15,9,6,113,52,61,71,35,36,111,51,60,108,50,58,42,17,25,21,7,14,6,1,5,1,0,1,0,0,0,46,46,10,8,17,5,5,1,0,36,26,10,3,27,0,7,4
533835231,2,533835233,,2,0,2,*,*,*,*,*,*,*,*,*,*,*,*,*,*,*,*,*,*,*,*,*,*,*,*,*,*,*,*,*,*,1,1,*,*,*,*,*,*,*,*,*,*,*,*,*,*,*
533835233,1,,533835231,169,77,92,20,8,12,151,69,82,84,39,45,147,68,79,144,66,78,67,30,37,38,17,21,12,5,7,2,0,2,0,0,0,60,60,10,16,17,13,4,1,0,51,37,14,3,43,0,9,9
533835234,1,,533835243,55,27,28,3,2,1,57,27,30,31,15,16,56,26,30,55,25,30,26,12,14,15,6,9,10,4,6,1,0,1,1,1,0,21,21,3,13,3,1,0,3,0,20,16,4,1,18,0,2,7
533835243,2,533835234,,5,2,3,*,*,*,*,*,*,*,*,*,*,*,*,*,*,*,*,*,*,*,*,*,*,*,*,*,*,*,*,*,*,2,2,*,*,*,*,*,*,*,*,*,*,*,*,*,*,*
533835262,0,,,68,31,37,0,0,0,68,31,37,34,16,18,67,31,36,67,31,36,34,15,19,20,9,11,4,2,2,0,0,0,0,0,0,34,34,13,11,7,3,0,0,0,21,18,3,0,26,0,8,6
533835263,0,,,160,88,72,10,6,4,150,82,68,55,27,28,146,80,66,143,79,64,95,55,40,59,32,27,27,15,12,3,2,1,2,1,1,38,37,4,13,7,7,2,2,2,33,19,14,1,29,0,3,7
533835264,0,,,53,27,26,3,2,1,50,25,25,28,15,13,46,23,23,46,23,23,22,10,12,6,4,2,3,1,2,0,0,0,0,0,0,18,18,1,10,1,3,2,0,1,17,14,3,0,13,0,0,8
533835301,0,,,227,107,120,39,15,24,179,87,92,128,63,65,171,80,91,168,78,90,51,24,27,23,11,12,8,2,6,2,0,2,3,2,1,83,83,17,24,18,18,2,2,2,64,55,9,14,31,2,7,11
533835302,0,,,397,200,197,42,23,19,351,174,177,206,114,92,342,168,174,339,167,172,145,60,85,70,31,39,24,8,16,1,0,1,0,0,0,144,144,19,50,42,20,10,0,3,122,98,24,12,92,1,13,27
533835303,0,,,234,115,119,51,25,26,183,90,93,144,72,72,174,86,88,169,82,87,39,18,21,13,7,6,3,2,1,0,0,0,1,0,1,74,74,8,13,23,20,9,1,0,66,59,7,15,25,0,3,6
533835304,0,,,450,238,212,70,41,29,380,197,183,249,134,115,367,191,176,356,185,171,131,63,68,73,35,38,21,9,12,1,0,1,0,0,0,149,149,23,40,27,37,16,4,2,126,98,28,15,83,1,11,21
533835311,0,,,253,127,126,40,23,17,208,100,108,148,73,75,197,94,103,193,93,100,60,27,33,27,9,18,5,2,3,0,0,0,2,1,1,90,90,13,26,27,14,9,1,0,74,65,9,8,41,0,7,11
533835312,0,,,251,131,120,20,13,7,215,112,103,168,88,80,207,109,98,201,106,95,47,24,23,22,11,11,7,4,3,1,0,1,0,0,0,92,92,17,30,17,18,9,1,0,71,65,6,5,34,0,10,7
533835313,0,,,424,201,223,79,40,39,344,160,184,239,112,127,328,153,175,319,150,169,105,48,57,61,25,36,20,5,15,2,0,2,3,1,2,139,139,19,34,31,35,16,4,0,120,97,23,16,70,0,15,17
533835314,0,,,258,127,131,27,13,14,231,114,117,148,76,72,221,112,109,217,110,107,83,38,45,44,18,26,18,5,13,1,0,1,0,0,0,92,92,9,35,23,18,4,3,0,83,69,14,7,53,0,5,16
533835321,0,,,323,159,164,40,19,21,282,139,143,179,89,90,272,135,137,270,134,136,103,50,53,62,28,34,24,11,13,3,1,2,1,1,0,115,115,18,37,32,14,7,5,2,94,74,20,9,66,1,9,15
533835322,0,,,27,16,11,2,2,0,25,14,11,14,9,5,23,12,11,23,12,11,11,5,6,6,3,3,4,2,2,0,0,0,0,0,0,8,8,1,2,1,2,1,1,0,7,5,2,1,6,0,1,2
533835323,0,,,92,44,48,16,9,7,73,34,39,63,31,32,69,32,37,67,31,36,10,3,7,3,0,3,2,0,2,0,0,0,0,0,0,36,36,12,6,8,7,2,1,0,24,21,3,3,8,0,3,0
533835332,1,,533835341;533835342;533835343,163,79,84,18,8,10,153,74,79,90,46,44,147,72,75,146,71,75,63,28,35,28,11,17,15,4,11,2,0,2,0,0,0,55,55,9,17,16,10,3,3,1,50,35,15,5,41,0,6,9
533835333,0,,,51,20,31,10,3,7,41,17,24,25,11,14,41,17,24,40,16,24,16,6,10,8,2,6,5,1,4,0,0,0,0,0,0,17,17,2,5,4,3,3,0,0,15,11,4,3,10,0,1,2
533835334,0,,,127,62,65,16,6,10,111,56,55,64,34,30,108,54,54,108,54,54,47,22,25,31,13,18,13,6,7,1,0,1,0,0,0,45,45,7,18,10,5,1,1,3,38,27,11,6,29,0,5,9
533835341,2,533835332,,2,1,1,*,*,*,*,*,*,*,*,*,*,*,*,*,*,*,*,*,*,*,*,*,*,*,*,*,*,*,*,*,*,1,1,*,*,*,*,*,*,*,*,*,*,*,*,*,*,*
533835342,2,533835332,,1,0,1,*,*,*,*,*,*,*,*,*,*,*,*,*,*,*,*,*,*,*,*,*,*,*,*,*,*,*,*,*,*,1,1,*,*,*,*,*,*,*,*,*,*,*,*,*,*,*
533835343,2,533835332,,5,2,3,*,*,*,*,*,*,*,*,*,*,*,*,*,*,*,*,*,*,*,*,*,*,*,*,*,*,*,*,*,*,2,2,*,*,*,*,*,*,*,*,*,*,*,*,*,*,*
533835351,2,533835353,,4,3,1,*,*,*,*,*,*,*,*,*,*,*,*,*,*,*,*,*,*,*,*,*,*,*,*,*,*,*,*,*,*,1,1,*,*,*,*,*,*,*,*,*,*,*,*,*,*,*
533835352,0,,,14,5,9,0,0,0,14,5,9,6,2,4,14,5,9,14,5,9,8,3,5,6,2,4,3,0,3,0,0,0,0,0,0,5,5,0,4,0,0,0,1,0,5,4,1,0,5,0,0,2
533835353,1,,533835351,26,17,9,3,3,0,27,17,10,13,10,3,27,17,10,27,17,10,14,7,7,4,2,2,1,1,0,0,0,0,0,0,0,11,11,2,6,1,2,1,0,0,10,10,0,1,10,0,2,3
533835354,0,,,87,45,42,4,1,3,83,44,39,42,27,15,83,44,39,81,44,37,41,17,24,21,11,10,6,1,5,0,0,0,0,0,0,39,39,12,13,8,5,1,0,0,27,24,3,1,25,0,5,8
533835361,0,,,142,61,81,12,2,10,130,59,71,69,33,36,127,57,70,124,57,67,61,26,35,28,12,16,11,3,8,2,1,1,0,0,0,55,55,12,23,5,8,5,2,0,43,30,13,3,39,0,5,15
533835363,0,,,34,16,18,0,0,0,34,16,18,20,10,10,34,16,18,34,16,18,14,6,8,6,2,4,3,1,2,0,0,0,0,0,0,16,16,6,4,4,2,0,0,0,10,8,2,0,9,0,4,2
533835401,0,,,62,30,32,13,7,6,49,23,26,38,17,21,48,22,26,48,22,26,11,6,5,5,2,3,4,2,2,0,0,0,0,0,0,20,20,2,5,5,5,3,0,0,18,15,3,4,7,1,1,1
533835402,0,,,344,160,184,61,26,35,278,132,146,232,111,121,262,124,138,246,112,134,46,21,25,24,10,14,4,2,2,2,1,1,15,5,10,122,122,13,38,43,18,8,0,2,106,100,6,15,32,0,7,6
533835403,0,,,309,156,153,29,16,13,275,136,139,178,88,90,268,134,134,258,128,130,97,48,49,43,20,23,10,5,5,0,0,0,3,2,1,120,120,26,43,26,15,6,2,2,93,80,13,7,66,0,13,20
533835404,0,,,72,43,29,6,3,3,65,39,26,45,29,16,63,37,26,62,36,26,20,10,10,10,4,6,4,2,2,0,0,0,1,0,1,24,24,4,6,5,6,2,0,1,20,16,4,2,12,0,2,4
533835411,0,,,395,184,211,57,28,29,330,152,178,211,99,112,325,151,174,322,148,174,119,53,66,57,24,33,24,10,14,3,1,2,12,0,12,145,145,27,45,37,20,10,5,1,117,93,24,15,76,10,10,18
533835412,0,,,355,177,178,39,23,16,312,152,160,171,81,90,297,144,153,292,140,152,141,71,70,75,39,36,18,6,12,5,2,3,0,0,0,127,124,23,49,23,15,8,2,4,100,81,19,8,76,0,11,28
533835413,0,,,285,143,142,33,18,15,251,124,127,152,78,74,246,122,124,240,119,121,99,46,53,65,30,35,22,9,13,1,0,1,0,0,0,103,103,19,34,21,19,5,1,4,84,69,15,8,61,2,9,23
533835414,0,,,361,179,182,39,22,17,321,156,165,216,114,102,311,149,162,307,147,160,105,42,63,57,19,38,20,4,16,2,0,2,4,1,3,134,134,29,36,33,23,10,2,1,103,82,21,13,75,0,17,17
533835421,0,,,282,108,174,11,6,5,270,102,168,118,62,56,269,101,168,268,100,168,152,40,112,110,24,86,70,10,60,20,3,17,0,0,0,42,38,6,13,10,4,4,0,1,32,27,5,4,22,0,4,7
533835422,0,,,46,25,21,13,7,6,33,18,15,28,16,12,32,17,15,32,17,15,5,2,3,5,2,3,2,1,1,0,0,0,0,0,0,15,15,2,2,4,7,0,0,0,13,11,2,3,4,0,1,0
533835423,0,,,78,36,42,13,7,6,65,29,36,45,21,24,65,29,36,64,29,35,20,8,12,9,3,6,5,1,4,0,0,0,0,0,0,27,27,2,10,6,7,2,0,0,25,22,3,3,13,0,1,4
533835424,0,,,560,266,294,94,40,54,466,226,240,319,163,156,451,218,233,440,211,229,147,63,84,75,29,46,25,8,17,0,0,0,2,1,1,183,183,21,57,32,47,18,6,2,160,129,31,24,98,0,17,26
533835431,0,,,268,125,143,36,18,18,232,107,125,152,74,78,225,104,121,222,103,119,80,33,47,47,17,30,15,3,12,1,0,1,0,0,0,100,100,18,36,19,17,7,3,0,81,66,15,12,54,0,10,15
533835432,0,,,257,113,144,21,11,10,233,101,132,147,62,85,226,100,126,223,97,126,86,39,47,52,21,31,20,7,13,1,0,1,0,0,0,94,94,14,33,25,14,5,1,2,78,57,21,7,58,0,11,18
533835433,0,,,689,332,357,77,38,39,605,290,315,392,190,202,586,277,309,576,274,302,213,100,113,90,39,51,33,12,21,1,0,1,4,3,1,270,270,59,94,63,33,10,7,4,208,173,35,18,140,3,32,44
533835434,0,,,302,152,150,44,24,20,258,128,130,161,84,77,251,127,124,248,124,124,97,44,53,44,14,30,20,6,14,3,0,3,1,0,1,105,105,11,37,29,15,8,5,0,93,72,21,16,63,0,9,21
533835441,0,,,172,88,84,24,10,14,147,77,70,86,46,40,143,75,68,140,73,67,61,31,30,33,17,16,11,4,7,1,0,1,2,1,1,63,63,17,19,7,13,3,2,2,46,40,6,9,39,1,8,9
533835442,0,,,133,72,61,19,13,6,114,59,55,74,36,38,109,55,54,104,54,50,40,23,17,17,11,6,6,3,3,0,0,0,0,0,0,51,51,11,18,8,9,4,1,0,40,37,3,5,29,0,9,10
533835443,0,,,75,40,35,13,6,7,62,34,28,47,26,21,61,33,28,59,32,27,15,8,7,5,2,3,2,0,2,0,0,0,1,0,1,28,28,9,5,6,4,2,2,0,18,16,2,4,12,0,4,1
533835444,0,,,96,43,53,17,7,10,79,36,43,49,24,25,75,35,40,75,35,40,30,12,18,15,7,8,2,1,1,0,0,0,1,0,1,33,33,6,11,5,5,4,1,1,27,23,4,2,21,0,5,5
533835451,0,,,324,161,163,39,19,20,285,142,143,171,87,84,275,136,139,271,134,137,114,55,59,69,30,39,29,12,17,3,2,1,0,0,0,124,124,29,36,33,14,5,6,1,95,77,18,14,77,0,23,19
533835452,0,,,39,21,18,4,4,0,31,15,16,22,11,11,31,15,16,27,13,14,9,4,5,7,3,4,0,0,0,0,0,0,0,0,0,14,14,3,3,4,2,2,0,0,10,9,1,0,6,0,1,2
533835453,0,,,127,60,67,11,5,6,116,55,61,75,39,36,112,53,59,110,52,58,41,16,25,26,11,15,9,4,5,1,0,1,0,0,0,44,44,8,10,14,6,3,3,0,36,26,10,3,28,1,5,7
533835454,0,,,105,53,52,11,8,3,94,45,49,47,24,23,91,43,48,89,43,46,47,21,26,24,12,12,10,3,7,0,0,0,0,0,0,36,36,7,12,7,5,0,2,3,29,18,11,2,29,0,6,9
533835463,2,533835552,,3,2,1,*,*,*,*,*,*,*,*,*,*,*,*,*,*,*,*,*,*,*,*,*,*,*,*,*,*,*,*,*,*,2,2,*,*,*,*,*,*,*,*,*,*,*,*,*,*,*
533835501,0,,,117,54,63,25,15,10,90,38,52,78,34,44,84,34,50,80,33,47,12,4,8,4,2,2,1,1,0,0,0,0,5,1,4,41,41,13,8,3,12,1,2,2,28,24,4,4,8,3,1,2
533835502,0,,,62,28,34,3,2,1,52,22,30,46,19,27,52,22,30,50,21,29,6,3,3,2,1,1,2,1,1,0,0,0,0,0,0,36,36,22,7,4,1,2,0,0,14,12,2,1,4,5,0,2
533835503,0,,,29,15,14,3,2,1,26,13,13,20,10,10,24,11,13,22,10,12,6,3,3,5,2,3,2,1,1,1,0,1,4,3,1,10,10,0,5,2,2,1,0,0,10,8,2,0,4,0,0,2
533835504,0,,,414,202,212,33,16,17,375,182,193,254,126,128,366,182,184,358,179,179,121,56,65,46,19,27,16,4,12,3,1,2,5,3,2,187,187,59,66,34,20,7,1,0,128,116,12,8,76,10,16,25
533835511,0,,,130,67,63,15,6,9,115,61,54,78,44,34,110,59,51,104,55,49,37,17,20,16,6,10,3,1,2,0,0,0,1,0,1,41,41,6,6,14,8,5,1,1,34,26,8,3,23,0,3,3
533835513,0,,,131,50,81,11,5,6,120,45,75,58,28,30,116,43,73,113,42,71,62,17,45,45,11,34,27,6,21,3,0,3,1,1,0,35,34,6,12,8,2,2,2,2,28,20,8,4,22,0,4,6
533835514,0,,,32,17,15,2,1,1,30,16,14,15,10,5,30,16,14,30,16,14,15,6,9,9,3,6,5,1,4,1,0,1,0,0,0,12,12,3,2,3,4,0,0,0,9,7,2,1,9,0,3,2
533835521,0,,,443,221,222,60,29,31,380,190,190,256,131,125,364,182,182,357,177,180,124,59,65,70,31,39,29,12,17,3,0,3,2,0,2,172,172,42,49,39,31,5,5,1,127,108,19,14,84,2,17,22
533835522,0,,,318,155,163,44,20,24,274,135,139,165,84,81,266,129,137,260,127,133,109,51,58,59,24,35,25,9,16,2,0,2,4,3,1,114,114,18,39,24,23,6,0,4,95,74,21,8,71,0,16,20
533835523,0,,,488,244,244,80,41,39,399,198,201,293,153,140,387,190,197,376,184,192,106,45,61,52,20,32,14,3,11,1,0,1,13,10,3,195,195,45,67,43,24,14,0,2,144,130,14,30,77,10,25,21
533835524,0,,,492,236,256,81,44,37,405,191,214,275,139,136,387,181,206,372,171,201,130,52,78,48,18,30,15,3,12,4,1,3,6,3,3,189,189,42,60,39,34,8,5,1,145,132,13,21,89,0,24,21
533835531,0,,,253,121,132,46,24,22,207,97,110,144,73,71,204,94,110,200,91,109,63,24,39,31,7,24,8,1,7,0,0,0,0,0,0,98,98,17,37,23,13,7,1,0,80,72,8,13,42,0,11,11
533835532,0,,,79,34,45,2,1,1,77,33,44,39,19,20,74,32,42,72,31,41,38,14,24,26,7,19,15,4,11,1,0,1,0,0,0,25,24,2,12,5,3,2,0,0,22,19,3,0,15,0,2,7
533835533,0,,,384,193,191,56,31,25,327,161,166,213,111,102,313,154,159,308,151,157,114,50,64,57,24,33,24,11,13,4,1,3,3,2,1,128,128,22,39,19,26,13,5,4,105,74,31,16,76,0,12,16
533835534,0,,,231,106,125,24,16,8,207,90,117,132,61,71,202,87,115,200,87,113,75,29,46,35,12,23,16,4,12,2,0,2,8,0,8,93,93,25,29,18,14,5,1,1,68,56,12,5,52,7,15,15
533835541,0,,,218,104,114,29,18,11,188,86,102,122,56,66,174,79,95,168,77,91,66,30,36,22,6,16,4,2,2,0,0,0,11,1,10,85,85,26,22,17,10,5,3,2,59,49,10,8,41,7,8,17
533835542,0,,,27,15,12,1,1,0,26,14,12,17,9,8,25,13,12,24,13,11,9,5,4,2,1,1,1,1,0,0,0,0,1,0,1,10,10,3,1,3,2,1,0,0,7,6,1,0,6,1,1,1
533835543,0,,,112,54,58,24,12,12,88,42,46,66,31,35,86,41,45,84,40,44,22,11,11,9,5,4,2,1,1,0,0,0,2,0,2,40,40,5,17,4,9,5,0,0,34,27,7,4,14,2,1,8
533835544,0,,,69,32,37,12,5,7,57,27,30,35,18,17,56,26,30,54,24,30,22,9,13,10,5,5,2,0,2,1,0,1,0,0,0,21,21,2,8,3,5,1,0,2,19,16,3,2,13,0,2,5
533835551,0,,,107,51,56,14,8,6,93,43,50,52,24,28,90,41,49,87,39,48,41,19,22,27,13,14,9,3,6,1,1,0,0,0,0,37,37,4,16,6,7,1,1,2,33,24,9,4,25,0,3,8
533835552,1,,533835463,107,58,49,9,5,4,100,54,46,59,32,27,97,52,45,94,49,45,41,22,19,18,10,8,2,1,1,1,0,1,0,0,0,41,41,10,12,12,7,1,0,1,33,29,4,3,27,0,6,6
533835553,0,,,222,110,112,28,15,13,193,94,99,123,59,64,187,91,96,183,90,93,70,35,35,33,13,20,14,3,11,0,0,0,0,0,0,76,76,11,26,18,9,7,2,3,64,51,13,10,43,0,6,13
533835554,0,,,129,62,67,12,6,6,117,56,61,68,38,30,111,53,58,108,51,57,49,18,31,27,9,18,8,2,6,2,1,1,2,0,2,49,49,11,15,10,9,2,2,0,37,29,8,3,34,0,8,10
533835561,1,,533835562,91,48,43,3,2,1,93,48,45,48,26,22,91,48,43,89,46,43,45,22,23,35,17,18,15,7,8,0,0,0,1,0,1,39,39,8,18,10,3,2,0,0,32,25,7,1,30,0,5,9
533835562,2,533835561,,5,2,3,*,*,*,*,*,*,*,*,*,*,*,*,*,*,*,*,*,*,*,*,*,*,*,*,*,*,*,*,*,*,2,2,*,*,*,*,*,*,*,*,*,*,*,*,*,*,*
533835563,1,,533835564,121,61,60,12,9,3,110,53,57,70,33,37,106,51,55,105,50,55,40,20,20,17,7,10,8,4,4,0,0,0,0,0,0,45,45,12,12,11,6,3,0,2,34,28,6,3,30,0,8,6
533835564,2,533835563,,1,1,0,*,*,*,*,*,*,*,*,*,*,*,*,*,*,*,*,*,*,*,*,*,*,*,*,*,*,*,*,*,*,1,1,*,*,*,*,*,*,*,*,*,*,*,*,*,*,*
533835601,0,,,234,112,122,29,14,15,201,96,105,158,82,76,197,92,105,193,90,103,43,14,29,19,7,12,5,3,2,1,0,1,7,3,4,99,99,30,32,19,9,7,2,0,69,56,13,9,31,6,10,3
533835602,0,,,148,66,82,19,4,15,129,62,67,88,44,44,125,61,64,125,61,64,41,18,23,25,10,15,9,3,6,1,0,1,3,0,3,62,62,12,29,12,5,3,0,1,50,46,4,7,26,1,7,12
533835603,0,,,795,402,393,94,46,48,679,343,336,485,254,231,653,334,319,631,321,310,194,89,105,86,35,51,29,10,19,2,1,1,4,0,4,340,340,103,113,58,46,15,2,3,227,199,28,32,132,9,31,38
533835604,0,,,469,227,242,52,23,29,391,188,203,271,137,134,383,182,201,378,179,199,120,51,69,66,24,42,11,3,8,2,0,2,16,8,8,217,217,91,55,35,23,9,3,1,119,102,17,17,83,10,23,19
533835611,0,,,447,231,216,44,15,29,402,215,187,304,171,133,384,203,181,375,199,176,98,44,54,42,14,28,11,3,8,1,1,0,5,1,4,186,184,57,49,44,26,4,3,1,126,107,19,15,72,4,23,12
533835612,0,,,107,51,56,14,11,3,93,40,53,66,30,36,90,38,52,88,37,51,27,10,17,18,6,12,7,3,4,0,0,0,4,1,3,41,41,8,15,8,6,3,1,0,33,28,5,5,20,0,5,5
533835613,0,,,217,111,106,25,13,12,192,98,94,129,71,58,188,94,94,184,92,92,63,27,36,28,10,18,8,3,5,1,0,1,2,1,1,88,88,23,31,14,12,6,2,0,64,55,9,5,45,0,10,11
533835614,0,,,78,39,39,14,6,8,64,33,31,49,26,23,63,32,31,62,31,31,15,7,8,10,5,5,2,1,1,0,0,0,0,0,0,25,25,3,9,3,5,3,1,1,21,17,4,1,9,0,2,0
533835621,0,,,418,207,211,52,26,26,365,180,185,266,134,132,352,173,179,346,171,175,99,46,53,48,22,26,21,8,13,2,1,1,1,0,1,162,162,34,51,45,20,5,7,0,128,113,15,20,66,1,17,15
533835622,0,,,258,117,141,37,21,16,221,96,125,143,64,79,212,90,122,209,89,120,78,32,46,37,13,24,13,3,10,0,0,0,0,0,0,91,91,13,32,22,13,6,4,1,77,66,11,4,53,0,9,14
533835623,0,,,655,316,339,101,62,39,552,253,299,382,186,196,524,241,283,510,235,275,170,67,103,89,30,59,28,5,23,2,0,2,9,4,5,258,258,66,80,51,42,11,3,5,191,163,28,34,113,3,33,34
533835624,0,,,364,179,185,52,24,28,312,155,157,181,94,87,298,145,153,286,137,149,131,61,70,65,34,31,15,8,7,2,1,1,2,1,1,124,124,21,38,23,23,11,6,2,100,83,17,14,79,0,15,27
533835631,0,,,384,192,192,58,32,26,324,159,165,210,106,104,317,155,162,312,153,159,114,53,61,56,26,30,10,4,6,0,0,0,2,0,2,132,132,17,40,39,19,8,9,0,114,96,18,17,73,1,9,20
533835632,0,,,131,66,65,15,10,5,116,56,60,78,39,39,113,54,59,109,53,56,38,17,21,14,6,8,1,1,0,0,0,0,5,3,2,47,47,7,17,11,6,3,3,0,40,33,7,4,27,2,4,10
533835633,0,,,494,252,242,62,32,30,424,215,209,305,156,149,411,211,200,396,203,193,119,59,60,37,17,20,9,6,3,0,0,0,5,2,3,199,199,57,56,45,27,7,4,3,139,122,17,17,78,5,16,26
533835634,0,,,113,52,61,16,8,8,97,44,53,59,27,32,94,42,52,93,41,52,38,17,21,15,4,11,3,0,3,1,0,1,0,0,0,38,38,3,13,9,9,3,1,0,35,27,8,3,26,0,3,7
533835641,0,,,20,8,12,1,0,1,19,8,11,17,8,9,19,8,11,19,8,11,2,0,2,1,0,1,0,0,0,0,0,0,7,2,5,11,11,4,5,2,0,0,0,0,7,6,1,1,2,2,1,0
533835642,0,,,93,45,48,6,3,3,87,42,45,48,23,25,86,42,44,85,42,43,39,19,20,14,8,6,3,0,3,0,0,0,0,0,0,37,37,9,11,9,5,3,0,0,28,26,2,2,25,0,6,6
533835643,0,,,110,51,59,10,5,5,100,46,54,70,34,36,99,45,54,98,44,54,30,12,18,14,7,7,2,1,1,0,0,0,8,0,8,43,43,13,11,10,3,3,3,0,30,24,6,2,21,7,4,4
533835644,0,,,120,55,65,4,3,1,116,52,64,75,36,39,112,49,63,110,48,62,41,16,25,25,8,17,9,2,7,0,0,0,1,0,1,49,49,10,18,13,6,1,1,0,38,33,5,1,30,0,7,7
533835651,0,,,360,174,186,56,33,23,304,141,163,225,105,120,287,132,155,275,125,150,79,36,43,41,17,24,15,6,9,2,1,1,0,0,0,131,131,24,38,34,23,8,2,2,107,93,14,14,55,0,15,13
533835652,0,,,177,78,99,19,8,11,129,62,67,65,34,31,126,60,66,124,60,64,64,28,36,32,14,18,11,5,6,1,0,1,0,0,0,56,55,10,21,15,2,2,2,3,44,34,10,5,40,0,7,11
533835653,0,,,135,66,69,19,7,12,114,58,56,82,41,41,108,54,54,102,52,50,32,17,15,14,8,6,4,2,2,0,0,0,3,3,0,57,57,15,22,7,10,3,0,0,42,42,0,4,23,2,7,11
533835654,0,,,78,40,38,9,5,4,69,35,34,43,22,21,68,34,34,68,34,34,26,13,13,16,7,9,4,1,3,0,0,0,0,0,0,32,32,4,17,5,5,1,0,0,27,24,3,3,17,0,2,5
533835661,0,,,119,55,64,5,1,4,114,54,60,63,35,28,111,52,59,110,52,58,51,19,32,32,11,21,17,4,13,1,0,1,1,0,1,42,42,4,15,14,6,1,0,2,38,27,11,1,32,0,1,7
533835662,0,,,13,6,7,0,0,0,13,6,7,11,5,6,12,6,6,11,6,5,2,1,1,1,0,1,1,0,1,0,0,0,0,0,0,6,6,2,2,1,1,0,0,0,4,3,1,0,2,0,1,0
533835663,0,,,16,6,10,1,0,1,15,6,9,8,3,5,14,5,9,14,5,9,7,3,4,5,1,4,2,0,2,0,0,0,0,0,0,4,4,0,1,1,0,1,1,0,4,1,3,0,4,0,0,0
533835664,0,,,115,62,53,8,5,3,107,57,50,59,31,28,104,57,47,103,56,47,48,26,22,22,13,9,2,1,1,0,0,0,1,0,1,43,43,9,13,11,7,1,1,1,33,24,9,3,31,0,6,7
533835674,2,533835773,,5,2,3,*,*,*,*,*,*,*,*,*,*,*,*,*,*,*,*,*,*,*,*,*,*,*,*,*,*,*,*,*,*,1,1,*,*,*,*,*,*,*,*,*,*,*,*,*,*,*
533835701,0,,,482,233,249,34,18,16,397,198,199,284,150,134,386,192,194,378,188,190,113,48,65,61,23,38,12,2,10,2,1,1,28,12,16,253,251,139,61,22,23,3,2,1,104,91,13,13,88,15,43,12
533835702,0,,,514,238,276,46,21,25,449,208,241,263,123,140,439,203,236,427,195,232,186,85,101,91,42,49,27,9,18,3,0,3,3,0,3,262,262,116,79,36,25,5,0,1,138,124,14,11,135,5,65,34
533835703,0,,,409,179,230,16,8,8,270,117,153,108,60,48,266,115,151,264,114,150,162,57,105,141,47,94,99,35,64,20,4,16,0,0,0,115,111,50,40,11,5,4,1,0,55,51,4,6,45,11,9,20
533835704,0,,,623,308,315,47,24,23,568,278,290,353,190,163,556,271,285,542,263,279,215,88,127,115,45,70,30,8,22,2,1,1,29,16,13,309,309,138,88,43,29,6,3,2,166,142,24,15,153,37,62,38
533835711,0,,,277,137,140,45,21,24,229,114,115,149,81,68,224,111,113,221,109,112,80,33,47,48,20,28,23,7,16,4,1,3,2,1,1,111,110,35,34,18,15,6,1,1,71,61,10,18,42,5,11,11
533835712,0,,,420,198,222,54,25,29,360,169,191,236,110,126,353,166,187,351,165,186,124,59,65,70,33,37,22,8,14,3,2,1,10,4,6,180,180,55,56,35,25,6,3,0,123,105,18,11,90,0,26,23
533835713,0,,,560,258,302,55,26,29,490,223,267,263,132,131,477,218,259,469,214,255,227,91,136,113,37,76,39,8,31,5,0,5,4,2,2,273,273,106,95,36,26,8,2,0,165,150,15,10,163,8,59,45
533835714,0,,,269,122,147,25,10,15,238,109,129,160,77,83,232,106,126,227,104,123,78,32,46,39,14,25,11,7,4,0,0,0,4,2,2,127,127,49,39,21,13,4,0,1,75,64,11,7,55,6,13,18
533835721,0,,,498,246,252,71,36,35,420,206,214,301,157,144,413,201,212,410,200,210,119,49,70,62,27,35,11,4,7,1,0,1,2,1,1,226,226,79,72,40,22,11,2,0,144,128,16,25,86,8,24,19
533835722,0,,,456,223,233,57,26,31,394,195,199,274,141,133,382,192,190,373,189,184,120,54,66,72,33,39,21,7,14,3,1,2,1,0,1,169,169,38,51,29,30,18,2,1,128,100,28,17,81,0,16,18
533835723,0,,,412,189,223,53,23,30,355,164,191,257,121,136,344,159,185,337,155,182,98,43,55,52,23,29,18,6,12,1,0,1,6,2,4,164,164,34,62,37,16,13,1,1,127,108,19,17,65,1,12,20
533835724,0,,,562,272,290,72,34,38,483,234,249,345,174,171,462,223,239,451,217,234,138,60,78,68,26,42,14,4,10,1,0,1,25,10,15,256,256,101,68,38,39,5,5,0,148,133,15,22,102,4,40,24
533835731,0,,,119,56,63,6,5,1,107,47,60,71,29,42,106,46,60,102,46,56,36,18,18,12,6,6,5,2,3,1,1,0,0,0,0,46,46,6,21,9,6,4,0,0,39,35,4,2,24,0,3,9
533835732,0,,,47,22,25,6,2,4,40,19,21,34,17,17,37,17,20,36,17,19,6,2,4,5,2,3,0,0,0,0,0,0,0,0,0,16,16,5,1,4,4,0,2,0,11,7,4,3,4,1,0,0
533835733,0,,,90,41,49,13,9,4,77,32,45,53,23,30,76,32,44,76,32,44,24,9,15,12,4,8,8,3,5,0,0,0,1,1,0,36,36,8,15,7,2,2,1,1,27,21,6,4,19,0,5,4
533835734,0,,,199,93,106,28,14,14,168,77,91,97,48,49,165,76,89,165,76,89,71,29,42,31,10,21,17,4,13,3,0,3,0,0,0,70,69,14,20,17,13,4,1,0,54,45,9,10,39,0,8,8
533835741,0,,,100,44,56,13,6,7,84,37,47,50,23,27,80,35,45,76,34,42,34,14,20,20,8,12,5,2,3,0,0,0,0,0,0,41,41,10,13,11,4,3,0,0,30,27,3,3,22,0,5,9
533835742,0,,,214,101,113,33,18,15,180,82,98,134,66,68,166,76,90,162,74,88,46,16,30,22,4,18,9,1,8,2,0,2,0,0,0,76,76,15,18,20,14,7,2,0,61,51,10,9,33,0,8,7
533835743,0,,,269,128,141,44,17,27,223,110,113,148,76,72,215,105,110,211,103,108,75,34,41,38,17,21,12,4,8,1,0,1,0,0,0,98,98,22,24,25,17,5,4,1,76,66,10,11,48,1,12,7
533835744,0,,,445,221,224,39,23,16,402,196,206,252,130,122,386,188,198,380,185,195,150,66,84,68,29,39,28,11,17,2,0,2,3,1,2,177,177,43,57,35,28,13,1,0,132,101,31,13,99,0,24,21
533835751,0,,,312,158,154,47,27,20,259,127,132,169,84,85,257,126,131,254,124,130,90,43,47,51,22,29,23,9,14,2,0,2,3,3,0,117,117,28,38,21,16,8,2,4,89,74,15,13,59,4,10,16
533835752,0,,,145,76,69,17,8,9,128,68,60,93,50,43,124,64,60,124,64,60,35,18,17,13,6,7,2,1,1,0,0,0,4,4,0,57,57,20,12,11,8,1,4,1,36,27,9,6,22,7,5,5
533835753,0,,,197,103,94,33,21,12,160,80,80,107,55,52,158,78,80,155,77,78,53,25,28,23,9,14,7,3,4,1,0,1,7,0,7,76,76,24,18,11,15,4,4,0,51,44,7,11,37,6,11,11
533835754,0,,,280,134,146,27,18,9,248,114,134,152,77,75,236,105,131,230,101,129,96,37,59,43,13,30,25,7,18,4,0,4,3,0,3,103,103,18,35,22,15,12,1,0,82,61,21,5,64,0,13,18
533835761,0,,,86,40,46,11,6,5,75,34,41,45,22,23,74,33,41,74,33,41,30,12,18,17,6,11,8,2,6,0,0,0,0,0,0,29,29,4,8,6,7,4,0,0,25,18,7,3,23,0,4,2
533835762,0,,,148,73,75,11,5,6,136,67,69,74,40,34,132,65,67,130,64,66,62,27,35,36,14,22,15,7,8,2,1,1,0,0,0,60,60,17,21,11,5,2,3,1,43,35,8,2,45,0,12,13
533835763,0,,,82,42,40,12,7,5,70,35,35,37,20,17,69,35,34,67,33,34,33,15,18,19,11,8,6,3,3,0,0,0,1,1,0,27,27,5,7,5,5,3,1,1,22,15,7,1,20,0,4,6
533835764,0,,,15,5,10,0,0,0,15,5,10,8,3,5,15,5,10,15,5,10,7,2,5,3,0,3,2,0,2,0,0,0,0,0,0,7,7,2,3,1,1,0,0,0,5,4,1,0,6,0,1,0
533835772,2,533835773,,3,1,2,*,*,*,*,*,*,*,*,*,*,*,*,*,*,*,*,*,*,*,*,*,*,*,*,*,*,*,*,*,*,2,2,*,*,*,*,*,*,*,*,*,*,*,*,*,*,*
533835773,1,,533835674;533835772,165,78,87,12,6,6,161,75,86,90,47,43,156,72,84,154,72,82,71,28,43,33,10,23,9,2,7,1,0,1,0,0,0,63,63,11,24,17,8,5,1,0,54,38,16,2,48,0,5,12
533835774,0,,,27,15,12,1,1,0,26,14,12,21,11,10,23,12,11,21,11,10,5,3,2,4,3,1,1,1,0,0,0,0,0,0,0,9,9,1,3,2,2,0,1,0,8,6,2,0,4,0,1,0
533835783,2,533835872,,4,2,2,*,*,*,*,*,*,*,*,*,*,*,*,*,*,*,*,*,*,*,*,*,*,*,*,*,*,*,*,*,*,3,3,*,*,*,*,*,*,*,*,*,*,*,*,*,*,*
533835801,0,,,731,354,377,97,51,46,615,294,321,409,207,202,596,284,312,591,282,309,206,87,119,105,43,62,39,16,23,1,0,1,6,4,2,302,301,81,95,65,46,12,2,0,217,198,19,34,129,4,30,39
533835802,0,,,748,364,384,51,28,23,677,322,355,426,219,207,665,313,352,651,304,347,251,103,148,129,45,84,40,14,26,3,0,3,15,8,7,409,407,213,106,49,25,11,2,1,189,166,23,15,179,23,78,43
533835803,0,,,278,128,150,39,17,22,233,108,125,143,70,73,223,102,121,221,101,120,90,38,52,48,20,28,24,8,16,1,0,1,3,1,2,114,114,43,24,20,12,13,0,2,70,54,16,8,62,4,16,14
533835804,0,,,854,409,445,70,37,33,709,334,375,474,249,225,694,324,370,686,321,365,235,85,150,149,49,100,62,14,48,7,0,7,8,5,3,418,414,205,118,41,37,11,1,1,203,179,24,23,162,19,67,32
533835811,0,,,776,360,416,56,24,32,694,317,377,463,225,238,678,308,370,665,302,363,231,92,139,102,34,68,30,5,25,5,0,5,32,9,23,394,394,183,109,58,24,16,3,1,206,170,36,22,175,23,70,29
533835812,0,,,314,144,170,32,14,18,276,126,150,167,79,88,263,120,143,259,117,142,109,47,62,60,24,36,13,4,9,4,1,3,14,5,9,141,141,54,37,24,17,8,1,0,84,71,13,8,78,2,32,15
533835813,0,,,779,390,389,76,33,43,615,304,311,457,235,222,604,297,307,594,291,303,158,69,89,80,30,50,28,11,17,5,1,4,25,6,19,449,448,272,94,38,29,11,3,1,166,144,22,28,125,31,66,16
533835814,0,,,674,318,356,53,26,27,576,267,309,358,181,177,557,258,299,544,250,294,218,86,132,118,42,76,63,19,44,7,2,5,23,7,16,338,337,179,85,31,24,17,1,0,150,133,17,18,134,16,59,30
533835821,0,,,234,117,117,28,16,12,199,98,101,139,69,70,191,91,100,186,89,97,60,29,31,34,16,18,8,3,5,0,0,0,1,0,1,92,92,19,29,26,12,5,1,0,70,62,8,9,38,0,12,10
533835822,0,,,196,97,99,21,10,11,167,81,86,116,54,62,166,81,85,161,78,83,51,27,24,25,12,13,5,2,3,0,0,0,4,3,1,90,90,32,29,16,9,2,2,0,54,47,7,6,34,9,7,12
533835823,0,,,466,211,255,27,12,15,395,180,215,247,112,135,385,171,214,377,167,210,148,68,80,73,33,40,14,5,9,2,1,1,25,8,17,265,265,140,78,23,20,3,1,0,112,100,12,9,105,2,47,25
533835824,0,,,407,196,211,49,24,25,338,161,177,219,106,113,327,157,170,321,155,166,119,55,64,63,27,36,11,2,9,1,0,1,10,1,9,223,223,123,56,21,12,7,2,2,98,87,11,12,90,13,41,27
533835831,0,,,176,89,87,18,11,7,158,78,80,95,49,46,151,74,77,146,71,75,63,29,34,31,13,18,12,3,9,0,0,0,0,0,0,64,63,12,21,12,12,3,3,0,51,44,7,3,37,0,6,12
533835832,0,,,273,132,141,42,22,20,231,110,121,140,70,70,222,104,118,217,103,114,91,40,51,49,20,29,15,5,10,0,0,0,0,0,0,99,99,15,36,23,13,9,2,1,84,72,12,6,59,0,7,23
533835833,0,,,334,163,171,36,17,19,296,144,152,208,103,105,285,137,148,278,132,146,88,41,47,38,17,21,11,3,8,1,0,1,2,1,1,132,132,27,50,27,18,7,2,1,104,96,8,4,57,0,11,24
533835834,0,,,236,117,119,25,13,12,199,100,99,136,76,60,194,96,98,193,95,98,63,24,39,28,9,19,5,0,5,0,0,0,0,0,0,112,112,47,34,14,9,6,1,1,63,56,7,4,46,9,11,12
533835841,0,,,352,156,196,38,23,15,308,130,178,175,96,79,300,125,175,298,124,174,133,34,99,103,17,86,67,9,58,23,2,21,1,1,0,102,101,25,24,25,14,8,4,1,74,62,12,9,39,9,7,7
533835842,0,,,137,60,77,24,11,13,104,44,60,88,39,49,103,44,59,102,43,59,16,5,11,11,4,7,3,1,2,0,0,0,3,1,2,71,71,35,16,13,4,3,0,0,36,34,2,11,11,6,3,3
533835843,0,,,79,43,36,6,3,3,72,39,33,40,24,16,72,39,33,69,36,33,32,15,17,17,8,9,6,1,5,3,1,2,0,0,0,27,27,6,7,6,4,1,2,1,21,13,8,0,18,0,2,3
533835844,0,,,88,43,45,13,7,6,75,36,39,43,22,21,73,35,38,72,35,37,32,14,18,14,8,6,4,2,2,0,0,0,0,0,0,32,32,4,9,13,3,3,0,0,28,24,4,4,21,0,4,5
533835851,0,,,117,64,53,8,6,2,99,54,45,60,38,22,96,51,45,95,50,45,39,16,23,21,11,10,9,5,4,2,0,2,0,0,0,52,52,20,15,7,7,1,1,1,29,20,9,2,25,1,6,5
533835852,0,,,301,148,153,57,26,31,241,120,121,176,92,84,236,117,119,234,115,119,65,28,37,40,14,26,19,6,13,1,0,1,0,0,0,116,116,26,34,28,20,5,3,0,89,75,14,20,43,1,9,16
533835853,0,,,261,135,126,24,14,10,235,120,115,147,81,66,228,115,113,223,111,112,88,39,49,46,17,29,16,6,10,3,0,3,0,0,0,94,94,20,29,21,9,10,2,3,73,55,18,10,58,2,9,12
533835854,0,,,342,157,185,55,24,31,284,133,151,220,103,117,277,129,148,267,125,142,64,30,34,30,9,21,9,2,7,1,0,1,1,0,1,119,119,16,44,19,29,6,1,4,100,91,9,10,46,0,8,14
533835861,0,,,245,118,127,27,14,13,218,104,114,135,66,69,214,101,113,212,101,111,83,38,45,38,21,17,11,5,6,1,1,0,1,0,1,81,81,10,23,21,18,4,3,2,71,54,17,8,55,1,6,13
533835862,0,,,72,38,34,7,5,2,65,33,32,36,19,17,63,32,31,62,32,30,29,14,15,12,6,6,3,0,3,0,0,0,0,0,0,28,28,4,14,5,3,0,1,1,24,18,6,2,16,0,2,4
533835863,0,,,236,120,116,39,21,18,197,99,98,136,71,65,189,96,93,184,94,90,61,28,33,29,10,19,11,2,9,3,0,3,1,0,1,86,86,22,22,13,20,5,2,2,64,54,10,6,43,0,14,9
533835864,0,,,236,108,128,21,12,9,213,95,118,106,56,50,207,92,115,203,89,114,107,39,68,74,23,51,39,7,32,6,3,3,0,0,0,73,72,15,20,18,13,5,1,0,55,44,11,7,43,0,11,12
533835871,0,,,106,54,52,14,7,7,92,47,45,59,31,28,90,46,44,90,46,44,33,16,17,11,2,9,7,1,6,1,0,1,0,0,0,40,40,11,9,9,6,4,1,0,29,21,8,7,23,0,6,4
533835872,1,,533835783,132,52,80,9,6,3,127,48,79,29,15,14,126,48,78,124,46,78,98,33,65,83,23,60,57,15,42,15,4,11,0,0,0,23,22,5,9,6,1,3,0,1,19,13,6,1,20,0,5,5
533835873,0,,,331,157,174,88,45,43,243,112,131,176,82,94,228,107,121,220,103,117,67,30,37,35,17,18,12,6,6,1,0,1,2,0,2,109,109,12,22,38,26,9,2,0,97,89,8,17,41,0,8,11
533835874,0,,,240,131,109,24,13,11,216,118,98,137,76,61,210,115,95,202,111,91,79,42,37,51,28,23,16,5,11,1,0,1,3,1,2,95,95,26,28,18,15,4,4,0,69,62,7,5,56,0,20,15
533835881,0,,,208,100,108,19,10,9,189,90,99,107,51,56,183,87,96,181,85,96,82,39,43,47,17,30,16,8,8,2,0,2,0,0,0,81,81,21,27,13,9,8,3,0,60,48,12,5,54,1,13,17
533835882,0,,,44,21,23,2,0,2,42,21,21,28,15,13,41,20,21,37,18,19,14,6,8,10,4,6,1,0,1,0,0,0,0,0,0,14,14,0,4,6,2,2,0,0,14,11,3,1,8,0,0,2
533835883,0,,,269,121,148,17,7,10,252,114,138,138,58,80,243,109,134,237,108,129,114,56,58,66,32,34,26,11,15,3,2,1,2,1,1,96,96,10,36,24,16,9,1,0,86,67,19,1,73,0,9,20
533835884,0,,,143,74,69,9,5,4,134,69,65,79,43,36,126,65,61,120,62,58,55,26,29,30,14,16,7,3,4,3,1,2,0,0,0,52,52,8,18,12,9,4,0,1,44,37,7,2,33,0,4,13
533835893,0,,,61,26,35,5,2,3,56,24,32,25,10,15,56,24,32,55,23,32,31,14,17,15,4,11,9,1,8,1,0,1,0,0,0,23,23,7,6,6,0,2,1,1,16,10,6,2,21,0,6,3
533835894,0,,,14,7,7,1,0,1,13,7,6,4,2,2,13,7,6,12,6,6,9,5,4,2,2,0,0,0,0,0,0,0,0,0,0,5,5,0,4,0,0,0,1,0,5,4,1,0,5,0,0,3
533835901,0,,,175,93,82,10,6,4,152,80,72,87,51,36,151,80,71,150,79,71,65,29,36,33,16,17,6,2,4,0,0,0,3,1,2,99,99,56,21,12,9,1,0,0,37,32,5,4,44,7,17,12
533835902,1,,533835904,229,119,110,27,19,8,200,97,103,117,63,54,199,96,103,197,94,103,83,34,49,38,14,24,13,4,9,2,1,1,2,1,1,96,96,29,32,19,12,3,2,1,66,52,14,7,56,3,12,16
533835904,2,533835902,,3,1,2,*,*,*,*,*,*,*,*,*,*,*,*,*,*,*,*,*,*,*,*,*,*,*,*,*,*,*,*,*,*,2,2,*,*,*,*,*,*,*,*,*,*,*,*,*,*,*
533835911,0,,,885,432,453,113,60,53,757,363,394,543,267,276,729,352,377,709,345,364,214,96,118,97,39,58,22,8,14,0,0,0,17,8,9,375,374,127,104,68,50,19,6,0,238,214,24,31,152,9,56,42
533835912,0,,,681,309,372,65,36,29,582,255,327,338,155,183,573,249,324,563,243,320,244,100,144,125,50,75,34,13,21,5,1,4,15,3,12,403,403,240,88,44,25,5,0,1,157,142,15,23,191,16,113,39
533835913,0,,,533,270,263,38,23,15,470,231,239,294,151,143,458,226,232,447,221,226,176,80,96,87,34,53,25,7,18,2,0,2,8,2,6,269,269,126,71,35,27,8,2,0,138,116,22,6,129,16,52,34
533835914,0,,,560,256,304,63,29,34,488,221,267,316,148,168,473,215,258,458,208,250,172,73,99,102,40,62,31,9,22,4,2,2,9,3,6,231,229,77,68,40,25,11,6,2,151,127,24,17,108,13,32,26
533835921,0,,,681,327,354,42,18,24,483,211,272,259,132,127,472,207,265,461,202,259,224,79,145,136,35,101,65,8,57,12,1,11,13,5,8,247,245,109,65,37,23,6,5,0,127,106,21,16,130,3,59,22
533835922,0,,,557,241,316,54,30,24,474,198,276,271,125,146,463,193,270,450,188,262,203,73,130,151,49,102,76,19,57,19,0,19,9,1,8,210,206,88,64,30,15,8,1,0,112,106,6,21,53,11,24,12
533835923,0,,,438,213,225,47,22,25,380,186,194,260,135,125,368,176,192,357,169,188,120,51,69,63,25,38,18,5,13,1,0,1,3,0,3,187,187,63,58,25,24,14,3,0,120,102,18,18,89,3,31,15
533835924,0,,,494,239,255,63,37,26,429,200,229,297,143,154,416,193,223,403,186,217,132,57,75,76,33,43,27,10,17,3,2,1,8,2,6,204,204,69,58,32,22,13,10,0,129,111,18,20,93,13,24,23
533835931,0,,,163,80,83,17,12,5,144,67,77,96,44,52,140,64,76,137,64,73,48,23,25,21,10,11,6,4,2,0,0,0,5,1,4,71,71,21,23,16,8,2,1,0,48,40,8,3,34,0,10,3
533835932,0,,,316,154,162,31,8,23,282,144,138,177,94,83,275,139,136,270,137,133,105,50,55,54,24,30,12,4,8,2,0,2,2,0,2,123,123,26,39,32,16,8,2,0,95,80,15,7,72,0,14,19
533835933,0,,,76,34,42,18,11,7,58,23,35,47,19,28,55,22,33,53,22,31,11,4,7,5,2,3,2,1,1,1,0,1,2,0,2,30,30,11,4,7,5,2,1,0,18,15,3,1,10,0,7,0
533835934,0,,,369,162,207,45,19,26,324,143,181,209,100,109,310,135,175,299,129,170,115,43,72,66,18,48,37,5,32,10,0,10,5,1,4,140,138,45,39,27,18,5,3,1,92,82,10,13,64,0,28,13
533835941,0,,,219,103,116,11,3,8,207,100,107,114,57,57,199,95,104,195,92,103,93,43,50,46,22,24,11,4,7,1,1,0,1,0,1,87,87,20,34,13,11,6,3,0,66,56,10,3,57,0,12,24
533835942,0,,,259,115,144,25,11,14,234,104,130,130,64,66,228,101,127,219,97,122,104,40,64,65,23,42,32,6,26,10,1,9,0,0,0,88,87,20,28,19,11,4,3,2,67,52,15,8,45,5,6,11
533835943,0,,,485,208,277,37,18,19,447,189,258,231,118,113,433,180,253,426,178,248,216,71,145,167,46,121,99,17,82,27,1,26,8,4,4,142,141,35,39,35,13,14,2,3,104,80,24,11,72,1,19,15
533835944,0,,,474,239,235,66,31,35,399,203,196,263,142,121,378,187,191,372,183,189,136,61,75,67,33,34,20,8,12,0,0,0,5,2,3,173,172,31,61,35,23,17,3,2,138,117,21,16,85,3,13,24
533835951,0,,,20,12,8,0,0,0,18,11,7,13,8,5,18,11,7,18,11,7,5,3,2,2,2,0,0,0,0,0,0,0,1,0,1,18,18,16,2,0,0,0,0,0,2,1,1,0,5,0,4,0
533835953,0,,,434,208,226,38,24,14,395,183,212,264,126,138,384,179,205,380,178,202,131,57,74,55,21,34,23,7,16,0,0,0,2,0,2,175,175,35,70,32,30,6,1,1,137,117,20,16,92,0,15,29
533835954,0,,,196,104,92,41,26,15,151,75,76,128,64,64,146,71,75,143,69,74,23,11,12,7,3,4,1,0,1,0,0,0,10,0,10,83,83,28,25,10,13,6,1,0,54,52,2,12,14,11,3,6
533835961,0,,,256,123,133,32,14,18,223,108,115,130,64,66,216,104,112,214,103,111,93,44,49,40,18,22,16,6,10,3,1,2,0,0,0,93,93,17,27,25,14,6,4,0,76,63,13,6,60,3,10,13
533835962,0,,,81,33,48,3,0,3,78,33,45,37,17,20,77,33,44,77,33,44,41,16,25,23,8,15,11,6,5,0,0,0,1,0,1,36,36,8,16,10,0,1,1,0,28,25,3,1,27,0,8,10
533835963,0,,,289,143,146,25,15,10,263,127,136,159,78,81,256,124,132,253,123,130,104,49,55,60,25,35,19,5,14,2,0,2,1,0,1,107,107,19,36,21,23,6,1,1,88,69,19,8,69,0,11,18
533835964,0,,,128,62,66,21,7,14,107,55,52,70,38,32,106,55,51,102,51,51,37,17,20,20,9,11,11,4,7,2,1,1,1,1,0,43,43,11,8,9,6,5,3,1,31,22,9,5,25,1,7,4
533835971,0,,,102,54,48,11,9,2,91,45,46,56,32,24,86,42,44,83,42,41,35,13,22,24,9,15,9,4,5,1,1,0,0,0,0,37,37,9,11,5,6,4,2,0,28,22,6,2,23,0,8,4
533835972,0,,,133,70,63,16,9,7,117,61,56,62,34,28,117,61,56,117,61,56,55,27,28,32,15,17,9,4,5,0,0,0,0,0,0,54,54,15,18,9,7,3,2,0,38,27,11,1,37,0,8,12
533835973,0,,,255,120,135,35,18,17,220,102,118,130,59,71,213,100,113,208,98,110,90,43,47,42,19,23,22,10,12,3,2,1,1,0,1,90,90,12,30,21,18,6,3,0,78,63,15,9,56,0,6,17
533835974,0,,,325,155,170,38,22,16,286,132,154,174,85,89,274,127,147,269,124,145,112,47,65,62,19,43,22,4,18,3,0,3,2,2,0,125,125,30,40,23,19,8,5,0,94,75,19,6,76,0,21,18
533835981,0,,,106,49,57,4,1,3,102,48,54,48,25,23,98,47,51,98,47,51,54,23,31,27,8,19,11,1,10,2,1,1,0,0,0,47,47,18,12,9,5,2,0,1,29,19,10,1,37,1,13,8
533835982,0,,,139,65,74,12,4,8,127,61,66,59,28,31,124,59,65,121,57,64,68,33,35,33,13,20,14,6,8,3,0,3,0,0,0,47,47,9,11,14,3,6,4,0,38,22,16,5,41,0,8,9
533835983,0,,,369,172,197,41,19,22,328,153,175,204,100,104,317,148,169,307,145,162,124,53,71,75,32,43,28,8,20,3,0,3,0,0,0,133,133,27,36,34,19,12,3,2,106,82,24,5,79,1,16,16
533835984,1,,533835993,130,64,66,17,9,8,120,57,63,71,34,37,119,57,62,118,56,62,49,23,26,26,11,15,11,4,7,0,0,0,0,0,0,49,49,12,16,11,5,3,3,1,39,30,9,6,36,0,8,5
533835993,2,533835984,,7,2,5,*,*,*,*,*,*,*,*,*,*,*,*,*,*,*,*,*,*,*,*,*,*,*,*,*,*,*,*,*,*,2,2,*,*,*,*,*,*,*,*,*,*,*,*,*,*,*
533836001,1,,533836002,11,5,6,1,1,0,14,6,8,10,3,7,14,6,8,14,6,8,4,3,1,1,1,0,0,0,0,0,0,0,1,0,1,5,5,3,2,3,0,0,0,0,5,5,0,0,4,0,1,0
533836002,2,533836001,,5,2,3,*,*,*,*,*,*,*,*,*,*,*,*,*,*,*,*,*,*,*,*,*,*,*,*,*,*,*,*,*,*,3,3,*,*,*,*,*,*,*,*,*,*,*,*,*,*,*
533836092,0,,,20,10,10,2,2,0,18,8,10,13,6,7,17,8,9,15,7,8,5,2,3,2,0,2,0,0,0,0,0,0,0,0,0,8,8,2,2,2,2,0,0,0,6,6,0,0,4,0,2,0
533836094,0,,,19,10,9,0,0,0,19,10,9,15,8,7,18,10,8,18,10,8,4,2,2,1,1,0,0,0,0,0,0,0,0,0,0,8,8,1,4,2,1,0,0,0,7,6,1,0,2,0,0,1
533836192,0,,,14,6,8,0,0,0,14,6,8,9,4,5,13,6,7,12,6,6,5,2,3,3,1,2,1,0,1,0,0,0,0,0,0,5,5,1,2,0,1,1,0,0,4,4,0,0,3,0,1,2
533836194,0,,,144,68,76,4,3,1,140,65,75,84,43,41,138,65,73,132,62,70,56,22,34,32,11,21,10,3,7,0,0,0,2,0,2,55,55,15,14,12,8,4,1,1,40,29,11,1,41,0,11,6
533836241,0,,,36,19,17,0,0,0,36,19,17,17,10,7,35,19,16,35,19,16,19,9,10,10,4,6,6,3,3,0,0,0,0,0,0,15,15,2,7,5,0,1,0,0,13,12,1,0,11,0,2,5
533836242,2,533836244,,5,2,3,*,*,*,*,*,*,*,*,*,*,*,*,*,*,*,*,*,*,*,*,*,*,*,*,*,*,*,*,*,*,2,2,*,*,*,*,*,*,*,*,*,*,*,*,*,*,*
533836243,2,533836244,,3,1,2,*,*,*,*,*,*,*,*,*,*,*,*,*,*,*,*,*,*,*,*,*,*,*,*,*,*,*,*,*,*,2,2,*,*,*,*,*,*,*,*,*,*,*,*,*,*,*
533836244,1,,533836242;533836243,86,37,49,6,2,4,88,38,50,44,23,21,87,37,50,84,36,48,44,15,29,21,6,15,8,0,8,0,0,0,0,0,0,34,34,10,15,4,5,3,0,1,28,17,11,1,32,0,8,9
533836252,2,533836254,,9,4,5,*,*,*,*,*,*,*,*,*,*,*,*,*,*,*,*,*,*,*,*,*,*,*,*,*,*,*,*,*,*,4,4,*,*,*,*,*,*,*,*,*,*,*,*,*,*,*
533836253,0,,,10,6,4,0,0,0,10,6,4,4,3,1,9,5,4,9,5,4,6,3,3,4,2,2,3,2,1,0,0,0,0,0,0,4,4,1,1,1,1,0,0,0,3,2,1,0,3,0,1,1
533836254,1,,533836252,75,39,36,2,1,1,82,42,40,44,24,20,81,41,40,80,40,40,38,18,20,18,8,10,11,4,7,3,1,2,5,4,1,36,28,6,15,7,2,1,1,0,26,23,3,1,25,0,4,7
533836261,1,,533836262,60,32,28,1,0,1,61,33,28,29,18,11,60,32,28,59,32,27,32,15,17,22,12,10,1,0,1,0,0,0,0,0,0,24,24,5,10,5,3,2,0,0,20,17,3,1,21,0,5,7
533836262,2,533836261,,2,1,1,*,*,*,*,*,*,*,*,*,*,*,*,*,*,*,*,*,*,*,*,*,*,*,*,*,*,*,*,*,*,1,1,*,*,*,*,*,*,*,*,*,*,*,*,*,*,*
533836263,0,,,58,32,26,3,2,1,55,30,25,31,14,17,55,30,25,51,29,22,24,16,8,10,7,3,2,1,1,0,0,0,0,0,0,22,22,7,5,2,5,3,0,0,15,9,6,1,17,0,4,5
533836264,0,,,41,17,24,1,1,0,40,16,24,21,7,14,40,16,24,39,16,23,19,9,10,13,6,7,4,3,1,0,0,0,0,0,0,18,18,6,6,3,2,0,1,0,12,9,3,0,13,0,4,3
533836271,0,,,80,37,43,12,4,8,68,33,35,36,18,18,68,33,35,68,33,35,32,15,17,17,7,10,8,2,6,1,0,1,0,0,0,23,23,3,5,5,4,2,2,2,20,7,13,2,20,0,2,2
533836272,1,,533836274,209,106,103,18,9,9,198,100,98,100,57,43,194,97,97,190,94,96,98,43,55,44,19,25,17,9,8,1,0,1,8,2,6,79,79,24,19,21,8,5,3,2,58,40,18,6,64,4,15,13
533836273,0,,,37,16,21,3,1,2,34,15,19,14,6,8,34,15,19,34,15,19,20,9,11,11,4,7,7,3,4,1,0,1,0,0,0,18,18,6,9,0,2,1,0,0,12,9,3,1,15,0,4,6
533836274,2,533836272,,7,3,4,*,*,*,*,*,*,*,*,*,*,*,*,*,*,*,*,*,*,*,*,*,*,*,*,*,*,*,*,*,*,3,3,*,*,*,*,*,*,*,*,*,*,*,*,*,*,*
533836281,0,,,135,59,76,9,2,7,126,57,69,60,28,32,123,56,67,122,55,67,66,29,37,38,14,24,21,7,14,2,0,2,0,0,0,52,52,14,16,10,6,2,3,1,38,25,13,3,41,1,11,9
533836282,0,,,27,15,12,0,0,0,27,15,12,12,6,6,27,15,12,26,15,11,15,9,6,7,3,4,2,1,1,0,0,0,0,0,0,11,11,1,7,2,0,0,1,0,10,9,1,0,10,0,1,5
533836291,0,,,55,25,30,0,0,0,55,25,30,27,12,15,53,23,30,52,22,30,28,13,15,20,11,9,6,3,3,0,0,0,0,0,0,23,23,4,10,5,4,0,0,0,19,15,4,0,19,0,4,6
533836611,2,533836612,,9,6,3,*,*,*,*,*,*,*,*,*,*,*,*,*,*,*,*,*,*,*,*,*,*,*,*,*,*,*,*,*,*,4,4,*,*,*,*,*,*,*,*,*,*,*,*,*,*,*
533836612,1,,533836611,84,42,42,12,8,4,81,40,41,38,18,20,80,39,41,80,39,41,43,22,21,20,11,9,5,2,3,1,0,1,0,0,0,32,32,5,20,3,3,3,2,0,31,22,9,2,28,0,4,14
533836614,0,,,52,25,27,4,3,1,48,22,26,27,13,14,45,21,24,45,21,24,21,9,12,16,7,9,3,2,1,0,0,0,0,0,0,21,21,4,7,8,1,0,1,0,17,14,3,0,13,0,1,5
533836623,0,,,208,93,115,29,8,21,179,85,94,105,53,52,172,82,90,164,75,89,74,32,42,38,16,22,10,4,6,0,0,0,3,1,2,76,76,15,21,22,10,4,3,1,61,50,11,8,49,0,12,10
533836624,0,,,143,62,81,17,7,10,126,55,71,81,38,43,121,52,69,121,52,69,45,17,28,23,8,15,6,2,4,0,0,0,0,0,0,52,52,12,15,12,5,4,3,1,40,29,11,4,33,0,9,4
533836633,0,,,123,57,66,1,0,1,122,57,65,53,27,26,122,57,65,122,57,65,69,30,39,38,15,23,10,1,9,1,0,1,0,0,0,57,57,17,22,11,6,1,0,0,40,34,6,1,48,0,14,15
533836634,0,,,37,19,18,0,0,0,37,19,18,13,8,5,36,18,18,36,18,18,24,11,13,18,8,10,7,3,4,0,0,0,0,0,0,22,22,9,11,2,0,0,0,0,13,13,0,0,17,0,5,6
533836643,0,,,58,33,25,0,0,0,58,33,25,29,17,12,57,32,25,56,31,25,29,16,13,18,8,10,6,2,4,1,0,1,0,0,0,31,31,14,11,3,2,1,0,0,16,13,3,0,23,1,9,6
533836703,0,,,11,7,4,0,0,0,11,7,4,6,3,3,10,6,4,10,6,4,5,4,1,2,2,0,2,2,0,1,1,0,0,0,0,5,5,2,1,1,1,0,0,0,3,2,1,0,4,0,2,0
533836704,0,,,18,11,7,0,0,0,18,11,7,14,8,6,17,11,6,17,11,6,4,3,1,3,2,1,0,0,0,0,0,0,0,0,0,7,7,2,2,1,1,1,0,0,5,4,1,0,4,0,2,0
533836711,0,,,21,10,11,0,0,0,21,10,11,7,3,4,20,10,10,20,10,10,14,7,7,6,3,3,3,2,1,0,0,0,0,0,0,12,12,4,7,1,0,0,0,0,8,7,1,0,9,0,3,5
533836712,1,,533836713,111,51,60,26,14,12,98,44,54,66,27,39,91,39,52,88,39,49,32,17,15,22,10,12,4,2,2,0,0,0,1,1,0,42,42,5,21,8,5,4,1,1,40,36,4,7,20,0,2,10
533836713,2,533836712,,13,7,6,*,*,*,*,*,*,*,*,*,*,*,*,*,*,*,*,*,*,*,*,*,*,*,*,*,*,*,*,*,*,3,3,*,*,*,*,*,*,*,*,*,*,*,*,*,*,*
533836722,0,,,34,17,17,2,1,1,32,16,16,13,8,5,30,14,16,30,14,16,19,8,11,9,3,6,2,1,1,0,0,0,0,0,0,14,14,3,5,4,1,1,0,0,11,7,4,0,13,0,3,4
533836741,0,,,18,8,10,0,0,0,18,8,10,10,4,6,17,8,9,17,8,9,8,4,4,6,2,4,1,0,1,0,0,0,0,0,0,9,9,2,6,0,1,0,0,0,7,7,0,0,6,1,0,4
533836801,0,,,32,14,18,0,0,0,32,14,18,14,6,8,32,14,18,32,14,18,18,8,10,12,5,7,3,1,2,0,0,0,0,0,0,13,13,3,5,2,2,1,0,0,9,6,3,0,10,0,1,4
533836853,2,533836942,,8,4,4,*,*,*,*,*,*,*,*,*,*,*,*,*,*,*,*,*,*,*,*,*,*,*,*,*,*,*,*,*,*,3,3,*,*,*,*,*,*,*,*,*,*,*,*,*,*,*
533836901,0,,,18,7,11,2,0,2,16,7,9,8,4,4,15,7,8,15,7,8,8,3,5,6,2,4,5,2,3,1,0,1,0,0,0,6,6,1,2,1,1,0,1,0,5,2,3,0,5,0,1,0
533836902,1,,533836912,10,5,5,0,0,0,14,7,7,6,4,2,14,7,7,14,7,7,8,3,5,7,3,4,4,2,2,0,0,0,0,0,0,5,5,2,3,2,0,0,0,0,5,4,1,0,6,0,2,2
533836912,2,533836902,,4,2,2,*,*,*,*,*,*,*,*,*,*,*,*,*,*,*,*,*,*,*,*,*,*,*,*,*,*,*,*,*,*,2,2,*,*,*,*,*,*,*,*,*,*,*,*,*,*,*
533836942,1,,533836853,13,5,8,0,0,0,21,9,12,12,6,6,21,9,12,21,9,12,9,3,6,5,2,3,2,0,2,0,0,0,0,0,0,5,5,2,4,0,0,1,1,0,6,4,2,0,6,0,1,2
533837003,0,,,18,9,9,3,1,2,15,8,7,10,5,5,15,8,7,15,8,7,5,3,2,1,0,1,0,0,0,0,0,0,0,0,0,8,8,2,4,1,0,1,0,0,6,6,0,1,4,0,1,2
533837032,0,,,30,16,14,3,3,0,27,13,14,14,6,8,27,13,14,26,13,13,13,7,6,10,6,4,3,2,1,0,0,0,0,0,0,12,12,2,4,4,2,0,0,0,10,9,1,1,8,0,1,3
533837034,0,,,13,8,5,1,1,0,12,7,5,6,3,3,12,7,5,12,7,5,6,4,2,3,2,1,1,1,0,0,0,0,0,0,0,5,5,0,2,3,0,0,0,0,5,4,1,1,4,0,0,2
533837041,0,,,160,86,74,18,11,7,142,75,67,86,49,37,138,72,66,135,70,65,56,26,30,27,12,15,9,2,7,0,0,0,0,0,0,62,62,15,21,9,11,5,0,1,47,38,9,4,38,0,10,8
533837042,0,,,244,118,126,26,14,12,217,103,114,154,73,81,206,101,105,195,96,99,63,30,33,28,14,14,7,2,5,0,0,0,0,0,0,88,88,15,26,22,17,5,3,0,73,62,11,7,41,0,8,12
533837043,0,,,463,236,227,62,34,28,385,195,190,272,146,126,373,192,181,361,181,180,113,49,64,59,24,35,13,6,7,1,0,1,0,0,0,187,187,58,48,40,23,12,5,1,127,109,18,16,76,3,18,17
533837044,1,,533837053,346,175,171,48,26,22,290,145,145,205,108,97,280,141,139,269,136,133,85,37,48,40,16,24,13,7,6,0,0,0,11,6,5,155,155,57,47,25,18,5,3,1,96,83,13,15,59,8,16,18
533837053,2,533837044,,2,1,1,*,*,*,*,*,*,*,*,*,*,*,*,*,*,*,*,*,*,*,*,*,*,*,*,*,*,*,*,*,*,1,1,*,*,*,*,*,*,*,*,*,*,*,*,*,*,*
533837064,2,533837073,,2,0,2,*,*,*,*,*,*,*,*,*,*,*,*,*,*,*,*,*,*,*,*,*,*,*,*,*,*,*,*,*,*,1,1,*,*,*,*,*,*,*,*,*,*,*,*,*,*,*
533837071,0,,,62,32,30,4,1,3,58,31,27,22,12,10,56,30,26,55,29,26,36,19,17,20,10,10,4,3,1,0,0,0,0,0,0,24,24,7,6,8,0,0,2,1,17,12,5,0,23,0,7,4
533837072,0,,,13,5,8,1,0,1,12,5,7,7,3,4,12,5,7,12,5,7,5,2,3,5,2,3,1,0,1,0,0,0,0,0,0,4,4,0,2,1,0,0,1,0,4,3,1,1,3,0,0,0
533837073,1,,533837064,22,10,12,0,0,0,24,10,14,17,8,9,22,9,13,22,9,13,7,2,5,6,1,5,2,1,1,0,0,0,0,0,0,7,7,0,2,5,0,1,0,0,8,5,3,0,5,0,0,0
533837083,2,533837181,,3,2,1,*,*,*,*,*,*,*,*,*,*,*,*,*,*,*,*,*,*,*,*,*,*,*,*,*,*,*,*,*,*,1,1,*,*,*,*,*,*,*,*,*,*,*,*,*,*,*
533837101,0,,,128,59,69,8,2,6,120,57,63,60,30,30,115,54,61,115,54,61,60,27,33,33,13,20,14,4,10,1,0,1,0,0,0,56,56,19,18,10,3,5,1,0,37,29,8,0,41,0,11,11
533837102,0,,,379,195,184,16,11,5,359,182,177,193,101,92,348,177,171,340,169,171,166,81,85,95,44,51,32,13,19,0,0,0,3,0,3,150,150,28,65,30,12,9,4,2,121,94,27,5,109,1,22,37
533837103,0,,,115,59,56,7,2,5,108,57,51,60,32,28,107,56,51,106,55,51,48,25,23,25,12,13,11,6,5,1,1,0,5,0,5,54,54,16,25,4,8,1,0,0,37,31,6,1,30,5,6,11
533837104,0,,,221,112,109,14,5,9,207,107,100,102,59,43,203,104,99,201,102,99,105,48,57,55,23,32,13,3,10,1,0,1,0,0,0,84,84,15,30,19,11,9,0,0,69,52,17,4,69,0,12,20
533837111,0,,,11,5,6,0,0,0,11,5,6,7,3,4,11,5,6,10,5,5,4,2,2,1,0,1,0,0,0,0,0,0,0,0,0,5,5,2,1,1,1,0,0,0,3,3,0,0,3,0,2,0
533837113,0,,,121,64,57,5,2,3,116,62,54,56,34,22,114,60,54,111,59,52,60,28,32,30,13,17,9,1,8,0,0,0,0,0,0,48,48,13,15,9,7,2,1,1,34,28,6,1,42,0,12,11
533837132,2,533837133,,7,4,3,*,*,*,*,*,*,*,*,*,*,*,*,*,*,*,*,*,*,*,*,*,*,*,*,*,*,*,*,*,*,4,4,*,*,*,*,*,*,*,*,*,*,*,*,*,*,*
533837133,1,,533837132;533837134,79,38,41,12,4,8,76,39,37,51,27,24,70,36,34,67,35,32,25,12,13,14,8,6,5,3,2,0,0,0,0,0,0,26,26,5,11,4,7,3,1,0,25,22,3,2,16,0,1,8
533837134,2,533837133,,2,1,1,*,*,*,*,*,*,*,*,*,*,*,*,*,*,*,*,*,*,*,*,*,*,*,*,*,*,*,*,*,*,1,1,*,*,*,*,*,*,*,*,*,*,*,*,*,*,*
533837141,0,,,748,397,351,87,48,39,629,326,303,440,245,195,610,316,294,591,302,289,189,81,108,83,37,46,28,8,20,3,1,2,10,5,5,364,364,148,113,57,32,10,3,1,214,195,19,31,130,24,38,40
533837142,0,,,151,76,75,18,9,9,132,67,65,102,51,51,127,66,61,122,63,59,30,16,14,10,6,4,1,0,1,0,0,0,1,1,0,54,54,10,17,11,7,8,1,0,43,40,3,6,20,1,2,7
533837143,0,,,394,197,197,56,28,28,321,162,159,252,136,116,309,155,154,301,150,151,69,26,43,32,12,20,6,2,4,0,0,0,6,2,4,162,162,52,43,26,31,7,2,1,108,97,11,20,47,5,11,11
533837144,0,,,103,60,43,7,3,4,87,52,35,65,41,24,86,52,34,85,51,34,22,11,11,5,3,2,1,1,0,0,0,0,0,0,0,55,55,28,12,10,4,1,0,0,26,23,3,2,15,9,3,4
533837171,0,,,86,48,38,4,2,2,82,46,36,43,26,17,81,45,36,80,45,35,39,20,19,21,10,11,8,4,4,0,0,0,5,4,1,35,35,11,9,9,4,0,1,1,24,16,8,1,26,4,5,4
533837172,0,,,39,19,20,4,1,3,35,18,17,18,7,11,34,18,16,34,18,16,17,11,6,5,2,3,2,1,1,0,0,0,0,0,0,15,15,4,6,1,2,0,2,0,11,8,3,2,13,0,4,3
533837174,0,,,28,16,12,0,0,0,28,16,12,18,11,7,27,15,12,26,15,11,10,5,5,3,1,2,0,0,0,0,0,0,0,0,0,10,10,4,0,3,2,0,0,1,6,5,1,0,7,0,2,0
533837181,1,,533837083,63,31,32,5,3,2,61,30,31,37,17,20,61,30,31,58,28,30,24,13,11,14,9,5,2,1,1,2,1,1,0,0,0,22,22,4,7,4,6,0,2,0,19,14,5,1,15,0,3,4
533837183,0,,,17,7,10,0,0,0,17,7,10,7,3,4,17,7,10,17,7,10,10,4,6,8,3,5,1,0,1,0,0,0,0,0,0,8,8,1,5,2,0,0,0,0,7,6,1,0,7,0,1,2
533837194,2,533837292,,4,3,1,*,*,*,*,*,*,*,*,*,*,*,*,*,*,*,*,*,*,*,*,*,*,*,*,*,*,*,*,*,*,2,2,*,*,*,*,*,*,*,*,*,*,*,*,*,*,*
533837201,0,,,146,57,89,8,1,7,138,56,82,73,27,46,135,55,80,133,53,80,65,29,36,31,11,20,14,5,9,0,0,0,1,0,1,51,51,7,16,14,8,4,1,1,44,22,22,1,43,0,6,6
533837203,1,,533837301;533837302,43,20,23,4,3,1,41,18,23,25,13,12,40,17,23,39,17,22,16,5,11,9,3,6,3,0,3,0,0,0,0,0,0,16,16,5,8,3,1,0,1,1,13,9,4,1,12,0,2,3
533837211,0,,,49,24,25,5,3,2,44,21,23,29,12,17,44,21,23,44,21,23,15,9,6,6,3,3,0,0,0,0,0,0,0,0,0,17,17,2,6,4,3,1,1,0,15,13,2,2,9,0,1,5
533837214,0,,,23,10,13,2,1,1,20,8,12,8,4,4,20,8,12,20,8,12,12,4,8,7,3,4,2,1,1,0,0,0,0,0,0,10,10,4,2,3,0,0,1,0,6,3,3,1,8,0,2,2
533837221,0,,,241,113,128,18,8,10,222,105,117,102,53,49,218,102,116,216,100,116,120,52,68,67,30,37,26,10,16,1,1,0,0,0,0,88,88,10,41,15,13,2,7,0,78,54,24,4,75,0,9,30
533837222,0,,,104,47,57,12,6,6,92,41,51,58,26,32,86,40,46,83,39,44,34,15,19,10,3,7,3,1,2,0,0,0,1,0,1,36,36,8,9,6,6,6,1,0,28,19,9,3,25,0,6,7
533837223,1,,533837224,282,137,145,18,10,8,269,129,140,141,74,67,257,123,134,252,120,132,128,55,73,65,24,41,21,5,16,5,1,4,0,0,0,103,103,18,41,21,13,7,5,1,88,64,24,3,77,0,13,23
533837224,2,533837223,,5,2,3,*,*,*,*,*,*,*,*,*,*,*,*,*,*,*,*,*,*,*,*,*,*,*,*,*,*,*,*,*,*,3,3,*,*,*,*,*,*,*,*,*,*,*,*,*,*,*
533837231,0,,,67,42,25,7,7,0,58,33,25,31,21,10,56,33,23,55,32,23,27,12,15,11,4,7,4,2,2,0,0,0,0,0,0,29,29,8,12,4,3,1,1,0,21,19,2,1,18,0,2,8
533837232,0,,,147,74,73,13,5,8,133,68,65,75,41,34,132,67,65,128,65,63,58,27,31,23,7,16,14,3,11,2,0,2,1,0,1,68,68,28,18,11,8,1,1,1,40,31,9,6,38,8,10,12
533837234,0,,,75,43,32,11,8,3,64,35,29,41,23,18,62,34,28,60,32,28,23,12,11,12,5,7,2,0,2,1,0,1,0,0,0,25,25,5,5,6,5,2,2,0,20,14,6,2,15,4,0,1
533837241,0,,,94,49,45,13,8,5,70,37,33,64,35,29,67,37,30,66,37,29,6,2,4,3,0,3,1,0,1,0,0,0,1,0,1,48,48,22,14,6,5,0,1,0,24,24,0,8,5,4,0,1
533837242,0,,,53,27,26,4,3,1,48,24,24,34,20,14,48,24,24,47,24,23,14,4,10,8,1,7,2,0,2,0,0,0,1,0,1,29,29,15,7,4,3,0,0,0,12,10,2,1,11,4,5,1
533837243,0,,,95,40,55,6,2,4,85,36,49,42,19,23,84,35,49,83,35,48,43,17,26,26,10,16,5,1,4,0,0,0,2,0,2,50,50,22,18,5,3,2,0,0,27,24,3,1,32,3,15,8
533837244,0,,,207,96,111,10,5,5,193,89,104,99,53,46,189,87,102,188,87,101,94,36,58,63,24,39,21,10,11,3,1,2,0,0,0,88,87,28,28,19,7,4,0,1,58,44,14,2,61,1,17,14
533837251,0,,,80,43,37,5,4,1,75,39,36,47,26,21,71,37,34,68,34,34,28,13,15,16,7,9,3,2,1,0,0,0,0,0,0,28,28,8,6,6,3,1,3,1,20,11,9,3,19,0,4,4
533837252,0,,,21,13,8,0,0,0,21,13,8,11,7,4,21,13,8,20,12,8,10,6,4,7,4,3,2,1,1,0,0,0,0,0,0,10,10,3,4,2,1,0,0,0,7,6,1,0,7,0,2,4
533837253,0,,,266,138,128,9,7,2,257,131,126,152,89,63,254,131,123,235,118,117,105,42,63,73,28,45,22,8,14,1,0,1,1,1,0,150,150,80,42,17,6,3,2,0,68,58,10,2,77,16,33,17
533837272,2,533837274,,7,2,5,*,*,*,*,*,*,*,*,*,*,*,*,*,*,*,*,*,*,*,*,*,*,*,*,*,*,*,*,*,*,4,4,*,*,*,*,*,*,*,*,*,*,*,*,*,*,*
533837273,2,533837274,,16,3,13,*,*,*,*,*,*,*,*,*,*,*,*,*,*,*,*,*,*,*,*,*,*,*,*,*,*,*,*,*,*,1,0,*,*,*,*,*,*,*,*,*,*,*,*,*,*,*
533837274,1,,533837272;533837273,432,207,225,155,74,81,296,136,160,255,124,131,286,133,153,280,131,149,41,12,29,27,6,21,16,3,13,4,0,4,5,3,2,120,120,5,15,33,53,15,3,0,118,111,7,43,17,0,4,3
533837281,1,,533837283,44,22,22,4,2,2,43,22,21,18,11,7,42,22,20,41,22,19,25,11,14,18,9,9,3,2,1,0,0,0,0,0,0,16,16,3,5,5,2,1,1,0,13,10,3,1,15,0,3,4
533837283,2,533837281,,3,2,1,*,*,*,*,*,*,*,*,*,*,*,*,*,*,*,*,*,*,*,*,*,*,*,*,*,*,*,*,*,*,1,1,*,*,*,*,*,*,*,*,*,*,*,*,*,*,*
533837292,1,,533837194,89,39,50,5,1,4,88,41,47,48,22,26,87,41,46,87,41,46,40,19,21,21,8,13,6,3,3,0,0,0,0,0,0,33,33,7,13,6,4,4,1,0,28,21,7,0,27,0,6,6
533837293,0,,,79,44,35,1,1,0,78,43,35,43,27,16,76,41,35,73,39,34,35,16,19,21,8,13,10,4,6,1,1,0,0,0,0,30,30,6,11,6,4,1,2,0,23,17,6,1,22,0,4,6
533837294,0,,,124,66,58,15,10,5,109,56,53,59,29,30,105,55,50,105,55,50,50,27,23,20,9,11,6,2,4,2,0,2,0,0,0,45,45,10,12,9,10,2,1,1,35,28,7,3,31,0,6,11
533837301,2,533837203,,1,0,1,*,*,*,*,*,*,*,*,*,*,*,*,*,*,*,*,*,*,*,*,*,*,*,*,*,*,*,*,*,*,1,1,*,*,*,*,*,*,*,*,*,*,*,*,*,*,*
533837302,2,533837203,,3,2,1,*,*,*,*,*,*,*,*,*,*,*,*,*,*,*,*,*,*,*,*,*,*,*,*,*,*,*,*,*,*,2,2,*,*,*,*,*,*,*,*,*,*,*,*,*,*,*
533837321,0,,,266,128,138,18,6,12,248,122,126,131,68,63,242,120,122,234,115,119,117,54,63,73,31,42,19,8,11,1,0,1,2,1,1,94,94,17,32,16,16,7,4,2,77,51,26,0,75,0,11,19
533837322,0,,,45,22,23,1,1,0,44,21,23,27,13,14,43,21,22,42,21,21,17,8,9,11,5,6,5,3,2,0,0,0,2,1,1,17,17,3,6,4,2,2,0,0,14,10,4,0,12,0,2,4
533837323,1,,533837324,155,78,77,7,3,4,150,76,74,72,42,30,148,76,72,147,76,71,78,34,44,40,15,25,16,5,11,5,2,3,1,0,1,63,63,17,20,16,7,1,2,1,46,33,13,2,50,0,10,12
533837324,2,533837323,,2,1,1,*,*,*,*,*,*,*,*,*,*,*,*,*,*,*,*,*,*,*,*,*,*,*,*,*,*,*,*,*,*,1,1,*,*,*,*,*,*,*,*,*,*,*,*,*,*,*
533837342,0,,,167,70,97,29,13,16,138,57,81,95,39,56,136,57,79,133,57,76,43,18,25,23,10,13,7,2,5,1,0,1,2,1,1,77,77,26,22,20,8,1,0,0,51,44,7,12,34,1,19,3
533837344,0,,,124,59,65,4,1,3,115,54,61,56,31,25,109,50,59,107,49,58,59,23,36,31,12,19,15,5,10,3,1,2,0,0,0,64,64,29,20,7,6,2,0,0,32,27,5,0,42,0,20,9
533837351,0,,,813,405,408,47,24,23,751,370,381,439,227,212,736,361,375,696,340,356,312,143,169,164,64,100,64,21,43,5,2,3,4,3,1,393,393,168,109,67,30,9,9,1,221,177,44,11,205,33,47,62
533837352,0,,,273,129,144,21,12,9,236,105,131,170,82,88,227,98,129,194,87,107,66,23,43,39,15,24,17,6,11,3,0,3,4,1,3,148,148,85,30,13,13,5,2,0,61,51,10,4,46,15,12,9
533837353,0,,,386,201,185,39,17,22,337,176,161,213,122,91,330,173,157,320,166,154,124,54,70,59,24,35,19,7,12,2,1,1,1,0,1,186,186,82,46,31,18,7,2,0,104,86,18,11,89,10,37,17
533837354,0,,,765,320,445,46,22,24,672,282,390,389,166,223,657,275,382,580,257,323,283,116,167,167,61,106,63,22,41,4,1,3,2,1,1,429,429,235,118,30,32,10,3,1,190,156,34,14,194,35,61,64
533837361,2,533837363,,5,2,3,*,*,*,*,*,*,*,*,*,*,*,*,*,*,*,*,*,*,*,*,*,*,*,*,*,*,*,*,*,*,3,3,*,*,*,*,*,*,*,*,*,*,*,*,*,*,*
533837362,0,,,58,26,32,3,0,3,52,23,29,22,11,11,52,23,29,51,23,28,30,12,18,24,9,15,8,3,5,1,0,1,0,0,0,32,32,15,12,3,1,0,1,0,17,14,3,1,23,0,11,6
533837363,1,,533837361,390,182,208,26,15,11,363,166,197,191,95,96,352,159,193,342,157,185,172,71,101,97,39,58,28,11,17,3,1,2,0,0,0,166,166,46,64,30,20,5,2,2,123,101,22,8,111,5,20,36
533837364,0,,,146,81,65,10,5,5,127,68,59,78,46,32,126,68,58,124,67,57,49,22,27,29,14,15,14,6,8,2,1,1,0,0,0,74,74,39,14,10,7,3,1,0,35,27,8,1,31,12,6,9
533837371,0,,,158,70,88,5,0,5,150,69,81,70,33,37,147,69,78,145,69,76,80,36,44,44,17,27,14,4,10,0,0,0,0,0,0,77,77,25,34,13,2,2,0,1,51,45,6,1,54,0,17,20
533837372,0,,,1157,571,586,157,81,76,974,475,499,769,382,387,928,450,478,889,427,462,205,93,112,93,41,52,21,9,12,0,0,0,3,1,2,405,405,53,127,95,92,32,5,1,344,314,30,27,138,0,27,53
533837373,0,,,128,62,66,7,5,2,121,57,64,69,33,36,120,56,64,119,56,63,52,24,28,24,8,16,11,4,7,0,0,0,1,0,1,59,59,18,21,12,8,0,0,0,41,34,7,1,39,0,13,9
533837374,0,,,134,58,76,3,2,1,128,55,73,67,27,40,127,55,72,125,55,70,61,28,33,30,11,19,17,4,13,2,1,1,0,0,0,55,55,10,23,12,8,2,0,0,43,37,6,1,41,0,7,12
533837381,0,,,118,59,59,4,2,2,114,57,57,52,29,23,114,57,57,113,57,56,62,28,34,37,15,22,12,4,8,0,0,0,0,0,0,53,53,12,26,8,5,2,0,0,41,33,8,3,37,0,7,14
533837382,0,,,257,117,140,32,14,18,201,90,111,139,63,76,187,86,101,180,82,98,62,27,35,33,13,20,11,5,6,0,0,0,5,5,0,107,107,30,29,25,21,2,0,0,72,68,4,5,39,4,9,18
533837383,0,,,583,282,301,36,14,22,543,268,275,303,163,140,520,252,268,506,244,262,240,105,135,145,56,89,53,17,36,2,0,2,3,2,1,250,250,68,98,35,37,7,4,1,179,147,32,8,166,1,48,45
533837384,0,,,332,162,170,43,19,24,278,137,141,187,90,97,267,130,137,255,125,130,91,47,44,25,11,14,7,2,5,0,0,0,8,5,3,129,129,26,46,25,22,9,1,0,98,91,7,14,62,0,18,26
533837391,0,,,507,235,272,48,22,26,452,209,243,248,112,136,439,201,238,429,197,232,204,97,107,72,25,47,32,6,26,2,2,0,1,0,1,207,207,44,78,49,25,8,1,2,160,141,19,13,139,0,36,41
533837392,0,,,379,189,190,37,18,19,341,170,171,197,99,98,331,166,165,322,163,159,144,71,73,67,33,34,19,7,12,0,0,0,23,14,9,170,170,48,65,34,18,4,0,1,122,108,14,9,98,3,28,40
533837393,0,,,215,112,103,21,9,12,192,102,90,123,60,63,187,100,87,185,98,87,69,42,27,17,7,10,6,0,6,1,0,1,0,0,0,87,87,20,25,26,13,3,0,0,65,54,11,6,48,0,9,11
533837394,0,,,39,18,21,0,0,0,39,18,21,18,8,10,39,18,21,38,18,20,21,10,11,13,6,7,2,1,1,0,0,0,0,0,0,17,17,5,7,1,3,1,0,0,12,8,4,0,15,0,5,3
533837412,0,,,14,7,7,1,1,0,13,6,7,8,4,4,13,6,7,12,5,7,5,2,3,3,1,2,1,1,0,0,0,0,0,0,0,4,4,0,2,0,0,2,0,0,4,2,2,0,4,0,0,1
533837413,0,,,23,8,15,4,0,4,19,8,11,10,5,5,19,8,11,19,8,11,9,3,6,5,1,4,0,0,0,0,0,0,1,0,1,8,8,1,2,3,1,1,0,0,7,6,1,3,5,0,1,1
533837421,1,,533837424,88,44,44,3,1,2,88,45,43,52,28,24,87,44,43,84,44,40,36,17,19,17,6,11,5,1,4,1,0,1,0,0,0,32,30,9,10,6,5,0,1,1,22,18,4,1,23,0,6,4
533837422,0,,,49,8,41,0,0,0,49,8,41,1,0,1,49,8,41,49,8,41,48,8,40,46,8,38,37,4,33,11,0,11,0,0,0,1,0,0,0,0,0,0,0,0,0,0,0,0,0,0,0,0
533837424,2,533837421,,3,2,1,*,*,*,*,*,*,*,*,*,*,*,*,*,*,*,*,*,*,*,*,*,*,*,*,*,*,*,*,*,*,2,2,*,*,*,*,*,*,*,*,*,*,*,*,*,*,*
533837433,2,533837434,,7,4,3,*,*,*,*,*,*,*,*,*,*,*,*,*,*,*,*,*,*,*,*,*,*,*,*,*,*,*,*,*,*,2,2,*,*,*,*,*,*,*,*,*,*,*,*,*,*,*
533837434,1,,533837433,24,9,15,2,1,1,29,12,17,15,7,8,28,11,17,27,11,16,14,5,9,7,2,5,2,1,1,1,0,1,0,0,0,9,9,1,6,1,0,3,0,0,10,6,4,1,9,0,1,2
533837441,0,,,10,5,5,0,0,0,10,5,5,4,2,2,10,5,5,10,5,5,6,3,3,3,2,1,0,0,0,0,0,0,0,0,0,4,4,1,0,3,0,0,0,0,3,3,0,0,4,0,1,0
533837442,0,,,87,44,43,7,4,3,77,38,39,40,19,21,75,36,39,71,34,37,37,19,18,11,4,7,6,1,5,1,0,1,0,0,0,44,44,21,13,5,2,2,0,1,23,15,8,2,28,0,13,6
533837443,0,,,81,27,54,0,0,0,81,27,54,18,7,11,80,27,53,80,27,53,63,20,43,58,16,42,38,6,32,7,1,6,0,0,0,16,15,3,9,3,0,0,0,0,12,12,0,0,10,0,2,6
533837452,0,,,93,41,52,5,3,2,84,37,47,49,21,28,81,36,45,72,34,38,35,16,19,11,3,8,5,0,5,1,0,1,1,0,1,45,45,19,13,8,3,1,0,1,26,20,6,2,22,1,5,5
533837461,0,,,176,89,87,13,7,6,163,82,81,102,50,52,158,80,78,153,78,75,61,32,29,25,13,12,5,2,3,0,0,0,0,0,0,78,78,17,37,13,9,2,0,0,61,58,3,3,42,0,11,18
533837462,0,,,253,125,128,34,16,18,219,109,110,151,75,76,212,105,107,210,105,105,68,34,34,29,15,14,10,5,5,2,1,1,0,0,0,96,96,13,44,17,15,4,0,3,82,75,7,7,41,0,5,21
533837463,0,,,82,44,38,9,6,3,73,38,35,41,20,21,72,37,35,70,37,33,32,18,14,17,10,7,3,2,1,0,0,0,0,0,0,32,32,4,16,6,3,2,1,0,27,25,2,2,19,0,1,12
533837464,0,,,128,67,61,8,7,1,120,60,60,59,31,28,118,58,60,118,58,60,61,29,32,25,13,12,8,4,4,0,0,0,0,0,0,50,50,9,21,8,9,1,2,0,40,35,5,4,36,0,9,15
533837471,0,,,285,147,138,36,18,18,249,129,120,177,95,82,241,125,116,232,120,112,72,34,38,30,12,18,12,6,6,1,1,0,7,3,4,120,120,34,40,21,18,6,1,0,85,78,7,11,52,0,20,11
533837472,0,,,411,202,209,20,11,9,370,180,190,194,94,100,368,179,189,366,177,189,176,86,90,89,43,46,26,15,11,1,0,1,6,1,5,176,176,52,61,36,14,8,3,2,119,85,34,5,118,7,25,35
533837473,0,,,205,98,107,11,7,4,194,91,103,97,50,47,192,91,101,189,89,100,97,41,56,44,16,28,21,5,16,1,0,1,0,0,0,77,77,16,24,19,10,5,2,1,59,45,14,6,61,0,13,13
533837474,0,,,174,86,88,5,2,3,164,82,82,80,41,39,162,80,82,157,78,79,84,41,43,40,18,22,11,4,7,1,1,0,0,0,0,72,72,13,32,19,4,1,2,1,56,47,9,1,53,0,9,19
533837481,0,,,107,47,60,3,1,2,101,45,56,40,22,18,101,45,56,99,44,55,61,23,38,26,9,17,13,2,11,4,0,4,1,0,1,46,46,9,23,8,5,0,0,1,35,29,6,0,40,0,8,12
533837482,0,,,130,71,59,10,8,2,120,63,57,76,40,36,119,62,57,118,62,56,44,23,21,19,10,9,7,3,4,0,0,0,3,3,0,60,60,21,20,11,5,2,1,0,38,33,5,2,30,3,12,10
533837483,0,,,65,36,29,2,2,0,54,31,23,33,19,14,53,30,23,50,29,21,21,12,9,9,5,4,2,2,0,0,0,0,0,0,0,36,36,19,12,1,2,1,1,0,15,13,2,0,16,2,6,5
533837484,0,,,152,80,72,15,8,7,137,72,65,86,51,35,137,72,65,137,72,65,51,21,30,22,10,12,6,2,4,0,0,0,0,0,0,45,44,10,13,10,8,1,2,0,34,27,7,5,28,0,7,6
533837491,0,,,130,60,70,4,2,2,126,58,68,68,32,36,120,55,65,117,54,63,58,26,32,33,13,20,14,4,10,0,0,0,3,0,3,47,47,8,16,13,3,4,2,1,39,31,8,1,35,0,7,10
533837492,0,,,33,17,16,2,0,2,31,17,14,15,10,5,31,17,14,31,17,14,16,7,9,10,4,6,4,1,3,0,0,0,0,0,0,13,13,2,4,5,2,0,0,0,11,10,1,0,11,0,2,1
533837493,0,,,201,98,103,14,5,9,187,93,94,99,53,46,180,89,91,177,86,91,88,40,48,46,17,29,17,7,10,1,1,0,0,0,0,84,84,22,33,13,7,8,1,0,62,50,12,3,60,0,16,22
533837494,0,,,14,7,7,0,0,0,14,7,7,8,4,4,14,7,7,14,7,7,6,3,3,3,1,2,0,0,0,0,0,0,0,0,0,6,6,2,2,1,0,1,0,0,4,3,1,0,4,0,1,2
533837512,1,,533837514,37,17,20,7,2,5,35,17,18,21,10,11,35,17,18,35,17,18,14,7,7,9,5,4,5,2,3,0,0,0,0,0,0,16,16,2,10,1,4,0,0,0,15,14,1,2,8,0,2,4
533837513,0,,,74,36,38,5,1,4,68,34,34,41,20,21,66,33,33,66,33,33,27,14,13,16,6,10,5,2,3,0,0,0,1,1,0,33,33,12,11,2,6,2,0,0,21,17,4,2,21,0,8,4
533837514,2,533837512,,5,2,3,*,*,*,*,*,*,*,*,*,*,*,*,*,*,*,*,*,*,*,*,*,*,*,*,*,*,*,*,*,*,2,1,*,*,*,*,*,*,*,*,*,*,*,*,*,*,*
533837522,2,533837533,,5,4,1,*,*,*,*,*,*,*,*,*,*,*,*,*,*,*,*,*,*,*,*,*,*,*,*,*,*,*,*,*,*,1,1,*,*,*,*,*,*,*,*,*,*,*,*,*,*,*
533837524,2,533837533,,4,2,2,*,*,*,*,*,*,*,*,*,*,*,*,*,*,*,*,*,*,*,*,*,*,*,*,*,*,*,*,*,*,1,1,*,*,*,*,*,*,*,*,*,*,*,*,*,*,*
533837531,2,533837534,,1,1,0,*,*,*,*,*,*,*,*,*,*,*,*,*,*,*,*,*,*,*,*,*,*,*,*,*,*,*,*,*,*,1,1,*,*,*,*,*,*,*,*,*,*,*,*,*,*,*
533837532,2,533837534,,13,6,7,*,*,*,*,*,*,*,*,*,*,*,*,*,*,*,*,*,*,*,*,*,*,*,*,*,*,*,*,*,*,3,3,*,*,*,*,*,*,*,*,*,*,*,*,*,*,*
533837533,1,,533837522;533837524,17,9,8,0,0,0,26,15,11,14,9,5,26,15,11,25,14,11,12,6,6,7,3,4,4,1,3,1,0,1,0,0,0,6,6,1,2,1,2,2,0,0,7,5,2,0,6,0,1,1
533837534,1,,533837531;533837532,62,33,29,6,3,3,70,37,33,36,19,17,68,36,32,68,36,32,34,18,16,16,8,8,7,3,4,0,0,0,0,0,0,23,23,4,9,6,6,0,2,0,23,18,5,1,20,0,2,6
533837544,0,,,16,8,8,2,1,1,14,7,7,8,5,3,14,7,7,14,7,7,6,2,4,2,0,2,1,0,1,0,0,0,1,1,0,5,5,1,1,1,1,0,1,0,4,2,2,1,4,0,1,1
533837552,0,,,177,91,86,9,6,3,168,85,83,91,47,44,165,84,81,162,84,78,77,38,39,36,17,19,16,9,7,3,0,3,3,2,1,68,68,12,26,18,6,1,5,0,56,43,13,2,50,1,9,12
533837553,0,,,43,24,19,0,0,0,41,23,18,17,12,5,41,23,18,40,22,18,24,11,13,11,5,6,4,1,3,0,0,0,0,0,0,16,16,2,6,5,2,0,1,0,13,9,4,0,15,0,2,3
533837554,0,,,230,119,111,12,6,6,218,113,105,107,58,49,212,110,102,211,109,102,111,55,56,53,26,27,12,5,7,1,1,0,1,1,0,97,97,24,37,20,11,2,3,0,73,61,12,3,75,1,18,22
533837561,0,,,236,116,120,21,9,12,215,107,108,121,66,55,211,103,108,205,99,106,94,41,53,55,23,32,15,5,10,2,1,1,1,1,0,91,91,18,37,14,12,7,2,1,73,56,17,5,64,1,11,19
533837562,0,,,66,37,29,3,1,2,63,36,27,27,15,12,62,36,26,61,36,25,36,21,15,21,10,11,7,4,3,0,0,0,0,0,0,25,25,6,7,6,3,2,1,0,19,12,7,1,24,0,6,3
533837563,0,,,218,104,114,19,6,13,199,98,101,126,64,62,196,96,100,194,95,99,73,34,39,34,16,18,11,5,6,2,2,0,1,1,0,82,82,18,28,16,11,2,7,0,64,48,16,3,48,0,10,14
533837564,0,,,233,112,121,12,5,7,214,103,111,108,55,53,209,99,110,205,97,108,106,48,58,66,25,41,22,7,15,2,1,1,1,0,1,96,96,20,41,21,6,4,4,0,75,60,15,1,67,0,13,24
533837572,0,,,11,5,6,0,0,0,11,5,6,5,2,3,11,5,6,11,5,6,6,3,3,1,0,1,0,0,0,0,0,0,0,0,0,5,5,1,2,2,0,0,0,0,4,3,1,0,4,0,1,1
533837574,0,,,95,26,69,0,0,0,95,26,69,1,1,0,95,26,69,95,26,69,94,25,69,88,22,66,67,16,51,11,1,10,0,0,0,1,0,0,0,0,0,0,0,0,0,0,0,0,0,0,0,0
533837581,1,,533837582;533837583,214,110,104,16,7,9,208,107,101,143,73,70,203,104,99,203,104,99,65,34,31,18,7,11,7,2,5,0,0,0,0,0,0,76,76,13,31,19,8,6,1,3,67,57,10,6,40,2,3,17
533837582,2,533837581,,9,5,4,*,*,*,*,*,*,*,*,*,*,*,*,*,*,*,*,*,*,*,*,*,*,*,*,*,*,*,*,*,*,3,3,*,*,*,*,*,*,*,*,*,*,*,*,*,*,*
533837583,2,533837581,,4,2,2,*,*,*,*,*,*,*,*,*,*,*,*,*,*,*,*,*,*,*,*,*,*,*,*,*,*,*,*,*,*,2,2,*,*,*,*,*,*,*,*,*,*,*,*,*,*,*
533837591,0,,,19,9,10,5,4,1,14,5,9,8,2,6,12,5,7,12,5,7,6,3,3,2,0,2,2,0,2,1,0,1,0,0,0,6,6,1,2,1,0,1,1,0,5,4,1,1,4,0,1,2
533837602,2,533837604,,8,5,3,*,*,*,*,*,*,*,*,*,*,*,*,*,*,*,*,*,*,*,*,*,*,*,*,*,*,*,*,*,*,4,4,*,*,*,*,*,*,*,*,*,*,*,*,*,*,*
533837604,1,,533837602,49,23,26,3,2,1,54,26,28,32,15,17,50,25,25,50,25,25,22,11,11,11,6,5,5,2,3,0,0,0,0,0,0,17,17,6,6,3,4,0,0,2,15,7,8,0,18,0,5,1
533837611,0,,,55,28,27,3,1,2,52,27,25,34,20,14,50,25,25,47,23,24,18,7,11,9,2,7,8,2,6,2,0,2,0,0,0,17,17,3,3,5,1,3,2,0,14,9,5,0,13,0,3,1
533837621,2,533837624,,2,2,0,*,*,*,*,*,*,*,*,*,*,*,*,*,*,*,*,*,*,*,*,*,*,*,*,*,*,*,*,*,*,2,2,*,*,*,*,*,*,*,*,*,*,*,*,*,*,*
533837622,0,,,30,16,14,0,0,0,30,16,14,20,9,11,28,15,13,27,14,13,10,7,3,4,2,2,0,0,0,0,0,0,1,0,1,12,12,2,5,2,3,0,0,0,10,10,0,0,9,0,2,3
533837623,2,533837624,,3,1,2,*,*,*,*,*,*,*,*,*,*,*,*,*,*,*,*,*,*,*,*,*,*,*,*,*,*,*,*,*,*,1,1,*,*,*,*,*,*,*,*,*,*,*,*,*,*,*
533837624,1,,533837621;533837623,31,15,16,2,1,1,34,17,17,20,10,10,33,17,16,33,17,16,14,7,7,9,4,5,3,1,2,0,0,0,2,0,2,10,10,4,1,6,0,0,2,0,9,3,6,0,11,0,3,1
533837633,1,,533837634,3,2,1,0,0,0,27,22,5,7,5,2,27,22,5,27,22,5,20,17,3,16,14,2,6,4,2,0,0,0,0,0,0,1,1,2,1,1,0,0,0,0,2,2,0,0,2,0,1,1
533837634,2,533837633,,24,20,4,*,*,*,*,*,*,*,*,*,*,*,*,*,*,*,*,*,*,*,*,*,*,*,*,*,*,*,*,*,*,4,3,*,*,*,*,*,*,*,*,*,*,*,*,*,*,*
533837642,0,,,31,14,17,2,2,0,29,12,17,14,6,8,29,12,17,28,12,16,15,6,9,8,2,6,2,0,2,0,0,0,1,0,1,12,12,2,4,4,1,1,0,0,10,7,3,1,11,0,2,4
533837644,1,,533837742,13,7,6,1,0,1,21,10,11,5,2,3,21,10,11,21,10,11,16,8,8,8,5,3,1,0,1,0,0,0,0,0,0,7,7,2,5,2,1,0,0,0,8,7,1,0,10,0,2,4
533837651,0,,,147,75,72,6,4,2,141,71,70,74,39,35,140,71,69,138,69,69,67,32,35,34,13,21,11,4,7,1,0,1,0,0,0,55,55,6,25,12,7,3,2,0,49,39,10,1,44,0,4,15
533837652,0,,,39,20,19,1,1,0,38,19,19,18,8,10,38,19,19,37,19,18,20,11,9,10,6,4,4,1,3,0,0,0,0,0,0,14,14,3,5,3,1,0,1,1,11,7,4,1,12,0,2,4
533837661,0,,,205,105,100,22,16,6,183,89,94,96,47,49,167,81,86,159,77,82,87,42,45,46,23,23,13,5,8,1,0,1,0,0,0,71,70,15,30,9,6,6,3,1,55,42,13,3,54,0,9,23
533837662,0,,,27,12,15,4,3,1,18,7,11,9,6,3,18,7,11,18,7,11,9,1,8,7,1,6,2,0,2,0,0,0,0,0,0,11,11,4,3,1,2,0,1,0,4,3,1,0,8,0,3,0
533837663,0,,,55,25,30,3,1,2,47,21,26,23,10,13,47,21,26,46,21,25,24,11,13,11,4,7,3,2,1,0,0,0,0,0,0,23,23,8,7,4,1,2,0,1,14,11,3,1,16,0,4,5
533837742,2,533837644,,9,3,6,*,*,*,*,*,*,*,*,*,*,*,*,*,*,*,*,*,*,*,*,*,*,*,*,*,*,*,*,*,*,3,3,*,*,*,*,*,*,*,*,*,*,*,*,*,*,*
533837752,2,533837754,,8,5,3,*,*,*,*,*,*,*,*,*,*,*,*,*,*,*,*,*,*,*,*,*,*,*,*,*,*,*,*,*,*,3,3,*,*,*,*,*,*,*,*,*,*,*,*,*,*,*
533837754,1,,533837752,54,27,27,4,2,2,57,29,28,29,14,15,56,28,28,56,28,28,28,15,13,9,5,4,2,0,2,0,0,0,0,0,0,22,22,4,8,10,3,0,0,0,20,16,4,0,18,0,1,6
533837761,2,533837762,,4,3,1,*,*,*,*,*,*,*,*,*,*,*,*,*,*,*,*,*,*,*,*,*,*,*,*,*,*,*,*,*,*,2,2,*,*,*,*,*,*,*,*,*,*,*,*,*,*,*
533837762,1,,533837761,63,28,35,6,3,3,61,28,33,29,15,14,61,28,33,60,28,32,32,13,19,20,8,12,6,1,5,0,0,0,0,0,0,25,25,5,11,7,2,1,1,0,22,17,5,0,22,0,3,6
533837763,0,,,10,5,5,0,0,0,10,5,5,5,3,2,10,5,5,10,5,5,5,2,3,3,1,2,0,0,0,0,0,0,0,0,0,4,4,0,2,2,0,0,0,0,4,4,0,0,3,0,0,1
533837764,0,,,14,9,5,2,2,0,12,7,5,7,5,2,12,7,5,12,7,5,5,2,3,3,1,2,1,0,1,0,0,0,0,0,0,7,7,3,2,1,1,0,0,0,4,4,0,0,3,0,1,1
533837773,0,,,14,7,7,0,0,0,14,7,7,6,4,2,14,7,7,14,7,7,8,3,5,5,1,4,3,0,3,1,0,1,0,0,0,6,6,1,3,1,1,0,0,0,5,3,2,0,6,0,1,0
533837851,2,533837853,,6,4,2,*,*,*,*,*,*,*,*,*,*,*,*,*,*,*,*,*,*,*,*,*,*,*,*,*,*,*,*,*,*,3,3,*,*,*,*,*,*,*,*,*,*,*,*,*,*,*
533837852,0,,,20,9,11,0,0,0,20,9,11,13,6,7,19,9,10,19,9,10,7,3,4,3,1,2,0,0,0,0,0,0,0,0,0,8,8,1,3,3,1,0,0,0,7,6,1,0,5,0,1,1
533837853,1,,533837851,11,5,6,0,0,0,17,9,8,10,6,4,17,9,8,17,9,8,7,3,4,4,1,3,2,1,1,0,0,0,0,0,0,5,5,2,4,1,1,0,0,0,6,5,1,0,5,0,1,1
533837854,0,,,15,9,6,0,0,0,14,9,5,8,5,3,14,9,5,14,9,5,6,4,2,1,1,0,0,0,0,0,0,0,0,0,0,6,6,3,0,1,1,1,0,0,3,3,0,0,4,0,1,0
533837862,2,533837864,,5,2,3,*,*,*,*,*,*,*,*,*,*,*,*,*,*,*,*,*,*,*,*,*,*,*,*,*,*,*,*,*,*,3,3,*,*,*,*,*,*,*,*,*,*,*,*,*,*,*
533837863,2,533837864,,5,2,3,*,*,*,*,*,*,*,*,*,*,*,*,*,*,*,*,*,*,*,*,*,*,*,*,*,*,*,*,*,*,2,2,*,*,*,*,*,*,*,*,*,*,*,*,*,*,*
533837864,1,,533837862;533837863,28,15,13,0,0,0,37,18,19,21,11,10,34,15,19,34,15,19,16,7,9,11,5,6,1,0,1,0,0,0,0,0,0,11,11,5,2,7,2,0,0,0,11,10,1,0,11,0,3,1
533837871,0,,,42,22,20,6,3,3,36,19,17,24,12,12,34,18,16,33,17,16,12,7,5,4,1,3,2,0,2,0,0,0,0,0,0,11,11,2,2,2,1,1,2,1,9,4,5,2,9,0,2,1
533837873,0,,,95,45,50,8,6,2,87,39,48,45,23,22,86,39,47,84,37,47,42,16,26,19,5,14,6,1,5,2,0,2,0,0,0,33,33,3,15,8,2,2,2,1,30,18,12,2,26,0,2,7
533837874,0,,,9,4,5,0,0,0,9,4,5,4,1,3,9,4,5,9,4,5,5,3,2,3,1,2,1,0,1,0,0,0,0,0,0,4,4,0,3,1,0,0,0,0,4,3,1,0,4,0,0,1
533837883,0,,,36,17,19,2,0,2,34,17,17,15,8,7,34,17,17,34,17,17,19,9,10,8,4,4,3,1,2,0,0,0,0,0,0,14,14,3,5,2,3,1,0,0,11,8,3,0,12,0,2,4
533837884,0,,,35,19,16,0,0,0,35,19,16,17,10,7,35,19,16,34,18,16,18,9,9,12,6,6,6,3,3,0,0,0,0,0,0,12,12,1,3,5,2,1,0,0,11,6,5,0,12,0,1,2
533837891,2,533837893,,6,3,3,*,*,*,*,*,*,*,*,*,*,*,*,*,*,*,*,*,*,*,*,*,*,*,*,*,*,*,*,*,*,3,3,*,*,*,*,*,*,*,*,*,*,*,*,*,*,*
533837892,2,533837894,,11,5,6,*,*,*,*,*,*,*,*,*,*,*,*,*,*,*,*,*,*,*,*,*,*,*,*,*,*,*,*,*,*,2,2,*,*,*,*,*,*,*,*,*,*,*,*,*,*,*
533837893,1,,533837891,18,10,8,0,0,0,24,13,11,12,7,5,22,12,10,22,12,10,12,6,6,3,1,2,1,1,0,0,0,0,0,0,0,9,9,5,5,1,0,0,1,0,7,5,2,0,8,0,2,4
533837894,1,,533837892,32,16,16,0,0,0,43,21,22,28,14,14,43,21,22,42,21,21,15,7,8,8,3,5,2,0,2,0,0,0,0,0,0,12,12,3,3,2,3,2,1,0,11,6,5,0,10,0,2,1
533837952,0,,,13,7,6,2,1,1,11,6,5,4,2,2,10,5,5,10,5,5,7,4,3,3,2,1,0,0,0,0,0,0,0,0,0,5,5,1,2,1,0,1,0,0,4,4,0,0,4,0,1,2
533837954,0,,,13,8,5,0,0,0,13,8,5,5,4,1,12,7,5,12,7,5,8,4,4,7,4,3,1,1,0,0,0,0,0,0,0,5,5,0,3,1,1,0,0,0,5,5,0,0,4,0,0,3
533837961,0,,,11,5,6,0,0,0,11,5,6,5,2,3,11,5,6,11,5,6,6,3,3,2,0,2,2,0,2,0,0,0,0,0,0,4,4,1,1,1,0,1,0,0,3,2,1,0,4,0,1,1
533837963,0,,,12,6,6,0,0,0,12,6,6,2,0,2,12,6,6,12,6,6,10,6,4,3,3,0,0,0,0,0,0,0,0,0,0,6,6,1,4,1,0,0,0,0,5,5,0,0,6,0,1,4
533837971,1,,533837972,79,35,44,2,2,0,93,40,53,48,19,29,90,39,51,87,38,49,45,21,24,25,13,12,12,7,5,0,0,0,0,0,0,29,29,6,8,6,7,3,1,1,25,12,13,0,28,0,5,7
533837972,2,533837971,,17,8,9,*,*,*,*,*,*,*,*,*,*,*,*,*,*,*,*,*,*,*,*,*,*,*,*,*,*,*,*,*,*,3,3,*,*,*,*,*,*,*,*,*,*,*,*,*,*,*
533837973,0,,,81,38,43,3,3,0,78,35,43,42,21,21,74,34,40,72,33,39,36,14,22,21,7,14,12,4,8,1,0,1,0,0,0,29,29,4,14,4,2,1,4,0,25,17,8,0,23,0,3,8
533837974,0,,,30,15,15,0,0,0,30,15,15,16,10,6,30,15,15,30,15,15,14,5,9,10,2,8,6,1,5,0,0,0,0,0,0,11,11,1,3,5,2,0,0,0,10,6,4,0,10,0,1,0
533840204,2,533840403,,2,1,1,*,*,*,*,*,*,*,*,*,*,*,*,*,*,*,*,*,*,*,*,*,*,*,*,*,*,*,*,*,*,1,1,*,*,*,*,*,*,*,*,*,*,*,*,*,*,*
533840301,2,533840403,,3,2,1,*,*,*,*,*,*,*,*,*,*,*,*,*,*,*,*,*,*,*,*,*,*,*,*,*,*,*,*,*,*,2,2,*,*,*,*,*,*,*,*,*,*,*,*,*,*,*
533840302,2,533840403,,4,3,1,*,*,*,*,*,*,*,*,*,*,*,*,*,*,*,*,*,*,*,*,*,*,*,*,*,*,*,*,*,*,2,2,*,*,*,*,*,*,*,*,*,*,*,*,*,*,*
533840403,1,,533840204;533840301;533840302,15,9,6,0,0,0,24,15,9,6,4,2,24,15,9,24,15,9,18,11,7,8,5,3,5,2,3,1,1,0,0,0,0,7,7,5,4,1,2,0,0,0,7,6,1,0,11,0,4,4
533840474,2,533840863,,2,2,0,*,*,*,*,*,*,*,*,*,*,*,*,*,*,*,*,*,*,*,*,*,*,*,*,*,*,*,*,*,*,2,2,*,*,*,*,*,*,*,*,*,*,*,*,*,*,*
533840501,1,,533840502,23,11,12,4,1,3,21,11,10,8,4,4,21,11,10,21,11,10,13,7,6,7,3,4,3,1,2,1,1,0,0,0,0,5,5,0,1,2,1,0,1,1,6,3,3,1,6,0,0,1
533840502,2,533840501,,2,1,1,*,*,*,*,*,*,*,*,*,*,*,*,*,*,*,*,*,*,*,*,*,*,*,*,*,*,*,*,*,*,1,1,*,*,*,*,*,*,*,*,*,*,*,*,*,*,*
533840503,0,,,35,17,18,3,2,1,32,15,17,15,5,10,32,15,17,32,15,17,17,10,7,10,5,5,3,2,1,0,0,0,0,0,0,13,13,4,3,3,1,1,0,1,9,7,2,1,12,0,4,2
533840572,2,533840674,,6,4,2,*,*,*,*,*,*,*,*,*,*,*,*,*,*,*,*,*,*,*,*,*,*,*,*,*,*,*,*,*,*,4,4,*,*,*,*,*,*,*,*,*,*,*,*,*,*,*
533840601,1,,533840603,40,21,19,1,0,1,42,23,19,15,10,5,41,23,18,41,23,18,27,13,14,19,10,9,7,4,3,2,1,1,0,0,0,18,18,3,11,4,0,0,1,0,16,13,3,0,16,0,1,9
533840603,2,533840601,,3,2,1,*,*,*,*,*,*,*,*,*,*,*,*,*,*,*,*,*,*,*,*,*,*,*,*,*,*,*,*,*,*,1,1,*,*,*,*,*,*,*,*,*,*,*,*,*,*,*
533840611,1,,533840612;533840614,17,7,10,3,1,2,26,11,15,10,5,5,26,11,15,26,11,15,16,6,10,8,3,5,6,2,4,1,0,1,0,0,0,5,5,2,2,2,1,0,1,1,7,3,4,2,9,0,2,2
533840612,2,533840611,,11,5,6,*,*,*,*,*,*,*,*,*,*,*,*,*,*,*,*,*,*,*,*,*,*,*,*,*,*,*,*,*,*,3,3,*,*,*,*,*,*,*,*,*,*,*,*,*,*,*
533840614,2,533840611,,1,0,1,*,*,*,*,*,*,*,*,*,*,*,*,*,*,*,*,*,*,*,*,*,*,*,*,*,*,*,*,*,*,1,1,*,*,*,*,*,*,*,*,*,*,*,*,*,*,*
533840674,1,,533840572,6,3,3,0,0,0,12,7,5,6,4,2,12,7,5,12,7,5,6,3,3,2,0,2,2,0,2,1,0,1,0,0,0,2,2,2,3,0,1,0,0,0,4,4,0,0,4,0,1,0
533840701,0,,,19,8,11,1,0,1,18,8,10,11,5,6,17,8,9,17,8,9,7,3,4,7,3,4,3,1,2,0,0,0,0,0,0,5,5,1,0,1,2,0,0,1,4,2,2,0,4,0,1,0
533840703,1,,533840704,50,22,28,8,2,6,46,21,25,28,14,14,46,21,25,46,21,25,18,7,11,9,3,6,3,0,3,0,0,0,1,0,1,13,13,2,2,3,2,2,1,2,12,6,6,1,10,0,1,2
533840704,2,533840703,,4,1,3,*,*,*,*,*,*,*,*,*,*,*,*,*,*,*,*,*,*,*,*,*,*,*,*,*,*,*,*,*,*,1,1,*,*,*,*,*,*,*,*,*,*,*,*,*,*,*
533840712,2,533840714,,6,3,3,*,*,*,*,*,*,*,*,*,*,*,*,*,*,*,*,*,*,*,*,*,*,*,*,*,*,*,*,*,*,4,4,*,*,*,*,*,*,*,*,*,*,*,*,*,*,*
533840714,1,,533840712,6,3,3,0,0,0,12,6,6,0,0,0,12,6,6,12,6,6,12,6,6,5,4,1,4,3,1,1,1,0,0,0,0,3,3,3,3,1,0,0,0,0,4,3,1,0,7,0,3,3
533840721,1,,533840723,11,6,5,2,1,1,12,6,6,9,5,4,11,5,6,11,5,6,3,1,2,1,0,1,1,0,1,0,0,0,0,0,0,4,4,3,1,0,1,1,0,0,3,3,0,0,2,0,1,1
533840723,2,533840721,,3,1,2,*,*,*,*,*,*,*,*,*,*,*,*,*,*,*,*,*,*,*,*,*,*,*,*,*,*,*,*,*,*,2,2,*,*,*,*,*,*,*,*,*,*,*,*,*,*,*
533840752,2,533840762,,4,2,2,*,*,*,*,*,*,*,*,*,*,*,*,*,*,*,*,*,*,*,*,*,*,*,*,*,*,*,*,*,*,1,1,*,*,*,*,*,*,*,*,*,*,*,*,*,*,*
533840762,1,,533840752,12,7,5,1,0,1,15,9,6,13,8,5,13,8,5,12,7,5,2,1,1,0,0,0,0,0,0,0,0,0,0,0,0,5,5,2,1,0,3,0,0,0,4,3,1,0,2,0,1,0
533840764,0,,,10,5,5,0,0,0,10,5,5,1,0,1,10,5,5,10,5,5,9,5,4,7,4,3,2,1,1,0,0,0,0,0,0,4,4,0,3,0,1,0,0,0,4,3,1,0,4,0,0,3
533840771,0,,,26,11,15,0,0,0,26,11,15,10,4,6,26,11,15,26,11,15,16,7,9,8,3,5,6,2,4,1,0,1,0,0,0,14,14,6,6,1,0,1,0,0,7,6,1,0,11,0,4,1
533840772,0,,,12,5,7,0,0,0,12,5,7,4,2,2,12,5,7,12,5,7,8,3,5,5,1,4,5,1,4,0,0,0,0,0,0,8,8,4,4,0,0,0,0,0,4,4,0,0,7,0,3,1
533840814,0,,,9,5,4,0,0,0,9,5,4,4,3,1,9,5,4,9,5,4,5,2,3,3,1,2,3,1,2,0,0,0,0,0,0,4,4,2,0,1,1,0,0,0,2,1,1,0,4,0,2,0
533840821,0,,,9,5,4,0,0,0,9,5,4,1,1,0,9,5,4,9,5,4,8,4,4,5,2,3,3,1,2,0,0,0,0,0,0,7,7,5,2,0,0,0,0,0,2,2,0,0,6,1,4,2
533840863,1,,533840474,47,21,26,2,1,1,47,22,25,16,7,9,47,22,25,46,22,24,31,15,16,25,12,13,18,10,8,1,1,0,0,0,0,22,22,8,11,2,2,1,0,0,16,13,3,0,20,1,6,7
533840864,0,,,10,6,4,0,0,0,10,6,4,5,3,2,10,6,4,10,6,4,5,3,2,2,1,1,0,0,0,0,0,0,0,0,0,5,5,2,1,2,0,0,0,0,3,3,0,0,3,0,0,1
533840873,0,,,11,6,5,0,0,0,11,6,5,4,3,1,11,6,5,11,6,5,7,3,4,5,2,3,2,1,1,0,0,0,1,1,0,7,7,3,4,0,0,0,0,0,4,3,1,0,4,1,1,3
533840912,0,,,14,7,7,0,0,0,14,7,7,9,4,5,13,7,6,13,7,6,5,3,2,1,0,1,1,0,1,0,0,0,0,0,0,5,5,0,3,1,0,1,0,0,5,4,1,0,4,0,0,2
533840913,0,,,12,7,5,0,0,0,12,7,5,6,4,2,12,7,5,12,7,5,6,3,3,5,2,3,0,0,0,0,0,0,0,0,0,5,5,0,4,0,1,0,0,0,5,5,0,0,4,0,0,1
533840914,0,,,23,11,12,0,0,0,23,11,12,13,6,7,23,11,12,23,11,12,10,5,5,5,2,3,0,0,0,0,0,0,0,0,0,11,11,3,4,4,0,0,0,0,8,8,0,0,7,0,3,2
533840954,2,533840963,,6,3,3,*,*,*,*,*,*,*,*,*,*,*,*,*,*,*,*,*,*,*,*,*,*,*,*,*,*,*,*,*,*,3,3,*,*,*,*,*,*,*,*,*,*,*,*,*,*,*
533840961,0,,,54,28,26,4,3,1,50,25,25,25,14,11,49,24,25,49,24,25,25,11,14,15,5,10,7,3,4,0,0,0,0,0,0,21,21,6,6,3,3,3,0,0,14,8,6,0,18,0,4,4
533840963,1,,533840954,9,5,4,0,0,0,15,8,7,3,2,1,15,8,7,15,8,7,12,6,6,3,2,1,0,0,0,0,0,0,0,0,0,4,4,1,4,2,0,0,0,0,6,6,0,0,6,0,0,4
533843042,0,,,75,38,37,2,1,1,73,37,36,48,29,19,73,37,36,73,37,36,25,8,17,9,2,7,2,0,2,0,0,0,0,0,0,34,34,9,15,5,4,1,0,0,24,19,5,0,17,1,1,5
533843044,0,,,31,16,15,2,0,2,29,16,13,17,9,8,28,15,13,28,15,13,12,7,5,6,4,2,1,1,0,0,0,0,2,2,0,14,14,4,5,3,2,0,0,0,9,9,0,1,9,0,3,2
533843051,0,,,311,155,156,29,16,13,282,139,143,151,78,73,272,133,139,268,132,136,131,61,70,69,30,39,10,3,7,1,0,1,21,11,10,83,82,25,20,16,14,6,0,1,57,50,7,7,36,2,11,6
533843052,0,,,102,52,50,8,6,2,94,46,48,80,38,42,81,40,41,74,37,37,14,8,6,2,1,1,0,0,0,0,0,0,1,0,1,3,0,0,0,0,0,0,0,0,0,0,0,0,0,0,0,0
533843053,0,,,112,55,57,7,5,2,105,50,55,57,30,27,105,50,55,103,49,54,48,20,28,23,6,17,9,3,6,2,0,2,2,1,1,45,45,10,13,13,8,1,0,0,34,25,9,2,31,1,6,8
533843054,0,,,11,6,5,0,0,0,11,6,5,9,5,4,10,6,4,10,6,4,2,1,1,1,1,0,0,0,0,0,0,0,1,1,0,7,7,4,2,1,0,0,0,0,2,2,0,0,2,0,2,0
533843064,0,,,34,19,15,0,0,0,34,19,15,26,16,10,33,18,15,32,18,14,8,3,5,2,1,1,0,0,0,0,0,0,0,0,0,13,13,2,4,4,3,0,0,0,11,10,1,0,5,0,0,1
533843071,0,,,128,69,59,6,2,4,118,65,53,103,56,47,115,64,51,110,60,50,15,9,6,5,3,2,3,2,1,0,0,0,46,22,24,80,80,53,12,10,4,1,0,0,27,24,3,3,12,27,4,2
533843072,0,,,40,12,28,7,1,6,33,11,22,32,11,21,32,11,21,31,10,21,1,0,1,0,0,0,0,0,0,0,0,0,5,2,3,17,17,3,8,4,1,1,0,0,14,13,1,3,1,0,0,0
533843073,0,,,172,97,75,27,18,9,145,79,66,100,57,43,142,77,65,138,74,64,45,22,23,23,13,10,4,2,2,0,0,0,3,0,3,56,56,9,14,12,12,5,3,1,47,34,13,10,28,0,4,6
533843074,0,,,27,13,14,2,0,2,25,13,12,17,10,7,25,13,12,25,13,12,8,3,5,7,3,4,4,3,1,0,0,0,0,0,0,13,13,4,5,3,1,0,0,0,9,8,1,1,6,0,2,2
533843081,0,,,207,97,110,41,21,20,166,76,90,114,55,59,164,75,89,162,75,87,52,21,31,23,5,18,13,2,11,2,0,2,4,2,2,67,67,6,21,14,20,2,2,2,61,53,8,13,36,0,6,9
533843082,0,,,27,14,13,2,1,1,25,13,12,12,7,5,25,13,12,25,13,12,13,6,7,4,1,3,2,0,2,0,0,0,0,0,0,11,11,3,4,2,1,0,1,0,8,5,3,2,9,0,3,2
533843083,0,,,177,86,91,20,14,6,157,72,85,120,56,64,148,70,78,141,67,74,37,16,21,18,8,10,1,0,1,0,0,0,5,2,3,64,64,12,20,16,9,4,2,1,52,49,3,6,25,0,4,11
533843091,1,,533843093,218,110,108,26,15,11,193,95,98,130,68,62,186,91,95,181,90,91,63,27,36,29,11,18,9,1,8,0,0,0,0,0,0,80,80,13,27,20,15,5,0,1,68,57,11,7,41,0,7,14
533843093,2,533843091,,1,0,1,*,*,*,*,*,*,*,*,*,*,*,*,*,*,*,*,*,*,*,*,*,*,*,*,*,*,*,*,*,*,1,1,*,*,*,*,*,*,*,*,*,*,*,*,*,*,*
533843142,0,,,27,13,14,0,0,0,27,13,14,18,9,9,27,13,14,26,12,14,9,4,5,6,3,3,3,2,1,0,0,0,0,0,0,8,8,0,2,3,2,0,1,0,8,6,2,0,5,0,0,1
533843144,0,,,16,6,10,3,1,2,13,5,8,7,2,5,13,5,8,13,5,8,6,3,3,3,2,1,1,1,0,0,0,0,0,0,0,8,8,3,3,1,1,0,0,0,5,5,0,0,3,0,0,3
533843151,0,,,144,68,76,24,11,13,120,57,63,86,45,41,113,55,58,106,53,53,34,12,22,14,4,10,6,3,3,0,0,0,0,0,0,46,46,6,11,9,11,9,0,0,40,34,6,4,24,0,5,8
533843152,0,,,74,38,36,9,4,5,65,34,31,53,28,25,60,30,30,58,28,30,12,6,6,4,2,2,2,2,0,0,0,0,2,1,1,25,25,4,6,4,9,2,0,0,21,20,1,2,7,0,2,2
533843153,0,,,156,73,83,19,5,14,137,68,69,93,49,44,133,66,67,126,62,64,44,19,25,25,9,16,10,2,8,1,0,1,0,0,0,48,48,7,13,8,9,6,3,2,41,27,14,5,29,0,5,5
533843154,0,,,246,117,129,12,7,5,232,109,123,100,55,45,224,104,120,223,103,120,132,54,78,93,29,64,57,10,47,12,1,11,4,3,1,65,64,16,27,9,8,4,0,0,46,38,8,2,25,3,2,8
533843161,0,,,88,43,45,13,6,7,75,37,38,45,22,23,74,37,37,74,37,37,30,15,15,11,6,5,3,1,2,1,0,1,0,0,0,32,32,9,8,6,5,1,1,2,22,18,4,6,21,0,6,6
533843162,0,,,142,76,66,3,2,1,137,73,64,100,56,44,134,71,63,131,71,60,37,17,20,12,7,5,0,0,0,0,0,0,24,9,15,71,71,29,27,5,8,0,2,0,41,36,5,2,26,7,7,7
533843163,0,,,256,122,134,24,11,13,232,111,121,149,74,75,225,108,117,221,107,114,83,37,46,39,16,23,15,6,9,2,2,0,16,9,7,99,99,20,34,20,18,6,1,0,79,67,12,6,58,1,10,15
533843164,0,,,502,259,243,55,31,24,443,227,216,328,175,153,423,216,207,408,209,199,115,52,63,48,20,28,13,4,9,3,0,3,11,6,5,172,172,22,47,51,35,12,3,2,149,127,22,10,72,0,6,20
533843171,0,,,481,248,233,60,34,26,419,212,207,309,160,149,407,209,198,398,204,194,110,52,58,47,18,29,11,2,9,1,0,1,34,21,13,198,198,61,52,42,29,11,2,1,136,120,16,14,75,16,18,23
533843172,1,,533843174,328,162,166,26,18,8,313,152,161,196,97,99,304,144,160,298,142,156,117,55,62,62,25,37,28,8,20,4,3,1,4,0,4,116,115,24,39,30,19,6,3,1,97,82,15,9,68,0,11,17
533843173,0,,,600,301,299,71,34,37,525,265,260,375,197,178,505,258,247,492,251,241,150,68,82,63,28,35,19,8,11,2,0,2,7,3,4,227,227,46,82,41,37,13,4,4,180,155,25,17,100,5,20,28
533843174,2,533843172,,11,8,3,*,*,*,*,*,*,*,*,*,*,*,*,*,*,*,*,*,*,*,*,*,*,*,*,*,*,*,*,*,*,7,7,*,*,*,*,*,*,*,*,*,*,*,*,*,*,*
533843184,0,,,242,117,125,31,12,19,204,101,103,129,64,65,199,98,101,195,96,99,75,37,38,36,16,20,7,6,1,0,0,0,3,2,1,102,102,27,37,20,11,6,0,1,72,66,6,10,51,3,14,18
533843191,2,533843194,,10,4,6,*,*,*,*,*,*,*,*,*,*,*,*,*,*,*,*,*,*,*,*,*,*,*,*,*,*,*,*,*,*,3,3,*,*,*,*,*,*,*,*,*,*,*,*,*,*,*
533843192,2,533843194,,9,6,3,*,*,*,*,*,*,*,*,*,*,*,*,*,*,*,*,*,*,*,*,*,*,*,*,*,*,*,*,*,*,2,2,*,*,*,*,*,*,*,*,*,*,*,*,*,*,*
533843193,2,533843194,,11,6,5,*,*,*,*,*,*,*,*,*,*,*,*,*,*,*,*,*,*,*,*,*,*,*,*,*,*,*,*,*,*,4,4,*,*,*,*,*,*,*,*,*,*,*,*,*,*,*
533843194,1,,533843191;533843192;533843193,516,258,258,89,46,43,455,226,229,325,171,154,442,217,225,434,214,220,130,55,75,61,22,39,24,7,17,2,1,1,5,2,3,186,185,38,61,40,38,11,5,1,154,131,23,28,74,5,8,29
533843242,0,,,45,22,23,2,0,2,43,22,21,23,14,9,41,20,21,40,20,20,20,8,12,10,5,5,2,0,2,0,0,0,1,1,0,15,15,2,5,4,1,2,0,1,13,9,4,0,12,0,1,3
533843244,0,,,102,55,47,9,6,3,93,49,44,65,36,29,89,46,43,85,44,41,28,13,15,19,10,9,4,2,2,1,1,0,1,0,1,34,34,5,10,8,4,5,2,0,29,19,10,2,16,0,3,4
533843251,0,,,174,87,87,19,7,12,154,79,75,103,55,48,147,74,73,140,71,69,51,24,27,33,15,18,4,1,3,0,0,0,5,3,2,63,63,9,20,16,15,2,0,1,54,47,7,3,33,0,6,10
533843252,0,,,297,142,155,37,16,21,259,125,134,170,84,86,255,124,131,253,123,130,89,41,48,32,11,21,16,5,11,1,0,1,0,0,0,109,109,21,32,27,19,5,5,0,87,63,24,9,57,0,9,12
533843253,0,,,182,90,92,18,10,8,162,80,82,104,52,52,157,76,81,153,75,78,58,28,30,29,13,16,13,4,9,2,1,1,4,2,2,65,64,13,21,9,13,7,1,0,50,40,10,4,35,0,9,9
533843254,0,,,189,99,90,30,18,12,158,80,78,107,57,50,149,74,75,146,71,75,51,23,28,26,9,17,8,2,6,2,0,2,3,2,1,65,65,12,17,15,13,4,2,2,52,42,10,8,33,0,4,9
533843261,0,,,286,150,136,42,22,20,239,125,114,159,89,70,233,124,109,230,121,109,80,36,44,37,16,21,9,2,7,3,0,3,11,4,7,113,113,27,33,28,16,9,0,0,82,76,6,16,51,6,9,12
533843262,0,,,218,114,104,16,7,9,202,107,95,140,77,63,195,100,95,192,98,94,62,30,32,29,10,19,9,2,7,0,0,0,8,0,8,86,86,19,27,22,13,3,2,0,67,59,8,2,43,5,6,10
533843263,0,,,136,76,60,19,11,8,116,64,52,91,49,42,108,58,50,106,57,49,25,15,10,13,6,7,3,2,1,0,0,0,4,2,2,47,47,6,17,10,8,3,2,1,41,36,5,1,18,0,2,6
533843264,0,,,152,83,69,25,11,14,127,72,55,104,63,41,122,68,54,119,65,54,23,9,14,12,4,8,3,2,1,0,0,0,12,4,8,59,58,20,9,14,11,3,1,0,37,35,2,10,17,1,7,0
533843271,0,,,67,30,37,3,2,1,64,28,36,34,15,19,62,27,35,60,26,34,30,13,17,10,5,5,3,1,2,1,0,1,0,0,0,26,26,3,12,4,7,0,0,0,23,20,3,0,18,0,1,8
533843274,0,,,24,9,15,1,0,1,23,9,14,13,3,10,23,9,14,23,9,14,10,6,4,1,0,1,1,0,1,0,0,0,4,1,3,9,9,0,5,2,2,0,0,0,9,9,0,0,7,0,0,3
533843281,0,,,662,446,216,8,6,2,650,438,212,644,435,209,191,122,69,55,29,26,6,3,3,6,3,3,0,0,0,0,0,0,16,11,5,42,35,12,12,8,2,1,0,0,21,21,0,2,4,6,1,2
533843282,0,,,145,65,80,17,9,8,122,50,72,74,32,42,119,49,70,116,49,67,48,18,30,26,10,16,10,3,7,1,0,1,1,1,0,57,57,12,19,14,9,1,2,0,44,38,6,3,32,0,10,13
533843283,0,,,537,275,262,93,50,43,409,203,206,286,145,141,397,199,198,389,195,194,123,58,65,49,21,28,15,6,9,0,0,0,3,1,2,218,218,61,65,42,33,14,3,0,147,129,18,27,86,5,21,25
533843284,0,,,708,353,355,68,36,32,620,305,315,429,218,211,600,296,304,591,292,299,191,87,104,83,31,52,26,8,18,0,0,0,12,10,2,323,323,126,89,56,35,10,5,2,194,174,20,19,134,26,37,38
533843291,0,,,291,122,169,27,9,18,217,89,128,138,59,79,210,84,126,205,82,123,79,30,49,44,16,28,15,4,11,1,0,1,1,0,1,127,127,38,40,27,18,4,0,0,75,67,8,9,55,1,20,12
533843292,0,,,444,228,216,68,39,29,360,179,181,278,142,136,344,172,172,332,166,166,82,37,45,45,19,26,13,7,6,0,0,0,1,1,0,192,192,65,51,39,25,12,0,0,120,113,7,23,54,8,15,17
533843293,0,,,764,365,399,88,49,39,609,280,329,404,185,219,594,273,321,578,268,310,205,95,110,109,47,62,27,11,16,1,0,1,4,1,3,311,311,60,131,57,48,11,4,0,227,207,20,30,140,3,28,54
533843294,0,,,302,146,156,33,18,15,255,120,135,161,84,77,243,114,129,241,112,129,94,36,58,52,15,37,24,4,20,7,0,7,3,2,1,122,121,35,38,27,12,7,2,0,80,70,10,6,57,4,18,15
533843341,0,,,134,60,74,8,3,5,125,56,69,80,35,45,124,55,69,121,54,67,45,21,24,20,8,12,4,2,2,0,0,0,5,1,4,54,54,12,21,10,6,4,1,0,42,37,5,2,31,0,8,8
533843342,0,,,288,138,150,22,9,13,266,129,137,154,77,77,263,128,135,257,126,131,112,52,60,60,27,33,20,8,12,2,0,2,0,0,0,112,112,21,49,15,15,9,2,1,91,77,14,5,70,1,13,29
533843343,0,,,91,53,38,6,4,2,85,49,36,62,35,27,83,49,34,78,46,32,23,14,9,10,7,3,3,2,1,0,0,0,0,0,0,27,27,3,6,6,5,4,3,0,24,17,7,1,15,0,3,5
533843344,0,,,347,165,182,35,15,20,312,150,162,214,103,111,302,144,158,294,142,152,98,47,51,41,17,24,13,4,9,0,0,0,7,3,4,133,133,24,45,34,21,7,2,0,106,92,14,10,66,0,14,18
533843351,0,,,93,42,51,17,8,9,76,34,42,51,23,28,73,33,40,72,32,40,25,11,14,10,3,7,3,0,3,1,0,1,0,0,0,35,35,6,13,8,4,3,1,0,29,27,2,2,18,0,3,5
533843352,0,,,66,31,35,6,4,2,60,27,33,43,20,23,57,27,30,55,27,28,17,7,10,4,2,2,0,0,0,0,0,0,1,0,1,25,25,5,11,3,3,1,1,1,19,16,3,3,12,0,1,4
533843353,0,,,318,149,169,21,9,12,297,140,157,165,78,87,290,136,154,286,134,152,132,62,70,50,19,31,15,2,13,2,0,2,0,0,0,112,112,21,32,26,21,8,2,2,88,67,21,4,85,0,16,22
533843354,0,,,361,179,182,49,26,23,308,151,157,217,114,103,294,143,151,286,139,147,91,37,54,36,10,26,14,2,12,0,0,0,4,1,3,148,148,43,42,32,19,11,0,1,103,92,11,16,60,6,14,18
533843361,0,,,295,151,144,40,22,18,255,129,126,212,108,104,247,125,122,240,121,119,43,21,22,18,7,11,7,3,4,0,0,0,3,0,3,126,126,44,29,27,19,6,1,0,81,70,11,14,32,9,9,6
533843362,0,,,186,96,90,15,8,7,171,88,83,126,66,60,170,87,83,164,84,80,45,22,23,22,11,11,4,2,2,0,0,0,6,2,4,86,86,33,24,17,7,4,1,0,50,46,4,4,30,3,7,9
533843363,0,,,538,276,262,89,57,32,449,219,230,355,178,177,423,208,215,408,202,206,94,41,53,44,17,27,11,2,9,2,0,2,13,2,11,207,207,49,61,40,44,9,3,1,157,140,17,33,63,7,17,18
533843364,0,,,37,18,19,4,2,2,30,15,15,22,11,11,27,15,12,27,15,12,8,4,4,3,2,1,0,0,0,0,0,0,0,0,0,18,18,11,3,2,0,1,0,1,6,4,2,0,5,4,1,2
533843371,0,,,19,8,11,0,0,0,19,8,11,9,3,6,19,8,11,19,8,11,10,5,5,3,1,2,1,0,1,0,0,0,0,0,0,9,9,2,4,3,0,0,0,0,7,5,2,0,7,0,1,4
533843372,0,,,200,98,102,22,13,9,168,78,90,126,58,68,162,74,88,157,72,85,42,20,22,24,12,12,9,5,4,1,0,1,1,0,1,84,84,23,28,18,10,3,2,0,59,54,5,6,28,1,6,9
533843373,0,,,100,39,61,12,5,7,88,34,54,56,23,33,86,33,53,84,33,51,32,11,21,21,5,16,11,2,9,5,1,4,0,0,0,33,32,7,12,3,8,0,2,0,25,24,1,1,13,0,4,5
533843374,0,,,197,89,108,15,6,9,167,78,89,104,52,52,161,75,86,158,74,84,63,26,37,27,9,18,7,2,5,0,0,0,0,0,0,80,80,20,27,17,9,6,1,0,55,47,8,4,47,0,13,14
533843381,0,,,605,304,301,73,36,37,483,240,243,342,179,163,462,230,232,445,219,226,141,61,80,57,24,33,18,6,12,2,0,2,2,1,1,260,260,81,83,45,34,15,2,0,164,150,14,18,99,6,32,27
533843382,0,,,286,136,150,19,10,9,243,114,129,122,61,61,242,114,128,240,114,126,121,53,68,68,22,46,25,6,19,2,0,2,2,0,2,116,115,38,44,22,7,4,0,0,68,63,5,6,50,1,12,19
533843383,0,,,223,113,110,22,15,7,198,96,102,141,71,70,188,88,100,181,84,97,57,25,32,24,8,16,9,3,6,0,0,0,1,0,1,94,94,30,28,18,12,3,1,2,63,47,16,5,42,4,8,10
533843384,0,,,40,14,26,2,1,1,36,11,25,8,5,3,36,11,25,36,11,25,28,6,22,26,6,20,19,3,16,6,0,6,0,0,0,9,8,5,0,1,2,0,0,0,3,1,2,1,3,0,1,0
533843391,0,,,165,78,87,30,12,18,104,49,55,88,42,46,98,47,51,91,43,48,16,7,9,5,2,3,1,0,1,0,0,0,3,2,1,65,65,21,8,20,13,2,1,0,38,35,3,12,11,4,3,2
533843392,0,,,700,354,346,92,47,45,594,298,296,397,214,183,569,285,284,555,274,281,197,84,113,117,46,71,47,12,35,8,2,6,4,1,3,227,226,45,62,52,47,13,7,0,178,156,22,18,87,2,21,21
533843393,0,,,117,63,54,19,13,6,92,45,47,69,32,37,88,43,45,83,41,42,23,13,10,12,6,6,1,1,0,0,0,0,2,2,0,47,47,16,8,12,7,3,1,0,31,29,2,2,16,2,4,5
533843394,0,,,501,237,264,84,38,46,400,191,209,309,152,157,382,182,200,368,177,191,91,39,52,35,13,22,7,1,6,0,0,0,3,3,0,176,176,22,59,45,29,16,5,0,150,139,11,24,56,1,8,21
533843432,2,533843434,,3,1,2,*,*,*,*,*,*,*,*,*,*,*,*,*,*,*,*,*,*,*,*,*,*,*,*,*,*,*,*,*,*,2,2,*,*,*,*,*,*,*,*,*,*,*,*,*,*,*
533843434,1,,533843432,137,59,78,12,2,10,128,58,70,57,26,31,125,57,68,124,56,68,71,32,39,37,14,23,16,5,11,1,0,1,4,1,3,59,59,15,24,15,5,1,0,1,46,42,4,4,47,1,12,17
533843441,0,,,180,86,94,16,6,10,164,80,84,96,43,53,155,74,81,153,73,80,68,37,31,30,16,14,13,7,6,1,1,0,0,0,0,72,71,20,18,21,9,1,1,1,51,40,11,3,46,0,17,13
533843442,0,,,32,15,17,0,0,0,32,15,17,17,9,8,30,14,16,30,14,16,15,6,9,8,2,6,6,1,5,0,0,0,2,1,1,13,13,2,7,1,2,1,0,0,11,9,2,0,9,0,2,5
533843443,0,,,49,22,27,0,0,0,49,22,27,17,11,6,49,22,27,49,22,27,32,11,21,19,6,13,10,3,7,2,1,1,0,0,0,18,17,5,3,7,2,0,0,0,12,10,2,0,14,0,3,3
533843444,0,,,8,4,4,0,0,0,8,4,4,6,3,3,8,4,4,8,4,4,2,1,1,2,1,1,1,1,0,0,0,0,0,0,0,4,4,1,2,1,0,0,0,0,3,2,1,0,2,0,1,0
533843451,0,,,252,122,130,17,7,10,235,115,120,141,72,69,229,113,116,227,112,115,94,43,51,38,19,19,5,2,3,0,0,0,4,3,1,104,104,21,44,21,13,2,3,0,82,72,10,7,60,0,14,22
533843452,0,,,297,154,143,41,27,14,256,127,129,175,87,88,251,126,125,247,124,123,81,40,41,37,17,20,8,4,4,0,0,0,6,3,3,122,122,32,38,29,17,3,2,1,89,82,7,16,52,4,9,16
533843453,0,,,492,255,237,70,47,23,422,208,214,306,159,147,393,194,199,384,188,196,116,49,67,49,23,26,9,3,6,1,0,1,15,5,10,217,217,82,55,36,30,12,2,0,135,125,10,18,81,15,29,23
533843454,0,,,210,102,108,19,11,8,191,91,100,125,63,62,188,88,100,187,88,99,66,28,38,34,12,22,17,8,9,2,0,2,7,5,2,104,104,45,30,15,12,0,2,0,58,51,7,7,51,9,21,11
533843461,0,,,212,107,105,12,10,2,200,97,103,120,67,53,194,96,98,188,93,95,80,30,50,42,13,29,14,4,10,1,0,1,3,0,3,101,101,41,29,16,12,2,0,1,60,45,15,5,56,2,22,14
533843462,0,,,594,323,271,78,42,36,507,276,231,360,203,157,493,269,224,481,262,219,147,73,74,83,43,40,20,7,13,4,2,2,7,2,5,277,276,119,77,32,35,10,2,1,156,142,14,21,89,29,28,27
533843463,0,,,860,407,453,87,39,48,771,366,405,440,233,207,754,360,394,734,348,386,331,133,198,203,81,122,73,27,46,7,2,5,7,6,1,390,390,141,124,59,42,20,2,2,243,198,45,14,226,28,68,64
533843464,0,,,553,284,269,81,45,36,469,236,233,302,169,133,455,227,228,445,223,222,167,67,100,90,36,54,29,7,22,5,2,3,16,7,9,239,238,90,65,36,27,13,5,2,147,127,20,22,115,9,43,28
533843471,0,,,64,27,37,7,2,5,57,25,32,34,15,19,56,24,32,56,24,32,23,10,13,8,3,5,3,1,2,0,0,0,0,0,0,27,27,6,11,4,6,0,0,0,21,18,3,1,16,1,4,7
533843472,0,,,249,122,127,22,11,11,211,103,108,148,75,73,203,97,106,199,96,103,63,28,35,16,8,8,5,1,4,0,0,0,2,0,2,98,98,18,36,24,15,3,2,0,75,69,6,7,42,0,9,16
533843473,0,,,60,32,28,2,2,0,58,30,28,26,12,14,56,30,26,52,28,24,32,18,14,16,8,8,6,2,4,0,0,0,0,0,0,25,25,4,13,3,4,1,0,0,21,17,4,0,19,0,4,9
533843474,0,,,60,27,33,6,2,4,54,25,29,32,15,17,53,25,28,52,24,28,22,10,12,5,2,3,2,1,1,0,0,0,0,0,0,22,22,2,9,6,3,2,0,0,20,17,3,1,13,0,1,4
533843481,0,,,33,17,16,3,2,1,27,13,14,18,9,9,27,13,14,27,13,14,9,4,5,5,3,2,3,2,1,0,0,0,0,0,0,13,13,2,5,4,1,1,0,0,10,9,1,1,6,0,2,2
533843482,2,533843484,,3,1,2,*,*,*,*,*,*,*,*,*,*,*,*,*,*,*,*,*,*,*,*,*,*,*,*,*,*,*,*,*,*,2,2,*,*,*,*,*,*,*,*,*,*,*,*,*,*,*
533843483,0,,,30,15,15,4,0,4,26,15,11,10,8,2,26,15,11,26,15,11,16,7,9,12,5,7,4,2,2,0,0,0,0,0,0,13,13,4,4,3,1,1,0,0,9,9,0,1,10,0,3,4
533843484,1,,533843482,121,60,61,17,9,8,105,51,54,58,30,28,101,50,51,100,49,51,47,21,26,22,9,13,12,4,8,3,0,3,3,2,1,45,45,7,19,8,10,3,0,0,38,29,9,3,29,0,6,9
533843491,2,533843492,,1,0,1,*,*,*,*,*,*,*,*,*,*,*,*,*,*,*,*,*,*,*,*,*,*,*,*,*,*,*,*,*,*,1,1,*,*,*,*,*,*,*,*,*,*,*,*,*,*,*
533843492,1,,533843491,400,197,203,86,42,44,304,150,154,248,121,127,295,145,150,292,144,148,56,29,27,24,10,14,4,1,3,1,0,1,1,0,1,137,137,20,42,26,33,15,2,0,114,103,11,28,39,3,8,12
533843493,0,,,54,25,29,5,2,3,49,23,26,27,15,12,48,23,25,47,23,24,22,8,14,11,3,8,2,0,2,0,0,0,0,0,0,22,22,7,6,5,2,1,0,1,15,12,3,1,16,0,4,2
533843494,0,,,240,118,122,34,23,11,196,90,106,144,69,75,188,87,101,182,84,98,52,21,31,22,6,16,4,0,4,1,0,1,4,1,3,91,91,16,35,18,12,8,2,0,69,58,11,8,39,0,10,11
533843532,0,,,64,32,32,12,7,5,52,25,27,27,13,14,51,25,26,51,25,26,25,12,13,16,6,10,7,1,6,0,0,0,0,0,0,25,25,5,9,6,3,1,1,0,20,18,2,3,18,0,4,6
533843534,0,,,29,16,13,2,0,2,27,16,11,15,8,7,27,16,11,27,16,11,12,8,4,7,4,3,3,1,2,0,0,0,0,0,0,11,11,3,3,3,0,1,1,0,8,6,2,1,10,0,3,0
533843541,1,,533843544,196,97,99,23,12,11,183,90,93,97,49,48,182,89,93,180,88,92,86,41,45,46,22,24,16,8,8,1,0,1,1,0,1,71,71,11,28,17,10,3,3,2,63,49,14,6,53,0,9,19
533843542,0,,,106,48,58,16,6,10,90,42,48,65,34,31,88,42,46,87,42,45,25,8,17,10,3,7,4,1,3,0,0,0,0,0,0,43,43,12,12,9,8,1,1,0,30,27,3,5,19,1,7,4
533843543,0,,,85,37,48,14,5,9,71,32,39,33,16,17,70,32,38,69,32,37,38,16,22,13,3,10,5,0,5,1,0,1,0,0,0,33,33,9,11,6,2,3,1,1,23,18,5,2,25,0,5,5
533843544,2,533843541,,10,5,5,*,*,*,*,*,*,*,*,*,*,*,*,*,*,*,*,*,*,*,*,*,*,*,*,*,*,*,*,*,*,3,3,*,*,*,*,*,*,*,*,*,*,*,*,*,*,*
533843551,0,,,65,29,36,6,2,4,59,27,32,40,21,19,56,25,31,55,24,31,19,6,13,14,5,9,4,2,2,0,0,0,1,0,1,27,27,8,7,7,3,2,0,0,19,16,3,0,16,0,7,1
533843552,0,,,530,272,258,48,26,22,481,245,236,290,158,132,469,239,230,457,230,227,191,87,104,107,46,61,31,12,19,1,0,1,6,3,3,219,219,67,46,67,27,10,2,0,152,120,32,20,128,8,38,24
533843553,0,,,180,95,85,27,13,14,150,79,71,106,60,46,149,78,71,145,76,69,44,19,25,19,8,11,7,4,3,2,1,1,4,2,2,84,84,34,19,20,8,2,1,0,49,47,2,9,30,7,10,9
533843554,0,,,643,317,326,83,40,43,560,277,283,392,206,186,539,268,271,526,261,265,168,71,97,90,39,51,23,8,15,3,0,3,3,2,1,280,280,105,68,55,33,12,5,2,174,149,25,29,115,18,37,27
533843561,0,,,737,398,339,85,47,38,647,346,301,446,265,181,632,338,294,625,335,290,201,81,120,107,37,70,36,12,24,4,1,3,26,13,13,364,363,172,90,47,37,12,5,0,190,161,29,21,146,49,51,30
533843562,0,,,263,122,141,24,16,8,239,106,133,121,59,62,236,103,133,234,102,132,118,47,71,70,25,45,32,12,20,8,2,6,1,1,0,95,93,14,44,17,14,2,1,1,78,65,13,4,54,5,3,22
533843563,0,,,363,187,176,45,26,19,312,158,154,220,123,97,304,155,149,297,152,145,92,35,57,44,10,34,17,2,15,2,0,2,3,0,3,162,162,61,44,23,28,4,1,1,94,83,11,12,67,13,20,13
533843564,0,,,10,5,5,0,0,0,10,5,5,7,4,3,10,5,5,10,5,5,3,1,2,2,0,2,2,0,2,0,0,0,0,0,0,4,4,1,2,0,0,1,0,0,3,2,1,0,3,0,1,0
533843571,1,,533843574,193,98,95,31,15,16,169,86,83,110,60,50,160,81,79,154,78,76,59,26,33,24,10,14,3,0,3,0,0,0,5,2,3,63,63,8,20,14,13,4,4,2,57,46,11,5,37,0,5,11
533843572,0,,,41,20,21,10,7,3,30,13,17,23,11,12,28,13,15,28,13,15,7,2,5,2,0,2,2,0,2,0,0,0,0,0,0,14,14,3,4,1,4,1,1,0,11,10,1,1,5,0,2,2
533843573,0,,,117,64,53,18,12,6,99,52,47,70,34,36,97,52,45,95,51,44,29,18,11,13,7,6,6,4,2,0,0,0,0,0,0,33,33,0,9,6,11,5,2,0,33,23,10,5,20,0,0,3
533843574,2,533843571,,7,3,4,*,*,*,*,*,*,*,*,*,*,*,*,*,*,*,*,*,*,*,*,*,*,*,*,*,*,*,*,*,*,2,2,*,*,*,*,*,*,*,*,*,*,*,*,*,*,*
533843581,2,533843582,,10,6,4,*,*,*,*,*,*,*,*,*,*,*,*,*,*,*,*,*,*,*,*,*,*,*,*,*,*,*,*,*,*,3,3,*,*,*,*,*,*,*,*,*,*,*,*,*,*,*
533843582,1,,533843581,50,26,24,12,8,4,48,24,24,26,14,12,48,24,24,48,24,24,22,10,12,9,4,5,3,1,2,1,0,1,0,0,0,20,20,6,7,3,5,1,1,0,17,13,4,1,14,0,4,4
533843583,2,533843584,,3,1,2,*,*,*,*,*,*,*,*,*,*,*,*,*,*,*,*,*,*,*,*,*,*,*,*,*,*,*,*,*,*,1,1,*,*,*,*,*,*,*,*,*,*,*,*,*,*,*
533843584,1,,533843583,58,28,30,4,1,3,57,28,29,31,18,13,55,26,29,54,25,29,26,10,16,17,7,10,5,0,5,1,0,1,0,0,0,20,20,3,8,4,2,2,2,0,18,12,6,1,16,0,2,5
533843591,1,,533843592,72,38,34,8,6,2,70,35,35,41,20,21,67,34,33,66,34,32,29,15,14,6,3,3,3,1,2,0,0,0,0,0,0,29,29,6,12,6,6,0,2,0,25,21,4,0,18,0,3,8
533843592,2,533843591,,12,7,5,*,*,*,*,*,*,*,*,*,*,*,*,*,*,*,*,*,*,*,*,*,*,*,*,*,*,*,*,*,*,3,3,*,*,*,*,*,*,*,*,*,*,*,*,*,*,*
533843631,0,,,13,8,5,0,0,0,13,8,5,10,7,3,13,8,5,13,8,5,3,1,2,0,0,0,0,0,0,0,0,0,0,0,0,5,5,1,1,2,1,0,0,0,4,4,0,0,2,0,1,0
533843632,1,,533843634,131,67,64,11,5,6,121,62,59,67,37,30,119,60,59,118,60,58,54,25,29,21,8,13,11,3,8,0,0,0,0,0,0,52,52,14,18,9,7,4,0,1,39,32,7,2,38,0,10,15
533843633,0,,,51,24,27,13,8,5,38,16,22,20,9,11,37,16,21,37,16,21,18,7,11,8,2,6,6,1,5,1,0,1,0,0,0,17,17,3,4,4,2,4,0,0,14,11,3,1,12,0,3,2
533843634,2,533843632,,1,0,1,*,*,*,*,*,*,*,*,*,*,*,*,*,*,*,*,*,*,*,*,*,*,*,*,*,*,*,*,*,*,1,1,*,*,*,*,*,*,*,*,*,*,*,*,*,*,*
533843642,0,,,234,109,125,28,11,17,206,98,108,129,62,67,195,93,102,192,91,101,77,36,41,41,15,26,9,2,7,0,0,0,0,0,0,96,96,26,34,18,10,5,1,2,69,59,10,10,54,0,18,16
533843643,0,,,417,208,209,47,30,17,368,176,192,283,140,143,356,166,190,348,161,187,85,36,49,35,13,22,11,4,7,0,0,0,27,6,21,190,190,71,52,35,25,5,2,0,117,110,7,15,67,8,34,16
533843644,0,,,195,102,93,16,8,8,179,94,85,139,74,65,168,88,80,164,85,79,40,20,20,14,7,7,1,0,1,0,0,0,3,0,3,77,77,16,26,18,14,1,2,0,60,58,2,4,27,1,6,10
533843651,0,,,53,30,23,4,1,3,49,29,20,20,13,7,49,29,20,49,29,20,29,16,13,9,6,3,1,1,0,0,0,0,0,0,0,23,23,6,11,2,3,0,0,1,17,15,2,1,18,0,5,6
533843652,0,,,385,206,179,61,28,33,310,168,142,252,145,107,300,163,137,295,159,136,58,23,35,33,13,20,12,4,8,1,0,1,1,0,1,188,188,82,53,23,24,5,0,1,101,96,5,22,36,29,8,15
533843653,0,,,109,55,54,23,11,12,86,44,42,69,36,33,84,43,41,82,42,40,17,8,9,5,2,3,0,0,0,0,0,0,1,1,0,44,44,13,10,10,9,2,0,0,31,29,2,10,11,1,3,5
533843654,0,,,1256,590,666,172,84,88,1083,506,577,827,400,427,1038,486,552,1007,470,537,256,106,150,103,40,63,35,10,25,3,0,3,31,16,15,539,539,183,153,85,84,28,6,0,350,324,26,53,179,19,72,52
533843661,0,,,215,109,106,34,19,15,180,90,90,129,66,63,175,88,87,173,86,87,51,24,27,25,10,15,4,2,2,1,0,1,0,0,0,87,87,20,31,17,15,2,2,0,67,60,7,12,33,4,4,17
533843663,0,,,492,279,213,65,32,33,426,246,180,302,185,117,416,239,177,409,237,172,124,61,63,59,31,28,11,5,6,2,1,1,12,11,1,235,235,101,66,32,20,13,3,0,133,118,15,20,77,60,14,36
533843664,0,,,174,80,94,6,1,5,168,79,89,62,37,25,166,78,88,166,78,88,106,42,64,71,28,43,36,14,22,4,0,4,0,0,0,26,24,7,5,5,3,3,1,0,16,12,4,2,13,0,3,3
533843671,0,,,17,10,7,3,2,1,14,8,6,7,4,3,14,8,6,14,8,6,7,4,3,3,2,1,0,0,0,0,0,0,0,0,0,6,6,1,3,0,0,2,0,0,5,4,1,1,4,0,1,2
533843673,0,,,28,15,13,0,0,0,28,15,13,17,10,7,26,13,13,25,12,13,11,5,6,8,4,4,1,1,0,0,0,0,0,0,0,8,8,1,1,1,3,2,0,0,7,6,1,0,7,0,1,1
533843674,0,,,171,74,97,46,22,24,125,52,73,112,48,64,110,43,67,105,42,63,13,4,9,3,1,2,1,1,0,0,0,0,1,0,1,56,56,7,14,13,14,7,1,0,49,47,2,11,9,0,2,3
533843681,2,533843682,,2,1,1,*,*,*,*,*,*,*,*,*,*,*,*,*,*,*,*,*,*,*,*,*,*,*,*,*,*,*,*,*,*,1,1,*,*,*,*,*,*,*,*,*,*,*,*,*,*,*
533843682,1,,533843681,73,40,33,6,3,3,69,38,31,44,26,18,66,36,30,66,36,30,25,12,13,8,3,5,2,0,2,1,0,1,0,0,0,28,28,6,8,8,6,1,0,0,22,17,5,2,15,0,1,6
533843683,0,,,27,16,11,4,3,1,23,13,10,10,6,4,22,12,10,22,12,10,13,7,6,6,5,1,0,0,0,0,0,0,0,0,0,10,10,1,4,2,3,0,0,0,9,9,0,1,7,0,1,4
533843684,0,,,27,18,9,5,5,0,22,13,9,11,7,4,21,12,9,21,12,9,11,6,5,5,3,2,2,2,0,0,0,0,0,0,0,9,9,1,3,2,1,2,0,0,8,6,2,0,7,0,1,3
533843693,2,533843694,,3,2,1,*,*,*,*,*,*,*,*,*,*,*,*,*,*,*,*,*,*,*,*,*,*,*,*,*,*,*,*,*,*,1,1,*,*,*,*,*,*,*,*,*,*,*,*,*,*,*
533843694,1,,533843693,13,7,6,0,0,0,16,9,7,7,5,2,16,9,7,16,9,7,9,4,5,8,3,5,5,1,4,0,0,0,0,0,0,9,9,5,4,1,0,0,0,0,5,5,0,0,8,0,4,1
533843722,0,,,18,7,11,1,0,1,17,7,10,10,3,7,17,7,10,16,7,9,7,4,3,4,1,3,2,0,2,0,0,0,1,0,1,7,7,1,4,0,1,1,0,0,6,4,2,1,5,0,1,1
533843724,0,,,168,78,90,15,3,12,153,75,78,91,46,45,146,73,73,144,72,72,62,29,33,32,14,18,8,3,5,0,0,0,0,0,0,54,54,5,17,12,11,5,4,0,49,36,13,0,38,0,5,10
533843731,0,,,160,86,74,15,11,4,145,75,70,82,43,39,138,73,65,135,72,63,63,32,31,40,20,20,12,3,9,4,0,4,0,0,0,63,63,18,21,8,10,1,4,1,45,31,14,2,45,0,13,9
533843733,0,,,50,29,21,1,1,0,49,28,21,29,17,12,48,28,20,48,28,20,20,11,9,12,8,4,2,2,0,0,0,0,1,0,1,20,20,3,8,6,2,1,0,0,17,16,1,1,11,0,1,6
533843734,0,,,160,91,69,11,7,4,149,84,65,74,47,27,145,80,65,143,79,64,75,37,38,38,19,19,10,5,5,2,1,1,0,0,0,67,67,16,28,11,7,3,2,0,51,43,8,1,51,0,12,16
533843741,0,,,280,137,143,30,13,17,249,123,126,171,86,85,238,118,120,231,113,118,78,37,41,27,13,14,10,6,4,1,0,1,12,5,7,130,130,50,41,18,13,6,2,0,80,71,9,7,55,5,18,17
533843742,0,,,188,90,98,17,8,9,171,82,89,114,57,57,166,82,84,163,79,84,57,25,32,28,12,16,10,3,7,1,0,1,0,0,0,74,74,20,18,18,14,2,2,0,53,44,9,6,41,3,9,10
533843743,0,,,16,8,8,1,0,1,15,8,7,6,3,3,15,8,7,15,8,7,9,5,4,3,2,1,0,0,0,0,0,0,0,0,0,7,7,0,5,2,0,0,0,0,7,7,0,1,5,0,0,3
533843744,0,,,98,44,54,4,2,2,94,42,52,52,24,28,91,41,50,90,41,49,42,18,24,21,9,12,11,5,6,0,0,0,0,0,0,35,35,3,14,10,4,3,1,0,32,25,7,1,24,0,1,12
533843751,0,,,82,37,45,5,1,4,77,36,41,52,22,30,75,35,40,75,35,40,25,14,11,12,5,7,8,3,5,2,1,1,2,0,2,33,33,10,8,7,5,3,0,0,22,17,5,3,17,2,3,3
533843752,0,,,518,262,256,69,41,28,449,221,228,347,183,164,429,211,218,413,205,208,102,38,64,47,13,34,20,2,18,0,0,0,1,1,0,207,207,61,56,36,36,15,3,0,145,128,17,20,67,16,16,22
533843753,0,,,60,26,34,4,2,2,56,24,32,32,14,18,55,24,31,54,24,30,24,10,14,13,4,9,1,0,1,0,0,0,0,0,0,19,19,2,5,4,5,2,1,0,17,9,8,0,15,0,2,2
533843754,0,,,461,234,227,67,33,34,394,201,193,254,137,117,379,190,189,370,185,185,140,64,76,60,27,33,20,10,10,1,0,1,1,0,1,152,152,21,42,41,24,13,6,5,131,107,24,13,86,0,12,28
533843761,0,,,56,24,32,6,1,5,50,23,27,41,18,23,50,23,27,50,23,27,9,5,4,4,1,3,2,0,2,0,0,0,7,3,4,25,25,9,6,8,1,0,0,1,14,11,3,0,7,0,2,1
533843762,0,,,111,57,54,7,3,4,104,54,50,69,37,32,99,51,48,95,49,46,35,17,18,18,9,9,4,3,1,2,1,1,0,0,0,42,42,8,15,7,9,2,1,0,34,32,2,0,21,0,4,11
533843763,0,,,70,32,38,11,3,8,59,29,30,44,22,22,58,29,29,57,29,28,15,7,8,10,3,7,1,0,1,0,0,0,11,8,3,31,31,13,9,2,4,2,0,1,18,16,2,1,11,9,2,6
533843771,2,533843772,,8,3,5,*,*,*,*,*,*,*,*,*,*,*,*,*,*,*,*,*,*,*,*,*,*,*,*,*,*,*,*,*,*,4,4,*,*,*,*,*,*,*,*,*,*,*,*,*,*,*
533843772,1,,533843771,52,23,29,1,0,1,59,26,33,38,18,20,59,26,33,58,25,33,21,8,13,6,1,5,1,0,1,0,0,0,0,0,0,20,20,3,14,3,1,2,1,0,21,18,3,0,16,0,1,7
533843773,0,,,13,6,7,0,0,0,13,6,7,11,5,6,12,6,6,11,5,6,2,1,1,0,0,0,0,0,0,0,0,0,0,0,0,4,4,0,1,1,2,0,0,0,4,4,0,0,1,0,0,0
533843774,0,,,59,31,28,9,6,3,50,25,25,28,15,13,50,25,25,50,25,25,22,10,12,8,4,4,2,1,1,0,0,0,0,0,0,21,21,4,9,3,1,1,2,1,16,12,4,1,14,0,1,5
533843781,0,,,45,20,25,4,1,3,41,19,22,28,13,15,37,17,20,35,16,19,13,6,7,6,2,4,4,1,3,0,0,0,0,0,0,13,13,2,2,2,3,3,1,0,10,5,5,0,8,0,0,1
533843782,0,,,49,24,25,0,0,0,49,24,25,30,18,12,46,22,24,44,22,22,19,6,13,10,3,7,2,0,2,0,0,0,0,0,0,17,17,4,3,3,5,2,0,0,13,9,4,0,12,0,4,1
533843783,0,,,46,25,21,5,3,2,41,22,19,25,14,11,41,22,19,40,21,19,16,8,8,6,2,4,3,1,2,0,0,0,0,0,0,15,15,3,4,2,3,2,0,1,12,8,4,1,12,0,3,3
533843784,0,,,179,89,90,10,3,7,169,86,83,89,46,43,163,82,81,161,82,79,80,40,40,39,20,19,16,4,12,1,0,1,0,0,0,70,70,16,22,13,17,1,0,1,53,42,11,2,52,0,15,12
533843791,0,,,16,7,9,0,0,0,16,7,9,8,3,5,14,7,7,14,7,7,8,4,4,4,2,2,2,1,1,0,0,0,0,0,0,6,6,1,3,1,0,0,1,0,5,4,1,0,5,0,1,2
533843793,0,,,12,5,7,0,0,0,12,5,7,5,2,3,12,5,7,12,5,7,7,3,4,5,2,3,2,1,1,1,0,1,0,0,0,4,4,0,1,2,1,0,0,0,4,3,1,0,4,0,0,0
533843794,1,,533843892,12,6,6,1,1,0,20,8,12,5,1,4,20,8,12,19,8,11,15,7,8,10,5,5,3,1,2,0,0,0,1,0,1,6,6,0,8,0,0,1,0,0,9,8,1,0,9,0,0,7
533843822,0,,,79,39,40,6,3,3,73,36,37,49,23,26,72,36,36,70,35,35,24,13,11,11,5,6,4,3,1,0,0,0,0,0,0,33,33,8,13,6,4,1,1,0,25,23,2,1,18,0,5,5
533843823,2,533843824,,3,1,2,*,*,*,*,*,*,*,*,*,*,*,*,*,*,*,*,*,*,*,*,*,*,*,*,*,*,*,*,*,*,1,1,*,*,*,*,*,*,*,*,*,*,*,*,*,*,*
533843824,1,,533843823,131,57,74,11,7,4,123,51,72,86,35,51,120,51,69,118,50,68,37,16,21,17,6,11,7,2,5,1,0,1,0,0,0,59,59,21,19,9,7,4,0,0,39,32,7,4,29,6,10,3
533843831,2,533843832,,11,6,5,*,*,*,*,*,*,*,*,*,*,*,*,*,*,*,*,*,*,*,*,*,*,*,*,*,*,*,*,*,*,3,3,*,*,*,*,*,*,*,*,*,*,*,*,*,*,*
533843832,1,,533843831;533843833,21,11,10,2,2,0,32,16,16,19,8,11,31,16,15,30,15,15,13,8,5,5,3,2,1,1,0,0,0,0,0,0,0,6,6,0,4,3,1,0,1,1,10,9,1,1,8,0,0,3
533843833,2,533843832,,2,1,1,*,*,*,*,*,*,*,*,*,*,*,*,*,*,*,*,*,*,*,*,*,*,*,*,*,*,*,*,*,*,1,1,*,*,*,*,*,*,*,*,*,*,*,*,*,*,*
533843841,0,,,47,25,22,5,4,1,42,21,21,26,13,13,41,20,21,41,20,21,16,8,8,10,4,6,3,2,1,0,0,0,0,0,0,17,17,3,4,6,2,2,0,0,14,12,2,2,12,0,3,2
533843842,0,,,172,85,87,14,10,4,158,75,83,89,44,45,155,74,81,153,74,79,69,31,38,33,17,16,8,1,7,0,0,0,1,0,1,72,72,20,22,14,14,2,0,0,51,44,7,4,45,0,11,9
533843844,0,,,12,7,5,2,2,0,10,5,5,7,4,3,10,5,5,10,5,5,3,1,2,1,0,1,0,0,0,0,0,0,0,0,0,4,4,1,0,1,2,0,0,0,3,3,0,0,2,0,1,0
533843851,0,,,37,16,21,3,0,3,34,16,18,15,8,7,34,16,18,34,16,18,19,8,11,9,4,5,3,1,2,0,0,0,0,0,0,13,13,0,6,4,2,1,0,0,13,11,2,1,11,0,0,3
533843852,0,,,484,252,232,93,48,45,391,204,187,315,168,147,367,189,178,356,182,174,76,36,40,32,13,19,12,5,7,1,0,1,0,0,0,168,168,35,33,40,41,16,2,1,132,117,15,29,52,12,9,11
533843853,0,,,80,39,41,4,1,3,76,38,38,39,22,17,74,36,38,72,35,37,37,16,21,18,8,10,6,1,5,2,0,2,0,0,0,29,29,2,14,5,5,3,0,0,27,23,4,1,22,0,1,6
533843854,0,,,84,35,49,12,3,9,72,32,40,46,18,28,70,31,39,68,31,37,26,14,12,15,7,8,3,1,2,0,0,0,1,1,0,29,29,5,7,9,4,2,2,0,24,20,4,2,18,0,5,5
533843861,2,533843862,,6,4,2,*,*,*,*,*,*,*,*,*,*,*,*,*,*,*,*,*,*,*,*,*,*,*,*,*,*,*,*,*,*,3,3,*,*,*,*,*,*,*,*,*,*,*,*,*,*,*
533843862,1,,533843861,77,38,39,4,2,2,79,40,39,44,25,19,77,39,38,75,38,37,35,15,20,23,8,15,7,2,5,2,0,2,0,0,0,32,32,12,10,3,8,2,0,0,23,15,8,1,28,0,8,5
533843864,0,,,16,8,8,0,0,0,16,8,8,11,5,6,16,8,8,15,8,7,5,3,2,1,1,0,0,0,0,0,0,0,0,0,0,6,6,1,2,1,2,0,0,0,5,5,0,0,3,0,0,2
533843871,0,,,57,28,29,5,2,3,52,26,26,31,17,14,52,26,26,52,26,26,21,9,12,13,4,9,8,2,6,2,1,1,0,0,0,23,23,5,7,7,3,1,0,0,18,14,4,2,13,0,3,2
533843872,0,,,37,15,22,3,0,3,34,15,19,15,7,8,32,15,17,31,14,17,19,8,11,11,6,5,1,0,1,0,0,0,0,0,0,16,16,3,8,3,1,1,0,0,13,12,1,0,11,0,2,5
533843873,1,,533843874,54,29,25,1,0,1,56,30,26,39,23,16,55,30,25,55,30,25,17,7,10,12,4,8,8,2,6,0,0,0,1,1,0,20,20,8,5,3,2,2,2,0,14,10,4,0,14,0,6,1
533843874,2,533843873,,3,1,2,*,*,*,*,*,*,*,*,*,*,*,*,*,*,*,*,*,*,*,*,*,*,*,*,*,*,*,*,*,*,2,2,*,*,*,*,*,*,*,*,*,*,*,*,*,*,*
533843881,0,,,81,45,36,5,4,1,76,41,35,42,24,18,75,41,34,74,40,34,34,17,17,18,7,11,3,1,2,0,0,0,0,0,0,44,44,25,8,5,5,1,0,0,19,17,2,1,25,3,11,5
533843882,0,,,217,98,119,21,8,13,196,90,106,102,46,56,194,90,104,188,87,101,94,44,50,46,21,25,16,5,11,1,0,1,1,1,0,83,83,19,30,12,12,6,4,0,64,45,19,2,59,1,13,19
533843883,0,,,85,43,42,12,6,6,73,37,36,42,20,22,72,36,36,71,35,36,31,17,14,13,8,5,2,1,1,0,0,0,3,1,2,34,34,6,15,7,4,1,0,1,28,25,3,4,19,0,4,10
533843884,0,,,19,11,8,0,0,0,19,11,8,11,8,3,19,11,8,19,11,8,8,3,5,3,0,3,2,0,2,0,0,0,0,0,0,7,7,0,3,3,1,0,0,0,7,5,2,0,5,0,0,0
533843892,2,533843794,,9,3,6,*,*,*,*,*,*,*,*,*,*,*,*,*,*,*,*,*,*,*,*,*,*,*,*,*,*,*,*,*,*,3,3,*,*,*,*,*,*,*,*,*,*,*,*,*,*,*
533843921,1,,533843923,79,39,40,4,2,2,77,38,39,41,19,22,75,38,37,74,37,37,36,19,17,17,6,11,5,1,4,1,1,0,0,0,0,33,32,8,14,4,4,2,1,0,25,19,6,1,25,0,7,7
533843923,2,533843921,,2,1,1,*,*,*,*,*,*,*,*,*,*,*,*,*,*,*,*,*,*,*,*,*,*,*,*,*,*,*,*,*,*,1,1,*,*,*,*,*,*,*,*,*,*,*,*,*,*,*
533843924,0,,,37,17,20,4,1,3,33,16,17,21,11,10,33,16,17,33,16,17,12,5,7,3,2,1,0,0,0,0,0,0,0,0,0,17,17,6,4,5,2,0,0,0,10,10,0,0,8,0,3,2
533843931,1,,533843932,21,9,12,0,0,0,23,10,13,16,6,10,22,10,12,21,10,11,7,4,3,3,2,1,0,0,0,0,0,0,0,0,0,7,7,2,3,1,3,0,0,0,6,5,1,0,6,0,2,2
533843932,2,533843931,,2,1,1,*,*,*,*,*,*,*,*,*,*,*,*,*,*,*,*,*,*,*,*,*,*,*,*,*,*,*,*,*,*,2,2,*,*,*,*,*,*,*,*,*,*,*,*,*,*,*
533843933,0,,,130,68,62,9,6,3,121,62,59,71,38,33,119,61,58,116,58,58,50,24,26,31,16,15,5,4,1,1,1,0,0,0,0,55,55,14,18,14,8,0,1,0,40,36,4,3,34,1,12,12
533843934,0,,,124,63,61,7,2,5,117,61,56,74,40,34,114,59,55,114,59,55,43,21,22,25,10,15,9,4,5,0,0,0,0,0,0,56,56,16,21,11,7,1,0,0,39,36,3,2,31,0,10,8
533843941,2,533843942,,9,7,2,*,*,*,*,*,*,*,*,*,*,*,*,*,*,*,*,*,*,*,*,*,*,*,*,*,*,*,*,*,*,2,2,*,*,*,*,*,*,*,*,*,*,*,*,*,*,*
533843942,1,,533843941,128,61,67,15,7,8,122,61,61,77,37,40,119,61,58,116,58,58,45,24,21,24,13,11,9,5,4,0,0,0,2,0,2,47,47,9,14,12,10,1,2,1,40,33,7,2,30,0,6,6
533843943,0,,,58,29,29,8,5,3,50,24,26,28,14,14,50,24,26,50,24,26,22,10,12,11,5,6,4,2,2,0,0,0,0,0,0,24,24,6,7,8,1,2,0,0,18,15,3,3,15,0,3,2
533843944,0,,,190,88,102,17,10,7,173,78,95,104,50,54,169,78,91,166,77,89,69,28,41,38,15,23,13,4,9,3,1,2,3,0,3,86,86,27,30,18,7,3,1,0,59,52,7,3,46,0,13,14
533843951,0,,,371,185,186,31,20,11,340,165,175,207,104,103,325,157,168,319,156,163,133,61,72,76,31,45,40,13,27,1,0,1,6,5,1,152,152,40,56,21,20,14,1,0,111,98,13,6,87,8,21,32
533843952,0,,,46,25,21,9,7,2,37,18,19,18,10,8,37,18,19,37,18,19,19,8,11,8,1,7,4,1,3,1,0,1,0,0,0,17,17,4,6,2,2,2,1,0,13,8,5,2,14,0,4,3
533843953,0,,,75,35,40,4,2,2,71,33,38,49,22,27,65,30,35,62,29,33,22,11,11,6,3,3,4,1,3,0,0,0,0,0,0,31,31,7,11,8,3,2,0,0,24,23,1,0,15,1,5,5
533843954,0,,,108,57,51,7,4,3,101,53,48,56,30,26,100,52,48,97,49,48,45,23,22,16,7,9,4,1,3,0,0,0,2,0,2,44,44,9,18,8,6,3,0,0,34,30,4,2,29,0,5,12
533843961,0,,,19,8,11,0,0,0,19,8,11,12,5,7,19,8,11,19,8,11,7,3,4,5,2,3,2,1,1,0,0,0,0,0,0,7,7,0,4,1,2,0,0,0,7,6,1,0,4,0,0,1
533843963,0,,,107,58,49,5,3,2,102,55,47,59,34,25,101,55,46,100,54,46,43,21,22,20,10,10,5,3,2,0,0,0,0,0,0,41,41,9,13,9,7,2,0,1,32,25,7,1,30,0,5,7
533843972,0,,,19,9,10,1,1,0,18,8,10,7,4,3,18,8,10,18,8,10,11,4,7,4,1,3,2,0,2,0,0,0,0,0,0,12,12,6,5,1,0,0,0,0,6,6,0,0,9,0,6,2
533843981,0,,,55,28,27,2,2,0,53,26,27,20,10,10,52,25,27,51,24,27,33,16,17,18,7,11,9,2,7,0,0,0,1,0,1,25,25,9,9,3,2,1,1,0,16,13,3,1,23,0,9,6
533843991,0,,,15,8,7,2,1,1,13,7,6,8,4,4,13,7,6,13,7,6,5,3,2,3,1,2,2,1,1,0,0,0,0,0,0,6,6,2,2,0,1,1,0,0,4,3,1,0,4,0,0,1
533843993,0,,,93,47,46,6,3,3,87,44,43,49,27,22,86,43,43,84,41,43,38,17,21,20,9,11,6,2,4,0,0,0,0,0,0,33,33,7,10,5,7,2,1,1,26,18,8,1,27,0,7,7
533843994,0,,,11,5,6,0,0,0,11,5,6,4,2,2,11,5,6,11,5,6,7,3,4,1,0,1,1,0,1,0,0,0,0,0,0,4,4,0,2,1,1,0,0,0,4,3,1,0,4,0,0,2
533844001,0,,,244,114,130,21,7,14,201,93,108,124,61,63,193,89,104,190,88,102,77,32,45,41,17,24,11,4,7,0,0,0,0,0,0,93,93,23,30,17,12,5,5,1,65,54,11,3,54,0,12,16
533844002,0,,,623,306,317,76,34,42,497,243,254,335,177,158,490,237,253,480,234,246,162,66,96,65,25,40,17,6,11,1,0,1,5,2,3,259,258,72,90,48,36,11,0,1,172,154,18,23,104,8,26,30
533844003,0,,,47,26,21,0,0,0,42,23,19,29,16,13,42,23,19,42,23,19,13,7,6,4,1,3,0,0,0,0,0,0,0,0,0,7,6,1,3,1,0,1,0,0,4,4,0,0,2,0,0,1
533844004,0,,,394,180,214,40,19,21,331,148,183,161,82,79,322,141,181,316,138,178,170,66,104,110,38,72,56,14,42,9,2,7,4,1,3,142,141,39,43,28,24,6,1,0,94,85,9,13,83,2,28,22
533844011,0,,,1150,581,569,113,51,62,943,473,470,647,337,310,923,460,463,912,454,458,296,136,160,141,62,79,32,11,21,2,0,2,23,14,9,576,576,244,176,95,41,16,3,1,317,290,27,42,193,31,49,73
533844012,0,,,644,343,301,73,38,35,522,269,253,372,200,172,508,261,247,502,259,243,150,69,81,67,29,38,15,5,10,1,0,1,19,12,7,322,321,152,79,50,30,8,1,1,162,153,9,27,105,26,33,32
533844013,0,,,1543,787,756,170,94,76,1283,644,639,941,482,459,1245,626,619,1212,602,610,342,162,180,151,70,81,26,14,12,0,0,0,24,10,14,698,698,232,228,138,72,18,7,3,447,419,28,55,231,35,52,76
533844014,0,,,1218,601,617,195,101,94,952,467,485,733,377,356,916,446,470,895,437,458,219,90,129,94,36,58,19,5,14,0,0,0,18,12,6,508,508,157,142,98,81,23,5,2,332,303,29,64,153,25,38,41
533844021,0,,,1311,683,628,190,97,93,993,504,489,805,414,391,951,483,468,928,465,463,188,90,98,71,33,38,21,7,14,2,1,1,22,15,7,565,565,189,147,117,89,17,6,0,345,321,24,65,127,39,30,45
533844022,0,,,1824,886,938,233,118,115,1541,738,803,1069,525,544,1494,713,781,1460,695,765,472,213,259,240,103,137,65,22,43,3,1,2,30,16,14,739,737,259,206,128,105,30,5,4,466,426,40,63,251,37,86,63
533844023,0,,,1423,697,726,210,115,95,1130,544,586,905,442,463,1083,522,561,1053,505,548,225,102,123,99,33,66,32,7,25,7,1,6,11,6,5,582,580,162,171,132,82,27,6,0,388,360,28,81,140,23,37,45
533844024,0,,,1499,751,748,231,112,119,1200,596,604,881,456,425,1159,576,583,1133,563,570,319,140,179,187,76,111,60,19,41,5,2,3,20,11,9,647,647,222,182,118,82,30,10,3,410,375,35,77,210,31,54,73
533844031,0,,,1341,727,614,154,84,70,1169,633,536,903,529,374,1007,487,520,952,452,500,266,104,162,160,61,99,56,15,41,8,0,8,22,13,9,522,520,194,135,87,90,9,4,1,321,298,23,48,164,29,57,48
533844032,0,,,681,312,369,102,53,49,543,240,303,403,196,207,527,236,291,520,232,288,140,44,96,86,21,65,47,8,39,9,2,7,12,1,11,307,306,131,78,48,39,9,1,0,167,161,6,29,66,24,21,15
533844033,0,,,1287,593,694,200,104,96,1060,475,585,781,366,415,1021,454,567,987,441,546,279,109,170,153,59,94,55,17,38,6,1,5,13,8,5,550,549,185,159,101,76,21,4,3,360,330,30,62,172,45,46,59
533844034,0,,,802,365,437,101,41,60,659,299,360,475,224,251,647,290,357,630,284,346,184,75,109,105,40,65,45,18,27,1,0,1,9,3,6,397,397,181,107,52,41,10,5,1,212,197,15,27,133,43,39,43
533844041,0,,,998,476,522,54,24,30,883,417,466,598,300,298,868,408,460,827,393,434,285,117,168,151,58,93,54,17,37,5,2,3,15,9,6,580,579,333,132,73,32,5,3,1,239,211,28,19,192,82,64,55
533844042,0,,,540,264,276,43,25,18,471,226,245,308,159,149,459,222,237,447,217,230,163,67,96,103,37,66,42,12,30,2,1,1,15,4,11,292,291,153,71,42,16,7,2,0,134,123,11,9,112,29,41,32
533844043,0,,,1053,497,556,94,42,52,922,434,488,590,299,291,904,424,480,879,415,464,332,135,197,203,82,121,70,24,46,2,0,2,26,10,16,571,569,296,149,72,40,8,4,0,271,254,17,30,232,55,96,68
533844044,0,,,1096,500,596,127,71,56,954,423,531,585,291,294,929,413,516,904,396,508,369,132,237,225,72,153,83,27,56,2,0,2,8,3,5,520,520,203,167,75,47,25,2,1,311,270,41,27,267,30,100,73
533844051,0,,,1591,795,796,141,72,69,1369,671,698,936,496,440,1330,653,677,1304,641,663,433,175,258,240,87,153,106,32,74,12,2,10,35,15,20,896,895,498,212,102,65,15,2,1,393,359,34,48,317,60,133,76
533844052,0,,,1456,716,740,137,68,69,1249,607,642,842,462,380,1226,593,633,1205,581,624,407,145,262,209,65,144,71,18,53,14,2,12,25,10,15,838,837,472,207,97,41,17,3,0,362,324,38,41,295,89,123,72
533844053,0,,,1809,863,946,152,75,77,1633,771,862,922,472,450,1593,750,843,1558,731,827,711,299,412,400,155,245,149,45,104,15,5,10,40,18,22,815,811,343,246,135,58,22,6,1,462,407,55,40,409,69,139,123
533844054,0,,,1762,888,874,155,85,70,1528,752,776,1017,552,465,1495,738,757,1432,696,736,511,200,311,289,105,184,108,30,78,8,4,4,42,24,18,924,921,473,245,117,55,25,5,1,437,387,50,42,357,124,133,99
533844061,0,,,180,86,94,13,5,8,158,74,84,98,49,49,153,70,83,152,69,83,60,25,35,35,10,25,15,3,12,1,0,1,10,4,6,93,93,50,19,13,5,3,3,0,41,34,7,6,44,6,19,10
533844062,0,,,346,181,165,44,21,23,301,159,142,193,108,85,290,150,140,281,145,136,108,51,57,56,26,30,13,5,8,0,0,0,6,4,2,141,141,34,47,33,18,7,2,0,106,94,12,4,75,0,24,24
533844063,0,,,643,285,358,58,25,33,575,253,322,333,165,168,560,247,313,550,242,308,242,88,154,153,50,103,57,14,43,12,2,10,9,3,6,307,305,133,90,49,27,5,1,0,169,155,14,20,142,15,53,42
533844071,0,,,438,227,211,54,29,25,374,193,181,277,142,135,364,186,178,361,185,176,97,51,46,35,16,19,10,3,7,2,0,2,0,0,0,191,191,64,60,31,22,11,3,0,121,115,6,15,70,9,22,23
533844072,1,,533844082;533844084;533844182,92,51,41,11,6,5,87,48,39,48,29,19,86,47,39,85,46,39,39,19,20,22,12,10,6,2,4,1,0,1,2,1,1,38,38,17,15,6,5,2,1,0,29,27,2,2,27,1,10,9
533844073,0,,,29,15,14,6,3,3,22,12,10,14,7,7,22,12,10,22,12,10,8,5,3,1,1,0,0,0,0,0,0,0,1,0,1,11,11,1,6,1,2,1,0,0,10,8,2,1,5,0,0,2
533844074,0,,,115,54,61,13,4,9,102,50,52,56,30,26,97,47,50,96,46,50,46,20,26,22,8,14,7,3,4,0,0,0,2,1,1,46,46,13,11,11,9,1,1,0,33,28,5,3,32,0,11,9
533844082,2,533844072,,1,1,0,*,*,*,*,*,*,*,*,*,*,*,*,*,*,*,*,*,*,*,*,*,*,*,*,*,*,*,*,*,*,1,1,*,*,*,*,*,*,*,*,*,*,*,*,*,*,*
533844084,2,533844072,,2,1,1,*,*,*,*,*,*,*,*,*,*,*,*,*,*,*,*,*,*,*,*,*,*,*,*,*,*,*,*,*,*,2,2,*,*,*,*,*,*,*,*,*,*,*,*,*,*,*
533844093,2,533844172,,4,4,0,*,*,*,*,*,*,*,*,*,*,*,*,*,*,*,*,*,*,*,*,*,*,*,*,*,*,*,*,*,*,4,4,*,*,*,*,*,*,*,*,*,*,*,*,*,*,*
533844101,0,,,529,255,274,153,69,84,370,182,188,297,154,143,360,177,183,356,174,182,73,28,45,44,10,34,36,6,30,9,2,7,1,1,0,169,167,39,30,37,41,12,6,2,126,120,6,56,22,8,5,2
533844102,0,,,324,114,210,40,23,17,280,88,192,87,44,43,278,87,191,276,86,190,193,44,149,164,28,136,108,14,94,21,0,21,1,1,0,52,49,5,17,11,11,5,0,0,42,40,2,20,10,0,1,6
533844103,0,,,853,435,418,163,87,76,656,330,326,519,269,250,632,319,313,622,313,309,137,61,76,62,27,35,17,5,12,1,0,1,5,1,4,331,330,90,93,66,54,17,7,3,229,210,19,48,84,13,16,28
533844104,0,,,785,370,415,159,79,80,620,286,334,513,240,273,568,260,308,539,240,299,107,46,61,45,19,26,10,4,6,1,0,1,4,1,3,271,271,43,80,50,66,25,6,1,226,206,20,26,75,1,17,27
533844111,0,,,926,452,474,118,63,55,749,360,389,486,236,250,722,346,376,705,337,368,263,124,139,131,57,74,30,12,18,2,2,0,4,1,3,368,368,87,130,66,56,20,6,3,265,234,31,26,177,0,45,57
533844112,0,,,1232,596,636,159,83,76,1040,492,548,653,328,325,1010,476,534,1000,474,526,387,164,223,186,68,118,62,16,46,5,0,5,17,11,6,494,492,104,188,102,66,27,3,2,380,345,35,47,245,8,48,83
533844113,0,,,1158,539,619,144,73,71,974,447,527,641,286,355,946,435,511,931,429,502,333,161,172,147,63,84,41,16,25,3,2,1,12,5,7,463,463,85,174,120,61,18,4,1,365,334,31,34,222,3,44,84
533844114,0,,,1494,740,754,192,101,91,1252,606,646,826,413,413,1209,582,627,1189,569,620,426,193,233,195,80,115,50,21,29,5,1,4,19,11,8,634,634,171,230,117,79,30,4,3,451,412,39,61,283,21,64,100
533844121,0,,,1412,716,696,185,90,95,1138,572,566,857,446,411,1081,543,538,1063,533,530,281,126,155,128,58,70,42,19,23,1,0,1,6,4,2,596,596,182,175,117,90,25,5,2,396,375,21,56,194,22,50,61
533844122,0,,,1309,602,707,187,92,95,1099,493,606,793,372,421,1059,470,589,1039,457,582,306,121,185,145,56,89,43,11,32,4,0,4,25,12,13,550,544,168,174,96,81,18,7,0,368,344,24,65,196,15,67,60
533844123,0,,,1123,552,571,126,58,68,928,459,469,604,315,289,893,440,453,880,432,448,324,144,180,174,76,98,52,21,31,6,3,3,7,2,5,450,450,115,143,91,68,24,7,2,315,277,38,34,216,6,55,68
533844124,0,,,859,409,450,110,48,62,660,309,351,428,208,220,642,301,341,636,298,338,232,101,131,127,53,74,42,17,25,6,1,5,7,1,6,377,377,139,100,65,49,17,5,2,222,191,31,28,159,18,44,52
533844131,0,,,978,459,519,133,58,75,827,391,436,577,270,307,809,382,427,797,376,421,250,121,129,113,53,60,35,16,19,1,1,0,12,4,8,443,443,139,166,67,53,15,2,1,292,272,20,39,174,15,46,65
533844132,0,,,1738,765,973,196,80,116,1517,668,849,931,444,487,1459,643,816,1420,624,796,586,224,362,384,144,240,129,52,77,8,5,3,14,4,10,839,839,332,266,124,91,21,3,2,499,467,32,52,421,34,176,126
533844133,0,,,1106,517,589,143,70,73,947,438,509,611,298,313,915,420,495,895,413,482,336,140,196,192,68,124,74,24,50,4,1,3,13,5,8,506,506,181,167,80,52,18,5,3,319,285,34,34,240,23,88,69
533844134,0,,,1064,429,635,114,57,57,940,366,574,477,216,261,916,357,559,901,352,549,463,150,313,342,95,247,191,40,151,31,2,29,11,6,5,410,405,149,126,63,46,16,4,1,255,227,28,27,211,12,82,60
533844141,0,,,1684,741,943,220,113,107,1433,604,829,822,351,471,1377,580,797,1345,563,782,611,253,358,334,129,205,112,35,77,4,2,2,65,28,37,842,842,345,289,114,60,27,5,2,490,455,35,53,456,13,214,118
533844142,0,,,1384,686,698,122,66,56,1220,597,623,790,426,364,1189,581,608,1157,561,596,430,171,259,276,96,180,130,37,93,22,8,14,14,5,9,699,697,340,187,85,65,20,0,0,352,313,39,30,267,61,88,77
533844143,0,,,506,220,286,56,21,35,447,196,251,256,131,125,434,191,243,428,188,240,191,65,126,131,41,90,65,16,49,11,3,8,5,2,3,206,205,72,56,52,20,3,2,0,133,124,9,15,95,13,31,24
533844144,0,,,781,401,380,94,52,42,675,342,333,462,248,214,653,328,325,631,314,317,213,94,119,141,57,84,61,26,35,3,0,3,19,11,8,360,360,132,115,54,44,9,6,0,224,210,14,18,143,24,44,55
533844151,0,,,1215,653,562,104,53,51,1065,567,498,707,406,301,1041,553,488,1011,534,477,358,161,197,193,76,117,76,25,51,6,2,4,36,19,17,624,622,368,126,74,34,14,5,1,252,226,26,23,249,106,110,62
533844152,0,,,1118,581,537,91,43,48,956,495,461,699,382,317,927,475,452,870,438,432,257,113,144,158,65,93,64,26,38,7,5,2,34,21,13,666,666,425,120,60,39,17,3,2,240,212,28,28,181,174,54,56
533844153,0,,,1599,775,824,203,108,95,1375,650,725,822,428,394,1335,630,705,1292,603,689,553,222,331,322,110,212,130,38,92,9,2,7,35,17,18,864,864,436,244,96,60,23,4,1,422,390,32,53,420,79,203,100
533844154,0,,,1484,800,684,105,56,49,1281,673,608,942,529,413,1247,657,590,1142,600,542,339,144,195,210,84,126,93,33,60,3,1,2,37,23,14,925,925,616,155,75,62,17,0,0,308,286,22,23,239,265,79,77
533844161,0,,,983,542,441,75,35,40,821,454,367,621,376,245,809,447,362,746,402,344,200,78,122,107,35,72,33,11,22,6,1,5,16,10,6,630,630,419,120,50,33,7,0,1,209,187,22,17,138,164,45,46
533844162,0,,,395,213,182,33,19,14,356,189,167,239,129,110,346,184,162,334,177,157,117,60,57,43,20,23,13,6,7,1,0,1,16,9,7,202,202,93,57,31,12,8,0,1,107,96,11,8,85,25,28,23
533844163,0,,,1344,723,621,114,53,61,1143,621,522,824,482,342,1113,609,504,1035,557,478,319,139,180,194,81,113,64,28,36,6,2,4,46,26,20,733,731,443,140,63,72,12,0,1,282,255,27,33,221,169,75,73
533844164,0,,,617,343,274,58,29,29,540,301,239,360,222,138,523,292,231,489,266,223,180,79,101,90,37,53,22,2,20,2,0,2,13,8,5,313,312,151,80,35,39,5,2,0,159,145,14,13,121,50,32,42
533844172,1,,533844093;533844173,40,20,20,7,3,4,36,20,16,16,8,8,36,20,16,35,20,15,20,12,8,14,10,4,5,3,2,0,0,0,0,0,0,16,16,6,10,2,2,1,0,0,15,14,1,2,12,2,2,7
533844173,2,533844172,,1,1,0,*,*,*,*,*,*,*,*,*,*,*,*,*,*,*,*,*,*,*,*,*,*,*,*,*,*,*,*,*,*,1,1,*,*,*,*,*,*,*,*,*,*,*,*,*,*,*
533844182,2,533844072,,6,2,4,*,*,*,*,*,*,*,*,*,*,*,*,*,*,*,*,*,*,*,*,*,*,*,*,*,*,*,*,*,*,5,5,*,*,*,*,*,*,*,*,*,*,*,*,*,*,*
533844201,0,,,577,293,284,66,33,33,487,247,240,364,194,170,459,234,225,447,227,220,123,53,70,55,19,36,11,4,7,0,0,0,1,0,1,234,234,61,68,56,37,9,2,1,165,147,18,14,87,1,22,24
533844202,0,,,833,427,406,137,73,64,666,336,330,512,269,243,641,317,324,627,308,319,154,67,87,69,28,41,23,7,16,6,0,6,8,4,4,347,347,108,94,73,48,18,6,0,230,212,18,49,104,20,27,27
533844203,0,,,618,289,329,114,51,63,478,222,256,352,175,177,460,215,245,455,213,242,126,47,79,67,22,45,30,6,24,5,1,4,7,4,3,212,211,35,58,50,52,11,5,0,167,151,16,41,69,1,14,19
533844204,0,,,139,74,65,11,6,5,118,62,56,56,31,25,117,62,55,117,62,55,62,31,31,31,13,18,19,8,11,2,2,0,4,0,4,66,65,29,22,8,2,4,0,0,35,33,2,2,31,7,9,13
533844211,0,,,585,304,281,83,48,35,477,242,235,336,179,157,457,236,221,447,229,218,141,63,78,66,28,38,22,10,12,0,0,0,3,1,2,247,247,70,72,58,39,7,1,0,168,146,22,24,98,9,24,29
533844212,0,,,1243,608,635,191,91,100,1002,489,513,683,345,338,975,476,499,960,466,494,319,144,175,164,75,89,37,15,22,1,1,0,4,1,3,513,513,130,175,105,71,28,4,0,369,339,30,47,218,11,48,79
533844213,0,,,386,191,195,26,18,8,356,170,186,189,101,88,350,168,182,347,167,180,167,69,98,93,39,54,22,6,16,1,0,1,2,0,2,173,171,54,62,36,12,5,1,1,117,103,14,6,115,2,35,41
533844214,0,,,701,360,341,115,66,49,534,261,273,396,190,206,514,251,263,500,242,258,138,71,67,60,28,32,14,10,4,0,0,0,4,0,4,281,281,69,88,65,39,16,3,1,193,169,24,41,88,2,22,33
533844221,0,,,888,438,450,91,40,51,756,372,384,499,265,234,727,355,372,711,343,368,257,107,150,137,55,82,43,13,30,4,0,4,9,5,4,388,387,132,118,70,42,18,7,0,243,208,35,27,177,12,48,47
533844222,0,,,990,460,530,90,40,50,871,409,462,511,248,263,849,402,447,834,397,437,360,161,199,191,85,106,58,28,30,2,0,2,8,4,4,428,428,115,159,83,53,14,3,1,304,279,25,25,242,3,70,88
533844223,0,,,692,351,341,91,44,47,554,273,281,387,205,182,525,261,264,511,250,261,167,68,99,85,32,53,24,10,14,1,0,1,2,2,0,289,289,88,91,43,51,10,4,2,191,169,22,28,114,13,22,38
533844224,0,,,1013,462,551,109,51,58,891,404,487,555,262,293,871,397,474,858,390,468,336,142,194,179,73,106,60,22,38,6,3,3,3,0,3,409,408,102,144,87,56,14,3,2,298,259,39,39,197,9,45,55
533844231,0,,,1554,702,852,183,92,91,1365,608,757,825,402,423,1326,585,741,1306,572,734,540,206,334,304,101,203,98,31,67,6,2,4,20,8,12,681,680,224,217,117,92,22,6,2,452,406,46,58,372,17,131,105
533844232,0,,,1030,454,576,128,60,68,894,389,505,510,237,273,864,377,487,851,367,484,384,152,232,230,90,140,67,24,43,4,1,3,13,5,8,472,472,158,175,69,43,19,8,0,311,279,32,28,270,7,106,74
533844233,0,,,1446,707,739,176,95,81,1266,609,657,823,412,411,1207,571,636,1174,551,623,443,197,246,205,90,115,54,22,32,5,0,5,8,1,7,627,626,186,214,108,89,24,4,1,435,407,28,43,306,19,94,101
533844234,0,,,914,441,473,68,35,33,843,403,440,441,225,216,825,396,429,810,388,422,402,178,224,223,100,123,66,23,43,3,2,1,6,3,3,402,401,106,168,71,42,9,4,1,294,269,25,26,266,1,77,94
533844242,0,,,640,302,338,88,47,41,525,239,286,340,174,166,508,231,277,496,224,272,185,65,120,129,39,90,64,15,49,18,0,18,9,7,2,258,257,97,74,42,32,11,1,0,159,150,9,25,75,23,18,26
533844243,0,,,12,6,6,0,0,0,12,6,6,5,4,1,12,6,6,11,5,6,7,2,5,4,1,3,1,0,1,0,0,0,0,0,0,5,5,1,2,1,1,0,0,0,4,2,2,0,5,0,1,1
533844244,0,,,225,96,129,5,3,2,220,93,127,77,45,32,218,92,126,218,92,126,143,48,95,73,18,55,37,6,31,4,0,4,0,0,0,22,18,3,6,4,3,2,0,0,15,14,1,0,13,0,3,4
533844251,0,,,911,482,429,99,50,49,789,414,375,492,279,213,768,403,365,745,389,356,297,135,162,161,72,89,47,20,27,3,3,0,6,6,0,442,442,184,129,66,47,14,1,1,256,238,18,23,201,45,62,65
533844252,0,,,1449,777,672,168,95,73,1228,642,586,873,486,387,1194,629,565,1123,586,537,355,156,199,196,82,114,69,30,39,9,4,5,29,19,10,753,753,403,144,104,73,22,5,2,347,326,21,39,251,136,100,77
533844253,0,,,524,271,253,54,34,20,459,229,230,287,144,143,447,226,221,436,220,216,172,85,87,81,39,42,28,10,18,3,0,3,7,1,6,252,251,110,65,39,22,13,2,0,141,128,13,16,119,16,45,35
533844254,0,,,935,444,491,125,46,79,782,376,406,545,278,267,752,361,391,721,340,381,237,98,139,122,47,75,34,12,22,0,0,0,6,0,6,423,423,154,130,64,51,20,3,1,260,238,22,33,166,42,48,48
533844261,1,,533844262,465,219,246,48,23,25,408,190,218,252,128,124,401,187,214,374,173,201,156,62,94,100,39,61,43,19,24,4,0,4,3,1,2,238,238,115,66,33,18,5,2,2,126,111,15,11,106,30,36,33
533844262,2,533844261,,4,2,2,*,*,*,*,*,*,*,*,*,*,*,*,*,*,*,*,*,*,*,*,*,*,*,*,*,*,*,*,*,*,3,3,*,*,*,*,*,*,*,*,*,*,*,*,*,*,*
533844263,0,,,562,284,278,87,48,39,465,230,235,284,151,133,455,224,231,441,212,229,181,79,102,106,42,64,42,15,27,6,3,3,8,7,1,221,220,64,66,39,32,15,4,0,155,141,14,15,100,14,21,36
533844264,0,,,62,28,34,7,3,4,55,25,30,33,18,15,52,24,28,51,23,28,22,7,15,11,4,7,3,1,2,0,0,0,0,0,0,24,24,5,8,6,3,1,1,0,19,16,3,1,15,0,4,4
533844301,1,,533844304,935,463,472,190,101,89,715,351,364,495,249,246,687,335,352,674,330,344,220,102,118,130,60,70,41,21,20,1,0,1,13,5,8,338,338,47,123,68,71,24,4,2,283,259,24,42,139,0,23,68
533844302,0,,,231,117,114,56,31,25,171,83,88,113,59,54,169,81,88,167,79,88,58,24,34,32,12,20,7,1,6,1,0,1,1,0,1,74,74,12,12,19,21,8,1,1,61,49,12,19,41,0,12,9
533844303,0,,,168,81,87,36,17,19,121,57,64,108,50,58,113,54,59,109,51,58,13,7,6,4,1,3,2,0,2,1,0,1,0,0,0,52,52,3,14,13,13,8,1,0,46,43,3,9,10,0,2,4
533844304,2,533844301,,4,2,2,*,*,*,*,*,*,*,*,*,*,*,*,*,*,*,*,*,*,*,*,*,*,*,*,*,*,*,*,*,*,1,1,*,*,*,*,*,*,*,*,*,*,*,*,*,*,*
533844311,0,,,662,305,357,50,21,29,611,284,327,255,131,124,597,274,323,595,273,322,356,153,203,212,96,116,67,23,44,13,2,11,3,1,2,267,265,66,112,48,31,7,1,0,197,176,21,12,185,0,41,76
533844312,0,,,674,309,365,79,38,41,575,259,316,406,182,224,555,249,306,546,246,300,169,77,92,82,28,54,37,10,27,1,0,1,3,1,2,278,276,85,85,48,40,12,4,2,186,155,31,30,116,9,31,31
533844313,0,,,12,6,6,2,0,2,10,6,4,5,3,2,10,6,4,10,6,4,5,3,2,5,3,2,0,0,0,0,0,0,1,1,0,4,4,1,0,1,2,0,0,0,3,3,0,1,3,0,1,0
533844314,0,,,202,105,97,20,11,9,179,93,86,116,62,54,175,92,83,173,92,81,63,31,32,17,9,8,5,2,3,1,1,0,1,1,0,87,87,21,37,13,14,0,2,0,63,57,6,7,40,0,7,14
533844321,0,,,826,393,433,86,45,41,724,340,384,458,228,230,696,321,375,681,318,363,266,112,154,145,58,87,33,11,22,0,0,0,6,2,4,329,329,73,116,72,48,10,8,2,247,215,32,16,179,1,48,51
533844322,0,,,1024,488,536,88,54,34,932,434,498,580,284,296,902,419,483,881,406,475,352,150,202,187,76,111,55,19,36,1,0,1,3,0,3,407,405,85,158,80,56,20,5,1,319,278,41,22,222,1,46,80
533844323,0,,,487,229,258,31,19,12,454,209,245,239,117,122,444,202,242,435,196,239,215,92,123,141,59,82,53,21,32,3,1,2,0,0,0,203,202,45,87,45,20,4,0,1,153,143,10,6,117,0,24,51
533844324,0,,,622,315,307,52,29,23,570,286,284,358,186,172,554,275,279,548,273,275,212,100,112,83,34,49,24,8,16,1,0,1,18,9,9,267,267,57,113,64,22,7,4,0,207,193,14,12,143,0,33,48
533844331,0,,,967,467,500,122,59,63,832,402,430,554,276,278,808,390,418,796,382,414,278,126,152,116,47,69,35,15,20,2,0,2,5,1,4,417,417,127,135,75,60,16,3,1,284,257,27,33,190,10,54,61
533844332,1,,533844334,464,197,267,39,20,19,426,179,247,189,90,99,421,176,245,413,172,241,237,89,148,168,59,109,81,19,62,16,3,13,2,2,0,165,162,35,73,30,18,7,1,0,128,118,10,12,101,1,24,40
533844333,0,,,20,8,12,0,0,0,20,8,12,14,4,10,17,8,9,16,8,8,6,4,2,2,1,1,2,1,1,0,0,0,0,0,0,9,9,2,4,2,1,0,0,0,7,7,0,0,5,0,1,1
533844334,2,533844332,,3,2,1,*,*,*,*,*,*,*,*,*,*,*,*,*,*,*,*,*,*,*,*,*,*,*,*,*,*,*,*,*,*,2,2,*,*,*,*,*,*,*,*,*,*,*,*,*,*,*
533844341,0,,,63,11,52,0,0,0,63,11,52,0,0,0,63,11,52,63,11,52,63,11,52,57,6,51,47,4,43,12,0,12,0,0,0,1,0,0,0,0,0,0,0,0,0,0,0,0,0,0,0,0
533844342,0,,,46,32,14,1,0,1,42,29,13,37,27,10,42,29,13,41,28,13,5,2,3,1,0,1,1,0,1,0,0,0,0,0,0,22,21,14,6,0,1,0,0,0,6,6,0,0,4,4,2,0
533844351,2,533844352,,2,1,1,*,*,*,*,*,*,*,*,*,*,*,*,*,*,*,*,*,*,*,*,*,*,*,*,*,*,*,*,*,*,2,2,*,*,*,*,*,*,*,*,*,*,*,*,*,*,*
533844352,1,,533844351,374,159,215,29,19,10,346,140,206,144,71,73,338,137,201,337,137,200,202,69,133,145,40,105,90,18,72,18,2,16,0,0,0,108,106,23,38,23,12,5,5,2,83,61,22,6,72,1,13,19
533844354,0,,,12,6,6,0,0,0,12,6,6,4,2,2,12,6,6,11,5,6,8,4,4,2,1,1,0,0,0,0,0,0,0,0,0,7,7,2,5,0,0,0,0,0,5,4,1,0,5,0,1,3
533844361,0,,,25,11,14,3,2,1,22,9,13,11,6,5,22,9,13,22,9,13,11,3,8,3,0,3,2,0,2,0,0,0,0,0,0,11,11,2,6,2,0,1,0,0,9,9,0,0,9,0,2,1
533844362,0,,,170,81,89,13,8,5,157,73,84,67,32,35,154,70,84,153,70,83,90,41,49,41,18,23,9,4,5,1,1,0,1,1,0,69,69,12,37,8,5,3,3,1,56,44,12,2,55,1,8,26
533844364,0,,,53,24,29,4,4,0,49,20,29,25,11,14,49,20,29,48,20,28,24,9,15,13,6,7,1,0,1,0,0,0,1,0,1,21,21,3,9,6,1,2,0,0,17,14,3,1,15,0,2,5
533844373,0,,,53,25,28,1,0,1,52,25,27,23,11,12,52,25,27,51,25,26,29,14,15,18,9,9,6,2,4,0,0,0,0,0,0,26,26,9,10,5,1,1,0,0,17,15,2,0,21,0,7,7
533844402,1,,533844403;533844404,17,8,9,6,1,5,17,10,7,15,8,7,17,10,7,15,8,7,2,2,0,1,1,0,0,0,0,0,0,0,0,0,0,5,5,2,3,0,5,0,0,0,6,6,0,3,2,0,1,1
533844403,2,533844402,,2,1,1,*,*,*,*,*,*,*,*,*,*,*,*,*,*,*,*,*,*,*,*,*,*,*,*,*,*,*,*,*,*,1,1,*,*,*,*,*,*,*,*,*,*,*,*,*,*,*
533844404,2,533844402,,9,4,5,*,*,*,*,*,*,*,*,*,*,*,*,*,*,*,*,*,*,*,*,*,*,*,*,*,*,*,*,*,*,4,4,*,*,*,*,*,*,*,*,*,*,*,*,*,*,*
533844412,2,533844414,,50,33,17,*,*,*,*,*,*,*,*,*,*,*,*,*,*,*,*,*,*,*,*,*,*,*,*,*,*,*,*,*,*,2,1,*,*,*,*,*,*,*,*,*,*,*,*,*,*,*
533844414,1,,533844412,20,8,12,4,2,2,66,39,27,55,34,21,66,39,27,65,39,26,11,5,6,6,1,5,2,0,2,0,0,0,0,0,0,6,6,1,2,1,2,1,0,0,6,4,2,1,5,0,1,1
533844432,2,533844441,,3,2,1,*,*,*,*,*,*,*,*,*,*,*,*,*,*,*,*,*,*,*,*,*,*,*,*,*,*,*,*,*,*,2,2,*,*,*,*,*,*,*,*,*,*,*,*,*,*,*
533844441,1,,533844432,9,3,6,0,0,0,12,5,7,10,4,6,12,5,7,12,5,7,2,1,1,1,0,1,0,0,0,0,0,0,0,0,0,4,4,2,3,0,1,0,0,0,4,4,0,0,2,0,0,1
533844442,0,,,45,20,25,1,0,1,44,20,24,27,11,16,43,20,23,42,19,23,17,9,8,7,4,3,1,0,1,0,0,0,0,0,0,20,20,4,9,5,2,0,0,0,16,14,2,1,13,0,2,5
533844444,0,,,107,57,50,1,1,0,106,56,50,51,27,24,103,55,48,99,53,46,55,29,26,26,12,14,10,3,7,1,1,0,0,0,0,50,50,14,22,9,3,2,0,0,36,31,5,1,38,0,11,14
533844453,1,,533844454,16,8,8,1,0,1,21,9,12,9,3,6,21,9,12,21,9,12,12,6,6,1,0,1,1,0,1,0,0,0,0,0,0,7,7,1,5,1,2,0,0,0,8,6,2,0,8,0,1,4
533844454,2,533844453,,6,1,5,*,*,*,*,*,*,*,*,*,*,*,*,*,*,*,*,*,*,*,*,*,*,*,*,*,*,*,*,*,*,2,2,*,*,*,*,*,*,*,*,*,*,*,*,*,*,*
533844471,0,,,82,40,42,2,1,1,80,39,41,39,21,18,79,38,41,78,37,41,41,18,23,26,10,16,9,7,2,0,0,0,0,0,0,32,31,12,12,3,2,1,1,0,19,17,2,1,27,0,11,8
533844512,0,,,17,11,6,1,1,0,16,10,6,8,7,1,15,9,6,15,9,6,8,3,5,6,2,4,1,1,0,0,0,0,0,0,0,7,7,3,1,2,0,0,1,0,4,3,1,0,6,0,2,0
533844514,1,,533844612,53,28,25,2,2,0,56,28,28,28,15,13,54,26,28,53,26,27,28,13,15,19,9,10,6,2,4,1,0,1,0,0,0,21,21,12,8,1,1,2,1,1,14,8,6,1,20,0,12,4
533844521,2,533844523,,6,2,4,*,*,*,*,*,*,*,*,*,*,*,*,*,*,*,*,*,*,*,*,*,*,*,*,*,*,*,*,*,*,3,3,*,*,*,*,*,*,*,*,*,*,*,*,*,*,*
533844522,0,,,77,38,39,4,2,2,73,36,37,34,19,15,73,36,37,73,36,37,39,17,22,20,10,10,8,2,6,0,0,0,0,0,0,33,33,10,10,9,3,0,0,1,23,19,4,1,29,0,10,5
533844523,1,,533844521,6,3,3,0,0,0,12,5,7,4,2,2,12,5,7,12,5,7,8,3,5,4,1,3,2,0,2,0,0,0,0,0,0,3,3,2,2,2,0,0,0,0,4,3,1,0,5,0,2,0
533844524,0,,,99,49,50,9,4,5,90,45,45,54,25,29,88,44,44,88,44,44,36,20,16,14,6,8,5,1,4,2,0,2,0,0,0,38,38,9,12,7,7,1,2,0,28,22,6,3,25,0,8,8
533844531,0,,,58,31,27,5,2,3,53,29,24,28,15,13,53,29,24,51,27,24,25,14,11,9,5,4,6,3,3,1,1,0,0,0,0,24,24,8,7,4,3,1,0,1,16,13,3,2,19,0,7,4
533844533,0,,,148,69,79,10,5,5,135,63,72,91,45,46,130,61,69,126,60,66,44,18,26,25,8,17,7,2,5,1,0,1,1,0,1,59,59,13,23,10,7,5,1,0,45,34,11,2,32,0,8,9
533844534,0,,,45,22,23,0,0,0,43,21,22,23,11,12,42,20,22,41,19,22,20,10,10,10,3,7,2,0,2,0,0,0,0,0,0,24,24,10,9,3,2,0,0,0,13,13,0,0,15,1,7,3
533844541,2,533844542,,6,5,1,*,*,*,*,*,*,*,*,*,*,*,*,*,*,*,*,*,*,*,*,*,*,*,*,*,*,*,*,*,*,3,3,*,*,*,*,*,*,*,*,*,*,*,*,*,*,*
533844542,1,,533844541,94,47,47,1,0,1,99,52,47,63,35,28,99,52,47,98,51,47,36,17,19,18,7,11,2,1,1,0,0,0,3,1,2,8,6,2,5,2,0,0,0,0,7,7,0,1,8,0,2,3
533844551,0,,,40,20,20,2,1,1,38,19,19,17,8,9,36,17,19,35,17,18,21,11,10,6,2,4,5,2,3,1,0,1,1,1,0,19,19,5,8,5,1,0,0,0,14,13,1,0,14,0,4,4
533844552,1,,533844561;533844562,138,67,71,5,1,4,142,70,72,65,32,33,132,64,68,131,64,67,77,38,39,42,18,24,23,9,14,3,1,2,1,1,0,55,55,15,25,9,7,3,2,0,45,34,11,0,53,0,13,16
533844554,0,,,20,9,11,0,0,0,20,9,11,7,3,4,20,9,11,20,9,11,13,6,7,7,3,4,4,1,3,1,0,1,0,0,0,12,12,6,4,2,0,0,0,0,6,6,0,0,10,0,6,2
533844561,2,533844552,,3,1,2,*,*,*,*,*,*,*,*,*,*,*,*,*,*,*,*,*,*,*,*,*,*,*,*,*,*,*,*,*,*,2,2,*,*,*,*,*,*,*,*,*,*,*,*,*,*,*
533844562,2,533844552,,6,3,3,*,*,*,*,*,*,*,*,*,*,*,*,*,*,*,*,*,*,*,*,*,*,*,*,*,*,*,*,*,*,4,4,*,*,*,*,*,*,*,*,*,*,*,*,*,*,*
533844574,2,533844782,,5,2,3,*,*,*,*,*,*,*,*,*,*,*,*,*,*,*,*,*,*,*,*,*,*,*,*,*,*,*,*,*,*,2,2,*,*,*,*,*,*,*,*,*,*,*,*,*,*,*
533844583,2,533844782,,6,2,4,*,*,*,*,*,*,*,*,*,*,*,*,*,*,*,*,*,*,*,*,*,*,*,*,*,*,*,*,*,*,4,4,*,*,*,*,*,*,*,*,*,*,*,*,*,*,*
533844612,2,533844514,,5,2,3,*,*,*,*,*,*,*,*,*,*,*,*,*,*,*,*,*,*,*,*,*,*,*,*,*,*,*,*,*,*,5,5,*,*,*,*,*,*,*,*,*,*,*,*,*,*,*
533844621,0,,,11,4,7,0,0,0,11,4,7,4,1,3,11,4,7,11,4,7,7,3,4,2,0,2,1,0,1,0,0,0,0,0,0,5,5,1,3,0,1,0,0,0,4,3,1,0,4,0,0,2
533844623,0,,,71,36,35,0,0,0,71,36,35,40,21,19,71,36,35,69,34,35,31,15,16,21,10,11,6,3,3,0,0,0,0,0,0,28,28,6,11,5,4,1,0,1,22,16,6,0,22,0,3,5
533844632,0,,,16,8,8,0,0,0,16,8,8,9,4,5,16,8,8,16,8,8,7,4,3,4,2,2,1,0,1,0,0,0,3,0,3,10,10,6,3,0,1,0,0,0,4,4,0,0,5,0,3,1
533844634,1,,533844643;533844732;533844841;533844843,120,57,63,7,4,3,125,59,66,68,33,35,124,59,65,122,59,63,57,26,31,30,14,16,13,7,6,4,3,1,1,1,0,55,55,30,21,5,3,3,3,0,34,25,9,1,42,0,19,10
533844643,2,533844634,,2,1,1,*,*,*,*,*,*,*,*,*,*,*,*,*,*,*,*,*,*,*,*,*,*,*,*,*,*,*,*,*,*,2,2,*,*,*,*,*,*,*,*,*,*,*,*,*,*,*
533844684,2,533844782,,2,1,1,*,*,*,*,*,*,*,*,*,*,*,*,*,*,*,*,*,*,*,*,*,*,*,*,*,*,*,*,*,*,1,1,*,*,*,*,*,*,*,*,*,*,*,*,*,*,*
533844721,1,,533844723,100,52,48,14,5,9,92,50,42,44,25,19,88,49,39,88,49,39,48,25,23,23,10,13,6,2,4,1,0,1,0,0,0,38,38,10,16,5,2,4,1,3,29,19,10,5,33,0,7,8
533844723,2,533844721,,12,6,6,*,*,*,*,*,*,*,*,*,*,*,*,*,*,*,*,*,*,*,*,*,*,*,*,*,*,*,*,*,*,3,3,*,*,*,*,*,*,*,*,*,*,*,*,*,*,*
533844732,2,533844634,,5,3,2,*,*,*,*,*,*,*,*,*,*,*,*,*,*,*,*,*,*,*,*,*,*,*,*,*,*,*,*,*,*,4,4,*,*,*,*,*,*,*,*,*,*,*,*,*,*,*
533844782,1,,533844574;533844583;533844684;533844791;533844792,9,4,5,1,0,1,27,12,15,12,6,6,27,12,15,27,12,15,15,6,9,15,6,9,9,3,6,1,1,0,1,1,0,3,3,5,6,1,2,0,0,0,9,8,1,0,10,0,3,4
533844791,2,533844782,,1,1,0,*,*,*,*,*,*,*,*,*,*,*,*,*,*,*,*,*,*,*,*,*,*,*,*,*,*,*,*,*,*,1,1,*,*,*,*,*,*,*,*,*,*,*,*,*,*,*
533844792,2,533844782,,5,2,3,*,*,*,*,*,*,*,*,*,*,*,*,*,*,*,*,*,*,*,*,*,*,*,*,*,*,*,*,*,*,3,3,*,*,*,*,*,*,*,*,*,*,*,*,*,*,*
533844801,0,,,12,6,6,0,0,0,12,6,6,8,4,4,12,6,6,12,6,6,4,2,2,4,2,2,2,1,1,0,0,0,1,1,0,6,6,0,6,0,0,0,0,0,6,6,0,0,3,0,0,1
533844812,2,533844814,,7,4,3,*,*,*,*,*,*,*,*,*,*,*,*,*,*,*,*,*,*,*,*,*,*,*,*,*,*,*,*,*,*,3,3,*,*,*,*,*,*,*,*,*,*,*,*,*,*,*
533844814,1,,533844812,7,3,4,0,0,0,14,7,7,6,4,2,14,7,7,14,7,7,8,3,5,3,2,1,0,0,0,0,0,0,0,0,0,3,3,1,3,1,1,0,0,0,5,4,1,0,5,0,1,2
533844821,2,533844823,,9,2,7,*,*,*,*,*,*,*,*,*,*,*,*,*,*,*,*,*,*,*,*,*,*,*,*,*,*,*,*,*,*,5,5,*,*,*,*,*,*,*,*,*,*,*,*,*,*,*
533844823,1,,533844821,11,6,5,0,0,0,19,8,11,10,3,7,19,8,11,19,8,11,9,5,4,7,4,3,4,3,1,0,0,0,0,0,0,5,5,5,3,0,1,1,0,0,5,4,1,0,8,0,4,1
533844824,0,,,18,7,11,0,0,0,18,7,11,6,3,3,18,7,11,18,7,11,12,4,8,6,1,5,3,0,3,1,0,1,0,0,0,8,8,2,3,2,1,0,0,0,6,5,1,0,7,0,2,2
533844841,2,533844634,,3,1,2,*,*,*,*,*,*,*,*,*,*,*,*,*,*,*,*,*,*,*,*,*,*,*,*,*,*,*,*,*,*,3,3,*,*,*,*,*,*,*,*,*,*,*,*,*,*,*
533844843,2,533844634,,2,1,1,*,*,*,*,*,*,*,*,*,*,*,*,*,*,*,*,*,*,*,*,*,*,*,*,*,*,*,*,*,*,1,1,*,*,*,*,*,*,*,*,*,*,*,*,*,*,*
533844852,2,533844854,,5,3,2,*,*,*,*,*,*,*,*,*,*,*,*,*,*,*,*,*,*,*,*,*,*,*,*,*,*,*,*,*,*,4,4,*,*,*,*,*,*,*,*,*,*,*,*,*,*,*
533844854,1,,533844852,4,2,2,0,0,0,9,5,4,1,0,1,9,5,4,9,5,4,8,5,3,7,4,3,4,3,1,0,0,0,0,0,0,2,2,3,3,0,0,0,0,0,3,2,1,0,6,0,3,1
533844922,1,,533844923,5,4,1,1,1,0,12,6,6,5,3,2,11,5,6,11,5,6,7,3,4,5,2,3,1,0,1,0,0,0,0,0,0,2,2,4,1,1,1,0,0,0,3,2,1,0,5,0,3,1
533844923,2,533844922,,8,3,5,*,*,*,*,*,*,*,*,*,*,*,*,*,*,*,*,*,*,*,*,*,*,*,*,*,*,*,*,*,*,5,5,*,*,*,*,*,*,*,*,*,*,*,*,*,*,*
533844933,0,,,12,5,7,0,0,0,11,5,6,5,3,2,11,5,6,11,5,6,6,2,4,4,0,4,2,0,2,0,0,0,0,0,0,10,10,9,0,1,0,0,0,0,1,1,0,0,6,0,6,0
533844963,0,,,17,10,7,0,0,0,17,10,7,9,5,4,17,10,7,17,10,7,8,5,3,5,3,2,2,1,1,0,0,0,0,0,0,9,9,5,2,1,0,1,0,0,4,4,0,0,6,0,3,1
533844992,0,,,12,6,6,0,0,0,12,6,6,3,2,1,12,6,6,12,6,6,9,4,5,6,2,4,3,1,2,0,0,0,0,0,0,8,8,5,2,1,0,0,0,0,3,3,0,0,7,0,5,1
533845011,0,,,17,9,8,1,0,1,14,8,6,10,5,5,14,8,6,13,8,5,4,3,1,1,1,0,0,0,0,0,0,0,0,0,0,10,10,7,1,1,0,1,0,0,3,3,0,0,3,1,1,1
533845012,0,,,502,230,272,74,34,40,420,190,230,291,134,157,409,186,223,400,182,218,129,56,73,70,28,42,21,7,14,1,0,1,4,0,4,204,204,58,64,36,29,13,2,2,142,115,27,18,91,6,22,24
533845014,0,,,24,12,12,0,0,0,24,12,12,14,9,5,24,12,12,24,12,12,10,3,7,5,1,4,3,0,3,0,0,0,0,0,0,10,10,2,4,2,2,0,0,0,8,6,2,0,8,0,2,1
533845021,0,,,366,171,195,72,29,43,291,141,150,214,107,107,283,138,145,278,135,143,77,34,43,39,15,24,9,2,7,2,2,0,0,0,0,137,137,31,35,31,28,12,0,0,103,95,8,23,51,2,14,14
533845022,0,,,367,180,187,33,16,17,330,161,169,235,117,118,313,155,158,304,149,155,95,44,51,43,19,24,13,3,10,0,0,0,6,3,3,153,153,47,51,20,20,12,3,0,105,92,13,6,65,7,17,23
533845023,0,,,522,271,251,95,54,41,427,217,210,304,163,141,408,206,202,401,202,199,123,54,69,73,31,42,26,10,16,2,0,2,4,2,2,190,189,43,55,38,35,14,3,1,145,127,18,18,75,1,20,20
533845024,0,,,299,142,157,37,18,19,260,123,137,163,77,86,254,122,132,248,122,126,97,46,51,57,26,31,14,6,8,1,0,1,1,0,1,120,120,39,29,24,16,7,4,1,81,67,14,10,63,6,16,19
533845031,0,,,33,17,16,2,2,0,31,15,16,15,7,8,30,15,15,29,15,14,16,8,8,6,3,3,3,1,2,1,0,1,0,0,0,11,11,2,3,3,1,0,2,0,9,5,4,1,10,0,1,1
533845032,0,,,122,59,63,9,5,4,112,53,59,79,40,39,109,51,58,108,51,57,33,13,20,15,6,9,0,0,0,0,0,0,0,0,0,48,48,10,18,8,9,2,1,0,38,34,4,1,24,0,7,9
533845033,0,,,478,230,248,50,25,25,428,205,223,239,117,122,421,202,219,414,199,215,189,88,101,90,41,49,37,16,21,4,2,2,7,4,3,172,172,28,60,36,31,9,3,5,142,97,45,15,123,1,17,32
533845034,0,,,388,173,215,83,38,45,304,134,170,242,108,134,286,125,161,277,122,155,62,26,36,20,9,11,4,3,1,0,0,0,7,5,2,145,145,32,43,32,25,8,3,2,113,108,5,21,48,0,20,7
533845041,0,,,254,123,131,36,18,18,216,104,112,132,70,62,204,99,105,199,97,102,84,34,50,40,15,25,11,3,8,1,0,1,0,0,0,92,92,14,36,17,14,6,4,1,78,66,12,11,57,0,10,18
533845042,0,,,491,228,263,88,41,47,402,186,216,281,133,148,386,181,205,375,175,200,121,53,68,49,19,30,15,5,10,1,0,1,0,0,0,177,177,30,52,41,42,9,1,2,147,126,21,23,83,2,15,19
533845043,0,,,389,188,201,46,27,19,341,160,181,209,102,107,332,156,176,318,148,170,132,58,74,65,26,39,23,10,13,2,1,1,1,0,1,151,151,34,53,24,27,9,4,0,117,98,19,9,88,0,21,27
533845044,0,,,257,118,139,32,15,17,216,98,118,160,70,90,206,96,110,203,96,107,56,28,28,30,15,15,12,6,6,1,0,1,15,0,15,120,120,50,32,19,10,8,1,0,66,56,10,11,40,16,15,10
533845051,0,,,123,64,59,15,8,7,105,54,51,65,35,30,102,51,51,101,50,51,40,19,21,26,14,12,5,3,2,0,0,0,0,0,0,53,53,20,16,6,5,3,3,0,30,22,8,5,28,0,9,4
533845052,1,,533845054,155,77,78,17,7,10,140,71,69,88,48,40,129,67,62,127,66,61,52,23,29,28,9,19,7,0,7,0,0,0,1,1,0,57,57,16,16,11,8,5,2,1,43,34,9,4,36,0,9,10
533845053,0,,,65,29,36,9,0,9,56,29,27,37,19,18,56,29,27,56,29,27,19,10,9,8,5,3,1,0,1,0,0,0,0,0,0,26,26,5,10,6,4,0,1,0,21,20,1,3,12,0,1,6
533845054,2,533845052,,2,1,1,*,*,*,*,*,*,*,*,*,*,*,*,*,*,*,*,*,*,*,*,*,*,*,*,*,*,*,*,*,*,2,2,*,*,*,*,*,*,*,*,*,*,*,*,*,*,*
533845061,0,,,134,63,71,12,8,4,122,55,67,69,33,36,119,52,67,118,52,66,53,22,31,25,9,16,9,2,7,0,0,0,1,0,1,48,48,6,19,10,7,5,0,1,42,34,8,2,37,0,5,11
533845062,0,,,53,30,23,4,2,2,49,28,21,29,16,13,47,27,20,45,27,18,20,12,8,10,5,5,2,1,1,0,0,0,2,1,1,19,19,4,6,4,1,3,1,0,15,12,3,1,13,0,1,4
533845063,0,,,110,62,48,10,6,4,100,56,44,57,32,25,96,52,44,95,51,44,43,24,19,19,12,7,7,4,3,1,1,0,0,0,0,34,34,4,8,10,5,4,1,2,30,20,10,4,23,0,2,5
533845064,0,,,203,113,90,25,16,9,177,96,81,121,69,52,170,90,80,166,87,79,56,27,29,33,17,16,9,5,4,0,0,0,0,0,0,69,69,15,18,14,9,8,3,2,54,41,13,8,37,0,7,11
533845071,0,,,177,91,86,23,13,10,154,78,76,94,53,41,149,76,73,145,74,71,60,25,35,29,11,18,8,2,6,0,0,0,1,1,0,61,61,9,21,10,12,6,3,0,52,39,13,5,37,0,3,13
533845072,0,,,142,76,66,23,15,8,119,61,58,87,47,40,111,56,55,107,53,54,32,14,18,13,4,9,5,1,4,1,1,0,0,0,0,52,52,12,11,13,11,5,0,0,40,35,5,5,22,0,9,5
533845073,0,,,111,49,62,3,2,1,108,47,61,48,27,21,105,44,61,104,44,60,60,20,40,47,14,33,37,10,27,12,2,10,0,0,0,25,24,1,8,6,6,3,0,0,23,19,4,1,15,0,1,6
533845074,0,,,156,72,84,15,7,8,141,65,76,98,46,52,132,59,73,128,56,72,43,19,24,20,7,13,3,1,2,0,0,0,2,1,1,53,53,6,16,11,16,3,1,0,47,38,9,3,29,0,3,11
533845081,0,,,408,197,211,68,34,34,340,163,177,226,113,113,324,155,169,317,152,165,114,50,64,53,21,32,16,7,9,2,1,1,4,0,4,167,167,40,66,27,19,11,4,0,127,112,15,10,79,3,22,29
533845082,0,,,149,59,90,6,2,4,143,57,86,33,16,17,141,57,84,138,56,82,110,41,69,83,25,58,54,12,42,13,4,9,1,1,0,27,26,8,7,4,6,0,1,0,16,13,3,1,16,0,4,4
533845083,0,,,271,126,145,44,26,18,225,99,126,169,74,95,211,93,118,206,91,115,56,25,31,24,12,12,7,4,3,1,0,1,2,1,1,100,100,14,39,22,18,5,0,2,86,76,10,9,35,0,6,13
533845084,0,,,48,23,25,3,2,1,45,21,24,32,13,19,44,20,24,41,17,24,13,8,5,3,1,2,1,0,1,0,0,0,0,0,0,18,18,4,6,4,2,1,0,1,14,10,4,0,9,0,3,2
533845091,1,,533845092,53,28,25,6,3,3,56,29,27,30,17,13,56,29,27,56,29,27,26,12,14,15,7,8,6,3,3,0,0,0,0,0,0,21,21,4,8,4,6,0,1,0,19,16,3,1,15,0,2,5
533845092,2,533845091,,9,4,5,*,*,*,*,*,*,*,*,*,*,*,*,*,*,*,*,*,*,*,*,*,*,*,*,*,*,*,*,*,*,2,2,*,*,*,*,*,*,*,*,*,*,*,*,*,*,*
533845093,0,,,247,115,132,22,12,10,225,103,122,140,62,78,218,102,116,215,100,115,85,41,44,40,15,25,8,3,5,1,0,1,0,0,0,96,96,22,31,21,13,7,1,1,71,57,14,7,56,0,11,12
533845094,0,,,134,66,68,17,9,8,117,57,60,67,34,33,115,56,59,114,56,58,50,23,27,23,10,13,8,3,5,1,1,0,0,0,0,51,51,13,13,12,8,3,2,0,38,29,9,7,32,0,9,8
533845121,0,,,137,61,76,8,4,4,129,57,72,73,34,39,125,56,69,124,56,68,56,23,33,27,8,19,9,2,7,0,0,0,1,0,1,58,58,14,23,10,8,3,0,0,44,38,6,2,37,1,7,11
533845122,0,,,681,330,351,142,78,64,535,250,285,370,185,185,513,239,274,506,234,272,165,65,100,102,33,69,51,12,39,11,0,11,6,4,2,220,219,34,56,46,61,15,4,3,183,157,26,45,90,0,17,22
533845123,0,,,111,51,60,19,7,12,92,44,48,60,31,29,89,41,48,88,41,47,32,13,19,15,3,12,5,0,5,1,0,1,0,0,0,40,40,7,14,6,8,4,1,0,33,26,7,4,24,0,5,6
533845124,0,,,215,104,111,35,15,20,180,89,91,117,63,54,173,84,89,171,83,88,63,26,37,35,10,25,15,5,10,2,1,1,1,0,1,74,74,8,30,10,16,7,3,0,66,55,11,12,43,0,8,13
533845131,0,,,201,99,102,19,7,12,181,91,90,130,67,63,175,89,86,169,85,84,51,24,27,25,11,14,14,5,9,1,1,0,0,0,0,86,86,26,27,17,11,4,1,0,60,54,6,7,38,4,10,9
533845132,0,,,67,27,40,7,4,3,60,23,37,19,10,9,58,21,37,57,21,36,41,13,28,36,11,25,19,5,14,1,1,0,0,0,0,12,11,2,3,1,1,2,2,0,9,6,3,1,8,0,2,1
533845133,0,,,489,248,241,52,31,21,437,217,220,262,137,125,421,208,213,415,205,210,175,80,95,96,45,51,35,17,18,3,2,1,8,3,5,175,175,32,52,44,24,14,8,1,143,113,30,14,110,0,21,27
533845134,0,,,206,93,113,21,8,13,182,83,99,117,54,63,172,81,91,166,77,89,65,29,36,39,12,27,7,2,5,0,0,0,3,2,1,81,81,21,25,17,9,6,3,0,59,50,9,4,46,3,10,17
533845141,0,,,177,84,93,14,5,9,162,78,84,92,47,45,157,74,83,153,72,81,70,31,39,38,19,19,12,5,7,0,0,0,1,0,1,67,67,11,29,9,12,4,1,1,55,44,11,2,42,0,5,16
533845142,0,,,532,262,270,72,41,31,453,218,235,273,136,137,440,210,230,427,203,224,180,82,98,92,40,52,38,15,23,4,3,1,1,1,0,208,208,51,70,38,31,11,5,2,154,131,23,15,119,2,29,35
533845143,0,,,158,80,78,7,4,3,139,69,70,84,47,37,137,68,69,137,68,69,55,22,33,28,10,18,13,3,10,0,0,0,0,0,0,71,71,30,17,13,3,7,0,1,41,26,15,2,35,5,6,7
533845144,0,,,454,215,239,55,30,25,398,184,214,252,123,129,380,175,205,369,172,197,146,61,85,82,34,48,21,10,11,2,1,1,1,0,1,159,158,22,57,42,15,12,5,5,134,109,25,10,94,0,18,26
533845151,0,,,200,97,103,35,21,14,163,74,89,111,51,60,162,73,89,159,73,86,52,23,29,26,10,16,9,3,6,0,0,0,1,1,0,81,81,20,25,17,16,3,0,0,61,54,7,14,39,0,13,9
533845152,0,,,144,71,73,15,9,6,127,61,66,90,43,47,124,59,65,123,59,64,37,18,19,17,9,8,9,5,4,1,1,0,0,0,0,61,61,15,25,8,11,1,1,0,46,44,2,3,25,0,5,10
533845153,0,,,659,304,355,76,32,44,573,267,306,372,174,198,544,251,293,529,245,284,201,93,108,113,46,67,38,18,20,2,0,2,1,1,0,276,276,90,82,46,37,12,6,3,185,163,22,21,137,7,44,43
533845154,0,,,419,191,228,56,26,30,363,165,198,231,107,124,355,163,192,346,159,187,132,58,74,71,29,42,26,8,18,4,1,3,1,1,0,164,164,39,50,40,21,11,0,3,124,106,18,19,92,0,29,22
533845161,0,,,57,20,37,0,0,0,57,20,37,12,7,5,57,20,37,56,19,37,45,13,32,38,10,28,22,4,18,3,0,3,0,0,0,15,14,4,6,4,0,0,0,0,10,8,2,0,9,0,3,3
533845162,0,,,309,154,155,28,13,15,281,141,140,221,111,110,257,131,126,248,125,123,60,30,30,22,11,11,5,2,3,0,0,0,0,0,0,107,107,12,37,24,19,15,0,0,94,81,13,6,40,0,8,13
533845163,0,,,209,104,105,27,14,13,182,90,92,143,75,68,177,88,89,172,86,86,39,15,24,20,6,14,3,0,3,0,0,0,1,0,1,66,66,5,20,15,18,3,3,2,61,54,7,8,27,0,4,4
533845164,0,,,13,7,6,2,2,0,11,5,6,8,3,5,11,5,6,11,5,6,3,2,1,2,1,1,2,1,1,0,0,0,0,0,0,4,4,0,1,1,2,0,0,0,4,3,1,0,2,0,0,0
533845171,0,,,237,112,125,19,8,11,218,104,114,135,67,68,208,100,108,199,95,104,83,37,46,54,22,32,15,5,10,1,0,1,1,0,1,84,84,13,29,14,18,8,2,0,71,56,15,5,52,0,11,22
533845172,0,,,241,113,128,33,17,16,208,96,112,133,63,70,201,93,108,198,92,106,75,33,42,38,18,20,10,2,8,2,0,2,1,0,1,91,91,19,30,16,18,6,2,0,72,64,8,4,48,1,14,17
533845173,0,,,157,73,84,12,5,7,145,68,77,79,35,44,140,64,76,134,61,73,66,33,33,31,11,20,10,2,8,0,0,0,1,0,1,60,60,13,15,19,9,3,1,0,47,37,10,2,44,0,12,10
533845174,0,,,226,110,116,26,14,12,199,95,104,124,56,68,194,93,101,186,89,97,75,39,36,43,22,21,10,7,3,0,0,0,1,0,1,82,82,17,24,19,12,5,4,1,65,54,11,4,46,0,12,17
533845181,0,,,163,79,84,27,14,13,134,64,70,74,38,36,131,62,69,129,61,68,60,26,34,34,14,20,16,6,10,1,0,1,0,0,0,54,54,7,14,15,10,5,3,0,47,34,13,5,37,0,4,6
533845182,0,,,68,37,31,5,3,2,63,34,29,31,19,12,61,33,28,61,33,28,32,15,17,17,8,9,0,0,0,0,0,0,0,0,0,26,26,2,13,7,2,1,1,0,24,20,4,0,19,0,2,8
533845183,0,,,179,94,85,13,8,5,166,86,80,99,56,43,162,83,79,159,80,79,67,30,37,36,19,17,13,4,9,1,0,1,0,0,0,48,47,9,15,12,8,2,1,0,38,35,3,2,30,0,8,8
533845184,0,,,59,30,29,3,1,2,56,29,27,38,21,17,54,29,25,53,28,25,18,8,10,11,5,6,4,1,3,1,0,1,0,0,0,23,23,4,8,6,4,1,0,0,19,17,2,1,13,0,1,2
533845191,0,,,97,47,50,3,2,1,94,45,49,63,32,31,92,44,48,91,43,48,31,13,18,20,7,13,12,5,7,0,0,0,1,1,0,31,31,2,9,9,7,3,0,1,29,18,11,1,22,0,2,4
533845192,0,,,136,60,76,14,6,8,122,54,68,70,36,34,119,52,67,116,52,64,52,18,34,31,11,20,12,3,9,1,1,0,0,0,0,49,49,10,14,8,11,6,0,0,39,21,18,3,38,0,7,6
533845193,0,,,77,45,32,8,8,0,69,37,32,39,22,17,67,35,32,67,35,32,30,15,15,19,9,10,7,3,4,0,0,0,0,0,0,28,28,5,9,7,5,0,1,1,23,19,4,1,20,0,4,5
533845194,0,,,127,69,58,15,10,5,112,59,53,65,37,28,108,57,51,105,54,51,47,22,25,24,10,14,9,2,7,0,0,0,0,0,0,45,45,7,13,14,8,1,1,1,38,27,11,3,31,0,7,7
533845221,0,,,179,84,95,18,9,9,160,74,86,91,42,49,158,73,85,156,72,84,69,32,37,38,17,21,9,3,6,0,0,0,0,0,0,72,72,21,21,15,10,1,2,2,51,40,11,3,45,5,9,15
533845222,0,,,306,148,158,48,22,26,255,125,130,183,94,89,242,117,125,237,116,121,72,31,41,33,15,18,8,2,6,1,0,1,2,2,0,106,106,16,35,20,22,9,2,2,89,74,15,7,51,3,9,11
533845223,0,,,144,68,76,9,6,3,135,62,73,84,35,49,130,59,71,128,58,70,51,27,24,28,13,15,7,2,5,0,0,0,0,0,0,54,54,6,28,10,5,1,1,3,48,39,9,1,36,0,5,15
533845224,0,,,220,106,114,26,13,13,194,93,101,119,56,63,183,89,94,180,87,93,75,37,38,34,19,15,6,3,3,0,0,0,4,1,3,76,76,12,29,11,13,6,2,3,64,52,12,4,47,0,10,17
533845231,0,,,593,327,266,54,34,20,537,291,246,284,160,124,529,285,244,522,283,239,253,131,122,116,44,72,38,12,26,3,1,2,6,3,3,163,161,51,43,30,27,8,2,0,108,85,23,18,80,7,23,16
533845232,0,,,567,293,274,84,51,33,480,239,241,311,158,153,465,232,233,459,228,231,169,81,88,78,37,41,28,11,17,3,1,2,2,1,1,213,213,50,68,35,33,19,7,1,162,138,24,19,116,7,21,33
533845233,0,,,19,10,9,0,0,0,16,8,8,14,7,7,16,8,8,16,8,8,2,1,1,1,1,0,0,0,0,0,0,0,0,0,0,11,9,8,1,0,0,0,0,0,1,1,0,0,1,3,1,0
533845234,0,,,281,143,138,53,27,26,225,115,110,164,87,77,215,110,105,204,104,100,61,28,33,21,11,10,5,2,3,1,0,1,2,0,2,105,105,28,27,20,19,6,2,3,77,71,6,20,37,8,4,12
533845241,0,,,355,162,193,19,13,6,335,149,186,200,94,106,325,142,183,318,137,181,135,55,80,73,28,45,27,9,18,1,0,1,0,0,0,155,155,50,53,22,17,13,0,0,105,89,16,4,91,1,30,29
533845242,0,,,560,265,295,53,30,23,490,224,266,314,152,162,472,215,257,461,210,251,176,72,104,93,30,63,36,9,27,3,1,2,6,2,4,261,261,107,71,45,20,14,3,1,153,120,33,17,129,9,40,26
533845243,0,,,247,110,137,26,10,16,217,98,119,134,65,69,209,94,115,201,91,110,83,33,50,45,14,31,15,1,14,1,0,1,0,0,0,113,113,43,32,19,14,3,2,0,70,58,12,8,60,7,17,14
533845244,0,,,661,313,348,40,24,16,612,283,329,325,167,158,600,276,324,592,272,320,287,116,171,171,59,112,63,20,43,4,2,2,1,0,1,195,190,72,55,39,14,7,3,0,116,97,19,12,89,3,29,23
533845251,0,,,656,328,328,77,40,37,559,274,285,344,176,168,552,269,283,543,263,280,215,98,117,122,52,70,47,15,32,3,0,3,5,2,3,302,302,110,93,52,34,10,3,0,188,167,21,29,144,13,41,51
533845252,0,,,662,282,380,63,26,37,594,252,342,335,162,173,575,241,334,562,235,327,259,90,169,168,47,121,103,17,86,12,2,10,1,0,1,219,217,45,65,49,36,19,3,0,171,137,34,13,118,1,23,30
533845253,0,,,493,250,243,54,31,23,434,216,218,264,133,131,422,210,212,416,205,211,170,83,87,94,44,50,35,12,23,2,1,1,5,1,4,210,210,61,66,41,34,7,1,0,148,134,14,16,115,4,32,36
533845254,0,,,444,211,233,70,39,31,374,172,202,238,112,126,364,169,195,359,167,192,136,60,76,58,30,28,10,4,6,0,0,0,0,0,0,175,175,43,54,38,26,11,1,2,131,117,14,26,90,1,22,29
533845261,0,,,420,201,219,57,25,32,363,176,187,262,131,131,352,171,181,341,164,177,101,45,56,60,25,35,28,12,16,4,2,2,6,6,0,148,147,31,45,29,22,11,6,3,115,96,19,13,62,8,11,16
533845262,0,,,407,193,214,49,20,29,358,173,185,257,125,132,342,167,175,335,164,171,101,48,53,61,29,32,15,6,9,2,0,2,0,0,0,136,136,13,40,43,24,10,4,2,123,104,19,10,66,0,8,22
533845263,0,,,443,201,242,52,28,24,386,170,216,246,114,132,378,165,213,368,159,209,140,56,84,78,31,47,28,9,19,2,1,1,2,2,0,184,184,52,58,37,25,9,2,1,131,113,18,6,95,7,25,28
533845264,0,,,231,104,127,29,11,18,201,92,109,120,64,56,187,87,100,185,85,100,81,28,53,51,15,36,24,6,18,6,1,5,4,3,1,84,83,18,30,15,14,5,0,1,65,60,5,6,41,1,10,15
533845271,0,,,89,42,47,14,8,6,75,34,41,48,24,24,74,34,40,74,34,40,27,10,17,11,3,8,6,1,5,0,0,0,0,0,0,30,30,3,12,7,4,2,0,2,27,20,7,4,17,0,2,8
533845272,0,,,80,43,37,9,4,5,71,39,32,44,26,18,70,38,32,68,37,31,27,13,14,17,8,9,8,5,3,2,1,1,0,0,0,32,32,9,8,7,6,2,0,0,23,20,3,4,18,0,5,3
533845273,0,,,89,41,48,8,3,5,81,38,43,54,26,28,76,34,42,73,32,41,27,12,15,14,8,6,1,0,1,0,0,0,0,0,0,35,35,8,12,8,3,3,1,0,27,25,2,1,16,2,4,6
533845274,0,,,221,106,115,32,11,21,187,93,94,130,66,64,178,89,89,175,87,88,57,27,30,33,13,20,5,2,3,0,0,0,1,0,1,81,81,17,26,16,12,6,2,2,63,53,10,9,37,0,7,13
533845281,0,,,23,11,12,3,2,1,20,9,11,10,5,5,20,9,11,19,9,10,10,4,6,0,0,0,0,0,0,0,0,0,0,0,0,10,10,3,3,2,2,0,0,0,7,7,0,0,6,0,2,2
533845282,0,,,135,68,67,8,3,5,127,65,62,59,33,26,127,65,62,125,64,61,68,32,36,34,13,21,6,2,4,1,0,1,1,0,1,53,53,8,24,11,7,1,1,1,44,34,10,1,40,0,5,16
533845283,0,,,435,202,233,44,22,22,384,176,208,251,124,127,372,170,202,364,168,196,133,52,81,65,20,45,39,9,30,12,2,10,10,3,7,170,169,45,50,44,21,6,1,2,122,105,17,15,71,9,13,18
533845284,0,,,126,37,89,5,5,0,121,32,89,32,12,20,119,31,88,118,30,88,89,20,69,71,11,60,53,8,45,16,1,15,1,1,0,26,24,9,3,8,2,2,0,0,15,13,2,1,13,1,4,1
533845291,0,,,11,6,5,0,0,0,11,6,5,2,1,1,11,6,5,11,6,5,9,5,4,3,2,1,3,2,1,2,1,1,0,0,0,4,4,0,1,3,0,0,0,0,4,1,3,0,4,0,0,1
533845292,0,,,47,19,28,8,2,6,39,17,22,19,10,9,39,17,22,39,17,22,20,7,13,10,2,8,5,1,4,2,0,2,0,0,0,20,20,7,5,3,4,1,0,0,13,10,3,2,14,1,6,3
533845293,0,,,99,47,52,11,4,7,88,43,45,53,27,26,85,40,45,83,40,43,35,16,19,18,7,11,4,3,1,0,0,0,0,0,0,36,36,6,17,5,1,5,1,1,30,27,3,2,23,0,2,9
533845321,1,,533845322,86,41,45,3,3,0,86,39,47,40,20,20,86,39,47,86,39,47,46,19,27,23,9,14,10,2,8,0,0,0,0,0,0,40,40,11,22,3,5,1,0,0,31,29,2,1,33,0,8,10
533845322,2,533845321,,3,1,2,*,*,*,*,*,*,*,*,*,*,*,*,*,*,*,*,*,*,*,*,*,*,*,*,*,*,*,*,*,*,2,2,*,*,*,*,*,*,*,*,*,*,*,*,*,*,*
533845323,0,,,19,7,12,3,0,3,16,7,9,13,6,7,15,7,8,15,7,8,3,1,2,2,1,1,0,0,0,0,0,0,0,0,0,7,7,3,0,1,2,1,0,0,4,4,0,0,2,0,1,0
533845324,0,,,10,6,4,0,0,0,10,6,4,7,5,2,8,4,4,8,4,4,3,1,2,2,1,1,0,0,0,0,0,0,0,0,0,4,4,0,3,0,1,0,0,0,4,4,0,0,2,0,0,1
533845331,1,,533845333,12,5,7,3,1,2,11,5,6,5,2,3,11,5,6,11,5,6,6,3,3,4,2,2,1,1,0,0,0,0,0,0,0,4,4,0,3,0,2,0,0,0,5,4,1,1,3,0,0,2
533845333,2,533845331,,2,1,1,*,*,*,*,*,*,*,*,*,*,*,*,*,*,*,*,*,*,*,*,*,*,*,*,*,*,*,*,*,*,1,1,*,*,*,*,*,*,*,*,*,*,*,*,*,*,*
533845341,0,,,86,41,45,12,4,8,74,37,37,55,28,27,71,36,35,68,35,33,19,9,10,11,4,7,2,0,2,1,0,1,0,0,0,30,30,3,12,6,6,1,2,0,26,19,7,4,15,0,3,1
533845342,0,,,297,145,152,33,15,18,259,127,132,172,90,82,247,116,131,242,114,128,87,37,50,47,16,31,13,5,8,0,0,0,2,0,2,139,139,60,37,20,12,7,2,1,78,67,11,9,65,4,23,19
533845343,2,533845344,,4,1,3,*,*,*,*,*,*,*,*,*,*,*,*,*,*,*,*,*,*,*,*,*,*,*,*,*,*,*,*,*,*,2,2,*,*,*,*,*,*,*,*,*,*,*,*,*,*,*
533845344,1,,533845343,169,77,92,13,5,8,160,73,87,100,48,52,153,68,85,151,68,83,60,25,35,30,9,21,7,2,5,1,0,1,0,0,0,65,65,19,19,12,13,1,1,2,47,39,8,2,40,0,11,6
533845351,0,,,854,409,445,116,59,57,725,338,387,442,222,220,712,328,384,700,320,380,283,116,167,164,60,104,65,21,44,9,3,6,0,0,0,377,376,145,98,70,41,20,2,0,226,203,23,39,177,11,67,47
533845352,0,,,725,342,383,111,50,61,608,289,319,429,209,220,580,277,303,560,267,293,179,80,99,93,33,60,32,8,24,3,0,3,5,2,3,273,273,74,62,55,57,17,7,1,196,167,29,25,123,6,35,28
533845353,0,,,631,313,318,104,63,41,520,247,273,357,175,182,508,241,267,498,235,263,163,72,91,80,29,51,28,7,21,3,0,3,2,1,1,252,252,61,86,43,45,13,4,0,189,171,18,35,114,7,33,43
533845354,0,,,866,412,454,106,56,50,751,350,401,454,222,232,722,334,388,710,327,383,297,128,169,160,64,96,68,22,46,10,1,9,8,3,5,337,333,93,100,73,42,20,3,2,237,211,26,30,179,5,59,45
533845361,0,,,914,398,516,143,70,73,758,320,438,553,244,309,726,304,422,696,289,407,205,76,129,105,33,72,36,10,26,1,0,1,6,2,4,416,416,150,128,70,48,17,1,2,262,240,22,34,157,7,69,38
533845362,0,,,426,196,230,74,41,33,351,154,197,271,123,148,324,141,183,314,138,176,80,31,49,44,20,24,11,3,8,1,0,1,3,1,2,146,146,21,41,33,35,13,2,1,125,107,18,19,51,1,10,18
533845363,0,,,564,273,291,76,36,40,481,233,248,314,157,157,460,223,237,448,218,230,167,76,91,81,37,44,27,8,19,3,1,2,2,0,2,234,234,64,80,41,33,11,5,0,168,152,16,25,110,4,33,35
533845364,0,,,267,133,134,42,26,16,225,107,118,150,71,79,217,103,114,214,102,112,75,36,39,30,13,17,12,4,8,1,1,0,0,0,0,102,102,21,36,19,16,7,3,0,81,71,10,11,56,0,15,15
533845371,0,,,236,113,123,30,13,17,206,100,106,143,72,71,198,96,102,194,95,99,63,28,35,29,13,16,13,6,7,1,0,1,0,0,0,83,83,13,22,24,16,5,3,0,70,57,13,7,44,0,12,9
533845372,0,,,458,194,264,72,28,44,380,162,218,248,116,132,356,146,210,340,137,203,132,46,86,90,26,64,43,12,31,4,0,4,4,0,4,155,154,39,47,23,28,15,1,1,114,101,13,14,52,11,13,17
533845373,0,,,416,198,218,58,29,29,357,168,189,253,120,133,343,164,179,337,160,177,104,48,56,58,26,32,19,9,10,2,0,2,0,0,0,145,145,25,39,42,19,12,6,2,118,99,19,17,66,0,12,19
533845374,0,,,604,304,300,94,54,40,508,249,259,365,186,179,494,242,252,481,237,244,143,63,80,70,26,44,27,9,18,1,0,1,1,1,0,239,239,61,77,48,33,11,6,3,173,150,23,27,100,5,30,27
533845381,0,,,292,141,151,35,23,12,257,118,139,167,76,91,248,112,136,240,109,131,90,42,48,41,20,21,16,5,11,1,1,0,2,0,2,112,112,32,29,23,15,6,6,1,80,66,14,8,60,0,18,15
533845382,0,,,384,186,198,56,28,28,327,157,170,215,109,106,318,152,166,314,151,163,112,48,64,49,20,29,20,7,13,1,1,0,5,0,5,167,167,63,43,27,19,12,3,0,103,90,13,15,82,6,36,12
533845383,0,,,426,169,257,27,14,13,399,155,244,197,94,103,390,151,239,377,147,230,202,61,141,150,36,114,100,23,77,31,3,28,2,0,2,130,128,36,33,24,24,7,1,3,92,70,22,8,79,0,27,11
533845384,0,,,403,195,208,40,24,16,363,171,192,235,109,126,356,167,189,348,165,183,128,62,66,58,23,35,26,7,19,2,1,1,6,3,3,163,163,40,50,44,17,9,3,0,121,101,20,15,88,2,21,24
533845391,1,,533845392,160,82,78,17,7,10,148,77,71,87,48,39,143,73,70,141,71,70,61,29,32,30,13,17,9,6,3,1,1,0,1,0,1,59,59,12,25,12,8,3,1,2,50,42,8,5,41,0,6,13
533845392,2,533845391,,5,2,3,*,*,*,*,*,*,*,*,*,*,*,*,*,*,*,*,*,*,*,*,*,*,*,*,*,*,*,*,*,*,4,4,*,*,*,*,*,*,*,*,*,*,*,*,*,*,*
533845393,0,,,211,104,107,12,6,6,199,98,101,117,60,57,194,93,101,191,92,99,82,38,44,45,21,24,14,6,8,1,0,1,1,1,0,82,82,14,31,22,10,2,2,1,67,52,15,3,55,1,10,12
533845394,0,,,27,12,15,4,2,2,23,10,13,15,7,8,21,10,11,21,10,11,8,3,5,3,2,1,3,2,1,1,1,0,0,0,0,10,10,2,2,4,1,1,0,0,8,7,1,2,5,0,1,1
533845431,0,,,23,11,12,1,1,0,22,10,12,18,9,9,19,8,11,18,8,10,4,1,3,1,0,1,0,0,0,0,0,0,0,0,0,6,6,0,1,0,4,1,0,0,6,4,2,0,3,0,0,0
533845434,0,,,39,21,18,1,1,0,37,19,18,14,8,6,37,19,18,35,17,18,23,11,12,7,3,4,2,1,1,0,0,0,0,0,0,21,21,10,5,5,1,0,0,0,11,11,0,0,15,0,7,4
533845442,0,,,238,96,142,11,4,7,227,92,135,104,49,55,221,89,132,217,88,129,123,43,80,82,22,60,59,13,46,16,0,16,0,0,0,68,67,16,16,11,18,5,1,0,49,31,18,3,49,0,11,8
533845443,0,,,217,107,110,20,10,10,197,97,100,108,51,57,193,95,98,189,92,97,89,46,43,44,21,23,12,6,6,0,0,0,0,0,0,85,85,19,26,19,16,5,0,0,66,58,8,3,61,0,16,15
533845444,0,,,325,160,165,34,17,17,291,143,148,172,86,86,279,138,141,276,137,139,119,57,62,51,26,25,5,2,3,0,0,0,2,1,1,118,118,20,45,21,21,5,2,4,98,85,13,5,76,0,13,29
533845451,0,,,413,196,217,63,28,35,347,166,181,207,104,103,338,163,175,336,162,174,140,62,78,72,34,38,22,9,13,2,0,2,2,0,2,171,171,45,59,31,25,9,2,0,125,110,15,20,95,3,25,31
533845452,0,,,464,224,240,59,32,27,403,190,213,274,128,146,387,182,205,378,176,202,129,62,67,67,32,35,18,8,10,1,0,1,0,0,0,169,169,28,62,30,29,15,4,1,138,113,25,13,81,0,12,29
533845453,0,,,270,135,135,28,15,13,241,119,122,132,65,67,236,116,120,229,114,115,109,54,55,52,21,31,18,8,10,1,0,1,2,1,1,108,108,21,42,21,19,4,1,0,87,74,13,5,72,0,12,27
533845454,0,,,212,97,115,17,6,11,194,90,104,132,63,69,188,86,102,185,84,101,62,27,35,41,15,26,17,4,13,2,1,1,1,0,1,74,74,10,15,27,19,3,0,0,64,46,18,4,41,0,7,6
533845461,0,,,479,244,235,52,28,24,424,213,211,274,145,129,404,200,204,395,194,201,150,68,82,73,35,38,18,9,9,0,0,0,1,0,1,187,187,43,62,37,31,9,4,1,144,133,11,12,99,1,27,32
533845462,0,,,409,192,217,51,27,24,358,165,193,201,96,105,352,162,190,341,158,183,157,69,88,86,36,50,29,9,20,5,1,4,2,0,2,174,172,50,64,30,21,5,2,0,121,116,5,6,93,0,32,32
533845463,0,,,124,56,68,21,9,12,100,46,54,60,30,30,97,44,53,97,44,53,40,16,24,21,8,13,5,1,4,0,0,0,0,0,0,48,48,8,18,10,11,0,1,0,39,33,6,7,29,0,8,6
533845464,0,,,167,79,88,11,7,4,156,72,84,96,46,50,150,68,82,147,66,81,60,26,34,24,9,15,8,4,4,1,0,1,0,0,0,67,67,17,21,13,12,3,1,0,49,44,5,1,46,0,15,8
533845471,0,,,498,223,275,59,33,26,436,189,247,255,121,134,424,182,242,418,179,239,181,68,113,91,30,61,25,6,19,0,0,0,2,1,1,230,230,82,79,34,22,11,1,1,146,136,10,15,133,1,60,41
533845472,0,,,627,294,333,73,39,34,552,253,299,316,154,162,533,242,291,519,236,283,236,99,137,133,46,87,56,15,41,8,1,7,5,1,4,265,264,89,77,44,38,11,3,2,174,147,27,17,155,8,55,34
533845473,0,,,328,156,172,44,25,19,284,131,153,201,98,103,268,124,144,257,117,140,83,33,50,35,12,23,13,4,9,1,0,1,14,3,11,128,128,29,38,33,20,6,1,1,99,94,5,17,55,4,13,19
533845474,0,,,546,282,264,51,26,25,495,256,239,281,153,128,474,243,231,462,236,226,214,103,111,126,53,73,41,14,27,4,0,4,3,2,1,174,172,38,65,32,26,7,2,2,133,114,19,5,107,0,27,36
533845481,0,,,500,241,259,54,28,26,444,211,233,278,137,141,425,201,224,417,197,220,166,74,92,95,43,52,40,19,21,3,1,2,5,0,5,199,199,58,59,33,31,12,3,3,140,107,33,16,116,6,32,27
533845482,0,,,654,323,331,78,38,40,574,283,291,326,164,162,557,269,288,548,265,283,248,119,129,131,58,73,48,20,28,3,1,2,5,2,3,272,272,73,95,48,38,13,5,0,196,167,29,14,168,2,47,62
533845483,0,,,773,347,426,72,28,44,693,314,379,387,186,201,680,307,373,668,304,364,306,128,178,171,61,110,59,19,40,6,2,4,4,2,2,333,333,104,116,60,26,15,8,4,226,192,34,20,211,0,63,55
533845484,0,,,872,419,453,75,39,36,796,379,417,457,226,231,771,370,401,760,365,395,339,153,186,177,76,101,66,25,41,6,1,5,7,2,5,379,379,115,123,78,43,15,5,0,261,218,43,22,235,12,64,66
533845491,0,,,339,169,170,31,12,19,308,157,151,193,99,94,300,150,150,297,150,147,115,58,57,55,28,27,19,7,12,2,1,1,0,0,0,136,136,37,40,31,14,11,3,0,99,84,15,8,80,1,23,16
533845492,0,,,136,68,68,14,6,8,122,62,60,81,45,36,118,60,58,117,60,57,41,17,24,21,7,14,8,2,6,0,0,0,0,0,0,45,45,7,14,9,9,1,2,3,38,26,12,3,29,0,3,2
533845493,0,,,421,201,220,36,16,20,383,184,199,251,125,126,366,177,189,358,173,185,132,59,73,70,28,42,15,3,12,0,0,0,3,2,1,194,194,82,51,26,21,10,3,1,109,92,17,10,96,9,35,20
533845494,0,,,88,41,47,6,2,4,82,39,43,44,23,21,81,39,42,80,38,42,38,16,22,22,10,12,6,3,3,0,0,0,2,0,2,36,36,7,14,8,6,1,0,0,29,26,3,2,25,0,5,9
533845531,0,,,63,35,28,2,1,1,61,34,27,29,18,11,59,33,26,58,33,25,32,16,16,18,7,11,3,1,2,0,0,0,0,0,0,25,25,4,11,6,3,0,0,1,20,18,2,1,20,0,3,8
533845532,0,,,66,27,39,11,3,8,55,24,31,39,18,21,54,23,31,54,23,31,16,6,10,5,2,3,1,0,1,0,0,0,0,0,0,26,26,7,7,4,7,1,0,0,19,17,2,1,10,0,2,4
533845533,0,,,143,70,73,14,5,9,129,65,64,66,35,31,128,64,64,127,63,64,63,30,33,35,18,17,16,9,7,2,2,0,0,0,0,50,50,9,16,9,8,5,3,0,40,30,10,4,40,0,9,9
533845534,0,,,122,60,62,9,4,5,113,56,57,65,34,31,110,53,57,106,52,54,48,22,26,29,12,17,15,6,9,1,0,1,1,0,1,47,47,11,17,6,9,1,3,0,36,27,9,1,35,0,8,10
533845541,0,,,162,74,88,19,9,10,143,65,78,96,42,54,140,65,75,138,65,73,47,23,24,24,9,15,9,3,6,0,0,0,0,0,0,55,55,7,16,14,11,5,2,0,48,38,10,2,33,0,5,6
533845542,0,,,143,65,78,15,8,7,128,57,71,73,36,37,124,56,68,121,55,66,55,21,34,27,9,18,9,3,6,0,0,0,0,0,0,54,54,10,20,10,8,5,1,0,44,35,9,1,40,0,10,11
533845543,0,,,216,102,114,20,8,12,196,94,102,108,53,55,191,91,100,187,89,98,88,41,47,37,15,22,12,4,8,1,0,1,0,0,0,80,80,12,31,16,14,5,1,1,68,54,14,6,58,0,12,19
533845544,0,,,33,15,18,4,3,1,29,12,17,17,9,8,29,12,17,27,12,15,12,3,9,8,2,6,3,1,2,0,0,0,0,0,0,12,12,3,1,5,2,1,0,0,9,7,2,0,8,0,2,0
533845552,0,,,149,71,78,8,6,2,141,65,76,85,40,45,138,63,75,137,62,75,56,25,31,29,11,18,11,4,7,1,0,1,1,0,1,63,63,13,26,15,7,1,1,0,50,42,8,3,41,0,10,8
533845554,0,,,238,126,112,25,15,10,211,110,101,127,67,60,205,109,96,200,105,95,84,43,41,37,16,21,13,6,7,0,0,0,2,1,1,98,98,30,33,15,9,6,4,1,68,55,13,6,61,0,14,17
533845561,0,,,213,105,108,13,4,9,199,100,99,122,64,58,189,93,96,184,91,93,77,36,41,38,16,22,15,6,9,0,0,0,0,0,0,88,88,24,33,12,12,5,1,1,64,54,10,1,52,0,17,10
533845562,0,,,263,140,123,29,17,12,234,123,111,130,69,61,226,117,109,220,115,105,104,54,50,54,23,31,20,8,12,2,0,2,0,0,0,94,94,15,36,17,13,8,2,3,79,67,12,5,67,0,11,25
533845563,0,,,134,60,74,4,1,3,125,56,69,60,24,36,124,56,68,124,56,68,65,32,33,25,12,13,6,2,4,2,0,2,1,1,0,56,56,11,24,11,8,2,0,0,43,37,6,1,43,0,10,18
533845564,0,,,425,201,224,51,27,24,374,174,200,244,116,128,355,164,191,345,160,185,130,58,72,54,24,30,14,4,10,1,1,0,3,3,0,161,161,36,54,34,16,14,5,2,124,107,17,8,87,4,16,23
533845571,0,,,242,118,124,34,19,15,208,99,109,140,66,74,197,95,102,192,93,99,68,33,35,33,16,17,12,6,6,0,0,0,0,0,0,87,87,20,22,17,18,7,1,2,67,55,12,3,48,0,12,11
533845572,0,,,326,159,167,27,13,14,299,146,153,159,79,80,290,142,148,286,139,147,140,67,73,67,29,38,24,8,16,2,0,2,1,0,1,135,135,37,45,25,19,6,3,0,97,79,18,7,97,0,29,23
533845573,0,,,343,180,163,30,17,13,313,163,150,185,99,86,306,161,145,299,158,141,128,64,64,64,30,34,20,8,12,1,0,1,3,1,2,137,137,28,54,28,18,5,3,1,107,94,13,4,83,1,18,27
533845574,0,,,111,57,54,12,6,6,99,51,48,56,33,23,95,47,48,95,47,48,43,18,25,14,6,8,3,1,2,1,0,1,1,0,1,48,48,14,17,8,7,1,1,0,33,30,3,3,28,0,8,10
533845581,0,,,309,159,150,33,23,10,276,136,140,167,87,80,270,134,136,265,130,135,109,49,60,72,33,39,20,8,12,2,1,1,7,2,5,125,125,34,37,27,18,7,1,1,91,77,14,10,76,1,20,17
533845582,0,,,407,189,218,44,27,17,363,162,201,219,99,120,347,155,192,337,153,184,144,63,81,79,32,47,27,12,15,1,0,1,3,1,2,166,166,43,53,35,26,5,4,0,122,103,19,11,96,2,30,29
533845583,0,,,98,48,50,6,3,3,92,45,47,53,29,24,87,44,43,84,42,42,39,16,23,26,8,18,9,3,6,0,0,0,1,0,1,40,40,14,12,5,5,0,3,1,26,19,7,2,30,0,11,5
533845584,0,,,370,185,185,16,6,10,354,179,175,206,114,92,339,174,165,332,171,161,148,65,83,70,30,40,24,8,16,1,1,0,1,0,1,143,143,30,52,32,13,9,6,1,113,96,17,2,98,0,20,27
533845591,0,,,196,95,101,14,8,6,182,87,95,115,55,60,176,84,92,172,83,89,67,32,35,33,16,17,10,2,8,1,0,1,1,0,1,74,74,17,25,13,10,7,1,1,57,45,12,3,47,1,10,15
533845592,0,,,32,17,15,0,0,0,32,17,15,16,9,7,31,17,14,31,17,14,16,8,8,13,7,6,3,1,2,0,0,0,0,0,0,11,11,2,1,5,2,1,0,0,9,7,2,0,10,0,2,0
533845593,0,,,229,115,114,32,12,20,197,103,94,118,65,53,188,97,91,182,93,89,79,38,41,46,20,26,16,7,9,2,0,2,3,2,1,75,75,15,16,12,19,8,5,0,60,38,22,6,49,0,12,8
533845594,0,,,116,57,59,11,4,7,105,53,52,55,29,26,100,51,49,100,51,49,50,24,26,29,15,14,9,5,4,0,0,0,0,0,0,42,42,7,17,8,5,2,1,2,35,30,5,0,30,0,5,9
533845613,0,,,29,16,13,1,1,0,28,15,13,12,5,7,28,15,13,28,15,13,16,10,6,8,4,4,4,2,2,0,0,0,1,0,1,11,11,0,6,3,2,0,0,0,11,9,2,0,10,0,0,4
533845621,0,,,9,4,5,0,0,0,9,4,5,3,1,2,9,4,5,9,4,5,6,3,3,1,1,0,0,0,0,0,0,0,0,0,0,4,4,0,3,1,0,0,0,0,4,4,0,0,4,0,0,1
533845622,0,,,57,28,29,1,1,0,56,27,29,26,10,16,56,27,29,56,27,29,30,17,13,16,7,9,3,0,3,1,0,1,0,0,0,23,23,4,10,4,4,1,0,0,19,13,6,0,19,0,2,5
533845623,0,,,18,7,11,0,0,0,18,7,11,3,2,1,18,7,11,18,7,11,15,5,10,11,4,7,3,1,2,0,0,0,0,0,0,10,10,4,4,2,0,0,0,0,6,6,0,0,10,0,4,3
533845631,0,,,92,49,43,8,4,4,84,45,39,36,19,17,82,44,38,80,43,37,48,26,22,23,11,12,10,5,5,2,0,2,0,0,0,36,36,11,12,4,5,1,1,2,25,19,6,1,30,0,9,8
533845641,0,,,43,21,22,8,3,5,35,18,17,23,13,10,35,18,17,33,17,16,12,5,7,6,2,4,5,2,3,1,0,1,0,0,0,15,15,3,2,4,6,0,0,0,12,11,1,3,7,0,3,1
533845652,0,,,267,131,136,30,19,11,232,110,122,131,65,66,223,105,118,219,102,117,101,45,56,51,22,29,16,8,8,0,0,0,8,3,5,110,110,33,33,19,17,6,1,1,76,63,13,7,74,0,28,14
533845654,0,,,72,30,42,5,2,3,67,28,39,43,20,23,64,27,37,62,25,37,24,8,16,16,6,10,7,1,6,1,0,1,0,0,0,26,26,5,8,6,4,1,2,0,21,16,5,0,17,0,3,3
533845661,0,,,34,16,18,3,2,1,31,14,17,10,3,7,31,14,17,31,14,17,21,11,10,9,6,3,1,1,0,0,0,0,0,0,0,16,16,3,10,2,0,1,0,0,13,12,1,1,13,0,1,7
533845662,0,,,187,85,102,17,8,9,170,77,93,87,40,47,164,74,90,161,74,87,83,37,46,45,18,27,11,2,9,2,0,2,0,0,0,70,70,12,22,21,12,0,2,1,58,47,11,2,52,0,12,12
533845663,0,,,22,8,14,1,0,1,21,8,13,9,4,5,21,8,13,21,8,13,12,4,8,9,3,6,4,1,3,1,0,1,0,0,0,11,11,3,5,3,0,0,0,0,8,7,1,0,8,0,3,4
533845664,0,,,92,43,49,16,8,8,76,35,41,39,16,23,74,35,39,72,34,38,37,19,18,13,7,6,3,1,2,0,0,0,0,0,0,32,32,3,15,4,6,2,1,1,28,21,7,5,23,0,2,12
533845671,0,,,377,193,184,49,32,17,328,161,167,192,102,90,319,155,164,311,151,160,136,59,77,51,21,30,20,8,12,1,0,1,0,0,0,136,136,26,46,25,22,10,3,4,110,82,28,12,94,1,20,23
533845672,0,,,115,56,59,12,8,4,103,48,55,69,33,36,98,46,52,97,46,51,34,15,19,13,4,9,2,0,2,0,0,0,1,0,1,45,45,8,15,14,5,3,0,0,37,33,4,1,23,0,4,8
533845673,0,,,290,136,154,30,15,15,260,121,139,144,68,76,257,118,139,252,117,135,116,53,63,56,20,36,23,7,16,2,1,1,2,0,2,111,111,23,41,22,15,4,4,2,88,64,24,7,78,0,19,21
533845674,0,,,53,24,29,4,1,3,49,23,26,24,12,12,46,21,25,45,21,24,25,11,14,5,1,4,2,0,2,0,0,0,0,0,0,19,19,2,7,7,0,2,1,0,17,14,3,1,14,0,1,5
533845681,2,533845683,,5,2,3,*,*,*,*,*,*,*,*,*,*,*,*,*,*,*,*,*,*,*,*,*,*,*,*,*,*,*,*,*,*,3,3,*,*,*,*,*,*,*,*,*,*,*,*,*,*,*
533845682,1,,533845684,167,78,89,13,4,9,163,77,86,96,50,46,161,75,86,158,73,85,67,27,40,39,15,24,12,2,10,2,0,2,0,0,0,64,64,15,27,11,9,5,1,1,53,44,9,2,46,0,12,14
533845683,1,,533845681,42,21,21,0,0,0,47,23,24,21,11,10,45,22,23,45,22,23,26,12,14,12,3,9,3,0,3,0,0,0,0,0,0,21,21,8,10,5,1,0,0,0,15,13,2,0,17,0,7,6
533845684,2,533845682,,9,3,6,*,*,*,*,*,*,*,*,*,*,*,*,*,*,*,*,*,*,*,*,*,*,*,*,*,*,*,*,*,*,5,5,*,*,*,*,*,*,*,*,*,*,*,*,*,*,*
533845691,0,,,100,51,49,15,7,8,85,44,41,46,26,20,83,43,40,82,42,40,39,18,21,19,8,11,5,1,4,2,0,2,0,0,0,39,39,9,15,7,4,2,1,1,30,25,5,7,26,2,5,11
533845692,0,,,74,33,41,1,1,0,73,32,41,30,13,17,73,32,41,72,32,40,43,19,24,18,8,10,9,4,5,0,0,0,0,0,0,32,32,5,17,7,2,0,1,0,27,20,7,1,28,0,5,12
533845693,0,,,26,11,15,0,0,0,26,11,15,13,7,6,26,11,15,23,10,13,13,4,9,5,1,4,2,0,2,0,0,0,0,0,0,11,11,3,4,2,1,1,0,0,8,7,1,0,9,0,3,2
533845694,0,,,54,30,24,2,1,1,52,29,23,29,17,12,52,29,23,50,27,23,23,12,11,7,3,4,3,2,1,0,0,0,1,1,0,22,22,4,10,5,1,1,1,0,18,17,1,0,17,0,3,2
533845701,2,533845711,,4,2,2,*,*,*,*,*,*,*,*,*,*,*,*,*,*,*,*,*,*,*,*,*,*,*,*,*,*,*,*,*,*,2,2,*,*,*,*,*,*,*,*,*,*,*,*,*,*,*
533845703,2,533845711,,3,1,2,*,*,*,*,*,*,*,*,*,*,*,*,*,*,*,*,*,*,*,*,*,*,*,*,*,*,*,*,*,*,3,3,*,*,*,*,*,*,*,*,*,*,*,*,*,*,*
533845711,1,,533845701;533845703,6,4,2,3,3,0,10,4,6,4,2,2,9,4,5,9,4,5,6,2,4,5,1,4,3,1,2,0,0,0,0,0,0,1,1,3,2,0,0,0,1,0,3,3,0,0,5,0,3,1
533845752,0,,,19,10,9,1,1,0,18,9,9,14,7,7,17,8,9,17,8,9,4,2,2,1,0,1,0,0,0,0,0,0,0,0,0,6,6,1,1,2,0,2,0,0,5,4,1,0,3,0,1,1
533845762,0,,,105,53,52,10,4,6,95,49,46,55,31,24,91,45,46,91,45,46,40,18,22,21,8,13,5,1,4,0,0,0,1,0,1,45,45,14,16,8,3,2,1,1,31,27,4,2,31,0,10,7
533845764,0,,,148,72,76,13,5,8,135,67,68,77,36,41,131,64,67,130,63,67,58,31,27,36,17,19,17,9,8,2,1,1,0,0,0,58,58,15,20,8,7,7,1,0,42,33,9,4,38,0,8,12
533845771,0,,,475,236,239,52,34,18,423,202,221,260,134,126,406,195,211,396,190,206,163,68,95,93,37,56,35,9,26,3,1,2,1,0,1,172,172,35,55,35,21,18,6,2,137,107,30,13,107,2,19,26
533845772,0,,,189,93,96,30,18,12,159,75,84,119,56,63,148,66,82,142,64,78,40,19,21,21,8,13,4,2,2,0,0,0,1,0,1,65,65,10,16,16,16,7,0,0,54,51,3,6,27,1,8,6
533845773,0,,,200,95,105,17,9,8,183,86,97,103,55,48,177,84,93,175,84,91,80,31,49,39,14,25,16,5,11,2,1,1,0,0,0,79,79,15,32,15,12,2,3,0,62,48,14,4,54,1,10,17
533845774,0,,,124,55,69,26,10,16,98,45,53,68,35,33,95,42,53,91,39,52,30,10,20,16,5,11,3,1,2,0,0,0,0,0,0,44,44,9,14,5,10,4,2,0,35,29,6,5,22,0,5,5
533845781,1,,533845783,48,21,27,12,6,6,46,21,25,35,18,17,44,20,24,42,18,24,11,3,8,3,0,3,1,0,1,1,0,1,0,0,0,15,15,4,4,4,4,0,3,0,15,13,2,4,7,0,1,2
533845783,2,533845781,,10,6,4,*,*,*,*,*,*,*,*,*,*,*,*,*,*,*,*,*,*,*,*,*,*,*,*,*,*,*,*,*,*,4,4,*,*,*,*,*,*,*,*,*,*,*,*,*,*,*
533845784,0,,,24,13,11,6,4,2,18,9,9,13,6,7,18,9,9,17,9,8,5,3,2,2,1,1,1,1,0,0,0,0,0,0,0,8,8,2,2,0,2,2,0,0,6,3,3,1,5,0,2,0
533845792,0,,,161,82,79,14,7,7,147,75,72,89,50,39,144,73,71,138,67,71,58,25,33,28,12,16,9,1,8,1,0,1,0,0,0,70,70,24,23,10,6,5,2,0,46,37,9,1,45,0,19,7
533845793,0,,,19,9,10,0,0,0,19,9,10,5,2,3,19,9,10,19,9,10,14,7,7,8,4,4,6,3,3,1,1,0,1,1,0,8,8,1,4,2,1,0,0,0,7,5,2,0,8,0,1,3
533845794,0,,,80,41,39,10,8,2,70,33,37,41,19,22,70,33,37,67,32,35,29,14,15,12,5,7,4,3,1,0,0,0,0,0,0,30,30,7,9,5,6,2,1,0,23,18,5,0,21,0,5,5
533845824,0,,,10,5,5,0,0,0,10,5,5,3,1,2,10,5,5,10,5,5,7,4,3,3,2,1,1,1,0,0,0,0,0,0,0,4,4,1,1,1,1,0,0,0,3,3,0,0,4,0,1,1
533845833,0,,,69,35,34,3,3,0,65,31,34,35,19,16,65,31,34,64,31,33,30,12,18,13,4,9,6,0,6,1,0,1,0,0,0,32,32,13,6,9,3,1,0,0,19,15,4,1,23,0,9,2
533845834,0,,,18,9,9,0,0,0,18,9,9,10,5,5,17,9,8,16,8,8,8,4,4,1,1,0,0,0,0,0,0,0,0,0,0,7,7,3,1,1,0,2,0,0,4,2,2,0,5,0,2,1
533845841,0,,,46,24,22,5,2,3,41,22,19,20,12,8,40,21,19,40,21,19,21,10,11,10,4,6,4,3,1,1,0,1,0,0,0,16,16,3,4,5,2,0,2,0,13,11,2,0,14,0,2,4
533845843,0,,,75,40,35,3,2,1,72,38,34,36,21,15,72,38,34,72,38,34,36,17,19,18,8,10,5,1,4,1,0,1,1,0,1,31,31,8,8,10,4,1,0,0,21,18,3,0,24,0,6,3
533845844,0,,,97,49,48,9,6,3,84,41,43,42,20,22,79,39,40,76,37,39,42,21,21,24,9,15,9,4,5,0,0,0,0,0,0,38,38,10,13,8,1,3,3,0,27,21,6,2,27,0,7,11
533845853,0,,,17,9,8,0,0,0,17,9,8,6,3,3,17,9,8,17,9,8,11,6,5,5,3,2,2,1,1,0,0,0,0,0,0,7,7,0,5,1,1,0,0,0,7,6,1,0,7,0,0,3
533845862,0,,,76,36,40,4,1,3,71,34,37,49,23,26,69,32,37,68,32,36,22,11,11,14,6,8,6,2,4,0,0,0,1,0,1,31,31,8,12,3,5,3,0,0,23,20,3,0,15,2,2,5
533845864,0,,,149,72,77,7,4,3,140,68,72,68,37,31,137,66,71,135,65,70,72,31,41,36,13,23,17,7,10,1,0,1,0,0,0,65,65,20,18,17,8,2,0,0,44,34,10,3,51,0,17,10
533845871,0,,,138,61,77,15,5,10,123,56,67,44,21,23,121,55,66,119,55,64,79,35,44,43,19,24,17,5,12,5,1,4,0,0,0,59,59,19,20,8,9,1,1,1,40,30,10,5,47,0,15,12
533845872,0,,,67,31,36,5,3,2,62,28,34,32,17,15,60,26,34,59,25,34,30,11,19,17,5,12,9,2,7,1,0,1,0,0,0,27,27,7,9,6,3,0,2,0,20,16,4,3,19,0,5,6
533845873,0,,,288,133,155,28,15,13,260,118,142,135,70,65,259,117,142,256,116,140,125,48,77,82,28,54,42,15,27,5,0,5,0,0,0,114,114,22,45,28,8,6,5,0,91,77,14,7,81,1,17,19
533845874,0,,,27,14,13,2,2,0,25,12,13,15,8,7,25,12,13,25,12,13,10,4,6,6,2,4,1,0,1,0,0,0,1,0,1,11,11,1,6,2,2,0,0,0,10,9,1,1,6,0,0,3
533845891,0,,,30,17,13,3,1,2,27,16,11,18,12,6,26,15,11,23,12,11,9,4,5,7,3,4,4,2,2,0,0,0,0,0,0,9,9,2,2,0,3,1,0,1,7,4,3,1,5,0,0,1
533845892,0,,,107,55,52,7,4,3,100,51,49,47,25,22,99,51,48,97,50,47,53,26,27,25,10,15,5,0,5,0,0,0,1,0,1,39,39,7,12,10,6,2,2,0,32,26,6,1,33,0,5,7
533845894,0,,,73,39,34,10,6,4,63,33,30,34,20,14,62,32,30,60,30,30,29,13,16,16,6,10,5,3,2,1,1,0,0,0,0,26,26,5,11,3,2,2,2,1,21,13,8,4,20,0,4,2
533845901,0,,,23,9,14,0,0,0,23,9,14,10,4,6,23,9,14,23,9,14,13,5,8,11,4,7,6,2,4,0,0,0,0,0,0,14,14,7,6,0,1,0,0,0,7,6,1,0,9,0,3,4
533845902,0,,,20,9,11,0,0,0,20,9,11,9,3,6,18,9,9,18,9,9,11,6,5,6,3,3,1,0,1,0,0,0,0,0,0,10,10,7,0,1,0,2,0,0,3,1,2,0,9,0,6,0
533845912,1,,533845914,49,23,26,2,2,0,48,22,26,22,11,11,45,20,25,45,20,25,26,11,15,15,7,8,5,1,4,0,0,0,0,0,0,21,21,6,9,3,3,1,0,0,16,12,4,0,18,0,5,6
533845913,0,,,9,5,4,0,0,0,9,5,4,0,0,0,9,5,4,9,5,4,9,5,4,5,2,3,4,2,2,1,1,0,0,0,0,6,6,3,3,0,0,0,0,0,3,3,0,0,6,0,3,3
533845914,2,533845912,,1,1,0,*,*,*,*,*,*,*,*,*,*,*,*,*,*,*,*,*,*,*,*,*,*,*,*,*,*,*,*,*,*,1,1,*,*,*,*,*,*,*,*,*,*,*,*,*,*,*
533845921,1,,533845923,43,19,24,4,0,4,40,19,21,16,10,6,39,18,21,38,18,20,24,9,15,13,3,10,4,0,4,0,0,0,0,0,0,19,19,9,6,2,0,1,2,0,11,8,3,0,16,1,7,3
533845922,0,,,93,46,47,5,2,3,88,44,44,51,30,21,83,40,43,80,39,41,37,14,23,22,9,13,7,2,5,1,0,1,0,0,0,35,35,12,11,6,2,1,0,3,23,16,7,0,24,0,5,5
533845923,2,533845921,,1,0,1,*,*,*,*,*,*,*,*,*,*,*,*,*,*,*,*,*,*,*,*,*,*,*,*,*,*,*,*,*,*,1,1,*,*,*,*,*,*,*,*,*,*,*,*,*,*,*
533845931,0,,,31,17,14,3,3,0,28,14,14,15,9,6,28,14,14,28,14,14,13,5,8,10,4,6,2,1,1,1,0,1,0,0,0,14,14,4,6,2,1,1,0,0,10,9,1,0,9,0,3,4
533845941,0,,,14,8,6,0,0,0,14,8,6,5,4,1,13,7,6,13,7,6,9,4,5,8,3,5,0,0,0,0,0,0,0,0,0,8,8,3,4,1,0,0,0,0,5,5,0,0,6,0,2,3
533845942,0,,,33,15,18,2,1,1,31,14,17,10,5,5,29,13,16,29,13,16,21,9,12,14,6,8,2,2,0,0,0,0,0,0,0,17,17,5,9,2,1,0,0,0,12,11,1,0,15,0,5,6
533845951,0,,,80,46,34,7,5,2,73,41,32,39,23,16,72,40,32,71,40,31,34,18,16,13,8,5,4,2,2,2,1,1,0,0,0,38,38,15,12,5,4,2,0,0,23,18,5,1,26,0,11,7
533845952,0,,,49,25,24,3,2,1,46,23,23,26,14,12,46,23,23,45,22,23,20,9,11,12,5,7,5,2,3,2,1,1,0,0,0,18,18,4,6,4,1,2,0,1,14,8,6,0,14,0,3,4
533845953,0,,,97,48,49,9,5,4,88,43,45,45,24,21,87,42,45,86,41,45,43,19,24,26,11,15,9,4,5,1,0,1,0,0,0,33,33,4,13,6,5,1,4,0,29,20,9,1,30,0,4,6
533845954,0,,,123,65,58,11,6,5,112,59,53,58,32,26,111,58,53,108,56,52,54,27,27,23,10,13,8,5,3,0,0,0,2,1,1,50,50,12,18,9,8,2,1,0,38,32,6,2,37,0,10,9
533845961,0,,,70,36,34,8,3,5,62,33,29,38,22,16,59,31,28,59,31,28,24,11,13,10,4,6,4,0,4,1,0,1,1,1,0,26,26,5,10,6,1,2,1,1,21,16,5,3,16,1,1,4
533845962,0,,,98,45,53,4,1,3,94,44,50,45,22,23,92,44,48,92,44,48,49,22,27,27,14,13,6,3,3,1,0,1,0,0,0,37,37,5,16,7,5,4,0,0,31,27,4,1,30,0,3,9
533845963,0,,,49,26,23,7,6,1,42,20,22,22,9,13,42,20,22,42,20,22,20,11,9,8,3,5,2,1,1,0,0,0,0,0,0,18,18,2,9,4,1,1,0,1,16,13,3,2,14,0,0,6
533845964,0,,,209,110,99,25,17,8,184,93,91,125,67,58,174,83,91,169,81,88,59,26,33,35,13,22,12,7,5,0,0,0,1,1,0,84,84,23,24,17,14,5,1,0,61,52,9,6,42,0,15,9
533845971,1,,533845972,180,88,92,15,8,7,167,81,86,82,42,40,163,79,84,161,77,84,85,39,46,41,19,22,19,10,9,1,1,0,1,0,1,78,78,23,31,8,13,3,1,0,55,45,10,2,57,0,18,18
533845972,2,533845971,,2,1,1,*,*,*,*,*,*,*,*,*,*,*,*,*,*,*,*,*,*,*,*,*,*,*,*,*,*,*,*,*,*,1,1,*,*,*,*,*,*,*,*,*,*,*,*,*,*,*
533845973,0,,,209,109,100,18,12,6,191,97,94,134,68,66,189,96,93,186,95,91,57,29,28,28,14,14,15,8,7,0,0,0,0,0,0,71,71,11,17,21,14,5,1,2,59,48,11,3,38,0,6,8
533845974,0,,,23,14,9,0,0,0,23,14,9,9,5,4,23,14,9,23,14,9,14,9,5,7,5,2,1,1,0,0,0,0,0,0,0,10,10,2,3,5,0,0,0,0,8,8,0,0,9,0,2,2
533845983,0,,,21,11,10,0,0,0,21,11,10,10,5,5,21,11,10,21,11,10,11,6,5,4,2,2,2,1,1,0,0,0,0,0,0,9,9,1,4,4,0,0,0,0,8,6,2,0,8,0,1,1
533845992,0,,,62,31,31,2,2,0,60,29,31,35,16,19,57,28,29,55,27,28,25,13,12,11,7,4,2,0,2,0,0,0,0,0,0,24,24,7,6,5,3,2,1,0,17,12,5,1,18,0,6,3
533845994,0,,,32,14,18,1,0,1,31,14,17,21,10,11,30,13,17,30,13,17,10,4,6,6,2,4,4,1,3,0,0,0,0,0,0,13,13,3,3,5,2,0,0,0,10,8,2,1,8,0,2,0
533846043,2,533846204,,3,2,1,*,*,*,*,*,*,*,*,*,*,*,*,*,*,*,*,*,*,*,*,*,*,*,*,*,*,*,*,*,*,2,2,*,*,*,*,*,*,*,*,*,*,*,*,*,*,*
533846101,0,,,33,20,13,2,2,0,31,18,13,20,12,8,29,17,12,27,16,11,11,6,5,11,6,5,3,2,1,0,0,0,0,0,0,12,12,3,5,0,1,2,1,0,9,6,3,0,9,0,2,1
533846103,0,,,12,6,6,0,0,0,12,6,6,9,5,4,12,6,6,12,6,6,3,1,2,2,0,2,1,0,1,0,0,0,0,0,0,5,5,1,1,3,0,0,0,0,4,3,1,0,3,0,1,0
533846201,1,,533846203,16,8,8,2,0,2,17,9,8,10,6,4,17,9,8,17,9,8,7,3,4,5,2,3,3,2,1,0,0,0,0,0,0,5,5,0,2,2,1,1,0,0,6,4,2,2,5,0,0,2
533846203,2,533846201,,3,1,2,*,*,*,*,*,*,*,*,*,*,*,*,*,*,*,*,*,*,*,*,*,*,*,*,*,*,*,*,*,*,1,1,*,*,*,*,*,*,*,*,*,*,*,*,*,*,*
533846204,1,,533846043,8,5,3,0,0,0,11,7,4,5,2,3,11,7,4,11,7,4,6,5,1,2,1,1,2,1,1,2,1,1,0,0,0,3,3,2,1,1,1,0,0,0,3,2,1,0,5,0,2,0
533846242,2,533846602,,1,0,1,*,*,*,*,*,*,*,*,*,*,*,*,*,*,*,*,*,*,*,*,*,*,*,*,*,*,*,*,*,*,1,1,*,*,*,*,*,*,*,*,*,*,*,*,*,*,*
533846244,2,533846602,,2,1,1,*,*,*,*,*,*,*,*,*,*,*,*,*,*,*,*,*,*,*,*,*,*,*,*,*,*,*,*,*,*,1,1,*,*,*,*,*,*,*,*,*,*,*,*,*,*,*
533846401,2,533846501,,2,1,1,*,*,*,*,*,*,*,*,*,*,*,*,*,*,*,*,*,*,*,*,*,*,*,*,*,*,*,*,*,*,1,1,*,*,*,*,*,*,*,*,*,*,*,*,*,*,*
533846501,1,,533846401,27,13,14,2,1,1,27,13,14,17,8,9,26,13,13,26,13,13,10,5,5,7,4,3,0,0,0,0,0,0,0,0,0,7,7,0,2,2,2,1,1,0,8,5,3,1,5,0,0,2
533846503,0,,,129,62,67,6,3,3,123,59,64,62,34,28,120,56,64,118,56,62,61,25,36,37,13,24,10,3,7,1,1,0,1,0,1,55,55,14,20,13,4,4,0,0,41,33,8,0,41,0,13,9
533846601,0,,,222,102,120,20,11,9,202,91,111,145,66,79,184,83,101,179,80,99,57,25,32,34,13,21,15,4,11,1,1,0,0,0,0,85,85,17,28,20,13,5,2,0,68,64,4,2,39,0,12,12
533846602,1,,533846242;533846244,191,92,99,16,5,11,178,88,90,97,47,50,176,87,89,173,85,88,81,41,40,43,20,23,13,5,8,3,1,2,0,0,0,68,68,11,28,13,10,4,1,3,59,47,12,4,51,0,6,19
533846603,0,,,145,67,78,8,4,4,137,63,74,77,39,38,134,62,72,132,61,71,60,24,36,32,11,21,13,3,10,3,1,2,1,0,1,59,59,12,22,14,8,3,0,0,47,37,10,1,40,0,9,12
533846604,0,,,84,40,44,6,3,3,78,37,41,38,18,20,77,37,40,76,36,40,40,19,21,23,11,12,7,5,2,0,0,0,0,0,0,35,35,6,20,3,2,3,1,0,29,27,2,1,24,0,5,13
533846611,0,,,34,17,17,4,1,3,30,16,14,22,12,10,29,15,14,27,14,13,8,4,4,5,2,3,1,0,1,0,0,0,0,0,0,11,11,0,5,3,1,1,1,0,11,7,4,1,7,0,0,2
533846613,0,,,128,62,66,20,13,7,108,49,59,63,28,35,102,49,53,100,49,51,45,21,24,24,11,13,8,2,6,3,1,2,1,1,0,44,44,8,11,12,7,3,2,1,35,25,10,6,29,0,8,6
533846614,0,,,26,13,13,0,0,0,26,13,13,15,8,7,26,13,13,26,13,13,11,5,6,4,1,3,2,0,2,0,0,0,0,0,0,9,9,0,3,4,2,0,0,0,9,6,3,0,6,0,0,2
533846633,2,533846634,,5,2,3,*,*,*,*,*,*,*,*,*,*,*,*,*,*,*,*,*,*,*,*,*,*,*,*,*,*,*,*,*,*,1,1,*,*,*,*,*,*,*,*,*,*,*,*,*,*,*
533846634,1,,533846633;533846643,4,2,2,0,0,0,11,5,6,3,1,2,11,5,6,11,5,6,8,4,4,4,2,2,2,1,1,0,0,0,0,0,0,3,3,2,2,0,0,1,0,0,3,2,1,0,5,0,2,2
533846643,2,533846634,,2,1,1,*,*,*,*,*,*,*,*,*,*,*,*,*,*,*,*,*,*,*,*,*,*,*,*,*,*,*,*,*,*,1,1,*,*,*,*,*,*,*,*,*,*,*,*,*,*,*
533846701,0,,,42,18,24,4,2,2,38,16,22,18,8,10,38,16,22,37,16,21,20,8,12,10,3,7,3,1,2,1,0,1,0,0,0,16,16,6,4,3,2,0,0,1,10,6,4,1,13,0,4,3
533846702,1,,533846703,82,40,42,5,1,4,78,39,39,29,16,13,78,39,39,78,39,39,49,23,26,30,15,15,13,5,8,3,0,3,1,0,1,41,41,12,22,5,3,0,0,0,30,26,4,2,31,0,10,12
533846703,2,533846702,,1,0,1,*,*,*,*,*,*,*,*,*,*,*,*,*,*,*,*,*,*,*,*,*,*,*,*,*,*,*,*,*,*,1,1,*,*,*,*,*,*,*,*,*,*,*,*,*,*,*
533846711,0,,,168,87,81,16,11,5,152,76,76,79,47,32,147,74,73,143,71,72,73,29,44,40,17,23,7,2,5,0,0,0,1,0,1,67,66,15,26,12,7,4,0,2,51,43,8,6,51,0,14,15
533846712,0,,,153,74,79,20,11,9,133,63,70,83,41,42,129,61,68,128,61,67,50,22,28,32,12,20,14,6,8,0,0,0,0,0,0,55,55,10,23,5,11,0,4,2,44,37,7,5,33,1,4,10
533846713,0,,,73,30,43,0,0,0,73,30,43,7,3,4,73,30,43,72,29,43,66,27,39,56,18,38,37,8,29,10,3,7,0,0,0,7,6,1,3,2,0,0,0,0,5,5,0,0,5,0,1,2
533846714,0,,,165,89,76,9,8,1,156,81,75,86,48,38,154,79,75,148,75,73,70,33,37,36,17,19,13,7,6,0,0,0,1,1,0,67,67,18,22,12,10,3,2,0,49,40,9,2,48,0,13,13
533846721,0,,,108,44,64,6,3,3,102,41,61,55,22,33,100,40,60,97,40,57,47,19,28,25,6,19,12,3,9,2,0,2,0,0,0,43,43,8,18,8,6,2,1,0,33,26,7,0,33,0,8,8
533846722,0,,,44,24,20,1,0,1,42,23,19,22,12,10,42,23,19,39,23,16,20,11,9,12,7,5,5,3,2,0,0,0,0,0,0,19,19,7,8,1,1,0,1,1,12,9,3,0,13,0,4,4
533846723,0,,,94,40,54,7,3,4,87,37,50,43,19,24,84,35,49,82,34,48,44,18,26,26,12,14,9,3,6,0,0,0,0,0,0,38,38,11,12,7,2,6,0,0,27,16,11,2,32,0,10,9
533846724,0,,,85,46,39,2,0,2,83,46,37,43,25,18,80,44,36,77,42,35,40,21,19,22,13,9,6,3,3,0,0,0,0,0,0,32,32,4,13,7,6,2,0,0,28,24,4,0,25,0,3,9
533846731,2,533846733,,1,1,0,*,*,*,*,*,*,*,*,*,*,*,*,*,*,*,*,*,*,*,*,*,*,*,*,*,*,*,*,*,*,1,1,*,*,*,*,*,*,*,*,*,*,*,*,*,*,*
533846732,0,,,18,8,10,1,0,1,17,8,9,11,5,6,17,8,9,16,7,9,6,3,3,2,0,2,1,0,1,0,0,0,0,0,0,6,6,1,1,2,1,1,0,0,5,3,2,1,4,0,1,1
533846733,1,,533846731,61,31,30,4,1,3,58,31,27,34,18,16,57,30,27,55,29,26,24,13,11,12,6,6,4,2,2,0,0,0,1,0,1,26,26,7,12,3,4,0,1,0,20,16,4,1,19,0,6,4
533846734,0,,,21,11,10,1,0,1,20,11,9,14,8,6,19,10,9,19,10,9,6,3,3,5,3,2,3,1,2,0,0,0,0,0,0,6,6,1,2,0,1,1,0,1,5,3,2,0,4,0,1,1
533846741,2,533846743,,6,4,2,*,*,*,*,*,*,*,*,*,*,*,*,*,*,*,*,*,*,*,*,*,*,*,*,*,*,*,*,*,*,4,4,*,*,*,*,*,*,*,*,*,*,*,*,*,*,*
533846743,1,,533846741,11,5,6,0,0,0,17,9,8,6,3,3,17,9,8,17,9,8,11,6,5,1,1,0,0,0,0,0,0,0,0,0,0,6,6,4,5,1,0,0,0,0,6,6,0,0,8,0,3,3
533846812,0,,,37,14,23,0,0,0,37,14,23,12,6,6,37,14,23,37,14,23,25,8,17,17,5,12,10,1,9,1,0,1,0,0,0,12,11,3,4,2,2,0,0,0,8,8,0,0,8,0,1,1
533846814,0,,,53,28,25,0,0,0,53,28,25,29,17,12,51,27,24,50,26,24,24,11,13,16,6,10,7,3,4,0,0,0,0,0,0,21,21,4,8,5,2,2,0,0,17,13,4,0,19,0,4,3
533846821,2,533846822,,4,2,2,*,*,*,*,*,*,*,*,*,*,*,*,*,*,*,*,*,*,*,*,*,*,*,*,*,*,*,*,*,*,2,2,*,*,*,*,*,*,*,*,*,*,*,*,*,*,*
533846822,1,,533846821,28,13,15,1,1,0,31,14,17,13,6,7,31,14,17,31,14,17,18,8,10,8,4,4,3,1,2,0,0,0,0,0,0,13,13,5,6,2,1,1,0,0,10,8,2,0,14,0,5,3
533846831,1,,533846834,16,8,8,0,0,0,18,9,9,6,5,1,18,9,9,18,9,9,12,4,8,4,1,3,0,0,0,0,0,0,0,0,0,7,7,2,3,2,1,0,0,0,6,6,0,0,8,0,2,2
533846834,2,533846831,,2,1,1,*,*,*,*,*,*,*,*,*,*,*,*,*,*,*,*,*,*,*,*,*,*,*,*,*,*,*,*,*,*,1,1,*,*,*,*,*,*,*,*,*,*,*,*,*,*,*
533846843,1,,533846844;533846942;533846944,29,17,12,0,0,0,41,24,17,22,14,8,40,23,17,40,23,17,19,10,9,9,3,6,5,2,3,0,0,0,0,0,0,16,16,8,7,5,1,0,0,0,12,8,4,0,17,0,7,2
533846844,2,533846843,,7,4,3,*,*,*,*,*,*,*,*,*,*,*,*,*,*,*,*,*,*,*,*,*,*,*,*,*,*,*,*,*,*,3,3,*,*,*,*,*,*,*,*,*,*,*,*,*,*,*
533846903,1,,533846904,28,16,12,1,1,0,31,18,13,12,8,4,31,18,13,31,18,13,19,10,9,8,5,3,1,0,1,0,0,0,0,0,0,13,13,5,3,7,0,0,0,0,9,8,1,1,14,0,4,2
533846904,2,533846903,,4,3,1,*,*,*,*,*,*,*,*,*,*,*,*,*,*,*,*,*,*,*,*,*,*,*,*,*,*,*,*,*,*,2,2,*,*,*,*,*,*,*,*,*,*,*,*,*,*,*
533846942,2,533846843,,3,2,1,*,*,*,*,*,*,*,*,*,*,*,*,*,*,*,*,*,*,*,*,*,*,*,*,*,*,*,*,*,*,1,1,*,*,*,*,*,*,*,*,*,*,*,*,*,*,*
533846944,2,533846843,,2,1,1,*,*,*,*,*,*,*,*,*,*,*,*,*,*,*,*,*,*,*,*,*,*,*,*,*,*,*,*,*,*,1,1,*,*,*,*,*,*,*,*,*,*,*,*,*,*,*
533847052,2,533847054,,6,4,2,*,*,*,*,*,*,*,*,*,*,*,*,*,*,*,*,*,*,*,*,*,*,*,*,*,*,*,*,*,*,4,4,*,*,*,*,*,*,*,*,*,*,*,*,*,*,*
533847054,1,,533847052,8,5,3,0,0,0,14,9,5,6,6,0,14,9,5,14,9,5,8,3,5,8,3,5,5,3,2,0,0,0,0,0,0,4,4,3,4,1,0,0,0,0,5,4,1,0,5,0,1,2
533847062,2,533847064,,8,5,3,*,*,*,*,*,*,*,*,*,*,*,*,*,*,*,*,*,*,*,*,*,*,*,*,*,*,*,*,*,*,4,4,*,*,*,*,*,*,*,*,*,*,*,*,*,*,*
533847064,1,,533847062,1,0,1,0,0,0,9,5,4,2,2,0,9,5,4,9,5,4,7,3,4,2,1,1,1,1,0,0,0,0,0,0,0,1,1,2,2,1,0,0,0,0,3,3,0,0,4,0,1,2
533847071,0,,,48,29,19,0,0,0,48,29,19,20,14,6,48,29,19,48,29,19,28,15,13,12,7,5,5,2,3,2,1,1,0,0,0,21,21,5,9,4,2,1,0,0,16,14,2,0,18,0,4,5
533847073,0,,,78,34,44,1,0,1,76,34,42,30,14,16,76,34,42,76,34,42,46,20,26,21,8,13,8,2,6,1,0,1,0,0,0,31,31,3,15,8,4,1,0,0,28,19,9,0,28,0,2,9
533847151,2,533847152,,6,3,3,*,*,*,*,*,*,*,*,*,*,*,*,*,*,*,*,*,*,*,*,*,*,*,*,*,*,*,*,*,*,4,4,*,*,*,*,*,*,*,*,*,*,*,*,*,*,*
533847152,1,,533847151,5,4,1,0,0,0,11,7,4,3,3,0,11,7,4,11,7,4,8,4,4,7,3,4,3,1,2,0,0,0,0,0,0,4,4,5,3,0,0,0,0,0,3,3,0,0,7,0,4,1
533847171,1,,533847173,45,20,25,0,0,0,46,21,25,21,11,10,45,21,24,44,20,24,25,10,15,14,5,9,2,0,2,1,0,1,0,0,0,19,19,5,9,3,1,1,0,1,14,8,6,0,17,0,4,3
533847173,2,533847171,,3,2,1,*,*,*,*,*,*,*,*,*,*,*,*,*,*,*,*,*,*,*,*,*,*,*,*,*,*,*,*,*,*,1,1,*,*,*,*,*,*,*,*,*,*,*,*,*,*,*
533847174,0,,,15,8,7,2,1,1,13,7,6,6,4,2,13,7,6,13,7,6,7,3,4,4,2,2,1,1,0,0,0,0,0,0,0,4,4,1,0,0,2,0,1,0,3,0,3,0,4,0,1,0
533847264,0,,,69,34,35,0,0,0,68,33,35,26,16,10,68,33,35,68,33,35,42,17,25,17,6,11,10,3,7,0,0,0,0,0,0,37,37,13,18,4,2,0,0,0,24,20,4,0,27,0,9,11
533847271,2,533847272,,8,3,5,*,*,*,*,*,*,*,*,*,*,*,*,*,*,*,*,*,*,*,*,*,*,*,*,*,*,*,*,*,*,5,5,*,*,*,*,*,*,*,*,*,*,*,*,*,*,*
533847272,1,,533847271,4,2,2,0,0,0,12,5,7,3,1,2,12,5,7,12,5,7,9,4,5,6,3,3,2,1,1,0,0,0,0,0,0,2,2,3,3,1,0,0,0,0,4,4,0,0,6,0,3,2
533847273,0,,,19,10,9,1,0,1,18,10,8,11,6,5,16,9,7,15,8,7,7,4,3,4,2,2,3,1,2,0,0,0,0,0,0,8,8,3,2,1,1,1,0,0,5,4,1,0,5,0,2,2
533847362,0,,,20,9,11,0,0,0,20,9,11,10,5,5,20,9,11,19,9,10,10,4,6,8,3,5,4,2,2,0,0,0,0,0,0,9,9,3,2,3,1,0,0,0,6,5,1,0,7,0,3,1
533847363,0,,,18,12,6,0,0,0,18,12,6,5,5,0,18,12,6,18,12,6,13,7,6,6,3,3,3,1,2,1,0,1,0,0,0,8,8,1,4,3,0,0,0,0,7,5,2,0,8,0,1,3
533847461,2,533847463,,7,3,4,*,*,*,*,*,*,*,*,*,*,*,*,*,*,*,*,*,*,*,*,*,*,*,*,*,*,*,*,*,*,4,4,*,*,*,*,*,*,*,*,*,*,*,*,*,*,*
533847463,1,,533847461,2,2,0,0,0,0,9,5,4,2,1,1,9,5,4,9,5,4,7,4,3,4,2,2,1,0,1,0,0,0,0,0,0,2,2,3,3,0,0,0,0,0,3,2,1,0,5,0,3,2
533847684,2,533847693,,3,1,2,*,*,*,*,*,*,*,*,*,*,*,*,*,*,*,*,*,*,*,*,*,*,*,*,*,*,*,*,*,*,2,2,*,*,*,*,*,*,*,*,*,*,*,*,*,*,*
533847691,2,533847693,,11,8,3,*,*,*,*,*,*,*,*,*,*,*,*,*,*,*,*,*,*,*,*,*,*,*,*,*,*,*,*,*,*,5,5,*,*,*,*,*,*,*,*,*,*,*,*,*,*,*
533847693,1,,533847684;533847691;533847782;533847791,19,8,11,1,1,0,40,21,19,13,6,7,39,20,19,39,20,19,27,15,12,16,8,8,4,1,3,2,1,1,0,0,0,12,12,12,9,2,0,1,0,0,12,10,2,0,20,1,9,5
533847782,2,533847693,,5,4,1,*,*,*,*,*,*,*,*,*,*,*,*,*,*,*,*,*,*,*,*,*,*,*,*,*,*,*,*,*,*,3,3,*,*,*,*,*,*,*,*,*,*,*,*,*,*,*
533847791,2,533847693,,3,1,2,*,*,*,*,*,*,*,*,*,*,*,*,*,*,*,*,*,*,*,*,*,*,*,*,*,*,*,*,*,*,2,2,*,*,*,*,*,*,*,*,*,*,*,*,*,*,*
533847964,0,,,52,25,27,0,0,0,52,25,27,19,14,5,52,25,27,52,25,27,33,11,22,21,5,16,10,2,8,1,0,1,0,0,0,27,27,13,7,4,2,1,0,0,14,8,6,0,24,2,10,4
533847973,1,,533847981,16,9,7,0,0,0,19,10,9,8,5,3,19,10,9,19,10,9,11,5,6,6,2,4,2,0,2,0,0,0,0,0,0,9,9,4,6,1,0,0,0,0,7,6,1,0,8,0,4,3
533847981,2,533847973,,3,1,2,*,*,*,*,*,*,*,*,*,*,*,*,*,*,*,*,*,*,*,*,*,*,*,*,*,*,*,*,*,*,2,2,*,*,*,*,*,*,*,*,*,*,*,*,*,*,*
533850012,1,,533850013;533850014;533850023,12,6,6,0,0,0,24,13,11,11,7,4,24,13,11,24,13,11,13,6,7,9,5,4,4,1,3,1,0,1,0,0,0,5,5,4,3,2,2,0,0,0,7,5,2,0,8,0,2,2
533850013,2,533850012,,4,3,1,*,*,*,*,*,*,*,*,*,*,*,*,*,*,*,*,*,*,*,*,*,*,*,*,*,*,*,*,*,*,2,2,*,*,*,*,*,*,*,*,*,*,*,*,*,*,*
533850014,2,533850012,,3,2,1,*,*,*,*,*,*,*,*,*,*,*,*,*,*,*,*,*,*,*,*,*,*,*,*,*,*,*,*,*,*,2,2,*,*,*,*,*,*,*,*,*,*,*,*,*,*,*
533850023,2,533850012,,5,2,3,*,*,*,*,*,*,*,*,*,*,*,*,*,*,*,*,*,*,*,*,*,*,*,*,*,*,*,*,*,*,2,2,*,*,*,*,*,*,*,*,*,*,*,*,*,*,*
533850061,2,533850162,,9,6,3,*,*,*,*,*,*,*,*,*,*,*,*,*,*,*,*,*,*,*,*,*,*,*,*,*,*,*,*,*,*,6,6,*,*,*,*,*,*,*,*,*,*,*,*,*,*,*
533850154,2,533850163,,3,2,1,*,*,*,*,*,*,*,*,*,*,*,*,*,*,*,*,*,*,*,*,*,*,*,*,*,*,*,*,*,*,1,1,*,*,*,*,*,*,*,*,*,*,*,*,*,*,*
533850162,1,,533850061,17,8,9,0,0,0,26,14,12,8,6,2,26,14,12,26,14,12,18,8,10,11,5,6,5,1,4,0,0,0,0,0,0,9,9,5,9,1,0,0,0,0,9,8,1,0,12,0,4,6
533850163,1,,533850154;533850252,44,19,25,0,0,0,48,22,26,20,11,9,48,22,26,48,22,26,28,11,17,15,4,11,6,2,4,0,0,0,0,0,0,22,22,10,6,6,2,0,0,0,14,12,2,0,18,0,5,2
533850164,0,,,10,5,5,0,0,0,10,5,5,4,2,2,10,5,5,10,5,5,6,3,3,3,1,2,1,1,0,0,0,0,0,0,0,6,6,2,4,0,0,0,0,0,4,4,0,0,4,0,1,2
533850252,2,533850163,,1,1,0,*,*,*,*,*,*,*,*,*,*,*,*,*,*,*,*,*,*,*,*,*,*,*,*,*,*,*,*,*,*,1,1,*,*,*,*,*,*,*,*,*,*,*,*,*,*,*
533850262,2,533850264,,4,3,1,*,*,*,*,*,*,*,*,*,*,*,*,*,*,*,*,*,*,*,*,*,*,*,*,*,*,*,*,*,*,1,1,*,*,*,*,*,*,*,*,*,*,*,*,*,*,*
533850264,1,,533850262,68,32,36,10,7,3,62,28,34,36,16,20,59,28,31,59,28,31,26,12,14,15,8,7,5,2,3,0,0,0,0,0,0,20,20,1,6,2,8,3,1,0,20,12,8,3,17,0,1,3
533850272,0,,,15,9,6,0,0,0,15,9,6,11,7,4,13,8,5,13,8,5,4,2,2,3,2,1,2,1,1,0,0,0,0,0,0,4,4,0,0,2,1,1,0,0,4,2,2,0,3,0,0,0
533850274,0,,,9,5,4,0,0,0,9,5,4,3,2,1,9,5,4,9,5,4,6,3,3,3,2,1,1,1,0,0,0,0,0,0,0,6,6,3,3,0,0,0,0,0,2,2,0,0,4,0,2,1
533850314,2,533850412,,10,3,7,*,*,*,*,*,*,*,*,*,*,*,*,*,*,*,*,*,*,*,*,*,*,*,*,*,*,*,*,*,*,3,3,*,*,*,*,*,*,*,*,*,*,*,*,*,*,*
533850323,2,533850412,,7,5,2,*,*,*,*,*,*,*,*,*,*,*,*,*,*,*,*,*,*,*,*,*,*,*,*,*,*,*,*,*,*,2,2,*,*,*,*,*,*,*,*,*,*,*,*,*,*,*
533850333,2,533850422,,1,1,0,*,*,*,*,*,*,*,*,*,*,*,*,*,*,*,*,*,*,*,*,*,*,*,*,*,*,*,*,*,*,1,1,*,*,*,*,*,*,*,*,*,*,*,*,*,*,*
533850361,2,533850362,,5,3,2,*,*,*,*,*,*,*,*,*,*,*,*,*,*,*,*,*,*,*,*,*,*,*,*,*,*,*,*,*,*,2,2,*,*,*,*,*,*,*,*,*,*,*,*,*,*,*
533850362,1,,533850361,16,8,8,2,1,1,19,10,9,10,7,3,18,9,9,17,8,9,9,3,6,9,3,6,2,2,0,0,0,0,1,1,0,6,6,0,5,2,0,1,0,0,8,7,1,2,6,0,0,3
533850371,0,,,11,6,5,0,0,0,11,6,5,4,3,1,11,6,5,11,6,5,7,3,4,5,2,3,1,1,0,0,0,0,0,0,0,5,5,1,3,0,1,0,0,0,4,4,0,0,5,0,1,2
533850373,0,,,23,11,12,6,3,3,17,8,9,8,3,5,17,8,9,17,8,9,9,5,4,4,2,2,3,1,2,1,0,1,0,0,0,7,7,2,1,2,0,0,1,1,5,2,3,1,6,0,2,0
533850412,1,,533850314;533850323,11,6,5,5,0,5,23,14,9,10,7,3,23,14,9,23,14,9,13,7,6,6,3,3,2,1,1,1,0,1,0,0,0,4,4,1,1,4,2,1,0,0,8,6,2,0,7,0,1,1
533850414,0,,,9,4,5,0,0,0,9,4,5,4,2,2,9,4,5,9,4,5,5,2,3,1,0,1,1,0,1,0,0,0,0,0,0,4,4,0,3,1,0,0,0,0,4,4,0,0,3,0,0,1
533850421,2,533850423,,6,4,2,*,*,*,*,*,*,*,*,*,*,*,*,*,*,*,*,*,*,*,*,*,*,*,*,*,*,*,*,*,*,4,4,*,*,*,*,*,*,*,*,*,*,*,*,*,*,*
533850422,1,,533850333;533850431;533850433,21,10,11,2,0,2,30,15,15,12,7,5,30,15,15,30,15,15,18,8,10,11,5,6,5,2,3,0,0,0,0,0,0,8,8,2,4,3,2,1,0,0,10,8,2,0,10,0,2,3
533850423,1,,533850421,26,15,11,7,5,2,25,14,11,14,6,8,25,14,11,25,14,11,11,8,3,3,2,1,0,0,0,0,0,0,0,0,0,10,10,5,4,2,2,1,0,0,9,9,0,2,9,0,5,1
533850424,0,,,41,21,20,3,3,0,38,18,20,22,11,11,37,18,19,37,18,19,16,7,9,9,3,6,5,1,4,0,0,0,0,0,0,14,14,2,4,4,2,1,1,0,12,7,5,1,10,0,2,2
533850431,2,533850422,,7,3,4,*,*,*,*,*,*,*,*,*,*,*,*,*,*,*,*,*,*,*,*,*,*,*,*,*,*,*,*,*,*,2,2,*,*,*,*,*,*,*,*,*,*,*,*,*,*,*
533850433,2,533850422,,3,1,2,*,*,*,*,*,*,*,*,*,*,*,*,*,*,*,*,*,*,*,*,*,*,*,*,*,*,*,*,*,*,1,1,*,*,*,*,*,*,*,*,*,*,*,*,*,*,*
533850464,0,,,29,14,15,2,2,0,27,12,15,16,6,10,26,12,14,26,12,14,11,6,5,8,4,4,2,1,1,0,0,0,0,0,0,13,13,3,6,2,2,0,0,0,10,9,1,0,7,0,3,2
533850471,0,,,27,13,14,0,0,0,27,13,14,6,4,2,27,13,14,26,12,14,21,9,12,11,5,6,3,0,3,0,0,0,0,0,0,11,11,1,6,3,0,1,0,0,10,7,3,0,11,0,1,4
533850473,0,,,86,43,43,13,5,8,73,38,35,46,24,22,68,34,34,68,34,34,27,14,13,11,6,5,2,1,1,0,0,0,1,0,1,31,31,7,4,12,6,1,1,0,24,19,5,3,19,0,5,1
533850512,2,533850521,,6,2,4,*,*,*,*,*,*,*,*,*,*,*,*,*,*,*,*,*,*,*,*,*,*,*,*,*,*,*,*,*,*,4,4,*,*,*,*,*,*,*,*,*,*,*,*,*,*,*
533850521,1,,533850512,38,19,19,6,4,2,38,17,21,28,14,14,37,17,20,36,16,20,10,3,7,9,3,6,3,0,3,0,0,0,1,0,1,14,14,5,7,2,2,1,1,0,13,11,2,3,7,0,2,3
533850522,0,,,19,10,9,4,4,0,15,6,9,10,3,7,13,6,7,13,6,7,5,3,2,3,1,2,1,0,1,0,0,0,1,0,1,6,6,0,2,1,3,0,0,0,6,5,1,0,3,0,0,2
533850523,0,,,34,15,19,7,4,3,27,11,16,19,8,11,27,11,16,26,10,16,8,3,5,5,1,4,3,1,2,0,0,0,0,0,0,10,10,2,2,2,0,2,2,0,8,4,4,2,5,1,1,0
533850524,0,,,46,20,26,5,1,4,41,19,22,15,8,7,41,19,22,41,19,22,26,11,15,13,5,8,5,1,4,0,0,0,1,0,1,18,18,4,8,3,1,0,1,1,14,11,3,2,16,0,4,6
533850531,0,,,10,6,4,1,1,0,9,5,4,3,1,2,9,5,4,9,5,4,6,4,2,3,2,1,2,2,0,0,0,0,0,0,0,6,6,3,2,1,0,0,0,0,2,2,0,0,4,0,1,1
533850562,0,,,153,70,83,24,10,14,129,60,69,76,37,39,123,58,65,120,57,63,53,23,30,29,10,19,11,3,8,0,0,0,2,0,2,51,51,7,17,11,7,4,4,1,44,36,8,4,32,1,4,12
533850564,0,,,20,9,11,1,1,0,19,8,11,13,5,8,17,8,9,17,8,9,6,3,3,2,1,1,0,0,0,0,0,0,0,0,0,7,7,1,3,2,0,0,0,1,6,5,1,0,4,0,0,1
533850571,0,,,41,17,24,5,0,5,36,17,19,19,8,11,35,17,18,34,16,18,17,9,8,12,6,6,7,3,4,0,0,0,0,0,0,20,20,11,4,2,1,1,0,1,9,6,3,1,9,0,1,4
533850573,0,,,14,9,5,0,0,0,14,9,5,9,5,4,14,9,5,13,8,5,5,4,1,0,0,0,0,0,0,0,0,0,1,0,1,6,6,2,2,0,2,0,0,0,4,4,0,0,4,0,2,1
533850612,2,533850621,,7,2,5,*,*,*,*,*,*,*,*,*,*,*,*,*,*,*,*,*,*,*,*,*,*,*,*,*,*,*,*,*,*,4,4,*,*,*,*,*,*,*,*,*,*,*,*,*,*,*
533850621,1,,533850612,27,10,17,10,3,7,24,9,15,14,6,8,24,9,15,24,9,15,10,3,7,7,2,5,0,0,0,0,0,0,0,0,0,7,7,2,4,2,1,0,0,2,8,6,2,1,7,0,2,3
533850622,0,,,10,4,6,0,0,0,10,4,6,2,1,1,10,4,6,10,4,6,8,3,5,4,2,2,3,2,1,0,0,0,0,0,0,5,5,2,1,2,0,0,0,0,3,3,0,0,5,0,2,1
533850623,2,533850624,,8,4,4,*,*,*,*,*,*,*,*,*,*,*,*,*,*,*,*,*,*,*,*,*,*,*,*,*,*,*,*,*,*,4,4,*,*,*,*,*,*,*,*,*,*,*,*,*,*,*
533850624,1,,533850623,40,20,20,6,1,5,42,23,19,31,18,13,40,21,19,40,21,19,11,5,6,9,3,6,4,3,1,0,0,0,0,0,0,12,12,4,4,3,1,3,0,1,12,9,3,3,8,0,4,1
533850633,0,,,54,29,25,15,10,5,39,19,20,25,12,13,39,19,20,39,19,20,14,7,7,6,2,4,3,0,3,0,0,0,2,0,2,17,17,4,1,6,3,2,0,1,13,11,2,5,9,0,3,0
533850662,0,,,52,25,27,8,5,3,44,20,24,23,11,12,43,20,23,43,20,23,21,9,12,9,2,7,4,0,4,1,0,1,0,0,0,19,19,5,3,6,2,3,0,0,14,11,3,2,13,0,5,2
533850664,0,,,99,51,48,15,11,4,84,40,44,52,24,28,79,38,41,79,38,41,32,16,16,20,10,10,13,6,7,0,0,0,0,0,0,38,38,9,12,9,5,1,0,2,29,24,5,5,20,0,8,6
533850673,0,,,13,6,7,3,0,3,10,6,4,5,3,2,9,5,4,9,5,4,5,3,2,3,2,1,1,0,1,0,0,0,0,0,0,5,5,2,1,0,1,1,0,0,3,2,1,0,4,0,2,1
533850701,2,533850703,,1,0,1,*,*,*,*,*,*,*,*,*,*,*,*,*,*,*,*,*,*,*,*,*,*,*,*,*,*,*,*,*,*,1,1,*,*,*,*,*,*,*,*,*,*,*,*,*,*,*
533850703,1,,533850701,27,13,14,5,3,2,23,10,13,15,6,9,23,10,13,22,10,12,8,4,4,6,3,3,4,2,2,0,0,0,3,0,3,10,10,3,2,3,3,0,0,0,8,5,3,2,5,1,0,0
533850712,0,,,39,18,21,1,0,1,38,18,20,30,15,15,38,18,20,38,18,20,8,3,5,5,2,3,2,0,2,0,0,0,1,1,0,14,14,2,6,4,0,1,0,1,12,9,3,1,6,0,0,1
533850714,0,,,32,17,15,2,1,1,30,16,14,20,10,10,30,16,14,30,16,14,10,6,4,6,3,3,1,0,1,0,0,0,0,0,0,11,11,0,5,4,0,2,0,0,11,8,3,1,7,0,0,2
533850721,1,,533850722,21,11,10,2,1,1,27,13,14,16,8,8,26,13,13,25,12,13,11,5,6,6,2,4,2,0,2,0,0,0,0,0,0,8,8,2,5,1,1,2,0,0,9,8,1,0,7,0,1,4
533850722,2,533850721,,8,3,5,*,*,*,*,*,*,*,*,*,*,*,*,*,*,*,*,*,*,*,*,*,*,*,*,*,*,*,*,*,*,3,3,*,*,*,*,*,*,*,*,*,*,*,*,*,*,*
533850723,0,,,10,5,5,2,1,1,8,4,4,4,2,2,8,4,4,8,4,4,4,2,2,2,1,1,2,1,1,0,0,0,0,0,0,4,4,1,1,1,1,0,0,0,3,3,0,1,2,0,0,1
533850724,0,,,22,11,11,0,0,0,22,11,11,7,5,2,22,11,11,22,11,11,15,6,9,10,3,7,3,1,2,0,0,0,0,0,0,11,11,3,6,1,1,0,0,0,8,6,2,0,11,0,3,4
533850731,1,,533850733,36,17,19,5,4,1,33,14,19,14,7,7,33,14,19,33,14,19,19,7,12,14,4,10,6,1,5,2,0,2,0,0,0,15,15,6,5,1,3,0,0,1,10,8,2,2,13,0,4,2
533850733,2,533850731,,2,1,1,*,*,*,*,*,*,*,*,*,*,*,*,*,*,*,*,*,*,*,*,*,*,*,*,*,*,*,*,*,*,1,1,*,*,*,*,*,*,*,*,*,*,*,*,*,*,*
533850762,0,,,302,111,191,26,14,12,275,97,178,77,38,39,267,94,173,266,94,172,198,59,139,167,42,125,124,28,96,37,6,31,1,0,1,50,49,11,10,9,18,0,1,0,38,35,3,11,21,0,6,6
533850764,0,,,136,70,66,11,8,3,125,62,63,63,32,31,123,61,62,122,61,61,62,30,32,38,17,21,19,7,12,2,0,2,0,0,0,55,55,13,18,15,4,4,1,0,42,28,14,1,43,0,9,10
533850801,0,,,139,65,74,20,15,5,119,50,69,68,28,40,112,47,65,111,47,64,51,22,29,29,10,19,8,1,7,1,0,1,1,0,1,46,46,7,14,10,8,3,1,3,39,26,13,5,32,0,5,8
533850803,0,,,156,77,79,13,7,6,143,70,73,84,47,37,142,70,72,138,69,69,59,23,36,30,8,22,13,1,12,2,0,2,0,0,0,57,57,10,16,15,13,2,0,1,47,33,14,4,36,0,6,9
533850812,1,,533850814,38,19,19,1,1,0,42,20,22,20,11,9,40,20,20,38,19,19,22,9,13,10,3,7,3,1,2,1,0,1,2,0,2,11,11,2,3,3,2,0,3,0,11,6,5,0,13,0,2,3
533850814,2,533850812,,5,2,3,*,*,*,*,*,*,*,*,*,*,*,*,*,*,*,*,*,*,*,*,*,*,*,*,*,*,*,*,*,*,2,2,*,*,*,*,*,*,*,*,*,*,*,*,*,*,*
533850821,0,,,30,15,15,4,3,1,26,12,14,14,7,7,26,12,14,26,12,14,12,5,7,4,2,2,1,0,1,0,0,0,0,0,0,13,13,3,5,3,2,0,0,0,10,9,1,0,9,0,3,2
533850822,1,,533850831;533850833,51,27,24,4,1,3,54,30,24,29,17,12,51,27,24,51,27,24,25,13,12,15,6,9,6,2,4,0,0,0,0,0,0,19,19,3,7,8,3,1,0,0,19,16,3,1,16,0,2,6
533850824,0,,,108,46,62,15,8,7,93,38,55,48,22,26,92,38,54,90,37,53,45,16,29,33,13,20,16,4,12,3,0,3,0,0,0,39,39,10,15,2,4,4,2,2,28,17,11,4,31,0,8,9
533850831,2,533850822,,2,1,1,*,*,*,*,*,*,*,*,*,*,*,*,*,*,*,*,*,*,*,*,*,*,*,*,*,*,*,*,*,*,1,1,*,*,*,*,*,*,*,*,*,*,*,*,*,*,*
533850833,2,533850822,,5,3,2,*,*,*,*,*,*,*,*,*,*,*,*,*,*,*,*,*,*,*,*,*,*,*,*,*,*,*,*,*,*,2,2,*,*,*,*,*,*,*,*,*,*,*,*,*,*,*
533850844,0,,,30,14,16,10,4,6,20,10,10,14,7,7,20,10,10,19,10,9,6,3,3,4,2,2,1,0,1,0,0,0,0,0,0,8,8,0,2,2,1,2,1,0,8,5,3,1,4,0,0,2
533850851,1,,533850854,46,23,23,6,4,2,41,20,21,21,10,11,41,20,21,39,20,19,20,10,10,10,5,5,8,4,4,2,1,1,0,0,0,16,16,3,6,4,2,1,0,1,13,11,2,0,12,0,3,5
533850852,0,,,56,31,25,8,5,3,48,26,22,27,16,11,46,24,22,46,24,22,21,10,11,11,7,4,4,2,2,0,0,0,0,0,0,18,18,2,9,0,2,3,1,1,16,12,4,0,15,0,2,3
533850853,0,,,80,38,42,7,4,3,73,34,39,39,19,20,70,32,38,69,32,37,34,15,19,23,9,14,10,2,8,1,0,1,0,0,0,29,29,6,10,5,5,1,1,1,23,14,9,2,25,0,4,6
533850854,2,533850851,,1,1,0,*,*,*,*,*,*,*,*,*,*,*,*,*,*,*,*,*,*,*,*,*,*,*,*,*,*,*,*,*,*,1,1,*,*,*,*,*,*,*,*,*,*,*,*,*,*,*
533850861,2,533850862,,4,3,1,*,*,*,*,*,*,*,*,*,*,*,*,*,*,*,*,*,*,*,*,*,*,*,*,*,*,*,*,*,*,3,3,*,*,*,*,*,*,*,*,*,*,*,*,*,*,*
533850862,1,,533850861,21,10,11,4,2,2,21,11,10,9,4,5,20,10,10,20,10,10,12,7,5,6,3,3,1,1,0,0,0,0,0,0,0,7,7,2,4,2,1,1,0,0,8,8,0,1,7,0,2,4
533850873,0,,,28,15,13,1,1,0,27,14,13,6,3,3,27,14,13,27,14,13,21,11,10,19,11,8,5,4,1,1,1,0,0,0,0,13,13,2,7,4,0,0,0,0,11,9,2,1,12,0,2,6
533850874,1,,533850972,144,66,78,9,2,7,138,65,73,60,26,34,134,63,71,132,61,71,78,39,39,42,17,25,25,11,14,12,4,8,0,0,0,56,56,14,17,12,9,4,0,1,43,29,14,3,48,0,10,8
533850901,1,,533850904,145,65,80,24,11,13,132,59,73,73,37,36,129,56,73,129,56,73,59,22,37,32,9,23,11,1,10,1,0,1,1,0,1,48,48,8,16,8,5,8,3,2,42,25,17,5,41,0,7,11
533850903,0,,,11,5,6,0,0,0,11,5,6,7,5,2,11,5,6,11,5,6,4,0,4,1,0,1,1,0,1,0,0,0,0,0,0,6,6,3,1,2,0,0,0,0,3,3,0,0,4,0,2,0
533850904,2,533850901,,11,5,6,*,*,*,*,*,*,*,*,*,*,*,*,*,*,*,*,*,*,*,*,*,*,*,*,*,*,*,*,*,*,2,2,*,*,*,*,*,*,*,*,*,*,*,*,*,*,*
533850912,0,,,24,13,11,4,4,0,20,9,11,8,3,5,19,8,11,19,8,11,12,6,6,5,2,3,3,1,2,0,0,0,0,0,0,10,10,3,4,0,2,1,0,0,7,5,2,1,8,0,2,3
533850922,0,,,158,78,80,14,9,5,144,69,75,84,41,43,140,67,73,136,64,72,60,28,32,30,11,19,12,5,7,1,0,1,1,0,1,56,56,10,18,13,6,5,4,0,46,35,11,2,39,0,7,8
533850931,2,533850933,,6,4,2,*,*,*,*,*,*,*,*,*,*,*,*,*,*,*,*,*,*,*,*,*,*,*,*,*,*,*,*,*,*,3,3,*,*,*,*,*,*,*,*,*,*,*,*,*,*,*
533850932,0,,,38,16,22,7,4,3,31,12,19,13,6,7,30,12,18,29,11,18,18,6,12,7,1,6,5,1,4,0,0,0,0,0,0,17,16,5,6,2,1,2,0,0,11,10,1,2,12,0,5,4
533850933,1,,533850931,29,15,14,8,5,3,27,14,13,15,9,6,26,13,13,26,13,13,12,5,7,7,3,4,3,1,2,0,0,0,0,0,0,10,10,3,4,3,1,1,1,0,10,8,2,3,8,0,2,3
533850934,0,,,263,121,142,42,19,23,221,102,119,135,65,70,215,99,116,210,97,113,86,37,49,52,17,35,24,8,16,5,3,2,0,0,0,92,92,17,25,20,21,5,1,3,75,57,18,11,59,0,11,19
533850941,0,,,34,15,19,3,0,3,31,15,16,18,11,7,31,15,16,31,15,16,13,4,9,8,2,6,4,2,2,0,0,0,0,0,0,15,15,6,2,4,3,0,0,0,9,6,3,1,9,1,3,1
533850942,2,533850943,,2,1,1,*,*,*,*,*,*,*,*,*,*,*,*,*,*,*,*,*,*,*,*,*,*,*,*,*,*,*,*,*,*,1,1,*,*,*,*,*,*,*,*,*,*,*,*,*,*,*
533850943,1,,533850942,424,209,215,73,43,30,351,166,185,232,115,117,337,158,179,332,156,176,119,51,68,62,23,39,27,9,18,4,1,3,7,3,4,152,151,29,44,41,18,13,4,3,120,93,27,21,76,2,14,20
533850944,0,,,46,24,22,3,2,1,43,22,21,31,16,15,42,22,20,41,21,20,12,6,6,4,2,2,2,1,1,0,0,0,3,2,1,17,17,3,3,8,2,1,0,0,14,13,1,2,8,0,2,1
533850951,0,,,126,30,96,2,2,0,124,28,96,12,7,5,124,28,96,124,28,96,112,21,91,103,17,86,77,8,69,22,1,21,0,0,0,12,10,3,3,1,2,0,0,1,7,4,3,1,7,0,1,2
533850953,0,,,184,84,100,23,12,11,147,64,83,76,34,42,142,62,80,142,62,80,71,30,41,32,14,18,16,7,9,1,0,1,0,0,0,67,67,14,26,8,10,3,3,3,50,38,12,7,45,0,12,15
533850954,0,,,45,22,23,0,0,0,36,18,18,19,12,7,35,17,18,34,17,17,17,6,11,9,3,6,4,1,3,1,0,1,1,0,1,18,18,5,5,5,1,1,1,0,9,7,2,0,11,0,4,2
533850972,2,533850874,,3,1,2,*,*,*,*,*,*,*,*,*,*,*,*,*,*,*,*,*,*,*,*,*,*,*,*,*,*,*,*,*,*,1,1,*,*,*,*,*,*,*,*,*,*,*,*,*,*,*
533852153,0,,,33,17,16,2,1,1,31,16,15,13,8,5,30,15,15,30,15,15,18,8,10,4,3,1,1,0,1,1,0,1,0,0,0,15,15,2,9,3,1,0,0,0,13,12,1,0,9,0,1,6
533852162,2,533852164,,4,2,2,*,*,*,*,*,*,*,*,*,*,*,*,*,*,*,*,*,*,*,*,*,*,*,*,*,*,*,*,*,*,2,2,*,*,*,*,*,*,*,*,*,*,*,*,*,*,*
533852164,1,,533852162,8,3,5,0,0,0,12,5,7,2,1,1,12,5,7,12,5,7,10,4,6,5,1,4,0,0,0,0,0,0,0,0,0,6,6,4,4,0,0,0,0,0,4,4,0,0,7,0,4,3
533852251,1,,533852252,8,4,4,0,0,0,10,5,5,2,1,1,10,5,5,10,5,5,8,4,4,3,2,1,2,1,1,0,0,0,0,0,0,5,5,4,3,0,0,0,0,0,3,2,1,0,6,0,3,1
533852252,2,533852251,,2,1,1,*,*,*,*,*,*,*,*,*,*,*,*,*,*,*,*,*,*,*,*,*,*,*,*,*,*,*,*,*,*,2,2,*,*,*,*,*,*,*,*,*,*,*,*,*,*,*
533852253,1,,533852254,50,21,29,3,1,2,49,21,28,24,9,15,46,21,25,46,21,25,25,12,13,17,8,9,2,1,1,0,0,0,0,0,0,25,25,10,9,4,3,0,0,0,16,15,1,1,17,1,6,5
533852254,2,533852253,,2,1,1,*,*,*,*,*,*,*,*,*,*,*,*,*,*,*,*,*,*,*,*,*,*,*,*,*,*,*,*,*,*,1,1,*,*,*,*,*,*,*,*,*,*,*,*,*,*,*
533852261,2,533852263,,2,1,1,*,*,*,*,*,*,*,*,*,*,*,*,*,*,*,*,*,*,*,*,*,*,*,*,*,*,*,*,*,*,1,1,*,*,*,*,*,*,*,*,*,*,*,*,*,*,*
533852262,0,,,10,5,5,1,1,0,9,4,5,2,1,1,9,4,5,9,4,5,7,3,4,3,1,2,1,0,1,0,0,0,0,0,0,5,5,1,3,1,0,0,0,0,4,4,0,0,4,0,1,3
533852263,1,,533852261,19,10,9,1,0,1,20,11,9,5,2,3,20,11,9,20,11,9,15,9,6,7,6,1,0,0,0,0,0,0,0,0,0,9,9,2,6,1,1,0,0,0,7,6,1,0,9,0,2,5
533852271,0,,,11,5,6,1,1,0,10,4,6,6,3,3,9,4,5,8,3,5,4,1,3,4,1,3,0,0,0,0,0,0,0,0,0,5,5,2,2,0,0,1,0,0,3,3,0,0,3,0,2,1
533852273,0,,,31,13,18,0,0,0,31,13,18,13,6,7,31,13,18,31,13,18,18,7,11,11,3,8,8,2,6,0,0,0,0,0,0,16,16,4,9,3,0,0,0,0,12,11,1,0,12,0,3,4
533852274,0,,,15,7,8,2,0,2,13,7,6,6,3,3,13,7,6,13,7,6,7,4,3,1,1,0,0,0,0,0,0,0,0,0,0,7,7,1,5,0,1,0,0,0,6,6,0,1,4,0,1,3
533852294,2,533852392,,8,5,3,*,*,*,*,*,*,*,*,*,*,*,*,*,*,*,*,*,*,*,*,*,*,*,*,*,*,*,*,*,*,3,3,*,*,*,*,*,*,*,*,*,*,*,*,*,*,*
533852342,0,,,20,8,12,0,0,0,20,8,12,11,4,7,20,8,12,20,8,12,9,4,5,5,2,3,3,2,1,0,0,0,0,0,0,8,7,2,4,0,1,0,0,0,5,5,0,0,4,0,0,3
533852343,2,533852344,,4,2,2,*,*,*,*,*,*,*,*,*,*,*,*,*,*,*,*,*,*,*,*,*,*,*,*,*,*,*,*,*,*,2,2,*,*,*,*,*,*,*,*,*,*,*,*,*,*,*
533852344,1,,533852343,18,7,11,0,0,0,22,9,13,7,4,3,22,9,13,22,9,13,15,5,10,4,1,3,1,0,1,1,0,1,0,0,0,11,11,4,9,0,0,0,0,0,8,8,0,0,10,0,3,4
533852351,0,,,15,6,9,1,0,1,14,6,8,9,5,4,14,6,8,14,6,8,5,1,4,2,0,2,0,0,0,0,0,0,0,0,0,10,10,6,3,1,0,0,0,0,4,4,0,0,4,0,3,1
533852352,0,,,35,19,16,0,0,0,35,19,16,21,11,10,35,19,16,35,19,16,14,8,6,10,6,4,0,0,0,0,0,0,0,0,0,20,20,8,9,3,0,0,0,0,12,11,1,0,12,0,8,2
533852353,0,,,25,8,17,0,0,0,25,8,17,11,3,8,25,8,17,25,8,17,14,5,9,7,3,4,3,1,2,0,0,0,0,0,0,10,10,3,3,1,2,1,0,0,6,4,2,0,9,0,3,3
533852354,0,,,53,31,22,1,1,0,52,30,22,26,16,10,51,29,22,49,27,22,26,14,12,12,8,4,1,1,0,0,0,0,0,0,0,28,28,13,9,2,4,0,0,0,15,13,2,0,17,0,9,5
533852361,2,533852364,,3,2,1,*,*,*,*,*,*,*,*,*,*,*,*,*,*,*,*,*,*,*,*,*,*,*,*,*,*,*,*,*,*,2,2,*,*,*,*,*,*,*,*,*,*,*,*,*,*,*
533852362,2,533852364,,7,5,2,*,*,*,*,*,*,*,*,*,*,*,*,*,*,*,*,*,*,*,*,*,*,*,*,*,*,*,*,*,*,3,3,*,*,*,*,*,*,*,*,*,*,*,*,*,*,*
533852364,1,,533852361;533852362,26,12,14,1,1,0,35,18,17,15,7,8,34,17,17,34,17,17,20,11,9,8,4,4,1,1,0,1,1,0,0,0,0,16,16,11,7,1,2,0,0,0,10,10,0,0,17,0,10,6
533852371,2,533852373,,3,1,2,*,*,*,*,*,*,*,*,*,*,*,*,*,*,*,*,*,*,*,*,*,*,*,*,*,*,*,*,*,*,1,1,*,*,*,*,*,*,*,*,*,*,*,*,*,*,*
533852372,0,,,52,31,21,7,3,4,45,28,17,26,16,10,44,28,16,44,28,16,19,12,7,7,4,3,1,0,1,0,0,0,1,1,0,28,27,16,6,3,1,1,0,0,11,11,0,2,14,0,10,3
533852373,1,,533852371,22,7,15,0,0,0,25,8,17,13,4,9,25,8,17,24,8,16,12,4,8,5,1,4,1,0,1,0,0,0,0,0,0,13,13,4,9,1,0,0,0,0,10,9,1,0,9,0,3,4
533852374,0,,,9,4,5,0,0,0,9,4,5,5,2,3,9,4,5,9,4,5,4,2,2,2,1,1,1,0,1,0,0,0,0,0,0,4,4,1,2,0,1,0,0,0,3,2,1,0,3,0,1,1
533852381,0,,,8,4,4,0,0,0,8,4,4,6,3,3,8,4,4,7,4,3,2,1,1,1,1,0,0,0,0,0,0,0,2,2,0,5,5,3,1,1,0,0,0,0,2,2,0,0,1,0,0,1
533852383,0,,,23,11,12,3,2,1,20,9,11,12,6,6,19,9,10,19,9,10,8,3,5,4,1,3,2,1,1,0,0,0,1,1,0,9,9,2,3,1,3,0,0,0,7,7,0,0,5,0,2,3
533852384,0,,,69,30,39,3,0,3,66,30,36,37,16,21,65,30,35,65,30,35,29,14,15,18,8,10,10,3,7,1,1,0,0,0,0,32,32,8,14,8,1,1,0,0,24,22,2,1,19,0,6,5
533852391,2,533852393,,7,3,4,*,*,*,*,*,*,*,*,*,*,*,*,*,*,*,*,*,*,*,*,*,*,*,*,*,*,*,*,*,*,1,1,*,*,*,*,*,*,*,*,*,*,*,*,*,*,*
533852392,1,,533852294,48,22,26,2,2,0,54,25,29,31,15,16,52,25,27,51,24,27,23,10,13,12,5,7,6,3,3,0,0,0,1,0,1,23,23,8,9,7,1,1,0,0,18,16,2,1,19,0,7,3
533852393,1,,533852391,99,49,50,11,5,6,95,47,48,38,21,17,95,47,48,94,46,48,57,26,31,23,8,15,11,3,8,2,1,1,0,0,0,40,40,5,21,9,2,2,0,2,36,32,4,5,32,0,5,14
533852394,0,,,81,38,43,6,2,4,75,36,39,44,19,25,75,36,39,73,36,37,31,17,14,15,8,7,5,1,4,0,0,0,0,0,0,30,30,7,10,8,1,0,2,2,23,18,5,2,21,0,6,8
533852442,0,,,22,12,10,0,0,0,22,12,10,10,5,5,22,12,10,22,12,10,12,7,5,6,5,1,0,0,0,0,0,0,0,0,0,10,10,2,6,1,0,1,0,0,8,6,2,0,7,0,0,4
533852444,0,,,30,11,19,3,0,3,27,11,16,12,5,7,26,11,15,25,10,15,15,6,9,7,2,5,3,1,2,1,0,1,0,0,0,13,13,3,5,3,2,0,0,0,10,8,2,1,10,0,3,1
533852451,0,,,59,31,28,2,0,2,57,31,26,21,11,10,55,30,25,54,30,24,36,20,16,15,7,8,6,2,4,0,0,0,0,0,0,33,33,12,17,3,1,0,0,0,21,20,1,0,26,0,11,9
533852452,0,,,43,18,25,0,0,0,43,18,25,19,11,8,42,17,25,41,17,24,24,7,17,15,4,11,6,2,4,0,0,0,0,0,0,26,26,13,10,2,1,0,0,0,13,11,2,0,17,1,9,5
533852453,0,,,75,36,39,2,0,2,73,36,37,33,16,17,73,36,37,73,36,37,40,20,20,17,10,7,0,0,0,0,0,0,0,0,0,35,35,7,18,8,2,0,0,0,28,24,4,1,25,0,5,10
533852454,0,,,86,42,44,4,2,2,82,40,42,41,23,18,80,39,41,80,39,41,41,17,24,21,7,14,11,4,7,2,1,1,0,0,0,38,38,12,13,9,1,1,2,0,26,20,6,0,28,0,9,8
533852461,0,,,30,13,17,0,0,0,30,13,17,16,8,8,30,13,17,30,13,17,14,5,9,9,2,7,4,2,2,0,0,0,0,0,0,13,13,2,7,2,2,0,0,0,11,7,4,0,9,0,1,3
533852462,1,,533852464,56,27,29,9,4,5,52,25,27,25,13,12,49,23,26,47,22,25,27,12,15,12,5,7,3,1,2,0,0,0,1,0,1,25,25,9,11,2,2,2,1,0,18,17,1,2,18,0,6,10
533852463,0,,,62,33,29,6,5,1,56,28,28,32,15,17,55,28,27,52,27,25,24,13,11,6,4,2,3,2,1,0,0,0,1,0,1,28,28,11,10,4,1,0,0,2,17,15,2,0,16,0,6,6
533852464,2,533852462,,5,2,3,*,*,*,*,*,*,*,*,*,*,*,*,*,*,*,*,*,*,*,*,*,*,*,*,*,*,*,*,*,*,2,2,*,*,*,*,*,*,*,*,*,*,*,*,*,*,*
533852471,0,,,53,30,23,1,1,0,52,29,23,27,13,14,51,29,22,51,29,22,25,16,9,13,8,5,4,3,1,0,0,0,1,0,1,24,24,9,7,5,1,1,1,0,15,13,2,0,18,0,6,4
533852472,0,,,130,56,74,11,2,9,119,54,65,61,28,33,116,54,62,113,52,61,58,26,32,33,14,19,15,6,9,2,0,2,0,0,0,52,52,10,23,9,6,2,1,1,42,32,10,2,41,0,8,9
533852474,0,,,28,13,15,3,1,2,25,12,13,14,8,6,24,11,13,24,11,13,11,4,7,10,4,6,3,2,1,0,0,0,0,0,0,12,12,2,5,4,1,0,0,0,10,9,1,1,7,0,1,2
533852481,0,,,20,8,12,2,0,2,18,8,10,10,5,5,18,8,10,18,8,10,8,3,5,3,1,2,2,1,1,0,0,0,0,0,0,8,8,2,2,2,2,0,0,0,6,5,1,1,5,0,1,2
533852482,0,,,54,27,27,3,2,1,51,25,26,29,14,15,50,25,25,49,24,25,22,11,11,13,6,7,3,2,1,0,0,0,2,0,2,21,21,1,11,6,2,1,0,0,20,18,2,1,14,0,1,7
533852483,0,,,86,19,67,0,0,0,86,19,67,3,1,2,86,19,67,86,19,67,83,18,65,78,17,61,58,11,47,13,2,11,0,0,0,7,6,5,1,0,0,0,0,0,1,1,0,0,5,0,4,1
533852491,0,,,62,28,34,5,2,3,57,26,31,33,15,18,56,26,30,56,26,30,24,11,13,7,2,5,1,0,1,0,0,0,0,0,0,27,27,7,10,6,3,1,0,0,19,18,1,1,18,0,7,7
533852492,0,,,87,39,48,14,8,6,73,31,42,42,20,22,70,30,40,68,30,38,31,11,20,14,3,11,6,1,5,0,0,0,2,1,1,37,37,10,15,5,4,2,1,0,27,26,1,5,23,0,8,7
533852494,0,,,75,38,37,4,1,3,71,37,34,34,22,12,70,36,34,68,35,33,37,15,22,23,9,14,8,2,6,0,0,0,0,0,0,31,31,8,12,4,4,3,0,0,23,20,3,0,23,0,6,11
533852542,2,533852543,,8,3,5,*,*,*,*,*,*,*,*,*,*,*,*,*,*,*,*,*,*,*,*,*,*,*,*,*,*,*,*,*,*,5,5,*,*,*,*,*,*,*,*,*,*,*,*,*,*,*
533852543,1,,533852542,7,3,4,0,0,0,15,6,9,4,2,2,15,6,9,15,6,9,11,4,7,6,2,4,4,1,3,1,0,1,0,0,0,3,3,2,5,1,0,0,0,0,6,5,1,0,7,0,2,2
533852551,2,533852552,,4,3,1,*,*,*,*,*,*,*,*,*,*,*,*,*,*,*,*,*,*,*,*,*,*,*,*,*,*,*,*,*,*,3,3,*,*,*,*,*,*,*,*,*,*,*,*,*,*,*
533852552,1,,533852551,41,14,27,3,0,3,42,17,25,23,8,15,41,17,24,41,17,24,19,9,10,10,5,5,4,2,2,1,0,1,0,0,0,14,14,3,7,1,5,1,0,0,14,11,3,0,13,0,2,5
533852553,2,533852554,,3,2,1,*,*,*,*,*,*,*,*,*,*,*,*,*,*,*,*,*,*,*,*,*,*,*,*,*,*,*,*,*,*,2,2,*,*,*,*,*,*,*,*,*,*,*,*,*,*,*
533852554,1,,533852553,9,4,5,3,1,2,9,5,4,3,2,1,9,5,4,9,5,4,6,3,3,4,2,2,3,2,1,1,1,0,0,0,0,4,4,3,2,0,0,1,0,0,3,3,0,1,5,0,3,1
533852561,0,,,31,12,19,2,0,2,29,12,17,16,7,9,29,12,17,28,12,16,13,5,8,7,4,3,0,0,0,0,0,0,0,0,0,13,13,2,6,3,2,0,0,0,11,10,1,1,8,0,1,3
533852563,1,,533852564,10,5,5,3,2,1,16,8,8,13,7,6,16,8,8,15,8,7,3,1,2,2,0,2,2,0,2,0,0,0,0,0,0,4,4,0,2,2,1,1,0,0,6,5,1,1,3,0,0,0
533852564,2,533852563,,9,5,4,*,*,*,*,*,*,*,*,*,*,*,*,*,*,*,*,*,*,*,*,*,*,*,*,*,*,*,*,*,*,2,2,*,*,*,*,*,*,*,*,*,*,*,*,*,*,*
533852584,0,,,62,29,33,3,1,2,59,28,31,23,11,12,57,26,31,55,26,29,36,17,19,19,9,10,6,3,3,2,0,2,0,0,0,31,31,10,15,4,0,2,0,0,21,19,2,1,22,0,8,10
533852591,1,,533852592;533852594,62,30,32,5,2,3,70,33,37,33,17,16,70,33,37,70,33,37,37,16,21,20,7,13,10,4,6,1,1,0,0,0,0,28,28,12,13,5,3,2,0,0,23,19,4,1,26,0,9,8
533852592,2,533852591,,7,3,4,*,*,*,*,*,*,*,*,*,*,*,*,*,*,*,*,*,*,*,*,*,*,*,*,*,*,*,*,*,*,5,5,*,*,*,*,*,*,*,*,*,*,*,*,*,*,*
533852593,0,,,27,14,13,2,1,1,25,13,12,6,4,2,25,13,12,25,13,12,19,9,10,12,6,6,5,3,2,0,0,0,0,0,0,14,14,5,6,2,1,0,0,0,9,8,1,1,13,0,5,5
533852594,2,533852591,,6,2,4,*,*,*,*,*,*,*,*,*,*,*,*,*,*,*,*,*,*,*,*,*,*,*,*,*,*,*,*,*,*,2,2,*,*,*,*,*,*,*,*,*,*,*,*,*,*,*
533852641,0,,,22,13,9,1,1,0,21,12,9,11,8,3,21,12,9,21,12,9,10,4,6,5,2,3,3,1,2,0,0,0,0,0,0,11,11,3,5,3,0,0,0,0,8,8,0,0,7,0,1,2
533852642,0,,,34,15,19,5,1,4,29,14,15,18,8,10,29,14,15,29,14,15,11,6,5,6,2,4,0,0,0,0,0,0,0,0,0,16,16,7,5,1,2,0,1,0,9,8,1,1,9,1,3,2
533852644,0,,,22,9,13,2,1,1,20,8,12,10,4,6,20,8,12,20,8,12,10,4,6,3,1,2,0,0,0,0,0,0,0,0,0,12,12,4,7,0,1,0,0,0,8,8,0,1,7,0,2,4
533852652,0,,,17,7,10,0,0,0,17,7,10,8,3,5,15,6,9,15,6,9,9,4,5,6,2,4,1,0,1,0,0,0,0,0,0,8,8,3,3,0,2,0,0,0,5,4,1,0,6,0,2,2
533852653,0,,,96,49,47,2,2,0,94,47,47,45,21,24,92,46,46,92,46,46,49,26,23,30,15,15,10,5,5,1,0,1,0,0,0,41,41,12,14,7,6,1,1,0,29,22,7,0,34,0,9,7
533852654,0,,,24,11,13,3,2,1,21,9,12,10,4,6,21,9,12,21,9,12,11,5,6,1,0,1,0,0,0,0,0,0,1,1,0,12,12,3,8,0,0,1,0,0,9,9,0,1,8,0,3,5
533852661,0,,,24,8,16,1,1,0,23,7,16,7,2,5,23,7,16,23,7,16,16,5,11,7,2,5,4,0,4,1,0,1,0,0,0,11,11,2,6,2,1,0,0,0,9,6,3,0,10,0,2,2
533852662,0,,,11,6,5,0,0,0,11,6,5,4,2,2,11,6,5,11,6,5,7,4,3,1,1,0,0,0,0,0,0,0,0,0,0,6,6,3,2,0,1,0,0,0,3,2,1,0,5,0,3,1
533852663,0,,,96,45,51,4,2,2,92,43,49,50,26,24,92,43,49,90,41,49,42,17,25,23,6,17,11,3,8,1,0,1,0,0,0,35,35,8,9,9,3,5,1,0,27,19,8,0,28,0,6,6
533852664,0,,,56,31,25,7,5,2,49,26,23,29,15,14,46,24,22,46,24,22,20,11,9,7,4,3,2,1,1,0,0,0,1,0,1,25,25,5,12,6,1,1,0,0,20,19,1,6,11,2,0,10
533852673,0,,,98,47,51,12,8,4,86,39,47,36,20,16,83,36,47,82,35,47,50,19,31,27,8,19,8,1,7,1,0,1,0,0,0,41,41,13,15,5,4,2,0,2,28,21,7,3,32,0,8,12
533852674,0,,,122,55,67,11,7,4,111,48,63,56,23,33,108,47,61,106,46,60,55,25,30,38,17,21,17,8,9,1,0,1,0,0,0,50,50,17,17,5,4,3,3,1,33,25,8,4,38,0,12,9
533852682,0,,,15,7,8,0,0,0,15,7,8,7,4,3,14,6,8,14,6,8,8,3,5,6,2,4,2,1,1,0,0,0,0,0,0,8,8,3,4,0,1,0,0,0,5,4,1,0,6,0,3,2
533852683,0,,,10,5,5,0,0,0,10,5,5,4,3,1,10,5,5,10,5,5,6,2,4,3,0,3,1,0,1,0,0,0,0,0,0,7,7,4,3,0,0,0,0,0,3,3,0,0,6,0,3,0
533852684,0,,,17,9,8,0,0,0,17,9,8,7,4,3,15,9,6,15,9,6,10,5,5,6,3,3,2,0,2,0,0,0,0,0,0,10,10,6,2,1,1,0,0,0,4,3,1,0,8,1,5,2
533852691,1,,533852692,35,17,18,1,0,1,44,23,21,24,14,10,42,22,20,42,22,20,20,9,11,12,4,8,3,1,2,0,0,0,0,0,0,19,19,8,9,2,2,1,0,0,14,13,1,0,14,0,7,4
533852692,2,533852691,,10,6,4,*,*,*,*,*,*,*,*,*,*,*,*,*,*,*,*,*,*,*,*,*,*,*,*,*,*,*,*,*,*,3,3,*,*,*,*,*,*,*,*,*,*,*,*,*,*,*
533852693,0,,,88,42,46,3,2,1,85,40,45,45,22,23,82,38,44,81,37,44,40,18,22,20,9,11,5,1,4,0,0,0,1,0,1,34,34,4,17,6,4,2,1,0,30,25,5,0,24,0,3,11
533852694,0,,,90,45,45,9,5,4,81,40,41,47,25,22,79,38,41,78,38,40,34,15,19,13,5,8,5,1,4,1,0,1,0,0,0,38,38,8,15,9,5,1,0,0,30,28,2,2,22,1,4,9
533852732,1,,533852734,8,5,3,1,0,1,12,8,4,8,5,3,12,8,4,11,7,4,4,3,1,3,2,1,0,0,0,0,0,0,1,1,0,3,3,1,1,2,1,0,0,0,4,4,0,0,3,0,1,0
533852734,2,533852732,,5,3,2,*,*,*,*,*,*,*,*,*,*,*,*,*,*,*,*,*,*,*,*,*,*,*,*,*,*,*,*,*,*,2,2,*,*,*,*,*,*,*,*,*,*,*,*,*,*,*
533852741,2,533852742,,6,3,3,*,*,*,*,*,*,*,*,*,*,*,*,*,*,*,*,*,*,*,*,*,*,*,*,*,*,*,*,*,*,3,3,*,*,*,*,*,*,*,*,*,*,*,*,*,*,*
533852742,1,,533852741,17,12,5,3,3,0,20,12,8,7,4,3,20,12,8,19,11,8,13,8,5,7,4,3,1,1,0,0,0,0,0,0,0,8,8,5,4,1,0,0,0,1,6,6,0,0,9,0,4,4
533852743,0,,,13,7,6,0,0,0,13,7,6,3,2,1,13,7,6,13,7,6,10,5,5,4,2,2,0,0,0,0,0,0,0,0,0,6,6,0,5,1,0,0,0,0,6,6,0,0,6,0,0,3
533852744,0,,,22,9,13,0,0,0,22,9,13,15,6,9,22,9,13,21,9,12,7,3,4,4,2,2,1,0,1,0,0,0,0,0,0,9,9,1,5,2,0,1,0,0,8,8,0,0,4,0,0,2
533852751,0,,,48,25,23,5,3,2,43,22,21,20,7,13,41,22,19,40,22,18,23,15,8,13,9,4,5,3,2,0,0,0,0,0,0,21,21,6,9,1,4,1,0,0,15,13,2,1,17,0,5,8
533852752,1,,533852754,26,12,14,3,2,1,26,12,14,17,8,9,24,10,14,23,10,13,9,4,5,6,3,3,1,1,0,0,0,0,0,0,0,10,10,2,4,2,2,1,0,0,9,9,0,0,5,0,1,3
533852754,2,533852752,,3,2,1,*,*,*,*,*,*,*,*,*,*,*,*,*,*,*,*,*,*,*,*,*,*,*,*,*,*,*,*,*,*,1,1,*,*,*,*,*,*,*,*,*,*,*,*,*,*,*
533852761,0,,,108,53,55,11,4,7,97,49,48,46,26,20,95,49,46,93,48,45,51,23,28,24,13,11,3,2,1,1,0,1,8,6,2,49,49,13,21,8,6,1,0,0,36,34,2,4,33,0,11,13
533852762,0,,,214,106,108,14,5,9,200,101,99,105,60,45,198,100,98,196,100,96,95,41,54,55,21,34,25,9,16,1,0,1,1,1,0,83,83,18,25,25,8,5,1,1,63,46,17,5,62,0,10,13
533852763,0,,,42,18,24,4,0,4,37,17,20,18,6,12,37,17,20,37,17,20,19,11,8,9,5,4,3,2,1,1,1,0,0,0,0,18,18,4,8,3,2,1,0,0,14,12,2,1,12,0,3,5
533852764,0,,,16,7,9,3,1,2,13,6,7,7,3,4,13,6,7,13,6,7,6,3,3,0,0,0,0,0,0,0,0,0,3,1,2,5,5,1,2,0,1,0,0,1,4,2,2,1,3,0,0,2
533852771,0,,,93,44,49,11,6,5,82,38,44,49,22,27,81,37,44,79,36,43,33,16,17,17,6,11,8,2,6,0,0,0,1,0,1,34,34,5,11,9,7,1,1,0,29,24,5,2,23,0,4,6
533852772,0,,,35,16,19,2,0,2,33,16,17,18,10,8,33,16,17,33,16,17,15,6,9,10,4,6,7,3,4,1,0,1,0,0,0,17,17,5,8,2,2,0,0,0,12,12,0,1,11,0,5,1
533852773,2,533852774,,9,4,5,*,*,*,*,*,*,*,*,*,*,*,*,*,*,*,*,*,*,*,*,*,*,*,*,*,*,*,*,*,*,2,2,*,*,*,*,*,*,*,*,*,*,*,*,*,*,*
533852774,1,,533852773,76,38,38,3,3,0,82,39,43,45,24,21,80,38,42,79,38,41,37,15,22,26,9,17,9,1,8,0,0,0,3,1,2,30,30,8,9,7,4,3,0,1,24,15,9,1,25,0,6,6
533852782,2,533852791,,10,4,6,*,*,*,*,*,*,*,*,*,*,*,*,*,*,*,*,*,*,*,*,*,*,*,*,*,*,*,*,*,*,3,3,*,*,*,*,*,*,*,*,*,*,*,*,*,*,*
533852791,1,,533852782;533852793,27,12,15,9,3,6,34,17,17,19,11,8,33,16,17,32,15,17,15,6,9,11,4,7,3,1,2,0,0,0,0,0,0,13,13,7,7,1,3,0,0,1,12,11,1,3,11,0,5,4
533852792,0,,,13,7,6,3,1,2,10,6,4,8,5,3,8,4,4,8,4,4,2,1,1,2,1,1,0,0,0,0,0,0,0,0,0,4,4,0,2,0,1,1,0,0,4,4,0,1,1,0,0,1
533852793,2,533852791,,6,4,2,*,*,*,*,*,*,*,*,*,*,*,*,*,*,*,*,*,*,*,*,*,*,*,*,*,*,*,*,*,*,3,3,*,*,*,*,*,*,*,*,*,*,*,*,*,*,*
533852794,0,,,56,27,29,2,0,2,54,27,27,33,17,16,50,24,26,49,24,25,21,10,11,13,6,7,6,2,4,1,1,0,0,0,0,21,21,3,8,4,5,1,0,0,18,14,4,0,14,0,2,4
533852833,2,533852834,,8,3,5,*,*,*,*,*,*,*,*,*,*,*,*,*,*,*,*,*,*,*,*,*,*,*,*,*,*,*,*,*,*,5,5,*,*,*,*,*,*,*,*,*,*,*,*,*,*,*
533852834,1,,533852833,4,2,2,1,1,0,11,4,7,6,3,3,11,4,7,10,4,6,5,1,4,2,1,1,0,0,0,0,0,0,0,0,0,1,1,2,3,0,1,0,0,0,4,4,0,0,4,0,2,1
533852842,1,,533852843;533852844,40,24,16,1,0,1,43,26,17,28,18,10,43,26,17,43,26,17,15,8,7,6,4,2,1,1,0,0,0,0,0,0,0,6,5,2,3,2,0,0,0,0,5,5,0,0,5,0,1,3
533852843,2,533852842,,1,1,0,*,*,*,*,*,*,*,*,*,*,*,*,*,*,*,*,*,*,*,*,*,*,*,*,*,*,*,*,*,*,1,1,*,*,*,*,*,*,*,*,*,*,*,*,*,*,*
533852844,2,533852842,,3,1,2,*,*,*,*,*,*,*,*,*,*,*,*,*,*,*,*,*,*,*,*,*,*,*,*,*,*,*,*,*,*,1,1,*,*,*,*,*,*,*,*,*,*,*,*,*,*,*
533852851,0,,,51,28,23,0,0,0,51,28,23,23,16,7,50,27,23,48,26,22,28,12,16,16,7,9,6,2,4,1,0,1,0,0,0,23,22,6,9,4,2,0,1,0,16,13,3,0,17,0,4,5
533852852,0,,,110,52,58,5,3,2,105,49,56,56,27,29,101,47,54,99,47,52,49,22,27,32,14,18,11,5,6,0,0,0,1,0,1,40,40,8,15,5,7,3,0,2,32,24,8,2,29,0,6,9
533852853,0,,,31,16,15,6,1,5,25,15,10,14,9,5,24,14,10,23,13,10,11,6,5,5,3,2,0,0,0,0,0,0,7,2,5,15,15,9,2,2,1,0,0,1,6,5,1,2,9,0,6,1
533852854,0,,,36,20,16,1,1,0,35,19,16,20,10,10,34,19,15,34,19,15,15,9,6,6,3,3,1,1,0,0,0,0,0,0,0,13,13,2,6,2,0,2,1,0,11,8,3,0,9,0,1,3
533852861,0,,,100,55,45,16,8,8,84,47,37,52,28,24,79,44,35,77,43,34,32,19,13,17,10,7,5,2,3,1,0,1,0,0,0,38,38,11,12,5,4,3,2,1,27,22,5,1,21,0,6,8
533852881,0,,,35,17,18,5,1,4,30,16,14,20,11,9,28,15,13,26,14,12,10,5,5,7,4,3,0,0,0,0,0,0,0,0,0,13,13,2,5,3,1,2,0,0,11,11,0,1,6,0,2,3
533852882,0,,,25,9,16,6,3,3,19,6,13,15,5,10,19,6,13,18,6,12,4,1,3,4,1,3,2,0,2,0,0,0,0,0,0,7,7,0,3,0,2,1,1,0,7,5,2,2,3,0,0,1
533852883,0,,,92,45,47,8,4,4,84,41,43,37,20,17,83,41,42,81,40,41,47,21,26,27,12,15,10,5,5,0,0,0,0,0,0,34,34,3,16,7,6,1,0,1,31,26,5,1,24,0,3,13
533852884,0,,,54,25,29,4,1,3,50,24,26,19,11,8,50,24,26,49,23,26,31,13,18,19,9,10,5,1,4,0,0,0,0,0,0,24,24,5,12,4,2,1,0,0,19,17,2,1,19,0,3,9
533852891,2,533852892,,11,7,4,*,*,*,*,*,*,*,*,*,*,*,*,*,*,*,*,*,*,*,*,*,*,*,*,*,*,*,*,*,*,3,3,*,*,*,*,*,*,*,*,*,*,*,*,*,*,*
533852892,1,,533852891,97,47,50,11,6,5,97,48,49,60,32,28,93,46,47,92,45,47,37,16,21,27,11,16,7,3,4,1,1,0,1,1,0,39,39,9,18,6,4,2,2,1,33,27,6,2,26,0,5,11
533852893,0,,,316,128,188,35,16,19,281,112,169,196,86,110,263,102,161,253,96,157,85,26,59,54,17,37,25,9,16,1,1,0,2,1,1,141,141,40,55,27,12,6,0,1,99,92,7,7,64,2,29,17
533852894,0,,,373,204,169,48,26,22,318,171,147,238,136,102,304,164,140,302,164,138,80,35,45,32,12,20,8,1,7,0,0,0,4,2,2,193,193,91,52,29,15,5,1,0,98,94,4,11,59,10,21,16
533852931,2,533852932,,2,1,1,*,*,*,*,*,*,*,*,*,*,*,*,*,*,*,*,*,*,*,*,*,*,*,*,*,*,*,*,*,*,1,1,*,*,*,*,*,*,*,*,*,*,*,*,*,*,*
533852932,1,,533852931,35,18,17,1,1,0,36,18,18,16,8,8,36,18,18,36,18,18,20,10,10,12,4,8,3,0,3,1,0,1,0,0,0,16,16,6,6,3,0,2,0,0,11,8,3,0,15,0,4,4
533852934,0,,,83,42,41,10,6,4,73,36,37,45,24,21,72,35,37,72,35,37,28,12,16,12,4,8,7,2,5,0,0,0,1,0,1,30,30,5,10,6,6,2,1,0,25,16,9,1,18,0,3,5
533852941,2,533852942,,5,1,4,*,*,*,*,*,*,*,*,*,*,*,*,*,*,*,*,*,*,*,*,*,*,*,*,*,*,*,*,*,*,3,3,*,*,*,*,*,*,*,*,*,*,*,*,*,*,*
533852942,1,,533852941,36,19,17,2,2,0,39,18,21,21,10,11,37,16,21,37,16,21,18,8,10,12,5,7,3,0,3,1,0,1,2,0,2,19,19,8,11,1,2,0,0,0,14,14,0,1,13,0,5,6
533852943,0,,,18,8,10,0,0,0,18,8,10,5,2,3,18,8,10,18,8,10,13,6,7,8,2,6,7,2,5,1,0,1,0,0,0,11,11,5,5,1,0,0,0,0,6,5,1,0,9,0,4,3
533852944,0,,,89,39,50,7,4,3,82,35,47,40,18,22,81,35,46,79,34,45,42,17,25,26,6,20,13,2,11,1,0,1,2,2,0,43,43,17,13,7,5,1,0,0,26,22,4,2,32,0,13,7
533852951,1,,533852952;533852954,54,28,26,6,5,1,54,27,27,34,17,17,50,25,25,48,25,23,20,10,10,8,3,5,4,2,2,0,0,0,6,5,1,25,25,12,9,5,1,1,1,0,17,16,1,1,15,0,6,4
533852952,2,533852951,,2,2,0,*,*,*,*,*,*,*,*,*,*,*,*,*,*,*,*,*,*,*,*,*,*,*,*,*,*,*,*,*,*,2,2,*,*,*,*,*,*,*,*,*,*,*,*,*,*,*
533852954,2,533852951,,4,2,2,*,*,*,*,*,*,*,*,*,*,*,*,*,*,*,*,*,*,*,*,*,*,*,*,*,*,*,*,*,*,2,2,*,*,*,*,*,*,*,*,*,*,*,*,*,*,*
533852962,2,533852964,,5,3,2,*,*,*,*,*,*,*,*,*,*,*,*,*,*,*,*,*,*,*,*,*,*,*,*,*,*,*,*,*,*,2,2,*,*,*,*,*,*,*,*,*,*,*,*,*,*,*
533852963,0,,,25,11,14,0,0,0,25,11,14,12,5,7,25,11,14,25,11,14,13,6,7,10,3,7,3,1,2,0,0,0,0,0,0,14,14,5,7,2,0,0,0,0,9,9,0,0,10,0,3,3
533852964,1,,533852962,25,13,12,0,0,0,30,16,14,14,8,6,29,15,14,29,15,14,16,8,8,9,4,5,3,0,3,1,0,1,0,0,0,12,12,4,5,4,1,0,0,0,10,9,1,0,9,0,4,2
533852971,2,533852972,,2,1,1,*,*,*,*,*,*,*,*,*,*,*,*,*,*,*,*,*,*,*,*,*,*,*,*,*,*,*,*,*,*,1,1,*,*,*,*,*,*,*,*,*,*,*,*,*,*,*
533852972,1,,533852971,51,25,26,6,3,3,47,23,24,20,11,9,47,23,24,47,23,24,27,12,15,11,4,7,2,0,2,1,0,1,1,1,0,25,25,9,11,4,1,0,1,0,17,14,3,2,18,0,6,8
533852973,0,,,20,12,8,1,1,0,19,11,8,12,7,5,18,10,8,18,10,8,7,4,3,1,0,1,1,0,1,0,0,0,0,0,0,8,8,1,3,3,1,0,0,0,7,6,1,1,5,0,1,2
533852974,0,,,18,7,11,1,0,1,17,7,10,5,3,2,17,7,10,17,7,10,12,4,8,4,1,3,1,0,1,0,0,0,0,0,0,10,10,3,6,1,0,0,0,0,7,7,0,0,8,0,3,4
533852981,0,,,25,13,12,5,2,3,20,11,9,11,6,5,20,11,9,20,11,9,9,5,4,5,2,3,1,1,0,0,0,0,0,0,0,13,13,7,3,0,3,0,0,0,6,5,1,1,7,1,3,2
533852982,0,,,12,7,5,0,0,0,12,7,5,9,6,3,12,7,5,12,7,5,3,1,2,3,1,2,0,0,0,0,0,0,0,0,0,4,4,0,0,4,0,0,0,0,4,3,1,0,3,0,0,0
533852983,0,,,41,18,23,0,0,0,41,18,23,23,9,14,41,18,23,41,18,23,18,9,9,3,1,2,1,0,1,1,0,1,0,0,0,17,17,5,3,7,1,1,0,0,12,11,1,0,12,0,2,0
533852991,0,,,326,154,172,41,17,24,284,136,148,208,102,106,271,132,139,267,128,139,76,34,42,32,11,21,11,1,10,0,0,0,5,3,2,168,167,84,42,19,16,4,1,1,82,75,7,12,62,5,26,11
533852992,0,,,391,182,209,47,24,23,344,158,186,212,105,107,331,153,178,327,152,175,132,53,79,81,26,55,34,9,25,4,0,4,2,1,1,170,170,56,54,26,23,10,0,1,114,91,23,11,94,10,26,24
533852993,0,,,220,111,109,24,14,10,194,96,98,132,67,65,190,96,94,188,95,93,62,29,33,28,10,18,11,4,7,1,0,1,4,2,2,102,102,37,31,17,15,2,0,0,63,57,6,3,48,2,19,6
533852994,0,,,468,252,216,31,13,18,433,235,198,264,157,107,423,229,194,417,225,192,169,78,91,114,46,68,36,19,17,3,2,1,16,10,6,226,225,98,61,33,24,6,3,0,127,106,21,8,115,27,36,35
533853012,0,,,74,36,38,2,1,1,72,35,37,28,17,11,72,35,37,72,35,37,44,18,26,25,8,17,11,2,9,1,1,0,0,0,0,36,36,10,19,4,1,2,0,0,26,20,6,1,33,0,9,6
533853014,0,,,35,17,18,0,0,0,35,17,18,16,8,8,34,17,17,34,17,17,19,9,10,9,3,6,5,2,3,0,0,0,0,0,0,14,14,4,3,5,1,0,1,0,10,5,5,0,13,0,3,2
533853021,2,533853024,,10,3,7,*,*,*,*,*,*,*,*,*,*,*,*,*,*,*,*,*,*,*,*,*,*,*,*,*,*,*,*,*,*,6,6,*,*,*,*,*,*,*,*,*,*,*,*,*,*,*
533853022,0,,,28,16,12,4,2,2,24,14,10,20,12,8,20,11,9,20,11,9,4,2,2,3,2,1,0,0,0,0,0,0,0,0,0,12,12,5,1,3,3,0,0,0,7,7,0,0,3,0,2,1
533853024,1,,533853021,35,19,16,5,4,1,40,18,22,23,12,11,40,18,22,40,18,22,17,6,11,7,1,6,3,1,2,1,0,1,0,0,0,15,15,8,8,3,0,1,0,1,13,11,2,1,14,3,5,2
533853031,0,,,101,48,53,7,4,3,92,43,49,58,28,30,89,43,46,87,42,45,34,15,19,12,4,8,7,2,5,0,0,0,0,0,0,37,37,6,11,12,4,3,1,0,30,26,4,4,20,0,3,5
533853032,0,,,106,54,52,6,2,4,100,52,48,56,34,22,95,48,47,94,47,47,44,18,26,20,7,13,5,1,4,2,0,2,1,0,1,44,44,9,19,9,4,2,1,0,35,28,7,0,30,0,4,9
533853033,0,,,200,107,93,7,6,1,193,101,92,112,61,51,185,99,86,183,99,84,81,40,41,39,20,19,11,5,6,0,0,0,0,0,0,62,60,8,35,9,4,2,1,1,51,45,6,0,44,0,5,24
533853034,0,,,82,38,44,6,2,4,76,36,40,43,21,22,76,36,40,74,35,39,33,15,18,23,11,12,12,6,6,0,0,0,0,0,0,33,33,5,18,3,5,1,0,1,28,20,8,1,21,0,2,7
533853041,0,,,31,18,13,6,4,2,25,14,11,9,6,3,25,14,11,25,14,11,16,8,8,11,7,4,2,1,1,1,1,0,0,0,0,16,16,8,5,1,0,2,0,0,8,8,0,0,10,0,4,5
533853042,0,,,276,124,152,43,23,20,233,101,132,164,72,92,220,93,127,214,90,124,69,29,40,32,12,20,9,2,7,0,0,0,1,1,0,96,96,14,30,19,22,9,2,0,82,71,11,7,47,0,11,13
533853044,0,,,175,93,82,13,9,4,162,84,78,99,55,44,153,78,75,147,75,72,63,29,34,27,10,17,6,1,5,0,0,0,0,0,0,71,71,21,22,13,7,6,1,1,50,45,5,0,46,0,16,12
533853051,0,,,69,36,33,10,7,3,59,29,30,32,17,15,56,28,28,55,27,28,27,12,15,9,3,6,3,0,3,1,0,1,0,0,0,22,22,3,8,2,4,3,1,1,19,14,5,1,15,0,2,5
533853052,0,,,91,50,41,11,6,5,80,44,36,46,26,20,78,42,36,76,41,35,34,18,16,18,10,8,6,4,2,2,2,0,0,0,0,35,35,6,14,6,6,3,0,0,29,23,6,2,23,0,4,7
533853053,0,,,116,57,59,7,3,4,109,54,55,65,32,33,107,53,54,104,52,52,44,22,22,23,10,13,5,2,3,0,0,0,0,0,0,47,47,13,13,12,6,2,0,1,34,28,6,5,30,0,6,6
533853054,0,,,182,91,91,22,13,9,160,78,82,103,52,51,151,73,78,146,72,74,57,26,31,23,12,11,3,0,3,0,0,0,1,0,1,75,75,19,30,7,15,2,2,0,56,50,6,5,39,0,12,14
533853061,0,,,18,8,10,5,2,3,13,6,7,5,2,3,13,6,7,13,6,7,8,4,4,2,2,0,0,0,0,0,0,0,0,0,0,6,6,1,3,0,1,0,0,1,5,4,1,2,4,0,0,3
533853063,1,,533853064,46,26,20,1,0,1,51,29,22,28,18,10,50,28,22,48,26,22,23,11,12,8,3,5,1,0,1,0,0,0,1,0,1,20,20,6,6,7,2,1,0,0,16,13,3,0,14,0,4,4
533853064,2,533853063,,6,3,3,*,*,*,*,*,*,*,*,*,*,*,*,*,*,*,*,*,*,*,*,*,*,*,*,*,*,*,*,*,*,2,2,*,*,*,*,*,*,*,*,*,*,*,*,*,*,*
533853073,1,,533853074;533853171,33,15,18,3,2,1,46,22,24,23,12,11,43,20,23,41,19,22,23,10,13,13,5,8,5,2,3,1,0,1,0,0,0,16,16,7,5,3,3,1,1,0,13,12,1,1,16,0,6,5
533853074,2,533853073,,11,6,5,*,*,*,*,*,*,*,*,*,*,*,*,*,*,*,*,*,*,*,*,*,*,*,*,*,*,*,*,*,*,3,3,*,*,*,*,*,*,*,*,*,*,*,*,*,*,*
533853091,2,533853092,,7,4,3,*,*,*,*,*,*,*,*,*,*,*,*,*,*,*,*,*,*,*,*,*,*,*,*,*,*,*,*,*,*,3,3,*,*,*,*,*,*,*,*,*,*,*,*,*,*,*
533853092,1,,533853091;533853094,24,10,14,2,1,1,40,18,22,19,7,12,39,18,21,36,18,18,21,11,10,11,7,4,4,3,1,0,0,0,0,0,0,12,12,6,7,2,1,1,0,1,12,9,3,0,15,0,4,4
533853094,2,533853092,,11,5,6,*,*,*,*,*,*,*,*,*,*,*,*,*,*,*,*,*,*,*,*,*,*,*,*,*,*,*,*,*,*,3,3,*,*,*,*,*,*,*,*,*,*,*,*,*,*,*
533853112,0,,,110,55,55,6,5,1,104,50,54,48,27,21,102,49,53,97,46,51,56,23,33,23,9,14,11,3,8,3,0,3,0,0,0,47,47,14,19,4,6,2,2,0,33,25,8,1,36,1,10,11
533853113,2,533853114,,15,12,3,*,*,*,*,*,*,*,*,*,*,*,*,*,*,*,*,*,*,*,*,*,*,*,*,*,*,*,*,*,*,7,7,*,*,*,*,*,*,*,*,*,*,*,*,*,*,*
533853114,1,,533853113,89,44,45,8,6,2,96,50,46,52,29,23,93,48,45,90,47,43,44,21,23,29,13,16,8,4,4,1,0,1,3,3,0,40,40,20,15,4,2,3,2,1,27,20,7,0,31,3,10,9
533853121,0,,,121,56,65,21,10,11,99,45,54,72,32,40,97,44,53,94,42,52,27,13,14,14,6,8,4,2,2,0,0,0,2,1,1,44,44,12,9,11,6,3,2,1,31,25,6,5,20,1,6,4
533853122,0,,,37,21,16,1,1,0,36,20,16,18,12,6,35,19,16,35,19,16,18,8,10,11,6,5,5,2,3,1,0,1,0,0,0,19,19,6,9,3,1,0,0,0,13,11,2,0,12,0,4,4
533853123,0,,,48,23,25,4,1,3,44,22,22,22,12,10,42,21,21,42,21,21,22,10,12,10,5,5,1,1,0,0,0,0,0,0,0,19,19,6,6,3,1,2,0,1,13,10,3,0,14,0,4,5
533853124,0,,,73,39,34,5,3,2,66,35,31,40,22,18,65,35,30,64,34,30,26,13,13,13,6,7,10,5,5,1,1,0,0,0,0,29,28,7,10,6,3,1,1,0,21,17,4,2,18,0,5,8
533853131,0,,,79,21,58,0,0,0,79,21,58,15,7,8,78,20,58,78,20,58,64,14,50,55,9,46,45,7,38,12,1,11,0,0,0,12,11,6,2,1,2,0,0,0,5,3,2,0,5,0,4,0
533853132,0,,,13,7,6,0,0,0,13,7,6,4,3,1,13,7,6,13,7,6,9,4,5,4,2,2,1,0,1,1,0,1,0,0,0,8,7,4,1,2,0,0,0,0,3,2,1,0,4,0,1,1
533853134,0,,,67,40,27,7,4,3,60,36,24,34,21,13,60,36,24,58,35,23,26,15,11,12,7,5,4,2,2,2,1,1,0,0,0,26,26,5,10,6,3,1,0,1,21,19,2,0,19,0,5,1
533853141,0,,,22,10,12,0,0,0,22,10,12,11,5,6,22,10,12,22,10,12,11,5,6,5,1,4,3,1,2,1,0,1,0,0,0,8,8,1,4,1,1,0,1,0,6,5,1,0,8,0,1,2
533853142,0,,,40,21,19,4,3,1,36,18,18,23,11,12,32,17,15,32,17,15,13,7,6,6,2,4,4,2,2,0,0,0,0,0,0,13,13,2,3,2,5,0,1,0,11,9,2,0,8,0,2,2
533853143,0,,,37,17,20,2,1,1,35,16,19,21,10,11,35,16,19,35,16,19,14,6,8,11,5,6,2,1,1,0,0,0,0,0,0,13,13,2,3,5,2,0,1,0,11,9,2,1,9,0,1,1
533853144,0,,,66,33,33,18,10,8,48,23,25,35,17,18,48,23,25,47,23,24,13,6,7,6,2,4,4,1,3,0,0,0,2,1,1,21,21,5,4,6,1,2,1,2,16,14,2,2,11,0,5,2
533853151,0,,,104,50,54,9,4,5,95,46,49,52,25,27,93,46,47,93,46,47,43,21,22,25,11,14,8,2,6,1,1,0,1,0,1,42,42,9,19,7,4,1,1,1,33,27,6,2,30,0,7,10
533853152,0,,,197,95,102,23,11,12,174,84,90,100,49,51,168,80,88,165,79,86,74,35,39,35,17,18,8,3,5,1,0,1,0,0,0,77,77,15,36,12,6,3,3,2,62,56,6,3,45,0,12,19
533853153,0,,,73,37,36,1,1,0,72,36,36,33,18,15,72,36,36,72,36,36,39,18,21,27,13,14,9,4,5,1,0,1,0,0,0,33,33,7,16,7,2,1,0,0,26,22,4,1,26,0,5,8
533853154,0,,,45,22,23,3,1,2,42,21,21,15,8,7,42,21,21,41,20,21,27,13,14,11,5,6,4,3,1,1,1,0,0,0,0,20,19,4,9,4,2,0,0,0,15,13,2,1,15,0,4,6
533853161,0,,,100,47,53,8,5,3,92,42,50,58,26,32,89,39,50,88,39,49,34,16,18,13,5,8,5,1,4,2,0,2,9,0,9,50,50,18,21,5,5,1,0,0,32,29,3,2,25,7,6,11
533853162,0,,,15,7,8,0,0,0,15,7,8,6,3,3,15,7,8,15,7,8,9,4,5,6,3,3,1,1,0,0,0,0,0,0,0,9,9,5,2,2,0,0,0,0,4,4,0,0,5,0,1,2
533853163,1,,533853164,60,28,32,14,9,5,54,22,32,41,16,25,52,20,32,47,20,27,13,6,7,5,3,2,0,0,0,0,0,0,10,0,10,28,28,15,8,4,2,2,0,1,17,16,1,4,10,6,3,3
533853164,2,533853163,,8,3,5,*,*,*,*,*,*,*,*,*,*,*,*,*,*,*,*,*,*,*,*,*,*,*,*,*,*,*,*,*,*,4,4,*,*,*,*,*,*,*,*,*,*,*,*,*,*,*
533853171,2,533853073,,5,3,2,*,*,*,*,*,*,*,*,*,*,*,*,*,*,*,*,*,*,*,*,*,*,*,*,*,*,*,*,*,*,1,1,*,*,*,*,*,*,*,*,*,*,*,*,*,*,*
533853203,0,,,99,46,53,7,2,5,92,44,48,47,27,20,91,43,48,90,42,48,45,17,28,25,7,18,7,1,6,4,0,4,0,0,0,38,38,8,12,10,4,3,1,0,30,21,9,2,30,0,5,6
533853204,0,,,28,10,18,5,2,3,23,8,15,11,3,8,23,8,15,22,8,14,12,5,7,7,3,4,4,1,3,1,0,1,0,0,0,10,10,0,7,1,1,0,0,1,10,9,1,1,7,0,0,3
533853211,0,,,34,15,19,1,1,0,33,14,19,17,8,9,33,14,19,33,14,19,16,6,10,11,5,6,5,2,3,1,0,1,0,0,0,14,14,2,4,8,0,0,0,0,12,9,3,0,10,0,1,2
533853212,0,,,153,72,81,8,7,1,145,65,80,79,40,39,144,64,80,143,64,79,66,25,41,34,9,25,11,1,10,1,0,1,0,0,0,65,65,20,17,17,7,4,0,0,45,35,10,1,45,1,10,8
533853213,0,,,39,19,20,0,0,0,39,19,20,24,14,10,38,18,20,37,18,19,15,5,10,11,3,8,4,1,3,0,0,0,1,0,1,18,18,8,3,5,0,2,0,0,10,7,3,0,14,0,7,0
533853214,0,,,13,5,8,0,0,0,13,5,8,4,2,2,13,5,8,13,5,8,9,3,6,7,2,5,3,1,2,0,0,0,0,0,0,6,6,1,4,0,1,0,0,0,5,4,1,0,5,0,1,2
533853221,2,533853223,,6,2,4,*,*,*,*,*,*,*,*,*,*,*,*,*,*,*,*,*,*,*,*,*,*,*,*,*,*,*,*,*,*,2,2,*,*,*,*,*,*,*,*,*,*,*,*,*,*,*
533853222,0,,,38,16,22,1,1,0,37,15,22,14,7,7,36,15,21,35,14,21,23,8,15,11,3,8,5,0,5,1,0,1,0,0,0,19,19,6,9,2,2,0,0,0,13,11,2,0,15,0,4,7
533853223,1,,533853221,30,16,14,0,0,0,36,18,18,17,10,7,36,18,18,36,18,18,19,8,11,8,2,6,5,0,5,0,0,0,0,0,0,15,15,5,7,3,2,0,0,0,12,10,2,0,14,0,5,3
533853224,0,,,130,61,69,14,7,7,116,54,62,57,32,25,114,53,61,114,53,61,59,22,37,40,11,29,19,4,15,2,1,1,0,0,0,52,52,15,15,11,6,3,1,1,37,26,11,3,42,0,14,8
533853231,2,533853233,,6,3,3,*,*,*,*,*,*,*,*,*,*,*,*,*,*,*,*,*,*,*,*,*,*,*,*,*,*,*,*,*,*,3,3,*,*,*,*,*,*,*,*,*,*,*,*,*,*,*
533853232,2,533853234,,10,4,6,*,*,*,*,*,*,*,*,*,*,*,*,*,*,*,*,*,*,*,*,*,*,*,*,*,*,*,*,*,*,4,4,*,*,*,*,*,*,*,*,*,*,*,*,*,*,*
533853233,1,,533853231,21,9,12,4,2,2,23,10,13,13,6,7,21,9,12,21,9,12,10,4,6,2,1,1,0,0,0,0,0,0,0,0,0,9,9,3,5,2,2,0,0,0,9,8,1,1,7,0,2,4
533853234,1,,533853232,72,36,36,3,2,1,79,38,41,41,23,18,78,38,40,77,37,40,38,15,23,22,9,13,11,5,6,2,1,1,0,0,0,31,31,10,10,10,3,2,0,0,25,19,6,1,25,1,8,6
533853241,0,,,278,115,163,16,9,7,262,106,156,113,63,50,253,102,151,248,98,150,149,43,106,109,22,87,79,10,69,27,4,23,3,0,3,49,47,11,14,12,4,6,0,0,36,32,4,4,23,0,6,10
533853242,0,,,186,97,89,18,12,6,168,85,83,106,59,47,164,84,80,161,81,80,62,26,36,40,18,22,15,7,8,2,0,2,2,0,2,83,83,32,19,17,11,3,1,0,49,41,8,2,41,3,12,10
533853243,0,,,201,92,109,19,10,9,182,82,100,91,44,47,179,80,99,177,79,98,91,38,53,56,17,39,25,7,18,1,0,1,1,1,0,87,87,29,31,12,7,4,2,2,57,44,13,5,65,0,22,15
533853244,0,,,39,15,24,7,0,7,32,15,17,22,12,10,29,14,15,28,13,15,10,3,7,8,2,6,6,2,4,1,0,1,0,0,0,18,18,8,4,2,3,1,0,0,10,8,2,3,8,1,4,2
533853251,0,,,163,79,84,23,10,13,140,69,71,95,49,46,132,63,69,128,62,66,45,20,25,20,9,11,4,0,4,0,0,0,4,0,4,59,59,9,21,12,11,4,2,0,48,37,11,5,30,0,6,6
533853252,0,,,121,52,69,15,5,10,106,47,59,53,26,27,104,46,58,103,45,58,53,21,32,23,6,17,7,0,7,1,0,1,2,0,2,56,56,16,28,5,4,0,3,0,40,37,3,4,38,0,12,11
533853253,0,,,180,89,91,19,11,8,161,78,83,106,56,50,158,76,82,154,74,80,55,22,33,20,5,15,5,0,5,1,0,1,0,0,0,69,69,10,27,19,8,3,2,0,59,53,6,4,37,0,8,10
533853254,0,,,109,56,53,12,4,8,97,52,45,62,36,26,91,47,44,91,47,44,35,16,19,19,7,12,9,3,6,0,0,0,1,1,0,44,44,8,19,8,8,0,0,1,36,35,1,3,26,1,7,4
533853261,0,,,87,45,42,9,4,5,78,41,37,49,27,22,76,39,37,75,38,37,29,14,15,15,4,11,7,2,5,0,0,0,1,0,1,37,37,13,11,4,6,2,1,0,24,19,5,2,22,0,10,4
533853263,1,,533853264,112,55,57,14,3,11,108,58,50,61,34,27,102,54,48,102,54,48,47,24,23,19,8,11,8,3,5,1,1,0,6,3,3,45,45,14,22,6,4,6,0,0,38,35,3,2,32,1,10,11
533853264,2,533853263,,10,6,4,*,*,*,*,*,*,*,*,*,*,*,*,*,*,*,*,*,*,*,*,*,*,*,*,*,*,*,*,*,*,7,7,*,*,*,*,*,*,*,*,*,*,*,*,*,*,*
533853271,0,,,18,9,9,4,1,3,14,8,6,10,5,5,14,8,6,14,8,6,4,3,1,1,1,0,0,0,0,0,0,0,1,0,1,9,9,4,2,2,1,0,0,0,5,5,0,2,3,0,2,1
533853272,1,,533853273;533853274;533853281;533853283,11,7,4,4,1,3,21,11,10,11,6,5,21,11,10,21,11,10,10,5,5,2,1,1,0,0,0,0,0,0,0,0,0,5,5,4,3,2,1,1,0,0,7,7,0,2,6,0,2,2
533853273,2,533853272,,3,2,1,*,*,*,*,*,*,*,*,*,*,*,*,*,*,*,*,*,*,*,*,*,*,*,*,*,*,*,*,*,*,2,2,*,*,*,*,*,*,*,*,*,*,*,*,*,*,*
533853274,2,533853272,,6,1,5,*,*,*,*,*,*,*,*,*,*,*,*,*,*,*,*,*,*,*,*,*,*,*,*,*,*,*,*,*,*,2,2,*,*,*,*,*,*,*,*,*,*,*,*,*,*,*
533853281,2,533853272,,3,1,2,*,*,*,*,*,*,*,*,*,*,*,*,*,*,*,*,*,*,*,*,*,*,*,*,*,*,*,*,*,*,1,1,*,*,*,*,*,*,*,*,*,*,*,*,*,*,*
533853283,2,533853272,,2,1,1,*,*,*,*,*,*,*,*,*,*,*,*,*,*,*,*,*,*,*,*,*,*,*,*,*,*,*,*,*,*,1,1,*,*,*,*,*,*,*,*,*,*,*,*,*,*,*
533853301,0,,,34,14,20,0,0,0,34,14,20,11,6,5,34,14,20,34,14,20,23,8,15,9,2,7,6,1,5,1,0,1,1,0,1,19,19,8,7,4,0,0,0,0,11,9,2,0,15,0,5,4
533853302,0,,,46,21,25,4,1,3,42,20,22,26,12,14,41,20,21,40,20,20,16,8,8,6,3,3,2,1,1,0,0,0,0,0,0,18,18,7,4,4,0,1,0,2,11,9,2,2,11,0,4,3
533853303,0,,,180,89,91,32,17,15,148,72,76,119,58,61,140,68,72,132,64,68,29,14,15,6,5,1,0,0,0,0,0,0,2,0,2,71,71,18,20,15,13,5,0,0,53,51,2,12,20,1,6,7
533853304,0,,,151,73,78,14,9,5,137,64,73,97,46,51,129,58,71,126,57,69,40,18,22,25,10,15,13,5,8,2,1,1,1,0,1,57,57,11,19,10,13,4,0,0,46,39,7,3,25,0,5,8
533853311,0,,,120,63,57,17,9,8,103,54,49,56,36,20,99,52,47,99,52,47,47,18,29,24,8,16,9,3,6,0,0,0,1,0,1,47,47,11,16,9,9,0,1,1,36,31,5,5,34,0,8,8
533853312,0,,,53,26,27,2,1,1,51,25,26,32,15,17,50,25,25,48,25,23,19,10,9,14,7,7,5,2,3,1,0,1,0,0,0,25,25,7,11,5,1,1,0,0,18,16,2,0,17,0,5,4
533853313,1,,533853314,91,48,43,3,1,2,90,48,42,51,27,24,85,46,39,84,46,38,39,21,18,25,13,12,6,2,4,0,0,0,0,0,0,40,40,14,12,9,4,0,2,0,27,24,3,1,27,0,9,5
533853314,2,533853313,,2,1,1,*,*,*,*,*,*,*,*,*,*,*,*,*,*,*,*,*,*,*,*,*,*,*,*,*,*,*,*,*,*,1,1,*,*,*,*,*,*,*,*,*,*,*,*,*,*,*
533853321,2,533853322,,2,1,1,*,*,*,*,*,*,*,*,*,*,*,*,*,*,*,*,*,*,*,*,*,*,*,*,*,*,*,*,*,*,1,1,*,*,*,*,*,*,*,*,*,*,*,*,*,*,*
533853322,1,,533853321;533853324,23,11,12,3,1,2,24,12,12,12,6,6,24,12,12,23,11,12,12,6,6,5,3,2,0,0,0,0,0,0,0,0,0,8,8,1,5,1,2,1,0,0,9,8,1,1,7,0,1,5
533853323,0,,,12,5,7,3,1,2,9,4,5,7,3,4,9,4,5,9,4,5,2,1,1,2,1,1,1,0,1,0,0,0,0,0,0,5,5,1,2,1,1,0,0,0,4,4,0,0,2,0,1,0
533853324,2,533853322,,2,1,1,*,*,*,*,*,*,*,*,*,*,*,*,*,*,*,*,*,*,*,*,*,*,*,*,*,*,*,*,*,*,1,1,*,*,*,*,*,*,*,*,*,*,*,*,*,*,*
533853331,2,533853333,,4,3,1,*,*,*,*,*,*,*,*,*,*,*,*,*,*,*,*,*,*,*,*,*,*,*,*,*,*,*,*,*,*,1,1,*,*,*,*,*,*,*,*,*,*,*,*,*,*,*
533853332,0,,,79,40,39,12,6,6,67,34,33,38,21,17,66,34,32,65,34,31,29,13,16,14,6,8,5,3,2,0,0,0,6,4,2,30,30,10,6,7,3,1,2,1,20,13,7,4,18,2,5,4
533853333,1,,533853331,33,17,16,5,2,3,32,18,14,23,12,11,30,17,13,29,16,13,9,6,3,4,2,2,4,2,2,0,0,0,0,0,0,10,10,2,3,1,3,1,0,1,8,7,1,2,6,0,1,3
533853334,0,,,164,88,76,33,18,15,131,70,61,86,49,37,127,67,60,124,65,59,45,21,24,27,11,16,6,1,5,1,0,1,0,0,0,58,58,13,12,16,10,4,2,1,45,38,7,7,30,0,8,8
533853341,0,,,271,134,137,35,20,15,236,114,122,149,79,70,224,106,118,218,101,117,87,35,52,55,18,37,36,12,24,10,1,9,3,1,2,85,84,12,20,27,17,6,1,1,71,58,13,11,40,0,9,8
533853343,0,,,397,183,214,30,13,17,367,170,197,230,120,110,359,166,193,349,161,188,137,50,87,92,27,65,51,8,43,12,1,11,5,2,3,153,152,53,43,27,20,8,1,0,99,87,12,11,63,5,18,15
533853344,0,,,90,50,40,8,5,3,82,45,37,43,24,19,80,44,36,79,43,36,39,21,18,23,12,11,7,4,3,1,0,1,0,0,0,37,37,10,12,7,6,1,1,0,27,21,6,0,26,0,8,8
533853351,0,,,57,27,30,4,3,1,53,24,29,34,17,17,51,23,28,51,23,28,19,7,12,7,1,6,2,0,2,0,0,0,0,0,0,25,25,7,7,9,1,1,0,0,18,16,2,0,13,0,5,4
533853352,0,,,39,19,20,5,2,3,34,17,17,20,9,11,32,15,17,32,15,17,14,8,6,5,3,2,0,0,0,0,0,0,1,0,1,14,14,1,6,3,3,1,0,0,13,11,2,0,9,0,0,4
533853353,0,,,109,51,58,11,5,6,98,46,52,61,33,28,95,44,51,92,43,49,37,13,24,22,7,15,6,3,3,1,0,1,0,0,0,46,46,12,21,5,1,6,1,0,33,29,4,2,27,0,8,10
533853354,0,,,16,8,8,0,0,0,16,8,8,8,5,3,16,8,8,16,8,8,8,3,5,1,1,0,0,0,0,0,0,0,0,0,0,8,8,1,6,1,0,0,0,0,7,7,0,0,5,0,0,3
533853361,0,,,67,29,38,6,2,4,61,27,34,34,16,18,57,26,31,55,25,30,27,11,16,12,5,7,1,0,1,0,0,0,0,0,0,21,21,2,10,1,2,2,4,0,19,14,5,1,18,0,2,5
533853371,2,533853374,,9,4,5,*,*,*,*,*,*,*,*,*,*,*,*,*,*,*,*,*,*,*,*,*,*,*,*,*,*,*,*,*,*,2,2,*,*,*,*,*,*,*,*,*,*,*,*,*,*,*
533853373,0,,,16,8,8,0,0,0,16,8,8,10,5,5,16,8,8,16,8,8,6,3,3,2,1,1,1,0,1,0,0,0,0,0,0,11,11,7,3,1,0,0,0,0,4,3,1,0,5,0,2,2
533853374,1,,533853371;533853383,34,17,17,1,0,1,49,24,25,28,14,14,48,23,25,48,23,25,21,10,11,10,3,7,6,2,4,1,0,1,0,0,0,16,16,7,7,5,2,0,1,0,15,13,2,1,13,0,3,5
533853383,2,533853374,,7,3,4,*,*,*,*,*,*,*,*,*,*,*,*,*,*,*,*,*,*,*,*,*,*,*,*,*,*,*,*,*,*,4,4,*,*,*,*,*,*,*,*,*,*,*,*,*,*,*
533853401,0,,,279,127,152,49,23,26,229,103,126,155,71,84,223,102,121,215,97,118,74,32,42,41,16,25,6,4,2,0,0,0,0,0,0,109,109,25,33,26,19,3,2,1,84,77,7,21,50,0,18,16
533853402,0,,,332,160,172,33,21,12,299,139,160,168,85,83,294,137,157,292,136,156,131,54,77,66,19,47,25,8,17,4,2,2,2,0,2,130,130,28,46,24,24,4,4,0,102,80,22,4,85,0,25,20
533853403,0,,,52,25,27,7,5,2,45,20,25,26,15,11,42,18,24,39,16,23,19,5,14,14,3,11,0,0,0,0,0,0,0,0,0,17,17,2,5,5,1,3,1,0,15,10,5,2,13,0,1,3
533853411,0,,,33,16,17,6,3,3,27,13,14,22,11,11,25,13,12,25,13,12,5,2,3,1,0,1,0,0,0,0,0,0,1,0,1,14,14,4,5,2,2,1,0,0,10,10,0,2,4,0,1,1
533853412,0,,,16,7,9,2,1,1,14,6,8,8,3,5,14,6,8,14,6,8,6,3,3,4,2,2,0,0,0,0,0,0,0,0,0,5,5,0,3,0,1,0,1,0,5,4,1,0,3,0,0,2
533853413,0,,,80,37,43,8,5,3,72,32,40,37,14,23,71,32,39,71,32,39,35,18,17,17,9,8,7,4,3,0,0,0,4,2,2,39,39,11,21,3,3,0,1,0,28,25,3,2,23,0,7,10
533853414,0,,,50,27,23,4,1,3,46,26,20,23,14,9,43,23,20,43,23,20,23,12,11,13,7,6,5,2,3,0,0,0,0,0,0,22,22,3,13,4,1,1,0,0,19,18,1,1,15,0,1,8
533853423,1,,533853424,33,13,20,4,1,3,37,17,20,18,7,11,35,17,18,35,17,18,19,10,9,8,5,3,2,1,1,0,0,0,0,0,0,17,17,10,6,2,2,1,0,0,11,9,2,1,13,0,7,4
533853424,2,533853423,,8,5,3,*,*,*,*,*,*,*,*,*,*,*,*,*,*,*,*,*,*,*,*,*,*,*,*,*,*,*,*,*,*,4,4,*,*,*,*,*,*,*,*,*,*,*,*,*,*,*
533853431,0,,,157,67,90,30,12,18,126,54,72,117,51,66,119,49,70,115,47,68,9,3,6,5,2,3,1,1,0,0,0,0,8,2,6,59,59,8,19,22,6,3,1,0,50,50,0,8,8,1,2,1
533853432,0,,,195,101,94,18,14,4,177,87,90,106,58,48,171,85,86,169,84,85,71,29,42,47,17,30,18,2,16,0,0,0,5,1,4,78,78,22,24,13,12,5,1,1,55,46,9,3,50,0,18,10
533853433,0,,,12,6,6,0,0,0,12,6,6,5,3,2,10,5,5,10,5,5,7,3,4,4,1,3,1,0,1,0,0,0,1,0,1,6,6,2,3,0,1,0,0,0,4,4,0,0,6,0,2,1
533853434,0,,,389,205,184,50,25,25,338,179,159,225,129,96,328,172,156,323,169,154,113,50,63,64,26,38,28,11,17,0,0,0,2,1,1,160,160,45,53,27,22,10,2,1,114,103,11,12,75,3,17,22
533853441,0,,,208,109,99,26,19,7,182,90,92,144,72,72,174,86,88,165,82,83,38,18,20,15,7,8,9,4,5,0,0,0,1,0,1,71,71,12,16,20,16,4,1,2,58,51,7,6,27,2,3,6
533853442,0,,,12,6,6,0,0,0,12,6,6,6,3,3,11,5,6,11,5,6,6,3,3,2,1,1,1,1,0,1,1,0,0,0,0,5,5,2,1,1,0,1,0,0,3,2,1,0,3,0,1,1
533853443,0,,,155,87,68,16,14,2,139,73,66,82,46,36,137,72,65,133,69,64,57,27,30,27,15,12,6,2,4,0,0,0,0,0,0,70,70,25,22,13,6,2,1,1,44,36,8,4,36,2,11,11
533853444,0,,,42,17,25,1,1,0,41,16,25,22,9,13,39,16,23,39,16,23,19,7,12,10,3,7,5,0,5,0,0,0,0,0,0,19,19,4,11,2,0,2,0,0,15,13,2,0,14,0,4,7
533853451,0,,,112,51,61,6,3,3,106,48,58,51,27,24,104,47,57,102,45,57,55,21,34,34,11,23,14,2,12,1,0,1,1,0,1,50,50,14,23,3,7,3,0,0,35,30,5,1,39,0,13,15
533853452,0,,,66,28,38,10,2,8,56,26,30,27,11,16,56,26,30,55,26,29,29,15,14,15,7,8,2,0,2,1,0,1,0,0,0,29,29,4,18,3,3,1,0,0,25,24,1,3,18,0,4,12
533853453,0,,,28,14,14,7,3,4,21,11,10,15,8,7,19,10,9,17,9,8,6,3,3,0,0,0,0,0,0,0,0,0,0,0,0,7,7,0,2,1,1,2,0,1,7,6,1,1,3,0,0,2
533853454,1,,533853463,22,10,12,0,0,0,30,13,17,16,8,8,29,12,17,29,12,17,14,5,9,7,1,6,1,0,1,0,0,0,0,0,0,10,10,2,9,2,1,0,0,0,12,10,2,0,10,0,2,2
533853463,2,533853454,,8,3,5,*,*,*,*,*,*,*,*,*,*,*,*,*,*,*,*,*,*,*,*,*,*,*,*,*,*,*,*,*,*,4,4,*,*,*,*,*,*,*,*,*,*,*,*,*,*,*
533853471,0,,,14,7,7,0,0,0,14,7,7,6,3,3,14,7,7,14,7,7,8,4,4,0,0,0,0,0,0,0,0,0,0,0,0,8,8,3,4,1,0,0,0,0,5,5,0,0,5,0,2,3
533853472,0,,,24,13,11,4,1,3,20,12,8,13,8,5,20,12,8,20,12,8,7,4,3,2,2,0,0,0,0,0,0,0,0,0,0,11,11,3,6,1,0,0,1,0,8,8,0,1,4,0,0,3
533853473,2,533853474,,2,1,1,*,*,*,*,*,*,*,*,*,*,*,*,*,*,*,*,*,*,*,*,*,*,*,*,*,*,*,*,*,*,1,1,*,*,*,*,*,*,*,*,*,*,*,*,*,*,*
533853474,1,,533853473,12,6,6,2,1,1,12,6,6,8,4,4,12,6,6,12,6,6,4,2,2,0,0,0,0,0,0,0,0,0,0,0,0,5,5,0,4,2,0,0,0,0,5,5,0,1,2,0,0,2
533853481,1,,533853482;533853483,46,25,21,3,3,0,51,26,25,26,14,12,50,25,25,49,24,25,25,12,13,15,7,8,5,3,2,0,0,0,0,0,0,19,19,5,8,7,3,0,0,0,17,15,2,1,15,0,3,5
533853482,2,533853481,,1,0,1,*,*,*,*,*,*,*,*,*,*,*,*,*,*,*,*,*,*,*,*,*,*,*,*,*,*,*,*,*,*,1,1,*,*,*,*,*,*,*,*,*,*,*,*,*,*,*
533853483,2,533853481,,7,4,3,*,*,*,*,*,*,*,*,*,*,*,*,*,*,*,*,*,*,*,*,*,*,*,*,*,*,*,*,*,*,3,3,*,*,*,*,*,*,*,*,*,*,*,*,*,*,*
533853501,2,533853502,,4,3,1,*,*,*,*,*,*,*,*,*,*,*,*,*,*,*,*,*,*,*,*,*,*,*,*,*,*,*,*,*,*,2,2,*,*,*,*,*,*,*,*,*,*,*,*,*,*,*
533853502,1,,533853501,120,58,62,7,3,4,117,58,59,69,36,33,112,55,57,111,54,57,48,22,26,24,11,13,11,5,6,0,0,0,0,0,0,53,53,13,24,10,7,1,0,0,42,40,2,2,31,0,8,11
533853503,0,,,10,4,6,0,0,0,10,4,6,7,3,4,10,4,6,10,4,6,3,1,2,2,1,1,1,0,1,0,0,0,0,0,0,4,4,0,2,2,0,0,0,0,4,4,0,0,2,0,0,0
533853504,0,,,42,24,18,6,4,2,36,20,16,18,10,8,36,20,16,36,20,16,18,10,8,8,5,3,4,2,2,1,0,1,0,0,0,15,15,2,5,4,2,2,0,0,13,13,0,2,10,0,1,3
533853511,0,,,143,70,73,16,5,11,127,65,62,62,35,27,127,65,62,126,64,62,65,30,35,27,13,14,11,5,6,1,0,1,0,0,0,61,61,17,20,14,6,4,0,0,44,38,6,4,38,2,8,11
533853513,0,,,15,8,7,0,0,0,15,8,7,6,2,4,15,8,7,15,8,7,9,6,3,4,3,1,1,1,0,1,1,0,0,0,0,8,8,3,3,2,0,0,0,0,5,4,1,0,6,0,2,2
533853514,0,,,25,11,14,3,2,1,22,9,13,8,4,4,22,9,13,22,9,13,14,5,9,11,4,7,5,1,4,0,0,0,0,0,0,12,12,5,4,1,1,1,0,0,7,6,1,2,10,0,5,3
533853521,0,,,35,13,22,2,1,1,33,12,21,9,4,5,32,12,20,31,12,19,24,8,16,20,6,14,18,6,12,2,1,1,0,0,0,8,7,1,2,2,2,0,0,0,6,5,1,0,4,0,1,2
533853523,0,,,34,16,18,2,1,1,32,15,17,20,10,10,30,14,16,28,14,14,12,5,7,8,3,5,2,2,0,0,0,0,0,0,0,13,13,1,8,0,3,1,0,0,12,11,1,0,7,0,1,4
533853524,0,,,49,27,22,8,6,2,41,21,20,19,13,6,41,21,20,41,21,20,22,8,14,17,6,11,7,3,4,0,0,0,0,0,0,20,20,4,9,5,0,0,2,0,16,15,1,2,14,0,3,4
533853532,0,,,333,171,162,53,34,19,280,137,143,206,105,101,273,134,139,270,134,136,74,32,42,44,16,28,11,5,6,0,0,0,7,0,7,124,124,31,34,18,29,9,2,1,91,78,13,17,53,6,15,10
533853533,0,,,33,16,17,4,2,2,29,14,15,13,6,7,29,14,15,28,14,14,16,8,8,5,3,2,1,0,1,0,0,0,1,0,1,13,13,2,7,2,0,1,1,0,11,9,2,0,10,0,1,5
533853534,0,,,14,9,5,0,0,0,14,9,5,9,7,2,14,9,5,13,8,5,5,2,3,3,2,1,1,0,1,0,0,0,1,1,0,10,10,7,2,1,0,0,0,0,3,3,0,0,5,0,3,0
533853541,0,,,184,91,93,11,8,3,173,83,90,119,60,59,170,81,89,167,80,87,54,23,31,31,8,23,15,4,11,2,1,1,3,2,1,93,93,40,27,16,9,0,1,0,52,44,8,2,42,3,22,5
533853542,0,,,62,26,36,6,2,4,56,24,32,31,14,17,53,23,30,53,23,30,25,10,15,13,4,9,5,0,5,0,0,0,0,0,0,22,22,4,6,8,1,1,1,1,18,13,5,1,17,0,3,4
533853543,1,,533853544,314,158,156,41,19,22,281,142,139,173,92,81,276,141,135,275,140,135,108,50,58,42,15,27,10,3,7,1,0,1,24,16,8,143,143,60,39,21,17,3,4,2,82,67,15,11,74,23,20,19
533853544,2,533853543,,8,3,5,*,*,*,*,*,*,*,*,*,*,*,*,*,*,*,*,*,*,*,*,*,*,*,*,*,*,*,*,*,*,3,3,*,*,*,*,*,*,*,*,*,*,*,*,*,*,*
533853551,0,,,50,25,25,3,1,2,47,24,23,25,12,13,47,24,23,47,24,23,22,12,10,12,6,6,5,2,3,0,0,0,0,0,0,20,20,4,7,5,3,1,0,0,16,14,2,1,15,0,3,3
533853552,0,,,159,80,79,10,4,6,149,76,73,79,45,34,148,75,73,147,74,73,70,31,39,32,13,19,11,2,9,2,0,2,1,0,1,59,59,10,24,14,3,3,3,2,49,34,15,3,45,0,6,14
533853553,0,,,29,15,14,1,1,0,28,14,14,16,8,8,26,14,12,26,14,12,12,6,6,6,2,4,1,1,0,0,0,0,0,0,0,15,15,7,5,1,1,1,0,0,8,8,0,0,10,0,6,3
533853561,1,,533853564,86,44,42,8,4,4,79,41,38,42,23,19,76,39,37,75,38,37,37,18,19,21,9,12,11,6,5,4,1,3,0,0,0,31,31,6,12,6,3,3,2,0,26,18,8,1,23,0,3,8
533853563,0,,,32,17,15,4,4,0,28,13,15,13,6,7,28,13,15,28,13,15,15,7,8,5,2,3,3,1,2,1,0,1,0,0,0,12,12,2,6,1,2,0,0,1,10,6,4,2,11,0,2,1
533853564,2,533853561,,1,1,0,*,*,*,*,*,*,*,*,*,*,*,*,*,*,*,*,*,*,*,*,*,*,*,*,*,*,*,*,*,*,1,1,*,*,*,*,*,*,*,*,*,*,*,*,*,*,*
533853601,0,,,54,32,22,5,2,3,49,30,19,42,28,14,49,30,19,48,29,19,7,2,5,4,1,3,1,0,1,1,0,1,1,1,0,27,27,12,7,4,4,0,0,0,14,12,2,1,5,2,1,1
533853602,0,,,135,45,90,3,0,3,132,45,87,20,10,10,130,44,86,128,43,85,112,35,77,102,31,71,71,18,53,21,4,17,0,0,0,23,22,9,8,1,2,2,0,0,13,13,0,1,17,0,8,7
533853603,0,,,99,40,59,17,3,14,82,37,45,43,18,25,82,37,45,81,36,45,39,19,20,18,10,8,5,1,4,0,0,0,0,0,0,41,41,10,14,11,4,1,0,1,30,27,3,5,25,0,9,6
533853604,0,,,66,33,33,7,3,4,59,30,29,32,17,15,59,30,29,58,29,29,27,13,14,11,6,5,4,1,3,0,0,0,0,0,0,26,26,4,9,8,5,0,0,0,22,18,4,0,18,0,4,6
533853611,0,,,38,23,15,3,1,2,35,22,13,18,13,5,34,21,13,33,20,13,17,9,8,10,6,4,3,1,2,0,0,0,0,0,0,18,18,8,5,1,3,1,0,0,10,9,1,0,13,0,6,3
533853612,0,,,68,33,35,9,4,5,59,29,30,35,17,18,58,29,29,58,29,29,24,12,12,11,4,7,4,2,2,0,0,0,0,0,0,28,28,4,13,8,2,0,1,0,24,21,3,1,16,0,2,8
533853613,0,,,26,15,11,0,0,0,26,15,11,7,4,3,26,15,11,26,15,11,19,11,8,5,3,2,4,2,2,0,0,0,0,0,0,13,13,4,5,4,0,0,0,0,9,7,2,0,10,0,2,4
533853614,0,,,26,10,16,4,2,2,22,8,14,13,5,8,19,8,11,19,8,11,9,3,6,1,1,0,0,0,0,0,0,0,2,0,2,10,10,2,5,0,1,2,0,0,8,8,0,2,7,0,1,2
533853621,0,,,78,41,37,5,4,1,73,37,36,37,22,15,72,36,36,72,36,36,36,15,21,16,5,11,7,1,6,0,0,0,0,0,0,35,35,8,16,6,5,0,0,0,27,22,5,1,24,0,5,9
533853622,0,,,93,48,45,11,8,3,81,39,42,42,19,23,79,39,40,76,38,38,39,20,19,16,9,7,3,0,3,1,0,1,0,0,0,38,38,7,20,5,3,1,0,2,31,28,3,2,24,0,3,12
533853623,0,,,94,46,48,25,11,14,68,35,33,47,22,25,64,32,32,62,31,31,21,13,8,7,5,2,4,3,1,1,1,0,1,1,0,38,38,12,13,4,6,1,1,1,25,25,0,7,15,0,7,4
533853624,0,,,52,22,30,3,0,3,49,22,27,28,14,14,47,20,27,46,20,26,21,8,13,6,2,4,1,0,1,0,0,0,4,1,3,22,22,6,6,6,4,0,0,0,16,15,1,0,13,0,4,5
533853631,2,533853633,,7,4,3,*,*,*,*,*,*,*,*,*,*,*,*,*,*,*,*,*,*,*,*,*,*,*,*,*,*,*,*,*,*,3,3,*,*,*,*,*,*,*,*,*,*,*,*,*,*,*
533853632,0,,,14,9,5,0,0,0,14,9,5,10,7,3,14,9,5,14,9,5,4,2,2,2,1,1,2,1,1,0,0,0,1,0,1,13,13,12,1,0,0,0,0,0,1,1,0,0,4,3,4,0
533853633,1,,533853631,21,8,13,3,2,1,25,10,15,15,7,8,24,9,15,24,9,15,10,3,7,4,1,3,1,0,1,0,0,0,0,0,0,9,9,2,7,0,3,0,0,0,10,9,1,1,7,0,0,3
533853634,0,,,46,22,24,7,4,3,39,18,21,25,12,13,38,17,21,38,17,21,14,6,8,8,3,5,1,0,1,0,0,0,1,0,1,16,16,4,3,2,5,2,0,0,12,9,3,2,10,0,3,3
533853641,0,,,119,74,45,14,6,8,105,68,37,89,58,31,102,66,36,101,65,36,16,10,6,6,3,3,3,1,2,0,0,0,17,12,5,61,61,29,18,7,3,3,1,0,32,29,3,5,13,15,4,4
533853642,2,533853644,,2,1,1,*,*,*,*,*,*,*,*,*,*,*,*,*,*,*,*,*,*,*,*,*,*,*,*,*,*,*,*,*,*,2,2,*,*,*,*,*,*,*,*,*,*,*,*,*,*,*
533853644,1,,533853642,18,10,8,0,0,0,20,11,9,8,5,3,19,10,9,18,9,9,12,6,6,10,4,6,5,3,2,1,1,0,0,0,0,9,9,6,2,2,1,0,0,0,5,5,0,0,9,0,6,1
533853651,0,,,16,8,8,0,0,0,16,8,8,10,5,5,16,8,8,15,7,8,6,3,3,6,3,3,3,2,1,0,0,0,0,0,0,7,7,2,2,2,1,0,0,0,5,3,2,0,5,0,2,1
533853652,2,533853654,,3,2,1,*,*,*,*,*,*,*,*,*,*,*,*,*,*,*,*,*,*,*,*,*,*,*,*,*,*,*,*,*,*,2,2,*,*,*,*,*,*,*,*,*,*,*,*,*,*,*
533853653,0,,,12,5,7,0,0,0,12,5,7,5,2,3,12,5,7,12,5,7,7,3,4,5,1,4,3,0,3,0,0,0,0,0,0,5,5,2,0,2,1,0,0,0,3,1,2,0,5,0,2,0
533853654,1,,533853652,29,15,14,2,2,0,30,15,15,15,7,8,28,13,15,28,13,15,15,8,7,11,5,6,3,1,2,1,0,1,0,0,0,10,10,4,3,3,0,1,0,1,8,5,3,0,10,0,2,1
533853661,0,,,20,11,9,0,0,0,20,11,9,7,5,2,20,11,9,20,11,9,13,6,7,7,2,5,3,1,2,0,0,0,0,0,0,10,10,3,5,1,1,0,0,0,7,7,0,0,9,0,2,1
533853662,2,533853663,,2,1,1,*,*,*,*,*,*,*,*,*,*,*,*,*,*,*,*,*,*,*,*,*,*,*,*,*,*,*,*,*,*,1,1,*,*,*,*,*,*,*,*,*,*,*,*,*,*,*
533853663,1,,533853662,80,38,42,7,2,5,75,37,38,47,22,25,73,35,38,70,34,36,28,15,13,20,9,11,5,1,4,1,0,1,1,1,0,26,26,5,7,5,5,2,3,0,21,16,5,2,21,1,4,4
533853664,0,,,36,19,17,0,0,0,36,19,17,22,13,9,36,19,17,34,18,16,14,6,8,11,4,7,6,1,5,2,0,2,0,0,0,15,15,6,2,3,3,1,0,0,9,5,4,0,11,0,4,1
533853701,0,,,18,9,9,0,0,0,18,9,9,3,2,1,18,9,9,18,9,9,15,7,8,9,4,5,2,1,1,0,0,0,0,0,0,11,11,4,7,0,0,0,0,0,7,7,0,0,10,0,4,5
533853702,0,,,66,35,31,5,3,2,61,32,29,30,18,12,59,30,29,58,29,29,31,14,17,15,6,9,6,1,5,1,0,1,0,0,0,26,26,6,10,3,5,1,1,0,20,16,4,0,19,0,3,5
533853703,0,,,47,25,22,13,7,6,34,18,16,18,9,9,34,18,16,34,18,16,16,9,7,6,3,3,3,1,2,0,0,0,1,0,1,18,18,3,9,1,2,3,0,0,15,15,0,4,10,0,2,5
533853704,0,,,37,16,21,3,1,2,34,15,19,24,12,12,33,15,18,32,14,18,10,3,7,8,2,6,3,1,2,0,0,0,0,0,0,12,12,3,2,2,3,1,0,1,9,5,4,0,8,0,2,1
533853711,0,,,63,33,30,2,1,1,61,32,29,33,18,15,59,31,28,57,29,28,28,14,14,11,6,5,6,3,3,1,1,0,0,0,0,29,29,9,12,2,6,0,0,0,19,16,3,1,18,0,4,8
533853712,0,,,22,11,11,1,0,1,21,11,10,9,5,4,19,10,9,19,10,9,12,6,6,8,5,3,1,0,1,0,0,0,0,0,0,9,9,3,4,0,1,0,0,1,6,4,2,0,8,0,3,2
533853713,0,,,37,21,16,7,5,2,30,16,14,18,11,7,29,15,14,29,15,14,12,5,7,7,2,5,3,1,2,0,0,0,0,0,0,14,14,2,6,3,2,0,1,0,12,9,3,4,8,0,1,2
533853714,0,,,37,18,19,11,7,4,26,11,15,15,6,9,26,11,15,26,11,15,11,5,6,4,2,2,0,0,0,0,0,0,1,0,1,13,13,1,7,1,2,1,1,0,12,11,1,3,7,0,1,4
533853721,0,,,66,35,31,7,4,3,58,30,28,31,17,14,57,30,27,57,30,27,27,13,14,13,6,7,1,0,1,0,0,0,1,1,0,28,28,6,11,8,1,2,0,0,22,20,2,1,17,0,3,9
533853722,0,,,29,16,13,3,2,1,26,14,12,14,8,6,25,13,12,25,13,12,12,6,6,5,3,2,1,1,0,0,0,0,0,0,0,11,11,3,3,2,1,2,0,0,7,5,2,1,8,0,2,2
533853723,0,,,27,9,18,2,0,2,25,9,16,16,7,9,25,9,16,24,9,15,9,2,7,4,0,4,1,0,1,0,0,0,2,0,2,16,16,8,6,1,1,0,0,0,8,7,1,0,8,0,4,1
533853724,0,,,34,15,19,2,0,2,32,15,17,22,10,12,31,15,16,29,14,15,10,5,5,6,4,2,2,1,1,0,0,0,0,0,0,13,13,0,9,1,2,1,0,0,13,13,0,1,6,0,0,4
533853731,0,,,50,23,27,2,2,0,48,21,27,18,8,10,47,21,26,47,21,26,30,13,17,17,7,10,9,3,6,1,1,0,0,0,0,24,24,8,11,3,1,0,0,1,16,11,5,0,21,0,7,7
533853732,0,,,55,29,26,2,1,1,53,28,25,27,15,12,50,26,24,49,26,23,26,13,13,8,4,4,2,1,1,0,0,0,2,0,2,29,29,13,9,5,1,1,0,0,16,14,2,0,18,0,7,5
533853733,0,,,19,11,8,0,0,0,19,11,8,5,3,2,19,11,8,19,11,8,14,8,6,6,3,3,2,2,0,0,0,0,0,0,0,10,10,2,7,1,0,0,0,0,8,8,0,0,8,0,2,5
533853734,0,,,35,18,17,2,0,2,33,18,15,22,13,9,32,17,15,30,16,14,11,5,6,3,1,2,2,1,1,0,0,0,0,0,0,14,14,3,4,5,1,1,0,0,11,10,1,0,9,0,3,2
533853741,0,,,35,17,18,4,2,2,31,15,16,19,9,10,28,14,14,25,12,13,12,6,6,9,4,5,0,0,0,0,0,0,0,0,0,14,14,5,5,1,2,0,0,1,9,8,1,1,8,0,2,3
533853742,0,,,42,19,23,3,0,3,39,19,20,16,10,6,39,19,20,39,19,20,23,9,14,17,6,11,5,1,4,1,0,1,1,0,1,19,19,7,5,4,2,1,0,0,12,8,4,0,15,0,6,3
533853743,0,,,42,20,22,10,6,4,32,14,18,24,10,14,30,13,17,28,12,16,8,4,4,3,2,1,1,1,0,0,0,0,0,0,0,13,13,1,3,3,4,2,0,0,11,11,0,2,4,0,0,1
533853744,0,,,117,49,68,11,1,10,106,48,58,55,26,29,103,46,57,102,46,56,51,22,29,26,11,15,8,3,5,0,0,0,0,0,0,47,47,11,19,5,7,5,0,0,36,30,6,1,35,0,9,13
533853751,0,,,58,30,28,4,4,0,53,25,28,26,14,12,52,24,28,52,24,28,27,11,16,16,6,10,5,1,4,0,0,0,1,0,1,29,29,10,15,1,1,1,1,0,18,17,1,1,18,0,5,7
533853752,0,,,122,60,62,15,6,9,107,54,53,53,32,21,103,50,53,101,48,53,54,22,32,27,9,18,9,3,6,2,1,1,0,0,0,48,48,13,16,12,2,2,0,3,35,29,6,3,35,1,11,10
533853753,0,,,51,25,26,1,0,1,50,25,25,32,17,15,49,25,24,47,24,23,18,8,10,10,5,5,4,2,2,0,0,0,0,0,0,25,25,8,13,1,1,2,0,0,17,15,2,1,16,0,7,4
533853754,0,,,15,6,9,2,1,1,13,5,8,6,3,3,12,4,8,12,4,8,7,2,5,5,2,3,1,0,1,0,0,0,0,0,0,6,6,3,0,2,0,0,1,0,3,1,2,0,6,0,3,0
533853761,0,,,39,19,20,4,2,2,35,17,18,14,6,8,35,17,18,35,17,18,21,11,10,6,1,5,6,1,5,0,0,0,0,0,0,19,19,8,6,3,0,2,0,0,11,10,1,1,16,0,8,3
533853762,0,,,19,7,12,0,0,0,19,7,12,10,4,6,19,7,12,18,7,11,9,3,6,3,0,3,2,0,2,0,0,0,0,0,0,7,7,2,1,1,3,0,0,0,5,3,2,0,5,0,1,1
533853763,0,,,17,5,12,0,0,0,17,5,12,7,2,5,16,5,11,16,5,11,10,3,7,6,1,5,3,0,3,0,0,0,0,0,0,9,9,4,3,1,1,0,0,0,5,4,1,0,7,0,3,1
533853764,0,,,9,5,4,0,0,0,9,5,4,5,3,2,9,5,4,9,5,4,4,2,2,4,2,2,2,2,0,0,0,0,0,0,0,4,4,0,3,1,0,0,0,0,4,4,0,0,2,0,0,1
533853773,0,,,12,4,8,1,0,1,11,4,7,5,2,3,11,4,7,11,4,7,6,2,4,4,1,3,2,0,2,1,0,1,0,0,0,6,6,2,3,0,1,0,0,0,4,3,1,0,4,0,2,1
533853801,0,,,129,55,74,15,7,8,114,48,66,71,32,39,111,47,64,109,47,62,43,16,27,24,7,17,13,5,8,1,0,1,0,0,0,52,52,12,14,16,9,1,0,0,40,36,4,5,30,0,9,6
533853803,0,,,115,61,54,18,8,10,97,53,44,62,34,28,91,50,41,89,49,40,35,19,16,9,6,3,2,1,1,0,0,0,1,1,0,40,40,6,12,8,10,3,1,0,33,28,5,4,21,1,3,10
533853804,0,,,44,19,25,5,3,2,39,16,23,18,7,11,38,16,22,38,16,22,21,9,12,11,4,7,4,1,3,0,0,0,0,0,0,21,21,5,11,3,2,0,0,0,16,16,0,0,15,0,4,7
533853811,2,533853813,,10,4,6,*,*,*,*,*,*,*,*,*,*,*,*,*,*,*,*,*,*,*,*,*,*,*,*,*,*,*,*,*,*,3,3,*,*,*,*,*,*,*,*,*,*,*,*,*,*,*
533853812,0,,,48,23,25,3,3,0,45,20,25,25,12,13,44,19,25,44,19,25,20,8,12,9,4,5,4,1,3,1,0,1,0,0,0,21,21,5,9,4,2,1,0,0,16,10,6,1,11,0,2,5
533853813,1,,533853811,65,31,34,3,0,3,72,35,37,39,20,19,69,34,35,69,34,35,33,15,18,13,5,8,6,1,5,0,0,0,1,0,1,29,29,7,15,5,3,1,1,0,25,20,5,0,21,0,5,8
533853814,0,,,45,26,19,1,1,0,44,25,19,27,18,9,42,23,19,41,22,19,17,7,10,8,4,4,1,1,0,0,0,0,0,0,0,19,19,4,8,5,1,0,1,0,15,14,1,1,10,0,1,3
533853821,0,,,127,63,64,10,5,5,117,58,59,73,40,33,117,58,59,115,56,59,44,18,26,21,8,13,2,2,0,0,0,0,0,0,0,50,50,11,15,13,9,1,1,0,39,32,7,3,30,0,6,10
533853822,0,,,89,43,46,8,3,5,81,40,41,40,19,21,79,38,41,79,38,41,41,21,20,23,12,11,7,3,4,2,0,2,0,0,0,40,40,9,19,8,3,0,1,0,31,29,2,0,24,0,6,11
533853823,0,,,105,46,59,11,4,7,94,42,52,54,24,30,90,40,50,89,40,49,40,18,22,18,9,9,7,3,4,0,0,0,0,0,0,47,47,8,28,4,6,1,0,0,39,37,2,2,29,0,8,11
533853824,0,,,47,24,23,7,2,5,40,22,18,27,15,12,37,19,18,36,19,17,13,7,6,3,2,1,0,0,0,0,0,0,0,0,0,20,20,6,6,4,3,1,0,0,14,13,1,2,8,0,3,3
533853831,0,,,106,47,59,10,5,5,96,42,54,64,28,36,93,42,51,91,41,50,32,14,18,9,1,8,3,0,3,1,0,1,0,0,0,44,44,8,21,5,9,1,0,0,36,33,3,2,23,0,5,9
533853832,0,,,61,30,31,12,5,7,49,25,24,39,20,19,46,24,22,44,22,22,10,5,5,3,1,2,0,0,0,0,0,0,1,0,1,20,20,2,6,4,5,3,0,0,18,15,3,2,7,0,1,3
533853833,0,,,37,19,18,5,4,1,32,15,17,20,10,10,30,14,16,30,14,16,12,5,7,4,1,3,2,0,2,0,0,0,0,0,0,15,15,3,7,1,3,1,0,0,12,10,2,2,9,0,3,3
533853834,0,,,51,29,22,4,4,0,47,25,22,22,12,10,47,25,22,47,25,22,25,13,12,9,4,5,2,2,0,0,0,0,0,0,0,23,23,4,12,5,2,0,0,0,19,18,1,3,15,0,1,9
533853841,0,,,217,92,125,14,9,5,203,83,120,82,44,38,196,80,116,196,80,116,121,39,82,98,27,71,67,13,54,16,1,15,1,1,0,65,64,23,19,13,3,2,2,2,39,34,5,2,34,1,12,12
533853842,0,,,79,45,34,9,6,3,70,39,31,41,23,18,69,38,31,69,38,31,29,16,13,16,9,7,7,4,3,2,1,1,0,0,0,31,31,9,10,6,2,2,0,2,22,16,6,2,18,0,5,7
533853843,0,,,58,30,28,6,3,3,52,27,25,27,13,14,51,26,25,48,26,22,25,14,11,10,5,5,2,0,2,0,0,0,1,1,0,24,24,3,11,7,3,0,0,0,21,20,1,2,16,0,3,8
533853844,0,,,47,20,27,5,3,2,42,17,25,25,11,14,41,16,25,40,15,25,17,6,11,6,1,5,2,0,2,0,0,0,0,0,0,20,20,5,8,5,1,0,0,1,15,12,3,2,11,0,3,4
533853851,1,,533853853,79,36,43,7,1,6,77,38,39,42,22,20,76,38,38,75,38,37,35,16,19,18,8,10,9,3,6,0,0,0,0,0,0,31,31,8,11,9,3,3,0,0,25,21,4,1,22,0,7,5
533853853,2,533853851,,5,3,2,*,*,*,*,*,*,*,*,*,*,*,*,*,*,*,*,*,*,*,*,*,*,*,*,*,*,*,*,*,*,3,3,*,*,*,*,*,*,*,*,*,*,*,*,*,*,*
533853862,0,,,8,4,4,0,0,0,8,4,4,2,2,0,8,4,4,8,4,4,6,2,4,4,1,3,0,0,0,0,0,0,0,0,0,6,6,4,2,0,0,0,0,0,2,2,0,0,5,0,3,1
533853871,0,,,28,14,14,2,1,1,26,13,13,12,7,5,24,11,13,24,11,13,14,6,8,8,4,4,3,1,2,0,0,0,1,0,1,13,13,4,6,1,1,1,0,0,8,7,1,1,10,0,3,3
533853873,0,,,73,33,40,4,1,3,69,32,37,33,14,19,68,31,37,67,31,36,36,18,18,17,8,9,4,2,2,1,0,1,1,0,1,32,32,10,9,8,4,1,0,0,21,16,5,1,24,0,8,7
533853901,1,,533853902,157,84,73,15,7,8,151,84,67,105,64,41,125,67,58,119,62,57,46,20,26,23,9,14,7,2,5,2,0,2,2,1,1,57,54,20,21,10,7,4,0,0,42,39,3,1,33,4,11,10
533853902,2,533853901,,9,7,2,*,*,*,*,*,*,*,*,*,*,*,*,*,*,*,*,*,*,*,*,*,*,*,*,*,*,*,*,*,*,8,8,*,*,*,*,*,*,*,*,*,*,*,*,*,*,*
533853903,0,,,91,39,52,8,3,5,83,36,47,46,18,28,81,35,46,79,34,45,37,18,19,20,9,11,10,3,7,0,0,0,4,3,1,43,43,18,12,6,5,1,1,0,25,20,5,1,23,10,5,9
533853904,0,,,158,83,75,14,8,6,144,75,69,73,42,31,138,70,68,135,67,68,71,33,38,28,14,14,13,5,8,1,0,1,0,0,0,63,63,13,28,8,9,2,2,1,50,42,8,2,44,0,10,19
533853911,0,,,38,18,20,3,1,2,35,17,18,18,10,8,35,17,18,35,17,18,17,7,10,12,4,8,5,1,4,0,0,0,0,0,0,16,16,2,9,3,1,1,0,0,14,11,3,1,12,0,1,5
533853912,0,,,61,33,28,12,7,5,49,26,23,31,19,12,47,24,23,44,23,21,18,7,11,14,6,8,8,3,5,0,0,0,0,0,0,23,23,8,6,2,1,5,1,0,15,12,3,4,15,0,6,2
533853913,0,,,70,34,36,7,4,3,63,30,33,26,14,12,63,30,33,63,30,33,37,16,21,17,8,9,5,2,3,0,0,0,0,0,0,32,32,9,13,5,5,0,0,0,23,21,2,2,25,0,7,8
533853914,0,,,238,124,114,47,27,20,191,97,94,151,76,75,180,92,88,176,90,86,40,21,19,27,13,14,6,3,3,0,0,0,1,0,1,92,92,26,25,17,13,8,2,1,66,59,7,13,26,4,5,7
533853921,0,,,46,27,19,6,5,1,40,22,18,24,15,9,40,22,18,39,21,18,16,7,9,7,3,4,2,0,2,1,0,1,0,0,0,16,16,3,3,6,3,0,0,1,13,10,3,2,9,0,1,1
533853922,0,,,43,19,24,6,2,4,37,17,20,17,8,9,37,17,20,37,17,20,20,9,11,5,1,4,3,0,3,1,0,1,0,0,0,17,17,2,9,2,3,1,0,0,15,13,2,2,11,0,2,4
533853923,0,,,344,162,182,46,25,21,298,137,161,200,100,100,285,131,154,276,124,152,98,37,61,47,14,33,14,5,9,0,0,0,25,13,12,133,133,27,49,24,20,11,2,0,106,95,11,9,73,0,21,16
533853924,0,,,41,22,19,2,0,2,39,22,17,22,12,10,39,22,17,38,22,16,17,10,7,5,4,1,3,2,1,0,0,0,0,0,0,22,22,9,8,4,1,0,0,0,13,13,0,0,11,0,4,5
533853931,0,,,84,44,40,7,3,4,77,41,36,37,22,15,75,41,34,73,39,34,40,19,21,15,6,9,5,2,3,0,0,0,0,0,0,36,36,9,14,7,4,2,0,0,27,23,4,1,26,0,5,9
533853932,0,,,33,15,18,3,1,2,30,14,16,13,6,7,30,14,16,30,14,16,17,8,9,11,4,7,3,2,1,0,0,0,0,0,0,17,17,7,6,2,2,0,0,0,10,10,0,1,11,0,5,5
533853933,0,,,169,84,85,15,9,6,154,75,79,96,46,50,150,73,77,147,72,75,58,29,29,33,13,20,9,2,7,0,0,0,1,0,1,64,64,11,25,12,11,2,3,0,53,44,9,4,41,0,7,13
533853934,0,,,23,9,14,0,0,0,23,9,14,6,2,4,23,9,14,23,9,14,17,7,10,12,6,6,2,0,2,0,0,0,0,0,0,10,10,1,7,0,2,0,0,0,9,7,2,0,10,0,1,5
533853941,0,,,65,29,36,11,6,5,54,23,31,29,13,16,53,23,30,53,23,30,25,10,15,12,3,9,6,0,6,1,0,1,0,0,0,26,26,6,8,7,3,2,0,0,20,18,2,2,17,0,5,4
533853942,0,,,92,47,45,10,4,6,80,42,38,51,29,22,77,40,37,76,39,37,29,13,16,9,3,6,4,1,3,0,0,0,0,0,0,35,35,4,17,7,4,1,2,0,30,25,5,1,19,0,3,6
533853943,0,,,65,30,35,6,1,5,59,29,30,29,14,15,58,29,29,58,29,29,30,15,15,10,3,7,5,0,5,0,0,0,2,0,2,28,28,5,14,4,5,0,0,0,23,17,6,1,20,0,4,7
533853944,0,,,48,24,24,2,0,2,46,24,22,19,9,10,44,23,21,43,23,20,27,15,12,7,4,3,1,1,0,1,1,0,0,0,0,19,19,3,10,1,4,0,1,0,16,15,1,0,16,0,3,7
533853951,0,,,57,32,25,6,3,3,51,29,22,24,16,8,51,29,22,51,29,22,27,13,14,12,5,7,3,1,2,0,0,0,0,0,0,24,24,9,7,4,2,0,0,2,15,13,2,3,18,1,6,6
533853953,0,,,24,9,15,3,0,3,21,9,12,14,7,7,21,9,12,20,9,11,7,2,5,5,2,3,1,0,1,0,0,0,0,0,0,9,9,2,3,2,0,2,0,0,7,5,2,0,5,0,1,2
533853971,2,533853972,,6,3,3,*,*,*,*,*,*,*,*,*,*,*,*,*,*,*,*,*,*,*,*,*,*,*,*,*,*,*,*,*,*,3,3,*,*,*,*,*,*,*,*,*,*,*,*,*,*,*
533853972,1,,533853971,7,3,4,0,0,0,13,6,7,7,4,3,12,5,7,11,5,6,6,2,4,4,1,3,1,0,1,0,0,0,0,0,0,2,2,2,1,1,0,0,1,0,3,2,1,0,5,0,2,1
533853974,0,,,47,20,27,0,0,0,47,20,27,22,10,12,47,20,27,47,20,27,25,10,15,13,4,9,7,2,5,0,0,0,0,0,0,21,21,4,9,7,1,0,0,0,17,14,3,0,18,0,4,3
533853983,1,,533853994,11,4,7,0,0,0,13,5,8,3,1,2,13,5,8,13,5,8,10,4,6,6,2,4,3,1,2,0,0,0,0,0,0,7,7,3,5,0,0,0,0,0,5,5,0,0,7,0,3,2
533853994,2,533853983,,2,1,1,*,*,*,*,*,*,*,*,*,*,*,*,*,*,*,*,*,*,*,*,*,*,*,*,*,*,*,*,*,*,1,1,*,*,*,*,*,*,*,*,*,*,*,*,*,*,*
533854021,1,,533854022;533854024,13,5,8,2,0,2,17,8,9,5,4,1,17,8,9,17,8,9,12,4,8,8,3,5,3,1,2,1,0,1,1,0,1,6,6,5,5,0,1,0,0,0,6,6,0,0,9,0,4,3
533854022,2,533854021,,5,3,2,*,*,*,*,*,*,*,*,*,*,*,*,*,*,*,*,*,*,*,*,*,*,*,*,*,*,*,*,*,*,4,4,*,*,*,*,*,*,*,*,*,*,*,*,*,*,*
533854024,2,533854021,,1,0,1,*,*,*,*,*,*,*,*,*,*,*,*,*,*,*,*,*,*,*,*,*,*,*,*,*,*,*,*,*,*,1,1,*,*,*,*,*,*,*,*,*,*,*,*,*,*,*
533854053,2,533854144,,6,2,4,*,*,*,*,*,*,*,*,*,*,*,*,*,*,*,*,*,*,*,*,*,*,*,*,*,*,*,*,*,*,4,4,*,*,*,*,*,*,*,*,*,*,*,*,*,*,*
533854103,0,,,11,5,6,1,1,0,10,4,6,5,2,3,9,3,6,8,3,5,5,2,3,3,2,1,1,1,0,0,0,0,0,0,0,5,5,1,2,2,0,0,0,0,4,3,1,0,3,0,1,2
533854122,1,,533854131,33,15,18,0,0,0,39,17,22,20,10,10,39,17,22,39,17,22,19,7,12,14,5,9,7,1,6,2,0,2,0,0,0,15,15,3,9,2,3,0,0,0,14,12,2,0,15,0,2,2
533854124,0,,,42,17,25,4,2,2,38,15,23,16,7,9,38,15,23,37,15,22,22,8,14,14,5,9,7,2,5,1,0,1,0,0,0,22,22,8,9,4,1,0,0,0,14,13,1,1,16,1,6,4
533854131,2,533854122,,6,2,4,*,*,*,*,*,*,*,*,*,*,*,*,*,*,*,*,*,*,*,*,*,*,*,*,*,*,*,*,*,*,2,2,*,*,*,*,*,*,*,*,*,*,*,*,*,*,*
533854144,1,,533854053;533854152;533854161;533854251,7,5,2,0,0,0,17,9,8,3,1,2,17,9,8,17,9,8,14,8,6,8,4,4,4,1,3,0,0,0,0,0,0,4,4,6,4,1,0,0,0,0,5,3,2,0,10,0,6,3
533854152,2,533854144,,1,1,0,*,*,*,*,*,*,*,*,*,*,*,*,*,*,*,*,*,*,*,*,*,*,*,*,*,*,*,*,*,*,1,1,*,*,*,*,*,*,*,*,*,*,*,*,*,*,*
533854161,2,533854144,,2,1,1,*,*,*,*,*,*,*,*,*,*,*,*,*,*,*,*,*,*,*,*,*,*,*,*,*,*,*,*,*,*,1,1,*,*,*,*,*,*,*,*,*,*,*,*,*,*,*
533854201,0,,,19,9,10,1,0,1,17,8,9,12,6,6,17,8,9,17,8,9,5,2,3,2,0,2,1,0,1,1,0,1,0,0,0,10,10,6,2,0,1,1,0,0,4,3,1,1,3,0,2,0
533854211,1,,533854212;533854213;533854214,14,8,6,1,0,1,19,11,8,6,3,3,19,11,8,19,11,8,13,8,5,9,6,3,2,2,0,0,0,0,1,0,1,7,7,4,6,0,1,0,0,0,7,6,1,0,8,0,2,3
533854212,2,533854211,,3,2,1,*,*,*,*,*,*,*,*,*,*,*,*,*,*,*,*,*,*,*,*,*,*,*,*,*,*,*,*,*,*,2,2,*,*,*,*,*,*,*,*,*,*,*,*,*,*,*
533854213,2,533854211,,1,0,1,*,*,*,*,*,*,*,*,*,*,*,*,*,*,*,*,*,*,*,*,*,*,*,*,*,*,*,*,*,*,1,1,*,*,*,*,*,*,*,*,*,*,*,*,*,*,*
533854214,2,533854211,,2,1,1,*,*,*,*,*,*,*,*,*,*,*,*,*,*,*,*,*,*,*,*,*,*,*,*,*,*,*,*,*,*,1,1,*,*,*,*,*,*,*,*,*,*,*,*,*,*,*
533854222,1,,533854223;533854224;533854563;533854662;533854664,16,7,9,0,0,0,31,13,18,10,5,5,31,13,18,31,13,18,21,8,13,17,6,11,8,4,4,0,0,0,0,0,0,8,8,9,6,2,1,0,0,0,9,9,0,0,14,0,7,6
533854223,2,533854222,,3,2,1,*,*,*,*,*,*,*,*,*,*,*,*,*,*,*,*,*,*,*,*,*,*,*,*,*,*,*,*,*,*,1,1,*,*,*,*,*,*,*,*,*,*,*,*,*,*,*
533854224,2,533854222,,5,1,4,*,*,*,*,*,*,*,*,*,*,*,*,*,*,*,*,*,*,*,*,*,*,*,*,*,*,*,*,*,*,4,4,*,*,*,*,*,*,*,*,*,*,*,*,*,*,*
533854241,2,533854242,,1,1,0,*,*,*,*,*,*,*,*,*,*,*,*,*,*,*,*,*,*,*,*,*,*,*,*,*,*,*,*,*,*,1,1,*,*,*,*,*,*,*,*,*,*,*,*,*,*,*
533854242,1,,533854241;533854243,13,7,6,1,0,1,15,9,6,4,3,1,15,9,6,15,9,6,11,6,5,8,5,3,3,1,2,0,0,0,0,0,0,9,9,7,3,1,0,0,0,0,4,4,0,1,8,0,5,3
533854243,2,533854242,,2,1,1,*,*,*,*,*,*,*,*,*,*,*,*,*,*,*,*,*,*,*,*,*,*,*,*,*,*,*,*,*,*,1,1,*,*,*,*,*,*,*,*,*,*,*,*,*,*,*
533854251,2,533854144,,1,0,1,*,*,*,*,*,*,*,*,*,*,*,*,*,*,*,*,*,*,*,*,*,*,*,*,*,*,*,*,*,*,1,1,*,*,*,*,*,*,*,*,*,*,*,*,*,*,*
533854321,2,533854322,,1,1,0,*,*,*,*,*,*,*,*,*,*,*,*,*,*,*,*,*,*,*,*,*,*,*,*,*,*,*,*,*,*,1,1,*,*,*,*,*,*,*,*,*,*,*,*,*,*,*
533854322,1,,533854321;533854652,11,5,6,0,0,0,15,7,8,2,1,1,15,7,8,15,7,8,13,6,7,4,1,3,3,0,3,1,0,1,0,0,0,7,7,7,4,0,0,0,0,0,3,3,0,0,9,0,5,3
533854422,2,533854423,,1,0,1,*,*,*,*,*,*,*,*,*,*,*,*,*,*,*,*,*,*,*,*,*,*,*,*,*,*,*,*,*,*,1,1,*,*,*,*,*,*,*,*,*,*,*,*,*,*,*
533854423,1,,533854422;533854424;533854433,6,3,3,0,0,0,10,4,6,1,0,1,10,4,6,10,4,6,9,4,5,5,2,3,2,0,2,0,0,0,0,0,0,3,3,2,4,0,0,0,0,0,4,4,0,0,6,0,2,1
533854424,2,533854423,,2,1,1,*,*,*,*,*,*,*,*,*,*,*,*,*,*,*,*,*,*,*,*,*,*,*,*,*,*,*,*,*,*,1,1,*,*,*,*,*,*,*,*,*,*,*,*,*,*,*
533854433,2,533854423,,1,0,1,*,*,*,*,*,*,*,*,*,*,*,*,*,*,*,*,*,*,*,*,*,*,*,*,*,*,*,*,*,*,1,1,*,*,*,*,*,*,*,*,*,*,*,*,*,*,*
533854563,2,533854222,,4,2,2,*,*,*,*,*,*,*,*,*,*,*,*,*,*,*,*,*,*,*,*,*,*,*,*,*,*,*,*,*,*,2,2,*,*,*,*,*,*,*,*,*,*,*,*,*,*,*
533854652,2,533854322,,3,1,2,*,*,*,*,*,*,*,*,*,*,*,*,*,*,*,*,*,*,*,*,*,*,*,*,*,*,*,*,*,*,3,3,*,*,*,*,*,*,*,*,*,*,*,*,*,*,*
533854662,2,533854222,,2,1,1,*,*,*,*,*,*,*,*,*,*,*,*,*,*,*,*,*,*,*,*,*,*,*,*,*,*,*,*,*,*,2,2,*,*,*,*,*,*,*,*,*,*,*,*,*,*,*
533854664,2,533854222,,1,0,1,*,*,*,*,*,*,*,*,*,*,*,*,*,*,*,*,*,*,*,*,*,*,*,*,*,*,*,*,*,*,1,1,*,*,*,*,*,*,*,*,*,*,*,*,*,*,*
533855011,1,,533855012,53,23,30,1,1,0,53,23,30,16,8,8,52,23,29,52,23,29,37,15,22,24,10,14,10,4,6,1,0,1,0,0,0,26,26,9,15,3,1,1,0,0,19,17,2,0,25,0,7,9
533855012,2,533855011,,4,2,2,*,*,*,*,*,*,*,*,*,*,*,*,*,*,*,*,*,*,*,*,*,*,*,*,*,*,*,*,*,*,3,3,*,*,*,*,*,*,*,*,*,*,*,*,*,*,*
533855013,0,,,27,16,11,0,0,0,25,15,10,5,5,0,25,15,10,25,15,10,20,10,10,11,5,6,5,2,3,0,0,0,0,0,0,16,16,7,7,2,0,0,0,0,9,8,1,0,13,0,4,5
533855034,0,,,14,9,5,0,0,0,14,9,5,3,2,1,14,9,5,14,9,5,11,7,4,5,3,2,0,0,0,0,0,0,1,1,0,7,7,2,3,2,0,0,0,0,5,5,0,0,7,0,2,3
533855042,0,,,17,9,8,2,1,1,15,8,7,11,6,5,13,7,6,12,7,5,4,2,2,0,0,0,0,0,0,0,0,0,1,0,1,5,5,0,2,0,2,1,0,0,5,5,0,0,2,0,0,1
533855043,0,,,14,9,5,0,0,0,14,9,5,7,5,2,14,9,5,14,9,5,7,4,3,2,2,0,1,1,0,0,0,0,0,0,0,7,7,2,3,2,0,0,0,0,5,5,0,0,5,0,1,1
533855044,0,,,14,8,6,0,0,0,14,8,6,7,5,2,14,8,6,14,8,6,7,3,4,5,3,2,3,2,1,0,0,0,0,0,0,7,7,3,3,0,0,1,0,0,4,3,1,0,6,0,3,1
533855051,0,,,16,8,8,2,2,0,14,6,8,7,2,5,14,6,8,14,6,8,7,4,3,2,1,1,0,0,0,0,0,0,0,0,0,8,8,4,1,2,1,0,0,0,4,4,0,0,5,0,3,1
533855052,0,,,69,37,32,9,7,2,60,30,30,25,13,12,60,30,30,60,30,30,35,17,18,17,7,10,6,2,4,2,0,2,0,0,0,27,27,5,10,6,4,2,0,0,22,17,5,3,22,0,5,6
533855053,0,,,17,8,9,2,1,1,15,7,8,7,4,3,15,7,8,14,7,7,8,3,5,4,2,2,1,1,0,0,0,0,0,0,0,7,7,3,1,1,1,1,0,0,4,3,1,0,5,0,2,1
533855054,0,,,53,29,24,1,0,1,52,29,23,22,11,11,52,29,23,52,29,23,30,18,12,14,10,4,4,3,1,1,0,1,0,0,0,25,25,8,11,3,2,0,1,0,17,15,2,0,22,0,6,6
533855061,0,,,66,37,29,4,2,2,62,35,27,34,18,16,61,35,26,59,33,26,28,17,11,16,10,6,5,4,1,0,0,0,1,0,1,24,24,5,7,6,2,3,1,0,19,15,4,1,19,0,5,4
533855062,0,,,113,53,60,19,7,12,93,45,48,55,27,28,89,41,48,87,40,47,38,18,20,14,4,10,4,1,3,1,0,1,0,0,0,44,44,15,11,6,6,3,2,1,29,23,6,4,30,1,9,5
533855063,0,,,105,55,50,7,7,0,98,48,50,54,26,28,95,48,47,94,47,47,44,22,22,26,11,15,14,5,9,5,2,3,0,0,0,44,44,10,17,10,5,1,1,0,34,26,8,0,31,0,8,5
533855064,0,,,56,26,30,2,1,1,54,25,29,25,13,12,53,25,28,53,25,28,29,12,17,12,4,8,3,0,3,2,0,2,0,0,0,27,27,8,10,8,1,0,0,0,19,17,2,0,18,0,5,6
533855071,0,,,205,111,94,19,9,10,186,102,84,114,68,46,181,99,82,178,97,81,72,34,38,37,17,20,18,7,11,6,1,5,0,0,0,67,66,16,24,11,7,4,3,1,50,38,12,5,47,1,14,11
533855072,0,,,125,46,79,2,1,1,123,45,78,21,12,9,121,44,77,119,43,76,102,33,69,86,23,63,64,12,52,14,1,13,2,2,0,21,19,5,8,2,3,0,0,1,13,11,2,0,13,1,2,6
533855074,0,,,77,39,38,5,2,3,72,37,35,37,18,19,67,34,33,67,34,33,35,19,16,15,7,8,6,1,5,1,1,0,0,0,0,30,30,9,9,2,7,2,1,0,21,12,9,2,26,1,8,2
533855081,0,,,32,13,19,3,1,2,29,12,17,11,6,5,29,12,17,29,12,17,18,6,12,11,3,8,4,1,3,1,0,1,1,1,0,15,15,6,4,3,1,1,0,0,9,6,3,2,14,0,6,2
533855083,0,,,73,37,36,7,3,4,66,34,32,36,19,17,66,34,32,65,33,32,30,15,15,14,5,9,7,3,4,0,0,0,0,0,0,26,26,5,7,6,4,4,0,0,21,16,5,2,20,0,3,4
533855111,0,,,13,5,8,0,0,0,11,4,7,3,0,3,11,4,7,11,4,7,8,4,4,1,0,1,1,0,1,0,0,0,0,0,0,7,7,3,3,0,1,0,0,0,3,1,2,0,6,0,3,0
533855132,0,,,9,4,5,0,0,0,9,4,5,3,0,3,9,4,5,8,4,4,6,4,2,4,2,2,0,0,0,0,0,0,0,0,0,4,4,0,3,1,0,0,0,0,4,4,0,0,4,0,0,3
533855141,2,533855142,,2,1,1,*,*,*,*,*,*,*,*,*,*,*,*,*,*,*,*,*,*,*,*,*,*,*,*,*,*,*,*,*,*,1,1,*,*,*,*,*,*,*,*,*,*,*,*,*,*,*
533855142,1,,533855141,7,4,3,0,0,0,9,5,4,6,4,2,9,5,4,9,5,4,3,1,2,3,1,2,2,1,1,0,0,0,0,0,0,4,4,2,2,1,0,0,0,0,3,3,0,0,2,1,0,1
533855152,0,,,11,6,5,1,1,0,10,5,5,7,3,4,9,5,4,9,5,4,3,2,1,1,0,1,1,0,1,0,0,0,0,0,0,5,5,1,3,0,1,0,0,0,4,4,0,0,3,0,1,0
533855161,0,,,96,54,42,8,6,2,88,48,40,42,28,14,87,47,40,87,47,40,46,20,26,21,10,11,5,0,5,0,0,0,1,0,1,42,42,9,19,10,1,3,0,0,33,32,1,2,29,0,4,12
533855162,0,,,57,28,29,0,0,0,56,27,29,26,13,13,56,27,29,56,27,29,30,14,16,17,6,11,5,1,4,1,0,1,0,0,0,23,23,4,10,4,4,1,0,0,19,14,5,0,19,0,2,7
533855163,0,,,48,23,25,2,0,2,46,23,23,21,12,9,46,23,23,46,23,23,25,11,14,17,9,8,1,1,0,0,0,0,0,0,0,23,23,6,12,2,3,0,0,0,17,15,2,1,16,0,6,8
533855181,2,533855184,,4,2,2,*,*,*,*,*,*,*,*,*,*,*,*,*,*,*,*,*,*,*,*,*,*,*,*,*,*,*,*,*,*,2,2,*,*,*,*,*,*,*,*,*,*,*,*,*,*,*
533855182,2,533855184,,3,2,1,*,*,*,*,*,*,*,*,*,*,*,*,*,*,*,*,*,*,*,*,*,*,*,*,*,*,*,*,*,*,1,1,*,*,*,*,*,*,*,*,*,*,*,*,*,*,*
533855184,1,,533855181;533855182,46,23,23,0,0,0,51,26,25,28,15,13,50,25,25,50,25,25,23,11,12,17,8,9,9,3,6,1,0,1,0,0,0,16,16,2,8,4,3,1,1,0,16,10,6,0,14,0,2,5
533855193,2,533855291,,3,1,2,*,*,*,*,*,*,*,*,*,*,*,*,*,*,*,*,*,*,*,*,*,*,*,*,*,*,*,*,*,*,2,2,*,*,*,*,*,*,*,*,*,*,*,*,*,*,*
533855204,2,533855302,,5,3,2,*,*,*,*,*,*,*,*,*,*,*,*,*,*,*,*,*,*,*,*,*,*,*,*,*,*,*,*,*,*,1,1,*,*,*,*,*,*,*,*,*,*,*,*,*,*,*
533855252,1,,533855254,3,2,1,0,0,0,14,7,7,8,5,3,13,7,6,12,6,6,6,2,4,4,1,3,0,0,0,0,0,0,0,0,0,2,2,2,4,0,0,1,0,0,5,4,1,0,4,0,0,1
533855254,2,533855252,,12,6,6,*,*,*,*,*,*,*,*,*,*,*,*,*,*,*,*,*,*,*,*,*,*,*,*,*,*,*,*,*,*,5,5,*,*,*,*,*,*,*,*,*,*,*,*,*,*,*
533855261,0,,,117,61,56,6,5,1,111,56,55,56,27,29,108,54,54,103,51,52,55,29,26,33,17,16,12,6,6,1,1,0,0,0,0,51,51,16,16,8,10,1,0,0,35,31,4,2,37,0,13,11
533855263,1,,533855352,34,18,16,4,3,1,41,21,20,26,13,13,39,20,19,39,20,19,15,8,7,7,4,3,1,1,0,0,0,0,0,0,0,12,12,3,4,1,4,3,0,0,12,8,4,1,10,0,1,2
533855282,2,533855291,,7,5,2,*,*,*,*,*,*,*,*,*,*,*,*,*,*,*,*,*,*,*,*,*,*,*,*,*,*,*,*,*,*,4,4,*,*,*,*,*,*,*,*,*,*,*,*,*,*,*
533855291,1,,533855193;533855282,38,19,19,3,1,2,45,24,21,20,10,10,44,23,21,44,23,21,25,14,11,10,5,5,6,4,2,2,1,1,0,0,0,14,14,8,6,2,1,0,3,0,12,7,5,0,16,0,6,1
533855293,0,,,53,25,28,0,0,0,53,25,28,30,14,16,50,22,28,49,22,27,23,11,12,11,3,8,6,2,4,0,0,0,0,0,0,26,26,14,4,2,5,1,0,0,12,10,2,0,19,0,10,2
533855302,1,,533855204;533855602;533855721,33,16,17,3,3,0,45,22,23,23,14,9,44,22,22,43,21,22,22,8,14,14,6,8,4,1,3,0,0,0,0,0,0,14,14,3,6,6,0,3,0,0,15,10,5,1,14,0,1,6
533855352,2,533855263,,11,6,5,*,*,*,*,*,*,*,*,*,*,*,*,*,*,*,*,*,*,*,*,*,*,*,*,*,*,*,*,*,*,3,3,*,*,*,*,*,*,*,*,*,*,*,*,*,*,*
533855382,2,533855384,,4,2,2,*,*,*,*,*,*,*,*,*,*,*,*,*,*,*,*,*,*,*,*,*,*,*,*,*,*,*,*,*,*,1,1,*,*,*,*,*,*,*,*,*,*,*,*,*,*,*
533855384,1,,533855382,19,10,9,0,0,0,23,12,11,15,9,6,23,12,11,22,11,11,8,3,5,6,2,4,3,1,2,0,0,0,0,0,0,8,8,2,3,1,3,0,0,0,7,5,2,0,6,0,2,1
533855391,1,,533855393,33,19,14,4,3,1,31,17,14,18,10,8,30,16,14,30,16,14,13,7,6,5,4,1,1,1,0,0,0,0,0,0,0,12,12,2,6,2,1,1,1,0,11,9,2,1,8,0,1,3
533855393,2,533855391,,2,1,1,*,*,*,*,*,*,*,*,*,*,*,*,*,*,*,*,*,*,*,*,*,*,*,*,*,*,*,*,*,*,1,1,*,*,*,*,*,*,*,*,*,*,*,*,*,*,*
533855474,0,,,41,21,20,2,0,2,39,21,18,18,13,5,38,20,18,38,20,18,21,8,13,12,3,9,6,2,4,1,0,1,0,0,0,19,19,8,3,6,1,1,0,0,11,8,3,0,15,0,6,2
533855482,1,,533855484,14,5,9,5,2,3,14,5,9,10,4,6,14,5,9,14,5,9,4,1,3,2,0,2,1,0,1,1,0,1,0,0,0,5,5,0,2,2,1,1,0,0,6,4,2,2,2,0,0,0
533855483,0,,,25,14,11,2,2,0,23,12,11,9,5,4,23,12,11,23,12,11,14,7,7,10,4,6,3,1,2,0,0,0,0,0,0,13,13,5,5,2,1,0,0,0,8,7,1,0,11,0,4,2
533855484,2,533855482,,5,2,3,*,*,*,*,*,*,*,*,*,*,*,*,*,*,*,*,*,*,*,*,*,*,*,*,*,*,*,*,*,*,1,1,*,*,*,*,*,*,*,*,*,*,*,*,*,*,*
533855491,0,,,16,6,10,5,2,3,11,4,7,7,2,5,10,4,6,10,4,6,4,2,2,2,1,1,0,0,0,0,0,0,0,0,0,5,5,0,1,3,0,1,0,0,5,5,0,0,2,0,0,1
533855493,0,,,23,11,12,2,2,0,21,9,12,12,6,6,20,9,11,20,9,11,9,3,6,8,2,6,5,2,3,0,0,0,0,0,0,11,11,5,4,0,1,0,1,0,6,3,3,1,7,0,2,2
533855572,0,,,61,32,29,0,0,0,58,31,27,31,17,14,56,30,26,56,30,26,27,14,13,13,6,7,2,2,0,0,0,0,0,0,0,29,29,7,15,4,3,0,0,0,20,17,3,0,20,0,5,7
533855581,0,,,21,11,10,0,0,0,20,10,10,6,3,3,20,10,10,20,10,10,14,7,7,9,4,5,4,2,2,0,0,0,0,0,0,10,10,3,4,2,1,0,0,0,7,6,1,0,8,0,2,3
533855591,0,,,37,18,19,0,0,0,37,18,19,21,9,12,36,18,18,36,18,18,16,9,7,10,5,5,3,2,1,1,1,0,0,0,0,16,16,3,10,1,1,0,0,1,13,11,2,0,10,0,1,5
533855592,0,,,70,37,33,2,0,2,68,37,31,48,31,17,64,34,30,62,34,28,20,6,14,5,2,3,1,0,1,0,0,0,2,0,2,20,18,9,4,2,3,0,0,0,9,8,1,1,10,0,6,1
533855593,0,,,25,13,12,3,1,2,22,12,10,11,8,3,22,12,10,22,12,10,11,4,7,8,2,6,4,2,2,0,0,0,0,0,0,12,12,4,6,1,0,0,1,0,8,7,1,1,9,0,3,2
533855602,2,533855302,,3,2,1,*,*,*,*,*,*,*,*,*,*,*,*,*,*,*,*,*,*,*,*,*,*,*,*,*,*,*,*,*,*,1,1,*,*,*,*,*,*,*,*,*,*,*,*,*,*,*
533855692,0,,,34,17,17,4,2,2,30,15,15,11,4,7,30,15,15,30,15,15,19,11,8,7,3,4,5,1,4,0,0,0,0,0,0,15,15,5,3,6,0,1,0,0,10,8,2,0,13,0,5,1
533855694,1,,533855782;533855792,9,5,4,0,0,0,17,9,8,7,5,2,17,9,8,16,9,7,10,4,6,8,3,5,1,0,1,0,0,0,0,0,0,7,7,7,2,0,0,0,0,1,3,2,1,0,7,0,4,2
533855721,2,533855302,,7,4,3,*,*,*,*,*,*,*,*,*,*,*,*,*,*,*,*,*,*,*,*,*,*,*,*,*,*,*,*,*,*,2,2,*,*,*,*,*,*,*,*,*,*,*,*,*,*,*
533855782,2,533855694,,8,5,3,*,*,*,*,*,*,*,*,*,*,*,*,*,*,*,*,*,*,*,*,*,*,*,*,*,*,*,*,*,*,2,2,*,*,*,*,*,*,*,*,*,*,*,*,*,*,*
533855792,2,533855694,,1,0,1,*,*,*,*,*,*,*,*,*,*,*,*,*,*,*,*,*,*,*,*,*,*,*,*,*,*,*,*,*,*,1,1,*,*,*,*,*,*,*,*,*,*,*,*,*,*,*
533856002,0,,,62,27,35,4,2,2,58,25,33,24,11,13,58,25,33,57,25,32,34,14,20,9,2,7,5,0,5,1,0,1,0,0,0,24,24,2,12,5,4,1,0,0,21,16,5,1,20,0,2,6
533856004,1,,533856341,12,6,6,2,1,1,12,5,7,7,3,4,12,5,7,12,5,7,5,2,3,1,1,0,0,0,0,0,0,0,0,0,0,4,4,2,1,2,1,0,0,0,4,4,0,0,3,0,1,0
533856341,2,533856004,,2,0,2,*,*,*,*,*,*,*,*,*,*,*,*,*,*,*,*,*,*,*,*,*,*,*,*,*,*,*,*,*,*,2,2,*,*,*,*,*,*,*,*,*,*,*,*,*,*,*
533856542,2,533856703,,2,1,1,*,*,*,*,*,*,*,*,*,*,*,*,*,*,*,*,*,*,*,*,*,*,*,*,*,*,*,*,*,*,2,2,*,*,*,*,*,*,*,*,*,*,*,*,*,*,*
533856652,2,533856663,,6,3,3,*,*,*,*,*,*,*,*,*,*,*,*,*,*,*,*,*,*,*,*,*,*,*,*,*,*,*,*,*,*,4,4,*,*,*,*,*,*,*,*,*,*,*,*,*,*,*
533856663,1,,533856652;533856664;533856673;533856964,4,3,1,0,0,0,14,8,6,5,4,1,14,8,6,14,8,6,9,4,5,7,3,4,2,1,1,0,0,0,0,0,0,2,2,5,3,1,0,0,0,0,4,4,0,0,6,1,2,2
533856664,2,533856663,,1,0,1,*,*,*,*,*,*,*,*,*,*,*,*,*,*,*,*,*,*,*,*,*,*,*,*,*,*,*,*,*,*,1,1,*,*,*,*,*,*,*,*,*,*,*,*,*,*,*
533856673,2,533856663,,2,2,0,*,*,*,*,*,*,*,*,*,*,*,*,*,*,*,*,*,*,*,*,*,*,*,*,*,*,*,*,*,*,1,1,*,*,*,*,*,*,*,*,*,*,*,*,*,*,*
533856701,0,,,28,13,15,0,0,0,28,13,15,15,6,9,28,13,15,28,13,15,13,7,6,9,5,4,3,2,1,0,0,0,0,0,0,13,13,4,5,2,2,0,0,0,9,6,3,0,8,1,1,3
533856703,1,,533856542;533856704,33,19,14,1,0,1,41,24,17,22,14,8,39,22,17,38,21,17,19,10,9,12,4,8,6,3,3,2,1,1,0,0,0,14,14,7,4,3,2,2,0,0,11,8,3,0,14,0,6,2
533856704,2,533856703,,7,4,3,*,*,*,*,*,*,*,*,*,*,*,*,*,*,*,*,*,*,*,*,*,*,*,*,*,*,*,*,*,*,2,2,*,*,*,*,*,*,*,*,*,*,*,*,*,*,*
533856801,2,533856804,,10,2,8,*,*,*,*,*,*,*,*,*,*,*,*,*,*,*,*,*,*,*,*,*,*,*,*,*,*,*,*,*,*,6,6,*,*,*,*,*,*,*,*,*,*,*,*,*,*,*
533856804,1,,533856801,7,4,3,0,0,0,17,6,11,7,3,4,16,6,10,16,6,10,10,3,7,6,1,5,6,1,5,1,0,1,0,0,0,5,5,6,4,1,0,0,0,0,5,5,0,0,9,0,5,1
533856964,2,533856663,,1,0,1,*,*,*,*,*,*,*,*,*,*,*,*,*,*,*,*,*,*,*,*,*,*,*,*,*,*,*,*,*,*,1,1,*,*,*,*,*,*,*,*,*,*,*,*,*,*,*
533857054,0,,,79,39,40,10,4,6,69,35,34,38,21,17,69,35,34,69,35,34,31,14,17,16,6,10,5,2,3,0,0,0,1,0,1,41,41,18,14,4,4,1,0,0,23,22,1,2,22,5,10,8
533857061,0,,,47,26,21,14,8,6,33,18,15,28,16,12,31,17,14,31,17,14,5,2,3,3,1,2,1,0,1,0,0,0,0,0,0,24,24,15,2,3,1,3,0,0,8,7,1,1,2,5,0,0
533857062,0,,,18,9,9,1,0,1,17,9,8,7,4,3,17,9,8,17,9,8,10,5,5,4,2,2,1,1,0,0,0,0,0,0,0,8,8,1,5,1,1,0,0,0,7,6,1,1,6,0,1,3
533857063,0,,,57,29,28,7,5,2,50,24,26,27,13,14,50,24,26,50,24,26,23,11,12,9,2,7,4,1,3,0,0,0,0,0,0,26,26,10,7,4,4,1,0,0,15,11,4,3,16,0,6,3
533857071,0,,,10,6,4,0,0,0,10,6,4,6,3,3,9,5,4,9,5,4,4,3,1,2,2,0,1,1,0,0,0,0,0,0,0,6,6,2,4,0,0,0,0,0,4,4,0,0,3,1,1,2
533857141,0,,,56,27,29,4,1,3,52,26,26,19,13,6,50,25,25,49,24,25,33,13,20,16,5,11,3,1,2,1,1,0,3,3,0,26,26,12,8,2,1,1,1,1,14,9,5,0,22,3,8,8
533857142,0,,,58,30,28,3,1,2,55,29,26,20,10,10,55,29,26,55,29,26,35,19,16,16,7,9,11,4,7,1,1,0,2,1,1,27,27,8,13,1,4,1,0,0,19,15,4,1,23,0,7,10
533857151,1,,533857152,148,70,78,23,13,10,131,60,71,73,32,41,124,57,67,124,57,67,58,28,30,33,15,18,12,4,8,2,1,1,1,1,0,71,71,31,23,10,6,1,3,0,42,36,6,4,38,10,13,15
533857152,2,533857151,,6,3,3,*,*,*,*,*,*,*,*,*,*,*,*,*,*,*,*,*,*,*,*,*,*,*,*,*,*,*,*,*,*,3,3,*,*,*,*,*,*,*,*,*,*,*,*,*,*,*
533857171,0,,,14,7,7,2,1,1,12,6,6,5,3,2,12,6,6,12,6,6,7,3,4,4,2,2,0,0,0,0,0,0,0,0,0,7,7,3,2,1,1,0,0,0,4,3,1,0,5,0,2,2
533857172,0,,,53,27,26,3,1,2,50,26,24,28,13,15,50,26,24,50,26,24,22,13,9,15,9,6,9,6,3,1,1,0,1,0,1,26,26,7,14,2,3,0,0,0,19,16,3,2,16,0,6,3
533857182,1,,533857183,24,12,12,0,0,0,26,14,12,15,9,6,24,12,12,24,12,12,11,5,6,4,0,4,3,0,3,0,0,0,0,0,0,10,10,6,3,1,1,0,0,1,5,3,2,0,9,0,5,0
533857183,2,533857182,,2,2,0,*,*,*,*,*,*,*,*,*,*,*,*,*,*,*,*,*,*,*,*,*,*,*,*,*,*,*,*,*,*,2,2,*,*,*,*,*,*,*,*,*,*,*,*,*,*,*
533857294,2,533857391,,5,2,3,*,*,*,*,*,*,*,*,*,*,*,*,*,*,*,*,*,*,*,*,*,*,*,*,*,*,*,*,*,*,3,3,*,*,*,*,*,*,*,*,*,*,*,*,*,*,*
533857382,2,533857384,,3,2,1,*,*,*,*,*,*,*,*,*,*,*,*,*,*,*,*,*,*,*,*,*,*,*,*,*,*,*,*,*,*,2,2,*,*,*,*,*,*,*,*,*,*,*,*,*,*,*
533857383,1,,533857464,12,6,6,0,0,0,14,7,7,7,4,3,14,7,7,14,7,7,7,3,4,2,1,1,0,0,0,0,0,0,0,0,0,5,5,1,2,3,0,0,0,0,5,5,0,0,5,0,1,2
533857384,1,,533857382,24,12,12,0,0,0,27,14,13,11,7,4,27,14,13,27,14,13,16,7,9,14,6,8,6,4,2,0,0,0,0,0,0,15,15,7,10,0,0,0,0,0,10,10,0,0,11,0,4,5
533857391,1,,533857294;533857392,11,6,5,1,1,0,18,10,8,5,3,2,18,10,8,18,10,8,13,7,6,6,3,3,2,0,2,0,0,0,0,0,0,6,6,4,6,1,0,0,0,0,7,6,1,1,9,1,3,4
533857392,2,533857391,,3,3,0,*,*,*,*,*,*,*,*,*,*,*,*,*,*,*,*,*,*,*,*,*,*,*,*,*,*,*,*,*,*,2,2,*,*,*,*,*,*,*,*,*,*,*,*,*,*,*
533857432,0,,,13,6,7,0,0,0,13,6,7,8,5,3,13,6,7,13,6,7,5,1,4,4,1,3,3,1,2,0,0,0,0,0,0,6,6,3,1,1,0,1,0,0,3,1,2,0,5,0,3,0
533857433,0,,,62,32,30,10,6,4,52,26,26,31,16,15,52,26,26,52,26,26,21,10,11,13,6,7,4,2,2,0,0,0,0,0,0,31,31,14,11,2,2,1,0,1,17,16,1,3,18,3,8,4
533857434,0,,,187,97,90,14,9,5,173,88,85,73,39,34,170,86,84,170,86,84,100,49,51,61,24,37,30,12,18,1,1,0,0,0,0,106,106,51,36,13,5,1,0,0,55,50,5,0,75,4,35,19
533857441,0,,,32,13,19,4,1,3,28,12,16,13,6,7,28,12,16,28,12,16,15,6,9,13,5,8,5,3,2,0,0,0,0,0,0,13,13,3,4,3,3,0,0,0,10,9,1,2,9,0,2,3
533857443,0,,,28,13,15,4,2,2,24,11,13,10,5,5,24,11,13,24,11,13,14,6,8,7,3,4,2,1,1,1,0,1,0,0,0,12,12,1,8,2,0,1,0,0,11,10,1,1,7,0,1,5
533857453,1,,533857454,42,21,21,1,0,1,42,21,21,22,13,9,39,20,19,38,19,19,20,8,12,11,5,6,2,1,1,0,0,0,0,0,0,19,19,8,6,3,1,2,0,0,12,8,4,0,16,0,5,3
533857454,2,533857453,,1,0,1,*,*,*,*,*,*,*,*,*,*,*,*,*,*,*,*,*,*,*,*,*,*,*,*,*,*,*,*,*,*,1,1,*,*,*,*,*,*,*,*,*,*,*,*,*,*,*
533857464,2,533857383,,2,1,1,*,*,*,*,*,*,*,*,*,*,*,*,*,*,*,*,*,*,*,*,*,*,*,*,*,*,*,*,*,*,1,1,*,*,*,*,*,*,*,*,*,*,*,*,*,*,*
533857522,2,533857531,,8,5,3,*,*,*,*,*,*,*,*,*,*,*,*,*,*,*,*,*,*,*,*,*,*,*,*,*,*,*,*,*,*,4,4,*,*,*,*,*,*,*,*,*,*,*,*,*,*,*
533857531,1,,533857522;533857532,101,54,47,6,2,4,109,62,47,74,43,31,108,62,46,108,62,46,35,19,16,11,5,6,5,1,4,0,0,0,1,0,1,59,59,38,19,7,2,2,0,0,30,27,3,3,25,11,6,9
533857532,2,533857531,,6,5,1,*,*,*,*,*,*,*,*,*,*,*,*,*,*,*,*,*,*,*,*,*,*,*,*,*,*,*,*,*,*,5,5,*,*,*,*,*,*,*,*,*,*,*,*,*,*,*
533857572,2,533857593,,5,3,2,*,*,*,*,*,*,*,*,*,*,*,*,*,*,*,*,*,*,*,*,*,*,*,*,*,*,*,*,*,*,2,2,*,*,*,*,*,*,*,*,*,*,*,*,*,*,*
533857592,1,,533857594,13,8,5,2,2,0,12,7,5,4,3,1,12,7,5,12,7,5,8,4,4,6,3,3,1,0,1,0,0,0,0,0,0,6,6,3,2,1,1,0,0,0,4,3,1,0,5,0,2,2
533857593,1,,533857572;533857692,6,2,4,0,0,0,17,7,10,9,5,4,16,6,10,16,6,10,8,2,6,6,2,4,4,1,3,1,0,1,0,0,0,3,3,1,3,2,1,0,0,0,6,5,1,0,6,0,1,1
533857594,2,533857592,,1,1,0,*,*,*,*,*,*,*,*,*,*,*,*,*,*,*,*,*,*,*,*,*,*,*,*,*,*,*,*,*,*,1,1,*,*,*,*,*,*,*,*,*,*,*,*,*,*,*
533857692,2,533857593,,6,2,4,*,*,*,*,*,*,*,*,*,*,*,*,*,*,*,*,*,*,*,*,*,*,*,*,*,*,*,*,*,*,2,2,*,*,*,*,*,*,*,*,*,*,*,*,*,*,*
533860001,0,,,223,114,109,26,15,11,193,97,96,120,63,57,182,93,89,180,92,88,73,34,39,33,15,18,9,5,4,2,2,0,6,3,3,79,79,16,19,23,12,4,4,1,61,44,17,5,42,1,3,11
533860002,0,,,237,113,124,24,15,9,213,98,115,78,42,36,209,96,113,209,96,113,135,56,79,110,45,65,81,31,50,21,7,14,0,0,0,51,49,4,15,10,12,4,4,0,45,32,13,4,33,0,3,8
533860003,0,,,451,208,243,91,37,54,360,171,189,262,127,135,338,163,175,333,160,173,98,44,54,51,24,27,12,5,7,0,0,0,9,3,6,166,166,25,57,44,26,9,4,1,141,127,14,25,66,3,11,22
533860004,0,,,327,163,164,33,19,14,294,144,150,182,92,90,281,136,145,278,133,145,112,52,60,58,25,33,12,7,5,1,0,1,3,2,1,123,123,17,49,32,15,7,0,3,106,88,18,11,70,1,9,23
533860011,0,,,124,61,63,18,9,9,105,51,54,65,33,32,104,50,54,101,48,53,40,18,22,20,8,12,5,0,5,2,0,2,0,0,0,39,39,4,12,8,6,7,1,1,35,24,11,7,23,0,1,7
533860012,0,,,92,44,48,12,5,7,80,39,41,48,26,22,78,39,39,76,37,39,32,13,19,21,8,13,8,4,4,1,0,1,2,0,2,33,33,5,9,11,4,4,0,0,28,23,5,2,21,0,3,6
533860013,0,,,400,210,190,38,21,17,362,189,173,209,119,90,351,180,171,345,175,170,153,70,83,86,39,47,23,10,13,0,0,0,4,1,3,152,152,31,47,38,26,7,0,3,121,100,21,5,103,0,23,24
533860014,0,,,392,178,214,66,24,42,326,154,172,208,106,102,311,145,166,307,144,163,118,48,70,64,26,38,30,10,20,2,1,1,4,3,1,140,140,32,37,30,22,9,7,3,108,81,27,14,77,2,15,15
533860021,2,533860023,,6,3,3,*,*,*,*,*,*,*,*,*,*,*,*,*,*,*,*,*,*,*,*,*,*,*,*,*,*,*,*,*,*,2,2,*,*,*,*,*,*,*,*,*,*,*,*,*,*,*
533860023,1,,533860021,259,122,137,33,13,20,232,112,120,142,68,74,222,106,116,216,102,114,90,44,46,52,25,27,12,5,7,1,0,1,1,0,1,87,87,12,31,12,25,3,3,3,77,59,18,8,55,0,5,17
533860024,0,,,183,97,86,14,7,7,169,90,79,96,56,40,166,88,78,166,88,78,73,34,39,36,15,21,17,6,11,3,1,2,0,0,0,67,67,12,21,17,10,5,1,1,55,37,18,1,47,0,7,11
533860032,0,,,357,176,181,83,37,46,262,134,128,200,105,95,250,124,126,245,123,122,62,29,33,26,11,15,9,2,7,3,0,3,2,1,1,117,117,19,31,20,28,11,7,1,96,87,9,20,40,0,7,12
533860033,0,,,159,77,82,12,5,7,147,72,75,65,34,31,142,69,73,141,68,73,82,38,44,41,18,23,17,4,13,1,0,1,0,0,0,66,66,16,24,13,9,4,0,0,49,36,13,5,49,0,12,17
533860034,1,,533860131,162,81,81,20,11,9,145,71,74,84,41,43,138,68,70,137,68,69,61,30,31,22,11,11,5,2,3,0,0,0,1,0,1,57,57,10,19,9,13,4,3,0,47,42,5,3,35,0,6,15
533860041,0,,,379,189,190,42,22,20,337,167,170,190,104,86,321,161,160,315,156,159,147,63,84,69,29,40,22,9,13,2,1,1,3,0,3,132,132,24,42,29,17,7,10,3,107,76,31,10,91,3,14,25
533860042,0,,,412,190,222,39,19,20,373,171,202,178,85,93,364,165,199,362,163,199,195,86,109,116,51,65,45,18,27,3,1,2,1,0,1,172,172,45,70,24,17,11,3,2,126,99,27,6,127,1,31,46
533860043,0,,,160,77,83,6,4,2,154,73,81,85,42,43,150,70,80,149,69,80,69,31,38,42,17,25,22,7,15,1,0,1,3,0,3,69,69,21,21,15,8,4,0,0,47,36,11,1,49,3,14,7
533860044,0,,,178,89,89,14,9,5,164,80,84,79,40,39,158,77,81,157,77,80,85,40,45,46,23,23,13,6,7,0,0,0,2,0,2,77,77,22,31,10,7,6,1,0,54,43,11,5,52,3,11,21
533860051,0,,,65,32,33,4,2,2,61,30,31,22,11,11,60,30,30,60,30,30,39,19,20,26,12,14,14,7,7,2,2,0,1,1,0,28,28,3,19,3,1,1,1,0,25,21,4,1,24,0,2,13
533860052,0,,,28,16,12,4,4,0,24,12,12,8,3,5,24,12,12,24,12,12,16,9,7,8,4,4,2,1,1,1,1,0,0,0,0,11,11,3,4,1,2,0,1,0,8,5,3,1,10,0,3,4
533860053,0,,,65,29,36,8,3,5,57,26,31,37,19,18,54,24,30,53,24,29,20,7,13,10,3,7,2,1,1,1,0,1,0,0,0,24,24,5,8,3,5,3,0,0,19,16,3,3,14,0,3,6
533860054,0,,,20,9,11,3,0,3,17,9,8,11,5,6,17,9,8,17,9,8,6,4,2,5,4,1,4,3,1,0,0,0,0,0,0,9,9,3,4,1,0,0,1,0,6,5,1,0,5,0,3,1
533860073,0,,,30,14,16,8,2,6,22,12,10,9,5,4,22,12,10,22,12,10,13,7,6,11,5,6,5,2,3,0,0,0,0,0,0,15,15,7,4,2,1,1,0,0,8,8,0,1,10,0,7,3
533860074,0,,,20,9,11,2,1,1,18,8,10,10,5,5,18,8,10,18,8,10,8,3,5,5,1,4,3,1,2,0,0,0,0,0,0,10,10,4,2,4,0,0,0,0,6,6,0,0,6,0,3,0
533860084,2,533860183,,6,4,2,*,*,*,*,*,*,*,*,*,*,*,*,*,*,*,*,*,*,*,*,*,*,*,*,*,*,*,*,*,*,3,3,*,*,*,*,*,*,*,*,*,*,*,*,*,*,*
533860093,2,533860183,,5,2,3,*,*,*,*,*,*,*,*,*,*,*,*,*,*,*,*,*,*,*,*,*,*,*,*,*,*,*,*,*,*,2,2,*,*,*,*,*,*,*,*,*,*,*,*,*,*,*
533860101,0,,,74,36,38,15,8,7,59,28,31,42,19,23,56,28,28,55,28,27,17,9,8,9,4,5,6,2,4,0,0,0,7,4,3,27,27,5,10,4,4,3,1,0,21,17,4,2,12,0,1,6
533860102,0,,,452,195,257,25,13,12,427,182,245,170,89,81,415,173,242,409,170,239,257,93,164,196,65,131,123,34,89,26,1,25,9,4,5,104,102,22,27,16,18,14,3,2,80,50,30,6,68,3,14,17
533860104,0,,,135,70,65,16,10,6,119,60,59,83,43,40,117,60,57,116,60,56,36,17,19,16,8,8,5,2,3,0,0,0,0,0,0,49,49,10,16,10,7,2,3,1,39,31,8,5,26,1,4,3
533860111,0,,,154,84,70,14,9,5,140,75,65,90,53,37,134,70,64,132,68,64,50,22,28,35,14,21,10,6,4,0,0,0,1,0,1,62,62,14,20,16,9,2,1,0,48,44,4,3,33,0,7,9
533860112,0,,,66,34,32,9,6,3,57,28,29,36,17,19,55,26,29,55,26,29,21,11,10,13,6,7,5,4,1,0,0,0,0,0,0,23,23,4,8,2,7,0,2,0,19,16,3,2,15,0,4,5
533860113,0,,,27,10,17,4,1,3,23,9,14,17,7,10,22,9,13,22,9,13,6,2,4,5,2,3,1,0,1,0,0,0,0,0,0,9,9,0,2,5,2,0,0,0,9,7,2,0,4,0,0,1
533860121,0,,,75,38,37,10,6,4,65,32,33,38,24,14,64,32,32,64,32,32,27,8,19,20,5,15,9,4,5,1,0,1,2,2,0,30,30,9,9,5,3,3,1,0,20,11,9,2,20,2,4,2
533860122,0,,,60,30,30,4,1,3,56,29,27,26,13,13,54,27,27,54,27,27,30,16,14,19,10,9,4,2,2,0,0,0,0,0,0,23,23,5,8,6,1,1,2,0,18,13,5,0,19,0,4,7
533860123,1,,533860124,117,54,63,7,5,2,118,52,66,65,30,35,116,52,64,115,52,63,53,22,31,33,14,19,13,7,6,1,0,1,0,0,0,42,42,8,13,11,9,2,2,0,37,26,11,0,35,0,8,9
533860124,2,533860123,,8,3,5,*,*,*,*,*,*,*,*,*,*,*,*,*,*,*,*,*,*,*,*,*,*,*,*,*,*,*,*,*,*,3,3,*,*,*,*,*,*,*,*,*,*,*,*,*,*,*
533860131,2,533860034,,3,1,2,*,*,*,*,*,*,*,*,*,*,*,*,*,*,*,*,*,*,*,*,*,*,*,*,*,*,*,*,*,*,1,1,*,*,*,*,*,*,*,*,*,*,*,*,*,*,*
533860152,2,533860154,,7,5,2,*,*,*,*,*,*,*,*,*,*,*,*,*,*,*,*,*,*,*,*,*,*,*,*,*,*,*,*,*,*,3,3,*,*,*,*,*,*,*,*,*,*,*,*,*,*,*
533860154,1,,533860152,94,41,53,2,0,2,99,46,53,38,20,18,96,45,51,96,45,51,61,26,35,42,15,27,21,7,14,2,0,2,2,1,1,40,40,12,16,8,4,1,2,0,31,23,8,0,40,0,11,6
533860163,0,,,12,6,6,0,0,0,12,6,6,5,2,3,12,6,6,12,6,6,7,4,3,4,2,2,0,0,0,0,0,0,0,0,0,5,5,0,4,0,1,0,0,0,5,4,1,0,4,0,0,2
533860171,2,533860172,,4,2,2,*,*,*,*,*,*,*,*,*,*,*,*,*,*,*,*,*,*,*,*,*,*,*,*,*,*,*,*,*,*,3,3,*,*,*,*,*,*,*,*,*,*,*,*,*,*,*
533860172,1,,533860171;533860174,42,17,25,6,2,4,47,23,24,29,13,16,44,22,22,41,22,19,18,10,8,11,6,5,5,1,4,0,0,0,0,0,0,15,15,9,3,2,3,4,0,0,11,6,5,3,13,0,5,1
533860174,2,533860172,,7,6,1,*,*,*,*,*,*,*,*,*,*,*,*,*,*,*,*,*,*,*,*,*,*,*,*,*,*,*,*,*,*,3,3,*,*,*,*,*,*,*,*,*,*,*,*,*,*,*
533860183,1,,533860084;533860093,57,29,28,15,6,9,53,29,24,32,17,15,53,29,24,53,29,24,21,12,9,11,4,7,6,0,6,0,0,0,0,0,0,25,25,11,7,6,5,1,0,0,18,17,1,6,15,0,6,2
533860201,1,,533860203,103,52,51,23,13,10,86,43,43,69,35,34,77,39,38,76,38,38,17,8,9,11,5,6,1,1,0,0,0,0,11,7,4,29,29,5,5,5,8,2,5,1,26,19,7,4,11,0,2,0
533860202,0,,,177,81,96,34,13,21,143,68,75,101,46,55,139,66,73,139,66,73,42,22,20,15,7,8,6,2,4,0,0,0,0,0,0,61,61,12,16,14,10,4,4,1,49,38,11,6,30,0,7,3
533860203,2,533860201,,6,4,2,*,*,*,*,*,*,*,*,*,*,*,*,*,*,*,*,*,*,*,*,*,*,*,*,*,*,*,*,*,*,2,2,*,*,*,*,*,*,*,*,*,*,*,*,*,*,*
533860211,0,,,34,15,19,4,2,2,30,13,17,17,8,9,27,12,15,26,12,14,13,5,8,6,2,4,2,1,1,0,0,0,0,0,0,10,10,1,2,3,2,1,0,1,9,7,2,0,8,0,1,1
533860212,0,,,37,21,16,4,1,3,33,20,13,19,13,6,32,20,12,30,18,12,14,7,7,6,3,3,0,0,0,0,0,0,0,0,0,13,13,1,3,7,1,1,0,0,12,10,2,0,8,0,0,1
533860213,0,,,24,13,11,3,1,2,21,12,9,19,11,8,19,11,8,17,9,8,2,1,1,2,1,1,0,0,0,0,0,0,3,2,1,8,8,1,2,2,2,1,0,0,6,5,1,0,2,0,1,0
533860214,0,,,111,56,55,6,4,2,105,52,53,48,28,20,104,51,53,103,50,53,57,24,33,25,9,16,9,3,6,2,1,1,0,0,0,43,43,10,17,7,3,3,2,1,32,22,10,1,36,0,8,9
533860221,1,,533860222;533860224,71,39,32,12,8,4,67,36,31,43,23,20,63,34,29,63,34,29,24,13,11,15,8,7,6,3,3,0,0,0,0,0,0,23,23,4,5,7,4,3,1,1,21,16,5,2,15,0,2,2
533860222,2,533860221,,7,4,3,*,*,*,*,*,*,*,*,*,*,*,*,*,*,*,*,*,*,*,*,*,*,*,*,*,*,*,*,*,*,1,1,*,*,*,*,*,*,*,*,*,*,*,*,*,*,*
533860223,0,,,54,30,24,8,6,2,46,24,22,25,16,9,44,22,22,44,22,22,21,8,13,13,5,8,4,1,3,0,0,0,0,0,0,19,19,3,7,5,0,3,0,1,16,12,4,2,12,0,0,4
533860224,2,533860221,,1,1,0,*,*,*,*,*,*,*,*,*,*,*,*,*,*,*,*,*,*,*,*,*,*,*,*,*,*,*,*,*,*,1,1,*,*,*,*,*,*,*,*,*,*,*,*,*,*,*
533860263,2,533860264,,8,5,3,*,*,*,*,*,*,*,*,*,*,*,*,*,*,*,*,*,*,*,*,*,*,*,*,*,*,*,*,*,*,3,3,*,*,*,*,*,*,*,*,*,*,*,*,*,*,*
533860264,1,,533860263,43,22,21,5,3,2,46,24,22,25,12,13,45,24,21,45,24,21,21,12,9,15,8,7,5,2,3,1,0,1,0,0,0,20,20,10,5,4,1,3,0,0,13,11,2,2,15,0,6,3
533860274,1,,533860283;533860382,28,13,15,14,9,5,27,11,16,14,7,7,26,11,15,25,10,15,13,4,9,12,4,8,8,2,6,0,0,0,0,0,0,11,11,9,3,1,1,2,0,1,7,6,1,3,9,0,5,2
533860283,2,533860274,,8,4,4,*,*,*,*,*,*,*,*,*,*,*,*,*,*,*,*,*,*,*,*,*,*,*,*,*,*,*,*,*,*,5,4,*,*,*,*,*,*,*,*,*,*,*,*,*,*,*
533860301,0,,,24,9,15,0,0,0,24,9,15,15,6,9,24,9,15,23,9,14,9,3,6,8,3,5,3,0,3,0,0,0,1,0,1,9,9,4,0,2,1,2,0,0,5,2,3,0,7,1,3,0
533860302,0,,,45,21,24,8,3,5,37,18,19,26,11,15,37,18,19,37,18,19,11,7,4,6,3,3,1,0,1,0,0,0,0,0,0,17,17,4,5,3,3,2,0,0,13,12,1,3,8,0,4,2
533860304,0,,,112,57,55,32,16,16,80,41,39,55,29,26,77,39,38,76,38,38,25,12,13,9,4,5,5,2,3,0,0,0,1,0,1,35,35,4,10,6,8,5,1,1,31,28,3,6,16,0,4,4
533860311,0,,,145,66,79,17,8,9,128,58,70,78,38,40,119,55,64,118,55,63,50,20,30,29,11,18,15,3,12,1,0,1,0,0,0,55,54,12,17,12,11,2,0,0,42,39,3,1,26,0,6,8
533860312,0,,,201,99,102,18,11,7,183,88,95,105,59,46,175,83,92,172,82,90,78,29,49,57,21,36,17,5,12,1,0,1,0,0,0,71,71,14,21,15,12,4,3,2,56,36,20,2,51,0,9,13
533860313,0,,,186,88,98,25,14,11,161,74,87,99,47,52,156,73,83,151,69,82,62,27,35,34,14,20,9,3,6,1,0,1,3,1,2,63,63,9,18,17,10,6,1,2,53,40,13,5,40,0,9,10
533860314,0,,,119,58,61,11,5,6,108,53,55,56,29,27,101,51,50,100,50,50,52,24,28,32,14,18,13,6,7,1,0,1,0,0,0,41,41,6,16,7,5,3,3,1,35,25,10,2,33,0,5,8
533860321,0,,,23,15,8,2,1,1,21,14,7,13,9,4,17,10,7,17,10,7,8,5,3,2,1,1,1,1,0,0,0,0,1,0,1,9,9,2,3,2,1,1,0,0,7,7,0,0,6,0,2,1
533860323,1,,533860324,37,19,18,3,1,2,43,22,21,23,14,9,41,20,21,41,20,21,20,8,12,16,6,10,3,1,2,0,0,0,0,0,0,15,15,4,5,3,2,3,0,0,12,7,5,1,13,0,3,2
533860324,2,533860323,,9,4,5,*,*,*,*,*,*,*,*,*,*,*,*,*,*,*,*,*,*,*,*,*,*,*,*,*,*,*,*,*,*,2,2,*,*,*,*,*,*,*,*,*,*,*,*,*,*,*
533860362,0,,,48,26,22,4,2,2,44,24,20,25,14,11,43,24,19,43,24,19,19,10,9,13,7,6,4,3,1,0,0,0,0,0,0,18,18,4,5,4,3,2,0,0,14,11,3,3,12,0,2,3
533860364,0,,,43,20,23,7,2,5,36,18,18,21,10,11,35,17,18,34,17,17,15,8,7,5,1,4,4,1,3,0,0,0,0,0,0,14,14,1,6,2,3,1,0,1,13,10,3,2,11,0,0,2
533860371,0,,,25,15,10,0,0,0,25,15,10,14,9,5,23,14,9,23,14,9,11,6,5,6,3,3,2,1,1,0,0,0,1,0,1,7,7,0,2,1,3,0,1,0,7,5,2,0,6,0,0,2
533860373,0,,,37,17,20,2,1,1,35,16,19,15,9,6,35,16,19,35,16,19,20,7,13,12,4,8,6,2,4,0,0,0,0,0,0,19,19,10,5,1,1,2,0,0,9,6,3,1,15,0,6,4
533860382,2,533860274,,5,3,2,*,*,*,*,*,*,*,*,*,*,*,*,*,*,*,*,*,*,*,*,*,*,*,*,*,*,*,*,*,*,2,2,*,*,*,*,*,*,*,*,*,*,*,*,*,*,*
533860391,1,,533860393;533860394;533860492,4,2,2,0,0,0,10,5,5,3,2,1,10,5,5,10,5,5,7,3,4,3,1,2,1,0,1,0,0,0,0,0,0,3,3,4,3,0,0,0,0,0,2,2,0,0,5,0,3,2
533860393,2,533860391,,3,2,1,*,*,*,*,*,*,*,*,*,*,*,*,*,*,*,*,*,*,*,*,*,*,*,*,*,*,*,*,*,*,2,2,*,*,*,*,*,*,*,*,*,*,*,*,*,*,*
533860394,2,533860391,,2,1,1,*,*,*,*,*,*,*,*,*,*,*,*,*,*,*,*,*,*,*,*,*,*,*,*,*,*,*,*,*,*,1,1,*,*,*,*,*,*,*,*,*,*,*,*,*,*,*
533860401,0,,,9,5,4,1,1,0,8,4,4,3,2,1,8,4,4,8,4,4,5,2,3,3,2,1,0,0,0,0,0,0,0,0,0,5,5,2,2,1,0,0,0,0,3,3,0,1,4,0,2,1
533860402,0,,,118,53,65,9,3,6,109,50,59,63,30,33,106,49,57,104,48,56,46,20,26,27,12,15,8,3,5,1,1,0,1,0,1,43,43,7,14,11,7,2,2,0,36,23,13,2,31,0,3,8
533860403,0,,,61,29,32,5,4,1,56,25,31,28,13,15,55,25,30,54,25,29,28,12,16,15,5,10,7,2,5,0,0,0,0,0,0,22,22,2,9,7,1,2,1,0,20,15,5,1,16,0,2,5
533860404,0,,,61,32,29,6,3,3,55,29,26,32,18,14,52,26,26,52,26,26,23,11,12,11,5,6,3,2,1,0,0,0,1,0,1,21,21,4,7,2,5,2,0,1,17,11,6,1,14,0,4,3
533860411,0,,,80,39,41,12,8,4,68,31,37,43,22,21,63,29,34,62,28,34,25,9,16,15,4,11,9,2,7,2,1,1,2,0,2,28,28,6,8,4,6,3,0,1,22,16,6,4,15,2,2,4
533860412,0,,,32,17,15,3,1,2,29,16,13,16,8,8,28,15,13,28,15,13,13,8,5,11,6,5,4,2,2,0,0,0,0,0,0,12,12,2,4,4,1,0,1,0,10,8,2,0,9,0,2,3
533860414,0,,,72,38,34,9,5,4,63,33,30,38,23,15,62,32,30,60,30,30,25,10,15,16,6,10,7,2,5,0,0,0,0,0,0,21,21,4,5,2,2,4,4,0,17,9,8,4,17,0,4,5
533860421,0,,,141,70,71,10,5,5,131,65,66,69,38,31,130,64,66,126,63,63,62,27,35,40,19,21,9,6,3,0,0,0,0,0,0,52,52,6,23,11,8,1,2,1,46,33,13,2,42,0,6,13
533860422,0,,,31,14,17,2,0,2,29,14,15,18,10,8,29,14,15,28,13,15,11,4,7,7,2,5,4,0,4,1,0,1,0,0,0,10,10,1,3,1,4,1,0,0,9,5,4,1,7,0,1,2
533860424,0,,,64,33,31,8,4,4,56,29,27,30,15,15,53,28,25,53,28,25,26,14,12,14,6,8,5,3,2,0,0,0,0,0,0,22,22,5,4,6,4,2,0,1,17,10,7,1,17,0,3,2
533860471,2,533860473,,2,0,2,*,*,*,*,*,*,*,*,*,*,*,*,*,*,*,*,*,*,*,*,*,*,*,*,*,*,*,*,*,*,2,2,*,*,*,*,*,*,*,*,*,*,*,*,*,*,*
533860473,1,,533860471,45,20,25,0,0,0,47,20,27,16,7,9,43,20,23,43,20,23,31,13,18,15,7,8,4,2,2,0,0,0,1,0,1,19,19,5,10,4,1,0,1,0,16,15,1,0,19,0,5,9
533860474,0,,,18,8,10,2,0,2,16,8,8,7,3,4,15,8,7,14,7,7,9,5,4,8,4,4,3,2,1,0,0,0,0,0,0,8,8,3,3,1,0,0,1,0,5,5,0,1,6,0,2,3
533860492,2,533860391,,1,0,1,*,*,*,*,*,*,*,*,*,*,*,*,*,*,*,*,*,*,*,*,*,*,*,*,*,*,*,*,*,*,1,1,*,*,*,*,*,*,*,*,*,*,*,*,*,*,*
533860501,1,,533860502,105,55,50,9,2,7,106,57,49,57,29,28,105,56,49,103,55,48,49,28,21,31,20,11,5,3,2,1,0,1,0,0,0,40,40,14,12,4,6,3,2,2,29,17,12,1,32,0,8,6
533860502,2,533860501,,10,4,6,*,*,*,*,*,*,*,*,*,*,*,*,*,*,*,*,*,*,*,*,*,*,*,*,*,*,*,*,*,*,3,3,*,*,*,*,*,*,*,*,*,*,*,*,*,*,*
533860503,1,,533860504,82,46,36,9,7,2,76,40,36,41,20,21,76,40,36,75,39,36,35,20,15,16,7,9,8,3,5,2,0,2,6,2,4,34,34,12,11,6,2,5,0,0,24,17,7,1,24,4,6,5
533860504,2,533860503,,3,1,2,*,*,*,*,*,*,*,*,*,*,*,*,*,*,*,*,*,*,*,*,*,*,*,*,*,*,*,*,*,*,2,2,*,*,*,*,*,*,*,*,*,*,*,*,*,*,*
533860572,2,533860574,,5,2,3,*,*,*,*,*,*,*,*,*,*,*,*,*,*,*,*,*,*,*,*,*,*,*,*,*,*,*,*,*,*,2,2,*,*,*,*,*,*,*,*,*,*,*,*,*,*,*
533860574,1,,533860572,32,17,15,3,2,1,34,17,17,19,11,8,34,17,17,34,17,17,15,6,9,10,4,6,5,1,4,0,0,0,0,0,0,13,13,4,3,5,3,0,0,0,11,7,4,1,11,0,3,1
533860594,2,533860781,,3,2,1,*,*,*,*,*,*,*,*,*,*,*,*,*,*,*,*,*,*,*,*,*,*,*,*,*,*,*,*,*,*,2,2,*,*,*,*,*,*,*,*,*,*,*,*,*,*,*
533860601,2,533860603,,2,1,1,*,*,*,*,*,*,*,*,*,*,*,*,*,*,*,*,*,*,*,*,*,*,*,*,*,*,*,*,*,*,1,1,*,*,*,*,*,*,*,*,*,*,*,*,*,*,*
533860602,0,,,27,15,12,5,3,2,22,12,10,16,10,6,21,11,10,20,10,10,6,2,4,4,1,3,2,0,2,0,0,0,1,0,1,9,9,1,2,2,4,0,0,0,8,7,1,2,5,0,1,0
533860603,1,,533860601,111,55,56,11,7,4,97,47,50,59,29,30,96,47,49,93,45,48,38,18,20,21,10,11,10,5,5,0,0,0,2,0,2,38,38,8,9,9,8,3,1,1,29,17,12,2,27,0,5,4
533860604,0,,,83,42,41,14,8,6,68,34,34,44,23,21,65,32,33,64,31,33,24,11,13,15,7,8,8,5,3,0,0,0,0,0,0,25,25,4,6,2,7,4,1,1,21,11,10,4,18,0,3,3
533860662,0,,,25,11,14,2,0,2,23,11,12,3,1,2,23,11,12,23,11,12,20,10,10,14,8,6,2,2,0,0,0,0,0,0,0,13,13,3,8,2,0,0,0,0,10,10,0,1,12,0,3,7
533860663,0,,,13,6,7,0,0,0,13,6,7,7,4,3,13,6,7,13,6,7,6,2,4,3,1,2,3,1,2,0,0,0,0,0,0,6,6,3,1,1,0,1,0,0,3,2,1,0,4,0,2,1
533860664,0,,,17,9,8,1,0,1,16,9,7,8,6,2,16,9,7,16,9,7,8,3,5,2,1,1,0,0,0,0,0,0,1,1,0,10,10,4,5,1,0,0,0,0,6,6,0,1,6,0,1,2
533860672,0,,,54,31,23,3,2,1,51,29,22,19,9,10,51,29,22,51,29,22,32,20,12,5,2,3,1,0,1,1,0,1,0,0,0,25,25,7,10,6,1,1,0,0,18,16,2,1,20,0,5,10
533860674,0,,,49,25,24,4,2,2,45,23,22,17,8,9,45,23,22,45,23,22,28,15,13,19,9,10,9,6,3,0,0,0,0,0,0,19,19,2,12,2,1,1,0,1,17,14,3,1,17,0,2,6
533860692,2,533860781,,2,1,1,*,*,*,*,*,*,*,*,*,*,*,*,*,*,*,*,*,*,*,*,*,*,*,*,*,*,*,*,*,*,1,1,*,*,*,*,*,*,*,*,*,*,*,*,*,*,*
533860701,1,,533860702,122,56,66,10,5,5,112,51,61,58,29,29,110,50,60,108,49,59,54,22,32,34,11,23,17,4,13,2,0,2,0,0,0,39,39,6,12,8,5,6,2,1,33,19,14,2,34,0,5,6
533860702,2,533860701,,2,0,2,*,*,*,*,*,*,*,*,*,*,*,*,*,*,*,*,*,*,*,*,*,*,*,*,*,*,*,*,*,*,1,1,*,*,*,*,*,*,*,*,*,*,*,*,*,*,*
533860703,0,,,142,70,72,15,8,7,119,58,61,76,41,35,118,58,60,115,57,58,43,17,26,20,6,14,6,2,4,2,0,2,4,1,3,56,56,13,20,10,8,3,2,0,40,33,7,1,31,0,7,5
533860772,0,,,67,30,37,5,5,0,62,25,37,29,12,17,59,24,35,59,24,35,33,13,20,19,6,13,7,2,5,0,0,0,0,0,0,27,27,8,8,5,4,0,2,0,19,15,4,0,23,0,8,5
533860774,1,,533860881,91,40,51,1,0,1,95,42,53,49,23,26,94,42,52,93,41,52,46,19,27,34,14,20,17,7,10,1,1,0,1,0,1,37,37,13,13,5,4,4,1,0,26,17,9,0,33,0,10,6
533860781,1,,533860594;533860692,27,11,16,2,0,2,30,14,16,17,7,10,29,14,15,29,14,15,13,7,6,4,0,4,3,0,3,0,0,0,2,1,1,9,9,2,4,3,2,1,0,0,10,7,3,1,10,0,2,2
533860783,0,,,40,20,20,0,0,0,40,20,20,19,10,9,40,20,20,39,19,20,21,10,11,14,7,7,4,2,2,0,0,0,0,0,0,15,15,3,5,3,2,2,0,0,12,10,2,0,12,0,2,4
533860801,1,,533860803,100,52,48,12,9,3,93,45,48,47,25,22,91,44,47,89,42,47,46,20,26,21,10,11,9,3,6,0,0,0,0,0,0,38,38,8,14,7,4,4,1,1,31,26,5,3,30,0,7,8
533860803,2,533860801,,6,3,3,*,*,*,*,*,*,*,*,*,*,*,*,*,*,*,*,*,*,*,*,*,*,*,*,*,*,*,*,*,*,1,1,*,*,*,*,*,*,*,*,*,*,*,*,*,*,*
533860872,0,,,36,16,20,4,3,1,32,13,19,16,8,8,31,13,18,30,12,18,16,5,11,13,4,9,9,3,6,1,1,0,0,0,0,17,17,7,4,3,3,0,0,0,10,9,1,2,12,0,6,2
533860874,0,,,32,12,20,2,0,2,30,12,18,13,5,8,30,12,18,30,12,18,17,7,10,12,5,7,6,2,4,2,0,2,0,0,0,15,15,4,6,4,1,0,0,0,11,11,0,0,11,0,3,2
533860881,2,533860774,,5,2,3,*,*,*,*,*,*,*,*,*,*,*,*,*,*,*,*,*,*,*,*,*,*,*,*,*,*,*,*,*,*,3,3,*,*,*,*,*,*,*,*,*,*,*,*,*,*,*
533860971,2,533860972,,2,1,1,*,*,*,*,*,*,*,*,*,*,*,*,*,*,*,*,*,*,*,*,*,*,*,*,*,*,*,*,*,*,1,1,*,*,*,*,*,*,*,*,*,*,*,*,*,*,*
533860972,1,,533860971;533860973;533860974,15,8,7,5,3,2,18,9,9,8,4,4,18,9,9,18,9,9,10,5,5,4,3,1,2,2,0,0,0,0,0,0,0,8,8,4,4,2,0,1,0,0,7,7,0,0,7,0,2,3
533860973,2,533860972,,5,2,3,*,*,*,*,*,*,*,*,*,*,*,*,*,*,*,*,*,*,*,*,*,*,*,*,*,*,*,*,*,*,1,1,*,*,*,*,*,*,*,*,*,*,*,*,*,*,*
533860974,2,533860972,,1,1,0,*,*,*,*,*,*,*,*,*,*,*,*,*,*,*,*,*,*,*,*,*,*,*,*,*,*,*,*,*,*,1,1,*,*,*,*,*,*,*,*,*,*,*,*,*,*,*
533861403,1,,533861502;533861701;533861801;533861803,17,9,8,3,2,1,23,12,11,13,4,9,23,12,11,23,12,11,10,8,2,2,2,0,0,0,0,0,0,0,1,1,0,7,7,7,3,1,0,2,0,0,5,4,1,1,9,0,6,1
533861502,2,533861403,,2,1,1,*,*,*,*,*,*,*,*,*,*,*,*,*,*,*,*,*,*,*,*,*,*,*,*,*,*,*,*,*,*,1,1,*,*,*,*,*,*,*,*,*,*,*,*,*,*,*
533861572,2,533861681,,3,0,3,*,*,*,*,*,*,*,*,*,*,*,*,*,*,*,*,*,*,*,*,*,*,*,*,*,*,*,*,*,*,1,1,*,*,*,*,*,*,*,*,*,*,*,*,*,*,*
533861594,0,,,16,6,10,0,0,0,16,6,10,7,3,4,16,6,10,14,5,9,9,3,6,7,2,5,3,0,3,0,0,0,0,0,0,6,6,1,2,1,2,0,0,0,5,2,3,0,6,0,1,2
533861672,0,,,19,10,9,4,4,0,15,6,9,8,3,5,15,6,9,15,6,9,7,3,4,2,0,2,2,0,2,0,0,0,0,0,0,6,6,2,1,2,0,0,0,1,4,2,2,0,5,0,2,0
533861681,1,,533861572;533861684,28,14,14,0,0,0,32,14,18,13,6,7,32,14,18,31,14,17,19,8,11,14,5,9,1,0,1,1,0,1,0,0,0,14,14,5,7,3,1,0,0,0,11,10,1,0,13,0,4,4
533861684,2,533861681,,1,0,1,*,*,*,*,*,*,*,*,*,*,*,*,*,*,*,*,*,*,*,*,*,*,*,*,*,*,*,*,*,*,1,1,*,*,*,*,*,*,*,*,*,*,*,*,*,*,*
533861691,2,533861694,,4,2,2,*,*,*,*,*,*,*,*,*,*,*,*,*,*,*,*,*,*,*,*,*,*,*,*,*,*,*,*,*,*,2,2,*,*,*,*,*,*,*,*,*,*,*,*,*,*,*
533861692,0,,,20,9,11,0,0,0,20,9,11,8,4,4,20,9,11,19,8,11,12,5,7,6,1,5,5,0,5,3,0,3,0,0,0,8,8,1,2,5,0,0,0,0,7,3,4,0,7,0,1,1
533861694,1,,533861691,114,62,52,11,7,4,107,57,50,66,37,29,104,55,49,103,54,49,41,20,21,25,10,15,11,4,7,1,0,1,2,0,2,43,43,15,9,7,8,4,2,0,28,19,9,3,31,0,9,4
533861701,2,533861403,,5,2,3,*,*,*,*,*,*,*,*,*,*,*,*,*,*,*,*,*,*,*,*,*,*,*,*,*,*,*,*,*,*,3,3,*,*,*,*,*,*,*,*,*,*,*,*,*,*,*
533861764,2,533861773,,2,1,1,*,*,*,*,*,*,*,*,*,*,*,*,*,*,*,*,*,*,*,*,*,*,*,*,*,*,*,*,*,*,1,1,*,*,*,*,*,*,*,*,*,*,*,*,*,*,*
533861772,0,,,13,6,7,1,0,1,12,6,6,7,4,3,12,6,6,12,6,6,5,2,3,2,1,1,1,1,0,0,0,0,0,0,0,6,6,2,1,3,0,0,0,0,4,3,1,0,4,0,1,0
533861773,1,,533861764,52,26,26,8,4,4,46,23,23,25,14,11,45,22,23,45,22,23,21,9,12,16,6,10,7,2,5,0,0,0,1,1,0,18,18,4,6,2,3,4,0,0,15,8,7,1,15,0,3,3
533861774,0,,,47,28,19,5,1,4,42,27,15,25,18,7,42,27,15,42,27,15,17,9,8,8,4,4,1,0,1,0,0,0,0,0,0,21,21,8,4,5,4,0,0,0,13,11,2,3,12,1,2,2
533861781,0,,,18,8,10,0,0,0,18,8,10,11,4,7,18,8,10,18,8,10,7,4,3,3,2,1,0,0,0,0,0,0,0,0,0,7,7,2,0,4,1,0,0,0,5,4,1,0,5,0,1,0
533861782,0,,,27,13,14,0,0,0,27,13,14,16,9,7,26,12,14,26,12,14,11,4,7,9,3,6,7,2,5,1,1,0,0,0,0,10,10,3,3,0,2,2,0,0,7,3,4,0,9,0,3,1
533861783,0,,,169,87,82,13,9,4,156,78,78,84,44,40,154,77,77,153,76,77,72,34,38,37,17,20,16,6,10,3,1,2,1,1,0,59,59,10,19,10,13,3,4,0,49,32,17,6,47,0,7,10
533861784,0,,,31,13,18,1,1,0,30,12,18,20,9,11,29,11,18,28,11,17,10,3,7,7,1,6,4,0,4,0,0,0,0,0,0,11,11,2,4,1,2,2,0,0,9,7,2,0,8,0,2,2
533861791,2,533861792,,8,3,5,*,*,*,*,*,*,*,*,*,*,*,*,*,*,*,*,*,*,*,*,*,*,*,*,*,*,*,*,*,*,2,2,*,*,*,*,*,*,*,*,*,*,*,*,*,*,*
533861792,1,,533861791,86,42,44,12,5,7,82,40,42,50,26,24,79,39,40,78,39,39,32,14,18,21,7,14,5,2,3,0,0,0,1,0,1,36,36,11,11,8,6,0,1,1,27,23,4,4,23,0,8,6
533861793,0,,,123,66,57,2,1,1,121,65,56,78,48,30,121,65,56,118,64,54,43,17,26,22,10,12,4,3,1,0,0,0,0,0,0,19,18,1,7,6,4,0,0,0,17,15,2,0,13,0,0,5
533861801,2,533861403,,1,1,0,*,*,*,*,*,*,*,*,*,*,*,*,*,*,*,*,*,*,*,*,*,*,*,*,*,*,*,*,*,*,1,1,*,*,*,*,*,*,*,*,*,*,*,*,*,*,*
533861803,2,533861403,,1,1,0,*,*,*,*,*,*,*,*,*,*,*,*,*,*,*,*,*,*,*,*,*,*,*,*,*,*,*,*,*,*,1,1,*,*,*,*,*,*,*,*,*,*,*,*,*,*,*
533861861,2,533861862,,4,1,3,*,*,*,*,*,*,*,*,*,*,*,*,*,*,*,*,*,*,*,*,*,*,*,*,*,*,*,*,*,*,1,1,*,*,*,*,*,*,*,*,*,*,*,*,*,*,*
533861862,1,,533861861;533861864;533861941,12,7,5,5,3,2,23,12,11,16,9,7,21,12,9,21,12,9,7,3,4,3,1,2,2,1,1,0,0,0,1,0,1,5,5,2,0,4,2,0,1,0,6,4,2,0,5,0,1,0
533861864,2,533861862,,9,5,4,*,*,*,*,*,*,*,*,*,*,*,*,*,*,*,*,*,*,*,*,*,*,*,*,*,*,*,*,*,*,2,2,*,*,*,*,*,*,*,*,*,*,*,*,*,*,*
533861871,0,,,21,9,12,0,0,0,21,9,12,12,5,7,17,7,10,17,7,10,9,4,5,5,2,3,0,0,0,0,0,0,3,2,1,10,10,4,4,0,1,1,0,0,6,6,0,0,7,0,3,3
533861872,0,,,220,108,112,19,9,10,201,99,102,108,53,55,194,95,99,191,92,99,93,46,47,54,23,31,23,10,13,2,2,0,0,0,0,87,87,21,28,21,11,3,0,3,66,50,16,5,65,0,17,16
533861873,0,,,45,22,23,1,1,0,44,21,23,26,13,13,43,20,23,42,20,22,18,8,10,12,6,6,2,2,0,0,0,0,0,0,0,19,19,2,11,4,1,1,0,0,17,15,2,0,12,0,1,5
533861874,0,,,33,17,16,6,2,4,27,15,12,10,6,4,27,15,12,27,15,12,17,9,8,8,4,4,3,1,2,0,0,0,0,0,0,12,12,2,3,5,1,0,1,0,10,9,1,1,10,0,2,3
533861881,0,,,33,15,18,6,3,3,27,12,15,17,8,9,27,12,15,27,12,15,10,4,6,3,2,1,1,1,0,0,0,0,0,0,0,11,11,2,5,1,1,0,1,1,9,7,2,1,7,1,1,1
533861882,0,,,24,8,16,1,1,0,23,7,16,17,6,11,22,7,15,20,7,13,6,1,5,4,1,3,0,0,0,0,0,0,0,0,0,8,8,2,1,3,0,1,1,0,6,3,3,0,5,0,1,0
533861883,0,,,55,32,23,9,6,3,45,26,19,35,21,14,40,21,19,38,19,19,10,5,5,3,3,0,0,0,0,0,0,0,0,0,0,17,17,2,3,5,4,2,1,0,15,12,3,1,5,0,0,2
533861884,0,,,293,150,143,51,25,26,240,123,117,147,78,69,224,112,112,219,110,109,93,45,48,46,25,21,12,5,7,1,0,1,10,8,2,110,110,33,28,17,17,8,5,2,75,62,13,9,59,9,14,22
533861891,1,,533861892,245,129,116,33,19,14,218,112,106,119,63,56,212,107,105,209,106,103,99,49,50,47,25,22,9,4,5,0,0,0,1,0,1,92,92,20,32,20,15,6,3,0,76,68,8,6,63,1,12,18
533861892,2,533861891,,7,3,4,*,*,*,*,*,*,*,*,*,*,*,*,*,*,*,*,*,*,*,*,*,*,*,*,*,*,*,*,*,*,4,4,*,*,*,*,*,*,*,*,*,*,*,*,*,*,*
533861893,0,,,642,305,337,82,36,46,558,269,289,348,170,178,540,261,279,531,258,273,210,99,111,116,50,66,43,21,22,4,1,3,10,6,4,266,266,62,103,56,28,10,5,2,202,178,24,24,145,9,31,46
533861894,0,,,74,34,40,15,7,8,59,27,32,41,18,23,58,27,31,56,26,30,18,9,9,12,8,4,4,2,2,0,0,0,2,1,1,31,31,7,12,6,5,1,0,0,24,24,0,3,10,2,1,7
533861941,2,533861862,,3,2,1,*,*,*,*,*,*,*,*,*,*,*,*,*,*,*,*,*,*,*,*,*,*,*,*,*,*,*,*,*,*,1,1,*,*,*,*,*,*,*,*,*,*,*,*,*,*,*
533861962,0,,,19,9,10,2,1,1,17,8,9,10,4,6,17,8,9,17,8,9,7,4,3,4,2,2,2,1,1,0,0,0,0,0,0,8,8,1,4,2,1,0,0,0,7,7,0,1,5,0,0,2
533861964,0,,,21,11,10,4,3,1,17,8,9,9,6,3,17,8,9,16,7,9,8,2,6,4,1,3,3,1,2,0,0,0,0,0,0,7,7,1,2,1,2,1,0,0,6,4,2,0,5,0,1,2
533861971,0,,,101,49,52,10,5,5,91,44,47,55,29,26,90,43,47,89,43,46,36,15,21,21,7,14,13,4,9,0,0,0,0,0,0,36,36,6,16,4,4,1,5,0,30,20,10,5,23,0,3,6
533861972,0,,,118,63,55,13,11,2,105,52,53,64,32,32,102,51,51,99,49,50,41,20,21,23,9,14,12,3,9,1,0,1,0,0,0,46,46,8,16,11,10,1,0,0,38,30,8,2,26,2,3,11
533861973,0,,,90,48,42,10,6,4,80,42,38,48,27,21,75,42,33,72,40,32,32,15,17,15,6,9,9,3,6,2,1,1,0,0,0,29,29,5,6,7,6,2,3,0,24,17,7,1,19,0,4,3
533861974,0,,,31,12,19,5,0,5,26,12,14,15,7,8,26,12,14,26,12,14,11,5,6,7,3,4,5,2,3,0,0,0,0,0,0,12,12,2,4,3,3,0,0,0,10,9,1,3,6,0,2,2
533861981,0,,,427,182,245,48,27,21,379,155,224,170,83,87,368,150,218,358,146,212,209,72,137,143,46,97,85,19,66,17,3,14,4,1,3,125,123,23,36,37,16,7,2,2,99,85,14,10,69,5,12,21
533861982,0,,,306,144,162,38,21,17,266,122,144,151,78,73,258,120,138,254,120,134,115,44,71,76,24,52,37,11,26,5,1,4,2,1,1,126,126,48,26,24,15,7,3,3,77,61,16,8,82,2,33,11
533861983,0,,,202,93,109,17,5,12,182,86,96,131,64,67,173,83,90,170,82,88,51,22,29,31,11,20,11,3,8,2,0,2,17,10,7,87,87,27,32,11,12,2,1,2,59,49,10,5,35,7,7,10
533861984,0,,,333,159,174,40,24,16,291,133,158,165,75,90,285,131,154,284,131,153,126,58,68,67,27,40,24,7,17,3,1,2,5,0,5,137,137,37,46,24,19,10,1,0,99,82,17,7,79,1,21,22
533861991,0,,,672,310,362,73,30,43,593,277,316,346,175,171,578,272,306,567,267,300,247,102,145,141,56,85,62,26,36,3,2,1,12,3,9,287,286,88,96,45,39,13,5,0,197,158,39,15,171,7,44,39
533861992,0,,,52,25,27,8,5,3,44,20,24,31,15,16,43,19,24,41,18,23,13,5,8,5,3,2,0,0,0,0,0,0,0,0,0,17,17,0,7,5,3,1,1,0,17,17,0,3,8,0,0,3
533861993,0,,,347,154,193,48,23,25,293,128,165,202,87,115,287,125,162,281,125,156,91,41,50,51,22,29,15,9,6,1,1,0,12,9,3,168,168,82,36,23,16,7,3,1,85,70,15,17,62,30,18,22
533861994,0,,,155,69,86,21,8,13,132,60,72,68,39,29,127,57,70,127,57,70,64,21,43,52,16,36,42,10,32,10,1,9,1,1,0,44,43,14,8,8,11,2,0,0,29,26,3,3,12,2,3,2
533862031,2,533862032,,3,1,2,*,*,*,*,*,*,*,*,*,*,*,*,*,*,*,*,*,*,*,*,*,*,*,*,*,*,*,*,*,*,2,2,*,*,*,*,*,*,*,*,*,*,*,*,*,*,*
533862032,1,,533862031,22,11,11,3,1,2,22,11,11,13,6,7,21,10,11,21,10,11,9,5,4,4,3,1,1,1,0,0,0,0,1,0,1,9,9,3,4,3,0,1,0,0,8,8,0,0,6,0,2,2
533862034,0,,,11,6,5,1,1,0,10,5,5,5,3,2,9,4,5,9,4,5,5,2,3,0,0,0,0,0,0,0,0,0,4,2,2,5,5,1,2,2,0,0,0,0,4,4,0,0,3,0,1,2
533862041,2,533862043,,8,5,3,*,*,*,*,*,*,*,*,*,*,*,*,*,*,*,*,*,*,*,*,*,*,*,*,*,*,*,*,*,*,4,4,*,*,*,*,*,*,*,*,*,*,*,*,*,*,*
533862042,0,,,18,8,10,0,0,0,18,8,10,9,5,4,18,8,10,17,8,9,9,3,6,6,2,4,0,0,0,0,0,0,0,0,0,6,6,1,1,2,1,1,0,0,5,3,2,0,6,0,1,1
533862043,1,,533862041,138,67,71,8,5,3,138,67,71,74,38,36,136,66,70,132,63,69,64,29,35,36,14,22,11,3,8,1,0,1,1,0,1,65,65,24,27,9,6,1,2,0,45,37,8,1,45,0,12,17
533862052,0,,,88,46,42,8,7,1,80,39,41,42,19,23,75,37,38,73,35,38,38,20,18,20,11,9,7,3,4,3,1,2,0,0,0,35,35,5,14,10,5,1,0,0,30,26,4,3,22,0,3,10
533862053,0,,,36,18,18,0,0,0,36,18,18,26,13,13,35,17,18,35,17,18,10,5,5,4,2,2,1,0,1,0,0,0,1,1,0,14,14,2,5,5,1,1,0,0,12,11,1,0,6,0,2,3
533862054,0,,,29,14,15,11,6,5,18,8,10,17,7,10,18,8,10,18,8,10,1,1,0,0,0,0,0,0,0,0,0,0,0,0,0,9,9,2,1,1,3,2,0,0,7,7,0,0,1,0,0,1
533862061,0,,,22,13,9,1,1,0,21,12,9,16,9,7,20,11,9,19,10,9,5,3,2,3,2,1,2,2,0,0,0,0,1,0,1,9,9,2,2,4,1,0,0,0,7,5,2,0,4,0,1,2
533862062,1,,533862064,14,9,5,0,0,0,21,13,8,14,9,5,20,12,8,20,12,8,7,4,3,4,3,1,1,1,0,0,0,0,0,0,0,5,5,0,3,5,0,0,0,0,8,7,1,0,5,0,0,2
533862063,0,,,11,6,5,2,1,1,9,5,4,3,2,1,9,5,4,9,5,4,6,3,3,6,3,3,1,1,0,0,0,0,0,0,0,4,4,1,2,0,0,0,1,0,3,2,1,0,4,0,1,1
533862064,2,533862062,,7,4,3,*,*,*,*,*,*,*,*,*,*,*,*,*,*,*,*,*,*,*,*,*,*,*,*,*,*,*,*,*,*,3,3,*,*,*,*,*,*,*,*,*,*,*,*,*,*,*
533862071,0,,,37,17,20,2,0,2,35,17,18,16,8,8,34,17,17,34,17,17,19,9,10,11,5,6,1,1,0,0,0,0,1,0,1,18,18,4,12,1,0,0,1,0,14,13,1,0,12,0,4,7
533862072,0,,,47,23,24,5,2,3,42,21,21,24,12,12,41,20,21,41,20,21,18,9,9,9,5,4,7,5,2,0,0,0,0,0,0,16,16,3,7,1,0,3,2,0,13,9,4,1,12,0,3,3
533862073,0,,,163,83,80,40,25,15,123,58,65,76,36,40,115,53,62,113,53,60,47,22,25,27,14,13,12,7,5,0,0,0,1,0,1,50,50,6,15,10,8,4,5,2,44,34,10,11,28,0,6,10
533862074,0,,,35,16,19,7,3,4,28,13,15,24,11,13,28,13,15,27,12,15,4,2,2,2,1,1,0,0,0,0,0,0,1,0,1,16,16,6,6,2,0,1,1,0,10,10,0,1,3,3,0,1
533862081,0,,,68,34,34,4,4,0,64,30,34,27,14,13,61,29,32,61,29,32,37,16,21,21,8,13,6,2,4,2,0,2,0,0,0,29,29,8,9,6,6,0,0,0,21,18,3,2,23,0,8,9
533862082,0,,,19,9,10,0,0,0,19,9,10,8,3,5,19,9,10,19,9,10,11,6,5,5,3,2,0,0,0,0,0,0,1,0,1,11,11,5,4,2,0,0,0,0,6,6,0,0,8,0,3,3
533862084,0,,,14,6,8,3,1,2,11,5,6,6,3,3,11,5,6,11,5,6,5,2,3,1,0,1,1,0,1,0,0,0,0,0,0,6,6,2,2,1,0,1,0,0,4,4,0,0,4,0,1,1
533862091,1,,533862093,52,27,25,3,2,1,55,28,27,25,14,11,55,28,27,55,28,27,30,14,16,15,7,8,6,3,3,0,0,0,1,0,1,28,28,11,17,3,1,0,0,0,21,20,1,0,20,0,5,10
533862092,0,,,226,104,122,24,12,12,202,92,110,116,56,60,195,89,106,194,89,105,86,36,50,50,19,31,17,6,11,1,0,1,5,5,0,100,100,31,32,21,12,4,0,0,68,55,13,6,56,7,9,19
533862093,2,533862091,,6,3,3,*,*,*,*,*,*,*,*,*,*,*,*,*,*,*,*,*,*,*,*,*,*,*,*,*,*,*,*,*,*,4,4,*,*,*,*,*,*,*,*,*,*,*,*,*,*,*
533862094,0,,,105,49,56,10,6,4,95,43,52,43,21,22,94,43,51,93,43,50,52,22,30,28,11,17,10,2,8,0,0,0,0,0,0,44,44,9,22,5,6,1,0,1,35,31,4,4,34,0,8,18
533862132,2,533862134,,7,3,4,*,*,*,*,*,*,*,*,*,*,*,*,*,*,*,*,*,*,*,*,*,*,*,*,*,*,*,*,*,*,2,2,*,*,*,*,*,*,*,*,*,*,*,*,*,*,*
533862134,1,,533862132,43,21,22,4,1,3,46,23,23,18,12,6,45,22,23,42,21,21,28,11,17,17,6,11,8,1,7,0,0,0,0,0,0,22,22,9,9,3,1,2,0,0,15,12,3,1,20,0,9,6
533862141,1,,533862144,52,26,26,2,1,1,55,26,29,30,17,13,55,26,29,54,26,28,25,9,16,7,2,5,2,0,2,0,0,0,0,0,0,23,23,6,13,2,2,1,1,0,19,15,4,1,17,1,3,6
533862144,2,533862141,,5,1,4,*,*,*,*,*,*,*,*,*,*,*,*,*,*,*,*,*,*,*,*,*,*,*,*,*,*,*,*,*,*,2,2,*,*,*,*,*,*,*,*,*,*,*,*,*,*,*
533862152,0,,,32,14,18,3,2,1,29,12,17,11,5,6,29,12,17,29,12,17,18,7,11,8,3,5,1,1,0,0,0,0,0,0,0,16,16,6,7,2,0,0,1,0,10,8,2,0,12,0,3,3
533862153,2,533862154,,13,7,6,*,*,*,*,*,*,*,*,*,*,*,*,*,*,*,*,*,*,*,*,*,*,*,*,*,*,*,*,*,*,3,3,*,*,*,*,*,*,*,*,*,*,*,*,*,*,*
533862154,1,,533862153,47,24,23,8,5,3,52,26,26,27,13,14,51,26,25,50,25,25,25,13,12,9,3,6,6,2,4,0,0,0,2,0,2,18,18,2,9,4,3,2,1,0,19,15,4,2,14,0,0,4
533862161,0,,,99,45,54,15,5,10,84,40,44,44,25,19,82,40,42,81,39,42,40,15,25,20,6,14,7,2,5,0,0,0,0,0,0,40,40,10,14,8,4,3,1,0,30,24,6,5,28,1,8,9
533862162,1,,533862164,11,5,6,1,1,0,15,6,9,5,1,4,14,6,8,13,6,7,10,5,5,3,0,3,1,0,1,0,0,0,0,0,0,4,4,1,5,0,0,1,0,0,6,6,0,0,6,0,1,5
533862163,0,,,68,36,32,7,3,4,61,33,28,27,15,12,61,33,28,61,33,28,34,18,16,17,8,9,3,1,2,1,0,1,1,0,1,31,31,9,15,2,4,0,0,1,22,20,2,1,22,0,5,6
533862164,2,533862162,,5,2,3,*,*,*,*,*,*,*,*,*,*,*,*,*,*,*,*,*,*,*,*,*,*,*,*,*,*,*,*,*,*,3,3,*,*,*,*,*,*,*,*,*,*,*,*,*,*,*
533862171,1,,533862172,15,9,6,1,0,1,21,12,9,10,6,4,21,12,9,21,12,9,11,6,5,9,6,3,3,2,1,0,0,0,0,0,0,6,6,2,5,2,1,0,0,0,8,8,0,1,6,0,1,3
533862172,2,533862171,,7,3,4,*,*,*,*,*,*,*,*,*,*,*,*,*,*,*,*,*,*,*,*,*,*,*,*,*,*,*,*,*,*,4,4,*,*,*,*,*,*,*,*,*,*,*,*,*,*,*
533862173,0,,,48,23,25,4,2,2,44,21,23,28,13,15,40,18,22,40,18,22,16,8,8,13,7,6,3,2,1,0,0,0,0,0,0,19,19,4,5,6,4,0,0,0,15,14,1,1,10,0,2,4
533862174,1,,533862183,81,40,41,3,1,2,79,39,40,38,20,18,77,38,39,75,37,38,41,19,22,21,9,12,9,2,7,0,0,0,0,0,0,36,36,10,15,8,3,0,1,0,27,24,3,1,26,0,8,10
533862183,2,533862174,,1,0,1,*,*,*,*,*,*,*,*,*,*,*,*,*,*,*,*,*,*,*,*,*,*,*,*,*,*,*,*,*,*,1,1,*,*,*,*,*,*,*,*,*,*,*,*,*,*,*
533862192,0,,,28,15,13,2,0,2,25,14,11,21,11,10,25,14,11,25,14,11,4,3,1,2,1,1,0,0,0,0,0,0,0,0,0,22,22,18,3,0,1,0,0,0,3,3,0,1,3,2,2,1
533862193,0,,,81,43,38,6,4,2,75,39,36,42,23,19,73,37,36,71,35,36,33,16,17,26,10,16,5,3,2,0,0,0,0,0,0,36,36,8,21,3,1,2,0,1,28,25,3,2,23,0,6,11
533862194,0,,,61,29,32,3,1,2,58,28,30,36,18,18,54,27,27,52,25,27,22,10,12,12,5,7,8,4,4,1,0,1,0,0,0,23,23,4,8,5,4,2,0,0,18,14,4,1,14,0,2,5
533862231,0,,,33,17,16,8,6,2,25,11,14,11,5,6,25,11,14,25,11,14,14,6,8,9,3,6,3,1,2,1,0,1,0,0,0,12,12,2,5,2,1,1,1,0,10,8,2,1,8,0,2,4
533862232,1,,533862234,14,8,6,1,0,1,17,10,7,10,7,3,17,10,7,16,9,7,7,3,4,4,2,2,2,1,1,0,0,0,0,0,0,5,5,1,1,1,3,0,0,0,5,4,1,0,4,0,1,0
533862233,0,,,26,14,12,1,1,0,25,13,12,9,6,3,24,12,12,22,10,12,16,7,9,8,4,4,3,1,2,0,0,0,0,0,0,13,13,4,7,0,2,0,0,0,9,8,1,0,10,0,3,6
533862234,2,533862232,,4,2,2,*,*,*,*,*,*,*,*,*,*,*,*,*,*,*,*,*,*,*,*,*,*,*,*,*,*,*,*,*,*,1,1,*,*,*,*,*,*,*,*,*,*,*,*,*,*,*
533862241,0,,,32,18,14,2,2,0,30,16,14,16,9,7,30,16,14,30,16,14,14,7,7,9,3,6,8,3,5,3,1,2,0,0,0,13,13,4,3,4,1,0,1,0,9,5,4,0,9,0,2,1
533862242,0,,,75,33,42,10,1,9,65,32,33,29,16,13,64,31,33,64,31,33,36,16,20,23,9,14,10,4,6,3,2,1,0,0,0,33,33,10,13,4,4,1,1,0,22,21,1,1,23,0,7,6
533862243,0,,,63,28,35,5,2,3,58,26,32,31,17,14,56,25,31,55,24,31,27,9,18,19,7,12,7,4,3,1,1,0,0,0,0,27,27,8,7,9,1,2,0,0,19,16,3,1,18,0,5,2
533862244,0,,,170,86,84,17,12,5,153,74,79,106,53,53,140,68,72,135,65,70,47,21,26,27,10,17,8,2,6,0,0,0,3,1,2,67,67,15,22,15,9,6,0,0,52,46,6,2,31,1,7,12
533862251,0,,,44,22,22,1,1,0,43,21,22,27,14,13,41,20,21,40,19,21,16,7,9,11,5,6,4,1,3,0,0,0,0,0,0,16,16,1,7,5,2,0,1,0,15,12,3,1,10,0,1,3
533862252,0,,,16,9,7,1,1,0,15,8,7,10,5,5,14,8,6,14,8,6,5,3,2,1,1,0,0,0,0,0,0,0,0,0,0,4,4,0,0,2,0,2,0,0,4,3,1,0,3,0,0,0
533862253,0,,,199,90,109,28,12,16,171,78,93,123,59,64,170,77,93,165,74,91,48,19,29,20,5,15,9,2,7,2,0,2,2,0,2,91,91,30,28,23,6,4,0,0,61,60,1,10,33,2,10,9
533862254,0,,,114,57,57,8,3,5,106,54,52,51,28,23,105,54,51,102,52,50,55,26,29,24,10,14,10,4,6,2,0,2,0,0,0,50,50,12,21,10,5,2,0,0,38,31,7,1,37,0,9,13
533862261,0,,,91,49,42,9,5,4,82,44,38,51,27,24,81,43,38,79,41,38,31,17,14,20,9,11,8,4,4,1,1,0,0,0,0,35,35,9,8,12,2,2,2,0,25,20,5,5,22,2,6,4
533862262,0,,,52,29,23,5,2,3,44,26,18,31,19,12,44,26,18,44,26,18,13,7,6,4,1,3,1,0,1,0,0,0,0,0,0,32,32,19,8,3,2,0,0,0,11,11,0,2,11,2,7,2
533862263,0,,,87,42,45,8,5,3,79,37,42,41,20,21,74,35,39,71,34,37,38,17,21,12,5,7,5,1,4,1,0,1,0,0,0,40,40,15,14,5,3,2,0,1,25,21,4,2,24,1,8,9
533862264,0,,,40,17,23,4,2,2,36,15,21,24,10,14,35,14,21,35,14,21,12,5,7,2,1,1,0,0,0,0,0,0,1,0,1,21,21,8,9,3,0,1,0,0,13,11,2,2,9,0,3,2
533862271,0,,,74,38,36,7,6,1,67,32,35,45,22,23,66,31,35,64,30,34,22,10,12,12,5,7,0,0,0,0,0,0,2,0,2,37,37,13,16,3,5,0,0,0,23,22,1,2,13,2,2,8
533862272,0,,,64,33,31,15,8,7,49,25,24,22,10,12,48,25,23,48,25,23,27,15,12,15,8,7,5,2,3,1,0,1,0,0,0,24,24,4,12,2,2,2,2,0,20,18,2,6,16,0,3,9
533862273,0,,,61,29,32,4,1,3,57,28,29,34,16,18,57,28,29,56,27,29,23,12,11,12,6,6,4,3,1,0,0,0,1,1,0,29,29,5,19,3,1,1,0,0,23,22,1,2,15,0,3,10
533862274,0,,,77,39,38,4,3,1,73,36,37,32,17,15,72,35,37,72,35,37,41,19,22,24,13,11,6,3,3,0,0,0,0,0,0,34,34,6,18,8,0,1,1,0,28,22,6,2,23,0,4,9
533862281,0,,,29,12,17,1,0,1,28,12,16,13,5,8,28,12,16,28,12,16,15,7,8,9,5,4,1,0,1,0,0,0,0,0,0,11,11,1,4,4,2,0,0,0,10,10,0,1,9,0,1,3
533862282,0,,,31,15,16,6,2,4,25,13,12,14,7,7,24,13,11,23,12,11,11,6,5,2,1,1,0,0,0,0,0,0,0,0,0,13,13,3,5,2,3,0,0,0,10,10,0,0,7,0,2,4
533862283,0,,,64,34,30,7,6,1,57,28,29,31,17,14,56,28,28,54,27,27,26,11,15,13,5,8,7,2,5,1,0,1,0,0,0,27,27,8,10,4,1,4,0,0,19,17,2,1,16,1,5,5
533862284,0,,,53,28,25,0,0,0,53,28,25,26,14,12,53,28,25,53,28,25,27,14,13,6,2,4,2,0,2,1,0,1,0,0,0,26,26,8,12,3,3,0,0,0,18,16,2,0,19,0,6,8
533862291,0,,,23,12,11,3,1,2,20,11,9,10,5,5,20,11,9,20,11,9,10,6,4,6,4,2,2,1,1,0,0,0,0,0,0,10,10,4,2,2,1,1,0,0,6,5,1,1,7,0,3,2
533862292,0,,,96,44,52,12,7,5,84,37,47,50,24,26,82,37,45,82,37,45,34,13,21,19,5,14,9,1,8,0,0,0,0,0,0,32,32,7,9,5,6,3,0,2,25,18,7,3,24,0,7,5
533862293,0,,,71,35,36,10,5,5,61,30,31,33,14,19,59,30,29,57,28,29,28,16,12,13,7,6,4,2,2,0,0,0,2,1,1,29,29,6,11,5,7,0,0,0,23,21,2,0,19,0,5,9
533862321,0,,,21,10,11,0,0,0,21,10,11,5,3,2,21,10,11,21,10,11,16,7,9,12,5,7,5,3,2,0,0,0,0,0,0,11,11,3,6,2,0,0,0,0,8,8,0,0,10,0,3,4
533862323,0,,,38,18,20,3,1,2,35,17,18,10,6,4,34,16,18,33,15,18,25,11,14,11,4,7,6,2,4,1,0,1,1,0,1,18,18,6,8,1,2,1,0,0,10,8,2,0,17,0,6,4
533862332,0,,,13,8,5,0,0,0,13,8,5,6,3,3,13,8,5,13,8,5,7,5,2,5,3,2,2,2,0,0,0,0,0,0,0,6,6,1,4,0,1,0,0,0,5,5,0,0,5,0,1,4
533862333,2,533862334,,6,2,4,*,*,*,*,*,*,*,*,*,*,*,*,*,*,*,*,*,*,*,*,*,*,*,*,*,*,*,*,*,*,3,3,*,*,*,*,*,*,*,*,*,*,*,*,*,*,*
533862334,1,,533862333,74,39,35,14,7,7,66,34,32,35,18,17,66,34,32,66,34,32,31,16,15,17,8,9,6,2,4,1,1,0,0,0,0,28,28,6,11,6,6,2,0,0,25,22,3,3,23,0,6,4
533862341,0,,,146,78,68,18,11,7,128,67,61,70,38,32,124,64,60,124,64,60,58,29,29,29,15,14,7,3,4,2,0,2,1,1,0,63,63,21,22,7,8,4,0,1,41,37,4,5,37,0,14,12
533862342,0,,,250,191,59,10,5,5,239,185,54,196,165,31,130,76,54,108,55,53,43,20,23,23,9,14,8,2,6,2,1,1,2,2,0,61,60,26,17,7,8,2,0,0,34,29,5,4,33,4,12,7
533862343,0,,,155,69,86,28,10,18,125,58,67,70,37,33,124,57,67,122,55,67,55,21,34,25,10,15,7,3,4,0,0,0,0,0,0,67,67,15,32,8,8,4,0,0,51,47,4,7,37,0,10,15
533862344,0,,,79,49,30,9,6,3,70,43,27,40,24,16,68,42,26,68,42,26,30,19,11,16,11,5,7,5,2,0,0,0,1,1,0,31,31,6,12,7,2,4,0,0,25,22,3,1,19,0,2,8
533862351,0,,,259,100,159,19,13,6,239,87,152,140,45,95,206,86,120,195,84,111,99,42,57,53,22,31,25,6,19,3,1,2,1,1,0,94,93,26,36,13,9,6,1,2,67,56,11,4,63,2,17,27
533862352,0,,,101,50,51,10,2,8,89,46,43,61,32,29,83,45,38,81,45,36,28,14,14,10,5,5,3,0,3,1,0,1,0,0,0,48,48,22,12,6,5,2,0,1,24,20,4,0,19,2,5,3
533862353,0,,,388,176,212,41,19,22,347,157,190,190,91,99,337,155,182,332,152,180,157,66,91,80,30,50,30,7,23,4,1,3,2,0,2,171,171,60,59,26,8,12,4,2,110,88,22,5,110,5,35,31
533862354,0,,,183,86,97,19,8,11,164,78,86,104,52,52,161,77,84,157,74,83,60,26,34,35,15,20,5,1,4,0,0,0,6,5,1,88,88,42,19,12,11,2,1,1,46,39,7,5,44,9,20,11
533862361,0,,,20,9,11,2,0,2,18,9,9,10,4,6,18,9,9,18,9,9,8,5,3,1,1,0,0,0,0,0,0,0,0,0,0,12,12,6,5,0,1,0,0,0,6,6,0,0,5,2,0,4
533862362,0,,,23,12,11,1,1,0,21,10,11,18,9,9,20,9,11,20,9,11,3,1,2,0,0,0,0,0,0,0,0,0,1,0,1,18,18,16,0,1,1,0,0,0,2,2,0,0,2,12,1,0
533862363,0,,,18,10,8,0,0,0,18,10,8,10,6,4,18,10,8,18,10,8,8,4,4,5,3,2,2,1,1,0,0,0,0,0,0,15,15,12,3,0,0,0,0,0,3,3,0,0,5,9,2,3
533862364,0,,,9,5,4,1,1,0,8,4,4,5,3,2,8,4,4,8,4,4,3,1,2,1,0,1,0,0,0,0,0,0,0,0,0,6,6,3,3,0,0,0,0,0,3,2,1,0,2,0,1,1
533862371,0,,,54,28,26,2,2,0,52,26,26,38,20,18,49,24,25,48,24,24,14,6,8,2,0,2,1,0,1,0,0,0,0,0,0,33,33,20,7,4,2,0,0,0,13,13,0,0,11,4,4,3
533862372,0,,,70,38,32,1,0,1,69,38,31,30,17,13,67,37,30,67,37,30,39,21,18,10,7,3,3,1,2,3,1,2,0,0,0,30,30,6,13,6,5,0,0,0,23,20,3,0,23,0,5,8
533862373,0,,,28,18,10,1,1,0,26,16,10,22,13,9,26,16,10,26,16,10,4,3,1,0,0,0,0,0,0,0,0,0,0,0,0,25,25,23,1,1,0,0,0,0,2,2,0,0,3,11,2,1
533862374,0,,,85,46,39,8,6,2,77,40,37,29,15,14,76,39,37,74,38,36,48,25,23,21,13,8,6,3,3,1,1,0,0,0,0,46,46,20,20,2,1,3,0,0,26,24,2,2,31,0,11,16
533862381,0,,,33,19,14,4,3,1,29,16,13,19,10,9,29,16,13,29,16,13,10,6,4,5,3,2,2,1,1,0,0,0,1,1,0,15,15,4,7,1,3,0,0,0,10,9,1,1,8,0,3,3
533862382,0,,,16,8,8,1,1,0,15,7,8,8,3,5,15,7,8,15,7,8,7,4,3,2,2,0,1,1,0,0,0,0,0,0,0,8,8,1,6,1,0,0,0,0,7,7,0,1,5,0,1,2
533862383,0,,,58,31,27,4,2,2,54,29,25,28,17,11,54,29,25,53,28,25,26,12,14,11,5,6,1,0,1,0,0,0,0,0,0,29,29,8,14,6,1,0,0,0,21,20,1,0,18,0,7,7
533862384,0,,,74,37,37,7,1,6,67,36,31,36,20,16,65,34,31,64,33,31,31,16,15,15,6,9,6,1,5,0,0,0,1,1,0,33,33,10,13,5,3,1,1,0,22,18,4,4,20,3,3,7
533862391,0,,,111,50,61,16,8,8,95,42,53,49,22,27,92,42,50,91,41,50,46,20,26,19,9,10,5,1,4,1,0,1,0,0,0,48,48,17,14,7,7,1,2,0,31,28,3,4,32,0,14,10
533862392,0,,,88,42,46,3,1,2,85,41,44,43,19,24,84,41,43,84,41,43,42,22,20,21,10,11,9,4,5,1,0,1,0,0,0,40,40,10,20,6,2,1,0,1,30,26,4,1,29,0,6,15
533862393,0,,,76,37,39,8,7,1,68,30,38,29,10,19,68,30,38,68,30,38,39,20,19,13,7,6,2,0,2,1,0,1,1,1,0,32,32,5,17,4,5,1,0,0,26,24,2,2,22,0,2,11
533862394,0,,,52,25,27,3,2,1,49,23,26,24,12,12,47,22,25,47,22,25,25,11,14,18,10,8,2,1,1,0,0,0,1,1,0,25,25,7,12,3,3,0,0,0,18,16,2,0,16,0,5,8
533862412,0,,,141,67,74,4,0,4,137,67,70,80,46,34,137,67,70,136,66,70,57,21,36,39,14,25,20,6,14,2,0,2,0,0,0,58,58,21,13,12,7,1,3,1,37,26,11,2,39,0,13,3
533862413,2,533862414,,2,1,1,*,*,*,*,*,*,*,*,*,*,*,*,*,*,*,*,*,*,*,*,*,*,*,*,*,*,*,*,*,*,2,2,*,*,*,*,*,*,*,*,*,*,*,*,*,*,*
533862414,1,,533862413,46,21,25,2,1,1,46,21,25,18,8,10,45,21,24,45,21,24,28,13,15,16,6,10,5,2,3,2,1,1,1,0,1,23,23,10,11,2,1,0,1,0,15,13,2,1,22,0,9,5
533862421,0,,,29,12,17,2,0,2,27,12,15,13,4,9,27,12,15,27,12,15,14,8,6,7,4,3,4,3,1,0,0,0,0,0,0,11,11,0,5,5,1,0,0,0,11,10,1,1,8,0,0,3
533862431,0,,,21,11,10,1,1,0,20,10,10,14,8,6,17,8,9,16,8,8,6,2,4,3,1,2,3,1,2,0,0,0,0,0,0,8,8,1,4,1,1,1,0,0,7,7,0,0,4,0,1,2
533862432,0,,,81,39,42,8,5,3,73,34,39,37,17,20,69,33,36,69,33,36,36,17,19,18,7,11,5,2,3,3,1,2,0,0,0,39,39,14,13,8,3,1,0,0,24,21,3,1,26,0,11,7
533862433,0,,,60,34,26,10,8,2,50,26,24,34,20,14,48,24,24,48,24,24,16,6,10,9,4,5,6,1,5,0,0,0,0,0,0,23,23,6,7,3,5,1,1,0,16,13,3,2,10,0,4,2
533862434,0,,,17,8,9,5,3,2,12,5,7,10,3,7,12,5,7,12,5,7,2,2,0,0,0,0,0,0,0,0,0,0,1,0,1,7,7,2,2,1,2,0,0,0,5,5,0,0,2,0,0,1
533862441,0,,,25,12,13,0,0,0,25,12,13,15,6,9,25,12,13,25,12,13,10,6,4,8,5,3,1,1,0,0,0,0,0,0,0,10,10,2,4,2,1,1,0,0,8,7,1,0,7,0,2,3
533862442,0,,,36,17,19,3,2,1,33,15,18,19,8,11,33,15,18,32,14,18,14,7,7,7,3,4,0,0,0,0,0,0,0,0,0,21,21,12,3,6,0,0,0,0,9,7,2,2,10,1,5,2
533862443,0,,,37,17,20,3,3,0,34,14,20,23,9,14,34,14,20,31,13,18,11,5,6,10,4,6,4,1,3,0,0,0,0,0,0,11,11,1,2,3,3,1,1,0,10,6,4,2,8,0,1,2
533862444,0,,,45,13,32,3,1,2,42,12,30,31,8,23,41,12,29,40,12,28,11,4,7,6,2,4,1,0,1,1,0,1,0,0,0,28,28,18,4,5,1,0,0,0,10,9,1,2,8,10,3,3
533862451,0,,,177,88,89,18,10,8,159,78,81,72,39,33,155,76,79,152,74,78,87,39,48,36,16,20,11,3,8,1,0,1,3,1,2,80,80,21,37,12,6,3,0,1,59,55,4,3,59,0,18,23
533862452,0,,,24,17,7,0,0,0,22,16,6,17,14,3,22,16,6,22,16,6,5,2,3,4,2,2,1,0,1,0,0,0,4,4,0,20,20,16,4,0,0,0,0,0,3,3,0,0,3,9,1,1
533862453,0,,,31,15,16,5,3,2,26,12,14,13,5,8,26,12,14,26,12,14,13,7,6,6,3,3,2,1,1,0,0,0,0,0,0,12,12,1,6,2,3,0,0,0,11,10,1,1,7,0,0,5
533862454,0,,,24,13,11,3,3,0,21,10,11,12,6,6,21,10,11,20,10,10,9,4,5,5,2,3,0,0,0,0,0,0,0,0,0,11,11,3,5,2,0,1,0,0,8,7,1,0,6,1,2,3
533862462,2,533862464,,8,5,3,*,*,*,*,*,*,*,*,*,*,*,*,*,*,*,*,*,*,*,*,*,*,*,*,*,*,*,*,*,*,7,7,*,*,*,*,*,*,*,*,*,*,*,*,*,*,*
533862463,0,,,64,28,36,1,0,1,63,28,35,24,9,15,61,27,34,60,27,33,39,19,20,22,12,10,3,2,1,0,0,0,1,0,1,30,30,7,17,3,2,0,1,0,23,20,3,0,25,0,6,12
533862464,1,,533862462,78,41,37,7,4,3,79,42,37,48,23,25,78,42,36,77,41,36,31,19,12,12,8,4,3,2,1,0,0,0,2,2,0,35,35,14,17,7,3,1,0,0,26,26,0,4,23,0,9,8
533862471,0,,,136,62,74,18,6,12,117,55,62,61,31,30,113,53,60,111,52,59,56,24,32,33,16,17,8,4,4,0,0,0,1,1,0,63,63,22,24,7,7,2,0,1,41,37,4,5,38,4,13,16
533862472,0,,,98,50,48,10,7,3,88,43,45,56,29,27,88,43,45,87,42,45,32,14,18,13,6,7,1,0,1,0,0,0,0,0,0,52,51,28,12,6,3,1,1,0,23,19,4,2,23,3,10,7
533862473,0,,,89,33,56,3,0,3,85,32,53,19,6,13,83,31,52,82,31,51,66,26,40,46,17,29,33,11,22,5,0,5,0,0,0,65,65,48,13,2,1,1,0,0,15,14,1,0,57,0,44,7
533862474,0,,,271,89,182,9,6,3,261,82,179,77,42,35,258,81,177,257,80,177,184,40,144,155,27,128,121,16,105,40,4,36,1,0,1,40,38,10,14,7,5,2,0,0,28,25,3,1,22,0,6,7
533862481,0,,,30,13,17,4,1,3,26,12,14,10,5,5,26,12,14,26,12,14,16,7,9,8,3,5,4,1,3,0,0,0,0,0,0,12,12,1,6,3,2,0,0,0,11,10,1,2,9,0,1,5
533862482,0,,,81,39,42,7,5,2,74,34,40,39,19,20,72,33,39,72,33,39,35,15,20,15,7,8,6,3,3,0,0,0,0,0,0,40,40,14,18,3,3,2,0,0,25,23,2,0,26,0,9,10
533862483,0,,,53,33,20,6,4,2,47,29,18,25,12,13,46,29,17,45,29,16,22,17,5,8,5,3,2,1,1,0,0,0,0,0,0,19,18,3,11,1,0,3,0,0,15,15,0,1,10,0,2,7
533862484,0,,,43,21,22,1,0,1,42,21,21,22,12,10,41,20,21,39,18,21,20,9,11,9,4,5,4,2,2,0,0,0,1,1,0,20,20,4,11,3,2,0,0,0,16,14,2,1,13,0,3,7
533862491,0,,,117,59,58,12,8,4,105,51,54,55,25,30,104,50,54,103,49,54,50,26,24,22,13,9,5,0,5,0,0,0,0,0,0,52,52,15,21,8,6,0,2,0,37,31,6,4,34,0,12,12
533862492,1,,533862494,19,11,8,0,0,0,28,17,11,14,10,4,26,15,11,24,13,11,14,7,7,7,3,4,4,2,2,0,0,0,0,0,0,8,8,1,7,3,1,0,0,0,11,11,0,0,8,0,1,5
533862493,0,,,63,32,31,5,4,1,58,28,30,35,18,17,56,27,29,55,26,29,23,10,13,12,7,5,3,2,1,0,0,0,1,1,0,29,29,9,12,4,2,2,0,0,20,20,0,0,16,0,5,6
533862494,2,533862492,,9,6,3,*,*,*,*,*,*,*,*,*,*,*,*,*,*,*,*,*,*,*,*,*,*,*,*,*,*,*,*,*,*,4,4,*,*,*,*,*,*,*,*,*,*,*,*,*,*,*
533862502,2,533862504,,7,5,2,*,*,*,*,*,*,*,*,*,*,*,*,*,*,*,*,*,*,*,*,*,*,*,*,*,*,*,*,*,*,2,2,*,*,*,*,*,*,*,*,*,*,*,*,*,*,*
533862503,0,,,44,21,23,0,0,0,44,21,23,15,6,9,44,21,23,44,21,23,29,15,14,16,8,8,6,4,2,2,1,1,2,1,1,21,21,5,9,7,0,0,0,0,15,14,1,0,18,0,5,6
533862504,1,,533862502,34,19,15,1,1,0,40,23,17,17,11,6,40,23,17,39,23,16,23,12,11,9,4,5,6,3,3,1,1,0,0,0,0,15,15,7,1,5,3,1,0,0,10,6,4,0,15,0,6,1
533862511,2,533862513,,1,1,0,*,*,*,*,*,*,*,*,*,*,*,*,*,*,*,*,*,*,*,*,*,*,*,*,*,*,*,*,*,*,1,1,*,*,*,*,*,*,*,*,*,*,*,*,*,*,*
533862512,0,,,117,53,64,12,4,8,105,49,56,66,32,34,97,48,49,94,45,49,39,17,22,18,7,11,3,1,2,0,0,0,0,0,0,50,50,14,17,8,10,1,0,0,36,35,1,2,26,0,11,12
533862513,1,,533862511,24,14,10,1,0,1,24,15,9,11,8,3,22,13,9,22,13,9,13,7,6,11,6,5,5,3,2,0,0,0,0,0,0,9,9,3,3,2,1,0,1,0,7,5,2,0,10,0,3,1
533862514,0,,,145,65,80,12,6,6,133,59,74,70,35,35,132,58,74,132,58,74,63,24,39,33,8,25,13,1,12,1,0,1,1,0,1,68,68,25,22,11,7,3,0,0,43,36,7,2,48,0,22,12
533862521,0,,,52,28,24,2,1,1,50,27,23,32,19,13,47,24,23,46,24,22,18,8,10,10,4,6,4,1,3,0,0,0,0,0,0,17,17,1,7,1,6,2,0,0,16,15,1,0,11,0,1,3
533862522,2,533862524,,6,4,2,*,*,*,*,*,*,*,*,*,*,*,*,*,*,*,*,*,*,*,*,*,*,*,*,*,*,*,*,*,*,3,3,*,*,*,*,*,*,*,*,*,*,*,*,*,*,*
533862523,0,,,278,135,143,33,14,19,244,121,123,123,65,58,238,117,121,233,113,120,121,56,65,62,29,33,17,8,9,1,0,1,3,2,1,117,117,28,49,22,8,8,0,2,87,77,10,8,80,1,16,28
533862524,1,,533862522,41,19,22,4,2,2,43,21,22,18,8,10,43,21,22,42,20,22,25,13,12,14,6,8,5,2,3,2,0,2,0,0,0,18,18,8,4,5,4,0,0,0,13,11,2,0,16,0,6,4
533862531,0,,,86,39,47,9,5,4,77,34,43,44,22,22,77,34,43,74,32,42,33,12,21,15,4,11,6,1,5,0,0,0,0,0,0,34,34,6,13,9,4,1,1,0,28,23,5,5,22,0,5,6
533862532,0,,,44,21,23,2,1,1,42,20,22,15,9,6,42,20,22,42,20,22,27,11,16,15,5,10,11,2,9,1,0,1,0,0,0,23,23,9,7,7,0,0,0,0,13,11,2,1,19,0,8,4
533862533,2,533862534,,6,3,3,*,*,*,*,*,*,*,*,*,*,*,*,*,*,*,*,*,*,*,*,*,*,*,*,*,*,*,*,*,*,3,3,*,*,*,*,*,*,*,*,*,*,*,*,*,*,*
533862534,1,,533862533,123,57,66,20,9,11,109,51,58,57,25,32,107,51,56,106,51,55,52,26,26,26,15,11,6,2,4,0,0,0,0,0,0,46,46,13,13,10,8,2,3,0,35,28,7,4,34,0,10,10
533862541,0,,,28,14,14,3,2,1,25,12,13,12,5,7,25,12,13,25,12,13,13,7,6,4,2,2,1,0,1,1,0,1,0,0,0,12,12,1,8,1,2,0,0,0,11,10,1,0,8,0,0,6
533862542,0,,,19,10,9,0,0,0,19,10,9,17,8,9,19,10,9,18,9,9,2,2,0,0,0,0,0,0,0,0,0,0,3,1,2,14,14,10,3,1,0,0,0,0,4,4,0,0,2,9,0,0
533862543,0,,,63,47,16,43,36,7,20,11,9,17,9,8,14,6,8,12,6,6,3,2,1,1,1,0,0,0,0,0,0,0,0,0,0,8,7,2,2,1,1,0,0,1,5,4,1,1,2,1,0,1
533862551,1,,533862552;533862553,51,25,26,7,4,3,55,26,29,37,17,20,52,24,28,52,24,28,18,9,9,9,5,4,0,0,0,0,0,0,0,0,0,27,27,19,10,2,3,1,0,0,16,16,0,1,12,6,3,7
533862552,2,533862551,,7,3,4,*,*,*,*,*,*,*,*,*,*,*,*,*,*,*,*,*,*,*,*,*,*,*,*,*,*,*,*,*,*,4,4,*,*,*,*,*,*,*,*,*,*,*,*,*,*,*
533862553,2,533862551,,4,2,2,*,*,*,*,*,*,*,*,*,*,*,*,*,*,*,*,*,*,*,*,*,*,*,*,*,*,*,*,*,*,4,4,*,*,*,*,*,*,*,*,*,*,*,*,*,*,*
533862561,0,,,65,28,37,3,2,1,62,26,36,34,15,19,62,26,36,62,26,36,28,11,17,11,3,8,2,0,2,0,0,0,1,0,1,32,32,10,15,4,2,1,0,0,20,18,2,1,17,0,5,7
533862562,0,,,130,65,65,11,6,5,119,59,60,65,30,35,111,53,58,109,51,58,54,29,25,14,7,7,3,1,2,0,0,0,2,1,1,58,58,15,24,9,10,0,0,0,43,39,4,1,34,0,9,15
533862563,0,,,95,40,55,5,1,4,90,39,51,48,20,28,87,37,50,86,36,50,42,19,23,24,10,14,6,3,3,0,0,0,2,1,1,48,48,15,24,5,3,1,0,0,33,33,0,1,26,3,7,15
533862564,0,,,58,26,32,6,2,4,52,24,28,22,8,14,50,23,27,50,23,27,30,16,14,9,4,5,1,0,1,0,0,0,1,1,0,28,28,9,14,1,3,0,1,0,18,17,1,1,20,0,5,10
533862571,0,,,86,42,44,5,4,1,81,38,43,32,14,18,81,38,43,79,38,41,49,24,25,27,15,12,4,2,2,0,0,0,0,0,0,41,41,7,25,7,2,0,0,0,34,31,3,2,29,0,6,19
533862572,0,,,56,28,28,4,2,2,52,26,26,19,8,11,51,26,25,51,26,25,33,18,15,23,13,10,6,3,3,0,0,0,0,0,0,27,27,6,14,6,1,0,0,0,21,19,2,2,21,0,6,11
533862573,0,,,35,19,16,2,0,2,33,19,14,17,11,6,31,18,13,30,17,13,16,8,8,7,4,3,1,0,1,0,0,0,1,0,1,16,16,5,7,1,2,1,0,0,11,10,1,0,11,0,3,4
533862574,0,,,21,10,11,1,1,0,20,9,11,6,3,3,20,9,11,20,9,11,14,6,8,8,4,4,4,1,3,1,0,1,0,0,0,11,11,4,6,0,0,1,0,0,7,6,1,1,9,0,4,4
533862581,0,,,102,52,50,3,2,1,99,50,49,50,28,22,98,49,49,96,49,47,49,22,27,29,13,16,10,3,7,2,1,1,2,0,2,53,53,23,17,9,2,2,0,0,30,28,2,0,32,0,13,8
533862582,0,,,139,74,65,10,5,5,129,69,60,66,37,29,129,69,60,128,69,59,63,32,31,25,13,12,3,1,2,0,0,0,0,0,0,53,52,15,25,6,5,0,0,1,36,33,3,2,34,0,12,15
533862583,0,,,64,27,37,0,0,0,64,27,37,29,12,17,63,27,36,63,27,36,35,15,20,19,7,12,5,1,4,0,0,0,1,0,1,25,25,4,11,5,3,1,1,0,21,17,4,0,20,0,3,8
533862584,0,,,34,16,18,0,0,0,34,16,18,8,2,6,34,16,18,34,16,18,26,14,12,12,6,6,1,0,1,0,0,0,0,0,0,19,19,4,15,0,0,0,0,0,15,15,0,0,16,0,3,11
533862591,0,,,32,14,18,1,0,1,31,14,17,18,8,10,31,14,17,31,14,17,13,6,7,7,3,4,0,0,0,0,0,0,0,0,0,20,20,10,8,2,0,0,0,0,10,10,0,0,11,0,6,1
533862593,0,,,17,7,10,4,2,2,13,5,8,13,5,8,13,5,8,13,5,8,0,0,0,0,0,0,0,0,0,0,0,0,1,0,1,11,11,6,4,1,0,0,0,0,5,5,0,0,0,1,0,0
533862594,0,,,22,10,12,3,2,1,19,8,11,9,3,6,19,8,11,19,8,11,10,5,5,8,4,4,1,1,0,0,0,0,0,0,0,10,10,2,5,2,1,0,0,0,8,8,0,2,7,0,2,4
533862601,1,,533862604,104,51,53,7,4,3,98,48,50,52,27,25,97,48,49,97,48,49,46,21,25,27,12,15,11,4,7,2,0,2,2,1,1,44,44,13,18,6,3,4,1,0,31,27,4,2,28,1,7,8
533862602,0,,,18,8,10,0,0,0,18,8,10,6,3,3,17,7,10,17,7,10,12,5,7,8,3,5,3,0,3,1,0,1,0,0,0,7,7,2,1,2,2,0,0,0,5,3,2,0,6,0,2,1
533862603,1,,533862703,35,19,16,11,4,7,26,16,10,18,12,6,26,16,10,26,16,10,8,4,4,3,1,2,1,0,1,0,0,0,8,7,1,15,15,8,4,0,2,1,0,1,8,7,1,4,5,6,0,2
533862604,2,533862601,,1,1,0,*,*,*,*,*,*,*,*,*,*,*,*,*,*,*,*,*,*,*,*,*,*,*,*,*,*,*,*,*,*,1,1,*,*,*,*,*,*,*,*,*,*,*,*,*,*,*
533862611,1,,533862613,49,22,27,0,0,0,50,22,28,25,12,13,49,21,28,49,21,28,25,10,15,13,4,9,6,1,5,1,0,1,0,0,0,22,22,9,6,4,3,1,0,0,13,9,4,0,18,0,7,6
533862612,0,,,108,49,59,13,5,8,95,44,51,52,25,27,94,43,51,93,43,50,43,19,24,27,11,16,8,2,6,0,0,0,0,0,0,42,42,12,14,5,3,7,1,0,30,23,7,5,31,0,11,5
533862613,2,533862611,,1,0,1,*,*,*,*,*,*,*,*,*,*,*,*,*,*,*,*,*,*,*,*,*,*,*,*,*,*,*,*,*,*,1,1,*,*,*,*,*,*,*,*,*,*,*,*,*,*,*
533862614,0,,,67,35,32,6,4,2,61,31,30,36,18,18,57,29,28,57,29,28,25,13,12,10,3,7,3,1,2,0,0,0,0,0,0,28,28,5,13,6,3,0,1,0,23,20,3,0,16,0,3,7
533862621,1,,533862622,151,68,83,10,5,5,149,67,82,78,38,40,143,66,77,142,66,76,71,29,42,39,12,27,12,3,9,2,0,2,2,0,2,67,67,21,27,13,5,5,0,0,49,39,10,2,51,0,14,12
533862622,2,533862621,,8,4,4,*,*,*,*,*,*,*,*,*,*,*,*,*,*,*,*,*,*,*,*,*,*,*,*,*,*,*,*,*,*,4,4,*,*,*,*,*,*,*,*,*,*,*,*,*,*,*
533862623,0,,,143,66,77,23,14,9,120,52,68,51,22,29,119,52,67,118,52,66,69,30,39,32,13,19,13,4,9,1,0,1,3,0,3,59,59,15,27,5,4,6,1,1,44,37,7,4,46,0,12,19
533862624,0,,,155,54,101,6,4,2,149,50,99,33,16,17,147,50,97,146,49,97,116,34,82,101,24,77,81,15,66,21,2,19,0,0,0,27,26,5,10,8,3,0,0,0,21,20,1,1,18,0,4,3
533862632,2,533862634,,5,3,2,*,*,*,*,*,*,*,*,*,*,*,*,*,*,*,*,*,*,*,*,*,*,*,*,*,*,*,*,*,*,2,2,*,*,*,*,*,*,*,*,*,*,*,*,*,*,*
533862634,1,,533862632,10,6,4,2,1,1,13,8,5,10,7,3,11,6,5,11,6,5,3,1,2,3,1,2,3,1,2,0,0,0,0,0,0,2,2,1,0,0,2,0,1,0,3,1,2,1,3,0,1,0
533862641,0,,,57,30,27,2,1,1,55,29,26,26,12,14,54,29,25,53,28,25,29,17,12,19,12,7,5,3,2,0,0,0,0,0,0,27,27,9,11,4,1,2,0,0,17,15,2,1,20,0,7,8
533862643,0,,,105,51,54,7,5,2,98,46,52,49,26,23,92,42,50,89,39,50,49,20,29,23,9,14,9,2,7,1,1,0,0,0,0,45,45,15,18,3,4,3,0,2,30,23,7,2,34,0,13,10
533862644,0,,,29,14,15,2,1,1,27,13,14,16,9,7,26,12,14,26,12,14,11,4,7,4,0,4,1,0,1,0,0,0,0,0,0,10,10,2,2,3,2,0,1,0,7,3,4,1,7,0,1,2
533862651,0,,,28,13,15,7,2,5,21,11,10,13,7,6,19,9,10,19,9,10,8,4,4,3,1,2,0,0,0,0,0,0,2,0,2,10,10,3,3,1,1,0,2,0,7,6,1,2,4,1,0,3
533862652,0,,,39,23,16,6,4,2,33,19,14,16,9,7,33,19,14,32,18,14,17,10,7,7,5,2,0,0,0,0,0,0,0,0,0,19,19,7,7,2,3,0,0,0,12,12,0,0,11,0,5,5
533862653,0,,,63,28,35,3,1,2,60,27,33,30,13,17,58,27,31,57,27,30,30,14,16,11,3,8,4,0,4,1,0,1,0,0,0,33,33,12,16,2,2,1,0,0,21,19,2,0,21,0,8,5
533862654,0,,,52,19,33,2,0,2,50,19,31,19,6,13,49,18,31,48,18,30,31,13,18,19,10,9,1,0,1,0,0,0,0,0,0,28,28,10,13,4,1,0,0,0,17,17,0,0,20,0,8,9
533862661,1,,533862663,63,32,31,8,6,2,59,28,31,33,13,20,59,28,31,58,28,30,26,15,11,7,4,3,3,2,1,0,0,0,0,0,0,31,31,10,15,5,3,0,0,0,23,23,0,3,16,2,3,10
533862662,0,,,10,5,5,0,0,0,10,5,5,5,2,3,10,5,5,10,5,5,5,3,2,1,0,1,1,0,1,0,0,0,0,0,0,5,5,1,3,1,0,0,0,0,4,3,1,0,3,0,0,2
533862663,2,533862661,,4,2,2,*,*,*,*,*,*,*,*,*,*,*,*,*,*,*,*,*,*,*,*,*,*,*,*,*,*,*,*,*,*,2,2,*,*,*,*,*,*,*,*,*,*,*,*,*,*,*
533862671,0,,,53,24,29,6,3,3,47,21,26,25,12,13,46,20,26,44,20,24,22,9,13,15,7,8,4,3,1,0,0,0,2,1,1,24,24,7,11,1,4,1,0,0,17,15,2,2,15,0,5,7
533862672,1,,533862674,30,15,15,0,0,0,32,16,16,6,3,3,32,16,16,32,16,16,26,13,13,17,9,8,3,2,1,0,0,0,0,0,0,17,17,6,10,2,0,0,0,0,12,12,0,0,16,0,5,8
533862674,2,533862672,,2,1,1,*,*,*,*,*,*,*,*,*,*,*,*,*,*,*,*,*,*,*,*,*,*,*,*,*,*,*,*,*,*,1,1,*,*,*,*,*,*,*,*,*,*,*,*,*,*,*
533862681,0,,,89,45,44,5,3,2,84,42,42,23,11,12,84,42,42,84,42,42,61,31,30,26,18,8,2,1,1,0,0,0,0,0,0,51,51,19,29,1,1,1,0,0,32,31,1,2,40,0,14,20
533862682,0,,,35,21,14,4,4,0,30,16,14,18,8,10,30,16,14,30,16,14,12,8,4,0,0,0,0,0,0,0,0,0,0,0,0,18,18,8,5,3,2,0,0,0,10,10,0,1,8,3,2,2
533862683,0,,,18,7,11,1,0,1,17,7,10,9,4,5,16,6,10,16,6,10,8,3,5,5,2,3,0,0,0,0,0,0,0,0,0,10,10,4,5,0,1,0,0,0,6,5,1,1,6,0,2,3
533862684,0,,,21,9,12,0,0,0,21,9,12,4,1,3,21,9,12,21,9,12,17,8,9,7,2,5,1,0,1,0,0,0,0,0,0,15,15,9,6,0,0,0,0,0,6,6,0,0,13,0,8,5
533862692,0,,,13,6,7,0,0,0,13,6,7,2,0,2,13,6,7,13,6,7,11,6,5,4,3,1,0,0,0,0,0,0,0,0,0,7,7,2,4,1,0,0,0,0,5,5,0,0,7,0,2,4
533862693,1,,533862694,45,27,18,0,0,0,47,28,19,18,9,9,47,28,19,46,27,19,29,19,10,15,13,2,0,0,0,0,0,0,1,1,0,30,30,19,11,2,0,0,0,0,12,12,0,0,22,0,14,7
533862694,2,533862693,,2,1,1,*,*,*,*,*,*,*,*,*,*,*,*,*,*,*,*,*,*,*,*,*,*,*,*,*,*,*,*,*,*,2,2,*,*,*,*,*,*,*,*,*,*,*,*,*,*,*
533862703,2,533862603,,2,1,1,*,*,*,*,*,*,*,*,*,*,*,*,*,*,*,*,*,*,*,*,*,*,*,*,*,*,*,*,*,*,1,1,*,*,*,*,*,*,*,*,*,*,*,*,*,*,*
533862712,1,,533862714,16,10,6,6,5,1,18,9,9,10,5,5,18,9,9,18,9,9,8,4,4,8,4,4,1,1,0,0,0,0,0,0,0,5,5,1,2,2,2,1,0,0,7,5,2,3,4,0,1,1
533862714,2,533862712,,8,4,4,*,*,*,*,*,*,*,*,*,*,*,*,*,*,*,*,*,*,*,*,*,*,*,*,*,*,*,*,*,*,3,3,*,*,*,*,*,*,*,*,*,*,*,*,*,*,*
533862721,1,,533862723,51,27,24,5,2,3,51,26,25,27,14,13,51,26,25,51,26,25,24,12,12,12,7,5,3,2,1,0,0,0,3,2,1,23,23,4,14,2,2,2,0,0,19,17,2,3,14,0,1,7
533862722,0,,,30,13,17,7,5,2,23,8,15,20,8,12,20,8,12,19,7,12,3,0,3,2,0,2,0,0,0,0,0,0,0,0,0,10,10,2,4,0,2,1,0,1,7,7,0,1,3,0,2,0
533862723,2,533862721,,5,1,4,*,*,*,*,*,*,*,*,*,*,*,*,*,*,*,*,*,*,*,*,*,*,*,*,*,*,*,*,*,*,1,1,*,*,*,*,*,*,*,*,*,*,*,*,*,*,*
533862741,0,,,54,24,30,5,3,2,49,21,28,27,13,14,48,21,27,47,20,27,22,8,14,12,2,10,6,0,6,2,0,2,0,0,0,20,20,6,5,3,4,0,1,1,14,12,2,0,14,0,4,3
533862742,1,,533862744,37,21,16,0,0,0,38,21,17,15,11,4,38,21,17,38,21,17,23,10,13,16,7,9,3,2,1,0,0,0,0,0,0,18,18,5,10,3,1,0,0,0,14,14,0,0,13,0,1,9
533862744,2,533862742,,1,0,1,*,*,*,*,*,*,*,*,*,*,*,*,*,*,*,*,*,*,*,*,*,*,*,*,*,*,*,*,*,*,1,1,*,*,*,*,*,*,*,*,*,*,*,*,*,*,*
533862751,0,,,18,7,11,0,0,0,18,7,11,11,3,8,17,7,10,17,7,10,7,4,3,1,0,1,0,0,0,0,0,0,0,0,0,11,11,4,7,0,0,0,0,0,7,7,0,0,5,0,1,2
533862752,0,,,16,8,8,0,0,0,16,8,8,10,4,6,16,8,8,16,8,8,6,4,2,4,2,2,1,0,1,0,0,0,0,0,0,10,10,6,2,2,0,0,0,0,4,3,1,0,4,0,2,0
533862782,0,,,17,8,9,0,0,0,17,8,9,10,4,6,17,8,9,17,8,9,7,4,3,3,2,1,0,0,0,0,0,0,0,0,0,10,10,5,4,0,1,0,0,0,5,5,0,0,5,0,3,2
533862791,1,,533862792,14,6,8,0,0,0,16,7,9,4,3,1,16,7,9,16,7,9,12,4,8,5,3,2,1,0,1,0,0,0,0,0,0,9,9,5,4,1,0,0,0,0,5,4,1,0,7,0,3,3
533862792,2,533862791,,2,1,1,*,*,*,*,*,*,*,*,*,*,*,*,*,*,*,*,*,*,*,*,*,*,*,*,*,*,*,*,*,*,1,1,*,*,*,*,*,*,*,*,*,*,*,*,*,*,*
533862812,0,,,20,9,11,1,0,1,19,9,10,9,6,3,19,9,10,19,9,10,10,3,7,4,0,4,3,0,3,1,0,1,0,0,0,7,7,2,2,1,0,1,1,0,5,3,2,1,6,0,2,2
533862814,0,,,126,59,67,19,9,10,107,50,57,57,28,29,101,44,57,100,43,57,50,22,28,32,14,18,16,5,11,1,0,1,0,0,0,42,42,7,11,9,7,6,2,0,35,21,14,2,29,0,6,8
533862821,0,,,45,21,24,6,3,3,39,18,21,28,12,16,38,18,20,38,18,20,11,6,5,5,3,2,1,0,1,1,0,1,0,0,0,20,20,5,9,3,2,1,0,0,14,14,0,2,7,0,1,4
533862823,0,,,98,51,47,6,4,2,92,47,45,40,17,23,89,46,43,89,46,43,52,30,22,24,13,11,5,2,3,0,0,0,7,4,3,45,45,13,20,6,4,1,1,0,32,29,3,3,33,0,9,14
533862824,0,,,96,48,48,2,0,2,94,48,46,25,9,16,94,48,46,94,48,46,69,39,30,18,11,7,3,2,1,0,0,0,0,0,0,52,52,13,34,5,0,0,0,0,39,38,1,0,41,0,10,27
533862902,0,,,217,105,112,30,14,16,187,91,96,101,52,49,183,87,96,182,87,95,86,39,47,52,21,31,16,5,11,2,0,2,0,0,0,73,73,8,25,17,12,8,2,1,65,47,18,5,52,0,6,14
533862903,0,,,83,43,40,9,5,4,74,38,36,45,25,20,70,35,35,70,35,35,29,13,16,13,6,7,7,2,5,0,0,0,5,2,3,30,30,4,12,5,7,0,2,0,26,20,6,1,17,0,1,5
533862904,0,,,61,32,29,9,4,5,52,28,24,26,13,13,51,28,23,51,28,23,26,15,11,10,6,4,3,1,2,1,1,0,1,0,1,23,23,4,6,8,4,1,0,0,19,15,4,2,16,0,4,5
533862911,0,,,21,10,11,0,0,0,21,10,11,9,4,5,21,10,11,21,10,11,12,6,6,11,6,5,4,3,1,0,0,0,1,1,0,11,11,4,6,0,0,1,0,0,7,6,1,0,8,1,3,3
533862912,0,,,15,8,7,2,0,2,13,8,5,4,3,1,13,8,5,13,8,5,9,5,4,6,3,3,0,0,0,0,0,0,0,0,0,4,4,0,0,3,0,0,1,0,3,2,1,0,4,0,0,0
533862913,0,,,246,125,121,28,16,12,218,109,109,114,59,55,210,105,105,207,102,105,104,50,54,49,20,29,19,5,14,0,0,0,0,0,0,100,100,23,40,16,12,7,2,0,75,63,12,5,65,1,17,22
533862914,0,,,93,45,48,15,6,9,78,39,39,52,25,27,75,37,38,73,35,38,26,14,12,15,7,8,7,3,4,1,0,1,0,0,0,28,28,2,10,4,6,3,1,2,26,20,6,3,16,0,1,5
533862921,1,,533862922,28,11,17,5,1,4,24,10,14,15,7,8,23,10,13,23,10,13,9,3,6,5,2,3,5,2,3,1,0,1,0,0,0,11,11,5,1,3,2,1,0,0,7,5,2,1,7,0,4,1
533862922,2,533862921,,1,0,1,*,*,*,*,*,*,*,*,*,*,*,*,*,*,*,*,*,*,*,*,*,*,*,*,*,*,*,*,*,*,1,1,*,*,*,*,*,*,*,*,*,*,*,*,*,*,*
533863001,0,,,104,48,56,12,6,6,92,42,50,48,20,28,88,42,46,87,42,45,44,22,22,17,7,10,9,4,5,0,0,0,2,1,1,42,42,11,13,9,5,4,0,0,31,26,5,3,29,0,7,10
533863002,0,,,94,49,45,6,4,2,88,45,43,40,21,19,87,44,43,87,44,43,48,24,24,29,13,16,14,7,7,3,2,1,0,0,0,35,34,10,12,7,4,1,0,0,24,23,1,2,21,0,7,9
533863003,0,,,106,48,58,12,8,4,94,40,54,55,26,29,90,37,53,89,37,52,39,14,25,19,5,14,5,0,5,0,0,0,0,0,0,39,39,7,16,4,7,4,0,1,32,23,9,3,27,0,5,10
533863011,0,,,126,58,68,11,4,7,115,54,61,68,35,33,113,52,61,112,51,61,47,19,28,25,8,17,9,1,8,2,0,2,1,0,1,50,50,9,19,12,7,3,0,0,41,34,7,3,30,0,6,10
533863012,0,,,106,50,56,7,2,5,97,47,50,58,30,28,94,45,49,94,45,49,39,17,22,20,9,11,8,4,4,0,0,0,0,0,0,46,46,11,19,10,3,3,0,0,34,31,3,3,27,1,8,10
533863013,0,,,95,49,46,8,5,3,87,44,43,54,26,28,82,41,41,82,41,41,33,18,15,18,10,8,4,2,2,0,0,0,1,0,1,40,40,8,19,6,5,1,1,0,32,31,1,3,21,0,4,14
533863014,0,,,144,71,73,12,8,4,132,63,69,69,36,33,127,59,68,123,57,66,63,27,36,22,9,13,9,4,5,1,0,1,1,0,1,58,58,15,19,12,8,1,3,0,43,36,7,2,42,1,12,12
533863021,0,,,106,52,54,31,17,14,75,35,40,58,29,29,69,31,38,69,31,38,17,6,11,11,3,8,2,0,2,0,0,0,5,3,2,35,35,6,11,5,6,4,2,1,29,25,4,7,12,0,2,3
533863022,0,,,103,48,55,15,8,7,88,40,48,43,18,25,88,40,48,87,39,48,45,22,23,16,5,11,6,1,5,1,0,1,1,1,0,42,42,11,15,8,4,3,0,1,31,24,7,4,31,0,7,11
533863023,0,,,117,59,58,11,6,5,106,53,53,53,28,25,101,51,50,98,48,50,53,25,28,20,10,10,4,1,3,0,0,0,1,0,1,43,43,8,16,8,5,4,1,1,35,29,6,3,33,0,8,11
533863024,0,,,136,65,71,17,8,9,119,57,62,67,36,31,111,52,59,106,48,58,52,21,31,20,5,15,9,0,9,1,0,1,0,0,0,57,57,19,12,15,7,4,0,0,38,32,6,7,35,0,15,8
533863031,0,,,83,41,42,6,3,3,77,38,39,35,18,17,76,37,39,76,37,39,42,20,22,16,8,8,3,1,2,1,0,1,1,0,1,38,38,10,16,7,5,0,0,0,28,25,3,4,25,0,8,12
533863032,0,,,37,18,19,1,0,1,36,18,18,16,9,7,34,17,17,34,17,17,20,9,11,12,5,7,3,1,2,0,0,0,0,0,0,20,20,7,10,2,1,0,0,0,13,11,2,0,16,0,5,4
533863033,0,,,95,45,50,15,9,6,80,36,44,46,20,26,75,34,41,71,31,40,34,16,18,18,11,7,3,2,1,0,0,0,1,0,1,38,38,8,15,8,4,1,2,0,30,28,2,4,21,0,6,8
533863034,0,,,83,40,43,12,7,5,71,33,38,43,22,21,68,32,36,68,32,36,28,11,17,16,5,11,8,1,7,1,0,1,0,0,0,35,35,12,9,8,2,3,1,0,23,19,4,3,20,0,8,5
533863041,0,,,83,40,43,12,6,6,71,34,37,45,23,22,69,32,37,69,32,37,26,11,15,16,6,10,3,0,3,1,0,1,0,0,0,31,31,6,10,7,4,4,0,0,25,22,3,2,17,0,5,7
533863042,0,,,139,69,70,12,3,9,127,66,61,61,33,28,124,64,60,124,64,60,66,33,33,33,13,20,8,2,6,0,0,0,1,0,1,57,57,12,22,15,5,1,1,1,45,39,6,3,42,0,9,12
533863043,0,,,60,28,32,13,5,8,47,23,24,35,20,15,46,23,23,45,23,22,12,3,9,1,1,0,0,0,0,0,0,0,0,0,0,17,16,3,5,2,2,3,0,1,13,12,1,3,7,0,3,2
533863044,0,,,76,39,37,7,3,4,69,36,33,43,25,18,66,34,32,63,32,31,26,11,15,11,6,5,5,2,3,1,0,1,0,0,0,27,27,6,8,6,3,1,2,1,21,17,4,1,16,0,4,5
533863051,0,,,53,26,27,5,4,1,48,22,26,18,10,8,48,22,26,48,22,26,30,12,18,16,6,10,1,1,0,0,0,0,0,0,0,25,25,4,16,3,2,0,0,0,21,20,1,2,18,0,3,11
533863072,0,,,33,14,19,2,0,2,31,14,17,8,4,4,31,14,17,31,14,17,23,10,13,8,4,4,3,0,3,0,0,0,0,0,0,17,17,6,7,3,1,0,0,0,10,9,1,1,13,0,3,5
533863081,1,,533863082,34,20,14,1,1,0,35,20,15,13,9,4,34,19,15,34,19,15,22,11,11,10,4,6,5,3,2,0,0,0,1,0,1,18,18,7,8,3,1,0,0,0,12,9,3,0,17,0,7,3
533863082,2,533863081,,2,1,1,*,*,*,*,*,*,*,*,*,*,*,*,*,*,*,*,*,*,*,*,*,*,*,*,*,*,*,*,*,*,1,1,*,*,*,*,*,*,*,*,*,*,*,*,*,*,*
533863084,0,,,19,10,9,2,1,1,17,9,8,5,3,2,16,8,8,16,8,8,12,6,6,11,5,6,5,2,3,1,0,1,0,0,0,9,9,3,4,1,0,1,0,0,6,6,0,0,8,0,3,3
533863091,0,,,10,6,4,0,0,0,10,6,4,4,3,1,10,6,4,10,6,4,6,3,3,4,2,2,2,1,1,0,0,0,0,0,0,5,5,2,2,0,1,0,0,0,3,1,2,0,4,0,2,1
533863092,0,,,29,14,15,0,0,0,29,14,15,13,9,4,29,14,15,29,14,15,16,5,11,10,1,9,6,0,6,0,0,0,1,0,1,19,19,12,4,3,0,0,0,0,7,6,1,0,13,0,8,3
533863101,0,,,64,35,29,5,3,2,59,32,27,35,18,17,59,32,27,59,32,27,24,14,10,14,6,8,5,2,3,0,0,0,0,0,0,30,30,9,13,5,1,2,0,0,21,18,3,1,19,0,4,6
533863102,0,,,76,36,40,0,0,0,76,36,40,39,20,19,75,35,40,73,34,39,37,16,21,20,7,13,11,4,7,2,1,1,0,0,0,30,30,7,11,5,4,2,1,0,23,18,5,0,24,0,6,6
533863103,1,,533863104,54,29,25,11,7,4,51,25,26,35,18,17,47,23,24,46,22,24,16,7,9,4,1,3,2,0,2,0,0,0,1,1,0,18,18,2,5,7,6,1,0,0,19,18,1,4,10,0,2,3
533863104,2,533863103,,8,3,5,*,*,*,*,*,*,*,*,*,*,*,*,*,*,*,*,*,*,*,*,*,*,*,*,*,*,*,*,*,*,3,3,*,*,*,*,*,*,*,*,*,*,*,*,*,*,*
533863111,0,,,87,36,51,8,4,4,79,32,47,49,23,26,76,31,45,75,31,44,30,9,21,21,6,15,8,1,7,1,0,1,1,0,1,40,40,14,11,9,6,0,0,0,25,19,6,3,21,1,5,5
533863112,0,,,22,11,11,0,0,0,22,11,11,14,7,7,21,10,11,21,10,11,8,4,4,5,2,3,2,1,1,0,0,0,0,0,0,10,10,1,6,3,0,0,0,0,9,9,0,0,4,0,0,3
533863113,0,,,23,11,12,1,1,0,22,10,12,11,5,6,22,10,12,22,10,12,11,5,6,4,2,2,1,0,1,1,0,1,0,0,0,9,9,1,4,2,2,0,0,0,8,6,2,0,6,0,0,3
533863114,0,,,107,54,53,12,7,5,95,47,48,49,25,24,95,47,48,95,47,48,46,22,24,26,13,13,10,5,5,2,1,1,1,0,1,40,40,4,17,9,8,2,0,0,36,29,7,1,28,0,3,10
533863121,0,,,64,31,33,6,3,3,58,28,30,31,17,14,55,25,30,54,24,30,27,11,16,18,7,11,3,0,3,1,0,1,1,0,1,24,24,4,8,6,4,2,0,0,20,16,4,1,16,0,3,6
533863122,0,,,61,32,29,6,3,3,55,29,26,34,19,15,53,27,26,52,26,26,21,10,11,11,5,6,2,1,1,0,0,0,1,0,1,24,24,4,12,4,2,0,1,1,20,17,3,2,14,0,3,6
533863123,0,,,41,24,17,4,2,2,37,22,15,17,12,5,35,20,15,35,20,15,20,10,10,13,9,4,0,0,0,0,0,0,0,0,0,21,21,8,10,1,0,2,0,0,13,13,0,1,14,0,6,6
533863124,0,,,40,19,21,6,2,4,34,17,17,16,9,7,34,17,17,34,17,17,18,8,10,10,4,6,1,0,1,0,0,0,0,0,0,14,14,2,4,5,2,0,0,1,12,9,3,0,11,1,1,3
533863131,0,,,105,59,46,8,4,4,95,53,42,63,36,27,91,49,42,88,47,41,32,17,15,12,5,7,3,2,1,0,0,0,0,0,0,45,45,16,13,4,9,3,0,0,29,27,2,3,20,0,4,9
533863132,0,,,151,72,79,11,7,4,140,65,75,76,35,41,135,64,71,133,64,69,64,30,34,34,18,16,11,5,6,3,2,1,0,0,0,70,70,25,22,13,7,3,0,0,44,37,7,2,47,1,18,13
533863133,0,,,66,32,34,7,3,4,59,29,30,46,21,25,53,26,27,50,25,25,13,8,5,7,4,3,1,0,1,0,0,0,2,0,2,21,21,5,5,4,2,3,1,1,16,14,2,1,9,0,1,4
533863134,0,,,81,40,41,6,2,4,75,38,37,51,27,24,72,38,34,71,38,33,24,11,13,14,5,9,7,2,5,0,0,0,1,0,1,29,29,10,5,2,7,3,2,0,19,11,8,1,20,0,9,1
533863141,1,,533863143,130,57,73,12,5,7,123,54,69,56,23,33,122,53,69,121,53,68,67,31,36,33,12,21,15,3,12,3,0,3,0,0,0,67,67,31,24,10,4,1,1,0,39,36,3,5,49,0,24,13
533863142,0,,,23,10,13,2,0,2,21,10,11,15,6,9,20,10,10,20,10,10,6,4,2,1,0,1,0,0,0,0,0,0,0,0,0,9,9,1,5,1,1,1,0,0,8,6,2,1,5,0,1,2
533863143,2,533863141,,6,2,4,*,*,*,*,*,*,*,*,*,*,*,*,*,*,*,*,*,*,*,*,*,*,*,*,*,*,*,*,*,*,4,4,*,*,*,*,*,*,*,*,*,*,*,*,*,*,*
533863144,0,,,26,14,12,1,1,0,25,13,12,11,5,6,25,13,12,25,13,12,14,8,6,7,3,4,3,2,1,1,0,1,0,0,0,14,14,3,10,1,0,0,0,0,10,10,0,1,8,0,1,5
533863151,2,533863152,,5,3,2,*,*,*,*,*,*,*,*,*,*,*,*,*,*,*,*,*,*,*,*,*,*,*,*,*,*,*,*,*,*,2,2,*,*,*,*,*,*,*,*,*,*,*,*,*,*,*
533863152,1,,533863151,46,24,22,2,2,0,49,25,24,19,9,10,48,25,23,48,25,23,30,16,14,17,8,9,9,5,4,1,1,0,0,0,0,24,24,10,9,5,2,0,0,0,16,16,0,0,23,0,10,6
533863153,2,533863154,,7,4,3,*,*,*,*,*,*,*,*,*,*,*,*,*,*,*,*,*,*,*,*,*,*,*,*,*,*,*,*,*,*,4,4,*,*,*,*,*,*,*,*,*,*,*,*,*,*,*
533863154,1,,533863153,42,15,27,0,0,0,49,19,30,19,7,12,49,19,30,49,19,30,30,12,18,17,5,12,5,1,4,0,0,0,0,0,0,22,22,12,10,1,1,2,0,0,14,12,2,0,23,0,10,9
533863161,0,,,30,16,14,2,2,0,28,14,14,9,4,5,28,14,14,28,14,14,19,10,9,11,5,6,6,3,3,2,2,0,0,0,0,15,15,7,3,3,2,0,0,0,8,6,2,1,11,0,4,3
533863163,0,,,15,8,7,0,0,0,15,8,7,4,2,2,15,8,7,15,8,7,11,6,5,9,4,5,5,3,2,1,1,0,0,0,0,9,9,5,2,2,0,0,0,0,4,3,1,0,8,0,4,2
533863191,0,,,9,5,4,0,0,0,9,5,4,2,1,1,9,5,4,9,5,4,7,4,3,2,1,1,2,1,1,0,0,0,0,0,0,5,5,2,2,1,0,0,0,0,3,3,0,0,4,0,1,2
533863193,0,,,21,9,12,0,0,0,21,9,12,3,2,1,21,9,12,21,9,12,18,7,11,10,4,6,6,3,3,0,0,0,0,0,0,15,15,10,4,1,0,0,0,0,5,4,1,0,14,0,9,4
533863201,0,,,100,55,45,3,3,0,97,52,45,49,26,23,96,52,44,93,49,44,48,26,22,25,13,12,8,4,4,0,0,0,0,0,0,40,40,8,17,9,3,1,1,1,32,27,5,1,31,0,7,9
533863202,0,,,60,28,32,13,6,7,47,22,25,25,11,14,45,22,23,43,21,22,22,11,11,11,5,6,1,1,0,0,0,0,1,0,1,18,18,2,6,4,4,1,0,1,16,14,2,2,14,0,2,6
533863203,0,,,86,41,45,5,2,3,81,39,42,39,19,20,81,39,42,78,37,41,42,20,22,20,9,11,6,2,4,0,0,0,0,0,0,43,43,13,21,6,2,1,0,0,29,26,3,1,29,0,10,14
533863204,0,,,39,16,23,1,0,1,38,16,22,23,11,12,38,16,22,37,15,22,15,5,10,7,1,6,1,0,1,0,0,0,0,0,0,18,18,6,7,2,2,1,0,0,12,11,1,0,12,0,6,3
533863211,0,,,164,77,87,19,9,10,145,68,77,91,46,45,137,61,76,136,61,75,54,22,32,33,11,22,9,2,7,2,0,2,1,1,0,60,60,10,22,12,9,5,1,1,50,39,11,2,36,0,5,12
533863212,0,,,78,35,43,12,2,10,66,33,33,36,18,18,65,33,32,64,33,31,30,15,15,24,11,13,7,3,4,1,0,1,1,0,1,29,29,5,10,7,4,2,1,0,24,21,3,3,19,0,4,8
533863213,0,,,188,90,98,46,23,23,142,67,75,102,46,56,134,62,72,130,58,72,40,21,19,16,8,8,5,2,3,2,1,1,4,0,4,74,74,15,27,14,14,3,1,0,59,55,4,7,28,0,10,9
533863214,0,,,112,53,59,6,5,1,106,48,58,60,26,34,104,48,56,103,48,55,46,22,24,25,11,14,6,2,4,0,0,0,1,0,1,48,48,13,19,9,2,4,1,0,35,26,9,1,31,0,10,12
533863221,0,,,25,14,11,0,0,0,25,14,11,10,7,3,25,14,11,25,14,11,15,7,8,5,3,2,1,0,1,1,0,1,1,1,0,11,11,2,6,1,2,0,0,0,9,7,2,0,8,0,1,5
533863222,0,,,65,37,28,7,3,4,53,29,24,28,17,11,53,29,24,52,28,24,25,12,13,10,5,5,3,1,2,0,0,0,0,0,0,37,37,21,9,3,3,1,0,0,16,13,3,2,18,0,8,7
533863224,0,,,20,11,9,4,3,1,16,8,8,13,6,7,15,7,8,14,7,7,3,2,1,1,1,0,0,0,0,0,0,0,0,0,0,8,8,3,2,0,2,1,0,0,5,5,0,1,2,0,1,1
533863231,0,,,21,12,9,6,3,3,15,9,6,11,6,5,15,9,6,15,9,6,4,3,1,1,0,1,0,0,0,0,0,0,0,0,0,10,10,5,3,1,0,0,0,1,5,5,0,1,4,0,3,1
533863232,1,,533863234,12,5,7,2,2,0,18,8,10,12,4,8,18,8,10,18,8,10,6,4,2,4,3,1,2,2,0,0,0,0,0,0,0,7,7,2,7,0,1,0,0,0,8,8,0,1,4,0,1,2
533863233,0,,,135,63,72,32,15,17,103,48,55,61,26,35,96,46,50,94,46,48,42,22,20,18,10,8,4,1,3,1,0,1,0,0,0,51,50,5,22,14,5,4,0,0,45,43,2,7,22,0,3,13
533863234,2,533863232,,8,5,3,*,*,*,*,*,*,*,*,*,*,*,*,*,*,*,*,*,*,*,*,*,*,*,*,*,*,*,*,*,*,3,3,*,*,*,*,*,*,*,*,*,*,*,*,*,*,*
533863252,0,,,67,33,34,7,1,6,60,32,28,30,17,13,60,32,28,59,32,27,30,15,15,22,12,10,11,5,6,0,0,0,0,0,0,25,25,5,8,7,2,2,0,1,20,16,4,1,20,0,4,5
533863253,0,,,22,9,13,2,0,2,20,9,11,6,4,2,20,9,11,20,9,11,14,5,9,8,2,6,3,0,3,1,0,1,0,0,0,12,12,7,1,3,1,0,0,0,5,3,2,0,10,0,5,1
533863254,1,,533863263,57,24,33,4,0,4,60,27,33,31,16,15,60,27,33,60,27,33,29,11,18,15,5,10,10,2,8,3,0,3,0,0,0,27,27,8,15,6,2,0,0,0,23,21,2,1,21,0,7,5
533863263,2,533863254,,7,3,4,*,*,*,*,*,*,*,*,*,*,*,*,*,*,*,*,*,*,*,*,*,*,*,*,*,*,*,*,*,*,4,4,*,*,*,*,*,*,*,*,*,*,*,*,*,*,*
533863301,0,,,63,29,34,6,4,2,57,25,32,29,9,20,57,25,32,57,25,32,28,16,12,11,5,6,5,3,2,0,0,0,0,0,0,25,25,2,15,3,3,2,0,0,23,22,1,1,16,0,1,11
533863302,0,,,124,59,65,16,9,7,108,50,58,60,29,31,105,49,56,105,49,56,48,21,27,23,8,15,9,3,6,1,0,1,0,0,0,50,50,11,19,11,5,2,2,0,38,33,5,3,32,0,10,8
533863303,0,,,77,35,42,10,4,6,67,31,36,28,15,13,66,30,36,66,30,36,39,16,23,15,4,11,7,1,6,0,0,0,1,0,1,37,37,13,13,7,3,1,0,0,23,21,2,1,26,0,10,9
533863304,0,,,144,62,82,7,2,5,136,59,77,85,41,44,134,58,76,132,58,74,51,18,33,29,6,23,15,4,11,2,0,2,0,0,0,63,63,19,20,15,5,4,0,0,43,37,6,1,36,0,14,7
533863311,0,,,218,109,109,30,18,12,188,91,97,111,51,60,179,86,93,177,86,91,77,40,37,28,13,15,9,3,6,2,0,2,1,0,1,81,81,11,35,16,11,3,5,0,70,61,9,12,50,1,10,22
533863312,0,,,87,39,48,6,3,3,81,36,45,55,25,30,81,36,45,81,36,45,26,11,15,13,6,7,5,2,3,0,0,0,0,0,0,39,39,13,12,8,4,2,0,0,26,22,4,3,19,0,6,6
533863313,0,,,186,94,92,43,27,16,143,67,76,93,50,43,140,65,75,138,64,74,50,17,33,31,10,21,9,4,5,1,0,1,3,3,0,76,76,32,8,14,17,3,1,1,44,38,6,15,36,2,20,3
533863314,0,,,117,57,60,19,11,8,98,46,52,57,27,30,96,44,52,95,44,51,41,19,22,23,8,15,6,1,5,1,0,1,1,1,0,50,50,13,20,8,5,4,0,0,37,36,1,4,26,0,7,15
533863321,0,,,40,20,20,7,5,2,33,15,18,17,8,9,32,14,18,32,14,18,16,7,9,8,4,4,4,1,3,0,0,0,0,0,0,16,16,3,6,5,0,2,0,0,12,9,3,1,11,0,3,3
533863322,0,,,18,8,10,3,1,2,15,7,8,9,3,6,15,7,8,15,7,8,6,4,2,3,1,2,1,0,1,0,0,0,0,0,0,7,7,1,3,1,2,0,0,0,6,5,1,1,5,0,1,2
533863323,0,,,127,62,65,16,8,8,111,54,57,59,30,29,106,51,55,104,51,53,52,24,28,25,13,12,11,6,5,4,2,2,1,0,1,50,50,12,17,8,9,3,1,0,38,30,8,2,32,0,9,8
533863324,0,,,15,8,7,3,2,1,12,6,6,10,5,5,12,6,6,11,5,6,2,1,1,1,0,1,1,0,1,0,0,0,0,0,0,6,6,1,3,0,2,0,0,0,5,4,1,0,2,0,1,1
533863331,0,,,93,43,50,12,6,6,81,37,44,46,20,26,79,35,44,77,35,42,35,17,18,19,7,12,5,1,4,1,0,1,1,0,1,35,35,7,14,6,3,3,1,1,28,22,6,3,22,0,4,10
533863332,0,,,12,5,7,0,0,0,12,5,7,6,3,3,12,5,7,11,4,7,6,2,4,3,0,3,1,0,1,0,0,0,0,0,0,6,6,1,4,1,0,0,0,0,5,4,1,0,4,0,1,1
533863333,0,,,144,74,70,16,13,3,128,61,67,65,32,33,121,57,64,121,57,64,63,29,34,38,18,20,10,3,7,1,0,1,0,0,0,52,52,13,13,12,7,4,1,2,39,28,11,2,39,0,11,10
533863342,2,533863351,,9,5,4,*,*,*,*,*,*,*,*,*,*,*,*,*,*,*,*,*,*,*,*,*,*,*,*,*,*,*,*,*,*,3,3,*,*,*,*,*,*,*,*,*,*,*,*,*,*,*
533863351,1,,533863342;533863354,19,13,6,2,1,1,29,19,10,14,9,5,29,19,10,29,19,10,15,10,5,11,7,4,3,3,0,0,0,0,0,0,0,10,10,5,7,2,0,1,0,0,10,7,3,1,11,0,3,3
533863354,2,533863351,,3,2,1,*,*,*,*,*,*,*,*,*,*,*,*,*,*,*,*,*,*,*,*,*,*,*,*,*,*,*,*,*,*,3,2,*,*,*,*,*,*,*,*,*,*,*,*,*,*,*
533863401,0,,,25,13,12,0,0,0,25,13,12,14,9,5,24,13,11,24,13,11,11,4,7,6,2,4,0,0,0,0,0,0,0,0,0,15,15,8,4,3,0,0,0,0,7,7,0,0,9,0,6,1
533863402,0,,,107,50,57,9,4,5,98,46,52,47,25,22,95,44,51,95,44,51,51,21,30,32,14,18,15,6,9,0,0,0,1,0,1,50,50,19,16,9,3,1,2,0,31,25,6,2,37,0,12,10
533863403,0,,,23,12,11,2,1,1,21,11,10,10,6,4,21,11,10,21,11,10,11,5,6,7,4,3,4,2,2,0,0,0,1,1,0,12,12,4,5,3,0,0,0,0,7,7,0,0,7,0,2,3
533863404,0,,,45,23,22,4,1,3,41,22,19,22,13,9,41,22,19,41,22,19,19,9,10,7,3,4,2,1,1,0,0,0,1,1,0,19,19,7,8,1,1,0,0,2,12,10,2,2,14,0,7,4
533863411,0,,,15,7,8,0,0,0,15,7,8,7,3,4,15,7,8,15,7,8,8,4,4,2,1,1,0,0,0,0,0,0,0,0,0,9,9,3,6,0,0,0,0,0,6,6,0,0,6,0,3,2
533863412,1,,533863413,19,9,10,2,1,1,18,8,10,8,4,4,18,8,10,18,8,10,10,4,6,5,1,4,0,0,0,0,0,0,0,0,0,8,8,2,4,2,1,0,0,0,7,6,1,0,7,0,1,4
533863413,2,533863412,,1,0,1,*,*,*,*,*,*,*,*,*,*,*,*,*,*,*,*,*,*,*,*,*,*,*,*,*,*,*,*,*,*,1,1,*,*,*,*,*,*,*,*,*,*,*,*,*,*,*
533863414,0,,,17,7,10,2,1,1,15,6,9,8,3,5,15,6,9,15,6,9,7,3,4,2,1,1,1,0,1,0,0,0,0,0,0,8,8,2,4,1,1,0,0,0,6,6,0,1,5,0,1,3
533863421,0,,,112,51,61,9,2,7,103,49,54,56,26,30,100,46,54,98,44,54,47,23,24,19,8,11,6,3,3,1,0,1,2,0,2,52,52,13,27,7,4,0,0,1,39,38,1,2,32,0,9,14
533863422,0,,,102,49,53,16,8,8,86,41,45,55,25,30,82,39,43,82,39,43,31,16,15,13,6,7,6,3,3,0,0,0,0,0,0,37,37,7,14,8,4,1,1,2,30,26,4,3,18,0,4,8
533863423,0,,,42,22,20,4,2,2,38,20,18,26,13,13,36,18,18,35,17,18,12,7,5,1,0,1,0,0,0,0,0,0,1,0,1,18,18,2,11,4,0,0,1,0,16,16,0,3,8,0,2,6
533863424,0,,,62,31,31,2,0,2,60,31,29,34,19,15,59,31,28,56,28,28,26,12,14,10,3,7,3,1,2,0,0,0,0,0,0,27,27,9,8,4,5,1,0,0,18,17,1,0,16,0,5,6
533863431,0,,,47,23,24,2,1,1,45,22,23,21,8,13,45,22,23,44,21,23,24,14,10,7,3,4,1,1,0,0,0,0,7,0,7,26,26,11,11,2,2,0,0,0,15,15,0,0,14,3,3,8
533863432,0,,,111,56,55,7,4,3,104,52,52,62,34,28,102,51,51,96,48,48,42,18,24,23,11,12,7,4,3,3,2,1,2,0,2,38,38,10,11,4,7,2,1,3,28,20,8,1,29,1,9,5
533863433,0,,,43,21,22,3,2,1,40,19,21,17,8,9,37,16,21,35,16,19,23,11,12,11,5,6,1,1,0,0,0,0,0,0,0,20,20,5,10,4,0,0,1,0,15,14,1,1,14,0,3,8
533863434,0,,,55,27,28,3,1,2,52,26,26,31,16,15,52,26,26,49,24,25,21,10,11,8,2,6,5,1,4,0,0,0,4,2,2,22,22,5,8,4,3,2,0,0,17,11,6,1,13,2,1,4
533863441,0,,,49,25,24,3,3,0,46,22,24,28,15,13,44,22,22,42,20,22,18,7,11,13,6,7,9,3,6,1,1,0,0,0,0,17,17,4,5,2,2,3,1,0,13,6,7,1,13,0,3,1
533863443,0,,,66,33,33,2,1,1,64,32,32,40,20,20,63,32,31,60,31,29,24,12,12,12,5,7,7,2,5,0,0,0,3,0,3,33,33,13,11,6,2,1,0,0,20,16,4,0,19,0,6,5
533863463,0,,,39,23,16,0,0,0,39,23,16,18,14,4,39,23,16,38,23,15,21,9,12,15,5,10,10,3,7,2,0,2,1,0,1,19,19,6,9,2,1,1,0,0,12,10,2,0,16,0,5,2
533863501,2,533863504,,3,1,2,*,*,*,*,*,*,*,*,*,*,*,*,*,*,*,*,*,*,*,*,*,*,*,*,*,*,*,*,*,*,1,1,*,*,*,*,*,*,*,*,*,*,*,*,*,*,*
533863502,0,,,40,19,21,2,0,2,38,19,19,18,9,9,35,18,17,35,18,17,20,10,10,11,7,4,2,1,1,0,0,0,0,0,0,18,18,3,10,3,2,0,0,0,15,15,0,1,11,1,2,8
533863504,1,,533863501,40,23,17,1,1,0,42,23,19,22,11,11,40,21,19,39,21,18,20,12,8,12,7,5,3,1,2,0,0,0,0,0,0,22,22,8,11,3,1,0,0,0,14,14,0,0,15,1,6,6
533863511,1,,533863513,65,28,37,6,3,3,66,27,39,35,11,24,64,27,37,64,27,37,31,16,15,11,6,5,3,2,1,0,0,0,8,0,8,31,31,15,12,7,3,0,0,0,21,18,3,2,20,7,6,8
533863512,0,,,16,8,8,1,0,1,15,8,7,7,4,3,15,8,7,15,8,7,8,4,4,6,3,3,3,2,1,0,0,0,0,0,0,6,6,2,0,2,2,0,0,0,4,3,1,0,4,0,1,0
533863513,2,533863511,,7,2,5,*,*,*,*,*,*,*,*,*,*,*,*,*,*,*,*,*,*,*,*,*,*,*,*,*,*,*,*,*,*,6,6,*,*,*,*,*,*,*,*,*,*,*,*,*,*,*
533863514,0,,,16,8,8,0,0,0,16,8,8,4,2,2,16,8,8,16,8,8,12,6,6,5,2,3,1,0,1,0,0,0,0,0,0,9,9,3,5,1,0,0,0,0,6,5,1,0,7,0,2,4
533863521,0,,,63,32,31,6,3,3,57,29,28,36,19,17,55,28,27,55,28,27,21,10,11,11,5,6,3,3,0,0,0,0,0,0,0,30,30,7,17,2,4,0,0,0,23,20,3,1,14,3,1,7
533863522,0,,,94,47,47,6,4,2,88,43,45,45,19,26,85,41,44,83,41,42,43,24,19,22,13,9,6,4,2,0,0,0,0,0,0,44,44,11,22,6,4,1,0,0,32,31,1,1,29,0,8,14
533863523,0,,,13,7,6,0,0,0,13,7,6,3,1,2,13,7,6,13,7,6,10,6,4,5,4,1,1,0,1,1,0,1,0,0,0,8,8,3,5,0,0,0,0,0,5,5,0,0,7,0,3,3
533863524,0,,,144,66,78,16,7,9,127,59,68,69,32,37,125,59,66,125,59,66,58,27,31,24,11,13,3,0,3,1,0,1,2,1,1,67,67,21,26,12,5,3,0,0,45,39,6,2,36,2,9,14
533863531,0,,,56,28,28,5,3,2,51,25,26,28,14,14,50,25,25,49,25,24,23,11,12,9,3,6,1,1,0,0,0,0,0,0,0,33,33,17,11,3,2,0,0,0,16,16,0,1,18,0,8,7
533863532,0,,,76,33,43,6,3,3,70,30,40,34,15,19,70,30,40,70,30,40,36,15,21,19,8,11,4,1,3,0,0,0,0,0,0,37,37,8,22,5,1,1,0,0,29,28,1,3,23,0,4,13
533863533,0,,,40,18,22,0,0,0,40,18,22,26,11,15,39,17,22,37,17,20,14,7,7,8,5,3,2,1,1,1,0,1,0,0,0,23,23,11,7,5,0,0,0,0,11,11,0,0,12,0,6,2
533863534,0,,,75,37,38,11,6,5,64,31,33,29,15,14,64,31,33,63,30,33,35,16,19,12,7,5,2,2,0,0,0,0,1,1,0,33,33,5,22,2,3,0,0,1,28,27,1,3,20,0,2,15
533863541,1,,533863544,25,12,13,0,0,0,28,13,15,11,6,5,28,13,15,28,13,15,17,7,10,8,5,3,2,1,1,0,0,0,0,0,0,16,16,8,10,0,0,0,0,0,9,9,0,0,12,0,4,4
533863544,2,533863541,,3,1,2,*,*,*,*,*,*,*,*,*,*,*,*,*,*,*,*,*,*,*,*,*,*,*,*,*,*,*,*,*,*,2,2,*,*,*,*,*,*,*,*,*,*,*,*,*,*,*
533863553,0,,,24,10,14,3,1,2,21,9,12,12,5,7,19,8,11,18,8,10,9,4,5,6,3,3,1,1,0,0,0,0,0,0,0,7,7,1,1,2,1,1,1,0,6,4,2,1,5,0,1,1
533863554,0,,,22,10,12,5,2,3,17,8,9,7,3,4,17,8,9,17,8,9,10,5,5,6,3,3,3,2,1,0,0,0,0,0,0,10,10,3,5,0,1,1,0,0,7,7,0,2,6,0,2,4
533863561,0,,,15,6,9,1,0,1,14,6,8,7,3,4,14,6,8,14,6,8,7,3,4,6,2,4,5,2,3,0,0,0,0,0,0,8,8,4,1,3,0,0,0,0,4,4,0,1,6,0,4,1
533863601,0,,,13,7,6,2,1,1,11,6,5,6,2,4,11,6,5,11,6,5,5,4,1,2,2,0,0,0,0,0,0,0,1,0,1,7,7,3,3,0,1,0,0,0,4,4,0,1,4,1,1,3
533863602,2,533863604,,8,3,5,*,*,*,*,*,*,*,*,*,*,*,*,*,*,*,*,*,*,*,*,*,*,*,*,*,*,*,*,*,*,5,5,*,*,*,*,*,*,*,*,*,*,*,*,*,*,*
533863603,0,,,13,6,7,0,0,0,13,6,7,5,3,2,13,6,7,13,6,7,8,3,5,1,1,0,0,0,0,0,0,0,0,0,0,7,7,1,6,0,0,0,0,0,6,6,0,0,5,0,1,3
533863604,1,,533863602,9,4,5,0,0,0,17,7,10,13,6,7,15,6,9,15,6,9,4,1,3,0,0,0,0,0,0,0,0,0,1,0,1,4,4,2,6,1,0,0,0,0,7,7,0,0,3,2,0,1
533863611,2,533863614,,2,1,1,*,*,*,*,*,*,*,*,*,*,*,*,*,*,*,*,*,*,*,*,*,*,*,*,*,*,*,*,*,*,1,1,*,*,*,*,*,*,*,*,*,*,*,*,*,*,*
533863612,2,533863614,,4,2,2,*,*,*,*,*,*,*,*,*,*,*,*,*,*,*,*,*,*,*,*,*,*,*,*,*,*,*,*,*,*,2,2,*,*,*,*,*,*,*,*,*,*,*,*,*,*,*
533863614,1,,533863611;533863612,35,16,19,0,0,0,41,19,22,6,3,3,41,19,22,41,19,22,35,16,19,15,8,7,2,1,1,0,0,0,0,0,0,17,17,2,15,3,0,0,0,0,18,18,0,0,19,0,2,13
533863621,0,,,66,31,35,2,1,1,64,30,34,24,12,12,62,30,32,61,30,31,40,18,22,17,6,11,5,3,2,1,0,1,1,1,0,34,34,10,19,3,1,1,0,0,24,23,1,1,27,0,6,13
533863622,0,,,112,56,56,25,13,12,86,42,44,53,24,29,83,41,42,82,41,41,33,18,15,15,9,6,3,2,1,1,0,1,2,0,2,47,47,16,18,5,2,2,2,2,30,27,3,6,22,4,6,12
533863623,0,,,31,14,17,0,0,0,31,14,17,12,6,6,31,14,17,31,14,17,19,8,11,5,2,3,0,0,0,0,0,0,1,1,0,19,19,7,12,0,0,0,0,0,11,11,0,0,14,0,6,7
533863624,0,,,53,30,23,5,5,0,48,25,23,33,17,16,47,25,22,45,25,20,15,8,7,3,2,1,1,0,1,0,0,0,2,1,1,29,29,15,9,1,3,1,0,0,14,14,0,1,11,1,5,3
533863631,0,,,94,43,51,11,5,6,83,38,45,37,14,23,83,38,45,83,38,45,46,24,22,24,11,13,8,4,4,0,0,0,1,1,0,41,41,6,25,4,4,2,0,0,35,32,3,2,28,0,5,15
533863632,0,,,30,15,15,2,1,1,28,14,14,8,4,4,28,14,14,28,14,14,20,10,10,6,3,3,2,2,0,0,0,0,0,0,0,14,14,2,10,0,2,0,0,0,12,11,1,0,12,0,2,8
533863633,1,,533863634,158,82,76,21,15,6,142,69,73,87,41,46,139,68,71,138,67,71,55,28,27,24,13,11,5,2,3,0,0,0,1,0,1,60,60,7,29,12,9,4,1,0,55,50,5,7,36,0,5,16
533863634,2,533863633,,5,2,3,*,*,*,*,*,*,*,*,*,*,*,*,*,*,*,*,*,*,*,*,*,*,*,*,*,*,*,*,*,*,2,2,*,*,*,*,*,*,*,*,*,*,*,*,*,*,*
533863641,2,533863642,,4,3,1,*,*,*,*,*,*,*,*,*,*,*,*,*,*,*,*,*,*,*,*,*,*,*,*,*,*,*,*,*,*,1,1,*,*,*,*,*,*,*,*,*,*,*,*,*,*,*
533863642,1,,533863641;533863644,44,22,22,6,4,2,49,24,25,35,16,19,47,22,25,46,22,24,14,8,6,4,1,3,1,0,1,0,0,0,1,0,1,18,18,9,9,1,3,0,1,1,15,12,3,1,10,2,2,5
533863644,2,533863642,,7,3,4,*,*,*,*,*,*,*,*,*,*,*,*,*,*,*,*,*,*,*,*,*,*,*,*,*,*,*,*,*,*,5,5,*,*,*,*,*,*,*,*,*,*,*,*,*,*,*
533863651,2,533863653,,10,5,5,*,*,*,*,*,*,*,*,*,*,*,*,*,*,*,*,*,*,*,*,*,*,*,*,*,*,*,*,*,*,5,5,*,*,*,*,*,*,*,*,*,*,*,*,*,*,*
533863652,0,,,27,12,15,2,1,1,25,11,14,11,6,5,24,10,14,24,10,14,14,5,9,3,0,3,1,0,1,0,0,0,1,1,0,11,11,1,8,0,0,2,0,0,10,8,2,0,9,0,1,5
533863653,1,,533863651,15,8,7,3,2,1,22,11,11,16,8,8,22,11,11,22,11,11,6,3,3,3,2,1,0,0,0,0,0,0,0,0,0,7,7,3,5,4,0,0,0,0,9,9,0,0,6,0,2,1
533863654,0,,,23,13,10,1,0,1,22,13,9,10,7,3,22,13,9,21,12,9,12,6,6,5,3,2,0,0,0,0,0,0,0,0,0,13,13,5,7,0,1,0,0,0,8,8,0,0,7,0,1,6
533863661,1,,533863663,18,6,12,1,0,1,23,9,14,15,6,9,22,9,13,21,9,12,8,3,5,4,2,2,0,0,0,0,0,0,0,0,0,7,7,1,7,0,1,1,0,0,8,7,1,0,7,0,1,2
533863662,0,,,64,31,33,2,0,2,62,31,31,31,18,13,60,30,30,59,29,30,31,13,18,19,8,11,6,2,4,1,0,1,0,0,0,29,29,11,8,6,2,1,1,0,18,11,7,0,24,1,7,3
533863663,2,533863661,,6,3,3,*,*,*,*,*,*,*,*,*,*,*,*,*,*,*,*,*,*,*,*,*,*,*,*,*,*,*,*,*,*,3,3,*,*,*,*,*,*,*,*,*,*,*,*,*,*,*
533863664,0,,,36,18,18,5,3,2,31,15,16,17,9,8,30,15,15,30,15,15,14,6,8,6,3,3,3,1,2,0,0,0,1,0,1,15,15,6,3,3,1,1,1,0,9,8,1,0,9,0,4,2
533863671,1,,533863673,24,12,12,4,2,2,26,14,12,11,7,4,25,14,11,25,14,11,15,7,8,6,3,3,2,1,1,0,0,0,0,0,0,10,10,3,3,4,1,1,0,0,9,9,0,0,9,0,2,1
533863672,0,,,18,8,10,1,1,0,17,7,10,7,4,3,17,7,10,17,7,10,10,3,7,6,1,5,3,1,2,1,0,1,0,0,0,7,7,1,2,3,1,0,0,0,6,5,1,0,6,0,1,1
533863673,2,533863671,,6,4,2,*,*,*,*,*,*,*,*,*,*,*,*,*,*,*,*,*,*,*,*,*,*,*,*,*,*,*,*,*,*,2,2,*,*,*,*,*,*,*,*,*,*,*,*,*,*,*
533863681,0,,,16,9,7,3,3,0,13,6,7,8,3,5,13,6,7,13,6,7,5,3,2,0,0,0,0,0,0,0,0,0,0,0,0,7,7,1,4,1,1,0,0,0,6,6,0,0,3,0,0,2
533863701,2,533863702,,6,3,3,*,*,*,*,*,*,*,*,*,*,*,*,*,*,*,*,*,*,*,*,*,*,*,*,*,*,*,*,*,*,3,3,*,*,*,*,*,*,*,*,*,*,*,*,*,*,*
533863702,1,,533863701,8,4,4,0,0,0,14,7,7,8,3,5,14,7,7,14,7,7,6,4,2,1,0,1,0,0,0,0,0,0,0,0,0,4,4,0,7,0,0,0,0,0,7,7,0,0,5,0,0,4
533863704,0,,,36,19,17,1,1,0,35,18,17,20,9,11,33,18,15,33,18,15,15,9,6,4,1,3,3,1,2,1,0,1,0,0,0,18,18,6,8,3,0,1,0,0,11,9,2,0,10,1,3,2
533863712,1,,533863714,8,4,4,0,0,0,10,5,5,6,3,3,10,5,5,10,5,5,4,2,2,1,0,1,0,0,0,0,0,0,1,1,0,4,4,2,2,0,1,0,0,0,3,3,0,0,3,0,1,1
533863713,1,,533863811;533863812,14,6,8,3,1,2,14,6,8,5,3,2,14,6,8,14,6,8,9,3,6,3,2,1,0,0,0,0,0,0,0,0,0,6,6,3,3,1,0,1,0,0,5,5,0,1,6,0,3,2
533863714,2,533863712,,2,1,1,*,*,*,*,*,*,*,*,*,*,*,*,*,*,*,*,*,*,*,*,*,*,*,*,*,*,*,*,*,*,1,1,*,*,*,*,*,*,*,*,*,*,*,*,*,*,*
533863721,2,533863724,,4,2,2,*,*,*,*,*,*,*,*,*,*,*,*,*,*,*,*,*,*,*,*,*,*,*,*,*,*,*,*,*,*,2,2,*,*,*,*,*,*,*,*,*,*,*,*,*,*,*
533863722,0,,,12,5,7,0,0,0,12,5,7,5,2,3,12,5,7,12,5,7,7,3,4,3,1,2,1,0,1,0,0,0,0,0,0,9,9,6,3,0,0,0,0,0,3,3,0,0,5,1,3,2
533863723,2,533863724,,2,1,1,*,*,*,*,*,*,*,*,*,*,*,*,*,*,*,*,*,*,*,*,*,*,*,*,*,*,*,*,*,*,1,1,*,*,*,*,*,*,*,*,*,*,*,*,*,*,*
533863724,1,,533863721;533863723,78,37,41,7,4,3,77,36,41,44,25,19,75,35,40,75,35,40,33,11,22,12,4,8,5,2,3,0,0,0,0,0,0,38,38,15,16,7,0,2,1,0,26,23,3,0,27,0,12,4
533863731,0,,,59,28,31,2,0,2,57,28,29,24,12,12,55,26,29,55,26,29,33,16,17,10,4,6,3,2,1,0,0,0,2,0,2,29,29,5,20,3,0,1,0,0,24,22,2,0,23,0,4,11
533863733,0,,,77,36,41,9,3,6,68,33,35,41,20,21,66,32,34,65,31,34,27,13,14,14,6,8,4,3,1,0,0,0,0,0,0,42,42,22,12,4,2,1,1,0,19,19,0,2,21,3,12,8
533863742,0,,,127,66,61,4,4,0,123,62,61,68,33,35,122,62,60,122,62,60,55,29,26,19,11,8,2,2,0,0,0,0,2,1,1,71,71,33,24,11,2,1,0,0,37,35,2,2,35,2,12,12
533863744,0,,,13,7,6,1,1,0,12,6,6,7,3,4,12,6,6,11,5,6,5,3,2,3,2,1,0,0,0,0,0,0,0,0,0,6,6,2,2,1,1,0,0,0,4,4,0,0,3,0,1,2
533863751,2,533863752,,4,2,2,*,*,*,*,*,*,*,*,*,*,*,*,*,*,*,*,*,*,*,*,*,*,*,*,*,*,*,*,*,*,1,1,*,*,*,*,*,*,*,*,*,*,*,*,*,*,*
533863752,1,,533863751,30,16,14,1,0,1,33,18,15,16,9,7,33,18,15,32,17,15,17,9,8,3,1,2,1,0,1,0,0,0,0,0,0,16,16,5,8,3,1,0,0,0,12,12,0,0,11,0,4,3
533863753,0,,,43,21,22,4,2,2,39,19,20,17,9,8,39,19,20,39,19,20,22,10,12,14,6,8,5,2,3,0,0,0,1,1,0,17,17,2,7,6,1,1,0,0,14,9,5,0,14,0,2,4
533863754,0,,,64,34,30,12,5,7,52,29,23,37,20,17,50,27,23,50,27,23,15,9,6,3,2,1,0,0,0,0,0,0,6,3,3,27,27,11,8,3,2,1,0,2,15,14,1,2,10,4,2,3
533863811,2,533863713,,2,1,1,*,*,*,*,*,*,*,*,*,*,*,*,*,*,*,*,*,*,*,*,*,*,*,*,*,*,*,*,*,*,1,1,*,*,*,*,*,*,*,*,*,*,*,*,*,*,*
533863812,2,533863713,,1,0,1,*,*,*,*,*,*,*,*,*,*,*,*,*,*,*,*,*,*,*,*,*,*,*,*,*,*,*,*,*,*,1,1,*,*,*,*,*,*,*,*,*,*,*,*,*,*,*
533863821,2,533863822,,7,3,4,*,*,*,*,*,*,*,*,*,*,*,*,*,*,*,*,*,*,*,*,*,*,*,*,*,*,*,*,*,*,4,4,*,*,*,*,*,*,*,*,*,*,*,*,*,*,*
533863822,1,,533863821,39,22,17,5,3,2,41,22,19,21,12,9,41,22,19,41,22,19,20,10,10,13,8,5,2,1,1,1,1,0,0,0,0,21,21,12,9,1,2,1,0,0,13,12,1,0,12,0,5,4
533863823,0,,,41,20,21,4,2,2,37,18,19,16,8,8,37,18,19,37,18,19,21,10,11,8,3,5,2,1,1,0,0,0,0,0,0,21,21,8,9,2,1,1,0,0,13,12,1,2,14,0,3,6
533863824,0,,,123,65,58,14,10,4,109,55,54,46,24,22,108,54,54,108,54,54,63,31,32,28,14,14,7,3,4,1,0,1,3,2,1,59,59,14,34,5,4,2,0,0,43,40,3,3,40,1,11,21
533863831,1,,533863833,57,27,30,2,2,0,58,27,31,21,10,11,58,27,31,58,27,31,37,17,20,16,7,9,2,0,2,0,0,0,0,0,0,30,30,10,16,5,1,0,0,0,22,21,1,1,22,1,6,11
533863833,2,533863831,,4,2,2,*,*,*,*,*,*,*,*,*,*,*,*,*,*,*,*,*,*,*,*,*,*,*,*,*,*,*,*,*,*,2,2,*,*,*,*,*,*,*,*,*,*,*,*,*,*,*
533863842,0,,,35,20,15,1,0,1,34,20,14,14,8,6,34,20,14,34,20,14,20,12,8,7,3,4,4,2,2,0,0,0,0,0,0,18,18,5,10,2,1,0,0,0,13,11,2,0,14,0,4,6
533863844,0,,,54,26,28,18,12,6,36,14,22,26,11,15,35,13,22,34,13,21,10,3,7,7,2,5,3,1,2,0,0,0,1,1,0,22,22,8,6,3,1,3,1,0,14,14,0,5,8,0,3,2
533863851,0,,,26,12,14,2,1,1,24,11,13,13,6,7,23,10,13,23,10,13,11,5,6,2,1,1,1,0,1,0,0,0,0,0,0,14,14,5,7,1,1,0,0,0,9,9,0,1,8,0,2,4
533863852,0,,,65,33,32,2,1,1,63,32,31,38,20,18,62,31,31,61,31,30,25,12,13,12,4,8,2,1,1,0,0,0,0,0,0,30,30,6,15,7,2,0,0,0,23,20,3,2,17,0,2,8
533863853,0,,,44,21,23,4,3,1,40,18,22,25,12,13,39,18,21,38,17,21,15,6,9,6,1,5,1,0,1,0,0,0,0,0,0,19,19,7,5,2,4,1,0,0,12,11,1,1,11,0,3,3
533863854,0,,,47,26,21,6,5,1,41,21,20,21,11,10,41,21,20,41,21,20,20,10,10,4,2,2,1,0,1,0,0,0,1,0,1,23,23,9,9,2,1,2,0,0,14,13,1,2,14,0,4,7
533863922,0,,,46,24,22,5,2,3,40,21,19,20,9,11,40,21,19,40,21,19,20,12,8,9,4,5,3,1,2,0,0,0,1,0,1,29,29,17,10,1,0,0,1,0,12,12,0,1,13,3,5,6
533863931,2,533863932,,3,1,2,*,*,*,*,*,*,*,*,*,*,*,*,*,*,*,*,*,*,*,*,*,*,*,*,*,*,*,*,*,*,2,2,*,*,*,*,*,*,*,*,*,*,*,*,*,*,*
533863932,1,,533863931,18,5,13,0,0,0,21,6,15,14,3,11,21,6,15,20,6,14,7,3,4,2,1,1,0,0,0,0,0,0,8,1,7,13,13,10,4,1,0,0,0,0,5,4,1,0,5,4,1,2
533863942,0,,,16,6,10,3,1,2,13,5,8,12,5,7,11,4,7,11,4,7,1,0,1,1,0,1,1,0,1,0,0,0,0,0,0,7,7,2,3,0,2,0,0,0,5,5,0,1,1,0,0,0
533863943,2,533863944,,1,0,1,*,*,*,*,*,*,*,*,*,*,*,*,*,*,*,*,*,*,*,*,*,*,*,*,*,*,*,*,*,*,1,1,*,*,*,*,*,*,*,*,*,*,*,*,*,*,*
533863944,1,,533863943,99,50,49,4,2,2,96,48,48,52,26,26,92,44,48,91,43,48,44,22,22,17,5,12,5,0,5,0,0,0,1,0,1,40,40,5,20,10,5,1,0,0,36,33,3,1,28,0,4,12
533863951,0,,,34,17,17,1,0,1,33,17,16,22,11,11,31,16,15,31,16,15,11,6,5,5,4,1,0,0,0,0,0,0,0,0,0,17,17,7,5,3,2,0,0,0,10,9,1,0,9,0,4,3
533863952,0,,,68,35,33,7,5,2,61,30,31,37,21,16,61,30,31,61,30,31,24,9,15,10,3,7,4,1,3,2,1,1,3,1,2,36,36,18,9,6,1,2,0,0,18,15,3,2,16,1,5,3
533863953,0,,,61,31,30,2,1,1,59,30,29,20,12,8,57,29,28,55,28,27,39,18,21,18,7,11,4,2,2,0,0,0,0,0,0,28,28,4,18,4,1,1,0,0,24,23,1,0,21,0,2,15
533863954,0,,,20,10,10,3,0,3,17,10,7,11,6,5,17,10,7,17,10,7,6,4,2,3,2,1,1,1,0,0,0,0,0,0,0,9,9,3,3,1,2,0,0,0,5,4,1,1,5,0,1,2
533863961,0,,,36,20,16,5,1,4,31,19,12,19,14,5,30,18,12,30,18,12,12,5,7,7,3,4,3,1,2,0,0,0,4,4,0,10,10,1,2,3,2,0,0,2,7,6,1,2,8,0,1,0
533863963,0,,,178,103,75,15,7,8,163,96,67,107,68,39,156,92,64,155,91,64,56,28,28,34,15,19,13,6,7,0,0,0,29,28,1,54,54,3,21,10,11,4,1,4,38,30,8,2,36,0,2,10
533863971,0,,,16,7,9,7,3,4,9,4,5,6,3,3,9,4,5,9,4,5,3,1,2,1,0,1,0,0,0,0,0,0,1,1,0,4,4,0,0,1,2,1,0,0,3,3,0,2,2,0,0,0
533864201,1,,533864203,11,4,7,0,0,0,16,7,9,8,2,6,15,7,8,15,7,8,8,5,3,6,4,2,2,2,0,0,0,0,0,0,0,5,5,4,4,0,1,0,0,0,5,5,0,0,5,0,2,3
533864203,2,533864201,,5,3,2,*,*,*,*,*,*,*,*,*,*,*,*,*,*,*,*,*,*,*,*,*,*,*,*,*,*,*,*,*,*,4,4,*,*,*,*,*,*,*,*,*,*,*,*,*,*,*
533864213,2,533864214,,7,2,5,*,*,*,*,*,*,*,*,*,*,*,*,*,*,*,*,*,*,*,*,*,*,*,*,*,*,*,*,*,*,3,3,*,*,*,*,*,*,*,*,*,*,*,*,*,*,*
533864214,1,,533864213,13,4,9,0,0,0,20,6,14,5,3,2,20,6,14,20,6,14,15,3,12,11,2,9,6,1,5,2,0,2,0,0,0,9,9,6,5,0,1,0,0,0,6,5,1,0,11,0,5,2
533864311,2,533864314,,5,2,3,*,*,*,*,*,*,*,*,*,*,*,*,*,*,*,*,*,*,*,*,*,*,*,*,*,*,*,*,*,*,1,1,*,*,*,*,*,*,*,*,*,*,*,*,*,*,*
533864312,2,533864314,,9,7,2,*,*,*,*,*,*,*,*,*,*,*,*,*,*,*,*,*,*,*,*,*,*,*,*,*,*,*,*,*,*,6,6,*,*,*,*,*,*,*,*,*,*,*,*,*,*,*
533864314,1,,533864311;533864312,18,9,9,4,1,3,28,17,11,9,7,2,28,17,11,28,17,11,19,10,9,11,7,4,5,3,2,0,0,0,0,0,0,13,13,12,6,1,0,1,0,0,8,7,1,2,15,0,10,4
533864323,0,,,22,9,13,0,0,0,22,9,13,11,5,6,22,9,13,22,9,13,11,4,7,6,1,5,5,0,5,3,0,3,0,0,0,10,10,5,1,2,1,1,0,0,5,1,4,0,7,0,3,0
533864324,0,,,61,20,41,2,1,1,59,19,40,3,2,1,59,19,40,59,19,40,56,17,39,46,12,34,30,6,24,4,0,4,1,0,1,8,7,4,2,0,1,0,0,0,3,3,0,0,6,0,4,1
533864333,2,533864431,,11,5,6,*,*,*,*,*,*,*,*,*,*,*,*,*,*,*,*,*,*,*,*,*,*,*,*,*,*,*,*,*,*,3,3,*,*,*,*,*,*,*,*,*,*,*,*,*,*,*
533864401,2,533864402,,8,2,6,*,*,*,*,*,*,*,*,*,*,*,*,*,*,*,*,*,*,*,*,*,*,*,*,*,*,*,*,*,*,5,5,*,*,*,*,*,*,*,*,*,*,*,*,*,*,*
533864402,1,,533864401;533864404,26,9,17,0,0,0,40,14,26,10,4,6,40,14,26,40,14,26,30,10,20,26,8,18,11,1,10,0,0,0,0,0,0,17,17,12,14,0,0,0,0,0,14,12,2,0,25,0,12,4
533864404,2,533864402,,6,3,3,*,*,*,*,*,*,*,*,*,*,*,*,*,*,*,*,*,*,*,*,*,*,*,*,*,*,*,*,*,*,4,4,*,*,*,*,*,*,*,*,*,*,*,*,*,*,*
533864431,1,,533864333,3,2,1,0,0,0,14,7,7,6,3,3,13,6,7,13,6,7,8,4,4,8,4,4,1,1,0,0,0,0,0,0,0,2,2,2,1,1,0,0,0,1,3,1,2,0,4,0,1,1
533864502,2,533864511,,5,2,3,*,*,*,*,*,*,*,*,*,*,*,*,*,*,*,*,*,*,*,*,*,*,*,*,*,*,*,*,*,*,4,4,*,*,*,*,*,*,*,*,*,*,*,*,*,*,*
533864511,1,,533864502,16,10,6,0,0,0,21,12,9,7,6,1,21,12,9,21,12,9,14,6,8,14,6,8,9,4,5,2,0,2,0,0,0,11,11,9,6,0,0,0,0,0,6,4,2,0,12,0,7,2
533864621,1,,533864623,21,9,12,0,0,0,28,12,16,6,4,2,28,12,16,28,12,16,22,8,14,16,4,12,8,1,7,0,0,0,1,0,1,17,17,13,6,1,0,0,0,0,7,6,1,0,17,0,10,5
533864623,2,533864621,,7,3,4,*,*,*,*,*,*,*,*,*,*,*,*,*,*,*,*,*,*,*,*,*,*,*,*,*,*,*,*,*,*,3,3,*,*,*,*,*,*,*,*,*,*,*,*,*,*,*
533864731,0,,,36,19,17,5,2,3,31,17,14,10,6,4,31,17,14,30,16,14,21,11,10,11,5,6,2,0,2,0,0,0,0,0,0,16,16,6,6,1,1,1,1,0,10,9,1,2,14,0,6,5
533864733,0,,,17,9,8,0,0,0,17,9,8,7,3,4,17,9,8,17,9,8,10,6,4,3,1,2,3,1,2,0,0,0,0,0,0,9,9,2,6,1,0,0,0,0,7,5,2,0,8,0,2,3
533865911,2,533875212,,3,2,1,*,*,*,*,*,*,*,*,*,*,*,*,*,*,*,*,*,*,*,*,*,*,*,*,*,*,*,*,*,*,2,2,*,*,*,*,*,*,*,*,*,*,*,*,*,*,*
533866064,2,533866104,,1,1,0,*,*,*,*,*,*,*,*,*,*,*,*,*,*,*,*,*,*,*,*,*,*,*,*,*,*,*,*,*,*,1,1,*,*,*,*,*,*,*,*,*,*,*,*,*,*,*
533866071,2,533866104,,3,2,1,*,*,*,*,*,*,*,*,*,*,*,*,*,*,*,*,*,*,*,*,*,*,*,*,*,*,*,*,*,*,2,2,*,*,*,*,*,*,*,*,*,*,*,*,*,*,*
533866073,2,533866104,,3,1,2,*,*,*,*,*,*,*,*,*,*,*,*,*,*,*,*,*,*,*,*,*,*,*,*,*,*,*,*,*,*,2,2,*,*,*,*,*,*,*,*,*,*,*,*,*,*,*
533866104,1,,533866064;533866071;533866073;533866202,26,12,14,1,0,1,39,21,18,18,12,6,39,21,18,39,21,18,21,9,12,11,3,8,5,2,3,0,0,0,0,0,0,12,12,6,9,4,1,0,0,0,14,14,0,1,13,0,3,5
533866202,2,533866104,,7,5,2,*,*,*,*,*,*,*,*,*,*,*,*,*,*,*,*,*,*,*,*,*,*,*,*,*,*,*,*,*,*,3,3,*,*,*,*,*,*,*,*,*,*,*,*,*,*,*
533867031,2,533867981,,2,1,1,*,*,*,*,*,*,*,*,*,*,*,*,*,*,*,*,*,*,*,*,*,*,*,*,*,*,*,*,*,*,1,1,*,*,*,*,*,*,*,*,*,*,*,*,*,*,*
533867032,2,533867981,,2,1,1,*,*,*,*,*,*,*,*,*,*,*,*,*,*,*,*,*,*,*,*,*,*,*,*,*,*,*,*,*,*,1,1,*,*,*,*,*,*,*,*,*,*,*,*,*,*,*
533867861,2,533867981,,2,1,1,*,*,*,*,*,*,*,*,*,*,*,*,*,*,*,*,*,*,*,*,*,*,*,*,*,*,*,*,*,*,1,1,*,*,*,*,*,*,*,*,*,*,*,*,*,*,*
533867981,1,,533867031;533867032;533867861,4,2,2,0,0,0,10,5,5,6,3,3,10,5,5,10,5,5,4,2,2,3,1,2,1,0,1,0,0,0,0,0,0,2,2,1,3,1,0,0,0,0,4,3,1,0,3,0,1,1
533870001,0,,,34,18,16,1,0,1,33,18,15,20,12,8,32,17,15,32,17,15,13,6,7,8,3,5,4,2,2,0,0,0,3,1,2,13,13,3,3,3,4,0,0,0,10,7,3,1,7,0,1,3
533870003,0,,,364,179,185,39,23,16,317,152,165,166,81,85,307,146,161,297,143,154,151,71,80,69,34,35,21,10,11,2,1,1,3,2,1,126,125,24,40,27,14,7,8,5,100,69,31,8,93,0,17,25
533870004,0,,,34,17,17,2,0,2,10,6,4,6,3,3,10,6,4,10,6,4,4,3,1,3,2,1,2,2,0,0,0,0,0,0,0,9,9,2,1,1,1,2,1,1,3,2,1,1,3,0,1,0
533870073,2,533870074,,3,2,1,*,*,*,*,*,*,*,*,*,*,*,*,*,*,*,*,*,*,*,*,*,*,*,*,*,*,*,*,*,*,1,1,*,*,*,*,*,*,*,*,*,*,*,*,*,*,*
533870074,1,,533870073,72,39,33,5,3,2,70,38,32,36,21,15,68,36,32,67,35,32,34,17,17,24,11,13,10,4,6,1,0,1,1,0,1,33,33,9,14,6,5,0,0,0,24,20,4,1,22,0,6,8
533870101,0,,,208,98,110,29,15,14,150,68,82,89,44,45,141,63,78,137,62,75,61,24,37,29,9,20,8,2,6,2,0,2,2,1,1,69,69,15,15,16,8,9,4,2,45,32,13,8,42,1,9,8
533870102,0,,,18,8,10,0,0,0,10,6,4,9,6,3,9,5,4,9,5,4,1,0,1,1,0,1,1,0,1,0,0,0,0,0,0,5,5,0,2,0,2,0,1,0,3,3,0,0,1,0,0,0
533870103,1,,533870201;533870301,43,21,22,7,2,5,50,27,23,33,20,13,49,26,23,48,25,23,17,7,10,10,4,6,3,0,3,0,0,0,1,0,1,17,17,5,7,4,4,3,0,0,17,12,5,1,11,0,1,3
533870172,0,,,54,27,27,5,4,1,49,23,26,20,13,7,47,21,26,47,21,26,29,10,19,16,4,12,8,1,7,0,0,0,0,0,0,27,27,10,12,2,1,2,0,0,16,14,2,2,22,0,9,7
533870182,0,,,39,19,20,4,2,2,35,17,18,12,6,6,35,17,18,34,17,17,23,11,12,13,5,8,6,2,4,1,1,0,1,0,1,17,17,6,6,1,2,2,0,0,11,8,3,0,13,0,4,6
533870191,1,,533870193;533870194,24,13,11,0,0,0,29,17,12,15,10,5,29,17,12,29,17,12,14,7,7,7,3,4,4,2,2,0,0,0,0,0,0,11,11,5,5,2,2,0,0,0,9,7,2,0,10,0,3,2
533870193,2,533870191,,1,1,0,*,*,*,*,*,*,*,*,*,*,*,*,*,*,*,*,*,*,*,*,*,*,*,*,*,*,*,*,*,*,1,1,*,*,*,*,*,*,*,*,*,*,*,*,*,*,*
533870194,2,533870191,,4,3,1,*,*,*,*,*,*,*,*,*,*,*,*,*,*,*,*,*,*,*,*,*,*,*,*,*,*,*,*,*,*,2,2,*,*,*,*,*,*,*,*,*,*,*,*,*,*,*
533870201,2,533870103,,9,5,4,*,*,*,*,*,*,*,*,*,*,*,*,*,*,*,*,*,*,*,*,*,*,*,*,*,*,*,*,*,*,3,3,*,*,*,*,*,*,*,*,*,*,*,*,*,*,*
533870272,2,533870274,,6,3,3,*,*,*,*,*,*,*,*,*,*,*,*,*,*,*,*,*,*,*,*,*,*,*,*,*,*,*,*,*,*,4,4,*,*,*,*,*,*,*,*,*,*,*,*,*,*,*
533870274,1,,533870272,7,3,4,0,0,0,13,6,7,3,1,2,13,6,7,13,6,7,10,5,5,7,3,4,5,2,3,0,0,0,0,0,0,3,3,2,4,1,0,0,0,0,5,5,0,0,6,0,2,3
533870283,0,,,22,13,9,1,1,0,21,12,9,9,4,5,21,12,9,21,12,9,12,8,4,7,5,2,1,1,0,0,0,0,0,0,0,11,11,4,4,2,1,0,0,0,7,7,0,1,9,0,3,3
533870301,2,533870103,,10,5,5,*,*,*,*,*,*,*,*,*,*,*,*,*,*,*,*,*,*,*,*,*,*,*,*,*,*,*,*,*,*,3,3,*,*,*,*,*,*,*,*,*,*,*,*,*,*,*
533870381,1,,533870383,120,59,61,6,2,4,118,58,60,46,24,22,117,58,59,117,58,59,72,34,38,45,18,27,20,9,11,4,2,2,2,0,2,58,58,22,24,8,5,2,0,0,39,34,5,2,49,0,15,12
533870383,2,533870381,,4,1,3,*,*,*,*,*,*,*,*,*,*,*,*,*,*,*,*,*,*,*,*,*,*,*,*,*,*,*,*,*,*,3,3,*,*,*,*,*,*,*,*,*,*,*,*,*,*,*
533870484,2,533870591,,7,4,3,*,*,*,*,*,*,*,*,*,*,*,*,*,*,*,*,*,*,*,*,*,*,*,*,*,*,*,*,*,*,3,3,*,*,*,*,*,*,*,*,*,*,*,*,*,*,*
533870501,0,,,10,5,5,0,0,0,10,5,5,5,3,2,10,5,5,10,5,5,5,2,3,4,2,2,2,1,1,0,0,0,0,0,0,4,4,0,3,0,1,0,0,0,4,3,1,0,3,0,0,1
533870503,0,,,301,123,178,36,14,22,265,109,156,145,70,75,256,106,150,251,104,147,120,39,81,80,20,60,45,9,36,8,1,7,6,2,4,94,92,17,33,14,14,7,6,1,74,61,13,6,48,0,9,16
533870513,2,533870604,,2,1,1,*,*,*,*,*,*,*,*,*,*,*,*,*,*,*,*,*,*,*,*,*,*,*,*,*,*,*,*,*,*,1,1,*,*,*,*,*,*,*,*,*,*,*,*,*,*,*
533870591,1,,533870484,7,4,3,0,0,0,14,8,6,7,4,3,14,8,6,13,7,6,7,4,3,1,1,0,0,0,0,0,0,0,0,0,0,3,3,0,4,2,0,0,0,0,6,6,0,0,4,0,0,2
533870601,0,,,592,293,299,56,27,29,535,265,270,265,133,132,521,258,263,510,256,254,270,132,138,119,62,57,26,8,18,0,0,0,7,3,4,239,239,47,97,56,19,14,5,1,192,168,24,8,169,3,30,63
533870602,0,,,41,19,22,3,2,1,38,17,21,33,16,17,37,16,21,37,16,21,5,1,4,3,0,3,1,0,1,1,0,1,0,0,0,12,12,0,2,5,3,2,0,0,12,9,3,2,4,0,0,1
533870603,0,,,136,71,65,15,7,8,121,64,57,66,42,24,121,64,57,119,63,56,55,22,33,32,10,22,11,4,7,1,1,0,8,4,4,68,68,33,16,11,4,2,2,0,35,30,5,3,43,1,22,7
533870604,1,,533870513,191,99,92,19,10,9,172,89,83,117,64,53,165,83,82,162,80,82,55,25,30,22,9,13,5,1,4,0,0,0,9,4,5,71,71,10,31,13,12,3,2,1,60,50,10,5,35,0,6,12
533870613,0,,,21,10,11,1,0,1,20,10,10,9,5,4,20,10,10,20,10,10,11,5,6,4,3,1,2,1,1,0,0,0,0,0,0,11,11,4,5,1,1,0,0,0,7,6,1,0,8,0,3,2
533870701,0,,,238,122,116,23,16,7,215,106,109,133,69,64,208,101,107,204,98,106,82,37,45,49,22,27,14,5,9,0,0,0,3,0,3,84,84,17,24,20,6,14,2,1,65,50,15,7,53,0,9,14
533870702,0,,,60,28,32,3,1,2,57,27,30,30,13,17,56,26,30,56,26,30,27,14,13,12,5,7,2,1,1,0,0,0,0,0,0,25,25,4,14,2,4,0,1,0,21,17,4,1,19,0,2,8
533870703,0,,,682,316,366,84,42,42,598,274,324,350,169,181,586,268,318,548,259,289,248,105,143,140,57,83,53,20,33,4,0,4,9,6,3,261,259,74,84,42,28,24,4,3,183,145,38,19,164,4,39,48
533870704,0,,,260,139,121,28,16,12,232,123,109,132,74,58,226,120,106,223,117,106,100,49,51,35,15,20,8,3,5,0,0,0,4,2,2,104,104,20,39,23,18,3,1,0,83,78,5,9,62,1,12,26
533870711,0,,,16,7,9,4,0,4,12,7,5,8,5,3,11,6,5,11,6,5,4,2,2,4,2,2,0,0,0,0,0,0,0,0,0,5,5,1,1,1,1,0,1,0,4,3,1,1,2,0,0,1
533870713,0,,,70,31,39,7,3,4,63,28,35,31,15,16,59,26,33,59,26,33,32,13,19,20,9,11,5,2,3,0,0,0,2,1,1,30,30,8,9,8,5,0,0,0,22,19,3,3,21,0,8,6
533870714,0,,,82,40,42,5,4,1,77,36,41,43,22,21,77,36,41,75,35,40,34,14,20,21,6,15,5,0,5,0,0,0,0,0,0,35,35,8,13,10,2,2,0,0,27,23,4,1,26,0,6,5
533870723,0,,,19,6,13,0,0,0,19,6,13,9,5,4,19,6,13,19,6,13,10,1,9,6,0,6,6,0,6,1,0,1,0,0,0,8,8,0,6,1,1,0,0,0,8,6,2,0,7,0,0,0
533870751,0,,,27,12,15,1,0,1,26,12,14,12,5,7,26,12,14,26,12,14,14,7,7,9,4,5,5,2,3,0,0,0,0,0,0,12,12,3,6,0,3,0,0,0,9,6,3,0,10,0,3,2
533870753,0,,,21,11,10,1,0,1,20,11,9,6,4,2,20,11,9,20,11,9,14,7,7,11,5,6,8,3,5,0,0,0,0,0,0,9,9,2,3,3,1,0,0,0,7,5,2,0,8,0,2,2
533870801,0,,,334,168,166,35,25,10,299,143,156,167,87,80,288,135,153,281,131,150,132,56,76,70,29,41,30,11,19,1,1,0,4,1,3,126,126,28,45,21,14,13,4,1,96,70,26,6,82,2,16,23
533870802,2,533870803,,1,0,1,*,*,*,*,*,*,*,*,*,*,*,*,*,*,*,*,*,*,*,*,*,*,*,*,*,*,*,*,*,*,1,1,*,*,*,*,*,*,*,*,*,*,*,*,*,*,*
533870803,1,,533870802,121,63,58,4,3,1,118,60,58,57,32,25,114,57,57,112,55,57,61,28,33,32,13,19,5,1,4,0,0,0,5,1,4,56,56,17,21,14,4,1,0,0,39,38,1,1,44,0,13,15
533870811,2,533870823,,4,3,1,*,*,*,*,*,*,*,*,*,*,*,*,*,*,*,*,*,*,*,*,*,*,*,*,*,*,*,*,*,*,1,1,*,*,*,*,*,*,*,*,*,*,*,*,*,*,*
533870814,2,533870823,,4,2,2,*,*,*,*,*,*,*,*,*,*,*,*,*,*,*,*,*,*,*,*,*,*,*,*,*,*,*,*,*,*,2,2,*,*,*,*,*,*,*,*,*,*,*,*,*,*,*
533870823,1,,533870811;533870814,14,6,8,2,2,0,20,9,11,8,4,4,20,9,11,20,9,11,12,5,7,6,2,4,3,1,2,0,0,0,0,0,0,8,8,5,3,1,2,0,0,0,6,4,2,1,9,1,4,2
533870894,0,,,23,15,8,0,0,0,21,13,8,9,6,3,21,13,8,21,13,8,12,7,5,6,4,2,1,1,0,0,0,0,1,1,0,14,14,7,5,2,0,0,0,0,7,7,0,0,7,0,2,3
533870901,1,,533870903;533870904,153,76,77,17,14,3,144,67,77,76,38,38,142,66,76,140,65,75,68,29,39,34,13,21,14,3,11,2,1,1,1,0,1,52,52,11,17,11,6,4,3,3,44,28,16,4,42,0,9,8
533870902,0,,,57,28,29,5,2,3,52,26,26,32,16,16,50,26,24,50,26,24,20,10,10,11,6,5,3,2,1,0,0,0,0,0,0,16,16,0,4,8,0,0,3,1,16,11,5,1,12,0,0,1
533870903,2,533870901,,5,4,1,*,*,*,*,*,*,*,*,*,*,*,*,*,*,*,*,*,*,*,*,*,*,*,*,*,*,*,*,*,*,1,1,*,*,*,*,*,*,*,*,*,*,*,*,*,*,*
533870904,2,533870901,,3,1,2,*,*,*,*,*,*,*,*,*,*,*,*,*,*,*,*,*,*,*,*,*,*,*,*,*,*,*,*,*,*,2,2,*,*,*,*,*,*,*,*,*,*,*,*,*,*,*
533870912,2,533870914,,15,8,7,*,*,*,*,*,*,*,*,*,*,*,*,*,*,*,*,*,*,*,*,*,*,*,*,*,*,*,*,*,*,3,3,*,*,*,*,*,*,*,*,*,*,*,*,*,*,*
533870914,1,,533870912,8,5,3,3,1,2,20,12,8,14,10,4,17,9,8,17,9,8,6,2,4,3,1,2,1,0,1,0,0,0,3,2,1,4,4,1,2,2,0,1,0,1,5,4,1,1,4,0,0,0
533870921,2,533870923,,7,4,3,*,*,*,*,*,*,*,*,*,*,*,*,*,*,*,*,*,*,*,*,*,*,*,*,*,*,*,*,*,*,4,4,*,*,*,*,*,*,*,*,*,*,*,*,*,*,*
533870922,2,533870923,,6,2,4,*,*,*,*,*,*,*,*,*,*,*,*,*,*,*,*,*,*,*,*,*,*,*,*,*,*,*,*,*,*,2,2,*,*,*,*,*,*,*,*,*,*,*,*,*,*,*
533870923,1,,533870921;533870922;533870924,52,24,28,3,1,2,67,32,35,27,14,13,66,32,34,66,32,34,40,18,22,25,10,15,10,3,7,2,0,2,3,0,3,25,25,10,15,7,1,1,0,0,23,18,5,0,27,0,8,7
533870924,2,533870923,,5,3,2,*,*,*,*,*,*,*,*,*,*,*,*,*,*,*,*,*,*,*,*,*,*,*,*,*,*,*,*,*,*,3,3,*,*,*,*,*,*,*,*,*,*,*,*,*,*,*
533870933,1,,533870943,43,25,18,2,0,2,50,29,21,32,19,13,49,28,21,46,25,21,18,10,8,8,4,4,4,1,3,1,0,1,0,0,0,16,16,6,5,3,1,2,1,1,13,8,5,0,12,0,4,1
533870943,2,533870933,,9,4,5,*,*,*,*,*,*,*,*,*,*,*,*,*,*,*,*,*,*,*,*,*,*,*,*,*,*,*,*,*,*,3,3,*,*,*,*,*,*,*,*,*,*,*,*,*,*,*
533870993,0,,,22,9,13,4,1,3,18,8,10,8,3,5,18,8,10,18,8,10,10,5,5,5,3,2,0,0,0,0,0,0,0,0,0,7,7,2,2,0,0,2,1,0,5,2,3,1,6,0,2,1
533870994,0,,,391,185,206,34,15,19,351,167,184,220,112,108,343,165,178,339,162,177,131,55,76,74,27,47,23,6,17,3,0,3,4,3,1,167,167,54,49,32,23,5,2,2,113,93,20,12,86,11,21,20
533871061,0,,,18,8,10,3,0,3,15,8,7,7,3,4,14,8,6,14,8,6,8,5,3,3,2,1,1,1,0,1,1,0,0,0,0,5,5,0,2,0,2,0,1,0,5,3,2,0,4,0,0,2
533871062,0,,,161,78,83,16,7,9,145,71,74,76,42,34,143,70,73,142,69,73,69,29,40,40,16,24,22,8,14,3,2,1,0,0,0,64,64,13,24,13,10,3,1,0,51,34,17,3,44,0,6,12
533871063,2,533871064,,8,5,3,*,*,*,*,*,*,*,*,*,*,*,*,*,*,*,*,*,*,*,*,*,*,*,*,*,*,*,*,*,*,3,3,*,*,*,*,*,*,*,*,*,*,*,*,*,*,*
533871064,1,,533871063,79,45,34,8,7,1,79,43,36,46,27,19,76,41,35,74,40,34,33,16,17,19,10,9,7,4,3,0,0,0,0,0,0,27,27,4,8,7,9,2,0,0,26,21,5,2,21,0,3,6
533871071,0,,,61,37,24,5,4,1,56,33,23,31,19,12,56,33,23,56,33,23,25,14,11,11,7,4,2,2,0,0,0,0,0,0,0,29,29,7,14,6,2,0,0,0,22,21,1,1,14,6,1,8
533871073,0,,,82,42,40,9,5,4,73,37,36,41,23,18,70,35,35,68,34,34,32,14,18,21,10,11,12,6,6,2,2,0,0,0,0,30,30,5,12,5,5,1,1,1,25,21,4,2,19,2,2,5
533871081,0,,,208,104,104,51,30,21,156,74,82,123,62,61,149,69,80,143,67,76,33,12,21,18,5,13,7,3,4,0,0,0,3,1,2,76,76,19,18,12,19,7,1,0,56,47,9,13,24,5,7,3
533871082,0,,,453,231,222,62,37,25,375,182,193,297,147,150,361,175,186,359,174,185,78,35,43,44,14,30,18,4,14,1,1,0,7,1,6,224,223,102,53,38,23,4,3,0,120,108,12,16,63,17,25,16
533871083,0,,,32,17,15,5,3,2,27,14,13,18,11,7,26,14,12,25,13,12,9,3,6,6,1,5,3,0,3,1,0,1,1,0,1,11,11,2,2,3,3,1,0,0,9,7,2,1,6,0,1,0
533871084,0,,,310,156,154,34,19,15,268,133,135,208,108,100,236,118,118,228,115,113,60,25,35,38,15,23,17,6,11,3,2,1,15,9,6,126,124,53,30,21,12,5,2,1,71,62,9,4,29,18,5,11
533871091,1,,533871093,536,277,259,67,30,37,474,248,226,301,162,139,464,243,221,457,239,218,173,86,87,83,43,40,25,13,12,2,1,1,15,7,8,256,255,101,92,35,20,10,1,1,155,145,10,18,110,29,30,38
533871092,0,,,194,92,102,23,14,9,171,78,93,109,50,59,163,74,89,159,73,86,62,28,34,30,14,16,14,4,10,0,0,0,6,0,6,78,78,25,20,13,13,4,3,0,52,41,11,8,35,6,7,10
533871093,2,533871091,,10,6,4,*,*,*,*,*,*,*,*,*,*,*,*,*,*,*,*,*,*,*,*,*,*,*,*,*,*,*,*,*,*,5,5,*,*,*,*,*,*,*,*,*,*,*,*,*,*,*
533871094,0,,,60,26,34,6,3,3,54,23,31,43,18,25,51,21,30,49,21,28,11,5,6,5,2,3,0,0,0,0,0,0,10,1,9,32,32,18,7,3,3,0,0,1,13,12,1,2,7,10,3,3
533871152,2,533871161,,3,2,1,*,*,*,*,*,*,*,*,*,*,*,*,*,*,*,*,*,*,*,*,*,*,*,*,*,*,*,*,*,*,1,1,*,*,*,*,*,*,*,*,*,*,*,*,*,*,*
533871161,1,,533871152,20,9,11,6,1,5,17,10,7,14,9,5,16,9,7,16,9,7,3,1,2,3,1,2,1,0,1,1,0,1,0,0,0,6,6,0,3,2,0,1,1,0,7,7,0,1,2,0,0,0
533871162,0,,,312,151,161,36,14,22,276,137,139,146,80,66,269,133,136,264,129,135,130,57,73,80,36,44,21,6,15,3,1,2,2,0,2,124,124,25,50,23,14,10,2,0,99,83,16,8,83,0,16,34
533871163,0,,,15,9,6,4,3,1,11,6,5,9,4,5,10,6,4,10,6,4,2,2,0,0,0,0,0,0,0,0,0,0,0,0,0,6,6,2,0,3,1,0,0,0,4,4,0,1,2,0,1,0
533871164,0,,,38,21,17,1,1,0,37,20,17,25,14,11,36,20,16,36,20,16,12,6,6,9,4,5,2,0,2,0,0,0,0,0,0,20,20,10,5,2,3,0,0,0,10,9,1,1,8,0,3,3
533871171,2,533871183,,1,0,1,*,*,*,*,*,*,*,*,*,*,*,*,*,*,*,*,*,*,*,*,*,*,*,*,*,*,*,*,*,*,1,1,*,*,*,*,*,*,*,*,*,*,*,*,*,*,*
533871174,2,533871183,,8,4,4,*,*,*,*,*,*,*,*,*,*,*,*,*,*,*,*,*,*,*,*,*,*,*,*,*,*,*,*,*,*,2,2,*,*,*,*,*,*,*,*,*,*,*,*,*,*,*
533871181,2,533871182,,5,2,3,*,*,*,*,*,*,*,*,*,*,*,*,*,*,*,*,*,*,*,*,*,*,*,*,*,*,*,*,*,*,2,2,*,*,*,*,*,*,*,*,*,*,*,*,*,*,*
533871182,1,,533871181,250,125,125,36,16,20,216,109,107,178,91,87,205,103,102,200,100,100,38,18,20,21,6,15,11,4,7,1,0,1,3,1,2,94,94,29,17,22,20,4,3,1,67,58,9,14,24,5,2,6
533871183,1,,533871171;533871174,122,64,58,27,16,11,104,52,52,81,39,42,98,49,49,96,49,47,23,13,10,13,9,4,4,3,1,0,0,0,1,0,1,39,39,4,11,11,10,5,0,1,37,32,5,8,15,0,2,5
533871184,0,,,90,43,47,17,9,8,73,34,39,52,25,27,68,31,37,66,30,36,21,9,12,11,4,7,5,1,4,1,0,1,0,0,0,31,31,5,9,4,11,1,1,0,26,19,7,5,13,0,3,5
533871191,0,,,20,9,11,3,3,0,17,6,11,12,5,7,16,6,10,16,6,10,5,1,4,3,1,2,2,0,2,0,0,0,0,0,0,7,7,1,1,3,2,0,0,0,6,4,2,0,4,0,1,0
533871193,0,,,96,55,41,11,8,3,85,47,38,48,30,18,82,45,37,80,44,36,37,17,20,26,10,16,10,4,6,1,1,0,0,0,0,34,34,9,8,7,4,3,2,1,24,16,8,1,20,5,3,5
533871194,0,,,16,8,8,2,1,1,14,7,7,9,6,3,14,7,7,14,7,7,5,1,4,3,0,3,2,0,2,0,0,0,0,0,0,7,7,2,3,1,0,1,0,0,5,4,1,1,5,0,1,0
533871252,0,,,11,6,5,0,0,0,11,6,5,2,1,1,11,6,5,11,6,5,9,5,4,2,1,1,0,0,0,0,0,0,0,0,0,6,6,2,3,1,0,0,0,0,4,4,0,0,5,0,1,3
533871253,0,,,115,60,55,10,6,4,105,54,51,60,32,28,102,53,49,99,52,47,45,22,23,28,13,15,9,4,5,1,0,1,2,0,2,44,44,9,13,12,7,2,1,0,34,30,4,2,29,0,9,7
533871254,0,,,106,57,49,10,9,1,96,48,48,48,25,23,93,46,47,93,46,47,48,23,25,23,11,12,10,7,3,0,0,0,1,0,1,41,41,5,18,11,4,2,1,0,36,32,4,3,29,0,3,9
533871261,0,,,27,10,17,3,1,2,24,9,15,16,5,11,24,9,15,24,9,15,8,4,4,3,1,2,1,0,1,0,0,0,0,0,0,9,9,1,4,2,1,0,0,1,8,6,2,1,4,0,0,1
533871263,0,,,68,32,36,5,3,2,63,29,34,38,19,19,59,27,32,58,26,32,25,10,15,13,4,9,4,0,4,0,0,0,1,0,1,27,27,5,11,5,5,0,1,0,22,18,4,1,17,0,3,7
533871264,0,,,50,23,27,8,4,4,42,19,23,25,11,14,42,19,23,40,19,21,17,8,9,5,3,2,0,0,0,0,0,0,0,0,0,22,22,5,10,4,2,1,0,0,17,16,1,3,12,0,4,4
533871271,2,533871272,,2,1,1,*,*,*,*,*,*,*,*,*,*,*,*,*,*,*,*,*,*,*,*,*,*,*,*,*,*,*,*,*,*,1,1,*,*,*,*,*,*,*,*,*,*,*,*,*,*,*
533871272,1,,533871271,35,17,18,1,1,0,36,17,19,20,10,10,34,15,19,34,15,19,16,7,9,11,5,6,3,1,2,0,0,0,0,0,0,15,15,3,7,4,2,0,0,0,13,12,1,0,9,1,1,4
533871273,0,,,85,40,45,9,7,2,76,33,43,47,22,25,71,31,40,71,31,40,29,11,18,8,3,5,3,1,2,1,1,0,1,1,0,30,30,5,8,8,5,4,0,0,25,17,8,4,20,0,2,6
533871274,0,,,24,12,12,1,1,0,23,11,12,15,6,9,23,11,12,22,11,11,8,5,3,4,2,2,3,1,2,1,0,1,0,0,0,8,8,2,2,0,2,2,0,0,6,2,4,1,7,0,2,1
533871281,0,,,116,61,55,9,5,4,79,40,39,66,34,32,78,40,38,78,40,38,13,6,7,3,1,2,3,1,2,0,0,0,8,2,6,78,78,54,15,5,3,1,0,0,21,19,2,4,10,8,1,2
533871282,0,,,245,101,144,23,11,12,222,90,132,111,52,59,214,90,124,210,88,122,111,38,73,88,26,62,58,15,43,17,3,14,1,0,1,71,70,13,26,16,11,1,3,0,54,47,7,7,30,1,6,9
533871283,0,,,27,13,14,4,3,1,23,10,13,12,6,6,23,10,13,23,10,13,11,4,7,8,2,6,4,1,3,2,1,1,0,0,0,9,9,1,3,0,5,0,0,0,8,4,4,0,7,0,1,1
533871284,0,,,13,6,7,0,0,0,13,6,7,9,5,4,13,6,7,12,6,6,4,1,3,2,0,2,1,0,1,0,0,0,3,3,0,8,8,5,1,2,0,0,0,0,3,3,0,0,3,1,2,1
533871291,1,,533871292,51,24,27,20,7,13,42,21,21,30,14,16,40,21,19,40,21,19,12,7,5,6,4,2,0,0,0,0,0,0,0,0,0,18,18,4,7,1,6,1,2,0,17,15,2,4,9,0,3,4
533871292,2,533871291,,11,4,7,*,*,*,*,*,*,*,*,*,*,*,*,*,*,*,*,*,*,*,*,*,*,*,*,*,*,*,*,*,*,3,3,*,*,*,*,*,*,*,*,*,*,*,*,*,*,*
533871293,0,,,43,27,16,1,1,0,42,26,16,33,20,13,41,25,16,40,25,15,9,6,3,6,4,2,4,3,1,0,0,0,6,5,1,25,25,15,4,5,0,1,0,0,10,9,1,0,7,0,5,0
533871344,0,,,156,77,79,7,3,4,149,74,75,82,48,34,145,72,73,144,72,72,67,26,41,47,17,30,24,7,17,4,2,2,0,0,0,59,59,15,20,9,7,4,2,2,44,30,14,1,44,0,9,11
533871351,0,,,349,175,174,64,37,27,284,137,147,238,123,115,273,131,142,267,127,140,46,14,32,29,7,22,11,2,9,2,0,2,3,0,3,127,127,30,32,26,25,11,2,1,97,84,13,11,34,0,7,8
533871352,0,,,131,69,62,8,5,3,123,64,59,62,34,28,119,61,58,118,61,57,61,30,31,37,16,21,12,5,7,1,1,0,3,3,0,58,57,16,25,7,6,0,2,1,41,36,5,2,39,4,7,12
533871353,0,,,229,111,118,30,16,14,199,95,104,100,56,44,197,94,103,195,94,101,99,39,60,61,22,39,24,6,18,1,0,1,1,0,1,85,85,18,29,13,16,6,1,2,67,51,16,11,64,0,15,16
533871361,0,,,26,11,15,5,1,4,21,10,11,13,6,7,21,10,11,21,10,11,8,4,4,6,4,2,0,0,0,0,0,0,0,0,0,10,10,2,4,2,0,2,0,0,8,6,2,2,5,0,1,3
533871362,1,,533871363,71,42,29,8,3,5,64,40,24,49,33,16,61,38,23,61,38,23,15,7,8,8,4,4,3,2,1,0,0,0,23,19,4,39,39,23,8,6,0,3,0,0,17,17,0,1,9,20,1,4
533871363,2,533871362,,1,1,0,*,*,*,*,*,*,*,*,*,*,*,*,*,*,*,*,*,*,*,*,*,*,*,*,*,*,*,*,*,*,1,1,*,*,*,*,*,*,*,*,*,*,*,*,*,*,*
533871364,0,,,24,14,10,5,5,0,19,9,10,8,4,4,19,9,10,19,9,10,11,5,6,2,0,2,2,0,2,0,0,0,0,0,0,10,10,3,5,0,1,0,0,1,7,6,1,0,8,0,3,2
533871371,1,,533871373,59,34,25,6,6,0,58,29,29,47,24,23,55,28,27,54,28,26,11,5,6,4,1,3,3,1,2,2,1,1,17,9,8,29,29,24,5,3,5,1,0,0,14,11,3,1,7,12,2,0
533871372,0,,,31,10,21,5,0,5,25,10,15,20,8,12,24,10,14,23,10,13,5,2,3,3,1,2,0,0,0,0,0,0,3,0,3,12,12,3,3,3,2,1,0,0,9,8,1,1,3,1,0,0
533871373,2,533871371,,9,2,7,*,*,*,*,*,*,*,*,*,*,*,*,*,*,*,*,*,*,*,*,*,*,*,*,*,*,*,*,*,*,9,9,*,*,*,*,*,*,*,*,*,*,*,*,*,*,*
533871384,0,,,10,5,5,2,1,1,8,4,4,2,1,1,8,4,4,8,4,4,6,3,3,2,1,1,2,1,1,0,0,0,0,0,0,4,4,1,2,0,0,1,0,0,3,2,1,1,4,0,1,1
533871391,0,,,50,25,25,6,3,3,44,22,22,22,13,9,44,22,22,44,22,22,22,9,13,12,3,9,5,2,3,0,0,0,0,0,0,16,16,4,5,2,2,0,1,2,12,5,7,2,15,0,4,2
533871392,1,,533871394,24,12,12,0,0,0,28,15,13,10,7,3,28,15,13,28,15,13,18,8,10,11,5,6,5,2,3,1,0,1,0,0,0,11,11,4,4,4,1,0,0,0,9,7,2,0,10,0,3,1
533871393,0,,,43,20,23,4,3,1,39,17,22,21,8,13,36,17,19,36,17,19,18,9,9,10,5,5,3,2,1,0,0,0,0,0,0,15,15,1,9,2,0,1,1,1,14,12,2,0,10,0,0,5
533871394,2,533871392,,4,3,1,*,*,*,*,*,*,*,*,*,*,*,*,*,*,*,*,*,*,*,*,*,*,*,*,*,*,*,*,*,*,2,2,*,*,*,*,*,*,*,*,*,*,*,*,*,*,*
533871441,0,,,39,20,19,3,3,0,36,17,19,15,7,8,35,17,18,35,17,18,21,10,11,13,5,8,7,3,4,0,0,0,0,0,0,15,15,3,4,5,2,1,0,0,12,9,3,0,12,0,2,3
533871442,0,,,291,145,146,28,17,11,263,128,135,130,67,63,253,125,128,251,123,128,133,61,72,66,28,38,10,3,7,2,0,2,6,3,3,125,125,39,39,23,16,7,1,0,85,69,16,3,87,1,23,23
533871443,0,,,128,58,70,12,4,8,116,54,62,64,31,33,113,52,61,110,51,59,52,23,29,39,17,22,9,4,5,1,1,0,18,8,10,55,55,22,10,13,6,1,3,0,33,20,13,4,31,14,4,9
533871444,0,,,39,18,21,5,2,3,34,16,18,22,11,11,31,13,18,31,13,18,12,5,7,6,3,3,1,0,1,0,0,0,0,0,0,15,15,5,3,3,2,1,1,0,10,7,3,1,9,0,3,2
533871451,1,,533871453,104,49,55,11,5,6,287,152,135,122,69,53,287,152,135,287,152,135,165,83,82,53,22,31,14,5,9,0,0,0,11,4,7,50,50,21,18,5,4,1,1,1,29,25,4,2,29,4,8,14
533871453,2,533871451,,198,112,86,*,*,*,*,*,*,*,*,*,*,*,*,*,*,*,*,*,*,*,*,*,*,*,*,*,*,*,*,*,*,5,1,*,*,*,*,*,*,*,*,*,*,*,*,*,*,*
533871454,0,,,27,13,14,3,2,1,24,11,13,9,3,6,23,11,12,23,11,12,15,8,7,8,4,4,2,0,2,0,0,0,0,0,0,11,11,4,4,0,1,1,1,0,7,3,4,1,10,0,3,2
533871462,0,,,12,7,5,0,0,0,12,7,5,7,4,3,11,6,5,10,6,4,5,3,2,2,2,0,0,0,0,0,0,0,1,0,1,5,5,0,3,2,0,0,0,0,5,5,0,0,3,0,0,1
533871463,0,,,105,61,44,7,5,2,98,56,42,59,38,21,96,54,42,89,50,39,39,18,21,25,10,15,12,6,6,2,1,1,0,0,0,38,38,6,16,4,9,0,2,1,31,24,7,0,27,0,6,7
533871464,0,,,16,6,10,1,0,1,15,6,9,13,5,8,14,6,8,13,6,7,2,1,1,1,0,1,1,0,1,0,0,0,0,0,0,5,5,0,3,0,1,0,1,0,5,4,1,0,2,0,0,1
533871471,0,,,20,10,10,0,0,0,20,10,10,7,3,4,20,10,10,20,10,10,13,7,6,10,5,5,1,1,0,1,1,0,1,0,1,9,9,2,4,2,1,0,0,0,7,5,2,0,7,0,0,4
533871473,0,,,211,104,107,23,11,12,188,93,95,110,55,55,178,88,90,174,86,88,78,38,40,30,15,15,3,2,1,1,0,1,0,0,0,81,81,17,28,18,10,6,1,1,64,52,12,4,49,0,9,18
533871481,2,533871483,,2,1,1,*,*,*,*,*,*,*,*,*,*,*,*,*,*,*,*,*,*,*,*,*,*,*,*,*,*,*,*,*,*,1,1,*,*,*,*,*,*,*,*,*,*,*,*,*,*,*
533871482,0,,,230,113,117,32,20,12,198,93,105,114,58,56,195,93,102,195,93,102,84,35,49,49,17,32,22,9,13,4,1,3,0,0,0,75,75,11,23,17,9,9,4,2,63,41,22,8,52,0,8,10
533871483,1,,533871481,36,18,18,2,0,2,36,19,17,27,15,12,34,18,16,32,16,16,9,4,5,5,2,3,4,2,2,0,0,0,0,0,0,8,8,0,1,2,1,4,1,0,9,5,4,0,6,0,0,0
533871484,0,,,262,117,145,43,25,18,219,92,127,109,45,64,208,88,120,207,88,119,110,47,63,74,27,47,43,15,28,13,5,8,11,1,10,79,77,23,14,11,17,9,1,2,54,42,12,10,43,2,12,11
533871491,0,,,280,133,147,26,16,10,254,117,137,153,77,76,249,114,135,244,110,134,101,40,61,67,22,45,28,9,19,1,0,1,3,0,3,97,96,19,24,24,16,5,6,2,77,46,31,10,61,0,9,12
533871493,1,,533871494,213,105,108,15,5,10,201,101,100,123,64,59,194,99,95,191,97,94,78,37,41,41,16,25,14,5,9,1,0,1,7,0,7,79,78,16,23,25,9,1,2,3,63,49,14,4,50,4,11,8
533871494,2,533871493,,3,1,2,*,*,*,*,*,*,*,*,*,*,*,*,*,*,*,*,*,*,*,*,*,*,*,*,*,*,*,*,*,*,1,1,*,*,*,*,*,*,*,*,*,*,*,*,*,*,*
533871522,2,533871523,,4,1,3,*,*,*,*,*,*,*,*,*,*,*,*,*,*,*,*,*,*,*,*,*,*,*,*,*,*,*,*,*,*,2,2,*,*,*,*,*,*,*,*,*,*,*,*,*,*,*
533871523,1,,533871522,18,9,9,0,0,0,22,10,12,8,3,5,22,10,12,22,10,12,14,7,7,9,5,4,1,1,0,0,0,0,0,0,0,10,10,2,10,0,0,0,0,0,9,9,0,0,8,0,0,5
533871531,2,533871532,,7,2,5,*,*,*,*,*,*,*,*,*,*,*,*,*,*,*,*,*,*,*,*,*,*,*,*,*,*,*,*,*,*,5,5,*,*,*,*,*,*,*,*,*,*,*,*,*,*,*
533871532,1,,533871531,40,21,19,3,2,1,44,21,23,24,13,11,42,20,22,40,19,21,20,8,12,11,4,7,1,1,0,0,0,0,0,0,0,11,11,5,3,2,3,1,1,1,10,6,4,1,14,0,5,2
533871534,0,,,32,14,18,4,2,2,28,12,16,14,5,9,25,12,13,25,12,13,14,7,7,3,0,3,1,0,1,0,0,0,0,0,0,12,12,3,5,2,0,0,1,1,9,7,2,0,9,0,2,2
533871541,0,,,81,41,40,10,3,7,71,38,33,40,23,17,69,37,32,67,35,32,31,15,16,20,10,10,7,4,3,0,0,0,1,0,1,29,29,11,5,3,4,2,3,1,18,13,5,0,21,0,10,4
533871543,0,,,130,69,61,15,10,5,115,59,56,71,36,35,109,58,51,105,56,49,44,23,21,23,11,12,6,2,4,2,1,1,0,0,0,37,37,5,8,6,7,6,3,2,31,17,14,5,27,0,3,7
533871551,0,,,50,6,44,0,0,0,50,6,44,0,0,0,50,6,44,50,6,44,50,6,44,46,5,41,39,4,35,9,1,8,0,0,0,1,0,0,0,0,0,0,0,0,0,0,0,0,0,0,0,0
533871552,0,,,48,21,27,3,2,1,45,19,26,29,12,17,44,19,25,44,19,25,16,7,9,10,5,5,5,2,3,0,0,0,0,0,0,19,19,4,7,3,4,1,0,0,15,13,2,1,10,0,1,2
533871553,0,,,49,23,26,0,0,0,49,23,26,19,8,11,49,23,26,49,23,26,30,15,15,17,9,8,2,1,1,0,0,0,0,0,0,1,0,0,0,0,0,0,0,0,0,0,0,0,0,0,0,0
533871554,0,,,63,33,30,8,4,4,55,29,26,31,17,14,55,29,26,54,29,25,24,12,12,12,6,6,5,3,2,0,0,0,1,0,1,26,26,3,14,4,5,0,0,0,23,19,4,1,16,0,2,6
533871561,0,,,187,92,95,36,17,19,151,75,76,107,53,54,147,74,73,144,72,72,44,22,22,16,9,7,7,4,3,2,1,1,0,0,0,64,64,7,20,18,13,3,2,1,57,48,9,10,27,1,2,8
533871562,0,,,165,80,85,34,18,16,127,60,67,78,30,48,119,58,61,117,57,60,49,30,19,10,5,5,1,0,1,0,0,0,3,2,1,58,58,8,17,19,9,2,1,2,49,46,3,6,33,1,5,15
533871563,0,,,74,33,41,13,5,8,61,28,33,45,21,24,55,26,29,53,25,28,16,7,9,4,0,4,4,0,4,0,0,0,1,0,1,28,28,8,6,5,6,3,0,0,20,16,4,2,12,0,5,2
533871564,0,,,24,12,12,3,2,1,21,10,11,16,8,8,21,10,11,21,10,11,5,2,3,4,1,3,2,1,1,0,0,0,0,0,0,8,8,1,2,3,1,0,1,0,7,6,1,2,4,0,1,0
533871571,0,,,312,162,150,64,38,26,248,124,124,175,89,86,240,118,122,236,117,119,73,35,38,24,12,12,8,3,5,0,0,0,2,2,0,114,114,26,33,18,22,12,3,0,87,78,9,17,47,6,10,16
533871572,0,,,111,57,54,22,14,8,89,43,46,68,34,34,83,39,44,81,38,43,21,9,12,8,3,5,1,1,0,0,0,0,2,1,1,37,37,4,10,8,12,3,0,0,32,27,5,4,13,0,1,4
533871573,0,,,249,121,128,27,13,14,221,107,114,130,68,62,215,104,111,212,102,110,91,39,52,49,17,32,17,6,11,3,0,3,4,1,3,97,97,25,32,17,14,4,3,2,70,51,19,7,61,0,16,14
533871574,0,,,201,105,96,24,12,12,176,92,84,90,52,38,172,89,83,171,89,82,86,40,46,40,17,23,18,6,12,2,0,2,1,0,1,87,87,28,22,27,5,3,1,1,56,45,11,7,56,3,14,9
533871581,0,,,206,103,103,46,27,19,159,76,83,117,60,57,150,71,79,148,71,77,42,16,26,23,7,16,3,0,3,1,0,1,6,0,6,79,79,21,24,8,17,9,0,0,58,55,3,9,26,5,6,11
533871582,0,,,19,10,9,2,2,0,17,8,9,16,8,8,17,8,9,17,8,9,1,0,1,1,0,1,1,0,1,0,0,0,0,0,0,8,8,1,3,4,0,0,0,0,7,7,0,2,1,0,0,0
533871583,0,,,74,44,30,15,12,3,59,32,27,40,22,18,57,30,27,55,29,26,19,10,9,10,4,6,3,1,2,0,0,0,0,0,0,27,27,2,14,3,6,1,1,0,25,22,3,2,14,0,2,4
533871584,0,,,64,34,30,14,7,7,50,27,23,36,21,15,50,27,23,50,27,23,14,6,8,6,3,3,0,0,0,0,0,0,0,0,0,20,20,0,7,4,7,2,0,0,20,16,4,6,8,0,0,4
533871591,0,,,61,32,29,14,8,6,47,24,23,40,21,19,46,23,23,46,23,23,7,3,4,1,0,1,1,0,1,0,0,0,2,1,1,22,22,3,7,4,8,0,0,0,19,18,1,2,4,1,0,2
533871592,0,,,68,26,42,13,3,10,55,23,32,34,13,21,52,22,30,51,22,29,21,10,11,10,5,5,1,0,1,0,0,0,0,0,0,28,28,5,14,3,4,2,0,0,23,23,0,1,14,0,3,9
533871593,0,,,69,35,34,12,8,4,57,27,30,41,19,22,53,25,28,51,24,27,16,8,8,2,1,1,0,0,0,0,0,0,3,1,2,21,21,1,5,8,2,4,1,0,20,18,2,1,10,0,1,2
533871594,0,,,96,52,44,10,6,4,86,46,40,61,34,27,82,43,39,81,42,39,25,12,13,11,3,8,2,1,1,0,0,0,1,0,1,36,36,6,13,7,7,3,0,0,30,29,1,1,18,0,3,8
533871624,0,,,106,53,53,9,1,8,97,52,45,56,31,25,93,49,44,90,47,43,41,21,20,20,10,10,2,0,2,1,0,1,0,0,0,39,39,8,11,10,7,2,0,1,31,21,10,3,29,0,7,6
533871631,2,533871632,,4,2,2,*,*,*,*,*,*,*,*,*,*,*,*,*,*,*,*,*,*,*,*,*,*,*,*,*,*,*,*,*,*,1,1,*,*,*,*,*,*,*,*,*,*,*,*,*,*,*
533871632,1,,533871631,16,6,10,0,0,0,20,8,12,10,3,7,20,8,12,20,8,12,10,5,5,5,2,3,4,2,2,0,0,0,0,0,0,7,7,1,4,1,2,0,0,0,7,5,2,0,6,0,1,2
533871643,0,,,107,51,56,5,1,4,102,50,52,59,27,32,100,48,52,99,48,51,43,23,20,16,8,8,1,0,1,0,0,0,1,0,1,47,47,9,24,6,8,0,0,0,38,37,1,2,30,0,7,13
533871644,0,,,93,41,52,11,5,6,82,36,46,47,19,28,80,35,45,78,34,44,35,17,18,9,3,6,6,2,4,2,1,1,0,0,0,32,32,3,11,11,4,1,0,2,29,22,7,3,26,0,3,6
533871651,0,,,29,13,16,6,3,3,23,10,13,12,5,7,22,10,12,22,10,12,11,5,6,5,1,4,2,1,1,0,0,0,0,0,0,13,13,4,5,1,3,0,0,0,9,8,1,3,8,0,3,3
533871652,0,,,367,183,184,39,18,21,328,165,163,186,105,81,320,160,160,315,159,156,142,60,82,91,33,58,39,17,22,3,0,3,7,7,0,128,128,30,29,34,15,8,9,3,98,62,36,10,89,6,16,19
533871653,2,533871654,,5,4,1,*,*,*,*,*,*,*,*,*,*,*,*,*,*,*,*,*,*,*,*,*,*,*,*,*,*,*,*,*,*,2,2,*,*,*,*,*,*,*,*,*,*,*,*,*,*,*
533871654,1,,533871653,82,45,37,5,4,1,82,45,37,53,29,24,78,43,35,76,42,34,29,16,13,11,6,5,2,1,1,0,0,0,3,3,0,32,32,7,11,8,6,2,0,0,26,24,2,2,20,2,3,5
533871661,0,,,101,52,49,16,10,6,85,42,43,64,31,33,84,42,42,83,42,41,21,11,10,12,6,6,4,1,3,0,0,0,0,0,0,41,40,8,16,9,7,0,0,0,31,30,1,5,14,1,3,4
533871671,0,,,156,80,76,18,10,8,138,70,68,93,48,45,132,68,64,128,67,61,45,22,23,24,10,14,6,3,3,1,0,1,3,0,3,66,66,23,19,10,8,4,1,1,43,41,2,6,30,3,8,11
533871672,0,,,138,74,64,31,21,10,107,53,54,76,40,36,98,48,50,97,48,49,31,13,18,15,5,10,5,0,5,0,0,0,0,0,0,48,48,9,14,10,8,4,2,1,39,36,3,8,22,0,6,4
533871673,0,,,14,6,8,4,2,2,10,4,6,8,3,5,10,4,6,10,4,6,2,1,1,2,1,1,1,1,0,0,0,0,0,0,0,4,4,0,1,1,1,1,0,0,4,3,1,2,1,0,0,0
533871674,0,,,262,129,133,34,18,16,228,111,117,151,75,76,223,108,115,216,106,110,77,36,41,35,16,19,14,5,9,3,0,3,4,1,3,92,92,14,28,21,18,9,2,0,77,58,19,10,50,0,10,12
533871682,2,533871683,,11,5,6,*,*,*,*,*,*,*,*,*,*,*,*,*,*,*,*,*,*,*,*,*,*,*,*,*,*,*,*,*,*,3,3,*,*,*,*,*,*,*,*,*,*,*,*,*,*,*
533871683,1,,533871682,124,58,66,20,9,11,115,54,61,64,32,32,112,53,59,111,52,59,51,22,29,26,9,17,11,4,7,2,0,2,0,0,0,43,43,6,13,11,12,2,2,0,40,27,13,3,30,0,3,8
533871691,0,,,39,17,22,6,4,2,33,13,20,23,8,15,33,13,20,32,12,20,10,5,5,7,4,3,4,2,2,0,0,0,7,0,7,20,20,9,5,4,2,0,0,0,11,11,0,1,6,4,2,3
533871692,1,,533871693,33,19,14,3,2,1,37,21,16,23,12,11,37,21,16,37,21,16,14,9,5,6,2,4,2,1,1,0,0,0,0,0,0,16,16,5,7,3,3,0,0,0,13,12,1,1,11,0,5,3
533871693,2,533871692,,7,4,3,*,*,*,*,*,*,*,*,*,*,*,*,*,*,*,*,*,*,*,*,*,*,*,*,*,*,*,*,*,*,2,2,*,*,*,*,*,*,*,*,*,*,*,*,*,*,*
533871694,0,,,63,28,35,9,3,6,54,25,29,39,16,23,53,25,28,53,25,28,15,9,6,6,4,2,1,1,0,0,0,0,0,0,0,26,26,6,10,5,3,2,0,0,20,18,2,1,12,0,5,4
533871701,0,,,16,9,7,0,0,0,16,9,7,5,4,1,16,9,7,16,9,7,11,5,6,5,3,2,1,1,0,0,0,0,1,1,0,8,8,2,5,0,1,0,0,0,6,5,1,0,6,0,0,4
533871713,2,533871811,,2,1,1,*,*,*,*,*,*,*,*,*,*,*,*,*,*,*,*,*,*,*,*,*,*,*,*,*,*,*,*,*,*,1,1,*,*,*,*,*,*,*,*,*,*,*,*,*,*,*
533871721,0,,,104,54,50,26,15,11,78,39,39,50,30,20,75,37,38,75,37,38,28,9,19,27,9,18,16,4,12,4,1,3,0,0,0,27,26,5,4,5,5,5,1,1,21,16,5,8,7,2,1,2
533871722,0,,,373,191,182,53,31,22,316,157,159,204,107,97,309,154,155,299,149,150,112,50,62,54,25,29,10,3,7,1,0,1,10,5,5,150,150,39,50,26,24,6,5,0,110,97,13,16,74,2,14,24
533871723,0,,,379,186,193,47,25,22,327,158,169,213,108,105,321,155,166,317,153,164,114,50,64,67,24,43,27,10,17,3,1,2,7,2,5,159,159,48,46,37,17,6,5,0,109,93,16,15,73,10,15,18
533871724,0,,,687,342,345,176,90,86,503,249,254,409,209,200,482,235,247,470,229,241,94,40,54,50,23,27,10,4,6,0,0,0,17,8,9,263,263,73,58,56,57,12,7,0,188,169,19,47,67,18,14,12
533871731,0,,,90,45,45,6,2,4,84,43,41,41,24,17,81,42,39,80,41,39,43,19,24,27,12,15,12,5,7,3,0,3,0,0,0,35,35,8,16,4,2,2,1,2,26,21,5,1,26,0,6,9
533871732,0,,,311,159,152,34,24,10,275,134,141,130,71,59,270,131,139,265,127,138,145,63,82,77,35,42,16,5,11,3,0,3,1,1,0,130,130,38,43,23,16,7,2,1,92,76,16,9,96,0,33,23
533871733,0,,,346,156,190,42,19,23,304,137,167,176,85,91,296,135,161,287,130,157,128,52,76,85,30,55,33,9,24,6,1,5,3,2,1,122,121,19,43,23,21,11,3,1,100,76,24,8,82,3,13,24
533871734,0,,,366,182,184,72,40,32,288,136,152,203,98,105,276,133,143,271,132,139,85,38,47,41,16,25,9,1,8,0,0,0,1,0,1,153,153,54,41,18,30,5,4,1,98,91,7,17,64,3,28,13
533871741,0,,,293,147,146,34,16,18,246,125,121,177,93,84,241,123,118,241,123,118,69,32,37,22,7,15,5,1,4,0,0,0,7,2,5,121,121,32,44,25,11,3,4,2,85,77,8,13,51,8,10,17
533871742,0,,,73,34,39,9,3,6,64,31,33,36,18,18,60,31,29,59,30,29,28,13,15,10,6,4,2,1,1,1,0,1,0,0,0,26,26,3,11,5,3,3,1,0,23,18,5,3,16,1,1,6
533871743,0,,,375,179,196,29,8,21,328,161,167,177,94,83,322,158,164,312,153,159,151,67,84,74,29,45,33,9,24,3,2,1,3,1,2,158,158,58,37,35,12,8,6,2,96,73,23,6,94,1,34,20
533871744,0,,,94,46,48,15,7,8,79,39,40,55,27,28,74,36,38,72,35,37,24,12,12,13,6,7,5,2,3,0,0,0,0,0,0,30,30,6,5,6,7,4,2,0,24,15,9,3,15,0,2,3
533871751,0,,,163,84,79,22,10,12,141,74,67,80,47,33,136,71,65,133,68,65,61,27,34,40,16,24,20,8,12,0,0,0,1,0,1,55,55,9,14,14,9,6,3,0,46,31,15,6,39,0,9,6
533871752,0,,,188,97,91,28,16,12,160,81,79,80,44,36,158,80,78,154,76,78,80,37,43,56,25,31,11,5,6,1,1,0,1,0,1,65,65,10,26,11,6,7,2,3,55,42,13,6,50,0,8,18
533871753,0,,,42,20,22,12,6,6,30,14,16,25,12,13,27,13,14,26,12,14,5,2,3,3,1,2,2,1,1,0,0,0,1,1,0,12,12,0,3,2,6,0,1,0,12,11,1,2,3,0,0,1
533871754,0,,,30,13,17,6,4,2,24,9,15,17,6,11,21,9,12,19,9,10,7,3,4,0,0,0,0,0,0,0,0,0,0,0,0,9,9,0,3,2,3,0,1,0,9,8,1,0,4,0,0,2
533871761,2,533871764,,4,2,2,*,*,*,*,*,*,*,*,*,*,*,*,*,*,*,*,*,*,*,*,*,*,*,*,*,*,*,*,*,*,2,2,*,*,*,*,*,*,*,*,*,*,*,*,*,*,*
533871763,0,,,24,9,15,4,1,3,20,8,12,12,6,6,20,8,12,20,8,12,8,2,6,5,0,5,1,0,1,0,0,0,0,0,0,7,7,3,2,0,0,0,0,2,3,2,1,1,6,0,2,2
533871764,1,,533871761,124,62,62,14,8,6,114,56,58,61,31,30,112,56,56,111,56,55,53,25,28,36,15,21,14,8,6,0,0,0,1,0,1,46,46,8,17,12,8,0,3,0,40,31,9,3,35,0,6,9
533871771,0,,,75,34,41,9,3,6,66,31,35,41,22,19,62,30,32,62,30,32,25,9,16,12,3,9,5,0,5,2,0,2,0,0,0,25,25,4,6,8,4,1,1,1,21,15,6,3,15,0,2,2
533871772,0,,,142,72,70,19,9,10,123,63,60,72,39,33,119,60,59,117,60,57,51,24,27,26,11,15,4,1,3,1,0,1,0,0,0,57,57,11,26,7,8,4,1,0,46,38,8,5,35,0,10,12
533871773,0,,,191,87,104,22,7,15,169,80,89,97,48,49,164,76,88,162,75,87,72,32,40,44,22,22,17,8,9,0,0,0,6,0,6,74,74,16,29,15,5,4,3,2,57,45,12,9,45,3,7,17
533871774,0,,,208,106,102,16,10,6,192,96,96,113,59,54,187,94,93,185,93,92,79,37,42,52,23,29,21,7,14,1,1,0,0,0,0,76,76,16,26,13,11,5,3,2,60,42,18,5,50,0,7,13
533871781,2,533871783,,3,1,2,*,*,*,*,*,*,*,*,*,*,*,*,*,*,*,*,*,*,*,*,*,*,*,*,*,*,*,*,*,*,1,1,*,*,*,*,*,*,*,*,*,*,*,*,*,*,*
533871783,1,,533871781,131,66,65,14,8,6,120,59,61,68,35,33,116,57,59,114,57,57,52,24,28,36,14,22,14,5,9,3,1,2,1,1,0,43,43,9,10,9,7,6,2,1,35,21,14,4,33,0,7,3
533871791,2,533871792,,1,0,1,*,*,*,*,*,*,*,*,*,*,*,*,*,*,*,*,*,*,*,*,*,*,*,*,*,*,*,*,*,*,1,1,*,*,*,*,*,*,*,*,*,*,*,*,*,*,*
533871792,1,,533871791,27,13,14,7,4,3,21,9,12,14,7,7,19,9,10,19,9,10,7,2,5,2,0,2,1,0,1,0,0,0,0,0,0,10,10,4,3,1,1,1,1,0,7,7,0,2,5,0,3,2
533871804,0,,,19,9,10,1,0,1,18,9,9,12,7,5,16,8,8,16,8,8,6,2,4,6,2,4,4,1,3,1,1,0,0,0,0,5,5,0,0,2,2,1,0,0,5,3,2,1,4,0,0,0
533871811,1,,533871713,232,116,116,17,8,9,217,109,108,119,62,57,213,106,107,208,105,103,98,47,51,52,24,28,8,4,4,2,1,1,6,2,4,91,91,19,32,20,14,7,0,0,72,54,18,3,61,0,16,19
533871812,0,,,132,63,69,9,5,4,121,57,64,70,34,36,118,56,62,116,56,60,51,23,28,32,15,17,11,3,8,0,0,0,1,0,1,51,51,11,16,13,6,4,1,0,40,31,9,3,30,2,5,9
533871813,0,,,201,100,101,21,14,7,178,86,92,109,56,53,174,84,90,173,83,90,69,30,39,47,21,26,21,8,13,1,1,0,3,1,2,82,82,19,29,19,10,3,2,0,62,49,13,11,42,1,7,13
533871814,0,,,474,249,225,71,38,33,394,206,188,306,165,141,385,201,184,377,193,184,88,41,47,41,17,24,16,6,10,1,0,1,12,4,8,220,220,83,60,46,24,6,0,1,136,122,14,31,58,14,15,18
533871821,0,,,321,126,195,30,14,16,287,111,176,186,80,106,260,105,155,251,104,147,101,31,70,73,16,57,43,9,34,9,0,9,8,2,6,127,126,55,27,22,14,5,3,0,67,54,13,10,40,6,12,9
533871822,0,,,920,456,464,132,52,80,770,393,377,538,290,248,742,379,363,724,371,353,232,103,129,129,57,72,24,10,14,0,0,0,20,9,11,407,407,149,112,66,56,19,5,0,251,219,32,33,153,38,33,48
533871823,0,,,822,380,442,96,43,53,717,332,385,441,217,224,674,317,357,660,309,351,276,115,161,180,73,107,59,23,36,3,0,3,13,5,8,339,339,109,103,53,39,23,8,4,226,182,44,26,182,12,43,44
533871824,0,,,583,265,318,75,32,43,492,218,274,284,133,151,474,210,264,459,201,258,208,85,123,135,50,85,60,22,38,11,3,8,5,2,3,248,247,93,72,36,32,6,6,2,153,132,21,22,117,11,33,41
533871831,0,,,991,433,558,181,90,91,806,341,465,487,216,271,773,326,447,759,322,437,319,125,194,214,85,129,65,20,45,6,1,5,23,6,17,394,392,127,121,54,63,20,5,2,263,237,26,50,189,11,78,51
533871832,0,,,826,390,436,138,69,69,687,320,367,472,230,242,647,296,351,623,285,338,215,90,125,133,51,82,58,17,41,14,3,11,15,4,11,292,291,56,86,68,61,13,6,1,231,206,25,31,114,3,24,34
533871833,0,,,463,234,229,55,25,30,408,209,199,273,146,127,389,196,193,376,190,186,135,63,72,66,31,35,15,9,6,1,0,1,5,3,2,184,184,45,65,34,22,12,4,2,135,115,20,17,92,4,25,31
533871834,0,,,730,362,368,137,77,60,585,280,305,454,226,228,563,269,294,558,267,291,131,54,77,61,26,35,12,3,9,3,0,3,7,4,3,312,312,120,72,54,39,17,8,2,189,169,20,46,89,24,22,24
533871841,0,,,359,183,176,58,32,26,293,147,146,240,122,118,274,134,140,263,128,135,53,25,28,28,14,14,8,3,5,2,0,2,4,2,2,142,142,48,32,17,32,11,1,1,92,82,10,21,34,8,4,14
533871842,0,,,321,160,161,69,36,33,251,124,127,188,97,91,235,114,121,231,114,117,63,27,36,31,9,22,21,5,16,2,0,2,3,1,2,115,115,32,22,21,24,11,4,1,82,66,16,14,39,9,7,6
533871843,0,,,790,362,428,101,52,49,671,302,369,438,198,240,650,290,360,626,281,345,233,104,129,132,53,79,52,18,34,7,0,7,4,3,1,310,306,130,67,45,43,14,5,2,176,156,20,41,101,38,26,40
533871844,0,,,595,276,319,102,44,58,482,227,255,360,178,182,465,220,245,448,213,235,122,49,73,65,25,40,22,7,15,2,1,1,3,0,3,246,246,76,72,41,41,10,4,2,165,148,17,24,86,14,18,24
533871851,0,,,479,251,228,89,53,36,389,198,191,306,156,150,360,183,177,351,179,172,83,42,41,45,22,23,14,6,8,2,1,1,3,1,2,167,167,30,42,34,45,14,1,1,136,117,19,18,55,6,12,10
533871852,0,,,378,185,193,62,37,25,316,148,168,215,102,113,298,138,160,288,133,155,101,46,55,58,26,32,33,15,18,1,0,1,0,0,0,137,137,26,37,31,31,11,1,0,110,86,24,21,68,2,18,19
533871853,0,,,609,318,291,119,73,46,487,243,244,397,198,199,445,222,223,433,215,218,90,45,45,31,13,18,13,6,7,0,0,0,0,0,0,211,211,39,51,48,50,16,5,2,171,155,16,13,59,4,10,21
533871854,0,,,683,345,338,129,59,70,539,278,261,446,232,214,507,262,245,495,256,239,93,46,47,37,17,20,2,0,2,0,0,0,38,25,13,266,266,83,61,49,48,13,10,2,179,164,15,33,68,24,20,23
533871861,0,,,201,95,106,25,13,12,176,82,94,112,53,59,164,77,87,162,77,85,64,29,35,27,11,16,8,3,5,0,0,0,1,1,0,73,73,6,32,21,8,3,0,3,66,59,7,4,41,0,4,17
533871862,0,,,228,101,127,41,19,22,187,82,105,103,47,56,179,78,101,176,78,98,84,35,49,52,20,32,25,10,15,4,2,2,0,0,0,85,85,21,22,16,17,7,2,0,64,50,14,11,54,0,16,21
533871863,0,,,342,162,180,42,20,22,300,142,158,236,113,123,282,133,149,279,132,147,64,29,35,28,13,15,8,3,5,1,1,0,0,0,0,131,131,22,51,28,18,10,2,0,109,101,8,10,45,4,7,16
533871864,0,,,298,152,146,31,17,14,267,135,132,165,90,75,260,131,129,257,131,126,102,45,57,68,27,41,37,13,24,1,0,1,1,0,1,113,113,23,36,26,17,9,2,0,90,66,24,10,68,0,12,22
533871871,2,533871874,,2,1,1,*,*,*,*,*,*,*,*,*,*,*,*,*,*,*,*,*,*,*,*,*,*,*,*,*,*,*,*,*,*,1,1,*,*,*,*,*,*,*,*,*,*,*,*,*,*,*
533871873,2,533871874,,10,6,4,*,*,*,*,*,*,*,*,*,*,*,*,*,*,*,*,*,*,*,*,*,*,*,*,*,*,*,*,*,*,3,3,*,*,*,*,*,*,*,*,*,*,*,*,*,*,*
533871874,1,,533871871;533871873,152,67,85,23,12,11,141,62,79,86,39,47,139,60,79,138,59,79,55,23,32,31,11,20,13,4,9,0,0,0,0,0,0,53,53,5,22,13,11,4,2,0,52,40,12,5,36,0,3,10
533871883,0,,,275,130,145,27,15,12,248,115,133,130,70,60,237,108,129,234,107,127,118,45,73,78,26,52,37,8,29,2,0,2,1,0,1,99,98,24,31,22,12,1,5,3,74,54,20,6,69,0,19,16
533871884,0,,,57,28,29,2,1,1,55,27,28,33,16,17,54,26,28,54,26,28,22,11,11,12,6,6,4,2,2,1,0,1,0,0,0,22,22,4,8,4,5,1,0,0,18,13,5,0,17,0,4,4
533871891,0,,,44,23,21,7,4,3,37,19,18,28,14,14,32,15,17,32,15,17,9,5,4,2,0,2,0,0,0,0,0,0,0,0,0,16,16,0,8,5,2,1,0,0,16,16,0,0,5,0,0,4
533871892,0,,,44,25,19,6,6,0,38,19,19,22,13,9,38,19,19,38,19,19,16,6,10,4,1,3,1,0,1,0,0,0,1,1,0,21,21,5,11,3,2,0,0,0,16,15,1,1,10,1,2,6
533871893,2,533871894,,3,2,1,*,*,*,*,*,*,*,*,*,*,*,*,*,*,*,*,*,*,*,*,*,*,*,*,*,*,*,*,*,*,1,1,*,*,*,*,*,*,*,*,*,*,*,*,*,*,*
533871894,1,,533871893,45,23,22,6,2,4,42,23,19,26,15,11,42,23,19,41,22,19,16,8,8,6,2,4,2,0,2,0,0,0,4,4,0,28,28,16,8,4,1,0,0,0,13,13,0,4,11,4,6,5
533871901,0,,,60,28,32,6,4,2,54,24,30,24,12,12,54,24,30,52,24,28,30,12,18,16,5,11,7,3,4,1,1,0,0,0,0,25,25,6,9,5,4,1,0,0,19,14,5,3,17,0,4,5
533871902,0,,,347,171,176,44,23,21,299,146,153,201,105,96,286,139,147,281,136,145,98,41,57,56,20,36,14,4,10,1,0,1,4,2,2,154,153,56,45,22,20,7,2,1,94,81,13,10,61,8,14,21
533871903,0,,,741,373,368,89,48,41,631,313,318,421,215,206,614,306,308,601,299,302,210,98,112,105,51,54,30,12,18,1,0,1,9,4,5,322,322,112,96,58,25,24,6,1,207,174,33,24,140,22,24,42
533871904,0,,,357,161,196,34,19,15,311,136,175,201,89,112,299,129,170,297,127,170,110,47,63,69,26,43,29,12,17,1,0,1,1,0,1,159,157,57,47,25,20,7,1,0,99,83,16,8,67,15,12,21
533871911,0,,,301,160,141,52,18,34,234,133,101,214,127,87,227,129,98,217,122,95,20,6,14,14,6,8,2,0,2,0,0,0,13,10,3,160,160,89,30,15,23,3,0,0,67,66,1,13,15,23,3,4
533871912,0,,,557,307,250,83,50,33,457,243,214,294,162,132,449,240,209,438,230,208,163,81,82,80,38,42,28,14,14,2,0,2,12,10,2,249,249,97,69,39,24,14,3,3,148,125,23,26,102,17,25,27
533871913,0,,,544,287,257,60,30,30,443,235,208,337,184,153,433,229,204,425,225,200,106,51,55,66,33,33,36,19,17,10,7,3,18,6,12,333,333,211,69,26,23,1,2,1,115,106,9,22,88,38,54,16
533871914,0,,,1058,578,480,158,88,70,860,464,396,662,374,288,828,449,379,801,428,373,198,90,108,106,46,60,24,12,12,1,0,1,27,14,13,506,506,232,112,75,63,19,5,0,271,242,29,43,129,52,26,41
533871921,0,,,1026,511,515,102,53,49,908,447,461,527,303,224,885,437,448,858,417,441,381,144,237,253,88,165,137,35,102,21,0,21,9,4,5,383,377,142,92,56,43,26,15,3,233,165,68,22,192,17,40,41
533871922,0,,,798,405,393,92,47,45,683,342,341,414,231,183,645,317,328,631,308,323,269,111,158,187,73,114,87,29,58,10,7,3,17,9,8,325,323,137,74,58,34,11,8,1,184,157,27,19,142,27,44,35
533871923,0,,,696,346,350,92,39,53,568,289,279,434,232,202,552,283,269,525,264,261,134,57,77,74,24,50,30,10,20,1,0,1,14,3,11,363,363,194,71,49,35,11,3,0,165,144,21,24,94,35,33,25
533871924,0,,,560,291,269,61,34,27,476,245,231,320,179,141,458,230,228,447,223,224,156,66,90,93,36,57,29,7,22,4,0,4,6,2,4,237,237,78,62,50,31,12,4,0,152,127,25,14,105,17,26,29
533871931,0,,,66,32,34,4,2,2,57,28,29,36,20,16,56,28,28,51,24,27,21,8,13,11,3,8,5,0,5,1,0,1,0,0,0,36,36,22,3,6,5,0,0,0,14,9,5,1,14,7,3,2
533871932,0,,,348,223,125,33,20,13,306,200,106,266,181,85,230,128,102,201,105,96,40,19,21,22,10,12,9,4,5,1,1,0,3,2,1,142,141,78,30,15,14,2,2,0,62,57,5,13,27,20,8,10
533871933,0,,,858,457,401,70,37,33,759,406,353,528,308,220,733,393,340,682,352,330,231,98,133,141,48,93,43,10,33,0,0,0,26,16,10,409,405,210,83,55,34,8,10,5,192,146,46,18,161,79,41,38
533871934,0,,,422,224,198,32,13,19,384,208,176,229,134,95,381,206,175,369,196,173,155,74,81,89,41,48,34,13,21,4,1,3,1,0,1,195,195,84,53,25,18,8,4,3,110,87,23,9,99,27,24,26
533871941,0,,,279,138,141,46,24,22,228,112,116,165,84,81,222,112,110,215,107,108,63,28,35,24,9,15,6,1,5,2,0,2,4,1,3,109,109,33,24,21,22,7,2,0,74,64,10,9,40,5,11,10
533871942,0,,,499,248,251,73,44,29,426,204,222,292,139,153,410,197,213,398,194,204,134,65,69,62,27,35,17,8,9,5,3,2,4,1,3,175,175,23,56,39,42,13,1,1,150,128,22,23,86,1,14,25
533871943,0,,,542,264,278,65,28,37,470,233,237,276,145,131,457,226,231,441,219,222,194,88,106,100,47,53,27,12,15,3,0,3,1,0,1,224,224,50,94,35,30,12,2,1,171,148,23,17,124,4,21,55
533871944,0,,,449,224,225,70,34,36,372,186,186,260,131,129,360,179,181,349,172,177,112,55,57,43,19,24,12,7,5,0,0,0,3,2,1,186,186,62,53,27,30,7,5,2,122,108,14,23,71,9,15,21
533871951,0,,,549,270,279,62,28,34,481,238,243,378,190,188,459,223,236,449,218,231,103,48,55,44,18,26,11,3,8,1,0,1,2,0,2,212,211,37,84,42,37,7,3,1,173,159,14,12,60,3,11,25
533871952,0,,,1106,565,541,194,108,86,906,454,452,590,306,284,867,436,431,851,430,421,316,148,168,122,61,61,22,7,15,1,0,1,5,1,4,394,394,68,130,73,76,31,12,4,319,278,41,45,193,6,23,68
533871953,0,,,259,135,124,23,13,10,234,121,113,138,81,57,229,116,113,229,116,113,96,40,56,44,16,28,12,2,10,1,0,1,0,0,0,117,117,44,35,21,9,3,4,1,73,60,13,6,65,1,23,17
533871954,0,,,11,6,5,2,1,1,9,5,4,5,2,3,9,5,4,9,5,4,4,3,1,1,1,0,0,0,0,0,0,0,0,0,0,5,5,2,1,1,1,0,0,0,3,3,0,0,3,0,2,1
533871961,1,,533871963,645,329,316,99,57,42,545,271,274,429,219,210,517,253,264,508,249,259,116,52,64,50,20,30,16,3,13,3,0,3,8,2,6,258,258,73,76,44,48,11,6,1,184,159,25,26,80,11,21,24
533871962,0,,,238,114,124,54,26,28,184,88,96,116,56,60,178,83,95,176,82,94,68,32,36,34,14,20,11,3,8,1,1,0,0,0,0,76,76,13,16,16,17,10,2,2,63,47,16,13,44,1,9,10
533871963,2,533871961,,3,2,1,*,*,*,*,*,*,*,*,*,*,*,*,*,*,*,*,*,*,*,*,*,*,*,*,*,*,*,*,*,*,1,1,*,*,*,*,*,*,*,*,*,*,*,*,*,*,*
533871964,0,,,97,47,50,16,6,10,81,41,40,50,28,22,79,39,40,79,39,40,31,13,18,14,4,10,9,2,7,0,0,0,0,0,0,33,33,6,8,8,7,2,1,1,27,18,9,5,22,0,5,3
533871971,2,533871974,,1,0,1,*,*,*,*,*,*,*,*,*,*,*,*,*,*,*,*,*,*,*,*,*,*,*,*,*,*,*,*,*,*,1,1,*,*,*,*,*,*,*,*,*,*,*,*,*,*,*
533871972,0,,,11,5,6,0,0,0,11,5,6,5,2,3,11,5,6,11,5,6,6,3,3,1,0,1,0,0,0,0,0,0,0,0,0,6,6,3,1,2,0,0,0,0,3,3,0,0,4,0,2,1
533871974,1,,533871971,96,48,48,17,10,7,80,38,42,51,24,27,76,36,40,75,36,39,29,14,15,14,7,7,8,4,4,0,0,0,0,0,0,34,34,10,9,3,6,6,1,0,25,19,6,6,20,0,7,5
533871981,0,,,97,48,49,17,10,7,80,38,42,41,21,20,80,38,42,80,38,42,39,17,22,17,6,11,10,1,9,0,0,0,1,1,0,38,38,11,11,8,4,1,2,1,27,23,4,5,25,0,7,7
533871982,0,,,226,112,114,26,12,14,200,100,100,135,64,71,197,99,98,195,97,98,65,36,29,23,11,12,9,2,7,2,0,2,1,0,1,92,92,19,35,21,13,2,2,0,72,68,4,5,45,0,11,18
533871983,0,,,200,94,106,22,13,9,178,81,97,96,45,51,173,76,97,172,76,96,82,36,46,51,20,31,21,8,13,0,0,0,0,0,0,71,71,9,26,16,12,6,1,1,62,47,15,7,53,0,9,16
533871984,0,,,28,16,12,4,3,1,24,13,11,17,10,7,24,13,11,24,13,11,7,3,4,2,2,0,0,0,0,0,0,0,0,0,0,12,12,4,3,3,1,1,0,0,7,7,0,2,6,0,3,0
533871991,0,,,71,38,33,9,7,2,62,31,31,51,26,25,59,30,29,57,28,29,11,5,6,6,2,4,1,0,1,0,0,0,0,0,0,28,28,6,9,6,6,1,0,0,22,20,2,1,9,0,3,1
533871993,0,,,41,16,25,4,0,4,37,16,21,24,11,13,36,16,20,35,15,20,13,5,8,7,2,5,4,0,4,0,0,0,0,0,0,16,16,4,3,6,2,1,0,0,12,11,1,0,10,0,3,1
533872001,1,,533872002,98,46,52,11,4,7,95,44,51,57,25,32,91,42,49,91,42,49,38,19,19,19,8,11,4,2,2,0,0,0,2,0,2,34,34,7,10,12,5,1,3,0,30,23,7,2,26,0,5,5
533872002,2,533872001,,8,2,6,*,*,*,*,*,*,*,*,*,*,*,*,*,*,*,*,*,*,*,*,*,*,*,*,*,*,*,*,*,*,4,4,*,*,*,*,*,*,*,*,*,*,*,*,*,*,*
533872003,0,,,90,39,51,7,3,4,83,36,47,48,20,28,80,34,46,78,33,45,35,16,19,22,9,13,7,3,4,1,0,1,0,0,0,31,31,4,8,13,4,0,1,1,27,20,7,2,23,0,3,4
533872011,0,,,66,29,37,7,2,5,59,27,32,28,13,15,57,26,31,55,25,30,31,14,17,13,5,8,9,4,5,2,1,1,1,0,1,26,26,6,7,7,5,1,0,0,20,15,5,3,17,0,5,4
533872012,0,,,12,6,6,0,0,0,12,6,6,3,1,2,12,6,6,12,6,6,9,5,4,5,2,3,1,0,1,0,0,0,0,0,0,5,5,1,2,1,1,0,0,0,4,2,2,0,5,0,1,2
533872023,2,533872024,,11,5,6,*,*,*,*,*,*,*,*,*,*,*,*,*,*,*,*,*,*,*,*,*,*,*,*,*,*,*,*,*,*,3,3,*,*,*,*,*,*,*,*,*,*,*,*,*,*,*
533872024,1,,533872023,10,5,5,6,3,3,15,7,8,9,4,5,15,7,8,15,7,8,6,3,3,4,2,2,0,0,0,0,0,0,0,0,0,2,2,0,0,1,3,0,1,0,5,5,0,1,3,0,0,0
533872034,0,,,39,19,20,3,0,3,36,19,17,13,8,5,36,19,17,36,19,17,23,11,12,7,3,4,3,1,2,0,0,0,1,0,1,19,19,6,9,3,0,0,1,0,13,12,1,2,13,0,3,7
533872101,0,,,70,35,35,10,7,3,60,28,32,37,20,17,59,27,32,58,26,32,23,8,15,12,4,8,5,1,4,0,0,0,1,1,0,28,28,6,11,6,2,2,1,0,21,17,4,1,15,0,3,5
533872102,0,,,21,13,8,6,4,2,15,9,6,12,7,5,13,7,6,13,7,6,3,2,1,0,0,0,0,0,0,0,0,0,0,0,0,7,7,0,3,2,1,1,0,0,7,7,0,1,2,0,0,1
533872104,0,,,40,18,22,5,3,2,35,15,20,19,7,12,35,15,20,35,15,20,16,8,8,6,3,3,3,1,2,0,0,0,1,1,0,14,14,1,5,4,3,1,0,0,13,11,2,1,10,0,1,2
533872111,0,,,9,4,5,1,0,1,8,4,4,2,1,1,8,4,4,8,4,4,6,3,3,2,2,0,0,0,0,0,0,0,0,0,0,6,6,4,1,1,0,0,0,0,2,2,0,0,5,0,4,1
533872113,1,,533872114,26,10,16,3,0,3,28,12,16,19,8,11,26,12,14,24,12,12,9,4,5,2,1,1,0,0,0,0,0,0,0,0,0,11,11,4,4,2,2,1,0,0,9,8,1,1,6,0,2,3
533872114,2,533872113,,5,2,3,*,*,*,*,*,*,*,*,*,*,*,*,*,*,*,*,*,*,*,*,*,*,*,*,*,*,*,*,*,*,2,2,*,*,*,*,*,*,*,*,*,*,*,*,*,*,*
533872121,0,,,35,15,20,12,5,7,23,10,13,16,7,9,22,9,13,22,9,13,7,3,4,5,1,4,3,0,3,0,0,0,0,0,0,10,10,1,3,2,1,1,1,1,9,7,2,1,4,0,0,1
533872122,0,,,170,83,87,14,6,8,156,77,79,86,43,43,148,73,75,145,71,74,70,34,36,29,16,13,3,0,3,3,0,3,2,1,1,82,82,21,46,6,7,1,1,0,58,55,3,1,44,0,11,24
533872202,0,,,92,48,44,12,7,5,80,41,39,42,21,21,79,41,38,78,41,37,38,20,18,21,10,11,10,5,5,3,1,2,0,0,0,36,36,9,13,5,6,0,3,0,27,19,8,4,25,0,7,5
533872204,0,,,72,42,30,13,10,3,59,32,27,36,18,18,55,30,25,54,29,25,23,14,9,9,5,4,6,3,3,1,0,1,0,0,0,25,25,4,9,5,4,0,2,1,20,16,4,3,17,0,3,4
533872211,0,,,125,56,69,23,11,12,102,45,57,57,27,30,100,43,57,99,43,56,45,18,27,20,7,13,5,1,4,1,0,1,2,1,1,46,46,10,17,7,7,2,1,2,36,29,7,3,29,1,7,6
533872212,0,,,71,39,32,11,5,6,60,34,26,47,28,19,58,33,25,58,33,25,13,6,7,6,3,3,5,3,2,0,0,0,8,8,0,27,27,10,4,6,3,2,1,1,17,13,4,3,8,8,2,1
533872213,0,,,112,50,62,11,4,7,101,46,55,50,24,26,100,46,54,99,45,54,51,22,29,32,13,19,15,4,11,1,0,1,0,0,0,43,43,16,7,8,6,2,4,0,27,17,10,2,32,0,12,6
533872214,1,,533872221,315,152,163,38,15,23,281,139,142,145,74,71,278,138,140,274,136,138,136,65,71,72,30,42,32,12,20,7,1,6,1,0,1,105,105,19,25,26,20,6,8,2,85,50,35,10,78,0,16,15
533872221,2,533872214,,4,2,2,*,*,*,*,*,*,*,*,*,*,*,*,*,*,*,*,*,*,*,*,*,*,*,*,*,*,*,*,*,*,1,1,*,*,*,*,*,*,*,*,*,*,*,*,*,*,*
533872303,0,,,20,11,9,0,0,0,20,11,9,13,7,6,20,11,9,20,11,9,7,4,3,1,0,1,1,0,1,0,0,0,0,0,0,12,12,5,6,1,0,0,0,0,7,6,1,0,6,0,3,2
533872304,0,,,11,7,4,0,0,0,11,7,4,7,5,2,11,7,4,11,7,4,4,2,2,0,0,0,0,0,0,0,0,0,0,0,0,6,6,3,2,0,1,0,0,0,3,3,0,0,2,0,0,1
533872311,0,,,15,9,6,0,0,0,15,9,6,6,4,2,15,9,6,15,9,6,9,5,4,3,2,1,1,1,0,0,0,0,0,0,0,7,7,2,2,3,0,0,0,0,5,3,2,0,5,0,1,1
533872312,0,,,77,35,42,8,3,5,69,32,37,38,20,18,65,30,35,64,30,34,31,12,19,20,9,11,9,3,6,0,0,0,0,0,0,26,26,4,9,4,4,3,2,0,22,15,7,1,20,0,3,7
533872314,0,,,27,15,12,8,5,3,19,10,9,11,5,6,19,10,9,19,10,9,8,5,3,4,3,1,1,1,0,0,0,0,0,0,0,10,10,1,6,0,2,0,1,0,9,9,0,3,5,0,1,3
533872401,2,533872402,,4,2,2,*,*,*,*,*,*,*,*,*,*,*,*,*,*,*,*,*,*,*,*,*,*,*,*,*,*,*,*,*,*,2,2,*,*,*,*,*,*,*,*,*,*,*,*,*,*,*
533872402,1,,533872401,16,6,10,0,0,0,20,8,12,10,3,7,19,8,11,19,8,11,10,5,5,1,0,1,0,0,0,0,0,0,1,1,0,8,8,2,6,2,0,0,0,0,8,8,0,0,7,0,1,3
533872403,0,,,44,23,21,5,3,2,39,20,19,25,13,12,38,20,18,37,19,18,14,7,7,1,0,1,1,0,1,1,0,1,0,0,0,20,20,4,11,2,3,0,0,0,16,16,0,1,9,0,3,5
533872404,0,,,12,6,6,2,1,1,10,5,5,4,2,2,10,5,5,10,5,5,6,3,3,2,1,1,1,1,0,0,0,0,0,0,0,6,6,2,3,0,1,0,0,0,3,2,1,1,4,0,1,1
533872501,1,,533872502,73,41,32,18,13,5,63,32,31,47,24,23,62,31,31,61,30,31,16,8,8,3,0,3,0,0,0,0,0,0,2,1,1,29,29,7,15,4,3,4,0,0,26,24,2,6,10,0,2,6
533872502,2,533872501,,8,4,4,*,*,*,*,*,*,*,*,*,*,*,*,*,*,*,*,*,*,*,*,*,*,*,*,*,*,*,*,*,*,4,4,*,*,*,*,*,*,*,*,*,*,*,*,*,*,*
533872503,0,,,67,27,40,8,1,7,59,26,33,30,14,16,56,24,32,56,24,32,29,12,17,14,7,7,2,1,1,0,0,0,0,0,0,31,31,6,18,3,4,0,0,0,24,23,1,2,19,0,5,10
533872504,0,,,65,33,32,7,1,6,58,32,26,39,22,17,55,29,26,54,28,26,19,10,9,4,3,1,0,0,0,0,0,0,0,0,0,28,28,4,17,3,2,2,0,0,24,24,0,1,13,0,3,8
533872511,1,,533872513,12,7,5,0,0,0,19,10,9,12,7,5,19,10,9,18,10,8,7,3,4,2,1,1,2,1,1,1,0,1,0,0,0,5,5,0,6,1,1,0,0,0,7,6,1,0,6,0,0,1
533872513,2,533872511,,7,3,4,*,*,*,*,*,*,*,*,*,*,*,*,*,*,*,*,*,*,*,*,*,*,*,*,*,*,*,*,*,*,3,3,*,*,*,*,*,*,*,*,*,*,*,*,*,*,*
533872601,0,,,68,35,33,12,8,4,56,27,29,37,17,20,56,27,29,54,27,27,19,10,9,8,4,4,3,2,1,1,1,0,0,0,0,27,27,3,14,5,3,2,0,0,24,24,0,2,12,0,3,6
533872602,0,,,97,48,49,3,1,2,92,46,46,40,19,21,92,46,46,92,46,46,52,27,25,19,12,7,4,2,2,0,0,0,1,0,1,48,48,11,27,8,2,0,0,0,34,33,1,1,33,0,8,16
533872603,0,,,44,20,24,4,2,2,40,18,22,20,9,11,40,18,22,40,18,22,20,9,11,5,2,3,0,0,0,0,0,0,2,2,0,20,20,2,14,2,2,0,0,0,17,17,0,1,12,0,1,8
533872604,0,,,38,16,22,4,0,4,32,15,17,16,6,10,32,15,17,32,15,17,16,9,7,2,1,1,0,0,0,0,0,0,1,0,1,19,19,7,8,2,1,1,0,0,11,11,0,1,11,0,2,4
533872611,0,,,112,53,59,14,4,10,95,47,48,49,25,24,93,46,47,93,46,47,46,22,24,14,9,5,3,2,1,0,0,0,0,0,0,46,46,12,14,10,8,2,0,0,33,29,4,4,31,0,8,8
533872612,0,,,193,97,96,16,8,8,176,88,88,101,52,49,174,87,87,173,86,87,75,36,39,21,9,12,4,1,3,0,0,0,2,2,0,96,96,26,53,9,6,2,0,0,68,64,4,5,51,0,12,24
533872613,0,,,26,12,14,1,0,1,25,12,13,5,2,3,25,12,13,25,12,13,20,10,10,9,4,5,0,0,0,0,0,0,0,0,0,12,12,1,9,1,1,0,0,0,11,10,1,1,11,0,1,9
533872621,0,,,45,24,21,0,0,0,45,24,21,15,8,7,45,24,21,45,24,21,30,16,14,8,6,2,2,1,1,1,1,0,1,1,0,27,27,9,18,0,0,0,0,0,18,18,0,0,19,0,6,12
533872622,0,,,94,46,48,10,7,3,83,38,45,38,16,22,82,38,44,82,38,44,45,22,23,20,11,9,2,0,2,0,0,0,3,1,2,42,42,7,25,5,4,0,1,0,34,32,2,2,28,0,4,18
533872624,0,,,46,21,25,5,2,3,37,17,20,12,5,7,35,16,19,35,16,19,25,12,13,12,6,6,1,0,1,1,0,1,0,0,0,21,21,5,11,2,2,1,0,0,14,13,1,1,14,0,2,8
533872631,1,,533872633,52,25,27,9,4,5,47,24,23,27,13,14,47,24,23,47,24,23,20,11,9,7,4,3,2,0,2,0,0,0,0,0,0,23,23,4,17,2,3,0,0,0,22,21,1,2,12,0,2,9
533872632,1,,533872634,31,17,14,5,3,2,28,15,13,12,6,6,26,14,12,26,14,12,16,9,7,9,4,5,1,0,1,0,0,0,0,0,0,14,14,4,9,0,0,1,1,0,11,10,1,0,11,0,3,6
533872633,2,533872631,,4,3,1,*,*,*,*,*,*,*,*,*,*,*,*,*,*,*,*,*,*,*,*,*,*,*,*,*,*,*,*,*,*,3,3,*,*,*,*,*,*,*,*,*,*,*,*,*,*,*
533872634,2,533872632,,2,1,1,*,*,*,*,*,*,*,*,*,*,*,*,*,*,*,*,*,*,*,*,*,*,*,*,*,*,*,*,*,*,1,1,*,*,*,*,*,*,*,*,*,*,*,*,*,*,*
533872702,0,,,11,4,7,2,0,2,9,4,5,4,2,2,9,4,5,9,4,5,5,2,3,1,0,1,1,0,1,0,0,0,5,2,3,4,4,0,2,1,1,0,0,0,4,3,1,1,3,0,0,1
533872703,1,,533872704,17,10,7,2,2,0,21,11,10,8,5,3,21,11,10,21,11,10,13,6,7,4,2,2,0,0,0,0,0,0,1,1,0,8,8,3,7,1,1,0,0,0,9,9,0,1,7,1,1,5
533872704,2,533872703,,7,3,4,*,*,*,*,*,*,*,*,*,*,*,*,*,*,*,*,*,*,*,*,*,*,*,*,*,*,*,*,*,*,4,4,*,*,*,*,*,*,*,*,*,*,*,*,*,*,*
533872711,1,,533872712,13,7,6,2,1,1,50,31,19,50,31,19,50,31,19,28,16,12,0,0,0,0,0,0,0,0,0,0,0,0,0,0,0,7,7,5,2,3,0,0,0,0,5,5,0,2,0,3,0,0
533872712,2,533872711,,39,25,14,*,*,*,*,*,*,*,*,*,*,*,*,*,*,*,*,*,*,*,*,*,*,*,*,*,*,*,*,*,*,5,3,*,*,*,*,*,*,*,*,*,*,*,*,*,*,*
533872713,0,,,13,5,8,5,1,4,8,4,4,7,3,4,8,4,4,8,4,4,1,1,0,0,0,0,0,0,0,0,0,0,0,0,0,4,4,0,1,1,2,0,0,0,4,4,0,0,1,0,0,0
533872722,0,,,45,23,22,2,1,1,43,22,21,19,10,9,42,22,20,42,22,20,24,12,12,11,6,5,0,0,0,0,0,0,0,0,0,21,21,3,14,3,0,1,0,0,18,17,1,0,14,0,3,9
533872733,0,,,18,10,8,0,0,0,15,8,7,4,2,2,15,8,7,15,8,7,11,6,5,7,4,3,2,2,0,0,0,0,0,0,0,11,11,6,3,2,0,0,0,0,5,4,1,0,6,0,1,3
533872734,0,,,35,19,16,2,1,1,31,17,14,12,6,6,31,17,14,31,17,14,19,11,8,8,4,4,1,1,0,0,0,0,0,0,0,21,21,9,11,0,1,0,0,0,10,10,0,1,13,0,5,6
533872741,2,533872744,,7,3,4,*,*,*,*,*,*,*,*,*,*,*,*,*,*,*,*,*,*,*,*,*,*,*,*,*,*,*,*,*,*,4,4,*,*,*,*,*,*,*,*,*,*,*,*,*,*,*
533872743,0,,,19,12,7,0,0,0,19,12,7,11,7,4,18,11,7,17,11,6,8,5,3,5,3,2,0,0,0,0,0,0,0,0,0,12,12,7,4,0,1,0,0,0,5,5,0,0,5,0,2,3
533872744,1,,533872741;533872754,11,6,5,0,0,0,20,10,10,12,7,5,20,10,10,20,10,10,8,3,5,3,1,2,1,0,1,0,0,0,1,1,0,8,8,8,7,0,0,0,0,0,7,7,0,0,6,0,2,2
533872754,2,533872744,,4,2,2,*,*,*,*,*,*,*,*,*,*,*,*,*,*,*,*,*,*,*,*,*,*,*,*,*,*,*,*,*,*,3,3,*,*,*,*,*,*,*,*,*,*,*,*,*,*,*
533872763,1,,533872992,9,4,5,0,0,0,11,5,6,4,2,2,11,5,6,11,5,6,7,3,4,1,0,1,1,0,1,0,0,0,0,0,0,6,6,5,3,0,0,0,0,0,3,3,0,0,5,0,2,3
533872801,2,533872802,,4,2,2,*,*,*,*,*,*,*,*,*,*,*,*,*,*,*,*,*,*,*,*,*,*,*,*,*,*,*,*,*,*,2,2,*,*,*,*,*,*,*,*,*,*,*,*,*,*,*
533872802,1,,533872801,17,9,8,1,0,1,20,11,9,18,10,8,19,10,9,18,10,8,2,1,1,1,0,1,1,0,1,0,0,0,0,0,0,7,7,3,3,1,1,1,0,0,6,5,1,1,2,0,1,0
533872814,0,,,25,14,11,2,2,0,20,10,10,13,7,6,20,10,10,20,10,10,7,3,4,3,1,2,1,0,1,0,0,0,1,1,0,14,14,5,8,0,1,0,0,0,9,9,0,1,4,0,1,3
533872823,1,,533872824,19,8,11,0,0,0,19,9,10,8,4,4,19,9,10,19,9,10,11,5,6,4,1,3,1,0,1,1,0,1,1,1,0,11,11,7,7,1,0,0,0,0,8,7,1,0,6,0,1,4
533872824,2,533872823,,5,3,2,*,*,*,*,*,*,*,*,*,*,*,*,*,*,*,*,*,*,*,*,*,*,*,*,*,*,*,*,*,*,4,4,*,*,*,*,*,*,*,*,*,*,*,*,*,*,*
533872831,2,533872833,,7,4,3,*,*,*,*,*,*,*,*,*,*,*,*,*,*,*,*,*,*,*,*,*,*,*,*,*,*,*,*,*,*,4,4,*,*,*,*,*,*,*,*,*,*,*,*,*,*,*
533872833,1,,533872831,4,2,2,0,0,0,9,5,4,4,2,2,8,4,4,8,4,4,5,3,2,2,2,0,0,0,0,0,0,0,1,1,0,2,2,2,3,1,0,0,0,0,4,4,0,0,3,0,0,3
533872911,2,533872913,,5,3,2,*,*,*,*,*,*,*,*,*,*,*,*,*,*,*,*,*,*,*,*,*,*,*,*,*,*,*,*,*,*,2,2,*,*,*,*,*,*,*,*,*,*,*,*,*,*,*
533872912,0,,,10,6,4,0,0,0,9,5,4,2,1,1,9,5,4,9,5,4,7,4,3,0,0,0,0,0,0,0,0,0,0,0,0,6,6,2,4,0,0,0,0,0,3,3,0,0,4,0,0,3
533872913,1,,533872911,14,8,6,0,0,0,15,9,6,5,3,2,14,8,6,14,8,6,10,6,4,4,4,0,0,0,0,0,0,0,0,0,0,10,10,7,3,2,0,0,0,0,5,5,0,0,6,0,2,3
533872921,2,533872923,,8,2,6,*,*,*,*,*,*,*,*,*,*,*,*,*,*,*,*,*,*,*,*,*,*,*,*,*,*,*,*,*,*,6,6,*,*,*,*,*,*,*,*,*,*,*,*,*,*,*
533872922,0,,,10,5,5,0,0,0,8,4,4,1,0,1,8,4,4,8,4,4,7,4,3,2,1,1,0,0,0,0,0,0,0,0,0,6,6,2,4,0,0,0,0,0,3,3,0,0,5,0,2,3
533872923,1,,533872921,10,4,6,0,0,0,16,6,10,6,2,4,16,6,10,16,6,10,10,4,6,4,2,2,1,1,0,0,0,0,1,0,1,6,6,7,4,1,0,0,0,0,5,5,0,0,6,0,2,3
533872924,0,,,12,6,6,1,0,1,9,5,4,6,3,3,9,5,4,9,5,4,3,2,1,2,1,1,0,0,0,0,0,0,1,1,0,6,6,2,2,2,0,0,0,0,4,4,0,1,2,0,0,1
533872931,1,,533872932;533872934,12,7,5,0,0,0,21,11,10,7,3,4,21,11,10,21,11,10,14,8,6,6,3,3,2,1,1,0,0,0,0,0,0,9,9,9,6,0,0,0,0,0,6,6,0,0,12,0,7,4
533872932,2,533872931,,4,2,2,*,*,*,*,*,*,*,*,*,*,*,*,*,*,*,*,*,*,*,*,*,*,*,*,*,*,*,*,*,*,2,2,*,*,*,*,*,*,*,*,*,*,*,*,*,*,*
533872934,2,533872931,,5,2,3,*,*,*,*,*,*,*,*,*,*,*,*,*,*,*,*,*,*,*,*,*,*,*,*,*,*,*,*,*,*,4,4,*,*,*,*,*,*,*,*,*,*,*,*,*,*,*
533872992,2,533872763,,2,1,1,*,*,*,*,*,*,*,*,*,*,*,*,*,*,*,*,*,*,*,*,*,*,*,*,*,*,*,*,*,*,2,2,*,*,*,*,*,*,*,*,*,*,*,*,*,*,*
533873041,2,533873042,,1,1,0,*,*,*,*,*,*,*,*,*,*,*,*,*,*,*,*,*,*,*,*,*,*,*,*,*,*,*,*,*,*,1,1,*,*,*,*,*,*,*,*,*,*,*,*,*,*,*
533873042,1,,533873041,67,35,32,6,3,3,60,33,27,44,25,19,58,31,27,56,31,25,16,8,8,6,3,3,3,1,2,0,0,0,3,3,0,37,37,21,7,7,3,0,0,0,17,16,1,1,11,6,4,5
533873044,0,,,16,12,4,0,0,0,15,11,4,11,9,2,15,11,4,15,11,4,4,2,2,1,0,1,1,0,1,0,0,0,0,0,0,13,13,10,3,0,0,0,0,0,3,3,0,0,3,3,1,1
533873051,1,,533873052;533873053,107,44,63,8,2,6,107,44,63,58,24,34,104,44,60,103,44,59,49,20,29,24,9,15,10,4,6,0,0,0,0,0,0,56,56,23,27,8,1,2,0,0,38,34,4,2,35,1,12,10
533873052,2,533873051,,4,1,3,*,*,*,*,*,*,*,*,*,*,*,*,*,*,*,*,*,*,*,*,*,*,*,*,*,*,*,*,*,*,2,2,*,*,*,*,*,*,*,*,*,*,*,*,*,*,*
533873053,2,533873051,,4,1,3,*,*,*,*,*,*,*,*,*,*,*,*,*,*,*,*,*,*,*,*,*,*,*,*,*,*,*,*,*,*,3,3,*,*,*,*,*,*,*,*,*,*,*,*,*,*,*
533873061,0,,,70,39,31,16,7,9,54,32,22,40,25,15,53,31,22,53,31,22,14,7,7,9,5,4,4,3,1,0,0,0,10,8,2,20,20,2,5,3,2,7,1,0,15,13,2,6,9,0,1,4
533873142,0,,,104,48,56,1,0,1,103,48,55,50,23,27,102,48,54,101,48,53,53,25,28,18,8,10,5,1,4,0,0,0,1,1,0,57,57,19,30,7,1,0,0,0,38,37,1,0,35,0,11,17
533873144,0,,,22,12,10,0,0,0,22,12,10,12,4,8,22,12,10,22,12,10,10,8,2,2,1,1,2,1,1,0,0,0,1,1,0,13,13,6,5,2,0,0,0,0,7,7,0,0,9,0,4,2
533873151,1,,533873152,38,21,17,0,0,0,35,17,18,27,13,14,35,17,18,35,17,18,8,4,4,1,0,1,0,0,0,0,0,0,0,0,0,33,33,29,4,1,0,0,0,0,5,5,0,0,5,11,1,4
533873152,2,533873151,,2,1,1,*,*,*,*,*,*,*,*,*,*,*,*,*,*,*,*,*,*,*,*,*,*,*,*,*,*,*,*,*,*,1,1,*,*,*,*,*,*,*,*,*,*,*,*,*,*,*
533873193,0,,,10,6,4,0,0,0,10,6,4,2,1,1,10,6,4,10,6,4,8,5,3,3,3,0,0,0,0,0,0,0,0,0,0,7,7,4,3,0,0,0,0,0,3,3,0,0,5,1,2,3
533873251,1,,533873252;533873253;533873254;533873351,3,2,1,2,1,1,13,8,5,11,7,4,13,8,5,13,8,5,2,1,1,0,0,0,0,0,0,0,0,0,0,0,0,2,2,2,3,1,1,0,0,0,5,5,0,1,2,0,1,0
533873252,2,533873251,,5,3,2,*,*,*,*,*,*,*,*,*,*,*,*,*,*,*,*,*,*,*,*,*,*,*,*,*,*,*,*,*,*,2,2,*,*,*,*,*,*,*,*,*,*,*,*,*,*,*
533873253,2,533873251,,2,1,1,*,*,*,*,*,*,*,*,*,*,*,*,*,*,*,*,*,*,*,*,*,*,*,*,*,*,*,*,*,*,1,1,*,*,*,*,*,*,*,*,*,*,*,*,*,*,*
533873254,2,533873251,,4,2,2,*,*,*,*,*,*,*,*,*,*,*,*,*,*,*,*,*,*,*,*,*,*,*,*,*,*,*,*,*,*,1,1,*,*,*,*,*,*,*,*,*,*,*,*,*,*,*
533873264,2,533873273,,3,1,2,*,*,*,*,*,*,*,*,*,*,*,*,*,*,*,*,*,*,*,*,*,*,*,*,*,*,*,*,*,*,2,2,*,*,*,*,*,*,*,*,*,*,*,*,*,*,*
533873271,2,533873273,,2,2,0,*,*,*,*,*,*,*,*,*,*,*,*,*,*,*,*,*,*,*,*,*,*,*,*,*,*,*,*,*,*,2,2,*,*,*,*,*,*,*,*,*,*,*,*,*,*,*
533873273,1,,533873264;533873271,37,22,15,11,5,6,31,20,11,29,19,10,30,19,11,30,19,11,2,1,1,0,0,0,0,0,0,0,0,0,1,1,0,15,15,9,5,0,3,1,1,0,10,10,0,4,1,0,0,1
533873281,2,533873283,,2,1,1,*,*,*,*,*,*,*,*,*,*,*,*,*,*,*,*,*,*,*,*,*,*,*,*,*,*,*,*,*,*,2,2,*,*,*,*,*,*,*,*,*,*,*,*,*,*,*
533873282,2,533873284,,11,6,5,*,*,*,*,*,*,*,*,*,*,*,*,*,*,*,*,*,*,*,*,*,*,*,*,*,*,*,*,*,*,4,4,*,*,*,*,*,*,*,*,*,*,*,*,*,*,*
533873283,1,,533873281,13,7,6,3,1,2,12,7,5,9,6,3,12,7,5,12,7,5,3,1,2,0,0,0,0,0,0,0,0,0,0,0,0,3,3,2,0,1,1,0,1,0,2,2,0,1,2,0,1,0
533873284,1,,533873282,36,22,14,10,6,4,37,22,15,27,18,9,36,21,15,36,21,15,10,4,6,3,1,2,0,0,0,0,0,0,9,8,1,8,8,3,2,2,1,2,0,2,6,5,1,2,7,0,2,0
533873291,0,,,12,8,4,0,0,0,10,6,4,6,4,2,10,6,4,10,6,4,4,2,2,1,1,0,1,1,0,0,0,0,0,0,0,8,8,5,2,1,0,0,0,0,3,3,0,0,3,0,1,0
533873293,1,,533873391,17,12,5,0,0,0,19,12,7,15,10,5,19,12,7,19,12,7,4,2,2,0,0,0,0,0,0,0,0,0,6,6,0,6,6,4,1,1,1,0,0,1,2,1,1,0,2,1,0,1
533873351,2,533873251,,1,1,0,*,*,*,*,*,*,*,*,*,*,*,*,*,*,*,*,*,*,*,*,*,*,*,*,*,*,*,*,*,*,1,1,*,*,*,*,*,*,*,*,*,*,*,*,*,*,*
533873362,2,533873364,,12,9,3,*,*,*,*,*,*,*,*,*,*,*,*,*,*,*,*,*,*,*,*,*,*,*,*,*,*,*,*,*,*,2,2,*,*,*,*,*,*,*,*,*,*,*,*,*,*,*
533873363,0,,,63,36,27,13,5,8,50,31,19,33,22,11,46,27,19,46,27,19,17,9,8,7,4,3,0,0,0,0,0,0,5,4,1,16,16,1,3,5,3,1,0,3,13,10,3,3,10,0,1,1
533873364,1,,533873362,24,16,8,1,1,0,35,24,11,29,20,9,34,23,11,33,23,10,6,4,2,2,1,1,0,0,0,0,0,0,13,13,0,8,8,2,3,2,1,0,0,2,5,5,0,0,5,2,0,1
533873371,0,,,18,11,7,0,0,0,18,11,7,14,9,5,17,11,6,17,11,6,4,2,2,2,2,0,0,0,0,0,0,0,6,5,1,7,7,3,2,0,0,1,1,0,2,2,0,0,4,0,2,0
533873372,2,533873374,,25,22,3,*,*,*,*,*,*,*,*,*,*,*,*,*,*,*,*,*,*,*,*,*,*,*,*,*,*,*,*,*,*,2,2,*,*,*,*,*,*,*,*,*,*,*,*,*,*,*
533873374,1,,533873372,13,6,7,3,1,2,35,27,8,30,25,5,33,26,7,33,26,7,5,2,3,2,0,2,1,0,1,1,0,1,20,20,0,4,4,0,1,1,2,0,1,1,4,3,1,1,2,0,0,0
533873381,2,533873383,,7,3,4,*,*,*,*,*,*,*,*,*,*,*,*,*,*,*,*,*,*,*,*,*,*,*,*,*,*,*,*,*,*,3,3,*,*,*,*,*,*,*,*,*,*,*,*,*,*,*
533873383,1,,533873381,27,20,7,6,5,1,28,18,10,22,15,7,28,18,10,25,16,9,6,3,3,2,1,1,1,1,0,1,1,0,9,9,0,3,3,0,2,1,0,1,0,2,3,2,1,1,3,0,0,0
533873391,2,533873293,,3,1,2,*,*,*,*,*,*,*,*,*,*,*,*,*,*,*,*,*,*,*,*,*,*,*,*,*,*,*,*,*,*,2,2,*,*,*,*,*,*,*,*,*,*,*,*,*,*,*
533873462,0,,,12,6,6,0,0,0,12,6,6,6,3,3,12,6,6,12,6,6,6,3,3,5,2,3,3,1,2,0,0,0,0,0,0,4,4,1,1,0,1,1,0,0,3,1,2,0,3,0,0,1
533873472,0,,,213,118,95,23,8,15,190,110,80,144,88,56,181,106,75,176,103,73,46,22,24,30,11,19,6,2,4,0,0,0,38,37,1,58,58,6,20,9,7,4,6,6,39,33,6,1,32,1,2,10
533873473,0,,,24,9,15,0,0,0,24,9,15,15,6,9,23,9,14,23,9,14,9,3,6,7,3,4,1,1,0,0,0,0,0,0,0,11,11,3,6,0,1,1,0,0,8,6,2,0,6,0,3,3
533873474,0,,,116,63,53,5,2,3,111,61,50,77,51,26,110,60,50,108,58,50,34,10,24,21,5,16,10,2,8,1,1,0,20,19,1,44,43,20,9,5,4,2,0,3,19,15,4,3,22,4,6,4
533873481,0,,,14,6,8,2,0,2,12,6,6,6,3,3,11,6,5,11,6,5,6,3,3,4,1,3,1,0,1,0,0,0,0,0,0,5,5,2,1,1,0,0,0,1,3,2,1,0,4,0,2,0
533873483,0,,,23,12,11,0,0,0,23,12,11,18,9,9,20,11,9,20,11,9,5,3,2,1,0,1,1,0,1,0,0,0,6,3,3,10,10,4,2,2,1,1,0,0,5,5,0,0,5,0,3,1
533873484,0,,,19,10,9,5,2,3,14,8,6,11,7,4,13,8,5,12,7,5,3,1,2,3,1,2,0,0,0,0,0,0,4,4,0,4,4,1,1,0,0,0,0,2,2,1,1,2,2,0,0,0
533873561,1,,533873562;533873564,13,6,7,10,4,6,24,11,13,21,10,11,24,11,13,23,11,12,3,1,2,2,0,2,2,0,2,0,0,0,0,0,0,4,4,1,2,2,4,0,0,1,9,8,1,4,3,0,1,0
533873562,2,533873561,,14,6,8,*,*,*,*,*,*,*,*,*,*,*,*,*,*,*,*,*,*,*,*,*,*,*,*,*,*,*,*,*,*,4,4,*,*,*,*,*,*,*,*,*,*,*,*,*,*,*
533873564,2,533873561,,7,3,4,*,*,*,*,*,*,*,*,*,*,*,*,*,*,*,*,*,*,*,*,*,*,*,*,*,*,*,*,*,*,2,2,*,*,*,*,*,*,*,*,*,*,*,*,*,*,*
533873571,0,,,132,44,88,8,4,4,124,40,84,34,19,15,122,39,83,121,39,82,90,21,69,80,15,65,64,9,55,16,0,16,9,8,1,15,14,3,3,3,1,0,1,3,7,7,0,2,7,0,2,1
533873572,0,,,22,10,12,5,3,2,17,7,10,12,5,7,17,7,10,17,7,10,5,2,3,4,1,3,2,0,2,0,0,0,2,2,0,8,8,3,3,0,1,0,0,1,4,4,0,1,4,0,1,2
533873573,0,,,17,9,8,5,2,3,12,7,5,11,6,5,11,6,5,11,6,5,1,1,0,0,0,0,0,0,0,0,0,0,0,0,0,6,6,1,1,2,2,0,0,0,5,5,0,2,1,0,1,0
533873574,0,,,15,7,8,1,0,1,14,7,7,7,3,4,12,6,6,12,6,6,7,4,3,3,1,2,0,0,0,0,0,0,0,0,0,6,6,2,2,0,1,1,0,0,4,3,1,0,5,0,2,1
533873581,1,,533873582,57,38,19,3,3,0,61,39,22,46,35,11,60,39,21,59,38,21,15,4,11,9,1,8,5,1,4,0,0,0,12,12,0,23,23,11,4,3,1,2,0,3,7,6,1,0,12,4,1,2
533873582,2,533873581,,7,4,3,*,*,*,*,*,*,*,*,*,*,*,*,*,*,*,*,*,*,*,*,*,*,*,*,*,*,*,*,*,*,1,1,*,*,*,*,*,*,*,*,*,*,*,*,*,*,*
533873583,0,,,28,18,10,1,0,1,27,18,9,19,14,5,26,17,9,26,17,9,8,4,4,5,4,1,0,0,0,0,0,0,5,5,0,10,10,3,3,2,0,0,1,1,5,4,1,0,5,0,2,0
533873584,0,,,13,6,7,2,0,2,11,6,5,9,5,4,11,6,5,11,6,5,2,1,1,1,0,1,1,0,1,0,0,0,2,2,0,4,4,1,0,1,1,1,0,0,2,2,0,1,1,0,0,0
533873593,1,,533873594,10,5,5,3,1,2,15,6,9,15,6,9,15,6,9,15,6,9,0,0,0,0,0,0,0,0,0,0,0,0,0,0,0,5,5,2,2,0,2,1,0,0,5,5,0,1,0,0,0,0
533873594,2,533873593,,9,3,6,*,*,*,*,*,*,*,*,*,*,*,*,*,*,*,*,*,*,*,*,*,*,*,*,*,*,*,*,*,*,2,2,*,*,*,*,*,*,*,*,*,*,*,*,*,*,*
533873671,2,533873672,,4,3,1,*,*,*,*,*,*,*,*,*,*,*,*,*,*,*,*,*,*,*,*,*,*,*,*,*,*,*,*,*,*,1,1,*,*,*,*,*,*,*,*,*,*,*,*,*,*,*
533873672,1,,533873671,16,7,9,3,1,2,17,9,8,12,7,5,17,9,8,17,9,8,5,2,3,1,0,1,0,0,0,0,0,0,0,0,0,7,7,2,3,1,1,1,0,0,6,6,0,1,3,0,1,2
533873681,2,533873684,,9,5,4,*,*,*,*,*,*,*,*,*,*,*,*,*,*,*,*,*,*,*,*,*,*,*,*,*,*,*,*,*,*,2,2,*,*,*,*,*,*,*,*,*,*,*,*,*,*,*
533873683,0,,,43,21,22,5,3,2,38,18,20,18,7,11,37,18,19,37,18,19,20,11,9,5,1,4,2,1,1,0,0,0,0,0,0,17,17,0,12,3,1,0,1,0,17,15,2,0,12,0,0,7
533873684,1,,533873681,15,8,7,2,1,1,22,12,10,14,7,7,20,12,8,19,12,7,8,5,3,4,2,2,0,0,0,0,0,0,5,5,0,7,7,3,3,1,0,0,2,0,5,5,0,0,5,2,1,3
533873691,2,533873692,,1,1,0,*,*,*,*,*,*,*,*,*,*,*,*,*,*,*,*,*,*,*,*,*,*,*,*,*,*,*,*,*,*,1,1,*,*,*,*,*,*,*,*,*,*,*,*,*,*,*
533873692,1,,533873691,4,4,0,0,0,0,5,5,0,5,5,0,5,5,0,5,5,0,0,0,0,0,0,0,0,0,0,0,0,0,5,5,0,4,4,5,0,0,0,0,0,0,0,0,0,0,0,4,0,0
533873781,0,,,29,15,14,6,3,3,23,12,11,18,11,7,22,12,10,22,12,10,5,1,4,3,0,3,3,0,3,0,0,0,7,6,1,7,7,2,1,0,1,0,1,2,2,1,1,1,4,0,1,1
533873782,1,,533873791,83,53,30,17,7,10,76,51,25,59,41,18,73,48,25,71,46,25,17,10,7,8,4,4,0,0,0,0,0,0,21,21,0,15,15,1,3,2,2,3,1,6,9,6,3,5,11,0,1,2
533873783,0,,,76,47,29,7,5,2,69,42,27,50,35,15,68,41,27,67,40,27,19,7,12,8,1,7,6,0,6,0,0,0,14,14,0,20,20,2,7,3,1,1,2,4,12,10,2,2,13,0,0,2
533873784,0,,,34,24,10,1,1,0,33,23,10,25,19,6,33,23,10,32,22,10,8,4,4,2,1,1,0,0,0,0,0,0,12,12,0,10,10,2,4,0,2,0,0,2,4,4,0,1,6,1,0,1
533873791,2,533873782,,10,5,5,*,*,*,*,*,*,*,*,*,*,*,*,*,*,*,*,*,*,*,*,*,*,*,*,*,*,*,*,*,*,3,3,*,*,*,*,*,*,*,*,*,*,*,*,*,*,*
533873882,0,,,33,20,13,1,1,0,32,19,13,22,14,8,32,19,13,31,18,13,10,5,5,5,3,2,3,1,2,0,0,0,9,8,1,19,19,11,4,2,2,0,0,0,6,5,1,0,6,4,0,2
533873891,0,,,17,10,7,1,0,1,16,10,6,11,7,4,15,10,5,14,10,4,5,3,2,2,1,1,2,1,1,0,0,0,4,4,0,4,4,0,1,0,1,1,1,0,3,2,1,0,3,0,0,1
533873892,0,,,4,4,0,0,0,0,4,4,0,4,4,0,4,4,0,4,4,0,0,0,0,0,0,0,0,0,0,0,0,0,4,4,0,4,4,4,0,0,0,0,0,0,0,0,0,0,0,0,0,0
533873893,0,,,17,12,5,0,0,0,17,12,5,10,9,1,17,12,5,17,12,5,7,3,4,3,1,2,1,0,1,0,0,0,4,4,0,4,4,0,0,0,3,1,0,0,2,1,1,0,4,0,0,0
533873991,0,,,118,77,41,15,10,5,103,67,36,77,52,25,103,67,36,101,65,36,26,15,11,12,4,8,9,3,6,0,0,0,25,23,2,26,26,5,5,4,2,3,0,7,11,8,3,5,20,0,3,2
533873992,0,,,31,26,5,0,0,0,31,26,5,27,23,4,29,24,5,28,23,5,4,3,1,2,2,0,1,1,0,1,1,0,11,11,0,6,6,1,1,1,0,1,1,1,2,2,0,0,2,0,1,0
533873994,0,,,85,48,37,7,2,5,78,46,32,48,32,16,76,44,32,76,44,32,30,14,16,15,5,10,6,2,4,2,0,2,12,11,1,29,29,8,7,6,1,4,1,2,16,12,4,2,19,1,4,4
533874142,1,,533874144;533874151;533874241;533874242,8,4,4,1,1,0,26,14,12,10,3,7,26,14,12,26,14,12,16,11,5,11,8,3,0,0,0,0,0,0,0,0,0,2,2,6,6,1,0,0,1,0,8,7,1,1,11,0,5,5
533874144,2,533874142,,9,5,4,*,*,*,*,*,*,*,*,*,*,*,*,*,*,*,*,*,*,*,*,*,*,*,*,*,*,*,*,*,*,5,5,*,*,*,*,*,*,*,*,*,*,*,*,*,*,*
533874151,2,533874142,,7,4,3,*,*,*,*,*,*,*,*,*,*,*,*,*,*,*,*,*,*,*,*,*,*,*,*,*,*,*,*,*,*,4,4,*,*,*,*,*,*,*,*,*,*,*,*,*,*,*
533874241,2,533874142,,1,1,0,*,*,*,*,*,*,*,*,*,*,*,*,*,*,*,*,*,*,*,*,*,*,*,*,*,*,*,*,*,*,1,1,*,*,*,*,*,*,*,*,*,*,*,*,*,*,*
533874242,2,533874142,,2,1,1,*,*,*,*,*,*,*,*,*,*,*,*,*,*,*,*,*,*,*,*,*,*,*,*,*,*,*,*,*,*,2,2,*,*,*,*,*,*,*,*,*,*,*,*,*,*,*
533874544,2,533874641,,7,5,2,*,*,*,*,*,*,*,*,*,*,*,*,*,*,*,*,*,*,*,*,*,*,*,*,*,*,*,*,*,*,2,2,*,*,*,*,*,*,*,*,*,*,*,*,*,*,*
533874623,0,,,51,33,18,0,0,0,51,33,18,34,24,10,51,33,18,50,32,18,17,9,8,9,4,5,3,0,3,0,0,0,11,11,0,17,17,2,9,3,0,1,0,2,13,12,1,0,11,0,2,5
533874624,0,,,243,139,104,23,12,11,220,127,93,148,95,53,219,126,93,213,123,90,72,32,40,28,7,21,18,5,13,2,0,2,55,50,5,69,69,14,15,16,6,0,9,9,37,26,11,9,48,1,8,9
533874631,0,,,241,145,96,22,13,9,219,132,87,139,93,46,215,129,86,213,128,85,80,39,41,45,19,26,19,7,12,0,0,0,43,41,2,72,72,14,22,10,10,5,4,7,44,35,9,6,56,0,14,11
533874632,0,,,99,53,46,9,4,5,90,49,41,69,39,30,89,48,41,88,48,40,21,10,11,12,5,7,5,2,3,2,1,1,8,6,2,47,47,21,11,10,1,3,0,1,24,22,2,8,11,8,1,4
533874633,1,,533874731,257,158,99,29,16,13,229,143,86,164,112,52,223,141,82,217,136,81,65,31,34,39,19,20,17,7,10,1,0,1,60,60,0,55,55,9,12,7,7,1,4,16,30,22,8,8,38,2,5,7
533874634,0,,,72,39,33,5,2,3,67,37,30,34,22,12,66,37,29,65,36,29,33,15,18,14,7,7,4,0,4,2,0,2,11,11,0,31,31,14,8,4,0,2,2,1,14,12,2,0,24,0,11,4
533874641,1,,533874544,333,195,138,55,31,24,285,169,116,189,122,67,279,165,114,276,163,113,96,47,49,43,21,22,11,4,7,1,1,0,61,59,2,83,83,10,21,10,12,16,3,13,53,38,15,17,61,0,9,11
533874642,0,,,152,94,58,6,1,5,146,93,53,100,71,29,142,90,52,142,90,52,46,22,24,29,12,17,17,7,10,0,0,0,32,31,1,42,42,9,8,11,3,2,3,6,22,17,5,2,32,1,5,5
533874643,0,,,79,47,32,9,3,6,70,44,26,53,36,17,68,44,24,67,44,23,17,8,9,10,4,6,3,0,3,0,0,0,21,21,0,18,18,4,2,0,3,2,3,4,6,5,1,1,12,0,4,2
533874644,0,,,100,65,35,1,1,0,99,64,35,70,51,19,98,63,35,97,63,34,29,13,16,21,10,11,11,3,8,1,0,1,24,24,0,29,29,5,10,3,0,6,3,2,16,12,4,1,19,0,3,4
533874651,2,533874653,,4,3,1,*,*,*,*,*,*,*,*,*,*,*,*,*,*,*,*,*,*,*,*,*,*,*,*,*,*,*,*,*,*,1,1,*,*,*,*,*,*,*,*,*,*,*,*,*,*,*
533874653,1,,533874651,26,16,10,1,0,1,29,19,10,20,15,5,28,19,9,28,19,9,9,4,5,6,3,3,4,2,2,0,0,0,11,11,0,7,7,1,1,2,2,1,0,1,4,2,2,0,7,0,1,0
533874654,1,,533874752,330,205,125,25,13,12,308,193,115,225,152,73,296,187,109,293,184,109,83,41,42,53,21,32,24,6,18,1,0,1,70,62,8,76,76,7,14,12,11,10,10,14,42,31,11,6,55,2,2,6
533874663,1,,533874664;533874761;533874762;533874771,114,74,40,8,7,1,119,79,40,88,62,26,116,78,38,116,78,38,31,17,14,10,5,5,0,0,0,0,0,0,31,30,1,32,32,19,4,8,7,1,1,5,16,13,3,4,21,4,4,2
533874664,2,533874663,,3,3,0,*,*,*,*,*,*,*,*,*,*,*,*,*,*,*,*,*,*,*,*,*,*,*,*,*,*,*,*,*,*,3,3,*,*,*,*,*,*,*,*,*,*,*,*,*,*,*
533874692,0,,,69,39,30,8,4,4,61,35,26,43,26,17,61,35,26,60,35,25,18,9,9,10,4,6,8,3,5,2,0,2,14,11,3,21,21,5,2,5,4,2,2,1,10,6,4,2,14,0,4,1
533874693,2,533874694,,12,7,5,*,*,*,*,*,*,*,*,*,*,*,*,*,*,*,*,*,*,*,*,*,*,*,*,*,*,*,*,*,*,2,2,*,*,*,*,*,*,*,*,*,*,*,*,*,*,*
533874694,1,,533874693;533874781,176,105,71,30,14,16,169,102,67,112,72,40,159,95,64,158,95,63,57,30,27,34,19,15,12,9,3,0,0,0,27,27,0,53,53,7,15,10,9,9,6,2,39,33,6,8,37,0,6,10
533874704,0,,,28,19,9,2,1,1,26,18,8,22,16,6,26,18,8,26,18,8,4,2,2,2,1,1,0,0,0,0,0,0,9,9,0,6,6,0,1,0,2,1,1,1,3,2,1,1,2,0,0,1
533874711,2,533874714,,1,1,0,*,*,*,*,*,*,*,*,*,*,*,*,*,*,*,*,*,*,*,*,*,*,*,*,*,*,*,*,*,*,1,1,*,*,*,*,*,*,*,*,*,*,*,*,*,*,*
533874713,2,533874714,,14,10,4,*,*,*,*,*,*,*,*,*,*,*,*,*,*,*,*,*,*,*,*,*,*,*,*,*,*,*,*,*,*,2,2,*,*,*,*,*,*,*,*,*,*,*,*,*,*,*
533874714,1,,533874711;533874713,173,115,58,17,4,13,171,122,49,133,102,31,167,120,47,163,116,47,38,20,18,22,9,13,9,3,6,1,0,1,61,58,3,34,34,7,5,4,4,2,2,13,13,7,6,5,25,2,3,3
533874721,0,,,137,77,60,11,7,4,126,70,56,70,43,27,124,69,55,122,67,55,56,27,29,33,15,18,8,4,4,0,0,0,3,3,0,45,45,11,10,9,6,4,3,2,31,21,10,2,36,0,9,6
533874722,0,,,13,6,7,2,1,1,11,5,6,8,3,5,11,5,6,9,5,4,3,2,1,2,1,1,1,1,0,0,0,0,1,1,0,6,6,4,1,0,0,0,0,1,2,1,1,0,3,0,2,0
533874723,0,,,142,85,57,27,15,12,115,70,45,99,59,40,109,66,43,106,64,42,16,11,5,3,2,1,0,0,0,0,0,0,14,14,0,58,58,27,8,7,7,6,2,1,26,25,1,9,14,13,6,3
533874731,2,533874633,,1,1,0,*,*,*,*,*,*,*,*,*,*,*,*,*,*,*,*,*,*,*,*,*,*,*,*,*,*,*,*,*,*,1,1,*,*,*,*,*,*,*,*,*,*,*,*,*,*,*
533874752,2,533874654,,3,1,2,*,*,*,*,*,*,*,*,*,*,*,*,*,*,*,*,*,*,*,*,*,*,*,*,*,*,*,*,*,*,2,2,*,*,*,*,*,*,*,*,*,*,*,*,*,*,*
533874761,2,533874663,,6,6,0,*,*,*,*,*,*,*,*,*,*,*,*,*,*,*,*,*,*,*,*,*,*,*,*,*,*,*,*,*,*,6,6,*,*,*,*,*,*,*,*,*,*,*,*,*,*,*
533874762,2,533874663,,3,2,1,*,*,*,*,*,*,*,*,*,*,*,*,*,*,*,*,*,*,*,*,*,*,*,*,*,*,*,*,*,*,3,3,*,*,*,*,*,*,*,*,*,*,*,*,*,*,*
533874771,2,533874663,,1,1,0,*,*,*,*,*,*,*,*,*,*,*,*,*,*,*,*,*,*,*,*,*,*,*,*,*,*,*,*,*,*,1,1,*,*,*,*,*,*,*,*,*,*,*,*,*,*,*
533874781,2,533874694,,11,4,7,*,*,*,*,*,*,*,*,*,*,*,*,*,*,*,*,*,*,*,*,*,*,*,*,*,*,*,*,*,*,3,3,*,*,*,*,*,*,*,*,*,*,*,*,*,*,*
533874802,2,533874901,,2,2,0,*,*,*,*,*,*,*,*,*,*,*,*,*,*,*,*,*,*,*,*,*,*,*,*,*,*,*,*,*,*,2,2,*,*,*,*,*,*,*,*,*,*,*,*,*,*,*
533874803,2,533874901,,6,3,3,*,*,*,*,*,*,*,*,*,*,*,*,*,*,*,*,*,*,*,*,*,*,*,*,*,*,*,*,*,*,6,6,*,*,*,*,*,*,*,*,*,*,*,*,*,*,*
533874901,1,,533874802;533874803,49,26,23,4,3,1,53,28,25,25,13,12,52,27,25,51,27,24,28,15,13,15,9,6,4,3,1,0,0,0,3,3,0,23,23,13,12,4,2,0,0,0,18,17,1,1,16,2,2,10
533874903,0,,,26,19,7,0,0,0,22,17,5,14,11,3,22,17,5,21,16,5,8,6,2,2,2,0,0,0,0,0,0,0,2,2,0,20,20,14,6,0,0,0,0,0,5,5,0,0,6,0,4,2
533874912,0,,,59,38,21,6,5,1,53,33,20,38,21,17,53,33,20,53,33,20,15,12,3,2,2,0,2,2,0,0,0,0,13,12,1,20,20,4,6,4,2,1,3,0,10,9,1,2,13,0,3,3
533874914,0,,,64,38,26,6,3,3,58,35,23,43,29,14,58,35,23,57,35,22,15,6,9,4,0,4,3,0,3,0,0,0,14,13,1,15,15,3,2,1,4,2,1,2,6,4,2,2,11,0,3,2
533875013,2,533875212,,5,3,2,*,*,*,*,*,*,*,*,*,*,*,*,*,*,*,*,*,*,*,*,*,*,*,*,*,*,*,*,*,*,1,1,*,*,*,*,*,*,*,*,*,*,*,*,*,*,*
533875212,1,,533865911;533875013,34,23,11,2,0,2,40,28,12,24,20,4,39,27,12,38,26,12,16,8,8,6,3,3,0,0,0,0,0,0,12,12,0,6,6,1,1,0,2,3,0,2,3,1,2,1,9,0,1,1
533875214,0,,,83,47,36,9,5,4,74,42,32,49,29,20,73,41,32,70,39,31,25,13,12,16,8,8,2,1,1,0,0,0,13,12,1,21,21,2,5,3,3,3,2,3,11,7,4,1,18,0,2,1
533875311,0,,,24,11,13,4,2,2,20,9,11,12,6,6,20,9,11,20,9,11,8,3,5,5,3,2,1,0,1,1,0,1,2,2,0,6,6,0,2,3,0,0,0,1,5,4,1,0,4,0,0,2
533875312,0,,,13,7,6,1,1,0,12,6,6,6,4,2,12,6,6,12,6,6,6,2,4,1,0,1,1,0,1,1,0,1,2,1,1,5,5,0,2,3,0,0,0,0,4,3,1,0,3,0,0,1
533875313,0,,,35,21,14,3,0,3,32,21,11,23,17,6,32,21,11,32,21,11,9,4,5,6,2,4,5,2,3,0,0,0,10,10,0,9,9,3,1,0,2,1,1,1,1,1,0,1,8,0,3,1
533875434,2,533875532,,2,1,1,*,*,*,*,*,*,*,*,*,*,*,*,*,*,*,*,*,*,*,*,*,*,*,*,*,*,*,*,*,*,1,1,*,*,*,*,*,*,*,*,*,*,*,*,*,*,*
533875513,2,533875514,,7,5,2,*,*,*,*,*,*,*,*,*,*,*,*,*,*,*,*,*,*,*,*,*,*,*,*,*,*,*,*,*,*,3,3,*,*,*,*,*,*,*,*,*,*,*,*,*,*,*
533875514,1,,533875513;533875611;533875612,169,94,75,19,8,11,167,97,70,116,75,41,161,94,67,161,94,67,51,22,29,28,10,18,7,4,3,0,0,0,35,34,1,49,49,16,8,8,11,8,4,3,26,21,5,3,35,1,10,6
533875521,0,,,112,60,52,17,7,10,95,53,42,63,39,24,93,52,41,91,50,41,32,14,18,16,5,11,7,3,4,0,0,0,10,9,1,36,36,12,5,5,4,6,1,3,20,13,7,5,20,6,2,4
533875522,0,,,50,25,25,5,2,3,45,23,22,34,17,17,43,21,22,43,21,22,11,6,5,4,2,2,2,1,1,0,0,0,4,1,3,18,18,5,4,4,3,1,0,1,10,9,1,3,9,0,4,1
533875523,0,,,68,42,26,5,2,3,63,40,23,46,32,14,61,39,22,61,39,22,17,8,9,9,4,5,3,2,1,1,0,1,19,18,1,23,23,10,1,3,5,1,1,2,6,5,1,3,12,5,2,0
533875531,0,,,147,81,66,13,8,5,134,73,61,93,54,39,132,73,59,129,72,57,41,19,22,29,12,17,10,3,7,0,0,0,21,18,3,39,39,8,8,6,3,3,2,9,20,11,9,2,28,0,6,2
533875532,1,,533875434,185,113,72,22,12,10,165,102,63,110,74,36,163,100,63,161,98,63,55,28,27,32,16,16,12,7,5,3,1,2,34,31,3,53,53,11,14,7,7,5,2,8,31,19,12,6,34,5,2,7
533875533,0,,,42,24,18,6,4,2,36,20,16,26,16,10,36,20,16,36,20,16,10,4,6,7,3,4,5,2,3,0,0,0,7,6,1,14,14,5,3,0,1,4,0,1,7,5,2,2,7,0,1,1
533875534,0,,,87,50,37,8,3,5,79,47,32,57,37,20,74,44,30,73,43,30,22,10,12,13,5,8,3,0,3,1,0,1,17,16,1,22,22,5,5,1,2,2,3,4,10,6,4,2,13,3,2,1
533875601,0,,,197,125,72,25,13,12,172,112,60,127,90,37,171,111,60,169,109,60,45,22,23,25,11,14,12,5,7,1,1,0,55,50,5,45,45,6,9,3,6,4,7,10,18,15,3,9,32,0,6,5
533875602,0,,,61,36,25,5,3,2,56,33,23,36,23,13,55,33,22,53,31,22,20,10,10,9,4,5,4,2,2,0,0,0,9,9,0,21,21,6,6,3,3,0,0,3,12,11,1,2,14,0,5,3
533875603,0,,,59,33,26,14,8,6,45,25,20,35,21,14,45,25,20,45,25,20,10,4,6,6,2,4,1,0,1,0,0,0,6,5,1,18,18,1,3,8,5,0,0,1,16,13,3,10,5,0,0,2
533875611,2,533875514,,2,1,1,*,*,*,*,*,*,*,*,*,*,*,*,*,*,*,*,*,*,*,*,*,*,*,*,*,*,*,*,*,*,1,1,*,*,*,*,*,*,*,*,*,*,*,*,*,*,*
533875612,2,533875514,,8,5,3,*,*,*,*,*,*,*,*,*,*,*,*,*,*,*,*,*,*,*,*,*,*,*,*,*,*,*,*,*,*,5,5,*,*,*,*,*,*,*,*,*,*,*,*,*,*,*
533876162,2,533876382,,1,1,0,*,*,*,*,*,*,*,*,*,*,*,*,*,*,*,*,*,*,*,*,*,*,*,*,*,*,*,*,*,*,1,1,*,*,*,*,*,*,*,*,*,*,*,*,*,*,*
533876274,2,533876382,,5,2,3,*,*,*,*,*,*,*,*,*,*,*,*,*,*,*,*,*,*,*,*,*,*,*,*,*,*,*,*,*,*,2,2,*,*,*,*,*,*,*,*,*,*,*,*,*,*,*
533876283,2,533876382,,1,1,0,*,*,*,*,*,*,*,*,*,*,*,*,*,*,*,*,*,*,*,*,*,*,*,*,*,*,*,*,*,*,1,1,*,*,*,*,*,*,*,*,*,*,*,*,*,*,*
533876381,2,533876382,,5,3,2,*,*,*,*,*,*,*,*,*,*,*,*,*,*,*,*,*,*,*,*,*,*,*,*,*,*,*,*,*,*,4,4,*,*,*,*,*,*,*,*,*,*,*,*,*,*,*
533876382,1,,533876162;533876274;533876283;533876381;533876391;533876862;533876941;533876943;533876994,23,12,11,0,0,0,62,34,28,19,13,6,61,33,28,61,33,28,43,21,22,31,14,17,9,4,5,0,0,0,0,0,0,14,14,22,11,3,1,1,0,0,16,13,3,0,32,0,17,8
533876391,2,533876382,,2,1,1,*,*,*,*,*,*,*,*,*,*,*,*,*,*,*,*,*,*,*,*,*,*,*,*,*,*,*,*,*,*,2,2,*,*,*,*,*,*,*,*,*,*,*,*,*,*,*
533876862,2,533876382,,8,4,4,*,*,*,*,*,*,*,*,*,*,*,*,*,*,*,*,*,*,*,*,*,*,*,*,*,*,*,*,*,*,5,5,*,*,*,*,*,*,*,*,*,*,*,*,*,*,*
533876941,2,533876382,,3,2,1,*,*,*,*,*,*,*,*,*,*,*,*,*,*,*,*,*,*,*,*,*,*,*,*,*,*,*,*,*,*,2,2,*,*,*,*,*,*,*,*,*,*,*,*,*,*,*
533876943,2,533876382,,5,2,3,*,*,*,*,*,*,*,*,*,*,*,*,*,*,*,*,*,*,*,*,*,*,*,*,*,*,*,*,*,*,4,4,*,*,*,*,*,*,*,*,*,*,*,*,*,*,*
533876994,2,533876382,,9,6,3,*,*,*,*,*,*,*,*,*,*,*,*,*,*,*,*,*,*,*,*,*,*,*,*,*,*,*,*,*,*,3,3,*,*,*,*,*,*,*,*,*,*,*,*,*,*,*
533877043,1,,533877141;533877142,14,6,8,0,0,0,20,9,11,8,5,3,20,9,11,20,9,11,12,4,8,6,1,5,2,0,2,0,0,0,0,0,0,8,8,9,3,0,0,1,0,0,4,3,1,0,10,0,7,1
533877072,2,533877171,,8,5,3,*,*,*,*,*,*,*,*,*,*,*,*,*,*,*,*,*,*,*,*,*,*,*,*,*,*,*,*,*,*,5,5,*,*,*,*,*,*,*,*,*,*,*,*,*,*,*
533877132,2,533877134,,5,2,3,*,*,*,*,*,*,*,*,*,*,*,*,*,*,*,*,*,*,*,*,*,*,*,*,*,*,*,*,*,*,3,3,*,*,*,*,*,*,*,*,*,*,*,*,*,*,*
533877133,2,533877134,,3,2,1,*,*,*,*,*,*,*,*,*,*,*,*,*,*,*,*,*,*,*,*,*,*,*,*,*,*,*,*,*,*,1,1,*,*,*,*,*,*,*,*,*,*,*,*,*,*,*
533877134,1,,533877132;533877133;533877222,4,2,2,0,0,0,13,7,6,5,4,1,13,7,6,13,7,6,8,3,5,6,2,4,3,1,2,0,0,0,0,0,0,2,2,2,4,1,0,0,0,0,5,5,0,0,5,1,0,2
533877141,2,533877043,,4,1,3,*,*,*,*,*,*,*,*,*,*,*,*,*,*,*,*,*,*,*,*,*,*,*,*,*,*,*,*,*,*,3,3,*,*,*,*,*,*,*,*,*,*,*,*,*,*,*
533877142,2,533877043,,2,2,0,*,*,*,*,*,*,*,*,*,*,*,*,*,*,*,*,*,*,*,*,*,*,*,*,*,*,*,*,*,*,2,2,*,*,*,*,*,*,*,*,*,*,*,*,*,*,*
533877171,1,,533877072,15,8,7,0,0,0,23,13,10,8,4,4,23,13,10,23,13,10,15,9,6,8,5,3,2,0,2,0,0,0,0,0,0,9,9,7,5,2,0,0,0,0,7,7,0,0,12,0,6,2
533877222,2,533877134,,1,1,0,*,*,*,*,*,*,*,*,*,*,*,*,*,*,*,*,*,*,*,*,*,*,*,*,*,*,*,*,*,*,1,1,*,*,*,*,*,*,*,*,*,*,*,*,*,*,*
533877253,2,533877351,,1,0,1,*,*,*,*,*,*,*,*,*,*,*,*,*,*,*,*,*,*,*,*,*,*,*,*,*,*,*,*,*,*,1,1,*,*,*,*,*,*,*,*,*,*,*,*,*,*,*
533877261,2,533877263,,5,2,3,*,*,*,*,*,*,*,*,*,*,*,*,*,*,*,*,*,*,*,*,*,*,*,*,*,*,*,*,*,*,2,2,*,*,*,*,*,*,*,*,*,*,*,*,*,*,*
533877262,2,533877264,,1,1,0,*,*,*,*,*,*,*,*,*,*,*,*,*,*,*,*,*,*,*,*,*,*,*,*,*,*,*,*,*,*,1,1,*,*,*,*,*,*,*,*,*,*,*,*,*,*,*
533877263,1,,533877261,46,20,26,1,1,0,50,21,29,18,7,11,50,21,29,50,21,29,32,14,18,19,8,11,2,1,1,0,0,0,0,0,0,24,24,11,9,3,2,1,0,0,15,11,4,1,22,0,9,7
533877264,1,,533877262,14,7,7,2,0,2,13,8,5,8,5,3,13,8,5,13,8,5,5,3,2,1,1,0,0,0,0,0,0,0,0,0,0,4,4,2,1,0,1,0,0,1,3,1,2,0,3,0,1,1
533877302,2,533877311,,8,3,5,*,*,*,*,*,*,*,*,*,*,*,*,*,*,*,*,*,*,*,*,*,*,*,*,*,*,*,*,*,*,6,6,*,*,*,*,*,*,*,*,*,*,*,*,*,*,*
533877311,1,,533877302,2,1,1,0,0,0,10,4,6,1,1,0,10,4,6,10,4,6,9,3,6,4,0,4,4,0,4,0,0,0,0,0,0,2,2,6,2,0,0,0,0,0,2,2,0,0,7,0,5,2
533877312,0,,,18,7,11,0,0,0,18,7,11,6,4,2,18,7,11,18,7,11,12,3,9,8,1,7,4,1,3,0,0,0,0,0,0,11,11,7,2,1,1,0,0,0,4,2,2,0,11,0,7,0
533877321,0,,,19,8,11,0,0,0,19,8,11,13,6,7,19,8,11,19,8,11,6,2,4,4,1,3,2,1,1,0,0,0,0,0,0,7,6,1,5,0,0,0,0,0,5,5,0,0,4,0,1,1
533877322,0,,,12,7,5,0,0,0,12,7,5,8,4,4,12,7,5,12,7,5,4,3,1,3,2,1,0,0,0,0,0,0,0,0,0,5,5,1,3,0,0,1,0,0,4,3,1,0,3,0,1,2
533877324,1,,533877333,15,5,10,0,0,0,16,5,11,2,0,2,16,5,11,16,5,11,14,5,9,10,4,6,4,1,3,1,0,1,0,0,0,10,10,6,5,0,0,0,0,0,5,5,0,0,11,0,6,4
533877333,2,533877324,,1,0,1,*,*,*,*,*,*,*,*,*,*,*,*,*,*,*,*,*,*,*,*,*,*,*,*,*,*,*,*,*,*,1,1,*,*,*,*,*,*,*,*,*,*,*,*,*,*,*
533877341,2,533877344,,3,2,1,*,*,*,*,*,*,*,*,*,*,*,*,*,*,*,*,*,*,*,*,*,*,*,*,*,*,*,*,*,*,2,2,*,*,*,*,*,*,*,*,*,*,*,*,*,*,*
533877342,2,533877344,,3,1,2,*,*,*,*,*,*,*,*,*,*,*,*,*,*,*,*,*,*,*,*,*,*,*,*,*,*,*,*,*,*,2,2,*,*,*,*,*,*,*,*,*,*,*,*,*,*,*
533877344,1,,533877341;533877342,6,3,3,0,0,0,12,6,6,4,1,3,12,6,6,12,6,6,8,5,3,2,1,1,1,0,1,0,0,0,0,0,0,3,3,3,3,1,0,0,0,0,4,4,0,0,6,0,3,2
533877351,1,,533877253;533877352;533877353,39,23,16,4,3,1,46,25,21,19,10,9,45,24,21,45,24,21,27,15,12,14,8,6,7,2,5,0,0,0,0,0,0,21,21,13,9,5,1,0,0,0,14,14,0,0,20,0,10,5
533877352,2,533877351,,5,2,3,*,*,*,*,*,*,*,*,*,*,*,*,*,*,*,*,*,*,*,*,*,*,*,*,*,*,*,*,*,*,2,2,*,*,*,*,*,*,*,*,*,*,*,*,*,*,*
533877353,2,533877351,,5,3,2,*,*,*,*,*,*,*,*,*,*,*,*,*,*,*,*,*,*,*,*,*,*,*,*,*,*,*,*,*,*,4,4,*,*,*,*,*,*,*,*,*,*,*,*,*,*,*
533877373,2,533877471,,9,3,6,*,*,*,*,*,*,*,*,*,*,*,*,*,*,*,*,*,*,*,*,*,*,*,*,*,*,*,*,*,*,4,4,*,*,*,*,*,*,*,*,*,*,*,*,*,*,*
533877394,0,,,19,10,9,2,2,0,17,8,9,5,2,3,17,8,9,17,8,9,12,6,6,6,2,4,3,0,3,1,0,1,0,0,0,7,7,3,0,3,0,0,0,1,4,2,2,0,7,0,3,0
533877424,0,,,29,14,15,3,1,2,26,13,13,11,5,6,25,12,13,25,12,13,15,8,7,7,3,4,1,1,0,0,0,0,0,0,0,14,14,4,7,2,0,1,0,0,9,8,1,1,11,0,4,4
533877431,0,,,17,10,7,0,0,0,17,10,7,3,2,1,17,10,7,17,10,7,14,8,6,4,2,2,2,1,1,0,0,0,0,0,0,11,11,6,4,1,0,0,0,0,5,4,1,0,11,0,6,2
533877432,0,,,15,5,10,0,0,0,15,5,10,6,2,4,15,5,10,15,5,10,9,3,6,5,1,4,2,1,1,0,0,0,0,0,0,7,7,1,4,2,0,0,0,0,6,5,1,0,6,0,1,2
533877433,0,,,14,7,7,0,0,0,14,7,7,5,3,2,14,7,7,14,7,7,9,4,5,2,0,2,1,0,1,0,0,0,0,0,0,7,7,2,3,2,0,0,0,0,5,5,0,0,6,0,2,3
533877441,0,,,18,9,9,2,2,0,16,7,9,8,2,6,16,7,9,16,7,9,8,5,3,3,2,1,1,1,0,0,0,0,0,0,0,6,6,0,3,1,1,1,0,0,6,4,2,0,6,0,0,2
533877442,0,,,29,11,18,0,0,0,29,11,18,11,5,6,29,11,18,29,11,18,18,6,12,11,3,8,3,0,3,0,0,0,0,0,0,16,16,5,9,2,0,0,0,0,11,11,0,0,12,0,4,5
533877451,0,,,28,14,14,0,0,0,28,14,14,13,8,5,28,14,14,28,14,14,15,6,9,13,5,8,5,2,3,0,0,0,1,0,1,15,15,8,3,2,2,0,0,0,7,6,1,0,12,0,6,1
533877462,0,,,24,11,13,2,0,2,22,11,11,8,4,4,22,11,11,22,11,11,14,7,7,11,5,6,4,3,1,0,0,0,0,0,0,12,12,4,6,0,2,0,0,0,8,6,2,1,9,0,3,3
533877471,1,,533877373,35,23,12,3,3,0,41,23,18,19,15,4,32,14,18,30,12,18,22,8,14,15,5,10,10,4,6,0,0,0,0,0,0,13,12,5,9,2,0,0,0,0,11,9,2,0,14,0,4,6
533877473,0,,,65,18,47,0,0,0,65,18,47,7,6,1,65,18,47,65,18,47,58,12,46,55,10,45,42,6,36,4,1,3,0,0,0,13,12,8,3,1,0,0,0,0,4,4,0,0,9,0,5,2
533877483,0,,,35,16,19,5,2,3,30,14,16,15,7,8,29,13,16,29,13,16,15,7,8,11,4,7,3,1,2,0,0,0,0,0,0,13,13,4,5,1,1,0,0,2,9,6,3,1,11,0,3,4
533877484,0,,,102,49,53,4,1,3,98,48,50,53,29,24,97,47,50,97,47,50,45,19,26,24,10,14,6,1,5,0,0,0,3,1,2,40,40,4,20,9,5,1,1,0,36,29,7,0,28,0,2,11
533877491,0,,,30,14,16,1,1,0,29,13,16,14,5,9,29,13,16,28,13,15,15,8,7,5,2,3,2,0,2,0,0,0,0,0,0,14,14,6,5,1,0,1,1,0,8,6,2,0,10,0,3,3
533877493,0,,,84,36,48,12,4,8,72,32,40,29,12,17,70,32,38,69,32,37,43,20,23,24,10,14,9,5,4,1,1,0,0,0,0,33,33,9,15,2,1,4,0,2,24,16,8,1,30,0,8,8
533877571,0,,,16,6,10,1,1,0,15,5,10,3,1,2,15,5,10,15,5,10,12,4,8,8,3,5,3,1,2,1,0,1,0,0,0,9,9,3,5,1,0,0,0,0,6,5,1,1,8,0,2,4
533877572,0,,,17,11,6,0,0,0,17,11,6,8,6,2,17,11,6,17,11,6,9,5,4,6,3,3,1,0,1,0,0,0,0,0,0,11,11,6,4,1,0,0,0,0,5,4,1,0,6,0,3,2
533877581,0,,,127,67,60,3,1,2,124,66,58,58,36,22,123,65,58,120,64,56,66,30,36,37,14,23,19,6,13,1,0,1,5,3,2,56,56,18,19,9,7,2,1,0,38,28,10,1,45,0,13,13
533877582,0,,,153,75,78,21,10,11,132,65,67,62,37,25,129,62,67,123,59,64,70,28,42,28,11,17,10,2,8,1,0,1,0,0,0,60,60,10,29,6,9,5,1,0,50,43,7,1,42,0,7,18
533877583,1,,533877672,72,33,39,4,1,3,71,34,37,28,16,12,70,34,36,69,33,36,43,18,25,20,10,10,5,1,4,0,0,0,0,0,0,33,33,10,14,7,1,1,0,1,24,20,4,1,28,1,8,11
533877584,0,,,132,60,72,10,5,5,122,55,67,70,35,35,119,53,66,118,53,65,52,20,32,31,9,22,11,3,8,0,0,0,0,0,0,50,50,13,15,7,9,5,0,1,37,25,12,2,38,0,11,6
533877591,0,,,82,37,45,3,2,1,79,35,44,38,16,22,78,34,44,78,34,44,41,19,22,22,8,14,11,3,8,2,0,2,0,0,0,33,33,7,14,5,5,0,2,0,26,20,6,1,25,0,6,8
533877592,1,,533877594,96,46,50,11,4,7,93,45,48,57,29,28,91,45,46,85,43,42,36,16,20,21,11,10,8,4,4,2,1,1,1,0,1,33,33,5,14,7,6,4,1,0,32,23,9,1,25,0,3,8
533877593,0,,,54,32,22,2,0,2,52,32,20,25,17,8,52,32,20,52,32,20,27,15,12,15,7,8,5,2,3,0,0,0,0,0,0,27,27,7,16,1,3,0,0,0,20,19,1,1,21,0,7,6
533877594,2,533877592,,8,3,5,*,*,*,*,*,*,*,*,*,*,*,*,*,*,*,*,*,*,*,*,*,*,*,*,*,*,*,*,*,*,4,4,*,*,*,*,*,*,*,*,*,*,*,*,*,*,*
533877672,2,533877583,,3,2,1,*,*,*,*,*,*,*,*,*,*,*,*,*,*,*,*,*,*,*,*,*,*,*,*,*,*,*,*,*,*,1,1,*,*,*,*,*,*,*,*,*,*,*,*,*,*,*
533877682,1,,533877683,24,13,11,0,0,0,26,14,12,11,7,4,25,13,12,25,13,12,15,7,8,10,4,6,3,0,3,0,0,0,1,0,1,13,13,5,7,1,1,0,0,0,9,7,2,0,12,0,4,3
533877683,2,533877682,,2,1,1,*,*,*,*,*,*,*,*,*,*,*,*,*,*,*,*,*,*,*,*,*,*,*,*,*,*,*,*,*,*,1,1,*,*,*,*,*,*,*,*,*,*,*,*,*,*,*
533877733,2,533877814,,3,1,2,*,*,*,*,*,*,*,*,*,*,*,*,*,*,*,*,*,*,*,*,*,*,*,*,*,*,*,*,*,*,2,2,*,*,*,*,*,*,*,*,*,*,*,*,*,*,*
533877772,1,,533877774,69,22,47,1,0,1,76,27,49,16,10,6,76,27,49,76,27,49,60,17,43,43,6,37,36,5,31,13,1,12,0,0,0,11,10,2,8,1,0,1,1,0,10,8,2,0,9,0,1,2
533877774,2,533877772,,8,5,3,*,*,*,*,*,*,*,*,*,*,*,*,*,*,*,*,*,*,*,*,*,*,*,*,*,*,*,*,*,*,3,3,*,*,*,*,*,*,*,*,*,*,*,*,*,*,*
533877781,0,,,17,9,8,5,3,2,12,6,6,8,4,4,12,6,6,12,6,6,4,2,2,2,0,2,1,0,1,0,0,0,1,0,1,7,7,2,2,1,2,0,0,0,5,5,0,1,4,0,2,0
533877812,2,533877814,,2,1,1,*,*,*,*,*,*,*,*,*,*,*,*,*,*,*,*,*,*,*,*,*,*,*,*,*,*,*,*,*,*,1,1,*,*,*,*,*,*,*,*,*,*,*,*,*,*,*
533877814,1,,533877733;533877812;533877821,9,5,4,0,0,0,19,9,10,6,5,1,19,9,10,19,9,10,13,4,9,9,3,6,7,2,5,0,0,0,0,0,0,6,6,5,7,0,0,0,0,0,7,7,0,0,9,0,3,4
533877821,2,533877814,,5,2,3,*,*,*,*,*,*,*,*,*,*,*,*,*,*,*,*,*,*,*,*,*,*,*,*,*,*,*,*,*,*,3,3,*,*,*,*,*,*,*,*,*,*,*,*,*,*,*
533877842,2,533877851,,3,2,1,*,*,*,*,*,*,*,*,*,*,*,*,*,*,*,*,*,*,*,*,*,*,*,*,*,*,*,*,*,*,1,1,*,*,*,*,*,*,*,*,*,*,*,*,*,*,*
533877851,1,,533877842,9,3,6,0,0,0,12,5,7,3,1,2,12,5,7,12,5,7,9,4,5,4,1,3,0,0,0,0,0,0,0,0,0,6,6,4,1,2,0,0,0,0,3,3,0,0,7,0,4,1
533877852,0,,,26,14,12,0,0,0,26,14,12,9,5,4,26,14,12,26,14,12,17,9,8,9,4,5,3,1,2,0,0,0,0,0,0,12,12,4,4,3,0,1,0,0,8,6,2,0,11,0,3,4
533877863,1,,533877864,17,10,7,0,0,0,25,13,12,9,5,4,25,13,12,24,12,12,16,8,8,8,3,5,3,1,2,0,0,0,0,0,0,8,8,6,5,3,0,0,0,0,8,5,3,0,12,0,5,1
533877864,2,533877863,,8,3,5,*,*,*,*,*,*,*,*,*,*,*,*,*,*,*,*,*,*,*,*,*,*,*,*,*,*,*,*,*,*,6,6,*,*,*,*,*,*,*,*,*,*,*,*,*,*,*
533877872,0,,,14,8,6,0,0,0,14,8,6,9,5,4,13,8,5,13,8,5,5,3,2,5,3,2,0,0,0,0,0,0,1,1,0,5,5,2,0,2,0,0,1,0,3,2,1,0,3,0,1,0
533877873,1,,533877964,11,4,7,3,0,3,10,5,5,2,1,1,10,5,5,10,5,5,8,4,4,1,0,1,0,0,0,0,0,0,0,0,0,4,4,2,2,0,0,0,0,1,2,1,1,1,5,0,2,1
533877874,0,,,39,21,18,1,1,0,38,20,18,23,14,9,37,20,17,35,19,16,15,6,9,11,3,8,3,0,3,0,0,0,0,0,0,17,17,6,6,1,3,0,1,0,11,8,3,0,12,0,3,2
533877883,1,,533877884,2,1,1,0,0,0,9,5,4,2,1,1,9,5,4,9,5,4,7,4,3,6,3,3,1,0,1,1,0,1,0,0,0,1,1,0,3,1,0,0,0,0,4,3,1,0,4,0,0,2
533877884,2,533877883,,7,4,3,*,*,*,*,*,*,*,*,*,*,*,*,*,*,*,*,*,*,*,*,*,*,*,*,*,*,*,*,*,*,3,3,*,*,*,*,*,*,*,*,*,*,*,*,*,*,*
533877893,2,533877991,,9,6,3,*,*,*,*,*,*,*,*,*,*,*,*,*,*,*,*,*,*,*,*,*,*,*,*,*,*,*,*,*,*,2,2,*,*,*,*,*,*,*,*,*,*,*,*,*,*,*
533877902,2,533877911,,12,6,6,*,*,*,*,*,*,*,*,*,*,*,*,*,*,*,*,*,*,*,*,*,*,*,*,*,*,*,*,*,*,2,2,*,*,*,*,*,*,*,*,*,*,*,*,*,*,*
533877904,2,533877911,,1,0,1,*,*,*,*,*,*,*,*,*,*,*,*,*,*,*,*,*,*,*,*,*,*,*,*,*,*,*,*,*,*,1,1,*,*,*,*,*,*,*,*,*,*,*,*,*,*,*
533877911,1,,533877902;533877904,1,0,1,3,1,2,11,5,6,4,2,2,11,5,6,11,5,6,7,3,4,6,2,4,3,2,1,0,0,0,0,0,0,1,1,2,0,0,0,1,0,1,2,0,2,0,4,0,2,0
533877964,2,533877873,,2,1,1,*,*,*,*,*,*,*,*,*,*,*,*,*,*,*,*,*,*,*,*,*,*,*,*,*,*,*,*,*,*,1,1,*,*,*,*,*,*,*,*,*,*,*,*,*,*,*
533877971,0,,,13,8,5,1,1,0,12,7,5,9,6,3,11,6,5,10,6,4,3,1,2,2,0,2,2,0,2,0,0,0,0,0,0,6,6,2,2,1,1,0,0,0,4,3,1,0,3,0,1,0
533877972,0,,,33,15,18,5,1,4,28,14,14,18,9,9,26,12,14,26,12,14,10,5,5,2,0,2,2,0,2,1,0,1,0,0,0,10,10,2,4,1,0,0,1,2,8,5,3,2,6,0,1,2
533877973,0,,,24,11,13,0,0,0,24,11,13,14,6,8,23,11,12,23,11,12,10,5,5,6,2,4,1,0,1,0,0,0,0,0,0,10,10,2,4,3,0,1,0,0,7,5,2,0,6,0,0,3
533877974,0,,,173,91,82,17,10,7,156,81,75,101,55,46,152,78,74,150,77,73,55,26,29,40,18,22,15,5,10,0,0,0,1,0,1,59,58,11,19,10,7,9,1,1,47,36,11,1,31,0,7,8
533877983,0,,,9,4,5,0,0,0,9,4,5,6,2,4,9,4,5,9,4,5,3,2,1,0,0,0,0,0,0,0,0,0,0,0,0,4,4,1,1,2,0,0,0,0,3,3,0,0,2,0,0,1
533877991,1,,533877893,9,6,3,0,0,0,18,12,6,12,9,3,18,12,6,17,11,6,6,3,3,5,2,3,2,1,1,0,0,0,0,0,0,4,4,2,1,1,1,0,0,1,4,0,4,0,4,0,1,0
533877993,0,,,23,12,11,1,0,1,22,12,10,10,5,5,22,12,10,22,12,10,12,7,5,5,4,1,0,0,0,0,0,0,1,0,1,11,11,3,6,0,2,0,0,0,8,7,1,0,9,0,3,3
