KEY_CODE,HTKSYORI,HTKSAKI,GASSAN,T001101001,T001101002,T001101003,T001101004,T001101005,T001101006,T001101007,T001101008,T001101009,T001101010,T001101011,T001101012,T001101013,T001101014,T001101015,T001101016,T001101017,T001101018,T001101019,T001101020,T001101021,T001101022,T001101023,T001101024,T001101025,T001101026,T001101027,T001101028,T001101029,T001101030,T001101031,T001101032,T001101033,T001101034,T001101035,T001101036,T001101037,T001101038,T001101039,T001101040,T001101041,T001101042,T001101043,T001101044,T001101045,T001101046,T001101047,T001101048,T001101049,T001101050
,,,,Å@êlå˚ÅiëçêîÅj,Å@êlå˚ÅiëçêîÅjÅ@íj,Å@êlå˚ÅiëçêîÅjÅ@èó,Å@ÇOÅ`ÇPÇSçŒêlå˚Å@ëçêî,Å@ÇOÅ`ÇPÇSçŒêlå˚Å@íj,Å@ÇOÅ`ÇPÇSçŒêlå˚Å@èó,Å@ÇPÇTçŒà»è„êlå˚Å@ëçêî,Å@ÇPÇTçŒà»è„êlå˚Å@íj,Å@ÇPÇTçŒà»è„êlå˚Å@èó,Å@ÇPÇTÅ`ÇUÇSçŒêlå˚Å@ëçêî,Å@ÇPÇTÅ`ÇUÇSçŒêlå˚Å@íj,Å@ÇPÇTÅ`ÇUÇSçŒêlå˚Å@èó,Å@ÇPÇWçŒà»è„êlå˚Å@ëçêî,Å@ÇPÇWçŒà»è„êlå˚Å@íj,Å@ÇPÇWçŒà»è„êlå˚Å@èó,Å@ÇQÇOçŒà»è„êlå˚Å@ëçêî,Å@ÇQÇOçŒà»è„êlå˚Å@íj,Å@ÇQÇOçŒà»è„êlå˚Å@èó,Å@ÇUÇTçŒà»è„êlå˚Å@ëçêî,Å@ÇUÇTçŒà»è„êlå˚Å@íj,Å@ÇUÇTçŒà»è„êlå˚Å@èó,Å@ÇVÇTçŒà»è„êlå˚Å@ëçêî,Å@ÇVÇTçŒà»è„êlå˚Å@íj,Å@ÇVÇTçŒà»è„êlå˚Å@èó,Å@ÇWÇTçŒà»è„êlå˚Å@ëçêî,Å@ÇWÇTçŒà»è„êlå˚Å@íj,Å@ÇWÇTçŒà»è„êlå˚Å@èó,Å@ÇXÇTçŒà»è„êlå˚Å@ëçêî,Å@ÇXÇTçŒà»è„êlå˚Å@íj,Å@ÇXÇTçŒà»è„êlå˚Å@èó,Å@äOçëêlêlå˚Å@ëçêî,Å@äOçëêlêlå˚Å@íj,Å@äOçëêlêlå˚Å@èó,Å@ê¢ë—ëçêî,Å@àÍî ê¢ë—êî,Å@ÇPêlê¢ë—êîÅ@àÍî ê¢ë—êî,Å@ÇQêlê¢ë—êîÅ@àÍî ê¢ë—êî,Å@ÇRêlê¢ë—êîÅ@àÍî ê¢ë—êî,Å@ÇSêlê¢ë—êîÅ@àÍî ê¢ë—êî,Å@ÇTêlê¢ë—êîÅ@àÍî ê¢ë—êî,Å@ÇUêlê¢ë—êîÅ@àÍî ê¢ë—êî,Å@ÇVêlà»è„ê¢ë—êîÅ@àÍî ê¢ë—êî,Å@êeë∞ÇÃÇ›ÇÃê¢ë—êîÅ@àÍî ê¢ë—êî,Å@äjâ∆ë∞ê¢ë—êîÅ@àÍî ê¢ë—êî,Å@äjâ∆ë∞à»äOÇÃê¢ë—êîÅ@àÍî ê¢ë—êî,Å@ÇUçŒñ¢ñûê¢ë—àıÇÃÇ¢ÇÈê¢ë—êîÅ@àÍî ê¢ë—êî,Å@ÇUÇTçŒà»è„ê¢ë—àıÇÃÇ¢ÇÈê¢ë—êîÅ@àÍî ê¢ë—êî,Å@ê¢ë—éÂÇÃîNóÓÇ™ÇQÇOÅ`ÇQÇXçŒÇÃÇPêlê¢ë—êîÅ@àÍî ê¢ë—êî,Å@çÇóÓíPêgê¢ë—êîÅ@àÍî ê¢ë—êî,Å@çÇóÓïvïwê¢ë—êîÅ@àÍî ê¢ë—êî
533400091,0,,,36,16,20,0,0,0,36,16,20,13,5,8,35,16,19,35,16,19,23,11,12,12,5,7,6,2,4,1,0,1,0,0,0,15,15,4,6,2,1,2,0,0,11,7,4,0,12,0,1,6
533400092,0,,,66,33,33,1,1,0,65,32,33,25,14,11,65,32,33,65,32,33,40,18,22,22,10,12,5,2,3,0,0,0,0,0,0,31,31,9,12,8,1,1,0,0,22,19,3,1,28,0,7,9
533400093,1,,533400094,21,12,9,0,0,0,26,14,12,15,10,5,26,14,12,26,14,12,11,4,7,8,2,6,3,0,3,0,0,0,0,0,0,8,8,2,2,4,2,0,0,0,8,3,5,0,8,0,1,0
533400094,2,533400093,,5,2,3,*,*,*,*,*,*,*,*,*,*,*,*,*,*,*,*,*,*,*,*,*,*,*,*,*,*,*,*,*,*,2,2,*,*,*,*,*,*,*,*,*,*,*,*,*,*,*
533400192,0,,,98,46,52,3,1,2,95,45,50,47,25,22,95,45,50,93,43,50,48,20,28,27,9,18,12,3,9,2,0,2,0,0,0,32,32,8,6,7,3,4,3,1,24,9,15,2,31,0,8,5
533400482,2,533400591,,8,5,3,*,*,*,*,*,*,*,*,*,*,*,*,*,*,*,*,*,*,*,*,*,*,*,*,*,*,*,*,*,*,5,5,*,*,*,*,*,*,*,*,*,*,*,*,*,*,*
533400583,2,533400591,,2,1,1,*,*,*,*,*,*,*,*,*,*,*,*,*,*,*,*,*,*,*,*,*,*,*,*,*,*,*,*,*,*,1,1,*,*,*,*,*,*,*,*,*,*,*,*,*,*,*
533400591,1,,533400482;533400583;533400592;533400594;533400672,10,6,4,5,2,3,36,16,20,14,6,8,36,16,20,36,16,20,22,10,12,16,8,8,7,5,2,0,0,0,0,0,0,4,4,6,10,0,1,1,1,0,13,9,4,1,15,0,5,5
533400592,2,533400591,,8,2,6,*,*,*,*,*,*,*,*,*,*,*,*,*,*,*,*,*,*,*,*,*,*,*,*,*,*,*,*,*,*,4,4,*,*,*,*,*,*,*,*,*,*,*,*,*,*,*
533400594,2,533400591,,8,3,5,*,*,*,*,*,*,*,*,*,*,*,*,*,*,*,*,*,*,*,*,*,*,*,*,*,*,*,*,*,*,3,3,*,*,*,*,*,*,*,*,*,*,*,*,*,*,*
533400672,2,533400591,,5,1,4,*,*,*,*,*,*,*,*,*,*,*,*,*,*,*,*,*,*,*,*,*,*,*,*,*,*,*,*,*,*,2,2,*,*,*,*,*,*,*,*,*,*,*,*,*,*,*
533400832,2,533400844,,3,1,2,*,*,*,*,*,*,*,*,*,*,*,*,*,*,*,*,*,*,*,*,*,*,*,*,*,*,*,*,*,*,2,2,*,*,*,*,*,*,*,*,*,*,*,*,*,*,*
533400844,1,,533400832;533400853;533400951,8,4,4,0,0,0,19,9,10,10,6,4,19,9,10,19,9,10,9,3,6,7,2,5,3,1,2,0,0,0,0,0,0,3,3,2,4,0,1,1,0,0,6,5,1,0,7,0,2,2
533400853,2,533400844,,4,2,2,*,*,*,*,*,*,*,*,*,*,*,*,*,*,*,*,*,*,*,*,*,*,*,*,*,*,*,*,*,*,2,2,*,*,*,*,*,*,*,*,*,*,*,*,*,*,*
533400881,0,,,40,18,22,4,2,2,36,16,20,16,9,7,35,15,20,35,15,20,20,7,13,9,2,7,3,0,3,1,0,1,0,0,0,11,11,0,5,1,1,1,3,0,11,5,6,0,11,0,0,2
533400882,1,,533400884,149,65,84,8,3,5,147,66,81,63,31,32,145,66,79,145,66,79,84,35,49,45,16,29,21,8,13,1,0,1,1,1,0,57,57,14,17,11,12,4,1,0,45,25,20,1,52,0,12,10
533400884,2,533400882,,6,4,2,*,*,*,*,*,*,*,*,*,*,*,*,*,*,*,*,*,*,*,*,*,*,*,*,*,*,*,*,*,*,2,2,*,*,*,*,*,*,*,*,*,*,*,*,*,*,*
533400912,0,,,16,7,9,0,0,0,16,7,9,3,1,2,16,7,9,16,7,9,13,6,7,7,3,4,4,2,2,0,0,0,0,0,0,9,9,3,5,1,0,0,0,0,6,6,0,0,9,0,3,4
533400913,2,533400914,,10,5,5,*,*,*,*,*,*,*,*,*,*,*,*,*,*,*,*,*,*,*,*,*,*,*,*,*,*,*,*,*,*,4,4,*,*,*,*,*,*,*,*,*,*,*,*,*,*,*
533400914,1,,533400913,45,24,21,2,0,2,53,29,24,19,10,9,53,29,24,53,29,24,34,19,15,15,7,8,10,5,5,1,0,1,0,0,0,20,20,6,9,6,2,1,0,0,18,10,8,0,22,0,6,5
533400951,2,533400844,,4,2,2,*,*,*,*,*,*,*,*,*,*,*,*,*,*,*,*,*,*,*,*,*,*,*,*,*,*,*,*,*,*,1,1,*,*,*,*,*,*,*,*,*,*,*,*,*,*,*
533401001,1,,533401101,23,11,12,3,1,2,21,10,11,12,6,6,21,10,11,21,10,11,9,4,5,5,1,4,2,0,2,0,0,0,2,0,2,9,9,5,1,2,1,0,0,1,5,3,2,1,8,0,5,0
533401011,0,,,83,37,46,7,6,1,76,31,45,36,16,20,73,31,42,73,31,42,40,15,25,24,8,16,8,1,7,0,0,0,0,0,0,29,29,3,13,7,1,3,1,1,26,13,13,0,26,0,3,6
533401021,0,,,24,11,13,0,0,0,21,9,12,9,4,5,20,9,11,20,9,11,12,5,7,7,3,4,4,1,3,0,0,0,0,0,0,10,10,2,4,2,2,0,0,0,7,5,2,0,7,0,2,3
533401023,0,,,84,41,43,3,2,1,81,39,42,35,15,20,81,39,42,81,39,42,46,24,22,20,11,9,5,2,3,0,0,0,0,0,0,38,38,9,20,5,0,4,0,0,29,23,6,1,30,0,7,11
533401024,0,,,68,33,35,4,1,3,64,32,32,39,22,17,60,30,30,59,30,29,25,10,15,15,5,10,5,1,4,0,0,0,3,1,2,28,28,9,7,5,5,2,0,0,18,15,3,1,18,0,5,2
533401031,0,,,20,9,11,0,0,0,20,9,11,11,5,6,20,9,11,20,9,11,9,4,5,5,2,3,4,1,3,1,0,1,0,0,0,7,7,1,2,2,1,1,0,0,6,5,1,0,5,0,1,1
533401033,0,,,83,45,38,8,8,0,75,37,38,36,19,17,74,37,37,74,37,37,39,18,21,16,4,12,9,1,8,0,0,0,1,1,0,29,29,6,7,8,4,3,0,1,23,15,8,2,25,0,4,6
533401043,1,,533401141,18,8,10,5,2,3,24,11,13,12,7,5,24,11,13,24,11,13,12,4,8,4,1,3,2,0,2,0,0,0,0,0,0,8,8,2,4,3,1,0,1,0,9,6,3,0,7,0,1,2
533401044,0,,,18,6,12,2,0,2,16,6,10,11,5,6,16,6,10,16,6,10,5,1,4,3,1,2,1,0,1,0,0,0,0,0,0,4,4,0,0,1,0,3,0,0,4,2,2,0,4,0,0,0
533401052,0,,,18,9,9,1,1,0,17,8,9,7,3,4,17,8,9,17,8,9,10,5,5,2,1,1,1,0,1,0,0,0,0,0,0,8,8,1,6,0,0,1,0,0,7,6,1,0,6,0,0,4
533401053,0,,,133,67,66,15,8,7,117,58,59,62,32,30,114,57,57,113,56,57,55,26,29,30,12,18,13,4,9,2,1,1,1,0,1,53,53,20,11,8,8,2,3,1,33,23,10,4,39,0,15,7
533401054,0,,,132,61,71,12,5,7,120,56,64,73,37,36,117,55,62,115,53,62,47,19,28,24,6,18,10,2,8,0,0,0,0,0,0,47,47,9,15,7,9,6,1,0,38,27,11,3,33,0,9,6
533401061,0,,,27,15,12,4,3,1,23,12,11,13,8,5,23,12,11,23,12,11,10,4,6,5,2,3,1,0,1,0,0,0,1,0,1,8,8,0,4,1,2,0,0,1,8,5,3,1,6,0,0,2
533401063,0,,,318,148,170,33,20,13,284,127,157,145,68,77,279,125,154,277,123,154,139,59,80,70,24,46,28,8,20,1,1,0,10,1,9,134,133,52,35,21,9,8,4,4,80,53,27,6,95,6,26,18
533401064,0,,,35,17,18,3,1,2,32,16,16,21,12,9,30,15,15,29,15,14,11,4,7,5,1,4,4,1,3,1,0,1,0,0,0,9,9,0,2,2,3,0,1,1,9,6,3,1,6,0,0,1
533401101,2,533401001,,1,0,1,*,*,*,*,*,*,*,*,*,*,*,*,*,*,*,*,*,*,*,*,*,*,*,*,*,*,*,*,*,*,1,1,*,*,*,*,*,*,*,*,*,*,*,*,*,*,*
533401122,2,533401123,,16,6,10,*,*,*,*,*,*,*,*,*,*,*,*,*,*,*,*,*,*,*,*,*,*,*,*,*,*,*,*,*,*,3,2,*,*,*,*,*,*,*,*,*,*,*,*,*,*,*
533401123,1,,533401122,55,22,33,5,1,4,66,27,39,31,12,19,64,25,39,64,25,39,35,15,20,20,8,12,12,4,8,1,0,1,0,0,0,19,19,4,4,7,4,1,0,1,17,6,11,2,18,0,3,2
533401131,0,,,26,12,14,1,1,0,25,11,14,15,8,7,24,10,14,24,10,14,10,3,7,6,1,5,3,0,3,0,0,0,0,0,0,9,9,1,2,5,0,0,1,0,8,4,4,0,7,0,0,0
533401132,0,,,56,27,29,1,1,0,55,26,29,24,12,12,54,25,29,52,24,28,31,14,17,13,6,7,3,0,3,0,0,0,0,0,0,18,18,1,7,5,1,2,2,0,16,10,6,0,16,0,1,4
533401141,2,533401043,,11,5,6,*,*,*,*,*,*,*,*,*,*,*,*,*,*,*,*,*,*,*,*,*,*,*,*,*,*,*,*,*,*,3,3,*,*,*,*,*,*,*,*,*,*,*,*,*,*,*
533401152,0,,,43,21,22,3,1,2,40,20,20,20,10,10,38,18,20,38,18,20,20,10,10,8,4,4,3,0,3,0,0,0,0,0,0,18,18,7,4,3,2,1,1,0,10,9,1,1,14,0,6,2
533401161,0,,,254,111,143,28,11,17,226,100,126,122,54,68,210,93,117,204,90,114,104,46,58,62,25,37,21,6,15,4,1,3,0,0,0,96,95,27,30,13,9,13,3,0,67,50,17,4,63,1,16,18
533401162,0,,,181,84,97,12,6,6,169,78,91,76,41,35,165,76,89,164,75,89,93,37,56,47,16,31,16,3,13,1,1,0,0,0,0,72,72,22,24,9,8,5,2,2,50,34,16,2,63,0,18,17
533401163,0,,,27,15,12,0,0,0,27,15,12,16,11,5,27,15,12,26,14,12,11,4,7,6,1,5,3,1,2,0,0,0,0,0,0,12,12,3,5,2,2,0,0,0,9,7,2,0,9,0,1,1
533401173,2,533401271,,1,0,1,*,*,*,*,*,*,*,*,*,*,*,*,*,*,*,*,*,*,*,*,*,*,*,*,*,*,*,*,*,*,1,1,*,*,*,*,*,*,*,*,*,*,*,*,*,*,*
533401183,0,,,69,35,34,8,4,4,61,31,30,33,18,15,61,31,30,61,31,30,28,13,15,15,6,9,10,4,6,0,0,0,0,0,0,18,18,1,5,5,1,2,0,4,17,9,8,2,16,0,1,2
533401204,2,533401302,,4,2,2,*,*,*,*,*,*,*,*,*,*,*,*,*,*,*,*,*,*,*,*,*,*,*,*,*,*,*,*,*,*,2,2,*,*,*,*,*,*,*,*,*,*,*,*,*,*,*
533401212,0,,,34,20,14,2,1,1,32,19,13,8,5,3,32,19,13,32,19,13,24,14,10,13,8,5,7,5,2,2,2,0,0,0,0,18,18,9,6,1,0,2,0,0,9,7,2,1,18,0,9,3
533401221,0,,,16,7,9,1,0,1,15,7,8,8,4,4,14,7,7,14,7,7,7,3,4,5,2,3,2,0,2,2,0,2,0,0,0,5,5,0,1,2,2,0,0,0,5,3,2,0,3,0,0,1
533401241,2,533401243,,3,1,2,*,*,*,*,*,*,*,*,*,*,*,*,*,*,*,*,*,*,*,*,*,*,*,*,*,*,*,*,*,*,2,2,*,*,*,*,*,*,*,*,*,*,*,*,*,*,*
533401243,1,,533401241,101,49,52,10,6,4,94,44,50,52,27,25,90,41,49,88,41,47,42,17,25,31,12,19,12,7,5,1,0,1,0,0,0,31,31,4,12,6,3,4,2,2,29,14,15,2,27,0,3,6
533401252,1,,533401254,26,13,13,3,1,2,27,13,14,16,10,6,27,13,14,27,13,14,11,3,8,5,0,5,4,0,4,1,0,1,0,0,0,8,8,2,1,1,2,3,0,0,7,3,4,1,5,0,0,1
533401254,2,533401252,,4,1,3,*,*,*,*,*,*,*,*,*,*,*,*,*,*,*,*,*,*,*,*,*,*,*,*,*,*,*,*,*,*,1,1,*,*,*,*,*,*,*,*,*,*,*,*,*,*,*
533401261,1,,533401263,155,75,80,15,6,9,146,73,73,91,46,45,138,68,70,134,65,69,55,27,28,23,11,12,10,4,6,0,0,0,1,0,1,51,51,10,10,14,9,7,3,0,43,31,12,3,33,0,5,8
533401262,0,,,277,132,145,34,17,17,243,115,128,143,73,70,230,107,123,223,106,117,100,42,58,37,12,25,16,4,12,1,0,1,2,1,1,85,85,11,22,18,17,8,4,5,74,49,25,8,60,0,9,12
533401263,2,533401261,,6,4,2,*,*,*,*,*,*,*,*,*,*,*,*,*,*,*,*,*,*,*,*,*,*,*,*,*,*,*,*,*,*,2,2,*,*,*,*,*,*,*,*,*,*,*,*,*,*,*
533401264,0,,,225,103,122,40,21,19,184,81,103,117,52,65,180,79,101,179,79,100,67,29,38,31,9,22,13,3,10,0,0,0,0,0,0,77,76,13,19,18,19,5,2,0,63,51,12,13,41,1,7,7
533401271,1,,533401173,74,34,40,8,2,6,61,29,32,39,20,19,61,29,32,59,29,30,22,9,13,10,4,6,4,1,3,0,0,0,0,0,0,30,30,8,9,11,1,0,2,0,22,17,5,4,13,2,0,4
533401272,0,,,83,35,48,16,7,9,67,28,39,33,16,17,67,28,39,67,28,39,34,12,22,16,4,12,9,2,7,1,0,1,0,0,0,25,25,4,10,1,3,3,0,4,21,13,8,5,23,0,4,3
533401274,0,,,20,11,9,3,2,1,17,9,8,10,5,5,16,9,7,16,9,7,7,4,3,3,2,1,0,0,0,0,0,0,0,0,0,6,6,3,0,1,0,0,1,1,3,1,2,1,4,0,1,0
533401281,0,,,37,14,23,1,1,0,36,13,23,20,5,15,35,13,22,34,13,21,16,8,8,8,4,4,4,1,3,0,0,0,0,0,0,11,11,2,3,2,0,2,1,1,9,4,5,0,9,0,1,1
533401302,1,,533401204,60,26,34,0,0,0,64,28,36,25,11,14,63,27,36,61,27,34,39,17,22,27,11,16,14,5,9,0,0,0,0,0,0,27,27,8,12,5,3,1,0,0,21,14,7,0,25,0,7,7
533401333,1,,533401334,135,70,65,14,10,4,127,63,64,65,36,29,126,62,64,126,62,64,62,27,35,39,16,23,15,5,10,2,1,1,0,0,0,44,44,10,11,10,5,2,3,4,35,20,15,5,38,0,7,3
533401334,2,533401333,,6,3,3,*,*,*,*,*,*,*,*,*,*,*,*,*,*,*,*,*,*,*,*,*,*,*,*,*,*,*,*,*,*,1,1,*,*,*,*,*,*,*,*,*,*,*,*,*,*,*
533401343,0,,,33,20,13,4,3,1,29,17,12,15,8,7,27,16,11,27,16,11,14,9,5,6,5,1,1,1,0,0,0,0,0,0,0,9,9,1,2,3,0,0,2,1,8,3,5,1,9,0,1,2
533401362,0,,,53,24,29,3,0,3,50,24,26,27,15,12,50,24,26,49,23,26,23,9,14,9,3,6,1,0,1,0,0,0,0,0,0,18,18,2,5,7,2,1,0,1,16,12,4,2,15,0,1,4
533401364,0,,,72,36,36,8,4,4,64,32,32,35,18,17,61,29,32,60,28,32,29,14,15,12,6,6,3,1,2,2,0,2,0,0,0,27,27,7,8,4,5,2,0,1,20,15,5,1,19,0,3,4
533401373,2,533401471,,5,2,3,*,*,*,*,*,*,*,*,*,*,*,*,*,*,*,*,*,*,*,*,*,*,*,*,*,*,*,*,*,*,2,2,*,*,*,*,*,*,*,*,*,*,*,*,*,*,*
533401412,0,,,117,54,63,10,4,6,107,50,57,50,23,27,102,49,53,101,48,53,57,27,30,28,12,16,15,5,10,3,0,3,0,0,0,33,33,4,12,3,7,0,2,5,29,14,15,1,31,0,4,8
533401414,0,,,49,23,26,7,5,2,42,18,24,20,10,10,39,17,22,39,17,22,22,8,14,15,4,11,8,2,6,1,0,1,1,0,1,16,16,2,5,3,3,2,1,0,14,9,5,1,13,0,2,4
533401432,2,533401441,,8,5,3,*,*,*,*,*,*,*,*,*,*,*,*,*,*,*,*,*,*,*,*,*,*,*,*,*,*,*,*,*,*,3,3,*,*,*,*,*,*,*,*,*,*,*,*,*,*,*
533401441,1,,533401432;533401443,43,20,23,4,3,1,48,22,26,22,9,13,47,22,25,47,22,25,26,13,13,9,3,6,3,1,2,1,0,1,0,0,0,14,14,3,7,2,2,3,1,0,15,10,5,1,15,0,2,7
533401442,0,,,14,7,7,3,3,0,11,4,7,4,2,2,11,4,7,11,4,7,7,2,5,3,0,3,2,0,2,0,0,0,0,0,0,6,6,2,2,1,0,1,0,0,4,3,1,0,5,0,2,1
533401443,2,533401441,,1,0,1,*,*,*,*,*,*,*,*,*,*,*,*,*,*,*,*,*,*,*,*,*,*,*,*,*,*,*,*,*,*,1,1,*,*,*,*,*,*,*,*,*,*,*,*,*,*,*
533401444,0,,,52,25,27,4,2,2,48,23,25,16,8,8,47,23,24,47,23,24,32,15,17,13,5,8,6,1,5,0,0,0,1,0,1,18,18,3,6,3,2,4,0,0,15,8,7,1,17,0,3,5
533401452,2,533401454,,8,5,3,*,*,*,*,*,*,*,*,*,*,*,*,*,*,*,*,*,*,*,*,*,*,*,*,*,*,*,*,*,*,2,2,*,*,*,*,*,*,*,*,*,*,*,*,*,*,*
533401453,0,,,31,14,17,8,3,5,23,11,12,16,8,8,22,10,12,22,10,12,7,3,4,4,1,3,1,0,1,0,0,0,0,0,0,10,10,2,2,2,1,3,0,0,8,6,2,2,6,0,2,1
533401454,1,,533401452,35,17,18,2,1,1,41,21,20,20,12,8,40,20,20,39,19,20,21,9,12,10,3,7,4,0,4,1,0,1,0,0,0,12,12,1,5,3,3,1,1,0,13,7,6,0,11,0,0,2
533401463,0,,,47,24,23,6,3,3,41,21,20,25,14,11,40,20,20,40,20,20,16,7,9,9,3,6,6,2,4,0,0,0,0,0,0,14,14,1,4,3,4,1,0,1,12,7,5,1,11,0,1,1
533401464,0,,,36,16,20,8,3,5,28,13,15,16,7,9,27,13,14,27,13,14,12,6,6,4,1,3,2,0,2,0,0,0,0,0,0,9,9,2,0,2,2,0,1,2,7,2,5,2,7,0,1,0
533401471,1,,533401373,73,29,44,10,3,7,68,28,40,43,18,25,66,27,39,66,27,39,25,10,15,12,4,8,6,2,4,0,0,0,0,0,0,19,19,1,8,5,1,3,0,3,20,9,11,2,15,0,1,1
533401473,0,,,50,29,21,5,3,2,45,26,19,23,15,8,44,25,19,44,25,19,22,11,11,12,6,6,4,1,3,0,0,0,0,0,0,18,18,3,7,3,3,1,0,1,15,11,4,1,13,0,1,3
533401492,0,,,53,28,25,10,5,5,43,23,20,30,18,12,42,22,20,40,21,19,13,5,8,5,1,4,2,0,2,0,0,0,0,0,0,12,12,1,2,1,2,1,3,2,11,5,6,2,8,0,0,1
533401494,0,,,94,44,50,7,3,4,87,41,46,39,20,19,86,41,45,86,41,45,48,21,27,21,7,14,10,2,8,1,0,1,0,0,0,34,34,6,12,6,6,2,2,0,28,19,9,2,26,0,5,5
533401501,2,533401503,,3,2,1,*,*,*,*,*,*,*,*,*,*,*,*,*,*,*,*,*,*,*,*,*,*,*,*,*,*,*,*,*,*,2,2,*,*,*,*,*,*,*,*,*,*,*,*,*,*,*
533401503,1,,533401501,101,48,53,6,2,4,98,48,50,39,16,23,97,48,49,95,47,48,59,32,27,34,17,17,12,6,6,1,0,1,0,0,0,43,43,12,19,8,2,2,2,0,33,24,9,2,37,0,9,11
533401513,2,533401602,,4,2,2,*,*,*,*,*,*,*,*,*,*,*,*,*,*,*,*,*,*,*,*,*,*,*,*,*,*,*,*,*,*,2,2,*,*,*,*,*,*,*,*,*,*,*,*,*,*,*
533401524,0,,,57,27,30,3,3,0,54,24,30,23,12,11,51,24,27,49,23,26,31,12,19,14,4,10,5,0,5,1,0,1,0,0,0,19,19,2,5,7,3,1,0,1,17,11,6,0,17,0,2,4
533401531,0,,,35,17,18,2,1,1,33,16,17,13,7,6,33,16,17,33,16,17,20,9,11,11,6,5,1,0,1,0,0,0,0,0,0,15,15,2,7,5,1,0,0,0,13,12,1,1,13,0,1,4
533401532,0,,,38,18,20,4,2,2,34,16,18,19,10,9,34,16,18,34,16,18,15,6,9,4,1,3,3,0,3,0,0,0,0,0,0,11,11,0,4,2,4,0,0,1,11,7,4,2,9,0,0,1
533401533,0,,,108,52,56,4,3,1,104,49,55,55,26,29,102,48,54,102,48,54,49,23,26,27,11,16,8,3,5,0,0,0,0,0,0,40,40,7,14,8,6,5,0,0,33,24,9,1,30,0,4,13
533401534,0,,,105,51,54,3,2,1,102,49,53,59,35,24,102,49,53,102,49,53,43,14,29,21,7,14,5,1,4,0,0,0,0,0,0,43,43,12,15,7,5,3,0,1,31,24,7,2,32,0,10,7
533401543,0,,,31,15,16,2,1,1,29,14,15,18,9,9,27,12,15,26,11,15,11,5,6,7,2,5,4,1,3,0,0,0,0,0,0,10,10,1,4,2,0,2,1,0,9,6,3,0,8,0,0,3
533401552,0,,,154,74,80,13,8,5,141,66,75,77,38,39,137,63,74,136,63,73,64,28,36,28,7,21,14,3,11,1,0,1,0,0,0,52,52,7,17,11,8,6,3,0,45,23,22,1,41,0,5,8
533401554,0,,,318,155,163,37,17,20,280,137,143,180,95,85,266,133,133,261,131,130,100,42,58,49,17,32,10,2,8,1,0,1,0,0,0,100,100,21,24,16,17,8,8,6,77,42,35,11,74,0,14,6
533401561,0,,,97,47,50,11,4,7,86,43,43,55,31,24,85,42,43,84,42,42,31,12,19,13,3,10,6,1,5,1,1,0,0,0,0,33,33,8,6,9,2,7,0,1,25,12,13,4,24,0,3,1
533401562,1,,533401564,117,56,61,18,9,9,110,53,57,55,29,26,107,52,55,105,51,54,55,24,31,25,11,14,7,2,5,1,0,1,0,0,0,36,36,5,13,6,5,1,4,4,33,17,16,3,32,0,4,7
533401563,0,,,13,6,7,3,2,1,10,4,6,8,3,5,10,4,6,10,4,6,2,1,1,2,1,1,0,0,0,0,0,0,0,0,0,4,4,0,1,1,2,0,0,0,4,2,2,1,1,0,0,1
533401564,2,533401562,,11,6,5,*,*,*,*,*,*,*,*,*,*,*,*,*,*,*,*,*,*,*,*,*,*,*,*,*,*,*,*,*,*,2,2,*,*,*,*,*,*,*,*,*,*,*,*,*,*,*
533401571,0,,,69,32,37,7,3,4,62,29,33,35,17,18,61,29,32,60,29,31,27,12,15,15,6,9,7,3,4,0,0,0,0,0,0,26,26,6,8,5,5,0,2,0,20,13,7,2,19,0,4,3
533401592,0,,,69,31,38,5,4,1,64,27,37,28,12,16,63,27,36,63,27,36,36,15,21,14,4,10,7,1,6,2,0,2,0,0,0,26,26,6,8,7,2,1,1,1,20,15,5,1,21,0,5,6
533401594,0,,,85,34,51,14,6,8,71,28,43,53,21,32,69,28,41,68,27,41,18,7,11,9,4,5,5,2,3,0,0,0,1,0,1,29,29,3,9,9,5,1,2,0,26,21,5,3,12,0,2,3
533401601,0,,,73,38,35,5,2,3,68,36,32,37,19,18,64,33,31,64,33,31,31,17,14,17,8,9,11,4,7,1,1,0,0,0,0,27,27,4,10,8,1,3,1,0,23,15,8,1,22,0,3,6
533401602,1,,533401513,20,10,10,0,0,0,24,12,12,11,5,6,24,12,12,24,12,12,13,7,6,9,4,5,4,2,2,1,1,0,0,0,0,10,10,5,4,1,2,0,0,0,7,5,2,0,9,0,2,1
533401611,0,,,65,32,33,5,2,3,59,29,30,27,16,11,57,28,29,56,27,29,32,13,19,16,4,12,5,1,4,0,0,0,0,0,0,24,24,6,7,6,1,2,1,1,18,11,7,0,18,0,3,5
533401612,1,,533401613,54,21,33,2,0,2,59,24,35,35,13,22,56,23,33,55,22,33,24,11,13,10,3,7,4,0,4,0,0,0,0,0,0,15,15,1,4,4,3,2,3,0,16,8,8,0,14,0,1,3
533401613,2,533401612,,7,3,4,*,*,*,*,*,*,*,*,*,*,*,*,*,*,*,*,*,*,*,*,*,*,*,*,*,*,*,*,*,*,2,2,*,*,*,*,*,*,*,*,*,*,*,*,*,*,*
533401621,1,,533401623,40,19,21,2,1,1,41,19,22,28,15,13,41,19,22,38,17,21,13,4,9,5,1,4,1,0,1,0,0,0,0,0,0,16,16,5,5,4,4,0,0,0,13,8,5,1,11,0,3,1
533401623,2,533401621,,3,1,2,*,*,*,*,*,*,*,*,*,*,*,*,*,*,*,*,*,*,*,*,*,*,*,*,*,*,*,*,*,*,2,2,*,*,*,*,*,*,*,*,*,*,*,*,*,*,*
533401632,2,533401634,,13,8,5,*,*,*,*,*,*,*,*,*,*,*,*,*,*,*,*,*,*,*,*,*,*,*,*,*,*,*,*,*,*,3,3,*,*,*,*,*,*,*,*,*,*,*,*,*,*,*
533401634,1,,533401632,11,5,6,2,2,0,22,11,11,14,8,6,22,11,11,22,11,11,8,3,5,2,0,2,2,0,2,0,0,0,0,0,0,4,4,0,1,5,0,0,0,1,7,3,4,1,6,0,0,0
533401641,2,533401644,,1,1,0,*,*,*,*,*,*,*,*,*,*,*,*,*,*,*,*,*,*,*,*,*,*,*,*,*,*,*,*,*,*,1,1,*,*,*,*,*,*,*,*,*,*,*,*,*,*,*
533401643,2,533401644,,3,2,1,*,*,*,*,*,*,*,*,*,*,*,*,*,*,*,*,*,*,*,*,*,*,*,*,*,*,*,*,*,*,1,1,*,*,*,*,*,*,*,*,*,*,*,*,*,*,*
533401644,1,,533401641;533401643,115,59,56,6,3,3,113,59,54,49,28,21,111,57,54,111,57,54,64,31,33,38,15,23,16,6,10,2,0,2,1,0,1,40,40,8,16,8,3,1,4,2,34,23,11,3,39,0,7,9
533401652,1,,533401661,137,73,64,10,5,5,129,69,60,83,47,36,123,65,58,123,65,58,46,22,24,17,5,12,10,3,7,0,0,0,0,0,0,51,51,12,15,12,8,3,1,1,40,31,9,0,29,0,6,4
533401653,0,,,39,20,19,4,2,2,35,18,17,19,10,9,35,18,17,35,18,17,16,8,8,9,4,5,4,1,3,2,1,1,0,0,0,13,13,3,2,4,2,0,2,0,10,5,5,2,10,0,2,1
533401654,0,,,150,74,76,15,9,6,135,65,70,74,38,36,135,65,70,134,65,69,61,27,34,32,15,17,8,1,7,1,0,1,0,0,0,50,50,8,15,9,10,5,1,2,42,22,20,4,38,0,6,8
533401661,2,533401652,,2,1,1,*,*,*,*,*,*,*,*,*,*,*,*,*,*,*,*,*,*,*,*,*,*,*,*,*,*,*,*,*,*,1,1,*,*,*,*,*,*,*,*,*,*,*,*,*,*,*
533401673,2,533401674,,3,1,2,*,*,*,*,*,*,*,*,*,*,*,*,*,*,*,*,*,*,*,*,*,*,*,*,*,*,*,*,*,*,1,1,*,*,*,*,*,*,*,*,*,*,*,*,*,*,*
533401674,1,,533401673;533401683,64,33,31,8,5,3,63,30,33,28,12,16,62,30,32,62,30,32,35,18,17,12,3,9,7,2,5,0,0,0,1,0,1,22,22,6,3,9,2,1,2,1,18,11,7,1,22,0,6,0
533401683,2,533401674,,4,1,3,*,*,*,*,*,*,*,*,*,*,*,*,*,*,*,*,*,*,*,*,*,*,*,*,*,*,*,*,*,*,1,1,*,*,*,*,*,*,*,*,*,*,*,*,*,*,*
533401691,2,533401692,,6,3,3,*,*,*,*,*,*,*,*,*,*,*,*,*,*,*,*,*,*,*,*,*,*,*,*,*,*,*,*,*,*,1,1,*,*,*,*,*,*,*,*,*,*,*,*,*,*,*
533401692,1,,533401691,89,43,46,7,4,3,88,42,46,45,24,21,86,40,46,85,40,45,43,18,25,22,11,11,9,4,5,0,0,0,0,0,0,30,30,4,12,5,2,5,2,1,27,19,8,0,25,0,3,6
533401693,0,,,174,83,91,27,15,12,147,68,79,96,46,50,137,64,73,129,62,67,51,22,29,19,8,11,5,1,4,0,0,0,0,0,0,59,59,12,13,14,12,5,2,1,47,40,7,5,32,0,7,6
533401694,0,,,203,95,108,29,11,18,174,84,90,106,53,53,170,83,87,168,82,86,68,31,37,39,15,24,15,4,11,1,0,1,1,0,1,61,61,12,14,8,9,9,5,4,49,24,25,9,44,0,7,5
533401743,2,533401744,,12,4,8,*,*,*,*,*,*,*,*,*,*,*,*,*,*,*,*,*,*,*,*,*,*,*,*,*,*,*,*,*,*,4,4,*,*,*,*,*,*,*,*,*,*,*,*,*,*,*
533401744,1,,533401743,11,5,6,1,1,0,22,8,14,12,4,8,22,8,14,22,8,14,10,4,6,5,2,3,4,2,2,1,0,1,0,0,0,4,4,0,2,5,1,0,0,0,8,5,3,1,6,0,0,2
533401751,1,,533401752,48,23,25,4,3,1,48,22,26,22,12,10,45,20,25,45,20,25,26,10,16,14,4,10,5,1,4,0,0,0,0,0,0,16,16,3,5,6,1,2,0,1,15,10,5,0,15,0,2,3
533401752,2,533401751,,4,2,2,*,*,*,*,*,*,*,*,*,*,*,*,*,*,*,*,*,*,*,*,*,*,*,*,*,*,*,*,*,*,2,2,*,*,*,*,*,*,*,*,*,*,*,*,*,*,*
533401753,0,,,15,7,8,3,2,1,12,5,7,5,3,2,12,5,7,11,5,6,7,2,5,2,0,2,1,0,1,1,0,1,0,0,0,5,5,0,2,1,2,0,0,0,5,4,1,0,4,0,0,1
533401754,0,,,191,94,97,24,12,12,167,82,85,101,54,47,163,80,83,161,80,81,66,28,38,33,12,21,17,5,12,1,0,1,1,0,1,68,68,16,22,9,10,6,2,3,52,35,17,4,43,0,7,7
533401761,0,,,53,26,27,8,5,3,45,21,24,21,11,10,42,20,22,42,20,22,24,10,14,8,3,5,5,1,4,0,0,0,1,0,1,12,12,0,2,0,5,3,0,2,11,2,9,0,12,0,0,1
533401762,0,,,15,6,9,1,0,1,14,6,8,4,2,2,14,6,8,14,6,8,10,4,6,3,0,3,3,0,3,1,0,1,0,0,0,5,5,0,2,2,0,1,0,0,5,2,3,0,5,0,0,1
533401763,0,,,63,29,34,8,2,6,55,27,28,30,13,17,54,27,27,53,26,27,25,14,11,6,2,4,3,1,2,0,0,0,0,0,0,20,20,1,7,7,2,0,2,1,18,12,6,2,16,0,1,5
533401764,0,,,71,34,37,5,2,3,66,32,34,39,23,16,65,31,34,62,30,32,27,9,18,13,3,10,4,0,4,0,0,0,0,0,0,25,25,5,7,7,1,4,0,1,20,14,6,1,17,0,4,2
533401771,0,,,107,54,53,4,0,4,103,54,49,62,35,27,102,53,49,101,52,49,41,19,22,25,8,17,14,5,9,0,0,0,1,1,0,39,39,9,12,6,8,2,0,2,30,16,14,0,29,0,7,6
533401773,0,,,118,59,59,17,7,10,101,52,49,67,37,30,94,46,48,92,46,46,34,15,19,23,10,13,8,4,4,0,0,0,0,0,0,33,33,4,7,5,7,5,3,2,29,15,14,5,21,0,2,3
533401774,0,,,207,102,105,24,15,9,183,87,96,119,57,62,181,87,94,177,84,93,64,30,34,37,17,20,8,5,3,0,0,0,0,0,0,70,70,12,19,17,10,7,4,1,58,39,19,8,40,0,7,8
533401781,2,533401783,,5,3,2,*,*,*,*,*,*,*,*,*,*,*,*,*,*,*,*,*,*,*,*,*,*,*,*,*,*,*,*,*,*,3,3,*,*,*,*,*,*,*,*,*,*,*,*,*,*,*
533401782,0,,,126,62,64,11,4,7,115,58,57,74,40,34,110,53,57,108,52,56,41,18,23,13,3,10,4,1,3,0,0,0,1,0,1,46,46,6,17,11,8,3,1,0,40,30,10,3,30,0,5,5
533401783,1,,533401781,103,49,54,7,3,4,101,49,52,58,31,27,99,48,51,99,48,51,43,18,25,18,4,14,5,2,3,0,0,0,1,0,1,39,39,11,11,10,6,3,1,0,31,24,7,2,33,0,9,3
533401784,0,,,36,22,14,4,3,1,32,19,13,23,15,8,28,16,12,28,16,12,9,4,5,3,1,2,1,0,1,0,0,0,0,0,0,13,13,3,2,5,1,2,0,0,10,8,2,0,4,2,0,1
533401791,0,,,26,13,13,2,0,2,24,13,11,19,12,7,22,11,11,22,11,11,5,1,4,1,0,1,0,0,0,0,0,0,0,0,0,9,9,1,3,1,4,0,0,0,8,7,1,0,4,0,1,1
533401792,0,,,492,243,249,48,26,22,444,217,227,233,118,115,437,214,223,429,209,220,211,99,112,104,43,61,34,10,24,2,0,2,0,0,0,169,169,27,56,37,27,10,4,8,142,95,47,10,131,0,20,34
533401793,0,,,12,6,6,0,0,0,12,6,6,8,4,4,11,5,6,10,5,5,4,2,2,1,0,1,0,0,0,0,0,0,0,0,0,4,4,0,2,1,0,1,0,0,4,3,1,0,3,0,0,1
533401794,0,,,61,22,39,5,3,2,56,19,37,20,12,8,55,18,37,54,17,37,36,7,29,34,5,29,28,3,25,5,0,5,0,0,0,10,9,1,1,3,1,2,1,0,8,6,2,1,5,0,1,0
533401813,2,533401814,,6,4,2,*,*,*,*,*,*,*,*,*,*,*,*,*,*,*,*,*,*,*,*,*,*,*,*,*,*,*,*,*,*,3,3,*,*,*,*,*,*,*,*,*,*,*,*,*,*,*
533401814,1,,533401813;533401823,162,80,82,7,4,3,166,83,83,82,43,39,164,82,82,164,82,82,84,40,44,47,17,30,16,6,10,1,0,1,0,0,0,58,58,11,29,10,8,4,0,3,54,39,15,1,54,0,7,11
533401823,2,533401814,,5,3,2,*,*,*,*,*,*,*,*,*,*,*,*,*,*,*,*,*,*,*,*,*,*,*,*,*,*,*,*,*,*,4,4,*,*,*,*,*,*,*,*,*,*,*,*,*,*,*
533401842,2,533401844,,5,3,2,*,*,*,*,*,*,*,*,*,*,*,*,*,*,*,*,*,*,*,*,*,*,*,*,*,*,*,*,*,*,2,2,*,*,*,*,*,*,*,*,*,*,*,*,*,*,*
533401844,1,,533401842,31,13,18,3,1,2,33,15,18,15,9,6,33,15,18,33,15,18,18,6,12,11,3,8,5,0,5,1,0,1,0,0,0,11,11,5,1,2,4,0,0,1,8,4,4,0,10,0,4,1
533401851,0,,,41,22,19,3,1,2,38,21,17,19,11,8,38,21,17,38,21,17,19,10,9,10,5,5,2,1,1,0,0,0,0,0,0,12,12,2,2,4,1,1,1,1,9,6,3,2,11,0,2,2
533401852,0,,,49,22,27,7,3,4,39,17,22,28,13,15,36,15,21,36,15,21,11,4,7,8,4,4,4,2,2,0,0,0,0,0,0,16,16,2,6,3,2,1,1,1,12,8,4,3,7,0,0,1
533401853,2,533401854,,6,3,3,*,*,*,*,*,*,*,*,*,*,*,*,*,*,*,*,*,*,*,*,*,*,*,*,*,*,*,*,*,*,3,3,*,*,*,*,*,*,*,*,*,*,*,*,*,*,*
533401854,1,,533401853,308,148,160,44,18,26,266,131,135,184,97,87,259,126,133,256,123,133,82,34,48,42,15,27,20,8,12,1,0,1,1,0,1,105,105,22,32,17,20,6,10,1,84,57,27,11,58,1,11,7
533401861,0,,,166,77,89,20,9,11,146,68,78,86,44,42,144,66,78,144,66,78,60,24,36,43,15,28,20,5,15,2,0,2,2,0,2,57,55,13,17,10,8,2,4,1,42,26,16,8,33,0,5,8
533401862,0,,,89,41,48,14,8,6,75,33,42,37,19,18,74,32,42,73,32,41,38,14,24,19,8,11,5,1,4,1,0,1,0,0,0,31,31,3,10,9,6,3,0,0,28,19,9,3,24,0,3,5
533401863,0,,,260,108,152,21,7,14,239,101,138,116,57,59,235,99,136,233,99,134,123,44,79,74,19,55,49,11,38,13,1,12,1,0,1,91,90,21,28,17,17,3,4,0,69,48,21,6,68,0,18,11
533401864,0,,,24,12,12,1,0,1,23,12,11,12,7,5,23,12,11,23,12,11,11,5,6,5,2,3,3,1,2,0,0,0,0,0,0,7,7,1,2,2,0,0,1,1,6,3,3,1,7,0,1,1
533401871,0,,,92,19,73,3,0,3,89,19,70,6,3,3,89,19,70,89,19,70,83,16,67,77,11,66,61,6,55,21,0,21,0,0,0,7,6,1,2,2,0,1,0,0,5,4,1,1,5,0,1,2
533401872,0,,,22,10,12,4,2,2,18,8,10,10,4,6,17,7,10,17,7,10,8,4,4,1,0,1,1,0,1,0,0,0,0,0,0,5,5,0,1,2,0,0,0,2,5,2,3,1,5,0,0,1
533401873,0,,,10,4,6,0,0,0,10,4,6,2,1,1,10,4,6,10,4,6,8,3,5,4,1,3,3,1,2,0,0,0,0,0,0,4,4,1,1,1,1,0,0,0,3,2,1,0,4,0,1,1
533401874,0,,,25,11,14,2,1,1,23,10,13,12,6,6,23,10,13,23,10,13,11,4,7,7,2,5,2,0,2,0,0,0,0,0,0,8,8,1,2,2,2,0,1,0,7,4,3,0,6,0,1,1
533401881,0,,,217,99,118,20,7,13,197,92,105,98,45,53,195,91,104,194,91,103,99,47,52,45,18,27,19,8,11,0,0,0,0,0,0,71,71,13,19,14,9,12,2,2,58,32,26,3,62,0,10,13
533401882,0,,,129,56,73,17,5,12,112,51,61,58,27,31,109,49,60,108,48,60,54,24,30,27,10,17,7,2,5,0,0,0,4,0,4,42,42,9,9,10,5,5,2,2,33,21,12,4,33,1,4,7
533401883,0,,,72,40,32,8,6,2,64,34,30,41,23,18,61,31,30,59,29,30,23,11,12,11,6,5,6,4,2,0,0,0,4,0,4,24,24,6,5,4,3,4,2,0,18,10,8,2,16,0,2,1
533401884,0,,,85,39,46,7,5,2,78,34,44,52,24,28,76,33,43,72,33,39,26,10,16,12,3,9,6,0,6,0,0,0,0,0,0,30,30,8,6,7,4,3,1,1,22,14,8,1,17,4,3,2
533401891,0,,,111,49,62,3,1,2,108,48,60,70,31,39,104,47,57,102,47,55,38,17,21,15,3,12,8,1,7,1,0,1,0,0,0,37,37,5,11,8,9,2,1,1,31,19,12,1,27,0,2,4
533401892,0,,,279,137,142,45,27,18,234,110,124,145,72,73,228,108,120,224,106,118,89,38,51,39,13,26,13,4,9,0,0,0,0,0,0,90,90,14,27,19,10,10,8,2,75,50,25,12,64,0,11,9
533401894,0,,,442,211,231,51,28,23,391,183,208,250,117,133,375,174,201,366,170,196,141,66,75,71,31,40,18,9,9,1,1,0,0,0,0,164,164,32,54,36,24,11,6,1,132,111,21,11,95,0,23,30
533401921,1,,533401924,33,16,17,4,1,3,44,21,23,25,13,12,40,20,20,40,20,20,19,8,11,7,2,5,2,0,2,0,0,0,0,0,0,14,14,5,6,1,2,1,0,2,12,7,5,0,14,0,4,3
533401924,2,533401921,,15,6,9,*,*,*,*,*,*,*,*,*,*,*,*,*,*,*,*,*,*,*,*,*,*,*,*,*,*,*,*,*,*,3,3,*,*,*,*,*,*,*,*,*,*,*,*,*,*,*
533401931,1,,533401934,24,10,14,4,2,2,26,11,15,16,7,9,25,11,14,25,11,14,10,4,6,5,2,3,0,0,0,0,0,0,1,0,1,5,5,0,3,0,2,2,1,0,8,3,5,0,7,0,0,2
533401933,0,,,21,8,13,1,0,1,20,8,12,16,6,10,18,8,10,17,8,9,4,2,2,4,2,2,3,1,2,0,0,0,0,0,0,7,7,2,1,2,0,1,1,0,5,2,3,0,4,0,1,0
533401934,2,533401931,,6,3,3,*,*,*,*,*,*,*,*,*,*,*,*,*,*,*,*,*,*,*,*,*,*,*,*,*,*,*,*,*,*,3,3,*,*,*,*,*,*,*,*,*,*,*,*,*,*,*
533401952,0,,,397,209,188,53,32,21,338,175,163,258,132,126,327,165,162,317,161,156,80,43,37,38,21,17,11,6,5,2,0,2,1,0,1,134,134,17,42,25,34,12,3,1,114,98,16,12,52,1,5,15
533401954,0,,,69,33,36,5,3,2,64,30,34,44,24,20,61,29,32,58,27,31,20,6,14,8,2,6,1,0,1,0,0,0,0,0,0,25,25,2,10,6,6,1,0,0,23,18,5,3,14,0,2,3
533401961,0,,,233,112,121,35,19,16,190,88,102,130,63,67,180,83,97,174,80,94,60,25,35,31,13,18,7,3,4,0,0,0,0,0,0,85,85,19,22,17,19,5,3,0,64,52,12,8,39,2,9,9
533401962,0,,,10,5,5,0,0,0,10,5,5,3,2,1,10,5,5,10,5,5,7,3,4,5,2,3,3,1,2,0,0,0,0,0,0,6,6,3,2,1,0,0,0,0,3,3,0,0,5,0,3,2
533401963,0,,,245,121,124,31,17,14,214,104,110,117,59,58,210,102,108,208,101,107,97,45,52,42,17,25,18,8,10,1,0,1,1,1,0,86,86,11,30,22,13,7,0,3,75,58,17,6,61,0,7,16
533401982,2,533401991,,1,0,1,*,*,*,*,*,*,*,*,*,*,*,*,*,*,*,*,*,*,*,*,*,*,*,*,*,*,*,*,*,*,1,1,*,*,*,*,*,*,*,*,*,*,*,*,*,*,*
533401991,1,,533401982,202,99,103,24,12,12,179,87,92,95,53,42,177,85,92,175,84,91,84,34,50,41,15,26,19,2,17,1,1,0,1,0,1,61,61,9,18,8,12,7,6,2,52,28,24,6,50,0,9,8
533401992,0,,,358,177,181,71,32,39,286,145,141,220,114,106,269,136,133,264,133,131,66,31,35,32,15,17,10,6,4,0,0,0,0,0,0,118,118,21,27,23,28,14,3,2,96,77,19,23,44,1,7,4
533401994,0,,,196,89,107,39,16,23,157,73,84,117,58,59,154,72,82,152,70,82,40,15,25,13,2,11,7,1,6,2,0,2,0,0,0,64,64,11,14,15,15,4,3,2,53,42,11,11,29,0,10,4
533402004,0,,,18,9,9,1,0,1,17,9,8,11,7,4,17,9,8,17,9,8,6,2,4,5,2,3,1,0,1,0,0,0,0,0,0,5,5,0,1,1,2,1,0,0,5,3,2,0,4,0,0,0
533402011,0,,,16,7,9,3,2,1,13,5,8,7,2,5,12,4,8,12,4,8,6,3,3,2,1,1,0,0,0,0,0,0,0,0,0,6,6,2,2,1,0,0,0,1,4,3,1,0,4,0,1,1
533402013,0,,,91,49,42,4,2,2,87,47,40,42,23,19,86,47,39,84,45,39,45,24,21,23,9,14,11,3,8,0,0,0,0,0,0,32,32,9,10,2,4,4,1,2,23,12,11,0,28,0,7,5
533402071,2,533402173,,5,2,3,*,*,*,*,*,*,*,*,*,*,*,*,*,*,*,*,*,*,*,*,*,*,*,*,*,*,*,*,*,*,3,3,*,*,*,*,*,*,*,*,*,*,*,*,*,*,*
533402101,0,,,35,16,19,7,4,3,28,12,16,17,8,9,28,12,16,28,12,16,11,4,7,4,2,2,1,0,1,0,0,0,0,0,0,10,10,2,2,2,0,1,3,0,8,3,5,2,7,0,2,1
533402102,0,,,37,18,19,5,0,5,32,18,14,20,10,10,32,18,14,32,18,14,12,8,4,4,2,2,0,0,0,0,0,0,0,0,0,13,13,5,2,1,2,2,0,1,8,4,4,2,9,0,4,2
533402103,0,,,55,27,28,6,5,1,49,22,27,29,15,14,47,22,25,47,22,25,20,7,13,11,2,9,7,1,6,0,0,0,0,0,0,16,16,6,3,1,1,3,1,1,10,4,6,1,14,0,5,3
533402163,1,,533402164,19,9,10,1,1,0,24,11,13,10,5,5,23,11,12,22,10,12,14,6,8,7,2,5,4,1,3,0,0,0,0,0,0,6,6,0,3,4,0,0,0,1,8,6,2,1,7,0,0,2
533402164,2,533402163,,6,3,3,*,*,*,*,*,*,*,*,*,*,*,*,*,*,*,*,*,*,*,*,*,*,*,*,*,*,*,*,*,*,2,2,*,*,*,*,*,*,*,*,*,*,*,*,*,*,*
533402173,1,,533402071,7,3,4,0,0,0,12,5,7,1,1,0,12,5,7,12,5,7,11,4,7,10,4,6,1,1,0,0,0,0,0,0,0,4,4,2,5,0,0,0,0,0,5,5,0,0,7,0,2,4
533402201,0,,,37,16,21,5,2,3,32,14,18,21,11,10,32,14,18,31,14,17,11,3,8,3,0,3,2,0,2,0,0,0,0,0,0,13,13,4,1,5,1,0,2,0,9,5,4,2,9,0,2,0
533402203,0,,,17,11,6,0,0,0,17,11,6,6,4,2,17,11,6,17,11,6,11,7,4,7,4,3,2,1,1,0,0,0,0,0,0,8,8,2,4,1,1,0,0,0,6,6,0,0,8,0,2,1
533402234,0,,,14,8,6,1,1,0,13,7,6,4,3,1,13,7,6,13,7,6,9,4,5,3,1,2,3,1,2,0,0,0,0,0,0,7,7,3,2,1,1,0,0,0,4,3,1,0,6,0,2,1
533402254,0,,,14,8,6,0,0,0,14,8,6,7,4,3,14,8,6,14,8,6,7,4,3,2,1,1,0,0,0,0,0,0,0,0,0,6,6,2,2,0,2,0,0,0,4,3,1,0,5,0,2,1
533402261,0,,,27,15,12,0,0,0,27,15,12,16,11,5,27,15,12,27,15,12,11,4,7,2,0,2,0,0,0,0,0,0,0,0,0,11,11,3,4,2,0,2,0,0,8,5,3,0,9,0,2,1
533402262,0,,,32,21,11,3,3,0,29,18,11,17,10,7,28,17,11,28,17,11,12,8,4,3,2,1,2,1,1,1,1,0,0,0,0,11,11,1,4,4,0,1,1,0,10,8,2,0,8,0,1,2
533402263,0,,,36,17,19,2,0,2,34,17,17,20,12,8,33,17,16,33,17,16,14,5,9,6,0,6,4,0,4,0,0,0,0,0,0,13,13,4,1,6,1,0,0,1,9,4,5,0,11,0,3,0
533402264,0,,,19,8,11,0,0,0,19,8,11,9,4,5,19,8,11,19,8,11,10,4,6,6,1,5,4,1,3,0,0,0,0,0,0,7,7,2,0,3,2,0,0,0,5,1,4,0,7,0,2,0
533402273,0,,,129,64,65,8,4,4,121,60,61,61,31,30,121,60,61,120,60,60,60,29,31,30,14,16,10,2,8,0,0,0,0,0,0,48,48,12,12,17,2,1,1,3,35,24,11,2,39,0,11,7
533402274,0,,,19,8,11,1,1,0,18,7,11,9,4,5,18,7,11,18,7,11,9,3,6,4,0,4,1,0,1,0,0,0,0,0,0,7,7,1,4,0,0,2,0,0,6,4,2,1,6,0,1,1
533402282,0,,,14,5,9,0,0,0,14,5,9,4,2,2,14,5,9,14,5,9,10,3,7,2,0,2,2,0,2,0,0,0,0,0,0,6,6,1,3,1,1,0,0,0,5,3,2,0,5,0,1,2
533402283,0,,,124,70,54,11,10,1,113,60,53,67,39,28,112,59,53,111,58,53,46,21,25,21,7,14,8,3,5,0,0,0,0,0,0,44,44,8,15,8,9,2,1,1,36,26,10,1,32,0,4,7
533402284,0,,,25,9,16,2,0,2,23,9,14,10,3,7,23,9,14,23,9,14,13,6,7,5,1,4,3,0,3,0,0,0,0,0,0,11,11,4,3,1,3,0,0,0,7,5,2,0,8,0,2,2
533402293,0,,,130,61,69,9,4,5,121,57,64,66,33,33,118,56,62,118,56,62,55,24,31,30,7,23,7,4,3,1,0,1,0,0,0,46,46,8,15,11,6,2,3,1,37,25,12,2,39,0,6,7
533402294,0,,,16,7,9,0,0,0,16,7,9,8,3,5,15,7,8,15,7,8,8,4,4,4,3,1,0,0,0,0,0,0,0,0,0,5,5,0,2,1,1,1,0,0,5,4,1,0,4,0,0,2
533402301,0,,,25,15,10,1,0,1,24,15,9,11,8,3,24,15,9,24,15,9,13,7,6,3,2,1,0,0,0,0,0,0,0,0,0,8,8,0,2,4,1,1,0,0,8,7,1,1,8,0,0,1
533402303,0,,,37,18,19,2,0,2,35,18,17,16,10,6,34,18,16,33,17,16,19,8,11,10,4,6,2,1,1,0,0,0,0,0,0,16,16,3,7,4,2,0,0,0,13,12,1,1,11,0,1,4
533402323,0,,,29,10,19,4,1,3,25,9,16,13,4,9,25,9,16,25,9,16,12,5,7,7,2,5,4,1,3,0,0,0,0,0,0,8,8,0,3,3,0,0,1,1,8,4,4,1,7,0,0,2
533402331,1,,533402332,14,5,9,0,0,0,15,6,9,7,3,4,15,6,9,15,6,9,8,3,5,4,1,3,4,1,3,0,0,0,0,0,0,5,5,1,3,0,2,0,0,0,5,1,4,0,5,0,0,0
533402332,2,533402331,,1,1,0,*,*,*,*,*,*,*,*,*,*,*,*,*,*,*,*,*,*,*,*,*,*,*,*,*,*,*,*,*,*,1,1,*,*,*,*,*,*,*,*,*,*,*,*,*,*,*
533402342,1,,533402343;533402344,78,39,39,16,11,5,82,38,44,44,19,25,82,38,44,82,38,44,38,19,19,18,7,11,10,2,8,4,0,4,1,0,1,29,29,7,11,4,9,1,0,2,27,18,9,3,26,0,7,7
533402343,2,533402342,,15,6,9,*,*,*,*,*,*,*,*,*,*,*,*,*,*,*,*,*,*,*,*,*,*,*,*,*,*,*,*,*,*,3,3,*,*,*,*,*,*,*,*,*,*,*,*,*,*,*
533402344,2,533402342,,5,4,1,*,*,*,*,*,*,*,*,*,*,*,*,*,*,*,*,*,*,*,*,*,*,*,*,*,*,*,*,*,*,2,2,*,*,*,*,*,*,*,*,*,*,*,*,*,*,*
533402351,0,,,10,4,6,0,0,0,10,4,6,2,0,2,10,4,6,10,4,6,8,4,4,1,0,1,0,0,0,0,0,0,0,0,0,6,6,3,2,1,0,0,0,0,3,3,0,0,6,0,3,1
533402352,0,,,107,52,55,7,5,2,100,47,53,47,22,25,97,46,51,95,45,50,53,25,28,27,15,12,5,3,2,0,0,0,0,0,0,35,35,8,5,11,4,3,3,1,27,17,10,1,32,0,6,3
533402353,0,,,202,102,100,16,7,9,186,95,91,112,64,48,182,92,90,180,90,90,74,31,43,44,15,29,13,4,9,0,0,0,1,0,1,86,86,30,22,20,8,2,2,2,56,44,12,3,58,0,20,9
533402354,0,,,220,105,115,22,11,11,198,94,104,121,56,65,190,94,96,185,91,94,77,38,39,35,13,22,15,4,11,1,0,1,2,1,1,73,73,14,17,19,10,7,4,2,58,35,23,5,49,0,9,7
533402361,1,,533402364,49,25,24,0,0,0,52,26,26,25,11,14,49,24,25,49,24,25,27,15,12,9,4,5,6,3,3,1,0,1,0,0,0,17,17,4,3,7,2,0,1,1,14,7,7,0,15,0,2,2
533402364,2,533402361,,3,1,2,*,*,*,*,*,*,*,*,*,*,*,*,*,*,*,*,*,*,*,*,*,*,*,*,*,*,*,*,*,*,1,1,*,*,*,*,*,*,*,*,*,*,*,*,*,*,*
533402372,0,,,93,47,46,7,5,2,86,42,44,55,28,27,84,40,44,82,38,44,31,14,17,14,6,8,2,1,1,0,0,0,0,0,0,34,34,10,9,2,7,5,1,0,23,12,11,2,22,0,4,6
533402373,0,,,55,28,27,6,2,4,49,26,23,28,16,12,48,26,22,48,26,22,21,10,11,12,5,7,6,3,3,0,0,0,1,0,1,19,19,5,4,3,4,1,2,0,14,9,5,1,13,0,2,3
533402374,0,,,91,50,41,13,9,4,78,41,37,44,23,21,77,40,37,77,40,37,34,18,16,16,7,9,8,2,6,1,1,0,0,0,0,26,26,5,5,2,8,2,2,2,21,8,13,4,20,0,3,3
533402381,0,,,212,100,112,18,5,13,194,95,99,120,64,56,187,90,97,181,86,95,74,31,43,37,12,25,17,5,12,0,0,0,2,0,2,78,78,22,22,15,7,4,4,4,56,36,20,7,47,0,11,6
533402382,0,,,146,67,79,13,3,10,133,64,69,71,35,36,129,61,68,127,60,67,62,29,33,33,13,20,11,4,7,1,1,0,0,0,0,49,49,9,15,8,8,5,2,2,40,24,16,3,40,0,7,10
533402383,0,,,114,48,66,9,3,6,105,45,60,64,29,35,101,43,58,98,43,55,41,16,25,23,9,14,6,2,4,2,1,1,9,0,9,43,43,17,9,6,2,3,4,2,26,12,14,0,25,2,4,7
533402384,0,,,202,90,112,20,13,7,182,77,105,83,38,45,180,75,105,175,71,104,99,39,60,56,16,40,37,10,27,7,2,5,8,0,8,70,68,25,20,7,5,2,5,4,43,25,18,5,51,0,13,10
533402391,0,,,44,21,23,3,1,2,41,20,21,21,10,11,39,19,20,39,19,20,20,10,10,6,1,5,2,0,2,0,0,0,0,0,0,13,13,2,3,3,1,2,1,1,10,5,5,0,13,0,2,0
533402394,0,,,19,8,11,1,1,0,18,7,11,8,3,5,18,7,11,17,7,10,10,4,6,4,1,3,2,0,2,0,0,0,0,0,0,6,6,0,3,0,2,1,0,0,6,4,2,0,5,0,0,2
533402401,1,,533402403,104,55,49,13,9,4,93,47,46,54,28,26,88,43,45,87,42,45,39,19,20,20,7,13,7,2,5,0,0,0,0,0,0,30,30,4,11,3,5,4,1,3,27,14,13,3,24,0,3,5
533402403,2,533402401,,2,1,1,*,*,*,*,*,*,*,*,*,*,*,*,*,*,*,*,*,*,*,*,*,*,*,*,*,*,*,*,*,*,1,1,*,*,*,*,*,*,*,*,*,*,*,*,*,*,*
533402412,0,,,61,31,30,4,2,2,57,29,28,32,20,12,57,29,28,57,29,28,25,9,16,13,4,9,7,1,6,0,0,0,1,0,1,18,18,2,5,3,3,4,0,1,16,7,9,2,16,0,1,2
533402414,0,,,27,13,14,0,0,0,27,13,14,15,6,9,26,13,13,25,13,12,12,7,5,6,2,4,5,2,3,1,0,1,0,0,0,9,9,1,4,2,0,0,2,0,8,5,3,0,8,0,1,1
533402421,2,533402423,,4,2,2,*,*,*,*,*,*,*,*,*,*,*,*,*,*,*,*,*,*,*,*,*,*,*,*,*,*,*,*,*,*,2,2,*,*,*,*,*,*,*,*,*,*,*,*,*,*,*
533402422,0,,,28,11,17,3,2,1,25,9,16,12,5,7,25,9,16,25,9,16,13,4,9,7,1,6,4,1,3,0,0,0,0,0,0,8,8,1,1,2,2,1,1,0,7,1,6,0,8,0,1,0
533402423,1,,533402421,28,15,13,5,4,1,27,13,14,11,6,5,27,13,14,27,13,14,16,7,9,9,4,5,4,2,2,0,0,0,0,0,0,9,9,2,4,2,1,0,2,0,9,6,3,2,10,0,1,2
533402433,0,,,119,53,66,10,1,9,109,52,57,52,25,27,109,52,57,109,52,57,57,27,30,30,12,18,15,6,9,2,1,1,0,0,0,43,43,12,10,8,6,5,0,2,31,17,14,4,35,0,9,7
533402441,0,,,55,27,28,8,4,4,47,23,24,25,13,12,44,23,21,44,23,21,22,10,12,11,5,6,5,3,2,0,0,0,0,0,0,15,15,3,4,0,2,3,1,2,12,6,6,0,13,0,2,2
533402442,0,,,36,19,17,3,2,1,33,17,16,17,11,6,33,17,16,33,17,16,16,6,10,12,4,8,6,1,5,0,0,0,0,0,0,14,14,3,5,2,3,1,0,0,11,7,4,1,12,0,3,2
533402443,0,,,161,81,80,41,23,18,120,58,62,101,49,52,109,52,57,107,50,57,19,9,10,4,1,3,1,0,1,0,0,0,0,0,0,45,45,1,9,11,14,7,3,0,44,38,6,5,12,0,0,2
533402444,0,,,143,70,73,6,2,4,137,68,69,72,39,33,130,65,65,124,60,64,65,29,36,31,10,21,19,6,13,2,1,1,0,0,0,49,49,8,17,8,9,3,3,1,41,24,17,0,41,0,8,11
533402451,0,,,55,28,27,3,2,1,52,26,26,30,16,14,52,26,26,52,26,26,22,10,12,8,2,6,6,1,5,1,0,1,0,0,0,20,20,4,7,3,2,4,0,0,16,12,4,1,14,0,4,3
533402462,0,,,158,82,76,13,8,5,145,74,71,78,39,39,144,74,70,142,73,69,67,35,32,32,14,18,13,8,5,1,0,1,0,0,0,47,47,7,10,11,8,4,4,3,40,21,19,4,42,0,5,9
533402471,0,,,48,28,20,5,3,2,43,25,18,23,14,9,43,25,18,42,24,18,20,11,9,11,6,5,0,0,0,0,0,0,0,0,0,13,13,0,5,4,1,0,2,1,13,8,5,2,13,0,0,2
533402492,0,,,19,11,8,2,1,1,17,10,7,8,5,3,17,10,7,17,10,7,9,5,4,9,5,4,4,2,2,0,0,0,0,0,0,6,6,0,2,1,3,0,0,0,6,4,2,1,5,0,0,1
533402513,0,,,57,30,27,7,2,5,50,28,22,27,16,11,49,27,22,49,27,22,23,12,11,9,4,5,2,1,1,0,0,0,0,0,0,20,20,4,10,1,1,1,0,3,16,11,5,1,14,0,1,6
533402522,0,,,83,39,44,2,0,2,81,39,42,38,19,19,80,39,41,78,37,41,43,20,23,20,7,13,4,1,3,0,0,0,0,0,0,32,32,6,13,4,6,3,0,0,26,16,10,0,27,0,5,8
533402532,1,,533402533,107,57,50,8,5,3,100,53,47,50,29,21,96,50,46,95,49,46,50,24,26,24,13,11,8,6,2,1,1,0,0,0,0,35,35,9,13,2,5,3,1,3,27,18,9,2,31,0,9,8
533402533,2,533402532,,1,1,0,*,*,*,*,*,*,*,*,*,*,*,*,*,*,*,*,*,*,*,*,*,*,*,*,*,*,*,*,*,*,1,1,*,*,*,*,*,*,*,*,*,*,*,*,*,*,*
533402541,0,,,87,40,47,7,3,4,80,37,43,34,19,15,78,36,42,78,36,42,46,18,28,18,5,13,10,2,8,1,0,1,0,0,0,32,32,7,11,6,3,2,3,0,25,15,10,1,29,0,5,9
533402591,0,,,28,12,16,0,0,0,28,12,16,17,9,8,27,12,15,26,11,15,11,3,8,8,2,6,3,0,3,0,0,0,0,0,0,12,12,3,7,0,0,1,1,0,9,6,3,0,8,0,2,0
533402592,0,,,53,28,25,6,3,3,47,25,22,23,14,9,46,24,22,45,23,22,24,11,13,10,4,6,7,2,5,1,1,0,4,0,4,18,18,3,5,3,4,3,0,0,13,6,7,1,17,0,3,1
533402594,1,,533402692,17,8,9,1,1,0,25,13,12,14,7,7,24,13,11,24,13,11,11,6,5,6,4,2,2,2,0,0,0,0,0,0,0,5,5,1,4,1,2,0,1,0,8,5,3,0,6,0,0,2
533402603,0,,,24,12,12,2,0,2,22,12,10,15,8,7,22,12,10,22,12,10,7,4,3,5,3,2,4,3,1,0,0,0,0,0,0,5,5,0,0,1,1,2,0,1,5,1,4,0,4,0,0,0
533402604,0,,,8,4,4,0,0,0,8,4,4,5,3,2,8,4,4,7,3,4,3,1,2,1,1,0,0,0,0,0,0,0,0,0,0,4,4,1,2,1,0,0,0,0,3,3,0,0,2,0,1,1
533402611,0,,,102,46,56,9,5,4,93,41,52,43,21,22,90,41,49,88,40,48,50,20,30,25,10,15,7,2,5,1,0,1,1,1,0,36,36,4,16,7,4,1,4,0,32,20,12,1,32,0,3,7
533402612,0,,,48,24,24,3,1,2,45,23,22,26,13,13,42,21,21,42,21,21,19,10,9,10,4,6,4,2,2,0,0,0,0,0,0,15,15,2,4,3,2,3,1,0,13,7,6,1,12,0,1,1
533402613,0,,,164,78,86,24,10,14,140,68,72,81,38,43,136,66,70,133,66,67,59,30,29,21,10,11,7,4,3,0,0,0,5,3,2,59,59,12,17,11,12,5,2,0,47,33,14,8,39,4,6,8
533402614,0,,,209,90,119,24,12,12,185,78,107,114,50,64,179,75,104,176,73,103,71,28,43,36,10,26,8,1,7,2,1,1,1,0,1,70,70,15,16,12,13,10,4,0,55,35,20,8,48,0,10,8
533402621,1,,533402623,16,7,9,1,0,1,26,11,15,14,6,8,25,11,14,25,11,14,12,5,7,7,3,4,3,2,1,0,0,0,0,0,0,7,7,2,4,0,3,1,0,0,8,3,5,0,8,0,2,1
533402622,0,,,68,31,37,1,1,0,67,30,37,36,19,17,65,28,37,64,28,36,31,11,20,16,6,10,8,4,4,0,0,0,0,0,0,26,26,6,9,5,2,3,1,0,20,12,8,1,19,0,5,3
533402623,2,533402621,,11,4,7,*,*,*,*,*,*,*,*,*,*,*,*,*,*,*,*,*,*,*,*,*,*,*,*,*,*,*,*,*,*,3,3,*,*,*,*,*,*,*,*,*,*,*,*,*,*,*
533402624,0,,,200,95,105,20,14,6,180,81,99,100,49,51,175,78,97,173,77,96,80,32,48,35,16,19,17,8,9,1,0,1,0,0,0,68,68,10,22,18,7,7,2,2,58,37,21,4,51,0,9,10
533402631,0,,,69,32,37,5,3,2,64,29,35,36,15,21,60,27,33,58,26,32,28,14,14,17,9,8,7,3,4,0,0,0,0,0,0,23,23,4,7,5,2,3,1,1,19,14,5,0,17,0,3,4
533402681,0,,,8,4,4,0,0,0,8,4,4,0,0,0,8,4,4,8,4,4,8,4,4,8,4,4,3,2,1,0,0,0,0,0,0,5,5,2,3,0,0,0,0,0,3,3,0,0,5,0,2,3
533402692,2,533402594,,9,6,3,*,*,*,*,*,*,*,*,*,*,*,*,*,*,*,*,*,*,*,*,*,*,*,*,*,*,*,*,*,*,4,4,*,*,*,*,*,*,*,*,*,*,*,*,*,*,*
533402701,1,,533402703,128,52,76,18,5,13,118,51,67,46,29,17,117,50,67,117,50,67,72,22,50,45,8,37,29,6,23,2,0,2,0,0,0,35,34,3,12,12,6,3,0,1,34,25,9,1,29,0,3,1
533402702,0,,,48,24,24,5,3,2,43,21,22,27,13,14,43,21,22,42,21,21,16,8,8,9,3,6,5,3,2,0,0,0,0,0,0,12,12,0,2,2,5,2,0,1,12,4,8,2,9,0,0,0
533402703,2,533402701,,8,4,4,*,*,*,*,*,*,*,*,*,*,*,*,*,*,*,*,*,*,*,*,*,*,*,*,*,*,*,*,*,*,3,3,*,*,*,*,*,*,*,*,*,*,*,*,*,*,*
533402704,0,,,45,21,24,7,4,3,38,17,21,26,13,13,37,16,21,37,16,21,12,4,8,4,1,3,3,0,3,0,0,0,0,0,0,11,11,0,2,3,3,1,1,1,11,6,5,3,9,0,0,2
533402711,0,,,48,18,30,0,0,0,48,18,30,13,7,6,48,18,30,48,18,30,35,11,24,26,7,19,16,3,13,6,1,5,0,0,0,10,9,3,1,3,1,0,1,0,6,4,2,0,8,0,3,1
533402712,0,,,117,58,59,11,5,6,106,53,53,54,29,25,104,52,52,103,51,52,52,24,28,27,11,16,7,2,5,1,1,0,0,0,0,36,36,4,10,9,6,3,2,2,31,18,13,3,31,0,3,6
533402713,0,,,9,5,4,0,0,0,9,5,4,6,3,3,9,5,4,9,5,4,3,2,1,0,0,0,0,0,0,0,0,0,0,0,0,4,4,0,3,1,0,0,0,0,4,4,0,0,2,0,0,2
533402714,0,,,71,33,38,7,3,4,64,30,34,41,19,22,62,30,32,61,29,32,23,11,12,7,0,7,4,0,4,0,0,0,0,0,0,24,24,2,9,6,3,3,1,0,21,11,10,1,17,0,1,4
533402721,1,,533402722,91,49,42,11,6,5,83,45,38,41,26,15,79,42,37,79,42,37,42,19,23,16,5,11,7,1,6,0,0,0,0,0,0,32,32,6,13,6,3,1,2,2,27,20,7,2,25,0,4,9
533402722,2,533402721,,3,2,1,*,*,*,*,*,*,*,*,*,*,*,*,*,*,*,*,*,*,*,*,*,*,*,*,*,*,*,*,*,*,1,1,*,*,*,*,*,*,*,*,*,*,*,*,*,*,*
533402774,0,,,13,6,7,0,0,0,13,6,7,4,2,2,13,6,7,13,6,7,9,4,5,7,4,3,2,1,1,0,0,0,0,0,0,6,6,1,3,2,0,0,0,0,5,5,0,0,5,0,1,3
533402803,0,,,347,170,177,42,24,18,304,145,159,230,110,120,285,136,149,278,133,145,74,35,39,38,18,20,6,4,2,0,0,0,0,0,0,119,119,14,44,20,25,12,3,1,104,89,15,8,46,3,4,16
533402863,0,,,90,48,42,12,5,7,78,43,35,38,25,13,76,42,34,75,41,34,40,18,22,20,10,10,9,5,4,0,0,0,0,0,0,28,28,4,7,8,3,2,3,1,24,15,9,2,24,0,3,5
533402871,0,,,8,4,4,0,0,0,8,4,4,1,1,0,8,4,4,8,4,4,7,3,4,6,3,3,1,1,0,0,0,0,0,0,0,5,5,3,1,1,0,0,0,0,2,2,0,0,5,0,3,1
533402872,0,,,45,18,27,4,1,3,41,17,24,22,8,14,40,17,23,39,16,23,19,9,10,9,3,6,4,0,4,0,0,0,0,0,0,13,13,1,4,2,3,1,1,1,12,6,6,0,12,0,1,1
533402873,0,,,23,10,13,3,0,3,20,10,10,9,3,6,19,9,10,19,9,10,11,7,4,7,4,3,1,1,0,0,0,0,0,0,0,9,9,2,4,2,0,0,0,1,7,6,1,1,8,0,2,3
533402882,1,,533402893,83,38,45,9,5,4,87,38,49,46,22,24,83,36,47,83,36,47,41,16,25,24,8,16,10,2,8,1,0,1,0,0,0,24,24,2,9,2,6,4,2,2,25,12,13,2,25,0,2,6
533402884,0,,,26,14,12,3,2,1,23,12,11,17,10,7,22,11,11,22,11,11,6,2,4,4,1,3,2,0,2,1,0,1,0,0,0,7,7,1,1,2,0,1,2,0,6,4,2,0,4,0,0,0
533402893,2,533402882,,13,5,8,*,*,*,*,*,*,*,*,*,*,*,*,*,*,*,*,*,*,*,*,*,*,*,*,*,*,*,*,*,*,3,3,*,*,*,*,*,*,*,*,*,*,*,*,*,*,*
533402901,0,,,416,193,223,43,17,26,373,176,197,231,111,120,361,171,190,356,167,189,142,65,77,76,31,45,35,15,20,8,3,5,1,0,1,159,158,43,47,32,20,12,4,0,114,91,23,15,83,1,21,17
533402903,0,,,835,363,472,138,67,71,697,296,401,438,196,242,670,284,386,655,279,376,259,100,159,158,53,105,91,25,66,26,4,22,4,0,4,264,263,37,83,63,46,24,6,4,224,180,44,39,127,1,21,30
533402904,0,,,385,155,230,83,36,47,302,119,183,146,72,74,294,116,178,290,114,176,156,47,109,117,27,90,76,12,64,12,3,9,1,0,1,84,82,7,16,22,24,9,2,2,75,68,7,28,30,0,6,9
533402924,0,,,78,39,39,7,4,3,71,35,36,42,23,19,70,34,36,69,33,36,29,12,17,16,7,9,5,2,3,0,0,0,0,0,0,18,18,0,4,3,2,5,2,2,18,7,11,2,15,0,0,3
533402942,0,,,93,45,48,7,4,3,86,41,45,49,24,25,84,40,44,83,40,43,37,17,20,21,10,11,10,4,6,0,0,0,1,0,1,27,27,3,8,4,5,3,3,1,23,13,10,2,20,0,2,5
533402944,0,,,36,17,19,3,1,2,33,16,17,17,9,8,33,16,17,33,16,17,16,7,9,5,1,4,3,0,3,0,0,0,0,0,0,10,10,1,1,4,2,0,1,1,9,5,4,0,7,0,0,1
533402953,0,,,33,15,18,3,2,1,30,13,17,14,7,7,30,13,17,29,12,17,16,6,10,8,3,5,3,0,3,1,0,1,0,0,0,11,11,2,4,2,0,1,2,0,9,4,5,1,10,0,2,3
533402954,0,,,55,23,32,8,1,7,47,22,25,28,16,12,45,22,23,44,22,22,19,6,13,9,3,6,2,0,2,0,0,0,1,0,1,19,19,5,4,3,3,3,1,0,13,9,4,3,13,0,3,1
533402961,0,,,48,20,28,3,1,2,45,19,26,24,11,13,44,18,26,43,17,26,21,8,13,13,4,9,5,2,3,0,0,0,0,0,0,15,15,3,5,1,3,0,2,1,12,6,6,0,14,0,3,2
533402962,0,,,68,34,34,4,2,2,64,32,32,33,19,14,62,31,31,61,30,31,31,13,18,19,6,13,7,2,5,1,0,1,0,0,0,24,24,5,8,4,3,2,1,1,18,8,10,1,21,1,4,3
533403013,0,,,26,14,12,2,1,1,24,13,11,16,10,6,24,13,11,24,13,11,8,3,5,2,0,2,0,0,0,0,0,0,0,0,0,9,9,3,0,3,2,0,1,0,6,3,3,1,6,0,0,0
533403014,0,,,30,15,15,5,3,2,25,12,13,14,7,7,24,11,13,24,11,13,11,5,6,6,3,3,4,2,2,0,0,0,0,0,0,12,12,3,6,1,0,1,0,1,9,8,1,1,8,0,1,4
533403021,0,,,198,96,102,37,20,17,161,76,85,121,60,61,155,74,81,149,71,78,40,16,24,18,6,12,6,2,4,1,0,1,0,0,0,78,78,22,23,12,14,4,3,0,56,53,3,12,31,1,12,5
533403022,0,,,12,6,6,1,1,0,11,5,6,4,2,2,11,5,6,11,5,6,7,3,4,2,0,2,1,0,1,0,0,0,0,0,0,5,5,2,1,1,0,1,0,0,3,2,1,1,5,0,2,1
533403023,0,,,236,113,123,9,8,1,227,105,122,113,58,55,225,104,121,223,103,120,114,47,67,70,24,46,28,9,19,2,1,1,0,0,0,95,95,28,32,14,10,6,3,2,66,46,20,3,80,0,21,17
533403031,0,,,34,16,18,0,0,0,34,16,18,16,9,7,31,15,16,31,15,16,18,7,11,12,5,7,6,2,4,1,0,1,0,0,0,12,12,4,3,1,0,3,1,0,8,4,4,0,12,0,4,0
533403032,0,,,26,9,17,0,0,0,26,9,17,12,6,6,26,9,17,25,9,16,14,3,11,11,1,10,4,1,3,0,0,0,0,0,0,12,12,4,5,1,1,1,0,0,8,5,3,0,11,0,4,2
533403043,2,533403142,,10,7,3,*,*,*,*,*,*,*,*,*,*,*,*,*,*,*,*,*,*,*,*,*,*,*,*,*,*,*,*,*,*,5,5,*,*,*,*,*,*,*,*,*,*,*,*,*,*,*
533403104,2,533403113,,3,2,1,*,*,*,*,*,*,*,*,*,*,*,*,*,*,*,*,*,*,*,*,*,*,*,*,*,*,*,*,*,*,2,2,*,*,*,*,*,*,*,*,*,*,*,*,*,*,*
533403111,0,,,15,7,8,0,0,0,15,7,8,6,3,3,15,7,8,15,7,8,9,4,5,4,1,3,1,0,1,0,0,0,0,0,0,7,7,3,2,0,2,0,0,0,4,2,2,0,6,0,2,2
533403112,0,,,508,238,270,34,18,16,474,220,254,215,112,103,469,217,252,464,214,250,259,108,151,159,59,100,55,17,38,6,2,4,3,0,3,219,219,61,86,42,16,6,3,5,158,118,40,12,170,3,49,55
533403113,1,,533403104,132,50,82,3,3,0,132,49,83,36,21,15,132,49,83,131,48,83,96,28,68,68,13,55,43,7,36,13,2,11,0,0,0,32,31,7,14,9,1,0,1,1,26,21,5,1,28,0,7,9
533403114,0,,,186,85,101,10,4,6,176,81,95,103,49,54,168,75,93,166,73,93,73,32,41,48,21,27,13,6,7,1,0,1,10,0,10,75,75,27,18,13,7,5,4,1,48,34,14,1,46,3,10,11
533403121,0,,,95,43,52,9,8,1,86,35,51,34,14,20,85,35,50,84,35,49,52,21,31,38,13,25,22,5,17,7,1,6,0,0,0,28,27,7,9,4,2,2,2,1,20,13,7,1,21,0,6,4
533403122,0,,,35,17,18,4,2,2,31,15,16,15,8,7,29,14,15,29,14,15,16,7,9,8,2,6,4,1,3,0,0,0,0,0,0,13,13,2,5,3,1,2,0,0,11,8,3,0,11,0,2,2
533403123,0,,,23,8,15,3,0,3,20,8,12,12,4,8,20,8,12,20,8,12,8,4,4,4,2,2,0,0,0,0,0,0,0,0,0,6,6,0,2,1,0,2,1,0,6,3,3,1,6,0,0,1
533403131,1,,533403133,16,10,6,1,1,0,23,13,10,10,6,4,22,12,10,21,11,10,13,7,6,5,4,1,2,2,0,0,0,0,0,0,0,5,5,0,1,3,2,1,0,0,7,3,4,0,7,0,0,1
533403133,2,533403131,,8,4,4,*,*,*,*,*,*,*,*,*,*,*,*,*,*,*,*,*,*,*,*,*,*,*,*,*,*,*,*,*,*,2,2,*,*,*,*,*,*,*,*,*,*,*,*,*,*,*
533403134,0,,,15,9,6,1,1,0,14,8,6,7,5,2,13,8,5,13,8,5,7,3,4,2,1,1,0,0,0,0,0,0,0,0,0,5,5,0,1,3,1,0,0,0,5,5,0,0,4,0,0,1
533403142,1,,533403043,17,10,7,0,0,0,27,17,10,7,5,2,27,17,10,27,17,10,20,12,8,15,8,7,3,2,1,1,1,0,0,0,0,8,8,3,8,0,2,0,0,0,10,9,1,0,12,0,3,5
533403152,2,533403154,,3,1,2,*,*,*,*,*,*,*,*,*,*,*,*,*,*,*,*,*,*,*,*,*,*,*,*,*,*,*,*,*,*,2,2,*,*,*,*,*,*,*,*,*,*,*,*,*,*,*
533403154,1,,533403152,19,10,9,0,0,0,22,11,11,9,5,4,22,11,11,22,11,11,13,6,7,10,4,6,3,3,0,0,0,0,0,0,0,9,9,5,3,1,2,0,0,0,6,5,1,0,9,0,4,2
533403201,0,,,20,8,12,2,1,1,18,7,11,10,4,6,18,7,11,18,7,11,8,3,5,2,0,2,2,0,2,0,0,0,0,0,0,6,6,2,0,2,1,0,0,1,4,2,2,1,6,0,2,0
533403202,0,,,17,7,10,0,0,0,17,7,10,5,2,3,17,7,10,17,7,10,12,5,7,7,3,4,3,2,1,0,0,0,0,0,0,8,8,1,5,2,0,0,0,0,7,7,0,0,8,0,1,3
533403203,0,,,142,76,66,9,2,7,133,74,59,85,50,35,132,73,59,129,72,57,48,24,24,26,9,17,8,3,5,0,0,0,0,0,0,53,53,8,21,12,7,3,1,1,45,35,10,2,37,0,5,4
533403204,0,,,13,5,8,0,0,0,13,5,8,8,3,5,13,5,8,13,5,8,5,2,3,2,0,2,1,0,1,0,0,0,0,0,0,6,6,2,2,1,1,0,0,0,4,2,2,0,4,0,1,0
533403211,2,533403212,,1,0,1,*,*,*,*,*,*,*,*,*,*,*,*,*,*,*,*,*,*,*,*,*,*,*,*,*,*,*,*,*,*,1,1,*,*,*,*,*,*,*,*,*,*,*,*,*,*,*
533403212,1,,533403211;533403223,127,67,60,24,12,12,110,59,51,83,47,36,107,57,50,104,54,50,27,12,15,17,7,10,4,1,3,0,0,0,5,4,1,44,44,12,10,8,12,6,0,0,36,31,5,7,18,3,4,5
533403214,0,,,36,14,22,1,0,1,35,14,21,12,6,6,34,13,21,34,13,21,23,8,15,10,4,6,3,0,3,1,0,1,0,0,0,13,13,2,5,2,3,0,1,0,11,5,6,0,12,0,1,3
533403223,2,533403212,,6,4,2,*,*,*,*,*,*,*,*,*,*,*,*,*,*,*,*,*,*,*,*,*,*,*,*,*,*,*,*,*,*,3,3,*,*,*,*,*,*,*,*,*,*,*,*,*,*,*
533403271,2,533403283,,4,1,3,*,*,*,*,*,*,*,*,*,*,*,*,*,*,*,*,*,*,*,*,*,*,*,*,*,*,*,*,*,*,4,4,*,*,*,*,*,*,*,*,*,*,*,*,*,*,*
533403274,2,533403283,,6,3,3,*,*,*,*,*,*,*,*,*,*,*,*,*,*,*,*,*,*,*,*,*,*,*,*,*,*,*,*,*,*,3,3,*,*,*,*,*,*,*,*,*,*,*,*,*,*,*
533403283,1,,533403271;533403274,66,32,34,4,2,2,71,33,38,31,17,14,71,33,38,70,33,37,40,16,24,16,4,12,6,1,5,0,0,0,0,0,0,27,27,12,13,5,2,0,0,2,22,15,7,1,27,0,8,9
533403301,2,533403303,,1,0,1,*,*,*,*,*,*,*,*,*,*,*,*,*,*,*,*,*,*,*,*,*,*,*,*,*,*,*,*,*,*,1,1,*,*,*,*,*,*,*,*,*,*,*,*,*,*,*
533403303,1,,533403301;533403304,24,12,12,5,3,2,27,12,15,18,7,11,25,12,13,25,12,13,9,5,4,6,3,3,1,0,1,0,0,0,0,0,0,6,6,2,1,1,1,3,1,0,7,2,5,2,6,0,1,1
533403304,2,533403303,,7,3,4,*,*,*,*,*,*,*,*,*,*,*,*,*,*,*,*,*,*,*,*,*,*,*,*,*,*,*,*,*,*,2,2,*,*,*,*,*,*,*,*,*,*,*,*,*,*,*
533403312,0,,,24,8,16,2,0,2,22,8,14,7,2,5,22,8,14,22,8,14,15,6,9,8,4,4,1,0,1,0,0,0,0,0,0,11,11,5,4,0,1,0,0,1,6,4,2,0,9,1,3,4
533403401,1,,533403403,100,52,48,5,0,5,100,53,47,43,27,16,98,52,46,97,52,45,57,26,31,24,9,15,7,3,4,0,0,0,0,0,0,36,36,6,13,9,7,1,1,1,32,23,9,1,34,0,5,9
533403403,2,533403401,,5,1,4,*,*,*,*,*,*,*,*,*,*,*,*,*,*,*,*,*,*,*,*,*,*,*,*,*,*,*,*,*,*,2,2,*,*,*,*,*,*,*,*,*,*,*,*,*,*,*
533403423,2,533403521,,2,1,1,*,*,*,*,*,*,*,*,*,*,*,*,*,*,*,*,*,*,*,*,*,*,*,*,*,*,*,*,*,*,2,2,*,*,*,*,*,*,*,*,*,*,*,*,*,*,*
533403503,0,,,19,9,10,0,0,0,19,9,10,5,2,3,19,9,10,19,9,10,14,7,7,7,4,3,3,1,2,0,0,0,0,0,0,7,7,0,4,1,2,0,0,0,7,6,1,0,7,0,0,4
533403521,1,,533403423,20,9,11,0,0,0,22,10,12,6,2,4,22,10,12,22,10,12,16,8,8,9,3,6,6,3,3,0,0,0,0,0,0,9,9,5,3,1,2,0,0,0,6,4,2,0,11,0,5,3
533403641,0,,,27,11,16,0,0,0,27,11,16,4,2,2,27,11,16,27,11,16,23,9,14,15,5,10,8,2,6,0,0,0,0,0,0,19,19,11,8,0,0,0,0,0,8,8,0,0,17,0,10,5
533404252,2,533404253,,5,2,3,*,*,*,*,*,*,*,*,*,*,*,*,*,*,*,*,*,*,*,*,*,*,*,*,*,*,*,*,*,*,2,2,*,*,*,*,*,*,*,*,*,*,*,*,*,*,*
533404253,1,,533404252,10,5,5,0,0,0,15,7,8,5,3,2,15,7,8,15,7,8,10,4,6,6,3,3,0,0,0,0,0,0,0,0,0,5,5,1,4,2,0,0,0,0,6,5,1,0,6,0,1,3
533404254,0,,,40,19,21,0,0,0,40,19,21,12,5,7,40,19,21,40,19,21,28,14,14,17,10,7,4,2,2,1,0,1,0,0,0,17,17,0,11,6,0,0,0,0,17,15,2,0,17,0,0,7
533404263,0,,,63,33,30,3,2,1,60,31,29,28,14,14,60,31,29,60,31,29,32,17,15,25,11,14,5,3,2,0,0,0,0,0,0,29,29,10,11,4,2,1,1,0,19,14,5,1,24,0,10,7
533404281,0,,,43,25,18,1,1,0,42,24,18,21,15,6,41,23,18,41,23,18,21,9,12,13,5,8,6,2,4,1,0,1,0,0,0,22,22,9,7,4,2,0,0,0,13,10,3,0,16,0,5,3
533404362,2,533404364,,1,0,1,*,*,*,*,*,*,*,*,*,*,*,*,*,*,*,*,*,*,*,*,*,*,*,*,*,*,*,*,*,*,1,1,*,*,*,*,*,*,*,*,*,*,*,*,*,*,*
533404364,1,,533404362,9,4,5,0,0,0,10,4,6,3,1,2,9,4,5,9,4,5,7,3,4,3,2,1,1,1,0,0,0,0,0,0,0,3,3,1,2,0,0,1,0,0,3,2,1,0,4,0,1,2
533404371,1,,533404372,67,31,36,3,0,3,72,35,37,40,20,20,70,34,36,70,34,36,32,15,17,14,6,8,2,0,2,0,0,0,1,0,1,24,24,1,15,4,4,2,1,0,25,21,4,1,20,0,1,11
533404372,2,533404371,,8,4,4,*,*,*,*,*,*,*,*,*,*,*,*,*,*,*,*,*,*,*,*,*,*,*,*,*,*,*,*,*,*,3,3,*,*,*,*,*,*,*,*,*,*,*,*,*,*,*
533404373,0,,,30,14,16,3,1,2,27,13,14,20,11,9,26,13,13,26,13,13,7,2,5,5,0,5,1,0,1,0,0,0,1,0,1,12,12,3,4,2,2,1,0,0,9,7,2,2,7,0,1,1
533404381,1,,533404382;533404383,11,5,6,0,0,0,22,10,12,11,5,6,22,10,12,21,10,11,11,5,6,5,1,4,3,0,3,0,0,0,0,0,0,4,4,1,2,3,2,0,0,0,7,4,3,0,6,0,0,2
533404382,2,533404381,,7,4,3,*,*,*,*,*,*,*,*,*,*,*,*,*,*,*,*,*,*,*,*,*,*,*,*,*,*,*,*,*,*,3,3,*,*,*,*,*,*,*,*,*,*,*,*,*,*,*
533404383,2,533404381,,4,1,3,*,*,*,*,*,*,*,*,*,*,*,*,*,*,*,*,*,*,*,*,*,*,*,*,*,*,*,*,*,*,1,1,*,*,*,*,*,*,*,*,*,*,*,*,*,*,*
533404393,0,,,10,4,6,0,0,0,10,4,6,5,4,1,10,4,6,10,4,6,5,0,5,4,0,4,2,0,2,0,0,0,0,0,0,6,6,4,1,0,1,0,0,0,2,1,1,0,5,0,3,0
533404394,0,,,128,66,62,18,9,9,110,57,53,71,39,32,109,56,53,108,56,52,39,18,21,16,8,8,4,1,3,2,0,2,0,0,0,54,54,14,19,10,9,2,0,0,40,36,4,3,26,0,6,7
533404422,0,,,41,20,21,4,1,3,37,19,18,11,7,4,37,19,18,37,19,18,26,12,14,9,4,5,3,1,2,0,0,0,0,0,0,14,14,0,6,5,2,0,1,0,14,11,3,0,13,0,0,5
533404423,0,,,43,21,22,0,0,0,43,21,22,17,9,8,43,21,22,42,20,22,26,12,14,17,8,9,6,2,4,1,0,1,0,0,0,18,18,4,6,5,3,0,0,0,14,9,5,0,17,0,4,3
533404424,0,,,14,6,8,1,0,1,13,6,7,6,2,4,13,6,7,12,6,6,7,4,3,3,1,2,1,0,1,0,0,0,0,0,0,7,7,2,3,2,0,0,0,0,5,4,1,0,5,0,1,3
533404431,0,,,28,14,14,0,0,0,28,14,14,10,6,4,26,13,13,26,13,13,18,8,10,10,4,6,6,2,4,1,0,1,0,0,0,12,12,4,4,2,1,0,1,0,8,5,3,0,12,0,4,3
533404432,0,,,19,9,10,2,0,2,17,9,8,11,6,5,17,9,8,17,9,8,6,3,3,2,1,1,1,0,1,0,0,0,0,0,0,6,6,0,2,3,0,0,1,0,6,3,3,1,4,0,0,1
533404433,0,,,16,9,7,1,1,0,15,8,7,6,4,2,14,7,7,14,7,7,9,4,5,4,1,3,3,1,2,0,0,0,0,0,0,7,7,2,2,2,1,0,0,0,5,4,1,0,6,0,2,2
533404434,0,,,44,19,25,3,2,1,41,17,24,15,8,7,41,17,24,41,17,24,26,9,17,16,5,11,6,2,4,0,0,0,0,0,0,20,20,7,8,2,1,1,1,0,13,10,3,1,18,0,6,5
533404443,0,,,27,14,13,2,1,1,25,13,12,14,8,6,23,12,11,22,11,11,11,5,6,2,1,1,0,0,0,0,0,0,0,0,0,8,8,1,2,2,0,2,1,0,7,4,3,0,7,0,1,2
533404444,0,,,10,5,5,0,0,0,10,5,5,4,2,2,10,5,5,10,5,5,6,3,3,1,0,1,0,0,0,0,0,0,0,0,0,6,6,3,2,1,0,0,0,0,3,3,0,0,4,0,2,1
533404451,2,533404453,,4,3,1,*,*,*,*,*,*,*,*,*,*,*,*,*,*,*,*,*,*,*,*,*,*,*,*,*,*,*,*,*,*,1,1,*,*,*,*,*,*,*,*,*,*,*,*,*,*,*
533404453,1,,533404451,48,23,25,4,4,0,48,22,26,26,14,12,46,21,25,46,21,25,22,8,14,9,1,8,5,1,4,0,0,0,1,0,1,23,23,8,6,8,2,0,0,0,16,12,4,2,14,0,5,2
533404454,0,,,10,5,5,2,1,1,8,4,4,6,3,3,8,4,4,8,4,4,2,1,1,2,1,1,0,0,0,0,0,0,0,0,0,4,4,1,1,1,1,0,0,0,3,3,0,1,1,0,0,1
533404461,1,,533404463;533404464,17,5,12,1,0,1,19,8,11,9,2,7,19,8,11,19,8,11,10,6,4,3,2,1,1,1,0,0,0,0,0,0,0,6,6,1,4,2,0,1,0,0,7,5,2,0,7,0,1,3
533404462,0,,,10,5,5,2,1,1,8,4,4,5,3,2,8,4,4,8,4,4,3,1,2,2,1,1,0,0,0,0,0,0,0,0,0,4,4,0,3,0,1,0,0,0,4,4,0,1,2,0,0,1
533404463,2,533404461,,2,2,0,*,*,*,*,*,*,*,*,*,*,*,*,*,*,*,*,*,*,*,*,*,*,*,*,*,*,*,*,*,*,1,1,*,*,*,*,*,*,*,*,*,*,*,*,*,*,*
533404464,2,533404461,,1,1,0,*,*,*,*,*,*,*,*,*,*,*,*,*,*,*,*,*,*,*,*,*,*,*,*,*,*,*,*,*,*,1,1,*,*,*,*,*,*,*,*,*,*,*,*,*,*,*
533404521,0,,,27,13,14,6,3,3,21,10,11,12,7,5,20,9,11,20,9,11,9,3,6,3,1,2,1,0,1,0,0,0,0,0,0,10,10,1,5,2,0,2,0,0,8,7,1,1,6,0,1,3
533404522,0,,,15,7,8,3,2,1,12,5,7,5,3,2,11,5,6,11,5,6,7,2,5,4,1,3,1,0,1,0,0,0,0,0,0,5,5,1,2,0,1,0,1,0,4,3,1,0,4,0,1,1
533404524,0,,,56,33,23,15,11,4,38,19,19,28,14,14,37,19,18,36,18,18,10,5,5,5,3,2,4,2,2,0,0,0,0,0,0,20,20,9,2,2,2,3,0,2,11,8,3,2,5,1,0,2
533404562,1,,533404564,87,42,45,9,5,4,83,40,43,43,23,20,81,38,43,80,38,42,40,17,23,20,7,13,8,1,7,2,0,2,0,0,0,32,32,9,11,4,6,2,0,2,25,16,9,3,28,0,7,6
533404564,2,533404562,,5,3,2,*,*,*,*,*,*,*,*,*,*,*,*,*,*,*,*,*,*,*,*,*,*,*,*,*,*,*,*,*,*,2,2,*,*,*,*,*,*,*,*,*,*,*,*,*,*,*
533404621,2,533404622,,11,5,6,*,*,*,*,*,*,*,*,*,*,*,*,*,*,*,*,*,*,*,*,*,*,*,*,*,*,*,*,*,*,3,3,*,*,*,*,*,*,*,*,*,*,*,*,*,*,*
533404622,1,,533404621;533404713,13,7,6,3,2,1,23,11,12,16,7,9,22,10,12,22,10,12,7,4,3,1,1,0,1,1,0,0,0,0,0,0,0,6,6,4,2,0,2,2,0,0,6,4,2,0,4,3,0,1
533404651,0,,,46,24,22,13,5,8,33,19,14,20,10,10,32,19,13,32,19,13,13,9,4,4,4,0,0,0,0,0,0,0,1,0,1,16,16,5,4,2,2,0,2,1,11,10,1,1,9,0,5,2
533404652,0,,,41,19,22,0,0,0,41,19,22,13,7,6,41,19,22,41,19,22,28,12,16,12,5,7,3,1,2,0,0,0,0,0,0,22,22,10,7,3,2,0,0,0,12,10,2,0,19,1,8,4
533404713,2,533404622,,2,1,1,*,*,*,*,*,*,*,*,*,*,*,*,*,*,*,*,*,*,*,*,*,*,*,*,*,*,*,*,*,*,1,1,*,*,*,*,*,*,*,*,*,*,*,*,*,*,*
533404773,0,,,24,9,15,0,0,0,24,9,15,9,5,4,24,9,15,24,9,15,15,4,11,8,1,7,6,0,6,0,0,0,0,0,0,12,12,6,2,2,2,0,0,0,6,3,3,0,11,0,6,1
533404844,0,,,45,23,22,3,2,1,42,21,21,24,13,11,41,21,20,41,21,20,18,8,10,11,3,8,6,1,5,0,0,0,0,0,0,18,18,5,4,5,3,1,0,0,13,10,3,2,12,0,2,2
533404852,0,,,84,44,40,5,2,3,79,42,37,53,29,24,75,38,37,73,37,36,26,13,13,13,5,8,4,1,3,0,0,0,1,0,1,31,31,6,10,8,4,2,0,1,25,18,7,2,22,0,6,1
533404853,0,,,89,48,41,15,8,7,74,40,34,50,28,22,72,39,33,70,37,33,24,12,12,15,8,7,8,5,3,1,0,1,1,0,1,27,27,3,4,6,11,2,1,0,24,12,12,0,15,0,2,2
533404861,0,,,10,6,4,0,0,0,10,6,4,2,2,0,10,6,4,10,6,4,8,4,4,6,4,2,2,2,0,0,0,0,0,0,0,5,5,2,1,2,0,0,0,0,3,1,2,0,5,0,2,1
533404863,0,,,84,46,38,4,2,2,80,44,36,40,23,17,78,42,36,77,41,36,40,21,19,24,14,10,9,7,2,0,0,0,1,0,1,33,33,7,13,7,2,2,2,0,26,19,7,1,27,0,5,7
533404871,0,,,21,11,10,2,1,1,19,10,9,7,3,4,18,9,9,18,9,9,12,7,5,10,6,4,4,2,2,0,0,0,0,0,0,10,10,2,5,3,0,0,0,0,8,7,1,0,8,0,2,4
533404883,0,,,59,32,27,2,0,2,57,32,25,29,19,10,54,30,24,53,29,24,28,13,15,21,10,11,8,6,2,1,1,0,0,0,0,21,21,4,6,5,3,2,1,0,17,9,8,1,18,0,2,6
533404914,0,,,68,32,36,3,2,1,65,30,35,26,12,14,64,29,35,63,28,35,39,18,21,23,8,15,6,2,4,0,0,0,0,0,0,29,29,8,13,4,0,3,0,1,21,17,4,0,26,0,7,11
533404923,0,,,27,12,15,0,0,0,27,12,15,7,2,5,27,12,15,27,12,15,20,10,10,12,4,8,8,2,6,3,1,2,0,0,0,14,14,4,7,3,0,0,0,0,10,9,1,0,13,0,3,5
533404962,0,,,8,4,4,0,0,0,8,4,4,4,2,2,8,4,4,8,4,4,4,2,2,3,1,2,2,1,1,1,1,0,0,0,0,4,4,0,4,0,0,0,0,0,4,4,0,0,2,0,0,2
533404963,0,,,46,19,27,3,1,2,43,18,25,17,5,12,41,18,23,41,18,23,26,13,13,14,7,7,4,2,2,0,0,0,1,0,1,19,19,5,7,3,2,2,0,0,14,9,5,1,18,0,5,6
533404964,0,,,20,11,9,0,0,0,20,11,9,11,6,5,19,11,8,18,10,8,9,5,4,4,2,2,2,1,1,0,0,0,0,0,0,10,10,4,3,2,1,0,0,0,6,6,0,0,7,0,4,1
533404972,2,533404974,,2,0,2,*,*,*,*,*,*,*,*,*,*,*,*,*,*,*,*,*,*,*,*,*,*,*,*,*,*,*,*,*,*,2,2,*,*,*,*,*,*,*,*,*,*,*,*,*,*,*
533404973,2,533404974,,9,3,6,*,*,*,*,*,*,*,*,*,*,*,*,*,*,*,*,*,*,*,*,*,*,*,*,*,*,*,*,*,*,3,3,*,*,*,*,*,*,*,*,*,*,*,*,*,*,*
533404974,1,,533404972;533404973;533404981;533404983,193,91,102,19,9,10,193,87,106,111,54,57,185,82,103,180,79,101,82,33,49,52,20,32,16,7,9,0,0,0,0,0,0,73,73,27,22,13,12,4,2,3,56,41,15,4,60,0,21,11
533404981,2,533404974,,2,0,2,*,*,*,*,*,*,*,*,*,*,*,*,*,*,*,*,*,*,*,*,*,*,*,*,*,*,*,*,*,*,1,1,*,*,*,*,*,*,*,*,*,*,*,*,*,*,*
533404983,2,533404974,,6,2,4,*,*,*,*,*,*,*,*,*,*,*,*,*,*,*,*,*,*,*,*,*,*,*,*,*,*,*,*,*,*,4,4,*,*,*,*,*,*,*,*,*,*,*,*,*,*,*
533405022,2,533405031,,3,1,2,*,*,*,*,*,*,*,*,*,*,*,*,*,*,*,*,*,*,*,*,*,*,*,*,*,*,*,*,*,*,1,1,*,*,*,*,*,*,*,*,*,*,*,*,*,*,*
533405031,1,,533405022,193,90,103,22,9,13,174,82,92,94,44,50,168,80,88,168,80,88,80,38,42,42,20,22,14,7,7,3,2,1,2,0,2,73,73,15,24,19,8,5,2,1,59,42,17,6,54,0,12,14
533405032,0,,,53,29,24,10,6,4,43,23,20,26,15,11,41,22,19,41,22,19,17,8,9,16,8,8,7,5,2,0,0,0,0,0,0,17,17,4,4,4,2,1,0,2,13,9,4,3,11,0,3,3
533405033,0,,,53,26,27,4,2,2,49,24,25,24,15,9,49,24,25,49,24,25,25,9,16,18,8,10,7,1,6,1,0,1,0,0,0,21,21,4,9,3,4,0,1,0,17,12,5,0,17,0,4,4
533405034,0,,,58,25,33,3,2,1,55,23,32,40,17,23,53,22,31,52,21,31,15,6,9,10,3,7,7,2,5,0,0,0,0,0,0,21,21,3,7,6,3,1,1,0,18,14,4,1,9,2,1,2
533405043,0,,,76,39,37,4,3,1,72,36,36,28,14,14,70,35,35,70,35,35,44,22,22,18,8,10,10,3,7,0,0,0,0,0,0,34,34,10,13,6,4,0,1,0,24,19,5,1,29,0,9,9
533405091,0,,,43,22,21,1,1,0,42,21,21,20,11,9,42,21,21,42,21,21,22,10,12,17,8,9,7,4,3,1,1,0,0,0,0,13,13,0,5,2,4,1,1,0,13,6,7,0,11,0,0,3
533405092,0,,,22,11,11,3,2,1,19,9,10,13,7,6,19,9,10,19,9,10,6,2,4,2,0,2,1,0,1,0,0,0,1,1,0,7,7,1,3,1,0,1,0,1,6,4,2,1,4,0,0,0
533405141,2,533405142,,11,4,7,*,*,*,*,*,*,*,*,*,*,*,*,*,*,*,*,*,*,*,*,*,*,*,*,*,*,*,*,*,*,5,5,*,*,*,*,*,*,*,*,*,*,*,*,*,*,*
533405142,1,,533405141,50,27,23,9,7,2,52,24,28,35,17,18,51,23,28,51,23,28,17,7,10,10,4,6,3,1,2,1,0,1,0,0,0,20,20,7,11,2,2,1,1,1,18,16,2,2,14,0,5,3
533405151,0,,,17,7,10,0,0,0,17,7,10,10,3,7,16,7,9,16,7,9,7,4,3,6,3,3,1,1,0,0,0,0,0,0,0,5,5,0,1,3,0,0,1,0,5,2,3,0,4,0,0,1
533405153,0,,,103,49,54,5,3,2,98,46,52,48,27,21,95,45,50,92,44,48,50,19,31,29,8,21,12,1,11,3,0,3,0,0,0,43,43,13,19,1,7,1,0,2,30,24,6,0,31,0,11,9
533405154,0,,,39,17,22,4,2,2,35,15,20,22,10,12,34,15,19,31,14,17,13,5,8,5,2,3,3,0,3,0,0,0,0,0,0,17,17,6,5,3,1,2,0,0,11,10,1,1,8,0,3,3
533405163,2,533405252,,8,4,4,*,*,*,*,*,*,*,*,*,*,*,*,*,*,*,*,*,*,*,*,*,*,*,*,*,*,*,*,*,*,3,3,*,*,*,*,*,*,*,*,*,*,*,*,*,*,*
533405251,2,533405252,,6,5,1,*,*,*,*,*,*,*,*,*,*,*,*,*,*,*,*,*,*,*,*,*,*,*,*,*,*,*,*,*,*,3,3,*,*,*,*,*,*,*,*,*,*,*,*,*,*,*
533405252,1,,533405163;533405251,72,34,38,3,2,1,83,41,42,57,30,27,79,40,39,78,40,38,26,11,15,16,6,10,8,2,6,0,0,0,3,2,1,28,28,6,15,7,3,1,2,0,28,22,6,0,17,3,2,3
533405261,1,,533405262,187,96,91,20,13,7,175,87,88,97,51,46,170,85,85,169,85,84,78,36,42,46,17,29,21,8,13,2,0,2,2,1,1,96,96,45,31,12,7,1,2,1,54,48,6,4,56,3,25,13
533405262,2,533405261,,9,5,4,*,*,*,*,*,*,*,*,*,*,*,*,*,*,*,*,*,*,*,*,*,*,*,*,*,*,*,*,*,*,3,3,*,*,*,*,*,*,*,*,*,*,*,*,*,*,*
533405263,0,,,52,25,27,7,3,4,45,22,23,23,14,9,43,20,23,43,20,23,22,8,14,12,4,8,7,3,4,1,0,1,0,0,0,19,19,5,5,2,5,1,1,0,14,10,4,1,13,0,4,4
533405264,0,,,16,8,8,0,0,0,16,8,8,6,4,2,16,8,8,16,8,8,10,4,6,5,1,4,4,1,3,0,0,0,0,0,0,8,8,3,3,1,1,0,0,0,5,3,2,0,6,0,2,2
533405271,2,533405272,,6,2,4,*,*,*,*,*,*,*,*,*,*,*,*,*,*,*,*,*,*,*,*,*,*,*,*,*,*,*,*,*,*,3,3,*,*,*,*,*,*,*,*,*,*,*,*,*,*,*
533405272,1,,533405271,16,9,7,0,0,0,22,11,11,8,4,4,22,11,11,22,11,11,14,7,7,9,3,6,3,1,2,0,0,0,0,0,0,8,8,3,6,1,1,0,0,0,8,6,2,0,9,0,2,2
533405303,0,,,22,10,12,4,1,3,18,9,9,10,5,5,18,9,9,18,9,9,8,4,4,3,2,1,0,0,0,0,0,0,0,0,0,9,9,3,3,2,0,0,0,1,6,5,1,2,4,1,0,2
533405361,2,533405364,,8,4,4,*,*,*,*,*,*,*,*,*,*,*,*,*,*,*,*,*,*,*,*,*,*,*,*,*,*,*,*,*,*,2,2,*,*,*,*,*,*,*,*,*,*,*,*,*,*,*
533405362,2,533405364,,3,2,1,*,*,*,*,*,*,*,*,*,*,*,*,*,*,*,*,*,*,*,*,*,*,*,*,*,*,*,*,*,*,2,2,*,*,*,*,*,*,*,*,*,*,*,*,*,*,*
533405364,1,,533405361;533405362,52,27,25,9,7,2,54,26,28,30,14,16,53,26,27,53,26,27,24,12,12,12,6,6,4,1,3,1,1,0,0,0,0,17,17,5,6,3,3,1,1,2,16,10,6,3,15,1,3,3
533405373,0,,,60,30,30,9,5,4,51,25,26,29,15,14,51,25,26,50,25,25,22,10,12,14,7,7,3,1,2,0,0,0,0,0,0,17,17,3,4,1,3,2,4,0,14,6,8,3,14,0,2,3
533405374,0,,,17,9,8,0,0,0,17,9,8,12,8,4,17,9,8,17,9,8,5,1,4,3,1,2,0,0,0,0,0,0,0,0,0,10,10,5,3,2,0,0,0,0,5,5,0,0,4,0,2,1
533405383,0,,,70,28,42,1,0,1,69,28,41,29,14,15,69,28,41,69,28,41,40,14,26,19,3,16,11,3,8,1,1,0,0,0,0,30,30,5,14,8,2,1,0,0,25,18,7,0,26,0,4,6
533405392,0,,,34,17,17,3,3,0,31,14,17,16,7,9,31,14,17,31,14,17,15,7,8,10,4,6,5,2,3,1,0,1,0,0,0,8,8,0,2,1,2,1,1,1,8,2,6,2,8,0,0,2
533405393,0,,,27,11,16,4,0,4,23,11,12,10,5,5,23,11,12,23,11,12,13,6,7,9,5,4,2,1,1,0,0,0,0,0,0,9,9,1,5,2,0,0,0,1,8,5,3,1,8,0,1,3
533405394,0,,,57,25,32,3,1,2,54,24,30,23,10,13,53,24,29,53,24,29,31,14,17,17,6,11,7,0,7,0,0,0,0,0,0,25,25,8,9,5,0,2,1,0,17,13,4,1,20,0,5,7
533405401,0,,,69,32,37,6,2,4,63,30,33,31,12,19,58,28,30,58,28,30,32,18,14,15,8,7,4,2,2,0,0,0,1,0,1,23,23,7,4,3,4,1,4,0,16,7,9,1,20,0,4,4
533405402,0,,,93,44,49,8,4,4,85,40,45,45,21,24,82,39,43,80,38,42,40,19,21,14,4,10,7,3,4,0,0,0,0,0,0,36,36,11,11,4,6,1,2,1,25,17,8,1,28,0,8,7
533405404,0,,,88,50,38,2,0,2,86,50,36,43,23,20,85,49,36,84,48,36,43,27,16,16,10,6,7,6,1,1,1,0,0,0,0,39,39,13,11,10,3,1,1,0,26,19,7,0,32,0,12,6
533405413,0,,,115,59,56,17,12,5,98,47,51,58,28,30,94,45,49,93,44,49,40,19,21,25,12,13,9,3,6,0,0,0,2,1,1,51,51,17,18,9,2,3,2,0,34,31,3,5,28,1,10,6
533405414,0,,,91,43,48,15,6,9,76,37,39,33,18,15,73,35,38,72,35,37,43,19,24,28,11,17,9,4,5,0,0,0,1,0,1,32,32,5,12,5,6,2,1,1,27,21,6,5,27,0,5,9
533405461,0,,,66,36,30,0,0,0,66,36,30,51,28,23,64,35,29,63,34,29,15,8,7,5,2,3,1,1,0,0,0,0,0,0,0,6,5,2,1,0,0,2,0,0,3,1,2,0,4,0,1,0
533405462,0,,,93,44,49,22,10,12,71,34,37,49,24,25,63,29,34,63,29,34,22,10,12,12,4,8,4,1,3,1,0,1,0,0,0,26,26,1,5,7,6,5,2,0,25,16,9,4,14,0,1,3
533405471,1,,533405472,17,9,8,3,2,1,19,9,10,10,6,4,19,9,10,19,9,10,9,3,6,6,2,4,2,2,0,0,0,0,0,0,0,8,8,3,2,2,1,1,0,0,6,4,2,1,6,0,2,2
533405472,2,533405471,,5,2,3,*,*,*,*,*,*,*,*,*,*,*,*,*,*,*,*,*,*,*,*,*,*,*,*,*,*,*,*,*,*,1,1,*,*,*,*,*,*,*,*,*,*,*,*,*,*,*
533405481,0,,,10,6,4,0,0,0,10,6,4,5,4,1,10,6,4,10,6,4,5,2,3,3,1,2,1,0,1,0,0,0,0,0,0,5,5,3,0,1,1,0,0,0,2,1,1,0,3,0,1,0
533405482,0,,,32,16,16,1,1,0,31,15,16,16,9,7,30,15,15,29,14,15,15,6,9,10,3,7,5,2,3,0,0,0,0,0,0,16,16,7,5,2,1,1,0,0,9,7,2,0,12,0,5,1
533405491,0,,,54,28,26,3,1,2,51,27,24,30,17,13,50,27,23,49,26,23,21,10,11,15,8,7,7,4,3,2,1,1,0,0,0,21,21,5,7,4,4,0,0,1,16,12,4,1,13,0,2,5
533405492,0,,,41,18,23,4,0,4,37,18,19,21,11,10,32,14,18,32,14,18,16,7,9,5,2,3,2,0,2,1,0,1,0,0,0,12,12,1,3,4,2,0,0,2,11,5,6,1,9,0,1,2
533405502,0,,,16,9,7,0,0,0,16,9,7,7,4,3,14,8,6,14,8,6,9,5,4,5,2,3,2,1,1,0,0,0,0,0,0,8,8,3,2,3,0,0,0,0,5,5,0,0,7,0,3,1
533405504,0,,,50,26,24,6,4,2,44,22,22,25,15,10,42,21,21,42,21,21,19,7,12,10,4,6,2,0,2,0,0,0,0,0,0,20,20,5,8,3,2,1,0,1,15,12,3,1,13,0,3,4
533405511,0,,,243,120,123,23,13,10,220,107,113,133,70,63,209,99,110,206,96,110,87,37,50,53,17,36,20,5,15,1,0,1,0,0,0,88,88,13,32,17,19,3,4,0,75,56,19,8,59,0,10,14
533405512,0,,,179,84,95,27,16,11,152,68,84,93,43,50,142,65,77,139,63,76,59,25,34,34,11,23,13,2,11,2,0,2,0,0,0,68,68,18,17,12,15,5,1,0,50,38,12,7,43,1,15,9
533405514,0,,,37,18,19,0,0,0,37,18,19,21,10,11,35,18,17,35,18,17,16,8,8,11,6,5,3,2,1,0,0,0,0,0,0,13,13,0,8,2,1,1,1,0,13,10,3,0,10,0,0,5
533405521,0,,,75,15,60,0,0,0,75,15,60,2,2,0,75,15,60,75,15,60,73,13,60,70,13,57,54,6,48,16,2,14,0,0,0,1,0,0,0,0,0,0,0,0,0,0,0,0,0,0,0,0
533405523,0,,,53,22,31,3,2,1,50,20,30,14,9,5,47,17,30,47,17,30,36,11,25,25,7,18,14,3,11,5,1,4,0,0,0,12,11,1,5,2,0,1,1,1,10,6,4,0,9,0,1,3
533405524,0,,,115,61,54,8,6,2,107,55,52,51,27,24,105,54,51,103,53,50,56,28,28,31,13,18,14,7,7,0,0,0,0,0,0,44,44,11,16,6,6,1,3,1,32,20,12,2,37,0,8,11
533405531,2,533405533,,4,2,2,*,*,*,*,*,*,*,*,*,*,*,*,*,*,*,*,*,*,*,*,*,*,*,*,*,*,*,*,*,*,1,1,*,*,*,*,*,*,*,*,*,*,*,*,*,*,*
533405533,1,,533405531,53,30,23,3,2,1,54,30,24,28,17,11,54,30,24,54,30,24,26,13,13,13,7,6,4,2,2,0,0,0,0,0,0,25,25,10,7,4,4,1,0,0,16,14,2,0,20,0,8,4
533405553,2,533405554,,5,1,4,*,*,*,*,*,*,*,*,*,*,*,*,*,*,*,*,*,*,*,*,*,*,*,*,*,*,*,*,*,*,3,3,*,*,*,*,*,*,*,*,*,*,*,*,*,*,*
533405554,1,,533405553,14,10,4,0,0,0,19,11,8,10,7,3,19,11,8,19,11,8,9,4,5,5,4,1,1,1,0,0,0,0,0,0,0,8,8,5,4,2,0,0,0,0,6,6,0,0,7,0,3,1
533405564,2,533405671,,13,6,7,*,*,*,*,*,*,*,*,*,*,*,*,*,*,*,*,*,*,*,*,*,*,*,*,*,*,*,*,*,*,3,3,*,*,*,*,*,*,*,*,*,*,*,*,*,*,*
533405574,1,,533405583,35,17,18,7,4,3,33,15,18,13,6,7,32,15,17,32,15,17,20,9,11,6,2,4,3,1,2,0,0,0,0,0,0,15,15,5,9,2,0,1,1,0,12,10,2,0,14,0,5,4
533405583,2,533405574,,5,2,3,*,*,*,*,*,*,*,*,*,*,*,*,*,*,*,*,*,*,*,*,*,*,*,*,*,*,*,*,*,*,3,3,*,*,*,*,*,*,*,*,*,*,*,*,*,*,*
533405602,0,,,11,6,5,3,2,1,8,4,4,5,2,3,7,4,3,7,4,3,3,2,1,2,2,0,1,1,0,0,0,0,0,0,0,4,4,1,1,0,2,0,0,0,3,3,0,1,2,0,1,1
533405632,0,,,38,18,20,2,1,1,36,17,19,13,7,6,35,17,18,35,17,18,23,10,13,14,5,9,7,2,5,1,0,1,1,0,1,16,16,3,7,5,0,0,1,0,13,9,4,1,13,0,2,5
533405641,0,,,61,31,30,7,4,3,54,27,27,28,15,13,49,24,25,49,24,25,26,12,14,12,6,6,3,0,3,0,0,0,0,0,0,22,22,6,7,3,1,3,1,1,16,11,5,2,16,0,5,3
533405642,0,,,84,40,44,6,3,3,78,37,41,36,19,17,78,37,41,77,36,41,42,18,24,25,11,14,8,2,6,0,0,0,0,0,0,33,32,5,13,8,4,1,0,1,27,20,7,2,26,0,3,7
533405644,0,,,83,41,42,3,2,1,80,39,41,37,19,18,79,38,41,79,38,41,43,20,23,25,10,15,10,3,7,4,0,4,2,0,2,36,36,10,14,4,7,1,0,0,26,18,8,1,29,0,7,6
533405651,0,,,80,33,47,10,3,7,70,30,40,42,19,23,68,29,39,67,29,38,28,11,17,15,5,10,5,0,5,0,0,0,0,0,0,31,31,4,14,6,5,2,0,0,27,20,7,1,19,0,1,8
533405652,0,,,172,75,97,26,12,14,146,63,83,98,43,55,142,61,81,138,61,77,48,20,28,22,11,11,7,3,4,0,0,0,1,0,1,65,65,16,15,16,12,6,0,0,49,38,11,7,32,0,8,4
533405653,0,,,20,8,12,0,0,0,20,8,12,6,2,4,20,8,12,20,8,12,14,6,8,6,3,3,4,2,2,0,0,0,0,0,0,9,9,2,4,2,1,0,0,0,7,5,2,0,8,0,2,3
533405661,0,,,122,63,59,12,7,5,110,56,54,61,32,29,105,52,53,102,49,53,49,24,25,28,15,13,10,5,5,0,0,0,1,0,1,40,40,4,13,10,9,1,2,1,36,25,11,3,29,0,3,8
533405662,0,,,18,7,11,0,0,0,18,7,11,8,3,5,18,7,11,18,7,11,10,4,6,4,1,3,3,0,3,0,0,0,0,0,0,8,8,2,4,0,2,0,0,0,6,5,1,0,7,0,2,2
533405671,1,,533405564,225,109,116,33,16,17,205,99,106,116,59,57,198,93,105,193,89,104,89,40,49,49,23,26,20,9,11,3,1,2,0,0,0,74,74,5,31,19,9,4,5,4,72,56,16,9,53,0,4,18
533405672,0,,,131,58,73,17,9,8,114,49,65,55,26,29,110,47,63,109,47,62,59,23,36,28,8,20,13,1,12,2,0,2,0,0,0,49,49,10,17,11,4,4,3,0,39,25,14,2,38,0,9,10
533405674,0,,,17,8,9,3,2,1,14,6,8,9,4,5,14,6,8,12,4,8,5,2,3,4,1,3,2,0,2,0,0,0,1,0,1,6,6,2,2,0,0,1,1,0,4,2,2,0,4,0,1,1
533405681,0,,,34,16,18,1,0,1,33,16,17,15,7,8,32,16,16,30,15,15,18,9,9,6,3,3,0,0,0,0,0,0,0,0,0,12,12,0,6,3,2,1,0,0,12,10,2,0,11,0,0,5
533405683,0,,,72,36,36,8,4,4,64,32,32,35,19,16,60,30,30,60,30,30,29,13,16,22,7,15,10,3,7,0,0,0,0,0,0,27,27,6,8,6,6,0,0,1,20,15,5,3,20,0,6,7
533405684,0,,,82,43,39,15,10,5,67,33,34,25,12,13,66,33,33,66,33,33,42,21,21,21,10,11,7,3,4,1,0,1,0,0,0,31,31,5,15,5,2,2,0,2,26,21,5,4,25,1,4,10
533405693,1,,533405694,250,115,135,32,13,19,222,103,119,119,60,59,215,100,115,211,97,114,103,43,60,49,19,30,17,4,13,2,1,1,6,0,6,103,103,33,33,16,16,5,2,1,73,60,13,5,63,5,15,19
533405694,2,533405693,,5,2,3,*,*,*,*,*,*,*,*,*,*,*,*,*,*,*,*,*,*,*,*,*,*,*,*,*,*,*,*,*,*,3,3,*,*,*,*,*,*,*,*,*,*,*,*,*,*,*
533405781,0,,,29,12,17,0,0,0,29,12,17,13,7,6,28,12,16,27,12,15,16,5,11,11,3,8,4,2,2,1,0,1,2,0,2,11,11,3,1,4,3,0,0,0,8,3,5,0,11,0,3,1
533405782,0,,,71,36,35,6,3,3,65,33,32,40,19,21,60,30,30,59,29,30,25,14,11,15,7,8,3,1,2,0,0,0,0,0,0,23,23,5,3,8,3,2,1,1,18,11,7,2,17,1,4,3
533405791,0,,,240,117,123,42,22,20,197,95,102,141,68,73,189,89,100,188,88,100,56,27,29,27,12,15,11,4,7,2,0,2,3,0,3,107,107,37,33,16,16,5,0,0,69,63,6,13,39,4,11,11
533405792,0,,,21,8,13,4,0,4,17,8,9,12,6,6,17,8,9,17,8,9,5,2,3,3,1,2,1,0,1,1,0,1,0,0,0,9,9,3,2,2,2,0,0,0,6,5,1,3,2,0,0,1
533405894,0,,,108,55,53,24,12,12,84,43,41,55,29,26,82,41,41,79,38,41,29,14,15,16,6,10,4,0,4,1,0,1,0,0,0,42,42,11,13,6,7,5,0,0,31,29,2,8,21,0,10,6
533405943,2,533405961,,2,2,0,*,*,*,*,*,*,*,*,*,*,*,*,*,*,*,*,*,*,*,*,*,*,*,*,*,*,*,*,*,*,2,2,*,*,*,*,*,*,*,*,*,*,*,*,*,*,*
533405961,1,,533405943,84,35,49,10,4,6,76,33,43,36,17,19,72,31,41,72,31,41,40,16,24,21,8,13,9,3,6,2,0,2,0,0,0,31,31,7,11,9,3,1,1,1,26,18,8,2,25,0,5,6
533405962,0,,,10,5,5,0,0,0,10,5,5,3,2,1,10,5,5,10,5,5,7,3,4,5,2,3,2,1,1,0,0,0,0,0,0,7,7,4,3,0,0,0,0,0,3,3,0,0,5,0,3,2
533405964,0,,,70,31,39,9,7,2,61,24,37,31,14,17,59,24,35,59,24,35,30,10,20,18,5,13,9,1,8,1,0,1,0,0,0,24,24,7,6,3,2,3,2,1,17,8,9,2,23,0,7,6
533405972,2,533405974,,5,3,2,*,*,*,*,*,*,*,*,*,*,*,*,*,*,*,*,*,*,*,*,*,*,*,*,*,*,*,*,*,*,1,1,*,*,*,*,*,*,*,*,*,*,*,*,*,*,*
533405973,0,,,11,5,6,1,1,0,10,4,6,5,3,2,9,4,5,8,3,5,5,1,4,3,0,3,1,0,1,0,0,0,0,0,0,5,5,3,0,1,0,1,0,0,2,2,0,0,4,0,3,0
533405974,1,,533405972,112,54,58,16,9,7,101,48,53,55,29,26,99,46,53,99,46,53,46,19,27,26,10,16,11,4,7,0,0,0,0,0,0,38,38,8,12,6,4,6,1,2,31,18,13,2,34,0,8,4
533405981,0,,,27,11,16,1,0,1,26,11,15,18,8,10,22,10,12,22,10,12,8,3,5,3,1,2,1,0,1,1,0,1,0,0,0,11,11,3,3,2,3,0,0,0,8,8,0,1,6,0,3,1
533405982,0,,,107,53,54,16,11,5,91,42,49,56,26,30,88,42,46,85,39,46,35,16,19,19,8,11,11,3,8,1,0,1,0,0,0,31,31,5,6,6,6,3,3,2,25,14,11,4,24,0,4,4
533405983,0,,,49,21,28,6,2,4,43,19,24,27,16,11,42,19,23,39,16,23,16,3,13,10,1,9,6,0,6,0,0,0,0,0,0,16,16,3,4,3,3,1,2,0,13,6,7,3,12,0,3,2
533405984,0,,,25,11,14,1,1,0,24,10,14,16,7,9,23,9,14,22,8,14,8,3,5,5,1,4,4,1,3,0,0,0,0,0,0,8,8,3,0,2,1,1,0,1,5,3,2,0,6,0,3,0
533405991,0,,,84,41,43,18,8,10,64,32,32,32,16,16,62,31,31,61,30,31,32,16,16,18,10,8,10,4,6,1,0,1,0,0,0,29,29,5,10,6,4,1,1,2,23,15,8,2,22,0,5,5
533405992,0,,,43,18,25,6,2,4,36,15,21,14,7,7,36,15,21,36,15,21,22,8,14,14,5,9,5,2,3,0,0,0,0,0,0,22,22,9,9,1,2,1,0,0,12,10,2,1,14,0,3,6
533405993,0,,,14,7,7,3,2,1,11,5,6,7,3,4,11,5,6,11,5,6,4,2,2,2,0,2,1,0,1,0,0,0,0,0,0,4,4,1,0,2,0,0,0,1,3,1,2,1,3,0,0,0
533406003,0,,,23,13,10,1,1,0,22,12,10,12,6,6,21,12,9,20,11,9,10,6,4,6,4,2,0,0,0,0,0,0,0,0,0,9,9,2,5,0,0,1,1,0,7,5,2,0,6,0,2,2
533406033,2,533406131,,2,1,1,*,*,*,*,*,*,*,*,*,*,*,*,*,*,*,*,*,*,*,*,*,*,*,*,*,*,*,*,*,*,1,1,*,*,*,*,*,*,*,*,*,*,*,*,*,*,*
533406043,2,533406044,,9,6,3,*,*,*,*,*,*,*,*,*,*,*,*,*,*,*,*,*,*,*,*,*,*,*,*,*,*,*,*,*,*,2,2,*,*,*,*,*,*,*,*,*,*,*,*,*,*,*
533406044,1,,533406043,11,5,6,0,0,0,20,11,9,12,8,4,20,11,9,20,11,9,8,3,5,6,2,4,2,1,1,0,0,0,0,0,0,4,4,1,1,1,2,0,1,0,5,2,3,0,5,0,0,1
533406053,2,533406142,,9,4,5,*,*,*,*,*,*,*,*,*,*,*,*,*,*,*,*,*,*,*,*,*,*,*,*,*,*,*,*,*,*,3,3,*,*,*,*,*,*,*,*,*,*,*,*,*,*,*
533406073,0,,,248,130,118,30,14,16,179,90,89,138,70,68,175,87,88,171,85,86,41,20,21,18,9,9,6,2,4,0,0,0,5,3,2,121,121,60,28,16,7,7,1,2,49,38,11,12,28,7,8,6
533406074,0,,,458,218,240,91,50,41,365,166,199,244,117,127,355,161,194,352,160,192,121,49,72,61,23,38,24,8,16,3,0,3,0,0,0,177,177,39,59,36,28,10,4,1,137,122,15,30,78,2,17,24
533406081,0,,,11,5,6,0,0,0,11,5,6,3,2,1,11,5,6,11,5,6,8,3,5,6,2,4,3,1,2,0,0,0,0,0,0,5,5,1,2,2,0,0,0,0,4,3,1,0,5,0,1,2
533406082,0,,,517,252,265,75,36,39,434,210,224,264,134,130,425,207,218,421,204,217,170,76,94,86,35,51,37,13,24,3,0,3,1,0,1,212,212,60,68,45,24,6,4,5,149,117,32,19,110,4,25,35
533406083,0,,,539,267,272,54,39,15,467,218,249,275,139,136,449,206,243,445,206,239,192,79,113,109,42,67,45,13,32,1,0,1,8,1,7,216,214,62,65,38,27,12,7,3,148,114,34,15,124,6,25,26
533406084,0,,,415,191,224,51,21,30,362,169,193,237,120,117,350,163,187,344,159,185,125,49,76,74,29,45,18,5,13,2,1,1,6,1,5,182,182,58,63,23,28,10,0,0,123,109,14,12,84,6,20,30
533406091,0,,,195,90,105,29,12,17,147,66,81,106,52,54,144,65,79,141,64,77,41,14,27,25,7,18,9,0,9,1,0,1,1,0,1,87,87,34,22,16,8,5,2,0,50,41,9,13,29,1,9,7
533406093,0,,,54,22,32,6,3,3,48,19,29,21,9,12,47,19,28,47,19,28,27,10,17,16,3,13,13,2,11,2,0,2,0,0,0,20,19,5,4,7,2,0,1,0,14,9,5,0,14,1,4,3
533406101,0,,,105,56,49,6,3,3,99,53,46,53,33,20,98,52,46,98,52,46,46,20,26,25,12,13,9,4,5,0,0,0,0,0,0,38,38,6,14,9,3,4,2,0,32,20,12,0,31,0,4,6
533406103,1,,533406104,17,11,6,3,3,0,24,13,11,15,9,6,24,13,11,24,13,11,9,4,5,3,1,2,0,0,0,0,0,0,0,0,0,7,7,2,3,2,2,1,0,0,8,6,2,1,6,1,0,3
533406104,2,533406103,,10,5,5,*,*,*,*,*,*,*,*,*,*,*,*,*,*,*,*,*,*,*,*,*,*,*,*,*,*,*,*,*,*,3,3,*,*,*,*,*,*,*,*,*,*,*,*,*,*,*
533406121,0,,,13,6,7,2,1,1,11,5,6,7,4,3,10,4,6,9,4,5,4,1,3,2,0,2,1,0,1,0,0,0,0,0,0,5,5,3,1,0,0,0,0,1,2,1,1,0,3,0,2,0
533406122,0,,,22,9,13,0,0,0,22,9,13,7,3,4,22,9,13,22,9,13,15,6,9,11,4,7,5,1,4,0,0,0,0,0,0,11,11,3,7,0,0,1,0,0,8,7,1,0,10,0,2,6
533406123,0,,,13,7,6,0,0,0,13,7,6,4,3,1,12,7,5,12,7,5,9,4,5,5,4,1,1,1,0,0,0,0,0,0,0,5,5,0,4,0,0,1,0,0,5,3,2,0,5,0,0,3
533406124,0,,,41,21,20,3,1,2,38,20,18,19,11,8,37,19,18,37,19,18,19,9,10,7,2,5,5,1,4,0,0,0,0,0,0,15,15,4,5,3,2,0,0,1,11,7,4,1,13,0,4,3
533406131,1,,533406033,32,18,14,2,2,0,32,17,15,15,10,5,32,17,15,32,17,15,17,7,10,12,5,7,5,2,3,0,0,0,0,0,0,17,17,9,6,1,0,2,0,0,9,8,1,0,12,0,6,4
533406141,0,,,10,4,6,0,0,0,10,4,6,3,2,1,10,4,6,10,4,6,7,2,5,3,1,2,1,0,1,0,0,0,0,0,0,4,4,2,0,1,0,1,0,0,2,0,2,0,4,0,2,0
533406142,1,,533406053,32,13,19,8,5,3,33,12,21,21,9,12,32,12,20,30,12,18,12,3,9,7,1,6,3,0,3,0,0,0,0,0,0,9,9,3,1,2,3,2,0,1,9,5,4,1,9,0,3,1
533406144,0,,,29,15,14,2,1,1,27,14,13,13,6,7,27,14,13,27,14,13,14,8,6,3,1,2,1,0,1,0,0,0,0,0,0,13,13,3,6,2,2,0,0,0,9,8,1,0,9,0,2,3
533406151,0,,,11,7,4,0,0,0,11,7,4,7,4,3,11,7,4,11,7,4,4,3,1,3,2,1,1,1,0,1,1,0,0,0,0,6,6,3,1,2,0,0,0,0,3,3,0,0,3,0,1,1
533406164,0,,,173,83,90,10,5,5,163,78,85,90,44,46,159,76,83,156,74,82,73,34,39,27,13,14,10,4,6,0,0,0,6,3,3,65,65,14,19,19,5,4,4,0,46,30,16,2,50,0,10,8
533406171,0,,,422,221,201,48,29,19,333,170,163,261,140,121,316,162,154,311,159,152,72,30,42,33,11,22,13,5,8,1,0,1,23,13,10,198,197,88,43,34,19,9,4,0,99,83,16,19,55,20,16,10
533406172,0,,,290,137,153,35,15,20,249,118,131,165,81,84,240,116,124,239,116,123,84,37,47,38,19,19,14,4,10,1,0,1,5,4,1,125,125,48,28,25,13,7,4,0,76,61,15,11,52,10,12,12
533406173,0,,,299,132,167,21,8,13,274,121,153,149,61,88,267,121,146,263,119,144,125,60,65,57,27,30,14,2,12,1,0,1,2,0,2,138,138,50,45,22,17,0,3,1,87,70,17,8,81,3,27,25
533406174,0,,,45,21,24,4,2,2,36,16,20,29,11,18,36,16,20,36,16,20,7,5,2,3,2,1,0,0,0,0,0,0,0,0,0,22,22,12,3,2,4,1,0,0,9,6,3,2,5,2,1,0
533406181,0,,,251,119,132,48,21,27,187,88,99,165,79,86,180,84,96,177,84,93,22,9,13,6,2,4,2,0,2,0,0,0,1,0,1,129,129,67,21,25,14,1,1,0,60,59,1,19,17,12,9,6
533406182,0,,,86,40,46,11,6,5,75,34,41,38,21,17,72,32,40,72,32,40,37,13,24,22,6,16,9,0,9,1,0,1,0,0,0,35,35,11,9,9,4,0,1,1,24,17,7,2,23,1,6,5
533406191,0,,,107,51,56,12,5,7,94,45,49,56,27,29,92,43,49,90,43,47,38,18,20,16,6,10,2,1,1,0,0,0,1,1,0,53,53,17,25,7,2,1,1,0,36,34,2,2,27,2,4,12
533406193,0,,,117,62,55,22,17,5,95,45,50,84,39,45,87,41,46,81,38,43,11,6,5,5,2,3,2,1,1,0,0,0,0,0,0,42,42,10,10,10,5,5,2,0,32,28,4,7,7,0,2,2
533406201,0,,,45,24,21,7,5,2,38,19,19,22,10,12,37,18,19,37,18,19,16,9,7,9,4,5,2,1,1,1,1,0,0,0,0,14,14,5,2,3,0,0,2,2,9,4,5,2,10,0,3,1
533406202,0,,,23,11,12,3,2,1,20,9,11,9,5,4,20,9,11,20,9,11,11,4,7,6,2,4,3,1,2,1,0,1,0,0,0,7,7,0,1,4,1,1,0,0,7,4,3,1,6,0,0,0
533406213,1,,533406311,72,31,41,1,0,1,74,32,42,32,15,17,74,32,42,74,32,42,42,17,25,27,10,17,15,5,10,2,1,1,0,0,0,28,28,4,12,6,6,1,0,0,25,16,9,1,26,0,2,5
533406242,0,,,39,19,20,6,3,3,32,15,17,19,9,10,32,15,17,32,15,17,13,6,7,5,2,3,5,2,3,1,0,1,0,0,0,13,13,2,6,1,2,0,1,1,11,7,4,1,7,0,1,1
533406251,0,,,16,8,8,2,2,0,14,6,8,8,4,4,13,5,8,13,5,8,6,2,4,4,1,3,3,1,2,0,0,0,0,0,0,5,5,1,1,1,1,0,1,0,4,1,3,0,4,0,0,1
533406253,0,,,111,55,56,15,5,10,96,50,46,63,36,27,91,47,44,88,45,43,33,14,19,14,6,8,4,2,2,0,0,0,0,0,0,42,42,12,9,10,7,2,1,1,30,21,9,3,24,0,8,5
533406254,0,,,121,54,67,8,1,7,112,52,60,69,32,37,108,49,59,107,49,58,43,20,23,23,11,12,5,2,3,0,0,0,0,0,0,45,45,10,13,10,9,0,2,1,35,24,11,2,28,0,5,6
533406262,0,,,84,44,40,13,8,5,71,36,35,36,19,17,69,34,35,68,34,34,35,17,18,21,11,10,7,3,4,0,0,0,2,2,0,30,30,5,11,7,3,1,2,1,24,18,6,3,21,1,3,7
533406263,0,,,201,100,101,26,16,10,169,81,88,97,51,46,164,80,84,163,80,83,72,30,42,49,22,27,15,6,9,2,1,1,0,0,0,80,79,24,24,12,14,2,2,1,53,43,10,9,41,0,13,13
533406264,0,,,16,8,8,2,1,1,14,7,7,12,6,6,14,7,7,14,7,7,2,1,1,1,0,1,1,0,1,0,0,0,0,0,0,6,6,1,2,1,2,0,0,0,5,4,1,1,2,0,1,0
533406271,0,,,28,15,13,0,0,0,28,15,13,13,7,6,27,14,13,27,14,13,15,8,7,7,3,4,2,1,1,0,0,0,0,0,0,14,14,6,4,2,2,0,0,0,8,5,3,0,9,0,3,2
533406272,0,,,208,102,106,16,12,4,183,87,96,102,51,51,176,83,93,174,81,93,81,36,45,22,8,14,11,2,9,2,1,1,0,0,0,84,84,17,34,20,7,2,3,1,65,56,9,3,54,0,8,19
533406273,0,,,496,241,255,45,18,27,445,217,228,250,126,124,434,210,224,426,207,219,195,91,104,78,28,50,31,7,24,6,2,4,6,2,4,201,200,50,69,43,26,9,1,2,149,115,34,11,125,5,23,41
533406274,0,,,302,152,150,39,24,15,251,121,130,170,83,87,243,116,127,236,112,124,81,38,43,37,16,21,11,4,7,0,0,0,1,0,1,112,112,27,36,22,10,9,5,3,82,69,13,8,55,2,10,18
533406282,0,,,46,21,25,8,1,7,34,17,17,34,17,17,34,17,17,34,17,17,0,0,0,0,0,0,0,0,0,0,0,0,0,0,0,30,30,22,1,6,1,0,0,0,8,8,0,5,0,12,0,0
533406283,1,,533406284,17,8,9,1,1,0,21,10,11,11,6,5,20,10,10,20,10,10,10,4,6,9,3,6,4,2,2,0,0,0,0,0,0,5,5,1,2,2,1,0,0,1,6,3,3,0,6,0,0,2
533406284,2,533406283,,5,3,2,*,*,*,*,*,*,*,*,*,*,*,*,*,*,*,*,*,*,*,*,*,*,*,*,*,*,*,*,*,*,2,2,*,*,*,*,*,*,*,*,*,*,*,*,*,*,*
533406291,0,,,537,263,274,124,58,66,411,203,208,348,172,176,386,187,199,374,180,194,63,31,32,16,6,10,2,1,1,0,0,0,0,0,0,192,192,31,59,43,41,13,5,0,160,152,8,32,42,2,6,15
533406292,0,,,149,80,69,19,10,9,130,70,60,81,43,38,126,66,60,122,63,59,49,27,22,16,7,9,10,5,5,2,2,0,0,0,0,48,48,4,15,14,8,3,3,1,44,29,15,2,30,0,2,9
533406293,2,533406294,,5,2,3,*,*,*,*,*,*,*,*,*,*,*,*,*,*,*,*,*,*,*,*,*,*,*,*,*,*,*,*,*,*,2,2,*,*,*,*,*,*,*,*,*,*,*,*,*,*,*
533406294,1,,533406293;533406391,58,28,30,15,6,9,48,24,24,34,18,16,47,23,24,46,22,24,14,6,8,7,2,5,2,1,1,0,0,0,0,0,0,18,18,3,5,4,7,1,1,0,18,15,3,5,9,0,1,2
533406301,0,,,62,31,31,10,6,4,52,25,27,28,11,17,51,25,26,51,25,26,24,14,10,15,9,6,5,3,2,1,0,1,2,0,2,22,22,1,11,5,3,1,0,1,21,14,7,3,15,0,0,7
533406302,1,,533406304,76,35,41,7,2,5,72,35,37,42,22,20,71,34,37,70,34,36,30,13,17,15,5,10,8,3,5,2,0,2,0,0,0,27,27,6,7,7,4,2,2,0,22,15,7,3,18,1,3,3
533406304,2,533406302,,3,2,1,*,*,*,*,*,*,*,*,*,*,*,*,*,*,*,*,*,*,*,*,*,*,*,*,*,*,*,*,*,*,1,1,*,*,*,*,*,*,*,*,*,*,*,*,*,*,*
533406311,2,533406213,,3,1,2,*,*,*,*,*,*,*,*,*,*,*,*,*,*,*,*,*,*,*,*,*,*,*,*,*,*,*,*,*,*,1,1,*,*,*,*,*,*,*,*,*,*,*,*,*,*,*
533406342,2,533406351,,6,3,3,*,*,*,*,*,*,*,*,*,*,*,*,*,*,*,*,*,*,*,*,*,*,*,*,*,*,*,*,*,*,1,1,*,*,*,*,*,*,*,*,*,*,*,*,*,*,*
533406351,1,,533406342,111,48,63,24,9,15,93,42,51,48,24,24,87,39,48,85,38,47,45,18,27,26,12,14,10,4,6,2,1,1,0,0,0,34,34,6,9,5,7,2,2,4,29,18,11,4,27,0,5,4
533406352,0,,,102,47,55,12,4,8,87,41,46,56,27,29,85,40,45,82,38,44,31,14,17,13,4,9,3,0,3,0,0,0,1,0,1,40,40,9,12,10,6,3,0,0,30,24,6,4,20,1,3,6
533406353,0,,,159,79,80,15,9,6,143,70,73,73,37,36,140,70,70,137,68,69,70,33,37,30,10,20,14,4,10,3,0,3,0,0,0,61,61,18,14,14,8,4,2,1,43,25,18,4,45,0,13,8
533406354,0,,,18,9,9,0,0,0,18,9,9,11,6,5,16,7,9,16,7,9,7,3,4,5,2,3,0,0,0,0,0,0,0,0,0,6,6,0,3,1,1,1,0,0,6,4,2,0,4,0,0,2
533406361,0,,,30,11,19,3,0,3,27,11,16,11,5,6,27,11,16,27,11,16,16,6,10,6,3,3,0,0,0,0,0,0,0,0,0,12,12,3,5,1,1,2,0,0,9,5,4,1,11,0,3,3
533406362,0,,,95,45,50,8,4,4,86,40,46,36,15,21,83,39,44,83,39,44,50,25,25,30,13,17,5,1,4,3,0,3,0,0,0,38,38,7,13,13,2,3,0,0,30,24,6,2,30,0,5,11
533406371,0,,,183,93,90,11,5,6,172,88,84,86,44,42,167,85,82,167,85,82,86,44,42,46,19,27,13,2,11,1,0,1,0,0,0,79,79,19,32,14,12,2,0,0,60,54,6,1,56,0,13,22
533406372,0,,,172,80,92,20,7,13,139,68,71,116,60,56,131,62,69,124,57,67,23,8,15,6,1,5,2,1,1,0,0,0,0,0,0,61,61,7,25,12,9,5,3,0,50,45,5,3,18,0,4,3
533406373,0,,,58,29,29,9,4,5,49,25,24,29,16,13,48,24,24,48,24,24,20,9,11,9,3,6,3,1,2,0,0,0,0,0,0,17,17,0,8,2,2,4,0,1,17,12,5,1,13,0,0,5
533406374,0,,,207,102,105,18,9,9,189,93,96,130,69,61,180,84,96,175,83,92,59,24,35,29,9,20,9,4,5,0,0,0,2,2,0,70,70,6,26,17,13,4,2,2,64,49,15,5,39,2,2,10
533406383,0,,,99,50,49,14,7,7,85,43,42,52,27,25,82,41,41,82,41,41,33,16,17,14,5,9,5,2,3,1,0,1,0,0,0,33,33,1,15,7,6,3,0,1,32,25,7,4,20,0,1,5
533406391,2,533406294,,1,1,0,*,*,*,*,*,*,*,*,*,*,*,*,*,*,*,*,*,*,*,*,*,*,*,*,*,*,*,*,*,*,1,1,*,*,*,*,*,*,*,*,*,*,*,*,*,*,*
533406411,0,,,36,17,19,1,1,0,35,16,19,13,7,6,34,15,19,33,14,19,22,9,13,10,4,6,3,1,2,0,0,0,0,0,0,20,20,9,7,3,1,0,0,0,11,10,1,0,16,0,8,5
533406413,0,,,228,113,115,26,14,12,202,99,103,117,58,59,196,96,100,193,94,99,85,41,44,48,22,26,18,8,10,2,2,0,3,0,3,90,90,22,33,14,10,8,3,0,67,49,18,5,53,4,11,15
533406423,0,,,9,4,5,0,0,0,9,4,5,5,2,3,9,4,5,9,4,5,4,2,2,3,2,1,0,0,0,0,0,0,0,0,0,4,4,0,3,1,0,0,0,0,4,4,0,0,2,0,0,2
533406424,0,,,185,88,97,21,11,10,164,77,87,78,36,42,161,74,87,160,73,87,86,41,45,44,20,24,22,9,13,3,0,3,0,0,0,73,73,24,22,8,8,8,1,2,48,34,14,6,56,0,20,13
533406432,2,533406434,,4,2,2,*,*,*,*,*,*,*,*,*,*,*,*,*,*,*,*,*,*,*,*,*,*,*,*,*,*,*,*,*,*,2,2,*,*,*,*,*,*,*,*,*,*,*,*,*,*,*
533406433,0,,,95,49,46,12,6,6,83,43,40,48,25,23,83,43,40,83,43,40,35,18,17,13,6,7,3,2,1,1,0,1,0,0,0,40,40,10,17,7,5,0,0,1,29,27,2,2,21,0,3,11
533406434,1,,533406432,6,3,3,0,0,0,10,5,5,7,3,4,10,5,5,10,5,5,3,2,1,2,1,1,1,0,1,0,0,0,1,0,1,3,3,1,3,1,0,0,0,0,4,3,1,0,2,0,0,0
533406441,0,,,15,8,7,1,1,0,14,7,7,13,7,6,12,6,6,12,6,6,1,0,1,1,0,1,1,0,1,0,0,0,0,0,0,9,9,7,0,0,2,0,0,0,2,2,0,0,1,0,1,0
533406442,0,,,118,56,62,7,7,0,111,49,62,51,25,26,109,49,60,107,48,59,60,24,36,34,13,21,19,6,13,2,1,1,1,0,1,46,46,11,16,10,3,3,3,0,35,22,13,1,43,0,10,8
533406444,0,,,29,12,17,1,0,1,28,12,16,8,2,6,28,12,16,28,12,16,20,10,10,10,5,5,2,1,1,0,0,0,2,0,2,14,14,3,8,2,1,0,0,0,11,10,1,0,12,0,2,7
533406451,0,,,207,102,105,23,14,9,184,88,96,96,49,47,182,86,96,177,84,93,88,39,49,43,20,23,19,7,12,3,1,2,0,0,0,78,78,22,21,13,9,11,1,1,55,37,18,8,59,0,18,9
533406481,0,,,92,46,46,13,6,7,79,40,39,40,23,17,78,39,39,78,39,39,39,17,22,19,8,11,12,7,5,1,0,1,0,0,0,32,32,4,13,6,4,3,1,1,28,19,9,3,25,0,3,6
533406482,0,,,57,31,26,11,7,4,46,24,22,25,14,11,45,23,22,45,23,22,21,10,11,7,2,5,5,1,4,1,0,1,0,0,0,27,27,10,11,3,1,1,0,1,17,15,2,4,15,1,4,3
533406484,0,,,33,18,15,5,4,1,28,14,14,16,9,7,27,13,14,27,13,14,12,5,7,10,4,6,4,2,2,1,0,1,0,0,0,16,16,5,8,1,1,1,0,0,11,11,0,1,11,0,4,2
533406511,0,,,134,67,67,25,9,16,109,58,51,76,41,35,103,54,49,103,54,49,33,17,16,17,9,8,6,3,3,0,0,0,0,0,0,45,45,5,15,7,13,4,1,0,40,34,6,5,21,1,2,7
533406512,0,,,228,97,131,27,11,16,201,86,115,114,61,53,193,83,110,188,80,108,87,25,62,55,11,44,32,5,27,5,0,5,4,2,2,77,76,18,18,20,11,4,4,1,58,43,15,7,42,3,10,7
533406514,0,,,583,263,320,80,46,34,502,216,286,274,136,138,481,206,275,473,203,270,228,80,148,149,39,110,81,14,67,13,0,13,0,0,0,173,171,41,40,35,27,22,3,3,127,103,24,14,91,0,24,16
533406521,0,,,210,96,114,39,15,24,171,81,90,118,57,61,163,78,85,160,76,84,53,24,29,24,13,11,9,4,5,2,1,1,0,0,0,74,74,12,24,14,13,10,1,0,62,52,10,12,30,5,2,10
533406522,1,,533406524,114,55,59,16,7,9,99,49,50,79,41,38,93,47,46,92,47,45,20,8,12,10,2,8,3,0,3,0,0,0,0,0,0,44,44,12,11,10,9,3,0,0,31,26,5,5,14,2,3,3
533406523,0,,,432,215,217,77,41,36,353,173,180,247,127,120,336,163,173,331,161,170,106,46,60,51,20,31,16,4,12,2,0,2,0,0,0,147,144,31,38,28,27,12,5,3,112,89,23,16,63,1,14,17
533406524,2,533406522,,1,1,0,*,*,*,*,*,*,*,*,*,*,*,*,*,*,*,*,*,*,*,*,*,*,*,*,*,*,*,*,*,*,1,1,*,*,*,*,*,*,*,*,*,*,*,*,*,*,*
533406531,0,,,17,7,10,2,1,1,15,6,9,6,2,4,15,6,9,15,6,9,9,4,5,1,0,1,1,0,1,0,0,0,0,0,0,6,6,0,2,3,1,0,0,0,6,5,1,1,5,0,0,1
533406533,0,,,136,68,68,33,18,15,103,50,53,68,35,33,101,50,51,100,49,51,35,15,20,21,10,11,8,4,4,1,1,0,1,1,0,41,41,3,13,6,10,7,1,1,38,29,9,7,21,0,2,7
533406551,0,,,183,90,93,19,10,9,164,80,84,96,50,46,161,79,82,161,79,82,68,30,38,34,14,20,11,5,6,0,0,0,1,0,1,73,73,12,37,11,6,2,5,0,61,50,11,3,44,1,9,18
533406553,0,,,53,29,24,5,2,3,48,27,21,30,18,12,44,24,20,41,22,19,18,9,9,6,3,3,4,1,3,1,0,1,0,0,0,19,19,1,10,3,3,1,1,0,18,16,2,1,11,0,0,6
533406582,2,533406591,,8,4,4,*,*,*,*,*,*,*,*,*,*,*,*,*,*,*,*,*,*,*,*,*,*,*,*,*,*,*,*,*,*,3,3,*,*,*,*,*,*,*,*,*,*,*,*,*,*,*
533406591,1,,533406582,60,33,27,8,5,3,60,32,28,33,20,13,60,32,28,59,31,28,27,12,15,11,5,6,7,2,5,1,0,1,0,0,0,20,20,1,11,5,2,2,2,0,22,16,6,3,17,0,1,6
533406592,2,533406594,,4,2,2,*,*,*,*,*,*,*,*,*,*,*,*,*,*,*,*,*,*,*,*,*,*,*,*,*,*,*,*,*,*,1,1,*,*,*,*,*,*,*,*,*,*,*,*,*,*,*
533406594,1,,533406592,44,19,25,3,1,2,45,20,25,27,13,14,44,20,24,44,20,24,18,7,11,10,3,7,2,1,1,0,0,0,0,0,0,20,20,7,4,7,3,0,0,0,14,9,5,1,14,0,5,1
533406603,0,,,91,43,48,7,0,7,84,43,41,42,22,20,84,43,41,84,43,41,42,21,21,17,8,9,9,4,5,0,0,0,0,0,0,37,37,7,15,9,5,0,0,1,30,21,9,0,30,0,4,10
533406604,0,,,34,19,15,8,4,4,26,15,11,14,9,5,26,15,11,25,14,11,12,6,6,4,2,2,1,0,1,0,0,0,0,0,0,9,9,1,3,0,2,2,0,1,8,5,3,2,7,0,0,2
533406612,2,533406621,,5,2,3,*,*,*,*,*,*,*,*,*,*,*,*,*,*,*,*,*,*,*,*,*,*,*,*,*,*,*,*,*,*,3,3,*,*,*,*,*,*,*,*,*,*,*,*,*,*,*
533406621,1,,533406612,210,109,101,48,28,20,167,83,84,132,70,62,158,77,81,156,75,81,35,13,22,13,5,8,8,3,5,0,0,0,0,0,0,72,72,11,23,16,17,6,2,0,64,56,8,21,24,1,4,4
533406622,0,,,98,51,47,18,8,10,77,40,37,54,31,23,75,38,37,74,37,37,23,9,14,15,6,9,5,1,4,0,0,0,0,0,0,42,42,18,9,5,5,3,2,0,24,18,6,7,16,1,5,4
533406633,0,,,67,33,34,7,4,3,60,29,31,34,17,17,58,29,29,58,29,29,26,12,14,20,10,10,5,2,3,0,0,0,0,0,0,20,20,3,5,4,3,1,3,1,17,8,9,2,15,0,2,3
533406634,0,,,61,30,31,8,5,3,53,25,28,23,13,10,51,24,27,50,24,26,30,12,18,20,10,10,7,2,5,0,0,0,0,0,0,21,21,4,8,2,4,1,0,2,17,11,6,0,19,0,4,6
533406642,0,,,246,120,126,17,11,6,229,109,120,116,58,58,222,107,115,219,104,115,113,51,62,65,26,39,27,8,19,2,0,2,2,0,2,98,98,25,35,17,12,4,4,1,73,51,22,4,73,0,20,17
533406643,2,533406644,,10,4,6,*,*,*,*,*,*,*,*,*,*,*,*,*,*,*,*,*,*,*,*,*,*,*,*,*,*,*,*,*,*,3,3,*,*,*,*,*,*,*,*,*,*,*,*,*,*,*
533406644,1,,533406643,21,9,12,0,0,0,31,13,18,18,9,9,30,13,17,29,12,17,13,4,9,10,3,7,7,3,4,1,0,1,0,0,0,9,9,0,8,1,3,0,0,0,12,9,3,0,9,0,0,3
533406651,0,,,248,130,118,43,26,17,205,104,101,149,76,73,200,102,98,198,102,96,56,28,28,32,15,17,11,6,5,0,0,0,2,0,2,108,108,32,37,21,11,7,0,0,76,70,6,9,40,3,11,13
533406652,0,,,83,41,42,9,6,3,74,35,39,51,25,26,70,32,38,66,31,35,23,10,13,14,6,8,5,1,4,1,0,1,0,0,0,27,27,1,9,8,5,4,0,0,26,21,5,0,14,0,1,4
533406653,0,,,35,25,10,5,5,0,29,19,10,25,18,7,29,19,10,29,19,10,4,1,3,2,1,1,1,0,1,0,0,0,0,0,0,20,20,12,3,4,0,1,0,0,8,7,1,0,3,2,0,1
533406654,0,,,71,32,39,5,2,3,66,30,36,39,17,22,62,28,34,59,27,32,27,13,14,12,6,6,4,1,3,0,0,0,0,0,0,35,35,16,12,0,5,1,1,0,19,16,3,1,19,2,8,6
533406663,2,533406664,,7,3,4,*,*,*,*,*,*,*,*,*,*,*,*,*,*,*,*,*,*,*,*,*,*,*,*,*,*,*,*,*,*,3,3,*,*,*,*,*,*,*,*,*,*,*,*,*,*,*
533406664,1,,533406663,12,7,5,2,2,0,17,8,9,8,4,4,17,8,9,17,8,9,9,4,5,2,1,1,0,0,0,0,0,0,0,0,0,6,6,3,4,1,0,1,0,0,6,5,1,2,6,0,3,2
533406673,2,533406674,,2,1,1,*,*,*,*,*,*,*,*,*,*,*,*,*,*,*,*,*,*,*,*,*,*,*,*,*,*,*,*,*,*,1,1,*,*,*,*,*,*,*,*,*,*,*,*,*,*,*
533406674,1,,533406673,39,18,21,3,2,1,38,17,21,23,10,13,35,16,19,33,15,18,15,7,8,11,5,6,3,1,2,0,0,0,0,0,0,13,13,5,4,0,3,0,0,2,9,4,5,0,12,0,4,3
533406701,0,,,119,57,62,14,10,4,105,47,58,59,28,31,100,44,56,99,44,55,46,19,27,23,7,16,10,1,9,2,0,2,2,0,2,44,44,6,16,11,8,2,1,0,38,28,10,2,30,0,4,8
533406702,0,,,217,110,107,32,20,12,185,90,95,106,54,52,177,84,93,174,83,91,79,36,43,36,16,20,12,3,9,2,0,2,0,0,0,74,74,8,27,19,9,6,3,2,65,48,17,11,48,0,7,14
533406703,0,,,324,155,169,43,19,24,281,136,145,175,86,89,273,133,140,269,131,138,106,50,56,49,23,26,14,7,7,1,0,1,2,2,0,134,134,34,51,24,15,5,4,1,100,84,16,15,70,4,12,28
533406704,0,,,214,104,110,28,13,15,185,91,94,102,52,50,179,87,92,176,87,89,83,39,44,32,19,13,12,7,5,3,2,1,0,0,0,87,87,19,41,11,7,4,4,1,67,58,9,6,49,0,8,24
533406711,2,533406713,,10,5,5,*,*,*,*,*,*,*,*,*,*,*,*,*,*,*,*,*,*,*,*,*,*,*,*,*,*,*,*,*,*,3,3,*,*,*,*,*,*,*,*,*,*,*,*,*,*,*
533406713,1,,533406711,23,11,12,7,4,3,26,12,14,21,10,11,25,12,13,23,11,12,5,2,3,5,2,3,3,1,2,0,0,0,0,0,0,9,9,2,3,4,2,1,0,0,10,10,0,0,3,0,1,2
533406722,1,,533406723,172,83,89,13,6,7,160,77,83,81,39,42,159,76,83,157,76,81,79,38,41,41,16,25,14,6,8,1,0,1,1,0,1,78,78,27,25,17,6,3,1,0,52,39,13,2,57,0,18,11
533406723,2,533406722,,1,0,1,*,*,*,*,*,*,*,*,*,*,*,*,*,*,*,*,*,*,*,*,*,*,*,*,*,*,*,*,*,*,1,1,*,*,*,*,*,*,*,*,*,*,*,*,*,*,*
533406724,0,,,13,7,6,2,1,1,11,6,5,8,4,4,11,6,5,11,6,5,3,2,1,1,0,1,1,0,1,0,0,0,0,0,0,6,6,3,1,0,2,0,0,0,3,2,1,1,3,0,2,0
533406731,0,,,35,15,20,5,3,2,30,12,18,22,10,12,30,12,18,28,12,16,8,2,6,7,1,6,3,0,3,0,0,0,0,0,0,13,13,4,3,3,1,1,0,1,8,6,2,2,6,0,1,1
533406741,0,,,74,36,38,10,7,3,64,29,35,32,14,18,63,28,35,62,28,34,32,15,17,16,7,9,5,2,3,1,0,1,0,0,0,26,26,6,6,7,4,1,0,2,20,15,5,2,22,0,5,3
533406743,0,,,142,67,75,9,5,4,133,62,71,60,28,32,129,61,68,129,61,68,73,34,39,40,16,24,13,7,6,2,1,1,0,0,0,53,53,4,30,6,7,4,2,0,49,39,10,2,43,0,3,18
533406761,0,,,13,7,6,0,0,0,13,7,6,5,3,2,13,7,6,13,7,6,8,4,4,5,3,2,3,2,1,0,0,0,1,0,1,5,5,0,3,1,1,0,0,0,5,4,1,0,5,0,0,2
533406762,0,,,20,11,9,2,2,0,18,9,9,7,4,3,18,9,9,18,9,9,11,5,6,7,3,4,1,0,1,0,0,0,0,0,0,8,8,2,3,2,0,0,1,0,6,5,1,0,7,0,1,2
533406771,0,,,81,41,40,11,6,5,70,35,35,39,20,19,68,34,34,67,33,34,31,15,16,18,8,10,14,7,7,0,0,0,0,0,0,25,25,6,6,4,3,0,4,2,19,9,10,2,22,0,4,3
533406772,0,,,15,8,7,0,0,0,15,8,7,8,5,3,15,8,7,15,8,7,7,3,4,6,3,3,1,0,1,0,0,0,0,0,0,7,7,2,3,1,1,0,0,0,5,4,1,0,4,0,0,3
533406792,1,,533406794;533406893,11,7,4,3,3,0,13,7,6,5,3,2,12,6,6,12,6,6,8,4,4,3,2,1,1,0,1,0,0,0,0,0,0,5,5,3,1,2,0,1,0,0,4,3,1,0,6,0,3,1
533406794,2,533406792,,3,2,1,*,*,*,*,*,*,*,*,*,*,*,*,*,*,*,*,*,*,*,*,*,*,*,*,*,*,*,*,*,*,1,1,*,*,*,*,*,*,*,*,*,*,*,*,*,*,*
533406801,0,,,153,41,112,8,5,3,145,36,109,29,14,15,145,36,109,145,36,109,116,22,94,109,18,91,92,15,77,24,0,24,1,0,1,23,22,3,9,6,3,1,0,0,18,15,3,4,11,0,2,5
533406802,0,,,327,155,172,48,25,23,279,130,149,154,73,81,262,120,142,259,119,140,125,57,68,66,29,37,21,9,12,0,0,0,1,0,1,117,117,20,46,15,18,13,2,3,97,76,21,13,81,0,13,30
533406803,0,,,150,69,81,26,14,12,124,55,69,79,35,44,120,52,68,117,52,65,45,20,25,16,6,10,2,0,2,0,0,0,0,0,0,61,61,15,22,9,12,2,1,0,46,43,3,7,31,0,9,12
533406804,0,,,456,221,235,84,49,35,372,172,200,251,122,129,352,165,187,342,158,184,121,50,71,68,26,42,19,6,13,0,0,0,2,1,1,163,163,37,41,28,37,15,5,0,126,102,24,23,80,4,19,25
533406811,0,,,270,135,135,30,13,17,232,116,116,161,79,82,230,115,115,227,114,113,71,37,34,45,23,22,13,7,6,1,0,1,3,1,2,127,127,51,39,20,9,4,3,1,76,65,11,14,49,8,15,16
533406812,0,,,326,155,171,27,15,12,292,136,156,193,91,102,288,133,155,272,128,144,99,45,54,53,22,31,16,7,9,0,0,0,0,0,0,139,138,58,34,23,11,8,3,1,76,58,18,9,67,17,17,12
533406813,0,,,561,264,297,60,30,30,499,233,266,295,142,153,486,228,258,478,223,255,204,91,113,116,48,68,42,16,26,2,0,2,0,0,0,229,229,63,70,51,29,8,7,1,163,125,38,18,144,0,43,35
533406814,0,,,598,276,322,57,25,32,534,248,286,276,138,138,523,241,282,516,237,279,258,110,148,163,68,95,67,22,45,6,1,5,1,0,1,229,228,85,60,37,26,11,7,2,142,101,41,15,139,13,42,33
533406821,0,,,361,185,176,14,7,7,345,177,168,149,78,71,343,176,167,339,175,164,196,99,97,109,51,58,42,16,26,3,1,2,0,0,0,72,68,24,21,10,7,4,0,2,44,31,13,6,38,3,11,8
533406822,0,,,32,14,18,0,0,0,32,14,18,16,8,8,32,14,18,32,14,18,16,6,10,12,5,7,2,1,1,0,0,0,0,0,0,19,19,8,9,2,0,0,0,0,11,11,0,0,10,0,3,5
533406823,0,,,206,96,110,24,12,12,182,84,98,113,53,60,177,84,93,173,81,92,69,31,38,27,10,17,6,2,4,1,0,1,17,7,10,89,89,35,22,15,10,3,2,2,54,39,15,8,52,1,20,7
533406871,2,533406874,,4,2,2,*,*,*,*,*,*,*,*,*,*,*,*,*,*,*,*,*,*,*,*,*,*,*,*,*,*,*,*,*,*,3,3,*,*,*,*,*,*,*,*,*,*,*,*,*,*,*
533406874,1,,533406871,10,5,5,1,1,0,13,6,7,3,2,1,13,6,7,13,6,7,10,4,6,7,2,5,3,1,2,1,1,0,0,0,0,5,5,4,3,0,1,0,0,0,4,3,1,0,8,0,4,1
533406893,2,533406792,,2,1,1,*,*,*,*,*,*,*,*,*,*,*,*,*,*,*,*,*,*,*,*,*,*,*,*,*,*,*,*,*,*,1,1,*,*,*,*,*,*,*,*,*,*,*,*,*,*,*
533406901,1,,533406904,113,54,59,22,10,12,95,45,50,53,24,29,92,45,47,89,43,46,42,21,21,27,11,16,11,5,6,1,1,0,3,0,3,34,34,6,6,10,5,6,2,1,30,22,8,6,28,0,6,5
533406902,0,,,81,39,42,13,6,7,68,33,35,46,23,23,65,32,33,63,31,32,22,10,12,13,5,8,7,4,3,1,0,1,0,0,0,27,27,6,6,3,8,2,2,0,21,13,8,5,15,1,2,3
533406904,2,533406901,,4,1,3,*,*,*,*,*,*,*,*,*,*,*,*,*,*,*,*,*,*,*,*,*,*,*,*,*,*,*,*,*,*,2,2,*,*,*,*,*,*,*,*,*,*,*,*,*,*,*
533406912,0,,,58,30,28,5,2,3,53,28,25,27,18,9,52,27,25,51,26,25,26,10,16,12,5,7,4,0,4,1,0,1,0,0,0,28,28,8,13,4,3,0,0,0,20,18,2,1,17,0,5,4
533406921,0,,,185,87,98,24,12,12,161,75,86,79,40,39,159,74,85,159,74,85,82,35,47,33,14,19,15,3,12,2,0,2,0,0,0,78,78,21,28,11,16,1,1,0,57,47,10,8,54,2,15,17
533406923,0,,,128,58,70,16,8,8,112,50,62,68,31,37,108,49,59,106,47,59,44,19,25,20,8,12,6,3,3,2,1,1,4,2,2,53,53,20,12,11,5,1,2,2,33,23,10,4,32,2,12,8
533406924,0,,,28,13,15,0,0,0,28,13,15,18,9,9,28,13,15,28,13,15,10,4,6,9,4,5,4,2,2,0,0,0,0,0,0,11,11,3,3,2,2,1,0,0,8,5,3,0,7,0,2,2
533407024,2,533407034,,5,2,3,*,*,*,*,*,*,*,*,*,*,*,*,*,*,*,*,*,*,*,*,*,*,*,*,*,*,*,*,*,*,1,1,*,*,*,*,*,*,*,*,*,*,*,*,*,*,*
533407032,2,533407034,,3,1,2,*,*,*,*,*,*,*,*,*,*,*,*,*,*,*,*,*,*,*,*,*,*,*,*,*,*,*,*,*,*,2,2,*,*,*,*,*,*,*,*,*,*,*,*,*,*,*
533407033,2,533407034,,10,3,7,*,*,*,*,*,*,*,*,*,*,*,*,*,*,*,*,*,*,*,*,*,*,*,*,*,*,*,*,*,*,4,4,*,*,*,*,*,*,*,*,*,*,*,*,*,*,*
533407034,1,,533407024;533407032;533407033,23,11,12,7,3,4,34,14,20,11,4,7,34,14,20,34,14,20,23,10,13,8,3,5,3,1,2,0,0,0,0,0,0,10,10,3,9,2,1,2,0,0,14,10,4,2,15,0,3,5
533407041,0,,,23,11,12,0,0,0,23,11,12,11,6,5,22,10,12,21,10,11,12,5,7,3,1,2,1,0,1,0,0,0,0,0,0,11,11,5,2,2,2,0,0,0,6,5,1,0,9,0,4,1
533407042,2,533407044,,7,1,6,*,*,*,*,*,*,*,*,*,*,*,*,*,*,*,*,*,*,*,*,*,*,*,*,*,*,*,*,*,*,3,3,*,*,*,*,*,*,*,*,*,*,*,*,*,*,*
533407043,2,533407044,,2,1,1,*,*,*,*,*,*,*,*,*,*,*,*,*,*,*,*,*,*,*,*,*,*,*,*,*,*,*,*,*,*,1,1,*,*,*,*,*,*,*,*,*,*,*,*,*,*,*
533407044,1,,533407042;533407043,49,26,23,1,0,1,57,28,29,38,18,20,53,26,27,50,26,24,19,10,9,9,5,4,0,0,0,0,0,0,1,0,1,18,18,1,11,6,3,1,0,0,21,21,0,0,11,0,1,5
533407051,2,533407053,,2,1,1,*,*,*,*,*,*,*,*,*,*,*,*,*,*,*,*,*,*,*,*,*,*,*,*,*,*,*,*,*,*,1,1,*,*,*,*,*,*,*,*,*,*,*,*,*,*,*
533407052,2,533407053,,2,1,1,*,*,*,*,*,*,*,*,*,*,*,*,*,*,*,*,*,*,*,*,*,*,*,*,*,*,*,*,*,*,1,1,*,*,*,*,*,*,*,*,*,*,*,*,*,*,*
533407053,1,,533407051;533407052,19,10,9,0,0,0,23,12,11,9,5,4,21,11,10,21,11,10,14,7,7,6,4,2,2,1,1,1,1,0,0,0,0,9,9,3,5,2,1,0,0,0,8,7,1,0,10,0,3,3
533407054,0,,,75,35,40,10,6,4,65,29,36,27,12,15,64,28,36,63,28,35,38,17,21,25,10,15,16,7,9,3,2,1,0,0,0,27,27,4,15,0,3,3,1,1,23,16,7,1,24,0,4,8
533407061,2,533407063,,4,3,1,*,*,*,*,*,*,*,*,*,*,*,*,*,*,*,*,*,*,*,*,*,*,*,*,*,*,*,*,*,*,3,3,*,*,*,*,*,*,*,*,*,*,*,*,*,*,*
533407063,1,,533407061,6,3,3,0,0,0,10,6,4,7,4,3,10,6,4,10,6,4,3,2,1,3,2,1,3,2,1,1,1,0,0,0,0,3,3,3,2,1,0,0,0,0,3,2,1,0,2,0,0,1
533407064,0,,,13,9,4,0,0,0,13,9,4,7,5,2,13,9,4,13,9,4,6,4,2,1,1,0,0,0,0,0,0,0,0,0,0,7,7,3,3,0,1,0,0,0,4,4,0,0,4,1,1,3
533407103,0,,,10,5,5,0,0,0,10,5,5,4,3,1,9,4,5,9,4,5,6,2,4,3,1,2,2,1,1,0,0,0,0,0,0,4,4,0,2,2,0,0,0,0,4,4,0,0,3,0,0,1
533407104,0,,,66,29,37,3,2,1,63,27,36,37,17,20,62,27,35,61,27,34,26,10,16,12,3,9,6,2,4,0,0,0,1,0,1,28,28,6,11,7,3,1,0,0,21,13,8,1,21,0,4,5
533407111,0,,,64,34,30,13,9,4,51,25,26,31,15,16,51,25,26,50,25,25,20,10,10,8,3,5,3,1,2,0,0,0,3,0,3,22,22,2,10,4,3,1,1,1,19,17,2,4,13,0,1,4
533407112,0,,,66,35,31,9,5,4,57,30,27,29,16,13,57,30,27,57,30,27,28,14,14,13,6,7,4,2,2,2,1,1,0,0,0,25,25,7,8,4,1,3,2,0,18,14,4,1,15,1,3,6
533407113,0,,,55,27,28,5,3,2,50,24,26,28,16,12,49,23,26,49,23,26,22,8,14,12,5,7,3,0,3,0,0,0,0,0,0,22,22,5,8,5,2,1,1,0,17,12,5,1,15,0,5,2
533407114,0,,,60,33,27,4,2,2,56,31,25,25,16,9,56,31,25,56,31,25,31,15,16,19,10,9,3,2,1,0,0,0,0,0,0,26,26,8,8,5,4,1,0,0,18,12,6,2,20,0,7,5
533407123,0,,,12,6,6,1,1,0,11,5,6,6,4,2,11,5,6,11,5,6,5,1,4,4,1,3,1,0,1,0,0,0,0,0,0,5,5,0,4,0,1,0,0,0,5,4,1,0,4,0,0,1
533407141,0,,,65,30,35,8,4,4,57,26,31,28,16,12,55,25,30,55,25,30,29,10,19,11,1,10,8,1,7,1,0,1,0,0,0,25,25,7,8,5,2,1,0,2,18,11,7,2,20,0,5,5
533407142,0,,,155,59,96,10,8,2,145,51,94,41,23,18,144,50,94,143,49,94,104,28,76,86,20,66,69,16,53,12,1,11,0,0,0,38,36,9,13,5,7,1,0,1,27,19,8,2,23,0,4,7
533407151,0,,,25,10,15,3,1,2,22,9,13,9,3,6,22,9,13,22,9,13,13,6,7,6,2,4,1,0,1,0,0,0,0,0,0,12,12,4,7,0,0,0,0,1,8,7,1,0,7,2,1,4
533407153,1,,533407154,42,23,19,1,1,0,48,25,23,23,14,9,46,23,23,45,23,22,25,11,14,13,5,8,6,1,5,2,0,2,0,0,0,17,17,5,9,3,1,0,1,1,15,10,5,1,16,0,3,4
533407154,2,533407153,,7,3,4,*,*,*,*,*,*,*,*,*,*,*,*,*,*,*,*,*,*,*,*,*,*,*,*,*,*,*,*,*,*,3,3,*,*,*,*,*,*,*,*,*,*,*,*,*,*,*
533407192,0,,,13,5,8,0,0,0,13,5,8,5,2,3,13,5,8,13,5,8,8,3,5,2,1,1,1,0,1,0,0,0,0,0,0,5,5,1,0,4,0,0,0,0,4,3,1,0,5,0,1,0
533407194,0,,,9,4,5,0,0,0,9,4,5,3,2,1,9,4,5,9,4,5,6,2,4,5,2,3,3,1,2,0,0,0,0,0,0,6,6,3,3,0,0,0,0,0,3,3,0,0,4,0,2,2
533407201,0,,,150,76,74,17,11,6,133,65,68,91,48,43,128,64,64,127,64,63,42,17,25,25,9,16,12,4,8,2,1,1,1,1,0,52,52,5,20,11,10,4,2,0,47,33,14,5,28,0,2,3
533407202,0,,,66,30,36,15,7,8,51,23,28,29,14,15,48,22,26,47,21,26,22,9,13,14,7,7,4,1,3,1,0,1,0,0,0,19,19,2,6,3,2,4,0,2,17,12,5,4,12,0,0,4
533407211,0,,,47,21,26,18,7,11,29,14,15,22,11,11,29,14,15,29,14,15,7,3,4,4,1,3,1,0,1,0,0,0,0,0,0,12,12,0,2,2,5,2,0,1,12,10,2,5,3,0,0,1
533407212,0,,,31,14,17,5,3,2,24,9,15,18,7,11,20,8,12,19,7,12,6,2,4,6,2,4,2,1,1,0,0,0,0,0,0,10,10,1,4,0,3,2,0,0,8,7,1,1,4,0,1,1
533407221,0,,,71,34,37,10,8,2,61,26,35,36,14,22,59,26,33,58,26,32,25,12,13,14,5,9,6,2,4,1,1,0,0,0,0,27,27,6,10,3,5,2,1,0,21,16,5,1,18,0,5,4
533407222,1,,533407231,70,29,41,4,2,2,67,27,40,36,14,22,66,27,39,66,27,39,31,13,18,18,8,10,7,1,6,1,0,1,1,0,1,27,27,8,9,5,2,3,0,1,20,14,6,1,22,0,7,4
533407231,2,533407222,,1,0,1,*,*,*,*,*,*,*,*,*,*,*,*,*,*,*,*,*,*,*,*,*,*,*,*,*,*,*,*,*,*,1,1,*,*,*,*,*,*,*,*,*,*,*,*,*,*,*
533407251,1,,533407254,31,18,13,2,1,1,37,20,17,14,9,5,37,20,17,37,20,17,23,11,12,9,2,7,6,1,5,0,0,0,0,0,0,14,14,8,5,3,3,0,0,0,11,8,3,1,17,0,8,3
533407252,0,,,133,62,71,9,4,5,124,58,66,61,32,29,122,57,65,121,57,64,63,26,37,31,10,21,16,5,11,2,1,1,0,0,0,53,53,12,18,12,8,2,0,1,41,34,7,2,39,0,10,9
533407253,0,,,58,28,30,1,1,0,57,27,30,21,11,10,56,27,29,56,27,29,36,16,20,20,8,12,8,2,6,2,1,1,0,0,0,32,32,15,9,7,1,0,0,0,17,12,5,0,26,0,10,3
533407254,2,533407251,,8,3,5,*,*,*,*,*,*,*,*,*,*,*,*,*,*,*,*,*,*,*,*,*,*,*,*,*,*,*,*,*,*,5,5,*,*,*,*,*,*,*,*,*,*,*,*,*,*,*
533407261,0,,,35,18,17,1,1,0,34,17,17,15,8,7,33,16,17,32,15,17,19,9,10,8,4,4,4,1,3,0,0,0,0,0,0,15,15,3,8,3,0,0,0,1,12,10,2,0,10,0,2,5
533407262,0,,,57,31,26,6,3,3,51,28,23,27,16,11,51,28,23,48,26,22,24,12,12,11,4,7,7,4,3,0,0,0,1,0,1,19,19,4,4,4,3,3,1,0,15,10,5,2,15,0,3,3
533407263,0,,,62,28,34,4,1,3,58,27,31,23,15,8,56,26,30,56,26,30,35,12,23,27,9,18,21,6,15,5,1,4,0,0,0,16,15,2,7,1,3,0,0,2,13,10,3,2,10,0,2,4
533407264,0,,,22,14,8,2,2,0,20,12,8,7,5,2,20,12,8,20,12,8,13,7,6,5,4,1,2,2,0,1,1,0,0,0,0,10,10,1,7,1,1,0,0,0,9,9,0,0,8,0,1,3
533407271,0,,,38,17,21,2,1,1,36,16,20,15,8,7,34,15,19,34,15,19,21,8,13,13,5,8,6,2,4,1,0,1,0,0,0,14,14,3,3,5,1,2,0,0,11,7,4,0,13,0,3,2
533407291,2,533407292,,5,4,1,*,*,*,*,*,*,*,*,*,*,*,*,*,*,*,*,*,*,*,*,*,*,*,*,*,*,*,*,*,*,3,3,*,*,*,*,*,*,*,*,*,*,*,*,*,*,*
533407292,1,,533407291,19,8,11,0,0,0,24,12,12,2,1,1,24,12,12,24,12,12,22,11,11,17,7,10,7,3,4,0,0,0,0,0,0,11,11,6,6,2,0,0,0,0,8,7,1,0,14,0,6,6
533407351,0,,,22,11,11,0,0,0,22,11,11,9,6,3,21,10,11,21,10,11,13,5,8,4,0,4,4,0,4,0,0,0,0,0,0,10,10,3,5,1,0,0,1,0,7,5,2,0,8,1,2,2
533407353,0,,,22,10,12,0,0,0,22,10,12,8,4,4,22,10,12,22,10,12,14,6,8,8,4,4,2,1,1,1,0,1,0,0,0,12,12,5,4,3,0,0,0,0,7,6,1,0,11,0,5,2
533407362,0,,,13,5,8,0,0,0,13,5,8,4,2,2,13,5,8,13,5,8,9,3,6,6,1,5,2,0,2,0,0,0,0,0,0,7,7,2,4,1,0,0,0,0,5,5,0,0,7,0,2,1
533407364,0,,,15,6,9,0,0,0,15,6,9,7,3,4,15,6,9,15,6,9,8,3,5,4,2,2,1,0,1,0,0,0,0,0,0,6,6,1,2,2,1,0,0,0,5,3,2,0,5,0,0,1
533407371,2,533407373,,2,1,1,*,*,*,*,*,*,*,*,*,*,*,*,*,*,*,*,*,*,*,*,*,*,*,*,*,*,*,*,*,*,1,1,*,*,*,*,*,*,*,*,*,*,*,*,*,*,*
533407373,1,,533407371,46,20,26,6,3,3,42,18,24,17,7,10,40,18,22,40,18,22,25,11,14,14,5,9,6,2,4,0,0,0,0,0,0,19,19,4,10,3,1,1,1,0,16,14,2,0,17,0,4,7
533407451,0,,,15,7,8,1,0,1,14,7,7,4,3,1,13,6,7,13,6,7,10,4,6,6,2,4,3,1,2,0,0,0,0,0,0,7,7,1,5,0,1,0,0,0,6,4,2,0,7,0,1,3
533407453,0,,,17,10,7,0,0,0,17,10,7,10,7,3,17,10,7,16,10,6,7,3,4,5,2,3,1,0,1,0,0,0,0,0,0,5,5,0,1,2,1,1,0,0,5,3,2,0,5,0,0,1
533407471,0,,,12,6,6,0,0,0,12,6,6,5,3,2,11,6,5,11,6,5,7,3,4,5,2,3,2,0,2,0,0,0,0,0,0,6,6,2,2,2,0,0,0,0,4,3,1,0,4,1,1,1
533407472,1,,533407481,59,29,30,1,0,1,61,31,30,20,9,11,61,31,30,61,31,30,41,22,19,13,7,6,5,2,3,1,0,1,0,0,0,27,27,7,15,4,2,1,0,0,22,19,3,0,25,0,5,10
533407473,0,,,12,6,6,3,2,1,9,4,5,5,2,3,9,4,5,9,4,5,4,2,2,1,1,0,0,0,0,0,0,0,0,0,0,5,5,1,3,0,0,1,0,0,4,4,0,1,2,0,0,2
533407474,0,,,33,18,15,1,1,0,32,17,15,20,10,10,29,15,14,28,14,14,12,7,5,8,5,3,2,2,0,0,0,0,0,0,0,11,11,0,4,4,2,1,0,0,11,9,2,0,7,0,0,3
533407481,2,533407472,,3,2,1,*,*,*,*,*,*,*,*,*,*,*,*,*,*,*,*,*,*,*,*,*,*,*,*,*,*,*,*,*,*,2,2,*,*,*,*,*,*,*,*,*,*,*,*,*,*,*
533407501,2,533407503,,11,4,7,*,*,*,*,*,*,*,*,*,*,*,*,*,*,*,*,*,*,*,*,*,*,*,*,*,*,*,*,*,*,5,5,*,*,*,*,*,*,*,*,*,*,*,*,*,*,*
533407503,1,,533407501,73,34,39,11,5,6,73,33,40,36,16,20,72,33,39,72,33,39,37,17,20,19,7,12,12,6,6,3,2,1,0,0,0,30,30,10,12,7,3,2,0,1,24,17,7,2,27,0,10,8
533407504,0,,,28,15,13,2,0,2,26,15,11,15,10,5,26,15,11,26,15,11,11,5,6,8,4,4,2,1,1,0,0,0,0,0,0,10,10,2,2,4,1,0,1,0,8,5,3,1,7,0,2,1
533407511,2,533407512,,4,1,3,*,*,*,*,*,*,*,*,*,*,*,*,*,*,*,*,*,*,*,*,*,*,*,*,*,*,*,*,*,*,4,4,*,*,*,*,*,*,*,*,*,*,*,*,*,*,*
533407512,1,,533407511;533407513,26,13,13,0,0,0,34,17,17,12,7,5,34,17,17,34,17,17,22,10,12,14,4,10,9,3,6,1,1,0,0,0,0,11,11,7,3,7,0,0,0,0,10,8,2,0,13,0,4,2
533407513,2,533407512,,4,3,1,*,*,*,*,*,*,*,*,*,*,*,*,*,*,*,*,*,*,*,*,*,*,*,*,*,*,*,*,*,*,2,2,*,*,*,*,*,*,*,*,*,*,*,*,*,*,*
533407551,1,,533407553,29,12,17,3,0,3,27,12,15,9,4,5,27,12,15,27,12,15,18,8,10,11,4,7,6,2,4,2,1,1,0,0,0,12,12,5,3,3,0,2,0,0,8,4,4,1,11,0,4,2
533407553,2,533407551,,1,0,1,*,*,*,*,*,*,*,*,*,*,*,*,*,*,*,*,*,*,*,*,*,*,*,*,*,*,*,*,*,*,1,1,*,*,*,*,*,*,*,*,*,*,*,*,*,*,*
533407572,0,,,21,9,12,1,0,1,20,9,11,11,6,5,20,9,11,19,8,11,9,3,6,8,3,5,1,0,1,0,0,0,0,0,0,9,9,3,2,3,0,1,0,0,6,3,3,0,6,0,1,2
533407574,0,,,10,5,5,0,0,0,10,5,5,4,2,2,10,5,5,10,5,5,6,3,3,3,1,2,2,1,1,0,0,0,0,0,0,4,4,0,3,0,1,0,0,0,4,3,1,0,4,0,0,3
533407583,0,,,15,10,5,0,0,0,15,10,5,4,3,1,15,10,5,15,10,5,11,7,4,4,3,1,4,3,1,2,2,0,0,0,0,8,8,2,5,1,0,0,0,0,6,6,0,0,7,0,2,3
533407601,2,533407602,,7,2,5,*,*,*,*,*,*,*,*,*,*,*,*,*,*,*,*,*,*,*,*,*,*,*,*,*,*,*,*,*,*,2,2,*,*,*,*,*,*,*,*,*,*,*,*,*,*,*
533407602,1,,533407601,46,25,21,6,3,3,47,24,23,21,14,7,45,22,23,45,22,23,26,10,16,6,2,4,4,1,3,1,0,1,0,0,0,17,17,3,8,3,3,1,0,1,16,13,3,2,15,0,2,5
533407611,0,,,72,35,37,9,4,5,63,31,32,29,16,13,61,31,30,61,31,30,34,15,19,18,7,11,9,1,8,1,0,1,0,0,0,22,22,3,7,4,4,1,1,2,19,12,7,2,19,0,3,4
533407612,2,533407614,,4,2,2,*,*,*,*,*,*,*,*,*,*,*,*,*,*,*,*,*,*,*,*,*,*,*,*,*,*,*,*,*,*,1,1,*,*,*,*,*,*,*,*,*,*,*,*,*,*,*
533407613,2,533407614,,2,1,1,*,*,*,*,*,*,*,*,*,*,*,*,*,*,*,*,*,*,*,*,*,*,*,*,*,*,*,*,*,*,1,1,*,*,*,*,*,*,*,*,*,*,*,*,*,*,*
533407614,1,,533407612;533407613,32,18,14,0,0,0,38,21,17,14,10,4,36,20,16,36,20,16,24,11,13,14,7,7,2,1,1,0,0,0,0,0,0,19,18,8,8,3,1,0,0,0,12,10,2,0,17,0,5,4
533407653,0,,,18,9,9,1,0,1,17,9,8,7,4,3,17,9,8,17,9,8,10,5,5,7,3,4,4,1,3,0,0,0,0,0,0,7,7,0,4,2,1,0,0,0,7,6,1,0,5,0,0,2
533407681,0,,,11,6,5,1,1,0,10,5,5,4,2,2,10,5,5,10,5,5,6,3,3,5,2,3,1,1,0,0,0,0,0,0,0,5,5,0,4,1,0,0,0,0,5,5,0,1,4,0,0,3
533407683,0,,,20,10,10,0,0,0,20,10,10,5,4,1,20,10,10,20,10,10,15,6,9,11,5,6,6,1,5,1,1,0,0,0,0,11,11,5,3,3,0,0,0,0,6,4,2,0,9,0,3,2
533407751,2,533407754,,6,4,2,*,*,*,*,*,*,*,*,*,*,*,*,*,*,*,*,*,*,*,*,*,*,*,*,*,*,*,*,*,*,4,4,*,*,*,*,*,*,*,*,*,*,*,*,*,*,*
533407754,1,,533407751;533407852,19,9,10,0,0,0,31,16,15,6,5,1,31,16,15,31,16,15,25,11,14,19,8,11,6,2,4,0,0,0,0,0,0,10,10,7,9,2,0,0,0,0,11,10,1,0,17,0,6,4
533407794,0,,,26,14,12,5,4,1,21,10,11,12,5,7,21,10,11,21,10,11,9,5,4,5,2,3,4,1,3,1,1,0,0,0,0,10,10,5,2,1,0,0,0,2,5,3,2,1,7,0,3,0
533407802,2,533407901,,2,1,1,*,*,*,*,*,*,*,*,*,*,*,*,*,*,*,*,*,*,*,*,*,*,*,*,*,*,*,*,*,*,1,1,*,*,*,*,*,*,*,*,*,*,*,*,*,*,*
533407852,2,533407754,,6,3,3,*,*,*,*,*,*,*,*,*,*,*,*,*,*,*,*,*,*,*,*,*,*,*,*,*,*,*,*,*,*,4,4,*,*,*,*,*,*,*,*,*,*,*,*,*,*,*
533407892,0,,,15,8,7,1,0,1,14,8,6,4,1,3,14,8,6,14,8,6,10,7,3,5,3,2,0,0,0,0,0,0,0,0,0,8,8,2,5,1,0,0,0,0,6,5,1,1,7,0,2,4
533407901,1,,533407802;533407902;533407903,14,8,6,0,0,0,20,12,8,8,6,2,20,12,8,20,12,8,12,6,6,6,3,3,2,1,1,0,0,0,2,1,1,8,8,4,8,0,0,0,0,0,8,8,0,0,8,0,2,4
533407902,2,533407901,,2,2,0,*,*,*,*,*,*,*,*,*,*,*,*,*,*,*,*,*,*,*,*,*,*,*,*,*,*,*,*,*,*,2,2,*,*,*,*,*,*,*,*,*,*,*,*,*,*,*
533407903,2,533407901,,2,1,1,*,*,*,*,*,*,*,*,*,*,*,*,*,*,*,*,*,*,*,*,*,*,*,*,*,*,*,*,*,*,1,1,*,*,*,*,*,*,*,*,*,*,*,*,*,*,*
533410012,0,,,27,15,12,0,0,0,27,15,12,14,10,4,27,15,12,27,15,12,13,5,8,10,3,7,4,2,2,0,0,0,0,0,0,12,12,5,2,2,3,0,0,0,7,2,5,0,10,1,3,2
533410013,2,533410014,,8,3,5,*,*,*,*,*,*,*,*,*,*,*,*,*,*,*,*,*,*,*,*,*,*,*,*,*,*,*,*,*,*,3,3,*,*,*,*,*,*,*,*,*,*,*,*,*,*,*
533410014,1,,533410013,14,7,7,1,1,0,21,9,12,11,5,6,21,9,12,21,9,12,10,4,6,5,2,3,0,0,0,0,0,0,0,0,0,5,5,2,1,3,1,1,0,0,6,3,3,0,6,0,1,1
533410062,2,533410064,,4,1,3,*,*,*,*,*,*,*,*,*,*,*,*,*,*,*,*,*,*,*,*,*,*,*,*,*,*,*,*,*,*,3,3,*,*,*,*,*,*,*,*,*,*,*,*,*,*,*
533410064,1,,533410062,8,4,4,0,0,0,12,5,7,3,1,2,12,5,7,12,5,7,9,4,5,7,3,4,4,2,2,1,1,0,0,0,0,3,3,3,2,0,0,1,0,0,3,2,1,0,6,0,3,2
533410073,1,,533410074,100,49,51,9,6,3,97,46,51,42,20,22,94,46,48,94,46,48,55,26,29,24,9,15,12,4,8,0,0,0,0,0,0,36,36,8,16,4,3,2,3,2,30,20,10,3,34,0,7,9
533410074,2,533410073,,6,3,3,*,*,*,*,*,*,*,*,*,*,*,*,*,*,*,*,*,*,*,*,*,*,*,*,*,*,*,*,*,*,2,2,*,*,*,*,*,*,*,*,*,*,*,*,*,*,*
533410111,2,533410114,,4,3,1,*,*,*,*,*,*,*,*,*,*,*,*,*,*,*,*,*,*,*,*,*,*,*,*,*,*,*,*,*,*,1,1,*,*,*,*,*,*,*,*,*,*,*,*,*,*,*
533410114,1,,533410111,22,13,9,0,0,0,26,16,10,15,9,6,26,16,10,26,16,10,11,7,4,6,4,2,3,2,1,0,0,0,0,0,0,8,8,1,2,3,3,0,0,0,8,6,2,0,9,0,1,0
533410181,0,,,44,20,24,2,1,1,42,19,23,19,9,10,42,19,23,42,19,23,23,10,13,13,4,9,5,0,5,0,0,0,0,0,0,15,15,0,7,5,1,1,1,0,15,9,6,1,14,0,0,5
533410182,0,,,25,12,13,1,0,1,24,12,12,14,8,6,22,11,11,22,11,11,10,4,6,4,0,4,2,0,2,1,0,1,0,0,0,10,10,1,5,3,0,1,0,0,9,6,3,0,7,0,0,1
533410193,0,,,17,9,8,1,1,0,16,8,8,8,3,5,16,8,8,16,8,8,8,5,3,4,2,2,2,1,1,0,0,0,0,0,0,7,7,2,2,1,2,0,0,0,5,3,2,1,6,0,1,2
533410212,0,,,20,9,11,0,0,0,20,9,11,9,4,5,20,9,11,20,9,11,11,5,6,4,1,3,2,0,2,0,0,0,0,0,0,8,8,0,4,4,0,0,0,0,7,6,1,0,8,0,0,3
533410223,2,533410321,,1,0,1,*,*,*,*,*,*,*,*,*,*,*,*,*,*,*,*,*,*,*,*,*,*,*,*,*,*,*,*,*,*,1,1,*,*,*,*,*,*,*,*,*,*,*,*,*,*,*
533410254,0,,,26,14,12,4,3,1,22,11,11,13,7,6,22,11,11,22,11,11,9,4,5,5,2,3,1,0,1,0,0,0,0,0,0,9,9,0,3,5,0,1,0,0,9,8,1,2,6,0,0,2
533410291,0,,,20,8,12,0,0,0,20,8,12,4,1,3,19,8,11,19,8,11,16,7,9,8,4,4,3,1,2,1,1,0,0,0,0,10,10,2,7,0,1,0,0,0,8,7,1,0,10,0,2,5
533410304,0,,,29,15,14,2,1,1,27,14,13,11,4,7,26,13,13,26,13,13,16,10,6,8,3,5,5,3,2,1,0,1,0,0,0,11,11,4,3,0,2,1,1,0,7,4,3,1,11,0,4,2
533410321,1,,533410223,87,37,50,5,2,3,83,35,48,44,20,24,83,35,48,83,35,48,39,15,24,25,9,16,9,3,6,1,0,1,0,0,0,34,34,11,11,4,6,0,2,1,24,16,8,1,30,0,10,6
533410323,0,,,13,5,8,0,0,0,13,5,8,5,2,3,13,5,8,13,5,8,8,3,5,5,2,3,1,1,0,1,1,0,0,0,0,7,7,2,4,1,0,0,0,0,5,4,1,0,5,0,2,1
533410342,0,,,53,26,27,0,0,0,53,26,27,26,12,14,53,26,27,52,25,27,27,14,13,16,7,9,7,4,3,1,0,1,0,0,0,20,20,4,4,8,3,1,0,0,16,9,7,0,20,0,4,3
533410344,0,,,16,8,8,0,0,0,16,8,8,6,3,3,16,8,8,16,8,8,10,5,5,6,2,4,5,2,3,1,0,1,0,0,0,5,5,0,1,2,2,0,0,0,5,3,2,0,5,0,0,0
533410352,0,,,21,10,11,2,1,1,19,9,10,10,5,5,18,9,9,17,9,8,9,4,5,3,2,1,1,1,0,0,0,0,0,0,0,6,6,1,2,0,1,1,0,1,5,3,2,0,6,0,1,1
533410354,1,,533410361;533410363,26,12,14,3,1,2,31,16,15,18,10,8,30,15,15,29,15,14,13,6,7,9,5,4,3,1,2,0,0,0,0,0,0,7,7,2,2,2,3,2,0,0,9,6,3,1,7,0,1,0
533410361,2,533410354,,4,3,1,*,*,*,*,*,*,*,*,*,*,*,*,*,*,*,*,*,*,*,*,*,*,*,*,*,*,*,*,*,*,3,3,*,*,*,*,*,*,*,*,*,*,*,*,*,*,*
533410363,2,533410354,,4,2,2,*,*,*,*,*,*,*,*,*,*,*,*,*,*,*,*,*,*,*,*,*,*,*,*,*,*,*,*,*,*,1,1,*,*,*,*,*,*,*,*,*,*,*,*,*,*,*
533410374,0,,,21,12,9,0,0,0,21,12,9,9,4,5,18,11,7,18,11,7,12,8,4,6,4,2,1,0,1,0,0,0,0,0,0,9,9,3,2,3,0,1,0,0,6,6,0,0,8,0,3,1
533410384,2,533410482,,12,6,6,*,*,*,*,*,*,*,*,*,*,*,*,*,*,*,*,*,*,*,*,*,*,*,*,*,*,*,*,*,*,3,3,*,*,*,*,*,*,*,*,*,*,*,*,*,*,*
533410402,0,,,70,34,36,7,4,3,63,30,33,26,14,12,63,30,33,63,30,33,37,16,21,21,9,12,12,3,9,0,0,0,0,0,0,30,30,11,10,3,3,2,0,1,19,12,7,2,26,0,10,3
533410411,2,533410413,,4,2,2,*,*,*,*,*,*,*,*,*,*,*,*,*,*,*,*,*,*,*,*,*,*,*,*,*,*,*,*,*,*,2,2,*,*,*,*,*,*,*,*,*,*,*,*,*,*,*
533410413,1,,533410411,8,3,5,0,0,0,12,5,7,5,2,3,12,5,7,12,5,7,7,3,4,2,0,2,2,0,2,0,0,0,0,0,0,2,2,1,0,2,0,1,0,0,3,2,1,0,3,0,1,0
533410421,0,,,94,42,52,7,3,4,87,39,48,42,21,21,82,39,43,82,39,43,45,18,27,22,10,12,5,2,3,0,0,0,0,0,0,32,32,6,8,9,4,3,0,2,26,15,11,2,29,0,6,3
533410422,0,,,28,15,13,0,0,0,28,15,13,13,6,7,28,15,13,28,15,13,15,9,6,10,5,5,8,5,3,0,0,0,0,0,0,10,10,2,2,3,2,1,0,0,8,4,4,0,10,0,2,2
533410424,0,,,28,14,14,2,1,1,26,13,13,11,5,6,26,13,13,26,13,13,15,8,7,8,4,4,3,2,1,0,0,0,0,0,0,10,10,1,4,1,4,0,0,0,9,6,3,1,8,0,0,4
533410433,0,,,13,7,6,0,0,0,13,7,6,5,2,3,12,7,5,12,7,5,8,5,3,5,3,2,0,0,0,0,0,0,0,0,0,5,5,1,1,2,1,0,0,0,4,3,1,0,5,0,1,1
533410434,0,,,16,8,8,2,1,1,14,7,7,8,3,5,14,7,7,14,7,7,6,4,2,4,2,2,1,0,1,0,0,0,0,0,0,5,5,0,3,0,1,0,1,0,5,4,1,0,4,0,0,3
533410443,0,,,23,8,15,0,0,0,23,8,15,15,6,9,23,8,15,23,8,15,8,2,6,4,0,4,1,0,1,0,0,0,0,0,0,10,10,1,6,2,1,0,0,0,9,9,0,0,7,0,1,1
533410452,1,,533410454,41,17,24,6,4,2,37,14,23,25,9,16,36,13,23,36,13,23,12,5,7,5,0,5,3,0,3,1,0,1,0,0,0,12,12,1,3,3,4,1,1,0,11,6,5,2,8,0,1,1
533410453,0,,,35,19,16,1,1,0,34,18,16,18,11,7,34,18,16,34,18,16,16,7,9,11,4,7,4,1,3,0,0,0,0,0,0,14,14,2,8,1,2,0,1,0,12,8,4,0,10,0,2,2
533410454,2,533410452,,2,1,1,*,*,*,*,*,*,*,*,*,*,*,*,*,*,*,*,*,*,*,*,*,*,*,*,*,*,*,*,*,*,1,1,*,*,*,*,*,*,*,*,*,*,*,*,*,*,*
533410461,1,,533410463,42,21,21,4,1,3,48,25,23,31,16,15,48,25,23,47,25,22,17,9,8,9,5,4,3,1,2,0,0,0,0,0,0,9,9,0,2,3,2,1,2,2,12,7,5,1,11,0,0,0
533410463,2,533410461,,10,5,5,*,*,*,*,*,*,*,*,*,*,*,*,*,*,*,*,*,*,*,*,*,*,*,*,*,*,*,*,*,*,3,3,*,*,*,*,*,*,*,*,*,*,*,*,*,*,*
533410472,0,,,18,7,11,2,0,2,16,7,9,7,3,4,16,7,9,16,7,9,9,4,5,4,1,3,2,1,1,0,0,0,0,0,0,8,8,2,3,2,1,0,0,0,6,4,2,1,6,0,1,3
533410474,1,,533410572,16,9,7,0,0,0,21,11,10,10,7,3,21,11,10,21,11,10,11,4,7,4,1,3,2,1,1,0,0,0,0,0,0,5,5,1,4,1,1,1,0,0,7,6,1,0,8,0,1,1
533410482,1,,533410384,2,1,1,3,2,1,11,5,6,5,2,3,11,5,6,11,5,6,6,3,3,2,1,1,0,0,0,0,0,0,0,0,0,1,1,0,2,0,1,0,1,0,4,2,2,1,3,0,0,2
533410483,0,,,27,14,13,1,1,0,26,13,13,17,10,7,25,12,13,25,12,13,9,3,6,5,0,5,3,0,3,0,0,0,0,0,0,10,10,2,3,2,2,1,0,0,8,4,4,0,7,0,0,1
533410491,0,,,27,18,9,1,1,0,26,17,9,14,10,4,24,15,9,24,15,9,12,7,5,7,3,4,1,0,1,0,0,0,0,0,0,12,12,4,5,1,1,0,1,0,8,7,1,0,9,0,3,2
533410511,0,,,59,27,32,0,0,0,59,27,32,26,9,17,58,27,31,57,26,31,33,18,15,15,5,10,8,1,7,1,0,1,0,0,0,24,24,5,10,5,2,1,1,0,19,14,5,0,22,0,4,5
533410513,0,,,281,132,149,21,8,13,260,124,136,126,63,63,250,121,129,249,121,128,134,61,73,67,24,43,24,6,18,2,0,2,0,0,0,104,104,22,36,18,16,6,3,3,82,53,29,5,85,0,16,20
533410514,0,,,22,10,12,4,3,1,18,7,11,11,4,7,17,7,10,17,7,10,7,3,4,5,2,3,1,0,1,0,0,0,0,0,0,9,9,4,2,1,0,1,1,0,5,4,1,1,6,0,3,1
533410522,0,,,52,22,30,7,2,5,45,20,25,20,11,9,45,20,25,45,20,25,25,9,16,15,5,10,9,3,6,1,0,1,0,0,0,18,18,1,7,5,3,2,0,0,17,11,6,1,15,0,1,3
533410531,0,,,33,18,15,2,0,2,31,18,13,18,11,7,28,16,12,28,16,12,13,7,6,4,2,2,3,1,2,0,0,0,1,0,1,10,10,1,1,5,1,1,1,0,9,6,3,1,9,0,1,0
533410532,0,,,47,23,24,12,6,6,35,17,18,33,16,17,30,15,15,29,14,15,2,1,1,0,0,0,0,0,0,0,0,0,0,0,0,13,12,1,1,3,4,2,1,0,11,11,0,2,1,0,0,1
533410533,0,,,56,28,28,2,2,0,54,26,28,25,15,10,53,25,28,53,25,28,29,11,18,9,1,8,6,1,5,0,0,0,0,0,0,20,20,3,6,7,1,2,1,0,17,10,7,1,15,0,0,5
533410534,0,,,34,15,19,4,1,3,30,14,16,19,10,9,28,14,14,28,14,14,11,4,7,3,1,2,1,0,1,0,0,0,0,0,0,13,13,5,2,2,1,3,0,0,8,6,2,0,9,0,4,1
533410541,0,,,307,115,192,21,7,14,282,106,176,77,41,36,277,104,173,276,104,172,205,65,140,178,51,127,118,29,89,23,4,19,2,1,1,49,46,7,11,16,7,4,1,0,38,32,6,5,21,0,3,7
533410542,0,,,229,105,124,21,9,12,208,96,112,119,57,62,203,93,110,197,91,106,89,39,50,41,14,27,16,4,12,2,0,2,0,0,0,68,68,8,19,13,13,5,5,5,60,33,27,5,55,0,5,12
533410543,0,,,356,171,185,55,25,30,300,145,155,205,107,98,286,138,148,282,137,145,95,38,57,52,19,33,16,5,11,1,0,1,0,0,0,128,127,25,34,35,18,11,2,2,102,83,19,19,60,1,14,14
533410544,0,,,158,80,78,26,13,13,132,67,65,87,49,38,128,64,64,128,64,64,45,18,27,14,6,8,3,0,3,0,0,0,0,0,0,50,50,13,7,9,9,8,1,3,37,21,16,6,30,0,6,2
533410551,0,,,352,169,183,29,15,14,323,154,169,170,86,84,318,150,168,316,149,167,153,68,85,77,30,47,30,12,18,0,0,0,1,0,1,133,133,36,31,32,20,9,2,3,95,62,33,10,103,0,22,20
533410552,0,,,80,39,41,15,7,8,65,32,33,41,20,21,64,32,32,63,32,31,24,12,12,8,5,3,3,2,1,0,0,0,0,0,0,28,28,3,12,4,5,3,1,0,25,23,2,5,16,0,3,6
533410553,0,,,225,113,112,29,13,16,196,100,96,116,64,52,191,98,93,186,93,93,80,36,44,37,15,22,13,6,7,3,1,2,0,0,0,87,87,28,21,18,9,5,4,2,59,46,13,6,54,0,16,14
533410554,0,,,41,24,17,3,2,1,38,22,16,21,13,8,37,22,15,37,22,15,17,9,8,7,2,5,4,1,3,0,0,0,0,0,0,16,16,3,6,3,3,1,0,0,13,9,4,1,11,0,1,4
533410572,2,533410474,,5,2,3,*,*,*,*,*,*,*,*,*,*,*,*,*,*,*,*,*,*,*,*,*,*,*,*,*,*,*,*,*,*,3,3,*,*,*,*,*,*,*,*,*,*,*,*,*,*,*
533410581,2,533410582,,7,4,3,*,*,*,*,*,*,*,*,*,*,*,*,*,*,*,*,*,*,*,*,*,*,*,*,*,*,*,*,*,*,3,3,*,*,*,*,*,*,*,*,*,*,*,*,*,*,*
533410582,1,,533410581;533410583;533410584,12,4,8,1,0,1,28,12,16,19,9,10,28,12,16,28,12,16,9,3,6,3,0,3,3,0,3,0,0,0,0,0,0,4,4,0,5,3,0,2,0,0,10,7,3,1,7,0,0,1
533410583,2,533410582,,5,2,3,*,*,*,*,*,*,*,*,*,*,*,*,*,*,*,*,*,*,*,*,*,*,*,*,*,*,*,*,*,*,1,1,*,*,*,*,*,*,*,*,*,*,*,*,*,*,*
533410584,2,533410582,,5,2,3,*,*,*,*,*,*,*,*,*,*,*,*,*,*,*,*,*,*,*,*,*,*,*,*,*,*,*,*,*,*,2,2,*,*,*,*,*,*,*,*,*,*,*,*,*,*,*
533410611,0,,,9,4,5,0,0,0,9,4,5,5,1,4,9,4,5,9,4,5,4,3,1,2,1,1,0,0,0,0,0,0,0,0,0,4,4,1,1,2,0,0,0,0,3,3,0,0,3,0,1,0
533410613,0,,,15,7,8,0,0,0,15,7,8,7,3,4,15,7,8,15,7,8,8,4,4,5,3,2,3,3,0,0,0,0,0,0,0,7,7,2,2,3,0,0,0,0,5,2,3,0,6,0,1,1
533410624,2,533410633,,8,5,3,*,*,*,*,*,*,*,*,*,*,*,*,*,*,*,*,*,*,*,*,*,*,*,*,*,*,*,*,*,*,2,2,*,*,*,*,*,*,*,*,*,*,*,*,*,*,*
533410631,0,,,37,20,17,2,1,1,35,19,16,22,14,8,35,19,16,35,19,16,13,5,8,8,3,5,4,2,2,0,0,0,0,0,0,11,11,1,4,3,0,1,1,1,10,8,2,1,10,0,1,2
533410632,0,,,150,82,68,22,12,10,126,68,58,58,34,24,126,68,58,124,67,57,68,34,34,34,19,15,7,3,4,1,0,1,1,1,0,71,71,24,26,12,8,0,1,0,47,44,3,6,45,1,15,19
533410633,1,,533410624,57,32,25,9,7,2,56,30,26,34,19,15,54,29,25,54,29,25,22,11,11,12,4,8,9,3,6,0,0,0,1,0,1,20,20,5,4,7,2,1,3,0,17,11,6,3,16,0,3,0
533410634,0,,,76,40,36,12,7,5,64,33,31,34,18,16,61,32,29,60,31,29,30,15,15,20,11,9,7,4,3,0,0,0,0,0,0,25,25,6,6,4,3,4,0,2,19,11,8,2,20,0,5,4
533410641,0,,,153,80,73,9,4,5,144,76,68,82,43,39,136,71,65,134,70,64,62,33,29,30,14,16,7,6,1,2,1,1,0,0,0,58,58,13,20,10,9,4,0,2,45,36,9,2,41,0,10,9
533410643,0,,,159,78,81,8,5,3,151,73,78,92,41,51,148,72,76,145,69,76,59,32,27,19,8,11,3,0,3,0,0,0,0,0,0,34,31,5,10,6,7,2,1,0,26,22,4,2,18,0,3,2
533410644,0,,,21,9,12,0,0,0,21,9,12,10,5,5,21,9,12,21,9,12,11,4,7,6,2,4,2,1,1,0,0,0,0,0,0,7,7,0,3,2,1,1,0,0,7,4,3,0,6,0,0,1
533410651,2,533410652,,7,4,3,*,*,*,*,*,*,*,*,*,*,*,*,*,*,*,*,*,*,*,*,*,*,*,*,*,*,*,*,*,*,3,3,*,*,*,*,*,*,*,*,*,*,*,*,*,*,*
533410652,1,,533410651,22,10,12,5,3,2,24,11,13,12,6,6,23,10,13,23,10,13,12,5,7,3,0,3,3,0,3,0,0,0,0,0,0,9,9,5,2,2,2,0,1,0,7,3,4,1,8,0,3,2
533410653,0,,,25,11,14,3,0,3,22,11,11,12,7,5,22,11,11,22,11,11,10,4,6,3,1,2,1,0,1,1,0,1,0,0,0,9,9,1,3,3,1,1,0,0,8,6,2,1,6,0,1,2
533410661,2,533410663,,10,3,7,*,*,*,*,*,*,*,*,*,*,*,*,*,*,*,*,*,*,*,*,*,*,*,*,*,*,*,*,*,*,5,5,*,*,*,*,*,*,*,*,*,*,*,*,*,*,*
533410663,1,,533410661,3,2,1,0,0,0,13,5,8,2,1,1,13,5,8,13,5,8,11,4,7,4,1,3,2,0,2,2,0,2,0,0,0,2,2,3,2,2,0,0,0,0,4,2,2,0,6,0,3,1
533410682,2,533410684,,7,3,4,*,*,*,*,*,*,*,*,*,*,*,*,*,*,*,*,*,*,*,*,*,*,*,*,*,*,*,*,*,*,2,2,*,*,*,*,*,*,*,*,*,*,*,*,*,*,*
533410684,1,,533410682,13,5,8,3,2,1,17,6,11,8,3,5,17,6,11,17,6,11,9,3,6,5,2,3,2,0,2,0,0,0,0,0,0,5,5,1,3,1,0,2,0,0,6,3,3,2,6,0,1,2
533410693,0,,,24,10,14,1,0,1,23,10,13,14,7,7,22,10,12,22,10,12,9,3,6,6,2,4,2,1,1,0,0,0,0,0,0,8,8,2,2,2,0,1,0,1,6,4,2,0,6,0,2,2
533410694,0,,,23,13,10,1,1,0,22,12,10,10,7,3,22,12,10,22,12,10,12,5,7,6,2,4,1,0,1,0,0,0,0,0,0,11,11,4,3,3,1,0,0,0,7,6,1,1,7,0,2,3
533410702,0,,,15,8,7,0,0,0,15,8,7,10,6,4,15,8,7,15,8,7,5,2,3,3,1,2,2,1,1,0,0,0,0,0,0,4,4,0,1,1,1,0,1,0,4,1,3,0,3,0,0,0
533410703,2,533410704,,1,1,0,*,*,*,*,*,*,*,*,*,*,*,*,*,*,*,*,*,*,*,*,*,*,*,*,*,*,*,*,*,*,1,1,*,*,*,*,*,*,*,*,*,*,*,*,*,*,*
533410704,1,,533410703,94,45,49,3,3,0,92,43,49,32,17,15,92,43,49,92,43,49,60,26,34,34,15,19,13,5,8,2,0,2,0,0,0,41,41,10,18,9,3,2,0,0,32,28,4,0,39,0,8,11
533410711,1,,533410713,217,96,121,14,6,8,210,94,116,104,49,55,205,92,113,202,90,112,106,45,61,54,19,35,23,10,13,0,0,0,0,0,0,80,80,22,28,12,11,7,4,1,63,40,23,2,72,0,18,17
533410713,2,533410711,,7,4,3,*,*,*,*,*,*,*,*,*,*,*,*,*,*,*,*,*,*,*,*,*,*,*,*,*,*,*,*,*,*,5,5,*,*,*,*,*,*,*,*,*,*,*,*,*,*,*
533410722,0,,,66,34,32,5,4,1,61,30,31,28,15,13,60,30,30,60,30,30,33,15,18,17,7,10,3,2,1,0,0,0,0,0,0,21,21,2,7,2,8,1,0,1,19,13,6,2,18,0,1,5
533410724,0,,,24,9,15,4,2,2,20,7,13,16,6,10,19,7,12,17,6,11,4,1,3,3,1,2,2,1,1,0,0,0,0,0,0,7,7,3,0,1,0,1,1,1,4,2,2,2,4,0,3,0
533410731,1,,533410733,62,29,33,2,1,1,67,31,36,35,20,15,64,30,34,63,29,34,32,11,21,14,2,12,10,2,8,1,0,1,0,0,0,20,20,5,5,8,2,2,2,0,19,10,9,1,20,0,3,2
533410732,1,,533410734,72,34,38,14,7,7,61,29,32,37,17,20,60,29,31,60,29,31,24,12,12,14,7,7,4,2,2,0,0,0,0,0,0,20,20,2,6,4,3,1,3,2,19,12,7,3,16,0,2,3
533410733,2,533410731,,7,3,4,*,*,*,*,*,*,*,*,*,*,*,*,*,*,*,*,*,*,*,*,*,*,*,*,*,*,*,*,*,*,4,4,*,*,*,*,*,*,*,*,*,*,*,*,*,*,*
533410734,2,533410732,,3,2,1,*,*,*,*,*,*,*,*,*,*,*,*,*,*,*,*,*,*,*,*,*,*,*,*,*,*,*,*,*,*,1,1,*,*,*,*,*,*,*,*,*,*,*,*,*,*,*
533410741,0,,,110,51,59,4,2,2,106,49,57,71,41,30,106,49,57,106,49,57,35,8,27,19,3,16,12,1,11,1,0,1,0,0,0,13,9,2,3,2,1,0,1,0,7,6,1,1,6,0,1,2
533410743,0,,,25,13,12,2,1,1,23,12,11,12,8,4,23,12,11,23,12,11,11,4,7,8,3,5,2,1,1,0,0,0,0,0,0,10,10,3,3,1,2,1,0,0,7,4,3,1,8,0,1,2
533410744,0,,,15,6,9,1,1,0,14,5,9,10,5,5,14,5,9,14,5,9,4,0,4,3,0,3,3,0,3,0,0,0,0,0,0,5,5,2,0,0,2,1,0,0,2,1,1,0,3,0,1,0
533410751,0,,,15,8,7,0,0,0,15,8,7,6,4,2,14,7,7,13,7,6,9,4,5,6,3,3,2,1,1,0,0,0,0,0,0,5,5,2,1,1,0,0,0,1,3,2,1,0,5,0,2,1
533410752,2,533410754,,4,1,3,*,*,*,*,*,*,*,*,*,*,*,*,*,*,*,*,*,*,*,*,*,*,*,*,*,*,*,*,*,*,1,1,*,*,*,*,*,*,*,*,*,*,*,*,*,*,*
533410753,0,,,121,61,60,16,5,11,105,56,49,60,35,25,104,55,49,104,55,49,45,21,24,20,7,13,6,2,4,0,0,0,0,0,0,37,37,1,14,10,6,3,0,3,36,29,7,5,27,0,0,7
533410754,1,,533410752,21,11,10,0,0,0,25,12,13,12,7,5,25,12,13,25,12,13,13,5,8,7,2,5,3,0,3,0,0,0,0,0,0,6,6,1,0,3,1,1,1,0,6,1,5,0,7,0,1,0
533410761,0,,,40,16,24,2,0,2,38,16,22,21,9,12,38,16,22,38,16,22,17,7,10,10,3,7,4,1,3,0,0,0,0,0,0,13,13,1,3,3,6,0,0,0,12,5,7,0,10,0,0,2
533410763,0,,,45,24,21,5,2,3,40,22,18,23,12,11,38,22,16,38,22,16,17,10,7,13,7,6,6,3,3,0,0,0,0,0,0,16,16,4,5,4,1,0,0,2,12,10,2,1,13,0,4,2
533410784,2,533410882,,2,1,1,*,*,*,*,*,*,*,*,*,*,*,*,*,*,*,*,*,*,*,*,*,*,*,*,*,*,*,*,*,*,1,1,*,*,*,*,*,*,*,*,*,*,*,*,*,*,*
533410792,0,,,49,21,28,4,2,2,45,19,26,27,11,16,43,19,24,41,17,24,18,8,10,9,3,6,3,1,2,2,0,2,0,0,0,13,13,2,3,2,1,1,2,2,10,6,4,0,11,0,2,3
533410793,0,,,25,13,12,3,2,1,22,11,11,11,5,6,22,11,11,22,11,11,11,6,5,4,2,2,2,0,2,1,0,1,0,0,0,6,6,0,1,1,2,1,0,1,6,2,4,0,5,0,0,0
533410794,0,,,67,36,31,8,6,2,59,30,29,23,15,8,57,28,29,57,28,29,36,15,21,11,4,7,3,0,3,0,0,0,0,0,0,25,25,4,11,3,4,2,1,0,21,15,6,1,21,0,2,9
533410804,0,,,34,17,17,2,1,1,32,16,16,15,7,8,30,14,16,30,14,16,17,9,8,10,4,6,1,0,1,0,0,0,0,0,0,16,16,2,12,1,0,1,0,0,14,14,0,0,12,0,1,8
533410814,0,,,100,50,50,4,2,2,96,48,48,58,32,26,95,48,47,94,48,46,38,16,22,17,7,10,2,1,1,0,0,0,0,0,0,40,40,8,17,8,3,2,2,0,32,25,7,1,27,0,6,8
533410822,2,533410824,,2,1,1,*,*,*,*,*,*,*,*,*,*,*,*,*,*,*,*,*,*,*,*,*,*,*,*,*,*,*,*,*,*,1,1,*,*,*,*,*,*,*,*,*,*,*,*,*,*,*
533410824,1,,533410822,55,23,32,4,2,2,53,22,31,32,15,17,50,21,29,49,20,29,21,7,14,9,3,6,5,1,4,1,0,1,0,0,0,20,20,3,11,1,3,1,2,0,18,15,3,1,15,0,2,2
533410834,2,533410843,,13,7,6,*,*,*,*,*,*,*,*,*,*,*,*,*,*,*,*,*,*,*,*,*,*,*,*,*,*,*,*,*,*,3,3,*,*,*,*,*,*,*,*,*,*,*,*,*,*,*
533410841,0,,,59,29,30,7,3,4,52,26,26,25,13,12,51,25,26,51,25,26,27,13,14,14,5,9,7,2,5,0,0,0,0,0,0,20,20,3,4,7,3,3,0,0,17,11,6,2,14,0,2,4
533410842,0,,,24,9,15,2,0,2,22,9,13,9,5,4,22,9,13,22,9,13,13,4,9,5,1,4,2,0,2,0,0,0,0,0,0,11,11,3,4,3,1,0,0,0,8,6,2,0,9,0,2,4
533410843,1,,533410834,27,14,13,6,3,3,34,18,16,20,11,9,34,18,16,34,18,16,14,7,7,7,3,4,1,0,1,0,0,0,0,0,0,9,9,2,4,1,2,1,0,2,10,5,5,2,8,1,0,2
533410844,0,,,13,7,6,2,0,2,11,7,4,9,5,4,11,7,4,11,7,4,2,2,0,1,1,0,1,1,0,0,0,0,0,0,0,4,4,1,0,0,3,0,0,0,3,2,1,0,1,1,0,0
533410851,0,,,64,34,30,11,9,2,53,25,28,30,15,15,52,24,28,52,24,28,23,10,13,8,2,6,6,1,5,0,0,0,1,1,0,18,18,4,5,3,0,1,2,3,14,6,8,2,13,0,2,2
533410852,2,533410853,,5,1,4,*,*,*,*,*,*,*,*,*,*,*,*,*,*,*,*,*,*,*,*,*,*,*,*,*,*,*,*,*,*,1,1,*,*,*,*,*,*,*,*,*,*,*,*,*,*,*
533410853,1,,533410852,66,38,28,7,5,2,64,34,30,38,22,16,63,34,29,63,34,29,26,12,14,13,5,8,9,4,5,0,0,0,0,0,0,22,22,5,5,6,3,2,1,1,18,11,7,2,19,0,3,2
533410861,0,,,60,31,29,9,4,5,51,27,24,29,17,12,51,27,24,51,27,24,22,10,12,7,2,5,4,1,3,1,0,1,0,0,0,22,22,4,7,5,4,1,1,0,18,13,5,4,15,0,3,2
533410863,0,,,46,22,24,0,0,0,46,22,24,20,13,7,46,22,24,46,22,24,26,9,17,14,4,10,7,1,6,1,0,1,0,0,0,20,20,5,6,7,2,0,0,0,15,10,5,0,17,0,3,3
533410882,1,,533410784,31,15,16,1,0,1,32,16,16,17,10,7,32,16,16,30,14,16,15,6,9,2,0,2,0,0,0,0,0,0,0,0,0,10,10,0,4,3,4,0,0,0,11,8,3,0,9,0,0,3
533410884,0,,,23,12,11,2,1,1,21,11,10,9,5,4,20,11,9,20,11,9,12,6,6,7,2,5,2,0,2,2,0,2,0,0,0,8,8,2,2,1,2,0,1,0,6,3,3,0,8,0,2,1
533410891,1,,533410892,18,9,9,0,0,0,23,12,11,16,9,7,22,11,11,21,11,10,7,3,4,5,2,3,3,1,2,0,0,0,0,0,0,4,4,1,1,1,1,0,1,1,5,1,4,0,5,0,0,0
533410892,2,533410891,,5,3,2,*,*,*,*,*,*,*,*,*,*,*,*,*,*,*,*,*,*,*,*,*,*,*,*,*,*,*,*,*,*,2,2,*,*,*,*,*,*,*,*,*,*,*,*,*,*,*
533410893,0,,,27,16,11,0,0,0,27,16,11,14,9,5,25,15,10,24,14,10,13,7,6,3,1,2,1,0,1,0,0,0,0,0,0,9,9,3,1,0,3,2,0,0,6,2,4,0,7,0,1,1
533410894,0,,,25,12,13,1,0,1,24,12,12,11,6,5,24,12,12,23,12,11,13,6,7,9,4,5,2,1,1,0,0,0,0,0,0,10,10,1,7,0,0,2,0,0,9,7,2,0,8,0,1,4
533410902,0,,,114,56,58,9,5,4,105,51,54,57,31,26,102,50,52,101,49,52,48,20,28,27,9,18,13,4,9,0,0,0,0,0,0,42,42,10,13,6,8,2,3,0,32,18,14,3,34,1,6,6
533410904,0,,,11,5,6,1,1,0,10,4,6,4,2,2,10,4,6,10,4,6,6,2,4,0,0,0,0,0,0,0,0,0,0,0,0,5,5,1,2,2,0,0,0,0,4,4,0,0,4,0,1,1
533410911,2,533410912,,8,5,3,*,*,*,*,*,*,*,*,*,*,*,*,*,*,*,*,*,*,*,*,*,*,*,*,*,*,*,*,*,*,2,2,*,*,*,*,*,*,*,*,*,*,*,*,*,*,*
533410912,1,,533410911,9,5,4,1,1,0,16,9,7,10,7,3,15,8,7,15,8,7,6,2,4,3,1,2,2,1,1,0,0,0,0,0,0,5,5,2,2,2,0,1,0,0,5,3,2,0,4,0,0,0
533410921,0,,,13,7,6,0,0,0,13,7,6,8,7,1,10,4,6,10,4,6,5,0,5,4,0,4,1,0,1,0,0,0,0,0,0,5,5,2,0,2,0,1,0,0,3,1,2,0,5,0,2,0
533410922,0,,,62,30,32,1,1,0,61,29,32,40,20,20,57,28,29,56,27,29,21,9,12,13,4,9,3,1,2,1,0,1,0,0,0,22,22,6,4,6,2,3,0,1,16,11,5,0,16,0,5,2
533410924,0,,,38,20,18,5,3,2,33,17,16,21,11,10,30,15,15,28,14,14,12,6,6,6,3,3,0,0,0,0,0,0,1,0,1,9,9,2,1,0,1,1,3,1,7,1,6,1,8,0,1,1
533410931,0,,,38,17,21,3,1,2,35,16,19,21,10,11,35,16,19,35,16,19,14,6,8,7,2,5,4,1,3,0,0,0,1,0,1,12,12,2,3,3,1,2,0,1,10,4,6,2,11,0,1,1
533410933,0,,,86,41,45,12,6,6,74,35,39,39,20,19,74,35,39,74,35,39,35,15,20,12,4,8,6,2,4,2,1,1,0,0,0,24,24,2,7,3,4,4,3,1,22,13,9,3,21,0,2,3
533410941,1,,533410942,58,29,29,6,4,2,63,31,32,36,17,19,59,29,30,58,28,30,27,14,13,13,6,7,5,3,2,0,0,0,0,0,0,17,17,2,6,5,2,0,4,1,18,9,9,2,19,0,2,5
533410942,2,533410941,,11,6,5,*,*,*,*,*,*,*,*,*,*,*,*,*,*,*,*,*,*,*,*,*,*,*,*,*,*,*,*,*,*,3,3,*,*,*,*,*,*,*,*,*,*,*,*,*,*,*
533410943,0,,,36,21,15,5,3,2,31,18,13,18,12,6,30,18,12,29,17,12,13,6,7,4,1,3,2,0,2,0,0,0,0,0,0,11,11,1,3,2,3,1,1,0,10,9,1,1,6,0,0,1
533410944,0,,,39,22,17,6,4,2,33,18,15,23,14,9,30,17,13,29,16,13,10,4,6,3,0,3,2,0,2,0,0,0,0,0,0,12,12,2,3,3,2,0,0,2,10,8,2,1,9,0,2,1
533410951,0,,,28,13,15,5,3,2,23,10,13,15,7,8,22,9,13,22,9,13,8,3,5,2,0,2,0,0,0,0,0,0,0,0,0,8,8,2,3,0,0,0,1,2,6,3,3,1,5,0,1,2
533410952,0,,,20,9,11,0,0,0,20,9,11,11,5,6,19,9,10,19,9,10,9,4,5,4,2,2,2,1,1,0,0,0,0,0,0,6,6,0,2,1,2,1,0,0,6,4,2,0,5,0,0,2
533410954,0,,,51,28,23,2,2,0,49,26,23,30,16,14,49,26,23,49,26,23,19,10,9,7,2,5,2,0,2,0,0,0,0,0,0,18,18,3,4,7,2,1,1,0,14,10,4,1,13,0,2,3
533410961,0,,,125,61,64,6,5,1,119,56,63,70,37,33,117,55,62,115,53,62,49,19,30,30,9,21,10,3,7,1,0,1,0,0,0,43,43,12,9,10,5,2,3,2,31,13,18,2,36,0,6,4
533410962,0,,,98,51,47,11,8,3,87,43,44,61,31,30,84,42,42,82,41,41,26,12,14,9,4,5,3,1,2,0,0,0,0,0,0,32,32,7,8,6,4,3,2,2,25,16,9,6,21,0,4,3
533410963,0,,,10,5,5,0,0,0,10,5,5,5,3,2,10,5,5,10,5,5,5,2,3,2,0,2,2,0,2,1,0,1,0,0,0,4,4,1,1,1,1,0,0,0,3,0,3,0,3,0,1,0
533410981,2,533410983,,5,3,2,*,*,*,*,*,*,*,*,*,*,*,*,*,*,*,*,*,*,*,*,*,*,*,*,*,*,*,*,*,*,1,1,*,*,*,*,*,*,*,*,*,*,*,*,*,*,*
533410983,1,,533410981,15,7,8,0,0,0,20,10,10,9,4,5,20,10,10,20,10,10,11,6,5,4,2,2,2,1,1,2,1,1,0,0,0,6,6,2,1,1,2,1,0,0,5,2,3,0,6,0,1,1
533410992,1,,533410994,40,21,19,7,3,4,38,22,16,25,15,10,36,20,16,35,20,15,13,7,6,8,4,4,6,3,3,0,0,0,0,0,0,9,9,0,1,3,1,6,0,0,11,5,6,2,7,0,0,0
533410994,2,533410992,,5,4,1,*,*,*,*,*,*,*,*,*,*,*,*,*,*,*,*,*,*,*,*,*,*,*,*,*,*,*,*,*,*,2,2,*,*,*,*,*,*,*,*,*,*,*,*,*,*,*
533411022,0,,,15,9,6,2,2,0,13,7,6,7,4,3,13,7,6,13,7,6,6,3,3,1,0,1,0,0,0,0,0,0,0,0,0,5,5,2,0,1,1,0,1,0,3,1,2,0,5,0,2,0
533411032,0,,,12,7,5,0,0,0,12,7,5,5,4,1,12,7,5,12,7,5,7,3,4,4,1,3,3,1,2,0,0,0,0,0,0,5,5,1,1,3,0,0,0,0,4,4,0,0,5,0,1,0
533411041,1,,533411043,70,37,33,3,2,1,69,36,33,44,24,20,67,36,31,65,35,30,25,12,13,14,6,8,5,3,2,0,0,0,0,0,0,21,21,0,6,8,6,0,2,0,22,13,9,1,19,0,0,3
533411043,2,533411041,,2,1,1,*,*,*,*,*,*,*,*,*,*,*,*,*,*,*,*,*,*,*,*,*,*,*,*,*,*,*,*,*,*,1,1,*,*,*,*,*,*,*,*,*,*,*,*,*,*,*
533411044,1,,533411151,47,27,20,2,1,1,54,32,22,28,19,9,52,30,22,52,30,22,26,13,13,14,7,7,6,3,3,1,1,0,0,0,0,17,17,6,4,6,2,2,1,0,15,10,5,0,15,0,4,2
533411053,0,,,13,5,8,2,1,1,11,4,7,7,3,4,11,4,7,11,4,7,4,1,3,1,0,1,1,0,1,1,0,1,0,0,0,5,5,1,3,0,0,0,1,0,4,2,2,1,3,0,1,0
533411061,0,,,130,66,64,25,12,13,105,54,51,89,48,41,97,48,49,96,48,48,16,6,10,9,4,5,0,0,0,0,0,0,6,6,0,47,47,14,9,9,9,2,3,1,32,26,6,7,9,5,0,2
533411062,0,,,19,10,9,2,2,0,17,8,9,13,7,6,17,8,9,17,8,9,4,1,3,2,1,1,1,0,1,0,0,0,0,0,0,7,7,1,2,2,2,0,0,0,6,3,3,0,3,0,0,0
533411063,0,,,182,87,95,31,13,18,151,74,77,99,46,53,142,69,73,138,69,69,52,28,24,18,7,11,11,4,7,1,0,1,0,0,0,52,51,7,8,11,14,4,4,3,44,27,17,4,31,0,5,4
533411064,0,,,67,19,48,0,0,0,67,19,48,4,2,2,67,19,48,67,19,48,63,17,46,62,16,46,51,13,38,16,1,15,0,0,0,6,5,1,3,0,1,0,0,0,4,3,1,0,4,0,0,3
533411073,0,,,60,29,31,6,4,2,54,25,29,26,11,15,50,23,27,50,23,27,28,14,14,15,6,9,6,2,4,2,0,2,0,0,0,21,21,4,7,4,2,3,0,1,17,11,6,0,18,0,4,6
533411092,0,,,45,24,21,7,5,2,38,19,19,23,14,9,37,18,19,36,17,19,15,5,10,8,3,5,2,1,1,0,0,0,0,0,0,13,13,0,4,4,2,1,2,0,13,7,6,0,10,0,0,2
533411123,0,,,57,30,27,5,3,2,52,27,25,27,15,12,50,26,24,49,25,24,25,12,13,14,7,7,5,4,1,1,1,0,0,0,0,18,18,4,5,3,2,1,1,2,13,9,4,1,13,0,1,1
533411151,2,533411044,,9,6,3,*,*,*,*,*,*,*,*,*,*,*,*,*,*,*,*,*,*,*,*,*,*,*,*,*,*,*,*,*,*,4,4,*,*,*,*,*,*,*,*,*,*,*,*,*,*,*
533411161,0,,,109,49,60,6,3,3,103,46,57,48,23,25,98,45,53,97,44,53,55,23,32,31,11,20,14,5,9,1,0,1,0,0,0,34,34,6,7,8,6,4,1,2,28,16,12,2,31,0,6,4
533411163,0,,,97,19,78,0,0,0,97,19,78,15,8,7,94,17,77,94,17,77,82,11,71,77,8,69,55,3,52,18,0,18,0,0,0,9,8,0,4,2,1,0,0,1,8,7,1,0,6,0,0,3
533411164,0,,,231,107,124,37,15,22,194,92,102,146,76,70,186,88,98,183,86,97,48,16,32,22,4,18,9,1,8,0,0,0,0,0,0,71,71,11,21,11,13,6,3,6,60,38,22,10,34,0,4,3
533411173,0,,,115,55,60,4,4,0,111,51,60,59,30,29,109,51,58,108,50,58,52,21,31,25,8,17,9,1,8,3,0,3,1,0,1,40,40,8,9,10,8,4,0,1,31,19,12,1,32,0,6,3
533411201,0,,,34,15,19,3,1,2,31,14,17,17,10,7,30,13,17,30,13,17,14,4,10,7,1,6,6,0,6,2,0,2,0,0,0,13,13,3,3,4,2,1,0,0,10,4,6,0,10,0,1,1
533411203,1,,533411204,21,11,10,0,0,0,23,12,11,11,6,5,23,12,11,21,11,10,12,6,6,5,4,1,1,1,0,0,0,0,0,0,0,8,8,1,5,1,1,1,0,0,8,6,2,0,7,0,1,3
533411204,2,533411203,,2,1,1,*,*,*,*,*,*,*,*,*,*,*,*,*,*,*,*,*,*,*,*,*,*,*,*,*,*,*,*,*,*,1,1,*,*,*,*,*,*,*,*,*,*,*,*,*,*,*
533411221,0,,,46,25,21,2,1,1,44,24,20,24,14,10,44,24,20,43,24,19,20,10,10,10,5,5,3,1,2,1,0,1,0,0,0,17,17,3,6,4,1,3,0,0,13,9,4,1,13,0,1,4
533411224,0,,,12,6,6,0,0,0,12,6,6,4,2,2,12,6,6,12,6,6,8,4,4,0,0,0,0,0,0,0,0,0,0,0,0,6,6,1,4,1,0,0,0,0,5,5,0,0,5,0,1,2
533411234,2,533411332,,8,5,3,*,*,*,*,*,*,*,*,*,*,*,*,*,*,*,*,*,*,*,*,*,*,*,*,*,*,*,*,*,*,3,3,*,*,*,*,*,*,*,*,*,*,*,*,*,*,*
533411261,0,,,115,55,60,10,4,6,105,51,54,59,31,28,102,49,53,100,48,52,46,20,26,21,7,14,9,1,8,0,0,0,2,0,2,34,34,3,8,10,4,4,5,0,30,18,12,3,29,0,3,6
533411262,0,,,71,36,35,6,4,2,65,32,33,34,19,15,63,30,33,62,30,32,31,13,18,14,8,6,3,1,2,0,0,0,0,0,0,21,21,2,6,6,2,0,4,1,18,11,7,1,19,0,2,3
533411263,0,,,78,41,37,11,7,4,67,34,33,41,22,19,66,33,33,66,33,33,26,12,14,11,3,8,8,2,6,1,1,0,0,0,0,22,22,0,6,5,5,5,1,0,22,15,7,4,16,0,0,6
533411264,0,,,71,36,35,14,7,7,57,29,28,28,15,13,55,29,26,54,29,25,29,14,15,11,4,7,3,1,2,0,0,0,0,0,0,20,20,4,4,3,2,4,0,3,16,9,7,2,17,0,3,4
533411271,0,,,101,48,53,8,6,2,93,42,51,42,22,20,93,42,51,92,41,51,51,20,31,20,7,13,9,2,7,0,0,0,0,0,0,32,32,4,10,7,5,2,3,1,27,17,10,1,30,0,4,6
533411273,0,,,27,13,14,3,3,0,24,10,14,8,2,6,24,10,14,24,10,14,16,8,8,6,2,4,2,0,2,0,0,0,0,0,0,15,15,5,8,2,0,0,0,0,10,10,0,1,11,0,4,2
533411281,2,533411283,,5,2,3,*,*,*,*,*,*,*,*,*,*,*,*,*,*,*,*,*,*,*,*,*,*,*,*,*,*,*,*,*,*,2,2,*,*,*,*,*,*,*,*,*,*,*,*,*,*,*
533411283,1,,533411281;533411284;533411382,136,70,66,15,10,5,143,68,75,79,38,41,139,66,73,139,66,73,64,30,34,25,11,14,9,3,6,1,1,0,0,0,0,39,39,6,13,11,4,8,5,1,41,24,17,4,36,3,3,9
533411284,2,533411283,,12,3,9,*,*,*,*,*,*,*,*,*,*,*,*,*,*,*,*,*,*,*,*,*,*,*,*,*,*,*,*,*,*,6,6,*,*,*,*,*,*,*,*,*,*,*,*,*,*,*
533411302,0,,,49,21,28,2,2,0,47,19,28,30,12,18,46,19,27,45,19,26,17,7,10,11,4,7,6,2,4,1,1,0,0,0,0,16,16,3,4,5,2,0,1,1,13,8,5,0,11,0,2,0
533411313,0,,,26,13,13,4,2,2,22,11,11,11,6,5,21,11,10,20,10,10,11,5,6,3,0,3,2,0,2,0,0,0,0,0,0,8,8,1,2,3,0,0,2,0,7,3,4,1,5,0,0,0
533411322,1,,533411324,13,5,8,2,0,2,20,11,9,10,5,5,20,11,9,20,11,9,10,6,4,3,1,2,1,0,1,0,0,0,0,0,0,4,4,2,3,1,1,0,0,1,6,3,3,1,7,0,2,2
533411324,2,533411322,,9,6,3,*,*,*,*,*,*,*,*,*,*,*,*,*,*,*,*,*,*,*,*,*,*,*,*,*,*,*,*,*,*,4,4,*,*,*,*,*,*,*,*,*,*,*,*,*,*,*
533411332,1,,533411234,17,9,8,0,0,0,25,14,11,13,9,4,25,14,11,25,14,11,12,5,7,2,0,2,1,0,1,1,0,1,0,0,0,7,7,2,4,1,3,0,0,0,8,6,2,0,9,0,2,0
533411341,1,,533411343;533411344,57,25,32,11,3,8,55,26,29,32,14,18,53,26,27,53,26,27,23,12,11,12,5,7,1,0,1,0,0,0,1,1,0,16,16,3,7,2,1,0,0,5,15,10,5,4,14,0,1,4
533411343,2,533411341,,2,1,1,*,*,*,*,*,*,*,*,*,*,*,*,*,*,*,*,*,*,*,*,*,*,*,*,*,*,*,*,*,*,1,1,*,*,*,*,*,*,*,*,*,*,*,*,*,*,*
533411344,2,533411341,,7,3,4,*,*,*,*,*,*,*,*,*,*,*,*,*,*,*,*,*,*,*,*,*,*,*,*,*,*,*,*,*,*,1,1,*,*,*,*,*,*,*,*,*,*,*,*,*,*,*
533411352,0,,,117,62,55,10,6,4,107,56,51,59,30,29,103,53,50,99,52,47,48,26,22,27,12,15,7,2,5,0,0,0,0,0,0,34,34,3,9,9,6,1,2,4,31,18,13,2,30,0,3,5
533411353,2,533411354,,3,1,2,*,*,*,*,*,*,*,*,*,*,*,*,*,*,*,*,*,*,*,*,*,*,*,*,*,*,*,*,*,*,1,1,*,*,*,*,*,*,*,*,*,*,*,*,*,*,*
533411354,1,,533411353,25,13,12,3,2,1,25,12,13,16,9,7,23,11,12,23,11,12,9,3,6,5,1,4,3,1,2,0,0,0,0,0,0,8,8,1,1,4,2,1,0,0,8,5,3,0,5,0,1,0
533411361,1,,533411363,203,97,106,32,17,15,175,81,94,108,57,51,170,79,91,169,78,91,67,24,43,33,7,26,16,1,15,0,0,0,0,0,0,71,71,15,25,9,13,9,3,0,59,42,17,9,52,0,13,9
533411363,2,533411361,,4,1,3,*,*,*,*,*,*,*,*,*,*,*,*,*,*,*,*,*,*,*,*,*,*,*,*,*,*,*,*,*,*,3,3,*,*,*,*,*,*,*,*,*,*,*,*,*,*,*
533411373,0,,,27,13,14,4,2,2,23,11,12,19,9,10,23,11,12,23,11,12,4,2,2,3,1,2,1,0,1,0,0,0,0,0,0,6,6,0,0,3,1,0,0,2,6,3,3,2,4,0,0,0
533411382,2,533411283,,5,3,2,*,*,*,*,*,*,*,*,*,*,*,*,*,*,*,*,*,*,*,*,*,*,*,*,*,*,*,*,*,*,1,1,*,*,*,*,*,*,*,*,*,*,*,*,*,*,*
533411392,2,533411394,,4,2,2,*,*,*,*,*,*,*,*,*,*,*,*,*,*,*,*,*,*,*,*,*,*,*,*,*,*,*,*,*,*,2,2,*,*,*,*,*,*,*,*,*,*,*,*,*,*,*
533411394,1,,533411392,43,19,24,3,2,1,44,19,25,25,11,14,43,19,24,42,18,24,19,8,11,14,5,9,5,2,3,0,0,0,0,0,0,15,15,5,4,2,3,2,1,0,12,7,5,1,13,0,4,2
533411411,2,533411414,,4,0,4,*,*,*,*,*,*,*,*,*,*,*,*,*,*,*,*,*,*,*,*,*,*,*,*,*,*,*,*,*,*,2,2,*,*,*,*,*,*,*,*,*,*,*,*,*,*,*
533411413,0,,,25,12,13,5,1,4,20,11,9,12,6,6,20,11,9,19,10,9,8,5,3,6,3,3,2,0,2,0,0,0,0,0,0,6,6,1,0,1,2,1,0,1,5,2,3,1,5,0,1,0
533411414,1,,533411411,54,27,27,4,0,4,54,27,27,32,15,17,54,27,27,54,27,27,22,12,10,10,4,6,4,1,3,2,1,1,0,0,0,19,18,5,7,5,2,0,0,1,15,13,2,2,10,0,2,1
533411431,0,,,41,19,22,5,3,2,36,16,20,16,8,8,36,16,20,36,16,20,20,8,12,10,3,7,5,1,4,0,0,0,0,0,0,16,16,4,6,3,1,1,0,1,12,9,3,0,14,0,3,4
533411451,1,,533411453,126,61,65,20,12,8,109,50,59,43,18,25,106,48,58,106,48,58,66,32,34,28,10,18,15,5,10,1,0,1,0,0,0,47,47,9,19,7,8,2,2,1,39,27,12,3,38,0,8,16
533411453,2,533411451,,3,1,2,*,*,*,*,*,*,*,*,*,*,*,*,*,*,*,*,*,*,*,*,*,*,*,*,*,*,*,*,*,*,1,1,*,*,*,*,*,*,*,*,*,*,*,*,*,*,*
533411454,0,,,17,8,9,0,0,0,17,8,9,7,2,5,17,8,9,17,8,9,10,6,4,4,2,2,2,1,1,0,0,0,0,0,0,6,6,1,2,2,0,0,1,0,5,3,2,0,5,0,0,1
533411461,0,,,72,37,35,6,1,5,66,36,30,40,21,19,65,35,30,64,35,29,26,15,11,14,6,8,4,1,3,1,0,1,0,0,0,24,24,7,5,5,1,1,4,1,17,9,8,2,17,0,6,1
533411462,1,,533411464,129,62,67,17,9,8,117,56,61,67,34,33,112,53,59,110,52,58,50,22,28,21,7,14,11,2,9,1,1,0,1,0,1,39,39,8,11,8,2,7,1,4,33,17,16,2,33,0,6,6
533411463,0,,,98,50,48,11,8,3,87,42,45,59,30,29,82,39,43,81,39,42,28,12,16,12,6,6,5,1,4,1,1,0,0,0,0,31,31,4,9,6,7,3,0,2,27,19,8,2,20,0,3,5
533411464,2,533411462,,5,3,2,*,*,*,*,*,*,*,*,*,*,*,*,*,*,*,*,*,*,*,*,*,*,*,*,*,*,*,*,*,*,2,2,*,*,*,*,*,*,*,*,*,*,*,*,*,*,*
533411472,0,,,53,25,28,8,4,4,45,21,24,25,14,11,45,21,24,45,21,24,20,7,13,10,2,8,6,1,5,0,0,0,0,0,0,16,16,3,3,2,4,3,0,1,13,4,9,2,13,0,3,2
533411473,0,,,95,41,54,8,0,8,87,41,46,48,24,24,86,40,46,86,40,46,39,17,22,16,5,11,7,1,6,1,0,1,0,0,0,30,30,5,6,8,4,5,1,1,25,15,10,2,23,0,2,5
533411474,0,,,78,37,41,15,6,9,63,31,32,33,18,15,62,31,31,62,31,31,30,13,17,11,6,5,3,1,2,1,0,1,0,0,0,22,22,4,6,2,2,3,3,2,18,11,7,4,16,0,2,3
533411482,0,,,165,78,87,18,10,8,147,68,79,80,38,42,137,64,73,136,63,73,67,30,37,33,15,18,14,5,9,1,0,1,0,0,0,47,47,5,12,9,8,7,3,3,41,18,23,2,39,0,3,8
533411483,0,,,59,31,28,4,3,1,54,27,27,23,13,10,54,27,27,54,27,27,31,14,17,11,5,6,3,0,3,0,0,0,0,0,0,21,21,3,8,4,4,0,2,0,18,14,4,1,19,0,2,6
533411484,0,,,74,36,38,5,2,3,68,33,35,34,18,16,67,33,34,67,33,34,34,15,19,23,10,13,9,3,6,0,0,0,0,0,0,27,27,3,11,6,4,3,0,0,24,19,5,1,20,0,1,6
533411491,0,,,69,37,32,14,10,4,55,27,28,33,17,16,52,25,27,50,24,26,22,10,12,7,3,4,2,1,1,0,0,0,0,0,0,21,21,5,6,1,3,2,1,3,16,9,7,5,16,0,5,3
533411492,0,,,67,31,36,8,4,4,57,26,31,23,12,11,57,26,31,56,25,31,34,14,20,14,7,7,4,0,4,0,0,0,0,0,0,27,27,10,7,5,1,1,2,1,17,11,6,2,21,0,6,6
533411493,0,,,26,14,12,3,2,1,23,12,11,15,8,7,22,12,10,21,11,10,8,4,4,2,1,1,0,0,0,0,0,0,0,0,0,8,8,2,2,1,1,0,1,1,6,3,3,0,5,0,1,1
533411494,0,,,187,87,100,18,8,10,169,79,90,93,48,45,163,76,87,161,75,86,76,31,45,41,15,26,19,6,13,2,0,2,0,0,0,69,69,16,18,19,6,7,2,1,53,38,15,6,50,0,13,10
533411501,2,533411502,,2,1,1,*,*,*,*,*,*,*,*,*,*,*,*,*,*,*,*,*,*,*,*,*,*,*,*,*,*,*,*,*,*,1,1,*,*,*,*,*,*,*,*,*,*,*,*,*,*,*
533411502,1,,533411501,33,17,16,0,0,0,35,18,17,18,10,8,34,18,16,33,18,15,17,8,9,6,2,4,3,1,2,1,0,1,0,0,0,10,10,0,6,2,1,1,0,1,11,8,3,0,10,0,0,2
533411511,2,533411513,,6,3,3,*,*,*,*,*,*,*,*,*,*,*,*,*,*,*,*,*,*,*,*,*,*,*,*,*,*,*,*,*,*,3,3,*,*,*,*,*,*,*,*,*,*,*,*,*,*,*
533411512,0,,,89,39,50,4,0,4,85,39,46,49,21,28,83,39,44,82,38,44,36,18,18,16,5,11,5,1,4,0,0,0,0,0,0,29,29,2,9,9,5,3,0,1,27,11,16,0,22,0,1,4
533411513,1,,533411511,21,8,13,2,1,1,25,10,15,17,8,9,23,10,13,22,10,12,8,2,6,6,1,5,2,0,2,0,0,0,0,0,0,5,5,3,1,1,1,0,1,1,5,1,4,1,5,0,1,0
533411514,0,,,38,17,21,4,1,3,34,16,18,20,11,9,33,15,18,32,14,18,14,5,9,5,1,4,3,0,3,2,0,2,0,0,0,10,10,0,1,5,2,0,1,1,10,5,5,2,9,0,0,1
533411523,0,,,16,8,8,0,0,0,16,8,8,8,4,4,16,8,8,16,8,8,8,4,4,4,2,2,1,0,1,0,0,0,0,0,0,5,5,0,2,2,0,0,1,0,5,4,1,0,5,0,0,2
533411532,0,,,58,29,29,3,2,1,55,27,28,29,15,14,55,27,28,55,27,28,26,12,14,14,4,10,4,1,3,0,0,0,0,0,0,21,21,2,8,5,5,1,0,0,19,11,8,2,17,0,2,5
533411534,0,,,54,28,26,7,3,4,47,25,22,28,16,12,46,25,21,46,25,21,19,9,10,9,3,6,3,1,2,0,0,0,0,0,0,16,16,0,4,7,2,1,2,0,16,12,4,0,11,0,0,1
533411543,0,,,14,8,6,0,0,0,14,8,6,10,7,3,12,7,5,12,7,5,4,1,3,4,1,3,1,1,0,0,0,0,0,0,0,6,6,2,1,2,1,0,0,0,4,4,0,0,3,0,1,0
533411544,0,,,14,6,8,0,0,0,14,6,8,7,3,4,14,6,8,14,6,8,7,3,4,5,2,3,1,1,0,0,0,0,0,0,0,4,4,0,1,2,0,0,1,0,4,1,3,0,4,0,0,1
533411552,0,,,25,12,13,1,0,1,24,12,12,11,8,3,23,12,11,23,12,11,13,4,9,3,0,3,2,0,2,0,0,0,0,0,0,8,8,0,3,3,1,0,1,0,8,6,2,0,8,0,0,1
533411554,0,,,319,290,29,4,3,1,315,287,28,259,240,19,312,286,26,311,285,26,56,47,9,19,13,6,7,4,3,0,0,0,9,9,0,32,27,12,3,7,1,2,1,1,15,9,6,3,13,2,3,1
533411561,0,,,253,121,132,26,15,11,227,106,121,123,60,63,217,99,118,212,96,116,104,46,58,53,17,36,25,5,20,5,1,4,0,0,0,76,76,14,16,18,11,5,3,9,61,29,32,8,65,0,11,8
533411562,2,533411564,,6,3,3,*,*,*,*,*,*,*,*,*,*,*,*,*,*,*,*,*,*,*,*,*,*,*,*,*,*,*,*,*,*,3,3,*,*,*,*,*,*,*,*,*,*,*,*,*,*,*
533411563,0,,,68,31,37,4,1,3,64,30,34,39,20,19,61,29,32,60,28,32,25,10,15,15,6,9,6,2,4,1,0,1,2,0,2,24,24,7,8,2,2,0,4,1,17,10,7,1,17,0,6,2
533411564,1,,533411562,126,52,74,21,11,10,110,43,67,70,28,42,108,43,65,105,41,64,40,15,25,21,4,17,11,2,9,1,0,1,8,0,8,56,55,22,21,5,5,3,1,1,36,32,4,4,25,1,9,10
533411571,0,,,383,192,191,57,32,25,326,160,166,204,101,103,319,156,163,316,154,162,122,59,63,32,11,21,14,3,11,1,0,1,0,0,0,136,136,24,49,25,19,9,6,4,112,81,31,10,81,1,12,19
533411572,0,,,129,60,69,18,9,9,111,51,60,58,24,34,110,51,59,108,51,57,53,27,26,20,9,11,9,4,5,0,0,0,0,0,0,38,38,5,10,7,6,5,3,2,33,17,16,4,30,0,4,6
533411573,0,,,48,27,21,5,4,1,43,23,20,28,16,12,42,22,20,42,22,20,15,7,8,5,1,4,1,0,1,1,0,1,0,0,0,19,19,5,5,5,2,2,0,0,14,11,3,1,9,0,2,2
533411574,0,,,90,43,47,12,4,8,78,39,39,38,19,19,76,38,38,74,38,36,40,20,20,17,7,10,6,1,5,1,0,1,0,0,0,23,23,2,3,6,4,4,2,2,21,10,11,2,20,0,1,2
533411583,0,,,362,182,180,44,20,24,318,162,156,207,112,95,308,159,149,300,156,144,111,50,61,58,21,37,17,5,12,1,0,1,1,0,1,125,125,25,40,21,14,14,9,2,100,67,33,11,81,0,17,13
533411591,0,,,50,26,24,11,5,6,38,20,18,24,15,9,38,20,18,37,19,18,14,5,9,5,3,2,0,0,0,0,0,0,0,0,0,14,14,1,5,3,0,1,3,1,13,8,5,2,9,0,0,2
533411592,0,,,881,431,450,93,43,50,750,364,386,571,290,281,724,348,376,665,319,346,179,74,105,80,32,48,15,5,10,2,0,2,29,10,19,464,464,267,80,57,37,13,2,8,190,159,31,25,124,111,35,28
533411593,0,,,106,47,59,7,3,4,99,44,55,47,25,22,97,43,54,97,43,54,52,19,33,25,5,20,8,1,7,0,0,0,0,0,0,39,39,10,11,5,8,3,2,0,29,15,14,1,34,0,10,5
533411594,0,,,507,226,281,51,22,29,451,200,251,252,123,129,433,191,242,424,184,240,199,77,122,139,47,92,90,25,65,15,4,11,17,4,13,156,154,49,30,36,19,11,3,6,104,81,23,10,65,16,12,12
533411612,2,533411614,,5,3,2,*,*,*,*,*,*,*,*,*,*,*,*,*,*,*,*,*,*,*,*,*,*,*,*,*,*,*,*,*,*,2,2,*,*,*,*,*,*,*,*,*,*,*,*,*,*,*
533411614,1,,533411612,41,18,23,5,3,2,41,18,23,26,12,14,37,17,20,37,17,20,15,6,9,2,0,2,1,0,1,0,0,0,0,0,0,14,14,4,3,2,5,2,0,0,12,9,3,1,11,0,3,1
533411621,0,,,101,51,50,6,3,3,94,47,47,62,29,33,90,47,43,87,47,40,32,18,14,14,8,6,4,2,2,0,0,0,0,0,0,36,36,4,15,8,5,1,3,0,32,26,6,2,21,0,2,5
533411622,0,,,107,56,51,10,5,5,97,51,46,55,32,23,96,50,46,93,49,44,42,19,23,18,8,10,4,2,2,0,0,0,0,0,0,31,31,3,7,9,5,2,3,2,28,15,13,2,24,0,2,3
533411623,0,,,15,8,7,2,1,1,13,7,6,9,6,3,13,7,6,13,7,6,4,1,3,1,0,1,1,0,1,0,0,0,0,0,0,6,6,2,1,1,2,0,0,0,4,4,0,0,3,0,1,1
533411624,0,,,47,24,23,5,5,0,42,19,23,26,14,12,38,17,21,38,17,21,16,5,11,8,2,6,2,2,0,0,0,0,0,0,0,17,17,4,4,4,3,1,1,0,13,10,3,1,11,0,3,3
533411633,0,,,63,29,34,2,1,1,61,28,33,30,13,17,56,25,31,55,24,31,31,15,16,11,5,6,5,1,4,2,1,1,0,0,0,23,23,4,6,8,3,1,1,0,18,10,8,0,17,0,1,4
533411641,0,,,15,5,10,3,1,2,12,4,8,6,2,4,12,4,8,12,4,8,6,2,4,0,0,0,0,0,0,0,0,0,0,0,0,5,5,1,1,1,1,1,0,0,4,3,1,1,4,0,1,1
533411642,2,533411644,,1,1,0,*,*,*,*,*,*,*,*,*,*,*,*,*,*,*,*,*,*,*,*,*,*,*,*,*,*,*,*,*,*,1,1,*,*,*,*,*,*,*,*,*,*,*,*,*,*,*
533411644,1,,533411642,89,40,49,7,2,5,83,39,44,46,21,25,79,37,42,79,37,42,37,18,19,16,7,9,5,1,4,0,0,0,0,0,0,30,30,7,8,6,5,1,4,0,24,14,10,2,27,0,6,5
533411652,0,,,87,48,39,14,6,8,73,42,31,51,33,18,71,41,30,71,41,30,22,9,13,10,5,5,3,1,2,0,0,0,0,0,0,36,36,13,8,8,2,4,1,0,22,19,3,4,13,1,3,3
533411661,0,,,346,169,177,40,19,21,306,150,156,197,99,98,298,145,153,291,141,150,109,51,58,32,13,19,10,4,6,1,0,1,1,0,1,127,126,31,37,26,13,11,1,7,95,68,27,10,71,1,18,15
533411662,1,,533411664,337,177,160,43,22,21,297,157,140,169,95,74,286,150,136,286,150,136,128,62,66,47,18,29,23,8,15,2,0,2,3,0,3,118,118,32,30,21,16,7,7,6,84,55,29,9,86,0,20,12
533411663,0,,,352,85,267,10,6,4,342,79,263,34,17,17,340,79,261,340,79,261,308,62,246,282,51,231,231,37,194,66,5,61,0,0,0,34,30,3,15,4,6,0,2,0,27,23,4,2,22,0,2,10
533411664,2,533411662,,3,2,1,*,*,*,*,*,*,*,*,*,*,*,*,*,*,*,*,*,*,*,*,*,*,*,*,*,*,*,*,*,*,1,1,*,*,*,*,*,*,*,*,*,*,*,*,*,*,*
533411671,0,,,125,58,67,13,5,8,112,53,59,66,34,32,107,51,56,106,51,55,46,19,27,20,7,13,6,2,4,0,0,0,0,0,0,44,44,10,10,10,10,1,1,2,34,27,7,0,30,0,7,5
533411672,0,,,148,64,84,19,7,12,129,57,72,76,37,39,125,56,69,125,56,69,53,20,33,34,10,24,24,5,19,3,1,2,0,0,0,41,40,4,11,7,9,6,2,1,36,23,13,7,26,0,2,6
533411673,0,,,184,87,97,28,14,14,156,73,83,124,59,65,141,68,73,136,65,71,32,14,18,17,10,7,3,2,1,0,0,0,1,0,1,64,64,8,24,12,12,6,0,2,56,49,7,5,20,1,4,7
533411674,0,,,576,281,295,146,77,69,422,199,223,378,182,196,392,184,208,379,175,204,44,17,27,20,7,13,8,2,6,0,0,0,2,1,1,195,195,34,42,44,59,11,1,4,155,144,11,40,31,5,6,4
533411681,0,,,67,33,34,4,1,3,63,32,31,41,23,18,61,31,30,58,29,29,22,9,13,9,3,6,1,0,1,0,0,0,0,0,0,29,29,13,7,2,2,4,1,0,15,11,4,1,17,0,7,1
533411682,0,,,89,39,50,15,9,6,74,30,44,45,20,25,73,30,43,73,30,43,29,10,19,16,3,13,7,1,6,0,0,0,0,0,0,24,24,1,6,7,2,3,3,2,23,10,13,4,18,0,1,2
533411683,0,,,747,371,376,141,73,68,575,280,295,506,247,259,541,257,284,522,246,276,69,33,36,27,12,15,4,1,3,0,0,0,4,3,1,319,319,115,75,56,53,18,2,0,201,186,15,38,51,17,18,15
533411684,0,,,412,179,233,49,25,24,349,143,206,176,88,88,343,139,204,341,138,203,173,55,118,120,31,89,79,18,61,14,2,12,3,2,1,144,141,66,27,18,17,8,3,2,75,58,17,18,49,5,12,10
533411691,0,,,123,50,73,4,2,2,119,48,71,44,22,22,118,48,70,117,47,70,75,26,49,51,14,37,35,8,27,5,0,5,0,0,0,33,31,7,7,7,7,2,0,1,23,14,9,1,26,0,5,4
533411692,0,,,69,33,36,4,3,1,65,30,35,43,22,21,59,27,32,58,26,32,22,8,14,7,2,5,3,0,3,0,0,0,1,0,1,29,29,6,13,5,3,2,0,0,23,18,5,1,18,0,6,4
533411693,0,,,586,278,308,66,31,35,518,246,272,362,178,184,496,233,263,484,225,259,156,68,88,69,32,37,16,6,10,3,0,3,1,1,0,229,229,47,88,40,36,10,7,1,180,154,26,16,101,6,14,30
533411694,0,,,1154,569,585,160,84,76,967,468,499,694,342,352,932,444,488,902,433,469,273,126,147,129,62,67,21,5,16,2,0,2,21,3,18,499,499,175,139,86,71,16,7,5,318,268,50,48,183,26,37,52
533411703,0,,,173,70,103,15,7,8,158,63,95,79,36,43,155,63,92,152,62,90,79,27,52,40,9,31,17,4,13,2,1,1,1,0,1,71,71,21,27,8,7,3,4,1,50,37,13,6,57,0,19,14
533411713,0,,,36,14,22,4,1,3,32,13,19,19,8,11,31,13,18,30,13,17,13,5,8,4,0,4,2,0,2,0,0,0,0,0,0,13,13,2,5,4,0,1,0,1,10,8,2,0,9,0,1,2
533411714,1,,533411812,25,13,12,1,0,1,30,17,13,10,7,3,30,17,13,30,17,13,20,10,10,9,4,5,3,0,3,0,0,0,0,0,0,11,11,7,3,3,1,1,0,0,8,6,2,1,14,0,6,2
533411722,0,,,68,36,32,7,3,4,61,33,28,34,20,14,59,31,28,59,31,28,27,13,14,5,3,2,4,2,2,1,1,0,0,0,0,22,22,5,6,2,4,2,2,1,17,11,6,0,16,0,3,4
533411724,0,,,32,17,15,1,1,0,31,16,15,20,10,10,30,16,14,29,16,13,11,6,5,6,2,4,2,2,0,0,0,0,0,0,0,11,11,2,2,3,3,1,0,0,9,6,3,1,8,0,1,1
533411731,1,,533411732,78,40,38,5,4,1,77,39,38,49,26,23,75,39,36,72,37,35,28,13,15,15,7,8,5,2,3,1,0,1,0,0,0,24,23,5,6,7,5,1,1,1,20,15,5,2,18,0,3,1
533411732,2,533411731,,4,3,1,*,*,*,*,*,*,*,*,*,*,*,*,*,*,*,*,*,*,*,*,*,*,*,*,*,*,*,*,*,*,3,3,*,*,*,*,*,*,*,*,*,*,*,*,*,*,*
533411734,0,,,78,36,42,3,1,2,75,35,40,40,21,19,75,35,40,75,35,40,35,14,21,21,8,13,12,4,8,3,2,1,0,0,0,27,27,5,8,6,3,3,2,0,22,11,11,1,20,0,4,5
533411742,1,,533411744,16,8,8,4,2,2,14,7,7,8,5,3,13,6,7,13,6,7,6,2,4,4,1,3,0,0,0,0,0,0,0,0,0,5,5,1,3,0,1,0,0,1,5,3,2,1,4,0,1,1
533411744,2,533411742,,2,1,1,*,*,*,*,*,*,*,*,*,*,*,*,*,*,*,*,*,*,*,*,*,*,*,*,*,*,*,*,*,*,1,1,*,*,*,*,*,*,*,*,*,*,*,*,*,*,*
533411751,0,,,16,8,8,1,1,0,15,7,8,7,4,3,15,7,8,15,7,8,8,3,5,6,3,3,2,1,1,0,0,0,0,0,0,6,6,0,3,2,1,0,0,0,6,4,2,0,6,0,0,1
533411753,1,,533411754,62,28,34,4,3,1,60,26,34,32,16,16,58,26,32,57,25,32,28,10,18,17,4,13,8,1,7,1,0,1,0,0,0,23,23,4,10,5,1,3,1,0,20,13,7,1,20,0,3,8
533411754,2,533411753,,2,1,1,*,*,*,*,*,*,*,*,*,*,*,*,*,*,*,*,*,*,*,*,*,*,*,*,*,*,*,*,*,*,1,1,*,*,*,*,*,*,*,*,*,*,*,*,*,*,*
533411761,1,,533411762,113,53,60,14,7,7,102,47,55,55,28,27,101,47,54,101,47,54,47,19,28,19,5,14,6,2,4,1,0,1,0,0,0,41,41,8,13,12,5,0,2,2,34,24,10,5,31,0,8,7
533411762,2,533411761,,3,1,2,*,*,*,*,*,*,*,*,*,*,*,*,*,*,*,*,*,*,*,*,*,*,*,*,*,*,*,*,*,*,1,1,*,*,*,*,*,*,*,*,*,*,*,*,*,*,*
533411771,0,,,590,284,306,88,48,40,483,223,260,339,167,172,468,215,253,462,212,250,144,56,88,67,25,42,24,6,18,2,0,2,2,0,2,265,265,111,52,56,28,13,5,0,151,126,25,34,98,21,27,21
533411772,0,,,1558,755,803,350,179,171,1194,568,626,946,461,485,1139,541,598,1105,525,580,248,107,141,92,39,53,27,7,20,3,1,2,6,4,2,557,557,121,138,121,117,38,16,6,432,387,45,98,165,17,30,41
533411773,0,,,900,412,488,92,55,37,798,351,447,477,225,252,780,341,439,771,340,431,321,126,195,188,72,116,54,27,27,3,0,3,8,7,1,393,393,118,142,64,48,13,7,1,272,230,42,20,216,9,47,75
533411774,0,,,1099,521,578,194,88,106,887,423,464,600,300,300,852,407,445,837,399,438,287,123,164,133,49,84,45,15,30,4,1,3,4,3,1,430,430,124,122,75,67,25,10,7,298,256,42,38,196,9,49,58
533411781,0,,,1545,738,807,250,117,133,1251,598,653,978,473,505,1195,571,624,1174,559,615,273,125,148,109,44,65,41,15,26,4,1,3,2,1,1,642,642,220,167,110,90,34,17,4,415,357,58,70,186,40,36,44
533411782,0,,,1916,942,974,238,130,108,1660,801,859,993,502,491,1618,776,842,1583,747,836,667,299,368,316,135,181,113,36,77,15,3,12,6,2,4,760,759,223,252,122,110,29,14,9,526,445,81,68,375,19,85,125
533411783,0,,,1956,929,1027,297,147,150,1638,770,868,1200,571,629,1589,747,842,1560,737,823,438,199,239,178,71,107,52,17,35,1,0,1,7,3,4,811,811,230,257,156,111,45,9,3,569,495,74,91,303,34,60,83
533411784,0,,,2178,1056,1122,317,172,145,1831,866,965,1257,617,640,1781,833,948,1744,811,933,574,249,325,230,84,146,69,23,46,5,1,4,8,5,3,890,890,241,298,157,130,43,12,9,638,551,87,97,398,22,85,112
533411791,0,,,1160,571,589,136,64,72,991,488,503,725,366,359,956,460,496,925,442,483,266,122,144,125,50,75,48,14,34,4,2,2,9,5,4,474,474,143,145,91,58,26,8,3,319,276,43,40,163,15,38,45
533411792,0,,,1267,668,599,131,74,57,1096,561,535,747,410,337,1052,536,516,1022,516,506,349,151,198,151,61,90,32,13,19,1,0,1,11,10,1,599,599,266,152,89,56,20,12,4,332,278,54,29,241,95,51,76
533411793,0,,,969,460,509,158,80,78,783,365,418,539,263,276,759,350,409,745,343,402,244,102,142,114,43,71,35,12,23,6,1,5,0,0,0,374,372,145,85,70,45,21,4,2,219,194,25,53,108,17,33,25
533411794,0,,,1589,836,753,250,132,118,1263,654,609,1009,542,467,1200,626,574,1130,587,543,254,112,142,126,53,73,47,15,32,4,1,3,6,3,3,724,723,334,149,90,98,36,10,6,377,332,45,62,163,90,36,47
533411801,0,,,305,146,159,27,15,12,276,130,146,131,68,63,270,126,144,268,124,144,145,62,83,74,28,46,28,9,19,1,0,1,0,0,0,104,103,17,42,18,11,6,4,5,85,61,24,5,78,0,11,27
533411802,0,,,156,64,92,7,5,2,149,59,90,34,16,18,147,57,90,145,56,89,115,43,72,83,21,62,45,5,40,5,0,5,1,1,0,26,24,8,8,2,3,1,1,1,16,13,3,2,16,0,6,3
533411803,0,,,82,42,40,13,6,7,69,36,33,43,23,20,65,32,33,65,32,33,26,13,13,12,6,6,5,3,2,0,0,0,0,0,0,23,23,6,2,3,4,4,2,2,16,5,11,2,17,0,4,1
533411804,0,,,57,28,29,6,3,3,51,25,26,27,14,13,50,24,26,49,24,25,24,11,13,6,2,4,5,1,4,1,0,1,0,0,0,19,19,2,6,6,2,1,2,0,17,11,6,3,14,0,2,2
533411812,2,533411714,,6,4,2,*,*,*,*,*,*,*,*,*,*,*,*,*,*,*,*,*,*,*,*,*,*,*,*,*,*,*,*,*,*,4,4,*,*,*,*,*,*,*,*,*,*,*,*,*,*,*
533411832,0,,,155,66,89,14,6,8,141,60,81,68,27,41,139,58,81,138,58,80,73,33,40,27,8,19,11,2,9,1,0,1,0,0,0,49,49,4,17,12,8,3,2,3,45,29,16,5,43,0,4,9
533411841,2,533411844,,13,4,9,*,*,*,*,*,*,*,*,*,*,*,*,*,*,*,*,*,*,*,*,*,*,*,*,*,*,*,*,*,*,4,4,*,*,*,*,*,*,*,*,*,*,*,*,*,*,*
533411842,0,,,78,42,36,4,3,1,74,39,35,37,21,16,74,39,35,73,38,35,37,18,19,21,7,14,11,4,7,1,0,1,0,0,0,25,25,3,9,4,4,2,2,1,22,15,7,2,22,0,3,6
533411843,2,533411844,,5,2,3,*,*,*,*,*,*,*,*,*,*,*,*,*,*,*,*,*,*,*,*,*,*,*,*,*,*,*,*,*,*,2,2,*,*,*,*,*,*,*,*,*,*,*,*,*,*,*
533411844,1,,533411841;533411843,175,46,129,10,3,7,183,49,134,30,15,15,183,49,134,183,49,134,153,34,119,133,22,111,99,13,86,33,3,30,0,0,0,14,10,3,2,4,4,1,0,2,13,6,7,3,10,0,2,0
533411851,0,,,95,41,54,11,5,6,84,36,48,45,20,25,83,36,47,83,36,47,39,16,23,18,8,10,6,1,5,2,0,2,0,0,0,30,30,2,8,10,6,1,3,0,28,17,11,2,22,0,1,6
533411852,0,,,54,29,25,0,0,0,54,29,25,27,15,12,54,29,25,54,29,25,27,14,13,8,3,5,3,0,3,0,0,0,0,0,0,24,24,7,6,9,2,0,0,0,17,12,5,0,19,0,6,4
533411853,0,,,61,27,34,7,3,4,54,24,30,25,14,11,54,24,30,54,24,30,29,10,19,16,4,12,7,0,7,0,0,0,0,0,0,25,25,5,10,5,4,1,0,0,20,17,3,3,20,0,5,5
533411854,0,,,18,6,12,2,0,2,16,6,10,6,3,3,16,6,10,16,6,10,10,3,7,4,1,3,3,1,2,0,0,0,0,0,0,8,8,3,3,1,0,0,1,0,5,3,2,1,7,0,2,2
533411862,1,,533411864,218,106,112,16,8,8,204,99,105,99,50,49,202,97,105,199,95,104,105,49,56,45,21,24,15,2,13,1,0,1,0,0,0,69,69,10,17,22,6,6,7,2,60,31,29,5,60,0,5,11
533411863,0,,,39,17,22,6,3,3,33,14,19,18,10,8,31,13,18,31,13,18,15,4,11,6,1,5,3,0,3,2,0,2,2,1,1,10,10,1,0,4,2,2,0,1,9,3,6,2,9,0,1,0
533411864,2,533411862,,2,1,1,*,*,*,*,*,*,*,*,*,*,*,*,*,*,*,*,*,*,*,*,*,*,*,*,*,*,*,*,*,*,1,1,*,*,*,*,*,*,*,*,*,*,*,*,*,*,*
533411871,0,,,508,252,256,67,39,28,436,210,226,287,142,145,424,205,219,419,202,217,149,68,81,74,33,41,22,9,13,0,0,0,1,0,1,206,206,57,65,44,21,12,5,2,145,124,21,17,102,4,27,24
533411872,0,,,1306,643,663,149,77,72,1133,550,583,773,397,376,1089,523,566,1074,516,558,360,153,207,175,72,103,50,15,35,2,0,2,3,0,3,517,517,153,146,96,69,30,16,7,357,281,76,35,240,13,47,53
533411873,0,,,579,271,308,73,32,41,495,233,262,335,169,166,479,223,256,470,219,251,160,64,96,74,26,48,26,7,19,2,0,2,2,0,2,251,251,81,74,52,28,15,0,1,166,137,29,25,110,15,27,27
533411874,0,,,1362,649,713,162,88,74,1141,523,618,805,382,423,1101,505,596,1072,492,580,336,141,195,155,53,102,59,15,44,7,2,5,5,4,1,649,648,286,161,105,69,14,8,5,356,311,45,39,233,45,70,54
533411881,0,,,1050,490,560,168,84,84,847,386,461,608,286,322,826,375,451,803,365,438,239,100,139,104,32,72,38,12,26,4,1,3,5,0,5,492,492,230,113,62,53,20,6,8,260,223,37,46,174,38,70,41
533411882,0,,,996,491,505,128,70,58,842,405,437,670,326,344,813,396,417,793,386,407,172,79,93,60,20,40,15,5,10,2,1,1,9,6,3,489,489,212,136,74,49,14,4,0,270,253,17,38,126,24,43,32
533411883,0,,,1790,888,902,301,153,148,1410,687,723,1164,580,584,1371,662,709,1344,648,696,246,107,139,97,31,66,44,12,32,1,0,1,42,20,22,913,913,468,191,116,105,27,5,1,433,409,24,100,187,73,81,44
533411884,0,,,1349,634,715,152,76,76,1122,510,612,803,388,415,1101,503,598,1082,496,586,319,122,197,137,34,103,54,6,48,5,1,4,30,3,27,731,729,406,156,98,48,14,5,2,314,281,33,56,222,54,97,35
533411891,0,,,366,171,195,67,27,40,296,142,154,218,109,109,288,137,151,284,134,150,78,33,45,38,16,22,10,4,6,1,0,1,5,3,2,141,140,27,52,27,24,7,3,0,112,102,10,17,54,3,10,23
533411892,0,,,1312,605,707,174,88,86,1124,509,615,709,331,378,1095,495,600,1076,484,592,415,178,237,183,80,103,35,15,20,3,1,2,8,3,5,616,616,239,191,96,57,26,5,2,375,326,49,45,291,24,108,70
533411893,0,,,992,486,506,179,93,86,790,376,414,541,281,260,750,358,392,735,352,383,249,95,154,138,45,93,68,16,52,6,0,6,14,5,9,406,400,160,98,71,51,14,3,3,235,209,26,42,151,33,46,35
533411894,0,,,1403,663,740,191,94,97,1209,567,642,775,393,382,1178,550,628,1157,538,619,434,174,260,216,77,139,80,23,57,2,0,2,9,4,5,599,599,203,165,116,70,31,12,2,391,335,56,49,312,5,112,60
533411901,0,,,43,21,22,1,1,0,42,20,22,19,8,11,41,19,22,41,19,22,23,12,11,13,6,7,3,1,2,0,0,0,0,0,0,18,18,6,5,2,4,1,0,0,12,9,3,0,15,0,6,4
533411902,0,,,130,65,65,14,9,5,116,56,60,72,34,38,109,54,55,108,53,55,44,22,22,19,8,11,7,3,4,1,0,1,0,0,0,40,40,7,11,10,4,0,3,5,33,19,14,5,30,0,5,5
533411903,0,,,41,22,19,6,4,2,35,18,17,13,7,6,35,18,17,34,17,17,22,11,11,8,4,4,3,1,2,0,0,0,0,0,0,13,13,2,4,3,1,0,3,0,11,7,4,1,12,0,2,4
533411904,0,,,180,90,90,29,18,11,151,72,79,86,40,46,147,70,77,145,70,75,65,32,33,30,12,18,11,3,8,0,0,0,2,1,1,58,57,8,20,10,6,7,3,3,49,39,10,5,39,0,4,10
533411911,1,,533411912;533411914,3,2,1,0,0,0,11,6,5,9,5,4,10,6,4,9,5,4,2,1,1,1,0,1,0,0,0,0,0,0,0,0,0,2,2,3,2,0,1,0,0,0,3,3,0,0,2,0,2,0
533411912,2,533411911,,2,1,1,*,*,*,*,*,*,*,*,*,*,*,*,*,*,*,*,*,*,*,*,*,*,*,*,*,*,*,*,*,*,1,1,*,*,*,*,*,*,*,*,*,*,*,*,*,*,*
533411914,2,533411911,,6,3,3,*,*,*,*,*,*,*,*,*,*,*,*,*,*,*,*,*,*,*,*,*,*,*,*,*,*,*,*,*,*,3,3,*,*,*,*,*,*,*,*,*,*,*,*,*,*,*
533411921,0,,,37,19,18,3,1,2,34,18,16,14,8,6,33,17,16,33,17,16,20,10,10,11,6,5,4,2,2,0,0,0,0,0,0,14,14,3,6,1,2,1,1,0,11,9,2,2,11,0,1,5
533411922,2,533411924,,8,3,5,*,*,*,*,*,*,*,*,*,*,*,*,*,*,*,*,*,*,*,*,*,*,*,*,*,*,*,*,*,*,3,3,*,*,*,*,*,*,*,*,*,*,*,*,*,*,*
533411923,0,,,99,47,52,6,2,4,91,44,47,56,27,29,86,40,46,81,38,43,35,17,18,16,8,8,4,0,4,0,0,0,0,0,0,37,37,5,17,6,6,1,1,1,31,23,8,1,26,0,5,7
533411924,1,,533411922,137,66,71,5,2,3,140,67,73,76,41,35,138,65,73,138,65,73,64,26,38,31,10,21,12,4,8,1,0,1,0,0,0,45,45,7,10,15,9,5,2,0,40,24,16,2,42,0,7,6
533411933,0,,,207,95,112,24,13,11,183,82,101,100,44,56,177,80,97,173,78,95,83,38,45,45,20,25,8,4,4,1,0,1,0,0,0,78,78,14,28,20,10,1,3,2,64,55,9,6,54,0,11,18
533411934,0,,,694,352,342,113,65,48,578,284,294,499,251,248,536,258,278,509,244,265,79,33,46,26,9,17,7,1,6,0,0,0,2,0,2,240,240,41,62,57,53,21,5,1,196,175,21,22,58,1,10,10
533411941,0,,,20,9,11,3,1,2,17,8,9,6,3,3,17,8,9,17,8,9,11,5,6,5,2,3,2,0,2,1,0,1,0,0,0,7,7,3,0,2,1,0,0,1,4,1,3,0,7,0,3,0
533411942,0,,,69,32,37,5,1,4,64,31,33,33,17,16,63,31,32,63,31,32,31,14,17,16,5,11,4,2,2,0,0,0,0,0,0,26,26,6,7,7,4,1,0,1,19,11,8,2,19,0,3,5
533411943,0,,,168,84,84,17,11,6,151,73,78,118,60,58,146,69,77,142,67,75,33,13,20,12,2,10,6,0,6,1,0,1,2,1,1,59,59,9,18,11,17,2,2,0,50,42,8,6,20,0,3,4
533411951,0,,,49,23,26,6,1,5,43,22,21,30,16,14,42,22,20,42,22,20,13,6,7,5,1,4,1,0,1,0,0,0,0,0,0,19,19,6,4,4,3,1,1,0,13,9,4,2,9,0,1,2
533411953,2,533411954,,6,3,3,*,*,*,*,*,*,*,*,*,*,*,*,*,*,*,*,*,*,*,*,*,*,*,*,*,*,*,*,*,*,2,2,*,*,*,*,*,*,*,*,*,*,*,*,*,*,*
533411954,1,,533411953,80,38,42,4,2,2,82,39,43,35,18,17,82,39,43,82,39,43,47,21,26,17,6,11,6,0,6,0,0,0,0,0,0,30,30,5,13,5,6,2,1,0,27,19,8,0,28,0,4,8
533411961,0,,,55,32,23,2,1,1,52,30,22,33,21,12,52,30,22,51,29,22,19,9,10,8,4,4,3,1,2,0,0,0,0,0,0,21,21,4,7,4,5,1,0,0,17,13,4,2,10,1,0,4
533411962,0,,,406,209,197,54,27,27,332,171,161,247,135,112,322,163,159,316,160,156,85,36,49,50,17,33,22,6,16,4,0,4,0,0,0,181,181,65,53,28,27,6,1,1,110,90,20,20,55,12,11,13
533411963,0,,,305,158,147,59,38,21,238,114,124,194,97,97,226,109,117,222,107,115,44,17,27,20,7,13,8,2,6,1,0,1,1,1,0,115,115,34,23,26,19,7,6,0,80,68,12,21,31,8,8,3
533411964,0,,,1235,640,595,214,122,92,971,489,482,725,389,336,945,477,468,928,468,460,246,100,146,116,47,69,33,9,24,0,0,0,8,7,1,531,531,233,102,77,63,34,16,6,290,230,60,67,175,35,42,33
533411971,0,,,42,24,18,8,5,3,30,16,14,26,13,13,29,16,13,29,16,13,4,3,1,0,0,0,0,0,0,0,0,0,0,0,0,24,24,16,3,1,3,1,0,0,8,8,0,1,3,3,1,1
533411972,0,,,874,421,453,101,46,55,727,349,378,476,247,229,707,335,372,694,331,363,251,102,149,169,63,106,93,32,61,11,5,6,3,0,3,429,426,241,91,47,31,9,3,4,185,165,20,23,108,36,37,36
533411973,0,,,195,96,99,29,11,18,149,76,73,105,54,51,141,72,69,138,72,66,44,22,22,19,8,11,6,3,3,0,0,0,2,0,2,78,78,21,22,15,15,5,0,0,53,46,7,12,31,4,8,7
533411974,0,,,1517,714,803,131,69,62,1316,602,714,851,413,438,1280,588,692,1253,579,674,465,189,276,273,100,173,94,29,65,10,3,7,17,4,13,782,779,414,172,104,50,27,8,4,357,303,54,29,310,58,116,63
533411981,0,,,739,382,357,52,28,24,597,291,306,467,244,223,589,288,301,569,281,288,130,47,83,54,16,38,12,2,10,2,0,2,11,3,8,522,522,395,70,31,19,7,0,0,123,111,12,15,97,97,42,25
533411982,0,,,2214,1038,1176,220,113,107,1935,884,1051,1243,632,611,1878,852,1026,1844,833,1011,692,252,440,401,119,282,184,39,145,29,1,28,28,14,14,1085,1080,521,284,154,90,20,11,0,550,493,57,64,401,64,163,97
533411983,0,,,1596,735,861,147,79,68,1409,631,778,845,412,433,1369,618,751,1351,607,744,564,219,345,290,92,198,103,22,81,11,1,10,10,3,7,779,779,330,229,124,62,22,8,4,444,379,65,37,406,17,162,89
533411984,0,,,1162,530,632,127,60,67,1025,465,560,581,288,293,976,446,530,962,442,520,444,177,267,250,86,164,92,30,62,8,1,7,4,1,3,543,542,226,158,79,48,21,6,4,315,257,58,37,307,19,107,78
533411991,0,,,1441,678,763,161,80,81,1258,584,674,770,385,385,1216,556,660,1200,547,653,488,199,289,277,102,175,101,31,70,11,1,10,10,3,7,608,606,201,175,120,63,29,13,5,397,326,71,40,331,18,89,77
533411992,0,,,320,156,164,27,13,14,289,140,149,158,86,72,284,138,146,280,138,142,131,54,77,64,26,38,33,12,21,2,0,2,1,1,0,155,155,65,46,24,12,5,3,0,89,75,14,5,92,9,30,21
533411993,0,,,1098,509,589,162,88,74,926,416,510,554,261,293,888,398,490,873,390,483,372,155,217,217,77,140,88,27,61,7,0,7,6,1,5,462,461,138,170,66,56,20,9,2,319,274,45,44,239,12,68,74
533412001,0,,,888,441,447,141,88,53,746,352,394,575,278,297,696,326,370,674,314,360,171,74,97,87,29,58,38,11,27,6,1,5,2,0,2,297,296,53,91,57,59,21,8,7,238,199,39,33,94,4,22,17
533412002,0,,,104,55,49,11,5,6,93,50,43,56,32,24,91,49,42,90,48,42,37,18,19,22,9,13,9,5,4,0,0,0,0,0,0,36,36,9,9,7,5,2,3,1,27,17,10,3,24,0,4,4
533412003,0,,,166,84,82,26,15,11,140,69,71,70,35,35,139,69,70,138,68,70,70,34,36,27,13,14,12,5,7,1,0,1,0,0,0,58,58,14,15,13,5,4,6,1,44,26,18,4,45,0,12,9
533412004,0,,,32,16,16,5,1,4,27,15,12,17,11,6,26,15,11,25,14,11,10,4,6,6,2,4,2,1,1,0,0,0,0,0,0,9,9,1,2,3,1,0,1,1,7,5,2,3,7,0,0,0
533412011,0,,,40,22,18,10,6,4,30,16,14,24,14,10,27,14,13,24,11,13,6,2,4,2,1,1,2,1,1,0,0,0,0,0,0,11,10,1,3,2,1,2,0,1,9,7,2,0,3,1,0,0
533412013,0,,,78,37,41,11,7,4,67,30,37,42,19,23,65,30,35,64,29,35,25,11,14,15,6,9,2,0,2,0,0,0,0,0,0,26,26,3,9,6,5,0,2,1,23,18,5,2,18,0,2,4
533412014,0,,,21,12,9,6,5,1,15,7,8,12,6,6,15,7,8,15,7,8,3,1,2,1,0,1,0,0,0,0,0,0,0,0,0,9,9,3,3,1,1,1,0,0,6,6,0,2,2,0,1,1
533412023,0,,,90,48,42,10,7,3,80,41,39,45,23,22,76,40,36,76,40,36,35,18,17,18,8,10,5,1,4,0,0,0,1,0,1,25,25,0,12,2,3,4,1,3,25,15,10,2,21,0,0,7
533412024,0,,,27,12,15,2,0,2,25,12,13,16,9,7,23,10,13,23,10,13,9,3,6,7,2,5,3,1,2,0,0,0,0,0,0,9,9,3,1,1,2,1,1,0,6,2,4,1,6,0,2,0
533412041,0,,,42,23,19,1,1,0,41,22,19,20,11,9,40,21,19,40,21,19,21,11,10,9,3,6,3,0,3,0,0,0,0,0,0,15,15,2,5,4,2,2,0,0,13,8,5,1,14,0,2,2
533412042,0,,,118,54,64,16,7,9,102,47,55,58,27,31,102,47,55,101,46,55,44,20,24,28,10,18,16,2,14,0,0,0,0,0,0,37,37,5,15,4,4,4,2,3,32,18,14,5,28,0,3,7
533412043,0,,,34,16,18,0,0,0,34,16,18,13,8,5,34,16,18,33,16,17,21,8,13,11,3,8,7,1,6,1,0,1,0,0,0,14,14,3,3,7,1,0,0,0,11,6,5,0,13,0,3,2
533412051,0,,,143,63,80,9,5,4,134,58,76,76,33,43,126,57,69,124,55,69,58,25,33,34,11,23,11,4,7,1,1,0,1,0,1,50,50,9,22,4,5,5,3,2,41,29,12,1,39,0,8,8
533412052,0,,,44,18,26,2,0,2,42,18,24,22,9,13,42,18,24,42,18,24,20,9,11,12,5,7,4,2,2,0,0,0,0,0,0,19,19,5,6,5,3,0,0,0,13,7,6,2,15,0,4,2
533412102,0,,,241,111,130,31,18,13,210,93,117,156,70,86,199,88,111,197,88,109,54,23,31,28,10,18,8,2,6,1,0,1,2,0,2,84,84,14,21,24,17,5,1,2,70,56,14,7,38,0,6,7
533412104,0,,,74,37,37,12,8,4,62,29,33,33,18,15,60,28,32,60,28,32,29,11,18,18,8,10,6,2,4,0,0,0,0,0,0,27,27,5,9,8,2,1,0,2,22,18,4,2,19,0,4,5
533412111,0,,,268,128,140,59,31,28,209,97,112,155,74,81,203,94,109,197,91,106,54,23,31,19,8,11,6,2,4,1,0,1,4,3,1,92,92,16,25,20,20,6,3,2,76,65,11,16,39,0,11,4
533412112,0,,,65,32,33,11,7,4,54,25,29,30,15,15,53,24,29,53,24,29,24,10,14,9,3,6,3,1,2,2,1,1,0,0,0,21,21,6,3,6,1,2,2,1,15,10,5,3,14,0,4,0
533412113,0,,,46,21,25,8,3,5,38,18,20,21,11,10,36,17,19,35,17,18,17,7,10,5,3,2,2,1,1,0,0,0,1,0,1,16,16,4,6,2,0,1,2,1,12,8,4,2,11,0,3,4
533412114,0,,,54,22,32,6,2,4,48,20,28,28,11,17,47,20,27,47,20,27,20,9,11,11,3,8,7,2,5,0,0,0,0,0,0,14,14,2,1,2,3,5,0,1,12,2,10,3,13,0,2,1
533412122,0,,,23,11,12,0,0,0,23,11,12,18,9,9,21,11,10,20,11,9,5,2,3,3,0,3,0,0,0,0,0,0,0,0,0,7,7,1,1,1,3,1,0,0,6,4,2,0,4,0,1,0
533412123,2,533412124,,3,1,2,*,*,*,*,*,*,*,*,*,*,*,*,*,*,*,*,*,*,*,*,*,*,*,*,*,*,*,*,*,*,1,1,*,*,*,*,*,*,*,*,*,*,*,*,*,*,*
533412124,1,,533412123,149,67,82,20,9,11,132,59,73,80,36,44,125,55,70,124,55,69,52,23,29,25,7,18,8,2,6,1,0,1,0,0,0,44,44,9,7,12,4,5,4,4,36,15,21,3,35,0,7,3
533412131,1,,533412133,44,24,20,11,7,4,35,17,18,26,12,14,34,16,18,34,16,18,9,5,4,4,2,2,1,0,1,0,0,0,0,0,0,11,11,1,2,2,4,0,2,1,11,6,5,3,7,0,0,1
533412132,0,,,36,18,18,8,4,4,28,14,14,18,8,10,26,12,14,26,12,14,10,6,4,2,2,0,1,1,0,1,1,0,0,0,0,10,10,1,2,3,1,1,1,1,9,5,4,3,8,0,1,2
533412133,2,533412131,,2,0,2,*,*,*,*,*,*,*,*,*,*,*,*,*,*,*,*,*,*,*,*,*,*,*,*,*,*,*,*,*,*,1,1,*,*,*,*,*,*,*,*,*,*,*,*,*,*,*
533412134,0,,,62,34,28,5,5,0,57,29,28,34,19,15,57,29,28,56,28,28,23,10,13,13,5,8,6,2,4,0,0,0,0,0,0,21,21,4,4,6,3,4,0,0,17,10,7,1,14,0,3,2
533412143,0,,,48,26,22,1,1,0,47,25,22,24,13,11,47,25,22,46,25,21,23,12,11,6,3,3,2,1,1,0,0,0,0,0,0,20,20,3,9,6,1,1,0,0,17,14,3,1,14,0,2,5
533412201,0,,,15,6,9,2,1,1,13,5,8,6,2,4,13,5,8,12,5,7,7,3,4,2,1,1,1,0,1,0,0,0,0,0,0,4,4,1,0,1,0,1,1,0,3,1,2,0,4,0,1,0
533412203,1,,533412204,36,18,18,2,1,1,36,18,18,15,7,8,36,18,18,36,18,18,21,11,10,6,2,4,2,0,2,0,0,0,0,0,0,16,16,6,8,3,0,0,0,1,12,9,3,1,13,1,2,3
533412204,2,533412203,,2,1,1,*,*,*,*,*,*,*,*,*,*,*,*,*,*,*,*,*,*,*,*,*,*,*,*,*,*,*,*,*,*,2,2,*,*,*,*,*,*,*,*,*,*,*,*,*,*,*
533412212,0,,,35,16,19,1,1,0,34,15,19,23,11,12,33,15,18,30,12,18,11,4,7,7,2,5,1,0,1,0,0,0,0,0,0,10,10,3,1,1,2,1,0,2,7,1,6,1,8,0,1,0
533412221,0,,,31,14,17,5,4,1,26,10,16,14,7,7,26,10,16,24,10,14,12,3,9,6,0,6,2,0,2,0,0,0,0,0,0,11,11,2,6,0,1,1,0,1,9,7,2,1,9,0,1,2
533412222,0,,,24,10,14,0,0,0,24,10,14,12,4,8,24,10,14,24,10,14,12,6,6,5,1,4,3,1,2,1,1,0,0,0,0,8,8,1,2,2,2,1,0,0,7,2,5,0,8,0,1,1
533412231,0,,,36,17,19,5,2,3,31,15,16,18,8,10,30,14,16,29,13,16,13,7,6,4,2,2,2,1,1,0,0,0,0,0,0,8,8,0,0,2,2,3,0,1,8,2,6,2,8,0,0,0
533412233,0,,,60,30,30,8,5,3,52,25,27,30,14,16,51,25,26,50,25,25,22,11,11,11,4,7,6,2,4,0,0,0,0,0,0,19,19,2,10,1,1,2,1,2,17,13,4,2,15,0,2,5
533412254,0,,,18,10,8,2,1,1,16,9,7,8,5,3,15,8,7,15,8,7,8,4,4,4,2,2,2,2,0,0,0,0,2,1,1,4,4,0,0,1,1,1,1,0,4,1,3,1,4,0,0,0
533412261,0,,,33,16,17,1,1,0,32,15,17,16,8,8,30,15,15,30,15,15,16,7,9,9,4,5,3,2,1,0,0,0,0,0,0,12,12,2,4,4,1,0,0,1,10,6,4,0,9,0,0,1
533412263,0,,,64,33,31,4,3,1,60,30,30,31,16,15,59,29,30,58,28,30,29,14,15,17,6,11,5,2,3,1,0,1,1,1,0,22,22,1,10,5,4,0,2,0,21,15,6,0,19,0,1,5
533412264,0,,,48,24,24,3,0,3,45,24,21,28,16,12,44,23,21,43,22,21,17,8,9,11,3,8,3,1,2,1,0,1,0,0,0,13,13,2,2,1,3,4,0,1,11,4,7,2,11,0,2,1
533412284,2,533412382,,4,1,3,*,*,*,*,*,*,*,*,*,*,*,*,*,*,*,*,*,*,*,*,*,*,*,*,*,*,*,*,*,*,1,1,*,*,*,*,*,*,*,*,*,*,*,*,*,*,*
533412301,0,,,110,58,52,6,4,2,104,54,50,51,30,21,102,52,50,102,52,50,53,24,29,26,13,13,8,1,7,0,0,0,0,0,0,39,39,6,15,7,5,4,1,1,33,23,10,1,34,1,4,10
533412302,0,,,678,327,351,80,42,38,589,280,309,376,180,196,575,274,301,560,268,292,213,100,113,74,32,42,17,9,8,0,0,0,1,0,1,273,273,77,86,55,27,16,8,4,192,154,38,24,140,18,22,41
533412303,0,,,157,77,80,19,10,9,138,67,71,74,39,35,134,65,69,134,65,69,64,28,36,29,13,16,8,4,4,1,0,1,0,0,0,56,56,13,18,9,7,3,4,2,43,30,13,2,43,4,8,10
533412304,0,,,480,239,241,78,38,40,385,193,192,315,159,156,360,180,180,339,168,171,70,34,36,30,16,14,4,3,1,0,0,0,1,1,0,193,193,73,36,34,25,21,1,3,117,101,16,10,43,36,4,16
533412311,0,,,454,214,240,52,23,29,401,190,211,310,147,163,390,186,204,379,181,198,91,43,48,38,16,22,15,4,11,0,0,0,5,2,3,159,159,27,43,44,25,14,3,3,132,109,23,17,66,1,14,16
533412312,0,,,110,16,94,0,0,0,110,16,94,0,0,0,110,16,94,110,16,94,110,16,94,105,12,93,77,7,70,19,1,18,0,0,0,3,0,0,0,0,0,0,0,0,0,0,0,0,0,0,0,0
533412313,1,,533412314,1005,487,518,104,55,49,904,434,470,677,336,341,880,422,458,865,414,451,227,98,129,115,45,70,30,7,23,2,0,2,1,0,1,355,355,51,117,99,48,27,12,4,302,248,54,28,160,2,21,44
533412314,2,533412313,,6,5,1,*,*,*,*,*,*,*,*,*,*,*,*,*,*,*,*,*,*,*,*,*,*,*,*,*,*,*,*,*,*,3,3,*,*,*,*,*,*,*,*,*,*,*,*,*,*,*
533412353,0,,,59,29,30,7,5,2,52,24,28,26,14,12,52,24,28,51,24,27,26,10,16,14,5,9,5,3,2,0,0,0,0,0,0,21,21,5,6,5,2,0,2,1,16,9,7,1,19,0,4,2
533412354,0,,,52,23,29,4,2,2,48,21,27,30,14,16,48,21,27,48,21,27,18,7,11,11,3,8,5,2,3,0,0,0,0,0,0,17,17,4,3,4,3,1,1,1,13,6,7,2,14,0,4,3
533412361,2,533412362,,15,3,12,*,*,*,*,*,*,*,*,*,*,*,*,*,*,*,*,*,*,*,*,*,*,*,*,*,*,*,*,*,*,7,7,*,*,*,*,*,*,*,*,*,*,*,*,*,*,*
533412362,1,,533412361,26,13,13,8,4,4,33,12,21,15,5,10,33,12,21,33,12,21,18,7,11,8,5,3,2,1,1,0,0,0,0,0,0,7,7,3,7,0,1,1,0,2,10,7,3,2,11,0,2,3
533412371,0,,,23,10,13,0,0,0,23,10,13,8,3,5,22,10,12,21,10,11,15,7,8,8,2,6,5,1,4,1,0,1,0,0,0,10,10,3,4,2,0,0,1,0,7,5,2,0,10,0,3,3
533412372,0,,,54,25,29,6,3,3,48,22,26,25,11,14,45,20,25,45,20,25,23,11,12,14,4,10,7,1,6,0,0,0,0,0,0,17,17,3,6,1,2,2,3,0,14,7,7,1,16,0,3,4
533412381,2,533412382,,1,0,1,*,*,*,*,*,*,*,*,*,*,*,*,*,*,*,*,*,*,*,*,*,*,*,*,*,*,*,*,*,*,1,1,*,*,*,*,*,*,*,*,*,*,*,*,*,*,*
533412382,1,,533412284;533412381,17,9,8,0,0,0,22,10,12,10,4,6,22,10,12,22,10,12,12,6,6,6,2,4,3,1,2,0,0,0,0,0,0,10,10,6,3,2,1,0,0,0,6,5,1,0,9,0,4,2
533412401,0,,,20,11,9,0,0,0,18,10,8,15,9,6,17,9,8,10,5,5,3,1,2,0,0,0,0,0,0,0,0,0,0,0,0,18,18,16,2,0,0,0,0,0,2,2,0,0,2,6,1,1
533412402,0,,,73,38,35,19,10,9,46,23,23,39,19,20,42,21,21,40,20,20,7,4,3,1,1,0,0,0,0,0,0,0,0,0,0,19,19,0,2,5,8,3,0,1,16,13,3,3,4,0,0,1
533412403,0,,,505,228,277,63,30,33,434,192,242,276,133,143,408,184,224,390,174,216,158,59,99,94,31,63,45,12,33,10,0,10,4,2,2,165,163,42,38,27,34,12,7,3,118,88,30,14,67,13,9,23
533412404,0,,,99,49,50,14,6,8,85,43,42,56,29,27,84,43,41,80,40,40,29,14,15,15,7,8,5,2,3,0,0,0,0,0,0,38,38,13,9,4,5,6,1,0,25,18,7,4,21,7,3,4
533412411,0,,,1569,760,809,171,94,77,1395,664,731,1128,545,583,1288,603,685,1235,581,654,267,119,148,99,43,56,23,11,12,1,0,1,2,2,0,509,509,45,144,140,110,50,14,6,460,397,63,22,176,1,18,46
533412413,0,,,28,13,15,5,2,3,23,11,12,15,8,7,22,10,12,22,10,12,8,3,5,1,0,1,1,0,1,0,0,0,0,0,0,10,10,1,4,1,4,0,0,0,9,7,2,2,4,1,0,2
533412431,2,533412432,,8,5,3,*,*,*,*,*,*,*,*,*,*,*,*,*,*,*,*,*,*,*,*,*,*,*,*,*,*,*,*,*,*,3,3,*,*,*,*,*,*,*,*,*,*,*,*,*,*,*
533412432,1,,533412431,102,47,55,10,5,5,100,47,53,50,23,27,97,45,52,96,44,52,50,24,26,23,10,13,9,4,5,1,0,1,1,1,0,30,30,5,7,6,8,3,3,1,28,12,16,3,30,0,5,5
533412433,2,533412434,,2,1,1,*,*,*,*,*,*,*,*,*,*,*,*,*,*,*,*,*,*,*,*,*,*,*,*,*,*,*,*,*,*,1,1,*,*,*,*,*,*,*,*,*,*,*,*,*,*,*
533412434,1,,533412433,46,24,22,7,4,3,41,21,20,25,12,13,37,18,19,37,18,19,16,9,7,12,5,7,4,1,3,1,0,1,0,0,0,14,14,1,4,3,6,0,1,0,14,9,5,2,9,0,1,2
533412441,0,,,38,20,18,0,0,0,38,20,18,18,10,8,38,20,18,37,19,18,20,10,10,5,1,4,2,0,2,0,0,0,0,0,0,14,14,2,3,8,0,0,1,0,12,9,3,0,12,0,2,2
533412443,0,,,8,4,4,0,0,0,8,4,4,4,3,1,8,4,4,8,4,4,4,1,3,1,0,1,0,0,0,0,0,0,0,0,0,4,4,2,1,0,1,0,0,0,2,1,1,0,3,0,1,1
533412444,0,,,95,43,52,4,2,2,91,41,50,38,17,21,86,38,48,86,38,48,53,24,29,28,13,15,13,4,9,3,1,2,0,0,0,32,32,5,11,5,5,4,1,1,27,16,11,0,28,0,5,9
533412453,0,,,31,17,14,6,4,2,25,13,12,14,6,8,25,13,12,24,13,11,11,7,4,4,3,1,1,1,0,0,0,0,0,0,0,11,11,2,3,3,2,0,1,0,9,8,1,2,7,0,2,2
533412492,1,,533412592,39,16,23,0,0,0,44,18,26,17,8,9,44,18,26,44,18,26,27,10,17,23,7,16,10,2,8,1,0,1,0,0,0,21,21,9,8,3,0,2,0,0,13,9,4,0,19,0,7,6
533412501,0,,,876,443,433,126,57,69,687,350,337,603,314,289,648,331,317,569,290,279,84,36,48,41,17,24,11,4,7,0,0,0,6,2,4,460,459,291,47,42,56,11,8,4,164,141,23,27,57,106,12,10
533412502,0,,,177,85,92,21,10,11,152,72,80,84,44,40,150,70,80,143,68,75,68,28,40,29,10,19,7,2,5,0,0,0,0,0,0,67,67,18,23,10,7,3,4,2,47,34,13,3,45,6,6,10
533412503,0,,,340,174,166,49,28,21,287,144,143,185,99,86,280,140,140,271,137,134,102,45,57,52,20,32,14,4,10,0,0,0,3,2,1,134,134,42,37,25,13,11,2,4,90,68,22,14,65,12,11,18
533412504,0,,,22,13,9,5,3,2,17,10,7,13,7,6,17,10,7,17,10,7,4,3,1,2,1,1,0,0,0,0,0,0,0,0,0,7,7,1,1,2,2,1,0,0,6,5,1,1,3,0,1,1
533412511,2,533412513,,5,3,2,*,*,*,*,*,*,*,*,*,*,*,*,*,*,*,*,*,*,*,*,*,*,*,*,*,*,*,*,*,*,2,2,*,*,*,*,*,*,*,*,*,*,*,*,*,*,*
533412513,1,,533412511,253,113,140,45,18,27,213,98,115,165,78,87,194,88,106,185,84,101,48,20,28,18,6,12,6,1,5,0,0,0,1,0,1,75,75,11,16,11,27,3,6,3,64,46,18,11,31,1,4,4
533412514,0,,,40,18,22,4,2,2,36,16,20,16,9,7,36,16,20,36,16,20,20,7,13,9,1,8,4,0,4,2,0,2,0,0,0,12,12,3,1,1,5,0,2,0,8,3,5,0,11,0,2,1
533412521,2,533412523,,7,3,4,*,*,*,*,*,*,*,*,*,*,*,*,*,*,*,*,*,*,*,*,*,*,*,*,*,*,*,*,*,*,4,4,*,*,*,*,*,*,*,*,*,*,*,*,*,*,*
533412523,1,,533412521,6,3,3,0,0,0,13,6,7,7,4,3,12,5,7,12,5,7,6,2,4,3,1,2,0,0,0,0,0,0,0,0,0,2,2,1,4,0,1,0,0,0,5,3,2,0,4,0,0,2
533412524,0,,,96,43,53,5,3,2,91,40,51,46,20,26,86,38,48,85,38,47,45,20,25,27,9,18,12,3,9,0,0,0,0,0,0,31,31,4,12,5,3,2,4,1,27,15,12,1,27,0,2,9
533412531,0,,,98,51,47,8,6,2,90,45,45,49,27,22,90,45,45,90,45,45,41,18,23,17,7,10,5,1,4,0,0,0,0,0,0,37,37,6,12,9,9,1,0,0,31,25,6,5,26,1,4,6
533412532,0,,,89,41,48,11,5,6,78,36,42,41,23,18,77,36,41,75,34,41,37,13,24,17,7,10,5,0,5,2,0,2,0,0,0,32,32,7,9,5,7,3,1,0,25,17,8,2,23,0,5,7
533412533,0,,,85,39,46,7,2,5,78,37,41,45,20,25,76,37,39,73,35,38,33,17,16,20,10,10,6,4,2,0,0,0,0,0,0,27,27,6,7,4,3,4,0,3,21,10,11,1,22,0,5,5
533412534,0,,,60,24,36,10,2,8,50,22,28,31,15,16,49,21,28,48,21,27,19,7,12,10,3,7,5,1,4,1,0,1,0,0,0,23,23,4,5,10,4,0,0,0,19,14,5,4,13,0,3,1
533412543,1,,533412752,13,6,7,1,1,0,15,6,9,5,2,3,15,6,9,15,6,9,10,4,6,7,2,5,5,2,3,0,0,0,0,0,0,5,5,1,2,2,0,1,0,0,5,2,3,1,6,0,1,2
533412571,0,,,30,12,18,1,0,1,29,12,17,16,8,8,29,12,17,28,12,16,13,4,9,8,2,6,7,2,5,2,0,2,0,0,0,9,9,2,1,2,0,4,0,0,7,3,4,0,8,0,2,1
533412572,1,,533412663;533412761,10,5,5,1,1,0,14,7,7,4,3,1,14,7,7,14,7,7,10,4,6,7,3,4,5,2,3,0,0,0,0,0,0,4,4,1,3,1,0,1,0,0,5,4,1,1,6,0,1,2
533412581,2,533412584,,3,1,2,*,*,*,*,*,*,*,*,*,*,*,*,*,*,*,*,*,*,*,*,*,*,*,*,*,*,*,*,*,*,1,1,*,*,*,*,*,*,*,*,*,*,*,*,*,*,*
533412582,0,,,17,7,10,0,0,0,17,7,10,9,4,5,16,7,9,16,7,9,8,3,5,3,1,2,0,0,0,0,0,0,0,0,0,8,8,4,2,0,1,1,0,0,4,2,2,0,5,0,1,2
533412584,1,,533412581,16,9,7,0,0,0,19,10,9,11,6,5,19,10,9,19,10,9,8,4,4,2,0,2,1,0,1,0,0,0,1,1,0,7,7,2,3,1,2,0,0,0,6,5,1,0,7,0,2,1
533412592,2,533412492,,5,2,3,*,*,*,*,*,*,*,*,*,*,*,*,*,*,*,*,*,*,*,*,*,*,*,*,*,*,*,*,*,*,1,1,*,*,*,*,*,*,*,*,*,*,*,*,*,*,*
533412601,0,,,92,44,48,7,4,3,85,40,45,52,27,25,80,38,42,79,37,42,33,13,20,17,8,9,3,2,1,0,0,0,0,0,0,33,33,6,11,6,6,2,2,0,26,18,8,0,22,2,4,4
533412602,0,,,45,20,25,5,2,3,40,18,22,23,12,11,40,18,22,39,17,22,17,6,11,7,2,5,4,1,3,0,0,0,0,0,0,15,15,1,4,5,4,1,0,0,14,10,4,1,10,0,1,1
533412603,0,,,1395,664,731,209,104,105,1181,557,624,732,361,371,1145,536,609,1132,531,601,449,196,253,224,94,130,56,16,40,4,0,4,9,5,4,550,549,132,189,95,89,31,8,5,409,357,52,53,289,12,66,104
533412604,0,,,75,28,47,9,2,7,66,26,40,38,13,25,65,25,40,65,25,40,28,13,15,10,3,7,2,0,2,0,0,0,0,0,0,29,29,5,10,7,6,1,0,0,24,21,3,3,19,0,3,5
533412611,0,,,64,29,35,12,5,7,52,24,28,34,18,16,52,24,28,52,24,28,18,6,12,11,2,9,3,0,3,0,0,0,2,1,1,21,21,6,4,3,3,3,1,1,15,9,6,2,14,0,4,2
533412612,0,,,65,31,34,4,2,2,61,29,32,31,14,17,61,29,32,61,29,32,30,15,15,16,8,8,7,2,5,2,0,2,0,0,0,20,20,3,5,5,3,1,1,2,17,11,6,1,18,0,3,5
533412613,0,,,54,22,32,1,0,1,52,22,30,28,11,17,51,22,29,51,22,29,24,11,13,12,5,7,8,3,5,0,0,0,0,0,0,21,21,4,7,5,4,1,0,0,17,11,6,0,16,1,2,3
533412614,0,,,34,14,20,6,2,4,28,12,16,14,7,7,27,11,16,27,11,16,14,5,9,8,2,6,4,1,3,0,0,0,0,0,0,13,13,3,4,3,1,2,0,0,10,8,2,0,10,0,3,3
533412621,0,,,75,35,40,11,2,9,64,33,31,38,21,17,63,33,30,63,33,30,26,12,14,12,5,7,5,3,2,1,1,0,0,0,0,22,22,2,4,7,3,4,2,0,20,10,10,2,16,0,2,1
533412622,0,,,294,135,159,35,15,20,259,120,139,165,76,89,247,115,132,242,114,128,94,44,50,34,14,20,12,4,8,0,0,0,0,0,0,97,97,15,31,19,13,13,3,3,82,59,23,5,64,0,12,17
533412623,0,,,37,16,21,2,0,2,35,16,19,20,11,9,33,15,18,32,14,18,15,5,10,6,1,5,3,1,2,1,0,1,0,0,0,14,14,4,3,3,3,0,1,0,10,6,4,0,10,0,2,1
533412624,0,,,164,89,75,18,12,6,143,75,68,80,44,36,140,73,67,136,72,64,63,31,32,19,11,8,7,4,3,0,0,0,0,0,0,63,63,18,17,14,6,4,3,1,43,36,7,4,44,0,14,11
533412631,0,,,45,21,24,5,2,3,40,19,21,24,12,12,39,18,21,38,18,20,16,7,9,11,3,8,1,0,1,1,0,1,0,0,0,16,16,2,5,5,2,2,0,0,14,10,4,1,10,0,2,4
533412632,0,,,55,29,26,10,5,5,45,24,21,29,16,13,41,22,19,38,20,18,16,8,8,9,5,4,2,1,1,0,0,0,0,0,0,15,15,3,1,3,3,2,2,1,12,8,4,3,10,0,2,0
533412633,0,,,14,6,8,2,0,2,12,6,6,6,3,3,12,6,6,12,6,6,6,3,3,3,1,2,3,1,2,0,0,0,0,0,0,5,5,1,2,0,1,1,0,0,4,3,1,1,3,0,0,2
533412634,0,,,177,73,104,14,5,9,163,68,95,87,37,50,156,66,90,150,65,85,76,31,45,44,14,30,16,5,11,2,0,2,0,0,0,54,54,5,16,15,7,4,5,2,49,24,25,3,44,0,5,10
533412643,0,,,56,27,29,7,1,6,49,26,23,29,17,12,45,23,22,42,20,22,20,9,11,8,5,3,2,1,1,0,0,0,0,0,0,17,17,1,6,4,2,3,0,1,16,13,3,2,13,0,1,2
533412663,2,533412572,,2,1,1,*,*,*,*,*,*,*,*,*,*,*,*,*,*,*,*,*,*,*,*,*,*,*,*,*,*,*,*,*,*,1,1,*,*,*,*,*,*,*,*,*,*,*,*,*,*,*
533412682,2,533412691,,13,9,4,*,*,*,*,*,*,*,*,*,*,*,*,*,*,*,*,*,*,*,*,*,*,*,*,*,*,*,*,*,*,4,4,*,*,*,*,*,*,*,*,*,*,*,*,*,*,*
533412691,1,,533412682;533412693,21,13,8,4,3,1,33,21,12,15,11,4,33,21,12,33,21,12,18,10,8,7,3,4,3,1,2,0,0,0,0,0,0,11,11,6,6,2,2,1,0,0,11,10,1,1,12,1,3,4
533412693,2,533412691,,3,2,1,*,*,*,*,*,*,*,*,*,*,*,*,*,*,*,*,*,*,*,*,*,*,*,*,*,*,*,*,*,*,2,2,*,*,*,*,*,*,*,*,*,*,*,*,*,*,*
533412701,0,,,1067,499,568,159,91,68,902,404,498,605,277,328,875,393,482,862,388,474,297,127,170,138,58,80,35,13,22,3,0,3,1,0,1,403,403,86,125,100,51,25,11,5,312,267,45,41,190,4,35,51
533412702,0,,,29,12,17,6,3,3,23,9,14,9,4,5,23,9,14,23,9,14,14,5,9,3,2,1,0,0,0,0,0,0,0,0,0,14,14,5,6,0,3,0,0,0,9,9,0,0,10,0,5,4
533412703,0,,,1190,546,644,170,98,72,1013,446,567,571,268,303,976,431,545,964,423,541,442,178,264,246,81,165,96,26,70,12,1,11,3,1,2,435,434,101,146,87,53,32,11,4,329,275,54,40,242,6,57,77
533412704,0,,,1595,784,811,265,142,123,1299,624,675,1032,512,520,1253,605,648,1232,594,638,267,112,155,136,49,87,63,15,48,8,2,6,4,2,2,649,648,203,177,140,89,25,7,7,430,388,42,105,145,41,28,37
533412711,0,,,90,41,49,14,6,8,76,35,41,47,24,23,73,33,40,72,32,40,29,11,18,10,2,8,5,1,4,0,0,0,0,0,0,29,29,4,8,9,3,2,1,2,25,19,6,3,20,0,3,3
533412712,0,,,253,123,130,16,7,9,236,115,121,137,69,68,229,111,118,225,109,116,99,46,53,50,21,29,22,9,13,0,0,0,0,0,0,94,94,20,28,22,14,6,3,1,72,49,23,2,62,5,10,17
533412713,0,,,1383,659,724,256,141,115,1104,503,601,891,413,478,1060,484,576,1038,475,563,213,90,123,98,40,58,27,8,19,3,0,3,8,2,6,569,569,167,160,116,95,21,7,3,387,335,52,86,148,27,41,24
533412714,0,,,82,38,44,15,7,8,64,30,34,42,21,21,63,29,34,63,29,34,22,9,13,18,6,12,9,3,6,0,0,0,0,0,0,34,34,13,6,9,3,1,1,1,20,16,4,5,16,3,5,2
533412721,0,,,78,36,42,17,9,8,61,27,34,58,25,33,54,25,29,50,23,27,3,2,1,1,0,1,1,0,1,0,0,0,0,0,0,29,29,7,10,2,6,3,1,0,22,22,0,0,3,0,3,0
533412722,0,,,97,46,51,6,4,2,91,42,49,57,27,30,90,42,48,88,42,46,34,15,19,14,4,10,9,1,8,1,0,1,0,0,0,33,33,7,7,8,6,2,3,0,26,16,10,2,21,0,2,3
533412724,0,,,64,32,32,7,6,1,57,26,31,35,16,19,54,26,28,54,26,28,22,10,12,12,4,8,6,2,4,0,0,0,1,0,1,19,19,2,2,8,3,2,2,0,17,9,8,2,16,0,2,2
533412752,2,533412543,,3,1,2,*,*,*,*,*,*,*,*,*,*,*,*,*,*,*,*,*,*,*,*,*,*,*,*,*,*,*,*,*,*,1,1,*,*,*,*,*,*,*,*,*,*,*,*,*,*,*
533412761,2,533412572,,3,2,1,*,*,*,*,*,*,*,*,*,*,*,*,*,*,*,*,*,*,*,*,*,*,*,*,*,*,*,*,*,*,1,1,*,*,*,*,*,*,*,*,*,*,*,*,*,*,*
533412791,1,,533412794,15,7,8,0,0,0,17,7,10,9,4,5,17,7,10,17,7,10,8,3,5,4,0,4,1,0,1,0,0,0,0,0,0,7,7,3,4,0,0,0,1,0,5,3,2,0,7,0,2,2
533412794,2,533412791,,2,0,2,*,*,*,*,*,*,*,*,*,*,*,*,*,*,*,*,*,*,*,*,*,*,*,*,*,*,*,*,*,*,1,1,*,*,*,*,*,*,*,*,*,*,*,*,*,*,*
533412801,0,,,1222,585,637,276,139,137,941,445,496,683,337,346,910,432,478,901,428,473,258,108,150,114,37,77,36,9,27,1,0,1,3,1,2,464,463,126,108,96,96,30,5,2,334,300,34,93,176,3,63,39
533412802,0,,,1838,852,986,226,108,118,1580,724,856,1017,506,511,1527,701,826,1509,691,818,563,218,345,307,91,216,164,44,120,29,3,26,3,0,3,682,680,162,231,141,95,28,10,13,505,438,67,72,300,24,56,78
533412803,0,,,1829,899,930,223,120,103,1598,772,826,956,492,464,1545,740,805,1531,733,798,642,280,362,373,156,217,114,46,68,10,0,10,1,0,1,729,729,169,263,151,79,46,14,7,552,442,110,63,435,6,89,114
533412804,0,,,54,27,27,8,5,3,45,22,23,26,14,12,44,22,22,44,22,22,19,8,11,7,2,5,1,0,1,0,0,0,1,1,0,21,21,5,9,3,2,0,1,1,16,13,3,3,12,1,3,2
533412811,1,,533412813,487,229,258,73,37,36,414,192,222,277,138,139,397,181,216,387,174,213,137,54,83,81,26,55,35,10,25,2,0,2,1,1,0,178,178,42,45,37,37,12,4,2,136,114,22,9,96,0,30,17
533412813,2,533412811,,3,1,2,*,*,*,*,*,*,*,*,*,*,*,*,*,*,*,*,*,*,*,*,*,*,*,*,*,*,*,*,*,*,1,1,*,*,*,*,*,*,*,*,*,*,*,*,*,*,*
533412901,0,,,386,177,209,54,27,27,328,148,180,220,106,114,310,139,171,303,135,168,108,42,66,54,22,32,18,6,12,2,2,0,0,0,0,150,150,37,47,30,21,9,6,0,111,95,16,18,76,0,19,19
533412902,0,,,1147,577,570,107,60,47,1036,514,522,626,326,300,997,496,501,976,486,490,410,188,222,208,83,125,84,29,55,7,1,6,6,2,4,432,428,107,146,79,54,25,12,5,319,254,65,24,233,10,49,63
533412904,0,,,222,100,122,18,7,11,204,93,111,123,57,66,199,92,107,197,91,106,81,36,45,26,11,15,5,1,4,0,0,0,0,0,0,90,90,17,39,18,10,3,3,0,73,60,13,5,51,0,7,21
533412913,0,,,112,62,50,8,5,3,104,57,47,62,38,24,102,55,47,100,53,47,42,19,23,15,4,11,7,2,5,1,1,0,0,0,0,42,42,9,12,12,5,2,1,1,33,23,10,2,29,0,6,5
533412914,0,,,38,22,16,2,0,2,36,22,14,20,13,7,35,21,14,35,21,14,16,9,7,7,3,4,0,0,0,0,0,0,0,0,0,18,18,6,6,4,2,0,0,0,12,11,1,0,12,0,6,3
533412923,1,,533412924;533412933,10,6,4,0,0,0,19,12,7,5,3,2,19,12,7,19,12,7,14,9,5,5,3,2,1,1,0,0,0,0,0,0,0,4,4,4,4,1,1,0,0,0,6,5,1,0,9,0,3,3
533412924,2,533412923,,2,1,1,*,*,*,*,*,*,*,*,*,*,*,*,*,*,*,*,*,*,*,*,*,*,*,*,*,*,*,*,*,*,1,1,*,*,*,*,*,*,*,*,*,*,*,*,*,*,*
533412933,2,533412923,,7,5,2,*,*,*,*,*,*,*,*,*,*,*,*,*,*,*,*,*,*,*,*,*,*,*,*,*,*,*,*,*,*,5,5,*,*,*,*,*,*,*,*,*,*,*,*,*,*,*
533412952,2,533412973,,1,1,0,*,*,*,*,*,*,*,*,*,*,*,*,*,*,*,*,*,*,*,*,*,*,*,*,*,*,*,*,*,*,1,1,*,*,*,*,*,*,*,*,*,*,*,*,*,*,*
533412964,2,533412973,,6,1,5,*,*,*,*,*,*,*,*,*,*,*,*,*,*,*,*,*,*,*,*,*,*,*,*,*,*,*,*,*,*,2,2,*,*,*,*,*,*,*,*,*,*,*,*,*,*,*
533412973,1,,533412952;533412964,7,3,4,1,0,1,13,5,8,4,1,3,13,5,8,13,5,8,9,4,5,4,2,2,3,2,1,0,0,0,0,0,0,3,3,3,1,0,1,1,0,0,3,1,2,1,6,0,3,1
533412974,1,,533412982,28,15,13,0,0,0,29,16,13,14,11,3,28,16,12,28,16,12,15,5,10,9,2,7,4,0,4,0,0,0,0,0,0,12,12,5,2,5,0,1,0,0,8,6,2,0,10,0,3,1
533412982,2,533412974,,1,1,0,*,*,*,*,*,*,*,*,*,*,*,*,*,*,*,*,*,*,*,*,*,*,*,*,*,*,*,*,*,*,1,1,*,*,*,*,*,*,*,*,*,*,*,*,*,*,*
533413011,0,,,8,4,4,0,0,0,8,4,4,2,1,1,8,4,4,8,4,4,6,3,3,6,3,3,6,3,3,0,0,0,0,0,0,6,6,4,2,0,0,0,0,0,2,2,0,0,5,0,4,1
533413104,2,533413113,,4,3,1,*,*,*,*,*,*,*,*,*,*,*,*,*,*,*,*,*,*,*,*,*,*,*,*,*,*,*,*,*,*,1,1,*,*,*,*,*,*,*,*,*,*,*,*,*,*,*
533413113,1,,533413104,6,3,3,0,0,0,10,6,4,5,4,1,10,6,4,10,6,4,5,2,3,3,1,2,1,0,1,1,0,1,0,0,0,3,3,1,1,1,1,0,0,0,3,2,1,0,4,0,1,1
533413303,1,,533413304;533413401,28,13,15,3,1,2,32,15,17,17,8,9,32,15,17,32,15,17,15,7,8,11,5,6,4,2,2,0,0,0,0,0,0,10,10,5,5,0,2,1,0,1,9,7,2,1,11,0,4,2
533413304,2,533413303,,5,2,3,*,*,*,*,*,*,*,*,*,*,*,*,*,*,*,*,*,*,*,*,*,*,*,*,*,*,*,*,*,*,2,2,*,*,*,*,*,*,*,*,*,*,*,*,*,*,*
533413401,2,533413303,,2,1,1,*,*,*,*,*,*,*,*,*,*,*,*,*,*,*,*,*,*,*,*,*,*,*,*,*,*,*,*,*,*,2,2,*,*,*,*,*,*,*,*,*,*,*,*,*,*,*
533413474,2,533413873,,1,0,1,*,*,*,*,*,*,*,*,*,*,*,*,*,*,*,*,*,*,*,*,*,*,*,*,*,*,*,*,*,*,1,1,*,*,*,*,*,*,*,*,*,*,*,*,*,*,*
533413503,1,,533413504,25,12,13,0,0,0,28,13,15,9,7,2,28,13,15,28,13,15,19,6,13,13,3,10,7,2,5,0,0,0,0,0,0,15,15,10,3,4,0,0,0,0,7,6,1,0,15,0,8,2
533413504,2,533413503,,3,1,2,*,*,*,*,*,*,*,*,*,*,*,*,*,*,*,*,*,*,*,*,*,*,*,*,*,*,*,*,*,*,2,2,*,*,*,*,*,*,*,*,*,*,*,*,*,*,*
533413601,2,533413603,,6,3,3,*,*,*,*,*,*,*,*,*,*,*,*,*,*,*,*,*,*,*,*,*,*,*,*,*,*,*,*,*,*,5,5,*,*,*,*,*,*,*,*,*,*,*,*,*,*,*
533413603,1,,533413601,2,1,1,0,0,0,8,4,4,0,0,0,8,4,4,8,4,4,8,4,4,3,1,2,1,0,1,0,0,0,0,0,0,1,1,4,2,0,0,0,0,0,2,2,0,0,6,0,4,2
533413802,1,,533413933,23,12,11,3,1,2,27,14,13,7,6,1,27,14,13,27,14,13,20,8,12,13,4,9,8,3,5,0,0,0,0,0,0,13,13,5,8,0,1,1,0,0,10,10,0,1,13,0,4,7
533413873,1,,533413474,55,24,31,0,0,0,56,24,32,24,13,11,55,24,31,55,24,31,32,11,21,23,8,15,11,4,7,0,0,0,0,0,0,24,24,10,6,4,3,2,0,0,15,10,5,0,22,0,10,3
533413933,2,533413802,,7,3,4,*,*,*,*,*,*,*,*,*,*,*,*,*,*,*,*,*,*,*,*,*,*,*,*,*,*,*,*,*,*,2,2,*,*,*,*,*,*,*,*,*,*,*,*,*,*,*
533414011,0,,,39,19,20,8,4,4,31,15,16,18,9,9,29,15,14,29,15,14,13,6,7,6,3,3,2,1,1,0,0,0,0,0,0,11,11,4,1,1,1,1,1,2,7,3,4,2,9,0,3,1
533414012,1,,533414021,84,40,44,10,6,4,75,35,40,38,21,17,71,33,38,71,33,38,37,14,23,22,7,15,7,3,4,1,0,1,0,0,0,29,29,11,7,4,1,5,2,1,20,12,8,0,24,0,7,3
533414014,0,,,102,48,54,16,6,10,86,42,44,46,23,23,83,40,43,82,40,42,40,19,21,19,7,12,12,6,6,0,0,0,1,0,1,29,29,4,5,6,6,4,3,1,25,8,17,4,26,0,4,4
533414021,2,533414012,,2,2,0,*,*,*,*,*,*,*,*,*,*,*,*,*,*,*,*,*,*,*,*,*,*,*,*,*,*,*,*,*,*,2,2,*,*,*,*,*,*,*,*,*,*,*,*,*,*,*
533414062,2,533414071,,9,6,3,*,*,*,*,*,*,*,*,*,*,*,*,*,*,*,*,*,*,*,*,*,*,*,*,*,*,*,*,*,*,3,3,*,*,*,*,*,*,*,*,*,*,*,*,*,*,*
533414071,1,,533414062;533414161,81,32,49,13,7,6,79,32,47,45,21,24,74,30,44,74,30,44,34,11,23,21,6,15,9,4,5,1,0,1,0,0,0,22,22,5,6,3,3,4,2,3,21,7,14,1,24,0,5,3
533414072,0,,,40,18,22,2,2,0,38,16,22,18,8,10,38,16,22,38,16,22,20,8,12,11,3,8,7,2,5,0,0,0,0,0,0,17,17,6,3,6,0,2,0,0,10,9,1,0,14,0,6,2
533414074,0,,,52,28,24,5,3,2,47,25,22,17,8,9,46,24,22,45,24,21,30,17,13,12,4,8,2,0,2,0,0,0,0,0,0,21,21,4,11,3,0,1,2,0,17,13,4,1,20,0,4,7
533414081,0,,,41,22,19,2,0,2,39,22,17,20,12,8,38,21,17,38,21,17,19,10,9,10,4,6,5,2,3,0,0,0,0,0,0,18,18,5,7,4,0,2,0,0,13,10,3,1,14,0,4,3
533414083,0,,,38,17,21,2,1,1,36,16,20,17,8,9,35,15,20,35,15,20,19,8,11,9,3,6,4,1,3,0,0,0,0,0,0,16,16,4,7,3,1,0,0,1,12,6,6,0,12,0,3,3
533414094,0,,,10,4,6,0,0,0,10,4,6,4,1,3,10,4,6,10,4,6,6,3,3,1,0,1,1,0,1,0,0,0,0,0,0,5,5,2,2,0,1,0,0,0,3,2,1,0,4,0,1,2
533414111,0,,,49,22,27,2,1,1,47,21,26,15,9,6,46,20,26,46,20,26,32,12,20,17,6,11,6,2,4,1,1,0,0,0,0,22,22,7,8,4,2,0,1,0,15,10,5,0,19,0,7,5
533414112,0,,,46,22,24,5,3,2,41,19,22,16,10,6,41,19,22,41,19,22,25,9,16,15,5,10,4,1,3,1,0,1,0,0,0,22,22,10,6,3,2,0,0,1,12,7,5,1,16,1,5,5
533414114,0,,,16,9,7,2,2,0,14,7,7,8,5,3,14,7,7,14,7,7,6,2,4,4,1,3,2,0,2,0,0,0,0,0,0,4,4,0,0,2,1,0,1,0,4,1,3,1,3,0,0,0
533414121,0,,,9,5,4,0,0,0,9,5,4,4,2,2,9,5,4,9,5,4,5,3,2,0,0,0,0,0,0,0,0,0,0,0,0,4,4,2,0,1,1,0,0,0,2,0,2,0,4,0,2,0
533414122,0,,,12,8,4,1,1,0,11,7,4,5,4,1,11,7,4,10,6,4,6,3,3,4,2,2,3,2,1,2,1,1,0,0,0,6,6,3,2,0,0,1,0,0,3,2,1,0,4,0,1,1
533414124,0,,,57,28,29,3,2,1,54,26,28,21,8,13,53,25,28,52,25,27,33,18,15,17,7,10,5,2,3,0,0,0,0,0,0,29,29,13,10,3,1,1,1,0,16,13,3,1,26,0,12,7
533414161,2,533414071,,2,1,1,*,*,*,*,*,*,*,*,*,*,*,*,*,*,*,*,*,*,*,*,*,*,*,*,*,*,*,*,*,*,1,1,*,*,*,*,*,*,*,*,*,*,*,*,*,*,*
533414172,2,533414174,,7,3,4,*,*,*,*,*,*,*,*,*,*,*,*,*,*,*,*,*,*,*,*,*,*,*,*,*,*,*,*,*,*,2,2,*,*,*,*,*,*,*,*,*,*,*,*,*,*,*
533414174,1,,533414172,46,21,25,4,3,1,49,21,28,29,12,17,47,21,26,46,21,25,20,9,11,14,6,8,6,3,3,0,0,0,0,0,0,12,12,0,4,3,3,2,1,1,14,4,10,0,12,0,0,2
533414181,2,533414183,,5,3,2,*,*,*,*,*,*,*,*,*,*,*,*,*,*,*,*,*,*,*,*,*,*,*,*,*,*,*,*,*,*,3,3,*,*,*,*,*,*,*,*,*,*,*,*,*,*,*
533414183,1,,533414181,17,9,8,4,2,2,18,10,8,6,5,1,15,7,8,15,7,8,12,5,7,8,4,4,1,1,0,0,0,0,0,0,0,5,5,3,4,0,0,0,0,1,5,4,1,0,8,0,3,3
533414221,0,,,12,7,5,2,2,0,10,5,5,4,2,2,10,5,5,10,5,5,6,3,3,3,1,2,3,1,2,0,0,0,0,0,0,4,4,1,1,0,1,1,0,0,3,1,2,1,4,0,1,0
533414222,0,,,22,11,11,5,5,0,17,6,11,9,4,5,17,6,11,16,6,10,8,2,6,7,2,5,0,0,0,0,0,0,0,0,0,8,8,3,2,0,0,3,0,0,5,2,3,0,7,0,3,1
533414223,0,,,34,16,18,4,1,3,30,15,15,20,12,8,28,13,15,27,12,15,10,3,7,6,2,4,1,1,0,0,0,0,0,0,0,8,8,0,1,1,3,1,2,0,7,4,3,1,5,0,0,1
533414224,0,,,62,27,35,1,0,1,61,27,34,18,8,10,60,27,33,60,27,33,43,19,24,24,9,15,10,3,7,1,0,1,0,0,0,28,28,11,7,5,3,2,0,0,17,9,8,0,27,1,10,6
533414231,2,533414233,,9,3,6,*,*,*,*,*,*,*,*,*,*,*,*,*,*,*,*,*,*,*,*,*,*,*,*,*,*,*,*,*,*,2,2,*,*,*,*,*,*,*,*,*,*,*,*,*,*,*
533414233,1,,533414231,11,5,6,1,0,1,19,8,11,9,5,4,19,8,11,19,8,11,10,3,7,7,1,6,5,0,5,1,0,1,0,0,0,4,4,1,2,0,1,1,1,0,5,2,3,0,6,0,1,1
533414272,0,,,68,31,37,7,4,3,61,27,34,30,17,13,58,26,32,56,25,31,31,10,21,22,7,15,5,1,4,1,0,1,0,0,0,22,22,6,4,3,4,2,2,1,16,6,10,1,20,0,5,2
533414281,0,,,161,79,82,23,16,7,138,63,75,77,37,40,133,60,73,127,57,70,61,26,35,30,8,22,12,4,8,1,0,1,1,0,1,53,53,11,17,9,4,4,3,5,42,25,17,7,43,0,11,12
533414283,0,,,41,19,22,3,0,3,38,19,19,18,9,9,38,19,19,37,18,19,20,10,10,10,5,5,2,0,2,0,0,0,1,0,1,15,15,1,9,2,0,2,1,0,14,11,3,0,12,0,0,7
533414313,2,533414314,,3,1,2,*,*,*,*,*,*,*,*,*,*,*,*,*,*,*,*,*,*,*,*,*,*,*,*,*,*,*,*,*,*,1,1,*,*,*,*,*,*,*,*,*,*,*,*,*,*,*
533414314,1,,533414313,13,4,9,0,0,0,16,5,11,2,1,1,16,5,11,16,5,11,14,4,10,10,3,7,6,2,4,1,0,1,0,0,0,8,8,4,3,2,0,0,0,0,5,4,1,0,9,0,4,3
533414322,0,,,72,30,42,6,2,4,66,28,38,25,13,12,66,28,38,66,28,38,41,15,26,24,6,18,13,5,8,3,1,2,0,0,0,32,32,11,12,4,4,0,0,1,21,17,4,2,29,0,11,7
533414324,0,,,16,8,8,0,0,0,16,8,8,6,4,2,16,8,8,16,8,8,10,4,6,7,2,5,5,2,3,1,0,1,0,0,0,8,8,2,4,2,0,0,0,0,6,5,1,0,7,0,2,1
533414331,0,,,23,14,9,1,1,0,22,13,9,11,7,4,21,12,9,21,12,9,11,6,5,8,5,3,4,2,2,1,0,1,0,0,0,12,12,5,6,0,0,0,1,0,7,6,1,0,7,0,3,2
533414333,0,,,40,16,24,6,0,6,34,16,18,15,7,8,34,16,18,34,16,18,19,9,10,8,2,6,2,0,2,0,0,0,1,0,1,15,15,3,5,4,1,1,1,0,12,9,3,2,14,0,3,3
533414354,0,,,52,28,24,6,5,1,46,23,23,18,10,8,45,22,23,44,21,23,28,13,15,17,8,9,4,2,2,3,2,1,0,0,0,18,18,5,4,4,2,1,0,2,13,7,6,0,16,0,4,3
533414381,0,,,94,46,48,5,1,4,89,45,44,47,30,17,86,44,42,86,44,42,42,15,27,23,8,15,12,2,10,2,0,2,0,0,0,53,53,29,14,6,2,1,1,0,24,18,6,2,25,2,9,5
533414383,0,,,29,12,17,0,0,0,29,12,17,12,5,7,29,12,17,27,11,16,17,7,10,7,2,5,5,1,4,0,0,0,2,1,1,12,12,3,4,3,1,1,0,0,9,5,4,0,11,0,2,2
533414384,0,,,28,13,15,0,0,0,28,13,15,14,6,8,28,13,15,28,13,15,14,7,7,7,3,4,2,1,1,1,1,0,0,0,0,13,13,4,4,4,1,0,0,0,9,6,3,0,9,0,2,2
533414421,2,533414422,,4,1,3,*,*,*,*,*,*,*,*,*,*,*,*,*,*,*,*,*,*,*,*,*,*,*,*,*,*,*,*,*,*,3,3,*,*,*,*,*,*,*,*,*,*,*,*,*,*,*
533414422,1,,533414421,124,58,66,22,9,13,106,50,56,65,30,35,102,49,53,102,49,53,41,20,21,25,11,14,8,1,7,0,0,0,1,0,1,49,49,16,18,6,5,5,1,1,36,30,6,4,29,2,10,7
533414424,0,,,266,129,137,29,14,15,237,115,122,118,61,57,227,110,117,223,107,116,119,54,65,64,27,37,30,12,18,4,0,4,0,0,0,100,100,21,35,20,11,8,4,1,78,58,20,6,77,0,19,20
533414434,0,,,12,7,5,0,0,0,12,7,5,4,3,1,12,7,5,12,7,5,8,4,4,3,2,1,0,0,0,0,0,0,0,0,0,5,5,0,3,2,0,0,0,0,5,4,1,0,4,0,0,3
533414443,1,,533414541,12,5,7,0,0,0,13,6,7,2,1,1,13,6,7,13,6,7,11,5,6,9,4,5,7,4,3,0,0,0,0,0,0,7,7,3,5,0,0,0,0,0,5,5,0,0,8,0,3,3
533414444,0,,,11,6,5,0,0,0,11,6,5,5,3,2,11,6,5,11,6,5,6,3,3,4,1,3,1,0,1,0,0,0,0,0,0,7,7,5,1,0,1,0,0,0,2,1,1,0,6,0,4,0
533414452,0,,,24,10,14,1,0,1,23,10,13,9,4,5,22,10,12,22,10,12,14,6,8,5,1,4,1,0,1,0,0,0,0,0,0,11,11,3,6,1,0,0,1,0,8,6,2,0,10,0,2,5
533414454,0,,,87,43,44,8,4,4,79,39,40,44,26,18,73,35,38,72,34,38,35,13,22,22,7,15,7,2,5,0,0,0,7,1,6,30,30,10,6,6,2,1,1,4,20,12,8,1,24,0,9,2
533414472,0,,,27,16,11,2,1,1,25,15,10,13,8,5,25,15,10,25,15,10,12,7,5,6,3,3,0,0,0,0,0,0,0,0,0,13,13,3,6,4,0,0,0,0,10,10,0,0,7,0,1,4
533414474,0,,,101,49,52,14,8,6,87,41,46,60,28,32,83,41,42,80,39,41,27,13,14,9,4,5,5,3,2,1,0,1,0,0,0,38,38,4,18,7,5,4,0,0,34,32,2,4,18,0,3,8
533414481,1,,533414483,138,78,60,11,5,6,129,74,55,61,37,24,127,72,55,127,72,55,68,37,31,36,20,16,10,4,6,2,1,1,0,0,0,54,54,14,17,11,8,3,2,0,41,33,8,1,44,0,12,7
533414483,2,533414481,,2,1,1,*,*,*,*,*,*,*,*,*,*,*,*,*,*,*,*,*,*,*,*,*,*,*,*,*,*,*,*,*,*,1,1,*,*,*,*,*,*,*,*,*,*,*,*,*,*,*
533414522,0,,,21,12,9,5,3,2,16,9,7,7,5,2,16,9,7,16,9,7,9,4,5,5,3,2,3,2,1,0,0,0,0,0,0,7,7,1,3,2,0,0,0,1,6,5,1,1,5,0,0,2
533414531,0,,,60,28,32,4,2,2,56,26,30,25,13,12,53,25,28,53,25,28,31,13,18,20,8,12,10,3,7,1,0,1,0,0,0,24,24,6,9,4,3,1,0,1,18,13,5,1,20,0,5,8
533414532,0,,,27,16,11,5,3,2,22,13,9,17,10,7,21,12,9,21,12,9,5,3,2,4,3,1,2,1,1,0,0,0,0,0,0,11,11,3,3,2,3,0,0,0,8,7,1,1,3,1,1,0
533414533,0,,,78,36,42,3,1,2,75,35,40,42,22,20,75,35,40,74,34,40,33,13,20,23,9,14,12,4,8,3,0,3,0,0,0,31,31,4,13,9,4,1,0,0,27,21,6,2,21,0,2,6
533414534,0,,,85,37,48,5,2,3,80,35,45,35,17,18,79,34,45,79,34,45,45,18,27,28,11,17,10,2,8,0,0,0,1,0,1,32,32,7,13,5,3,2,0,2,24,15,9,2,30,0,6,9
533414541,2,533414443,,1,1,0,*,*,*,*,*,*,*,*,*,*,*,*,*,*,*,*,*,*,*,*,*,*,*,*,*,*,*,*,*,*,1,1,*,*,*,*,*,*,*,*,*,*,*,*,*,*,*
533414562,0,,,68,32,36,7,5,2,61,27,34,35,15,20,59,27,32,58,27,31,26,12,14,12,5,7,4,0,4,0,0,0,0,0,0,21,21,1,7,7,1,3,1,1,20,12,8,1,17,0,0,3
533414571,2,533414573,,8,4,4,*,*,*,*,*,*,*,*,*,*,*,*,*,*,*,*,*,*,*,*,*,*,*,*,*,*,*,*,*,*,3,3,*,*,*,*,*,*,*,*,*,*,*,*,*,*,*
533414572,0,,,13,7,6,0,0,0,13,7,6,10,6,4,13,7,6,13,7,6,3,1,2,1,0,1,0,0,0,0,0,0,0,0,0,6,6,0,5,1,0,0,0,0,6,6,0,0,2,0,0,1
533414573,1,,533414571,12,5,7,3,1,2,17,8,9,10,5,5,17,8,9,17,8,9,7,3,4,4,1,3,3,0,3,0,0,0,0,0,0,4,4,2,2,1,1,0,0,1,5,3,2,1,6,0,2,1
533414574,0,,,21,10,11,0,0,0,21,10,11,11,7,4,17,6,11,17,6,11,10,3,7,7,2,5,4,1,3,1,0,1,0,0,0,7,6,1,2,1,1,1,0,0,5,3,2,0,6,0,1,1
533414581,0,,,55,27,28,1,1,0,54,26,28,25,15,10,51,24,27,51,24,27,29,11,18,10,4,6,3,1,2,0,0,0,0,0,0,24,24,6,10,5,2,0,1,0,18,13,5,0,20,0,6,4
533414583,0,,,39,17,22,2,1,1,37,16,21,20,9,11,35,16,19,35,16,19,17,7,10,10,4,6,3,2,1,0,0,0,0,0,0,14,14,3,1,7,2,1,0,0,11,8,3,1,10,0,2,1
533414632,0,,,132,45,87,6,5,1,126,40,86,22,9,13,126,40,86,125,40,85,104,31,73,93,24,69,73,17,56,22,3,19,0,0,0,15,13,1,5,1,3,3,0,0,12,9,3,1,10,0,1,2
533414641,2,533414643,,5,3,2,*,*,*,*,*,*,*,*,*,*,*,*,*,*,*,*,*,*,*,*,*,*,*,*,*,*,*,*,*,*,3,3,*,*,*,*,*,*,*,*,*,*,*,*,*,*,*
533414643,1,,533414641,42,16,26,1,0,1,46,19,27,13,7,6,46,19,27,46,19,27,33,12,21,25,9,16,11,5,6,0,0,0,1,0,1,22,22,11,8,4,2,0,0,0,14,10,4,1,23,0,11,5
533414671,0,,,17,7,10,0,0,0,17,7,10,2,2,0,17,7,10,17,7,10,15,5,10,8,3,5,3,0,3,1,0,1,0,0,0,11,11,6,4,1,0,0,0,0,5,4,1,0,11,0,6,2
533414672,0,,,186,96,90,19,11,8,167,85,82,92,52,40,152,73,79,151,72,79,75,33,42,48,21,27,17,9,8,0,0,0,0,0,0,65,61,13,18,12,9,4,2,3,48,30,18,3,50,0,11,11
533414673,0,,,243,104,139,17,8,9,226,96,130,128,60,68,211,89,122,207,86,121,98,36,62,55,22,33,22,6,16,3,0,3,3,2,1,111,111,43,39,8,13,5,0,3,68,51,17,3,69,2,24,17
533414674,0,,,274,128,146,16,8,8,258,120,138,118,58,60,248,115,133,244,113,131,140,62,78,96,38,58,46,16,30,7,1,6,1,0,1,109,106,28,39,26,6,4,1,2,78,61,17,2,81,1,19,18
533414681,0,,,11,5,6,0,0,0,11,5,6,7,3,4,11,5,6,11,5,6,4,2,2,2,1,1,0,0,0,0,0,0,2,1,1,6,6,1,5,0,0,0,0,0,5,5,0,0,2,0,0,2
533414762,0,,,13,6,7,0,0,0,13,6,7,4,2,2,13,6,7,13,6,7,9,4,5,6,2,4,4,2,2,0,0,0,0,0,0,6,6,1,3,2,0,0,0,0,5,5,0,0,5,0,1,2
533414771,0,,,59,29,30,19,9,10,40,20,20,32,17,15,37,18,19,36,17,19,8,3,5,4,2,2,2,1,1,0,0,0,1,0,1,15,15,1,2,2,6,1,2,1,14,12,2,4,5,0,1,1
533414772,1,,533414774;533414781;533414783,14,7,7,4,2,2,72,19,53,11,4,7,72,19,53,72,19,53,61,15,46,51,11,40,42,6,36,12,1,11,0,0,0,4,4,0,4,2,3,0,0,0,9,6,3,1,7,0,0,3
533414774,2,533414772,,8,3,5,*,*,*,*,*,*,*,*,*,*,*,*,*,*,*,*,*,*,*,*,*,*,*,*,*,*,*,*,*,*,3,3,*,*,*,*,*,*,*,*,*,*,*,*,*,*,*
533414781,2,533414772,,50,9,41,*,*,*,*,*,*,*,*,*,*,*,*,*,*,*,*,*,*,*,*,*,*,*,*,*,*,*,*,*,*,1,0,*,*,*,*,*,*,*,*,*,*,*,*,*,*,*
533414783,2,533414772,,4,2,2,*,*,*,*,*,*,*,*,*,*,*,*,*,*,*,*,*,*,*,*,*,*,*,*,*,*,*,*,*,*,2,2,*,*,*,*,*,*,*,*,*,*,*,*,*,*,*
533414823,0,,,55,23,32,2,1,1,53,22,31,17,8,9,52,21,31,51,21,30,36,14,22,21,8,13,10,1,9,0,0,0,0,0,0,24,24,7,10,4,0,2,1,0,17,10,7,0,23,0,6,5
533414824,0,,,52,27,25,0,0,0,52,27,25,18,10,8,52,27,25,52,27,25,34,17,17,15,4,11,10,4,6,0,0,0,0,0,0,24,24,7,10,4,2,1,0,0,17,13,4,0,21,0,4,7
533414841,0,,,86,38,48,8,3,5,78,35,43,36,18,18,78,35,43,78,35,43,42,17,25,27,11,16,10,3,7,1,0,1,0,0,0,34,34,5,15,10,2,0,1,1,29,21,8,1,25,0,4,10
533414843,1,,533414844,30,14,16,8,3,5,34,16,18,19,9,10,34,16,18,34,16,18,15,7,8,10,4,6,2,1,1,0,0,0,0,0,0,11,11,4,4,4,0,2,0,1,11,7,4,1,12,0,4,2
533414844,2,533414843,,12,5,7,*,*,*,*,*,*,*,*,*,*,*,*,*,*,*,*,*,*,*,*,*,*,*,*,*,*,*,*,*,*,4,4,*,*,*,*,*,*,*,*,*,*,*,*,*,*,*
533414862,1,,533414874;533414883,32,13,19,2,1,1,32,12,20,12,5,7,31,12,19,31,12,19,20,7,13,15,5,10,7,3,4,0,0,0,0,0,0,15,15,9,3,4,0,0,0,1,8,5,3,0,15,0,8,2
533414874,2,533414862,,1,0,1,*,*,*,*,*,*,*,*,*,*,*,*,*,*,*,*,*,*,*,*,*,*,*,*,*,*,*,*,*,*,1,1,*,*,*,*,*,*,*,*,*,*,*,*,*,*,*
533414883,2,533414862,,1,0,1,*,*,*,*,*,*,*,*,*,*,*,*,*,*,*,*,*,*,*,*,*,*,*,*,*,*,*,*,*,*,1,1,*,*,*,*,*,*,*,*,*,*,*,*,*,*,*
533414921,1,,533414922,82,33,49,3,0,3,86,36,50,37,16,21,83,36,47,82,36,46,49,20,29,31,10,21,15,7,8,0,0,0,0,0,0,39,39,14,18,3,6,0,1,0,28,21,7,0,36,0,12,10
533414922,2,533414921,,7,3,4,*,*,*,*,*,*,*,*,*,*,*,*,*,*,*,*,*,*,*,*,*,*,*,*,*,*,*,*,*,*,3,3,*,*,*,*,*,*,*,*,*,*,*,*,*,*,*
533414951,0,,,86,40,46,8,5,3,78,35,43,42,18,24,77,35,42,77,35,42,36,17,19,21,10,11,4,2,2,0,0,0,0,0,0,38,38,13,12,9,1,1,1,1,24,19,5,2,27,1,8,4
533414952,0,,,91,39,52,10,3,7,81,36,45,46,24,22,79,35,44,79,35,44,35,12,23,29,9,20,8,4,4,1,0,1,4,0,4,39,39,16,9,7,2,2,3,0,23,16,7,2,26,4,9,4
533414954,0,,,36,16,20,4,4,0,32,12,20,17,3,14,30,11,19,30,11,19,15,9,6,8,3,5,5,1,4,0,0,0,4,0,4,16,16,6,5,3,1,0,0,1,10,6,4,1,11,4,2,4
533415001,2,533415444,,3,1,2,*,*,*,*,*,*,*,*,*,*,*,*,*,*,*,*,*,*,*,*,*,*,*,*,*,*,*,*,*,*,3,3,*,*,*,*,*,*,*,*,*,*,*,*,*,*,*
533415043,2,533415362,,2,2,0,*,*,*,*,*,*,*,*,*,*,*,*,*,*,*,*,*,*,*,*,*,*,*,*,*,*,*,*,*,*,2,2,*,*,*,*,*,*,*,*,*,*,*,*,*,*,*
533415282,0,,,124,59,65,16,8,8,108,51,57,63,31,32,107,51,56,107,51,56,45,20,25,23,6,17,16,3,13,1,0,1,1,0,1,42,42,6,13,10,7,3,2,1,36,25,11,4,31,0,6,9
533415283,2,533415284,,2,1,1,*,*,*,*,*,*,*,*,*,*,*,*,*,*,*,*,*,*,*,*,*,*,*,*,*,*,*,*,*,*,1,1,*,*,*,*,*,*,*,*,*,*,*,*,*,*,*
533415284,1,,533415283,93,43,50,7,2,5,88,42,46,45,24,21,82,40,42,82,40,42,43,18,25,24,9,15,10,2,8,1,0,1,0,0,0,34,34,5,12,10,4,4,0,0,30,23,7,2,29,0,5,7
533415362,1,,533415043,31,18,13,5,4,1,28,16,12,12,6,6,27,15,12,27,15,12,16,10,6,9,5,4,5,2,3,0,0,0,0,0,0,12,12,4,4,3,3,0,0,0,10,6,4,1,10,0,3,2
533415371,1,,533415373,191,94,97,20,5,15,176,92,84,98,57,41,171,89,82,169,87,82,78,35,43,36,12,24,19,4,15,4,1,3,1,0,1,58,58,9,16,15,10,3,1,7,52,30,22,5,52,0,9,10
533415373,2,533415371,,5,3,2,*,*,*,*,*,*,*,*,*,*,*,*,*,*,*,*,*,*,*,*,*,*,*,*,*,*,*,*,*,*,3,3,*,*,*,*,*,*,*,*,*,*,*,*,*,*,*
533415381,0,,,16,7,9,5,3,2,11,4,7,5,2,3,11,4,7,11,4,7,6,2,4,1,0,1,1,0,1,0,0,0,0,0,0,5,5,2,0,1,0,1,1,0,3,1,2,0,5,0,2,0
533415383,0,,,78,37,41,5,1,4,73,36,37,37,19,18,72,36,36,72,36,36,36,17,19,15,6,9,7,3,4,1,0,1,1,0,1,27,27,5,8,4,5,5,0,0,22,13,9,0,23,0,3,5
533415444,1,,533415001,37,14,23,1,1,0,39,14,25,15,5,10,39,14,25,39,14,25,24,9,15,14,4,10,6,2,4,0,0,0,0,0,0,20,20,12,7,2,2,0,0,0,11,9,2,0,18,0,8,5
533415453,0,,,64,29,35,2,1,1,62,28,34,35,17,18,57,25,32,56,25,31,27,11,16,19,7,12,6,2,4,0,0,0,0,0,0,22,22,2,7,9,1,2,0,1,20,12,8,0,18,0,2,4
533415461,0,,,93,47,46,11,5,6,82,42,40,41,24,17,80,42,38,80,42,38,41,18,23,21,9,12,9,4,5,0,0,0,0,0,0,34,34,8,11,7,3,0,5,0,26,19,7,1,27,0,7,5
533415462,0,,,19,9,10,3,1,2,16,8,8,9,5,4,16,8,8,15,8,7,7,3,4,3,2,1,2,1,1,0,0,0,0,0,0,5,5,0,1,1,1,2,0,0,5,3,2,0,4,0,0,1
533415464,0,,,79,42,37,9,7,2,70,35,35,39,20,19,69,35,34,68,34,34,31,15,16,18,8,10,9,4,5,0,0,0,0,0,0,31,31,11,5,7,3,5,0,0,20,11,9,2,22,0,8,3
533415471,2,533415473,,2,1,1,*,*,*,*,*,*,*,*,*,*,*,*,*,*,*,*,*,*,*,*,*,*,*,*,*,*,*,*,*,*,1,1,*,*,*,*,*,*,*,*,*,*,*,*,*,*,*
533415472,0,,,144,70,74,21,10,11,123,60,63,55,27,28,121,60,61,120,60,60,68,33,35,44,22,22,16,9,7,0,0,0,3,0,3,52,52,6,21,12,7,5,0,1,46,39,7,5,38,0,4,16
533415473,1,,533415471,25,12,13,1,0,1,26,13,13,11,6,5,25,12,13,25,12,13,15,7,8,11,5,6,6,4,2,0,0,0,0,0,0,10,10,3,4,1,2,1,0,0,8,4,4,0,10,0,3,2
533415474,0,,,94,36,58,10,5,5,84,31,53,38,14,24,82,30,52,81,30,51,46,17,29,27,7,20,17,3,14,3,1,2,7,0,7,31,30,9,10,5,2,3,0,1,21,17,4,2,18,5,2,7
533415481,0,,,61,31,30,5,4,1,56,27,29,30,14,16,56,27,29,55,26,29,26,13,13,12,5,7,5,3,2,1,0,1,1,0,1,22,22,2,10,4,4,1,1,0,20,15,5,2,17,0,2,5
533415482,1,,533415491,110,52,58,11,8,3,109,48,61,51,22,29,108,48,60,105,48,57,58,26,32,23,10,13,8,1,7,0,0,0,1,0,1,43,43,12,14,11,4,1,3,1,34,22,12,3,38,0,11,6
533415483,0,,,87,37,50,16,7,9,71,30,41,41,17,24,67,28,39,65,28,37,30,13,17,16,6,10,6,2,4,2,1,1,0,0,0,29,29,7,8,4,4,3,1,2,22,13,9,4,21,0,5,6
533415484,0,,,190,97,93,25,11,14,165,86,79,106,56,50,160,83,77,157,80,77,59,30,29,32,14,18,6,4,2,2,1,1,0,0,0,65,65,9,16,20,14,3,3,0,56,47,9,3,38,0,7,8
533415491,2,533415482,,10,4,6,*,*,*,*,*,*,*,*,*,*,*,*,*,*,*,*,*,*,*,*,*,*,*,*,*,*,*,*,*,*,3,3,*,*,*,*,*,*,*,*,*,*,*,*,*,*,*
533415542,0,,,38,24,14,5,2,3,33,22,11,18,13,5,33,22,11,33,22,11,15,9,6,7,4,3,5,3,2,0,0,0,0,0,0,10,10,2,0,1,4,2,0,1,8,4,4,2,9,0,1,0
533415551,0,,,32,15,17,1,1,0,31,14,17,11,8,3,30,13,17,30,13,17,20,6,14,11,3,8,3,0,3,0,0,0,0,0,0,13,13,3,6,1,2,0,1,0,10,6,4,0,13,0,3,4
533415562,0,,,19,11,8,0,0,0,19,11,8,9,6,3,18,11,7,18,11,7,10,5,5,6,3,3,3,2,1,0,0,0,0,0,0,6,6,0,3,1,1,0,1,0,6,5,1,0,5,0,0,3
533415564,0,,,30,14,16,4,1,3,26,13,13,11,6,5,26,13,13,26,13,13,15,7,8,9,4,5,6,2,4,0,0,0,0,0,0,10,10,4,1,2,1,0,0,2,6,1,5,2,10,0,4,0
533415572,0,,,94,45,49,10,7,3,84,38,46,59,28,31,83,38,45,82,37,45,25,10,15,16,6,10,4,2,2,0,0,0,0,0,0,33,33,7,8,8,3,7,0,0,26,20,6,3,18,0,5,4
533415573,0,,,58,28,30,4,1,3,54,27,27,26,13,13,52,25,27,52,25,27,28,14,14,8,4,4,5,1,4,1,0,1,0,0,0,22,22,4,8,4,4,2,0,0,18,14,4,2,17,0,4,4
533415574,0,,,95,47,48,8,5,3,87,42,45,41,20,21,85,41,44,85,41,44,46,22,24,23,11,12,7,2,5,1,0,1,0,0,0,35,35,5,13,8,6,2,1,0,30,23,7,2,29,0,4,8
533415581,0,,,75,39,36,10,6,4,65,33,32,38,21,17,63,32,31,63,32,31,27,12,15,15,6,9,12,5,7,1,0,1,0,0,0,22,22,2,3,7,6,3,0,1,20,11,9,3,16,0,2,0
533415582,0,,,52,16,36,10,4,6,42,12,30,10,5,5,42,12,30,42,12,30,32,7,25,30,6,24,22,5,17,4,1,3,0,0,0,7,6,0,1,1,2,2,0,0,6,5,1,2,2,0,0,1
533415583,0,,,151,73,78,15,5,10,136,68,68,80,42,38,130,63,67,128,62,66,56,26,30,24,8,16,15,6,9,1,0,1,0,0,0,43,43,5,9,11,5,7,3,3,38,19,19,3,35,0,5,4
533415584,0,,,33,19,14,1,1,0,32,18,14,19,11,8,31,18,13,31,18,13,13,7,6,10,6,4,5,3,2,0,0,0,0,0,0,14,14,3,7,1,2,1,0,0,11,8,3,0,7,0,1,2
533415591,0,,,28,13,15,0,0,0,28,13,15,16,9,7,28,13,15,28,13,15,12,4,8,7,2,5,3,2,1,0,0,0,0,0,0,10,10,0,5,2,3,0,0,0,10,5,5,0,8,0,0,3
533415592,0,,,9,1,8,5,1,4,4,0,4,3,0,3,4,0,4,4,0,4,1,0,1,1,0,1,1,0,1,0,0,0,0,0,0,4,4,1,1,2,0,0,0,0,3,3,0,2,1,0,1,0
533415593,0,,,117,57,60,16,7,9,101,50,51,57,30,27,96,47,49,96,47,49,44,20,24,26,11,15,10,2,8,1,0,1,1,0,1,39,39,6,11,9,6,5,1,1,33,23,10,4,26,0,5,5
533415594,0,,,205,88,117,44,21,23,161,67,94,110,48,62,151,64,87,146,64,82,51,19,32,23,7,16,11,4,7,0,0,0,0,0,0,78,78,11,33,14,15,4,1,0,66,58,8,14,37,0,8,12
533415651,1,,533415652,44,24,20,0,0,0,52,28,24,23,14,9,52,28,24,52,28,24,29,14,15,19,7,12,12,5,7,1,0,1,0,0,0,21,21,8,6,8,2,0,0,0,16,9,7,0,21,0,5,4
533415652,2,533415651,,8,4,4,*,*,*,*,*,*,*,*,*,*,*,*,*,*,*,*,*,*,*,*,*,*,*,*,*,*,*,*,*,*,3,3,*,*,*,*,*,*,*,*,*,*,*,*,*,*,*
533415671,2,533415673,,4,1,3,*,*,*,*,*,*,*,*,*,*,*,*,*,*,*,*,*,*,*,*,*,*,*,*,*,*,*,*,*,*,2,2,*,*,*,*,*,*,*,*,*,*,*,*,*,*,*
533415672,0,,,144,74,70,12,9,3,132,65,67,70,37,33,130,64,66,128,63,65,62,28,34,35,13,22,14,5,9,1,0,1,0,0,0,55,55,10,22,10,9,2,0,2,45,33,12,2,39,0,6,15
533415673,1,,533415671,98,47,51,18,9,9,84,39,45,49,24,25,81,38,43,80,38,42,35,15,20,16,4,12,7,1,6,0,0,0,0,0,0,34,34,7,9,13,2,2,2,1,28,20,8,3,25,0,6,3
533415674,0,,,35,16,19,5,2,3,30,14,16,18,8,10,29,14,15,28,14,14,12,6,6,4,2,2,1,0,1,0,0,0,0,0,0,10,10,1,3,0,4,0,2,0,9,4,5,2,8,0,1,2
533415681,0,,,13,6,7,1,1,0,12,5,7,7,2,5,11,5,6,11,5,6,5,3,2,2,1,1,1,0,1,0,0,0,1,0,1,4,4,0,2,0,1,1,0,0,3,3,0,0,4,0,0,2
533415691,0,,,50,26,24,2,2,0,48,24,24,27,15,12,46,23,23,44,21,23,21,9,12,12,5,7,1,0,1,0,0,0,0,0,0,17,17,2,6,4,2,2,1,0,15,11,4,0,15,0,2,3
533415692,0,,,116,59,57,9,4,5,107,55,52,61,33,28,104,52,52,103,52,51,46,22,24,29,13,16,7,3,4,1,0,1,0,0,0,40,40,6,9,13,7,5,0,0,34,28,6,2,28,0,4,6
533415762,0,,,101,47,54,5,2,3,96,45,51,49,24,25,92,43,49,91,43,48,47,21,26,25,12,13,12,3,9,1,0,1,0,0,0,34,34,3,13,8,4,4,2,0,31,19,12,2,29,0,1,5
533415764,0,,,117,56,61,18,7,11,99,49,50,52,25,27,96,48,48,94,48,46,47,24,23,24,12,12,6,2,4,1,0,1,0,0,0,40,40,10,9,8,10,0,0,3,30,20,10,3,31,0,7,9
533415771,0,,,62,31,31,5,3,2,57,28,29,33,18,15,57,28,29,57,28,29,24,10,14,14,5,9,6,1,5,2,0,2,0,0,0,22,22,5,5,8,1,1,0,2,17,12,5,1,15,0,2,2
533415772,0,,,109,20,89,0,0,0,109,20,89,0,0,0,109,20,89,109,20,89,109,20,89,105,17,88,85,17,68,29,5,24,0,0,0,3,0,0,0,0,0,0,0,0,0,0,0,0,0,0,0,0
533415773,0,,,56,25,31,8,2,6,48,23,25,22,12,10,47,23,24,47,23,24,26,11,15,9,3,6,5,2,3,0,0,0,0,0,0,20,20,3,10,2,2,1,0,2,17,12,5,0,18,0,2,6
533415842,2,533415844,,5,2,3,*,*,*,*,*,*,*,*,*,*,*,*,*,*,*,*,*,*,*,*,*,*,*,*,*,*,*,*,*,*,5,5,*,*,*,*,*,*,*,*,*,*,*,*,*,*,*
533415843,2,533415844,,8,4,4,*,*,*,*,*,*,*,*,*,*,*,*,*,*,*,*,*,*,*,*,*,*,*,*,*,*,*,*,*,*,4,4,*,*,*,*,*,*,*,*,*,*,*,*,*,*,*
533415844,1,,533415842;533415843,90,42,48,16,5,11,87,43,44,54,28,26,85,41,44,82,39,43,33,15,18,15,4,11,4,1,3,1,0,1,0,0,0,36,36,16,10,13,3,2,1,0,26,18,8,4,24,0,8,3
533415851,0,,,16,8,8,0,0,0,16,8,8,6,4,2,16,8,8,16,8,8,10,4,6,5,2,3,2,1,1,0,0,0,0,0,0,7,7,1,4,1,1,0,0,0,6,6,0,0,6,0,1,3
533415852,0,,,115,58,57,7,5,2,108,53,55,59,30,29,105,52,53,102,49,53,49,23,26,27,11,16,12,5,7,1,1,0,0,0,0,43,43,10,12,9,7,4,1,0,33,23,10,1,32,0,8,9
533415853,0,,,39,20,19,2,1,1,37,19,18,20,11,9,36,19,17,36,19,17,17,8,9,4,0,4,1,0,1,0,0,0,1,0,1,16,16,6,3,4,2,0,0,1,10,8,2,1,11,0,4,1
533415854,0,,,17,5,12,0,0,0,17,5,12,10,3,7,16,5,11,16,5,11,7,2,5,5,1,4,4,1,3,0,0,0,0,0,0,4,4,0,1,0,1,1,1,0,4,1,3,0,4,0,0,0
533415861,2,533415863,,5,2,3,*,*,*,*,*,*,*,*,*,*,*,*,*,*,*,*,*,*,*,*,*,*,*,*,*,*,*,*,*,*,3,3,*,*,*,*,*,*,*,*,*,*,*,*,*,*,*
533415863,1,,533415861;533415961,185,91,94,19,9,10,172,84,88,98,49,49,166,80,86,164,79,85,74,35,39,35,16,19,11,5,6,1,0,1,1,0,1,60,60,10,17,16,11,6,3,1,54,38,16,3,48,0,8,9
533415931,0,,,76,37,39,6,2,4,70,35,35,38,21,17,70,35,35,69,34,35,32,14,18,17,6,11,8,3,5,0,0,0,0,0,0,29,29,5,14,4,2,2,1,1,24,16,8,2,24,0,4,7
533415932,0,,,22,11,11,2,1,1,20,10,10,12,6,6,19,10,9,18,9,9,8,4,4,5,3,2,2,1,1,0,0,0,0,0,0,6,6,1,1,0,1,3,0,0,5,1,4,1,5,0,1,0
533415933,0,,,13,6,7,1,0,1,12,6,6,6,4,2,11,5,6,11,5,6,6,2,4,4,1,3,1,0,1,0,0,0,1,0,1,5,5,1,1,2,1,0,0,0,4,3,1,0,4,0,1,1
533415934,0,,,17,8,9,3,1,2,14,7,7,7,4,3,13,6,7,13,6,7,7,3,4,3,1,2,1,1,0,1,1,0,0,0,0,6,6,1,2,1,1,1,0,0,5,3,2,1,4,0,1,1
533415941,0,,,93,40,53,4,1,3,89,39,50,37,18,19,88,39,49,88,39,49,52,21,31,29,9,20,14,5,9,5,0,5,0,0,0,38,38,11,12,8,3,3,0,1,27,15,12,1,32,0,10,6
533415942,0,,,95,41,54,13,3,10,82,38,44,51,20,31,79,38,41,78,38,40,31,18,13,17,9,8,9,4,5,1,0,1,0,0,0,28,28,2,7,6,8,3,0,2,26,18,8,4,20,0,1,5
533415944,0,,,14,8,6,0,0,0,14,8,6,11,7,4,13,7,6,13,7,6,3,1,2,1,0,1,1,0,1,0,0,0,0,0,0,6,6,0,4,2,0,0,0,0,5,5,0,0,2,0,0,0
533415951,1,,533415953,13,7,6,2,2,0,14,7,7,13,7,6,13,6,7,13,6,7,1,0,1,0,0,0,0,0,0,0,0,0,0,0,0,6,6,4,1,2,1,0,0,0,4,4,0,1,1,0,1,0
533415953,2,533415951,,3,2,1,*,*,*,*,*,*,*,*,*,*,*,*,*,*,*,*,*,*,*,*,*,*,*,*,*,*,*,*,*,*,2,2,*,*,*,*,*,*,*,*,*,*,*,*,*,*,*
533415961,2,533415863,,1,0,1,*,*,*,*,*,*,*,*,*,*,*,*,*,*,*,*,*,*,*,*,*,*,*,*,*,*,*,*,*,*,1,1,*,*,*,*,*,*,*,*,*,*,*,*,*,*,*
533415983,0,,,4,4,0,0,0,0,4,4,0,1,1,0,4,4,0,4,4,0,3,3,0,1,1,0,1,1,0,0,0,0,0,0,0,4,4,4,0,0,0,0,0,0,0,0,0,0,3,0,3,0
533415991,2,533415992,,6,3,3,*,*,*,*,*,*,*,*,*,*,*,*,*,*,*,*,*,*,*,*,*,*,*,*,*,*,*,*,*,*,3,3,*,*,*,*,*,*,*,*,*,*,*,*,*,*,*
533415992,1,,533415991,17,7,10,1,1,0,22,9,13,14,7,7,21,9,12,21,9,12,8,2,6,3,0,3,1,0,1,1,0,1,1,1,0,6,6,3,1,2,3,0,0,0,6,3,3,1,6,1,1,0
533415993,2,533415994,,7,4,3,*,*,*,*,*,*,*,*,*,*,*,*,*,*,*,*,*,*,*,*,*,*,*,*,*,*,*,*,*,*,1,1,*,*,*,*,*,*,*,*,*,*,*,*,*,*,*
533415994,1,,533415993,82,38,44,8,4,4,81,38,43,32,16,16,78,37,41,77,37,40,49,22,27,22,11,11,8,2,6,3,0,3,0,0,0,31,31,7,13,4,2,1,4,1,25,16,9,2,28,0,6,9
533416002,1,,533416004;533416011;533416013,11,6,5,0,0,0,20,9,11,10,5,5,20,9,11,20,9,11,10,4,6,6,2,4,3,1,2,1,0,1,0,0,0,5,5,2,2,2,2,0,0,0,6,3,3,0,7,0,2,0
533416004,2,533416002,,2,0,2,*,*,*,*,*,*,*,*,*,*,*,*,*,*,*,*,*,*,*,*,*,*,*,*,*,*,*,*,*,*,1,1,*,*,*,*,*,*,*,*,*,*,*,*,*,*,*
533416011,2,533416002,,3,1,2,*,*,*,*,*,*,*,*,*,*,*,*,*,*,*,*,*,*,*,*,*,*,*,*,*,*,*,*,*,*,1,1,*,*,*,*,*,*,*,*,*,*,*,*,*,*,*
533416013,2,533416002,,4,2,2,*,*,*,*,*,*,*,*,*,*,*,*,*,*,*,*,*,*,*,*,*,*,*,*,*,*,*,*,*,*,1,1,*,*,*,*,*,*,*,*,*,*,*,*,*,*,*
533416022,0,,,12,7,5,1,1,0,11,6,5,10,5,5,11,6,5,10,5,5,1,1,0,1,1,0,0,0,0,0,0,0,0,0,0,4,4,1,1,0,1,1,0,0,3,2,1,1,1,0,0,0
533416031,0,,,112,55,57,5,3,2,107,52,55,62,36,26,104,50,54,102,48,54,45,16,29,28,9,19,10,1,9,0,0,0,0,0,0,46,46,13,13,10,7,3,0,0,33,24,9,0,31,3,6,4
533416032,1,,533416034,39,17,22,0,0,0,44,19,25,22,9,13,44,19,25,44,19,25,22,10,12,14,6,8,5,2,3,0,0,0,1,0,1,15,15,3,8,4,2,1,0,0,15,10,5,0,16,0,3,5
533416033,0,,,246,115,131,33,15,18,213,100,113,134,66,68,206,96,110,204,95,109,79,34,45,40,13,27,15,6,9,0,0,0,1,1,0,93,93,24,24,18,21,3,2,1,69,51,18,9,54,3,15,12
533416034,2,533416032,,5,2,3,*,*,*,*,*,*,*,*,*,*,*,*,*,*,*,*,*,*,*,*,*,*,*,*,*,*,*,*,*,*,3,3,*,*,*,*,*,*,*,*,*,*,*,*,*,*,*
533416041,0,,,30,14,16,0,0,0,30,14,16,14,6,8,29,14,15,28,14,14,16,8,8,7,3,4,3,1,2,0,0,0,0,0,0,9,9,1,2,2,2,1,1,0,8,4,4,0,9,0,1,2
533416042,0,,,56,26,30,3,2,1,53,24,29,32,16,16,53,24,29,53,24,29,21,8,13,19,7,12,10,5,5,0,0,0,0,0,0,18,18,4,4,2,4,2,2,0,14,5,9,0,14,0,2,1
533416043,1,,533416044,40,21,19,1,0,1,41,22,19,25,16,9,39,20,19,39,20,19,16,6,10,5,1,4,1,0,1,1,0,1,0,0,0,16,16,1,12,2,1,0,0,1,16,13,3,0,10,0,0,4
533416044,2,533416043,,2,1,1,*,*,*,*,*,*,*,*,*,*,*,*,*,*,*,*,*,*,*,*,*,*,*,*,*,*,*,*,*,*,1,1,*,*,*,*,*,*,*,*,*,*,*,*,*,*,*
533416051,0,,,52,25,27,2,0,2,50,25,25,25,11,14,49,25,24,49,25,24,25,14,11,13,6,7,9,4,5,0,0,0,0,0,0,20,20,5,5,7,0,2,1,0,15,10,5,1,16,0,4,2
533416052,0,,,25,15,10,0,0,0,25,15,10,14,8,6,24,14,10,24,14,10,11,7,4,6,3,3,2,1,1,0,0,0,0,0,0,10,10,2,3,3,2,0,0,0,8,7,1,0,9,0,2,1
533416122,2,533416131,,4,2,2,*,*,*,*,*,*,*,*,*,*,*,*,*,*,*,*,*,*,*,*,*,*,*,*,*,*,*,*,*,*,2,2,*,*,*,*,*,*,*,*,*,*,*,*,*,*,*
533416131,1,,533416122,25,13,12,4,2,2,25,13,12,11,4,7,24,12,12,24,12,12,14,9,5,6,3,3,2,0,2,0,0,0,0,0,0,12,12,7,3,2,1,0,1,0,7,4,3,0,10,1,5,2
533416132,0,,,80,37,43,6,2,4,74,35,39,37,18,19,71,34,37,70,34,36,37,17,20,21,8,13,6,1,5,1,1,0,0,0,0,29,29,5,12,6,1,3,1,1,24,15,9,2,21,0,3,8
533416133,0,,,206,96,110,18,10,8,188,86,102,126,57,69,184,84,100,178,82,96,62,29,33,27,9,18,10,4,6,1,1,0,0,0,0,80,80,15,28,21,10,4,2,0,65,54,11,6,41,0,7,9
533416134,0,,,112,55,57,24,12,12,88,43,45,48,23,25,86,42,44,86,42,44,40,20,20,23,11,12,9,4,5,1,0,1,0,0,0,38,38,5,15,7,4,3,3,1,33,26,7,4,25,0,3,8
533416141,0,,,52,26,26,8,4,4,44,22,22,21,10,11,42,20,22,41,20,21,23,12,11,15,8,7,3,1,2,0,0,0,0,0,0,18,18,5,4,4,1,1,3,0,13,10,3,2,15,0,5,2
533416151,2,533416153,,7,5,2,*,*,*,*,*,*,*,*,*,*,*,*,*,*,*,*,*,*,*,*,*,*,*,*,*,*,*,*,*,*,3,3,*,*,*,*,*,*,*,*,*,*,*,*,*,*,*
533416152,0,,,29,15,14,0,0,0,29,15,14,9,7,2,29,15,14,29,15,14,20,8,12,16,7,9,7,4,3,1,1,0,0,0,0,15,15,7,4,3,0,1,0,0,8,5,3,0,13,0,6,3
533416153,1,,533416151,3,1,2,0,0,0,10,6,4,4,4,0,10,6,4,10,6,4,6,2,4,4,1,3,2,1,1,0,0,0,0,0,0,2,2,2,2,0,1,0,0,0,3,3,0,0,4,0,1,1
533416182,0,,,16,6,10,0,0,0,16,6,10,9,3,6,15,6,9,15,6,9,7,3,4,1,0,1,0,0,0,0,0,0,0,0,0,6,6,0,5,0,0,0,1,0,6,5,1,0,4,0,0,3
533416184,0,,,13,6,7,0,0,0,13,6,7,8,4,4,13,6,7,13,6,7,5,2,3,1,0,1,0,0,0,0,0,0,0,0,0,5,5,1,1,2,1,0,0,0,4,2,2,0,4,0,1,1
533416191,2,533416193,,11,6,5,*,*,*,*,*,*,*,*,*,*,*,*,*,*,*,*,*,*,*,*,*,*,*,*,*,*,*,*,*,*,3,3,*,*,*,*,*,*,*,*,*,*,*,*,*,*,*
533416193,1,,533416191,4,3,1,2,1,1,13,8,5,7,5,2,13,8,5,13,8,5,6,3,3,0,0,0,0,0,0,0,0,0,0,0,0,2,2,1,1,2,0,0,1,0,4,3,1,1,3,0,0,1
533416202,1,,533416204,19,12,7,0,0,0,20,13,7,7,5,2,20,13,7,20,13,7,13,8,5,5,4,1,4,4,0,0,0,0,0,0,0,10,10,5,3,3,0,0,0,0,6,6,0,0,10,0,5,1
533416204,2,533416202,,1,1,0,*,*,*,*,*,*,*,*,*,*,*,*,*,*,*,*,*,*,*,*,*,*,*,*,*,*,*,*,*,*,1,1,*,*,*,*,*,*,*,*,*,*,*,*,*,*,*
533416212,0,,,14,8,6,2,2,0,12,6,6,9,5,4,12,6,6,12,6,6,3,1,2,2,1,1,1,0,1,0,0,0,0,0,0,6,6,1,3,1,1,0,0,0,5,5,0,1,2,0,0,1
533416214,1,,533416312,85,38,47,9,7,2,89,39,50,53,25,28,82,37,45,82,37,45,36,14,22,20,5,15,8,3,5,1,0,1,0,0,0,27,27,3,7,8,5,2,2,2,26,10,16,2,24,0,3,2
533416221,0,,,84,36,48,10,3,7,74,33,41,41,21,20,70,32,38,69,31,38,33,12,21,17,6,11,6,1,5,2,0,2,0,0,0,27,27,4,7,6,5,3,1,1,23,13,10,2,22,0,4,3
533416222,0,,,60,24,36,5,2,3,55,22,33,31,14,17,55,22,33,55,22,33,24,8,16,15,5,10,6,1,5,1,0,1,0,0,0,21,21,5,5,6,1,2,1,1,16,8,8,2,16,0,4,3
533416223,0,,,263,130,133,27,12,15,236,118,118,147,77,70,225,110,115,217,105,112,89,41,48,45,19,26,16,6,10,2,0,2,0,0,0,95,95,16,33,21,13,6,6,0,79,63,16,6,56,0,11,19
533416224,0,,,19,13,6,2,2,0,17,11,6,5,4,1,17,11,6,17,11,6,12,7,5,8,5,3,3,2,1,1,1,0,0,0,0,6,6,2,1,1,0,1,0,1,4,2,2,0,5,0,1,1
533416231,0,,,222,110,112,25,14,11,192,93,99,156,80,76,183,88,95,177,88,89,36,13,23,23,7,16,10,4,6,0,0,0,1,0,1,95,95,31,26,22,10,3,3,0,62,54,8,10,28,4,8,3
533416232,2,533416234,,4,2,2,*,*,*,*,*,*,*,*,*,*,*,*,*,*,*,*,*,*,*,*,*,*,*,*,*,*,*,*,*,*,1,1,*,*,*,*,*,*,*,*,*,*,*,*,*,*,*
533416234,1,,533416232,182,91,91,39,20,19,141,70,71,133,66,67,131,66,65,123,62,61,8,4,4,2,0,2,0,0,0,0,0,0,2,1,1,67,67,15,15,17,15,6,0,0,53,50,3,9,7,2,1,2
533416243,1,,533416341,145,71,74,18,6,12,139,68,71,68,35,33,135,66,69,134,66,68,71,33,38,31,15,16,10,5,5,2,1,1,0,0,0,51,51,12,19,8,9,4,2,2,44,28,16,3,45,0,9,12
533416244,0,,,33,16,17,3,2,1,30,14,16,14,8,6,29,13,16,29,13,16,16,6,10,12,5,7,4,2,2,0,0,0,0,0,0,14,14,3,6,3,1,1,0,0,11,8,3,0,11,0,3,3
533416254,1,,533416263,16,7,9,2,0,2,17,8,9,5,4,1,16,7,9,16,7,9,12,4,8,7,2,5,4,1,3,1,0,1,0,0,0,6,6,3,3,1,0,0,0,1,5,4,1,0,8,0,3,2
533416263,2,533416254,,3,1,2,*,*,*,*,*,*,*,*,*,*,*,*,*,*,*,*,*,*,*,*,*,*,*,*,*,*,*,*,*,*,2,2,*,*,*,*,*,*,*,*,*,*,*,*,*,*,*
533416283,0,,,11,5,6,2,1,1,9,4,5,5,2,3,9,4,5,9,4,5,4,2,2,0,0,0,0,0,0,0,0,0,0,0,0,4,4,1,2,0,0,0,1,0,3,2,1,0,2,0,0,1
533416284,0,,,41,20,21,6,1,5,35,19,16,18,10,8,35,19,16,34,18,16,17,9,8,7,3,4,4,1,3,1,0,1,0,0,0,16,16,5,3,4,2,2,0,0,11,10,1,2,11,0,5,2
533416294,0,,,25,12,13,2,1,1,23,11,12,14,7,7,22,11,11,21,11,10,9,4,5,6,3,3,1,0,1,0,0,0,0,0,0,6,6,0,0,4,0,1,0,1,6,4,2,0,5,0,0,0
533416312,2,533416214,,13,8,5,*,*,*,*,*,*,*,*,*,*,*,*,*,*,*,*,*,*,*,*,*,*,*,*,*,*,*,*,*,*,2,2,*,*,*,*,*,*,*,*,*,*,*,*,*,*,*
533416323,0,,,132,65,67,17,11,6,115,54,61,61,29,32,115,54,61,115,54,61,54,25,29,36,15,21,10,5,5,3,1,2,0,0,0,54,54,15,18,10,7,2,1,1,39,26,13,5,39,0,10,12
533416341,2,533416243,,12,3,9,*,*,*,*,*,*,*,*,*,*,*,*,*,*,*,*,*,*,*,*,*,*,*,*,*,*,*,*,*,*,5,5,*,*,*,*,*,*,*,*,*,*,*,*,*,*,*
533416352,0,,,16,7,9,0,0,0,16,7,9,7,3,4,16,7,9,16,7,9,9,4,5,5,2,3,3,1,2,1,0,1,0,0,0,7,7,2,2,2,1,0,0,0,5,4,1,0,6,0,2,1
533416382,1,,533416384,67,30,37,8,3,5,68,31,37,30,13,17,68,31,37,68,31,37,38,18,20,21,10,11,10,4,6,0,0,0,0,0,0,23,23,2,10,7,7,1,0,0,25,19,6,2,21,0,2,6
533416384,2,533416382,,9,4,5,*,*,*,*,*,*,*,*,*,*,*,*,*,*,*,*,*,*,*,*,*,*,*,*,*,*,*,*,*,*,4,4,*,*,*,*,*,*,*,*,*,*,*,*,*,*,*
533416392,0,,,52,25,27,4,2,2,48,23,25,22,11,11,48,23,25,48,23,25,26,12,14,14,5,9,8,2,6,0,0,0,0,0,0,17,17,3,4,3,4,2,1,0,14,6,8,2,16,0,3,1
533416394,0,,,65,31,34,12,5,7,53,26,27,37,16,21,51,26,25,51,26,25,16,10,6,4,2,2,1,1,0,0,0,0,0,0,0,28,28,8,11,4,3,1,1,0,19,18,1,2,12,1,2,7
533416411,0,,,15,8,7,5,4,1,10,4,6,8,4,4,10,4,6,10,4,6,2,0,2,2,0,2,1,0,1,0,0,0,0,0,0,5,5,1,1,1,1,1,0,0,4,3,1,1,2,0,1,0
533416412,0,,,74,37,37,9,5,4,65,32,33,36,17,19,62,30,32,61,29,32,29,15,14,13,8,5,4,2,2,1,1,0,4,0,4,31,31,11,7,6,4,3,0,0,20,17,3,1,18,4,6,6
533416413,0,,,62,28,34,10,5,5,52,23,29,34,13,21,51,23,28,49,23,26,18,10,8,2,1,1,1,0,1,0,0,0,9,0,9,27,27,14,4,2,4,1,1,1,13,10,3,3,11,8,4,2
533416414,0,,,99,44,55,10,7,3,87,36,51,59,22,37,87,36,51,82,36,46,28,14,14,16,7,9,6,1,5,0,0,0,9,0,9,44,43,19,12,3,7,2,0,0,24,21,3,4,17,4,4,7
533416461,2,533416463,,8,3,5,*,*,*,*,*,*,*,*,*,*,*,*,*,*,*,*,*,*,*,*,*,*,*,*,*,*,*,*,*,*,3,3,*,*,*,*,*,*,*,*,*,*,*,*,*,*,*
533416463,1,,533416461,57,29,28,4,2,2,61,30,31,31,15,16,59,29,30,57,28,29,30,15,15,9,3,6,4,2,2,1,1,0,0,0,0,20,20,2,7,8,5,1,0,0,21,15,6,1,20,0,2,2
533416481,2,533416482,,6,3,3,*,*,*,*,*,*,*,*,*,*,*,*,*,*,*,*,*,*,*,*,*,*,*,*,*,*,*,*,*,*,2,2,*,*,*,*,*,*,*,*,*,*,*,*,*,*,*
533416482,1,,533416481,93,41,52,8,3,5,91,41,50,65,32,33,88,38,50,87,37,50,26,9,17,9,1,8,3,0,3,0,0,0,0,0,0,33,33,6,12,6,6,3,2,0,29,23,6,1,20,0,3,7
533416484,0,,,41,15,26,9,1,8,32,14,18,15,6,9,32,14,18,32,14,18,17,8,9,8,4,4,2,1,1,0,0,0,0,0,0,11,11,1,4,1,1,1,2,1,10,6,4,2,9,0,1,4
533416491,0,,,24,10,14,6,2,4,18,8,10,10,5,5,17,8,9,17,8,9,8,3,5,3,1,2,0,0,0,0,0,0,0,0,0,8,8,1,2,2,2,1,0,0,7,6,1,0,5,0,1,1
533416492,0,,,53,23,30,12,5,7,41,18,23,23,10,13,38,16,22,37,15,22,18,8,10,9,5,4,1,1,0,0,0,0,0,0,0,20,20,4,9,1,2,4,0,0,16,14,2,2,11,0,3,7
533416493,0,,,365,168,197,49,17,32,316,151,165,191,96,95,307,144,163,302,143,159,125,55,70,53,24,29,15,6,9,4,0,4,1,0,1,134,134,27,44,29,17,9,6,2,107,81,26,12,79,3,13,26
533416494,0,,,36,17,19,2,0,2,34,17,17,18,9,9,33,17,16,33,17,16,16,8,8,12,6,6,4,3,1,1,1,0,0,0,0,14,14,2,6,3,2,1,0,0,12,8,4,1,11,0,2,3
533416503,0,,,223,106,117,34,14,20,189,92,97,111,57,54,186,91,95,181,88,93,78,35,43,39,17,22,18,7,11,1,1,0,0,0,0,79,79,15,22,18,14,6,4,0,63,52,11,6,49,0,11,10
533416504,0,,,398,203,195,61,37,24,337,166,171,213,114,99,321,155,166,315,150,165,124,52,72,70,25,45,30,6,24,3,1,2,0,0,0,142,142,24,47,30,23,13,3,2,117,90,27,13,88,0,19,23
533416512,0,,,86,41,45,4,3,1,82,38,44,44,20,24,81,37,44,81,37,44,38,18,20,23,8,15,10,4,6,1,0,1,0,0,0,32,32,6,6,15,2,3,0,0,26,22,4,2,25,0,5,5
533416513,0,,,221,101,120,18,8,10,203,93,110,105,52,53,197,88,109,194,88,106,98,41,57,62,25,37,26,9,17,6,4,2,0,0,0,75,74,19,30,9,12,4,0,0,55,47,8,3,38,0,13,10
533416514,0,,,524,252,272,72,34,38,452,218,234,273,145,128,430,205,225,425,203,222,179,73,106,107,43,64,32,11,21,1,0,1,3,2,1,193,193,35,68,37,34,10,7,2,158,124,34,15,121,1,25,33
533416523,0,,,162,80,82,17,9,8,145,71,74,78,46,32,143,69,74,143,69,74,67,25,42,39,13,26,21,7,14,3,0,3,1,0,1,65,65,18,20,13,10,1,1,2,47,35,12,4,49,0,13,9
533416561,2,533416563,,5,3,2,*,*,*,*,*,*,*,*,*,*,*,*,*,*,*,*,*,*,*,*,*,*,*,*,*,*,*,*,*,*,2,2,*,*,*,*,*,*,*,*,*,*,*,*,*,*,*
533416563,1,,533416561,19,9,10,0,0,0,24,12,12,14,7,7,23,11,12,23,11,12,10,5,5,3,1,2,1,0,1,0,0,0,0,0,0,6,6,0,3,2,3,0,0,0,8,7,1,0,5,0,0,1
533416564,0,,,86,38,48,9,2,7,77,36,41,49,23,26,70,33,37,68,31,37,28,13,15,11,5,6,4,3,1,0,0,0,1,0,1,29,29,3,11,6,5,2,1,1,26,20,6,3,17,0,1,6
533416571,1,,533416572,17,8,9,1,0,1,17,9,8,6,2,4,17,9,8,17,9,8,11,7,4,5,2,3,2,1,1,0,0,0,1,0,1,8,8,3,4,1,1,0,0,0,6,5,1,0,7,0,2,4
533416572,2,533416571,,1,1,0,*,*,*,*,*,*,*,*,*,*,*,*,*,*,*,*,*,*,*,*,*,*,*,*,*,*,*,*,*,*,1,1,*,*,*,*,*,*,*,*,*,*,*,*,*,*,*
533416573,1,,533416574,72,37,35,4,1,3,73,39,34,27,17,10,72,39,33,71,38,33,46,22,24,25,11,14,9,6,3,0,0,0,0,0,0,31,31,9,14,6,1,0,3,0,24,21,3,0,28,0,6,13
533416574,2,533416573,,5,3,2,*,*,*,*,*,*,*,*,*,*,*,*,*,*,*,*,*,*,*,*,*,*,*,*,*,*,*,*,*,*,2,2,*,*,*,*,*,*,*,*,*,*,*,*,*,*,*
533416584,0,,,73,18,55,0,0,0,73,18,55,1,1,0,73,18,55,73,18,55,72,17,55,70,16,54,52,8,44,15,0,15,0,0,0,2,0,0,0,0,0,0,0,0,0,0,0,0,0,0,0,0
533416591,0,,,336,163,173,43,18,25,293,145,148,172,90,82,282,140,142,279,140,139,121,55,66,57,21,36,20,6,14,2,0,2,0,0,0,125,124,29,43,21,13,13,3,2,95,77,18,10,76,1,18,22
533416592,0,,,389,193,196,30,13,17,359,180,179,196,106,90,349,173,176,342,167,175,163,74,89,91,36,55,39,11,28,2,0,2,4,0,4,155,155,41,51,31,15,11,4,2,114,85,29,2,109,0,28,21
533416593,0,,,124,50,74,21,8,13,103,42,61,69,29,40,94,37,57,90,36,54,34,13,21,24,7,17,5,0,5,0,0,0,0,0,0,44,44,7,16,9,6,3,2,1,37,30,7,3,24,0,5,6
533416594,0,,,897,437,460,110,65,45,787,372,415,396,200,196,764,362,402,758,360,398,391,172,219,210,80,130,82,24,58,9,2,7,4,1,3,348,348,79,129,66,42,15,11,6,269,217,52,22,250,4,57,78
533416601,0,,,35,16,19,5,1,4,30,15,15,23,13,10,29,14,15,29,14,15,7,2,5,3,1,2,2,1,1,0,0,0,0,0,0,13,13,5,1,2,4,0,1,0,8,5,3,1,6,0,2,0
533416602,0,,,10,4,6,0,0,0,10,4,6,8,3,5,9,4,5,9,4,5,2,1,1,0,0,0,0,0,0,0,0,0,0,0,0,5,5,1,3,1,0,0,0,0,4,4,0,0,1,0,0,1
533416611,0,,,314,151,163,69,34,35,245,117,128,191,94,97,226,109,117,218,105,113,54,23,31,35,13,22,14,6,8,0,0,0,0,0,0,102,102,15,21,28,22,13,2,1,85,68,17,15,37,0,5,8
533416612,0,,,607,242,365,88,42,46,514,197,317,389,148,241,420,185,235,394,179,215,125,49,76,67,23,44,26,6,20,3,0,3,0,0,0,200,199,56,49,37,37,14,3,3,141,113,28,26,86,7,18,13
533416613,0,,,143,73,70,17,8,9,126,65,61,72,41,31,123,63,60,120,62,58,54,24,30,26,11,15,5,1,4,1,1,0,1,1,0,42,42,5,11,8,5,8,4,1,36,23,13,6,35,0,5,6
533416614,0,,,240,115,125,48,25,23,190,89,101,128,65,63,184,85,99,176,83,93,62,24,38,34,13,21,5,1,4,0,0,0,3,2,1,93,93,25,28,17,12,7,3,1,67,54,13,13,40,2,8,14
533416621,0,,,403,207,196,44,26,18,359,181,178,173,91,82,353,178,175,347,176,171,186,90,96,92,46,46,28,14,14,1,1,0,1,0,1,183,183,68,65,24,8,10,5,3,115,94,21,12,128,7,41,40
533416622,0,,,191,81,110,19,7,12,172,74,98,96,45,51,169,73,96,169,73,96,76,29,47,41,15,26,11,2,9,0,0,0,2,0,2,74,74,19,23,15,9,4,3,1,54,37,17,3,53,0,13,12
533416623,0,,,697,343,354,101,59,42,594,282,312,431,205,226,572,270,302,548,265,283,163,77,86,84,36,48,24,9,15,4,2,2,12,5,7,310,310,125,79,46,37,13,8,2,182,156,26,23,110,24,36,26
533416624,0,,,591,274,317,75,43,32,514,230,284,331,156,175,507,224,283,499,222,277,183,74,109,98,31,67,32,11,21,2,1,1,13,4,9,255,255,78,90,38,33,12,2,2,173,139,34,23,127,7,33,28
533416631,0,,,13,6,7,0,0,0,13,6,7,7,3,4,13,6,7,13,6,7,6,3,3,2,0,2,2,0,2,0,0,0,0,0,0,5,5,1,1,2,1,0,0,0,4,1,3,0,4,0,0,0
533416633,0,,,12,4,8,0,0,0,12,4,8,7,3,4,12,4,8,12,4,8,5,1,4,5,1,4,1,0,1,0,0,0,0,0,0,5,5,0,4,0,1,0,0,0,5,4,1,0,4,0,0,1
533416643,2,533416732,,8,5,3,*,*,*,*,*,*,*,*,*,*,*,*,*,*,*,*,*,*,*,*,*,*,*,*,*,*,*,*,*,*,2,2,*,*,*,*,*,*,*,*,*,*,*,*,*,*,*
533416653,0,,,10,5,5,0,0,0,10,5,5,4,3,1,10,5,5,10,5,5,6,2,4,3,1,2,1,0,1,0,0,0,0,0,0,4,4,1,1,1,1,0,0,0,3,2,1,0,4,0,1,1
533416671,0,,,33,16,17,0,0,0,33,16,17,13,8,5,33,16,17,33,16,17,20,8,12,10,3,7,8,3,5,1,0,1,0,0,0,15,15,5,5,3,1,1,0,0,10,8,2,0,13,0,4,2
533416672,0,,,90,48,42,7,6,1,83,42,41,62,32,30,78,39,39,74,37,37,21,10,11,13,6,7,6,3,3,0,0,0,0,0,0,30,30,3,11,6,5,3,2,0,26,20,6,0,14,0,1,3
533416681,0,,,88,41,47,14,3,11,74,38,36,48,25,23,71,36,35,69,35,34,26,13,13,10,6,4,3,1,2,0,0,0,0,0,0,38,38,13,11,7,4,2,1,0,25,21,4,2,21,0,9,6
533416682,0,,,232,71,161,23,13,10,209,58,151,66,24,42,204,57,147,202,57,145,143,34,109,128,26,102,91,16,75,17,3,14,2,0,2,53,50,18,18,5,6,3,0,0,32,31,1,6,17,0,8,6
533416683,0,,,93,51,42,0,0,0,93,51,42,93,51,42,93,51,42,93,51,42,0,0,0,0,0,0,0,0,0,0,0,0,0,0,0,1,0,0,0,0,0,0,0,0,0,0,0,0,0,0,0,0
533416691,0,,,93,42,51,14,7,7,79,35,44,53,27,26,71,31,40,71,31,40,26,8,18,10,2,8,2,0,2,1,0,1,0,0,0,35,35,6,12,10,4,1,2,0,29,26,3,3,19,0,3,5
533416692,0,,,905,460,445,126,55,71,773,400,373,578,308,270,749,386,363,740,380,360,195,92,103,85,36,49,20,7,13,1,0,1,42,38,4,384,381,138,100,65,48,22,6,2,240,204,36,41,129,45,33,43
533416693,0,,,81,41,40,12,7,5,69,34,35,44,23,21,65,31,34,65,31,34,25,11,14,14,6,8,5,2,3,0,0,0,5,0,5,32,32,8,12,4,5,2,0,1,24,20,4,4,17,4,2,4
533416694,0,,,25,11,14,3,2,1,22,9,13,19,7,12,21,9,12,21,9,12,3,2,1,1,1,0,0,0,0,0,0,0,1,1,0,13,13,7,3,1,1,1,0,0,6,6,0,0,2,0,1,0
533416712,0,,,22,11,11,2,1,1,20,10,10,9,6,3,18,8,10,18,8,10,11,4,7,7,2,5,2,0,2,1,0,1,0,0,0,8,8,1,3,3,0,0,1,0,7,6,1,0,7,0,1,1
533416714,0,,,178,89,89,32,18,14,146,71,75,102,52,50,138,68,70,134,66,68,44,19,25,26,12,14,6,2,4,0,0,0,5,4,1,59,59,6,21,9,15,5,3,0,51,41,10,5,29,0,6,12
533416721,0,,,559,284,275,125,69,56,432,213,219,346,172,174,414,204,210,410,201,209,86,41,45,42,15,27,11,5,6,1,0,1,2,1,1,217,217,59,61,45,30,13,5,4,154,130,24,49,62,6,11,14
533416722,0,,,228,113,115,40,19,21,187,94,93,126,65,61,177,90,87,175,89,86,61,29,32,26,11,15,10,4,6,2,0,2,0,0,0,84,84,19,25,17,13,8,0,2,65,53,12,13,42,4,7,10
533416723,0,,,304,155,149,53,25,28,250,129,121,189,99,90,231,118,113,226,114,112,61,30,31,27,14,13,5,3,2,0,0,0,2,2,0,99,99,15,29,12,25,14,3,1,84,68,16,4,36,2,4,10
533416724,0,,,232,112,120,45,23,22,186,89,97,127,62,65,180,88,92,178,88,90,59,27,32,25,12,13,4,1,3,0,0,0,0,0,0,85,85,14,32,17,12,7,2,1,70,64,6,10,38,0,6,15
533416731,0,,,25,9,16,1,0,1,24,9,15,12,6,6,22,8,14,21,7,14,12,3,9,7,1,6,4,1,3,1,0,1,0,0,0,9,9,1,3,3,1,1,0,0,8,6,2,0,7,0,1,0
533416732,1,,533416643,192,89,103,24,14,10,176,80,96,99,49,50,168,74,94,166,73,93,77,31,46,41,12,29,17,3,14,1,0,1,0,0,0,57,57,6,14,18,8,4,3,6,53,31,22,4,50,0,5,8
533416733,0,,,193,92,101,19,7,12,174,85,89,95,46,49,166,79,87,165,78,87,79,39,40,39,17,22,15,6,9,1,0,1,0,0,0,74,74,15,27,14,10,6,2,0,58,43,15,5,54,1,11,16
533416734,0,,,62,27,35,7,2,5,55,25,30,30,14,16,54,25,29,53,25,28,25,11,14,14,5,9,9,3,6,1,0,1,0,0,0,20,20,2,8,4,2,1,2,1,17,11,6,2,17,0,1,3
533416741,0,,,93,48,45,9,6,3,84,42,42,43,22,21,81,40,41,77,37,40,41,20,21,21,12,9,4,1,3,2,0,2,0,0,0,31,31,5,14,2,3,1,5,1,26,19,7,1,26,0,4,10
533416743,0,,,36,18,18,4,2,2,32,16,16,16,8,8,31,15,16,31,15,16,16,8,8,9,4,5,3,1,2,0,0,0,0,0,0,15,15,3,7,2,2,1,0,0,12,10,2,1,11,0,2,5
533416751,0,,,45,23,22,1,1,0,44,22,22,23,11,12,44,22,22,44,22,22,21,11,10,14,6,8,6,3,3,0,0,0,0,0,0,15,15,1,4,7,1,1,1,0,14,8,6,1,12,0,0,2
533416753,0,,,22,12,10,0,0,0,22,12,10,10,5,5,22,12,10,22,12,10,12,7,5,10,5,5,2,1,1,0,0,0,0,0,0,8,8,2,1,2,3,0,0,0,6,3,3,0,6,0,1,1
533416764,0,,,75,37,38,4,2,2,71,35,36,40,22,18,69,34,35,68,34,34,31,13,18,18,6,12,9,3,6,0,0,0,0,0,0,24,24,5,7,5,0,3,2,2,19,10,9,2,22,0,5,6
533416772,2,533416774,,5,3,2,*,*,*,*,*,*,*,*,*,*,*,*,*,*,*,*,*,*,*,*,*,*,*,*,*,*,*,*,*,*,1,1,*,*,*,*,*,*,*,*,*,*,*,*,*,*,*
533416773,0,,,135,64,71,18,10,8,117,54,63,61,32,29,112,51,61,110,49,61,56,22,34,33,12,21,12,2,10,1,0,1,0,0,0,44,44,6,12,12,8,2,2,2,38,23,15,5,37,0,5,7
533416774,1,,533416772,99,53,46,13,6,7,90,49,41,56,33,23,86,48,38,86,48,38,34,16,18,18,7,11,5,2,3,0,0,0,0,0,0,33,33,5,10,7,5,4,3,0,28,16,12,1,23,1,2,1
533416781,2,533416783,,4,2,2,*,*,*,*,*,*,*,*,*,*,*,*,*,*,*,*,*,*,*,*,*,*,*,*,*,*,*,*,*,*,2,2,*,*,*,*,*,*,*,*,*,*,*,*,*,*,*
533416782,0,,,50,22,28,0,0,0,50,22,28,18,7,11,49,22,27,49,22,27,32,15,17,11,4,7,2,1,1,0,0,0,0,0,0,24,24,6,12,5,0,1,0,0,18,15,3,0,20,0,6,8
533416783,1,,533416781,35,14,21,6,1,5,33,15,18,17,9,8,32,15,17,31,14,17,16,6,10,5,1,4,2,0,2,1,0,1,0,0,0,10,10,2,4,2,1,0,2,1,10,5,5,1,10,0,2,4
533416784,0,,,156,70,86,18,7,11,137,62,75,94,43,51,137,62,75,135,62,73,43,19,24,21,9,12,7,1,6,0,0,0,0,0,0,70,70,30,15,11,10,1,3,0,40,29,11,3,32,1,10,6
533416791,1,,533416792,87,45,42,18,12,6,151,78,73,90,47,43,141,74,67,137,72,65,61,31,30,27,15,12,7,4,3,0,0,0,0,0,0,30,30,4,10,8,6,2,1,2,29,21,8,4,24,0,3,6
533416792,2,533416791,,82,45,37,*,*,*,*,*,*,*,*,*,*,*,*,*,*,*,*,*,*,*,*,*,*,*,*,*,*,*,*,*,*,5,3,*,*,*,*,*,*,*,*,*,*,*,*,*,*,*
533416793,0,,,32,14,18,3,1,2,29,13,16,21,7,14,29,13,16,29,13,16,8,6,2,4,3,1,1,1,0,0,0,0,0,0,0,11,10,2,2,4,2,0,0,0,8,6,2,1,6,0,1,1
533416794,0,,,161,74,87,13,5,8,148,69,79,94,47,47,143,67,76,142,67,75,54,22,32,28,6,22,18,4,14,0,0,0,0,0,0,52,52,7,14,10,13,5,2,1,44,23,21,4,34,0,2,7
533416812,1,,533416813,47,26,21,14,7,7,37,21,16,34,20,14,33,18,15,32,17,15,3,1,2,1,1,0,0,0,0,0,0,0,0,0,0,13,13,0,2,3,7,2,0,0,14,12,2,4,2,0,0,0
533416813,2,533416812,,4,2,2,*,*,*,*,*,*,*,*,*,*,*,*,*,*,*,*,*,*,*,*,*,*,*,*,*,*,*,*,*,*,1,1,*,*,*,*,*,*,*,*,*,*,*,*,*,*,*
533416821,0,,,183,87,96,20,11,9,163,76,87,107,51,56,159,75,84,157,75,82,56,25,31,22,8,14,13,4,9,0,0,0,1,0,1,67,67,7,27,18,11,2,1,1,59,45,14,2,34,1,2,8
533416831,0,,,38,17,21,6,2,4,32,15,17,31,15,16,31,15,16,30,14,16,1,0,1,0,0,0,0,0,0,0,0,0,0,0,0,18,18,8,3,5,1,1,0,0,10,10,0,4,1,2,1,0
533416832,0,,,290,149,141,33,20,13,257,129,128,145,82,63,249,123,126,245,121,124,112,47,65,56,19,37,24,7,17,2,1,1,1,0,1,102,102,17,30,27,15,6,7,0,84,59,25,4,68,0,13,18
533416834,0,,,194,92,102,39,18,21,155,74,81,117,56,61,148,71,77,146,71,75,38,18,20,22,12,10,6,2,4,0,0,0,0,0,0,62,62,10,14,12,13,10,3,0,52,37,15,11,28,2,3,3
533416841,0,,,129,65,64,9,6,3,120,59,61,66,36,30,117,57,60,116,56,60,54,23,31,28,9,19,8,5,3,2,2,0,0,0,0,52,52,12,18,12,7,1,2,0,39,30,9,1,36,0,7,9
533416843,0,,,216,104,112,41,20,21,175,84,91,118,60,58,166,80,86,163,77,86,57,24,33,30,12,18,5,3,2,1,0,1,0,0,0,78,78,14,23,22,12,2,3,2,63,53,10,15,35,1,7,12
533416844,0,,,81,47,34,12,9,3,69,38,31,55,28,27,66,37,29,65,36,29,14,10,4,7,5,2,1,0,1,0,0,0,0,0,0,28,28,4,7,10,4,2,0,1,24,20,4,3,11,1,2,2
533416851,0,,,35,16,19,2,0,2,33,16,17,17,9,8,32,15,17,30,13,17,16,7,9,8,3,5,6,2,4,0,0,0,0,0,0,14,14,3,5,3,2,1,0,0,11,10,1,0,11,0,2,2
533416852,0,,,19,11,8,2,2,0,17,9,8,8,4,4,17,9,8,16,8,8,9,5,4,2,1,1,0,0,0,0,0,0,0,0,0,6,6,0,3,1,1,0,1,0,6,4,2,1,6,0,0,3
533416853,0,,,123,65,58,9,5,4,114,60,54,71,40,31,110,58,52,108,56,52,43,20,23,21,8,13,10,5,5,1,0,1,0,0,0,40,40,5,12,10,7,2,2,2,35,21,14,1,29,0,2,6
533416861,2,533416863,,3,1,2,*,*,*,*,*,*,*,*,*,*,*,*,*,*,*,*,*,*,*,*,*,*,*,*,*,*,*,*,*,*,2,2,*,*,*,*,*,*,*,*,*,*,*,*,*,*,*
533416862,0,,,71,37,34,6,4,2,65,33,32,41,23,18,65,33,32,65,33,32,24,10,14,17,7,10,9,2,7,0,0,0,0,0,0,26,26,6,5,9,4,1,0,1,20,15,5,1,15,1,1,4
533416863,1,,533416861;533416962,107,48,59,8,1,7,138,62,76,47,24,23,134,60,74,133,59,74,91,38,53,72,28,44,43,14,29,7,3,4,0,0,0,40,40,11,20,2,6,3,2,1,34,23,11,1,40,0,10,15
533416871,0,,,51,24,27,12,3,9,39,21,18,34,18,16,37,20,17,37,20,17,5,3,2,1,1,0,1,1,0,0,0,0,0,0,0,18,18,2,7,4,3,1,1,0,16,14,2,2,4,0,0,1
533416872,0,,,13,6,7,2,1,1,11,5,6,5,2,3,10,5,5,10,5,5,6,3,3,3,2,1,1,1,0,0,0,0,0,0,0,4,4,0,2,0,1,1,0,0,4,3,1,0,3,0,0,2
533416874,0,,,56,28,28,7,4,3,49,24,25,28,15,13,48,24,24,47,24,23,21,9,12,13,5,8,2,0,2,0,0,0,0,0,0,20,20,2,7,6,4,0,1,0,18,14,4,0,13,0,1,5
533416881,0,,,66,31,35,10,3,7,56,28,28,37,19,18,53,28,25,53,28,25,19,9,10,11,6,5,5,3,2,0,0,0,1,0,1,20,20,0,2,11,6,1,0,0,20,17,3,0,10,0,0,2
533416882,0,,,9,5,4,0,0,0,9,5,4,6,3,3,9,5,4,9,5,4,3,2,1,1,1,0,0,0,0,0,0,0,0,0,0,4,4,1,1,2,0,0,0,0,3,3,0,0,2,0,0,0
533416883,0,,,128,64,64,22,11,11,106,53,53,67,37,30,103,50,53,102,50,52,39,16,23,21,8,13,6,3,3,0,0,0,0,0,0,40,40,4,15,8,5,3,3,2,35,22,13,5,28,0,3,6
533416891,0,,,89,47,42,7,5,2,82,42,40,41,23,18,81,41,40,80,40,40,41,19,22,18,8,10,5,2,3,0,0,0,0,0,0,31,31,5,10,6,7,1,1,1,26,16,10,2,24,0,2,8
533416892,0,,,131,61,70,18,10,8,113,51,62,86,39,47,111,51,60,108,50,58,27,12,15,9,2,7,6,2,4,0,0,0,1,0,1,44,44,6,13,12,6,4,2,1,38,29,9,7,17,0,3,3
533416893,0,,,52,25,27,7,3,4,45,22,23,21,12,9,43,21,22,43,21,22,24,10,14,14,7,7,5,1,4,1,0,1,0,0,0,14,14,1,3,3,3,1,2,1,13,5,8,3,13,0,1,2
533416894,0,,,116,54,62,21,9,12,95,45,50,64,32,32,93,44,49,92,44,48,31,13,18,16,4,12,6,2,4,0,0,0,1,0,1,43,43,9,12,10,10,1,0,1,33,29,4,5,19,0,5,3
533416902,2,533416904,,7,3,4,*,*,*,*,*,*,*,*,*,*,*,*,*,*,*,*,*,*,*,*,*,*,*,*,*,*,*,*,*,*,2,2,*,*,*,*,*,*,*,*,*,*,*,*,*,*,*
533416903,0,,,35,19,16,1,1,0,34,18,16,13,8,5,34,18,16,34,18,16,21,10,11,10,3,7,4,0,4,0,0,0,1,1,0,15,15,4,5,4,1,1,0,0,11,8,3,0,13,1,3,3
533416904,1,,533416902,56,28,28,5,2,3,58,29,29,34,16,18,56,28,28,55,27,28,24,13,11,14,7,7,5,2,3,0,0,0,0,0,0,21,21,3,9,7,1,2,0,1,20,16,4,1,16,0,2,2
533416911,0,,,16,7,9,1,0,1,15,7,8,11,5,6,14,7,7,14,7,7,4,2,2,3,2,1,0,0,0,0,0,0,0,0,0,5,5,1,0,2,1,1,0,0,4,1,3,0,2,0,0,0
533416913,0,,,49,19,30,4,2,2,45,17,28,28,10,18,43,17,26,42,17,25,17,7,10,7,2,5,2,1,1,0,0,0,0,0,0,20,20,5,5,7,2,1,0,0,15,11,4,0,12,0,3,2
533416914,0,,,59,25,34,8,4,4,51,21,30,33,12,21,49,21,28,47,20,27,18,9,9,9,2,7,8,2,6,0,0,0,0,0,0,17,17,2,6,2,1,3,1,2,15,9,6,2,12,0,1,1
533416921,0,,,31,13,18,7,2,5,24,11,13,15,7,8,24,11,13,24,11,13,9,4,5,5,2,3,1,0,1,0,0,0,0,0,0,7,7,0,3,1,0,1,0,2,7,4,3,1,6,0,0,1
533416922,0,,,17,9,8,0,0,0,17,9,8,11,6,5,17,9,8,17,9,8,6,3,3,3,1,2,1,0,1,0,0,0,0,0,0,7,7,2,2,1,2,0,0,0,5,4,1,0,4,0,1,2
533416923,0,,,111,58,53,8,3,5,103,55,48,58,32,26,99,52,47,94,48,46,45,23,22,24,12,12,11,6,5,0,0,0,1,0,1,34,34,3,11,4,9,4,3,0,30,19,11,0,28,0,3,9
533416924,0,,,66,33,33,7,4,3,59,29,30,32,18,14,53,26,27,52,26,26,27,11,16,14,6,8,5,3,2,0,0,0,0,0,0,23,23,6,5,6,1,3,1,1,17,14,3,0,18,0,6,2
533416931,0,,,17,8,9,0,0,0,17,8,9,6,3,3,17,8,9,16,7,9,11,5,6,3,2,1,0,0,0,0,0,0,0,0,0,8,8,2,4,1,1,0,0,0,6,5,1,0,7,0,2,3
533416932,0,,,93,49,44,25,15,10,68,34,34,54,26,28,61,31,30,59,30,29,14,8,6,5,4,1,0,0,0,0,0,0,0,0,0,28,28,2,7,7,7,2,3,0,26,24,2,5,9,0,1,2
533416933,0,,,68,31,37,7,4,3,61,27,34,34,18,16,61,27,34,61,27,34,27,9,18,18,4,14,5,0,5,4,0,4,0,0,0,21,21,3,6,4,2,4,1,1,18,8,10,3,18,0,2,3
533416934,0,,,46,24,22,2,0,2,44,24,20,20,13,7,44,24,20,44,24,20,24,11,13,14,6,8,4,2,2,0,0,0,0,0,0,20,20,5,9,4,0,1,1,0,14,12,2,0,15,0,4,6
533416941,0,,,476,224,252,92,47,45,382,176,206,260,121,139,358,163,195,351,160,191,122,55,67,47,21,26,9,1,8,0,0,0,3,1,2,178,178,40,50,39,35,10,0,4,138,118,20,24,81,5,22,25
533416942,0,,,64,32,32,6,5,1,58,27,31,33,18,15,56,26,30,55,25,30,25,9,16,16,6,10,5,1,4,0,0,0,0,0,0,23,23,4,9,3,4,1,2,0,19,13,6,2,16,0,1,5
533416943,0,,,330,150,180,30,17,13,300,133,167,172,81,91,290,129,161,285,128,157,128,52,76,60,25,35,18,6,12,1,1,0,1,0,1,126,126,25,44,31,12,11,1,2,101,80,21,8,82,0,17,23
533416944,0,,,72,32,40,10,7,3,62,25,37,41,16,25,61,25,36,60,25,35,21,9,12,14,7,7,4,1,3,0,0,0,10,0,10,29,29,11,6,3,7,0,2,0,18,13,5,3,12,6,1,4
533416951,0,,,179,83,96,25,15,10,154,68,86,71,35,36,145,67,78,141,63,78,83,33,50,55,20,35,33,8,25,5,0,5,0,0,0,42,41,2,14,7,6,3,2,7,39,23,16,4,33,0,2,8
533416952,0,,,12,6,6,1,0,1,11,6,5,3,2,1,11,6,5,11,6,5,8,4,4,4,2,2,1,0,1,0,0,0,0,0,0,5,5,1,2,1,1,0,0,0,4,3,1,0,4,0,0,2
533416953,1,,533416954,26,14,12,3,1,2,25,14,11,9,5,4,25,14,11,25,14,11,16,9,7,11,6,5,4,3,1,1,1,0,0,0,0,10,10,3,5,1,0,1,0,1,8,6,2,1,10,0,3,3
533416954,2,533416953,,2,1,1,*,*,*,*,*,*,*,*,*,*,*,*,*,*,*,*,*,*,*,*,*,*,*,*,*,*,*,*,*,*,1,1,*,*,*,*,*,*,*,*,*,*,*,*,*,*,*
533416962,2,533416863,,36,14,22,*,*,*,*,*,*,*,*,*,*,*,*,*,*,*,*,*,*,*,*,*,*,*,*,*,*,*,*,*,*,5,3,*,*,*,*,*,*,*,*,*,*,*,*,*,*,*
533416971,1,,533416973,116,53,63,15,8,7,111,50,61,56,31,25,111,50,61,109,48,61,55,19,36,30,10,20,12,3,9,3,1,2,0,0,0,42,42,8,12,12,8,4,1,0,37,20,17,5,32,0,5,4
533416972,0,,,137,67,70,13,7,6,124,60,64,65,32,33,122,59,63,121,58,63,59,28,31,32,14,18,11,5,6,0,0,0,0,0,0,52,52,9,20,13,4,4,1,1,43,34,9,4,39,0,7,11
533416973,2,533416971,,10,5,5,*,*,*,*,*,*,*,*,*,*,*,*,*,*,*,*,*,*,*,*,*,*,*,*,*,*,*,*,*,*,3,3,*,*,*,*,*,*,*,*,*,*,*,*,*,*,*
533416974,0,,,28,11,17,1,0,1,27,11,16,15,8,7,27,11,16,27,11,16,12,3,9,8,2,6,4,1,3,1,0,1,0,0,0,12,12,4,2,4,2,0,0,0,8,3,5,0,8,0,2,1
533416981,0,,,78,42,36,6,4,2,72,38,34,42,22,20,68,37,31,66,37,29,30,16,14,15,7,8,8,3,5,0,0,0,0,0,0,27,27,7,8,3,5,0,2,2,20,10,10,1,20,0,5,3
533416983,0,,,68,37,31,13,8,5,55,29,26,39,23,16,54,28,26,53,27,26,16,6,10,6,2,4,4,1,3,1,0,1,0,0,0,22,22,5,4,3,7,1,1,1,17,14,3,3,11,0,4,0
533416992,1,,533416994,34,18,16,7,5,2,32,14,18,25,10,15,31,14,17,31,14,17,7,4,3,3,2,1,0,0,0,0,0,0,0,0,0,14,14,6,4,0,4,1,1,0,10,8,2,1,4,1,0,2
533416994,2,533416992,,7,3,4,*,*,*,*,*,*,*,*,*,*,*,*,*,*,*,*,*,*,*,*,*,*,*,*,*,*,*,*,*,*,2,2,*,*,*,*,*,*,*,*,*,*,*,*,*,*,*
533417152,0,,,21,8,13,0,0,0,21,8,13,10,3,7,21,8,13,21,8,13,11,5,6,9,3,6,3,1,2,0,0,0,0,0,0,9,9,1,4,4,0,0,0,0,8,6,2,0,8,0,1,1
533417154,0,,,29,14,15,2,2,0,27,12,15,18,8,10,25,12,13,25,12,13,9,4,5,7,3,4,1,0,1,0,0,0,1,0,1,11,11,3,4,1,2,0,0,1,8,6,2,0,6,0,2,0
533417162,2,533417164,,7,4,3,*,*,*,*,*,*,*,*,*,*,*,*,*,*,*,*,*,*,*,*,*,*,*,*,*,*,*,*,*,*,4,4,*,*,*,*,*,*,*,*,*,*,*,*,*,*,*
533417163,2,533417164,,3,1,2,*,*,*,*,*,*,*,*,*,*,*,*,*,*,*,*,*,*,*,*,*,*,*,*,*,*,*,*,*,*,3,3,*,*,*,*,*,*,*,*,*,*,*,*,*,*,*
533417164,1,,533417162;533417163;533417171,8,5,3,0,0,0,28,16,12,13,8,5,28,16,12,28,16,12,15,8,7,10,6,4,4,2,2,0,0,0,0,0,0,3,3,5,5,0,2,1,0,0,8,6,2,0,9,0,3,3
533417171,2,533417164,,10,6,4,*,*,*,*,*,*,*,*,*,*,*,*,*,*,*,*,*,*,*,*,*,*,*,*,*,*,*,*,*,*,3,3,*,*,*,*,*,*,*,*,*,*,*,*,*,*,*
533417182,2,533417184,,5,3,2,*,*,*,*,*,*,*,*,*,*,*,*,*,*,*,*,*,*,*,*,*,*,*,*,*,*,*,*,*,*,1,1,*,*,*,*,*,*,*,*,*,*,*,*,*,*,*
533417184,1,,533417182,17,8,9,1,1,0,21,10,11,10,5,5,20,9,11,19,9,10,11,5,6,5,2,3,4,2,2,1,0,1,0,0,0,7,7,3,2,0,1,1,1,0,5,2,3,0,6,0,2,1
533417194,2,533417294,,2,1,1,*,*,*,*,*,*,*,*,*,*,*,*,*,*,*,*,*,*,*,*,*,*,*,*,*,*,*,*,*,*,1,1,*,*,*,*,*,*,*,*,*,*,*,*,*,*,*
533417234,0,,,10,5,5,0,0,0,10,5,5,1,1,0,10,5,5,10,5,5,9,4,5,3,0,3,2,0,2,1,0,1,0,0,0,7,7,5,1,1,0,0,0,0,2,1,1,0,6,0,4,1
533417254,1,,533417263,20,8,12,4,0,4,22,10,12,13,7,6,22,10,12,22,10,12,9,3,6,5,0,5,1,0,1,0,0,0,0,0,0,5,5,3,1,0,2,1,0,1,5,2,3,1,7,0,3,1
533417263,2,533417254,,6,2,4,*,*,*,*,*,*,*,*,*,*,*,*,*,*,*,*,*,*,*,*,*,*,*,*,*,*,*,*,*,*,3,3,*,*,*,*,*,*,*,*,*,*,*,*,*,*,*
533417281,2,533417283,,6,2,4,*,*,*,*,*,*,*,*,*,*,*,*,*,*,*,*,*,*,*,*,*,*,*,*,*,*,*,*,*,*,1,1,*,*,*,*,*,*,*,*,*,*,*,*,*,*,*
533417282,2,533417283,,8,5,3,*,*,*,*,*,*,*,*,*,*,*,*,*,*,*,*,*,*,*,*,*,*,*,*,*,*,*,*,*,*,4,4,*,*,*,*,*,*,*,*,*,*,*,*,*,*,*
533417283,1,,533417281;533417282,13,7,6,0,0,0,27,14,13,12,7,5,27,14,13,27,14,13,15,7,8,9,5,4,6,3,3,1,1,0,0,0,0,6,6,2,6,1,1,0,1,0,9,6,3,0,9,0,2,3
533417294,1,,533417194,18,8,10,0,0,0,20,9,11,9,4,5,20,9,11,20,9,11,11,5,6,2,1,1,1,1,0,0,0,0,0,0,0,7,7,1,4,1,2,0,0,0,7,5,2,0,8,0,1,3
533417301,1,,533417302,13,6,7,2,1,1,18,9,9,10,5,5,18,9,9,18,9,9,8,4,4,3,1,2,1,0,1,1,0,1,0,0,0,5,5,2,1,4,1,0,0,0,6,4,2,1,6,0,1,0
533417302,2,533417301,,7,4,3,*,*,*,*,*,*,*,*,*,*,*,*,*,*,*,*,*,*,*,*,*,*,*,*,*,*,*,*,*,*,3,3,*,*,*,*,*,*,*,*,*,*,*,*,*,*,*
533417303,0,,,50,22,28,10,4,6,40,18,22,32,14,18,37,17,20,36,16,20,8,4,4,4,2,2,3,1,2,0,0,0,0,0,0,15,15,0,4,3,7,1,0,0,15,12,3,2,5,0,0,1
533417304,0,,,17,7,10,0,0,0,17,7,10,4,1,3,17,7,10,17,7,10,13,6,7,2,1,1,1,0,1,0,0,0,0,0,0,8,8,0,7,1,0,0,0,0,8,7,1,0,7,0,0,5
533417312,2,533417314,,9,6,3,*,*,*,*,*,*,*,*,*,*,*,*,*,*,*,*,*,*,*,*,*,*,*,*,*,*,*,*,*,*,4,4,*,*,*,*,*,*,*,*,*,*,*,*,*,*,*
533417313,0,,,38,17,21,1,0,1,37,17,20,22,10,12,36,17,19,36,17,19,15,7,8,11,4,7,2,1,1,0,0,0,0,0,0,11,11,1,2,2,4,1,1,0,10,5,5,0,9,0,1,1
533417314,1,,533417312,127,63,64,13,8,5,123,61,62,61,31,30,121,59,62,121,59,62,62,30,32,31,16,15,14,7,7,1,0,1,0,0,0,47,47,8,23,6,8,4,2,0,43,35,8,3,39,0,4,14
533417321,1,,533417323,20,9,11,2,1,1,24,10,14,12,4,8,24,10,14,24,10,14,12,6,6,5,2,3,1,1,0,0,0,0,0,0,0,10,10,3,6,1,2,0,0,0,9,9,0,1,8,0,3,5
533417323,2,533417321,,6,2,4,*,*,*,*,*,*,*,*,*,*,*,*,*,*,*,*,*,*,*,*,*,*,*,*,*,*,*,*,*,*,2,2,*,*,*,*,*,*,*,*,*,*,*,*,*,*,*
533417331,2,533417333,,3,2,1,*,*,*,*,*,*,*,*,*,*,*,*,*,*,*,*,*,*,*,*,*,*,*,*,*,*,*,*,*,*,1,1,*,*,*,*,*,*,*,*,*,*,*,*,*,*,*
533417332,1,,533417334,15,9,6,1,1,0,18,10,8,7,5,2,17,9,8,17,9,8,11,5,6,6,3,3,2,0,2,0,0,0,0,0,0,6,6,2,4,1,0,0,1,0,6,5,1,0,7,0,2,2
533417333,1,,533417331,59,29,30,3,1,2,59,30,29,27,14,13,57,29,28,57,29,28,32,16,16,17,8,9,7,2,5,1,0,1,2,0,2,22,22,2,7,11,2,1,0,0,21,18,3,1,20,0,2,3
533417334,2,533417332,,4,2,2,*,*,*,*,*,*,*,*,*,*,*,*,*,*,*,*,*,*,*,*,*,*,*,*,*,*,*,*,*,*,2,2,*,*,*,*,*,*,*,*,*,*,*,*,*,*,*
533417341,0,,,37,16,21,4,1,3,33,15,18,15,6,9,31,15,16,31,15,16,18,9,9,6,4,2,1,0,1,0,0,0,0,0,0,12,12,1,6,3,0,0,0,2,11,9,2,1,9,0,0,5
533417351,1,,533417452,24,9,15,0,0,0,29,12,17,12,6,6,28,12,16,28,12,16,17,6,11,9,2,7,3,0,3,1,0,1,0,0,0,11,11,3,5,4,1,0,0,0,10,7,3,0,12,0,3,3
533417352,0,,,19,8,11,3,1,2,16,7,9,3,2,1,16,7,9,16,7,9,13,5,8,7,2,5,3,1,2,0,0,0,0,0,0,8,8,3,3,1,0,0,0,1,5,3,2,1,8,0,3,2
533417372,0,,,21,10,11,0,0,0,21,10,11,12,6,6,21,10,11,21,10,11,9,4,5,6,3,3,2,1,1,0,0,0,0,0,0,7,7,1,2,2,1,0,1,0,5,2,3,0,5,0,1,1
533417373,2,533417374,,9,5,4,*,*,*,*,*,*,*,*,*,*,*,*,*,*,*,*,*,*,*,*,*,*,*,*,*,*,*,*,*,*,3,3,*,*,*,*,*,*,*,*,*,*,*,*,*,*,*
533417374,1,,533417373,5,2,3,2,2,0,12,5,7,6,2,4,12,5,7,12,5,7,6,3,3,4,1,3,3,0,3,0,0,0,0,0,0,2,2,3,0,0,1,0,0,1,2,0,2,1,5,0,3,0
533417384,2,533417482,,3,0,3,*,*,*,*,*,*,*,*,*,*,*,*,*,*,*,*,*,*,*,*,*,*,*,*,*,*,*,*,*,*,2,2,*,*,*,*,*,*,*,*,*,*,*,*,*,*,*
533417392,0,,,38,17,21,6,3,3,32,14,18,21,10,11,30,12,18,30,12,18,11,4,7,4,0,4,4,0,4,0,0,0,0,0,0,13,13,1,4,5,2,0,1,0,12,9,3,1,7,0,1,2
533417393,0,,,23,13,10,2,1,1,21,12,9,12,8,4,20,11,9,20,11,9,9,4,5,3,1,2,0,0,0,0,0,0,1,0,1,7,7,1,2,1,0,3,0,0,6,3,3,1,5,0,0,1
533417402,0,,,83,32,51,18,7,11,65,25,40,47,18,29,64,25,39,64,25,39,18,7,11,10,4,6,2,0,2,0,0,0,0,0,0,29,29,3,9,9,6,1,1,0,25,20,5,7,12,0,3,3
533417411,0,,,47,24,23,5,4,1,42,20,22,16,7,9,42,20,22,41,20,21,26,13,13,9,4,5,4,1,3,0,0,0,0,0,0,16,16,2,6,3,2,2,1,0,14,9,5,1,14,0,1,5
533417423,0,,,115,61,54,19,11,8,96,50,46,57,30,27,92,49,43,91,48,43,39,20,19,12,5,7,2,1,1,1,1,0,0,0,0,37,37,4,12,11,3,4,1,2,33,27,6,6,24,0,2,6
533417424,0,,,62,30,32,6,5,1,56,25,31,33,16,17,53,25,28,53,25,28,23,9,14,16,5,11,2,0,2,1,0,1,0,0,0,20,20,5,3,7,2,0,1,2,15,9,6,1,17,0,3,3
533417431,2,533417434,,1,1,0,*,*,*,*,*,*,*,*,*,*,*,*,*,*,*,*,*,*,*,*,*,*,*,*,*,*,*,*,*,*,1,1,*,*,*,*,*,*,*,*,*,*,*,*,*,*,*
533417434,1,,533417431,15,5,10,2,0,2,14,6,8,10,5,5,12,5,7,11,5,6,4,1,3,2,0,2,2,0,2,0,0,0,0,0,0,6,6,3,1,1,2,0,0,0,4,4,0,0,3,0,2,1
533417441,0,,,21,10,11,0,0,0,21,10,11,10,5,5,21,10,11,21,10,11,11,5,6,4,2,2,1,0,1,0,0,0,0,0,0,8,8,1,2,4,1,0,0,0,7,5,2,0,6,0,1,1
533417442,2,533417443,,2,0,2,*,*,*,*,*,*,*,*,*,*,*,*,*,*,*,*,*,*,*,*,*,*,*,*,*,*,*,*,*,*,1,1,*,*,*,*,*,*,*,*,*,*,*,*,*,*,*
533417443,1,,533417442,23,14,9,2,2,0,23,12,11,10,6,4,23,12,11,23,12,11,13,6,7,5,2,3,1,0,1,0,0,0,0,0,0,9,9,1,5,2,2,0,0,0,9,8,1,0,7,0,1,3
533417452,2,533417351,,5,3,2,*,*,*,*,*,*,*,*,*,*,*,*,*,*,*,*,*,*,*,*,*,*,*,*,*,*,*,*,*,*,2,2,*,*,*,*,*,*,*,*,*,*,*,*,*,*,*
533417462,2,533417464,,2,1,1,*,*,*,*,*,*,*,*,*,*,*,*,*,*,*,*,*,*,*,*,*,*,*,*,*,*,*,*,*,*,1,1,*,*,*,*,*,*,*,*,*,*,*,*,*,*,*
533417464,1,,533417462,35,20,15,4,3,1,33,18,15,21,13,8,32,18,14,32,18,14,12,5,7,5,2,3,1,0,1,0,0,0,0,0,0,16,16,6,5,5,0,0,1,0,11,11,0,1,9,0,4,2
533417471,1,,533417474,58,27,31,11,3,8,52,27,25,22,12,10,49,25,24,49,25,24,30,15,15,12,7,5,2,1,1,2,1,1,0,0,0,19,19,1,13,3,0,2,0,2,20,17,3,2,17,0,0,8
533417474,2,533417471,,5,3,2,*,*,*,*,*,*,*,*,*,*,*,*,*,*,*,*,*,*,*,*,*,*,*,*,*,*,*,*,*,*,2,2,*,*,*,*,*,*,*,*,*,*,*,*,*,*,*
533417481,0,,,17,6,11,6,1,5,11,5,6,7,4,3,11,5,6,10,4,6,4,1,3,1,0,1,0,0,0,0,0,0,0,0,0,4,4,1,0,0,0,2,1,0,3,1,2,1,3,0,1,0
533417482,1,,533417384,83,35,48,9,3,6,77,32,45,38,17,21,77,32,45,76,31,45,39,15,24,20,5,15,12,2,10,1,0,1,1,1,0,28,28,4,11,7,4,1,3,0,26,17,9,4,24,1,1,5
533417491,0,,,25,11,14,0,0,0,25,11,14,13,5,8,25,11,14,24,11,13,12,6,6,5,2,3,4,2,2,0,0,0,3,2,1,13,13,6,4,1,2,0,0,0,7,4,3,0,7,0,1,2
533417501,0,,,153,79,74,15,7,8,138,72,66,65,39,26,134,68,66,133,67,66,73,33,40,43,18,25,16,6,10,1,0,1,0,0,0,65,65,18,28,10,2,4,1,2,47,34,13,5,48,1,14,18
533417502,0,,,97,52,45,5,3,2,92,49,43,44,27,17,91,49,42,90,48,42,48,22,26,21,10,11,8,3,5,1,0,1,0,0,0,41,41,10,18,6,3,3,1,0,31,27,4,0,29,0,8,8
533417503,0,,,480,236,244,87,43,44,393,193,200,263,137,126,371,181,190,367,177,190,130,56,74,57,23,34,12,1,11,3,0,3,3,0,3,167,166,40,43,32,25,11,9,6,126,94,32,18,90,3,23,25
533417511,1,,533417621,19,10,9,1,1,0,19,9,10,10,6,4,19,9,10,19,9,10,9,3,6,6,2,4,2,1,1,0,0,0,0,0,0,6,6,1,1,4,0,1,0,0,6,3,3,1,6,0,1,1
533417534,2,533417543,,2,1,1,*,*,*,*,*,*,*,*,*,*,*,*,*,*,*,*,*,*,*,*,*,*,*,*,*,*,*,*,*,*,1,1,*,*,*,*,*,*,*,*,*,*,*,*,*,*,*
533417541,2,533417543,,4,1,3,*,*,*,*,*,*,*,*,*,*,*,*,*,*,*,*,*,*,*,*,*,*,*,*,*,*,*,*,*,*,3,3,*,*,*,*,*,*,*,*,*,*,*,*,*,*,*
533417542,2,533417544,,10,5,5,*,*,*,*,*,*,*,*,*,*,*,*,*,*,*,*,*,*,*,*,*,*,*,*,*,*,*,*,*,*,3,3,*,*,*,*,*,*,*,*,*,*,*,*,*,*,*
533417543,1,,533417534;533417541,116,52,64,10,4,6,112,50,62,50,26,24,112,50,62,111,49,62,62,24,38,36,11,25,18,7,11,2,0,2,1,0,1,40,40,8,17,7,5,5,0,2,36,23,13,2,39,0,7,14
533417544,1,,533417542,37,16,21,4,2,2,43,19,24,27,14,13,41,18,23,41,18,23,16,5,11,11,3,8,5,2,3,0,0,0,0,0,0,13,13,2,4,6,3,0,0,1,14,7,7,0,11,0,0,2
533417551,2,533417553,,6,2,4,*,*,*,*,*,*,*,*,*,*,*,*,*,*,*,*,*,*,*,*,*,*,*,*,*,*,*,*,*,*,4,4,*,*,*,*,*,*,*,*,*,*,*,*,*,*,*
533417553,1,,533417551;533417554,36,21,15,14,10,4,36,17,19,27,14,13,33,15,18,33,15,18,9,3,6,3,1,2,0,0,0,0,0,0,0,0,0,10,10,4,4,3,2,3,1,0,13,12,1,3,6,0,1,2
533417554,2,533417553,,8,4,4,*,*,*,*,*,*,*,*,*,*,*,*,*,*,*,*,*,*,*,*,*,*,*,*,*,*,*,*,*,*,3,3,*,*,*,*,*,*,*,*,*,*,*,*,*,*,*
533417562,0,,,30,14,16,2,1,1,28,13,15,18,8,10,28,13,15,27,13,14,10,5,5,9,4,5,5,2,3,0,0,0,0,0,0,12,12,4,4,2,0,1,0,1,8,6,2,1,8,0,4,1
533417563,2,533417564,,4,2,2,*,*,*,*,*,*,*,*,*,*,*,*,*,*,*,*,*,*,*,*,*,*,*,*,*,*,*,*,*,*,1,1,*,*,*,*,*,*,*,*,*,*,*,*,*,*,*
533417564,1,,533417563,57,28,29,10,5,5,51,25,26,34,19,15,48,23,25,48,23,25,17,6,11,8,2,6,4,1,3,1,0,1,0,0,0,24,24,8,6,5,4,2,0,0,17,14,3,1,13,0,5,1
533417571,0,,,20,8,12,4,1,3,16,7,9,7,3,4,15,6,9,15,6,9,9,4,5,2,0,2,2,0,2,0,0,0,0,0,0,5,5,0,2,1,0,0,1,1,5,2,3,1,5,0,0,2
533417572,1,,533417574;533417581,29,15,14,3,1,2,33,17,16,17,10,7,33,17,16,32,16,16,16,7,9,10,5,5,2,1,1,0,0,0,2,1,1,11,11,1,6,2,3,1,0,0,12,10,2,1,11,0,1,3
533417574,2,533417572,,4,2,2,*,*,*,*,*,*,*,*,*,*,*,*,*,*,*,*,*,*,*,*,*,*,*,*,*,*,*,*,*,*,1,1,*,*,*,*,*,*,*,*,*,*,*,*,*,*,*
533417581,2,533417572,,3,1,2,*,*,*,*,*,*,*,*,*,*,*,*,*,*,*,*,*,*,*,*,*,*,*,*,*,*,*,*,*,*,1,1,*,*,*,*,*,*,*,*,*,*,*,*,*,*,*
533417601,0,,,259,127,132,42,24,18,213,101,112,145,72,73,202,98,104,195,96,99,68,29,39,19,8,11,5,1,4,0,0,0,1,0,1,105,104,28,35,20,12,7,1,1,76,70,6,11,47,3,15,15
533417621,2,533417511,,1,0,1,*,*,*,*,*,*,*,*,*,*,*,*,*,*,*,*,*,*,*,*,*,*,*,*,*,*,*,*,*,*,1,1,*,*,*,*,*,*,*,*,*,*,*,*,*,*,*
533417641,1,,533417644,59,23,36,5,3,2,55,20,35,39,14,25,54,20,34,53,19,34,16,6,10,9,2,7,4,0,4,0,0,0,5,0,5,28,28,11,9,6,2,1,0,0,18,15,3,1,13,2,4,3
533417643,0,,,13,5,8,1,1,0,12,4,8,5,1,4,12,4,8,11,4,7,7,3,4,4,2,2,2,1,1,0,0,0,1,0,1,5,5,2,1,1,0,0,1,0,3,1,2,0,3,0,0,1
533417644,2,533417641,,1,0,1,*,*,*,*,*,*,*,*,*,*,*,*,*,*,*,*,*,*,*,*,*,*,*,*,*,*,*,*,*,*,1,1,*,*,*,*,*,*,*,*,*,*,*,*,*,*,*
533417652,0,,,78,43,35,8,3,5,70,40,30,42,26,16,67,38,29,66,37,29,28,14,14,11,4,7,6,3,3,2,1,1,1,0,1,28,28,5,7,8,5,3,0,0,22,18,4,1,16,0,3,4
533417654,0,,,67,32,35,14,8,6,53,24,29,30,14,16,50,23,27,49,23,26,23,10,13,19,8,11,6,3,3,0,0,0,0,0,0,24,24,3,11,3,4,1,2,0,21,20,1,3,14,0,3,7
533417661,2,533417663,,3,2,1,*,*,*,*,*,*,*,*,*,*,*,*,*,*,*,*,*,*,*,*,*,*,*,*,*,*,*,*,*,*,1,1,*,*,*,*,*,*,*,*,*,*,*,*,*,*,*
533417662,0,,,33,18,15,9,7,2,24,11,13,21,10,11,24,11,13,24,11,13,3,1,2,0,0,0,0,0,0,0,0,0,0,0,0,12,12,1,5,2,4,0,0,0,11,10,1,3,2,0,1,1
533417663,1,,533417661,44,16,28,2,1,1,45,17,28,31,12,19,45,17,28,44,17,27,14,5,9,5,1,4,1,0,1,0,0,0,13,0,13,28,28,18,6,3,2,0,0,0,11,10,1,1,9,13,2,2
533417694,0,,,12,6,6,0,0,0,12,6,6,7,4,3,11,5,6,10,5,5,5,2,3,2,0,2,0,0,0,0,0,0,0,0,0,5,5,2,1,0,2,0,0,0,3,2,1,0,4,0,2,0
533417703,0,,,17,9,8,3,1,2,14,8,6,13,8,5,14,8,6,14,8,6,1,0,1,1,0,1,0,0,0,0,0,0,0,0,0,6,6,3,0,2,0,0,0,1,3,2,1,1,1,0,0,0
533417741,0,,,30,16,14,2,1,1,28,15,13,17,11,6,28,15,13,28,15,13,11,4,7,7,2,5,2,0,2,0,0,0,2,1,1,12,12,3,5,1,2,0,1,0,9,8,1,0,9,0,1,0
533417743,0,,,17,9,8,0,0,0,17,9,8,7,5,2,17,9,8,17,9,8,10,4,6,6,2,4,1,0,1,0,0,0,0,0,0,7,7,1,3,2,1,0,0,0,6,5,1,0,6,0,0,2
533417754,2,533417861,,3,1,2,*,*,*,*,*,*,*,*,*,*,*,*,*,*,*,*,*,*,*,*,*,*,*,*,*,*,*,*,*,*,1,1,*,*,*,*,*,*,*,*,*,*,*,*,*,*,*
533417761,0,,,57,30,27,3,2,1,54,28,26,30,18,12,52,27,25,51,26,25,24,10,14,15,6,9,2,1,1,0,0,0,0,0,0,22,22,5,8,3,4,1,1,0,16,12,4,1,16,0,4,5
533417763,0,,,15,8,7,1,1,0,14,7,7,13,6,7,13,6,7,12,6,6,1,1,0,0,0,0,0,0,0,0,0,0,0,0,0,5,5,0,2,2,0,1,0,0,5,5,0,1,1,0,0,1
533417803,0,,,89,44,45,6,3,3,82,40,42,43,23,20,81,39,42,80,39,41,39,17,22,18,6,12,7,3,4,1,0,1,0,0,0,39,39,11,15,8,3,1,0,1,28,21,7,1,25,0,4,7
533417804,0,,,30,20,10,10,9,1,20,11,9,13,6,7,19,11,8,18,10,8,7,5,2,5,3,2,1,1,0,0,0,0,0,0,0,7,7,1,2,0,0,2,1,1,6,4,2,2,4,0,1,1
533417832,0,,,35,20,15,3,3,0,32,17,15,21,12,9,31,16,15,30,15,15,11,5,6,7,2,5,2,1,1,0,0,0,0,0,0,9,9,1,0,3,2,1,2,0,8,3,5,0,8,0,1,0
533417841,0,,,14,7,7,1,0,1,13,7,6,5,2,3,13,7,6,13,7,6,8,5,3,3,2,1,2,1,1,0,0,0,1,1,0,7,7,3,2,1,1,0,0,0,4,2,2,1,6,0,3,2
533417861,1,,533417754,5,3,2,0,0,0,8,4,4,2,1,1,8,4,4,8,4,4,6,3,3,1,0,1,1,0,1,0,0,0,0,0,0,3,3,1,2,1,0,0,0,0,3,2,1,0,3,0,1,1
533417863,0,,,99,53,46,7,7,0,92,46,46,38,18,20,90,44,46,88,43,45,54,28,26,27,13,14,8,3,5,0,0,0,1,0,1,41,41,8,21,7,1,2,1,1,33,24,9,2,35,0,8,14
533417874,0,,,39,21,18,0,0,0,39,21,18,16,9,7,39,21,18,39,21,18,23,12,11,12,5,7,7,3,4,1,1,0,0,0,0,16,16,4,5,3,4,0,0,0,12,8,4,0,13,0,3,4
533417883,2,533417884,,2,2,0,*,*,*,*,*,*,*,*,*,*,*,*,*,*,*,*,*,*,*,*,*,*,*,*,*,*,*,*,*,*,1,1,*,*,*,*,*,*,*,*,*,*,*,*,*,*,*
533417884,1,,533417883,49,25,24,3,2,1,48,25,23,22,13,9,48,25,23,48,25,23,26,12,14,12,6,6,2,0,2,0,0,0,1,0,1,21,21,6,7,7,1,0,1,0,16,15,1,1,18,0,6,4
533417891,0,,,15,7,8,0,0,0,15,7,8,6,3,3,15,7,8,12,6,6,9,4,5,8,3,5,1,1,0,0,0,0,0,0,0,6,6,2,3,0,0,0,0,1,4,2,2,0,6,0,2,2
533417893,0,,,34,18,16,3,2,1,31,16,15,9,6,3,31,16,15,31,16,15,22,10,12,14,5,9,2,0,2,0,0,0,0,0,0,13,13,1,8,2,1,0,0,1,12,9,3,1,12,0,1,5
533417894,0,,,73,36,37,6,2,4,67,34,33,43,22,21,65,33,32,64,32,32,24,12,12,14,7,7,7,3,4,0,0,0,0,0,0,17,17,1,0,5,4,4,1,2,16,5,11,2,16,0,1,0
533417901,1,,533417902;533417903,28,12,16,11,3,8,33,17,16,25,13,12,32,16,16,32,16,16,8,4,4,2,1,1,1,1,0,0,0,0,0,0,0,13,13,13,3,2,1,2,0,1,9,7,2,2,5,3,2,1
533417902,2,533417901,,13,9,4,*,*,*,*,*,*,*,*,*,*,*,*,*,*,*,*,*,*,*,*,*,*,*,*,*,*,*,*,*,*,8,8,*,*,*,*,*,*,*,*,*,*,*,*,*,*,*
533417903,2,533417901,,5,1,4,*,*,*,*,*,*,*,*,*,*,*,*,*,*,*,*,*,*,*,*,*,*,*,*,*,*,*,*,*,*,1,1,*,*,*,*,*,*,*,*,*,*,*,*,*,*,*
533417953,2,533417961,,1,0,1,*,*,*,*,*,*,*,*,*,*,*,*,*,*,*,*,*,*,*,*,*,*,*,*,*,*,*,*,*,*,1,1,*,*,*,*,*,*,*,*,*,*,*,*,*,*,*
533417954,2,533417961,,2,1,1,*,*,*,*,*,*,*,*,*,*,*,*,*,*,*,*,*,*,*,*,*,*,*,*,*,*,*,*,*,*,1,1,*,*,*,*,*,*,*,*,*,*,*,*,*,*,*
533417961,1,,533417953;533417954;533417964,32,16,16,6,5,1,33,14,19,17,7,10,30,13,17,30,13,17,16,7,9,13,6,7,5,3,2,0,0,0,0,0,0,11,11,4,7,2,0,0,1,1,11,8,3,0,10,0,2,5
533417964,2,533417961,,4,2,2,*,*,*,*,*,*,*,*,*,*,*,*,*,*,*,*,*,*,*,*,*,*,*,*,*,*,*,*,*,*,2,2,*,*,*,*,*,*,*,*,*,*,*,*,*,*,*
533417972,2,533417974,,4,1,3,*,*,*,*,*,*,*,*,*,*,*,*,*,*,*,*,*,*,*,*,*,*,*,*,*,*,*,*,*,*,1,1,*,*,*,*,*,*,*,*,*,*,*,*,*,*,*
533417973,0,,,61,31,30,7,6,1,54,25,29,34,17,17,53,24,29,51,24,27,20,8,12,7,2,5,6,2,4,0,0,0,1,0,1,21,21,5,5,2,5,4,0,0,16,9,7,2,15,0,4,2
533417974,1,,533417972,29,15,14,0,0,0,33,16,17,15,9,6,32,16,16,32,16,16,18,7,11,10,4,6,3,1,2,0,0,0,1,0,1,12,12,0,8,3,2,0,0,0,13,9,4,0,11,0,0,4
533417981,1,,533417982,15,8,7,0,0,0,101,33,68,4,3,1,101,33,68,101,33,68,97,30,67,86,24,62,66,14,52,15,1,14,0,0,0,8,8,4,5,1,0,0,0,0,6,6,0,0,9,0,4,3
533417982,2,533417981,,86,25,61,*,*,*,*,*,*,*,*,*,*,*,*,*,*,*,*,*,*,*,*,*,*,*,*,*,*,*,*,*,*,3,2,*,*,*,*,*,*,*,*,*,*,*,*,*,*,*
533417983,0,,,12,5,7,2,1,1,10,4,6,2,1,1,10,4,6,10,4,6,8,3,5,5,2,3,3,1,2,1,0,1,0,0,0,5,5,1,2,1,1,0,0,0,4,3,1,0,4,0,1,2
533417991,2,533417992,,5,3,2,*,*,*,*,*,*,*,*,*,*,*,*,*,*,*,*,*,*,*,*,*,*,*,*,*,*,*,*,*,*,3,3,*,*,*,*,*,*,*,*,*,*,*,*,*,*,*
533417992,1,,533417991,97,39,58,11,6,5,91,36,55,28,14,14,91,36,55,91,36,55,63,22,41,50,14,36,34,9,25,5,2,3,0,0,0,24,22,9,6,5,1,2,0,2,16,10,6,5,17,0,5,4
533417993,0,,,106,51,55,17,10,7,89,41,48,54,26,28,82,37,45,81,36,45,35,15,20,18,7,11,6,2,4,1,0,1,0,0,0,41,41,11,12,8,5,3,2,0,30,25,5,4,23,0,7,8
533417994,0,,,161,69,92,22,10,12,139,59,80,67,29,38,136,57,79,136,57,79,72,30,42,51,19,32,22,8,14,3,1,2,3,1,2,55,55,5,23,11,10,3,1,2,50,31,19,3,46,0,3,17
533420001,0,,,70,31,39,3,0,3,67,31,36,37,18,19,67,31,36,67,31,36,30,13,17,15,5,10,8,2,6,2,0,2,0,0,0,22,22,1,7,6,5,2,0,1,21,13,8,1,18,0,1,3
533420002,1,,533420011,155,79,76,26,15,11,139,69,70,86,42,44,134,69,65,133,68,65,53,27,26,24,8,16,13,3,10,1,1,0,0,0,0,52,51,10,11,17,6,3,3,2,41,31,10,5,36,0,8,6
533420003,0,,,104,46,58,1,0,1,103,46,57,42,20,22,102,46,56,102,46,56,61,26,35,29,8,21,17,3,14,1,0,1,0,0,0,39,39,7,13,10,4,5,0,0,32,19,13,0,34,0,6,6
533420004,0,,,56,29,27,16,10,6,40,19,21,36,16,20,35,18,17,34,17,17,4,3,1,1,1,0,1,1,0,0,0,0,0,0,0,16,16,1,3,4,4,3,1,0,15,14,1,3,3,0,1,0
533420011,2,533420002,,10,5,5,*,*,*,*,*,*,*,*,*,*,*,*,*,*,*,*,*,*,*,*,*,*,*,*,*,*,*,*,*,*,2,1,*,*,*,*,*,*,*,*,*,*,*,*,*,*,*
533420022,0,,,69,36,33,8,4,4,61,32,29,36,19,17,57,29,28,56,28,28,25,13,12,16,8,8,8,4,4,1,1,0,0,0,0,22,22,4,5,6,1,3,3,0,18,10,8,2,14,0,1,0
533420024,0,,,97,49,48,13,7,6,84,42,42,49,24,25,83,41,42,82,40,42,35,18,17,19,8,11,8,3,5,0,0,0,0,0,0,26,26,5,3,5,3,3,5,2,21,9,12,2,22,0,4,2
533420031,0,,,23,10,13,3,1,2,20,9,11,10,5,5,20,9,11,20,9,11,10,4,6,1,0,1,1,0,1,0,0,0,0,0,0,9,9,2,3,3,0,0,1,0,7,5,2,0,7,0,1,1
533420033,0,,,58,26,32,3,2,1,55,24,31,33,13,20,51,23,28,49,23,26,22,11,11,11,5,6,6,3,3,1,1,0,0,0,0,18,18,5,5,1,2,1,2,2,12,7,5,1,14,1,2,4
533420034,0,,,97,47,50,6,3,3,89,43,46,48,27,21,85,43,42,84,42,42,41,16,25,23,7,16,8,3,5,0,0,0,0,0,0,39,39,10,12,11,2,3,0,1,28,22,6,1,27,0,7,5
533420042,0,,,56,28,28,8,5,3,48,23,25,27,13,14,45,21,24,44,21,23,21,10,11,9,4,5,2,0,2,1,0,1,0,0,0,18,18,3,6,2,3,3,0,1,15,11,4,3,13,0,2,4
533420043,0,,,122,59,63,9,4,5,113,55,58,66,32,34,107,51,56,107,51,56,47,23,24,25,10,15,9,3,6,0,0,0,0,0,0,51,51,16,16,7,7,5,0,0,35,28,7,2,35,0,11,10
533420052,0,,,45,21,24,4,2,2,41,19,22,23,10,13,41,19,22,41,19,22,18,9,9,7,2,5,3,1,2,0,0,0,0,0,0,13,12,1,4,4,0,0,1,2,11,6,5,1,9,0,1,0
533420053,0,,,25,12,13,1,1,0,24,11,13,17,8,9,24,11,13,24,11,13,7,3,4,6,2,4,2,1,1,0,0,0,0,0,0,9,9,1,2,5,0,1,0,0,8,7,1,0,4,0,1,1
533420054,0,,,40,20,20,1,0,1,39,20,19,24,14,10,38,19,19,36,18,18,15,6,9,6,1,5,4,0,4,0,0,0,0,0,0,12,12,2,0,5,3,1,1,0,10,4,6,0,9,0,0,0
533420061,2,533420062,,3,1,2,*,*,*,*,*,*,*,*,*,*,*,*,*,*,*,*,*,*,*,*,*,*,*,*,*,*,*,*,*,*,1,1,*,*,*,*,*,*,*,*,*,*,*,*,*,*,*
533420062,1,,533420061,30,13,17,6,3,3,27,11,16,13,5,8,26,11,15,26,11,15,14,6,8,4,1,3,3,0,3,2,0,2,0,0,0,8,8,1,2,1,2,2,0,1,8,2,6,1,7,0,0,2
533420063,2,533420064,,2,2,0,*,*,*,*,*,*,*,*,*,*,*,*,*,*,*,*,*,*,*,*,*,*,*,*,*,*,*,*,*,*,2,2,*,*,*,*,*,*,*,*,*,*,*,*,*,*,*
533420064,1,,533420063,44,19,25,4,2,2,42,19,23,25,13,12,41,19,22,41,19,22,17,6,11,8,2,6,3,1,2,0,0,0,0,0,0,15,15,5,7,1,1,0,2,1,12,9,3,0,10,0,1,2
533420101,0,,,14,8,6,0,0,0,14,8,6,9,6,3,14,8,6,14,8,6,5,2,3,4,1,3,4,1,3,0,0,0,0,0,0,6,6,3,1,1,0,0,1,0,2,1,1,0,4,0,2,0
533420103,1,,533420104,47,24,23,4,1,3,50,26,24,31,16,15,48,26,22,47,25,22,19,10,9,13,6,7,4,2,2,1,0,1,0,0,0,15,15,1,5,6,3,1,0,1,16,11,5,2,12,0,1,3
533420104,2,533420103,,7,3,4,*,*,*,*,*,*,*,*,*,*,*,*,*,*,*,*,*,*,*,*,*,*,*,*,*,*,*,*,*,*,2,2,*,*,*,*,*,*,*,*,*,*,*,*,*,*,*
533420122,0,,,80,35,45,10,5,5,70,30,40,37,16,21,68,30,38,68,30,38,33,14,19,15,5,10,8,2,6,0,0,0,0,0,0,29,29,6,8,9,2,3,0,1,23,17,6,2,21,0,4,7
533420123,2,533420124,,10,6,4,*,*,*,*,*,*,*,*,*,*,*,*,*,*,*,*,*,*,*,*,*,*,*,*,*,*,*,*,*,*,3,3,*,*,*,*,*,*,*,*,*,*,*,*,*,*,*
533420124,1,,533420123,18,7,11,0,0,0,28,13,15,19,10,9,28,13,15,28,13,15,9,3,6,5,1,4,3,1,2,0,0,0,2,1,1,6,6,1,2,3,2,0,1,0,8,6,2,0,5,0,1,0
533420131,0,,,204,82,122,16,7,9,188,75,113,83,46,37,184,73,111,182,71,111,105,29,76,82,20,62,53,9,44,13,1,12,1,0,1,53,52,7,20,12,6,4,0,3,44,35,9,5,32,0,5,8
533420132,0,,,927,448,479,133,76,57,787,367,420,545,263,282,764,356,408,750,350,400,242,104,138,116,41,75,39,8,31,2,0,2,13,1,12,370,370,108,112,64,43,31,9,3,261,211,50,39,171,14,44,34
533420134,0,,,863,415,448,149,79,70,712,335,377,518,254,264,692,325,367,678,319,359,194,81,113,99,36,63,44,10,34,10,0,10,5,4,1,300,298,59,81,75,49,25,7,2,234,207,27,48,110,1,22,27
533420141,0,,,457,211,246,65,38,27,389,172,217,235,114,121,371,163,208,361,159,202,154,58,96,84,27,57,30,7,23,3,0,3,2,1,1,182,180,54,60,29,12,14,10,1,121,99,22,14,101,3,29,24
533420143,0,,,682,326,356,93,40,53,589,286,303,397,200,197,560,270,290,547,263,284,192,86,106,95,37,58,28,10,18,4,2,2,17,2,15,272,272,75,82,51,40,17,4,3,195,163,32,29,131,16,37,37
533420144,0,,,22,10,12,2,1,1,20,9,11,15,7,8,20,9,11,19,9,10,5,2,3,2,1,1,0,0,0,0,0,0,0,0,0,8,8,1,2,4,0,1,0,0,7,6,1,0,3,0,0,1
533420153,0,,,52,27,25,4,1,3,48,26,22,26,16,10,47,25,22,45,24,21,22,10,12,9,3,6,4,1,3,1,0,1,0,0,0,18,18,2,7,4,2,2,1,0,16,12,4,1,12,0,1,5
533420154,0,,,454,214,240,44,24,20,409,189,220,268,121,147,396,181,215,388,177,211,141,68,73,49,26,23,8,3,5,0,0,0,23,0,23,190,190,47,69,41,22,8,3,0,142,126,16,12,93,2,10,31
533420161,1,,533420162,79,38,41,6,4,2,80,38,42,42,21,21,77,36,41,77,36,41,38,17,21,13,6,7,5,2,3,0,0,0,0,0,0,26,26,5,8,8,3,2,2,1,24,12,12,1,23,0,3,6
533420162,2,533420161,,7,4,3,*,*,*,*,*,*,*,*,*,*,*,*,*,*,*,*,*,*,*,*,*,*,*,*,*,*,*,*,*,*,3,3,*,*,*,*,*,*,*,*,*,*,*,*,*,*,*
533420163,0,,,163,76,87,14,9,5,149,67,82,79,38,41,143,63,80,141,62,79,70,29,41,36,15,21,18,4,14,0,0,0,0,0,0,59,59,7,25,11,10,3,3,0,52,35,17,3,49,0,6,14
533420164,0,,,134,63,71,11,7,4,123,56,67,79,36,43,118,54,64,117,53,64,44,20,24,23,10,13,5,3,2,0,0,0,0,0,0,45,45,5,18,10,4,4,1,3,40,31,9,3,26,0,1,6
533420171,2,533420172,,4,3,1,*,*,*,*,*,*,*,*,*,*,*,*,*,*,*,*,*,*,*,*,*,*,*,*,*,*,*,*,*,*,2,2,*,*,*,*,*,*,*,*,*,*,*,*,*,*,*
533420172,1,,533420171,40,18,22,7,2,5,37,19,18,20,10,10,36,18,18,36,18,18,17,9,8,10,5,5,4,2,2,0,0,0,0,0,0,17,17,6,7,4,1,0,0,1,13,10,3,2,13,0,4,3
533420182,0,,,53,23,30,3,1,2,50,22,28,28,12,16,49,21,28,49,21,28,22,10,12,13,4,9,3,0,3,1,0,1,0,0,0,16,16,1,5,3,4,1,2,0,15,9,6,0,14,0,1,4
533420201,0,,,137,66,71,8,5,3,129,61,68,76,36,40,126,60,66,124,59,65,53,25,28,28,12,16,14,8,6,0,0,0,0,0,0,49,49,11,14,10,6,4,4,0,38,24,14,1,33,1,6,9
533420203,0,,,168,88,80,7,5,2,161,83,78,83,44,39,159,82,77,156,81,75,78,39,39,41,22,19,8,5,3,1,1,0,3,1,2,67,67,12,29,14,6,5,0,1,55,45,10,2,52,0,10,13
533420211,0,,,98,46,52,4,2,2,94,44,50,49,25,24,92,42,50,90,42,48,45,19,26,19,7,12,6,2,4,0,0,0,0,0,0,40,40,11,14,6,7,0,1,1,29,22,7,1,33,0,9,7
533420212,0,,,200,94,106,14,7,7,186,87,99,97,49,48,182,83,99,179,82,97,89,38,51,44,15,29,17,3,14,0,0,0,0,0,0,68,68,10,19,21,10,4,0,4,58,33,25,3,61,0,9,13
533420213,0,,,70,31,39,3,1,2,67,30,37,32,16,16,67,30,37,67,30,37,35,14,21,20,7,13,8,2,6,0,0,0,0,0,0,29,29,7,14,2,3,1,2,0,22,17,5,1,25,0,7,7
533420221,0,,,51,27,24,3,2,1,48,25,23,27,16,11,47,24,23,47,24,23,21,9,12,13,4,9,5,2,3,0,0,0,0,0,0,17,17,6,2,2,3,3,0,1,11,5,6,1,15,0,5,1
533420222,0,,,33,16,17,2,1,1,20,10,10,10,7,3,20,10,10,20,10,10,10,3,7,6,1,5,4,1,3,1,0,1,0,0,0,9,9,2,2,1,2,1,0,1,6,3,3,0,7,0,2,0
533420232,0,,,96,44,52,21,13,8,75,31,44,59,27,32,74,30,44,73,29,44,16,4,12,5,0,5,0,0,0,0,0,0,0,0,0,43,42,12,17,8,3,2,0,0,30,29,1,7,12,1,7,3
533420241,2,533420242,,4,1,3,*,*,*,*,*,*,*,*,*,*,*,*,*,*,*,*,*,*,*,*,*,*,*,*,*,*,*,*,*,*,1,1,*,*,*,*,*,*,*,*,*,*,*,*,*,*,*
533420242,1,,533420241,83,39,44,7,2,5,80,38,42,46,22,24,78,37,41,78,37,41,34,16,18,22,11,11,6,4,2,0,0,0,0,0,0,31,31,7,8,9,5,1,2,0,25,18,7,2,25,0,7,4
533420251,0,,,46,24,22,6,4,2,40,20,20,19,10,9,40,20,20,40,20,20,21,10,11,12,4,8,4,0,4,0,0,0,0,0,0,18,18,6,5,4,1,0,1,1,12,9,3,2,15,0,6,2
533420252,0,,,37,18,19,7,4,3,30,14,16,19,10,9,30,14,16,30,14,16,11,4,7,6,3,3,2,0,2,0,0,0,5,0,5,15,15,4,6,1,2,2,0,0,11,9,2,1,8,0,0,2
533420261,0,,,123,59,64,1,0,1,122,59,63,55,30,25,121,59,62,120,59,61,67,29,38,30,10,20,13,2,11,1,1,0,0,0,0,51,51,13,15,15,6,1,1,0,38,26,12,0,46,0,10,9
533420262,0,,,114,55,59,15,8,7,99,47,52,51,26,25,96,46,50,96,46,50,48,21,27,24,8,16,14,3,11,1,1,0,0,0,0,40,40,9,13,6,5,4,2,1,31,21,10,4,30,0,7,6
533420264,0,,,203,99,104,13,7,6,190,92,98,99,56,43,185,90,95,183,88,95,91,36,55,47,13,34,23,4,19,2,0,2,0,0,0,71,71,13,26,13,6,6,4,3,58,38,20,4,59,0,12,14
533420272,0,,,104,57,47,14,11,3,90,46,44,57,32,25,88,45,43,86,43,43,33,14,19,21,7,14,5,1,4,0,0,0,0,0,0,36,36,8,9,9,4,2,3,1,28,18,10,4,26,0,5,2
533420273,0,,,191,89,102,17,9,8,174,80,94,105,52,53,171,78,93,169,76,93,69,28,41,36,11,25,14,2,12,1,0,1,2,0,2,63,63,11,18,14,9,5,3,3,51,36,15,2,46,1,6,4
533420274,0,,,71,37,34,4,3,1,67,34,33,39,22,17,66,33,33,66,33,33,28,12,16,14,5,9,5,1,4,1,0,1,0,0,0,26,26,4,7,9,4,2,0,0,22,17,5,1,20,0,3,2
533420283,0,,,72,36,36,4,2,2,68,34,34,41,19,22,67,33,34,66,33,33,27,15,12,16,6,10,9,3,6,0,0,0,0,0,0,24,24,6,7,3,3,1,3,1,18,10,8,2,20,0,3,4
533420293,0,,,137,66,71,27,19,8,110,47,63,70,31,39,106,44,62,105,43,62,40,16,24,25,9,16,8,3,5,1,1,0,1,0,1,41,41,6,10,11,4,4,2,4,35,21,14,7,28,0,4,3
533420294,0,,,139,80,59,4,3,1,135,77,58,114,65,49,132,76,56,131,75,56,21,12,9,11,5,6,3,0,3,0,0,0,0,0,0,3,0,0,0,0,0,0,0,0,0,0,0,0,0,0,0,0
533420301,0,,,22,12,10,0,0,0,22,12,10,12,7,5,22,12,10,22,12,10,10,5,5,7,3,4,5,2,3,0,0,0,0,0,0,10,10,5,1,2,1,1,0,0,5,4,1,0,7,0,3,0
533420303,0,,,159,76,83,9,5,4,150,71,79,79,38,41,148,69,79,147,69,78,71,33,38,42,19,23,20,10,10,1,0,1,0,0,0,59,59,16,14,12,10,4,2,1,43,29,14,1,49,0,13,4
533420391,2,533420392,,5,4,1,*,*,*,*,*,*,*,*,*,*,*,*,*,*,*,*,*,*,*,*,*,*,*,*,*,*,*,*,*,*,3,3,*,*,*,*,*,*,*,*,*,*,*,*,*,*,*
533420392,1,,533420391,83,12,71,0,0,0,88,16,72,8,6,2,87,15,72,86,15,71,80,10,70,74,7,67,59,2,57,16,1,15,0,0,0,2,1,2,0,1,0,0,1,0,2,1,1,0,3,1,1,0
533421001,0,,,25,13,12,2,1,1,23,12,11,13,6,7,23,12,11,23,12,11,10,6,4,5,4,1,1,1,0,1,1,0,0,0,0,8,8,1,2,2,1,2,0,0,7,5,2,0,7,0,1,1
533421002,2,533421003,,8,4,4,*,*,*,*,*,*,*,*,*,*,*,*,*,*,*,*,*,*,*,*,*,*,*,*,*,*,*,*,*,*,2,2,*,*,*,*,*,*,*,*,*,*,*,*,*,*,*
533421003,1,,533421002,122,66,56,11,7,4,119,63,56,73,41,32,118,62,56,114,59,55,46,22,24,16,5,11,6,2,4,1,0,1,2,1,1,40,40,4,13,15,2,3,3,2,38,25,13,2,32,0,1,9
533421031,0,,,88,43,45,8,6,2,78,36,42,38,21,17,76,35,41,75,34,41,40,15,25,18,5,13,4,0,4,1,0,1,0,0,0,43,43,15,16,8,3,1,0,0,27,25,2,2,27,0,10,10
533421032,0,,,271,131,140,39,17,22,231,113,118,158,81,77,223,107,116,220,106,114,73,32,41,31,9,22,8,2,6,0,0,0,2,1,1,106,106,29,34,17,16,6,0,4,77,59,18,14,49,3,12,10
533421034,0,,,70,43,27,2,2,0,62,35,27,38,23,15,62,35,27,57,30,27,24,12,12,10,4,6,6,3,3,0,0,0,0,0,0,43,43,26,11,3,2,1,0,0,17,13,4,2,15,11,3,6
533421041,0,,,656,334,322,96,53,43,545,271,274,380,197,183,534,266,268,524,261,263,165,74,91,78,30,48,28,10,18,2,1,1,4,1,3,261,261,90,71,38,33,10,9,10,168,127,41,35,110,22,18,31
533421042,0,,,64,33,31,3,1,2,56,29,27,36,21,15,55,28,27,55,28,27,20,8,12,10,4,6,5,3,2,0,0,0,0,0,0,36,36,25,4,1,3,2,1,0,11,7,4,2,14,2,6,2
533421043,0,,,1318,672,646,220,102,118,1081,556,525,756,396,360,1050,542,508,1025,529,496,325,160,165,129,60,69,32,11,21,0,0,0,14,9,5,526,526,157,142,102,75,34,12,4,365,315,50,65,218,24,47,61
533421044,0,,,101,60,41,14,8,6,83,49,34,57,36,21,81,48,33,79,46,33,26,13,13,7,5,2,0,0,0,0,0,0,0,0,0,54,54,32,11,4,3,2,1,1,22,19,3,2,17,9,5,8
533421051,0,,,318,137,181,24,10,14,294,127,167,141,63,78,287,125,162,283,124,159,153,64,89,101,35,66,61,21,40,1,0,1,0,0,0,96,94,17,26,21,18,8,3,1,77,48,29,4,73,0,13,14
533421052,0,,,335,155,180,49,24,25,285,130,155,154,75,79,276,126,150,272,123,149,131,55,76,73,29,44,22,8,14,1,1,0,1,0,1,127,127,30,46,22,12,7,7,3,96,75,21,16,90,0,25,22
533421053,0,,,28,11,17,2,2,0,26,9,17,15,6,9,26,9,17,26,9,17,11,3,8,7,2,5,5,0,5,1,0,1,0,0,0,8,7,1,1,0,3,2,0,0,6,3,3,1,4,0,1,1
533421054,0,,,34,17,17,0,0,0,34,17,17,23,13,10,30,14,16,30,14,16,11,4,7,10,4,6,3,1,2,0,0,0,0,0,0,10,10,2,1,3,1,1,2,0,8,2,6,0,9,0,2,0
533421061,0,,,1171,541,630,121,64,57,1042,471,571,682,321,361,993,447,546,973,440,533,360,150,210,145,50,95,29,8,21,2,0,2,13,5,8,538,536,200,175,81,48,20,6,6,335,293,42,32,271,5,98,51
533421062,0,,,1269,633,636,207,108,99,1005,489,516,780,398,382,968,475,493,954,465,489,225,91,134,119,36,83,56,14,42,13,4,9,19,5,14,526,523,198,129,81,76,26,9,4,309,270,39,85,135,38,52,16
533421063,0,,,1386,694,692,179,90,89,1160,576,584,874,445,429,1121,558,563,1097,544,553,286,131,155,96,38,58,21,7,14,3,1,2,23,6,17,608,608,224,162,112,65,31,11,3,372,326,46,62,187,39,37,49
533421064,0,,,1012,527,485,139,71,68,815,420,395,671,361,310,795,410,385,783,400,383,144,59,85,47,16,31,16,1,15,1,0,1,9,4,5,493,490,241,106,69,47,16,8,3,244,212,32,48,104,49,22,25
533421071,0,,,241,121,120,34,20,14,202,98,104,129,66,63,196,95,101,195,94,101,73,32,41,37,14,23,11,4,7,1,0,1,3,2,1,99,99,28,33,16,15,4,2,1,69,56,13,11,49,1,14,10
533421072,0,,,1862,897,965,244,135,109,1585,740,845,1011,493,518,1524,723,801,1496,713,783,574,247,327,319,116,203,134,44,90,11,2,9,17,9,8,857,854,363,222,131,79,40,16,3,484,411,73,68,408,30,157,85
533421073,0,,,391,197,194,79,44,35,311,152,159,251,127,124,303,146,157,296,142,154,60,25,35,31,13,18,9,4,5,1,0,1,0,0,0,143,143,30,38,33,31,7,2,2,111,97,14,26,44,4,7,7
533421074,0,,,1134,560,574,130,58,72,978,485,493,651,340,311,955,473,482,938,466,472,327,145,182,161,67,94,70,24,46,6,3,3,10,4,6,550,550,262,135,65,55,20,9,4,280,233,47,40,231,43,76,52
533421081,0,,,1851,855,996,203,106,97,1631,741,890,968,474,494,1593,725,868,1573,714,859,663,267,396,362,120,242,159,46,113,14,3,11,8,3,5,814,813,293,245,141,78,41,9,6,511,417,94,54,444,12,151,106
533421082,0,,,1010,458,552,147,70,77,855,385,470,531,258,273,822,369,453,812,364,448,324,127,197,189,67,122,74,25,49,2,1,1,3,1,2,452,447,165,143,67,46,17,6,3,280,247,33,44,204,16,67,73
533421083,0,,,1473,683,790,160,88,72,1303,589,714,797,390,407,1260,568,692,1246,562,684,506,199,307,291,101,190,118,36,82,13,4,9,6,6,0,637,636,225,176,124,67,25,9,10,408,330,78,40,352,31,106,71
533421084,0,,,1395,646,749,138,73,65,1246,567,679,676,338,338,1216,547,669,1202,540,662,570,229,341,351,123,228,146,44,102,17,1,16,3,2,1,489,483,185,138,80,51,20,5,4,296,260,36,31,234,7,86,62
533421091,1,,533421092,633,294,339,88,42,46,527,238,289,333,162,171,508,225,283,501,221,280,194,76,118,108,39,69,41,13,28,3,1,2,5,0,5,299,299,129,83,38,37,11,4,0,172,156,16,26,138,22,43,37
533421092,2,533421091,,3,1,2,*,*,*,*,*,*,*,*,*,*,*,*,*,*,*,*,*,*,*,*,*,*,*,*,*,*,*,*,*,*,3,3,*,*,*,*,*,*,*,*,*,*,*,*,*,*,*
533421093,0,,,112,53,59,13,7,6,99,46,53,60,28,32,97,44,53,97,44,53,39,18,21,19,4,15,13,2,11,1,0,1,2,0,2,49,49,13,18,11,5,2,0,0,36,31,5,4,27,1,10,8
533421094,0,,,11,4,7,3,0,3,8,4,4,6,4,2,8,4,4,8,4,4,2,0,2,1,0,1,1,0,1,0,0,0,0,0,0,4,4,2,1,0,0,0,0,1,2,1,1,1,2,0,1,0
533421102,1,,533421113,11,6,5,1,0,1,25,12,13,15,8,7,24,12,12,23,12,11,10,4,6,8,3,5,2,1,1,0,0,0,0,0,0,4,4,1,1,1,1,2,1,0,6,1,5,1,7,0,1,1
533421103,0,,,187,95,92,23,13,10,164,82,82,150,76,74,150,75,75,140,68,72,14,6,8,4,2,2,0,0,0,0,0,0,0,0,0,60,60,5,16,15,15,9,0,0,55,51,4,2,10,0,1,3
533421104,0,,,125,58,67,15,6,9,110,52,58,86,41,45,103,50,53,97,47,50,24,11,13,14,7,7,3,1,2,0,0,0,0,0,0,44,44,6,16,9,6,6,1,0,38,33,5,4,17,0,4,7
533421113,2,533421102,,15,6,9,*,*,*,*,*,*,*,*,*,*,*,*,*,*,*,*,*,*,*,*,*,*,*,*,*,*,*,*,*,*,3,3,*,*,*,*,*,*,*,*,*,*,*,*,*,*,*
533421131,0,,,33,27,6,0,0,0,24,20,4,22,19,3,24,20,4,22,18,4,2,1,1,1,1,0,0,0,0,0,0,0,0,0,0,30,30,29,0,0,1,0,0,0,1,0,1,0,1,18,0,0
533421132,0,,,8,7,1,0,0,0,7,7,0,7,7,0,7,7,0,7,7,0,0,0,0,0,0,0,0,0,0,0,0,0,0,0,0,8,8,8,0,0,0,0,0,0,0,0,0,0,0,7,0,0
533421134,0,,,232,154,78,8,6,2,191,126,65,168,114,54,191,126,65,169,110,59,23,12,11,8,3,5,0,0,0,0,0,0,2,1,1,187,187,165,11,7,2,0,1,1,20,17,3,5,17,74,8,1
533421141,0,,,1354,701,653,212,107,105,1105,571,534,856,456,400,1037,542,495,999,522,477,249,115,134,99,40,59,16,6,10,0,0,0,4,4,0,575,575,221,126,88,99,27,12,2,344,304,40,62,166,83,33,51
533421142,0,,,896,425,471,167,90,77,715,325,390,589,269,320,673,309,364,645,297,348,126,56,70,47,17,30,14,3,11,1,0,1,5,3,2,333,332,78,86,69,72,18,7,2,247,219,28,40,85,13,14,27
533421143,0,,,809,410,399,106,55,51,674,340,334,465,243,222,658,328,330,632,314,318,209,97,112,98,34,64,45,13,32,6,0,6,10,10,0,364,363,173,67,52,36,17,15,3,186,131,55,32,137,67,23,27
533421144,0,,,1710,936,774,160,96,64,1450,772,678,1144,648,496,1411,757,654,1315,705,610,306,124,182,142,60,82,35,8,27,3,1,2,48,30,18,991,990,630,146,114,64,30,6,0,356,308,48,44,214,269,60,47
533421151,0,,,32,16,16,1,1,0,31,15,16,15,8,7,31,15,16,30,14,16,16,7,9,10,5,5,1,1,0,0,0,0,0,0,0,13,13,2,7,1,2,1,0,0,11,9,2,0,10,0,2,4
533421152,0,,,203,101,102,65,31,34,138,70,68,107,55,52,136,68,68,135,68,67,31,15,16,12,4,8,5,1,4,0,0,0,0,0,0,58,58,6,13,10,14,7,6,2,51,38,13,22,21,0,3,3
533421153,0,,,325,156,169,54,24,30,258,125,133,195,93,102,248,122,126,241,118,123,63,32,31,30,13,17,15,5,10,2,0,2,5,4,1,140,139,63,29,20,21,4,2,0,74,67,7,14,24,14,8,5
533421154,0,,,27,15,12,4,2,2,23,13,10,19,12,7,23,13,10,23,13,10,4,1,3,4,1,3,2,1,1,0,0,0,0,0,0,15,15,8,4,1,2,0,0,0,7,6,1,1,3,5,0,1
533421161,0,,,216,117,99,34,19,15,171,90,81,126,65,61,166,88,78,163,87,76,45,25,20,23,13,10,4,1,3,0,0,0,1,1,0,96,96,41,24,11,12,3,4,1,54,42,12,10,32,3,6,5
533421162,0,,,752,375,377,134,71,63,604,293,311,459,224,235,584,288,296,583,288,295,145,69,76,53,19,34,20,6,14,1,0,1,7,6,1,316,316,117,74,49,51,15,9,1,191,160,31,42,104,27,26,20
533421163,0,,,198,107,91,8,3,5,171,91,80,94,60,34,171,91,80,169,89,80,77,31,46,51,17,34,33,11,22,3,2,1,4,0,4,110,109,81,14,7,5,0,0,2,27,23,4,4,27,23,7,8
533421164,0,,,178,76,102,19,7,12,152,66,86,88,46,42,149,65,84,149,65,84,64,20,44,38,10,28,23,2,21,1,0,1,0,0,0,90,89,56,12,12,8,0,1,0,31,26,5,11,28,8,15,4
533421171,0,,,741,364,377,101,56,45,626,298,328,457,231,226,600,283,317,588,275,313,169,67,102,60,17,43,21,3,18,1,0,1,3,0,3,308,308,123,68,47,34,16,17,3,180,134,46,33,113,21,28,18
533421172,0,,,1763,827,936,310,159,151,1436,657,779,1053,508,545,1362,616,746,1329,598,731,383,149,234,182,58,124,63,19,44,3,0,3,12,6,6,694,692,198,193,142,103,39,8,9,486,423,63,89,261,17,71,55
533421173,0,,,1173,563,610,147,71,76,1014,485,529,658,338,320,981,471,510,966,459,507,356,147,209,196,78,118,62,20,42,6,0,6,7,4,3,473,473,135,139,87,75,27,6,4,333,278,55,44,244,10,62,55
533421174,0,,,1602,782,820,265,131,134,1311,635,676,980,492,488,1241,598,643,1212,584,628,331,143,188,189,73,116,66,22,44,3,1,2,15,6,9,704,703,273,177,96,111,39,7,0,426,389,37,70,229,44,66,66
533421181,0,,,2082,995,1087,227,105,122,1845,881,964,1188,621,567,1661,755,906,1592,706,886,657,260,397,331,98,233,126,36,90,10,3,7,9,4,5,853,851,302,273,132,96,29,11,8,547,470,77,61,465,30,144,118
533421182,0,,,929,443,486,102,54,48,816,382,434,518,254,264,780,364,416,772,359,413,298,128,170,155,56,99,65,19,46,5,0,5,0,0,0,423,416,158,129,67,39,19,4,0,258,231,27,26,203,7,80,46
533421183,0,,,1057,482,575,139,82,57,911,397,514,588,271,317,880,382,498,868,376,492,323,126,197,195,72,123,69,25,44,2,0,2,10,7,3,466,466,167,126,94,49,21,8,1,297,253,44,48,228,9,78,59
533421184,0,,,99,56,43,7,5,2,88,49,39,58,36,22,88,49,39,88,49,39,30,13,17,17,5,12,10,2,8,2,1,1,0,0,0,55,54,29,16,6,2,1,0,0,22,21,1,3,19,4,7,7
533421193,0,,,140,66,74,14,6,8,124,59,65,86,42,44,120,56,64,114,52,62,38,17,21,15,6,9,7,2,5,2,0,2,0,0,0,53,53,10,19,11,9,3,0,1,43,36,7,3,22,2,2,7
533421194,0,,,278,136,142,62,32,30,213,102,111,199,97,102,185,90,95,175,85,90,14,5,9,5,3,2,0,0,0,0,0,0,0,0,0,83,83,8,13,23,25,11,2,1,74,67,7,12,10,2,2,1
533421201,0,,,195,93,102,40,17,23,154,75,79,135,68,67,137,64,73,132,60,72,19,7,12,7,4,3,0,0,0,0,0,0,1,0,1,63,63,9,13,15,17,7,2,0,53,47,6,2,13,1,2,5
533421202,0,,,1014,510,504,142,84,58,870,424,446,720,359,361,824,397,427,788,379,409,150,65,85,47,17,30,6,3,3,0,0,0,2,0,2,347,344,48,107,80,65,32,7,5,295,256,39,22,111,0,29,24
533421203,0,,,79,39,40,16,11,5,63,28,35,39,19,20,60,27,33,58,26,32,24,9,15,13,4,9,7,1,6,1,0,1,0,0,0,21,21,2,6,1,4,5,2,1,19,11,8,3,15,0,1,4
533421204,0,,,890,444,446,85,46,39,803,397,406,420,213,207,780,380,400,765,372,393,383,184,199,107,52,55,24,9,15,6,2,4,8,4,4,323,320,44,122,86,35,14,13,6,273,228,45,17,232,0,32,84
533421211,0,,,123,55,68,21,10,11,101,44,57,46,20,26,98,43,55,95,42,53,55,24,31,27,12,15,9,3,6,0,0,0,2,0,2,48,48,11,18,8,7,2,0,2,37,32,5,6,34,0,8,12
533421212,0,,,410,211,199,20,14,6,384,195,189,246,118,128,376,193,183,374,191,183,138,77,61,72,35,37,31,8,23,3,0,3,2,0,2,68,63,32,16,11,2,1,1,0,30,26,4,5,15,15,2,4
533421213,0,,,1403,674,729,163,84,79,1231,585,646,688,331,357,1183,555,628,1162,544,618,543,254,289,258,109,149,68,30,38,3,0,3,11,7,4,561,555,139,193,105,74,28,11,5,410,344,66,39,351,1,84,117
533421214,0,,,190,75,115,7,6,1,179,67,112,66,34,32,177,67,110,175,67,108,113,33,80,81,18,63,51,8,43,7,0,7,0,0,0,60,58,29,13,9,6,1,0,0,29,27,2,2,25,6,8,1
533421223,0,,,323,121,202,15,9,6,308,112,196,85,38,47,306,112,194,306,112,194,223,74,149,182,54,128,122,25,97,25,4,21,0,0,0,47,43,11,11,8,6,3,2,2,32,20,12,2,18,4,1,4
533421224,0,,,446,213,233,58,21,37,387,192,195,256,128,128,366,179,187,360,176,184,131,64,67,55,25,30,19,8,11,0,0,0,0,0,0,159,158,28,53,30,26,13,6,2,130,107,23,12,85,0,14,29
533421231,0,,,404,260,144,13,9,4,319,203,116,290,189,101,315,202,113,264,168,96,29,14,15,14,6,8,4,3,1,0,0,0,4,1,3,334,334,304,6,15,5,1,3,0,30,26,4,2,20,162,7,5
533421232,0,,,2312,1321,991,108,54,54,1854,1045,809,1605,942,663,1830,1030,800,1512,858,654,249,103,146,116,43,73,40,8,32,4,0,4,34,19,15,1774,1768,1508,123,64,50,17,3,3,246,215,31,29,154,741,32,37
533421233,0,,,470,279,191,62,36,26,370,212,158,351,203,148,354,206,148,236,129,107,19,9,10,10,4,6,5,2,3,0,0,0,3,2,1,294,294,230,12,9,30,10,2,1,63,56,7,10,16,73,4,2
533421234,0,,,1220,654,566,124,55,69,1004,543,461,824,466,358,978,529,449,887,473,414,180,77,103,90,30,60,33,6,27,2,0,2,46,24,22,700,696,493,76,57,48,14,8,0,198,175,23,38,80,246,18,27
533421241,0,,,1700,904,796,124,61,63,1387,735,652,1088,604,484,1353,717,636,1179,628,551,299,131,168,155,71,84,43,19,24,1,0,1,28,14,14,1142,1142,868,122,74,43,22,9,4,272,227,45,45,200,409,55,62
533421242,0,,,501,250,251,52,33,19,418,200,218,300,151,149,404,195,209,385,184,201,118,49,69,77,32,45,32,15,17,1,1,0,3,1,2,264,263,156,46,22,23,9,3,4,105,86,19,13,72,67,15,20
533421243,0,,,1200,662,538,99,48,51,1039,578,461,778,463,315,1022,566,456,939,508,431,261,115,146,126,52,74,39,14,25,2,1,1,27,11,16,728,727,477,116,75,41,13,4,1,248,216,32,31,180,166,60,49
533421244,0,,,1043,506,537,142,71,71,868,413,455,580,281,299,840,400,440,824,393,431,288,132,156,129,54,75,33,12,21,4,1,3,35,17,18,482,482,197,134,71,50,18,10,2,283,242,41,42,204,34,67,48
533421252,0,,,68,37,31,14,10,4,54,27,27,34,17,17,52,26,26,52,26,26,20,10,10,11,6,5,3,1,2,0,0,0,0,0,0,19,19,1,6,3,3,3,2,1,18,11,7,2,12,0,0,3
533421253,0,,,65,26,39,8,4,4,57,22,35,36,15,21,57,22,35,56,22,34,21,7,14,11,3,8,3,0,3,0,0,0,1,0,1,21,20,5,5,3,4,0,2,1,15,9,6,2,13,0,2,2
533421254,0,,,326,167,159,45,21,24,271,139,132,225,120,105,262,133,129,258,130,128,46,19,27,16,4,12,11,2,9,1,0,1,0,0,0,145,145,61,35,24,14,4,3,4,80,65,15,24,25,23,0,6
533421261,0,,,20,8,12,6,2,4,14,6,8,11,4,7,14,6,8,14,6,8,3,2,1,1,0,1,0,0,0,0,0,0,0,0,0,7,7,1,3,1,0,2,0,0,6,5,1,3,3,0,1,1
533421262,0,,,190,109,81,17,12,5,158,85,73,133,73,60,150,81,69,149,80,69,25,12,13,14,6,8,4,2,2,0,0,0,12,6,6,115,115,72,24,10,5,4,0,0,41,39,2,8,17,25,6,6
533421264,0,,,238,107,131,52,23,29,183,82,101,153,69,84,171,76,95,166,73,93,30,13,17,9,3,6,4,0,4,1,0,1,0,0,0,83,82,26,14,14,17,10,0,1,55,50,5,17,14,11,4,3
533421271,0,,,1441,700,741,296,153,143,1110,526,584,934,450,484,1062,504,558,1027,491,536,176,76,100,66,27,39,21,3,18,4,0,4,16,9,7,587,587,191,148,103,91,45,7,2,390,349,41,97,121,42,25,28
533421272,0,,,758,364,394,126,57,69,621,298,323,441,224,217,600,286,314,590,283,307,180,74,106,113,40,73,32,13,19,2,1,1,7,2,5,330,330,115,93,62,38,16,4,2,212,188,24,36,127,12,35,28
533421273,0,,,633,306,327,138,77,61,473,219,254,413,192,221,457,210,247,450,206,244,60,27,33,29,11,18,8,4,4,0,0,0,4,3,1,270,269,105,57,44,43,17,2,1,156,139,17,48,42,38,8,5
533421274,0,,,248,118,130,50,25,25,197,93,104,153,72,81,184,86,98,180,84,96,44,21,23,16,6,10,4,2,2,1,0,1,0,0,0,91,91,11,35,19,20,6,0,0,79,72,7,17,26,4,1,12
533421281,0,,,205,99,106,26,15,11,179,84,95,121,57,64,174,81,93,172,80,92,58,27,31,22,10,12,6,3,3,0,0,0,2,1,1,80,80,13,31,19,13,3,1,0,67,62,5,7,37,0,6,13
533421282,0,,,323,153,170,72,34,38,250,119,131,193,93,100,236,114,122,233,113,120,57,26,31,18,8,10,4,1,3,0,0,0,1,0,1,102,102,6,29,27,24,14,2,0,96,86,10,17,37,0,4,9
533421283,0,,,1135,479,656,158,78,80,972,398,574,453,222,231,944,383,561,931,376,555,519,176,343,386,109,277,237,43,194,53,3,50,0,0,0,314,306,61,96,68,54,15,9,3,244,219,25,41,133,6,21,49
533421284,0,,,601,253,348,47,27,20,554,226,328,230,111,119,536,216,320,530,212,318,324,115,209,255,73,182,164,32,132,32,3,29,1,1,0,124,122,21,35,31,20,12,1,2,101,83,18,10,60,0,15,8
533421291,0,,,1006,460,546,130,59,71,868,397,471,639,290,349,832,379,453,815,375,440,229,107,122,79,30,49,31,8,23,2,1,1,4,2,2,358,358,43,125,95,62,24,6,3,313,265,48,31,146,3,12,49
533421292,0,,,110,53,57,5,2,3,105,51,54,64,31,33,100,48,52,99,47,52,41,20,21,16,7,9,6,3,3,1,0,1,0,0,0,41,41,5,18,10,2,5,1,0,36,26,10,2,26,0,3,11
533421293,0,,,418,186,232,44,22,22,371,162,209,243,98,145,356,155,201,347,152,195,128,64,64,50,21,29,17,6,11,2,0,2,2,2,0,186,186,44,81,38,17,6,0,0,141,134,7,11,88,0,21,33
533421294,0,,,30,13,17,4,2,2,26,11,15,16,7,9,24,11,13,24,11,13,10,4,6,3,0,3,2,0,2,0,0,0,0,0,0,11,11,3,3,1,2,2,0,0,8,5,3,0,6,0,1,1
533421301,0,,,162,79,83,9,6,3,153,73,80,87,49,38,148,69,79,145,67,78,66,24,42,33,10,23,13,3,10,2,0,2,2,2,0,57,56,10,15,16,8,3,3,1,46,24,22,1,45,0,9,3
533421302,0,,,147,69,78,4,3,1,143,66,77,85,42,43,136,63,73,135,62,73,58,24,34,28,8,20,9,1,8,0,0,0,0,0,0,43,41,14,8,7,4,4,4,0,27,14,13,0,33,0,11,4
533421311,1,,533421312,98,54,44,18,9,9,91,53,38,68,43,25,87,49,38,75,41,34,23,10,13,11,5,6,3,1,2,1,0,1,0,0,0,40,40,26,5,7,6,3,1,1,23,17,6,6,16,9,4,3
533421312,2,533421311,,11,8,3,*,*,*,*,*,*,*,*,*,*,*,*,*,*,*,*,*,*,*,*,*,*,*,*,*,*,*,*,*,*,9,9,*,*,*,*,*,*,*,*,*,*,*,*,*,*,*
533421321,0,,,230,116,114,18,9,9,207,104,103,152,82,70,201,100,101,198,99,99,55,22,33,10,3,7,4,0,4,0,0,0,1,1,0,58,56,13,19,14,3,7,0,0,41,36,5,2,13,1,4,3
533421322,0,,,161,74,87,22,9,13,135,61,74,103,48,55,131,61,70,127,59,68,32,13,19,13,4,9,7,0,7,1,0,1,4,3,1,61,59,19,15,11,7,4,3,0,40,34,6,10,13,3,2,3
533421332,2,533421341,,4,3,1,*,*,*,*,*,*,*,*,*,*,*,*,*,*,*,*,*,*,*,*,*,*,*,*,*,*,*,*,*,*,1,1,*,*,*,*,*,*,*,*,*,*,*,*,*,*,*
533421341,1,,533421332,611,323,288,80,45,35,518,269,249,375,205,170,503,261,242,490,251,239,143,64,79,57,20,37,13,5,8,0,0,0,0,0,0,259,259,93,62,50,34,14,7,0,161,133,28,19,96,18,22,25
533421342,0,,,845,379,466,126,60,66,705,311,394,461,213,248,680,299,381,657,290,367,244,98,146,111,44,67,28,10,18,1,0,1,3,3,0,351,350,125,93,56,43,13,17,3,224,182,42,26,177,14,63,33
533421343,0,,,218,114,104,63,38,25,143,70,73,129,63,66,137,67,70,134,65,69,14,7,7,4,2,2,0,0,0,0,0,0,3,0,3,79,79,28,12,10,17,6,4,2,50,42,8,15,9,6,0,2
533421344,0,,,369,183,186,64,34,30,297,145,152,247,125,122,287,139,148,279,134,145,50,20,30,20,7,13,4,0,4,0,0,0,0,0,0,144,144,40,41,23,30,5,3,2,102,91,11,17,36,10,2,8
533421351,0,,,622,300,322,68,37,31,554,263,291,339,168,171,536,252,284,524,244,280,215,95,120,124,49,75,34,13,21,2,1,1,1,0,1,223,223,38,71,50,37,21,4,2,184,129,55,18,150,2,27,38
533421352,0,,,111,65,46,12,6,6,93,55,38,88,53,35,93,55,38,91,55,36,5,2,3,3,1,2,2,1,1,0,0,0,4,2,2,70,70,47,9,10,4,0,0,0,21,20,1,7,4,15,3,0
533421353,0,,,581,283,298,88,44,44,463,223,240,301,151,150,449,216,233,436,207,229,162,72,90,92,29,63,47,11,36,8,2,6,3,1,2,204,203,66,39,39,29,26,3,1,135,108,27,27,78,2,12,17
533421354,0,,,117,54,63,10,7,3,107,47,60,53,26,27,106,47,59,106,47,59,54,21,33,24,5,19,14,2,12,1,0,1,1,0,1,44,44,6,18,13,3,1,2,1,38,27,11,3,33,0,6,7
533421361,0,,,157,93,64,15,8,7,138,83,55,106,67,39,137,82,55,135,81,54,32,16,16,13,4,9,3,1,2,0,0,0,0,0,0,66,64,33,12,8,5,3,1,2,31,20,11,8,19,10,2,5
533421362,0,,,601,278,323,102,51,51,480,218,262,388,174,214,458,207,251,451,203,248,92,44,48,37,18,19,10,4,6,0,0,0,0,0,0,263,263,112,48,47,37,12,5,2,147,131,16,37,59,34,9,19
533421363,0,,,136,70,66,15,7,8,120,63,57,83,48,35,117,62,55,114,59,55,37,15,22,14,6,8,2,0,2,1,0,1,0,0,0,59,59,20,17,11,7,3,1,0,37,30,7,7,25,7,7,4
533421364,0,,,2095,994,1101,416,216,200,1670,770,900,1167,556,611,1614,740,874,1582,726,856,503,214,289,215,87,128,57,23,34,7,2,5,42,24,18,836,836,230,265,145,113,56,21,6,602,524,78,120,359,11,116,98
533421371,0,,,291,158,133,33,21,12,247,133,114,195,104,91,240,129,111,235,127,108,52,29,23,24,12,12,8,4,4,0,0,0,2,0,2,158,158,91,28,19,14,5,1,0,66,59,7,16,43,17,24,5
533421372,0,,,705,335,370,177,83,94,521,248,273,420,207,213,492,231,261,483,229,254,101,41,60,47,19,28,16,7,9,1,1,0,8,3,5,225,225,30,52,52,55,27,5,4,193,167,26,56,62,4,8,14
533421373,0,,,1285,608,677,212,109,103,1059,491,568,765,369,396,1005,462,543,981,452,529,294,122,172,146,56,90,35,13,22,3,2,1,9,4,5,488,488,111,148,98,88,32,7,4,370,318,52,48,204,12,44,55
533421374,0,,,71,34,37,8,4,4,63,30,33,41,19,22,60,29,31,59,29,30,22,11,11,9,4,5,6,3,3,0,0,0,0,0,0,24,24,5,9,2,2,2,4,0,19,12,7,2,15,0,2,4
533421381,0,,,764,356,408,104,53,51,660,303,357,390,179,211,638,291,347,629,288,341,270,124,146,110,47,63,29,8,21,3,1,2,1,0,1,285,285,47,107,65,37,21,4,4,238,197,41,21,176,1,28,58
533421382,0,,,152,73,79,9,4,5,143,69,74,82,42,40,139,66,73,139,66,73,61,27,34,39,16,23,17,7,10,1,0,1,0,0,0,56,56,12,16,11,11,5,1,0,44,27,17,4,42,0,9,6
533421391,0,,,38,16,22,4,2,2,34,14,20,22,10,12,34,14,20,33,13,20,12,4,8,6,0,6,4,0,4,0,0,0,2,0,2,14,14,2,4,5,2,1,0,0,12,8,4,1,8,0,0,1
533421441,0,,,244,121,123,69,37,32,175,84,91,151,73,78,163,80,83,160,79,81,24,11,13,9,6,3,0,0,0,0,0,0,2,2,0,73,73,7,12,19,24,9,1,1,66,59,7,17,17,2,1,3
533421442,0,,,957,436,521,141,65,76,807,366,441,569,269,300,775,350,425,760,342,418,238,97,141,120,38,82,47,13,34,4,0,4,5,1,4,353,353,77,98,83,50,37,6,2,271,215,56,41,164,4,31,35
533421444,0,,,146,66,80,14,7,7,132,59,73,83,35,48,126,57,69,122,56,66,49,24,25,20,7,13,6,2,4,0,0,0,1,1,0,51,51,11,16,10,5,2,6,1,40,30,10,3,34,0,8,7
533421451,1,,533421453,567,276,291,61,29,32,498,243,255,318,158,160,482,237,245,470,233,237,180,85,95,98,46,52,32,17,15,3,2,1,1,0,1,217,217,54,69,43,25,16,10,1,159,123,36,19,122,1,25,35
533421452,0,,,18,8,10,4,1,3,14,7,7,12,6,6,13,6,7,13,6,7,2,1,1,0,0,0,0,0,0,0,0,0,0,0,0,5,5,1,0,2,1,0,0,1,4,3,1,2,1,0,0,0
533421453,2,533421451,,1,1,0,*,*,*,*,*,*,*,*,*,*,*,*,*,*,*,*,*,*,*,*,*,*,*,*,*,*,*,*,*,*,1,1,*,*,*,*,*,*,*,*,*,*,*,*,*,*,*
533421461,1,,533421463,641,332,309,130,76,54,517,257,260,456,232,224,480,240,240,467,233,234,61,25,36,23,8,15,4,1,3,0,0,0,4,0,4,220,220,31,63,52,53,16,5,2,182,163,19,27,47,3,4,9
533421462,0,,,207,104,103,46,28,18,160,75,85,147,69,78,156,73,83,154,73,81,13,6,7,5,2,3,0,0,0,0,0,0,4,3,1,80,80,17,27,14,16,6,0,0,61,55,6,19,10,5,2,3
533421463,2,533421461,,8,2,6,*,*,*,*,*,*,*,*,*,*,*,*,*,*,*,*,*,*,*,*,*,*,*,*,*,*,*,*,*,*,2,2,*,*,*,*,*,*,*,*,*,*,*,*,*,*,*
533421471,0,,,223,115,108,37,22,15,179,91,88,138,69,69,175,87,88,168,84,84,41,22,19,9,4,5,1,0,1,0,0,0,3,3,0,101,101,40,29,12,13,5,2,0,58,51,7,12,34,5,19,6
533421491,2,533421493,,8,3,5,*,*,*,*,*,*,*,*,*,*,*,*,*,*,*,*,*,*,*,*,*,*,*,*,*,*,*,*,*,*,2,2,*,*,*,*,*,*,*,*,*,*,*,*,*,*,*
533421492,2,533421493,,1,0,1,*,*,*,*,*,*,*,*,*,*,*,*,*,*,*,*,*,*,*,*,*,*,*,*,*,*,*,*,*,*,1,1,*,*,*,*,*,*,*,*,*,*,*,*,*,*,*
533421493,1,,533421491;533421492,37,17,20,0,0,0,46,20,26,20,12,8,45,19,26,45,19,26,26,8,18,11,3,8,6,1,5,1,0,1,0,0,0,16,16,6,6,4,1,1,0,1,12,8,4,0,17,0,5,2
533421494,0,,,30,14,16,2,1,1,28,13,15,17,9,8,27,12,15,27,12,15,11,4,7,6,2,4,1,0,1,0,0,0,0,0,0,12,12,3,3,3,3,0,0,0,8,6,2,0,9,0,3,1
533421592,0,,,212,109,103,24,16,8,188,93,95,110,63,47,179,88,91,174,85,89,78,30,48,42,13,29,15,2,13,3,0,3,0,0,0,57,56,3,11,22,5,6,5,4,53,33,20,6,41,0,3,4
533422002,2,533422012,,3,1,2,*,*,*,*,*,*,*,*,*,*,*,*,*,*,*,*,*,*,*,*,*,*,*,*,*,*,*,*,*,*,1,1,*,*,*,*,*,*,*,*,*,*,*,*,*,*,*
533422012,1,,533422002,12,4,8,2,0,2,13,5,8,10,4,6,12,5,7,11,5,6,3,1,2,2,1,1,0,0,0,0,0,0,0,0,0,3,3,0,1,2,0,0,0,1,4,3,1,1,2,0,0,0
533422022,2,533422023,,8,1,7,*,*,*,*,*,*,*,*,*,*,*,*,*,*,*,*,*,*,*,*,*,*,*,*,*,*,*,*,*,*,3,3,*,*,*,*,*,*,*,*,*,*,*,*,*,*,*
533422023,1,,533422022;533422121,30,17,13,1,1,0,42,20,22,22,11,11,41,19,22,39,18,21,20,9,11,8,3,5,3,1,2,1,0,1,1,0,1,12,12,4,5,5,2,0,1,0,13,9,4,0,13,0,1,1
533422031,1,,533422032,2,1,1,0,0,0,9,4,5,4,3,1,9,4,5,9,4,5,5,1,4,2,1,1,2,1,1,0,0,0,0,0,0,1,1,3,3,0,0,0,0,0,3,3,0,0,5,0,3,0
533422032,2,533422031,,7,3,4,*,*,*,*,*,*,*,*,*,*,*,*,*,*,*,*,*,*,*,*,*,*,*,*,*,*,*,*,*,*,5,5,*,*,*,*,*,*,*,*,*,*,*,*,*,*,*
533422053,2,533422151,,5,2,3,*,*,*,*,*,*,*,*,*,*,*,*,*,*,*,*,*,*,*,*,*,*,*,*,*,*,*,*,*,*,2,2,*,*,*,*,*,*,*,*,*,*,*,*,*,*,*
533422062,1,,533422071,35,15,20,2,1,1,37,16,21,15,6,9,37,16,21,37,16,21,22,10,12,9,2,7,6,1,5,0,0,0,0,0,0,15,15,7,6,4,0,0,0,1,11,8,3,1,15,0,7,3
533422064,0,,,11,7,4,0,0,0,11,7,4,5,3,2,11,7,4,11,7,4,6,4,2,1,1,0,1,1,0,0,0,0,0,0,0,5,5,1,2,2,0,0,0,0,4,3,1,0,3,0,0,0
533422071,2,533422062,,4,2,2,*,*,*,*,*,*,*,*,*,*,*,*,*,*,*,*,*,*,*,*,*,*,*,*,*,*,*,*,*,*,3,3,*,*,*,*,*,*,*,*,*,*,*,*,*,*,*
533422114,0,,,33,14,19,0,0,0,33,14,19,22,12,10,31,13,18,30,12,18,11,2,9,6,0,6,3,0,3,0,0,0,0,0,0,13,13,4,4,1,2,2,0,0,9,6,3,0,10,0,3,1
533422121,2,533422023,,5,3,2,*,*,*,*,*,*,*,*,*,*,*,*,*,*,*,*,*,*,*,*,*,*,*,*,*,*,*,*,*,*,2,2,*,*,*,*,*,*,*,*,*,*,*,*,*,*,*
533422142,0,,,32,15,17,7,3,4,25,12,13,14,7,7,24,11,13,24,11,13,11,5,6,6,2,4,4,1,3,1,0,1,0,0,0,9,9,2,1,3,1,0,0,2,7,4,3,1,6,0,1,0
533422143,0,,,47,24,23,8,6,2,39,18,21,19,9,10,39,18,21,39,18,21,20,9,11,7,3,4,1,0,1,0,0,0,0,0,0,17,17,5,6,2,0,2,0,2,12,8,4,3,16,0,5,4
533422151,1,,533422053,59,28,31,4,2,2,60,28,32,31,15,16,57,28,29,57,28,29,29,13,16,8,3,5,4,2,2,0,0,0,0,0,0,20,20,3,7,5,5,1,0,1,19,13,6,2,17,0,2,3
533422162,2,533422164,,9,4,5,*,*,*,*,*,*,*,*,*,*,*,*,*,*,*,*,*,*,*,*,*,*,*,*,*,*,*,*,*,*,2,2,*,*,*,*,*,*,*,*,*,*,*,*,*,*,*
533422164,1,,533422162,11,5,6,3,0,3,17,9,8,8,4,4,17,9,8,17,9,8,9,5,4,5,2,3,4,2,2,1,0,1,0,0,0,4,4,1,0,3,1,0,1,0,4,3,1,2,4,0,1,0
533422171,0,,,15,7,8,1,0,1,14,7,7,10,6,4,14,7,7,13,6,7,4,1,3,2,0,2,1,0,1,0,0,0,0,0,0,7,7,2,3,1,1,0,0,0,5,4,1,0,3,0,1,1
533422224,0,,,26,10,16,5,1,4,21,9,12,11,6,5,21,9,12,20,9,11,10,3,7,8,3,5,2,0,2,0,0,0,0,0,0,8,8,2,1,2,1,1,0,1,6,3,3,1,7,0,2,0
533422232,0,,,16,9,7,2,2,0,14,7,7,10,6,4,14,7,7,11,5,6,4,1,3,4,1,3,1,0,1,0,0,0,0,0,0,5,5,1,1,1,0,2,0,0,3,1,2,0,3,0,1,0
533422233,0,,,42,21,21,0,0,0,42,21,21,25,14,11,42,21,21,41,21,20,17,7,10,11,3,8,5,2,3,1,0,1,0,0,0,15,15,2,3,7,2,1,0,0,13,8,5,0,12,0,2,1
533422241,0,,,35,16,19,0,0,0,34,16,18,16,9,7,33,16,17,32,16,16,18,7,11,9,4,5,1,0,1,0,0,0,0,0,0,17,17,6,6,3,2,0,0,0,11,10,1,0,12,0,4,4
533422262,1,,533422264,12,5,7,0,0,0,19,9,10,8,4,4,19,9,10,19,9,10,11,5,6,7,2,5,1,0,1,1,0,1,0,0,0,6,6,2,4,3,0,0,0,0,7,7,0,0,7,0,2,3
533422264,2,533422262,,7,4,3,*,*,*,*,*,*,*,*,*,*,*,*,*,*,*,*,*,*,*,*,*,*,*,*,*,*,*,*,*,*,3,3,*,*,*,*,*,*,*,*,*,*,*,*,*,*,*
533422271,1,,533422272,36,20,16,4,2,2,38,22,16,17,10,7,37,22,15,37,22,15,21,12,9,15,8,7,3,1,2,0,0,0,1,0,1,9,9,0,5,2,2,1,1,1,12,7,5,0,11,0,0,1
533422272,2,533422271,,6,4,2,*,*,*,*,*,*,*,*,*,*,*,*,*,*,*,*,*,*,*,*,*,*,*,*,*,*,*,*,*,*,3,3,*,*,*,*,*,*,*,*,*,*,*,*,*,*,*
533422273,0,,,35,20,15,2,1,1,33,19,14,16,10,6,32,18,14,30,18,12,17,9,8,5,3,2,3,1,2,0,0,0,0,0,0,14,14,4,6,0,2,1,1,0,10,7,3,0,12,0,3,3
533422282,1,,533422293,17,7,10,0,0,0,18,8,10,7,3,4,18,8,10,18,8,10,11,5,6,8,3,5,5,2,3,0,0,0,0,0,0,8,8,3,3,3,0,0,0,0,6,5,1,0,7,0,2,0
533422283,2,533422284,,5,2,3,*,*,*,*,*,*,*,*,*,*,*,*,*,*,*,*,*,*,*,*,*,*,*,*,*,*,*,*,*,*,3,3,*,*,*,*,*,*,*,*,*,*,*,*,*,*,*
533422284,1,,533422283;533422492,28,16,12,0,0,0,38,20,18,19,12,7,38,20,18,38,20,18,19,8,11,10,3,7,4,0,4,0,0,0,0,0,0,13,13,7,6,2,2,1,0,0,11,8,3,0,14,0,4,4
533422293,2,533422282,,1,1,0,*,*,*,*,*,*,*,*,*,*,*,*,*,*,*,*,*,*,*,*,*,*,*,*,*,*,*,*,*,*,1,1,*,*,*,*,*,*,*,*,*,*,*,*,*,*,*
533422324,0,,,82,40,42,9,6,3,73,34,39,46,22,24,72,33,39,70,32,38,27,12,15,15,6,9,6,2,4,0,0,0,0,0,0,23,23,1,7,4,5,2,3,1,22,12,10,3,18,0,1,3
533422341,0,,,15,9,6,0,0,0,15,9,6,7,5,2,15,9,6,14,8,6,8,4,4,3,1,2,1,0,1,0,0,0,0,0,0,5,5,2,1,1,0,0,0,1,3,1,2,0,4,0,1,1
533422342,0,,,64,32,32,7,2,5,57,30,27,29,16,13,57,30,27,57,30,27,28,14,14,14,6,8,8,2,6,2,0,2,0,0,0,23,23,5,11,0,4,0,1,2,18,12,6,2,19,0,4,7
533422343,0,,,24,10,14,2,1,1,22,9,13,15,6,9,22,9,13,22,9,13,7,3,4,3,0,3,3,0,3,0,0,0,0,0,0,8,8,0,4,2,1,0,1,0,8,5,3,1,6,0,0,2
533422344,0,,,26,13,13,3,2,1,23,11,12,15,8,7,21,10,11,20,9,11,8,3,5,2,1,1,0,0,0,0,0,0,0,0,0,8,8,2,3,0,0,1,1,1,6,3,3,1,5,0,1,2
533422351,0,,,12,8,4,3,3,0,9,5,4,5,3,2,9,5,4,9,5,4,4,2,2,3,1,2,2,1,1,0,0,0,0,0,0,4,4,1,1,0,1,1,0,0,3,2,1,1,3,0,1,1
533422364,2,533422373,,3,2,1,*,*,*,*,*,*,*,*,*,*,*,*,*,*,*,*,*,*,*,*,*,*,*,*,*,*,*,*,*,*,1,1,*,*,*,*,*,*,*,*,*,*,*,*,*,*,*
533422371,0,,,23,9,14,3,1,2,20,8,12,8,4,4,19,8,11,18,7,11,12,4,8,5,2,3,1,0,1,0,0,0,0,0,0,10,10,5,3,1,0,0,0,1,5,4,1,1,9,0,5,2
533422372,1,,533422374,20,8,12,2,0,2,20,9,11,11,6,5,20,9,11,20,9,11,9,3,6,5,2,3,1,1,0,0,0,0,0,0,0,6,6,0,4,0,1,2,0,0,7,5,2,1,6,0,0,3
533422373,1,,533422364;533422471,59,32,27,6,3,3,61,33,28,35,21,14,60,33,27,58,31,27,26,12,14,8,4,4,2,1,1,1,0,1,0,0,0,17,17,1,3,10,3,0,3,0,19,14,5,2,15,0,1,1
533422374,2,533422372,,2,1,1,*,*,*,*,*,*,*,*,*,*,*,*,*,*,*,*,*,*,*,*,*,*,*,*,*,*,*,*,*,*,1,1,*,*,*,*,*,*,*,*,*,*,*,*,*,*,*
533422403,0,,,44,16,28,4,2,2,40,14,26,11,6,5,40,14,26,39,14,25,29,8,21,23,5,18,12,2,10,0,0,0,0,0,0,10,8,1,2,3,0,0,2,0,7,3,4,1,8,0,1,1
533422404,0,,,130,71,59,21,14,7,109,57,52,69,37,32,107,56,51,106,56,50,40,20,20,17,7,10,8,3,5,0,0,0,0,0,0,38,38,5,8,9,8,3,1,4,32,18,14,7,27,0,5,4
533422422,0,,,28,12,16,9,5,4,19,7,12,16,6,10,19,7,12,19,7,12,3,1,2,2,0,2,1,0,1,0,0,0,0,0,0,6,6,1,0,0,2,1,0,2,4,1,3,3,3,0,1,0
533422424,0,,,10,6,4,0,0,0,10,6,4,4,2,2,10,6,4,10,6,4,6,4,2,2,2,0,0,0,0,0,0,0,0,0,0,4,4,0,3,0,1,0,0,0,4,4,0,0,4,0,0,2
533422434,0,,,64,32,32,16,7,9,48,25,23,25,12,13,47,24,23,47,24,23,23,13,10,6,5,1,1,1,0,0,0,0,0,0,0,18,18,1,5,4,3,1,4,0,17,12,5,4,13,0,1,4
533422462,2,533422464,,9,7,2,*,*,*,*,*,*,*,*,*,*,*,*,*,*,*,*,*,*,*,*,*,*,*,*,*,*,*,*,*,*,4,4,*,*,*,*,*,*,*,*,*,*,*,*,*,*,*
533422464,1,,533422462,55,26,29,7,5,2,57,28,29,37,19,18,56,27,29,56,27,29,20,9,11,9,1,8,7,1,6,0,0,0,0,0,0,17,17,6,3,5,2,2,2,1,15,7,8,3,15,0,4,2
533422471,2,533422373,,5,2,3,*,*,*,*,*,*,*,*,*,*,*,*,*,*,*,*,*,*,*,*,*,*,*,*,*,*,*,*,*,*,2,2,*,*,*,*,*,*,*,*,*,*,*,*,*,*,*
533422492,2,533422284,,5,2,3,*,*,*,*,*,*,*,*,*,*,*,*,*,*,*,*,*,*,*,*,*,*,*,*,*,*,*,*,*,*,2,2,*,*,*,*,*,*,*,*,*,*,*,*,*,*,*
533422501,1,,533422502,86,43,43,8,6,2,89,40,49,50,23,27,89,40,49,88,39,49,39,17,22,18,6,12,7,3,4,1,0,1,1,0,1,29,29,5,15,6,4,2,3,0,30,21,9,3,24,0,3,7
533422502,2,533422501,,11,3,8,*,*,*,*,*,*,*,*,*,*,*,*,*,*,*,*,*,*,*,*,*,*,*,*,*,*,*,*,*,*,6,6,*,*,*,*,*,*,*,*,*,*,*,*,*,*,*
533422503,0,,,21,10,11,3,1,2,18,9,9,14,7,7,17,8,9,17,8,9,4,2,2,1,0,1,1,0,1,0,0,0,0,0,0,8,8,3,2,1,0,1,1,0,4,3,1,0,3,0,1,1
533422511,0,,,56,26,30,9,6,3,47,20,27,33,14,19,45,19,26,44,18,26,14,6,8,5,1,4,2,0,2,0,0,0,0,0,0,17,17,3,2,6,2,3,0,1,14,8,6,3,9,0,1,0
533422513,0,,,98,50,48,15,7,8,83,43,40,50,27,23,80,42,38,80,42,38,33,16,17,16,6,10,5,2,3,0,0,0,1,0,1,32,32,5,8,8,6,2,2,1,27,18,9,3,23,0,3,4
533422514,0,,,197,86,111,28,12,16,167,73,94,102,52,50,163,70,93,156,65,91,65,21,44,42,10,32,24,5,19,1,0,1,0,0,0,63,62,15,12,14,12,7,1,1,47,33,14,9,30,1,6,6
533422521,0,,,88,41,47,12,5,7,76,36,40,48,21,27,75,36,39,72,33,39,28,15,13,5,3,2,0,0,0,0,0,0,1,0,1,34,34,10,11,7,0,4,0,2,24,21,3,1,20,1,7,6
533422522,1,,533422531,287,133,154,32,11,21,269,130,139,180,97,83,261,123,138,260,123,137,89,33,56,35,9,26,11,1,10,1,0,1,0,0,0,107,107,23,34,24,15,8,4,2,87,71,16,8,61,0,15,12
533422523,0,,,294,144,150,45,21,24,249,123,126,179,88,91,240,118,122,233,113,120,70,35,35,27,13,14,8,3,5,0,0,0,0,0,0,105,105,16,40,19,15,10,4,1,89,75,14,9,46,0,10,15
533422531,2,533422522,,14,8,6,*,*,*,*,*,*,*,*,*,*,*,*,*,*,*,*,*,*,*,*,*,*,*,*,*,*,*,*,*,*,3,3,*,*,*,*,*,*,*,*,*,*,*,*,*,*,*
533422554,0,,,68,35,33,5,2,3,63,33,30,36,20,16,60,32,28,59,31,28,27,13,14,12,6,6,10,5,5,0,0,0,0,0,0,20,20,2,5,4,5,1,2,1,18,8,10,1,15,0,1,3
533422562,0,,,16,6,10,0,0,0,16,6,10,12,4,8,15,5,10,15,5,10,4,2,2,3,2,1,2,1,1,0,0,0,0,0,0,4,4,0,0,2,1,0,1,0,4,2,2,0,3,0,0,0
533422563,0,,,73,40,33,9,7,2,64,33,31,39,22,17,63,32,31,62,31,31,25,11,14,15,5,10,5,2,3,0,0,0,0,0,0,22,22,2,6,7,2,2,1,2,20,13,7,2,19,0,2,3
533422594,0,,,35,16,19,5,3,2,30,13,17,16,6,10,30,13,17,30,13,17,14,7,7,6,2,4,4,1,3,0,0,0,0,0,0,9,9,1,2,0,4,0,1,1,7,3,4,1,9,0,1,0
533422614,0,,,14,9,5,2,2,0,12,7,5,8,5,3,11,6,5,10,5,5,4,2,2,3,2,1,0,0,0,0,0,0,0,0,0,4,4,0,2,0,1,0,1,0,4,2,2,0,3,0,0,1
533422621,0,,,23,11,12,5,1,4,18,10,8,10,6,4,18,10,8,18,10,8,8,4,4,3,2,1,2,2,0,0,0,0,0,0,0,6,6,1,0,2,1,1,0,1,5,2,3,0,4,0,1,0
533422623,0,,,104,46,58,1,0,1,103,46,57,57,28,29,97,42,55,96,41,55,46,18,28,27,11,16,6,1,5,0,0,0,0,0,0,37,37,8,11,7,5,3,3,0,29,18,11,1,32,0,7,5
533422643,2,533422743,,2,1,1,*,*,*,*,*,*,*,*,*,*,*,*,*,*,*,*,*,*,*,*,*,*,*,*,*,*,*,*,*,*,1,1,*,*,*,*,*,*,*,*,*,*,*,*,*,*,*
533422652,0,,,45,22,23,4,4,0,41,18,23,15,7,8,40,17,23,39,17,22,26,11,15,13,4,9,6,0,6,0,0,0,0,0,0,15,15,2,6,4,1,0,0,2,13,7,6,1,15,0,2,4
533422661,0,,,22,10,12,3,1,2,19,9,10,9,5,4,18,8,10,18,8,10,10,4,6,4,1,3,3,1,2,1,0,1,0,0,0,5,5,1,0,0,1,2,0,1,4,0,4,0,5,0,1,0
533422674,2,533422772,,7,4,3,*,*,*,*,*,*,*,*,*,*,*,*,*,*,*,*,*,*,*,*,*,*,*,*,*,*,*,*,*,*,3,3,*,*,*,*,*,*,*,*,*,*,*,*,*,*,*
533422682,2,533422684,,5,3,2,*,*,*,*,*,*,*,*,*,*,*,*,*,*,*,*,*,*,*,*,*,*,*,*,*,*,*,*,*,*,2,2,*,*,*,*,*,*,*,*,*,*,*,*,*,*,*
533422683,0,,,12,7,5,0,0,0,12,7,5,7,5,2,12,7,5,12,7,5,5,2,3,1,0,1,1,0,1,0,0,0,0,0,0,6,5,1,3,0,1,0,0,0,4,3,1,0,3,0,0,2
533422684,1,,533422682,336,141,195,26,19,7,315,125,190,112,59,53,303,118,185,298,116,182,203,66,137,157,45,112,99,20,79,23,2,21,0,0,0,86,84,26,29,12,8,4,4,3,59,46,13,6,52,0,14,14
533422691,1,,533422692,74,37,37,9,4,5,71,38,33,38,22,16,69,36,33,67,34,33,33,16,17,12,3,9,7,2,5,1,0,1,0,0,0,35,35,22,6,6,0,2,3,0,17,11,6,4,27,0,16,2
533422692,2,533422691,,6,5,1,*,*,*,*,*,*,*,*,*,*,*,*,*,*,*,*,*,*,*,*,*,*,*,*,*,*,*,*,*,*,4,4,*,*,*,*,*,*,*,*,*,*,*,*,*,*,*
533422693,0,,,283,129,154,39,21,18,244,108,136,143,62,81,223,102,121,221,102,119,101,46,55,50,20,30,15,6,9,1,0,1,1,0,1,98,96,19,34,16,10,10,4,3,77,54,23,13,69,0,16,19
533422694,0,,,22,10,12,2,0,2,20,10,10,12,7,5,19,9,10,19,9,10,8,3,5,5,2,3,1,0,1,1,0,1,0,0,0,5,5,1,0,0,2,1,0,1,4,0,4,2,5,0,1,0
533422712,0,,,81,39,42,9,2,7,72,37,35,47,26,21,68,34,34,68,34,34,25,11,14,11,5,6,1,1,0,0,0,0,0,0,0,25,25,4,6,5,6,0,2,2,21,15,6,3,14,0,0,2
533422721,1,,533422724,235,118,117,24,18,6,215,102,113,126,61,65,210,98,112,207,96,111,89,41,48,46,21,25,10,3,7,1,0,1,0,0,0,76,76,10,25,12,19,2,7,2,67,48,19,11,59,0,6,15
533422723,0,,,51,26,25,7,4,3,44,22,22,26,10,16,41,21,20,41,21,20,18,12,6,7,3,4,0,0,0,0,0,0,0,0,0,18,18,1,7,6,2,2,0,0,17,13,4,3,12,0,1,3
533422724,2,533422721,,4,2,2,*,*,*,*,*,*,*,*,*,*,*,*,*,*,*,*,*,*,*,*,*,*,*,*,*,*,*,*,*,*,1,1,*,*,*,*,*,*,*,*,*,*,*,*,*,*,*
533422743,1,,533422643,44,22,22,7,5,2,39,18,21,19,9,10,38,18,20,38,18,20,20,9,11,6,3,3,2,1,1,1,1,0,0,0,0,16,16,5,4,5,0,0,3,0,12,10,2,3,13,0,5,4
533422744,0,,,43,19,24,4,0,4,39,19,20,22,11,11,36,18,18,34,17,17,17,8,9,7,3,4,2,1,1,1,0,1,0,0,0,16,16,3,5,4,2,2,0,0,13,10,3,2,10,0,2,3
533422752,2,533422754,,11,6,5,*,*,*,*,*,*,*,*,*,*,*,*,*,*,*,*,*,*,*,*,*,*,*,*,*,*,*,*,*,*,3,3,*,*,*,*,*,*,*,*,*,*,*,*,*,*,*
533422754,1,,533422752,86,41,45,12,6,6,85,41,44,51,24,27,85,41,44,85,41,44,34,17,17,15,6,9,3,1,2,1,0,1,0,0,0,28,28,3,12,6,3,4,1,2,28,20,8,4,21,0,0,9
533422761,1,,533422764,43,19,24,1,1,0,46,20,26,27,12,15,44,19,25,44,19,25,19,8,11,9,3,6,4,0,4,0,0,0,0,0,0,14,14,1,3,6,3,2,0,0,14,9,5,0,11,0,0,2
533422763,0,,,114,56,58,18,10,8,96,46,50,74,37,37,90,42,48,90,42,48,22,9,13,10,3,7,4,1,3,0,0,0,0,0,0,43,43,9,16,5,7,6,0,0,34,29,5,4,16,0,5,3
533422764,2,533422761,,4,2,2,*,*,*,*,*,*,*,*,*,*,*,*,*,*,*,*,*,*,*,*,*,*,*,*,*,*,*,*,*,*,1,1,*,*,*,*,*,*,*,*,*,*,*,*,*,*,*
533422771,0,,,75,37,38,4,2,2,71,35,36,39,20,19,68,33,35,68,33,35,32,15,17,16,6,10,11,4,7,1,0,1,1,0,1,24,24,4,3,9,3,4,1,0,20,11,9,2,20,0,2,1
533422772,1,,533422674,26,14,12,4,3,1,29,15,14,16,10,6,28,14,14,27,13,14,13,5,8,7,2,5,0,0,0,0,0,0,0,0,0,10,10,2,6,3,0,2,0,0,11,9,2,1,10,0,2,1
533422773,0,,,149,75,74,9,3,6,140,72,68,73,40,33,138,70,68,138,70,68,67,32,35,35,15,20,17,5,12,0,0,0,0,0,0,57,57,12,19,15,4,4,3,0,45,34,11,4,46,0,8,12
533422774,0,,,84,39,45,7,6,1,77,33,44,38,19,19,75,32,43,73,32,41,39,14,25,21,7,14,6,2,4,0,0,0,0,0,0,26,26,2,9,6,2,5,1,1,24,15,9,2,22,0,2,8
533422781,2,533422782,,5,2,3,*,*,*,*,*,*,*,*,*,*,*,*,*,*,*,*,*,*,*,*,*,*,*,*,*,*,*,*,*,*,3,3,*,*,*,*,*,*,*,*,*,*,*,*,*,*,*
533422782,1,,533422781;533422791,129,60,69,17,11,6,162,79,83,70,35,35,161,78,83,160,77,83,92,44,48,60,24,36,29,7,22,3,0,3,0,0,0,41,41,9,15,4,8,5,1,3,36,20,16,5,35,0,7,8
533422791,2,533422782,,45,28,17,*,*,*,*,*,*,*,*,*,*,*,*,*,*,*,*,*,*,*,*,*,*,*,*,*,*,*,*,*,*,2,1,*,*,*,*,*,*,*,*,*,*,*,*,*,*,*
533422833,0,,,151,74,77,12,7,5,139,67,72,81,43,38,133,63,70,131,63,68,58,24,34,36,14,22,13,3,10,0,0,0,0,0,0,49,49,7,15,15,2,4,3,3,42,30,12,4,39,0,6,6
533422834,0,,,329,157,172,39,20,19,290,137,153,166,87,79,279,132,147,273,127,146,124,50,74,55,20,35,12,2,10,0,0,0,0,0,0,105,105,16,28,21,21,8,7,4,88,57,31,10,80,0,11,15
533422841,0,,,44,25,19,8,7,1,36,18,18,20,9,11,35,18,17,35,18,17,16,9,7,5,2,3,2,0,2,0,0,0,0,0,0,13,13,2,3,1,4,1,2,0,11,8,3,1,11,0,2,1
533422842,0,,,65,32,33,11,6,5,54,26,28,45,24,21,53,25,28,51,23,28,9,2,7,4,1,3,1,0,1,0,0,0,0,0,0,25,25,4,8,8,4,1,0,0,21,21,0,2,7,0,2,2
533422843,0,,,30,16,14,2,2,0,28,14,14,14,8,6,28,14,14,28,14,14,14,6,8,6,2,4,3,2,1,0,0,0,0,0,0,11,11,2,3,4,1,0,1,0,9,6,3,1,9,0,1,2
533422844,0,,,230,125,105,35,22,13,195,103,92,160,83,77,183,98,85,176,93,83,35,20,15,10,6,4,4,2,2,0,0,0,0,0,0,74,74,12,12,21,18,8,2,1,61,51,10,10,25,2,6,6
533422851,0,,,246,117,129,27,11,16,219,106,113,126,65,61,214,103,111,212,102,110,93,41,52,53,21,32,15,4,11,0,0,0,0,0,0,82,82,12,21,24,13,6,4,2,69,41,28,8,61,0,7,8
533422852,0,,,21,11,10,5,2,3,16,9,7,12,7,5,15,8,7,15,8,7,4,2,2,4,2,2,2,1,1,0,0,0,0,0,0,7,7,1,1,3,1,1,0,0,6,5,1,3,2,0,0,1
533422861,0,,,105,54,51,11,6,5,94,48,46,54,32,22,89,46,43,89,46,43,40,16,24,25,10,15,9,2,7,0,0,0,0,0,0,45,44,15,14,5,7,3,0,0,29,24,5,7,26,0,8,8
533422862,0,,,218,101,117,23,12,11,195,89,106,124,61,63,190,87,103,185,85,100,71,28,43,32,13,19,13,3,10,0,0,0,1,1,0,87,87,20,29,23,9,3,1,2,67,57,10,8,44,1,10,13
533422863,2,533422864,,3,1,2,*,*,*,*,*,*,*,*,*,*,*,*,*,*,*,*,*,*,*,*,*,*,*,*,*,*,*,*,*,*,1,1,*,*,*,*,*,*,*,*,*,*,*,*,*,*,*
533422864,1,,533422863,538,251,287,75,42,33,465,210,255,265,121,144,455,207,248,454,206,248,200,89,111,99,36,63,42,13,29,8,2,6,14,1,13,217,216,62,75,44,23,9,4,0,154,136,18,18,113,1,25,37
533422871,0,,,56,22,34,17,5,12,39,17,22,35,16,19,34,15,19,33,15,18,4,1,3,1,0,1,1,0,1,1,0,1,0,0,0,14,14,0,2,3,5,2,1,1,14,11,3,6,3,0,0,0
533422872,0,,,41,22,19,9,5,4,31,16,15,28,14,14,31,16,15,30,16,14,3,2,1,2,1,1,0,0,0,0,0,0,0,0,0,19,19,8,5,3,1,2,0,0,11,11,0,3,3,2,3,0
533422873,0,,,43,18,25,13,5,8,29,13,16,28,13,15,28,12,16,28,12,16,1,0,1,1,0,1,0,0,0,0,0,0,0,0,0,17,17,4,5,4,3,1,0,0,13,13,0,7,1,2,0,0
533422874,0,,,9,4,5,0,0,0,9,4,5,5,3,2,9,4,5,9,4,5,4,1,3,2,0,2,1,0,1,0,0,0,0,0,0,4,4,1,1,2,0,0,0,0,3,2,1,0,3,0,0,0
533422931,0,,,173,86,87,21,10,11,152,76,76,97,50,47,152,76,76,149,73,76,55,26,29,24,9,15,9,3,6,0,0,0,0,0,0,58,58,10,17,13,6,6,6,0,48,32,16,4,37,0,7,10
533422932,0,,,625,326,299,90,49,41,534,276,258,395,211,184,504,254,250,487,243,244,139,65,74,59,26,33,9,2,7,1,0,1,16,16,0,223,223,55,59,46,27,20,9,7,168,132,36,26,91,16,17,22
533422934,0,,,267,135,132,33,15,18,234,120,114,135,76,59,227,113,114,224,111,113,99,44,55,48,22,26,18,9,9,2,1,1,0,0,0,100,100,23,34,18,13,6,3,3,76,60,16,9,68,0,15,11
533422941,0,,,73,34,39,8,4,4,65,30,35,44,22,22,63,28,35,61,26,35,21,8,13,11,3,8,4,0,4,2,0,2,0,0,0,28,28,5,10,7,3,3,0,0,23,18,5,3,13,0,1,5
533422942,0,,,232,101,131,27,13,14,205,88,117,135,62,73,195,84,111,188,81,107,70,26,44,36,11,25,17,5,12,2,0,2,2,0,2,87,87,20,29,19,7,5,5,2,67,56,11,11,49,0,10,11
533422943,0,,,128,62,66,9,6,3,119,56,63,59,31,28,114,53,61,113,53,60,60,25,35,34,14,20,6,1,5,2,0,2,0,0,0,47,47,7,19,9,6,5,0,1,40,33,7,2,38,0,6,10
533422944,0,,,23,9,14,4,3,1,19,6,13,13,4,9,18,6,12,18,6,12,6,2,4,4,1,3,2,0,2,0,0,0,0,0,0,8,8,2,2,2,1,0,0,1,6,3,3,1,5,0,1,1
533422962,0,,,342,160,182,53,24,29,288,136,152,203,100,103,276,131,145,270,125,145,85,36,49,36,12,24,11,3,8,0,0,0,5,2,3,119,119,21,37,25,19,8,7,2,97,75,22,16,56,3,5,19
533422963,0,,,199,94,105,24,13,11,175,81,94,121,60,61,168,77,91,163,76,87,54,21,33,25,8,17,9,0,9,1,0,1,0,0,0,73,73,15,22,22,8,1,2,3,58,50,8,7,37,1,8,8
533422964,0,,,229,120,109,34,23,11,195,97,98,140,73,67,187,93,94,185,91,94,55,24,31,26,10,16,6,1,5,0,0,0,1,1,0,94,94,31,26,14,12,10,1,0,62,52,10,6,43,2,15,8
533423014,2,533423112,,8,4,4,*,*,*,*,*,*,*,*,*,*,*,*,*,*,*,*,*,*,*,*,*,*,*,*,*,*,*,*,*,*,2,2,*,*,*,*,*,*,*,*,*,*,*,*,*,*,*
533423023,1,,533423031,24,11,13,2,1,1,23,11,12,12,6,6,23,11,12,23,11,12,11,5,6,3,0,3,2,0,2,0,0,0,0,0,0,10,10,4,3,1,3,0,0,0,7,3,4,1,9,0,3,0
533423031,2,533423023,,1,1,0,*,*,*,*,*,*,*,*,*,*,*,*,*,*,*,*,*,*,*,*,*,*,*,*,*,*,*,*,*,*,1,1,*,*,*,*,*,*,*,*,*,*,*,*,*,*,*
533423051,1,,533423053,85,39,46,2,1,1,89,40,49,27,13,14,86,39,47,85,38,47,62,27,35,37,14,23,12,4,8,0,0,0,0,0,0,39,39,8,21,6,3,1,1,0,32,23,9,1,40,0,8,15
533423053,2,533423051,,6,2,4,*,*,*,*,*,*,*,*,*,*,*,*,*,*,*,*,*,*,*,*,*,*,*,*,*,*,*,*,*,*,1,1,*,*,*,*,*,*,*,*,*,*,*,*,*,*,*
533423062,0,,,157,78,79,7,4,3,150,74,76,74,40,34,145,71,74,142,70,72,76,34,42,45,22,23,12,6,6,1,0,1,0,0,0,57,57,14,11,14,14,2,1,1,42,26,16,1,48,0,12,6
533423063,0,,,38,17,21,3,2,1,35,15,20,17,8,9,34,15,19,34,15,19,18,7,11,12,5,7,3,1,2,0,0,0,0,0,0,12,12,2,2,3,3,1,1,0,10,5,5,1,11,0,2,2
533423064,0,,,8,4,4,0,0,0,8,4,4,1,1,0,8,4,4,8,4,4,7,3,4,5,2,3,3,1,2,0,0,0,0,0,0,4,4,1,2,1,0,0,0,0,3,3,0,0,4,0,1,2
533423112,1,,533423014;533423121,37,18,19,2,0,2,47,23,24,19,8,11,44,22,22,44,22,22,28,15,13,13,6,7,9,3,6,2,0,2,0,0,0,15,15,5,7,3,3,0,0,1,14,9,5,0,18,0,5,6
533423113,0,,,10,5,5,0,0,0,10,5,5,5,2,3,10,5,5,10,5,5,5,3,2,1,0,1,0,0,0,0,0,0,0,0,0,5,5,2,1,2,0,0,0,0,3,1,2,0,4,0,1,0
533423114,0,,,29,11,18,0,0,0,29,11,18,18,8,10,28,11,17,28,11,17,11,3,8,8,3,5,6,2,4,0,0,0,0,0,0,13,13,4,4,3,2,0,0,0,9,7,2,0,9,0,4,1
533423121,2,533423112,,4,1,3,*,*,*,*,*,*,*,*,*,*,*,*,*,*,*,*,*,*,*,*,*,*,*,*,*,*,*,*,*,*,2,2,*,*,*,*,*,*,*,*,*,*,*,*,*,*,*
533423142,2,533423251,,3,2,1,*,*,*,*,*,*,*,*,*,*,*,*,*,*,*,*,*,*,*,*,*,*,*,*,*,*,*,*,*,*,2,2,*,*,*,*,*,*,*,*,*,*,*,*,*,*,*
533423144,2,533423251,,3,1,2,*,*,*,*,*,*,*,*,*,*,*,*,*,*,*,*,*,*,*,*,*,*,*,*,*,*,*,*,*,*,3,3,*,*,*,*,*,*,*,*,*,*,*,*,*,*,*
533423161,0,,,55,25,30,1,1,0,54,24,30,25,12,13,53,24,29,53,24,29,29,12,17,21,7,14,5,1,4,0,0,0,0,0,0,23,23,5,9,5,3,1,0,0,18,12,6,0,21,0,4,6
533423163,0,,,12,5,7,0,0,0,12,5,7,4,2,2,12,5,7,12,5,7,8,3,5,6,2,4,5,2,3,2,1,1,0,0,0,6,6,2,2,2,0,0,0,0,4,2,2,0,5,0,2,1
533423183,0,,,45,25,20,3,2,1,42,23,19,20,12,8,41,23,18,41,23,18,22,11,11,11,7,4,2,2,0,0,0,0,0,0,0,18,18,3,9,2,2,2,0,0,15,10,5,1,15,0,3,5
533423184,0,,,14,6,8,0,0,0,14,6,8,7,4,3,14,6,8,14,6,8,7,2,5,5,1,4,2,0,2,0,0,0,0,0,0,5,5,0,2,2,1,0,0,0,5,4,1,0,4,0,0,0
533423212,0,,,18,8,10,0,0,0,18,8,10,3,1,2,18,8,10,18,8,10,15,7,8,5,2,3,3,0,3,0,0,0,0,0,0,8,8,1,4,3,0,0,0,0,7,5,2,0,8,0,1,4
533423214,1,,533423223;533423321,81,39,42,7,2,5,79,39,40,43,23,20,77,38,39,75,36,39,36,16,20,18,7,11,8,4,4,0,0,0,0,0,0,30,30,6,9,9,5,3,0,0,26,18,8,1,24,0,4,7
533423223,2,533423214,,4,2,2,*,*,*,*,*,*,*,*,*,*,*,*,*,*,*,*,*,*,*,*,*,*,*,*,*,*,*,*,*,*,1,1,*,*,*,*,*,*,*,*,*,*,*,*,*,*,*
533423234,2,533423344,,2,1,1,*,*,*,*,*,*,*,*,*,*,*,*,*,*,*,*,*,*,*,*,*,*,*,*,*,*,*,*,*,*,1,1,*,*,*,*,*,*,*,*,*,*,*,*,*,*,*
533423251,1,,533423142;533423144,18,7,11,0,0,0,24,10,14,5,1,4,23,10,13,23,10,13,19,9,10,10,3,7,4,1,3,0,0,0,0,0,0,6,6,4,4,0,3,0,0,0,7,4,3,0,11,0,4,4
533423252,2,533423254,,4,2,2,*,*,*,*,*,*,*,*,*,*,*,*,*,*,*,*,*,*,*,*,*,*,*,*,*,*,*,*,*,*,2,2,*,*,*,*,*,*,*,*,*,*,*,*,*,*,*
533423253,0,,,25,13,12,0,0,0,25,13,12,9,5,4,25,13,12,25,13,12,16,8,8,9,5,4,3,1,2,0,0,0,0,0,0,11,11,4,2,4,0,1,0,0,7,4,3,0,10,0,4,2
533423254,1,,533423252,7,5,2,0,0,0,11,7,4,3,3,0,11,7,4,11,7,4,8,4,4,6,3,3,2,1,1,0,0,0,0,0,0,2,2,0,2,1,1,0,0,0,4,4,0,0,4,0,0,2
533423271,2,533423273,,3,1,2,*,*,*,*,*,*,*,*,*,*,*,*,*,*,*,*,*,*,*,*,*,*,*,*,*,*,*,*,*,*,1,1,*,*,*,*,*,*,*,*,*,*,*,*,*,*,*
533423272,2,533423273,,6,3,3,*,*,*,*,*,*,*,*,*,*,*,*,*,*,*,*,*,*,*,*,*,*,*,*,*,*,*,*,*,*,1,1,*,*,*,*,*,*,*,*,*,*,*,*,*,*,*
533423273,1,,533423271;533423272,96,44,52,10,3,7,95,45,50,53,31,22,95,45,50,95,45,50,42,14,28,25,5,20,10,2,8,1,0,1,0,0,0,28,28,5,6,5,6,2,4,2,24,6,18,2,29,0,5,2
533423274,0,,,42,19,23,4,3,1,38,16,22,26,13,13,35,14,21,35,14,21,12,3,9,8,2,6,3,0,3,2,0,2,0,0,0,9,9,0,1,1,2,3,0,2,9,2,7,1,7,0,0,0
533423281,0,,,81,41,40,8,5,3,73,36,37,37,21,16,67,33,34,66,33,33,36,15,21,19,6,13,7,1,6,1,0,1,0,0,0,28,28,6,8,6,2,3,3,0,22,12,10,0,23,0,4,2
533423282,0,,,16,7,9,1,0,1,15,7,8,6,5,1,15,7,8,15,7,8,9,2,7,5,0,5,1,0,1,0,0,0,1,0,1,7,7,1,4,1,1,0,0,0,6,3,3,0,6,0,1,1
533423284,0,,,93,46,47,11,5,6,82,41,41,43,24,19,80,40,40,79,40,39,39,17,22,21,10,11,8,4,4,1,0,1,0,0,0,34,34,8,10,6,6,2,1,1,26,15,11,2,27,0,6,6
533423291,2,533423293,,6,3,3,*,*,*,*,*,*,*,*,*,*,*,*,*,*,*,*,*,*,*,*,*,*,*,*,*,*,*,*,*,*,1,1,*,*,*,*,*,*,*,*,*,*,*,*,*,*,*
533423293,1,,533423291,160,74,86,16,9,7,150,68,82,74,37,37,147,66,81,145,64,81,76,31,45,43,15,28,21,6,15,2,1,1,0,0,0,53,53,8,17,11,7,5,5,1,46,22,24,3,47,1,7,9
533423294,0,,,159,81,78,19,11,8,140,70,70,70,41,29,137,70,67,136,69,67,70,29,41,37,15,22,11,2,9,2,1,1,0,0,0,57,57,13,19,10,5,4,4,2,44,29,15,5,46,0,10,9
533423311,0,,,27,14,13,4,4,0,23,10,13,10,5,5,23,10,13,23,10,13,13,5,8,6,2,4,3,1,2,0,0,0,0,0,0,10,10,2,5,1,0,1,0,1,8,5,3,1,9,0,2,5
533423312,0,,,45,20,25,3,2,1,42,18,24,22,11,11,41,18,23,41,18,23,20,7,13,7,2,5,6,1,5,0,0,0,0,0,0,17,17,3,5,6,2,0,1,0,14,11,3,1,14,0,3,3
533423313,0,,,91,41,50,6,4,2,85,37,48,46,24,22,82,36,46,82,36,46,39,13,26,19,4,15,13,2,11,1,0,1,0,0,0,36,36,12,7,7,7,2,1,0,24,12,12,3,29,0,11,4
533423314,0,,,16,7,9,1,1,0,15,6,9,10,5,5,15,6,9,15,6,9,5,1,4,3,1,2,1,0,1,0,0,0,0,0,0,4,4,0,0,1,2,1,0,0,3,0,3,0,4,0,0,0
533423321,2,533423214,,1,0,1,*,*,*,*,*,*,*,*,*,*,*,*,*,*,*,*,*,*,*,*,*,*,*,*,*,*,*,*,*,*,1,1,*,*,*,*,*,*,*,*,*,*,*,*,*,*,*
533423342,2,533423344,,2,1,1,*,*,*,*,*,*,*,*,*,*,*,*,*,*,*,*,*,*,*,*,*,*,*,*,*,*,*,*,*,*,1,1,*,*,*,*,*,*,*,*,*,*,*,*,*,*,*
533423344,1,,533423234;533423342,16,8,8,0,0,0,20,10,10,10,6,4,19,10,9,18,9,9,10,4,6,5,2,3,2,1,1,0,0,0,0,0,0,5,5,0,4,2,0,0,1,0,7,5,2,0,6,0,0,3
533423351,2,533423353,,1,1,0,*,*,*,*,*,*,*,*,*,*,*,*,*,*,*,*,*,*,*,*,*,*,*,*,*,*,*,*,*,*,1,1,*,*,*,*,*,*,*,*,*,*,*,*,*,*,*
533423353,1,,533423351,115,50,65,12,3,9,104,48,56,43,24,19,102,47,55,102,47,55,61,24,37,33,13,20,17,4,13,2,0,2,0,0,0,42,42,12,11,10,3,4,2,1,31,18,13,4,38,0,11,8
533423371,0,,,54,24,30,6,1,5,48,23,25,29,14,15,46,22,24,45,22,23,19,9,10,10,5,5,4,1,3,0,0,0,0,0,0,16,16,3,3,3,2,3,1,1,13,3,10,1,14,0,2,0
533423372,0,,,36,16,20,2,1,1,34,15,19,25,11,14,32,15,17,31,15,16,9,4,5,7,2,5,3,0,3,0,0,0,0,0,0,12,12,2,3,2,4,0,1,0,10,4,6,1,8,0,1,2
533423373,0,,,58,27,31,5,2,3,53,25,28,25,14,11,53,25,28,53,25,28,28,11,17,17,5,12,9,4,5,0,0,0,0,0,0,20,20,3,7,6,0,2,1,1,17,10,7,0,17,0,3,3
533423374,0,,,112,50,62,15,8,7,97,42,55,55,24,31,97,42,55,95,41,54,42,18,24,20,7,13,7,2,5,0,0,0,0,0,0,39,39,6,14,8,5,3,2,1,33,20,13,3,29,0,6,6
533423381,2,533423384,,9,4,5,*,*,*,*,*,*,*,*,*,*,*,*,*,*,*,*,*,*,*,*,*,*,*,*,*,*,*,*,*,*,3,3,*,*,*,*,*,*,*,*,*,*,*,*,*,*,*
533423382,0,,,113,44,69,10,5,5,103,39,64,60,23,37,100,38,62,99,37,62,43,16,27,29,11,18,18,8,10,1,0,1,14,0,14,41,41,17,6,3,6,4,4,1,24,7,17,4,27,6,3,4
533423384,1,,533423381,10,4,6,4,1,3,15,7,8,9,5,4,15,7,8,15,7,8,6,2,4,5,2,3,2,1,1,0,0,0,0,0,0,5,5,3,2,1,1,1,0,0,5,4,1,2,5,0,3,0
533423391,0,,,8,4,4,0,0,0,8,4,4,5,2,3,8,4,4,8,4,4,3,2,1,3,2,1,3,2,1,0,0,0,2,0,2,4,4,2,0,2,0,0,0,0,2,1,1,0,2,0,0,0
533423392,0,,,15,8,7,4,3,1,11,5,6,6,3,3,11,5,6,11,5,6,5,2,3,3,1,2,3,1,2,2,1,1,0,0,0,4,4,1,1,0,1,0,0,1,3,1,2,1,4,0,1,0
533423402,1,,533423403,31,17,14,0,0,0,36,19,17,16,8,8,36,19,17,36,19,17,20,11,9,6,1,5,3,1,2,0,0,0,0,0,0,12,12,4,3,6,2,0,0,0,11,9,2,0,14,0,3,2
533423403,2,533423402,,5,2,3,*,*,*,*,*,*,*,*,*,*,*,*,*,*,*,*,*,*,*,*,*,*,*,*,*,*,*,*,*,*,3,3,*,*,*,*,*,*,*,*,*,*,*,*,*,*,*
533423451,0,,,14,7,7,3,2,1,11,5,6,6,4,2,11,5,6,11,5,6,5,1,4,1,0,1,0,0,0,0,0,0,0,0,0,6,6,2,2,1,0,1,0,0,4,3,1,0,4,0,2,1
533423471,1,,533423473,113,57,56,15,6,9,104,53,51,52,30,22,104,53,51,103,52,51,52,23,29,28,11,17,15,6,9,2,0,2,0,0,0,35,35,6,6,10,9,2,3,1,31,15,16,3,32,0,4,2
533423473,2,533423471,,6,2,4,*,*,*,*,*,*,*,*,*,*,*,*,*,*,*,*,*,*,*,*,*,*,*,*,*,*,*,*,*,*,2,2,*,*,*,*,*,*,*,*,*,*,*,*,*,*,*
533423501,0,,,14,7,7,0,0,0,14,7,7,5,3,2,14,7,7,14,7,7,9,4,5,6,3,3,2,1,1,1,0,1,0,0,0,6,6,0,4,2,0,0,0,0,6,5,1,0,5,0,0,3
533423502,0,,,85,35,50,7,3,4,78,32,46,43,17,26,78,32,46,78,32,46,35,15,20,21,5,16,11,2,9,0,0,0,0,0,0,32,32,11,8,6,1,3,1,2,21,13,8,3,26,0,10,6
533423504,0,,,21,10,11,3,2,1,18,8,10,9,3,6,17,8,9,16,7,9,9,5,4,4,3,1,1,1,0,0,0,0,0,0,0,7,7,0,4,1,1,0,1,0,7,5,2,1,5,0,0,3
533423551,2,533423552,,7,3,4,*,*,*,*,*,*,*,*,*,*,*,*,*,*,*,*,*,*,*,*,*,*,*,*,*,*,*,*,*,*,2,2,*,*,*,*,*,*,*,*,*,*,*,*,*,*,*
533423552,1,,533423551,49,28,21,6,2,4,50,29,21,32,20,12,48,27,21,47,26,21,18,9,9,10,4,6,4,1,3,0,0,0,0,0,0,17,17,3,5,3,6,2,0,0,16,9,7,2,13,0,1,2
533423554,0,,,77,40,37,5,2,3,72,38,34,42,22,20,70,37,33,70,37,33,30,16,14,20,8,12,11,5,6,0,0,0,0,0,0,28,28,7,10,2,4,3,1,1,21,13,8,2,21,1,5,5
533423563,2,533423661,,3,1,2,*,*,*,*,*,*,*,*,*,*,*,*,*,*,*,*,*,*,*,*,*,*,*,*,*,*,*,*,*,*,2,2,*,*,*,*,*,*,*,*,*,*,*,*,*,*,*
533423584,0,,,97,47,50,9,8,1,88,39,49,58,25,33,85,36,49,83,36,47,30,14,16,9,3,6,7,2,5,0,0,0,0,0,0,38,38,8,15,5,6,4,0,0,30,26,4,3,19,0,4,7
533423594,0,,,61,27,34,2,1,1,59,26,33,28,13,15,56,24,32,56,24,32,31,13,18,18,7,11,7,3,4,0,0,0,0,0,0,22,22,2,9,8,1,0,1,1,20,13,7,0,19,0,2,8
533423601,0,,,103,52,51,7,4,3,96,48,48,41,24,17,93,46,47,89,44,45,55,24,31,28,11,17,11,3,8,2,0,2,0,0,0,33,33,4,10,10,3,1,4,1,29,18,11,0,32,0,4,4
533423602,0,,,78,33,45,3,2,1,75,31,44,33,18,15,70,29,41,68,28,40,42,13,29,28,6,22,17,3,14,3,0,3,0,0,0,23,22,3,4,8,4,1,1,1,19,10,9,0,20,0,2,2
533423661,1,,533423563,79,38,41,11,6,5,71,33,38,31,17,14,70,32,38,70,32,38,40,16,24,22,7,15,12,4,8,0,0,0,0,0,0,30,30,10,10,6,2,1,1,2,22,13,9,3,26,0,7,7
533423662,0,,,81,40,41,3,1,2,78,39,39,32,18,14,78,39,39,78,39,39,46,21,25,26,11,15,17,7,10,2,0,2,0,0,0,32,32,8,10,8,4,0,1,1,24,16,8,1,27,0,8,4
533423664,0,,,47,21,26,7,2,5,40,19,21,30,14,16,38,17,21,37,17,20,10,5,5,6,2,4,2,0,2,0,0,0,1,0,1,17,17,3,4,5,4,1,0,0,14,12,2,2,6,0,2,1
533423682,0,,,285,119,166,29,20,9,256,99,157,111,55,56,248,95,153,245,94,151,145,44,101,97,21,76,54,12,42,8,1,7,2,1,1,72,70,14,21,11,11,8,2,3,55,34,21,5,50,0,10,10
533423684,0,,,187,95,92,15,9,6,172,86,86,102,53,49,167,84,83,164,82,82,70,33,37,40,17,23,10,5,5,1,1,0,5,1,4,74,74,22,22,14,7,4,4,1,52,36,16,2,48,8,6,8
533423691,0,,,140,61,79,11,4,7,127,56,71,82,38,44,124,54,70,119,51,68,45,18,27,26,12,14,8,4,4,1,0,1,2,0,2,68,68,40,9,7,3,7,1,1,28,16,12,1,31,14,10,3
533423693,0,,,307,148,159,22,12,10,285,136,149,169,87,82,274,133,141,269,129,140,116,49,67,52,20,32,24,10,14,2,1,1,6,4,2,135,135,51,36,25,11,9,2,1,84,60,24,4,86,6,26,17
533423772,0,,,158,73,85,18,10,8,140,63,77,74,37,37,136,60,76,132,58,74,66,26,40,32,11,21,14,4,10,1,0,1,0,0,0,52,52,12,14,10,4,6,1,5,40,20,20,4,41,0,7,8
533423774,0,,,148,72,76,10,7,3,138,65,73,75,41,34,134,63,71,129,58,71,63,24,39,37,11,26,13,3,10,1,0,1,1,0,1,51,51,9,17,9,8,3,4,1,42,28,14,1,43,0,7,6
533423782,0,,,110,56,54,17,7,10,93,49,44,59,34,25,90,48,42,90,48,42,34,15,19,9,3,6,3,0,3,0,0,0,0,0,0,40,40,12,8,10,3,4,1,2,26,17,9,5,23,2,5,5
533423783,0,,,13,6,7,0,0,0,13,6,7,7,4,3,13,6,7,13,6,7,6,2,4,5,2,3,0,0,0,0,0,0,0,0,0,5,5,0,3,1,1,0,0,0,5,3,2,0,4,0,0,1
533423784,0,,,24,12,12,1,1,0,23,11,12,14,6,8,23,11,12,23,11,12,9,5,4,6,3,3,2,1,1,1,0,1,0,0,0,9,9,1,3,3,2,0,0,0,8,5,3,0,6,0,1,1
533423803,2,533423901,,4,2,2,*,*,*,*,*,*,*,*,*,*,*,*,*,*,*,*,*,*,*,*,*,*,*,*,*,*,*,*,*,*,2,2,*,*,*,*,*,*,*,*,*,*,*,*,*,*,*
533423882,0,,,158,79,79,17,11,6,141,68,73,75,36,39,138,65,73,138,65,73,66,32,34,33,15,18,10,2,8,3,0,3,1,0,1,59,59,9,20,19,6,3,1,1,50,37,13,2,38,1,7,12
533423884,0,,,65,32,33,12,9,3,53,23,30,26,13,13,52,22,30,52,22,30,27,10,17,19,6,13,5,1,4,0,0,0,0,0,0,25,25,6,11,3,1,1,2,1,19,13,6,2,19,0,6,6
533423893,0,,,30,17,13,6,5,1,24,12,12,16,9,7,20,9,11,20,9,11,8,3,5,4,2,2,0,0,0,0,0,0,0,0,0,10,10,1,4,1,2,2,0,0,9,8,1,0,4,0,0,2
533423901,1,,533423803;533423902,5,3,2,0,0,0,12,6,6,5,4,1,12,6,6,12,6,6,7,2,5,5,1,4,5,1,4,0,0,0,0,0,0,3,3,3,3,1,0,0,0,0,3,3,0,0,5,1,2,1
533423902,2,533423901,,3,1,2,*,*,*,*,*,*,*,*,*,*,*,*,*,*,*,*,*,*,*,*,*,*,*,*,*,*,*,*,*,*,2,2,*,*,*,*,*,*,*,*,*,*,*,*,*,*,*
533423982,2,533423991,,6,3,3,*,*,*,*,*,*,*,*,*,*,*,*,*,*,*,*,*,*,*,*,*,*,*,*,*,*,*,*,*,*,2,2,*,*,*,*,*,*,*,*,*,*,*,*,*,*,*
533423991,1,,533423982,126,61,65,38,18,20,94,46,48,77,39,38,86,40,46,84,39,45,17,7,10,10,3,7,6,2,4,0,0,0,0,0,0,38,38,3,9,13,8,4,2,1,37,34,3,8,11,0,1,1
533423993,0,,,68,30,38,5,2,3,63,28,35,41,20,21,61,27,34,61,27,34,22,8,14,8,1,7,3,0,3,1,0,1,0,0,0,24,24,3,10,5,2,3,0,1,21,18,3,1,16,0,3,3
533423994,0,,,25,15,10,5,3,2,20,12,8,11,7,4,20,12,8,20,12,8,9,5,4,4,2,2,2,0,2,0,0,0,0,0,0,8,8,1,4,0,1,0,2,0,7,5,2,2,6,0,1,1
533424043,0,,,25,12,13,3,1,2,22,11,11,10,5,5,22,11,11,22,11,11,12,6,6,9,5,4,4,3,1,0,0,0,0,0,0,8,8,2,3,0,2,0,0,1,6,3,3,1,7,0,2,2
533424052,0,,,108,47,61,12,6,6,96,41,55,48,23,25,92,39,53,92,39,53,48,18,30,37,13,24,23,8,15,0,0,0,0,0,0,31,30,6,7,6,7,1,2,1,24,15,9,2,18,0,2,4
533424062,0,,,32,13,19,4,2,2,28,11,17,12,4,8,26,11,15,25,10,15,16,7,9,11,5,6,6,2,4,1,0,1,0,0,0,12,12,4,5,0,0,1,1,1,8,5,3,0,11,0,4,4
533424103,0,,,30,12,18,0,0,0,30,12,18,15,6,9,30,12,18,29,12,17,15,6,9,9,4,5,3,1,2,0,0,0,0,0,0,13,13,4,5,2,1,0,1,0,9,8,1,0,11,0,4,3
533424123,0,,,14,8,6,0,0,0,14,8,6,10,6,4,13,7,6,13,7,6,4,2,2,3,1,2,2,1,1,0,0,0,0,0,0,4,4,0,0,2,2,0,0,0,4,2,2,0,2,0,0,0
533424124,1,,533424222,97,48,49,5,4,1,96,46,50,39,21,18,95,45,50,95,45,50,57,25,32,34,14,20,14,6,8,0,0,0,0,0,0,36,36,7,18,7,3,1,1,2,32,22,10,2,37,0,6,14
533424151,2,533424152,,2,1,1,*,*,*,*,*,*,*,*,*,*,*,*,*,*,*,*,*,*,*,*,*,*,*,*,*,*,*,*,*,*,2,2,*,*,*,*,*,*,*,*,*,*,*,*,*,*,*
533424152,1,,533424151;533424273,36,18,18,0,0,0,42,22,20,17,10,7,42,22,20,42,22,20,25,12,13,14,6,8,7,3,4,1,1,0,0,0,0,14,14,2,10,5,0,1,0,0,16,12,4,0,17,0,2,8
533424153,0,,,16,9,7,0,0,0,16,9,7,8,5,3,16,9,7,16,9,7,8,4,4,5,1,4,4,1,3,0,0,0,0,0,0,6,6,1,1,3,1,0,0,0,5,4,1,0,6,0,1,0
533424154,1,,533424371,41,20,21,0,0,0,43,22,21,16,8,8,42,21,21,42,21,21,27,14,13,12,4,8,7,2,5,3,0,3,0,0,0,17,17,2,9,5,2,0,0,0,16,12,4,0,17,0,2,5
533424201,0,,,72,36,36,1,1,0,71,35,36,33,18,15,69,34,35,69,34,35,38,17,21,22,8,14,10,4,6,1,0,1,0,0,0,29,29,8,10,3,6,1,1,0,21,9,12,0,24,0,5,3
533424214,1,,533424312,21,10,11,1,1,0,23,11,12,14,5,9,23,11,12,23,11,12,9,6,3,2,1,1,1,0,1,0,0,0,0,0,0,7,7,1,3,3,2,0,0,0,8,5,3,1,6,0,0,2
533424222,2,533424124,,4,2,2,*,*,*,*,*,*,*,*,*,*,*,*,*,*,*,*,*,*,*,*,*,*,*,*,*,*,*,*,*,*,3,3,*,*,*,*,*,*,*,*,*,*,*,*,*,*,*
533424251,2,533424253,,10,5,5,*,*,*,*,*,*,*,*,*,*,*,*,*,*,*,*,*,*,*,*,*,*,*,*,*,*,*,*,*,*,3,3,*,*,*,*,*,*,*,*,*,*,*,*,*,*,*
533424253,1,,533424251,17,10,7,7,5,2,20,10,10,10,6,4,20,10,10,20,10,10,10,4,6,7,3,4,4,2,2,0,0,0,0,0,0,5,5,3,0,2,1,0,1,1,5,2,3,1,7,0,2,0
533424273,2,533424152,,4,3,1,*,*,*,*,*,*,*,*,*,*,*,*,*,*,*,*,*,*,*,*,*,*,*,*,*,*,*,*,*,*,2,2,*,*,*,*,*,*,*,*,*,*,*,*,*,*,*
533424312,2,533424214,,3,2,1,*,*,*,*,*,*,*,*,*,*,*,*,*,*,*,*,*,*,*,*,*,*,*,*,*,*,*,*,*,*,2,2,*,*,*,*,*,*,*,*,*,*,*,*,*,*,*
533424351,0,,,32,13,19,3,2,1,29,11,18,17,6,11,29,11,18,29,11,18,12,5,7,9,2,7,6,2,4,0,0,0,0,0,0,13,13,6,2,1,3,0,0,1,7,4,3,1,11,0,5,1
533424371,2,533424154,,2,2,0,*,*,*,*,*,*,*,*,*,*,*,*,*,*,*,*,*,*,*,*,*,*,*,*,*,*,*,*,*,*,1,1,*,*,*,*,*,*,*,*,*,*,*,*,*,*,*
533424501,0,,,116,30,86,3,1,2,113,29,84,15,6,9,110,29,81,110,29,81,98,23,75,87,19,68,66,13,53,10,1,9,0,0,0,16,13,1,7,2,0,2,0,1,12,7,5,0,13,0,1,4
533424503,0,,,65,33,32,1,1,0,64,32,32,21,14,7,64,32,32,64,32,32,43,18,25,26,12,14,10,5,5,1,0,1,0,0,0,26,26,5,10,6,3,2,0,0,21,15,6,0,24,0,3,8
533424542,2,533424544,,8,5,3,*,*,*,*,*,*,*,*,*,*,*,*,*,*,*,*,*,*,*,*,*,*,*,*,*,*,*,*,*,*,3,3,*,*,*,*,*,*,*,*,*,*,*,*,*,*,*
533424544,1,,533424542,23,11,12,3,1,2,28,15,13,16,9,7,28,15,13,28,15,13,12,6,6,10,5,5,7,4,3,0,0,0,0,0,0,10,10,4,3,4,1,1,0,0,9,7,2,0,10,0,4,2
533424551,0,,,90,43,47,2,0,2,88,43,45,40,24,16,84,40,44,84,40,44,48,19,29,24,9,15,14,6,8,0,0,0,0,0,0,35,35,7,12,9,3,4,0,0,28,20,8,1,29,0,7,8
533424553,0,,,57,31,26,9,8,1,48,23,25,23,14,9,46,21,25,45,20,25,25,9,16,15,6,9,6,2,4,1,0,1,0,0,0,20,20,2,9,2,5,1,1,0,18,13,5,3,16,0,2,7
533424611,2,533424612,,6,4,2,*,*,*,*,*,*,*,*,*,*,*,*,*,*,*,*,*,*,*,*,*,*,*,*,*,*,*,*,*,*,2,2,*,*,*,*,*,*,*,*,*,*,*,*,*,*,*
533424612,1,,533424611,4,1,3,0,0,0,10,5,5,3,2,1,10,5,5,10,5,5,7,3,4,3,1,2,3,1,2,0,0,0,0,0,0,3,3,2,2,0,1,0,0,0,3,3,0,0,5,0,2,1
533424651,0,,,15,8,7,0,0,0,15,8,7,8,5,3,15,8,7,15,8,7,7,3,4,4,2,2,0,0,0,0,0,0,0,0,0,6,6,1,2,2,1,0,0,0,5,2,3,0,5,0,0,2
533424663,0,,,45,21,24,3,1,2,42,20,22,24,12,12,39,17,22,38,17,21,18,8,10,13,5,8,7,4,3,0,0,0,0,0,0,15,15,3,4,3,3,0,1,1,12,5,7,0,12,0,2,2
533424672,0,,,61,30,31,1,1,0,60,29,31,18,9,9,60,29,31,60,29,31,42,20,22,27,11,16,16,6,10,1,1,0,0,0,0,30,30,10,13,4,2,1,0,0,20,13,7,0,25,0,8,6
533424674,0,,,24,13,11,4,4,0,20,9,11,8,4,4,20,9,11,20,9,11,12,5,7,6,3,3,5,2,3,0,0,0,0,0,0,8,8,2,1,3,1,0,0,1,6,3,3,1,8,0,2,1
533424702,1,,533424704,15,6,9,0,0,0,22,10,12,6,4,2,22,10,12,22,10,12,16,6,10,7,2,5,4,1,3,2,0,2,0,0,0,8,8,4,6,2,0,0,0,0,8,7,1,0,10,0,3,3
533424704,2,533424702,,7,4,3,*,*,*,*,*,*,*,*,*,*,*,*,*,*,*,*,*,*,*,*,*,*,*,*,*,*,*,*,*,*,4,4,*,*,*,*,*,*,*,*,*,*,*,*,*,*,*
533424724,0,,,40,20,20,5,2,3,35,18,17,13,5,8,34,18,16,34,18,16,22,13,9,10,4,6,9,3,6,0,0,0,0,0,0,16,16,6,5,2,0,1,1,1,10,7,3,2,14,0,5,4
533424761,0,,,11,5,6,0,0,0,11,5,6,4,3,1,11,5,6,11,5,6,7,2,5,6,1,5,4,1,3,1,0,1,0,0,0,6,6,3,1,2,0,0,0,0,3,3,0,0,6,0,3,0
533424773,0,,,14,9,5,3,2,1,11,7,4,7,4,3,11,7,4,11,7,4,4,3,1,0,0,0,0,0,0,0,0,0,0,0,0,5,5,1,1,2,0,1,0,0,4,4,0,0,3,0,0,0
533424822,1,,533424943,18,7,11,2,1,1,18,7,11,9,3,6,18,7,11,18,7,11,9,4,5,5,0,5,2,0,2,0,0,0,0,0,0,6,6,3,2,1,1,0,1,0,5,2,3,0,8,0,3,0
533424881,2,533424882,,5,3,2,*,*,*,*,*,*,*,*,*,*,*,*,*,*,*,*,*,*,*,*,*,*,*,*,*,*,*,*,*,*,1,1,*,*,*,*,*,*,*,*,*,*,*,*,*,*,*
533424882,1,,533424881,17,10,7,3,2,1,19,11,8,8,6,2,19,11,8,19,11,8,11,5,6,4,1,3,1,0,1,0,0,0,0,0,0,7,7,2,1,3,1,1,0,0,6,5,1,1,6,0,1,1
533424901,0,,,14,9,5,1,1,0,13,8,5,8,5,3,13,8,5,13,8,5,5,3,2,1,1,0,1,1,0,0,0,0,0,0,0,5,5,1,2,0,1,1,0,0,4,3,1,0,3,0,0,2
533424902,0,,,29,14,15,1,1,0,28,13,15,9,4,5,28,13,15,28,13,15,19,9,10,11,3,8,7,2,5,0,0,0,0,0,0,11,11,2,5,2,0,1,1,0,9,5,4,1,11,0,2,3
533424912,0,,,21,11,10,0,0,0,21,11,10,8,5,3,21,11,10,21,11,10,13,6,7,8,3,5,6,3,3,0,0,0,0,0,0,9,9,2,3,3,1,0,0,0,7,4,3,0,9,0,2,2
533424913,2,533424914,,6,3,3,*,*,*,*,*,*,*,*,*,*,*,*,*,*,*,*,*,*,*,*,*,*,*,*,*,*,*,*,*,*,2,2,*,*,*,*,*,*,*,*,*,*,*,*,*,*,*
533424914,1,,533424913,39,18,21,0,0,0,45,21,24,21,11,10,45,21,24,45,21,24,24,10,14,15,7,8,6,4,2,0,0,0,0,0,0,15,15,4,5,4,2,1,1,0,13,10,3,0,16,0,4,2
533424921,2,533424923,,5,4,1,*,*,*,*,*,*,*,*,*,*,*,*,*,*,*,*,*,*,*,*,*,*,*,*,*,*,*,*,*,*,2,2,*,*,*,*,*,*,*,*,*,*,*,*,*,*,*
533424923,1,,533424921,34,18,16,6,2,4,33,20,13,19,13,6,32,20,12,31,19,12,14,7,7,5,2,3,2,0,2,1,0,1,0,0,0,10,10,4,2,2,1,1,0,2,8,4,4,1,9,0,3,1
533424943,2,533424822,,2,1,1,*,*,*,*,*,*,*,*,*,*,*,*,*,*,*,*,*,*,*,*,*,*,*,*,*,*,*,*,*,*,2,2,*,*,*,*,*,*,*,*,*,*,*,*,*,*,*
533424982,2,533424984,,6,2,4,*,*,*,*,*,*,*,*,*,*,*,*,*,*,*,*,*,*,*,*,*,*,*,*,*,*,*,*,*,*,2,2,*,*,*,*,*,*,*,*,*,*,*,*,*,*,*
533424983,0,,,25,16,9,4,2,2,21,14,7,13,8,5,21,14,7,20,13,7,8,6,2,3,2,1,1,1,0,0,0,0,0,0,0,8,8,1,4,0,1,1,0,1,7,5,2,1,6,0,0,3
533424984,1,,533424982,41,21,20,1,0,1,46,23,23,22,12,10,44,21,23,44,21,23,24,11,13,13,4,9,2,1,1,0,0,0,0,0,0,15,15,3,4,5,4,1,0,0,14,8,6,0,16,0,3,4
533425021,1,,533425022,61,26,35,4,0,4,64,29,35,36,16,20,62,27,35,60,26,34,28,13,15,15,7,8,5,3,2,0,0,0,0,0,0,20,20,3,4,7,4,4,0,0,18,13,5,1,16,0,2,3
533425022,2,533425021,,7,3,4,*,*,*,*,*,*,*,*,*,*,*,*,*,*,*,*,*,*,*,*,*,*,*,*,*,*,*,*,*,*,2,2,*,*,*,*,*,*,*,*,*,*,*,*,*,*,*
533425023,0,,,34,19,15,4,2,2,30,17,13,21,12,9,29,17,12,27,15,12,9,5,4,7,4,3,4,2,2,0,0,0,0,0,0,8,8,1,1,1,2,0,2,1,7,3,4,2,7,0,1,0
533425024,0,,,19,9,10,0,0,0,19,9,10,11,6,5,19,9,10,18,8,10,8,3,5,4,1,3,1,0,1,0,0,0,0,0,0,6,6,1,1,1,2,1,0,0,5,4,1,0,5,0,1,1
533425031,0,,,58,27,31,0,0,0,58,27,31,33,15,18,57,26,31,55,25,30,25,12,13,14,5,9,7,4,3,1,0,1,0,0,0,21,21,3,6,7,4,0,1,0,18,13,5,0,16,0,2,1
533425032,0,,,103,50,53,4,3,1,99,47,52,54,24,30,97,46,51,96,46,50,45,23,22,23,11,12,11,5,6,0,0,0,0,0,0,44,44,8,20,9,7,0,0,0,36,31,5,2,31,1,6,9
533425033,0,,,38,23,15,7,5,2,31,18,13,21,13,8,31,18,13,30,17,13,10,5,5,3,1,2,1,0,1,0,0,0,0,0,0,12,12,3,3,2,1,0,2,1,9,6,3,1,7,0,0,1
533425042,0,,,78,40,38,10,3,7,68,37,31,37,23,14,64,34,30,64,34,30,31,14,17,18,8,10,11,5,6,3,1,2,0,0,0,27,27,6,7,5,4,3,2,0,21,13,8,1,20,0,4,3
533425043,2,533425044,,3,1,2,*,*,*,*,*,*,*,*,*,*,*,*,*,*,*,*,*,*,*,*,*,*,*,*,*,*,*,*,*,*,1,1,*,*,*,*,*,*,*,*,*,*,*,*,*,*,*
533425044,1,,533425043,22,11,11,3,1,2,22,11,11,11,6,5,21,10,11,21,10,11,11,5,6,4,1,3,3,1,2,0,0,0,0,0,0,8,8,1,4,2,1,0,1,0,8,6,2,2,7,0,1,3
533425051,1,,533425071,128,61,67,9,5,4,120,57,63,57,26,31,116,56,60,112,54,58,63,31,32,26,9,17,7,0,7,1,0,1,0,0,0,44,44,9,15,9,4,3,3,2,36,20,16,2,39,0,5,12
533425071,2,533425051,,1,1,0,*,*,*,*,*,*,*,*,*,*,*,*,*,*,*,*,*,*,*,*,*,*,*,*,*,*,*,*,*,*,1,1,*,*,*,*,*,*,*,*,*,*,*,*,*,*,*
533425093,2,533425191,,7,4,3,*,*,*,*,*,*,*,*,*,*,*,*,*,*,*,*,*,*,*,*,*,*,*,*,*,*,*,*,*,*,3,3,*,*,*,*,*,*,*,*,*,*,*,*,*,*,*
533425114,0,,,35,19,16,4,2,2,31,17,14,23,12,11,29,16,13,29,16,13,8,5,3,6,3,3,3,1,2,0,0,0,0,0,0,10,10,1,2,2,3,1,0,1,9,5,4,2,6,0,1,1
533425121,0,,,37,17,20,0,0,0,37,17,20,15,6,9,37,17,20,37,17,20,22,11,11,7,3,4,5,2,3,0,0,0,0,0,0,17,17,2,10,5,0,0,0,0,15,14,1,0,15,0,2,7
533425123,0,,,37,19,18,0,0,0,37,19,18,20,11,9,37,19,18,37,19,18,17,8,9,8,3,5,5,2,3,0,0,0,0,0,0,14,14,3,4,5,0,1,1,0,11,8,3,0,11,0,2,2
533425131,0,,,32,14,18,3,2,1,29,12,17,15,7,8,29,12,17,29,12,17,14,5,9,6,2,4,3,1,2,0,0,0,0,0,0,11,11,3,3,2,1,0,1,1,8,5,3,1,8,0,2,1
533425132,0,,,28,15,13,1,1,0,27,14,13,11,5,6,26,14,12,26,14,12,16,9,7,5,2,3,2,1,1,0,0,0,0,0,0,16,16,6,9,0,1,0,0,0,10,10,0,0,11,0,3,8
533425133,0,,,56,25,31,1,0,1,55,25,30,32,16,16,53,24,29,53,24,29,23,9,14,10,4,6,2,1,1,0,0,0,1,0,1,32,32,13,14,5,0,0,0,0,19,17,2,1,17,0,6,7
533425191,1,,533425093,6,3,3,0,0,0,13,7,6,3,2,1,13,7,6,13,7,6,10,5,5,3,2,1,0,0,0,0,0,0,0,0,0,3,3,1,3,2,0,0,0,0,5,5,0,0,6,0,1,2
533425194,0,,,29,14,15,2,1,1,27,13,14,17,9,8,26,13,13,25,12,13,10,4,6,9,4,5,5,2,3,0,0,0,0,0,0,9,9,2,3,1,1,1,0,1,7,5,2,0,6,0,1,1
533425263,2,533425361,,9,4,5,*,*,*,*,*,*,*,*,*,*,*,*,*,*,*,*,*,*,*,*,*,*,*,*,*,*,*,*,*,*,3,3,*,*,*,*,*,*,*,*,*,*,*,*,*,*,*
533425291,2,533425292,,1,1,0,*,*,*,*,*,*,*,*,*,*,*,*,*,*,*,*,*,*,*,*,*,*,*,*,*,*,*,*,*,*,1,1,*,*,*,*,*,*,*,*,*,*,*,*,*,*,*
533425292,1,,533425291;533425293,50,23,27,0,0,0,57,28,29,22,12,10,55,27,28,55,27,28,35,16,19,16,8,8,5,2,3,2,0,2,0,0,0,19,19,5,6,9,2,1,0,0,18,13,5,0,21,0,5,3
533425293,2,533425292,,6,4,2,*,*,*,*,*,*,*,*,*,*,*,*,*,*,*,*,*,*,*,*,*,*,*,*,*,*,*,*,*,*,3,3,*,*,*,*,*,*,*,*,*,*,*,*,*,*,*
533425361,1,,533425263,14,7,7,0,0,0,23,11,12,12,4,8,23,11,12,23,11,12,11,7,4,5,3,2,3,1,2,1,0,1,0,0,0,7,7,4,3,1,1,0,1,0,6,3,3,0,8,0,3,2
533425362,0,,,45,25,20,3,2,1,42,23,19,19,14,5,42,23,19,42,23,19,23,9,14,10,3,7,2,0,2,0,0,0,3,3,0,21,21,6,9,5,0,0,1,0,15,14,1,0,16,3,2,6
533425364,1,,533425474,4,4,0,0,0,0,5,5,0,4,4,0,5,5,0,4,4,0,1,1,0,0,0,0,0,0,0,0,0,0,4,4,0,4,4,5,0,0,0,0,0,0,0,0,0,0,1,3,1,0
533425382,2,533425391,,10,5,5,*,*,*,*,*,*,*,*,*,*,*,*,*,*,*,*,*,*,*,*,*,*,*,*,*,*,*,*,*,*,3,3,*,*,*,*,*,*,*,*,*,*,*,*,*,*,*
533425391,1,,533425382,48,23,25,1,1,0,57,27,30,30,18,12,56,27,29,56,27,29,27,9,18,20,6,14,10,2,8,1,0,1,0,0,0,18,18,3,7,5,5,0,1,0,18,9,9,0,17,0,1,4
533425434,0,,,12,5,7,0,0,0,12,5,7,7,3,4,12,5,7,12,5,7,5,2,3,3,1,2,1,0,1,0,0,0,0,0,0,4,4,1,1,0,1,1,0,0,3,1,2,0,2,0,0,0
533425461,1,,533425463,40,21,19,3,2,1,45,22,23,22,9,13,44,21,23,44,21,23,23,13,10,9,6,3,2,1,1,0,0,0,0,0,0,15,15,4,6,6,2,0,1,0,15,11,4,0,14,0,1,4
533425463,2,533425461,,8,3,5,*,*,*,*,*,*,*,*,*,*,*,*,*,*,*,*,*,*,*,*,*,*,*,*,*,*,*,*,*,*,4,4,*,*,*,*,*,*,*,*,*,*,*,*,*,*,*
533425474,2,533425364,,1,1,0,*,*,*,*,*,*,*,*,*,*,*,*,*,*,*,*,*,*,*,*,*,*,*,*,*,*,*,*,*,*,1,1,*,*,*,*,*,*,*,*,*,*,*,*,*,*,*
533425532,0,,,55,29,26,2,2,0,53,27,26,20,10,10,53,27,26,53,27,26,33,17,16,15,7,8,8,5,3,1,1,0,0,0,0,24,24,8,10,1,1,4,0,0,16,10,6,1,21,0,7,7
533425543,1,,533425633,18,7,11,0,0,0,21,7,14,10,3,7,21,7,14,21,7,14,11,4,7,5,1,4,1,0,1,0,0,0,0,0,0,9,9,4,6,0,0,1,0,0,7,6,1,0,9,0,4,3
533425561,0,,,16,9,7,0,0,0,16,9,7,9,5,4,15,8,7,15,8,7,7,4,3,2,1,1,1,0,1,0,0,0,0,0,0,8,8,1,6,1,0,0,0,0,7,6,1,0,5,0,0,3
533425633,2,533425543,,3,0,3,*,*,*,*,*,*,*,*,*,*,*,*,*,*,*,*,*,*,*,*,*,*,*,*,*,*,*,*,*,*,2,2,*,*,*,*,*,*,*,*,*,*,*,*,*,*,*
533425674,0,,,17,8,9,5,3,2,12,5,7,4,2,2,12,5,7,12,5,7,8,3,5,7,2,5,4,0,4,1,0,1,0,0,0,5,5,2,1,0,1,0,0,1,3,1,2,1,5,0,2,0
533425741,1,,533425742,17,8,9,1,1,0,18,8,10,9,5,4,17,7,10,17,7,10,9,3,6,7,2,5,5,2,3,0,0,0,0,0,0,6,6,1,3,0,3,0,0,0,6,3,3,0,6,0,0,2
533425742,2,533425741,,2,1,1,*,*,*,*,*,*,*,*,*,*,*,*,*,*,*,*,*,*,*,*,*,*,*,*,*,*,*,*,*,*,1,1,*,*,*,*,*,*,*,*,*,*,*,*,*,*,*
533425743,0,,,35,17,18,0,0,0,35,17,18,17,9,8,35,17,18,35,17,18,18,8,10,11,5,6,2,0,2,1,0,1,1,0,1,15,15,3,7,2,3,0,0,0,12,9,3,0,12,0,2,4
533425744,0,,,17,8,9,2,0,2,15,8,7,9,5,4,15,8,7,15,8,7,6,3,3,4,2,2,0,0,0,0,0,0,0,0,0,6,6,0,3,2,0,1,0,0,6,5,1,1,4,0,0,2
533425753,0,,,17,6,11,0,0,0,17,6,11,8,1,7,17,6,11,17,6,11,9,5,4,3,0,3,2,0,2,0,0,0,0,0,0,7,7,2,1,3,1,0,0,0,5,2,3,0,7,0,2,0
533425772,0,,,20,8,12,1,0,1,19,8,11,12,6,6,19,8,11,19,8,11,7,2,5,5,1,4,3,0,3,0,0,0,0,0,0,7,7,1,2,3,0,0,1,0,6,3,3,1,5,0,0,1
533425812,2,533425814,,4,2,2,*,*,*,*,*,*,*,*,*,*,*,*,*,*,*,*,*,*,*,*,*,*,*,*,*,*,*,*,*,*,2,2,*,*,*,*,*,*,*,*,*,*,*,*,*,*,*
533425814,1,,533425812,7,4,3,2,1,1,9,5,4,5,3,2,9,5,4,9,5,4,4,2,2,1,0,1,0,0,0,0,0,0,0,0,0,2,2,1,2,0,0,0,1,0,3,2,1,0,3,0,1,0
533425852,0,,,19,10,9,0,0,0,19,10,9,7,3,4,19,10,9,18,9,9,12,7,5,4,1,3,4,1,3,0,0,0,1,0,1,9,9,3,3,2,1,0,0,0,6,3,3,0,8,0,2,2
533425854,0,,,11,6,5,0,0,0,11,6,5,6,4,2,11,6,5,10,5,5,5,2,3,3,1,2,1,0,1,0,0,0,0,0,0,5,5,1,3,0,1,0,0,0,4,4,0,0,4,0,1,2
533425881,0,,,15,7,8,0,0,0,15,7,8,7,3,4,15,7,8,15,7,8,8,4,4,5,2,3,1,0,1,0,0,0,0,0,0,7,7,1,4,2,0,0,0,0,6,5,1,0,5,0,0,2
533425883,0,,,25,12,13,0,0,0,25,12,13,11,6,5,25,12,13,25,12,13,14,6,8,10,4,6,3,1,2,1,0,1,0,0,0,11,11,3,4,2,2,0,0,0,8,6,2,0,9,0,3,2
533425954,0,,,10,4,6,0,0,0,10,4,6,4,2,2,10,4,6,10,4,6,6,2,4,3,1,2,1,0,1,0,0,0,0,0,0,4,4,0,2,2,0,0,0,0,4,3,1,0,4,0,0,1
533425963,0,,,12,7,5,0,0,0,12,7,5,5,2,3,11,6,5,11,6,5,7,5,2,1,1,0,0,0,0,0,0,0,0,0,0,6,6,2,3,0,1,0,0,0,4,3,1,0,5,0,1,3
533425974,0,,,150,80,70,15,9,6,135,71,64,90,53,37,130,68,62,129,68,61,45,18,27,26,11,15,8,3,5,1,0,1,0,0,0,52,52,9,15,14,7,3,2,2,43,30,13,3,29,0,4,7
533425981,2,533425983,,12,7,5,*,*,*,*,*,*,*,*,*,*,*,*,*,*,*,*,*,*,*,*,*,*,*,*,*,*,*,*,*,*,3,3,*,*,*,*,*,*,*,*,*,*,*,*,*,*,*
533425983,1,,533425981,32,15,17,7,4,3,37,18,19,17,10,7,37,18,19,37,18,19,20,8,12,11,4,7,6,2,4,0,0,0,0,0,0,12,12,5,2,5,0,0,2,1,10,4,6,2,13,0,4,1
533425984,0,,,83,37,46,3,1,2,80,36,44,33,14,19,79,35,44,77,35,42,47,22,25,30,14,16,5,1,4,1,0,1,0,0,0,30,30,4,11,7,5,2,1,0,26,18,8,1,27,0,3,9
533426021,0,,,40,23,17,9,6,3,31,17,14,22,12,10,31,17,14,30,16,14,9,5,4,3,1,2,2,1,1,0,0,0,0,0,0,13,13,2,5,2,0,2,2,0,11,8,3,1,7,0,1,1
533426032,2,533426041,,7,2,5,*,*,*,*,*,*,*,*,*,*,*,*,*,*,*,*,*,*,*,*,*,*,*,*,*,*,*,*,*,*,2,2,*,*,*,*,*,*,*,*,*,*,*,*,*,*,*
533426041,1,,533426032;533426042,9,5,4,2,1,1,15,6,9,11,4,7,14,5,9,13,5,8,4,2,2,3,1,2,1,1,0,0,0,0,1,0,1,5,5,4,2,0,1,1,0,0,4,3,1,1,4,1,2,1
533426042,2,533426041,,1,0,1,*,*,*,*,*,*,*,*,*,*,*,*,*,*,*,*,*,*,*,*,*,*,*,*,*,*,*,*,*,*,1,1,*,*,*,*,*,*,*,*,*,*,*,*,*,*,*
533426043,2,533426044,,1,1,0,*,*,*,*,*,*,*,*,*,*,*,*,*,*,*,*,*,*,*,*,*,*,*,*,*,*,*,*,*,*,1,1,*,*,*,*,*,*,*,*,*,*,*,*,*,*,*
533426044,1,,533426043,56,30,26,5,2,3,47,26,21,30,17,13,47,26,21,46,25,21,17,9,8,6,3,3,1,0,1,0,0,0,0,0,0,30,30,18,5,6,1,0,0,1,13,9,4,0,13,0,4,3
533426051,1,,533426053,133,67,66,8,4,4,127,63,64,70,37,33,125,61,64,123,60,63,57,26,31,32,15,17,15,7,8,0,0,0,1,0,1,48,48,5,19,14,6,4,1,0,44,29,15,1,37,0,3,10
533426052,0,,,45,24,21,4,2,2,41,22,19,25,13,12,41,22,19,38,21,17,16,9,7,5,3,2,2,1,1,1,0,1,0,0,0,14,14,1,4,5,2,0,1,1,13,9,4,3,9,0,1,2
533426053,2,533426051,,2,0,2,*,*,*,*,*,*,*,*,*,*,*,*,*,*,*,*,*,*,*,*,*,*,*,*,*,*,*,*,*,*,1,1,*,*,*,*,*,*,*,*,*,*,*,*,*,*,*
533426054,0,,,78,35,43,12,7,5,66,28,38,35,17,18,61,27,34,61,27,34,31,11,20,11,3,8,6,1,5,0,0,0,0,0,0,25,25,2,10,4,4,2,3,0,23,13,10,2,19,0,2,4
533426063,0,,,131,72,59,30,23,7,101,49,52,71,32,39,96,47,49,91,44,47,30,17,13,17,8,9,9,5,4,1,0,1,1,0,1,42,42,8,10,9,6,4,3,2,34,25,9,9,19,1,3,5
533426074,0,,,122,60,62,21,8,13,101,52,49,51,27,24,99,51,48,98,50,48,50,25,25,22,8,14,10,4,6,0,0,0,0,0,0,37,37,5,10,7,7,3,2,3,32,20,12,4,31,0,4,9
533426081,0,,,138,60,78,7,5,2,131,55,76,55,31,24,126,52,74,126,52,74,76,24,52,52,13,39,32,7,25,7,1,6,0,0,0,46,44,17,14,5,2,5,1,0,27,20,7,2,24,1,7,8
533426082,0,,,53,27,26,7,5,2,46,22,24,24,11,13,45,21,24,44,20,24,22,11,11,9,4,5,6,2,4,1,0,1,0,0,0,18,18,1,7,4,4,2,0,0,17,13,4,1,14,0,1,3
533426083,0,,,15,6,9,0,0,0,15,6,9,8,4,4,15,6,9,15,6,9,7,2,5,2,1,1,0,0,0,0,0,0,0,0,0,7,7,2,2,3,0,0,0,0,5,5,0,0,5,0,2,0
533426084,1,,533426092;533426093,113,47,66,14,6,8,104,44,60,65,28,37,101,44,57,100,43,57,39,16,23,20,7,13,8,3,5,0,0,0,0,0,0,36,36,4,11,11,6,3,2,1,34,21,13,5,28,0,4,3
533426092,2,533426084,,2,2,0,*,*,*,*,*,*,*,*,*,*,*,*,*,*,*,*,*,*,*,*,*,*,*,*,*,*,*,*,*,*,1,1,*,*,*,*,*,*,*,*,*,*,*,*,*,*,*
533426093,2,533426084,,3,1,2,*,*,*,*,*,*,*,*,*,*,*,*,*,*,*,*,*,*,*,*,*,*,*,*,*,*,*,*,*,*,1,1,*,*,*,*,*,*,*,*,*,*,*,*,*,*,*
533426141,0,,,19,9,10,4,2,2,15,7,8,6,3,3,15,7,8,14,7,7,9,4,5,3,1,2,0,0,0,0,0,0,0,0,0,6,6,0,4,0,0,1,1,0,6,5,1,1,5,0,0,3
533426142,1,,533426144,140,63,77,13,6,7,129,59,70,76,36,40,125,58,67,123,57,66,53,23,30,28,12,16,10,3,7,1,0,1,0,0,0,52,52,8,15,19,8,3,0,0,45,34,11,1,33,0,3,9
533426144,2,533426142,,2,2,0,*,*,*,*,*,*,*,*,*,*,*,*,*,*,*,*,*,*,*,*,*,*,*,*,*,*,*,*,*,*,1,1,*,*,*,*,*,*,*,*,*,*,*,*,*,*,*
533426151,0,,,36,16,20,5,1,4,29,14,15,14,7,7,27,13,14,26,12,14,15,7,8,5,2,3,0,0,0,0,0,0,0,0,0,12,12,0,7,2,1,1,0,1,11,8,3,0,9,0,0,4
533426152,0,,,93,47,46,6,3,3,87,44,43,43,23,20,87,44,43,86,44,42,44,21,23,21,8,13,7,2,5,0,0,0,0,0,0,33,33,4,12,7,8,1,0,1,28,19,9,1,31,0,4,6
533426153,0,,,87,43,44,4,4,0,83,39,44,31,22,9,81,37,44,77,33,44,52,17,35,39,11,28,31,9,22,8,1,7,0,0,0,17,15,2,5,2,4,1,1,0,13,5,8,1,12,0,0,4
533426154,0,,,32,12,20,2,0,2,29,11,18,21,8,13,27,11,16,26,11,15,8,3,5,4,1,3,0,0,0,0,0,0,0,0,0,13,13,2,7,2,0,2,0,0,11,9,2,1,6,0,1,3
533426161,0,,,244,117,127,16,12,4,228,105,123,109,58,51,224,105,119,217,102,115,119,47,72,65,27,38,26,7,19,3,0,3,0,0,0,83,83,12,25,27,5,7,3,4,71,33,38,3,72,0,9,15
533426163,0,,,219,109,110,27,17,10,192,92,100,110,57,53,185,90,95,180,87,93,82,35,47,51,21,30,10,3,7,1,0,1,0,0,0,72,72,7,21,23,13,3,2,3,63,47,16,4,51,1,4,12
533426172,0,,,25,11,14,2,1,1,23,10,13,9,5,4,23,10,13,23,10,13,14,5,9,8,2,6,3,1,2,0,0,0,0,0,0,9,9,3,1,2,2,0,1,0,6,1,5,0,8,0,2,1
533426174,0,,,243,123,120,26,13,13,217,110,107,160,81,79,212,108,104,210,106,104,57,29,28,22,9,13,5,1,4,0,0,0,0,0,0,105,105,28,39,21,12,4,1,0,76,71,5,7,39,2,6,15
533426182,1,,533426184,22,11,11,0,0,0,32,15,17,19,10,9,32,15,17,31,14,17,13,5,8,6,2,4,1,0,1,0,0,0,0,0,0,8,8,0,5,1,1,3,0,0,10,6,4,0,10,0,0,2
533426183,0,,,38,24,14,9,5,4,29,19,10,21,15,6,29,19,10,29,19,10,8,4,4,0,0,0,0,0,0,0,0,0,12,12,0,22,22,13,5,1,3,0,0,0,9,9,0,0,4,12,0,4
533426184,2,533426182,,10,4,6,*,*,*,*,*,*,*,*,*,*,*,*,*,*,*,*,*,*,*,*,*,*,*,*,*,*,*,*,*,*,2,2,*,*,*,*,*,*,*,*,*,*,*,*,*,*,*
533426193,0,,,72,37,35,13,8,5,59,29,30,36,19,17,59,29,30,59,29,30,23,10,13,14,7,7,7,2,5,0,0,0,0,0,0,20,20,3,4,4,2,3,2,2,17,10,7,4,13,0,2,1
533426201,0,,,13,5,8,1,0,1,12,5,7,7,3,4,12,5,7,11,5,6,5,2,3,4,2,2,1,0,1,0,0,0,0,0,0,4,4,2,0,1,0,0,0,1,2,1,1,0,3,0,1,0
533426203,0,,,46,25,21,4,4,0,42,21,21,20,10,10,42,21,21,42,21,21,22,11,11,9,4,5,5,1,4,0,0,0,1,0,1,20,20,3,10,6,0,1,0,0,17,17,0,2,12,0,1,6
533426204,0,,,37,17,20,3,2,1,34,15,19,23,12,11,33,15,18,33,15,18,11,3,8,9,3,6,3,0,3,1,0,1,0,0,0,11,11,0,3,3,3,2,0,0,11,6,5,1,8,0,0,1
533426251,0,,,31,17,14,5,4,1,26,13,13,19,10,9,25,13,12,24,12,12,7,3,4,3,1,2,0,0,0,0,0,0,0,0,0,13,13,2,7,3,0,0,1,0,11,11,0,1,5,0,1,2
533426252,0,,,420,204,216,59,28,31,358,174,184,269,133,136,339,168,171,336,166,170,89,41,48,35,14,21,10,1,9,1,0,1,2,1,1,169,169,43,51,40,24,9,1,1,122,106,16,24,57,8,10,15
533426253,0,,,194,98,96,37,18,19,157,80,77,101,58,43,149,75,74,149,75,74,56,22,34,27,9,18,7,3,4,1,0,1,0,0,0,67,67,10,20,15,13,7,2,0,57,44,13,6,37,1,6,8
533426254,0,,,610,296,314,109,50,59,494,242,252,390,198,192,458,220,238,450,215,235,104,44,60,52,18,34,12,5,7,1,0,1,7,0,7,222,220,57,50,47,46,13,5,2,161,139,22,17,70,11,12,15
533426261,0,,,398,203,195,61,36,25,334,166,168,225,123,102,324,159,165,321,156,165,109,43,66,55,22,33,17,5,12,0,0,0,0,0,0,149,149,36,46,28,24,5,7,3,110,87,23,20,72,4,15,14
533426263,0,,,841,379,462,136,64,72,704,314,390,475,224,251,676,301,375,660,292,368,229,90,139,118,45,73,33,9,24,1,0,1,0,0,0,357,357,125,93,63,51,15,9,1,231,188,43,38,175,8,79,28
533426264,0,,,547,260,287,98,46,52,445,212,233,364,175,189,425,204,221,416,199,217,81,37,44,27,11,16,2,0,2,0,0,0,0,0,0,206,206,41,66,47,37,8,5,2,159,150,9,32,56,6,10,18
533426272,0,,,124,66,58,16,12,4,108,54,54,59,32,27,107,53,54,106,52,54,49,22,27,19,6,13,8,1,7,0,0,0,6,6,0,45,45,8,14,12,7,2,1,1,37,27,10,4,30,6,2,7
533426273,0,,,50,22,28,1,0,1,49,22,27,24,10,14,47,21,26,46,21,25,25,12,13,19,9,10,2,2,0,0,0,0,0,0,0,16,16,0,6,4,5,0,1,0,16,11,5,0,13,0,0,5
533426274,0,,,89,44,45,16,8,8,73,36,37,56,31,25,67,34,33,65,32,33,17,5,12,7,3,4,0,0,0,0,0,0,0,0,0,28,28,4,7,4,8,4,0,1,24,17,7,4,12,0,2,1
533426281,0,,,166,81,85,20,13,7,146,68,78,78,42,36,142,66,76,141,65,76,68,26,42,39,13,26,10,3,7,0,0,0,0,0,0,63,63,8,26,13,14,1,1,0,55,42,13,6,43,0,6,14
533426282,0,,,223,81,142,34,18,16,189,63,126,75,38,37,184,61,123,182,59,123,114,25,89,100,20,80,77,14,63,21,1,20,3,1,2,35,34,4,4,8,10,6,2,0,30,25,5,5,6,1,0,1
533426284,0,,,184,88,96,43,18,25,141,70,71,120,60,60,128,65,63,127,64,63,21,10,11,7,3,4,3,1,2,2,0,2,0,0,0,56,56,2,16,13,15,9,1,0,54,49,5,7,12,0,0,2
533426291,0,,,50,21,29,7,5,2,43,16,27,20,8,12,42,15,27,41,14,27,23,8,15,8,2,6,4,0,4,1,0,1,0,0,0,18,18,3,7,4,2,0,1,1,15,10,5,0,15,0,2,4
533426292,0,,,76,42,34,14,10,4,62,32,30,42,20,22,59,30,29,58,30,28,20,12,8,10,6,4,2,2,0,0,0,0,0,0,0,25,25,5,9,3,2,3,1,2,20,16,4,4,13,0,2,5
533426293,0,,,59,26,33,7,3,4,52,23,29,36,16,20,52,23,29,52,23,29,16,7,9,7,3,4,1,1,0,0,0,0,0,0,0,18,18,1,6,7,0,2,0,2,17,11,6,3,13,0,1,2
533426294,0,,,15,9,6,1,1,0,14,8,6,5,3,2,13,7,6,12,7,5,9,5,4,2,2,0,1,1,0,0,0,0,0,0,0,6,6,1,3,1,0,1,0,0,5,5,0,0,5,0,1,3
533426302,0,,,31,14,17,4,2,2,27,12,15,18,8,10,25,12,13,24,11,13,9,4,5,5,2,3,3,2,1,0,0,0,0,0,0,8,8,0,2,2,2,0,1,1,8,5,3,0,6,0,0,0
533426313,2,533426314,,9,4,5,*,*,*,*,*,*,*,*,*,*,*,*,*,*,*,*,*,*,*,*,*,*,*,*,*,*,*,*,*,*,3,3,*,*,*,*,*,*,*,*,*,*,*,*,*,*,*
533426314,1,,533426313,41,18,23,11,4,7,39,18,21,25,13,12,37,16,21,37,16,21,14,5,9,6,1,5,5,0,5,1,0,1,2,0,2,13,13,4,2,4,2,2,2,0,11,6,5,1,10,0,1,1
533426341,0,,,350,133,217,19,8,11,330,125,205,121,63,58,326,122,204,325,122,203,209,62,147,171,45,126,100,19,81,24,3,21,2,0,2,102,100,39,28,19,9,5,0,0,61,50,11,3,56,15,16,19
533426342,0,,,14,5,9,1,1,0,13,4,9,7,2,5,13,4,9,13,4,9,6,2,4,6,2,4,1,0,1,0,0,0,0,0,0,1,0,0,0,0,0,0,0,0,0,0,0,0,0,0,0,0
533426343,0,,,85,45,40,7,3,4,75,40,35,42,24,18,71,39,32,69,39,30,33,16,17,14,7,7,6,2,4,0,0,0,1,1,0,40,40,20,8,4,4,3,1,0,20,14,6,0,22,0,5,5
533426344,0,,,167,86,81,31,17,14,133,67,66,95,52,43,128,63,65,127,62,65,38,15,23,20,7,13,4,2,2,0,0,0,0,0,0,69,69,22,22,9,8,6,2,0,47,40,7,9,24,1,4,8
533426351,0,,,494,241,253,90,44,46,389,188,201,309,150,159,376,184,192,370,179,191,80,38,42,31,12,19,6,2,4,1,0,1,0,0,0,210,210,70,61,36,28,10,4,1,140,123,17,33,57,10,12,14
533426352,0,,,464,227,237,112,56,56,346,168,178,246,129,117,339,165,174,335,162,173,100,39,61,50,16,34,16,3,13,2,1,1,0,0,0,179,179,59,32,36,33,15,3,1,120,97,23,30,62,13,11,10
533426353,0,,,408,180,228,72,29,43,335,151,184,230,105,125,323,145,178,318,144,174,105,46,59,50,19,31,14,3,11,1,0,1,12,2,10,165,165,50,50,26,23,10,4,2,113,96,17,22,71,8,19,21
533426354,0,,,1141,563,578,192,93,99,922,454,468,660,333,327,889,440,449,873,429,444,262,121,141,123,51,72,37,13,24,4,1,3,27,10,17,490,490,178,135,75,63,25,8,6,306,266,40,59,167,35,34,56
533426361,0,,,478,239,239,70,37,33,405,200,205,292,154,138,389,192,197,386,190,196,113,46,67,66,24,42,19,5,14,0,0,0,3,1,2,188,188,49,65,31,25,8,5,5,135,111,24,22,77,8,16,17
533426362,0,,,313,147,166,36,15,21,277,132,145,188,93,95,267,126,141,266,125,141,89,39,50,36,18,18,7,3,4,0,0,0,1,0,1,130,130,36,49,22,11,7,3,2,92,76,16,12,65,5,16,15
533426363,0,,,573,262,311,97,56,41,473,204,269,299,133,166,458,199,259,449,193,256,174,71,103,85,39,46,29,14,15,1,0,1,5,2,3,245,245,71,83,49,29,10,1,2,172,154,18,31,128,6,44,29
533426364,0,,,64,33,31,11,6,5,53,27,26,36,19,17,53,27,26,52,26,26,17,8,9,12,6,6,5,3,2,1,1,0,0,0,0,23,23,5,7,5,2,3,0,1,18,15,3,4,11,2,2,2
533426372,1,,533426374,80,39,41,5,2,3,80,41,39,50,27,23,75,38,37,74,37,37,30,14,16,16,6,10,7,1,6,1,1,0,1,0,1,27,27,2,10,7,8,2,0,0,27,20,7,2,21,0,1,5
533426374,2,533426372,,5,4,1,*,*,*,*,*,*,*,*,*,*,*,*,*,*,*,*,*,*,*,*,*,*,*,*,*,*,*,*,*,*,2,2,*,*,*,*,*,*,*,*,*,*,*,*,*,*,*
533426381,0,,,135,65,70,13,6,7,122,59,63,85,40,45,118,56,62,116,54,62,37,19,18,23,11,12,7,3,4,0,0,0,0,0,0,49,49,9,11,19,5,3,2,0,40,29,11,3,25,2,3,2
533426382,0,,,83,39,44,5,3,2,78,36,42,53,25,28,72,33,39,72,33,39,25,11,14,19,8,11,3,2,1,0,0,0,0,0,0,27,27,3,6,9,6,2,0,1,24,16,8,2,17,0,3,0
533426383,0,,,95,49,46,17,7,10,78,42,36,53,28,25,77,41,36,77,41,36,25,14,11,7,4,3,3,1,2,0,0,0,2,0,2,33,33,4,9,10,8,1,1,0,29,24,5,3,19,0,2,4
533426391,0,,,89,46,43,15,8,7,74,38,36,49,25,24,68,36,32,66,35,31,25,13,12,13,6,7,3,2,1,1,0,1,0,0,0,24,24,2,4,5,5,4,4,0,22,12,10,5,15,0,1,2
533426393,0,,,50,22,28,4,2,2,46,20,26,34,16,18,45,19,26,44,19,25,12,4,8,6,1,5,2,0,2,0,0,0,0,0,0,15,15,0,6,3,3,2,0,1,15,10,5,3,10,0,0,0
533426402,2,533426411,,2,0,2,*,*,*,*,*,*,*,*,*,*,*,*,*,*,*,*,*,*,*,*,*,*,*,*,*,*,*,*,*,*,1,1,*,*,*,*,*,*,*,*,*,*,*,*,*,*,*
533426411,1,,533426402,108,61,47,1,1,0,109,60,49,66,38,28,102,55,47,100,53,47,43,22,21,30,15,15,11,7,4,0,0,0,0,0,0,34,34,3,13,6,8,1,2,2,32,18,14,0,28,0,2,7
533426412,0,,,42,23,19,5,2,3,37,21,16,21,14,7,35,19,16,33,18,15,16,7,9,11,5,6,2,0,2,0,0,0,0,0,0,14,14,3,1,7,1,1,0,1,11,9,2,0,10,0,2,0
533426414,0,,,58,29,29,1,0,1,57,29,28,27,16,11,56,29,27,56,29,27,30,13,17,20,8,12,7,3,4,1,1,0,0,0,0,24,24,6,7,7,3,1,0,0,18,10,8,0,20,0,4,4
533426423,0,,,23,10,13,1,0,1,22,10,12,12,6,6,22,10,12,22,10,12,10,4,6,6,2,4,5,2,3,0,0,0,0,0,0,9,9,3,1,3,1,1,0,0,6,5,1,0,8,0,3,0
533426431,0,,,70,33,37,7,4,3,63,29,34,32,18,14,62,28,34,62,28,34,31,11,20,20,7,13,9,3,6,0,0,0,0,0,0,25,25,5,6,8,3,2,0,1,20,11,9,0,21,0,4,5
533426433,0,,,36,20,16,4,3,1,32,17,15,17,10,7,30,16,14,30,16,14,15,7,8,12,5,7,6,1,5,0,0,0,0,0,0,11,11,1,4,2,2,1,0,1,10,6,4,1,9,0,1,2
533426441,0,,,327,168,159,29,19,10,297,148,149,171,98,73,242,112,130,234,107,127,126,50,76,84,33,51,30,10,20,4,1,3,0,0,0,111,108,24,44,19,13,6,0,2,84,67,17,6,82,0,19,28
533426442,0,,,817,391,426,141,73,68,671,315,356,486,239,247,640,299,341,625,291,334,185,76,109,93,37,56,26,8,18,1,0,1,4,1,3,328,328,93,104,54,46,19,10,2,231,197,34,30,124,15,27,43
533426443,0,,,477,228,249,80,44,36,395,183,212,266,130,136,376,174,202,365,167,198,129,53,76,83,36,47,28,11,17,1,0,1,0,0,0,186,186,52,45,43,30,11,4,1,133,116,17,22,89,2,31,20
533426444,0,,,1106,554,552,218,112,106,843,413,430,673,338,335,803,391,412,787,382,405,170,75,95,93,37,56,25,11,14,0,0,0,3,1,2,485,485,194,108,79,69,30,2,3,291,264,27,60,114,42,34,34
533426451,0,,,608,323,285,70,36,34,515,272,243,359,196,163,506,269,237,496,260,236,156,76,80,66,29,37,18,7,11,0,0,0,5,2,3,313,313,158,78,32,31,10,4,0,154,132,22,16,118,28,40,35
533426452,0,,,1377,642,735,149,76,73,1222,562,660,756,388,368,1180,540,640,1165,533,632,466,174,292,308,106,202,126,43,83,5,3,2,4,1,3,611,610,220,186,111,58,18,11,6,384,321,63,39,324,17,114,73
533426453,0,,,901,448,453,108,55,53,784,386,398,510,259,251,759,372,387,747,366,381,274,127,147,141,65,76,58,20,38,4,0,4,0,0,0,419,419,170,118,62,43,19,7,0,243,211,32,30,187,26,59,57
533426454,0,,,849,397,452,112,51,61,729,341,388,437,219,218,715,331,384,702,326,376,292,122,170,175,66,109,66,21,45,7,1,6,4,4,0,352,351,116,103,62,35,25,5,5,230,183,47,24,196,18,56,49
533426461,0,,,708,298,410,41,19,22,658,274,384,277,141,136,651,270,381,647,270,377,381,133,248,270,75,195,145,29,116,32,3,29,5,3,2,237,233,72,91,40,18,8,4,0,155,128,27,14,128,11,32,33
533426463,0,,,248,117,131,36,17,19,206,96,110,129,63,66,199,93,106,197,92,105,77,33,44,49,17,32,16,9,7,2,1,1,4,0,4,109,109,35,36,20,11,6,0,1,72,63,9,12,53,3,16,13
533426472,0,,,76,37,39,7,2,5,69,35,34,38,20,18,64,33,31,63,32,31,31,15,16,16,9,7,5,2,3,1,0,1,0,0,0,20,20,2,3,5,4,1,4,1,18,10,8,2,17,0,2,3
533426473,0,,,11,6,5,0,0,0,11,6,5,7,3,4,11,6,5,11,6,5,4,3,1,1,1,0,0,0,0,0,0,0,0,0,0,5,5,0,4,1,0,0,0,0,5,5,0,0,3,0,0,1
533426474,0,,,162,86,76,9,5,4,152,81,71,90,45,45,150,79,71,146,77,69,62,36,26,25,13,12,6,4,2,1,1,0,0,0,0,68,68,26,14,14,8,3,2,1,41,32,9,3,44,0,17,8
533426481,0,,,55,25,30,7,3,4,48,22,26,32,14,18,46,21,25,46,21,25,16,8,8,12,4,8,7,2,5,1,0,1,0,0,0,18,18,3,5,3,4,1,2,0,15,8,7,1,12,0,1,3
533426491,2,533426492,,6,2,4,*,*,*,*,*,*,*,*,*,*,*,*,*,*,*,*,*,*,*,*,*,*,*,*,*,*,*,*,*,*,2,2,*,*,*,*,*,*,*,*,*,*,*,*,*,*,*
533426492,1,,533426491,29,17,12,1,0,1,34,19,15,19,12,7,34,19,15,33,18,15,15,7,8,7,4,3,3,1,2,1,0,1,0,0,0,10,10,2,3,3,2,2,0,0,10,8,2,0,8,0,1,2
533426494,0,,,35,19,16,0,0,0,35,19,16,20,12,8,33,19,14,33,19,14,15,7,8,10,4,6,3,1,2,0,0,0,0,0,0,12,12,2,4,3,0,2,1,0,10,7,3,0,10,0,0,2
533426514,0,,,26,12,14,4,2,2,22,10,12,10,4,6,21,10,11,21,10,11,12,6,6,7,4,3,1,0,1,0,0,0,0,0,0,9,9,2,2,2,2,0,1,0,7,3,4,0,8,0,2,2
533426521,0,,,96,49,47,8,7,1,88,42,46,45,24,21,85,39,46,84,38,46,43,18,25,22,7,15,14,5,9,2,0,2,0,0,0,41,41,14,13,6,4,3,0,1,27,20,7,1,32,0,10,7
533426523,1,,533426524,116,59,57,13,9,4,106,52,54,57,25,32,101,50,51,100,50,50,49,27,22,24,13,11,8,5,3,0,0,0,2,0,2,39,39,9,12,7,6,3,2,2,32,18,14,1,35,0,7,7
533426524,2,533426523,,3,2,1,*,*,*,*,*,*,*,*,*,*,*,*,*,*,*,*,*,*,*,*,*,*,*,*,*,*,*,*,*,*,2,2,*,*,*,*,*,*,*,*,*,*,*,*,*,*,*
533426531,1,,533426533,36,18,18,6,3,3,34,18,16,18,10,8,33,18,15,32,18,14,16,8,8,8,5,3,2,1,1,0,0,0,0,0,0,12,12,1,4,4,2,1,1,0,12,9,3,0,10,0,1,3
533426533,2,533426531,,4,3,1,*,*,*,*,*,*,*,*,*,*,*,*,*,*,*,*,*,*,*,*,*,*,*,*,*,*,*,*,*,*,1,1,*,*,*,*,*,*,*,*,*,*,*,*,*,*,*
533426542,0,,,1289,646,643,243,136,107,1034,501,533,798,411,387,984,482,502,968,469,499,236,90,146,112,40,72,30,7,23,3,0,3,23,9,14,550,549,213,113,102,80,31,7,3,334,296,38,71,167,54,47,38
533426543,0,,,93,41,52,20,10,10,73,31,42,51,23,28,72,30,42,71,30,41,22,8,14,11,4,7,7,2,5,0,0,0,2,0,2,35,35,10,9,7,3,4,2,0,24,17,7,5,16,2,5,2
533426544,0,,,855,433,422,154,83,71,693,344,349,508,262,246,673,338,335,660,330,330,185,82,103,111,46,65,38,17,21,3,1,2,7,2,5,364,363,133,83,68,61,13,3,2,227,192,35,50,115,33,26,29
533426551,0,,,687,336,351,55,29,26,611,296,315,349,183,166,601,292,309,597,289,308,262,113,149,163,66,97,65,26,39,5,2,3,4,3,1,359,359,177,93,49,27,10,2,1,180,146,34,16,182,37,61,52
533426552,0,,,1149,528,621,84,48,36,1059,476,583,532,266,266,1033,466,567,1025,461,564,527,210,317,317,117,200,101,34,67,10,1,9,11,3,8,559,559,224,191,76,42,14,8,4,333,272,61,14,373,13,137,97
533426553,0,,,1030,505,525,133,73,60,883,422,461,575,281,294,868,413,455,860,410,450,308,141,167,200,89,111,75,38,37,3,1,2,5,1,4,449,447,158,138,79,46,15,8,3,284,236,48,43,190,15,47,54
533426554,0,,,1303,619,684,86,45,41,1205,567,638,688,354,334,1176,548,628,1160,539,621,517,213,304,299,116,183,98,38,60,7,0,7,12,7,5,602,601,215,188,116,56,19,7,0,383,307,76,22,346,17,94,93
533426561,0,,,213,101,112,23,10,13,190,91,99,112,60,52,187,90,97,185,88,97,78,31,47,45,20,25,19,10,9,0,0,0,2,1,1,93,93,34,22,19,13,4,1,0,58,45,13,5,52,0,15,13
533426562,0,,,188,96,92,24,13,11,162,81,81,104,57,47,158,80,78,157,79,78,58,24,34,17,7,10,6,2,4,0,0,0,0,0,0,77,77,18,29,17,8,4,0,1,59,53,6,5,40,1,9,12
533426563,0,,,98,48,50,12,8,4,83,39,44,47,24,23,80,37,43,79,37,42,36,15,21,15,5,10,8,1,7,0,0,0,1,0,1,51,51,26,13,6,3,2,1,0,23,20,3,1,28,2,17,6
533426564,0,,,335,169,166,28,13,15,301,153,148,201,111,90,296,151,145,293,149,144,100,42,58,45,20,25,14,5,9,1,0,1,0,0,0,161,161,65,47,28,17,2,1,1,96,84,12,13,67,7,18,17
533426571,0,,,497,250,247,50,27,23,446,222,224,269,140,129,435,216,219,430,212,218,177,82,95,64,30,34,16,5,11,2,0,2,8,3,5,206,206,51,72,47,21,13,2,0,153,132,21,16,115,5,26,35
533426572,0,,,62,32,30,4,2,2,58,30,28,33,19,14,57,30,27,57,30,27,25,11,14,16,6,10,3,0,3,1,0,1,0,0,0,27,27,6,11,7,2,1,0,0,21,17,4,1,16,0,4,3
533426573,0,,,368,175,193,45,22,23,322,152,170,189,100,89,310,144,166,305,141,164,133,52,81,68,24,44,17,5,12,3,0,3,3,2,1,180,180,79,53,25,14,4,3,2,100,90,10,9,99,8,46,21
533426622,0,,,15,8,7,0,0,0,15,8,7,6,4,2,15,8,7,15,8,7,9,4,5,7,3,4,3,2,1,0,0,0,0,0,0,5,5,0,1,3,1,0,0,0,5,2,3,0,5,0,0,0
533426624,0,,,60,30,30,6,4,2,54,26,28,25,14,11,52,24,28,50,24,26,29,12,17,18,8,10,2,0,2,0,0,0,0,0,0,20,20,3,8,3,1,3,1,1,17,10,7,2,18,0,3,6
533426631,1,,533426633,105,51,54,13,5,8,94,47,47,69,35,34,91,44,47,89,42,47,25,12,13,8,5,3,2,1,1,1,1,0,1,0,1,42,42,8,22,7,3,2,0,2,35,32,3,0,16,0,3,9
533426632,0,,,297,148,149,42,22,20,254,125,129,165,83,82,237,116,121,235,115,120,89,42,47,41,19,22,9,1,8,0,0,0,1,1,0,108,108,22,36,17,19,10,3,1,86,73,13,10,57,1,12,19
533426633,2,533426631,,4,2,2,*,*,*,*,*,*,*,*,*,*,*,*,*,*,*,*,*,*,*,*,*,*,*,*,*,*,*,*,*,*,2,2,*,*,*,*,*,*,*,*,*,*,*,*,*,*,*
533426634,0,,,277,136,141,43,22,21,233,114,119,153,77,76,224,110,114,218,106,112,80,37,43,37,14,23,10,2,8,1,0,1,1,0,1,98,98,14,31,28,14,5,6,0,84,66,18,11,53,0,10,11
533426641,0,,,296,146,150,50,32,18,244,112,132,147,67,80,239,110,129,236,109,127,97,45,52,36,15,21,5,1,4,1,0,1,0,0,0,109,109,26,33,24,12,6,6,2,82,62,20,16,63,2,10,17
533426642,0,,,837,408,429,126,59,67,684,333,351,482,254,228,667,320,347,659,317,342,202,79,123,100,38,62,42,13,29,3,1,2,7,0,7,388,387,170,107,53,33,14,7,3,212,184,28,34,111,33,25,34
533426643,0,,,407,202,205,61,28,33,331,166,165,228,122,106,313,157,156,309,156,153,103,44,59,38,14,24,5,1,4,1,0,1,4,0,4,187,187,82,44,27,20,9,4,1,105,90,15,16,66,12,17,18
533426644,0,,,459,222,237,42,21,21,414,199,215,276,138,138,397,193,204,385,184,201,138,61,77,46,21,25,16,7,9,1,0,1,2,0,2,194,194,55,63,45,19,8,2,2,138,116,22,15,94,11,21,28
533426651,0,,,1028,503,525,121,63,58,867,418,449,576,287,289,838,405,433,821,398,423,291,131,160,139,62,77,30,10,20,2,1,1,5,1,4,444,443,151,127,84,47,26,5,3,288,241,47,37,183,31,31,55
533426652,0,,,601,308,293,68,29,39,516,269,247,380,208,172,498,259,239,493,257,236,136,61,75,64,27,37,21,7,14,2,0,2,7,1,6,307,307,145,82,44,22,12,2,0,158,143,15,23,98,21,35,23
533426653,0,,,240,120,120,38,19,19,202,101,101,149,76,73,192,95,97,188,94,94,53,25,28,29,13,16,13,5,8,2,0,2,0,0,0,83,83,16,23,17,13,10,3,1,67,51,16,11,35,1,6,6
533426654,0,,,201,90,111,36,15,21,165,75,90,122,59,63,162,73,89,161,73,88,43,16,27,20,4,16,7,1,6,0,0,0,1,1,0,77,77,24,14,19,10,8,2,0,52,43,9,12,32,2,9,5
533426661,0,,,107,53,54,10,9,1,97,44,53,55,26,29,96,43,53,96,43,53,42,18,24,21,7,14,11,3,8,1,1,0,0,0,0,41,41,9,12,10,7,2,1,0,31,20,11,4,26,0,7,5
533426662,0,,,53,28,25,5,3,2,48,25,23,27,16,11,48,25,23,48,25,23,21,9,12,10,5,5,4,2,2,0,0,0,0,0,0,19,19,4,6,2,4,3,0,0,14,12,2,1,14,0,4,2
533426663,0,,,210,101,109,24,11,13,185,89,96,130,66,64,181,86,95,175,85,90,55,23,32,20,7,13,4,0,4,0,0,0,0,0,0,83,83,21,27,14,13,7,1,0,61,47,14,6,36,2,5,11
533426664,0,,,110,44,66,7,0,7,103,44,59,31,17,14,101,42,59,99,42,57,72,27,45,58,19,39,41,10,31,8,2,6,2,2,0,22,20,6,6,3,4,1,0,0,13,12,1,0,7,1,1,3
533426671,0,,,190,98,92,28,12,16,161,85,76,92,52,40,158,83,75,158,83,75,69,33,36,50,22,28,19,8,11,1,0,1,0,0,0,67,67,17,13,14,13,8,1,1,50,32,18,7,42,3,6,6
533426672,0,,,18,11,7,0,0,0,18,11,7,9,7,2,17,10,7,17,10,7,9,4,5,6,3,3,2,0,2,0,0,0,0,0,0,6,6,0,3,1,1,1,0,0,6,4,2,0,6,0,0,2
533426673,0,,,148,74,74,25,16,9,123,58,65,82,40,42,118,56,62,115,54,61,41,18,23,23,8,15,7,2,5,2,0,2,0,0,0,49,49,4,17,11,12,3,0,2,45,39,6,5,27,0,3,7
533426674,0,,,109,52,57,8,2,6,96,47,49,57,30,27,91,44,47,90,44,46,39,17,22,19,6,13,4,2,2,1,1,0,0,0,0,40,40,4,14,13,7,2,0,0,35,28,7,2,27,0,4,6
533426681,0,,,95,51,44,8,4,4,87,47,40,43,24,19,84,45,39,83,44,39,44,23,21,18,10,8,3,1,2,0,0,0,0,0,0,47,47,23,13,5,2,2,1,1,24,20,4,1,33,2,18,6
533426682,0,,,18,10,8,0,0,0,18,10,8,12,7,5,18,10,8,18,10,8,6,3,3,4,2,2,1,0,1,1,0,1,0,0,0,5,5,0,0,3,1,1,0,0,5,3,2,0,3,0,0,0
533426683,0,,,264,122,142,36,14,22,228,108,120,135,67,68,223,107,116,220,106,114,93,41,52,33,14,19,7,1,6,0,0,0,0,0,0,103,103,29,33,20,8,7,2,4,73,54,19,9,63,7,11,15
533426684,0,,,74,38,36,9,4,5,65,34,31,39,19,20,62,32,30,62,32,30,26,15,11,13,8,5,3,2,1,0,0,0,0,0,0,23,23,4,7,4,1,3,3,1,19,10,9,2,17,0,2,2
533426693,0,,,163,76,87,17,11,6,146,65,81,95,44,51,139,63,76,133,62,71,51,21,30,18,8,10,3,1,2,1,0,1,0,0,0,55,55,6,19,12,9,7,2,0,48,37,11,2,32,0,2,8
533426694,0,,,67,32,35,6,1,5,61,31,30,35,18,17,58,29,29,56,28,28,26,13,13,11,6,5,4,2,2,0,0,0,0,0,0,22,22,5,6,2,3,4,2,0,17,8,9,1,19,0,5,3
533426724,0,,,26,12,14,3,1,2,23,11,12,16,9,7,22,10,12,21,10,11,7,2,5,5,1,4,0,0,0,0,0,0,0,0,0,8,8,2,1,2,1,0,2,0,6,4,2,0,5,0,2,1
533426732,2,533426734,,4,1,3,*,*,*,*,*,*,*,*,*,*,*,*,*,*,*,*,*,*,*,*,*,*,*,*,*,*,*,*,*,*,1,1,*,*,*,*,*,*,*,*,*,*,*,*,*,*,*
533426733,2,533426734,,6,3,3,*,*,*,*,*,*,*,*,*,*,*,*,*,*,*,*,*,*,*,*,*,*,*,*,*,*,*,*,*,*,4,4,*,*,*,*,*,*,*,*,*,*,*,*,*,*,*
533426734,1,,533426732;533426733,45,22,23,3,0,3,52,26,26,33,17,16,49,25,24,48,24,24,19,9,10,12,7,5,4,2,2,2,1,1,0,0,0,16,16,3,8,5,4,1,0,0,18,14,4,0,11,0,3,3
533426741,0,,,1015,507,508,136,67,69,872,434,438,608,307,301,837,413,424,815,404,411,264,127,137,112,51,61,30,15,15,2,2,0,20,10,10,403,403,110,132,74,47,19,11,10,289,240,49,36,173,10,28,52
533426742,0,,,417,199,218,42,19,23,375,180,195,261,130,131,359,171,188,348,163,185,114,50,64,46,18,28,6,3,3,1,0,1,15,6,9,170,170,51,56,26,19,10,6,2,117,90,27,9,79,9,13,23
533426743,0,,,310,147,163,30,9,21,280,138,142,188,93,95,266,130,136,259,127,132,92,45,47,45,21,24,11,6,5,1,0,1,2,1,1,116,116,16,46,32,10,7,4,1,99,84,15,12,61,1,10,20
533426744,0,,,93,50,43,13,9,4,79,40,39,40,20,20,77,39,38,77,39,38,39,20,19,19,9,10,5,2,3,1,1,0,0,0,0,29,29,3,10,5,6,0,4,1,26,16,10,4,22,0,1,7
533426751,0,,,181,87,94,18,11,7,163,76,87,98,49,49,158,74,84,156,73,83,65,27,38,36,16,20,16,4,12,1,0,1,0,0,0,73,73,20,20,20,6,5,2,0,53,40,13,6,41,6,6,9
533426752,0,,,389,202,187,60,31,29,328,170,158,247,130,117,311,160,151,301,151,150,81,40,41,41,21,20,11,5,6,0,0,0,0,0,0,130,130,15,44,30,24,8,6,3,113,92,21,15,53,0,4,13
533426753,0,,,20,11,9,1,0,1,19,11,8,12,6,6,19,11,8,19,11,8,7,5,2,1,0,1,1,0,1,0,0,0,0,0,0,11,11,3,7,1,0,0,0,0,8,7,1,1,5,0,0,3
533426754,0,,,241,121,120,40,20,20,196,96,100,144,76,68,194,95,99,190,92,98,52,20,32,38,16,22,14,7,7,2,1,1,0,0,0,88,88,23,20,18,15,9,2,1,63,42,21,20,31,4,3,1
533426761,1,,533426764,227,128,99,38,29,9,197,104,93,172,91,81,191,102,89,186,99,87,25,13,12,11,4,7,1,0,1,0,0,0,4,1,3,89,88,20,32,16,15,6,2,0,70,64,6,10,18,3,2,6
533426764,2,533426761,,10,6,4,*,*,*,*,*,*,*,*,*,*,*,*,*,*,*,*,*,*,*,*,*,*,*,*,*,*,*,*,*,*,3,3,*,*,*,*,*,*,*,*,*,*,*,*,*,*,*
533426772,0,,,86,40,46,10,5,5,76,35,41,33,14,19,74,34,40,73,34,39,43,21,22,24,10,14,7,3,4,0,0,0,0,0,0,30,30,2,18,3,4,0,1,2,28,23,5,3,26,0,1,11
533426781,0,,,39,17,22,4,2,2,35,15,20,19,9,10,35,15,20,34,14,20,16,6,10,7,2,5,3,0,3,0,0,0,0,0,0,13,13,0,4,6,2,1,0,0,13,9,4,1,8,0,0,3
533426782,0,,,14,9,5,1,1,0,13,8,5,6,2,4,13,8,5,13,8,5,7,6,1,2,1,1,2,1,1,1,0,1,0,0,0,7,7,2,3,2,0,0,0,0,5,4,1,1,5,0,2,1
533426813,0,,,84,42,42,9,7,2,75,35,40,39,18,21,75,35,40,74,34,40,36,17,19,12,4,8,7,1,6,2,0,2,1,1,0,28,28,5,5,7,9,1,0,1,23,13,10,3,22,0,4,3
533426814,0,,,28,14,14,4,2,2,24,12,12,13,7,6,23,11,12,23,11,12,11,5,6,4,2,2,0,0,0,0,0,0,0,0,0,8,8,1,4,0,0,0,2,1,7,4,3,1,6,0,1,2
533426821,2,533426823,,10,5,5,*,*,*,*,*,*,*,*,*,*,*,*,*,*,*,*,*,*,*,*,*,*,*,*,*,*,*,*,*,*,3,3,*,*,*,*,*,*,*,*,*,*,*,*,*,*,*
533426822,0,,,49,23,26,6,3,3,43,20,23,25,11,14,41,19,22,40,19,21,18,9,9,9,4,5,4,2,2,1,0,1,0,0,0,16,16,2,4,5,3,0,2,0,14,10,4,2,12,0,2,2
533426823,1,,533426821;533426924,50,21,29,9,3,6,53,24,29,30,15,15,51,24,27,50,23,27,23,9,14,13,5,8,4,1,3,1,0,1,0,0,0,15,15,3,6,2,3,2,2,1,16,9,7,3,15,0,2,3
533426831,0,,,69,35,34,12,5,7,55,29,26,45,25,20,53,27,26,53,27,26,10,4,6,6,2,4,1,0,1,0,0,0,0,0,0,26,26,7,8,2,6,2,1,0,19,15,4,3,6,0,0,1
533426832,0,,,58,25,33,5,4,1,53,21,32,29,12,17,53,21,32,52,20,32,24,9,15,8,2,6,4,1,3,1,0,1,0,0,0,24,24,7,7,5,3,2,0,0,17,12,5,3,15,0,2,4
533426841,0,,,121,62,59,13,8,5,107,53,54,79,42,37,101,49,52,99,48,51,28,11,17,14,5,9,4,1,3,0,0,0,0,0,0,48,48,11,18,10,3,4,2,0,36,29,7,1,19,1,1,4
533426842,0,,,24,15,9,1,0,1,23,15,8,17,11,6,22,14,8,21,13,8,6,4,2,0,0,0,0,0,0,0,0,0,0,0,0,14,14,8,4,1,0,1,0,0,5,5,0,0,5,1,4,1
533426843,0,,,20,9,11,7,3,4,13,6,7,11,5,6,13,6,7,13,6,7,2,1,1,2,1,1,0,0,0,0,0,0,0,0,0,7,7,1,3,0,2,1,0,0,6,6,0,2,1,0,0,1
533426851,2,533426852,,1,1,0,*,*,*,*,*,*,*,*,*,*,*,*,*,*,*,*,*,*,*,*,*,*,*,*,*,*,*,*,*,*,1,1,*,*,*,*,*,*,*,*,*,*,*,*,*,*,*
533426852,1,,533426851,57,33,24,12,7,5,41,24,17,38,22,16,41,24,17,41,24,17,3,2,1,1,1,0,0,0,0,0,0,0,3,2,1,32,32,18,9,3,2,1,0,0,13,13,0,7,2,2,1,1
533426862,0,,,74,32,42,11,4,7,63,28,35,39,19,20,59,27,32,58,26,32,24,9,15,12,4,8,4,0,4,1,0,1,0,0,0,23,23,2,9,5,3,0,2,2,21,13,8,4,16,0,1,4
533426911,0,,,45,20,25,4,1,3,41,19,22,22,12,10,39,18,21,39,18,21,19,7,12,13,5,8,5,1,4,2,1,1,0,0,0,14,13,2,3,4,1,2,1,0,11,5,6,0,11,0,2,2
533426924,2,533426823,,2,1,1,*,*,*,*,*,*,*,*,*,*,*,*,*,*,*,*,*,*,*,*,*,*,*,*,*,*,*,*,*,*,1,1,*,*,*,*,*,*,*,*,*,*,*,*,*,*,*
533426941,2,533426944,,4,3,1,*,*,*,*,*,*,*,*,*,*,*,*,*,*,*,*,*,*,*,*,*,*,*,*,*,*,*,*,*,*,1,1,*,*,*,*,*,*,*,*,*,*,*,*,*,*,*
533426944,1,,533426941,33,16,17,7,3,4,30,16,14,23,12,11,29,16,13,28,16,12,7,4,3,6,3,3,4,3,1,1,1,0,0,0,0,10,10,3,1,1,2,3,1,0,8,6,2,2,5,0,3,1
533426951,0,,,46,23,23,6,3,3,40,20,20,20,10,10,40,20,20,40,20,20,20,10,10,8,5,3,5,3,2,1,1,0,0,0,0,16,16,2,6,6,0,0,0,2,13,9,4,1,13,0,2,4
533426953,0,,,218,114,104,22,15,7,196,99,97,103,55,48,189,95,94,187,95,92,93,44,49,53,28,25,21,7,14,1,0,1,0,0,0,70,70,10,21,15,11,5,4,4,60,35,25,3,56,0,8,10
533427001,0,,,81,44,37,9,6,3,72,38,34,46,26,20,69,36,33,68,35,33,26,12,14,11,4,7,5,1,4,1,0,1,1,0,1,24,24,4,5,6,2,3,2,2,20,11,9,1,17,1,3,1
533427002,0,,,39,18,21,2,0,2,37,18,19,23,11,12,37,18,19,36,17,19,14,7,7,7,5,2,2,1,1,0,0,0,0,0,0,14,14,1,6,5,0,1,1,0,13,10,3,0,10,0,1,2
533427011,2,533427013,,5,3,2,*,*,*,*,*,*,*,*,*,*,*,*,*,*,*,*,*,*,*,*,*,*,*,*,*,*,*,*,*,*,2,2,*,*,*,*,*,*,*,*,*,*,*,*,*,*,*
533427013,1,,533427011,18,11,7,4,2,2,19,12,7,14,9,5,18,11,7,18,11,7,5,3,2,1,0,1,0,0,0,0,0,0,0,0,0,6,6,1,3,3,0,0,0,1,7,4,3,1,4,0,1,0
533427072,1,,533427074,36,15,21,5,2,3,40,19,21,17,9,8,38,18,20,37,17,20,23,10,13,10,4,6,5,2,3,1,0,1,0,0,0,13,13,2,6,4,2,1,1,0,14,8,6,1,14,0,1,5
533427074,2,533427072,,9,6,3,*,*,*,*,*,*,*,*,*,*,*,*,*,*,*,*,*,*,*,*,*,*,*,*,*,*,*,*,*,*,3,3,*,*,*,*,*,*,*,*,*,*,*,*,*,*,*
533427084,2,533427191,,2,1,1,*,*,*,*,*,*,*,*,*,*,*,*,*,*,*,*,*,*,*,*,*,*,*,*,*,*,*,*,*,*,1,1,*,*,*,*,*,*,*,*,*,*,*,*,*,*,*
533427091,2,533427092,,2,0,2,*,*,*,*,*,*,*,*,*,*,*,*,*,*,*,*,*,*,*,*,*,*,*,*,*,*,*,*,*,*,1,1,*,*,*,*,*,*,*,*,*,*,*,*,*,*,*
533427092,1,,533427091;533427093,122,56,66,4,0,4,125,58,67,58,32,26,122,57,65,120,55,65,67,26,41,35,14,21,17,4,13,5,0,5,0,0,0,48,48,12,16,13,6,3,0,1,39,24,15,2,39,0,10,8
533427093,2,533427092,,5,2,3,*,*,*,*,*,*,*,*,*,*,*,*,*,*,*,*,*,*,*,*,*,*,*,*,*,*,*,*,*,*,2,2,*,*,*,*,*,*,*,*,*,*,*,*,*,*,*
533427094,0,,,27,15,12,5,4,1,22,11,11,15,8,7,20,10,10,19,10,9,7,3,4,5,3,2,0,0,0,0,0,0,0,0,0,9,9,2,3,0,2,1,1,0,7,6,1,1,5,0,2,1
533427111,1,,533427112,16,9,7,3,2,1,18,9,9,9,5,4,17,9,8,17,9,8,9,4,5,5,2,3,2,1,1,0,0,0,0,0,0,5,5,3,1,0,1,1,0,1,4,1,3,0,6,0,2,0
533427112,2,533427111,,5,2,3,*,*,*,*,*,*,*,*,*,*,*,*,*,*,*,*,*,*,*,*,*,*,*,*,*,*,*,*,*,*,2,2,*,*,*,*,*,*,*,*,*,*,*,*,*,*,*
533427113,0,,,44,25,19,2,2,0,42,23,19,17,13,4,42,23,19,42,23,19,25,10,15,15,6,9,6,1,5,1,0,1,0,0,0,19,19,4,9,3,2,1,0,0,15,14,1,0,16,0,3,2
533427114,0,,,35,19,16,1,1,0,34,18,16,15,8,7,34,18,16,34,18,16,19,10,9,6,2,4,5,2,3,1,0,1,0,0,0,14,14,3,4,5,1,1,0,0,11,7,4,0,12,0,2,3
533427172,2,533427181,,3,1,2,*,*,*,*,*,*,*,*,*,*,*,*,*,*,*,*,*,*,*,*,*,*,*,*,*,*,*,*,*,*,2,2,*,*,*,*,*,*,*,*,*,*,*,*,*,*,*
533427181,1,,533427172,6,4,2,0,0,0,9,5,4,3,1,2,9,5,4,9,5,4,6,4,2,2,1,1,2,1,1,0,0,0,0,0,0,3,3,2,2,1,0,0,0,0,3,3,0,0,5,0,2,2
533427191,1,,533427084,74,37,37,8,7,1,68,31,37,31,12,19,67,31,36,65,31,34,37,19,18,14,6,8,7,2,5,1,0,1,0,0,0,29,29,7,11,6,2,3,1,0,23,18,5,1,23,1,6,9
533427403,2,533427501,,6,3,3,*,*,*,*,*,*,*,*,*,*,*,*,*,*,*,*,*,*,*,*,*,*,*,*,*,*,*,*,*,*,2,2,*,*,*,*,*,*,*,*,*,*,*,*,*,*,*
533427413,0,,,39,17,22,7,1,6,32,16,16,14,6,8,31,16,15,31,16,15,18,10,8,12,6,6,6,2,4,0,0,0,0,0,0,13,13,4,4,1,0,1,2,1,9,6,3,1,11,0,4,1
533427451,2,533427453,,2,1,1,*,*,*,*,*,*,*,*,*,*,*,*,*,*,*,*,*,*,*,*,*,*,*,*,*,*,*,*,*,*,2,2,*,*,*,*,*,*,*,*,*,*,*,*,*,*,*
533427453,1,,533427451,135,64,71,16,7,9,121,58,63,68,33,35,118,56,62,117,55,62,53,25,28,32,15,17,10,3,7,1,0,1,0,0,0,44,44,9,17,7,2,6,2,3,37,23,14,6,37,0,7,11
533427454,0,,,57,26,31,4,2,2,53,24,29,25,14,11,53,24,29,53,24,29,28,10,18,14,3,11,9,1,8,1,0,1,0,0,0,25,25,5,11,7,1,1,0,0,20,15,5,1,20,0,4,5
533427463,0,,,77,40,37,16,11,5,61,29,32,26,13,13,61,29,32,61,29,32,35,16,19,19,8,11,10,4,6,2,0,2,0,0,0,30,30,8,9,5,5,2,1,0,22,16,6,6,23,0,6,8
533427501,1,,533427403,7,3,4,2,1,1,11,5,6,6,3,3,11,5,6,11,5,6,5,2,3,2,1,1,1,0,1,0,0,0,0,0,0,3,3,1,1,2,1,0,0,0,4,4,0,0,3,0,0,0
533427502,0,,,95,46,49,13,6,7,82,40,42,49,25,24,79,40,39,76,38,38,33,15,18,17,6,11,9,2,7,0,0,0,0,0,0,25,25,4,5,4,4,0,5,3,21,10,11,4,20,0,2,2
533427511,0,,,31,15,16,3,1,2,28,14,14,13,6,7,26,13,13,26,13,13,15,8,7,7,5,2,2,1,1,0,0,0,0,0,0,10,10,3,2,2,1,0,1,1,7,3,4,1,9,0,2,2
533427544,2,533427642,,1,0,1,*,*,*,*,*,*,*,*,*,*,*,*,*,*,*,*,*,*,*,*,*,*,*,*,*,*,*,*,*,*,1,1,*,*,*,*,*,*,*,*,*,*,*,*,*,*,*
533427551,0,,,38,19,19,4,3,1,34,16,18,19,9,10,34,16,18,33,15,18,15,7,8,8,2,6,6,2,4,1,0,1,0,0,0,14,14,2,6,3,2,0,0,1,12,9,3,1,10,0,1,4
533427581,1,,533427593,52,26,26,7,4,3,50,24,26,23,12,11,50,24,26,48,22,26,27,12,15,18,7,11,12,5,7,2,0,2,0,0,0,19,19,7,10,2,1,1,1,1,16,12,4,2,17,0,5,7
533427583,1,,533427681,69,34,35,6,4,2,65,31,34,41,20,21,64,31,33,64,31,33,24,11,13,15,6,9,9,2,7,2,1,1,1,0,1,24,24,3,9,6,5,0,2,0,22,14,8,1,16,0,2,2
533427593,2,533427581,,5,2,3,*,*,*,*,*,*,*,*,*,*,*,*,*,*,*,*,*,*,*,*,*,*,*,*,*,*,*,*,*,*,4,4,*,*,*,*,*,*,*,*,*,*,*,*,*,*,*
533427641,2,533427642,,2,1,1,*,*,*,*,*,*,*,*,*,*,*,*,*,*,*,*,*,*,*,*,*,*,*,*,*,*,*,*,*,*,1,1,*,*,*,*,*,*,*,*,*,*,*,*,*,*,*
533427642,1,,533427544;533427641,71,40,31,8,5,3,66,36,30,35,19,16,63,35,28,63,35,28,31,17,14,13,8,5,1,1,0,0,0,0,0,0,0,23,23,4,9,4,3,3,1,1,21,14,7,2,19,0,3,5
533427643,2,533427644,,4,2,2,*,*,*,*,*,*,*,*,*,*,*,*,*,*,*,*,*,*,*,*,*,*,*,*,*,*,*,*,*,*,2,2,*,*,*,*,*,*,*,*,*,*,*,*,*,*,*
533427644,1,,533427643,79,41,38,1,1,0,82,42,40,43,21,22,82,42,40,82,42,40,39,21,18,24,10,14,9,5,4,0,0,0,1,0,1,29,29,4,11,9,5,2,0,0,27,20,7,0,25,0,2,8
533427681,2,533427583,,2,1,1,*,*,*,*,*,*,*,*,*,*,*,*,*,*,*,*,*,*,*,*,*,*,*,*,*,*,*,*,*,*,1,1,*,*,*,*,*,*,*,*,*,*,*,*,*,*,*
533427734,2,533427743,,4,2,2,*,*,*,*,*,*,*,*,*,*,*,*,*,*,*,*,*,*,*,*,*,*,*,*,*,*,*,*,*,*,2,2,*,*,*,*,*,*,*,*,*,*,*,*,*,*,*
533427741,0,,,23,10,13,1,1,0,22,9,13,13,7,6,22,9,13,22,9,13,9,2,7,3,0,3,2,0,2,0,0,0,0,0,0,9,9,3,0,5,0,1,0,0,6,2,4,1,6,0,1,0
533427742,0,,,64,33,31,3,2,1,61,31,30,27,16,11,61,31,30,57,28,29,34,15,19,22,9,13,14,4,10,0,0,0,0,0,0,24,23,5,8,6,2,2,0,0,18,14,4,1,17,0,4,5
533427743,1,,533427734,100,53,47,6,5,1,98,50,48,44,26,18,97,49,48,96,49,47,54,24,30,33,13,20,14,5,9,4,0,4,0,0,0,40,40,10,16,6,6,4,0,0,32,21,11,2,35,0,8,5
533427744,0,,,10,5,5,1,1,0,9,4,5,4,2,2,9,4,5,9,4,5,5,2,3,3,1,2,1,0,1,0,0,0,0,0,0,4,4,1,1,1,1,0,0,0,3,2,1,0,3,0,1,1
533427781,0,,,19,8,11,3,2,1,16,6,10,9,4,5,16,6,10,16,6,10,7,2,5,3,1,2,1,0,1,0,0,0,0,0,0,8,8,1,5,1,0,1,0,0,7,7,0,1,5,0,1,2
533427782,0,,,16,7,9,0,0,0,16,7,9,7,4,3,16,7,9,16,7,9,9,3,6,4,1,3,2,1,1,0,0,0,0,0,0,7,7,2,2,2,1,0,0,0,5,4,1,0,6,0,1,1
533427783,0,,,17,11,6,0,0,0,17,11,6,10,8,2,17,11,6,17,11,6,7,3,4,6,2,4,3,1,2,0,0,0,1,1,0,8,8,2,4,1,1,0,0,0,6,5,1,0,5,0,0,1
533427841,0,,,43,23,20,5,4,1,38,19,19,14,7,7,37,19,18,37,19,18,24,12,12,12,6,6,2,2,0,0,0,0,0,0,0,17,17,2,8,4,2,1,0,0,15,12,3,1,15,0,2,6
533427842,0,,,84,43,41,0,0,0,84,43,41,42,24,18,80,40,40,79,39,40,42,19,23,24,11,13,7,4,3,0,0,0,0,0,0,28,28,2,11,6,7,0,0,2,26,18,8,0,24,0,2,9
533427843,0,,,83,38,45,7,2,5,76,36,40,35,19,16,76,36,40,76,36,40,41,17,24,24,9,15,13,4,9,1,0,1,0,0,0,32,32,7,12,6,2,4,1,0,25,17,8,3,26,0,5,4
533427851,1,,533427852;533427853,55,30,25,12,8,4,50,24,26,23,11,12,49,24,25,49,24,25,27,13,14,17,6,11,5,1,4,0,0,0,0,0,0,18,18,7,3,3,3,3,1,1,14,7,7,3,18,0,6,3
533427852,2,533427851,,1,0,1,*,*,*,*,*,*,*,*,*,*,*,*,*,*,*,*,*,*,*,*,*,*,*,*,*,*,*,*,*,*,1,1,*,*,*,*,*,*,*,*,*,*,*,*,*,*,*
533427853,2,533427851,,6,2,4,*,*,*,*,*,*,*,*,*,*,*,*,*,*,*,*,*,*,*,*,*,*,*,*,*,*,*,*,*,*,2,2,*,*,*,*,*,*,*,*,*,*,*,*,*,*,*
533427872,0,,,85,41,44,11,7,4,74,34,40,40,20,20,73,34,39,73,34,39,34,14,20,18,6,12,11,4,7,1,0,1,0,0,0,30,30,5,9,6,7,2,1,0,25,16,9,1,21,0,3,6
533427874,0,,,50,26,24,9,5,4,41,21,20,32,17,15,39,20,19,36,19,17,9,4,5,7,2,5,0,0,0,0,0,0,0,0,0,15,15,2,5,1,3,3,0,1,13,10,3,3,7,0,2,1
533427883,1,,533427884,47,22,25,7,6,1,50,23,27,21,11,10,50,23,27,49,23,26,29,12,17,10,3,7,4,0,4,1,0,1,0,0,0,19,19,6,7,2,2,1,3,0,15,8,7,0,18,0,6,3
533427884,2,533427883,,10,7,3,*,*,*,*,*,*,*,*,*,*,*,*,*,*,*,*,*,*,*,*,*,*,*,*,*,*,*,*,*,*,2,2,*,*,*,*,*,*,*,*,*,*,*,*,*,*,*
533427911,2,533427913,,4,2,2,*,*,*,*,*,*,*,*,*,*,*,*,*,*,*,*,*,*,*,*,*,*,*,*,*,*,*,*,*,*,1,1,*,*,*,*,*,*,*,*,*,*,*,*,*,*,*
533427912,0,,,39,19,20,5,2,3,34,17,17,21,10,11,33,17,16,33,17,16,13,7,6,10,5,5,5,3,2,0,0,0,0,0,0,11,11,2,2,0,4,2,0,1,9,4,5,2,9,0,2,1
533427913,1,,533427911,63,30,33,3,3,0,64,29,35,34,13,21,61,29,32,61,29,32,30,16,14,19,10,9,8,3,5,0,0,0,0,0,0,23,23,4,7,5,6,2,0,0,20,12,8,0,20,0,4,6
533427914,0,,,49,21,28,8,5,3,41,16,25,20,8,12,40,16,24,40,16,24,21,8,13,11,3,8,3,0,3,0,0,0,1,0,1,21,21,5,10,3,1,1,1,0,16,13,3,1,15,0,4,7
533427923,0,,,14,6,8,0,0,0,14,6,8,8,4,4,14,6,8,14,6,8,6,2,4,3,1,2,1,0,1,0,0,0,0,0,0,7,7,1,5,1,0,0,0,0,6,5,1,0,5,0,1,0
533427932,0,,,16,10,6,0,0,0,16,10,6,6,5,1,16,10,6,16,10,6,10,5,5,8,4,4,3,2,1,0,0,0,0,0,0,6,6,1,1,3,1,0,0,0,5,4,1,0,6,0,1,0
533427941,0,,,166,79,87,18,11,7,148,68,80,77,35,42,142,64,78,142,64,78,71,33,38,46,19,27,16,3,13,1,0,1,0,0,0,56,56,8,21,12,4,6,3,2,48,34,14,5,44,0,6,15
533427942,0,,,21,9,12,2,0,2,19,9,10,8,4,4,19,9,10,18,8,10,11,5,6,7,3,4,3,1,2,0,0,0,0,0,0,7,7,0,4,1,1,0,1,0,7,6,1,0,6,0,0,3
533427943,0,,,18,9,9,0,0,0,17,8,9,6,2,4,17,8,9,17,8,9,11,6,5,4,2,2,1,0,1,1,0,1,0,0,0,11,11,5,5,1,0,0,0,0,6,5,1,0,9,0,4,4
533427944,0,,,88,45,43,12,8,4,76,37,39,44,22,22,73,35,38,73,35,38,32,15,17,10,3,7,8,2,6,1,0,1,0,0,0,27,27,3,7,6,5,3,3,0,24,16,8,0,18,0,2,4
533427951,0,,,50,27,23,3,0,3,47,27,20,21,14,7,47,27,20,45,26,19,26,13,13,17,8,9,6,2,4,0,0,0,0,0,0,19,19,4,5,6,2,2,0,0,15,9,6,1,15,0,3,3
533427953,0,,,11,6,5,3,2,1,8,4,4,2,1,1,8,4,4,8,4,4,6,3,3,1,1,0,0,0,0,0,0,0,0,0,0,4,4,0,3,0,0,1,0,0,4,4,0,1,3,0,0,3
533427954,0,,,26,12,14,3,0,3,23,12,11,12,4,8,23,12,11,23,12,11,11,8,3,6,3,3,2,1,1,0,0,0,0,0,0,9,9,2,3,1,1,1,1,0,7,4,3,0,7,0,2,1
533427962,1,,533427963,53,25,28,7,3,4,50,24,26,28,13,15,50,24,26,50,24,26,22,11,11,12,6,6,7,3,4,2,1,1,0,0,0,20,20,4,9,3,2,2,0,1,17,13,4,2,13,0,3,4
533427963,2,533427962,,4,2,2,*,*,*,*,*,*,*,*,*,*,*,*,*,*,*,*,*,*,*,*,*,*,*,*,*,*,*,*,*,*,1,1,*,*,*,*,*,*,*,*,*,*,*,*,*,*,*
533427964,0,,,37,19,18,4,4,0,33,15,18,16,9,7,33,15,18,33,15,18,17,6,11,5,0,5,4,0,4,2,0,2,0,0,0,12,12,1,3,6,1,0,0,1,11,6,5,2,11,0,1,1
533427972,0,,,22,6,16,6,1,5,16,5,11,13,5,8,14,5,9,13,5,8,3,0,3,3,0,3,2,0,2,1,0,1,0,0,0,6,6,1,1,1,0,2,1,0,5,3,2,1,3,0,1,0
533427973,1,,533427974,61,30,31,8,5,3,61,28,33,31,15,16,60,28,32,59,27,32,30,13,17,19,8,11,5,2,3,1,0,1,0,0,0,26,26,8,11,6,4,1,0,0,22,19,3,4,18,0,5,7
533427974,2,533427973,,8,3,5,*,*,*,*,*,*,*,*,*,*,*,*,*,*,*,*,*,*,*,*,*,*,*,*,*,*,*,*,*,*,4,4,*,*,*,*,*,*,*,*,*,*,*,*,*,*,*
533427981,0,,,114,52,62,14,5,9,100,47,53,48,23,25,99,47,52,99,47,52,52,24,28,21,8,13,9,1,8,3,0,3,1,0,1,46,46,17,10,10,4,2,1,2,29,19,10,5,33,1,13,7
533432031,0,,,158,73,85,8,4,4,150,69,81,60,29,31,147,67,80,144,64,80,90,40,50,60,30,30,19,9,10,1,1,0,0,0,0,67,67,19,21,17,6,2,2,0,48,39,9,1,58,1,15,16
533432032,0,,,291,142,149,11,8,3,280,134,146,147,73,74,272,131,141,268,128,140,133,61,72,66,27,39,25,10,15,1,0,1,0,0,0,119,119,41,31,21,15,6,3,2,78,56,22,2,93,1,29,16
533432044,0,,,129,61,68,7,6,1,122,55,67,51,23,28,122,55,67,121,55,66,71,32,39,31,13,18,12,5,7,1,0,1,0,0,0,63,63,20,28,9,5,0,1,0,43,35,8,2,49,1,13,17
533432052,2,533432054,,12,6,6,*,*,*,*,*,*,*,*,*,*,*,*,*,*,*,*,*,*,*,*,*,*,*,*,*,*,*,*,*,*,3,3,*,*,*,*,*,*,*,*,*,*,*,*,*,*,*
533432053,0,,,38,18,20,3,2,1,35,16,19,26,12,14,35,16,19,35,16,19,9,4,5,5,1,4,4,0,4,0,0,0,0,0,0,16,16,5,6,0,4,1,0,0,11,6,5,1,8,1,2,1
533432054,1,,533432052,487,227,260,56,25,31,443,208,235,257,130,127,430,202,228,424,198,226,186,78,108,94,34,60,38,7,31,1,0,1,4,0,4,162,162,34,44,30,29,13,4,11,131,83,48,14,125,1,22,25
533432061,0,,,630,288,342,75,37,38,555,251,304,304,156,148,539,242,297,530,236,294,251,95,156,146,47,99,82,20,62,16,3,13,10,3,7,225,222,56,64,46,29,17,9,1,165,125,40,23,134,6,30,36
533432062,0,,,320,151,169,34,20,14,286,131,155,185,90,95,271,122,149,267,119,148,101,41,60,54,20,34,21,9,12,1,0,1,4,0,4,114,114,18,33,27,25,11,0,0,96,73,23,6,64,1,9,16
533432063,0,,,195,86,109,24,11,13,171,75,96,105,49,56,164,73,91,161,72,89,66,26,40,34,14,20,6,2,4,0,0,0,1,0,1,72,72,13,26,16,8,5,3,1,59,48,11,4,43,0,9,15
533432064,0,,,233,112,121,38,21,17,195,91,104,117,55,62,188,87,101,186,86,100,78,36,42,33,10,23,16,2,14,1,0,1,0,0,0,85,85,19,27,20,6,6,4,3,66,50,16,8,54,0,16,13
533432073,0,,,13,5,8,0,0,0,13,5,8,10,4,6,12,5,7,12,5,7,3,1,2,2,1,1,0,0,0,0,0,0,0,0,0,5,5,1,1,2,1,0,0,0,4,4,0,0,2,0,1,0
533432142,0,,,131,58,73,3,2,1,128,56,72,58,28,30,123,54,69,122,53,69,70,28,42,40,15,25,17,4,13,0,0,0,0,0,0,63,63,28,17,9,5,3,0,1,35,25,10,0,51,1,21,10
533432151,0,,,94,53,41,1,1,0,93,52,41,44,32,12,89,49,40,88,48,40,49,20,29,28,12,16,11,3,8,2,0,2,14,14,0,54,54,28,17,6,2,0,1,0,26,21,5,0,34,13,10,10
533432162,0,,,41,32,9,4,2,2,37,30,7,37,30,7,37,30,7,35,28,7,0,0,0,0,0,0,0,0,0,0,0,0,0,0,0,10,9,3,2,3,1,0,0,0,6,6,0,1,0,0,0,0
533432174,0,,,66,33,33,0,0,0,66,33,33,34,17,17,66,33,33,64,32,32,32,16,16,10,2,8,5,1,4,0,0,0,0,0,0,29,29,8,11,7,2,0,0,1,20,16,4,0,23,0,8,6
533432183,2,533432184,,3,1,2,*,*,*,*,*,*,*,*,*,*,*,*,*,*,*,*,*,*,*,*,*,*,*,*,*,*,*,*,*,*,1,1,*,*,*,*,*,*,*,*,*,*,*,*,*,*,*
533432184,1,,533432183,5,3,2,0,0,0,8,4,4,1,0,1,8,4,4,8,4,4,7,4,3,6,3,3,2,1,1,0,0,0,0,0,0,3,3,1,2,1,0,0,0,0,3,3,0,0,4,0,1,2
533432193,0,,,74,28,46,7,2,5,67,26,41,31,12,19,66,26,40,65,26,39,36,14,22,23,6,17,14,2,12,4,0,4,1,0,1,25,24,3,10,6,3,1,0,1,21,19,2,1,17,0,3,5
533432271,2,533432272,,7,4,3,*,*,*,*,*,*,*,*,*,*,*,*,*,*,*,*,*,*,*,*,*,*,*,*,*,*,*,*,*,*,3,3,*,*,*,*,*,*,*,*,*,*,*,*,*,*,*
533432272,1,,533432271;533432274,169,74,95,5,2,3,172,77,95,97,47,50,170,75,95,169,75,94,75,30,45,43,15,28,19,4,15,0,0,0,0,0,0,67,67,19,23,13,10,3,3,0,52,36,16,2,52,1,11,9
533432274,2,533432272,,1,1,0,*,*,*,*,*,*,*,*,*,*,*,*,*,*,*,*,*,*,*,*,*,*,*,*,*,*,*,*,*,*,1,1,*,*,*,*,*,*,*,*,*,*,*,*,*,*,*
533432282,0,,,11,6,5,0,0,0,11,6,5,7,4,3,11,6,5,11,6,5,4,2,2,1,0,1,1,0,1,0,0,0,0,0,0,4,4,1,0,2,1,0,0,0,3,3,0,0,3,0,0,0
533432291,0,,,101,50,51,9,4,5,92,46,46,54,31,23,89,44,45,86,44,42,38,15,23,15,5,10,6,2,4,0,0,0,0,0,0,36,36,10,7,8,6,3,0,2,26,17,9,2,28,0,7,3
533432292,0,,,98,47,51,4,4,0,94,43,51,44,21,23,91,41,50,89,40,49,50,22,28,20,8,12,8,3,5,0,0,0,0,0,0,38,38,6,18,5,6,2,0,1,32,22,10,2,32,0,5,11
533433071,2,533433173,,8,5,3,*,*,*,*,*,*,*,*,*,*,*,*,*,*,*,*,*,*,*,*,*,*,*,*,*,*,*,*,*,*,5,5,*,*,*,*,*,*,*,*,*,*,*,*,*,*,*
533433091,0,,,75,41,34,3,3,0,72,38,34,38,21,17,64,33,31,62,32,30,34,17,17,20,10,10,12,6,6,0,0,0,0,0,0,26,26,5,10,3,4,1,1,2,21,13,8,1,23,0,5,6
533433173,1,,533433071;533433174,69,32,37,7,4,3,73,35,38,42,21,21,71,35,36,71,35,36,31,14,17,16,7,9,5,2,3,1,0,1,0,0,0,25,25,6,10,10,2,2,1,0,25,17,8,1,23,0,4,5
533433174,2,533433173,,3,2,1,*,*,*,*,*,*,*,*,*,*,*,*,*,*,*,*,*,*,*,*,*,*,*,*,*,*,*,*,*,*,1,1,*,*,*,*,*,*,*,*,*,*,*,*,*,*,*
533433182,1,,533433191,85,47,38,8,6,2,79,42,37,47,26,21,79,42,37,78,41,37,32,16,16,16,7,9,8,3,5,1,0,1,0,0,0,27,27,3,12,4,4,0,3,2,25,17,8,2,19,0,2,7
533433183,0,,,59,28,31,3,2,1,56,26,30,17,10,7,56,26,30,56,26,30,39,16,23,17,6,11,8,2,6,1,0,1,0,0,0,22,22,2,11,4,3,1,1,0,20,11,9,0,21,0,2,8
533433191,2,533433182,,2,1,1,*,*,*,*,*,*,*,*,*,*,*,*,*,*,*,*,*,*,*,*,*,*,*,*,*,*,*,*,*,*,1,1,*,*,*,*,*,*,*,*,*,*,*,*,*,*,*
533433232,0,,,18,9,9,0,0,0,18,9,9,7,4,3,18,9,9,18,9,9,11,5,6,0,0,0,0,0,0,0,0,0,0,0,0,7,7,1,3,1,2,0,0,0,6,6,0,0,7,0,1,2
533433234,0,,,13,7,6,0,0,0,13,7,6,7,5,2,13,7,6,12,6,6,6,2,4,5,2,3,4,2,2,0,0,0,0,0,0,4,4,1,1,0,0,2,0,0,3,1,2,0,4,0,1,0
533433243,0,,,16,8,8,0,0,0,16,8,8,11,6,5,14,7,7,14,7,7,5,2,3,3,1,2,1,0,1,0,0,0,0,0,0,5,5,1,1,1,0,2,0,0,4,1,3,0,3,0,0,0
533433271,0,,,38,19,19,5,2,3,33,17,16,18,10,8,32,16,16,32,16,16,15,7,8,6,2,4,1,0,1,0,0,0,0,0,0,13,13,3,4,3,0,1,1,1,10,6,4,2,9,0,2,3
533433272,0,,,19,9,10,5,3,2,14,6,8,8,3,5,14,6,8,14,6,8,6,3,3,2,1,1,1,0,1,1,0,1,0,0,0,4,4,0,1,0,0,2,0,1,4,2,2,2,3,0,0,1
533433274,0,,,114,54,60,5,2,3,109,52,57,57,29,28,108,51,57,107,51,56,52,23,29,23,8,15,7,2,5,1,1,0,0,0,0,45,45,9,17,8,9,1,1,0,36,27,9,1,35,0,8,8
533433281,0,,,90,46,44,9,9,0,81,37,44,44,20,24,80,37,43,79,36,43,37,17,20,16,5,11,9,3,6,0,0,0,0,0,0,32,32,6,9,10,3,2,1,1,26,19,7,4,21,0,3,4
533433283,0,,,26,14,12,2,1,1,24,13,11,14,7,7,23,12,11,23,12,11,10,6,4,4,2,2,1,0,1,0,0,0,0,0,0,9,9,2,3,2,1,0,0,1,7,4,3,0,9,0,2,2
533433311,0,,,27,10,17,1,0,1,26,10,16,11,6,5,26,10,16,26,10,16,15,4,11,9,2,7,5,1,4,0,0,0,0,0,0,16,16,9,4,2,1,0,0,0,7,6,1,0,10,0,5,3
533433313,0,,,432,199,233,35,15,20,397,184,213,208,102,106,385,180,205,383,178,205,189,82,107,94,32,62,40,10,30,0,0,0,0,0,0,175,175,45,70,25,14,12,7,2,129,97,32,9,129,1,34,37
533433324,0,,,12,7,5,1,1,0,11,6,5,8,4,4,11,6,5,11,6,5,3,2,1,1,1,0,0,0,0,0,0,0,0,0,0,5,5,1,3,0,0,1,0,0,4,3,1,0,2,0,1,1
533433341,1,,533433344,149,76,73,16,9,7,136,68,68,68,42,26,136,68,68,136,68,68,68,26,42,30,6,24,11,2,9,0,0,0,0,0,0,56,56,14,20,11,5,5,1,2,44,28,16,6,46,0,12,8
533433344,2,533433341,,3,1,2,*,*,*,*,*,*,*,*,*,*,*,*,*,*,*,*,*,*,*,*,*,*,*,*,*,*,*,*,*,*,2,2,*,*,*,*,*,*,*,*,*,*,*,*,*,*,*
533433363,0,,,14,6,8,5,2,3,9,4,5,5,2,3,9,4,5,9,4,5,4,2,2,2,1,1,2,1,1,0,0,0,0,0,0,4,4,1,1,0,1,0,0,1,3,2,1,1,1,0,0,0
533433364,0,,,146,77,69,15,10,5,131,67,64,72,39,33,128,65,63,125,63,62,59,28,31,22,9,13,10,3,7,0,0,0,0,0,0,57,57,15,19,12,4,4,1,2,42,31,11,3,42,0,11,9
533433371,1,,533433372,31,15,16,10,6,4,33,14,19,24,11,13,33,14,19,33,14,19,9,3,6,3,0,3,2,0,2,0,0,0,0,0,0,13,13,5,5,2,2,1,0,1,11,9,2,3,8,0,3,1
533433372,2,533433371,,12,5,7,*,*,*,*,*,*,*,*,*,*,*,*,*,*,*,*,*,*,*,*,*,*,*,*,*,*,*,*,*,*,3,3,*,*,*,*,*,*,*,*,*,*,*,*,*,*,*
533433373,0,,,69,30,39,12,5,7,57,25,32,39,20,19,56,24,32,55,23,32,18,5,13,5,1,4,3,1,2,1,0,1,0,0,0,31,31,10,9,7,5,0,0,0,21,20,1,4,11,0,3,4
533433374,0,,,98,52,46,16,8,8,82,44,38,43,24,19,81,43,38,81,43,38,39,20,19,19,7,12,7,3,4,2,0,2,0,0,0,30,30,7,8,5,2,1,4,3,23,10,13,3,23,0,3,6
533433381,0,,,293,103,190,27,9,18,266,94,172,115,53,62,261,94,167,259,94,165,151,41,110,118,24,94,79,11,68,17,0,17,0,0,0,77,75,16,23,16,12,5,2,1,58,44,14,8,40,2,3,8
533433383,0,,,40,20,20,6,3,3,34,17,17,17,9,8,33,17,16,33,17,16,17,8,9,7,4,3,1,0,1,0,0,0,0,0,0,14,14,4,3,1,5,0,0,1,10,5,5,2,12,0,4,2
533433422,1,,533433431,63,30,33,4,2,2,66,32,34,33,16,17,65,32,33,64,31,33,33,16,17,14,5,9,5,2,3,0,0,0,0,0,0,25,25,4,11,6,4,2,0,0,23,16,7,0,21,0,3,10
533433431,2,533433422,,7,4,3,*,*,*,*,*,*,*,*,*,*,*,*,*,*,*,*,*,*,*,*,*,*,*,*,*,*,*,*,*,*,2,2,*,*,*,*,*,*,*,*,*,*,*,*,*,*,*
533433441,0,,,295,151,144,21,8,13,274,143,131,152,88,64,264,137,127,259,134,125,122,55,67,71,31,40,18,4,14,1,0,1,18,18,0,123,123,42,39,13,18,6,2,3,80,62,18,5,80,14,15,24
533433442,0,,,384,176,208,56,29,27,328,147,181,178,85,93,318,144,174,314,141,173,150,62,88,92,34,58,33,12,21,4,0,4,0,0,0,147,147,36,55,24,13,6,9,4,110,81,29,11,102,0,28,29
533433443,0,,,76,31,45,6,4,2,70,27,43,34,14,20,70,27,43,69,27,42,36,13,23,16,4,12,11,1,10,0,0,0,0,0,0,34,34,10,15,5,0,3,1,0,24,19,5,2,26,0,9,6
533433444,0,,,12,4,8,0,0,0,12,4,8,8,2,6,12,4,8,12,4,8,4,2,2,1,0,1,1,0,1,0,0,0,0,0,0,5,5,1,1,3,0,0,0,0,4,3,1,0,3,0,0,0
533433452,0,,,331,164,167,55,29,26,274,133,141,178,93,85,262,126,136,258,125,133,96,40,56,43,14,29,13,4,9,1,0,1,0,0,0,139,139,48,41,24,13,4,6,3,91,74,17,15,69,8,21,15
533433453,0,,,21,9,12,2,1,1,19,8,11,10,4,6,19,8,11,19,8,11,9,4,5,5,2,3,1,0,1,0,0,0,0,0,0,7,7,1,2,1,2,1,0,0,6,3,3,1,5,0,1,0
533433454,0,,,480,229,251,72,32,40,406,195,211,268,136,132,379,186,193,374,184,190,138,59,79,71,31,40,30,13,17,0,0,0,7,1,6,177,177,34,62,39,20,13,5,4,143,115,28,17,87,8,12,30
533433461,0,,,304,141,163,37,14,23,267,127,140,169,84,85,253,121,132,247,116,131,98,43,55,41,17,24,16,6,10,2,1,1,1,0,1,115,115,24,40,24,14,8,3,2,91,71,20,5,66,0,16,18
533433462,0,,,433,209,224,72,36,36,360,172,188,249,122,127,348,166,182,343,164,179,111,50,61,45,19,26,10,3,7,1,0,1,0,0,0,162,162,48,42,27,18,16,9,2,114,90,24,17,76,11,19,19
533433463,0,,,911,436,475,117,64,53,794,372,422,393,204,189,772,358,414,766,354,412,401,168,233,198,77,121,57,13,44,5,1,4,4,2,2,363,363,93,134,63,30,31,4,8,269,214,55,27,268,0,72,73
533433464,0,,,241,115,126,27,15,12,214,100,114,128,67,61,203,94,109,202,93,109,86,33,53,52,18,34,20,6,14,1,0,1,1,0,1,89,89,21,24,23,10,7,1,3,68,43,25,2,59,2,12,12
533433471,2,533433473,,5,1,4,*,*,*,*,*,*,*,*,*,*,*,*,*,*,*,*,*,*,*,*,*,*,*,*,*,*,*,*,*,*,5,5,*,*,*,*,*,*,*,*,*,*,*,*,*,*,*
533433472,0,,,323,134,189,32,19,13,291,115,176,132,63,69,281,112,169,278,112,166,159,52,107,119,34,85,73,19,54,19,3,16,0,0,0,87,85,21,19,20,13,7,1,4,64,47,17,4,49,1,11,10
533433473,1,,533433471,33,14,19,4,4,0,31,11,20,26,9,17,31,11,20,30,11,19,5,2,3,5,2,3,3,1,2,0,0,0,12,0,12,16,16,14,3,1,1,1,1,0,7,5,2,1,3,2,0,2
533433474,0,,,25,13,12,3,2,1,22,11,11,13,9,4,22,11,11,22,11,11,9,2,7,6,1,5,2,0,2,0,0,0,0,0,0,11,11,5,3,1,1,0,0,1,6,4,2,0,7,0,2,0
533433481,1,,533433484,65,37,28,6,4,2,68,38,30,44,24,20,68,38,30,67,37,30,24,14,10,8,5,3,3,2,1,0,0,0,0,0,0,31,30,12,8,5,5,2,0,0,20,16,4,1,17,2,4,4
533433484,2,533433481,,9,5,4,*,*,*,*,*,*,*,*,*,*,*,*,*,*,*,*,*,*,*,*,*,*,*,*,*,*,*,*,*,*,2,2,*,*,*,*,*,*,*,*,*,*,*,*,*,*,*
533433493,0,,,166,84,82,15,6,9,151,78,73,72,40,32,149,76,73,149,76,73,79,38,41,44,20,24,18,5,13,1,0,1,0,0,0,55,55,11,17,12,4,2,6,3,44,28,16,2,47,0,10,11
533433551,0,,,176,93,83,16,5,11,160,88,72,98,62,36,156,85,71,155,85,70,62,26,36,38,15,23,13,4,9,1,0,1,13,13,0,66,66,21,13,15,8,5,1,3,45,29,16,3,42,13,7,7
533433552,0,,,194,95,99,26,14,12,168,81,87,114,58,56,164,78,86,162,77,85,54,23,31,29,11,18,7,2,5,0,0,0,12,2,10,85,85,35,18,14,12,4,1,1,49,39,10,2,40,10,8,7
533433561,0,,,741,336,405,97,44,53,643,291,352,375,181,194,623,278,345,616,274,342,268,110,158,143,55,88,44,18,26,5,1,4,17,0,17,300,300,89,97,53,31,16,7,7,210,156,54,21,195,2,53,43
533433571,0,,,73,33,40,10,4,6,63,29,34,30,14,16,61,28,33,61,28,33,33,15,18,19,9,10,5,2,3,0,0,0,0,0,0,25,25,2,12,4,3,2,1,1,23,16,7,1,20,0,2,7
533433591,0,,,44,20,24,4,1,3,40,19,21,26,14,12,37,17,20,36,16,20,14,5,9,10,3,7,7,2,5,0,0,0,0,0,0,13,13,4,2,2,3,1,0,1,9,3,6,2,11,0,4,0
533433672,0,,,35,14,21,3,1,2,32,13,19,15,8,7,32,13,19,32,13,19,17,5,12,14,4,10,11,4,7,0,0,0,0,0,0,15,15,7,4,0,1,2,1,0,7,5,2,1,13,0,7,1
533433681,0,,,51,31,20,3,2,1,48,29,19,30,20,10,46,27,19,46,27,19,18,9,9,10,5,5,4,2,2,0,0,0,0,0,0,21,21,7,6,3,3,1,1,0,14,9,5,0,14,1,5,2
533433682,0,,,83,39,44,8,3,5,75,36,39,42,20,22,70,33,37,70,33,37,33,16,17,16,8,8,4,2,2,0,0,0,0,0,0,30,30,8,10,2,4,4,1,1,22,17,5,1,22,0,5,7
533433694,0,,,14,8,6,4,3,1,10,5,5,5,3,2,10,5,5,10,5,5,5,2,3,1,0,1,0,0,0,0,0,0,0,0,0,6,6,4,1,0,0,0,0,1,2,1,1,1,4,0,3,1
533433792,0,,,12,8,4,0,0,0,12,8,4,6,3,3,12,8,4,12,8,4,6,5,1,0,0,0,0,0,0,0,0,0,0,0,0,7,7,3,3,1,0,0,0,0,4,3,1,0,5,0,1,2
533434032,0,,,74,40,34,0,0,0,74,40,34,36,23,13,71,38,33,70,37,33,38,17,21,18,5,13,10,5,5,0,0,0,3,3,0,31,31,12,7,5,4,1,2,0,19,11,8,0,23,3,6,5
533434041,1,,533434043;533434052,23,11,12,4,1,3,30,14,16,16,7,9,29,14,15,29,14,15,14,7,7,9,3,6,4,1,3,0,0,0,0,0,0,9,9,2,3,5,1,0,0,1,10,4,6,1,11,1,1,2
533434043,2,533434041,,1,1,0,*,*,*,*,*,*,*,*,*,*,*,*,*,*,*,*,*,*,*,*,*,*,*,*,*,*,*,*,*,*,1,1,*,*,*,*,*,*,*,*,*,*,*,*,*,*,*
533434052,2,533434041,,10,3,7,*,*,*,*,*,*,*,*,*,*,*,*,*,*,*,*,*,*,*,*,*,*,*,*,*,*,*,*,*,*,2,2,*,*,*,*,*,*,*,*,*,*,*,*,*,*,*
533434082,0,,,18,7,11,3,2,1,15,5,10,10,3,7,15,5,10,15,5,10,5,2,3,4,1,3,3,1,2,1,0,1,0,0,0,6,6,0,4,1,0,0,0,1,6,4,2,1,4,0,0,2
533434084,0,,,45,21,24,5,3,2,40,18,22,19,9,10,40,18,22,40,18,22,21,9,12,8,4,4,2,0,2,1,0,1,0,0,0,15,15,2,6,2,2,1,2,0,13,8,5,2,12,0,2,2
533434132,1,,533434231,13,4,9,1,0,1,20,7,13,10,4,6,20,7,13,20,7,13,10,3,7,4,0,4,4,0,4,0,0,0,0,0,0,7,7,4,2,1,1,0,1,0,5,2,3,0,7,0,3,1
533434184,0,,,69,36,33,13,9,4,56,27,29,32,17,15,54,25,29,53,24,29,24,10,14,11,5,6,0,0,0,0,0,0,0,0,0,23,23,5,4,6,3,4,1,0,18,14,4,2,18,0,4,2
533434203,0,,,41,17,24,2,0,2,39,17,22,19,10,9,38,17,21,38,17,21,20,7,13,9,1,8,5,1,4,0,0,0,0,0,0,17,17,3,9,2,2,0,1,0,14,7,7,0,15,0,2,3
533434214,0,,,44,24,20,3,2,1,41,22,19,20,11,9,39,20,19,39,20,19,21,11,10,11,5,6,3,1,2,1,1,0,0,0,0,13,13,0,4,4,2,2,1,0,13,9,4,0,13,0,0,3
533434231,2,533434132,,8,3,5,*,*,*,*,*,*,*,*,*,*,*,*,*,*,*,*,*,*,*,*,*,*,*,*,*,*,*,*,*,*,2,2,*,*,*,*,*,*,*,*,*,*,*,*,*,*,*
533434243,2,533434244,,7,4,3,*,*,*,*,*,*,*,*,*,*,*,*,*,*,*,*,*,*,*,*,*,*,*,*,*,*,*,*,*,*,2,2,*,*,*,*,*,*,*,*,*,*,*,*,*,*,*
533434244,1,,533434243,9,5,4,2,1,1,14,8,6,5,4,1,14,8,6,14,8,6,9,4,5,4,1,3,3,1,2,1,1,0,0,0,0,4,4,3,0,1,1,0,1,0,3,1,2,1,4,0,1,0
533434282,0,,,65,31,34,3,2,1,62,29,33,29,14,15,61,29,32,61,29,32,33,15,18,16,7,9,5,1,4,0,0,0,0,0,0,25,25,4,10,4,6,1,0,0,21,17,4,1,21,0,4,4
533434291,1,,533434292,71,36,35,6,4,2,67,32,35,38,19,19,64,32,32,64,32,32,29,13,16,19,9,10,8,5,3,1,0,1,0,0,0,20,20,8,4,0,3,1,3,3,13,4,9,3,19,0,6,2
533434292,2,533434291,,2,0,2,*,*,*,*,*,*,*,*,*,*,*,*,*,*,*,*,*,*,*,*,*,*,*,*,*,*,*,*,*,*,2,2,*,*,*,*,*,*,*,*,*,*,*,*,*,*,*
533434294,0,,,12,5,7,0,0,0,12,5,7,7,3,4,11,4,7,11,4,7,5,2,3,3,1,2,0,0,0,0,0,0,0,0,0,6,6,3,2,0,0,1,0,0,3,2,1,0,4,0,2,1
533434301,0,,,49,28,21,4,1,3,45,27,18,29,18,11,40,24,16,39,23,16,16,9,7,9,5,4,4,2,2,0,0,0,0,0,0,16,16,3,3,4,3,2,1,0,13,9,4,0,10,0,2,1
533434303,0,,,49,23,26,4,2,2,45,21,24,17,10,7,45,21,24,45,21,24,28,11,17,10,4,6,5,2,3,0,0,0,0,0,0,20,20,5,6,7,0,1,1,0,15,11,4,2,18,0,5,3
533434304,0,,,73,32,41,7,2,5,66,30,36,38,19,19,63,28,35,61,28,33,28,11,17,14,5,9,1,0,1,0,0,0,0,0,0,23,23,2,9,5,2,2,2,1,20,12,8,1,17,0,2,5
533434312,0,,,16,9,7,1,1,0,15,8,7,8,4,4,14,8,6,14,8,6,7,4,3,5,4,1,1,1,0,0,0,0,0,0,0,4,4,0,1,0,2,0,1,0,4,1,3,0,4,0,0,1
533434313,0,,,13,6,7,3,1,2,10,5,5,6,4,2,10,5,5,10,5,5,4,1,3,1,1,0,0,0,0,0,0,0,0,0,0,5,5,1,2,1,0,1,0,0,4,3,1,0,3,0,0,1
533434404,0,,,18,10,8,0,0,0,18,10,8,9,6,3,18,10,8,18,10,8,9,4,5,4,2,2,1,0,1,0,0,0,0,0,0,7,7,1,3,1,2,0,0,0,6,5,1,0,6,0,1,1
533434413,2,533434511,,13,6,7,*,*,*,*,*,*,*,*,*,*,*,*,*,*,*,*,*,*,*,*,*,*,*,*,*,*,*,*,*,*,2,2,*,*,*,*,*,*,*,*,*,*,*,*,*,*,*
533434491,0,,,83,37,46,4,2,2,79,35,44,44,24,20,77,35,42,77,35,42,35,11,24,15,3,12,11,2,9,1,0,1,0,0,0,29,28,6,8,5,5,3,1,0,21,18,3,2,21,0,6,4
533434492,1,,533434493,50,20,30,8,2,6,43,19,24,26,12,14,43,19,24,42,19,23,17,7,10,10,3,7,7,3,4,1,1,0,0,0,0,17,17,5,4,2,4,2,1,0,13,7,6,2,12,0,4,2
533434493,2,533434492,,1,1,0,*,*,*,*,*,*,*,*,*,*,*,*,*,*,*,*,*,*,*,*,*,*,*,*,*,*,*,*,*,*,1,1,*,*,*,*,*,*,*,*,*,*,*,*,*,*,*
533434494,0,,,121,54,67,18,6,12,103,48,55,70,30,40,100,48,52,98,47,51,33,18,15,12,4,8,1,0,1,0,0,0,0,0,0,44,44,8,19,5,4,4,4,0,36,30,6,3,25,0,5,7
533434502,0,,,30,17,13,3,2,1,27,15,12,17,9,8,27,15,12,27,15,12,10,6,4,7,3,4,3,2,1,0,0,0,0,0,0,12,12,3,3,3,3,0,0,0,9,7,2,2,8,0,2,1
533434511,1,,533434413,92,41,51,9,6,3,96,41,55,48,21,27,92,40,52,90,39,51,48,20,28,25,10,15,11,4,7,1,0,1,0,0,0,30,30,6,5,7,9,2,1,2,26,10,16,1,29,0,6,5
533434591,2,533434592,,2,1,1,*,*,*,*,*,*,*,*,*,*,*,*,*,*,*,*,*,*,*,*,*,*,*,*,*,*,*,*,*,*,1,1,*,*,*,*,*,*,*,*,*,*,*,*,*,*,*
533434592,1,,533434591,354,166,188,47,19,28,309,148,161,186,91,95,300,143,157,294,138,156,123,57,66,64,31,33,14,9,5,0,0,0,2,0,2,136,136,37,39,28,16,13,1,3,100,78,22,9,90,0,28,19
533434594,0,,,166,77,89,24,9,15,142,68,74,79,39,40,137,67,70,136,67,69,63,29,34,24,11,13,4,1,3,1,0,1,0,0,0,60,60,9,26,9,8,4,2,2,51,39,12,5,37,0,4,13
533434603,1,,533434701,74,33,41,5,3,2,77,34,43,43,20,23,77,34,43,77,34,43,34,14,20,17,7,10,8,3,5,1,0,1,1,0,1,27,27,5,8,10,5,1,1,0,25,11,14,3,24,0,5,4
533434604,0,,,16,9,7,1,0,1,15,9,6,9,5,4,14,8,6,14,8,6,6,4,2,5,3,2,3,2,1,1,1,0,0,0,0,5,5,1,1,1,0,2,0,0,4,1,3,1,4,0,0,1
533434653,0,,,39,20,19,10,7,3,29,13,16,16,9,7,29,13,16,29,13,16,13,4,9,7,2,5,4,1,3,0,0,0,0,0,0,12,12,3,4,1,1,0,1,2,9,3,6,2,8,0,1,1
533434684,0,,,45,25,20,0,0,0,45,25,20,23,14,9,44,25,19,44,25,19,22,11,11,8,5,3,2,1,1,0,0,0,0,0,0,23,23,9,9,3,1,1,0,0,13,12,1,0,15,2,5,6
533434692,0,,,358,161,197,48,24,24,310,137,173,183,87,96,298,134,164,295,133,162,127,50,77,65,22,43,24,5,19,2,0,2,3,1,2,142,142,39,44,27,20,6,3,3,103,77,26,15,89,0,19,22
533434693,0,,,257,166,91,24,12,12,233,154,79,176,125,51,149,84,65,133,71,62,57,29,28,27,11,16,13,5,8,0,0,0,0,0,0,57,56,12,14,18,2,5,2,3,44,30,14,6,35,1,7,5
533434694,0,,,186,100,86,29,17,12,157,83,74,99,50,49,155,83,72,153,82,71,58,33,25,34,15,19,8,5,3,2,0,2,7,2,5,82,82,33,22,12,7,5,2,1,49,38,11,10,42,7,13,10
533434701,2,533434603,,8,4,4,*,*,*,*,*,*,*,*,*,*,*,*,*,*,*,*,*,*,*,*,*,*,*,*,*,*,*,*,*,*,3,3,*,*,*,*,*,*,*,*,*,*,*,*,*,*,*
533434743,0,,,90,44,46,6,3,3,84,41,43,48,24,24,83,41,42,81,39,42,36,17,19,18,7,11,12,4,8,2,1,1,0,0,0,31,31,9,8,4,2,5,1,2,22,11,11,1,24,0,6,4
533434744,0,,,125,58,67,7,2,5,118,56,62,61,31,30,114,53,61,114,53,61,57,25,32,33,12,21,13,6,7,1,0,1,0,0,0,48,48,8,18,15,1,4,2,0,40,28,12,1,37,0,5,9
533434751,0,,,100,49,51,4,3,1,96,46,50,42,19,23,95,46,49,94,46,48,54,27,27,27,13,14,14,5,9,3,1,2,0,0,0,35,35,7,8,8,7,5,0,0,28,14,14,1,31,0,5,5
533434753,0,,,11,4,7,0,0,0,11,4,7,5,1,4,11,4,7,11,4,7,6,3,3,4,1,3,2,0,2,0,0,0,0,0,0,4,4,0,1,3,0,0,0,0,4,2,2,0,3,0,0,1
533434763,0,,,30,15,15,2,1,1,28,14,14,14,6,8,28,14,14,28,14,14,14,8,6,6,3,3,2,1,1,0,0,0,0,0,0,10,10,0,4,4,1,0,1,0,10,6,4,1,9,0,0,2
533434782,0,,,441,216,225,61,34,27,380,182,198,242,116,126,367,178,189,363,176,187,138,66,72,71,29,42,20,6,14,1,0,1,3,0,3,142,142,20,41,31,20,18,8,4,122,81,41,19,92,3,9,17
533434791,1,,533434793,69,35,34,14,8,6,60,29,31,43,26,17,58,27,31,58,27,31,17,3,14,9,0,9,2,0,2,0,0,0,0,0,0,25,25,8,9,4,4,1,1,1,20,13,7,5,15,1,2,2
533434793,2,533434791,,5,2,3,*,*,*,*,*,*,*,*,*,*,*,*,*,*,*,*,*,*,*,*,*,*,*,*,*,*,*,*,*,*,3,3,*,*,*,*,*,*,*,*,*,*,*,*,*,*,*
533434801,2,533434803,,9,5,4,*,*,*,*,*,*,*,*,*,*,*,*,*,*,*,*,*,*,*,*,*,*,*,*,*,*,*,*,*,*,3,3,*,*,*,*,*,*,*,*,*,*,*,*,*,*,*
533434803,1,,533434801,90,38,52,11,6,5,88,37,51,46,21,25,86,36,50,85,36,49,42,16,26,24,7,17,11,2,9,0,0,0,0,0,0,28,28,6,9,4,3,5,2,2,25,12,13,4,27,0,6,7
533434804,0,,,75,35,40,14,7,7,61,28,33,33,16,17,61,28,33,58,27,31,28,12,16,12,5,7,3,1,2,0,0,0,0,0,0,21,21,2,7,3,1,3,4,1,19,10,9,2,18,0,1,3
533434842,0,,,68,33,35,8,2,6,60,31,29,42,21,21,56,27,29,54,26,28,18,10,8,12,5,7,5,2,3,0,0,0,0,0,0,21,21,2,7,5,2,2,2,1,19,12,7,2,15,0,1,2
533434852,0,,,23,9,14,2,1,1,21,8,13,8,3,5,21,8,13,21,8,13,13,5,8,8,2,6,5,1,4,0,0,0,0,0,0,8,8,0,3,4,0,1,0,0,8,3,5,0,8,0,0,2
533434861,0,,,99,47,52,15,8,7,84,39,45,46,24,22,84,39,45,84,39,45,38,15,23,22,6,16,10,0,10,1,0,1,0,0,0,32,32,3,16,5,3,0,1,4,29,19,10,5,28,0,3,6
533434933,2,533434934,,7,4,3,*,*,*,*,*,*,*,*,*,*,*,*,*,*,*,*,*,*,*,*,*,*,*,*,*,*,*,*,*,*,3,3,*,*,*,*,*,*,*,*,*,*,*,*,*,*,*
533434934,1,,533434933,39,19,20,4,1,3,42,22,20,25,13,12,40,20,20,39,20,19,17,9,8,7,4,3,3,1,2,1,1,0,1,0,1,13,13,1,7,6,0,0,1,1,15,10,5,0,10,0,1,3
533435024,0,,,14,7,7,0,0,0,14,7,7,6,4,2,14,7,7,14,7,7,8,3,5,5,1,4,3,1,2,0,0,0,0,0,0,5,5,1,0,3,1,0,0,0,4,1,3,0,5,0,1,0
533435054,0,,,18,7,11,1,1,0,17,6,11,5,2,3,17,6,11,17,6,11,12,4,8,8,2,6,5,1,4,0,0,0,0,0,0,9,9,3,5,0,0,1,0,0,6,5,1,0,7,0,3,3
533435062,1,,533435071,41,22,19,0,0,0,53,30,23,27,17,10,52,29,23,51,29,22,26,13,13,14,6,8,8,4,4,0,0,0,0,0,0,16,16,5,6,3,0,3,2,0,14,8,6,0,17,0,5,2
533435071,2,533435062,,12,8,4,*,*,*,*,*,*,*,*,*,*,*,*,*,*,*,*,*,*,*,*,*,*,*,*,*,*,*,*,*,*,3,3,*,*,*,*,*,*,*,*,*,*,*,*,*,*,*
533435082,0,,,76,37,39,10,6,4,66,31,35,46,21,25,64,29,35,62,28,34,20,10,10,12,6,6,3,1,2,0,0,0,0,0,0,28,28,5,9,9,3,0,1,1,23,19,4,2,15,0,2,1
533435084,0,,,30,16,14,2,1,1,28,15,13,16,10,6,28,15,13,28,15,13,12,5,7,5,2,3,2,0,2,1,0,1,0,0,0,10,10,1,2,4,2,1,0,0,9,6,3,0,7,0,1,0
533435093,0,,,35,16,19,0,0,0,35,16,19,18,9,9,35,16,19,35,16,19,17,7,10,8,2,6,5,0,5,0,0,0,0,0,0,12,12,0,6,3,2,0,1,0,12,7,5,0,10,0,0,3
533435131,2,533435134,,10,6,4,*,*,*,*,*,*,*,*,*,*,*,*,*,*,*,*,*,*,*,*,*,*,*,*,*,*,*,*,*,*,3,3,*,*,*,*,*,*,*,*,*,*,*,*,*,*,*
533435134,1,,533435131,26,15,11,1,0,1,35,21,14,20,12,8,34,21,13,33,20,13,15,9,6,9,6,3,5,4,1,0,0,0,0,0,0,9,9,1,4,4,2,0,0,1,11,7,4,0,10,0,1,2
533435194,2,533435292,,59,13,46,*,*,*,*,*,*,*,*,*,*,*,*,*,*,*,*,*,*,*,*,*,*,*,*,*,*,*,*,*,*,3,1,*,*,*,*,*,*,*,*,*,*,*,*,*,*,*
533435202,1,,533435204,57,29,28,10,6,4,58,29,29,34,18,16,56,28,28,56,28,28,24,11,13,14,8,6,2,1,1,0,0,0,0,0,0,18,18,3,7,3,6,1,1,1,19,12,7,3,13,0,1,4
533435203,0,,,65,32,33,16,9,7,49,23,26,31,15,16,47,22,25,47,22,25,18,8,10,8,2,6,4,1,3,0,0,0,0,0,0,17,17,2,4,2,2,2,4,1,15,5,10,4,12,0,1,1
533435204,2,533435202,,11,6,5,*,*,*,*,*,*,*,*,*,*,*,*,*,*,*,*,*,*,*,*,*,*,*,*,*,*,*,*,*,*,4,4,*,*,*,*,*,*,*,*,*,*,*,*,*,*,*
533435232,1,,533435234,56,30,26,5,4,1,53,27,26,28,18,10,52,26,26,52,26,26,25,9,16,13,4,9,5,1,4,0,0,0,0,0,0,20,20,4,5,8,2,1,0,1,17,10,7,1,18,0,2,2
533435234,2,533435232,,2,1,1,*,*,*,*,*,*,*,*,*,*,*,*,*,*,*,*,*,*,*,*,*,*,*,*,*,*,*,*,*,*,1,1,*,*,*,*,*,*,*,*,*,*,*,*,*,*,*
533435292,1,,533435194,133,68,65,16,11,5,176,70,106,63,34,29,173,69,104,171,68,103,113,36,77,87,25,62,57,16,41,14,2,12,0,0,0,39,39,3,11,8,7,7,3,1,37,21,16,5,34,0,3,7
533435301,1,,533435302,28,11,17,4,1,3,28,12,16,18,9,9,28,12,16,28,12,16,10,3,7,8,3,5,2,1,1,0,0,0,0,0,0,9,9,2,3,4,0,1,0,1,9,6,3,2,7,0,2,0
533435302,2,533435301,,4,2,2,*,*,*,*,*,*,*,*,*,*,*,*,*,*,*,*,*,*,*,*,*,*,*,*,*,*,*,*,*,*,2,2,*,*,*,*,*,*,*,*,*,*,*,*,*,*,*
533435303,0,,,39,22,17,2,1,1,37,21,16,22,14,8,35,20,15,34,19,15,15,7,8,8,4,4,1,1,0,0,0,0,1,0,1,16,16,5,4,3,3,1,0,0,11,10,1,0,10,1,4,2
533435352,2,533435443,,1,1,0,*,*,*,*,*,*,*,*,*,*,*,*,*,*,*,*,*,*,*,*,*,*,*,*,*,*,*,*,*,*,1,1,*,*,*,*,*,*,*,*,*,*,*,*,*,*,*
533435383,2,533435394,,4,3,1,*,*,*,*,*,*,*,*,*,*,*,*,*,*,*,*,*,*,*,*,*,*,*,*,*,*,*,*,*,*,2,2,*,*,*,*,*,*,*,*,*,*,*,*,*,*,*
533435394,1,,533435383,27,11,16,0,0,0,31,14,17,13,6,7,30,13,17,29,13,16,18,8,10,10,3,7,7,2,5,0,0,0,0,0,0,10,10,2,4,4,1,1,0,0,10,4,6,0,12,0,2,2
533435401,0,,,121,63,58,16,13,3,105,50,55,60,32,28,101,47,54,99,46,53,45,18,27,23,9,14,7,4,3,1,1,0,0,0,0,39,39,5,14,7,5,3,3,2,33,21,12,3,28,0,4,9
533435403,0,,,31,18,13,3,2,1,28,16,12,19,11,8,26,15,11,26,15,11,9,5,4,6,2,4,1,0,1,0,0,0,0,0,0,11,11,3,3,2,1,0,2,0,8,2,6,1,7,0,1,0
533435432,0,,,26,14,12,0,0,0,26,14,12,9,6,3,26,14,12,26,14,12,17,8,9,8,4,4,3,1,2,1,0,1,0,0,0,13,13,5,4,3,1,0,0,0,8,5,3,0,11,0,4,3
533435434,0,,,79,35,44,8,3,5,71,32,39,43,20,23,70,32,38,69,31,38,28,12,16,9,1,8,5,0,5,0,0,0,0,0,0,26,26,4,9,3,5,3,1,1,22,13,9,0,20,0,3,3
533435441,2,533435443,,8,3,5,*,*,*,*,*,*,*,*,*,*,*,*,*,*,*,*,*,*,*,*,*,*,*,*,*,*,*,*,*,*,3,3,*,*,*,*,*,*,*,*,*,*,*,*,*,*,*
533435443,1,,533435352;533435441,165,77,88,13,8,5,161,73,88,95,47,48,155,70,85,152,68,84,66,26,40,37,13,24,13,3,10,1,0,1,1,0,1,55,55,13,15,11,11,4,3,2,46,24,22,1,44,0,7,7
533435501,0,,,109,30,79,14,6,8,95,24,71,27,12,15,94,24,70,93,24,69,68,12,56,62,8,54,44,3,41,7,0,7,0,0,0,18,16,4,2,5,4,1,0,0,12,12,0,6,3,2,1,1
533435503,0,,,202,100,102,27,16,11,175,84,91,106,52,54,170,82,88,168,80,88,69,32,37,43,20,23,7,2,5,1,0,1,0,0,0,72,72,16,24,12,8,5,5,2,56,41,15,6,41,3,4,12
533435534,0,,,44,21,23,4,3,1,40,18,22,22,12,10,38,17,21,38,17,21,18,6,12,12,4,8,4,1,3,0,0,0,0,0,0,15,15,1,6,3,3,2,0,0,13,10,3,1,12,0,1,3
533435541,0,,,51,20,31,2,0,2,49,20,29,29,13,16,48,20,28,48,20,28,20,7,13,6,1,5,2,0,2,1,0,1,0,0,0,19,19,3,4,9,2,1,0,0,16,10,6,0,13,0,1,2
533435543,0,,,18,6,12,3,0,3,15,6,9,8,4,4,15,6,9,15,6,9,7,2,5,6,2,4,2,0,2,0,0,0,0,0,0,6,6,0,3,1,1,1,0,0,6,5,1,1,5,0,0,1
533435601,1,,533435602,862,417,445,124,63,61,739,353,386,471,237,234,701,335,366,692,329,363,268,116,152,147,64,83,50,17,33,2,0,2,0,0,0,317,317,72,100,67,37,27,7,9,247,180,67,25,186,5,42,41
533435602,2,533435601,,2,0,2,*,*,*,*,*,*,*,*,*,*,*,*,*,*,*,*,*,*,*,*,*,*,*,*,*,*,*,*,*,*,2,2,*,*,*,*,*,*,*,*,*,*,*,*,*,*,*
533435603,0,,,742,339,403,89,35,54,652,304,348,395,199,196,625,292,333,615,290,325,257,105,152,130,49,81,40,11,29,1,0,1,6,1,5,282,282,74,87,48,35,24,10,4,208,152,56,18,177,5,39,41
533435604,0,,,225,105,120,38,18,20,187,87,100,113,56,57,181,85,96,177,84,93,74,31,43,41,11,30,12,4,8,1,0,1,2,0,2,79,79,13,30,14,9,7,3,3,65,53,12,10,54,1,7,10
533435641,1,,533435644,33,14,19,0,0,0,38,15,23,19,8,11,36,14,22,35,14,21,19,7,12,10,2,8,6,2,4,0,0,0,0,0,0,11,11,4,2,5,1,1,1,0,10,4,6,0,13,0,3,2
533435644,2,533435641,,5,1,4,*,*,*,*,*,*,*,*,*,*,*,*,*,*,*,*,*,*,*,*,*,*,*,*,*,*,*,*,*,*,3,3,*,*,*,*,*,*,*,*,*,*,*,*,*,*,*
533435653,0,,,25,11,14,0,0,0,25,11,14,11,3,8,25,11,14,25,11,14,14,8,6,9,5,4,1,1,0,0,0,0,0,0,0,10,10,0,7,1,2,0,0,0,10,8,2,0,9,0,0,5
533435663,2,533435761,,2,1,1,*,*,*,*,*,*,*,*,*,*,*,*,*,*,*,*,*,*,*,*,*,*,*,*,*,*,*,*,*,*,1,1,*,*,*,*,*,*,*,*,*,*,*,*,*,*,*
533435701,0,,,92,42,50,8,3,5,84,39,45,48,25,23,82,38,44,80,37,43,36,14,22,25,11,14,9,5,4,0,0,0,7,0,7,35,35,13,7,6,4,2,0,3,22,13,9,2,22,5,6,5
533435702,0,,,835,395,440,101,49,52,734,346,388,439,237,202,711,328,383,704,326,378,295,109,186,189,56,133,68,13,55,9,1,8,6,0,6,299,292,69,80,71,38,17,13,4,221,154,67,25,182,11,33,31
533435703,0,,,35,17,18,1,1,0,34,16,18,20,10,10,33,15,18,33,15,18,14,6,8,8,3,5,0,0,0,0,0,0,0,0,0,17,17,5,7,4,1,0,0,0,12,11,1,0,11,0,3,4
533435704,1,,533435801,702,326,376,81,38,43,622,289,333,354,176,178,603,277,326,592,273,319,268,113,155,146,53,93,52,18,34,4,1,3,1,0,1,252,252,67,66,51,29,18,13,9,185,119,66,16,177,0,38,29
533435711,2,533435713,,9,4,5,*,*,*,*,*,*,*,*,*,*,*,*,*,*,*,*,*,*,*,*,*,*,*,*,*,*,*,*,*,*,3,3,*,*,*,*,*,*,*,*,*,*,*,*,*,*,*
533435713,1,,533435711,244,116,128,23,10,13,230,110,120,135,76,59,221,103,118,219,103,116,95,34,61,51,16,35,13,2,11,1,1,0,1,1,0,99,99,28,34,17,13,7,2,1,72,49,23,10,68,0,17,10
533435721,0,,,63,31,32,4,2,2,59,29,30,37,18,19,56,27,29,56,27,29,22,11,11,8,3,5,3,0,3,0,0,0,0,0,0,18,18,1,6,5,1,1,2,2,17,9,8,1,13,0,1,2
533435723,0,,,65,34,31,0,0,0,65,34,31,40,24,16,64,33,31,62,32,30,25,10,15,18,7,11,8,2,6,1,0,1,0,0,0,22,22,3,5,6,6,2,0,0,19,11,8,0,18,0,3,1
533435724,0,,,401,196,205,53,31,22,348,165,183,196,100,96,342,161,181,337,157,180,152,65,87,75,27,48,19,7,12,4,0,4,4,0,4,133,133,27,40,28,14,3,12,9,106,68,38,12,103,4,16,19
533435733,0,,,52,24,28,4,1,3,48,23,25,29,16,13,46,23,23,45,22,23,19,7,12,8,2,6,4,0,4,1,0,1,1,0,1,17,17,3,4,4,4,1,0,1,14,8,6,1,12,0,3,0
533435742,0,,,17,9,8,0,0,0,17,9,8,5,3,2,17,9,8,17,9,8,12,6,6,5,2,3,2,1,1,1,0,1,0,0,0,8,8,2,3,3,0,0,0,0,6,6,0,0,8,0,2,2
533435761,1,,533435663;533435763,39,18,21,0,0,0,47,21,26,14,7,7,47,21,26,46,21,25,33,14,19,17,7,10,9,3,6,1,0,1,0,0,0,14,14,2,8,6,1,0,0,1,16,11,5,0,18,0,2,6
533435763,2,533435761,,6,2,4,*,*,*,*,*,*,*,*,*,*,*,*,*,*,*,*,*,*,*,*,*,*,*,*,*,*,*,*,*,*,3,3,*,*,*,*,*,*,*,*,*,*,*,*,*,*,*
533435784,0,,,36,14,22,5,1,4,31,13,18,12,6,6,31,13,18,31,13,18,19,7,12,8,1,7,4,0,4,0,0,0,0,0,0,15,15,3,8,1,2,0,1,0,12,9,3,0,12,0,3,4
533435801,2,533435704,,1,1,0,*,*,*,*,*,*,*,*,*,*,*,*,*,*,*,*,*,*,*,*,*,*,*,*,*,*,*,*,*,*,1,1,*,*,*,*,*,*,*,*,*,*,*,*,*,*,*
533435822,0,,,213,87,126,21,8,13,192,79,113,108,47,61,189,78,111,186,77,109,84,32,52,45,14,31,11,2,9,0,0,0,14,0,14,87,87,30,25,12,9,6,4,1,57,38,19,3,58,14,12,15
533435823,2,533435824,,4,1,3,*,*,*,*,*,*,*,*,*,*,*,*,*,*,*,*,*,*,*,*,*,*,*,*,*,*,*,*,*,*,2,2,*,*,*,*,*,*,*,*,*,*,*,*,*,*,*
533435824,1,,533435823,107,53,54,7,4,3,104,50,54,56,29,27,101,48,53,100,47,53,48,21,27,20,9,11,7,3,4,0,0,0,0,0,0,37,37,7,14,7,5,3,2,1,32,18,14,1,30,1,5,7
533435842,0,,,119,48,71,10,4,6,109,44,65,57,27,30,106,42,64,104,42,62,52,17,35,31,5,26,20,3,17,3,0,3,0,0,0,41,40,6,16,6,7,4,1,0,33,22,11,3,29,0,4,7
533435844,0,,,85,45,40,5,4,1,80,41,39,42,25,17,77,38,39,77,38,39,38,16,22,27,12,15,9,3,6,1,1,0,0,0,0,30,30,4,12,5,5,2,2,0,26,17,9,1,23,0,4,7
533435851,0,,,126,48,78,11,4,7,115,44,71,63,25,38,111,44,67,110,43,67,52,19,33,33,8,25,13,2,11,1,0,1,0,0,0,49,49,13,17,11,2,0,4,2,36,23,13,2,38,0,9,9
533435852,0,,,59,28,31,4,2,2,55,26,29,30,16,14,52,24,28,50,23,27,25,10,15,19,8,11,9,3,6,0,0,0,1,0,1,23,23,5,9,5,1,2,0,1,18,13,5,1,17,0,3,5
533435853,0,,,183,88,95,25,13,12,158,75,83,105,53,52,150,73,77,149,72,77,53,22,31,30,13,17,9,3,6,2,0,2,0,0,0,62,62,9,16,19,9,7,0,2,52,40,12,8,34,0,6,7
533435854,0,,,22,12,10,4,3,1,18,9,9,15,8,7,17,8,9,17,8,9,3,1,2,2,0,2,0,0,0,0,0,0,0,0,0,8,8,1,3,2,1,1,0,0,7,6,1,0,3,0,1,0
533435861,1,,533435862,62,30,32,2,1,1,63,30,33,30,12,18,59,28,31,59,28,31,33,18,15,19,9,10,5,3,2,0,0,0,0,0,0,23,23,4,11,5,3,1,0,1,21,18,3,0,21,0,4,10
533435862,2,533435861,,3,1,2,*,*,*,*,*,*,*,*,*,*,*,*,*,*,*,*,*,*,*,*,*,*,*,*,*,*,*,*,*,*,2,2,*,*,*,*,*,*,*,*,*,*,*,*,*,*,*
533435884,0,,,117,54,63,20,9,11,97,45,52,59,31,28,95,43,52,92,41,51,38,14,24,17,5,12,8,1,7,0,0,0,0,0,0,31,31,3,8,6,2,5,4,3,28,14,14,5,24,0,3,4
533435912,2,533435921,,4,2,2,*,*,*,*,*,*,*,*,*,*,*,*,*,*,*,*,*,*,*,*,*,*,*,*,*,*,*,*,*,*,2,2,*,*,*,*,*,*,*,*,*,*,*,*,*,*,*
533435921,1,,533435912,32,16,16,9,5,4,27,13,14,16,8,8,26,13,13,26,13,13,11,5,6,2,0,2,0,0,0,0,0,0,0,0,0,9,9,1,5,0,2,2,0,1,10,9,1,3,7,0,1,3
533435922,0,,,225,118,107,23,17,6,202,101,101,111,60,51,198,99,99,195,98,97,91,41,50,47,18,29,16,8,8,1,0,1,3,3,0,87,87,18,32,17,14,3,0,3,68,52,16,4,59,3,10,13
533435981,1,,533435982,68,36,32,2,2,0,69,36,33,39,23,16,67,35,32,65,33,32,30,13,17,12,6,6,3,2,1,0,0,0,0,0,0,24,24,2,10,8,5,1,0,0,24,18,6,0,21,0,2,7
533435982,2,533435981,,3,2,1,*,*,*,*,*,*,*,*,*,*,*,*,*,*,*,*,*,*,*,*,*,*,*,*,*,*,*,*,*,*,2,2,*,*,*,*,*,*,*,*,*,*,*,*,*,*,*
533435992,0,,,139,69,70,13,5,8,126,64,62,64,35,29,123,62,61,123,62,61,62,29,33,30,13,17,8,6,2,1,1,0,0,0,0,50,50,7,22,6,7,6,2,0,43,32,11,2,40,0,4,14
533436012,2,533436132,,3,2,1,*,*,*,*,*,*,*,*,*,*,*,*,*,*,*,*,*,*,*,*,*,*,*,*,*,*,*,*,*,*,2,2,*,*,*,*,*,*,*,*,*,*,*,*,*,*,*
533436021,2,533436132,,5,2,3,*,*,*,*,*,*,*,*,*,*,*,*,*,*,*,*,*,*,*,*,*,*,*,*,*,*,*,*,*,*,4,4,*,*,*,*,*,*,*,*,*,*,*,*,*,*,*
533436032,0,,,59,32,27,7,3,4,52,29,23,34,20,14,48,26,22,46,24,22,18,9,9,13,6,7,7,4,3,0,0,0,0,0,0,15,15,1,3,4,1,2,2,2,14,6,8,1,13,0,1,1
533436034,0,,,17,8,9,1,1,0,16,7,9,7,4,3,16,7,9,15,6,9,9,3,6,3,1,2,2,0,2,0,0,0,0,0,0,5,5,1,0,2,1,0,1,0,4,1,3,0,5,0,1,0
533436041,2,533436042,,1,0,1,*,*,*,*,*,*,*,*,*,*,*,*,*,*,*,*,*,*,*,*,*,*,*,*,*,*,*,*,*,*,1,1,*,*,*,*,*,*,*,*,*,*,*,*,*,*,*
533436042,1,,533436041,71,36,35,10,6,4,62,30,32,28,14,14,61,30,31,60,30,30,34,16,18,25,10,15,8,3,5,0,0,0,0,0,0,24,24,3,7,8,5,1,1,0,22,19,3,1,19,0,3,5
533436132,1,,533436012;533436021,46,20,26,5,2,3,49,22,27,24,12,12,48,22,26,48,22,26,25,10,15,15,6,9,12,5,7,1,0,1,1,0,1,16,16,6,10,1,2,2,0,1,16,10,6,1,15,0,4,5
533436141,2,533436143,,6,2,4,*,*,*,*,*,*,*,*,*,*,*,*,*,*,*,*,*,*,*,*,*,*,*,*,*,*,*,*,*,*,1,1,*,*,*,*,*,*,*,*,*,*,*,*,*,*,*
533436143,1,,533436141,42,24,18,5,2,3,43,24,19,22,14,8,40,21,19,38,21,17,21,10,11,7,3,4,4,2,2,0,0,0,0,0,0,17,17,5,8,0,2,0,2,1,13,8,5,1,12,1,2,6
533436192,0,,,37,18,19,0,0,0,37,18,19,19,9,10,36,18,18,35,18,17,18,9,9,16,8,8,8,5,3,0,0,0,0,0,0,17,17,3,10,3,0,1,0,0,14,12,2,0,13,0,3,3
533436231,0,,,67,31,36,4,2,2,63,29,34,32,14,18,63,29,34,63,29,34,31,15,16,17,6,11,6,1,5,2,0,2,0,0,0,25,25,3,7,12,2,0,1,0,22,15,7,1,20,0,2,2
533436232,0,,,49,21,28,2,1,1,47,20,27,21,10,11,46,19,27,46,19,27,26,10,16,16,5,11,3,0,3,0,0,0,0,0,0,20,20,4,7,5,4,0,0,0,16,13,3,0,16,0,3,5
533436234,0,,,42,22,20,4,3,1,38,19,19,16,10,6,36,18,18,34,16,18,22,9,13,12,5,7,4,3,1,1,0,1,0,0,0,15,15,3,6,2,2,1,0,1,12,7,5,1,13,0,2,5
533436241,0,,,30,19,11,1,1,0,29,18,11,20,12,8,28,17,11,28,17,11,9,6,3,3,1,2,2,1,1,0,0,0,0,0,0,19,19,12,3,4,0,0,0,0,7,6,1,1,9,2,7,1
533436242,0,,,11,5,6,1,0,1,10,5,5,4,2,2,10,5,5,9,5,4,6,3,3,4,1,3,2,1,1,0,0,0,0,0,0,5,5,1,3,0,1,0,0,0,4,3,1,0,4,0,1,1
533436243,0,,,110,55,55,25,13,12,84,41,43,58,27,31,80,39,41,80,39,41,26,14,12,9,5,4,2,2,0,0,0,0,0,0,0,40,40,4,17,9,6,3,1,0,35,33,2,8,15,0,1,7
533436244,0,,,53,23,30,3,3,0,50,20,30,23,11,12,50,20,30,50,20,30,27,9,18,16,4,12,5,0,5,1,0,1,0,0,0,26,26,11,8,5,1,0,0,1,15,11,4,1,21,0,9,3
533436263,1,,533436264,18,9,9,4,4,0,24,12,12,13,8,5,21,10,11,21,10,11,11,4,7,6,2,4,1,0,1,0,0,0,1,0,1,6,6,0,3,3,0,0,1,1,8,5,3,1,8,0,0,2
533436264,2,533436263,,10,7,3,*,*,*,*,*,*,*,*,*,*,*,*,*,*,*,*,*,*,*,*,*,*,*,*,*,*,*,*,*,*,2,2,*,*,*,*,*,*,*,*,*,*,*,*,*,*,*
533436301,2,533436303,,4,1,3,*,*,*,*,*,*,*,*,*,*,*,*,*,*,*,*,*,*,*,*,*,*,*,*,*,*,*,*,*,*,1,1,*,*,*,*,*,*,*,*,*,*,*,*,*,*,*
533436303,1,,533436301,68,32,36,9,2,7,63,31,32,39,21,18,62,30,32,61,29,32,24,10,14,18,7,11,8,2,6,1,0,1,0,0,0,17,17,1,5,2,3,3,2,2,17,8,9,1,15,0,1,1
533436341,2,533436344,,1,0,1,*,*,*,*,*,*,*,*,*,*,*,*,*,*,*,*,*,*,*,*,*,*,*,*,*,*,*,*,*,*,1,1,*,*,*,*,*,*,*,*,*,*,*,*,*,*,*
533436342,0,,,35,13,22,6,2,4,29,11,18,13,5,8,28,11,17,28,11,17,16,6,10,9,3,6,4,2,2,0,0,0,0,0,0,12,12,3,5,0,1,1,1,1,9,5,4,1,11,0,3,3
533436344,1,,533436341,108,48,60,14,6,8,95,42,53,59,29,30,90,39,51,90,39,51,36,13,23,19,6,13,5,1,4,0,0,0,0,0,0,41,41,9,16,7,6,2,1,1,32,22,10,0,24,1,8,4
533436361,0,,,90,43,47,16,6,10,74,37,37,39,21,18,71,36,35,71,36,35,35,16,19,20,10,10,6,4,2,1,0,1,0,0,0,28,28,8,6,4,4,1,2,3,20,10,10,3,21,0,5,4
533436372,0,,,88,43,45,4,4,0,84,39,45,33,19,14,82,38,44,82,38,44,51,20,31,22,7,15,12,1,11,3,1,2,0,0,0,34,34,7,13,5,5,4,0,0,26,20,6,0,30,0,7,6
533436401,0,,,42,21,21,2,2,0,40,19,21,17,10,7,39,18,21,39,18,21,23,9,14,14,5,9,5,2,3,0,0,0,0,0,0,18,18,6,5,4,1,2,0,0,11,6,5,1,16,0,5,2
533436403,0,,,79,42,37,20,14,6,59,28,31,43,19,24,52,25,27,51,24,27,16,9,7,7,3,4,3,1,2,2,1,1,0,0,0,28,28,7,6,3,10,1,1,0,21,18,3,4,13,0,6,3
533436442,0,,,173,95,78,28,18,10,144,76,68,91,46,45,142,75,67,142,75,67,53,30,23,20,12,8,6,3,3,0,0,0,2,2,0,70,70,22,18,15,8,4,3,0,48,39,9,7,38,0,10,6
533436443,0,,,65,41,24,8,6,2,57,35,22,41,28,13,57,35,22,56,34,22,16,7,9,9,3,6,5,1,4,2,0,2,2,0,2,35,35,24,3,4,2,0,1,1,11,6,5,2,10,15,2,2
533436444,0,,,126,60,66,5,3,2,121,57,64,50,27,23,120,56,64,116,52,64,71,30,41,39,14,25,16,5,11,1,1,0,0,0,0,57,57,18,20,10,7,2,0,0,39,31,8,3,48,1,15,15
533436452,0,,,173,48,125,4,1,3,169,47,122,21,12,9,169,47,122,169,47,122,148,35,113,136,31,105,101,21,80,18,1,17,0,0,0,19,17,2,6,7,1,0,1,0,15,12,3,2,12,0,1,4
533436453,0,,,97,48,49,14,9,5,83,39,44,41,21,20,83,39,44,83,39,44,42,18,24,25,12,13,8,5,3,0,0,0,0,0,0,41,41,10,16,10,1,3,1,0,31,24,7,3,30,0,9,7
533436482,2,533436484,,10,5,5,*,*,*,*,*,*,*,*,*,*,*,*,*,*,*,*,*,*,*,*,*,*,*,*,*,*,*,*,*,*,3,3,*,*,*,*,*,*,*,*,*,*,*,*,*,*,*
533436484,1,,533436482,6,3,3,1,1,0,15,7,8,6,3,3,14,7,7,14,7,7,9,4,5,4,2,2,1,0,1,1,0,1,0,0,0,2,2,0,2,2,0,0,1,0,5,3,2,0,4,0,0,1
533436493,0,,,25,12,13,2,1,1,23,11,12,10,6,4,23,11,12,23,11,12,13,5,8,10,4,6,4,3,1,0,0,0,0,0,0,10,10,3,3,2,1,0,1,0,7,5,2,1,8,0,2,2
533436501,0,,,48,23,25,3,1,2,45,22,23,21,13,8,44,22,22,43,21,22,24,9,15,10,2,8,5,1,4,1,0,1,0,0,0,15,15,3,4,2,2,2,1,1,12,6,6,0,13,0,2,4
533436502,0,,,45,21,24,2,1,1,43,20,23,22,11,11,41,18,23,40,17,23,21,9,12,13,5,8,7,2,5,0,0,0,0,0,0,19,19,6,7,3,1,0,2,0,13,10,3,1,15,0,6,2
533436503,0,,,73,37,36,5,2,3,68,35,33,38,23,15,66,35,31,66,35,31,30,12,18,15,7,8,2,0,2,0,0,0,0,0,0,27,27,5,10,4,5,2,1,0,22,12,10,0,22,0,4,6
533436511,0,,,16,7,9,1,1,0,15,6,9,6,2,4,14,6,8,14,6,8,9,4,5,1,0,1,0,0,0,0,0,0,1,0,1,7,7,2,3,1,0,1,0,0,5,4,1,0,6,0,2,2
533436532,0,,,53,16,37,4,0,4,49,16,33,41,13,28,49,16,33,48,15,33,8,3,5,4,3,1,0,0,0,0,0,0,0,0,0,38,38,30,5,0,2,1,0,0,8,7,1,0,5,24,1,3
533436534,0,,,35,10,25,2,1,1,33,9,24,33,9,24,32,8,24,32,8,24,0,0,0,0,0,0,0,0,0,0,0,0,5,2,3,32,32,31,0,0,1,0,0,0,1,1,0,0,0,24,0,0
533436541,1,,533436543,257,107,150,23,9,14,234,98,136,150,68,82,229,96,133,224,94,130,84,30,54,56,19,37,20,6,14,3,0,3,26,7,19,164,164,113,27,16,5,2,1,1,52,45,7,8,64,43,37,14
533436542,0,,,567,252,315,49,19,30,515,231,284,257,121,136,508,227,281,503,225,278,258,110,148,143,59,84,41,15,26,3,1,2,6,0,6,266,266,114,71,48,12,12,5,4,150,115,35,8,187,13,70,40
533436543,2,533436541,,1,0,1,*,*,*,*,*,*,*,*,*,*,*,*,*,*,*,*,*,*,*,*,*,*,*,*,*,*,*,*,*,*,1,1,*,*,*,*,*,*,*,*,*,*,*,*,*,*,*
533436544,0,,,41,20,21,3,2,1,37,17,20,22,11,11,36,16,20,36,16,20,15,6,9,8,2,6,4,1,3,0,0,0,0,0,0,18,18,6,7,2,1,1,1,0,12,11,1,0,12,1,4,2
533436551,0,,,408,201,207,32,20,12,376,181,195,215,106,109,365,175,190,361,172,189,161,75,86,78,33,45,41,21,20,1,0,1,9,1,8,194,194,92,43,26,18,11,3,1,101,77,24,8,114,19,47,26
533436552,2,533436553,,3,2,1,*,*,*,*,*,*,*,*,*,*,*,*,*,*,*,*,*,*,*,*,*,*,*,*,*,*,*,*,*,*,1,1,*,*,*,*,*,*,*,*,*,*,*,*,*,*,*
533436553,1,,533436552,307,137,170,28,11,17,282,128,154,160,74,86,276,125,151,267,123,144,122,54,68,63,25,38,20,4,16,2,0,2,8,1,7,141,141,48,56,14,16,5,2,1,91,72,19,9,86,9,20,25
533436601,1,,533436604,38,22,16,5,3,2,137,46,91,23,13,10,136,45,91,136,45,91,114,33,81,98,20,78,77,13,64,24,2,22,0,0,0,14,14,2,6,6,0,2,1,0,15,11,4,2,14,0,2,3
533436604,2,533436601,,104,27,77,*,*,*,*,*,*,*,*,*,*,*,*,*,*,*,*,*,*,*,*,*,*,*,*,*,*,*,*,*,*,4,3,*,*,*,*,*,*,*,*,*,*,*,*,*,*,*
533436613,0,,,57,28,29,4,2,2,53,26,27,28,14,14,52,25,27,50,24,26,25,12,13,13,8,5,3,2,1,0,0,0,0,0,0,20,20,1,7,8,2,2,0,0,18,16,2,0,16,0,1,6
533436651,0,,,21,10,11,4,1,3,17,9,8,14,8,6,16,8,8,15,7,8,3,1,2,2,1,1,0,0,0,0,0,0,0,0,0,7,7,0,4,1,1,0,1,0,7,6,1,0,2,0,0,1
533436654,0,,,27,12,15,0,0,0,27,12,15,12,6,6,27,12,15,27,12,15,15,6,9,12,5,7,5,2,3,0,0,0,0,0,0,10,10,1,4,2,3,0,0,0,9,6,3,0,9,0,1,4
533436662,2,533436664,,4,1,3,*,*,*,*,*,*,*,*,*,*,*,*,*,*,*,*,*,*,*,*,*,*,*,*,*,*,*,*,*,*,1,1,*,*,*,*,*,*,*,*,*,*,*,*,*,*,*
533436663,2,533436664,,6,2,4,*,*,*,*,*,*,*,*,*,*,*,*,*,*,*,*,*,*,*,*,*,*,*,*,*,*,*,*,*,*,1,1,*,*,*,*,*,*,*,*,*,*,*,*,*,*,*
533436664,1,,533436662;533436663,204,102,102,42,20,22,172,85,87,112,60,52,166,82,84,163,80,83,60,25,35,28,9,19,8,2,6,1,0,1,0,0,0,71,71,13,24,10,13,7,6,0,60,45,15,10,42,3,9,11
533436671,0,,,275,126,149,28,17,11,247,109,138,141,65,76,241,107,134,239,106,133,106,44,62,49,19,30,24,8,16,3,0,3,1,0,1,86,86,9,25,20,18,4,6,4,76,49,27,5,67,0,6,13
533436673,0,,,114,55,59,7,6,1,107,49,58,55,28,27,104,48,56,102,46,56,52,21,31,27,8,19,11,3,8,0,0,0,0,0,0,42,42,8,15,9,3,5,2,0,34,17,17,1,35,0,8,6
533436702,0,,,66,32,34,3,0,3,63,32,31,32,20,12,63,32,31,63,32,31,31,12,19,15,5,10,3,0,3,1,0,1,0,0,0,27,27,6,13,2,4,1,0,1,21,16,5,1,23,0,5,6
533436703,0,,,13,6,7,0,0,0,13,6,7,5,3,2,13,6,7,13,6,7,8,3,5,4,1,3,3,1,2,0,0,0,0,0,0,5,5,1,2,0,2,0,0,0,4,3,1,0,5,0,1,2
533436704,0,,,157,72,85,7,4,3,149,67,82,74,37,37,147,65,82,147,65,82,75,30,45,37,13,24,14,3,11,2,0,2,0,0,0,68,68,25,16,14,9,2,2,0,43,30,13,2,48,0,17,8
533436711,0,,,29,19,10,2,2,0,27,17,10,16,10,6,27,17,10,26,16,10,11,7,4,4,2,2,2,1,1,0,0,0,0,0,0,10,10,2,2,2,3,1,0,0,8,6,2,0,8,0,2,0
533436713,0,,,74,33,41,6,2,4,68,31,37,31,15,16,68,31,37,68,31,37,37,16,21,14,4,10,8,1,7,0,0,0,0,0,0,26,26,4,9,6,4,1,1,1,22,16,6,1,22,0,4,5
533436752,0,,,114,59,55,16,9,7,98,50,48,51,30,21,97,50,47,97,50,47,47,20,27,28,11,17,7,4,3,0,0,0,7,7,0,46,46,17,14,4,3,4,3,1,29,18,11,4,33,6,8,9
533436761,0,,,67,40,27,5,1,4,62,39,23,43,30,13,60,39,21,59,38,21,19,9,10,12,6,6,4,2,2,0,0,0,19,19,0,34,34,24,2,2,2,1,2,1,10,5,5,1,13,19,4,1
533436762,0,,,114,54,60,19,10,9,93,43,50,67,33,34,88,41,47,88,41,47,26,10,16,16,4,12,4,1,3,1,0,1,7,0,7,50,50,23,11,2,8,5,1,0,27,20,7,5,17,10,2,5
533436763,0,,,280,130,150,15,9,6,265,121,144,132,66,66,258,117,141,256,115,141,133,55,78,80,33,47,26,7,19,0,0,0,1,1,0,112,112,25,37,30,13,4,2,1,87,61,26,4,89,0,21,20
533436764,0,,,322,155,167,28,17,11,294,138,156,156,82,74,290,135,155,289,134,155,138,56,82,76,25,51,39,7,32,4,0,4,0,0,0,112,112,18,34,31,14,8,3,4,94,54,40,6,90,0,11,17
533436771,0,,,13,7,6,0,0,0,13,7,6,8,4,4,13,7,6,13,7,6,5,3,2,2,1,1,0,0,0,0,0,0,0,0,0,5,5,1,1,2,1,0,0,0,4,4,0,0,3,0,1,0
533436772,0,,,117,55,62,7,5,2,110,50,60,53,26,27,105,47,58,104,46,58,57,24,33,30,9,21,17,5,12,1,0,1,0,0,0,43,43,12,10,9,6,3,2,1,31,15,16,2,37,0,9,8
533436801,0,,,95,45,50,8,4,4,87,41,46,46,22,24,87,41,46,86,40,46,41,19,22,20,11,9,7,3,4,0,0,0,0,0,0,37,37,8,11,11,3,4,0,0,29,24,5,3,26,0,6,4
533436802,0,,,270,134,136,21,13,8,248,120,128,154,78,76,239,117,122,232,114,118,94,42,52,46,21,25,17,8,9,1,1,0,1,0,1,100,100,15,34,30,11,7,3,0,84,69,15,7,56,0,8,15
533436803,0,,,54,24,30,5,2,3,49,22,27,31,14,17,47,21,26,47,21,26,18,8,10,9,5,4,1,0,1,0,0,0,0,0,0,21,21,4,6,8,1,2,0,0,17,14,3,1,14,0,4,2
533436804,0,,,249,124,125,35,21,14,214,103,111,144,72,72,210,101,109,209,101,108,70,31,39,38,12,26,16,6,10,2,1,1,2,0,2,94,94,25,28,14,15,7,4,1,69,49,20,10,51,8,13,12
533436811,0,,,14,7,7,4,2,2,10,5,5,7,4,3,10,5,5,10,5,5,3,1,2,2,1,1,0,0,0,0,0,0,0,0,0,5,5,2,0,1,1,1,0,0,3,2,1,0,2,0,0,0
533436813,0,,,139,59,80,17,7,10,122,52,70,79,36,43,115,48,67,113,47,66,43,16,27,23,7,16,9,0,9,0,0,0,2,0,2,45,45,5,15,8,10,3,3,1,40,28,12,5,31,0,5,7
533436854,0,,,4,4,0,0,0,0,4,4,0,4,4,0,4,4,0,4,4,0,0,0,0,0,0,0,0,0,0,0,0,0,0,0,0,4,4,4,0,0,0,0,0,0,0,0,0,0,0,3,0,0
533436861,0,,,428,191,237,33,18,15,393,173,220,229,106,123,386,169,217,377,164,213,164,67,97,106,43,63,37,13,24,2,1,1,6,0,6,177,177,51,58,35,20,6,3,4,126,94,32,6,111,21,21,27
533436862,0,,,142,68,74,11,7,4,131,61,70,60,30,30,130,61,69,128,60,68,71,31,40,36,15,21,8,1,7,2,0,2,0,0,0,50,50,8,20,8,6,4,2,2,42,29,13,4,43,0,6,11
533436863,0,,,23,15,8,4,2,2,19,13,6,9,8,1,18,12,6,18,12,6,10,5,5,5,3,2,3,1,2,0,0,0,0,0,0,8,8,5,0,0,0,1,1,1,3,0,3,1,7,0,4,0
533436902,0,,,367,179,188,37,29,8,329,150,179,178,93,85,326,148,178,320,145,175,151,57,94,77,26,51,29,9,20,5,1,4,2,0,2,141,141,32,51,33,10,6,3,6,107,78,29,11,104,1,23,22
533436911,1,,533436912,465,214,251,46,17,29,426,201,225,217,108,109,408,191,217,404,187,217,209,93,116,119,47,72,33,10,23,3,1,2,1,0,1,181,181,48,62,34,22,12,7,1,137,99,38,13,143,0,37,34
533436912,2,533436911,,7,4,3,*,*,*,*,*,*,*,*,*,*,*,*,*,*,*,*,*,*,*,*,*,*,*,*,*,*,*,*,*,*,5,5,*,*,*,*,*,*,*,*,*,*,*,*,*,*,*
533436922,0,,,40,20,20,2,1,1,38,19,19,16,9,7,38,19,19,37,18,19,22,10,12,14,6,8,2,1,1,1,1,0,0,0,0,16,16,4,6,4,1,0,0,1,12,10,2,0,14,0,3,4
533436933,0,,,10,4,6,0,0,0,10,4,6,6,3,3,10,4,6,9,4,5,4,1,3,3,0,3,2,0,2,0,0,0,0,0,0,4,4,0,2,2,0,0,0,0,4,2,2,0,3,0,0,0
533436934,0,,,61,29,32,4,1,3,57,28,29,36,20,16,55,26,29,54,25,29,21,8,13,10,2,8,4,0,4,1,0,1,0,0,0,22,22,6,6,3,4,2,0,1,16,10,6,1,15,0,3,2
533437002,0,,,51,21,30,4,2,2,47,19,28,19,7,12,45,19,26,44,19,25,28,12,16,14,6,8,5,3,2,2,0,2,0,0,0,23,23,7,10,2,2,2,0,0,16,13,3,0,17,0,5,7
533437004,0,,,23,10,13,2,0,2,21,10,11,14,8,6,21,10,11,21,10,11,7,2,5,3,0,3,3,0,3,0,0,0,0,0,0,8,8,1,1,4,2,0,0,0,7,5,2,0,4,0,1,0
533437011,1,,533437013,13,7,6,0,0,0,15,8,7,6,3,3,15,8,7,15,8,7,9,5,4,4,2,2,3,2,1,0,0,0,0,0,0,5,5,2,3,1,1,0,0,0,5,4,1,0,6,0,2,2
533437013,2,533437011,,2,1,1,*,*,*,*,*,*,*,*,*,*,*,*,*,*,*,*,*,*,*,*,*,*,*,*,*,*,*,*,*,*,2,2,*,*,*,*,*,*,*,*,*,*,*,*,*,*,*
533437021,0,,,20,11,9,0,0,0,20,11,9,5,4,1,20,11,9,20,11,9,15,7,8,5,2,3,3,0,3,1,0,1,0,0,0,8,8,1,3,3,1,0,0,0,7,6,1,0,8,0,1,1
533437023,0,,,11,6,5,0,0,0,11,6,5,4,3,1,11,6,5,11,6,5,7,3,4,7,3,4,6,3,3,0,0,0,0,0,0,5,5,1,2,2,0,0,0,0,4,3,1,0,4,0,0,2
533437024,0,,,49,27,22,3,3,0,42,22,20,17,9,8,42,22,20,41,21,20,25,13,12,13,6,7,4,2,2,0,0,0,0,0,0,24,24,8,10,4,1,1,0,0,15,13,2,0,17,0,8,6
533437032,0,,,37,18,19,3,0,3,34,18,16,15,7,8,33,17,16,33,17,16,19,11,8,9,5,4,4,1,3,1,0,1,0,0,0,15,15,4,5,4,1,0,0,1,11,8,3,1,14,0,4,3
533437034,0,,,61,31,30,5,2,3,56,29,27,27,15,12,54,27,27,54,27,27,29,14,15,15,7,8,5,2,3,1,0,1,0,0,0,26,26,7,13,1,1,3,1,0,19,13,6,2,20,0,5,7
533437041,0,,,9,4,5,0,0,0,9,4,5,7,3,4,7,3,4,7,3,4,2,1,1,1,0,1,0,0,0,0,0,0,0,0,0,4,4,1,2,0,1,0,0,0,3,3,0,0,2,0,1,1
533437042,0,,,44,21,23,6,3,3,34,17,17,20,13,7,32,15,17,32,15,17,14,4,10,12,3,9,5,0,5,0,0,0,1,0,1,17,17,5,4,3,3,2,0,0,11,8,3,1,11,0,3,3
533437043,0,,,76,38,38,8,6,2,68,32,36,31,16,15,66,31,35,66,31,35,37,16,21,16,8,8,2,1,1,0,0,0,0,0,0,29,29,9,10,2,4,1,2,1,19,12,7,2,25,0,7,7
533437044,0,,,50,27,23,7,3,4,43,24,19,27,17,10,40,21,19,40,21,19,16,7,9,7,1,6,6,1,5,2,0,2,0,0,0,17,17,5,2,3,4,2,1,0,11,5,6,2,10,0,2,0
533437052,0,,,22,7,15,6,1,5,16,6,10,11,3,8,14,6,8,12,6,6,5,3,2,1,1,0,0,0,0,0,0,0,0,0,0,5,5,0,2,0,0,1,1,1,5,4,1,1,3,0,0,2
533437053,0,,,46,22,24,5,3,2,41,19,22,23,11,12,40,19,21,40,19,21,18,8,10,9,3,6,5,2,3,0,0,0,0,0,0,18,18,3,8,3,2,2,0,0,15,12,3,2,11,0,2,3
533437054,0,,,19,9,10,5,2,3,14,7,7,9,5,4,13,6,7,13,6,7,5,2,3,1,0,1,1,0,1,0,0,0,0,0,0,6,6,0,3,1,1,0,1,0,6,5,1,1,3,0,0,2
533437061,0,,,8,4,4,0,0,0,8,4,4,4,2,2,8,4,4,8,4,4,4,2,2,0,0,0,0,0,0,0,0,0,2,1,1,4,4,2,1,0,1,0,0,0,2,2,0,0,4,0,2,1
533437062,0,,,78,38,40,10,7,3,68,31,37,43,21,22,64,29,35,63,28,35,25,10,15,10,3,7,7,2,5,1,0,1,0,0,0,25,25,3,5,9,4,3,0,1,22,13,9,3,17,0,3,2
533437071,0,,,39,20,19,8,5,3,31,15,16,16,9,7,31,15,16,31,15,16,15,6,9,7,3,4,2,0,2,0,0,0,0,0,0,16,16,5,5,1,4,1,0,0,11,8,3,2,12,0,4,3
533437073,0,,,69,32,37,7,3,4,62,29,33,26,12,14,60,28,32,60,28,32,36,17,19,20,8,12,12,5,7,0,0,0,0,0,0,32,32,8,16,4,3,1,0,0,24,24,0,1,24,0,7,11
533437083,2,533437084,,6,2,4,*,*,*,*,*,*,*,*,*,*,*,*,*,*,*,*,*,*,*,*,*,*,*,*,*,*,*,*,*,*,3,3,*,*,*,*,*,*,*,*,*,*,*,*,*,*,*
533437084,1,,533437083,63,34,29,1,1,0,68,35,33,27,15,12,68,35,33,68,35,33,41,20,21,23,12,11,6,4,2,0,0,0,0,0,0,26,26,7,11,7,2,1,1,0,22,17,5,0,24,0,5,7
533437101,0,,,56,25,31,5,2,3,51,23,28,34,15,19,50,23,27,48,21,27,17,8,9,9,4,5,6,2,4,1,1,0,0,0,0,15,15,0,5,2,3,2,3,0,15,8,7,2,10,0,0,1
533437102,0,,,64,29,35,12,6,6,52,23,29,32,15,17,48,23,25,47,22,25,20,8,12,10,5,5,5,2,3,0,0,0,0,0,0,21,21,3,6,5,3,3,0,1,18,15,3,2,13,0,3,2
533437103,0,,,23,12,11,5,2,3,18,10,8,10,6,4,18,10,8,18,10,8,8,4,4,3,2,1,2,1,1,0,0,0,0,0,0,6,6,0,2,1,0,2,1,0,6,4,2,1,4,0,0,1
533437104,0,,,23,13,10,2,1,1,21,12,9,14,8,6,21,12,9,21,12,9,7,4,3,3,1,2,3,1,2,1,1,0,0,0,0,7,7,0,2,2,2,1,0,0,7,4,3,0,5,0,0,1
533437111,2,533437113,,2,1,1,*,*,*,*,*,*,*,*,*,*,*,*,*,*,*,*,*,*,*,*,*,*,*,*,*,*,*,*,*,*,1,1,*,*,*,*,*,*,*,*,*,*,*,*,*,*,*
533437113,1,,533437111,67,33,34,10,7,3,59,27,32,39,19,20,57,26,31,57,26,31,20,8,12,8,2,6,1,0,1,0,0,0,0,0,0,24,24,2,9,8,5,1,0,0,23,21,2,5,14,1,1,4
533437121,0,,,40,18,22,2,0,2,38,18,20,24,11,13,34,16,18,34,16,18,14,7,7,8,3,5,3,2,1,0,0,0,0,0,0,16,16,4,5,5,1,0,0,1,12,11,1,0,10,0,3,2
533437122,0,,,51,20,31,3,0,3,48,20,28,27,11,16,46,19,27,46,19,27,21,9,12,6,1,5,3,0,3,1,0,1,0,0,0,17,17,1,7,4,2,2,1,0,16,12,4,0,13,0,1,3
533437123,0,,,96,25,71,1,0,1,95,25,70,9,5,4,94,25,69,94,25,69,86,20,66,83,19,64,70,15,55,23,4,19,0,0,0,8,6,0,2,3,1,0,0,0,6,6,0,0,4,0,0,1
533437132,0,,,29,7,22,0,0,0,29,7,22,22,5,17,29,7,22,29,7,22,7,2,5,4,1,3,1,0,1,1,0,1,15,0,15,23,23,18,4,1,0,0,0,0,5,4,1,0,5,14,3,1
533437134,0,,,14,4,10,2,0,2,12,4,8,10,2,8,11,4,7,9,3,6,2,2,0,0,0,0,0,0,0,0,0,0,1,0,1,6,6,2,1,2,1,0,0,0,4,3,1,1,2,0,1,0
533437141,2,533437142,,6,2,4,*,*,*,*,*,*,*,*,*,*,*,*,*,*,*,*,*,*,*,*,*,*,*,*,*,*,*,*,*,*,2,2,*,*,*,*,*,*,*,*,*,*,*,*,*,*,*
533437142,1,,533437141,39,18,21,4,1,3,41,19,22,18,10,8,39,17,22,39,17,22,23,9,14,11,4,7,3,0,3,0,0,0,0,0,0,15,15,4,7,3,1,0,1,1,13,9,4,0,15,0,4,2
533437143,0,,,37,17,20,1,1,0,36,16,20,18,9,9,36,16,20,35,16,19,18,7,11,10,3,7,6,2,4,2,1,1,0,0,0,15,14,2,5,5,1,1,0,0,12,9,3,1,12,0,1,2
533437144,1,,533437241;533437242,105,53,52,14,6,8,94,48,46,57,34,23,91,45,46,90,44,46,37,14,23,17,5,12,7,0,7,1,0,1,1,0,1,40,40,10,16,7,9,2,0,0,34,27,7,3,26,0,2,8
533437151,2,533437152,,7,3,4,*,*,*,*,*,*,*,*,*,*,*,*,*,*,*,*,*,*,*,*,*,*,*,*,*,*,*,*,*,*,2,2,*,*,*,*,*,*,*,*,*,*,*,*,*,*,*
533437152,1,,533437151,83,40,43,12,7,5,78,36,42,46,22,24,77,36,41,76,35,41,32,14,18,19,7,12,5,2,3,0,0,0,0,0,0,29,29,6,7,9,4,3,2,0,24,14,10,5,19,0,2,3
533437154,0,,,55,27,28,4,2,2,51,25,26,23,12,11,49,24,25,48,23,25,28,13,15,11,5,6,7,2,5,2,1,1,0,0,0,21,21,3,6,8,4,0,0,0,18,14,4,0,17,0,3,5
533437161,0,,,86,44,42,10,6,4,76,38,38,39,22,17,75,38,37,75,38,37,37,16,21,17,6,11,7,1,6,1,0,1,0,0,0,31,31,6,11,4,6,3,0,1,25,17,8,2,23,0,5,7
533437162,0,,,29,17,12,7,4,3,22,13,9,17,9,8,21,12,9,21,12,9,5,4,1,2,1,1,1,0,1,0,0,0,0,0,0,8,8,2,0,1,4,0,0,1,6,3,3,2,5,0,1,0
533437163,2,533437164,,6,2,4,*,*,*,*,*,*,*,*,*,*,*,*,*,*,*,*,*,*,*,*,*,*,*,*,*,*,*,*,*,*,3,3,*,*,*,*,*,*,*,*,*,*,*,*,*,*,*
533437164,1,,533437163,83,33,50,12,6,6,77,29,48,36,13,23,76,29,47,75,29,46,41,16,25,22,6,16,14,3,11,3,1,2,0,0,0,26,26,8,5,4,8,0,2,2,21,12,9,2,25,0,7,5
533437171,1,,533437172,27,15,12,0,0,0,33,18,15,17,10,7,32,17,15,31,17,14,16,8,8,9,3,6,3,2,1,1,0,1,0,0,0,10,10,2,5,2,1,1,1,0,10,7,3,0,10,0,1,2
533437172,2,533437171,,6,3,3,*,*,*,*,*,*,*,*,*,*,*,*,*,*,*,*,*,*,*,*,*,*,*,*,*,*,*,*,*,*,2,2,*,*,*,*,*,*,*,*,*,*,*,*,*,*,*
533437181,0,,,25,11,14,2,2,0,23,9,14,16,6,10,23,9,14,23,9,14,7,3,4,4,1,3,2,0,2,0,0,0,0,0,0,8,8,1,2,1,3,1,0,0,7,5,2,1,6,0,1,0
533437184,0,,,30,12,18,0,0,0,30,12,18,22,9,13,28,12,16,28,12,16,8,3,5,6,2,4,3,1,2,0,0,0,1,0,1,9,9,1,2,2,2,1,1,0,8,3,5,0,6,0,0,0
533437201,0,,,50,25,25,4,1,3,46,24,22,26,16,10,46,24,22,46,24,22,20,8,12,12,6,6,4,1,3,2,0,2,1,1,0,19,19,1,12,2,3,0,0,1,18,14,4,0,12,1,0,5
533437202,0,,,14,8,6,3,3,0,11,5,6,10,5,5,11,5,6,11,5,6,1,0,1,1,0,1,1,0,1,1,0,1,1,1,0,6,6,3,1,0,1,1,0,0,3,2,1,0,1,1,0,0
533437211,0,,,75,35,40,9,4,5,61,28,33,46,22,24,59,28,31,58,27,31,15,6,9,6,2,4,5,1,4,0,0,0,0,0,0,30,30,6,7,13,4,0,0,0,22,18,4,3,9,3,0,3
533437212,0,,,297,139,158,18,11,7,278,127,151,121,66,55,265,121,144,262,119,143,157,61,96,106,41,65,45,10,35,10,2,8,3,1,2,99,98,26,41,12,10,4,1,4,72,54,18,5,68,0,20,20
533437213,0,,,170,81,89,21,11,10,148,70,78,83,43,40,145,68,77,145,68,77,65,27,38,38,16,22,11,4,7,1,1,0,0,0,0,70,70,16,29,11,9,3,2,0,54,46,8,7,44,0,10,15
533437214,0,,,716,349,367,116,62,54,600,287,313,343,174,169,588,278,310,582,276,306,257,113,144,125,49,76,49,16,33,5,0,5,2,0,2,277,277,60,96,57,41,14,4,5,217,187,30,36,170,1,41,54
533437221,0,,,48,19,29,3,0,3,45,19,26,22,11,11,45,19,26,45,19,26,23,8,15,11,2,9,5,0,5,1,0,1,0,0,0,21,21,2,14,2,3,0,0,0,19,17,2,0,14,0,0,4
533437223,0,,,167,76,91,16,4,12,151,72,79,81,41,40,147,71,76,147,71,76,70,31,39,38,14,24,11,5,6,1,1,0,0,0,0,69,69,21,20,15,8,4,0,1,48,40,8,3,49,0,14,10
533437232,0,,,57,23,34,10,4,6,47,19,28,31,13,18,47,19,28,46,18,28,16,6,10,10,4,6,2,0,2,0,0,0,0,0,0,18,18,3,4,5,1,4,0,1,15,11,4,3,11,0,2,2
533437233,0,,,11,5,6,0,0,0,11,5,6,4,2,2,11,5,6,11,5,6,7,3,4,2,1,1,1,0,1,1,0,1,0,0,0,4,4,0,2,1,1,0,0,0,4,2,2,0,3,0,0,1
533437241,2,533437144,,3,1,2,*,*,*,*,*,*,*,*,*,*,*,*,*,*,*,*,*,*,*,*,*,*,*,*,*,*,*,*,*,*,3,3,*,*,*,*,*,*,*,*,*,*,*,*,*,*,*
533437242,2,533437144,,1,0,1,*,*,*,*,*,*,*,*,*,*,*,*,*,*,*,*,*,*,*,*,*,*,*,*,*,*,*,*,*,*,1,1,*,*,*,*,*,*,*,*,*,*,*,*,*,*,*
533437254,0,,,77,35,42,5,3,2,72,32,40,42,20,22,72,32,40,71,32,39,30,12,18,16,6,10,10,4,6,1,1,0,0,0,0,27,27,5,6,7,6,3,0,0,22,12,10,0,22,0,4,5
533437263,0,,,81,35,46,7,3,4,74,32,42,42,20,22,73,32,41,72,31,41,32,12,20,21,6,15,9,2,7,0,0,0,0,0,0,27,27,4,9,4,4,5,1,0,23,13,10,0,21,0,4,4
533437282,0,,,24,12,12,1,0,1,23,12,11,14,8,6,23,12,11,23,12,11,9,4,5,5,2,3,1,1,0,1,1,0,0,0,0,8,8,2,1,1,3,1,0,0,6,4,2,1,7,0,2,1
533437311,1,,533437313,28,13,15,2,1,1,27,13,14,14,7,7,25,12,13,25,12,13,13,6,7,6,3,3,3,1,2,0,0,0,0,0,0,13,13,7,3,2,1,0,1,0,7,6,1,1,9,0,5,2
533437313,2,533437311,,1,1,0,*,*,*,*,*,*,*,*,*,*,*,*,*,*,*,*,*,*,*,*,*,*,*,*,*,*,*,*,*,*,1,1,*,*,*,*,*,*,*,*,*,*,*,*,*,*,*
533437331,0,,,21,9,12,2,0,2,19,9,10,14,7,7,17,8,9,17,8,9,5,2,3,3,1,2,1,0,1,0,0,0,0,0,0,6,6,0,2,1,2,0,1,0,6,3,3,0,3,0,0,0
533437332,0,,,176,80,96,9,3,6,167,77,90,93,44,49,162,73,89,161,73,88,74,33,41,36,15,21,12,5,7,3,1,2,2,0,2,63,63,10,26,12,6,3,3,3,52,33,19,3,45,1,6,14
533437334,0,,,73,38,35,6,5,1,67,33,34,33,18,15,64,31,33,62,29,33,34,15,19,18,8,10,7,2,5,1,0,1,0,0,0,28,28,9,6,5,6,0,1,1,19,11,8,3,22,2,6,3
533437352,2,533437354,,3,2,1,*,*,*,*,*,*,*,*,*,*,*,*,*,*,*,*,*,*,*,*,*,*,*,*,*,*,*,*,*,*,1,1,*,*,*,*,*,*,*,*,*,*,*,*,*,*,*
533437354,1,,533437352,71,30,41,14,5,9,60,27,33,31,16,15,57,24,33,57,24,33,29,11,18,16,5,11,2,0,2,1,0,1,1,0,1,27,27,7,11,4,2,1,1,2,21,18,3,3,20,0,6,5
533437432,1,,533437441;533437443,54,27,27,4,3,1,56,28,28,32,17,15,54,26,28,54,26,28,24,11,13,10,4,6,4,0,4,1,0,1,0,0,0,25,25,13,9,2,3,1,0,1,16,10,6,1,16,1,6,3
533437433,2,533437434,,6,3,3,*,*,*,*,*,*,*,*,*,*,*,*,*,*,*,*,*,*,*,*,*,*,*,*,*,*,*,*,*,*,3,3,*,*,*,*,*,*,*,*,*,*,*,*,*,*,*
533437434,1,,533437433,90,50,40,18,12,6,78,41,37,54,28,26,75,40,35,73,39,34,24,13,11,10,6,4,0,0,0,0,0,0,0,0,0,28,28,2,9,7,10,3,0,0,29,26,3,6,14,0,1,4
533437441,2,533437432,,4,2,2,*,*,*,*,*,*,*,*,*,*,*,*,*,*,*,*,*,*,*,*,*,*,*,*,*,*,*,*,*,*,2,2,*,*,*,*,*,*,*,*,*,*,*,*,*,*,*
533437443,2,533437432,,3,2,1,*,*,*,*,*,*,*,*,*,*,*,*,*,*,*,*,*,*,*,*,*,*,*,*,*,*,*,*,*,*,2,2,*,*,*,*,*,*,*,*,*,*,*,*,*,*,*
533437452,0,,,45,22,23,8,5,3,37,17,20,18,9,9,36,16,20,36,16,20,19,8,11,10,4,6,4,1,3,0,0,0,1,0,1,15,15,2,6,1,3,2,1,0,13,8,5,1,11,0,1,5
533437454,0,,,47,22,25,4,2,2,40,18,22,18,9,9,38,17,21,37,17,20,22,9,13,13,5,8,4,0,4,0,0,0,0,0,0,19,19,2,10,4,2,1,0,0,16,14,2,2,14,0,2,9
533437463,1,,533437561,87,41,46,16,8,8,73,34,39,41,20,21,71,33,38,71,33,38,32,14,18,16,7,9,5,2,3,2,0,2,0,0,0,31,31,4,13,4,9,1,1,0,28,22,6,4,18,0,3,7
533437473,0,,,15,9,6,0,0,0,15,9,6,9,6,3,15,9,6,15,9,6,6,3,3,5,2,3,4,1,3,0,0,0,1,1,0,6,6,2,1,1,2,0,0,0,4,2,2,0,5,0,1,0
533437474,0,,,36,15,21,4,2,2,32,13,19,21,8,13,32,13,19,32,13,19,11,5,6,4,1,3,0,0,0,0,0,0,0,0,0,15,15,4,5,3,2,1,0,0,11,8,3,1,8,0,3,2
533437483,1,,533437691,18,10,8,2,0,2,20,12,8,8,5,3,20,12,8,20,12,8,12,7,5,8,5,3,4,2,2,0,0,0,0,0,0,6,6,1,5,1,0,0,0,1,7,6,1,1,7,0,1,4
533437502,0,,,23,14,9,2,2,0,21,12,9,9,6,3,20,11,9,20,11,9,12,6,6,5,2,3,2,1,1,1,0,1,0,0,0,9,9,2,3,2,1,1,0,0,7,4,3,1,7,0,2,2
533437531,0,,,109,51,58,11,5,6,98,46,52,52,25,27,94,44,50,93,43,50,46,21,25,24,8,16,9,3,6,1,0,1,0,0,0,39,39,11,9,6,8,2,2,1,28,16,12,3,31,0,8,5
533437532,0,,,215,102,113,25,14,11,189,87,102,114,54,60,186,86,100,183,85,98,75,33,42,48,21,27,20,7,13,0,0,0,0,0,0,73,73,9,27,18,6,8,3,2,64,45,19,6,51,0,8,9
533437541,0,,,95,49,46,12,8,4,83,41,42,40,20,20,82,41,41,81,40,41,43,21,22,25,11,14,4,1,3,0,0,0,1,0,1,35,35,5,14,8,4,2,2,0,30,23,7,3,27,0,4,9
533437543,0,,,151,74,77,33,21,12,117,52,65,73,32,41,113,50,63,111,49,62,44,20,24,22,6,16,8,2,6,0,0,0,0,0,0,61,61,18,17,12,7,7,0,0,43,39,4,5,35,0,15,6
533437544,0,,,23,12,11,2,0,2,19,12,7,10,7,3,19,12,7,19,12,7,9,5,4,4,1,3,2,1,1,0,0,0,0,0,0,11,11,4,5,0,1,1,0,0,6,5,1,1,6,0,2,1
533437553,0,,,42,23,19,4,2,2,38,21,17,18,11,7,34,17,17,32,16,16,20,10,10,10,5,5,2,1,1,0,0,0,0,0,0,12,12,2,4,1,1,1,2,1,10,5,5,0,11,0,2,4
533437554,0,,,95,53,42,11,6,5,84,47,37,48,28,20,78,42,36,77,42,35,36,19,17,22,11,11,6,3,3,0,0,0,1,0,1,29,29,3,9,4,6,5,1,1,26,17,9,3,20,0,2,5
533437561,2,533437463,,2,1,1,*,*,*,*,*,*,*,*,*,*,*,*,*,*,*,*,*,*,*,*,*,*,*,*,*,*,*,*,*,*,1,1,*,*,*,*,*,*,*,*,*,*,*,*,*,*,*
533437611,0,,,74,38,36,7,4,3,67,34,33,46,25,21,61,30,31,60,30,30,21,9,12,14,6,8,7,3,4,0,0,0,0,0,0,27,27,9,7,3,3,2,1,2,18,12,6,2,14,2,1,4
533437634,0,,,24,11,13,4,2,2,20,9,11,10,4,6,20,9,11,20,9,11,10,5,5,7,4,3,4,2,2,0,0,0,0,0,0,7,7,0,3,1,2,0,0,1,7,4,3,2,6,0,0,2
533437641,0,,,53,26,27,12,4,8,41,22,19,29,17,12,40,22,18,39,21,18,12,5,7,8,3,5,3,0,3,1,0,1,0,0,0,17,17,2,3,6,3,3,0,0,15,12,3,3,7,0,1,2
533437642,0,,,12,7,5,2,1,1,10,6,4,5,3,2,10,6,4,10,6,4,5,3,2,5,3,2,2,2,0,1,1,0,0,0,0,5,5,1,2,1,1,0,0,0,4,4,0,0,3,0,1,1
533437643,1,,533437741;533437742,191,88,103,20,8,12,285,110,175,98,51,47,276,106,170,275,105,170,187,59,128,157,44,113,111,27,84,23,3,20,2,0,2,69,69,15,21,17,11,2,2,3,56,33,23,5,51,0,11,10
533437644,0,,,108,57,51,17,8,9,91,49,42,49,28,21,89,47,42,88,46,42,42,21,21,18,8,10,10,6,4,1,1,0,1,0,1,34,34,5,6,11,8,1,1,2,29,21,8,4,24,0,2,5
533437651,0,,,144,69,75,13,5,8,131,64,67,81,42,39,128,62,66,128,62,66,50,22,28,21,8,13,8,4,4,2,1,1,1,1,0,45,45,5,16,6,10,2,3,3,40,23,17,3,34,1,4,8
533437652,0,,,43,20,23,5,2,3,38,18,20,22,11,11,34,17,17,32,15,17,16,7,9,5,2,3,2,0,2,0,0,0,0,0,0,11,11,1,2,2,3,0,1,2,10,4,6,0,9,0,1,2
533437653,0,,,15,7,8,5,3,2,10,4,6,5,2,3,10,4,6,10,4,6,5,2,3,1,1,0,0,0,0,0,0,0,0,0,0,4,4,0,1,1,0,2,0,0,4,3,1,1,3,0,0,1
533437674,0,,,14,9,5,0,0,0,14,9,5,7,6,1,14,9,5,14,9,5,7,3,4,3,1,2,2,1,1,0,0,0,0,0,0,7,7,2,4,0,1,0,0,0,5,5,0,0,5,0,1,1
533437691,2,533437483,,4,2,2,*,*,*,*,*,*,*,*,*,*,*,*,*,*,*,*,*,*,*,*,*,*,*,*,*,*,*,*,*,*,2,2,*,*,*,*,*,*,*,*,*,*,*,*,*,*,*
533437703,1,,533437704,13,7,6,1,0,1,16,9,7,9,6,3,16,9,7,16,9,7,7,3,4,4,2,2,0,0,0,0,0,0,1,0,1,4,4,1,2,1,1,1,0,0,5,4,1,0,5,0,1,0
533437704,2,533437703,,4,2,2,*,*,*,*,*,*,*,*,*,*,*,*,*,*,*,*,*,*,*,*,*,*,*,*,*,*,*,*,*,*,2,2,*,*,*,*,*,*,*,*,*,*,*,*,*,*,*
533437712,0,,,52,23,29,7,3,4,45,20,25,19,9,10,44,20,24,44,20,24,26,11,15,10,3,7,3,0,3,0,0,0,0,0,0,21,21,5,10,2,1,1,2,0,16,12,4,2,17,0,4,7
533437721,0,,,354,175,179,35,20,15,319,155,164,172,97,75,305,147,158,303,146,157,147,58,89,79,29,50,36,9,27,5,1,4,7,2,5,130,130,31,37,27,17,10,6,2,99,73,26,6,92,0,20,18
533437722,1,,533437731,154,74,80,17,6,11,143,72,71,81,46,35,137,68,69,133,65,68,62,26,36,38,16,22,14,6,8,2,1,1,0,0,0,57,57,15,21,9,6,8,2,0,45,32,13,4,44,0,10,9
533437731,2,533437722,,6,4,2,*,*,*,*,*,*,*,*,*,*,*,*,*,*,*,*,*,*,*,*,*,*,*,*,*,*,*,*,*,*,4,4,*,*,*,*,*,*,*,*,*,*,*,*,*,*,*
533437741,2,533437643,,112,29,83,*,*,*,*,*,*,*,*,*,*,*,*,*,*,*,*,*,*,*,*,*,*,*,*,*,*,*,*,*,*,4,1,*,*,*,*,*,*,*,*,*,*,*,*,*,*,*
533437742,2,533437643,,2,1,1,*,*,*,*,*,*,*,*,*,*,*,*,*,*,*,*,*,*,*,*,*,*,*,*,*,*,*,*,*,*,1,1,*,*,*,*,*,*,*,*,*,*,*,*,*,*,*
533437764,0,,,24,15,9,4,3,1,20,12,8,13,9,4,19,11,8,19,11,8,7,3,4,4,2,2,0,0,0,0,0,0,0,0,0,7,7,0,3,1,2,0,0,1,7,6,1,1,4,0,0,1
533437773,0,,,54,29,25,4,3,1,50,26,24,27,15,12,49,26,23,49,26,23,23,11,12,18,8,10,7,3,4,0,0,0,0,0,0,23,23,4,11,5,2,1,0,0,19,15,4,1,15,0,2,4
533437774,0,,,61,32,29,5,4,1,56,28,28,35,21,14,51,24,27,51,24,27,21,7,14,10,3,7,4,1,3,1,1,0,0,0,0,20,20,3,5,6,3,2,0,1,17,12,5,0,12,0,1,3
533437783,0,,,22,11,11,0,0,0,22,11,11,10,6,4,21,11,10,21,11,10,12,5,7,12,5,7,1,1,0,0,0,0,0,0,0,10,10,3,5,0,1,1,0,0,7,4,3,0,8,0,2,3
533437802,0,,,8,4,4,0,0,0,8,4,4,1,1,0,8,4,4,8,4,4,7,3,4,5,3,2,1,1,0,0,0,0,0,0,0,5,5,2,3,0,0,0,0,0,3,3,0,0,4,0,1,3
533437804,0,,,30,13,17,1,0,1,29,13,16,12,7,5,28,13,15,28,13,15,17,6,11,12,4,8,5,2,3,1,0,1,0,0,0,13,13,3,7,1,1,0,1,0,10,6,4,0,12,0,2,3
533437852,0,,,14,6,8,0,0,0,14,6,8,6,2,4,14,6,8,14,6,8,8,4,4,3,2,1,3,2,1,0,0,0,0,0,0,7,7,4,1,0,2,0,0,0,3,2,1,0,5,0,2,1
533437861,0,,,10,4,6,1,0,1,9,4,5,5,2,3,9,4,5,9,4,5,4,2,2,3,2,1,1,1,0,0,0,0,0,0,0,5,5,1,3,1,0,0,0,0,4,4,0,1,2,0,0,2
533437863,2,533437864,,9,6,3,*,*,*,*,*,*,*,*,*,*,*,*,*,*,*,*,*,*,*,*,*,*,*,*,*,*,*,*,*,*,6,6,*,*,*,*,*,*,*,*,*,*,*,*,*,*,*
533437864,1,,533437863,44,23,21,3,1,2,50,28,22,32,19,13,47,25,22,47,25,22,18,9,9,9,5,4,2,2,0,0,0,0,0,0,0,13,13,3,7,5,1,1,2,0,16,13,3,1,11,0,1,4
533437871,0,,,59,29,30,11,6,5,48,23,25,32,17,15,47,22,25,47,22,25,16,6,10,9,2,7,4,1,3,0,0,0,0,0,0,17,17,1,6,1,3,5,1,0,16,11,5,3,11,0,1,4
533437872,0,,,118,61,57,7,4,3,111,57,54,61,37,24,108,54,54,107,53,54,50,20,30,31,11,20,15,6,9,0,0,0,0,0,0,42,42,6,15,11,5,2,2,1,36,22,14,1,31,0,3,7
533437873,0,,,155,30,125,6,3,3,149,27,122,14,7,7,149,27,122,149,27,122,135,20,115,126,17,109,103,15,88,37,6,31,0,0,0,13,10,2,2,4,1,1,0,0,8,6,2,1,6,0,1,1
533437874,0,,,38,20,18,4,4,0,34,16,18,15,10,5,34,16,18,33,15,18,19,6,13,9,2,7,4,1,3,1,0,1,0,0,0,16,16,5,5,3,2,0,1,0,11,8,3,1,12,1,3,3
533437881,0,,,61,28,33,5,4,1,56,24,32,31,14,17,56,24,32,54,23,31,25,10,15,18,7,11,5,2,3,0,0,0,0,0,0,23,23,4,10,3,4,1,0,1,19,15,4,2,16,0,2,7
533437882,0,,,113,57,56,5,4,1,108,53,55,58,28,30,106,53,53,106,53,53,50,25,25,26,11,15,16,6,10,1,0,1,0,0,0,41,41,5,16,10,6,3,0,1,36,24,12,1,32,0,3,6
533437884,0,,,92,49,43,10,7,3,82,42,40,34,17,17,82,42,40,80,41,39,48,25,23,23,13,10,9,4,5,1,1,0,1,0,1,35,35,8,10,8,7,1,0,1,27,17,10,0,29,0,6,7
533437891,0,,,27,14,13,1,1,0,26,13,13,18,9,9,26,13,13,26,13,13,8,4,4,5,2,3,0,0,0,0,0,0,0,0,0,11,11,2,5,3,0,0,1,0,9,7,2,1,7,0,2,2
533437893,0,,,63,30,33,1,1,0,62,29,33,34,17,17,62,29,33,62,29,33,28,12,16,20,9,11,9,5,4,0,0,0,0,0,0,24,24,3,9,8,3,0,1,0,21,14,7,0,18,0,3,4
533437971,0,,,438,193,245,44,20,24,391,172,219,228,111,117,377,164,213,370,161,209,163,61,102,109,39,70,23,8,15,5,0,5,6,0,6,168,168,49,45,34,18,12,7,3,118,78,40,13,111,12,23,22
533437972,0,,,169,82,87,17,11,6,152,71,81,90,44,46,151,71,80,151,71,80,62,27,35,41,15,26,11,5,6,0,0,0,0,0,0,67,67,15,26,12,8,4,0,2,52,38,14,3,42,1,7,12
533437973,0,,,282,146,136,35,22,13,246,123,123,142,76,66,241,120,121,239,120,119,104,47,57,55,23,32,13,2,11,0,0,0,1,1,0,107,107,30,32,21,10,6,3,5,77,51,26,6,75,6,16,16
533437974,0,,,147,74,73,19,10,9,124,62,62,84,41,43,120,59,61,120,59,61,40,21,19,18,6,12,9,3,6,2,1,1,4,3,1,62,62,27,8,13,9,3,0,2,35,27,8,6,28,9,7,2
533437991,0,,,19,8,11,0,0,0,19,8,11,6,4,2,19,8,11,19,8,11,13,4,9,7,1,6,4,0,4,1,0,1,0,0,0,7,7,0,4,1,2,0,0,0,7,4,3,0,6,0,0,1
533447071,0,,,31,15,16,1,0,1,30,15,15,12,7,5,30,15,15,30,15,15,18,8,10,11,4,7,4,2,2,0,0,0,0,0,0,14,14,3,6,4,1,0,0,0,11,9,2,0,12,0,2,3
533447072,0,,,54,26,28,11,6,5,43,20,23,30,16,14,39,19,20,38,19,19,13,4,9,7,2,5,4,1,3,1,0,1,0,0,0,19,19,4,4,6,3,0,2,0,15,11,4,1,8,1,0,2
533447074,0,,,131,65,66,9,3,6,122,62,60,63,34,29,118,59,59,116,58,58,59,28,31,27,9,18,12,3,9,0,0,0,0,0,0,51,51,8,25,8,6,2,0,2,43,33,10,3,36,0,4,11
533447172,0,,,32,17,15,0,0,0,32,17,15,19,11,8,32,17,15,32,17,15,13,6,7,8,3,5,4,2,2,0,0,0,0,0,0,15,15,2,10,2,1,0,0,0,13,10,3,0,9,0,0,4
533447294,0,,,71,33,38,2,1,1,67,31,36,36,19,17,66,31,35,66,31,35,31,12,19,14,4,10,6,2,4,0,0,0,0,0,0,31,31,6,14,8,2,1,0,0,24,19,5,1,22,0,5,6
