KEY_CODE,HTKSYORI,HTKSAKI,GASSAN,T001101001,T001101002,T001101003,T001101004,T001101005,T001101006,T001101007,T001101008,T001101009,T001101010,T001101011,T001101012,T001101013,T001101014,T001101015,T001101016,T001101017,T001101018,T001101019,T001101020,T001101021,T001101022,T001101023,T001101024,T001101025,T001101026,T001101027,T001101028,T001101029,T001101030,T001101031,T001101032,T001101033,T001101034,T001101035,T001101036,T001101037,T001101038,T001101039,T001101040,T001101041,T001101042,T001101043,T001101044,T001101045,T001101046,T001101047,T001101048,T001101049,T001101050
,,,,Å@êlå˚ÅiëçêîÅj,Å@êlå˚ÅiëçêîÅjÅ@íj,Å@êlå˚ÅiëçêîÅjÅ@èó,Å@ÇOÅ`ÇPÇSçŒêlå˚Å@ëçêî,Å@ÇOÅ`ÇPÇSçŒêlå˚Å@íj,Å@ÇOÅ`ÇPÇSçŒêlå˚Å@èó,Å@ÇPÇTçŒà»è„êlå˚Å@ëçêî,Å@ÇPÇTçŒà»è„êlå˚Å@íj,Å@ÇPÇTçŒà»è„êlå˚Å@èó,Å@ÇPÇTÅ`ÇUÇSçŒêlå˚Å@ëçêî,Å@ÇPÇTÅ`ÇUÇSçŒêlå˚Å@íj,Å@ÇPÇTÅ`ÇUÇSçŒêlå˚Å@èó,Å@ÇPÇWçŒà»è„êlå˚Å@ëçêî,Å@ÇPÇWçŒà»è„êlå˚Å@íj,Å@ÇPÇWçŒà»è„êlå˚Å@èó,Å@ÇQÇOçŒà»è„êlå˚Å@ëçêî,Å@ÇQÇOçŒà»è„êlå˚Å@íj,Å@ÇQÇOçŒà»è„êlå˚Å@èó,Å@ÇUÇTçŒà»è„êlå˚Å@ëçêî,Å@ÇUÇTçŒà»è„êlå˚Å@íj,Å@ÇUÇTçŒà»è„êlå˚Å@èó,Å@ÇVÇTçŒà»è„êlå˚Å@ëçêî,Å@ÇVÇTçŒà»è„êlå˚Å@íj,Å@ÇVÇTçŒà»è„êlå˚Å@èó,Å@ÇWÇTçŒà»è„êlå˚Å@ëçêî,Å@ÇWÇTçŒà»è„êlå˚Å@íj,Å@ÇWÇTçŒà»è„êlå˚Å@èó,Å@ÇXÇTçŒà»è„êlå˚Å@ëçêî,Å@ÇXÇTçŒà»è„êlå˚Å@íj,Å@ÇXÇTçŒà»è„êlå˚Å@èó,Å@äOçëêlêlå˚Å@ëçêî,Å@äOçëêlêlå˚Å@íj,Å@äOçëêlêlå˚Å@èó,Å@ê¢ë—ëçêî,Å@àÍî ê¢ë—êî,Å@ÇPêlê¢ë—êîÅ@àÍî ê¢ë—êî,Å@ÇQêlê¢ë—êîÅ@àÍî ê¢ë—êî,Å@ÇRêlê¢ë—êîÅ@àÍî ê¢ë—êî,Å@ÇSêlê¢ë—êîÅ@àÍî ê¢ë—êî,Å@ÇTêlê¢ë—êîÅ@àÍî ê¢ë—êî,Å@ÇUêlê¢ë—êîÅ@àÍî ê¢ë—êî,Å@ÇVêlà»è„ê¢ë—êîÅ@àÍî ê¢ë—êî,Å@êeë∞ÇÃÇ›ÇÃê¢ë—êîÅ@àÍî ê¢ë—êî,Å@äjâ∆ë∞ê¢ë—êîÅ@àÍî ê¢ë—êî,Å@äjâ∆ë∞à»äOÇÃê¢ë—êîÅ@àÍî ê¢ë—êî,Å@ÇUçŒñ¢ñûê¢ë—àıÇÃÇ¢ÇÈê¢ë—êîÅ@àÍî ê¢ë—êî,Å@ÇUÇTçŒà»è„ê¢ë—àıÇÃÇ¢ÇÈê¢ë—êîÅ@àÍî ê¢ë—êî,Å@ê¢ë—éÂÇÃîNóÓÇ™ÇQÇOÅ`ÇQÇXçŒÇÃÇPêlê¢ë—êîÅ@àÍî ê¢ë—êî,Å@çÇóÓíPêgê¢ë—êîÅ@àÍî ê¢ë—êî,Å@çÇóÓïvïwê¢ë—êîÅ@àÍî ê¢ë—êî
533300001,2,533300002,,19,10,9,*,*,*,*,*,*,*,*,*,*,*,*,*,*,*,*,*,*,*,*,*,*,*,*,*,*,*,*,*,*,3,3,*,*,*,*,*,*,*,*,*,*,*,*,*,*,*
533300002,1,,533300001,10,4,6,4,2,2,25,12,13,16,9,7,25,12,13,23,11,12,9,3,6,8,3,5,1,0,1,0,0,0,0,0,0,3,3,0,1,0,2,1,1,1,6,1,5,0,6,0,0,1
533300011,0,,,24,11,13,0,0,0,24,11,13,17,7,10,23,11,12,23,11,12,7,4,3,3,2,1,1,0,1,0,0,0,0,0,0,10,10,2,5,0,3,0,0,0,8,6,2,0,5,0,0,2
533300012,0,,,106,48,58,17,6,11,89,42,47,51,25,26,87,41,46,86,40,46,38,17,21,20,11,9,8,3,5,1,0,1,0,0,0,33,33,6,10,7,0,6,1,3,27,15,12,6,25,0,3,9
533300013,0,,,39,17,22,5,1,4,34,16,18,21,9,12,32,15,17,31,14,17,13,7,6,7,4,3,1,1,0,0,0,0,2,0,2,10,10,1,3,1,1,1,1,2,9,4,5,2,8,0,0,2
533300014,0,,,25,11,14,2,1,1,23,10,13,17,8,9,23,10,13,23,10,13,6,2,4,5,1,4,2,1,1,0,0,0,0,0,0,9,9,3,2,0,3,0,1,0,6,3,3,1,6,0,2,0
533300021,2,533300023,,8,3,5,*,*,*,*,*,*,*,*,*,*,*,*,*,*,*,*,*,*,*,*,*,*,*,*,*,*,*,*,*,*,4,4,*,*,*,*,*,*,*,*,*,*,*,*,*,*,*
533300022,2,533300023,,2,0,2,*,*,*,*,*,*,*,*,*,*,*,*,*,*,*,*,*,*,*,*,*,*,*,*,*,*,*,*,*,*,2,2,*,*,*,*,*,*,*,*,*,*,*,*,*,*,*
533300023,1,,533300021;533300022;533300024,20,11,9,0,0,0,36,17,19,14,9,5,36,17,19,35,16,19,22,8,14,13,4,9,7,2,5,2,0,2,0,0,0,7,7,7,5,2,2,1,0,0,10,9,1,0,15,0,7,2
533300024,2,533300023,,6,3,3,*,*,*,*,*,*,*,*,*,*,*,*,*,*,*,*,*,*,*,*,*,*,*,*,*,*,*,*,*,*,4,4,*,*,*,*,*,*,*,*,*,*,*,*,*,*,*
533300031,2,533300032,,5,3,2,*,*,*,*,*,*,*,*,*,*,*,*,*,*,*,*,*,*,*,*,*,*,*,*,*,*,*,*,*,*,2,2,*,*,*,*,*,*,*,*,*,*,*,*,*,*,*
533300032,1,,533300031;533300041,26,11,15,4,1,3,36,16,20,24,11,13,36,16,20,35,16,19,12,5,7,5,2,3,1,1,0,0,0,0,0,0,0,7,7,0,4,3,3,1,1,0,12,8,4,0,8,0,0,2
533300034,0,,,12,5,7,1,1,0,11,4,7,5,3,2,11,4,7,11,4,7,6,1,5,3,0,3,3,0,3,0,0,0,0,0,0,4,4,1,0,1,2,0,0,0,3,1,2,1,4,0,1,0
533300041,2,533300032,,9,3,6,*,*,*,*,*,*,*,*,*,*,*,*,*,*,*,*,*,*,*,*,*,*,*,*,*,*,*,*,*,*,3,3,*,*,*,*,*,*,*,*,*,*,*,*,*,*,*
533300092,1,,533300093;533300094,14,7,7,4,3,1,15,7,8,9,4,5,15,7,8,15,7,8,6,3,3,1,1,0,1,1,0,0,0,0,0,0,0,4,4,0,1,3,2,0,0,0,6,4,2,1,4,0,0,1
533300093,2,533300092,,3,2,1,*,*,*,*,*,*,*,*,*,*,*,*,*,*,*,*,*,*,*,*,*,*,*,*,*,*,*,*,*,*,1,1,*,*,*,*,*,*,*,*,*,*,*,*,*,*,*
533300094,2,533300092,,2,1,1,*,*,*,*,*,*,*,*,*,*,*,*,*,*,*,*,*,*,*,*,*,*,*,*,*,*,*,*,*,*,1,1,*,*,*,*,*,*,*,*,*,*,*,*,*,*,*
533300102,2,533300111,,8,3,5,*,*,*,*,*,*,*,*,*,*,*,*,*,*,*,*,*,*,*,*,*,*,*,*,*,*,*,*,*,*,3,3,*,*,*,*,*,*,*,*,*,*,*,*,*,*,*
533300111,1,,533300102,37,16,21,1,0,1,44,19,25,17,7,10,43,19,24,43,19,24,27,12,15,14,5,9,9,4,5,2,0,2,0,0,0,13,13,4,4,3,3,0,2,0,12,6,6,1,16,0,4,3
533300112,0,,,16,8,8,0,0,0,16,8,8,5,3,2,15,8,7,15,8,7,11,5,6,6,3,3,1,1,0,0,0,0,0,0,0,6,6,1,2,2,0,1,0,0,5,4,1,0,6,0,1,2
533300121,0,,,19,9,10,2,1,1,17,8,9,6,3,3,17,8,9,17,8,9,11,5,6,5,3,2,3,1,2,1,0,1,0,0,0,7,7,0,4,2,0,1,0,0,7,5,2,0,5,0,0,3
533300123,2,533300124,,8,5,3,*,*,*,*,*,*,*,*,*,*,*,*,*,*,*,*,*,*,*,*,*,*,*,*,*,*,*,*,*,*,4,4,*,*,*,*,*,*,*,*,*,*,*,*,*,*,*
533300124,1,,533300123,2,1,1,1,1,0,9,5,4,7,4,3,9,5,4,9,5,4,2,1,1,2,1,1,2,1,1,0,0,0,0,0,0,1,1,3,1,0,0,1,0,0,2,1,1,1,2,0,1,0
533300131,2,533300132,,9,2,7,*,*,*,*,*,*,*,*,*,*,*,*,*,*,*,*,*,*,*,*,*,*,*,*,*,*,*,*,*,*,2,2,*,*,*,*,*,*,*,*,*,*,*,*,*,*,*
533300132,1,,533300131,11,6,5,1,0,1,19,8,11,15,5,10,16,8,8,14,8,6,4,3,1,0,0,0,0,0,0,0,0,0,0,0,0,4,4,1,1,1,1,2,0,0,5,4,1,0,3,0,1,0
533300141,2,533300144,,8,3,5,*,*,*,*,*,*,*,*,*,*,*,*,*,*,*,*,*,*,*,*,*,*,*,*,*,*,*,*,*,*,3,3,*,*,*,*,*,*,*,*,*,*,*,*,*,*,*
533300144,1,,533300141,23,12,11,2,1,1,29,14,15,16,6,10,29,14,15,29,14,15,13,8,5,5,2,3,4,2,2,0,0,0,0,0,0,8,8,1,5,2,2,0,1,0,10,7,3,0,9,0,1,4
533300184,0,,,41,16,25,2,0,2,39,16,23,21,8,13,38,16,22,36,14,22,18,8,10,10,4,6,4,0,4,0,0,0,0,0,0,11,11,0,2,4,3,0,1,1,11,5,6,1,10,0,0,2
533300193,2,533300292,,1,0,1,*,*,*,*,*,*,*,*,*,*,*,*,*,*,*,*,*,*,*,*,*,*,*,*,*,*,*,*,*,*,1,1,*,*,*,*,*,*,*,*,*,*,*,*,*,*,*
533300194,2,533300292,,4,2,2,*,*,*,*,*,*,*,*,*,*,*,*,*,*,*,*,*,*,*,*,*,*,*,*,*,*,*,*,*,*,2,2,*,*,*,*,*,*,*,*,*,*,*,*,*,*,*
533300202,2,533300203,,6,4,2,*,*,*,*,*,*,*,*,*,*,*,*,*,*,*,*,*,*,*,*,*,*,*,*,*,*,*,*,*,*,4,4,*,*,*,*,*,*,*,*,*,*,*,*,*,*,*
533300203,1,,533300202,17,9,8,0,0,0,23,13,10,10,5,5,23,13,10,23,13,10,13,8,5,7,3,4,1,0,1,0,0,0,0,0,0,8,8,4,5,3,0,0,0,0,8,8,0,0,10,0,2,2
533300204,0,,,14,7,7,2,0,2,12,7,5,5,3,2,11,6,5,11,6,5,7,4,3,2,1,1,1,1,0,0,0,0,0,0,0,6,6,2,2,1,0,1,0,0,4,4,0,0,5,0,2,2
533300211,2,533300213,,11,4,7,*,*,*,*,*,*,*,*,*,*,*,*,*,*,*,*,*,*,*,*,*,*,*,*,*,*,*,*,*,*,5,5,*,*,*,*,*,*,*,*,*,*,*,*,*,*,*
533300213,1,,533300211,7,4,3,2,1,1,16,7,9,5,2,3,16,7,9,16,7,9,11,5,6,6,2,4,3,1,2,1,0,1,0,0,0,3,3,2,3,2,1,0,0,0,6,4,2,1,7,0,2,2
533300221,0,,,62,26,36,9,4,5,53,22,31,25,12,13,52,21,31,51,21,30,28,10,18,21,7,14,7,1,6,2,1,1,0,0,0,19,19,4,5,3,3,0,2,2,15,8,7,3,16,0,3,3
533300222,0,,,13,6,7,0,0,0,13,6,7,7,3,4,13,6,7,13,6,7,6,3,3,3,2,1,2,1,1,0,0,0,0,0,0,4,4,1,0,1,1,1,0,0,3,1,2,0,3,0,0,0
533300223,0,,,32,15,17,3,1,2,29,14,15,14,8,6,29,14,15,29,14,15,15,6,9,11,4,7,3,1,2,1,0,1,0,0,0,10,10,2,2,2,2,1,0,1,8,2,6,0,9,0,2,1
533300224,0,,,29,14,15,2,0,2,27,14,13,14,8,6,27,14,13,27,14,13,13,6,7,7,3,4,5,2,3,1,0,1,0,0,0,11,11,3,4,2,1,0,0,1,8,5,3,1,8,0,3,1
533300231,0,,,17,10,7,4,2,2,13,8,5,7,4,3,12,7,5,12,7,5,6,4,2,1,1,0,1,1,0,1,1,0,0,0,0,5,5,2,0,1,0,0,2,0,3,1,2,0,4,0,2,0
533300233,0,,,17,8,9,0,0,0,17,8,9,4,2,2,16,7,9,16,7,9,13,6,7,7,3,4,2,0,2,1,0,1,0,0,0,6,6,0,4,1,0,0,1,0,6,4,2,0,6,0,0,4
533300242,0,,,38,18,20,2,1,1,36,17,19,15,8,7,35,17,18,35,17,18,21,9,12,7,3,4,2,0,2,1,0,1,0,0,0,15,15,2,6,5,1,1,0,0,13,11,2,1,13,0,2,3
533300244,0,,,34,17,17,4,2,2,30,15,15,20,11,9,29,15,14,28,14,14,10,4,6,7,3,4,2,1,1,0,0,0,0,0,0,10,10,2,2,2,1,1,1,1,8,4,4,1,7,0,1,1
533300253,2,533300351,,1,1,0,*,*,*,*,*,*,*,*,*,*,*,*,*,*,*,*,*,*,*,*,*,*,*,*,*,*,*,*,*,*,1,1,*,*,*,*,*,*,*,*,*,*,*,*,*,*,*
533300263,2,533300264,,7,2,5,*,*,*,*,*,*,*,*,*,*,*,*,*,*,*,*,*,*,*,*,*,*,*,*,*,*,*,*,*,*,2,2,*,*,*,*,*,*,*,*,*,*,*,*,*,*,*
533300264,1,,533300263;533300362,5,3,2,0,0,0,14,5,9,8,3,5,13,5,8,12,5,7,6,2,4,2,1,1,1,1,0,0,0,0,0,0,0,2,2,2,1,2,1,0,0,0,4,3,1,0,5,0,2,1
533300291,2,533300292,,6,2,4,*,*,*,*,*,*,*,*,*,*,*,*,*,*,*,*,*,*,*,*,*,*,*,*,*,*,*,*,*,*,3,3,*,*,*,*,*,*,*,*,*,*,*,*,*,*,*
533300292,1,,533300193;533300194;533300291,15,7,8,1,0,1,25,11,14,8,6,2,25,11,14,25,11,14,17,5,12,6,1,5,2,0,2,1,0,1,0,0,0,6,6,3,6,1,2,0,0,0,9,7,2,0,11,0,2,3
533300301,0,,,30,14,16,0,0,0,30,14,16,9,4,5,30,14,16,30,14,16,21,10,11,8,2,6,4,0,4,0,0,0,1,1,0,14,14,6,4,1,2,1,0,0,8,4,4,0,14,0,6,3
533300302,0,,,20,11,9,5,5,0,15,6,9,4,1,3,15,6,9,15,6,9,11,5,6,3,0,3,1,0,1,0,0,0,0,0,0,6,6,1,2,1,0,1,0,1,5,2,3,0,6,0,1,2
533300304,0,,,24,12,12,5,3,2,19,9,10,8,3,5,19,9,10,19,9,10,11,6,5,4,2,2,1,1,0,0,0,0,0,0,0,9,9,2,4,0,1,2,0,0,7,5,2,1,8,0,2,3
533300311,0,,,18,8,10,2,2,0,16,6,10,7,3,4,14,6,8,14,6,8,9,3,6,2,0,2,1,0,1,0,0,0,0,0,0,5,5,1,2,0,0,1,0,1,4,2,2,1,5,0,1,2
533300312,1,,533300313,21,10,11,7,2,5,23,11,12,14,6,8,22,10,12,22,10,12,9,5,4,5,2,3,3,1,2,0,0,0,0,0,0,5,5,0,2,1,0,0,1,2,6,3,3,1,5,0,0,0
533300313,2,533300312,,9,3,6,*,*,*,*,*,*,*,*,*,*,*,*,*,*,*,*,*,*,*,*,*,*,*,*,*,*,*,*,*,*,1,1,*,*,*,*,*,*,*,*,*,*,*,*,*,*,*
533300314,0,,,20,11,9,1,1,0,19,10,9,13,7,6,19,10,9,19,10,9,6,3,3,2,1,1,2,1,1,0,0,0,0,0,0,6,6,0,2,1,2,1,0,0,6,3,3,0,4,0,0,1
533300321,0,,,16,9,7,2,2,0,14,7,7,5,3,2,14,7,7,14,7,7,9,4,5,4,1,3,1,0,1,0,0,0,0,0,0,5,5,1,1,1,1,0,1,0,4,2,2,1,5,0,1,1
533300322,0,,,18,11,7,0,0,0,18,11,7,8,5,3,18,11,7,18,11,7,10,6,4,8,5,3,4,3,1,0,0,0,0,0,0,9,9,3,3,3,0,0,0,0,6,3,3,0,7,0,2,2
533300323,0,,,22,13,9,2,2,0,20,11,9,10,6,4,20,11,9,20,11,9,10,5,5,4,2,2,2,1,1,0,0,0,0,0,0,8,8,2,1,2,3,0,0,0,6,5,1,0,6,0,1,1
533300324,0,,,24,16,8,1,1,0,23,15,8,15,10,5,20,13,7,20,13,7,8,5,3,4,3,1,1,1,0,0,0,0,0,0,0,5,5,0,0,1,2,1,0,1,5,2,3,0,5,0,0,0
533300331,0,,,35,18,17,6,3,3,29,15,14,19,10,9,27,14,13,26,14,12,10,5,5,5,3,2,1,1,0,0,0,0,0,0,0,8,8,0,2,1,2,1,0,2,8,5,3,0,5,0,0,2
533300343,0,,,20,10,10,1,0,1,19,10,9,9,6,3,19,10,9,18,9,9,10,4,6,2,0,2,1,0,1,0,0,0,0,0,0,6,6,1,2,0,0,3,0,0,5,2,3,0,6,0,1,1
533300344,0,,,39,17,22,5,1,4,34,16,18,19,7,12,32,15,17,31,15,16,15,9,6,7,5,2,1,1,0,0,0,0,0,0,0,13,13,2,4,4,1,0,1,1,11,7,4,1,10,0,1,2
533300351,1,,533300253;533300353,31,14,17,4,2,2,36,18,18,18,7,11,36,18,18,36,18,18,18,11,7,6,3,3,3,1,2,0,0,0,0,0,0,12,12,5,3,4,3,1,0,0,11,8,3,1,13,0,4,2
533300352,0,,,22,11,11,1,0,1,21,11,10,7,4,3,21,11,10,20,11,9,14,7,7,5,2,3,1,0,1,0,0,0,0,0,0,9,9,2,4,1,1,1,0,0,7,5,2,1,7,0,1,4
533300353,2,533300351,,8,5,3,*,*,*,*,*,*,*,*,*,*,*,*,*,*,*,*,*,*,*,*,*,*,*,*,*,*,*,*,*,*,3,3,*,*,*,*,*,*,*,*,*,*,*,*,*,*,*
533300354,0,,,22,8,14,1,0,1,21,8,13,8,3,5,21,8,13,21,8,13,13,5,8,5,0,5,5,0,5,0,0,0,0,0,0,10,10,2,5,2,1,0,0,0,8,6,2,0,7,0,1,1
533300362,2,533300264,,2,0,2,*,*,*,*,*,*,*,*,*,*,*,*,*,*,*,*,*,*,*,*,*,*,*,*,*,*,*,*,*,*,2,2,*,*,*,*,*,*,*,*,*,*,*,*,*,*,*
533300383,2,533300482,,6,2,4,*,*,*,*,*,*,*,*,*,*,*,*,*,*,*,*,*,*,*,*,*,*,*,*,*,*,*,*,*,*,1,1,*,*,*,*,*,*,*,*,*,*,*,*,*,*,*
533300384,2,533300482,,6,4,2,*,*,*,*,*,*,*,*,*,*,*,*,*,*,*,*,*,*,*,*,*,*,*,*,*,*,*,*,*,*,2,2,*,*,*,*,*,*,*,*,*,*,*,*,*,*,*
533300393,0,,,10,5,5,0,0,0,10,5,5,2,1,1,10,5,5,10,5,5,8,4,4,6,3,3,3,2,1,0,0,0,0,0,0,6,6,2,4,0,0,0,0,0,4,4,0,0,6,0,2,3
533300401,1,,533300403,15,8,7,5,2,3,21,11,10,9,5,4,21,11,10,21,11,10,12,6,6,9,4,5,4,1,3,1,0,1,0,0,0,4,4,0,1,2,1,0,1,1,6,1,5,0,6,0,0,1
533300403,2,533300401,,11,5,6,*,*,*,*,*,*,*,*,*,*,*,*,*,*,*,*,*,*,*,*,*,*,*,*,*,*,*,*,*,*,2,2,*,*,*,*,*,*,*,*,*,*,*,*,*,*,*
533300412,2,533300421,,4,3,1,*,*,*,*,*,*,*,*,*,*,*,*,*,*,*,*,*,*,*,*,*,*,*,*,*,*,*,*,*,*,2,2,*,*,*,*,*,*,*,*,*,*,*,*,*,*,*
533300414,2,533300421,,4,1,3,*,*,*,*,*,*,*,*,*,*,*,*,*,*,*,*,*,*,*,*,*,*,*,*,*,*,*,*,*,*,1,1,*,*,*,*,*,*,*,*,*,*,*,*,*,*,*
533300421,1,,533300412;533300414;533300422;533300424,30,16,14,4,4,0,48,22,26,25,12,13,45,20,25,44,20,24,23,10,13,11,5,6,3,1,2,0,0,0,0,0,0,9,9,1,5,4,3,1,2,0,15,10,5,1,13,0,1,4
533300422,2,533300421,,2,0,2,*,*,*,*,*,*,*,*,*,*,*,*,*,*,*,*,*,*,*,*,*,*,*,*,*,*,*,*,*,*,1,1,*,*,*,*,*,*,*,*,*,*,*,*,*,*,*
533300423,0,,,13,5,8,0,0,0,13,5,8,3,1,2,13,5,8,13,5,8,10,4,6,4,1,3,2,0,2,0,0,0,0,0,0,7,7,3,3,0,1,0,0,0,4,3,1,0,7,0,3,2
533300424,2,533300421,,12,6,6,*,*,*,*,*,*,*,*,*,*,*,*,*,*,*,*,*,*,*,*,*,*,*,*,*,*,*,*,*,*,3,3,*,*,*,*,*,*,*,*,*,*,*,*,*,*,*
533300431,2,533300432,,10,5,5,*,*,*,*,*,*,*,*,*,*,*,*,*,*,*,*,*,*,*,*,*,*,*,*,*,*,*,*,*,*,2,2,*,*,*,*,*,*,*,*,*,*,*,*,*,*,*
533300432,1,,533300431,10,5,5,4,2,2,16,8,8,9,4,5,16,8,8,16,8,8,7,4,3,4,2,2,1,1,0,0,0,0,0,0,0,3,3,1,0,2,0,0,1,1,4,1,3,1,5,0,1,0
533300433,1,,533300434,8,4,4,0,0,0,17,7,10,6,2,4,17,7,10,17,7,10,11,5,6,8,2,6,3,1,2,0,0,0,0,0,0,6,6,4,3,1,1,0,0,0,5,3,2,0,8,0,3,1
533300434,2,533300433,,9,3,6,*,*,*,*,*,*,*,*,*,*,*,*,*,*,*,*,*,*,*,*,*,*,*,*,*,*,*,*,*,*,3,3,*,*,*,*,*,*,*,*,*,*,*,*,*,*,*
533300441,2,533300443,,5,2,3,*,*,*,*,*,*,*,*,*,*,*,*,*,*,*,*,*,*,*,*,*,*,*,*,*,*,*,*,*,*,1,1,*,*,*,*,*,*,*,*,*,*,*,*,*,*,*
533300443,1,,533300441,18,11,7,2,0,2,21,13,8,13,8,5,21,13,8,21,13,8,8,5,3,7,4,3,1,1,0,0,0,0,0,0,0,6,6,0,3,2,0,1,1,0,7,4,3,0,5,0,0,1
533300451,2,533300453,,5,2,3,*,*,*,*,*,*,*,*,*,*,*,*,*,*,*,*,*,*,*,*,*,*,*,*,*,*,*,*,*,*,3,3,*,*,*,*,*,*,*,*,*,*,*,*,*,*,*
533300452,0,,,55,26,29,9,4,5,46,22,24,18,10,8,46,22,24,46,22,24,28,12,16,9,4,5,3,1,2,0,0,0,0,0,0,19,19,2,8,5,1,1,1,1,17,13,4,2,15,0,2,6
533300453,1,,533300451;533300543,4,2,2,0,0,0,10,4,6,3,1,2,10,4,6,10,4,6,7,3,4,4,2,2,3,1,2,0,0,0,0,0,0,1,1,2,2,0,1,0,0,0,3,2,1,0,5,0,2,2
533300454,0,,,75,31,44,4,2,2,71,29,42,37,15,22,68,28,40,65,26,39,34,14,20,19,6,13,6,0,6,2,0,2,0,0,0,24,24,5,6,5,4,1,1,2,19,9,10,1,21,0,5,3
533300462,2,533300464,,8,5,3,*,*,*,*,*,*,*,*,*,*,*,*,*,*,*,*,*,*,*,*,*,*,*,*,*,*,*,*,*,*,2,2,*,*,*,*,*,*,*,*,*,*,*,*,*,*,*
533300464,1,,533300462;533300471,10,6,4,8,7,1,21,10,11,15,7,8,21,10,11,21,10,11,6,3,3,3,1,2,1,0,1,0,0,0,0,0,0,3,3,1,0,2,2,0,1,1,6,3,3,4,4,0,1,0
533300471,2,533300464,,11,6,5,*,*,*,*,*,*,*,*,*,*,*,*,*,*,*,*,*,*,*,*,*,*,*,*,*,*,*,*,*,*,2,2,*,*,*,*,*,*,*,*,*,*,*,*,*,*,*
533300482,1,,533300383;533300384,35,15,20,5,1,4,42,20,22,23,13,10,41,19,22,40,18,22,19,7,12,12,4,8,4,1,3,0,0,0,0,0,0,10,10,2,4,0,4,0,1,2,11,4,7,2,13,0,2,1
533300484,0,,,16,6,10,0,0,0,16,6,10,8,3,5,15,6,9,14,5,9,8,3,5,3,1,2,2,1,1,0,0,0,0,0,0,5,5,0,2,1,1,1,0,0,5,3,2,0,5,0,0,1
533300491,2,533300493,,13,3,10,*,*,*,*,*,*,*,*,*,*,*,*,*,*,*,*,*,*,*,*,*,*,*,*,*,*,*,*,*,*,5,5,*,*,*,*,*,*,*,*,*,*,*,*,*,*,*
533300493,1,,533300491;533300494;533300592,4,3,1,0,0,0,28,10,18,17,8,9,27,9,18,25,8,17,11,2,9,8,0,8,5,0,5,0,0,0,0,0,0,1,1,2,3,1,3,1,0,0,8,3,5,0,8,0,2,0
533300494,2,533300493,,7,4,3,*,*,*,*,*,*,*,*,*,*,*,*,*,*,*,*,*,*,*,*,*,*,*,*,*,*,*,*,*,*,3,3,*,*,*,*,*,*,*,*,*,*,*,*,*,*,*
533300502,2,533300513,,9,3,6,*,*,*,*,*,*,*,*,*,*,*,*,*,*,*,*,*,*,*,*,*,*,*,*,*,*,*,*,*,*,2,2,*,*,*,*,*,*,*,*,*,*,*,*,*,*,*
533300511,2,533300513,,4,1,3,*,*,*,*,*,*,*,*,*,*,*,*,*,*,*,*,*,*,*,*,*,*,*,*,*,*,*,*,*,*,3,3,*,*,*,*,*,*,*,*,*,*,*,*,*,*,*
533300512,2,533300513,,3,1,2,*,*,*,*,*,*,*,*,*,*,*,*,*,*,*,*,*,*,*,*,*,*,*,*,*,*,*,*,*,*,3,3,*,*,*,*,*,*,*,*,*,*,*,*,*,*,*
533300513,1,,533300502;533300511;533300512,10,5,5,2,0,2,24,10,14,11,4,7,24,10,14,24,10,14,13,6,7,5,0,5,4,0,4,2,0,2,0,0,0,7,7,9,4,0,1,1,0,0,6,5,1,0,11,0,7,2
533300521,0,,,11,6,5,3,2,1,8,4,4,5,3,2,8,4,4,8,4,4,3,1,2,2,0,2,1,0,1,0,0,0,0,0,0,4,4,2,0,1,0,0,1,0,2,0,2,0,3,0,1,0
533300523,2,533300524,,8,4,4,*,*,*,*,*,*,*,*,*,*,*,*,*,*,*,*,*,*,*,*,*,*,*,*,*,*,*,*,*,*,3,3,*,*,*,*,*,*,*,*,*,*,*,*,*,*,*
533300524,1,,533300523,65,32,33,10,6,4,63,30,33,30,17,13,61,30,31,61,30,31,33,13,20,21,8,13,7,1,6,1,0,1,0,0,0,23,23,3,11,6,4,0,1,1,23,16,7,1,19,0,2,6
533300531,0,,,16,10,6,3,2,1,13,8,5,5,3,2,13,8,5,13,8,5,8,5,3,5,3,2,5,3,2,0,0,0,0,0,0,5,5,0,3,1,0,0,0,1,5,4,1,1,4,0,0,1
533300533,0,,,21,11,10,1,0,1,20,11,9,4,2,2,20,11,9,20,11,9,16,9,7,9,5,4,4,2,2,1,1,0,0,0,0,7,7,1,2,1,2,1,0,0,6,3,3,1,7,0,1,2
533300543,2,533300453,,1,0,1,*,*,*,*,*,*,*,*,*,*,*,*,*,*,*,*,*,*,*,*,*,*,*,*,*,*,*,*,*,*,1,1,*,*,*,*,*,*,*,*,*,*,*,*,*,*,*
533300552,0,,,68,32,36,15,7,8,53,25,28,29,14,15,53,25,28,53,25,28,24,11,13,9,3,6,4,1,3,1,0,1,0,0,0,18,18,0,4,8,2,0,2,2,18,10,8,4,12,0,0,4
533300561,0,,,45,25,20,7,2,5,38,23,15,20,14,6,36,21,15,35,20,15,18,9,9,6,3,3,1,1,0,0,0,0,0,0,0,14,14,0,7,2,3,1,0,1,14,13,1,1,11,0,0,5
533300563,2,533300564,,8,3,5,*,*,*,*,*,*,*,*,*,*,*,*,*,*,*,*,*,*,*,*,*,*,*,*,*,*,*,*,*,*,3,3,*,*,*,*,*,*,*,*,*,*,*,*,*,*,*
533300564,1,,533300563,51,26,25,12,8,4,47,21,26,23,12,11,47,21,26,46,20,26,24,9,15,9,2,7,3,1,2,0,0,0,0,0,0,12,12,1,2,5,1,2,3,1,14,6,8,2,13,0,1,2
533300583,0,,,26,12,14,1,0,1,25,12,13,12,6,6,25,12,13,25,12,13,13,6,7,10,4,6,6,2,4,0,0,0,0,0,0,12,12,4,5,1,1,1,0,0,8,6,2,0,8,0,2,3
533300592,2,533300493,,4,0,4,*,*,*,*,*,*,*,*,*,*,*,*,*,*,*,*,*,*,*,*,*,*,*,*,*,*,*,*,*,*,1,1,*,*,*,*,*,*,*,*,*,*,*,*,*,*,*
533300602,2,533300604,,4,3,1,*,*,*,*,*,*,*,*,*,*,*,*,*,*,*,*,*,*,*,*,*,*,*,*,*,*,*,*,*,*,2,2,*,*,*,*,*,*,*,*,*,*,*,*,*,*,*
533300604,1,,533300602,7,3,4,0,0,0,11,6,5,4,3,1,11,6,5,11,6,5,7,3,4,6,2,4,4,2,2,0,0,0,0,0,0,3,3,1,2,2,0,0,0,0,4,3,1,0,5,0,1,2
533300611,2,533300614,,2,1,1,*,*,*,*,*,*,*,*,*,*,*,*,*,*,*,*,*,*,*,*,*,*,*,*,*,*,*,*,*,*,1,1,*,*,*,*,*,*,*,*,*,*,*,*,*,*,*
533300612,2,533300614,,7,5,2,*,*,*,*,*,*,*,*,*,*,*,*,*,*,*,*,*,*,*,*,*,*,*,*,*,*,*,*,*,*,3,3,*,*,*,*,*,*,*,*,*,*,*,*,*,*,*
533300614,1,,533300611;533300612,59,31,28,12,8,4,56,29,27,27,15,12,55,28,27,55,28,27,29,14,15,11,5,6,7,3,4,0,0,0,0,0,0,19,19,7,6,3,3,1,0,3,16,8,8,3,20,0,7,3
533300621,2,533300622,,3,2,1,*,*,*,*,*,*,*,*,*,*,*,*,*,*,*,*,*,*,*,*,*,*,*,*,*,*,*,*,*,*,3,3,*,*,*,*,*,*,*,*,*,*,*,*,*,*,*
533300622,1,,533300621;533300623,26,10,16,1,0,1,29,12,17,14,6,8,28,12,16,27,11,16,15,6,9,10,3,7,4,1,3,0,0,0,0,0,0,8,8,5,2,2,1,1,1,0,7,3,4,0,11,0,5,1
533300623,2,533300622,,1,0,1,*,*,*,*,*,*,*,*,*,*,*,*,*,*,*,*,*,*,*,*,*,*,*,*,*,*,*,*,*,*,1,1,*,*,*,*,*,*,*,*,*,*,*,*,*,*,*
533300624,1,,533300731,46,26,20,4,3,1,45,25,20,23,12,11,45,25,20,44,24,20,22,13,9,8,4,4,7,3,4,1,0,1,0,0,0,16,16,4,4,5,1,0,2,1,12,6,6,2,14,0,3,1
533300633,1,,533300634,38,20,18,4,2,2,39,22,17,23,14,9,36,19,17,35,18,17,16,8,8,8,4,4,5,3,2,0,0,0,0,0,0,10,10,0,4,4,1,1,0,2,12,7,5,1,9,0,0,2
533300634,2,533300633,,5,4,1,*,*,*,*,*,*,*,*,*,*,*,*,*,*,*,*,*,*,*,*,*,*,*,*,*,*,*,*,*,*,2,2,*,*,*,*,*,*,*,*,*,*,*,*,*,*,*
533300652,2,533300663,,3,1,2,*,*,*,*,*,*,*,*,*,*,*,*,*,*,*,*,*,*,*,*,*,*,*,*,*,*,*,*,*,*,1,1,*,*,*,*,*,*,*,*,*,*,*,*,*,*,*
533300661,0,,,13,7,6,0,0,0,13,7,6,11,5,6,13,7,6,13,7,6,2,2,0,1,1,0,0,0,0,0,0,0,0,0,0,4,4,0,0,3,1,0,0,0,4,3,1,0,2,0,0,0
533300662,0,,,45,18,27,6,1,5,39,17,22,24,11,13,39,17,22,38,16,22,15,6,9,4,0,4,3,0,3,0,0,0,0,0,0,16,16,1,7,4,2,2,0,0,15,11,4,1,10,0,0,2
533300663,1,,533300652,52,26,26,5,2,3,50,25,25,27,16,11,48,23,25,48,23,25,23,9,14,12,6,6,6,3,3,0,0,0,1,1,0,15,15,2,2,6,0,5,1,0,14,8,6,1,13,0,1,1
533300664,0,,,66,35,31,8,4,4,57,30,27,39,21,18,56,29,27,56,29,27,18,9,9,10,4,6,4,2,2,1,0,1,7,7,0,23,23,8,2,5,3,3,2,0,15,6,9,2,11,1,0,1
533300672,2,533300673,,3,2,1,*,*,*,*,*,*,*,*,*,*,*,*,*,*,*,*,*,*,*,*,*,*,*,*,*,*,*,*,*,*,1,1,*,*,*,*,*,*,*,*,*,*,*,*,*,*,*
533300673,1,,533300672;533300674,19,10,9,2,2,0,23,12,11,11,6,5,22,11,11,21,10,11,12,6,6,4,1,3,2,0,2,1,0,1,0,0,0,8,8,4,3,2,1,1,0,0,7,6,1,1,8,0,3,2
533300674,2,533300673,,3,2,1,*,*,*,*,*,*,*,*,*,*,*,*,*,*,*,*,*,*,*,*,*,*,*,*,*,*,*,*,*,*,2,2,*,*,*,*,*,*,*,*,*,*,*,*,*,*,*
533300681,0,,,65,35,30,10,5,5,55,30,25,31,18,13,53,29,24,52,28,24,24,12,12,14,8,6,5,5,0,1,1,0,0,0,0,15,15,0,3,2,4,3,1,2,15,8,7,2,12,0,0,3
533300683,0,,,31,16,15,1,0,1,30,16,14,14,9,5,29,15,14,29,15,14,16,7,9,8,3,5,3,0,3,1,0,1,0,0,0,11,11,0,6,3,1,0,1,0,11,7,4,1,10,0,0,4
533300692,2,533300694,,3,2,1,*,*,*,*,*,*,*,*,*,*,*,*,*,*,*,*,*,*,*,*,*,*,*,*,*,*,*,*,*,*,2,2,*,*,*,*,*,*,*,*,*,*,*,*,*,*,*
533300693,0,,,61,32,29,6,2,4,55,30,25,28,17,11,50,27,23,49,26,23,27,13,14,8,4,4,3,1,2,0,0,0,0,0,0,20,20,5,6,3,0,3,1,2,15,9,6,2,16,0,3,4
533300694,1,,533300692,22,8,14,0,0,0,25,10,15,13,4,9,25,10,15,24,10,14,12,6,6,7,3,4,0,0,0,0,0,0,1,0,1,7,7,1,2,4,2,0,0,0,7,4,3,0,8,0,1,1
533300711,0,,,15,7,8,0,0,0,15,7,8,10,4,6,15,7,8,15,7,8,5,3,2,0,0,0,0,0,0,0,0,0,0,0,0,7,7,1,5,0,1,0,0,0,6,6,0,0,3,0,0,2
533300712,0,,,49,23,26,4,2,2,45,21,24,29,13,16,41,20,21,40,19,21,16,8,8,7,3,4,5,2,3,0,0,0,0,0,0,19,19,6,5,3,2,2,1,0,13,9,4,0,12,0,3,3
533300713,0,,,100,60,40,0,0,0,100,60,40,58,38,20,99,60,39,97,58,39,42,22,20,17,8,9,6,2,4,1,0,1,0,0,0,16,8,3,3,0,2,0,0,0,5,4,1,0,6,0,2,1
533300714,0,,,56,23,33,0,0,0,56,23,33,33,14,19,55,22,33,54,21,33,23,9,14,15,4,11,11,3,8,1,0,1,0,0,0,17,16,3,2,3,5,3,0,0,13,4,9,0,14,1,2,2
533300721,0,,,24,11,13,2,1,1,22,10,12,15,8,7,19,10,9,18,9,9,7,2,5,3,0,3,2,0,2,0,0,0,0,0,0,6,6,1,1,0,2,1,0,1,5,2,3,0,3,0,0,1
533300722,0,,,29,15,14,4,3,1,25,12,13,10,4,6,25,12,13,25,12,13,15,8,7,6,5,1,2,1,1,0,0,0,1,0,1,11,11,1,7,1,0,1,1,0,10,8,2,3,8,0,0,5
533300723,0,,,116,57,59,15,11,4,101,46,55,50,26,24,101,46,55,100,45,55,51,20,31,29,7,22,21,4,17,5,1,4,0,0,0,37,36,7,13,8,3,2,2,1,29,22,7,5,21,0,3,8
533300724,0,,,60,30,30,17,6,11,42,23,19,27,14,13,40,22,18,40,22,18,15,9,6,6,3,3,2,1,1,0,0,0,0,0,0,19,19,5,4,1,4,3,1,1,13,11,2,3,10,0,4,2
533300731,2,533300624,,4,3,1,*,*,*,*,*,*,*,*,*,*,*,*,*,*,*,*,*,*,*,*,*,*,*,*,*,*,*,*,*,*,1,1,*,*,*,*,*,*,*,*,*,*,*,*,*,*,*
533300741,0,,,32,16,16,1,0,1,31,16,15,17,8,9,30,16,14,30,16,14,14,8,6,7,4,3,2,1,1,0,0,0,1,0,1,11,11,2,4,1,1,3,0,0,9,5,4,0,10,0,1,2
533300742,0,,,32,16,16,0,0,0,32,16,16,19,9,10,30,15,15,30,15,15,13,7,6,8,3,5,3,2,1,1,1,0,0,0,0,14,14,5,5,1,2,0,1,0,9,8,1,0,10,0,2,2
533300743,0,,,13,5,8,0,0,0,13,5,8,7,3,4,10,4,6,10,4,6,6,2,4,3,1,2,0,0,0,0,0,0,0,0,0,4,4,1,1,1,0,0,0,1,3,1,2,0,4,0,1,1
533300744,0,,,44,20,24,1,0,1,43,20,23,25,13,12,41,19,22,40,18,22,18,7,11,11,4,7,4,1,3,1,0,1,0,0,0,16,16,1,10,1,1,2,1,0,15,11,4,0,11,0,1,2
533300753,1,,533300754,33,13,20,1,0,1,34,14,20,19,8,11,32,13,19,32,13,19,15,6,9,8,3,5,2,0,2,0,0,0,1,1,0,10,10,1,4,3,0,1,2,0,10,5,5,1,9,0,1,3
533300754,2,533300753,,2,1,1,*,*,*,*,*,*,*,*,*,*,*,*,*,*,*,*,*,*,*,*,*,*,*,*,*,*,*,*,*,*,1,1,*,*,*,*,*,*,*,*,*,*,*,*,*,*,*
533300761,0,,,49,25,24,11,7,4,38,18,20,26,13,13,37,17,20,37,17,20,12,5,7,4,1,3,0,0,0,0,0,0,0,0,0,16,16,3,7,0,2,2,0,2,13,9,4,3,8,0,2,4
533300762,0,,,64,31,33,10,6,4,54,25,29,36,15,21,53,25,28,52,24,28,18,10,8,4,2,2,2,0,2,0,0,0,0,0,0,23,23,4,8,4,4,2,1,0,19,17,2,2,11,0,2,3
533300763,2,533300764,,12,8,4,*,*,*,*,*,*,*,*,*,*,*,*,*,*,*,*,*,*,*,*,*,*,*,*,*,*,*,*,*,*,6,6,*,*,*,*,*,*,*,*,*,*,*,*,*,*,*
533300764,1,,533300763,143,72,71,23,13,10,132,67,65,86,44,42,130,66,64,130,66,64,46,23,23,20,7,13,13,5,8,0,0,0,0,0,0,50,50,13,20,6,8,6,1,2,42,32,10,7,30,0,7,7
533300772,0,,,37,17,20,6,3,3,31,14,17,19,9,10,30,13,17,30,13,17,12,5,7,4,2,2,1,0,1,0,0,0,0,0,0,9,9,0,3,2,0,2,0,2,9,4,5,2,7,0,0,2
533300773,0,,,16,10,6,3,3,0,13,7,6,5,3,2,13,7,6,13,7,6,8,4,4,2,1,1,1,1,0,0,0,0,0,0,0,5,5,0,3,1,0,0,0,1,5,3,2,1,4,0,0,1
533300774,0,,,14,7,7,0,0,0,14,7,7,8,4,4,14,7,7,13,6,7,6,3,3,3,2,1,0,0,0,0,0,0,0,0,0,5,5,0,2,2,1,0,0,0,5,5,0,0,3,0,0,2
533300781,0,,,121,64,57,19,13,6,102,51,51,55,32,23,99,48,51,97,48,49,47,19,28,11,4,7,2,0,2,0,0,0,0,0,0,44,44,10,19,3,2,6,2,2,34,26,8,3,33,0,8,8
533300782,0,,,81,37,44,13,7,6,68,30,38,41,17,24,64,27,37,63,27,36,27,13,14,11,6,5,0,0,0,0,0,0,0,0,0,23,23,3,6,5,1,4,1,3,20,12,8,3,16,0,1,6
533300783,0,,,204,93,111,18,8,10,186,85,101,103,49,54,177,82,95,176,82,94,83,36,47,36,16,20,6,1,5,0,0,0,0,0,0,79,79,20,26,16,8,3,5,1,58,44,14,3,55,0,14,13
533300784,0,,,331,158,173,106,48,58,225,110,115,206,103,103,195,95,100,188,91,97,19,7,12,6,2,4,0,0,0,0,0,0,0,0,0,82,82,2,8,15,31,18,4,4,80,70,10,18,14,0,1,3
533300791,0,,,81,42,39,10,6,4,71,36,35,42,24,18,69,35,34,69,35,34,29,12,17,17,6,11,7,2,5,0,0,0,0,0,0,24,24,4,3,6,4,5,2,0,20,8,12,2,19,0,3,2
533300801,0,,,85,42,43,12,4,8,73,38,35,45,24,21,70,35,35,68,35,33,28,14,14,12,4,8,1,0,1,0,0,0,0,0,0,25,25,3,6,7,4,0,3,2,22,12,10,3,19,0,2,3
533300803,0,,,34,15,19,3,0,3,31,15,16,10,7,3,30,14,16,30,14,16,21,8,13,5,1,4,2,0,2,0,0,0,0,0,0,12,12,1,7,1,1,0,2,0,11,5,6,1,11,0,1,4
533300804,0,,,22,9,13,7,3,4,15,6,9,9,4,5,15,6,9,15,6,9,6,2,4,2,0,2,1,0,1,0,0,0,1,0,1,6,6,2,1,0,0,1,1,1,4,2,2,1,4,0,2,0
533300821,0,,,41,20,21,11,5,6,30,15,15,20,11,9,28,13,15,26,12,14,10,4,6,4,2,2,4,2,2,1,0,1,0,0,0,8,8,0,1,1,1,2,0,3,8,4,4,1,5,0,0,0
533300822,0,,,69,34,35,14,7,7,55,27,28,37,18,19,51,25,26,51,25,26,18,9,9,6,3,3,2,1,1,0,0,0,0,0,0,26,26,5,7,8,4,2,0,0,21,21,0,3,10,1,2,3
533300823,0,,,77,39,38,11,5,6,66,34,32,43,23,20,64,33,31,64,33,31,23,11,12,3,1,2,1,0,1,0,0,0,0,0,0,27,27,3,10,6,5,2,1,0,24,22,2,4,14,0,3,6
533300824,0,,,332,160,172,56,28,28,276,132,144,179,87,92,266,129,137,261,126,135,97,45,52,30,11,19,13,4,9,2,0,2,0,0,0,111,111,14,37,28,14,10,5,3,97,73,24,12,65,0,9,16
533300833,0,,,27,15,12,0,0,0,27,15,12,14,10,4,27,15,12,26,14,12,13,5,8,5,3,2,2,1,1,0,0,0,0,0,0,10,10,1,5,2,0,2,0,0,9,7,2,0,7,0,1,1
533300834,0,,,19,8,11,1,1,0,18,7,11,11,5,6,18,7,11,18,7,11,7,2,5,5,1,4,0,0,0,0,0,0,0,0,0,7,7,1,2,2,2,0,0,0,6,3,3,0,6,0,1,0
533300841,2,533300843,,10,3,7,*,*,*,*,*,*,*,*,*,*,*,*,*,*,*,*,*,*,*,*,*,*,*,*,*,*,*,*,*,*,4,4,*,*,*,*,*,*,*,*,*,*,*,*,*,*,*
533300843,1,,533300841;533300844,21,12,9,7,4,3,26,12,14,20,10,10,24,12,12,24,12,12,6,2,4,1,0,1,0,0,0,0,0,0,0,0,0,6,6,2,2,2,4,1,0,0,9,8,1,3,4,0,2,0
533300844,2,533300843,,2,1,1,*,*,*,*,*,*,*,*,*,*,*,*,*,*,*,*,*,*,*,*,*,*,*,*,*,*,*,*,*,*,1,1,*,*,*,*,*,*,*,*,*,*,*,*,*,*,*
533300851,0,,,25,12,13,4,3,1,21,9,12,16,7,9,20,9,11,20,9,11,5,2,3,0,0,0,0,0,0,0,0,0,0,0,0,10,10,2,4,2,1,1,0,0,8,8,0,1,3,0,1,1
533300852,0,,,15,6,9,1,1,0,14,5,9,7,3,4,14,5,9,14,5,9,7,2,5,7,2,5,1,0,1,1,0,1,0,0,0,7,7,2,2,3,0,0,0,0,5,4,1,0,4,0,0,1
533300853,0,,,30,16,14,11,5,6,19,11,8,17,10,7,17,9,8,17,9,8,2,1,1,0,0,0,0,0,0,0,0,0,0,0,0,7,7,0,0,1,4,1,1,0,7,5,2,3,1,0,0,0
533300861,2,533300862,,6,4,2,*,*,*,*,*,*,*,*,*,*,*,*,*,*,*,*,*,*,*,*,*,*,*,*,*,*,*,*,*,*,3,3,*,*,*,*,*,*,*,*,*,*,*,*,*,*,*
533300862,1,,533300861,174,88,86,32,17,15,147,74,73,111,55,56,142,72,70,140,70,70,36,19,17,15,6,9,7,3,4,1,1,0,0,0,0,54,54,8,13,13,12,8,2,1,48,36,12,12,22,0,3,6
533300864,0,,,16,8,8,3,2,1,13,6,7,13,6,7,12,5,7,11,4,7,0,0,0,0,0,0,0,0,0,0,0,0,0,0,0,8,8,4,1,2,1,0,0,0,4,3,1,1,0,2,0,0
533300871,0,,,40,18,22,5,3,2,35,15,20,22,10,12,34,14,20,34,14,20,13,5,8,6,1,5,3,0,3,0,0,0,0,0,0,15,15,4,2,4,5,0,0,0,11,6,5,2,8,0,2,1
533300873,0,,,187,72,115,36,16,20,151,56,95,87,39,48,146,52,94,143,50,93,64,17,47,45,8,37,28,4,24,3,0,3,5,0,5,48,47,11,8,12,7,4,2,3,35,26,9,13,17,0,4,3
533300874,0,,,127,66,61,25,14,11,102,52,50,69,38,31,98,48,50,96,48,48,33,14,19,17,5,12,8,2,6,2,0,2,0,0,0,40,40,5,11,6,11,5,1,1,35,24,11,10,23,0,4,5
533300881,1,,533300882,107,53,54,18,7,11,95,49,46,67,36,31,91,48,43,88,46,42,28,13,15,18,8,10,8,3,5,2,1,1,0,0,0,32,32,2,11,6,8,5,0,2,32,23,9,5,15,0,1,5
533300882,2,533300881,,6,3,3,*,*,*,*,*,*,*,*,*,*,*,*,*,*,*,*,*,*,*,*,*,*,*,*,*,*,*,*,*,*,2,2,*,*,*,*,*,*,*,*,*,*,*,*,*,*,*
533300883,0,,,141,62,79,20,10,10,120,52,68,71,29,42,117,51,66,117,51,66,49,23,26,27,14,13,4,2,2,1,0,1,0,0,0,51,51,7,17,15,6,5,1,0,44,35,9,6,33,0,6,10
533300884,0,,,39,18,21,3,2,1,36,16,20,23,10,13,35,16,19,34,15,19,13,6,7,2,0,2,0,0,0,0,0,0,0,0,0,15,15,3,5,5,1,0,0,1,12,10,2,1,9,0,1,2
533300893,0,,,14,6,8,1,0,1,13,6,7,8,3,5,13,6,7,12,6,6,5,3,2,1,1,0,1,1,0,0,0,0,0,0,0,4,4,0,1,1,1,1,0,0,4,2,2,0,3,0,0,0
533300901,0,,,53,25,28,8,4,4,45,21,24,30,16,14,44,20,24,43,20,23,15,5,10,8,2,6,3,1,2,1,0,1,0,0,0,16,16,3,4,3,1,2,2,1,13,8,5,3,10,0,1,1
533300902,0,,,281,150,131,46,29,17,235,121,114,145,80,65,231,118,113,228,115,113,90,41,49,39,15,24,18,7,11,3,2,1,0,0,0,84,82,12,15,21,13,14,5,2,67,40,27,12,55,1,8,9
533300903,0,,,98,44,54,14,6,8,82,37,45,49,23,26,79,34,45,78,33,45,33,14,19,13,4,9,4,0,4,0,0,0,0,0,0,41,41,11,12,11,5,2,0,0,30,23,7,4,23,0,5,9
533300904,0,,,309,144,165,33,15,18,271,126,145,159,81,78,264,122,142,259,121,138,112,45,67,61,25,36,19,7,12,2,1,1,1,1,0,141,141,59,34,25,14,5,3,1,81,63,18,13,75,14,21,17
533300913,0,,,244,115,129,37,16,21,201,94,107,129,64,65,197,93,104,194,92,102,72,30,42,36,14,22,11,4,7,0,0,0,1,1,0,96,96,32,24,12,17,7,3,1,60,46,14,13,47,5,13,9
533300922,0,,,42,19,23,15,7,8,27,12,15,23,11,12,26,11,15,26,11,15,4,1,3,2,0,2,1,0,1,0,0,0,0,0,0,11,11,1,1,2,3,3,1,0,9,7,2,2,3,0,0,1
533300923,0,,,16,8,8,0,0,0,16,8,8,5,4,1,16,8,8,16,8,8,11,4,7,4,2,2,1,0,1,1,0,1,0,0,0,6,6,0,2,4,0,0,0,0,6,3,3,0,6,0,0,1
533300924,0,,,77,40,37,8,3,5,69,37,32,38,21,17,67,37,30,67,37,30,31,16,15,13,7,6,4,2,2,0,0,0,0,0,0,25,25,5,7,4,4,2,1,2,20,13,7,1,18,0,3,6
533300931,0,,,82,46,36,14,10,4,68,36,32,40,22,18,66,35,31,65,34,31,28,14,14,12,5,7,7,3,4,0,0,0,0,0,0,25,25,2,5,8,8,1,0,1,23,16,7,3,16,0,1,3
533300932,0,,,46,13,33,3,0,3,41,12,29,15,5,10,40,12,28,40,12,28,26,7,19,19,3,16,11,1,10,2,0,2,0,0,0,15,14,8,2,1,0,2,1,0,6,3,3,0,9,0,5,1
533300933,0,,,287,146,141,41,22,19,243,122,121,152,81,71,242,121,121,237,118,119,91,41,50,35,13,22,15,3,12,1,0,1,0,0,0,103,103,13,41,20,16,10,3,0,90,73,17,8,57,0,7,20
533300934,0,,,96,51,45,13,8,5,82,43,39,60,32,28,81,42,39,80,42,38,22,11,11,8,3,5,3,1,2,0,0,0,0,0,0,32,32,4,7,10,8,2,1,0,28,24,4,5,15,0,2,2
533300942,2,533300944,,11,3,8,*,*,*,*,*,*,*,*,*,*,*,*,*,*,*,*,*,*,*,*,*,*,*,*,*,*,*,*,*,*,4,4,*,*,*,*,*,*,*,*,*,*,*,*,*,*,*
533300944,1,,533300942,101,59,42,13,10,3,99,52,47,60,33,27,95,50,45,90,47,43,39,19,20,21,9,12,8,4,4,0,0,0,0,0,0,39,39,11,16,5,5,4,1,1,31,25,6,2,28,1,8,2
533300951,1,,533300953,2,1,1,0,0,0,18,9,9,11,6,5,18,9,9,18,9,9,7,3,4,2,0,2,1,0,1,0,0,0,0,0,0,1,1,0,1,1,2,1,0,0,5,3,2,0,3,0,0,0
533300953,2,533300951,,16,8,8,*,*,*,*,*,*,*,*,*,*,*,*,*,*,*,*,*,*,*,*,*,*,*,*,*,*,*,*,*,*,4,4,*,*,*,*,*,*,*,*,*,*,*,*,*,*,*
533300961,2,533300962,,8,5,3,*,*,*,*,*,*,*,*,*,*,*,*,*,*,*,*,*,*,*,*,*,*,*,*,*,*,*,*,*,*,2,2,*,*,*,*,*,*,*,*,*,*,*,*,*,*,*
533300962,1,,533300961;533300963,144,70,74,22,14,8,136,64,72,97,46,51,128,58,70,123,58,65,39,18,21,21,8,13,6,3,3,0,0,0,0,0,0,44,44,4,18,7,8,7,1,3,44,33,11,3,24,1,1,7
533300963,2,533300962,,6,3,3,*,*,*,*,*,*,*,*,*,*,*,*,*,*,*,*,*,*,*,*,*,*,*,*,*,*,*,*,*,*,2,2,*,*,*,*,*,*,*,*,*,*,*,*,*,*,*
533300971,0,,,142,74,68,18,13,5,123,60,63,81,42,39,119,58,61,117,57,60,42,18,24,17,8,9,3,1,2,0,0,0,0,0,0,50,50,10,14,8,12,4,2,0,40,28,12,7,29,0,5,6
533300972,0,,,253,129,124,84,43,41,167,84,83,138,71,67,160,80,80,159,79,80,29,13,16,10,3,7,2,1,1,0,0,0,0,0,0,81,81,18,16,7,24,11,4,1,63,55,8,30,18,4,1,7
533300973,0,,,17,8,9,3,2,1,14,6,8,6,4,2,14,6,8,13,5,8,8,2,6,4,1,3,1,0,1,1,0,1,0,0,0,7,7,3,1,1,1,1,0,0,4,3,1,2,5,0,3,1
533300974,0,,,829,391,438,66,43,23,763,348,415,441,220,221,738,332,406,726,326,400,322,128,194,159,50,109,66,14,52,15,1,14,1,1,0,304,303,62,123,51,35,20,8,4,238,193,45,11,181,2,39,60
533300981,0,,,180,83,97,30,15,15,148,67,81,98,47,51,144,63,81,142,63,79,50,20,30,33,12,21,16,4,12,1,0,1,0,0,0,68,67,16,22,16,6,4,2,1,51,42,9,11,25,2,4,8
533300982,0,,,37,19,18,2,1,1,35,18,17,24,13,11,35,18,17,34,17,17,11,5,6,6,2,4,2,1,1,0,0,0,0,0,0,13,13,0,7,3,1,2,0,0,13,11,2,1,8,0,0,2
533300983,0,,,94,51,43,6,4,2,85,45,40,40,23,17,83,44,39,81,42,39,45,22,23,16,7,9,0,0,0,0,0,0,0,0,0,43,43,13,16,9,3,2,0,0,30,25,5,1,30,0,8,13
533300984,0,,,16,9,7,2,2,0,14,7,7,9,5,4,13,7,6,13,7,6,5,2,3,0,0,0,0,0,0,0,0,0,0,0,0,4,4,0,1,0,2,0,1,0,4,2,2,0,3,0,0,0
533300991,0,,,15,8,7,3,3,0,12,5,7,7,4,3,12,5,7,12,5,7,5,1,4,4,1,3,2,1,1,0,0,0,0,0,0,5,5,1,2,0,1,0,1,0,4,2,2,0,4,0,1,1
533300992,0,,,32,13,19,2,0,2,28,12,16,10,4,6,28,12,16,28,12,16,18,8,10,3,1,2,1,1,0,0,0,0,0,0,0,16,16,6,6,2,2,0,0,0,10,9,1,0,12,0,4,6
533300994,0,,,64,34,30,3,1,2,61,33,28,29,15,14,59,32,27,59,32,27,32,18,14,20,11,9,2,2,0,0,0,0,0,0,0,24,24,7,8,4,2,0,1,2,17,13,4,0,23,0,7,6
533301001,0,,,23,13,10,3,2,1,20,11,9,12,8,4,19,10,9,19,10,9,8,3,5,5,2,3,1,0,1,0,0,0,0,0,0,7,7,0,4,0,2,0,0,1,7,4,3,1,6,0,0,2
533301004,0,,,39,20,19,4,2,2,35,18,17,19,10,9,35,18,17,35,18,17,16,8,8,7,2,5,3,1,2,0,0,0,0,0,0,12,12,2,3,2,2,1,2,0,10,4,6,0,10,0,1,2
533301032,1,,533301041,24,13,11,2,1,1,29,17,12,17,12,5,28,16,12,28,16,12,12,5,7,4,1,3,2,1,1,0,0,0,0,0,0,12,12,6,3,2,2,1,0,0,8,5,3,1,9,0,4,0
533301033,0,,,18,10,8,0,0,0,18,10,8,11,6,5,18,10,8,18,10,8,7,4,3,5,2,3,5,2,3,2,1,1,0,0,0,5,5,0,0,2,3,0,0,0,5,0,5,0,5,0,0,0
533301034,0,,,26,11,15,2,1,1,24,10,14,16,8,8,24,10,14,23,10,13,8,2,6,7,2,5,3,1,2,1,0,1,0,0,0,6,6,0,1,2,1,0,0,2,6,2,4,0,6,0,0,0
533301041,2,533301032,,7,5,2,*,*,*,*,*,*,*,*,*,*,*,*,*,*,*,*,*,*,*,*,*,*,*,*,*,*,*,*,*,*,2,2,*,*,*,*,*,*,*,*,*,*,*,*,*,*,*
533301051,2,533301054,,6,3,3,*,*,*,*,*,*,*,*,*,*,*,*,*,*,*,*,*,*,*,*,*,*,*,*,*,*,*,*,*,*,2,2,*,*,*,*,*,*,*,*,*,*,*,*,*,*,*
533301054,1,,533301051,7,4,3,0,0,0,13,7,6,4,3,1,13,7,6,13,7,6,9,4,5,3,1,2,1,0,1,0,0,0,0,0,0,3,3,0,3,1,1,0,0,0,5,4,1,0,5,0,0,3
533301102,2,533301104,,6,3,3,*,*,*,*,*,*,*,*,*,*,*,*,*,*,*,*,*,*,*,*,*,*,*,*,*,*,*,*,*,*,2,2,*,*,*,*,*,*,*,*,*,*,*,*,*,*,*
533301104,1,,533301102,10,5,5,1,1,0,15,7,8,12,6,6,15,7,8,15,7,8,3,1,2,1,0,1,1,0,1,0,0,0,0,0,0,3,3,0,2,1,1,1,0,0,5,3,2,0,3,0,0,0
533301111,0,,,13,5,8,1,0,1,12,5,7,10,5,5,11,5,6,11,5,6,2,0,2,2,0,2,0,0,0,0,0,0,0,0,0,5,5,2,0,2,0,1,0,0,3,2,1,0,2,0,1,0
533301113,0,,,13,6,7,2,1,1,11,5,6,9,5,4,11,5,6,11,5,6,2,0,2,2,0,2,1,0,1,0,0,0,0,0,0,4,4,0,2,0,1,1,0,0,4,2,2,1,2,0,0,0
533301114,0,,,73,32,41,13,5,8,60,27,33,33,15,18,59,27,32,59,27,32,27,12,15,11,4,7,6,1,5,2,0,2,6,0,6,23,23,10,3,2,2,0,0,6,13,4,9,4,15,0,2,2
533301121,2,533301123,,5,3,2,*,*,*,*,*,*,*,*,*,*,*,*,*,*,*,*,*,*,*,*,*,*,*,*,*,*,*,*,*,*,2,2,*,*,*,*,*,*,*,*,*,*,*,*,*,*,*
533301123,1,,533301121,67,32,35,3,2,1,69,33,36,33,19,14,68,32,36,68,32,36,36,14,22,16,5,11,6,1,5,0,0,0,0,0,0,23,23,4,9,3,5,3,1,0,21,15,6,0,21,0,3,5
533301124,0,,,182,62,120,14,6,8,168,56,112,66,35,31,165,54,111,164,53,111,102,21,81,94,18,76,70,11,59,17,1,16,0,0,0,34,33,6,7,6,11,1,0,2,27,18,9,3,15,0,2,2
533301131,2,533301133,,6,3,3,*,*,*,*,*,*,*,*,*,*,*,*,*,*,*,*,*,*,*,*,*,*,*,*,*,*,*,*,*,*,3,3,*,*,*,*,*,*,*,*,*,*,*,*,*,*,*
533301132,2,533301133,,12,6,6,*,*,*,*,*,*,*,*,*,*,*,*,*,*,*,*,*,*,*,*,*,*,*,*,*,*,*,*,*,*,3,3,*,*,*,*,*,*,*,*,*,*,*,*,*,*,*
533301133,1,,533301131;533301132,12,7,5,7,5,2,23,11,12,14,8,6,23,11,12,23,11,12,9,3,6,4,1,3,0,0,0,0,0,0,0,0,0,3,3,1,3,1,2,0,2,0,8,5,3,0,7,0,1,0
533301153,2,533301244,,2,1,1,*,*,*,*,*,*,*,*,*,*,*,*,*,*,*,*,*,*,*,*,*,*,*,*,*,*,*,*,*,*,1,1,*,*,*,*,*,*,*,*,*,*,*,*,*,*,*
533301154,2,533301244,,1,1,0,*,*,*,*,*,*,*,*,*,*,*,*,*,*,*,*,*,*,*,*,*,*,*,*,*,*,*,*,*,*,1,1,*,*,*,*,*,*,*,*,*,*,*,*,*,*,*
533301171,2,533301174,,9,6,3,*,*,*,*,*,*,*,*,*,*,*,*,*,*,*,*,*,*,*,*,*,*,*,*,*,*,*,*,*,*,3,3,*,*,*,*,*,*,*,*,*,*,*,*,*,*,*
533301172,0,,,18,9,9,0,0,0,18,9,9,10,5,5,18,9,9,18,9,9,8,4,4,3,1,2,1,0,1,0,0,0,0,0,0,5,5,1,0,2,0,1,1,0,4,2,2,0,4,0,1,0
533301174,1,,533301171,5,3,2,0,0,0,14,9,5,8,5,3,14,9,5,14,9,5,6,4,2,4,2,2,1,0,1,0,0,0,1,1,0,2,2,1,1,1,2,0,0,0,4,2,2,0,5,0,1,1
533301183,2,533301272,,9,4,5,*,*,*,*,*,*,*,*,*,*,*,*,*,*,*,*,*,*,*,*,*,*,*,*,*,*,*,*,*,*,2,2,*,*,*,*,*,*,*,*,*,*,*,*,*,*,*
533301193,2,533301284,,2,2,0,*,*,*,*,*,*,*,*,*,*,*,*,*,*,*,*,*,*,*,*,*,*,*,*,*,*,*,*,*,*,2,2,*,*,*,*,*,*,*,*,*,*,*,*,*,*,*
533301224,0,,,8,4,4,0,0,0,8,4,4,0,0,0,8,4,4,8,4,4,8,4,4,3,1,2,0,0,0,0,0,0,0,0,0,4,4,0,4,0,0,0,0,0,4,4,0,0,4,0,0,4
533301231,0,,,38,21,17,1,1,0,36,20,16,20,13,7,35,19,16,34,19,15,16,7,9,9,4,5,2,0,2,0,0,0,0,0,0,13,13,2,4,1,5,1,0,0,11,7,4,1,11,0,0,3
533301233,0,,,50,24,26,9,5,4,41,19,22,24,11,13,38,19,19,36,17,19,17,8,9,10,4,6,3,1,2,0,0,0,0,0,0,16,16,6,2,0,4,2,0,2,10,7,3,3,11,0,6,2
533301234,0,,,41,14,27,3,2,1,37,12,25,21,6,15,36,12,24,35,12,23,16,6,10,10,3,7,3,0,3,0,0,0,0,0,0,12,12,3,2,2,2,0,2,1,9,2,7,1,11,0,2,1
533301244,1,,533301153;533301154;533301251,20,10,10,5,2,3,26,14,12,14,8,6,26,14,12,26,14,12,12,6,6,4,2,2,0,0,0,0,0,0,0,0,0,6,6,1,4,3,2,1,0,0,10,9,1,0,7,0,0,3
533301251,2,533301244,,8,4,4,*,*,*,*,*,*,*,*,*,*,*,*,*,*,*,*,*,*,*,*,*,*,*,*,*,*,*,*,*,*,3,3,*,*,*,*,*,*,*,*,*,*,*,*,*,*,*
533301272,1,,533301183;533301274,10,3,7,2,1,1,28,10,18,15,7,8,28,10,18,27,9,18,13,3,10,8,1,7,3,1,2,0,0,0,0,0,0,6,6,3,4,1,1,1,0,1,8,5,3,1,10,0,3,2
533301274,2,533301272,,11,4,7,*,*,*,*,*,*,*,*,*,*,*,*,*,*,*,*,*,*,*,*,*,*,*,*,*,*,*,*,*,*,3,3,*,*,*,*,*,*,*,*,*,*,*,*,*,*,*
533301282,2,533301284,,8,4,4,*,*,*,*,*,*,*,*,*,*,*,*,*,*,*,*,*,*,*,*,*,*,*,*,*,*,*,*,*,*,3,3,*,*,*,*,*,*,*,*,*,*,*,*,*,*,*
533301283,2,533301284,,9,6,3,*,*,*,*,*,*,*,*,*,*,*,*,*,*,*,*,*,*,*,*,*,*,*,*,*,*,*,*,*,*,3,3,*,*,*,*,*,*,*,*,*,*,*,*,*,*,*
533301284,1,,533301193;533301282;533301283,10,7,3,0,0,0,29,19,10,16,12,4,28,18,10,28,18,10,13,7,6,5,3,2,0,0,0,0,0,0,0,0,0,4,4,5,3,1,1,1,1,0,7,5,2,0,8,0,2,2
533301291,2,533301293,,4,1,3,*,*,*,*,*,*,*,*,*,*,*,*,*,*,*,*,*,*,*,*,*,*,*,*,*,*,*,*,*,*,2,2,*,*,*,*,*,*,*,*,*,*,*,*,*,*,*
533301293,1,,533301291,9,4,5,0,0,0,13,5,8,7,3,4,12,4,8,12,4,8,6,2,4,2,0,2,1,0,1,0,0,0,0,0,0,2,2,0,2,0,1,1,0,0,4,2,2,0,4,0,0,1
533301301,2,533301403,,5,3,2,*,*,*,*,*,*,*,*,*,*,*,*,*,*,*,*,*,*,*,*,*,*,*,*,*,*,*,*,*,*,3,3,*,*,*,*,*,*,*,*,*,*,*,*,*,*,*
533301303,2,533301403,,2,1,1,*,*,*,*,*,*,*,*,*,*,*,*,*,*,*,*,*,*,*,*,*,*,*,*,*,*,*,*,*,*,1,1,*,*,*,*,*,*,*,*,*,*,*,*,*,*,*
533301311,2,533301422,,1,1,0,*,*,*,*,*,*,*,*,*,*,*,*,*,*,*,*,*,*,*,*,*,*,*,*,*,*,*,*,*,*,1,1,*,*,*,*,*,*,*,*,*,*,*,*,*,*,*
533301332,0,,,290,145,145,23,12,11,267,133,134,146,84,62,257,125,132,254,122,132,121,49,72,71,23,48,29,10,19,3,1,2,1,1,0,100,100,23,24,22,14,6,10,1,76,43,33,4,78,1,17,8
533301333,0,,,65,28,37,7,1,6,58,27,31,36,18,18,57,27,30,54,26,28,22,9,13,17,7,10,7,2,5,0,0,0,1,0,1,21,21,5,4,5,0,5,2,0,16,9,7,1,12,2,1,3
533301334,0,,,742,359,383,74,43,31,665,315,350,391,198,193,647,307,340,635,302,333,274,117,157,162,62,100,62,23,39,2,1,1,11,5,6,289,289,95,75,45,35,24,8,7,193,137,56,19,179,19,41,41
533301341,1,,533301342;533301344,17,7,10,3,3,0,28,11,17,11,5,6,26,11,15,25,10,15,17,6,11,6,1,5,5,1,4,0,0,0,0,0,0,5,5,0,4,2,0,2,0,1,9,5,4,2,8,0,0,3
533301342,2,533301341,,7,4,3,*,*,*,*,*,*,*,*,*,*,*,*,*,*,*,*,*,*,*,*,*,*,*,*,*,*,*,*,*,*,2,2,*,*,*,*,*,*,*,*,*,*,*,*,*,*,*
533301343,0,,,141,61,80,10,3,7,131,58,73,67,31,36,129,58,71,128,58,70,64,27,37,34,13,21,10,2,8,2,0,2,0,0,0,57,57,14,21,12,6,1,1,2,43,31,12,1,43,0,10,10
533301344,2,533301341,,7,3,4,*,*,*,*,*,*,*,*,*,*,*,*,*,*,*,*,*,*,*,*,*,*,*,*,*,*,*,*,*,*,2,2,*,*,*,*,*,*,*,*,*,*,*,*,*,*,*
533301352,2,533301353,,3,2,1,*,*,*,*,*,*,*,*,*,*,*,*,*,*,*,*,*,*,*,*,*,*,*,*,*,*,*,*,*,*,1,1,*,*,*,*,*,*,*,*,*,*,*,*,*,*,*
533301353,1,,533301352,36,16,20,4,1,3,35,17,18,23,12,11,32,15,17,32,15,17,12,5,7,6,2,4,3,1,2,0,0,0,0,0,0,10,10,2,2,3,1,1,1,1,9,4,5,1,8,0,1,1
533301354,1,,533301361;533301363,12,8,4,0,0,0,18,12,6,11,10,1,18,12,6,18,12,6,7,2,5,3,1,2,1,0,1,0,0,0,0,0,0,5,5,2,1,2,2,0,0,0,5,2,3,0,5,0,0,0
533301361,2,533301354,,3,2,1,*,*,*,*,*,*,*,*,*,*,*,*,*,*,*,*,*,*,*,*,*,*,*,*,*,*,*,*,*,*,1,1,*,*,*,*,*,*,*,*,*,*,*,*,*,*,*
533301363,2,533301354,,3,2,1,*,*,*,*,*,*,*,*,*,*,*,*,*,*,*,*,*,*,*,*,*,*,*,*,*,*,*,*,*,*,1,1,*,*,*,*,*,*,*,*,*,*,*,*,*,*,*
533301372,2,533301381,,7,3,4,*,*,*,*,*,*,*,*,*,*,*,*,*,*,*,*,*,*,*,*,*,*,*,*,*,*,*,*,*,*,2,2,*,*,*,*,*,*,*,*,*,*,*,*,*,*,*
533301374,2,533301381,,6,3,3,*,*,*,*,*,*,*,*,*,*,*,*,*,*,*,*,*,*,*,*,*,*,*,*,*,*,*,*,*,*,1,1,*,*,*,*,*,*,*,*,*,*,*,*,*,*,*
533301381,1,,533301372;533301374,55,29,26,5,3,2,63,32,31,41,22,19,61,31,30,59,29,30,22,10,12,13,5,8,7,2,5,0,0,0,0,0,0,13,13,0,4,3,1,3,3,2,16,6,10,1,14,0,0,0
533301382,0,,,30,13,17,0,0,0,30,13,17,15,6,9,30,13,17,30,13,17,15,7,8,10,5,5,3,1,2,0,0,0,0,0,0,11,11,1,4,3,3,0,0,0,10,6,4,0,10,0,1,2
533301383,2,533301384,,2,1,1,*,*,*,*,*,*,*,*,*,*,*,*,*,*,*,*,*,*,*,*,*,*,*,*,*,*,*,*,*,*,1,1,*,*,*,*,*,*,*,*,*,*,*,*,*,*,*
533301384,1,,533301383,38,19,19,5,3,2,35,17,18,17,9,8,34,17,17,33,16,17,18,8,10,10,3,7,4,1,3,1,0,1,0,0,0,10,10,1,4,0,2,2,1,1,10,5,5,1,10,0,1,1
533301391,2,533301393,,3,2,1,*,*,*,*,*,*,*,*,*,*,*,*,*,*,*,*,*,*,*,*,*,*,*,*,*,*,*,*,*,*,2,2,*,*,*,*,*,*,*,*,*,*,*,*,*,*,*
533301393,1,,533301391,56,30,26,4,4,0,55,28,27,29,16,13,55,28,27,54,27,27,26,12,14,14,5,9,5,2,3,0,0,0,0,0,0,20,20,5,8,4,1,2,2,0,17,11,6,0,17,0,3,3
533301403,1,,533301301;533301303;533301404,10,6,4,0,0,0,19,11,8,6,5,1,19,11,8,19,11,8,13,6,7,4,1,3,1,1,0,1,1,0,0,0,0,5,5,2,7,1,0,0,0,0,8,8,0,0,9,0,1,3
533301404,2,533301403,,2,1,1,*,*,*,*,*,*,*,*,*,*,*,*,*,*,*,*,*,*,*,*,*,*,*,*,*,*,*,*,*,*,1,1,*,*,*,*,*,*,*,*,*,*,*,*,*,*,*
533301412,1,,533301413;533301414,15,7,8,3,2,1,21,10,11,14,7,7,21,10,11,21,10,11,7,3,4,5,2,3,3,2,1,0,0,0,0,0,0,5,5,0,4,2,0,2,0,0,8,6,2,0,4,0,0,1
533301413,2,533301412,,2,1,1,*,*,*,*,*,*,*,*,*,*,*,*,*,*,*,*,*,*,*,*,*,*,*,*,*,*,*,*,*,*,1,1,*,*,*,*,*,*,*,*,*,*,*,*,*,*,*
533301414,2,533301412,,7,4,3,*,*,*,*,*,*,*,*,*,*,*,*,*,*,*,*,*,*,*,*,*,*,*,*,*,*,*,*,*,*,2,2,*,*,*,*,*,*,*,*,*,*,*,*,*,*,*
533301421,1,,533301423,16,6,10,4,1,3,16,6,10,5,2,3,16,6,10,16,6,10,11,4,7,3,0,3,2,0,2,1,0,1,0,0,0,5,5,1,2,3,0,0,1,0,6,4,2,1,5,0,1,2
533301422,1,,533301311,50,25,25,6,4,2,45,22,23,22,11,11,45,22,23,44,21,23,23,11,12,14,6,8,4,3,1,0,0,0,0,0,0,18,18,4,10,1,1,1,0,2,15,12,3,0,16,0,3,6
533301423,2,533301421,,4,1,3,*,*,*,*,*,*,*,*,*,*,*,*,*,*,*,*,*,*,*,*,*,*,*,*,*,*,*,*,*,*,2,2,*,*,*,*,*,*,*,*,*,*,*,*,*,*,*
533301431,0,,,35,17,18,4,0,4,31,17,14,14,8,6,30,16,14,29,15,14,17,9,8,8,4,4,4,2,2,0,0,0,0,0,0,11,11,1,2,3,4,1,0,0,10,6,4,1,9,0,1,2
533301432,1,,533301434,161,86,75,20,10,10,149,78,71,85,52,33,134,67,67,131,65,66,64,26,38,33,13,20,13,4,9,0,0,0,0,0,0,61,60,16,18,8,13,1,1,4,45,32,13,1,43,0,10,13
533301434,2,533301432,,9,3,6,*,*,*,*,*,*,*,*,*,*,*,*,*,*,*,*,*,*,*,*,*,*,*,*,*,*,*,*,*,*,1,1,*,*,*,*,*,*,*,*,*,*,*,*,*,*,*
533301441,0,,,322,143,179,24,15,9,298,128,170,133,71,62,295,126,169,290,125,165,165,57,108,110,32,78,54,11,43,9,1,8,0,0,0,99,97,17,34,23,9,9,3,2,80,57,23,5,72,0,14,19
533301442,0,,,122,59,63,16,8,8,106,51,55,54,28,26,106,51,55,105,51,54,52,23,29,20,10,10,5,2,3,0,0,0,0,0,0,40,40,5,12,10,5,5,3,0,35,24,11,5,32,0,5,7
533301443,1,,533301532;533301533;533301534,408,198,210,70,39,31,349,164,185,221,111,110,335,156,179,331,152,179,128,53,75,72,26,46,30,9,21,4,0,4,1,0,1,147,147,39,34,34,24,7,7,5,110,80,30,19,80,3,18,14
533301444,0,,,278,131,147,41,23,18,237,108,129,143,66,77,226,103,123,219,99,120,94,42,52,52,18,34,19,8,11,1,0,1,0,0,0,93,93,11,34,14,20,10,2,2,82,59,23,10,59,0,8,20
533301451,1,,533301452;533301454,41,22,19,8,5,3,37,18,19,22,11,11,36,18,18,36,18,18,15,7,8,5,2,3,2,1,1,0,0,0,0,0,0,13,13,3,3,5,1,2,0,1,12,8,4,2,12,0,3,1
533301452,2,533301451,,1,0,1,*,*,*,*,*,*,*,*,*,*,*,*,*,*,*,*,*,*,*,*,*,*,*,*,*,*,*,*,*,*,1,1,*,*,*,*,*,*,*,*,*,*,*,*,*,*,*
533301454,2,533301451,,3,1,2,*,*,*,*,*,*,*,*,*,*,*,*,*,*,*,*,*,*,*,*,*,*,*,*,*,*,*,*,*,*,1,1,*,*,*,*,*,*,*,*,*,*,*,*,*,*,*
533301482,2,533301493,,3,1,2,*,*,*,*,*,*,*,*,*,*,*,*,*,*,*,*,*,*,*,*,*,*,*,*,*,*,*,*,*,*,1,1,*,*,*,*,*,*,*,*,*,*,*,*,*,*,*
533301484,2,533301493,,1,0,1,*,*,*,*,*,*,*,*,*,*,*,*,*,*,*,*,*,*,*,*,*,*,*,*,*,*,*,*,*,*,1,1,*,*,*,*,*,*,*,*,*,*,*,*,*,*,*
533301491,0,,,24,12,12,2,0,2,22,12,10,11,6,5,22,12,10,22,12,10,11,6,5,7,3,4,4,2,2,0,0,0,0,0,0,10,10,3,2,4,0,1,0,0,7,4,3,1,7,0,3,2
533301492,0,,,26,14,12,6,3,3,20,11,9,9,6,3,19,10,9,19,10,9,11,5,6,4,1,3,4,1,3,1,0,1,0,0,0,6,6,0,1,1,2,1,0,1,6,3,3,1,4,0,0,0
533301493,1,,533301482;533301484;533301494,59,29,30,9,6,3,58,26,32,33,16,17,55,26,29,54,25,29,25,10,15,8,1,7,4,0,4,1,0,1,0,0,0,13,13,1,1,5,2,3,2,2,15,5,10,3,14,0,1,1
533301494,2,533301493,,4,2,2,*,*,*,*,*,*,*,*,*,*,*,*,*,*,*,*,*,*,*,*,*,*,*,*,*,*,*,*,*,*,1,1,*,*,*,*,*,*,*,*,*,*,*,*,*,*,*
533301501,0,,,8,4,4,0,0,0,8,4,4,4,2,2,7,4,3,7,4,3,4,2,2,4,2,2,2,2,0,0,0,0,0,0,0,5,5,3,1,1,0,0,0,0,2,2,0,0,3,0,2,0
533301502,0,,,14,8,6,0,0,0,14,8,6,8,6,2,14,8,6,14,8,6,6,2,4,4,1,3,1,0,1,0,0,0,0,0,0,4,4,0,2,1,0,0,0,1,4,3,1,0,4,0,0,0
533301503,0,,,13,6,7,1,0,1,12,6,6,5,3,2,11,5,6,10,4,6,7,3,4,4,2,2,2,1,1,1,1,0,0,0,0,4,4,0,3,0,0,0,0,1,4,2,2,0,4,0,0,1
533301504,0,,,23,12,11,0,0,0,23,12,11,9,5,4,23,12,11,23,12,11,14,7,7,7,2,5,4,1,3,0,0,0,0,0,0,9,9,1,4,2,2,0,0,0,8,6,2,0,9,0,1,2
533301512,0,,,10,5,5,1,0,1,9,5,4,5,2,3,9,5,4,9,5,4,4,3,1,0,0,0,0,0,0,0,0,0,0,0,0,4,4,0,2,2,0,0,0,0,4,4,0,1,3,0,0,2
533301532,2,533301443,,4,2,2,*,*,*,*,*,*,*,*,*,*,*,*,*,*,*,*,*,*,*,*,*,*,*,*,*,*,*,*,*,*,1,1,*,*,*,*,*,*,*,*,*,*,*,*,*,*,*
533301533,2,533301443,,3,1,2,*,*,*,*,*,*,*,*,*,*,*,*,*,*,*,*,*,*,*,*,*,*,*,*,*,*,*,*,*,*,1,1,*,*,*,*,*,*,*,*,*,*,*,*,*,*,*
533301534,2,533301443,,4,2,2,*,*,*,*,*,*,*,*,*,*,*,*,*,*,*,*,*,*,*,*,*,*,*,*,*,*,*,*,*,*,1,1,*,*,*,*,*,*,*,*,*,*,*,*,*,*,*
533301541,2,533301542,,10,5,5,*,*,*,*,*,*,*,*,*,*,*,*,*,*,*,*,*,*,*,*,*,*,*,*,*,*,*,*,*,*,2,2,*,*,*,*,*,*,*,*,*,*,*,*,*,*,*
533301542,1,,533301541;533301543,227,113,114,35,18,17,203,100,103,122,62,60,196,97,99,192,94,98,81,38,43,32,13,19,13,3,10,0,0,0,3,0,3,70,70,9,23,16,7,7,6,5,64,42,22,7,49,0,5,13
533301543,2,533301542,,1,0,1,*,*,*,*,*,*,*,*,*,*,*,*,*,*,*,*,*,*,*,*,*,*,*,*,*,*,*,*,*,*,1,1,*,*,*,*,*,*,*,*,*,*,*,*,*,*,*
533301544,0,,,47,23,24,16,7,9,31,16,15,28,13,15,28,15,13,26,15,11,3,3,0,2,2,0,0,0,0,0,0,0,0,0,0,14,14,1,3,3,4,3,0,0,13,13,0,5,3,0,1,0
533301551,0,,,184,79,105,25,14,11,159,65,94,85,40,45,152,61,91,148,58,90,74,25,49,43,16,27,14,3,11,4,0,4,4,0,4,71,71,24,23,4,12,2,1,5,47,32,15,5,46,0,14,9
533301552,2,533301553,,115,24,91,*,*,*,*,*,*,*,*,*,*,*,*,*,*,*,*,*,*,*,*,*,*,*,*,*,*,*,*,*,*,4,3,*,*,*,*,*,*,*,*,*,*,*,*,*,*,*
533301553,1,,533301552,53,25,28,9,5,4,159,44,115,29,14,15,158,44,114,156,44,112,130,30,100,111,21,90,81,16,65,17,1,16,0,0,0,14,14,2,4,2,5,2,2,0,15,10,5,0,12,0,2,4
533301554,0,,,33,15,18,4,3,1,29,12,17,16,8,8,28,12,16,28,12,16,13,4,9,4,0,4,2,0,2,0,0,0,0,0,0,13,13,5,3,2,0,2,1,0,8,5,3,1,9,0,3,2
533301584,2,533301591,,2,1,1,*,*,*,*,*,*,*,*,*,*,*,*,*,*,*,*,*,*,*,*,*,*,*,*,*,*,*,*,*,*,1,1,*,*,*,*,*,*,*,*,*,*,*,*,*,*,*
533301591,1,,533301584,41,19,22,2,1,1,41,19,22,21,11,10,40,19,21,37,18,19,20,8,12,12,5,7,3,1,2,0,0,0,0,0,0,13,13,2,5,3,1,0,3,0,12,7,5,0,10,0,1,2
533301592,0,,,46,22,24,10,6,4,36,16,20,19,8,11,36,16,20,36,16,20,17,8,9,12,5,7,4,1,3,1,0,1,0,0,0,13,13,1,5,2,1,2,1,1,12,7,5,1,9,0,1,2
533301593,0,,,22,13,9,0,0,0,22,13,9,11,7,4,21,13,8,20,12,8,11,6,5,3,2,1,0,0,0,0,0,0,0,0,0,9,9,1,4,3,1,0,0,0,8,8,0,0,6,0,1,3
533301594,0,,,34,19,15,1,0,1,33,19,14,20,12,8,33,19,14,31,17,14,13,7,6,7,3,4,3,2,1,0,0,0,0,0,0,11,11,1,4,2,2,1,1,0,10,4,6,1,8,0,0,1
533301612,2,533301613,,3,2,1,*,*,*,*,*,*,*,*,*,*,*,*,*,*,*,*,*,*,*,*,*,*,*,*,*,*,*,*,*,*,2,2,*,*,*,*,*,*,*,*,*,*,*,*,*,*,*
533301613,1,,533301612,12,6,6,1,1,0,14,7,7,7,5,2,14,7,7,14,7,7,7,2,5,6,2,4,2,0,2,0,0,0,0,0,0,4,4,1,2,2,1,0,0,0,5,4,1,1,5,0,0,0
533301614,0,,,14,9,5,0,0,0,14,9,5,10,6,4,14,9,5,14,9,5,4,3,1,3,2,1,2,2,0,0,0,0,0,0,0,4,4,1,1,0,0,1,1,0,3,1,2,0,3,0,0,1
533301651,2,533301653,,5,2,3,*,*,*,*,*,*,*,*,*,*,*,*,*,*,*,*,*,*,*,*,*,*,*,*,*,*,*,*,*,*,2,2,*,*,*,*,*,*,*,*,*,*,*,*,*,*,*
533301652,0,,,115,58,57,4,1,3,111,57,54,58,33,25,111,57,54,109,56,53,53,24,29,30,11,19,13,5,8,1,1,0,0,0,0,38,38,5,12,7,9,2,2,1,33,18,15,1,32,0,4,2
533301653,1,,533301651,76,35,41,6,1,5,75,36,39,38,21,17,73,36,37,73,36,37,37,15,22,21,9,12,10,5,5,0,0,0,0,0,0,21,21,0,8,5,5,3,1,1,23,10,13,1,20,0,0,5
533301654,0,,,41,21,20,3,1,2,38,20,18,23,12,11,37,20,17,36,19,17,15,8,7,6,2,4,2,1,1,0,0,0,0,0,0,12,12,1,5,1,2,1,0,2,11,7,4,0,9,0,0,2
533301663,0,,,81,40,41,10,4,6,71,36,35,45,23,22,71,36,35,70,35,35,26,13,13,10,4,6,4,1,3,0,0,0,0,0,0,19,18,0,5,4,3,2,2,2,18,10,8,2,14,0,0,3
533301664,0,,,130,66,64,11,8,3,119,58,61,64,37,27,116,57,59,116,57,59,55,21,34,26,8,18,8,0,8,0,0,0,1,0,1,45,45,8,17,6,5,6,1,2,37,24,13,3,38,0,5,7
533301673,0,,,53,29,24,7,5,2,46,24,22,23,15,8,45,23,22,42,21,21,23,9,14,13,4,9,3,1,2,0,0,0,0,0,0,19,19,6,5,1,5,1,0,1,13,10,3,0,15,0,5,4
533301674,0,,,47,23,24,10,4,6,37,19,18,22,12,10,36,18,18,34,17,17,15,7,8,5,1,4,2,0,2,1,0,1,0,0,0,10,10,1,1,1,1,2,2,2,8,3,5,3,8,0,1,0
533301681,0,,,25,12,13,0,0,0,25,12,13,12,7,5,24,11,13,24,11,13,13,5,8,9,2,7,4,1,3,1,0,1,1,0,1,9,9,2,2,3,0,2,0,0,7,4,3,0,9,0,2,1
533301682,0,,,18,10,8,2,1,1,16,9,7,9,6,3,16,9,7,16,9,7,7,3,4,3,1,2,1,0,1,0,0,0,0,0,0,6,6,2,1,1,0,1,1,0,4,2,2,0,4,0,1,0
533301683,0,,,22,10,12,2,0,2,20,10,10,9,6,3,20,10,10,20,10,10,11,4,7,6,2,4,4,1,3,1,0,1,0,0,0,6,6,0,2,1,1,1,1,0,6,3,3,1,6,0,0,1
533301684,0,,,143,69,74,11,4,7,132,65,67,65,32,33,131,64,67,129,63,66,67,33,34,29,14,15,9,4,5,3,2,1,0,0,0,43,43,6,7,16,3,5,5,1,37,19,18,4,38,0,4,6
533301691,2,533301692,,2,1,1,*,*,*,*,*,*,*,*,*,*,*,*,*,*,*,*,*,*,*,*,*,*,*,*,*,*,*,*,*,*,1,1,*,*,*,*,*,*,*,*,*,*,*,*,*,*,*
533301692,1,,533301691,98,40,58,14,4,10,86,37,49,42,20,22,84,36,48,82,36,46,44,17,27,25,7,18,11,3,8,1,1,0,0,0,0,25,25,2,7,5,4,2,1,5,24,9,15,1,23,0,1,2
533301693,0,,,25,13,12,0,0,0,25,13,12,13,6,7,25,13,12,24,12,12,12,7,5,3,1,2,1,0,1,0,0,0,0,0,0,9,9,3,0,3,2,1,0,0,6,3,3,0,9,0,3,0
533301694,0,,,135,63,72,16,8,8,119,55,64,63,29,34,117,53,64,116,52,64,56,26,30,29,12,17,12,4,8,4,1,3,0,0,0,37,37,1,12,7,5,7,2,3,36,19,17,3,30,0,1,6
533301702,2,533301711,,3,2,1,*,*,*,*,*,*,*,*,*,*,*,*,*,*,*,*,*,*,*,*,*,*,*,*,*,*,*,*,*,*,2,2,*,*,*,*,*,*,*,*,*,*,*,*,*,*,*
533301711,1,,533301702,12,5,7,0,0,0,15,7,8,5,3,2,15,7,8,15,7,8,10,4,6,4,1,3,4,1,3,0,0,0,0,0,0,4,4,2,1,1,2,0,0,0,4,2,2,0,5,0,1,1
533301712,1,,533301714,14,7,7,2,1,1,17,9,8,12,6,6,16,8,8,16,8,8,5,3,2,3,1,2,2,1,1,0,0,0,0,0,0,4,4,1,1,1,2,1,0,0,5,2,3,1,5,0,1,1
533301714,2,533301712,,5,3,2,*,*,*,*,*,*,*,*,*,*,*,*,*,*,*,*,*,*,*,*,*,*,*,*,*,*,*,*,*,*,2,2,*,*,*,*,*,*,*,*,*,*,*,*,*,*,*
533301721,0,,,8,4,4,0,0,0,8,4,4,5,2,3,7,4,3,7,4,3,3,2,1,1,0,1,1,0,1,0,0,0,0,0,0,4,4,2,0,2,0,0,0,0,2,2,0,0,3,0,1,0
533301723,0,,,34,15,19,4,2,2,30,13,17,11,4,7,30,13,17,30,13,17,19,9,10,9,2,7,4,0,4,1,0,1,0,0,0,11,11,2,2,3,2,1,1,0,9,3,6,2,11,0,2,2
533301733,2,533301831,,1,1,0,*,*,*,*,*,*,*,*,*,*,*,*,*,*,*,*,*,*,*,*,*,*,*,*,*,*,*,*,*,*,1,1,*,*,*,*,*,*,*,*,*,*,*,*,*,*,*
533301744,2,533301753,,8,4,4,*,*,*,*,*,*,*,*,*,*,*,*,*,*,*,*,*,*,*,*,*,*,*,*,*,*,*,*,*,*,2,2,*,*,*,*,*,*,*,*,*,*,*,*,*,*,*
533301751,0,,,35,16,19,3,3,0,32,13,19,13,7,6,31,13,18,31,13,18,19,6,13,10,3,7,5,1,4,3,1,2,0,0,0,11,11,3,1,1,4,1,1,0,8,4,4,1,10,0,3,0
533301752,0,,,36,14,22,3,0,3,33,14,19,16,7,9,33,14,19,33,14,19,17,7,10,7,2,5,3,0,3,0,0,0,0,0,0,13,13,0,4,8,1,0,0,0,13,12,1,2,9,0,0,1
533301753,1,,533301744;533301851,63,32,31,7,3,4,67,34,33,39,21,18,64,33,31,63,33,30,28,13,15,16,7,9,6,2,4,0,0,0,0,0,0,18,18,4,4,5,5,1,0,3,18,9,9,1,17,0,3,3
533301761,0,,,118,56,62,6,2,4,112,54,58,57,32,25,111,54,57,110,54,56,55,22,33,27,9,18,10,2,8,3,0,3,0,0,0,39,39,3,11,12,9,3,1,0,36,24,12,0,33,0,3,5
533301763,0,,,48,26,22,5,4,1,43,22,21,25,15,10,43,22,21,43,22,21,18,7,11,8,3,5,2,0,2,0,0,0,0,0,0,13,13,0,4,5,1,0,1,2,12,8,4,0,10,0,0,2
533301764,0,,,41,20,21,4,0,4,37,20,17,19,10,9,36,20,16,35,19,16,18,10,8,10,6,4,2,1,1,0,0,0,0,0,0,10,10,0,3,2,0,2,2,1,10,5,5,2,10,0,0,2
533301771,0,,,26,13,13,2,1,1,24,12,12,15,8,7,23,11,12,23,11,12,9,4,5,6,3,3,4,2,2,0,0,0,0,0,0,7,7,1,0,3,1,0,2,0,6,3,3,1,5,0,0,0
533301772,0,,,187,91,96,25,11,14,162,80,82,96,50,46,155,79,76,151,77,74,66,30,36,42,18,24,11,7,4,1,0,1,1,0,1,46,46,4,6,9,9,7,6,5,42,12,30,6,43,0,3,4
533301773,0,,,67,34,33,17,9,8,50,25,25,26,16,10,49,24,25,48,23,25,24,9,15,9,2,7,4,0,4,1,0,1,0,0,0,16,16,2,2,3,2,3,1,3,14,6,8,4,13,0,1,2
533301774,0,,,40,16,24,5,1,4,35,15,20,15,6,9,34,14,20,32,14,18,20,9,11,8,3,5,4,1,3,0,0,0,0,0,0,11,11,0,4,3,1,1,0,2,11,6,5,1,9,0,0,4
533301781,1,,533301782,58,29,29,9,3,6,63,32,31,35,19,16,59,30,29,58,30,28,28,13,15,20,10,10,10,6,4,0,0,0,0,0,0,16,16,0,7,3,4,2,0,3,19,11,8,3,16,0,0,5
533301782,2,533301781,,14,6,8,*,*,*,*,*,*,*,*,*,*,*,*,*,*,*,*,*,*,*,*,*,*,*,*,*,*,*,*,*,*,3,3,*,*,*,*,*,*,*,*,*,*,*,*,*,*,*
533301791,0,,,100,47,53,10,4,6,90,43,47,48,22,26,87,42,45,86,41,45,42,21,21,21,9,12,7,2,5,1,1,0,2,0,2,25,25,3,4,9,1,1,1,6,22,8,14,4,22,0,1,2
533301792,0,,,47,24,23,4,2,2,43,22,21,31,17,14,39,19,20,38,18,20,12,5,7,7,3,4,4,2,2,0,0,0,0,0,0,12,12,1,3,2,1,2,1,2,11,5,6,1,9,0,0,1
533301794,0,,,59,32,27,5,2,3,54,30,24,29,17,12,53,29,24,53,29,24,25,13,12,11,4,7,3,0,3,1,0,1,0,0,0,21,21,6,4,5,2,2,2,0,15,9,6,2,17,0,6,1
533301811,2,533301814,,4,1,3,*,*,*,*,*,*,*,*,*,*,*,*,*,*,*,*,*,*,*,*,*,*,*,*,*,*,*,*,*,*,1,1,*,*,*,*,*,*,*,*,*,*,*,*,*,*,*
533301814,1,,533301811,8,4,4,0,0,0,12,5,7,3,0,3,12,5,7,12,5,7,9,5,4,3,2,1,2,1,1,0,0,0,0,0,0,5,5,2,3,0,1,0,0,0,4,3,1,0,5,0,1,3
533301821,1,,533301822,12,6,6,0,0,0,14,7,7,6,3,3,14,7,7,13,6,7,8,4,4,3,1,2,1,0,1,0,0,0,0,0,0,4,4,0,3,1,0,1,0,0,5,3,2,0,5,0,0,3
533301822,2,533301821,,2,1,1,*,*,*,*,*,*,*,*,*,*,*,*,*,*,*,*,*,*,*,*,*,*,*,*,*,*,*,*,*,*,1,1,*,*,*,*,*,*,*,*,*,*,*,*,*,*,*
533301823,0,,,11,6,5,2,1,1,9,5,4,3,2,1,9,5,4,9,5,4,6,3,3,3,1,2,1,0,1,0,0,0,0,0,0,5,5,2,2,0,0,1,0,0,3,2,1,0,5,0,2,1
533301824,0,,,12,6,6,2,0,2,10,6,4,4,3,1,10,6,4,10,6,4,6,3,3,3,1,2,0,0,0,0,0,0,0,0,0,6,6,3,2,0,0,1,0,0,3,2,1,1,5,0,2,1
533301831,1,,533301733;533301833,82,41,41,7,3,4,91,47,44,51,27,24,87,45,42,84,44,40,40,20,20,14,7,7,1,0,1,0,0,0,0,0,0,22,22,4,4,4,5,2,5,2,22,8,14,1,23,0,2,3
533301833,2,533301831,,15,8,7,*,*,*,*,*,*,*,*,*,*,*,*,*,*,*,*,*,*,*,*,*,*,*,*,*,*,*,*,*,*,3,3,*,*,*,*,*,*,*,*,*,*,*,*,*,*,*
533301851,2,533301753,,3,1,2,*,*,*,*,*,*,*,*,*,*,*,*,*,*,*,*,*,*,*,*,*,*,*,*,*,*,*,*,*,*,2,2,*,*,*,*,*,*,*,*,*,*,*,*,*,*,*
533301862,0,,,68,34,34,6,3,3,62,31,31,34,19,15,59,28,31,58,28,30,28,12,16,11,4,7,5,1,4,2,0,2,0,0,0,21,21,4,5,3,5,1,2,1,17,9,8,1,18,0,4,2
533301863,2,533301864,,7,3,4,*,*,*,*,*,*,*,*,*,*,*,*,*,*,*,*,*,*,*,*,*,*,*,*,*,*,*,*,*,*,4,4,*,*,*,*,*,*,*,*,*,*,*,*,*,*,*
533301864,1,,533301863,72,38,34,4,1,3,75,40,35,38,24,14,73,38,35,70,37,33,37,16,21,20,8,12,9,3,6,2,1,1,0,0,0,20,20,4,7,2,4,3,4,0,20,9,11,1,23,0,4,4
533301871,0,,,12,6,6,0,0,0,12,6,6,5,2,3,12,6,6,12,6,6,7,4,3,3,2,1,0,0,0,0,0,0,0,0,0,4,4,1,1,1,0,0,1,0,3,2,1,0,4,0,1,1
533301872,2,533301874,,7,2,5,*,*,*,*,*,*,*,*,*,*,*,*,*,*,*,*,*,*,*,*,*,*,*,*,*,*,*,*,*,*,2,2,*,*,*,*,*,*,*,*,*,*,*,*,*,*,*
533301873,0,,,24,14,10,2,2,0,22,12,10,14,9,5,22,12,10,21,11,10,8,3,5,5,2,3,0,0,0,0,0,0,0,0,0,7,7,1,1,3,0,0,2,0,6,3,3,0,5,0,0,0
533301874,1,,533301872,127,63,64,21,12,9,113,53,60,66,32,34,107,52,55,104,50,54,47,21,26,21,7,14,8,3,5,0,0,0,2,1,1,34,34,6,7,5,6,4,4,4,30,11,19,4,28,0,3,4
533301882,0,,,126,60,66,17,10,7,109,50,59,59,30,29,106,48,58,105,48,57,50,20,30,31,12,19,12,4,8,1,0,1,0,0,0,37,37,6,12,4,4,3,5,3,31,14,17,5,33,0,6,4
533301883,2,533301884,,2,1,1,*,*,*,*,*,*,*,*,*,*,*,*,*,*,*,*,*,*,*,*,*,*,*,*,*,*,*,*,*,*,1,1,*,*,*,*,*,*,*,*,*,*,*,*,*,*,*
533301884,1,,533301883,78,40,38,8,5,3,72,36,36,42,25,17,68,32,36,67,31,36,30,11,19,15,4,11,8,1,7,1,0,1,1,1,0,22,22,2,7,5,3,1,3,2,21,10,11,1,18,0,2,2
533301892,0,,,92,48,44,8,5,3,84,43,41,45,26,19,82,42,40,80,41,39,39,17,22,22,8,14,7,2,5,1,1,0,1,0,1,23,23,3,2,5,4,4,2,3,20,4,16,2,22,0,3,1
533301901,2,533301903,,5,2,3,*,*,*,*,*,*,*,*,*,*,*,*,*,*,*,*,*,*,*,*,*,*,*,*,*,*,*,*,*,*,3,3,*,*,*,*,*,*,*,*,*,*,*,*,*,*,*
533301902,2,533301903,,7,4,3,*,*,*,*,*,*,*,*,*,*,*,*,*,*,*,*,*,*,*,*,*,*,*,*,*,*,*,*,*,*,3,3,*,*,*,*,*,*,*,*,*,*,*,*,*,*,*
533301903,1,,533301901;533301902,21,11,10,3,2,1,29,14,15,14,7,7,29,14,15,29,14,15,15,7,8,8,3,5,3,1,2,0,0,0,0,0,0,10,10,5,8,1,1,1,0,0,11,9,2,1,9,0,2,2
533301904,0,,,43,22,21,4,3,1,39,19,20,19,10,9,39,19,20,39,19,20,20,9,11,8,4,4,3,1,2,0,0,0,0,0,0,15,15,3,5,3,1,2,0,1,12,6,6,2,11,0,1,4
533301912,0,,,10,4,6,2,0,2,8,4,4,5,3,2,8,4,4,8,4,4,3,1,2,1,0,1,0,0,0,0,0,0,1,0,1,5,5,3,0,1,1,0,0,0,2,2,0,1,2,0,1,0
533301921,0,,,25,13,12,0,0,0,25,13,12,10,6,4,25,13,12,25,13,12,15,7,8,5,2,3,2,1,1,1,1,0,0,0,0,10,10,2,3,3,2,0,0,0,8,6,2,0,7,0,0,3
533301922,1,,533301924,17,10,7,0,0,0,20,11,9,10,5,5,20,11,9,20,11,9,10,6,4,4,2,2,1,1,0,0,0,0,0,0,0,7,7,2,4,2,1,0,0,0,7,6,1,0,7,0,2,2
533301923,0,,,34,16,18,0,0,0,34,16,18,16,8,8,34,16,18,34,16,18,18,8,10,5,0,5,2,0,2,0,0,0,0,0,0,12,12,2,5,2,0,2,1,0,10,8,2,0,11,0,2,4
533301924,2,533301922,,3,1,2,*,*,*,*,*,*,*,*,*,*,*,*,*,*,*,*,*,*,*,*,*,*,*,*,*,*,*,*,*,*,2,2,*,*,*,*,*,*,*,*,*,*,*,*,*,*,*
533301931,0,,,66,30,36,8,3,5,58,27,31,36,16,20,57,26,31,57,26,31,22,11,11,14,7,7,7,4,3,0,0,0,0,0,0,16,16,0,4,4,3,2,0,3,16,8,8,2,15,0,0,2
533301933,0,,,10,5,5,0,0,0,10,5,5,4,2,2,10,5,5,9,4,5,6,3,3,2,1,1,0,0,0,0,0,0,0,0,0,4,4,1,2,0,0,1,0,0,3,2,1,0,4,0,1,1
533301941,2,533301943,,2,1,1,*,*,*,*,*,*,*,*,*,*,*,*,*,*,*,*,*,*,*,*,*,*,*,*,*,*,*,*,*,*,1,1,*,*,*,*,*,*,*,*,*,*,*,*,*,*,*
533301943,1,,533301941;533301944,18,8,10,0,0,0,23,10,13,9,5,4,23,10,13,23,10,13,14,5,9,9,3,6,5,2,3,0,0,0,0,0,0,8,8,3,3,3,0,1,0,0,7,4,3,0,10,0,3,2
533301944,2,533301943,,3,1,2,*,*,*,*,*,*,*,*,*,*,*,*,*,*,*,*,*,*,*,*,*,*,*,*,*,*,*,*,*,*,1,1,*,*,*,*,*,*,*,*,*,*,*,*,*,*,*
533301952,0,,,11,7,4,0,0,0,11,7,4,6,5,1,11,7,4,11,7,4,5,2,3,2,1,1,0,0,0,0,0,0,0,0,0,4,4,0,1,3,0,0,0,0,4,4,0,0,3,0,0,0
533301954,0,,,28,16,12,1,1,0,27,15,12,18,11,7,25,13,12,25,13,12,9,4,5,5,2,3,3,1,2,0,0,0,0,0,0,9,9,2,1,2,2,2,0,0,7,4,3,0,7,0,2,0
533301961,2,533301962,,6,2,4,*,*,*,*,*,*,*,*,*,*,*,*,*,*,*,*,*,*,*,*,*,*,*,*,*,*,*,*,*,*,1,1,*,*,*,*,*,*,*,*,*,*,*,*,*,*,*
533301962,1,,533301961,49,19,30,7,0,7,48,21,27,29,12,17,46,21,25,45,20,25,19,9,10,7,3,4,3,1,2,0,0,0,0,0,0,12,12,2,4,1,0,0,2,4,11,5,6,0,10,0,1,2
533301963,0,,,71,36,35,7,5,2,64,31,33,35,17,18,62,31,31,61,30,31,29,14,15,15,6,9,9,3,6,1,0,1,0,0,0,20,20,3,6,3,3,0,1,4,17,9,8,2,18,0,3,4
533301964,0,,,24,9,15,3,1,2,21,8,13,15,7,8,21,8,13,21,8,13,6,1,5,4,0,4,1,0,1,0,0,0,0,0,0,9,9,3,3,1,1,0,0,1,6,4,2,1,5,0,2,0
533301971,1,,533301972,151,76,75,16,8,8,143,72,71,87,46,41,138,68,70,136,67,69,56,26,30,17,6,11,4,2,2,0,0,0,1,0,1,44,44,4,11,15,3,4,7,2,42,26,16,6,34,0,2,9
533301972,2,533301971,,9,5,4,*,*,*,*,*,*,*,*,*,*,*,*,*,*,*,*,*,*,*,*,*,*,*,*,*,*,*,*,*,*,2,2,*,*,*,*,*,*,*,*,*,*,*,*,*,*,*
533301973,0,,,96,44,52,16,6,10,80,38,42,42,20,22,75,35,40,74,34,40,38,18,20,12,5,7,7,3,4,1,0,1,0,0,0,28,28,4,10,3,3,2,2,4,24,13,11,4,20,0,3,4
533301974,0,,,31,17,14,3,1,2,28,16,12,19,11,8,28,16,12,28,16,12,9,5,4,6,3,3,2,0,2,0,0,0,0,0,0,9,9,0,2,4,1,1,1,0,9,6,3,2,6,0,0,0
533301981,0,,,50,23,27,6,0,6,43,23,20,29,16,13,42,22,20,42,22,20,14,7,7,7,4,3,1,0,1,0,0,0,0,0,0,23,23,9,7,4,2,0,0,1,14,13,1,2,7,3,0,3
533301982,0,,,289,136,153,63,35,28,225,100,125,159,72,87,210,89,121,206,87,119,66,28,38,29,12,17,6,3,3,0,0,0,2,0,2,119,119,40,28,25,14,10,2,0,79,70,9,14,51,1,20,11
533301983,0,,,45,22,23,3,2,1,42,20,22,32,17,15,41,19,22,41,19,22,10,3,7,8,2,6,2,0,2,0,0,0,0,0,0,12,12,1,0,4,4,2,1,0,11,4,7,0,8,0,1,0
533301984,0,,,498,236,262,70,32,38,428,204,224,243,123,120,417,201,216,408,196,212,185,81,104,88,36,52,26,9,17,3,1,2,2,0,2,167,167,39,50,23,22,13,11,9,126,82,44,17,116,0,27,21
533301991,2,533301993,,11,4,7,*,*,*,*,*,*,*,*,*,*,*,*,*,*,*,*,*,*,*,*,*,*,*,*,*,*,*,*,*,*,6,6,*,*,*,*,*,*,*,*,*,*,*,*,*,*,*
533301992,0,,,24,12,12,0,0,0,24,12,12,10,6,4,23,12,11,22,11,11,14,6,8,6,3,3,1,0,1,0,0,0,0,0,0,10,10,1,5,3,1,0,0,0,8,7,1,0,8,0,1,1
533301993,1,,533301991,355,182,173,39,23,16,327,163,164,206,107,99,309,156,153,305,155,150,121,56,65,60,27,33,20,10,10,1,0,1,9,9,0,128,127,27,41,33,17,9,4,2,106,85,21,13,76,7,15,19
533301994,0,,,780,381,399,67,40,27,710,341,369,424,214,210,685,327,358,668,319,349,286,127,159,161,76,85,47,18,29,7,1,6,7,4,3,290,289,67,106,51,38,15,9,3,221,178,43,14,157,9,26,50
533302002,2,533302101,,7,3,4,*,*,*,*,*,*,*,*,*,*,*,*,*,*,*,*,*,*,*,*,*,*,*,*,*,*,*,*,*,*,3,3,*,*,*,*,*,*,*,*,*,*,*,*,*,*,*
533302012,1,,533302014,154,72,82,9,4,5,156,74,82,80,37,43,153,73,80,150,70,80,76,37,39,44,19,25,17,7,10,0,0,0,1,0,1,52,52,8,17,14,6,6,2,2,47,30,17,0,47,0,6,6
533302014,2,533302012,,11,6,5,*,*,*,*,*,*,*,*,*,*,*,*,*,*,*,*,*,*,*,*,*,*,*,*,*,*,*,*,*,*,3,3,*,*,*,*,*,*,*,*,*,*,*,*,*,*,*
533302021,2,533302022,,10,5,5,*,*,*,*,*,*,*,*,*,*,*,*,*,*,*,*,*,*,*,*,*,*,*,*,*,*,*,*,*,*,3,3,*,*,*,*,*,*,*,*,*,*,*,*,*,*,*
533302022,1,,533302021,19,9,10,4,1,3,25,13,12,15,8,7,25,13,12,25,13,12,10,5,5,7,4,3,2,1,1,0,0,0,0,0,0,4,4,0,3,0,1,0,2,1,7,4,3,0,6,0,0,2
533302023,0,,,18,10,8,3,0,3,15,10,5,7,6,1,15,10,5,15,10,5,8,4,4,4,2,2,0,0,0,0,0,0,0,0,0,6,6,1,3,1,0,0,0,1,5,4,1,0,6,0,1,1
533302041,1,,533302043,66,33,33,8,3,5,62,32,30,32,18,14,58,30,28,57,29,28,30,14,16,13,6,7,3,1,2,1,1,0,0,0,0,18,18,2,9,1,2,0,3,3,17,11,6,1,18,0,2,7
533302043,2,533302041,,4,2,2,*,*,*,*,*,*,*,*,*,*,*,*,*,*,*,*,*,*,*,*,*,*,*,*,*,*,*,*,*,*,2,2,*,*,*,*,*,*,*,*,*,*,*,*,*,*,*
533302051,2,533302052,,7,3,4,*,*,*,*,*,*,*,*,*,*,*,*,*,*,*,*,*,*,*,*,*,*,*,*,*,*,*,*,*,*,2,2,*,*,*,*,*,*,*,*,*,*,*,*,*,*,*
533302052,1,,533302051,113,51,62,11,6,5,109,48,61,53,29,24,106,47,59,105,47,58,56,19,37,32,9,23,15,4,11,0,0,0,0,0,0,41,41,15,10,8,1,3,2,4,28,17,11,5,38,0,13,3
533302053,0,,,21,10,11,3,1,2,18,9,9,8,5,3,18,9,9,18,9,9,10,4,6,6,1,5,3,0,3,1,0,1,0,0,0,6,6,1,1,1,2,0,0,1,5,1,4,1,5,0,0,0
533302054,0,,,67,31,36,8,4,4,59,27,32,27,13,14,57,26,31,57,26,31,32,14,18,23,10,13,6,3,3,0,0,0,0,0,0,31,31,15,8,4,2,0,0,2,16,12,4,1,24,0,12,5
533302061,0,,,206,97,109,22,10,12,184,87,97,104,53,51,177,82,95,171,80,91,80,34,46,43,17,26,11,2,9,1,0,1,0,0,0,87,86,23,30,20,7,5,1,0,63,48,15,4,59,0,17,11
533302062,0,,,285,94,191,19,8,11,266,86,180,106,52,54,260,82,178,256,80,176,160,34,126,140,27,113,102,8,94,23,0,23,0,0,0,62,60,16,15,11,6,8,2,2,44,33,11,7,36,0,14,4
533302063,0,,,337,155,182,29,14,15,308,141,167,173,89,84,291,128,163,287,127,160,135,52,83,71,23,48,22,3,19,4,0,4,1,0,1,133,131,39,42,22,10,12,5,1,92,69,23,6,93,0,31,22
533302071,1,,533302072,11,6,5,3,2,1,20,8,12,15,6,9,17,7,10,17,7,10,5,2,3,1,0,1,1,0,1,0,0,0,0,0,0,4,4,1,0,2,2,0,0,1,5,3,2,0,2,0,0,0
533302072,2,533302071,,12,4,8,*,*,*,*,*,*,*,*,*,*,*,*,*,*,*,*,*,*,*,*,*,*,*,*,*,*,*,*,*,*,2,2,*,*,*,*,*,*,*,*,*,*,*,*,*,*,*
533302093,2,533302094,,3,1,2,*,*,*,*,*,*,*,*,*,*,*,*,*,*,*,*,*,*,*,*,*,*,*,*,*,*,*,*,*,*,2,2,*,*,*,*,*,*,*,*,*,*,*,*,*,*,*
533302094,1,,533302093,25,12,13,0,0,0,28,13,15,9,4,5,28,13,15,28,13,15,19,9,10,6,2,4,1,0,1,0,0,0,0,0,0,12,12,4,8,1,0,1,0,0,10,8,2,0,13,0,3,7
533302101,1,,533302002,17,10,7,2,1,1,22,12,10,10,7,3,22,12,10,22,12,10,12,5,7,8,3,5,2,0,2,0,0,0,0,0,0,6,6,2,3,0,4,0,0,0,7,5,2,1,7,0,2,1
533302104,0,,,23,9,14,2,0,2,21,9,12,12,5,7,21,9,12,20,8,12,9,4,5,3,1,2,0,0,0,0,0,0,0,0,0,6,6,1,0,2,1,0,2,0,5,1,4,1,6,0,1,0
533302113,2,533302114,,14,6,8,*,*,*,*,*,*,*,*,*,*,*,*,*,*,*,*,*,*,*,*,*,*,*,*,*,*,*,*,*,*,3,3,*,*,*,*,*,*,*,*,*,*,*,*,*,*,*
533302114,1,,533302113,83,39,44,11,4,7,86,41,45,53,25,28,85,41,44,83,41,42,33,16,17,12,5,7,5,3,2,0,0,0,0,0,0,36,36,18,5,4,6,4,1,1,21,10,11,4,24,0,11,2
533302121,2,533302123,,3,2,1,*,*,*,*,*,*,*,*,*,*,*,*,*,*,*,*,*,*,*,*,*,*,*,*,*,*,*,*,*,*,1,1,*,*,*,*,*,*,*,*,*,*,*,*,*,*,*
533302123,1,,533302121,85,39,46,15,6,9,73,35,38,48,25,23,71,33,38,70,32,38,25,10,15,13,3,10,6,0,6,0,0,0,0,0,0,24,24,6,4,4,4,2,1,4,19,12,7,3,18,1,5,0
533302124,0,,,59,30,29,12,8,4,47,22,25,33,15,18,45,22,23,45,22,23,14,7,7,8,3,5,3,2,1,1,0,1,0,0,0,11,11,1,1,0,3,0,1,5,10,3,7,5,9,0,0,1
533302131,0,,,21,11,10,2,2,0,19,9,10,12,6,6,19,9,10,19,9,10,7,3,4,3,1,2,2,1,1,0,0,0,0,0,0,4,4,0,0,0,1,1,2,0,4,0,4,1,3,0,0,0
533302141,1,,533302142,14,8,6,2,1,1,23,13,10,12,7,5,22,12,10,22,12,10,11,6,5,9,4,5,5,2,3,0,0,0,0,0,0,4,4,0,2,2,1,1,1,0,7,2,5,1,7,0,0,0
533302142,2,533302141,,11,6,5,*,*,*,*,*,*,*,*,*,*,*,*,*,*,*,*,*,*,*,*,*,*,*,*,*,*,*,*,*,*,3,3,*,*,*,*,*,*,*,*,*,*,*,*,*,*,*
533302143,0,,,22,11,11,1,0,1,21,11,10,13,8,5,20,10,10,20,10,10,8,3,5,5,1,4,3,1,2,0,0,0,0,0,0,5,5,0,0,2,1,0,2,0,5,1,4,0,5,0,0,0
533302151,1,,533302153,82,38,44,13,7,6,75,34,41,41,17,24,72,33,39,71,32,39,34,17,17,17,7,10,9,3,6,1,0,1,0,0,0,25,25,1,9,5,7,4,1,0,26,18,8,4,18,0,1,7
533302152,0,,,196,93,103,13,5,8,183,88,95,100,54,46,177,84,93,174,83,91,83,34,49,43,15,28,8,3,5,0,0,0,1,0,1,76,76,17,25,19,8,4,2,1,58,43,15,2,57,0,15,9
533302153,2,533302151,,6,3,3,*,*,*,*,*,*,*,*,*,*,*,*,*,*,*,*,*,*,*,*,*,*,*,*,*,*,*,*,*,*,2,2,*,*,*,*,*,*,*,*,*,*,*,*,*,*,*
533302154,0,,,104,44,60,17,5,12,87,39,48,46,23,23,84,38,46,83,38,45,41,16,25,20,7,13,8,1,7,0,0,0,0,0,0,41,40,11,12,9,4,1,3,0,29,21,8,5,26,0,7,5
533302161,0,,,76,33,43,12,6,6,64,27,37,42,19,23,63,27,36,62,27,35,22,8,14,9,1,8,3,0,3,1,0,1,0,0,0,26,26,5,9,4,2,4,1,1,21,13,8,4,15,0,3,3
533302163,0,,,261,129,132,28,13,15,233,116,117,106,60,46,228,114,114,227,113,114,127,56,71,54,29,25,18,9,9,3,0,3,0,0,0,55,54,9,9,12,11,4,5,4,45,21,24,7,43,0,8,5
533302192,0,,,63,28,35,9,2,7,54,26,28,28,13,15,51,25,26,49,24,25,26,13,13,6,3,3,0,0,0,0,0,0,0,0,0,17,17,1,6,2,2,2,2,2,16,7,9,3,15,0,1,3
533302193,0,,,30,14,16,4,2,2,26,12,14,16,7,9,25,12,13,25,12,13,10,5,5,5,3,2,1,0,1,1,0,1,0,0,0,10,10,1,3,4,0,1,1,0,9,7,2,0,7,0,0,1
533302194,0,,,77,34,43,11,5,6,66,29,37,32,14,18,66,29,37,66,29,37,34,15,19,20,9,11,6,2,4,1,0,1,0,0,0,25,25,5,7,3,5,3,0,2,20,12,8,3,19,0,3,5
533302212,0,,,234,114,120,27,14,13,207,100,107,111,59,52,202,97,105,198,95,103,96,41,55,39,15,24,14,2,12,4,0,4,1,0,1,70,70,9,17,17,12,4,7,4,60,32,28,5,54,0,7,11
533302214,0,,,72,40,32,8,5,3,64,35,29,36,21,15,62,34,28,62,34,28,28,14,14,16,9,7,6,4,2,0,0,0,3,3,0,23,23,4,7,2,7,0,2,1,19,12,7,0,17,3,0,3
533302221,0,,,263,131,132,29,17,12,234,114,120,117,69,48,229,110,119,226,108,118,117,45,72,77,30,47,28,5,23,6,0,6,7,5,2,86,85,20,27,15,8,7,3,5,65,40,25,6,64,5,11,12
533302222,0,,,77,34,43,8,6,2,69,28,41,50,19,31,64,26,38,64,26,38,19,9,10,10,5,5,5,2,3,0,0,0,0,0,0,33,33,14,5,8,3,2,0,1,19,14,5,1,17,0,7,1
533302223,0,,,143,65,78,22,11,11,121,54,67,70,35,35,119,53,66,118,53,65,51,19,32,27,8,19,11,1,10,4,0,4,0,0,0,34,34,1,7,5,9,5,3,4,33,14,19,4,26,0,0,4
533302224,0,,,23,12,11,2,1,1,21,11,10,13,5,8,20,11,9,20,11,9,8,6,2,0,0,0,0,0,0,0,0,0,0,0,0,9,9,1,5,2,0,0,1,0,8,7,1,0,7,0,1,2
533302231,0,,,21,8,13,5,2,3,16,6,10,7,2,5,16,6,10,15,5,10,9,4,5,3,1,2,3,1,2,1,0,1,0,0,0,4,4,0,1,0,1,1,0,1,4,1,3,1,4,0,0,1
533302233,1,,533302234,15,7,8,0,0,0,19,8,11,7,4,3,19,8,11,19,8,11,12,4,8,3,0,3,1,0,1,1,0,1,0,0,0,5,5,2,1,3,0,0,1,0,5,3,2,0,6,0,1,1
533302234,2,533302233,,4,1,3,*,*,*,*,*,*,*,*,*,*,*,*,*,*,*,*,*,*,*,*,*,*,*,*,*,*,*,*,*,*,2,2,*,*,*,*,*,*,*,*,*,*,*,*,*,*,*
533302242,0,,,17,6,11,0,0,0,17,6,11,9,4,5,17,6,11,16,6,10,8,2,6,8,2,6,4,1,3,1,0,1,0,0,0,7,7,2,2,2,0,1,0,0,5,2,3,0,6,0,2,1
533302244,0,,,27,9,18,5,0,5,22,9,13,12,5,7,21,9,12,20,9,11,10,4,6,3,1,2,0,0,0,0,0,0,0,0,0,8,8,1,3,1,1,0,1,1,7,4,3,1,6,0,1,1
533302252,0,,,198,100,98,24,11,13,174,89,85,138,72,66,160,82,78,156,79,77,36,17,19,22,10,12,8,3,5,0,0,0,0,0,0,67,67,19,17,9,5,7,8,2,48,34,14,5,22,16,0,5
533302253,0,,,86,43,43,5,4,1,81,39,42,44,22,22,80,39,41,80,39,41,37,17,20,19,8,11,7,2,5,1,1,0,0,0,0,30,30,1,14,7,6,1,0,1,29,20,9,1,23,0,0,7
533302254,0,,,203,92,111,33,20,13,170,72,98,111,48,63,162,67,95,158,66,92,59,24,35,38,14,24,14,4,10,2,1,1,19,0,19,78,78,29,15,12,11,7,2,2,49,35,14,9,38,10,10,7
533302261,0,,,114,57,57,21,13,8,93,44,49,75,36,39,87,42,45,84,41,43,18,8,10,10,2,8,2,0,2,0,0,0,0,0,0,39,39,10,7,11,6,1,2,2,29,22,7,7,13,5,2,2
533302262,2,533302263,,5,1,4,*,*,*,*,*,*,*,*,*,*,*,*,*,*,*,*,*,*,*,*,*,*,*,*,*,*,*,*,*,*,1,1,*,*,*,*,*,*,*,*,*,*,*,*,*,*,*
533302263,1,,533302262,142,65,77,18,5,13,129,61,68,66,32,34,123,59,64,121,58,63,63,29,34,33,16,17,10,5,5,0,0,0,0,0,0,49,49,7,20,8,7,3,2,3,43,29,14,4,40,0,4,13
533302264,0,,,205,105,100,30,15,15,174,89,85,119,64,55,165,83,82,163,82,81,55,25,30,29,11,18,10,3,7,0,0,0,0,0,0,85,85,26,22,25,5,4,2,1,57,45,12,16,38,4,8,9
533302273,0,,,19,10,9,1,0,1,18,10,8,9,6,3,18,10,8,18,10,8,9,4,5,7,4,3,3,1,2,0,0,0,0,0,0,7,7,1,3,1,1,1,0,0,6,4,2,0,5,0,0,3
533302291,0,,,61,29,32,5,3,2,56,26,30,28,14,14,55,26,29,54,26,28,28,12,16,17,6,11,8,2,6,3,1,2,0,0,0,20,20,3,6,5,3,1,1,1,17,10,7,3,17,0,2,4
533302292,0,,,17,8,9,1,1,0,16,7,9,10,5,5,16,7,9,16,7,9,6,2,4,4,0,4,1,0,1,0,0,0,0,0,0,8,8,4,1,1,2,0,0,0,4,1,3,0,5,0,2,0
533302293,0,,,16,8,8,0,0,0,16,8,8,11,5,6,14,7,7,14,7,7,5,3,2,3,1,2,2,1,1,0,0,0,0,0,0,5,5,1,0,2,1,1,0,0,4,2,2,0,4,0,1,0
533302301,2,533302303,,5,3,2,*,*,*,*,*,*,*,*,*,*,*,*,*,*,*,*,*,*,*,*,*,*,*,*,*,*,*,*,*,*,2,2,*,*,*,*,*,*,*,*,*,*,*,*,*,*,*
533302303,1,,533302301;533302304,56,31,25,7,6,1,58,30,28,30,17,13,56,29,27,53,27,26,28,13,15,15,6,9,10,4,6,0,0,0,0,0,0,14,14,2,3,3,3,4,0,2,15,7,8,1,16,0,1,3
533302304,2,533302303,,4,2,2,*,*,*,*,*,*,*,*,*,*,*,*,*,*,*,*,*,*,*,*,*,*,*,*,*,*,*,*,*,*,1,1,*,*,*,*,*,*,*,*,*,*,*,*,*,*,*
533302312,1,,533302314,19,8,11,2,2,0,31,14,17,17,6,11,30,13,17,30,13,17,14,8,6,4,4,0,1,1,0,0,0,0,0,0,0,8,8,1,4,3,1,1,1,0,10,6,4,1,8,0,0,3
533302314,2,533302312,,14,8,6,*,*,*,*,*,*,*,*,*,*,*,*,*,*,*,*,*,*,*,*,*,*,*,*,*,*,*,*,*,*,3,3,*,*,*,*,*,*,*,*,*,*,*,*,*,*,*
533302322,2,533302323,,6,4,2,*,*,*,*,*,*,*,*,*,*,*,*,*,*,*,*,*,*,*,*,*,*,*,*,*,*,*,*,*,*,2,2,*,*,*,*,*,*,*,*,*,*,*,*,*,*,*
533302323,1,,533302322,31,13,18,1,0,1,36,17,19,15,8,7,35,17,18,35,17,18,21,9,12,12,3,9,4,1,3,1,0,1,0,0,0,12,12,6,2,1,4,0,0,1,8,3,5,0,13,0,5,0
533302342,0,,,30,13,17,3,1,2,27,12,15,15,7,8,27,12,15,26,12,14,12,5,7,5,2,3,2,1,1,1,1,0,0,0,0,8,8,1,1,2,2,1,0,1,7,1,6,1,7,0,1,1
533302352,0,,,92,42,50,11,6,5,81,36,45,49,23,26,75,34,41,74,34,40,32,13,19,13,5,8,4,1,3,0,0,0,1,0,1,30,30,4,9,5,6,5,1,0,26,19,7,4,22,0,3,6
533302354,0,,,42,18,24,7,4,3,35,14,21,22,10,12,35,14,21,34,14,20,13,4,9,7,2,5,6,2,4,0,0,0,0,0,0,10,10,0,3,2,1,1,1,2,10,4,6,1,8,0,0,1
533302361,0,,,34,21,13,3,0,3,30,21,9,29,20,9,29,21,8,29,21,8,1,1,0,1,1,0,0,0,0,0,0,0,12,11,1,22,22,17,2,0,2,1,0,0,5,4,1,1,1,14,0,0
533302362,0,,,194,89,105,30,13,17,164,76,88,108,52,56,161,75,86,158,73,85,56,24,32,21,7,14,11,2,9,2,0,2,13,6,7,72,72,17,19,18,8,8,1,1,54,39,15,10,34,12,3,9
533302363,0,,,34,15,19,4,3,1,30,12,18,17,8,9,30,12,18,29,12,17,13,4,9,3,0,3,1,0,1,0,0,0,0,0,0,12,12,2,2,5,2,1,0,0,10,6,4,2,8,0,1,1
533302364,0,,,99,48,51,15,9,6,84,39,45,47,25,22,82,38,44,81,38,43,37,14,23,16,6,10,8,2,6,0,0,0,0,0,0,29,29,4,6,8,3,5,0,3,25,13,12,3,23,0,3,4
533302371,0,,,329,163,166,44,22,22,285,141,144,205,107,98,265,130,135,255,125,130,80,34,46,35,13,22,16,4,12,2,0,2,0,0,0,92,90,12,13,26,18,11,5,5,77,52,25,13,46,1,9,6
533302373,0,,,25,13,12,6,4,2,19,9,10,15,7,8,19,9,10,17,8,9,4,2,2,2,2,0,0,0,0,0,0,0,0,0,0,9,9,2,3,1,1,2,0,0,7,7,0,0,4,0,2,1
533302383,2,533302481,,8,5,3,*,*,*,*,*,*,*,*,*,*,*,*,*,*,*,*,*,*,*,*,*,*,*,*,*,*,*,*,*,*,2,2,*,*,*,*,*,*,*,*,*,*,*,*,*,*,*
533302391,0,,,81,41,40,7,4,3,74,37,37,41,24,17,74,37,37,74,37,37,33,13,20,22,7,15,11,3,8,0,0,0,0,0,0,25,25,5,6,5,3,4,1,1,20,9,11,1,22,1,4,2
533302392,0,,,53,27,26,4,2,2,49,25,24,23,12,11,49,25,24,49,25,24,26,13,13,14,8,6,8,3,5,0,0,0,0,0,0,18,18,3,4,5,4,1,1,0,15,9,6,1,14,0,3,2
533302393,0,,,62,28,34,15,8,7,47,20,27,25,13,12,47,20,27,47,20,27,22,7,15,12,1,11,4,0,4,1,0,1,0,0,0,16,16,1,5,3,2,0,2,3,15,6,9,3,14,0,1,1
533302394,0,,,46,23,23,7,4,3,39,19,20,22,12,10,39,19,20,37,18,19,17,7,10,8,3,5,3,0,3,0,0,0,0,0,0,14,14,2,5,2,2,0,2,1,12,6,6,2,10,0,1,2
533302401,0,,,24,11,13,1,1,0,23,10,13,9,2,7,21,10,11,21,10,11,14,8,6,5,2,3,3,1,2,0,0,0,0,0,0,8,8,1,2,2,2,1,0,0,7,3,4,0,8,0,1,2
533302402,0,,,18,10,8,0,0,0,18,10,8,6,4,2,18,10,8,18,10,8,12,6,6,8,4,4,2,1,1,1,0,1,0,0,0,8,8,1,5,1,1,0,0,0,7,6,1,0,8,0,1,2
533302403,2,533302404,,12,3,9,*,*,*,*,*,*,*,*,*,*,*,*,*,*,*,*,*,*,*,*,*,*,*,*,*,*,*,*,*,*,4,4,*,*,*,*,*,*,*,*,*,*,*,*,*,*,*
533302404,1,,533302403,32,16,16,4,2,2,37,15,22,23,11,12,36,14,22,36,14,22,14,4,10,4,1,3,2,0,2,0,0,0,0,0,0,11,11,3,3,5,1,2,1,0,11,8,3,1,10,0,3,1
533302411,0,,,23,11,12,3,1,2,20,10,10,10,5,5,19,9,10,19,9,10,10,5,5,3,1,2,3,1,2,0,0,0,0,0,0,6,6,0,1,1,3,0,1,0,6,3,3,0,6,0,0,1
533302412,2,533302414,,5,3,2,*,*,*,*,*,*,*,*,*,*,*,*,*,*,*,*,*,*,*,*,*,*,*,*,*,*,*,*,*,*,1,1,*,*,*,*,*,*,*,*,*,*,*,*,*,*,*
533302413,0,,,35,17,18,2,0,2,33,17,16,19,7,12,30,17,13,30,17,13,14,10,4,8,5,3,3,2,1,1,1,0,0,0,0,13,13,4,2,4,2,0,0,1,9,5,4,1,11,0,4,0
533302414,1,,533302412,182,71,111,12,6,6,175,68,107,51,30,21,167,62,105,164,59,105,124,38,86,112,32,80,84,21,63,30,4,26,0,0,0,25,21,3,4,2,8,5,0,0,19,15,4,2,9,0,2,2
533302421,0,,,83,43,40,11,9,2,72,34,38,49,24,25,68,33,35,65,32,33,23,10,13,10,4,6,7,1,6,0,0,0,0,0,0,22,22,2,4,5,5,4,1,1,20,12,8,3,12,1,0,1
533302422,0,,,133,58,75,20,10,10,113,48,65,69,31,38,108,45,63,105,44,61,44,17,27,24,8,16,8,1,7,2,0,2,0,0,0,40,40,5,11,7,9,2,4,2,35,21,14,5,27,0,3,5
533302423,0,,,251,116,135,63,34,29,188,82,106,142,63,79,179,80,99,175,77,98,46,19,27,21,7,14,6,2,4,2,0,2,0,0,0,86,86,15,25,21,12,9,1,3,71,58,13,13,32,0,8,6
533302424,0,,,80,42,38,11,8,3,69,34,35,46,23,23,68,33,35,67,32,35,23,11,12,6,3,3,1,1,0,0,0,0,0,0,0,25,25,1,9,7,3,2,3,0,24,19,5,3,13,0,0,4
533302431,0,,,111,64,47,12,7,5,99,57,42,75,45,30,98,56,42,95,54,41,24,12,12,12,5,7,4,1,3,0,0,0,0,0,0,38,38,6,10,8,9,5,0,0,31,25,6,2,15,0,3,3
533302432,0,,,42,18,24,5,5,0,37,13,24,20,7,13,37,13,24,37,13,24,17,6,11,7,0,7,3,0,3,1,0,1,0,0,0,14,14,2,5,2,2,2,1,0,12,9,3,2,12,0,2,0
533302433,0,,,42,19,23,1,0,1,41,19,22,27,12,15,41,19,22,40,18,22,14,7,7,8,3,5,4,1,3,0,0,0,1,0,1,15,15,4,4,2,2,2,1,0,11,6,5,0,10,0,2,1
533302434,1,,533302532,27,13,14,2,1,1,29,14,15,15,7,8,29,14,15,29,14,15,14,7,7,8,4,4,2,0,2,0,0,0,0,0,0,9,9,2,5,1,0,2,1,0,9,6,3,1,10,0,2,3
533302443,0,,,33,21,12,4,3,1,29,18,11,18,12,6,29,18,11,28,17,11,11,6,5,5,3,2,1,0,1,0,0,0,0,0,0,10,10,1,2,4,1,0,2,0,9,6,3,0,7,0,1,0
533302444,0,,,16,8,8,0,0,0,16,8,8,10,5,5,15,8,7,15,8,7,6,3,3,3,1,2,0,0,0,0,0,0,0,0,0,5,5,0,2,1,1,1,0,0,5,3,2,0,4,0,0,0
533302462,0,,,165,88,77,12,8,4,153,80,73,90,48,42,146,77,69,143,74,69,63,32,31,38,20,18,7,4,3,2,0,2,0,0,0,54,54,5,20,12,11,0,2,4,48,38,10,1,39,0,4,9
533302464,0,,,118,59,59,9,6,3,108,52,56,58,29,29,105,50,55,104,50,54,50,23,27,26,11,15,9,4,5,1,0,1,0,0,0,43,43,12,9,10,5,4,3,0,30,16,14,4,30,0,8,3
533302471,0,,,14,8,6,1,1,0,13,7,6,8,4,4,13,7,6,13,7,6,5,3,2,0,0,0,0,0,0,0,0,0,0,0,0,6,6,1,2,3,0,0,0,0,4,4,0,0,3,0,1,1
533302473,0,,,86,39,47,11,4,7,75,35,40,40,17,23,72,33,39,71,33,38,35,18,17,20,11,9,8,4,4,1,0,1,0,0,0,23,23,3,6,3,3,3,1,4,20,8,12,2,20,0,2,2
533302481,1,,533302383,227,112,115,25,15,10,210,102,108,144,75,69,196,95,101,189,92,97,66,27,39,34,13,21,16,4,12,0,0,0,0,0,0,73,73,9,18,19,16,9,4,0,66,43,23,6,45,0,7,8
533302482,0,,,311,144,167,43,24,19,268,120,148,163,72,91,255,116,139,246,116,130,105,48,57,60,27,33,17,7,10,3,1,2,0,0,0,99,99,11,34,15,21,11,4,3,88,65,23,8,65,0,8,20
533302483,0,,,125,63,62,21,7,14,104,56,48,59,32,27,99,54,45,98,53,45,45,24,21,24,12,12,12,6,6,0,0,0,0,0,0,40,40,6,15,3,6,5,4,1,34,23,11,3,27,0,3,10
533302484,0,,,379,180,199,51,26,25,328,154,174,205,96,109,311,145,166,305,142,163,123,58,65,51,21,30,11,2,9,2,0,2,18,0,18,156,156,53,45,24,16,11,4,3,103,85,18,12,85,1,27,21
533302491,0,,,115,56,59,11,7,4,104,49,55,70,35,35,99,46,53,98,46,52,34,14,20,13,3,10,6,2,4,0,0,0,0,0,0,41,41,10,12,5,8,3,2,1,31,19,12,2,26,0,8,1
533302492,0,,,64,31,33,4,2,2,60,29,31,34,18,16,57,28,29,56,27,29,26,11,15,15,6,9,8,2,6,0,0,0,0,0,0,24,24,4,8,8,1,2,1,0,20,14,6,0,16,0,2,4
533302493,0,,,253,128,125,32,15,17,220,112,108,140,76,64,215,108,107,211,107,104,80,36,44,32,12,20,15,5,10,1,1,0,5,5,0,95,93,27,30,14,6,12,1,3,66,42,24,9,50,2,11,11
533302494,0,,,57,27,30,8,5,3,49,22,27,25,13,12,47,21,26,47,21,26,24,9,15,9,2,7,2,0,2,0,0,0,0,0,0,17,17,2,6,3,2,1,1,2,15,8,7,2,15,0,2,4
533302501,0,,,48,19,29,9,1,8,39,18,21,25,12,13,39,18,21,38,17,21,14,6,8,7,3,4,1,0,1,0,0,0,0,0,0,12,12,0,2,3,3,3,0,1,12,4,8,3,10,0,0,2
533302502,0,,,83,43,40,9,6,3,74,37,37,32,16,16,73,37,36,72,36,36,42,21,21,15,7,8,8,4,4,0,0,0,1,0,1,30,30,8,10,3,6,0,2,1,22,14,8,3,24,0,5,6
533302503,0,,,24,11,13,2,1,1,22,10,12,11,5,6,21,9,12,21,9,12,11,5,6,3,1,2,3,1,2,0,0,0,0,0,0,8,8,2,1,3,1,0,0,1,6,2,4,0,6,0,1,1
533302504,0,,,62,30,32,12,5,7,50,25,25,27,16,11,49,24,25,47,22,25,23,9,14,11,2,9,4,0,4,2,0,2,0,0,0,17,17,1,6,3,2,1,2,2,15,7,8,2,12,0,1,1
533302511,0,,,283,129,154,15,7,8,268,122,146,130,61,69,261,121,140,258,119,139,138,61,77,76,32,44,29,10,19,3,2,1,1,0,1,113,113,22,49,22,10,6,2,2,91,68,23,2,89,0,20,27
533302512,0,,,21,9,12,3,1,2,18,8,10,11,6,5,17,7,10,17,7,10,7,2,5,0,0,0,0,0,0,0,0,0,0,0,0,7,7,1,2,2,0,2,0,0,6,4,2,0,6,0,1,0
533302513,0,,,130,65,65,24,13,11,106,52,54,54,28,26,106,52,54,106,52,54,52,24,28,29,10,19,12,3,9,1,0,1,0,0,0,41,41,3,17,7,7,2,2,3,38,28,10,4,32,0,3,8
533302521,0,,,183,94,89,22,12,10,161,82,79,90,48,42,154,77,77,154,77,77,71,34,37,32,14,18,14,4,10,2,0,2,1,0,1,56,56,6,17,12,8,8,2,3,50,32,18,4,37,1,2,13
533302522,0,,,20,12,8,4,3,1,16,9,7,11,6,5,16,9,7,16,9,7,5,3,2,1,0,1,1,0,1,0,0,0,0,0,0,7,7,1,4,0,1,0,0,1,5,3,2,1,4,0,1,1
533302523,0,,,12,5,7,1,1,0,11,4,7,7,3,4,9,4,5,9,4,5,4,1,3,3,1,2,1,0,1,0,0,0,0,0,0,4,4,1,1,0,1,1,0,0,3,2,1,0,3,0,1,0
533302524,0,,,71,40,31,8,7,1,63,33,30,32,19,13,61,31,30,59,30,29,31,14,17,15,6,9,7,3,4,2,1,1,0,0,0,22,22,2,9,4,1,2,3,1,20,12,8,1,17,0,0,3
533302532,2,533302434,,4,2,2,*,*,*,*,*,*,*,*,*,*,*,*,*,*,*,*,*,*,*,*,*,*,*,*,*,*,*,*,*,*,2,2,*,*,*,*,*,*,*,*,*,*,*,*,*,*,*
533302541,1,,533302544,62,31,31,5,4,1,63,29,34,39,18,21,58,27,31,56,27,29,24,11,13,14,7,7,5,2,3,0,0,0,0,0,0,20,20,4,4,9,2,0,1,2,18,11,7,0,16,0,3,0
533302542,0,,,18,6,12,0,0,0,18,6,12,9,4,5,18,6,12,18,6,12,9,2,7,5,0,5,2,0,2,0,0,0,0,0,0,7,7,0,3,4,0,0,0,0,7,5,2,0,6,0,0,1
533302544,2,533302541,,6,2,4,*,*,*,*,*,*,*,*,*,*,*,*,*,*,*,*,*,*,*,*,*,*,*,*,*,*,*,*,*,*,2,2,*,*,*,*,*,*,*,*,*,*,*,*,*,*,*
533302562,0,,,149,72,77,17,7,10,132,65,67,76,38,38,130,64,66,129,64,65,56,27,29,27,15,12,2,2,0,0,0,0,1,0,1,57,57,9,24,12,8,1,2,1,47,42,5,6,35,0,7,12
533302564,0,,,210,96,114,17,8,9,193,88,105,102,53,49,188,84,104,187,83,104,91,35,56,49,14,35,19,3,16,3,1,2,0,0,0,89,89,25,29,21,7,6,1,0,64,51,13,6,60,1,17,14
533302571,0,,,507,254,253,57,31,26,450,223,227,288,148,140,436,213,223,431,210,221,162,75,87,62,30,32,18,9,9,0,0,0,1,0,1,200,200,41,74,49,21,6,7,2,154,131,23,8,109,1,19,37
533302572,0,,,15,9,6,1,0,1,14,9,5,8,5,3,13,8,5,13,8,5,6,4,2,3,2,1,1,1,0,0,0,0,0,0,0,6,6,2,2,1,0,0,1,0,4,2,2,0,4,0,2,1
533302573,0,,,538,259,279,55,29,26,483,230,253,285,136,149,471,223,248,460,218,242,198,94,104,80,37,43,27,11,16,1,1,0,0,0,0,186,180,37,69,30,24,13,6,1,142,115,27,12,118,2,24,40
533302574,0,,,121,66,55,13,8,5,108,58,50,56,30,26,107,58,49,107,58,49,52,28,24,25,13,12,8,4,4,0,0,0,0,0,0,36,36,4,8,7,9,4,4,0,32,15,17,5,26,0,3,6
533302591,0,,,321,153,168,32,18,14,289,135,154,148,69,79,279,133,146,277,132,145,141,66,75,55,26,29,12,5,7,2,0,2,17,17,0,133,133,40,49,16,15,5,6,2,93,74,19,8,87,8,14,33
533302592,1,,533302594,147,65,82,33,14,19,118,52,66,73,33,40,111,48,63,110,48,62,45,19,26,13,5,8,4,1,3,0,0,0,1,0,1,40,40,3,13,8,6,4,6,2,37,26,11,10,28,0,3,7
533302593,0,,,55,26,29,7,4,3,48,22,26,26,12,14,47,21,26,47,21,26,22,10,12,13,5,8,5,2,3,0,0,0,0,0,0,16,16,1,6,2,4,1,0,2,15,8,7,1,15,0,1,1
533302594,2,533302592,,4,1,3,*,*,*,*,*,*,*,*,*,*,*,*,*,*,*,*,*,*,*,*,*,*,*,*,*,*,*,*,*,*,2,2,*,*,*,*,*,*,*,*,*,*,*,*,*,*,*
533302601,2,533302602,,20,10,10,*,*,*,*,*,*,*,*,*,*,*,*,*,*,*,*,*,*,*,*,*,*,*,*,*,*,*,*,*,*,3,3,*,*,*,*,*,*,*,*,*,*,*,*,*,*,*
533302602,1,,533302601,10,4,6,7,3,4,23,11,12,18,9,9,22,11,11,22,11,11,5,2,3,3,1,2,1,0,1,0,0,0,0,0,0,3,3,0,1,1,1,1,0,2,6,3,3,0,4,0,0,1
533302603,0,,,54,29,25,5,3,2,49,26,23,23,14,9,49,26,23,49,26,23,26,12,14,15,7,8,5,3,2,0,0,0,0,0,0,18,18,3,3,10,0,0,1,1,15,9,6,2,14,0,2,2
533302611,0,,,75,39,36,8,6,2,67,33,34,40,22,18,65,33,32,65,33,32,27,11,16,10,3,7,3,0,3,0,0,0,0,0,0,20,20,2,3,6,2,3,3,1,18,8,10,1,15,0,1,3
533302613,1,,533302614,79,39,40,7,4,3,78,39,39,47,23,24,75,38,37,75,38,37,31,16,15,16,8,8,6,3,3,1,0,1,0,0,0,21,21,3,4,5,6,0,1,4,20,10,10,3,17,0,0,1
533302614,2,533302613,,6,4,2,*,*,*,*,*,*,*,*,*,*,*,*,*,*,*,*,*,*,*,*,*,*,*,*,*,*,*,*,*,*,2,2,*,*,*,*,*,*,*,*,*,*,*,*,*,*,*
533302634,0,,,18,8,10,2,0,2,16,8,8,11,6,5,15,7,8,15,7,8,5,2,3,5,2,3,1,1,0,0,0,0,0,0,0,4,4,1,0,0,2,0,0,1,3,0,3,1,3,0,0,0
533302642,2,533302644,,6,4,2,*,*,*,*,*,*,*,*,*,*,*,*,*,*,*,*,*,*,*,*,*,*,*,*,*,*,*,*,*,*,1,1,*,*,*,*,*,*,*,*,*,*,*,*,*,*,*
533302644,1,,533302642;533302742,29,14,15,4,3,1,39,19,20,17,9,8,39,19,20,39,19,20,22,10,12,13,5,8,5,3,2,1,0,1,0,0,0,9,9,1,4,1,2,1,3,0,11,5,6,1,12,0,1,4
533302651,2,533302654,,7,4,3,*,*,*,*,*,*,*,*,*,*,*,*,*,*,*,*,*,*,*,*,*,*,*,*,*,*,*,*,*,*,3,3,*,*,*,*,*,*,*,*,*,*,*,*,*,*,*
533302654,1,,533302651,45,20,25,5,4,1,47,20,27,27,13,14,46,20,26,46,20,26,20,7,13,9,3,6,2,0,2,1,0,1,0,0,0,13,13,4,3,3,2,1,1,2,12,5,7,4,13,0,3,2
533302662,0,,,52,28,24,1,1,0,51,27,24,18,13,5,51,27,24,50,26,24,33,14,19,20,8,12,3,1,2,0,0,0,0,0,0,30,30,15,10,3,2,0,0,0,15,11,4,0,25,1,12,6
533302663,0,,,54,23,31,4,1,3,50,22,28,21,10,11,50,22,28,50,22,28,29,12,17,16,6,10,9,3,6,2,1,1,0,0,0,17,17,0,4,7,5,1,0,0,17,10,7,1,13,0,0,3
533302664,0,,,58,25,33,5,2,3,53,23,30,30,15,15,53,23,30,52,23,29,23,8,15,9,2,7,5,1,4,0,0,0,0,0,0,19,19,2,5,6,4,1,0,1,17,11,6,2,14,0,2,1
533302671,0,,,8,4,4,0,0,0,8,4,4,5,3,2,8,4,4,8,4,4,3,1,2,0,0,0,0,0,0,0,0,0,0,0,0,5,5,3,1,1,0,0,0,0,2,2,0,0,2,0,1,1
533302672,0,,,73,38,35,6,1,5,67,37,30,40,25,15,66,36,30,66,36,30,27,12,15,16,6,10,8,3,5,0,0,0,0,0,0,25,25,4,5,10,4,0,1,1,21,12,9,1,18,0,2,3
533302673,0,,,78,34,44,6,0,6,72,34,38,40,21,19,70,34,36,68,33,35,32,13,19,16,8,8,2,0,2,0,0,0,0,0,0,25,25,3,9,5,2,5,0,1,22,14,8,3,19,0,2,5
533302674,0,,,425,208,217,46,25,21,377,183,194,209,110,99,366,176,190,361,172,189,168,73,95,64,27,37,16,7,9,4,2,2,5,2,3,159,159,34,53,30,25,9,6,2,124,100,24,16,108,0,26,31
533302681,0,,,44,18,26,1,1,0,43,17,26,17,8,9,42,17,25,42,17,25,26,9,17,9,3,6,2,0,2,0,0,0,0,0,0,19,19,2,11,4,2,0,0,0,17,14,3,0,18,0,2,7
533302682,0,,,15,9,6,3,3,0,12,6,6,6,4,2,12,6,6,12,6,6,6,2,4,3,1,2,0,0,0,0,0,0,0,0,0,4,4,0,1,1,0,2,0,0,4,2,2,1,3,0,0,1
533302683,0,,,96,47,49,12,5,7,84,42,42,42,22,20,82,41,41,82,41,41,42,20,22,23,11,12,9,4,5,0,0,0,0,0,0,33,33,5,13,4,6,3,1,1,27,18,9,2,24,0,3,8
533302684,0,,,18,7,11,2,1,1,16,6,10,9,4,5,16,6,10,16,6,10,7,2,5,4,0,4,3,0,3,0,0,0,1,0,1,6,6,2,0,2,1,0,1,0,4,1,3,1,4,0,2,0
533302691,0,,,81,42,39,10,6,4,70,35,35,42,22,20,67,33,34,65,32,33,28,13,15,13,5,8,3,1,2,0,0,0,0,0,0,25,25,5,8,3,3,1,2,3,20,12,8,3,18,0,3,5
533302692,0,,,100,49,51,15,9,6,85,40,45,48,25,23,83,39,44,83,39,44,37,15,22,20,7,13,7,3,4,0,0,0,0,0,0,33,33,5,10,8,3,5,1,1,28,18,10,5,25,0,5,7
533302693,0,,,73,35,38,11,8,3,62,27,35,42,20,22,60,27,33,60,27,33,20,7,13,9,4,5,3,3,0,0,0,0,0,0,0,19,19,2,4,2,5,1,3,2,17,9,8,2,13,0,1,1
533302703,0,,,30,15,15,1,1,0,29,14,15,18,10,8,26,12,14,26,12,14,11,4,7,5,2,3,3,2,1,0,0,0,0,0,0,10,10,2,3,2,1,1,0,1,8,6,2,0,6,0,1,1
533302704,0,,,45,24,21,4,3,1,41,21,20,25,14,11,40,20,20,40,20,20,16,7,9,5,1,4,2,0,2,0,0,0,0,0,0,13,13,0,3,5,2,2,1,0,13,8,5,0,11,0,0,3
533302711,0,,,195,93,102,18,11,7,177,82,95,100,52,48,173,81,92,171,80,91,77,30,47,42,14,28,20,7,13,2,0,2,0,0,0,56,56,9,10,11,13,4,3,6,46,16,30,7,50,0,8,6
533302712,0,,,22,9,13,7,2,5,15,7,8,7,4,3,15,7,8,15,7,8,8,3,5,3,1,2,1,0,1,0,0,0,0,0,0,9,9,3,2,2,1,1,0,0,6,5,1,2,4,0,1,2
533302713,0,,,112,51,61,10,4,6,102,47,55,53,24,29,101,46,55,100,46,54,49,23,26,23,9,14,13,4,9,2,0,2,4,1,3,38,38,6,14,8,3,4,1,2,31,21,10,5,29,0,3,7
533302714,0,,,29,14,15,1,1,0,28,13,15,13,7,6,27,12,15,27,12,15,15,6,9,5,2,3,2,0,2,0,0,0,0,0,0,8,8,0,4,1,0,1,1,1,8,4,4,0,7,0,0,3
533302732,0,,,11,5,6,1,0,1,10,5,5,3,2,1,9,4,5,9,4,5,7,3,4,4,1,3,2,0,2,0,0,0,0,0,0,4,4,1,1,1,0,1,0,0,3,1,2,0,4,0,1,1
533302742,2,533302644,,8,4,4,*,*,*,*,*,*,*,*,*,*,*,*,*,*,*,*,*,*,*,*,*,*,*,*,*,*,*,*,*,*,2,2,*,*,*,*,*,*,*,*,*,*,*,*,*,*,*
533302752,0,,,21,8,13,0,0,0,21,8,13,11,5,6,21,8,13,21,8,13,10,3,7,6,1,5,2,0,2,0,0,0,0,0,0,9,9,1,5,2,1,0,0,0,8,6,2,0,8,0,1,3
533302761,0,,,10,6,4,0,0,0,10,6,4,8,5,3,9,5,4,9,5,4,2,1,1,2,1,1,0,0,0,0,0,0,0,0,0,4,4,1,1,1,1,0,0,0,3,2,1,0,1,0,0,0
533302762,1,,533302763,57,27,30,6,3,3,55,27,28,33,18,15,54,26,28,52,25,27,22,9,13,9,4,5,1,0,1,0,0,0,0,0,0,18,18,1,7,2,6,2,1,0,18,12,6,2,15,0,0,2
533302763,2,533302762,,4,3,1,*,*,*,*,*,*,*,*,*,*,*,*,*,*,*,*,*,*,*,*,*,*,*,*,*,*,*,*,*,*,1,1,*,*,*,*,*,*,*,*,*,*,*,*,*,*,*
533302771,0,,,77,33,44,10,5,5,67,28,39,45,19,26,65,28,37,64,27,37,22,9,13,12,3,9,4,1,3,0,0,0,0,0,0,25,25,2,8,4,9,1,1,0,23,15,8,3,15,0,2,1
533302772,0,,,119,56,63,9,5,4,110,51,59,58,27,31,108,50,58,104,48,56,52,24,28,15,6,9,4,2,2,1,0,1,0,0,0,45,45,8,16,13,4,1,2,1,37,29,8,3,32,0,6,8
533302773,0,,,117,53,64,13,4,9,103,48,55,43,20,23,103,48,55,103,48,55,60,28,32,22,13,9,6,3,3,1,0,1,0,0,0,49,49,11,20,9,7,1,1,0,37,32,5,1,34,0,6,15
533302774,0,,,139,65,74,9,3,6,130,62,68,68,31,37,129,61,68,126,60,66,62,31,31,27,11,16,10,3,7,1,1,0,1,1,0,50,50,10,15,12,4,7,2,0,40,29,11,3,40,0,8,9
533302781,1,,533302782,40,17,23,6,1,5,40,19,21,22,11,11,36,17,19,35,16,19,18,8,10,8,3,5,4,1,3,0,0,0,0,0,0,12,12,3,4,4,0,1,3,0,12,8,4,1,11,0,2,2
533302782,2,533302781,,6,3,3,*,*,*,*,*,*,*,*,*,*,*,*,*,*,*,*,*,*,*,*,*,*,*,*,*,*,*,*,*,*,3,3,*,*,*,*,*,*,*,*,*,*,*,*,*,*,*
533302783,0,,,23,10,13,1,1,0,22,9,13,10,3,7,20,9,11,20,9,11,12,6,6,5,3,2,1,1,0,0,0,0,0,0,0,9,9,2,2,3,2,0,0,0,7,6,1,0,7,0,2,1
533302784,0,,,139,53,86,11,8,3,128,45,83,29,14,15,126,45,81,126,45,81,99,31,68,75,20,55,42,8,34,7,1,6,0,0,0,27,26,5,10,5,2,0,2,2,21,14,7,3,23,0,4,6
533302791,0,,,334,146,188,42,19,23,285,124,161,185,88,97,267,115,152,259,109,150,100,36,64,44,14,30,9,2,7,0,0,0,1,1,0,137,137,37,50,21,19,5,3,2,98,80,18,11,74,0,21,15
533302792,0,,,690,325,365,60,31,29,628,293,335,288,140,148,611,290,321,606,289,317,340,153,187,161,81,80,32,17,15,2,0,2,1,0,1,273,273,42,123,62,25,14,5,2,230,193,37,17,207,0,36,87
533302793,0,,,718,327,391,62,30,32,650,296,354,396,198,198,634,286,348,622,276,346,254,98,156,119,46,73,24,8,16,2,0,2,4,1,3,323,323,112,111,49,33,11,5,2,207,174,33,7,189,2,72,33
533302794,0,,,1105,504,601,123,66,57,960,429,531,528,237,291,920,405,515,898,391,507,432,192,240,177,78,99,48,14,34,6,1,5,4,1,3,467,466,138,176,65,46,24,13,4,323,274,49,30,296,0,100,90
533302802,0,,,52,23,29,7,4,3,45,19,26,20,9,11,44,19,25,44,19,25,25,10,15,12,4,8,6,2,4,0,0,0,0,0,0,17,17,1,6,5,3,1,0,1,16,9,7,3,15,0,1,5
533302803,2,533302804,,6,2,4,*,*,*,*,*,*,*,*,*,*,*,*,*,*,*,*,*,*,*,*,*,*,*,*,*,*,*,*,*,*,3,3,*,*,*,*,*,*,*,*,*,*,*,*,*,*,*
533302804,1,,533302803,38,17,21,0,0,0,44,19,25,25,12,13,44,19,25,44,19,25,19,7,12,9,3,6,1,0,1,0,0,0,0,0,0,14,14,5,6,2,0,3,1,0,12,8,4,0,13,0,3,4
533302813,0,,,57,30,27,19,12,7,38,18,20,25,12,13,38,18,20,38,18,20,13,6,7,3,2,1,1,1,0,0,0,0,0,0,0,18,18,2,5,4,2,5,0,0,16,14,2,4,8,0,0,4
533302814,0,,,19,8,11,1,1,0,18,7,11,11,5,6,17,7,10,17,7,10,7,2,5,4,1,3,0,0,0,0,0,0,0,0,0,6,6,1,1,2,0,2,0,0,5,1,4,0,5,0,0,0
533302821,2,533302823,,7,4,3,*,*,*,*,*,*,*,*,*,*,*,*,*,*,*,*,*,*,*,*,*,*,*,*,*,*,*,*,*,*,2,2,*,*,*,*,*,*,*,*,*,*,*,*,*,*,*
533302822,2,533302823,,2,1,1,*,*,*,*,*,*,*,*,*,*,*,*,*,*,*,*,*,*,*,*,*,*,*,*,*,*,*,*,*,*,1,1,*,*,*,*,*,*,*,*,*,*,*,*,*,*,*
533302823,1,,533302821;533302822,107,52,55,6,2,4,110,55,55,66,36,30,104,52,52,101,52,49,44,19,25,27,10,17,9,4,5,4,1,3,0,0,0,24,24,3,3,2,6,4,7,2,24,5,19,1,25,0,3,1
533302831,2,533302832,,10,4,6,*,*,*,*,*,*,*,*,*,*,*,*,*,*,*,*,*,*,*,*,*,*,*,*,*,*,*,*,*,*,3,3,*,*,*,*,*,*,*,*,*,*,*,*,*,*,*
533302832,1,,533302831,38,18,20,2,0,2,46,22,24,23,13,10,45,21,24,43,19,24,23,9,14,9,2,7,2,0,2,0,0,0,0,0,0,11,11,2,4,2,1,2,3,0,12,4,8,1,14,0,2,2
533302834,0,,,31,13,18,2,1,1,29,12,17,17,7,10,28,12,16,27,12,15,12,5,7,7,2,5,4,1,3,1,0,1,0,0,0,8,8,0,1,3,3,0,0,1,8,2,6,0,7,0,0,1
533302842,2,533302844,,3,2,1,*,*,*,*,*,*,*,*,*,*,*,*,*,*,*,*,*,*,*,*,*,*,*,*,*,*,*,*,*,*,2,2,*,*,*,*,*,*,*,*,*,*,*,*,*,*,*
533302843,0,,,14,7,7,0,0,0,14,7,7,6,3,3,14,7,7,14,7,7,8,4,4,6,3,3,3,1,2,0,0,0,0,0,0,6,6,2,1,2,1,0,0,0,4,2,2,0,6,0,2,1
533302844,1,,533302842,30,15,15,0,0,0,33,17,16,15,8,7,32,17,15,31,16,15,18,9,9,9,4,5,3,1,2,0,0,0,0,0,0,10,10,3,4,1,2,1,1,0,9,5,4,0,11,0,2,3
533302851,2,533302853,,7,3,4,*,*,*,*,*,*,*,*,*,*,*,*,*,*,*,*,*,*,*,*,*,*,*,*,*,*,*,*,*,*,2,2,*,*,*,*,*,*,*,*,*,*,*,*,*,*,*
533302853,1,,533302851;533302854,125,57,68,11,4,7,127,57,70,65,33,32,125,56,69,124,56,68,62,24,38,33,13,20,14,4,10,3,1,2,0,0,0,42,42,10,15,8,7,0,3,4,37,23,14,4,38,0,7,7
533302854,2,533302853,,6,1,5,*,*,*,*,*,*,*,*,*,*,*,*,*,*,*,*,*,*,*,*,*,*,*,*,*,*,*,*,*,*,3,3,*,*,*,*,*,*,*,*,*,*,*,*,*,*,*
533302863,1,,533302864,64,38,26,9,7,2,61,33,28,34,20,14,59,31,28,58,30,28,27,13,14,16,9,7,4,2,2,3,1,2,0,0,0,18,18,2,4,6,2,4,0,2,18,10,8,3,16,0,2,2
533302864,2,533302863,,6,2,4,*,*,*,*,*,*,*,*,*,*,*,*,*,*,*,*,*,*,*,*,*,*,*,*,*,*,*,*,*,*,2,2,*,*,*,*,*,*,*,*,*,*,*,*,*,*,*
533302871,0,,,269,135,134,23,11,12,240,122,118,139,77,62,230,117,113,225,114,111,101,45,56,50,20,30,12,5,7,1,1,0,1,0,1,99,99,27,26,20,10,10,4,2,69,42,27,4,66,1,12,9
533302872,0,,,31,22,9,0,0,0,29,21,8,17,13,4,29,21,8,29,21,8,12,8,4,2,1,1,0,0,0,0,0,0,0,0,0,8,7,7,0,0,0,0,0,0,0,0,0,0,3,0,3,0
533302873,0,,,98,45,53,9,4,5,89,41,48,45,20,25,89,41,48,88,41,47,44,21,23,19,7,12,3,2,1,0,0,0,0,0,0,34,34,5,12,6,6,3,2,0,29,23,6,2,28,0,5,9
533302874,0,,,512,253,259,66,30,36,442,220,222,246,135,111,425,210,215,418,206,212,196,85,111,107,42,65,18,8,10,1,1,0,11,4,7,190,190,38,68,37,22,16,6,3,148,115,33,14,132,0,27,34
533302881,0,,,258,57,201,0,0,0,258,57,201,1,1,0,258,57,201,258,57,201,257,56,201,233,41,192,175,19,156,56,4,52,1,0,1,5,0,0,0,0,0,0,0,0,0,0,0,0,0,0,0,0
533302882,2,533302883,,6,4,2,*,*,*,*,*,*,*,*,*,*,*,*,*,*,*,*,*,*,*,*,*,*,*,*,*,*,*,*,*,*,2,2,*,*,*,*,*,*,*,*,*,*,*,*,*,*,*
533302883,1,,533302882,139,63,76,19,10,9,126,57,69,94,44,50,119,54,65,116,52,64,32,13,19,14,4,10,5,1,4,0,0,0,0,0,0,44,44,4,11,14,9,7,1,0,42,33,9,6,19,0,2,5
533302884,0,,,19,11,8,0,0,0,19,11,8,6,4,2,19,11,8,18,11,7,13,7,6,5,3,2,1,1,0,1,1,0,0,0,0,7,7,1,1,4,1,0,0,0,6,3,3,0,6,0,0,1
533302891,0,,,269,135,134,28,12,16,241,123,118,149,77,72,230,116,114,220,109,111,92,46,46,43,22,21,15,7,8,4,2,2,1,1,0,88,88,11,27,21,13,10,3,3,77,57,20,5,53,0,6,16
533302892,0,,,696,329,367,91,43,48,600,282,318,342,171,171,581,269,312,574,264,310,258,111,147,132,52,80,42,12,30,6,1,5,0,0,0,266,266,59,98,47,32,19,7,4,205,158,47,22,166,3,35,45
533302893,0,,,604,298,306,53,31,22,544,263,281,341,173,168,527,254,273,516,245,271,203,90,113,118,49,69,28,13,15,2,0,2,5,2,3,214,214,34,71,46,39,11,12,1,178,133,45,16,129,0,20,38
533302894,0,,,427,206,221,53,29,24,355,168,187,230,116,114,346,161,185,341,157,184,125,52,73,73,29,44,16,4,12,0,0,0,3,1,2,186,186,67,52,33,23,5,4,2,117,96,21,16,80,11,16,20
533302901,0,,,142,70,72,14,11,3,128,59,69,73,35,38,124,57,67,122,55,67,55,24,31,34,14,20,7,1,6,0,0,0,0,0,0,45,45,7,10,16,5,5,0,2,37,25,12,4,38,0,6,5
533302902,0,,,49,20,29,3,0,3,46,20,26,20,10,10,44,19,25,43,19,24,26,10,16,14,6,8,1,0,1,0,0,0,0,0,0,17,17,2,7,3,2,2,1,0,15,8,7,1,15,0,1,5
533302903,0,,,47,26,21,5,3,2,42,23,19,23,14,9,41,23,18,41,23,18,19,9,10,11,6,5,3,1,2,0,0,0,0,0,0,15,15,3,3,4,2,1,1,1,11,8,3,2,11,0,2,1
533302904,0,,,47,20,27,4,2,2,43,18,25,21,10,11,40,17,23,39,17,22,22,8,14,11,3,8,5,2,3,0,0,0,0,0,0,13,13,2,3,1,3,1,2,1,11,4,7,0,12,0,1,1
533302911,2,533302912,,10,5,5,*,*,*,*,*,*,*,*,*,*,*,*,*,*,*,*,*,*,*,*,*,*,*,*,*,*,*,*,*,*,3,3,*,*,*,*,*,*,*,*,*,*,*,*,*,*,*
533302912,1,,533302911,3,1,2,0,0,0,13,6,7,8,4,4,13,6,7,13,6,7,5,2,3,3,1,2,1,1,0,0,0,0,0,0,0,1,1,0,1,1,2,0,0,0,4,2,2,0,3,0,0,0
533302924,0,,,48,21,27,4,0,4,44,21,23,31,16,15,44,21,23,43,20,23,13,5,8,9,4,5,1,0,1,0,0,0,0,0,0,19,19,8,3,2,2,4,0,0,10,7,3,1,10,0,4,1
533302932,0,,,72,35,37,6,4,2,66,31,35,41,17,24,61,28,33,59,27,32,25,14,11,11,6,5,6,2,4,0,0,0,1,1,0,22,22,3,8,5,0,2,3,1,19,8,11,2,17,0,2,3
533302933,1,,533302934,85,41,44,7,4,3,81,38,43,44,23,21,79,36,43,77,35,42,37,15,22,18,6,12,8,3,5,1,1,0,0,0,0,28,28,5,4,9,9,1,0,1,24,16,8,3,23,0,4,4
533302934,2,533302933,,3,1,2,*,*,*,*,*,*,*,*,*,*,*,*,*,*,*,*,*,*,*,*,*,*,*,*,*,*,*,*,*,*,1,1,*,*,*,*,*,*,*,*,*,*,*,*,*,*,*
533302941,1,,533302942,30,17,13,10,4,6,29,16,13,23,13,10,29,16,13,29,16,13,6,3,3,3,1,2,0,0,0,0,0,0,5,3,2,13,13,7,2,1,3,1,0,1,8,6,2,4,5,0,2,0
533302942,2,533302941,,10,4,6,*,*,*,*,*,*,*,*,*,*,*,*,*,*,*,*,*,*,*,*,*,*,*,*,*,*,*,*,*,*,2,2,*,*,*,*,*,*,*,*,*,*,*,*,*,*,*
533302951,0,,,134,65,69,12,6,6,104,50,54,78,39,39,102,49,53,101,49,52,26,11,15,12,4,8,4,1,3,0,0,0,0,0,0,77,77,42,19,11,4,1,0,0,33,32,1,6,17,6,4,5
533302952,0,,,181,85,96,22,14,8,156,70,86,88,43,45,153,69,84,152,68,84,68,27,41,37,14,23,19,6,13,1,0,1,2,1,1,64,64,15,15,13,11,9,0,1,48,33,15,6,46,1,9,7
533302953,0,,,38,17,21,5,3,2,33,14,19,24,10,14,31,13,18,30,13,17,9,4,5,2,1,1,0,0,0,0,0,0,0,0,0,15,15,1,8,3,3,0,0,0,14,14,0,0,5,0,0,4
533302954,0,,,1155,564,591,166,87,79,957,450,507,659,325,334,925,440,485,911,432,479,298,125,173,122,50,72,29,12,17,3,0,3,5,2,3,524,524,202,140,99,52,21,9,1,319,274,45,47,204,29,60,54
533302961,0,,,157,81,76,19,12,7,131,66,65,87,46,41,127,65,62,127,65,62,44,20,24,20,8,12,7,2,5,0,0,0,0,0,0,62,62,19,19,11,4,3,6,0,41,28,13,6,26,3,4,4
533302962,0,,,35,14,21,0,0,0,35,14,21,26,13,13,34,14,20,34,14,20,9,1,8,4,1,3,1,0,1,0,0,0,0,0,0,13,13,3,3,4,1,2,0,0,10,7,3,0,8,0,2,1
533302963,0,,,200,99,101,21,9,12,161,82,79,132,68,64,157,80,77,154,78,76,29,14,15,13,6,7,5,1,4,0,0,0,0,0,0,106,106,51,29,18,5,2,0,1,54,50,4,13,19,12,2,7
533302964,0,,,317,154,163,44,24,20,255,121,134,210,102,108,250,118,132,245,117,128,45,19,26,22,7,15,9,1,8,1,0,1,3,2,1,164,164,90,30,20,16,5,3,0,71,60,11,16,31,19,10,6
533302971,2,533302972,,6,4,2,*,*,*,*,*,*,*,*,*,*,*,*,*,*,*,*,*,*,*,*,*,*,*,*,*,*,*,*,*,*,2,2,*,*,*,*,*,*,*,*,*,*,*,*,*,*,*
533302972,1,,533302971;533302974,298,143,155,33,19,14,274,129,145,144,73,71,266,125,141,262,124,138,130,56,74,67,27,40,21,3,18,2,0,2,0,0,0,103,102,18,38,18,20,7,2,3,86,64,22,7,74,0,9,27
533302973,0,,,20,7,13,5,1,4,15,6,9,10,5,5,14,5,9,14,5,9,5,1,4,2,0,2,1,0,1,0,0,0,0,0,0,7,7,2,0,2,3,0,0,0,5,4,1,2,3,0,1,0
533302974,2,533302972,,5,2,3,*,*,*,*,*,*,*,*,*,*,*,*,*,*,*,*,*,*,*,*,*,*,*,*,*,*,*,*,*,*,2,2,*,*,*,*,*,*,*,*,*,*,*,*,*,*,*
533302981,0,,,332,175,157,38,24,14,294,151,143,221,117,104,276,141,135,267,133,134,73,34,39,31,15,16,5,1,4,1,0,1,3,1,2,112,112,13,29,34,27,6,1,2,97,78,19,8,47,0,6,10
533302982,0,,,310,149,161,12,10,2,297,138,159,143,74,69,294,137,157,292,135,157,154,64,90,88,33,55,29,9,20,1,1,0,0,0,0,43,42,9,12,9,7,5,0,0,33,26,7,5,25,0,6,10
533302983,0,,,87,40,47,7,5,2,80,35,45,34,13,21,78,34,44,77,34,43,46,22,24,19,10,9,6,4,2,1,0,1,0,0,0,34,34,6,14,6,6,1,1,0,28,21,7,2,29,0,6,8
533302984,0,,,355,161,194,44,24,20,310,137,173,171,75,96,304,134,170,300,132,168,139,62,77,61,29,32,13,6,7,0,0,0,0,0,0,145,145,32,60,25,18,4,6,0,112,100,12,13,89,1,19,38
533302991,0,,,59,28,31,11,6,5,48,22,26,30,14,16,46,22,24,46,22,24,18,8,10,8,4,4,2,1,1,0,0,0,4,2,2,24,24,5,12,2,3,0,2,0,18,17,1,3,13,0,4,4
533302992,0,,,65,31,34,8,3,5,57,28,29,38,20,18,55,27,28,54,26,28,19,8,11,8,4,4,3,0,3,1,0,1,0,0,0,19,19,1,4,7,2,3,2,0,18,11,7,4,11,0,0,2
533302993,0,,,60,27,33,5,3,2,55,24,31,30,14,16,52,23,29,50,22,28,25,10,15,13,6,7,1,0,1,1,0,1,0,0,0,24,24,3,11,7,1,2,0,0,21,18,3,2,15,0,2,8
533302994,0,,,114,58,56,17,7,10,97,51,46,50,28,22,93,48,45,93,48,45,47,23,24,19,7,12,12,4,8,1,0,1,1,1,0,36,36,4,11,8,7,1,4,1,32,23,9,2,27,0,4,6
533303022,0,,,8,4,4,0,0,0,8,4,4,2,1,1,8,4,4,8,4,4,6,3,3,5,3,2,0,0,0,0,0,0,0,0,0,4,4,0,4,0,0,0,0,0,4,4,0,0,3,0,0,3
533303024,0,,,18,6,12,0,0,0,18,6,12,7,2,5,17,6,11,17,6,11,11,4,7,7,2,5,3,1,2,0,0,0,0,0,0,7,7,2,1,3,0,1,0,0,5,3,2,0,6,0,2,0
533303031,2,533303033,,10,5,5,*,*,*,*,*,*,*,*,*,*,*,*,*,*,*,*,*,*,*,*,*,*,*,*,*,*,*,*,*,*,3,3,*,*,*,*,*,*,*,*,*,*,*,*,*,*,*
533303033,1,,533303031,29,16,13,6,5,1,33,16,17,23,11,12,30,14,16,30,14,16,10,5,5,7,2,5,2,0,2,0,0,0,0,0,0,9,9,2,2,3,1,4,0,0,10,7,3,2,6,0,1,1
533303042,0,,,14,5,9,1,0,1,13,5,8,8,4,4,13,5,8,13,5,8,5,1,4,3,0,3,1,0,1,0,0,0,0,0,0,4,4,0,0,2,2,0,0,0,4,1,3,0,4,0,0,0
533303044,0,,,86,41,45,7,5,2,79,36,43,39,17,22,76,34,42,74,33,41,40,19,21,12,4,8,8,2,6,2,0,2,0,0,0,27,27,2,8,8,4,3,1,1,25,15,10,1,21,0,0,7
533303051,2,533303053,,6,3,3,*,*,*,*,*,*,*,*,*,*,*,*,*,*,*,*,*,*,*,*,*,*,*,*,*,*,*,*,*,*,2,2,*,*,*,*,*,*,*,*,*,*,*,*,*,*,*
533303053,1,,533303051,156,72,84,15,4,11,147,71,76,83,41,42,139,66,73,135,64,71,64,30,34,19,5,14,8,1,7,0,0,0,3,2,1,56,56,10,24,7,7,7,2,1,47,35,12,3,45,0,8,11
533303064,1,,533303073;533303171,9,5,4,0,0,0,19,12,7,6,4,2,19,12,7,19,12,7,13,8,5,11,6,5,1,1,0,0,0,0,0,0,0,5,5,2,4,3,0,0,0,0,7,7,0,0,8,0,2,4
533303073,2,533303064,,8,6,2,*,*,*,*,*,*,*,*,*,*,*,*,*,*,*,*,*,*,*,*,*,*,*,*,*,*,*,*,*,*,3,3,*,*,*,*,*,*,*,*,*,*,*,*,*,*,*
533303082,0,,,16,7,9,0,0,0,16,7,9,2,1,1,16,7,9,16,7,9,14,6,8,3,0,3,3,0,3,1,0,1,0,0,0,7,7,1,3,3,0,0,0,0,6,3,3,0,7,0,1,3
533303083,1,,533303182,44,20,24,3,1,2,43,20,23,21,8,13,41,20,21,40,20,20,22,12,10,14,7,7,3,1,2,0,0,0,0,0,0,15,15,4,4,4,1,2,0,1,12,8,4,0,14,0,3,2
533303092,2,533303093,,7,2,5,*,*,*,*,*,*,*,*,*,*,*,*,*,*,*,*,*,*,*,*,*,*,*,*,*,*,*,*,*,*,4,4,*,*,*,*,*,*,*,*,*,*,*,*,*,*,*
533303093,1,,533303092;533303094,6,4,2,1,0,1,17,8,9,11,6,5,17,8,9,17,8,9,6,2,4,5,2,3,1,1,0,0,0,0,0,0,0,3,3,3,4,1,1,0,0,0,6,5,1,0,4,0,0,1
533303094,2,533303093,,5,2,3,*,*,*,*,*,*,*,*,*,*,*,*,*,*,*,*,*,*,*,*,*,*,*,*,*,*,*,*,*,*,2,2,*,*,*,*,*,*,*,*,*,*,*,*,*,*,*
533303101,0,,,30,12,18,3,0,3,27,12,15,15,6,9,26,12,14,25,11,14,12,6,6,7,4,3,1,1,0,0,0,0,0,0,0,8,8,0,1,4,1,1,0,1,8,5,3,1,7,0,0,1
533303103,0,,,29,11,18,8,3,5,21,8,13,11,4,7,21,8,13,20,8,12,10,4,6,4,1,3,2,1,1,0,0,0,0,0,0,6,6,1,1,0,1,1,0,2,5,1,4,3,5,0,1,0
533303114,2,533303212,,5,2,3,*,*,*,*,*,*,*,*,*,*,*,*,*,*,*,*,*,*,*,*,*,*,*,*,*,*,*,*,*,*,2,2,*,*,*,*,*,*,*,*,*,*,*,*,*,*,*
533303131,0,,,25,12,13,9,5,4,16,7,9,16,7,9,15,7,8,15,7,8,0,0,0,0,0,0,0,0,0,0,0,0,0,0,0,6,6,0,0,1,3,2,0,0,6,6,0,2,0,0,0,0
533303133,0,,,25,14,11,3,3,0,22,11,11,7,5,2,22,11,11,22,11,11,15,6,9,10,4,6,2,0,2,0,0,0,0,0,0,10,10,3,3,3,0,0,0,1,7,6,1,1,9,0,2,3
533303134,0,,,32,17,15,5,5,0,27,12,15,9,5,4,27,12,15,27,12,15,18,7,11,8,2,6,6,1,5,0,0,0,0,0,0,8,8,0,2,3,1,0,0,2,8,3,5,2,8,0,0,2
533303141,0,,,21,9,12,2,1,1,19,8,11,13,6,7,18,7,11,18,7,11,6,2,4,2,0,2,0,0,0,0,0,0,0,0,0,6,6,1,1,2,1,0,0,1,5,2,3,0,4,0,0,0
533303142,0,,,239,118,121,26,14,12,213,104,109,131,69,62,206,100,106,201,97,104,82,35,47,51,20,31,16,5,11,1,0,1,4,3,1,96,96,33,20,26,4,8,3,2,63,48,15,7,55,4,17,9
533303144,0,,,301,142,159,31,16,15,270,126,144,146,71,75,262,121,141,256,118,138,124,55,69,67,29,38,29,7,22,1,1,0,0,0,0,114,114,31,32,24,14,6,3,4,81,54,27,7,84,1,21,17
533303151,0,,,259,125,134,27,12,15,232,113,119,117,61,56,226,110,116,223,109,114,115,52,63,53,23,30,13,4,9,1,0,1,0,0,0,96,96,15,36,28,7,4,3,3,80,60,20,3,70,0,12,15
533303153,0,,,16,8,8,0,0,0,16,8,8,14,6,8,16,8,8,16,8,8,2,2,0,0,0,0,0,0,0,0,0,0,0,0,0,7,7,1,4,1,1,0,0,0,6,6,0,0,2,0,1,0
533303162,0,,,11,5,6,0,0,0,11,5,6,5,3,2,10,4,6,10,4,6,6,2,4,6,2,4,3,1,2,0,0,0,0,0,0,5,5,1,2,2,0,0,0,0,4,4,0,0,4,0,1,1
533303171,2,533303064,,2,1,1,*,*,*,*,*,*,*,*,*,*,*,*,*,*,*,*,*,*,*,*,*,*,*,*,*,*,*,*,*,*,1,1,*,*,*,*,*,*,*,*,*,*,*,*,*,*,*
533303182,2,533303083,,2,1,1,*,*,*,*,*,*,*,*,*,*,*,*,*,*,*,*,*,*,*,*,*,*,*,*,*,*,*,*,*,*,1,1,*,*,*,*,*,*,*,*,*,*,*,*,*,*,*
533303191,0,,,8,4,4,0,0,0,8,4,4,1,1,0,8,4,4,8,4,4,7,3,4,1,1,0,0,0,0,0,0,0,0,0,0,5,5,2,3,0,0,0,0,0,3,3,0,0,5,0,2,2
533303192,0,,,16,8,8,1,1,0,15,7,8,9,4,5,15,7,8,14,7,7,6,3,3,0,0,0,0,0,0,0,0,0,0,0,0,7,7,0,5,2,0,0,0,0,7,7,0,0,3,0,0,3
533303201,0,,,54,27,27,7,4,3,47,23,24,26,13,13,47,23,24,47,23,24,21,10,11,14,8,6,4,2,2,0,0,0,0,0,0,15,15,2,4,3,1,1,2,2,13,5,8,0,14,0,2,3
533303202,0,,,50,25,25,5,2,3,45,23,22,22,12,10,45,23,22,45,23,22,23,11,12,14,6,8,5,2,3,1,0,1,0,0,0,16,16,1,7,3,1,2,2,0,15,11,4,0,13,0,1,4
533303203,0,,,46,21,25,2,1,1,44,20,24,23,10,13,43,20,23,42,19,23,21,10,11,6,3,3,2,1,1,0,0,0,0,0,0,16,16,3,4,5,1,2,1,0,13,8,5,0,13,0,2,4
533303204,0,,,31,18,13,0,0,0,31,18,13,20,13,7,29,17,12,29,17,12,11,5,6,10,5,5,2,1,1,0,0,0,0,0,0,10,10,1,3,3,1,1,1,0,8,4,4,0,8,0,1,0
533303212,1,,533303114,16,8,8,5,3,2,16,7,9,9,5,4,16,7,9,16,7,9,7,2,5,4,1,3,3,1,2,0,0,0,0,0,0,4,4,1,1,1,2,0,0,1,5,3,2,2,4,0,1,0
533303214,0,,,22,9,13,1,1,0,21,8,13,12,6,6,21,8,13,21,8,13,9,2,7,6,0,6,4,0,4,0,0,0,0,0,0,6,6,0,2,1,1,1,1,0,6,3,3,1,6,0,0,0
533303241,2,533303242,,7,4,3,*,*,*,*,*,*,*,*,*,*,*,*,*,*,*,*,*,*,*,*,*,*,*,*,*,*,*,*,*,*,2,2,*,*,*,*,*,*,*,*,*,*,*,*,*,*,*
533303242,1,,533303241,190,55,135,5,2,3,192,57,135,29,17,12,190,56,134,189,55,134,163,40,123,145,33,112,108,22,86,26,4,22,0,0,0,22,18,5,7,3,1,3,1,0,14,10,4,0,12,0,3,4
533303243,0,,,27,14,13,2,1,1,25,13,12,16,9,7,23,12,11,23,12,11,9,4,5,7,3,4,2,1,1,1,1,0,0,0,0,7,7,1,1,0,3,0,2,0,6,2,4,1,6,0,1,0
533303244,0,,,34,19,15,2,2,0,32,17,15,18,10,8,30,16,14,29,15,14,14,7,7,7,2,5,4,1,3,0,0,0,0,0,0,12,12,4,1,4,1,1,0,1,8,4,4,0,9,0,3,0
533303254,2,533303353,,2,1,1,*,*,*,*,*,*,*,*,*,*,*,*,*,*,*,*,*,*,*,*,*,*,*,*,*,*,*,*,*,*,1,1,*,*,*,*,*,*,*,*,*,*,*,*,*,*,*
533303264,2,533303371,,7,2,5,*,*,*,*,*,*,*,*,*,*,*,*,*,*,*,*,*,*,*,*,*,*,*,*,*,*,*,*,*,*,3,3,*,*,*,*,*,*,*,*,*,*,*,*,*,*,*
533303281,1,,533303282,54,25,29,0,0,0,55,26,29,24,10,14,54,25,29,54,25,29,31,16,15,11,4,7,2,0,2,1,0,1,0,0,0,26,26,11,7,6,3,0,0,0,16,11,5,0,22,0,9,4
533303282,2,533303281,,1,1,0,*,*,*,*,*,*,*,*,*,*,*,*,*,*,*,*,*,*,*,*,*,*,*,*,*,*,*,*,*,*,1,1,*,*,*,*,*,*,*,*,*,*,*,*,*,*,*
533303292,0,,,14,9,5,0,0,0,14,9,5,10,7,3,13,8,5,11,6,5,4,2,2,2,1,1,0,0,0,0,0,0,0,0,0,4,4,0,0,2,2,0,0,0,4,4,0,0,2,0,0,0
533303293,0,,,47,23,24,1,0,1,46,23,23,18,10,8,45,22,23,45,22,23,28,13,15,18,7,11,9,4,5,1,0,1,0,0,0,20,20,6,5,6,2,1,0,0,14,10,4,0,18,0,5,4
533303301,0,,,118,56,62,16,9,7,102,47,55,56,28,28,100,46,54,100,46,54,46,19,27,28,11,17,14,4,10,0,0,0,0,0,0,38,38,8,8,13,1,4,1,3,30,19,11,4,29,0,6,5
533303302,0,,,12,6,6,0,0,0,12,6,6,9,5,4,12,6,6,12,6,6,3,1,2,1,0,1,1,0,1,1,0,1,0,0,0,4,4,1,1,0,1,1,0,0,3,2,1,0,1,0,0,0
533303303,0,,,28,14,14,2,1,1,26,13,13,12,7,5,25,12,13,25,12,13,14,6,8,8,4,4,1,0,1,0,0,0,0,0,0,8,8,1,2,1,3,0,0,1,7,3,4,0,8,0,1,0
533303304,0,,,15,9,6,0,0,0,15,9,6,5,3,2,15,9,6,15,9,6,10,6,4,6,3,3,2,1,1,0,0,0,0,0,0,5,5,0,2,2,0,1,0,0,5,4,1,0,5,0,0,2
533303311,2,533303313,,11,6,5,*,*,*,*,*,*,*,*,*,*,*,*,*,*,*,*,*,*,*,*,*,*,*,*,*,*,*,*,*,*,3,3,*,*,*,*,*,*,*,*,*,*,*,*,*,*,*
533303313,1,,533303311,18,7,11,2,1,1,27,12,15,12,6,6,27,12,15,27,12,15,15,6,9,9,3,6,2,1,1,0,0,0,0,0,0,7,7,3,2,2,1,0,2,0,7,3,4,0,10,0,3,1
533303324,0,,,25,13,12,3,1,2,22,12,10,10,5,5,20,11,9,20,11,9,12,7,5,5,3,2,0,0,0,0,0,0,0,0,0,7,7,1,2,1,1,0,1,1,5,2,3,1,7,0,1,1
533303332,0,,,50,26,24,2,1,1,48,25,23,26,14,12,46,23,23,46,23,23,22,11,11,10,4,6,3,1,2,0,0,0,0,0,0,20,20,7,7,1,2,0,3,0,13,8,5,0,13,0,2,5
533303333,0,,,22,9,13,3,0,3,19,9,10,12,7,5,19,9,10,19,9,10,7,2,5,4,1,3,1,0,1,1,0,1,0,0,0,7,7,1,2,2,0,1,1,0,6,2,4,1,5,0,1,0
533303334,0,,,42,14,28,6,2,4,36,12,24,21,8,13,36,12,24,36,12,24,15,4,11,8,1,7,5,0,5,0,0,0,0,0,0,12,12,3,1,3,1,3,0,1,9,2,7,4,10,0,3,1
533303341,0,,,91,40,51,12,7,5,79,33,46,42,20,22,76,31,45,76,31,45,37,13,24,21,6,15,10,3,7,1,0,1,0,0,0,26,26,4,6,3,7,3,1,2,22,11,11,3,22,0,3,4
533303342,0,,,31,17,14,0,0,0,31,17,14,17,12,5,31,17,14,31,17,14,14,5,9,8,2,6,3,0,3,2,0,2,0,0,0,9,9,1,0,3,4,1,0,0,8,4,4,0,9,0,1,0
533303343,0,,,13,4,9,0,0,0,13,4,9,8,2,6,11,4,7,11,4,7,5,2,3,2,0,2,1,0,1,0,0,0,1,0,1,4,4,0,1,1,2,0,0,0,4,2,2,0,4,0,0,1
533303352,2,533303353,,6,3,3,*,*,*,*,*,*,*,*,*,*,*,*,*,*,*,*,*,*,*,*,*,*,*,*,*,*,*,*,*,*,1,1,*,*,*,*,*,*,*,*,*,*,*,*,*,*,*
533303353,1,,533303254;533303352;533303354;533303461,35,16,19,7,3,4,47,23,24,28,16,12,47,23,24,46,22,24,19,7,12,16,6,10,3,0,3,0,0,0,0,0,0,14,14,2,9,3,1,3,1,0,17,14,3,2,14,0,2,2
533303354,2,533303353,,9,5,4,*,*,*,*,*,*,*,*,*,*,*,*,*,*,*,*,*,*,*,*,*,*,*,*,*,*,*,*,*,*,2,2,*,*,*,*,*,*,*,*,*,*,*,*,*,*,*
533303364,2,533303371,,5,3,2,*,*,*,*,*,*,*,*,*,*,*,*,*,*,*,*,*,*,*,*,*,*,*,*,*,*,*,*,*,*,3,3,*,*,*,*,*,*,*,*,*,*,*,*,*,*,*
533303371,1,,533303264;533303364,43,19,24,4,1,3,51,23,28,21,10,11,51,23,28,51,23,28,30,13,17,19,8,11,10,3,7,0,0,0,0,0,0,16,16,5,10,2,3,1,0,1,17,12,5,0,17,0,4,4
533303372,1,,533303381;533303383,83,42,41,19,11,8,81,38,43,41,19,22,78,37,41,78,37,41,40,19,21,17,8,9,11,5,6,0,0,0,1,1,0,28,28,5,7,8,3,6,0,2,26,17,9,4,23,0,3,5
533303373,0,,,66,31,35,3,1,2,63,30,33,29,15,14,60,27,33,57,26,31,34,15,19,18,7,11,9,2,7,0,0,0,0,0,0,23,23,4,9,3,4,1,0,2,18,10,8,1,21,0,3,5
533303381,2,533303372,,7,4,3,*,*,*,*,*,*,*,*,*,*,*,*,*,*,*,*,*,*,*,*,*,*,*,*,*,*,*,*,*,*,1,1,*,*,*,*,*,*,*,*,*,*,*,*,*,*,*
533303383,2,533303372,,10,3,7,*,*,*,*,*,*,*,*,*,*,*,*,*,*,*,*,*,*,*,*,*,*,*,*,*,*,*,*,*,*,2,2,*,*,*,*,*,*,*,*,*,*,*,*,*,*,*
533303401,0,,,84,43,41,12,6,6,72,37,35,36,20,16,72,37,35,71,37,34,36,17,19,18,8,10,5,2,3,0,0,0,0,0,0,24,24,2,6,7,2,3,2,2,22,14,8,2,20,0,1,2
533303402,0,,,24,11,13,2,1,1,22,10,12,16,8,8,21,9,12,20,9,11,6,2,4,3,1,2,1,0,1,0,0,0,0,0,0,9,9,1,3,3,2,0,0,0,7,5,2,0,5,0,0,0
533303403,0,,,25,13,12,1,1,0,24,12,12,15,9,6,24,12,12,24,12,12,9,3,6,6,2,4,3,1,2,0,0,0,0,0,0,10,10,3,1,4,2,0,0,0,7,5,2,1,7,0,3,0
533303431,0,,,21,12,9,2,1,1,19,11,8,10,7,3,19,11,8,19,11,8,9,4,5,5,2,3,1,0,1,1,0,1,1,0,1,9,9,3,2,3,0,1,0,0,6,4,2,0,6,0,1,2
533303432,0,,,155,75,80,15,6,9,140,69,71,75,38,37,134,66,68,131,63,68,65,31,34,36,18,18,12,6,6,1,1,0,4,2,2,55,55,10,20,8,10,3,2,2,45,33,12,4,40,0,8,13
533303433,0,,,60,25,35,5,3,2,55,22,33,31,16,15,53,20,33,53,20,33,24,6,18,15,2,13,5,0,5,0,0,0,0,0,0,22,22,2,9,6,3,2,0,0,20,12,8,1,16,0,2,2
533303442,2,533303443,,8,4,4,*,*,*,*,*,*,*,*,*,*,*,*,*,*,*,*,*,*,*,*,*,*,*,*,*,*,*,*,*,*,3,3,*,*,*,*,*,*,*,*,*,*,*,*,*,*,*
533303443,1,,533303442,28,14,14,1,0,1,35,18,17,14,9,5,35,18,17,35,18,17,21,9,12,7,2,5,2,0,2,0,0,0,0,0,0,13,13,3,8,3,2,0,0,0,13,10,3,1,13,0,3,4
533303451,0,,,42,21,21,2,2,0,40,19,21,22,12,10,39,18,21,39,18,21,18,7,11,12,4,8,5,2,3,0,0,0,0,0,0,15,15,2,5,5,1,1,1,0,13,9,4,1,12,0,2,4
533303461,2,533303353,,2,1,1,*,*,*,*,*,*,*,*,*,*,*,*,*,*,*,*,*,*,*,*,*,*,*,*,*,*,*,*,*,*,1,1,*,*,*,*,*,*,*,*,*,*,*,*,*,*,*
533303471,0,,,18,9,9,1,0,1,17,9,8,5,3,2,17,9,8,17,9,8,12,6,6,6,3,3,4,2,2,0,0,0,0,0,0,9,9,6,0,1,1,1,0,0,3,0,3,1,7,0,4,0
533303472,0,,,19,11,8,4,3,1,15,8,7,11,5,6,14,7,7,14,7,7,4,3,1,3,2,1,0,0,0,0,0,0,0,0,0,7,7,2,2,1,0,2,0,0,5,5,0,1,4,0,2,1
533303473,2,533303474,,3,1,2,*,*,*,*,*,*,*,*,*,*,*,*,*,*,*,*,*,*,*,*,*,*,*,*,*,*,*,*,*,*,1,1,*,*,*,*,*,*,*,*,*,*,*,*,*,*,*
533303474,1,,533303473,26,15,11,3,1,2,26,15,11,14,7,7,25,15,10,25,15,10,12,8,4,3,2,1,1,0,1,0,0,0,0,0,0,13,13,4,7,2,0,1,0,0,10,9,1,0,10,0,3,3
533303483,0,,,25,13,12,1,1,0,24,12,12,10,5,5,24,12,12,24,12,12,14,7,7,4,2,2,3,1,2,1,0,1,1,0,1,11,11,1,6,4,0,0,0,0,10,9,1,0,8,0,1,5
533303484,1,,533303493,62,29,33,5,1,4,59,29,30,35,21,14,58,28,30,57,27,30,24,8,16,9,2,7,1,0,1,0,0,0,1,1,0,28,28,8,12,6,1,2,0,0,21,18,3,1,17,1,5,6
533303493,2,533303484,,2,1,1,*,*,*,*,*,*,*,*,*,*,*,*,*,*,*,*,*,*,*,*,*,*,*,*,*,*,*,*,*,*,1,1,*,*,*,*,*,*,*,*,*,*,*,*,*,*,*
533303503,0,,,17,7,10,1,1,0,16,6,10,5,2,3,16,6,10,16,6,10,11,4,7,5,1,4,2,0,2,0,0,0,0,0,0,7,7,1,3,2,1,0,0,0,6,3,3,1,7,0,1,2
533303504,0,,,104,50,54,11,4,7,93,46,47,49,26,23,91,45,46,88,42,46,44,20,24,18,10,8,8,3,5,0,0,0,0,0,0,28,28,3,4,8,4,3,4,2,25,11,14,3,25,0,2,3
533303512,0,,,57,23,34,8,3,5,49,20,29,30,12,18,47,19,28,45,19,26,19,8,11,7,3,4,2,0,2,0,0,0,0,0,0,21,21,5,3,8,3,2,0,0,16,11,5,3,12,0,4,2
533303513,0,,,154,73,81,11,7,4,143,66,77,69,35,34,140,65,75,139,64,75,74,31,43,38,13,25,9,0,9,2,0,2,1,0,1,53,53,8,18,12,6,4,5,0,45,28,17,2,45,0,6,12
533303514,0,,,436,214,222,59,26,33,377,188,189,272,139,133,358,176,182,352,173,179,105,49,56,46,21,25,14,5,9,1,0,1,3,1,2,139,139,13,40,36,27,13,9,1,125,103,22,16,67,0,7,15
533303522,2,533303524,,1,1,0,*,*,*,*,*,*,*,*,*,*,*,*,*,*,*,*,*,*,*,*,*,*,*,*,*,*,*,*,*,*,1,1,*,*,*,*,*,*,*,*,*,*,*,*,*,*,*
533303523,0,,,313,140,173,63,27,36,250,113,137,167,76,91,241,111,130,233,105,128,83,37,46,30,13,17,6,2,4,2,0,2,0,0,0,110,110,23,34,15,21,13,2,2,87,76,11,14,56,0,15,20
533303524,1,,533303522,64,31,33,2,1,1,63,31,32,36,22,14,62,31,31,62,31,31,27,9,18,19,6,13,9,4,5,1,0,1,0,0,0,22,22,2,11,2,5,3,0,0,21,16,5,0,16,0,1,4
533303531,1,,533303532;533303533,118,61,57,20,10,10,117,60,57,69,35,34,110,56,54,105,52,53,48,25,23,24,12,12,10,5,5,1,0,1,0,0,0,35,35,7,10,7,7,7,3,1,35,22,13,4,30,0,6,7
533303532,2,533303531,,11,5,6,*,*,*,*,*,*,*,*,*,*,*,*,*,*,*,*,*,*,*,*,*,*,*,*,*,*,*,*,*,*,4,4,*,*,*,*,*,*,*,*,*,*,*,*,*,*,*
533303533,2,533303531,,8,4,4,*,*,*,*,*,*,*,*,*,*,*,*,*,*,*,*,*,*,*,*,*,*,*,*,*,*,*,*,*,*,3,3,*,*,*,*,*,*,*,*,*,*,*,*,*,*,*
533303542,0,,,87,45,42,15,8,7,72,37,35,41,22,19,68,36,32,67,35,32,31,15,16,13,8,5,3,1,2,0,0,0,0,0,0,24,24,2,5,8,1,3,4,1,22,13,9,4,17,1,0,4
533303543,0,,,104,54,50,14,9,5,90,45,45,36,23,13,87,44,43,87,44,43,54,22,32,26,9,17,10,1,9,1,0,1,0,0,0,39,39,9,17,5,1,2,3,2,30,22,8,1,34,0,8,6
533303544,0,,,29,13,16,1,1,0,28,12,16,16,7,9,28,12,16,28,12,16,12,5,7,8,3,5,5,2,3,0,0,0,0,0,0,10,10,0,4,3,3,0,0,0,10,6,4,0,8,0,0,3
533303551,2,533303553,,4,2,2,*,*,*,*,*,*,*,*,*,*,*,*,*,*,*,*,*,*,*,*,*,*,*,*,*,*,*,*,*,*,2,2,*,*,*,*,*,*,*,*,*,*,*,*,*,*,*
533303552,0,,,89,42,47,16,7,9,73,35,38,42,19,23,71,35,36,71,35,36,31,16,15,11,7,4,5,2,3,0,0,0,0,0,0,23,23,4,0,9,2,2,3,3,19,7,12,4,20,0,4,0
533303553,1,,533303551,63,33,30,9,5,4,58,30,28,39,22,17,56,28,28,56,28,28,19,8,11,9,3,6,1,0,1,0,0,0,0,0,0,21,21,5,8,3,4,0,0,3,18,13,5,3,14,0,4,2
533303554,0,,,31,18,13,4,3,1,27,15,12,12,7,5,27,15,12,27,15,12,15,8,7,8,3,5,4,1,3,0,0,0,0,0,0,9,9,1,3,0,3,0,2,0,8,4,4,0,8,0,1,1
533303563,0,,,81,40,41,12,7,5,69,33,36,36,17,19,67,32,35,67,32,35,33,16,17,15,6,9,7,2,5,2,1,1,0,0,0,22,22,4,4,5,4,0,1,4,18,7,11,4,18,0,1,1
533303564,0,,,31,22,9,7,5,2,24,17,7,24,17,7,23,16,7,19,13,6,0,0,0,0,0,0,0,0,0,0,0,0,0,0,0,18,18,14,0,1,1,2,0,0,4,4,0,1,0,6,0,0
533303571,2,533303572,,2,1,1,*,*,*,*,*,*,*,*,*,*,*,*,*,*,*,*,*,*,*,*,*,*,*,*,*,*,*,*,*,*,1,1,*,*,*,*,*,*,*,*,*,*,*,*,*,*,*
533303572,1,,533303571,32,13,19,3,2,1,28,12,16,13,4,9,27,12,15,27,12,15,15,8,7,5,2,3,3,1,2,0,0,0,0,0,0,13,13,3,6,2,2,1,0,0,10,8,2,1,10,0,2,4
533303573,0,,,11,11,0,0,0,0,11,11,0,11,11,0,11,11,0,11,11,0,0,0,0,0,0,0,0,0,0,0,0,0,0,0,0,11,11,11,0,0,0,0,0,0,0,0,0,0,0,6,0,0
533303581,2,533303583,,13,7,6,*,*,*,*,*,*,*,*,*,*,*,*,*,*,*,*,*,*,*,*,*,*,*,*,*,*,*,*,*,*,2,2,*,*,*,*,*,*,*,*,*,*,*,*,*,*,*
533303583,1,,533303581,20,10,10,5,4,1,28,13,15,14,7,7,28,13,15,28,13,15,14,6,8,10,4,6,3,1,2,0,0,0,0,0,0,7,7,2,1,2,1,0,2,1,7,2,5,2,7,0,0,1
533303601,0,,,22,10,12,2,1,1,20,9,11,11,5,6,20,9,11,20,9,11,9,4,5,3,2,1,0,0,0,0,0,0,0,0,0,8,8,1,2,3,2,0,0,0,7,6,1,0,5,0,1,1
533303602,0,,,36,16,20,6,2,4,30,14,16,16,7,9,29,14,15,29,14,15,14,7,7,5,3,2,0,0,0,0,0,0,0,0,0,13,13,3,5,2,1,0,1,1,10,7,3,2,8,0,2,3
533303604,0,,,47,26,21,5,4,1,42,22,20,23,13,10,41,22,19,39,20,19,19,9,10,9,3,6,3,0,3,1,0,1,0,0,0,18,18,3,7,3,4,1,0,0,15,11,4,0,13,0,2,4
533303611,2,533303612,,11,7,4,*,*,*,*,*,*,*,*,*,*,*,*,*,*,*,*,*,*,*,*,*,*,*,*,*,*,*,*,*,*,3,3,*,*,*,*,*,*,*,*,*,*,*,*,*,*,*
533303612,1,,533303611,682,306,376,120,56,64,570,255,315,345,159,186,559,249,310,548,246,302,225,96,129,119,47,72,45,11,34,7,1,6,4,1,3,222,221,38,68,49,35,16,14,4,184,148,36,35,125,2,27,33
533303613,0,,,186,96,90,26,14,12,160,82,78,101,58,43,153,77,76,150,74,76,59,24,35,30,14,16,8,3,5,1,0,1,2,0,2,72,72,19,22,13,11,4,2,1,53,44,9,6,38,0,7,14
533303614,0,,,279,127,152,50,21,29,229,106,123,153,74,79,217,100,117,213,99,114,76,32,44,40,14,26,12,4,8,0,0,0,0,0,0,87,87,11,27,13,18,9,7,2,76,60,16,10,53,0,10,12
533303621,0,,,446,209,237,83,41,42,362,168,194,223,105,118,358,167,191,353,167,186,139,63,76,61,25,36,19,8,11,4,2,2,3,1,2,156,156,31,46,27,27,17,7,1,124,93,31,25,89,2,18,22
533303622,0,,,329,154,175,36,17,19,293,137,156,161,84,77,287,135,152,285,133,152,132,53,79,65,21,44,21,4,17,4,0,4,2,1,1,110,110,15,34,28,13,13,6,1,95,64,31,8,85,0,13,20
533303623,0,,,222,110,112,37,22,15,182,87,95,138,66,72,174,80,94,171,79,92,44,21,23,20,8,12,10,4,6,0,0,0,0,0,0,74,74,12,17,21,14,6,1,3,59,43,16,13,25,3,0,4
533303624,0,,,206,88,118,40,15,25,162,71,91,101,48,53,157,69,88,157,69,88,61,23,38,29,11,18,12,5,7,0,0,0,0,0,0,73,73,16,22,13,13,4,1,4,57,46,11,13,39,1,9,12
533303632,1,,533303634,114,49,65,13,5,8,120,52,68,69,31,38,115,49,66,114,48,66,51,21,30,24,9,15,7,1,6,0,0,0,0,0,0,42,42,11,10,8,7,6,2,1,34,18,16,5,36,0,8,8
533303633,0,,,554,269,285,93,47,46,458,221,237,332,164,168,446,217,229,439,214,225,126,57,69,49,17,32,20,5,15,1,0,1,4,1,3,214,214,55,58,47,36,13,2,3,158,133,25,34,87,15,15,25
533303634,2,533303632,,20,8,12,*,*,*,*,*,*,*,*,*,*,*,*,*,*,*,*,*,*,*,*,*,*,*,*,*,*,*,*,*,*,3,3,*,*,*,*,*,*,*,*,*,*,*,*,*,*,*
533303642,2,533303643,,2,1,1,*,*,*,*,*,*,*,*,*,*,*,*,*,*,*,*,*,*,*,*,*,*,*,*,*,*,*,*,*,*,1,1,*,*,*,*,*,*,*,*,*,*,*,*,*,*,*
533303643,1,,533303642,32,18,14,6,4,2,28,15,13,21,12,9,28,15,13,28,15,13,7,3,4,6,2,4,3,1,2,0,0,0,0,0,0,9,9,0,3,1,5,1,0,0,10,7,3,2,5,0,0,2
533303644,0,,,64,15,49,0,0,0,64,15,49,0,0,0,64,15,49,64,15,49,64,15,49,61,14,47,51,11,40,12,1,11,0,0,0,1,0,0,0,0,0,0,0,0,0,0,0,0,0,0,0,0
533303654,0,,,74,31,43,6,4,2,68,27,41,29,11,18,66,26,40,66,26,40,39,16,23,19,7,12,6,1,5,1,0,1,0,0,0,31,31,7,13,7,1,2,1,0,24,16,8,1,28,0,6,7
533303661,0,,,25,9,16,0,0,0,25,9,16,12,4,8,24,8,16,23,8,15,13,5,8,7,2,5,4,0,4,1,0,1,0,0,0,10,10,2,2,5,1,0,0,0,8,5,3,0,8,0,2,1
533303662,0,,,86,34,52,3,0,3,83,34,49,9,6,3,83,34,49,83,34,49,74,28,46,60,18,42,32,6,26,4,1,3,0,0,0,9,8,3,2,1,1,0,1,0,5,4,1,0,6,0,2,1
533303664,0,,,182,90,92,19,11,8,163,79,84,88,46,42,158,76,82,155,74,81,75,33,42,32,11,21,13,4,9,1,0,1,0,0,0,61,61,9,20,15,5,8,2,2,52,32,20,3,50,0,8,13
533303671,0,,,190,80,110,7,4,3,181,75,106,18,11,7,180,74,106,180,74,106,163,64,99,144,49,95,89,27,62,8,3,5,3,1,2,12,10,2,4,2,0,1,0,1,7,5,2,2,3,0,1,0
533303672,0,,,57,27,30,6,2,4,51,25,26,29,12,17,48,23,25,47,23,24,22,13,9,6,3,3,1,0,1,0,0,0,1,0,1,27,27,8,13,2,3,1,0,0,19,18,1,0,14,0,5,8
533303681,0,,,38,19,19,1,1,0,37,18,19,13,4,9,37,18,19,36,18,18,24,14,10,10,6,4,2,1,1,0,0,0,0,0,0,19,19,3,14,1,1,0,0,0,16,15,1,1,14,0,2,10
533303682,1,,533303684,14,8,6,1,1,0,21,13,8,9,6,3,21,13,8,20,12,8,12,7,5,3,2,1,0,0,0,0,0,0,0,0,0,6,6,4,4,2,1,0,0,0,7,7,0,1,8,0,3,3
533303683,1,,533303781;533303784,25,16,9,1,0,1,29,17,12,15,10,5,29,17,12,29,17,12,14,7,7,3,1,2,1,0,1,0,0,0,0,0,0,18,18,14,4,3,0,0,0,0,7,7,0,0,10,1,5,3
533303684,2,533303682,,8,6,2,*,*,*,*,*,*,*,*,*,*,*,*,*,*,*,*,*,*,*,*,*,*,*,*,*,*,*,*,*,*,5,5,*,*,*,*,*,*,*,*,*,*,*,*,*,*,*
533303701,0,,,64,30,34,8,4,4,56,26,30,29,16,13,52,22,30,52,22,30,27,10,17,17,8,9,5,1,4,0,0,0,0,0,0,23,23,4,9,3,5,0,1,1,19,14,5,3,16,0,3,5
533303702,0,,,189,85,104,26,13,13,163,72,91,92,44,48,157,70,87,156,70,86,71,28,43,34,11,23,15,6,9,0,0,0,0,0,0,63,63,8,23,14,7,5,4,2,55,37,18,5,46,0,6,11
533303703,0,,,107,47,60,14,10,4,93,37,56,51,21,30,89,36,53,88,35,53,42,16,26,19,6,13,6,1,5,0,0,0,0,0,0,36,36,4,15,6,6,2,0,3,32,25,7,3,27,0,4,8
533303704,0,,,135,60,75,4,2,2,131,58,73,74,33,41,130,57,73,129,57,72,57,25,32,32,11,21,14,3,11,1,1,0,0,0,0,53,53,14,16,9,9,4,1,0,39,25,14,2,40,0,9,5
533303711,0,,,212,108,104,27,16,11,185,92,93,104,56,48,180,89,91,177,87,90,81,36,45,39,17,22,11,4,7,1,0,1,1,0,1,71,71,5,32,13,7,8,6,0,66,48,18,7,51,0,4,15
533303712,1,,533303714,114,51,63,17,7,10,105,48,57,64,29,35,104,47,57,104,47,57,41,19,22,11,4,7,5,1,4,0,0,0,0,0,0,43,43,9,13,13,8,2,1,0,37,30,7,6,28,0,7,7
533303713,0,,,34,17,17,5,4,1,29,13,16,16,7,9,27,12,15,27,12,15,13,6,7,9,5,4,1,0,1,0,0,0,0,0,0,9,9,1,2,1,1,3,0,1,8,3,5,1,6,0,0,1
533303714,2,533303712,,8,4,4,*,*,*,*,*,*,*,*,*,*,*,*,*,*,*,*,*,*,*,*,*,*,*,*,*,*,*,*,*,*,3,3,*,*,*,*,*,*,*,*,*,*,*,*,*,*,*
533303721,1,,533303722,56,24,32,12,4,8,48,22,26,32,14,18,46,20,26,44,19,25,16,8,8,5,4,1,0,0,0,0,0,0,0,0,0,19,19,4,3,7,4,1,0,1,15,12,3,4,10,0,2,1
533303722,2,533303721,,4,2,2,*,*,*,*,*,*,*,*,*,*,*,*,*,*,*,*,*,*,*,*,*,*,*,*,*,*,*,*,*,*,1,1,*,*,*,*,*,*,*,*,*,*,*,*,*,*,*
533303723,0,,,94,45,49,7,4,3,87,41,46,50,27,23,84,40,44,81,38,43,37,14,23,18,6,12,8,2,6,1,1,0,0,0,0,32,32,5,12,5,3,4,3,0,27,15,12,0,24,0,2,5
533303724,0,,,119,61,58,18,11,7,101,50,51,55,27,28,99,48,51,98,48,50,46,23,23,23,8,15,8,2,6,2,0,2,0,0,0,38,38,7,12,6,5,3,2,3,31,18,13,5,29,0,6,4
533303731,2,533303733,,2,1,1,*,*,*,*,*,*,*,*,*,*,*,*,*,*,*,*,*,*,*,*,*,*,*,*,*,*,*,*,*,*,1,1,*,*,*,*,*,*,*,*,*,*,*,*,*,*,*
533303732,2,533303733,,12,5,7,*,*,*,*,*,*,*,*,*,*,*,*,*,*,*,*,*,*,*,*,*,*,*,*,*,*,*,*,*,*,3,3,*,*,*,*,*,*,*,*,*,*,*,*,*,*,*
533303733,1,,533303731;533303732,152,70,82,12,7,5,149,67,82,84,39,45,146,66,80,144,65,79,65,28,37,29,14,15,9,3,6,0,0,0,1,0,1,57,57,9,24,14,7,5,1,1,51,40,11,3,39,0,5,12
533303734,1,,533303741,35,19,16,0,0,0,41,21,20,16,10,6,41,21,20,41,21,20,25,11,14,12,7,5,1,0,1,0,0,0,1,1,0,12,12,1,7,3,3,1,0,0,14,10,4,0,13,0,0,6
533303741,2,533303734,,6,2,4,*,*,*,*,*,*,*,*,*,*,*,*,*,*,*,*,*,*,*,*,*,*,*,*,*,*,*,*,*,*,3,3,*,*,*,*,*,*,*,*,*,*,*,*,*,*,*
533303754,2,533303763,,1,0,1,*,*,*,*,*,*,*,*,*,*,*,*,*,*,*,*,*,*,*,*,*,*,*,*,*,*,*,*,*,*,1,1,*,*,*,*,*,*,*,*,*,*,*,*,*,*,*
533303763,1,,533303754;533303764,72,36,36,9,6,3,66,31,35,44,21,23,61,30,31,59,29,30,22,10,12,9,4,5,3,2,1,0,0,0,0,0,0,21,21,7,4,2,6,1,3,1,16,9,7,4,16,0,6,1
533303764,2,533303763,,2,1,1,*,*,*,*,*,*,*,*,*,*,*,*,*,*,*,*,*,*,*,*,*,*,*,*,*,*,*,*,*,*,2,2,*,*,*,*,*,*,*,*,*,*,*,*,*,*,*
533303781,2,533303683,,3,1,2,*,*,*,*,*,*,*,*,*,*,*,*,*,*,*,*,*,*,*,*,*,*,*,*,*,*,*,*,*,*,2,2,*,*,*,*,*,*,*,*,*,*,*,*,*,*,*
533303784,2,533303683,,3,1,2,*,*,*,*,*,*,*,*,*,*,*,*,*,*,*,*,*,*,*,*,*,*,*,*,*,*,*,*,*,*,1,1,*,*,*,*,*,*,*,*,*,*,*,*,*,*,*
533303794,0,,,14,8,6,0,0,0,14,8,6,4,2,2,14,8,6,14,8,6,10,6,4,4,2,2,0,0,0,0,0,0,0,0,0,8,8,2,6,0,0,0,0,0,6,6,0,0,6,0,2,4
533303802,0,,,128,58,70,7,4,3,121,54,67,70,33,37,119,52,67,117,51,66,51,21,30,25,12,13,7,3,4,0,0,0,13,3,10,52,52,21,10,9,5,5,0,2,31,15,16,2,32,11,5,7
533303803,2,533303804,,3,2,1,*,*,*,*,*,*,*,*,*,*,*,*,*,*,*,*,*,*,*,*,*,*,*,*,*,*,*,*,*,*,2,2,*,*,*,*,*,*,*,*,*,*,*,*,*,*,*
533303804,1,,533303803,80,33,47,12,7,5,71,28,43,38,14,24,70,27,43,70,27,43,33,14,19,13,4,9,4,0,4,0,0,0,0,0,0,30,30,9,9,6,5,2,0,1,23,15,8,2,24,0,9,5
533303811,0,,,122,65,57,9,7,2,113,58,55,66,37,29,110,55,55,108,54,54,47,21,26,28,12,16,11,2,9,4,1,3,0,0,0,42,42,6,14,9,8,3,1,1,36,28,8,0,28,0,6,6
533303812,0,,,56,28,28,6,2,4,50,26,24,26,14,12,49,26,23,47,24,23,24,12,12,8,4,4,3,2,1,0,0,0,0,0,0,19,19,4,6,1,4,3,1,0,15,10,5,2,16,0,4,6
533303813,0,,,135,69,66,16,10,6,119,59,60,62,32,30,116,58,58,116,58,58,57,27,30,22,11,11,6,2,4,1,0,1,0,0,0,43,43,4,16,8,8,2,2,3,39,26,13,8,35,0,3,9
533303814,0,,,209,65,144,19,6,13,190,59,131,62,30,32,187,57,130,185,55,130,128,29,99,107,19,88,80,12,68,25,2,23,0,0,0,41,40,9,11,7,2,4,3,4,31,20,11,7,29,0,7,5
533303821,0,,,328,154,174,42,22,20,286,132,154,169,83,86,276,128,148,272,126,146,117,49,68,54,19,35,24,6,18,2,0,2,1,0,1,101,101,17,20,25,17,9,9,4,83,41,42,11,76,0,14,7
533303822,0,,,263,124,139,35,16,19,228,108,120,132,69,63,227,108,119,226,108,118,96,39,57,44,17,27,12,2,10,0,0,0,4,1,3,96,96,18,37,18,11,5,4,3,77,56,21,11,64,0,12,17
533303823,0,,,1033,505,528,187,104,83,833,395,438,660,315,345,803,381,422,781,370,411,173,80,93,70,31,39,20,12,8,2,2,0,1,0,1,354,354,48,105,82,80,28,8,3,298,260,38,51,116,6,18,31
533303824,0,,,473,228,245,116,58,58,357,170,187,310,149,161,337,158,179,325,152,173,47,21,26,15,7,8,4,1,3,1,0,1,0,0,0,148,148,13,49,25,30,21,8,2,135,120,15,24,33,0,5,8
533303831,0,,,240,112,128,18,10,8,221,101,120,116,49,67,215,101,114,213,100,113,105,52,53,53,23,30,31,11,20,1,1,0,0,0,0,74,74,12,15,19,12,8,3,5,61,30,31,4,63,0,8,9
533303832,0,,,55,24,31,10,2,8,45,22,23,24,11,13,44,22,22,44,22,22,21,11,10,10,4,6,6,2,4,0,0,0,0,0,0,17,17,4,3,2,5,1,1,1,13,8,5,1,12,0,2,2
533303833,0,,,43,21,22,1,1,0,42,20,22,20,11,9,39,19,20,38,18,20,22,9,13,11,5,6,6,2,4,1,0,1,0,0,0,14,14,2,2,4,5,1,0,0,12,6,6,0,11,0,2,1
533303834,0,,,29,11,18,6,2,4,23,9,14,14,6,8,21,9,12,20,8,12,9,3,6,3,1,2,2,0,2,1,0,1,0,0,0,8,8,1,3,0,1,0,3,0,7,4,3,1,5,0,1,2
533303854,2,533303954,,2,1,1,*,*,*,*,*,*,*,*,*,*,*,*,*,*,*,*,*,*,*,*,*,*,*,*,*,*,*,*,*,*,1,1,*,*,*,*,*,*,*,*,*,*,*,*,*,*,*
533303882,0,,,12,6,6,1,1,0,11,5,6,5,2,3,11,5,6,11,5,6,6,3,3,3,1,2,2,1,1,0,0,0,0,0,0,5,5,1,3,0,0,1,0,0,4,3,1,1,4,0,1,1
533303891,2,533303892,,8,2,6,*,*,*,*,*,*,*,*,*,*,*,*,*,*,*,*,*,*,*,*,*,*,*,*,*,*,*,*,*,*,2,2,*,*,*,*,*,*,*,*,*,*,*,*,*,*,*
533303892,1,,533303891,10,4,6,4,1,3,14,5,9,7,2,5,14,5,9,14,5,9,7,3,4,3,1,2,0,0,0,0,0,0,0,0,0,3,3,0,2,0,2,0,1,0,5,2,3,0,5,0,0,2
533303901,1,,533303902,206,98,108,32,15,17,178,85,93,96,48,48,178,85,93,175,84,91,82,37,45,41,14,27,9,2,7,0,0,0,2,1,1,69,69,10,22,19,8,6,5,1,61,45,16,10,51,0,8,17
533303902,2,533303901,,4,2,2,*,*,*,*,*,*,*,*,*,*,*,*,*,*,*,*,*,*,*,*,*,*,*,*,*,*,*,*,*,*,2,2,*,*,*,*,*,*,*,*,*,*,*,*,*,*,*
533303903,0,,,50,29,21,9,7,2,41,22,19,29,16,13,39,21,18,37,21,16,12,6,6,5,2,3,2,0,2,0,0,0,0,0,0,12,12,0,1,4,4,1,0,2,12,9,3,5,6,0,0,0
533303904,0,,,14,5,9,2,1,1,12,4,8,8,3,5,12,4,8,12,4,8,4,1,3,1,0,1,1,0,1,0,0,0,0,0,0,4,4,1,0,1,0,2,0,0,3,2,1,1,3,0,1,0
533303911,0,,,183,90,93,25,13,12,158,77,81,86,43,43,153,72,81,150,72,78,72,34,38,32,13,19,15,6,9,1,0,1,1,0,1,51,51,3,12,14,9,8,1,4,48,26,22,6,40,0,3,7
533303912,0,,,47,17,30,0,0,0,47,17,30,20,11,9,47,17,30,46,17,29,27,6,21,22,3,19,16,1,15,3,0,3,0,0,0,13,12,2,4,5,1,0,0,0,10,8,2,0,6,0,0,1
533303913,2,533303914,,3,1,2,*,*,*,*,*,*,*,*,*,*,*,*,*,*,*,*,*,*,*,*,*,*,*,*,*,*,*,*,*,*,2,2,*,*,*,*,*,*,*,*,*,*,*,*,*,*,*
533303914,1,,533303913,126,52,74,6,4,2,123,49,74,77,33,44,121,48,73,118,47,71,46,16,30,21,6,15,5,1,4,0,0,0,0,0,0,43,43,9,12,11,6,4,2,1,36,21,15,0,32,0,8,4
533303921,0,,,674,324,350,83,42,41,589,282,307,362,179,183,574,274,300,560,262,298,227,103,124,83,33,50,21,7,14,0,0,0,5,2,3,248,248,39,90,55,41,17,3,3,206,163,43,20,149,0,21,47
533303922,0,,,25,12,13,4,1,3,21,11,10,15,8,7,20,10,10,20,10,10,6,3,3,2,2,0,0,0,0,0,0,0,0,0,0,8,8,0,2,3,3,0,0,0,8,6,2,0,4,0,0,2
533303923,0,,,67,29,38,3,2,1,64,27,37,38,18,20,64,27,37,63,26,37,26,9,17,12,5,7,4,0,4,0,0,0,0,0,0,28,27,5,10,7,5,0,0,0,22,20,2,1,16,0,4,6
533303924,0,,,547,275,272,68,36,32,478,239,239,317,156,161,461,230,231,451,223,228,161,83,78,55,29,26,8,0,8,1,0,1,1,0,1,199,199,22,74,53,35,12,3,0,176,159,17,20,101,4,11,40
533303933,1,,533303934,184,93,91,34,20,14,151,73,78,120,57,63,146,70,76,143,68,75,31,16,15,10,3,7,4,0,4,0,0,0,2,1,1,61,61,10,16,13,12,7,3,1,51,45,6,7,19,0,2,5
533303934,2,533303933,,6,2,4,*,*,*,*,*,*,*,*,*,*,*,*,*,*,*,*,*,*,*,*,*,*,*,*,*,*,*,*,*,*,1,1,*,*,*,*,*,*,*,*,*,*,*,*,*,*,*
533303941,2,533303943,,5,2,3,*,*,*,*,*,*,*,*,*,*,*,*,*,*,*,*,*,*,*,*,*,*,*,*,*,*,*,*,*,*,1,1,*,*,*,*,*,*,*,*,*,*,*,*,*,*,*
533303943,1,,533303941;533303944,14,6,8,0,0,0,21,9,12,15,7,8,21,9,12,21,9,12,6,2,4,2,0,2,1,0,1,0,0,0,1,0,1,4,4,0,2,1,1,2,0,0,6,4,2,0,4,0,0,0
533303944,2,533303943,,2,1,1,*,*,*,*,*,*,*,*,*,*,*,*,*,*,*,*,*,*,*,*,*,*,*,*,*,*,*,*,*,*,1,1,*,*,*,*,*,*,*,*,*,*,*,*,*,*,*
533303952,2,533303954,,3,1,2,*,*,*,*,*,*,*,*,*,*,*,*,*,*,*,*,*,*,*,*,*,*,*,*,*,*,*,*,*,*,1,1,*,*,*,*,*,*,*,*,*,*,*,*,*,*,*
533303954,1,,533303854;533303952,17,8,9,1,0,1,21,10,11,10,4,6,21,10,11,20,9,11,11,6,5,4,2,2,3,1,2,1,0,1,0,0,0,7,7,1,5,2,0,1,0,0,8,8,0,0,6,0,0,2
533303963,1,,533303964,15,10,5,0,0,0,27,17,10,20,12,8,25,16,9,22,13,9,7,5,2,1,1,0,0,0,0,0,0,0,0,0,0,6,6,1,2,3,2,1,0,0,8,7,1,0,5,0,1,1
533303964,2,533303963,,12,7,5,*,*,*,*,*,*,*,*,*,*,*,*,*,*,*,*,*,*,*,*,*,*,*,*,*,*,*,*,*,*,3,3,*,*,*,*,*,*,*,*,*,*,*,*,*,*,*
533303972,2,533303974,,3,2,1,*,*,*,*,*,*,*,*,*,*,*,*,*,*,*,*,*,*,*,*,*,*,*,*,*,*,*,*,*,*,3,3,*,*,*,*,*,*,*,*,*,*,*,*,*,*,*
533303974,1,,533303972,49,27,22,5,2,3,47,27,20,27,16,11,47,27,20,46,26,20,20,11,9,6,3,3,2,0,2,0,0,0,0,0,0,14,14,5,3,4,2,0,1,2,12,9,3,1,13,0,3,1
533303983,0,,,47,25,22,1,0,1,46,25,21,24,14,10,46,25,21,43,24,19,22,11,11,12,6,6,5,2,3,0,0,0,0,0,0,16,16,3,4,4,2,2,1,0,12,6,6,0,15,0,2,1
533303992,2,533303994,,2,1,1,*,*,*,*,*,*,*,*,*,*,*,*,*,*,*,*,*,*,*,*,*,*,*,*,*,*,*,*,*,*,1,1,*,*,*,*,*,*,*,*,*,*,*,*,*,*,*
533303994,1,,533303992,10,5,5,0,0,0,12,6,6,4,2,2,12,6,6,12,6,6,8,4,4,3,2,1,2,1,1,0,0,0,0,0,0,4,4,0,4,0,1,0,0,0,5,4,1,0,3,0,0,2
533304201,2,533304511,,2,1,1,*,*,*,*,*,*,*,*,*,*,*,*,*,*,*,*,*,*,*,*,*,*,*,*,*,*,*,*,*,*,1,1,*,*,*,*,*,*,*,*,*,*,*,*,*,*,*
533304491,2,533304722,,3,2,1,*,*,*,*,*,*,*,*,*,*,*,*,*,*,*,*,*,*,*,*,*,*,*,*,*,*,*,*,*,*,2,2,*,*,*,*,*,*,*,*,*,*,*,*,*,*,*
533304502,2,533304511,,8,4,4,*,*,*,*,*,*,*,*,*,*,*,*,*,*,*,*,*,*,*,*,*,*,*,*,*,*,*,*,*,*,2,2,*,*,*,*,*,*,*,*,*,*,*,*,*,*,*
533304511,1,,533304201;533304502,8,4,4,0,0,0,18,9,9,11,5,6,17,9,8,17,9,8,7,4,3,3,2,1,0,0,0,0,0,0,0,0,0,5,4,1,4,1,0,1,0,0,6,5,1,0,5,0,0,3
533304623,0,,,28,12,16,3,1,2,25,11,14,15,7,8,24,11,13,23,11,12,10,4,6,5,1,4,4,1,3,1,0,1,1,1,0,10,10,3,4,1,0,0,1,1,7,5,2,1,8,0,2,0
533304712,0,,,35,16,19,4,3,1,31,13,18,16,7,9,30,13,17,29,13,16,15,6,9,7,2,5,1,0,1,0,0,0,0,0,0,10,10,2,4,1,0,0,0,3,7,3,4,1,6,2,0,1
533304721,0,,,21,9,12,2,1,1,19,8,11,14,7,7,19,8,11,19,8,11,5,1,4,4,0,4,1,0,1,0,0,0,0,0,0,9,9,3,2,2,2,0,0,0,6,3,3,1,4,0,0,0
533304722,1,,533304491,32,18,14,3,1,2,32,19,13,23,16,7,32,19,13,32,19,13,9,3,6,3,1,2,1,0,1,0,0,0,0,0,0,17,17,11,4,2,0,2,0,0,8,7,1,1,6,1,2,1
533304903,1,,533304913,10,5,5,3,1,2,15,7,8,8,4,4,13,6,7,13,6,7,7,3,4,3,1,2,1,1,0,0,0,0,0,0,0,4,4,1,0,3,0,0,0,1,4,3,1,1,4,0,1,0
533304913,2,533304903,,8,3,5,*,*,*,*,*,*,*,*,*,*,*,*,*,*,*,*,*,*,*,*,*,*,*,*,*,*,*,*,*,*,1,1,*,*,*,*,*,*,*,*,*,*,*,*,*,*,*
533304932,1,,533304934,4,1,3,3,2,1,14,7,7,9,6,3,14,7,7,14,7,7,5,1,4,2,0,2,1,0,1,0,0,0,0,0,0,2,2,1,0,1,0,0,1,1,3,0,3,0,4,0,1,0
533304934,2,533304932,,13,8,5,*,*,*,*,*,*,*,*,*,*,*,*,*,*,*,*,*,*,*,*,*,*,*,*,*,*,*,*,*,*,2,2,*,*,*,*,*,*,*,*,*,*,*,*,*,*,*
533305081,2,533305082,,6,3,3,*,*,*,*,*,*,*,*,*,*,*,*,*,*,*,*,*,*,*,*,*,*,*,*,*,*,*,*,*,*,2,2,*,*,*,*,*,*,*,*,*,*,*,*,*,*,*
533305082,1,,533305081,16,8,8,0,0,0,22,11,11,9,5,4,22,11,11,22,11,11,13,6,7,10,3,7,4,0,4,0,0,0,0,0,0,8,8,3,4,1,2,0,0,0,7,4,3,0,8,0,1,3
533305093,1,,533305094,14,9,5,2,1,1,21,12,9,9,6,3,21,12,9,21,12,9,12,6,6,6,4,2,0,0,0,0,0,0,0,0,0,5,5,1,3,1,2,1,0,0,7,5,2,0,7,0,1,3
533305094,2,533305093,,9,4,5,*,*,*,*,*,*,*,*,*,*,*,*,*,*,*,*,*,*,*,*,*,*,*,*,*,*,*,*,*,*,3,3,*,*,*,*,*,*,*,*,*,*,*,*,*,*,*
533305154,2,533305252,,2,1,1,*,*,*,*,*,*,*,*,*,*,*,*,*,*,*,*,*,*,*,*,*,*,*,*,*,*,*,*,*,*,1,1,*,*,*,*,*,*,*,*,*,*,*,*,*,*,*
533305191,1,,533305192,42,21,21,1,1,0,50,24,26,25,14,11,49,24,25,49,24,25,25,10,15,9,1,8,7,0,7,0,0,0,0,0,0,24,24,10,11,4,0,0,0,1,15,13,2,0,19,0,6,4
533305192,2,533305191,,9,4,5,*,*,*,*,*,*,*,*,*,*,*,*,*,*,*,*,*,*,*,*,*,*,*,*,*,*,*,*,*,*,2,2,*,*,*,*,*,*,*,*,*,*,*,*,*,*,*
533305194,0,,,48,21,27,8,3,5,40,18,22,20,9,11,38,18,20,38,18,20,20,9,11,10,6,4,1,0,1,0,0,0,0,0,0,14,14,2,5,2,1,0,2,2,12,6,6,1,11,1,0,4
533305234,1,,533305243,23,12,11,6,3,3,23,12,11,8,5,3,23,12,11,23,12,11,15,7,8,11,5,6,4,2,2,0,0,0,0,0,0,7,7,3,2,2,1,1,0,1,7,4,3,1,8,0,2,2
533305243,2,533305234,,6,3,3,*,*,*,*,*,*,*,*,*,*,*,*,*,*,*,*,*,*,*,*,*,*,*,*,*,*,*,*,*,*,3,3,*,*,*,*,*,*,*,*,*,*,*,*,*,*,*
533305252,1,,533305154;533305254,42,22,20,6,4,2,49,22,27,29,15,14,47,21,26,47,21,26,20,7,13,15,5,10,4,1,3,2,0,2,1,1,0,11,11,1,5,3,4,1,1,1,15,7,8,0,12,0,1,2
533305254,2,533305252,,11,3,8,*,*,*,*,*,*,*,*,*,*,*,*,*,*,*,*,*,*,*,*,*,*,*,*,*,*,*,*,*,*,4,4,*,*,*,*,*,*,*,*,*,*,*,*,*,*,*
533305261,2,533305264,,7,4,3,*,*,*,*,*,*,*,*,*,*,*,*,*,*,*,*,*,*,*,*,*,*,*,*,*,*,*,*,*,*,3,3,*,*,*,*,*,*,*,*,*,*,*,*,*,*,*
533305262,2,533305264,,9,6,3,*,*,*,*,*,*,*,*,*,*,*,*,*,*,*,*,*,*,*,*,*,*,*,*,*,*,*,*,*,*,2,2,*,*,*,*,*,*,*,*,*,*,*,*,*,*,*
533305263,2,533305264,,2,2,0,*,*,*,*,*,*,*,*,*,*,*,*,*,*,*,*,*,*,*,*,*,*,*,*,*,*,*,*,*,*,2,2,*,*,*,*,*,*,*,*,*,*,*,*,*,*,*
533305264,1,,533305261;533305262;533305263,5,2,3,2,2,0,21,12,9,12,6,6,21,12,9,20,11,9,9,6,3,3,2,1,0,0,0,0,0,0,0,0,0,3,3,5,1,2,1,0,1,0,5,2,3,1,8,0,4,0
533305273,0,,,41,20,21,11,6,5,30,14,16,18,8,10,29,14,15,29,14,15,12,6,6,5,2,3,3,1,2,1,0,1,0,0,0,11,11,1,3,2,1,3,0,1,10,5,5,2,9,0,1,2
533305292,0,,,37,14,23,6,1,5,31,13,18,15,5,10,31,13,18,30,13,17,16,8,8,7,3,4,0,0,0,0,0,0,0,0,0,12,12,3,3,2,1,1,1,1,9,4,5,2,11,0,3,3
533305294,0,,,59,32,27,7,5,2,52,27,25,33,19,14,51,26,25,51,26,25,19,8,11,12,3,9,5,0,5,0,0,0,0,0,0,20,20,3,6,4,4,2,1,0,17,10,7,2,12,0,2,1
533305323,0,,,16,8,8,2,1,1,14,7,7,8,3,5,12,7,5,12,7,5,6,4,2,2,1,1,2,1,1,0,0,0,0,0,0,5,5,2,0,0,2,0,1,0,3,0,3,0,4,0,1,0
533305343,2,533305441,,1,1,0,*,*,*,*,*,*,*,*,*,*,*,*,*,*,*,*,*,*,*,*,*,*,*,*,*,*,*,*,*,*,1,1,*,*,*,*,*,*,*,*,*,*,*,*,*,*,*
533305344,2,533305441,,6,4,2,*,*,*,*,*,*,*,*,*,*,*,*,*,*,*,*,*,*,*,*,*,*,*,*,*,*,*,*,*,*,3,3,*,*,*,*,*,*,*,*,*,*,*,*,*,*,*
533305352,0,,,38,18,20,7,6,1,31,12,19,19,7,12,30,12,18,29,12,17,12,5,7,5,0,5,2,0,2,0,0,0,0,0,0,12,12,3,4,2,0,0,1,2,8,4,4,2,10,0,3,2
533305353,1,,533305451,17,10,7,5,4,1,25,15,10,16,10,6,24,14,10,22,12,10,9,5,4,5,3,2,2,1,1,0,0,0,0,0,0,5,5,1,2,0,0,0,3,1,6,2,4,2,6,0,1,1
533305354,0,,,38,16,22,7,4,3,31,12,19,16,5,11,31,12,19,31,12,19,15,7,8,10,5,5,5,3,2,0,0,0,1,1,0,14,14,4,3,4,0,2,1,0,10,4,6,1,9,0,1,2
533305361,0,,,57,25,32,4,0,4,53,25,28,30,15,15,53,25,28,53,25,28,23,10,13,16,6,10,7,2,5,0,0,0,0,0,0,20,20,6,4,3,4,1,1,1,14,8,6,2,16,0,4,2
533305362,0,,,32,15,17,5,3,2,27,12,15,17,9,8,26,11,15,26,11,15,10,3,7,6,1,5,5,1,4,0,0,0,0,0,0,10,10,2,2,2,3,0,0,1,8,3,5,1,9,0,2,0
533305363,0,,,61,26,35,3,1,2,58,25,33,34,14,20,57,25,32,54,25,29,24,11,13,11,4,7,1,0,1,0,0,0,0,0,0,20,20,5,6,1,4,1,1,2,15,10,5,1,15,0,4,3
533305364,0,,,24,13,11,4,3,1,20,10,10,13,8,5,20,10,10,20,10,10,7,2,5,6,1,5,0,0,0,0,0,0,0,0,0,8,8,0,5,1,0,1,1,0,8,6,2,1,6,0,0,1
533305371,1,,533305372;533305373;533305374,62,29,33,2,1,1,79,40,39,42,23,19,78,39,39,78,39,39,37,17,20,18,5,13,11,3,8,0,0,0,0,0,0,25,25,12,12,9,2,2,0,0,25,16,9,0,26,0,7,7
533305372,2,533305371,,13,10,3,*,*,*,*,*,*,*,*,*,*,*,*,*,*,*,*,*,*,*,*,*,*,*,*,*,*,*,*,*,*,8,8,*,*,*,*,*,*,*,*,*,*,*,*,*,*,*
533305373,2,533305371,,4,1,3,*,*,*,*,*,*,*,*,*,*,*,*,*,*,*,*,*,*,*,*,*,*,*,*,*,*,*,*,*,*,3,3,*,*,*,*,*,*,*,*,*,*,*,*,*,*,*
533305374,2,533305371,,2,1,1,*,*,*,*,*,*,*,*,*,*,*,*,*,*,*,*,*,*,*,*,*,*,*,*,*,*,*,*,*,*,1,1,*,*,*,*,*,*,*,*,*,*,*,*,*,*,*
533305383,0,,,11,5,6,1,0,1,10,5,5,5,3,2,9,4,5,9,4,5,5,2,3,0,0,0,0,0,0,0,0,0,0,0,0,4,4,2,0,1,0,0,1,0,2,1,1,0,4,0,2,0
533305392,0,,,26,13,13,3,1,2,23,12,11,16,7,9,22,12,10,21,12,9,7,5,2,2,1,1,1,1,0,0,0,0,0,0,0,8,8,2,1,2,1,1,0,1,6,4,2,1,5,0,1,0
533305393,1,,533305394,41,21,20,6,3,3,45,22,23,32,18,14,45,22,23,45,22,23,13,4,9,8,1,7,3,0,3,0,0,0,0,0,0,12,12,2,5,2,1,3,0,2,13,8,5,2,11,0,2,0
533305394,2,533305393,,10,4,6,*,*,*,*,*,*,*,*,*,*,*,*,*,*,*,*,*,*,*,*,*,*,*,*,*,*,*,*,*,*,3,3,*,*,*,*,*,*,*,*,*,*,*,*,*,*,*
533305421,2,533305422,,9,5,4,*,*,*,*,*,*,*,*,*,*,*,*,*,*,*,*,*,*,*,*,*,*,*,*,*,*,*,*,*,*,2,2,*,*,*,*,*,*,*,*,*,*,*,*,*,*,*
533305422,1,,533305421,9,4,5,4,3,1,14,6,8,8,3,5,13,6,7,13,6,7,6,3,3,4,2,2,3,2,1,0,0,0,0,0,0,2,2,1,0,1,0,0,1,1,3,0,3,1,3,0,0,0
533305431,2,533305434,,7,3,4,*,*,*,*,*,*,*,*,*,*,*,*,*,*,*,*,*,*,*,*,*,*,*,*,*,*,*,*,*,*,2,2,*,*,*,*,*,*,*,*,*,*,*,*,*,*,*
533305432,2,533305434,,6,3,3,*,*,*,*,*,*,*,*,*,*,*,*,*,*,*,*,*,*,*,*,*,*,*,*,*,*,*,*,*,*,3,3,*,*,*,*,*,*,*,*,*,*,*,*,*,*,*
533305434,1,,533305431;533305432,25,12,13,2,1,1,36,17,19,17,11,6,36,17,19,35,16,19,19,6,13,10,3,7,3,2,1,0,0,0,0,0,0,9,9,5,3,2,1,1,2,0,9,6,3,0,14,0,5,1
533305441,1,,533305343;533305344,32,14,18,1,0,1,38,19,19,18,8,10,35,19,16,34,19,15,20,11,9,8,4,4,1,0,1,0,0,0,0,0,0,9,9,3,3,4,0,0,3,0,10,7,3,0,12,0,3,2
533305442,0,,,21,11,10,0,0,0,21,11,10,13,8,5,19,10,9,19,10,9,8,3,5,5,2,3,1,1,0,1,1,0,0,0,0,8,8,3,2,1,0,1,1,0,5,2,3,0,6,0,1,1
533305443,0,,,26,14,12,5,2,3,21,12,9,14,8,6,19,10,9,19,10,9,7,4,3,2,1,1,1,0,1,0,0,0,0,0,0,4,4,0,1,1,0,0,0,2,4,2,2,1,4,0,0,0
533305451,2,533305353,,13,9,4,*,*,*,*,*,*,*,*,*,*,*,*,*,*,*,*,*,*,*,*,*,*,*,*,*,*,*,*,*,*,2,2,*,*,*,*,*,*,*,*,*,*,*,*,*,*,*
533305462,1,,533305463;533305464;533305552,6,3,3,0,0,0,14,7,7,12,5,7,14,7,7,14,7,7,2,2,0,0,0,0,0,0,0,0,0,0,0,0,0,2,2,2,1,2,1,0,0,0,4,4,0,0,2,0,0,0
533305463,2,533305462,,4,1,3,*,*,*,*,*,*,*,*,*,*,*,*,*,*,*,*,*,*,*,*,*,*,*,*,*,*,*,*,*,*,1,1,*,*,*,*,*,*,*,*,*,*,*,*,*,*,*
533305464,2,533305462,,2,2,0,*,*,*,*,*,*,*,*,*,*,*,*,*,*,*,*,*,*,*,*,*,*,*,*,*,*,*,*,*,*,2,2,*,*,*,*,*,*,*,*,*,*,*,*,*,*,*
533305481,0,,,109,51,58,9,3,6,100,48,52,56,25,31,98,48,50,93,46,47,44,23,21,19,9,10,5,4,1,0,0,0,0,0,0,36,36,5,15,2,6,4,4,0,30,20,10,2,28,0,5,9
533305482,1,,533305484,77,39,38,5,2,3,79,40,39,37,22,15,77,38,39,76,38,38,42,18,24,21,11,10,10,6,4,0,0,0,0,0,0,31,31,13,10,3,6,2,0,1,22,15,7,3,29,0,11,7
533305483,1,,533305572;533305573,11,6,5,1,1,0,14,6,8,4,2,2,14,6,8,14,6,8,10,4,6,2,1,1,1,0,1,0,0,0,0,0,0,4,4,1,2,2,1,0,0,0,5,3,2,0,5,0,0,2
533305484,2,533305482,,7,3,4,*,*,*,*,*,*,*,*,*,*,*,*,*,*,*,*,*,*,*,*,*,*,*,*,*,*,*,*,*,*,4,4,*,*,*,*,*,*,*,*,*,*,*,*,*,*,*
533305491,0,,,85,42,43,5,2,3,80,40,40,43,22,21,80,40,40,80,40,40,37,18,19,17,9,8,5,3,2,0,0,0,0,0,0,30,30,4,9,10,4,2,0,1,26,19,7,3,22,0,3,6
533305492,0,,,66,33,33,8,3,5,58,30,28,35,18,17,54,28,26,53,27,26,23,12,11,10,4,6,6,3,3,0,0,0,0,0,0,19,19,1,5,7,2,0,3,1,18,8,10,2,15,0,1,2
533305493,0,,,72,34,38,8,3,5,64,31,33,39,19,20,61,31,30,61,31,30,25,12,13,10,5,5,6,2,4,0,0,0,0,0,0,20,20,2,3,5,4,3,3,0,18,8,10,2,16,0,2,1
533305494,0,,,49,28,21,0,0,0,49,28,21,20,14,6,49,28,21,49,28,21,29,14,15,14,6,8,4,3,1,0,0,0,1,0,1,23,23,6,11,3,3,0,0,0,17,13,4,0,19,0,4,7
533305511,0,,,25,10,15,2,0,2,23,10,13,11,5,6,23,10,13,23,10,13,12,5,7,8,3,5,4,2,2,0,0,0,0,0,0,7,7,1,2,1,1,1,0,1,6,3,3,0,7,0,1,1
533305524,2,533305533,,11,5,6,*,*,*,*,*,*,*,*,*,*,*,*,*,*,*,*,*,*,*,*,*,*,*,*,*,*,*,*,*,*,3,3,*,*,*,*,*,*,*,*,*,*,*,*,*,*,*
533305531,2,533305533,,5,3,2,*,*,*,*,*,*,*,*,*,*,*,*,*,*,*,*,*,*,*,*,*,*,*,*,*,*,*,*,*,*,1,1,*,*,*,*,*,*,*,*,*,*,*,*,*,*,*
533305533,1,,533305524;533305531,2,1,1,1,0,1,17,9,8,8,4,4,16,9,7,16,9,7,9,5,4,2,1,1,2,1,1,0,0,0,0,0,0,1,1,0,1,1,2,1,0,0,5,4,1,0,4,0,0,1
533305552,2,533305462,,2,1,1,*,*,*,*,*,*,*,*,*,*,*,*,*,*,*,*,*,*,*,*,*,*,*,*,*,*,*,*,*,*,1,1,*,*,*,*,*,*,*,*,*,*,*,*,*,*,*
533305561,2,533305562,,4,2,2,*,*,*,*,*,*,*,*,*,*,*,*,*,*,*,*,*,*,*,*,*,*,*,*,*,*,*,*,*,*,1,1,*,*,*,*,*,*,*,*,*,*,*,*,*,*,*
533305562,1,,533305561,23,12,11,3,2,1,24,12,12,16,9,7,23,11,12,23,11,12,8,3,5,5,1,4,3,0,3,0,0,0,0,0,0,7,7,0,2,3,1,2,0,0,8,4,4,0,6,0,0,2
533305572,2,533305483,,3,1,2,*,*,*,*,*,*,*,*,*,*,*,*,*,*,*,*,*,*,*,*,*,*,*,*,*,*,*,*,*,*,1,1,*,*,*,*,*,*,*,*,*,*,*,*,*,*,*
533305573,2,533305483,,1,0,1,*,*,*,*,*,*,*,*,*,*,*,*,*,*,*,*,*,*,*,*,*,*,*,*,*,*,*,*,*,*,1,1,*,*,*,*,*,*,*,*,*,*,*,*,*,*,*
533305582,2,533305591,,3,1,2,*,*,*,*,*,*,*,*,*,*,*,*,*,*,*,*,*,*,*,*,*,*,*,*,*,*,*,*,*,*,1,1,*,*,*,*,*,*,*,*,*,*,*,*,*,*,*
533305591,1,,533305582,20,8,12,1,0,1,22,9,13,15,7,8,21,8,13,21,8,13,7,2,5,3,1,2,3,1,2,1,0,1,0,0,0,8,8,2,3,2,1,1,0,0,7,4,3,1,7,0,2,1
533305592,0,,,13,7,6,0,0,0,13,7,6,6,2,4,13,7,6,13,7,6,7,5,2,6,4,2,2,1,1,1,1,0,0,0,0,6,6,3,2,0,0,0,1,0,3,2,1,0,5,0,2,1
533305594,0,,,19,9,10,1,1,0,18,8,10,7,3,4,18,8,10,18,8,10,11,5,6,3,1,2,2,0,2,0,0,0,0,0,0,9,9,4,1,3,1,0,0,0,5,3,2,1,8,0,4,1
533305662,0,,,17,8,9,4,2,2,13,6,7,10,5,5,13,6,7,13,6,7,3,1,2,1,0,1,0,0,0,0,0,0,0,0,0,6,6,1,3,0,0,2,0,0,5,4,1,1,2,0,1,0
533305671,0,,,29,15,14,3,2,1,26,13,13,18,9,9,25,13,12,25,13,12,8,4,4,3,1,2,0,0,0,0,0,0,0,0,0,8,8,0,2,3,1,0,2,0,8,6,2,1,5,0,0,0
533305672,0,,,37,19,18,3,2,1,34,17,17,19,11,8,34,17,17,34,17,17,15,6,9,10,3,7,4,2,2,0,0,0,0,0,0,16,16,5,7,2,1,0,0,1,11,9,2,0,12,0,5,1
533305681,0,,,35,15,20,1,0,1,34,15,19,15,7,8,34,15,19,33,15,18,19,8,11,8,4,4,3,2,1,0,0,0,0,0,0,14,14,1,7,5,0,1,0,0,13,10,3,0,12,0,1,4
533305682,0,,,15,8,7,2,2,0,13,6,7,7,4,3,13,6,7,13,6,7,6,2,4,2,0,2,2,0,2,0,0,0,0,0,0,6,6,3,1,1,0,0,0,1,3,1,2,1,4,0,2,0
533305692,0,,,15,8,7,3,1,2,12,7,5,5,3,2,12,7,5,12,7,5,7,4,3,2,1,1,0,0,0,0,0,0,0,0,0,4,4,1,0,1,1,0,0,1,3,2,1,0,4,0,1,0
533305701,0,,,19,8,11,0,0,0,19,8,11,11,5,6,18,8,10,17,7,10,8,3,5,3,1,2,1,0,1,0,0,0,0,0,0,7,7,0,5,0,1,1,0,0,7,5,2,0,5,0,0,2
533305713,2,533305811,,4,2,2,*,*,*,*,*,*,*,*,*,*,*,*,*,*,*,*,*,*,*,*,*,*,*,*,*,*,*,*,*,*,1,1,*,*,*,*,*,*,*,*,*,*,*,*,*,*,*
533305772,0,,,38,19,19,0,0,0,38,19,19,18,9,9,38,19,19,38,19,19,20,10,10,10,4,6,3,1,2,0,0,0,0,0,0,16,16,3,7,3,3,0,0,0,13,10,3,0,13,0,3,3
533305774,0,,,32,17,15,10,6,4,22,11,11,12,6,6,22,11,11,22,11,11,10,5,5,2,1,1,1,1,0,0,0,0,0,0,0,10,10,3,3,0,0,1,3,0,7,4,3,2,7,0,2,2
533305783,1,,533305784,12,7,5,0,0,0,24,12,12,10,4,6,24,12,12,23,12,11,14,8,6,5,2,3,4,1,3,0,0,0,0,0,0,7,7,4,2,2,1,0,1,0,6,2,4,0,9,0,3,0
533305784,2,533305783,,12,5,7,*,*,*,*,*,*,*,*,*,*,*,*,*,*,*,*,*,*,*,*,*,*,*,*,*,*,*,*,*,*,3,3,*,*,*,*,*,*,*,*,*,*,*,*,*,*,*
533305791,0,,,48,23,25,2,1,1,46,22,24,20,9,11,43,20,23,42,20,22,26,13,13,11,5,6,7,3,4,1,1,0,0,0,0,16,16,2,7,3,1,1,1,1,14,9,5,0,15,0,2,5
533305793,0,,,19,9,10,2,0,2,17,9,8,9,5,4,17,9,8,17,9,8,8,4,4,5,2,3,0,0,0,0,0,0,0,0,0,7,7,2,2,1,1,0,1,0,5,2,3,1,7,0,2,0
533305804,2,533305813,,4,1,3,*,*,*,*,*,*,*,*,*,*,*,*,*,*,*,*,*,*,*,*,*,*,*,*,*,*,*,*,*,*,1,1,*,*,*,*,*,*,*,*,*,*,*,*,*,*,*
533305811,1,,533305713,19,9,10,0,0,0,23,11,12,15,9,6,21,10,11,21,10,11,8,2,6,7,1,6,5,0,5,3,0,3,0,0,0,8,8,2,3,1,3,0,0,0,7,5,2,0,7,0,1,2
533305813,1,,533305804,83,43,40,6,2,4,81,42,39,41,24,17,80,42,38,78,42,36,40,18,22,25,11,14,13,5,8,2,1,1,0,0,0,31,31,7,12,4,5,1,2,1,25,16,9,0,25,0,5,7
533305833,2,533305932,,2,1,1,*,*,*,*,*,*,*,*,*,*,*,*,*,*,*,*,*,*,*,*,*,*,*,*,*,*,*,*,*,*,1,1,*,*,*,*,*,*,*,*,*,*,*,*,*,*,*
533305834,2,533305932,,3,1,2,*,*,*,*,*,*,*,*,*,*,*,*,*,*,*,*,*,*,*,*,*,*,*,*,*,*,*,*,*,*,2,2,*,*,*,*,*,*,*,*,*,*,*,*,*,*,*
533305843,0,,,52,29,23,8,4,4,44,25,19,22,14,8,44,25,19,44,25,19,22,11,11,10,5,5,2,2,0,0,0,0,0,0,0,17,17,3,5,4,2,1,0,2,14,10,4,4,14,0,2,3
533305863,2,533305962,,6,3,3,*,*,*,*,*,*,*,*,*,*,*,*,*,*,*,*,*,*,*,*,*,*,*,*,*,*,*,*,*,*,2,2,*,*,*,*,*,*,*,*,*,*,*,*,*,*,*
533305873,0,,,18,9,9,1,1,0,17,8,9,9,4,5,16,8,8,16,8,8,8,4,4,5,2,3,3,1,2,0,0,0,0,0,0,6,6,1,2,1,1,0,1,0,5,2,3,0,6,0,1,1
533305874,0,,,15,6,9,0,0,0,15,6,9,5,1,4,15,6,9,15,6,9,10,5,5,5,3,2,2,1,1,0,0,0,0,0,0,6,6,0,4,1,1,0,0,0,6,4,2,0,5,0,0,2
533305891,0,,,16,6,10,0,0,0,16,6,10,7,2,5,16,6,10,15,6,9,9,4,5,6,3,3,1,1,0,0,0,0,0,0,0,5,5,1,1,1,0,2,0,0,4,2,2,0,5,0,1,1
533305892,0,,,17,7,10,0,0,0,17,7,10,8,4,4,17,7,10,17,7,10,9,3,6,3,0,3,1,0,1,0,0,0,0,0,0,9,9,2,6,1,0,0,0,0,7,6,1,0,7,0,1,2
533305894,0,,,91,49,42,9,6,3,82,43,39,45,24,21,82,43,39,81,42,39,37,19,18,15,7,8,6,3,3,1,0,1,0,0,0,31,31,8,8,4,5,3,2,1,23,15,8,3,26,0,7,3
533305912,0,,,37,18,19,6,4,2,31,14,17,18,10,8,31,14,17,31,14,17,13,4,9,6,1,5,5,1,4,1,0,1,0,0,0,12,12,3,2,3,3,0,0,1,9,4,5,1,9,0,2,1
533305914,0,,,22,11,11,5,4,1,17,7,10,9,4,5,17,7,10,17,7,10,8,3,5,5,2,3,2,1,1,0,0,0,0,0,0,5,5,1,0,1,1,0,1,1,4,0,4,1,5,0,1,0
533305932,1,,533305833;533305834,11,4,7,2,0,2,14,6,8,4,2,2,14,6,8,14,6,8,10,4,6,8,2,6,1,0,1,0,0,0,0,0,0,5,5,3,3,1,1,0,0,0,5,5,0,1,7,0,3,2
533305962,1,,533305863,30,14,16,0,0,0,36,17,19,12,6,6,36,17,19,36,17,19,24,11,13,11,5,6,2,1,1,0,0,0,0,0,0,13,13,2,8,2,3,0,0,0,13,11,2,0,13,0,1,6
533305971,2,533305974,,5,2,3,*,*,*,*,*,*,*,*,*,*,*,*,*,*,*,*,*,*,*,*,*,*,*,*,*,*,*,*,*,*,2,2,*,*,*,*,*,*,*,*,*,*,*,*,*,*,*
533305973,2,533305974,,2,1,1,*,*,*,*,*,*,*,*,*,*,*,*,*,*,*,*,*,*,*,*,*,*,*,*,*,*,*,*,*,*,1,1,*,*,*,*,*,*,*,*,*,*,*,*,*,*,*
533305974,1,,533305971;533305973,21,10,11,4,1,3,24,12,12,8,4,4,24,12,12,24,12,12,16,8,8,6,2,4,1,0,1,0,0,0,0,0,0,7,7,2,3,3,1,0,0,1,8,4,4,1,10,0,2,3
533305981,2,533305983,,7,3,4,*,*,*,*,*,*,*,*,*,*,*,*,*,*,*,*,*,*,*,*,*,*,*,*,*,*,*,*,*,*,4,4,*,*,*,*,*,*,*,*,*,*,*,*,*,*,*
533305983,1,,533305981;533305984,8,4,4,1,1,0,19,9,10,8,4,4,19,9,10,19,9,10,11,5,6,4,1,3,1,0,1,1,0,1,1,0,1,3,3,3,3,2,0,1,0,0,6,5,1,0,7,0,2,2
533305984,2,533305983,,5,3,2,*,*,*,*,*,*,*,*,*,*,*,*,*,*,*,*,*,*,*,*,*,*,*,*,*,*,*,*,*,*,2,2,*,*,*,*,*,*,*,*,*,*,*,*,*,*,*
533306001,0,,,10,6,4,1,1,0,9,5,4,3,2,1,9,5,4,9,5,4,6,3,3,1,0,1,0,0,0,0,0,0,0,0,0,4,4,1,2,0,0,1,0,0,3,2,1,1,4,0,1,1
533306041,2,533306062,,1,0,1,*,*,*,*,*,*,*,*,*,*,*,*,*,*,*,*,*,*,*,*,*,*,*,*,*,*,*,*,*,*,1,1,*,*,*,*,*,*,*,*,*,*,*,*,*,*,*
533306062,1,,533306041,30,17,13,3,2,1,28,15,13,14,9,5,27,14,13,27,14,13,14,6,8,8,3,5,4,1,3,0,0,0,0,0,0,7,7,2,0,2,0,2,1,1,6,1,5,2,8,0,2,0
533306071,0,,,58,26,32,7,3,4,51,23,28,27,12,15,49,22,27,49,22,27,24,11,13,10,4,6,5,1,4,2,1,1,0,0,0,16,16,2,3,3,3,2,2,1,14,6,8,1,14,0,1,2
533306073,0,,,29,14,15,3,1,2,26,13,13,18,9,9,26,13,13,25,13,12,8,4,4,5,2,3,0,0,0,0,0,0,0,0,0,10,10,4,0,3,1,1,0,1,6,3,3,1,5,1,1,0
533306171,0,,,31,17,14,1,1,0,30,16,14,13,7,6,30,16,14,30,16,14,17,9,8,13,6,7,8,4,4,1,0,1,0,0,0,12,12,4,1,3,4,0,0,0,8,2,6,1,11,0,3,1
533306173,0,,,36,17,19,4,2,2,32,15,17,17,8,9,31,14,17,31,14,17,15,7,8,7,3,4,2,0,2,0,0,0,0,0,0,12,12,1,3,4,3,1,0,0,11,7,4,1,9,0,1,2
533306202,2,533306204,,7,2,5,*,*,*,*,*,*,*,*,*,*,*,*,*,*,*,*,*,*,*,*,*,*,*,*,*,*,*,*,*,*,3,3,*,*,*,*,*,*,*,*,*,*,*,*,*,*,*
533306204,1,,533306202;533306211,20,9,11,1,1,0,30,12,18,16,6,10,29,12,17,28,12,16,14,6,8,5,1,4,1,0,1,0,0,0,0,0,0,8,8,3,7,0,2,0,1,0,10,8,2,0,11,0,3,4
533306211,2,533306204,,4,2,2,*,*,*,*,*,*,*,*,*,*,*,*,*,*,*,*,*,*,*,*,*,*,*,*,*,*,*,*,*,*,2,2,*,*,*,*,*,*,*,*,*,*,*,*,*,*,*
533306233,2,533306411,,3,1,2,*,*,*,*,*,*,*,*,*,*,*,*,*,*,*,*,*,*,*,*,*,*,*,*,*,*,*,*,*,*,1,1,*,*,*,*,*,*,*,*,*,*,*,*,*,*,*
533306272,2,533306274,,2,1,1,*,*,*,*,*,*,*,*,*,*,*,*,*,*,*,*,*,*,*,*,*,*,*,*,*,*,*,*,*,*,1,1,*,*,*,*,*,*,*,*,*,*,*,*,*,*,*
533306274,1,,533306272,81,46,35,5,2,3,78,45,33,37,23,14,75,42,33,72,40,32,41,22,19,19,10,9,9,5,4,0,0,0,0,0,0,27,27,5,9,7,1,1,5,0,23,15,8,1,27,0,4,7
533306301,0,,,14,9,5,0,0,0,14,9,5,7,5,2,14,9,5,14,9,5,7,4,3,3,2,1,0,0,0,0,0,0,0,0,0,5,5,0,3,0,2,0,0,0,5,4,1,0,4,0,0,3
533306302,1,,533306311;533306313,156,40,116,0,0,0,216,68,148,26,21,5,216,68,148,214,66,148,190,47,143,169,33,136,135,24,111,40,6,34,0,0,0,17,14,6,6,2,0,1,1,0,10,8,2,0,10,0,2,5
533306303,0,,,164,76,88,27,13,14,137,63,74,78,36,42,130,58,72,125,57,68,59,27,32,31,11,20,10,3,7,0,0,0,0,0,0,58,58,7,24,13,6,3,4,1,51,44,7,6,36,0,5,14
533306304,0,,,412,196,216,46,24,22,366,172,194,195,95,100,356,167,189,350,162,188,171,77,94,68,27,41,21,6,15,1,0,1,2,0,2,178,178,64,52,29,17,9,6,1,113,89,24,12,116,1,43,31
533306311,2,533306302,,48,16,32,*,*,*,*,*,*,*,*,*,*,*,*,*,*,*,*,*,*,*,*,*,*,*,*,*,*,*,*,*,*,3,1,*,*,*,*,*,*,*,*,*,*,*,*,*,*,*
533306313,2,533306302,,12,12,0,*,*,*,*,*,*,*,*,*,*,*,*,*,*,*,*,*,*,*,*,*,*,*,*,*,*,*,*,*,*,3,1,*,*,*,*,*,*,*,*,*,*,*,*,*,*,*
533306334,2,533306434,,2,1,1,*,*,*,*,*,*,*,*,*,*,*,*,*,*,*,*,*,*,*,*,*,*,*,*,*,*,*,*,*,*,1,1,*,*,*,*,*,*,*,*,*,*,*,*,*,*,*
533306341,2,533306432,,9,6,3,*,*,*,*,*,*,*,*,*,*,*,*,*,*,*,*,*,*,*,*,*,*,*,*,*,*,*,*,*,*,2,2,*,*,*,*,*,*,*,*,*,*,*,*,*,*,*
533306372,2,533306374,,9,4,5,*,*,*,*,*,*,*,*,*,*,*,*,*,*,*,*,*,*,*,*,*,*,*,*,*,*,*,*,*,*,4,4,*,*,*,*,*,*,*,*,*,*,*,*,*,*,*
533306374,1,,533306372,12,6,6,3,3,0,18,7,11,10,4,6,18,7,11,18,7,11,8,3,5,6,2,4,1,0,1,0,0,0,0,0,0,5,5,4,2,2,0,0,0,1,5,4,1,2,7,0,4,1
533306381,2,533306383,,1,1,0,*,*,*,*,*,*,*,*,*,*,*,*,*,*,*,*,*,*,*,*,*,*,*,*,*,*,*,*,*,*,1,1,*,*,*,*,*,*,*,*,*,*,*,*,*,*,*
533306383,1,,533306381,25,12,13,3,2,1,23,11,12,15,7,8,23,11,12,23,11,12,8,4,4,3,0,3,2,0,2,0,0,0,0,0,0,8,8,3,2,1,1,1,0,1,6,3,3,0,7,0,3,1
533306401,0,,,140,70,70,10,7,3,130,63,67,62,30,32,126,60,66,123,59,64,68,33,35,32,15,17,9,3,6,0,0,0,0,0,0,55,55,18,16,7,5,6,2,1,37,26,11,4,46,0,15,13
533306402,0,,,150,71,79,23,14,9,127,57,70,88,42,46,120,51,69,119,50,69,39,15,24,27,10,17,9,2,7,0,0,0,15,0,15,64,62,28,9,13,6,3,2,1,34,29,5,2,26,14,12,4
533306403,0,,,61,30,31,8,4,4,53,26,27,30,16,14,53,26,27,52,25,27,23,10,13,9,3,6,2,1,1,0,0,0,0,0,0,24,24,5,10,5,1,1,2,0,19,16,3,1,18,0,5,2
533306404,0,,,199,90,109,25,9,16,174,81,93,99,47,52,172,80,92,172,80,92,75,34,41,37,16,21,13,4,9,1,0,1,1,0,1,76,76,18,24,15,10,7,1,1,57,45,12,7,51,1,11,12
533306411,1,,533306233,30,17,13,4,3,1,29,15,14,18,9,9,28,14,14,28,14,14,11,6,5,7,3,4,2,1,1,0,0,0,0,0,0,10,10,2,3,1,3,2,0,0,9,5,4,1,7,0,2,1
533306413,0,,,20,11,9,4,3,1,16,8,8,9,4,5,15,7,8,15,7,8,7,4,3,4,2,2,0,0,0,0,0,0,0,0,0,7,7,0,4,0,3,0,0,0,7,5,2,1,5,0,0,3
533306414,0,,,71,34,37,6,5,1,65,29,36,36,17,19,63,29,34,63,29,34,29,12,17,12,4,8,5,1,4,1,0,1,1,0,1,21,21,2,6,5,2,4,1,1,19,8,11,1,18,0,2,3
533306432,1,,533306341,11,8,3,2,2,0,18,12,6,12,8,4,16,11,5,16,11,5,6,4,2,4,2,2,0,0,0,0,0,0,0,0,0,4,4,1,0,3,1,0,1,0,5,3,2,0,5,0,1,0
533306434,1,,533306334,16,7,9,0,0,0,18,8,10,11,5,6,17,7,10,16,7,9,7,3,4,2,1,1,0,0,0,0,0,0,0,0,0,6,6,0,5,1,0,1,0,0,7,6,1,0,6,0,0,3
533306472,1,,533306474,15,9,6,5,3,2,26,12,14,15,8,7,25,12,13,25,12,13,11,4,7,4,1,3,2,0,2,2,0,2,0,0,0,4,4,0,1,1,2,0,3,0,7,3,4,2,6,0,0,0
533306474,2,533306472,,16,6,10,*,*,*,*,*,*,*,*,*,*,*,*,*,*,*,*,*,*,*,*,*,*,*,*,*,*,*,*,*,*,3,3,*,*,*,*,*,*,*,*,*,*,*,*,*,*,*
533306481,1,,533306483,31,16,15,2,1,1,31,16,15,13,7,6,31,16,15,31,16,15,18,9,9,12,6,6,6,2,4,1,0,1,0,0,0,10,10,0,6,2,1,1,1,0,11,6,5,0,11,0,0,3
533306483,2,533306481,,2,1,1,*,*,*,*,*,*,*,*,*,*,*,*,*,*,*,*,*,*,*,*,*,*,*,*,*,*,*,*,*,*,1,1,*,*,*,*,*,*,*,*,*,*,*,*,*,*,*
533306501,0,,,40,21,19,1,0,1,39,21,18,21,12,9,36,20,16,36,20,16,18,9,9,5,3,2,3,2,1,0,0,0,0,0,0,17,17,5,5,3,4,0,0,0,12,10,2,0,12,0,3,3
533306502,0,,,54,35,19,0,0,0,54,35,19,45,30,15,54,35,19,26,17,9,9,5,4,6,3,3,2,1,1,0,0,0,0,0,0,11,9,3,4,2,0,0,0,0,6,5,1,0,6,0,1,3
533306503,0,,,64,36,28,9,7,2,55,29,26,38,21,17,53,27,26,52,27,25,17,8,9,8,4,4,3,2,1,0,0,0,0,0,0,24,24,7,6,5,1,4,1,0,17,14,3,2,14,0,5,1
533306504,0,,,14,8,6,1,1,0,13,7,6,10,6,4,12,6,6,11,6,5,3,1,2,1,0,1,1,0,1,0,0,0,0,0,0,4,4,0,1,2,0,0,1,0,4,2,2,0,2,0,0,0
533306511,0,,,24,14,10,6,2,4,18,12,6,10,6,4,18,12,6,18,12,6,8,6,2,3,2,1,1,1,0,0,0,0,0,0,0,8,8,2,1,2,2,0,1,0,6,2,4,0,6,0,1,1
533306512,0,,,56,27,29,3,2,1,53,25,28,25,11,14,52,24,28,50,24,26,28,14,14,13,5,8,3,1,2,0,0,0,0,0,0,24,24,8,6,6,3,0,1,0,16,13,3,0,18,0,5,4
533306513,0,,,17,9,8,0,0,0,17,9,8,9,4,5,16,8,8,16,8,8,8,5,3,3,2,1,1,0,1,0,0,0,0,0,0,7,7,2,2,2,0,1,0,0,5,3,2,0,6,0,2,1
533306514,0,,,34,18,16,3,2,1,31,16,15,12,7,5,30,15,15,29,14,15,19,9,10,10,5,5,3,2,1,2,1,1,1,0,1,11,11,0,7,0,2,0,2,0,11,5,6,0,9,0,0,4
533306532,1,,533306534,23,13,10,1,1,0,27,14,13,10,6,4,27,14,13,27,14,13,17,8,9,15,7,8,5,3,2,0,0,0,0,0,0,10,10,5,4,2,1,1,0,0,8,6,2,0,11,0,4,3
533306534,2,533306532,,5,2,3,*,*,*,*,*,*,*,*,*,*,*,*,*,*,*,*,*,*,*,*,*,*,*,*,*,*,*,*,*,*,3,3,*,*,*,*,*,*,*,*,*,*,*,*,*,*,*
533306572,2,533306581,,8,4,4,*,*,*,*,*,*,*,*,*,*,*,*,*,*,*,*,*,*,*,*,*,*,*,*,*,*,*,*,*,*,2,2,*,*,*,*,*,*,*,*,*,*,*,*,*,*,*
533306581,1,,533306572;533306583,22,11,11,3,3,0,35,16,19,19,9,10,33,15,18,33,15,18,16,7,9,7,2,5,2,0,2,1,0,1,0,0,0,8,8,3,2,3,4,0,1,0,10,4,6,1,11,0,2,0
533306583,2,533306581,,8,4,4,*,*,*,*,*,*,*,*,*,*,*,*,*,*,*,*,*,*,*,*,*,*,*,*,*,*,*,*,*,*,3,3,*,*,*,*,*,*,*,*,*,*,*,*,*,*,*
533306601,0,,,33,15,18,3,1,2,30,14,16,17,9,8,28,13,15,28,13,15,13,5,8,6,2,4,3,1,2,0,0,0,1,1,0,10,10,1,2,2,3,2,0,0,9,3,6,1,7,0,1,1
533306602,0,,,24,11,13,3,1,2,21,10,11,9,4,5,21,10,11,21,10,11,12,6,6,3,2,1,1,1,0,0,0,0,0,0,0,11,11,5,2,3,0,0,1,0,6,5,1,0,10,0,5,0
533306604,0,,,13,6,7,1,0,1,12,6,6,7,3,4,12,6,6,12,6,6,5,3,2,1,0,1,1,0,1,0,0,0,0,0,0,6,6,3,0,2,1,0,0,0,3,3,0,0,5,0,3,0
533306611,2,533306613,,1,0,1,*,*,*,*,*,*,*,*,*,*,*,*,*,*,*,*,*,*,*,*,*,*,*,*,*,*,*,*,*,*,1,1,*,*,*,*,*,*,*,*,*,*,*,*,*,*,*
533306612,0,,,29,13,16,2,1,1,27,12,15,19,10,9,27,12,15,26,11,15,8,2,6,4,1,3,2,0,2,0,0,0,0,0,0,9,9,1,3,2,1,1,0,1,8,4,4,0,6,0,0,1
533306613,1,,533306611,12,5,7,0,0,0,13,5,8,9,3,6,13,5,8,13,5,8,4,2,2,3,1,2,2,1,1,0,0,0,0,0,0,3,3,2,0,0,0,1,1,0,2,1,1,0,3,0,1,0
533306614,0,,,36,17,19,6,3,3,30,14,16,13,7,6,29,13,16,29,13,16,17,7,10,10,6,4,1,1,0,0,0,0,0,0,0,13,13,0,8,2,2,0,1,0,13,11,2,2,10,0,0,7
533306621,0,,,99,51,48,12,6,6,87,45,42,50,29,21,84,44,40,79,40,39,37,16,21,21,10,11,6,4,2,0,0,0,0,0,0,40,40,13,12,6,5,1,2,1,27,23,4,3,26,0,10,7
533306622,0,,,14,8,6,2,2,0,12,6,6,9,5,4,11,6,5,10,6,4,3,1,2,1,0,1,1,0,1,0,0,0,0,0,0,6,6,3,2,0,0,0,0,1,3,3,0,0,2,1,1,1
533306623,0,,,52,23,29,3,1,2,49,22,27,28,14,14,47,20,27,47,20,27,21,8,13,9,4,5,3,1,2,0,0,0,0,0,0,18,18,3,5,5,2,2,1,0,15,11,4,0,14,0,2,3
533306624,0,,,92,48,44,11,9,2,81,39,42,47,24,23,79,38,41,79,38,41,34,15,19,17,8,9,6,3,3,0,0,0,0,0,0,36,36,9,11,9,3,3,0,1,27,20,7,2,20,0,3,7
533306632,0,,,14,7,7,2,1,1,12,6,6,6,4,2,12,6,6,12,6,6,6,2,4,3,2,1,1,1,0,0,0,0,0,0,0,5,5,1,2,1,0,0,1,0,4,3,1,1,4,0,1,0
533306633,0,,,17,5,12,2,0,2,15,5,10,11,4,7,15,5,10,15,5,10,4,1,3,3,0,3,1,0,1,0,0,0,0,0,0,5,5,0,0,3,2,0,0,0,5,1,4,0,3,0,0,0
533306641,0,,,29,15,14,0,0,0,29,15,14,10,5,5,29,15,14,29,15,14,19,10,9,9,4,5,6,2,4,0,0,0,0,0,0,12,12,2,7,1,1,0,1,0,10,6,4,0,11,0,1,4
533306643,0,,,42,23,19,6,6,0,36,17,19,22,10,12,34,15,19,33,14,19,14,7,7,5,2,3,0,0,0,0,0,0,0,0,0,13,13,3,2,2,2,3,1,0,10,4,6,1,11,0,3,1
533306681,1,,533306682,122,58,64,11,4,7,120,59,61,72,39,33,117,57,60,116,56,60,48,20,28,25,9,16,5,1,4,0,0,0,0,0,0,44,44,7,14,17,5,1,2,1,40,30,10,4,31,0,6,6
533306682,2,533306681,,9,5,4,*,*,*,*,*,*,*,*,*,*,*,*,*,*,*,*,*,*,*,*,*,*,*,*,*,*,*,*,*,*,3,3,*,*,*,*,*,*,*,*,*,*,*,*,*,*,*
533306683,0,,,30,13,17,2,0,2,28,13,15,21,10,11,26,12,14,25,11,14,7,3,4,4,1,3,0,0,0,0,0,0,0,0,0,11,11,3,4,0,2,1,1,0,8,6,2,0,6,0,2,1
533306684,0,,,63,28,35,10,3,7,53,25,28,33,18,15,51,25,26,50,24,26,20,7,13,13,4,9,1,0,1,1,0,1,0,0,0,19,19,2,5,6,2,2,0,2,17,11,6,2,13,0,2,1
533306701,0,,,34,17,17,3,0,3,31,17,14,12,7,5,29,16,13,29,16,13,19,10,9,8,5,3,3,2,1,1,1,0,0,0,0,15,15,3,9,0,2,1,0,0,12,11,1,0,12,0,2,6
533306702,0,,,9,4,5,0,0,0,9,4,5,2,1,1,9,4,5,9,4,5,7,3,4,3,1,2,3,1,2,0,0,0,0,0,0,4,4,1,1,2,0,0,0,0,3,3,0,0,4,0,1,1
533306704,0,,,40,19,21,0,0,0,40,19,21,19,9,10,40,19,21,40,19,21,21,10,11,8,3,5,6,2,4,0,0,0,1,0,1,15,15,2,5,4,4,0,0,0,13,9,4,0,13,0,1,3
533306713,1,,533306714,17,8,9,4,2,2,15,7,8,7,4,3,15,7,8,15,7,8,8,3,5,3,1,2,0,0,0,0,0,0,0,0,0,7,7,2,4,1,0,0,1,0,6,5,1,1,6,0,1,2
533306714,2,533306713,,2,1,1,*,*,*,*,*,*,*,*,*,*,*,*,*,*,*,*,*,*,*,*,*,*,*,*,*,*,*,*,*,*,1,1,*,*,*,*,*,*,*,*,*,*,*,*,*,*,*
533306721,0,,,101,49,52,7,4,3,94,45,49,72,38,34,90,43,47,89,42,47,22,7,15,11,5,6,1,1,0,0,0,0,3,0,3,43,43,12,15,7,7,2,0,0,30,22,8,1,18,0,5,1
533306722,0,,,142,73,69,16,11,5,126,62,64,76,40,36,123,60,63,121,58,63,50,22,28,25,8,17,8,1,7,2,0,2,0,0,0,48,48,14,10,8,6,5,3,2,34,19,15,2,37,1,8,5
533306723,0,,,13,8,5,2,2,0,11,6,5,6,5,1,10,5,5,10,5,5,5,1,4,4,1,3,1,0,1,0,0,0,0,0,0,5,5,2,1,1,0,0,1,0,3,1,2,0,5,0,2,0
533306724,0,,,83,42,41,14,6,8,69,36,33,43,24,19,65,32,33,63,30,33,26,12,14,12,5,7,2,0,2,0,0,0,0,0,0,25,25,2,7,7,5,1,0,3,23,16,7,2,16,0,2,5
533306733,1,,533306734,190,92,98,33,17,16,165,80,85,101,54,47,160,75,85,153,72,81,64,26,38,28,10,18,10,1,9,3,1,2,0,0,0,66,66,13,25,11,4,11,0,4,55,43,12,7,46,0,10,10
533306734,2,533306733,,8,5,3,*,*,*,*,*,*,*,*,*,*,*,*,*,*,*,*,*,*,*,*,*,*,*,*,*,*,*,*,*,*,2,2,*,*,*,*,*,*,*,*,*,*,*,*,*,*,*
533306741,0,,,25,13,12,0,0,0,25,13,12,12,6,6,24,13,11,24,13,11,13,7,6,7,4,3,1,0,1,0,0,0,0,0,0,9,9,2,3,2,1,0,0,1,7,5,2,0,9,0,2,1
533306743,0,,,102,59,43,6,6,0,96,53,43,63,38,25,93,51,42,92,50,42,33,15,18,12,4,8,2,0,2,0,0,0,0,0,0,17,16,5,3,1,2,1,2,2,11,3,8,1,13,0,3,2
533306782,0,,,22,13,9,0,0,0,22,13,9,12,7,5,21,13,8,21,13,8,10,6,4,3,2,1,1,1,0,0,0,0,0,0,0,8,8,2,2,1,2,1,0,0,6,5,1,0,5,0,0,2
533306783,2,533306784,,7,3,4,*,*,*,*,*,*,*,*,*,*,*,*,*,*,*,*,*,*,*,*,*,*,*,*,*,*,*,*,*,*,3,3,*,*,*,*,*,*,*,*,*,*,*,*,*,*,*
533306784,1,,533306783,99,43,56,13,8,5,93,38,55,61,25,36,88,37,51,85,36,49,32,13,19,20,7,13,9,5,4,0,0,0,1,1,0,27,27,3,11,3,5,3,1,4,27,15,12,3,21,0,1,7
533306793,0,,,66,29,37,7,3,4,59,26,33,38,17,21,57,26,31,57,26,31,21,9,12,10,3,7,3,1,2,0,0,0,0,0,0,25,25,4,10,4,5,2,0,0,21,18,3,1,16,0,3,5
533306794,0,,,48,22,26,3,1,2,45,21,24,32,16,16,42,19,23,42,19,23,13,5,8,6,1,5,0,0,0,0,0,0,0,0,0,21,21,4,9,6,2,0,0,0,17,15,2,0,11,0,3,2
533306802,2,533306803,,9,4,5,*,*,*,*,*,*,*,*,*,*,*,*,*,*,*,*,*,*,*,*,*,*,*,*,*,*,*,*,*,*,2,2,*,*,*,*,*,*,*,*,*,*,*,*,*,*,*
533306803,1,,533306802,51,23,28,13,4,9,47,23,24,24,10,14,47,23,24,46,23,23,23,13,10,8,4,4,7,4,3,1,0,1,0,0,0,18,18,5,4,4,3,2,1,1,15,10,5,4,15,0,4,3
533306804,0,,,32,14,18,3,1,2,29,13,16,14,7,7,29,13,16,28,12,16,15,6,9,8,3,5,2,0,2,1,0,1,0,0,0,10,10,2,1,4,1,1,0,1,8,3,5,0,9,0,2,1
533306811,0,,,13,7,6,2,1,1,11,6,5,4,3,1,11,6,5,11,6,5,7,3,4,3,1,2,2,1,1,0,0,0,0,0,0,5,5,0,3,1,1,0,0,0,5,5,0,0,4,0,0,2
533306821,1,,533306823,12,8,4,0,0,0,16,9,7,9,5,4,15,9,6,15,9,6,7,4,3,6,3,3,2,1,1,0,0,0,1,0,1,6,6,2,3,0,2,0,0,0,5,3,2,0,4,0,0,1
533306822,0,,,36,14,22,7,1,6,29,13,16,18,8,10,29,13,16,29,13,16,11,5,6,2,0,2,2,0,2,0,0,0,0,0,0,9,9,0,2,1,3,2,0,1,9,4,5,3,6,0,0,2
533306823,2,533306821,,4,1,3,*,*,*,*,*,*,*,*,*,*,*,*,*,*,*,*,*,*,*,*,*,*,*,*,*,*,*,*,*,*,1,1,*,*,*,*,*,*,*,*,*,*,*,*,*,*,*
533306824,0,,,19,10,9,0,0,0,19,10,9,9,6,3,19,10,9,19,10,9,10,4,6,5,2,3,0,0,0,0,0,0,0,0,0,8,8,2,3,2,0,1,0,0,6,4,2,0,6,0,0,3
533306831,0,,,106,51,55,12,5,7,94,46,48,48,23,25,92,46,46,90,45,45,46,23,23,27,14,13,7,4,3,0,0,0,0,0,0,40,40,11,10,9,5,4,0,1,29,23,6,3,30,0,8,6
533306832,0,,,27,14,13,4,3,1,23,11,12,13,7,6,23,11,12,23,11,12,10,4,6,5,2,3,1,0,1,0,0,0,1,1,0,10,10,2,3,2,2,1,0,0,8,5,3,2,8,0,2,2
533306833,0,,,82,42,40,11,7,4,71,35,36,37,19,18,69,34,35,68,33,35,34,16,18,18,9,9,7,4,3,0,0,0,0,0,0,28,28,4,11,5,3,2,2,1,24,18,6,3,22,0,3,6
533306834,0,,,225,106,119,22,12,10,203,94,109,112,55,57,192,89,103,188,88,100,91,39,52,46,17,29,14,4,10,1,0,1,0,0,0,73,73,13,20,15,10,8,3,4,60,39,21,4,59,0,12,11
533306841,0,,,30,17,13,0,0,0,30,17,13,13,9,4,30,17,13,30,17,13,17,8,9,8,3,5,5,1,4,1,1,0,0,0,0,12,12,5,1,1,5,0,0,0,7,4,3,0,9,1,3,0
533306843,0,,,183,95,88,29,17,12,154,78,76,91,49,42,151,75,76,148,74,74,63,29,34,21,11,10,7,3,4,1,0,1,5,4,1,72,72,24,20,12,8,4,1,3,48,36,12,7,43,2,14,9
533306844,0,,,137,72,65,25,15,10,112,57,55,66,38,28,109,55,54,108,54,54,46,19,27,21,8,13,8,3,5,1,0,1,4,4,0,50,50,13,12,13,5,4,1,2,37,30,7,3,29,3,6,8
533306852,1,,533306853,13,5,8,6,1,5,15,6,9,10,4,6,14,6,8,14,6,8,5,2,3,3,1,2,0,0,0,0,0,0,0,0,0,4,4,2,0,1,4,0,0,0,5,3,2,1,4,0,2,0
533306853,2,533306852,,8,2,6,*,*,*,*,*,*,*,*,*,*,*,*,*,*,*,*,*,*,*,*,*,*,*,*,*,*,*,*,*,*,3,3,*,*,*,*,*,*,*,*,*,*,*,*,*,*,*
533306881,0,,,27,14,13,1,0,1,26,14,12,16,9,7,26,14,12,26,14,12,10,5,5,9,4,5,2,1,1,0,0,0,0,0,0,9,9,2,3,0,2,1,1,0,7,4,3,0,7,0,2,2
533306882,0,,,341,170,171,51,26,25,290,144,146,172,86,86,276,139,137,273,137,136,118,58,60,53,24,29,25,11,14,3,0,3,2,1,1,123,123,20,46,23,20,7,4,3,101,81,20,14,75,0,12,23
533306884,0,,,127,63,64,6,3,3,121,60,61,74,40,34,115,56,59,114,55,59,47,20,27,23,8,15,9,2,7,1,0,1,6,4,2,52,52,17,16,9,5,1,3,1,33,25,8,2,30,6,7,6
533306891,0,,,240,108,132,45,27,18,195,81,114,131,56,75,189,78,111,185,74,111,64,25,39,24,8,16,11,2,9,2,0,2,0,0,0,79,79,15,18,19,13,9,2,3,64,45,19,9,46,1,11,4
533306892,0,,,32,16,16,5,2,3,27,14,13,18,11,7,27,14,13,27,14,13,9,3,6,2,1,1,1,0,1,0,0,0,0,0,0,10,10,1,2,3,3,0,1,0,9,7,2,1,6,0,1,2
533306893,0,,,192,92,100,35,14,21,157,78,79,98,48,50,149,75,74,147,73,74,59,30,29,25,13,12,9,5,4,0,0,0,0,0,0,68,68,16,20,15,6,4,4,3,50,41,9,9,37,0,9,8
533306894,0,,,17,7,10,0,0,0,17,7,10,11,4,7,17,7,10,17,7,10,6,3,3,4,2,2,0,0,0,0,0,0,0,0,0,6,6,0,4,0,1,1,0,0,6,5,1,0,4,0,0,1
533306901,2,533306902,,13,6,7,*,*,*,*,*,*,*,*,*,*,*,*,*,*,*,*,*,*,*,*,*,*,*,*,*,*,*,*,*,*,3,3,*,*,*,*,*,*,*,*,*,*,*,*,*,*,*
533306902,1,,533306901,137,72,65,18,11,7,132,67,65,69,39,30,130,66,64,130,66,64,63,28,35,29,12,17,8,3,5,1,0,1,0,0,0,48,48,7,19,10,6,5,3,1,44,32,12,5,39,0,3,10
533306903,0,,,9,5,4,0,0,0,9,5,4,4,3,1,9,5,4,8,4,4,5,2,3,2,0,2,0,0,0,0,0,0,0,0,0,4,4,1,2,0,1,0,0,0,3,2,1,0,4,0,1,1
533306904,0,,,21,8,13,3,2,1,18,6,12,10,5,5,18,6,12,18,6,12,8,1,7,5,0,5,3,0,3,0,0,0,0,0,0,12,12,6,4,1,1,0,0,0,6,6,0,1,7,0,4,1
533306911,0,,,28,17,11,3,3,0,25,14,11,10,7,3,25,14,11,25,14,11,15,7,8,7,3,4,3,2,1,0,0,0,0,0,0,10,10,1,4,2,2,1,0,0,9,9,0,1,8,0,1,3
533306913,0,,,138,69,69,12,6,6,126,63,63,65,35,30,121,60,61,121,60,61,61,28,33,28,12,16,8,1,7,1,0,1,1,0,1,48,48,8,15,12,5,5,2,1,38,25,13,2,36,0,7,9
533306914,0,,,28,13,15,5,3,2,23,10,13,12,5,7,23,10,13,23,10,13,11,5,6,8,4,4,2,0,2,0,0,0,0,0,0,9,9,0,4,1,3,1,0,0,9,6,3,1,7,0,0,4
533306922,0,,,47,16,31,2,0,2,45,16,29,25,11,14,44,15,29,44,15,29,20,5,15,9,2,7,3,0,3,0,0,0,0,0,0,20,20,7,5,4,2,2,0,0,13,8,5,0,16,0,6,1
533306924,0,,,16,7,9,4,2,2,12,5,7,8,3,5,12,5,7,12,5,7,4,2,2,1,0,1,1,0,1,0,0,0,0,0,0,4,4,0,1,1,1,0,0,1,4,3,1,2,3,0,0,1
533306931,0,,,40,22,18,0,0,0,40,22,18,22,13,9,40,22,18,40,22,18,18,9,9,8,3,5,4,1,3,1,1,0,0,0,0,15,15,2,4,6,3,0,0,0,12,11,1,0,13,0,2,3
533306932,0,,,144,69,75,20,15,5,124,54,70,84,41,43,116,50,66,114,49,65,40,13,27,16,5,11,2,0,2,0,0,0,0,0,0,53,53,13,12,16,6,3,1,2,40,27,13,3,29,0,7,4
533306933,0,,,79,39,40,4,2,2,75,37,38,40,21,19,74,37,37,74,37,37,35,16,19,22,9,13,13,4,9,1,1,0,0,0,0,32,32,8,11,9,2,0,1,1,24,17,7,1,22,0,3,6
533306941,0,,,177,84,93,20,9,11,157,75,82,82,40,42,152,72,80,151,72,79,75,35,40,28,10,18,11,3,8,1,1,0,4,3,1,71,71,16,30,13,6,2,2,2,55,44,11,4,49,0,9,19
533306942,0,,,261,127,134,31,15,16,230,112,118,143,71,72,222,107,115,218,106,112,87,41,46,37,14,23,14,6,8,0,0,0,0,0,0,92,92,9,34,29,10,6,2,2,83,67,16,7,58,0,6,16
533306943,0,,,339,171,168,83,51,32,255,120,135,173,88,85,243,114,129,238,111,127,82,32,50,44,16,28,27,9,18,4,1,3,1,1,0,105,103,16,21,24,26,12,3,1,87,74,13,19,41,0,9,12
533306944,0,,,36,17,19,4,2,2,32,15,17,12,6,6,32,15,17,32,15,17,20,9,11,5,1,4,2,0,2,0,0,0,0,0,0,13,13,2,3,5,2,1,0,0,11,7,4,2,12,0,2,2
533306951,0,,,39,20,19,7,5,2,32,15,17,22,9,13,30,14,16,28,13,15,10,6,4,5,2,3,1,0,1,0,0,0,0,0,0,9,9,1,2,0,1,2,1,2,8,4,4,3,6,0,0,1
533306953,0,,,30,13,17,6,3,3,24,10,14,15,6,9,23,9,14,23,9,14,9,4,5,7,2,5,1,0,1,0,0,0,0,0,0,9,9,1,1,5,0,1,0,1,8,3,5,2,6,0,0,1
533306974,2,533306984,,2,2,0,*,*,*,*,*,*,*,*,*,*,*,*,*,*,*,*,*,*,*,*,*,*,*,*,*,*,*,*,*,*,1,1,*,*,*,*,*,*,*,*,*,*,*,*,*,*,*
533306982,2,533306984,,20,6,14,*,*,*,*,*,*,*,*,*,*,*,*,*,*,*,*,*,*,*,*,*,*,*,*,*,*,*,*,*,*,4,2,*,*,*,*,*,*,*,*,*,*,*,*,*,*,*
533306984,1,,533306974;533306982,35,19,16,9,5,4,48,22,26,21,11,10,45,21,24,45,21,24,27,11,16,18,5,13,16,5,11,5,0,5,0,0,0,9,9,1,5,1,1,1,1,2,11,6,5,1,9,0,0,2
533306991,0,,,542,260,282,85,41,44,455,219,236,295,149,146,445,214,231,438,212,226,160,70,90,65,24,41,23,7,16,1,0,1,6,2,4,196,196,42,66,32,30,12,8,6,154,121,33,26,106,5,22,30
533306992,0,,,312,146,166,56,28,28,256,118,138,196,97,99,237,107,130,233,106,127,60,21,39,32,9,23,20,5,15,2,0,2,6,0,6,104,104,19,28,14,26,12,4,1,83,65,18,7,45,3,7,9
533306993,0,,,25,11,14,7,2,5,18,9,9,10,5,5,18,9,9,18,9,9,8,4,4,2,0,2,2,0,2,0,0,0,0,0,0,8,8,3,1,1,0,1,2,0,5,2,3,1,6,0,3,0
533307121,2,533307123,,7,3,4,*,*,*,*,*,*,*,*,*,*,*,*,*,*,*,*,*,*,*,*,*,*,*,*,*,*,*,*,*,*,2,2,*,*,*,*,*,*,*,*,*,*,*,*,*,*,*
533307123,1,,533307121;533307212,3,2,1,1,1,0,11,5,6,5,2,3,11,5,6,11,5,6,6,3,3,4,2,2,2,1,1,0,0,0,0,0,0,2,2,3,1,1,1,0,0,0,3,2,1,0,4,0,1,0
533307212,2,533307123,,2,1,1,*,*,*,*,*,*,*,*,*,*,*,*,*,*,*,*,*,*,*,*,*,*,*,*,*,*,*,*,*,*,2,2,*,*,*,*,*,*,*,*,*,*,*,*,*,*,*
533307224,1,,533307244;533307331,14,8,6,0,0,0,20,12,8,9,6,3,20,12,8,20,12,8,11,6,5,6,4,2,0,0,0,0,0,0,0,0,0,7,7,5,2,1,2,0,0,0,5,4,1,0,7,1,3,1
533307244,2,533307224,,3,2,1,*,*,*,*,*,*,*,*,*,*,*,*,*,*,*,*,*,*,*,*,*,*,*,*,*,*,*,*,*,*,1,1,*,*,*,*,*,*,*,*,*,*,*,*,*,*,*
533307301,2,533307303,,4,2,2,*,*,*,*,*,*,*,*,*,*,*,*,*,*,*,*,*,*,*,*,*,*,*,*,*,*,*,*,*,*,1,1,*,*,*,*,*,*,*,*,*,*,*,*,*,*,*
533307303,1,,533307301,10,7,3,0,0,0,14,9,5,9,6,3,14,9,5,14,9,5,5,3,2,4,2,2,2,1,1,0,0,0,0,0,0,6,6,4,1,0,2,0,0,0,3,2,1,0,4,0,1,0
533307304,1,,533307313,38,18,20,3,2,1,37,17,20,19,10,9,36,17,19,35,16,19,18,7,11,13,5,8,4,1,3,0,0,0,0,0,0,11,11,2,2,4,0,3,0,1,10,5,5,0,11,0,1,0
533307313,2,533307304,,2,1,1,*,*,*,*,*,*,*,*,*,*,*,*,*,*,*,*,*,*,*,*,*,*,*,*,*,*,*,*,*,*,1,1,*,*,*,*,*,*,*,*,*,*,*,*,*,*,*
533307321,0,,,14,6,8,3,2,1,11,4,7,6,3,3,10,4,6,10,4,6,5,1,4,2,0,2,2,0,2,0,0,0,0,0,0,4,4,1,1,0,0,1,1,0,3,1,2,1,4,0,1,0
533307331,2,533307224,,3,2,1,*,*,*,*,*,*,*,*,*,*,*,*,*,*,*,*,*,*,*,*,*,*,*,*,*,*,*,*,*,*,2,2,*,*,*,*,*,*,*,*,*,*,*,*,*,*,*
533307402,0,,,55,24,31,2,1,1,53,23,30,22,11,11,52,23,29,51,23,28,31,12,19,19,6,13,12,3,9,0,0,0,0,0,0,22,22,5,9,3,3,1,1,0,17,11,6,1,21,0,5,5
533307463,1,,533307464;533307473;533307594,42,19,23,2,1,1,47,22,25,18,11,7,47,22,25,47,22,25,29,11,18,22,8,14,11,3,8,0,0,0,0,0,0,20,20,10,7,4,2,1,0,0,14,9,5,0,23,0,10,4
533307464,2,533307463,,5,2,3,*,*,*,*,*,*,*,*,*,*,*,*,*,*,*,*,*,*,*,*,*,*,*,*,*,*,*,*,*,*,2,2,*,*,*,*,*,*,*,*,*,*,*,*,*,*,*
533307473,2,533307463,,1,1,0,*,*,*,*,*,*,*,*,*,*,*,*,*,*,*,*,*,*,*,*,*,*,*,*,*,*,*,*,*,*,1,1,*,*,*,*,*,*,*,*,*,*,*,*,*,*,*
533307502,0,,,34,20,14,2,2,0,32,18,14,12,7,5,32,18,14,32,18,14,20,11,9,11,6,5,6,3,3,0,0,0,0,0,0,12,12,2,3,3,3,1,0,0,10,6,4,1,11,0,2,2
533307512,1,,533307513,32,13,19,0,0,0,34,13,21,13,5,8,32,12,20,31,11,20,21,8,13,16,4,12,13,3,10,1,0,1,0,0,0,13,13,6,4,2,2,0,1,0,9,5,4,0,15,0,6,2
533307513,2,533307512,,2,0,2,*,*,*,*,*,*,*,*,*,*,*,*,*,*,*,*,*,*,*,*,*,*,*,*,*,*,*,*,*,*,2,2,*,*,*,*,*,*,*,*,*,*,*,*,*,*,*
533307514,0,,,17,7,10,0,0,0,17,7,10,4,2,2,17,7,10,17,7,10,13,5,8,5,1,4,3,0,3,1,0,1,0,0,0,7,7,0,4,3,0,0,0,0,7,4,3,0,7,0,0,3
533307541,0,,,87,42,45,6,3,3,81,39,42,42,23,19,80,39,41,80,39,41,39,16,23,30,10,20,12,2,10,2,0,2,0,0,0,27,27,3,6,10,3,2,2,1,24,14,10,4,24,0,2,2
533307543,0,,,22,11,11,3,2,1,19,9,10,12,6,6,19,9,10,19,9,10,7,3,4,4,1,3,2,0,2,0,0,0,0,0,0,6,6,1,1,2,0,1,0,1,5,2,3,0,5,0,1,0
533307544,0,,,71,36,35,8,7,1,63,29,34,28,14,14,63,29,34,63,29,34,35,15,20,19,6,13,10,2,8,1,0,1,0,0,0,27,27,8,8,4,2,3,2,0,18,9,9,2,26,0,8,3
533307594,2,533307463,,1,1,0,*,*,*,*,*,*,*,*,*,*,*,*,*,*,*,*,*,*,*,*,*,*,*,*,*,*,*,*,*,*,1,1,*,*,*,*,*,*,*,*,*,*,*,*,*,*,*
533307602,2,533307611,,12,3,9,*,*,*,*,*,*,*,*,*,*,*,*,*,*,*,*,*,*,*,*,*,*,*,*,*,*,*,*,*,*,3,3,*,*,*,*,*,*,*,*,*,*,*,*,*,*,*
533307611,1,,533307602;533307612,12,8,4,9,3,6,28,13,15,17,7,10,27,13,14,27,13,14,11,6,5,5,2,3,1,0,1,0,0,0,1,0,1,3,3,0,1,1,4,2,1,0,9,5,4,2,6,0,0,1
533307612,2,533307611,,13,5,8,*,*,*,*,*,*,*,*,*,*,*,*,*,*,*,*,*,*,*,*,*,*,*,*,*,*,*,*,*,*,3,3,*,*,*,*,*,*,*,*,*,*,*,*,*,*,*
533307624,0,,,25,11,14,1,0,1,24,11,13,14,8,6,23,11,12,23,11,12,10,3,7,6,2,4,2,1,1,0,0,0,0,0,0,6,6,0,2,1,0,2,0,1,6,3,3,1,6,0,0,0
533307632,2,533307634,,12,4,8,*,*,*,*,*,*,*,*,*,*,*,*,*,*,*,*,*,*,*,*,*,*,*,*,*,*,*,*,*,*,3,3,*,*,*,*,*,*,*,*,*,*,*,*,*,*,*
533307633,2,533307634,,3,2,1,*,*,*,*,*,*,*,*,*,*,*,*,*,*,*,*,*,*,*,*,*,*,*,*,*,*,*,*,*,*,1,1,*,*,*,*,*,*,*,*,*,*,*,*,*,*,*
533307634,1,,533307632;533307633;533307641,62,32,30,7,4,3,77,38,39,45,24,21,73,36,37,73,36,37,32,14,18,20,7,13,11,2,9,0,0,0,1,0,1,20,20,3,9,7,2,2,4,0,24,15,9,2,22,0,3,3
533307641,2,533307634,,7,4,3,*,*,*,*,*,*,*,*,*,*,*,*,*,*,*,*,*,*,*,*,*,*,*,*,*,*,*,*,*,*,3,3,*,*,*,*,*,*,*,*,*,*,*,*,*,*,*
533307701,0,,,34,19,15,3,1,2,31,18,13,18,11,7,29,16,13,29,16,13,13,7,6,1,0,1,1,0,1,0,0,0,0,0,0,9,9,0,2,3,2,0,1,1,9,7,2,1,7,0,0,2
533307702,1,,533307703;533307801;533307804,66,31,35,9,7,2,82,38,44,44,21,23,79,36,43,77,35,42,38,17,21,19,7,12,10,3,7,1,0,1,0,0,0,24,24,5,9,6,4,4,1,1,25,15,10,2,26,0,5,8
533307703,2,533307702,,15,9,6,*,*,*,*,*,*,*,*,*,*,*,*,*,*,*,*,*,*,*,*,*,*,*,*,*,*,*,*,*,*,3,3,*,*,*,*,*,*,*,*,*,*,*,*,*,*,*
533307712,2,533307714,,5,3,2,*,*,*,*,*,*,*,*,*,*,*,*,*,*,*,*,*,*,*,*,*,*,*,*,*,*,*,*,*,*,2,2,*,*,*,*,*,*,*,*,*,*,*,*,*,*,*
533307714,1,,533307712,8,2,6,0,0,0,13,5,8,4,2,2,13,5,8,13,5,8,9,3,6,5,2,3,1,0,1,0,0,0,0,0,0,4,4,2,2,1,1,0,0,0,4,4,0,0,6,0,2,1
533307731,2,533307733,,7,5,2,*,*,*,*,*,*,*,*,*,*,*,*,*,*,*,*,*,*,*,*,*,*,*,*,*,*,*,*,*,*,3,3,*,*,*,*,*,*,*,*,*,*,*,*,*,*,*
533307733,1,,533307731;533307734,106,53,53,11,7,4,104,52,52,50,28,22,103,52,51,102,51,51,54,24,30,33,13,20,12,4,8,0,0,0,0,0,0,37,37,10,12,8,5,2,2,2,31,18,13,4,36,0,10,7
533307734,2,533307733,,2,1,1,*,*,*,*,*,*,*,*,*,*,*,*,*,*,*,*,*,*,*,*,*,*,*,*,*,*,*,*,*,*,1,1,*,*,*,*,*,*,*,*,*,*,*,*,*,*,*
533307763,2,533307861,,7,3,4,*,*,*,*,*,*,*,*,*,*,*,*,*,*,*,*,*,*,*,*,*,*,*,*,*,*,*,*,*,*,2,2,*,*,*,*,*,*,*,*,*,*,*,*,*,*,*
533307801,2,533307702,,8,4,4,*,*,*,*,*,*,*,*,*,*,*,*,*,*,*,*,*,*,*,*,*,*,*,*,*,*,*,*,*,*,2,2,*,*,*,*,*,*,*,*,*,*,*,*,*,*,*
533307804,2,533307702,,2,1,1,*,*,*,*,*,*,*,*,*,*,*,*,*,*,*,*,*,*,*,*,*,*,*,*,*,*,*,*,*,*,1,1,*,*,*,*,*,*,*,*,*,*,*,*,*,*,*
533307813,2,533307814,,6,3,3,*,*,*,*,*,*,*,*,*,*,*,*,*,*,*,*,*,*,*,*,*,*,*,*,*,*,*,*,*,*,5,5,*,*,*,*,*,*,*,*,*,*,*,*,*,*,*
533307814,1,,533307813,303,135,168,21,14,7,280,120,160,152,71,81,271,113,158,269,112,157,128,49,79,61,20,41,22,5,17,4,1,3,5,3,2,145,145,68,39,25,7,8,1,2,80,55,25,6,96,4,35,12
533307823,0,,,45,20,25,17,8,9,28,12,16,16,8,8,25,10,15,25,10,15,12,4,8,4,1,3,1,0,1,1,0,1,1,0,1,13,13,4,3,0,1,2,2,1,9,8,1,3,8,0,4,3
533307824,0,,,87,43,44,20,11,9,67,32,35,42,19,23,66,32,34,66,32,34,25,13,12,10,5,5,5,3,2,0,0,0,1,0,1,25,25,3,4,8,5,2,1,2,20,13,7,3,15,0,2,1
533307831,0,,,20,12,8,4,3,1,16,9,7,10,5,5,15,8,7,14,8,6,6,4,2,1,0,1,1,0,1,0,0,0,0,0,0,7,7,2,1,1,2,1,0,0,5,3,2,1,4,0,2,0
533307832,2,533307833,,1,1,0,*,*,*,*,*,*,*,*,*,*,*,*,*,*,*,*,*,*,*,*,*,*,*,*,*,*,*,*,*,*,1,1,*,*,*,*,*,*,*,*,*,*,*,*,*,*,*
533307833,1,,533307832,114,55,59,10,5,5,105,51,54,65,32,33,101,48,53,97,46,51,40,19,21,12,3,9,6,2,4,0,0,0,0,0,0,35,35,7,10,3,7,4,4,1,28,19,9,3,25,0,6,5
533307844,2,533307942,,1,0,1,*,*,*,*,*,*,*,*,*,*,*,*,*,*,*,*,*,*,*,*,*,*,*,*,*,*,*,*,*,*,1,1,*,*,*,*,*,*,*,*,*,*,*,*,*,*,*
533307851,2,533307852,,3,1,2,*,*,*,*,*,*,*,*,*,*,*,*,*,*,*,*,*,*,*,*,*,*,*,*,*,*,*,*,*,*,1,1,*,*,*,*,*,*,*,*,*,*,*,*,*,*,*
533307852,1,,533307851,12,6,6,0,0,0,15,7,8,3,2,1,15,7,8,15,7,8,12,5,7,5,2,3,2,1,1,0,0,0,0,0,0,5,5,0,3,3,0,0,0,0,6,4,2,0,6,0,0,2
533307861,1,,533307763;533307862;533307872;533307893,21,11,10,5,2,3,38,22,16,16,10,6,37,21,16,37,21,16,22,12,10,11,7,4,2,1,1,0,0,0,0,0,0,6,6,6,7,2,0,2,0,1,12,10,2,1,15,0,6,3
533307862,2,533307861,,6,3,3,*,*,*,*,*,*,*,*,*,*,*,*,*,*,*,*,*,*,*,*,*,*,*,*,*,*,*,*,*,*,4,4,*,*,*,*,*,*,*,*,*,*,*,*,*,*,*
533307872,2,533307861,,7,6,1,*,*,*,*,*,*,*,*,*,*,*,*,*,*,*,*,*,*,*,*,*,*,*,*,*,*,*,*,*,*,5,5,*,*,*,*,*,*,*,*,*,*,*,*,*,*,*
533307893,2,533307861,,2,1,1,*,*,*,*,*,*,*,*,*,*,*,*,*,*,*,*,*,*,*,*,*,*,*,*,*,*,*,*,*,*,1,1,*,*,*,*,*,*,*,*,*,*,*,*,*,*,*
533307901,0,,,232,82,150,15,6,9,217,76,141,65,31,34,214,73,141,211,72,139,152,45,107,124,33,91,92,20,72,22,2,20,2,1,1,61,59,17,22,9,7,3,1,0,41,35,6,2,41,0,13,8
533307902,0,,,68,34,34,7,2,5,61,32,29,30,18,12,59,31,28,59,31,28,31,14,17,16,6,10,7,3,4,1,0,1,0,0,0,23,23,3,6,7,4,2,1,0,20,14,6,1,19,0,3,4
533307903,2,533307904,,10,5,5,*,*,*,*,*,*,*,*,*,*,*,*,*,*,*,*,*,*,*,*,*,*,*,*,*,*,*,*,*,*,3,3,*,*,*,*,*,*,*,*,*,*,*,*,*,*,*
533307904,1,,533307903,199,89,110,18,9,9,191,85,106,87,47,40,185,82,103,184,82,102,104,38,66,73,21,52,32,7,25,7,2,5,1,1,0,66,63,19,22,10,7,3,4,1,46,32,14,3,45,1,11,9
533307911,0,,,141,65,76,9,6,3,130,58,72,63,32,31,127,56,71,124,55,69,67,26,41,31,10,21,13,5,8,1,1,0,2,0,2,65,65,25,20,11,6,1,0,2,38,27,11,4,46,0,16,10
533307912,0,,,145,75,70,19,11,8,126,64,62,82,45,37,122,63,59,119,60,59,44,19,25,20,7,13,6,0,6,0,0,0,7,6,1,73,73,34,18,11,8,2,0,0,38,32,6,5,33,4,12,8
533307913,0,,,128,49,79,7,5,2,121,44,77,66,26,40,121,44,77,118,44,74,55,18,37,32,8,24,11,1,10,1,0,1,14,4,10,76,75,56,8,4,4,0,2,1,18,14,4,4,36,13,24,6
533307914,0,,,84,36,48,7,3,4,77,33,44,46,21,25,71,30,41,69,30,39,31,12,19,15,5,10,3,1,2,0,0,0,0,0,0,38,38,15,12,4,3,3,1,0,22,20,2,0,24,0,11,4
533307921,0,,,32,16,16,4,2,2,26,13,13,23,12,11,24,13,11,24,13,11,3,1,2,3,1,2,2,1,1,0,0,0,0,0,0,18,18,10,5,1,1,1,0,0,8,7,1,0,2,4,0,1
533307922,0,,,61,27,34,6,3,3,55,24,31,22,10,12,53,24,29,53,24,29,33,14,19,13,6,7,4,1,3,0,0,0,0,0,0,22,22,3,9,7,0,1,0,2,18,12,6,2,18,0,1,8
533307931,0,,,135,68,67,12,8,4,123,60,63,70,37,33,120,58,62,119,57,62,53,23,30,35,14,21,14,3,11,1,0,1,0,0,0,47,47,9,16,8,6,3,4,1,38,23,15,3,37,0,6,8
533307932,0,,,25,13,12,3,2,1,22,11,11,9,5,4,22,11,11,22,11,11,13,6,7,7,3,4,1,0,1,0,0,0,0,0,0,9,9,3,2,1,2,0,0,1,6,3,3,1,8,0,2,2
533307941,0,,,69,36,33,9,5,4,60,31,29,27,16,11,59,30,29,59,30,29,33,15,18,17,7,10,6,2,4,1,1,0,5,2,3,22,22,3,6,6,2,2,3,0,19,12,7,2,18,0,3,5
533307942,1,,533307844,38,18,20,5,2,3,34,16,18,16,8,8,34,16,18,34,16,18,18,8,10,11,5,6,2,0,2,0,0,0,0,0,0,14,14,3,6,3,1,1,1,0,12,10,2,1,12,0,3,3
533307944,0,,,29,14,15,6,4,2,23,10,13,9,5,4,22,10,12,22,10,12,14,5,9,5,2,3,4,1,3,0,0,0,0,0,0,9,9,3,2,0,1,1,1,1,6,2,4,2,8,0,2,1
533310001,2,533310002,,4,2,2,*,*,*,*,*,*,*,*,*,*,*,*,*,*,*,*,*,*,*,*,*,*,*,*,*,*,*,*,*,*,1,1,*,*,*,*,*,*,*,*,*,*,*,*,*,*,*
533310002,1,,533310001,199,76,123,21,10,11,174,66,108,113,43,70,171,64,107,162,64,98,61,23,38,26,9,17,9,3,6,1,0,1,4,0,4,109,109,68,16,11,9,3,2,1,41,32,9,5,42,27,16,7
533310003,0,,,24,14,10,7,5,2,17,9,8,12,6,6,16,9,7,16,9,7,5,3,2,3,2,1,2,1,1,0,0,0,0,0,0,5,5,0,1,1,1,0,0,2,5,3,2,2,3,0,0,0
533310004,0,,,509,249,260,85,52,33,418,192,226,293,146,147,407,188,219,398,184,214,125,46,79,58,19,39,15,4,11,2,0,2,3,2,1,206,206,66,52,40,27,16,4,1,138,112,26,32,84,10,26,19
533310011,0,,,31,12,19,4,1,3,23,7,16,21,6,15,23,7,16,19,6,13,2,1,1,1,0,1,1,0,1,0,0,0,0,0,0,23,23,20,0,1,2,0,0,0,3,3,0,2,2,8,1,0
533310031,0,,,39,18,21,3,1,2,36,17,19,20,9,11,36,17,19,36,17,19,16,8,8,6,2,4,3,1,2,0,0,0,0,0,0,13,13,1,5,4,0,2,1,0,12,7,5,1,10,0,0,2
533310032,0,,,21,12,9,2,2,0,19,10,9,7,4,3,19,10,9,19,10,9,12,6,6,2,0,2,2,0,2,0,0,0,0,0,0,8,8,1,4,0,3,0,0,0,7,6,1,1,7,0,1,3
533310034,0,,,43,25,18,1,1,0,42,24,18,26,16,10,41,23,18,41,23,18,16,8,8,9,5,4,0,0,0,0,0,0,0,0,0,16,16,2,5,6,2,1,0,0,13,10,3,0,9,0,1,2
533310042,1,,533310043,7,4,3,2,1,1,10,6,4,6,3,3,10,6,4,10,6,4,4,3,1,1,1,0,1,1,0,0,0,0,0,0,0,2,2,1,0,1,2,0,0,0,3,1,2,1,2,0,0,0
533310043,2,533310042,,5,3,2,*,*,*,*,*,*,*,*,*,*,*,*,*,*,*,*,*,*,*,*,*,*,*,*,*,*,*,*,*,*,2,2,*,*,*,*,*,*,*,*,*,*,*,*,*,*,*
533310051,2,533310052,,8,5,3,*,*,*,*,*,*,*,*,*,*,*,*,*,*,*,*,*,*,*,*,*,*,*,*,*,*,*,*,*,*,3,3,*,*,*,*,*,*,*,*,*,*,*,*,*,*,*
533310052,1,,533310051;533310053;533310054,5,3,2,1,1,0,24,14,10,15,9,6,23,14,9,23,14,9,9,5,4,3,1,2,2,1,1,0,0,0,0,0,0,2,2,1,4,1,2,1,0,0,8,7,1,0,6,0,1,4
533310053,2,533310052,,2,1,1,*,*,*,*,*,*,*,*,*,*,*,*,*,*,*,*,*,*,*,*,*,*,*,*,*,*,*,*,*,*,1,1,*,*,*,*,*,*,*,*,*,*,*,*,*,*,*
533310054,2,533310052,,10,6,4,*,*,*,*,*,*,*,*,*,*,*,*,*,*,*,*,*,*,*,*,*,*,*,*,*,*,*,*,*,*,3,3,*,*,*,*,*,*,*,*,*,*,*,*,*,*,*
533310061,2,533310064,,5,2,3,*,*,*,*,*,*,*,*,*,*,*,*,*,*,*,*,*,*,*,*,*,*,*,*,*,*,*,*,*,*,2,2,*,*,*,*,*,*,*,*,*,*,*,*,*,*,*
533310064,1,,533310061,4,2,2,0,0,0,9,4,5,4,3,1,9,4,5,9,4,5,5,1,4,2,1,1,1,0,1,0,0,0,0,0,0,2,2,0,3,1,0,0,0,0,4,2,2,0,4,0,0,1
533310071,0,,,53,25,28,8,2,6,45,23,22,29,17,12,45,23,22,43,21,22,16,6,10,8,2,6,2,0,2,1,0,1,0,0,0,20,20,3,8,5,2,1,1,0,17,14,3,2,11,0,3,3
533310072,0,,,959,472,487,116,53,63,842,418,424,507,259,248,820,404,416,807,397,410,335,159,176,133,62,71,34,12,22,0,0,0,1,1,0,347,347,48,128,79,52,33,5,2,296,244,52,27,213,0,30,75
533310073,0,,,61,30,31,6,2,4,55,28,27,33,17,16,55,28,27,52,26,26,22,11,11,15,6,9,4,1,3,0,0,0,0,0,0,19,19,2,8,2,4,1,1,1,17,12,5,2,15,0,2,4
533310074,0,,,211,101,110,31,15,16,180,86,94,103,48,55,179,86,93,178,85,93,77,38,39,23,10,13,5,1,4,1,0,1,0,0,0,77,77,12,30,17,8,7,1,2,64,49,15,9,49,0,7,16
533310081,1,,533310083,30,13,17,6,4,2,29,11,18,18,7,11,29,11,18,28,11,17,11,4,7,3,1,2,2,1,1,0,0,0,0,0,0,15,15,7,5,2,3,0,0,0,10,9,1,2,7,2,1,2
533310082,0,,,70,36,34,7,5,2,63,31,32,33,16,17,63,31,32,63,31,32,30,15,15,6,3,3,1,0,1,0,0,0,0,0,0,28,28,4,13,6,4,0,1,0,23,20,3,2,20,0,3,6
533310083,2,533310081,,5,2,3,*,*,*,*,*,*,*,*,*,*,*,*,*,*,*,*,*,*,*,*,*,*,*,*,*,*,*,*,*,*,2,2,*,*,*,*,*,*,*,*,*,*,*,*,*,*,*
533310084,0,,,113,57,56,4,2,2,109,55,54,63,29,34,109,55,54,106,53,53,46,26,20,16,11,5,5,4,1,0,0,0,0,0,0,41,41,7,15,10,3,4,1,1,34,28,6,2,31,0,5,10
533310091,1,,533310092,72,34,38,7,5,2,69,32,37,46,20,26,68,31,37,67,30,37,23,12,11,4,2,2,1,0,1,0,0,0,0,0,0,29,29,6,14,2,6,0,2,0,24,20,4,1,17,0,5,6
533310092,2,533310091,,4,3,1,*,*,*,*,*,*,*,*,*,*,*,*,*,*,*,*,*,*,*,*,*,*,*,*,*,*,*,*,*,*,1,1,*,*,*,*,*,*,*,*,*,*,*,*,*,*,*
533310093,0,,,154,71,83,8,3,5,146,68,78,77,37,40,139,67,72,138,67,71,69,31,38,21,9,12,5,2,3,0,0,0,0,0,0,62,62,10,28,12,8,4,0,0,51,43,8,3,43,0,10,17
533310101,0,,,139,72,67,18,13,5,121,59,62,67,35,32,118,58,60,118,58,60,54,24,30,31,15,16,9,4,5,1,0,1,0,0,0,62,62,15,29,11,4,1,2,0,47,42,5,7,37,1,11,13
533310102,0,,,405,153,252,45,22,23,360,131,229,186,80,106,356,128,228,355,128,227,174,51,123,125,26,99,65,11,54,20,3,17,3,1,2,133,131,42,40,26,10,8,5,0,85,71,14,16,55,10,13,8
533310103,0,,,310,153,157,72,41,31,236,111,125,161,80,81,229,106,123,228,106,122,75,31,44,33,14,19,10,6,4,0,0,0,0,0,0,108,108,22,33,19,14,11,9,0,85,70,15,24,53,2,14,15
533310104,0,,,704,344,360,135,75,60,553,259,294,391,192,199,530,246,284,523,245,278,162,67,95,92,33,59,30,7,23,3,1,2,4,1,3,261,261,63,73,47,46,26,2,4,193,157,36,33,100,15,9,33
533310111,0,,,57,24,33,4,2,2,53,22,31,26,12,14,51,22,29,51,22,29,27,10,17,15,6,9,3,2,1,0,0,0,0,0,0,23,23,5,9,4,3,2,0,0,18,15,3,0,18,1,3,6
533310113,1,,533310114,506,249,257,89,46,43,401,194,207,303,148,155,391,192,199,386,190,196,98,46,52,47,23,24,7,4,3,2,2,0,0,0,0,216,215,85,54,27,28,15,5,2,127,108,19,26,60,24,13,18
533310114,2,533310113,,5,3,2,*,*,*,*,*,*,*,*,*,*,*,*,*,*,*,*,*,*,*,*,*,*,*,*,*,*,*,*,*,*,1,1,*,*,*,*,*,*,*,*,*,*,*,*,*,*,*
533310121,2,533310123,,4,2,2,*,*,*,*,*,*,*,*,*,*,*,*,*,*,*,*,*,*,*,*,*,*,*,*,*,*,*,*,*,*,2,2,*,*,*,*,*,*,*,*,*,*,*,*,*,*,*
533310123,1,,533310121,104,49,55,10,8,2,98,43,55,60,27,33,97,42,55,96,42,54,38,16,22,18,5,13,5,1,4,0,0,0,0,0,0,38,38,7,10,15,5,2,1,0,33,24,9,2,26,1,5,6
533310124,0,,,211,105,106,25,16,9,186,89,97,106,51,55,181,86,95,177,84,93,80,38,42,39,17,22,13,8,5,1,1,0,2,0,2,64,64,5,17,17,11,9,4,1,59,40,19,4,46,0,3,14
533310132,0,,,23,12,11,1,0,1,22,12,10,11,7,4,21,11,10,21,11,10,11,5,6,7,3,4,3,0,3,0,0,0,0,0,0,10,10,3,4,2,0,0,1,0,7,5,2,0,8,0,2,1
533310133,0,,,480,237,243,54,36,18,426,201,225,361,177,184,396,185,211,374,173,201,65,24,41,36,10,26,8,2,6,1,0,1,0,0,0,159,159,14,52,34,38,18,3,0,143,129,14,9,45,0,6,11
533310134,0,,,336,158,178,38,15,23,296,142,154,212,106,106,278,132,146,270,128,142,84,36,48,37,13,24,17,4,13,3,0,3,0,0,0,124,124,28,36,27,18,11,2,2,96,75,21,9,50,5,7,9
533310141,0,,,87,42,45,3,2,1,84,40,44,48,25,23,81,38,43,80,37,43,36,15,21,23,9,14,3,0,3,1,0,1,0,0,0,32,32,9,7,6,6,2,2,0,23,16,7,0,21,5,4,4
533310142,0,,,4,4,0,0,0,0,4,4,0,4,4,0,4,4,0,4,4,0,0,0,0,0,0,0,0,0,0,0,0,0,0,0,0,4,4,4,0,0,0,0,0,0,0,0,0,0,0,4,0,0
533310143,0,,,119,49,70,20,7,13,99,42,57,68,29,39,98,41,57,92,40,52,31,13,18,18,8,10,2,0,2,0,0,0,1,1,0,48,48,15,15,10,2,3,1,2,33,30,3,5,19,4,4,8
533310144,0,,,79,16,63,0,0,0,79,16,63,0,0,0,79,16,63,79,16,63,79,16,63,75,16,59,50,9,41,8,0,8,0,0,0,1,0,0,0,0,0,0,0,0,0,0,0,0,0,0,0,0
533310151,0,,,17,8,9,1,0,1,16,8,8,10,5,5,15,8,7,15,8,7,6,3,3,5,2,3,1,0,1,0,0,0,1,0,1,4,4,0,1,1,1,0,0,1,4,3,1,0,3,0,0,0
533310152,0,,,27,15,12,0,0,0,27,15,12,15,11,4,24,12,12,23,11,12,12,4,8,6,2,4,2,1,1,0,0,0,0,0,0,8,8,1,1,1,4,1,0,0,7,2,5,0,8,0,1,1
533310153,0,,,47,24,23,2,2,0,45,22,23,17,9,8,45,22,23,45,22,23,28,13,15,10,3,7,5,2,3,2,0,2,0,0,0,22,22,4,12,5,1,0,0,0,18,15,3,1,16,0,3,8
533310154,0,,,569,208,361,22,7,15,547,201,346,126,63,63,542,196,346,537,194,343,421,138,283,356,104,252,269,74,195,65,7,58,0,0,0,113,109,41,31,22,7,4,1,3,68,53,15,5,67,0,27,14
533310161,0,,,49,26,23,8,5,3,41,21,20,26,16,10,40,20,20,38,19,19,15,5,10,7,3,4,2,1,1,0,0,0,0,0,0,16,16,2,6,2,3,1,2,0,14,11,3,1,10,1,0,1
533310162,0,,,179,87,92,20,9,11,159,78,81,90,49,41,155,76,79,153,74,79,69,29,40,36,14,22,11,5,6,2,0,2,0,0,0,64,64,7,26,14,11,4,0,2,57,48,9,6,44,0,4,19
533310163,0,,,322,161,161,38,21,17,272,136,136,145,90,55,248,112,136,239,103,136,127,46,81,86,25,61,59,12,47,10,4,6,1,1,0,85,81,17,23,18,14,8,1,0,63,55,8,11,40,0,12,11
533310164,0,,,592,315,277,83,44,39,499,267,232,369,217,152,414,189,225,399,176,223,130,50,80,90,31,59,42,12,30,8,0,8,2,1,1,186,184,51,46,42,28,12,2,3,127,108,19,35,64,8,16,13
533310171,0,,,132,61,71,8,6,2,124,55,69,74,34,40,120,53,67,118,52,66,50,21,29,26,9,17,5,1,4,2,1,1,0,0,0,50,50,8,22,7,6,7,0,0,41,32,9,3,31,1,7,10
533310172,0,,,34,14,20,1,0,1,33,14,19,16,7,9,33,14,19,33,14,19,17,7,10,12,5,7,6,2,4,0,0,0,0,0,0,10,10,1,2,2,3,1,1,0,9,3,6,0,9,0,1,1
533310173,0,,,1069,496,573,172,96,76,885,392,493,581,259,322,826,372,454,809,362,447,304,133,171,141,55,86,43,12,31,5,0,5,8,2,6,387,385,74,130,80,57,29,9,6,306,256,50,44,199,6,43,56
533310174,0,,,19,8,11,1,0,1,18,8,10,9,4,5,18,8,10,18,8,10,9,4,5,7,2,5,5,2,3,0,0,0,0,0,0,6,6,1,2,1,1,0,0,1,5,2,3,1,6,0,1,0
533310181,1,,533310183,107,49,58,7,6,1,108,46,62,56,27,29,107,46,61,105,45,60,52,19,33,27,8,19,10,2,8,4,0,4,0,0,0,34,34,3,13,7,10,2,0,2,34,21,13,1,30,0,1,9
533310182,0,,,181,90,91,33,16,17,148,74,74,100,52,48,138,66,72,131,61,70,48,22,26,27,11,16,7,2,5,2,2,0,0,0,0,55,55,7,14,11,11,5,6,1,48,37,11,7,33,0,6,5
533310183,2,533310181,,8,3,5,*,*,*,*,*,*,*,*,*,*,*,*,*,*,*,*,*,*,*,*,*,*,*,*,*,*,*,*,*,*,3,3,*,*,*,*,*,*,*,*,*,*,*,*,*,*,*
533310191,1,,533310192;533310193,170,77,93,14,7,7,166,77,89,82,46,36,164,75,89,163,74,89,84,31,53,50,11,39,29,5,24,3,0,3,5,5,0,44,43,5,13,9,11,5,2,2,41,24,17,4,36,0,2,7
533310192,2,533310191,,8,5,3,*,*,*,*,*,*,*,*,*,*,*,*,*,*,*,*,*,*,*,*,*,*,*,*,*,*,*,*,*,*,3,3,*,*,*,*,*,*,*,*,*,*,*,*,*,*,*
533310193,2,533310191,,3,2,1,*,*,*,*,*,*,*,*,*,*,*,*,*,*,*,*,*,*,*,*,*,*,*,*,*,*,*,*,*,*,1,1,*,*,*,*,*,*,*,*,*,*,*,*,*,*,*
533310202,0,,,725,349,376,191,102,89,513,236,277,409,188,221,500,231,269,494,227,267,104,48,56,51,23,28,16,7,9,1,0,1,2,1,1,266,266,74,60,41,62,22,3,4,189,170,19,70,66,14,15,17
533310204,0,,,92,50,42,18,12,6,55,28,27,47,25,22,55,28,27,52,26,26,8,3,5,6,3,3,1,0,1,0,0,0,0,0,0,36,35,15,6,8,6,0,0,0,20,19,1,9,4,4,1,2
533310211,0,,,663,317,346,133,62,71,518,248,270,364,183,181,508,243,265,505,241,264,154,65,89,101,34,67,69,22,47,12,1,11,0,0,0,246,243,94,47,40,41,15,6,0,141,128,13,42,53,15,14,10
533310212,0,,,125,58,67,32,12,20,89,45,44,63,32,31,86,43,43,85,42,43,26,13,13,15,6,9,5,1,4,0,0,0,0,0,0,43,43,12,7,7,11,4,1,1,29,21,8,8,17,1,2,3
533310221,0,,,13,8,5,0,0,0,13,8,5,3,2,1,13,8,5,13,8,5,10,6,4,4,2,2,1,1,0,0,0,0,0,0,0,6,6,1,3,2,0,0,0,0,5,5,0,0,6,0,1,3
533310222,0,,,114,57,57,10,7,3,102,49,53,59,32,27,100,48,52,100,48,52,43,17,26,23,7,16,10,1,9,0,0,0,0,0,0,45,45,11,15,9,7,1,1,1,34,22,12,2,28,2,4,5
533310231,0,,,375,176,199,59,31,28,303,138,165,181,85,96,292,135,157,285,134,151,122,53,69,59,29,30,14,7,7,0,0,0,1,0,1,151,151,39,51,24,27,8,1,1,111,96,15,17,76,3,15,35
533310232,0,,,390,196,194,61,33,28,320,158,162,215,113,102,315,156,159,309,152,157,105,45,60,56,19,37,14,5,9,1,0,1,1,1,0,163,163,51,48,27,27,6,4,0,109,95,14,26,70,8,20,21
533310233,0,,,383,179,204,52,23,29,327,153,174,215,101,114,317,149,168,311,147,164,112,52,60,47,16,31,11,1,10,1,0,1,4,0,4,138,138,24,49,27,23,6,5,4,112,94,18,18,70,0,10,26
533310234,0,,,492,235,257,75,34,41,402,193,209,316,154,162,386,183,203,377,177,200,86,39,47,40,16,24,12,4,8,0,0,0,2,0,2,225,225,91,55,41,28,6,2,2,133,120,13,28,60,26,13,14
533310241,0,,,129,66,63,31,17,14,97,49,48,69,36,33,93,46,47,91,45,46,28,13,15,15,7,8,2,1,1,1,0,1,0,0,0,43,43,6,12,11,8,3,2,1,37,33,4,12,18,0,2,5
533310242,0,,,19,7,12,0,0,0,17,6,11,13,4,9,17,6,11,16,6,10,4,2,2,2,0,2,1,0,1,0,0,0,0,0,0,13,13,10,1,1,1,0,0,0,3,2,1,0,3,3,0,0
533310243,0,,,335,159,176,52,27,25,271,124,147,225,103,122,259,118,141,246,113,133,46,21,25,17,7,10,4,2,2,0,0,0,16,9,7,157,156,75,32,20,18,9,2,0,81,71,10,15,29,18,6,11
533310244,0,,,1395,610,785,191,91,100,1143,487,656,908,377,531,1101,470,631,1028,460,568,235,110,125,75,33,42,15,4,11,2,0,2,5,3,2,690,689,363,138,94,65,19,9,1,316,290,26,50,162,104,45,53
533310251,0,,,53,26,27,6,3,3,47,23,24,30,15,15,47,23,24,47,23,24,17,8,9,9,4,5,3,2,1,0,0,0,0,0,0,21,21,4,8,7,0,1,0,1,17,13,4,1,10,0,1,3
533310252,0,,,1517,694,823,228,115,113,1270,566,704,807,372,435,1208,530,678,1183,516,667,463,194,269,234,90,144,88,30,58,3,1,2,18,6,12,643,642,211,208,98,71,39,8,7,429,381,48,48,304,11,97,100
533310253,0,,,1112,540,572,134,67,67,951,459,492,628,303,325,931,450,481,908,439,469,323,156,167,154,71,83,54,24,30,4,1,3,4,2,2,524,523,228,137,82,43,19,10,4,293,243,50,38,211,53,57,66
533310254,0,,,1534,764,770,146,72,74,1362,672,690,840,432,408,1274,618,656,1240,599,641,522,240,282,274,108,166,83,31,52,3,0,3,5,2,3,635,632,201,205,107,74,31,13,1,428,357,71,35,352,26,82,114
533310261,0,,,312,123,189,45,19,26,267,104,163,156,71,85,259,101,158,254,99,155,111,33,78,79,21,58,46,9,37,12,2,10,0,0,0,99,98,24,24,25,17,4,1,3,74,62,12,12,45,0,13,13
533310262,0,,,808,365,443,116,63,53,659,289,370,392,191,201,636,274,362,627,271,356,267,98,169,144,46,98,63,17,46,9,1,8,2,1,1,314,312,97,96,54,41,16,7,1,214,180,34,30,139,6,37,40
533310263,0,,,1357,643,714,176,97,79,1164,536,628,700,342,358,1107,508,599,1085,497,588,464,194,270,248,99,149,86,23,63,8,2,6,3,1,2,526,525,123,184,104,79,23,11,1,401,358,43,36,270,6,77,98
533310264,0,,,1160,590,570,83,34,49,1056,542,514,594,346,248,945,442,503,902,404,498,462,196,266,258,102,156,77,28,49,4,0,4,10,7,3,453,449,158,176,57,41,14,2,1,288,262,26,23,270,6,95,94
533310271,0,,,865,380,485,105,39,66,747,333,414,456,213,243,725,322,403,707,313,394,291,120,171,173,65,108,61,16,45,5,1,4,1,0,1,354,352,103,105,75,49,9,9,2,247,209,38,32,188,5,66,47
533310273,0,,,1468,677,791,261,136,125,1197,534,663,803,378,425,1160,521,639,1139,511,628,394,156,238,196,72,124,68,23,45,6,2,4,10,1,9,663,663,219,222,123,65,29,4,1,435,406,29,77,278,24,93,78
533310274,0,,,251,97,154,20,8,12,230,89,141,78,38,40,226,88,138,224,86,138,152,51,101,112,27,85,69,9,60,10,0,10,0,0,0,47,43,15,7,9,6,6,0,0,28,25,3,5,19,1,5,4
533310281,0,,,23,10,13,2,1,1,21,9,12,10,5,5,20,8,12,19,8,11,11,4,7,5,1,4,3,1,2,0,0,0,0,0,0,9,9,3,1,3,1,1,0,0,6,5,1,1,7,0,3,1
533310282,0,,,19,9,10,0,0,0,19,9,10,13,7,6,18,9,9,18,9,9,6,2,4,4,2,2,0,0,0,0,0,0,0,0,0,6,6,1,1,2,1,0,1,0,5,4,1,0,4,0,0,1
533310283,0,,,15,9,6,3,2,1,12,7,5,4,3,1,12,7,5,12,7,5,8,4,4,2,1,1,1,1,0,0,0,0,0,0,0,7,7,2,4,0,0,1,0,0,5,5,0,1,5,0,1,3
533310284,0,,,310,127,183,36,19,17,274,108,166,96,45,51,272,107,165,270,107,163,178,63,115,132,40,92,77,21,56,10,3,7,0,0,0,80,77,14,26,12,8,11,3,3,63,39,24,12,64,0,13,18
533310292,0,,,392,186,206,63,30,33,323,153,170,229,112,117,304,143,161,290,135,155,94,41,53,38,15,23,12,3,9,1,0,1,0,0,0,146,146,32,50,27,19,12,2,4,112,97,15,15,63,2,16,18
533310293,0,,,232,107,125,23,11,12,209,96,113,129,60,69,205,93,112,203,92,111,80,36,44,37,14,23,12,3,9,1,0,1,0,0,0,86,86,15,36,17,7,4,6,1,68,53,15,7,52,2,7,14
533310294,0,,,812,407,405,113,56,57,680,340,340,432,227,205,654,321,333,646,318,328,248,113,135,115,47,68,31,14,17,1,1,0,11,10,1,325,325,87,105,67,38,15,7,6,232,197,35,28,158,14,36,52
533310331,2,533310332,,3,2,1,*,*,*,*,*,*,*,*,*,*,*,*,*,*,*,*,*,*,*,*,*,*,*,*,*,*,*,*,*,*,1,1,*,*,*,*,*,*,*,*,*,*,*,*,*,*,*
533310332,1,,533310331,1454,715,739,228,114,114,1190,579,611,900,448,452,1143,555,588,1111,538,573,290,131,159,119,48,71,35,14,21,2,1,1,7,2,5,663,663,269,170,104,85,26,5,5,386,360,26,63,207,31,80,64
533310334,0,,,304,153,151,45,21,24,236,119,117,161,82,79,233,118,115,228,116,112,75,37,38,41,17,24,22,8,14,2,1,1,6,3,3,158,157,83,39,14,13,8,0,0,73,67,6,17,48,4,20,13
533310341,0,,,1413,658,755,144,68,76,1217,565,652,837,401,436,1187,547,640,1155,531,624,380,164,216,167,74,93,49,22,27,2,0,2,11,6,5,681,681,288,194,103,62,26,6,2,384,341,43,40,259,45,73,78
533310342,0,,,1544,688,856,249,118,131,1235,535,700,969,424,545,1171,503,668,1131,487,644,266,111,155,107,30,77,38,8,30,1,1,0,11,5,6,721,720,308,173,113,91,25,9,1,406,373,33,74,188,42,58,55
533310343,0,,,1556,724,832,265,132,133,1266,579,687,913,434,479,1204,547,657,1174,534,640,353,145,208,187,67,120,63,20,43,8,3,5,11,4,7,666,666,235,190,100,85,41,11,4,426,377,49,63,247,28,72,62
533310344,0,,,1909,897,1012,262,140,122,1599,727,872,1155,546,609,1538,702,836,1510,688,822,444,181,263,244,80,164,113,21,92,17,3,14,9,3,6,846,842,358,206,142,100,25,9,2,476,444,32,76,237,49,78,67
533310351,0,,,1344,619,725,183,98,85,1126,502,624,744,352,392,1093,485,608,1075,479,596,382,150,232,210,65,145,84,20,64,5,0,5,6,3,3,553,551,236,144,75,59,23,7,7,309,265,44,48,194,40,63,52
533310352,0,,,1513,706,807,230,126,104,1260,566,694,833,401,432,1238,558,680,1211,547,664,427,165,262,200,63,137,61,21,40,4,1,3,19,11,8,735,735,337,180,101,83,25,7,2,392,351,41,86,326,26,169,62
533310353,0,,,1012,493,519,147,73,74,838,404,434,558,285,273,820,394,426,813,391,422,280,119,161,156,61,95,61,20,41,4,1,3,0,0,0,449,448,172,126,75,49,13,9,4,274,235,39,46,175,19,47,55
533310354,0,,,1325,619,706,137,76,61,1164,527,637,721,331,390,1132,512,620,1113,505,608,443,196,247,237,99,138,96,43,53,7,4,3,1,0,1,612,611,214,195,123,58,15,6,0,390,346,44,41,293,17,85,94
533310361,0,,,1052,496,556,178,88,90,856,398,458,563,279,284,822,380,442,804,369,435,293,119,174,177,59,118,71,19,52,5,1,4,9,3,6,399,396,109,123,86,52,20,4,2,279,240,39,43,162,8,37,46
533310362,0,,,1434,693,741,174,93,81,1240,586,654,833,413,420,1205,564,641,1171,546,625,407,173,234,235,89,146,72,22,50,2,0,2,5,3,2,685,683,276,207,102,68,21,8,1,401,358,43,59,285,41,109,80
533310363,0,,,972,442,530,97,50,47,837,371,466,587,266,321,803,355,448,786,347,439,250,105,145,123,43,80,47,14,33,2,0,2,1,1,0,451,451,183,117,83,43,18,5,2,260,225,35,29,179,21,61,44
533310364,0,,,783,379,404,125,69,56,638,297,341,458,223,235,621,289,332,611,283,328,180,74,106,87,33,54,32,11,21,1,0,1,0,0,0,343,343,122,100,59,38,16,5,3,217,191,26,33,122,13,38,30
533310371,0,,,363,176,187,60,34,26,297,136,161,192,92,100,283,133,150,280,131,149,105,44,61,51,16,35,20,7,13,0,0,0,11,6,5,174,174,67,53,33,15,5,1,0,105,101,4,16,81,4,39,19
533310372,0,,,173,87,86,29,18,11,140,67,73,100,47,53,127,60,67,121,57,64,40,20,20,14,6,8,1,0,1,0,0,0,0,0,0,70,69,26,20,13,5,1,4,0,42,41,1,9,28,0,15,6
533310373,0,,,336,164,172,34,14,20,293,145,148,206,108,98,290,144,146,290,144,146,87,37,50,39,12,27,30,8,22,5,1,4,1,0,1,157,156,71,42,21,15,4,1,2,82,71,11,13,49,8,15,13
533310374,0,,,205,98,107,23,12,11,177,82,95,104,49,55,172,79,93,168,78,90,73,33,40,35,16,19,11,5,6,1,0,1,0,0,0,86,86,29,26,15,8,4,1,3,55,43,12,6,43,6,7,16
533310381,0,,,412,208,204,37,21,16,373,186,187,203,102,101,363,184,179,354,183,171,170,84,86,75,37,38,15,7,8,0,0,0,2,1,1,170,170,39,67,35,17,8,2,2,129,111,18,14,109,0,22,42
533310382,0,,,22,13,9,2,2,0,20,11,9,5,3,2,20,11,9,20,11,9,15,8,7,11,6,5,7,3,4,0,0,0,0,0,0,15,15,10,4,0,1,0,0,0,5,5,0,1,14,0,10,2
533310383,0,,,1223,617,606,123,64,59,1075,540,535,615,331,284,1052,528,524,1037,517,520,460,209,251,210,81,129,55,21,34,2,0,2,7,2,5,534,532,208,169,77,47,18,9,4,322,270,52,26,268,20,68,84
533310384,0,,,153,77,76,22,8,14,125,66,59,80,44,36,122,64,58,121,64,57,45,22,23,26,13,13,8,4,4,2,0,2,0,0,0,70,70,29,20,7,10,1,3,0,41,33,8,8,29,0,11,10
533310391,0,,,249,122,127,41,21,20,200,95,105,143,75,68,192,91,101,192,91,101,57,20,37,32,11,21,12,1,11,0,0,0,1,0,1,93,93,23,29,18,12,5,4,2,64,49,15,11,40,1,9,11
533310392,0,,,225,105,120,25,10,15,200,95,105,113,56,57,196,94,102,189,90,99,87,39,48,51,22,29,11,4,7,1,0,1,0,0,0,77,77,8,25,22,15,4,1,2,69,49,20,7,52,0,7,15
533310393,0,,,625,312,313,89,53,36,511,246,265,321,154,167,496,240,256,489,236,253,190,92,98,99,44,55,18,6,12,0,0,0,10,3,7,286,286,108,91,40,26,16,4,1,173,156,17,22,129,8,41,44
533310394,0,,,573,295,278,63,39,24,507,254,253,308,158,150,497,250,247,487,246,241,199,96,103,90,40,50,20,9,11,3,1,2,2,2,0,230,230,66,67,54,23,10,5,5,164,130,34,12,132,9,27,37
533310432,1,,533310434,87,23,64,4,2,2,81,20,61,23,13,10,81,20,61,81,20,61,58,7,51,55,5,50,45,3,42,10,0,10,1,1,0,24,23,17,6,1,0,1,0,0,7,6,1,2,4,0,2,1
533310434,2,533310432,,2,1,1,*,*,*,*,*,*,*,*,*,*,*,*,*,*,*,*,*,*,*,*,*,*,*,*,*,*,*,*,*,*,2,2,*,*,*,*,*,*,*,*,*,*,*,*,*,*,*
533310441,0,,,1348,655,693,194,96,98,1120,538,582,734,364,370,1086,518,568,1073,512,561,386,174,212,188,75,113,64,18,46,3,0,3,9,3,6,611,611,237,172,102,62,22,10,6,366,315,51,55,267,25,83,70
533310442,0,,,1258,601,657,84,42,42,1152,545,607,631,315,316,1098,511,587,1083,501,582,521,230,291,304,119,185,120,38,82,12,3,9,4,2,2,468,465,189,135,75,47,15,4,0,272,230,42,24,247,20,91,66
533310443,0,,,1036,473,563,102,52,50,893,396,497,557,269,288,870,386,484,855,378,477,336,127,209,174,57,117,54,14,40,5,1,4,14,7,7,505,501,207,154,75,46,9,8,2,286,246,40,25,247,8,95,54
533310444,0,,,1488,708,780,160,101,59,1273,576,697,750,365,385,1242,560,682,1226,553,673,523,211,312,287,102,185,111,33,78,8,2,6,14,3,11,741,741,333,219,89,62,27,10,1,397,343,54,35,371,23,139,101
533310451,0,,,740,377,363,59,26,33,665,341,324,438,231,207,643,325,318,626,311,315,227,110,117,122,58,64,26,10,16,2,1,1,6,5,1,273,272,131,71,35,22,8,5,0,139,125,14,9,97,34,23,38
533310452,0,,,182,95,87,18,12,6,156,78,78,98,57,41,147,69,78,146,68,78,58,21,37,29,8,21,10,3,7,1,0,1,2,1,1,89,88,38,27,14,5,4,0,0,50,45,5,7,37,0,10,14
533310453,0,,,1437,701,736,148,79,69,1252,600,652,781,380,401,1220,583,637,1203,575,628,471,220,251,258,110,148,99,35,64,14,2,12,9,2,7,685,684,313,189,102,63,13,3,1,368,337,31,39,278,25,116,81
533310454,0,,,1381,685,696,215,114,101,1122,546,576,830,421,409,1085,529,556,1065,518,547,292,125,167,142,55,87,57,16,41,3,1,2,7,3,4,653,653,294,148,97,76,33,4,1,353,321,32,66,204,50,83,47
533310461,0,,,847,353,494,109,46,63,735,305,430,459,212,247,703,287,416,686,279,407,276,93,183,183,54,129,97,27,70,14,0,14,9,4,5,308,306,78,92,69,48,14,2,3,227,208,19,24,136,4,41,37
533310462,0,,,1083,514,569,99,57,42,961,445,516,601,288,313,935,435,500,921,429,492,360,157,203,176,72,104,55,18,37,3,0,3,6,2,4,475,475,148,166,87,46,16,9,3,321,276,45,28,227,18,42,74
533310463,0,,,1507,709,798,188,95,93,1268,587,681,855,431,424,1209,561,648,1176,546,630,413,156,257,268,89,179,136,36,100,16,4,12,9,4,5,674,672,294,166,103,72,22,12,3,373,332,41,48,228,49,71,69
533310464,0,,,1419,671,748,248,130,118,1146,527,619,856,411,445,1107,518,589,1082,505,577,290,116,174,161,59,102,48,16,32,2,0,2,8,4,4,616,616,224,167,102,77,33,10,3,387,344,43,58,196,36,46,65
533310471,0,,,935,430,505,123,62,61,795,358,437,514,234,280,778,353,425,772,349,423,281,124,157,126,52,74,56,20,36,8,2,6,4,1,3,409,406,139,136,65,38,20,6,2,266,235,31,35,180,18,46,63
533310472,0,,,1138,569,569,160,81,79,952,472,480,632,330,302,931,463,468,917,456,461,320,142,178,172,73,99,47,16,31,2,1,1,2,0,2,528,527,212,145,92,47,23,6,2,310,275,35,57,218,22,68,63
533310473,0,,,681,326,355,112,52,60,538,257,281,434,211,223,524,249,275,516,245,271,104,46,58,52,17,35,14,5,9,1,0,1,2,1,1,340,340,163,76,55,35,7,2,2,174,161,13,44,80,33,27,21
533310474,0,,,816,404,412,134,76,58,659,315,344,568,273,295,643,307,336,634,305,329,91,42,49,39,14,25,11,3,8,1,1,0,5,1,4,378,378,137,127,55,42,13,1,3,228,211,17,63,63,35,17,17
533310481,0,,,321,162,159,36,18,18,262,132,130,150,80,70,255,129,126,251,128,123,112,52,60,41,22,19,8,5,3,2,1,1,1,0,1,149,149,58,45,24,11,9,2,0,91,80,11,11,75,1,22,25
533310482,0,,,43,21,22,4,2,2,39,19,20,23,12,11,38,19,19,38,19,19,16,7,9,7,2,5,4,1,3,0,0,0,0,0,0,13,13,2,4,1,3,1,1,1,11,7,4,0,11,0,2,2
533310483,0,,,35,15,20,0,0,0,35,15,20,17,7,10,34,14,20,34,14,20,18,8,10,10,6,4,3,2,1,1,1,0,0,0,0,12,12,2,4,2,2,1,1,0,10,5,5,0,12,0,2,2
533310491,1,,533310493;533310494,85,41,44,10,4,6,93,44,49,49,24,25,90,41,49,89,41,48,44,20,24,26,10,16,8,3,5,2,1,1,0,0,0,27,27,4,10,6,8,0,1,3,28,18,10,4,27,0,3,4
533310492,0,,,44,25,19,3,2,1,41,23,18,29,19,10,41,23,18,41,23,18,12,4,8,10,3,7,6,2,4,0,0,0,0,0,0,21,21,5,11,3,2,0,0,0,16,12,4,2,9,1,1,3
533310493,2,533310491,,3,2,1,*,*,*,*,*,*,*,*,*,*,*,*,*,*,*,*,*,*,*,*,*,*,*,*,*,*,*,*,*,*,2,2,*,*,*,*,*,*,*,*,*,*,*,*,*,*,*
533310494,2,533310491,,15,5,10,*,*,*,*,*,*,*,*,*,*,*,*,*,*,*,*,*,*,*,*,*,*,*,*,*,*,*,*,*,*,3,3,*,*,*,*,*,*,*,*,*,*,*,*,*,*,*
533310524,0,,,59,24,35,3,0,3,56,24,32,29,13,16,52,22,30,51,22,29,27,11,16,15,7,8,6,3,3,0,0,0,0,0,0,26,26,6,13,2,4,1,0,0,20,18,2,1,17,0,3,7
533310533,1,,533310534,393,198,195,60,30,30,318,158,160,251,129,122,305,149,156,296,148,148,67,29,38,30,12,18,6,2,4,1,0,1,2,1,1,215,215,134,35,24,15,10,2,0,85,79,6,24,54,19,28,7
533310534,2,533310533,,5,2,3,*,*,*,*,*,*,*,*,*,*,*,*,*,*,*,*,*,*,*,*,*,*,*,*,*,*,*,*,*,*,5,5,*,*,*,*,*,*,*,*,*,*,*,*,*,*,*
533310541,0,,,701,307,394,48,28,20,622,264,358,345,159,186,610,256,354,597,249,348,277,105,172,169,56,113,55,19,36,4,0,4,2,2,0,383,383,193,114,44,20,7,2,3,189,163,26,12,201,12,86,41
533310542,0,,,1508,708,800,141,71,70,1298,592,706,739,390,349,1265,575,690,1252,569,683,559,202,357,335,111,224,149,36,113,18,4,14,18,5,13,797,795,416,209,89,50,21,6,4,375,330,45,43,368,41,147,103
533310543,0,,,423,207,216,37,18,19,360,171,189,223,116,107,349,167,182,344,164,180,137,55,82,95,38,57,38,11,27,2,1,1,2,0,2,233,233,123,62,28,12,5,2,1,109,97,12,7,91,16,30,29
533310544,0,,,1034,506,528,64,31,33,878,428,450,532,283,249,850,408,442,839,403,436,346,145,201,202,80,122,68,22,46,4,0,4,17,7,10,604,604,344,154,59,37,5,3,2,252,222,30,16,246,40,98,59
533310551,0,,,1264,597,667,164,79,85,1033,477,556,732,367,365,999,459,540,977,446,531,301,110,191,144,42,102,60,14,46,6,0,6,19,10,9,640,639,309,150,96,66,14,2,2,327,297,30,50,214,46,82,54
533310552,0,,,1033,503,530,148,78,70,862,411,451,648,320,328,825,390,435,808,381,427,214,91,123,112,42,70,27,11,16,2,1,1,12,9,3,459,459,163,131,87,53,19,3,3,294,266,28,46,146,23,39,41
533310553,0,,,745,379,366,72,32,40,617,315,302,482,258,224,596,303,293,576,291,285,135,57,78,60,20,40,19,4,15,1,0,1,44,29,15,404,394,210,98,38,38,8,1,1,183,168,15,15,105,40,50,28
533310554,0,,,666,288,378,85,34,51,559,242,317,454,206,248,528,230,298,509,220,289,105,36,69,52,17,35,14,3,11,0,0,0,2,1,1,297,297,100,96,53,30,14,3,1,195,180,15,12,77,2,27,19
533310561,0,,,902,453,449,112,61,51,730,357,373,531,284,247,701,343,358,683,331,352,199,73,126,93,35,58,34,12,22,1,0,1,4,2,2,491,491,274,109,46,43,14,5,0,214,199,15,30,152,40,74,35
533310562,0,,,1125,557,568,182,95,87,916,445,471,668,334,334,891,432,459,875,423,452,248,111,137,120,50,70,38,13,25,2,0,2,5,4,1,485,485,150,156,85,70,19,2,3,330,304,26,68,165,15,45,56
533310563,0,,,239,111,128,17,7,10,207,96,111,79,48,31,203,92,111,199,91,108,128,48,80,92,24,68,65,11,54,13,1,12,0,0,0,92,89,47,26,5,7,3,1,0,39,33,6,4,40,5,13,10
533310564,0,,,55,27,28,12,8,4,42,19,23,30,14,16,42,19,23,42,19,23,12,5,7,5,1,4,4,1,3,0,0,0,0,0,0,23,23,7,4,8,4,0,0,0,15,15,0,8,10,0,4,1
533310571,0,,,650,311,339,76,42,34,562,262,300,432,208,224,537,251,286,521,246,275,130,54,76,64,27,37,28,10,18,1,0,1,1,0,1,280,280,95,74,61,36,10,1,3,179,149,30,35,86,20,16,23
533310572,0,,,40,15,25,4,1,3,36,14,22,23,9,14,36,14,22,36,14,22,13,5,8,10,4,6,4,2,2,0,0,0,0,0,0,15,15,3,6,2,2,1,1,0,12,9,3,2,10,0,2,1
533310573,2,533310574,,1,0,1,*,*,*,*,*,*,*,*,*,*,*,*,*,*,*,*,*,*,*,*,*,*,*,*,*,*,*,*,*,*,1,1,*,*,*,*,*,*,*,*,*,*,*,*,*,*,*
533310574,1,,533310573,89,43,46,13,6,7,77,37,40,40,21,19,75,37,38,73,35,38,37,16,21,16,6,10,7,2,5,1,0,1,0,0,0,26,26,3,7,7,5,2,0,3,24,16,8,5,20,0,3,6
533310581,1,,533310582,93,46,47,10,6,4,88,44,44,59,29,30,84,44,40,82,43,39,29,15,14,15,6,9,5,2,3,0,0,0,0,0,0,28,28,3,5,12,5,2,2,1,27,18,9,0,22,0,2,0
533310582,2,533310581,,5,4,1,*,*,*,*,*,*,*,*,*,*,*,*,*,*,*,*,*,*,*,*,*,*,*,*,*,*,*,*,*,*,2,2,*,*,*,*,*,*,*,*,*,*,*,*,*,*,*
533310583,0,,,125,65,60,11,8,3,114,57,57,67,37,30,113,56,57,113,56,57,47,20,27,26,7,19,15,4,11,0,0,0,0,0,0,37,37,3,8,12,6,5,1,2,33,18,15,5,28,0,2,4
533310584,0,,,45,19,26,8,2,6,37,17,20,23,10,13,37,17,20,37,17,20,14,7,7,7,3,4,3,1,2,1,0,1,0,0,0,14,14,1,4,3,3,3,0,0,13,6,7,2,9,0,1,2
533310591,2,533310594,,3,2,1,*,*,*,*,*,*,*,*,*,*,*,*,*,*,*,*,*,*,*,*,*,*,*,*,*,*,*,*,*,*,1,1,*,*,*,*,*,*,*,*,*,*,*,*,*,*,*
533310592,0,,,24,11,13,0,0,0,24,11,13,13,7,6,24,11,13,24,11,13,11,4,7,6,1,5,4,1,3,0,0,0,0,0,0,8,8,1,3,2,1,0,0,1,7,4,3,0,7,0,1,2
533310594,1,,533310591;533310692,182,81,101,31,12,19,157,73,84,92,47,45,153,71,82,150,71,79,65,26,39,28,11,17,11,4,7,3,0,3,1,1,0,54,54,11,12,11,6,8,3,5,45,24,21,6,42,0,6,5
533310603,2,533310701,,5,4,1,*,*,*,*,*,*,*,*,*,*,*,*,*,*,*,*,*,*,*,*,*,*,*,*,*,*,*,*,*,*,3,3,*,*,*,*,*,*,*,*,*,*,*,*,*,*,*
533310613,1,,533310711,110,60,50,17,10,7,101,53,48,67,38,29,97,49,48,79,36,43,34,15,19,16,6,10,9,4,5,1,0,1,0,0,0,52,52,29,13,2,4,5,3,0,27,21,6,3,21,6,3,7
533310614,0,,,234,120,114,11,5,6,218,112,106,117,69,48,213,112,101,213,112,101,101,43,58,55,20,35,21,7,14,3,1,2,0,0,0,108,108,45,27,20,8,6,1,1,61,45,16,3,64,4,19,15
533310621,0,,,42,21,21,3,2,1,39,19,20,26,14,12,39,19,20,37,18,19,13,5,8,6,2,4,4,1,3,0,0,0,0,0,0,16,16,2,7,3,3,1,0,0,14,10,4,2,8,0,1,2
533310622,0,,,504,239,265,70,35,35,427,200,227,253,132,121,409,189,220,406,187,219,174,68,106,98,34,64,29,9,20,4,2,2,2,1,1,198,197,62,56,34,25,12,7,1,134,116,18,16,108,8,35,32
533310623,0,,,467,233,234,60,29,31,397,197,200,252,132,120,387,191,196,381,186,195,145,65,80,97,43,54,19,8,11,0,0,0,5,5,0,201,201,61,70,37,20,6,4,3,136,124,12,21,92,17,18,31
533310624,0,,,994,485,509,147,71,76,813,396,417,542,277,265,780,378,402,773,373,400,271,119,152,152,67,85,28,13,15,0,0,0,19,17,2,446,446,162,142,63,45,26,7,1,279,250,29,43,181,18,43,62
533310631,0,,,1341,647,694,215,110,105,1086,513,573,779,378,401,1025,486,539,1011,480,531,307,135,172,156,55,101,61,18,43,7,2,5,7,0,7,613,612,252,158,93,76,28,4,1,353,328,25,50,214,34,81,60
533310632,0,,,1138,516,622,141,73,68,971,427,544,566,266,300,939,416,523,933,412,521,405,161,244,234,85,149,109,30,79,13,2,11,2,0,2,495,493,199,136,71,55,23,7,2,291,253,38,37,235,17,78,67
533310633,0,,,1859,883,976,371,180,191,1426,671,755,1094,531,563,1372,643,729,1346,628,718,332,140,192,169,65,104,60,15,45,5,0,5,7,1,6,794,794,266,218,133,134,37,5,1,517,484,33,121,226,37,62,81
533310634,0,,,1273,623,650,151,86,65,1092,519,573,739,386,353,1045,494,551,1020,480,540,353,133,220,210,74,136,98,28,70,14,2,12,15,8,7,559,558,205,170,94,67,15,5,2,351,322,29,31,207,47,64,64
533310641,0,,,589,279,310,49,24,25,509,238,271,293,154,139,498,232,266,490,228,262,216,84,132,123,43,80,45,17,28,2,1,1,3,1,2,315,313,151,92,40,21,7,1,1,162,148,14,9,159,12,65,44
533310642,0,,,766,357,409,68,30,38,672,311,361,396,201,195,657,301,356,645,295,350,276,110,166,149,46,103,53,16,37,3,0,3,14,7,7,389,388,190,109,41,28,15,4,1,196,168,28,14,199,9,83,41
533310643,0,,,614,267,347,76,31,45,503,216,287,330,146,184,485,213,272,476,207,269,173,70,103,99,32,67,35,12,23,0,0,0,2,0,2,324,324,161,85,41,25,12,0,0,162,148,14,19,127,12,54,32
533310644,0,,,1431,688,743,211,103,108,1177,560,617,793,410,383,1147,546,601,1129,537,592,384,150,234,211,72,139,85,22,63,10,0,10,3,2,1,689,685,303,177,97,76,26,4,2,378,333,45,59,256,48,82,74
533310651,0,,,170,81,89,22,8,14,146,71,75,100,51,49,140,68,72,139,68,71,46,20,26,30,13,17,13,6,7,3,1,2,1,0,1,78,78,26,26,13,12,1,0,0,51,47,4,10,31,2,10,8
533310652,0,,,293,147,146,23,13,10,260,129,131,183,95,88,257,129,128,248,126,122,77,34,43,39,16,23,14,6,8,2,1,1,1,0,1,169,168,98,37,19,12,2,0,0,70,61,9,7,51,15,16,12
533310653,0,,,913,468,445,122,62,60,741,372,369,582,306,276,718,361,357,700,350,350,159,66,93,80,32,48,32,15,17,4,3,1,11,1,10,524,523,320,97,56,37,13,0,0,201,189,12,29,119,67,47,32
533310654,0,,,790,403,387,102,47,55,636,327,309,512,272,240,620,321,299,604,307,297,124,55,69,66,28,38,16,5,11,0,0,0,6,3,3,438,438,247,96,50,30,9,6,0,180,166,14,32,85,52,31,27
533310662,0,,,208,95,113,24,13,11,184,82,102,98,43,55,184,82,102,178,81,97,86,39,47,39,18,21,9,4,5,2,1,1,0,0,0,86,86,21,32,18,9,4,1,1,64,51,13,6,54,0,11,22
533310663,0,,,328,156,172,40,26,14,282,126,156,200,95,105,275,123,152,269,121,148,82,31,51,46,18,28,20,8,12,3,1,2,1,1,0,154,154,62,42,27,18,4,0,1,91,79,12,13,55,9,17,13
533310664,0,,,374,168,206,48,25,23,318,139,179,171,85,86,312,134,178,306,131,175,147,54,93,70,20,50,23,5,18,3,0,3,1,0,1,168,168,60,51,35,11,7,2,2,106,87,19,14,102,1,36,26
533310671,0,,,234,115,119,24,17,7,208,97,111,116,56,60,205,97,108,203,96,107,92,41,51,59,26,33,25,13,12,2,0,2,0,0,0,83,82,18,30,18,9,4,3,0,61,51,10,10,41,4,7,11
533310672,0,,,65,30,35,3,1,2,62,29,33,31,16,15,61,29,32,61,29,32,31,13,18,16,8,8,7,3,4,0,0,0,0,0,0,26,26,6,7,8,4,1,0,0,19,14,5,2,20,0,4,4
533310673,0,,,112,57,55,13,3,10,97,52,45,61,38,23,93,48,45,93,48,45,36,14,22,26,11,15,16,6,10,1,1,0,0,0,0,47,47,18,12,9,3,1,2,2,29,21,8,4,24,8,6,5
533310674,0,,,80,41,39,14,9,5,66,32,34,39,20,19,63,30,33,62,30,32,27,12,15,12,4,8,5,1,4,1,0,1,0,0,0,23,23,4,6,2,5,2,1,3,19,10,9,2,19,0,4,3
533310681,1,,533310682;533310684,63,32,31,16,12,4,51,22,29,32,16,16,49,22,27,48,21,27,19,6,13,13,5,8,2,1,1,0,0,0,0,0,0,18,18,3,5,5,1,3,2,1,17,13,4,4,13,0,2,1
533310682,2,533310681,,1,0,1,*,*,*,*,*,*,*,*,*,*,*,*,*,*,*,*,*,*,*,*,*,*,*,*,*,*,*,*,*,*,1,1,*,*,*,*,*,*,*,*,*,*,*,*,*,*,*
533310684,2,533310681,,3,2,1,*,*,*,*,*,*,*,*,*,*,*,*,*,*,*,*,*,*,*,*,*,*,*,*,*,*,*,*,*,*,1,1,*,*,*,*,*,*,*,*,*,*,*,*,*,*,*
533310692,2,533310594,,3,2,1,*,*,*,*,*,*,*,*,*,*,*,*,*,*,*,*,*,*,*,*,*,*,*,*,*,*,*,*,*,*,1,1,*,*,*,*,*,*,*,*,*,*,*,*,*,*,*
533310701,1,,533310603,294,139,155,52,27,25,247,116,131,156,77,79,238,110,128,229,107,122,91,39,52,42,19,23,11,5,6,1,1,0,1,1,0,108,107,28,36,22,13,3,7,1,82,71,11,16,62,0,19,12
533310702,0,,,173,83,90,28,17,11,143,65,78,98,48,50,134,61,73,131,59,72,45,17,28,27,12,15,4,1,3,1,0,1,1,0,1,70,69,19,21,17,9,2,1,0,50,46,4,8,30,1,8,10
533310711,2,533310613,,10,4,6,*,*,*,*,*,*,*,*,*,*,*,*,*,*,*,*,*,*,*,*,*,*,*,*,*,*,*,*,*,*,4,4,*,*,*,*,*,*,*,*,*,*,*,*,*,*,*
533310721,2,533310722,,5,1,4,*,*,*,*,*,*,*,*,*,*,*,*,*,*,*,*,*,*,*,*,*,*,*,*,*,*,*,*,*,*,3,3,*,*,*,*,*,*,*,*,*,*,*,*,*,*,*
533310722,1,,533310721,824,386,438,156,77,79,670,308,362,442,203,239,632,290,342,622,286,336,228,105,123,77,28,49,15,2,13,0,0,0,3,2,1,296,296,41,106,67,56,23,6,0,256,222,34,46,145,3,22,52
533310723,0,,,284,137,147,74,35,39,209,101,108,174,86,88,207,100,107,205,99,106,35,15,20,19,7,12,10,3,7,1,0,1,0,0,0,99,99,15,24,29,24,5,1,1,83,77,6,26,22,3,2,5
533310724,0,,,548,269,279,154,77,77,393,191,202,349,173,176,352,170,182,339,163,176,44,18,26,20,9,11,9,3,6,0,0,0,1,0,1,161,161,7,37,38,49,25,4,1,153,143,10,29,28,0,2,11
533310731,0,,,1180,567,613,182,90,92,957,458,499,800,389,411,918,442,476,896,433,463,157,69,88,70,26,44,25,10,15,0,0,0,4,0,4,518,517,187,143,89,72,22,4,0,329,303,26,58,105,42,26,36
533310732,0,,,1043,491,552,159,81,78,864,398,466,653,321,332,817,371,446,800,362,438,211,77,134,133,44,89,71,19,52,9,3,6,0,0,0,458,457,171,127,74,68,15,1,1,285,277,8,49,123,26,48,39
533310733,0,,,728,383,345,116,65,51,578,300,278,471,251,220,564,291,273,552,283,269,107,49,58,60,26,34,12,7,5,1,1,0,7,6,1,371,371,199,64,56,33,15,2,2,167,148,19,57,74,60,26,20
533310734,0,,,1193,561,632,189,105,84,984,445,539,693,341,352,945,425,520,929,415,514,291,104,187,164,49,115,71,16,55,9,2,7,9,0,9,535,534,200,164,80,56,30,2,2,331,311,20,65,193,26,66,59
533310741,0,,,796,361,435,93,47,46,678,299,379,363,176,187,668,297,371,658,288,370,315,123,192,204,77,127,106,37,69,12,4,8,8,5,3,368,367,160,107,55,27,15,3,0,203,185,18,25,181,16,70,42
533310742,0,,,1959,969,990,257,130,127,1599,781,818,1176,598,578,1547,756,791,1508,734,774,423,183,240,212,79,133,79,22,57,2,0,2,28,14,14,1046,1045,545,249,131,92,22,5,1,492,459,33,61,312,82,125,87
533310743,0,,,836,397,439,113,56,57,687,316,371,427,215,212,666,306,360,650,296,354,260,101,159,155,53,102,79,25,54,12,2,10,2,1,1,360,358,134,108,57,35,18,5,1,223,201,22,39,154,13,50,52
533310744,0,,,1432,719,713,175,94,81,1196,584,612,863,435,428,1156,561,595,1126,544,582,333,149,184,176,72,104,67,25,42,5,0,5,15,8,7,654,654,253,173,120,79,20,6,3,392,354,38,48,233,34,74,57
533310751,0,,,1709,877,832,223,116,107,1356,692,664,1157,601,556,1304,664,640,1235,628,607,199,91,108,89,37,52,32,15,17,1,1,0,16,6,10,959,959,576,159,115,81,24,2,2,373,357,16,54,140,188,44,44
533310752,0,,,610,302,308,73,39,34,502,244,258,434,217,217,494,239,255,475,231,244,68,27,41,23,9,14,4,1,3,0,0,0,10,7,3,367,367,225,71,47,20,2,2,0,136,130,6,22,51,63,21,14
533310753,0,,,1538,773,765,167,75,92,1221,618,603,1056,542,514,1189,600,589,1105,565,540,165,76,89,59,20,39,15,5,10,1,0,1,11,8,3,969,969,664,146,75,67,14,2,1,299,286,13,39,116,252,34,46
533310754,0,,,1251,677,574,97,56,41,989,529,460,896,489,407,982,524,458,868,467,401,93,40,53,42,15,27,17,3,14,1,0,1,17,8,9,950,950,792,66,49,37,4,2,0,152,133,19,40,62,370,18,11
533310761,0,,,323,165,158,39,21,18,281,142,139,154,85,69,278,141,137,275,139,136,127,57,70,67,28,39,19,7,12,2,0,2,0,0,0,132,131,38,38,28,18,5,3,1,92,73,19,13,82,8,16,22
533310762,0,,,29,18,11,5,3,2,24,15,9,21,13,8,24,15,9,24,15,9,3,2,1,0,0,0,0,0,0,0,0,0,0,0,0,15,15,7,5,0,3,0,0,0,8,7,1,2,2,0,0,1
533310763,0,,,769,362,407,132,63,69,613,285,328,468,233,235,584,271,313,561,259,302,145,52,93,77,23,54,31,5,26,3,0,3,5,1,4,318,316,123,72,42,47,24,6,2,192,169,23,19,89,44,20,26
533310764,0,,,779,635,144,58,34,24,718,599,119,626,521,105,712,594,118,706,590,116,92,78,14,13,11,2,0,0,0,0,0,0,16,16,0,156,152,59,35,26,27,3,2,0,92,87,5,21,23,25,2,10
533310771,2,533310773,,1,1,0,*,*,*,*,*,*,*,*,*,*,*,*,*,*,*,*,*,*,*,*,*,*,*,*,*,*,*,*,*,*,1,1,*,*,*,*,*,*,*,*,*,*,*,*,*,*,*
533310773,1,,533310771;533310774,695,330,365,75,44,31,632,293,339,480,215,265,616,289,327,607,284,323,152,78,74,54,22,32,15,6,9,1,0,1,0,0,0,250,250,25,108,57,38,15,9,2,229,200,29,15,101,1,10,39
533310774,2,533310773,,11,6,5,*,*,*,*,*,*,*,*,*,*,*,*,*,*,*,*,*,*,*,*,*,*,*,*,*,*,*,*,*,*,3,3,*,*,*,*,*,*,*,*,*,*,*,*,*,*,*
533310782,1,,533310783,16,5,11,5,1,4,12,5,7,11,4,7,12,5,7,12,5,7,1,1,0,1,1,0,1,1,0,0,0,0,4,1,3,6,6,2,1,3,1,0,0,0,5,4,1,4,1,1,1,0
533310783,2,533310782,,1,1,0,*,*,*,*,*,*,*,*,*,*,*,*,*,*,*,*,*,*,*,*,*,*,*,*,*,*,*,*,*,*,1,1,*,*,*,*,*,*,*,*,*,*,*,*,*,*,*
533310801,0,,,68,36,32,9,5,4,59,31,28,32,18,14,58,31,27,58,31,27,27,13,14,11,4,7,5,2,3,0,0,0,0,0,0,22,22,3,6,6,2,3,2,0,19,12,7,3,16,0,2,5
533310802,0,,,149,69,80,24,12,12,125,57,68,68,34,34,120,57,63,118,56,62,57,23,34,23,7,16,10,0,10,2,0,2,0,0,0,41,41,6,9,5,7,7,4,3,35,15,20,6,33,0,3,4
533310803,0,,,49,27,22,8,6,2,41,21,20,27,15,12,39,19,20,37,18,19,14,6,8,4,1,3,2,0,2,0,0,0,0,0,0,16,16,2,4,2,7,1,0,0,14,13,1,1,8,0,1,3
533310804,0,,,199,106,93,12,5,7,187,101,86,129,73,56,180,97,83,178,95,83,58,28,30,25,11,14,8,2,6,2,0,2,1,1,0,43,41,4,8,9,11,5,3,1,36,18,18,2,31,0,4,4
533310811,0,,,28,15,13,4,2,2,24,13,11,13,8,5,23,12,11,23,12,11,11,5,6,6,3,3,2,1,1,0,0,0,0,0,0,8,8,1,1,3,1,0,2,0,7,5,2,0,6,0,1,0
533310812,0,,,19,9,10,1,0,1,18,9,9,9,5,4,18,9,9,18,9,9,9,4,5,7,3,4,1,0,1,0,0,0,0,0,0,8,8,0,5,3,0,0,0,0,8,7,1,0,5,0,0,2
533310813,0,,,12,6,6,1,0,1,11,6,5,5,2,3,11,6,5,10,5,5,6,4,2,2,1,1,1,1,0,0,0,0,0,0,0,4,4,1,0,2,0,1,0,0,3,1,2,0,3,0,1,0
533310814,0,,,127,57,70,18,8,10,109,49,60,74,35,39,104,46,58,99,44,55,35,14,21,22,7,15,8,2,6,1,0,1,1,0,1,38,38,5,5,11,11,3,1,2,33,20,13,4,24,0,4,2
533310821,0,,,128,43,85,9,5,4,117,36,81,55,25,30,114,36,78,114,36,78,62,11,51,50,6,44,32,2,30,6,0,6,0,0,0,40,38,13,13,5,4,3,0,0,23,18,5,5,14,2,2,3
533310822,0,,,126,61,65,7,4,3,119,57,62,68,36,32,114,54,60,112,53,59,51,21,30,28,11,17,4,1,3,0,0,0,4,4,0,54,54,16,15,17,3,2,0,1,38,29,9,2,33,1,10,9
533310823,0,,,103,45,58,9,4,5,93,41,52,42,20,22,92,41,51,92,41,51,51,21,30,23,8,15,5,1,4,0,0,0,0,0,0,55,55,33,7,9,3,2,0,1,22,15,7,3,40,1,26,4
533310824,0,,,466,230,236,106,57,49,352,167,185,289,140,149,329,159,170,322,156,166,63,27,36,33,11,22,10,2,8,1,0,1,3,1,2,187,187,58,41,45,27,14,1,1,129,117,12,37,41,14,12,13
533310831,0,,,739,357,382,97,57,40,630,291,339,447,214,233,602,275,327,593,270,323,183,77,106,108,37,71,58,18,40,5,3,2,12,4,8,332,330,119,109,51,43,6,2,0,208,188,20,34,115,13,47,37
533310832,0,,,2126,968,1158,326,150,176,1765,798,967,1339,641,698,1654,741,913,1611,720,891,426,157,269,259,78,181,142,39,103,18,5,13,6,1,5,906,904,350,224,133,139,48,10,0,551,505,46,66,259,60,101,68
533310833,0,,,1309,626,683,215,112,103,1077,502,575,802,386,416,1032,483,549,1010,470,540,275,116,159,134,48,86,40,14,26,0,0,0,0,0,0,510,510,127,147,105,93,30,5,3,376,349,27,60,192,10,51,47
533310834,0,,,599,285,314,83,41,42,508,238,270,316,150,166,498,235,263,491,231,260,192,88,104,100,44,56,31,15,16,2,2,0,0,0,0,271,271,88,96,41,36,9,0,1,180,166,14,38,120,12,24,51
533310841,0,,,427,211,216,54,28,26,363,178,185,225,120,105,350,170,180,346,168,178,138,58,80,80,31,49,29,11,18,1,1,0,8,8,0,187,187,64,56,33,22,9,2,1,120,111,9,13,87,11,21,28
533310842,0,,,1138,560,578,182,92,90,917,446,471,652,328,324,885,429,456,870,420,450,265,118,147,143,61,82,45,21,24,1,0,1,5,4,1,540,540,253,117,74,60,28,7,1,285,256,29,46,179,63,54,54
533310843,0,,,615,275,340,82,47,35,522,221,301,304,138,166,501,213,288,495,209,286,218,83,135,130,45,85,54,19,35,3,1,2,8,2,6,277,277,102,85,40,30,18,1,1,174,160,14,24,156,2,72,44
533310844,0,,,886,420,466,89,45,44,790,373,417,483,230,253,771,365,406,760,361,399,307,143,164,166,75,91,46,24,22,1,0,1,1,1,0,357,357,73,156,55,43,18,10,2,283,249,34,24,197,1,38,87
533310851,0,,,1375,717,658,92,44,48,1134,590,544,907,503,404,1106,580,526,983,513,470,227,87,140,133,43,90,58,14,44,10,2,8,12,5,7,919,918,706,104,47,42,14,2,3,207,182,25,20,127,297,40,38
533310852,0,,,1409,763,646,94,45,49,1137,617,520,947,538,409,1116,607,509,957,512,445,190,79,111,98,38,60,30,10,20,0,0,0,23,15,8,1067,1067,895,83,37,33,12,5,2,170,146,24,26,128,451,31,44
533310853,0,,,858,449,409,69,35,34,708,371,337,539,295,244,696,364,332,622,322,300,169,76,93,78,31,47,19,6,13,2,0,2,15,10,5,557,557,399,85,29,30,7,3,4,158,133,25,29,110,173,26,40
533310854,0,,,2041,1070,971,247,123,124,1676,879,797,1296,716,580,1623,851,772,1514,780,734,380,163,217,228,92,136,79,28,51,3,1,2,32,18,14,1172,1166,746,190,104,84,31,7,4,415,373,42,69,250,323,82,83
533310861,0,,,872,442,430,86,50,36,741,369,372,523,266,257,718,357,361,688,339,349,218,103,115,76,27,49,28,11,17,5,1,4,9,6,3,425,424,194,121,51,34,21,1,2,229,210,19,20,126,70,16,61
533310862,0,,,198,97,101,27,15,12,169,80,89,129,60,69,165,78,87,162,76,86,40,20,20,11,5,6,0,0,0,0,0,0,1,0,1,76,76,10,35,17,6,5,3,0,66,61,5,6,26,1,3,11
533310863,0,,,844,444,400,114,57,57,695,365,330,573,310,263,674,354,320,636,331,305,122,55,67,61,24,37,16,4,12,0,0,0,8,4,4,431,430,223,85,62,43,15,2,0,204,187,17,34,82,76,22,24
533310864,0,,,39,19,20,6,6,0,32,12,20,22,9,13,31,11,20,31,11,20,10,3,7,4,1,3,2,0,2,1,0,1,0,0,0,16,16,5,2,7,1,1,0,0,11,9,2,4,6,1,1,1
533310871,0,,,225,109,116,24,9,15,201,100,101,165,81,84,193,95,98,188,92,96,36,19,17,9,4,5,2,0,2,0,0,0,0,0,0,73,73,5,21,23,14,8,1,1,68,57,11,8,25,0,0,8
533310872,0,,,40,20,20,2,1,1,38,19,19,22,12,10,38,19,19,38,19,19,16,7,9,12,5,7,3,0,3,0,0,0,0,0,0,16,16,3,5,5,3,0,0,0,13,9,4,1,11,0,2,3
533310873,0,,,552,266,286,46,24,22,505,241,264,392,193,199,490,235,255,483,230,253,113,48,65,52,18,34,11,3,8,0,0,0,3,1,2,205,205,34,76,45,30,10,9,1,171,141,30,10,76,1,11,22
533310874,0,,,71,32,39,7,4,3,60,26,34,48,22,26,59,26,33,56,25,31,12,4,8,8,3,5,1,0,1,0,0,0,0,0,0,30,30,9,11,6,1,0,3,0,19,16,3,2,7,0,2,2
533310891,2,533310894,,11,5,6,*,*,*,*,*,*,*,*,*,*,*,*,*,*,*,*,*,*,*,*,*,*,*,*,*,*,*,*,*,*,3,3,*,*,*,*,*,*,*,*,*,*,*,*,*,*,*
533310894,1,,533310891,3,1,2,2,1,1,12,5,7,6,2,4,12,5,7,12,5,7,6,3,3,0,0,0,0,0,0,0,0,0,0,0,0,2,2,1,2,1,0,0,1,0,4,3,1,0,4,1,0,1
533310901,0,,,28,15,13,2,1,1,26,14,12,13,6,7,25,14,11,25,14,11,13,8,5,4,2,2,2,0,2,0,0,0,0,0,0,11,11,2,5,1,2,1,0,0,9,8,1,1,9,0,2,4
533310902,0,,,127,71,56,12,5,7,115,66,49,69,42,27,114,65,49,113,65,48,46,24,22,17,8,9,6,1,5,0,0,0,0,0,0,37,33,6,12,9,3,1,1,1,27,23,4,3,21,2,3,6
533310904,0,,,82,33,49,12,8,4,70,25,45,27,17,10,64,22,42,63,21,42,43,8,35,35,5,30,27,4,23,7,0,7,0,0,0,18,16,4,2,5,3,2,0,0,12,8,4,2,10,0,3,1
533310912,0,,,92,46,46,12,5,7,80,41,39,49,25,24,75,39,36,75,39,36,31,16,15,18,8,10,5,4,1,0,0,0,0,0,0,30,30,5,8,5,6,4,2,0,25,17,8,5,21,0,4,5
533310913,0,,,29,17,12,2,2,0,27,15,12,13,8,5,26,15,11,26,15,11,14,7,7,3,2,1,0,0,0,0,0,0,0,0,0,9,9,2,1,4,0,0,1,1,7,5,2,0,8,0,2,1
533310914,0,,,91,44,47,6,5,1,85,39,46,51,26,25,79,36,43,77,36,41,34,13,21,20,8,12,6,3,3,0,0,0,0,0,0,32,32,9,8,4,5,3,2,1,23,14,9,0,23,0,5,4
533310921,0,,,179,96,83,10,8,2,168,87,81,129,71,58,163,84,79,159,81,78,39,16,23,19,7,12,3,0,3,1,0,1,0,0,0,37,36,13,10,8,1,2,0,2,21,12,9,2,19,1,6,4
533310922,0,,,282,138,144,30,14,16,247,121,126,129,67,62,246,120,126,243,119,124,118,54,64,60,28,32,19,9,10,2,0,2,3,2,1,118,118,32,46,15,16,6,2,1,86,69,17,11,75,0,14,32
533310923,0,,,409,340,69,1,0,1,408,340,68,393,335,58,172,139,33,56,34,22,15,5,10,14,4,10,4,1,3,0,0,0,6,6,0,20,13,3,5,1,3,0,1,0,10,7,3,0,10,0,3,3
533310924,0,,,606,297,309,45,23,22,555,269,286,413,197,216,541,262,279,533,257,276,142,72,70,40,16,24,12,3,9,1,0,1,0,0,0,254,254,52,107,59,21,12,2,1,200,180,20,18,97,6,16,34
533310931,0,,,1508,652,856,214,112,102,1284,534,750,720,311,409,1233,503,730,1208,490,718,564,223,341,333,117,216,118,26,92,12,2,10,44,22,22,574,571,123,226,109,77,28,6,2,445,398,47,45,299,2,77,113
533310932,0,,,979,434,545,106,48,58,873,386,487,600,273,327,837,366,471,819,357,462,273,113,160,157,49,108,81,13,68,11,1,10,0,0,0,292,289,25,99,83,48,26,7,1,263,236,27,15,108,0,13,37
533310933,0,,,116,53,63,9,5,4,99,43,56,55,26,29,92,39,53,91,38,53,44,17,27,24,6,18,7,1,6,0,0,0,0,0,0,45,45,15,10,11,3,3,1,2,28,17,11,3,32,0,12,4
533310934,0,,,497,236,261,83,35,48,414,201,213,361,177,184,380,185,195,365,175,190,53,24,29,21,12,9,3,1,2,0,0,0,1,0,1,159,159,12,41,43,43,19,0,1,147,132,15,14,35,0,4,10
533310941,0,,,197,79,118,23,10,13,174,69,105,122,49,73,166,65,101,161,63,98,52,20,32,19,6,13,6,1,5,0,0,0,11,5,6,82,82,21,27,19,10,5,0,0,61,53,8,7,37,0,13,8
533310942,0,,,717,343,374,85,43,42,624,296,328,330,160,170,598,281,317,581,271,310,294,136,158,108,49,59,27,10,17,1,0,1,8,4,4,302,302,68,133,48,33,15,3,2,233,218,15,22,194,2,48,85
533310944,0,,,26,14,12,1,0,1,25,14,11,14,8,6,22,12,10,22,12,10,11,6,5,7,3,4,2,2,0,0,0,0,0,0,0,9,9,0,5,2,1,0,1,0,9,8,1,0,6,0,0,3
533310951,0,,,690,405,285,26,17,9,618,360,258,528,321,207,612,357,255,424,239,185,90,39,51,56,21,35,19,9,10,2,0,2,33,19,14,556,555,487,31,21,9,3,4,0,66,52,14,10,58,211,15,18
533310952,0,,,1429,735,694,168,77,91,1214,631,583,814,455,359,1189,618,571,1142,590,552,400,176,224,200,79,121,63,16,47,2,0,2,16,7,9,728,727,347,187,103,66,17,5,2,376,342,34,59,263,110,61,94
533310954,0,,,284,135,149,61,35,26,223,100,123,148,72,76,214,95,119,212,93,119,75,28,47,30,9,21,10,2,8,1,0,1,0,0,0,104,104,19,30,26,21,5,3,0,85,73,12,21,50,0,11,9
533310961,0,,,871,445,426,155,79,76,694,352,342,552,290,262,676,343,333,656,332,324,142,62,80,60,26,34,21,6,15,1,1,0,2,2,0,396,396,165,89,75,42,18,4,3,228,207,21,47,93,51,22,34
533310962,0,,,282,146,136,45,27,18,221,112,109,177,91,86,211,108,103,204,104,100,44,21,23,25,11,14,10,2,8,0,0,0,2,2,0,125,125,48,29,26,17,2,1,2,77,64,13,10,28,9,2,4
533310963,0,,,588,288,300,148,76,72,425,204,221,342,167,175,405,194,211,396,190,206,83,37,46,36,16,20,10,5,5,1,0,1,5,5,0,223,223,74,31,45,51,20,1,1,148,135,13,50,55,17,15,17
533310964,0,,,310,166,144,73,44,29,223,113,110,202,104,98,217,110,107,215,108,107,21,9,12,11,4,7,4,2,2,0,0,0,4,4,0,135,133,50,35,23,14,7,2,2,80,73,7,30,15,14,4,4
533310971,0,,,35,12,23,1,0,1,32,11,21,21,8,13,30,11,19,30,11,19,11,3,8,7,1,6,1,0,1,0,0,0,0,0,0,16,16,6,5,3,1,0,1,0,10,6,4,1,7,2,0,0
533310972,1,,533310983,63,30,33,5,2,3,66,32,34,36,18,18,66,32,34,63,32,31,30,14,16,14,5,9,2,0,2,0,0,0,0,0,0,23,23,5,9,5,1,2,1,2,19,14,5,2,19,0,3,5
533310973,0,,,101,50,51,10,4,6,90,45,45,61,32,29,86,42,44,83,41,42,29,13,16,14,4,10,3,0,3,2,0,2,0,0,0,42,42,11,14,11,4,0,1,1,30,23,7,5,19,2,1,6
533310983,2,533310972,,9,5,4,*,*,*,*,*,*,*,*,*,*,*,*,*,*,*,*,*,*,*,*,*,*,*,*,*,*,*,*,*,*,2,2,*,*,*,*,*,*,*,*,*,*,*,*,*,*,*
533311001,0,,,64,34,30,8,6,2,56,28,28,28,16,12,56,28,28,56,28,28,28,12,16,17,8,9,9,4,5,1,0,1,0,0,0,19,19,2,5,4,4,0,4,0,17,9,8,2,16,0,2,3
533311002,1,,533311004,79,35,44,7,5,2,77,33,44,47,19,28,76,32,44,76,32,44,30,14,16,18,8,10,9,6,3,0,0,0,0,0,0,25,25,6,5,8,5,1,2,1,22,15,7,2,18,1,3,1
533311003,0,,,52,26,26,6,3,3,41,21,20,35,17,18,40,21,19,40,21,19,6,4,2,3,1,2,2,0,2,0,0,0,0,0,0,31,31,19,5,5,2,0,0,0,11,11,0,4,6,4,2,1
533311004,2,533311002,,6,3,3,*,*,*,*,*,*,*,*,*,*,*,*,*,*,*,*,*,*,*,*,*,*,*,*,*,*,*,*,*,*,3,3,*,*,*,*,*,*,*,*,*,*,*,*,*,*,*
533311011,2,533311013,,7,4,3,*,*,*,*,*,*,*,*,*,*,*,*,*,*,*,*,*,*,*,*,*,*,*,*,*,*,*,*,*,*,3,3,*,*,*,*,*,*,*,*,*,*,*,*,*,*,*
533311012,0,,,320,160,160,29,14,15,289,145,144,210,105,105,280,141,139,278,140,138,79,40,39,29,13,16,7,2,5,0,0,0,0,0,0,113,113,16,37,31,17,7,3,2,96,80,16,9,51,0,3,16
533311013,1,,533311011,119,57,62,18,11,7,107,49,58,67,32,35,105,47,58,105,47,58,40,17,23,27,11,16,3,1,2,0,0,0,0,0,0,47,47,10,19,12,5,2,2,0,40,30,10,7,27,1,6,7
533311014,0,,,278,133,145,59,29,30,219,104,115,153,76,77,210,101,109,205,99,106,66,28,38,39,18,21,8,5,3,0,0,0,0,0,0,92,91,10,27,24,15,11,3,1,80,69,11,17,43,0,6,10
533311021,2,533311023,,5,2,3,*,*,*,*,*,*,*,*,*,*,*,*,*,*,*,*,*,*,*,*,*,*,*,*,*,*,*,*,*,*,1,1,*,*,*,*,*,*,*,*,*,*,*,*,*,*,*
533311023,1,,533311021,153,74,79,18,10,8,140,66,74,65,33,32,139,66,73,138,66,72,75,33,42,47,21,26,16,10,6,2,1,1,1,0,1,59,59,14,19,14,5,6,1,1,45,32,13,6,47,0,12,11
533311024,0,,,218,109,109,35,17,18,183,92,91,97,56,41,180,89,91,180,89,91,86,36,50,62,28,34,12,7,5,1,1,0,14,14,0,90,90,31,28,9,10,9,2,1,59,52,7,7,53,8,15,24
533311032,2,533311033,,3,1,2,*,*,*,*,*,*,*,*,*,*,*,*,*,*,*,*,*,*,*,*,*,*,*,*,*,*,*,*,*,*,1,1,*,*,*,*,*,*,*,*,*,*,*,*,*,*,*
533311033,1,,533311032;533311041;533311043;533311044,27,18,9,2,2,0,97,56,41,53,35,18,96,55,41,95,54,41,44,21,23,28,10,18,14,3,11,4,0,4,1,1,0,10,10,4,5,1,2,1,1,0,10,6,4,1,8,0,1,3
533311041,2,533311033,,1,0,1,*,*,*,*,*,*,*,*,*,*,*,*,*,*,*,*,*,*,*,*,*,*,*,*,*,*,*,*,*,*,1,1,*,*,*,*,*,*,*,*,*,*,*,*,*,*,*
533311043,2,533311033,,64,37,27,*,*,*,*,*,*,*,*,*,*,*,*,*,*,*,*,*,*,*,*,*,*,*,*,*,*,*,*,*,*,5,1,*,*,*,*,*,*,*,*,*,*,*,*,*,*,*
533311044,2,533311033,,4,2,2,*,*,*,*,*,*,*,*,*,*,*,*,*,*,*,*,*,*,*,*,*,*,*,*,*,*,*,*,*,*,1,1,*,*,*,*,*,*,*,*,*,*,*,*,*,*,*
533311053,0,,,60,28,32,6,2,4,54,26,28,27,14,13,51,25,26,51,25,26,27,12,15,15,7,8,5,2,3,0,0,0,0,0,0,17,17,3,3,4,2,2,0,3,14,6,8,1,13,0,1,2
533311061,0,,,109,58,51,11,5,6,98,53,45,64,37,27,97,53,44,95,52,43,34,16,18,19,6,13,9,1,8,0,0,0,0,0,0,30,30,3,5,9,5,2,4,2,27,13,14,4,22,0,2,0
533311062,0,,,29,12,17,5,2,3,24,10,14,11,5,6,24,10,14,23,10,13,13,5,8,5,1,4,1,0,1,0,0,0,0,0,0,9,9,1,3,2,2,0,0,1,8,5,3,2,8,0,1,2
533311064,0,,,95,50,45,7,5,2,88,45,43,49,29,20,87,44,43,86,43,43,39,16,23,24,13,11,3,1,2,1,0,1,0,0,0,35,35,6,16,4,4,3,0,2,28,21,7,1,24,1,2,8
533311071,0,,,148,67,81,13,6,7,132,58,74,83,36,47,124,56,68,121,54,67,49,22,27,25,12,13,7,3,4,0,0,0,1,0,1,60,60,17,20,9,8,4,2,0,41,34,7,3,32,0,7,11
533311072,0,,,50,24,26,2,2,0,48,22,26,25,11,14,47,21,26,47,21,26,23,11,12,11,4,7,8,3,5,0,0,0,0,0,0,15,15,1,3,4,5,1,1,0,14,7,7,1,12,0,1,1
533311073,0,,,545,264,281,83,39,44,462,225,237,259,133,126,441,211,230,433,206,227,203,92,111,87,47,40,19,7,12,1,0,1,5,2,3,186,186,23,72,31,31,16,10,3,163,137,26,14,124,1,19,48
533311074,0,,,28,16,12,4,4,0,24,12,12,20,10,10,21,9,12,20,8,12,4,2,2,1,0,1,0,0,0,0,0,0,0,0,0,9,9,1,2,3,2,0,1,0,8,6,2,1,4,0,0,2
533311081,0,,,56,30,26,4,2,2,51,28,23,31,16,15,50,28,22,48,27,21,20,12,8,5,3,2,2,1,1,0,0,0,0,0,0,22,22,7,7,3,2,1,1,1,15,10,5,2,13,1,2,4
533311082,0,,,17,11,6,1,1,0,16,10,6,12,8,4,14,9,5,13,8,5,4,2,2,3,1,2,0,0,0,0,0,0,0,0,0,4,4,0,0,1,2,0,1,0,4,2,2,0,3,0,0,0
533311083,0,,,139,65,74,29,12,17,110,53,57,81,40,41,102,50,52,99,49,50,29,13,16,15,4,11,10,3,7,0,0,0,0,0,0,41,41,6,9,5,11,6,3,1,35,27,8,4,19,0,4,3
533311084,0,,,21,10,11,3,2,1,18,8,10,10,6,4,16,7,9,16,7,9,8,2,6,3,1,2,3,1,2,0,0,0,0,0,0,7,7,2,1,1,1,2,0,0,5,3,2,0,5,0,1,0
533311091,0,,,619,300,319,94,43,51,518,254,264,322,168,154,494,238,256,484,233,251,196,86,110,92,36,56,36,9,27,0,0,0,4,0,4,211,210,50,59,32,34,19,7,9,156,111,45,22,116,4,22,24
533311092,0,,,564,260,304,75,38,37,484,220,264,346,161,185,463,210,253,444,203,241,138,59,79,72,32,40,10,2,8,1,0,1,35,0,35,247,247,98,61,40,28,13,4,3,146,126,20,21,92,40,21,23
533311093,0,,,42,20,22,1,0,1,41,20,21,21,11,10,40,20,20,40,20,20,20,9,11,11,5,6,3,1,2,0,0,0,0,0,0,16,16,2,7,4,2,0,1,0,14,8,6,0,12,1,0,4
533311094,0,,,551,265,286,92,44,48,458,220,238,336,165,171,435,207,228,421,198,223,122,55,67,65,28,37,13,3,10,1,0,1,9,7,2,221,221,64,67,35,37,9,8,1,157,141,16,20,83,9,28,27
533311101,0,,,141,65,76,16,7,9,120,55,65,74,42,32,119,54,65,119,54,65,46,13,33,33,8,25,20,3,17,4,0,4,0,0,0,54,53,28,7,10,4,2,1,1,24,18,6,10,13,6,5,1
533311102,0,,,427,199,228,82,39,43,340,156,184,246,118,128,328,148,180,321,142,179,94,38,56,51,18,33,24,8,16,3,1,2,1,0,1,149,148,33,44,25,29,7,8,2,112,93,19,26,50,11,6,13
533311103,0,,,373,157,216,70,39,31,302,117,185,164,75,89,296,114,182,292,112,180,138,42,96,97,19,78,57,7,50,17,1,16,2,1,1,99,97,10,23,19,28,13,4,0,86,64,22,17,48,0,6,10
533311104,0,,,1126,561,565,182,99,83,926,452,474,726,360,366,877,430,447,861,424,437,200,92,108,101,43,58,31,17,14,4,2,2,11,0,11,429,429,115,112,87,64,39,9,3,309,260,49,53,128,25,20,36
533311111,0,,,663,288,375,99,43,56,547,236,311,347,164,183,535,233,302,527,230,297,200,72,128,123,35,88,59,15,44,8,0,8,5,3,2,238,236,71,66,37,33,17,9,3,158,124,34,35,100,12,21,21
533311112,0,,,475,223,252,54,26,28,416,194,222,245,121,124,391,182,209,384,179,205,171,73,98,93,38,55,34,10,24,2,1,1,4,2,2,178,178,39,54,36,30,14,5,0,139,108,31,13,109,3,16,27
533311113,0,,,1465,725,740,242,125,117,1201,587,614,1014,506,508,1129,559,570,1087,535,552,187,81,106,97,46,51,31,11,20,4,2,2,16,8,8,537,535,138,135,114,97,30,13,8,387,339,48,80,102,20,19,21
533311114,0,,,246,116,130,29,18,11,216,97,119,129,63,66,211,93,118,209,92,117,87,34,53,45,17,28,18,4,14,1,0,1,1,1,0,93,93,26,27,17,11,4,5,3,67,46,21,13,61,0,16,11
533311121,0,,,965,463,502,108,50,58,830,397,433,537,284,253,796,384,412,777,377,400,293,113,180,202,69,133,95,29,66,10,2,8,6,3,3,401,399,156,100,69,44,21,6,3,241,203,38,27,156,26,45,40
533311122,0,,,434,203,231,41,21,20,393,182,211,217,104,113,372,169,203,365,165,200,176,78,98,112,55,57,18,5,13,2,0,2,0,0,0,166,166,30,63,39,17,11,4,2,135,110,25,9,113,0,22,37
533311123,0,,,802,381,421,102,58,44,695,320,375,421,212,209,666,306,360,653,300,353,274,108,166,146,54,92,41,14,27,4,1,3,2,0,2,307,307,62,117,49,49,19,9,2,242,195,47,33,180,1,40,55
533311124,0,,,143,69,74,23,11,12,120,58,62,74,38,36,116,55,61,113,53,60,46,20,26,29,13,16,5,3,2,0,0,0,0,0,0,44,44,6,14,6,8,5,3,2,37,27,10,3,27,0,3,8
533311131,1,,533311132,46,21,25,1,0,1,55,25,30,28,12,16,54,25,29,53,25,28,27,13,14,15,6,9,5,1,4,0,0,0,0,0,0,14,14,1,3,6,2,2,1,1,15,8,7,0,15,0,1,3
533311132,2,533311131,,10,4,6,*,*,*,*,*,*,*,*,*,*,*,*,*,*,*,*,*,*,*,*,*,*,*,*,*,*,*,*,*,*,2,2,*,*,*,*,*,*,*,*,*,*,*,*,*,*,*
533311133,0,,,204,110,94,12,7,5,186,100,86,129,75,54,183,98,85,182,98,84,57,25,32,23,6,17,14,2,12,2,0,2,1,1,0,113,113,72,18,12,3,3,2,3,38,24,14,5,40,14,13,7
533311141,0,,,46,35,11,2,2,0,44,33,11,27,22,5,43,33,10,43,33,10,17,11,6,2,0,2,2,0,2,1,0,1,0,0,0,10,8,2,1,3,1,1,0,0,6,4,2,0,6,0,1,1
533311143,1,,533311144,89,43,46,13,7,6,82,38,44,53,26,27,77,34,43,77,34,43,29,12,17,17,7,10,7,3,4,2,0,2,0,0,0,35,35,12,10,6,7,2,0,1,26,21,5,3,21,0,8,5
533311144,2,533311143,,6,2,4,*,*,*,*,*,*,*,*,*,*,*,*,*,*,*,*,*,*,*,*,*,*,*,*,*,*,*,*,*,*,3,3,*,*,*,*,*,*,*,*,*,*,*,*,*,*,*
533311151,0,,,26,14,12,4,2,2,22,12,10,13,7,6,20,11,9,20,11,9,9,5,4,3,3,0,0,0,0,0,0,0,0,0,0,8,8,0,4,1,2,0,0,1,8,7,1,0,5,0,0,2
533311152,2,533311154,,5,2,3,*,*,*,*,*,*,*,*,*,*,*,*,*,*,*,*,*,*,*,*,*,*,*,*,*,*,*,*,*,*,1,1,*,*,*,*,*,*,*,*,*,*,*,*,*,*,*
533311153,2,533311154,,2,1,1,*,*,*,*,*,*,*,*,*,*,*,*,*,*,*,*,*,*,*,*,*,*,*,*,*,*,*,*,*,*,1,1,*,*,*,*,*,*,*,*,*,*,*,*,*,*,*
533311154,1,,533311152;533311153,223,102,121,22,11,11,208,94,114,111,52,59,199,89,110,197,87,110,97,42,55,46,13,33,14,0,14,3,0,3,0,0,0,82,82,20,23,23,8,3,5,2,64,45,19,6,62,0,14,14
533311162,0,,,178,79,99,18,10,8,157,68,89,111,49,62,148,63,85,142,63,79,46,19,27,15,4,11,6,1,5,1,0,1,0,0,0,64,64,12,24,10,10,3,3,2,51,38,13,6,31,0,5,7
533311163,0,,,359,168,191,33,16,17,325,151,174,161,79,82,316,144,172,311,144,167,164,72,92,100,37,63,49,15,34,11,2,9,0,0,0,119,117,25,39,22,13,9,3,6,92,65,27,5,82,0,16,22
533311164,0,,,532,246,286,71,38,33,459,207,252,282,138,144,437,197,240,427,188,239,177,69,108,113,35,78,41,8,33,7,1,6,0,0,0,162,161,31,43,20,26,21,13,7,129,82,47,14,102,1,18,19
533311171,0,,,157,81,76,11,8,3,145,72,73,100,56,44,140,70,70,135,66,69,45,16,29,30,12,18,7,4,3,0,0,0,0,0,0,57,57,12,20,8,9,3,5,0,44,33,11,4,31,2,7,7
533311172,0,,,115,53,62,39,20,19,76,33,43,53,25,28,61,26,35,59,26,33,23,8,15,14,3,11,5,1,4,1,0,1,0,0,0,24,23,1,6,7,5,4,0,0,22,15,7,4,15,0,1,4
533311173,0,,,31,15,16,4,0,4,27,15,12,24,14,10,26,14,12,25,13,12,3,1,2,1,0,1,0,0,0,0,0,0,5,5,0,18,18,10,6,1,0,0,1,0,8,6,2,2,3,5,1,0
533311174,0,,,336,170,166,41,23,18,295,147,148,161,81,80,288,145,143,281,140,141,134,66,68,67,31,36,14,3,11,0,0,0,1,0,1,109,109,13,33,27,17,11,6,2,96,64,32,8,80,0,10,24
533311181,0,,,267,127,140,27,12,15,240,115,125,147,73,74,233,112,121,229,109,120,93,42,51,53,24,29,7,3,4,0,0,0,1,1,0,93,93,15,30,20,14,9,4,1,78,58,20,7,61,2,5,22
533311182,0,,,690,323,367,155,70,85,531,251,280,402,192,210,507,241,266,494,233,261,129,59,70,80,37,43,25,13,12,2,0,2,10,0,10,231,231,45,53,45,50,27,8,3,186,155,31,43,82,12,13,28
533311183,0,,,48,27,21,8,6,2,40,21,19,29,16,13,35,19,16,35,19,16,11,5,6,4,2,2,1,1,0,0,0,0,0,0,0,16,16,3,4,2,4,3,0,0,13,12,1,2,7,0,2,2
533311184,0,,,368,179,189,82,47,35,284,132,152,206,96,110,265,123,142,261,122,139,78,36,42,35,15,20,7,2,5,1,1,0,0,0,0,115,115,18,22,25,29,13,6,2,97,75,22,16,48,3,5,9
533311191,0,,,297,147,150,42,28,14,251,118,133,189,94,95,248,116,132,245,114,131,62,24,38,39,11,28,16,2,14,3,0,3,3,0,3,135,135,59,28,23,16,6,2,1,75,60,15,13,43,14,9,7
533311192,0,,,626,284,342,53,28,25,566,252,314,318,155,163,552,248,304,545,244,301,248,97,151,139,53,86,46,14,32,3,1,2,5,0,5,268,268,87,83,54,26,9,5,4,175,140,35,12,169,7,50,42
533311193,0,,,757,371,386,134,72,62,615,294,321,487,237,250,591,286,305,580,279,301,128,57,71,63,25,38,18,4,14,4,2,2,16,3,13,302,302,94,76,61,48,12,4,7,206,177,29,56,84,29,11,15
533311194,0,,,836,456,380,156,75,81,678,381,297,549,320,229,656,368,288,646,362,284,129,61,68,43,17,26,16,5,11,2,1,1,18,12,6,370,368,168,66,65,48,18,1,2,198,182,16,43,79,80,23,28
533311201,0,,,501,222,279,84,35,49,408,181,227,250,112,138,387,170,217,379,166,213,158,69,89,74,27,47,27,8,19,1,0,1,1,0,1,160,160,27,40,32,30,14,12,5,131,84,47,22,98,1,10,18
533311202,0,,,762,375,387,243,121,122,509,248,261,430,219,211,481,233,248,475,231,244,79,29,50,51,18,33,32,11,21,3,1,2,5,2,3,222,221,33,35,35,77,35,6,0,186,168,18,65,32,5,2,2
533311203,1,,533311204,80,38,42,11,2,9,66,34,32,46,25,21,65,33,32,65,33,32,20,9,11,11,4,7,3,1,2,2,1,1,2,2,0,36,36,16,9,7,2,1,0,2,21,16,5,3,14,4,2,0
533311204,2,533311203,,2,1,1,*,*,*,*,*,*,*,*,*,*,*,*,*,*,*,*,*,*,*,*,*,*,*,*,*,*,*,*,*,*,1,1,*,*,*,*,*,*,*,*,*,*,*,*,*,*,*
533311211,0,,,651,321,330,181,87,94,463,230,233,415,206,209,438,215,223,423,207,216,48,24,24,17,8,9,1,0,1,0,0,0,1,1,0,204,204,28,37,48,61,23,5,2,175,161,14,61,30,3,2,7
533311221,0,,,33,15,18,10,3,7,23,12,11,14,7,7,23,12,11,23,12,11,9,5,4,5,3,2,0,0,0,0,0,0,0,0,0,10,10,1,3,2,1,2,1,0,9,6,3,1,6,0,0,2
533311222,0,,,330,179,151,53,34,19,272,142,130,191,105,86,267,139,128,265,137,128,81,37,44,27,13,14,3,1,2,1,0,1,0,0,0,133,133,32,47,22,25,5,1,1,99,90,9,19,55,2,9,17
533311224,0,,,362,176,186,57,24,33,302,150,152,227,117,110,296,147,149,290,146,144,75,33,42,35,14,21,4,1,3,0,0,0,0,0,0,136,136,28,49,21,21,13,4,0,107,93,14,13,53,3,11,14
533311231,0,,,438,208,230,63,27,36,374,180,194,220,116,104,360,173,187,351,168,183,154,64,90,85,35,50,18,5,13,0,0,0,0,0,0,150,150,25,52,25,23,16,5,4,124,97,27,17,96,2,19,31
533311232,0,,,152,72,80,12,4,8,140,68,72,78,41,37,139,68,71,139,68,71,62,27,35,34,17,17,9,6,3,2,1,1,0,0,0,56,56,8,22,12,8,4,2,0,48,37,11,2,40,0,5,8
533311233,0,,,333,156,177,69,34,35,261,120,141,174,88,86,254,117,137,247,111,136,87,32,55,40,10,30,28,4,24,4,0,4,1,0,1,121,120,28,42,19,19,7,2,3,87,78,9,23,44,7,8,15
533311234,0,,,460,218,242,51,19,32,408,198,210,237,126,111,393,190,203,387,186,201,171,72,99,84,29,55,25,6,19,3,0,3,6,1,5,174,174,44,48,38,23,15,4,2,130,93,37,19,114,0,27,26
533311241,0,,,97,49,48,17,11,6,80,38,42,57,29,28,73,34,39,70,32,38,23,9,14,13,6,7,2,1,1,0,0,0,1,0,1,34,34,5,12,7,5,3,2,0,29,26,3,6,14,0,1,4
533311252,0,,,213,97,116,14,8,6,199,89,110,96,44,52,196,88,108,192,88,104,103,45,58,60,24,36,15,5,10,2,0,2,0,0,0,78,78,12,33,11,14,4,2,2,65,50,15,4,65,0,9,18
533311261,0,,,270,130,140,18,9,9,252,121,131,121,63,58,248,118,130,245,115,130,131,58,73,79,31,48,19,4,15,1,0,1,0,0,0,108,108,28,38,19,11,8,3,1,80,58,22,6,84,0,23,24
533311262,0,,,279,141,138,31,20,11,248,121,127,130,72,58,239,115,124,236,112,124,118,49,69,82,30,52,25,6,19,5,0,5,5,4,1,94,93,19,29,17,14,9,4,1,74,51,23,8,61,2,10,17
533311264,0,,,138,67,71,11,7,4,127,60,67,70,31,39,123,58,65,121,58,63,57,29,28,26,11,15,7,3,4,1,0,1,1,0,1,46,46,11,10,10,6,5,2,2,35,20,15,2,38,0,7,6
533311271,0,,,156,83,73,10,8,2,146,75,71,94,50,44,139,70,69,137,68,69,52,25,27,25,11,14,14,7,7,0,0,0,0,0,0,47,47,10,9,11,4,5,4,4,37,19,18,1,35,0,6,4
533311272,0,,,87,40,47,9,4,5,78,36,42,47,24,23,78,36,42,77,35,42,31,12,19,16,6,10,8,2,6,0,0,0,0,0,0,28,28,6,5,8,4,1,3,1,21,11,10,3,21,0,2,2
533311273,0,,,95,48,47,16,9,7,79,39,40,46,21,25,73,36,37,72,36,36,33,18,15,12,6,6,4,1,3,1,0,1,0,0,0,30,30,4,9,4,8,2,2,1,26,17,9,5,20,1,3,5
533311274,0,,,102,55,47,9,7,2,83,43,40,47,27,20,73,36,37,72,36,36,36,16,20,18,7,11,10,4,6,2,1,1,0,0,0,22,22,0,4,1,6,5,3,3,21,8,13,1,18,0,0,3
533311281,0,,,38,19,19,5,3,2,33,16,17,15,6,9,32,15,17,32,15,17,18,10,8,9,5,4,4,3,1,0,0,0,0,0,0,15,15,4,6,1,2,1,1,0,11,8,3,2,13,0,4,5
533311282,0,,,154,89,65,20,9,11,134,80,54,80,55,25,125,72,53,121,70,51,54,25,29,21,11,10,3,1,2,0,0,0,0,0,0,41,40,3,6,9,12,5,3,2,37,24,13,3,31,0,0,3
533311283,0,,,42,22,20,9,5,4,33,17,16,20,10,10,33,17,16,32,16,16,13,7,6,7,3,4,1,0,1,0,0,0,0,0,0,14,14,4,2,3,3,0,1,1,10,7,3,1,10,0,4,1
533311284,0,,,73,32,41,7,1,6,66,31,35,35,19,16,65,31,34,64,30,34,31,12,19,17,8,9,7,3,4,1,1,0,1,1,0,22,22,2,8,3,5,1,1,2,20,13,7,1,17,0,1,5
533311291,0,,,70,35,35,4,2,2,66,33,33,47,24,23,65,32,33,63,30,33,19,9,10,5,1,4,2,0,2,0,0,0,2,2,0,27,27,8,8,4,5,0,0,2,19,15,4,2,11,3,2,4
533311292,0,,,68,32,36,3,1,2,65,31,34,34,17,17,63,30,33,63,30,33,31,14,17,18,6,12,8,3,5,1,0,1,0,0,0,28,28,9,4,11,2,2,0,0,19,14,5,1,19,0,7,2
533311293,1,,533311391,201,99,102,15,6,9,189,93,96,97,49,48,179,87,92,174,86,88,92,44,48,36,18,18,3,1,2,0,0,0,1,1,0,78,78,15,36,12,6,4,5,1,64,52,12,4,57,0,5,24
533311301,1,,533311302,110,60,50,4,1,3,110,63,47,59,37,22,108,62,46,107,61,46,51,26,25,26,12,14,6,4,2,0,0,0,1,1,0,50,50,22,16,9,8,1,0,0,34,28,6,1,28,5,4,13
533311302,2,533311301,,8,6,2,*,*,*,*,*,*,*,*,*,*,*,*,*,*,*,*,*,*,*,*,*,*,*,*,*,*,*,*,*,*,6,6,*,*,*,*,*,*,*,*,*,*,*,*,*,*,*
533311303,1,,533311401,15,9,6,3,2,1,16,8,8,13,7,6,15,7,8,15,7,8,3,1,2,3,1,2,1,1,0,0,0,0,1,1,0,8,8,5,2,0,3,0,0,0,4,3,1,1,2,2,0,1
533311322,0,,,923,452,471,239,130,109,676,318,358,611,290,321,625,292,333,599,278,321,65,28,37,21,9,12,3,0,3,0,0,0,6,3,3,294,294,31,72,68,82,33,5,3,259,244,15,66,43,1,3,11
533311324,0,,,129,72,57,13,9,4,116,63,53,102,54,48,110,59,51,105,57,48,14,9,5,6,3,3,0,0,0,0,0,0,0,0,0,47,47,5,15,18,5,4,0,0,42,41,1,3,10,0,2,6
533311331,1,,533311332,73,32,41,10,3,7,65,30,35,32,16,16,65,30,35,65,30,35,33,14,19,16,5,11,8,3,5,0,0,0,0,0,0,28,28,6,11,6,2,3,1,0,23,17,6,4,19,0,4,7
533311332,2,533311331,,2,1,1,*,*,*,*,*,*,*,*,*,*,*,*,*,*,*,*,*,*,*,*,*,*,*,*,*,*,*,*,*,*,1,1,*,*,*,*,*,*,*,*,*,*,*,*,*,*,*
533311333,0,,,14,8,6,0,0,0,13,7,6,8,4,4,13,7,6,13,7,6,5,3,2,2,1,1,1,1,0,0,0,0,0,0,0,9,9,4,5,0,0,0,0,0,4,4,0,0,3,0,0,3
533311371,1,,533311374,156,69,87,17,4,13,146,69,77,82,45,37,140,64,76,137,62,75,64,24,40,26,8,18,13,5,8,0,0,0,0,0,0,49,49,10,16,7,7,4,5,3,42,23,19,2,40,0,7,10
533311372,0,,,32,16,16,2,2,0,30,14,16,18,9,9,27,13,14,26,13,13,12,5,7,8,2,6,4,1,3,1,0,1,0,0,0,8,8,1,1,2,1,1,0,2,7,3,4,0,7,0,1,0
533311374,2,533311371,,7,4,3,*,*,*,*,*,*,*,*,*,*,*,*,*,*,*,*,*,*,*,*,*,*,*,*,*,*,*,*,*,*,3,3,*,*,*,*,*,*,*,*,*,*,*,*,*,*,*
533311381,0,,,89,42,47,17,9,8,72,33,39,38,21,17,70,31,39,68,31,37,34,12,22,19,6,13,7,1,6,4,1,3,0,0,0,24,24,3,4,8,2,2,1,4,21,10,11,4,18,0,3,1
533311382,0,,,122,55,67,21,9,12,101,46,55,59,28,31,97,45,52,93,42,51,42,18,24,21,7,14,9,1,8,1,0,1,0,0,0,29,29,3,5,7,2,4,3,5,26,10,16,5,24,0,1,2
533311384,0,,,26,12,14,3,3,0,23,9,14,17,6,11,20,9,11,20,9,11,6,3,3,1,0,1,1,0,1,0,0,0,0,0,0,6,6,0,2,0,1,1,1,1,6,3,3,1,3,0,0,0
533311391,2,533311293,,3,0,3,*,*,*,*,*,*,*,*,*,*,*,*,*,*,*,*,*,*,*,*,*,*,*,*,*,*,*,*,*,*,1,1,*,*,*,*,*,*,*,*,*,*,*,*,*,*,*
533311401,2,533311303,,6,2,4,*,*,*,*,*,*,*,*,*,*,*,*,*,*,*,*,*,*,*,*,*,*,*,*,*,*,*,*,*,*,2,2,*,*,*,*,*,*,*,*,*,*,*,*,*,*,*
533311472,1,,533311481,18,9,9,2,1,1,17,8,9,8,4,4,16,8,8,16,8,8,9,4,5,2,1,1,1,1,0,0,0,0,0,0,0,4,4,1,0,2,0,1,0,1,4,2,2,0,4,0,0,0
533311481,2,533311472,,1,0,1,*,*,*,*,*,*,*,*,*,*,*,*,*,*,*,*,*,*,*,*,*,*,*,*,*,*,*,*,*,*,1,1,*,*,*,*,*,*,*,*,*,*,*,*,*,*,*
533311501,2,533311503,,5,3,2,*,*,*,*,*,*,*,*,*,*,*,*,*,*,*,*,*,*,*,*,*,*,*,*,*,*,*,*,*,*,2,2,*,*,*,*,*,*,*,*,*,*,*,*,*,*,*
533311503,1,,533311501,17,10,7,3,2,1,19,11,8,11,7,4,18,10,8,17,9,8,8,4,4,5,2,3,1,0,1,0,0,0,0,0,0,6,6,3,2,1,0,0,2,0,5,3,2,1,5,1,2,0
533311602,0,,,19,9,10,3,1,2,16,8,8,8,4,4,16,8,8,16,8,8,8,4,4,5,3,2,1,0,1,0,0,0,0,0,0,8,8,1,4,2,1,0,0,0,7,7,0,2,5,0,1,2
533311611,0,,,63,37,26,9,6,3,54,31,23,36,20,16,50,30,20,50,30,20,18,11,7,8,6,2,2,2,0,0,0,0,0,0,0,20,20,5,6,2,2,1,3,1,15,10,5,2,13,0,2,3
533311613,0,,,56,30,26,7,7,0,49,23,26,23,14,9,47,21,26,47,21,26,26,9,17,14,5,9,5,1,4,1,0,1,0,0,0,17,17,4,4,4,1,1,0,3,13,7,6,1,15,0,4,2
533311792,2,533311794,,5,3,2,*,*,*,*,*,*,*,*,*,*,*,*,*,*,*,*,*,*,*,*,*,*,*,*,*,*,*,*,*,*,2,2,*,*,*,*,*,*,*,*,*,*,*,*,*,*,*
533311794,1,,533311792,143,71,72,13,8,5,133,64,69,76,35,41,130,62,68,125,60,65,57,29,28,23,11,12,7,3,4,2,1,1,0,0,0,57,57,14,21,12,8,2,0,2,43,33,10,6,39,0,11,8
533311801,2,533311802,,7,2,5,*,*,*,*,*,*,*,*,*,*,*,*,*,*,*,*,*,*,*,*,*,*,*,*,*,*,*,*,*,*,3,3,*,*,*,*,*,*,*,*,*,*,*,*,*,*,*
533311802,1,,533311801,10,6,4,0,0,0,17,8,9,6,3,3,17,8,9,17,8,9,11,5,6,5,3,2,1,0,1,1,0,1,0,0,0,5,5,2,3,3,0,0,0,0,6,4,2,0,5,0,0,3
533311803,2,533311804,,5,4,1,*,*,*,*,*,*,*,*,*,*,*,*,*,*,*,*,*,*,*,*,*,*,*,*,*,*,*,*,*,*,2,2,*,*,*,*,*,*,*,*,*,*,*,*,*,*,*
533311804,1,,533311803;533311904,25,11,14,1,0,1,158,46,112,15,9,6,158,46,112,158,46,112,143,37,106,130,30,100,83,16,67,20,2,18,0,0,0,10,10,2,6,4,2,0,0,0,11,6,5,0,13,0,2,3
533311833,0,,,76,68,8,1,0,1,75,68,7,41,37,4,74,67,7,74,67,7,34,31,3,5,5,0,0,0,0,0,0,0,0,0,0,11,9,1,6,2,0,0,0,0,8,8,0,1,5,0,1,2
533311834,0,,,88,40,48,3,2,1,85,38,47,41,22,19,85,38,47,82,36,46,44,16,28,25,6,19,11,2,9,1,0,1,1,0,1,34,34,7,13,3,10,0,1,0,27,19,8,1,29,0,6,5
533311841,0,,,41,15,26,3,1,2,38,14,24,22,7,15,35,14,21,34,14,20,16,7,9,9,4,5,3,1,2,0,0,0,1,0,1,16,16,6,5,0,2,1,2,0,10,7,3,0,10,0,2,3
533311842,2,533311843,,3,2,1,*,*,*,*,*,*,*,*,*,*,*,*,*,*,*,*,*,*,*,*,*,*,*,*,*,*,*,*,*,*,2,2,*,*,*,*,*,*,*,*,*,*,*,*,*,*,*
533311843,1,,533311842,588,258,330,55,28,27,536,232,304,283,139,144,521,226,295,514,225,289,253,93,160,166,51,115,80,21,59,12,0,12,2,0,2,199,198,50,56,39,28,17,5,5,150,100,50,11,145,2,38,30
533311844,0,,,74,39,35,13,8,5,61,31,30,32,16,16,60,30,30,59,29,30,29,15,14,10,6,4,3,1,2,0,0,0,0,0,0,27,27,6,8,6,3,2,2,0,20,16,4,4,18,0,4,4
533311892,1,,533311894,234,114,120,19,11,8,220,105,115,124,63,61,213,101,112,209,98,111,96,42,54,48,16,32,18,6,12,1,0,1,0,0,0,87,87,21,28,20,9,8,1,3,67,43,24,3,64,0,14,16
533311894,2,533311892,,7,3,4,*,*,*,*,*,*,*,*,*,*,*,*,*,*,*,*,*,*,*,*,*,*,*,*,*,*,*,*,*,*,3,3,*,*,*,*,*,*,*,*,*,*,*,*,*,*,*
533311904,2,533311804,,129,31,98,*,*,*,*,*,*,*,*,*,*,*,*,*,*,*,*,*,*,*,*,*,*,*,*,*,*,*,*,*,*,4,2,*,*,*,*,*,*,*,*,*,*,*,*,*,*,*
533311922,0,,,305,157,148,30,18,12,275,139,136,133,76,57,273,138,135,268,135,133,142,63,79,56,22,34,20,7,13,2,0,2,0,0,0,122,121,30,44,23,12,6,3,3,90,68,22,7,90,0,21,24
533311924,0,,,108,53,55,9,4,5,99,49,50,53,29,24,97,48,49,96,47,49,46,20,26,21,8,13,8,1,7,2,0,2,0,0,0,43,43,8,17,9,7,1,1,0,35,27,8,1,30,0,6,9
533311931,0,,,175,90,85,9,6,3,166,84,82,101,54,47,156,79,77,150,74,76,65,30,35,37,14,23,10,2,8,0,0,0,0,0,0,61,61,10,21,10,13,2,4,1,51,34,17,2,43,0,6,10
533311932,1,,533311934,24,12,12,1,1,0,29,13,16,19,10,9,27,11,16,26,11,15,10,3,7,5,2,3,2,1,1,0,0,0,0,0,0,9,9,3,4,3,1,0,1,0,9,6,3,0,7,0,1,3
533311933,0,,,47,22,25,6,3,3,41,19,22,19,9,10,41,19,22,41,19,22,22,10,12,9,3,6,4,1,3,0,0,0,0,0,0,19,19,4,7,4,3,1,0,0,15,12,3,2,15,0,4,3
533311934,2,533311932,,6,2,4,*,*,*,*,*,*,*,*,*,*,*,*,*,*,*,*,*,*,*,*,*,*,*,*,*,*,*,*,*,*,3,3,*,*,*,*,*,*,*,*,*,*,*,*,*,*,*
533311941,0,,,75,29,46,6,3,3,69,26,43,50,17,33,68,25,43,67,25,42,19,9,10,10,5,5,4,2,2,0,0,0,20,2,18,40,40,21,7,9,2,1,0,0,19,14,5,0,12,15,2,5
533311942,0,,,356,178,178,62,35,27,291,142,149,178,81,97,284,139,145,278,136,142,113,61,52,52,25,27,21,9,12,3,1,2,0,0,0,115,115,20,28,28,18,8,7,6,94,65,29,12,73,0,14,14
533311943,0,,,115,59,56,25,14,11,90,45,45,62,31,31,88,43,45,87,43,44,28,14,14,11,4,7,3,1,2,0,0,0,0,0,0,36,36,7,6,8,7,5,2,1,29,21,8,7,19,0,6,3
533311944,0,,,19,9,10,6,2,4,13,7,6,7,4,3,13,7,6,13,7,6,6,3,3,2,1,1,1,0,1,0,0,0,0,0,0,6,6,1,0,3,1,1,0,0,5,4,1,3,3,0,1,0
533311951,0,,,25,13,12,0,0,0,25,13,12,10,6,4,25,13,12,25,13,12,15,7,8,11,5,6,7,3,4,0,0,0,1,0,1,10,10,3,4,1,0,1,1,0,7,5,2,0,9,0,3,2
533311953,0,,,12,7,5,2,1,1,10,6,4,3,2,1,10,6,4,10,6,4,7,4,3,0,0,0,0,0,0,0,0,0,0,0,0,4,4,1,1,1,0,0,1,0,3,2,1,0,4,0,1,1
533312001,0,,,18,8,10,0,0,0,18,8,10,10,5,5,18,8,10,17,7,10,8,3,5,5,2,3,1,1,0,0,0,0,0,0,0,7,7,1,4,0,1,1,0,0,6,4,2,0,5,0,1,1
533312003,0,,,102,40,62,7,4,3,95,36,59,51,19,32,92,36,56,88,34,54,44,17,27,26,9,17,11,4,7,1,0,1,0,0,0,48,48,23,13,3,5,2,0,2,25,20,5,2,33,1,16,4
533312012,0,,,23,11,12,3,1,2,20,10,10,13,7,6,19,9,10,18,9,9,7,3,4,6,3,3,0,0,0,0,0,0,0,0,0,6,6,1,0,2,1,0,2,0,5,3,2,0,4,0,1,0
533312013,0,,,408,193,215,41,18,23,366,175,191,236,119,117,355,171,184,346,166,180,130,56,74,51,22,29,11,4,7,0,0,0,8,5,3,174,174,51,59,34,18,8,3,1,122,112,10,10,88,0,23,25
533312014,0,,,22,10,12,2,0,2,20,10,10,11,6,5,19,9,10,19,9,10,9,4,5,6,3,3,2,1,1,1,0,1,0,0,0,6,6,1,1,1,0,2,1,0,5,0,5,0,5,0,0,0
533312021,2,533312023,,3,1,2,*,*,*,*,*,*,*,*,*,*,*,*,*,*,*,*,*,*,*,*,*,*,*,*,*,*,*,*,*,*,1,1,*,*,*,*,*,*,*,*,*,*,*,*,*,*,*
533312022,2,533312023,,7,2,5,*,*,*,*,*,*,*,*,*,*,*,*,*,*,*,*,*,*,*,*,*,*,*,*,*,*,*,*,*,*,3,3,*,*,*,*,*,*,*,*,*,*,*,*,*,*,*
533312023,1,,533312021;533312022;533312024,73,34,39,6,3,3,83,38,45,44,22,22,80,36,44,79,36,43,39,16,23,22,8,14,8,3,5,0,0,0,0,0,0,30,30,9,10,8,5,2,1,0,26,19,7,3,25,0,6,7
533312024,2,533312023,,6,4,2,*,*,*,*,*,*,*,*,*,*,*,*,*,*,*,*,*,*,*,*,*,*,*,*,*,*,*,*,*,*,1,1,*,*,*,*,*,*,*,*,*,*,*,*,*,*,*
533312031,0,,,126,62,64,13,9,4,112,52,60,56,29,27,105,49,56,103,48,55,56,23,33,16,4,12,7,1,6,1,0,1,0,0,0,39,39,6,10,10,6,1,2,4,33,20,13,2,32,0,5,5
533312032,0,,,22,13,9,3,2,1,19,11,8,11,7,4,19,11,8,19,11,8,8,4,4,3,1,2,3,1,2,1,0,1,0,0,0,8,8,2,1,2,3,0,0,0,6,6,0,2,5,0,1,0
533312033,0,,,34,15,19,2,1,1,32,14,18,9,2,7,31,14,17,31,14,17,23,12,11,7,4,3,3,1,2,0,0,0,0,0,0,13,13,1,8,3,0,0,0,1,12,10,2,0,13,0,1,7
533312034,0,,,101,50,51,23,10,13,78,40,38,46,27,19,74,37,37,74,37,37,32,13,19,20,7,13,9,4,5,0,0,0,0,0,0,28,28,3,8,7,1,2,3,4,25,17,8,5,19,0,3,4
533312051,0,,,37,17,20,1,1,0,36,16,20,29,13,16,36,16,20,36,16,20,7,3,4,5,2,3,0,0,0,0,0,0,0,0,0,14,14,0,7,5,2,0,0,0,13,13,0,0,5,0,0,0
533312052,0,,,946,462,484,130,68,62,789,382,407,563,283,280,769,369,400,743,364,379,226,99,127,112,41,71,56,14,42,8,2,6,2,0,2,407,404,173,93,62,46,22,6,2,229,199,30,39,134,63,42,38
533312054,0,,,26,14,12,11,7,4,15,7,8,15,7,8,14,7,7,13,7,6,0,0,0,0,0,0,0,0,0,0,0,0,0,0,0,7,7,1,0,2,1,3,0,0,6,6,0,1,0,1,0,0
533312061,0,,,141,72,69,12,6,6,122,63,59,85,46,39,120,62,58,115,58,57,37,17,20,20,9,11,4,1,3,0,0,0,1,1,0,77,77,35,28,7,6,1,0,0,42,40,2,3,25,11,7,10
533312062,0,,,549,284,265,90,50,40,437,225,212,351,188,163,423,218,205,415,214,201,86,37,49,42,14,28,13,6,7,1,0,1,0,0,0,268,268,128,64,28,34,11,3,0,137,127,10,21,64,15,23,13
533312063,0,,,710,331,379,66,31,35,615,283,332,420,209,211,602,278,324,590,274,316,195,74,121,110,33,77,37,9,28,3,0,3,7,2,5,385,384,210,85,48,28,9,4,0,173,144,29,14,144,42,59,25
533312064,0,,,407,191,216,23,10,13,352,165,187,193,101,92,341,157,184,329,150,179,159,64,95,90,31,59,31,11,20,3,1,2,17,9,8,239,238,146,53,21,12,2,4,0,89,74,15,9,111,29,47,27
533312071,0,,,349,164,185,46,23,23,295,137,158,193,93,100,286,132,154,282,131,151,102,44,58,64,24,40,11,3,8,0,0,0,6,3,3,153,153,53,46,24,19,10,1,0,99,85,14,11,70,6,17,21
533312072,0,,,87,53,34,6,3,3,81,50,31,44,29,15,81,50,31,81,50,31,37,21,16,15,8,7,3,1,2,0,0,0,0,0,0,40,40,14,13,9,2,1,0,1,25,18,7,1,28,0,9,7
533312073,0,,,1293,623,670,151,82,69,1074,507,567,761,376,385,1033,481,552,1011,470,541,313,131,182,144,47,97,49,12,37,2,2,0,23,12,11,668,668,333,163,89,59,18,3,3,329,297,32,37,225,52,85,51
533312074,0,,,970,462,508,153,72,81,798,381,417,565,279,286,767,360,407,752,351,401,233,102,131,116,48,68,41,16,25,4,1,3,3,1,2,427,426,152,126,72,43,24,7,2,267,233,34,46,163,12,55,45
533312081,0,,,81,39,42,11,3,8,70,36,34,44,25,19,68,34,34,68,34,34,26,11,15,12,6,6,4,3,1,0,0,0,0,0,0,32,32,8,11,6,4,2,0,1,24,21,3,2,17,0,4,8
533312082,0,,,50,22,28,3,0,3,47,22,25,25,12,13,47,22,25,47,22,25,22,10,12,13,7,6,5,3,2,0,0,0,0,0,0,19,19,2,9,5,1,1,1,0,17,14,3,1,14,0,0,5
533312083,0,,,606,287,319,132,60,72,457,217,240,328,164,164,437,205,232,426,201,225,129,53,76,64,27,37,19,7,12,3,0,3,0,0,0,208,207,43,45,52,47,13,5,2,160,140,20,41,73,6,15,22
533312084,0,,,1809,864,945,442,221,221,1322,624,698,1158,561,597,1242,583,659,1211,567,644,164,63,101,93,32,61,46,11,35,10,4,6,7,3,4,691,688,201,167,126,135,47,9,3,473,454,19,143,75,36,12,26
533312091,0,,,29,10,19,2,0,2,27,10,17,17,7,10,25,9,16,24,9,15,10,3,7,8,3,5,2,0,2,0,0,0,0,0,0,9,9,1,2,2,2,2,0,0,8,4,4,0,7,0,1,2
533312092,0,,,209,104,105,27,19,8,182,85,97,111,55,56,171,79,92,166,75,91,71,30,41,36,14,22,10,2,8,2,0,2,0,0,0,63,63,12,15,8,10,9,6,3,51,30,21,6,45,0,9,10
533312093,0,,,166,79,87,40,20,20,124,58,66,91,43,48,119,55,64,115,53,62,33,15,18,21,9,12,7,2,5,0,0,0,0,0,0,56,56,11,14,10,11,8,1,1,45,35,10,6,21,1,4,4
533312094,0,,,143,69,74,13,6,7,130,63,67,90,47,43,121,57,64,117,54,63,40,16,24,17,4,13,4,0,4,0,0,0,0,0,0,43,43,5,13,4,11,7,2,1,38,28,10,0,26,0,4,7
533312101,0,,,708,322,386,57,20,37,649,301,348,324,166,158,631,289,342,626,286,340,325,135,190,180,66,114,79,28,51,7,0,7,7,4,3,294,293,82,105,51,28,21,3,3,209,163,46,12,210,9,46,55
533312102,0,,,149,72,77,15,7,8,133,65,68,66,34,32,131,63,68,131,63,68,67,31,36,40,19,21,13,8,5,1,0,1,0,0,0,71,71,28,23,11,6,2,0,1,43,35,8,7,45,0,16,13
533312103,0,,,1197,540,657,108,62,46,1087,478,609,473,237,236,1073,470,603,1061,465,596,614,241,373,432,157,275,233,66,167,37,5,32,11,3,8,355,349,114,107,61,35,15,10,7,233,170,63,33,234,7,69,59
533312104,0,,,507,234,273,75,39,36,429,194,235,272,132,140,421,188,233,415,186,229,157,62,95,90,34,56,28,10,18,2,0,2,7,1,6,213,213,71,63,29,31,16,2,1,141,113,28,23,109,8,35,28
533312111,0,,,351,170,181,36,24,12,309,143,166,225,108,117,298,138,160,290,134,156,84,35,49,38,10,28,14,3,11,1,1,0,3,1,2,149,149,58,38,23,9,15,5,1,90,68,22,13,64,10,21,10
533312112,0,,,151,69,82,21,5,16,130,64,66,77,40,37,126,63,63,125,63,62,53,24,29,32,12,20,5,1,4,0,0,0,0,0,0,54,54,14,13,11,7,5,3,1,39,26,13,7,37,1,8,6
533312113,0,,,798,384,414,81,40,41,699,334,365,443,234,209,679,321,358,670,317,353,256,100,156,139,49,90,43,8,35,1,0,1,10,1,9,343,343,133,94,44,38,17,11,6,206,146,60,24,174,24,42,32
533312114,0,,,660,324,336,136,67,69,524,257,267,450,224,226,488,239,249,465,228,237,74,33,41,30,15,15,7,3,4,0,0,0,0,0,0,205,205,22,46,51,51,25,6,4,183,160,23,42,46,0,5,11
533312121,0,,,45,21,24,3,1,2,41,20,21,18,11,7,40,20,20,39,19,20,23,9,14,13,3,10,5,1,4,1,0,1,2,2,0,18,18,5,5,5,2,0,0,1,13,7,6,1,14,2,2,2
533312122,2,533312124,,3,2,1,*,*,*,*,*,*,*,*,*,*,*,*,*,*,*,*,*,*,*,*,*,*,*,*,*,*,*,*,*,*,2,2,*,*,*,*,*,*,*,*,*,*,*,*,*,*,*
533312124,1,,533312122,16,6,10,1,1,0,18,7,11,8,3,5,17,7,10,16,7,9,10,4,6,3,2,1,2,1,1,0,0,0,0,0,0,4,4,1,2,1,0,1,1,0,5,2,3,1,6,0,1,2
533312131,1,,533312132,15,8,7,4,2,2,22,11,11,15,8,7,20,9,11,18,9,9,7,3,4,2,1,1,0,0,0,0,0,0,0,0,0,4,4,0,1,1,2,0,1,1,6,4,2,1,4,0,0,1
533312132,2,533312131,,11,5,6,*,*,*,*,*,*,*,*,*,*,*,*,*,*,*,*,*,*,*,*,*,*,*,*,*,*,*,*,*,*,2,2,*,*,*,*,*,*,*,*,*,*,*,*,*,*,*
533312152,2,533312154,,28,5,23,*,*,*,*,*,*,*,*,*,*,*,*,*,*,*,*,*,*,*,*,*,*,*,*,*,*,*,*,*,*,12,11,*,*,*,*,*,*,*,*,*,*,*,*,*,*,*
533312154,1,,533312152,494,255,239,32,19,13,469,229,240,307,158,149,463,226,237,452,221,231,162,71,91,83,29,54,29,9,20,7,1,6,5,5,0,299,298,221,48,17,13,3,6,1,86,68,18,5,90,109,32,18
533312161,0,,,525,206,319,37,18,19,464,177,287,328,126,202,456,173,283,438,167,271,136,51,85,82,25,57,30,9,21,5,1,4,3,0,3,307,306,188,59,37,14,5,2,1,116,104,12,6,90,94,32,19
533312162,0,,,1396,608,788,92,43,49,1227,526,701,676,313,363,1200,514,686,1174,507,667,551,213,338,348,120,228,180,53,127,20,8,12,10,5,5,723,721,412,158,72,65,8,5,1,297,242,55,16,305,82,124,67
533312163,0,,,1217,537,680,67,30,37,1068,463,605,606,292,314,1057,457,600,1041,453,588,462,171,291,280,88,192,112,26,86,17,3,14,11,2,9,714,710,443,157,61,35,11,3,0,255,215,40,17,300,109,131,66
533312164,0,,,1175,567,608,57,33,24,1032,493,539,539,293,246,1012,481,531,997,476,521,493,200,293,256,93,163,100,27,73,10,3,7,19,9,10,708,707,430,168,60,32,11,5,1,270,226,44,18,348,50,153,80
533312171,0,,,815,392,423,108,51,57,673,324,349,515,251,264,639,307,332,624,302,322,158,73,85,88,37,51,33,13,20,2,0,2,0,0,0,407,407,205,90,56,30,17,6,3,199,176,23,32,113,47,45,33
533312172,0,,,836,384,452,127,62,65,691,315,376,497,240,257,665,302,363,657,295,362,194,75,119,120,42,78,50,18,32,2,0,2,7,6,1,360,360,124,94,80,39,14,7,2,232,202,30,36,142,11,46,23
533312173,0,,,1090,504,586,112,52,60,945,436,509,563,272,291,924,428,496,912,424,488,382,164,218,231,90,141,77,28,49,4,0,4,11,2,9,548,547,262,143,69,48,15,8,2,280,234,46,29,282,22,114,57
533312174,0,,,560,266,294,42,25,17,507,237,270,292,146,146,495,232,263,483,224,259,215,91,124,110,42,68,35,9,26,6,1,5,2,1,1,265,265,98,90,43,22,8,3,1,163,135,28,15,145,5,47,37
533312181,0,,,316,147,169,42,21,21,266,122,144,196,90,106,255,114,141,250,112,138,70,32,38,25,11,14,8,3,5,0,0,0,0,0,0,139,139,45,43,27,18,4,2,0,92,89,3,9,48,6,9,22
533312182,0,,,1198,567,631,236,118,118,934,436,498,792,374,418,888,415,473,867,404,463,142,62,80,80,31,49,44,16,28,3,2,1,36,1,35,500,499,190,116,93,67,24,6,3,301,284,17,88,66,49,16,15
533312183,0,,,488,238,250,64,36,28,415,197,218,259,132,127,401,189,212,398,188,210,156,65,91,86,30,56,37,11,26,4,0,4,4,2,2,204,204,77,46,41,21,10,4,5,126,94,32,25,102,10,29,20
533312184,0,,,929,430,499,137,64,73,766,351,415,494,242,252,736,335,401,722,333,389,272,109,163,134,48,86,34,13,21,1,0,1,1,0,1,404,404,141,123,66,45,15,11,3,260,230,30,38,185,11,51,59
533312191,0,,,42,21,21,7,3,4,35,18,17,25,15,10,35,18,17,35,18,17,10,3,7,5,1,4,2,0,2,0,0,0,0,0,0,17,17,4,6,3,3,1,0,0,13,12,1,2,7,1,1,2
533312192,0,,,490,224,266,67,34,33,416,188,228,293,137,156,394,180,214,390,178,212,123,51,72,49,14,35,13,2,11,1,0,1,1,1,0,182,182,41,47,46,32,11,3,2,137,115,22,17,80,4,17,20
533312193,0,,,220,119,101,23,9,14,193,108,85,152,91,61,183,107,76,177,102,75,41,17,24,19,5,14,5,1,4,0,0,0,5,4,1,110,110,63,19,9,11,3,2,3,46,38,8,5,30,16,11,6
533312194,0,,,107,57,50,8,3,5,99,54,45,63,36,27,93,53,40,88,50,38,36,18,18,18,7,11,6,2,4,0,0,0,0,0,0,50,50,22,12,7,6,2,1,0,28,22,6,2,24,2,7,7
533312201,0,,,261,84,177,14,9,5,245,74,171,62,31,31,239,69,170,237,69,168,183,43,140,156,29,127,112,14,98,23,2,21,0,0,0,49,44,13,13,10,4,3,1,0,30,28,2,5,21,1,8,4
533312211,0,,,582,272,310,74,34,40,508,238,270,298,151,147,494,234,260,484,230,254,210,87,123,133,52,81,34,13,21,2,0,2,4,4,0,231,231,63,67,52,28,12,6,3,166,131,35,25,141,13,32,33
533312212,0,,,19,11,8,6,5,1,13,6,7,13,6,7,13,6,7,13,6,7,0,0,0,0,0,0,0,0,0,0,0,0,0,0,0,5,5,0,1,1,1,2,0,0,5,5,0,2,0,0,0,0
533312234,0,,,302,128,174,31,14,17,271,114,157,189,85,104,263,110,153,255,106,149,82,29,53,34,9,25,9,1,8,0,0,0,5,2,3,127,127,33,42,34,10,5,3,0,90,78,12,8,64,0,24,11
533312242,0,,,132,56,76,15,6,9,100,43,57,100,43,57,94,41,53,90,41,49,0,0,0,0,0,0,0,0,0,0,0,0,0,0,0,83,83,58,12,5,6,1,1,0,24,23,1,8,0,19,0,0
533312243,0,,,840,382,458,107,52,55,702,316,386,502,237,265,682,306,376,671,303,368,200,79,121,76,23,53,23,5,18,1,0,1,6,0,6,391,391,139,134,59,42,15,1,1,247,224,23,31,139,21,36,46
533312244,0,,,1429,668,761,142,62,80,1194,559,635,886,419,467,1156,542,614,1127,525,602,308,140,168,139,65,74,34,16,18,4,0,4,22,5,17,761,761,391,191,102,51,18,3,5,347,314,33,42,210,80,61,58
533312251,0,,,533,261,272,63,34,29,442,215,227,340,173,167,432,210,222,425,205,220,102,42,60,48,18,30,8,2,6,0,0,0,8,3,5,286,286,151,72,35,16,7,2,3,132,115,17,30,75,35,21,18
533312252,0,,,1434,668,766,112,56,56,1253,580,673,765,386,379,1228,563,665,1202,553,649,488,194,294,291,101,190,113,30,83,17,3,14,23,4,19,768,767,436,169,81,54,18,7,2,321,277,44,31,304,163,106,76
533312253,0,,,1859,892,967,190,102,88,1594,755,839,1078,555,523,1540,725,815,1503,703,800,516,200,316,288,94,194,133,33,100,20,5,15,29,7,22,902,897,442,203,127,78,38,8,1,444,388,56,59,322,105,108,85
533312254,0,,,1500,729,771,157,83,74,1301,625,676,827,416,411,1250,594,656,1230,586,644,474,209,265,236,100,136,81,31,50,8,4,4,10,4,6,663,662,237,200,111,75,27,2,10,416,352,64,43,318,26,86,88
533312261,0,,,1126,538,588,96,50,46,973,458,515,535,282,253,932,427,505,908,415,493,438,176,262,236,88,148,95,28,67,9,2,7,16,6,10,589,588,311,145,64,49,12,4,3,273,224,49,19,316,46,129,73
533312262,0,,,980,439,541,94,35,59,843,383,460,487,234,253,832,379,453,822,374,448,356,149,207,217,83,134,80,27,53,9,2,7,19,1,18,543,543,296,134,60,39,8,4,2,241,204,37,26,257,50,104,62
533312263,0,,,2209,1022,1187,214,112,102,1915,872,1043,1301,623,678,1833,829,1004,1803,810,993,614,249,365,304,105,199,124,36,88,11,3,8,26,9,17,1101,1100,506,300,165,94,29,5,1,582,534,48,59,421,76,182,108
533312264,0,,,1212,567,645,169,83,86,975,453,522,702,345,357,945,440,505,928,434,494,273,108,165,133,47,86,50,13,37,5,0,5,5,1,4,592,592,278,132,87,69,23,3,0,307,272,35,63,190,42,64,47
533312271,0,,,944,478,466,125,62,63,761,387,374,527,283,244,741,378,363,729,368,361,234,104,130,116,40,76,43,10,33,2,1,1,8,4,4,498,498,275,90,72,39,17,4,1,221,191,30,38,167,64,61,34
533312272,0,,,520,251,269,58,37,21,440,204,236,301,148,153,435,200,235,431,198,233,139,56,83,71,23,48,18,4,14,2,0,2,3,2,1,275,275,121,91,43,13,6,1,0,148,136,12,24,94,26,26,34
533312273,0,,,551,265,286,77,46,31,466,215,251,290,143,147,451,207,244,444,205,239,176,72,104,88,32,56,37,9,28,4,0,4,4,2,2,233,233,86,69,28,26,12,7,5,145,114,31,22,122,5,43,28
533312274,0,,,866,385,481,101,46,55,753,333,420,488,241,247,734,326,408,721,320,401,265,92,173,151,45,106,47,12,35,3,1,2,3,1,2,380,380,130,114,72,41,14,6,3,244,199,45,37,197,17,58,37
533312281,0,,,1295,586,709,205,101,104,1078,479,599,690,323,367,1036,458,578,1016,450,566,388,156,232,206,71,135,73,17,56,5,0,5,13,5,8,496,494,128,146,93,79,28,14,6,363,283,80,66,256,12,57,63
533312282,0,,,987,457,530,223,113,110,743,333,410,626,282,344,700,308,392,678,302,376,117,51,66,45,16,29,21,6,15,1,0,1,4,3,1,394,393,138,80,66,68,31,10,0,252,230,22,51,78,45,20,21
533312283,0,,,521,226,295,40,17,23,474,206,268,246,110,136,467,202,265,463,201,262,228,96,132,125,50,75,42,16,26,2,0,2,2,0,2,223,223,51,91,49,25,3,2,2,167,142,25,12,154,1,32,49
533312284,0,,,300,145,155,107,54,53,193,91,102,174,84,90,175,82,93,170,81,89,19,7,12,13,5,8,4,2,2,0,0,0,0,0,0,84,84,9,9,13,36,14,1,2,75,70,5,23,13,0,3,3
533312291,0,,,114,60,54,23,13,10,91,47,44,91,47,44,81,42,39,78,40,38,0,0,0,0,0,0,0,0,0,0,0,0,0,0,0,41,41,6,17,6,5,6,1,0,35,35,0,5,0,0,0,0
533312292,1,,533312294,67,36,31,12,7,5,62,32,30,49,26,23,59,30,29,58,29,29,13,6,7,5,3,2,1,1,0,0,0,0,0,0,0,27,27,9,10,4,3,2,1,1,20,17,3,5,9,1,2,1
533312294,2,533312292,,9,4,5,*,*,*,*,*,*,*,*,*,*,*,*,*,*,*,*,*,*,*,*,*,*,*,*,*,*,*,*,*,*,3,3,*,*,*,*,*,*,*,*,*,*,*,*,*,*,*
533312323,2,533312422,,10,5,5,*,*,*,*,*,*,*,*,*,*,*,*,*,*,*,*,*,*,*,*,*,*,*,*,*,*,*,*,*,*,2,2,*,*,*,*,*,*,*,*,*,*,*,*,*,*,*
533312324,2,533312422,,2,2,0,*,*,*,*,*,*,*,*,*,*,*,*,*,*,*,*,*,*,*,*,*,*,*,*,*,*,*,*,*,*,1,1,*,*,*,*,*,*,*,*,*,*,*,*,*,*,*
533312331,0,,,29,13,16,6,2,4,23,11,12,14,7,7,23,11,12,23,11,12,9,4,5,7,3,4,3,1,2,0,0,0,0,0,0,10,10,1,3,3,2,1,0,0,9,6,3,1,7,0,1,2
533312332,0,,,335,165,170,42,21,21,286,141,145,169,91,78,278,138,140,274,136,138,117,50,67,70,27,43,25,8,17,2,0,2,0,0,0,131,131,41,38,22,15,4,6,5,89,64,25,11,79,4,15,21
533312333,0,,,254,101,153,28,17,11,226,84,142,96,38,58,218,80,138,216,80,136,130,46,84,93,30,63,57,18,39,14,3,11,0,0,0,72,70,12,26,9,11,10,1,1,58,45,13,7,46,1,7,14
533312334,0,,,891,374,517,96,47,49,795,327,468,402,186,216,762,311,451,743,300,443,393,141,252,256,85,171,112,18,94,18,1,17,2,1,1,304,302,52,123,57,38,19,6,7,249,212,37,16,199,2,41,72
533312341,0,,,971,464,507,129,63,66,806,383,423,490,247,243,786,372,414,778,367,411,316,136,180,185,74,111,79,25,54,8,2,6,4,3,1,423,421,176,115,60,48,18,3,1,240,215,25,42,158,29,36,56
533312342,0,,,1577,741,836,236,120,116,1296,600,696,906,438,468,1236,574,662,1212,560,652,390,162,228,197,81,116,69,24,45,4,2,2,6,1,5,676,676,228,200,116,80,34,16,2,433,376,57,61,270,25,72,79
533312343,0,,,163,79,84,17,11,6,143,67,76,75,37,38,137,64,73,135,62,73,68,30,38,28,9,19,10,1,9,2,0,2,0,0,0,72,72,25,22,14,6,3,1,1,46,38,8,5,49,0,18,9
533312344,0,,,1091,523,568,190,95,95,892,424,468,660,315,345,852,403,449,827,394,433,232,109,123,129,53,76,31,10,21,4,1,3,8,1,7,433,433,110,140,85,63,22,8,5,319,284,35,57,153,12,33,50
533312351,0,,,1831,846,985,309,161,148,1483,669,814,991,461,530,1415,637,778,1388,623,765,492,208,284,255,98,157,101,30,71,11,2,9,40,11,29,736,733,254,202,120,101,39,14,3,477,413,64,65,299,45,75,81
533312352,0,,,1661,743,918,184,88,96,1444,642,802,930,432,498,1391,615,776,1359,602,757,514,210,304,270,103,167,94,31,63,8,2,6,10,4,6,733,733,240,247,113,92,31,7,3,483,420,63,41,355,11,118,106
533312353,0,,,1431,604,827,122,53,69,1292,542,750,598,300,298,1265,528,737,1249,518,731,694,242,452,482,146,336,252,49,203,38,4,34,6,3,3,550,541,242,151,72,52,14,6,4,284,245,39,35,318,15,162,54
533312354,0,,,1083,493,590,120,62,58,933,418,515,578,288,290,915,408,507,900,400,500,355,130,225,222,73,149,85,20,65,16,0,16,20,4,16,470,467,182,145,74,44,17,3,2,279,247,32,38,181,27,51,51
533312361,0,,,1224,548,676,156,84,72,1043,454,589,722,313,409,1021,444,577,1008,440,568,321,141,180,180,73,107,58,25,33,3,2,1,14,4,10,559,559,206,182,82,57,17,10,5,345,295,50,45,238,26,71,54
533312362,0,,,1184,568,616,152,79,73,975,458,517,729,359,370,917,414,503,902,404,498,246,99,147,141,55,86,68,20,48,7,0,7,6,4,2,553,551,241,149,93,53,14,1,0,304,274,30,54,146,26,41,42
533312363,0,,,711,360,351,96,52,44,584,293,291,432,218,214,561,275,286,554,271,283,152,75,77,62,28,34,19,10,9,3,0,3,4,1,3,331,330,138,84,58,34,10,3,3,187,161,26,35,105,16,26,23
533312364,0,,,1651,779,872,262,139,123,1324,609,715,1100,513,587,1265,582,683,1248,569,679,224,96,128,102,37,65,30,12,18,1,1,0,18,11,7,751,750,291,203,127,97,21,10,1,444,410,34,98,166,48,47,34
533312371,0,,,1786,850,936,301,155,146,1406,655,751,1136,546,590,1341,625,716,1314,613,701,270,109,161,132,49,83,45,14,31,0,0,0,20,10,10,815,815,317,215,143,100,32,6,2,481,442,39,88,193,44,54,51
533312372,0,,,1432,701,731,239,122,117,1170,567,603,871,440,431,1129,536,593,1101,518,583,299,127,172,144,56,88,53,14,39,8,3,5,10,4,6,651,651,248,180,115,72,26,9,1,390,358,32,84,216,24,78,57
533312373,0,,,1494,720,774,210,114,96,1215,574,641,926,465,461,1163,543,620,1140,529,611,289,109,180,175,57,118,78,15,63,5,2,3,8,2,6,691,690,303,179,103,68,28,7,2,375,341,34,51,161,57,44,45
533312374,0,,,1252,573,679,150,83,67,1074,477,597,683,324,359,1027,458,569,1006,444,562,391,153,238,202,70,132,82,22,60,16,3,13,7,3,4,519,518,186,137,86,70,26,8,5,317,259,58,38,246,17,76,47
533312381,0,,,795,363,432,119,61,58,654,293,361,501,233,268,637,284,353,627,280,347,153,60,93,59,22,37,16,6,10,1,0,1,8,3,5,390,390,168,107,64,40,6,4,1,215,201,14,45,117,18,43,25
533312382,0,,,901,425,476,130,61,69,756,359,397,511,262,249,717,329,388,704,321,383,245,97,148,118,45,73,40,13,27,4,2,2,10,5,5,393,390,137,114,68,54,10,4,3,251,212,39,37,159,17,38,47
533312383,0,,,1027,484,543,142,72,70,858,397,461,603,290,313,833,390,443,816,379,437,255,107,148,133,53,80,45,15,30,6,2,4,3,1,2,469,468,188,129,68,56,20,5,2,268,233,35,47,170,32,52,43
533312384,0,,,1569,726,843,252,121,131,1271,582,689,898,431,467,1224,561,663,1203,549,654,373,151,222,198,74,124,57,18,39,4,3,1,9,3,6,725,725,292,205,110,71,32,12,3,425,385,40,80,274,28,98,62
533312391,0,,,307,137,170,28,15,13,278,121,157,158,73,85,269,120,149,263,118,145,120,48,72,77,26,51,37,14,23,4,0,4,1,0,1,106,105,19,30,31,14,7,2,2,85,63,22,8,66,0,12,16
533312393,0,,,913,424,489,140,81,59,742,329,413,556,268,288,719,320,399,708,315,393,186,61,125,125,40,85,85,22,63,17,1,16,6,3,3,398,397,171,99,69,39,15,4,0,221,204,17,43,72,29,19,22
533312394,0,,,69,36,33,14,8,6,53,27,26,36,18,18,51,26,25,49,24,25,17,9,8,9,6,3,4,2,2,0,0,0,0,0,0,29,29,8,10,4,6,1,0,0,21,21,0,5,9,2,0,7
533312414,2,533312521,,4,2,2,*,*,*,*,*,*,*,*,*,*,*,*,*,*,*,*,*,*,*,*,*,*,*,*,*,*,*,*,*,*,2,2,*,*,*,*,*,*,*,*,*,*,*,*,*,*,*
533312421,0,,,18,8,10,3,1,2,15,7,8,10,4,6,15,7,8,14,6,8,5,3,2,0,0,0,0,0,0,0,0,0,0,0,0,6,6,1,2,1,1,0,1,0,5,4,1,1,4,0,1,2
533312422,1,,533312323;533312324,139,77,62,17,11,6,134,73,61,80,46,34,125,66,59,121,64,57,54,27,27,23,12,11,6,2,4,0,0,0,0,0,0,50,50,5,18,18,6,4,2,0,47,39,8,3,32,0,4,8
533312423,0,,,78,39,39,7,4,3,71,35,36,44,23,21,67,32,35,65,30,35,27,12,15,10,4,6,3,0,3,1,0,1,0,0,0,25,25,2,8,6,6,1,1,1,23,20,3,2,15,0,1,5
533312424,0,,,439,217,222,59,33,26,380,184,196,234,113,121,366,178,188,360,173,187,146,71,75,69,32,37,20,9,11,3,2,1,0,0,0,142,142,17,44,28,30,14,5,4,125,96,29,14,85,0,10,24
533312431,0,,,491,241,250,81,44,37,410,197,213,272,135,137,394,185,209,386,181,205,138,62,76,63,24,39,17,7,10,0,0,0,2,0,2,167,167,29,49,34,27,16,10,2,135,101,34,22,97,2,20,18
533312432,0,,,760,346,414,82,38,44,676,307,369,359,175,184,656,292,364,644,285,359,317,132,185,166,69,97,41,17,24,2,0,2,13,3,10,350,350,124,124,52,28,15,6,1,226,198,28,21,223,3,78,59
533312433,0,,,381,233,148,22,9,13,359,224,135,316,203,113,232,141,91,131,72,59,43,21,22,18,8,10,4,0,4,1,0,1,10,6,4,55,50,12,13,10,12,2,1,0,38,32,6,3,27,2,7,9
533312434,0,,,111,48,63,13,6,7,98,42,56,52,22,30,98,42,56,96,40,56,46,20,26,18,5,13,8,2,6,1,0,1,0,0,0,42,42,9,13,10,5,4,1,0,33,24,9,3,31,0,9,9
533312441,0,,,517,237,280,55,34,21,445,193,252,237,113,124,439,191,248,436,189,247,208,80,128,115,44,71,24,8,16,1,0,1,5,2,3,250,250,100,79,41,19,7,3,1,147,126,21,19,155,3,60,34
533312442,0,,,622,303,319,89,46,43,527,254,273,304,149,155,513,247,266,503,242,261,223,105,118,89,35,54,39,12,27,4,1,3,2,0,2,213,213,33,70,44,39,13,7,7,176,135,41,22,143,0,27,36
533312443,0,,,229,121,108,41,26,15,182,92,90,110,57,53,177,88,89,174,86,88,72,35,37,27,12,15,7,4,3,0,0,0,0,0,0,80,80,12,28,12,19,7,1,1,66,56,10,10,45,0,10,15
533312444,0,,,515,240,275,40,20,20,472,218,254,243,123,120,464,214,250,459,210,249,229,95,134,132,50,82,59,20,39,11,2,9,0,0,0,192,191,59,48,44,22,10,8,0,132,99,33,11,128,0,35,31
533312451,0,,,526,231,295,71,34,37,445,191,254,298,143,155,436,187,249,427,183,244,147,48,99,88,23,65,32,2,30,5,0,5,2,1,1,232,231,96,58,41,24,8,0,4,131,112,19,27,81,12,24,16
533312452,0,,,761,363,398,114,56,58,618,293,325,468,232,236,592,279,313,581,275,306,150,61,89,71,28,43,16,4,12,1,0,1,6,1,5,355,355,155,82,59,44,8,2,5,195,166,29,44,106,31,29,29
533312453,0,,,247,110,137,33,17,16,214,93,121,143,66,77,204,92,112,197,87,110,71,27,44,43,16,27,15,2,13,2,0,2,1,0,1,88,88,14,28,23,12,7,3,1,72,57,15,10,45,1,6,12
533312454,0,,,849,524,325,105,54,51,740,468,272,565,388,177,719,460,259,681,427,254,175,80,95,98,43,55,33,13,20,5,1,4,2,1,1,300,297,129,68,37,36,22,4,1,166,149,17,36,104,21,29,23
533312461,0,,,503,255,248,79,46,33,410,201,209,298,154,144,396,190,206,386,187,199,112,47,65,61,24,37,21,8,13,1,0,1,4,2,2,214,214,65,67,39,32,8,2,1,144,126,18,25,79,3,18,24
533312462,0,,,965,445,520,151,76,75,792,359,433,584,273,311,766,349,417,752,342,410,208,86,122,91,34,57,27,10,17,3,1,2,5,0,5,419,419,145,127,71,46,18,6,6,268,232,36,46,146,31,36,36
533312463,0,,,377,219,158,45,24,21,332,195,137,241,154,87,323,191,132,306,178,128,91,41,50,41,15,26,9,2,7,1,0,1,0,0,0,118,117,26,32,30,22,5,1,1,90,75,15,14,64,0,20,12
533312464,0,,,704,334,370,118,50,68,539,264,275,475,239,236,508,250,258,494,241,253,64,25,39,18,8,10,3,1,2,1,1,0,11,4,7,341,341,159,79,47,40,10,6,0,178,164,14,47,51,25,16,7
533312471,0,,,1848,831,1017,334,163,171,1460,642,818,1130,521,609,1387,611,776,1364,599,765,330,121,209,178,59,119,67,22,45,14,4,10,9,4,5,789,788,281,214,145,96,37,10,5,491,450,41,104,209,31,77,46
533312472,0,,,1194,576,618,193,104,89,970,455,515,691,338,353,932,435,497,915,425,490,279,117,162,147,56,91,39,11,28,1,0,1,12,2,10,509,508,169,137,107,65,21,4,5,326,298,28,50,197,14,71,46
533312473,0,,,1185,584,601,183,86,97,914,455,459,768,390,378,882,439,443,865,430,435,146,65,81,52,23,29,14,5,9,1,0,1,14,5,9,589,589,291,125,86,58,21,7,1,290,263,27,59,100,64,16,30
533312474,0,,,1397,682,715,292,158,134,1061,502,559,806,395,411,1006,468,538,982,454,528,255,107,148,117,41,76,35,12,23,3,1,2,9,3,6,530,530,149,130,95,104,33,12,7,369,324,45,72,174,20,36,53
533312481,0,,,1073,511,562,141,77,64,879,406,473,634,297,337,845,388,457,833,379,454,245,109,136,116,42,74,35,11,24,2,0,2,1,1,0,502,502,204,143,76,51,19,7,2,288,256,32,51,172,25,51,45
533312482,0,,,1194,579,615,140,82,58,1021,482,539,653,332,321,993,467,526,977,459,518,368,150,218,180,69,111,66,25,41,4,0,4,2,0,2,603,603,290,161,71,54,17,4,6,308,274,34,38,264,55,104,68
533312483,0,,,1468,697,771,186,97,89,1209,564,645,728,365,363,1173,542,631,1161,534,627,481,199,282,271,101,170,113,33,80,10,1,9,15,3,12,654,651,297,185,84,60,19,4,2,343,313,30,58,237,27,91,57
533312484,0,,,884,427,457,94,43,51,709,344,365,480,246,234,692,335,357,682,328,354,229,98,131,104,40,64,33,10,23,4,1,3,11,5,6,496,496,294,94,56,33,13,5,1,198,174,24,27,175,31,71,40
533312491,0,,,1273,587,686,142,73,69,1062,481,581,703,350,353,1041,472,569,1030,468,562,359,131,228,213,74,139,111,29,82,20,2,18,15,7,8,648,645,373,143,68,47,12,2,0,258,236,22,53,178,65,85,36
533312492,0,,,501,254,247,107,62,45,377,184,193,311,155,156,371,180,191,367,177,190,66,29,37,29,12,17,9,2,7,1,1,0,6,1,5,217,216,78,53,40,34,11,0,0,134,125,9,41,46,17,11,16
533312493,1,,533312591,734,340,394,121,59,62,575,261,314,372,194,178,557,250,307,551,247,304,203,67,136,155,42,113,101,21,80,24,3,21,5,3,2,392,390,236,68,38,33,9,5,3,147,140,7,47,156,20,115,18
533312494,0,,,208,101,107,25,12,13,166,81,85,137,67,70,155,77,78,147,74,73,29,14,15,10,7,3,1,0,1,0,0,0,1,1,0,108,108,57,21,13,15,2,0,0,50,48,2,8,23,8,10,7
533312504,2,533312602,,3,2,1,*,*,*,*,*,*,*,*,*,*,*,*,*,*,*,*,*,*,*,*,*,*,*,*,*,*,*,*,*,*,1,1,*,*,*,*,*,*,*,*,*,*,*,*,*,*,*
533312512,0,,,65,34,31,3,2,1,62,32,30,35,19,16,61,32,29,61,32,29,27,13,14,14,6,8,7,3,4,0,0,0,0,0,0,26,26,6,8,7,4,0,1,0,20,14,6,2,20,0,5,4
533312513,0,,,27,10,17,4,2,2,23,8,15,15,6,9,23,8,15,23,8,15,8,2,6,6,1,5,1,0,1,1,0,1,0,0,0,11,11,3,2,4,2,0,0,0,8,6,2,1,7,0,3,0
533312514,0,,,759,363,396,60,35,25,692,324,368,376,186,190,667,312,355,654,303,351,316,138,178,145,63,82,31,12,19,3,2,1,1,0,1,321,321,92,117,58,29,12,10,3,227,189,38,19,213,0,62,60
533312521,1,,533312414,326,162,164,41,23,18,289,141,148,151,79,72,279,135,144,274,133,141,138,62,76,62,23,39,18,4,14,0,0,0,0,0,0,118,118,24,43,20,15,11,4,3,95,70,25,9,85,0,17,24
533312522,0,,,187,96,91,22,16,6,164,79,85,107,53,54,162,78,84,161,78,83,57,26,31,25,10,15,14,4,10,3,0,3,0,0,0,63,63,6,21,15,14,5,1,1,56,42,14,7,36,0,3,4
533312523,0,,,288,130,158,38,16,22,250,114,136,161,73,88,242,109,133,241,109,132,89,41,48,30,10,20,10,3,7,1,0,1,6,2,4,113,113,20,46,26,10,9,1,1,93,83,10,12,65,0,10,22
533312524,0,,,72,34,38,4,4,0,68,30,38,42,20,22,64,29,35,64,29,35,26,10,16,12,4,8,6,0,6,2,0,2,0,0,0,25,25,8,5,4,1,4,3,0,17,11,6,2,18,0,7,2
533312531,0,,,158,85,73,20,10,10,134,72,62,66,38,28,130,69,61,130,69,61,68,34,34,30,14,16,14,5,9,2,1,1,0,0,0,62,62,20,19,9,5,6,1,2,42,32,10,4,42,1,10,8
533312532,0,,,134,68,66,8,2,6,126,66,60,76,40,36,120,62,58,117,61,56,50,26,24,30,17,13,1,0,1,0,0,0,1,1,0,49,49,9,20,7,5,6,1,1,39,29,10,1,29,0,4,8
533312533,2,533312534,,10,5,5,*,*,*,*,*,*,*,*,*,*,*,*,*,*,*,*,*,*,*,*,*,*,*,*,*,*,*,*,*,*,3,3,*,*,*,*,*,*,*,*,*,*,*,*,*,*,*
533312534,1,,533312533,282,141,141,33,18,15,256,126,130,151,82,69,250,123,127,245,121,124,105,44,61,56,21,35,16,5,11,1,0,1,9,8,1,124,124,50,32,17,18,7,1,2,77,57,20,6,72,9,21,17
533312541,0,,,792,391,401,101,51,50,668,328,340,503,258,245,632,307,325,611,293,318,165,70,95,76,29,47,14,5,9,4,1,3,0,0,0,263,263,30,70,78,52,20,11,2,226,188,38,26,105,0,17,23
533312542,0,,,408,190,218,40,13,27,358,171,187,233,117,116,334,161,173,324,156,168,125,54,71,59,26,33,16,8,8,0,0,0,0,0,0,157,157,39,46,37,21,8,4,2,116,96,20,9,84,0,24,22
533312543,0,,,326,152,174,31,13,18,288,135,153,170,80,90,285,133,152,283,132,151,118,55,63,60,21,39,27,7,20,3,0,3,8,2,6,130,130,31,47,26,12,10,3,1,94,74,20,7,77,0,17,20
533312544,0,,,338,163,175,62,32,30,271,128,143,185,86,99,264,125,139,258,123,135,86,42,44,31,13,18,3,1,2,0,0,0,4,2,2,137,137,40,40,28,20,5,0,4,96,87,9,21,59,6,15,20
533312551,0,,,790,357,433,121,66,55,659,287,372,413,194,219,634,273,361,623,267,356,246,93,153,132,47,85,39,15,24,4,1,3,3,0,3,313,313,84,94,64,42,19,7,3,225,180,45,32,173,6,56,43
533312552,0,,,602,310,292,109,51,58,484,252,232,369,210,159,464,241,223,435,217,218,115,42,73,65,25,40,10,2,8,2,0,2,8,4,4,240,239,98,61,31,29,14,4,2,140,127,13,30,90,16,43,16
533312553,0,,,1841,863,978,281,138,143,1537,715,822,1106,528,578,1480,692,788,1449,675,774,431,187,244,244,105,139,63,24,39,3,0,3,15,8,7,714,713,168,243,136,101,37,19,9,533,462,71,85,275,30,52,100
533312554,0,,,319,152,167,50,28,22,263,121,142,186,90,96,256,115,141,252,114,138,77,31,46,40,13,27,12,7,5,0,0,0,6,5,1,146,146,53,43,28,16,4,2,0,92,80,12,23,57,3,25,14
533312561,0,,,32,22,10,0,0,0,32,22,10,32,22,10,32,22,10,29,21,8,0,0,0,0,0,0,0,0,0,0,0,0,0,0,0,1,0,0,0,0,0,0,0,0,0,0,0,0,0,0,0,0
533312562,0,,,450,218,232,50,19,31,373,186,187,286,142,144,362,177,185,356,175,181,87,44,43,38,15,23,8,2,6,0,0,0,2,1,1,222,222,103,51,39,19,8,2,0,115,104,11,15,60,18,14,17
533312571,0,,,887,439,448,144,78,66,706,343,363,572,293,279,688,336,352,677,332,345,134,50,84,73,19,54,44,9,35,10,0,10,8,2,6,419,418,206,90,56,45,19,2,0,204,186,18,47,65,46,20,13
533312572,0,,,398,180,218,76,35,41,311,141,170,242,112,130,299,134,165,295,133,162,69,29,40,29,10,19,16,7,9,1,0,1,0,0,0,162,162,55,32,39,22,12,1,1,104,89,15,25,54,6,17,8
533312581,1,,533312582,172,76,96,7,5,2,164,72,92,66,30,36,161,71,90,158,70,88,98,42,56,62,22,40,22,7,15,0,0,0,3,0,3,71,70,37,18,9,4,1,2,0,33,23,10,4,39,0,17,10
533312582,2,533312581,,3,2,1,*,*,*,*,*,*,*,*,*,*,*,*,*,*,*,*,*,*,*,*,*,*,*,*,*,*,*,*,*,*,1,1,*,*,*,*,*,*,*,*,*,*,*,*,*,*,*
533312591,2,533312493,,2,1,1,*,*,*,*,*,*,*,*,*,*,*,*,*,*,*,*,*,*,*,*,*,*,*,*,*,*,*,*,*,*,2,2,*,*,*,*,*,*,*,*,*,*,*,*,*,*,*
533312602,1,,533312504,59,26,33,4,3,1,58,25,33,36,17,19,57,25,32,56,25,31,22,8,14,14,5,9,3,1,2,0,0,0,0,0,0,21,21,3,8,5,4,1,0,1,19,14,5,1,14,0,3,4
533312603,0,,,201,66,135,4,2,2,197,64,133,12,5,7,196,64,132,196,64,132,185,59,126,166,50,116,105,24,81,20,3,17,0,0,0,11,8,1,2,1,2,1,0,1,7,5,2,1,6,0,0,2
533312604,0,,,356,169,187,36,12,24,320,157,163,182,96,86,309,152,157,302,146,156,138,61,77,57,26,31,15,5,10,2,0,2,0,0,0,134,134,25,47,29,21,6,6,0,109,90,19,6,86,0,14,29
533312611,0,,,280,125,155,23,10,13,256,114,142,144,70,74,249,111,138,244,108,136,112,44,68,52,14,38,22,3,19,3,0,3,0,0,0,105,105,23,32,25,15,5,2,3,82,56,26,8,73,1,16,16
533312612,1,,533312614,346,175,171,30,14,16,374,200,174,226,132,94,364,195,169,354,187,167,148,68,80,71,32,39,11,5,6,1,0,1,6,6,0,149,149,39,59,28,11,11,2,0,109,92,17,8,82,11,12,29
533312613,0,,,59,29,30,7,4,3,52,25,27,35,16,19,50,25,25,49,24,25,17,9,8,7,2,5,3,1,2,0,0,0,0,0,0,25,25,5,15,0,2,2,1,0,20,18,2,3,13,0,5,6
533312614,2,533312612,,61,40,21,*,*,*,*,*,*,*,*,*,*,*,*,*,*,*,*,*,*,*,*,*,*,*,*,*,*,*,*,*,*,2,1,*,*,*,*,*,*,*,*,*,*,*,*,*,*,*
533312621,1,,533312622,419,189,230,39,18,21,384,174,210,209,99,110,374,172,202,366,167,199,175,75,100,73,28,45,22,7,15,3,0,3,3,0,3,150,145,21,58,38,15,13,4,0,126,104,22,7,100,0,15,35
533312622,2,533312621,,6,4,2,*,*,*,*,*,*,*,*,*,*,*,*,*,*,*,*,*,*,*,*,*,*,*,*,*,*,*,*,*,*,4,4,*,*,*,*,*,*,*,*,*,*,*,*,*,*,*
533312624,0,,,193,85,108,18,7,11,175,78,97,100,47,53,169,77,92,168,76,92,75,31,44,43,17,26,16,6,10,0,0,0,0,0,0,68,68,10,18,21,16,1,0,2,58,40,18,6,48,0,5,11
533312631,0,,,442,205,237,51,21,30,388,182,206,241,119,122,371,179,192,362,175,187,147,63,84,89,33,56,27,10,17,2,1,1,0,0,0,156,156,30,48,32,23,15,5,3,124,99,25,15,102,0,19,22
533312632,0,,,745,364,381,67,37,30,666,322,344,369,190,179,651,316,335,646,313,333,297,132,165,155,69,86,33,13,20,3,0,3,7,3,4,287,285,69,89,64,33,20,6,4,210,162,48,22,182,5,36,42
533312633,0,,,933,444,489,141,69,72,785,372,413,504,245,259,757,357,400,741,348,393,281,127,154,141,66,75,29,13,16,1,0,1,3,1,2,336,336,53,128,67,47,25,10,6,278,229,49,47,177,4,23,55
533312634,0,,,1568,747,821,247,120,127,1308,620,688,879,428,451,1257,595,662,1230,581,649,429,192,237,196,83,113,42,13,29,3,1,2,10,1,9,569,569,107,172,130,104,32,19,5,456,380,76,70,290,5,61,86
533312641,0,,,777,353,424,124,56,68,632,286,346,474,217,257,606,273,333,593,266,327,158,69,89,80,34,46,20,10,10,0,0,0,24,4,20,314,313,98,74,63,55,18,4,1,204,173,31,40,105,21,22,26
533312642,0,,,77,33,44,20,6,14,55,26,29,36,17,19,55,26,29,55,26,29,19,9,10,5,3,2,1,0,1,0,0,0,3,1,2,31,31,6,12,5,8,0,0,0,25,24,1,11,12,1,2,8
533312643,0,,,177,84,93,25,11,14,149,71,78,111,57,54,145,70,75,144,70,74,38,14,24,21,9,12,3,1,2,1,0,1,6,0,6,72,72,20,22,16,8,3,3,0,52,44,8,8,27,4,6,4
533312651,0,,,216,108,108,37,21,16,173,85,88,157,78,79,165,83,82,160,80,80,16,7,9,10,4,6,3,2,1,0,0,0,2,1,1,93,93,40,15,18,12,4,4,0,51,44,7,11,12,10,3,2
533312701,1,,533312704,229,106,123,20,9,11,217,100,117,121,54,67,211,98,113,209,98,111,96,46,50,59,27,32,18,10,8,1,0,1,2,1,1,83,83,17,32,17,14,5,0,3,71,55,16,5,62,0,11,17
533312702,0,,,123,58,65,9,2,7,114,56,58,59,31,28,112,55,57,109,52,57,55,25,30,30,13,17,6,3,3,1,0,1,1,1,0,44,44,6,17,8,9,1,3,0,38,30,8,1,33,0,6,12
533312703,0,,,296,146,150,44,21,23,251,124,127,161,86,75,245,120,125,240,117,123,90,38,52,50,19,31,16,5,11,2,1,1,2,0,2,100,100,18,23,27,16,11,4,1,82,57,25,12,59,0,13,14
533312704,2,533312701,,8,3,5,*,*,*,*,*,*,*,*,*,*,*,*,*,*,*,*,*,*,*,*,*,*,*,*,*,*,*,*,*,*,5,5,*,*,*,*,*,*,*,*,*,*,*,*,*,*,*
533312711,0,,,211,106,105,18,10,8,181,90,91,111,61,50,176,88,88,174,87,87,70,29,41,41,19,22,4,0,4,1,0,1,3,3,0,98,98,37,32,13,11,3,2,0,58,52,6,2,44,7,9,13
533312713,0,,,152,68,84,14,3,11,138,65,73,69,33,36,136,65,71,135,65,70,69,32,37,30,11,19,8,2,6,0,0,0,5,5,0,68,68,25,18,13,8,4,0,0,42,34,8,3,48,3,18,12
533312714,0,,,226,109,117,27,12,15,188,91,97,109,51,58,185,89,96,180,87,93,79,40,39,41,24,17,18,10,8,1,1,0,3,3,0,77,77,15,27,9,12,7,4,3,60,41,19,5,49,2,8,17
533312721,0,,,242,115,127,19,7,12,223,108,115,122,63,59,217,107,110,215,106,109,101,45,56,56,21,35,13,3,10,2,0,2,1,0,1,91,91,18,26,23,20,2,1,1,72,53,19,6,70,1,12,14
533312722,0,,,537,264,273,72,38,34,455,220,235,300,153,147,442,213,229,434,207,227,155,67,88,68,27,41,16,4,12,6,1,5,12,4,8,205,205,53,56,42,32,17,3,2,149,119,30,20,97,0,17,27
533312723,0,,,444,221,223,61,33,28,379,187,192,205,106,99,369,182,187,364,182,182,174,81,93,96,42,54,24,8,16,2,0,2,1,0,1,160,160,36,46,33,24,8,10,3,123,91,32,15,112,0,31,27
533312724,0,,,61,30,31,8,1,7,53,29,24,33,17,16,51,28,23,49,26,23,20,12,8,10,6,4,1,1,0,0,0,0,7,1,6,24,23,8,7,3,3,1,0,1,15,12,3,2,11,5,2,4
533312731,0,,,1102,536,566,192,102,90,908,434,474,721,349,372,876,419,457,862,412,450,187,85,102,58,18,40,16,2,14,1,0,1,4,1,3,384,384,43,127,102,74,30,5,3,339,297,42,66,130,2,18,41
533312732,0,,,114,58,56,31,17,14,83,41,42,77,39,38,76,37,39,74,35,39,6,2,4,4,1,3,1,0,1,0,0,0,0,0,0,37,37,5,9,8,10,3,2,0,31,29,2,7,5,0,1,1
533312801,0,,,109,59,50,16,8,8,93,51,42,63,37,26,91,50,41,87,48,39,30,14,16,9,3,6,2,0,2,0,0,0,0,0,0,41,40,12,10,9,3,3,1,2,28,22,6,5,19,1,3,4
533312802,0,,,78,37,41,7,5,2,71,32,39,33,13,20,70,31,39,69,31,38,38,19,19,14,6,8,2,1,1,0,0,0,0,0,0,28,28,3,9,8,7,1,0,0,25,22,3,2,22,0,3,7
533312803,0,,,75,32,43,5,2,3,69,30,39,51,20,31,65,29,36,64,29,35,18,10,8,6,3,3,3,1,2,1,0,1,0,0,0,29,28,4,10,8,5,0,1,0,24,21,3,2,11,0,2,5
533312804,0,,,271,131,140,23,13,10,243,116,127,142,69,73,237,113,124,235,111,124,101,47,54,57,26,31,20,8,12,0,0,0,2,1,1,112,112,28,43,23,8,5,4,1,82,70,12,6,65,1,13,20
533312811,0,,,280,129,151,22,13,9,257,116,141,140,66,74,251,115,136,245,112,133,117,50,67,59,24,35,10,3,7,0,0,0,0,0,0,113,113,33,36,19,12,9,3,1,80,62,18,6,82,0,27,15
533312812,0,,,659,318,341,53,23,30,597,291,306,326,167,159,586,285,301,575,280,295,271,124,147,139,55,84,49,20,29,5,0,5,12,10,2,254,254,66,78,50,28,20,11,1,184,125,59,13,173,4,34,36
533312813,0,,,379,177,202,40,14,26,336,161,175,206,101,105,321,157,164,313,154,159,130,60,70,76,37,39,13,6,7,2,1,1,3,2,1,139,139,27,48,28,22,7,3,4,111,86,25,13,83,0,19,25
533312814,0,,,188,86,102,10,8,2,178,78,100,99,51,48,173,76,97,167,74,93,79,27,52,52,15,37,23,4,19,2,0,2,2,1,1,64,63,14,22,10,10,3,2,2,48,37,11,2,40,3,6,11
533312821,0,,,127,61,66,9,4,5,117,56,61,61,30,31,114,54,60,112,52,60,56,26,30,29,14,15,11,2,9,2,0,2,0,0,0,50,49,12,17,12,6,0,2,0,37,33,4,3,31,1,7,7
533312901,0,,,153,79,74,13,9,4,131,64,67,61,34,27,128,64,64,125,62,63,70,30,40,37,13,24,14,5,9,0,0,0,0,0,0,61,61,16,21,11,8,2,2,1,43,32,11,3,44,0,11,13
533312902,0,,,583,272,311,74,40,34,508,231,277,303,147,156,492,221,271,487,219,268,205,84,121,103,43,60,41,14,27,6,3,3,3,0,3,213,213,44,64,50,30,18,1,6,167,119,48,17,136,1,29,26
533312904,0,,,118,57,61,19,6,13,98,50,48,66,35,31,96,50,46,94,48,46,32,15,17,15,7,8,5,1,4,0,0,0,2,2,0,42,42,9,9,11,9,2,2,0,32,28,4,6,21,0,5,4
533312911,0,,,350,164,186,37,17,20,312,147,165,199,104,95,307,144,163,302,141,161,113,43,70,52,17,35,20,5,15,2,2,0,12,6,6,138,138,38,42,24,19,12,2,1,99,79,20,12,84,6,24,15
533312913,0,,,87,49,38,14,7,7,73,42,31,56,33,23,72,41,31,69,39,30,17,9,8,7,3,4,3,2,1,0,0,0,0,0,0,30,30,4,11,4,8,1,2,0,26,25,1,4,12,0,3,5
533313001,0,,,27,13,14,0,0,0,27,13,14,13,6,7,27,13,14,26,13,13,14,7,7,5,2,3,4,2,2,2,1,1,0,0,0,9,9,0,2,5,2,0,0,0,9,5,4,0,7,0,0,1
533313002,0,,,246,113,133,18,14,4,228,99,129,122,53,69,220,95,125,218,93,125,106,46,60,54,20,34,19,2,17,1,0,1,0,0,0,79,79,9,21,18,20,6,4,1,70,36,34,5,66,0,7,13
533313003,0,,,96,48,48,12,8,4,84,40,44,42,20,22,83,40,43,82,39,43,42,20,22,23,10,13,5,1,4,0,0,0,2,1,1,37,37,5,13,13,4,2,0,0,32,26,6,6,25,0,4,8
533313004,0,,,120,62,58,21,14,7,99,48,51,66,33,33,97,47,50,94,44,50,33,15,18,10,3,7,5,1,4,1,1,0,0,0,0,39,39,6,9,9,8,5,2,0,33,25,8,4,20,0,3,5
533313012,0,,,57,31,26,13,8,5,44,23,21,31,17,14,44,23,21,42,23,19,13,6,7,8,5,3,2,0,2,0,0,0,0,0,0,20,20,3,4,7,5,1,0,0,17,15,2,3,7,1,1,2
533313013,1,,533313014,101,50,51,9,6,3,98,47,51,63,32,31,91,44,47,89,43,46,35,15,20,17,6,11,6,3,3,0,0,0,2,1,1,33,33,4,10,9,6,4,2,0,30,24,6,2,22,1,3,7
533313014,2,533313013,,6,3,3,*,*,*,*,*,*,*,*,*,*,*,*,*,*,*,*,*,*,*,*,*,*,*,*,*,*,*,*,*,*,2,2,*,*,*,*,*,*,*,*,*,*,*,*,*,*,*
533313021,0,,,265,127,138,12,2,10,253,125,128,124,72,52,248,122,126,247,122,125,129,53,76,68,24,44,20,5,15,3,0,3,0,0,0,97,97,16,37,17,13,12,2,0,81,55,26,3,79,0,12,22
533313022,0,,,546,260,286,88,38,50,449,217,232,334,166,168,434,209,225,426,207,219,115,51,64,51,22,29,14,4,10,0,0,0,1,0,1,210,210,69,42,40,34,15,8,2,140,109,31,27,79,13,20,12
533313023,0,,,258,127,131,26,14,12,229,110,119,131,69,62,227,108,119,224,106,118,98,41,57,47,15,32,9,2,7,1,0,1,0,0,0,92,92,19,27,20,12,9,3,2,72,47,25,6,69,0,15,12
533313024,0,,,162,62,100,10,5,5,152,57,95,71,32,39,148,57,91,148,57,91,81,25,56,49,8,41,31,4,27,8,0,8,0,0,0,45,44,7,11,15,4,3,2,2,36,22,14,1,33,0,4,5
533313031,0,,,104,49,55,8,3,5,96,46,50,51,27,24,94,45,49,92,43,49,45,19,26,21,9,12,8,3,5,0,0,0,0,0,0,40,40,11,10,9,6,2,2,0,29,21,8,1,26,0,6,8
533313032,0,,,51,28,23,3,2,1,48,26,22,16,10,6,48,26,22,47,25,22,32,16,16,13,5,8,6,2,4,0,0,0,0,0,0,22,22,6,9,3,3,0,1,0,16,11,5,0,17,0,4,5
533313033,0,,,75,33,42,12,4,8,63,29,34,40,17,23,60,27,33,60,27,33,23,12,11,7,1,6,3,0,3,0,0,0,1,1,0,27,27,7,5,8,4,2,0,1,20,17,3,2,17,0,6,1
533313034,0,,,59,25,34,9,3,6,50,22,28,33,15,18,50,22,28,50,22,28,17,7,10,8,3,5,2,1,1,0,0,0,0,0,0,20,20,4,5,4,3,3,1,0,16,10,6,3,12,0,2,0
533313042,1,,533313043,66,32,34,19,15,4,70,32,38,31,14,17,65,30,35,63,29,34,39,18,21,19,7,12,6,2,4,0,0,0,0,0,0,33,33,11,16,4,3,1,0,0,24,22,2,1,25,0,8,12
533313043,2,533313042,,24,16,8,*,*,*,*,*,*,*,*,*,*,*,*,*,*,*,*,*,*,*,*,*,*,*,*,*,*,*,*,*,*,4,2,*,*,*,*,*,*,*,*,*,*,*,*,*,*,*
533313051,0,,,116,56,60,10,4,6,106,52,54,68,34,34,103,51,52,103,51,52,38,18,20,18,9,9,4,2,2,0,0,0,2,0,2,42,42,11,9,11,5,3,2,1,30,19,11,2,26,0,6,6
533313053,0,,,9,5,4,0,0,0,9,5,4,6,3,3,9,5,4,9,5,4,3,2,1,1,1,0,0,0,0,0,0,0,0,0,0,4,4,2,1,0,0,1,0,0,2,2,0,0,2,0,0,1
533313063,0,,,31,14,17,2,2,0,29,12,17,15,7,8,29,12,17,28,12,16,14,5,9,8,2,6,3,0,3,0,0,0,0,0,0,10,10,1,3,3,1,1,1,0,9,4,5,2,8,0,0,2
533313064,0,,,43,23,20,3,2,1,40,21,19,20,11,9,40,21,19,40,21,19,20,10,10,11,5,6,5,2,3,0,0,0,0,0,0,12,12,1,1,4,3,2,1,0,11,4,7,1,10,0,0,0
533313072,0,,,53,26,27,8,5,3,45,21,24,22,9,13,44,20,24,44,20,24,23,12,11,14,7,7,1,1,0,0,0,0,0,0,0,16,16,2,5,1,3,4,1,0,14,8,6,3,13,0,2,5
533313081,0,,,22,12,10,0,0,0,22,12,10,15,7,8,22,12,10,22,12,10,7,5,2,2,2,0,1,1,0,0,0,0,0,0,0,13,13,5,7,1,0,0,0,0,8,7,1,0,6,0,3,3
533313092,1,,533313094,17,8,9,0,0,0,22,10,12,12,6,6,21,10,11,21,10,11,10,4,6,4,1,3,0,0,0,0,0,0,1,1,0,8,8,1,6,3,0,0,0,0,9,9,0,0,7,0,1,3
533313094,2,533313092,,5,2,3,*,*,*,*,*,*,*,*,*,*,*,*,*,*,*,*,*,*,*,*,*,*,*,*,*,*,*,*,*,*,2,2,*,*,*,*,*,*,*,*,*,*,*,*,*,*,*
533313101,0,,,547,255,292,85,44,41,459,210,249,346,164,182,429,197,232,424,195,229,113,46,67,53,17,36,25,11,14,1,0,1,4,0,4,200,200,44,59,40,35,15,1,6,152,122,30,21,81,6,16,21
533313102,0,,,810,394,416,164,85,79,635,304,331,475,236,239,599,284,315,578,271,307,160,68,92,86,31,55,29,9,20,2,1,1,8,0,8,283,282,60,70,64,49,20,15,4,221,188,33,46,105,7,22,28
533313103,0,,,185,95,90,24,12,12,147,76,71,101,53,48,143,74,69,139,71,68,46,23,23,18,8,10,5,1,4,0,0,0,1,1,0,90,90,43,17,16,10,4,0,0,46,39,7,9,28,8,8,9
533313104,0,,,347,179,168,46,24,22,301,155,146,207,113,94,287,147,140,275,138,137,94,42,52,39,19,20,8,3,5,0,0,0,9,4,5,128,128,28,44,21,16,11,7,1,99,84,15,9,59,5,12,20
533313111,1,,533313112;533313114,342,152,190,59,21,38,298,139,159,190,95,95,283,129,154,278,128,150,108,44,64,58,23,35,17,5,12,0,0,0,0,0,0,114,114,16,37,25,23,11,4,3,102,73,29,14,68,0,8,14
533313112,2,533313111,,9,5,4,*,*,*,*,*,*,*,*,*,*,*,*,*,*,*,*,*,*,*,*,*,*,*,*,*,*,*,*,*,*,3,3,*,*,*,*,*,*,*,*,*,*,*,*,*,*,*
533313113,0,,,148,75,73,21,11,10,127,64,63,79,43,36,124,62,62,123,62,61,48,21,27,26,10,16,5,2,3,0,0,0,0,0,0,46,46,4,19,5,7,7,2,2,41,29,12,9,30,0,2,10
533313114,2,533313111,,6,3,3,*,*,*,*,*,*,*,*,*,*,*,*,*,*,*,*,*,*,*,*,*,*,*,*,*,*,*,*,*,*,2,2,*,*,*,*,*,*,*,*,*,*,*,*,*,*,*
533313121,0,,,36,17,19,4,2,2,32,15,17,17,9,8,32,15,17,31,14,17,15,6,9,8,4,4,1,1,0,0,0,0,0,0,0,13,13,3,4,3,0,2,1,0,10,7,3,0,10,0,2,2
533313122,0,,,23,8,15,2,0,2,21,8,13,14,5,9,20,7,13,20,7,13,7,3,4,4,1,3,2,0,2,0,0,0,0,0,0,8,8,0,4,3,0,0,1,0,8,6,2,0,6,0,0,1
533313123,0,,,161,76,85,12,9,3,149,67,82,91,43,48,147,66,81,146,65,81,58,24,34,28,9,19,11,2,9,1,0,1,0,0,0,51,51,3,17,13,13,2,0,3,48,32,16,3,35,0,3,9
533313124,0,,,104,53,51,22,13,9,81,39,42,58,31,27,78,37,41,77,37,40,23,8,15,6,2,4,1,0,1,0,0,0,0,0,0,34,34,5,9,8,8,1,1,2,29,23,6,6,17,0,3,3
533313131,1,,533313132,32,17,15,1,0,1,32,17,15,13,9,4,31,16,15,30,15,15,19,8,11,9,4,5,4,2,2,0,0,0,0,0,0,18,18,12,7,2,0,1,0,0,8,7,1,0,14,0,6,3
533313132,2,533313131,,5,2,3,*,*,*,*,*,*,*,*,*,*,*,*,*,*,*,*,*,*,*,*,*,*,*,*,*,*,*,*,*,*,4,4,*,*,*,*,*,*,*,*,*,*,*,*,*,*,*
533313133,0,,,30,15,15,1,0,1,29,15,14,19,11,8,26,13,13,26,13,13,10,4,6,8,3,5,3,1,2,0,0,0,0,0,0,11,11,1,5,2,2,1,0,0,10,8,2,0,6,0,0,2
533313141,2,533313142,,9,4,5,*,*,*,*,*,*,*,*,*,*,*,*,*,*,*,*,*,*,*,*,*,*,*,*,*,*,*,*,*,*,3,3,*,*,*,*,*,*,*,*,*,*,*,*,*,*,*
533313142,1,,533313141,37,19,18,1,0,1,45,23,22,25,13,12,41,21,20,41,21,20,20,10,10,8,4,4,3,2,1,0,0,0,0,0,0,12,12,3,4,2,3,1,2,0,12,7,5,0,12,0,2,3
533313143,0,,,57,26,31,6,3,3,51,23,28,29,14,15,49,21,28,49,21,28,22,9,13,11,4,7,5,1,4,2,0,2,0,0,0,18,18,3,2,7,1,5,0,0,15,9,6,2,12,0,3,1
533313172,2,533313174,,6,2,4,*,*,*,*,*,*,*,*,*,*,*,*,*,*,*,*,*,*,*,*,*,*,*,*,*,*,*,*,*,*,2,2,*,*,*,*,*,*,*,*,*,*,*,*,*,*,*
533313174,1,,533313172,11,7,4,3,1,2,14,8,6,8,5,3,12,6,6,12,6,6,6,3,3,2,1,1,0,0,0,0,0,0,0,0,0,2,2,1,0,1,0,1,0,1,3,1,2,0,3,0,1,0
533313181,2,533313183,,6,2,4,*,*,*,*,*,*,*,*,*,*,*,*,*,*,*,*,*,*,*,*,*,*,*,*,*,*,*,*,*,*,2,2,*,*,*,*,*,*,*,*,*,*,*,*,*,*,*
533313183,1,,533313181,10,5,5,0,0,0,16,7,9,8,4,4,16,7,9,15,6,9,8,3,5,3,1,2,1,0,1,0,0,0,0,0,0,5,5,2,3,1,0,1,0,0,5,4,1,0,5,0,1,3
533313201,0,,,615,286,329,104,46,58,499,235,264,380,179,201,473,221,252,464,215,249,119,56,63,49,22,27,16,6,10,2,1,1,11,4,7,232,232,61,61,48,36,15,9,2,166,133,33,34,85,12,20,16
533313202,0,,,141,60,81,27,14,13,114,46,68,73,30,43,110,45,65,107,44,63,41,16,25,15,7,8,4,2,2,0,0,0,2,1,1,49,49,10,12,10,10,6,0,1,39,31,8,9,28,2,7,4
533313203,0,,,464,210,254,56,25,31,397,183,214,268,134,134,385,176,209,378,174,204,129,49,80,77,29,48,24,7,17,1,0,1,8,3,5,197,197,68,52,41,19,10,6,1,127,92,35,14,86,14,15,21
533313204,0,,,341,148,193,20,11,9,320,136,184,165,76,89,312,132,180,305,130,175,155,60,95,104,34,70,56,15,41,4,0,4,0,0,0,112,111,24,29,27,14,7,7,3,87,50,37,6,85,0,17,17
533313211,0,,,111,60,51,7,6,1,104,54,50,59,32,27,102,53,49,99,51,48,45,22,23,23,11,12,5,1,4,0,0,0,0,0,0,39,39,8,9,9,9,3,0,1,31,23,8,0,30,0,6,5
533313212,0,,,325,150,175,44,23,21,279,127,152,183,82,101,264,125,139,258,122,136,96,45,51,42,20,22,9,4,5,0,0,0,0,0,0,117,117,20,40,22,20,12,2,1,97,82,15,15,67,0,14,18
533313213,0,,,224,105,119,37,21,16,180,81,99,97,48,49,178,80,98,175,78,97,83,33,50,46,14,32,18,5,13,2,0,2,1,0,1,67,67,5,14,19,18,6,3,2,60,32,28,7,52,0,4,7
533313214,0,,,307,149,158,38,19,19,262,128,134,150,80,70,244,119,125,238,116,122,112,48,64,51,17,34,24,5,19,2,0,2,0,0,0,96,96,16,17,24,20,11,6,2,79,48,31,4,65,0,11,10
533313221,0,,,44,23,21,2,1,1,42,22,20,29,15,14,41,22,19,39,21,18,13,7,6,7,3,4,3,2,1,0,0,0,0,0,0,18,18,6,3,5,3,1,0,0,12,9,3,1,10,0,3,3
533313222,0,,,222,103,119,23,8,15,198,94,104,115,56,59,195,91,104,194,90,104,83,38,45,40,15,25,10,4,6,1,0,1,0,0,0,80,80,13,27,18,13,7,0,2,67,49,18,5,53,1,9,15
533313223,0,,,47,21,26,11,4,7,36,17,19,30,15,15,34,16,18,33,15,18,6,2,4,5,1,4,1,0,1,0,0,0,0,0,0,17,17,4,4,2,6,1,0,0,13,11,2,3,5,0,2,1
533313224,0,,,113,52,61,12,8,4,101,44,57,59,22,37,101,44,57,99,43,56,42,22,20,21,11,10,4,1,3,0,0,0,0,0,0,39,39,7,13,7,6,3,1,2,32,23,9,3,30,0,6,8
533313231,0,,,27,13,14,4,2,2,23,11,12,15,8,7,22,10,12,22,10,12,8,3,5,1,0,1,1,0,1,0,0,0,0,0,0,12,12,2,6,3,1,0,0,0,10,10,0,1,5,0,2,2
533313234,0,,,106,51,55,10,3,7,96,48,48,53,28,25,92,46,46,92,46,46,43,20,23,23,10,13,6,4,2,1,0,1,0,0,0,31,31,5,6,8,6,2,1,3,26,13,13,2,25,0,4,4
533313241,0,,,26,11,15,3,2,1,23,9,14,14,5,9,22,9,13,22,9,13,9,4,5,2,1,1,2,1,1,0,0,0,0,0,0,9,9,1,3,3,1,0,1,0,8,7,1,0,5,0,1,2
533313242,2,533313244,,12,5,7,*,*,*,*,*,*,*,*,*,*,*,*,*,*,*,*,*,*,*,*,*,*,*,*,*,*,*,*,*,*,3,3,*,*,*,*,*,*,*,*,*,*,*,*,*,*,*
533313243,0,,,77,37,40,7,4,3,70,33,37,39,21,18,68,32,36,67,31,36,31,12,19,14,3,11,7,1,6,2,0,2,0,0,0,21,21,2,4,5,4,2,2,2,19,9,10,1,18,0,2,2
533313244,1,,533313242,140,69,71,19,10,9,133,64,69,76,40,36,128,61,67,126,59,67,57,24,33,25,11,14,9,1,8,2,0,2,0,0,0,41,41,3,10,14,7,3,5,2,41,23,18,3,30,0,2,5
533313253,0,,,89,43,46,12,5,7,77,38,39,47,25,22,74,36,38,73,36,37,30,13,17,17,7,10,7,2,5,0,0,0,0,0,0,28,28,4,6,8,7,0,2,1,23,13,10,4,22,0,4,2
533313254,0,,,90,46,44,12,6,6,78,40,38,38,21,17,76,39,37,75,38,37,40,19,21,15,8,7,8,3,5,3,0,3,0,0,0,30,30,3,9,12,1,2,2,1,27,20,7,4,21,0,2,5
533313294,2,533313392,,8,4,4,*,*,*,*,*,*,*,*,*,*,*,*,*,*,*,*,*,*,*,*,*,*,*,*,*,*,*,*,*,*,2,2,*,*,*,*,*,*,*,*,*,*,*,*,*,*,*
533313301,0,,,352,149,203,44,15,29,308,134,174,187,87,100,296,133,163,293,131,162,121,47,74,49,15,34,24,6,18,0,0,0,0,0,0,104,104,10,26,22,25,9,6,6,94,56,38,12,77,0,8,10
533313302,0,,,141,67,74,13,4,9,128,63,65,67,35,32,124,61,63,121,59,62,61,28,33,25,7,18,13,2,11,2,0,2,0,0,0,39,39,5,9,5,7,6,4,3,34,18,16,1,33,0,5,6
533313303,0,,,23,11,12,7,5,2,16,6,10,8,3,5,16,6,10,16,6,10,8,3,5,4,1,3,0,0,0,0,0,0,0,0,0,9,9,4,2,0,2,0,0,1,5,4,1,0,7,0,4,1
533313304,0,,,200,99,101,31,21,10,167,76,91,108,55,53,160,71,89,156,69,87,59,21,38,29,11,18,11,4,7,2,0,2,2,0,2,79,79,27,20,12,10,6,2,2,52,43,9,11,35,5,7,7
533313311,0,,,118,54,64,27,12,15,88,41,47,62,29,33,84,40,44,83,40,43,26,12,14,20,7,13,8,1,7,3,0,3,1,1,0,38,37,11,9,3,8,3,3,0,26,24,2,6,9,4,1,3
533313312,0,,,123,61,62,28,17,11,94,44,50,72,36,36,88,41,47,84,40,44,22,8,14,14,5,9,5,1,4,1,0,1,0,0,0,44,44,9,11,9,11,3,1,0,34,32,2,6,16,0,5,3
533313313,0,,,368,185,183,71,37,34,283,140,143,243,124,119,275,137,138,269,135,134,40,16,24,19,6,13,4,0,4,0,0,0,2,1,1,158,158,64,30,28,25,8,2,1,93,81,12,26,26,9,7,7
533313314,0,,,1309,646,663,182,93,89,1079,528,551,815,417,398,1046,509,537,1020,492,528,264,111,153,139,49,90,39,5,34,5,1,4,16,6,10,611,610,241,183,104,53,25,4,0,355,333,22,75,164,53,43,52
533313321,0,,,311,139,172,33,17,16,275,121,154,161,75,86,271,120,151,268,118,150,114,46,68,54,22,32,10,2,8,3,0,3,10,0,10,127,127,42,34,26,14,4,3,4,83,59,24,9,78,8,17,20
533313322,0,,,42,24,18,3,3,0,39,21,18,16,8,8,39,21,18,39,21,18,23,13,10,11,5,6,2,1,1,0,0,0,0,0,0,17,17,3,8,4,1,0,0,1,14,13,1,1,15,0,3,6
533313323,0,,,163,74,89,31,15,16,121,53,68,98,48,50,120,52,68,120,52,68,23,5,18,19,3,16,13,1,12,3,0,3,0,0,0,68,67,23,22,12,9,0,1,0,37,37,0,10,3,4,1,1
533313324,0,,,196,88,108,23,9,14,173,79,94,125,60,65,164,76,88,157,73,84,48,19,29,18,7,11,5,1,4,0,0,0,2,1,1,68,68,12,24,13,9,4,2,4,56,48,8,1,31,0,4,9
533313334,0,,,49,25,24,15,9,6,34,16,18,24,13,11,33,15,18,33,15,18,10,3,7,2,1,1,0,0,0,0,0,0,1,0,1,13,13,1,0,5,4,2,0,1,12,8,4,4,7,0,1,0
533313341,1,,533313343,82,41,41,6,4,2,82,38,44,60,29,31,78,37,41,77,36,41,22,9,13,14,5,9,2,0,2,0,0,0,0,0,0,29,29,7,9,8,4,2,1,1,24,16,8,2,15,2,1,2
533313343,2,533313341,,6,1,5,*,*,*,*,*,*,*,*,*,*,*,*,*,*,*,*,*,*,*,*,*,*,*,*,*,*,*,*,*,*,3,3,*,*,*,*,*,*,*,*,*,*,*,*,*,*,*
533313351,0,,,14,6,8,0,0,0,14,6,8,9,5,4,13,5,8,13,5,8,5,1,4,3,1,2,1,0,1,0,0,0,0,0,0,5,5,1,0,3,1,0,0,0,4,2,2,0,4,0,1,0
533313352,0,,,68,37,31,11,8,3,57,29,28,26,14,12,55,27,28,55,27,28,31,15,16,10,4,6,5,2,3,1,1,0,0,0,0,19,19,2,4,6,1,1,4,1,17,8,9,1,18,0,2,3
533313392,1,,533313294,126,66,60,20,14,6,114,56,58,67,38,29,113,55,58,113,55,58,47,18,29,21,6,15,7,1,6,1,0,1,0,0,0,37,37,1,10,13,8,3,3,1,37,20,17,5,29,0,1,5
533313394,0,,,63,27,36,7,2,5,56,25,31,24,12,12,56,25,31,56,25,31,32,13,19,17,5,12,10,2,8,2,0,2,1,1,0,19,18,5,6,3,2,1,0,1,13,10,3,0,13,0,4,2
533313401,0,,,188,88,100,31,15,16,157,73,84,94,47,47,152,71,81,148,69,79,63,26,37,29,11,18,9,2,7,0,0,0,0,0,0,56,56,6,15,11,11,7,2,4,49,31,18,11,38,0,5,10
533313402,0,,,550,257,293,96,44,52,453,213,240,345,177,168,426,199,227,418,194,224,108,36,72,70,20,50,39,7,32,7,1,6,2,0,2,182,180,38,45,42,32,19,1,3,140,124,16,35,44,5,9,11
533313411,0,,,197,121,76,18,14,4,179,107,72,118,68,50,175,106,69,171,103,68,61,39,22,12,8,4,1,0,1,0,0,0,0,0,0,46,45,7,17,10,7,3,1,0,35,30,5,7,12,4,0,2
533313412,0,,,961,442,519,158,84,74,768,341,427,515,255,260,747,335,412,738,330,408,253,86,167,189,59,130,119,29,90,22,0,22,15,4,11,346,342,123,89,68,37,18,6,1,209,194,15,55,58,35,13,16
533313421,0,,,53,26,27,4,1,3,48,24,24,28,14,14,48,24,24,47,24,23,20,10,10,13,6,7,2,0,2,0,0,0,0,0,0,25,25,9,9,4,1,2,0,0,16,14,2,1,14,0,4,5
533313422,1,,533313424,273,138,135,74,44,30,197,94,103,160,78,82,193,91,102,188,89,99,37,16,21,19,8,11,4,2,2,0,0,0,2,2,0,105,105,31,24,20,19,9,2,1,75,66,9,26,26,6,6,5
533313424,2,533313422,,6,4,2,*,*,*,*,*,*,*,*,*,*,*,*,*,*,*,*,*,*,*,*,*,*,*,*,*,*,*,*,*,*,1,1,*,*,*,*,*,*,*,*,*,*,*,*,*,*,*
533313431,1,,533313433,320,163,157,60,31,29,268,135,133,173,94,79,256,125,131,253,123,130,95,41,54,41,12,29,14,2,12,0,0,0,3,2,1,114,114,31,29,21,18,10,3,5,86,68,18,18,64,4,17,14
533313432,0,,,405,202,203,31,18,13,374,184,190,214,112,102,362,177,185,357,174,183,160,72,88,78,31,47,29,6,23,3,0,3,0,0,0,136,136,20,46,24,27,7,6,6,116,78,38,6,99,1,12,27
533313433,2,533313431,,10,4,6,*,*,*,*,*,*,*,*,*,*,*,*,*,*,*,*,*,*,*,*,*,*,*,*,*,*,*,*,*,*,3,3,*,*,*,*,*,*,*,*,*,*,*,*,*,*,*
533313434,0,,,270,125,145,14,10,4,253,113,140,136,67,69,249,112,137,244,111,133,117,46,71,69,24,45,23,9,14,1,0,1,0,0,0,114,114,36,35,22,12,6,1,2,77,58,19,4,83,2,24,16
533313443,1,,533313444,566,262,304,60,36,24,673,269,404,248,115,133,663,264,399,655,261,394,425,154,271,296,97,199,173,49,124,38,5,33,10,0,10,213,212,55,69,37,22,18,6,7,158,108,50,15,168,3,38,36
533313444,2,533313443,,167,43,124,*,*,*,*,*,*,*,*,*,*,*,*,*,*,*,*,*,*,*,*,*,*,*,*,*,*,*,*,*,*,7,2,*,*,*,*,*,*,*,*,*,*,*,*,*,*,*
533313451,0,,,21,10,11,0,0,0,20,9,11,8,3,5,20,9,11,20,9,11,12,6,6,5,2,3,2,1,1,0,0,0,1,0,1,9,9,1,4,4,0,0,0,0,8,7,1,0,7,0,0,2
533313452,0,,,57,28,29,3,1,2,54,27,27,31,17,14,51,24,27,49,23,26,23,10,13,13,5,8,2,1,1,0,0,0,1,1,0,15,15,1,5,1,2,2,3,1,14,7,7,1,13,0,1,4
533313453,0,,,51,27,24,5,2,3,46,25,21,28,16,12,45,25,20,45,25,20,18,9,9,9,3,6,1,0,1,0,0,0,0,0,0,17,17,3,4,5,3,0,1,1,13,10,3,1,12,0,2,1
533313454,1,,533313551,39,19,20,4,1,3,42,21,21,20,9,11,42,21,21,42,21,21,22,12,10,11,5,6,5,2,3,0,0,0,0,0,0,13,13,2,5,5,3,0,0,1,14,10,4,1,12,0,1,2
533313473,0,,,66,36,30,4,3,1,62,33,29,34,21,13,57,28,29,56,27,29,28,12,16,14,7,7,1,0,1,0,0,0,1,1,0,22,22,5,7,1,4,2,3,0,17,11,6,2,19,0,5,5
533313492,0,,,33,17,16,5,3,2,28,14,14,17,9,8,24,10,14,24,10,14,11,5,6,4,1,3,1,0,1,0,0,0,0,0,0,10,10,3,0,2,3,0,2,0,7,5,2,0,8,0,3,0
533313493,0,,,193,103,90,16,10,6,177,93,84,93,54,39,166,85,81,164,83,81,84,39,45,41,19,22,16,5,11,2,1,1,2,1,1,61,61,12,15,12,5,9,7,1,49,30,19,4,51,0,8,11
533313494,0,,,91,44,47,9,6,3,82,38,44,37,15,22,79,36,43,79,36,43,45,23,22,21,9,12,13,6,7,1,0,1,0,0,0,31,31,8,5,8,5,1,4,0,23,12,11,3,27,0,8,5
533313541,0,,,937,436,501,97,49,48,836,385,451,447,219,228,818,376,442,806,373,433,389,166,223,214,79,135,84,26,58,9,1,8,3,0,3,322,322,62,86,74,51,24,19,6,259,166,93,28,248,0,46,49
533313542,0,,,79,36,43,8,3,5,71,33,38,39,20,19,70,32,38,69,31,38,32,13,19,13,4,9,3,1,2,1,0,1,1,0,1,34,34,15,7,5,2,3,2,0,19,15,4,5,23,0,9,4
533313543,0,,,411,189,222,53,22,31,356,166,190,205,105,100,342,158,184,337,154,183,151,61,90,93,35,58,41,11,30,8,1,7,3,1,2,146,145,33,47,24,21,11,7,2,111,80,31,14,90,0,20,22
533313544,0,,,104,52,52,12,11,1,92,41,51,55,27,28,87,38,49,86,37,49,37,14,23,28,12,16,12,5,7,2,1,1,0,0,0,33,33,5,8,8,6,2,3,1,28,18,10,2,25,1,4,3
533313551,2,533313454,,7,3,4,*,*,*,*,*,*,*,*,*,*,*,*,*,*,*,*,*,*,*,*,*,*,*,*,*,*,*,*,*,*,3,3,*,*,*,*,*,*,*,*,*,*,*,*,*,*,*
533313571,0,,,50,22,28,4,2,2,46,20,26,20,10,10,45,19,26,45,19,26,26,10,16,11,3,8,7,2,5,1,0,1,0,0,0,18,18,3,7,3,2,2,1,0,15,10,5,2,14,0,2,5
533313572,0,,,19,10,9,2,1,1,17,9,8,8,4,4,16,8,8,15,7,8,9,5,4,4,1,3,1,0,1,0,0,0,0,0,0,7,7,3,2,0,1,0,0,1,4,2,2,0,6,0,2,1
533313583,1,,533313584,65,32,33,5,2,3,63,32,31,31,15,16,62,31,31,60,30,30,32,17,15,12,3,9,6,2,4,1,0,1,0,0,0,21,21,4,5,6,3,1,2,1,18,11,7,2,20,0,4,4
533313584,2,533313583,,3,2,1,*,*,*,*,*,*,*,*,*,*,*,*,*,*,*,*,*,*,*,*,*,*,*,*,*,*,*,*,*,*,1,1,*,*,*,*,*,*,*,*,*,*,*,*,*,*,*
533313591,1,,533313592;533313594,24,13,11,11,7,4,19,9,10,10,5,5,19,9,10,19,9,10,9,4,5,3,1,2,3,1,2,1,0,1,0,0,0,8,8,4,1,2,0,1,1,1,6,4,2,4,6,0,4,1
533313592,2,533313591,,3,1,2,*,*,*,*,*,*,*,*,*,*,*,*,*,*,*,*,*,*,*,*,*,*,*,*,*,*,*,*,*,*,1,1,*,*,*,*,*,*,*,*,*,*,*,*,*,*,*
533313594,2,533313591,,3,2,1,*,*,*,*,*,*,*,*,*,*,*,*,*,*,*,*,*,*,*,*,*,*,*,*,*,*,*,*,*,*,1,1,*,*,*,*,*,*,*,*,*,*,*,*,*,*,*
533313641,0,,,70,32,38,10,4,6,60,28,32,46,20,26,56,27,29,54,27,27,14,8,6,5,2,3,4,2,2,0,0,0,0,0,0,25,25,5,6,4,9,1,0,0,20,16,4,3,10,0,0,3
533313642,0,,,91,48,43,10,6,4,81,42,39,54,31,23,80,41,39,78,39,39,27,11,16,17,7,10,7,3,4,0,0,0,0,0,0,28,28,3,8,9,3,1,1,3,25,17,8,2,16,0,1,3
533313644,0,,,41,21,20,4,3,1,37,18,19,23,11,12,35,17,18,33,16,17,14,7,7,8,3,5,4,2,2,0,0,0,0,0,0,13,13,2,2,4,3,1,1,0,11,7,4,0,9,0,2,1
533313651,0,,,228,104,124,32,19,13,196,85,111,84,44,40,189,81,108,188,81,107,112,41,71,65,18,47,36,11,25,9,1,8,1,0,1,63,61,10,18,9,10,8,2,4,51,32,19,10,48,0,7,13
533313652,0,,,49,23,26,4,2,2,45,21,24,24,12,12,43,20,23,42,19,23,21,9,12,9,4,5,4,2,2,0,0,0,0,0,0,13,13,1,3,2,1,4,2,0,12,5,7,1,13,0,1,2
533313653,0,,,144,63,81,34,16,18,110,47,63,100,45,55,97,42,55,89,40,49,10,2,8,7,2,5,3,1,2,0,0,0,0,0,0,42,42,4,8,9,14,5,1,1,37,33,4,7,8,0,2,0
533313654,0,,,155,75,80,16,8,8,139,67,72,84,45,39,136,65,71,134,64,70,55,22,33,37,14,23,16,6,10,4,1,3,0,0,0,50,50,12,9,9,9,8,1,2,38,18,20,6,33,0,5,5
533313662,1,,533313664,97,45,52,15,9,6,90,40,50,57,26,31,83,38,45,78,36,42,33,14,19,16,8,8,5,1,4,1,0,1,0,0,0,29,29,4,7,7,5,5,1,2,27,19,8,1,20,0,4,4
533313664,2,533313662,,8,4,4,*,*,*,*,*,*,*,*,*,*,*,*,*,*,*,*,*,*,*,*,*,*,*,*,*,*,*,*,*,*,2,2,*,*,*,*,*,*,*,*,*,*,*,*,*,*,*
533313671,0,,,25,11,14,1,0,1,24,11,13,15,7,8,24,11,13,24,11,13,9,4,5,2,1,1,1,0,1,0,0,0,0,0,0,9,9,0,5,2,1,1,0,0,9,8,1,0,6,0,0,2
533313672,0,,,78,40,38,6,3,3,72,37,35,31,19,12,67,34,33,66,33,33,41,18,23,21,9,12,6,2,4,1,0,1,0,0,0,29,29,7,7,10,1,1,3,0,22,15,7,0,24,0,5,6
533313673,0,,,66,28,38,9,4,5,57,24,33,29,11,18,56,24,32,56,24,32,28,13,15,12,4,8,4,1,3,0,0,0,0,0,0,22,22,4,7,3,3,3,2,0,18,11,7,4,19,0,4,4
533313674,0,,,589,292,297,60,28,32,529,264,265,333,186,147,516,254,262,512,251,261,196,78,118,97,32,65,27,5,22,2,1,1,1,0,1,211,211,44,66,41,36,9,7,8,165,118,47,12,135,0,31,21
533313681,0,,,24,13,11,6,3,3,18,10,8,10,5,5,17,10,7,17,10,7,8,5,3,3,2,1,0,0,0,0,0,0,0,0,0,7,7,2,0,1,2,1,1,0,5,3,2,0,5,0,2,0
533313682,0,,,49,18,31,5,1,4,44,17,27,23,8,15,44,17,27,44,17,27,21,9,12,10,4,6,6,2,4,1,0,1,0,0,0,19,19,5,5,6,0,2,1,0,14,10,4,2,14,0,4,2
533313683,1,,533313684,190,88,102,20,8,12,182,86,96,110,56,54,178,85,93,173,82,91,72,30,42,29,8,21,10,2,8,1,0,1,0,0,0,75,75,17,28,16,10,3,3,1,61,50,11,5,52,1,11,9
533313684,2,533313683,,12,6,6,*,*,*,*,*,*,*,*,*,*,*,*,*,*,*,*,*,*,*,*,*,*,*,*,*,*,*,*,*,*,3,3,*,*,*,*,*,*,*,*,*,*,*,*,*,*,*
533313691,0,,,32,15,17,1,1,0,31,14,17,13,8,5,31,14,17,31,14,17,18,6,12,8,2,6,3,1,2,0,0,0,3,2,1,16,16,7,4,4,0,1,0,0,9,6,3,0,13,0,5,2
533313692,0,,,19,11,8,0,0,0,19,11,8,12,7,5,18,11,7,18,11,7,7,4,3,3,2,1,2,2,0,0,0,0,0,0,0,8,8,3,2,1,1,1,0,0,5,3,2,0,5,0,2,1
533313693,0,,,61,26,35,16,5,11,45,21,24,33,15,18,43,20,23,43,20,23,12,6,6,8,3,5,4,2,2,0,0,0,1,1,0,25,25,12,3,6,1,1,0,2,12,11,1,4,9,0,4,2
533313694,0,,,23,11,12,1,0,1,22,11,11,10,6,4,22,11,11,22,11,11,12,5,7,9,5,4,3,1,2,0,0,0,0,0,0,8,8,2,2,1,1,2,0,0,6,3,3,0,6,0,0,1
533313742,0,,,105,50,55,7,2,5,98,48,50,50,26,24,98,48,50,94,46,48,48,22,26,24,10,14,6,3,3,0,0,0,1,0,1,35,35,4,14,6,5,2,3,1,31,18,13,3,29,0,3,7
533313744,0,,,19,10,9,4,2,2,15,8,7,11,6,5,15,8,7,15,8,7,4,2,2,2,1,1,0,0,0,0,0,0,1,0,1,8,8,2,3,2,0,1,0,0,6,6,0,1,3,0,2,1
533313751,0,,,96,45,51,11,8,3,85,37,48,45,22,23,83,37,46,83,37,46,40,15,25,18,3,15,7,1,6,2,0,2,0,0,0,28,28,4,4,10,5,1,1,3,23,11,12,2,26,0,4,2
533313752,0,,,122,56,66,13,3,10,109,53,56,53,29,24,105,51,54,104,51,53,56,24,32,24,11,13,8,2,6,0,0,0,0,0,0,43,43,5,18,9,3,6,2,0,38,27,11,5,37,0,4,10
533313753,0,,,118,60,58,18,10,8,100,50,50,63,34,29,99,50,49,94,47,47,37,16,21,22,9,13,6,3,3,1,0,1,3,1,2,37,37,4,10,8,9,3,2,1,33,23,10,5,23,0,2,6
533313761,0,,,14,7,7,1,0,1,13,7,6,10,6,4,13,7,6,12,6,6,3,1,2,3,1,2,1,0,1,0,0,0,0,0,0,4,4,1,1,0,1,0,0,1,3,1,2,0,2,0,0,0
533313762,0,,,89,47,42,17,10,7,72,37,35,38,21,17,70,36,34,68,35,33,34,16,18,18,10,8,7,4,3,1,1,0,0,0,0,24,24,3,5,6,3,2,2,3,20,10,10,2,21,0,2,4
533313763,0,,,151,56,95,13,4,9,138,52,86,43,21,22,135,50,85,133,49,84,95,31,64,74,25,49,52,15,37,13,3,10,0,0,0,32,31,5,10,7,3,2,3,1,26,15,11,3,26,0,4,5
533313764,0,,,396,195,201,116,61,55,280,134,146,229,109,120,271,134,137,269,133,136,51,25,26,23,10,13,6,1,5,1,0,1,1,1,0,119,119,9,26,31,33,13,4,3,107,91,16,43,32,1,4,8
533313771,0,,,8,4,4,0,0,0,8,4,4,6,3,3,8,4,4,8,4,4,2,1,1,1,0,1,1,0,1,0,0,0,0,0,0,4,4,1,2,1,0,0,0,0,3,2,1,0,2,0,1,0
533313773,0,,,190,93,97,22,12,10,168,81,87,113,55,58,163,78,85,160,76,84,55,26,29,26,9,17,12,2,10,1,0,1,16,3,13,72,72,27,11,15,6,8,4,1,45,30,15,6,36,12,6,7
533313774,0,,,10,0,10,0,0,0,10,0,10,10,0,10,10,0,10,10,0,10,0,0,0,0,0,0,0,0,0,0,0,0,10,0,10,10,10,10,0,0,0,0,0,0,0,0,0,0,0,4,0,0
533313781,0,,,153,74,79,15,3,12,138,71,67,74,45,29,134,71,63,133,71,62,64,26,38,30,11,19,7,3,4,0,0,0,0,0,0,61,61,15,20,14,6,4,2,0,46,33,13,4,48,0,13,5
533313782,0,,,101,47,54,13,6,7,88,41,47,52,27,25,86,40,46,85,40,45,36,14,22,20,7,13,8,4,4,0,0,0,0,0,0,29,29,4,5,6,5,6,2,1,25,12,13,3,23,0,2,1
533313783,0,,,121,53,68,7,1,6,114,52,62,74,33,41,109,49,60,107,48,59,40,19,21,23,10,13,6,2,4,1,0,1,0,0,0,35,35,4,9,6,7,4,2,3,31,15,16,2,28,0,2,5
533313784,0,,,102,47,55,13,6,7,89,41,48,49,25,24,85,40,45,83,38,45,40,16,24,26,10,16,6,2,4,0,0,0,2,0,2,37,37,12,9,8,3,0,2,3,23,15,8,3,26,0,7,5
533313791,0,,,30,15,15,4,2,2,26,13,13,15,8,7,26,13,13,26,13,13,11,5,6,7,1,6,4,1,3,0,0,0,0,0,0,12,12,5,3,2,1,0,0,1,6,3,3,1,9,0,3,1
533313794,0,,,16,9,7,4,2,2,12,7,5,6,4,2,12,7,5,12,7,5,6,3,3,4,2,2,1,0,1,0,0,0,0,0,0,4,4,0,0,2,1,0,1,0,4,3,1,1,3,0,0,0
533313851,0,,,19,7,12,0,0,0,19,7,12,10,3,7,19,7,12,18,7,11,9,4,5,5,1,4,1,0,1,0,0,0,0,0,0,7,7,2,1,2,1,1,0,0,5,3,2,0,6,0,2,0
533313852,0,,,184,94,90,21,14,7,163,80,83,89,45,44,160,79,81,158,79,79,74,35,39,42,17,25,18,5,13,0,0,0,0,0,0,58,58,10,11,15,8,10,3,1,48,27,21,7,47,0,7,10
533313854,0,,,110,61,49,14,8,6,96,53,43,52,30,22,93,50,43,91,49,42,44,23,21,20,9,11,10,3,7,0,0,0,0,0,0,32,32,6,6,4,7,4,3,2,25,13,12,3,25,0,5,4
533313861,0,,,49,26,23,9,5,4,40,21,19,25,13,12,39,20,19,38,19,19,15,8,7,9,4,5,5,3,2,0,0,0,0,0,0,15,15,3,4,1,2,3,2,0,12,7,5,2,10,0,1,3
533313862,0,,,261,125,136,42,27,15,219,98,121,146,68,78,206,91,115,201,88,113,73,30,43,26,12,14,8,2,6,0,0,0,0,0,0,101,101,28,27,18,21,3,2,2,72,61,11,11,53,1,18,10
533313863,0,,,30,14,16,2,0,2,28,14,14,13,6,7,27,13,14,27,13,14,15,8,7,9,4,5,5,2,3,0,0,0,0,0,0,9,9,1,1,5,0,1,0,1,8,5,3,1,9,0,1,1
533313864,0,,,91,43,48,14,9,5,77,34,43,42,20,22,75,34,41,74,33,41,35,14,21,21,7,14,8,1,7,0,0,0,1,0,1,27,27,4,5,9,2,3,2,2,23,14,9,4,21,0,3,2
533313871,0,,,38,16,22,3,2,1,35,14,21,21,11,10,34,13,21,33,12,21,14,3,11,12,2,10,2,0,2,0,0,0,0,0,0,16,16,4,7,2,1,2,0,0,12,9,3,0,12,0,4,3
533313872,0,,,16,7,9,2,2,0,14,5,9,10,3,7,13,4,9,13,4,9,4,2,2,2,0,2,2,0,2,0,0,0,0,0,0,5,5,0,2,0,3,0,0,0,5,3,2,1,3,0,0,0
533313873,0,,,13,7,6,0,0,0,13,7,6,8,4,4,13,7,6,13,7,6,5,3,2,3,1,2,3,1,2,0,0,0,0,0,0,6,6,1,4,0,1,0,0,0,5,3,2,0,5,0,1,1
533313874,0,,,60,30,30,4,1,3,56,29,27,33,18,15,56,29,27,55,29,26,23,11,12,12,6,6,3,1,2,1,0,1,0,0,0,16,16,1,3,3,6,1,1,1,15,9,6,1,14,0,1,2
533313881,0,,,57,27,30,7,2,5,50,25,25,31,17,14,49,25,24,49,25,24,19,8,11,13,4,9,6,2,4,0,0,0,0,0,0,15,15,1,4,1,5,2,0,2,14,8,6,0,13,0,1,1
533313882,0,,,21,10,11,1,1,0,20,9,11,7,4,3,19,8,11,19,8,11,13,5,8,6,2,4,3,1,2,0,0,0,0,0,0,9,9,3,3,1,1,1,0,0,6,3,3,0,9,0,3,2
533313883,1,,533313884,59,28,31,1,0,1,62,30,32,18,9,9,61,30,31,61,30,31,44,21,23,34,16,18,18,8,10,1,0,1,0,0,0,14,13,5,6,0,3,0,0,1,10,7,3,0,13,0,4,3
533313884,2,533313883,,4,2,2,*,*,*,*,*,*,*,*,*,*,*,*,*,*,*,*,*,*,*,*,*,*,*,*,*,*,*,*,*,*,2,2,*,*,*,*,*,*,*,*,*,*,*,*,*,*,*
533313891,1,,533313892;533313894,26,11,15,3,1,2,30,14,16,15,7,8,30,14,16,30,14,16,15,7,8,6,3,3,1,1,0,0,0,0,0,0,0,7,7,0,5,1,2,1,0,1,10,7,3,1,10,0,0,2
533313892,2,533313891,,4,2,2,*,*,*,*,*,*,*,*,*,*,*,*,*,*,*,*,*,*,*,*,*,*,*,*,*,*,*,*,*,*,2,2,*,*,*,*,*,*,*,*,*,*,*,*,*,*,*
533313893,0,,,19,10,9,3,3,0,16,7,9,9,4,5,14,6,8,14,6,8,7,3,4,2,0,2,1,0,1,1,0,1,0,0,0,4,4,0,1,0,1,0,1,1,4,1,3,1,4,0,0,0
533313894,2,533313891,,3,2,1,*,*,*,*,*,*,*,*,*,*,*,*,*,*,*,*,*,*,*,*,*,*,*,*,*,*,*,*,*,*,1,1,*,*,*,*,*,*,*,*,*,*,*,*,*,*,*
533313962,0,,,112,54,58,14,7,7,98,47,51,52,25,27,94,45,49,93,45,48,46,22,24,24,10,14,13,4,9,0,0,0,0,0,0,34,34,7,9,6,3,3,4,2,27,13,14,5,27,0,7,5
533313972,0,,,76,33,43,7,3,4,69,30,39,36,15,21,67,29,38,66,29,37,33,15,18,13,6,7,5,4,1,0,0,0,0,0,0,25,25,3,9,5,3,3,1,1,22,14,8,3,21,0,3,3
533313973,1,,533313974,44,21,23,4,3,1,175,60,115,32,16,16,174,60,114,174,60,114,143,44,99,114,29,85,74,12,62,16,2,14,1,0,1,15,15,3,6,5,1,1,2,0,15,10,5,1,13,0,1,1
533313974,2,533313973,,135,42,93,*,*,*,*,*,*,*,*,*,*,*,*,*,*,*,*,*,*,*,*,*,*,*,*,*,*,*,*,*,*,5,3,*,*,*,*,*,*,*,*,*,*,*,*,*,*,*
533313981,0,,,96,45,51,11,6,5,85,39,46,47,23,24,85,39,46,85,39,46,38,16,22,21,6,15,7,2,5,2,0,2,0,0,0,37,37,9,14,8,2,1,1,2,28,20,8,5,26,0,6,6
533313982,0,,,16,8,8,5,4,1,11,4,7,7,2,5,11,4,7,11,4,7,4,2,2,0,0,0,0,0,0,0,0,0,2,0,2,7,7,5,1,0,0,0,0,1,2,1,1,1,3,2,1,1
533313983,0,,,65,36,29,5,3,2,60,33,27,25,14,11,57,32,25,57,32,25,35,19,16,18,10,8,11,6,5,1,1,0,0,0,0,16,15,1,4,3,3,1,2,1,14,6,8,2,13,0,1,3
533313984,0,,,39,19,20,1,1,0,38,18,20,21,11,10,37,18,19,37,18,19,17,7,10,12,5,7,3,2,1,0,0,0,0,0,0,13,13,2,5,1,3,0,2,0,11,8,3,0,11,0,1,3
533313992,0,,,49,23,26,4,3,1,45,20,25,22,11,11,45,20,25,45,20,25,23,9,14,6,2,4,3,0,3,0,0,0,0,0,0,18,18,4,5,5,2,0,2,0,14,8,6,1,13,0,1,4
533313994,0,,,87,40,47,10,2,8,77,38,39,40,22,18,74,36,38,74,36,38,37,16,21,16,5,11,8,1,7,1,0,1,0,0,0,34,34,7,15,5,3,2,1,1,26,19,7,2,25,0,5,7
533314001,0,,,23,12,11,4,3,1,19,9,10,11,4,7,19,9,10,19,9,10,8,5,3,1,0,1,1,0,1,1,0,1,1,0,1,9,9,1,3,4,1,0,0,0,8,7,1,2,5,0,1,1
533314011,0,,,26,11,15,4,0,4,22,11,11,13,7,6,20,10,10,20,10,10,9,4,5,2,2,0,0,0,0,0,0,0,0,0,0,8,8,1,3,0,1,3,0,0,7,4,3,0,5,0,0,2
533314013,0,,,56,29,27,7,5,2,49,24,25,27,15,12,46,22,24,45,21,24,22,9,13,8,2,6,3,0,3,0,0,0,0,0,0,15,15,0,5,4,3,1,0,2,15,10,5,2,13,0,0,1
533314032,1,,533314034,12,7,5,1,1,0,16,9,7,9,6,3,16,9,7,16,9,7,7,3,4,4,1,3,1,0,1,0,0,0,2,2,0,7,7,5,2,1,0,1,0,0,4,3,1,0,5,1,2,1
533314034,2,533314032,,5,3,2,*,*,*,*,*,*,*,*,*,*,*,*,*,*,*,*,*,*,*,*,*,*,*,*,*,*,*,*,*,*,2,2,*,*,*,*,*,*,*,*,*,*,*,*,*,*,*
533314044,0,,,12,5,7,3,0,3,9,5,4,4,2,2,9,5,4,9,5,4,5,3,2,0,0,0,0,0,0,0,0,0,0,0,0,4,4,1,0,2,0,1,0,0,3,1,2,1,2,0,0,0
533314094,0,,,24,10,14,0,0,0,24,10,14,12,4,8,24,10,14,23,10,13,12,6,6,6,3,3,2,0,2,1,0,1,1,0,1,8,8,2,1,2,2,0,1,0,5,2,3,0,7,0,1,1
533314101,0,,,9,5,4,1,1,0,8,4,4,3,1,2,8,4,4,8,4,4,5,3,2,3,2,1,0,0,0,0,0,0,0,0,0,4,4,0,3,1,0,0,0,0,4,4,0,0,3,0,0,2
533314103,1,,533314104,48,25,23,8,5,3,53,26,27,29,15,14,49,25,24,48,24,24,24,11,13,15,6,9,4,0,4,1,0,1,0,0,0,16,16,3,5,3,5,1,0,2,16,8,8,1,17,0,3,0
533314104,2,533314103,,13,6,7,*,*,*,*,*,*,*,*,*,*,*,*,*,*,*,*,*,*,*,*,*,*,*,*,*,*,*,*,*,*,3,3,*,*,*,*,*,*,*,*,*,*,*,*,*,*,*
533314132,2,533314141,,5,2,3,*,*,*,*,*,*,*,*,*,*,*,*,*,*,*,*,*,*,*,*,*,*,*,*,*,*,*,*,*,*,2,2,*,*,*,*,*,*,*,*,*,*,*,*,*,*,*
533314134,2,533314141,,4,2,2,*,*,*,*,*,*,*,*,*,*,*,*,*,*,*,*,*,*,*,*,*,*,*,*,*,*,*,*,*,*,1,1,*,*,*,*,*,*,*,*,*,*,*,*,*,*,*
533314141,1,,533314132;533314134;533314143,5,3,2,0,0,0,19,10,9,8,6,2,19,10,9,19,10,9,11,4,7,5,1,4,3,0,3,0,0,0,0,0,0,3,3,1,4,2,1,0,0,0,7,6,1,0,7,0,0,2
533314143,2,533314141,,5,3,2,*,*,*,*,*,*,*,*,*,*,*,*,*,*,*,*,*,*,*,*,*,*,*,*,*,*,*,*,*,*,2,2,*,*,*,*,*,*,*,*,*,*,*,*,*,*,*
533314144,0,,,12,7,5,1,0,1,11,7,4,6,4,2,10,6,4,10,6,4,5,3,2,1,0,1,0,0,0,0,0,0,0,0,0,5,5,2,2,0,0,0,1,0,3,2,1,0,4,0,1,1
533314151,0,,,14,9,5,4,3,1,10,6,4,7,5,2,10,6,4,10,6,4,3,1,2,1,0,1,1,0,1,1,0,1,0,0,0,4,4,0,0,3,0,1,0,0,4,3,1,1,2,0,0,0
533314192,2,533314194,,3,2,1,*,*,*,*,*,*,*,*,*,*,*,*,*,*,*,*,*,*,*,*,*,*,*,*,*,*,*,*,*,*,3,3,*,*,*,*,*,*,*,*,*,*,*,*,*,*,*
533314194,1,,533314192,12,6,6,0,0,0,15,8,7,7,4,3,15,8,7,15,8,7,8,4,4,8,4,4,3,2,1,0,0,0,3,2,1,6,6,5,2,2,0,0,0,0,4,4,0,0,5,2,1,1
533314202,2,533314204,,10,4,6,*,*,*,*,*,*,*,*,*,*,*,*,*,*,*,*,*,*,*,*,*,*,*,*,*,*,*,*,*,*,2,2,*,*,*,*,*,*,*,*,*,*,*,*,*,*,*
533314203,0,,,41,20,21,4,2,2,37,18,19,20,9,11,35,16,19,35,16,19,17,9,8,7,3,4,2,0,2,1,0,1,1,1,0,21,21,7,9,4,1,0,0,0,14,14,0,1,12,0,5,4
533314204,1,,533314202,46,24,22,0,0,0,56,28,28,31,16,15,56,28,28,53,26,27,25,12,13,10,4,6,3,1,2,0,0,0,0,0,0,17,17,4,4,6,2,1,1,1,15,7,8,0,16,0,2,4
533314213,0,,,41,18,23,5,1,4,36,17,19,20,10,10,34,16,18,33,16,17,16,7,9,6,2,4,1,0,1,0,0,0,0,0,0,14,14,4,5,1,1,1,1,1,10,7,3,2,11,0,3,4
533314214,0,,,31,11,20,2,0,2,29,11,18,9,4,5,29,11,18,28,11,17,20,7,13,11,4,7,4,1,3,1,1,0,0,0,0,13,13,3,5,3,1,1,0,0,10,6,4,0,12,0,3,3
533314232,2,533314234,,7,4,3,*,*,*,*,*,*,*,*,*,*,*,*,*,*,*,*,*,*,*,*,*,*,*,*,*,*,*,*,*,*,3,3,*,*,*,*,*,*,*,*,*,*,*,*,*,*,*
533314234,1,,533314232,15,7,8,1,0,1,21,11,10,9,6,3,21,11,10,21,11,10,12,5,7,4,2,2,2,1,1,0,0,0,0,0,0,5,5,0,4,2,2,0,0,0,8,6,2,0,8,0,0,2
533314244,2,533314342,,4,0,4,*,*,*,*,*,*,*,*,*,*,*,*,*,*,*,*,*,*,*,*,*,*,*,*,*,*,*,*,*,*,3,3,*,*,*,*,*,*,*,*,*,*,*,*,*,*,*
533314263,2,533314362,,5,2,3,*,*,*,*,*,*,*,*,*,*,*,*,*,*,*,*,*,*,*,*,*,*,*,*,*,*,*,*,*,*,2,2,*,*,*,*,*,*,*,*,*,*,*,*,*,*,*
533314291,0,,,42,21,21,10,5,5,32,16,16,17,9,8,31,15,16,29,14,15,15,7,8,6,2,4,2,0,2,0,0,0,0,0,0,13,13,4,2,1,3,1,1,1,9,4,5,2,11,0,4,1
533314301,0,,,38,17,21,2,0,2,36,17,19,16,8,8,36,17,19,35,16,19,20,9,11,9,5,4,3,1,2,1,0,1,0,0,0,15,15,5,4,2,1,3,0,0,10,7,3,1,13,0,4,3
533314302,2,533314304,,1,0,1,*,*,*,*,*,*,*,*,*,*,*,*,*,*,*,*,*,*,*,*,*,*,*,*,*,*,*,*,*,*,1,1,*,*,*,*,*,*,*,*,*,*,*,*,*,*,*
533314304,1,,533314302,45,20,25,6,2,4,40,18,22,21,9,12,38,18,20,38,18,20,19,9,10,6,1,5,3,0,3,1,0,1,0,0,0,16,16,3,8,2,1,1,2,0,14,10,4,2,14,0,1,5
533314311,0,,,12,7,5,1,1,0,11,6,5,8,4,4,10,6,4,9,5,4,3,2,1,0,0,0,0,0,0,0,0,0,1,0,1,7,7,5,1,0,0,1,0,0,2,2,0,0,3,0,3,0
533314312,0,,,20,8,12,3,1,2,17,7,10,6,3,3,17,7,10,17,7,10,11,4,7,5,1,4,2,0,2,0,0,0,0,0,0,7,7,2,2,1,0,1,1,0,5,3,2,0,7,0,2,1
533314313,0,,,38,19,19,4,1,3,34,18,16,15,8,7,34,18,16,34,18,16,19,10,9,7,3,4,4,3,1,1,1,0,0,0,0,12,12,2,2,3,3,1,1,0,10,6,4,1,10,0,1,2
533314334,1,,533314441;533314442,12,6,6,1,1,0,25,13,12,17,9,8,25,13,12,25,13,12,8,4,4,4,2,2,2,1,1,0,0,0,0,0,0,4,4,0,2,1,3,0,0,1,7,4,3,1,5,0,0,1
533314342,1,,533314244,1,0,1,0,0,0,5,0,5,4,0,4,5,0,5,5,0,5,1,0,1,1,0,1,1,0,1,0,0,0,3,0,3,1,1,3,1,0,0,0,0,0,1,1,0,0,1,3,0,0
533314361,2,533314363,,7,4,3,*,*,*,*,*,*,*,*,*,*,*,*,*,*,*,*,*,*,*,*,*,*,*,*,*,*,*,*,*,*,4,4,*,*,*,*,*,*,*,*,*,*,*,*,*,*,*
533314362,1,,533314263;533314474,3,2,1,1,1,0,12,6,6,6,3,3,12,6,6,12,6,6,6,3,3,3,1,2,2,0,2,0,0,0,0,0,0,2,2,1,2,1,0,1,0,0,4,2,2,1,4,0,0,1
533314363,1,,533314361,13,6,7,1,0,1,19,10,9,12,7,5,19,10,9,18,10,8,7,3,4,2,1,1,0,0,0,0,0,0,0,0,0,3,3,1,3,2,0,0,0,1,6,4,2,0,4,0,0,2
533314391,2,533314492,,7,3,4,*,*,*,*,*,*,*,*,*,*,*,*,*,*,*,*,*,*,*,*,*,*,*,*,*,*,*,*,*,*,2,2,*,*,*,*,*,*,*,*,*,*,*,*,*,*,*
533314401,2,533314403,,3,1,2,*,*,*,*,*,*,*,*,*,*,*,*,*,*,*,*,*,*,*,*,*,*,*,*,*,*,*,*,*,*,1,1,*,*,*,*,*,*,*,*,*,*,*,*,*,*,*
533314403,1,,533314401;533314404,8,3,5,2,1,1,14,6,8,6,2,4,14,6,8,14,6,8,8,4,4,1,0,1,0,0,0,0,0,0,0,0,0,2,2,0,1,3,0,1,0,0,5,3,2,2,5,0,0,1
533314404,2,533314403,,5,3,2,*,*,*,*,*,*,*,*,*,*,*,*,*,*,*,*,*,*,*,*,*,*,*,*,*,*,*,*,*,*,2,2,*,*,*,*,*,*,*,*,*,*,*,*,*,*,*
533314411,2,533314412,,4,3,1,*,*,*,*,*,*,*,*,*,*,*,*,*,*,*,*,*,*,*,*,*,*,*,*,*,*,*,*,*,*,1,1,*,*,*,*,*,*,*,*,*,*,*,*,*,*,*
533314412,1,,533314411,11,4,7,0,0,0,15,7,8,9,4,5,15,7,8,15,7,8,6,3,3,3,2,1,0,0,0,0,0,0,0,0,0,6,6,2,3,1,1,0,0,0,5,4,1,0,4,1,1,1
533314432,2,533314434,,5,2,3,*,*,*,*,*,*,*,*,*,*,*,*,*,*,*,*,*,*,*,*,*,*,*,*,*,*,*,*,*,*,3,3,*,*,*,*,*,*,*,*,*,*,*,*,*,*,*
533314433,2,533314434,,2,1,1,*,*,*,*,*,*,*,*,*,*,*,*,*,*,*,*,*,*,*,*,*,*,*,*,*,*,*,*,*,*,1,1,*,*,*,*,*,*,*,*,*,*,*,*,*,*,*
533314434,1,,533314432;533314433;533314541;533314544,9,4,5,1,0,1,17,9,8,10,5,5,16,9,7,16,9,7,7,4,3,4,2,2,4,2,2,0,0,0,0,0,0,4,4,4,5,0,1,0,0,0,6,6,0,0,5,0,3,2
533314441,2,533314334,,4,2,2,*,*,*,*,*,*,*,*,*,*,*,*,*,*,*,*,*,*,*,*,*,*,*,*,*,*,*,*,*,*,1,1,*,*,*,*,*,*,*,*,*,*,*,*,*,*,*
533314442,2,533314334,,10,6,4,*,*,*,*,*,*,*,*,*,*,*,*,*,*,*,*,*,*,*,*,*,*,*,*,*,*,*,*,*,*,2,2,*,*,*,*,*,*,*,*,*,*,*,*,*,*,*
533314474,2,533314362,,5,3,2,*,*,*,*,*,*,*,*,*,*,*,*,*,*,*,*,*,*,*,*,*,*,*,*,*,*,*,*,*,*,1,1,*,*,*,*,*,*,*,*,*,*,*,*,*,*,*
533314492,1,,533314391,85,40,45,8,5,3,84,38,46,50,27,23,82,36,46,82,36,46,34,11,23,21,4,17,10,0,10,0,0,0,0,0,0,27,27,3,9,8,4,3,1,1,26,15,11,3,24,0,3,3
533314501,0,,,16,7,9,1,0,1,15,7,8,9,4,5,14,7,7,14,7,7,6,3,3,3,1,2,1,0,1,0,0,0,0,0,0,5,5,1,0,2,1,1,0,0,4,2,2,0,4,0,1,0
533314502,1,,533314503,12,7,5,2,1,1,15,10,5,11,8,3,14,10,4,14,10,4,4,2,2,2,2,0,0,0,0,0,0,0,0,0,0,4,4,4,2,0,1,1,0,0,4,4,0,1,2,0,0,1
533314503,2,533314502,,5,4,1,*,*,*,*,*,*,*,*,*,*,*,*,*,*,*,*,*,*,*,*,*,*,*,*,*,*,*,*,*,*,4,4,*,*,*,*,*,*,*,*,*,*,*,*,*,*,*
533314504,0,,,17,10,7,0,0,0,17,10,7,9,7,2,16,9,7,15,8,7,8,3,5,6,2,4,1,0,1,1,0,1,0,0,0,4,4,0,0,2,1,0,0,1,4,3,1,0,4,0,0,0
533314511,1,,533314512,25,11,14,2,1,1,26,12,14,13,6,7,26,12,14,26,12,14,13,6,7,9,6,3,5,3,2,0,0,0,0,0,0,7,6,0,3,2,0,2,0,0,7,5,2,0,7,0,0,3
533314512,2,533314511,,3,2,1,*,*,*,*,*,*,*,*,*,*,*,*,*,*,*,*,*,*,*,*,*,*,*,*,*,*,*,*,*,*,1,1,*,*,*,*,*,*,*,*,*,*,*,*,*,*,*
533314513,0,,,36,14,22,8,2,6,28,12,16,17,9,8,28,12,16,27,12,15,11,3,8,4,2,2,2,0,2,0,0,0,0,0,0,9,9,1,1,2,3,0,0,2,7,3,4,1,6,0,1,0
533314524,2,533314531,,5,4,1,*,*,*,*,*,*,*,*,*,*,*,*,*,*,*,*,*,*,*,*,*,*,*,*,*,*,*,*,*,*,2,2,*,*,*,*,*,*,*,*,*,*,*,*,*,*,*
533314531,1,,533314524;533314532,5,1,4,1,1,0,18,10,8,11,6,5,18,10,8,18,10,8,7,4,3,6,3,3,0,0,0,0,0,0,0,0,0,3,3,2,5,1,1,0,0,0,7,6,1,1,6,0,2,1
533314532,2,533314531,,9,6,3,*,*,*,*,*,*,*,*,*,*,*,*,*,*,*,*,*,*,*,*,*,*,*,*,*,*,*,*,*,*,4,4,*,*,*,*,*,*,*,*,*,*,*,*,*,*,*
533314533,0,,,11,4,7,0,0,0,11,4,7,3,0,3,11,4,7,11,4,7,8,4,4,4,2,2,1,0,1,0,0,0,3,0,3,7,7,4,2,1,0,0,0,0,3,2,1,0,4,3,1,2
533314541,2,533314434,,1,1,0,*,*,*,*,*,*,*,*,*,*,*,*,*,*,*,*,*,*,*,*,*,*,*,*,*,*,*,*,*,*,1,1,*,*,*,*,*,*,*,*,*,*,*,*,*,*,*
533314544,2,533314434,,1,1,0,*,*,*,*,*,*,*,*,*,*,*,*,*,*,*,*,*,*,*,*,*,*,*,*,*,*,*,*,*,*,1,1,*,*,*,*,*,*,*,*,*,*,*,*,*,*,*
533314564,2,533314772,,4,2,2,*,*,*,*,*,*,*,*,*,*,*,*,*,*,*,*,*,*,*,*,*,*,*,*,*,*,*,*,*,*,1,1,*,*,*,*,*,*,*,*,*,*,*,*,*,*,*
533314601,2,533314603,,11,6,5,*,*,*,*,*,*,*,*,*,*,*,*,*,*,*,*,*,*,*,*,*,*,*,*,*,*,*,*,*,*,4,3,*,*,*,*,*,*,*,*,*,*,*,*,*,*,*
533314602,1,,533314604,12,8,4,0,0,0,21,14,7,15,11,4,20,13,7,20,13,7,6,3,3,4,2,2,2,1,1,0,0,0,4,4,0,5,5,6,2,2,0,1,0,0,5,3,2,0,4,3,1,0
533314603,1,,533314601,14,6,8,3,0,3,22,12,10,14,9,5,21,11,10,20,10,10,8,3,5,3,1,2,2,0,2,1,0,1,0,0,0,7,7,4,4,0,1,1,0,0,6,6,0,1,5,0,3,1
533314604,2,533314602,,9,6,3,*,*,*,*,*,*,*,*,*,*,*,*,*,*,*,*,*,*,*,*,*,*,*,*,*,*,*,*,*,*,6,6,*,*,*,*,*,*,*,*,*,*,*,*,*,*,*
533314621,2,533314622,,3,2,1,*,*,*,*,*,*,*,*,*,*,*,*,*,*,*,*,*,*,*,*,*,*,*,*,*,*,*,*,*,*,1,1,*,*,*,*,*,*,*,*,*,*,*,*,*,*,*
533314622,1,,533314621;533314623;533314624,10,5,5,2,1,1,29,16,13,19,11,8,28,15,13,28,15,13,10,5,5,5,3,2,1,0,1,0,0,0,0,0,0,2,2,3,2,4,1,0,0,1,8,6,2,1,7,0,0,2
533314623,2,533314622,,16,9,7,*,*,*,*,*,*,*,*,*,*,*,*,*,*,*,*,*,*,*,*,*,*,*,*,*,*,*,*,*,*,7,7,*,*,*,*,*,*,*,*,*,*,*,*,*,*,*
533314624,2,533314622,,2,1,1,*,*,*,*,*,*,*,*,*,*,*,*,*,*,*,*,*,*,*,*,*,*,*,*,*,*,*,*,*,*,1,1,*,*,*,*,*,*,*,*,*,*,*,*,*,*,*
533314631,1,,533314632,16,8,8,2,1,1,16,8,8,7,4,3,16,8,8,16,8,8,9,4,5,3,1,2,2,0,2,0,0,0,0,0,0,6,6,3,2,2,0,1,0,0,5,3,2,0,6,0,2,1
533314632,2,533314631,,2,1,1,*,*,*,*,*,*,*,*,*,*,*,*,*,*,*,*,*,*,*,*,*,*,*,*,*,*,*,*,*,*,2,2,*,*,*,*,*,*,*,*,*,*,*,*,*,*,*
533314633,0,,,13,8,5,2,2,0,11,6,5,3,2,1,11,6,5,11,6,5,8,4,4,4,2,2,4,2,2,0,0,0,0,0,0,7,7,2,4,1,0,0,0,0,5,5,0,1,6,0,2,2
533314641,2,533314643,,6,4,2,*,*,*,*,*,*,*,*,*,*,*,*,*,*,*,*,*,*,*,*,*,*,*,*,*,*,*,*,*,*,2,2,*,*,*,*,*,*,*,*,*,*,*,*,*,*,*
533314642,2,533314643,,4,2,2,*,*,*,*,*,*,*,*,*,*,*,*,*,*,*,*,*,*,*,*,*,*,*,*,*,*,*,*,*,*,2,2,*,*,*,*,*,*,*,*,*,*,*,*,*,*,*
533314643,1,,533314641;533314642;533314644,6,3,3,3,1,2,22,11,11,11,7,4,21,10,11,21,10,11,11,4,7,5,1,4,1,0,1,0,0,0,1,1,0,3,3,0,7,1,2,0,0,0,10,9,1,0,7,0,0,4
533314644,2,533314643,,9,3,6,*,*,*,*,*,*,*,*,*,*,*,*,*,*,*,*,*,*,*,*,*,*,*,*,*,*,*,*,*,*,3,3,*,*,*,*,*,*,*,*,*,*,*,*,*,*,*
533314662,2,533314772,,2,1,1,*,*,*,*,*,*,*,*,*,*,*,*,*,*,*,*,*,*,*,*,*,*,*,*,*,*,*,*,*,*,1,1,*,*,*,*,*,*,*,*,*,*,*,*,*,*,*
533314663,2,533314772,,1,1,0,*,*,*,*,*,*,*,*,*,*,*,*,*,*,*,*,*,*,*,*,*,*,*,*,*,*,*,*,*,*,1,1,*,*,*,*,*,*,*,*,*,*,*,*,*,*,*
533314691,2,533314693,,1,0,1,*,*,*,*,*,*,*,*,*,*,*,*,*,*,*,*,*,*,*,*,*,*,*,*,*,*,*,*,*,*,1,1,*,*,*,*,*,*,*,*,*,*,*,*,*,*,*
533314692,2,533314693,,7,3,4,*,*,*,*,*,*,*,*,*,*,*,*,*,*,*,*,*,*,*,*,*,*,*,*,*,*,*,*,*,*,4,4,*,*,*,*,*,*,*,*,*,*,*,*,*,*,*
533314693,1,,533314691;533314692,12,5,7,2,0,2,18,8,10,5,3,2,18,8,10,18,8,10,13,5,8,3,2,1,2,1,1,0,0,0,0,0,0,4,4,2,5,0,2,0,0,0,7,6,1,1,8,0,2,2
533314694,1,,533314792,22,10,12,10,4,6,20,10,10,10,3,7,20,10,10,20,10,10,10,7,3,5,3,2,3,2,1,0,0,0,0,0,0,7,7,4,2,1,0,1,1,1,6,3,3,3,8,0,4,0
533314701,2,533314702,,12,7,5,*,*,*,*,*,*,*,*,*,*,*,*,*,*,*,*,*,*,*,*,*,*,*,*,*,*,*,*,*,*,2,2,*,*,*,*,*,*,*,*,*,*,*,*,*,*,*
533314702,1,,533314701,17,9,8,8,4,4,21,12,9,13,7,6,20,11,9,19,10,9,8,5,3,2,2,0,0,0,0,0,0,0,0,0,0,5,5,1,1,1,2,0,0,2,6,2,4,2,6,0,1,1
533314713,2,533314802,,6,4,2,*,*,*,*,*,*,*,*,*,*,*,*,*,*,*,*,*,*,*,*,*,*,*,*,*,*,*,*,*,*,2,2,*,*,*,*,*,*,*,*,*,*,*,*,*,*,*
533314721,1,,533314722;533314724,4,2,2,0,0,0,9,4,5,2,1,1,9,4,5,9,4,5,7,3,4,5,2,3,0,0,0,0,0,0,0,0,0,2,2,0,3,1,0,0,0,0,3,3,0,0,4,0,0,2
533314722,2,533314721,,2,1,1,*,*,*,*,*,*,*,*,*,*,*,*,*,*,*,*,*,*,*,*,*,*,*,*,*,*,*,*,*,*,1,1,*,*,*,*,*,*,*,*,*,*,*,*,*,*,*
533314724,2,533314721,,3,1,2,*,*,*,*,*,*,*,*,*,*,*,*,*,*,*,*,*,*,*,*,*,*,*,*,*,*,*,*,*,*,1,1,*,*,*,*,*,*,*,*,*,*,*,*,*,*,*
533314731,2,533314733,,11,6,5,*,*,*,*,*,*,*,*,*,*,*,*,*,*,*,*,*,*,*,*,*,*,*,*,*,*,*,*,*,*,2,2,*,*,*,*,*,*,*,*,*,*,*,*,*,*,*
533314732,2,533314733,,2,1,1,*,*,*,*,*,*,*,*,*,*,*,*,*,*,*,*,*,*,*,*,*,*,*,*,*,*,*,*,*,*,2,2,*,*,*,*,*,*,*,*,*,*,*,*,*,*,*
533314733,1,,533314731;533314732,3,2,1,1,0,1,15,9,6,7,5,2,15,9,6,15,9,6,8,4,4,3,2,1,1,0,1,0,0,0,0,0,0,2,2,3,1,1,0,0,0,1,3,2,1,0,5,0,2,1
533314734,0,,,10,5,5,0,0,0,10,5,5,4,3,1,10,5,5,10,5,5,6,2,4,3,0,3,2,0,2,1,0,1,0,0,0,4,4,2,0,1,0,1,0,0,2,1,1,0,3,0,2,0
533314741,2,533314743,,7,4,3,*,*,*,*,*,*,*,*,*,*,*,*,*,*,*,*,*,*,*,*,*,*,*,*,*,*,*,*,*,*,4,4,*,*,*,*,*,*,*,*,*,*,*,*,*,*,*
533314743,1,,533314741,11,3,8,1,0,1,17,7,10,8,4,4,16,7,9,16,7,9,9,3,6,5,1,4,0,0,0,0,0,0,0,0,0,3,3,2,3,0,1,0,1,0,5,3,2,0,6,0,2,1
533314754,2,533314763,,6,4,2,*,*,*,*,*,*,*,*,*,*,*,*,*,*,*,*,*,*,*,*,*,*,*,*,*,*,*,*,*,*,4,4,*,*,*,*,*,*,*,*,*,*,*,*,*,*,*
533314761,2,533314763,,9,2,7,*,*,*,*,*,*,*,*,*,*,*,*,*,*,*,*,*,*,*,*,*,*,*,*,*,*,*,*,*,*,3,3,*,*,*,*,*,*,*,*,*,*,*,*,*,*,*
533314763,1,,533314754;533314761;533314861,10,5,5,6,2,4,29,13,16,13,8,5,28,13,15,28,13,15,16,5,11,7,3,4,2,0,2,0,0,0,0,0,0,4,4,4,3,2,1,1,0,1,8,5,3,1,11,0,3,2
533314772,1,,533314564;533314662;533314663,41,21,20,3,1,2,45,24,21,22,12,10,44,24,20,43,24,19,23,12,11,16,8,8,6,3,3,0,0,0,0,0,0,14,14,6,2,3,4,0,1,1,11,8,3,1,14,0,5,2
533314773,0,,,12,7,5,0,0,0,12,7,5,5,3,2,12,7,5,12,7,5,7,4,3,3,1,2,1,0,1,0,0,0,0,0,0,8,8,5,2,1,0,0,0,0,3,3,0,0,6,0,4,2
533314774,0,,,114,53,61,6,2,4,108,51,57,50,24,26,108,51,57,106,50,56,58,27,31,26,11,15,10,5,5,0,0,0,0,0,0,40,40,9,9,10,6,3,3,0,31,17,14,1,34,0,7,8
533314792,2,533314694,,8,4,4,*,*,*,*,*,*,*,*,*,*,*,*,*,*,*,*,*,*,*,*,*,*,*,*,*,*,*,*,*,*,3,3,*,*,*,*,*,*,*,*,*,*,*,*,*,*,*
533314801,2,533314802,,9,2,7,*,*,*,*,*,*,*,*,*,*,*,*,*,*,*,*,*,*,*,*,*,*,*,*,*,*,*,*,*,*,2,2,*,*,*,*,*,*,*,*,*,*,*,*,*,*,*
533314802,1,,533314713;533314801;533314804,97,45,52,9,4,5,108,48,60,60,28,32,107,48,59,107,48,59,48,20,28,25,11,14,15,5,10,1,0,1,0,0,0,30,30,5,9,11,5,5,0,2,32,20,12,2,31,0,3,4
533314803,0,,,37,16,21,3,2,1,34,14,20,15,6,9,33,14,19,32,13,19,19,8,11,10,4,6,4,1,3,0,0,0,0,0,0,13,13,4,2,2,3,1,1,0,9,5,4,0,12,0,4,2
533314804,2,533314802,,5,1,4,*,*,*,*,*,*,*,*,*,*,*,*,*,*,*,*,*,*,*,*,*,*,*,*,*,*,*,*,*,*,3,3,*,*,*,*,*,*,*,*,*,*,*,*,*,*,*
533314811,2,533314813,,6,3,3,*,*,*,*,*,*,*,*,*,*,*,*,*,*,*,*,*,*,*,*,*,*,*,*,*,*,*,*,*,*,2,2,*,*,*,*,*,*,*,*,*,*,*,*,*,*,*
533314812,0,,,9,5,4,0,0,0,9,5,4,4,2,2,9,5,4,9,5,4,5,3,2,2,1,1,1,0,1,0,0,0,0,0,0,4,4,1,2,0,1,0,0,0,3,2,1,0,3,0,1,1
533314813,1,,533314811;533314911,7,4,3,2,1,1,16,8,8,8,5,3,16,8,8,16,8,8,8,3,5,1,0,1,0,0,0,0,0,0,0,0,0,2,2,1,1,1,3,0,0,0,5,3,2,1,5,0,1,1
533314832,1,,533314834,11,7,4,4,3,1,20,10,10,14,7,7,18,9,9,17,8,9,6,3,3,2,0,2,2,0,2,0,0,0,1,1,0,4,4,1,3,0,2,0,0,1,6,3,3,1,4,0,1,0
533314834,2,533314832,,13,6,7,*,*,*,*,*,*,*,*,*,*,*,*,*,*,*,*,*,*,*,*,*,*,*,*,*,*,*,*,*,*,3,3,*,*,*,*,*,*,*,*,*,*,*,*,*,*,*
533314841,2,533314844,,6,4,2,*,*,*,*,*,*,*,*,*,*,*,*,*,*,*,*,*,*,*,*,*,*,*,*,*,*,*,*,*,*,1,1,*,*,*,*,*,*,*,*,*,*,*,*,*,*,*
533314843,2,533314844,,4,2,2,*,*,*,*,*,*,*,*,*,*,*,*,*,*,*,*,*,*,*,*,*,*,*,*,*,*,*,*,*,*,1,1,*,*,*,*,*,*,*,*,*,*,*,*,*,*,*
533314844,1,,533314841;533314843,21,11,10,4,3,1,27,14,13,17,10,7,26,13,13,26,13,13,10,4,6,7,2,5,5,2,3,0,0,0,0,0,0,6,6,1,0,1,4,1,1,0,7,3,4,0,6,0,1,0
533314854,1,,533314961,23,10,13,4,1,3,24,12,12,9,6,3,24,12,12,24,12,12,15,6,9,7,2,5,3,1,2,0,0,0,0,0,0,7,7,1,1,5,1,0,1,0,8,5,3,1,8,0,1,1
533314861,2,533314763,,10,4,6,*,*,*,*,*,*,*,*,*,*,*,*,*,*,*,*,*,*,*,*,*,*,*,*,*,*,*,*,*,*,1,1,*,*,*,*,*,*,*,*,*,*,*,*,*,*,*
533314892,0,,,15,5,10,0,0,0,15,5,10,5,2,3,15,5,10,15,5,10,10,3,7,6,2,4,2,0,2,1,0,1,0,0,0,5,5,1,0,3,0,1,0,0,4,1,3,0,5,0,1,0
533314894,0,,,21,11,10,0,0,0,21,11,10,8,5,3,21,11,10,21,11,10,13,6,7,5,2,3,2,1,1,0,0,0,0,0,0,7,7,1,2,1,2,1,0,0,6,3,3,0,7,0,1,2
533314901,1,,533314902,69,30,39,0,0,0,73,32,41,35,16,19,70,31,39,69,30,39,38,16,22,22,9,13,4,1,3,1,0,1,0,0,0,30,30,12,9,6,1,3,1,0,20,13,7,0,26,0,11,3
533314902,2,533314901,,4,2,2,*,*,*,*,*,*,*,*,*,*,*,*,*,*,*,*,*,*,*,*,*,*,*,*,*,*,*,*,*,*,2,2,*,*,*,*,*,*,*,*,*,*,*,*,*,*,*
533314903,0,,,24,13,11,6,4,2,18,9,9,6,3,3,18,9,9,18,9,9,12,6,6,4,2,2,2,0,2,1,0,1,0,0,0,8,8,3,1,1,2,0,0,1,5,3,2,2,6,0,2,1
533314904,0,,,55,27,28,24,13,11,31,14,17,21,10,11,21,8,13,20,8,12,10,4,6,5,1,4,2,0,2,0,0,0,0,0,0,12,8,1,3,0,3,0,0,1,6,5,1,1,5,0,1,2
533314911,2,533314813,,5,2,3,*,*,*,*,*,*,*,*,*,*,*,*,*,*,*,*,*,*,*,*,*,*,*,*,*,*,*,*,*,*,2,2,*,*,*,*,*,*,*,*,*,*,*,*,*,*,*
533314932,0,,,14,7,7,0,0,0,14,7,7,4,2,2,14,7,7,14,7,7,10,5,5,5,3,2,4,2,2,1,1,0,0,0,0,7,7,3,2,1,1,0,0,0,4,2,2,0,7,0,3,2
533314941,2,533314942,,8,4,4,*,*,*,*,*,*,*,*,*,*,*,*,*,*,*,*,*,*,*,*,*,*,*,*,*,*,*,*,*,*,2,2,*,*,*,*,*,*,*,*,*,*,*,*,*,*,*
533314942,1,,533314941,7,3,4,3,0,3,12,7,5,8,5,3,12,7,5,12,7,5,4,2,2,2,1,1,2,1,1,0,0,0,2,2,0,4,4,4,0,0,1,0,0,1,2,1,1,2,3,1,2,0
533314943,1,,533314944,4,4,0,0,0,0,7,7,0,7,7,0,7,7,0,7,7,0,0,0,0,0,0,0,0,0,0,0,0,0,7,7,0,4,4,7,0,0,0,0,0,0,0,0,0,0,0,7,0,0
533314944,2,533314943,,3,3,0,*,*,*,*,*,*,*,*,*,*,*,*,*,*,*,*,*,*,*,*,*,*,*,*,*,*,*,*,*,*,3,3,*,*,*,*,*,*,*,*,*,*,*,*,*,*,*
533314952,0,,,83,37,46,9,3,6,74,34,40,38,17,21,72,34,38,72,34,38,36,17,19,24,11,13,8,4,4,3,1,2,0,0,0,25,25,2,9,5,4,2,0,3,23,17,6,2,20,0,2,6
533314954,0,,,80,40,40,4,3,1,76,37,39,45,24,21,74,36,38,74,36,38,31,13,18,18,8,10,6,2,4,0,0,0,0,0,0,25,25,6,7,4,1,3,1,3,19,10,9,2,20,0,4,3
533314961,2,533314854,,5,3,2,*,*,*,*,*,*,*,*,*,*,*,*,*,*,*,*,*,*,*,*,*,*,*,*,*,*,*,*,*,*,2,2,*,*,*,*,*,*,*,*,*,*,*,*,*,*,*
533314971,2,533314972,,6,3,3,*,*,*,*,*,*,*,*,*,*,*,*,*,*,*,*,*,*,*,*,*,*,*,*,*,*,*,*,*,*,2,2,*,*,*,*,*,*,*,*,*,*,*,*,*,*,*
533314972,1,,533314971,35,17,18,2,1,1,39,19,20,15,9,6,37,17,20,37,17,20,24,10,14,11,3,8,8,2,6,1,0,1,0,0,0,12,12,4,3,2,2,2,0,1,10,5,5,0,12,0,2,3
533314973,0,,,26,17,9,0,0,0,26,17,9,14,11,3,26,17,9,26,17,9,12,6,6,3,1,2,1,0,1,0,0,0,0,0,0,9,9,1,2,3,3,0,0,0,8,6,2,0,7,0,0,1
533314974,0,,,60,33,27,4,3,1,56,30,26,26,16,10,56,30,26,55,30,25,30,14,16,17,6,11,9,4,5,0,0,0,0,0,0,19,19,1,7,6,2,1,0,2,18,11,7,1,19,0,1,5
533314984,0,,,62,33,29,4,4,0,58,29,29,33,18,15,56,28,28,55,27,28,25,11,14,16,7,9,6,2,4,1,0,1,0,0,0,18,18,0,5,6,3,2,2,0,18,9,9,0,15,0,0,2
533314992,0,,,43,22,21,4,2,2,39,20,19,25,14,11,37,19,18,37,19,18,14,6,8,12,4,8,2,1,1,0,0,0,0,0,0,13,13,3,1,4,2,1,1,1,10,4,6,1,11,0,2,1
533314994,0,,,86,37,49,6,1,5,80,36,44,50,25,25,77,34,43,77,34,43,30,11,19,17,6,11,4,1,3,1,0,1,1,0,1,39,39,11,16,7,3,2,0,0,28,21,7,1,25,0,5,1
533315012,0,,,14,5,9,0,0,0,14,5,9,7,3,4,14,5,9,14,5,9,7,2,5,5,2,3,3,0,3,1,0,1,0,0,0,4,4,0,1,1,1,1,0,0,4,1,3,0,4,0,0,1
533315023,0,,,19,7,12,3,1,2,16,6,10,10,3,7,16,6,10,16,6,10,6,3,3,4,2,2,1,1,0,0,0,0,0,0,0,4,4,0,1,0,1,1,0,1,4,1,3,1,4,0,0,1
533315024,0,,,43,20,23,1,0,1,42,20,22,23,10,13,39,18,21,39,18,21,19,10,9,15,7,8,7,4,3,0,0,0,0,0,0,17,17,5,4,4,2,2,0,0,12,7,5,0,14,0,3,3
533315052,0,,,20,8,12,2,1,1,18,7,11,8,3,5,17,7,10,17,7,10,10,4,6,3,1,2,1,0,1,0,0,0,0,0,0,6,6,1,1,2,0,1,1,0,5,3,2,1,6,0,1,1
533315062,0,,,37,19,18,3,1,2,34,18,16,20,10,10,32,18,14,32,18,14,14,8,6,8,3,5,2,1,1,0,0,0,0,0,0,14,14,5,1,3,4,1,0,0,9,3,6,1,10,0,3,0
533315064,0,,,26,12,14,3,2,1,23,10,13,15,6,9,23,10,13,23,10,13,8,4,4,5,2,3,0,0,0,0,0,0,0,0,0,11,11,4,3,1,2,1,0,0,7,7,0,1,7,0,3,2
533315071,0,,,46,24,22,2,1,1,44,23,21,24,13,11,44,23,21,44,23,21,20,10,10,9,4,5,5,3,2,1,0,1,0,0,0,14,14,0,4,5,3,1,1,0,14,8,6,1,13,0,0,3
533315072,0,,,17,8,9,3,1,2,14,7,7,9,4,5,13,6,7,13,6,7,5,3,2,1,0,1,0,0,0,0,0,0,0,0,0,5,5,1,0,3,0,0,0,1,4,3,1,0,4,0,1,0
533315073,0,,,16,7,9,0,0,0,16,7,9,12,6,6,15,6,9,15,6,9,4,1,3,3,0,3,1,0,1,0,0,0,0,0,0,5,5,0,2,0,3,0,0,0,5,3,2,0,4,0,0,0
533315081,0,,,83,38,45,10,7,3,73,31,42,45,19,26,69,30,39,69,30,39,28,12,16,15,5,10,9,3,6,0,0,0,0,0,0,21,21,1,4,3,5,5,2,1,20,10,10,2,16,0,1,2
533315082,0,,,58,31,27,7,6,1,51,25,26,34,16,18,49,24,25,49,24,25,17,9,8,5,2,3,2,0,2,0,0,0,0,0,0,15,15,1,1,5,4,2,0,2,14,6,8,2,12,0,0,1
533315091,0,,,34,14,20,3,1,2,31,13,18,15,7,8,31,13,18,31,13,18,16,6,10,8,2,6,6,2,4,0,0,0,0,0,0,13,13,4,2,5,1,0,0,1,9,5,4,1,11,0,4,1
533315093,0,,,22,11,11,0,0,0,22,11,11,12,5,7,22,11,11,22,11,11,10,6,4,2,0,2,2,0,2,1,0,1,0,0,0,7,7,1,1,2,2,1,0,0,6,3,3,0,6,0,1,1
533315122,0,,,47,24,23,3,1,2,44,23,21,24,12,12,43,22,21,43,22,21,20,11,9,6,4,2,2,0,2,1,0,1,2,2,0,16,16,5,2,5,1,0,2,1,11,6,5,2,11,1,2,0
533315131,0,,,29,14,15,2,0,2,27,14,13,17,9,8,26,13,13,26,13,13,10,5,5,5,2,3,3,2,1,1,1,0,0,0,0,9,9,1,4,1,0,2,0,1,8,5,3,0,6,0,0,1
533315132,0,,,18,8,10,1,0,1,17,8,9,7,4,3,17,8,9,17,8,9,10,4,6,5,2,3,1,0,1,0,0,0,0,0,0,7,7,1,3,1,2,0,0,0,6,3,3,0,6,0,1,2
533315133,0,,,18,8,10,0,0,0,18,8,10,4,1,3,18,8,10,18,8,10,14,7,7,9,4,5,3,1,2,2,1,1,0,0,0,8,8,2,4,1,0,1,0,0,6,4,2,0,8,0,2,4
533315141,2,533315143,,10,4,6,*,*,*,*,*,*,*,*,*,*,*,*,*,*,*,*,*,*,*,*,*,*,*,*,*,*,*,*,*,*,3,3,*,*,*,*,*,*,*,*,*,*,*,*,*,*,*
533315143,1,,533315141,20,9,11,2,1,1,28,12,16,13,6,7,27,12,15,27,12,15,15,6,9,6,2,4,1,0,1,0,0,0,0,0,0,8,8,1,4,3,3,0,0,0,10,8,2,1,9,0,1,2
533315144,0,,,26,13,13,3,2,1,23,11,12,13,7,6,23,11,12,22,10,12,10,4,6,7,2,5,1,0,1,0,0,0,0,0,0,8,8,0,4,1,1,1,1,0,8,5,3,1,6,0,0,2
533315162,2,533315171,,12,4,8,*,*,*,*,*,*,*,*,*,*,*,*,*,*,*,*,*,*,*,*,*,*,*,*,*,*,*,*,*,*,6,6,*,*,*,*,*,*,*,*,*,*,*,*,*,*,*
533315171,1,,533315162,27,11,16,1,1,0,38,14,24,19,6,13,36,13,23,35,13,22,19,8,11,13,5,8,7,3,4,0,0,0,1,0,1,11,11,5,5,5,1,1,0,0,11,9,2,0,11,0,3,4
533315172,0,,,43,19,24,1,1,0,42,18,24,22,10,12,42,18,24,42,18,24,20,8,12,11,3,8,5,1,4,1,0,1,0,0,0,16,16,1,8,2,5,0,0,0,15,10,5,1,13,0,0,2
533315181,0,,,25,12,13,0,0,0,25,12,13,14,9,5,24,11,13,24,11,13,11,3,8,6,1,5,3,0,3,0,0,0,0,0,0,8,8,1,2,0,5,0,0,0,7,4,3,0,7,0,1,1
533315183,0,,,34,20,14,2,1,1,32,19,13,17,10,7,31,18,13,31,18,13,15,9,6,8,5,3,5,3,2,0,0,0,0,0,0,13,13,4,3,3,2,0,0,1,9,6,3,0,10,0,2,2
533315184,0,,,77,38,39,7,6,1,70,32,38,37,19,18,67,30,37,66,29,37,33,13,20,18,5,13,5,1,4,1,0,1,0,0,0,25,25,6,4,5,5,2,3,0,19,8,11,2,20,0,2,3
533315192,0,,,113,57,56,6,3,3,107,54,53,52,28,24,105,53,52,104,52,52,55,26,29,29,14,15,6,4,2,0,0,0,0,0,0,42,42,8,14,10,5,3,2,0,34,23,11,2,34,1,4,10
533315194,0,,,32,16,16,6,2,4,26,14,12,18,9,9,25,13,12,25,13,12,8,5,3,4,2,2,1,0,1,0,0,0,0,0,0,10,10,2,1,4,0,2,1,0,7,4,3,0,6,0,1,0
533315203,0,,,70,31,39,7,4,3,63,27,36,36,16,20,62,27,35,58,26,32,27,11,16,12,3,9,2,1,1,0,0,0,1,1,0,24,24,6,9,2,1,2,2,2,17,9,8,1,19,0,6,5
533315224,0,,,13,5,8,0,0,0,13,5,8,3,2,1,13,5,8,13,5,8,10,3,7,7,1,6,2,0,2,0,0,0,0,0,0,6,6,2,1,3,0,0,0,0,4,1,3,0,5,1,1,1
533315241,2,533315242,,5,2,3,*,*,*,*,*,*,*,*,*,*,*,*,*,*,*,*,*,*,*,*,*,*,*,*,*,*,*,*,*,*,1,1,*,*,*,*,*,*,*,*,*,*,*,*,*,*,*
533315242,1,,533315241,20,9,11,0,0,0,25,11,14,15,6,9,25,11,14,25,11,14,10,5,5,7,2,5,0,0,0,0,0,0,0,0,0,7,7,0,3,2,2,1,0,0,8,4,4,0,8,0,0,3
533315251,0,,,16,8,8,0,0,0,16,8,8,8,4,4,13,6,7,12,5,7,8,4,4,7,3,4,1,0,1,1,0,1,0,0,0,4,4,0,0,3,0,0,0,1,4,1,3,0,4,0,0,0
533315253,0,,,28,12,16,1,0,1,27,12,15,10,4,6,27,12,15,27,12,15,17,8,9,11,5,6,4,2,2,0,0,0,0,0,0,11,11,1,5,3,2,0,0,0,10,7,3,0,9,0,1,4
533315271,2,533315273,,11,4,7,*,*,*,*,*,*,*,*,*,*,*,*,*,*,*,*,*,*,*,*,*,*,*,*,*,*,*,*,*,*,3,3,*,*,*,*,*,*,*,*,*,*,*,*,*,*,*
533315272,2,533315273,,5,2,3,*,*,*,*,*,*,*,*,*,*,*,*,*,*,*,*,*,*,*,*,*,*,*,*,*,*,*,*,*,*,3,3,*,*,*,*,*,*,*,*,*,*,*,*,*,*,*
533315273,1,,533315271;533315272,61,33,28,10,5,5,67,34,33,39,22,17,67,34,33,67,34,33,28,12,16,20,6,14,7,1,6,1,0,1,0,0,0,23,23,9,9,5,2,0,1,3,20,10,10,2,20,0,5,4
533315294,0,,,33,16,17,3,3,0,30,13,17,20,8,12,30,13,17,30,13,17,10,5,5,3,0,3,3,0,3,0,0,0,0,0,0,11,11,1,4,4,0,1,0,1,10,5,5,2,9,0,1,0
533315303,2,533315404,,10,6,4,*,*,*,*,*,*,*,*,*,*,*,*,*,*,*,*,*,*,*,*,*,*,*,*,*,*,*,*,*,*,2,2,*,*,*,*,*,*,*,*,*,*,*,*,*,*,*
533315304,2,533315404,,2,1,1,*,*,*,*,*,*,*,*,*,*,*,*,*,*,*,*,*,*,*,*,*,*,*,*,*,*,*,*,*,*,1,1,*,*,*,*,*,*,*,*,*,*,*,*,*,*,*
533315322,0,,,9,4,5,0,0,0,9,4,5,4,1,3,9,4,5,9,4,5,5,3,2,1,1,0,0,0,0,0,0,0,0,0,0,4,4,1,2,0,1,0,0,0,3,2,1,0,3,0,0,2
533315323,2,533315324,,9,6,3,*,*,*,*,*,*,*,*,*,*,*,*,*,*,*,*,*,*,*,*,*,*,*,*,*,*,*,*,*,*,4,4,*,*,*,*,*,*,*,*,*,*,*,*,*,*,*
533315324,1,,533315323,15,7,8,3,1,2,21,12,9,11,6,5,21,12,9,21,12,9,10,6,4,7,5,2,3,2,1,0,0,0,0,0,0,4,4,1,3,2,0,1,1,0,7,5,2,0,6,0,1,2
533315343,0,,,28,15,13,4,3,1,24,12,12,13,8,5,23,11,12,22,10,12,11,4,7,5,1,4,4,0,4,1,0,1,0,0,0,7,7,0,2,1,2,0,1,1,7,3,4,1,7,0,0,0
533315351,2,533315352,,1,1,0,*,*,*,*,*,*,*,*,*,*,*,*,*,*,*,*,*,*,*,*,*,*,*,*,*,*,*,*,*,*,1,1,*,*,*,*,*,*,*,*,*,*,*,*,*,*,*
533315352,1,,533315351;533315354,83,39,44,4,2,2,87,41,46,35,17,18,85,40,45,84,40,44,52,24,28,25,11,14,8,1,7,2,0,2,0,0,0,29,29,4,12,10,1,1,4,0,28,16,12,1,28,0,3,8
533315353,0,,,32,14,18,1,0,1,31,14,17,15,9,6,31,14,17,31,14,17,16,5,11,7,1,6,2,0,2,0,0,0,0,0,0,15,15,4,7,3,0,1,0,0,11,8,3,1,12,0,3,3
533315354,2,533315352,,7,3,4,*,*,*,*,*,*,*,*,*,*,*,*,*,*,*,*,*,*,*,*,*,*,*,*,*,*,*,*,*,*,2,2,*,*,*,*,*,*,*,*,*,*,*,*,*,*,*
533315373,0,,,111,59,52,18,11,7,93,48,45,49,25,24,92,47,45,91,47,44,44,23,21,23,13,10,8,4,4,0,0,0,2,0,2,35,35,7,8,9,3,3,2,3,27,17,10,6,27,1,3,5
533315382,0,,,13,7,6,0,0,0,13,7,6,7,5,2,13,7,6,13,7,6,6,2,4,5,2,3,1,1,0,0,0,0,0,0,0,5,5,1,2,1,0,1,0,0,4,2,2,0,5,0,1,1
533315383,1,,533315384,75,38,37,13,7,6,73,37,36,42,23,19,72,36,36,70,34,36,31,14,17,15,5,10,5,1,4,0,0,0,0,0,0,21,21,3,3,6,2,6,1,2,20,9,11,6,17,0,1,0
533315384,2,533315383,,11,6,5,*,*,*,*,*,*,*,*,*,*,*,*,*,*,*,*,*,*,*,*,*,*,*,*,*,*,*,*,*,*,2,2,*,*,*,*,*,*,*,*,*,*,*,*,*,*,*
533315391,0,,,38,17,21,5,2,3,33,15,18,13,5,8,32,14,18,32,14,18,20,10,10,9,3,6,1,0,1,0,0,0,0,0,0,15,15,5,7,0,0,0,2,1,10,7,3,1,13,0,4,4
533315393,0,,,11,5,6,0,0,0,11,5,6,2,2,0,11,5,6,11,5,6,9,3,6,3,0,3,3,0,3,1,0,1,0,0,0,4,4,1,0,2,1,0,0,0,3,0,3,0,3,0,0,0
533315404,1,,533315303;533315304,37,17,20,1,1,0,48,23,25,25,12,13,47,23,24,47,23,24,23,11,12,12,6,6,6,3,3,0,0,0,0,0,0,13,13,3,5,2,1,4,1,0,13,6,7,0,13,0,2,1
533315412,1,,533315414,1,0,1,0,0,0,9,5,4,3,2,1,9,5,4,9,5,4,6,3,3,1,0,1,1,0,1,0,0,0,0,0,0,1,1,1,1,2,0,0,0,0,3,3,0,0,4,0,1,1
533315414,2,533315412,,8,5,3,*,*,*,*,*,*,*,*,*,*,*,*,*,*,*,*,*,*,*,*,*,*,*,*,*,*,*,*,*,*,3,3,*,*,*,*,*,*,*,*,*,*,*,*,*,*,*
533315431,0,,,55,28,27,2,1,1,53,27,26,29,16,13,53,27,26,52,27,25,24,11,13,17,8,9,5,3,2,0,0,0,0,0,0,17,17,0,6,5,4,0,2,0,17,10,7,1,14,0,0,4
533315434,0,,,13,7,6,1,0,1,12,7,5,7,3,4,12,7,5,12,7,5,5,4,1,1,0,1,1,0,1,0,0,0,0,0,0,4,4,0,2,1,0,0,1,0,4,1,3,1,4,0,0,1
533315441,2,533315443,,5,2,3,*,*,*,*,*,*,*,*,*,*,*,*,*,*,*,*,*,*,*,*,*,*,*,*,*,*,*,*,*,*,1,1,*,*,*,*,*,*,*,*,*,*,*,*,*,*,*
533315443,1,,533315441,73,32,41,6,2,4,72,32,40,33,14,19,72,32,40,72,32,40,39,18,21,24,10,14,9,3,6,0,0,0,1,0,1,27,27,8,7,3,4,5,1,0,20,10,10,1,24,0,6,4
533315444,0,,,13,8,5,3,3,0,10,5,5,3,2,1,10,5,5,10,5,5,7,3,4,3,1,2,1,0,1,0,0,0,0,0,0,4,4,1,1,1,0,0,0,1,3,2,1,1,4,0,1,1
533315451,0,,,21,10,11,2,0,2,19,10,9,10,5,5,19,10,9,19,10,9,9,5,4,5,3,2,0,0,0,0,0,0,0,0,0,7,7,0,3,2,1,1,0,0,7,4,3,0,4,0,0,1
533315452,0,,,79,40,39,16,8,8,63,32,31,38,23,15,63,32,31,62,32,30,25,9,16,9,3,6,4,0,4,1,0,1,0,0,0,24,24,5,5,5,4,0,4,1,19,11,8,4,17,0,4,2
533315454,0,,,103,51,52,13,5,8,90,46,44,56,30,26,83,43,40,80,41,39,34,16,18,17,8,9,6,3,3,1,1,0,1,0,1,29,29,3,6,4,7,7,1,1,26,12,14,3,23,0,2,4
533315461,1,,533315463;533315464,3,1,2,0,0,0,10,4,6,5,3,2,10,4,6,10,4,6,5,1,4,2,0,2,2,0,2,0,0,0,0,0,0,1,1,1,1,1,1,0,0,0,3,1,2,0,4,0,1,1
533315463,2,533315461,,3,1,2,*,*,*,*,*,*,*,*,*,*,*,*,*,*,*,*,*,*,*,*,*,*,*,*,*,*,*,*,*,*,2,2,*,*,*,*,*,*,*,*,*,*,*,*,*,*,*
533315464,2,533315461,,4,2,2,*,*,*,*,*,*,*,*,*,*,*,*,*,*,*,*,*,*,*,*,*,*,*,*,*,*,*,*,*,*,1,1,*,*,*,*,*,*,*,*,*,*,*,*,*,*,*
533315473,1,,533315474,11,6,5,0,0,0,17,10,7,8,5,3,17,10,7,17,10,7,9,5,4,3,1,2,0,0,0,0,0,0,0,0,0,6,6,4,5,1,0,0,0,0,6,6,0,0,7,0,2,2
533315474,2,533315473,,6,4,2,*,*,*,*,*,*,*,*,*,*,*,*,*,*,*,*,*,*,*,*,*,*,*,*,*,*,*,*,*,*,4,4,*,*,*,*,*,*,*,*,*,*,*,*,*,*,*
533315482,0,,,101,51,50,17,8,9,84,43,41,47,24,23,83,42,41,83,42,41,37,19,18,15,8,7,5,4,1,0,0,0,0,0,0,26,26,2,6,1,9,2,4,2,24,11,13,6,21,0,2,3
533315484,0,,,29,15,14,5,3,2,24,12,12,22,11,11,22,12,10,19,10,9,2,1,1,0,0,0,0,0,0,0,0,0,0,0,0,5,5,0,1,0,0,1,1,2,5,2,3,1,2,0,0,0
533315493,0,,,59,27,32,8,4,4,51,23,28,23,11,12,50,23,27,50,23,27,28,12,16,16,7,9,3,0,3,0,0,0,0,0,0,16,16,1,6,2,3,0,2,2,15,8,7,1,14,0,1,4
533315501,1,,533315502,87,45,42,9,3,6,87,46,41,47,26,21,86,45,41,85,45,40,40,20,20,21,9,12,12,5,7,1,0,1,0,0,0,28,28,5,10,7,3,2,2,2,26,17,9,3,23,0,3,4
533315502,2,533315501,,9,4,5,*,*,*,*,*,*,*,*,*,*,*,*,*,*,*,*,*,*,*,*,*,*,*,*,*,*,*,*,*,*,3,3,*,*,*,*,*,*,*,*,*,*,*,*,*,*,*
533315504,1,,533315514,27,14,13,4,4,0,25,11,14,15,7,8,25,11,14,25,11,14,10,4,6,2,0,2,2,0,2,0,0,0,0,0,0,7,7,0,5,1,0,0,0,2,8,5,3,0,5,0,0,3
533315514,2,533315504,,2,1,1,*,*,*,*,*,*,*,*,*,*,*,*,*,*,*,*,*,*,*,*,*,*,*,*,*,*,*,*,*,*,1,1,*,*,*,*,*,*,*,*,*,*,*,*,*,*,*
533315521,2,533315621,,2,1,1,*,*,*,*,*,*,*,*,*,*,*,*,*,*,*,*,*,*,*,*,*,*,*,*,*,*,*,*,*,*,1,1,*,*,*,*,*,*,*,*,*,*,*,*,*,*,*
533315523,2,533315621,,6,2,4,*,*,*,*,*,*,*,*,*,*,*,*,*,*,*,*,*,*,*,*,*,*,*,*,*,*,*,*,*,*,3,3,*,*,*,*,*,*,*,*,*,*,*,*,*,*,*
533315534,0,,,84,36,48,8,3,5,76,33,43,43,18,25,74,32,42,72,31,41,33,15,18,15,6,9,3,0,3,0,0,0,0,0,0,24,24,3,5,5,4,3,3,1,20,10,10,2,20,0,3,4
533315541,0,,,18,6,12,7,2,5,11,4,7,7,3,4,11,4,7,11,4,7,4,1,3,2,0,2,1,0,1,0,0,0,0,0,0,4,4,0,0,1,2,0,0,1,4,2,2,2,2,0,0,0
533315542,0,,,70,35,35,1,1,0,69,34,35,36,20,16,69,34,35,69,34,35,33,14,19,21,9,12,8,1,7,1,0,1,0,0,0,22,22,1,5,8,6,1,1,0,21,14,7,0,19,0,1,3
533315544,0,,,14,6,8,1,1,0,13,5,8,4,2,2,13,5,8,13,5,8,9,3,6,4,2,2,1,0,1,0,0,0,0,0,0,5,5,1,1,2,0,1,0,0,4,1,3,0,5,0,1,1
533315552,2,533315554,,7,4,3,*,*,*,*,*,*,*,*,*,*,*,*,*,*,*,*,*,*,*,*,*,*,*,*,*,*,*,*,*,*,2,2,*,*,*,*,*,*,*,*,*,*,*,*,*,*,*
533315553,0,,,19,7,12,3,1,2,16,6,10,9,3,6,16,6,10,16,6,10,7,3,4,2,0,2,1,0,1,0,0,0,0,0,0,6,6,1,2,1,0,1,1,0,5,2,3,0,5,0,1,0
533315554,1,,533315552,63,31,32,11,6,5,59,29,30,42,21,21,56,28,28,54,27,27,17,8,9,7,4,3,2,0,2,0,0,0,2,0,2,17,17,3,1,4,6,3,1,1,16,9,7,3,9,1,1,0
533315561,0,,,66,32,34,0,0,0,66,32,34,37,17,20,65,32,33,62,31,31,29,15,14,14,5,9,7,3,4,1,1,0,1,0,1,22,22,2,7,7,3,2,0,1,20,11,9,0,17,0,1,5
533315563,0,,,38,18,20,5,2,3,33,16,17,14,7,7,33,16,17,33,16,17,19,9,10,6,2,4,2,0,2,0,0,0,0,0,0,14,14,3,4,4,2,0,0,1,11,8,3,1,12,0,3,3
533315571,2,533315572,,4,2,2,*,*,*,*,*,*,*,*,*,*,*,*,*,*,*,*,*,*,*,*,*,*,*,*,*,*,*,*,*,*,2,2,*,*,*,*,*,*,*,*,*,*,*,*,*,*,*
533315572,1,,533315571;533315573,41,22,19,6,4,2,47,25,22,19,9,10,44,24,20,44,24,20,28,16,12,13,8,5,5,4,1,0,0,0,0,0,0,15,15,4,5,4,2,1,1,1,14,8,6,1,18,0,4,4
533315573,2,533315572,,8,5,3,*,*,*,*,*,*,*,*,*,*,*,*,*,*,*,*,*,*,*,*,*,*,*,*,*,*,*,*,*,*,1,1,*,*,*,*,*,*,*,*,*,*,*,*,*,*,*
533315574,0,,,18,10,8,0,0,0,18,10,8,8,5,3,17,9,8,16,8,8,10,5,5,3,1,2,1,0,1,0,0,0,0,0,0,6,6,1,3,1,0,0,0,1,5,3,2,0,6,0,1,2
533315581,2,533315583,,3,2,1,*,*,*,*,*,*,*,*,*,*,*,*,*,*,*,*,*,*,*,*,*,*,*,*,*,*,*,*,*,*,1,1,*,*,*,*,*,*,*,*,*,*,*,*,*,*,*
533315582,2,533315583,,17,9,8,*,*,*,*,*,*,*,*,*,*,*,*,*,*,*,*,*,*,*,*,*,*,*,*,*,*,*,*,*,*,3,3,*,*,*,*,*,*,*,*,*,*,*,*,*,*,*
533315583,1,,533315581;533315582,29,16,13,5,3,2,44,24,20,25,15,10,44,24,20,43,24,19,19,9,10,7,2,5,3,1,2,0,0,0,0,0,0,8,8,0,3,4,0,2,1,2,12,3,9,2,10,0,0,0
533315591,2,533315592,,8,2,6,*,*,*,*,*,*,*,*,*,*,*,*,*,*,*,*,*,*,*,*,*,*,*,*,*,*,*,*,*,*,2,2,*,*,*,*,*,*,*,*,*,*,*,*,*,*,*
533315592,1,,533315591;533315593,5,2,3,0,0,0,21,8,13,13,5,8,21,8,13,20,8,12,8,3,5,3,0,3,1,0,1,0,0,0,0,0,0,2,2,0,1,1,4,0,0,0,6,2,4,0,5,0,0,0
533315593,2,533315592,,8,4,4,*,*,*,*,*,*,*,*,*,*,*,*,*,*,*,*,*,*,*,*,*,*,*,*,*,*,*,*,*,*,2,2,*,*,*,*,*,*,*,*,*,*,*,*,*,*,*
533315594,0,,,21,12,9,3,2,1,18,10,8,10,7,3,16,8,8,15,7,8,8,3,5,3,1,2,1,0,1,0,0,0,0,0,0,6,6,1,2,0,0,2,1,0,5,2,3,0,5,1,0,2
533315601,0,,,13,4,9,0,0,0,13,4,9,6,2,4,12,4,8,12,4,8,7,2,5,7,2,5,3,2,1,0,0,0,0,0,0,7,7,3,2,2,0,0,0,0,4,3,1,0,5,0,2,2
533315602,0,,,17,9,8,1,0,1,16,9,7,7,5,2,14,7,7,14,7,7,9,4,5,6,3,3,1,0,1,0,0,0,0,0,0,8,8,3,4,0,0,0,1,0,5,4,1,0,6,0,2,3
533315603,0,,,16,8,8,0,0,0,16,8,8,11,6,5,15,7,8,15,7,8,5,2,3,4,2,2,0,0,0,0,0,0,0,0,0,4,4,0,1,1,0,1,1,0,3,3,0,0,3,0,0,0
533315604,0,,,53,25,28,9,5,4,44,20,24,28,14,14,40,17,23,39,17,22,16,6,10,11,3,8,7,2,5,0,0,0,0,0,0,14,14,2,1,5,3,0,1,2,12,4,8,1,10,0,2,1
533315612,2,533315621,,2,2,0,*,*,*,*,*,*,*,*,*,*,*,*,*,*,*,*,*,*,*,*,*,*,*,*,*,*,*,*,*,*,1,1,*,*,*,*,*,*,*,*,*,*,*,*,*,*,*
533315621,1,,533315521;533315523;533315612;533315622;533315623;533315624,8,3,5,2,2,0,30,14,16,13,5,8,29,14,15,29,14,15,17,9,8,9,5,4,3,1,2,0,0,0,0,0,0,4,4,5,5,1,2,0,1,0,9,6,3,1,10,0,3,3
533315622,2,533315621,,4,3,1,*,*,*,*,*,*,*,*,*,*,*,*,*,*,*,*,*,*,*,*,*,*,*,*,*,*,*,*,*,*,1,1,*,*,*,*,*,*,*,*,*,*,*,*,*,*,*
533315623,2,533315621,,8,4,4,*,*,*,*,*,*,*,*,*,*,*,*,*,*,*,*,*,*,*,*,*,*,*,*,*,*,*,*,*,*,2,2,*,*,*,*,*,*,*,*,*,*,*,*,*,*,*
533315624,2,533315621,,2,1,1,*,*,*,*,*,*,*,*,*,*,*,*,*,*,*,*,*,*,*,*,*,*,*,*,*,*,*,*,*,*,2,2,*,*,*,*,*,*,*,*,*,*,*,*,*,*,*
533315632,0,,,79,33,46,5,1,4,74,32,42,39,17,22,72,31,41,69,30,39,35,15,20,19,6,13,9,3,6,1,0,1,0,0,0,25,25,3,9,7,2,0,0,4,22,13,9,1,21,0,2,6
533315642,0,,,33,17,16,5,2,3,28,15,13,18,11,7,28,15,13,28,15,13,10,4,6,4,1,3,1,0,1,0,0,0,0,0,0,9,9,1,2,2,1,1,1,1,8,3,5,3,7,0,1,0
533315651,0,,,42,18,24,7,3,4,35,15,20,20,8,12,35,15,20,33,14,19,15,7,8,6,3,3,1,1,0,0,0,0,1,0,1,12,12,2,3,1,3,2,0,1,10,5,5,1,11,0,2,2
533315652,0,,,58,30,28,4,3,1,54,27,27,29,16,13,54,27,27,54,27,27,25,11,14,13,6,7,5,2,3,0,0,0,0,0,0,18,18,2,4,5,3,3,1,0,16,8,8,2,16,0,2,4
533315653,0,,,26,11,15,3,1,2,23,10,13,11,6,5,21,9,12,21,9,12,12,4,8,4,0,4,1,0,1,0,0,0,0,0,0,9,9,2,3,1,2,0,0,1,7,4,3,0,8,0,2,1
533315654,0,,,143,70,73,19,12,7,124,58,66,76,40,36,121,56,65,120,55,65,48,18,30,29,10,19,7,1,6,0,0,0,0,0,0,48,48,7,16,7,9,8,0,1,41,30,11,4,32,0,5,7
533315661,0,,,91,44,47,7,6,1,84,38,46,52,23,29,80,38,42,76,37,39,32,15,17,24,13,11,4,3,1,0,0,0,0,0,0,25,25,3,4,6,3,4,5,0,22,10,12,0,18,0,1,2
533315662,0,,,21,12,9,3,1,2,18,11,7,10,7,3,18,11,7,18,11,7,8,4,4,6,2,4,2,1,1,0,0,0,0,0,0,7,7,1,2,2,0,2,0,0,6,5,1,1,5,0,1,0
533315663,0,,,46,21,25,5,3,2,41,18,23,23,11,12,39,18,21,39,18,21,18,7,11,8,2,6,3,0,3,0,0,0,0,0,0,15,15,2,4,3,5,0,0,1,13,8,5,2,11,0,1,2
533315681,2,533315684,,2,1,1,*,*,*,*,*,*,*,*,*,*,*,*,*,*,*,*,*,*,*,*,*,*,*,*,*,*,*,*,*,*,1,1,*,*,*,*,*,*,*,*,*,*,*,*,*,*,*
533315684,1,,533315681,41,23,18,1,1,0,42,23,19,24,16,8,41,22,19,41,22,19,18,7,11,9,4,5,4,2,2,1,0,1,0,0,0,17,17,7,3,5,1,1,1,0,11,7,4,0,12,0,3,1
533315692,0,,,115,58,57,15,10,5,100,48,52,60,30,30,97,46,51,95,45,50,40,18,22,19,6,13,10,3,7,0,0,0,1,0,1,37,37,5,12,8,5,3,2,2,31,18,13,3,27,0,4,8
533315693,2,533315694,,4,2,2,*,*,*,*,*,*,*,*,*,*,*,*,*,*,*,*,*,*,*,*,*,*,*,*,*,*,*,*,*,*,2,2,*,*,*,*,*,*,*,*,*,*,*,*,*,*,*
533315694,1,,533315693,39,23,16,3,2,1,40,23,17,21,14,7,39,22,17,39,22,17,19,9,10,6,2,4,3,0,3,0,0,0,0,0,0,15,15,4,5,5,1,2,0,0,13,9,4,0,11,1,1,3
533315701,2,533315702,,4,1,3,*,*,*,*,*,*,*,*,*,*,*,*,*,*,*,*,*,*,*,*,*,*,*,*,*,*,*,*,*,*,1,1,*,*,*,*,*,*,*,*,*,*,*,*,*,*,*
533315702,1,,533315701;533315704,61,27,34,2,1,1,73,31,42,49,22,27,71,31,40,71,31,40,24,9,15,14,5,9,4,1,3,0,0,0,0,0,0,21,21,3,4,8,7,0,2,0,21,12,9,1,17,0,3,1
533315704,2,533315702,,10,4,6,*,*,*,*,*,*,*,*,*,*,*,*,*,*,*,*,*,*,*,*,*,*,*,*,*,*,*,*,*,*,2,2,*,*,*,*,*,*,*,*,*,*,*,*,*,*,*
533315721,2,533315821,,2,2,0,*,*,*,*,*,*,*,*,*,*,*,*,*,*,*,*,*,*,*,*,*,*,*,*,*,*,*,*,*,*,1,1,*,*,*,*,*,*,*,*,*,*,*,*,*,*,*
533315722,2,533315821,,2,2,0,*,*,*,*,*,*,*,*,*,*,*,*,*,*,*,*,*,*,*,*,*,*,*,*,*,*,*,*,*,*,1,1,*,*,*,*,*,*,*,*,*,*,*,*,*,*,*
533315723,2,533315821,,7,3,4,*,*,*,*,*,*,*,*,*,*,*,*,*,*,*,*,*,*,*,*,*,*,*,*,*,*,*,*,*,*,2,2,*,*,*,*,*,*,*,*,*,*,*,*,*,*,*
533315742,0,,,28,16,12,0,0,0,28,16,12,14,9,5,27,15,12,27,15,12,14,7,7,5,2,3,1,1,0,0,0,0,0,0,0,10,10,2,2,3,2,1,0,0,8,3,5,0,9,0,2,2
533315744,0,,,11,5,6,0,0,0,11,5,6,2,1,1,11,5,6,11,5,6,9,4,5,6,4,2,2,1,1,0,0,0,0,0,0,5,5,1,3,0,1,0,0,0,4,3,1,0,5,0,1,3
533315751,0,,,136,58,78,24,8,16,112,50,62,60,28,32,107,48,59,103,47,56,52,22,30,24,9,15,9,2,7,0,0,0,0,0,0,40,40,4,13,8,8,2,0,5,36,22,14,4,31,0,4,7
533315752,0,,,122,54,68,7,1,6,115,53,62,73,37,36,110,53,57,108,52,56,42,16,26,21,6,15,4,1,3,0,0,0,1,1,0,38,38,4,10,12,3,6,2,1,34,19,15,2,30,1,2,4
533315753,1,,533315754,155,73,82,21,10,11,148,68,80,88,38,50,146,68,78,144,67,77,60,30,30,32,16,16,13,7,6,1,1,0,0,0,0,46,46,8,13,10,6,4,4,5,42,24,18,6,41,0,6,5
533315754,2,533315753,,14,5,9,*,*,*,*,*,*,*,*,*,*,*,*,*,*,*,*,*,*,*,*,*,*,*,*,*,*,*,*,*,*,4,4,*,*,*,*,*,*,*,*,*,*,*,*,*,*,*
533315761,1,,533315764,53,25,28,12,5,7,47,24,23,30,13,17,47,24,23,47,24,23,17,11,6,8,4,4,4,2,2,0,0,0,0,0,0,17,17,2,7,2,5,1,2,0,17,12,5,2,9,0,1,3
533315762,0,,,17,9,8,1,1,0,16,8,8,12,7,5,15,7,8,15,7,8,4,1,3,4,1,3,1,0,1,0,0,0,0,0,0,4,4,0,1,0,0,3,0,0,4,1,3,1,3,0,0,0
533315763,0,,,53,23,30,3,2,1,50,21,29,22,8,14,50,21,29,50,21,29,28,13,15,12,5,7,5,2,3,0,0,0,0,0,0,18,18,3,6,1,7,0,0,1,14,10,4,1,16,0,2,3
533315764,2,533315761,,6,4,2,*,*,*,*,*,*,*,*,*,*,*,*,*,*,*,*,*,*,*,*,*,*,*,*,*,*,*,*,*,*,2,2,*,*,*,*,*,*,*,*,*,*,*,*,*,*,*
533315773,0,,,39,21,18,12,7,5,27,14,13,25,13,12,23,11,12,22,11,11,2,1,1,2,1,1,1,1,0,0,0,0,0,0,0,10,10,1,0,2,4,2,1,0,9,8,1,2,1,0,0,0
533315781,1,,533315782,43,25,18,2,1,1,50,29,21,25,16,9,49,28,21,48,27,21,25,13,12,13,7,6,7,3,4,2,2,0,0,0,0,13,13,3,2,5,3,1,1,1,13,5,8,0,12,0,1,2
533315782,2,533315781,,9,5,4,*,*,*,*,*,*,*,*,*,*,*,*,*,*,*,*,*,*,*,*,*,*,*,*,*,*,*,*,*,*,3,3,*,*,*,*,*,*,*,*,*,*,*,*,*,*,*
533315792,2,533315794,,5,3,2,*,*,*,*,*,*,*,*,*,*,*,*,*,*,*,*,*,*,*,*,*,*,*,*,*,*,*,*,*,*,2,2,*,*,*,*,*,*,*,*,*,*,*,*,*,*,*
533315793,2,533315794,,3,1,2,*,*,*,*,*,*,*,*,*,*,*,*,*,*,*,*,*,*,*,*,*,*,*,*,*,*,*,*,*,*,2,2,*,*,*,*,*,*,*,*,*,*,*,*,*,*,*
533315794,1,,533315792;533315793,32,15,17,1,1,0,39,18,21,16,7,9,39,18,21,39,18,21,23,11,12,4,1,3,1,0,1,0,0,0,0,0,0,14,14,1,13,3,1,0,0,0,17,17,0,0,15,0,1,7
533315802,0,,,37,18,19,6,3,3,31,15,16,20,9,11,31,15,16,31,15,16,11,6,5,4,1,3,3,1,2,0,0,0,0,0,0,9,9,0,2,2,1,1,3,0,9,2,7,2,7,0,0,1
533315803,2,533315804,,8,4,4,*,*,*,*,*,*,*,*,*,*,*,*,*,*,*,*,*,*,*,*,*,*,*,*,*,*,*,*,*,*,3,3,*,*,*,*,*,*,*,*,*,*,*,*,*,*,*
533315804,1,,533315803,24,12,12,5,2,3,27,14,13,17,10,7,26,13,13,26,13,13,10,4,6,4,2,2,2,1,1,0,0,0,0,0,0,7,7,2,3,0,3,0,2,0,8,5,3,2,5,0,0,1
533315812,1,,533315814,11,5,6,0,0,0,16,8,8,9,5,4,15,7,8,15,7,8,7,3,4,5,2,3,3,1,2,0,0,0,0,0,0,4,4,2,2,2,1,0,0,0,5,4,1,0,5,0,2,2
533315814,2,533315812,,5,3,2,*,*,*,*,*,*,*,*,*,*,*,*,*,*,*,*,*,*,*,*,*,*,*,*,*,*,*,*,*,*,3,3,*,*,*,*,*,*,*,*,*,*,*,*,*,*,*
533315821,1,,533315721;533315722;533315723,18,7,11,7,2,5,22,12,10,12,6,6,22,12,10,22,12,10,10,6,4,4,1,3,4,1,3,1,1,0,0,0,0,3,3,0,3,0,1,1,0,2,7,4,3,2,6,0,0,0
533315822,1,,533315824,16,9,7,2,2,0,21,11,10,8,6,2,21,11,10,21,11,10,13,5,8,2,0,2,1,0,1,0,0,0,0,0,0,7,7,4,3,3,1,0,0,0,7,7,0,1,9,0,3,2
533315824,2,533315822,,7,4,3,*,*,*,*,*,*,*,*,*,*,*,*,*,*,*,*,*,*,*,*,*,*,*,*,*,*,*,*,*,*,4,4,*,*,*,*,*,*,*,*,*,*,*,*,*,*,*
533315831,0,,,15,8,7,0,0,0,15,8,7,6,4,2,15,8,7,15,8,7,9,4,5,3,1,2,3,1,2,0,0,0,0,0,0,4,4,0,0,2,1,1,0,0,4,2,2,0,4,0,0,0
533315843,2,533315942,,1,1,0,*,*,*,*,*,*,*,*,*,*,*,*,*,*,*,*,*,*,*,*,*,*,*,*,*,*,*,*,*,*,1,1,*,*,*,*,*,*,*,*,*,*,*,*,*,*,*
533315844,2,533315942,,2,1,1,*,*,*,*,*,*,*,*,*,*,*,*,*,*,*,*,*,*,*,*,*,*,*,*,*,*,*,*,*,*,2,2,*,*,*,*,*,*,*,*,*,*,*,*,*,*,*
533315851,1,,533315852,128,62,66,21,11,10,116,55,61,61,29,32,112,55,57,111,54,57,55,26,29,22,12,10,8,6,2,0,0,0,0,0,0,41,41,8,12,8,9,2,2,3,36,22,14,2,34,0,6,5
533315852,2,533315851,,9,4,5,*,*,*,*,*,*,*,*,*,*,*,*,*,*,*,*,*,*,*,*,*,*,*,*,*,*,*,*,*,*,3,3,*,*,*,*,*,*,*,*,*,*,*,*,*,*,*
533315853,0,,,211,103,108,35,17,18,176,86,90,119,61,58,169,82,87,168,81,87,57,25,32,35,13,22,10,3,7,0,0,0,0,0,0,75,75,18,22,15,7,6,5,2,56,41,15,9,39,0,9,5
533315854,0,,,251,113,138,39,21,18,212,92,120,135,54,81,205,89,116,203,89,114,77,38,39,33,19,14,12,6,6,1,1,0,0,0,0,89,89,16,31,16,12,9,3,2,73,56,17,8,51,1,10,16
533315861,2,533315863,,7,3,4,*,*,*,*,*,*,*,*,*,*,*,*,*,*,*,*,*,*,*,*,*,*,*,*,*,*,*,*,*,*,2,2,*,*,*,*,*,*,*,*,*,*,*,*,*,*,*
533315862,0,,,236,115,121,43,27,16,193,88,105,124,61,63,183,84,99,177,81,96,69,27,42,24,8,16,7,2,5,0,0,0,4,2,2,75,75,12,16,16,16,12,1,2,62,45,17,14,44,0,10,8
533315863,1,,533315861,151,72,79,33,17,16,125,58,67,105,49,56,121,56,65,120,55,65,20,9,11,13,5,8,4,2,2,1,0,1,12,0,12,63,63,24,12,12,12,4,1,0,39,32,7,12,17,13,5,3
533315864,0,,,44,21,23,8,5,3,36,16,20,18,8,10,36,16,20,34,15,19,18,8,10,13,6,7,6,3,3,0,0,0,1,0,1,14,14,2,5,3,1,1,1,1,12,7,5,3,11,0,2,2
533315871,0,,,319,148,171,88,42,46,231,106,125,190,92,98,216,97,119,207,91,116,41,14,27,21,8,13,4,0,4,1,0,1,2,1,1,101,101,10,29,23,23,9,4,3,90,78,12,20,31,0,8,9
533315873,0,,,131,66,65,18,8,10,113,58,55,66,39,27,105,52,53,102,50,52,47,19,28,27,10,17,9,2,7,1,1,0,0,0,0,36,36,5,8,7,5,5,2,4,31,16,15,2,29,0,4,4
533315892,0,,,10,5,5,1,1,0,9,4,5,3,2,1,9,4,5,9,4,5,6,2,4,2,1,1,0,0,0,0,0,0,0,0,0,5,5,3,0,1,1,0,0,0,2,1,1,0,5,0,3,0
533315894,0,,,16,9,7,0,0,0,16,9,7,9,6,3,15,9,6,14,8,6,7,3,4,3,2,1,0,0,0,0,0,0,0,0,0,7,7,3,2,0,1,1,0,0,4,3,1,0,4,1,1,2
533315901,0,,,93,47,46,8,3,5,85,44,41,43,23,20,82,42,40,80,41,39,42,21,21,23,12,11,6,3,3,1,0,1,0,0,0,29,29,3,12,4,3,2,3,2,26,16,10,2,23,0,3,8
533315902,0,,,16,9,7,2,2,0,14,7,7,5,3,2,14,7,7,14,7,7,9,4,5,3,1,2,2,1,1,0,0,0,0,0,0,5,5,1,1,1,1,0,1,0,4,3,1,1,5,0,1,1
533315903,0,,,86,42,44,6,3,3,80,39,41,39,19,20,78,39,39,76,38,38,41,20,21,18,8,10,6,2,4,2,1,1,1,0,1,29,29,2,13,7,4,1,0,2,27,18,9,0,24,0,1,7
533315904,0,,,21,9,12,3,2,1,18,7,11,9,3,6,18,7,11,18,7,11,9,4,5,6,3,3,3,2,1,0,0,0,0,0,0,7,7,0,3,2,1,1,0,0,7,4,3,1,6,0,0,3
533315912,0,,,11,5,6,0,0,0,11,5,6,6,3,3,11,5,6,11,5,6,5,2,3,3,1,2,1,0,1,1,0,1,0,0,0,5,5,3,1,0,0,0,1,0,2,1,1,0,3,0,1,1
533315914,0,,,19,9,10,3,1,2,16,8,8,14,6,8,15,7,8,15,7,8,2,2,0,0,0,0,0,0,0,0,0,0,0,0,0,9,9,5,2,1,0,0,0,1,4,3,1,1,2,0,1,0
533315921,2,533315922,,2,0,2,*,*,*,*,*,*,*,*,*,*,*,*,*,*,*,*,*,*,*,*,*,*,*,*,*,*,*,*,*,*,1,1,*,*,*,*,*,*,*,*,*,*,*,*,*,*,*
533315922,1,,533315921,21,9,12,2,0,2,21,9,12,11,5,6,21,9,12,20,8,12,10,4,6,4,2,2,1,0,1,0,0,0,0,0,0,8,8,3,2,2,0,2,0,0,6,3,3,0,8,0,3,0
533315923,0,,,40,22,18,1,1,0,39,21,18,17,9,8,39,21,18,39,21,18,22,12,10,10,5,5,8,3,5,0,0,0,0,0,0,14,14,2,5,0,7,0,0,0,12,6,6,0,13,0,2,2
533315924,0,,,12,7,5,2,2,0,10,5,5,5,2,3,10,5,5,10,5,5,5,3,2,2,2,0,0,0,0,0,0,0,0,0,0,4,4,0,3,0,0,0,1,0,4,3,1,0,3,0,0,2
533315931,2,533315933,,3,1,2,*,*,*,*,*,*,*,*,*,*,*,*,*,*,*,*,*,*,*,*,*,*,*,*,*,*,*,*,*,*,1,1,*,*,*,*,*,*,*,*,*,*,*,*,*,*,*
533315933,1,,533315931,50,29,21,2,1,1,51,29,22,32,18,14,50,28,22,50,28,22,19,11,8,15,8,7,5,2,3,1,1,0,0,0,0,16,16,2,5,4,2,3,1,0,15,8,7,0,14,0,2,1
533315934,0,,,348,178,170,60,36,24,288,142,146,218,106,112,281,139,142,273,136,137,70,36,34,26,12,14,7,2,5,1,0,1,2,2,0,128,128,26,36,31,22,11,1,1,100,87,13,17,46,4,11,14
533315942,1,,533315843;533315844,72,37,35,10,6,4,65,33,32,36,16,20,62,33,29,62,33,29,29,17,12,16,9,7,9,6,3,0,0,0,0,0,0,24,24,10,5,5,2,1,3,1,17,9,8,2,21,0,6,3
533315943,2,533315944,,10,5,5,*,*,*,*,*,*,*,*,*,*,*,*,*,*,*,*,*,*,*,*,*,*,*,*,*,*,*,*,*,*,2,2,*,*,*,*,*,*,*,*,*,*,*,*,*,*,*
533315944,1,,533315943,69,29,40,14,8,6,65,26,39,53,22,31,59,23,36,55,21,34,12,4,8,7,3,4,2,1,1,0,0,0,0,0,0,31,31,11,9,6,3,4,0,0,22,19,3,3,11,0,6,1
533315951,0,,,405,198,207,40,17,23,365,181,184,198,104,94,355,175,180,353,173,180,167,77,90,95,41,54,25,9,16,0,0,0,5,2,3,153,153,39,51,29,13,11,3,7,113,82,31,13,109,0,25,31
533315952,0,,,450,211,239,43,22,21,407,189,218,266,134,132,393,183,210,381,175,206,141,55,86,67,23,44,19,4,15,1,0,1,6,1,5,166,166,49,32,41,19,16,5,4,115,79,36,8,101,3,27,9
533315953,0,,,351,178,173,46,22,24,305,156,149,185,100,85,294,150,144,288,147,141,120,56,64,61,27,34,20,6,14,3,0,3,2,0,2,128,128,37,32,24,17,6,7,5,91,66,25,15,77,2,21,15
533315954,0,,,329,151,178,40,19,21,289,132,157,175,86,89,284,129,155,282,129,153,114,46,68,49,17,32,16,5,11,3,0,3,1,0,1,139,139,40,50,22,16,8,2,1,98,77,21,15,76,1,17,18
533315961,2,533315962,,3,2,1,*,*,*,*,*,*,*,*,*,*,*,*,*,*,*,*,*,*,*,*,*,*,*,*,*,*,*,*,*,*,2,2,*,*,*,*,*,*,*,*,*,*,*,*,*,*,*
533315962,1,,533315961;533315963;533315964,67,27,40,6,3,3,69,29,40,44,20,24,68,28,40,68,28,40,25,9,16,13,2,11,4,0,4,0,0,0,4,0,4,24,24,8,7,6,3,2,1,1,19,11,8,3,18,3,3,3
533315963,2,533315962,,2,1,1,*,*,*,*,*,*,*,*,*,*,*,*,*,*,*,*,*,*,*,*,*,*,*,*,*,*,*,*,*,*,1,1,*,*,*,*,*,*,*,*,*,*,*,*,*,*,*
533315964,2,533315962,,3,2,1,*,*,*,*,*,*,*,*,*,*,*,*,*,*,*,*,*,*,*,*,*,*,*,*,*,*,*,*,*,*,1,1,*,*,*,*,*,*,*,*,*,*,*,*,*,*,*
533315974,2,533315983,,8,3,5,*,*,*,*,*,*,*,*,*,*,*,*,*,*,*,*,*,*,*,*,*,*,*,*,*,*,*,*,*,*,4,4,*,*,*,*,*,*,*,*,*,*,*,*,*,*,*
533315981,0,,,22,9,13,2,0,2,20,9,11,12,6,6,20,9,11,20,9,11,8,3,5,2,0,2,2,0,2,0,0,0,0,0,0,6,6,0,3,0,1,1,0,1,6,3,3,1,5,0,0,1
533315983,1,,533315974,314,146,168,35,15,20,287,134,153,166,80,86,275,131,144,273,130,143,121,54,67,60,25,35,21,9,12,1,0,1,1,0,1,101,101,15,31,26,17,5,6,5,89,49,40,7,79,0,9,16
533315984,0,,,258,123,135,27,8,19,231,115,116,138,73,65,220,108,112,215,104,111,93,42,51,53,20,33,19,7,12,0,0,0,1,0,1,82,82,12,23,17,13,11,2,4,70,41,29,4,61,1,8,10
533315991,0,,,27,13,14,3,1,2,24,12,12,15,9,6,23,12,11,23,12,11,9,3,6,5,1,4,2,0,2,0,0,0,0,0,0,7,7,1,0,1,4,0,0,1,6,1,5,0,6,0,1,0
533315992,0,,,117,56,61,6,4,2,111,52,59,51,27,24,109,50,59,105,48,57,60,25,35,34,15,19,14,3,11,2,0,2,0,0,0,51,51,14,18,14,2,1,2,0,37,27,10,3,39,0,8,12
533315993,0,,,293,131,162,29,16,13,264,115,149,156,71,85,262,115,147,258,115,143,108,44,64,55,24,31,23,11,12,3,1,2,2,0,2,97,97,17,28,20,15,7,5,5,80,45,35,8,72,0,11,13
533315994,0,,,102,47,55,16,8,8,86,39,47,59,28,31,81,38,43,80,38,42,27,11,16,9,4,5,2,0,2,0,0,0,0,0,0,36,36,8,12,7,3,1,3,2,28,21,7,2,19,0,5,3
533316002,0,,,162,80,82,26,12,14,136,68,68,84,45,39,132,66,66,126,60,66,52,23,29,17,5,12,8,2,6,0,0,0,0,0,0,68,68,21,23,13,5,4,0,2,47,39,8,7,35,0,7,9
533316003,0,,,12,7,5,0,0,0,12,7,5,4,3,1,12,7,5,12,7,5,8,4,4,6,3,3,0,0,0,0,0,0,0,0,0,4,4,0,1,2,1,0,0,0,4,4,0,0,4,0,0,1
533316004,0,,,124,66,58,30,17,13,94,49,45,59,34,25,91,46,45,88,44,44,35,15,20,13,4,9,5,1,4,0,0,0,0,0,0,39,39,7,10,7,8,3,1,3,32,24,8,6,22,0,3,4
533316011,0,,,14,7,7,0,0,0,14,7,7,11,5,6,14,7,7,14,7,7,3,2,1,2,1,1,0,0,0,0,0,0,0,0,0,5,5,1,1,2,0,1,0,0,4,4,0,0,2,0,1,0
533316012,0,,,81,42,39,14,8,6,67,34,33,46,21,25,61,32,29,61,32,29,21,13,8,8,6,2,4,2,2,1,0,1,0,0,0,23,23,3,3,7,3,5,0,2,20,11,9,3,13,0,2,2
533316013,0,,,174,85,89,19,8,11,155,77,78,86,47,39,151,74,77,149,72,77,69,30,39,24,11,13,8,1,7,2,1,1,0,0,0,62,62,15,15,17,3,7,4,1,47,26,21,5,46,0,8,4
533316014,0,,,74,39,35,3,3,0,71,36,35,39,21,18,68,34,34,67,33,34,32,15,17,18,6,12,9,3,6,1,1,0,0,0,0,30,30,10,8,6,3,1,1,1,20,13,7,2,24,0,9,4
533316021,0,,,121,56,65,9,5,4,112,51,61,60,30,30,109,49,60,106,48,58,52,21,31,29,11,18,9,2,7,3,0,3,0,0,0,44,44,4,21,9,5,2,3,0,40,31,9,3,32,0,2,10
533316022,0,,,62,30,32,5,0,5,57,30,27,35,21,14,53,27,26,52,27,25,22,9,13,10,4,6,4,2,2,1,0,1,0,0,0,20,20,3,6,4,2,4,0,1,17,9,8,2,14,0,1,2
533316023,0,,,150,69,81,29,14,15,121,55,66,67,31,36,118,53,65,116,52,64,54,24,30,27,11,16,13,2,11,2,1,1,0,0,0,46,46,8,15,9,3,3,3,5,38,23,15,5,36,0,7,8
533316024,0,,,44,21,23,5,2,3,39,19,20,26,13,13,38,18,20,37,17,20,13,6,7,7,3,4,1,0,1,0,0,0,0,0,0,16,16,4,6,0,4,0,2,0,12,8,4,1,10,0,4,2
533316031,0,,,13,7,6,2,1,1,11,6,5,5,3,2,10,5,5,10,5,5,6,3,3,1,0,1,0,0,0,0,0,0,0,0,0,5,5,0,4,0,0,1,0,0,5,5,0,0,3,0,0,3
533316032,0,,,205,96,109,23,14,9,182,82,100,118,56,62,172,79,93,167,77,90,64,26,38,22,7,15,6,0,6,1,0,1,1,0,1,75,75,15,23,18,11,3,4,1,60,47,13,5,43,1,9,10
533316033,0,,,165,83,82,33,16,17,132,67,65,84,43,41,127,64,63,125,64,61,48,24,24,28,12,16,8,4,4,0,0,0,0,0,0,55,55,12,11,13,10,5,1,3,43,30,13,5,33,1,6,6
533316034,0,,,364,175,189,72,38,34,291,136,155,217,105,112,276,132,144,269,128,141,74,31,43,32,12,20,3,0,3,1,0,1,0,0,0,122,122,22,29,30,24,8,6,3,99,82,17,25,48,3,11,12
533316041,0,,,749,354,395,151,71,80,598,283,315,377,186,191,584,272,312,574,267,307,221,97,124,111,49,62,37,15,22,3,1,2,6,4,2,271,270,53,91,50,37,24,11,4,214,182,32,39,149,6,34,44
533316042,0,,,399,172,227,53,22,31,346,150,196,218,103,115,336,146,190,329,144,185,128,47,81,72,20,52,24,3,21,2,0,2,1,1,0,153,153,40,42,34,18,14,4,1,112,87,25,9,92,1,27,15
533316043,0,,,176,85,91,37,17,20,139,68,71,98,53,45,131,61,70,129,60,69,41,15,26,17,8,9,3,0,3,0,0,0,4,1,3,59,59,9,19,12,7,8,3,1,49,43,6,10,28,2,5,5
533316044,0,,,552,237,315,88,42,46,462,194,268,272,119,153,448,190,258,436,184,252,190,75,115,93,38,55,27,8,19,3,2,1,9,4,5,227,227,67,77,30,33,14,4,2,158,136,22,18,130,0,41,38
533316051,0,,,20,10,10,5,3,2,15,7,8,8,4,4,15,7,8,15,7,8,7,3,4,3,1,2,1,0,1,0,0,0,0,0,0,6,6,1,3,1,0,0,0,1,5,4,1,1,5,0,1,1
533316053,0,,,526,252,274,60,29,31,466,223,243,264,138,126,441,210,231,436,208,228,202,85,117,109,46,63,20,6,14,1,0,1,1,0,1,181,176,48,61,30,18,14,2,3,127,98,29,14,115,7,27,34
533316054,0,,,52,29,23,16,12,4,36,17,19,17,11,6,29,12,17,27,11,16,19,6,13,13,5,8,1,0,1,0,0,0,0,0,0,17,13,3,6,2,2,0,0,0,10,7,3,0,13,0,3,5
533316062,2,533316071,,7,3,4,*,*,*,*,*,*,*,*,*,*,*,*,*,*,*,*,*,*,*,*,*,*,*,*,*,*,*,*,*,*,4,4,*,*,*,*,*,*,*,*,*,*,*,*,*,*,*
533316071,1,,533316062,4,2,2,0,0,0,11,5,6,2,1,1,11,5,6,11,5,6,9,4,5,7,3,4,1,0,1,0,0,0,0,0,0,2,2,2,3,1,0,0,0,0,4,4,0,0,6,0,2,2
533316072,0,,,19,10,9,7,4,3,12,6,6,7,3,4,12,6,6,12,6,6,5,3,2,0,0,0,0,0,0,0,0,0,0,0,0,5,5,0,1,1,2,0,1,0,5,3,2,1,4,0,0,1
533316073,0,,,156,63,93,20,8,12,133,54,79,70,30,40,128,53,75,125,51,74,63,24,39,32,12,20,10,4,6,3,1,2,2,0,2,69,69,23,25,15,1,1,1,3,45,37,8,5,41,5,12,13
533316074,0,,,428,204,224,69,36,33,356,167,189,238,117,121,346,160,186,341,158,183,118,50,68,53,19,34,12,2,10,0,0,0,15,9,6,204,204,90,54,31,17,6,4,2,112,99,13,22,83,4,33,21
533316081,0,,,55,25,30,2,0,2,53,25,28,28,14,14,53,25,28,52,25,27,25,11,14,13,5,8,5,2,3,0,0,0,0,0,0,17,17,2,4,3,5,2,1,0,15,9,6,1,15,0,1,2
533316082,0,,,69,37,32,3,3,0,66,34,32,45,26,19,66,34,32,66,34,32,21,8,13,12,4,8,4,1,3,0,0,0,6,6,0,32,32,13,8,4,7,0,0,0,19,13,6,1,16,3,5,2
533316083,0,,,112,54,58,12,5,7,100,49,51,49,26,23,98,48,50,97,48,49,51,23,28,28,14,14,11,3,8,0,0,0,0,0,0,40,40,6,12,12,6,3,0,1,34,29,5,4,30,0,6,9
533316101,0,,,21,8,13,0,0,0,21,8,13,10,4,6,20,8,12,20,8,12,11,4,7,2,0,2,2,0,2,0,0,0,0,0,0,8,8,0,4,3,1,0,0,0,8,7,1,0,6,0,0,2
533316102,0,,,50,27,23,2,1,1,48,26,22,25,14,11,47,25,22,47,25,22,23,12,11,8,4,4,3,1,2,0,0,0,0,0,0,15,15,1,4,3,3,4,0,0,14,7,7,0,13,0,1,3
533316103,0,,,28,15,13,6,3,3,22,12,10,10,6,4,22,12,10,22,12,10,12,6,6,6,3,3,2,0,2,0,0,0,0,0,0,9,9,3,2,1,0,1,1,1,6,3,3,2,8,0,3,1
533316111,0,,,47,26,21,5,4,1,42,22,20,22,11,11,42,22,20,42,22,20,20,11,9,10,5,5,2,0,2,1,0,1,0,0,0,15,15,2,5,4,1,1,0,2,13,9,4,1,11,0,0,3
533316122,2,533316124,,6,3,3,*,*,*,*,*,*,*,*,*,*,*,*,*,*,*,*,*,*,*,*,*,*,*,*,*,*,*,*,*,*,3,3,*,*,*,*,*,*,*,*,*,*,*,*,*,*,*
533316124,1,,533316122,13,6,7,2,1,1,17,8,9,7,3,4,16,8,8,16,8,8,10,5,5,5,2,3,1,0,1,0,0,0,0,0,0,4,4,0,5,1,0,0,1,0,7,6,1,1,5,0,0,3
533316131,0,,,95,49,46,10,5,5,85,44,41,44,26,18,83,43,40,82,43,39,41,18,23,23,8,15,7,3,4,0,0,0,0,0,0,34,34,2,13,11,6,2,0,0,32,27,5,2,27,0,2,7
533316132,0,,,665,341,324,111,69,42,534,259,275,408,201,207,502,242,260,493,238,255,126,58,68,49,19,30,8,1,7,0,0,0,11,7,4,272,272,83,82,49,30,18,9,1,188,169,19,23,86,18,21,26
533316133,0,,,194,89,105,27,16,11,167,73,94,105,47,58,163,73,90,160,73,87,62,26,36,32,11,21,13,5,8,2,0,2,1,1,0,60,60,8,16,10,12,9,4,1,52,33,19,7,38,1,4,7
533316141,0,,,568,272,296,83,42,41,485,230,255,300,148,152,468,221,247,457,216,241,185,82,103,86,40,46,32,12,20,4,2,2,0,0,0,218,218,59,68,39,25,13,10,4,157,128,29,20,128,2,34,35
533316142,0,,,408,183,225,43,24,19,364,158,206,221,102,119,352,152,200,345,150,195,143,56,87,85,26,59,33,8,25,3,0,3,2,1,1,168,167,50,58,26,22,9,1,1,116,97,19,14,91,2,26,24
533316143,0,,,806,376,430,125,59,66,681,317,364,433,210,223,654,298,356,638,291,347,248,107,141,126,48,78,36,10,26,2,0,2,2,1,1,318,318,92,95,53,49,18,4,7,225,188,37,33,171,1,57,45
533316144,0,,,480,211,269,57,28,29,422,182,240,236,107,129,415,180,235,410,178,232,186,75,111,102,42,60,41,15,26,1,1,0,2,0,2,212,212,75,65,34,24,7,7,0,136,113,23,15,129,1,43,36
533316151,0,,,356,149,207,54,23,31,302,126,176,164,78,86,289,119,170,287,118,169,138,48,90,85,25,60,38,10,28,10,4,6,2,0,2,154,152,56,45,25,18,4,2,2,95,83,12,14,89,3,35,24
533316153,0,,,929,412,517,71,34,37,858,378,480,424,214,210,845,373,472,838,370,468,434,164,270,250,83,167,102,24,78,9,2,7,1,1,0,428,428,147,144,82,36,13,3,3,279,224,55,17,295,1,102,64
533316154,0,,,633,283,350,32,16,16,601,267,334,235,112,123,587,258,329,579,254,325,366,155,211,245,92,153,124,33,91,18,2,16,1,0,1,219,216,66,74,35,28,8,3,2,148,114,34,4,165,0,48,41
533316161,0,,,32,15,17,0,0,0,32,15,17,8,6,2,32,15,17,32,15,17,24,9,15,14,7,7,7,2,5,0,0,0,0,0,0,16,16,4,9,2,1,0,0,0,12,10,2,0,14,0,4,7
533316162,0,,,101,50,51,8,6,2,93,44,49,43,23,20,90,43,47,88,43,45,50,21,29,34,13,21,12,4,8,0,0,0,0,0,0,39,39,8,13,12,3,1,1,1,31,28,3,2,32,0,8,8
533316163,0,,,956,430,526,111,58,53,843,372,471,493,239,254,818,359,459,809,354,455,350,133,217,204,72,132,86,26,60,8,0,8,7,2,5,443,442,170,133,77,35,22,2,3,268,218,50,28,253,12,91,51
533316164,0,,,633,299,334,82,40,42,547,256,291,297,156,141,536,250,286,533,249,284,250,100,150,149,55,94,56,19,37,4,2,2,3,0,3,301,301,122,91,45,28,10,3,2,179,148,31,24,182,2,67,39
533316171,0,,,627,301,326,77,38,39,544,258,286,377,186,191,528,250,278,520,247,273,167,72,95,90,33,57,31,10,21,1,0,1,1,0,1,275,275,99,77,48,35,10,3,3,174,147,27,19,120,9,33,27
533316172,0,,,423,200,223,82,34,48,330,161,169,277,137,140,320,157,163,316,155,161,53,24,29,17,6,11,5,2,3,0,0,0,8,6,2,206,206,99,45,35,17,4,2,4,104,98,6,32,42,12,19,7
533316173,0,,,740,328,412,143,78,65,593,247,346,408,172,236,566,238,328,549,229,320,185,75,110,90,33,57,34,11,23,3,2,1,0,0,0,278,277,84,74,41,46,19,9,4,190,167,23,36,117,4,45,27
533316174,0,,,374,179,195,68,35,33,301,141,160,203,100,103,293,138,155,291,136,155,98,41,57,48,19,29,12,3,9,2,1,1,0,0,0,146,146,41,40,30,20,10,3,2,105,87,18,20,66,3,20,17
533316181,1,,533316182,55,25,30,11,4,7,66,30,36,31,17,14,63,29,34,63,29,34,35,13,22,21,9,12,10,2,8,2,0,2,0,0,0,16,16,1,6,3,6,0,2,1,18,12,6,2,12,0,0,4
533316182,2,533316181,,22,9,13,*,*,*,*,*,*,*,*,*,*,*,*,*,*,*,*,*,*,*,*,*,*,*,*,*,*,*,*,*,*,4,3,*,*,*,*,*,*,*,*,*,*,*,*,*,*,*
533316183,0,,,689,330,359,90,47,43,598,283,315,414,202,212,577,273,304,565,268,297,184,81,103,73,26,47,25,9,16,1,0,1,4,1,3,262,262,53,95,45,42,20,6,1,205,174,31,20,129,0,34,26
533316184,0,,,184,88,96,27,13,14,153,73,80,91,45,46,147,70,77,147,70,77,62,28,34,32,12,20,12,5,7,0,0,0,0,0,0,69,69,19,22,13,3,4,6,2,49,36,13,4,38,3,8,7
533316191,0,,,33,15,18,7,2,5,26,13,13,11,5,6,26,13,13,26,13,13,15,8,7,6,4,2,2,1,1,0,0,0,0,0,0,9,9,2,0,4,0,1,0,2,7,4,3,1,9,0,2,0
533316192,0,,,43,19,24,9,4,5,34,15,19,21,10,11,33,14,19,33,14,19,13,5,8,6,3,3,3,2,1,0,0,0,0,0,0,11,11,0,4,0,3,2,1,1,11,5,6,3,9,0,0,2
533316202,2,533316204,,4,2,2,*,*,*,*,*,*,*,*,*,*,*,*,*,*,*,*,*,*,*,*,*,*,*,*,*,*,*,*,*,*,2,2,*,*,*,*,*,*,*,*,*,*,*,*,*,*,*
533316204,1,,533316202,12,7,5,1,1,0,15,8,7,8,5,3,15,8,7,15,8,7,7,3,4,4,1,3,2,0,2,0,0,0,0,0,0,7,7,4,3,2,0,0,0,0,5,5,0,0,5,0,2,2
533316213,1,,533316214,47,21,26,9,3,6,40,19,21,22,10,12,40,19,21,39,19,20,18,9,9,4,1,3,3,1,2,0,0,0,0,0,0,17,17,7,4,2,2,0,1,2,11,7,4,2,12,0,5,3
533316214,2,533316213,,2,1,1,*,*,*,*,*,*,*,*,*,*,*,*,*,*,*,*,*,*,*,*,*,*,*,*,*,*,*,*,*,*,1,1,*,*,*,*,*,*,*,*,*,*,*,*,*,*,*
533316222,2,533316223,,103,76,27,*,*,*,*,*,*,*,*,*,*,*,*,*,*,*,*,*,*,*,*,*,*,*,*,*,*,*,*,*,*,5,3,*,*,*,*,*,*,*,*,*,*,*,*,*,*,*
533316223,1,,533316222;533316224,11,5,6,4,3,1,114,80,34,99,73,26,30,15,15,24,11,13,15,7,8,4,1,3,1,0,1,0,0,0,0,0,0,6,6,2,7,1,0,0,0,1,9,6,3,1,8,0,1,4
533316224,2,533316223,,4,2,2,*,*,*,*,*,*,*,*,*,*,*,*,*,*,*,*,*,*,*,*,*,*,*,*,*,*,*,*,*,*,2,2,*,*,*,*,*,*,*,*,*,*,*,*,*,*,*
533316231,0,,,167,79,88,25,15,10,142,64,78,86,40,46,137,63,74,133,60,73,56,24,32,13,5,8,6,1,5,1,0,1,0,0,0,51,51,8,12,8,11,7,3,2,43,26,17,7,33,1,4,8
533316232,0,,,151,66,85,11,6,5,140,60,80,76,32,44,136,57,79,132,57,75,64,28,36,38,15,23,15,5,10,0,0,0,1,1,0,54,54,12,12,16,8,2,3,1,42,26,16,4,42,1,10,7
533316233,0,,,142,65,77,18,9,9,124,56,68,70,34,36,119,55,64,118,55,63,54,22,32,23,9,14,3,0,3,0,0,0,0,0,0,40,40,6,7,11,3,4,8,1,34,18,16,6,33,0,4,5
533316234,0,,,37,14,23,5,1,4,32,13,19,18,9,9,32,13,19,32,13,19,14,4,10,7,2,5,4,0,4,0,0,0,0,0,0,13,13,2,5,2,2,1,1,0,11,7,4,2,9,0,0,3
533316241,0,,,656,282,374,93,42,51,562,239,323,263,129,134,546,229,317,541,229,312,299,110,189,218,72,146,125,29,96,28,3,25,5,3,2,197,192,47,64,35,30,12,3,1,143,133,10,23,89,4,27,30
533316242,0,,,573,280,293,96,58,38,474,220,254,306,148,158,455,212,243,444,206,238,168,72,96,76,32,44,23,8,15,2,0,2,7,4,3,225,224,69,62,49,29,8,3,4,153,137,16,20,112,5,45,22
533316243,0,,,121,58,63,9,8,1,112,50,62,63,28,35,109,49,60,106,47,59,49,22,27,27,11,16,2,1,1,0,0,0,0,0,0,45,45,10,16,8,4,4,2,1,35,23,12,1,32,0,5,5
533316244,0,,,204,97,107,32,18,14,172,79,93,130,63,67,168,77,91,166,77,89,42,16,26,26,9,17,12,1,11,0,0,0,0,0,0,90,89,35,27,16,6,5,0,0,51,48,3,15,18,6,7,5
533316251,0,,,640,300,340,42,19,23,597,280,317,332,174,158,592,276,316,587,273,314,265,106,159,160,49,111,65,22,43,3,0,3,2,0,2,304,304,115,96,59,23,6,3,2,189,160,29,18,192,9,68,38
533316252,0,,,488,225,263,48,33,15,439,191,248,226,111,115,427,184,243,419,183,236,213,80,133,133,41,92,75,20,55,14,3,11,6,1,5,220,219,102,62,26,18,8,3,0,117,104,13,15,123,8,64,19
533316253,0,,,109,44,65,11,3,8,97,40,57,61,27,34,94,39,55,94,39,55,36,13,23,20,4,16,9,1,8,0,0,0,0,0,0,47,47,18,12,6,7,3,1,0,27,19,8,3,27,0,9,3
533316254,0,,,63,32,31,4,1,3,59,31,28,38,19,19,56,31,25,56,31,25,21,12,9,5,1,4,1,0,1,1,0,1,0,0,0,14,13,6,2,2,1,1,0,1,7,3,4,0,9,0,3,1
533316261,0,,,419,197,222,41,20,21,376,177,199,205,105,100,366,172,194,360,167,193,171,72,99,95,35,60,42,10,32,5,0,5,2,0,2,189,183,86,49,23,18,4,2,1,97,87,10,11,105,6,42,28
533316262,0,,,457,217,240,59,32,27,395,184,211,272,142,130,393,184,209,385,178,207,123,42,81,67,17,50,39,7,32,8,0,8,4,3,1,217,214,102,50,36,17,6,2,1,109,96,13,24,63,25,16,16
533316263,0,,,11,4,7,1,0,1,10,4,6,6,2,4,9,4,5,9,4,5,4,2,2,3,1,2,0,0,0,0,0,0,0,0,0,5,5,2,0,3,0,0,0,0,3,3,0,0,3,0,2,0
533316264,0,,,222,70,152,7,6,1,215,64,151,48,21,27,209,59,150,207,59,148,167,43,124,138,32,106,103,18,85,26,4,22,0,0,0,36,35,7,10,7,8,3,0,0,28,20,8,0,27,1,5,6
533316271,0,,,917,389,528,104,60,44,803,324,479,541,224,317,781,313,468,755,308,447,262,100,162,170,53,117,77,17,60,9,2,7,1,1,0,363,359,122,105,72,35,22,2,1,232,197,35,40,160,19,56,36
533316272,0,,,340,172,168,39,24,15,292,142,150,212,106,106,280,135,145,272,131,141,80,36,44,30,11,19,7,2,5,0,0,0,3,3,0,152,152,55,39,34,18,4,1,1,95,82,13,13,52,12,11,14
533316273,0,,,386,169,217,30,19,11,343,144,199,193,94,99,338,142,196,332,138,194,150,50,100,103,29,74,63,14,49,9,1,8,1,0,1,172,169,77,49,29,7,6,1,0,89,78,11,12,63,14,20,15
533316274,0,,,242,122,120,18,9,9,208,103,105,121,71,50,203,100,103,201,98,103,87,32,55,44,13,31,25,7,18,4,1,3,1,1,0,111,110,53,25,14,13,4,0,1,53,42,11,3,48,10,16,12
533316281,0,,,546,266,280,81,46,35,460,217,243,319,155,164,444,210,234,435,202,233,141,62,79,60,26,34,15,4,11,0,0,0,0,0,0,223,222,69,69,32,31,11,8,2,148,121,27,21,95,8,26,25
533316283,0,,,128,63,65,22,15,7,105,47,58,89,40,49,103,45,58,99,45,54,16,7,9,6,3,3,1,0,1,0,0,0,1,1,0,58,58,21,16,11,8,2,0,0,36,32,4,11,11,3,3,2
533316302,2,533316304,,2,1,1,*,*,*,*,*,*,*,*,*,*,*,*,*,*,*,*,*,*,*,*,*,*,*,*,*,*,*,*,*,*,1,1,*,*,*,*,*,*,*,*,*,*,*,*,*,*,*
533316304,1,,533316302,22,11,11,0,0,0,24,12,12,11,7,4,23,12,11,23,12,11,13,5,8,12,4,8,7,3,4,0,0,0,0,0,0,8,8,1,4,2,1,1,0,0,8,4,4,0,7,0,1,2
533316311,1,,533316312;533316313,13,8,5,3,3,0,17,8,9,12,5,7,16,7,9,15,7,8,5,3,2,2,1,1,0,0,0,0,0,0,0,0,0,4,4,2,1,1,2,1,0,0,5,5,0,0,4,0,1,1
533316312,2,533316311,,5,2,3,*,*,*,*,*,*,*,*,*,*,*,*,*,*,*,*,*,*,*,*,*,*,*,*,*,*,*,*,*,*,2,2,*,*,*,*,*,*,*,*,*,*,*,*,*,*,*
533316313,2,533316311,,2,1,1,*,*,*,*,*,*,*,*,*,*,*,*,*,*,*,*,*,*,*,*,*,*,*,*,*,*,*,*,*,*,1,1,*,*,*,*,*,*,*,*,*,*,*,*,*,*,*
533316332,2,533316334,,9,6,3,*,*,*,*,*,*,*,*,*,*,*,*,*,*,*,*,*,*,*,*,*,*,*,*,*,*,*,*,*,*,3,3,*,*,*,*,*,*,*,*,*,*,*,*,*,*,*
533316334,1,,533316332,64,31,33,12,5,7,61,32,29,36,21,15,60,31,29,60,31,29,25,11,14,12,7,5,3,2,1,0,0,0,0,0,0,21,21,6,5,5,2,3,2,1,17,12,5,1,17,0,4,2
533316341,0,,,80,40,40,7,5,2,73,35,38,45,24,21,71,34,37,71,34,37,28,11,17,14,5,9,6,3,3,0,0,0,0,0,0,31,31,5,16,4,3,2,0,1,26,24,2,1,18,0,5,8
533316342,0,,,171,80,91,15,8,7,156,72,84,81,42,39,151,70,81,149,69,80,75,30,45,37,15,22,10,4,6,1,1,0,3,1,2,58,58,10,15,16,6,7,4,0,47,30,17,4,45,0,8,10
533316343,0,,,131,66,65,14,8,6,117,58,59,76,40,36,117,58,59,115,58,57,41,18,23,19,4,15,8,1,7,2,0,2,0,0,0,46,46,9,13,9,9,4,1,1,37,24,13,4,33,0,8,2
533316344,0,,,25,12,13,1,0,1,24,12,12,13,7,6,23,12,11,23,12,11,11,5,6,5,3,2,2,1,1,0,0,0,1,0,1,10,10,3,2,3,1,1,0,0,7,3,4,1,8,0,2,2
533316351,0,,,374,180,194,62,36,26,307,140,167,186,88,98,297,134,163,290,131,159,121,52,69,51,20,31,12,2,10,1,0,1,4,4,0,167,167,65,51,20,14,13,2,2,99,87,12,14,86,5,31,24
533316354,0,,,18,5,13,5,1,4,13,4,9,9,3,6,12,4,8,11,4,7,4,1,3,2,0,2,0,0,0,0,0,0,0,0,0,5,5,1,2,0,1,0,0,1,4,3,1,1,3,0,1,1
533316362,0,,,90,37,53,5,2,3,83,34,49,47,21,26,80,33,47,79,33,46,36,13,23,19,7,12,8,1,7,0,0,0,1,0,1,40,40,11,17,7,3,1,0,1,28,23,5,0,26,0,7,8
533316364,0,,,26,13,13,4,1,3,22,12,10,17,10,7,21,12,9,21,12,9,5,2,3,3,1,2,2,1,1,0,0,0,0,0,0,11,11,4,2,3,1,1,0,0,7,7,0,1,4,0,2,1
533316371,0,,,138,66,72,12,7,5,123,57,66,61,26,35,120,56,64,119,56,63,62,31,31,37,16,21,12,5,7,2,0,2,1,0,1,56,56,13,22,9,7,4,1,0,43,35,8,2,38,1,6,9
533316372,0,,,642,308,334,89,44,45,536,252,284,384,188,196,520,244,276,512,239,273,152,64,88,69,28,41,22,6,16,5,1,4,12,5,7,307,307,143,71,41,35,12,3,2,160,138,22,29,110,20,36,22
533316373,0,,,69,33,36,10,4,6,56,28,28,36,18,18,55,27,28,54,27,27,20,10,10,11,5,6,2,1,1,0,0,0,0,0,0,28,28,7,10,4,6,0,1,0,20,19,1,2,12,0,1,6
533316374,0,,,647,289,358,69,35,34,554,238,316,340,153,187,545,234,311,538,233,305,214,85,129,129,42,87,67,18,49,9,1,8,3,0,3,361,360,201,91,37,22,8,0,1,154,143,11,21,159,21,89,35
533316381,0,,,340,165,175,33,17,16,289,136,153,178,87,91,283,135,148,281,135,146,111,49,62,56,24,32,16,5,11,1,0,1,4,2,2,163,163,64,56,20,14,6,3,0,94,82,12,9,77,5,24,24
533316383,0,,,685,320,365,82,48,34,587,262,325,441,210,231,563,252,311,547,246,301,146,52,94,68,19,49,27,5,22,3,0,3,27,6,21,329,327,143,89,44,35,14,2,0,179,153,26,24,101,35,28,30
533316393,1,,533316394,17,8,9,0,0,0,20,9,11,8,4,4,20,9,11,20,9,11,12,5,7,4,0,4,1,0,1,1,0,1,0,0,0,8,8,3,3,1,2,0,0,0,6,4,2,0,8,0,3,2
533316394,2,533316393,,3,1,2,*,*,*,*,*,*,*,*,*,*,*,*,*,*,*,*,*,*,*,*,*,*,*,*,*,*,*,*,*,*,1,1,*,*,*,*,*,*,*,*,*,*,*,*,*,*,*
533316402,0,,,16,6,10,3,1,2,13,5,8,8,2,6,12,5,7,11,5,6,5,3,2,1,0,1,1,0,1,0,0,0,0,0,0,4,4,0,1,1,1,0,0,1,4,2,2,0,3,0,0,1
533316412,2,533316414,,3,2,1,*,*,*,*,*,*,*,*,*,*,*,*,*,*,*,*,*,*,*,*,*,*,*,*,*,*,*,*,*,*,2,2,*,*,*,*,*,*,*,*,*,*,*,*,*,*,*
533316414,1,,533316412,55,28,27,10,6,4,48,24,24,32,18,14,47,23,24,46,23,23,16,6,10,6,1,5,3,0,3,0,0,0,0,0,0,14,14,3,3,3,1,2,2,2,13,6,7,2,11,0,0,2
533316421,2,533316423,,11,6,5,*,*,*,*,*,*,*,*,*,*,*,*,*,*,*,*,*,*,*,*,*,*,*,*,*,*,*,*,*,*,3,3,*,*,*,*,*,*,*,*,*,*,*,*,*,*,*
533316422,0,,,31,16,15,2,2,0,29,14,15,14,7,7,29,14,15,29,14,15,15,7,8,9,5,4,1,0,1,0,0,0,0,0,0,11,11,0,7,1,2,0,1,0,10,9,1,1,9,0,0,4
533316423,1,,533316421,4,1,3,1,0,1,14,7,7,9,5,4,14,7,7,14,7,7,5,2,3,2,0,2,1,0,1,0,0,0,0,0,0,2,2,1,0,2,2,0,0,0,4,3,1,0,3,0,1,0
533316424,0,,,68,33,35,2,0,2,66,33,33,37,21,16,63,32,31,61,31,30,29,12,17,17,7,10,6,3,3,1,1,0,0,0,0,22,22,5,4,3,5,4,1,0,15,6,9,1,19,0,3,1
533316432,0,,,54,28,26,10,9,1,44,19,25,28,13,15,44,19,25,43,19,24,16,6,10,4,0,4,2,0,2,0,0,0,0,0,0,18,18,2,7,5,1,1,1,1,16,10,6,3,10,0,2,3
533316433,0,,,18,9,9,2,1,1,16,8,8,10,6,4,16,8,8,16,8,8,6,2,4,0,0,0,0,0,0,0,0,0,0,0,0,6,6,1,1,2,1,1,0,0,5,4,1,1,4,0,1,0
533316434,0,,,119,59,60,16,7,9,103,52,51,57,30,27,103,52,51,103,52,51,46,22,24,25,11,14,10,4,6,0,0,0,0,0,0,41,41,4,15,10,6,5,1,0,37,27,10,4,29,0,4,8
533316441,0,,,55,27,28,5,5,0,50,22,28,28,13,15,49,22,27,47,21,26,22,9,13,8,3,5,4,1,3,1,0,1,0,0,0,19,19,2,7,3,5,2,0,0,17,13,4,1,13,0,1,5
533316442,2,533316444,,45,24,21,*,*,*,*,*,*,*,*,*,*,*,*,*,*,*,*,*,*,*,*,*,*,*,*,*,*,*,*,*,*,3,2,*,*,*,*,*,*,*,*,*,*,*,*,*,*,*
533316443,2,533316444,,4,2,2,*,*,*,*,*,*,*,*,*,*,*,*,*,*,*,*,*,*,*,*,*,*,*,*,*,*,*,*,*,*,1,1,*,*,*,*,*,*,*,*,*,*,*,*,*,*,*
533316444,1,,533316442;533316443,27,15,12,1,1,0,75,40,35,49,27,22,75,40,35,75,40,35,26,13,13,8,3,5,3,0,3,0,0,0,0,0,0,13,13,3,8,2,3,0,0,0,13,11,2,0,11,0,3,3
533316454,0,,,16,9,7,0,0,0,16,9,7,11,5,6,16,9,7,16,9,7,5,4,1,2,1,1,1,1,0,0,0,0,0,0,0,7,7,1,3,3,0,0,0,0,6,6,0,0,4,0,1,2
533316461,2,533316464,,2,1,1,*,*,*,*,*,*,*,*,*,*,*,*,*,*,*,*,*,*,*,*,*,*,*,*,*,*,*,*,*,*,1,1,*,*,*,*,*,*,*,*,*,*,*,*,*,*,*
533316463,2,533316464,,6,1,5,*,*,*,*,*,*,*,*,*,*,*,*,*,*,*,*,*,*,*,*,*,*,*,*,*,*,*,*,*,*,2,2,*,*,*,*,*,*,*,*,*,*,*,*,*,*,*
533316464,1,,533316461;533316463,109,51,58,13,6,7,104,47,57,53,24,29,101,47,54,101,47,54,51,23,28,24,8,16,9,2,7,1,0,1,1,0,1,42,42,9,18,7,6,3,2,0,36,26,10,5,33,0,8,11
533316471,0,,,154,74,80,11,7,4,141,65,76,84,40,44,140,65,75,137,63,74,57,25,32,24,12,12,6,3,3,1,1,0,3,1,2,82,82,38,26,12,3,2,1,0,44,40,4,1,40,10,15,15
533316472,0,,,1134,533,601,122,62,60,946,432,514,616,292,324,916,411,505,901,408,493,330,140,190,161,62,99,63,17,46,7,0,7,3,1,2,589,588,306,140,68,46,21,4,3,278,242,36,33,220,44,72,55
533316473,0,,,219,90,129,41,19,22,178,71,107,97,37,60,164,67,97,163,66,97,81,34,47,43,16,27,21,7,14,3,1,2,2,0,2,88,88,22,29,17,14,4,2,0,66,53,13,8,53,1,18,16
533316474,0,,,665,287,378,59,29,30,593,248,345,290,148,142,580,241,339,569,234,335,303,100,203,220,60,160,140,33,107,32,6,26,6,6,0,261,258,108,72,37,27,8,4,2,146,124,22,19,135,8,49,30
533316481,0,,,1077,462,615,48,24,24,994,417,577,576,236,340,980,410,570,887,401,486,418,181,237,243,83,160,130,38,92,17,3,14,0,0,0,413,405,225,96,44,29,8,2,1,177,146,31,12,166,32,52,40
533316482,0,,,389,127,262,1,1,0,383,123,260,102,55,47,383,123,260,378,120,258,281,68,213,232,43,189,165,19,146,34,3,31,1,0,1,31,23,16,2,2,3,0,0,0,6,3,3,1,6,3,2,0
533316483,0,,,39,15,24,0,0,0,39,15,24,26,12,14,39,15,24,38,15,23,13,3,10,4,0,4,0,0,0,0,0,0,0,0,0,4,0,0,0,0,0,0,0,0,0,0,0,0,0,0,0,0
533316491,0,,,59,25,34,7,3,4,52,22,30,33,14,19,49,21,28,48,21,27,19,8,11,11,3,8,3,0,3,1,0,1,0,0,0,18,18,1,5,4,6,1,0,1,17,11,6,1,12,0,0,2
533316492,0,,,22,12,10,2,0,2,20,12,8,16,10,6,20,12,8,20,12,8,4,2,2,1,0,1,1,0,1,0,0,0,0,0,0,17,17,16,0,0,0,0,1,0,1,0,1,0,2,5,1,0
533316493,0,,,131,58,73,34,14,20,97,44,53,84,38,46,92,43,49,89,41,48,13,6,7,5,2,3,1,1,0,0,0,0,1,0,1,37,37,5,6,7,8,6,4,1,31,17,14,6,10,1,0,1
533316494,0,,,101,51,50,12,4,8,80,43,37,59,32,27,78,42,36,77,41,36,21,11,10,3,1,2,1,0,1,0,0,0,0,0,0,65,65,46,8,6,4,1,0,0,19,17,2,4,16,6,10,3
533316501,2,533316502,,3,1,2,*,*,*,*,*,*,*,*,*,*,*,*,*,*,*,*,*,*,*,*,*,*,*,*,*,*,*,*,*,*,1,1,*,*,*,*,*,*,*,*,*,*,*,*,*,*,*
533316502,1,,533316501,20,8,12,3,0,3,20,9,11,11,6,5,20,9,11,20,9,11,9,3,6,6,1,5,4,0,4,0,0,0,0,0,0,7,7,1,4,2,0,0,0,1,7,5,2,1,6,0,0,1
533316503,0,,,10,5,5,0,0,0,10,5,5,5,2,3,10,5,5,9,5,4,5,3,2,3,1,2,3,1,2,0,0,0,0,0,0,4,4,1,2,0,0,1,0,0,3,2,1,0,3,0,1,0
533316504,0,,,169,76,93,23,10,13,146,66,80,84,40,44,142,63,79,140,62,78,62,26,36,33,9,24,19,5,14,0,0,0,1,0,1,51,51,10,10,15,4,2,5,5,40,21,19,6,42,0,9,4
533316511,0,,,48,20,28,2,0,2,46,20,26,25,12,13,44,19,25,44,19,25,21,8,13,11,3,8,5,0,5,0,0,0,0,0,0,17,17,2,3,8,4,0,0,0,15,10,5,0,14,0,2,2
533316512,0,,,74,37,37,9,4,5,65,33,32,30,18,12,64,32,32,63,31,32,35,15,20,13,5,8,4,1,3,0,0,0,0,0,0,26,26,4,10,6,2,1,2,1,22,15,7,3,23,0,4,8
533316513,0,,,24,12,12,3,2,1,21,10,11,8,5,3,21,10,11,21,10,11,13,5,8,7,2,5,6,1,5,0,0,0,0,0,0,9,9,2,4,0,2,0,1,0,7,4,3,0,8,0,2,1
533316514,0,,,93,45,48,13,6,7,80,39,41,44,23,21,77,37,40,73,35,38,36,16,20,16,5,11,6,1,5,2,1,1,0,0,0,31,31,2,14,6,4,2,2,1,29,23,6,3,23,0,1,8
533316521,0,,,111,61,50,9,6,3,102,55,47,58,36,22,98,51,47,96,49,47,44,19,25,30,12,18,13,4,9,1,1,0,1,0,1,42,42,13,11,8,3,4,1,2,29,21,8,1,30,0,8,6
533316523,0,,,48,23,25,8,6,2,40,17,23,27,11,16,40,17,23,40,17,23,13,6,7,6,1,5,2,1,1,0,0,0,0,0,0,14,14,4,1,2,3,2,1,1,10,3,7,2,11,0,3,0
533316531,0,,,31,14,17,3,3,0,28,11,17,17,7,10,28,11,17,28,11,17,11,4,7,9,3,6,6,2,4,0,0,0,0,0,0,9,9,0,4,0,2,3,0,0,9,4,5,1,8,0,0,2
533316532,0,,,70,34,36,9,5,4,61,29,32,38,19,19,60,28,32,59,28,31,23,10,13,11,3,8,5,2,3,1,0,1,0,0,0,23,23,2,7,8,2,2,2,0,20,16,4,2,16,0,1,2
533316542,0,,,38,20,18,1,1,0,37,19,18,21,10,11,37,19,18,36,18,18,16,9,7,11,7,4,6,3,3,1,1,0,0,0,0,14,14,2,5,4,1,2,0,0,11,7,4,0,9,0,0,1
533316544,0,,,79,42,37,18,10,8,61,32,29,33,18,15,61,32,29,59,32,27,28,14,14,9,6,3,3,2,1,1,1,0,1,0,1,22,22,3,7,4,1,3,1,3,19,10,9,4,16,0,0,4
533316551,0,,,14,7,7,3,2,1,11,5,6,6,3,3,11,5,6,11,5,6,5,2,3,1,0,1,0,0,0,0,0,0,0,0,0,4,4,0,2,1,0,0,0,1,4,3,1,1,3,0,0,0
533316552,0,,,50,18,32,0,0,0,50,18,32,24,9,15,50,18,32,50,18,32,26,9,17,15,5,10,6,2,4,1,0,1,0,0,0,22,22,4,11,4,3,0,0,0,18,13,5,0,18,0,3,6
533316553,0,,,43,20,23,6,4,2,37,16,21,17,8,9,37,16,21,37,16,21,20,8,12,13,5,8,8,2,6,0,0,0,1,0,1,15,15,5,2,4,2,0,1,1,10,5,5,2,13,0,5,2
533316561,1,,533316563,57,27,30,6,1,5,58,27,31,38,20,18,58,27,31,58,27,31,20,7,13,4,0,4,3,0,3,1,0,1,0,0,0,22,22,5,10,2,7,1,0,0,20,16,4,3,14,0,4,3
533316562,0,,,461,212,249,79,46,33,378,164,214,246,111,135,362,156,206,358,155,203,132,53,79,72,27,45,15,3,12,0,0,0,0,0,0,184,184,47,59,40,23,10,3,2,134,114,20,21,89,2,23,30
533316563,2,533316561,,7,1,6,*,*,*,*,*,*,*,*,*,*,*,*,*,*,*,*,*,*,*,*,*,*,*,*,*,*,*,*,*,*,3,3,*,*,*,*,*,*,*,*,*,*,*,*,*,*,*
533316564,0,,,247,116,131,32,16,16,215,100,115,133,68,65,209,96,113,209,96,113,82,32,50,41,17,24,15,7,8,3,2,1,1,0,1,91,91,21,28,20,10,7,3,2,69,48,21,9,55,1,13,12
533316571,0,,,449,223,226,59,32,27,379,185,194,239,123,116,367,176,191,358,171,187,140,62,78,94,43,51,31,11,20,5,1,4,4,2,2,194,194,59,65,36,23,7,3,1,134,114,20,21,93,8,16,31
533316572,0,,,830,386,444,94,47,47,723,333,390,525,249,276,650,279,371,634,268,366,198,84,114,113,46,67,28,10,18,2,0,2,22,2,20,370,369,154,100,57,41,9,4,4,211,183,28,25,147,23,47,37
533316573,0,,,170,81,89,19,7,12,148,72,76,88,46,42,144,70,74,142,68,74,60,26,34,27,12,15,7,1,6,1,0,1,7,4,3,71,71,22,23,10,11,3,1,1,49,37,12,7,41,3,9,10
533316574,0,,,523,257,266,89,47,42,424,202,222,314,154,160,403,191,212,394,186,208,110,48,62,33,12,21,10,2,8,1,0,1,2,0,2,223,223,88,53,38,21,11,10,2,132,107,25,28,76,15,21,16
533316581,0,,,97,49,48,5,2,3,92,47,45,47,27,20,89,46,43,86,45,41,45,20,25,15,6,9,3,0,3,1,0,1,0,0,0,38,38,5,18,8,6,0,0,1,33,27,6,1,27,0,5,11
533316583,0,,,551,254,297,82,39,43,467,213,254,290,136,154,450,208,242,442,205,237,177,77,100,78,27,51,29,5,24,2,0,2,3,0,3,220,220,63,71,35,26,16,6,3,157,128,29,22,122,3,35,35
533316592,0,,,38,20,18,5,1,4,33,19,14,23,13,10,33,19,14,32,19,13,10,6,4,2,1,1,1,0,1,0,0,0,0,0,0,16,16,8,4,1,1,0,1,1,7,5,2,1,6,3,2,2
533316594,0,,,189,90,99,16,8,8,173,82,91,85,40,45,168,79,89,162,75,87,88,42,46,41,18,23,14,4,10,1,0,1,4,0,4,68,68,19,17,13,8,3,6,2,49,28,21,2,55,3,13,12
533316601,0,,,270,139,131,24,19,5,246,120,126,129,70,59,239,117,122,237,116,121,117,50,67,40,14,26,10,2,8,0,0,0,1,0,1,106,106,27,34,23,10,7,4,1,79,57,22,5,84,0,19,18
533316602,0,,,44,23,21,5,2,3,39,21,18,21,13,8,39,21,18,39,21,18,18,8,10,9,3,6,2,0,2,0,0,0,1,0,1,17,17,4,5,4,3,0,1,0,13,10,3,1,12,0,3,3
533316603,0,,,13,5,8,2,1,1,11,4,7,7,3,4,11,4,7,10,4,6,4,1,3,2,1,1,0,0,0,0,0,0,0,0,0,4,4,1,0,1,1,1,0,0,3,1,2,1,3,0,1,0
533316604,0,,,55,22,33,15,8,7,40,14,26,24,9,15,39,14,25,39,14,25,16,5,11,10,1,9,5,1,4,0,0,0,1,0,1,22,22,6,7,5,2,1,0,1,16,11,5,4,13,0,5,2
533316611,0,,,210,106,104,34,20,14,176,86,90,109,54,55,168,83,85,163,81,82,67,32,35,29,13,16,11,2,9,0,0,0,0,0,0,54,54,3,10,13,8,9,7,4,51,23,28,8,43,0,2,6
533316612,1,,533316614,69,34,35,8,4,4,67,33,34,34,17,17,67,33,34,67,33,34,33,16,17,11,4,7,4,1,3,1,0,1,0,0,0,23,23,3,6,9,4,1,2,0,22,17,5,2,18,1,0,4
533316614,2,533316612,,6,3,3,*,*,*,*,*,*,*,*,*,*,*,*,*,*,*,*,*,*,*,*,*,*,*,*,*,*,*,*,*,*,2,2,*,*,*,*,*,*,*,*,*,*,*,*,*,*,*
533316621,1,,533316624,73,36,37,8,4,4,73,37,36,40,21,19,69,35,34,66,33,33,33,16,17,18,10,8,3,2,1,0,0,0,0,0,0,18,18,3,4,5,3,2,2,3,19,9,10,1,21,0,3,2
533316622,0,,,15,6,9,0,0,0,15,6,9,6,2,4,15,6,9,15,6,9,9,4,5,6,3,3,1,0,1,1,0,1,0,0,0,6,6,1,2,2,1,0,0,0,5,3,2,0,4,0,0,2
533316623,0,,,19,10,9,2,2,0,17,8,9,11,5,6,16,8,8,16,8,8,6,3,3,3,1,2,3,1,2,0,0,0,0,0,0,6,6,0,2,2,1,1,0,0,6,5,1,0,4,0,0,1
533316624,2,533316621,,8,5,3,*,*,*,*,*,*,*,*,*,*,*,*,*,*,*,*,*,*,*,*,*,*,*,*,*,*,*,*,*,*,4,4,*,*,*,*,*,*,*,*,*,*,*,*,*,*,*
533316642,0,,,37,20,17,3,3,0,34,17,17,17,9,8,33,17,16,33,17,16,17,8,9,9,4,5,6,2,4,0,0,0,0,0,0,15,15,5,4,3,1,1,1,0,10,6,4,1,11,0,1,4
533316644,0,,,37,18,19,4,3,1,33,15,18,19,8,11,33,15,18,33,15,18,14,7,7,8,3,5,5,3,2,0,0,0,0,0,0,12,12,2,3,3,1,2,1,0,10,7,3,1,8,0,1,3
533316651,0,,,33,17,16,7,5,2,26,12,14,12,6,6,25,12,13,25,12,13,14,6,8,7,3,4,1,0,1,0,0,0,0,0,0,13,13,5,3,2,1,0,2,0,8,7,1,1,9,0,4,2
533316653,0,,,108,53,55,9,5,4,99,48,51,55,29,26,94,46,48,92,44,48,44,19,25,14,4,10,7,3,4,1,0,1,1,0,1,37,35,8,9,8,5,2,2,1,26,14,12,2,29,0,5,2
533316661,2,533316662,,4,1,3,*,*,*,*,*,*,*,*,*,*,*,*,*,*,*,*,*,*,*,*,*,*,*,*,*,*,*,*,*,*,1,1,*,*,*,*,*,*,*,*,*,*,*,*,*,*,*
533316662,1,,533316661,346,165,181,52,28,24,291,135,156,181,83,98,285,132,153,282,131,151,110,52,58,46,18,28,23,9,14,2,1,1,2,1,1,139,139,37,43,31,16,8,5,0,101,84,17,19,69,3,13,19
533316663,0,,,52,30,22,1,1,0,51,29,22,30,17,13,48,27,21,47,26,21,21,12,9,6,4,2,3,2,1,1,1,0,0,0,0,22,22,4,9,6,3,0,0,0,18,14,4,0,14,0,1,2
533316664,0,,,323,162,161,46,25,21,272,132,140,198,100,98,262,130,132,257,128,129,74,32,42,35,19,16,8,3,5,2,0,2,0,0,0,117,117,27,34,22,16,12,4,2,90,76,14,13,44,4,6,15
533316671,0,,,229,111,118,51,27,24,175,82,93,115,56,59,170,80,90,168,79,89,60,26,34,29,13,16,10,4,6,1,1,0,0,0,0,79,79,16,25,14,11,4,6,3,63,52,11,13,34,1,7,11
533316672,0,,,619,311,308,102,61,41,497,237,260,387,194,193,461,226,235,452,220,232,110,43,67,68,24,44,20,2,18,4,1,3,5,5,0,247,245,99,48,53,31,12,2,0,142,128,14,40,43,12,10,7
533316673,0,,,130,57,73,10,7,3,120,50,70,67,29,38,114,47,67,112,47,65,53,21,32,29,11,18,11,4,7,1,0,1,1,0,1,46,46,9,15,9,5,5,2,1,37,23,14,2,34,0,7,5
533316674,0,,,388,199,189,75,44,31,302,149,153,269,132,137,290,142,148,284,140,144,33,17,16,11,4,7,3,0,3,0,0,0,4,2,2,178,178,78,41,33,15,6,0,5,94,88,6,28,24,22,4,5
533316681,0,,,168,86,82,28,18,10,140,68,72,105,53,52,139,68,71,137,67,70,35,15,20,5,2,3,1,0,1,0,0,0,2,0,2,75,75,25,23,16,8,2,0,1,49,46,3,8,26,1,9,4
533316683,0,,,454,217,237,72,33,39,382,184,198,254,130,124,369,174,195,367,172,195,128,54,74,57,15,42,24,7,17,2,0,2,0,0,0,171,171,38,57,30,31,8,2,5,132,110,22,19,89,0,28,17
533316684,0,,,43,23,20,10,7,3,33,16,17,22,10,12,31,14,17,31,14,17,11,6,5,4,1,3,3,1,2,0,0,0,0,0,0,13,13,3,2,2,4,0,1,1,10,7,3,2,7,0,1,2
533316692,0,,,28,10,18,4,0,4,24,10,14,18,7,11,23,10,13,22,9,13,6,3,3,2,1,1,0,0,0,0,0,0,0,0,0,8,8,1,3,0,1,2,0,1,7,6,1,0,4,0,1,2
533316693,0,,,96,40,56,18,7,11,78,33,45,40,18,22,77,33,44,76,33,43,38,15,23,13,4,9,6,1,5,0,0,0,0,0,0,32,32,6,11,2,7,3,2,1,26,19,7,5,23,0,5,7
533316694,0,,,171,85,86,30,17,13,141,68,73,89,46,43,137,66,71,134,63,71,52,22,30,23,6,17,9,1,8,1,0,1,0,0,0,61,61,12,18,11,12,6,2,0,49,37,12,7,37,0,6,9
533316702,1,,533316704,154,55,99,8,1,7,156,57,99,35,17,18,154,56,98,152,55,97,121,40,81,101,29,72,73,20,53,16,2,14,0,0,0,72,71,51,14,8,2,1,2,1,27,19,8,1,74,0,51,10
533316704,2,533316702,,10,3,7,*,*,*,*,*,*,*,*,*,*,*,*,*,*,*,*,*,*,*,*,*,*,*,*,*,*,*,*,*,*,8,8,*,*,*,*,*,*,*,*,*,*,*,*,*,*,*
533316714,0,,,200,95,105,34,21,13,166,74,92,103,47,56,161,74,87,158,74,84,63,27,36,31,12,19,14,5,9,1,0,1,0,0,0,65,65,11,18,18,6,5,1,6,54,41,13,10,44,0,10,6
533316721,0,,,37,15,22,3,1,2,34,14,20,14,5,9,33,13,20,33,13,20,20,9,11,12,5,7,3,0,3,0,0,0,0,0,0,15,15,3,7,3,1,0,0,1,11,8,3,1,13,0,2,3
533316722,0,,,193,98,95,19,12,7,174,86,88,106,54,52,165,82,83,162,79,83,68,32,36,36,16,20,17,6,11,0,0,0,0,0,0,52,52,4,12,11,7,8,7,3,48,22,26,5,42,0,3,7
533316723,0,,,146,58,88,14,4,10,132,54,78,58,35,23,128,50,78,127,50,77,74,19,55,56,10,46,41,4,37,15,1,14,1,0,1,32,31,2,11,5,7,3,2,1,29,23,6,2,18,0,1,4
533316724,0,,,66,32,34,7,1,6,59,31,28,34,19,15,57,29,28,57,29,28,25,12,13,18,8,10,6,2,4,0,0,0,0,0,0,23,23,6,5,3,7,1,0,1,17,11,6,1,17,0,5,2
533316731,0,,,37,20,17,7,5,2,30,15,15,19,10,9,27,13,14,27,13,14,11,5,6,5,2,3,4,1,3,0,0,0,0,0,0,11,11,0,2,5,3,0,1,0,11,6,5,2,7,0,0,1
533316732,0,,,28,11,17,4,1,3,24,10,14,13,7,6,23,10,13,23,10,13,11,3,8,4,1,3,1,0,1,0,0,0,0,0,0,9,9,3,1,2,0,2,0,1,6,2,4,2,7,0,2,0
533316733,0,,,86,45,41,17,11,6,69,34,35,41,22,19,67,32,35,67,32,35,28,12,16,17,6,11,9,4,5,2,0,2,0,0,0,24,24,3,6,5,3,3,2,2,21,8,13,3,18,0,2,2
533316734,0,,,46,22,24,2,1,1,44,21,23,21,13,8,44,21,23,43,21,22,23,8,15,11,4,7,6,2,4,0,0,0,1,0,1,19,19,6,3,7,2,1,0,0,13,9,4,0,17,0,5,1
533316741,0,,,49,24,25,5,2,3,44,22,22,22,11,11,43,21,22,43,21,22,22,11,11,11,5,6,9,4,5,1,1,0,0,0,0,18,18,3,6,5,2,1,1,0,15,9,6,2,13,0,1,5
533316742,0,,,102,45,57,9,5,4,93,40,53,46,25,21,91,40,51,91,40,51,47,15,32,28,8,20,9,2,7,0,0,0,0,0,0,41,41,5,21,9,3,2,1,0,36,28,8,4,31,0,3,9
533316744,0,,,126,60,66,20,10,10,106,50,56,57,28,29,106,50,56,105,50,55,49,22,27,27,12,15,13,7,6,0,0,0,1,1,0,44,44,9,14,10,5,2,1,3,35,25,10,6,32,0,8,11
533316751,0,,,135,67,68,14,9,5,121,58,63,74,37,37,117,55,62,115,54,61,47,21,26,22,7,15,10,2,8,1,0,1,0,0,0,42,42,8,10,6,11,2,1,4,34,21,13,3,30,0,7,5
533316752,0,,,336,134,202,37,23,14,297,110,187,130,66,64,294,109,185,293,108,185,167,44,123,126,24,102,91,12,79,19,1,18,2,1,1,87,85,16,25,21,12,5,4,2,68,47,21,11,47,0,9,8
533316753,0,,,164,70,94,14,4,10,150,66,84,87,41,46,143,64,79,142,63,79,63,25,38,29,11,18,14,2,12,1,0,1,0,0,0,56,56,10,16,11,11,3,5,0,46,26,20,5,39,0,7,5
533316754,0,,,415,203,212,79,42,37,333,159,174,225,111,114,319,151,168,316,148,168,108,48,60,43,17,26,23,7,16,3,1,2,3,0,3,154,154,35,43,34,24,14,3,1,119,96,23,14,73,3,17,15
533316762,0,,,309,147,162,41,16,25,267,131,136,178,91,87,260,126,134,256,123,133,89,40,49,30,11,19,9,3,6,2,0,2,0,0,0,111,111,22,39,20,16,7,4,3,89,71,18,9,58,0,11,12
533316763,0,,,369,186,183,57,28,29,306,154,152,248,129,119,286,142,144,276,137,139,58,25,33,23,8,15,4,1,3,0,0,0,0,0,0,141,141,35,42,29,19,11,3,2,101,87,14,18,38,7,6,8
533316764,0,,,671,310,361,103,49,54,563,257,306,401,183,218,534,241,293,522,237,285,162,74,88,49,22,27,8,2,6,1,0,1,14,1,13,258,258,67,79,40,44,21,6,1,187,160,27,26,114,5,27,29
533316771,0,,,238,107,131,38,19,19,200,88,112,138,64,74,192,84,108,189,83,106,62,24,38,28,12,16,8,1,7,2,0,2,2,0,2,83,83,12,29,15,17,6,3,1,70,57,13,9,40,0,8,13
533316772,0,,,106,53,53,22,12,10,81,39,42,71,35,36,75,37,38,75,37,38,10,4,6,3,0,3,3,0,3,0,0,0,2,0,2,41,41,13,8,10,5,4,0,1,27,23,4,4,7,3,1,1
533316773,0,,,742,347,395,82,39,43,657,305,352,401,191,210,644,302,342,634,298,336,256,114,142,114,46,68,23,6,17,4,1,3,12,7,5,302,302,78,101,60,43,13,5,2,223,187,36,23,177,5,39,42
533316774,0,,,148,73,75,25,12,13,123,61,62,75,39,36,120,60,60,119,60,59,48,22,26,18,8,10,9,3,6,0,0,0,1,0,1,52,52,10,17,10,7,4,2,2,42,33,9,6,34,0,6,8
533316781,0,,,239,103,136,39,16,23,196,85,111,114,60,54,191,82,109,190,82,108,82,25,57,64,17,47,42,9,33,6,1,5,3,1,2,82,81,35,20,11,11,1,1,2,45,41,4,13,15,6,4,3
533316783,0,,,481,216,265,51,26,25,429,189,240,269,128,141,413,182,231,404,176,228,160,61,99,79,25,54,30,7,23,0,0,0,9,4,5,187,187,57,46,36,25,17,3,3,128,96,32,16,113,0,37,22
533316784,0,,,1072,522,550,198,105,93,866,413,453,710,344,366,820,390,430,800,380,420,156,69,87,51,20,31,15,6,9,1,0,1,2,0,2,365,365,64,95,76,82,31,12,5,297,253,44,44,104,7,21,26
533316791,0,,,85,41,44,7,3,4,78,38,40,39,19,20,76,38,38,75,38,37,39,19,20,16,8,8,3,2,1,0,0,0,0,0,0,33,33,6,13,9,2,1,1,1,27,21,6,1,25,0,4,7
533316794,0,,,29,15,14,4,4,0,25,11,14,18,9,9,23,11,12,22,11,11,7,2,5,6,2,4,2,0,2,0,0,0,1,1,0,11,11,3,2,3,2,1,0,0,7,7,0,0,5,0,2,1
533316801,0,,,150,78,72,15,12,3,135,66,69,75,36,39,128,62,66,125,61,64,60,30,30,24,11,13,9,4,5,0,0,0,0,0,0,52,52,8,17,10,10,4,3,0,44,35,9,3,37,1,6,13
533316802,0,,,101,50,51,6,5,1,95,45,50,51,27,24,93,44,49,92,43,49,44,18,26,20,6,14,8,1,7,0,0,0,0,0,0,38,38,8,13,7,7,2,0,1,30,22,8,0,28,0,7,4
533316803,0,,,536,282,254,73,40,33,460,240,220,283,156,127,408,195,213,396,188,208,177,84,93,71,33,38,17,6,11,1,0,1,1,0,1,169,167,24,48,40,37,10,6,2,142,109,33,14,111,0,17,27
533316804,0,,,239,109,130,35,18,17,204,91,113,142,72,70,199,89,110,196,87,109,62,19,43,28,5,23,9,1,8,0,0,0,1,0,1,102,102,27,40,17,11,6,0,1,75,67,8,10,46,1,14,13
533316811,0,,,86,46,40,10,5,5,76,41,35,42,26,16,75,40,35,73,38,35,34,15,19,11,5,6,7,2,5,1,0,1,0,0,0,35,35,11,9,9,2,2,2,0,24,16,8,3,20,0,7,4
533316812,0,,,47,20,27,4,3,1,43,17,26,10,5,5,43,17,26,43,17,26,33,12,21,26,9,17,18,6,12,5,2,3,0,0,0,11,10,3,2,2,1,0,2,0,7,3,4,2,10,0,3,2
533316813,0,,,449,222,227,50,29,21,399,193,206,240,116,124,376,187,189,370,184,186,159,77,82,79,35,44,29,14,15,1,1,0,1,1,0,145,145,21,42,36,17,13,12,4,123,78,45,11,107,0,17,24
533316814,0,,,100,49,51,12,8,4,88,41,47,48,24,24,83,38,45,80,38,42,40,17,23,18,6,12,6,1,5,1,1,0,1,1,0,33,33,8,8,9,0,4,1,3,25,14,11,3,28,1,6,6
533316822,2,533316823,,3,1,2,*,*,*,*,*,*,*,*,*,*,*,*,*,*,*,*,*,*,*,*,*,*,*,*,*,*,*,*,*,*,1,1,*,*,*,*,*,*,*,*,*,*,*,*,*,*,*
533316823,1,,533316822,358,172,186,41,20,21,320,153,167,193,98,95,306,147,159,303,145,158,127,55,72,50,19,31,15,5,10,1,0,1,5,4,1,127,127,24,39,32,17,7,5,4,103,75,28,11,85,0,18,20
533316824,0,,,83,35,48,4,1,3,79,34,45,30,19,11,78,34,44,77,34,43,49,15,34,44,13,31,32,7,25,9,1,8,5,5,0,23,21,7,7,2,4,1,0,0,14,13,1,0,9,3,1,5
533316831,2,533316832,,4,3,1,*,*,*,*,*,*,*,*,*,*,*,*,*,*,*,*,*,*,*,*,*,*,*,*,*,*,*,*,*,*,2,2,*,*,*,*,*,*,*,*,*,*,*,*,*,*,*
533316832,1,,533316831,235,112,123,24,13,11,215,102,113,120,61,59,209,98,111,206,95,111,95,41,54,40,12,28,18,5,13,4,2,2,1,0,1,84,84,20,22,19,15,3,6,1,65,40,25,6,64,0,16,8
533316833,2,533316834,,3,1,2,*,*,*,*,*,*,*,*,*,*,*,*,*,*,*,*,*,*,*,*,*,*,*,*,*,*,*,*,*,*,1,1,*,*,*,*,*,*,*,*,*,*,*,*,*,*,*
533316834,1,,533316833,47,19,28,9,2,7,41,18,23,23,12,11,40,18,22,40,18,22,18,6,12,10,3,7,0,0,0,0,0,0,0,0,0,16,16,2,6,4,2,2,1,0,15,12,3,2,12,0,2,4
533316841,0,,,334,153,181,32,13,19,302,140,162,162,80,82,294,137,157,289,134,155,140,60,80,70,29,41,20,8,12,2,1,1,2,0,2,121,121,22,46,19,18,8,6,2,99,74,25,7,91,0,18,24
533316842,0,,,224,102,122,38,19,19,186,83,103,101,45,56,179,80,99,176,78,98,85,38,47,50,22,28,22,9,13,1,1,0,1,0,1,74,73,14,19,18,9,7,4,2,58,41,17,5,53,1,9,13
533316844,0,,,272,141,131,60,39,21,212,102,110,165,81,84,204,100,104,200,98,102,47,21,26,18,8,10,5,1,4,1,0,1,1,0,1,93,93,15,24,22,22,8,0,2,77,66,11,16,35,0,7,10
533316851,1,,533316852,112,43,69,2,2,0,111,42,69,80,26,54,106,38,68,105,37,68,31,16,15,12,6,6,7,3,4,1,0,1,26,0,26,53,53,33,5,5,3,5,3,0,21,12,9,0,18,17,4,1
533316852,2,533316851,,1,1,0,*,*,*,*,*,*,*,*,*,*,*,*,*,*,*,*,*,*,*,*,*,*,*,*,*,*,*,*,*,*,1,1,*,*,*,*,*,*,*,*,*,*,*,*,*,*,*
533316853,0,,,166,73,93,11,6,5,155,67,88,88,42,46,147,64,83,146,64,82,67,25,42,37,12,25,19,4,15,0,0,0,3,1,2,60,60,14,15,13,10,7,0,1,45,29,16,3,44,1,12,8
533316854,0,,,137,66,71,16,7,9,121,59,62,77,43,34,115,56,59,114,56,58,44,16,28,23,6,17,9,2,7,0,0,0,0,0,0,43,43,6,13,9,7,3,3,2,37,20,17,2,30,0,2,2
533316861,0,,,201,97,104,27,13,14,174,84,90,122,60,62,164,77,87,159,73,86,52,24,28,25,11,14,8,2,6,2,1,1,1,0,1,79,79,25,21,16,8,4,3,2,53,41,12,5,39,2,11,7
533316862,0,,,11,6,5,2,1,1,9,5,4,9,5,4,9,5,4,9,5,4,0,0,0,0,0,0,0,0,0,0,0,0,0,0,0,5,5,1,2,2,0,0,0,0,3,3,0,1,0,0,0,0
533316863,0,,,236,119,117,43,25,18,193,94,99,121,63,58,186,90,96,182,88,94,72,31,41,34,16,18,13,6,7,0,0,0,1,0,1,80,80,17,22,15,10,10,3,3,61,47,14,12,51,0,12,10
533316864,0,,,180,86,94,21,11,10,159,75,84,95,47,48,155,72,83,153,72,81,64,28,36,43,16,27,16,6,10,3,2,1,0,0,0,62,62,14,16,14,6,7,3,2,48,32,16,6,44,0,10,4
533316871,0,,,108,52,56,10,7,3,98,45,53,47,22,25,95,43,52,95,43,52,51,23,28,26,10,16,10,5,5,0,0,0,0,0,0,39,39,6,17,7,3,3,2,1,32,23,9,4,31,0,4,6
533316872,0,,,107,53,54,9,5,4,98,48,50,53,27,26,97,48,49,97,48,49,45,21,24,23,8,15,9,4,5,0,0,0,0,0,0,40,40,7,15,9,6,1,1,1,33,26,7,4,33,0,7,7
533316874,0,,,57,29,28,6,2,4,51,27,24,31,17,14,49,25,24,49,25,24,20,10,10,9,5,4,3,2,1,0,0,0,0,0,0,19,19,1,6,7,2,3,0,0,18,12,6,3,12,0,0,3
533316881,0,,,421,207,214,90,49,41,315,150,165,242,115,127,306,146,160,305,146,159,73,35,38,35,15,20,9,3,6,0,0,0,0,0,0,159,159,39,52,29,18,12,6,3,111,98,13,27,53,5,14,15
533316882,0,,,440,210,230,96,48,48,342,160,182,265,124,141,328,154,174,324,153,171,77,36,41,46,21,25,14,8,6,2,1,1,3,1,2,163,162,40,42,32,31,13,4,0,120,106,14,36,49,6,13,14
533316883,2,533316884,,1,0,1,*,*,*,*,*,*,*,*,*,*,*,*,*,*,*,*,*,*,*,*,*,*,*,*,*,*,*,*,*,*,1,1,*,*,*,*,*,*,*,*,*,*,*,*,*,*,*
533316884,1,,533316883,738,349,389,134,66,68,604,282,322,455,217,238,581,268,313,566,261,305,149,65,84,68,26,42,28,10,18,1,0,1,4,0,4,253,253,46,69,62,44,17,8,8,207,162,45,46,106,6,20,20
533316891,0,,,101,48,53,26,16,10,75,32,43,55,25,30,72,32,40,70,30,40,20,7,13,4,0,4,2,0,2,0,0,0,0,0,0,33,33,4,10,7,6,4,2,0,29,26,3,5,14,0,2,4
533316893,0,,,917,441,476,175,86,89,740,354,386,518,256,262,702,333,369,687,327,360,222,98,124,99,39,60,32,11,21,3,0,3,2,0,2,307,306,45,95,70,48,26,11,11,259,209,50,57,147,3,21,44
533316894,0,,,273,132,141,64,33,31,209,99,110,167,79,88,193,92,101,189,90,99,42,20,22,21,9,12,10,5,5,0,0,0,1,0,1,89,89,11,23,21,20,11,3,0,77,67,10,19,29,1,5,7
533316901,0,,,694,333,361,108,58,50,586,275,311,339,169,170,567,266,301,564,266,298,247,106,141,123,49,74,42,10,32,2,0,2,2,0,2,257,257,50,86,57,35,22,2,5,207,168,39,28,163,3,34,47
533316902,0,,,346,179,167,54,30,24,291,149,142,200,108,92,278,139,139,272,135,137,91,41,50,51,19,32,17,7,10,1,0,1,0,0,0,128,128,27,39,30,20,5,5,2,101,85,16,15,56,2,12,17
533316903,0,,,103,45,58,18,11,7,85,34,51,48,20,28,82,33,49,81,33,48,37,14,23,23,10,13,4,3,1,0,0,0,0,0,0,45,45,19,10,6,5,4,1,0,26,23,3,6,28,0,17,4
533316904,0,,,19,10,9,2,1,1,17,9,8,8,4,4,16,8,8,16,8,8,9,5,4,5,2,3,0,0,0,0,0,0,0,0,0,6,6,1,3,0,0,0,2,0,5,3,2,1,6,0,1,3
533316911,1,,533316912,58,25,33,6,2,4,53,24,29,35,17,18,51,24,27,51,24,27,18,7,11,4,1,3,0,0,0,0,0,0,1,1,0,24,24,5,11,7,0,1,1,0,20,17,3,1,13,1,3,3
533316912,2,533316911,,1,1,0,*,*,*,*,*,*,*,*,*,*,*,*,*,*,*,*,*,*,*,*,*,*,*,*,*,*,*,*,*,*,1,1,*,*,*,*,*,*,*,*,*,*,*,*,*,*,*
533316921,0,,,27,16,11,6,3,3,21,13,8,17,11,6,20,12,8,20,12,8,4,2,2,4,2,2,1,0,1,0,0,0,0,0,0,9,9,2,1,3,1,2,0,0,7,5,2,0,3,0,0,0
533316971,2,533316972,,6,3,3,*,*,*,*,*,*,*,*,*,*,*,*,*,*,*,*,*,*,*,*,*,*,*,*,*,*,*,*,*,*,3,3,*,*,*,*,*,*,*,*,*,*,*,*,*,*,*
533316972,1,,533316971,136,63,73,12,5,7,130,61,69,62,33,29,126,58,68,125,57,68,68,28,40,37,15,22,10,3,7,2,0,2,1,1,0,47,47,8,20,8,6,3,4,1,42,28,14,3,41,0,4,14
533316981,2,533316982,,8,4,4,*,*,*,*,*,*,*,*,*,*,*,*,*,*,*,*,*,*,*,*,*,*,*,*,*,*,*,*,*,*,1,1,*,*,*,*,*,*,*,*,*,*,*,*,*,*,*
533316982,1,,533316981,57,26,31,17,7,10,48,23,25,37,15,22,46,22,24,46,22,24,11,8,3,3,2,1,1,0,1,0,0,0,0,0,0,29,29,13,8,5,2,1,0,1,17,16,1,3,11,1,8,0
533316983,0,,,132,60,72,24,11,13,108,49,59,60,29,31,105,47,58,105,47,58,48,20,28,24,8,16,10,0,10,1,0,1,0,0,0,32,32,1,4,12,6,2,2,5,31,15,16,8,28,0,1,4
533316991,0,,,132,67,65,28,14,14,104,53,51,79,40,39,99,51,48,98,50,48,25,13,12,12,6,6,6,3,3,0,0,0,0,0,0,53,53,12,16,13,11,1,0,0,41,38,3,5,18,0,7,8
533316992,0,,,469,207,262,81,35,46,388,172,216,266,125,141,373,167,206,371,166,205,122,47,75,58,16,42,29,5,24,6,0,6,8,0,8,162,161,34,38,41,30,12,5,1,125,101,24,26,72,4,13,13
533316993,0,,,76,26,50,19,9,10,57,17,40,39,10,29,56,17,39,53,16,37,18,7,11,8,3,5,3,0,3,1,0,1,0,0,0,24,24,3,6,8,0,5,2,0,21,13,8,5,13,0,3,2
533316994,0,,,126,61,65,21,8,13,105,53,52,67,33,34,103,52,51,101,51,50,38,20,18,17,9,8,6,3,3,0,0,0,1,0,1,49,49,6,20,14,8,0,1,0,43,40,3,10,25,2,3,9
533317111,2,533317213,,3,1,2,*,*,*,*,*,*,*,*,*,*,*,*,*,*,*,*,*,*,*,*,*,*,*,*,*,*,*,*,*,*,1,1,*,*,*,*,*,*,*,*,*,*,*,*,*,*,*
533317112,2,533317213,,5,4,1,*,*,*,*,*,*,*,*,*,*,*,*,*,*,*,*,*,*,*,*,*,*,*,*,*,*,*,*,*,*,2,2,*,*,*,*,*,*,*,*,*,*,*,*,*,*,*
533317213,1,,533317111;533317112,10,6,4,0,0,0,18,11,7,9,5,4,18,11,7,17,10,7,9,6,3,3,1,2,1,0,1,0,0,0,0,0,0,5,5,1,4,3,0,0,0,0,6,5,1,0,7,0,1,1
533317302,0,,,22,10,12,0,0,0,22,10,12,6,3,3,22,10,12,22,10,12,16,7,9,9,2,7,4,0,4,2,0,2,0,0,0,11,11,4,3,4,0,0,0,0,7,5,2,0,10,0,4,1
533317303,0,,,101,48,53,17,13,4,84,35,49,47,21,26,84,35,49,84,35,49,37,14,23,22,5,17,14,4,10,0,0,0,0,0,0,33,33,7,7,7,7,1,3,1,26,14,12,6,27,0,6,3
533317304,0,,,14,8,6,3,1,2,11,7,4,8,5,3,10,6,4,10,6,4,3,2,1,0,0,0,0,0,0,0,0,0,0,0,0,6,6,3,0,1,2,0,0,0,3,3,0,1,3,0,2,0
533317352,2,533317541,,4,2,2,*,*,*,*,*,*,*,*,*,*,*,*,*,*,*,*,*,*,*,*,*,*,*,*,*,*,*,*,*,*,3,3,*,*,*,*,*,*,*,*,*,*,*,*,*,*,*
533317373,0,,,55,33,22,0,0,0,55,33,22,23,17,6,55,33,22,55,33,22,32,16,16,19,9,10,7,2,5,1,0,1,1,0,1,23,23,4,8,9,2,0,0,0,19,13,6,0,18,0,0,6
533317401,1,,533317402;533317404,35,16,19,3,0,3,37,18,19,22,11,11,35,17,18,35,17,18,15,7,8,7,3,4,4,2,2,3,1,2,0,0,0,12,12,4,4,1,2,1,2,0,10,6,4,1,10,0,2,3
533317402,2,533317401,,1,0,1,*,*,*,*,*,*,*,*,*,*,*,*,*,*,*,*,*,*,*,*,*,*,*,*,*,*,*,*,*,*,1,1,*,*,*,*,*,*,*,*,*,*,*,*,*,*,*
533317404,2,533317401,,4,2,2,*,*,*,*,*,*,*,*,*,*,*,*,*,*,*,*,*,*,*,*,*,*,*,*,*,*,*,*,*,*,1,1,*,*,*,*,*,*,*,*,*,*,*,*,*,*,*
533317422,0,,,24,12,12,0,0,0,24,12,12,12,7,5,24,12,12,24,12,12,12,5,7,7,3,4,6,2,4,1,1,0,0,0,0,8,8,0,3,2,3,0,0,0,8,5,3,0,7,0,0,2
533317423,0,,,15,7,8,2,2,0,13,5,8,7,3,4,13,5,8,13,5,8,6,2,4,3,0,3,2,0,2,0,0,0,1,0,1,6,6,1,2,2,1,0,0,0,5,2,3,1,5,0,1,1
533317424,0,,,102,48,54,12,3,9,90,45,45,52,26,26,88,43,45,87,42,45,38,19,19,12,5,7,5,2,3,1,0,1,0,0,0,30,30,4,10,5,3,3,2,3,26,13,13,4,24,0,4,5
533317431,1,,533317432,146,69,77,21,13,8,127,58,69,69,35,34,122,57,65,119,55,64,58,23,35,28,12,16,7,3,4,0,0,0,0,0,0,46,46,6,16,9,6,4,4,2,40,23,17,4,36,0,3,8
533317432,2,533317431,,2,2,0,*,*,*,*,*,*,*,*,*,*,*,*,*,*,*,*,*,*,*,*,*,*,*,*,*,*,*,*,*,*,1,1,*,*,*,*,*,*,*,*,*,*,*,*,*,*,*
533317433,0,,,68,30,38,6,2,4,62,28,34,30,13,17,62,28,34,62,28,34,32,15,17,13,3,10,8,2,6,1,0,1,0,0,0,24,24,4,6,9,1,3,1,0,20,12,8,2,19,0,4,5
533317471,0,,,22,9,13,5,0,5,17,9,8,9,5,4,17,9,8,17,9,8,8,4,4,2,1,1,2,1,1,0,0,0,0,0,0,8,8,1,4,1,0,2,0,0,7,6,1,1,6,0,1,1
533317472,0,,,54,26,28,0,0,0,54,26,28,25,12,13,53,26,27,52,26,26,29,14,15,15,8,7,7,4,3,1,1,0,1,0,1,25,25,7,11,4,2,1,0,0,18,13,5,0,18,0,5,8
533317474,0,,,63,29,34,1,1,0,62,28,34,28,13,15,62,28,34,60,28,32,34,15,19,18,5,13,8,3,5,1,0,1,0,0,0,22,22,3,6,8,2,2,1,0,19,11,8,0,20,0,2,3
533317501,0,,,145,76,69,7,4,3,137,71,66,84,45,39,132,69,63,130,67,63,53,26,27,25,9,16,7,3,4,2,1,1,0,0,0,54,54,11,15,15,9,1,3,0,43,29,14,1,36,0,6,6
533317502,0,,,128,63,65,17,11,6,111,52,59,59,29,30,107,50,57,105,50,55,52,23,29,27,10,17,10,3,7,3,1,2,2,0,2,40,40,7,8,11,6,5,0,3,32,20,12,4,29,0,5,5
533317503,0,,,233,111,122,43,17,26,187,93,94,136,71,65,178,91,87,174,89,85,51,22,29,18,6,12,4,1,3,1,0,1,4,0,4,79,79,18,22,12,14,6,4,3,60,47,13,8,35,3,8,4
533317504,0,,,66,30,36,7,2,5,59,28,31,33,15,18,58,28,30,58,28,30,26,13,13,11,5,6,6,2,4,1,0,1,0,0,0,22,22,4,4,6,6,1,0,1,18,13,5,3,16,0,4,3
533317511,0,,,19,9,10,2,0,2,17,9,8,8,4,4,17,9,8,17,9,8,9,5,4,4,2,2,1,1,0,0,0,0,0,0,0,8,8,1,5,1,0,1,0,0,7,6,1,0,6,0,1,3
533317512,0,,,44,22,22,2,2,0,42,20,22,21,10,11,42,20,22,42,20,22,21,10,11,12,6,6,6,3,3,0,0,0,0,0,0,14,14,1,3,5,3,2,0,0,13,6,7,1,12,0,0,1
533317513,0,,,113,21,92,7,2,5,106,19,87,13,5,8,106,19,87,106,19,87,93,14,79,82,9,73,68,7,61,19,3,16,0,0,0,9,7,0,1,1,1,2,1,1,7,2,5,1,6,0,0,0
533317514,0,,,115,58,57,10,5,5,105,53,52,69,35,34,103,51,52,103,51,52,36,18,18,23,10,13,6,3,3,0,0,0,0,0,0,38,38,7,11,8,4,4,3,1,30,18,12,3,23,2,2,6
533317521,0,,,212,103,109,32,17,15,180,86,94,101,52,49,175,82,93,172,80,92,79,34,45,43,17,26,13,5,8,0,0,0,1,0,1,69,69,14,14,14,13,9,4,1,55,34,21,9,52,0,14,8
533317522,0,,,81,37,44,6,3,3,75,34,41,39,21,18,72,32,40,71,31,40,36,13,23,28,10,18,9,3,6,0,0,0,0,0,0,30,30,7,10,5,4,2,1,1,23,15,8,2,25,0,7,5
533317523,0,,,146,72,74,12,6,6,134,66,68,74,41,33,133,66,67,133,66,67,60,25,35,34,12,22,15,7,8,1,0,1,0,0,0,68,68,29,19,7,8,4,1,0,39,29,10,4,44,0,16,6
533317524,0,,,45,23,22,8,5,3,37,18,19,21,12,9,37,18,19,37,18,19,16,6,10,9,4,5,6,3,3,1,0,1,0,0,0,14,14,1,6,3,0,1,3,0,13,9,4,3,11,0,1,4
533317532,0,,,45,22,23,6,5,1,39,17,22,23,9,14,38,17,21,37,16,21,16,8,8,7,3,4,1,0,1,0,0,0,0,0,0,14,14,2,5,2,3,0,1,1,12,7,5,1,11,0,2,1
533317541,1,,533317352,74,41,33,5,4,1,73,39,34,33,19,14,69,38,31,69,38,31,40,20,20,23,9,14,9,4,5,0,0,0,0,0,0,27,27,7,7,10,3,3,0,0,23,15,8,2,27,0,6,5
533317572,0,,,50,28,22,0,0,0,50,28,22,27,15,12,49,27,22,48,27,21,23,13,10,12,7,5,6,4,2,0,0,0,0,0,0,22,22,7,8,3,3,0,1,0,15,8,7,0,17,0,4,4
533317574,1,,533317583,25,11,14,2,1,1,26,11,15,9,4,5,26,11,15,26,11,15,17,7,10,7,1,6,7,1,6,0,0,0,0,0,0,8,8,3,1,3,2,0,1,0,7,3,4,1,10,0,3,1
533317583,2,533317574,,3,1,2,*,*,*,*,*,*,*,*,*,*,*,*,*,*,*,*,*,*,*,*,*,*,*,*,*,*,*,*,*,*,2,2,*,*,*,*,*,*,*,*,*,*,*,*,*,*,*
533317601,0,,,110,69,41,2,2,0,108,67,41,58,35,23,107,66,41,106,66,40,50,32,18,12,3,9,6,0,6,0,0,0,1,0,1,6,4,0,1,0,2,1,0,0,4,3,1,1,1,0,0,0
533317603,0,,,65,30,35,13,5,8,52,25,27,34,19,15,52,25,27,50,24,26,18,6,12,10,3,7,3,1,2,0,0,0,0,0,0,21,19,1,7,4,5,2,0,0,17,9,8,3,11,0,1,2
533317612,0,,,271,130,141,31,19,12,238,110,128,152,70,82,230,107,123,226,107,119,86,40,46,42,14,28,13,5,8,1,0,1,14,5,9,113,113,31,37,25,11,7,2,0,78,68,10,8,57,4,15,19
533317621,0,,,449,214,235,54,29,25,395,185,210,233,116,117,378,176,202,370,171,199,162,69,93,86,36,50,32,11,21,4,0,4,2,1,1,171,171,44,53,26,28,14,4,2,126,99,27,11,103,1,25,30
533317622,0,,,61,34,27,5,4,1,56,30,26,33,19,14,55,30,25,54,29,25,23,11,12,11,4,7,5,2,3,1,0,1,0,0,0,24,24,7,9,3,1,2,1,1,17,9,8,1,16,0,4,2
533317623,0,,,354,171,183,50,29,21,304,142,162,167,85,82,297,139,158,294,137,157,137,57,80,78,28,50,28,8,20,3,2,1,0,0,0,136,135,36,39,27,17,9,4,3,99,70,29,11,89,3,19,18
533317624,0,,,32,16,16,2,1,1,30,15,15,16,7,9,30,15,15,29,14,15,14,8,6,8,3,5,5,2,3,1,1,0,0,0,0,12,12,3,4,2,1,1,1,0,9,6,3,1,8,0,1,3
533317643,0,,,28,15,13,0,0,0,28,15,13,16,9,7,28,15,13,27,14,13,12,6,6,5,2,3,2,1,1,0,0,0,0,0,0,13,13,5,3,3,2,0,0,0,7,6,1,0,9,0,4,1
533317672,0,,,21,12,9,3,2,1,18,10,8,10,5,5,18,10,8,18,10,8,8,5,3,4,3,1,3,2,1,0,0,0,0,0,0,6,6,1,1,2,1,0,0,1,5,3,2,1,5,0,1,0
533317681,0,,,51,27,24,3,2,1,48,25,23,21,12,9,48,25,23,48,25,23,27,13,14,14,7,7,8,3,5,4,2,2,0,0,0,19,19,4,6,5,2,1,0,1,15,10,5,1,16,0,3,4
533317683,0,,,62,29,33,2,0,2,60,29,31,28,15,13,57,28,29,57,28,29,32,14,18,18,7,11,8,3,5,0,0,0,0,0,0,25,25,7,8,6,1,2,0,1,18,14,4,1,21,0,6,4
533317684,0,,,53,26,27,6,2,4,47,24,23,22,11,11,47,24,23,46,24,22,25,13,12,11,5,6,2,0,2,0,0,0,0,0,0,23,23,8,8,4,1,1,0,1,15,12,3,2,17,0,7,5
533317693,0,,,22,8,14,0,0,0,22,8,14,8,3,5,21,7,14,20,7,13,14,5,9,10,2,8,4,0,4,1,0,1,0,0,0,9,9,4,1,2,1,0,1,0,5,2,3,0,9,0,4,1
533317701,0,,,474,199,275,72,34,38,402,165,237,169,86,83,393,163,230,389,161,228,233,79,154,178,49,129,103,22,81,26,1,25,0,0,0,101,92,28,17,9,21,11,5,1,63,53,10,13,32,0,17,6
533317702,0,,,160,78,82,31,18,13,129,60,69,95,46,49,125,59,66,124,59,65,34,14,20,11,6,5,5,2,3,1,0,1,6,0,6,72,72,36,8,16,6,3,2,1,35,27,8,11,27,8,10,2
533317703,0,,,450,219,231,58,31,27,392,188,204,235,123,112,381,181,200,372,176,196,157,65,92,74,28,46,26,9,17,1,0,1,4,1,3,168,168,39,47,40,26,7,6,3,128,95,33,11,109,2,28,23
533317721,0,,,155,68,87,7,4,3,148,64,84,76,36,40,148,64,84,146,63,83,72,28,44,38,12,26,6,1,5,1,0,1,0,0,0,73,73,29,19,15,8,1,1,0,44,34,10,3,51,1,19,10
533317722,0,,,44,18,26,2,1,1,42,17,25,25,10,15,41,16,25,41,16,25,17,7,10,6,2,4,3,1,2,1,1,0,0,0,0,19,19,6,6,3,3,1,0,0,13,8,5,0,13,0,4,1
533317723,0,,,86,43,43,8,5,3,78,38,40,42,23,19,78,38,40,78,38,40,36,15,21,19,6,13,10,3,7,0,0,0,0,0,0,29,29,6,8,4,6,3,1,1,23,11,12,1,23,0,3,6
533317731,0,,,83,36,47,7,2,5,76,34,42,43,18,25,75,34,41,75,34,41,33,16,17,18,6,12,12,3,9,0,0,0,0,0,0,28,28,4,9,8,2,2,2,1,24,12,12,1,22,0,4,4
533317732,0,,,77,33,44,15,5,10,62,28,34,39,16,23,60,28,32,60,28,32,23,12,11,13,7,6,4,1,3,0,0,0,0,0,0,25,25,6,5,5,5,2,1,1,19,11,8,2,16,0,3,2
533317733,2,533317734,,7,3,4,*,*,*,*,*,*,*,*,*,*,*,*,*,*,*,*,*,*,*,*,*,*,*,*,*,*,*,*,*,*,2,2,*,*,*,*,*,*,*,*,*,*,*,*,*,*,*
533317734,1,,533317733,145,65,80,12,5,7,140,63,77,77,35,42,139,62,77,136,61,75,63,28,35,33,12,21,19,7,12,2,0,2,1,1,0,45,45,8,9,13,8,4,3,2,39,20,19,4,41,1,7,4
533317741,0,,,29,15,14,6,3,3,23,12,11,13,5,8,22,12,10,22,12,10,10,7,3,5,4,1,2,2,0,1,1,0,0,0,0,11,11,3,5,0,0,2,1,0,8,7,1,0,7,0,3,3
533317781,0,,,22,13,9,1,1,0,21,12,9,12,7,5,21,12,9,21,12,9,9,5,4,5,3,2,2,2,0,0,0,0,0,0,0,9,9,3,2,2,1,1,0,0,6,5,1,1,7,0,3,1
533317801,0,,,284,142,142,31,16,15,250,125,125,144,78,66,241,120,121,236,117,119,106,47,59,51,17,34,18,6,12,1,0,1,0,0,0,106,106,24,31,22,21,4,0,4,80,56,24,9,76,0,20,17
533317802,0,,,15,8,7,5,3,2,10,5,5,10,5,5,10,5,5,10,5,5,0,0,0,0,0,0,0,0,0,0,0,0,0,0,0,4,4,0,1,0,2,1,0,0,4,4,0,1,0,0,0,0
533317803,0,,,210,98,112,38,16,22,172,82,90,104,55,49,167,78,89,167,78,89,68,27,41,37,14,23,16,5,11,0,0,0,1,0,1,71,71,11,23,14,12,6,2,3,60,42,18,6,44,0,7,10
533317804,0,,,102,64,38,9,8,1,93,56,37,71,45,26,92,56,36,92,56,36,22,11,11,7,3,4,1,0,1,0,0,0,0,0,0,25,21,4,8,3,5,1,0,0,17,14,3,4,9,0,3,3
533317812,0,,,13,7,6,0,0,0,13,7,6,7,3,4,13,7,6,12,6,6,6,4,2,4,3,1,1,1,0,0,0,0,0,0,0,4,4,1,0,0,3,0,0,0,3,1,2,0,4,0,1,0
533317821,0,,,67,38,29,5,3,2,62,35,27,30,19,11,61,34,27,61,34,27,32,16,16,13,6,7,2,0,2,0,0,0,0,0,0,25,25,7,6,8,1,1,0,2,18,9,9,1,20,0,5,3
533317834,0,,,21,12,9,2,2,0,19,10,9,12,5,7,19,10,9,19,10,9,7,5,2,3,3,0,2,2,0,0,0,0,0,0,0,8,8,3,2,1,1,0,0,1,5,4,1,1,5,0,3,0
533317841,0,,,135,68,67,7,4,3,126,63,63,76,39,37,122,60,62,119,58,61,50,24,26,23,6,17,11,3,8,1,0,1,0,0,0,43,43,9,8,10,4,8,4,0,34,15,19,1,34,0,4,6
533317843,0,,,31,21,10,5,3,2,26,18,8,14,11,3,26,18,8,26,18,8,12,7,5,3,1,2,2,1,1,0,0,0,0,0,0,10,10,3,1,3,1,1,0,1,7,5,2,1,8,0,2,1
533317844,0,,,21,11,10,5,5,0,16,6,10,10,5,5,16,6,10,16,6,10,6,1,5,1,0,1,1,0,1,0,0,0,0,0,0,7,7,2,1,1,2,0,1,0,5,4,1,0,5,0,2,0
533317874,0,,,30,14,16,2,0,2,28,14,14,13,7,6,28,14,14,28,14,14,15,7,8,9,4,5,3,1,2,0,0,0,0,0,0,11,11,1,6,3,0,0,0,1,10,8,2,0,9,0,1,4
533317893,0,,,38,20,18,1,1,0,37,19,18,16,10,6,35,19,16,35,19,16,21,9,12,5,1,4,5,1,4,1,0,1,0,0,0,12,12,1,3,4,3,0,0,1,11,7,4,0,11,0,0,2
533317901,0,,,52,30,22,4,4,0,48,26,22,28,17,11,48,26,22,47,25,22,20,9,11,14,6,8,5,2,3,0,0,0,0,0,0,22,22,5,9,4,3,1,0,0,17,14,3,1,15,0,4,1
533317902,0,,,88,42,46,6,4,2,82,38,44,49,23,26,80,37,43,78,36,42,33,15,18,17,6,11,6,3,3,0,0,0,1,0,1,30,30,3,11,6,5,5,0,0,27,19,8,0,25,0,2,5
533317903,0,,,136,68,68,17,8,9,119,60,59,64,31,33,116,58,58,115,57,58,55,29,26,19,6,13,10,3,7,0,0,0,0,0,0,52,52,9,21,12,4,3,3,0,42,32,10,5,38,0,8,8
533317904,0,,,57,23,34,4,2,2,53,21,32,31,11,20,48,20,28,47,20,27,22,10,12,10,5,5,0,0,0,0,0,0,0,0,0,18,18,2,5,5,3,1,1,1,16,10,6,3,14,0,2,4
533317964,0,,,15,9,6,0,0,0,15,9,6,4,4,0,15,9,6,15,9,6,11,5,6,7,4,3,1,1,0,0,0,0,0,0,0,8,8,3,3,2,0,0,0,0,5,5,0,0,7,0,2,3
533317981,0,,,52,25,27,1,0,1,51,25,26,24,11,13,49,24,25,47,23,24,27,14,13,17,8,9,6,3,3,0,0,0,0,0,0,17,17,2,6,3,2,3,1,0,15,9,6,0,16,0,1,6
533317982,2,533317983,,8,3,5,*,*,*,*,*,*,*,*,*,*,*,*,*,*,*,*,*,*,*,*,*,*,*,*,*,*,*,*,*,*,4,4,*,*,*,*,*,*,*,*,*,*,*,*,*,*,*
533317983,1,,533317982,3,2,1,0,0,0,11,5,6,7,4,3,11,5,6,11,5,6,4,1,3,4,1,3,0,0,0,0,0,0,0,0,0,1,1,1,2,2,0,0,0,0,4,4,0,0,3,0,1,1
533317984,0,,,71,32,39,3,1,2,68,31,37,25,12,13,67,31,36,67,31,36,43,19,24,19,8,11,5,0,5,1,0,1,0,0,0,31,31,8,12,7,3,0,1,0,23,18,5,0,27,0,6,9
533317991,2,533317994,,3,3,0,*,*,*,*,*,*,*,*,*,*,*,*,*,*,*,*,*,*,*,*,*,*,*,*,*,*,*,*,*,*,2,2,*,*,*,*,*,*,*,*,*,*,*,*,*,*,*
533317994,1,,533317991,24,12,12,4,3,1,23,12,11,7,4,3,23,12,11,23,12,11,16,8,8,8,2,6,4,1,3,0,0,0,0,0,0,8,8,3,3,3,0,0,0,1,7,4,3,1,10,0,3,2
533320002,1,,533320003,43,22,21,4,3,1,40,19,21,28,15,13,39,19,20,38,18,20,12,4,8,7,2,5,2,0,2,0,0,0,0,0,0,18,18,8,2,6,1,2,0,0,11,7,4,2,10,1,4,0
533320003,2,533320002,,1,0,1,*,*,*,*,*,*,*,*,*,*,*,*,*,*,*,*,*,*,*,*,*,*,*,*,*,*,*,*,*,*,1,1,*,*,*,*,*,*,*,*,*,*,*,*,*,*,*
533320004,0,,,141,91,50,11,5,6,130,86,44,89,65,24,129,86,43,127,86,41,41,21,20,20,8,12,6,3,3,0,0,0,0,0,0,77,77,48,12,6,7,1,3,0,29,20,9,3,28,26,7,8
533320011,0,,,73,39,34,8,5,3,64,33,31,34,19,15,62,31,31,60,30,30,30,14,16,18,8,10,10,5,5,0,0,0,0,0,0,27,27,5,11,2,6,2,1,0,22,15,7,1,20,0,3,6
533320012,0,,,65,31,34,7,3,4,58,28,30,34,18,16,54,26,28,53,25,28,24,10,14,15,7,8,5,1,4,0,0,0,0,0,0,21,21,4,5,3,4,4,1,0,17,11,6,2,14,0,3,4
533320013,0,,,38,16,22,5,2,3,33,14,19,22,10,12,32,14,18,31,14,17,11,4,7,7,2,5,2,0,2,0,0,0,0,0,0,11,11,1,3,2,2,2,0,1,10,6,4,1,8,0,1,0
533320021,0,,,98,48,50,5,5,0,93,43,50,40,21,19,92,42,50,91,42,49,53,22,31,33,13,20,7,1,6,1,0,1,2,0,2,45,45,11,21,9,3,0,1,0,34,29,5,1,32,0,7,15
533320022,0,,,77,38,39,4,0,4,73,38,35,61,33,28,72,38,34,69,37,32,12,5,7,4,1,3,0,0,0,0,0,0,0,0,0,28,28,3,13,5,3,3,1,0,25,23,2,0,8,1,2,3
533320023,2,533320024,,4,3,1,*,*,*,*,*,*,*,*,*,*,*,*,*,*,*,*,*,*,*,*,*,*,*,*,*,*,*,*,*,*,2,2,*,*,*,*,*,*,*,*,*,*,*,*,*,*,*
533320024,1,,533320023;533320121;533320123,25,9,16,2,1,1,31,12,19,13,4,9,30,11,19,30,11,19,18,8,10,6,1,5,3,0,3,2,0,2,0,0,0,10,10,4,5,4,0,0,0,1,10,8,2,0,12,0,2,3
533320031,0,,,17,7,10,2,0,2,15,7,8,3,2,1,15,7,8,15,7,8,12,5,7,11,5,6,2,1,1,0,0,0,0,0,0,7,7,1,3,2,1,0,0,0,6,5,1,0,6,0,1,3
533320044,1,,533320142,26,13,13,5,2,3,25,13,12,16,9,7,23,11,12,21,10,11,9,4,5,2,1,1,0,0,0,0,0,0,0,0,0,9,9,1,4,0,4,1,0,0,9,8,1,2,5,0,1,3
533320052,0,,,70,32,38,3,2,1,66,29,37,24,14,10,61,26,35,60,25,35,42,15,27,30,10,20,22,4,18,6,2,4,0,0,0,17,16,3,6,3,3,0,1,0,13,9,4,0,10,0,1,3
533320053,0,,,20,9,11,1,1,0,19,8,11,11,4,7,19,8,11,19,8,11,8,4,4,2,0,2,0,0,0,0,0,0,0,0,0,9,9,4,1,2,2,0,0,0,5,3,2,1,7,0,3,1
533320054,0,,,119,56,63,15,6,9,104,50,54,57,30,27,102,50,52,101,50,51,47,20,27,18,7,11,6,2,4,3,1,2,0,0,0,40,39,5,14,7,7,6,0,0,34,29,5,4,26,0,3,8
533320061,0,,,18,8,10,3,2,1,15,6,9,13,5,8,14,5,9,13,5,8,2,1,1,2,1,1,0,0,0,0,0,0,0,0,0,6,6,0,3,0,3,0,0,0,6,6,0,1,1,0,0,1
533320062,0,,,754,379,375,91,55,36,662,323,339,469,232,237,646,314,332,638,310,328,193,91,102,83,43,40,17,7,10,2,1,1,4,2,2,282,280,55,99,60,47,15,4,0,223,193,30,27,127,5,22,35
533320063,0,,,38,16,22,8,5,3,30,11,19,20,7,13,27,10,17,27,10,17,10,4,6,6,3,3,0,0,0,0,0,0,0,0,0,10,10,1,3,1,2,0,1,2,9,6,3,1,6,0,0,1
533320064,0,,,561,265,296,56,25,31,502,238,264,388,183,205,483,230,253,469,219,250,114,55,59,45,18,27,14,5,9,0,0,0,0,0,0,202,201,24,78,50,32,10,4,3,174,154,20,15,73,0,11,26
533320071,0,,,511,235,276,77,43,34,427,187,240,262,137,125,418,182,236,411,175,236,165,50,115,124,29,95,78,11,67,14,0,14,2,1,1,167,163,50,53,27,20,9,3,1,107,100,7,26,33,6,3,12
533320072,0,,,132,64,68,20,11,9,112,53,59,66,33,33,110,53,57,108,51,57,46,20,26,18,7,11,6,2,4,0,0,0,0,0,0,47,47,9,14,11,8,1,3,1,38,28,10,6,30,0,6,9
533320073,0,,,62,42,20,7,4,3,54,38,16,37,28,9,54,38,16,52,36,16,17,10,7,10,4,6,6,3,3,1,0,1,1,0,1,42,42,30,7,4,0,0,1,0,12,10,2,3,13,3,7,2
533320074,0,,,226,112,114,27,16,11,198,95,103,132,66,66,194,92,102,191,90,101,66,29,37,35,15,20,8,3,5,0,0,0,1,0,1,94,94,26,28,23,10,7,0,0,66,56,10,10,46,2,12,10
533320101,0,,,232,163,69,18,12,6,214,151,63,168,131,37,211,150,61,205,145,60,46,20,26,23,8,15,18,6,12,4,1,3,0,0,0,139,138,108,8,6,6,6,4,0,30,19,11,3,23,55,5,4
533320102,0,,,306,179,127,48,20,28,258,159,99,212,140,72,252,154,98,244,150,94,46,19,27,25,8,17,11,4,7,1,0,1,0,0,0,155,155,89,24,16,15,7,2,2,66,57,9,16,35,60,10,7
533320103,0,,,31,13,18,3,2,1,27,10,17,12,5,7,27,10,17,27,10,17,15,5,10,8,3,5,2,0,2,1,0,1,0,0,0,14,14,4,7,1,1,0,1,0,10,8,2,1,9,0,1,4
533320104,0,,,70,36,34,7,4,3,58,29,29,26,16,10,56,28,28,53,25,28,32,13,19,16,6,10,4,1,3,1,0,1,1,1,0,30,30,9,8,9,3,0,1,0,20,16,4,3,18,0,4,7
533320111,0,,,28,16,12,1,0,1,27,16,11,17,10,7,26,16,10,25,15,10,10,6,4,7,4,3,3,1,2,0,0,0,0,0,0,9,9,2,2,2,1,0,2,0,7,5,2,0,6,1,1,1
533320112,2,533320113,,17,7,10,*,*,*,*,*,*,*,*,*,*,*,*,*,*,*,*,*,*,*,*,*,*,*,*,*,*,*,*,*,*,5,5,*,*,*,*,*,*,*,*,*,*,*,*,*,*,*
533320113,1,,533320112,273,141,132,43,16,27,246,131,115,158,86,72,244,131,113,240,128,112,88,45,43,24,11,13,3,0,3,0,0,0,1,0,1,109,109,33,31,20,20,7,1,2,80,68,12,16,57,5,11,18
533320114,0,,,118,60,58,33,15,18,85,45,40,70,38,32,83,44,39,83,44,39,15,7,8,7,1,6,3,0,3,1,0,1,0,0,0,43,43,12,11,7,8,2,1,2,31,27,4,12,9,0,4,1
533320121,2,533320024,,3,0,3,*,*,*,*,*,*,*,*,*,*,*,*,*,*,*,*,*,*,*,*,*,*,*,*,*,*,*,*,*,*,1,1,*,*,*,*,*,*,*,*,*,*,*,*,*,*,*
533320123,2,533320024,,1,1,0,*,*,*,*,*,*,*,*,*,*,*,*,*,*,*,*,*,*,*,*,*,*,*,*,*,*,*,*,*,*,1,1,*,*,*,*,*,*,*,*,*,*,*,*,*,*,*
533320142,2,533320044,,4,2,2,*,*,*,*,*,*,*,*,*,*,*,*,*,*,*,*,*,*,*,*,*,*,*,*,*,*,*,*,*,*,1,1,*,*,*,*,*,*,*,*,*,*,*,*,*,*,*
533320154,0,,,15,7,8,1,1,0,14,6,8,8,4,4,14,6,8,13,6,7,6,2,4,5,1,4,1,0,1,0,0,0,0,0,0,5,5,1,1,1,1,1,0,0,4,3,1,0,4,0,1,1
533320161,2,533320163,,2,1,1,*,*,*,*,*,*,*,*,*,*,*,*,*,*,*,*,*,*,*,*,*,*,*,*,*,*,*,*,*,*,1,1,*,*,*,*,*,*,*,*,*,*,*,*,*,*,*
533320162,0,,,84,20,64,0,0,0,84,20,64,1,1,0,84,20,64,84,20,64,83,19,64,79,17,62,62,10,52,19,2,17,0,0,0,3,0,0,0,0,0,0,0,0,0,0,0,0,0,0,0,0
533320163,1,,533320161,27,12,15,2,1,1,27,12,15,14,6,8,26,12,14,26,12,14,13,6,7,8,3,5,1,0,1,0,0,0,1,0,1,11,11,3,5,2,0,2,0,0,9,7,2,1,10,0,2,3
533320171,2,533320172,,4,3,1,*,*,*,*,*,*,*,*,*,*,*,*,*,*,*,*,*,*,*,*,*,*,*,*,*,*,*,*,*,*,2,2,*,*,*,*,*,*,*,*,*,*,*,*,*,*,*
533320172,1,,533320171,58,26,32,6,3,3,56,26,30,39,20,19,54,24,30,53,24,29,17,6,11,11,5,6,4,2,2,0,0,0,0,0,0,16,16,3,2,3,6,2,2,0,15,9,6,2,12,0,1,1
533320173,2,533320174,,10,6,4,*,*,*,*,*,*,*,*,*,*,*,*,*,*,*,*,*,*,*,*,*,*,*,*,*,*,*,*,*,*,3,3,*,*,*,*,*,*,*,*,*,*,*,*,*,*,*
533320174,1,,533320173,31,12,19,2,2,0,39,16,23,23,11,12,39,16,23,39,16,23,16,5,11,8,2,6,4,1,3,1,0,1,0,0,0,11,11,1,3,6,4,0,0,0,13,9,4,1,12,0,1,0
533320181,0,,,117,55,62,11,6,5,106,49,57,65,33,32,104,48,56,102,47,55,41,16,25,24,8,16,11,3,8,0,0,0,0,0,0,55,55,24,18,7,1,1,1,3,31,24,7,4,28,7,7,5
533320182,0,,,161,74,87,12,5,7,148,68,80,78,40,38,145,67,78,144,66,78,70,28,42,38,11,27,12,4,8,0,0,0,1,0,1,73,73,30,18,12,8,3,2,0,40,31,9,3,55,0,23,6
533320183,0,,,144,68,76,13,6,7,131,62,69,75,38,37,126,58,68,123,57,66,56,24,32,26,7,19,11,3,8,0,0,0,0,0,0,52,52,10,14,15,7,3,3,0,42,30,12,2,38,0,6,8
533320184,0,,,32,15,17,3,2,1,29,13,16,17,8,9,29,13,16,29,13,16,12,5,7,6,1,5,2,0,2,0,0,0,0,0,0,9,9,0,3,3,1,0,1,1,9,5,4,1,8,0,0,2
533320191,0,,,51,20,31,6,2,4,45,18,27,23,9,14,45,18,27,44,18,26,22,9,13,11,3,8,5,2,3,1,0,1,0,0,0,18,18,4,5,3,3,2,1,0,14,11,3,0,13,0,4,2
533320192,0,,,75,34,41,7,4,3,67,29,38,41,18,23,65,28,37,65,28,37,26,11,15,11,3,8,3,1,2,0,0,0,0,0,0,24,24,4,5,8,3,2,1,1,20,13,7,2,16,0,2,3
533320193,0,,,26,14,12,0,0,0,26,14,12,13,7,6,26,14,12,26,14,12,13,7,6,9,3,6,2,0,2,0,0,0,0,0,0,11,11,1,5,5,0,0,0,0,10,9,1,0,9,0,1,2
533320194,0,,,78,36,42,13,7,6,65,29,36,38,17,21,61,27,34,60,27,33,27,12,15,15,6,9,5,3,2,0,0,0,0,0,0,23,23,2,6,4,5,4,2,0,21,15,6,2,17,1,1,4
533320201,0,,,137,70,67,23,14,9,109,53,56,75,37,38,107,53,54,107,53,54,34,16,18,18,7,11,6,2,4,1,0,1,0,0,0,57,57,20,18,6,9,1,0,3,36,28,8,9,22,4,7,8
533320202,0,,,45,20,25,8,5,3,37,15,22,28,14,14,36,15,21,36,15,21,9,1,8,7,1,6,4,0,4,0,0,0,2,1,1,16,16,4,3,4,3,1,1,0,12,7,5,3,8,1,2,1
533320203,0,,,86,42,44,21,13,8,65,29,36,35,16,19,65,29,36,65,29,36,30,13,17,12,5,7,5,1,4,0,0,0,0,0,0,26,26,2,11,6,0,2,2,3,24,16,8,5,19,0,2,5
533320204,0,,,56,27,29,5,1,4,51,26,25,28,17,11,51,26,25,51,26,25,23,9,14,12,4,8,4,2,2,0,0,0,0,0,0,18,18,1,6,4,5,1,1,0,17,10,7,0,15,0,1,3
533320211,0,,,91,45,46,8,6,2,83,39,44,45,23,22,82,38,44,82,38,44,38,16,22,21,8,13,2,0,2,0,0,0,0,0,0,36,36,7,17,6,2,1,2,1,29,23,6,3,28,0,4,8
533320212,0,,,15,7,8,0,0,0,15,7,8,9,4,5,15,7,8,15,7,8,6,3,3,5,2,3,4,2,2,0,0,0,1,0,1,6,6,1,2,2,1,0,0,0,5,3,2,0,4,0,0,0
533320213,0,,,53,29,24,6,4,2,47,25,22,28,15,13,46,25,21,46,25,21,19,10,9,9,5,4,4,3,1,1,1,0,0,0,0,21,21,4,8,4,4,1,0,0,17,15,2,1,11,0,1,4
533320214,0,,,22,11,11,1,1,0,21,10,11,9,4,5,21,10,11,21,10,11,12,6,6,8,4,4,2,1,1,0,0,0,0,0,0,9,9,2,4,1,1,1,0,0,7,5,2,1,8,0,2,3
533320221,0,,,93,50,43,5,4,1,88,46,42,46,26,20,85,44,41,84,43,41,42,20,22,17,6,11,5,1,4,1,1,0,0,0,0,32,32,4,12,6,5,3,2,0,28,18,10,1,26,0,2,8
533320222,0,,,57,23,34,2,0,2,55,23,32,27,10,17,53,22,31,50,21,29,28,13,15,13,4,9,7,1,6,1,0,1,1,0,1,16,16,1,3,4,5,1,1,1,15,5,10,0,15,0,1,2
533320223,0,,,78,32,46,3,1,2,75,31,44,18,12,6,73,30,43,73,30,43,57,19,38,45,12,33,24,6,18,3,1,2,0,0,0,15,13,2,5,2,2,2,0,0,11,8,3,0,10,0,1,1
533320224,0,,,29,13,16,0,0,0,29,13,16,10,6,4,29,13,16,28,12,16,19,7,12,12,2,10,6,1,5,0,0,0,0,0,0,13,13,5,2,5,0,1,0,0,8,4,4,0,13,0,5,1
533320232,2,533320233,,3,1,2,*,*,*,*,*,*,*,*,*,*,*,*,*,*,*,*,*,*,*,*,*,*,*,*,*,*,*,*,*,*,1,1,*,*,*,*,*,*,*,*,*,*,*,*,*,*,*
533320233,1,,533320232,23,11,12,0,0,0,26,12,14,11,5,6,26,12,14,25,11,14,15,7,8,6,3,3,2,2,0,0,0,0,0,0,0,9,9,1,5,3,0,0,1,0,9,6,3,0,10,0,1,2
533320241,2,533320242,,10,4,6,*,*,*,*,*,*,*,*,*,*,*,*,*,*,*,*,*,*,*,*,*,*,*,*,*,*,*,*,*,*,2,2,*,*,*,*,*,*,*,*,*,*,*,*,*,*,*
533320242,1,,533320241;533320243;533320244,5,2,3,4,1,3,17,7,10,12,5,7,17,7,10,17,7,10,5,2,3,4,2,2,2,0,2,1,0,1,0,0,0,2,2,3,0,1,2,0,0,1,4,1,3,1,5,0,2,0
533320243,2,533320242,,1,1,0,*,*,*,*,*,*,*,*,*,*,*,*,*,*,*,*,*,*,*,*,*,*,*,*,*,*,*,*,*,*,1,1,*,*,*,*,*,*,*,*,*,*,*,*,*,*,*
533320244,2,533320242,,5,1,4,*,*,*,*,*,*,*,*,*,*,*,*,*,*,*,*,*,*,*,*,*,*,*,*,*,*,*,*,*,*,2,2,*,*,*,*,*,*,*,*,*,*,*,*,*,*,*
533320251,2,533320252,,6,3,3,*,*,*,*,*,*,*,*,*,*,*,*,*,*,*,*,*,*,*,*,*,*,*,*,*,*,*,*,*,*,2,2,*,*,*,*,*,*,*,*,*,*,*,*,*,*,*
533320252,1,,533320251;533320254,18,8,10,5,3,2,25,11,14,17,8,9,24,11,13,24,11,13,8,3,5,4,2,2,1,1,0,0,0,0,0,0,0,5,5,1,2,3,0,2,1,0,8,3,5,2,7,0,0,0
533320254,2,533320252,,6,3,3,*,*,*,*,*,*,*,*,*,*,*,*,*,*,*,*,*,*,*,*,*,*,*,*,*,*,*,*,*,*,2,2,*,*,*,*,*,*,*,*,*,*,*,*,*,*,*
533320261,1,,533320262;533320263;533320264,12,7,5,4,2,2,20,12,8,8,4,4,20,12,8,20,12,8,12,8,4,3,2,1,0,0,0,0,0,0,0,0,0,6,6,8,2,1,1,1,0,0,4,3,1,1,10,1,6,2
533320262,2,533320261,,4,1,3,*,*,*,*,*,*,*,*,*,*,*,*,*,*,*,*,*,*,*,*,*,*,*,*,*,*,*,*,*,*,2,2,*,*,*,*,*,*,*,*,*,*,*,*,*,*,*
533320263,2,533320261,,1,1,0,*,*,*,*,*,*,*,*,*,*,*,*,*,*,*,*,*,*,*,*,*,*,*,*,*,*,*,*,*,*,1,1,*,*,*,*,*,*,*,*,*,*,*,*,*,*,*
533320264,2,533320261,,7,5,2,*,*,*,*,*,*,*,*,*,*,*,*,*,*,*,*,*,*,*,*,*,*,*,*,*,*,*,*,*,*,4,4,*,*,*,*,*,*,*,*,*,*,*,*,*,*,*
533320271,1,,533320272,49,26,23,5,4,1,47,24,23,23,11,12,47,24,23,47,24,23,24,13,11,10,5,5,6,2,4,0,0,0,0,0,0,19,19,6,6,6,2,0,0,1,15,10,5,1,13,4,1,5
533320272,2,533320271,,3,2,1,*,*,*,*,*,*,*,*,*,*,*,*,*,*,*,*,*,*,*,*,*,*,*,*,*,*,*,*,*,*,2,2,*,*,*,*,*,*,*,*,*,*,*,*,*,*,*
533320291,1,,533320292,130,58,72,7,2,5,124,56,68,70,30,40,122,54,68,121,53,68,54,26,28,24,6,18,12,3,9,0,0,0,0,0,0,56,56,12,25,12,7,1,0,0,45,36,9,1,42,0,9,11
533320292,2,533320291,,1,0,1,*,*,*,*,*,*,*,*,*,*,*,*,*,*,*,*,*,*,*,*,*,*,*,*,*,*,*,*,*,*,1,1,*,*,*,*,*,*,*,*,*,*,*,*,*,*,*
533320293,1,,533320392,22,12,10,5,1,4,27,14,13,12,7,5,25,12,13,25,12,13,15,7,8,9,3,6,2,1,1,1,0,1,0,0,0,8,8,3,4,0,0,0,2,1,7,4,3,1,9,0,3,2
533320301,0,,,26,13,13,0,0,0,26,13,13,15,10,5,26,13,13,23,11,12,11,3,8,6,2,4,2,0,2,0,0,0,0,0,0,10,10,2,3,3,1,1,0,0,8,5,3,0,8,0,1,1
533320302,1,,533320304,35,20,15,5,2,3,123,72,51,26,15,11,123,72,51,123,72,51,97,57,40,67,38,29,31,15,16,2,0,2,0,0,0,14,14,5,3,3,1,2,1,0,10,8,2,2,10,0,1,3
533320304,2,533320302,,94,55,39,*,*,*,*,*,*,*,*,*,*,*,*,*,*,*,*,*,*,*,*,*,*,*,*,*,*,*,*,*,*,2,1,*,*,*,*,*,*,*,*,*,*,*,*,*,*,*
533320312,0,,,132,68,64,18,10,8,114,58,56,70,36,34,110,54,56,108,54,54,44,22,22,15,7,8,5,2,3,0,0,0,0,0,0,48,48,5,23,9,5,4,1,1,43,37,6,6,27,1,2,13
533320321,1,,533320322;533320323,26,13,13,4,1,3,26,13,13,14,8,6,26,13,13,26,13,13,12,5,7,4,1,3,3,1,2,0,0,0,0,0,0,9,9,4,2,4,0,1,1,0,8,7,1,2,6,0,1,2
533320322,2,533320321,,2,1,1,*,*,*,*,*,*,*,*,*,*,*,*,*,*,*,*,*,*,*,*,*,*,*,*,*,*,*,*,*,*,2,2,*,*,*,*,*,*,*,*,*,*,*,*,*,*,*
533320323,2,533320321,,3,1,2,*,*,*,*,*,*,*,*,*,*,*,*,*,*,*,*,*,*,*,*,*,*,*,*,*,*,*,*,*,*,1,1,*,*,*,*,*,*,*,*,*,*,*,*,*,*,*
533320331,0,,,185,86,99,29,18,11,156,68,88,95,46,49,153,66,87,153,66,87,61,22,39,36,9,27,25,5,20,1,0,1,0,0,0,59,59,8,18,12,7,10,2,2,50,30,20,7,43,0,6,6
533320332,1,,533320334,21,9,12,3,1,2,25,11,14,15,6,9,22,11,11,22,11,11,10,5,5,5,2,3,3,1,2,0,0,0,0,0,0,8,8,3,4,1,2,0,1,0,8,7,1,0,8,0,2,2
533320333,0,,,22,14,8,3,3,0,19,11,8,9,6,3,19,11,8,19,11,8,10,5,5,7,4,3,2,2,0,0,0,0,0,0,0,9,9,3,3,1,0,2,0,0,6,4,2,1,7,0,2,2
533320334,2,533320332,,7,3,4,*,*,*,*,*,*,*,*,*,*,*,*,*,*,*,*,*,*,*,*,*,*,*,*,*,*,*,*,*,*,3,3,*,*,*,*,*,*,*,*,*,*,*,*,*,*,*
533320341,2,533320342,,7,4,3,*,*,*,*,*,*,*,*,*,*,*,*,*,*,*,*,*,*,*,*,*,*,*,*,*,*,*,*,*,*,3,3,*,*,*,*,*,*,*,*,*,*,*,*,*,*,*
533320342,1,,533320341,8,4,4,3,1,2,12,7,5,5,2,3,12,7,5,12,7,5,7,5,2,0,0,0,0,0,0,0,0,0,0,0,0,3,3,1,3,1,0,1,0,0,5,5,0,1,5,0,1,1
533320392,2,533320293,,10,3,7,*,*,*,*,*,*,*,*,*,*,*,*,*,*,*,*,*,*,*,*,*,*,*,*,*,*,*,*,*,*,2,2,*,*,*,*,*,*,*,*,*,*,*,*,*,*,*
533320414,2,533320423,,10,5,5,*,*,*,*,*,*,*,*,*,*,*,*,*,*,*,*,*,*,*,*,*,*,*,*,*,*,*,*,*,*,4,4,*,*,*,*,*,*,*,*,*,*,*,*,*,*,*
533320421,0,,,198,84,114,20,9,11,178,75,103,96,41,55,177,75,102,175,74,101,82,34,48,39,12,27,19,5,14,2,0,2,0,0,0,71,71,18,18,18,7,4,2,4,53,33,20,3,52,0,11,13
533320423,1,,533320414,221,111,110,22,13,9,209,103,106,109,58,51,205,101,104,203,100,103,100,45,55,54,20,34,25,8,17,1,0,1,1,0,1,76,76,14,28,14,11,7,3,3,66,38,28,5,62,0,11,17
533320533,1,,533320534,56,26,30,8,6,2,60,27,33,34,18,16,56,24,32,55,23,32,26,9,17,15,5,10,5,0,5,2,0,2,0,0,0,13,13,3,2,3,1,1,2,4,13,3,10,1,15,0,3,1
533320534,2,533320533,,12,7,5,*,*,*,*,*,*,*,*,*,*,*,*,*,*,*,*,*,*,*,*,*,*,*,*,*,*,*,*,*,*,3,3,*,*,*,*,*,*,*,*,*,*,*,*,*,*,*
533320541,2,533320542,,8,4,4,*,*,*,*,*,*,*,*,*,*,*,*,*,*,*,*,*,*,*,*,*,*,*,*,*,*,*,*,*,*,3,3,*,*,*,*,*,*,*,*,*,*,*,*,*,*,*
533320542,1,,533320541;533320543,55,27,28,13,8,5,220,99,121,84,56,28,206,87,119,201,84,117,136,43,93,113,29,84,63,9,54,12,0,12,1,1,0,21,21,8,6,5,5,2,0,0,17,11,6,3,20,0,5,4
533320543,2,533320542,,170,76,94,*,*,*,*,*,*,*,*,*,*,*,*,*,*,*,*,*,*,*,*,*,*,*,*,*,*,*,*,*,*,6,2,*,*,*,*,*,*,*,*,*,*,*,*,*,*,*
533320544,0,,,52,28,24,1,0,1,51,28,23,21,13,8,50,27,23,48,26,22,30,15,15,9,4,5,6,1,5,1,0,1,0,0,0,17,17,2,7,3,2,1,1,1,15,9,6,1,16,0,2,6
533320551,0,,,21,8,13,10,3,7,11,5,6,11,5,6,11,5,6,11,5,6,0,0,0,0,0,0,0,0,0,0,0,0,0,0,0,5,5,0,0,2,1,1,1,0,4,4,0,4,0,0,0,0
533320631,0,,,171,79,92,10,6,4,161,73,88,82,42,40,158,72,86,155,69,86,79,31,48,45,14,31,21,4,17,3,1,2,0,0,0,56,56,11,16,11,7,4,5,2,45,24,21,4,51,0,9,5
533320632,0,,,122,54,68,11,4,7,111,50,61,59,29,30,110,49,61,108,48,60,52,21,31,28,8,20,8,0,8,1,0,1,0,0,0,45,44,10,18,7,4,3,0,2,34,23,11,2,34,0,7,9
533320633,0,,,157,77,80,19,11,8,138,66,72,71,34,37,135,66,69,135,66,69,67,32,35,35,13,22,8,2,6,0,0,0,1,1,0,51,51,4,20,12,6,4,3,2,46,31,15,1,42,0,4,9
533320641,0,,,65,32,33,2,1,1,63,31,32,27,12,15,62,30,32,62,30,32,36,19,17,19,9,10,8,4,4,1,0,1,0,0,0,26,26,8,9,3,3,2,0,1,18,12,6,0,21,0,5,6
533320642,0,,,68,32,36,1,1,0,67,31,36,42,22,20,66,31,35,66,31,35,25,9,16,13,4,9,5,2,3,1,0,1,0,0,0,23,23,4,7,2,7,2,1,0,18,8,10,0,17,0,2,3
533320643,0,,,26,11,15,5,2,3,21,9,12,18,8,10,20,8,12,20,8,12,3,1,2,2,1,1,0,0,0,0,0,0,0,0,0,6,6,0,2,0,0,2,2,0,6,2,4,2,2,0,0,0
533320654,2,533320663,,13,7,6,*,*,*,*,*,*,*,*,*,*,*,*,*,*,*,*,*,*,*,*,*,*,*,*,*,*,*,*,*,*,3,3,*,*,*,*,*,*,*,*,*,*,*,*,*,*,*
533320661,2,533320662,,3,1,2,*,*,*,*,*,*,*,*,*,*,*,*,*,*,*,*,*,*,*,*,*,*,*,*,*,*,*,*,*,*,1,1,*,*,*,*,*,*,*,*,*,*,*,*,*,*,*
533320662,1,,533320661,64,27,37,8,3,5,59,25,34,32,14,18,58,25,33,55,24,31,27,11,16,11,4,7,3,1,2,0,0,0,0,0,0,23,23,4,8,5,5,0,2,0,20,13,7,3,16,0,2,5
533320663,1,,533320654,74,37,37,5,2,3,82,42,40,38,23,15,78,38,40,78,38,40,44,19,25,28,11,17,11,4,7,1,1,0,3,0,3,33,33,7,16,7,4,1,1,0,29,20,9,1,30,1,5,6
533320741,0,,,27,14,13,2,2,0,25,12,13,8,5,3,24,11,13,24,11,13,17,7,10,5,2,3,3,0,3,1,0,1,0,0,0,10,10,0,5,4,0,1,0,0,10,7,3,1,8,0,0,4
533320742,0,,,97,49,48,40,21,19,57,28,29,46,24,22,54,26,28,54,26,28,11,4,7,8,3,5,1,1,0,0,0,0,0,0,0,23,23,0,3,5,6,3,5,1,23,19,4,10,8,0,0,1
533320743,0,,,91,49,42,4,3,1,86,45,41,50,28,22,81,41,40,80,40,40,36,17,19,17,8,9,5,2,3,0,0,0,0,0,0,34,34,8,10,7,5,2,2,0,26,19,7,1,25,0,5,4
533320744,0,,,388,194,194,30,22,8,358,172,186,184,93,91,348,166,182,346,165,181,174,79,95,88,33,55,44,15,29,5,0,5,1,0,1,148,148,35,49,26,21,10,6,1,112,80,32,6,115,0,25,29
533320751,2,533320753,,6,4,2,*,*,*,*,*,*,*,*,*,*,*,*,*,*,*,*,*,*,*,*,*,*,*,*,*,*,*,*,*,*,3,3,*,*,*,*,*,*,*,*,*,*,*,*,*,*,*
533320753,1,,533320751;533320754,13,3,10,2,2,0,20,6,14,12,2,10,20,6,14,20,6,14,8,4,4,3,2,1,0,0,0,0,0,0,9,0,9,10,10,11,2,1,1,0,0,0,4,4,0,0,5,6,2,2
533320754,2,533320753,,3,1,2,*,*,*,*,*,*,*,*,*,*,*,*,*,*,*,*,*,*,*,*,*,*,*,*,*,*,*,*,*,*,2,2,*,*,*,*,*,*,*,*,*,*,*,*,*,*,*
533320852,0,,,13,6,7,0,0,0,13,6,7,6,4,2,13,6,7,13,6,7,7,2,5,3,0,3,2,0,2,0,0,0,0,0,0,4,4,0,1,1,2,0,0,0,4,1,3,0,4,0,0,1
533320853,2,533320854,,2,1,1,*,*,*,*,*,*,*,*,*,*,*,*,*,*,*,*,*,*,*,*,*,*,*,*,*,*,*,*,*,*,1,1,*,*,*,*,*,*,*,*,*,*,*,*,*,*,*
533320854,1,,533320853,83,35,48,9,4,5,76,32,44,40,18,22,75,32,43,75,32,43,36,14,22,14,2,12,8,1,7,1,0,1,1,0,1,31,31,7,10,9,1,3,2,0,25,16,9,3,25,0,7,2
533320972,1,,533320981,241,111,130,18,12,6,229,102,127,103,54,49,225,101,124,224,101,123,126,48,78,67,25,42,26,9,17,0,0,0,0,0,0,95,95,25,35,16,11,8,1,2,72,47,25,3,83,0,21,20
533320974,0,,,138,71,67,18,13,5,120,58,62,68,33,35,117,56,61,114,54,60,52,25,27,28,12,16,8,3,5,0,0,0,0,0,0,48,48,8,20,5,6,4,4,1,40,25,15,8,36,0,6,11
533320981,2,533320972,,6,3,3,*,*,*,*,*,*,*,*,*,*,*,*,*,*,*,*,*,*,*,*,*,*,*,*,*,*,*,*,*,*,3,3,*,*,*,*,*,*,*,*,*,*,*,*,*,*,*
533320992,0,,,13,6,7,0,0,0,13,6,7,6,5,1,11,4,7,11,4,7,7,1,6,5,1,4,1,0,1,0,0,0,0,0,0,7,7,3,3,0,1,0,0,0,4,4,0,0,6,0,3,1
533320993,0,,,100,48,52,6,4,2,94,44,50,50,27,23,91,44,47,88,42,46,44,17,27,18,5,13,6,2,4,0,0,0,0,0,0,37,37,11,9,7,3,5,1,1,26,20,6,0,30,0,10,7
533321003,0,,,200,110,90,22,13,9,177,96,81,98,59,39,171,92,79,167,89,78,79,37,42,39,19,20,15,4,11,1,0,1,0,0,0,69,69,16,18,11,11,8,4,1,52,33,19,3,48,0,7,11
533321022,2,533321031,,7,2,5,*,*,*,*,*,*,*,*,*,*,*,*,*,*,*,*,*,*,*,*,*,*,*,*,*,*,*,*,*,*,2,2,*,*,*,*,*,*,*,*,*,*,*,*,*,*,*
533321031,1,,533321022,135,60,75,14,6,8,128,56,72,78,39,39,124,55,69,122,55,67,50,17,33,30,8,22,11,3,8,3,1,2,0,0,0,58,58,18,19,13,5,3,2,0,42,36,6,4,35,0,13,9
533321032,0,,,166,74,92,15,8,7,151,66,85,81,37,44,148,65,83,146,65,81,70,29,41,43,15,28,20,4,16,1,0,1,0,0,0,55,55,10,15,12,8,4,4,2,45,25,20,3,43,0,8,8
533321033,0,,,169,73,96,3,2,1,166,71,95,55,25,30,162,70,92,159,69,90,111,46,65,73,25,48,45,14,31,5,2,3,1,0,1,49,46,11,13,13,5,2,2,0,35,22,13,0,38,0,10,9
533321034,0,,,48,30,18,9,8,1,39,22,17,23,13,10,38,21,17,37,21,16,16,9,7,6,3,3,1,0,1,0,0,0,0,0,0,18,18,6,3,4,3,1,0,1,12,9,3,3,11,0,5,1
533321041,0,,,247,111,136,32,17,15,214,93,121,121,60,61,208,89,119,207,89,118,93,33,60,54,19,35,23,8,15,1,0,1,0,0,0,100,100,29,29,18,17,5,1,1,71,54,17,12,59,0,17,10
533321042,0,,,98,42,56,15,5,10,83,37,46,47,21,26,81,37,44,80,37,43,36,16,20,16,6,10,6,2,4,0,0,0,0,0,0,36,36,8,11,7,6,2,1,1,27,21,6,3,26,0,8,6
533321051,0,,,116,53,63,15,11,4,101,42,59,55,24,31,99,41,58,98,40,58,46,18,28,21,5,16,9,1,8,0,0,0,1,0,1,43,43,11,11,10,5,4,1,1,31,21,10,4,32,0,10,5
533321053,0,,,89,43,46,5,5,0,84,38,46,40,19,21,83,38,45,82,37,45,44,19,25,21,7,14,7,3,4,0,0,0,0,0,0,32,32,3,13,8,5,2,1,0,29,19,10,2,26,0,2,8
533321072,0,,,168,68,100,34,17,17,134,51,83,103,38,65,118,44,74,115,44,71,31,13,18,16,7,9,0,0,0,0,0,0,1,0,1,76,76,22,27,19,6,1,1,0,54,51,3,12,23,1,12,6
533321073,0,,,98,48,50,34,18,16,64,30,34,59,28,31,57,26,31,56,25,31,5,2,3,0,0,0,0,0,0,0,0,0,0,0,0,25,25,0,1,7,12,4,0,1,25,22,3,10,3,0,0,0
533321074,0,,,833,397,436,254,125,129,579,272,307,505,248,257,542,250,292,529,242,287,74,24,50,42,7,35,20,2,18,1,0,1,3,0,3,242,240,27,47,55,59,40,9,3,209,194,15,61,27,1,3,5
533321081,0,,,588,309,279,138,68,70,447,240,207,396,219,177,430,232,198,419,226,193,51,21,30,19,8,11,3,2,1,0,0,0,0,0,0,223,223,74,41,38,44,19,4,3,149,134,15,42,41,9,7,10
533321082,0,,,373,333,40,0,0,0,373,333,40,373,333,40,373,333,40,342,307,35,0,0,0,0,0,0,0,0,0,0,0,0,0,0,0,20,0,0,0,0,0,0,0,0,0,0,0,0,0,0,0,0
533321083,0,,,475,264,211,81,53,28,390,208,182,310,172,138,372,201,171,365,199,166,80,36,44,40,17,23,16,6,10,3,2,1,2,0,2,210,210,85,48,30,35,8,4,0,125,107,18,26,51,18,11,16
533321084,0,,,247,139,108,26,19,7,220,119,101,133,76,57,212,115,97,211,115,96,87,43,44,38,16,22,12,3,9,1,0,1,4,2,2,102,102,24,37,25,10,3,2,1,77,65,12,8,57,1,10,17
533321091,2,533321092,,10,5,5,*,*,*,*,*,*,*,*,*,*,*,*,*,*,*,*,*,*,*,*,*,*,*,*,*,*,*,*,*,*,3,3,*,*,*,*,*,*,*,*,*,*,*,*,*,*,*
533321092,1,,533321091,138,69,69,16,9,7,131,64,67,75,34,41,129,63,66,128,62,66,56,30,26,26,15,11,6,1,5,0,0,0,0,0,0,50,50,9,18,10,10,3,3,0,44,33,11,5,37,0,6,11
533321093,0,,,462,233,229,50,33,17,412,200,212,219,111,108,402,194,208,394,192,202,193,89,104,104,47,57,37,19,18,5,1,4,0,0,0,167,167,28,59,38,21,16,4,1,138,102,36,10,126,0,18,28
533321094,0,,,468,221,247,48,25,23,420,196,224,238,118,120,406,190,216,403,188,215,182,78,104,88,32,56,27,8,19,4,0,4,1,1,0,196,196,54,65,39,26,9,3,0,141,115,26,11,122,2,32,31
533321101,0,,,451,214,237,33,20,13,417,194,223,225,112,113,409,190,219,405,189,216,192,82,110,113,44,69,43,17,26,4,1,3,0,0,0,164,164,32,61,26,25,11,4,5,132,95,37,9,121,0,22,33
533321103,0,,,403,203,200,45,23,22,357,180,177,230,126,104,346,172,174,341,170,171,127,54,73,57,21,36,18,6,12,2,0,2,0,0,0,146,146,29,46,27,28,9,5,2,117,97,20,14,80,0,13,26
533321104,0,,,104,35,69,8,4,4,96,31,65,21,12,9,95,31,64,95,31,64,75,19,56,61,16,45,45,9,36,12,1,11,0,0,0,22,21,5,8,4,1,1,2,0,16,11,5,2,18,0,5,2
533321151,0,,,114,54,60,9,7,2,105,47,58,68,34,34,103,46,57,102,45,57,37,13,24,23,9,14,6,2,4,0,0,0,1,0,1,48,48,13,17,11,4,1,1,1,35,28,7,3,26,0,8,6
533321152,0,,,317,170,147,40,27,13,266,138,128,183,97,86,260,137,123,258,136,122,83,41,42,32,17,15,7,4,3,1,1,0,31,21,10,144,144,55,38,28,15,6,2,0,87,72,15,8,56,24,11,13
533321153,0,,,53,23,30,4,0,4,49,23,26,17,14,3,48,22,26,48,22,26,32,9,23,26,6,20,19,5,14,3,1,2,8,8,0,18,17,13,2,0,1,1,0,0,4,4,0,1,6,7,4,1
533321154,0,,,89,45,44,9,6,3,69,33,36,46,21,25,68,33,35,68,33,35,23,12,11,6,3,3,2,0,2,0,0,0,2,0,2,39,39,13,12,8,4,1,0,1,20,17,3,4,15,3,1,2
533321161,0,,,7,0,7,0,0,0,7,0,7,7,0,7,7,0,7,7,0,7,0,0,0,0,0,0,0,0,0,0,0,0,7,0,7,7,7,7,0,0,0,0,0,0,0,0,0,0,0,7,0,0
533321163,2,533321164,,3,1,2,*,*,*,*,*,*,*,*,*,*,*,*,*,*,*,*,*,*,*,*,*,*,*,*,*,*,*,*,*,*,2,2,*,*,*,*,*,*,*,*,*,*,*,*,*,*,*
533321164,1,,533321163,411,196,215,25,18,7,388,178,210,195,94,101,374,171,203,370,167,203,193,84,109,84,28,56,30,8,22,4,1,3,1,0,1,165,165,34,70,33,15,11,2,2,132,105,27,9,132,1,24,37
533321171,0,,,118,54,64,31,13,18,87,41,46,74,36,38,79,38,41,77,36,41,13,5,8,4,1,3,2,0,2,0,0,0,0,0,0,32,32,2,6,7,8,4,4,1,29,23,6,6,7,0,0,1
533321172,0,,,216,101,115,77,35,42,139,66,73,126,59,67,134,64,70,133,63,70,13,7,6,9,5,4,2,2,0,0,0,0,1,0,1,63,63,4,12,18,15,10,4,0,58,49,9,21,12,0,1,1
533321173,0,,,329,160,169,34,20,14,295,140,155,176,91,85,285,133,152,283,131,152,119,49,70,55,19,36,23,3,20,8,0,8,2,2,0,120,119,21,44,23,16,12,2,1,98,74,24,10,73,0,14,23
533321174,0,,,26,14,12,1,0,1,25,14,11,11,9,2,24,13,11,24,13,11,14,5,9,9,5,4,2,1,1,0,0,0,0,0,0,11,11,1,6,3,1,0,0,0,10,10,0,0,9,0,1,4
533321181,0,,,219,139,80,17,7,10,200,131,69,146,109,37,198,129,69,194,126,68,54,22,32,38,16,22,6,2,4,0,0,0,0,0,0,62,61,20,21,8,6,5,0,1,41,34,7,2,34,0,9,12
533321182,0,,,76,34,42,10,5,5,66,29,37,40,19,21,63,29,34,63,29,34,26,10,16,18,6,12,4,2,2,0,0,0,0,0,0,27,27,5,10,5,2,2,3,0,22,17,5,2,16,0,3,6
533321183,0,,,75,35,40,8,5,3,67,30,37,42,19,23,67,30,37,67,30,37,25,11,14,9,3,6,5,1,4,0,0,0,8,0,8,33,33,10,9,10,3,1,0,0,23,20,3,3,15,1,2,3
533321184,0,,,998,467,531,99,57,42,897,408,489,553,266,287,863,390,473,848,385,463,344,142,202,188,76,112,42,18,24,0,0,0,5,0,5,464,464,165,157,80,40,15,5,2,297,264,33,19,249,9,93,61
533321191,0,,,210,104,106,26,19,7,184,85,99,110,58,52,178,82,96,177,81,96,74,27,47,40,10,30,13,3,10,1,0,1,1,0,1,71,71,10,21,17,14,4,4,1,61,38,23,2,53,0,7,10
533321192,0,,,573,267,306,58,27,31,515,240,275,308,151,157,504,236,268,500,233,267,207,89,118,103,44,59,33,17,16,3,2,1,0,0,0,211,211,39,63,58,32,12,4,3,170,138,32,17,131,0,22,36
533321193,0,,,274,119,155,33,17,16,241,102,139,156,72,84,227,98,129,225,96,129,85,30,55,46,15,31,11,4,7,2,0,2,4,1,3,106,106,25,36,19,17,5,2,2,81,71,10,10,60,0,19,13
533321194,0,,,528,256,272,61,38,23,465,217,248,265,128,137,457,214,243,448,209,239,200,89,111,112,45,67,37,14,23,1,1,0,6,2,4,202,202,50,54,47,32,13,6,0,150,111,39,15,134,0,31,29
533321201,1,,533321203,58,28,30,6,2,4,60,29,31,37,20,17,57,27,30,55,26,29,23,9,14,16,6,10,6,2,4,0,0,0,0,0,0,20,20,3,5,8,2,3,1,0,19,13,6,2,15,0,3,3
533321202,0,,,116,32,84,0,0,0,116,32,84,9,3,6,116,32,84,116,32,84,107,29,78,104,27,77,70,16,54,9,3,6,0,0,0,14,13,0,12,0,0,0,0,1,5,4,1,0,12,0,0,1
533321203,2,533321201,,8,3,5,*,*,*,*,*,*,*,*,*,*,*,*,*,*,*,*,*,*,*,*,*,*,*,*,*,*,*,*,*,*,2,2,*,*,*,*,*,*,*,*,*,*,*,*,*,*,*
533321211,0,,,18,9,9,1,1,0,17,8,9,15,7,8,16,7,9,16,7,9,2,1,1,1,0,1,0,0,0,0,0,0,0,0,0,7,7,2,1,2,2,0,0,0,5,4,1,0,2,0,1,0
533321213,1,,533321214,77,38,39,7,2,5,81,39,42,48,24,24,80,38,42,78,38,40,33,15,18,16,6,10,5,2,3,0,0,0,0,0,0,28,28,4,8,9,9,1,0,0,27,21,6,2,21,0,2,5
533321214,2,533321213,,11,3,8,*,*,*,*,*,*,*,*,*,*,*,*,*,*,*,*,*,*,*,*,*,*,*,*,*,*,*,*,*,*,3,3,*,*,*,*,*,*,*,*,*,*,*,*,*,*,*
533321261,0,,,242,125,117,18,11,7,224,114,110,144,77,67,220,112,108,218,111,107,80,37,43,16,7,9,6,1,5,1,0,1,0,0,0,62,61,6,23,17,7,6,2,0,54,47,7,4,34,0,3,12
533321262,0,,,774,367,407,76,38,38,698,329,369,425,203,222,672,319,353,663,314,349,273,126,147,128,51,77,43,12,31,4,1,3,3,0,3,294,294,54,107,61,46,18,7,1,238,189,49,14,183,2,34,50
533321263,0,,,182,90,92,19,9,10,162,80,82,121,60,61,157,77,80,153,76,77,41,20,21,10,2,8,0,0,0,0,0,0,2,0,2,76,76,22,24,13,14,1,2,0,52,43,9,5,30,3,8,4
533321264,0,,,677,319,358,82,38,44,594,281,313,376,181,195,573,274,299,563,270,293,218,100,118,92,39,53,20,4,16,0,0,0,0,0,0,262,262,47,102,56,38,12,4,3,215,185,30,26,148,0,27,48
533321271,0,,,692,335,357,105,61,44,583,272,311,389,182,207,559,258,301,553,255,298,194,90,104,84,34,50,24,6,18,3,1,2,5,2,3,289,289,90,84,59,37,11,3,5,197,169,28,22,139,3,48,26
533321272,0,,,169,87,82,9,7,2,159,79,80,84,44,40,152,75,77,150,75,75,75,35,40,36,16,20,6,2,4,0,0,0,1,0,1,68,68,15,26,13,7,7,0,0,52,42,10,4,47,0,10,16
533321273,0,,,284,146,138,41,17,24,243,129,114,154,92,62,241,129,112,237,126,111,89,37,52,33,15,18,6,2,4,0,0,0,0,0,0,112,112,27,40,23,13,2,3,4,85,73,12,13,55,2,9,22
533321274,0,,,109,46,63,12,4,8,97,42,55,54,22,32,93,40,53,92,40,52,43,20,23,17,6,11,5,1,4,0,0,0,2,0,2,44,44,8,19,9,5,2,1,0,36,33,3,4,29,0,8,10
533321281,0,,,46,25,21,6,4,2,40,21,19,29,14,15,38,21,17,38,21,17,11,7,4,4,3,1,3,2,1,1,1,0,0,0,0,16,16,1,6,4,4,1,0,0,15,14,1,2,6,0,0,3
533321282,1,,533321283,341,124,217,9,4,5,335,122,213,90,51,39,331,120,211,328,118,210,245,71,174,209,51,158,138,24,114,39,5,34,1,0,1,71,67,22,25,15,4,1,2,0,45,39,6,4,33,3,6,12
533321283,2,533321282,,3,2,1,*,*,*,*,*,*,*,*,*,*,*,*,*,*,*,*,*,*,*,*,*,*,*,*,*,*,*,*,*,*,2,2,*,*,*,*,*,*,*,*,*,*,*,*,*,*,*
533321284,0,,,68,33,35,5,2,3,63,31,32,33,19,14,62,30,32,62,30,32,30,12,18,15,5,10,5,0,5,0,0,0,0,0,0,28,28,5,14,3,4,2,0,0,23,20,3,1,20,0,3,9
533321291,0,,,542,255,287,69,34,35,472,221,251,288,142,146,456,213,243,446,207,239,184,79,105,89,34,55,24,8,16,1,0,1,1,0,1,221,221,55,89,29,27,14,5,2,165,140,25,20,123,5,27,46
533321292,0,,,592,283,309,87,43,44,502,237,265,327,166,161,492,232,260,476,225,251,175,71,104,89,31,58,27,6,21,5,0,5,8,2,6,263,263,92,85,39,28,15,2,2,171,150,21,25,126,3,43,26
533321293,0,,,716,351,365,65,37,28,650,314,336,351,183,168,638,310,328,626,302,324,299,131,168,146,61,85,45,17,28,6,1,5,6,2,4,294,294,77,101,56,39,15,4,2,213,168,45,18,195,1,47,57
533321294,0,,,240,115,125,19,13,6,221,102,119,135,64,71,218,100,118,217,99,118,86,38,48,42,14,28,7,1,6,0,0,0,25,1,24,112,112,50,24,21,10,4,2,1,62,50,12,6,57,24,15,14
533321301,0,,,50,23,27,3,0,3,47,23,24,28,15,13,45,21,24,45,21,24,19,8,11,14,5,9,2,0,2,0,0,0,0,0,0,15,15,3,5,2,0,1,2,2,12,7,5,1,14,0,3,3
533321303,0,,,26,13,13,0,0,0,26,13,13,12,5,7,25,13,12,25,13,12,14,8,6,7,3,4,5,2,3,1,0,1,0,0,0,11,11,2,4,4,1,0,0,0,9,6,3,0,10,0,2,2
533321312,2,533321314,,8,5,3,*,*,*,*,*,*,*,*,*,*,*,*,*,*,*,*,*,*,*,*,*,*,*,*,*,*,*,*,*,*,1,1,*,*,*,*,*,*,*,*,*,*,*,*,*,*,*
533321313,0,,,24,10,14,0,0,0,24,10,14,10,4,6,24,10,14,24,10,14,14,6,8,8,3,5,2,1,1,0,0,0,0,0,0,8,8,1,4,1,0,1,0,1,7,5,2,0,7,0,1,4
533321314,1,,533321312;533321412,46,22,24,5,4,1,59,29,30,25,15,10,59,29,30,59,29,30,34,14,20,18,7,11,8,2,6,2,0,2,0,0,0,17,17,6,4,6,1,0,1,3,15,8,7,2,18,0,4,2
533321321,2,533321323,,8,3,5,*,*,*,*,*,*,*,*,*,*,*,*,*,*,*,*,*,*,*,*,*,*,*,*,*,*,*,*,*,*,4,4,*,*,*,*,*,*,*,*,*,*,*,*,*,*,*
533321323,1,,533321321,8,5,3,2,2,0,14,6,8,6,3,3,14,6,8,14,6,8,8,3,5,5,1,4,1,0,1,0,0,0,0,0,0,3,3,0,6,0,1,0,0,0,7,7,0,1,5,0,0,3
533321361,0,,,247,123,124,17,9,8,230,114,116,133,73,60,227,113,114,227,113,114,97,41,56,37,14,23,9,2,7,2,0,2,2,0,2,98,98,20,34,25,14,3,1,1,77,67,10,4,63,0,12,15
533321362,0,,,889,411,478,106,51,55,777,358,419,552,272,280,751,343,408,739,339,400,225,86,139,117,40,77,26,7,19,0,0,0,31,8,23,399,399,137,125,72,44,16,5,0,256,228,28,32,166,20,61,37
533321363,0,,,273,137,136,28,17,11,240,117,123,156,84,72,235,114,121,233,113,120,84,33,51,49,18,31,8,3,5,1,0,1,1,0,1,124,124,49,37,19,9,6,2,2,74,57,17,6,65,9,17,11
533321364,0,,,899,443,456,86,50,36,810,391,419,509,263,246,793,383,410,788,380,408,301,128,173,176,68,108,77,33,44,4,0,4,0,0,0,364,363,97,118,83,36,20,8,1,259,214,45,31,195,8,44,46
533321371,0,,,162,77,85,18,5,13,143,72,71,84,45,39,135,67,68,132,64,68,59,27,32,21,9,12,6,1,5,0,0,0,1,0,1,65,65,19,19,16,4,3,2,2,45,32,13,3,42,2,9,6
533321372,0,,,84,38,46,4,1,3,80,37,43,38,16,22,79,36,43,78,36,42,42,21,21,15,7,8,7,4,3,0,0,0,0,0,0,37,37,10,13,9,4,1,0,0,27,21,6,0,28,0,7,10
533321373,0,,,267,121,146,25,12,13,242,109,133,143,66,77,236,107,129,234,107,127,99,43,56,39,13,26,14,4,10,2,1,1,0,0,0,103,103,23,35,21,12,10,1,1,79,60,19,7,66,2,13,15
533321374,0,,,39,17,22,8,4,4,31,13,18,26,12,14,30,12,18,30,12,18,5,1,4,1,0,1,1,0,1,0,0,0,0,0,0,18,18,8,4,2,3,1,0,0,9,9,0,3,4,3,1,0
533321381,2,533321382,,9,5,4,*,*,*,*,*,*,*,*,*,*,*,*,*,*,*,*,*,*,*,*,*,*,*,*,*,*,*,*,*,*,3,3,*,*,*,*,*,*,*,*,*,*,*,*,*,*,*
533321382,1,,533321381,77,38,39,9,4,5,77,39,38,39,22,17,75,38,37,75,38,37,38,17,21,18,9,9,7,2,5,0,0,0,0,0,0,32,32,7,14,8,4,1,1,0,27,23,4,2,25,0,6,7
533321383,0,,,101,47,54,19,12,7,82,35,47,60,27,33,76,32,44,75,32,43,22,8,14,14,4,10,1,0,1,0,0,0,2,1,1,45,45,18,13,5,4,4,1,0,27,26,1,4,17,3,8,6
533321384,0,,,513,241,272,50,21,29,462,220,242,254,133,121,451,212,239,440,204,236,208,87,121,132,54,78,68,23,45,3,0,3,0,0,0,182,181,41,55,44,25,12,4,0,139,121,18,12,101,4,22,33
533321391,0,,,679,337,342,82,43,39,592,291,301,376,193,183,572,280,292,566,277,289,216,98,118,105,42,63,51,18,33,1,0,1,4,2,2,284,284,83,94,51,37,11,5,3,197,168,29,25,146,5,39,46
533321392,0,,,50,23,27,4,1,3,45,22,23,36,19,17,43,22,21,43,22,21,9,3,6,2,0,2,2,0,2,0,0,0,5,3,2,24,24,10,7,3,3,1,0,0,14,13,1,2,7,2,2,1
533321393,0,,,733,348,385,90,51,39,643,297,346,358,178,180,628,289,339,620,287,333,285,119,166,152,61,91,53,16,37,5,1,4,2,2,0,303,303,84,103,63,27,16,6,4,219,179,40,18,198,0,54,51
533321412,2,533321314,,10,6,4,*,*,*,*,*,*,*,*,*,*,*,*,*,*,*,*,*,*,*,*,*,*,*,*,*,*,*,*,*,*,3,3,*,*,*,*,*,*,*,*,*,*,*,*,*,*,*
533321421,2,533321424,,2,1,1,*,*,*,*,*,*,*,*,*,*,*,*,*,*,*,*,*,*,*,*,*,*,*,*,*,*,*,*,*,*,1,1,*,*,*,*,*,*,*,*,*,*,*,*,*,*,*
533321423,2,533321424,,1,1,0,*,*,*,*,*,*,*,*,*,*,*,*,*,*,*,*,*,*,*,*,*,*,*,*,*,*,*,*,*,*,1,1,*,*,*,*,*,*,*,*,*,*,*,*,*,*,*
533321424,1,,533321421;533321423,119,51,68,11,8,3,111,45,66,55,26,29,108,43,65,108,43,65,56,19,37,33,8,25,15,4,11,0,0,0,1,1,0,43,43,9,20,7,1,4,1,3,36,24,12,2,39,0,7,10
533321431,1,,533321432,33,20,13,7,6,1,28,14,14,17,9,8,26,12,14,26,12,14,11,5,6,6,3,3,3,0,3,0,0,0,0,0,0,10,10,2,3,2,0,3,1,0,8,5,3,0,8,0,2,0
533321432,2,533321431,,2,0,2,*,*,*,*,*,*,*,*,*,*,*,*,*,*,*,*,*,*,*,*,*,*,*,*,*,*,*,*,*,*,1,1,*,*,*,*,*,*,*,*,*,*,*,*,*,*,*
533321433,0,,,77,38,39,5,3,2,72,35,37,36,20,16,71,34,37,69,33,36,36,15,21,17,4,13,7,1,6,0,0,0,0,0,0,28,28,6,10,4,4,2,1,1,22,17,5,0,23,0,4,5
533321441,2,533321443,,8,6,2,*,*,*,*,*,*,*,*,*,*,*,*,*,*,*,*,*,*,*,*,*,*,*,*,*,*,*,*,*,*,3,3,*,*,*,*,*,*,*,*,*,*,*,*,*,*,*
533321442,0,,,22,12,10,2,1,1,20,11,9,12,7,5,20,11,9,20,11,9,8,4,4,4,2,2,1,0,1,0,0,0,0,0,0,6,6,0,1,2,1,2,0,0,6,3,3,0,6,0,0,0
533321443,1,,533321441,40,20,20,4,2,2,44,24,20,21,12,9,44,24,20,43,23,20,23,12,11,14,5,9,5,2,3,0,0,0,0,0,0,18,18,6,8,4,1,2,0,0,15,12,3,1,16,0,5,4
533321444,0,,,78,38,40,8,3,5,70,35,35,38,21,17,69,34,35,68,34,34,32,14,18,18,5,13,5,0,5,1,0,1,0,0,0,26,26,4,8,7,2,2,2,1,21,14,7,2,21,0,3,5
533321461,0,,,163,71,92,16,7,9,147,64,83,71,33,38,144,63,81,142,61,81,76,31,45,39,12,27,15,3,12,0,0,0,1,0,1,62,62,13,24,10,8,3,3,1,49,37,12,3,52,1,10,17
533321462,0,,,749,373,376,65,40,25,680,331,349,374,193,181,661,319,342,657,316,341,306,138,168,152,67,85,42,17,25,4,1,3,9,8,1,332,332,104,118,57,37,9,5,2,227,189,38,14,215,2,70,53
533321463,0,,,111,53,58,8,3,5,103,50,53,57,27,30,99,48,51,95,47,48,46,23,23,24,13,11,7,2,5,0,0,0,0,0,0,43,43,8,20,5,3,6,1,0,35,25,10,2,30,0,4,11
533321464,0,,,14,7,7,0,0,0,14,7,7,8,3,5,14,7,7,13,7,6,6,4,2,0,0,0,0,0,0,0,0,0,0,0,0,7,7,2,3,2,0,0,0,0,5,5,0,0,5,0,2,1
533321471,0,,,837,406,431,78,44,34,749,357,392,489,245,244,719,338,381,703,329,374,260,112,148,133,50,83,40,14,26,1,0,1,7,2,5,354,354,110,114,69,33,16,7,5,237,201,36,17,190,6,53,39
533321472,0,,,590,294,296,103,49,54,478,238,240,391,197,194,460,231,229,453,229,224,87,41,46,35,15,20,8,3,5,2,1,1,20,6,14,252,252,92,65,41,34,14,4,2,156,140,16,33,59,22,14,16
533321473,0,,,810,396,414,95,47,48,701,341,360,445,232,213,682,334,348,665,322,343,256,109,147,151,52,99,65,18,47,7,2,5,28,19,9,332,331,119,77,75,35,18,5,2,210,167,43,31,155,9,50,27
533321474,0,,,796,393,403,63,32,31,711,351,360,404,227,177,701,347,354,694,343,351,307,124,183,203,66,137,96,22,74,11,2,9,8,2,6,349,346,161,83,56,33,12,1,0,181,151,30,21,149,18,47,33
533321481,0,,,699,339,360,100,50,50,597,288,309,390,206,184,575,275,300,565,272,293,207,82,125,96,36,60,33,12,21,2,0,2,7,6,1,276,276,67,87,62,39,14,5,2,208,182,26,30,141,6,37,34
533321482,0,,,764,360,404,108,48,60,654,311,343,438,209,229,628,298,330,616,291,325,216,102,114,119,53,66,29,13,16,3,0,3,24,7,17,312,312,86,99,61,43,14,8,1,226,195,31,33,138,12,31,49
533321483,0,,,1019,460,559,134,63,71,873,391,482,536,264,272,850,382,468,840,377,463,337,127,210,210,66,144,95,20,75,12,2,10,19,6,13,403,401,144,97,70,68,14,3,5,253,205,48,36,183,26,51,33
533321484,0,,,611,271,340,86,41,45,525,230,295,282,141,141,509,220,289,499,215,284,243,89,154,158,52,106,71,16,55,8,0,8,2,1,1,211,210,52,62,39,27,20,5,5,158,128,30,24,139,0,39,33
533321491,0,,,762,365,397,71,32,39,688,331,357,393,206,187,675,323,352,671,319,352,295,125,170,153,58,95,45,14,31,4,1,3,18,3,15,317,317,88,108,58,41,13,8,1,228,181,47,23,193,17,40,59
533321493,0,,,733,336,397,96,47,49,637,289,348,383,181,202,617,277,340,608,274,334,254,108,146,143,55,88,56,20,36,2,0,2,4,1,3,285,284,80,80,59,37,20,6,2,203,164,39,29,162,7,45,41
533321561,0,,,38,18,20,4,4,0,34,14,20,20,7,13,33,13,20,32,13,19,14,7,7,8,4,4,2,1,1,0,0,0,0,0,0,13,13,1,6,2,2,1,1,0,12,10,2,1,9,0,1,5
533321562,1,,533321564,95,44,51,10,5,5,90,40,50,44,20,24,89,40,49,88,40,48,46,20,26,26,10,16,9,3,6,3,1,2,3,0,3,40,40,6,18,12,3,2,0,0,35,31,4,2,27,0,3,11
533321564,2,533321562,,5,1,4,*,*,*,*,*,*,*,*,*,*,*,*,*,*,*,*,*,*,*,*,*,*,*,*,*,*,*,*,*,*,1,1,*,*,*,*,*,*,*,*,*,*,*,*,*,*,*
533321571,0,,,76,33,43,7,6,1,69,27,42,52,20,32,64,27,37,62,25,37,17,7,10,7,2,5,1,0,1,0,0,0,0,0,0,27,27,4,9,7,4,1,2,0,23,20,3,3,13,0,3,4
533321572,1,,533321573,535,243,292,66,29,37,472,215,257,326,157,169,453,205,248,447,202,245,146,58,88,71,23,48,23,7,16,0,0,0,3,2,1,229,229,70,80,41,28,10,1,3,161,138,23,15,107,5,33,28
533321573,2,533321572,,7,3,4,*,*,*,*,*,*,*,*,*,*,*,*,*,*,*,*,*,*,*,*,*,*,*,*,*,*,*,*,*,*,4,4,*,*,*,*,*,*,*,*,*,*,*,*,*,*,*
533321581,0,,,1081,525,556,88,47,41,990,476,514,559,295,264,965,462,503,952,455,497,431,181,250,237,82,155,84,24,60,14,3,11,4,3,1,481,480,169,159,76,47,19,7,3,304,257,47,29,288,9,101,72
533321582,0,,,848,393,455,102,48,54,741,343,398,426,212,214,728,338,390,720,335,385,315,131,184,164,63,101,57,17,40,4,1,3,24,9,15,370,369,119,132,54,36,21,3,4,248,210,38,25,216,23,58,58
533321583,0,,,247,114,133,10,6,4,235,107,128,108,58,50,234,106,128,232,104,128,127,49,78,65,23,42,26,6,20,4,1,3,10,8,2,132,132,63,39,19,6,5,0,0,68,54,14,4,91,11,35,22
533321584,0,,,444,214,230,42,27,15,402,187,215,224,120,104,396,183,213,392,179,213,178,67,111,82,24,58,36,6,30,2,0,2,24,15,9,212,212,82,64,40,19,4,3,0,129,107,22,8,127,14,40,32
533321591,0,,,989,418,571,85,35,50,902,381,521,493,224,269,890,373,517,884,370,514,409,157,252,264,81,183,120,29,91,25,2,23,59,2,57,428,425,178,123,62,40,17,3,2,244,204,40,26,217,52,70,58
533321592,0,,,151,51,100,5,1,4,146,50,96,104,35,69,146,50,96,139,50,89,42,15,27,21,5,16,9,2,7,0,0,0,51,1,50,101,101,72,16,7,4,2,0,0,29,27,2,3,34,40,15,6
533321593,0,,,272,124,148,25,16,9,247,108,139,137,65,72,241,107,134,241,107,134,110,43,67,61,23,38,25,9,16,0,0,0,3,0,3,123,123,43,39,22,13,4,1,1,78,68,10,6,78,6,25,17
533321594,0,,,26,13,13,7,5,2,19,8,11,10,4,6,19,8,11,19,8,11,9,4,5,4,2,2,2,1,1,0,0,0,0,0,0,8,8,1,2,2,1,1,1,0,7,5,2,1,6,0,0,2
533321624,2,533321721,,1,0,1,*,*,*,*,*,*,*,*,*,*,*,*,*,*,*,*,*,*,*,*,*,*,*,*,*,*,*,*,*,*,1,1,*,*,*,*,*,*,*,*,*,*,*,*,*,*,*
533321631,2,533321721,,5,2,3,*,*,*,*,*,*,*,*,*,*,*,*,*,*,*,*,*,*,*,*,*,*,*,*,*,*,*,*,*,*,2,2,*,*,*,*,*,*,*,*,*,*,*,*,*,*,*
533321653,2,533321751,,2,0,2,*,*,*,*,*,*,*,*,*,*,*,*,*,*,*,*,*,*,*,*,*,*,*,*,*,*,*,*,*,*,1,1,*,*,*,*,*,*,*,*,*,*,*,*,*,*,*
533321681,0,,,192,110,82,18,11,7,173,98,75,117,75,42,167,95,72,161,90,71,56,23,33,30,8,22,9,2,7,2,0,2,0,0,0,56,55,11,20,8,9,7,0,0,44,31,13,2,38,0,8,9
533321682,0,,,57,27,30,5,2,3,52,25,27,28,17,11,51,24,27,51,24,27,24,8,16,11,5,6,2,1,1,0,0,0,0,0,0,22,22,4,10,3,2,2,1,0,18,11,7,2,16,0,1,3
533321691,0,,,44,24,20,1,1,0,43,23,20,24,16,8,41,21,20,41,21,20,19,7,12,11,4,7,4,2,2,0,0,0,0,0,0,19,19,5,7,5,1,0,1,0,14,12,2,0,14,0,3,3
533321702,0,,,57,32,25,10,9,1,47,23,24,27,13,14,45,21,24,45,21,24,20,10,10,11,5,6,5,2,3,0,0,0,0,0,0,17,17,2,4,4,3,3,0,1,15,8,7,2,13,0,1,4
533321704,0,,,14,5,9,0,0,0,14,5,9,8,2,6,14,5,9,13,5,8,6,3,3,3,1,2,1,0,1,0,0,0,0,0,0,5,5,2,0,0,3,0,0,0,3,1,2,0,4,0,1,0
533321711,0,,,274,136,138,35,20,15,239,116,123,125,68,57,234,115,119,231,114,117,114,48,66,64,24,40,22,8,14,2,0,2,0,0,0,89,89,14,31,14,13,6,5,6,75,44,31,6,71,2,9,15
533321713,0,,,85,49,36,11,9,2,74,40,34,41,24,17,73,39,34,73,39,34,33,16,17,15,7,8,8,3,5,0,0,0,0,0,0,28,28,6,9,4,2,3,3,1,22,14,8,3,21,0,4,1
533321721,1,,533321624;533321631,120,58,62,15,9,6,111,51,60,55,27,28,110,51,59,107,50,57,56,24,32,34,12,22,14,4,10,1,0,1,1,1,0,47,47,17,14,8,4,2,4,1,33,22,11,4,38,0,11,8
533321722,0,,,160,70,90,19,13,6,141,57,84,60,30,30,140,57,83,138,57,81,81,27,54,50,14,36,27,7,20,4,2,2,0,0,0,50,48,14,12,8,8,3,1,2,34,26,8,5,34,0,12,5
533321724,0,,,69,39,30,7,6,1,61,32,29,31,18,13,60,31,29,60,31,29,30,14,16,15,6,9,6,2,4,1,0,1,0,0,0,27,27,3,15,3,4,1,1,0,24,21,3,2,19,0,2,10
533321731,2,533321732,,1,1,0,*,*,*,*,*,*,*,*,*,*,*,*,*,*,*,*,*,*,*,*,*,*,*,*,*,*,*,*,*,*,1,1,*,*,*,*,*,*,*,*,*,*,*,*,*,*,*
533321732,1,,533321731,88,37,51,5,1,4,84,37,47,30,15,15,82,36,46,82,36,46,54,22,32,29,10,19,11,4,7,2,0,2,0,0,0,36,36,9,14,9,1,3,1,0,28,18,10,1,34,0,8,7
533321733,2,533321734,,4,3,1,*,*,*,*,*,*,*,*,*,*,*,*,*,*,*,*,*,*,*,*,*,*,*,*,*,*,*,*,*,*,1,1,*,*,*,*,*,*,*,*,*,*,*,*,*,*,*
533321734,1,,533321733,61,35,26,3,2,1,62,36,26,33,21,12,60,35,25,60,35,25,29,15,14,22,10,12,8,3,5,1,0,1,0,0,0,27,27,11,7,3,6,0,0,1,17,14,3,1,20,1,7,4
533321742,0,,,131,42,89,3,1,2,126,40,86,31,15,16,124,40,84,124,40,84,95,25,70,72,14,58,41,6,35,8,0,8,0,0,0,37,36,7,17,5,4,3,0,0,27,23,4,0,32,0,7,9
533321744,0,,,18,11,7,6,4,2,12,7,5,9,6,3,12,7,5,12,7,5,3,1,2,3,1,2,0,0,0,0,0,0,0,0,0,6,6,1,2,1,0,2,0,0,5,5,0,2,3,0,1,0
533321751,1,,533321653;533321752,289,150,139,25,19,6,268,131,137,141,72,69,257,126,131,253,122,131,127,59,68,74,38,36,30,13,17,4,0,4,0,0,0,102,102,23,33,18,10,12,7,1,81,52,29,6,78,0,15,15
533321752,2,533321751,,2,0,2,*,*,*,*,*,*,*,*,*,*,*,*,*,*,*,*,*,*,*,*,*,*,*,*,*,*,*,*,*,*,1,1,*,*,*,*,*,*,*,*,*,*,*,*,*,*,*
533321753,0,,,58,31,27,7,4,3,51,27,24,24,15,9,49,25,24,47,24,23,27,12,15,15,8,7,7,4,3,0,0,0,0,0,0,21,21,4,5,7,3,1,1,0,17,14,3,2,15,0,4,3
533321754,0,,,67,30,37,7,4,3,60,26,34,31,13,18,59,26,33,59,26,33,29,13,16,18,9,9,4,3,1,0,0,0,0,0,0,25,25,2,12,5,4,2,0,0,23,19,4,3,18,0,1,8
533321763,1,,533321764,60,28,32,0,0,0,63,29,34,30,15,15,62,28,34,61,28,33,33,14,19,15,2,13,4,0,4,1,0,1,0,0,0,23,23,5,9,7,2,1,1,0,20,15,5,0,20,0,4,6
533321764,2,533321763,,3,1,2,*,*,*,*,*,*,*,*,*,*,*,*,*,*,*,*,*,*,*,*,*,*,*,*,*,*,*,*,*,*,2,2,*,*,*,*,*,*,*,*,*,*,*,*,*,*,*
533321803,0,,,19,9,10,0,0,0,19,9,10,7,5,2,19,9,10,18,8,10,12,4,8,6,2,4,2,0,2,0,0,0,0,0,0,9,9,3,3,2,1,0,0,0,6,5,1,0,8,0,3,2
533321861,0,,,47,23,24,0,0,0,47,23,24,12,8,4,47,23,24,46,23,23,35,15,20,16,7,9,7,2,5,1,0,1,0,0,0,23,23,7,11,3,1,1,0,0,16,13,3,0,19,0,5,9
533321871,0,,,137,71,66,8,4,4,129,67,62,63,35,28,128,67,61,128,67,61,66,32,34,38,16,22,10,4,6,2,1,1,0,0,0,50,50,12,17,8,4,5,3,1,38,26,12,2,41,0,9,11
533321872,0,,,291,142,149,14,10,4,277,132,145,129,67,62,272,129,143,268,129,139,148,65,83,86,35,51,23,10,13,2,0,2,0,0,0,105,105,20,34,27,13,4,4,3,85,55,30,3,97,0,18,22
533321873,0,,,28,13,15,1,1,0,27,12,15,11,4,7,27,12,15,27,12,15,16,8,8,5,2,3,2,1,1,0,0,0,0,0,0,11,11,1,7,1,0,2,0,0,10,8,2,1,10,0,1,6
533321874,0,,,267,128,139,25,13,12,242,115,127,131,64,67,239,114,125,234,110,124,111,51,60,61,23,38,13,5,8,0,0,0,4,0,4,101,101,26,31,20,11,4,8,1,74,52,22,7,73,0,21,13
533321881,1,,533321883,45,18,27,3,0,3,50,22,28,28,10,18,47,21,26,47,21,26,22,12,10,11,5,6,4,2,2,0,0,0,0,0,0,17,17,3,9,0,4,2,1,0,16,10,6,0,15,0,2,7
533321883,2,533321881,,8,4,4,*,*,*,*,*,*,*,*,*,*,*,*,*,*,*,*,*,*,*,*,*,*,*,*,*,*,*,*,*,*,2,2,*,*,*,*,*,*,*,*,*,*,*,*,*,*,*
533321892,0,,,52,26,26,5,2,3,47,24,23,19,10,9,46,24,22,46,24,22,28,14,14,16,6,10,4,0,4,1,0,1,0,0,0,18,18,2,9,4,1,0,0,2,16,12,4,1,17,0,2,6
533321901,1,,533321902,288,132,156,25,12,13,264,120,144,142,68,74,261,120,141,259,119,140,122,52,70,68,24,44,30,10,20,2,0,2,0,0,0,92,92,19,27,15,11,10,6,5,74,44,30,5,77,0,15,15
533321902,2,533321901,,1,0,1,*,*,*,*,*,*,*,*,*,*,*,*,*,*,*,*,*,*,*,*,*,*,*,*,*,*,*,*,*,*,1,1,*,*,*,*,*,*,*,*,*,*,*,*,*,*,*
533321972,0,,,32,15,17,3,2,1,29,13,16,12,6,6,29,13,16,29,13,16,17,7,10,7,2,5,5,2,3,0,0,0,0,0,0,10,10,1,4,1,3,0,0,1,9,5,4,1,10,0,1,2
533321981,0,,,41,20,21,0,0,0,41,20,21,20,12,8,41,20,21,41,20,21,21,8,13,14,4,10,8,4,4,0,0,0,0,0,0,15,15,4,5,1,2,2,1,0,11,4,7,0,14,0,4,1
533322001,0,,,71,34,37,9,4,5,62,30,32,37,19,18,61,29,32,59,28,31,25,11,14,13,6,7,2,0,2,0,0,0,1,1,0,26,26,4,9,7,3,2,1,0,22,17,5,3,17,0,4,3
533322003,0,,,597,290,307,96,60,36,501,230,271,351,163,188,479,224,255,471,219,252,150,67,83,77,28,49,21,5,16,2,1,1,1,1,0,220,220,48,68,43,38,12,7,4,170,143,27,24,102,1,22,31
533322101,1,,533322203,230,109,121,26,16,10,216,94,122,145,63,82,203,88,115,195,85,110,71,31,40,37,14,23,14,5,9,0,0,0,15,0,15,90,90,34,29,19,13,4,0,3,67,59,8,4,50,13,13,8
533322203,2,533322101,,12,1,11,*,*,*,*,*,*,*,*,*,*,*,*,*,*,*,*,*,*,*,*,*,*,*,*,*,*,*,*,*,*,12,12,*,*,*,*,*,*,*,*,*,*,*,*,*,*,*
533322601,0,,,38,17,21,4,1,3,34,16,18,15,6,9,33,16,17,33,16,17,19,10,9,12,5,7,1,1,0,0,0,0,0,0,0,15,15,4,6,2,0,2,1,0,11,9,2,1,13,0,4,5
533322602,0,,,14,6,8,0,0,0,14,6,8,6,3,3,14,6,8,14,6,8,8,3,5,7,2,5,2,0,2,0,0,0,0,0,0,8,8,5,2,0,0,1,0,0,3,2,1,0,6,0,3,1
533322603,0,,,153,71,82,18,7,11,135,64,71,67,34,33,134,63,71,132,63,69,68,30,38,26,9,17,9,2,7,1,0,1,0,0,0,57,57,13,18,12,9,1,2,2,44,29,15,3,43,1,8,10
533322604,0,,,29,14,15,5,2,3,24,12,12,11,7,4,24,12,12,24,12,12,13,5,8,6,1,5,0,0,0,0,0,0,1,0,1,10,10,3,2,2,1,1,0,1,7,5,2,1,9,0,3,2
533322623,0,,,36,19,17,7,7,0,29,12,17,15,8,7,28,12,16,28,12,16,14,4,10,11,3,8,5,1,4,1,0,1,1,0,1,12,12,4,2,2,2,0,0,2,8,4,4,1,9,0,3,1
533322624,1,,533322722,24,12,12,2,0,2,27,15,12,13,9,4,27,15,12,27,15,12,14,6,8,8,3,5,3,1,2,0,0,0,0,0,0,9,9,4,2,2,2,0,0,1,7,5,2,1,9,0,2,0
533322643,2,533322741,,6,3,3,*,*,*,*,*,*,*,*,*,*,*,*,*,*,*,*,*,*,*,*,*,*,*,*,*,*,*,*,*,*,3,3,*,*,*,*,*,*,*,*,*,*,*,*,*,*,*
533322722,2,533322624,,5,3,2,*,*,*,*,*,*,*,*,*,*,*,*,*,*,*,*,*,*,*,*,*,*,*,*,*,*,*,*,*,*,2,2,*,*,*,*,*,*,*,*,*,*,*,*,*,*,*
533322731,2,533322732,,7,3,4,*,*,*,*,*,*,*,*,*,*,*,*,*,*,*,*,*,*,*,*,*,*,*,*,*,*,*,*,*,*,3,3,*,*,*,*,*,*,*,*,*,*,*,*,*,*,*
533322732,1,,533322731,28,16,12,0,0,0,35,19,16,17,11,6,35,19,16,34,18,16,18,8,10,10,4,6,2,1,1,1,1,0,0,0,0,10,10,1,5,5,1,1,0,0,11,10,1,0,11,0,1,3
533322741,1,,533322643,50,23,27,3,2,1,53,24,29,28,13,15,51,23,28,51,23,28,25,11,14,15,5,10,4,1,3,0,0,0,0,0,0,19,19,5,8,7,0,0,1,1,17,13,4,1,16,0,4,5
533322742,1,,533322852;533322861,141,63,78,7,5,2,137,59,78,57,30,27,135,58,77,134,57,77,80,29,51,48,15,33,15,2,13,1,0,1,0,0,0,62,62,18,29,7,5,4,0,1,46,35,11,1,54,0,15,16
533322743,2,533322744,,13,6,7,*,*,*,*,*,*,*,*,*,*,*,*,*,*,*,*,*,*,*,*,*,*,*,*,*,*,*,*,*,*,3,3,*,*,*,*,*,*,*,*,*,*,*,*,*,*,*
533322744,1,,533322743,145,61,84,14,7,7,142,58,84,59,29,30,141,58,83,139,57,82,83,29,54,47,15,32,19,3,16,3,1,2,0,0,0,66,66,30,20,6,5,4,0,4,39,24,15,3,57,0,24,13
533322801,2,533322813,,6,3,3,*,*,*,*,*,*,*,*,*,*,*,*,*,*,*,*,*,*,*,*,*,*,*,*,*,*,*,*,*,*,3,3,*,*,*,*,*,*,*,*,*,*,*,*,*,*,*
533322811,2,533322813,,8,5,3,*,*,*,*,*,*,*,*,*,*,*,*,*,*,*,*,*,*,*,*,*,*,*,*,*,*,*,*,*,*,4,4,*,*,*,*,*,*,*,*,*,*,*,*,*,*,*
533322813,1,,533322801;533322811,61,32,29,9,6,3,66,34,32,33,19,14,65,33,32,65,33,32,33,15,18,18,7,11,7,3,4,0,0,0,0,0,0,20,20,4,9,8,4,1,0,1,23,17,6,4,22,0,4,5
533322821,1,,533322822,47,18,29,4,2,2,45,17,28,25,10,15,44,17,27,43,17,26,20,7,13,12,3,9,4,1,3,0,0,0,0,0,0,16,16,2,7,2,4,1,1,0,15,8,7,0,13,0,2,2
533322822,2,533322821,,2,1,1,*,*,*,*,*,*,*,*,*,*,*,*,*,*,*,*,*,*,*,*,*,*,*,*,*,*,*,*,*,*,1,1,*,*,*,*,*,*,*,*,*,*,*,*,*,*,*
533322823,0,,,28,15,13,1,1,0,27,14,13,13,8,5,26,13,13,26,13,13,14,6,8,6,1,5,4,1,3,0,0,0,0,0,0,13,13,6,3,2,1,0,1,0,7,4,3,0,11,0,5,0
533322824,0,,,19,7,12,6,3,3,13,4,9,9,3,6,12,4,8,12,4,8,4,1,3,4,1,3,2,1,1,0,0,0,0,0,0,6,6,1,2,1,1,0,0,1,5,3,2,1,3,0,1,1
533322832,0,,,21,12,9,0,0,0,21,12,9,11,8,3,21,12,9,21,12,9,10,4,6,5,2,3,0,0,0,0,0,0,0,0,0,8,8,0,4,3,1,0,0,0,8,7,1,0,6,0,0,1
533322841,0,,,11,5,6,0,0,0,11,5,6,6,4,2,11,5,6,11,5,6,5,1,4,3,0,3,3,0,3,0,0,0,0,0,0,4,4,1,0,2,1,0,0,0,3,0,3,0,4,0,1,0
533322852,2,533322742,,1,0,1,*,*,*,*,*,*,*,*,*,*,*,*,*,*,*,*,*,*,*,*,*,*,*,*,*,*,*,*,*,*,1,1,*,*,*,*,*,*,*,*,*,*,*,*,*,*,*
533322861,2,533322742,,2,1,1,*,*,*,*,*,*,*,*,*,*,*,*,*,*,*,*,*,*,*,*,*,*,*,*,*,*,*,*,*,*,1,1,*,*,*,*,*,*,*,*,*,*,*,*,*,*,*
533323081,0,,,122,57,65,10,5,5,112,52,60,48,27,21,111,51,60,111,51,60,64,25,39,39,12,27,18,4,14,1,0,1,0,0,0,50,50,10,21,10,6,2,1,0,40,32,8,3,40,0,8,10
533323082,1,,533323084,84,42,42,7,4,3,79,39,40,42,23,19,75,35,40,74,34,40,37,16,21,15,4,11,6,2,4,0,0,0,0,0,0,27,27,4,10,5,3,3,1,2,24,15,9,1,22,0,3,6
533323084,2,533323082,,2,1,1,*,*,*,*,*,*,*,*,*,*,*,*,*,*,*,*,*,*,*,*,*,*,*,*,*,*,*,*,*,*,1,1,*,*,*,*,*,*,*,*,*,*,*,*,*,*,*
533323091,2,533323092,,3,1,2,*,*,*,*,*,*,*,*,*,*,*,*,*,*,*,*,*,*,*,*,*,*,*,*,*,*,*,*,*,*,1,1,*,*,*,*,*,*,*,*,*,*,*,*,*,*,*
533323092,1,,533323091,149,71,78,14,7,7,138,65,73,81,40,41,136,65,71,136,65,71,57,25,32,32,12,20,15,4,11,1,1,0,0,0,0,59,59,11,20,20,4,5,0,0,49,38,11,3,42,1,9,9
533323093,0,,,208,104,104,14,7,7,194,97,97,101,58,43,184,93,91,180,90,90,93,39,54,60,25,35,19,8,11,0,0,0,1,1,0,84,84,26,24,15,11,4,3,1,58,43,15,4,61,1,18,16
533323094,0,,,142,73,69,13,8,5,129,65,64,64,33,31,124,62,62,123,62,61,65,32,33,37,15,22,14,5,9,1,1,0,0,0,0,60,60,13,28,13,3,0,1,2,47,40,7,4,42,1,9,17
533323191,0,,,216,103,113,20,12,8,196,91,105,100,52,48,192,90,102,188,89,99,96,39,57,54,18,36,19,5,14,1,0,1,6,3,3,90,90,35,26,9,8,8,1,3,55,38,17,4,68,0,26,13
533323192,0,,,220,109,111,17,8,9,203,101,102,105,58,47,202,101,101,201,100,101,98,43,55,55,22,33,26,8,18,3,1,2,0,0,0,81,81,24,23,10,12,5,4,3,57,38,19,4,63,0,16,10
533323194,0,,,291,139,152,27,10,17,264,129,135,176,90,86,246,120,126,242,116,126,88,39,49,55,22,33,23,6,17,1,1,0,1,1,0,114,113,33,36,16,18,6,4,0,79,68,11,5,56,1,18,15
533324001,1,,533324002,112,51,61,29,11,18,89,43,46,66,32,34,87,42,45,85,41,44,23,11,12,13,6,7,8,4,4,1,0,1,0,0,0,30,30,0,6,7,7,9,2,0,31,24,7,7,14,0,0,3
533324002,2,533324001,,6,3,3,*,*,*,*,*,*,*,*,*,*,*,*,*,*,*,*,*,*,*,*,*,*,*,*,*,*,*,*,*,*,1,1,*,*,*,*,*,*,*,*,*,*,*,*,*,*,*
533324003,0,,,57,28,29,13,7,6,44,21,23,25,11,14,44,21,23,44,21,23,19,10,9,9,5,4,4,1,3,0,0,0,0,0,0,21,21,5,4,6,4,2,0,0,16,13,3,2,11,0,4,2
533324004,0,,,10,6,4,1,1,0,9,5,4,8,4,4,8,4,4,8,4,4,1,1,0,0,0,0,0,0,0,0,0,0,0,0,0,4,4,1,1,1,1,0,0,0,3,1,2,0,1,0,0,0
533324012,2,533324014,,3,2,1,*,*,*,*,*,*,*,*,*,*,*,*,*,*,*,*,*,*,*,*,*,*,*,*,*,*,*,*,*,*,3,3,*,*,*,*,*,*,*,*,*,*,*,*,*,*,*
533324014,1,,533324012,109,52,57,13,7,6,99,47,52,52,27,25,98,47,51,98,47,51,47,20,27,24,9,15,9,3,6,1,0,1,1,0,1,37,37,10,10,9,6,1,2,2,30,19,11,4,31,0,7,5
533324023,0,,,41,18,23,3,0,3,38,18,20,20,10,10,36,17,19,33,15,18,18,8,10,14,7,7,3,2,1,0,0,0,0,0,0,11,11,1,3,3,0,1,2,1,10,5,5,0,10,0,0,3
533324044,2,533324151,,1,1,0,*,*,*,*,*,*,*,*,*,*,*,*,*,*,*,*,*,*,*,*,*,*,*,*,*,*,*,*,*,*,1,1,*,*,*,*,*,*,*,*,*,*,*,*,*,*,*
533324062,0,,,6,0,6,0,0,0,6,0,6,6,0,6,6,0,6,6,0,6,0,0,0,0,0,0,0,0,0,0,0,0,6,0,6,6,6,6,0,0,0,0,0,0,0,0,0,0,0,3,0,0
533324071,0,,,13,5,8,0,0,0,13,5,8,8,3,5,11,5,6,11,5,6,5,2,3,2,0,2,1,0,1,1,0,1,1,0,1,5,5,1,1,2,1,0,0,0,4,3,1,0,3,1,0,0
533324072,0,,,90,38,52,10,5,5,80,33,47,50,24,26,78,32,46,77,31,46,30,9,21,15,2,13,10,1,9,1,0,1,1,0,1,30,30,6,8,6,4,4,1,1,24,13,11,2,24,1,4,2
533324073,0,,,89,42,47,6,3,3,83,39,44,49,24,25,75,34,41,74,33,41,34,15,19,23,10,13,3,1,2,0,0,0,0,0,0,28,28,4,11,2,2,6,2,1,24,15,9,1,23,0,3,7
533324092,0,,,141,74,67,12,7,5,129,67,62,78,40,38,125,66,59,122,66,56,51,27,24,24,10,14,12,6,6,0,0,0,0,0,0,51,51,17,9,9,6,5,5,0,34,19,15,4,37,0,13,4
533324094,0,,,60,28,32,3,2,1,57,26,31,31,15,16,55,24,31,55,24,31,26,11,15,12,5,7,6,3,3,1,1,0,0,0,0,20,20,4,8,1,1,4,1,1,16,9,7,1,18,0,3,5
533324101,0,,,100,48,52,18,12,6,82,36,46,55,25,30,82,36,46,80,35,45,27,11,16,13,6,7,3,0,3,0,0,0,0,0,0,39,39,11,10,7,7,4,0,0,28,22,6,5,19,0,6,4
533324102,0,,,329,155,174,47,22,25,282,133,149,186,88,98,271,128,143,265,125,140,96,45,51,49,22,27,14,5,9,1,0,1,1,0,1,111,111,16,38,21,19,9,4,4,94,73,21,12,61,0,12,18
533324103,0,,,232,67,165,10,4,6,222,63,159,40,19,21,219,61,158,218,60,158,182,44,138,162,33,129,122,16,106,32,2,30,0,0,0,25,22,3,7,2,3,4,0,3,18,10,8,2,18,0,2,4
533324104,0,,,278,144,134,39,23,16,239,121,118,137,76,61,234,118,116,229,115,114,102,45,57,52,19,33,17,4,13,2,1,1,0,0,0,93,93,14,31,20,15,4,4,5,79,61,18,13,64,0,9,18
533324111,1,,533324113,150,69,81,13,6,7,139,64,75,77,38,39,136,61,75,135,61,74,62,26,36,22,9,13,10,3,7,0,0,0,0,0,0,55,55,9,17,19,5,4,2,0,47,34,13,2,39,0,3,8
533324112,0,,,5,0,5,0,0,0,5,0,5,5,0,5,5,0,5,4,0,4,0,0,0,0,0,0,0,0,0,0,0,0,5,0,5,5,5,5,0,0,0,0,0,0,0,0,0,0,0,4,0,0
533324113,2,533324111,,2,1,1,*,*,*,*,*,*,*,*,*,*,*,*,*,*,*,*,*,*,*,*,*,*,*,*,*,*,*,*,*,*,1,1,*,*,*,*,*,*,*,*,*,*,*,*,*,*,*
533324114,0,,,5,0,5,0,0,0,5,0,5,5,0,5,5,0,5,4,0,4,0,0,0,0,0,0,0,0,0,0,0,0,5,0,5,5,5,5,0,0,0,0,0,0,0,0,0,0,0,4,0,0
533324121,0,,,100,49,51,8,4,4,92,45,47,45,25,20,89,43,46,88,43,45,47,20,27,23,9,14,9,3,6,1,1,0,1,1,0,36,36,11,9,4,3,7,2,0,24,11,13,2,30,0,9,5
533324122,0,,,11,6,5,1,1,0,10,5,5,2,2,0,10,5,5,10,5,5,8,3,5,5,2,3,2,0,2,0,0,0,0,0,0,5,5,2,1,1,1,0,0,0,3,2,1,1,5,0,2,0
533324123,0,,,9,5,4,0,0,0,9,5,4,3,2,1,9,5,4,9,5,4,6,3,3,3,1,2,3,1,2,1,0,1,0,0,0,4,4,1,2,0,1,0,0,0,3,2,1,0,3,0,0,1
533324124,0,,,75,40,35,8,7,1,67,33,34,33,16,17,66,32,34,66,32,34,34,17,17,17,6,11,4,1,3,0,0,0,0,0,0,27,27,9,5,6,2,1,3,1,18,10,8,4,25,0,8,2
533324133,0,,,97,47,50,12,6,6,85,41,44,42,22,20,84,41,43,81,39,42,43,19,24,22,11,11,7,3,4,1,0,1,0,0,0,28,28,2,9,5,5,3,2,2,26,14,12,3,25,0,1,7
533324134,0,,,19,8,11,2,0,2,17,8,9,8,3,5,17,8,9,17,8,9,9,5,4,3,1,2,0,0,0,0,0,0,0,0,0,7,7,1,1,4,1,0,0,0,6,5,1,1,5,0,1,1
533324142,1,,533324144,16,8,8,0,0,0,18,9,9,9,5,4,18,9,9,17,9,8,9,4,5,6,2,4,2,1,1,0,0,0,0,0,0,5,5,1,1,2,1,1,0,0,5,2,3,0,6,0,1,1
533324144,2,533324142,,2,1,1,*,*,*,*,*,*,*,*,*,*,*,*,*,*,*,*,*,*,*,*,*,*,*,*,*,*,*,*,*,*,1,1,*,*,*,*,*,*,*,*,*,*,*,*,*,*,*
533324151,1,,533324044,67,33,34,4,2,2,64,32,32,36,17,19,62,31,31,60,31,29,28,15,13,15,7,8,5,1,4,1,0,1,1,1,0,21,21,5,2,6,6,2,0,1,17,6,11,2,18,1,4,1
533324152,1,,533324153,14,7,7,1,1,0,19,9,10,13,5,8,17,8,9,17,8,9,6,4,2,2,1,1,1,0,1,0,0,0,0,0,0,5,5,3,1,2,1,1,0,0,5,3,2,0,5,0,2,0
533324153,2,533324152,,6,3,3,*,*,*,*,*,*,*,*,*,*,*,*,*,*,*,*,*,*,*,*,*,*,*,*,*,*,*,*,*,*,3,3,*,*,*,*,*,*,*,*,*,*,*,*,*,*,*
533324154,0,,,41,21,20,11,7,4,30,14,16,29,14,15,29,14,15,27,12,15,1,0,1,0,0,0,0,0,0,0,0,0,0,0,0,13,13,0,4,5,2,2,0,0,13,13,0,3,1,0,0,0
533324161,0,,,164,77,87,54,26,28,110,51,59,84,38,46,103,49,54,99,47,52,26,13,13,7,3,4,0,0,0,0,0,0,0,0,0,52,52,6,16,6,15,6,3,0,46,44,2,15,16,0,4,10
533324162,0,,,91,49,42,14,10,4,77,39,38,38,17,21,73,38,35,73,38,35,39,22,17,16,7,9,10,4,6,2,0,2,0,0,0,27,27,7,5,4,4,1,3,3,20,9,11,4,25,0,6,1
533324163,0,,,67,35,32,15,10,5,52,25,27,40,20,20,47,25,22,46,24,22,12,5,7,4,3,1,0,0,0,0,0,0,0,0,0,25,25,5,9,4,4,2,1,0,20,19,1,3,8,0,3,4
533324171,1,,533324172,21,9,12,2,1,1,20,8,12,11,5,6,20,8,12,19,8,11,9,3,6,4,0,4,1,0,1,0,0,0,0,0,0,8,8,3,2,2,1,1,0,0,6,4,2,1,8,0,3,1
533324172,2,533324171,,1,0,1,*,*,*,*,*,*,*,*,*,*,*,*,*,*,*,*,*,*,*,*,*,*,*,*,*,*,*,*,*,*,1,1,*,*,*,*,*,*,*,*,*,*,*,*,*,*,*
533324173,0,,,117,61,56,8,5,3,109,56,53,48,28,20,108,56,52,108,56,52,61,28,33,29,9,20,7,3,4,0,0,0,0,0,0,44,44,9,18,6,5,4,1,1,35,24,11,1,40,0,8,10
533324181,0,,,12,7,5,0,0,0,12,7,5,6,4,2,12,7,5,11,6,5,6,3,3,3,2,1,2,1,1,0,0,0,0,0,0,4,4,0,2,0,2,0,0,0,4,2,2,0,4,0,0,0
533324183,2,533324184,,3,2,1,*,*,*,*,*,*,*,*,*,*,*,*,*,*,*,*,*,*,*,*,*,*,*,*,*,*,*,*,*,*,3,3,*,*,*,*,*,*,*,*,*,*,*,*,*,*,*
533324184,1,,533324183,20,9,11,2,0,2,21,11,10,12,5,7,20,11,9,19,11,8,9,6,3,1,1,0,1,1,0,0,0,0,0,0,0,7,7,4,4,0,1,0,0,1,6,4,2,0,7,0,3,2
533324191,0,,,110,43,67,15,2,13,95,41,54,51,22,29,90,39,51,90,39,51,44,19,25,24,12,12,9,2,7,1,0,1,0,0,0,32,32,6,7,7,1,4,5,2,26,12,14,4,28,0,6,4
533324192,0,,,105,46,59,13,5,8,92,41,51,51,25,26,85,38,47,81,36,45,41,16,25,23,9,14,8,3,5,1,0,1,0,0,0,33,33,6,10,4,3,6,3,1,27,16,11,3,25,0,5,5
533324193,0,,,198,96,102,17,7,10,181,89,92,82,44,38,178,88,90,175,87,88,99,45,54,54,24,30,15,6,9,2,0,2,0,0,0,66,66,9,21,16,11,4,3,2,57,38,19,6,56,0,8,14
533324194,0,,,135,67,68,6,4,2,129,63,66,62,36,26,127,62,65,125,61,64,67,27,40,41,14,27,13,5,8,2,0,2,0,0,0,51,51,13,15,11,8,0,2,2,38,24,14,3,43,0,10,9
533324202,2,533324211,,5,3,2,*,*,*,*,*,*,*,*,*,*,*,*,*,*,*,*,*,*,*,*,*,*,*,*,*,*,*,*,*,*,1,1,*,*,*,*,*,*,*,*,*,*,*,*,*,*,*
533324211,1,,533324202,15,7,8,2,1,1,18,9,9,10,4,6,17,8,9,16,7,9,8,5,3,4,1,3,0,0,0,0,0,0,2,1,1,5,5,0,3,0,1,2,0,0,6,3,3,1,6,0,0,1
533324212,0,,,31,15,16,1,0,1,30,15,15,14,9,5,30,15,15,29,15,14,16,6,10,8,2,6,4,1,3,1,0,1,0,0,0,9,9,1,2,2,2,0,2,0,8,3,5,0,8,0,0,2
533324221,2,533324222,,10,5,5,*,*,*,*,*,*,*,*,*,*,*,*,*,*,*,*,*,*,*,*,*,*,*,*,*,*,*,*,*,*,3,3,*,*,*,*,*,*,*,*,*,*,*,*,*,*,*
533324222,1,,533324221;533324224,88,47,41,2,1,1,98,52,46,45,26,19,97,51,46,97,51,46,53,26,27,31,15,16,9,2,7,1,0,1,0,0,0,37,37,6,20,10,2,2,1,0,35,27,8,0,34,0,5,9
533324224,2,533324222,,2,1,1,*,*,*,*,*,*,*,*,*,*,*,*,*,*,*,*,*,*,*,*,*,*,*,*,*,*,*,*,*,*,1,1,*,*,*,*,*,*,*,*,*,*,*,*,*,*,*
533324232,0,,,86,44,42,4,3,1,82,41,41,41,20,21,81,41,40,80,40,40,41,21,20,20,9,11,4,1,3,0,0,0,0,0,0,32,32,4,14,7,4,1,2,0,28,20,8,2,25,0,2,12
533324241,0,,,177,85,92,16,10,6,161,75,86,86,39,47,158,75,83,155,72,83,75,36,39,42,18,24,14,7,7,0,0,0,0,0,0,60,60,10,25,7,5,5,5,3,49,30,19,2,47,0,6,15
533324242,0,,,236,124,112,14,10,4,222,114,108,124,70,54,219,112,107,217,110,107,98,44,54,62,28,34,23,10,13,3,0,3,0,0,0,84,84,14,27,24,7,8,2,2,69,50,19,3,60,1,8,13
533324243,0,,,41,21,20,4,3,1,37,18,19,21,11,10,34,17,17,34,17,17,16,7,9,10,4,6,3,1,2,0,0,0,0,0,0,11,11,1,2,1,4,1,2,0,10,5,5,0,9,0,1,0
533324244,0,,,66,33,33,9,6,3,57,27,30,30,16,14,57,27,30,57,27,30,27,11,16,15,6,9,9,3,6,0,0,0,0,0,0,16,16,2,3,1,2,5,1,2,14,3,11,3,16,0,2,1
533324251,0,,,182,86,96,22,9,13,160,77,83,88,47,41,153,73,80,151,71,80,72,30,42,36,11,25,19,6,13,1,0,1,4,3,1,69,69,16,26,13,4,6,3,1,53,39,14,6,49,1,11,11
533324252,0,,,170,81,89,27,17,10,143,64,79,104,49,55,138,61,77,133,60,73,39,15,24,17,7,10,5,0,5,0,0,0,4,4,0,70,70,18,23,12,15,2,0,0,52,44,8,10,26,4,5,8
533324253,0,,,62,28,34,1,1,0,61,27,34,34,16,18,56,26,30,54,26,28,27,11,16,14,4,10,6,1,5,0,0,0,0,0,0,23,23,4,7,7,3,1,1,0,19,13,6,0,17,0,3,3
533324254,0,,,118,61,57,11,7,4,107,54,53,59,32,27,104,51,53,104,51,53,48,22,26,23,10,13,10,3,7,1,1,0,1,1,0,45,45,13,13,6,7,3,3,0,32,23,9,3,32,1,9,8
533324261,2,533324264,,6,3,3,*,*,*,*,*,*,*,*,*,*,*,*,*,*,*,*,*,*,*,*,*,*,*,*,*,*,*,*,*,*,2,2,*,*,*,*,*,*,*,*,*,*,*,*,*,*,*
533324262,0,,,14,6,8,0,0,0,14,6,8,7,4,3,14,6,8,14,6,8,7,2,5,3,0,3,1,0,1,0,0,0,0,0,0,4,4,0,1,1,1,1,0,0,4,1,3,0,4,0,0,1
533324263,0,,,66,32,34,5,4,1,61,28,33,27,12,15,59,27,32,58,26,32,34,16,18,16,6,10,7,3,4,1,0,1,0,0,0,24,24,5,10,3,3,0,1,2,19,11,8,2,22,0,4,7
533324264,1,,533324261,72,37,35,5,4,1,73,36,37,40,23,17,71,36,35,71,36,35,33,13,20,15,5,10,7,1,6,2,0,2,0,0,0,28,28,8,7,7,5,3,0,0,22,17,5,0,20,0,6,4
533324271,0,,,226,98,128,17,7,10,209,91,118,88,47,41,203,88,115,199,87,112,121,44,77,86,28,58,52,15,37,13,3,10,0,0,0,62,60,11,17,14,5,9,3,1,49,31,18,5,47,0,7,8
533324272,0,,,100,55,45,10,5,5,90,50,40,47,26,21,88,49,39,87,49,38,43,24,19,14,8,6,3,2,1,0,0,0,0,0,0,30,30,4,8,8,2,2,4,2,26,14,12,4,25,0,3,6
533324273,0,,,292,152,140,21,11,10,271,141,130,142,81,61,260,134,126,257,134,123,129,60,69,50,21,29,12,2,10,1,0,1,0,0,0,108,108,26,39,14,14,7,4,4,82,58,24,4,84,0,17,21
533324274,0,,,100,50,50,12,7,5,88,43,45,49,27,22,88,43,45,88,43,45,39,16,23,12,6,6,4,2,2,0,0,0,1,0,1,39,39,13,8,9,4,3,1,1,26,23,3,4,27,0,9,3
533324281,0,,,53,24,29,0,0,0,53,24,29,24,12,12,50,22,28,49,22,27,29,12,17,16,9,7,4,1,3,0,0,0,1,0,1,22,22,6,7,6,0,3,0,0,16,11,5,0,18,0,4,5
533324282,0,,,99,48,51,19,9,10,80,39,41,45,22,23,78,37,41,76,36,40,35,17,18,12,4,8,3,0,3,1,0,1,2,0,2,24,24,3,4,4,3,4,3,3,20,9,11,5,21,0,3,3
533324283,0,,,12,4,8,1,0,1,11,4,7,5,1,4,10,4,6,10,4,6,6,3,3,2,1,1,0,0,0,0,0,0,0,0,0,4,4,1,1,1,0,0,1,0,3,2,1,0,4,0,1,1
533324351,0,,,33,15,18,1,0,1,32,15,17,14,9,5,32,15,17,32,15,17,18,6,12,18,6,12,15,4,11,0,0,0,0,0,0,14,12,10,1,1,0,0,0,0,2,2,0,1,0,8,0,0
533324352,0,,,74,38,36,6,4,2,68,34,34,34,19,15,67,34,33,66,33,33,34,15,19,18,9,9,10,3,7,0,0,0,0,0,0,27,27,7,8,4,3,3,2,0,20,12,8,1,21,0,3,6
533324361,0,,,64,31,33,5,3,2,59,28,31,25,12,13,57,27,30,56,27,29,34,16,18,18,8,10,8,3,5,2,1,1,0,0,0,23,23,5,8,4,3,0,2,1,18,9,9,1,22,0,4,8
533324362,0,,,78,37,41,5,3,2,73,34,39,40,21,19,72,34,38,70,33,37,33,13,20,19,8,11,7,3,4,0,0,0,0,0,0,23,23,2,7,3,4,5,2,0,21,11,10,2,22,0,2,4
533324371,1,,533324373,95,40,55,4,2,2,93,39,54,45,20,25,92,38,54,88,37,51,48,19,29,26,7,19,11,2,9,1,0,1,0,0,0,35,35,6,16,5,3,4,2,0,30,22,8,0,32,0,5,9
533324373,2,533324371,,2,1,1,*,*,*,*,*,*,*,*,*,*,*,*,*,*,*,*,*,*,*,*,*,*,*,*,*,*,*,*,*,*,1,1,*,*,*,*,*,*,*,*,*,*,*,*,*,*,*
533325001,0,,,394,196,198,28,17,11,366,179,187,212,113,99,363,178,185,358,176,182,154,66,88,78,29,49,18,4,14,1,0,1,2,0,2,149,149,31,50,34,17,10,6,1,117,84,33,8,102,0,20,24
533325002,0,,,249,114,135,52,27,25,197,87,110,137,65,72,184,80,104,182,80,102,60,22,38,30,8,22,6,1,5,1,0,1,1,0,1,74,74,9,19,17,15,5,3,6,64,43,21,11,44,0,5,7
533325004,0,,,817,379,438,187,91,96,630,288,342,445,213,232,598,276,322,584,270,314,185,75,110,116,44,72,34,8,26,8,0,8,1,0,1,268,267,53,68,51,47,31,10,7,214,180,34,44,115,1,30,32
533325012,2,533325014,,6,3,3,*,*,*,*,*,*,*,*,*,*,*,*,*,*,*,*,*,*,*,*,*,*,*,*,*,*,*,*,*,*,1,1,*,*,*,*,*,*,*,*,*,*,*,*,*,*,*
533325013,2,533325014,,15,11,4,*,*,*,*,*,*,*,*,*,*,*,*,*,*,*,*,*,*,*,*,*,*,*,*,*,*,*,*,*,*,8,8,*,*,*,*,*,*,*,*,*,*,*,*,*,*,*
533325014,1,,533325012;533325013,98,48,50,26,15,11,93,47,46,53,28,25,92,46,46,92,46,46,40,19,21,16,6,10,6,1,5,1,0,1,1,1,0,28,28,10,9,5,2,3,5,3,27,15,12,3,24,1,2,7
533325022,0,,,14,4,10,3,0,3,11,4,7,10,4,6,10,3,7,10,3,7,1,0,1,1,0,1,0,0,0,0,0,0,0,0,0,6,6,2,1,2,1,0,0,0,4,3,1,0,1,0,0,0
533325024,0,,,93,44,49,21,13,8,72,31,41,50,21,29,69,30,39,67,30,37,22,10,12,8,3,5,3,1,2,0,0,0,0,0,0,28,28,5,8,4,2,5,2,2,23,15,8,3,15,0,2,4
533325031,2,533325032,,182,42,140,*,*,*,*,*,*,*,*,*,*,*,*,*,*,*,*,*,*,*,*,*,*,*,*,*,*,*,*,*,*,5,2,*,*,*,*,*,*,*,*,*,*,*,*,*,*,*
533325032,1,,533325031,143,60,83,22,11,11,303,91,212,73,33,40,299,90,209,298,89,209,230,58,172,181,37,144,119,20,99,27,6,21,2,1,1,57,57,12,24,10,8,2,1,2,47,36,11,5,39,0,9,9
533325033,0,,,98,46,52,12,3,9,86,43,43,45,25,20,85,42,43,85,42,43,41,18,23,27,11,16,8,1,7,1,0,1,2,0,2,42,42,18,13,2,4,0,3,2,24,16,8,4,26,0,9,6
533325034,0,,,348,157,191,42,22,20,306,135,171,165,75,90,300,132,168,295,130,165,141,60,81,81,31,50,32,10,22,5,0,5,7,1,6,125,125,25,41,28,13,9,4,5,99,67,32,7,92,4,15,23
533325041,0,,,150,69,81,12,4,8,138,65,73,73,39,34,134,64,70,132,63,69,65,26,39,31,10,21,14,2,12,3,0,3,0,0,0,53,53,8,17,13,8,5,2,0,45,28,17,2,43,0,5,6
533325042,0,,,80,29,51,5,1,4,75,28,47,56,17,39,73,27,46,72,27,45,19,11,8,7,4,3,1,1,0,0,0,0,12,0,12,36,36,16,10,4,4,0,0,2,20,12,8,0,16,10,2,4
533325043,0,,,478,228,250,54,24,30,423,204,219,244,122,122,408,201,207,401,198,203,179,82,97,99,43,56,35,11,24,3,1,2,17,15,2,196,196,71,56,34,10,11,6,8,124,89,35,15,120,14,33,30
533325044,0,,,437,207,230,74,35,39,363,172,191,267,135,132,340,160,180,334,157,177,96,37,59,40,14,26,14,5,9,1,1,0,14,8,6,181,181,63,47,30,29,6,2,4,114,97,17,23,69,12,19,16
533325051,0,,,441,214,227,39,16,23,402,198,204,263,140,123,389,190,199,383,186,197,139,58,81,79,31,48,25,11,14,1,0,1,5,1,4,162,162,37,50,33,19,12,9,2,123,85,38,11,96,3,14,12
533325052,0,,,461,199,262,53,30,23,408,169,239,217,104,113,400,164,236,398,163,235,191,65,126,116,28,88,67,13,54,14,3,11,5,2,3,164,159,37,53,38,19,9,3,0,122,101,21,15,87,3,21,26
533325053,0,,,41,12,29,2,0,2,39,12,27,29,9,20,37,11,26,37,11,26,10,3,7,6,0,6,4,0,4,0,0,0,7,0,7,26,25,16,8,0,1,0,0,0,9,9,0,0,7,9,3,0
533325054,0,,,97,32,65,1,0,1,96,32,64,68,24,44,94,30,64,90,30,60,28,8,20,21,4,17,12,2,10,0,0,0,35,0,35,60,59,40,12,4,0,2,1,0,19,13,6,0,20,26,3,3
533325061,0,,,143,67,76,12,6,6,131,61,70,70,36,34,130,61,69,128,59,69,61,25,36,27,10,17,9,2,7,1,0,1,0,0,0,46,46,5,16,6,11,4,4,0,41,24,17,2,40,0,5,9
533325062,0,,,19,7,12,3,0,3,16,7,9,8,4,4,16,7,9,16,7,9,8,3,5,4,1,3,1,0,1,0,0,0,0,0,0,5,5,1,0,2,0,1,0,1,4,1,3,1,5,0,1,0
533325063,0,,,265,124,141,35,20,15,230,104,126,145,64,81,225,100,125,223,99,124,85,40,45,44,17,27,12,3,9,1,0,1,12,1,11,114,114,46,25,20,11,8,3,1,67,50,17,12,57,10,15,12
533325064,0,,,189,82,107,31,13,18,158,69,89,73,34,39,158,69,89,154,68,86,85,35,50,57,17,40,36,11,25,7,1,6,12,5,7,45,42,9,8,8,4,6,4,3,33,20,13,6,25,2,3,4
533325071,0,,,26,11,15,2,1,1,24,10,14,14,6,8,24,10,14,23,10,13,10,4,6,8,3,5,2,0,2,0,0,0,0,0,0,9,9,2,2,2,1,2,0,0,7,2,5,0,8,0,2,1
533325072,0,,,29,15,14,3,1,2,26,14,12,17,8,9,25,13,12,25,13,12,9,6,3,4,2,2,2,0,2,0,0,0,0,0,0,11,11,3,3,3,1,0,0,1,8,6,2,0,7,0,3,1
533325081,0,,,83,39,44,16,9,7,67,30,37,37,19,18,66,29,37,66,29,37,30,11,19,15,4,11,9,2,7,0,0,0,0,0,0,29,29,7,9,4,3,4,1,1,22,13,9,4,19,1,3,4
533325082,0,,,13,6,7,0,0,0,13,6,7,7,3,4,13,6,7,13,6,7,6,3,3,0,0,0,0,0,0,0,0,0,0,0,0,6,6,2,2,1,1,0,0,0,4,2,2,0,5,0,2,1
533325101,0,,,20,10,10,4,3,1,16,7,9,11,5,6,16,7,9,14,6,8,5,2,3,3,1,2,1,0,1,0,0,0,0,0,0,7,7,2,2,1,1,0,0,1,5,4,1,1,4,0,1,1
533325102,0,,,115,56,59,16,8,8,99,48,51,53,29,24,96,45,51,94,44,50,46,19,27,29,10,19,19,6,13,0,0,0,0,0,0,44,44,12,15,6,3,6,1,1,32,22,10,3,31,0,8,9
533325103,0,,,159,79,80,22,11,11,137,68,69,76,44,32,132,65,67,130,63,67,61,24,37,33,11,22,13,1,12,2,0,2,0,0,0,59,59,18,12,13,10,2,1,3,41,31,10,3,42,0,13,7
533325104,0,,,500,233,267,47,22,25,452,210,242,261,128,133,416,191,225,407,187,220,191,82,109,112,43,69,32,4,28,6,0,6,2,1,1,191,190,56,54,43,23,5,5,4,134,105,29,12,124,4,31,23
533325111,0,,,64,31,33,4,4,0,60,27,33,24,12,12,60,27,33,60,27,33,36,15,21,18,7,11,10,3,7,1,0,1,0,0,0,23,23,5,9,3,2,2,1,1,18,12,6,0,19,0,3,7
533325112,0,,,79,40,39,10,7,3,69,33,36,36,17,19,66,32,34,66,32,34,33,16,17,20,8,12,5,1,4,0,0,0,0,0,0,31,31,7,11,6,5,1,0,1,23,20,3,1,24,0,6,6
533325113,0,,,321,160,161,29,16,13,292,144,148,157,83,74,285,142,143,279,139,140,135,61,74,79,27,52,35,12,23,2,0,2,3,1,2,121,121,33,36,22,14,7,7,2,88,58,30,8,94,0,30,18
533325114,0,,,363,179,184,30,14,16,333,165,168,165,91,74,322,158,164,316,156,160,168,74,94,95,37,58,36,11,25,7,1,6,2,1,1,137,137,33,43,29,13,10,8,1,104,70,34,10,104,0,23,23
533325121,0,,,355,174,181,30,14,16,325,160,165,177,95,82,314,155,159,313,155,158,148,65,83,91,34,57,37,11,26,4,0,4,0,0,0,142,142,39,48,25,17,4,6,3,101,72,29,7,103,1,29,20
533325122,0,,,69,30,39,7,0,7,62,30,32,35,20,15,60,29,31,60,29,31,27,10,17,15,5,10,5,1,4,0,0,0,0,0,0,35,35,16,10,6,1,1,1,0,18,17,1,2,21,2,10,4
533325123,0,,,179,91,88,22,12,10,157,79,78,93,50,43,149,75,74,147,74,73,64,29,35,39,15,24,14,6,8,2,1,1,0,0,0,64,64,17,15,11,11,5,5,0,46,31,15,2,48,0,14,10
533325201,0,,,93,46,47,12,6,6,81,40,41,59,30,29,79,38,41,78,38,40,22,10,12,10,4,6,0,0,0,0,0,0,0,0,0,42,42,12,16,9,3,2,0,0,30,28,2,5,15,4,3,7
533325202,0,,,145,48,97,0,0,0,145,48,97,31,15,16,145,48,97,144,47,97,114,33,81,91,20,71,67,10,57,16,1,15,0,0,0,34,31,7,13,9,2,0,0,0,24,21,3,0,25,0,4,5
533325211,0,,,43,21,22,4,3,1,39,18,21,18,9,9,38,17,21,38,17,21,21,9,12,14,6,8,4,1,3,0,0,0,0,0,0,18,18,5,8,2,1,0,2,0,13,9,4,1,14,0,2,5
533326062,0,,,47,21,26,1,1,0,46,20,26,25,12,13,44,20,24,43,19,24,21,8,13,8,3,5,5,1,4,0,0,0,0,0,0,17,17,4,6,2,2,1,2,0,13,9,4,1,13,0,3,3
533326071,1,,533326072,56,28,28,6,3,3,52,26,26,28,15,13,51,26,25,51,26,25,24,11,13,4,1,3,2,0,2,0,0,0,1,0,1,20,20,3,9,2,5,1,1,0,16,13,3,2,15,0,2,4
533326072,2,533326071,,2,1,1,*,*,*,*,*,*,*,*,*,*,*,*,*,*,*,*,*,*,*,*,*,*,*,*,*,*,*,*,*,*,1,1,*,*,*,*,*,*,*,*,*,*,*,*,*,*,*
533326081,0,,,53,26,27,2,2,0,51,24,27,31,16,15,47,22,25,47,22,25,20,8,12,12,3,9,5,1,4,0,0,0,0,0,0,16,16,2,4,3,3,2,2,0,14,5,9,1,15,0,1,2
533326082,0,,,78,33,45,11,3,8,67,30,37,33,15,18,66,30,36,66,30,36,34,15,19,17,7,10,10,4,6,1,0,1,0,0,0,26,26,1,15,4,1,2,1,2,25,18,7,2,23,0,1,10
533326091,0,,,59,26,33,3,1,2,56,25,31,34,15,19,55,25,30,55,25,30,22,10,12,13,7,6,2,1,1,0,0,0,0,0,0,20,20,0,10,4,5,0,0,1,20,15,5,1,13,0,0,4
533326092,1,,533326094,224,105,119,32,18,14,195,88,107,141,67,74,187,83,104,180,78,102,54,21,33,20,9,11,3,2,1,0,0,0,6,0,6,93,93,32,25,17,12,5,2,1,62,53,9,11,40,0,12,8
533326094,2,533326092,,3,1,2,*,*,*,*,*,*,*,*,*,*,*,*,*,*,*,*,*,*,*,*,*,*,*,*,*,*,*,*,*,*,1,1,*,*,*,*,*,*,*,*,*,*,*,*,*,*,*
533327001,0,,,200,100,100,17,11,6,183,89,94,95,50,45,178,84,94,177,83,94,88,39,49,43,18,25,12,4,8,0,0,0,0,0,0,70,70,8,23,22,9,4,4,0,61,44,17,7,56,0,7,13
533327003,0,,,106,52,54,6,4,2,100,48,52,45,23,22,98,46,52,98,46,52,55,25,30,28,11,17,10,3,7,0,0,0,0,0,0,49,49,12,28,3,3,1,2,0,37,30,7,0,39,0,10,13
533327004,0,,,109,52,57,18,9,9,91,43,48,60,30,30,86,41,45,86,41,45,31,13,18,13,5,8,6,3,3,0,0,0,0,0,0,37,37,9,8,7,4,7,2,0,27,16,11,9,21,0,4,4
533327013,0,,,52,24,28,1,1,0,51,23,28,31,16,15,50,23,27,49,23,26,20,7,13,14,5,9,9,3,6,1,0,1,0,0,0,20,20,5,5,5,4,0,1,0,15,10,5,0,13,0,5,1
533327014,0,,,155,76,79,10,5,5,145,71,74,59,33,26,143,69,74,143,69,74,86,38,48,49,16,33,26,7,19,2,1,1,0,0,0,77,77,34,24,8,6,5,0,0,43,33,10,3,62,0,27,12
533327024,0,,,352,167,185,33,13,20,319,154,165,172,91,81,311,150,161,306,149,157,147,63,84,77,33,44,34,12,22,1,0,1,0,0,0,120,120,19,34,35,15,8,5,4,101,62,39,10,93,0,17,16
533327032,0,,,98,48,50,10,4,6,88,44,44,51,25,26,86,44,42,84,43,41,37,19,18,17,8,9,4,3,1,0,0,0,0,0,0,32,32,4,12,5,5,2,3,1,28,19,9,3,24,0,4,7
533327033,0,,,133,60,73,22,10,12,111,50,61,64,29,35,105,48,57,104,48,56,47,21,26,25,13,12,8,3,5,0,0,0,0,0,0,43,43,7,11,9,8,5,1,2,36,25,11,8,28,0,5,9
533327034,0,,,46,22,24,3,2,1,43,20,23,23,10,13,40,19,21,40,19,21,20,10,10,14,7,7,9,4,5,0,0,0,0,0,0,15,15,3,4,1,4,2,1,0,12,6,6,0,12,0,2,3
533327041,0,,,32,14,18,4,3,1,28,11,17,15,8,7,28,11,17,28,11,17,13,3,10,7,1,6,2,0,2,0,0,0,1,1,0,14,14,5,3,3,3,0,0,0,9,6,3,2,9,0,3,2
533327043,0,,,13,6,7,2,1,1,11,5,6,6,3,3,11,5,6,11,5,6,5,2,3,3,1,2,1,0,1,0,0,0,0,0,0,7,7,3,3,0,1,0,0,0,4,4,0,1,3,0,0,1
533327044,0,,,12,5,7,3,1,2,9,4,5,6,3,3,9,4,5,8,4,4,3,1,2,0,0,0,0,0,0,0,0,0,1,1,0,4,4,0,3,0,0,0,1,0,4,3,1,1,3,0,0,1
533327062,1,,533327064,31,17,14,4,3,1,35,16,19,25,12,13,34,15,19,33,15,18,10,4,6,3,1,2,0,0,0,0,0,0,0,0,0,9,9,3,3,2,2,0,1,1,9,7,2,2,6,0,1,2
533327064,2,533327062,,8,2,6,*,*,*,*,*,*,*,*,*,*,*,*,*,*,*,*,*,*,*,*,*,*,*,*,*,*,*,*,*,*,3,3,*,*,*,*,*,*,*,*,*,*,*,*,*,*,*
533327071,0,,,56,26,30,4,3,1,52,23,29,28,12,16,52,23,29,51,23,28,24,11,13,11,3,8,8,2,6,0,0,0,0,0,0,21,21,7,3,4,6,0,0,1,14,6,8,1,15,0,3,2
533327082,0,,,107,49,58,12,4,8,95,45,50,52,27,25,94,45,49,94,45,49,43,18,25,24,7,17,9,1,8,0,0,0,0,0,0,36,35,5,12,10,4,2,1,1,30,21,9,4,23,0,4,3
533327084,0,,,425,207,218,52,26,26,372,180,192,276,139,137,355,169,186,346,164,182,96,41,55,38,11,27,5,0,5,1,0,1,1,0,1,155,155,36,46,32,18,14,5,4,118,95,23,9,71,1,17,18
533327094,0,,,39,21,18,1,1,0,38,20,18,19,10,9,37,19,18,36,18,18,19,10,9,8,3,5,3,0,3,1,0,1,0,0,0,13,13,3,1,5,3,0,0,1,10,6,4,0,11,0,3,1
533327141,0,,,136,69,67,19,9,10,117,60,57,101,52,49,103,53,50,100,50,50,16,8,8,6,3,3,0,0,0,0,0,0,1,1,0,45,45,3,13,15,8,6,0,0,42,40,2,6,12,0,3,3
533327142,0,,,377,180,197,37,18,19,340,162,178,203,105,98,329,154,175,323,151,172,137,57,80,84,28,56,36,11,25,1,0,1,0,0,0,137,137,37,33,30,18,9,6,4,100,66,34,9,100,0,32,16
533327144,0,,,47,26,21,17,13,4,30,13,17,28,13,15,27,11,16,25,11,14,2,0,2,1,0,1,0,0,0,0,0,0,3,1,2,14,14,4,0,2,4,3,1,0,10,9,1,4,2,0,2,0
533327151,2,533327153,,3,2,1,*,*,*,*,*,*,*,*,*,*,*,*,*,*,*,*,*,*,*,*,*,*,*,*,*,*,*,*,*,*,1,1,*,*,*,*,*,*,*,*,*,*,*,*,*,*,*
533327152,2,533327154,,1,1,0,*,*,*,*,*,*,*,*,*,*,*,*,*,*,*,*,*,*,*,*,*,*,*,*,*,*,*,*,*,*,1,1,*,*,*,*,*,*,*,*,*,*,*,*,*,*,*
533327153,1,,533327151,499,221,278,57,32,25,445,191,254,233,105,128,432,182,250,425,178,247,212,86,126,97,30,67,40,12,28,8,3,5,1,0,1,195,195,52,57,44,24,13,3,3,142,104,38,9,146,0,43,28
533327154,1,,533327152,151,76,75,14,8,6,138,69,69,74,40,34,135,67,68,133,67,66,64,29,35,32,13,19,11,3,8,3,0,3,0,0,0,46,46,7,10,14,8,3,2,3,40,20,20,1,37,0,5,5
533327163,0,,,146,70,76,8,6,2,138,64,74,93,42,51,134,62,72,132,62,70,45,22,23,23,9,14,8,0,8,0,0,0,2,0,2,52,52,13,13,7,10,8,1,0,39,20,19,2,31,0,7,4
533327182,0,,,53,26,27,4,2,2,49,24,25,21,11,10,49,24,25,49,24,25,28,13,15,17,7,10,8,2,6,0,0,0,0,0,0,20,20,4,3,10,2,1,0,0,16,11,5,1,18,0,4,1
533327184,0,,,29,14,15,2,1,1,27,13,14,15,7,8,26,12,14,26,12,14,12,6,6,7,3,4,2,0,2,1,0,1,1,0,1,9,9,0,3,2,3,1,0,0,9,6,3,0,8,0,0,2
533327191,0,,,22,10,12,2,0,2,20,10,10,12,6,6,20,10,10,20,10,10,8,4,4,1,0,1,1,0,1,0,0,0,0,0,0,10,10,3,5,0,1,1,0,0,7,6,1,1,5,0,2,2
533327192,0,,,207,85,122,24,15,9,183,70,113,57,31,26,178,67,111,173,63,110,126,39,87,106,32,74,71,16,55,15,1,14,1,0,1,48,42,11,13,8,7,1,2,0,31,23,8,1,27,0,9,7
533327193,0,,,73,21,52,2,0,2,70,20,50,51,12,39,70,20,50,68,19,49,19,8,11,9,4,5,5,1,4,0,0,0,22,0,22,41,41,26,8,4,0,1,0,2,15,11,4,2,11,15,1,6
533327194,0,,,113,54,59,14,9,5,99,45,54,50,26,24,98,44,54,98,44,54,49,19,30,20,6,14,8,1,7,1,0,1,0,0,0,51,51,17,17,10,5,1,0,1,34,27,7,4,31,1,8,7
533327251,1,,533327252,130,66,64,11,7,4,123,61,62,62,37,25,118,60,58,117,60,57,61,24,37,34,13,21,14,5,9,0,0,0,1,0,1,46,46,7,17,12,4,3,3,1,40,27,13,1,36,0,4,10
533327252,2,533327251,,4,2,2,*,*,*,*,*,*,*,*,*,*,*,*,*,*,*,*,*,*,*,*,*,*,*,*,*,*,*,*,*,*,1,1,*,*,*,*,*,*,*,*,*,*,*,*,*,*,*
533327262,0,,,68,36,32,4,2,2,64,34,30,30,17,13,63,33,30,63,33,30,34,17,17,14,5,9,8,3,5,1,0,1,0,0,0,27,27,6,12,4,2,1,1,1,21,15,6,2,23,0,5,7
533327272,0,,,124,55,69,8,4,4,116,51,65,54,26,28,110,49,61,108,49,59,62,25,37,30,13,17,11,5,6,1,1,0,1,0,1,47,47,7,23,8,3,4,0,2,40,27,13,4,41,0,6,14
533327274,0,,,80,42,38,5,2,3,75,40,35,44,26,18,73,38,35,72,37,35,31,14,17,21,8,13,9,3,6,3,1,2,0,0,0,27,27,5,6,6,7,1,2,0,21,11,10,0,23,0,3,2
533327282,1,,533327284,40,24,16,1,1,0,44,25,19,22,15,7,42,23,19,42,23,19,22,10,12,18,6,12,7,3,4,1,0,1,0,0,0,19,19,6,11,3,2,0,0,0,16,15,1,0,16,0,5,1
533327284,2,533327282,,5,2,3,*,*,*,*,*,*,*,*,*,*,*,*,*,*,*,*,*,*,*,*,*,*,*,*,*,*,*,*,*,*,3,3,*,*,*,*,*,*,*,*,*,*,*,*,*,*,*
533327291,0,,,172,90,82,14,8,6,157,81,76,88,48,40,154,79,75,152,79,73,69,33,36,43,21,22,16,6,10,0,0,0,0,0,0,72,72,25,19,16,5,2,4,1,47,28,19,4,50,0,15,7
533327292,0,,,522,249,273,73,40,33,449,209,240,238,122,116,439,204,235,435,202,233,211,87,124,134,46,88,42,13,29,2,0,2,1,0,1,202,202,59,59,39,20,13,4,8,143,105,38,21,136,2,34,22
533327294,0,,,485,221,264,45,23,22,440,198,242,228,110,118,431,195,236,426,194,232,212,88,124,120,43,77,42,11,31,1,0,1,1,0,1,185,185,43,62,35,26,7,10,2,142,97,45,11,141,0,34,38
533330072,0,,,41,18,23,0,0,0,41,18,23,19,7,12,40,18,22,40,18,22,22,11,11,6,1,5,2,0,2,0,0,0,0,0,0,17,17,4,5,5,3,0,0,0,13,10,3,0,14,0,2,4
533330074,0,,,74,31,43,8,6,2,66,25,41,32,10,22,64,23,41,63,23,40,34,15,19,15,5,10,6,2,4,1,0,1,0,0,0,23,23,3,9,3,4,1,0,3,20,12,8,1,21,0,3,4
533330081,2,533330083,,5,2,3,*,*,*,*,*,*,*,*,*,*,*,*,*,*,*,*,*,*,*,*,*,*,*,*,*,*,*,*,*,*,4,4,*,*,*,*,*,*,*,*,*,*,*,*,*,*,*
533330082,2,533330084,,5,4,1,*,*,*,*,*,*,*,*,*,*,*,*,*,*,*,*,*,*,*,*,*,*,*,*,*,*,*,*,*,*,2,2,*,*,*,*,*,*,*,*,*,*,*,*,*,*,*
533330083,1,,533330081,27,16,11,1,1,0,31,17,14,17,10,7,31,17,14,31,17,14,14,7,7,2,0,2,1,0,1,0,0,0,0,0,0,10,9,4,3,4,2,0,0,0,9,7,2,1,9,0,3,2
533330084,1,,533330082;533330182,190,97,93,23,13,10,201,99,102,86,45,41,197,95,102,195,93,102,115,54,61,64,29,35,35,13,22,10,4,6,0,0,0,60,60,8,20,14,9,6,3,3,55,31,24,4,54,0,6,12
533330091,0,,,147,69,78,15,3,12,132,66,66,56,34,22,127,62,65,125,61,64,76,32,44,35,11,24,10,3,7,0,0,0,0,0,0,55,55,13,22,9,3,2,1,5,42,29,13,4,49,0,12,13
533330093,0,,,31,15,16,1,0,1,30,15,15,21,11,10,28,14,14,27,13,14,9,4,5,4,2,2,1,1,0,0,0,0,0,0,0,10,10,1,3,3,1,1,1,0,9,6,3,0,5,0,1,1
533330173,0,,,73,33,40,6,3,3,67,30,37,30,17,13,65,28,37,65,28,37,37,13,24,14,2,12,6,1,5,0,0,0,0,0,0,23,23,3,7,7,1,3,0,2,20,11,9,0,22,0,3,5
533330174,0,,,57,31,26,6,6,0,51,25,26,23,15,8,49,23,26,49,23,26,28,10,18,15,4,11,8,2,6,1,0,1,0,0,0,18,18,2,5,6,3,0,0,2,16,7,9,1,16,0,1,3
533330182,2,533330084,,29,11,18,*,*,*,*,*,*,*,*,*,*,*,*,*,*,*,*,*,*,*,*,*,*,*,*,*,*,*,*,*,*,2,1,*,*,*,*,*,*,*,*,*,*,*,*,*,*,*
533330271,2,533330272,,3,1,2,*,*,*,*,*,*,*,*,*,*,*,*,*,*,*,*,*,*,*,*,*,*,*,*,*,*,*,*,*,*,2,2,*,*,*,*,*,*,*,*,*,*,*,*,*,*,*
533330272,1,,533330271,45,22,23,2,0,2,46,23,23,25,14,11,46,23,23,45,23,22,21,9,12,14,6,8,3,1,2,0,0,0,0,0,0,17,17,4,9,2,1,2,1,0,15,10,5,0,15,0,2,5
