KEY_CODE,HTKSYORI,HTKSAKI,GASSAN,T001101001,T001101002,T001101003,T001101004,T001101005,T001101006,T001101007,T001101008,T001101009,T001101010,T001101011,T001101012,T001101013,T001101014,T001101015,T001101016,T001101017,T001101018,T001101019,T001101020,T001101021,T001101022,T001101023,T001101024,T001101025,T001101026,T001101027,T001101028,T001101029,T001101030,T001101031,T001101032,T001101033,T001101034,T001101035,T001101036,T001101037,T001101038,T001101039,T001101040,T001101041,T001101042,T001101043,T001101044,T001101045,T001101046,T001101047,T001101048,T001101049,T001101050
,,,,Å@êlå˚ÅiëçêîÅj,Å@êlå˚ÅiëçêîÅjÅ@íj,Å@êlå˚ÅiëçêîÅjÅ@èó,Å@ÇOÅ`ÇPÇSçŒêlå˚Å@ëçêî,Å@ÇOÅ`ÇPÇSçŒêlå˚Å@íj,Å@ÇOÅ`ÇPÇSçŒêlå˚Å@èó,Å@ÇPÇTçŒà»è„êlå˚Å@ëçêî,Å@ÇPÇTçŒà»è„êlå˚Å@íj,Å@ÇPÇTçŒà»è„êlå˚Å@èó,Å@ÇPÇTÅ`ÇUÇSçŒêlå˚Å@ëçêî,Å@ÇPÇTÅ`ÇUÇSçŒêlå˚Å@íj,Å@ÇPÇTÅ`ÇUÇSçŒêlå˚Å@èó,Å@ÇPÇWçŒà»è„êlå˚Å@ëçêî,Å@ÇPÇWçŒà»è„êlå˚Å@íj,Å@ÇPÇWçŒà»è„êlå˚Å@èó,Å@ÇQÇOçŒà»è„êlå˚Å@ëçêî,Å@ÇQÇOçŒà»è„êlå˚Å@íj,Å@ÇQÇOçŒà»è„êlå˚Å@èó,Å@ÇUÇTçŒà»è„êlå˚Å@ëçêî,Å@ÇUÇTçŒà»è„êlå˚Å@íj,Å@ÇUÇTçŒà»è„êlå˚Å@èó,Å@ÇVÇTçŒà»è„êlå˚Å@ëçêî,Å@ÇVÇTçŒà»è„êlå˚Å@íj,Å@ÇVÇTçŒà»è„êlå˚Å@èó,Å@ÇWÇTçŒà»è„êlå˚Å@ëçêî,Å@ÇWÇTçŒà»è„êlå˚Å@íj,Å@ÇWÇTçŒà»è„êlå˚Å@èó,Å@ÇXÇTçŒà»è„êlå˚Å@ëçêî,Å@ÇXÇTçŒà»è„êlå˚Å@íj,Å@ÇXÇTçŒà»è„êlå˚Å@èó,Å@äOçëêlêlå˚Å@ëçêî,Å@äOçëêlêlå˚Å@íj,Å@äOçëêlêlå˚Å@èó,Å@ê¢ë—ëçêî,Å@àÍî ê¢ë—êî,Å@ÇPêlê¢ë—êîÅ@àÍî ê¢ë—êî,Å@ÇQêlê¢ë—êîÅ@àÍî ê¢ë—êî,Å@ÇRêlê¢ë—êîÅ@àÍî ê¢ë—êî,Å@ÇSêlê¢ë—êîÅ@àÍî ê¢ë—êî,Å@ÇTêlê¢ë—êîÅ@àÍî ê¢ë—êî,Å@ÇUêlê¢ë—êîÅ@àÍî ê¢ë—êî,Å@ÇVêlà»è„ê¢ë—êîÅ@àÍî ê¢ë—êî,Å@êeë∞ÇÃÇ›ÇÃê¢ë—êîÅ@àÍî ê¢ë—êî,Å@äjâ∆ë∞ê¢ë—êîÅ@àÍî ê¢ë—êî,Å@äjâ∆ë∞à»äOÇÃê¢ë—êîÅ@àÍî ê¢ë—êî,Å@ÇUçŒñ¢ñûê¢ë—àıÇÃÇ¢ÇÈê¢ë—êîÅ@àÍî ê¢ë—êî,Å@ÇUÇTçŒà»è„ê¢ë—àıÇÃÇ¢ÇÈê¢ë—êîÅ@àÍî ê¢ë—êî,Å@ê¢ë—éÂÇÃîNóÓÇ™ÇQÇOÅ`ÇQÇXçŒÇÃÇPêlê¢ë—êîÅ@àÍî ê¢ë—êî,Å@çÇóÓíPêgê¢ë—êîÅ@àÍî ê¢ë—êî,Å@çÇóÓïvïwê¢ë—êîÅ@àÍî ê¢ë—êî
533205031,0,,,19,9,10,2,1,1,17,8,9,9,5,4,16,8,8,16,8,8,8,3,5,5,3,2,1,0,1,0,0,0,0,0,0,6,6,1,3,0,0,0,2,0,5,3,2,0,5,0,0,3
533205032,1,,533205034,136,69,67,14,10,4,124,59,65,69,33,36,122,59,63,121,59,62,55,26,29,19,7,12,10,2,8,2,0,2,0,0,0,51,51,12,16,12,8,2,0,2,40,30,10,2,40,0,12,7
533205034,2,533205032,,2,0,2,*,*,*,*,*,*,*,*,*,*,*,*,*,*,*,*,*,*,*,*,*,*,*,*,*,*,*,*,*,*,1,1,*,*,*,*,*,*,*,*,*,*,*,*,*,*,*
533205041,0,,,205,83,122,15,8,7,190,75,115,72,42,30,185,72,113,183,71,112,118,33,85,91,18,73,54,6,48,17,1,16,0,0,0,52,51,18,13,8,3,6,3,0,33,24,9,4,29,2,7,5
533205042,0,,,202,105,97,13,7,6,189,98,91,114,63,51,184,95,89,181,93,88,75,35,40,53,21,32,25,8,17,1,0,1,1,0,1,44,41,8,16,5,1,4,4,3,32,19,13,4,33,0,6,8
533205043,0,,,244,141,103,21,15,6,218,123,95,188,111,77,215,121,94,207,119,88,30,12,18,17,6,11,6,3,3,0,0,0,27,26,1,147,147,100,15,22,6,2,1,1,47,40,7,8,23,42,8,3
533205044,0,,,181,109,72,49,33,16,132,76,56,97,59,38,119,67,52,113,65,48,35,17,18,16,8,8,9,4,5,1,0,1,20,17,3,50,48,15,8,9,7,5,4,0,32,21,11,5,20,13,0,3
533205051,0,,,225,109,116,26,9,17,199,100,99,120,59,61,190,95,95,182,92,90,79,41,38,38,18,20,8,4,4,1,1,0,0,0,0,65,65,9,20,9,11,4,4,8,56,32,24,3,50,0,7,11
533205052,0,,,124,58,66,17,9,8,107,49,58,66,32,34,101,49,52,98,46,52,41,17,24,18,6,12,7,2,5,1,0,1,0,0,0,35,35,3,8,8,9,1,4,2,32,18,14,6,26,0,3,3
533205053,0,,,131,60,71,8,1,7,123,59,64,66,32,34,122,58,64,117,57,60,57,27,30,36,15,21,11,4,7,1,1,0,0,0,0,42,42,5,16,6,5,6,2,2,37,22,15,1,37,0,5,7
533205054,0,,,127,59,68,9,4,5,118,55,63,64,33,31,117,54,63,117,54,63,54,22,32,26,8,18,9,2,7,0,0,0,0,0,0,46,46,9,13,14,5,3,0,2,37,24,13,3,36,0,6,8
533205061,0,,,48,23,25,9,4,5,39,19,20,22,11,11,39,19,20,39,19,20,17,8,9,6,0,6,6,0,6,0,0,0,0,0,0,18,18,4,7,3,1,2,0,1,14,11,3,1,12,0,2,2
533205062,0,,,244,124,120,29,15,14,215,109,106,123,66,57,210,106,104,209,105,104,92,43,49,42,18,24,10,3,7,0,0,0,0,0,0,58,57,7,19,10,8,5,5,3,50,28,22,8,37,0,1,8
533205063,0,,,145,67,78,26,15,11,119,52,67,79,37,42,112,47,65,110,47,63,40,15,25,19,5,14,3,1,2,0,0,0,0,0,0,42,41,4,9,11,8,3,3,3,37,26,11,10,23,0,2,4
533205064,0,,,505,217,288,76,34,42,429,183,246,280,132,148,414,175,239,410,174,236,149,51,98,84,20,64,46,7,39,12,3,9,4,1,3,141,139,13,38,23,39,14,10,2,126,85,41,18,66,1,5,11
533205071,0,,,517,237,280,55,35,20,453,198,255,323,141,182,440,193,247,422,187,235,130,57,73,72,35,37,17,8,9,1,0,1,5,0,5,209,209,66,55,40,26,15,7,0,142,115,27,22,86,16,14,23
533205072,0,,,924,456,468,153,76,77,763,376,387,523,277,246,727,358,369,711,348,363,240,99,141,123,46,77,53,18,35,9,2,7,44,26,18,324,322,73,93,62,46,29,14,5,247,191,56,39,142,16,23,35
533205073,0,,,338,165,173,79,41,38,249,117,132,199,94,105,246,116,130,244,115,129,50,23,27,23,10,13,4,0,4,1,0,1,0,0,0,134,134,38,37,26,18,14,1,0,93,83,10,31,30,9,3,12
533205074,0,,,624,295,329,73,39,34,546,254,292,346,169,177,522,241,281,516,238,278,200,85,115,111,46,65,40,16,24,2,1,1,2,0,2,206,206,31,49,55,37,25,6,3,172,120,52,18,124,4,13,22
533205081,0,,,365,174,191,66,30,36,294,140,154,205,99,106,283,132,151,275,128,147,89,41,48,41,15,26,13,5,8,1,0,1,0,0,0,126,126,27,33,27,15,15,7,2,97,68,29,15,55,4,8,11
533205082,0,,,123,68,55,6,4,2,117,64,53,71,41,30,111,63,48,109,62,47,46,23,23,22,7,15,5,3,2,1,0,1,0,0,0,24,22,4,9,7,0,1,1,0,18,14,4,0,18,0,2,7
533205083,0,,,622,306,316,98,50,48,523,256,267,344,176,168,503,246,257,490,239,251,179,80,99,97,41,56,39,13,26,1,1,0,0,0,0,214,214,33,66,56,31,12,9,7,181,141,40,27,115,5,12,29
533205084,0,,,222,103,119,31,11,20,191,92,99,124,62,62,182,86,96,180,84,96,67,30,37,34,13,21,9,3,6,2,0,2,0,0,0,85,85,24,25,15,8,10,2,1,61,44,17,7,39,8,5,9
533205091,0,,,367,172,195,34,18,16,333,154,179,176,96,80,327,150,177,319,146,173,157,58,99,90,26,64,50,7,43,12,2,10,1,0,1,123,122,29,39,20,16,12,4,2,93,67,26,11,79,3,14,28
533205092,0,,,165,73,92,8,4,4,156,68,88,67,35,32,152,65,87,151,64,87,89,33,56,57,15,42,26,0,26,3,0,3,0,0,0,53,52,17,16,6,6,4,2,1,35,25,10,1,36,0,10,8
533205093,0,,,244,117,127,26,13,13,218,104,114,119,56,63,211,102,109,207,100,107,99,48,51,49,21,28,14,5,9,1,0,1,1,1,0,81,81,7,28,21,16,3,3,3,74,53,21,6,61,0,5,18
533205094,0,,,42,22,20,0,0,0,42,22,20,17,10,7,42,22,20,42,22,20,25,12,13,14,7,7,2,2,0,0,0,0,0,0,0,14,14,0,7,3,2,1,1,0,14,11,3,0,13,0,0,7
533205132,0,,,67,30,37,7,3,4,60,27,33,35,15,20,58,27,31,57,27,30,25,12,13,17,8,9,1,1,0,0,0,0,0,0,0,19,19,2,6,0,6,2,2,1,17,10,7,2,15,0,2,5
533205134,0,,,161,76,85,10,3,7,151,73,78,84,44,40,147,72,75,145,71,74,67,29,38,29,12,17,10,1,9,0,0,0,0,0,0,55,55,11,17,13,4,4,3,3,44,29,15,4,41,0,6,10
533205141,0,,,154,80,74,19,9,10,133,70,63,91,50,41,128,66,62,126,65,61,42,20,22,21,9,12,8,3,5,0,0,0,9,9,0,62,62,25,11,13,5,2,4,2,36,26,10,6,30,12,7,3
533205142,0,,,88,48,40,13,5,8,75,43,32,69,39,30,74,43,31,71,42,29,6,4,2,1,1,0,0,0,0,0,0,0,5,5,0,25,18,5,5,3,2,0,2,1,12,10,2,4,3,4,0,0
533205143,0,,,122,50,72,7,2,5,115,48,67,22,12,10,113,48,65,112,48,64,93,36,57,64,23,41,26,4,22,1,0,1,0,0,0,22,14,1,4,4,3,0,1,1,13,9,4,2,12,0,1,2
533205144,0,,,82,37,45,17,6,11,65,31,34,44,20,24,64,30,34,64,30,34,21,11,10,14,6,8,1,0,1,0,0,0,0,0,0,26,26,5,7,7,2,1,0,4,21,13,8,7,14,0,3,5
533205151,0,,,26,16,10,3,0,3,23,16,7,18,14,4,23,16,7,23,16,7,5,2,3,3,1,2,3,1,2,0,0,0,10,10,0,16,16,11,1,3,1,0,0,0,5,4,1,1,2,11,0,0
533205152,0,,,33,16,17,3,1,2,29,14,15,20,10,10,27,14,13,26,13,13,9,4,5,4,1,3,2,0,2,0,0,0,0,0,0,11,11,3,2,2,3,0,0,1,8,4,4,1,7,0,1,2
533205153,0,,,97,49,48,15,6,9,82,43,39,40,22,18,80,42,38,80,42,38,42,21,21,25,11,14,7,3,4,1,0,1,0,0,0,34,34,10,9,3,5,3,3,1,24,14,10,2,26,0,6,7
533205154,0,,,300,138,162,23,10,13,261,121,140,180,85,95,251,117,134,247,115,132,81,36,45,48,21,27,16,5,11,3,0,3,33,1,32,161,161,95,29,16,11,8,0,2,65,50,15,1,49,24,7,12
533205161,2,533205162,,5,3,2,*,*,*,*,*,*,*,*,*,*,*,*,*,*,*,*,*,*,*,*,*,*,*,*,*,*,*,*,*,*,2,2,*,*,*,*,*,*,*,*,*,*,*,*,*,*,*
533205162,1,,533205161,66,26,40,8,3,5,63,26,37,37,15,22,60,25,35,60,25,35,26,11,15,12,3,9,12,3,9,2,0,2,0,0,0,25,25,8,6,6,4,1,2,0,19,10,9,2,17,1,4,2
533205163,0,,,298,141,157,53,26,27,239,111,128,192,89,103,235,110,125,231,110,121,47,22,25,20,10,10,8,3,5,1,0,1,22,5,17,120,120,41,24,29,16,4,5,1,78,66,12,23,30,10,2,6
533205164,0,,,229,113,116,38,21,17,191,92,99,128,63,65,185,89,96,180,88,92,63,29,34,34,14,20,8,1,7,0,0,0,3,3,0,72,72,8,21,15,15,7,4,2,64,45,19,12,42,2,3,10
533205171,1,,533205173,271,137,134,60,33,27,214,106,108,158,85,73,211,105,106,209,105,104,56,21,35,33,12,21,12,4,8,1,0,1,3,2,1,105,105,32,28,21,15,5,6,1,75,62,13,20,38,7,10,4
533205172,0,,,124,62,62,23,15,8,99,46,53,57,29,28,94,43,51,91,41,50,42,17,25,14,6,8,5,1,4,2,0,2,0,0,0,41,41,13,7,5,6,4,4,2,28,16,12,3,27,2,6,5
533205173,2,533205171,,8,4,4,*,*,*,*,*,*,*,*,*,*,*,*,*,*,*,*,*,*,*,*,*,*,*,*,*,*,*,*,*,*,3,3,*,*,*,*,*,*,*,*,*,*,*,*,*,*,*
533205174,0,,,117,56,61,28,14,14,89,42,47,58,28,30,87,41,46,87,41,46,31,14,17,16,7,9,7,2,5,0,0,0,1,0,1,31,31,2,10,2,6,6,2,3,28,18,10,11,20,0,2,3
533205181,0,,,471,236,235,36,26,10,426,205,221,313,160,153,393,186,207,382,182,200,113,45,68,57,19,38,13,1,12,1,0,1,0,0,0,191,189,67,47,33,26,8,4,4,119,92,27,9,77,17,16,13
533205182,0,,,418,195,223,50,23,27,368,172,196,237,114,123,361,168,193,358,168,190,131,58,73,67,28,39,32,10,22,4,0,4,0,0,0,171,171,53,53,29,22,5,5,4,115,92,23,18,83,12,18,23
533205183,0,,,174,86,88,52,24,28,121,61,60,103,51,52,114,59,55,111,58,53,18,10,8,6,4,2,1,1,0,0,0,0,0,0,0,55,55,13,3,15,13,8,3,0,41,37,4,13,12,1,4,2
533205184,0,,,83,38,45,10,5,5,72,32,40,54,24,30,70,32,38,70,32,38,18,8,10,6,2,4,3,0,3,0,0,0,1,1,0,36,36,11,12,6,6,0,1,0,25,21,4,4,12,4,2,2
533205191,0,,,555,265,290,68,34,34,481,227,254,306,157,149,463,216,247,452,208,244,175,70,105,85,33,52,29,11,18,3,2,1,3,0,3,232,232,88,57,41,23,7,10,6,144,114,30,11,117,11,39,26
533205192,0,,,98,49,49,7,2,5,81,42,39,64,33,31,80,42,38,79,41,38,17,9,8,5,2,3,2,1,1,1,0,1,0,0,0,58,58,37,11,4,4,1,1,0,19,14,5,1,12,15,2,3
533205193,0,,,377,171,206,52,25,27,319,144,175,217,102,115,308,139,169,303,137,166,102,42,60,54,20,34,16,4,12,0,0,0,25,13,12,180,180,79,51,21,18,7,2,2,101,87,14,14,77,20,30,18
533205194,0,,,661,312,349,76,41,35,542,249,293,411,198,213,526,241,285,502,233,269,131,51,80,80,26,54,38,13,25,2,2,0,19,10,9,354,353,216,55,34,24,17,6,1,132,105,27,24,83,82,19,14
533205232,0,,,270,134,136,25,14,11,245,120,125,135,68,67,233,114,119,230,114,116,110,52,58,49,18,31,18,4,14,3,0,3,1,0,1,88,88,15,23,24,9,7,6,4,73,37,36,6,67,0,8,11
533205234,0,,,86,39,47,8,3,5,78,36,42,39,21,18,77,36,41,76,35,41,39,15,24,19,5,14,9,2,7,1,0,1,0,0,0,30,30,6,10,2,7,4,1,0,24,17,7,3,25,0,5,8
533205241,0,,,126,57,69,18,6,12,108,51,57,58,29,29,106,50,56,105,49,56,50,22,28,20,7,13,5,2,3,0,0,0,0,0,0,37,37,5,9,9,4,4,3,3,32,19,13,5,31,0,4,7
533205242,0,,,41,20,21,4,2,2,37,18,19,21,10,11,34,17,17,34,17,17,16,8,8,6,3,3,1,1,0,0,0,0,0,0,0,15,15,2,7,2,2,1,1,0,12,9,3,1,12,0,1,2
533205243,0,,,104,53,51,19,11,8,85,42,43,53,26,27,83,41,42,80,40,40,32,16,16,8,1,7,4,0,4,1,0,1,0,0,0,29,29,4,7,5,4,4,3,2,25,15,10,4,20,1,1,4
533205244,0,,,50,26,24,2,2,0,48,24,24,26,14,12,47,23,24,46,23,23,22,10,12,12,6,6,4,2,2,1,0,1,0,0,0,15,15,3,2,2,5,2,0,1,12,5,7,1,14,0,3,0
533205251,1,,533205253,79,39,40,11,7,4,69,33,36,38,23,15,68,32,36,66,31,35,31,10,21,18,6,12,8,1,7,1,0,1,1,1,0,34,34,10,14,5,3,3,0,0,25,20,5,2,21,0,4,7
533205252,0,,,15,8,7,2,1,1,12,7,5,9,5,4,12,7,5,12,7,5,3,2,1,1,0,1,0,0,0,0,0,0,4,3,1,9,9,5,3,0,1,0,0,0,4,4,0,1,2,1,0,2
533205253,2,533205251,,1,1,0,*,*,*,*,*,*,*,*,*,*,*,*,*,*,*,*,*,*,*,*,*,*,*,*,*,*,*,*,*,*,1,1,*,*,*,*,*,*,*,*,*,*,*,*,*,*,*
533205261,0,,,219,111,108,37,22,15,180,88,92,123,62,61,170,83,87,169,83,86,57,26,31,27,10,17,8,2,6,2,0,2,5,5,0,86,86,27,23,15,12,4,3,2,58,48,10,12,35,12,5,11
533205262,0,,,230,108,122,41,20,21,188,88,100,128,66,62,182,85,97,179,82,97,60,22,38,38,12,26,12,3,9,1,0,1,5,4,1,79,78,20,19,17,12,7,1,2,57,49,8,12,25,6,2,10
533205263,0,,,200,99,101,42,25,17,158,74,84,105,48,57,151,73,78,145,70,75,53,26,27,20,6,14,11,4,7,0,0,0,1,0,1,58,58,7,11,15,9,10,4,2,51,37,14,7,35,1,6,6
533205264,0,,,85,45,40,26,15,11,59,30,29,44,21,23,57,29,28,57,29,28,15,9,6,4,3,1,3,2,1,2,1,1,0,0,0,24,24,2,5,6,5,4,1,1,22,19,3,9,8,0,0,1
533205271,0,,,164,85,79,27,17,10,137,68,69,87,45,42,132,65,67,126,64,62,50,23,27,21,10,11,4,2,2,0,0,0,0,0,0,45,45,1,15,9,6,5,8,1,43,23,20,4,33,0,0,5
533205272,0,,,186,89,97,30,18,12,153,70,83,99,44,55,147,68,79,145,67,78,54,26,28,22,8,14,8,3,5,0,0,0,0,0,0,74,74,28,21,8,5,7,1,4,46,32,14,7,36,6,7,9
533205273,0,,,254,123,131,40,26,14,210,95,115,152,71,81,197,91,106,191,90,101,58,24,34,25,10,15,10,4,6,1,0,1,0,0,0,80,80,7,19,24,19,5,6,0,72,53,19,9,39,2,2,5
533205274,0,,,272,134,138,40,20,20,232,114,118,144,74,70,222,109,113,215,106,109,88,40,48,34,17,17,11,3,8,0,0,0,5,1,4,104,104,22,40,19,11,8,2,2,81,72,9,10,56,1,11,21
533205281,0,,,104,51,53,15,7,8,86,42,44,45,23,22,86,42,44,85,42,43,41,19,22,14,6,8,3,2,1,0,0,0,0,0,0,42,42,9,21,5,2,2,1,2,32,27,5,4,24,0,3,14
533205282,0,,,142,57,85,14,3,11,125,52,73,83,34,49,121,49,72,118,48,70,42,18,24,27,11,16,6,1,5,1,0,1,0,0,0,59,59,22,17,9,3,2,5,1,36,25,11,6,28,3,5,6
533205283,0,,,368,182,186,52,24,28,304,149,155,228,114,114,296,145,151,291,144,147,76,35,41,31,13,18,7,2,5,2,1,1,5,5,0,163,163,62,44,28,20,3,4,2,96,79,17,22,51,11,12,12
533205284,0,,,184,87,97,21,10,11,162,76,86,111,52,59,160,75,85,159,74,85,51,24,27,27,10,17,12,4,8,0,0,0,0,0,0,76,76,24,19,17,11,3,2,0,52,40,12,8,29,3,3,5
533205291,0,,,1006,484,522,189,98,91,793,373,420,585,284,301,764,354,410,749,349,400,208,89,119,104,40,64,41,13,28,5,1,4,54,24,30,406,405,123,112,89,46,19,11,5,278,239,39,62,130,16,26,35
533205292,0,,,884,418,466,117,58,59,737,344,393,473,228,245,719,334,385,708,328,380,264,116,148,143,56,87,54,14,40,6,2,4,42,23,19,367,366,131,100,59,42,20,6,8,231,181,50,27,164,39,24,48
533205293,0,,,791,398,393,107,59,48,662,329,333,487,253,234,641,320,321,630,316,314,175,76,99,85,35,50,16,8,8,1,0,1,94,55,39,393,393,184,99,55,37,15,2,1,203,175,28,32,120,28,39,30
533205294,0,,,1239,600,639,161,84,77,1043,497,546,745,372,373,1002,475,527,978,464,514,298,125,173,142,55,87,52,18,34,5,2,3,63,35,28,566,566,227,152,97,52,25,10,3,335,287,48,47,199,36,56,52
533205341,0,,,21,9,12,0,0,0,21,9,12,5,3,2,21,9,12,21,9,12,16,6,10,4,1,3,1,0,1,0,0,0,0,0,0,12,12,6,4,1,1,0,0,0,6,5,1,0,11,0,5,3
533205342,0,,,27,13,14,5,2,3,22,11,11,16,9,7,21,10,11,21,10,11,6,2,4,4,1,3,2,0,2,0,0,0,0,0,0,9,9,3,1,1,2,1,1,0,6,4,2,1,4,0,1,1
533205343,0,,,86,45,41,14,8,6,72,37,35,40,23,17,70,35,35,70,35,35,32,14,18,17,6,11,4,1,3,1,0,1,0,0,0,28,28,3,14,4,2,2,0,3,25,16,9,3,21,0,2,6
533205344,0,,,148,71,77,20,9,11,128,62,66,80,42,38,119,58,61,116,56,60,48,20,28,27,11,16,9,3,6,1,0,1,0,0,0,42,42,6,10,6,7,4,7,2,35,19,16,3,29,0,3,4
533205351,0,,,90,35,55,2,1,1,88,34,54,15,7,8,87,34,53,86,33,53,73,27,46,57,17,40,43,14,29,10,5,5,1,0,1,14,13,1,7,2,2,0,0,1,12,9,3,0,11,0,1,4
533205352,0,,,302,153,149,90,51,39,212,102,110,132,68,64,200,97,103,198,96,102,80,34,46,47,16,31,33,8,25,3,0,3,2,0,2,70,67,5,12,9,20,9,3,9,61,45,16,14,27,2,1,6
533205353,0,,,93,49,44,14,8,6,79,41,38,49,27,22,75,39,36,75,39,36,30,14,16,12,4,8,6,2,4,0,0,0,0,0,0,28,28,0,13,3,5,5,1,1,28,23,5,4,17,0,0,8
533205354,0,,,252,134,118,27,14,13,225,120,105,156,85,71,214,111,103,172,84,88,69,35,34,27,14,13,11,6,5,1,0,1,4,0,4,64,63,9,14,17,6,9,4,4,53,38,15,5,42,3,3,8
533205361,0,,,376,183,193,93,43,50,278,135,143,192,98,94,268,132,136,266,131,135,86,37,49,48,16,32,28,7,21,3,1,2,3,1,2,137,137,47,20,24,23,17,2,4,88,69,19,27,59,3,22,8
533205362,0,,,211,82,129,22,10,12,189,72,117,133,48,85,155,69,86,150,67,83,56,24,32,24,11,13,7,3,4,2,0,2,5,0,5,60,59,11,17,13,7,4,3,4,48,32,16,6,31,6,1,8
533205363,0,,,75,41,34,8,5,3,64,34,30,44,26,18,62,32,30,60,30,30,20,8,12,9,3,6,5,2,3,0,0,0,0,0,0,28,28,5,11,3,6,3,0,0,22,18,4,3,14,0,3,6
533205364,0,,,164,78,86,25,15,10,138,63,75,81,40,41,134,62,72,132,62,70,57,23,34,27,10,17,11,3,8,0,0,0,0,0,0,57,57,13,14,11,10,7,0,2,44,30,14,5,37,1,7,6
533205371,0,,,354,168,186,71,37,34,283,131,152,193,94,99,271,124,147,268,121,147,90,37,53,44,20,24,15,5,10,1,0,1,5,2,3,114,114,17,32,23,17,16,7,2,96,67,29,27,58,2,9,11
533205372,0,,,425,219,206,56,37,19,369,182,187,244,128,116,353,171,182,346,170,176,125,54,71,57,22,35,20,5,15,2,0,2,5,4,1,149,149,39,34,28,27,8,7,6,109,74,35,18,87,9,18,14
533205373,0,,,297,138,159,44,19,25,253,119,134,164,78,86,248,116,132,242,114,128,89,41,48,45,21,24,10,2,8,1,1,0,0,0,0,104,104,10,41,24,16,11,1,1,93,76,17,13,55,0,9,19
533205374,0,,,305,153,152,50,26,24,255,127,128,179,92,87,243,118,125,237,116,121,76,35,41,44,19,25,16,9,7,1,1,0,1,0,1,102,102,20,21,26,18,11,4,2,82,59,23,16,48,4,7,8
533205381,0,,,871,458,413,124,70,54,733,379,354,516,276,240,709,368,341,697,361,336,217,103,114,104,41,63,42,11,31,7,2,5,55,39,16,362,361,146,81,64,43,16,7,4,211,182,29,33,114,25,29,25
533205382,0,,,285,120,165,35,16,19,247,102,145,149,61,88,245,102,143,242,101,141,98,41,57,55,23,32,24,10,14,2,1,1,11,0,11,121,121,47,32,18,11,8,2,3,73,55,18,12,64,7,17,16
533205383,0,,,713,345,368,145,69,76,551,267,284,428,215,213,536,262,274,526,257,269,123,52,71,56,24,32,18,7,11,1,0,1,4,3,1,283,283,91,64,59,44,13,8,4,189,161,28,58,83,17,22,16
533205384,0,,,1116,552,564,233,115,118,869,431,438,736,369,367,844,420,424,836,413,423,133,62,71,51,18,33,16,5,11,2,1,1,15,8,7,461,461,148,121,89,65,31,6,1,301,272,29,84,84,40,6,21
533205391,0,,,1050,507,543,154,82,72,864,405,459,631,319,312,828,387,441,808,380,428,233,86,147,133,37,96,57,11,46,13,1,12,75,32,43,483,481,227,111,64,48,27,3,1,248,223,25,51,123,39,44,36
533205392,0,,,926,469,457,101,60,41,789,389,400,560,298,262,766,375,391,750,366,384,229,91,138,109,40,69,36,13,23,2,0,2,85,51,34,493,491,264,106,61,42,11,7,0,224,199,25,26,173,46,74,32
533205393,0,,,567,276,291,53,21,32,494,245,249,383,196,187,484,240,244,477,235,242,111,49,62,60,22,38,14,5,9,0,0,0,20,12,8,296,296,151,75,34,25,4,6,1,136,121,15,19,81,30,27,19
533205394,0,,,870,419,451,90,42,48,749,359,390,505,259,246,735,353,382,727,349,378,244,100,144,142,49,93,45,12,33,2,0,2,44,20,24,450,450,220,119,67,25,10,4,5,217,179,38,33,173,43,55,32
533205442,0,,,113,57,56,18,9,9,95,48,47,58,31,27,94,47,47,94,47,47,37,17,20,17,5,12,4,0,4,0,0,0,0,0,0,34,34,3,9,8,8,3,1,2,31,21,10,4,27,0,3,4
533205443,0,,,18,9,9,2,0,2,16,9,7,7,4,3,15,8,7,15,8,7,9,5,4,3,3,0,2,2,0,0,0,0,0,0,0,6,6,2,1,1,0,1,1,0,4,1,3,1,6,0,2,1
533205444,0,,,216,104,112,35,21,14,181,83,98,111,52,59,173,79,94,171,78,93,70,31,39,34,14,20,16,3,13,3,0,3,0,0,0,62,62,9,15,11,10,8,5,4,53,25,28,6,46,0,7,6
533205451,0,,,96,50,46,5,3,2,91,47,44,48,28,20,88,45,43,83,41,42,43,19,24,19,8,11,5,2,3,0,0,0,0,0,0,33,33,6,10,6,5,4,2,0,27,15,12,0,29,0,6,7
533205452,0,,,339,167,172,40,17,23,299,150,149,166,90,76,291,145,146,286,142,144,133,60,73,66,24,42,31,8,23,2,0,2,0,0,0,102,102,17,21,18,25,10,4,7,85,45,40,7,81,0,12,13
533205453,0,,,172,87,85,14,6,8,158,81,77,89,46,43,152,78,74,149,76,73,69,35,34,30,13,17,12,4,8,2,0,2,0,0,0,60,60,12,14,18,10,3,0,3,48,30,18,4,44,0,6,7
533205454,0,,,17,8,9,3,2,1,14,6,8,7,4,3,13,6,7,13,6,7,7,2,5,5,2,3,2,0,2,1,0,1,0,0,0,6,6,2,1,1,1,0,1,0,4,3,1,1,5,0,2,1
533205461,0,,,518,255,263,67,31,36,451,224,227,256,138,118,433,212,221,429,209,220,195,86,109,92,40,52,28,11,17,0,0,0,3,0,3,192,192,48,57,35,27,13,8,4,142,100,42,16,126,3,28,30
533205462,0,,,69,31,38,4,3,1,64,28,36,44,20,24,61,28,33,59,28,31,20,8,12,16,7,9,4,2,2,0,0,0,0,0,0,26,26,5,9,4,6,2,0,0,21,16,5,0,15,0,3,3
533205463,0,,,368,181,187,86,39,47,279,140,139,204,106,98,272,137,135,269,137,132,75,34,41,38,15,23,12,1,11,2,0,2,2,0,2,121,121,15,33,29,27,12,4,1,106,91,15,19,45,0,3,10
533205464,0,,,134,114,20,3,2,1,131,112,19,123,107,16,131,112,19,122,105,17,8,5,3,5,3,2,1,1,0,0,0,0,0,0,0,15,6,1,1,1,0,1,1,1,5,2,3,1,5,0,0,0
533205471,0,,,289,131,158,46,22,24,240,107,133,166,77,89,230,103,127,228,102,126,74,30,44,45,20,25,13,4,9,1,0,1,12,0,12,107,107,31,28,17,15,11,1,4,74,56,18,15,48,13,11,8
533205472,0,,,331,157,174,45,19,26,278,134,144,180,90,90,269,131,138,262,127,135,98,44,54,54,22,32,15,8,7,0,0,0,4,1,3,130,130,34,40,26,20,4,4,2,94,78,16,15,67,0,17,17
533205473,0,,,224,104,120,22,12,10,202,92,110,118,53,65,194,88,106,191,87,104,84,39,45,45,17,28,13,3,10,0,0,0,0,0,0,74,74,14,19,18,6,10,5,2,59,38,21,8,54,0,7,10
533205474,0,,,400,186,214,48,17,31,352,169,183,238,117,121,335,162,173,330,160,170,114,52,62,49,22,27,18,8,10,1,1,0,1,1,0,137,137,22,44,27,26,8,7,3,114,79,35,10,71,2,8,18
533205481,0,,,649,321,328,134,68,66,514,252,262,370,188,182,499,242,257,488,236,252,144,64,80,61,26,35,17,7,10,0,0,0,16,10,6,238,238,61,63,39,48,18,4,5,176,147,29,46,96,12,18,33
533205482,0,,,662,322,340,93,49,44,547,259,288,407,202,205,520,245,275,510,244,266,140,57,83,64,23,41,18,4,14,2,0,2,18,11,7,281,281,102,76,46,31,17,4,5,173,152,21,31,91,15,17,26
533205483,0,,,577,288,289,80,49,31,494,237,257,333,164,169,470,221,249,461,220,241,161,73,88,68,28,40,27,8,19,2,0,2,5,1,4,205,205,47,54,47,26,17,7,7,156,119,37,26,108,3,24,20
533205484,0,,,528,259,269,95,55,40,426,199,227,308,154,154,412,193,219,402,188,214,118,45,73,59,15,44,36,8,28,3,0,3,13,10,3,210,208,78,43,37,34,11,3,2,128,111,17,31,58,15,17,15
533205491,0,,,549,271,278,65,29,36,472,237,235,349,178,171,459,230,229,456,229,227,123,59,64,55,22,33,15,7,8,0,0,0,54,35,19,253,253,102,69,45,23,7,3,4,147,125,22,22,94,14,29,22
533205492,0,,,1409,712,697,193,99,94,1154,579,575,902,477,425,1111,558,553,1092,547,545,252,102,150,167,58,109,94,26,68,9,1,8,78,44,34,664,661,335,137,90,69,19,6,5,311,274,37,66,112,82,30,34
533205493,0,,,1700,808,892,233,110,123,1440,682,758,1056,520,536,1370,650,720,1333,629,704,384,162,222,192,76,116,39,13,26,2,0,2,52,33,19,785,785,326,187,147,85,25,11,4,455,417,38,68,273,51,94,65
533205494,0,,,1373,662,711,182,93,89,1151,548,603,868,428,440,1119,532,587,1103,526,577,283,120,163,172,67,105,63,19,44,3,1,2,94,52,42,648,648,272,184,95,59,25,8,5,362,313,49,55,192,61,54,45
533205541,2,533205542,,7,3,4,*,*,*,*,*,*,*,*,*,*,*,*,*,*,*,*,*,*,*,*,*,*,*,*,*,*,*,*,*,*,3,3,*,*,*,*,*,*,*,*,*,*,*,*,*,*,*
533205542,1,,533205541,252,120,132,34,16,18,225,107,118,142,70,72,212,100,112,207,97,110,83,37,46,37,14,23,11,4,7,1,1,0,0,0,0,79,79,15,21,19,5,8,13,1,67,43,24,5,50,0,9,9
533205543,2,533205544,,6,3,3,*,*,*,*,*,*,*,*,*,*,*,*,*,*,*,*,*,*,*,*,*,*,*,*,*,*,*,*,*,*,3,3,*,*,*,*,*,*,*,*,*,*,*,*,*,*,*
533205544,1,,533205543,268,100,168,17,12,5,257,91,166,92,41,51,250,88,162,247,88,159,165,50,115,120,29,91,85,13,72,24,1,23,0,0,0,61,59,6,25,11,11,5,2,2,56,39,17,2,47,0,5,15
533205551,2,533205552,,4,2,2,*,*,*,*,*,*,*,*,*,*,*,*,*,*,*,*,*,*,*,*,*,*,*,*,*,*,*,*,*,*,1,1,*,*,*,*,*,*,*,*,*,*,*,*,*,*,*
533205552,1,,533205551,94,48,46,14,8,6,84,42,42,62,33,29,83,41,42,79,39,40,22,9,13,13,5,8,6,2,4,0,0,0,0,0,0,33,33,9,8,4,7,4,1,1,25,19,6,3,15,1,3,1
533205553,0,,,337,160,177,77,41,36,260,119,141,183,85,98,245,109,136,242,109,133,77,34,43,32,11,21,10,1,9,1,0,1,5,1,4,96,96,6,26,12,27,16,8,1,90,65,25,17,47,0,5,9
533205554,0,,,267,150,117,63,37,26,204,113,91,163,93,70,197,112,85,194,111,83,41,20,21,20,7,13,4,2,2,0,0,0,0,0,0,96,96,27,19,22,19,5,0,4,69,56,13,21,30,7,3,4
533205561,0,,,93,47,46,27,13,14,64,33,31,47,26,21,61,30,31,59,28,31,17,7,10,5,2,3,1,0,1,0,0,0,1,1,0,29,29,4,7,4,8,5,1,0,24,20,4,7,12,1,1,3
533205562,0,,,177,93,84,27,16,11,150,77,73,90,52,38,143,72,71,142,71,71,60,25,35,34,12,22,11,1,10,2,0,2,1,0,1,54,54,3,20,12,7,6,3,3,51,32,19,7,35,2,0,10
533205563,0,,,294,140,154,55,28,27,239,112,127,161,76,85,223,106,117,218,103,115,78,36,42,37,16,21,17,8,9,0,0,0,0,0,0,98,98,22,20,21,16,12,5,2,76,53,23,16,56,0,19,5
533205564,0,,,59,27,32,6,2,4,53,25,28,24,11,13,52,25,27,52,25,27,29,14,15,15,5,10,7,2,5,0,0,0,0,0,0,16,16,0,5,5,2,2,0,2,16,8,8,1,16,0,0,4
533205571,0,,,95,47,48,6,3,3,75,33,42,39,19,20,71,31,40,66,30,36,36,14,22,16,5,11,13,4,9,2,0,2,2,2,0,49,48,33,9,3,0,1,2,0,15,12,3,2,13,7,4,4
533205572,1,,533205574,18,10,8,2,2,0,22,10,12,13,7,6,22,10,12,22,10,12,9,3,6,7,3,4,4,2,2,0,0,0,2,2,0,6,6,2,5,1,1,1,0,0,8,7,1,1,6,2,0,2
533205573,0,,,26,10,16,2,1,1,18,9,9,14,8,6,18,9,9,18,9,9,4,1,3,3,0,3,2,0,2,0,0,0,4,4,0,15,15,10,1,2,2,0,0,0,5,3,2,1,3,3,0,0
533205574,2,533205572,,6,2,4,*,*,*,*,*,*,*,*,*,*,*,*,*,*,*,*,*,*,*,*,*,*,*,*,*,*,*,*,*,*,4,4,*,*,*,*,*,*,*,*,*,*,*,*,*,*,*
533205581,0,,,46,24,22,8,4,4,38,20,18,25,13,12,37,19,18,37,19,18,13,7,6,7,4,3,1,0,1,0,0,0,2,1,1,15,15,2,6,1,3,1,2,0,12,9,3,3,8,0,2,1
533205582,0,,,373,177,196,79,41,38,277,130,147,240,113,127,271,129,142,267,128,139,37,17,20,7,4,3,2,1,1,0,0,0,31,13,18,160,160,54,49,19,26,12,0,0,100,89,11,23,25,5,3,12
533205583,2,533205584,,6,2,4,*,*,*,*,*,*,*,*,*,*,*,*,*,*,*,*,*,*,*,*,*,*,*,*,*,*,*,*,*,*,4,4,*,*,*,*,*,*,*,*,*,*,*,*,*,*,*
533205584,1,,533205583,693,349,344,149,80,69,530,260,270,431,212,219,509,248,261,492,239,253,99,48,51,35,14,21,5,2,3,0,0,0,10,7,3,234,234,47,55,56,42,28,4,6,186,154,32,57,64,13,6,13
533205591,0,,,1012,487,525,185,91,94,810,390,420,645,314,331,768,370,398,751,364,387,165,76,89,76,27,49,37,12,25,7,0,7,55,32,23,389,389,113,104,72,57,24,11,8,268,222,46,58,104,25,15,19
533205592,0,,,680,323,357,98,48,50,575,271,304,387,195,192,553,260,293,540,255,285,188,76,112,100,42,58,39,15,24,6,3,3,11,4,7,252,252,61,78,44,39,13,13,4,187,145,42,31,123,8,19,29
533205593,0,,,331,158,173,50,26,24,265,125,140,224,107,117,256,122,134,249,119,130,41,18,23,17,7,10,6,1,5,0,0,0,0,0,0,138,138,52,36,18,18,7,4,3,83,71,12,14,26,16,4,5
533205594,0,,,215,98,117,28,14,14,180,82,98,120,52,68,173,79,94,170,78,92,60,30,30,25,14,11,9,6,3,2,1,1,0,0,0,86,86,25,27,17,5,8,3,1,58,45,13,6,37,10,2,14
533205634,0,,,10,5,5,0,0,0,10,5,5,3,3,0,10,5,5,10,5,5,7,2,5,1,0,1,0,0,0,0,0,0,0,0,0,5,5,3,1,0,0,1,0,0,2,2,0,0,5,0,3,1
533205641,2,533205642,,84,23,61,*,*,*,*,*,*,*,*,*,*,*,*,*,*,*,*,*,*,*,*,*,*,*,*,*,*,*,*,*,*,4,3,*,*,*,*,*,*,*,*,*,*,*,*,*,*,*
533205642,1,,533205641,333,146,187,32,16,16,384,152,232,157,73,84,378,148,230,375,148,227,227,79,148,154,48,106,86,18,68,18,1,17,0,0,0,122,121,26,47,24,10,13,4,0,98,73,25,10,85,0,19,26
533205643,0,,,567,272,295,73,47,26,492,224,268,272,137,135,479,221,258,470,216,254,220,87,133,125,44,81,53,18,35,5,0,5,4,1,3,209,208,57,63,35,26,11,11,5,151,106,45,17,139,1,37,29
533205644,0,,,611,300,311,94,52,42,517,248,269,324,165,159,486,229,257,480,227,253,193,83,110,108,46,62,43,17,26,3,2,1,8,4,4,214,214,39,66,41,37,21,6,4,174,134,40,20,126,2,26,30
533205651,0,,,559,301,258,86,46,40,473,255,218,309,184,125,416,206,210,404,197,207,164,71,93,74,25,49,21,7,14,2,0,2,1,0,1,182,181,31,63,35,30,9,11,2,149,117,32,22,103,2,17,34
533205652,0,,,554,265,289,98,45,53,455,219,236,322,157,165,434,207,227,427,205,222,133,62,71,74,34,40,30,12,18,1,0,1,2,0,2,191,190,37,51,38,40,15,6,3,152,121,31,38,79,8,10,19
533205653,0,,,649,305,344,82,31,51,566,274,292,330,169,161,548,264,284,541,260,281,236,105,131,127,53,74,31,11,20,4,0,4,5,2,3,230,230,42,75,46,37,16,9,5,188,138,50,21,147,2,27,43
533205654,0,,,487,216,271,94,38,56,387,176,211,261,119,142,373,170,203,365,168,197,126,57,69,63,26,37,21,5,16,2,1,1,0,0,0,168,168,30,52,38,20,17,7,4,137,108,29,29,76,6,8,24
533205661,0,,,310,157,153,58,29,29,250,127,123,180,93,87,242,119,123,238,118,120,70,34,36,38,18,20,8,3,5,0,0,0,3,2,1,125,125,48,27,14,23,7,3,3,76,59,17,20,51,13,16,12
533205662,0,,,59,26,33,8,4,4,51,22,29,31,14,17,50,22,28,49,21,28,20,8,12,11,3,8,6,1,5,0,0,0,0,0,0,20,20,2,8,3,3,4,0,0,18,12,6,3,12,0,1,5
533205663,0,,,243,110,133,39,22,17,201,86,115,127,55,72,193,81,112,189,80,109,74,31,43,34,12,22,15,3,12,2,0,2,0,0,0,81,81,14,24,21,6,6,6,4,66,46,20,7,51,0,11,8
533205664,0,,,229,113,116,41,26,15,188,87,101,115,57,58,182,87,95,180,85,95,73,30,43,30,10,20,12,2,10,1,1,0,0,0,0,63,62,5,13,14,16,4,4,6,57,31,26,11,47,0,3,6
533205671,0,,,48,24,24,8,6,2,38,17,21,31,14,17,36,15,21,33,13,20,7,3,4,4,2,2,0,0,0,0,0,0,2,0,2,15,14,3,2,2,5,0,2,0,10,6,4,1,4,2,0,0
533205672,0,,,193,101,92,20,13,7,173,88,85,101,54,47,172,88,84,171,88,83,72,34,38,37,16,21,20,7,13,1,0,1,8,0,8,63,63,13,13,17,10,5,2,3,50,30,20,7,45,0,3,6
533205673,0,,,92,38,54,5,1,4,87,37,50,52,23,29,84,35,49,83,35,48,35,14,21,25,10,15,11,4,7,1,1,0,0,0,0,26,26,2,6,4,8,3,2,1,24,11,13,3,21,0,1,2
533205674,0,,,245,116,129,43,22,21,202,94,108,121,57,64,194,89,105,186,85,101,81,37,44,31,16,15,14,6,8,3,2,1,0,0,0,77,77,11,22,15,16,4,4,5,66,47,19,7,48,0,8,10
533205681,0,,,126,66,60,23,11,12,99,53,46,73,39,34,99,53,46,97,52,45,26,14,12,11,5,6,7,3,4,2,1,1,0,0,0,48,48,14,12,7,12,2,0,1,32,28,4,9,12,1,0,4
533205682,0,,,314,127,187,30,15,15,279,107,172,85,54,31,277,106,171,275,104,171,194,53,141,157,36,121,116,18,98,30,2,28,0,0,0,74,72,32,17,8,5,3,1,6,39,24,15,6,34,19,3,10
533205683,0,,,243,111,132,38,15,23,205,96,109,134,62,72,199,94,105,196,92,104,71,34,37,34,14,20,16,8,8,2,1,1,0,0,0,86,86,13,25,24,13,10,1,0,73,58,15,14,41,2,6,11
533205684,0,,,229,110,119,39,19,20,190,91,99,140,69,71,176,83,93,170,81,89,50,22,28,24,11,13,5,3,2,1,0,1,3,1,2,67,67,7,15,13,17,7,6,2,60,47,13,11,29,0,0,5
533205691,0,,,274,132,142,51,25,26,220,106,114,157,79,78,212,105,107,207,101,106,63,27,36,30,10,20,11,4,7,0,0,0,2,1,1,93,93,20,22,20,17,8,2,4,71,51,20,16,41,2,5,10
533205692,0,,,150,80,70,27,17,10,123,63,60,85,43,42,120,60,60,118,60,58,38,20,18,20,11,9,8,4,4,0,0,0,0,0,0,45,45,4,11,13,9,1,5,2,40,28,12,7,27,0,4,4
533205693,0,,,226,113,113,27,12,15,199,101,98,111,62,49,189,94,95,185,93,92,88,39,49,36,12,24,8,3,5,0,0,0,0,0,0,79,79,11,30,15,12,6,4,1,67,49,18,6,55,0,6,18
533205694,0,,,578,280,298,87,46,41,482,230,252,326,160,166,462,219,243,455,216,239,156,70,86,66,27,39,15,3,12,0,0,0,0,0,0,203,203,34,72,40,28,16,6,7,163,127,36,20,98,6,12,34
533205732,0,,,58,29,29,4,3,1,54,26,28,26,13,13,52,24,28,52,24,28,28,13,15,16,6,10,8,3,5,0,0,0,0,0,0,21,21,4,8,3,4,0,1,1,17,11,6,2,17,0,3,5
533205734,0,,,274,117,157,24,8,16,250,109,141,131,64,67,246,106,140,243,105,138,119,45,74,60,23,37,26,10,16,3,2,1,2,1,1,104,104,25,34,16,19,4,5,1,78,53,25,6,81,0,20,17
533205741,0,,,740,341,399,73,38,35,666,302,364,346,162,184,651,294,357,639,291,348,320,140,180,186,77,109,68,27,41,7,3,4,20,2,18,280,280,69,92,56,31,10,11,11,211,145,66,14,204,8,35,46
533205742,0,,,446,201,245,55,28,27,386,172,214,206,93,113,374,166,208,372,165,207,180,79,101,89,38,51,24,8,16,2,1,1,3,1,2,182,182,52,61,30,24,8,5,2,129,102,27,14,124,3,36,36
533205743,0,,,989,470,519,105,55,50,884,415,469,465,237,228,853,406,447,835,398,437,419,178,241,228,87,141,86,23,63,9,1,8,5,3,2,363,363,83,117,70,43,25,11,14,279,188,91,26,288,0,69,58
533205744,0,,,516,237,279,64,33,31,452,204,248,226,111,115,445,201,244,436,197,239,226,93,133,132,46,86,46,17,29,3,0,3,3,0,3,204,204,64,61,32,25,8,7,7,139,97,42,18,153,5,45,38
533205751,0,,,529,242,287,48,22,26,481,220,261,259,125,134,471,216,255,468,213,255,222,95,127,122,46,76,44,16,28,4,0,4,20,0,20,222,222,76,61,43,20,13,6,3,145,104,41,13,151,2,40,27
533205752,0,,,134,61,73,11,5,6,123,56,67,56,25,31,119,54,65,117,54,63,67,31,36,38,16,22,12,6,6,2,0,2,0,0,0,54,54,11,26,6,5,3,3,0,43,32,11,1,41,0,7,16
533205753,0,,,193,92,101,16,8,8,176,83,93,88,45,43,170,80,90,168,80,88,88,38,50,42,18,24,17,7,10,0,0,0,1,0,1,72,72,15,30,11,4,7,2,3,57,35,22,3,57,0,10,20
533205754,0,,,98,41,57,11,3,8,87,38,49,46,20,26,82,36,46,81,35,46,41,18,23,15,6,9,5,1,4,2,0,2,0,0,0,33,33,5,11,7,5,2,1,2,28,17,11,1,25,0,3,5
533205761,0,,,219,100,119,22,10,12,197,90,107,126,61,65,187,89,98,185,88,97,71,29,42,33,11,22,14,5,9,1,0,1,0,0,0,75,75,16,17,17,13,7,4,1,59,38,21,5,50,0,8,7
533205762,0,,,54,24,30,4,0,4,50,24,26,31,16,15,50,24,26,49,24,25,19,8,11,3,2,1,0,0,0,0,0,0,0,0,0,27,27,13,5,5,4,0,0,0,14,11,3,0,14,0,5,2
533205763,0,,,105,52,53,13,2,11,92,50,42,41,23,18,92,50,42,91,49,42,51,27,24,30,16,14,13,8,5,1,0,1,0,0,0,32,32,5,8,8,4,3,2,2,27,15,12,3,28,0,4,5
533205764,0,,,45,22,23,4,2,2,41,20,21,23,11,12,40,19,21,40,19,21,18,9,9,14,6,8,7,3,4,0,0,0,0,0,0,15,15,1,6,2,4,2,0,0,14,8,6,1,11,0,1,3
533205771,2,533205772,,76,15,61,*,*,*,*,*,*,*,*,*,*,*,*,*,*,*,*,*,*,*,*,*,*,*,*,*,*,*,*,*,*,3,2,*,*,*,*,*,*,*,*,*,*,*,*,*,*,*
533205772,1,,533205771,16,7,9,6,2,4,86,20,66,13,6,7,86,20,66,86,20,66,73,14,59,69,12,57,60,9,51,17,2,15,0,0,0,3,3,0,1,1,1,1,0,1,5,4,1,1,3,0,0,1
533205773,1,,533205871,272,121,151,29,10,19,246,113,133,135,66,69,239,112,127,232,112,120,111,47,64,65,23,42,28,7,21,3,1,2,0,0,0,90,90,21,22,19,10,8,5,6,70,42,28,6,74,0,19,10
533205774,0,,,113,55,58,14,8,6,99,47,52,45,26,19,95,43,52,93,42,51,54,21,33,21,4,17,10,1,9,1,0,1,0,0,0,40,40,10,12,8,2,3,3,2,30,19,11,3,33,0,8,8
533205781,0,,,87,36,51,9,5,4,78,31,47,27,10,17,78,31,47,78,31,47,51,21,30,34,10,24,22,5,17,3,0,3,0,0,0,27,25,7,8,5,3,1,1,0,18,14,4,3,16,0,4,7
533205782,0,,,150,76,74,22,10,12,128,66,62,69,43,26,126,64,62,124,62,62,59,23,36,33,13,20,13,4,9,2,1,1,0,0,0,50,50,11,15,4,11,4,3,2,39,21,18,4,41,1,6,8
533205783,0,,,28,9,19,3,2,1,25,7,18,17,3,14,25,7,18,25,7,18,8,4,4,0,0,0,0,0,0,0,0,0,8,0,8,17,17,10,5,0,2,0,0,0,7,6,1,1,6,0,1,3
533205784,0,,,30,16,14,2,0,2,28,16,12,14,9,5,28,16,12,28,16,12,14,7,7,6,2,4,4,2,2,0,0,0,0,0,0,12,12,2,5,2,3,0,0,0,10,9,1,0,10,0,2,2
533205791,0,,,295,155,140,73,41,32,217,111,106,163,86,77,206,103,103,203,102,101,54,25,29,28,12,16,9,4,5,1,1,0,2,1,1,93,93,8,24,26,26,1,6,2,84,72,12,23,33,0,2,9
533205792,0,,,144,74,70,20,15,5,115,55,60,68,32,36,114,55,59,113,54,59,47,23,24,19,9,10,8,4,4,0,0,0,0,0,0,51,51,9,15,14,8,1,3,1,41,28,13,8,26,0,1,6
533205793,0,,,64,30,34,9,5,4,55,25,30,31,14,17,52,24,28,52,24,28,24,11,13,14,5,9,6,1,5,0,0,0,0,0,0,20,20,1,6,5,5,2,1,0,19,12,7,3,14,0,0,5
533205794,0,,,241,113,128,39,19,20,202,94,108,118,59,59,193,91,102,190,88,102,84,35,49,37,13,24,13,4,9,2,1,1,0,0,0,74,74,11,13,21,16,5,5,3,63,36,27,5,54,0,8,8
533205832,1,,533205833;533205834,139,61,78,12,6,6,138,59,79,64,32,32,136,58,78,134,58,76,74,27,47,37,12,25,12,2,10,3,0,3,0,0,0,52,52,15,13,12,8,2,4,1,39,24,15,3,46,0,11,8
533205833,2,533205832,,3,1,2,*,*,*,*,*,*,*,*,*,*,*,*,*,*,*,*,*,*,*,*,*,*,*,*,*,*,*,*,*,*,1,1,*,*,*,*,*,*,*,*,*,*,*,*,*,*,*
533205834,2,533205832,,8,3,5,*,*,*,*,*,*,*,*,*,*,*,*,*,*,*,*,*,*,*,*,*,*,*,*,*,*,*,*,*,*,2,2,*,*,*,*,*,*,*,*,*,*,*,*,*,*,*
533205841,0,,,54,22,32,7,3,4,47,19,28,23,9,14,46,19,27,46,19,27,24,10,14,11,4,7,8,4,4,0,0,0,0,0,0,20,20,4,7,5,1,1,2,0,16,13,3,3,16,0,4,3
533205842,0,,,42,23,19,2,1,1,40,22,18,18,14,4,40,22,18,40,22,18,22,8,14,8,4,4,4,0,4,2,0,2,0,0,0,22,22,11,5,4,1,1,0,0,11,7,4,0,12,4,3,4
533205851,0,,,158,77,81,29,13,16,129,64,65,83,41,42,124,62,62,122,60,62,46,23,23,32,15,17,13,6,7,0,0,0,0,0,0,46,46,5,11,11,8,6,3,2,41,27,14,5,28,0,4,4
533205871,2,533205773,,3,2,1,*,*,*,*,*,*,*,*,*,*,*,*,*,*,*,*,*,*,*,*,*,*,*,*,*,*,*,*,*,*,1,1,*,*,*,*,*,*,*,*,*,*,*,*,*,*,*
533205914,2,533205923,,12,5,7,*,*,*,*,*,*,*,*,*,*,*,*,*,*,*,*,*,*,*,*,*,*,*,*,*,*,*,*,*,*,3,3,*,*,*,*,*,*,*,*,*,*,*,*,*,*,*
533205921,2,533205922,,9,4,5,*,*,*,*,*,*,*,*,*,*,*,*,*,*,*,*,*,*,*,*,*,*,*,*,*,*,*,*,*,*,3,3,*,*,*,*,*,*,*,*,*,*,*,*,*,*,*
533205922,1,,533205921,4,2,2,0,0,0,13,6,7,6,4,2,13,6,7,13,6,7,7,2,5,5,2,3,0,0,0,0,0,0,0,0,0,2,2,1,1,2,1,0,0,0,4,2,2,0,5,0,1,0
533205923,1,,533205914,8,3,5,3,2,1,17,6,11,10,3,7,16,6,10,16,6,10,7,3,4,3,2,1,0,0,0,0,0,0,0,0,0,4,4,1,3,1,0,2,0,0,6,6,0,0,5,0,1,2
533206001,0,,,153,76,77,23,9,14,130,67,63,77,40,37,127,65,62,120,61,59,53,27,26,23,10,13,13,6,7,1,1,0,0,0,0,40,40,4,8,8,7,4,5,4,36,15,21,4,32,0,2,3
533206002,0,,,65,28,37,12,4,8,53,24,29,38,17,21,49,23,26,48,22,26,15,7,8,6,1,5,2,0,2,0,0,0,0,0,0,19,19,3,5,2,3,3,2,1,16,9,7,2,11,0,0,2
533206004,0,,,14,9,5,2,2,0,12,7,5,7,4,3,12,7,5,12,7,5,5,3,2,2,2,0,0,0,0,0,0,0,0,0,0,6,6,1,3,1,1,0,0,0,5,5,0,1,3,0,1,1
533206011,0,,,71,32,39,10,5,5,61,27,34,38,16,22,58,26,32,58,26,32,23,11,12,14,6,8,4,2,2,1,1,0,2,0,2,20,20,2,4,5,4,1,3,1,18,11,7,2,13,0,1,2
533206012,0,,,16,6,10,2,0,2,14,6,8,7,2,5,14,6,8,14,6,8,7,4,3,2,1,1,0,0,0,0,0,0,0,0,0,7,7,1,4,1,1,0,0,0,6,6,0,1,5,0,1,1
533206013,0,,,142,59,83,14,8,6,128,51,77,72,29,43,121,49,72,119,48,71,56,22,34,34,10,24,20,5,15,4,3,1,0,0,0,34,33,2,7,10,4,4,2,4,30,19,11,4,23,0,0,5
533206032,0,,,10,5,5,0,0,0,10,5,5,5,2,3,10,5,5,9,5,4,5,3,2,4,2,2,2,1,1,0,0,0,0,0,0,4,4,1,1,1,1,0,0,0,3,2,1,0,3,0,1,1
533206034,0,,,39,19,20,2,0,2,37,19,18,22,12,10,37,19,18,35,18,17,15,7,8,7,3,4,1,0,1,0,0,0,0,0,0,12,12,3,2,1,3,1,2,0,9,3,6,0,10,0,2,0
533206041,1,,533206042,79,40,39,10,6,4,79,40,39,46,25,21,78,39,39,77,39,38,33,15,18,13,4,9,7,2,5,1,0,1,0,0,0,24,24,5,6,4,4,3,0,4,21,9,12,2,21,0,2,3
533206042,2,533206041,,10,6,4,*,*,*,*,*,*,*,*,*,*,*,*,*,*,*,*,*,*,*,*,*,*,*,*,*,*,*,*,*,*,2,2,*,*,*,*,*,*,*,*,*,*,*,*,*,*,*
533206043,0,,,38,21,17,0,0,0,38,21,17,22,12,10,37,20,17,37,20,17,16,9,7,9,5,4,3,2,1,0,0,0,0,0,0,11,11,1,3,1,2,4,0,0,10,4,6,0,11,0,1,2
533206044,0,,,32,15,17,0,0,0,32,15,17,12,6,6,32,15,17,32,15,17,20,9,11,9,4,5,5,3,2,0,0,0,0,0,0,12,12,2,3,4,3,0,0,0,10,5,5,0,12,0,2,3
533206052,1,,533206053,39,21,18,1,1,0,45,23,22,18,9,9,44,22,22,44,22,22,27,14,13,13,6,7,5,3,2,1,1,0,0,0,0,17,17,5,9,3,2,0,1,0,15,10,5,0,17,0,4,5
533206053,2,533206052,,7,3,4,*,*,*,*,*,*,*,*,*,*,*,*,*,*,*,*,*,*,*,*,*,*,*,*,*,*,*,*,*,*,3,3,*,*,*,*,*,*,*,*,*,*,*,*,*,*,*
533206061,0,,,130,67,63,7,4,3,123,63,60,73,37,36,123,63,60,122,63,59,50,26,24,25,11,14,12,3,9,0,0,0,3,0,3,44,44,6,14,11,7,3,1,2,38,24,14,2,35,1,5,7
533206062,1,,533206064,95,43,52,7,6,1,89,37,52,49,20,29,87,37,50,85,37,48,40,17,23,28,11,17,13,8,5,2,0,2,3,0,3,35,35,12,7,8,4,1,3,1,24,14,10,2,26,3,7,4
533206064,2,533206062,,1,0,1,*,*,*,*,*,*,*,*,*,*,*,*,*,*,*,*,*,*,*,*,*,*,*,*,*,*,*,*,*,*,1,1,*,*,*,*,*,*,*,*,*,*,*,*,*,*,*
533206071,0,,,108,53,55,10,7,3,98,46,52,52,23,29,96,45,51,95,45,50,46,23,23,20,10,10,7,3,4,1,1,0,0,0,0,35,35,3,10,11,6,3,1,1,32,20,12,2,27,0,1,7
533206072,0,,,77,39,38,9,5,4,68,34,34,33,19,14,67,34,33,66,33,33,35,15,20,16,6,10,7,2,5,2,0,2,0,0,0,21,21,2,5,3,5,3,1,2,19,7,12,3,20,0,1,4
533206073,0,,,12,4,8,1,0,1,11,4,7,7,2,5,11,4,7,11,4,7,4,2,2,2,1,1,0,0,0,0,0,0,0,0,0,4,4,0,3,0,0,0,1,0,4,3,1,0,2,0,0,1
533206074,0,,,29,17,12,5,4,1,24,13,11,16,8,8,23,12,11,23,12,11,8,5,3,3,2,1,1,1,0,0,0,0,0,0,0,10,10,1,4,3,1,0,0,1,9,6,3,1,7,0,1,1
533206082,2,533206083,,5,2,3,*,*,*,*,*,*,*,*,*,*,*,*,*,*,*,*,*,*,*,*,*,*,*,*,*,*,*,*,*,*,1,1,*,*,*,*,*,*,*,*,*,*,*,*,*,*,*
533206083,1,,533206082,98,46,52,14,9,5,89,39,50,52,26,26,87,37,50,87,37,50,37,13,24,20,6,14,11,2,9,2,0,2,6,0,6,35,29,8,5,7,4,3,0,3,22,13,9,3,22,1,6,3
533206084,0,,,13,6,7,0,0,0,13,6,7,12,6,6,13,6,7,13,6,7,1,0,1,1,0,1,0,0,0,0,0,0,0,0,0,4,4,0,2,0,1,1,0,0,4,4,0,0,1,0,0,0
533206091,2,533206094,,9,2,7,*,*,*,*,*,*,*,*,*,*,*,*,*,*,*,*,*,*,*,*,*,*,*,*,*,*,*,*,*,*,7,7,*,*,*,*,*,*,*,*,*,*,*,*,*,*,*
533206092,2,533206094,,9,6,3,*,*,*,*,*,*,*,*,*,*,*,*,*,*,*,*,*,*,*,*,*,*,*,*,*,*,*,*,*,*,1,1,*,*,*,*,*,*,*,*,*,*,*,*,*,*,*
533206094,1,,533206091;533206092,43,20,23,12,5,7,49,23,26,27,12,15,49,23,26,46,21,25,22,11,11,12,6,6,4,1,3,0,0,0,6,0,6,13,13,9,2,4,1,2,1,2,12,6,6,1,14,0,3,0
533206101,0,,,494,238,256,61,33,28,407,193,214,325,154,171,394,187,207,384,184,200,82,39,43,21,9,12,5,0,5,0,0,0,18,9,9,256,255,140,51,30,20,7,6,1,111,95,16,22,52,48,10,13
533206102,0,,,484,217,267,54,24,30,418,188,230,315,142,173,404,182,222,390,179,211,103,46,57,43,17,26,15,5,10,0,0,0,28,16,12,232,232,116,53,24,20,9,7,3,112,89,23,19,71,32,16,19
533206103,0,,,295,151,144,37,23,14,241,118,123,203,98,105,238,116,122,228,111,117,38,20,18,16,8,8,6,3,3,0,0,0,8,5,3,167,166,112,20,20,9,3,1,1,52,46,6,5,19,50,6,5
533206104,0,,,733,345,388,87,48,39,621,284,337,525,241,284,602,275,327,570,267,303,96,43,53,33,13,20,7,2,5,2,0,2,30,17,13,409,409,256,57,49,31,8,5,3,149,130,19,35,61,143,14,12
533206113,0,,,82,44,38,19,12,7,60,31,29,58,31,27,58,30,28,54,29,25,2,0,2,1,0,1,0,0,0,0,0,0,0,0,0,35,35,13,8,7,4,2,1,0,22,21,1,10,2,5,0,0
533206114,0,,,18,10,8,1,1,0,17,9,8,10,5,5,17,9,8,15,8,7,7,4,3,1,1,0,1,1,0,0,0,0,0,0,0,6,6,1,2,0,2,1,0,0,5,3,2,1,5,0,1,2
533206123,0,,,14,6,8,0,0,0,14,6,8,10,5,5,14,6,8,14,6,8,4,1,3,3,1,2,0,0,0,0,0,0,0,0,0,4,4,0,1,1,1,1,0,0,4,2,2,0,3,0,0,0
533206124,0,,,16,6,10,6,2,4,10,4,6,7,3,4,10,4,6,10,4,6,3,1,2,0,0,0,0,0,0,0,0,0,0,0,0,5,5,1,1,1,1,0,1,0,4,2,2,2,3,0,1,0
533206131,0,,,16,8,8,2,2,0,14,6,8,5,2,3,14,6,8,14,6,8,9,4,5,2,1,1,0,0,0,0,0,0,0,0,0,6,6,1,3,0,1,1,0,0,5,4,1,0,6,0,1,3
533206132,0,,,46,26,20,7,6,1,39,20,19,21,13,8,38,19,19,38,19,19,18,7,11,10,3,7,2,1,1,0,0,0,0,0,0,12,12,1,3,3,1,1,1,2,11,6,5,1,10,0,0,2
533206134,0,,,21,11,10,0,0,0,21,11,10,9,6,3,21,11,10,21,11,10,12,5,7,7,2,5,5,1,4,0,0,0,0,0,0,9,9,2,3,3,1,0,0,0,7,5,2,0,8,0,2,1
533206141,0,,,50,26,24,9,8,1,41,18,23,25,11,14,40,18,22,40,18,22,16,7,9,10,4,6,3,1,2,0,0,0,0,0,0,12,12,0,4,0,2,2,4,0,12,4,8,3,10,0,0,3
533206142,0,,,42,22,20,4,3,1,38,19,19,22,13,9,36,17,19,35,16,19,16,6,10,11,5,6,3,1,2,0,0,0,0,0,0,9,9,0,2,2,1,1,0,3,9,4,5,0,9,0,0,0
533206143,0,,,24,9,15,0,0,0,24,9,15,10,3,7,23,9,14,23,9,14,14,6,8,6,2,4,2,0,2,1,0,1,0,0,0,8,8,1,3,2,1,0,0,1,7,3,4,0,8,0,1,3
533206151,2,533206153,,4,2,2,*,*,*,*,*,*,*,*,*,*,*,*,*,*,*,*,*,*,*,*,*,*,*,*,*,*,*,*,*,*,1,1,*,*,*,*,*,*,*,*,*,*,*,*,*,*,*
533206152,1,,533206154,74,32,42,8,3,5,73,31,42,37,13,24,73,31,42,73,31,42,36,18,18,16,5,11,11,3,8,1,0,1,0,0,0,23,23,3,7,5,5,2,2,1,22,13,9,3,20,0,2,5
533206153,1,,533206151,8,3,5,0,0,0,12,5,7,8,3,5,12,5,7,12,5,7,4,2,2,2,2,0,1,1,0,0,0,0,0,0,0,3,3,1,0,1,2,0,0,0,3,1,2,0,3,0,1,0
533206154,2,533206152,,7,2,5,*,*,*,*,*,*,*,*,*,*,*,*,*,*,*,*,*,*,*,*,*,*,*,*,*,*,*,*,*,*,2,2,*,*,*,*,*,*,*,*,*,*,*,*,*,*,*
533206161,2,533206162,,9,4,5,*,*,*,*,*,*,*,*,*,*,*,*,*,*,*,*,*,*,*,*,*,*,*,*,*,*,*,*,*,*,4,4,*,*,*,*,*,*,*,*,*,*,*,*,*,*,*
533206162,1,,533206161,47,16,31,6,2,4,50,18,32,26,9,17,50,18,32,50,18,32,24,9,15,14,4,10,4,0,4,1,0,1,0,0,0,16,16,4,8,3,1,2,1,1,16,11,5,1,17,0,3,4
533206163,0,,,24,13,11,1,0,1,23,13,10,9,6,3,22,12,10,22,12,10,14,7,7,5,2,3,3,1,2,0,0,0,0,0,0,6,6,0,2,1,1,1,0,1,6,4,2,0,6,0,0,1
533206164,0,,,17,7,10,0,0,0,17,7,10,6,2,4,17,7,10,17,7,10,11,5,6,3,1,2,1,0,1,0,0,0,0,0,0,6,6,1,2,0,3,0,0,0,5,4,1,0,6,0,1,2
533206171,1,,533206172,31,13,18,0,0,0,39,19,20,14,7,7,37,18,19,37,18,19,25,12,13,9,3,6,6,1,5,0,0,0,0,0,0,12,12,5,6,3,2,1,0,0,12,9,3,0,16,0,4,4
533206172,2,533206171,,8,6,2,*,*,*,*,*,*,*,*,*,*,*,*,*,*,*,*,*,*,*,*,*,*,*,*,*,*,*,*,*,*,5,5,*,*,*,*,*,*,*,*,*,*,*,*,*,*,*
533206181,2,533206183,,7,3,4,*,*,*,*,*,*,*,*,*,*,*,*,*,*,*,*,*,*,*,*,*,*,*,*,*,*,*,*,*,*,2,2,*,*,*,*,*,*,*,*,*,*,*,*,*,*,*
533206182,0,,,67,33,34,8,4,4,59,29,30,30,14,16,58,29,29,57,28,29,29,15,14,15,9,6,7,4,3,3,2,1,0,0,0,17,17,1,3,5,2,1,4,1,16,3,13,2,16,0,0,3
533206183,1,,533206181,74,34,40,4,1,3,77,36,41,46,23,23,74,33,41,72,33,39,31,13,18,19,6,13,10,2,8,0,0,0,0,0,0,22,22,5,4,3,7,2,1,2,19,7,12,1,20,0,4,4
533206184,0,,,38,16,22,8,1,7,30,15,15,14,8,6,30,15,15,30,15,15,16,7,9,5,3,2,1,0,1,0,0,0,0,0,0,10,10,0,2,3,2,1,2,0,10,5,5,2,8,0,0,2
533206192,2,533206194,,3,1,2,*,*,*,*,*,*,*,*,*,*,*,*,*,*,*,*,*,*,*,*,*,*,*,*,*,*,*,*,*,*,2,2,*,*,*,*,*,*,*,*,*,*,*,*,*,*,*
533206194,1,,533206192;533206292;533206294,32,16,16,2,1,1,37,18,19,21,11,10,37,18,19,36,18,18,16,7,9,4,2,2,1,0,1,0,0,0,1,0,1,10,10,2,6,2,2,1,1,0,12,8,4,0,11,0,2,2
533206201,0,,,1368,650,718,245,137,108,1075,491,584,874,410,464,1015,467,548,988,456,532,201,81,120,103,39,64,33,8,25,2,0,2,18,8,10,636,636,311,128,73,71,30,15,8,322,281,41,60,138,125,34,41
533206202,0,,,951,476,475,118,71,47,804,387,417,588,292,296,782,375,407,763,366,397,216,95,121,112,42,70,41,11,30,6,3,3,32,19,13,419,419,197,81,49,40,34,13,5,219,157,62,32,147,69,34,19
533206203,0,,,1207,602,605,161,85,76,991,482,509,673,345,328,966,467,499,949,462,487,318,137,181,201,79,122,98,30,68,13,4,9,43,24,19,561,556,277,112,86,56,16,8,1,272,241,31,53,162,59,59,40
533206204,0,,,1033,506,527,136,75,61,844,407,437,671,328,343,818,395,423,790,385,405,173,79,94,84,37,47,29,9,20,1,0,1,48,26,22,533,533,287,113,55,50,19,5,4,240,204,36,55,126,92,37,30
533206211,0,,,561,282,279,101,56,45,448,218,230,365,180,185,432,211,221,422,203,219,83,38,45,29,14,15,10,4,6,0,0,0,3,1,2,233,232,81,57,44,26,18,4,2,148,134,14,36,55,19,18,15
533206212,0,,,188,109,79,10,4,6,172,102,70,118,73,45,154,87,67,146,79,67,54,29,25,34,14,20,10,3,7,0,0,0,3,2,1,71,70,26,20,10,6,4,3,1,43,31,12,3,39,3,11,9
533206213,0,,,1061,524,537,143,80,63,883,426,457,584,304,280,858,415,443,843,406,437,299,122,177,158,51,107,61,16,45,7,0,7,9,6,3,476,475,201,127,70,38,19,15,5,268,218,50,43,190,51,43,54
533206214,0,,,114,55,59,9,6,3,103,49,54,77,35,42,101,49,52,100,49,51,26,14,12,7,4,3,2,0,2,0,0,0,0,0,0,55,55,22,20,4,7,1,0,1,33,29,4,3,19,6,4,7
533206221,0,,,80,22,58,0,0,0,78,20,58,2,2,0,78,20,58,78,20,58,76,18,58,68,14,54,52,13,39,12,1,11,0,0,0,5,4,4,0,0,0,0,0,0,0,0,0,0,1,1,1,0
533206223,0,,,575,219,356,29,16,13,539,198,341,161,85,76,532,196,336,527,192,335,378,113,265,306,74,232,187,26,161,32,4,28,2,0,2,103,98,28,30,17,13,7,2,1,68,55,13,9,45,3,8,11
533206224,0,,,131,65,66,28,13,15,103,52,51,64,34,30,101,51,50,101,51,50,39,18,21,17,8,9,5,1,4,0,0,0,0,0,0,42,42,6,12,10,7,3,1,3,36,25,11,12,23,4,1,4
533206231,0,,,43,19,24,6,3,3,37,16,21,16,6,10,37,16,21,37,16,21,21,10,11,14,6,8,7,4,3,1,0,1,0,0,0,14,14,3,5,2,2,0,0,2,11,7,4,2,13,0,2,4
533206232,0,,,18,9,9,0,0,0,18,9,9,13,7,6,16,8,8,15,7,8,5,2,3,2,0,2,1,0,1,0,0,0,0,0,0,6,6,1,1,1,3,0,0,0,5,4,1,0,4,0,1,0
533206233,0,,,68,34,34,6,6,0,62,28,34,38,18,20,58,27,31,57,26,31,24,10,14,13,5,8,5,1,4,0,0,0,0,0,0,21,21,2,10,3,2,0,1,3,19,13,6,0,14,0,0,6
533206234,0,,,21,12,9,2,1,1,19,11,8,12,7,5,19,11,8,18,10,8,7,4,3,3,2,1,2,2,0,0,0,0,0,0,0,7,7,1,2,1,2,1,0,0,6,4,2,1,4,0,0,1
533206272,0,,,14,7,7,0,0,0,14,7,7,5,4,1,14,7,7,13,6,7,9,3,6,4,1,3,1,0,1,0,0,0,0,0,0,8,8,3,4,1,0,0,0,0,5,5,0,0,6,0,2,1
533206292,2,533206194,,2,1,1,*,*,*,*,*,*,*,*,*,*,*,*,*,*,*,*,*,*,*,*,*,*,*,*,*,*,*,*,*,*,1,1,*,*,*,*,*,*,*,*,*,*,*,*,*,*,*
533206294,2,533206194,,2,1,1,*,*,*,*,*,*,*,*,*,*,*,*,*,*,*,*,*,*,*,*,*,*,*,*,*,*,*,*,*,*,1,1,*,*,*,*,*,*,*,*,*,*,*,*,*,*,*
533206301,0,,,543,283,260,50,33,17,453,226,227,331,173,158,439,220,219,430,216,214,122,53,69,71,29,42,27,10,17,1,0,1,22,13,9,291,291,151,74,33,24,6,2,1,135,117,18,15,79,41,19,28
533206302,0,,,579,281,298,65,35,30,500,236,264,348,167,181,483,230,253,474,228,246,152,69,83,73,32,41,24,9,15,4,1,3,22,16,6,282,282,128,74,41,24,9,4,2,154,134,20,14,104,20,37,28
533206303,0,,,1121,536,585,110,61,49,969,450,519,587,301,286,942,435,507,921,428,493,382,149,233,229,84,145,86,24,62,11,1,10,20,12,8,506,503,216,136,77,40,18,7,9,284,237,47,23,236,28,68,64
533206304,0,,,1143,522,621,134,66,68,998,449,549,534,265,269,983,442,541,973,437,536,464,184,280,246,91,155,92,24,68,6,1,5,14,6,8,471,470,127,171,83,61,14,11,3,341,273,68,51,308,5,79,79
533206311,0,,,695,316,379,96,54,42,588,256,332,450,200,250,549,241,308,535,235,300,138,56,82,64,26,38,19,10,9,1,0,1,16,8,8,305,305,98,108,44,34,13,8,0,204,178,26,22,107,16,35,17
533206312,0,,,752,342,410,89,49,40,663,293,370,394,182,212,642,281,361,629,273,356,269,111,158,117,44,73,25,8,17,3,0,3,6,2,4,245,243,63,72,60,28,10,7,3,178,154,24,22,119,0,38,31
533206313,0,,,1009,464,545,101,44,57,898,411,487,496,236,260,880,404,476,862,399,463,402,175,227,224,87,137,77,24,53,5,1,4,17,6,11,430,430,153,125,62,48,28,10,4,275,202,73,25,273,19,71,68
533206314,0,,,606,283,323,81,49,32,518,229,289,333,152,181,498,219,279,482,214,268,185,77,108,102,40,62,35,13,22,2,0,2,12,5,7,249,249,76,84,35,32,10,8,4,169,140,29,22,126,7,34,34
533206321,0,,,647,308,339,71,37,34,573,268,305,342,171,171,553,262,291,544,256,288,231,97,134,134,47,87,46,12,34,5,3,2,12,4,8,259,257,69,92,39,38,9,8,2,188,145,43,18,150,1,44,34
533206322,0,,,248,93,155,18,7,11,230,86,144,109,52,57,227,84,143,226,83,143,121,34,87,92,19,73,69,11,58,11,0,11,0,0,0,66,65,11,25,14,12,2,0,1,53,46,7,9,28,1,5,7
533206323,0,,,1006,473,533,189,92,97,808,375,433,535,264,271,776,360,416,760,355,405,273,111,162,139,50,89,53,11,42,3,0,3,4,1,3,378,378,98,104,78,52,30,10,6,276,218,58,59,177,5,49,42
533206324,0,,,290,135,155,54,25,29,236,110,126,172,78,94,227,103,124,221,99,122,64,32,32,32,15,17,9,3,6,0,0,0,1,1,0,96,96,19,24,17,21,7,4,4,76,52,24,13,46,2,9,10
533206331,0,,,120,56,64,8,5,3,112,51,61,67,33,34,110,51,59,107,50,57,45,18,27,16,5,11,6,0,6,0,0,0,0,0,0,37,37,3,12,10,4,4,2,2,34,18,16,3,29,0,3,6
533206332,0,,,96,48,48,15,7,8,81,41,40,47,24,23,77,39,38,77,39,38,34,17,17,15,6,9,8,3,5,0,0,0,1,0,1,28,28,3,7,6,4,4,3,1,25,15,10,4,21,0,3,4
533206333,0,,,106,47,59,8,4,4,98,43,55,61,30,31,95,40,55,93,39,54,37,13,24,24,8,16,8,3,5,0,0,0,1,1,0,32,32,4,8,8,6,1,3,2,28,10,18,1,23,0,1,3
533206334,0,,,414,203,211,62,36,26,348,165,183,258,126,132,332,158,174,320,152,168,90,39,51,61,28,33,14,5,9,0,0,0,3,0,3,139,139,28,39,27,17,13,11,4,111,79,32,22,55,5,5,13
533206341,0,,,57,26,31,3,2,1,54,24,30,33,16,17,51,23,28,48,21,27,21,8,13,12,4,8,6,2,4,0,0,0,0,0,0,18,18,0,8,5,2,1,1,1,18,10,8,0,15,0,0,4
533206342,2,533206344,,4,2,2,*,*,*,*,*,*,*,*,*,*,*,*,*,*,*,*,*,*,*,*,*,*,*,*,*,*,*,*,*,*,1,1,*,*,*,*,*,*,*,*,*,*,*,*,*,*,*
533206343,0,,,214,101,113,27,10,17,187,91,96,120,60,60,182,87,95,179,86,93,67,31,36,46,20,26,14,6,8,0,0,0,0,0,0,63,63,6,14,13,16,9,3,2,57,37,20,8,42,0,4,9
533206344,1,,533206342,68,35,33,8,5,3,64,32,32,43,23,20,62,32,30,58,29,29,21,9,12,8,3,5,3,1,2,2,1,1,0,0,0,21,21,1,9,2,5,3,2,0,21,12,9,3,13,0,0,4
533206351,0,,,43,18,25,7,1,6,36,17,19,24,11,13,34,16,18,34,16,18,12,6,6,4,1,3,2,0,2,1,0,1,0,0,0,10,10,0,2,1,3,2,0,2,10,5,5,2,7,0,0,1
533206352,2,533206353,,10,3,7,*,*,*,*,*,*,*,*,*,*,*,*,*,*,*,*,*,*,*,*,*,*,*,*,*,*,*,*,*,*,3,3,*,*,*,*,*,*,*,*,*,*,*,*,*,*,*
533206353,1,,533206352,53,31,22,3,1,2,60,33,27,24,17,7,57,30,27,56,29,27,36,16,20,22,10,12,9,4,5,2,0,2,0,0,0,18,18,4,5,6,2,2,1,1,17,8,9,1,20,0,3,4
533206354,0,,,27,12,15,0,0,0,27,12,15,16,9,7,26,12,14,26,12,14,11,3,8,5,1,4,1,0,1,0,0,0,1,0,1,9,9,1,4,0,2,2,0,0,8,5,3,0,8,0,0,2
533206373,2,533206471,,2,1,1,*,*,*,*,*,*,*,*,*,*,*,*,*,*,*,*,*,*,*,*,*,*,*,*,*,*,*,*,*,*,1,1,*,*,*,*,*,*,*,*,*,*,*,*,*,*,*
533206374,2,533206471,,3,2,1,*,*,*,*,*,*,*,*,*,*,*,*,*,*,*,*,*,*,*,*,*,*,*,*,*,*,*,*,*,*,1,1,*,*,*,*,*,*,*,*,*,*,*,*,*,*,*
533206401,0,,,527,260,267,73,36,37,445,219,226,306,163,143,424,207,217,420,206,214,139,56,83,69,24,45,24,7,17,3,0,3,20,11,9,234,234,85,74,34,21,13,6,1,146,127,19,24,94,8,28,25
533206402,0,,,1210,562,648,190,89,101,986,452,534,693,344,349,953,433,520,929,425,504,293,108,185,169,54,115,81,21,60,3,1,2,14,8,6,522,521,179,162,77,71,31,1,0,332,299,33,59,177,19,51,52
533206403,0,,,1113,502,611,177,82,95,898,400,498,701,324,377,870,386,484,847,379,468,197,76,121,111,43,68,40,14,26,1,0,1,100,54,46,534,533,244,139,64,57,21,7,1,280,243,37,61,128,60,42,28
533206404,0,,,1351,660,691,237,115,122,1078,527,551,867,438,429,1032,501,531,1014,491,523,211,89,122,123,51,72,47,13,34,3,1,2,60,39,21,596,596,227,153,99,78,29,7,3,365,323,42,69,148,35,40,38
533206411,0,,,623,289,334,132,60,72,481,223,258,359,170,189,469,219,250,467,219,248,122,53,69,71,24,47,29,9,20,2,1,1,3,1,2,257,254,90,63,42,39,18,1,1,164,145,19,42,81,17,18,20
533206412,0,,,856,423,433,134,79,55,711,338,373,450,229,221,692,328,364,683,325,358,261,109,152,156,60,96,68,23,45,9,4,5,10,6,4,349,348,117,103,58,43,21,5,1,227,193,34,42,141,25,24,43
533206413,0,,,1335,664,671,225,117,108,1074,528,546,848,426,422,1024,500,524,1005,491,514,226,102,124,127,52,75,34,11,23,1,0,1,37,26,11,554,554,192,130,112,73,31,12,4,358,315,43,75,155,29,28,42
533206414,0,,,1468,709,759,267,130,137,1142,546,596,945,459,486,1100,528,572,1073,520,553,197,87,110,99,39,60,47,14,33,7,2,5,34,22,12,640,639,253,152,109,81,32,10,2,372,342,30,96,114,45,24,27
533206421,0,,,918,428,490,99,45,54,818,382,436,474,232,242,798,373,425,784,364,420,344,150,194,208,80,128,83,31,52,4,1,3,5,3,2,366,366,89,123,76,45,27,3,3,277,222,55,25,220,5,51,64
533206422,0,,,177,84,93,28,17,11,148,66,82,87,39,48,148,66,82,148,66,82,61,27,34,37,13,24,18,8,10,1,0,1,0,0,0,69,69,15,25,16,5,6,1,1,52,40,12,13,39,3,5,13
533206423,0,,,491,249,242,74,35,39,402,204,198,268,142,126,390,195,195,385,192,193,134,62,72,72,33,39,26,12,14,1,0,1,8,3,5,213,213,83,52,33,30,9,4,2,127,108,19,18,88,15,23,24
533206424,0,,,227,110,117,69,34,35,158,76,82,119,60,59,150,71,79,145,67,78,39,16,23,16,5,11,4,0,4,0,0,0,7,4,3,64,64,2,10,22,17,8,4,1,62,50,12,20,24,0,0,5
533206431,0,,,137,63,74,16,8,8,119,54,65,77,35,42,116,53,63,116,53,63,42,19,23,24,10,14,9,3,6,0,0,0,0,0,0,43,43,10,3,12,9,6,2,1,33,17,16,6,28,0,7,2
533206432,0,,,113,55,58,11,4,7,100,49,51,51,28,23,96,47,49,95,46,49,49,21,28,18,6,12,7,2,5,2,0,2,0,0,0,37,37,7,8,11,6,1,2,2,30,19,11,1,27,0,3,4
533206433,0,,,701,344,357,172,92,80,528,251,277,403,198,205,505,238,267,496,235,261,125,53,72,61,27,34,20,6,14,1,0,1,2,0,2,220,220,31,51,40,62,22,9,5,187,146,41,41,82,4,9,20
533206434,0,,,216,104,112,35,19,16,179,84,95,118,59,59,174,81,93,173,80,93,61,25,36,33,12,21,14,2,12,2,0,2,1,0,1,66,66,10,14,13,16,6,4,3,56,36,20,9,35,1,5,5
533206441,0,,,313,157,156,51,25,26,262,132,130,192,101,91,247,122,125,239,119,120,70,31,39,31,14,17,6,2,4,0,0,0,29,18,11,106,106,15,40,13,22,7,7,2,90,76,14,10,44,5,5,14
533206442,0,,,28,14,14,2,1,1,26,13,13,21,12,9,26,13,13,24,11,13,5,1,4,5,1,4,2,0,2,0,0,0,2,2,0,9,9,3,1,2,1,0,1,1,6,2,4,1,4,1,0,0
533206443,0,,,169,82,87,29,13,16,140,69,71,102,52,50,134,67,67,133,66,67,38,17,21,14,5,9,5,1,4,1,0,1,1,1,0,56,56,7,16,11,15,6,0,1,49,38,11,12,25,2,1,7
533206444,0,,,211,109,102,30,13,17,181,96,85,106,62,44,178,94,84,174,90,84,75,34,41,37,14,23,12,2,10,1,1,0,1,1,0,73,73,15,17,18,15,3,3,2,56,33,23,11,50,0,8,9
533206451,0,,,52,25,27,2,2,0,50,23,27,29,12,17,49,23,26,47,21,26,21,11,10,10,5,5,5,3,2,0,0,0,1,0,1,14,14,2,3,2,2,3,0,2,12,7,5,1,13,0,2,2
533206452,0,,,25,13,12,0,0,0,25,13,12,16,9,7,24,12,12,24,12,12,9,4,5,3,1,2,0,0,0,0,0,0,0,0,0,7,7,0,1,1,5,0,0,0,7,5,2,0,5,0,0,1
533206453,0,,,130,64,66,24,14,10,105,50,55,69,33,36,103,50,53,102,50,52,36,17,19,14,7,7,5,3,2,0,0,0,0,0,0,41,41,4,10,12,7,7,0,1,36,24,12,8,23,0,3,4
533206454,0,,,16,7,9,1,0,1,15,7,8,9,5,4,15,7,8,15,7,8,6,2,4,4,1,3,0,0,0,0,0,0,0,0,0,5,5,0,2,0,3,0,0,0,5,2,3,0,4,0,0,1
533206461,2,533206464,,2,1,1,*,*,*,*,*,*,*,*,*,*,*,*,*,*,*,*,*,*,*,*,*,*,*,*,*,*,*,*,*,*,1,1,*,*,*,*,*,*,*,*,*,*,*,*,*,*,*
533206462,2,533206464,,12,9,3,*,*,*,*,*,*,*,*,*,*,*,*,*,*,*,*,*,*,*,*,*,*,*,*,*,*,*,*,*,*,3,3,*,*,*,*,*,*,*,*,*,*,*,*,*,*,*
533206463,0,,,22,12,10,1,1,0,21,11,10,6,3,3,21,11,10,20,11,9,15,8,7,8,4,4,3,2,1,1,0,1,0,0,0,9,9,2,3,3,0,1,0,0,7,5,2,1,8,0,2,3
533206464,1,,533206461;533206462,61,28,33,11,7,4,64,31,33,42,21,21,60,29,31,58,28,30,22,10,12,15,6,9,7,3,4,1,0,1,0,0,0,15,15,3,4,1,3,2,4,2,16,7,9,4,14,0,1,1
533206471,1,,533206373;533206374,10,5,5,1,0,1,14,8,6,5,3,2,12,7,5,12,7,5,9,5,4,4,2,2,2,1,1,0,0,0,0,0,0,2,2,0,1,2,0,0,0,1,4,2,2,0,4,0,0,0
533206472,0,,,38,19,19,5,4,1,33,15,18,20,9,11,27,12,15,26,12,14,13,6,7,5,2,3,1,0,1,0,0,0,0,0,0,8,8,0,2,0,0,3,2,1,8,2,6,0,8,0,0,2
533206473,0,,,72,34,38,9,4,5,63,30,33,29,14,15,62,30,32,62,30,32,34,16,18,14,7,7,6,2,4,0,0,0,0,0,0,20,20,2,3,7,3,2,1,2,18,9,9,2,19,0,1,3
533206474,0,,,33,18,15,2,1,1,31,17,14,17,12,5,31,17,14,31,17,14,14,5,9,11,4,7,5,2,3,0,0,0,0,0,0,10,10,1,3,3,0,2,0,1,9,5,4,0,10,0,1,1
533206483,1,,533206484,17,7,10,6,2,4,26,9,17,19,6,13,25,9,16,25,9,16,7,3,4,2,0,2,1,0,1,0,0,0,0,0,0,4,4,0,1,2,2,2,1,0,8,4,4,1,6,0,0,0
533206484,2,533206483,,15,4,11,*,*,*,*,*,*,*,*,*,*,*,*,*,*,*,*,*,*,*,*,*,*,*,*,*,*,*,*,*,*,4,4,*,*,*,*,*,*,*,*,*,*,*,*,*,*,*
533206494,0,,,49,25,24,10,7,3,39,18,21,20,9,11,39,18,21,39,18,21,19,9,10,7,1,6,5,0,5,1,0,1,0,0,0,11,11,1,2,1,2,0,2,3,10,2,8,3,10,0,0,0
533206501,0,,,574,280,294,104,54,50,452,218,234,364,185,179,440,211,229,431,208,223,88,33,55,43,16,27,10,3,7,1,0,1,19,11,8,267,267,120,60,39,32,10,4,2,144,128,16,28,56,39,10,9
533206502,0,,,1025,537,488,177,90,87,810,424,386,644,345,299,773,401,372,762,398,364,166,79,87,77,33,44,25,11,14,2,1,1,37,22,15,477,477,216,107,71,50,19,11,3,258,232,26,58,111,41,26,37
533206503,0,,,485,221,264,73,37,36,397,179,218,262,119,143,379,174,205,369,168,201,135,60,75,48,19,29,16,2,14,0,0,0,16,9,7,189,189,48,60,40,21,14,2,4,138,118,20,26,90,3,20,27
533206504,0,,,636,299,337,134,66,68,483,223,260,400,185,215,462,212,250,436,201,235,83,38,45,39,15,24,11,3,8,1,0,1,5,2,3,270,270,112,57,36,37,20,3,5,150,131,19,35,56,27,11,10
533206511,0,,,747,350,397,111,48,63,610,288,322,457,223,234,588,278,310,583,277,306,153,65,88,87,33,54,26,9,17,1,1,0,24,18,6,339,339,142,82,63,28,10,9,5,192,165,27,42,108,24,33,21
533206512,0,,,769,390,379,172,94,78,582,288,294,475,238,237,559,276,283,553,274,279,107,50,57,43,19,24,23,10,13,2,2,0,44,25,19,300,300,100,64,57,42,25,7,5,194,165,29,45,71,23,12,13
533206513,0,,,423,213,210,58,32,26,355,175,180,222,111,111,340,167,173,335,163,172,133,64,69,76,31,45,30,11,19,6,3,3,3,3,0,153,152,43,37,33,22,11,4,2,107,86,21,14,74,1,18,13
533206514,0,,,573,290,283,72,41,31,492,242,250,327,163,164,473,233,240,467,230,237,165,79,86,77,36,41,36,17,19,5,2,3,4,3,1,226,226,75,47,51,30,14,5,4,149,112,37,23,99,16,21,22
533206521,0,,,454,215,239,68,34,34,378,177,201,263,130,133,369,173,196,357,168,189,115,47,68,58,22,36,19,5,14,2,0,2,2,0,2,178,178,60,36,37,26,13,1,5,116,93,23,22,72,10,17,17
533206522,0,,,101,42,59,5,2,3,96,40,56,40,25,15,96,40,56,96,40,56,56,15,41,42,10,32,29,5,24,4,0,4,0,0,0,13,11,0,6,1,3,1,0,0,11,9,2,1,7,0,0,3
533206523,0,,,130,61,69,13,7,6,115,53,62,84,40,44,112,51,61,112,51,61,31,13,18,19,7,12,9,3,6,1,0,1,9,5,4,53,53,16,13,14,6,2,2,0,36,25,11,7,19,4,2,5
533206524,0,,,39,19,20,7,3,4,32,16,16,18,8,10,30,15,15,30,15,15,14,8,6,5,3,2,2,1,1,0,0,0,0,0,0,10,10,0,3,1,3,1,1,1,10,5,5,1,8,0,0,2
533206531,0,,,292,154,138,59,31,28,230,120,110,169,92,77,217,114,103,214,112,102,61,28,33,24,12,12,8,3,5,0,0,0,0,0,0,107,107,32,22,18,20,10,3,2,75,58,17,14,36,15,3,11
533206532,0,,,292,148,144,46,23,23,245,125,120,180,93,87,244,124,120,242,123,119,65,32,33,38,18,20,12,7,5,2,1,1,20,11,9,112,112,28,35,23,13,7,5,1,83,65,18,15,39,8,4,9
533206533,0,,,125,56,69,15,5,10,109,51,58,83,42,41,106,50,56,105,50,55,26,9,17,15,3,12,7,0,7,2,0,2,4,3,1,46,46,13,9,11,7,3,3,0,32,21,11,2,17,3,4,1
533206534,0,,,456,235,221,79,40,39,374,193,181,269,147,122,352,182,170,344,177,167,105,46,59,40,18,22,14,6,8,1,1,0,16,10,6,150,150,28,40,29,29,8,10,6,120,89,31,24,66,4,9,11
533206541,0,,,16,7,9,3,1,2,13,6,7,12,6,6,12,5,7,12,5,7,1,0,1,0,0,0,0,0,0,0,0,0,0,0,0,7,7,1,4,1,1,0,0,0,6,5,1,1,1,0,0,0
533206542,0,,,653,315,338,81,45,36,559,261,298,342,189,153,547,254,293,539,249,290,217,72,145,158,41,117,83,15,68,15,2,13,75,51,24,229,226,85,63,29,27,14,5,3,138,114,24,27,58,11,6,14
533206543,0,,,458,238,220,47,27,20,399,206,193,318,165,153,376,200,176,364,195,169,81,41,40,37,14,23,14,6,8,0,0,0,14,11,3,188,188,71,37,41,22,8,4,5,117,90,27,12,54,7,9,8
533206544,0,,,421,229,192,47,23,24,365,198,167,307,171,136,351,193,158,346,192,154,58,27,31,22,10,12,6,3,3,0,0,0,75,43,32,200,200,77,61,37,15,9,1,0,121,109,12,11,41,24,4,12
533206551,0,,,348,220,128,30,19,11,284,173,111,248,155,93,281,171,110,278,170,108,36,18,18,16,7,9,5,2,3,0,0,0,100,71,29,207,207,135,38,13,13,3,4,1,68,58,10,9,25,15,8,2
533206552,0,,,11,6,5,2,2,0,9,4,5,7,3,4,7,3,4,7,3,4,2,1,1,1,1,0,0,0,0,0,0,0,0,0,0,5,5,3,0,1,0,1,0,0,2,2,0,0,2,1,2,0
533206553,0,,,299,192,107,13,7,6,277,179,98,239,161,78,270,176,94,266,173,93,38,18,20,14,7,7,6,4,2,0,0,0,91,63,28,185,185,122,38,8,11,4,1,1,62,48,14,3,29,34,7,5
533206554,0,,,993,492,501,157,72,85,803,401,402,586,314,272,770,378,392,751,367,384,217,87,130,118,37,81,63,11,52,8,0,8,149,85,64,389,387,138,107,61,40,27,9,5,246,203,43,36,103,11,18,26
533206561,0,,,29,15,14,5,4,1,24,11,13,14,4,10,24,11,13,23,11,12,10,7,3,3,3,0,2,2,0,0,0,0,0,0,0,9,9,0,5,0,3,0,0,1,9,6,3,1,7,0,0,4
533206562,0,,,14,8,6,0,0,0,14,8,6,8,4,4,14,8,6,12,7,5,6,4,2,2,2,0,0,0,0,0,0,0,0,0,0,4,4,0,0,3,0,1,0,0,4,2,2,0,4,0,0,0
533206563,0,,,124,57,67,21,11,10,102,45,57,69,31,38,98,44,54,95,44,51,33,14,19,16,7,9,4,1,3,0,0,0,6,3,3,42,42,4,14,10,11,1,1,1,38,33,5,3,20,0,3,10
533206564,0,,,53,23,30,5,3,2,48,20,28,29,14,15,47,20,27,46,19,27,19,6,13,9,3,6,3,0,3,0,0,0,0,0,0,17,17,3,4,4,3,0,3,0,14,9,5,3,12,0,2,3
533206571,0,,,57,28,29,3,3,0,54,25,29,34,18,16,51,25,26,51,25,26,20,7,13,13,5,8,6,3,3,0,0,0,0,0,0,14,14,1,3,3,2,0,3,2,13,5,8,1,11,0,1,1
533206572,0,,,24,9,15,1,0,1,23,9,14,16,6,10,22,9,13,22,9,13,7,3,4,6,2,4,1,0,1,0,0,0,0,0,0,6,6,0,2,1,0,2,0,1,5,2,3,0,5,0,0,1
533206573,0,,,48,23,25,7,5,2,41,18,23,24,11,13,40,17,23,39,16,23,17,7,10,14,5,9,4,1,3,0,0,0,0,0,0,14,14,3,2,3,3,0,2,1,11,4,7,3,13,0,3,1
533206574,0,,,41,21,20,6,4,2,35,17,18,19,10,9,35,17,18,35,17,18,16,7,9,8,2,6,5,0,5,1,0,1,0,0,0,14,14,2,3,6,1,1,1,0,12,7,5,0,12,0,2,1
533206581,0,,,18,7,11,3,1,2,15,6,9,10,3,7,13,6,7,13,6,7,5,3,2,3,2,1,1,1,0,0,0,0,0,0,0,4,4,0,1,0,1,1,0,1,4,2,2,1,3,0,0,1
533206582,0,,,37,17,20,6,3,3,31,14,17,13,5,8,31,14,17,31,14,17,18,9,9,7,2,5,2,1,1,0,0,0,0,0,0,11,11,2,3,3,1,0,0,2,9,6,3,1,11,0,2,2
533206583,0,,,18,11,7,0,0,0,18,11,7,10,7,3,18,11,7,18,11,7,8,4,4,4,2,2,1,1,0,0,0,0,0,0,0,7,7,0,3,4,0,0,0,0,7,6,1,0,6,0,0,0
533206584,0,,,21,11,10,2,1,1,19,10,9,8,5,3,19,10,9,19,10,9,11,5,6,8,3,5,4,1,3,0,0,0,0,0,0,7,7,1,0,4,2,0,0,0,6,3,3,0,6,0,1,0
533206591,2,533206594,,4,2,2,*,*,*,*,*,*,*,*,*,*,*,*,*,*,*,*,*,*,*,*,*,*,*,*,*,*,*,*,*,*,1,1,*,*,*,*,*,*,*,*,*,*,*,*,*,*,*
533206592,2,533206594,,8,5,3,*,*,*,*,*,*,*,*,*,*,*,*,*,*,*,*,*,*,*,*,*,*,*,*,*,*,*,*,*,*,2,2,*,*,*,*,*,*,*,*,*,*,*,*,*,*,*
533206594,1,,533206591;533206592,13,5,8,2,2,0,23,10,13,9,3,6,23,10,13,23,10,13,14,7,7,5,3,2,1,0,1,0,0,0,0,0,0,4,4,0,2,2,1,1,1,0,7,3,4,1,7,0,0,2
533206601,0,,,372,186,186,53,27,26,311,154,157,216,114,102,295,142,153,289,140,149,95,40,55,44,14,30,18,3,15,4,0,4,7,3,4,149,149,46,44,22,19,15,1,2,99,77,22,17,65,14,13,16
533206602,0,,,449,211,238,77,36,41,365,171,194,284,135,149,347,161,186,333,154,179,81,36,45,45,17,28,18,6,12,4,0,4,1,0,1,174,174,65,34,22,30,13,6,4,107,78,29,14,53,30,4,6
533206603,0,,,345,162,183,43,21,22,299,140,159,221,104,117,283,132,151,274,127,147,78,36,42,31,14,17,8,2,6,1,0,1,0,0,0,135,135,31,47,20,30,4,2,1,102,88,14,9,49,9,6,17
533206604,0,,,288,141,147,42,26,16,237,109,128,172,79,93,234,106,128,232,105,127,65,30,35,19,5,14,7,1,6,0,0,0,2,1,1,133,133,55,32,30,7,6,1,2,77,65,12,15,44,12,9,9
533206611,0,,,509,248,261,59,35,24,431,201,230,302,144,158,416,194,222,408,189,219,129,57,72,69,32,37,27,12,15,1,1,0,18,4,14,235,235,111,49,35,20,9,9,2,121,87,34,17,82,28,17,18
533206612,0,,,433,208,225,74,37,37,353,168,185,233,116,117,345,164,181,339,161,178,120,52,68,56,20,36,21,6,15,1,0,1,0,0,0,154,154,33,40,30,33,12,4,2,119,94,25,20,75,5,14,21
533206613,0,,,469,228,241,78,36,42,382,189,193,290,142,148,365,181,184,355,177,178,92,47,45,35,16,19,13,5,8,1,0,1,1,0,1,193,193,64,50,38,24,11,3,3,126,105,21,26,57,15,8,18
533206614,0,,,757,373,384,137,74,63,617,298,319,454,224,230,593,286,307,585,282,303,163,74,89,70,28,42,21,7,14,4,1,3,1,1,0,256,256,45,73,56,36,29,13,4,207,166,41,37,98,18,6,35
533206621,0,,,250,119,131,41,19,22,206,98,108,157,77,80,200,94,106,196,93,103,49,21,28,22,10,12,6,1,5,0,0,0,0,0,0,113,113,48,27,18,11,6,1,2,63,52,11,14,30,6,4,8
533206622,0,,,72,39,33,13,6,7,59,33,26,37,21,16,58,32,26,57,31,26,22,12,10,12,6,6,7,5,2,0,0,0,0,0,0,19,19,2,4,1,5,4,2,1,17,7,10,3,16,0,2,2
533206623,0,,,109,49,60,15,8,7,94,41,53,66,28,38,88,39,49,84,38,46,28,13,15,13,5,8,4,1,3,0,0,0,3,1,2,38,38,4,15,7,8,3,0,1,33,29,4,4,17,0,2,7
533206624,0,,,50,25,25,0,0,0,50,25,25,26,12,14,50,25,25,50,25,25,24,13,11,8,5,3,1,0,1,0,0,0,0,0,0,19,19,1,11,3,3,0,1,0,18,14,4,0,14,0,1,5
533206631,0,,,104,46,58,11,4,7,92,42,50,45,17,28,89,42,47,88,41,47,47,25,22,22,11,11,3,2,1,1,0,1,0,0,0,38,38,5,15,8,6,3,1,0,33,24,9,4,27,0,4,11
533206632,0,,,151,78,73,36,18,18,115,60,55,77,40,37,114,60,54,114,60,54,38,20,18,19,9,10,8,3,5,3,1,2,2,2,0,45,45,5,12,11,5,7,3,2,40,29,11,8,22,0,2,5
533206633,0,,,50,24,26,9,5,4,41,19,22,26,11,15,40,19,21,40,19,21,15,8,7,8,3,5,3,0,3,0,0,0,0,0,0,15,15,2,4,3,3,1,1,1,13,7,6,2,11,0,2,2
533206634,0,,,188,88,100,23,7,16,164,80,84,118,58,60,152,73,79,143,68,75,46,22,24,20,11,9,5,3,2,1,0,1,8,3,5,63,63,8,24,9,13,5,1,3,55,49,6,5,27,0,4,11
533206641,0,,,714,336,378,142,57,85,567,277,290,482,240,242,532,259,273,514,247,267,85,37,48,39,16,23,8,4,4,0,0,0,16,9,7,241,241,40,61,49,61,22,6,2,198,172,26,44,60,6,11,13
533206642,0,,,860,428,432,115,55,60,741,369,372,592,302,290,706,355,351,692,344,348,149,67,82,65,29,36,10,4,6,3,1,2,139,76,63,333,333,74,126,62,34,20,9,8,254,215,39,32,97,25,13,22
533206643,0,,,348,161,187,52,21,31,296,140,156,209,103,106,280,131,149,277,130,147,87,37,50,41,16,25,12,3,9,0,0,0,1,1,0,107,107,10,30,22,26,9,7,3,96,70,26,7,55,0,5,11
533206644,0,,,370,197,173,62,33,29,302,160,142,229,130,99,298,158,140,295,156,139,73,30,43,48,21,27,11,5,6,2,1,1,34,20,14,137,137,33,40,26,20,14,1,3,100,81,19,29,43,4,3,10
533206651,0,,,344,168,176,28,20,8,311,146,165,203,95,108,299,142,157,295,140,155,108,51,57,44,17,27,8,0,8,0,0,0,38,23,15,155,155,50,58,22,17,5,2,1,104,91,13,4,76,3,18,24
533206652,0,,,112,57,55,11,7,4,96,48,48,60,33,27,90,45,45,85,42,43,36,15,21,19,9,10,4,3,1,0,0,0,0,0,0,53,53,26,11,5,7,3,1,0,27,21,6,3,24,2,7,6
533206653,0,,,548,297,251,58,29,29,471,253,218,302,175,127,463,247,216,456,243,213,169,78,91,82,37,45,24,9,15,2,0,2,35,21,14,246,246,113,50,33,26,16,4,4,132,94,38,16,106,14,17,20
533206654,0,,,894,433,461,106,64,42,781,366,415,501,253,248,769,360,409,756,353,403,280,113,167,172,63,109,77,25,52,6,2,4,130,73,57,348,347,91,109,72,45,18,11,1,252,188,64,44,166,10,34,42
533206661,0,,,479,252,227,92,47,45,375,199,176,316,170,146,359,190,169,352,187,165,59,29,30,32,14,18,10,2,8,1,0,1,115,70,45,186,185,48,55,33,32,12,3,2,134,115,19,25,38,10,2,10
533206662,0,,,94,47,47,17,9,8,77,38,39,50,28,22,75,36,39,75,36,39,27,10,17,9,2,7,6,1,5,0,0,0,0,0,0,27,27,3,7,4,6,2,4,1,24,13,11,6,16,0,2,1
533206663,0,,,231,111,120,42,19,23,189,92,97,144,72,72,184,90,94,183,90,93,45,20,25,25,12,13,7,2,5,0,0,0,43,19,24,81,81,14,24,18,15,5,5,0,65,52,13,15,28,8,1,4
533206664,0,,,346,178,168,50,31,19,290,145,145,199,108,91,286,143,143,282,140,142,91,37,54,60,23,37,26,10,16,1,0,1,15,9,6,129,128,40,41,14,17,11,4,1,87,69,18,21,42,14,5,11
533206671,0,,,49,24,25,7,7,0,42,17,25,23,10,13,39,16,23,39,16,23,19,7,12,11,3,8,5,1,4,0,0,0,0,0,0,12,12,0,1,4,1,5,1,0,12,3,9,1,11,0,0,1
533206672,0,,,39,19,20,4,2,2,35,17,18,23,12,11,34,17,17,34,17,17,12,5,7,7,2,5,2,0,2,0,0,0,1,0,1,13,13,1,4,4,2,2,0,0,12,9,3,0,8,0,1,0
533206673,0,,,182,89,93,23,10,13,158,78,80,96,52,44,154,76,78,153,75,78,62,26,36,33,11,22,7,1,6,1,0,1,1,0,1,57,57,8,11,17,12,5,1,3,48,32,16,8,39,0,7,6
533206674,0,,,74,39,35,10,6,4,64,33,31,39,18,21,63,33,30,62,33,29,25,15,10,15,9,6,5,4,1,0,0,0,0,0,0,23,23,5,4,6,3,2,1,2,18,8,10,1,16,0,3,3
533206681,0,,,14,6,8,1,0,1,13,6,7,6,3,3,12,5,7,12,5,7,7,3,4,4,2,2,0,0,0,0,0,0,0,0,0,5,5,1,1,1,2,0,0,0,4,3,1,0,4,0,1,1
533206682,0,,,18,9,9,1,1,0,17,8,9,11,6,5,15,7,8,15,7,8,6,2,4,2,0,2,2,0,2,0,0,0,0,0,0,4,4,0,0,1,2,0,0,1,4,2,2,0,3,0,0,0
533206683,0,,,256,119,137,41,20,21,215,99,116,119,52,67,211,97,114,210,96,114,96,47,49,47,20,27,18,5,13,1,0,1,6,1,5,82,82,19,17,14,13,9,6,4,63,33,30,10,56,4,8,11
533206684,0,,,76,35,41,17,9,8,59,26,33,36,15,21,56,26,30,56,26,30,23,11,12,13,6,7,4,2,2,0,0,0,0,0,0,17,17,1,3,3,1,5,0,4,16,7,9,5,13,0,1,3
533206692,0,,,59,28,31,9,4,5,50,24,26,27,14,13,48,23,25,47,23,24,23,10,13,10,4,6,1,0,1,0,0,0,0,0,0,16,16,1,5,2,3,1,3,1,15,8,7,1,14,0,1,2
533206693,0,,,70,36,34,2,1,1,68,35,33,36,21,15,67,34,33,64,31,33,32,14,18,18,9,9,2,1,1,0,0,0,0,0,0,24,24,2,11,5,3,1,1,1,22,16,6,1,19,0,1,8
533206694,0,,,164,74,90,10,7,3,153,66,87,93,50,43,149,64,85,148,63,85,60,16,44,45,8,37,27,4,23,2,0,2,5,2,3,55,54,15,15,6,12,2,3,1,38,20,18,4,31,1,9,4
533206702,0,,,70,30,40,7,1,6,63,29,34,32,14,18,61,27,34,61,27,34,31,15,16,15,7,8,6,2,4,1,0,1,0,0,0,24,24,4,7,6,4,1,1,1,20,11,9,0,18,0,3,4
533206703,0,,,234,114,120,38,20,18,196,94,102,103,49,54,192,94,98,190,93,97,93,45,48,42,20,22,13,6,7,1,1,0,1,1,0,74,74,12,21,18,6,8,4,5,60,37,23,12,55,0,10,13
533206704,0,,,42,20,22,4,2,2,38,18,20,13,7,6,38,18,20,38,18,20,25,11,14,11,4,7,4,1,3,0,0,0,0,0,0,14,14,2,3,5,2,1,1,0,12,5,7,0,13,0,1,3
533206711,0,,,203,108,95,22,15,7,179,91,88,96,55,41,174,87,87,169,84,85,83,36,47,46,24,22,9,4,5,0,0,0,0,0,0,72,72,13,21,16,13,6,3,0,58,42,16,5,50,1,6,15
533206712,0,,,796,383,413,100,56,44,678,316,362,505,237,268,657,308,349,627,301,326,173,79,94,60,28,32,18,6,12,4,1,3,1,1,0,346,346,137,85,56,39,15,8,6,209,173,36,34,109,51,22,27
533206713,0,,,106,37,69,13,7,6,91,29,62,54,17,37,90,28,62,77,26,51,37,12,25,36,11,25,29,8,21,4,0,4,0,0,0,47,46,30,8,4,2,1,1,0,15,14,1,5,5,10,2,3
533206714,0,,,162,35,127,11,6,5,146,27,119,129,20,109,144,26,118,109,26,83,17,7,10,12,4,8,6,2,4,1,0,1,0,0,0,45,44,26,7,3,4,3,0,1,18,13,5,4,10,7,1,1
533206721,0,,,237,107,130,18,10,8,215,96,119,136,64,72,211,93,118,205,91,114,79,32,47,44,14,30,20,7,13,3,1,2,0,0,0,94,93,35,20,19,10,7,1,1,58,43,15,7,41,15,6,8
533206722,2,533206723,,7,4,3,*,*,*,*,*,*,*,*,*,*,*,*,*,*,*,*,*,*,*,*,*,*,*,*,*,*,*,*,*,*,2,2,*,*,*,*,*,*,*,*,*,*,*,*,*,*,*
533206723,1,,533206722;533206724,45,15,30,9,4,5,45,17,28,27,10,17,42,16,26,40,16,24,18,7,11,10,3,7,5,0,5,1,0,1,0,0,0,17,17,7,5,3,1,2,0,2,13,9,4,0,9,3,0,2
533206724,2,533206723,,3,2,1,*,*,*,*,*,*,*,*,*,*,*,*,*,*,*,*,*,*,*,*,*,*,*,*,*,*,*,*,*,*,1,1,*,*,*,*,*,*,*,*,*,*,*,*,*,*,*
533206731,0,,,26,13,13,3,3,0,23,10,13,13,6,7,23,10,13,23,10,13,10,4,6,4,0,4,2,0,2,0,0,0,0,0,0,8,8,2,1,2,1,1,0,1,6,2,4,1,7,0,2,0
533206732,0,,,133,68,65,21,9,12,112,59,53,72,38,34,109,57,52,107,56,51,40,21,19,17,7,10,6,2,4,1,0,1,0,0,0,41,41,8,12,6,7,1,2,5,33,23,10,6,22,3,0,7
533206733,0,,,48,21,27,3,1,2,45,20,25,31,15,16,42,18,24,40,18,22,14,5,9,11,4,7,4,2,2,1,0,1,0,0,0,13,13,1,2,3,2,4,1,0,12,6,6,1,9,0,1,1
533206734,0,,,130,62,68,11,5,6,119,57,62,72,36,36,112,53,59,108,52,56,47,21,26,24,10,14,7,4,3,1,0,1,1,0,1,33,33,1,7,2,13,4,5,1,32,9,23,2,31,0,1,4
533206741,0,,,218,107,111,25,16,9,183,85,98,129,63,66,175,80,95,172,79,93,54,22,32,25,7,18,8,1,7,1,0,1,4,2,2,85,85,33,20,10,9,7,1,5,52,32,20,7,31,4,1,7
533206742,0,,,376,192,184,62,34,28,314,158,156,216,111,105,299,147,152,293,145,148,98,47,51,35,18,17,11,5,6,2,0,2,30,12,18,131,131,27,40,20,23,11,8,2,104,80,24,19,60,2,10,18
533206743,0,,,34,13,21,7,3,4,27,10,17,17,6,11,27,10,17,26,9,17,10,4,6,4,1,3,0,0,0,0,0,0,4,0,4,13,13,5,3,2,0,2,0,1,8,5,3,1,6,2,1,3
533206744,0,,,138,65,73,17,6,11,121,59,62,85,44,41,117,55,62,114,54,60,36,15,21,22,6,16,9,2,7,1,0,1,4,0,4,48,48,13,9,12,7,3,0,4,35,21,14,6,24,5,2,0
533206751,0,,,79,41,38,10,3,7,65,36,29,51,31,20,63,36,27,62,36,26,14,5,9,7,1,6,2,0,2,0,0,0,25,17,8,34,34,15,5,9,2,1,0,2,19,14,5,2,10,1,0,1
533206752,0,,,581,277,304,65,29,36,508,244,264,325,173,152,498,242,256,491,239,252,183,71,112,142,50,92,93,26,67,14,2,12,195,108,87,194,191,63,55,47,14,6,5,1,125,108,17,22,28,12,5,4
533206753,0,,,48,24,24,6,3,3,42,21,21,23,11,12,42,21,21,42,21,21,19,10,9,11,6,5,6,2,4,0,0,0,0,0,0,15,15,3,4,2,0,5,1,0,12,7,5,0,11,0,1,3
533206754,0,,,55,29,26,6,3,3,49,26,23,26,15,11,47,25,22,45,23,22,23,11,12,12,5,7,3,2,1,0,0,0,0,0,0,17,17,2,7,2,1,2,2,1,15,9,6,1,14,0,1,4
533206761,0,,,170,87,83,28,15,13,139,70,69,114,58,56,136,69,67,134,68,66,25,12,13,13,6,7,5,1,4,0,0,0,55,29,26,69,69,24,20,7,12,1,3,2,44,34,10,11,17,7,1,5
533206762,0,,,159,81,78,15,4,11,144,77,67,92,51,41,142,76,66,138,74,64,52,26,26,21,9,12,10,3,7,1,1,0,1,0,1,45,45,5,11,8,10,5,2,4,40,22,18,3,34,0,4,5
533206763,0,,,46,23,23,3,2,1,43,21,22,22,11,11,41,20,21,41,20,21,21,10,11,8,5,3,1,1,0,0,0,0,1,0,1,17,17,2,8,1,5,1,0,0,15,13,2,0,14,0,2,5
533206764,0,,,123,63,60,23,13,10,100,50,50,68,35,33,99,49,50,95,48,47,32,15,17,21,9,12,4,2,2,0,0,0,0,0,0,29,29,2,3,4,8,4,5,3,27,13,14,8,19,0,2,1
533206771,0,,,220,105,115,47,18,29,172,86,86,119,61,58,166,83,83,163,81,82,53,25,28,31,15,16,7,3,4,0,0,0,2,1,1,74,74,13,18,16,16,9,1,1,61,46,15,18,34,1,7,5
533206772,0,,,445,227,218,108,56,52,336,171,165,237,126,111,325,165,160,322,163,159,99,45,54,43,20,23,13,6,7,0,0,0,5,2,3,144,144,26,39,22,25,20,9,3,115,95,20,25,65,6,10,19
533206773,0,,,82,43,39,21,13,8,60,29,31,44,22,22,59,28,31,59,28,31,16,7,9,11,4,7,4,1,3,1,1,0,0,0,0,21,21,2,1,4,9,2,1,2,19,10,9,8,9,0,0,1
533206774,0,,,167,77,90,17,6,11,150,71,79,79,40,39,144,70,74,143,69,74,71,31,40,39,16,23,12,5,7,1,0,1,0,0,0,47,47,5,8,12,8,9,4,1,41,18,23,5,39,0,3,5
533206781,0,,,110,50,60,17,7,10,93,43,50,68,34,34,92,43,49,92,43,49,25,9,16,13,4,9,3,1,2,0,0,0,7,2,5,45,45,14,12,10,4,4,1,0,31,26,5,5,17,4,4,5
533206782,0,,,286,126,160,44,19,25,230,100,130,184,83,101,219,98,121,214,94,120,46,17,29,21,7,14,5,0,5,0,0,0,43,16,27,124,124,48,25,27,15,7,2,0,74,63,11,17,28,12,2,5
533206783,0,,,452,213,239,51,27,24,398,184,214,265,133,132,385,175,210,380,175,205,133,51,82,81,27,54,19,7,12,1,0,1,2,1,1,170,170,40,56,32,23,6,10,3,127,89,38,25,91,6,18,17
533206784,0,,,1092,518,574,141,69,72,950,449,501,584,288,296,924,435,489,913,430,483,366,161,205,210,88,122,65,24,41,3,0,3,3,0,3,375,375,55,130,67,66,38,13,6,317,240,77,39,235,3,31,66
533206791,0,,,397,187,210,37,17,20,359,169,190,211,99,112,351,168,183,341,162,179,148,70,78,61,25,36,18,4,14,1,0,1,2,1,1,141,139,24,44,34,23,7,4,3,113,80,33,6,94,0,16,21
533206792,0,,,50,24,26,2,1,1,47,22,25,34,16,18,47,22,25,47,22,25,13,6,7,8,3,5,3,1,2,0,0,0,0,0,0,20,20,8,7,1,0,1,1,2,11,6,5,2,9,0,3,1
533206793,0,,,532,243,289,89,48,41,442,194,248,320,143,177,412,180,232,396,171,225,122,51,71,61,26,35,16,7,9,0,0,0,6,4,2,184,184,33,52,45,26,17,7,4,151,125,26,22,80,2,18,18
533206794,0,,,46,21,25,2,1,1,44,20,24,25,12,13,43,20,23,42,19,23,19,8,11,8,3,5,3,0,3,1,0,1,0,0,0,17,17,3,5,4,4,1,0,0,14,9,5,2,12,0,2,2
533206801,0,,,32,15,17,0,0,0,32,15,17,14,8,6,32,15,17,32,15,17,18,7,11,11,4,7,6,1,5,1,0,1,0,0,0,10,10,2,1,4,1,0,2,0,8,3,5,0,10,0,2,1
533206802,0,,,89,41,48,7,4,3,82,37,45,45,20,25,76,33,43,74,32,42,37,17,20,20,9,11,9,3,6,0,0,0,0,0,0,26,26,3,6,6,5,1,4,1,23,12,11,0,23,0,3,4
533206811,0,,,203,96,107,23,11,12,180,85,95,108,55,53,169,79,90,163,75,88,72,30,42,35,12,23,18,7,11,0,0,0,1,0,1,59,59,13,11,5,9,11,8,2,46,20,26,9,43,0,9,4
533206812,0,,,170,77,93,33,12,21,137,65,72,98,47,51,132,63,69,130,63,67,39,18,21,19,8,11,7,4,3,1,0,1,1,0,1,56,56,14,8,12,12,5,4,1,42,28,14,9,25,7,3,2
533206814,0,,,16,7,9,3,0,3,13,7,6,11,6,5,12,6,6,12,6,6,2,1,1,2,1,1,0,0,0,0,0,0,0,0,0,4,4,0,0,2,1,0,1,0,4,3,1,1,1,0,0,0
533206821,0,,,68,29,39,10,4,6,58,25,33,36,17,19,55,24,31,52,23,29,22,8,14,15,6,9,4,1,3,0,0,0,0,0,0,20,20,1,6,3,5,4,1,0,19,11,8,2,15,0,1,4
533206822,0,,,218,104,114,28,14,14,190,90,100,130,63,67,184,87,97,180,84,96,60,27,33,26,11,15,10,3,7,0,0,0,1,0,1,74,74,12,23,13,16,3,7,0,62,48,14,5,40,0,7,9
533206823,0,,,151,75,76,24,11,13,127,64,63,73,38,35,123,62,61,122,62,60,54,26,28,27,13,14,11,5,6,1,0,1,0,0,0,48,48,6,12,11,8,10,1,0,42,27,15,5,35,0,5,5
533206824,0,,,284,146,138,38,25,13,246,121,125,143,78,65,236,116,120,230,111,119,103,43,60,47,18,29,15,4,11,2,0,2,0,0,0,87,87,15,22,17,14,6,6,7,70,47,23,5,61,0,11,11
533206832,2,533206834,,11,6,5,*,*,*,*,*,*,*,*,*,*,*,*,*,*,*,*,*,*,*,*,*,*,*,*,*,*,*,*,*,*,3,3,*,*,*,*,*,*,*,*,*,*,*,*,*,*,*
533206833,0,,,27,15,12,3,3,0,24,12,12,14,7,7,23,12,11,22,11,11,10,5,5,5,3,2,3,3,0,0,0,0,0,0,0,9,9,1,2,3,2,1,0,0,8,6,2,1,6,0,1,2
533206834,1,,533206832,74,37,37,5,4,1,80,39,41,52,26,26,78,38,40,77,38,39,28,13,15,14,6,8,4,1,3,0,0,0,0,0,0,22,22,1,8,5,6,1,4,0,24,12,12,2,20,0,1,5
533206841,0,,,41,17,24,0,0,0,41,17,24,12,7,5,41,17,24,41,17,24,29,10,19,23,7,16,13,2,11,1,0,1,0,0,0,9,7,1,1,2,1,2,0,0,6,3,3,0,7,0,1,0
533206842,0,,,68,37,31,7,3,4,61,34,27,37,27,10,59,32,27,58,31,27,24,7,17,14,4,10,7,1,6,0,0,0,0,0,0,21,21,3,4,7,2,3,1,1,18,10,8,2,18,0,3,0
533206843,0,,,23,10,13,1,1,0,22,9,13,14,6,8,21,9,12,21,9,12,8,3,5,4,1,3,2,1,1,0,0,0,0,0,0,6,6,0,1,2,0,3,0,0,6,3,3,1,5,0,0,0
533206844,0,,,43,22,21,8,4,4,35,18,17,22,12,10,34,17,17,34,17,17,13,6,7,4,1,3,0,0,0,0,0,0,0,0,0,13,13,5,1,1,1,2,2,1,8,3,5,1,8,0,2,1
533206851,0,,,144,69,75,18,9,9,126,60,66,73,34,39,123,58,65,121,57,64,53,26,27,27,11,16,9,3,6,2,0,2,0,0,0,38,38,2,5,11,8,7,3,2,36,15,21,6,29,0,2,4
533206852,0,,,114,56,58,13,7,6,101,49,52,55,25,30,96,47,49,95,47,48,46,24,22,26,14,12,15,9,6,2,1,1,0,0,0,30,30,6,4,4,4,3,7,2,24,8,16,3,25,0,4,2
533206853,0,,,46,22,24,1,1,0,45,21,24,21,10,11,44,21,23,42,19,23,24,11,13,12,6,6,4,1,3,0,0,0,0,0,0,17,17,3,5,5,3,0,1,0,14,10,4,0,13,0,2,4
533206854,0,,,198,94,104,22,11,11,176,83,93,110,56,54,166,79,87,161,76,85,66,27,39,25,10,15,13,6,7,0,0,0,23,11,12,65,65,13,19,15,5,4,4,5,52,32,20,6,44,0,11,7
533206861,0,,,128,61,67,15,7,8,113,54,59,77,37,40,109,51,58,108,51,57,36,17,19,14,5,9,4,1,3,0,0,0,1,1,0,39,39,7,8,8,8,3,2,3,32,20,12,3,23,0,4,2
533206862,0,,,93,45,48,6,2,4,87,43,44,51,27,24,84,42,42,82,40,42,36,16,20,16,7,9,7,3,4,1,0,1,0,0,0,28,28,3,7,6,7,1,3,1,25,15,10,1,22,0,2,3
533206863,0,,,27,11,16,3,1,2,24,10,14,11,6,5,24,10,14,24,10,14,13,4,9,6,1,5,2,1,1,0,0,0,0,0,0,9,9,1,4,1,2,0,0,1,8,5,3,0,9,0,1,2
533206864,0,,,92,43,49,8,4,4,84,39,45,48,23,25,82,37,45,80,36,44,36,16,20,18,7,11,8,5,3,1,0,1,3,1,2,32,32,5,9,9,5,2,2,0,27,18,9,3,24,0,5,5
533206871,0,,,66,30,36,6,3,3,60,27,33,31,17,14,60,27,33,58,26,32,29,10,19,17,4,13,7,1,6,1,0,1,0,0,0,21,21,2,4,8,4,2,1,0,18,9,9,3,17,0,2,3
533206872,0,,,40,18,22,5,1,4,34,16,18,26,11,15,34,16,18,33,15,18,8,5,3,4,2,2,2,1,1,2,1,1,0,0,0,16,16,5,5,2,2,1,1,0,11,9,2,1,6,1,2,0
533206873,0,,,92,42,50,11,7,4,81,35,46,50,24,26,77,32,45,75,32,43,31,11,20,12,3,9,7,1,6,2,0,2,1,0,1,30,30,4,10,7,5,2,0,2,26,17,9,3,16,0,1,5
533206874,0,,,25,14,11,8,5,3,17,9,8,15,8,7,17,9,8,17,9,8,2,1,1,0,0,0,0,0,0,0,0,0,0,0,0,9,9,2,1,3,3,0,0,0,7,7,0,4,2,0,1,0
533206881,0,,,57,33,24,9,8,1,44,22,22,34,19,15,44,22,22,43,21,22,10,3,7,8,3,5,2,0,2,0,0,0,1,0,1,26,26,11,8,4,1,0,1,1,15,12,3,6,6,2,0,0
533206882,0,,,301,136,165,49,26,23,252,110,142,156,70,86,244,107,137,242,106,136,96,40,56,61,24,37,28,10,18,0,0,0,5,2,3,96,95,14,33,17,7,18,6,0,80,60,20,14,53,2,5,10
533206883,0,,,143,66,77,13,7,6,130,59,71,78,39,39,124,57,67,123,57,66,52,20,32,27,9,18,9,3,6,2,0,2,1,0,1,39,39,4,11,8,4,5,1,6,35,18,17,4,30,0,1,6
533206884,0,,,17,8,9,1,0,1,16,8,8,6,3,3,15,8,7,15,8,7,10,5,5,5,2,3,5,2,3,1,0,1,0,0,0,6,6,1,1,2,2,0,0,0,5,1,4,0,5,0,1,0
533206891,0,,,349,182,167,36,24,12,309,154,155,195,103,92,301,150,151,296,148,148,114,51,63,47,24,23,13,2,11,3,1,2,3,1,2,129,127,29,40,29,16,6,5,2,97,74,23,12,63,5,4,19
533206892,0,,,255,129,126,38,21,17,200,102,98,142,75,67,195,98,97,191,96,95,58,27,31,29,12,17,9,1,8,1,0,1,0,0,0,104,104,30,35,20,7,8,2,2,66,54,12,14,37,5,5,11
533206893,0,,,59,28,31,6,2,4,53,26,27,37,19,18,52,25,27,51,24,27,16,7,9,10,5,5,3,2,1,0,0,0,0,0,0,19,19,2,4,7,4,0,2,0,17,12,5,2,10,0,1,1
533206894,0,,,96,50,46,10,3,7,86,47,39,57,31,26,83,45,38,80,44,36,29,16,13,9,4,5,5,1,4,0,0,0,0,0,0,29,28,5,9,3,4,3,1,3,21,12,9,3,15,0,1,3
533206922,0,,,46,24,22,8,6,2,38,18,20,20,9,11,37,18,19,37,18,19,18,9,9,10,5,5,3,1,2,0,0,0,1,1,0,15,15,4,3,2,4,0,1,1,11,5,6,1,12,0,2,1
533206931,0,,,168,87,81,11,6,5,157,81,76,93,48,45,153,79,74,151,78,73,64,33,31,35,17,18,12,3,9,0,0,0,7,5,2,43,43,2,4,14,11,4,5,3,40,15,25,3,39,0,2,2
533206932,1,,533206933,178,87,91,29,19,10,152,69,83,97,47,50,146,66,80,142,64,78,55,22,33,27,10,17,8,2,6,2,0,2,0,0,0,69,69,22,24,6,8,5,5,1,47,36,11,7,39,0,11,8
533206933,2,533206932,,6,2,4,*,*,*,*,*,*,*,*,*,*,*,*,*,*,*,*,*,*,*,*,*,*,*,*,*,*,*,*,*,*,2,2,*,*,*,*,*,*,*,*,*,*,*,*,*,*,*
533206934,0,,,220,110,110,42,28,14,178,82,96,114,52,62,167,78,89,161,77,84,64,30,34,36,14,22,8,2,6,1,0,1,0,0,0,61,61,10,14,5,13,8,4,7,51,31,20,6,41,0,7,6
533206941,0,,,21,12,9,3,2,1,18,10,8,12,6,6,18,10,8,18,10,8,6,4,2,4,3,1,0,0,0,0,0,0,0,0,0,6,6,0,2,0,3,1,0,0,6,4,2,1,4,0,0,1
533206942,1,,533206944,93,48,45,13,6,7,83,43,40,38,21,17,80,40,40,79,40,39,45,22,23,23,12,11,8,1,7,1,0,1,0,0,0,25,25,2,8,5,2,2,5,2,24,11,13,3,23,0,2,5
533206943,0,,,43,17,26,6,1,5,37,16,21,28,13,15,37,16,21,37,16,21,9,3,6,8,2,6,3,0,3,0,0,0,0,0,0,10,10,0,1,1,4,3,0,1,10,4,6,3,7,0,0,0
533206944,2,533206942,,3,1,2,*,*,*,*,*,*,*,*,*,*,*,*,*,*,*,*,*,*,*,*,*,*,*,*,*,*,*,*,*,*,1,1,*,*,*,*,*,*,*,*,*,*,*,*,*,*,*
533206951,0,,,59,28,31,4,3,1,55,25,30,32,16,16,53,25,28,51,23,28,23,9,14,16,6,10,9,2,7,2,1,1,0,0,0,19,19,3,4,8,2,0,0,2,16,10,6,2,14,0,3,4
533206952,0,,,63,29,34,13,5,8,50,24,26,30,15,15,49,24,25,48,23,25,20,9,11,5,1,4,1,0,1,0,0,0,1,1,0,20,20,2,6,4,6,0,1,1,18,15,3,5,11,0,2,3
533206953,0,,,76,37,39,8,3,5,68,34,34,39,22,17,68,34,34,67,34,33,29,12,17,22,9,13,10,3,7,1,0,1,0,0,0,22,22,1,4,9,4,1,2,1,21,12,9,3,17,0,1,1
533206954,0,,,69,35,34,12,7,5,57,28,29,29,16,13,56,28,28,54,27,27,28,12,16,9,2,7,3,0,3,1,0,1,0,0,0,22,22,3,9,4,1,2,1,2,19,12,7,2,18,0,3,4
533206961,0,,,107,52,55,17,7,10,90,45,45,69,34,35,87,43,44,83,42,41,21,11,10,12,7,5,4,2,2,1,1,0,0,0,0,32,32,7,4,7,7,2,3,2,25,14,11,6,15,0,2,0
533206962,0,,,113,56,57,18,6,12,93,49,44,54,30,24,90,47,43,89,46,43,39,19,20,15,7,8,2,0,2,0,0,0,1,1,0,40,40,12,10,5,5,3,4,1,28,18,10,7,22,3,1,6
533206963,0,,,133,72,61,16,12,4,117,60,57,62,34,28,114,59,55,111,57,54,55,26,29,27,13,14,6,1,5,0,0,0,0,0,0,37,37,2,10,7,8,3,6,1,35,18,17,2,31,0,1,6
533206964,0,,,80,32,48,13,5,8,67,27,40,33,12,21,65,26,39,64,26,38,34,15,19,13,5,8,7,2,5,1,0,1,0,0,0,20,20,1,4,5,3,1,3,3,19,8,11,4,19,0,1,4
533206971,0,,,41,22,19,4,4,0,37,18,19,15,8,7,35,16,19,35,16,19,22,10,12,11,6,5,5,2,3,0,0,0,0,0,0,13,13,2,6,0,2,1,0,2,10,5,5,0,12,0,1,2
533206972,0,,,16,8,8,0,0,0,16,8,8,8,4,4,16,8,8,15,8,7,8,4,4,1,0,1,1,0,1,0,0,0,0,0,0,5,5,0,1,2,2,0,0,0,5,4,1,0,4,0,0,1
533206973,0,,,180,94,86,23,13,10,157,81,76,104,59,45,152,79,73,150,78,72,53,22,31,27,7,20,13,3,10,3,2,1,0,0,0,48,48,5,8,13,9,3,5,5,43,22,21,6,35,0,2,2
533206974,0,,,135,52,83,12,3,9,123,49,74,60,26,34,122,48,74,120,48,72,63,23,40,43,11,32,25,5,20,1,0,1,0,0,0,40,38,7,11,5,6,5,4,0,31,17,14,2,28,1,3,6
533206981,0,,,239,111,128,38,17,21,198,92,106,148,72,76,190,89,101,187,88,99,50,20,30,25,8,17,15,4,11,1,0,1,4,4,0,81,81,24,15,13,15,6,2,6,53,32,21,10,32,7,4,4
533206982,0,,,92,49,43,16,9,7,76,40,36,49,26,23,74,39,35,74,39,35,27,14,13,16,8,8,9,4,5,0,0,0,0,0,0,24,24,3,3,7,4,3,1,3,21,7,14,2,16,2,0,1
533206983,0,,,148,68,80,13,4,9,134,63,71,83,37,46,128,60,68,128,60,68,51,26,25,29,12,17,13,4,9,2,1,1,6,6,0,44,44,9,7,9,10,2,3,4,35,10,25,3,33,5,2,4
533206984,0,,,71,31,40,7,3,4,64,28,36,39,17,22,62,28,34,61,28,33,25,11,14,12,4,8,3,1,2,0,0,0,0,0,0,19,19,1,4,5,4,0,4,1,18,7,11,2,16,0,0,2
533206991,0,,,133,65,68,24,11,13,105,51,54,97,47,50,105,51,54,105,51,54,8,4,4,3,1,2,3,1,2,1,0,1,0,0,0,66,66,26,18,17,5,0,0,0,39,38,1,17,5,5,1,1
533206992,0,,,37,19,18,1,0,1,36,19,17,19,11,8,33,16,17,32,16,16,17,8,9,6,2,4,5,1,4,1,0,1,0,0,0,12,12,3,3,3,0,0,2,1,9,3,6,0,10,0,2,1
533206993,0,,,47,20,27,2,2,0,45,18,27,33,14,19,43,17,26,43,17,26,12,4,8,10,3,7,3,2,1,0,0,0,0,0,0,12,12,2,0,4,1,2,2,1,10,1,9,1,10,0,2,0
533206994,0,,,16,9,7,2,2,0,14,7,7,7,4,3,13,6,7,13,6,7,7,3,4,6,3,3,0,0,0,0,0,0,0,0,0,4,4,0,1,1,1,0,0,1,4,2,2,0,4,0,0,1
533207001,1,,533207003,80,38,42,6,4,2,79,38,41,33,16,17,78,38,40,78,38,40,46,22,24,18,7,11,7,2,5,2,1,1,0,0,0,26,26,6,6,9,4,0,4,0,23,13,10,2,29,0,6,4
533207003,2,533207001,,5,4,1,*,*,*,*,*,*,*,*,*,*,*,*,*,*,*,*,*,*,*,*,*,*,*,*,*,*,*,*,*,*,3,3,*,*,*,*,*,*,*,*,*,*,*,*,*,*,*
533207011,0,,,11,5,6,0,0,0,11,5,6,4,1,3,11,5,6,11,5,6,7,4,3,5,2,3,2,1,1,0,0,0,0,0,0,4,4,1,1,1,0,1,0,0,3,1,2,0,4,0,1,1
533207014,0,,,23,12,11,5,3,2,18,9,9,11,6,5,17,9,8,17,9,8,7,3,4,3,1,2,1,0,1,1,0,1,1,0,1,6,6,1,0,0,3,2,0,0,5,3,2,2,4,0,1,0
533207021,0,,,33,10,23,1,1,0,32,9,23,11,4,7,32,9,23,32,9,23,21,5,16,17,3,14,11,2,9,1,0,1,0,0,0,8,7,1,3,1,2,0,0,0,6,5,1,0,4,0,0,2
533207022,0,,,176,71,105,21,10,11,155,61,94,78,34,44,154,61,93,152,60,92,77,27,50,52,16,36,25,5,20,2,0,2,0,0,0,53,52,11,9,17,6,1,6,2,41,22,19,10,41,0,10,4
533207023,0,,,128,65,63,11,5,6,117,60,57,61,35,26,115,58,57,115,58,57,56,25,31,31,13,18,11,4,7,0,0,0,0,0,0,42,42,9,9,11,3,5,4,1,33,16,17,1,35,0,6,4
533207024,0,,,53,27,26,11,7,4,42,20,22,30,15,15,41,19,22,40,18,22,12,5,7,6,3,3,5,2,3,0,0,0,0,0,0,14,14,0,4,3,3,0,4,0,14,10,4,3,6,0,0,2
533207031,0,,,299,140,159,38,17,21,261,123,138,159,77,82,252,122,130,248,121,127,102,46,56,45,18,27,20,6,14,2,0,2,0,0,0,94,94,8,30,25,14,7,5,5,86,56,30,9,62,1,4,12
533207032,0,,,36,17,19,1,0,1,35,17,18,18,9,9,33,16,17,33,16,17,17,8,9,7,3,4,1,0,1,1,0,1,0,0,0,12,12,0,5,4,1,2,0,0,12,7,5,1,10,0,0,4
533207033,0,,,34,18,16,2,0,2,30,17,13,21,13,8,29,16,13,28,15,13,9,4,5,4,2,2,1,0,1,0,0,0,0,0,0,19,19,12,2,3,1,1,0,0,6,5,1,1,5,0,2,0
533207034,0,,,51,24,27,8,3,5,43,21,22,28,15,13,42,20,22,42,20,22,15,6,9,7,2,5,3,0,3,0,0,0,0,0,0,13,13,0,3,2,3,3,2,0,13,7,6,2,9,0,0,2
533207041,0,,,20,13,7,4,4,0,16,9,7,11,7,4,16,9,7,16,9,7,5,2,3,2,0,2,2,0,2,0,0,0,0,0,0,6,6,2,1,1,0,0,1,1,4,1,3,1,3,0,0,0
533207042,0,,,283,144,139,36,20,16,247,124,123,142,69,73,239,123,116,233,120,113,105,55,50,50,23,27,12,6,6,1,0,1,1,0,1,85,85,10,24,19,11,11,4,6,75,39,36,7,65,0,3,16
533207043,0,,,22,14,8,5,5,0,17,9,8,10,6,4,17,9,8,17,9,8,7,3,4,6,3,3,3,1,2,0,0,0,0,0,0,5,5,1,1,1,0,0,1,1,4,2,2,2,5,0,1,0
533207044,0,,,61,27,34,11,5,6,50,22,28,29,13,16,47,21,26,47,21,26,21,9,12,14,6,8,5,2,3,2,1,1,0,0,0,14,14,1,3,1,3,2,1,3,13,4,9,3,12,0,1,1
533207051,1,,533207054,225,107,118,21,12,9,205,95,110,113,52,61,194,91,103,193,90,103,92,43,49,37,15,22,18,6,12,0,0,0,0,0,0,70,70,13,15,15,14,6,5,3,58,30,28,5,54,1,7,11
533207052,0,,,14,7,7,1,1,0,13,6,7,6,3,3,12,6,6,12,6,6,7,3,4,3,1,2,1,0,1,1,0,1,0,0,0,4,4,0,1,1,1,1,0,0,4,2,2,0,3,0,0,1
533207053,0,,,58,27,31,2,0,2,56,27,29,36,19,17,51,26,25,49,25,24,20,8,12,10,3,7,4,1,3,0,0,0,0,0,0,22,22,5,8,3,3,2,1,0,17,11,6,1,13,0,2,3
533207054,2,533207051,,1,0,1,*,*,*,*,*,*,*,*,*,*,*,*,*,*,*,*,*,*,*,*,*,*,*,*,*,*,*,*,*,*,1,1,*,*,*,*,*,*,*,*,*,*,*,*,*,*,*
533207061,0,,,46,22,24,3,0,3,43,22,21,24,14,10,40,21,19,37,19,18,19,8,11,7,2,5,4,1,3,0,0,0,0,0,0,13,13,1,3,4,2,1,1,1,12,6,6,1,11,0,0,1
533207063,1,,533207064,38,20,18,6,3,3,46,24,22,27,14,13,42,22,20,41,22,19,19,10,9,4,1,3,3,0,3,0,0,0,0,0,0,9,9,0,2,3,2,1,2,2,12,6,6,2,10,0,0,2
533207064,2,533207063,,14,7,7,*,*,*,*,*,*,*,*,*,*,*,*,*,*,*,*,*,*,*,*,*,*,*,*,*,*,*,*,*,*,3,3,*,*,*,*,*,*,*,*,*,*,*,*,*,*,*
533207071,1,,533207072;533207074,11,5,6,1,1,0,20,8,12,14,4,10,15,7,8,15,7,8,6,4,2,2,1,1,0,0,0,0,0,0,0,0,0,4,4,1,2,2,0,2,0,0,6,5,1,0,4,0,1,1
533207072,2,533207071,,5,3,2,*,*,*,*,*,*,*,*,*,*,*,*,*,*,*,*,*,*,*,*,*,*,*,*,*,*,*,*,*,*,1,1,*,*,*,*,*,*,*,*,*,*,*,*,*,*,*
533207074,2,533207071,,5,1,4,*,*,*,*,*,*,*,*,*,*,*,*,*,*,*,*,*,*,*,*,*,*,*,*,*,*,*,*,*,*,2,2,*,*,*,*,*,*,*,*,*,*,*,*,*,*,*
533207084,2,533207174,,5,3,2,*,*,*,*,*,*,*,*,*,*,*,*,*,*,*,*,*,*,*,*,*,*,*,*,*,*,*,*,*,*,3,3,*,*,*,*,*,*,*,*,*,*,*,*,*,*,*
533207091,2,533207172,,4,2,2,*,*,*,*,*,*,*,*,*,*,*,*,*,*,*,*,*,*,*,*,*,*,*,*,*,*,*,*,*,*,4,4,*,*,*,*,*,*,*,*,*,*,*,*,*,*,*
533207094,2,533207172,,1,1,0,*,*,*,*,*,*,*,*,*,*,*,*,*,*,*,*,*,*,*,*,*,*,*,*,*,*,*,*,*,*,1,1,*,*,*,*,*,*,*,*,*,*,*,*,*,*,*
533207101,0,,,19,11,8,4,2,2,15,9,6,8,5,3,14,8,6,14,8,6,7,4,3,1,1,0,1,1,0,0,0,0,0,0,0,5,5,0,1,2,0,1,1,0,5,3,2,1,5,0,0,0
533207103,0,,,41,20,21,1,1,0,40,19,21,12,7,5,40,19,21,40,19,21,28,12,16,11,5,6,3,0,3,1,0,1,0,0,0,15,15,2,7,2,1,3,0,0,13,9,4,0,14,0,1,6
533207104,0,,,61,31,30,7,4,3,54,27,27,30,15,15,51,26,25,48,24,24,24,12,12,8,3,5,3,0,3,0,0,0,0,0,0,17,17,3,2,5,2,2,1,2,14,5,9,2,15,0,3,2
533207111,0,,,58,32,26,5,3,2,53,29,24,27,16,11,52,28,24,51,27,24,26,13,13,19,8,11,8,2,6,0,0,0,0,0,0,18,18,3,5,2,4,2,1,1,15,7,8,1,16,0,3,2
533207112,0,,,282,133,149,22,8,14,260,125,135,145,71,74,250,117,133,245,115,130,115,54,61,52,18,34,18,4,14,5,1,4,4,2,2,98,98,21,26,22,15,6,4,4,75,51,24,5,73,2,10,17
533207113,0,,,13,6,7,0,0,0,13,6,7,2,1,1,13,6,7,13,6,7,11,5,6,7,3,4,5,2,3,0,0,0,0,0,0,6,6,1,4,0,1,0,0,0,5,4,1,0,6,0,1,2
533207114,0,,,33,14,19,4,2,2,29,12,17,17,7,10,29,12,17,29,12,17,12,5,7,6,1,5,3,1,2,0,0,0,0,0,0,9,9,1,2,1,3,1,0,1,8,4,4,2,8,0,1,1
533207121,0,,,163,79,84,26,14,12,137,65,72,106,49,57,125,56,69,118,51,67,31,16,15,14,7,7,7,3,4,0,0,0,0,0,0,63,63,18,16,14,8,4,2,1,45,39,6,6,22,1,10,3
533207122,0,,,643,320,323,69,37,32,574,283,291,298,161,137,562,276,286,559,274,285,276,122,154,155,63,92,56,19,37,6,1,5,2,0,2,225,225,51,71,37,26,21,7,12,173,112,61,19,179,1,36,34
533207123,0,,,625,279,346,113,54,59,507,222,285,307,159,148,475,204,271,463,196,267,200,63,137,145,35,110,97,17,80,21,1,20,4,0,4,166,164,38,27,31,45,18,5,0,125,108,17,25,38,8,7,8
533207124,0,,,348,177,171,61,41,20,287,136,151,182,90,92,274,132,142,267,128,139,105,46,59,50,21,29,10,3,7,3,0,3,0,0,0,108,108,21,19,27,17,11,7,6,87,57,30,20,65,4,9,13
533207131,1,,533207132,41,21,20,6,5,1,46,23,23,29,15,14,46,23,23,46,23,23,17,8,9,9,4,5,5,2,3,0,0,0,0,0,0,15,15,3,3,5,4,1,0,1,14,9,5,2,11,0,2,2
533207132,2,533207131,,11,7,4,*,*,*,*,*,*,*,*,*,*,*,*,*,*,*,*,*,*,*,*,*,*,*,*,*,*,*,*,*,*,2,2,*,*,*,*,*,*,*,*,*,*,*,*,*,*,*
533207133,1,,533207134,118,59,59,15,7,8,109,54,55,64,36,28,108,53,55,106,52,54,45,18,27,26,10,16,9,1,8,2,0,2,0,0,0,41,41,10,9,9,9,4,1,1,33,19,14,4,29,0,5,4
533207134,2,533207133,,6,2,4,*,*,*,*,*,*,*,*,*,*,*,*,*,*,*,*,*,*,*,*,*,*,*,*,*,*,*,*,*,*,2,2,*,*,*,*,*,*,*,*,*,*,*,*,*,*,*
533207141,2,533207144,,4,3,1,*,*,*,*,*,*,*,*,*,*,*,*,*,*,*,*,*,*,*,*,*,*,*,*,*,*,*,*,*,*,2,2,*,*,*,*,*,*,*,*,*,*,*,*,*,*,*
533207142,0,,,59,30,29,5,1,4,54,29,25,34,18,16,49,26,23,46,23,23,20,11,9,8,4,4,4,1,3,0,0,0,0,0,0,19,19,5,2,4,5,1,1,1,14,8,6,1,15,0,4,0
533207144,1,,533207141,20,8,12,2,2,0,22,9,13,15,7,8,20,7,13,20,7,13,7,2,5,5,1,4,3,1,2,0,0,0,0,0,0,5,5,0,4,0,1,1,0,1,7,3,4,1,7,0,0,0
533207151,0,,,46,23,23,0,0,0,46,23,23,26,15,11,43,22,21,41,20,21,20,8,12,14,4,10,6,1,5,1,0,1,0,0,0,14,14,2,4,2,2,2,2,0,12,5,7,0,13,0,1,2
533207153,0,,,47,26,21,5,3,2,42,23,19,18,10,8,42,23,19,42,23,19,24,13,11,8,3,5,3,0,3,0,0,0,0,0,0,18,18,2,9,4,2,0,0,1,16,12,4,2,14,0,0,5
533207154,0,,,47,25,22,6,3,3,41,22,19,20,10,10,41,22,19,40,22,18,21,12,9,14,7,7,2,1,1,0,0,0,0,0,0,16,16,2,7,2,3,0,1,1,14,11,3,0,13,0,2,6
533207161,2,533207162,,10,6,4,*,*,*,*,*,*,*,*,*,*,*,*,*,*,*,*,*,*,*,*,*,*,*,*,*,*,*,*,*,*,4,4,*,*,*,*,*,*,*,*,*,*,*,*,*,*,*
533207162,1,,533207161;533207164,32,18,14,2,1,1,48,28,20,29,20,9,45,26,19,44,25,19,19,8,11,10,5,5,5,3,2,2,1,1,0,0,0,9,9,6,1,3,1,2,2,1,10,3,7,0,13,0,4,0
533207163,0,,,10,5,5,0,0,0,10,5,5,3,2,1,10,5,5,10,5,5,7,3,4,2,0,2,0,0,0,0,0,0,0,0,0,5,5,2,2,0,1,0,0,0,3,3,0,0,5,0,2,1
533207164,2,533207162,,8,5,3,*,*,*,*,*,*,*,*,*,*,*,*,*,*,*,*,*,*,*,*,*,*,*,*,*,*,*,*,*,*,3,3,*,*,*,*,*,*,*,*,*,*,*,*,*,*,*
533207171,0,,,41,21,20,2,1,1,39,20,19,24,13,11,38,20,18,36,19,17,15,7,8,4,1,3,2,0,2,0,0,0,0,0,0,12,12,1,2,5,1,1,2,0,11,5,6,1,10,0,1,0
533207172,1,,533207091;533207094,21,12,9,0,0,0,26,15,11,14,9,5,26,15,11,26,15,11,12,6,6,7,2,5,4,1,3,0,0,0,0,0,0,7,7,6,2,1,2,1,0,0,6,3,3,0,9,0,4,0
533207174,1,,533207084,15,8,7,0,0,0,20,11,9,7,4,3,20,11,9,20,11,9,13,7,6,7,4,3,1,0,1,0,0,0,0,0,0,6,6,2,3,4,0,0,0,0,7,6,1,0,8,0,2,2
533207181,2,533207183,,2,2,0,*,*,*,*,*,*,*,*,*,*,*,*,*,*,*,*,*,*,*,*,*,*,*,*,*,*,*,*,*,*,2,2,*,*,*,*,*,*,*,*,*,*,*,*,*,*,*
533207183,1,,533207181,27,14,13,1,0,1,28,16,12,14,8,6,27,15,12,26,14,12,14,8,6,3,1,2,3,1,2,0,0,0,0,0,0,8,8,2,4,1,1,1,0,1,7,5,2,0,9,0,2,0
533207201,0,,,60,33,27,6,4,2,54,29,25,28,16,12,54,29,25,54,29,25,26,13,13,11,4,7,7,2,5,1,0,1,0,0,0,20,20,4,7,1,3,3,2,0,16,10,6,2,18,0,3,5
533207202,0,,,42,19,23,3,2,1,39,17,22,20,10,10,38,16,22,36,15,21,19,7,12,11,3,8,6,2,4,0,0,0,0,0,0,13,13,3,3,1,2,2,2,0,10,3,7,0,12,0,2,1
533207211,0,,,17,7,10,0,0,0,17,7,10,6,4,2,17,7,10,17,7,10,11,3,8,5,1,4,2,0,2,1,0,1,0,0,0,8,8,3,1,4,0,0,0,0,5,2,3,0,7,0,2,1
533207212,0,,,65,32,33,5,2,3,60,30,30,35,21,14,58,28,30,57,27,30,25,9,16,12,3,9,6,1,5,1,0,1,0,0,0,22,22,4,7,3,5,1,1,1,18,11,7,0,15,0,1,5
533207213,2,533207214,,3,2,1,*,*,*,*,*,*,*,*,*,*,*,*,*,*,*,*,*,*,*,*,*,*,*,*,*,*,*,*,*,*,1,1,*,*,*,*,*,*,*,*,*,*,*,*,*,*,*
533207214,1,,533207213,51,28,23,6,3,3,48,27,21,28,15,13,48,27,21,47,26,21,20,12,8,13,7,6,4,2,2,1,0,1,0,0,0,16,16,4,2,4,4,0,3,0,12,7,5,2,14,0,4,1
533207221,0,,,141,65,76,21,7,14,120,58,62,65,37,28,115,57,58,112,54,58,55,21,34,31,12,19,10,2,8,1,0,1,0,0,0,39,39,3,11,9,3,7,2,4,36,24,12,5,30,0,2,7
533207222,1,,533207224,67,31,36,15,8,7,60,28,32,42,21,21,56,26,30,53,25,28,18,7,11,8,2,6,3,0,3,0,0,0,0,0,0,21,21,3,7,1,6,5,1,0,20,14,6,2,12,0,1,3
533207223,0,,,87,36,51,8,1,7,74,32,42,50,23,27,73,31,42,73,31,42,24,9,15,6,3,3,2,1,1,0,0,0,0,0,0,44,44,17,17,6,3,0,1,0,26,25,1,3,17,1,6,5
533207224,2,533207222,,8,5,3,*,*,*,*,*,*,*,*,*,*,*,*,*,*,*,*,*,*,*,*,*,*,*,*,*,*,*,*,*,*,2,2,*,*,*,*,*,*,*,*,*,*,*,*,*,*,*
533207231,0,,,37,15,22,1,0,1,36,15,21,18,6,12,36,15,21,36,15,21,18,9,9,9,4,5,3,1,2,0,0,0,5,0,5,18,18,7,6,3,1,1,0,0,11,7,4,1,12,4,2,3
533207232,1,,533207234,56,29,27,8,7,1,49,22,27,25,14,11,49,22,27,48,21,27,24,8,16,12,3,9,8,2,6,0,0,0,0,0,0,18,18,5,3,7,1,1,0,2,14,6,8,3,14,0,3,2
533207233,0,,,34,14,20,2,1,1,32,13,19,16,8,8,32,13,19,31,13,18,16,5,11,9,2,7,5,1,4,0,0,0,0,0,0,13,13,2,5,4,1,0,1,0,11,7,4,0,10,0,2,2
533207234,2,533207232,,1,0,1,*,*,*,*,*,*,*,*,*,*,*,*,*,*,*,*,*,*,*,*,*,*,*,*,*,*,*,*,*,*,1,1,*,*,*,*,*,*,*,*,*,*,*,*,*,*,*
533207241,2,533207243,,2,1,1,*,*,*,*,*,*,*,*,*,*,*,*,*,*,*,*,*,*,*,*,*,*,*,*,*,*,*,*,*,*,1,1,*,*,*,*,*,*,*,*,*,*,*,*,*,*,*
533207243,1,,533207241,14,5,9,2,1,1,14,5,9,5,2,3,14,5,9,14,5,9,9,3,6,4,1,3,1,0,1,0,0,0,0,0,0,7,7,4,3,0,0,0,1,0,4,3,1,0,7,0,3,1
533207251,0,,,35,16,19,7,4,3,28,12,16,12,5,7,27,12,15,27,12,15,16,7,9,8,3,5,4,0,4,0,0,0,0,0,0,10,10,1,4,2,0,0,2,1,9,5,4,0,10,0,1,3
533207252,0,,,28,14,14,3,1,2,25,13,12,14,9,5,24,12,12,24,12,12,11,4,7,6,2,4,1,0,1,1,0,1,0,0,0,8,8,0,3,1,3,0,0,1,8,5,3,0,6,0,0,2
533207253,0,,,35,15,20,3,0,3,32,15,17,14,8,6,32,15,17,31,14,17,18,7,11,6,1,5,3,0,3,0,0,0,0,0,0,9,9,0,2,3,1,1,1,1,9,3,6,1,9,0,0,1
533207254,0,,,42,21,21,5,3,2,37,18,19,18,8,10,37,18,19,37,18,19,19,10,9,13,6,7,6,3,3,0,0,0,0,0,0,13,13,2,3,2,5,0,0,1,11,5,6,1,12,0,2,3
533207261,1,,533207263,54,23,31,9,2,7,50,24,26,22,10,12,49,24,25,48,24,24,28,14,14,15,6,9,10,4,6,1,0,1,0,0,0,13,13,3,2,3,3,2,1,2,13,3,10,3,16,0,3,1
533207262,0,,,10,4,6,0,0,0,10,4,6,2,1,1,10,4,6,10,4,6,8,3,5,3,1,2,1,0,1,1,0,1,0,0,0,4,4,0,2,2,0,0,0,0,4,2,2,0,4,0,0,2
533207263,2,533207261,,5,3,2,*,*,*,*,*,*,*,*,*,*,*,*,*,*,*,*,*,*,*,*,*,*,*,*,*,*,*,*,*,*,3,3,*,*,*,*,*,*,*,*,*,*,*,*,*,*,*
533207264,1,,533207271;533207272;533207273,13,8,5,1,0,1,20,10,10,12,7,5,20,10,10,20,10,10,8,3,5,4,1,3,1,0,1,0,0,0,0,0,0,6,6,2,5,3,0,0,0,0,8,8,0,1,6,0,1,1
533207271,2,533207264,,3,0,3,*,*,*,*,*,*,*,*,*,*,*,*,*,*,*,*,*,*,*,*,*,*,*,*,*,*,*,*,*,*,2,2,*,*,*,*,*,*,*,*,*,*,*,*,*,*,*
533207272,2,533207264,,3,1,2,*,*,*,*,*,*,*,*,*,*,*,*,*,*,*,*,*,*,*,*,*,*,*,*,*,*,*,*,*,*,1,1,*,*,*,*,*,*,*,*,*,*,*,*,*,*,*
533207273,2,533207264,,2,1,1,*,*,*,*,*,*,*,*,*,*,*,*,*,*,*,*,*,*,*,*,*,*,*,*,*,*,*,*,*,*,1,1,*,*,*,*,*,*,*,*,*,*,*,*,*,*,*
533207281,0,,,39,19,20,2,1,1,37,18,19,13,6,7,37,18,19,37,18,19,24,12,12,13,5,8,10,3,7,2,1,1,0,0,0,12,12,1,5,1,2,1,2,0,11,5,6,0,12,0,1,3
533207302,1,,533207304,6,3,3,1,1,0,12,6,6,5,2,3,12,6,6,12,6,6,7,4,3,2,1,1,1,0,1,0,0,0,0,0,0,2,2,0,1,2,0,1,0,0,4,2,2,1,4,0,0,1
533207304,2,533207302,,7,4,3,*,*,*,*,*,*,*,*,*,*,*,*,*,*,*,*,*,*,*,*,*,*,*,*,*,*,*,*,*,*,2,2,*,*,*,*,*,*,*,*,*,*,*,*,*,*,*
533207311,2,533207313,,17,10,7,*,*,*,*,*,*,*,*,*,*,*,*,*,*,*,*,*,*,*,*,*,*,*,*,*,*,*,*,*,*,3,3,*,*,*,*,*,*,*,*,*,*,*,*,*,*,*
533207312,2,533207314,,3,1,2,*,*,*,*,*,*,*,*,*,*,*,*,*,*,*,*,*,*,*,*,*,*,*,*,*,*,*,*,*,*,2,2,*,*,*,*,*,*,*,*,*,*,*,*,*,*,*
533207313,1,,533207311,25,14,11,4,1,3,38,23,15,23,14,9,35,20,15,33,18,15,15,9,6,7,4,3,3,2,1,0,0,0,0,0,0,9,9,2,2,3,3,0,1,1,9,6,3,2,9,0,2,1
533207314,1,,533207312,61,31,30,4,3,1,60,29,31,33,17,16,59,29,30,59,29,30,27,12,15,11,3,8,8,2,6,0,0,0,0,0,0,21,21,6,4,9,0,3,0,1,17,9,8,1,17,0,4,2
533207321,0,,,91,41,50,7,1,6,84,40,44,43,23,20,79,38,41,78,37,41,41,17,24,22,10,12,7,0,7,1,0,1,0,0,0,33,33,9,10,5,2,5,1,1,24,15,9,3,27,0,8,6
533207322,0,,,37,18,19,3,0,3,34,18,16,18,10,8,34,18,16,34,18,16,16,8,8,10,5,5,5,3,2,0,0,0,0,0,0,14,14,3,5,2,2,2,0,0,11,6,5,2,9,0,1,3
533207323,0,,,34,14,20,3,1,2,31,13,18,20,8,12,30,13,17,26,12,14,11,5,6,5,2,3,1,1,0,0,0,0,0,0,0,7,7,0,1,0,1,2,3,0,7,2,5,1,6,0,0,0
533207324,0,,,65,33,32,2,0,2,63,33,30,32,16,16,62,32,30,61,32,29,31,17,14,17,9,8,6,2,4,0,0,0,0,0,0,22,22,3,3,10,4,2,0,0,19,12,7,1,19,0,2,2
533207331,2,533207332,,10,4,6,*,*,*,*,*,*,*,*,*,*,*,*,*,*,*,*,*,*,*,*,*,*,*,*,*,*,*,*,*,*,2,2,*,*,*,*,*,*,*,*,*,*,*,*,*,*,*
533207332,1,,533207331,28,12,16,4,1,3,34,15,19,15,9,6,34,15,19,34,15,19,19,6,13,11,5,6,5,3,2,1,1,0,1,1,0,9,9,2,3,0,2,2,2,0,9,3,6,0,11,0,2,3
533207341,0,,,15,9,6,1,1,0,14,8,6,9,6,3,14,8,6,14,8,6,5,2,3,3,2,1,2,1,1,1,1,0,0,0,0,4,4,0,2,1,0,0,0,1,4,3,1,1,3,0,0,0
533207343,0,,,14,7,7,0,0,0,14,7,7,6,3,3,14,7,7,14,7,7,8,4,4,3,1,2,1,0,1,0,0,0,0,0,0,6,6,1,2,3,0,0,0,0,5,3,2,0,5,0,1,1
533207351,0,,,29,13,16,0,0,0,29,13,16,12,7,5,28,12,16,28,12,16,17,6,11,9,2,7,4,0,4,1,0,1,0,0,0,8,8,1,1,2,1,2,1,0,7,2,5,0,8,0,1,1
533207352,0,,,39,19,20,8,4,4,31,15,16,18,10,8,30,14,16,30,14,16,13,5,8,4,1,3,3,0,3,0,0,0,0,0,0,8,8,0,0,1,3,1,2,1,8,2,6,2,8,0,0,0
533207353,0,,,51,27,24,7,4,3,44,23,21,23,15,8,42,21,21,39,18,21,21,8,13,14,4,10,4,0,4,2,0,2,0,0,0,13,13,1,4,1,2,1,3,1,12,5,7,1,12,0,0,3
533207354,0,,,25,12,13,3,1,2,22,11,11,12,5,7,22,11,11,22,11,11,10,6,4,5,3,2,2,2,0,0,0,0,0,0,0,8,8,2,0,2,3,1,0,0,6,3,3,0,7,0,2,0
533207361,0,,,33,15,18,5,1,4,28,14,14,20,10,10,27,13,14,26,13,13,8,4,4,5,3,2,2,1,1,0,0,0,0,0,0,8,8,2,0,2,0,1,1,2,6,3,3,2,4,0,0,0
533207371,2,533207372,,8,3,5,*,*,*,*,*,*,*,*,*,*,*,*,*,*,*,*,*,*,*,*,*,*,*,*,*,*,*,*,*,*,4,4,*,*,*,*,*,*,*,*,*,*,*,*,*,*,*
533207372,1,,533207371,5,3,2,0,0,0,13,6,7,7,2,5,13,6,7,12,5,7,6,4,2,0,0,0,0,0,0,0,0,0,0,0,0,3,3,3,2,2,0,0,0,0,4,3,1,0,6,0,3,0
533207374,0,,,14,6,8,0,0,0,14,6,8,9,3,6,14,6,8,14,6,8,5,3,2,3,2,1,0,0,0,0,0,0,0,0,0,4,4,1,0,1,1,0,1,0,3,1,2,0,3,0,0,0
533207382,0,,,17,8,9,0,0,0,17,8,9,10,6,4,17,8,9,17,8,9,7,2,5,5,1,4,1,0,1,0,0,0,0,0,0,7,7,1,3,2,1,0,0,0,6,4,2,0,5,0,0,2
533207383,0,,,14,8,6,1,1,0,13,7,6,3,2,1,13,7,6,13,7,6,10,5,5,5,2,3,2,1,1,0,0,0,0,0,0,5,5,1,2,1,0,0,1,0,4,3,1,0,5,0,1,2
533207384,1,,533207393,20,10,10,3,3,0,27,14,13,8,5,3,27,14,13,27,14,13,19,9,10,9,3,6,4,1,3,0,0,0,0,0,0,9,9,2,3,5,0,0,0,1,9,7,2,0,11,0,2,1
533207393,2,533207384,,10,7,3,*,*,*,*,*,*,*,*,*,*,*,*,*,*,*,*,*,*,*,*,*,*,*,*,*,*,*,*,*,*,2,2,*,*,*,*,*,*,*,*,*,*,*,*,*,*,*
533207401,2,533207403,,10,5,5,*,*,*,*,*,*,*,*,*,*,*,*,*,*,*,*,*,*,*,*,*,*,*,*,*,*,*,*,*,*,2,2,*,*,*,*,*,*,*,*,*,*,*,*,*,*,*
533207403,1,,533207401,17,8,9,1,1,0,26,12,14,15,6,9,25,11,14,24,11,13,11,6,5,6,3,3,1,1,0,0,0,0,0,0,0,4,4,0,0,1,3,0,2,0,6,2,4,1,6,0,0,0
533207404,0,,,28,17,11,4,3,1,24,14,10,13,8,5,23,13,10,23,13,10,11,6,5,4,2,2,1,0,1,0,0,0,0,0,0,7,7,1,1,1,2,0,1,1,6,3,3,1,6,0,1,1
533207412,0,,,148,74,74,19,9,10,129,65,64,91,47,44,125,63,62,123,62,61,38,18,20,18,9,9,5,3,2,0,0,0,1,0,1,54,54,12,13,14,9,4,2,0,42,33,9,7,26,0,7,6
533207413,0,,,21,10,11,0,0,0,21,10,11,7,3,4,21,10,11,21,10,11,14,7,7,7,3,4,4,1,3,1,0,1,0,0,0,8,8,2,1,4,0,1,0,0,6,4,2,0,7,0,1,0
533207421,0,,,174,84,90,27,14,13,147,70,77,82,37,45,143,68,75,139,67,72,65,33,32,27,11,16,10,3,7,1,1,0,3,1,2,59,59,5,26,10,9,5,2,2,54,46,8,3,38,0,3,17
533207423,0,,,49,23,26,8,2,6,40,20,20,31,16,15,39,19,20,38,19,19,9,4,5,6,2,4,1,0,1,0,0,0,0,0,0,22,22,9,5,4,3,0,1,0,13,13,0,2,6,1,2,0
533207451,0,,,12,7,5,0,0,0,12,7,5,6,4,2,12,7,5,12,7,5,6,3,3,5,3,2,2,2,0,0,0,0,0,0,0,4,4,0,0,4,0,0,0,0,4,3,1,0,4,0,0,0
533207474,2,533207481,,1,1,0,*,*,*,*,*,*,*,*,*,*,*,*,*,*,*,*,*,*,*,*,*,*,*,*,*,*,*,*,*,*,1,1,*,*,*,*,*,*,*,*,*,*,*,*,*,*,*
533207481,1,,533207474;533207482;533207483,10,5,5,0,0,0,16,9,7,11,6,5,16,9,7,15,9,6,5,3,2,2,1,1,2,1,1,0,0,0,0,0,0,3,3,3,1,2,0,1,0,0,4,2,2,0,5,0,3,0
533207482,2,533207481,,1,0,1,*,*,*,*,*,*,*,*,*,*,*,*,*,*,*,*,*,*,*,*,*,*,*,*,*,*,*,*,*,*,1,1,*,*,*,*,*,*,*,*,*,*,*,*,*,*,*
533207483,2,533207481,,4,3,1,*,*,*,*,*,*,*,*,*,*,*,*,*,*,*,*,*,*,*,*,*,*,*,*,*,*,*,*,*,*,2,2,*,*,*,*,*,*,*,*,*,*,*,*,*,*,*
533207491,2,533207492,,6,4,2,*,*,*,*,*,*,*,*,*,*,*,*,*,*,*,*,*,*,*,*,*,*,*,*,*,*,*,*,*,*,2,2,*,*,*,*,*,*,*,*,*,*,*,*,*,*,*
533207492,1,,533207491;533207493,12,5,7,0,0,0,22,12,10,6,3,3,22,12,10,22,12,10,16,9,7,10,5,5,6,3,3,1,0,1,0,0,0,5,5,1,2,3,2,0,0,0,7,2,5,0,8,0,1,2
533207493,2,533207492,,4,3,1,*,*,*,*,*,*,*,*,*,*,*,*,*,*,*,*,*,*,*,*,*,*,*,*,*,*,*,*,*,*,1,1,*,*,*,*,*,*,*,*,*,*,*,*,*,*,*
533207494,0,,,12,6,6,0,0,0,12,6,6,5,4,1,12,6,6,12,6,6,7,2,5,7,2,5,1,0,1,0,0,0,0,0,0,5,5,0,3,2,0,0,0,0,5,4,1,0,5,0,0,2
533207501,2,533207503,,5,3,2,*,*,*,*,*,*,*,*,*,*,*,*,*,*,*,*,*,*,*,*,*,*,*,*,*,*,*,*,*,*,3,3,*,*,*,*,*,*,*,*,*,*,*,*,*,*,*
533207502,2,533207503,,2,1,1,*,*,*,*,*,*,*,*,*,*,*,*,*,*,*,*,*,*,*,*,*,*,*,*,*,*,*,*,*,*,1,1,*,*,*,*,*,*,*,*,*,*,*,*,*,*,*
533207503,1,,533207501;533207502,54,10,44,2,0,2,59,14,45,7,3,4,59,14,45,59,14,45,52,11,41,49,9,40,40,7,33,11,0,11,0,0,0,4,3,2,3,1,0,1,0,0,5,4,1,1,5,0,2,2
533207511,1,,533207513,64,32,32,5,2,3,63,32,31,32,18,14,62,32,30,62,32,30,31,14,17,14,4,10,10,3,7,0,0,0,0,0,0,23,23,6,7,6,4,0,0,2,19,12,7,2,18,0,4,4
533207512,2,533207514,,8,4,4,*,*,*,*,*,*,*,*,*,*,*,*,*,*,*,*,*,*,*,*,*,*,*,*,*,*,*,*,*,*,3,3,*,*,*,*,*,*,*,*,*,*,*,*,*,*,*
533207513,2,533207511,,4,2,2,*,*,*,*,*,*,*,*,*,*,*,*,*,*,*,*,*,*,*,*,*,*,*,*,*,*,*,*,*,*,2,2,*,*,*,*,*,*,*,*,*,*,*,*,*,*,*
533207514,1,,533207512,11,5,6,4,2,2,15,7,8,11,5,6,15,7,8,14,6,8,4,2,2,3,1,2,2,1,1,0,0,0,0,0,0,5,5,4,0,1,3,0,0,0,4,3,1,2,4,0,3,0
533207521,2,533207522,,1,0,1,*,*,*,*,*,*,*,*,*,*,*,*,*,*,*,*,*,*,*,*,*,*,*,*,*,*,*,*,*,*,1,1,*,*,*,*,*,*,*,*,*,*,*,*,*,*,*
533207522,1,,533207521;533207523;533207524,18,8,10,2,1,1,46,23,23,26,14,12,46,23,23,45,22,23,20,9,11,12,6,6,3,0,3,0,0,0,0,0,0,4,4,2,3,2,2,1,1,2,11,6,5,1,13,0,2,2
533207523,2,533207522,,8,5,3,*,*,*,*,*,*,*,*,*,*,*,*,*,*,*,*,*,*,*,*,*,*,*,*,*,*,*,*,*,*,4,4,*,*,*,*,*,*,*,*,*,*,*,*,*,*,*
533207524,2,533207522,,21,11,10,*,*,*,*,*,*,*,*,*,*,*,*,*,*,*,*,*,*,*,*,*,*,*,*,*,*,*,*,*,*,4,4,*,*,*,*,*,*,*,*,*,*,*,*,*,*,*
533207531,0,,,18,8,10,3,2,1,15,6,9,3,1,2,15,6,9,15,6,9,12,5,7,3,2,1,1,0,1,1,0,1,0,0,0,6,6,1,3,1,0,0,0,1,4,2,2,1,6,0,1,2
533207532,1,,533207534,70,33,37,11,7,4,70,30,40,36,15,21,68,30,38,67,29,38,34,15,19,23,10,13,11,4,7,0,0,0,0,0,0,18,18,0,8,2,4,3,3,1,21,11,10,3,20,0,0,6
533207533,0,,,39,19,20,0,0,0,39,19,20,20,10,10,37,18,19,35,18,17,19,9,10,10,5,5,4,2,2,0,0,0,0,0,0,11,11,2,1,4,0,2,1,1,9,3,6,0,10,0,1,1
533207534,2,533207532,,11,4,7,*,*,*,*,*,*,*,*,*,*,*,*,*,*,*,*,*,*,*,*,*,*,*,*,*,*,*,*,*,*,3,3,*,*,*,*,*,*,*,*,*,*,*,*,*,*,*
533207541,1,,533207542;533207543,11,4,7,5,1,4,19,7,12,14,6,8,19,7,12,18,7,11,5,1,4,2,0,2,2,0,2,0,0,0,0,0,0,4,4,1,2,2,2,1,0,0,7,5,2,1,3,0,1,0
533207542,2,533207541,,8,3,5,*,*,*,*,*,*,*,*,*,*,*,*,*,*,*,*,*,*,*,*,*,*,*,*,*,*,*,*,*,*,3,3,*,*,*,*,*,*,*,*,*,*,*,*,*,*,*
533207543,2,533207541,,5,1,4,*,*,*,*,*,*,*,*,*,*,*,*,*,*,*,*,*,*,*,*,*,*,*,*,*,*,*,*,*,*,1,1,*,*,*,*,*,*,*,*,*,*,*,*,*,*,*
533207554,2,533207652,,2,2,0,*,*,*,*,*,*,*,*,*,*,*,*,*,*,*,*,*,*,*,*,*,*,*,*,*,*,*,*,*,*,1,1,*,*,*,*,*,*,*,*,*,*,*,*,*,*,*
533207564,0,,,14,6,8,2,1,1,12,5,7,9,3,6,11,5,6,11,5,6,3,2,1,1,1,0,1,1,0,0,0,0,0,0,0,5,5,2,1,0,1,0,1,0,3,2,1,0,3,0,1,1
533207571,2,533207573,,3,1,2,*,*,*,*,*,*,*,*,*,*,*,*,*,*,*,*,*,*,*,*,*,*,*,*,*,*,*,*,*,*,2,2,*,*,*,*,*,*,*,*,*,*,*,*,*,*,*
533207572,2,533207573,,4,2,2,*,*,*,*,*,*,*,*,*,*,*,*,*,*,*,*,*,*,*,*,*,*,*,*,*,*,*,*,*,*,1,1,*,*,*,*,*,*,*,*,*,*,*,*,*,*,*
533207573,1,,533207571;533207572,18,11,7,0,0,0,25,14,11,14,9,5,25,14,11,25,14,11,11,5,6,5,1,4,1,0,1,0,0,0,0,0,0,6,6,3,1,2,2,0,1,0,6,3,3,0,8,0,2,1
533207581,1,,533207583,32,14,18,0,0,0,39,18,21,18,9,9,37,17,20,36,17,19,21,9,12,12,5,7,4,1,3,0,0,0,0,0,0,11,11,2,3,4,2,1,1,0,11,6,5,0,11,0,1,2
533207582,1,,533207584,24,12,12,0,0,0,29,14,15,12,7,5,29,14,15,29,14,15,17,7,10,12,5,7,7,3,4,0,0,0,0,0,0,7,7,0,2,5,1,0,1,0,9,4,5,0,9,0,0,2
533207583,2,533207581,,7,4,3,*,*,*,*,*,*,*,*,*,*,*,*,*,*,*,*,*,*,*,*,*,*,*,*,*,*,*,*,*,*,2,2,*,*,*,*,*,*,*,*,*,*,*,*,*,*,*
533207584,2,533207582,,5,2,3,*,*,*,*,*,*,*,*,*,*,*,*,*,*,*,*,*,*,*,*,*,*,*,*,*,*,*,*,*,*,2,2,*,*,*,*,*,*,*,*,*,*,*,*,*,*,*
533207591,0,,,10,4,6,1,0,1,9,4,5,3,2,1,8,3,5,8,3,5,6,2,4,3,1,2,3,1,2,0,0,0,0,0,0,5,5,2,2,0,1,0,0,0,3,2,1,0,5,0,2,1
533207593,1,,533207594,47,25,22,3,1,2,51,29,22,26,15,11,48,26,22,46,24,22,25,14,11,13,6,7,8,3,5,0,0,0,0,0,0,18,18,6,6,4,0,2,1,1,14,11,3,0,17,0,6,4
533207594,2,533207593,,7,5,2,*,*,*,*,*,*,*,*,*,*,*,*,*,*,*,*,*,*,*,*,*,*,*,*,*,*,*,*,*,*,2,2,*,*,*,*,*,*,*,*,*,*,*,*,*,*,*
533207603,0,,,89,44,45,12,7,5,77,37,40,37,18,19,74,35,39,74,35,39,40,19,21,29,15,14,7,4,3,1,1,0,0,0,0,21,20,2,1,6,4,4,1,2,18,5,13,4,18,0,2,1
533207612,1,,533207613,5,4,1,3,2,1,11,7,4,8,5,3,8,4,4,8,4,4,3,2,1,1,1,0,0,0,0,0,0,0,0,0,0,2,2,1,0,1,1,0,1,0,3,2,1,1,2,0,1,0
533207613,2,533207612,,9,5,4,*,*,*,*,*,*,*,*,*,*,*,*,*,*,*,*,*,*,*,*,*,*,*,*,*,*,*,*,*,*,2,2,*,*,*,*,*,*,*,*,*,*,*,*,*,*,*
533207621,0,,,74,38,36,7,5,2,67,33,34,33,20,13,66,32,34,66,32,34,34,13,21,14,3,11,5,0,5,0,0,0,0,0,0,23,23,1,7,8,5,0,0,2,22,11,11,3,20,0,0,5
533207622,0,,,86,39,47,4,2,2,82,37,45,45,24,21,80,36,44,77,35,42,37,13,24,20,5,15,8,0,8,0,0,0,0,0,0,28,28,4,8,4,7,4,1,0,24,9,15,1,25,0,3,3
533207623,0,,,23,15,8,5,4,1,18,11,7,10,6,4,18,11,7,18,11,7,8,5,3,4,3,1,3,2,1,0,0,0,0,0,0,9,9,2,2,3,2,0,0,0,7,7,0,1,5,0,1,2
533207624,0,,,146,71,75,21,11,10,125,60,65,75,38,37,120,59,61,120,59,61,50,22,28,28,10,18,10,5,5,2,0,2,1,0,1,42,42,4,8,11,9,6,1,3,38,21,17,4,34,1,3,3
533207631,1,,533207633,26,9,17,5,1,4,25,10,15,25,10,15,24,9,15,24,9,15,0,0,0,0,0,0,0,0,0,0,0,0,0,0,0,11,11,3,6,5,0,0,0,0,11,11,0,4,0,1,0,0
533207633,2,533207631,,4,2,2,*,*,*,*,*,*,*,*,*,*,*,*,*,*,*,*,*,*,*,*,*,*,*,*,*,*,*,*,*,*,3,3,*,*,*,*,*,*,*,*,*,*,*,*,*,*,*
533207652,1,,533207554,21,13,8,5,4,1,18,11,7,9,4,5,18,11,7,18,11,7,9,7,2,4,4,0,2,2,0,0,0,0,0,0,0,6,6,1,4,0,1,0,0,1,6,3,3,1,6,0,1,1
533207661,1,,533207663;533207664,113,57,56,6,4,2,126,63,63,76,40,36,120,60,60,118,60,58,50,23,27,35,15,20,16,8,8,0,0,0,0,0,0,33,33,3,8,9,7,5,3,2,34,16,18,1,30,0,1,7
533207663,2,533207661,,14,8,6,*,*,*,*,*,*,*,*,*,*,*,*,*,*,*,*,*,*,*,*,*,*,*,*,*,*,*,*,*,*,3,3,*,*,*,*,*,*,*,*,*,*,*,*,*,*,*
533207664,2,533207661,,5,2,3,*,*,*,*,*,*,*,*,*,*,*,*,*,*,*,*,*,*,*,*,*,*,*,*,*,*,*,*,*,*,1,1,*,*,*,*,*,*,*,*,*,*,*,*,*,*,*
533207682,2,533207693,,2,0,2,*,*,*,*,*,*,*,*,*,*,*,*,*,*,*,*,*,*,*,*,*,*,*,*,*,*,*,*,*,*,1,1,*,*,*,*,*,*,*,*,*,*,*,*,*,*,*
533207684,2,533207693,,5,2,3,*,*,*,*,*,*,*,*,*,*,*,*,*,*,*,*,*,*,*,*,*,*,*,*,*,*,*,*,*,*,2,2,*,*,*,*,*,*,*,*,*,*,*,*,*,*,*
533207691,0,,,36,18,18,4,3,1,32,15,17,19,10,9,29,15,14,28,14,14,13,5,8,9,3,6,3,0,3,1,0,1,0,0,0,9,9,1,1,3,1,1,0,2,8,2,6,0,8,0,0,0
533207693,1,,533207682;533207684,48,25,23,1,1,0,54,26,28,28,16,12,50,23,27,49,22,27,26,10,16,19,7,12,9,2,7,1,0,1,0,0,0,15,15,4,3,5,3,1,1,1,14,8,6,1,14,0,2,1
533207701,0,,,66,33,33,7,3,4,59,30,29,26,14,12,58,29,29,58,29,29,33,16,17,17,10,7,4,2,2,0,0,0,0,0,0,22,22,4,7,2,4,4,1,0,18,11,7,2,20,0,3,7
533207702,0,,,17,6,11,2,0,2,15,6,9,9,4,5,15,6,9,15,6,9,6,2,4,3,1,2,1,0,1,0,0,0,0,0,0,5,5,0,1,2,1,1,0,0,5,3,2,1,5,0,0,0
533207703,0,,,76,36,40,6,2,4,70,34,36,28,14,14,69,33,36,67,33,34,42,20,22,32,17,15,19,9,10,1,1,0,0,0,0,16,14,4,3,1,3,2,1,0,9,6,3,2,10,0,3,2
533207704,0,,,397,188,209,43,25,18,351,161,190,207,93,114,341,158,183,335,157,178,144,68,76,73,30,43,19,5,14,1,0,1,6,4,2,150,150,29,57,23,29,8,2,2,119,92,27,16,99,0,19,24
533207711,0,,,44,21,23,11,5,6,32,15,17,30,14,16,29,15,14,29,15,14,2,1,1,0,0,0,0,0,0,0,0,0,0,0,0,16,16,4,5,2,2,2,1,0,12,11,1,5,1,1,0,0
533207712,0,,,13,6,7,1,1,0,12,5,7,8,3,5,11,5,6,10,5,5,4,2,2,4,2,2,0,0,0,0,0,0,0,0,0,4,4,1,1,0,1,0,1,0,3,2,1,0,2,0,0,1
533207713,0,,,214,104,110,25,9,16,186,94,92,100,55,45,186,94,92,183,93,90,86,39,47,50,22,28,14,5,9,1,0,1,3,2,1,66,66,8,24,12,6,5,7,4,57,34,23,9,49,1,4,13
533207714,0,,,208,91,117,23,11,12,185,80,105,106,52,54,179,78,101,172,73,99,79,28,51,55,18,37,37,10,27,6,0,6,1,0,1,55,53,4,14,13,11,6,4,1,49,34,15,6,28,0,1,4
533207721,0,,,149,73,76,15,6,9,134,67,67,57,31,26,131,64,67,127,62,65,77,36,41,37,20,17,13,5,8,1,0,1,0,0,0,48,48,7,17,11,3,3,3,4,41,28,13,3,40,0,4,14
533207722,0,,,27,9,18,5,0,5,22,9,13,12,5,7,22,9,13,22,9,13,10,4,6,4,2,2,1,1,0,0,0,0,0,0,0,9,9,2,1,2,3,1,0,0,7,4,3,1,6,0,1,0
533207723,0,,,196,99,97,24,12,12,171,86,85,98,55,43,167,85,82,163,84,79,73,31,42,40,18,22,14,6,8,2,1,1,1,1,0,70,70,15,23,12,12,2,3,3,55,41,14,3,45,3,6,12
533207724,0,,,161,74,87,11,7,4,150,67,83,86,43,43,148,67,81,142,65,77,64,24,40,35,12,23,9,1,8,0,0,0,0,0,0,56,56,8,20,14,6,3,3,2,48,32,16,4,39,0,4,7
533207733,0,,,32,14,18,4,0,4,28,14,14,20,11,9,28,14,14,27,14,13,8,3,5,5,1,4,1,0,1,0,0,0,0,0,0,9,9,0,0,5,3,1,0,0,9,7,2,0,5,0,0,0
533207741,2,533207743,,6,3,3,*,*,*,*,*,*,*,*,*,*,*,*,*,*,*,*,*,*,*,*,*,*,*,*,*,*,*,*,*,*,2,2,*,*,*,*,*,*,*,*,*,*,*,*,*,*,*
533207742,2,533207743,,14,8,6,*,*,*,*,*,*,*,*,*,*,*,*,*,*,*,*,*,*,*,*,*,*,*,*,*,*,*,*,*,*,3,3,*,*,*,*,*,*,*,*,*,*,*,*,*,*,*
533207743,1,,533207741;533207742,75,40,35,6,5,1,89,46,43,52,28,24,88,45,43,87,44,43,37,18,19,15,5,10,8,1,7,2,0,2,0,0,0,25,25,4,8,8,4,3,1,2,26,16,10,3,25,0,4,5
533207744,0,,,34,19,15,0,0,0,34,19,15,16,11,5,32,18,14,32,18,14,18,8,10,6,1,5,3,0,3,0,0,0,0,0,0,14,14,5,5,1,0,2,1,0,9,5,4,0,12,0,4,1
533207751,2,533207752,,7,4,3,*,*,*,*,*,*,*,*,*,*,*,*,*,*,*,*,*,*,*,*,*,*,*,*,*,*,*,*,*,*,3,3,*,*,*,*,*,*,*,*,*,*,*,*,*,*,*
533207752,1,,533207751,42,19,23,9,5,4,40,18,22,21,10,11,39,18,21,39,18,21,19,8,11,8,2,6,3,0,3,0,0,0,0,0,0,11,11,0,6,2,1,3,2,0,14,8,6,1,12,0,0,3
533207753,0,,,42,19,23,4,2,2,38,17,21,20,10,10,37,17,20,36,17,19,18,7,11,10,2,8,6,1,5,0,0,0,0,0,0,12,12,1,4,1,3,1,1,1,11,4,7,1,11,0,1,1
533207754,0,,,24,11,13,0,0,0,24,11,13,10,4,6,24,11,13,23,11,12,14,7,7,8,3,5,2,1,1,1,0,1,0,0,0,7,7,1,1,2,1,1,1,0,6,3,3,0,7,0,1,1
533207761,1,,533207762;533207763,28,17,11,11,9,2,35,24,11,23,18,5,32,21,11,32,21,11,12,6,6,9,4,5,3,1,2,0,0,0,5,5,0,12,12,7,5,1,3,0,0,0,9,6,3,0,7,0,1,2
533207762,2,533207761,,1,1,0,*,*,*,*,*,*,*,*,*,*,*,*,*,*,*,*,*,*,*,*,*,*,*,*,*,*,*,*,*,*,1,1,*,*,*,*,*,*,*,*,*,*,*,*,*,*,*
533207763,2,533207761,,17,15,2,*,*,*,*,*,*,*,*,*,*,*,*,*,*,*,*,*,*,*,*,*,*,*,*,*,*,*,*,*,*,6,3,*,*,*,*,*,*,*,*,*,*,*,*,*,*,*
533207764,0,,,32,14,18,2,2,0,30,12,18,15,8,7,30,12,18,30,12,18,15,4,11,4,1,3,2,0,2,0,0,0,0,0,0,11,11,3,3,1,2,1,0,1,8,5,3,0,9,0,2,1
533207781,0,,,15,9,6,3,2,1,12,7,5,3,2,1,12,7,5,12,7,5,9,5,4,2,1,1,2,1,1,0,0,0,0,0,0,4,4,0,1,2,0,0,0,1,4,2,2,1,4,0,0,0
533207782,0,,,35,15,20,3,1,2,32,14,18,19,8,11,32,14,18,32,14,18,13,6,7,10,4,6,1,0,1,0,0,0,0,0,0,9,9,1,1,1,3,2,0,1,8,2,6,0,7,0,0,0
533207783,0,,,12,5,7,0,0,0,12,5,7,6,3,3,12,5,7,12,5,7,6,2,4,4,1,3,1,0,1,0,0,0,0,0,0,4,4,0,2,1,0,1,0,0,4,2,2,0,3,0,0,0
533207784,0,,,45,24,21,4,2,2,41,22,19,23,13,10,41,22,19,41,22,19,18,9,9,9,3,6,2,1,1,0,0,0,0,0,0,16,16,5,2,3,4,1,1,0,10,5,5,1,12,0,4,1
533207791,2,533207793,,3,1,2,*,*,*,*,*,*,*,*,*,*,*,*,*,*,*,*,*,*,*,*,*,*,*,*,*,*,*,*,*,*,2,2,*,*,*,*,*,*,*,*,*,*,*,*,*,*,*
533207793,1,,533207791,16,6,10,1,1,0,18,6,12,5,1,4,17,6,11,17,6,11,13,5,8,3,0,3,2,0,2,1,0,1,0,0,0,7,7,2,4,3,0,0,0,0,7,5,2,0,7,0,1,3
533207794,1,,533207892,65,28,37,3,2,1,68,27,41,34,14,20,68,27,41,68,27,41,34,13,21,14,3,11,8,3,5,0,0,0,0,0,0,23,23,6,9,3,7,2,0,0,20,11,9,1,24,0,6,6
533207803,0,,,98,50,48,18,7,11,80,43,37,55,31,24,77,41,36,76,40,36,25,12,13,6,2,4,2,2,0,0,0,0,0,0,0,28,28,3,8,6,4,3,1,3,25,18,7,5,17,0,2,5
533207804,0,,,57,31,26,3,1,2,54,30,24,37,22,15,53,29,24,53,29,24,17,8,9,11,4,7,6,2,4,1,0,1,0,0,0,16,16,2,3,1,7,0,3,0,14,7,7,1,12,0,1,0
533207811,1,,533207813,95,52,43,26,18,8,80,41,39,61,33,28,74,37,37,73,37,36,19,8,11,6,2,4,2,0,2,0,0,0,0,0,0,30,30,1,11,5,12,4,0,0,32,30,2,8,10,0,1,4
533207812,1,,533207814,269,128,141,31,15,16,241,114,127,180,87,93,224,103,121,213,98,115,61,27,34,21,7,14,7,2,5,1,0,1,0,0,0,88,88,6,32,22,15,9,4,1,83,71,12,5,38,0,6,12
533207813,2,533207811,,11,7,4,*,*,*,*,*,*,*,*,*,*,*,*,*,*,*,*,*,*,*,*,*,*,*,*,*,*,*,*,*,*,3,3,*,*,*,*,*,*,*,*,*,*,*,*,*,*,*
533207814,2,533207812,,3,1,2,*,*,*,*,*,*,*,*,*,*,*,*,*,*,*,*,*,*,*,*,*,*,*,*,*,*,*,*,*,*,1,1,*,*,*,*,*,*,*,*,*,*,*,*,*,*,*
533207821,0,,,281,130,151,39,22,17,240,107,133,155,70,85,226,101,125,223,100,123,85,37,48,52,24,28,17,7,10,1,0,1,0,0,0,98,98,21,26,22,17,3,6,3,76,54,22,15,55,2,10,11
533207822,0,,,199,94,105,25,8,17,173,85,88,107,55,52,168,83,85,160,79,81,66,30,36,34,16,18,9,2,7,2,1,1,1,1,0,77,77,18,25,20,7,2,2,3,59,48,11,6,44,4,9,7
533207823,0,,,501,227,274,48,22,26,453,205,248,248,120,128,441,200,241,436,199,237,205,85,120,115,40,75,47,13,34,4,1,3,3,2,1,194,194,53,60,41,18,7,10,5,137,100,37,13,138,7,34,25
533207824,0,,,521,244,277,66,32,34,453,211,242,272,136,136,446,208,238,442,205,237,181,75,106,98,35,63,43,14,29,3,1,2,2,1,1,195,195,39,68,44,24,10,4,6,154,114,40,32,111,3,18,26
533207831,0,,,11,6,5,2,1,1,9,5,4,2,1,1,9,5,4,9,5,4,7,4,3,2,1,1,2,1,1,0,0,0,0,0,0,5,5,1,3,0,1,0,0,0,4,4,0,0,4,0,1,2
533207833,0,,,21,12,9,6,4,2,15,8,7,11,6,5,15,8,7,15,8,7,4,2,2,1,1,0,0,0,0,0,0,0,0,0,0,6,6,0,2,0,3,1,0,0,6,5,1,3,2,0,0,1
533207834,0,,,29,13,16,0,0,0,29,13,16,17,7,10,28,13,15,27,13,14,12,6,6,7,3,4,2,0,2,0,0,0,0,0,0,11,11,1,5,4,0,0,1,0,10,9,1,0,8,0,0,1
533207841,0,,,16,8,8,0,0,0,16,8,8,11,5,6,15,7,8,14,6,8,5,3,2,1,1,0,0,0,0,0,0,0,0,0,0,6,6,0,4,1,0,1,0,0,6,5,1,0,4,0,0,2
533207842,0,,,51,24,27,5,4,1,46,20,26,28,13,15,45,19,26,44,18,26,18,7,11,11,4,7,5,2,3,0,0,0,0,0,0,16,16,1,6,3,2,3,1,0,15,8,7,1,13,0,1,2
533207843,0,,,13,8,5,1,1,0,12,7,5,8,6,2,11,6,5,11,6,5,4,1,3,2,0,2,0,0,0,0,0,0,0,0,0,4,4,1,0,1,1,1,0,0,3,1,2,0,3,0,0,0
533207851,2,533207853,,16,7,9,*,*,*,*,*,*,*,*,*,*,*,*,*,*,*,*,*,*,*,*,*,*,*,*,*,*,*,*,*,*,3,3,*,*,*,*,*,*,*,*,*,*,*,*,*,*,*
533207853,1,,533207851,10,4,6,2,2,0,24,9,15,14,5,9,23,9,14,22,9,13,10,4,6,4,1,3,2,1,1,0,0,0,0,0,0,3,3,0,0,2,2,1,0,1,6,1,5,0,5,0,0,0
533207854,0,,,102,47,55,7,3,4,95,44,51,51,23,28,92,42,50,91,42,49,44,21,23,19,10,9,4,0,4,0,0,0,1,1,0,36,36,3,12,13,5,2,1,0,33,25,8,4,26,0,0,8
533207862,0,,,68,32,36,3,3,0,65,29,36,39,18,21,62,28,34,62,28,34,26,11,15,16,8,8,7,2,5,1,0,1,0,0,0,23,23,2,8,6,4,2,1,0,20,11,9,0,16,0,1,3
533207863,0,,,42,19,23,2,1,1,40,18,22,19,11,8,40,18,22,39,17,22,21,7,14,15,5,10,3,0,3,2,0,2,0,0,0,14,14,3,5,2,1,0,2,1,11,5,6,1,11,0,1,3
533207864,0,,,59,24,35,8,4,4,51,20,31,18,10,8,50,20,30,49,19,30,33,10,23,28,7,21,17,3,14,2,1,1,0,0,0,16,15,4,4,3,2,1,0,1,11,9,2,1,9,0,2,3
533207871,0,,,56,31,25,1,0,1,55,31,24,30,18,12,55,31,24,54,30,24,25,13,12,14,6,8,9,4,5,1,1,0,0,0,0,20,20,5,5,3,3,4,0,0,15,8,7,1,16,0,3,2
533207872,1,,533207881;533207884,73,39,34,13,6,7,63,34,29,40,22,18,62,33,29,61,32,29,23,12,11,12,5,7,6,3,3,0,0,0,0,0,0,22,22,2,6,8,4,2,2,0,22,17,5,1,16,0,2,3
533207874,0,,,27,13,14,4,1,3,23,12,11,13,8,5,23,12,11,23,12,11,10,4,6,4,1,3,2,0,2,0,0,0,0,0,0,8,8,1,1,2,2,2,0,0,7,4,3,1,7,0,1,1
533207881,2,533207872,,1,0,1,*,*,*,*,*,*,*,*,*,*,*,*,*,*,*,*,*,*,*,*,*,*,*,*,*,*,*,*,*,*,1,1,*,*,*,*,*,*,*,*,*,*,*,*,*,*,*
533207884,2,533207872,,2,1,1,*,*,*,*,*,*,*,*,*,*,*,*,*,*,*,*,*,*,*,*,*,*,*,*,*,*,*,*,*,*,1,1,*,*,*,*,*,*,*,*,*,*,*,*,*,*,*
533207892,2,533207794,,6,1,5,*,*,*,*,*,*,*,*,*,*,*,*,*,*,*,*,*,*,*,*,*,*,*,*,*,*,*,*,*,*,4,4,*,*,*,*,*,*,*,*,*,*,*,*,*,*,*
533207901,0,,,31,16,15,0,0,0,31,16,15,12,5,7,30,15,15,29,15,14,19,11,8,3,2,1,2,1,1,0,0,0,0,0,0,11,11,2,4,2,2,0,0,1,9,7,2,0,11,0,2,4
533207902,0,,,34,20,14,5,3,2,29,17,12,22,14,8,29,17,12,29,17,12,7,3,4,1,0,1,1,0,1,0,0,0,0,0,0,10,10,1,3,3,0,2,0,1,9,5,4,2,5,0,0,1
533207903,0,,,15,7,8,0,0,0,15,7,8,11,5,6,14,7,7,13,7,6,4,2,2,4,2,2,2,1,1,0,0,0,0,0,0,4,4,1,0,1,0,1,1,0,3,1,2,0,2,0,0,0
533207911,0,,,36,17,19,5,3,2,31,14,17,22,11,11,30,14,16,30,14,16,9,3,6,4,1,3,2,0,2,0,0,0,0,0,0,9,9,0,3,1,3,0,0,2,9,6,3,0,7,0,0,0
533207913,0,,,13,8,5,4,4,0,9,4,5,7,3,4,9,4,5,9,4,5,2,1,1,2,1,1,2,1,1,0,0,0,0,0,0,4,4,0,1,2,0,1,0,0,4,4,0,2,1,0,0,0
533207921,0,,,22,12,10,3,3,0,19,9,10,9,5,4,19,9,10,18,8,10,10,4,6,9,4,5,1,0,1,0,0,0,1,1,0,9,9,2,4,1,1,1,0,0,6,5,1,1,7,0,2,2
533207922,0,,,461,219,242,63,24,39,398,195,203,233,124,109,388,190,198,382,187,195,165,71,94,92,38,54,39,16,23,3,0,3,1,1,0,162,162,41,39,27,30,13,9,3,120,79,41,17,107,2,26,23
533207931,0,,,192,88,104,43,17,26,143,67,76,112,56,56,135,64,71,133,63,70,31,11,20,23,9,14,5,2,3,0,0,0,0,0,0,64,64,13,16,8,16,8,2,1,49,40,9,8,20,3,3,5
533207932,0,,,175,90,85,19,12,7,156,78,78,101,55,46,153,76,77,149,74,75,55,23,32,30,10,20,12,3,9,0,0,0,0,0,0,60,60,13,20,10,5,3,6,3,47,26,21,3,39,0,6,5
533207941,2,533207943,,9,5,4,*,*,*,*,*,*,*,*,*,*,*,*,*,*,*,*,*,*,*,*,*,*,*,*,*,*,*,*,*,*,4,4,*,*,*,*,*,*,*,*,*,*,*,*,*,*,*
533207943,1,,533207941,374,176,198,28,17,11,354,164,190,172,98,74,343,158,185,340,156,184,182,66,116,115,33,82,54,11,43,10,2,8,3,3,0,89,86,27,20,12,19,6,3,3,61,46,15,6,38,5,5,9
533207944,0,,,98,41,57,0,0,0,98,41,57,40,24,16,98,41,57,98,41,57,58,17,41,47,11,36,38,6,32,11,2,9,0,0,0,2,0,0,0,0,0,0,0,0,0,0,0,0,0,0,0,0
533207951,0,,,14,6,8,2,2,0,12,4,8,5,2,3,11,4,7,11,4,7,7,2,5,3,0,3,1,0,1,0,0,0,0,0,0,5,5,1,1,2,0,1,0,0,4,2,2,0,4,0,1,1
533207952,0,,,100,49,51,16,8,8,84,41,43,46,26,20,83,40,43,83,40,43,38,15,23,24,9,15,10,4,6,2,0,2,0,0,0,30,30,2,6,10,6,4,2,0,28,18,10,3,22,0,1,2
533207953,0,,,102,49,53,15,7,8,87,42,45,51,26,25,84,41,43,82,39,43,36,16,20,14,4,10,7,1,6,1,1,0,0,0,0,31,31,4,8,10,0,5,2,2,27,16,11,3,22,0,3,3
533207954,0,,,55,28,27,13,8,5,42,20,22,30,14,16,40,19,21,39,18,21,12,6,6,7,4,3,2,1,1,0,0,0,0,0,0,19,19,3,7,1,6,1,1,0,16,14,2,3,7,1,0,4
533207961,1,,533207962,103,50,53,16,10,6,90,43,47,46,23,23,85,40,45,85,40,45,44,20,24,21,7,14,12,3,9,0,0,0,3,1,2,35,35,6,12,9,2,3,2,2,30,21,9,3,26,0,4,7
533207962,2,533207961,,3,3,0,*,*,*,*,*,*,*,*,*,*,*,*,*,*,*,*,*,*,*,*,*,*,*,*,*,*,*,*,*,*,1,1,*,*,*,*,*,*,*,*,*,*,*,*,*,*,*
533207964,0,,,33,19,14,6,5,1,27,14,13,17,10,7,26,14,12,26,14,12,10,4,6,6,2,4,1,0,1,0,0,0,0,0,0,8,8,0,2,0,1,5,0,0,8,4,4,1,7,0,0,0
533207974,2,533207983,,5,3,2,*,*,*,*,*,*,*,*,*,*,*,*,*,*,*,*,*,*,*,*,*,*,*,*,*,*,*,*,*,*,2,2,*,*,*,*,*,*,*,*,*,*,*,*,*,*,*
533207983,1,,533207974;533207984,27,14,13,3,2,1,35,18,17,12,6,6,35,18,17,35,18,17,23,12,11,11,6,5,3,1,2,0,0,0,0,0,0,11,11,2,7,3,2,1,0,0,13,9,4,1,14,0,2,5
533207984,2,533207983,,6,3,3,*,*,*,*,*,*,*,*,*,*,*,*,*,*,*,*,*,*,*,*,*,*,*,*,*,*,*,*,*,*,2,2,*,*,*,*,*,*,*,*,*,*,*,*,*,*,*
533207992,0,,,19,10,9,0,0,0,19,10,9,11,5,6,18,10,8,16,10,6,8,5,3,4,1,3,1,0,1,0,0,0,0,0,0,8,8,2,4,1,0,0,1,0,6,4,2,0,6,0,2,0
533215001,2,533215002,,6,3,3,*,*,*,*,*,*,*,*,*,*,*,*,*,*,*,*,*,*,*,*,*,*,*,*,*,*,*,*,*,*,3,3,*,*,*,*,*,*,*,*,*,*,*,*,*,*,*
533215002,1,,533215001,5,3,2,0,0,0,11,6,5,2,2,0,11,6,5,11,6,5,9,4,5,3,1,2,2,1,1,0,0,0,0,0,0,2,2,0,4,1,0,0,0,0,5,5,0,0,5,0,0,4
533215011,0,,,24,11,13,2,1,1,22,10,12,9,5,4,22,10,12,22,10,12,13,5,8,6,2,4,2,0,2,1,0,1,0,0,0,7,7,1,1,2,1,1,1,0,6,4,2,1,7,0,1,0
533215012,1,,533215021;533215031,11,6,5,2,0,2,29,16,13,12,6,6,29,16,13,28,15,13,17,10,7,11,7,4,7,5,2,0,0,0,0,0,0,4,4,1,4,3,2,1,0,0,10,8,2,0,9,0,1,4
533215021,2,533215012,,9,4,5,*,*,*,*,*,*,*,*,*,*,*,*,*,*,*,*,*,*,*,*,*,*,*,*,*,*,*,*,*,*,4,4,*,*,*,*,*,*,*,*,*,*,*,*,*,*,*
533215031,2,533215012,,11,6,5,*,*,*,*,*,*,*,*,*,*,*,*,*,*,*,*,*,*,*,*,*,*,*,*,*,*,*,*,*,*,3,3,*,*,*,*,*,*,*,*,*,*,*,*,*,*,*
533215074,2,533215083,,4,3,1,*,*,*,*,*,*,*,*,*,*,*,*,*,*,*,*,*,*,*,*,*,*,*,*,*,*,*,*,*,*,2,2,*,*,*,*,*,*,*,*,*,*,*,*,*,*,*
533215083,1,,533215074,20,9,11,4,2,2,20,10,10,9,5,4,20,10,10,20,10,10,11,5,6,5,2,3,1,0,1,0,0,0,0,0,0,8,8,2,5,2,0,0,1,0,8,7,1,1,6,0,0,3
533215084,0,,,27,14,13,1,1,0,26,13,13,11,4,7,26,13,13,26,13,13,15,9,6,7,4,3,4,3,1,1,1,0,0,0,0,10,10,2,2,3,3,0,0,0,8,4,4,1,8,0,2,1
533215094,2,533215192,,4,2,2,*,*,*,*,*,*,*,*,*,*,*,*,*,*,*,*,*,*,*,*,*,*,*,*,*,*,*,*,*,*,2,2,*,*,*,*,*,*,*,*,*,*,*,*,*,*,*
533215101,0,,,114,56,58,5,4,1,109,52,57,51,29,22,108,51,57,106,50,56,58,23,35,32,11,21,12,3,9,0,0,0,0,0,0,43,43,9,14,10,6,1,3,0,34,23,11,1,36,0,8,8
533215102,0,,,25,13,12,0,0,0,25,13,12,10,6,4,24,12,12,24,12,12,15,7,8,10,4,6,3,2,1,0,0,0,0,0,0,9,9,2,2,2,2,1,0,0,7,5,2,0,9,0,2,1
533215103,0,,,42,18,24,0,0,0,42,18,24,20,9,11,41,18,23,40,17,23,22,9,13,16,6,10,6,3,3,1,1,0,1,1,0,21,21,11,4,3,2,0,1,0,10,6,4,0,15,0,7,3
533215104,0,,,133,67,66,9,4,5,124,63,61,59,35,24,123,62,61,123,62,61,65,28,37,43,17,26,10,3,7,1,0,1,1,1,0,56,56,17,17,13,5,1,3,0,39,29,10,3,46,0,14,6
533215111,0,,,16,7,9,1,0,1,15,7,8,7,4,3,14,6,8,14,6,8,8,3,5,5,2,3,1,0,1,0,0,0,0,0,0,6,6,2,1,2,0,0,1,0,4,3,1,0,5,0,1,0
533215113,0,,,133,71,62,13,7,6,120,64,56,54,33,21,120,64,56,119,63,56,66,31,35,33,14,19,12,5,7,1,0,1,1,0,1,49,49,15,11,11,6,2,2,2,34,20,14,4,45,0,15,6
533215181,2,533215182,,5,4,1,*,*,*,*,*,*,*,*,*,*,*,*,*,*,*,*,*,*,*,*,*,*,*,*,*,*,*,*,*,*,2,2,*,*,*,*,*,*,*,*,*,*,*,*,*,*,*
533215182,1,,533215181,65,33,32,9,5,4,61,32,29,31,19,12,60,31,29,59,30,29,30,13,17,17,8,9,7,2,5,1,0,1,0,0,0,20,20,7,4,2,4,1,1,3,15,6,9,1,19,0,5,2
533215184,0,,,20,8,12,0,0,0,20,8,12,8,4,4,20,8,12,20,8,12,12,4,8,7,2,5,6,2,4,0,0,0,0,0,0,9,9,2,5,1,0,1,0,0,7,7,0,0,9,0,2,3
533215191,2,533215192,,4,3,1,*,*,*,*,*,*,*,*,*,*,*,*,*,*,*,*,*,*,*,*,*,*,*,*,*,*,*,*,*,*,1,1,*,*,*,*,*,*,*,*,*,*,*,*,*,*,*
533215192,1,,533215094;533215191,15,7,8,3,1,2,20,11,9,7,4,3,20,11,9,20,11,9,13,7,6,6,4,2,2,2,0,0,0,0,0,0,0,6,6,2,5,0,1,0,0,1,7,5,2,1,8,0,2,4
533215193,0,,,20,10,10,1,1,0,19,9,10,7,3,4,18,9,9,18,9,9,12,6,6,4,2,2,1,0,1,0,0,0,0,0,0,9,9,3,2,3,1,0,0,0,6,5,1,0,7,0,2,1
533215244,0,,,69,34,35,4,4,0,65,30,35,18,10,8,64,29,35,64,29,35,47,20,27,34,13,21,11,5,6,0,0,0,0,0,0,34,34,12,13,7,1,0,1,0,22,20,2,0,32,0,11,9
533215253,0,,,42,24,18,5,5,0,37,19,18,19,11,8,37,19,18,37,19,18,18,8,10,9,2,7,5,1,4,0,0,0,0,0,0,20,20,9,6,3,1,0,0,1,11,8,3,1,12,0,5,2
533215262,0,,,21,11,10,0,0,0,21,11,10,8,5,3,21,11,10,21,11,10,13,6,7,7,2,5,1,0,1,0,0,0,0,0,0,10,10,3,4,2,1,0,0,0,7,6,1,0,9,0,3,4
533215264,0,,,30,13,17,3,2,1,27,11,16,10,5,5,27,11,16,27,11,16,17,6,11,12,3,9,5,2,3,0,0,0,0,0,0,16,16,8,4,3,0,1,0,0,8,5,3,0,12,0,7,2
533215292,2,533215294,,3,2,1,*,*,*,*,*,*,*,*,*,*,*,*,*,*,*,*,*,*,*,*,*,*,*,*,*,*,*,*,*,*,1,1,*,*,*,*,*,*,*,*,*,*,*,*,*,*,*
533215293,2,533215294,,7,2,5,*,*,*,*,*,*,*,*,*,*,*,*,*,*,*,*,*,*,*,*,*,*,*,*,*,*,*,*,*,*,2,2,*,*,*,*,*,*,*,*,*,*,*,*,*,*,*
533215294,1,,533215292;533215293,68,30,38,11,6,5,67,28,39,37,15,22,62,26,36,61,26,35,30,13,17,21,9,12,3,1,2,0,0,0,1,0,1,20,20,7,3,3,1,5,2,2,15,6,9,2,20,0,6,3
533215351,1,,533215352,14,7,7,0,0,0,19,10,9,2,1,1,19,10,9,19,10,9,17,9,8,8,5,3,1,0,1,1,0,1,0,0,0,8,8,5,5,0,1,0,0,0,6,6,0,0,11,0,5,4
533215352,2,533215351,,5,3,2,*,*,*,*,*,*,*,*,*,*,*,*,*,*,*,*,*,*,*,*,*,*,*,*,*,*,*,*,*,*,3,3,*,*,*,*,*,*,*,*,*,*,*,*,*,*,*
533215361,0,,,38,16,22,2,1,1,34,14,20,10,6,4,34,14,20,34,14,20,24,8,16,14,4,10,7,1,6,0,0,0,0,0,0,24,24,14,7,2,1,0,0,0,9,6,3,1,18,0,11,4
533215392,0,,,82,43,39,5,3,2,77,40,37,45,24,21,74,38,36,71,36,35,32,16,16,22,9,13,8,2,6,0,0,0,0,0,0,24,24,2,6,4,7,3,1,1,22,12,10,0,21,0,2,2
533215394,0,,,129,66,63,16,7,9,113,59,54,53,29,24,108,56,52,107,55,52,60,30,30,34,15,19,15,6,9,0,0,0,0,0,0,45,45,11,12,11,4,1,4,2,34,22,12,2,40,0,9,7
533215592,0,,,49,22,27,7,4,3,42,18,24,23,10,13,41,18,23,41,18,23,19,8,11,11,4,7,4,1,3,0,0,0,0,0,0,16,16,2,7,3,1,1,1,1,14,8,6,3,12,0,0,3
533215594,0,,,134,62,72,7,3,4,127,59,68,57,28,29,126,58,68,123,56,67,70,31,39,45,16,29,16,7,9,0,0,0,0,0,0,55,55,14,19,14,5,0,2,1,41,31,10,1,47,0,12,13
533215691,0,,,13,7,6,0,0,0,13,7,6,7,5,2,13,7,6,13,7,6,6,2,4,4,1,3,0,0,0,0,0,0,0,0,0,6,6,2,2,1,1,0,0,0,4,3,1,0,4,0,1,2
533216003,2,533216101,,3,2,1,*,*,*,*,*,*,*,*,*,*,*,*,*,*,*,*,*,*,*,*,*,*,*,*,*,*,*,*,*,*,2,2,*,*,*,*,*,*,*,*,*,*,*,*,*,*,*
533216032,0,,,142,68,74,16,9,7,126,59,67,85,44,41,120,54,66,118,53,65,41,15,26,18,6,12,7,3,4,0,0,0,0,0,0,40,40,0,18,4,7,5,3,3,39,22,17,3,27,0,0,4
533216041,0,,,179,85,94,31,13,18,148,72,76,99,48,51,141,69,72,140,68,72,49,24,25,24,12,12,6,4,2,0,0,0,0,0,0,49,49,2,13,9,14,4,4,3,47,30,17,6,31,0,2,8
533216042,0,,,62,29,33,8,5,3,54,24,30,34,17,17,53,24,29,53,24,29,20,7,13,10,2,8,7,0,7,0,0,0,0,0,0,17,17,1,4,4,3,2,2,1,16,9,7,3,11,0,1,2
533216043,0,,,241,118,123,27,13,14,214,105,109,138,69,69,207,104,103,204,101,103,76,36,40,38,18,20,19,8,11,1,1,0,1,0,1,68,68,4,17,16,12,8,10,1,62,38,24,5,47,0,3,7
533216044,0,,,263,130,133,37,19,18,226,111,115,149,79,70,224,111,113,219,108,111,77,32,45,31,12,19,15,6,9,2,2,0,2,1,1,92,92,18,28,20,12,6,5,3,73,55,18,13,51,1,6,9
533216051,0,,,73,37,36,10,5,5,63,32,31,38,21,17,62,31,31,61,30,31,25,11,14,13,5,8,5,1,4,0,0,0,0,0,0,22,22,4,6,4,3,2,0,3,18,13,5,1,14,0,2,2
533216053,0,,,307,149,158,42,19,23,264,129,135,176,88,88,248,123,125,242,119,123,88,41,47,48,23,25,12,4,8,0,0,0,2,1,1,101,101,21,27,19,12,11,8,3,79,53,26,4,57,4,10,10
533216054,0,,,77,41,36,9,7,2,68,34,34,46,24,22,63,32,31,62,31,31,22,10,12,14,6,8,3,2,1,0,0,0,0,0,0,23,23,3,4,5,5,5,1,0,20,13,7,4,14,0,2,3
533216061,0,,,43,23,20,3,2,1,40,21,19,22,12,10,37,18,19,37,18,19,18,9,9,7,3,4,4,1,3,0,0,0,0,0,0,11,11,1,2,2,2,2,0,2,10,4,6,0,10,0,1,1
533216062,0,,,87,49,38,3,1,2,84,48,36,53,33,20,82,47,35,80,46,34,31,15,16,16,8,8,3,1,2,0,0,0,3,3,0,32,32,7,11,8,1,1,3,1,25,15,10,1,19,3,1,7
533216063,0,,,18,9,9,4,2,2,14,7,7,9,4,5,13,6,7,13,6,7,5,3,2,2,2,0,0,0,0,0,0,0,0,0,0,4,4,0,1,0,1,0,2,0,4,2,2,1,3,0,0,1
533216064,0,,,46,24,22,6,5,1,40,19,21,22,12,10,39,18,21,38,17,21,18,7,11,11,4,7,7,1,6,0,0,0,0,0,0,12,12,1,3,2,2,2,0,2,11,4,7,1,11,0,1,2
533216071,0,,,56,31,25,10,6,4,46,25,21,37,21,16,44,24,20,43,23,20,9,4,5,6,4,2,0,0,0,0,0,0,5,5,0,21,21,7,3,3,7,0,1,0,14,12,2,4,6,1,2,2
533216072,0,,,95,49,46,11,4,7,84,45,39,43,25,18,83,45,38,83,45,38,41,20,21,13,3,10,6,0,6,0,0,0,0,0,0,29,29,1,9,7,8,1,3,0,28,14,14,2,23,0,0,3
533216073,0,,,94,45,49,15,8,7,79,37,42,44,20,24,73,35,38,72,34,38,35,17,18,16,6,10,8,2,6,0,0,0,0,0,0,25,25,3,5,2,6,5,2,2,22,11,11,4,19,0,1,5
533216074,0,,,62,31,31,4,2,2,58,29,29,29,16,13,56,28,28,54,27,27,29,13,16,12,5,7,5,1,4,1,0,1,0,0,0,18,18,1,3,7,4,0,3,0,17,9,8,0,14,0,0,3
533216081,0,,,63,31,32,5,3,2,58,28,30,34,16,18,58,28,30,56,28,28,24,12,12,15,7,8,3,1,2,1,0,1,0,0,0,22,22,2,9,5,3,2,1,0,19,12,7,3,14,0,1,4
533216082,0,,,44,22,22,9,4,5,35,18,17,20,12,8,35,18,17,35,18,17,15,6,9,7,2,5,4,0,4,1,0,1,0,0,0,12,12,1,1,4,3,2,0,1,11,5,6,2,10,0,1,0
533216083,0,,,126,53,73,14,6,8,112,47,65,67,29,38,110,46,64,107,45,62,45,18,27,26,8,18,11,4,7,0,0,0,0,0,0,32,32,2,5,10,5,2,3,5,30,10,20,4,31,0,2,1
533216084,0,,,143,75,68,18,11,7,125,64,61,82,46,36,122,63,59,119,61,58,43,18,25,25,8,17,12,3,9,0,0,0,1,1,0,37,37,2,9,7,6,4,7,2,35,16,19,1,30,0,2,4
533216091,0,,,48,25,23,4,3,1,44,22,22,28,15,13,41,19,22,39,18,21,16,7,9,7,3,4,3,1,2,0,0,0,0,0,0,12,12,2,1,1,2,3,3,0,10,4,6,0,10,0,2,0
533216092,0,,,70,36,34,14,6,8,56,30,26,35,17,18,56,30,26,55,30,25,21,13,8,7,3,4,3,1,2,0,0,0,1,0,1,17,17,1,2,4,1,5,4,0,16,5,11,6,15,0,0,1
533216093,0,,,56,29,27,5,3,2,51,26,25,31,17,14,49,25,24,46,23,23,20,9,11,11,4,7,4,1,3,0,0,0,1,0,1,16,16,0,4,5,5,0,1,1,16,11,5,1,12,0,0,2
533216094,0,,,34,16,18,5,2,3,29,14,15,17,8,9,29,14,15,29,14,15,12,6,6,3,1,2,2,0,2,0,0,0,0,0,0,10,10,2,3,1,1,0,2,1,8,3,5,2,8,0,2,2
533216101,1,,533216003,12,5,7,1,1,0,14,6,8,4,2,2,14,6,8,14,6,8,10,4,6,8,3,5,3,1,2,1,0,1,0,0,0,5,5,3,2,0,2,0,0,0,4,1,3,0,7,0,3,1
533216132,2,533216134,,8,5,3,*,*,*,*,*,*,*,*,*,*,*,*,*,*,*,*,*,*,*,*,*,*,*,*,*,*,*,*,*,*,3,3,*,*,*,*,*,*,*,*,*,*,*,*,*,*,*
533216133,2,533216134,,7,4,3,*,*,*,*,*,*,*,*,*,*,*,*,*,*,*,*,*,*,*,*,*,*,*,*,*,*,*,*,*,*,2,2,*,*,*,*,*,*,*,*,*,*,*,*,*,*,*
533216134,1,,533216132;533216133,165,91,74,21,13,8,159,87,72,108,61,47,155,84,71,153,84,69,51,26,25,26,11,15,10,4,6,0,0,0,0,0,0,49,49,6,9,20,9,4,3,3,48,30,18,3,35,0,3,3
533216141,0,,,210,104,106,30,17,13,180,87,93,106,54,52,174,85,89,166,81,85,74,33,41,40,19,21,13,5,8,1,0,1,0,0,0,64,64,11,12,13,15,7,3,3,53,29,24,5,47,0,9,6
533216142,0,,,92,47,45,8,4,4,80,41,39,51,31,20,79,40,39,79,40,39,29,10,19,23,6,17,17,5,12,3,0,3,3,0,3,31,30,9,5,9,6,1,0,0,19,16,3,3,9,1,1,1
533216143,0,,,31,13,18,5,2,3,26,11,15,17,8,9,24,10,14,23,10,13,9,3,6,8,2,6,3,1,2,1,0,1,0,0,0,9,9,2,2,1,1,2,0,1,7,3,4,0,6,0,1,0
533216144,0,,,34,16,18,4,2,2,28,13,15,27,12,15,28,13,15,28,13,15,1,1,0,0,0,0,0,0,0,0,0,0,2,1,1,17,17,7,5,3,2,0,0,0,10,10,0,2,1,2,0,0
533216151,0,,,461,231,230,50,28,22,406,200,206,263,142,121,394,193,201,388,190,198,143,58,85,77,24,53,29,7,22,1,0,1,3,2,1,172,172,45,48,28,30,13,5,3,125,91,34,9,95,7,18,19
533216152,0,,,441,209,232,51,32,19,387,174,213,262,120,142,368,164,204,359,158,201,125,54,71,62,22,40,23,5,18,0,0,0,1,0,1,153,153,26,49,29,28,12,6,3,126,94,32,8,79,0,13,17
533216153,0,,,767,375,392,145,84,61,620,289,331,443,206,237,594,274,320,583,269,314,177,83,94,84,34,50,20,6,14,0,0,0,3,0,3,271,270,52,76,61,48,21,8,4,217,178,39,50,116,7,18,35
533216154,0,,,914,433,481,90,39,51,819,391,428,425,226,199,798,379,419,792,376,416,394,165,229,238,91,147,106,33,73,12,3,9,1,0,1,326,324,81,101,64,37,15,16,10,242,171,71,25,229,6,51,48
533216161,0,,,354,172,182,38,14,24,316,158,158,185,96,89,303,151,152,297,146,151,131,62,69,73,33,40,25,7,18,2,0,2,0,0,0,118,117,23,34,25,18,7,9,1,94,72,22,9,75,0,15,17
533216162,0,,,178,82,96,16,5,11,162,77,85,89,49,40,156,73,83,152,71,81,73,28,45,38,12,26,13,5,8,1,0,1,0,0,0,60,60,14,15,9,12,2,7,1,46,28,18,4,47,1,9,8
533216163,0,,,576,274,302,76,46,30,500,228,272,325,153,172,469,215,254,457,209,248,175,75,100,101,37,64,42,12,30,6,0,6,2,2,0,190,189,37,52,38,29,17,11,5,152,108,44,15,101,3,17,25
533216164,0,,,257,138,119,38,24,14,217,113,104,146,82,64,209,107,102,201,99,102,71,31,40,33,12,21,10,4,6,0,0,0,0,0,0,80,80,9,23,17,15,10,2,4,69,48,21,7,46,0,6,13
533216171,0,,,20,9,11,2,0,2,18,9,9,8,4,4,17,9,8,16,8,8,10,5,5,5,3,2,2,1,1,0,0,0,0,0,0,4,4,0,0,2,0,0,1,1,4,1,3,0,4,0,0,0
533216172,0,,,111,54,57,17,14,3,94,40,54,61,25,36,89,39,50,86,39,47,33,15,18,19,8,11,7,3,4,0,0,0,0,0,0,24,24,2,3,3,3,5,3,5,22,6,16,4,20,0,2,1
533216173,0,,,106,50,56,19,12,7,85,37,48,60,27,33,82,37,45,80,37,43,25,10,15,11,3,8,2,1,1,0,0,0,1,0,1,33,33,7,5,7,6,6,1,1,25,18,7,7,16,0,3,3
533216174,0,,,30,13,17,5,3,2,25,10,15,10,5,5,25,10,15,25,10,15,15,5,10,5,0,5,2,0,2,0,0,0,0,0,0,12,12,6,1,2,1,0,2,0,6,1,5,1,11,0,5,1
533216181,0,,,141,69,72,16,5,11,125,64,61,73,39,34,123,62,61,122,61,61,52,25,27,20,8,12,9,2,7,1,0,1,0,0,0,39,39,2,9,11,7,3,5,2,37,22,15,6,28,0,1,7
533216182,0,,,105,54,51,10,4,6,95,50,45,60,35,25,93,48,45,93,48,45,35,15,20,22,8,14,10,3,7,1,0,1,0,0,0,33,33,6,10,6,2,4,3,2,27,16,11,5,23,0,3,4
533216183,0,,,21,12,9,0,0,0,21,12,9,13,8,5,21,12,9,21,12,9,8,4,4,5,2,3,2,1,1,1,0,1,0,0,0,7,7,1,1,3,1,1,0,0,6,4,2,0,4,0,0,1
533216184,0,,,91,43,48,10,5,5,81,38,43,47,23,24,79,37,42,78,37,41,34,15,19,17,7,10,11,4,7,1,0,1,0,0,0,25,25,1,7,5,5,2,4,1,24,11,13,3,19,0,1,1
533216191,1,,533216192,13,7,6,0,0,0,14,8,6,6,4,2,14,8,6,14,8,6,8,4,4,3,1,2,1,1,0,0,0,0,0,0,0,5,5,2,2,1,0,1,0,0,4,3,1,0,6,0,2,1
533216192,2,533216191,,1,1,0,*,*,*,*,*,*,*,*,*,*,*,*,*,*,*,*,*,*,*,*,*,*,*,*,*,*,*,*,*,*,1,1,*,*,*,*,*,*,*,*,*,*,*,*,*,*,*
533216193,0,,,49,24,25,2,1,1,47,23,24,26,13,13,45,23,22,45,23,22,21,10,11,9,4,5,2,1,1,0,0,0,0,0,0,16,16,1,3,9,1,1,1,0,15,10,5,1,14,0,1,3
533216204,0,,,15,9,6,4,4,0,11,5,6,8,4,4,11,5,6,9,4,5,3,1,2,1,0,1,1,0,1,0,0,0,0,0,0,5,5,2,0,1,0,2,0,0,3,3,0,0,2,0,1,0
533216213,0,,,40,16,24,6,3,3,34,13,21,21,9,12,33,12,21,31,12,19,13,4,9,4,0,4,4,0,4,2,0,2,0,0,0,9,9,0,0,3,2,2,1,1,9,2,7,1,7,0,0,0
533216214,0,,,16,6,10,2,1,1,14,5,9,7,3,4,13,5,8,11,4,7,7,2,5,3,1,2,1,0,1,0,0,0,0,0,0,4,4,0,2,0,0,1,0,1,4,2,2,0,4,0,0,1
533216222,0,,,25,11,14,0,0,0,25,11,14,17,8,9,22,10,12,21,10,11,8,3,5,4,1,3,2,0,2,0,0,0,0,0,0,7,7,0,2,2,1,1,1,0,7,2,5,0,5,0,0,1
533216223,0,,,31,12,19,1,0,1,30,12,18,11,7,4,29,11,18,29,11,18,19,5,14,13,2,11,11,1,10,3,0,3,0,0,0,8,6,0,1,4,0,0,1,0,6,2,4,0,5,0,0,0
533216224,0,,,147,73,74,21,13,8,126,60,66,75,38,37,122,58,64,121,57,64,51,22,29,32,10,22,13,4,9,0,0,0,0,0,0,43,43,5,14,7,7,4,1,5,38,22,16,6,34,0,5,8
533216231,0,,,42,21,21,6,3,3,36,18,18,22,12,10,36,18,18,36,18,18,14,6,8,4,1,3,0,0,0,0,0,0,0,0,0,13,13,1,3,4,3,1,1,0,12,10,2,1,9,0,1,2
533216232,0,,,14,8,6,0,0,0,14,8,6,11,7,4,14,8,6,14,8,6,3,1,2,2,0,2,0,0,0,0,0,0,0,0,0,4,4,0,3,0,0,0,0,1,4,3,1,0,3,0,0,0
533216233,0,,,90,44,46,9,6,3,81,38,43,42,22,20,81,38,43,81,38,43,39,16,23,23,6,17,13,3,10,2,0,2,0,0,0,30,30,6,6,9,2,5,2,0,24,12,12,2,23,0,3,2
533216234,0,,,36,18,18,7,4,3,29,14,15,16,7,9,29,14,15,29,14,15,13,7,6,2,1,1,2,1,1,0,0,0,0,0,0,10,10,0,4,2,1,1,1,1,10,5,5,2,9,0,0,3
533216241,0,,,78,39,39,9,6,3,69,33,36,38,20,18,68,33,35,66,31,35,31,13,18,12,3,9,5,0,5,1,0,1,0,0,0,22,22,1,6,8,2,1,1,3,21,12,9,1,18,0,0,5
533216242,0,,,303,156,147,23,7,16,278,148,130,179,104,75,271,145,126,263,140,123,99,44,55,47,17,30,19,5,14,4,1,3,26,26,0,122,122,47,24,22,14,8,3,4,75,47,28,6,67,16,13,12
533216243,0,,,51,24,27,5,3,2,46,21,25,30,13,17,45,20,25,44,20,24,16,8,8,7,4,3,3,1,2,1,0,1,2,1,1,17,17,3,1,7,5,1,0,0,14,7,7,1,9,1,0,1
533216244,0,,,10,10,0,0,0,0,10,10,0,10,10,0,10,10,0,10,10,0,0,0,0,0,0,0,0,0,0,0,0,0,10,10,0,10,10,10,0,0,0,0,0,0,0,0,0,0,0,8,0,0
533216251,0,,,625,300,325,106,50,56,516,249,267,323,166,157,496,240,256,491,238,253,193,83,110,104,41,63,44,13,31,4,0,4,0,0,0,194,194,19,60,40,38,21,6,10,173,126,47,26,119,0,13,33
533216252,0,,,957,459,498,77,35,42,872,420,452,453,226,227,843,405,438,832,400,432,419,194,225,221,105,116,64,28,36,1,0,1,4,2,2,342,342,71,115,63,42,22,21,8,268,188,80,18,260,3,45,76
533216253,0,,,128,63,65,31,11,20,97,52,45,75,39,36,90,50,40,86,48,38,22,13,9,13,8,5,2,2,0,0,0,0,0,0,0,34,34,2,5,4,14,6,3,0,32,25,7,8,14,0,1,2
533216254,0,,,392,184,208,39,19,20,349,162,187,200,106,94,336,155,181,326,149,177,149,56,93,94,33,61,47,16,31,5,1,4,2,1,1,139,138,39,37,23,16,15,4,4,95,65,30,10,90,3,26,12
533216261,0,,,381,188,193,43,22,21,335,164,171,203,107,96,322,157,165,321,157,164,132,57,75,81,32,49,35,13,22,2,1,1,10,5,5,130,129,33,31,28,19,9,6,3,94,61,33,10,69,4,13,9
533216262,0,,,111,58,53,15,9,6,96,49,47,59,33,26,96,49,47,95,48,47,37,16,21,11,4,7,7,1,6,0,0,0,0,0,0,33,33,6,7,8,4,1,5,2,27,15,12,5,21,0,1,5
533216263,0,,,701,327,374,91,52,39,604,271,333,381,181,200,581,260,321,566,252,314,223,90,133,131,41,90,62,15,47,8,2,6,3,1,2,234,233,63,51,48,38,13,11,9,166,112,54,20,119,7,23,21
533216264,0,,,216,99,117,46,20,26,170,79,91,100,48,52,162,75,87,162,75,87,70,31,39,29,10,19,13,2,11,1,0,1,0,0,0,60,60,5,12,14,13,10,2,4,55,30,25,14,40,0,5,5
533216271,0,,,74,38,36,4,3,1,70,35,35,41,22,19,68,35,33,66,34,32,29,13,16,14,8,6,4,2,2,1,0,1,0,0,0,24,24,2,7,8,3,3,0,1,22,14,8,2,18,0,1,2
533216272,0,,,18,10,8,0,0,0,18,10,8,8,2,6,18,10,8,18,10,8,10,8,2,3,3,0,1,1,0,0,0,0,0,0,0,8,8,3,2,2,0,1,0,0,5,3,2,0,6,0,2,1
533216273,0,,,16,10,6,1,1,0,15,9,6,11,7,4,14,8,6,14,8,6,4,2,2,2,1,1,0,0,0,0,0,0,1,1,0,8,8,3,3,1,1,0,0,0,5,5,0,0,2,0,0,1
533216274,0,,,20,11,9,3,3,0,17,8,9,8,5,3,17,8,9,17,8,9,9,3,6,3,1,2,1,0,1,0,0,0,0,0,0,5,5,0,2,1,0,1,0,1,5,3,2,1,5,0,0,0
533216281,0,,,56,30,26,5,3,2,51,27,24,37,21,16,50,26,24,45,23,22,14,6,8,12,5,7,3,1,2,0,0,0,0,0,0,16,16,1,4,5,2,1,2,1,15,12,3,1,8,0,0,2
533216282,0,,,27,12,15,3,2,1,24,10,14,16,8,8,23,10,13,23,10,13,8,2,6,4,1,3,2,1,1,0,0,0,0,0,0,9,9,1,4,1,1,1,1,0,8,4,4,1,7,0,1,0
533216283,0,,,25,11,14,6,2,4,19,9,10,9,4,5,19,9,10,19,9,10,10,5,5,4,2,2,3,1,2,0,0,0,0,0,0,6,6,1,1,1,0,1,1,1,5,1,4,1,6,0,1,1
533216284,0,,,83,37,46,7,3,4,76,34,42,49,23,26,71,32,39,67,30,37,27,11,16,11,4,7,3,0,3,0,0,0,1,0,1,23,23,2,5,3,5,6,2,0,20,9,11,0,17,0,0,3
533216291,2,533216293,,10,4,6,*,*,*,*,*,*,*,*,*,*,*,*,*,*,*,*,*,*,*,*,*,*,*,*,*,*,*,*,*,*,3,3,*,*,*,*,*,*,*,*,*,*,*,*,*,*,*
533216293,1,,533216291;533216391;533216392,49,24,25,6,2,4,62,31,31,37,17,20,59,29,30,59,29,30,25,14,11,9,5,4,4,2,2,1,1,0,0,0,0,14,14,1,5,9,0,1,3,1,19,9,10,1,15,0,0,3
533216294,0,,,28,12,16,6,2,4,22,10,12,12,5,7,20,10,10,20,10,10,10,5,5,2,1,1,0,0,0,0,0,0,0,0,0,7,7,0,2,1,1,1,2,0,7,5,2,3,5,0,0,2
533216301,0,,,16,7,9,0,0,0,16,7,9,10,5,5,15,6,9,14,6,8,6,2,4,4,2,2,1,1,0,0,0,0,0,0,0,5,5,1,1,1,1,0,1,0,4,1,3,0,4,0,0,0
533216302,0,,,31,15,16,3,0,3,28,15,13,16,8,8,27,15,12,27,15,12,12,7,5,8,4,4,3,2,1,0,0,0,0,0,0,11,11,3,2,2,2,2,0,0,8,5,3,1,10,0,3,1
533216303,0,,,80,39,41,7,2,5,73,37,36,40,22,18,71,35,36,71,35,36,33,15,18,17,7,10,5,2,3,0,0,0,0,0,0,30,30,6,9,10,2,1,1,1,24,16,8,1,24,0,4,2
533216304,0,,,42,21,21,5,3,2,37,18,19,27,13,14,35,17,18,35,17,18,10,5,5,5,2,3,4,2,2,0,0,0,0,0,0,11,11,0,0,5,4,1,1,0,11,5,6,2,8,0,0,0
533216311,0,,,21,8,13,0,0,0,21,8,13,12,6,6,21,8,13,21,8,13,9,2,7,6,1,5,1,0,1,0,0,0,0,0,0,8,8,1,3,2,2,0,0,0,7,3,4,0,8,0,1,1
533216312,0,,,32,18,14,2,2,0,30,16,14,14,8,6,28,15,13,28,15,13,16,8,8,8,5,3,2,1,1,0,0,0,1,1,0,11,11,2,3,4,0,0,2,0,9,5,4,0,8,0,1,2
533216313,0,,,21,11,10,2,2,0,19,9,10,9,4,5,18,9,9,18,9,9,10,5,5,5,2,3,0,0,0,0,0,0,0,0,0,8,8,3,2,1,1,0,0,1,5,3,2,0,6,0,2,2
533216314,0,,,29,13,16,2,1,1,27,12,15,15,8,7,25,11,14,25,11,14,12,4,8,5,0,5,2,0,2,1,0,1,0,0,0,8,8,2,1,1,1,1,1,1,6,1,5,1,8,0,2,1
533216321,0,,,56,25,31,7,4,3,49,21,28,29,12,17,48,21,27,48,21,27,20,9,11,8,2,6,2,0,2,0,0,0,0,0,0,19,19,2,7,4,4,0,2,0,17,11,6,1,15,0,2,3
533216322,0,,,258,69,189,6,3,3,252,66,186,25,14,11,251,65,186,251,65,186,227,52,175,205,41,164,156,29,127,48,5,43,0,0,0,19,16,4,2,6,2,1,0,1,12,7,5,1,12,0,3,1
533216323,0,,,40,19,21,1,1,0,39,18,21,22,10,12,38,18,20,37,18,19,17,8,9,6,2,4,2,1,1,0,0,0,0,0,0,14,14,2,3,6,2,0,1,0,12,7,5,1,11,0,1,1
533216324,0,,,83,41,42,7,3,4,76,38,38,45,24,21,72,36,36,69,34,35,31,14,17,15,6,9,4,2,2,0,0,0,0,0,0,22,22,3,6,1,3,2,6,1,19,7,12,1,20,0,3,2
533216331,0,,,42,19,23,1,1,0,41,18,23,23,10,13,40,18,22,39,18,21,18,8,10,11,5,6,5,1,4,0,0,0,0,0,0,12,12,1,2,4,3,0,1,1,11,7,4,1,10,0,1,2
533216332,0,,,17,7,10,5,1,4,12,6,6,8,4,4,11,5,6,11,5,6,4,2,2,0,0,0,0,0,0,0,0,0,0,0,0,4,4,0,1,1,0,0,2,0,4,3,1,0,2,0,0,1
533216333,0,,,48,23,25,3,1,2,45,22,23,23,11,12,45,22,23,44,22,22,22,11,11,11,5,6,2,1,1,0,0,0,0,0,0,17,17,3,8,1,2,1,1,1,14,9,5,0,15,0,3,3
533216334,0,,,28,12,16,1,1,0,27,11,16,20,9,11,27,11,16,27,11,16,7,2,5,6,2,4,4,1,3,0,0,0,0,0,0,8,8,1,0,3,2,2,0,0,7,3,4,1,6,0,1,0
533216341,2,533216342,,7,3,4,*,*,*,*,*,*,*,*,*,*,*,*,*,*,*,*,*,*,*,*,*,*,*,*,*,*,*,*,*,*,2,2,*,*,*,*,*,*,*,*,*,*,*,*,*,*,*
533216342,1,,533216341;533216343,19,6,13,4,1,3,29,12,17,12,5,7,29,12,17,28,12,16,17,7,10,11,4,7,3,0,3,1,0,1,2,0,2,5,5,1,3,1,1,1,1,1,8,3,5,1,8,0,0,2
533216343,2,533216342,,7,4,3,*,*,*,*,*,*,*,*,*,*,*,*,*,*,*,*,*,*,*,*,*,*,*,*,*,*,*,*,*,*,2,2,*,*,*,*,*,*,*,*,*,*,*,*,*,*,*
533216344,0,,,49,28,21,6,4,2,43,24,19,26,14,12,42,23,19,42,23,19,17,10,7,7,3,4,2,2,0,0,0,0,0,0,0,13,13,1,2,4,3,1,0,2,12,6,6,2,11,0,0,1
533216351,0,,,27,14,13,5,4,1,22,10,12,18,8,10,19,10,9,19,10,9,4,2,2,2,1,1,1,0,1,0,0,0,0,0,0,7,7,2,1,1,0,0,2,1,4,1,3,0,3,0,0,0
533216352,0,,,268,127,141,37,12,25,229,114,115,134,66,68,223,112,111,218,111,107,95,48,47,41,20,21,10,7,3,0,0,0,0,0,0,87,87,15,27,11,20,6,3,5,71,49,22,9,61,0,11,13
533216353,0,,,353,165,188,40,16,24,313,149,164,198,94,104,301,141,160,292,134,158,115,55,60,27,9,18,7,2,5,0,0,0,0,0,0,124,124,20,46,24,17,7,5,5,104,86,18,10,77,0,11,23
533216354,0,,,485,244,241,71,35,36,413,208,205,300,154,146,387,194,193,375,189,186,113,54,59,35,13,22,8,1,7,2,0,2,13,13,0,202,202,73,48,36,27,13,2,3,129,102,27,19,77,15,22,15
533216361,0,,,242,117,125,37,22,15,203,94,109,145,67,78,194,90,104,191,89,102,58,27,31,28,11,17,8,2,6,1,0,1,2,2,0,82,82,17,22,14,14,9,4,2,65,47,18,10,42,1,8,7
533216362,0,,,18,10,8,5,4,1,13,6,7,11,5,6,13,6,7,12,5,7,2,1,1,2,1,1,0,0,0,0,0,0,0,0,0,8,8,3,3,0,1,1,0,0,5,5,0,2,1,1,0,1
533216363,2,533216364,,6,3,3,*,*,*,*,*,*,*,*,*,*,*,*,*,*,*,*,*,*,*,*,*,*,*,*,*,*,*,*,*,*,3,3,*,*,*,*,*,*,*,*,*,*,*,*,*,*,*
533216364,1,,533216363,6,3,3,2,1,1,8,4,4,5,3,2,8,4,4,8,4,4,3,1,2,3,1,2,0,0,0,0,0,0,0,0,0,3,3,3,1,1,1,0,0,0,3,2,1,0,2,0,0,1
533216371,0,,,78,38,40,11,4,7,67,34,33,43,20,23,66,34,32,65,33,32,24,14,10,15,9,6,5,2,3,0,0,0,0,0,0,22,22,2,6,5,4,2,0,3,20,12,8,3,14,0,0,2
533216372,0,,,103,47,56,15,9,6,88,38,50,44,19,25,87,38,49,87,38,49,44,19,25,23,8,15,6,0,6,0,0,0,0,0,0,30,30,4,8,6,4,3,2,3,26,14,12,3,26,0,2,7
533216373,0,,,86,48,38,8,6,2,78,42,36,50,27,23,75,40,35,74,39,35,28,15,13,12,5,7,7,2,5,0,0,0,0,0,0,24,24,5,3,5,5,1,2,3,19,8,11,3,19,0,3,1
533216374,0,,,109,61,48,11,7,4,98,54,44,57,32,25,95,53,42,94,53,41,41,22,19,16,8,8,6,2,4,0,0,0,0,0,0,33,33,7,7,5,6,4,1,3,26,12,14,3,26,0,5,2
533216381,0,,,103,55,48,6,2,4,97,53,44,56,34,22,96,52,44,95,51,44,41,19,22,18,8,10,7,2,5,1,0,1,0,0,0,28,28,0,6,8,7,3,4,0,28,15,13,1,25,0,0,3
533216382,0,,,36,16,20,1,1,0,35,15,20,19,9,10,35,15,20,35,15,20,16,6,10,7,2,5,1,0,1,0,0,0,0,0,0,14,14,1,9,2,1,0,0,1,13,11,2,0,11,0,0,5
533216383,0,,,238,115,123,27,10,17,211,105,106,131,73,58,205,103,102,199,99,100,80,32,48,47,17,30,14,3,11,1,0,1,0,0,0,59,58,6,11,14,7,5,8,7,52,24,28,7,44,0,2,7
533216384,0,,,37,19,18,3,2,1,34,17,17,22,11,11,33,16,17,32,16,16,12,6,6,4,2,2,2,1,1,0,0,0,0,0,0,11,11,2,2,2,1,3,1,0,9,5,4,1,8,0,2,1
533216391,2,533216293,,6,4,2,*,*,*,*,*,*,*,*,*,*,*,*,*,*,*,*,*,*,*,*,*,*,*,*,*,*,*,*,*,*,2,2,*,*,*,*,*,*,*,*,*,*,*,*,*,*,*
533216392,2,533216293,,3,1,2,*,*,*,*,*,*,*,*,*,*,*,*,*,*,*,*,*,*,*,*,*,*,*,*,*,*,*,*,*,*,1,1,*,*,*,*,*,*,*,*,*,*,*,*,*,*,*
533216402,0,,,18,10,8,1,0,1,17,10,7,11,7,4,17,10,7,17,10,7,6,3,3,4,2,2,2,1,1,0,0,0,0,0,0,6,6,2,1,0,1,2,0,0,4,2,2,0,5,0,1,1
533216403,0,,,54,24,30,5,2,3,49,22,27,25,13,12,48,22,26,47,21,26,24,9,15,16,6,10,8,3,5,0,0,0,0,0,0,22,22,8,5,3,4,1,1,0,14,10,4,2,15,0,4,3
533216404,0,,,213,105,108,12,8,4,201,97,104,112,56,56,196,94,102,194,94,100,89,41,48,48,18,30,18,4,14,1,0,1,0,0,0,76,76,18,20,18,8,7,2,3,57,36,21,3,60,0,16,8
533216412,0,,,26,15,11,8,6,2,18,9,9,12,7,5,18,9,9,18,9,9,6,2,4,3,1,2,1,0,1,1,0,1,0,0,0,4,4,0,0,0,1,0,1,2,4,0,4,2,3,0,0,0
533216413,0,,,38,16,22,4,2,2,34,14,20,10,4,6,34,14,20,34,14,20,24,10,14,17,5,12,15,5,10,5,0,5,0,0,0,8,7,1,1,2,2,1,0,0,6,4,2,1,5,0,1,1
533216414,0,,,47,26,21,6,4,2,41,22,19,23,12,11,41,22,19,41,22,19,18,10,8,7,4,3,5,3,2,2,1,1,0,0,0,15,15,2,4,3,4,1,0,1,13,6,7,2,11,0,2,2
533216421,0,,,32,16,16,5,2,3,27,14,13,14,8,6,27,14,13,27,14,13,13,6,7,4,2,2,3,1,2,0,0,0,0,0,0,11,11,2,5,1,2,0,0,1,9,8,1,2,7,0,1,3
533216422,0,,,42,21,21,3,3,0,39,18,21,21,12,9,38,18,20,37,17,20,18,6,12,10,3,7,3,1,2,2,1,1,0,0,0,13,13,1,4,3,2,2,1,0,12,6,6,0,12,0,0,1
533216423,0,,,22,10,12,4,2,2,18,8,10,12,6,6,18,8,10,18,8,10,6,2,4,3,0,3,2,0,2,0,0,0,0,0,0,6,6,2,1,0,0,2,0,1,4,1,3,1,5,0,2,0
533216431,0,,,34,19,15,3,2,1,31,17,14,15,9,6,29,15,14,28,14,14,16,8,8,5,2,3,3,1,2,0,0,0,0,0,0,12,12,4,3,1,1,1,2,0,8,4,4,1,10,0,4,3
533216432,0,,,32,15,17,2,0,2,30,15,15,23,13,10,29,14,15,29,14,15,7,2,5,4,0,4,3,0,3,0,0,0,0,0,0,8,8,1,0,2,1,3,1,0,7,2,5,1,5,0,0,0
533216433,2,533216434,,11,5,6,*,*,*,*,*,*,*,*,*,*,*,*,*,*,*,*,*,*,*,*,*,*,*,*,*,*,*,*,*,*,3,3,*,*,*,*,*,*,*,*,*,*,*,*,*,*,*
533216434,1,,533216433;533216531,7,4,3,0,0,0,25,13,12,14,9,5,23,12,11,23,12,11,11,4,7,2,0,2,1,0,1,0,0,0,0,0,0,3,3,3,4,1,1,0,0,1,7,6,1,0,7,0,2,2
533216441,0,,,15,8,7,1,0,1,14,8,6,8,6,2,12,7,5,12,7,5,6,2,4,2,0,2,1,0,1,0,0,0,0,0,0,4,4,1,1,0,0,1,0,1,3,1,2,0,3,0,0,0
533216442,0,,,29,15,14,4,1,3,25,14,11,16,9,7,22,11,11,22,11,11,9,5,4,5,3,2,1,0,1,0,0,0,0,0,0,9,9,2,3,1,0,1,1,1,7,5,2,0,6,0,2,1
533216443,0,,,27,11,16,5,2,3,22,9,13,13,4,9,21,9,12,21,9,12,9,5,4,4,2,2,3,1,2,0,0,0,1,0,1,7,7,0,2,2,1,0,1,1,7,3,4,2,7,0,0,1
533216444,0,,,12,6,6,2,1,1,10,5,5,7,4,3,9,4,5,9,4,5,3,1,2,1,0,1,0,0,0,0,0,0,0,0,0,4,4,2,0,0,1,0,1,0,2,0,2,0,3,0,1,0
533216451,0,,,59,30,29,7,3,4,52,27,25,26,13,13,51,27,24,51,27,24,26,14,12,9,6,3,2,1,1,0,0,0,0,0,0,22,22,6,6,4,3,1,2,0,16,10,6,1,16,1,2,3
533216452,0,,,64,29,35,2,2,0,62,27,35,23,12,11,59,25,34,59,25,34,39,15,24,21,7,14,13,4,9,6,3,3,0,0,0,21,20,6,4,3,4,2,1,0,14,8,6,0,17,0,4,2
533216453,0,,,49,25,24,3,1,2,46,24,22,25,15,10,43,23,20,42,22,20,21,9,12,10,4,6,2,1,1,0,0,0,0,0,0,13,13,2,2,2,2,2,2,1,11,3,8,0,12,0,1,1
533216454,0,,,86,46,40,8,7,1,78,39,39,44,21,23,74,36,38,73,36,37,34,18,16,20,9,11,5,2,3,2,1,1,0,0,0,24,24,3,6,3,4,4,2,2,21,9,12,2,21,0,2,5
533216461,1,,533216462,106,52,54,8,3,5,110,54,56,63,34,29,102,49,53,100,47,53,47,20,27,21,7,14,13,4,9,2,1,1,0,0,0,38,38,11,12,3,6,5,3,1,30,18,12,4,29,0,5,6
533216462,2,533216461,,12,5,7,*,*,*,*,*,*,*,*,*,*,*,*,*,*,*,*,*,*,*,*,*,*,*,*,*,*,*,*,*,*,3,3,*,*,*,*,*,*,*,*,*,*,*,*,*,*,*
533216463,0,,,51,23,28,6,3,3,45,20,25,24,12,12,43,19,24,43,19,24,21,8,13,13,6,7,5,3,2,1,0,1,0,0,0,17,17,3,3,6,2,2,1,0,14,7,7,2,13,0,3,2
533216464,0,,,92,43,49,12,4,8,80,39,41,39,20,19,80,39,41,79,38,41,41,19,22,23,10,13,15,6,9,1,1,0,0,0,0,24,23,2,5,6,3,3,2,2,21,10,11,4,20,0,2,3
533216471,2,533216472,,8,4,4,*,*,*,*,*,*,*,*,*,*,*,*,*,*,*,*,*,*,*,*,*,*,*,*,*,*,*,*,*,*,2,2,*,*,*,*,*,*,*,*,*,*,*,*,*,*,*
533216472,1,,533216471,124,59,65,18,7,11,114,56,58,72,34,38,109,55,54,106,52,54,42,22,20,19,9,10,4,3,1,0,0,0,1,0,1,34,34,2,7,8,12,2,3,2,34,16,18,4,29,0,2,3
533216473,0,,,108,58,50,19,9,10,87,48,39,54,32,22,87,48,39,87,48,39,33,16,17,10,4,6,3,1,2,0,0,0,1,0,1,36,36,3,13,7,9,2,2,0,32,25,7,5,21,0,0,6
533216474,0,,,135,65,70,25,13,12,110,52,58,64,32,32,107,51,56,107,51,56,46,20,26,18,6,12,6,2,4,2,1,1,1,0,1,39,39,2,9,12,8,4,2,2,37,22,15,8,29,0,2,4
533216481,0,,,345,155,190,44,20,24,301,135,166,198,94,104,291,130,161,284,129,155,103,41,62,60,25,35,15,5,10,0,0,0,0,0,0,136,136,48,32,19,18,12,5,2,87,58,29,13,78,0,27,11
533216482,0,,,126,60,66,20,13,7,106,47,59,59,28,31,101,45,56,100,45,55,47,19,28,26,10,16,10,4,6,0,0,0,1,0,1,35,35,5,7,7,7,3,3,3,30,12,18,4,29,0,4,5
533216483,0,,,16,8,8,0,0,0,16,8,8,7,3,4,16,8,8,16,8,8,9,5,4,4,2,2,2,1,1,0,0,0,0,0,0,6,6,1,1,3,1,0,0,0,5,4,1,0,5,0,0,0
533216484,0,,,162,80,82,26,15,11,136,65,71,80,35,45,131,62,69,128,61,67,56,30,26,16,11,5,1,0,1,0,0,0,0,0,0,48,48,3,20,8,4,3,8,2,45,30,15,9,32,0,3,13
533216493,0,,,163,80,83,21,9,12,142,71,71,93,51,42,140,70,70,137,67,70,49,20,29,22,7,15,8,1,7,1,0,1,0,0,0,49,49,6,12,12,7,7,2,3,43,28,15,5,32,0,4,5
533216494,0,,,53,28,25,4,2,2,49,26,23,32,15,17,49,26,23,47,24,23,17,11,6,9,4,5,2,1,1,0,0,0,0,0,0,17,17,1,7,5,0,1,3,0,16,11,5,1,12,0,1,3
533216501,0,,,136,62,74,9,4,5,127,58,69,68,34,34,125,57,68,122,54,68,59,24,35,36,16,20,11,4,7,3,0,3,0,0,0,49,49,8,17,12,5,5,1,1,41,27,14,2,38,0,5,7
533216531,2,533216434,,7,4,3,*,*,*,*,*,*,*,*,*,*,*,*,*,*,*,*,*,*,*,*,*,*,*,*,*,*,*,*,*,*,4,4,*,*,*,*,*,*,*,*,*,*,*,*,*,*,*
533216541,2,533216542,,10,5,5,*,*,*,*,*,*,*,*,*,*,*,*,*,*,*,*,*,*,*,*,*,*,*,*,*,*,*,*,*,*,3,3,*,*,*,*,*,*,*,*,*,*,*,*,*,*,*
533216542,1,,533216541;533216544,48,27,21,6,4,2,60,32,28,26,16,10,58,31,27,58,31,27,34,16,18,16,6,10,8,3,5,3,1,2,0,0,0,17,17,2,9,5,2,2,1,1,20,13,7,2,19,0,2,5
533216543,1,,533216641,45,19,26,5,1,4,42,19,23,24,10,14,41,18,23,39,18,21,18,9,9,12,6,6,7,3,4,0,0,0,4,0,4,16,16,6,4,2,2,1,0,2,10,7,3,2,10,3,1,4
533216544,2,533216542,,8,4,4,*,*,*,*,*,*,*,*,*,*,*,*,*,*,*,*,*,*,*,*,*,*,*,*,*,*,*,*,*,*,2,2,*,*,*,*,*,*,*,*,*,*,*,*,*,*,*
533216551,0,,,11,6,5,0,0,0,11,6,5,4,3,1,11,6,5,11,6,5,7,3,4,2,0,2,2,0,2,0,0,0,0,0,0,5,5,2,1,1,1,0,0,0,3,2,1,0,5,0,2,0
533216552,0,,,23,12,11,3,3,0,20,9,11,10,5,5,20,9,11,20,9,11,10,4,6,7,2,5,3,1,2,1,0,1,0,0,0,8,8,2,3,0,1,1,1,0,6,3,3,0,6,0,1,2
533216553,0,,,40,19,21,6,1,5,34,18,16,19,10,9,34,18,16,34,18,16,15,8,7,9,3,6,6,2,4,0,0,0,1,0,1,14,14,4,3,4,0,2,0,1,9,6,3,2,11,0,3,0
533216554,0,,,65,31,34,4,3,1,61,28,33,34,15,19,60,28,32,59,28,31,27,13,14,19,9,10,9,4,5,0,0,0,0,0,0,19,19,3,5,2,4,2,1,2,16,7,9,2,17,0,2,0
533216561,0,,,43,20,23,6,3,3,37,17,20,25,12,13,35,16,19,34,16,18,12,5,7,7,2,5,4,1,3,1,0,1,0,0,0,14,14,1,4,4,3,2,0,0,13,9,4,1,7,0,1,1
533216562,0,,,38,18,20,7,2,5,31,16,15,14,9,5,29,14,15,29,14,15,17,7,10,7,3,4,3,0,3,0,0,0,0,0,0,10,10,0,5,0,1,1,2,1,10,6,4,0,8,0,0,4
533216563,0,,,37,12,25,4,2,2,33,10,23,20,6,14,33,10,23,33,10,23,13,4,9,7,2,5,1,0,1,0,0,0,0,0,0,14,14,4,3,3,3,0,1,0,10,6,4,1,10,0,3,2
533216564,0,,,27,13,14,1,0,1,26,13,13,14,7,7,24,13,11,23,13,10,12,6,6,7,4,3,3,2,1,0,0,0,0,0,0,8,8,0,4,0,2,1,1,0,8,4,4,0,8,0,0,2
533216571,0,,,68,34,34,10,7,3,58,27,31,35,18,17,58,27,31,58,27,31,23,9,14,8,2,6,6,0,6,0,0,0,0,0,0,18,18,2,3,5,2,2,1,3,16,7,9,4,13,0,1,1
533216572,0,,,50,24,26,9,5,4,41,19,22,26,13,13,40,18,22,39,18,21,15,6,9,9,3,6,2,0,2,0,0,0,0,0,0,13,13,1,3,2,2,2,2,1,12,5,7,2,10,0,1,2
533216573,0,,,53,25,28,6,2,4,47,23,24,33,16,17,44,21,23,42,21,21,14,7,7,5,3,2,1,0,1,0,0,0,0,0,0,14,14,2,2,4,1,1,2,2,12,7,5,1,10,0,2,0
533216574,0,,,58,32,26,12,8,4,46,24,22,29,14,15,45,23,22,45,23,22,17,10,7,4,2,2,2,1,1,0,0,0,0,0,0,15,15,1,3,5,1,1,2,2,14,9,5,4,10,0,0,2
533216581,2,533216582,,2,2,0,*,*,*,*,*,*,*,*,*,*,*,*,*,*,*,*,*,*,*,*,*,*,*,*,*,*,*,*,*,*,1,1,*,*,*,*,*,*,*,*,*,*,*,*,*,*,*
533216582,1,,533216581;533216583;533216584,164,62,102,6,5,1,173,65,108,61,34,27,169,63,106,167,62,105,112,31,81,85,17,68,67,10,57,16,0,16,0,0,0,30,29,8,5,9,7,3,1,1,26,19,7,2,23,0,5,2
533216583,2,533216582,,10,5,5,*,*,*,*,*,*,*,*,*,*,*,*,*,*,*,*,*,*,*,*,*,*,*,*,*,*,*,*,*,*,3,3,*,*,*,*,*,*,*,*,*,*,*,*,*,*,*
533216584,2,533216582,,3,1,2,*,*,*,*,*,*,*,*,*,*,*,*,*,*,*,*,*,*,*,*,*,*,*,*,*,*,*,*,*,*,1,1,*,*,*,*,*,*,*,*,*,*,*,*,*,*,*
533216591,0,,,84,41,43,10,5,5,74,36,38,49,23,26,73,35,38,73,35,38,25,13,12,12,5,7,4,1,3,0,0,0,1,0,1,25,25,1,5,12,1,4,1,1,24,16,8,5,14,0,0,3
533216592,0,,,74,42,32,8,7,1,66,35,31,38,21,17,64,33,31,64,33,31,28,14,14,14,6,8,4,1,3,1,0,1,0,0,0,21,21,3,3,7,2,2,3,1,18,6,12,2,19,0,3,3
533216593,0,,,65,34,31,12,8,4,53,26,27,27,12,15,51,26,25,51,26,25,26,14,12,9,5,4,5,2,3,0,0,0,0,0,0,19,19,4,3,5,2,2,1,2,15,6,9,1,17,0,4,1
533216594,0,,,55,26,29,6,5,1,49,21,28,38,15,23,47,21,26,45,21,24,11,6,5,4,1,3,2,0,2,0,0,0,0,0,0,13,13,1,0,4,4,2,0,2,12,7,5,2,8,0,1,0
533216602,1,,533216603,16,8,8,0,0,0,23,11,12,7,6,1,23,11,12,23,11,12,16,5,11,8,3,5,5,1,4,0,0,0,0,0,0,8,8,4,4,1,2,0,0,0,7,4,3,0,10,0,3,2
533216603,2,533216602,,7,3,4,*,*,*,*,*,*,*,*,*,*,*,*,*,*,*,*,*,*,*,*,*,*,*,*,*,*,*,*,*,*,3,3,*,*,*,*,*,*,*,*,*,*,*,*,*,*,*
533216611,1,,533216613,40,17,23,3,1,2,39,17,22,20,8,12,38,17,21,37,17,20,19,9,10,7,2,5,4,1,3,1,0,1,0,0,0,12,12,1,5,3,1,1,1,1,12,6,6,1,9,0,0,3
533216612,0,,,17,7,10,0,0,0,17,7,10,8,4,4,17,7,10,17,7,10,9,3,6,7,2,5,5,1,4,0,0,0,0,0,0,6,6,0,2,3,1,0,0,0,6,4,2,0,6,0,0,1
533216613,2,533216611,,2,1,1,*,*,*,*,*,*,*,*,*,*,*,*,*,*,*,*,*,*,*,*,*,*,*,*,*,*,*,*,*,*,1,1,*,*,*,*,*,*,*,*,*,*,*,*,*,*,*
533216641,2,533216543,,2,1,1,*,*,*,*,*,*,*,*,*,*,*,*,*,*,*,*,*,*,*,*,*,*,*,*,*,*,*,*,*,*,1,1,*,*,*,*,*,*,*,*,*,*,*,*,*,*,*
533216651,1,,533216652,14,6,8,2,1,1,15,6,9,6,3,3,13,6,7,13,6,7,9,3,6,6,3,3,4,1,3,1,0,1,0,0,0,4,4,1,1,1,0,1,1,0,3,1,2,0,4,0,0,1
533216652,2,533216651,,3,1,2,*,*,*,*,*,*,*,*,*,*,*,*,*,*,*,*,*,*,*,*,*,*,*,*,*,*,*,*,*,*,1,1,*,*,*,*,*,*,*,*,*,*,*,*,*,*,*
533216653,0,,,13,6,7,0,0,0,13,6,7,3,1,2,13,6,7,13,6,7,10,5,5,5,2,3,0,0,0,0,0,0,0,0,0,7,7,2,4,1,0,0,0,0,5,4,1,0,7,0,2,3
533216654,0,,,35,14,21,14,6,8,21,8,13,15,6,9,20,8,12,20,8,12,6,2,4,0,0,0,0,0,0,0,0,0,0,0,0,8,8,0,2,0,2,3,0,1,8,5,3,3,5,0,0,1
533216661,0,,,56,28,28,8,5,3,48,23,25,33,16,17,44,20,24,44,20,24,15,7,8,7,3,4,2,0,2,0,0,0,0,0,0,15,15,2,3,2,3,1,3,1,13,8,5,1,9,0,1,2
533216662,0,,,10,6,4,0,0,0,10,6,4,2,2,0,10,6,4,10,6,4,8,4,4,2,1,1,0,0,0,0,0,0,0,0,0,4,4,0,2,2,0,0,0,0,4,4,0,0,4,0,0,2
533216663,0,,,58,28,30,5,4,1,53,24,29,28,13,15,52,24,28,51,24,27,25,11,14,11,4,7,6,1,5,0,0,0,0,0,0,20,20,5,6,2,3,1,3,0,15,9,6,1,14,0,3,4
533216664,0,,,33,18,15,4,3,1,29,15,14,15,6,9,28,15,13,27,14,13,14,9,5,6,3,3,3,2,1,0,0,0,0,0,0,13,13,5,4,1,1,1,0,1,8,6,2,1,10,0,4,3
533216671,0,,,20,10,10,3,2,1,17,8,9,10,5,5,17,8,9,17,8,9,7,3,4,2,0,2,0,0,0,0,0,0,0,0,0,8,8,2,4,1,0,0,0,1,6,4,2,1,6,0,1,3
533216672,1,,533216674,46,21,25,6,3,3,44,20,24,22,11,11,44,20,24,44,20,24,22,9,13,14,6,8,6,2,4,0,0,0,0,0,0,12,12,1,5,2,2,1,2,1,13,8,5,0,14,0,1,2
533216673,0,,,40,18,22,1,0,1,39,18,21,28,15,13,39,18,21,39,18,21,11,3,8,7,2,5,4,1,3,0,0,0,0,0,0,11,11,1,2,2,2,3,1,0,10,5,5,1,8,0,1,0
533216674,2,533216672,,4,2,2,*,*,*,*,*,*,*,*,*,*,*,*,*,*,*,*,*,*,*,*,*,*,*,*,*,*,*,*,*,*,2,2,*,*,*,*,*,*,*,*,*,*,*,*,*,*,*
533216681,2,533216684,,15,7,8,*,*,*,*,*,*,*,*,*,*,*,*,*,*,*,*,*,*,*,*,*,*,*,*,*,*,*,*,*,*,3,3,*,*,*,*,*,*,*,*,*,*,*,*,*,*,*
533216682,2,533216684,,6,3,3,*,*,*,*,*,*,*,*,*,*,*,*,*,*,*,*,*,*,*,*,*,*,*,*,*,*,*,*,*,*,2,2,*,*,*,*,*,*,*,*,*,*,*,*,*,*,*
533216684,1,,533216681;533216682,31,13,18,3,1,2,49,22,27,28,12,16,48,21,27,46,21,25,21,10,11,6,3,3,4,1,3,2,1,1,0,0,0,9,9,0,2,7,3,0,1,1,14,8,6,1,13,0,0,1
533216691,0,,,50,20,30,6,1,5,44,19,25,22,8,14,43,19,24,43,19,24,22,11,11,6,3,3,2,0,2,0,0,0,0,0,0,14,14,2,2,5,2,0,0,3,12,8,4,1,13,0,1,1
533216692,0,,,34,18,16,5,3,2,29,15,14,15,8,7,27,13,14,26,13,13,14,7,7,4,1,3,3,1,2,0,0,0,1,0,1,9,9,1,3,1,1,0,1,2,8,3,5,2,9,0,1,3
533216693,0,,,14,7,7,2,0,2,12,7,5,7,4,3,12,7,5,12,7,5,5,3,2,1,1,0,0,0,0,0,0,0,0,0,0,5,5,2,0,1,1,1,0,0,3,1,2,1,4,0,1,0
533216694,0,,,65,31,34,5,1,4,60,30,30,32,18,14,58,30,28,58,30,28,28,12,16,13,5,8,3,1,2,0,0,0,0,0,0,21,21,3,7,4,4,0,1,2,18,11,7,0,16,0,1,4
533216701,0,,,42,19,23,4,2,2,38,17,21,16,7,9,37,17,20,37,17,20,22,10,12,11,3,8,5,2,3,0,0,0,0,0,0,17,17,5,5,2,4,1,0,0,12,8,4,1,15,0,4,3
533216702,0,,,16,9,7,2,2,0,14,7,7,8,5,3,14,7,7,14,7,7,6,2,4,5,2,3,3,1,2,0,0,0,0,0,0,5,5,0,2,1,1,1,0,0,5,3,2,1,5,0,0,1
533216712,2,533216721,,2,2,0,*,*,*,*,*,*,*,*,*,*,*,*,*,*,*,*,*,*,*,*,*,*,*,*,*,*,*,*,*,*,1,1,*,*,*,*,*,*,*,*,*,*,*,*,*,*,*
533216721,1,,533216712;533216723,82,42,40,3,3,0,87,44,43,39,20,19,84,43,41,83,43,40,48,24,24,23,11,12,5,2,3,0,0,0,0,0,0,38,38,16,16,6,2,2,1,0,27,23,4,1,33,0,12,12
533216723,2,533216721,,6,3,3,*,*,*,*,*,*,*,*,*,*,*,*,*,*,*,*,*,*,*,*,*,*,*,*,*,*,*,*,*,*,4,4,*,*,*,*,*,*,*,*,*,*,*,*,*,*,*
533216733,0,,,18,8,10,0,0,0,18,8,10,8,3,5,18,8,10,17,8,9,10,5,5,7,3,4,2,1,1,0,0,0,0,0,0,8,8,2,3,2,1,0,0,0,6,5,1,0,7,0,2,3
533216734,0,,,62,38,24,2,1,1,60,37,23,31,23,8,59,36,23,58,35,23,29,14,15,14,6,8,6,2,4,0,0,0,0,0,0,24,24,6,6,7,2,3,0,0,18,12,6,0,20,0,4,4
533216743,0,,,16,9,7,3,1,2,13,8,5,6,4,2,12,7,5,11,7,4,7,4,3,5,3,2,0,0,0,0,0,0,0,0,0,5,5,2,1,1,0,0,0,1,3,2,1,0,5,0,2,0
533216751,2,533216752,,11,6,5,*,*,*,*,*,*,*,*,*,*,*,*,*,*,*,*,*,*,*,*,*,*,*,*,*,*,*,*,*,*,3,3,*,*,*,*,*,*,*,*,*,*,*,*,*,*,*
533216752,1,,533216751,47,21,26,6,5,1,52,22,30,16,8,8,51,21,30,51,21,30,36,14,22,21,6,15,10,3,7,3,0,3,1,0,1,14,13,2,4,5,3,1,0,1,14,9,5,1,15,0,2,3
533216761,2,533216762,,4,2,2,*,*,*,*,*,*,*,*,*,*,*,*,*,*,*,*,*,*,*,*,*,*,*,*,*,*,*,*,*,*,1,1,*,*,*,*,*,*,*,*,*,*,*,*,*,*,*
533216762,1,,533216761,8,5,3,0,0,0,12,7,5,5,3,2,12,7,5,12,7,5,7,4,3,4,2,2,1,0,1,0,0,0,0,0,0,4,4,1,2,1,1,0,0,0,4,3,1,0,4,0,1,2
533216771,2,533216772,,7,2,5,*,*,*,*,*,*,*,*,*,*,*,*,*,*,*,*,*,*,*,*,*,*,*,*,*,*,*,*,*,*,5,5,*,*,*,*,*,*,*,*,*,*,*,*,*,*,*
533216772,1,,533216771;533216774,4,2,2,1,1,0,16,6,10,10,4,6,15,6,9,15,6,9,6,2,4,3,1,2,1,0,1,0,0,0,0,0,0,1,1,3,2,0,1,0,1,0,4,3,1,0,4,0,2,2
533216773,0,,,13,4,9,1,0,1,12,4,8,5,1,4,12,4,8,12,4,8,7,3,4,2,1,1,1,1,0,0,0,0,0,0,0,4,4,0,2,1,0,0,1,0,4,3,1,1,4,0,0,1
533216774,2,533216772,,6,3,3,*,*,*,*,*,*,*,*,*,*,*,*,*,*,*,*,*,*,*,*,*,*,*,*,*,*,*,*,*,*,1,1,*,*,*,*,*,*,*,*,*,*,*,*,*,*,*
533216792,0,,,23,12,11,4,2,2,19,10,9,10,4,6,19,10,9,19,10,9,9,6,3,4,2,2,0,0,0,0,0,0,0,0,0,7,7,1,3,0,1,0,2,0,6,3,3,1,7,0,1,2
533216854,0,,,49,26,23,1,1,0,48,25,23,25,15,10,46,23,23,44,21,23,23,10,13,10,4,6,2,0,2,0,0,0,0,0,0,17,17,1,7,5,2,1,1,0,16,10,6,0,15,0,1,6
533216863,0,,,51,24,27,9,4,5,42,20,22,25,13,12,42,20,22,42,20,22,17,7,10,7,2,5,4,1,3,1,0,1,1,0,1,14,14,3,3,1,2,1,3,1,11,4,7,3,11,0,2,1
533216893,0,,,15,7,8,3,1,2,12,6,6,6,3,3,12,6,6,12,6,6,6,3,3,2,1,1,2,1,1,0,0,0,0,0,0,5,5,0,2,1,2,0,0,0,5,4,1,1,3,0,0,2
533216961,0,,,218,113,105,14,9,5,204,104,100,109,59,50,202,103,99,201,103,98,95,45,50,51,21,30,15,5,10,0,0,0,0,0,0,77,77,15,25,15,12,4,4,2,62,37,25,6,64,0,14,9
533216962,0,,,9,5,4,0,0,0,9,5,4,5,3,2,9,5,4,9,5,4,4,2,2,1,0,1,1,0,1,0,0,0,0,0,0,4,4,1,1,2,0,0,0,0,3,2,1,0,3,0,1,0
533216963,0,,,156,77,79,9,6,3,147,71,76,82,44,38,143,70,73,142,70,72,65,27,38,28,9,19,8,1,7,0,0,0,1,0,1,65,65,17,26,11,6,2,2,1,47,34,13,1,48,0,10,10
533216964,0,,,28,14,14,3,0,3,25,14,11,19,12,7,25,14,11,25,14,11,6,2,4,3,1,2,1,0,1,0,0,0,0,0,0,10,10,0,3,6,1,0,0,0,10,10,0,1,4,0,0,1
533216974,0,,,8,4,4,0,0,0,8,4,4,2,1,1,8,4,4,8,4,4,6,3,3,3,1,2,0,0,0,0,0,0,0,0,0,4,4,0,4,0,0,0,0,0,4,4,0,0,3,0,0,3
533216981,2,533216984,,4,2,2,*,*,*,*,*,*,*,*,*,*,*,*,*,*,*,*,*,*,*,*,*,*,*,*,*,*,*,*,*,*,2,2,*,*,*,*,*,*,*,*,*,*,*,*,*,*,*
533216984,1,,533216981,34,15,19,0,0,0,38,17,21,16,9,7,37,17,20,37,17,20,22,8,14,9,1,8,5,1,4,2,0,2,0,0,0,15,15,6,3,6,2,0,0,0,11,6,5,0,15,0,4,2
533217001,1,,533217002,30,13,17,7,3,4,37,19,18,22,13,9,34,17,17,34,17,17,15,6,9,7,1,6,7,1,6,0,0,0,1,0,1,8,8,1,2,2,4,2,0,1,11,4,7,2,10,0,1,0
533217002,2,533217001,,14,9,5,*,*,*,*,*,*,*,*,*,*,*,*,*,*,*,*,*,*,*,*,*,*,*,*,*,*,*,*,*,*,4,4,*,*,*,*,*,*,*,*,*,*,*,*,*,*,*
533217003,1,,533217004,28,12,16,3,1,2,27,13,14,17,8,9,27,13,14,27,13,14,10,5,5,5,1,4,2,0,2,0,0,0,2,2,0,7,7,2,2,1,2,0,1,1,7,2,5,1,7,2,0,1
533217004,2,533217003,,2,2,0,*,*,*,*,*,*,*,*,*,*,*,*,*,*,*,*,*,*,*,*,*,*,*,*,*,*,*,*,*,*,2,2,*,*,*,*,*,*,*,*,*,*,*,*,*,*,*
533217042,0,,,48,26,22,2,1,1,46,25,21,26,16,10,45,24,21,45,24,21,20,9,11,9,5,4,3,3,0,0,0,0,0,0,0,17,17,2,10,1,1,1,1,1,15,13,2,0,12,0,1,5
533217051,0,,,132,65,67,15,7,8,117,58,59,71,37,34,116,58,58,114,56,58,46,21,25,20,6,14,11,3,8,1,0,1,0,0,0,34,33,4,9,4,6,3,3,4,29,14,15,6,27,0,3,3
533217052,0,,,112,52,60,8,5,3,104,47,57,57,29,28,101,46,55,100,45,55,47,18,29,29,9,20,15,5,10,1,0,1,2,1,1,35,35,3,14,6,3,4,4,1,32,19,13,3,28,0,3,6
533217054,0,,,141,68,73,15,10,5,125,57,68,71,33,38,125,57,68,123,56,67,54,24,30,38,16,22,13,6,7,0,0,0,0,0,0,40,40,5,7,10,9,5,0,4,35,17,18,4,33,0,3,6
533217061,0,,,275,133,142,30,16,14,243,116,127,123,62,61,236,114,122,227,107,120,120,54,66,63,28,35,13,5,8,2,0,2,0,0,0,105,105,24,40,16,11,6,7,1,81,62,19,3,75,0,16,28
533217062,0,,,45,20,25,5,1,4,40,19,21,21,12,9,37,17,20,37,17,20,19,7,12,10,4,6,5,2,3,1,0,1,0,0,0,12,12,1,3,3,2,0,1,2,11,7,4,0,9,0,0,2
533217063,0,,,84,45,39,7,2,5,77,43,34,45,27,18,74,40,34,74,40,34,32,16,16,15,8,7,6,2,4,0,0,0,0,0,0,27,27,8,4,5,4,2,2,2,18,11,7,3,20,0,3,1
533217064,0,,,103,46,57,14,6,8,89,40,49,52,25,27,86,37,49,83,36,47,37,15,22,21,6,15,11,3,8,0,0,0,0,0,0,37,37,9,9,10,4,3,0,2,28,17,11,3,27,0,8,4
533217071,2,533217073,,8,4,4,*,*,*,*,*,*,*,*,*,*,*,*,*,*,*,*,*,*,*,*,*,*,*,*,*,*,*,*,*,*,2,2,*,*,*,*,*,*,*,*,*,*,*,*,*,*,*
533217072,0,,,85,40,45,5,2,3,80,38,42,44,21,23,75,37,38,73,35,38,36,17,19,25,12,13,8,4,4,0,0,0,0,0,0,27,27,5,5,8,4,3,0,2,22,13,9,0,20,0,4,2
533217073,1,,533217071,110,55,55,7,6,1,108,51,57,62,32,30,104,47,57,102,46,56,46,19,27,20,7,13,8,3,5,0,0,0,2,2,0,47,47,14,15,11,7,0,1,1,34,25,9,3,30,0,3,10
533217074,0,,,18,10,8,1,1,0,17,9,8,10,5,5,17,9,8,16,8,8,7,4,3,2,2,0,1,1,0,0,0,0,0,0,0,6,6,1,3,0,0,1,1,0,5,3,2,0,6,0,1,1
533217081,0,,,29,15,14,1,0,1,28,15,13,13,7,6,28,15,13,27,14,13,15,8,7,4,2,2,2,1,1,0,0,0,0,0,0,10,10,1,1,6,2,0,0,0,9,6,3,1,9,0,1,1
533217082,0,,,21,12,9,4,3,1,17,9,8,10,5,5,16,8,8,16,8,8,7,4,3,2,1,1,0,0,0,0,0,0,0,0,0,6,6,0,3,1,0,1,0,1,6,5,1,0,4,0,0,2
533217083,2,533217084,,3,2,1,*,*,*,*,*,*,*,*,*,*,*,*,*,*,*,*,*,*,*,*,*,*,*,*,*,*,*,*,*,*,2,2,*,*,*,*,*,*,*,*,*,*,*,*,*,*,*
533217084,1,,533217083,11,5,6,2,0,2,12,7,5,6,3,3,12,7,5,11,6,5,6,4,2,1,1,0,0,0,0,0,0,0,0,0,0,2,2,1,1,0,1,0,0,1,3,2,1,1,3,0,1,1
533217091,2,533217093,,11,6,5,*,*,*,*,*,*,*,*,*,*,*,*,*,*,*,*,*,*,*,*,*,*,*,*,*,*,*,*,*,*,2,2,*,*,*,*,*,*,*,*,*,*,*,*,*,*,*
533217092,2,533217093,,11,6,5,*,*,*,*,*,*,*,*,*,*,*,*,*,*,*,*,*,*,*,*,*,*,*,*,*,*,*,*,*,*,3,3,*,*,*,*,*,*,*,*,*,*,*,*,*,*,*
533217093,1,,533217091;533217092,65,31,34,9,4,5,78,39,39,47,22,25,77,38,39,75,36,39,31,17,14,12,5,7,7,3,4,0,0,0,0,0,0,22,22,4,6,7,4,2,4,0,23,15,8,0,20,0,4,4
533217094,0,,,36,21,15,0,0,0,36,21,15,15,11,4,36,21,15,34,19,15,21,10,11,12,7,5,8,5,3,2,1,1,0,0,0,10,10,1,3,0,3,1,2,0,9,4,5,0,10,0,1,3
533217101,0,,,16,9,7,1,1,0,15,8,7,10,6,4,15,8,7,15,8,7,5,2,3,3,1,2,2,0,2,0,0,0,0,0,0,4,4,0,0,2,0,2,0,0,4,0,4,0,3,0,0,0
533217181,2,533217182,,4,1,3,*,*,*,*,*,*,*,*,*,*,*,*,*,*,*,*,*,*,*,*,*,*,*,*,*,*,*,*,*,*,2,2,*,*,*,*,*,*,*,*,*,*,*,*,*,*,*
533217182,1,,533217181,37,13,24,4,0,4,37,14,23,14,5,9,37,14,23,37,14,23,23,9,14,10,3,7,3,1,2,0,0,0,0,0,0,15,15,6,3,6,1,0,0,1,11,7,4,1,15,0,5,2
533217184,0,,,25,11,14,1,0,1,24,11,13,9,4,5,24,11,13,23,10,13,15,7,8,9,4,5,2,1,1,0,0,0,0,0,0,11,11,3,6,0,1,0,1,0,8,6,2,0,11,0,3,5
533217191,0,,,67,30,37,5,1,4,62,29,33,42,20,22,60,28,32,60,28,32,20,9,11,8,2,6,3,0,3,0,0,0,0,0,0,23,23,4,6,8,1,2,1,1,19,14,5,1,15,0,3,2
533217192,0,,,123,51,72,26,14,12,97,37,60,53,21,32,94,34,60,94,34,60,44,16,28,20,6,14,8,2,6,0,0,0,0,0,0,52,52,14,17,12,7,1,1,0,38,33,5,6,30,0,11,8
533217193,0,,,34,16,18,1,1,0,33,15,18,16,7,9,33,15,18,33,15,18,17,8,9,9,4,5,4,2,2,0,0,0,0,0,0,13,13,3,4,2,3,1,0,0,10,5,5,0,10,0,1,2
533217194,0,,,39,13,26,4,0,4,35,13,22,20,9,11,33,12,21,30,11,19,15,4,11,9,1,8,2,0,2,0,0,0,0,0,0,18,18,5,7,4,2,0,0,0,12,11,1,0,11,0,4,3
533217501,0,,,24,10,14,4,1,3,20,9,11,10,5,5,20,9,11,20,9,11,10,4,6,6,1,5,3,0,3,2,0,2,0,0,0,8,8,2,1,1,3,1,0,0,6,3,3,2,7,0,2,1
533217502,0,,,114,55,59,10,7,3,104,48,56,62,33,29,100,46,54,98,45,53,42,15,27,23,5,18,15,3,12,0,0,0,0,0,0,35,35,6,9,8,3,4,3,2,28,13,15,1,26,0,2,4
533217503,0,,,99,46,53,14,6,8,85,40,45,48,26,22,82,37,45,81,36,45,37,14,23,9,3,6,5,1,4,1,0,1,1,0,1,38,38,13,10,6,2,4,1,2,25,16,9,2,27,0,10,6
533217504,0,,,109,53,56,15,8,7,94,45,49,54,24,30,92,43,49,91,43,48,40,21,19,19,9,10,7,4,3,1,0,1,0,0,0,33,33,4,8,8,5,5,1,2,29,17,12,1,26,0,4,4
533217511,2,533217512,,4,2,2,*,*,*,*,*,*,*,*,*,*,*,*,*,*,*,*,*,*,*,*,*,*,*,*,*,*,*,*,*,*,2,2,*,*,*,*,*,*,*,*,*,*,*,*,*,*,*
533217512,1,,533217511,68,29,39,12,4,8,60,27,33,34,17,17,59,27,32,58,26,32,26,10,16,21,8,13,3,2,1,0,0,0,0,0,0,19,19,2,9,1,3,2,2,2,19,12,7,3,18,0,2,4
533217514,0,,,18,7,11,2,0,2,16,7,9,8,3,5,16,7,9,16,7,9,8,4,4,3,1,2,2,0,2,0,0,0,0,0,0,6,6,1,3,0,0,1,1,0,5,3,2,1,6,0,1,2
533217521,0,,,146,63,83,15,7,8,131,56,75,74,36,38,128,53,75,126,52,74,57,20,37,37,11,26,14,3,11,6,1,5,0,0,0,39,38,5,5,8,9,5,5,1,32,12,20,5,31,0,2,2
533217523,0,,,54,29,25,7,6,1,47,23,24,25,12,13,47,23,24,46,22,24,22,11,11,10,4,6,5,3,2,0,0,0,0,0,0,20,20,5,6,4,1,3,1,0,15,11,4,2,15,0,3,6
533217524,0,,,93,44,49,5,2,3,88,42,46,58,31,27,86,42,44,84,41,43,30,11,19,13,4,9,3,0,3,0,0,0,0,0,0,19,18,4,3,4,5,1,1,0,14,5,9,2,14,1,3,2
533217533,1,,533217534,50,27,23,9,9,0,43,19,24,24,10,14,42,19,23,41,19,22,19,9,10,6,2,4,2,1,1,0,0,0,0,0,0,13,13,2,4,0,3,2,1,2,12,5,7,2,13,0,2,2
533217534,2,533217533,,2,1,1,*,*,*,*,*,*,*,*,*,*,*,*,*,*,*,*,*,*,*,*,*,*,*,*,*,*,*,*,*,*,1,1,*,*,*,*,*,*,*,*,*,*,*,*,*,*,*
533217601,0,,,251,115,136,33,13,20,216,101,115,139,63,76,209,98,111,202,96,106,77,38,39,34,15,19,7,1,6,1,0,1,1,0,1,105,105,34,33,19,11,0,6,2,69,56,13,5,54,1,14,14
533217602,0,,,35,16,19,4,2,2,31,14,17,17,8,9,30,14,16,30,14,16,14,6,8,8,3,5,2,0,2,1,0,1,0,0,0,9,9,0,3,2,1,1,1,1,9,4,5,2,8,0,0,2
533217603,1,,533217604,30,16,14,5,5,0,32,15,17,17,8,9,32,15,17,32,15,17,15,7,8,6,3,3,2,1,1,0,0,0,0,0,0,10,10,4,3,1,1,0,1,2,8,4,4,2,9,0,2,2
533217604,2,533217603,,7,4,3,*,*,*,*,*,*,*,*,*,*,*,*,*,*,*,*,*,*,*,*,*,*,*,*,*,*,*,*,*,*,2,2,*,*,*,*,*,*,*,*,*,*,*,*,*,*,*
533217612,2,533217614,,8,5,3,*,*,*,*,*,*,*,*,*,*,*,*,*,*,*,*,*,*,*,*,*,*,*,*,*,*,*,*,*,*,2,2,*,*,*,*,*,*,*,*,*,*,*,*,*,*,*
533217613,0,,,18,8,10,1,1,0,17,7,10,10,4,6,17,7,10,17,7,10,7,3,4,3,1,2,0,0,0,0,0,0,0,0,0,7,7,2,2,1,1,1,0,0,5,3,2,1,4,0,1,1
533217614,1,,533217612,26,13,13,3,2,1,31,16,15,17,11,6,31,16,15,31,16,15,14,5,9,6,3,3,3,0,3,1,0,1,0,0,0,9,9,2,2,1,5,1,0,0,9,4,5,1,9,0,1,1
533217621,0,,,24,12,12,1,1,0,23,11,12,9,6,3,23,11,12,23,11,12,14,5,9,6,1,5,3,0,3,1,0,1,0,0,0,8,8,1,2,2,2,1,0,0,7,3,4,0,8,0,1,2
533217623,0,,,9,4,5,0,0,0,9,4,5,2,2,0,9,4,5,9,4,5,7,2,5,4,1,3,2,0,2,0,0,0,0,0,0,4,4,1,1,2,0,0,0,0,3,2,1,0,4,0,1,0
533217631,0,,,45,23,22,4,3,1,41,20,21,26,13,13,38,19,19,36,19,17,15,7,8,6,3,3,0,0,0,0,0,0,0,0,0,14,14,0,7,2,2,1,2,0,14,11,3,1,9,0,0,5
533217632,0,,,74,38,36,7,6,1,67,32,35,38,17,21,67,32,35,66,32,34,29,15,14,11,5,6,4,1,3,0,0,0,0,0,0,25,25,4,7,6,4,3,0,1,21,15,6,3,19,0,3,3
533217633,0,,,21,10,11,0,0,0,21,10,11,10,4,6,21,10,11,21,10,11,11,6,5,7,4,3,3,3,0,0,0,0,0,0,0,7,7,0,3,2,1,1,0,0,7,4,3,0,7,0,0,1
533217634,0,,,110,41,69,0,0,0,110,41,69,27,16,11,109,40,69,106,38,68,83,25,58,70,19,51,58,16,42,13,4,9,0,0,0,13,12,0,6,4,0,1,1,0,12,9,3,0,6,0,0,0
533217641,2,533217643,,4,2,2,*,*,*,*,*,*,*,*,*,*,*,*,*,*,*,*,*,*,*,*,*,*,*,*,*,*,*,*,*,*,2,2,*,*,*,*,*,*,*,*,*,*,*,*,*,*,*
533217643,1,,533217641,58,26,32,3,2,1,59,26,33,26,10,16,59,26,33,57,25,32,33,16,17,12,4,8,5,2,3,0,0,0,2,0,2,20,20,3,6,8,4,0,0,1,19,13,6,1,19,0,3,3
533217644,0,,,46,19,27,0,0,0,46,19,27,22,10,12,43,18,25,41,18,23,24,9,15,13,5,8,3,0,3,0,0,0,0,0,0,17,17,4,4,4,4,0,1,0,13,10,3,0,15,0,4,4
533217702,0,,,47,20,27,5,2,3,42,18,24,29,13,16,41,18,23,40,18,22,13,5,8,5,1,4,2,0,2,1,0,1,0,0,0,13,13,0,2,5,3,2,1,0,13,7,6,2,8,0,0,1
533217704,0,,,43,23,20,3,3,0,40,20,20,22,14,8,40,20,20,40,20,20,18,6,12,9,1,8,4,0,4,1,0,1,0,0,0,15,15,4,3,3,3,1,0,1,11,5,6,1,11,0,1,0
533217711,0,,,26,12,14,2,0,2,24,12,12,11,5,6,24,12,12,24,12,12,13,7,6,6,3,3,2,1,1,0,0,0,0,0,0,9,9,2,2,1,3,1,0,0,7,4,3,1,7,0,2,0
533217712,0,,,33,18,15,4,1,3,29,17,12,20,13,7,29,17,12,29,17,12,9,4,5,3,1,2,1,0,1,0,0,0,0,0,0,10,10,3,1,1,3,1,0,1,7,4,3,1,6,1,1,1
533217713,0,,,14,6,8,1,1,0,13,5,8,7,2,5,13,5,8,13,5,8,6,3,3,4,2,2,0,0,0,0,0,0,0,0,0,4,4,0,1,1,1,1,0,0,4,3,1,0,4,0,0,1
533217714,0,,,19,11,8,2,2,0,17,9,8,9,5,4,16,8,8,16,8,8,8,4,4,2,1,1,2,1,1,0,0,0,0,0,0,6,6,0,2,2,1,1,0,0,6,3,3,1,5,0,0,1
533217721,0,,,13,4,9,0,0,0,13,4,9,8,2,6,13,4,9,13,4,9,5,2,3,2,1,1,1,0,1,0,0,0,0,0,0,4,4,0,1,1,2,0,0,0,4,3,1,0,4,0,0,0
533217723,1,,533217724,19,9,10,3,1,2,22,10,12,15,7,8,21,10,11,20,9,11,7,3,4,6,2,4,1,0,1,0,0,0,0,0,0,4,4,0,2,1,1,0,1,1,5,3,2,1,5,0,0,2
533217724,2,533217723,,6,2,4,*,*,*,*,*,*,*,*,*,*,*,*,*,*,*,*,*,*,*,*,*,*,*,*,*,*,*,*,*,*,2,2,*,*,*,*,*,*,*,*,*,*,*,*,*,*,*
533217731,1,,533217733,42,21,21,0,0,0,52,24,28,29,15,14,52,24,28,50,24,26,23,9,14,8,3,5,4,1,3,2,1,1,0,0,0,13,13,2,7,2,2,3,0,1,15,8,7,0,12,0,0,3
533217732,0,,,33,15,18,0,0,0,33,15,18,15,8,7,32,14,18,29,13,16,18,7,11,10,4,6,2,1,1,0,0,0,0,0,0,12,12,3,3,1,4,1,0,0,9,5,4,0,11,0,3,3
533217733,2,533217731,,10,3,7,*,*,*,*,*,*,*,*,*,*,*,*,*,*,*,*,*,*,*,*,*,*,*,*,*,*,*,*,*,*,4,4,*,*,*,*,*,*,*,*,*,*,*,*,*,*,*
533217734,0,,,16,8,8,0,0,0,16,8,8,6,3,3,16,8,8,16,8,8,10,5,5,3,1,2,1,0,1,0,0,0,0,0,0,7,7,2,2,2,1,0,0,0,5,4,1,0,5,0,1,2
533217741,0,,,17,8,9,0,0,0,17,8,9,7,3,4,17,8,9,17,8,9,10,5,5,3,1,2,3,1,2,0,0,0,0,0,0,7,7,2,1,3,1,0,0,0,5,3,2,0,6,0,1,0
533217742,0,,,22,9,13,2,0,2,20,9,11,12,6,6,20,9,11,20,9,11,8,3,5,7,3,4,5,3,2,0,0,0,0,0,0,7,7,1,1,3,1,0,1,0,6,3,3,1,5,0,1,0
533217743,0,,,34,16,18,4,2,2,30,14,16,21,11,10,30,14,16,30,14,16,9,3,6,4,1,3,2,1,1,0,0,0,0,0,0,10,10,2,3,0,1,2,2,0,8,4,4,3,7,0,2,0
533217744,0,,,22,12,10,4,2,2,18,10,8,11,7,4,17,9,8,16,8,8,7,3,4,2,0,2,0,0,0,0,0,0,0,0,0,8,8,1,5,0,0,1,1,0,7,6,1,0,5,0,1,2
533217751,0,,,40,19,21,4,1,3,36,18,18,22,13,9,36,18,18,35,18,17,14,5,9,8,2,6,3,2,1,0,0,0,0,0,0,12,12,2,4,1,1,2,1,1,10,4,6,2,10,0,2,1
533217752,0,,,71,30,41,1,1,0,70,29,41,28,12,16,70,29,41,70,29,41,42,17,25,26,10,16,17,4,13,6,0,6,0,0,0,23,22,5,7,7,2,1,0,0,17,13,4,0,16,0,3,4
533217753,0,,,25,11,14,4,2,2,21,9,12,9,4,5,21,9,12,21,9,12,12,5,7,6,2,4,3,1,2,0,0,0,0,0,0,9,9,1,4,2,1,0,1,0,8,6,2,1,6,0,0,2
533217754,0,,,56,33,23,8,6,2,48,27,21,28,16,12,47,26,21,47,26,21,20,11,9,14,9,5,4,2,2,0,0,0,0,0,0,19,19,3,4,6,3,3,0,0,16,12,4,1,13,0,3,2
533217761,0,,,87,41,46,12,4,8,75,37,38,32,18,14,75,37,38,75,37,38,43,19,24,25,10,15,9,2,7,2,0,2,0,0,0,27,27,4,6,9,2,4,0,2,22,11,11,5,24,0,2,5
533217762,0,,,194,97,97,18,12,6,176,85,91,110,56,54,170,83,87,167,80,87,66,29,37,27,9,18,7,1,6,0,0,0,0,0,0,68,68,6,25,19,13,1,4,0,62,46,16,6,41,0,5,13
533217763,0,,,94,25,69,5,5,0,89,20,69,23,9,14,88,19,69,85,17,68,66,11,55,56,8,48,35,2,33,15,1,14,0,0,0,15,14,2,3,5,1,2,0,1,12,8,4,0,11,0,2,1
533217764,0,,,171,75,96,44,15,29,127,60,67,102,50,52,118,58,60,116,56,60,25,10,15,14,5,9,7,3,4,0,0,0,0,0,0,50,50,6,8,10,13,11,2,0,44,37,7,9,18,0,2,3
533217773,0,,,59,32,27,9,5,4,50,27,23,29,16,13,50,27,23,49,26,23,21,11,10,13,7,6,3,2,1,0,0,0,0,0,0,19,19,4,5,3,2,2,3,0,15,10,5,2,14,0,4,2
533217774,0,,,64,32,32,7,6,1,57,26,31,24,12,12,56,25,31,55,24,31,33,14,19,18,8,10,7,1,6,0,0,0,0,0,0,27,27,9,9,4,3,0,1,1,18,15,3,1,22,0,8,6
533217783,0,,,68,32,36,19,11,8,49,21,28,31,13,18,48,20,28,48,20,28,18,8,10,9,3,6,2,1,1,0,0,0,0,0,0,22,22,5,3,5,5,3,0,1,17,15,2,5,11,0,4,3
533217784,0,,,287,143,144,56,34,22,231,109,122,151,74,77,224,104,120,222,102,120,80,35,45,30,12,18,13,3,10,3,0,3,0,0,0,90,90,8,27,25,12,11,4,3,82,60,22,16,51,0,5,13
533217791,0,,,157,75,82,8,5,3,149,70,79,55,33,22,148,70,78,148,70,78,94,37,57,65,17,48,47,7,40,12,0,12,0,0,0,14,12,0,2,4,4,2,0,0,12,9,3,1,7,0,0,1
533217792,0,,,97,44,53,13,5,8,83,38,45,56,27,29,81,36,45,80,36,44,27,11,16,18,7,11,3,0,3,0,0,0,0,0,0,35,35,5,15,7,4,1,1,2,30,25,5,1,18,0,1,4
533217793,0,,,420,198,222,56,31,25,363,166,197,224,98,126,353,158,195,350,156,194,139,68,71,55,21,34,17,7,10,0,0,0,1,0,1,154,154,21,58,42,15,12,5,1,132,115,17,17,96,0,13,31
533217794,0,,,84,40,44,10,8,2,74,32,42,43,20,23,74,32,42,74,32,42,31,12,19,20,9,11,4,2,2,2,1,1,0,0,0,24,24,3,5,3,6,5,1,1,21,10,11,3,21,0,3,3
533217802,2,533217804,,4,2,2,*,*,*,*,*,*,*,*,*,*,*,*,*,*,*,*,*,*,*,*,*,*,*,*,*,*,*,*,*,*,2,2,*,*,*,*,*,*,*,*,*,*,*,*,*,*,*
533217803,2,533217804,,9,6,3,*,*,*,*,*,*,*,*,*,*,*,*,*,*,*,*,*,*,*,*,*,*,*,*,*,*,*,*,*,*,3,3,*,*,*,*,*,*,*,*,*,*,*,*,*,*,*
533217804,1,,533217802;533217803,21,11,10,4,2,2,29,16,13,16,10,6,28,16,12,28,16,12,13,6,7,9,5,4,2,2,0,0,0,0,0,0,0,8,8,5,3,1,2,0,2,0,8,4,4,0,9,0,2,1
533217811,0,,,30,17,13,1,1,0,29,16,13,13,9,4,29,16,13,29,16,13,16,7,9,8,4,4,3,0,3,0,0,0,0,0,0,11,11,0,5,4,2,0,0,0,11,6,5,1,10,0,0,1
533217812,0,,,32,14,18,4,1,3,28,13,15,14,6,8,25,13,12,25,13,12,14,7,7,5,4,1,1,1,0,0,0,0,1,0,1,12,12,4,3,1,1,3,0,0,8,5,3,0,10,0,3,1
533217813,2,533217814,,9,2,7,*,*,*,*,*,*,*,*,*,*,*,*,*,*,*,*,*,*,*,*,*,*,*,*,*,*,*,*,*,*,4,4,*,*,*,*,*,*,*,*,*,*,*,*,*,*,*
533217814,1,,533217813,51,20,31,5,1,4,55,21,34,32,11,21,55,21,34,53,21,32,23,10,13,10,2,8,1,0,1,0,0,0,0,0,0,15,15,3,4,6,3,0,2,1,16,7,9,1,18,0,2,3
533217821,1,,533217823,32,16,16,3,0,3,40,19,21,28,14,14,38,17,21,37,17,20,12,5,7,6,2,4,1,0,1,0,0,0,0,0,0,9,9,2,1,4,1,2,1,1,10,4,6,1,8,0,2,0
533217822,1,,533217824,41,21,20,2,0,2,59,30,29,33,18,15,58,29,29,57,29,28,26,12,14,16,7,9,7,2,5,1,0,1,0,0,0,14,14,2,3,6,2,0,2,2,15,6,9,0,15,0,1,1
533217823,2,533217821,,11,3,8,*,*,*,*,*,*,*,*,*,*,*,*,*,*,*,*,*,*,*,*,*,*,*,*,*,*,*,*,*,*,3,3,*,*,*,*,*,*,*,*,*,*,*,*,*,*,*
533217824,2,533217822,,20,9,11,*,*,*,*,*,*,*,*,*,*,*,*,*,*,*,*,*,*,*,*,*,*,*,*,*,*,*,*,*,*,3,3,*,*,*,*,*,*,*,*,*,*,*,*,*,*,*
533217831,2,533217832,,14,6,8,*,*,*,*,*,*,*,*,*,*,*,*,*,*,*,*,*,*,*,*,*,*,*,*,*,*,*,*,*,*,3,3,*,*,*,*,*,*,*,*,*,*,*,*,*,*,*
533217832,1,,533217831,28,14,14,11,5,6,31,15,16,20,9,11,29,15,14,28,15,13,11,6,5,4,2,2,2,1,1,0,0,0,0,0,0,8,8,3,1,0,2,2,2,1,8,5,3,1,8,0,3,0
533217833,0,,,18,10,8,1,1,0,17,9,8,7,5,2,16,8,8,16,8,8,10,4,6,6,2,4,3,1,2,0,0,0,0,0,0,7,7,1,4,1,0,0,1,0,6,4,2,0,6,0,0,1
533217834,0,,,78,40,38,10,8,2,68,32,36,34,19,15,66,30,36,65,29,36,34,13,21,22,8,14,6,1,5,0,0,0,0,0,0,23,23,3,6,7,2,3,1,1,19,10,9,3,21,0,2,4
533217841,0,,,17,9,8,0,0,0,17,9,8,7,5,2,17,9,8,17,9,8,10,4,6,7,3,4,2,1,1,0,0,0,0,0,0,7,7,1,3,2,1,0,0,0,6,4,2,0,6,0,0,2
533217842,0,,,30,15,15,2,0,2,28,15,13,12,8,4,28,15,13,28,15,13,16,7,9,5,2,3,0,0,0,0,0,0,0,0,0,10,10,1,3,3,2,0,1,0,9,6,3,0,9,0,1,2
533217843,1,,533217844,10,5,5,3,1,2,15,8,7,4,3,1,15,8,7,15,8,7,11,5,6,6,3,3,2,1,1,0,0,0,0,0,0,6,6,3,5,0,0,1,0,0,6,6,0,0,8,0,3,3
533217844,2,533217843,,8,4,4,*,*,*,*,*,*,*,*,*,*,*,*,*,*,*,*,*,*,*,*,*,*,*,*,*,*,*,*,*,*,3,3,*,*,*,*,*,*,*,*,*,*,*,*,*,*,*
533217851,1,,533217853,37,18,19,2,0,2,40,21,19,16,9,7,40,21,19,40,21,19,24,12,12,14,7,7,5,2,3,0,0,0,0,0,0,15,15,5,9,1,1,1,0,1,12,10,2,0,16,0,4,6
533217852,1,,533217854,27,13,14,2,1,1,27,12,15,14,7,7,26,11,15,25,11,14,13,5,8,7,2,5,4,1,3,0,0,0,0,0,0,9,9,2,3,2,1,1,1,0,8,4,4,0,8,0,1,0
533217853,2,533217851,,5,3,2,*,*,*,*,*,*,*,*,*,*,*,*,*,*,*,*,*,*,*,*,*,*,*,*,*,*,*,*,*,*,3,3,*,*,*,*,*,*,*,*,*,*,*,*,*,*,*
533217854,2,533217852,,2,0,2,*,*,*,*,*,*,*,*,*,*,*,*,*,*,*,*,*,*,*,*,*,*,*,*,*,*,*,*,*,*,1,1,*,*,*,*,*,*,*,*,*,*,*,*,*,*,*
533217861,0,,,34,16,18,1,0,1,33,16,17,16,8,8,33,16,17,33,16,17,17,8,9,8,2,6,3,0,3,0,0,0,0,0,0,13,13,2,6,1,3,1,0,0,11,8,3,1,10,0,1,3
533217862,0,,,38,21,17,1,1,0,37,20,17,19,13,6,36,20,16,35,19,16,18,7,11,7,3,4,2,0,2,0,0,0,0,0,0,14,14,2,4,5,2,1,0,0,12,9,3,0,13,0,2,1
533217863,0,,,77,37,40,7,2,5,70,35,35,40,22,18,70,35,35,70,35,35,30,13,17,12,3,9,5,1,4,0,0,0,0,0,0,26,26,5,5,7,5,3,1,0,21,13,8,1,21,0,4,2
533217864,0,,,28,13,15,5,4,1,23,9,14,10,6,4,22,9,13,22,9,13,13,3,10,5,0,5,3,0,3,1,0,1,0,0,0,9,9,2,4,0,1,0,0,2,7,5,2,0,7,0,1,2
533217871,0,,,37,15,22,5,2,3,32,13,19,23,10,13,31,13,18,31,13,18,9,3,6,6,3,3,3,1,2,1,1,0,0,0,0,10,10,1,1,4,0,2,2,0,9,3,6,2,7,0,1,0
533217872,0,,,19,9,10,1,0,1,18,9,9,10,5,5,18,9,9,18,9,9,8,4,4,4,2,2,0,0,0,0,0,0,0,0,0,8,8,1,4,2,1,0,0,0,7,7,0,0,4,0,0,2
533217873,0,,,30,13,17,3,1,2,27,12,15,17,7,10,27,12,15,27,12,15,10,5,5,6,2,4,3,1,2,1,0,1,0,0,0,9,9,0,3,3,1,1,1,0,9,4,5,2,5,0,0,1
533217874,0,,,38,18,20,3,2,1,34,15,19,20,8,12,34,15,19,34,15,19,14,7,7,5,4,1,1,1,0,0,0,0,0,0,0,13,13,1,6,3,0,2,1,0,12,8,4,2,9,0,0,3
533217881,0,,,19,9,10,0,0,0,19,9,10,9,6,3,19,9,10,19,9,10,10,3,7,4,0,4,1,0,1,0,0,0,0,0,0,8,8,2,3,2,0,1,0,0,6,4,2,0,8,0,2,1
533217882,0,,,355,170,185,23,14,9,329,153,176,196,92,104,321,148,173,316,148,168,133,61,72,62,24,38,14,4,10,0,0,0,0,0,0,137,137,25,59,22,17,8,4,2,111,88,23,4,88,0,14,30
533217883,0,,,32,14,18,1,0,1,31,14,17,12,8,4,30,13,17,30,13,17,19,6,13,9,2,7,2,0,2,1,0,1,0,0,0,13,13,3,4,4,1,1,0,0,10,5,5,0,12,0,2,1
533217891,0,,,508,227,281,95,50,45,408,176,232,291,130,161,387,164,223,380,162,218,117,46,71,49,19,30,13,2,11,2,0,2,2,0,2,182,182,31,59,44,31,11,0,6,149,127,22,21,75,1,17,23
533217892,1,,533217894,157,78,79,26,13,13,142,71,71,85,46,39,140,70,70,137,67,70,57,25,32,32,14,18,14,6,8,3,0,3,0,0,0,54,54,12,14,13,8,6,2,2,44,34,10,5,37,0,9,3
533217893,0,,,24,10,14,1,0,1,23,10,13,13,5,8,23,10,13,23,10,13,10,5,5,8,3,5,3,1,2,0,0,0,0,0,0,7,7,0,3,1,1,1,1,0,7,5,2,0,7,0,0,2
533217894,2,533217892,,11,6,5,*,*,*,*,*,*,*,*,*,*,*,*,*,*,*,*,*,*,*,*,*,*,*,*,*,*,*,*,*,*,3,3,*,*,*,*,*,*,*,*,*,*,*,*,*,*,*
533217901,1,,533217902,55,27,28,5,2,3,57,28,29,33,16,17,56,28,28,54,27,27,24,12,12,14,6,8,8,3,5,2,2,0,1,0,1,21,21,6,6,4,2,2,0,2,16,10,6,1,18,0,4,3
533217902,2,533217901,,7,3,4,*,*,*,*,*,*,*,*,*,*,*,*,*,*,*,*,*,*,*,*,*,*,*,*,*,*,*,*,*,*,1,1,*,*,*,*,*,*,*,*,*,*,*,*,*,*,*
533217903,0,,,34,16,18,3,0,3,31,16,15,10,6,4,30,16,14,30,16,14,21,10,11,5,2,3,1,0,1,0,0,0,0,0,0,12,12,3,4,2,1,1,0,1,9,7,2,0,12,0,3,4
533217904,0,,,9,5,4,1,1,0,8,4,4,3,1,2,8,4,4,8,4,4,5,3,2,0,0,0,0,0,0,0,0,0,0,0,0,4,4,1,2,0,1,0,0,0,3,2,1,1,3,0,1,2
533217911,0,,,68,33,35,0,0,0,68,33,35,40,22,18,65,31,34,62,30,32,28,11,17,19,5,14,10,1,9,1,0,1,0,0,0,23,23,1,7,8,6,1,0,0,22,11,11,0,20,0,1,2
533217912,1,,533217914,156,75,81,32,15,17,137,66,71,84,42,42,135,65,70,133,65,68,53,24,29,20,6,14,9,4,5,0,0,0,2,0,2,40,40,8,6,4,7,6,6,6,34,12,22,10,33,0,5,3
533217913,0,,,19,13,6,1,1,0,18,12,6,12,9,3,18,12,6,18,12,6,6,3,3,3,1,2,1,0,1,0,0,0,0,0,0,9,9,4,1,3,1,0,0,0,5,4,1,1,5,0,2,1
533217914,2,533217912,,13,6,7,*,*,*,*,*,*,*,*,*,*,*,*,*,*,*,*,*,*,*,*,*,*,*,*,*,*,*,*,*,*,3,3,*,*,*,*,*,*,*,*,*,*,*,*,*,*,*
533217921,0,,,24,13,11,3,2,1,21,11,10,10,5,5,21,11,10,21,11,10,11,6,5,4,2,2,2,1,1,0,0,0,0,0,0,8,8,2,0,3,2,1,0,0,6,2,4,1,7,0,2,0
533217922,0,,,16,6,10,0,0,0,16,6,10,7,2,5,16,6,10,16,6,10,9,4,5,5,2,3,1,0,1,0,0,0,0,0,0,7,7,2,2,2,1,0,0,0,5,4,1,0,6,0,2,2
533217924,0,,,27,13,14,1,1,0,26,12,14,17,8,9,26,12,14,24,12,12,9,4,5,4,2,2,1,0,1,0,0,0,0,0,0,9,9,2,3,0,2,1,1,0,7,3,4,0,8,0,2,0
533217931,2,533217933,,7,3,4,*,*,*,*,*,*,*,*,*,*,*,*,*,*,*,*,*,*,*,*,*,*,*,*,*,*,*,*,*,*,2,2,*,*,*,*,*,*,*,*,*,*,*,*,*,*,*
533217932,0,,,38,20,18,3,3,0,35,17,18,18,9,9,34,16,18,34,16,18,17,8,9,9,4,5,5,2,3,0,0,0,0,0,0,13,13,1,4,6,0,1,1,0,12,8,4,1,10,0,1,4
533217933,1,,533217931,26,13,13,3,1,2,30,15,15,18,9,9,30,15,15,30,15,15,12,6,6,9,5,4,1,1,0,0,0,0,0,0,0,7,7,1,0,3,3,1,1,0,8,3,5,2,7,0,1,0
533217934,0,,,49,25,24,1,0,1,48,25,23,27,17,10,46,23,23,45,23,22,21,8,13,12,5,7,2,1,1,0,0,0,0,0,0,22,22,9,6,4,0,2,1,0,13,9,4,0,15,0,5,4
533217941,0,,,45,27,18,4,3,1,41,24,17,26,15,11,41,24,17,40,23,17,15,9,6,6,4,2,3,2,1,0,0,0,0,0,0,15,15,3,4,3,1,3,1,0,12,8,4,0,10,0,1,0
533217942,2,533217944,,8,4,4,*,*,*,*,*,*,*,*,*,*,*,*,*,*,*,*,*,*,*,*,*,*,*,*,*,*,*,*,*,*,3,3,*,*,*,*,*,*,*,*,*,*,*,*,*,*,*
533217943,0,,,21,11,10,0,0,0,21,11,10,11,6,5,21,11,10,21,11,10,10,5,5,5,1,4,3,0,3,1,0,1,0,0,0,8,8,1,1,6,0,0,0,0,7,3,4,0,6,0,1,0
533217944,1,,533217942,31,15,16,5,1,4,34,18,16,14,9,5,34,18,16,33,17,16,20,9,11,8,4,4,4,1,3,0,0,0,0,0,0,8,8,0,4,3,1,1,1,1,11,7,4,1,10,0,0,2
533217951,0,,,31,16,15,0,0,0,31,16,15,12,8,4,31,16,15,31,16,15,19,8,11,10,3,7,7,2,5,1,1,0,0,0,0,15,15,5,5,4,1,0,0,0,10,7,3,0,13,0,3,3
533217952,1,,533217954,14,9,5,0,0,0,22,14,8,9,7,2,22,14,8,22,14,8,13,7,6,5,1,4,5,1,4,0,0,0,0,0,0,5,5,0,3,4,1,0,0,0,8,5,3,0,7,0,0,1
533217953,0,,,21,12,9,0,0,0,21,12,9,13,9,4,21,12,9,21,12,9,8,3,5,6,2,4,4,2,2,0,0,0,0,0,0,7,7,1,1,2,3,0,0,0,6,3,3,0,5,0,0,0
533217954,2,533217952,,8,5,3,*,*,*,*,*,*,*,*,*,*,*,*,*,*,*,*,*,*,*,*,*,*,*,*,*,*,*,*,*,*,3,3,*,*,*,*,*,*,*,*,*,*,*,*,*,*,*
533217961,2,533217962,,4,3,1,*,*,*,*,*,*,*,*,*,*,*,*,*,*,*,*,*,*,*,*,*,*,*,*,*,*,*,*,*,*,2,2,*,*,*,*,*,*,*,*,*,*,*,*,*,*,*
533217962,1,,533217961;533217963,27,18,9,0,0,0,41,27,14,23,18,5,40,26,14,40,26,14,18,9,9,12,7,5,7,3,4,0,0,0,0,0,0,11,11,4,5,4,1,1,1,0,12,8,4,0,12,0,2,2
533217963,2,533217962,,10,6,4,*,*,*,*,*,*,*,*,*,*,*,*,*,*,*,*,*,*,*,*,*,*,*,*,*,*,*,*,*,*,3,3,*,*,*,*,*,*,*,*,*,*,*,*,*,*,*
533217971,0,,,31,15,16,4,4,0,27,11,16,18,8,10,27,11,16,27,11,16,9,3,6,7,2,5,3,1,2,0,0,0,0,0,0,8,8,1,1,1,3,1,0,1,7,2,5,1,7,0,1,1
533217972,0,,,41,22,19,10,5,5,31,17,14,12,7,5,31,17,14,31,17,14,19,10,9,4,2,2,2,1,1,0,0,0,0,0,0,12,12,0,6,2,0,2,1,1,12,8,4,3,11,0,0,3
533217974,0,,,29,13,16,2,0,2,27,13,14,22,11,11,26,12,14,24,10,14,5,2,3,2,1,1,1,0,1,1,0,1,0,0,0,8,8,0,3,1,2,0,2,0,7,4,3,1,4,0,0,0
533217981,0,,,14,6,8,1,1,0,13,5,8,5,2,3,13,5,8,13,5,8,8,3,5,3,0,3,0,0,0,0,0,0,0,0,0,6,6,1,3,1,1,0,0,0,5,3,2,0,6,0,1,2
533217983,1,,533217984,13,5,8,0,0,0,17,6,11,7,1,6,16,6,10,16,6,10,10,5,5,6,4,2,2,2,0,0,0,0,0,0,0,6,6,1,4,0,2,0,0,0,6,4,2,0,6,0,1,2
533217984,2,533217983,,4,1,3,*,*,*,*,*,*,*,*,*,*,*,*,*,*,*,*,*,*,*,*,*,*,*,*,*,*,*,*,*,*,1,1,*,*,*,*,*,*,*,*,*,*,*,*,*,*,*
533217991,0,,,62,26,36,11,3,8,51,23,28,25,12,13,46,20,26,45,19,26,26,11,15,8,4,4,4,0,4,0,0,0,0,0,0,15,15,2,4,2,0,2,1,4,13,4,9,2,14,0,1,2
533217992,0,,,28,16,12,0,0,0,28,16,12,16,11,5,28,16,12,28,16,12,12,5,7,7,2,5,5,1,4,0,0,0,0,0,0,12,12,3,5,2,1,1,0,0,9,7,2,0,8,0,1,1
533217993,0,,,19,8,11,1,0,1,18,8,10,9,4,5,18,8,10,18,8,10,9,4,5,4,1,3,1,0,1,0,0,0,0,0,0,6,6,1,2,0,2,0,1,0,5,2,3,0,6,0,1,1
533217994,0,,,16,5,11,4,0,4,12,5,7,6,3,3,12,5,7,12,5,7,6,2,4,2,0,2,0,0,0,0,0,0,0,0,0,5,5,1,1,2,0,0,0,1,4,2,2,2,4,0,1,0
533226061,2,533226062,,6,2,4,*,*,*,*,*,*,*,*,*,*,*,*,*,*,*,*,*,*,*,*,*,*,*,*,*,*,*,*,*,*,3,3,*,*,*,*,*,*,*,*,*,*,*,*,*,*,*
533226062,1,,533226061,187,93,94,15,9,6,178,86,92,84,43,41,175,83,92,172,83,89,94,43,51,48,19,29,22,11,11,0,0,0,0,0,0,72,72,19,28,11,6,8,1,2,56,35,21,4,64,0,18,13
533226071,1,,533226072,160,84,76,14,8,6,155,81,74,73,41,32,151,78,73,150,78,72,82,40,42,52,23,29,18,7,11,0,0,0,2,1,1,61,61,11,25,14,9,2,1,2,53,38,15,1,49,0,7,15
533226072,2,533226071,,9,5,4,*,*,*,*,*,*,*,*,*,*,*,*,*,*,*,*,*,*,*,*,*,*,*,*,*,*,*,*,*,*,3,3,*,*,*,*,*,*,*,*,*,*,*,*,*,*,*
533226082,0,,,20,8,12,1,0,1,19,8,11,9,4,5,19,8,11,19,8,11,10,4,6,6,2,4,1,0,1,0,0,0,0,0,0,7,7,1,3,1,0,2,0,0,6,4,2,0,7,0,1,1
533226084,0,,,200,93,107,5,1,4,195,92,103,94,51,43,189,88,101,188,88,100,101,41,60,57,20,37,21,7,14,2,0,2,0,0,0,77,77,17,27,15,10,5,2,1,60,38,22,2,65,0,13,12
533226091,0,,,24,11,13,0,0,0,24,11,13,14,7,7,24,11,13,24,11,13,10,4,6,5,1,4,1,0,1,0,0,0,0,0,0,9,9,3,2,1,1,2,0,0,6,2,4,0,8,0,3,1
533226093,0,,,25,13,12,1,1,0,24,12,12,12,8,4,24,12,12,23,11,12,12,4,8,7,2,5,2,1,1,0,0,0,0,0,0,10,10,3,3,1,2,1,0,0,7,4,3,0,9,0,3,1
533227003,2,533227101,,5,2,3,*,*,*,*,*,*,*,*,*,*,*,*,*,*,*,*,*,*,*,*,*,*,*,*,*,*,*,*,*,*,2,2,*,*,*,*,*,*,*,*,*,*,*,*,*,*,*
533227004,2,533227101,,3,2,1,*,*,*,*,*,*,*,*,*,*,*,*,*,*,*,*,*,*,*,*,*,*,*,*,*,*,*,*,*,*,1,1,*,*,*,*,*,*,*,*,*,*,*,*,*,*,*
533227012,1,,533227013,13,6,7,4,2,2,22,11,11,14,6,8,20,10,10,19,10,9,8,5,3,3,3,0,0,0,0,0,0,0,0,0,0,4,4,0,2,0,1,2,0,1,6,2,4,0,5,0,0,0
533227013,2,533227012,,13,7,6,*,*,*,*,*,*,*,*,*,*,*,*,*,*,*,*,*,*,*,*,*,*,*,*,*,*,*,*,*,*,2,2,*,*,*,*,*,*,*,*,*,*,*,*,*,*,*
533227021,2,533227023,,8,4,4,*,*,*,*,*,*,*,*,*,*,*,*,*,*,*,*,*,*,*,*,*,*,*,*,*,*,*,*,*,*,2,2,*,*,*,*,*,*,*,*,*,*,*,*,*,*,*
533227022,0,,,19,11,8,0,0,0,19,11,8,5,3,2,19,11,8,18,10,8,14,8,6,8,5,3,2,2,0,0,0,0,0,0,0,8,8,2,3,2,0,1,0,0,6,5,1,0,7,0,1,3
533227023,1,,533227021,4,2,2,0,0,0,12,6,6,7,4,3,12,6,6,12,6,6,5,2,3,3,0,3,1,0,1,0,0,0,0,0,0,3,3,2,1,1,0,1,0,0,3,2,1,0,5,0,2,0
533227031,1,,533227033,8,4,4,0,0,0,10,4,6,4,2,2,10,4,6,10,4,6,6,2,4,4,1,3,3,0,3,0,0,0,0,0,0,4,4,3,2,1,0,0,0,0,3,2,1,0,5,0,3,1
533227032,0,,,13,6,7,0,0,0,13,6,7,8,4,4,13,6,7,12,6,6,5,2,3,2,1,1,0,0,0,0,0,0,0,0,0,5,5,1,1,2,1,0,0,0,4,3,1,0,3,0,0,1
533227033,2,533227031,,2,0,2,*,*,*,*,*,*,*,*,*,*,*,*,*,*,*,*,*,*,*,*,*,*,*,*,*,*,*,*,*,*,2,2,*,*,*,*,*,*,*,*,*,*,*,*,*,*,*
533227034,0,,,22,10,12,3,1,2,19,9,10,12,6,6,19,9,10,19,9,10,7,3,4,2,1,1,1,0,1,0,0,0,0,0,0,4,4,0,0,0,0,2,2,0,4,0,4,2,4,0,0,0
533227042,2,533227044,,8,5,3,*,*,*,*,*,*,*,*,*,*,*,*,*,*,*,*,*,*,*,*,*,*,*,*,*,*,*,*,*,*,3,3,*,*,*,*,*,*,*,*,*,*,*,*,*,*,*
533227044,1,,533227042,14,4,10,5,2,3,17,7,10,12,6,6,15,6,9,15,6,9,5,1,4,3,1,2,0,0,0,0,0,0,0,0,0,4,4,1,3,1,0,1,0,1,6,4,2,1,5,0,1,0
533227051,0,,,29,15,14,4,4,0,25,11,14,12,5,7,25,11,14,25,11,14,13,6,7,6,2,4,2,1,1,0,0,0,0,0,0,10,10,2,3,3,1,0,0,1,8,5,3,2,7,0,0,2
533227052,0,,,10,4,6,0,0,0,10,4,6,5,1,4,10,4,6,10,4,6,5,3,2,4,2,2,1,1,0,0,0,0,0,0,0,6,6,3,2,1,0,0,0,0,3,2,1,0,3,0,1,1
533227053,0,,,33,14,19,6,3,3,27,11,16,16,8,8,27,11,16,27,11,16,11,3,8,6,1,5,3,1,2,0,0,0,0,0,0,8,8,1,1,1,0,4,0,1,7,1,6,1,8,0,1,0
533227054,0,,,45,24,21,4,3,1,41,21,20,23,13,10,40,20,20,40,20,20,18,8,10,6,1,5,2,0,2,0,0,0,0,0,0,16,16,3,5,5,0,1,2,0,13,8,5,1,13,0,2,1
533227062,1,,533227063,12,7,5,0,0,0,13,8,5,5,4,1,13,8,5,13,8,5,8,4,4,2,1,1,1,0,1,0,0,0,0,0,0,6,6,3,2,2,0,0,0,0,4,3,1,0,4,0,0,2
533227063,2,533227062,,1,1,0,*,*,*,*,*,*,*,*,*,*,*,*,*,*,*,*,*,*,*,*,*,*,*,*,*,*,*,*,*,*,1,1,*,*,*,*,*,*,*,*,*,*,*,*,*,*,*
533227071,1,,533227072,22,11,11,2,0,2,24,13,11,13,7,6,19,10,9,19,10,9,11,6,5,2,2,0,1,1,0,1,1,0,0,0,0,5,5,2,0,1,1,1,2,0,5,2,3,0,6,0,2,0
533227072,2,533227071,,4,2,2,*,*,*,*,*,*,*,*,*,*,*,*,*,*,*,*,*,*,*,*,*,*,*,*,*,*,*,*,*,*,2,2,*,*,*,*,*,*,*,*,*,*,*,*,*,*,*
533227081,1,,533227083,12,6,6,0,0,0,18,9,9,11,7,4,15,7,8,14,7,7,7,2,5,4,1,3,1,0,1,1,0,1,0,0,0,4,4,0,1,4,1,0,0,0,6,4,2,0,4,0,0,0
533227082,0,,,16,8,8,0,0,0,16,8,8,8,4,4,16,8,8,16,8,8,8,4,4,4,2,2,3,2,1,0,0,0,0,0,0,5,5,0,2,1,1,1,0,0,5,3,2,0,4,0,0,1
533227083,2,533227081,,6,3,3,*,*,*,*,*,*,*,*,*,*,*,*,*,*,*,*,*,*,*,*,*,*,*,*,*,*,*,*,*,*,2,2,*,*,*,*,*,*,*,*,*,*,*,*,*,*,*
533227091,2,533227093,,9,5,4,*,*,*,*,*,*,*,*,*,*,*,*,*,*,*,*,*,*,*,*,*,*,*,*,*,*,*,*,*,*,3,3,*,*,*,*,*,*,*,*,*,*,*,*,*,*,*
533227092,0,,,29,16,13,2,2,0,27,14,13,15,9,6,27,14,13,26,13,13,12,5,7,7,3,4,1,1,0,0,0,0,0,0,0,10,10,1,3,2,4,0,0,0,9,6,3,0,8,0,1,1
533227093,1,,533227091;533227094,12,7,5,0,0,0,29,14,15,15,8,7,29,14,15,28,14,14,14,6,8,8,3,5,3,1,2,0,0,0,0,0,0,4,4,1,1,4,1,2,0,0,8,5,3,0,8,0,0,0
533227094,2,533227093,,8,2,6,*,*,*,*,*,*,*,*,*,*,*,*,*,*,*,*,*,*,*,*,*,*,*,*,*,*,*,*,*,*,2,2,*,*,*,*,*,*,*,*,*,*,*,*,*,*,*
533227101,1,,533227003;533227004;533227102,94,51,43,13,9,4,93,47,46,54,30,24,90,46,44,89,46,43,39,17,22,17,7,10,7,1,6,0,0,0,1,0,1,26,26,3,7,8,3,5,1,3,27,13,14,6,26,0,3,1
533227102,2,533227101,,4,1,3,*,*,*,*,*,*,*,*,*,*,*,*,*,*,*,*,*,*,*,*,*,*,*,*,*,*,*,*,*,*,1,1,*,*,*,*,*,*,*,*,*,*,*,*,*,*,*
533227111,0,,,67,26,41,7,3,4,60,23,37,37,13,24,54,23,31,50,23,27,23,10,13,11,5,6,4,2,2,0,0,0,0,0,0,17,17,2,3,3,3,1,2,3,15,10,5,2,14,0,2,2
533227131,2,533227133,,4,2,2,*,*,*,*,*,*,*,*,*,*,*,*,*,*,*,*,*,*,*,*,*,*,*,*,*,*,*,*,*,*,2,2,*,*,*,*,*,*,*,*,*,*,*,*,*,*,*
533227133,1,,533227131,64,24,40,8,3,5,60,23,37,29,11,18,59,23,36,59,23,36,31,12,19,15,6,9,3,2,1,0,0,0,0,0,0,23,23,6,10,2,3,2,1,1,19,12,7,3,21,0,4,6
533227134,1,,533227232,198,97,101,14,6,8,192,94,98,79,43,36,189,94,95,189,94,95,113,51,62,55,27,28,14,5,9,0,0,0,0,0,0,89,89,31,31,19,4,4,1,2,61,51,10,2,77,1,24,17
533227141,2,533227142,,9,5,4,*,*,*,*,*,*,*,*,*,*,*,*,*,*,*,*,*,*,*,*,*,*,*,*,*,*,*,*,*,*,3,3,*,*,*,*,*,*,*,*,*,*,*,*,*,*,*
533227142,1,,533227141,5,3,2,0,0,0,14,8,6,5,4,1,14,8,6,14,8,6,9,4,5,5,3,2,0,0,0,0,0,0,0,0,0,2,2,0,3,1,0,1,0,0,5,4,1,0,5,0,0,2
533227144,0,,,55,30,25,0,0,0,55,30,25,30,16,14,55,30,25,55,30,25,25,14,11,16,7,9,8,3,5,0,0,0,0,0,0,22,22,3,12,3,2,1,1,0,19,13,6,0,17,0,2,4
533227151,0,,,25,16,9,4,4,0,21,12,9,9,7,2,21,12,9,21,12,9,12,5,7,3,1,2,1,0,1,0,0,0,0,0,0,9,9,2,3,3,0,0,0,1,7,5,2,1,7,0,0,1
533227153,0,,,83,40,43,4,2,2,79,38,41,34,19,15,77,37,40,76,37,39,45,19,26,26,11,15,9,2,7,2,0,2,0,0,0,29,29,6,7,6,5,5,0,0,23,14,9,0,27,0,5,4
533227232,2,533227134,,8,3,5,*,*,*,*,*,*,*,*,*,*,*,*,*,*,*,*,*,*,*,*,*,*,*,*,*,*,*,*,*,*,3,3,*,*,*,*,*,*,*,*,*,*,*,*,*,*,*
533227272,0,,,29,16,13,0,0,0,29,16,13,15,9,6,27,14,13,27,14,13,14,7,7,13,6,7,6,3,3,1,0,1,0,0,0,8,8,0,2,2,2,1,1,0,8,5,3,0,8,0,0,2
533227281,0,,,333,156,177,29,13,16,304,143,161,169,92,77,299,138,161,297,136,161,135,51,84,69,19,50,27,5,22,4,0,4,1,0,1,123,123,27,42,20,19,8,4,3,96,67,29,6,94,0,22,19
533227282,0,,,121,61,60,10,3,7,111,58,53,63,37,26,107,54,53,106,54,52,48,21,27,28,10,18,11,5,6,0,0,0,0,0,0,40,40,4,11,12,7,5,1,0,36,23,13,1,31,0,3,4
533227283,0,,,492,245,247,37,17,20,455,228,227,237,131,106,442,218,224,439,216,223,218,97,121,112,45,67,31,10,21,2,0,2,0,0,0,205,205,53,71,48,19,8,5,1,152,128,24,5,153,0,37,41
533227284,0,,,327,156,171,41,26,15,285,130,155,178,89,89,273,126,147,263,120,143,107,41,66,60,18,42,24,5,19,5,2,3,0,0,0,121,121,26,41,23,14,11,3,3,95,74,21,7,78,1,21,17
533227291,0,,,44,20,24,7,4,3,37,16,21,22,11,11,35,15,20,35,15,20,15,5,10,7,2,5,2,0,2,0,0,0,0,0,0,15,15,4,4,3,0,2,1,1,11,5,6,2,12,0,4,2
533227292,0,,,104,53,51,20,13,7,84,40,44,48,23,25,81,37,44,80,37,43,36,17,19,12,5,7,3,0,3,0,0,0,0,0,0,34,34,3,12,8,4,6,0,1,31,26,5,6,24,0,3,7
533227293,0,,,40,20,20,4,2,2,36,18,18,17,10,7,35,17,18,34,17,17,19,8,11,10,4,6,6,2,4,2,1,1,0,0,0,14,14,0,6,5,2,1,0,0,14,10,4,1,11,0,0,4
533227294,0,,,59,28,31,5,3,2,54,25,29,27,12,15,53,24,29,52,24,28,27,13,14,13,7,6,2,2,0,0,0,0,0,0,0,23,23,5,7,7,3,0,0,1,18,15,3,0,19,0,5,4
533227372,1,,533227374,33,17,16,8,5,3,36,17,19,17,9,8,36,17,19,36,17,19,19,8,11,10,4,6,5,2,3,0,0,0,0,0,0,10,10,2,2,3,3,1,2,0,11,5,6,1,10,0,2,2
533227374,2,533227372,,11,5,6,*,*,*,*,*,*,*,*,*,*,*,*,*,*,*,*,*,*,*,*,*,*,*,*,*,*,*,*,*,*,3,3,*,*,*,*,*,*,*,*,*,*,*,*,*,*,*
533227381,1,,533227383,723,346,377,55,26,29,668,319,349,348,174,174,652,314,338,641,308,333,320,145,175,174,72,102,52,21,31,2,0,2,12,1,11,308,308,96,104,51,31,20,6,1,211,166,45,11,218,14,59,51
533227382,0,,,43,22,21,5,4,1,38,18,20,23,10,13,37,18,19,37,18,19,15,8,7,10,5,5,1,1,0,0,0,0,0,0,0,15,15,1,6,6,0,0,2,0,14,13,1,1,9,0,0,4
533227383,2,533227381,,1,0,1,*,*,*,*,*,*,*,*,*,*,*,*,*,*,*,*,*,*,*,*,*,*,*,*,*,*,*,*,*,*,1,1,*,*,*,*,*,*,*,*,*,*,*,*,*,*,*
533227391,0,,,34,19,15,4,4,0,30,15,15,17,11,6,27,13,14,25,11,14,13,4,9,6,1,5,4,0,4,0,0,0,0,0,0,11,11,3,2,1,2,2,1,0,7,5,2,0,7,0,2,1
533227392,0,,,50,23,27,0,0,0,50,23,27,22,10,12,50,23,27,50,23,27,28,13,15,12,6,6,4,2,2,0,0,0,0,0,0,22,22,5,9,5,3,0,0,0,17,16,1,0,18,0,3,6
533227472,0,,,79,37,42,4,4,0,75,33,42,43,18,25,73,33,40,71,32,39,32,15,17,12,4,8,2,0,2,0,0,0,0,0,0,25,25,3,6,6,6,2,2,0,22,12,10,0,23,0,3,4
533227474,1,,533227572,340,169,171,20,6,14,320,163,157,164,88,76,318,163,155,314,160,154,156,75,81,78,34,44,34,16,18,1,1,0,1,0,1,135,135,36,47,22,19,9,3,1,100,68,32,4,111,0,29,28
533227572,2,533227474,,2,1,1,*,*,*,*,*,*,*,*,*,*,*,*,*,*,*,*,*,*,*,*,*,*,*,*,*,*,*,*,*,*,2,2,*,*,*,*,*,*,*,*,*,*,*,*,*,*,*
533227582,0,,,197,101,96,4,2,2,193,99,94,94,56,38,190,96,94,189,95,94,99,43,56,59,21,38,16,5,11,0,0,0,0,0,0,81,81,19,32,18,6,3,0,3,62,51,11,1,63,0,13,14
